headline,mainEntityOfPage,image,datePublished,dateModified,author,media_en,media_jp,str_count,body,images,external_links
台湾駐日代表が長崎の平和祈念式典欠席　座席配置が「外交団エリア外」として長崎市に抗議　「尊厳を無視している」（TBS NEWS DIG Powered by JNN）,https://news.yahoo.co.jp/articles/2503d321fb99849cd7cffdd5e7ed6a64c9788a3d,https://newsatcl-pctr.c.yimg.jp/t/amd-img/20260809-07320201-jnn-000-2-view.jpg?exp=10800,2026-08-09T23:00:26+09:00,2026-08-09T23:18:03+09:00,TBS NEWS DIG Powered by JNN,jnn,TBS NEWS DIG Powered by JNN,327,"TBS NEWS DIG Powered by JNN
台湾の駐日大使に相当する台北駐日経済文化代表処の代表は、長崎で行われた平和祈念式典で座席が「外交団エリア外」に配置されたことに抗議し、式典を欠席しました。

台北駐日経済文化代表処は9日、声明を発表し、李逸洋代表が長崎市で行われた平和祈念式典を欠席したと明らかにしました。

欠席の理由については、台湾代表の座席が各国の大使などが座るエリアとは別の場所に設けられ、「長崎市は台湾の地位を否定し、台湾の主権と尊厳を完全に無視した」としています。

その上で声明では、「『台湾は中国の一部である』という中国側の主張に迎合している」と非難。長崎市に対して「厳正に抗議した」と強調しています。
TBSテレビ",[],[]
海賊対処のため自衛隊のP1哨戒機を初めてジブチに派遣　小泉防衛大臣が隊員激励（TBS NEWS DIG Powered by JNN）,https://news.yahoo.co.jp/articles/dcffa2c19594f55c6f938730d479cdb1cdfd4ee5,https://newsatcl-pctr.c.yimg.jp/t/amd-img/20260809-07320189-jnn-000-1-view.jpg?exp=10800,2026-08-09T21:38:30+09:00,2026-08-09T21:38:30+09:00,TBS NEWS DIG Powered by JNN,jnn,TBS NEWS DIG Powered by JNN,398,"TBS NEWS DIG Powered by JNN
海賊の対処活動にあたるため、海上自衛隊のP1哨戒機が9日、アフリカ東部のジブチに向け神奈川県の厚木基地を出発しました。

小泉進次郎 防衛大臣
「皆さんが守る航路の先には国民の暮らしがあります。その先には我が国の平和があります。そして、その先には次の世代へ引き継ぐ我が国の未来があります」

小泉防衛大臣は海上自衛隊員の派遣にあたりこのように述べ、「それぞれが持てる力を存分に発揮して任務にあたってもらいたい」と激励しました。

自衛隊はアフリカ東部のジブチを拠点として、日本にとって重要な航路であるソマリア沖で海賊の対処にあたっていますが、P1哨戒機が派遣されるのは今回が初めてです。

P1哨戒機はこれまで派遣されてきたP3C哨戒機と比べて飛行性能などが向上していて、より広範囲で情報収集や警戒監視を行えるということです。
TBSテレビ",[],[]
【レベル3大雨警報】神奈川県・相模原市東部、大和市に発表 21:21時点（TBS NEWS DIG Powered by JNN）,https://news.yahoo.co.jp/articles/49068fcf28c4e73571d1a5d55593f372ac25eb6f,https://newsatcl-pctr.c.yimg.jp/t/amd-img/20260809-22862951-jnn-000-1-view.jpg?exp=10800,2026-08-09T21:23:13+09:00,2026-08-09T21:23:13+09:00,TBS NEWS DIG Powered by JNN,jnn,TBS NEWS DIG Powered by JNN,275,"TBS NEWS DIG Powered by JNN
気象台は、9日午後9時21分に、レベル3大雨警報を相模原市東部、大和市に発表しました。
【現在地の防災情報を確認】
神奈川県では、低い土地の浸水や河川の増水に警戒してください。

【大雨警報（発表中）】
■川崎市
●レベル2大雨注意報【発表】

■相模原市東部
●レベル3大雨警報【発表】

■平塚市
●レベル2大雨注意報

■大和市
●レベル3大雨警報【発表】

■海老名市
●レベル2大雨注意報【発表】

■座間市
●レベル3大雨警報
TBS NEWS DIG Powered by JNN",[],[]
【レベル3大雨警報】神奈川県・座間市に発表 21:11時点（TBS NEWS DIG Powered by JNN）,https://news.yahoo.co.jp/articles/a11448af52b0edf6fe95523e3d3440e6ea714941,https://newsatcl-pctr.c.yimg.jp/t/amd-img/20260809-22862947-jnn-000-1-view.jpg?exp=10800,2026-08-09T21:13:13+09:00,2026-08-09T21:13:13+09:00,TBS NEWS DIG Powered by JNN,jnn,TBS NEWS DIG Powered by JNN,208,"TBS NEWS DIG Powered by JNN
気象台は、9日午後9時11分に、レベル3大雨警報を座間市に発表しました。

東部では、低い土地の浸水や河川の増水に警戒してください。
【現在地の防災情報を確認】
【大雨警報（発表中）】
■相模原市東部
●レベル2大雨注意報

■平塚市
●レベル2大雨注意報【発表】

■座間市
●レベル3大雨警報【発表】
TBS NEWS DIG Powered by JNN",[],[]
【レベル3大雨警報】東京都・多摩市に発表 21:09時点（TBS NEWS DIG Powered by JNN）,https://news.yahoo.co.jp/articles/862109bd6a431fbe346fdb28a7a16f5d8624aef8,https://newsatcl-pctr.c.yimg.jp/t/amd-img/20260809-22862945-jnn-000-1-view.jpg?exp=10800,2026-08-09T21:10:32+09:00,2026-08-09T21:10:32+09:00,TBS NEWS DIG Powered by JNN,jnn,TBS NEWS DIG Powered by JNN,447,"TBS NEWS DIG Powered by JNN
気象台は、9日午後9時09分に、レベル3大雨警報を多摩市に発表しました。

東京地方では、低い土地の浸水や河川の増水に警戒してください。
【現在地の防災情報を確認】
【大雨警報（発表中）】
■八王子市
●レベル2大雨注意報

■立川市
●レベル3大雨警報

■青梅市
●レベル2大雨注意報

■府中市
●レベル2大雨注意報

■町田市
●レベル2大雨注意報

■小金井市
●レベル3大雨警報

■小平市
●レベル3大雨警報

■日野市
●レベル2大雨注意報

■東村山市
●レベル3大雨警報

■国分寺市
●レベル3大雨警報

■国立市
●レベル2大雨注意報

■東大和市
●レベル3大雨警報

■東久留米市
●レベル2大雨注意報

■武蔵村山市
●レベル2大雨注意報

■多摩市
●レベル3大雨警報【発表】

■稲城市
●レベル2大雨注意報【発表】

■瑞穂町
●レベル3大雨警報
TBS NEWS DIG Powered by JNN",[],[]
【甲子園】霞ケ浦が2年ぶり初戦突破！ 中京に快勝 主将・村上が決勝打 相田は同点打含む3安打 背番号10小林7回途中3失点（TBS NEWS DIG Powered by JNN）,https://news.yahoo.co.jp/articles/37729d701ff1381c45e46b4a742a88e0857fa404,https://newsatcl-pctr.c.yimg.jp/t/amd-img/20260809-00010033-jnn-000-1-view.jpg?exp=10800,2026-08-09T21:04:56+09:00,2026-08-09T21:04:56+09:00,TBS NEWS DIG Powered by JNN,jnn,TBS NEWS DIG Powered by JNN,1048,"決勝の2点適時打を放った霞ケ浦・村上聖選手
■第108回全国高校野球選手権　第5日・第4試合　1回戦　霞ケ浦 6ー3 中京　（9日　甲子園）
【一覧】夏の甲子園組み合わせ　連覇狙う沖縄尚学は4季連続出場の横浜と1回戦で激突
霞ケ浦（茨城）は中京（岐阜）を破り、前回出場した24年以来、2年ぶりの白星を挙げた。次戦は大会10日目（14日）第2試合で鳴門渦潮（徳島）と対戦する。敗れた中京は、7年ぶりの勝利とはならなかった。1点ビハインドの3回、相田歩希（2年）が適時打を放ち同点に追いつくと、5回に村上聖（3年）が2点適時打を放ち勝ち越し。その後は最大5点あったリードを3点に縮められるが、6ー3で逃げ切り勝利した。

霞ケ浦は2年ぶり4回目の出場。地方大会はノーシードから勝ち上がり、茨城の頂点に立った。前回出場時には智弁和歌山（和歌山）とのタイブレークにもつれる接戦を制し、甲子園初白星を挙げた。対する中京は7年ぶり8回目の出場。18年に4強入りを果たしている。

先発は背番号10左腕・小林将大（3年）。地方大会では計4試合に先発し、17回1/3を投げ失点はわずか2と安定している。初回、先頭打者に振り逃げで出塁を許すと、その後2死一二塁から味方の失策があり、被安打0で先制を許す。

攻撃陣は、中京先発・鈴木悠悟（3年）に対し初回、2回と三者凡退に抑えられるが、3回に先頭の菊地勇一（3年）が四球を選び、さらに二盗も決め、犠打で1死三塁のチャンスを作ると、9番・相田が中前適時打を放ち、1ー1の同点に追いつく。

5回、敵失と相田の安打などで2死一三塁とすると、主将の村上が左翼線へ2点適時二塁打を放ち、3ー1と勝ち越しに成功する。

6回、2つの四球で走者を置くと、2死一二塁から8番・野口空真（3年）が右前適時打、さらに続く相田も右前適時打を放ち、5ー1と突き放す。7回にも村上の安打、相手の暴投と犠打で走者を三塁に置き、1死一三塁から代打・小磯陽希（1年）の内野ゴロ間に走者が生還し6ー1。

7回、小林が中京打線に捕まる。1番・角谷将（3年）に右安、次打者に四球を与えると、3番・鈴木に左前適時打を浴び、6ー2となったところで降板。後を継いだ背番号1右腕・稲山幸汰（3年）も4番・竹内湊人（3年）に左前適時打を許し、6ー3。

小林は6回1/3を108球、5被安打、7奪三振、4四球、3失点（自責2）という投球内容。

稲山は8回、9回と安打で走者を背負うも、無失点に抑え試合終了。",[],[]
北アルプス槍ヶ岳で男性遺体発見　19歳の不明大学生と確認（TBS NEWS DIG Powered by JNN）,https://news.yahoo.co.jp/articles/d5116be2265107bd29152959482d20277df0c537,https://newsatcl-pctr.c.yimg.jp/t/amd-img/20260809-07320187-jnn-000-3-thumb.jpg?exp=10800,2026-08-09T21:04:21+09:00,2026-08-09T21:06:55+09:00,TBS NEWS DIG Powered by JNN,jnn,TBS NEWS DIG Powered by JNN,316,"TBS NEWS DIG Powered by JNN
北アルプス槍ヶ岳付近でけさ、長野県警のヘリが行方不明になっていた男子大学生を発見しましたが、死亡が確認されました。

死亡が確認されたのは、長野県南箕輪村の谷口太良さん（19）です。

谷口さんは北アルプス槍ヶ岳の標高2200メートル北鎌尾根付近で、午前7時半ごろ、長野県警のヘリに発見され収容されました。

県警によりますと、谷口さんは尾根から数百メートル下の急斜面に倒れていて、滑落した可能性があるということです。

谷口さんは槍ヶ岳に今月6日に入山したとみられ行方がわからなくなっていて、県警がけさから捜索していました。

県警が詳しい経緯を調べています。
TBSテレビ",[],[]
【阪神】粘り勝ち 今季15度目の零封勝ち 2連敗で止め巨人と同率首位を堅守！近本の1号ソロを守り切る 10安打許すも伊藤将・木下・工藤・岩崎リレーで無失点（TBS NEWS DIG Powered by JNN）,https://news.yahoo.co.jp/articles/bdb8382108569d76e38e95d5957f98e04eb85d96,https://newsatcl-pctr.c.yimg.jp/t/amd-img/20260809-00010032-jnn-000-3-view.jpg?exp=10800,2026-08-09T21:02:18+09:00,2026-08-09T21:12:38+09:00,TBS NEWS DIG Powered by JNN,jnn,TBS NEWS DIG Powered by JNN,1184,"阪神・近本光司選手
■プロ野球　阪神1ー0中日　（9日　京セラÐ大阪）

阪神は中日にリーグ最多15度目の完封勝ち。2連敗で止め55勝44敗1分の貯金11で巨人と同率首位を堅守した。先発・伊藤将は5回まで再三、得点圏に走者を置く本塁を踏ませず5回6安打・無失点で降板。6回に木下も1死一・二塁のピンチを凌ぐ。中日の先発・柳に5回まで1安打に抑えられるが6回に近本が1号ソロを右翼席に運び先制。7，8回を工藤がつなぎ9回は岩崎が無失点で締めた。打線は2安打も投手陣は10安打も浴びるも無失点で逃げ切った。

先発・伊藤将は今季6度目の登板、1勝1敗、防御率3.65。前回の1日・ヤクルト戦（神宮）は5回4安打3失点で今季初勝利。中日戦は今季初登板、昨年は1試合・9月3日（バンテリンドーム）に登板し6回10安打5失点で負け投手だった。

伊藤将は1回1死から村松と細川に連打され一・二塁もサノ―を空振り三振、石川昂を中飛に取り無失点の立ち上がり。

中野とガルシアはベンチ、1番センター・近本、2番ショート・元山、3番ライト・森下、4番サード・佐藤輝、5番ファースト・大山、6番レフト・前川、7番セカンド・高寺、8番キャッチャー・坂本、9番ピッチャー・伊藤将でスタメンを組んだ。

中日の先発・柳に1回2死から森下が左中間へツーベースも佐藤輝は中飛で先制できず。だが伊藤将は2回、石伊、鵜飼、岡林を3人で退ける。

伊藤将は3回1死から福永と村松に連打され一・二塁に。ここで福永の三盗を坂本が封殺、2死二塁となり細川を二ゴロに打ち取った。だが3回の攻撃も坂本、伊藤将、近本と出塁できない。

伊藤将は4回1死から石川昂に四球、石伊に左安打で一・二塁も自らの牽制で二走・石川昂を刺し、鵜飼を空振り三振に取りピンチを脱する。4回の攻撃は先頭・元山が四球も森下、佐藤輝、大山のクリーンナップが不発。

伊藤将は5回、岡林に一内安打、柳の犠打、福永に四球で1死一・二塁も村松を左飛、細川を二飛に打ち取った。伊藤将は5回を107球、6安打、2四球、3奪三振の無失点で降板。

5回の攻撃も柳に前川、高寺、坂本と凡打に打ち取られる。6回、2番手・木下は1死から石川昂と石伊に連打され一・二塁も代打・ボスラーを見逃し三振、岡林を二ゴロに取り本塁を踏ませない。

6回の攻撃で柳に1死から近本が135キロのカットボールを捉えライトスタンドへ1号ソロを放り込み、1点を先制。

7回、3番手・工藤は代打・高橋周を空振り三振、福永を三ゴロ、村松を左飛に取る。工藤は8回も続投し細川と石伊に安打を許し2死一・二塁とするも途中出場・ボスラーを中飛に打ち取った。

9回は岩崎が岡林を空振り三振、代打・阿部を中飛、福永を二ゴロに取り無失点で締めた。木下が3勝目（1敗）、岩崎が11S（2勝3敗）。",[],[]
【レベル3大雨警報】東京都・小金井市、東村山市に発表 20:59時点（TBS NEWS DIG Powered by JNN）,https://news.yahoo.co.jp/articles/64496ca0745300003404513ce61ec5a08e3b263a,https://newsatcl-pctr.c.yimg.jp/t/amd-img/20260809-22862942-jnn-000-1-view.jpg?exp=10800,2026-08-09T21:02:14+09:00,2026-08-09T21:02:14+09:00,TBS NEWS DIG Powered by JNN,jnn,TBS NEWS DIG Powered by JNN,441,"TBS NEWS DIG Powered by JNN
気象台は、9日午後8時59分に、レベル3大雨警報を小金井市、東村山市に発表しました。
【現在地の防災情報を確認】
東京地方では、低い土地の浸水や河川の増水に警戒してください。

【大雨警報（発表中）】
■八王子市
●レベル2大雨注意報

■立川市
●レベル3大雨警報

■青梅市
●レベル2大雨注意報

■府中市
●レベル2大雨注意報

■町田市
●レベル2大雨注意報

■小金井市
●レベル3大雨警報【発表】

■小平市
●レベル3大雨警報

■日野市
●レベル2大雨注意報

■東村山市
●レベル3大雨警報【発表】

■国分寺市
●レベル3大雨警報

■国立市
●レベル2大雨注意報

■東大和市
●レベル3大雨警報

■東久留米市
●レベル2大雨注意報【発表】

■武蔵村山市
●レベル2大雨注意報

■多摩市
●レベル2大雨注意報

■瑞穂町
●レベル3大雨警報
TBS NEWS DIG Powered by JNN",[],[]
【中日】大拙攻 10安打も10残塁で10度目の零敗...6連勝ならず3位と4差 柳6回1失点も4敗目 近本に被弾 福永盗塁死＆石川昂牽制死（TBS NEWS DIG Powered by JNN）,https://news.yahoo.co.jp/articles/61fe4f56136bf1cec9911e4be6f10baae780d528,https://newsatcl-pctr.c.yimg.jp/t/amd-img/20260809-00010031-jnn-000-2-view.jpg?exp=10800,2026-08-09T21:02:07+09:00,2026-08-09T21:07:06+09:00,TBS NEWS DIG Powered by JNN,jnn,TBS NEWS DIG Powered by JNN,1415,"中日・井上一樹監督
■プロ野球　阪神 1－0 中日（9日・京セラD大阪）

中日は阪神に今季10度目の完封負けを喫し、連勝は6で止まった。通算44勝58敗1分で借金は14に減った。3位DeNAとのゲーム差は4に広がった。先発の柳は6回1失点のピッチングも4敗目を喫した。6回裏に1死から近本にライトへの1号ソロホームランを放ち、1点を先制された。打線は8安打を放つも、得点をあげられなかった。3回には1死一・二塁のチャンスをつくるも二塁ランナーの福永が三盗失敗、4回表には再び1死一・二塁のチャンスをつくるも、二塁ランナーが牽制アウトに倒れ、得点はならなかった。

スターティングメンバーには1番セカンド・福永、2番ショート・村松、3番レフト・細川、4番ファースト・サノー、5番サード・石川昂、6番キャッチャー・石伊、7番ライト・鵜飼、8番センター・岡林、9番ピッチャー・柳が入った。キャッチャーには加藤に代わり石伊、ライトにはボスラーに代わり鵜飼が入った。

先発は柳。ここまで18試合に登板、4勝3敗、防御率2.57。前回8月2日の広島戦（マツダスタジアム）では6回、97球、6被安打、2奪三振、無四死球、2失点のピッチングも勝ち負けはつかなかった。阪神戦では7月16日の試合（バンテリンドーム）では7回、102球、2被安打、4奪三振、2四死球、2失点のピッチングも負け投手となった。

1回表、阪神先発の伊藤将から1死から村松が中安打を放つ。細川は中安打で1死一・二塁のチャンスをつくる。しかし、サノーは空振り三振、石川昂は中飛に倒れる。

1回裏、2死から3番・森下にセンターへのツーベースヒットを浴びるも、4番・佐藤は中飛に打ち取り、無失点に抑える。

3回表、1死から福永が三安打で出塁する。村松は中安打で1死一・二塁のチャンスをつくる。しかし、福永は三盗失敗、細川は二ゴロに倒れ、得点はならない。

4回表、1死から石川昂は四球で出塁する。石伊は左安打で1死一・二塁となる。しかし、石川昂は牽制でアウトに倒れ、鵜飼は空振り三振で得点はならない。

4回裏、先頭の2番・元山に四球を与える。しかし、森下は空振り三振、佐藤は中飛、大山は中飛に打ち取り、無失点に抑える。

5回表、先頭の岡林は一安打で出塁する。柳は一犠打で1死二塁のチャンスをつくる。福永は四球で1死一・二塁となる。しかし、村松は左飛、細川は二飛に倒れ、得点はならない。

6回表、1死から石川昂が二安打で出塁する。石伊は左安打で1死一・二塁のチャンスをつくる。しかし、代打・ボスラーは見逃し三振、岡林は二ゴロに倒れ、得点はならなかった。

6回裏、1死から近本にライトへの1号ソロホームランを浴び、1点を先制される。柳はこの回で降板する。6回、91球、2被安打、4奪三振、1四死球、1失点のピッチングだった。

3番手は齋藤。佐藤は一ゴロに打ち取る。齋藤はここで降板する。

4番手はアブレウ。大山は三ゴロ、熊谷は遊ゴロに打ち取る。

8回表、先頭の細川が中安打を放つ。サノーは空振り三振、石川昂は空振り三振に倒れるも、石伊は左安打で2死一・二塁のチャンスをつくる。しかし、ボスラーは中飛に倒れ、チャンスを生かせない。

5番手は藤嶋。1死から坂本に四球を与えるも、中野は中飛、近本は左飛に打ち取る。

9回表、岩崎から得点をあげられず、ゲームセット。",[],[]
【レベル3大雨警報】東京都・国分寺市、東大和市に発表 20:50時点（TBS NEWS DIG Powered by JNN）,https://news.yahoo.co.jp/articles/d77962055e36d58ed1f3a34791020968c4e751b3,https://newsatcl-pctr.c.yimg.jp/t/amd-img/20260809-22862936-jnn-000-1-view.jpg?exp=10800,2026-08-09T20:52:14+09:00,2026-08-09T20:52:14+09:00,TBS NEWS DIG Powered by JNN,jnn,TBS NEWS DIG Powered by JNN,432,"TBS NEWS DIG Powered by JNN
気象台は、9日午後8時50分に、レベル3大雨警報を国分寺市、東大和市に発表しました。
【現在地の防災情報を確認】
東京地方では、低い土地の浸水や河川の増水に警戒してください。

【大雨警報（発表中）】
■八王子市
●レベル2大雨注意報

■立川市
●レベル3大雨警報

■青梅市
●レベル2大雨注意報

■府中市
●レベル2大雨注意報

■町田市
●レベル2大雨注意報

■小金井市
●レベル2大雨注意報【発表】

■小平市
●レベル3大雨警報

■日野市
●レベル2大雨注意報

■東村山市
●レベル2大雨注意報

■国分寺市
●レベル3大雨警報【発表】

■国立市
●レベル2大雨注意報【発表】

■東大和市
●レベル3大雨警報【発表】

■武蔵村山市
●レベル2大雨注意報

■多摩市
●レベル2大雨注意報【発表】

■瑞穂町
●レベル3大雨警報
TBS NEWS DIG Powered by JNN",[],[]
【レベル3大雨警報】東京都・小平市に発表 20:42時点（TBS NEWS DIG Powered by JNN）,https://news.yahoo.co.jp/articles/8ba999842e2731ede5af20644cdfc4f0cb7cee32,https://newsatcl-pctr.c.yimg.jp/t/amd-img/20260809-22862932-jnn-000-1-view.jpg?exp=10800,2026-08-09T20:44:13+09:00,2026-08-09T20:44:13+09:00,TBS NEWS DIG Powered by JNN,jnn,TBS NEWS DIG Powered by JNN,376,"TBS NEWS DIG Powered by JNN
気象台は、9日午後8時42分に、レベル3大雨警報を小平市に発表しました。

東京地方では、低い土地の浸水や河川の増水に警戒してください。
【現在地の防災情報を確認】
【大雨警報（発表中）】
■八王子市
●レベル2大雨注意報

■立川市
●レベル3大雨警報

■青梅市
●レベル2大雨注意報

■府中市
●レベル2大雨注意報【発表】

■町田市
●レベル2大雨注意報【発表】

■小平市
●レベル3大雨警報【発表】

■日野市
●レベル2大雨注意報【発表】

■東村山市
●レベル2大雨注意報

■国分寺市
●レベル2大雨注意報【発表】

■東大和市
●レベル2大雨注意報

■武蔵村山市
●レベル2大雨注意報

■瑞穂町
●レベル3大雨警報
TBS NEWS DIG Powered by JNN",[],[]
【DeNA】広島に3タテ 今季10度目の完封勝ち！4位ヤクルトと2差 片山最長6回零封で2勝目 筒香3戦連発11号先制V弾 レイノルズ8S（TBS NEWS DIG Powered by JNN）,https://news.yahoo.co.jp/articles/646a570ff1a61bb40a1c0354d2427486e7e02f1c,https://newsatcl-pctr.c.yimg.jp/t/amd-img/20260809-00010030-jnn-000-1-view.jpg?exp=10800,2026-08-09T20:40:47+09:00,2026-08-09T20:40:47+09:00,TBS NEWS DIG Powered by JNN,jnn,TBS NEWS DIG Powered by JNN,1587,"先制の11号ソロホームランを放ったDeNA・筒香嘉智内野手
■プロ野球　DeNA 3－0 広島（9日・横浜）

DeNAは広島に同一カード3連勝とした。同一カード3連勝は今季4度目となる。今季10度目の完封勝ちをおさめた。通算46勝52敗3分で借金を6に減らした。4位ヤクルトとのゲーム差を2に広げた。先発の片山はプロ入り後最長となる6回を投げ、無失点のピッチングで2勝目をあげた。4回裏に筒香が3試合連続となる11号ソロホームランを放ち、先制をする。以降は1点のリードを守り切った。レイノルズは8セーブ目をあげた。

スターティングメンバーには1番レフト・度会、2番セカンド・牧、3番ファースト・筒香、4番ライト・エンカーナシオン、5番サード・宮﨑、6番センター・三森、7番キャッチャー・松尾、8番ショート・宮下、9番ピッチャー・片山が入った。ファーストには佐野に代わり筒香、サードには筒香に代わり宮﨑、センターには関根に代わり三森、キャッチャーには戸柱に代わり松尾、ショートには京田に代わり宮下が入った。

先発はドラフト4位ルーキーの片山。ここまで2試合に登板、1勝1敗、防御率9.39。前回7月19日のヤクルト戦（横浜）では5回、80球、3被安打、6奪三振、3四死球、1失点のピッチングでプロ初白星をあげた。広島戦ではプロ初登板となる。ファームでの直近の登板では8月2日の中日戦（横須賀）では6回、75球、1被安打、7奪三振、1四死球のピッチングで勝ち投手となった。

2回表、1死から5番・モンテロに四球を与える。6番・小園は四球で1死一・二塁のピンチを招く。7番・佐々木は中安打で1死満塁となる。しかし、8番・石原は見逃し三振、9番・鈴木は空振り三振に打ち取り、ピンチをしのぐ。

2回裏、広島先発の鈴木から1死から宮﨑は四球で出塁する。三森は二ゴロで2死二塁のチャンスをつくるも、松尾は左飛に倒れ、チャンスを生かせない。

3回裏、先頭の宮下はショート小園のエラーで出塁する。片山は捕犠打で1死二塁のチャンスをつくる。しかし、度会は投直に倒れると、二塁ランナーの宮下は戻り切れず、アウトとなり得点はあげられない。

4回表、2死から小園に中安打を許す。小園に二盗を決められ、2死二塁となるも、佐々木は空振り三振に打ち取り、無失点に抑える。

4回裏、1死から筒香がライトへの11号ソロホームランを放ち、1点を先制する。筒香は3戦連続ホームランとなる。

6回表、1死から3番・ファビアンにレフトへのツーベースヒットを浴びる。しかし、4番・坂倉は一ゴロ、ファビアンは二ゴロに打ち取り、無失点に抑える。片山はこの回で降板する。6回、91球、3被安打、5奪三振、2四死球、無失点のピッチングだった。

6回裏、1死から度会が右安打を放つ。牧は左飛に倒れるも、筒香は四球で2死一・二塁のチャンスをつくる。しかし、エンカーナシオンは空振り三振に倒れ、追加点はならない。

2番手は浜地。小園は一ゴロ、佐々木は二直、代打・佐藤啓は二ゴロに打ち取る。

7回裏、1死から三森はセンターへのツーベースヒットを放つ。しかし、松尾は遊ゴロ、宮下は左飛に倒れ、得点はならない。

3番手は伊勢。1死から秋山に左安打を許す。菊池は遊安打で1死一・二塁のピンチを招く。しかし、辰見の三盗は阻止、ファビアンは中飛に打ち取り、ピンチをしのぐ。

8回裏、辻から1死から度会が四球で出塁する。牧はレフトフェンス直撃のツーベースヒットで1死二・三塁とする。筒香は二ゴロに倒れ、度会は三本間でアウトに倒れる。辻から代わった菊地からエンカーナシオンはセンターへのタイムリーヒットを放ち、2点を追加し、3－0とする。

9回表、レイノルズが無失点に抑え、ゲームセット。レイノルズは8セーブ目をあげた。",[],[]
【広島】泥沼5連敗 今季11度目の零敗 ワースト借金18...先発・鈴木は6回 筒香に痛恨被弾1失点のみも 打線は再三の好機1本出ず 辰見は三盗死（TBS NEWS DIG Powered by JNN）,https://news.yahoo.co.jp/articles/6075243bb00db04b8b483ebeebb4f9d1ae212ec7,https://newsatcl-pctr.c.yimg.jp/t/amd-img/20260809-00010029-jnn-000-2-view.jpg?exp=10800,2026-08-09T20:40:46+09:00,2026-08-09T20:42:19+09:00,TBS NEWS DIG Powered by JNN,jnn,TBS NEWS DIG Powered by JNN,1318,"広島・新井貴浩監督
■プロ野球　DeNA3ー0広島　（9日　横浜スタジアム）

広島はDeNAに今季11度目の完封負け。今季2度目の5連敗で38勝56敗4分の今季ワースト借金18となった。緊急の先発・鈴木は6回2安打1失点、筒香に11号ソロを浴びるのみ。打線は2回1死満塁、4回と6回も得点圏に走者を置くも1本が出ず。8回には代走・辰見が三盗に失敗した。8回には菊地がエンカーナシオンに2点適時二塁打を浴びた。

名原は3試合連続ベンチ。1番センター・秋山、2番セカンド・菊池、3番レフト・ファビアン、4番サード・坂倉、5番ファースト・モンテロ、6番ショート・小園、7番ライト・佐々木、8番キャッチャー・石原、9番ピッチャー・鈴木で臨んだ。

DeNAの先発・片山はドラフト4位ルーキー左腕。1回、秋山は二ゴロ、菊池は遊ゴロ、ファビアンは捕邪飛に終わる。

先発・鈴木は床田が左肩の張りで登録抹消となり代役で今季2度目の先発。今季26度目の登板、0勝1敗、2ホールド、防御率2.29。DeNA戦は今季4試合に救援登板し5回3安打・無失点に抑えている。

鈴木は1回、度会を右飛、牧を遊飛、筒香を空振り三振に取る立ち上がり。

2回の攻撃で1死からモンテロと小園が連続四球、佐々木は中安打で1死満塁とするが石原と鈴木は連続空振り三振で先制できず。だが鈴木は2回1死から宮崎に四球も三森を二ゴロ、松尾を左飛に抑えた。

3回の攻撃は秋山、菊池、ファビアンと1番からの打線で三者凡退。鈴木は3回、先頭・宮下の遊ゴロを小園がファンブル、片山の犠打で1死二塁も度会と投直、二走・宮下の帰塁を許さず併殺に取った。

4回攻撃は2死から小園が中安打に二盗を決めるが佐々木は空振り三振に倒れた。すると鈴木は4回1死から筒香に初ヒットとなる3試合連続の11号ソロをライトスタンドへ突き刺され先制を許した。

だが5回の攻撃は石原、鈴木、秋山と三者凡退。だが鈴木も5回、三森、松尾、宮下を3人で退けた。

6回の攻撃は片山に1死からファビアンが左翼線へツーベースも坂倉は一ゴロ、モンテロは二ゴロと好機が出ず。鈴木は6回も続投し1死から度会に右安打も牧を右飛、筒香に四球、エンカーナシオンを空振り三振に斬った。

鈴木は6回を75球、2安打、2四球、3奪三振の1失点（自責1）で降板。

7回の攻撃はDeNA2番手・浜地に小園、佐々木、代打・佐藤啓とわずか8球で終わる。7回、2番手・遠藤は1死から三森に左中間へツーベースも松尾を遊ゴロ、宮下を左飛に取りさらなる失点は防いだ。

8回の攻撃はDeNA3番手・片山に代打・野間は遊直、秋山は左安打で代走・辰見、菊池が遊内安打で1死一・二塁に。ファビアンの打席で辰見は三盗失敗、ファビアンは中飛に倒れた。

8回、3番手・辻は1死から度会に四球、牧に左翼線へツーベースで二・三塁も筒香を二ゴロに取る。2死二・三塁となりここで菊地にスイッチ、菊地はエンカーナシオンに左中間へ2点タイムリーツーベースを運ばれ、0ー3となった。

9回の攻撃はDeNA守護神・レイノルズに坂倉、モンテロ、小園と三者連続三振で試合終了。",[],[]
【レベル3大雨警報】埼玉県・所沢市に発表 20:29時点（TBS NEWS DIG Powered by JNN）,https://news.yahoo.co.jp/articles/27202233219a55df96eaf2be7356a292d4850641,https://newsatcl-pctr.c.yimg.jp/t/amd-img/20260809-22862929-jnn-000-1-view.jpg?exp=10800,2026-08-09T20:32:13+09:00,2026-08-09T20:32:13+09:00,TBS NEWS DIG Powered by JNN,jnn,TBS NEWS DIG Powered by JNN,494,"TBS NEWS DIG Powered by JNN
気象台は、9日午後8時29分に、レベル3大雨警報を所沢市に発表しました。

南部では、低い土地の浸水や河川の増水に警戒してください。
【現在地の防災情報を確認】
【大雨警報（発表中）】
■川越市
●レベル3大雨警報

■熊谷市
●レベル2大雨注意報

■所沢市
●レベル3大雨警報【発表】

■飯能市
●レベル2大雨注意報

■本庄市
●レベル2大雨注意報

■東松山市
●レベル2大雨注意報

■狭山市
●レベル3大雨警報

■鴻巣市
●レベル2大雨注意報

■上尾市
●レベル2大雨注意報

■入間市
●レベル3大雨警報

■桶川市
●レベル2大雨注意報

■北本市
●レベル2大雨注意報

■坂戸市
●レベル3大雨警報

■鶴ヶ島市
●レベル2大雨注意報

■日高市
●レベル2大雨注意報

■ふじみ野市
●レベル2大雨注意報【発表】

■毛呂山町
●レベル2大雨注意報

■川島町
●レベル3大雨警報

■鳩山町
●レベル2大雨注意報

■寄居町
●レベル2大雨注意報
TBS NEWS DIG Powered by JNN",[],[]
張本智和が連覇達成！妹・美和と兄妹V「お互いを信じてやり抜いた結果」韓国のオ・ジュンソンに逆転勝利【WTTチャンピオンズ横浜】（TBS NEWS DIG Powered by JNN）,https://news.yahoo.co.jp/articles/3766acb52c154f4062f042a927fe1c898e3859ef,https://newsatcl-pctr.c.yimg.jp/t/amd-img/20260809-00010028-jnn-000-4-view.jpg?exp=10800,2026-08-09T20:31:04+09:00,2026-08-09T21:53:52+09:00,TBS NEWS DIG Powered by JNN,jnn,TBS NEWS DIG Powered by JNN,1321,"張本智和選手
■卓球 WTTチャンピオンズ横浜2026 第6日 （9日、横浜BUNTAI）

男子シングルス決勝で張本智和（23、世界ランク5位）は韓国のオ・ジュンソン（20、同31位）にゲームカウント4ー1（7ー11、11ー7、11ー4、11ー8、11ー7）で勝利し、大会連覇を飾った。また妹・美和（18）も女子シングルスで優勝。兄妹揃って大会制覇を成し遂げた。
【代表一覧】9月開催のアジア大会、卓球代表選手　張本兄妹や早田ひなら10人
『WTTチャンピオンズ横浜2026』は、卓球の世界トップ32選手が集うシングルスNo.1決定戦。今年9月のアジア競技大会（愛知・名古屋）に出場する各国代表選手も顔を揃える注目の大会となっている。

準決勝では松島輝空（19、同3位）との日本勢対決をゲームカウント4ー2（11ー4、11ー9、8ー11、15ー17、11ー5、11ー9）で制し、決勝進出を決めた張本。迎えた決勝第1ゲーム、張本は相手の攻撃にも落ち着いて対応しながらポイントを重ねていく。しかし自身のリズムをつくることができず、最後は相手に押し切られ、7ー11でこのゲームを落とした。

第2ゲームは、激しいラリー戦で先手を取ってリードを奪うと、徐々に流れを引き寄せた。強打のフォアハンドに加え、好守からの切り返しでもポイントを重ね、11ー7でこのゲームを奪い返した。

第3ゲームは、序盤から強打で攻めてリードを奪うと、フォアハンド、バックハンドの両面で相手を翻弄。積極的に攻撃を仕掛けて主導権を握り、強打で押し切って11ー4で2ゲーム連取しゲームカウント2ー1とした。

第4ゲームは、3ー3からフォアハンドの強打、厳しいコースを突いてポイントを重ねた。9ー8とリードを奪うと、さらに攻撃の手を緩めず、相手の反撃を寄せつけなかった。最後までリードを守り、11ー8でこのゲームを制した。ゲームカウントを3ー1とし、連覇まであと1ゲームに迫った。

勝負の第5ゲーム、序盤からポイントを重ねた張本。6ー6の同点に追いつかれるも得意のバックハンドで点差を再び広げ、ここでも強打のフォアハンドを決め切った。最後まで相手に反撃を許さず、11ー7でこのゲームを奪い、張本が大会連覇を達成した。

試合後、張本は「本当に嬉しいですね。やっと解放されたというか、やっと長いチャンピオンズ横浜を優勝で終えられてよかったなと思います」と話し、試合については「1ゲーム目、相手とのボールのスピードだったり、松島（輝空）選手との違いでてこずったところはありましたけど、すぐ修正してしっかり勝てたので、いい勝ち方だったと思います」と振り返った。

妹・美和との兄妹Vには「同じ大会、同じ瞬間っていうのは本当に1人でやるのはまだ簡単ですけど、こうやって揃うのは本当に難しいことで。お互いがお互いを信じてやり抜いた結果が今大会出たと思うので。僕たち卓球選手ですし、美味しいご飯を食べるよりもたくさん寝るよりも気持ちいい瞬間、最高の瞬間だと思うので、これを求めながらこれからも2人で頑張っていきたいなと思います」と兄妹でつかんだ喜びを胸に、今後のさらなる活躍を誓った。",[],[]
【レベル3大雨警報】埼玉県・狭山市、坂戸市に発表 20:09時点（TBS NEWS DIG Powered by JNN）,https://news.yahoo.co.jp/articles/b80ae75f94909f1c3b29a43268363e395b79480e,https://newsatcl-pctr.c.yimg.jp/t/amd-img/20260809-22862921-jnn-000-1-view.jpg?exp=10800,2026-08-09T20:11:14+09:00,2026-08-09T20:11:14+09:00,TBS NEWS DIG Powered by JNN,jnn,TBS NEWS DIG Powered by JNN,488,"TBS NEWS DIG Powered by JNN
気象台は、9日午後8時09分に、レベル3大雨警報を狭山市、坂戸市に発表しました。

南部では、低い土地の浸水や河川の増水に警戒してください。
【現在地の防災情報を確認】
【大雨警報（発表中）】
■川越市
●レベル3大雨警報

■熊谷市
●レベル2大雨注意報

■所沢市
●レベル2大雨注意報

■飯能市
●レベル2大雨注意報

■本庄市
●レベル2大雨注意報

■東松山市
●レベル2大雨注意報

■狭山市
●レベル3大雨警報【発表】

■鴻巣市
●レベル2大雨注意報

■上尾市
●レベル2大雨注意報【発表】

■入間市
●レベル3大雨警報

■桶川市
●レベル2大雨注意報【発表】

■北本市
●レベル2大雨注意報

■坂戸市
●レベル3大雨警報【発表】

■鶴ヶ島市
●レベル2大雨注意報

■日高市
●レベル2大雨注意報

■毛呂山町
●レベル2大雨注意報

■川島町
●レベル3大雨警報

■鳩山町
●レベル2大雨注意報

■寄居町
●レベル2大雨注意報
TBS NEWS DIG Powered by JNN",[],[]
【レベル3大雨警報】埼玉県・川島町に発表 19:59時点（TBS NEWS DIG Powered by JNN）,https://news.yahoo.co.jp/articles/519797141555b7d2416325199756e42b41e00c39,https://newsatcl-pctr.c.yimg.jp/t/amd-img/20260809-22862916-jnn-000-1-view.jpg?exp=10800,2026-08-09T20:02:24+09:00,2026-08-09T20:02:24+09:00,TBS NEWS DIG Powered by JNN,jnn,TBS NEWS DIG Powered by JNN,456,"TBS NEWS DIG Powered by JNN
気象台は、9日午後7時59分に、レベル3大雨警報を川島町に発表しました。

南部では、低い土地の浸水や河川の増水に警戒してください。
【現在地の防災情報を確認】
【大雨警報（発表中）】
■川越市
●レベル3大雨警報

■熊谷市
●レベル2大雨注意報

■所沢市
●レベル2大雨注意報

■飯能市
●レベル2大雨注意報

■本庄市
●レベル2大雨注意報

■東松山市
●レベル2大雨注意報

■狭山市
●レベル2大雨注意報【発表】

■鴻巣市
●レベル2大雨注意報【発表】

■入間市
●レベル3大雨警報

■北本市
●レベル2大雨注意報

■坂戸市
●レベル2大雨注意報

■鶴ヶ島市
●レベル2大雨注意報

■日高市
●レベル2大雨注意報

■毛呂山町
●レベル2大雨注意報【発表】

■川島町
●レベル3大雨警報【発表】

■鳩山町
●レベル2大雨注意報

■寄居町
●レベル2大雨注意報【発表】
TBS NEWS DIG Powered by JNN",[],[]
【ロッテ】またも八木が白星 パ2位無傷の9勝目 2回零封→直後に小川が決勝打 山口19号先制2ラン ルケーシー初登板は4回2失点 最後は益田締め（TBS NEWS DIG Powered by JNN）,https://news.yahoo.co.jp/articles/5a7ee33353e87cb1a3b3f11582b6b63f9789325c,https://newsatcl-pctr.c.yimg.jp/t/amd-img/20260809-00010027-jnn-000-1-view.jpg?exp=10800,2026-08-09T19:59:41+09:00,2026-08-09T19:59:41+09:00,TBS NEWS DIG Powered by JNN,jnn,TBS NEWS DIG Powered by JNN,1090,"来日初登板・初先発のロッテ・ルケーシー投手
■プロ野球　ロッテ 7ー2 オリックス　（9日　ZOZOマリン）

5位・ロッテは4位・オリックスに勝ち、オリックスと1ゲーム差に迫った。1回裏、山口がジェリーから19号2ランを放ち先制。来日初登板の先発・ルケーシーは4回表、打球をふくらはぎに受けるアクシデントもあり2失点、同点に追いつかれる。同点で迎えた6回裏、2死満塁で小川の適時打と失策で2点を勝ち越す。7回裏には2番手の吉田から山口の犠飛と佐藤の2点適時二塁打で3点を追加し、突き放した。勝ち投手は5回に登板し、2イニング無失点の八木。リーグ2位タイの9勝目（0敗）となった。ルケーシーは4回2安打2四球4奪三振2失点（自責2）で勝ち負けつかず。

スタメンは1番中堅・藤原、2番右翼・西川、3番一塁・安田、4番左翼・山口、5番捕手・佐藤、6番指名打者・ソト、7番二塁・小川、8番三塁・上田、9番遊撃・山﨑。

先発投手は1軍初登板のルケーシー。7/17に入団し、8/1はファーム初登板で4回1失点の投球を見せた。

ルケーシーは1回表、中川を空振り三振、山中を見逃し三振、西川を三邪飛で抜群の立ち上がりを見せる。

1回裏、オリックス先発のジェリーに対し、先頭の藤原が二塁打で出塁。その後2死三塁となり、山口の左翼への19号2ランで先制する。

ルケーシーは3回まで無失点の好投。しかし、4回表、四球と安打で1死一、三塁とされ、投ゴロの間に1点を返される。ルケーシーはこのプレーでふくらはぎに打球を受け、負傷。再びマウンドに上がったが、2死二塁で紅林に適時二塁打を浴び、同点に追いつかれる。

5回表、ルケーシーに代わって八木が登板。宗を捕邪飛、冝保を遊ゴロ、若月を中飛で3者凡退に抑える。

5回裏、1死から上田が二塁打を放つが、山﨑は投ゴロ、藤原は遊飛に倒れる。

八木は6回表も続投。2奪三振を含む3者凡退に抑える。

すると6回裏、ジェリーに対し、西川の内野安打、安田の二塁打で無死二、三塁とする。山口は空振り三振、佐藤は二ゴロに倒れるが、ソトの死球で2死満塁となり、小川の内野安打と敵失で2点を勝ち越す。

7回表、3番手の中森が登板。1死二塁で明石商業高の同期・来田を空振り三振に仕留めるなど、無失点に抑える。

7回裏、2番手の吉田に対し、山﨑、藤原、西川の3連打で満塁とする。安田は空振り三振に倒れるが、山口の中犠飛、佐藤の2点適時二塁打で3点を追加する。

8回表は小野が3者凡退。

9回表は史上5人目の250セーブを達成した益田が無失点で試合を締めた。",[],[]
【オリックス】惨敗で借金生活転落...2連敗 5位・ロッテと1G差 ジェリーは山口に2ラン被弾&太田の痛恨悪送球で6回4失点の7敗目（TBS NEWS DIG Powered by JNN）,https://news.yahoo.co.jp/articles/c9cd8efeec7adea2d93d115896202bb6123a7c65,https://newsatcl-pctr.c.yimg.jp/t/amd-img/20260809-00010026-jnn-000-1-view.jpg?exp=10800,2026-08-09T19:59:40+09:00,2026-08-09T19:59:40+09:00,TBS NEWS DIG Powered by JNN,jnn,TBS NEWS DIG Powered by JNN,1691,"オリックス・岸田護監督
■プロ野球　ロッテ 7ー2 オリックス　（9日・ZOZOマリン）

オリックスはロッテに惨敗し2連敗となり、借金生活に転落した。3位・日本ハムとのゲーム差は7に広がり、5位・ロッテとのゲーム差は1に縮まった。先発・ジェリーは6回を投げ、85球、被安打6、7奪三振、4失点で今季7敗目となった。

試合は1回、ジェリーが先頭の藤原に右二塁打を許すと、2死から山口に3球目のツーシームを捉えられ、2ラン本塁打を浴び、0ー2と先制される。それでも4回、山中が四球を選び、西川が左安打を放つと、太田の投ゴロの間に1ー2と1点を返す。なおも、紅林が左二塁打を放ち、2ー2と同点に追いつく。だが6回、ジェリーが西川、安田に連打を浴びると、小川の一安打にファースト・太田の悪送球が絡み、2ー4と勝ち越しを許す。なおも7回、2番手・吉田が山﨑、藤原、西川に3連打を浴びると、山口に中犠飛、佐藤に左二塁打を許し、2ー7と3点を追加される。

先発はジェリー。今季はここまで16試合に登板し、3勝6敗、防御率2.60。前回登板の1日・西武戦では、6回を投げ、111球、被安打3、3奪三振、無失点の好投を見せるも、勝ち負けつかず。

スタメンは1番センター・中川、2番レフト・山中、3番DH・西川、4番ファースト・太田、5番ショート・紅林、6番ライト・来田、7番サード・宗、8番セカンド・宜保、9番キャッチャー・若月で組んだ。

1回、打線は相手先発・ルケーシーに対し、中川が空振り三振、山中は見逃し三振、西川は三ファウルフライと三者凡退。

ジェリーは1回、先頭の藤原に右二塁打を許す。それでも、西川、安田をともに二ゴロに打ち取る。だが、山口に3球目のツーシームを捉えられ、左翼席に2ラン本塁打を浴び、0ー2と先制される。佐藤に四球を与えるも、ソトを空振り三振に抑える。

打線は2回、太田は中フライ、紅林は空振り三振、来田は二ゴロと三者凡退。その裏、ジェリーは小川を右フライ、上田、山﨑を2者連続の見逃し三振に抑える。

3回の攻撃は、先頭の宗が四球を選び出塁する。だが、宜保は見逃し三振、若月は中フライ、宗が盗塁失敗で3アウト。

ジェリーは3回、藤原、西川をともに中フライ、安田を見逃し三振と三者凡退に抑える。

4回、打線は中川は二フライも、山中は四球を選び出塁する。続く西川が左安打を放ち、1死一・三塁のチャンスを作ると、太田の投ゴロの間に1ー2と1点を返す。なおも、紅林が左二塁打を放ち2ー2と同点に追いつく。来田は投ゴロに倒れる。

4回、ジェリーは山口を空振り三振、佐藤を一ゴロ、ソトを遊ゴロと三者凡退と3イニング連続で三者凡退に抑える。

打線は5回、2番手・八木に対し、宗が捕ファウルフライ、宜保は遊ゴロ、若月は中フライと三者凡退。

ジェリーは5回、小川を二ゴロに打ち取る。上田に中二塁打を許すも、山﨑を投ゴロ、藤原を遊フライに打ち取る。

6回の攻撃は、中川が三ゴロ、山中、西川は2者連続の空振り三振に倒れる。

6回、ジェリーは西川に三安打、安田に左二塁打を浴び、無死二・三塁のピンチを招く。それでも、山口を空振り三振、佐藤を二ゴロ、ソトに死球を与えると、小川に一安打を浴び、ファースト・太田の悪送球で2ー4と勝ち越される。

7回、打線は3番手・中森に対し、太田が中安打を放つ。だが、紅林は二ゴロ、来田は空振り三振、宗は左フライに倒れる。

7回、2番手・吉田が登板。先頭の山﨑に右安打、藤原に左安打、西川に右安打を許し、無死満塁のピンチを招く。安田を空振り三振に抑える。だが、山口に中犠飛を許し、2ー5と1点を追加される。なおも、佐藤に左二塁打を浴び、2ー7と2点を追加される。

打線は8回、4番手・小野に対し、宜保が遊ゴロ、平沼は二フライ、中川は遊ゴロと三者凡退。

8回、3番手・山岡が登板。小川を空振り三振、山本を遊ライナー、山﨑を空振り三振と三者凡退に抑える。

9回の攻撃は、5番手・益田に対し、得点を挙げることはできず、ゲームセット。",[],[]
【レベル3大雨警報】埼玉県・川越市に発表 19:51時点（TBS NEWS DIG Powered by JNN）,https://news.yahoo.co.jp/articles/09d950c4d1a37f7636de5bde559d6052e2cc5f29,https://newsatcl-pctr.c.yimg.jp/t/amd-img/20260809-22862909-jnn-000-1-view.jpg?exp=10800,2026-08-09T19:53:13+09:00,2026-08-09T19:53:13+09:00,TBS NEWS DIG Powered by JNN,jnn,TBS NEWS DIG Powered by JNN,384,"TBS NEWS DIG Powered by JNN
気象台は、9日午後7時51分に、レベル3大雨警報を川越市に発表しました。

南部では、低い土地の浸水や河川の増水に警戒してください。
【現在地の防災情報を確認】
【大雨警報（発表中）】
■川越市
●レベル3大雨警報【発表】

■熊谷市
●レベル2大雨注意報

■所沢市
●レベル2大雨注意報

■飯能市
●レベル2大雨注意報

■本庄市
●レベル2大雨注意報

■東松山市
●レベル2大雨注意報

■入間市
●レベル3大雨警報

■北本市
●レベル2大雨注意報【発表】

■坂戸市
●レベル2大雨注意報

■鶴ヶ島市
●レベル2大雨注意報

■日高市
●レベル2大雨注意報

■川島町
●レベル2大雨注意報【発表】

■鳩山町
●レベル2大雨注意報【発表】
TBS NEWS DIG Powered by JNN",[],[]
【レベル3大雨警報】東京都・立川市、瑞穂町に発表 19:50時点（TBS NEWS DIG Powered by JNN）,https://news.yahoo.co.jp/articles/b8769d71b76193bc5578afe405254fada50225e1,https://newsatcl-pctr.c.yimg.jp/t/amd-img/20260809-22862906-jnn-000-1-view.jpg?exp=10800,2026-08-09T19:51:19+09:00,2026-08-09T19:51:19+09:00,TBS NEWS DIG Powered by JNN,jnn,TBS NEWS DIG Powered by JNN,251,"TBS NEWS DIG Powered by JNN
気象台は、9日午後7時50分に、レベル3大雨警報を立川市、瑞穂町に発表しました。

東京地方では、低い土地の浸水や河川の増水に警戒してください。
【現在地の防災情報を確認】
【大雨警報（発表中）】
■八王子市
●レベル2大雨注意報【発表】

■立川市
●レベル3大雨警報【発表】

■青梅市
●レベル2大雨注意報

■武蔵村山市
●レベル2大雨注意報

■瑞穂町
●レベル3大雨警報【発表】
TBS NEWS DIG Powered by JNN",[],[]
【ソフトバンク】 前田悠伍7回無失点で開幕10連勝＆最多勝争いトップタイ浮上！マジック33に 近藤24号バースデー弾 山本祐3点打（TBS NEWS DIG Powered by JNN）,https://news.yahoo.co.jp/articles/a9c51fa6d2da40d1cf2b3e6c087421693fc75e09,https://newsatcl-pctr.c.yimg.jp/t/amd-img/20260809-00010025-jnn-000-1-view.jpg?exp=10800,2026-08-09T19:42:55+09:00,2026-08-09T19:42:55+09:00,TBS NEWS DIG Powered by JNN,jnn,TBS NEWS DIG Powered by JNN,945,"ソフトバンク・前田悠伍投手
■プロ野球　西武 0ー5 ソフトバンク　（9日　ベルーナドーム）

ソフトバンクは西武に勝ち、マジックを33とした。2回表、武内から近藤が自らの誕生日を祝う24号ソロを放ち先制する。そのまま迎えた7回表、山本祐の3点適時二塁打などで4点を追加。先発の前田悠は7回102球4安打無四死球6奪三振無失点の好投で10勝目（0敗）。開幕10連勝は球界では今季の阪神・高橋遥人以来、同一シーズンにセ・パの2投手が達成するのは初。球団では2005年の斉藤和巳以来6人目。

スタメンは1番一塁・正木、2番中堅・周東、3番二塁・牧原大、4番左翼・近藤、5番捕手・山本祐、6番指名打者・柳田、7番右翼・柳町、8番三塁・川瀬、9番遊撃・庄司。アレルギー症状の栗原が今季初めてスタメンを外れ、川瀬が三塁に入った。

先発投手は前田悠。ここまで12試合に先発し、9勝0敗で防御率1.93。西武相手には13回を無失点と得意としている。

1回表、西武先発の武内に対し、正木は見逃し三振、周東は左飛、牧原大は三飛で3者凡退に終わる。

前田悠は1回裏、2死無走者でネビンに安打を許すが、続く大阪桐蔭高の22学年先輩の中村を空振り三振で無失点で立ち上がる。

2回表、先頭の近藤がバックスクリーン左へ24号ソロを放ち、先制する。さらに山本祐と柳田の連打で無死一、二塁と攻めるが、柳町は二ゴロ併殺打、川瀬は三ゴロで無得点。

3回表には無死満塁とするが、牧原大は二ゴロで本塁封殺、近藤は空振り三振、山本祐は一邪飛で3者残塁。

前田悠は4回までに5三振を奪い無失点に抑える快投。5回裏、1死から源田に安打を浴びるが、続く岸を二ゴロ併殺打に仕留める。

7回表、1死から庄司が3本目の安打で出塁すると、続く正木の中前打に相手の悪送球が絡み、1点を追加する。その後2死一、二塁となり、近藤が敬遠気味の四球で歩かされると、続く山本祐が黒田から3点適時二塁打を放つ。

7回裏、前田悠は中村を中飛、平沢を一ゴロ、カナリオを空振り三振で3者凡退。

8回裏、2番手のヘルナンデスが蛭間を遊飛、源田を空振り三振、岸を遊ゴロで3者凡退。

9回裏は鈴木豪が登板。先頭の滝澤に安打を浴びるが、無失点に抑えた。",[],[]
【西武】12回目の完封負けで3位転落...貯金11 2カード連続負け越し 岸の痛恨悪送球 武内は近藤にソロV弾献上など7回途中4失点で6敗目（TBS NEWS DIG Powered by JNN）,https://news.yahoo.co.jp/articles/c6b2c5fdb758f87a5d483beae9fae115fed1a1bb,https://newsatcl-pctr.c.yimg.jp/t/amd-img/20260809-00010024-jnn-000-1-view.jpg?exp=10800,2026-08-09T19:42:47+09:00,2026-08-09T19:42:47+09:00,TBS NEWS DIG Powered by JNN,jnn,TBS NEWS DIG Powered by JNN,1539,"7回4失点のピッチングも6敗目を喫した西武・武内夏暉投手
■プロ野球　西武 0ー5 ソフトバンク　（9日・ベルーナ）

西武はソフトバンクに今季12度目の完封負けで貯金を11に減らし、3位に転落した。先発・武内は2回近藤にソロ本塁打を浴びるなど、7回途中を投げ、106球、被安打11、5奪三振、4失点で今季6敗目となった。

試合は2回、武内が先頭の近藤に2球目のスライダーを捉えられ、中本塁打を浴び、0ー1と先制される。なおも7回、武内が1死から庄司に右安打を許すと、正木に中安打を浴び、センター・岸の悪送球で0ー2と1点を追加される。さらに、2番手・黒田が近藤に四球を与え、山本祐に左二塁打を浴び、0ー5と3点を奪われる。

先発は武内。今季はここまで16試合に登板し、8勝5敗、防御率2.98。前回登板の2日・オリックス戦では、7回を投げ、93球、被安打5、3奪三振、1失点で勝ち投手。

スタメンは1番セカンド・滝澤、2番キャッチャー・古賀悠、3番ファースト・ネビン、4番DH・中村剛、5番レフト・平沢、6番ライト・カナリオ、7番サード・渡部、8番ショート・源田、9番センター・岸で組んだ。

1回、武内は正木を見逃し三振、周東を左フライ、牧原大を三フライに抑える。打線はその裏、相手先発・前田悠に対し、滝澤は見逃し三振、古賀悠は遊ゴロに倒れる。ネビンは右安打を放つも、中村剛は空振り三振に終わる。

武内は2回、先頭の近藤に2球目のスライダーを捉えられ、中本塁打を許し、0ー1と先制される。なおも、山本祐に中安打、柳田に右安打を浴びるが、柳町を二併殺打、川瀬を捕ゴロに打ち取る。

2回、打線は先頭の平沢が右安打を放つ。だが、カナリオは二フライ、渡部は三ゴロ、源田は見逃し三振に倒れる。

3回、武内は先頭の庄子に中安打を許すと、正木に三安打、周東の打球をショート・源田のファンブルで無死満塁のピンチを招く。それでも、牧原大を二ゴロ、近藤を空振り三振、山本祐を一ファウルフライに抑える。

3回の攻撃は、岸が一フライ、滝澤は遊ゴロ、古賀悠は中フライと三者凡退。

武内は4回、柳田を三フライ、柳町を中フライ、川瀬を二ゴロと三者凡退に抑える。その裏、打線はネビンが見逃し三振も、中村剛は左安打を放つ。だが、平沢は中フライ、
カナリオは空振り三振に倒れる。

5回、武内は先頭の庄子に右安打を許すも、牽制で刺す。正木に左安打を浴びるが、周東を空振り三振、牧原大を二ゴロに抑える。

打線は5回、蛭間は二ゴロも、源田は中安打を放つ。だが、岸は二併殺打に倒れる。

武内は6回、近藤、山本祐を2者連続の空振り三振も、柳田に右安打を許す。それでも、柳町を左フライに打ち取る。打線はその裏、滝澤が二ゴロ、古賀悠は一ファウルフライ、ネビンは三ゴロと三者凡退。

7回、武内は川瀬を中フライ、庄子に右安打を許すと、正木に中適時打を浴び、センター・岸の悪送球で0ー2と1点を追加される。周東に遊安打を許したところで、武内は降板。2番手・黒田が登板し、牧原大を空振り三振に抑える。だが、近藤に四球を与えると、山本祐に左二塁打を浴び、0ー5と3点を追加される。

7回、打線は中村剛は中フライ、平沢は一ゴロ、カナリオは空振り三振と三者凡退。

8回、3番手・岩城が登板。柳町を空振り三振、川瀬、庄子をともに左フライと三者凡退に抑える。

打線は8回、2番手・ヘルナンデスに対し、蛭間は遊フライ、源田は空振り三振、岸は遊ゴロに倒れる。

9回、4番手・豆田が登板。正木を二フライ、周東を投ゴロ、牧原大を右フライに打ち取る。

9回の攻撃は、3番手・鈴木豪に対し、無得点に終わり、ゲームセット。",[],[]
3階建ての店舗併用住宅で火事　住人の88歳女性が死亡（TBS NEWS DIG Powered by JNN）,https://news.yahoo.co.jp/articles/b97b628513dc1ceae059d90544bdc69185c73ce0,https://newsatcl-pctr.c.yimg.jp/t/amd-img/default.jpg?exp=10800,2026-08-09T19:39:56+09:00,2026-08-09T19:39:56+09:00,TBS NEWS DIG Powered by JNN,jnn,TBS NEWS DIG Powered by JNN,312,"きょう未明、東京・大田区の店舗を兼ねる住宅で発生した火事で、死亡したのは、この住宅に住む高齢の女性とわかりました。

きょう午前0時半すぎ、大田区多摩川の飲食店を兼ねる3階建ての住宅で、「2階から煙が出ていて、においがする」と119番通報がありました。

火はおよそ4時間半後にほぼ消し止められましたが、女性が心肺停止の状態で病院に搬送され、その後、死亡しました。

警視庁によりますと、死亡したのは、この住宅に住む堀谷光代さん（88）で、同居していた50代の息子と救助活動を手伝った通行人の50代男性も病院に搬送されましたが、2人とも命に別状はないということです。

警察は出火原因などを詳しく調べています。
TBSテレビ",[],[]
18歳・張本美和が初優勝！前年覇者の中国・陳幸同に4ー2で勝利「絶対この1点で仕留めるぞって気持ちで」【WTTチャンピオンズ横浜】（TBS NEWS DIG Powered by JNN）,https://news.yahoo.co.jp/articles/12f884c45b441576d9e0d0406b0e5f51094ace52,https://newsatcl-pctr.c.yimg.jp/t/amd-img/20260809-00010023-jnn-000-8-view.jpg?exp=10800,2026-08-09T19:34:45+09:00,2026-08-09T21:19:24+09:00,TBS NEWS DIG Powered by JNN,jnn,TBS NEWS DIG Powered by JNN,1597,"張本美和選手
■卓球 WTTチャンピオンズ横浜2026 第6日 （9日、横浜BUNTAI）

女子シングルス決勝で張本美和（18、世界ランク3位）が前年覇者の中国・陳幸同（29、同5位）をゲームカウント4ー2（13ー11、11ー7、9ー11、11ー9、1ー11、11ー7）で下し、チャンピオンズは今年3月の重慶大会に続く2度目の優勝。さらに日本開催では自身初の優勝となった。
【代表一覧】9月開催のアジア大会、卓球代表選手　張本兄妹や早田ひなら10人
『WTTチャンピオンズ横浜2026』は、卓球の世界トップ32選手が集うシングルスNo.1決定戦。今年9月のアジア競技大会（愛知・名古屋）に出場する各国代表選手も顔を揃える注目の大会となっている。

準決勝では中国の王芸迪（29、同6位）にゲームカウント4ー2（4ー11、12ー10、12ー10、14ー12、8ー11、11ー6）で勝利し、決勝進出を決めた張本。男子シングルスでは兄・智和も決勝進出を決め、兄妹優勝へ王手をかけた。

第1ゲームは、序盤から強烈なフォアハンドで攻め込み、リードを奪った張本。4ー4の同点に追いつかれるも、サーブでポイントを奪うと、得意のバックハンドでも連続ポイントを挙げ、再びリードを広げる。その後も反応良く相手の攻撃に対応し、1点を奪い合う激しい攻防が続いた。終盤に10ー11と逆転を許したものの、ここからバックストレートを打ち込んでいくなど、13ー11でこのゲームを制した。

第2ゲーム、激しいラリー戦を制して3ー2と先行すると、チキータやコースを巧みに突く一打でポイントを重ねた。終盤にはYGサーブも織り交ぜ、主導権を渡さない。ゲームポイントを迎えると、最後は相手のオーバーミスを誘い、11ー7で2ゲームを連取した。

第3ゲームは、立ち上がりから2連続失点を喫したものの、角度のあるフォアハンドで得点を奪う。しかし、相手の返球への対応に苦しみ、徐々に点差を広げられる展開に。3ー9と大きくリードを許した。それでも好レシーブで粘り強く食らいつき、徐々に点差を縮めていく。終盤には9ー10まで追い上げたものの、反撃は及ばず、このゲームを落とした。

第4ゲームは、序盤から激しいラリーの攻防が繰り広げられた。バックハンドをストレートに打ち抜いて6ー6の同点に追いつくと、そこからはコースを巧みに狙い、ポイントを重ねていく。再び同点となる場面もあったが、終盤はバックハンドで押し切った。11ー9でこのゲームを制し、ゲームカウントを3ー1として優勝まであと1ゲームに迫った。

第5ゲームは、序盤からなかなか流れを作れず、連続失点が続く苦しい展開となった。リズムをつかめないまま点差を広げられ、反撃の糸口を見いだせず、1ー11でこのゲームを落とした。

第6ゲームは、立ち上がりからバックハンドのストレートやフォアハンドで積極的に攻め、主導権を握る。リードを奪うと、その後も攻撃の手を緩めず、着実にポイントを重ねていった張本。第6ゲームを制し、ゲームカウント4ー2で勝利を収めた張本。地元・日本のファンの前で歓喜の優勝を果たした。

試合後、張本は「苦しい試合でしたし、もちろん苦しいっていう準備をして挑んだので、やっぱ想定通り」と振り返った。一方で最終ゲームについては「追いつかれて2点リードっていう感じだったので、マッチポイントを取った時はもう絶対この1点で仕留めるぞっていう気持ちでやって勝てたので、すごい嬉しいです」と最後まで気持ちを切らさずに戦い抜いた喜びを語った。

また、「昨年の横浜ではすぐ負けてしまって、来年は絶対もっと試合をするぞっていう気持ちで、今大会挑んだので。まさか優勝できるとは思ってなかったんですけど、本当に皆様の応援のおかげで優勝できたなって感じました」と応援への感謝を口にした。",[],[]
【レベル3大雨警報】埼玉県・入間市に発表 19:20時点（TBS NEWS DIG Powered by JNN）,https://news.yahoo.co.jp/articles/9c0bd869f39dd85e16ed0c99d7d37b49a947bca7,https://newsatcl-pctr.c.yimg.jp/t/amd-img/20260809-22862892-jnn-000-1-view.jpg?exp=10800,2026-08-09T19:22:14+09:00,2026-08-09T19:22:14+09:00,TBS NEWS DIG Powered by JNN,jnn,TBS NEWS DIG Powered by JNN,205,"TBS NEWS DIG Powered by JNN
気象台は、9日午後7時20分に、レベル3大雨警報を入間市に発表しました。

南部では、低い土地の浸水や河川の増水に警戒してください。
【現在地の防災情報を確認】
【大雨警報（発表中）】
■熊谷市
●レベル2大雨注意報【発表】

■所沢市
●レベル2大雨注意報

■入間市
●レベル3大雨警報【発表】
TBS NEWS DIG Powered by JNN",[],[]
茨城・鉾田市の海岸で女性3人流される　1人死亡、1人重体　現場は人工岬「ヘッドランド」近くで遊泳禁止エリア（TBS NEWS DIG Powered by JNN）,https://news.yahoo.co.jp/articles/6953dbe64ea81ed97c3f72ff73266aa60c9e7c1a,https://newsatcl-pctr.c.yimg.jp/t/amd-img/20260809-07320180-jnn-000-3-view.jpg?exp=10800,2026-08-09T19:18:19+09:00,2026-08-10T01:47:11+09:00,TBS NEWS DIG Powered by JNN,jnn,TBS NEWS DIG Powered by JNN,417,"TBS NEWS DIG Powered by JNN
きょう（9日）正午すぎ、茨城県鉾田市で海水浴をしていた女性3人が流されました。1人は自力で岸に辿り着きましたが、1人が死亡、もう1人が重体です。

きょう午後0時すぎ、鉾田市上沢の海岸で「友人2人が流されてしまった」と一緒にいた女性から110番通報がありました。

警察などによりますと、海水浴に来ていた女性3人が水中の深みにはまり、流されたということです。

1人は自力で岸に辿り着いて通報し、ほかの2人は現場に駆けつけた救急隊員に救助されましたが、石岡市の会社員・山口莉子さん（23）が意識不明の状態で病院に運ばれ、その後、死亡が確認されました。もう1人の24歳の女性も病院に運ばれましたが重体です。

現場は、離岸流が起こりやすい人工岬「ヘッドランド」の近くで遊泳禁止エリアだったということで、警察は、「ヘッドランド」近くに立ち入らないよう呼びかけています。
TBSテレビ",[],[]
【 ヒコロヒー 】極貧時代は先輩の「配給」で生活…今や後輩に「お前も食うか?」と500円のアイスを奢れるまでに成長（TBS NEWS DIG Powered by JNN）,https://news.yahoo.co.jp/articles/5afe47457217f0b41f59298569f79bd1b6d1dae5,https://newsatcl-pctr.c.yimg.jp/t/amd-img/20260809-22862886-jnn-000-1-view.jpg?exp=10800,2026-08-09T19:14:14+09:00,2026-08-09T19:14:14+09:00,TBS NEWS DIG Powered by JNN,jnn,TBS NEWS DIG Powered by JNN,1186,"TBS NEWS DIG Powered by JNN
お笑いタレントのヒコロヒーさんが9日、都内で行われた「ヒコロヒー『きれはし』文庫版・発売記念」のイベントへ、下積み時代に5年間同居していたお笑いコンビ「太陽の小町」のつるさんと出席しました。
【写真を見る】【 ヒコロヒー 】極貧時代は先輩の「配給」で生活…今や後輩に「お前も食うか?」と500円のアイスを奢れるまでに成長
同居のきっかけについて、〝当時付き合っていた恋人に家を追い出され、行くところがなく、お金もない。どうしようかなと思っていたら、つるちゃんが『来るか?』と言ってくれたので〟といきさつを明かし、当時の同居生活を振り返り会場を笑わせていました。

イベント後のインタビューに応じたヒコロヒーさんに、以前出したエッセイが文庫版になったことについて感想を聞くと〝単行本をたくさんの方に手に取っていただけたからこそだと思うので文庫版になるっていうのは、ありがたいなという感じでしたね〟と素直に喜んでいました。

改めて見直してみての恥ずかしさについては〝恥ずかしいとかも…普通に見られたら恥ずかしいんでしょうけど、もはやあんまそこはないっすかね。ただもうめっちゃ情けないこと書いてるし、みっともないこともたくさん書いてるのでそれをなんか笑っていただけて愛していただけるのが一番いいなという感じです〟と淡々と振り返りました。

デビュー時は極貧生活だったというヒコロヒーさんは〝結構ほんまに普通に借金もしてましたし、身近な先輩がバイト先でもらってきたおにぎりとかを配ってくれたりとか、それをみんなで取りに行って食わしてもらったり「今日どこどこ行ってもらってきた」とか…ほとんど配給を待ちながら生き延びてきたという感じでしょうか?〟と懐かしそうに明かしました。

20代はとにかくお金が無く〝普通の女の子がおしゃれなレストランに行ってとか、お洋服買ってお化粧品買ってとかやってるときに、私はもうずっと明日のネタで使うフリップの画用紙を買うお金を捻出したりとかしていたので、基準が低すぎて、いま本当にようやく世間の皆様と同じような生活が!だから、この間はじめて「ららぽーと」に行ってきました〟と中学生のような眼差しで嬉々として回想。
〝「ららぽーとってこんな楽しいよ」みたいなのはありましたね。何か自分の好きなもの買ったりとか、ソフトクリーム500円とかをやっぱり買えなかったでしょ。だから後輩に「お前も食うか?」とかが言えるようになったっていう感じですかね〟と現在の境遇に満足した様子で語っていました。

最後にヒコロヒーさんにとって、本を書くとはどういうことですかと尋ねると「お仕事です。はい」と淡々と答えていました。

【担当:芸能情報ステーション】
TBS NEWS DIG Powered by JNN",[],[]
茨城県、栃木県、埼玉県、千葉県、東京都、神奈川県で最大震度1の地震　茨城県・笠間市、土浦市、石岡市（TBS NEWS DIG Powered by JNN）,https://news.yahoo.co.jp/articles/b7b1fb9c16f0d27fd33c5ca2d7ab8c90a4135e26,https://newsatcl-pctr.c.yimg.jp/t/amd-img/20260809-22862881-jnn-000-1-view.jpg?exp=10800,2026-08-09T19:04:14+09:00,2026-08-09T19:04:14+09:00,TBS NEWS DIG Powered by JNN,jnn,TBS NEWS DIG Powered by JNN,703,"TBS NEWS DIG Powered by JNN
9日午後6時59分ごろ、茨城県、栃木県、埼玉県、千葉県、東京都、神奈川県で最大震度1を観測する地震がありました。
【詳細】各地の震度一覧・最新LIVE
気象庁によりますと、震源地は千葉県北西部で、震源の深さはおよそ70km、地震の規模を示すマグニチュードは3.4と推定されます。

この地震による津波の心配はありません。

最大震度1を観測したのは、茨城県の笠間市、土浦市、石岡市、取手市、つくば市、筑西市、坂東市、それに桜川市、栃木県の宇都宮市、埼玉県のさいたま大宮区と春日部市、それに宮代町、千葉県の千葉中央区、市川市、野田市、柏市、それに鎌ケ谷市、東京都の東京千代田区、東京中央区、東京港区、東京台東区、東京墨田区、東京品川区、東京渋谷区、東京北区、東京足立区、それに東京江戸川区、神奈川県の横浜鶴見区、横浜神奈川区、横浜中区、それに横浜港南区です。

【各地の震度詳細】

■震度1
□茨城県
笠間市　土浦市　石岡市
取手市　つくば市　筑西市
坂東市　桜川市

□栃木県
宇都宮市

□埼玉県
さいたま大宮区　春日部市　宮代町

□千葉県
千葉中央区　市川市　野田市
柏市　鎌ケ谷市

□東京都
東京千代田区　東京中央区　東京港区
東京台東区　東京墨田区　東京品川区
東京渋谷区　東京北区　東京足立区
東京江戸川区

□神奈川県
横浜鶴見区　横浜神奈川区　横浜中区
横浜港南区

気象庁の発表に基づき、地域ごとに震度情報をお伝えしています。
新たな情報が発表され次第、情報を更新します。
TBS NEWS DIG Powered by JNN",[],[]
心配な熱中症　暑さを乗り切る！東京都の熱中症対策【SUNトピ】（TBS NEWS DIG Powered by JNN）,https://news.yahoo.co.jp/articles/543f489a8ff6245eefc0d8589cc691885e231996,https://newsatcl-pctr.c.yimg.jp/t/amd-img/20260809-07320179-jnn-000-2-thumb.jpg?exp=10800,2026-08-09T18:48:44+09:00,2026-08-09T18:50:46+09:00,TBS NEWS DIG Powered by JNN,jnn,TBS NEWS DIG Powered by JNN,580,"TBS NEWS DIG Powered by JNN
厳しい暑さで、心配される熱中症。今回は、東京都が行っている熱中症対策の取り組みを伺ってきました。

東京都環境局環境都市づくり課　吉野正禎課長
「東京暑さマップの運用、それからクーリングシェルターの指定拡大や普及促進行ってます」

こちらは「東京都熱中症対策ポータル」サイト。サイト内にある“暑さマップ”では、場所ごとの暑さ指数を7日先までチェックすることができます。

マップを見て、どうしても外出したい時に、暑さの危険度が高そうだったら…。

東京都環境局環境都市づくり課　吉野正禎課長
「こちらをクリックしていただくと、クーリングシェルターやTOKYOクールシェアスポットの場所が表示されると」

これは外出中に、暑さをしのげる場所となっていて、誰でも利用することができるのです。お出かけ先にその場所があるか、確認しておくと良さそうです。

また、東京都では、先日こんなコンテストが行われていたのです。様々な企業が暑さ対策商品に力を入れていることを、多くの人に知ってもらいたいと開催されたそうです。

日陰がある場所を表示してくれる地図アプリや、ハンズフリーの背負える日傘など、気になるアイテムがたくさん並んでいました。背負える日傘、両手が空くから便利そうです。とっても軽かったです。
TBSテレビ",[],[]
【レベル3大雨警報】大阪府・大東市、東大阪市に発表 18:28時点（TBS NEWS DIG Powered by JNN）,https://news.yahoo.co.jp/articles/28e6b93daffdc166c11d302db688a325d3271678,https://newsatcl-pctr.c.yimg.jp/t/amd-img/20260809-22862859-jnn-000-1-view.jpg?exp=10800,2026-08-09T18:30:30+09:00,2026-08-09T18:30:30+09:00,TBS NEWS DIG Powered by JNN,jnn,TBS NEWS DIG Powered by JNN,261,"TBS NEWS DIG Powered by JNN
気象台は、9日午後6時28分に、レベル3大雨警報を大東市、東大阪市に発表しました。
【現在地の防災情報を確認】
大阪府では、低い土地の浸水や河川の増水に警戒してください。

【大雨警報（発表中）】
■大阪市
●レベル3大雨警報

■吹田市
●レベル2大雨注意報

■守口市
●レベル2大雨注意報

■大東市
●レベル3大雨警報【発表】

■門真市
●レベル2大雨注意報

■東大阪市
●レベル3大雨警報【発表】
TBS NEWS DIG Powered by JNN",[],[]
【 WEST. 】濵田崇裕　結婚を報告「皆様からいただいた力を少しでもお返しできるよう、これからも精進してまいります」（TBS NEWS DIG Powered by JNN）,https://news.yahoo.co.jp/articles/1c9c6b565c5f6f0f3f0b5451396cfe452914d7bc,https://newsatcl-pctr.c.yimg.jp/t/amd-img/20260809-22862849-jnn-000-1-view.jpg?exp=10800,2026-08-09T18:25:26+09:00,2026-08-09T18:25:26+09:00,TBS NEWS DIG Powered by JNN,jnn,TBS NEWS DIG Powered by JNN,518,"TBS NEWS DIG Powered by JNN
アイドルグループ「WEST.」の重岡大毅さんが、所属事務所の公式サイトを通じて結婚を発表しました。
【写真を見る】【 WEST. 】濵田崇裕　結婚を報告「皆様からいただいた力を少しでもお返しできるよう、これからも精進してまいります」
▽▽▽▽　濵田崇裕さん　所属事務所公式サイト　報告全文　▽▽▽▽

濵田崇裕（WEST.）に関するご報告

平素より格別のご高配を賜り、厚く御礼申し上げます。

私事で恐縮ではございますが、このたび、濵田崇裕は結婚いたしましたことをご報告申し上げます。

いつも応援してくださるファンの皆様、そして支えてくださる関係者の皆様への感謝を忘れることなく、今後もWEST.の一員として、また個人として、一つひとつの仕事に真摯に向き合い、皆様からいただいた力を少しでもお返しできるよう、これからも精進してまいります。

今後とも変わらぬご支援、ご鞭撻を賜りますよう、何卒よろしくお願い申し上げます。

2026年8月9日
濵田崇裕

△△△△　全文　以上　△△△△

【担当:芸能情報ステーション】
TBS NEWS DIG Powered by JNN",[],[]
【 WEST. 】重岡大毅　結婚を報告「新しい命を迎えました」「一日一日を大切に生きていこうと、覚悟を新たにしています」【 報告全文 】（TBS NEWS DIG Powered by JNN）,https://news.yahoo.co.jp/articles/7e7e0ae3e5b3d67d1ce941bc19f671c53b23fdd4,https://newsatcl-pctr.c.yimg.jp/t/amd-img/20260809-22862846-jnn-000-2-view.jpg?exp=10800,2026-08-09T18:23:13+09:00,2026-08-09T18:54:18+09:00,TBS NEWS DIG Powered by JNN,jnn,TBS NEWS DIG Powered by JNN,682,"TBS NEWS DIG Powered by JNN
アイドルグループ「WEST.」の重岡大毅さんが、所属事務所の公式サイトを通じて結婚を発表。第一子が誕生していることを合わせて報告しました。
【写真を見る】【 WEST. 】重岡大毅　結婚を報告「新しい命を迎えました」「一日一日を大切に生きていこうと、覚悟を新たにしています」【 報告全文 】
▽▽▽▽　重岡大毅さん　所属事務所公式サイト　報告全文　▽▽▽▽　

重岡大毅（WEST.）に関するご報告

平素より格別のご高配を賜り、厚く御礼申し上げます。

私事ではございますが、このたび、結婚いたしましたこと、そして新しい命を迎えましたことをご報告申し上げます。

小さな命が、様々な運命を乗り越え、無事に生まれてきてくれるまでの道のりは、決して当たり前ではない、尊いものでした。
このタイミングでのご報告となりましたこと、ご理解いただけますと幸いです。

命の有り難さを胸に、健やかな日々を願いながら、一日一日を大切に生きていこうと、覚悟を新たにしています。

これまで温かく支え、応援してくださったファンの皆様、ならびに関係者の皆様に、心より感謝申し上げます。
これからも感謝の気持ちを忘れず、目の前のことに真摯に向き合い、より一層精進してまいります。

今後とも温かく見守っていただき、変わらぬご支援を賜りますよう、何卒よろしくお願いいたします。

2026年8月9日
重岡大毅

△△△△　全文　以上　△△△△

【担当:芸能情報ステーション】
TBS NEWS DIG Powered by JNN",[],[]
【甲子園】八王子実践は惜しくも初勝利ならず 今大会初のタイブレークも鳴門渦潮にサヨナラ負け 9回あと1球から同点打 塚原が2失点完投（TBS NEWS DIG Powered by JNN）,https://news.yahoo.co.jp/articles/5d7104efea9c6e48b9202dcf0df849caae146bf7,https://newsatcl-pctr.c.yimg.jp/t/amd-img/20260809-00010022-jnn-000-4-view.jpg?exp=10800,2026-08-09T18:17:35+09:00,2026-08-09T18:32:04+09:00,TBS NEWS DIG Powered by JNN,jnn,TBS NEWS DIG Powered by JNN,1101,"八王子実践・河本ロバート監督
■第108回全国高校野球選手権　第5日・第3試合　1回戦　八王子実践 1ー2× 鳴門渦潮　延長10回タイブレーク　（9日　甲子園）
【一覧】夏の甲子園組み合わせ　連覇狙う沖縄尚学は4季連続出場の横浜と1回戦で激突
八王子実践（西東京）は鳴門渦潮（徳島）に敗れ、春夏通じて初勝利を挙げることはできなかった。勝利した鳴門渦潮は、大会10日目（14日）第2試合で中京（岐阜）と霞ケ浦（茨城）の勝者と対戦する。1点ビハインドの9回、2死一二塁で代打・金子侑樹（3年）がフルカウントから適時打を放ち、土壇場で追いつく。無死一二塁から始まる10回、二塁走者を牽制で刺し1死一塁とするが、最後は2死一三塁から山本飛佑雅（2年）にサヨナラ打を浴び、1ー2で敗戦した。

これで東京勢2校は共に四国勢に敗れ初戦敗退。2校とも初戦で姿を消すのは2016年以来、10年ぶり。

八王子実践は春夏通じて初出場。西東京大会では終盤の粘りを武器に接戦を制し、第4シードから頂点に立った。対する鳴門渦潮は2年ぶり9回目の出場。2012年の統合後、現校名での甲子園初勝利を目指す。

先発は背番号1右腕・塚原。西東京大会では計4試合25回と2/3を投げ、奪三振は12、11失点。初回、先頭の濱の右安と犠打で1死二塁のピンチを背負うが、味方の好守備にも助けられ、無失点に抑える立ち上がり。

2回、2死から7番・荒木孝介（3年）がチーム初安打を放つも、得点には繋がらず。その裏、塚原は5番・西岡大誠（3年）に左中間へ二塁打を浴びる。次打者の打球は二塁手・荒木の好捕でアウトとするも、これが犠邪飛となり先制を許す。

塚原は3回にも安打と四球で1死一二塁とされるが、後続を2者連続三振に斬って取り、無失点で切り抜ける。一方打線は、早いカウントから積極的にスイングを仕掛けるが、鳴門渦潮先発・西村大輝（3年）をなかなか打ち崩すことができず、7回まで三塁を踏むことができない。

塚原は尻上がりに調子を上げ、5回から7回まで走者を一人も出さない好投。8回2死から連続四球を与えピンチを招くが、無失点で切り抜ける。

9回、先頭の2番・桜泰成（3年）が右安を放ち出塁。犠打と四球で一、二塁とすると、代打・金子がフルカウントから右前適時打を放ち、土壇場で1ー1の同点に追いつく。その裏も塚原が続投し、味方の好守備にもあり三者凡退に抑える。

無死一二塁から攻撃が始まるタイブレークに突入した10回、犠打で1死二三塁の形を作る。次打者は二ゴロで三塁走者は動けず、四球で2死満塁となるが、後続が倒れ無得点に終わっていた。",[],[]
「デスボール」原爆の放射線が体内に留まり細胞に“穴”を　最新の研究発表が波紋…長崎原爆から81年　置き去りの被爆体験者【NO WARプロジェクト つなぐ、つながる】（TBS NEWS DIG Powered by JNN）,https://news.yahoo.co.jp/articles/c34d44f9f03b428e8c6c57b663b4987fd1cc67c6,https://newsatcl-pctr.c.yimg.jp/t/amd-img/20260809-07320171-jnn-000-5-view.jpg?exp=10800,2026-08-09T18:12:33+09:00,2026-08-09T18:36:28+09:00,TBS NEWS DIG Powered by JNN,jnn,TBS NEWS DIG Powered by JNN,1146,"TBS NEWS DIG Powered by JNN
戦争の記憶を未来につなぐニュースをお伝えする「NO WARプロジェクト つなぐ、つながる」です。

81年前の長崎原爆で灰などを浴び、被ばくしたと訴えてきた人たちがいます。国がその影響を認めない中、原爆の放射線が体内に留まり、細胞に「穴」を空けていたとする最新の研究発表が波紋を広げています。

「デスボール」と名付けられた細胞の穴。広島で原爆投下の3日後に爆心地に入り、70年生きた女性の死後、肺がんの組織内でいくつも見つかりました。

今年4月、長崎大学の研究グループが発表した論文。原爆で拡散した放射性微粒子が体に入って引き起こした「内部被ばく」の影響が初めて観察されたとしています。

この影響を訴え続けてきたのが「被爆体験者」と呼ばれる人たち。先頭に立つ、岩永千代子さん（90）です。

被爆体験者　岩永千代子さん
「『デスボール』のこと、原爆はこんなに怖い（と伝えたい）」

国は長崎原爆の「被爆地域」を当時の行政区分を基本に線引きしています。12キロ圏内で線の外にいた人は「被爆体験者」とされ、放射線の影響はなかったとされています。

広島では、「黒い雨」体験者を救済する新基準が作られ、7500人あまりが被爆者と認められました。

一方、長崎は「雨が降った客観的な証拠がない」として切り捨てられています。

被爆体験者（旧戸石村・爆心地から約11キロ） 上戸健一郎さん（当時7歳）
「ボタ雪（のような灰）がものすごく降った」

ボタ雪のような大量の灰。長崎では「雨」に加え、「灰」の証言が多く、脱毛や下痢、「がん」の証言もたくさんあります。

被爆体験者（旧戸石村・爆心地から約11キロ） 中田昭義さん（当時6歳）
「母が56歳で大腸がんで亡くなった。弟は59歳、胃がんで亡くなった」

国は、原爆の「内部被ばく」の影響は無視できるとしています。これに対し、研究グループは「死」へと導く可能性があると反論します。

長崎大学　七條和子 客員研究員
「『（内部被ばくの影響は）小さい』、本当か？ずっと苦しめる」

きょう、長崎市で行われた総理への要望。体験者の発言は許されない中、全被爆者の要望として広島と同様の救済を迫りました。高市総理は…

高市早苗 総理大臣
「（被爆体験者への）支援は着実に実施していく」

支援を続けると述べ、「被爆者」とは認めない『ゼロ回答』でした。

被爆体験者　岩永千代子さん
「（仲間が）亡くなっていく…。『デスボール』の実態が広まって、『核を使う』ことがどんなに恐ろしいか共有できれば、私いつ死んでもいい」

被爆から81年、その実相を伝える声は置き去りにされたままです。
TBSテレビ",[],[]
初めての“夜行”新幹線「ルミエールエクスプレス」昨夜（8日）東京駅出発　けさ新大阪駅に到着　今回一夜限定も今後の運行も検討　JR東海（TBS NEWS DIG Powered by JNN）,https://news.yahoo.co.jp/articles/343a9c03f678bff1078752f695de087eaea748e1,https://newsatcl-pctr.c.yimg.jp/t/amd-img/20260809-07320166-jnn-000-1-view.jpg?exp=10800,2026-08-09T17:58:49+09:00,2026-08-09T17:58:49+09:00,TBS NEWS DIG Powered by JNN,jnn,TBS NEWS DIG Powered by JNN,302,"TBS NEWS DIG Powered by JNN
お盆休みにあわせて、“夜行”新幹線が登場しました。

きのう夜、東海道新幹線で初めての“夜行列車”「東海道ルミエールエクスプレス」が東京駅を出発しました。

騒音への配慮から、夜間から早朝にかけては途中の岐阜羽島駅で停車し、その後、目的地の新大阪駅に到着しました。

乗客
「ホテルに泊まらず、安くて安心して夜出て朝着いて、そのまま動き出せるのは魅力ですね」

価格は普通車で1万5000円で、およそ500席すべてが発売から2日で売り切れました。

今回は一夜限定ですが、JR東海によりますと、今後の運行も検討しているということです。
TBSテレビ",[],[]
「人類と核兵器は決して共存できない」長崎・鈴木市長　被爆から81年　長崎「原爆の日」核保有国を含む98か国の代表が参列　高市総理「我が国は非核三原則を堅持」（TBS NEWS DIG Powered by JNN）,https://news.yahoo.co.jp/articles/e97a61506d84cc3996312220775f0e6027e02671,https://newsatcl-pctr.c.yimg.jp/t/amd-img/20260809-07320165-jnn-000-2-thumb.jpg?exp=10800,2026-08-09T17:57:19+09:00,2026-08-09T17:59:35+09:00,TBS NEWS DIG Powered by JNN,jnn,TBS NEWS DIG Powered by JNN,434,"TBS NEWS DIG Powered by JNN
長崎に原爆が投下されてきょうで81年です。平和祈念式典で長崎市の鈴木市長は、「人類と核兵器は決して共存できない」と訴えました。

1945年8月9日、長崎に投下された原子爆弾は、その年だけで7万4千人もの命を奪いました。

被爆者
「（原爆で）身内も死んでいるので、毎年来ています。戦争はもう、絶対いや」

平和祈念式典には被爆者や遺族をはじめ、高市総理や核保有国を含む98か国の代表が参列しました。

長崎市の鈴木市長は、平和宣言で核抑止論を批判し、日本政府に対して核兵器禁止条約への参加を求めました。

長崎市　鈴木史朗 市長
「核兵器は『必要悪』ではなく、『絶対悪』であり、人類と核兵器は決して共存できない」

高市総理は…

高市総理
「我が国は非核三原則を堅持しており、核兵器のない世界の実現に向けた現実的かつ実践的な取組を推進しています」

長崎はきょう一日、平和への祈りに包まれます。
TBSテレビ",[],[]
イラン・最高指導者モジタバ師の初公開映像か　イランメディア報じる（TBS NEWS DIG Powered by JNN）,https://news.yahoo.co.jp/articles/9b5defc03ce16be506e03b319cd112f5c580b2f1,https://newsatcl-pctr.c.yimg.jp/t/amd-img/20260809-07320173-jnn-000-2-thumb.jpg?exp=10800,2026-08-09T17:53:56+09:00,2026-08-09T17:55:43+09:00,TBS NEWS DIG Powered by JNN,jnn,TBS NEWS DIG Powered by JNN,314,"TBS NEWS DIG Powered by JNN
イランメディアが、最高指導者モジタバ師の姿だとする映像を報じました。

左膝を立てて周りの人々に話しかける男性。これはイランのメヘル通信が8日、「初公開」としてSNSで報じた最高指導者モジタバ師とされる映像です。

映像がいつ、どこで撮影されたのか、周りの人たちが誰なのかなどについては明らかにされていません。

また、映像ではイスラム教シーア派の宗教曲が流れていて、モジタバ師とされる男性の肉声は入っていません。

モジタバ師をめぐっては、アメリカなどの攻撃で重傷を負ったと伝えられていて、3月に最高指導者に就任した後、公の場には姿を見せていませんでした。
TBSテレビ",[],[]
【レベル3大雨警報】栃木県・日光市今市に発表 17:51時点（TBS NEWS DIG Powered by JNN）,https://news.yahoo.co.jp/articles/e2f88457a6fef95c53ad0a582e0686a27378ed11,https://newsatcl-pctr.c.yimg.jp/t/amd-img/20260809-22862806-jnn-000-1-view.jpg?exp=10800,2026-08-09T17:52:15+09:00,2026-08-09T17:52:15+09:00,TBS NEWS DIG Powered by JNN,jnn,TBS NEWS DIG Powered by JNN,258,"TBS NEWS DIG Powered by JNN
気象台は、9日午後5時51分に、レベル3大雨警報を日光市今市に発表しました。

栃木県では、低い土地の浸水や河川の増水に警戒してください。
【現在地の防災情報を確認】
【大雨警報（発表中）】
■宇都宮市
●レベル3大雨警報

■鹿沼市
●レベル2大雨注意報

■日光市今市
●レベル3大雨警報【発表】

■大田原市
●レベル3大雨警報

■那須塩原市
●レベル3大雨警報

■那須町
●レベル2大雨注意報
TBS NEWS DIG Powered by JNN",[],[]
「波にさらわれ姿が見えない」男性（38）波にさらわれ死亡　交際相手と海岸を散歩中 当時は波浪注意報　千葉・いすみ市（TBS NEWS DIG Powered by JNN）,https://news.yahoo.co.jp/articles/76dfad08c88bb2422cbf89b22c9150b38691e64c,https://newsatcl-pctr.c.yimg.jp/t/amd-img/20260809-07320172-jnn-000-5-thumb.jpg?exp=10800,2026-08-09T17:51:03+09:00,2026-08-09T19:08:17+09:00,TBS NEWS DIG Powered by JNN,jnn,TBS NEWS DIG Powered by JNN,314,"TBS NEWS DIG Powered by JNN
きょう、千葉県の海岸を散歩していた38歳の男性が波にさらわれ、死亡しました。

きょう正午ごろ、いすみ市岩船の海岸で「男性が波にさらわれ、姿が見えない」と119番通報がありました。

警察や消防などによりますと、流されたのは千葉県八街市に住む玄間晃裕さん（38）で、交際相手と海岸を散歩中に写真を撮っていたところ、波にさらわれて行方が分からなくなったということです。

玄間さんは300～400メートルほど離れた沖合で発見され、海上保安庁によって救助されましたが、その後、死亡が確認されました。

当時、いすみ市には波浪注意報が発表されていたということです。
TBSテレビ",[],[]
「介護疲れで日常的に暴行」母親（80）踏みつけて死亡させたか　息子（58）逮捕　左右の肋骨合わせて8本骨折 死亡確認　大阪（TBS NEWS DIG Powered by JNN）,https://news.yahoo.co.jp/articles/6e270a43e47e6ca6e96d1b5f809547b4afbd11ca,https://newsatcl-pctr.c.yimg.jp/t/amd-img/20260809-07320162-jnn-000-2-thumb.jpg?exp=10800,2026-08-09T17:47:34+09:00,2026-08-09T17:49:44+09:00,TBS NEWS DIG Powered by JNN,jnn,TBS NEWS DIG Powered by JNN,305,"TBS NEWS DIG Powered by JNN
大阪府内の住宅で80歳の母親を踏みつけて死亡させたとして、58歳の男が逮捕されました。

傷害致死の疑いで逮捕された大阪府岬町の釣野嘉樹容疑者（58）は先月10日、自宅で同居する80歳の母親を踏みつけるなどして、死亡させた疑いがもたれています。

母親は病院に搬送されましたが、左右の肋骨合わせて8本を骨折していて、死亡が確認されました。

調べに対して釣野容疑者は容疑を認めていて、「介護疲れで日常的に暴行していた」と話しているということです。

母親の体には複数のあざがあり、警察は釣野容疑者が日常的に暴行していたとみて捜査しています。
TBSテレビ",[],[]
孤立していた約390人の下山始まる　土石流で橋が崩落　長野・安曇野市北アルプス燕岳の登山口　土石流で配管壊れ約1600軒の旅館・別荘に温泉のお湯供給出来ず（TBS NEWS DIG Powered by JNN）,https://news.yahoo.co.jp/articles/f476188560d756a1dd95f053e76e9df411560ecd,https://newsatcl-pctr.c.yimg.jp/t/amd-img/20260809-07320176-jnn-000-2-thumb.jpg?exp=10800,2026-08-09T17:45:25+09:00,2026-08-09T17:47:17+09:00,TBS NEWS DIG Powered by JNN,jnn,TBS NEWS DIG Powered by JNN,390,"TBS NEWS DIG Powered by JNN
長野県安曇野市の登山口に通じる道路で起きた土石流で、孤立していたおよそ390人の下山が始まりました。

土石流が発生したのは、きのう午後8時ごろとみられ、安曇野市の県道にかかる長さ10メートルほどの橋が崩落しました。

北アルプス燕岳の登山口にあたる中房温泉への唯一の道路で、宿泊施設にいたおよそ390人が一時孤立状態となりました。

県の応急工事で、徒歩で渡れるようになり、市がバスで下山させていて、孤立状態は解消されつつあります。

一時孤立していた人
「鉄のはしごを下りたり、岩盤の所を歩いたりして来ました。（下るのは）普通の方ではちょっと無理だと思う」

一方、土石流で配管が壊れたため、旅館や別荘などおよそ1600軒に温泉のお湯の供給ができなくなっていて、一部の施設では、あすから営業を見合わせます。
TBSテレビ",[],[]
都市ガスなどライフライン復旧進む　熊本地震発生から13日目　八代市 約8900戸で都市ガス供給止まるが5割ほど復旧　残る世帯も今週中に復旧の見通し（TBS NEWS DIG Powered by JNN）,https://news.yahoo.co.jp/articles/04a7c0e82dd7124a626414565d76842960ee26ae,https://newsatcl-pctr.c.yimg.jp/t/amd-img/20260809-07320169-jnn-000-2-thumb.jpg?exp=10800,2026-08-09T17:39:45+09:00,2026-08-09T17:42:03+09:00,TBS NEWS DIG Powered by JNN,jnn,TBS NEWS DIG Powered by JNN,685,"TBS NEWS DIG Powered by JNN
熊本県で最大震度7の地震を観測してしてから13日目です。被災地では供給が止まっている都市ガスの開通作業が行われるなど、ライフラインの復旧が進められています。

記者
「宇城市内のこちらのグラウンドには、地震で使えなくなった家財が山のように積まれています」

最大震度7を観測した宇城市では、きのうから市内4か所に災害廃棄物の仮設置き場が開設され、朝から大勢の人が使えなくなった家財道具を運びこんでいました。

「これを持ってきていいと（案内に）出ていた。助かりますね」

一方、震度6強を観測した八代市では、供給が止まっている都市ガスの復旧作業が進められています。

九州ガスによりますと、八代市では今回の地震でおよそ8900戸で都市ガスの供給が止まり、きのう現在、復旧は5割ほどにとどまっているということです。

角田壽弘さん
「（Q．ご自宅にあったのを使ってる？）前の熊本地震で買って用意していた」

市内で一人で暮らす角田さんの自宅もガスの供給が止まったままで、12日間、カセットコンロでしのいでいたといいます。その角田さんの家にもけさ、ガス業者が訪問し、13日目にして供給が再開しました。

ガス業者
「コンロのところ行きますね。ガスは開通していますので、お使いいただけますので」
角田壽弘さん
「きれいなガスがでてきます。ひとまず落ち着きますね、ひとつずつインフラが回復していくと」

九州ガスによりますと、市内で供給が再開していない世帯についても、今週中に復旧する見通しだということです。
TBSテレビ",[],[]
あす（10日）晴れる所多くなるが東北は雲広がりやすく雨の降る所もある見込み　午後は関東から西も、ところどころでにわか雨・雷雨がある予想（TBS NEWS DIG Powered by JNN）,https://news.yahoo.co.jp/articles/611f9a9889d2cc89f1ec0e3648e8ebacad256ec9,https://newsatcl-pctr.c.yimg.jp/t/amd-img/20260809-07320175-jnn-000-3-thumb.jpg?exp=10800,2026-08-09T17:36:34+09:00,2026-08-09T17:43:55+09:00,TBS NEWS DIG Powered by JNN,jnn,TBS NEWS DIG Powered by JNN,554,"TBS NEWS DIG Powered by JNN
あすは晴れる所が多くなりますが、東北は雲が広がりやすく、雨の降る所もあるでしょう。また、午後は関東から西も、ところどころでにわか雨や雷雨がありそうです。東海中心に激しい雨の降る所もある見込みです。

朝の気温は東日本や西日本を中心に25℃前後となりそうです。北日本はけさより低くなるでしょう。日中の気温は東海や西日本で35℃くらいまで上がる所が多く、厳しい暑さとなりそうです。熊本は雲が多めながら34℃の予想です。熱中症にお気をつけください。関東から北は平年並みか低い所もあり、仙台は26℃と風が涼しく感じられるでしょう。

【あすの各地の予想最高気温】
札幌　：26℃　釧路：24℃
青森　：28℃　盛岡：28℃
仙台　：26℃　新潟：29℃
長野　：32℃　金沢：32℃
名古屋：35℃　東京：31℃
大阪　：35℃　岡山：36℃
広島　：34℃　松江：31℃
高知　：33℃　福岡：34℃
鹿児島：33℃　那覇：31℃

火曜日ごろは、台風15号の影響で東北を中心に荒れた天気となるおそれがあります。関東も火曜日以降は雨が降りやすく、雷雨になる日もあるでしょう。東海や西日本も、週の中ごろから雲が多くなり、雨の降る日もありそうです。
TBSテレビ",[],[]
【 福山雅治 】長崎原爆の日「生きていることを非常に深く考えさせられる」戦争を題材とした映画の主題歌を務めた信念「やるべき大きな仕事」（TBS NEWS DIG Powered by JNN）,https://news.yahoo.co.jp/articles/a4659e8fdaf09970d3d091214f35825c5fef0748,https://newsatcl-pctr.c.yimg.jp/t/amd-img/20260809-22862791-jnn-000-1-view.jpg?exp=10800,2026-08-09T17:33:17+09:00,2026-08-09T17:33:17+09:00,TBS NEWS DIG Powered by JNN,jnn,TBS NEWS DIG Powered by JNN,1242,"TBS NEWS DIG Powered by JNN
映画『あの星が降る丘で、君とまた出会いたい。』公開御礼舞台挨拶が行われ、福原遥さん、細田佳央太さんをはじめとするキャスト陣が集結。主題歌「邂逅」を担当した福山雅治さんもサプライズ登場しました。
【写真を見る】【 福山雅治 】長崎原爆の日「生きていることを非常に深く考えさせられる」戦争を題材とした映画の主題歌を務めた信念「やるべき大きな仕事」
福原さんは、〝公開初日に、真ん中の方でしっかり観ました〟と、映画館で本作を鑑賞したことを告白。〝全然バレなかった。たくさんの方が涙してくれていて、「届いたんだ」と思ってホッとして、嬉しかった〟と、安堵の気持ちを語りました。

細田さんも、映画館まで足を運んだそうで、〝僕は今週観ようかなと思ったんですけど、あまりに気になりすぎて昨日行ってきちゃった〟と、照れ笑い。〝幅広い世代の方に観ていただいて、届いたんだなと確信が持てる反応だった。人によって泣く場所が違うというのも嬉しいなと感じました〟と、映画館で感じた雰囲気を感慨深げに話していました。

イベント中盤、主題歌について福原さんや細田さんが熱弁していると、MCから〝なんと今回は「邂逅」を描き下ろされたこの方が登場します!〟と、アナウンス。このサプライズ進行に福原さんと出口さんが顔を見合わせてハシャいでいると、主題歌をバックに福山さんが堂々たる登場。観客から浴びせられる〝ましゃー!〟という熱い声援に、福山さんは〝そんなに言ってくれるんですね。ありがとうございます!〟と、笑顔で応えていました。

大興奮の会場が一呼吸つくと、福原さんは〝ビックリしました。でも裏で、出口ちゃんと「来てくださるかなぁ」とか、冗談で言ってた。まさか、こんなことがあるとは。嬉しいです〟と、喜びのコメント。一方の出口さんは〝当たっちゃった（笑）〟と、福山さん登場の予想を当てたことで、無邪気に笑っていました。

また、戦争を題材とした本作。福山さんは〝今日は8月9日。長崎出身の僕にとって、1945年8月9日11時2分という時間は、自分がいまこの世に生きていることを非常に深く考えさせられる1日〟と、8月9日に長崎に原爆が落とされた歴史に言及。
続けて、当時自身の父親や祖母が生き残った背景を言葉を選びつつ説明すると〝僕自身がこの仕事をやっていく中で、社会課題とエンターテインメントの接続、高い次元での融合というのは、やらなければならないことの一つだと思っていました。それを模索していた中で、前作でこの作品に出会えたことというのは、探していたことの一つの到達点だと思っています。本当に運命なんだなというふうに感じた。エンターテイメントをやる人間として、長崎出身の人間として、やるべき大きな仕事なんだなと思って取り組ませていただきました〟と、想いを語りました。

【担当:芸能情報ステーション】
TBS NEWS DIG Powered by JNN",[],[]
【阪神9日スタメン】中野とガルシアはベンチ 二遊間は元山2番ショート＆高寺7番セカンド クリーンナップは森下 佐藤輝 大山 前川6番レフト 先発・伊藤将 捕手は坂本（TBS NEWS DIG Powered by JNN）,https://news.yahoo.co.jp/articles/e9a81f4b26b82979b882214eb3e83ab0c37d5b0e,https://newsatcl-pctr.c.yimg.jp/t/amd-img/20260809-00010021-jnn-000-1-view.jpg?exp=10800,2026-08-09T17:23:39+09:00,2026-08-09T17:23:39+09:00,TBS NEWS DIG Powered by JNN,jnn,TBS NEWS DIG Powered by JNN,1025,"阪神・藤川球児監督
■プロ野球　阪神－中日　（9日　京セラⅮ大阪）

阪神の今季100戦目となる中日戦のスタメンが発表された。前日・中日戦は先発・伊原が2回に加藤匠に適時打、続く投手マラーの左安打をガルシアが後逸し2点適時三塁打となり福永にも適時打を許し一挙4失点。伊原は5回途中7安打5失点で2敗目。ガルシアには7回にもサノ―の打球を後逸し致命的な適時打となり6失点目となった。打線は10安打も11残塁で1得点のみ。2連敗で2カード連続負け越し、54勝44敗の貯金10で巨人と同率首位、3位にはDeNAが浮上し8.5ゲーム差となっている。立石正広を登録抹消、木浪聖也を出場登録。

チーム打率.246はDeNAの打率.247に抜かれ2位、だが今季81本塁打はリーグ・トップを維持。森下がリーグ1位の25本塁打、佐藤輝が23本塁打で2位、大山は13本塁打で8位タイとベストテンに3人が入る。

打率部門は佐藤輝が打率.318でリーグ唯一の3割打者で首位打者、2位は中野が打率.294、3位・森下は打率.285、4位は大山が打率.282と4位まで阪神勢が占める。打点部門は1位は佐藤輝の70打点、2位・森下が61打点、ダルベック（巨人）が60打点で3位に浮上してきた。

今季の中日戦は球団初の開幕6連勝もあり12勝6敗。昨季は12勝13敗でセ・リーグで唯一、負け越した。だが20年～24年まで5年連続で勝ち越していた。

【阪神】
1）近本　センター
2）元山　ショート
3）森下　ライト
4）佐藤輝　サード
5）大山　ファースト
6）前川　レフト
7）髙寺　セカンド
8）坂本　キャッチャー
9）伊藤将　ピッチャー

先発・伊藤将司 今季6度目の登板、1勝1敗、防御率3.65。前回の1日・ヤクルト戦（神宮）は5回4安打3失点（自責3）で今季初勝利。中日戦は今季初登板、昨年は1試合・9月3日（バンテリンドーム）に登板し6回10安打5失点（自責5）で負け投手だった。

【中日】
1）福永　セカンド
2）村松　ショート
3）細川　レフト
4）サノー　ファースト
5）石川昂　サード
6）石伊　キャッチャー
7）鵜飼　ライト
8）岡林　センター
9）柳　ピッチャー 

先発・柳裕也 今季19度目の登板、4勝3敗、防御率2.57。前回の2日・広島戦（マツダ）は6回6安打2失点（自責2）で勝ち負けつかず。阪神戦は今季5度目、0勝1敗、防御率2.08。",[],[]
【中日9日スタメン】1番福永＆2番村松 クリーンナップは細川 サノー 石川昂 6番キャッチャー石伊 ライトは鵜飼 8番センター岡林 先発・柳（TBS NEWS DIG Powered by JNN）,https://news.yahoo.co.jp/articles/e9be61ccf78045c2a9c543bddafff2fcce0bbcdc,https://newsatcl-pctr.c.yimg.jp/t/amd-img/20260809-00010020-jnn-000-1-view.jpg?exp=10800,2026-08-09T17:22:41+09:00,2026-08-09T17:22:41+09:00,TBS NEWS DIG Powered by JNN,jnn,TBS NEWS DIG Powered by JNN,940,"中日・井上一樹監督
■プロ野球　阪神ー中日　（9日　京セラÐ大阪）

中日の今季103戦目となる阪神戦のスタメンが発表された。前日・阪神戦は2回、加藤匠が先制適時打を放つとマラーの2点適時三塁打、福永の適時打で一挙4点を奪う。5回は村松の適時打、7回にはサノ―と石川昂の適時打で着実に加点し12安打で7得点を挙げる。マラーは7回7安打1失点で4勝目。2カード連続の勝ち越しを決め今季初の5連勝中、44勝57敗1分の借金13で5位、4位・ヤクルトと2ゲーム差、3位・DeNAとは2ゲーム差となっている。出場登録・抹消なし。

今季はホームでは28勝25敗と勝ち越すがビジターでは16勝32敗1分と大きく負け越している。今季チーム79本塁打で阪神の81本塁打、DeNAの80本塁打に次いでリーグ3位も4試合連続でノーアーチ。だが8月のチーム防御率1.45はリーグ1位、2位・巨人の防御率2.88を大きく上回り抜群の安定感を発揮してきた。特に8月の救援防御率0.95と驚異の数字を残している。

今季の阪神戦は球団ワーストの開幕6連敗があり6勝12敗、ただ昨季はセ・リーグで唯一阪神に13勝12敗で勝ち越した。だが20～24年は5年連続で負け越していた。

【中日】
1）福永　セカンド
2）村松　ショート
3）細川　レフト
4）サノー　ファースト
5）石川昂　サード
6）石伊　キャッチャー
7）鵜飼　ライト
8）岡林　センター
9）柳　ピッチャー 

先発・柳裕也 今季19度目の登板、4勝3敗、防御率2.57。前回の2日・広島戦（マツダ）は6回6安打2失点（自責2）で勝ち負けつかず。阪神戦は今季5度目、0勝1敗、防御率2.08。

【阪神】
1）近本　センター
2）元山　ショート
3）森下　ライト
4）佐藤輝　サード
5）大山　ファースト
6）前川　レフト
7）髙寺　セカンド
8）坂本　キャッチャー
9）伊藤将　ピッチャー

先発・伊藤将司 今季6度目の登板、1勝1敗、防御率3.65。前回の1日・ヤクルト戦（神宮）は5回4安打3失点（自責3）で今季初勝利。中日戦は今季初登板、昨年は1試合・9月3日（バンテリンドーム）に登板し6回10安打5失点（自責5）で負け投手だった。",[],[]
【レベル3大雨警報】栃木県・大田原市に発表 17:19時点（TBS NEWS DIG Powered by JNN）,https://news.yahoo.co.jp/articles/01c9bcfdf18baf5f717692d3bcea77a6e5113c2f,https://newsatcl-pctr.c.yimg.jp/t/amd-img/20260809-22862779-jnn-000-1-view.jpg?exp=10800,2026-08-09T17:22:19+09:00,2026-08-09T17:22:19+09:00,TBS NEWS DIG Powered by JNN,jnn,TBS NEWS DIG Powered by JNN,243,"TBS NEWS DIG Powered by JNN
気象台は、9日午後5時19分に、レベル3大雨警報を大田原市に発表しました。

栃木県では、低い土地の浸水や河川の増水に警戒してください。
【現在地の防災情報を確認】
【大雨警報（発表中）】
■宇都宮市
●レベル3大雨警報

■鹿沼市
●レベル2大雨注意報【発表】

■大田原市
●レベル3大雨警報【発表】

■那須塩原市
●レベル3大雨警報

■那須町
●レベル2大雨注意報
TBS NEWS DIG Powered by JNN",[],[]
【ヤクルト】逆転負け 3点リード守れず 最多貯金11→ワースト借金”10”...松本健6回途中5失点 大城に同点打 阪口は岡田と丸に痛打 鈴木叶2号2ランも（TBS NEWS DIG Powered by JNN）,https://news.yahoo.co.jp/articles/9ee6db96946cb6a29a83dff5a130858a3fc70354,https://newsatcl-pctr.c.yimg.jp/t/amd-img/20260809-00010019-jnn-000-1-view.jpg?exp=10800,2026-08-09T17:18:35+09:00,2026-08-09T17:18:35+09:00,TBS NEWS DIG Powered by JNN,jnn,TBS NEWS DIG Powered by JNN,1457,"ヤクルト・池山隆寛監督
■プロ野球　巨人7ー3ヤクルト　（9日　東京ドーム）

ヤクルトは巨人に3点にリードを守れず逆転負け。45勝55敗1分の今季ワースト借金10、6月3日には最多貯金11あった。巨人の先発・小笠原に3回、モンテルの犠飛と鈴木叶の2号2ランで3点を先制。だが先発・松本健は4回にダルベックと石塚に適時打を浴び2失点。松本健は6回には大城に同点適時二塁打を浴び降板、代わった阪口が岡田に決勝適時打、代打・丸に連続で2点適時二塁打を献上しこの回、4点を失った。

岩田はベンチ。1番ショート・長岡、2番ファースト・山野辺、3番レフト・サンタナ、4番ライト・増田、5番サード・赤羽、6番セカンド・内山、7番センター・モンテル、8番キャッチャー・鈴木叶、9番ピッチャー・松本健で臨んだ。

巨人の先発・小笠原はNPB復帰4試合目の登板。1回、長岡は二ゴロ、山野辺は左飛、サンタナは空振り三振に終わる。

先発・松本は今季15度目（先発14）の登板、5勝3敗、防御率3.39。前回の7月18日・DeNA戦（横浜）は4回1/3を8安打6失点（自責6）で負け投手、翌19日に登録抹消。巨人戦は今季初登板。

松本健は1回、浦田を左飛、松本を右飛、泉口を左飛と全て外野フライに取る立ち上がり。

2回の攻撃で増田が中安打、赤羽の三ゴロで1死二塁も内山は中飛、モンテルは遊飛で先制できず。だが松本健は2回、ダルベックを空振り三振、大城を一ゴロ、佐々木を遊飛に抑える。

3回の攻撃で2死から長岡が中安打に二盗を決める。山野辺は三内安打で一・三塁とするがサンタナは右飛に倒れ好機に1本が出ない。松本健は3回、石塚に四球、浦田に右翼線へツーベースで2死二・三塁とするも松本を左飛に抑えた。

すると4回の攻撃も先頭・増田が中安打、赤羽は二飛も内山が左安打、小笠原の暴投で1死二・三塁に。モンテルがセンターへ犠飛を放ち先制、さらに鈴木叶が左中間スタンドへ2号2ランを放り込み、3ー0とした。

先制した直後4回、松本健は先頭・泉口に右翼線へツーベース、ダルベックに中越えタイムリーツーベースを飛ばされ、3－1となる。大城、佐々木を凡打に取るも石塚に中前へタイムリーを放たれ、3ー2となった。

5回の攻撃は小笠原に長岡、山野辺、サンタナとわずか7球で終わる。松本健も5回2死から松本に左安打も二盗を鈴木叶が封殺。

6回の攻撃は先頭・増田が四球も赤羽は見逃し三振、内山は三ゴロ併殺打に倒れた。

すると松本健は6回、泉口に右安打、ダルベックに四球で無死一・二塁とすると大城に右中間へタイムリーツーベースを弾き返され、3－3の同点に追いつかれる。松本健は佐々木を右飛に取り降板。

代わった2番手・阪口は1死二・三塁で石塚を二ゴロも取るも岡田に中前へタイムリーを運ばれ、3ー4と勝ち越される。さらに2死一・二塁から代打・丸に右中間へ2点タイムリーツーベースを打ち返され、3－6とリードを広げられた。

松本健は5回1/3を98球、7安打、2四球、1奪三振の5失点（自責5）。

7回の攻撃は巨人2番手・中川にモンテルは二飛、鈴木叶と代打・澤井は連続空振り三振に倒れた。8回は巨人3番手・田中瑛に先頭・長岡が四球も代打・西村、サンタナ、増田と凡退しつながらず。

8回、4番手・廣澤が先頭・岡田に四球を与え2死後に松本に左越えタイムリーツーベースを打ち返され、3ー7となった。9回の攻撃は巨人4番手・船迫に無得点に終わった。",[],[]
【巨人】逆転勝ちで首位キープ！貯金最多タイ11 小笠原6回3失点で2勝目 大城同点打 今季初昇格岡田がV打 石塚適時打 代打丸追加打（TBS NEWS DIG Powered by JNN）,https://news.yahoo.co.jp/articles/ad7c7611797b6e89ffe949257600e706b058207a,https://newsatcl-pctr.c.yimg.jp/t/amd-img/20260809-00010018-jnn-000-1-view.jpg?exp=10800,2026-08-09T17:18:27+09:00,2026-08-09T17:18:27+09:00,TBS NEWS DIG Powered by JNN,jnn,TBS NEWS DIG Powered by JNN,1776,"勝ち越しの適時打を放った巨人・岡田悠希内野手
■プロ野球　巨人 7－3 ヤクルト（9日・東京ドーム）

巨人はヤクルトに逆転勝ちで首位を守った。通算55勝44敗2分で貯金は最多タイとなる11に広がった。先発の小笠原は6回3失点のピッチングで2勝目をあげた。3点ビハインドの4回裏にダルベック、石塚の適時打で1点差に詰め寄る。6回裏には大城の適時打で同点に追いつくと、今季一軍初昇格の岡田が適時打を放ち、勝ち越した。以降も代打・丸の適時打、松本の適時打でリードを広げた。

スターティングメンバーには1番セカンド浦田、2番レフト・松本、3番ショート・泉口、4番ファースト・ダルベック、5番キャッチャー・大城、6番センター・佐々木、7番サード・石塚、8番ライト・岡田、9番ピッチャー・小笠原が入った。ライトには笹原に代わり今日一軍に登録された岡田、キャッチャーには岸田に代わり大城が入った。皆川が一軍登録を抹消された。

先発は小笠原。ここまで3試合に登板、1勝2敗、防御率1.35。前回8月2日のDeNA戦（東京ドーム）では7回、102球、6被安打、5奪三振、無四死球、2失点のピッチングも負け投手となった。ヤクルト戦では中日時代の24年9月20日の試合（神宮）で5回、83球、7被安打、2奪三振、1四死球、4失点のピッチングも勝ち負けはつかなかった。

2回表、先頭の4番・増田に中安打を許す。5番・赤羽は三ゴロで1死二塁となる。しかし、6番・内山は中飛、7番・モンテルは遊飛に打ち取り、無失点に抑える。

3回表、2死から1番・長岡に左安打を許す。長岡には二盗を決められ、2死二塁とされるも、2番・山野辺は投安打で2死一・三塁のピンチを招く。しかし、3番・サンタナは右飛に打ち取り、ピンチをしのぐ。

3回裏、ヤクルト先発の松本健から先頭の石塚が四球を選ぶ。しかし、岡田は中飛、小笠原は犠打失敗で三ゴロに倒れる。浦田はライト線へのツーベースヒットを放ち、2死二・三塁のチャンスをつくるも、松本は左飛に倒れ、得点はならない。

4回表、先頭の増田に中安打を許す。赤羽は二飛に倒れるも、内山は左安打で1死一・二塁のピンチを招く。暴投で1死二・三塁となると、モンテルにセンターへの犠飛を浴び、1点を先制される。続く8番・鈴木叶に左中間への2号2ランホームランを浴び、2点を追加され、0－3とリードを広げられる。

4回裏、先頭の泉口がライトへのツーベースヒットを放つ。続くダルベックはセンターへのタイムリーツーベースヒットを放ち、1点を返し、1－3とする。大城は三邪飛、佐々木は一ゴロで2死三塁となる。その後、石塚がセンターへのタイムリーヒットを放ち、さらに1点を返し、2－3とする。

5回裏、2死から松本が左安打を放つ。しかし、松本は二盗失敗で得点はならない。

6回表、先頭の増田に四球を与える。しかし、赤羽は見逃し三振、内山は投併打に打ち取り、無失点に抑える。小笠原はこの回で降板する。6回、94球、6被安打、4奪三振、1四死球、3失点のピッチングだった。

6回裏、先頭の泉口が右安打を放つ。ダルベックは四球で無死一・二塁のチャンスをつくる。続く大城がライトへのタイムリーヒットを放ち、1点を返し、3－3の同点に追いつく。佐々木は右飛に倒れる。松本健から代わった阪口から石塚は二ゴロに倒れ、三塁ランナーのダルベックは三本間でアウトとなる。2死一・三塁から岡田はセンターへのタイムリーヒットを放ち、1点を追加し、4－3と勝ち越す。その後、代打・丸がセンターへのタイムリーツーベースヒットを放ち、さらに2点を追加し、6－3とする。

2番手は中川。モンテルは二飛、鈴木叶は空振り三振、代打・澤井は空振り三振に打ち取り、無失点に抑える。

3番手は田中瑛。先頭の長岡に四球を与える。代打・西村は遊ゴロで1死二塁となる。しかし、サンタナは空振り三振、増田は一ゴロに打ち取り、無失点に抑える。

8回裏、先頭の岡田が四球で出塁する。代打・笹原は左飛に倒れる。暴投で岡田は二塁に進むも、浦田は左飛に倒れ、2死二塁となる。続く松本はレフトフェンス直撃のタイムリーツーベースヒットを放ち、1点を追加し、7－3とする。

9回表、船迫が無失点に抑え、ゲームセット。",[],[]
【レベル3大雨警報】栃木県・那須塩原市に発表 17:16時点（TBS NEWS DIG Powered by JNN）,https://news.yahoo.co.jp/articles/83797c753aaf1bfb948e0e20b9a7ea8b5a8b903e,https://newsatcl-pctr.c.yimg.jp/t/amd-img/20260809-22862773-jnn-000-1-view.jpg?exp=10800,2026-08-09T17:18:17+09:00,2026-08-09T17:18:17+09:00,TBS NEWS DIG Powered by JNN,jnn,TBS NEWS DIG Powered by JNN,232,"TBS NEWS DIG Powered by JNN
気象台は、9日午後5時16分に、レベル3大雨警報を那須塩原市に発表しました。

栃木県では、低い土地の浸水や河川の増水に警戒してください。
【現在地の防災情報を確認】
【大雨警報（発表中）】
■宇都宮市
●レベル3大雨警報

■大田原市
●レベル2大雨注意報【発表】

■那須塩原市
●レベル3大雨警報【発表】

■那須町
●レベル2大雨注意報【発表】
TBS NEWS DIG Powered by JNN",[],[]
【広島9日スタメン】名原は3戦連続ベンチ 秋山1番＆菊池2番 クリーンナップはファビアン 坂倉 モンテロ 小園6番 佐々木7番ライト 先発・鈴木 捕手は石原（TBS NEWS DIG Powered by JNN）,https://news.yahoo.co.jp/articles/fa17110c7b597eaccd023259ee1fd6a6069e5cc2,https://newsatcl-pctr.c.yimg.jp/t/amd-img/20260809-00010017-jnn-000-1-view.jpg?exp=10800,2026-08-09T17:13:23+09:00,2026-08-09T17:13:23+09:00,TBS NEWS DIG Powered by JNN,jnn,TBS NEWS DIG Powered by JNN,993,"日本ハム・新庄剛志監督
■プロ野球　DeNAー広島　（9日　横浜スタジアム）

広島の今季98戦目となるDeNA戦のスタメンが発表された。前日・DeNA戦は2点を追う6回に代打・野間の押し出し四球、代打・佐藤啓の犠飛で同点に追いつく。7回に坂倉の11号ソロで勝ち越すが8回に4番手・高がエンカーナシオンに今季初被弾の7号ソロを献上。延長12回に回跨ぎのアドゥワが先頭・筒香に決勝10号ソロを左翼席に運ばれ、12球団最多の今季8度目のサヨナラ負け。今季5度目の4連敗中、38勝55敗4分の今季ワースト借金17で最下位。5位・中日とは2ゲーム差、4位・ヤクルトとは4ゲーム差となっている。出場登録・抹消なし。

チーム63本塁打はセではヤクルトの60本塁打に次いで少ない。リーグ最多は阪神の81本塁打。チーム最多はファビアンのリーグ7位・14本塁打、2位が坂倉の11本塁打、3位がモンテロの9本塁打。一方DeNAはリーグ2位の80本塁打、なかでも牧が7月に10本塁打、8月に2本塁打を放ち、リーグ3位タイ・18本塁打をマークしている。

今季のDeNA戦は5勝10敗2分、昨季は10勝14敗1分と5年ぶりに負け越した。24年は14勝11敗と勝ち越し、23年は14勝10敗1分、22年は17勝8敗、21年は14勝9敗2分と4年連続で勝ち越していた。20年は8勝14敗2分と負け越す。

【広島】
1）秋山　センター
2）菊池　セカンド
3）ファビアン　レフト
4）坂倉　サード
5）モンテロ　ファースト
6）小園　ショート
7）佐々木　ライト
8）石原　キャッチャー
9）鈴木　ピッチャー

先発・鈴木健矢 床田が左肩の張りで登録抹消となり代役で今季2度目の先発。今季26度目の登板、0勝1敗、2ホールド、防御率2.29。DeNA戦は今季4試合に救援登板し5回3安打・無失点に抑えている。

【DeNA】
1）度会　レフト
2）牧　セカンド
3）筒香　ファースト
4）エンカーナシオン　ライト
5）宮﨑　サード
6）三森　センター
7）松尾　キャッチャー
8）宮下　ショート
9）片山　ピッチャー

先発・片山皓心 ドラフト4位ルーキー左腕。今季3度目の登板、1勝1敗、防御率9.39。前回の7月19日・ヤクルト戦（横浜）は5回3安打1失点（自責1）でプロ初白星を挙げた。広島戦はプロ初登板。",[],[]
【DeNA9日スタメン】7番センター三森 1番度会＆2番牧 クリーンナップは筒香 エンカーナシオン 宮﨑 捕手は松尾 ショート宮下 先発・片山（TBS NEWS DIG Powered by JNN）,https://news.yahoo.co.jp/articles/420ab5a56d4a3d97326d627e7e8c2690b1262cdb,https://newsatcl-pctr.c.yimg.jp/t/amd-img/20260809-00010016-jnn-000-1-view.jpg?exp=10800,2026-08-09T17:11:39+09:00,2026-08-09T17:11:39+09:00,TBS NEWS DIG Powered by JNN,jnn,TBS NEWS DIG Powered by JNN,979,"DeNA・相川亮二監督
■プロ野球　DeNA－広島　（9日　横浜スタジアム）

DeNAの今季101戦目となる広島戦のスタメンが発表された。前日・広島戦は1点を追う8回にエンカーナシオンが右中間席へ7号ソロを運び同点に追いつく。延長12回、先頭・筒香が左翼席へ決勝弾となる10号ソロを放り込み、今季3度目のサヨナラ勝ち。11，12回を無失点に抑えた馬場が移籍後初登板で勝利を挙げた。3カード連続勝ち越しを決め、45勝52敗3分の借金7で5月14日以来の3位に浮上した。同率首位の巨人・阪神とは8.5ゲーム差、4位・ヤクルトとは1ゲーム差となっている。出場登録・抹消なし。

チーム打率.247で阪神の打率.246を抜きリーグ1位、394得点もリーグ1位。規定打席に足りないが勝又が打率.305、牧が打率.282をマークし規定に達した度会は打率.278でリーグ6位に入っている。セ打率上位陣は佐藤輝を筆頭に4位まで阪神勢が独占。投手陣ではレイノルズが10試合連続無失点中で7、8月は14試合に登板、7セーブを挙げ防御率0.64と安定した成績を残している。

今季の広島戦は10勝5敗2分、昨季は14勝10敗1分と5年ぶりに勝ち越した。24年は11勝14敗、23年は10勝14敗1分、22年は8勝17敗、21年は9勝14敗2分と4年連続負け越していた。

【DeNA】
1）度会　レフト
2）牧　セカンド
3）筒香　ファースト
4）エンカーナシオン　ライト
5）宮﨑　サード
6）三森　センター
7）松尾　キャッチャー
8）宮下　ショート
9）片山　ピッチャー

先発・片山皓心 ドラフト4位ルーキー左腕。今季3度目の登板、1勝1敗、防御率9.39。前回の7月19日・ヤクルト戦（横浜）は5回3安打1失点（自責1）でプロ初白星を挙げた。広島戦はプロ初登板。

【広島】
1）秋山　センター
2）菊池　セカンド
3）ファビアン　レフト
4）坂倉　サード
5）モンテロ　ファースト
6）小園　ショート
7）佐々木　ライト
8）石原　キャッチャー
9）鈴木　ピッチャー

先発・鈴木健矢 床田が左肩の張りで登録抹消となり代役で今季2度目の先発。今季26度目の登板、0勝1敗、2ホールド、防御率2.29。DeNA戦は今季4試合に救援登板し5回3安打・無失点に抑えている。",[],[]
【レベル3大雨警報】栃木県・宇都宮市に発表 17:04時点（TBS NEWS DIG Powered by JNN）,https://news.yahoo.co.jp/articles/aa5df3483a9e17bf6518d5a6c2bf590164e5360e,https://newsatcl-pctr.c.yimg.jp/t/amd-img/20260809-22862754-jnn-000-1-view.jpg?exp=10800,2026-08-09T17:07:16+09:00,2026-08-09T17:07:16+09:00,TBS NEWS DIG Powered by JNN,jnn,TBS NEWS DIG Powered by JNN,169,"TBS NEWS DIG Powered by JNN
気象台は、9日午後5時04分に、レベル3大雨警報を宇都宮市に発表しました。

南部では、低い土地の浸水や河川の増水に警戒してください。
【現在地の防災情報を確認】
【大雨警報（発表中）】
■宇都宮市
●レベル3大雨警報【発表】
TBS NEWS DIG Powered by JNN",[],[]
【レベル3大雨警報】長野県・岡谷市に発表 16:58時点（TBS NEWS DIG Powered by JNN）,https://news.yahoo.co.jp/articles/be702b19a514c8a37c54816244e39b2ebd65acaf,https://newsatcl-pctr.c.yimg.jp/t/amd-img/20260809-22862743-jnn-000-1-view.jpg?exp=10800,2026-08-09T17:00:33+09:00,2026-08-09T17:00:33+09:00,TBS NEWS DIG Powered by JNN,jnn,TBS NEWS DIG Powered by JNN,201,"TBS NEWS DIG Powered by JNN
気象台は、9日午後4時58分に、レベル3大雨警報を岡谷市に発表しました。

中部では、低い土地の浸水や河川の増水に警戒してください。
【現在地の防災情報を確認】
【大雨警報（発表中）】
■岡谷市
●レベル3大雨警報【発表】

■諏訪市
●レベル2大雨注意報

■茅野市
●レベル2大雨注意報
TBS NEWS DIG Powered by JNN",[],[]
【レベル3大雨警報】大阪府・大阪市に発表 16:53時点（TBS NEWS DIG Powered by JNN）,https://news.yahoo.co.jp/articles/4a74c3b553e5d970d2daaa39d2506bb2d88da16e,https://newsatcl-pctr.c.yimg.jp/t/amd-img/20260809-22862739-jnn-000-1-view.jpg?exp=10800,2026-08-09T16:55:24+09:00,2026-08-09T16:55:24+09:00,TBS NEWS DIG Powered by JNN,jnn,TBS NEWS DIG Powered by JNN,254,"TBS NEWS DIG Powered by JNN
気象台は、9日午後4時53分に、レベル3大雨警報を大阪市に発表しました。

大阪府では、低い土地の浸水や河川の増水に警戒してください。
【現在地の防災情報を確認】
【大雨警報（発表中）】
■大阪市
●レベル3大雨警報【発表】

■吹田市
●レベル2大雨注意報

■守口市
●レベル2大雨注意報

■大東市
●レベル2大雨注意報

■門真市
●レベル2大雨注意報

■東大阪市
●レベル2大雨注意報
TBS NEWS DIG Powered by JNN",[],[]
熊本県で最大震度1の地震　熊本県・上天草市（TBS NEWS DIG Powered by JNN）,https://news.yahoo.co.jp/articles/38c238c5d00f3e7f293fd823405edc3f7c3fcb3a,https://newsatcl-pctr.c.yimg.jp/t/amd-img/20260809-22862722-jnn-000-1-view.jpg?exp=10800,2026-08-09T16:37:11+09:00,2026-08-09T16:37:11+09:00,TBS NEWS DIG Powered by JNN,jnn,TBS NEWS DIG Powered by JNN,307,"TBS NEWS DIG Powered by JNN
9日午後4時32分ごろ、熊本県で最大震度1を観測する地震がありました。

気象庁によりますと、震源地は熊本県天草・芦北地方で、震源の深さはおよそ10km、地震の規模を示すマグニチュードは2.5と推定されます。
【詳細】各地の震度一覧・最新LIVE
この地震による津波の心配はありません。

最大震度1を観測したのは、熊本県の上天草市です。

【各地の震度詳細】

■震度1
□熊本県
上天草市

気象庁の発表に基づき、地域ごとに震度情報をお伝えしています。
新たな情報が発表され次第、情報を更新します。
TBS NEWS DIG Powered by JNN",[],[]
熊本県で最大震度2の地震　熊本県・熊本南区、宇土市、宇城市（TBS NEWS DIG Powered by JNN）,https://news.yahoo.co.jp/articles/11b40d0020c62ef5aa8de4d2a13924b68217133a,https://newsatcl-pctr.c.yimg.jp/t/amd-img/20260809-22862718-jnn-000-1-view.jpg?exp=10800,2026-08-09T16:32:16+09:00,2026-08-09T16:32:16+09:00,TBS NEWS DIG Powered by JNN,jnn,TBS NEWS DIG Powered by JNN,421,"TBS NEWS DIG Powered by JNN
9日午後4時26分ごろ、熊本県で最大震度2を観測する地震がありました。

気象庁によりますと、震源地は熊本県天草・芦北地方で、震源の深さはおよそ10km、地震の規模を示すマグニチュードは3.5と推定されます。
【詳細】各地の震度一覧・最新LIVE
この地震による津波の心配はありません。

最大震度2を観測したのは、熊本県の熊本南区と宇土市、それに宇城市です。

【各地の震度詳細】

■震度2
□熊本県
熊本南区　宇土市　宇城市

■震度1
□熊本県
熊本中央区　熊本西区　八代市
熊本美里町　西原村　御船町
嘉島町　甲佐町　山都町
氷川町　熊本高森町　五木村
上天草市　芦北町

□福岡県
八女市

□長崎県
雲仙市

気象庁の発表に基づき、地域ごとに震度情報をお伝えしています。
新たな情報が発表され次第、情報を更新します。
TBS NEWS DIG Powered by JNN",[],[]
【日本ハム】”完全復活”有原が2試合連続完封勝利 最多タイ貯金13に！有原は11奪三振で通算1000奪三振に花を添える4勝目 決勝点は五十幡の好走塁から万波がⅤ打（TBS NEWS DIG Powered by JNN）,https://news.yahoo.co.jp/articles/7ab23d457fc0c257ed321d9df299dca57ddbce48,https://newsatcl-pctr.c.yimg.jp/t/amd-img/20260809-00010014-jnn-000-2-view.jpg?exp=10800,2026-08-09T16:20:26+09:00,2026-08-09T16:22:27+09:00,TBS NEWS DIG Powered by JNN,jnn,TBS NEWS DIG Powered by JNN,1114,"日本ハム・有原航平
■プロ野球　日本ハム1ー0楽天　（9日　エスコンF）

日本ハムは楽天に今季15度目の完封勝利でカード勝ち越し、59勝46敗の今季最多タイ貯金13とした。先発・有原は9回を118球、6安打・1死球・11奪三振の無失点に抑え2試合連続の完封勝利で4勝目を挙げた。打線は6回まで楽天の先発・古謝に6回までパーフェクトに抑えられるが7回に五十幡の初安打に好走塁から1死三塁とすると万波の適時打で1点を奪った。

先発・有原は今季10度目の登板、3勝6敗、防御率4.88。前回の2日・ロッテ戦（エスコンF）は9回を100球、3安打、無四死球、9奪三振の無失点で今季初完封勝利を挙げた。

有原は1回1死から佐藤と辰己に連打され一・二塁もマッカスカーを中飛、村林を一邪飛に打ち取り、2回は黒川を一ゴロ、金子を空振り三振、堀内を左飛と3人で退けた。

有原は3回、宗山は空振り三振、続く中島も空振り三振に取りNPB史上161人目の通算1000奪三振を達成した。

スタメンは1番センター・五十幡、2番ショート・水野、3番ライト・万波、4番DH・レイエス、5番レフト・野村、6番ファースト・清宮幸、7番サード・有薗、8番キャッチャー・進藤、9番セカンド・上川畑で臨んだ。

楽天の先発・古謝に1回、五十幡は見逃し三振、水野は遊ゴロ、万波は二ゴロに終わり2回もレイエスは遊ゴロ、野村は一飛、清宮幸は空振り三振に倒れた。

3回の攻撃も有薗が三ゴロ、進藤は一ゴロ、上川畑は中飛と3回まで1人の走者も出せず。

有原は4回1死からマッカスカーに左安打も村林を遊ゴロ併殺打に仕留める。だが4回の攻撃も五十幡は投ゴロ、水野と万波が連続三振でパーフェクトに抑えられる。

有原は5回1死から金子に死球も堀内を空振り三振、金子の二盗を進藤が刺し三振ゲッツー。だが5回の攻撃もレイエス、野村、清宮幸から快音は響かず。

有原は6回、先頭・宗山に右安打で二盗を決められる。中島の一ゴロで1死三塁も佐藤を投直、辰己を中飛に取り得点を与えない。だが6回の攻撃も有薗が空振り三振、進藤は遊ゴロ、上川畑は空振り三振と古謝の前に走者を出せない。

有原は7回1死から村林に左安打、黒川の一ゴロで2死二塁も金子を空振り三振に斬った。

すると7回の攻撃で五十幡が初出塁となる右安打、水野の三前への犠打で五十幡が一気に三塁を陥れ1死三塁に。万波がショート後方へタイムリーを落とし、1点を先制する。

先制した直後8回、有原は堀内と宗山を連続空振り三振、中島に右安打も佐藤を二飛に打ち取り、ここまで103球を要し6安打、1死球、9奪三振で本塁を踏ませない。",[],[]
【楽天】パ最多15度目の零敗で60敗＆借金最多タイ22...古謝今季2度目の完投も12球団最多タイ8敗目 6回完全投球も 万波にV打献上（TBS NEWS DIG Powered by JNN）,https://news.yahoo.co.jp/articles/364112e15d6e0b87715a76309b42a8eab8be157c,https://newsatcl-pctr.c.yimg.jp/t/amd-img/20260809-00010015-jnn-000-1-view.jpg?exp=10800,2026-08-09T16:20:26+09:00,2026-08-09T16:20:26+09:00,TBS NEWS DIG Powered by JNN,jnn,TBS NEWS DIG Powered by JNN,1447,"今季2度目の完投も8敗目を喫した楽天・古謝樹投手
■プロ野球　日本ハム 1－0 楽天（9日・エスコンF）

楽天は日本ハムにパ・リーグ最多となる今季15度目の完封負けを喫した。通算38勝60敗1分で借金は今季最多タイの22に広がった。4カード連続の負け越しとなる。先発の古謝は8回1失点のピッチングで今季2度目の完投も12球団最多タイとなる8敗目を喫した。6回まで完全投球も、7回裏に先頭の五十幡に右安打で出塁を許す。水野の三犠打で一塁ランナーの五十幡に三塁まで進塁を許す。続く万波に適時打を浴び、先制を許した。打線は6安打を放つも11奪三振を喫し、好機をつくるも得点をあげられなかった。

スターティングメンバーには1番レフト・中島、2番ライト・佐藤、3番センター・辰己、4番DH・マッカスカー、5番セカンド・村林、6番サード・黒川、7番ファースト・金子、8番キャッチャー・堀内、9番ショート・宗山が入った。キャッチャーには太田に代わり堀内、サードには平良に代わり黒川が入った。

先発は古謝。ここまで13試合に登板、1勝7敗、防御率4.07。前回8月2日のソフトバンク戦（楽天モバイル）で5回、93球、6被安打、6奪三振、4四死球、6失点（2自責点）のピッチングで7敗目を喫した。日本ハム戦では4月22日の試合（エスコンF）で6回、88球、8被安打、5奪三振、3四死球、3失点のピッチングだった。

1回表、日本ハム先発の有原から1死から佐藤は中安打、辰己は左安打で1死一・二塁のチャンスをつくる。しかし、マッカスカーはセンター五十幡の好捕で中飛に倒れると、村林も一邪飛で得点をあげることはできない。

1回裏、1番・五十幡は見逃し三振、2番・水野は遊ゴロ、3番・万波は二ゴロに打ち取る。

2回裏、4番・レイエスは遊ゴロ、5番・野村は一飛、6番・清宮幸は空振り三振に打ち取る。

3回裏、7番・有薗は三ゴロ、8番・進藤は一ゴロ、9番・上川畑は中飛に打ち取る。

4回表、1死からマッカスカーが左安打を放つも、村林は遊併打に倒れ、得点はならない。

4回裏、五十幡は投ゴロ、水野は空振り三振、万波は空振り三振に打ち取る。

5回表、1死から金子は死球で出塁する。堀内は空振り三振に倒れると、金子は二盗失敗で得点はならない。

5回裏、レイエスは三ゴロ、野村は中飛、清宮幸は右飛に打ち取る。古謝は5回まで走者を許さず、無失点に抑える。

6回表、先頭の宗山が右安打を放つ。宗山は二盗を決め、中島は一ゴロで1死三塁のチャンスをつくる。しかし、佐藤は投直、辰己は中飛に倒れ、先制点はならない。

6回裏、有薗は空振り三振、進藤は遊ゴロ、上川畑は空振り三振に打ち取る。

7回表、1死から村林は左安打を放つ。黒川は一ゴロで2死二塁のチャンスをつくる。しかし、金子は空振り三振に倒れ、チャンスを生かせなかった。

7回裏、先頭の五十幡に右安打を許し、チーム初安打となる。水野に犠打を決められ、一塁ランナーに三塁まで進塁される。1死三塁から前進守備の頭を超えるタイムリーヒットを浴び、1点を先制される。レイエスは遊併打に打ち取る。

8回表、2死から中島が右安打を放つも、佐藤は右飛に倒れる。

8回裏、野村は左飛、清宮幸は中飛、有薗は左飛に打ち取る。古謝は8回、86球、2被安打、6奪三振、無四死球、1失点のピッチングだった。

9回表、有原から得点をあげられず、ゲームセット。有原に完封を献上した。",[],[]
【 杉浦太陽 】末っ子・夢空ちゃんが1歳に　「みんなに囲まれて、一升餅を背負って」家族総出でお祝い（TBS NEWS DIG Powered by JNN）,https://news.yahoo.co.jp/articles/4553a8d77526ad27501d2cedbc58dba5c9924cf0,https://newsatcl-pctr.c.yimg.jp/t/amd-img/20260809-22862688-jnn-000-1-view.jpg?exp=10800,2026-08-09T16:13:14+09:00,2026-08-09T16:13:14+09:00,TBS NEWS DIG Powered by JNN,jnn,TBS NEWS DIG Powered by JNN,634,"TBS NEWS DIG Powered by JNN
俳優・タレントの杉浦太陽さんが8月8日、自身のインスタグラムを更新。末っ子の夢空（ゆめあ）ちゃんが1歳の誕生日を迎えたことを報告しました。
【写真を見る】【 杉浦太陽 】末っ子・夢空ちゃんが1歳に　「みんなに囲まれて、一升餅を背負って」家族総出でお祝い
杉浦さんは「夢空が一歳になりました」とつづり、家族で祝う様子を収めた写真を公開。

続けて「みんなに囲まれて、一升餅を背負って」と、成長を願う伝統行事の一升餅を家族で見守ったことを明かしました。

さらに「早いなぁ」と1年の早さをかみしめ、「ユメ〜　最高の笑顔をありがとう」と感謝をつづりました。

最後に「すくすく大きくなぁれ　誕生日おめでとう」と結びました。

公開された写真には、「HAPPY BIRTHDAY」の飾り付けの前できょうだいたちに撮影されながら、ケーキを頬張る夢空ちゃんの姿が収められていて、きょうだいに頭をなでられて笑顔を見せる夢空ちゃんのカットも。

また、「夢空」の文字と「2025.8.8生」の日付が入ったハート形の一升餅や、アンパンマンをかたどったカレープレート、いちごとクリームのバースデーケーキにろうそくを灯したカットも公開されました。

このほか、室内のクッション遊具に座る様子や、コップを手に大笑いする様子なども披露されています。

【担当:芸能情報ステーション】
TBS NEWS DIG Powered by JNN",[],[]
いま図書館が進化を遂げているんです！ 8メートルの巨大本棚に、3Dプリンター、音楽スタジオまで！ 図書館の専門家が厳選した進化系図書館ベスト7をご紹介！（TBS NEWS DIG Powered by JNN）,https://news.yahoo.co.jp/articles/7a9e0f82415362604c9fc00596dac40afa4f0ba9,https://newsatcl-pctr.c.yimg.jp/t/amd-img/20260809-07319327-jnn-000-2-thumb.jpg?exp=10800,2026-08-09T16:00:00+09:00,2026-08-09T16:00:41+09:00,TBS NEWS DIG Powered by JNN,jnn,TBS NEWS DIG Powered by JNN,92,"TBS NEWS DIG Powered by JNN
夏休みにおすすめ！涼しく楽しく過ごせる進化系図書館ベスト7を、図書館の専門家が厳選！果たして、第1位に輝いたのは？
TBSテレビ",[],[]
【 GENIC・雨宮翔 】『美し過ぎる』の声にも「もっとできる」  25歳を迎え 演じたいのは「サイコパス」（TBS NEWS DIG Powered by JNN）,https://news.yahoo.co.jp/articles/019878d3797c81ae2c91ab2cbdbee4853eac0ec8,https://newsatcl-pctr.c.yimg.jp/t/amd-img/20260809-22862679-jnn-000-1-view.jpg?exp=10800,2026-08-09T15:53:13+09:00,2026-08-09T15:53:13+09:00,TBS NEWS DIG Powered by JNN,jnn,TBS NEWS DIG Powered by JNN,997,"TBS NEWS DIG Powered by JNN
ダンス＆ボーカルグループ・GENICの雨宮翔さんが、25歳の誕生日である8月9日に「雨宮翔 1st写真集 翔想」発売記念イベントを行いました。
【写真を見る】【 GENIC・雨宮翔 】『美し過ぎる』の声にも「もっとできる」  25歳を迎え 演じたいのは「サイコパス」
念願だったという写真集の発売に、雨宮さんは〝「やったぁ」という感じと、「ありがたいな」という気持ち。いろんな方に手にとっていただいている現状が嬉しい〟と、ニッコリ。

〝やっぱり25歳ということで、四半世紀を迎えて、ダンスを始めて20年近くも経っている。そういった中で、このタイミングで（写真集を）出せたっていうことで、すごく意味のあるものになっている〟と、噛み締めると、〝25歳は、もっといろんなものに磨きをかけて、ドンドン進んでいきたい。健康第一で、みなさんにニコニコした笑顔を届けたい〟と、さらなる躍進を誓っていました。

写真集撮影については〝竹林の中を走るシーンが楽しかった〟と、回想。〝子どものころに戻ったような無邪気な感覚。見えない敵から逃げる遊びみたいな（笑）〟と、あどけない笑顔を浮かべていました。

そんな撮影にむけて「準備したこと」を聞かれると、〝「ビジュアルを整える」ですかね。普段からスキンケアとかやっているんですけど、今年初めて買ったのが「美顔器」。そちらを本当にずっと毎朝、毎夜やって...〟と、キラキラした瞳で回答。

今回の写真集は『美し過ぎる写真集』というキャッチコピーがついていますが、それに対しては〝いや、言っていただけることはありがたいんですけど（笑）〟と、照れ笑いを浮かべながら〝僕自身はそこまで美しいと思ったことはない。もっともっとできる。伸び代というか。もっともっと、詰めて伸ばしていきたいと思っています〟と、貪欲な姿勢を見せました。

また、個人としての今後の目標を聞かれると〝映画とかの作品で主演ができる人になりたい〟と、俳優業に意欲。「どんなジャンル?」と、記者に深掘りされると〝サイコパス系。サイコパスっていっても、地頭が良くて「かしこチック」な人をやってみたいです〟と笑顔で話し、そのギャップで取材陣をザワつかせていました。
【担当:芸能情報ステーション】
TBS NEWS DIG Powered by JNN",[],[]
【レベル4土砂災害危険警報】岩手県・花巻市に発表 15:45時点（TBS NEWS DIG Powered by JNN）,https://news.yahoo.co.jp/articles/257e0bac7020ce781817a721aa3ea9814c1287cc,https://newsatcl-pctr.c.yimg.jp/t/amd-img/20260809-22862672-jnn-000-1-view.jpg?exp=10800,2026-08-09T15:47:19+09:00,2026-08-09T15:47:19+09:00,TBS NEWS DIG Powered by JNN,jnn,TBS NEWS DIG Powered by JNN,290,"TBS NEWS DIG Powered by JNN
気象台は、9日午後3時45分に、レベル4土砂災害危険警報を花巻市に発表しました。

内陸では、土砂災害に厳重に警戒してください。
【現在地の防災情報を確認】
【土砂災害警報（発表中）】
■盛岡市
●レベル2土砂災害注意報

■宮古市
●レベル2土砂災害注意報

■花巻市
●レベル4土砂災害危険警報【発表】

■遠野市
●レベル2土砂災害注意報

■一関市
●レベル2土砂災害注意報

■奥州市
●レベル2土砂災害注意報

■西和賀町
●レベル2土砂災害注意報【発表】
TBS NEWS DIG Powered by JNN",[],[]
【レベル4大雨危険警報】岩手県・花巻市に発表 15:45時点（TBS NEWS DIG Powered by JNN）,https://news.yahoo.co.jp/articles/5ce6c817430db9b3cbd3da8c589c17f5c87cc258,https://newsatcl-pctr.c.yimg.jp/t/amd-img/20260809-22862670-jnn-000-1-view.jpg?exp=10800,2026-08-09T15:47:19+09:00,2026-08-09T15:47:19+09:00,TBS NEWS DIG Powered by JNN,jnn,TBS NEWS DIG Powered by JNN,230,"TBS NEWS DIG Powered by JNN
気象台は、9日午後3時45分に、レベル4大雨危険警報を花巻市に発表しました。

内陸では、低い土地の浸水や河川の増水に厳重に警戒してください。
【現在地の防災情報を確認】
【大雨警報（発表中）】
■花巻市
●レベル4大雨危険警報【発表】

■遠野市
●レベル2大雨注意報

■一関市
●レベル2大雨注意報

■西和賀町
●レベル2大雨注意報【発表】
TBS NEWS DIG Powered by JNN",[],[]
「現時点で申し上げられることはない」高市総理　内閣改造・自民党役員人事の時期などについて明言避ける “熊本地震対応に総力を挙げ取り組む”（TBS NEWS DIG Powered by JNN）,https://news.yahoo.co.jp/articles/96d312a50f5dad232fe1d170b6bef23a8db8a585,https://newsatcl-pctr.c.yimg.jp/t/amd-img/20260809-07320167-jnn-000-1-view.jpg?exp=10800,2026-08-09T15:45:15+09:00,2026-08-09T15:45:15+09:00,TBS NEWS DIG Powered by JNN,jnn,TBS NEWS DIG Powered by JNN,389,"TBS NEWS DIG Powered by JNN
高市総理はきょう（9日）、内閣改造と自民党役員人事の時期などについて、政府として熊本地震の対応に総力をあげて取り組んでいるとして明言を避けました。

高市総理
「（熊本地震の対応に）できることは全てやるという姿勢で、まさに内閣、そして政府全体の総力を挙げて取り組みを進めているところです。そうした中ですから内閣改造や役員人事についてですね、現時点で私から申し上げることはございません」

高市総理はきょう午後、訪問中の長崎市で記者団から内閣改造と自民党役員人事の時期などについて問われましたが、熊本地震への対応に言及した上で「現時点で私から申し上げることはない」と述べるにとどめました。

内閣改造と党の役員人事をめぐって、政府・与党内では、今月下旬から来月の上旬におこなわれるのではという見方が出ています。
TBSテレビ",[],[]
【 辻希美 】第5子・夢空ちゃんが1歳に「あの出産から1年……本当に早すぎます」　手や口元がクリームだらけでケーキ頬張る姿も（TBS NEWS DIG Powered by JNN）,https://news.yahoo.co.jp/articles/dffc1b2b13ba815cd59fb450bf37c546e591f66c,https://newsatcl-pctr.c.yimg.jp/t/amd-img/20260809-22862620-jnn-000-1-view.jpg?exp=10800,2026-08-09T15:30:33+09:00,2026-08-09T15:30:33+09:00,TBS NEWS DIG Powered by JNN,jnn,TBS NEWS DIG Powered by JNN,756,"TBS NEWS DIG Powered by JNN
5人の子どもを育てるタレントの辻希美さんが8月9日、自身のインスタグラムを更新。末っ子で第5子（次女）の夢空（ゆめあ）ちゃんが1歳の誕生日を迎えたことを報告しました。
【写真を見る】【 辻希美 】第5子・夢空ちゃんが1歳に「あの出産から1年……本当に早すぎます」　手や口元がクリームだらけでケーキ頬張る姿も
辻さんは「8月8日 夢空が1歳になりましたぁ」とつづり、10枚の写真を公開。

続けて「あの出産から1年……本当に早すぎます」と時の早さをかみしめ、「だからこそ1日1日を大切にしなくちゃと改めて思う」とつづりました。

さらに「夢、毎日沢山の幸せと笑顔を本当にありがとう」と感謝を伝え、「これからもその笑顔を大切に、元気でおてんば娘でいてね」とメッセージを送りました。

最後に「愛してるょ 夢happy birthday」と結びました。

投稿された写真には、「HAPPY BIRTHDAY」の飾り付けとピンクの数字「1」のバルーンを背景に、ベビーチェアに座った夢空ちゃんが両手を上げて満面の笑みを見せる様子が収められています。

別カットでは、アンパンマンの顔をかたどったカレープレートに「1TH YUMEA」と記された誕生日仕様の食事に夢空ちゃんが見入る姿も。

ケーキ入刀の場面では、いちごとクリームのバースデーケーキを前に、夢空ちゃんが手や口元をクリームだらけにしながら頬張る様子や、家族に抱きかかえられてろうそくの火を見つめる姿が写されています。

さらに寿司や唐揚げなどが並ぶ豪華な食卓の写真も添えられ、家族全員でのお祝いの様子がうかがえます。

【担当:芸能情報ステーション】
TBS NEWS DIG Powered by JNN",[],[]
ボイメン【 BOYS AND MEN 】「でらっくす・ボーイズ」に改名　今年3月31日で専属契約終了しており現在は来年3月末まで移行期間　メンバー5人全員が自身のSNS上で一斉に発表（TBS NEWS DIG Powered by JNN）,https://news.yahoo.co.jp/articles/ea91cdb16f22869d0da92a10c769894c50031409,https://newsatcl-pctr.c.yimg.jp/t/amd-img/20260809-22862646-jnn-000-1-view.jpg?exp=10800,2026-08-09T15:28:14+09:00,2026-08-09T15:28:14+09:00,TBS NEWS DIG Powered by JNN,jnn,TBS NEWS DIG Powered by JNN,685,"TBS NEWS DIG Powered by JNN
アイドルグループ「BOYS AND MEN」が、以前の所属事務所との専属契約を終了しており、グループを改名したことを、メンバー5人全員が各々のSNS上で発表しました。
【写真を見る】ボイメン【 BOYS AND MEN 】「でらっくす・ボーイズ」に改名　今年3月31日で専属契約終了しており現在は来年3月末まで移行期間　メンバー5人全員が自身のSNS上で一斉に発表
専属契約終了については「2026年3月31日をもちまして株式会社フォーチュンエンターテイメントとの専属契約を終了」グループの改名については「新たな活動名『でらっくす・ボーイズ』として歩み始めること」と報告しました。

進行中の案件や収録・制作済みの作品については「原則、従来どおり『BOYS AND MEN』として出演・表記・活動いたします」とのこと。

そして「新規の出演・イベント・各種発信につきましては『でらっくす・ボーイズ』の名称を使用」として区別しているとのこと。

さらに現在「2027年3月31日までは新たな活動への移行期間」としており「2027年4月1日より、私たちは『でらっくす・ボーイズ』となります」と説明しています。

5人は「この期間を”でらっくす移行期間”と名付け、一日一日を大切に活動してまいります」「『でらっくす・ボーイズ』の運営はメンバー5人で設立した、株式会社Nagoya Okoshiが執り行います」と、呼びかけています。

【担当:芸能情報ステーション】
TBS NEWS DIG Powered by JNN",[],[]
張本智和が決勝進出！松島輝空との日本勢対決制し兄妹Vへ王手「自分のプレーをして勝つ」【WTTチャンピオンズ横浜】（TBS NEWS DIG Powered by JNN）,https://news.yahoo.co.jp/articles/bc698468217dc6fcb7d3d4e1aaa8163143fd6de1,https://newsatcl-pctr.c.yimg.jp/t/amd-img/20260809-00010013-jnn-000-6-view.jpg?exp=10800,2026-08-09T15:22:16+09:00,2026-08-09T16:04:08+09:00,TBS NEWS DIG Powered by JNN,jnn,TBS NEWS DIG Powered by JNN,1411,"張本智和選手
■卓球 WTTチャンピオンズ横浜2026 第6日 （9日、横浜BUNTAI）

男子シングルス準決勝で張本智和（23、世界ランク5位）は、松島輝空（19、同3位）をゲームカウント4ー2（11ー4、11ー9、8ー11、15ー17、11ー5、11ー9）で下し、決勝進出を決めた。
【代表一覧】9月開催のアジア大会、卓球代表選手　張本兄妹や早田ひなら10人
1月の全日本選手権では松島に敗れている張本。リベンジを懸けた日本勢対決となったこの試合では、序盤からバックハンドを軸に激しいラリー戦を制し、着実にポイントを重ねていく。勢いに乗る張本に対し、松島もフォアハンドで応戦するが、張本は猛攻の手を緩めず反撃を許さず。11ー4でこのゲームを制した。

第2ゲームは、立ち上がりでチキータを繰り出すなど、3連続ポイントを奪った張本。強打で相手のミスを誘うなど、このゲームでも主導権を握り、流れを渡さない。最後まで攻撃の手を緩めず、11ー9でこのゲームを制し、2ゲームを連取した。

第3ゲームは、松島のチキータに苦しみ、序盤からリードを許す展開となった。それでもバックハンドや強烈なフォアハンドで粘りを見せ、食らいつく張本。しかし、なかなか点差を縮めることができず、8ー11でこのゲームを落とした。ゲームカウントは2－1となった。

第4ゲームは、ギアを一気に上げた松島に序盤からリードを奪われる展開となった。それでも張本はラリー戦で粘り強く応戦し、6ー6の同点に追いつくと、相手のミスを誘って7ー6と逆転に成功する。タイムアウトを挟んだ後も一進一退の攻防が続き、互いに譲らない展開となった。しかし、終盤に15ー16と再びリードを許すと、そのまま15－17でこのゲームを落とし、ゲームカウントは2ー2に。

第5ゲームは、5ー5の同点から松島の攻撃を封じ、連続ポイントで一気に突き放した。テンポよく攻撃を仕掛け、主導権を握った張本はそのままリードを広げ、10ー5とゲームポイントを迎える。最後はフォアハンドで決め、ゲームカウントを3ー2。勝利まであと1ゲームに迫った。

第6ゲーム、壮絶なラリー戦が繰り広げられるなど接戦に。強烈なフォアハンドやチキータでリードを奪うと松島に反撃を許さず。マッチポイントを迎えた張本は最後も決め切り、11ー9でこのゲームを制し、決勝進出を決めた。

また同じく準決勝に登場した篠塚大登（22、同24位）は韓国のオ・ジュンソンにゲームカウント1ー4（4ー11、4ー11、11ー7、7ー11、6ー11）で敗れた。女子シングルスでは張本の妹である張本美和（18）が決勝進出を決め、兄妹優勝へ王手をかけた。

試合後、張本は「昨日まではもちろん負けられなかったんですけど、今日は色々含めてさらに負けられない、さらに勝ちたい試合だったので、気合いは昨日以上に入ってましたし、プレー自体もすごく良かったです」と振り返った。

さらに妹・美和の決勝進出には「本当に嬉しいですね。でもここまで来たら残り1つなので、まずは妹が頑張ってくれると思うので、自分はしっかり自分の試合に集中したいと思います」と話し、自身は決勝に向け、「今回ずっと言っているように、相手が誰であろうと自分のプレーをして勝つんだって思っているので、残り1試合しっかりやり切って、今大会優勝で終えれるように頑張ります」と意気込んだ。",[],[]
「給湯器にエラー。取り替えないと火事に」などとウソ…給湯器点検業者になりすまし工事代金だまし取ろうとしたか 建築会社社長の男ら2人逮捕　東京・足立区（TBS NEWS DIG Powered by JNN）,https://news.yahoo.co.jp/articles/cb3e80f0b173d273de31a7a1176d6b87b51b2414,https://newsatcl-pctr.c.yimg.jp/t/amd-img/20260809-07320163-jnn-000-2-thumb.jpg?exp=10800,2026-08-09T15:12:37+09:00,2026-08-09T15:14:54+09:00,TBS NEWS DIG Powered by JNN,jnn,TBS NEWS DIG Powered by JNN,311,"TBS NEWS DIG Powered by JNN
給湯器の点検業者を装い、「火事になる」などとウソを言って80代の女性から工事費用をだまし取ろうとしたとして、建築会社の社長の男らが逮捕されました。

逮捕された建築会社社長の鈴木宏昌容疑者（42）ら2人は、今年3月、大手給湯器メーカーの点検業者になりすまして80代の女性の自宅を訪れ、「エラーが出ている」「取り替えないと火事になる」などとウソを言い、給湯器の工事費用としておよそ18万円をだまし取ろうとした疑いがもたれています。

2人は調べに対し容疑を否認していますが、他にも同様な手口による被害の相談があるということで、警視庁は余罪を調べています。
TBSテレビ",[],[]
山本由伸 6回途中無失点「自信を持って投げることができた」勝敗付かずもチームの連敗ストップ「みんなの気持ちが1つになった」（TBS NEWS DIG Powered by JNN）,https://news.yahoo.co.jp/articles/19639ffc3d8475ea5963b3fae516e95284342b7d,https://newsatcl-pctr.c.yimg.jp/t/amd-img/20260809-22854645-jnn-000-1-view.jpg?exp=10800,2026-08-09T15:10:34+09:00,2026-08-09T15:10:34+09:00,TBS NEWS DIG Powered by JNN,jnn,TBS NEWS DIG Powered by JNN,950,"TBS NEWS DIG Powered by JNN
■MLB　Dバックス1ー2ドジャース（日本時間9日、チェイス・フィールド）

ドジャースの山本由伸（27）が敵地でのダイヤモンドバックス戦に今季21度目の先発登板。5回2/3回、107球を投げて被安打3、奪三振6、四死球4、失点0。序盤はコーナーへのコントロールが抜群だった山本、中盤に入り2イニング連続で先頭打者にヒットを許すも無死点、6回途中無失点で降板、チームは延長10回、大谷翔平（32）の内野安打で決勝点を奪い、連敗を7でストップ、8月に入って初勝利をあげた。
【日程一覧】3連覇に挑む大谷翔平、山本由伸らのドジャース2026年
試合後、山本は「試合前から良い調子で投げられていたので、試合に入ってもしっかり思い切ってストライクゾーンめがけて投げていけましたし、欲をいうならもう少しイニングいけたらよかったな」と話し「連敗が続いていたので、とにかくきょうの試合をなんとか勝ちきりたかったですし、みんなもそういう気持ちだったと思うので、そういう気持ちが1つになって最後まで良い試合ができたなと思います」と連敗を止められたことに安堵の表情を浮かべた。

自身のピッチングには「フォーム自体もすごくよかったですし、それでいい力感で投げられたので、空振りをとれる場面もありましたし、ストレートも良いコースにいいボールが行っていたので、とにかく自信を持って投げることができました」と納得の表情を浮かべた。

5回、1死一、二塁で2者連続三振の場面は「バッターの反応を見ながら、色んなコースに、色んな球種を投げて行ったんですけど、それが凄い良いところに決まったので、ストレートも凄く良いコースに決まっただけあって、何て言うんだろう、結果上手く行きました」と笑顔を見せた。

連敗が7で止まったD.ロバーツ監督（54）は「本当に厳しい試合でした。勝てたことを喜びたいと思います」と口にして、「投手陣が最後まで粘り強く投げてくれたことが大きかったです。調子の良い投手もいれば、そうでない投手もいました。山本投手は球数が増えましたが、それでも十分な投球をしてくれました」と好投したエースを称えた。
TBS NEWS DIG Powered by JNN",[],[]
アメリカ・深刻な弾薬不足　国防副長官は防衛関連企業に増産を求める書簡を送る（TBS NEWS DIG Powered by JNN）,https://news.yahoo.co.jp/articles/a662a702d3996f5c2adfd773b58a96b9893a4b71,https://newsatcl-pctr.c.yimg.jp/t/amd-img/20260809-07320159-jnn-000-2-view.jpg?exp=10800,2026-08-09T15:09:17+09:00,2026-08-09T15:24:45+09:00,TBS NEWS DIG Powered by JNN,jnn,TBS NEWS DIG Powered by JNN,486,"TBS NEWS DIG Powered by JNN
アメリカ国防総省の副長官が、イランとの戦闘による深刻な弾薬不足を受け、防衛関連企業に対して弾薬を含む兵器の生産と納入を急速に拡大するよう求める書簡を送ったと報じられました。

これはワシントン・ポストが8日報じたものです。記事によりますと、アメリカ国防総省のファインバーグ副長官は5日、防衛関連企業のトップらに「大幅な納入を前倒しする、または増産を推進する計画書」を21日以内に提出を求める書簡を送りました。

トランプ大統領は6日、自身のSNSで「アメリカには“膨大な量”の弾薬がある」と主張していました。

CSIS＝戦略国際問題研究所の分析によると、先週の時点で、防空システムで使われるパトリオット・ミサイルの世界全体の在庫は、開戦前の2200発から827発未満に、THAADミサイルは452発から278発未満へと減少しているということです。

これらのミサイルを含む装備調達には、およそ1兆1500億ドルの防衛支出法案の議会通過が必要ですが、野党・民主党が反対しているため法案は膠着しています。
TBSテレビ",[],[]
今、インスタント袋麺の塩味がアツい！ハマグリに毛がに！ラーメン店顔負けの麺も！専門家ゲキ推しの7品を大家族が1週間ガチ比較！【それスタ】（TBS NEWS DIG Powered by JNN）,https://news.yahoo.co.jp/articles/5ed2ca50b7f70c6b522353a6fafc3a80ae7d147f,https://newsatcl-pctr.c.yimg.jp/t/amd-img/20260809-07319130-jnn-000-2-thumb.jpg?exp=10800,2026-08-09T15:00:00+09:00,2026-08-09T15:00:46+09:00,TBS NEWS DIG Powered by JNN,jnn,TBS NEWS DIG Powered by JNN,98,"TBS NEWS DIG Powered by JNN
今や100種類以上もあるといわれるインスタント袋麺のしお味。結局どの商品を選べばいいのか？8人大家族が1週間食べ比べた結果は？
TBSテレビ",[],[]
熊本県で最大震度1の地震　熊本県・熊本南区、宇土市、宇城市、熊本美里町（TBS NEWS DIG Powered by JNN）,https://news.yahoo.co.jp/articles/fb8ad89f34486b0c2ebac297d5347f2a550872f8,https://newsatcl-pctr.c.yimg.jp/t/amd-img/20260809-22862613-jnn-000-1-view.jpg?exp=10800,2026-08-09T14:52:14+09:00,2026-08-09T14:52:14+09:00,TBS NEWS DIG Powered by JNN,jnn,TBS NEWS DIG Powered by JNN,335,"TBS NEWS DIG Powered by JNN
9日午後2時48分ごろ、熊本県で最大震度1を観測する地震がありました。

気象庁によりますと、震源地は熊本県熊本地方で、震源の深さはおよそ10km、地震の規模を示すマグニチュードは2.9と推定されます。
【詳細】各地の震度一覧・最新LIVE
この地震による津波の心配はありません。

最大震度1を観測したのは、熊本県の熊本南区、宇土市、宇城市、それに熊本美里町です。

【各地の震度詳細】

■震度1
□熊本県
熊本南区　宇土市　宇城市
熊本美里町

気象庁の発表に基づき、地域ごとに震度情報をお伝えしています。
新たな情報が発表され次第、情報を更新します。
TBS NEWS DIG Powered by JNN",[],[]
日本記録保持者・中島ひとみが貫禄の優勝、日本タイ記録でハイレベルのレースを制す　予選で12秒62の日本新をマーク【陸上・富士北麓ワールドトライアル】（TBS NEWS DIG Powered by JNN）,https://news.yahoo.co.jp/articles/79ca4dee8bf99cbcb821ebcd3ad73624679be30e,https://newsatcl-pctr.c.yimg.jp/t/amd-img/20260809-00010012-jnn-000-2-view.jpg?exp=10800,2026-08-09T14:38:49+09:00,2026-08-09T15:13:46+09:00,TBS NEWS DIG Powered by JNN,jnn,TBS NEWS DIG Powered by JNN,816,"中島選手
■陸上・富士北麓ワールドトライアル（9日、山梨・富士北麓公園 「富士山GXスタジアム 」  ）
女子100mハードル決勝が行われ、予選で12秒62の日本新記録をマークした中島ひとみが優勝を果たした。自らが打ち立てた日本記録の更新とはならなかったが12秒62の日本タイ記録でレースを制した。
アジア大会・陸上日本代表86人が決定　桐生祥秀はリレーに選出、最年少17歳は400mHの後藤大樹　田中希実は3種目に出場【一覧】
決勝の舞台には予選で12秒68をマークした好調な青木益未（32、七十七銀行）と去年の東京世界陸上代表の田中佑美（27、富士通）など日本のトップ選手が揃った。

迎えた決勝、中島は5レーン、4レーンには青木、そして6レーンに田中が入った。日本記録12秒62のさらなる更新に期待が高まる中、レースはスタート。中島は勢いよく飛び出すと一気に加速していった。圧倒的なスピードを見せてトップでフィニッシュ。自身の日本記録の更新とはならなかったが、ハイレベルな一戦を制して優勝を果たした。

レース後、中島は「やっと出せたなという気持ちで嬉しい。本当に嬉しい」と改めて日本新記録の喜びを口にした。9月開幕のアジア大会に向けては「アジア大会では、これ以上の記録をしっかりと出せるように、またずっと言ってるように金メダルというところを目指してやっていきたいなと思います」と意気込んだ。

■中島ひとみ（なかじま・ひとみ）
1995年7月13日生まれ。長谷川体育施設所属。中学2年でハードルを始め、翌年の全中で優勝。夙川学院高校、園田学園女子大学を経て実業団へ進む。2024年に29歳で自身初の12秒台（12秒99）をマーク。2025年7月には日本歴代2位となる12秒71を叩き出し、同年の東京世界陸上選手権に出場して準決勝進出を果たした。2026年の日本選手権では12秒77で念願の大会初優勝、アジア大会代表となった。",[],[]
【レベル4土砂災害危険警報】福島県・北塩原村に発表 14:19時点（TBS NEWS DIG Powered by JNN）,https://news.yahoo.co.jp/articles/341b687aca6c07bc7880ebaf5e0e827343d07662,https://newsatcl-pctr.c.yimg.jp/t/amd-img/20260809-22862583-jnn-000-1-view.jpg?exp=10800,2026-08-09T14:21:17+09:00,2026-08-09T14:21:17+09:00,TBS NEWS DIG Powered by JNN,jnn,TBS NEWS DIG Powered by JNN,334,"TBS NEWS DIG Powered by JNN
気象台は、9日午後2時19分に、レベル4土砂災害危険警報を北塩原村に発表しました。
【現在地の防災情報を確認】
会津では、土砂災害に厳重に警戒してください。

【土砂災害警報（発表中）】
■喜多方市
●レベル2土砂災害注意報【発表】

■北塩原村
●レベル4土砂災害危険警報【発表】

■磐梯町
●レベル2土砂災害注意報

■猪苗代町
●レベル2土砂災害注意報

■棚倉町
●レベル2土砂災害注意報

■塙町
●レベル2土砂災害注意報【発表】

■鮫川村
●レベル2土砂災害注意報

■石川町
●レベル2土砂災害注意報

■浅川町
●レベル2土砂災害注意報
TBS NEWS DIG Powered by JNN",[],[]
【速報】秋田県に「記録的短時間大雨」　湯沢市付近で1時間に約100ミリの猛烈な雨　災害警戒  9日13:49時点（TBS NEWS DIG Powered by JNN）,https://news.yahoo.co.jp/articles/1f017ee8e77ca4bb69783e659ce6e5b14b05d0e8,https://newsatcl-pctr.c.yimg.jp/t/amd-img/20260809-22862558-jnn-000-1-view.jpg?exp=10800,2026-08-09T14:12:19+09:00,2026-08-09T14:12:19+09:00,TBS NEWS DIG Powered by JNN,jnn,TBS NEWS DIG Powered by JNN,817,"TBS NEWS DIG Powered by JNN
気象庁は、9日午後1時49分に「記録的短時間大雨」の速報を秋田県へ発表しました。

午後1時40分までの1時間に、湯沢市付近で約100ミリの猛烈な雨が降ったことが、気象庁の雨量計観測、もしくは気象レーダー解析で分かりました。

【各地の雨量】

▼9日午後1時40分までの1時間雨量
・湯沢市付近　約100ミリ

これまでに降り続いた大雨で、災害発生の恐れが高まっています。
ただちに身の安全を確保してください。

＜避難について＞
特に崖や川の近くなど危険な場所にいる方は、地元市町村が避難情報を発表していないか確認し、状況に応じてただちに「立ち退き避難」や「屋内安全確保」など、適切な避難行動をとってください。

また、市町村が定めた避難場所などへ避難することがかえって危険な場合は、崖や沢から少しでも離れた頑丈な建物や、少しでも浸水しにくい高い場所に移動するなど、身の安全を確保してください。

避難する際は、特に土砂災害に対しては、自宅や今いる場所の外に出て、市町村が定めた近くの指定緊急避難場所や、安全な場所にある親戚や知り合いの家、ホテルなどへ行く「立ち退き避難」が原則です。

なお、洪水や高潮に対しては、ハザードマップなどを参考に、屋内で身の安全を確保できるかを確認したうえで、自らの判断で安全な上の方の階に移動するか、安全な上層階に留まる「屋内安全確保」も可能です。

＜「記録的短時間大雨」の速報とは?＞
「記録的短時間大雨」の速報は、その地域にとって数年に一度しか降らないような記録的な大雨が、短い時間のうちに観測された場合に発表されます。

地元の市町村がすでに「避難指示」を発表しているか、まもなく発表するような、災害発生の危険度が高まっている状況です。重大な災害から身を守る行動をお願いします。
TBS NEWS DIG Powered by JNN",[],[]
三重県で最大震度1の地震　三重県・尾鷲市（TBS NEWS DIG Powered by JNN）,https://news.yahoo.co.jp/articles/e5c662f8bd00c3edaf94c2f9976942caad8c965a,https://newsatcl-pctr.c.yimg.jp/t/amd-img/20260809-22862572-jnn-000-1-view.jpg?exp=10800,2026-08-09T14:09:22+09:00,2026-08-09T14:09:22+09:00,TBS NEWS DIG Powered by JNN,jnn,TBS NEWS DIG Powered by JNN,297,"TBS NEWS DIG Powered by JNN
9日午後2時5分ごろ、三重県で最大震度1を観測する地震がありました。

気象庁によりますと、震源地は奈良県で、震源の深さはおよそ60km、地震の規模を示すマグニチュードは3.4と推定されます。
【詳細】各地の震度一覧・最新LIVE
この地震による津波の心配はありません。

最大震度1を観測したのは、三重県の尾鷲市です。

【各地の震度詳細】

■震度1
□三重県
尾鷲市

気象庁の発表に基づき、地域ごとに震度情報をお伝えしています。
新たな情報が発表され次第、情報を更新します。
TBS NEWS DIG Powered by JNN",[],[]
「日本は円安で助けを求めていた」トランプ大統領“28年ぶり日米協調介入”　一方　食料品消費税“2年間1％”へ「財源なき減税は無責任」との批判も　円安の流れは変えられるか…【サンデーモーニング】（TBS NEWS DIG Powered by JNN）,https://news.yahoo.co.jp/articles/092f89e563fe510c08708c7e059ba0a5602b0807,https://newsatcl-pctr.c.yimg.jp/t/amd-img/20260809-22862564-jnn-000-1-view.jpg?exp=10800,2026-08-09T14:02:14+09:00,2026-08-09T14:02:14+09:00,TBS NEWS DIG Powered by JNN,jnn,TBS NEWS DIG Powered by JNN,1995,"TBS NEWS DIG Powered by JNN
歯止めのかからない円安をめぐって、“歴史的な介入”がありました。「日本が助けを求めてきた」というトランプ大統領28年ぶりの「協調介入」に踏み切ってまで円安を止めようとした思惑はどこにあるのでしょう。
【写真を見る】「日本は円安で助けを求めていた」トランプ大統領“28年ぶり日米協調介入”　一方　食料品消費税“2年間1％”へ「財源なき減税は無責任」との批判も　円安の流れは変えられるか…【サンデーモーニング】
■28年ぶりの協調介入は「無秩序な動きに対処したもの」

8月に入り、夏休みも本格化。空港は、海外に向かう人で賑わっていますが

アメリカに渡航
「海外に行くと現地の値段は変わってないのに円がすごく安くなっているんだなとすごく感じる」

アメリカに渡航
「円安はちょっと両替の金額を渋っちゃいます両替のとことか」

口々に嘆くのは「円安」。7月末には1ドル164円に迫るなど約40年ぶりの水準に。

ところがその後、一気に5円ほど円高方向に振れ、その後も急な動きを繰り返します。この値動きについて3日、片山財務大臣は、円安を止めるため、アメリカとともに円を買う「協調介入」に踏み切ったというのです。

片山さつき財務大臣（3日）
「米国財務省と協調して『円買い介入』を実施した。円の過度な変動や無秩序な動きに対処したものです」

この発言を受け、円はさらに2円ほど値上がり。日本単独では⻭止めがかからなかった円安にアメリカも動き、為替介入の効果を高めた形です。円を買う「協調介入」は、「アジア通貨危機」への対処を迫られた1998年以来、28年ぶりのことです。

■「日本は円安で助けを求めていた」　協調介入にアメリカのスタンスは

トランプ大統領
「アメリカはとても強い。財政的にはとてもとても強いが、日本は円安で少し助けを求めていた」

“円安で困っている日本を助けてあげた”とアピールするトランプ大統領。ベッセント財務⻑官からは具体的な危機感も。

ベッセント財務長官
「私の考えでは『アジア通貨危機』も、“過度な円安”が要因の一つでした。“安定した円”は、アメリカだけでなく地域全体にとって非常に重要です。もし円が暴落すれば、他の通貨もそれに続くからです」
円安への懸念を示したうえで、「日本が円を正常に戻す政策を続けると信じている」と、適切な財政運営の必要性を示唆したのです。一方の日本側は…

――ベッセント⻑官が日本の政策が着実に実施されていることを確認する必要があると

片山さつき財務大臣（5日）
「現時点で適切に（財政）運営していないと思ったら、そういう政府に協力する他国政府はいないと思いますから、そこは我々（日米）の間で政策の理解については信認があるので」

“日本の財政運営に問題はない”と強調。その「財政」をめぐっては、おりしも、消費税減税の議論が佳境を迎えていました。

今回の歴史的な日米協調介入が行われたのも、まさに高市総理が減税方針を表明した直後のこと。消費税減税で、さらに円安が加速することを防ぎたい思惑も指摘されています。

■“食料品消費税2年間に限り1％”へ　「財源なき減税」なら円安は?

そんななか3日、自⺠党本部では、総理が表明した“食料品消費税2年間に限り1％”、この意見集約を図るための最後の議論が紛糾します。反対する議員が訴えたのは財政への懸念です。

小渕優子 議員
「2年後、大変大きな影響が出てくると思います。大事な社会保障財源を、どうやって戻していくのか。財源なき減税というものは無責任ではないか」

石破茂 前総理
「安定した財源が消費税なんだと。（代わりの）安定的な財源は見つかっていないというのが、今の状況でしょう。日本の財政は世界で一番悪いということを忘れていませんか」

消費税を下げた分、代わりの財源がなければ、財政は悪化。そうなれば、円に対する信頼が下がり、さらなる円安を招く可能性も。28年ぶりの日米協調介入に踏み切った効果も“水の泡”となりかねません。

そして5日、自⺠党の最高意思決定機関である総務会は、減税に慎重とされるメンバーを含む9人が欠席する異例の事態のなか、消費税減税を了承。

高市総理
「租税特別措置、補助金の見直し∕あらゆる特別会計や基金などからの、さらなる歳入確保の取り組みをゼロベースで進める」
懸念される“代わりの財源”について高市総理は、財源確保への具体策は「ゼロベース」で検討するとしました。

片山さつき財務大臣
「我々は、今後もさらなる協調介入を実施することも躊躇しません」

政府はさらなる為替介入もチラつかせますが、円安の流れは変えられるのでしょうか。
TBS NEWS DIG Powered by JNN",[],[]
28年ぶり「円買い」日米協調介入　アメリカの思惑は?　円安是正へ日本に“圧力”か?【サンデーモーニング】（TBS NEWS DIG Powered by JNN）,https://news.yahoo.co.jp/articles/de5c4eb96e3c9a50cfc16ed9d07427dde3ee6cb4,https://newsatcl-pctr.c.yimg.jp/t/amd-img/20260809-22862542-jnn-000-1-view.jpg?exp=10800,2026-08-09T13:51:18+09:00,2026-08-09T13:51:18+09:00,TBS NEWS DIG Powered by JNN,jnn,TBS NEWS DIG Powered by JNN,1432,"TBS NEWS DIG Powered by JNN
28年ぶりとなった「円買いの協調介入」ですが、「為替介入」とはそもそもどんなものなのか、改めておさらいします。
【写真を見る】28年ぶり「円買い」日米協調介入　アメリカの思惑は?　円安是正へ日本に“圧力”か?【サンデーモーニング】
■「為替介入」とは?「円買い介入」には外交的限界が

政府‧日銀による「為替介入」は、大きく分けて2つ。

▼円が高すぎる時に円を売って、ドルなどの外国の通貨を買う「円売り介入」と、▼今回のように、円が安すぎる時に日本が持つ外国の通貨を売って円を買う「円買い介入」があります。

円は日本の通貨であるため、単純な理屈上は、日本側で紙幣を刷れば調達できるので、「円売り介入」は無限にできるとも言えます。

それに対して、今回のような「円買い介入」では、日本が持つ外国の通貨、いわゆる「外貨準備」を取り崩して行うので、限界があります。

財務省と日銀が管理する「外貨準備」は現在約1.3兆ドル、円に換算して200兆円ほどありますが、円安が進むなかで、「ドル売り円買いの為替介入」が2022年9月以来たびたび行われてきました。

高市政権になってからは、2026年のGWにも総額11.7兆円分のドルを売っての円買い介入が行われたばかりです。

金額だけ見るとまだ余裕があるように見えますが、重要なのは「外貨準備」の多くはアメリカ国債の形で保有されていることです。

ニッセイ基礎研究所の伊藤さゆり専務理事は「“円買いドル売り”のために日本が何度も大量にアメリカ国債を売ると、アメリカ国債の価値が下落し、アメリカで住宅ローンなどに影響する⻑期金利の上昇を招いてしまうため、円買い介入には外交的な限界がある」と指摘します。

■28年ぶり協調介入 アメリカは円安是正へ日本に圧力も?

そんな中、今回行われたのが、日米の「協調介入」です。

日本だけでなくアメリカも、共に円を買う介入で円安を止めようとしたのですが、これは「アジア通貨危機」以来28年ぶりの措置です。

1997年にタイの通貨‧バーツの暴落をきっかけに、韓国やインドネシアなどにも急激な通貨安が広がった「アジア通貨危機」。

当時、日本は、バブル崩壊後の不良債権問題で山一証券が経営破綻するなど、金融不安が高まっていて、そこにアジア諸国の「危機」が波及して円安が進むのを止めるため、日米の協調介入が行われたのです。
ただ、この時に買われた円の総額は、日米合わせて0.4兆円にも満たない程度。一方、今回は日本だけでおよそ5兆円規模の円を買ったとみられ、アメリカ側もベッセント財務⻑官のメモによれば、最大1.6兆円の円買いをした可能性があるのです。

歴史的な協調介入で円安を止めようとしたアメリカの思惑はどこにあるのでしょうか。

トランプ政権の政策に詳しい明海大学の小谷哲男教授は、「ベッセント財務⻑官は、日本が円安を止めようとして単独で為替介入を続けると、アメリカ国債が大量に売却されてアメリカ経済に悪影響を与えることを懸念している」としたうえで、「円安の根本原因を是正するための財政政策の見直しや利上げを水面下で日本側に求めてきたが、高市政権が是正する姿勢を見せないことに激怒していて、協調介入で日本に対し円安を是正するよう“圧力”をかけた」と指摘しています。
TBS NEWS DIG Powered by JNN",[],[]
日本製紙80メートル煙突倒壊　10年前の熊本地震で補強も…　イオンモール熊本“避難解除”前になぜ再入館?下水管破損で田んぼに“汚水”　直下に断層　住宅被害は・・【サンデーモーニング】（TBS NEWS DIG Powered by JNN）,https://news.yahoo.co.jp/articles/a8be87a6f9cb9fcbbdbaea301dbac8f421d20c73,https://newsatcl-pctr.c.yimg.jp/t/amd-img/20260809-22862516-jnn-000-1-view.jpg?exp=10800,2026-08-09T13:47:22+09:00,2026-08-09T13:47:22+09:00,TBS NEWS DIG Powered by JNN,jnn,TBS NEWS DIG Powered by JNN,2146,"TBS NEWS DIG Powered by JNN
この1週間、明らかになってきたのは住宅への被害の大きさです。そしてイオンモールの爆発や煙突の倒壊をめぐっても明らかになってきました。
【写真で見る】地震被害の全容 明らかに　給水所には“水”を求める人の列も…
■“ボランティア派遣”始まる　日本製紙 80メートルの煙突“地震前に補強”も…

7日、台風の接近を前にした被災地では家族総出で家の補修作業に追われていました。

――夏休み遊びたい気持ちは?

小学生
「あんまりない。家がごちゃごちゃになっているから、家の作業を手伝ったほうがいいかなと」

求められるのは「人手」。氷川町では、8日からボランティアの派遣が始まりました。

ボランティア参加者
「2027年、（豪雨被害の時）上天草でみなさんに手伝ってもらったんです」

――“恩返し”みたいな?
「次に困った人を助けようという」

一方、多くの命が失われた現場にも動きがありました。煙突が倒壊した工場では、救助活動が終わり、5日、会社側が会見を行いました。

日本製紙 瀬邊明 社長
「本当に悲しく残念な事態となりました。私ども、この事態を極めて重く受け止めています」

倒壊した煙突は2階建ての事務所を直撃。デスクワークをしていた社員ら9人が死亡しました。高さ80メートルの煙突は1970年に建設されたもの。2016年の熊本地震の後、補強していましたが「なぜ倒れたのか」、調査委員会を立ち上げるといいます。

そして、イオンモール爆発事故。

イオンモール熊本のテナント「ハビタ」社長（2日）
「ご遺族の皆さまに深くお詫び申しあげます」
イオンモール熊本のテナント「ハビタ」営業部長
「『売上金を金庫にしまってくれないか』と。『もし入れるのであれば』と言った」

売上金を金庫にしまうよう指示され店内に戻り、爆発に巻き込まれた大竹玖瑠美さんの告別式が3日に営まれました

中学時代の後輩
「玖瑠美先輩がいれば大丈夫だと思えるくらい、本当に芯の強い方で大好きな先輩でした」

大竹玖瑠美さんら7人が死亡した事故でイオンは、避難解除の前に再入館できた経緯を調べています。
■地震発生からまもなく2週間　被害の全容明らかに

震度7を観測した氷川町。特に被害の大きい吉本地区を訪ねると…

氷川町吉本地区 宮川高弘区長
「これ（断層）がずっと南の方に走って行っとるとですよ」

今回の地震を引き起こした日奈久断層帯はちょうどこの辺りを通るといいます。

杉浦みずきキャスター
「道路が50センチ以上もずれ落ちてしまっています」

大きな段差ができた道路では、破損した下水管から悪臭を放つ水が漏れ、田んぼへと流れ込みます。

氷川町吉本地区 宮川高弘区長
「田んぼは今年は獲れんでしょうね。（汚水で）もう枯れてしまうでしょう」

住宅地の被害も全容が見えてきました。地震で壊れた家などは1万8000棟を超え、全壊だけでも700棟に上ります。

藤田さん
「ここが…完全に割れてる」

吉本地区にある藤田さんのお宅も、断層がちょうど真下あたりを通るとみられ、家は真っ二つに引き裂かれました。いつ崩れるかも知れず、着替えを取りに入ることもままなりません。それでも命がけで持ち出したのは、家族写真。

藤田さん
「宝物です。これが割れたら子どもたちにいかんねと思ったから。これも、かわいかでしょ?」

家族と50年暮らした家は、もう元には戻りません。

藤田さん
「どうしようもなかですね。うちばかりじゃない、どこも全壊。だからもう我慢せんと…」

■“酷暑”と“断水”のなか続く避難　「水」の確保が課題に

藤田さんは現在、近くのデイサービス施設に身を寄せていますが、そこでも断水が続いています。

――特に困っていることは?

藤田さん
「今はやっぱり水が早く来てくれば、洗濯もできる」

お風呂は、息子さんが調達してきたバスタブです。

藤田さん
「ここにテントを張って、水を汲んできて（地域の）みんながここで水をかぶって。みなさんが喜んで、体ぐらい洗わないと寝られんでしょ」

未だ広い範囲で続く断水。連日の猛暑の中、水を求める人たちを支えている給水所がありました。

女性
「なかなか両親も、こういう水をもらいに回ることができない状況なので、代わりにとなると（家族）7人分の水を確保しないといけない。すっごい助かってます」
この水は、普段は使っていない井戸から汲み上げたもの。

井戸水を提供する 吉田志穂さん
「お母さんと子どもが『お水がない』『顔真っ赤っかで熱中症が心配』という声を聞いて、何かお役に立てればなと思って」

吉田さんの祖父母が使っていた古い井戸から電動ポンプで汲み上げているため、電気代はかさみますが…

井戸水を提供する 吉田志穂さん
「まずは水がないとトイレも流せない、手も洗えない。生活に一番必要なのは水というのを今回、改めて思っているので、まずは行き届いてほしい」

日常を取り戻そうと、支え合う人々。地震発生から2週間が経とうとしています。
TBS NEWS DIG Powered by JNN",[],[]
【 大沢たかお 】〝深夜特急〟思い返す声も　タコスの国で笑顔の旅　フォロワー歓喜「どこにいても映画のよう」「上腕二頭筋」「横顔好き」（TBS NEWS DIG Powered by JNN）,https://news.yahoo.co.jp/articles/3fb591c8c28645dd7c3d57dedb49ad73dbcb9bba,https://newsatcl-pctr.c.yimg.jp/t/amd-img/20260809-22862546-jnn-000-1-view.jpg?exp=10800,2026-08-09T13:42:22+09:00,2026-08-09T13:42:22+09:00,TBS NEWS DIG Powered by JNN,jnn,TBS NEWS DIG Powered by JNN,689,"TBS NEWS DIG Powered by JNN
俳優の大沢たかおさんが自身のインスタグラムに、旅の模様を投稿しています。

先月16日にも、メキシコの「ヴァスコンセロス図書館」と思われる場所での写真を複数投稿していた大沢さんは、ジプシー・キングスの名曲「Volare」をBGMに、旅の断片をつないだ1本のリール動画を投稿しました。
【写真を見る】【 大沢たかお 】〝深夜特急〟思い返す声も　タコスの国で笑顔の旅　フォロワー歓喜「どこにいても映画のよう」「上腕二頭筋」「横顔好き」
黒のノースリーブで鍛え抜かれた肩と上腕の筋肉を日光にさらし、キャップを目深にかぶった大沢さんが横断歩道で道を渡り、続くカットではナチョスとアボカドのディップが盛られた食事の一皿を楽しそうに撮影。

また別のお店での光景を撮影していたかと思うと、筋トレで訪れたジムの前で一休みのカット。そしてレストランのテーブルで談笑する表情や、街のテイクアウト店の前での表情も投稿しています。

動画にはタコスも登場しており、大沢さん自身はテキストにタコスの絵文字を一つだけ投稿。明らかにメキシコと思われる光景の中の大沢さんに、フォロワーから「どこにいても映画のよう」「彼女目線」「横顔好き」「楽しそう」「撮影してる方が羨ましい」という憧れの声や「『深夜特急』の映像とかぶります」と、過去に大沢さんが出演したドラマを思い返す声、そして「充実したお仕事だったご様子」と海外での撮影を想像する声などが多く集まっています。

【担当:芸能情報ステーション】
TBS NEWS DIG Powered by JNN",[],[]
【 花田虎上 】　家族との賑やかな一日を報告　前日鍋の残りを味噌でリメイク　ファミレス夕食＆妻の母から“夏の贈り物”などグルメ満載（TBS NEWS DIG Powered by JNN）,https://news.yahoo.co.jp/articles/762f8fd6181181a295de55f9074c6fc0949d2117,https://newsatcl-pctr.c.yimg.jp/t/amd-img/20260809-22862545-jnn-000-1-view.jpg?exp=10800,2026-08-09T13:42:22+09:00,2026-08-09T13:42:22+09:00,TBS NEWS DIG Powered by JNN,jnn,TBS NEWS DIG Powered by JNN,924,"TBS NEWS DIG Powered by JNN
第66代横綱・若乃花の花田虎上さんが8月8日、自身の公式ブログを更新し、同日の食事や出来事を3本の投稿で報告しました。
【写真を見る】【 花田虎上 】　家族との賑やかな一日を報告　前日鍋の残りを味噌でリメイク　ファミレス夕食＆妻の母から“夏の贈り物”などグルメ満載
朝食では、前日の鍋料理「タッカンマリ」の残りを活用。カレーにアレンジしようとしたところルーがなかったため、味噌を加えて味変したと明かしました。

「JAさだもとで買ってきた桃が美味い」「デパ地下で買ったホワイトコーンはやっぱり甘くて買って良かったです!」と、食材への満足感もつづっています。

昼間は自宅での取材があり、仕事終わりに妻の母からアイスが届いたことも報告しました。

「551のアイスキャンデー」で、「今日は暑くて汗だくだったので身体を冷やすのにちょうど良かったです」と振り返っています。

夕方には、娘・百華さんのトレーニングのため千葉へ。この日は昼食が軽めだったこともあり、早めの夕食をファミリーレストラン「デニーズ」でとったことを報告しました。

百華さんは担々麺とポテト、花田さん本人は「完全メシエビグラタン」と生ハムサラダ、妻はグリーンサラダと「完全メシジャンバラヤ」をそれぞれ注文。

「完全メシとは33種類の栄養素が入っているということみたいです!」と、メニューの特徴も紹介しています。

デザートは3人で宇治金時かき氷を楽しんだとのこと。なお、もう一人の娘・桃果さんはこの日、幼馴染と遊びに行っていたため同席しなかったことも明かされています。

この投稿に、「花田家美味しい楽しい朝食ですね」「新鮮で美味しい果物、野菜がたくさんですよね」「タッカンマリの味変は味噌味に〜美味しそうですね」「恒例の551アイスキャンデー　夏の元気な贈り物涼感グルメになりましたね」「桃果ちゃん、ご家族と離れて別行動とは、すっかり大人っぽくなりましたね」「暑い時にアツアツのグラタン美味しそうですね」などの声が寄せられています。

【担当:芸能情報ステーション】
TBS NEWS DIG Powered by JNN",[],[]
核抑止は「フィクション」?“なぜ相手は攻撃しないと信じられる?”湯崎前広島知事　INF全廃条約・米ソが核軍縮に歩み寄ってから30年　進まぬ核廃絶　【サンデーモーニング・風を読む】（TBS NEWS DIG Powered by JNN）,https://news.yahoo.co.jp/articles/cb3e7b8597be14368db7bd4e118314fa82dfcb39,https://newsatcl-pctr.c.yimg.jp/t/amd-img/20260809-22862532-jnn-000-2-view.jpg?exp=10800,2026-08-09T13:34:13+09:00,2026-08-09T14:06:22+09:00,TBS NEWS DIG Powered by JNN,jnn,TBS NEWS DIG Powered by JNN,2243,"TBS NEWS DIG Powered by JNN
核兵器のない世界を願う一方で、聞こえてくるのは、「相手からの攻撃を抑止するためには核兵器が必要だ」という主張です。「核抑止論」について考えます。
【写真を見る】核抑止は「フィクション」?“なぜ相手は攻撃しないと信じられる?”湯崎前広島知事　INF全廃条約・米ソが核軍縮に歩み寄ってから30年　進まぬ核廃絶　【サンデーモーニング・風を読む】
■被爆から81年…「一日も早い核兵器廃絶を」

ウクライナ・キーウでは、ロシア軍による弾道ミサイルが。ガザやレバノンでは、イスラエルによる激しい攻撃が。世界各地でいまだ戦火が絶えない中、8月6日、広島は被爆から81年目となる原爆の日を迎えました。

こども代表 河野和希さん
「私たちが笑い合っている時にも、尊い命が失われている現状があります」

過去最多、121の国と地域などから5万人が参列する中、広島市の松井市長は…

広島市 松井一実 市長
「世界の為政者のみなさん。市民社会は一日も早い核兵器廃絶を願っています。いったい、いつまで失望させ続けるのですか」

戦争を続ける為政者からは…

プーチン大統領（2024年5月）
「ロシアの戦略核部隊は、常に戦闘準備態勢にある。誰であれ我々を脅かすことは許されない」

トランプ大統領（2026年4月）
「彼ら（イラン）が本来あるべき場所、石器時代へと引き戻すつもりだ」

トランプ氏はSNSでも「ひとつの文明全体が死に絶えようとしている」と、核兵器使用を想起させるような投稿まで行っています。

これまで、核兵器を持つことで敵に攻撃を思いとどまらせ、戦争を抑止するという「核抑止」という考え方は常々語られ、現実的であるといった意見も、しばしば聞かれてきました。

■核で脅せば攻撃してこない「核抑止」はフィクション?

2023年、広島選出の岸田総理が議長を務めたG7広島サミット。発表された「広島ビジョン」で核兵器は「防衛目的のために役割を果たし、侵略を抑止」と「核抑止論」を肯定する表現が盛り込まれ、被爆者らを失望させました。

2023年、平和記念式典の場で、当時の広島県知事、湯崎英彦さんは…

広島県 湯崎英彦 知事（2023年）
「万が一、核抑止が破綻した場合、地球上の全ての命に対し責任を負えるのですか」
そして、2025年は…

広島県 湯崎英彦 知事（2025年）
「核抑止がますます重要だと声高に叫ぶ人たちがいます。しかし、本当にそうなのでしょうか。抑止とは、あくまで頭の中で構成された概念、または心理、つまりフィクションであり、万有引力の法則のような普遍の物理的真理ではない」

「核抑止はフィクション」、つまり非現実的だと語った真意は何か、湯崎前広島県知事に改めて尋ねました。

湯崎英彦 前広島県知事
「歴史的にみても、多くの自信過剰なリーダーが戦争を仕掛けて、非常に大きな被害を被ってしまうということはずっと起きている。むしろ非合理的なリーダーは結構出てくる。そういう中で、核抑止が常に機能するという考え自体が、現実的じゃない」

実は、かつては米ソのリーダーによる合理的判断によって、ある程度「核抑止」が機能したと思える時代がありました。

冷戦期、核戦力が均衡していた米ソは、互いの首都に届く長距離核ミサイルを保持。それによって、ひとたび使えば、破滅的な結果を招く核の使用を、双方に思いとどまらせます。

その一方で、開発競争が続いていた中距離核ミサイルについては削減交渉を進め、1987年、中距離核戦力全廃条約を締結。

1988年には、ソ連の核ミサイルが廃棄される様子が見られ、条約締結によって、両国で核兵器の廃棄が実際行われたのです。

■広がる核の不安…「非合理的な判断は繰り返されている」

米ソが核軍縮に歩み寄った時から30年。

トランプ大統領（2018年10月）
「条約を終わらせ、離脱する」

トランプ大統領は中国が条約に入っていないことなどを理由に、一方的に中距離核戦力全廃条約からの離脱を表明。さらに、米ロ両国の間で残っていた唯一の核軍縮条約である新戦略兵器削減条約も、2026年2月に失効しました。

そして現在、両国は局地戦などを想定し、「使える核」ともいわれる小型化した「戦術核」の開発を進めています。

核の不安が世界に広がる中、「核抑止はフィクション」だと語る湯崎前広島県知事。アメリカによる核抑止なしで、中国やロシアなどと、どう向き合えばいいのでしょうか。
湯崎英彦 前広島県知事
「核抑止ということを強調していくと、エスカレーションもさらに進んでいく。日本が核抑止を強化するというのは、緊張を高める方向に行く。日本をより危険に晒していくだけ。だからこそ、そこに乗らないことがまず第一。対話の糸口というのも常に見つけていく」

核でおどせば、相手も攻撃してこないという「核抑止」。これは現実的だ、という意見に対して湯崎前広島県知事は…

湯崎英彦 前広島県知事
「人間は非合理的な判断をするということは繰り返し起きている。そういう中で、核抑止の世界だけは人間が合理的に判断をするという世界がまだ残っていて、なんで“相手は攻撃しない”ということだけは信じられるんですか」

核抑止は本当に現実的といえるのでしょうか。
TBS NEWS DIG Powered by JNN",[],[]
【レベル3大雨警報】秋田県・湯沢市に発表 13:26時点（TBS NEWS DIG Powered by JNN）,https://news.yahoo.co.jp/articles/bfb59eefddbbacf91329016fc9966103be06fe4d,https://newsatcl-pctr.c.yimg.jp/t/amd-img/20260809-22862541-jnn-000-1-view.jpg?exp=10800,2026-08-09T13:28:14+09:00,2026-08-09T13:28:14+09:00,TBS NEWS DIG Powered by JNN,jnn,TBS NEWS DIG Powered by JNN,185,"TBS NEWS DIG Powered by JNN
気象台は、9日午後1時26分に、レベル3大雨警報を湯沢市に発表しました。

内陸では、低い土地の浸水や河川の増水に警戒してください。
【現在地の防災情報を確認】
【大雨警報（発表中）】
■湯沢市
●レベル3大雨警報【発表】

■東成瀬村
●レベル2大雨注意報
TBS NEWS DIG Powered by JNN",[],[]
【レベル4土砂災害危険警報】秋田県・湯沢市に発表 13:26時点（TBS NEWS DIG Powered by JNN）,https://news.yahoo.co.jp/articles/00fc24418ab9a143fa6689dd59de34d5d959dcc8,https://newsatcl-pctr.c.yimg.jp/t/amd-img/20260809-22862539-jnn-000-1-view.jpg?exp=10800,2026-08-09T13:28:14+09:00,2026-08-09T13:28:14+09:00,TBS NEWS DIG Powered by JNN,jnn,TBS NEWS DIG Powered by JNN,191,"TBS NEWS DIG Powered by JNN
気象台は、9日午後1時26分に、レベル4土砂災害危険警報を湯沢市に発表しました。

内陸では、土砂災害に厳重に警戒してください。
【現在地の防災情報を確認】
【土砂災害警報（発表中）】
■湯沢市
●レベル4土砂災害危険警報【発表】

■東成瀬村
●レベル2土砂災害注意報
TBS NEWS DIG Powered by JNN",[],[]
【ヤクルト9日スタメン】4位に転落...岩田はベンチ モンテル7番センター 長岡1番＆山野辺2番 クリーンナップはサンタナ 増田 赤羽 先発・松本健 捕手は鈴木叶（TBS NEWS DIG Powered by JNN）,https://news.yahoo.co.jp/articles/a9e6b2c8a8b48aa91c2b0f180bbbef3039f9b94d,https://newsatcl-pctr.c.yimg.jp/t/amd-img/20260809-00010011-jnn-000-1-view.jpg?exp=10800,2026-08-09T13:26:59+09:00,2026-08-09T13:26:59+09:00,TBS NEWS DIG Powered by JNN,jnn,TBS NEWS DIG Powered by JNN,910,"ヤクルト・池山隆寛監督
■プロ野球　巨人ーヤクルト　（9日　東京ドーム）

ヤクルトの今季101戦目となる巨人戦のスタメンが発表された。前日・巨人戦は2回に内山の適時打で先制も直後に先発・高橋が浦田に同点の適時打を許す。高橋は3回、笹原に決勝2点適時打を浴び途中降板すると2番手・荘司は竹丸に押し出し四球、浦田に2点適時打を献上し一挙5失点。高橋は3回途中6失点で6敗目。カード初戦で今季3度目の7連敗を止めるが大敗し45勝54敗1分の今季ワーストタイ借金9で4位に転落。5位・中日と2ゲーム差、最下位・広島とは4ゲーム差となっている。松本健吾を出場登録。

チーム60本塁打は最下位・広島の63本塁打よりも少なくリーグ最少、チーム最多はサンタナがリーグ6位・15本塁打を放つも17試合連続でノーアーチ状態、2位は増田の7本塁打。またチーム65盗塁は巨人の71盗塁に次いでリーグ2位、岩田は29盗塁で浦田（巨人）と並びリーグトップで盗塁王を争う。

今季の巨人戦は10勝8敗、昨季は8勝16敗1分と大きく負け越す。巨人戦は21年に11勝11敗3分とタイがあったが、18年に勝ち越して以来7シーズンに渡って勝ち越しがない。

【ヤクルト】
1）長岡　ショート
2）山野辺　ファースト
3）サンタナ　レフト
4）増田　ライト
5）赤羽　サード
6）内山　セカンド
7）モンテル　センター
8）鈴木叶　キャッチャー
9）松本健　ピッチャー

先発・松本健吾 今季15度目（先発14）の登板、5勝3敗、防御率3.39。前回の7月18日・DeNA戦（横浜）は4回1/3を8安打6失点（自責6）で負け投手、翌19日に登録抹消。巨人戦は今季初登板。

【巨人】
1）浦田　セカンド
2）松本　レフト
3）泉口　ショート
4）ダルベック　ファースト
5）大城　キャッチャー
6）佐々木　センター
7）石塚　サード
8）岡田　ライト
9）小笠原　ピッチャー

先発・小笠原慎之介 NPB復帰後4試合目の登板、1勝2敗、防御率1.35。前回の2日・DeNA戦（東京ドーム）は7回6安打2失点（自責2）で負け投手。ヤクルト戦は復帰後、初登板。",[],[]
中国　7月の消費者物価指数0.5％上昇　10か月連続でプラス　夏休みに伴う旅行の需要増加などが影響か（TBS NEWS DIG Powered by JNN）,https://news.yahoo.co.jp/articles/559bd266f1f0a07ce0d69a9ffc07550f0833f396,https://newsatcl-pctr.c.yimg.jp/t/amd-img/20260809-07320157-jnn-000-1-view.jpg?exp=10800,2026-08-09T13:26:42+09:00,2026-08-09T13:26:42+09:00,TBS NEWS DIG Powered by JNN,jnn,TBS NEWS DIG Powered by JNN,354,"TBS NEWS DIG Powered by JNN
中国の7月の消費者物価指数が前の年の同じ月と比べて0.5％上昇し、10か月連続のプラスとなりました。

中国国家統計局の発表によりますと、7月の消費者物価指数は前の年の同じ月と比べてプラス0.5％となりました。

プラスとなるのは10か月連続ですが、上昇幅は前の月と比べて0.5ポイント縮小しました。

夏休みに伴う旅行の需要が増加したことなどが指数を押し上げた要因となっています。

一方、供給の過剰が懸念されている自動車は前の年の同じ月と比べてマイナス1.3％となったほか、食品では消費量の多い豚肉がマイナス13.3％となっています。

7月の工業品卸売物価指数は前の年の同じ月と比べて3.5％上昇し、5か月連続のプラスとなりました。
TBSテレビ",[],[]
【巨人9日スタメン】岡田が昇格即8番ライト 浦田1番＆松本2番 クリーンナップは泉口 ダルベック 大城 佐々木6番センター 石塚7番 先発・小笠原（TBS NEWS DIG Powered by JNN）,https://news.yahoo.co.jp/articles/f85a1f571a818b1acf2a8c703568560851fb9f59,https://newsatcl-pctr.c.yimg.jp/t/amd-img/20260809-00010010-jnn-000-1-view.jpg?exp=10800,2026-08-09T13:23:51+09:00,2026-08-09T13:23:51+09:00,TBS NEWS DIG Powered by JNN,jnn,TBS NEWS DIG Powered by JNN,898,"巨人・橋上秀樹監督代行
■プロ野球　巨人－ヤクルト　（9日　東京ドーム）

巨人の今季101戦目となるヤクルト戦のスタメンが発表された。前日・ヤクルト戦は先発・竹丸が2回、内山に適時打を浴び先制されるが直後に浦田の適時打で追いつく。3回には笹原の決勝2点適時打、竹丸の押し出し四球、浦田の2点適時打で一挙5点を奪って勝ち越した。竹丸は6回5安打1失点の好投で8勝目。54勝44敗2分の貯金10で阪神と8日ぶりに同率首位、3位はDeNAが浮上し8.5ゲーム差となっている。岡田悠希を出場登録、皆川岳飛を登録抹消。

チーム防御率2.87は両リーグでトップに立った。また今季チーム71盗塁は両リーグでトップ、浦田は29盗塁で岩田（ヤクルト）と並びリーグ1位で盗塁王を争う。また浦田は前日は猛打賞をマークし打率.280でリーグ5位、ダルベックは18本塁打を放ちリーグ3位タイ、打点もリーグ3位の60打点をマークしている。

今季のヤクルト戦は8勝10敗、昨季は16勝8敗1分と大きく勝ち越す。ヤクルト戦は21年に11勝11敗3分とタイがあったが、18年に負け越して以来7シーズンに渡って負け越しがない。

【巨人】
1）浦田　セカンド
2）松本　レフト
3）泉口　ショート
4）ダルベック　ファースト
5）大城　キャッチャー
6）佐々木　センター
7）石塚　サード
8）岡田　ライト
9）小笠原　ピッチャー

先発・小笠原慎之介 NPB復帰後4試合目の登板、1勝2敗、防御率1.35。前回の2日・DeNA戦（東京ドーム）は7回6安打2失点（自責2）で負け投手。ヤクルト戦は復帰後、初登板。

【ヤクルト】
1）長岡　ショート
2）山野辺　ファースト
3）サンタナ　レフト
4）増田　ライト
5）赤羽　サード
6）内山　セカンド
7）モンテル　センター
8）鈴木叶　キャッチャー
9）松本健　ピッチャー

先発・松本健吾 今季15度目（先発14）の登板、5勝3敗、防御率3.39。前回の7月18日・DeNA戦（横浜）は4回1/3を8安打6失点（自責6）で負け投手、翌19日に登録抹消。巨人戦は今季初登板。",[],[]
【レベル3大雨警報】岩手県・住田町に発表 13:13時点（TBS NEWS DIG Powered by JNN）,https://news.yahoo.co.jp/articles/bd704f03d21f03a517d77f7c4957d95f3b3f40bc,https://newsatcl-pctr.c.yimg.jp/t/amd-img/20260809-22862527-jnn-000-1-view.jpg?exp=10800,2026-08-09T13:14:14+09:00,2026-08-09T13:14:14+09:00,TBS NEWS DIG Powered by JNN,jnn,TBS NEWS DIG Powered by JNN,264,"TBS NEWS DIG Powered by JNN
気象台は、9日午後1時13分に、レベル3大雨警報を住田町に発表しました。

沿岸北部、沿岸南部では、低い土地の浸水や河川の増水に警戒してください。
【現在地の防災情報を確認】
【大雨警報（発表中）】
■宮古市
●レベル3大雨警報

■遠野市
●レベル2大雨注意報

■一関市
●レベル2大雨注意報

■陸前高田市
●レベル2大雨注意報【発表】

■釜石市
●レベル2大雨注意報

■住田町
●レベル3大雨警報【発表】
TBS NEWS DIG Powered by JNN",[],[]
熊本県で最大震度1の地震　熊本県・熊本西区（TBS NEWS DIG Powered by JNN）,https://news.yahoo.co.jp/articles/30551350a092b3725b00e92b5f5c5a6571865b6b,https://newsatcl-pctr.c.yimg.jp/t/amd-img/20260809-22862507-jnn-000-1-view.jpg?exp=10800,2026-08-09T12:55:27+09:00,2026-08-09T12:55:27+09:00,TBS NEWS DIG Powered by JNN,jnn,TBS NEWS DIG Powered by JNN,304,"TBS NEWS DIG Powered by JNN
9日午後0時50分ごろ、熊本県で最大震度1を観測する地震がありました。

気象庁によりますと、震源地は熊本県熊本地方で、震源の深さはおよそ10km、地震の規模を示すマグニチュードは2.3と推定されます。
【詳細】各地の震度一覧・最新LIVE
この地震による津波の心配はありません。

最大震度1を観測したのは、熊本県の熊本西区です。

【各地の震度詳細】

■震度1
□熊本県
熊本西区

気象庁の発表に基づき、地域ごとに震度情報をお伝えしています。
新たな情報が発表され次第、情報を更新します。
TBS NEWS DIG Powered by JNN",[],[]
【レベル3大雨警報】宮城県・大崎市西部に発表 12:52時点（TBS NEWS DIG Powered by JNN）,https://news.yahoo.co.jp/articles/687850a182bc0829f18affc5b3fda8c018bf9f03,https://newsatcl-pctr.c.yimg.jp/t/amd-img/20260809-22862506-jnn-000-1-view.jpg?exp=10800,2026-08-09T12:54:18+09:00,2026-08-09T12:54:18+09:00,TBS NEWS DIG Powered by JNN,jnn,TBS NEWS DIG Powered by JNN,190,"TBS NEWS DIG Powered by JNN
気象台は、9日午後0時52分に、レベル3大雨警報を大崎市西部に発表しました。

西部では、低い土地の浸水や河川の増水に警戒してください。
【現在地の防災情報を確認】
【大雨警報（発表中）】
■栗原市西部
●レベル2大雨注意報

■大崎市西部
●レベル3大雨警報【発表】
TBS NEWS DIG Powered by JNN",[],[]
ドジャース 連敗を7でストップ！8月に入って初勝利、大谷が延長で勝ち越し打、9回守護神ディアズが追いつかれるも粘り勝ち（TBS NEWS DIG Powered by JNN）,https://news.yahoo.co.jp/articles/16ab3c646a92b2c682e708ed95a0bde4d160584d,https://newsatcl-pctr.c.yimg.jp/t/amd-img/20260809-00010009-jnn-000-3-view.jpg?exp=10800,2026-08-09T12:40:49+09:00,2026-08-09T12:46:25+09:00,TBS NEWS DIG Powered by JNN,jnn,TBS NEWS DIG Powered by JNN,1875,"ドジャース・大谷翔平選手
■MLB　Dバックス1ー2ドジャース（日本時間9日、チェイス・フィールド）

ドジャースの大谷翔平（32）が敵地でのダイヤモンドバックス戦に“1番・DH”で先発出場。
5打数1安打1打点2三振。延長10回に勝ち越しの内野安打を放った。チームは0対0で迎えた8回、タッカーの11号で点を奪ったが、9回に守護神・ディアズが同点に追いつかれた。それでも延長10回に大谷が決勝タイムリー内野安打で連敗を7でストップ。8月に入って初勝利をあげた。
【日程一覧】3連覇に挑む大谷翔平、山本由伸らのドジャース2026年
前日8日は2打数無安打2四球で連続試合安打は9でストップ、チームも逆転サヨナラ負け、7試合連続逆転で今季ワーストの7連敗、8月に入って勝利なし。この日、ダイヤモンドバックスの先発はD.ファート（27）、対戦成績は21打数5安打で打率は.238、昨季、本塁打を放っている。

苦手投手との対戦となった1回の第1打席、積極的な打撃で1球目のストレートを狙ったが、内角のボールに詰まらされてファーストゴロに倒れた。2番・パヘスが四球で出塁するも、3番・フリーマンがショートゴロ併殺打に打ち取られた。

その裏、先発の山本は2死からヒットと四球で2死一、二塁とピンチを招き、5番・ヌートバーと対戦。1球目のカットボールで詰まらせてセカンドゴロ、1回を無失点で切り抜けた。

0対0で迎えた3回、先頭で迎えた大谷の第2打席、1ボールから3球連続チェンジアップを見せられて、カウント3－1から内角のストレートを振り抜き打球はライトへ、しかし、ひと伸び足らずにライトフライに倒れた。

5回には山本が1死一、二塁のピンチを招いたが、1番・ペルドモを追い込むとカーブで見逃し三振、2番・キャロルは強気のストレートで見逃しと連続三振でピンチを脱した。6回も山本は先頭打者にヒットを許し、無死一、二塁のピンチで迎えるも5番・ヌートバーをセカンドライナー、6番・アレナードをレフトフライ、2死を奪ったところで降板となった。後を受けたフィリップスが7番・タワをライトフライに打ち取り無失点に抑えた。

試合は0対0で迎えた7回、先頭で迎えた大谷の第3打席、カウント1ー2からチェンジアップに空振り三振、1死から2番・パヘスがこの日2本目のヒットで出塁すると、2死から盗塁を決めて、この試合初めて得点圏に走者を進めた。2死一、二塁で5番・ベッツがショートゴロに倒れてチャンスを生かせなかった。

その裏、3人目ベシアが先頭打者に四球を許し、1死一、二塁のピンチを迎えるも、後続をしっかり打ち取り、マウンドで雄たけびをあげた。

8回、ダイヤモンドバックスは2人目、ロアイシガをマウンドへ、先頭のタッカーが2球目をフルスイングして、ライトスタンドへ先制の11号ソロでようやくスコアボードに得点が刻まれた。その後、1死一、二塁で大谷の第4打席、カウント2ー1から4球連続ファウル、そして、9球目のチェンジアップに空振り三振、追加点を奪えなかった。

1点をリードしたドジャースは4人目ハートをマウンドへ、ヒットと2つの四球で2死満塁のピンチで前日8日、逆転サヨナラ本塁打を放ったウォールドシュミットを迎えると、スコットを投入。カウント2ー1から内角へのストレートで詰まらせてセンターフライに打ち取った。

1対0の9回、ドジャースは前夜逆転サヨナラホームランを浴びた守護神のディアズをマウンドへ。1番・ペルドモをカウント2ー2と追い込んだが、ストレートが甘く入り右中間へのスリーベースを許すと、続く2番・キャロルもレフト線へ同点タイムリースリーベース、2本のヒットで同点に追いつかれた。

無死三塁と絶体絶命のピンチからディアズは2死を奪い、最後は途中出場の6番・バルデスを空振り三振、何とか1失点で抑えた。

タイブレークの延長10回、無死二塁で先頭のエドマンは1球目を打ち上げてセンターフライ、走者を進めることが出来ず、続くT.ヘルナンデスもセンターフライ、2死一、三塁で大谷の第5打席、ファースト強襲の内野安打で1点を勝ち越し、ドジャースが再びリードを奪った。

その裏、7人目にドライヤーを投入、無死二塁で7番・タワに送りバントを許さず、空振り三振に打ち取ったが、続く8番・マキャンには内野安打で1死一、三塁とピンチ。ここでドライヤーがピッチャーゴロに打ち取り併殺打、何とか粘って連敗を7でストップ、ドライヤーがマウンドで雄たけびをあげた。",[],[]
張本美和が決勝進出！中国・王芸迪との激闘制し初優勝に王手【WTTチャンピオンズ横浜】（TBS NEWS DIG Powered by JNN）,https://news.yahoo.co.jp/articles/e24cc0fb70699020f8674a2e360b9bc9017615cf,https://newsatcl-pctr.c.yimg.jp/t/amd-img/20260809-00010008-jnn-000-4-view.jpg?exp=10800,2026-08-09T12:38:22+09:00,2026-08-09T12:51:41+09:00,TBS NEWS DIG Powered by JNN,jnn,TBS NEWS DIG Powered by JNN,1191,"張本美和選手
■卓球 WTTチャンピオンズ横浜2026 第6日 （9日、横浜BUNTAI）

女子シングルス準決勝で張本美和（18、世界ランク3位）は、中国の王芸迪（29、同6位）をゲームカウント4ー2（4ー11、12ー10、12ー10、14ー12、8ー11、11ー6）で下し、決勝進出を決めた。
【代表一覧】9月開催のアジア大会、卓球代表選手　張本兄妹や早田ひなら10人
『WTTチャンピオンズ横浜2026』は、卓球の世界トップ32選手が集うシングルスNo.1決定戦。今年9月のアジア競技大会（愛知・名古屋）に出場する各国代表選手も顔を揃える注目の大会となっている。

前日の準々決勝では韓国のエース、シン・ユビン（22、同10位）に対し、ゲームカウント4ー1（11ー5、11ー3、11ー13、11－8、11ー5）と圧巻の勝利を収めた張本。準決勝へ駒を進めた。

迎えた第1ゲームは、王芸迪の強烈なフォアハンドに攻め込まれ、なかなか得点を奪えない苦しい展開に。そのまま勢いを止められず、4ー11でこのゲームを落とした。

続く第2ゲームは、4ー4の同点に追いつくと、1ポイントを争う一進一退の攻防となった。ラリー戦で粘りを見せ、バックハンドでも食らいつきながら徐々にリードを奪う。終盤に9ー10と逆転を許すが、再びバックハンドで果敢に攻めると、12ー10でゲームを奪い返した。

第3ゲームは、立ち上がりから連続失点を喫する苦しいスタートとなった。それでも徐々に点差を縮め、相手の強打に追いかける展開が続く中、コースを巧みに突いて9ー9に追いついた。相手も厳しいコースを狙って攻め込む中、バックハンドをストレートに打ち抜いて11ー10。最後は相手のミスを誘い、12ー10でこのゲームを制した。

ゲームカウントを2ー1とし、リードを奪った張本。第4ゲームは、序盤からバックハンドで得点を重ねると、フォアハンドも巧みに使い、相手を揺さぶる。互いにポイントを奪い合う展開が続き、9ー9。そこからも激しいラリー戦が繰り広げられるも、チキータで13ー12と再びリードを奪う。タイムアウトを挟んだ後も集中を切らさず、最後は14ー12でこのゲームを制した。

ゲームカウント3ー1と勝利まであと1ゲームに迫った第5ゲーム。序盤から追う展開となり、なかなか流れをつかめない張本。サーブでポイントを奪うなど粘り強く応戦したものの、相手の厳しいボールへの対応に苦しみ、8ー11で第5ゲームを落とした。

第6ゲームは、3ー3に追いつくと、張本はガッツポーズを見せる。さらにチキータを決めて5ー4とリードを奪うと、続けてバックハンドでも畳みかけた。完全に流れをつかんだ張本は、その後も攻撃の手を緩めず、ポイントを重ねていく。最後まで集中力を切らさずに攻め抜き、見事に第6ゲームを制して勝利をつかんだ。",[],[]
【 本田紗来 】　超ミニ×フリルの「まっしろコーデ」披露　姉・望結も「きゃわ!」と絶賛　 「天使すぎっ」可愛さにファン歓喜（TBS NEWS DIG Powered by JNN）,https://news.yahoo.co.jp/articles/49167d660162010d0c2650d1d4ac7a8298267806,https://newsatcl-pctr.c.yimg.jp/t/amd-img/20260809-22862484-jnn-000-1-view.jpg?exp=10800,2026-08-09T12:33:23+09:00,2026-08-09T12:33:23+09:00,TBS NEWS DIG Powered by JNN,jnn,TBS NEWS DIG Powered by JNN,662,"TBS NEWS DIG Powered by JNN
“本田三姉妹”の末っ子でタレント・モデル・フィギュアスケーターの本田紗来さんが8月8日、自身のインスタグラムを更新。最新のオフショットを投稿しました。
【写真を見る】【 本田紗来 】　超ミニ×フリルの「まっしろコーデ」披露　姉・望結も「きゃわ!」と絶賛　 「天使すぎっ」可愛さにファン歓喜
投稿には「まっしろコーデ」とコメントが添えられ、写真には、白いノースリーブトップスとミニスカートの「まっしろコーデ」を身にまとった本田紗来さんの姿が写っています。このセットアップは肩口と裾にフリルのあるふんわりとしたシルエットで、全身を白でまとめたコーディネートです。

足元は淡い青色のラメ入りソックスと茶色のローファーを合わせています。「最近お気に入りの @evol\_official0 さんのローファー茶色ってかわいい」と紹介しており、ブランド「EVOL」の商品であることがわかります。

撮影は白い壁と金属の扉が並ぶ室内の廊下で行われました。本田さんは床にしゃがみ込み、穏やかな微笑みをみせています。

この投稿に姉の本田望結さんが「きゃわ!」と反応すると、紗来さんも応えるなど姉妹で仲良く「きゃわ!」とコメントしあっています。またファンからは「どこの天使かと思った」「まっしろコーデの紗来ちゃん、、天使すぎっ」「さーちゃん白めっちゃ似合うよね!!」などの声が寄せられています。

【担当:芸能情報ステーション】
TBS NEWS DIG Powered by JNN",[],[]
台風13号は沖縄からさらに離れる予想　吹き返しの強い風・高波には注意必要　台風15号は今後も西よりに進み11日か12日ごろに北日本・東日本に接近や上陸のおそれ（TBS NEWS DIG Powered by JNN）,https://news.yahoo.co.jp/articles/55ac17603009cac44c38a2ae50fdc4281202fbe0,https://newsatcl-pctr.c.yimg.jp/t/amd-img/20260809-07320147-jnn-000-2-thumb.jpg?exp=10800,2026-08-09T12:32:12+09:00,2026-08-09T12:33:34+09:00,TBS NEWS DIG Powered by JNN,jnn,TBS NEWS DIG Powered by JNN,558,"TBS NEWS DIG Powered by JNN
台風13号は沖縄からさらに離れる予想ですが、吹き返しの強い風や高波には注意が必要です。台風15号は今後も西よりに進み、山の日の火曜日か水曜日ごろに、北日本や東日本に接近や上陸のおそれがあります。

きょうは湿った空気の影響で、午後は大気の状態が不安定となり、平野部でも雷雨となるおそれがあります。今は晴れている所も、天気の急な変化にご注意ください。

きょうは全国的に平年並みかやや高く、湿度が高いため体にこたえる蒸し暑さとなるでしょう。熊本など地震の被災地で復旧作業や片づけなどをする際も、熱中症に注意が必要です。

【きょうの各地の予想最高気温】
札幌　：26℃　釧路：25℃
青森　：28℃　盛岡：30℃
仙台　：29℃　新潟：31℃
長野　：32℃　金沢：32℃
名古屋：35℃　東京：33℃
大阪　：36℃　岡山：34℃
広島　：35℃　松江：33℃
高知　：33℃　福岡：34℃
鹿児島：31℃　那覇：30℃

この先も湿った空気が入りやすく、午後の雷雨がしばらく続きそうです。北日本や東日本は火曜日から水曜日に、雨や風の強まる所があるでしょう。この先の気温は平年並みかやや低い所が多く、東京はこの時季としては暑さが和らぐ見込みです。
TBSテレビ",[],[]
【 DJ KOO 】65歳の誕生日を報告 「実は今年、家族に怪我が続いていて」妻と娘のケガ・手術・入院明かす「健KOO第一で」「最KOOな一年に」（TBS NEWS DIG Powered by JNN）,https://news.yahoo.co.jp/articles/6dcaf6cd3863a93af9f0f1e1148f3706b7ac254d,https://newsatcl-pctr.c.yimg.jp/t/amd-img/20260809-22862467-jnn-000-1-view.jpg?exp=10800,2026-08-09T12:29:12+09:00,2026-08-09T12:29:12+09:00,TBS NEWS DIG Powered by JNN,jnn,TBS NEWS DIG Powered by JNN,837,"TBS NEWS DIG Powered by JNN
DJ KOOさんが8月8日、自身のインスタグラムを更新。この日65歳の誕生日を迎えたことを報告しました。
【写真を見る】【 DJ KOO 】65歳の誕生日を報告 「実は今年、家族に怪我が続いていて」妻と娘のケガ・手術・入院明かす「健KOO第一で」「最KOOな一年に」
DJ KOOさんは「8月8日、65歳になりました!!家族みんなに素敵なお祝いをしてもらいました!!」と投稿。

続けて「実は今年、家族に怪我が続いていて、6月には娘が左膝を脱臼。そして先月は、奥さまが同じく左膝を骨折し手術・入院となりました」と家族のケガについて明かしました。

それでも「『お誕生日はみんなでレストランでお祝いしたい!』と、奥さまもリハビリを頑張ってくれて、今日は家族揃ってお祝いをしてもらいました!!」とつづりました。

その上で「生活していれば、怪我や病気をすることもあります （もちろん、何もないのが一番!）でも、そんな時こそ家族がお互いを思いやり、支え合うことが本当に大切なんだと、改めて実感しながら65歳の誕生日を迎えました!!」と心境をつづりました。

投稿では、バケットハットとイエローサングラスのプレゼントを受け取ったことも明かし、「感謝カンゲキです!!家族に心から感謝!!そして、いつも応援してくださる皆さんに心から感謝です!!」と記しています。

最後に「65歳、まだまだここから!!これからも更に更にアップデートして元気に楽しく頑張っていきます!!皆さん、これからも何卒よろしくお願い DO DANCE!!」と結びました。

この投稿にフォロワーからは「お誕生日おめでDO DANCE」「最KOOな一年になりますように」「これからも健KOO第一で」「まだ50代に見える DO DANCE」といった反響が寄せられています。

【担当:芸能情報ステーション】
TBS NEWS DIG Powered by JNN",[],[]
【 古村比呂 】「調子に乗ってビール」「うんまい!体調OK」　久しぶりに「美味しく飲めてよかった」講演会で北海道へ（TBS NEWS DIG Powered by JNN）,https://news.yahoo.co.jp/articles/79fe4a3de8391e54d796fb4fb0c225454a1983fb,https://newsatcl-pctr.c.yimg.jp/t/amd-img/20260809-22862477-jnn-000-1-view.jpg?exp=10800,2026-08-09T12:27:18+09:00,2026-08-09T12:27:18+09:00,TBS NEWS DIG Powered by JNN,jnn,TBS NEWS DIG Powered by JNN,558,"TBS NEWS DIG Powered by JNN
子宮頸がんの再々再発を公表している、俳優の古村比呂さんが8日、自身のブログで北海道での一コマを投稿しました。
【写真を見る】【 古村比呂 】「調子に乗ってビール」「うんまい!体調OK」　久しぶりに「美味しく飲めてよかった」講演会で北海道へ
古村さんは講演会のために北海道に行っているとのこと。「軽く夕食を食べよう〜と外に出ましたが」「ほとんどのお店が『喫煙OK』なので入れず」「結果百貨店のレストラン街にしました」と、レストランで席についている写真を投稿しました。

その写真で、古村さんはビール瓶を前に金属のタンブラーを片手に微笑んでいます。古村さんは「調子に乗ってビール　グィッと頂きましたぁ」と幸せそうにテキスト。「うんまい!体調OK」「体調NGだとビールが不味いのですよ　先ず飲みたくもないです」と、これも体調のバロメーターであることを明かしています。

「美味しく飲めてよかった」「いい気分でグンナイ」と結んだ古村さんに「心のコンディションも快調な証しです」「体調がいいとビールはうんまい!になりますね」「いいお顔なさってます」など、共感の声が集まっています。

【担当:芸能情報ステーション】
TBS NEWS DIG Powered by JNN",[],[]
天皇皇后両陛下と愛子さま「長崎原爆の日」にあたり黙とう　上皇ご夫妻はテレビ中継を見て仙洞御所で　戦後81年（TBS NEWS DIG Powered by JNN）,https://news.yahoo.co.jp/articles/b8f14fad7f4565671af66304ec8eec3110eed40f,https://newsatcl-pctr.c.yimg.jp/t/amd-img/20260809-07320153-jnn-000-1-view.jpg?exp=10800,2026-08-09T12:20:47+09:00,2026-08-09T12:20:47+09:00,TBS NEWS DIG Powered by JNN,jnn,TBS NEWS DIG Powered by JNN,266,"TBS NEWS DIG Powered by JNN
天皇皇后両陛下と愛子さまが、「長崎原爆の日」にあたり、皇居・御所で黙とうされたと宮内庁が発表しました。

また、上皇ご夫妻はお住まいの仙洞御所で「平和祈念式典」のテレビ中継を見ながら黙とうされたということです。

上皇さまは皇太子時代、記者会見で「忘れてはならない4つの日」として、▼6月23日の沖縄戦終結の日、▼8月6日の広島原爆の日、▼8月9日の長崎原爆の日、▼8月15日の終戦の日を挙げていて、天皇ご一家と上皇ご夫妻はこの4つの日に毎年黙とうされています。
TBSテレビ",[],[]
「土砂が崩落している」土石流で橋が崩落　北アルプス燕岳・登山口の温泉施設に登山客など約390人が孤立状態　長野（TBS NEWS DIG Powered by JNN）,https://news.yahoo.co.jp/articles/6353885c01ed4ccba967debeb629f9b019fac348,https://newsatcl-pctr.c.yimg.jp/t/amd-img/20260809-07320151-jnn-000-2-thumb.jpg?exp=10800,2026-08-09T12:08:32+09:00,2026-08-09T12:09:42+09:00,TBS NEWS DIG Powered by JNN,jnn,TBS NEWS DIG Powered by JNN,239,"TBS NEWS DIG Powered by JNN
長野県の北アルプス燕岳の登山口に通じる道路で土石流が発生し、登山客などおよそ390人が孤立状態となっています。

きのう午後8時ごろ、安曇野市の県道で「土砂が崩落している」などと通りかかった人から警察に通報がありました。

県によりますと、土石流で長さ10メートルほどの橋が崩落したということです。

道路の先には、燕岳の登山口にあたる中房温泉があり、3軒の宿泊施設のおよそ390人が孤立状態となっています。
TBSテレビ",[],[]
建築会社資材置き場から銅線ケーブルや蛇口あわせて約20キロ盗んだか 無職の男（50）を逮捕 　警視庁は余罪を捜査　東京・足立区（TBS NEWS DIG Powered by JNN）,https://news.yahoo.co.jp/articles/be74b507c2847cd995efe6479ef99c03e7e0f3af,https://newsatcl-pctr.c.yimg.jp/t/amd-img/20260809-07320144-jnn-000-2-thumb.jpg?exp=10800,2026-08-09T12:04:48+09:00,2026-08-09T12:05:54+09:00,TBS NEWS DIG Powered by JNN,jnn,TBS NEWS DIG Powered by JNN,271,"TBS NEWS DIG Powered by JNN
東京・足立区の資材置き場から銅線ケーブルなどを盗んだとして、50歳の男が逮捕されました。

窃盗の疑いで逮捕されたのは、無職の佐藤忠正容疑者（50）で、今年6月、足立区の建築会社の資材置き場から銅線ケーブルや蛇口、あわせておよそ20キログラムを盗んだ疑いがもたれています。

佐藤容疑者は盗んだものを買い取り業者に売却していたということです。

佐藤容疑者は調べに対し容疑を否認していますが、買い取り業者を度々訪れていたということで、警視庁は余罪があるとみて調べています。
TBSテレビ",[],[]
【レベル4土砂災害危険警報】宮城県・栗原市西部、大崎市西部に発表 12:02時点（TBS NEWS DIG Powered by JNN）,https://news.yahoo.co.jp/articles/7e49ac6f4713a3aa4dd728b3bd3122fda5d51df3,https://newsatcl-pctr.c.yimg.jp/t/amd-img/20260809-22862449-jnn-000-1-view.jpg?exp=10800,2026-08-09T12:04:14+09:00,2026-08-09T12:04:14+09:00,TBS NEWS DIG Powered by JNN,jnn,TBS NEWS DIG Powered by JNN,207,"TBS NEWS DIG Powered by JNN
気象台は、9日午後0時02分に、レベル4土砂災害危険警報を栗原市西部、大崎市西部に発表しました。
【現在地の防災情報を確認】
西部では、土砂災害に厳重に警戒してください。

【土砂災害警報（発表中）】
■栗原市西部
●レベル4土砂災害危険警報【発表】

■大崎市西部
●レベル4土砂災害危険警報【発表】
TBS NEWS DIG Powered by JNN",[],[]
「見違えるようになった」お盆前に仏壇の修理依頼が急増　熊本地震　八代市の店に約100件の依頼（TBS NEWS DIG Powered by JNN）,https://news.yahoo.co.jp/articles/f16cbc81316d8f301e85c9d7ca87de8c66a4017e,https://newsatcl-pctr.c.yimg.jp/t/amd-img/20260809-07320142-jnn-000-2-thumb.jpg?exp=10800,2026-08-09T11:58:28+09:00,2026-08-09T11:59:52+09:00,TBS NEWS DIG Powered by JNN,jnn,TBS NEWS DIG Powered by JNN,399,"TBS NEWS DIG Powered by JNN
最大震度7を観測した熊本では、お盆を前に仏壇の修理依頼が急増しています。

最大震度6強の揺れを観測した八代市に暮らす山崎博之さん（65）です。

両親をまつっている仏壇が、地震の揺れで倒れてしまいました。なんとかお盆に間に合わせようと、近くの仏壇店に修理を依頼したといいます。

金具がゆがんで扉が閉まらなくなったほか、仏壇自体にもゆがみが出ていました。

修理をするのは、仏壇店の古屋鋪充繁社長。八代市の店には100件ほどの修理の依頼が寄せられ、手が回らないことから古屋鋪社長も本社がある鹿児島からほぼ毎日駆けつけています。

修理をすることおよそ30分。無事に元の位置に戻りました。

修理を依頼した　山崎博之さん
「見違えるようになった」

古屋鋪社長は無料で修理をしていて、被災した人たちのためにと力を尽くしています。
TBSテレビ",[],[]
【 本田望結 】大柄花模様の浴衣姿で「びわ湖大花火大会」へ　見返りショットや艶やかな佇まいに絶賛の声（TBS NEWS DIG Powered by JNN）,https://news.yahoo.co.jp/articles/ed6b9db92e466d22286e9e20ac87e47a6931f33c,https://newsatcl-pctr.c.yimg.jp/t/amd-img/20260809-22862428-jnn-000-1-view.jpg?exp=10800,2026-08-09T11:57:18+09:00,2026-08-09T11:57:18+09:00,TBS NEWS DIG Powered by JNN,jnn,TBS NEWS DIG Powered by JNN,733,"TBS NEWS DIG Powered by JNN
俳優の本田望結さんが8月8日、自身のインスタグラムを更新。「おもいで。」というコメントとともに写真を投稿しました。ハッシュタグには「
＃びわ湖大花火大会
」が添えられており、同大会に参加した際のオフショットを公開しました。
【写真を見る】【 本田望結 】大柄花模様の浴衣姿で「びわ湖大花火大会」へ　見返りショットや艶やかな佇まいに絶賛の声
投稿には複数の写真が含まれています。1枚目は、夜景を背景に手すりに手を添える本田さんの姿です。白地に紺色の大きな花柄の浴衣を着用し、淡いブルーの飾り紐をあしらった白帯を合わせています。体を少し振り向かせながら笑顔を浮かべる見返りショットとなっています。

2枚目は、同じく手すりの前で右手を頬にあて、カメラへ穏やかな笑みを向けるカットです。紺と白地の対比が印象的な一枚です。

3枚目と4枚目は、和の風情漂う建物の廊下での全身ショットです。前で手を重ねて穏やかに佇む姿から足元の草履まで映し出されており、しっとりとした大人っぽい雰囲気を漂わせています。

5枚目では、口元にそっと指を当てたかわいらしいポーズを披露。暖色系の照明に照らされ、衣装の柄や艶やかな表情がより一層際立っています。

この投稿に、妹の本田紗来さんは「きゃわ!」と一言コメント。ファンからも「浴衣姿 めっちゃええやん!」「浴衣がめっちゃ似合ってかわいい」「大人っぽい色味の浴衣が、とってもよく似合ってて素晴らしいですね〜!」「関西は花火大会減ってきましたね。浴衣姿が艶っぽいです」などの声が寄せられています。

【担当:芸能情報ステーション】
TBS NEWS DIG Powered by JNN",[],[]
「人類と核兵器は決して共存できない」長崎・鈴木市長　被爆から81年 長崎原爆の日　高市総理「我が国は非核三原則を堅持している」（TBS NEWS DIG Powered by JNN）,https://news.yahoo.co.jp/articles/907bbcde388a098be1208b574980c741f76c9ab7,https://newsatcl-pctr.c.yimg.jp/t/amd-img/20260809-07320148-jnn-000-4-thumb.jpg?exp=10800,2026-08-09T11:56:25+09:00,2026-08-09T12:25:30+09:00,TBS NEWS DIG Powered by JNN,jnn,TBS NEWS DIG Powered by JNN,367,"TBS NEWS DIG Powered by JNN
きょうは「長崎原爆の日」です。平和祈念式典で長崎市の鈴木市長は、「人類と核兵器は決して共存できない」と訴えました。

81年前の8月9日、長崎に投下された原子爆弾は1945年の末までに7万4千人もの尊い命を奪いました。被爆者の平均年齢はすでに86歳を超えています。

被爆者
「（原爆で）身内も死んでいるんで、毎年来ています」

平和祈念式典には被爆者や遺族のほか、就任後初めて高市総理が参列しました。

平和宣言で、鈴木長崎市長は「核抑止力に頼れば頼るほど、核戦争の危険も高まる現実を直視すべき」と訴えました。

高市総理は「我が国は非核三原則を堅持している」としたうえで、「核兵器のない世界の実現に向けた現実的かつ実践的な取り組みを推進している」と述べました。
TBSテレビ",[],[]
【 熊本地震 】ダレノガレ明美さん　8日に被災地支援で炊き出し「ノンストップで700食」　盗難被害で支援受けた梨農家さん「お返ししたい」と参加（TBS NEWS DIG Powered by JNN）,https://news.yahoo.co.jp/articles/41332c5b285a7e5caa28059682c218d9d0c8a18c,https://newsatcl-pctr.c.yimg.jp/t/amd-img/20260809-22862433-jnn-000-1-view.jpg?exp=10800,2026-08-09T11:52:14+09:00,2026-08-09T11:52:14+09:00,TBS NEWS DIG Powered by JNN,jnn,TBS NEWS DIG Powered by JNN,721,"TBS NEWS DIG Powered by JNN
8日、タレント・実業家のダレノガレ明美さんが自身のXで、熊本地震の被災地で炊き出しを行ったことを投稿しました。
【写真を見る】【 熊本地震 】ダレノガレ明美さん　8日に被災地支援で炊き出し「ノンストップで700食」　盗難被害で支援受けた梨農家さん「お返ししたい」と参加
ダレノガレさんは「本日、竜北東小学校にて10時〜13時まで炊き出しを行い、ノンストップで700食を提供することができました!」と報告しました。

合わせて「梨農家の佐々木さんも一緒に炊き出しに参加してくださいました」とも報告。佐々木さんは梨畑で収穫前の梨を大量に盗難されるという被害に遭い、SNSを通じて全国の方々から支援が集まりました。ダレノガレさんもその支援に加わっていた縁で、佐々木さんは「全国の皆さんから梨の件でたくさん支えていただいたので、今度は自分がお返しをしたいです。」と炊き出しに参加したとのことです。

ダレノガレさんは「今回の炊き出しは、佐々木さんのご協力がなければ実現できませんでした。本当にありがとうございました」と感謝。合わせて「支援してくださった皆さま、物資を届けてくださった皆さま、ボランティアとしてお手伝いしてくださった皆さまにも、心より感謝申し上げます」と伝えています。

フォロワーからは「善意の連鎖」「助けられた人が人を助ける」「暑いなかありがとう!」「自分も何か出来る事をしよう」「今だけではなく長期的な応援をしたいよね」「感謝しかありません」など、賛同と感謝の声が多く集まっています。

【担当:芸能情報ステーション】
TBS NEWS DIG Powered by JNN",[],[]
古賀ジェレミー、男子110mハードルで銀メダル！12秒97をマークし今大会日本勢2人目の表彰台【U20世界陸上】（TBS NEWS DIG Powered by JNN）,https://news.yahoo.co.jp/articles/9727eea47c14fe5e69b4c487b17670529701c354,https://newsatcl-pctr.c.yimg.jp/t/amd-img/20260809-00010007-jnn-000-7-view.jpg?exp=10800,2026-08-09T11:48:50+09:00,2026-08-09T13:34:36+09:00,TBS NEWS DIG Powered by JNN,jnn,TBS NEWS DIG Powered by JNN,765,"古賀ジェレミー選手
■U20世界陸上競技選手権大会　第4日（日本時間9日、米・オレゴン）

男子110mハードル（99.0cm）の決勝が行われ、古賀ジェレミー（19、順天堂大）が12秒97（∔0.7）をマークし、銀メダルに輝いた。男子3000mでの本田桜二郎（19、早稲田大）の銅メダルに続き、今大会日本勢2人目の表彰台入りを果たした。
【一覧】“U18世界最高”の後藤大樹、日本選手権3連覇の久保凛らU20世界陸上オレゴン日本代表43人発表
9人で争われた決勝で、古賀はいいスタートを切りトップに立つが、中盤でアメリカの選手に抜かれる。2位争いは大接戦となったが、古賀が死力を尽くして2着でフィニッシュした。

110mハードルのシニアでは、村竹ラシッド（24、JAL）や泉谷駿介（26、住友電工）などトップ選手が揃い、今やハードルの強豪国となった日本。その中でも若手のホープとして期待される古賀は、直前の結団式で「U20アジア記録である12秒96を更新して金メダルを獲得したい」と意気込んでいた。

日本時間8日の予選で古賀は、組3着となる13秒54で準決勝に進んだ。同日に行われた準決勝では、U20アジア新記録となる12秒95（+0.3）をマークし、2018年大会の泉谷駿介以来となる決勝進出を果たした。

男子走幅跳決勝に挑んだ大森恵偉音（18、順天堂大）は1回目の跳躍で自己記録を2㎝更新する7m76（＋1.3）をマークし、5位入賞を果たした。男子200m決勝に出場した井手友郎（17、済美高）は、20秒67（∔0.1）で5位入賞。女子3000m決勝に臨んだ長森結愛（17、仙台育英学園高）は、自己記録を4秒近く縮める8分56秒93をマークし、こちらも5位入賞を果たした。

＊写真は今年7月、布勢スプリントでの古賀選手",[],[]
高市総理「我が国は非核三原則を堅持」「81年前の長崎と広島の惨禍を決して繰り返させてはならない」 長崎・平和祈念式典で挨拶（TBS NEWS DIG Powered by JNN）,https://news.yahoo.co.jp/articles/6bd8d8e15b4ac9d5a5a9030cd2a2eadb9a567486,https://newsatcl-pctr.c.yimg.jp/t/amd-img/20260809-07320143-jnn-000-1-view.jpg?exp=10800,2026-08-09T11:41:11+09:00,2026-08-09T11:41:11+09:00,TBS NEWS DIG Powered by JNN,jnn,TBS NEWS DIG Powered by JNN,423,"TBS NEWS DIG Powered by JNN
高市総理はきょう（9日）、長崎市で行われた平和祈念式典で挨拶し、「我が国は非核三原則を堅持している」としたうえで、「核兵器のない世界と恒久平和の実現に向けて尽力する」と改めて強調しました。

高市総理
「『長崎を最後の被爆地に』という誓いの下、『唯一の戦争被爆国』の使命として、『核兵器のない世界』の実現に向けた現実的かつ実践的な取組を推進しています」

高市総理は挨拶の中でこのように述べ、「核兵器のない世界と恒久平和の実現に向けて尽力する」などと誓いました。また、「81年前の長崎と広島の惨禍を決して繰り返させてはならない」「我が国は非核三原則を堅持している」と改めて強調しました。

被爆者が高齢化するなか、政府として「総合的な援護施策」を進めるとしたうえで、原爆症の認定については「一日も早く結果をお知らせするため、できる限り迅速な審査を行うよう努める」と述べました。
TBSテレビ",[],[]
【高市総理 挨拶全文】「我が国は非核三原則を堅持」 長崎・平和祈念式典（TBS NEWS DIG Powered by JNN）,https://news.yahoo.co.jp/articles/a6b718a9571e36434d3e3a8a9479e021d0c66f74,https://newsatcl-pctr.c.yimg.jp/t/amd-img/20260809-07320149-jnn-000-1-view.jpg?exp=10800,2026-08-09T11:38:40+09:00,2026-08-09T11:38:40+09:00,TBS NEWS DIG Powered by JNN,jnn,TBS NEWS DIG Powered by JNN,1404,"TBS NEWS DIG Powered by JNN
高市総理はきょう（9日）、長崎市で行われた平和祈念式典で挨拶し、「我が国は非核三原則を堅持している」としたうえで、「核兵器のない世界の実現に向けた現実的かつ実践的な取組を推進している」と強調しました。

【高市総理　挨拶全文】
81年前の今日、長崎の地に投下された一発の原子爆弾により、多くの方々の貴い命が失われました。

街は一瞬にして焦土と化し、この地におられた方々の日常は瞬時に断ち切られ、家族と過ごす時間も、将来への願いも、すべてが奪われました。

一命をとりとめた方々にも、耐え難い苦難の日々をもたらしました。

内閣総理大臣として、原子爆弾の犠牲となられた方々の御霊に対し、謹んで、哀悼の誠を捧げます。

そして、今なお被爆の後遺症に苦しまれている方々に、心からのお見舞いを申し上げます。

焦土と化した街が、このように美しく復興を遂げたことに、私たちは改めて、市民の皆様が積み重ねてこられたご努力、そして、平和の尊さを強く感じる次第です。

81年前の長崎と広島の惨禍を決して繰り返させてはなりません。

我が国は、「非核三原則」を堅持しており、「長崎を最後の被爆地に」という誓いの下、「唯一の戦争被爆国」の使命として、「核兵器のない世界」の実現に向けた現実的かつ実践的な取組を推進しています。

先般の『核兵器不拡散条約（NPT）運用検討会議』は、厳しい国際安全保障環境の下での開催となりましたが、我が国は、被爆地の方々の思いを伝えながら、『NPT』の維持・強化に向けた結束を各国に呼びかけました。

今後も、「ヒロシマ・アクション・プラン」に基づき、一歩一歩、着実に努力を積み重ねていく決意です。

世界に被爆の実相の正確な理解を広めていくことの重要性は、ますます高まっています。

世界中の指導者や未来のリーダーに被爆地訪問を呼びかけ、被爆の実相に触れていただくことで、核兵器使用の惨禍に関する記憶を継承していく取組を続けてまいります。

被爆から長い年月が経過し、被爆者の方々がご高齢となられる中、多様化する課題に向き合いながら、保健、医療、福祉にわたる「総合的な援護施策」を進めてまいります。

特に、「原爆症の認定」について、一日も早く結果をお知らせするため、できる限り迅速な審査を行うよう、努めてまいります。

「被爆体験者」の皆様に対しましても、被爆者の方々と同等の医療費助成を、着実に実施してまいります。

この街には、81年前のあの日を経験した被爆樹木があると伺っています。

強烈な爆風と熱線によって幹を焼かれ、枝を折られても、しっかりと大地に根を張り、再び葉を芽吹かせた被爆樹木の姿は、筆舌に尽くし難い苦しみと深い悲しみの中にあった方々の心に、希望の光を灯したことでしょう。

被爆樹木の姿は、廃墟から見事に復興を遂げられた長崎の皆様の姿とも重なります。

市民の皆様の不断のご努力により、「国際文化都市」として今日の姿を築かれた長崎市において、「核兵器のない世界」と恒久平和の実現に向けて尽力することをお誓い申し上げます。

結びに、原子爆弾の犠牲となられた方々の御霊の安寧と、ご遺族、被爆者の皆様、並びに参列者、長崎市民の皆様のご平安を祈念いたします。

令和8年8月9日
内閣総理大臣・高市早苗
TBSテレビ",[],[]
【レベル3土砂災害警報】宮城県・栗原市西部に発表 11:36時点（TBS NEWS DIG Powered by JNN）,https://news.yahoo.co.jp/articles/79d7b5d7686b7461b8341dbea7bf79220e904009,https://newsatcl-pctr.c.yimg.jp/t/amd-img/20260809-22862418-jnn-000-1-view.jpg?exp=10800,2026-08-09T11:38:13+09:00,2026-08-09T11:38:13+09:00,TBS NEWS DIG Powered by JNN,jnn,TBS NEWS DIG Powered by JNN,194,"TBS NEWS DIG Powered by JNN
気象台は、9日午前11時36分に、レベル3土砂災害警報を栗原市西部に発表しました。
【現在地の防災情報を確認】
西部では、土砂災害に警戒してください。

【土砂災害警報（発表中）】
■栗原市西部
●レベル3土砂災害警報【発表】

■大崎市西部
●レベル2土砂災害注意報【発表】
TBS NEWS DIG Powered by JNN",[],[]
【 戸塚純貴 】結婚を報告「人生の節目を迎えられること、心より感謝しております」「さらなる飛躍を目指して」精進誓う（TBS NEWS DIG Powered by JNN）,https://news.yahoo.co.jp/articles/050eda51e326954745c3b803dd33d16ac3ec6ea0,https://newsatcl-pctr.c.yimg.jp/t/amd-img/20260809-22862383-jnn-000-1-view.jpg?exp=10800,2026-08-09T11:35:31+09:00,2026-08-09T11:35:31+09:00,TBS NEWS DIG Powered by JNN,jnn,TBS NEWS DIG Powered by JNN,391,"TBS NEWS DIG Powered by JNN
俳優の戸塚純貴さんが8月8日、所属事務所・ボックス・コーポレーションの公式サイトを通じて結婚を発表しました。
【写真を見る】【 戸塚純貴 】結婚を報告「人生の節目を迎えられること、心より感謝しております」「さらなる飛躍を目指して」精進誓う
戸塚さんは「この度、私事ではございますが、結婚いたしました事をご報告申し上げます」と報告。

続けて「いつも支えてくださる皆さまのお陰で、人生の節目を迎えられること、心より感謝しております」とつづりました。

さらに「さらなる飛躍を目指して、自分らしく作品に真摯に向き合いながら、より一層精進して参ります」と決意を述べ、「今後とも変わらぬご厚誼を賜りますよう、お願い申し上げます」と結んでいます。

【担当:芸能情報ステーション】
TBS NEWS DIG Powered by JNN",[],[]
村上宗隆 2試合連続26号!逆転呼び込む一撃、チームも連敗を4で止めて2位とは3ゲーム差 昨季の勝利数に並ぶ（TBS NEWS DIG Powered by JNN）,https://news.yahoo.co.jp/articles/fcaa767f20eefc4d4282c7ffa552125926767f49,https://newsatcl-pctr.c.yimg.jp/t/amd-img/20260809-22854644-jnn-000-2-view.jpg?exp=10800,2026-08-09T11:30:39+09:00,2026-08-09T12:46:16+09:00,TBS NEWS DIG Powered by JNN,jnn,TBS NEWS DIG Powered by JNN,1103,"TBS NEWS DIG Powered by JNN
■MLB　ホワイトソックス6ー3ガーディアンズ（日本時間9日、レート・フィールド）
【MLB 2026】村上宗隆、歴史を塗り替えるルーキーイヤー!ホームラン全記録と全日程・全結果
ホワイトソックスの村上宗隆（26）が本拠地でのガーディアンズ戦に“2番・一塁”で先発出場。3打数1安打1本塁打1四球。2点を追う6回に2試合連続26号ソロを放ち、チームに流れを呼び込むと、その回に5点を奪い逆転、連敗を4で止めた。

前日8日は6試合ぶりの25号を放ち、ブルージェイズ・岡本和真（30）を引き離して、ルーキーの日本選手最多本塁打数を更新した。しかし、チームは2位ガーディアンズとの試合に敗れて4連敗、ゲーム差も2となった。ア・リーグ中地区は試合前時点で4位のタイガースまで3.5ゲーム差以内に4チームがひしめくという大混戦となった。

首位攻防の第2戦、ガーディアンズの先発は今季、2年連続2桁勝利を挙げている11勝のG.ウイリアムズ（27）、村上は1回の第1打席、カウント2-2から内角低めのスイーパーに空振り三振に倒れた。

2回、昨季までDeNAでプレーしていた先発のA.ケイ（31）が1死一、三塁とピンチを迎えると、ガーディアンズの8番・ヘッジスがセーフティスクイズを狙うが、ケイが好フィールディングでキャッチャーにトスすると、三塁走者がホームに突入せずに、塁に戻ったが、キャッチャーのロモが好送球でタッチアウト、ピンチを脱した。

0対0で迎えた3回、2死走者なしで村上の第2打席、カウント0-1から低めのスイーパーを上手くバットに乗せたが、ライトフライに打ち取られた。

両チームの先発が好投する中、ケイが1死二塁から5番・ホスキンスに13号先制ツーランを浴びて、試合が動いた。2点を追うホワイトソックスはその裏、1死走者なしで村上の第3打席、カウント1-1からシンカーを逆方向へ、打球が伸びてレフトポールを直撃する2試合連続の26号ソロ、1対2と1点差に詰め寄った。

これで流れをつかむと、2死満塁のチャンスを作り、7番・ピーターズが左中間への2点タイムリーツーベース、3対2と逆転、村上の一撃で流れを変えると8番・マイドロスもライト前へ2点タイムリー、5対2とリードした。
その後はお互い1点ずつ取り合ったが、ホワイトソックス中継ぎ陣が粘り、最後の打者はファーストライナー、村上がウイニングボールをしっかりつかみ、連敗を4でストップ、今季60勝に到達し、昨季の最終勝ち星に並んだ。
TBS NEWS DIG Powered by JNN",[],[]
【レベル3大雨警報】岩手県・宮古市に発表 11:24時点（TBS NEWS DIG Powered by JNN）,https://news.yahoo.co.jp/articles/3d89ad9fd8d2bd36a69666c003d0fb38f42b9129,https://newsatcl-pctr.c.yimg.jp/t/amd-img/20260809-22862389-jnn-000-1-view.jpg?exp=10800,2026-08-09T11:26:20+09:00,2026-08-09T11:26:20+09:00,TBS NEWS DIG Powered by JNN,jnn,TBS NEWS DIG Powered by JNN,187,"TBS NEWS DIG Powered by JNN
気象台は、9日午前11時24分に、レベル3大雨警報を宮古市に発表しました。

沿岸北部では、低い土地の浸水や河川の増水に警戒してください。
【現在地の防災情報を確認】
【大雨警報（発表中）】
■宮古市
●レベル3大雨警報【発表】

■遠野市
●レベル2大雨注意報
TBS NEWS DIG Powered by JNN",[],[]
【レベル4土砂災害危険警報】岩手県・宮古市に発表 11:24時点（TBS NEWS DIG Powered by JNN）,https://news.yahoo.co.jp/articles/51dc4ea6151a039c84fa17950ac552bacf777085,https://newsatcl-pctr.c.yimg.jp/t/amd-img/20260809-22862386-jnn-000-1-view.jpg?exp=10800,2026-08-09T11:26:20+09:00,2026-08-09T11:26:20+09:00,TBS NEWS DIG Powered by JNN,jnn,TBS NEWS DIG Powered by JNN,231,"TBS NEWS DIG Powered by JNN
気象台は、9日午前11時24分に、レベル4土砂災害危険警報を宮古市に発表しました。
【現在地の防災情報を確認】
沿岸北部では、土砂災害に厳重に警戒してください。

【土砂災害警報（発表中）】
■盛岡市
●レベル2土砂災害注意報

■宮古市
●レベル4土砂災害危険警報【発表】

■遠野市
●レベル2土砂災害注意報

■奥州市
●レベル2土砂災害注意報
TBS NEWS DIG Powered by JNN",[],[]
久保凛が女子800mで5位！メダル獲得ならずも2大会連続入賞果たす【U20世界陸上】（TBS NEWS DIG Powered by JNN）,https://news.yahoo.co.jp/articles/8bbddc6b8cfaf7eaa8141dfa01432c1577c261a1,https://newsatcl-pctr.c.yimg.jp/t/amd-img/20260809-00010006-jnn-000-1-view.jpg?exp=10800,2026-08-09T11:25:27+09:00,2026-08-09T11:25:27+09:00,TBS NEWS DIG Powered by JNN,jnn,TBS NEWS DIG Powered by JNN,621,"久保凛
■U20世界陸上競技選手権大会　第4日（日本時間9日、米・オレゴン）

女子800m決勝に日本記録保持者の久保凛（18、積水化学）が出場、2分04秒00をマークし5位に入った。前回大会の6位に続き2大会連続の入賞を果たした。
【一覧】“U18世界最高”の後藤大樹、日本選手権3連覇の久保凛らU20世界陸上オレゴン日本代表43人発表
2大会連続で決勝進出を果たした久保は序盤、最後方の9番手につける。残り1周で順位をあげ6、7番手につけると、ラスト100mに入った所でも前を行く選手を抜き、5着でゴールした。

久保は、日本時間6日に行われた予選で2分03秒27をマーク、全体トップのタイムで準決勝に進んだ。同8日の準決勝では2分04秒37をマーク、組3着に滑りこみ2大会連続の決勝進出を決めた。

久保は16歳の時に出場した女子としては初の1分台である1分59秒93をマークし、19年ぶりに日本記録を塗り替えた。2025年の日本選手権では自身の持つ記録を0秒41更新する1分59秒52をマーク、東京世界陸上にも出場した。社会人デビュー戦となった5月10日の木南記念では2分07秒47で組6着と記録を伸ばすことができなかったが、同月30日のMIDDLE DISTANCE CIRCUIT 2026では、2分02秒76の1着でフィニッシュし優勝。6月の日本選手権も2分01秒54で制し3連覇を達成、9月に行われるアジア大会代表に内定した。",[],[]
【 辻希美・長女 】　希空　妹・夢空ちゃんの1歳誕生日を祝福　「毎日可愛くて可愛くて見るだけで癒されてるよ」 「姉妹で沢山お出かけしたりしようね」（TBS NEWS DIG Powered by JNN）,https://news.yahoo.co.jp/articles/9b3bc7ed2709126d2fe4b032e9f4d554a9a4f9cb,https://newsatcl-pctr.c.yimg.jp/t/amd-img/20260809-22862363-jnn-000-1-view.jpg?exp=10800,2026-08-09T11:04:18+09:00,2026-08-09T11:04:18+09:00,TBS NEWS DIG Powered by JNN,jnn,TBS NEWS DIG Powered by JNN,794,"TBS NEWS DIG Powered by JNN
元モーニング娘。でタレントの辻希美さんと杉浦太陽さんの長女・希空さんが8月8日、自身のインスタグラムを更新。妹・夢空（ゆめあ）ちゃんの1歳の誕生日をお祝いするメッセージと写真を投稿しました。
【写真を見る】【 辻希美・長女 】　希空　妹・夢空ちゃんの1歳誕生日を祝福　「毎日可愛くて可愛くて見るだけで癒されてるよ」 「姉妹で沢山お出かけしたりしようね」
希空さんは「夢空1歳のお誕生日おめでとう」とつづり、「毎日可愛くて可愛くて見るだけで癒されてるよ」と愛情あふれるコメントを添えました。

投稿には、誕生日を祝う室内でハイチェアに座った夢空さんが、「Happy Birthday」のデコレーションが飾られたケーキの前に手を伸ばす様子が収められています。

ケーキは白いクリームと黄色いスポンジ、イチゴやバナナを使ったもので、ピンクのハートや花の飾りが施されています。

ケーキを前にした夢空さんの表情は真剣そのもので、顔にクリームをつけながらスプーンを手に取る場面も写真に残されています。

また「浴衣セットをプレゼントしたんだ〜」と明かした希空さん。「これからも姉妹で沢山お出かけしたりしようね　大好きだよ〜!!!」と、今後の姉妹でのおでかけへの期待もつづりました。

投稿にはピンクの花柄の浴衣を着た夢空さんがスパウト付きのカップを両手で握って口元に運ぶほほえましい写真も含まれており、1歳の節目を迎えた様子が伝わる内容となっています。

希空さんのWEB上での注目は大きく、インスタグラムのアカウントは、8月9日・10時40分現在、フォロワーが113.8万人。YouTube「希空ちゃんネル」は、登録者数が68.3万人に達しています。

【担当:芸能情報ステーション】
TBS NEWS DIG Powered by JNN",[],[]
【速報】政府、熊本地震で米軍による物資輸送支援受け入れへ　小泉防衛大臣が発表（TBS NEWS DIG Powered by JNN）,https://news.yahoo.co.jp/articles/810b331ad1106421d31be6d609e3d8c51a437832,https://newsatcl-pctr.c.yimg.jp/t/amd-img/20260809-07320146-jnn-000-3-view.jpg?exp=10800,2026-08-09T11:00:55+09:00,2026-08-09T14:43:02+09:00,TBS NEWS DIG Powered by JNN,jnn,TBS NEWS DIG Powered by JNN,360,"TBS NEWS DIG Powered by JNN
小泉防衛大臣は、熊本地震の被災地へのアメリカ軍による支援物資の輸送支援を受け入れると発表しました。

小泉進次郎 防衛大臣
「今回のアメリカ軍による支援は、何よりも被災された方々の命と生活を守ることを目的としています」

小泉防衛大臣はアメリカ軍のKC130輸送機がきょう（9日）、東京の在日アメリカ軍・横田基地から熊本の陸上自衛隊・高遊原分駐地に向けて支援物資を輸送する予定だと明らかにしました。

その後、被災地の集積所までの輸送は陸上自衛隊が支援するということです。

小泉大臣は今回のアメリカ軍による支援について、「日米同盟の絆の強さと、平素から培ってきた協力関係が被災者支援の場面においても実際に機能していることを示すものだ」としています。
TBSテレビ",[],[]
U18世界最高・後藤大樹が男子400mHで決勝進出！49秒19の全体トップのタイムでファイナルへ【U20世界陸上】（TBS NEWS DIG Powered by JNN）,https://news.yahoo.co.jp/articles/6a43e0c9a12a29204c8c3882d1d207426a27415e,https://newsatcl-pctr.c.yimg.jp/t/amd-img/20260809-00010005-jnn-000-5-view.jpg?exp=10800,2026-08-09T10:58:55+09:00,2026-08-09T11:27:29+09:00,TBS NEWS DIG Powered by JNN,jnn,TBS NEWS DIG Powered by JNN,520,"後藤大樹選手
■U20世界陸上競技選手権大会（日本時間9日、米・オレゴン）

男子400mハードル準決勝で、後藤大樹（17、洛南高校）が49秒19をマークし、全体トップで決勝進出を決めた。
【一覧】“U18世界最高”の後藤大樹、日本選手権3連覇の久保凛らU20世界陸上オレゴン日本代表43人発表
後藤は今年6月の日本選手権に出場し、予選で48秒31のU18世界最高をマークすると、決勝では自らの打ち立てた記録をさらに塗り替える48秒09を叩き出した。高校2年生で一躍日本の頂点に立ち、9月に開幕するアジア大会代表にも選出された。

7日に行われた予選で50秒45をマークして準決勝に進んだ後藤。この日のレースは序盤3番手につけると、第3コーナーから徐々に加速し2番手に浮上。そして残り50mを切った所で前を行く選手を捉え、そのまま抜き去って1着でフィニッシュした。

もう一人の日本代表・千葉遼（18、法政大学）は52秒37で8着となり、準決勝敗退となった。また、女子400mハードル準決勝に出場したガードナ レイチェル麻由（18、早稲田大）は57秒80で4着となり、決勝進出はならなかった。

＊写真は今年6月の陸上日本選手権での後藤選手",[],[]
山本由伸 6回途中無失点 連敗ストップに107球の粘投、打線の援護なく12勝目はならず（TBS NEWS DIG Powered by JNN）,https://news.yahoo.co.jp/articles/1b1298db6bd17f5ec529b85f5cb81ef013ee3f5a,https://newsatcl-pctr.c.yimg.jp/t/amd-img/20260809-00010004-jnn-000-1-view.jpg?exp=10800,2026-08-09T10:57:52+09:00,2026-08-09T10:57:52+09:00,TBS NEWS DIG Powered by JNN,jnn,TBS NEWS DIG Powered by JNN,1143,"ドジャース・山本由伸投手
■MLB　Dバックス ー ドジャース（日本時間9日、チェイス・フィールド）

ドジャースの山本由伸（27）が敵地でのダイヤモンドバックス戦に今季21度目の先発登板。5回2/3回、107球を投げて被安打3、奪三振6、四死球4、失点0。序盤はコーナーへのコントロールが抜群だった山本、中盤に入り2イニング連続で先頭打者にヒットを許すも無死点、しかし、打線の援護なく12勝目とはいかなかった。
【日程一覧】3連覇に挑む大谷翔平、山本由伸らのドジャース2026年
前回2日のレッドソックス戦では8回3失点も敗戦投手、チームも現在、今季ワーストの7連敗中と連敗ストッパーを託された。山本はダイヤモンドバックス戦は通算4勝2敗と相性は良いが2敗が共にこの日先発のD.ファート（27）との投げ合いだった。

鬼門の立ち上がり、1番・ペルドモ、2番・キャロルとスプリットで2死を奪ったが、その後にヒットと四球で2死一、二塁とピンチを招き、5番・ヌートバーと対戦。1球目のカットボールで詰まらせてセカンドゴロ、1回を無失点で切り抜けた。

2回には1死から7番・タワをスプリット、8番・マキャンをスライダーで連続三振、初バッテリーを組むフェドゥシアとのコンビネーションも良く、コーナーへのコントロールも抜群で連敗ストップに気持ちも入っていた。

0対0の3回、2死から2番・キャロルにストレートの四球、さらに3番・モレノにもボールが先行して、6球連続ボールと急にリズムが崩れ始めた。すると、カウント2－0からストレートをセンター方向へ、ここでセカンドのエドマンがスライディングキャッチの好プレー、守備で山本を助けた。

その裏、先頭で迎えた大谷の第2打席、カウント3－1からストレートを振り抜き打球はライトへ、良い感じで捉えていたが、やや詰まらされてライトフライに倒れた。続く2番・パヘスが内野安打で出塁したが、3番・フリーマンがサードライナーで一塁走者が戻れずダブルプレー、山本を援護することが出来ない。

0対0で迎えた5回、山本は先頭打者にヒットを許すと1死一、二塁のピンチを迎えてダイヤモンドバックス打線の3巡目を迎えて1番・ペルドモを追い込むとカーブで見逃し三振、2番・キャロルは強気のストレートで見逃しと連続三振でピンチを脱した。

続く6回には先頭打者にヒットを許すと、続く打者にも四球で無死一、二塁のピンチで迎えるは5番・ヌートバー、カウント2－2からいい当たりをされるもセカンドライナー、続くはアレナードはフルカウントからレフトフライ、2死を奪ったところでベンチが動き山本はここで降板、後を受けたフィリップスが7番・タワをライトフライに打ち取り無失点に抑えた。",[],[]
【甲子園】花巻東が2年連続初戦突破！ 新田にリード許さず競り勝つ 赤間が走・攻・守で勝利に貢献 萬谷は7回2失点 4番・古城は2安打（TBS NEWS DIG Powered by JNN）,https://news.yahoo.co.jp/articles/c8fe1bda403541c3e3455f470ce9711e5ee605ef,https://newsatcl-pctr.c.yimg.jp/t/amd-img/20260809-00010003-jnn-000-1-view.jpg?exp=10800,2026-08-09T10:26:51+09:00,2026-08-09T10:26:51+09:00,TBS NEWS DIG Powered by JNN,jnn,TBS NEWS DIG Powered by JNN,1178,"花巻東・萬谷堅心投手
■第108回全国高校野球選手権　第5日・第1試合　1回戦　花巻東 4ー2 新田　（9日　甲子園）
【一覧】夏の甲子園組み合わせ　連覇狙う沖縄尚学は4季連続出場の横浜と1回戦で激突
花巻東（岩手）は新田（愛媛）を破り、2年連続の初戦突破。敗れた新田は5年ぶりの白星とはならなかった。次戦は大会10日目（14日）第1試合で、岡山学芸館（岡山）と鳥取城北（鳥取）の勝者と対戦する。2回に斎藤蒼梧（2年）の適時打で先制。その後は両校点を取り合うが、8回に赤間史弥（3年）の好走塁で貴重な追加点を挙げ、相手の追い上げを振り切り4ー2で勝利した。

花巻東は4年連続14回目、5季連続の甲子園出場。夏は09年、13年の4強が最高成績。対する新田は5年ぶり2回目の出場。前回出場時には夏の甲子園初白星を挙げた。

先発は背番号1左腕・萬谷堅心（3年）。岩手大会では計13イニングを投げ無失点。決勝の盛岡大付戦ではわずか94球で完封勝利を挙げた。初回は打者3人をフライに打ち取る立ち上がり。

2回、先頭の4番・古城大翔（3年）が中安を放ち、安打と犠打で二三塁のチャンスを作ると、8番・斎藤が追い込まれながらも三遊間を破る適時打を放ち、先制に成功する。二塁走者も本塁を狙うが、相手の好返球に阻まれタッチアウト。

萬谷は3回、1死から9番・得居飛翔（3年）に遊撃への内野安打を許すと、2つの四死球を与え満塁のピンチを招く。しかし後続を断ち、無失点で切り抜ける。するとその裏、5番・萬谷の左安と四死球で満塁のチャンスを作り、相手の暴投間に三塁走者が生還し2ー0。

5回、萬谷は先頭の8番・秋山祐太（3年）に遊撃への内野安打、犠打と四球、さらにバッテリーエラーで1死二三塁のピンチを招く。続く2番・木下春空（3年）に中犠飛を許し、2ー1とされる。

6回、先頭の4番・古城が左翼フェンス際へ二塁打を放ち、続く萬谷が犠打で送り走者を三塁に置く。途中出場の7番・久保村冠太（2年）が左中間へ適時二塁打を放ち、3ー1と突き放す。

その裏、萬谷は4番・中野陸（3年）、6番・田頭颯真に連打を浴び一二塁とされると、8番・秋山に右前適時打を許し、3ー2と再び1点差に。なおも一三塁のピンチを背負うが、次打者を打ち取り最少失点に抑える。

萬谷は7回104球、6被安打、4奪三振、4四死球、2失点で降板。

8回、先頭の3番・赤間史弥（3年）が右中間を破る二塁打を放ち、暴投の間に三塁へ進塁、1死となった後、打者は浅い外野フライに打ち取られるが、赤間は相手守備の送球間の隙を見て本塁生還。好走塁で4ー2とリードを広げる。

その裏は萬谷に代わって赤間がマウンドへ。8回を無失点に抑え、9回は先頭打者に死球を与え降板。代わった菅原駿（2年）は得点を許さず、試合終了。",[],[]
【甲子園】新田は5年ぶり初戦突破ならず 花巻東に競り負ける...エース築山8回4失点の粘投 守備陣は再三の好守も8回 隙を突かれ痛い失点（TBS NEWS DIG Powered by JNN）,https://news.yahoo.co.jp/articles/0215a0e0014d0cb42826495ad19c72646ca26477,https://newsatcl-pctr.c.yimg.jp/t/amd-img/20260809-00010002-jnn-000-1-view.jpg?exp=10800,2026-08-09T10:26:50+09:00,2026-08-09T10:26:50+09:00,TBS NEWS DIG Powered by JNN,jnn,TBS NEWS DIG Powered by JNN,1114,"新田・築山朔弥投手
■第108回全国高校野球選手権　第5日・第1試合　1回戦　花巻東 4ー2新田　（9日　甲子園）
【一覧】夏の甲子園組み合わせ　連覇狙う沖縄尚学は4季連続出場の横浜と1回戦で激突
新田（愛媛）は花巻東（岩手）に競り負け、5年ぶりの甲子園白星はならなかった。先発・築山朔弥（3年）は2回に適時打、4回に自らの暴投で2点を先制される。5回に木下春空（3年）の犠飛、6回には秋山祐太（3年）の適時打で1点差に迫る。だが再々の好守で失点を防いできた守備陣が8回に隙を突かれ1点を失った。

新田は5年ぶり2度目の2度目の出場、前回の初出場に2回戦で敗れた。春夏通じて初の甲子園となった90年の選抜大会では準優勝を飾った。花巻東は4年連続14度目の出場、5季連続の甲子園出場。

後攻の新田はエース右腕・築山朔弥（3年）が先発。築山は地方大会では5試合のうち4試合で先発、準決勝まで16回を無失点に抑え決勝・松山学院戦は9回3失点で完投した。

築山は2回、安打と四球で2死二・三塁のピンチを招くと8番・斎藤蒼悟（2年）に左前へタイムリーを運ばれ、先制される。だが二走はレフト・加納健翔（3年）が本塁へダイレクト送球で2失点目を阻止した。

花巻東のエース左腕・萬谷堅心（3年）に2回2死から田頭颯真（3年）がチームヒットにボークで得点圏に走者も安永快（3年）は空振り三振に終わる。

3回の攻撃でも安打と四死球で2死満塁の好機を作るも4番・中野陸（3年）は直球を捉えるも強烈な二ゴロに倒れた。

すると築山は直後の4回、2四死球と安打で1死満塁とすると自らの暴投で、0ー2となる。さらに菊地輝（1年）の遊ゴロを酒井真聖（3年）が好捕し本塁で三走を封殺。

築山は5回も1死から連打で一・二塁とするが一走を捕手・得居飛翔（3年）が牽制で刺しピンチを脱した。

すると5回の攻撃で秋山祐太（3年）が遊内安打、犠打と四球に萬谷の暴投で1死二・三塁の好機に木下春空（3年）がセンターへ犠飛を打ち、1ー2とした。

だが築山は6回、先頭の4番・古城大翔（3年）に左越えツーベース、2死まで取るも7番・久保村冠太（2年）に左中間へタイムリーツーベースを飛ばされ、1ー3となる。

だが直後6回の攻撃で1死から田頭と安永が連打し一・二塁とすると2死後に秋山が右前へタイムリーを弾き返し、2ー3に迫る。

だが築山は8回に先頭・赤間史弥（3年）に右中間へツーベース、1死後に萬谷を浅い右飛に取るも内野に緩くボールを返球する間に赤間の帰還を許し、2ー4となった。

8、9回の攻撃は花巻東の細かい継投の前に得点を奪うことができなかった。",[],[]
中島ひとみが日本新記録、12秒62を予選でいきなりマーク、福部真子の記録を2年ぶりに更新【陸上・富士北麓ワールドトライアル】（TBS NEWS DIG Powered by JNN）,https://news.yahoo.co.jp/articles/c18b524cc08bc2df420bd1e0d957896d46649f66,https://newsatcl-pctr.c.yimg.jp/t/amd-img/20260809-00010001-jnn-000-4-view.jpg?exp=10800,2026-08-09T10:18:14+09:00,2026-08-09T11:06:41+09:00,TBS NEWS DIG Powered by JNN,jnn,TBS NEWS DIG Powered by JNN,578,"中島選手
■陸上・富士北麓ワールドトライアル（9日、山梨・富士北麓公園 「富士山GXスタジアム 」  ）
アジア大会・陸上日本代表86人が決定　桐生祥秀はリレーに選出、最年少17歳は400mHの後藤大樹　田中希実は3種目に出場【一覧】
女子100mハードル予選が行われ、日本選手権女王でアジア大会代表の中島ひとみ（31、長谷川体育施設）が12秒62の日本新記録をマークした。従来の記録は2024年に福部真子が12秒69で2年ぶりの日本記録更新となった。

予選1組で登場した中島は好スタートを切るとグングンと加速。他を寄せ付けない圧倒的なスピードでトップでフィニッシュした。12秒62の日本新記録を確認すると笑顔が弾けた。

さらに予選2組で登場した青木益未も従来の日本記録を超える12秒68をマークし、決勝進出を決めた。

■中島ひとみ（なかじま・ひとみ）
1995年7月13日生まれ。長谷川体育施設所属。中学2年でハードルを始め、翌年の全中で優勝。夙川学院高校、園田学園女子大学を経て実業団へ進む。2024年に29歳で自身初の12秒台（12秒99）をマーク。2025年7月には日本歴代2位となる12秒71を叩き出し、同年の東京世界陸上選手権に出場して準決勝進出を果たした。2026年の日本選手権では12秒77で念願の大会初優勝、アジア大会代表となった。",[],[]
村上宗隆 今季5度目の2試合連続26号！首位攻防での2戦連発に本拠地ファン大熱狂、連敗中のチームに勢いつける（TBS NEWS DIG Powered by JNN）,https://news.yahoo.co.jp/articles/92ef95e3747873afab6993e62b28be252bcadf5a,https://newsatcl-pctr.c.yimg.jp/t/amd-img/20260809-00010000-jnn-000-1-view.jpg?exp=10800,2026-08-09T10:12:43+09:00,2026-08-09T10:12:43+09:00,TBS NEWS DIG Powered by JNN,jnn,TBS NEWS DIG Powered by JNN,901,"ホワイトソックス・村上宗隆選手
■MLB　ホワイトソックスーガーディアンズ（日本時間9日、レート・フィールド）

ホワイトソックスの村上宗隆（26）が本拠地でのガーディアンズ戦に“2番・一塁”で先発出場。6回の第3打席で今季5度目の2試合連続となる26号ソロ本塁打を放った。ルーキーの日本選手最多本塁打数を更新した。
【MLB 2026】村上宗隆、歴史を塗り替えるルーキーイヤー！ホームラン全記録と全日程・全結果
前日8日は6試合ぶりの25号を放ち、ブルージェイズ・岡本和真（30）を引き離して、ルーキーの日本選手最多本塁打数を更新した。しかし、チームは2位ガーディアンズとの試合に敗れて4連敗、ゲーム差も2となった。

首位攻防の第2戦、ガーディアンズの先発は今季、2年連続2桁勝利を挙げている11勝のG.ウイリアムズ（27）、村上は1回の第1打席は空振り三振、3回の第2打席はライトフライ。

そして、6回の第3打席、甘く入ってきたボールを逃さずにフルスイングすると、打球は綺麗な放物線を描いてレフトポール直撃。大事な首位攻防戦で今季5度目となる2試合連続の26号ホームラン。本拠地ファンも大歓声を挙げて、村上はダイヤモンドを一周し、ベンチで仲間から祝福を受けた。

ア・リーグのトップは現在“三冠王”のY.アルバレス（28、アストロズ）で35号。村上は9本差に迫った。

【メジャー日本選手1年目のホームラン数】
1位：村上宗隆（26年Wソックス）　26本
2位：岡本和真（26年Bジェイズ）     24本
3位：大谷翔平（18年エンゼルス）　22本
4位：城島健司（06年マリナーズ）　18本
5位：松井秀喜（03年ヤンキース）　16本
6位：井口資仁（05年Wソックス）　15本
　　  吉田正尚（23年Rソックス）　 
8位：鈴木誠也（22年カブス） 14本
9位：新庄剛志（01年メッツ） 10本
　　  福留孝介（08年カブス） 
         青木宣親（12年ブルワーズ）    
12位：イチロー（01年マリナーズ）    8本
           筒香嘉智（20年レイズ）",[],[]
ウクライナ・ゼレンスキー大統領「北朝鮮が3万～5万人のロシア派兵決定」韓国に協力呼びかけ（TBS NEWS DIG Powered by JNN）,https://news.yahoo.co.jp/articles/5e46edf562b3a07d8beab94391818f960056704f,https://newsatcl-pctr.c.yimg.jp/t/amd-img/20260809-07320140-jnn-000-2-view.jpg?exp=10800,2026-08-09T09:26:03+09:00,2026-08-09T10:49:03+09:00,TBS NEWS DIG Powered by JNN,jnn,TBS NEWS DIG Powered by JNN,381,"TBS NEWS DIG Powered by JNN
ウクライナのゼレンスキー大統領は、北朝鮮が3万人から5万人の兵士をロシアに派遣することが決まったとの見方を示しました。

ウクライナのゼレンスキー大統領は8日、SNSにウクライナメディアのインタビューに答えた内容を投稿しました。

その中で、ゼレンスキー氏は、北朝鮮が3万人から5万人の兵士をロシアに派遣することが決まったとの見方を示し、「北朝鮮は間違いなくロシアのもとで現代戦の経験を積むことになる」と強調しました。

また、「北朝鮮がロシアからあらゆる種類の軍事装備を受け取り生産ライセンスを取得することは明らかだ」と指摘。

その上で、「韓国はウクライナとより緊密に協力すべきだ」とし、「現在ウクライナに不足している防空システムの分野で韓国からの支援を強く望んでいる」と呼びかけました。
TBSテレビ",[],[]
【レベル3大雨警報】鹿児島県・鹿屋市に発表 08:09時点（TBS NEWS DIG Powered by JNN）,https://news.yahoo.co.jp/articles/a6038bac36ad935de6723126a0f25e91d39933bb,https://newsatcl-pctr.c.yimg.jp/t/amd-img/20260809-22862249-jnn-000-1-view.jpg?exp=10800,2026-08-09T08:11:15+09:00,2026-08-09T08:11:15+09:00,TBS NEWS DIG Powered by JNN,jnn,TBS NEWS DIG Powered by JNN,295,"TBS NEWS DIG Powered by JNN
気象台は、9日午前8時09分に、レベル3大雨警報を鹿屋市に発表しました。

薩摩地方、大隅地方では、低い土地の浸水や河川の増水に警戒してください。
【現在地の防災情報を確認】
【大雨警報（発表中）】
■鹿児島市
●レベル2大雨注意報

■鹿屋市
●レベル3大雨警報【発表】

■指宿市
●レベル3大雨警報

■垂水市
●レベル2大雨注意報

■南さつま市
●レベル2大雨注意報

■南九州市
●レベル3大雨警報

■錦江町
●レベル2大雨注意報

■肝付町
●レベル2大雨注意報
TBS NEWS DIG Powered by JNN",[],[]
熊本県で最大震度4のやや強い地震　熊本県・上天草市（TBS NEWS DIG Powered by JNN）,https://news.yahoo.co.jp/articles/dc394e39ed73f4c145c004122d616452850b16d8,https://newsatcl-pctr.c.yimg.jp/t/amd-img/20260809-22862244-jnn-000-2-view.jpg?exp=10800,2026-08-09T08:05:23+09:00,2026-08-09T08:06:23+09:00,TBS NEWS DIG Powered by JNN,jnn,TBS NEWS DIG Powered by JNN,780,"TBS NEWS DIG Powered by JNN
9日午前8時2分ごろ、熊本県で最大震度4を観測するやや強い地震がありました。

気象庁によりますと、震源地は熊本県天草・芦北地方で、震源の深さはおよそ10km、地震の規模を示すマグニチュードは4.2と推定されます。
【詳細】各地の震度一覧・最新LIVE
この地震による津波の心配はありません。

最大震度4を観測したのは、熊本県の上天草市です。

【各地の震度詳細】

■震度4
□熊本県
上天草市

■震度3
□熊本県
水俣市　天草市　芦北町

□長崎県
南島原市

■震度2
□熊本県
津奈木町　熊本西区　熊本南区
熊本北区　八代市　玉名市
宇土市　宇城市　合志市
熊本美里町　和水町　甲佐町
氷川町　人吉市　錦町
相良村　五木村　山江村
球磨村　あさぎり町

□長崎県
雲仙市

□宮崎県
西都市　小林市　えびの市

□鹿児島県
薩摩川内市　伊佐市　さつま町
長島町　湧水町

■震度1
□熊本県
苓北町　熊本中央区　荒尾市
山鹿市　菊池市　玉東町
大津町　菊陽町　西原村
御船町　嘉島町　山都町
多良木町　湯前町　水上村
熊本高森町　南阿蘇村

□長崎県
島原市　平戸市　長崎市
諫早市　大村市　時津町

□宮崎県
延岡市　高鍋町　新富町
川南町　宮崎都農町　椎葉村
宮崎美郷町　高千穂町　宮崎市
国富町　綾町

□鹿児島県
鹿児島市　阿久根市　鹿児島出水市
霧島市　いちき串木野市　姶良市
薩摩川内市甑島

□福岡県
大牟田市　久留米市　八女市
みやま市

□佐賀県
佐賀市　上峰町　みやき町

□大分県
日田市　竹田市　九重町

気象庁の発表に基づき、地域ごとに震度情報をお伝えしています。
新たな情報が発表され次第、情報を更新します。
TBS NEWS DIG Powered by JNN",[],[]
初めての“夜行”新幹線「ルミエールエクスプレス」　東京駅を夜に出発し翌朝に新大阪駅へ　ホテル代高騰のなかレジャー需要など狙う（TBS NEWS DIG Powered by JNN）,https://news.yahoo.co.jp/articles/178f677ba41e8061a3516d2ceabfae642114cd1c,https://newsatcl-pctr.c.yimg.jp/t/amd-img/20260809-07320129-jnn-000-3-thumb.jpg?exp=10800,2026-08-09T07:26:20+09:00,2026-08-09T08:52:38+09:00,TBS NEWS DIG Powered by JNN,jnn,TBS NEWS DIG Powered by JNN,451,"TBS NEWS DIG Powered by JNN
初めての＂夜行＂新幹線が登場です。移動先で朝から行動したい人の利用を想定し、一晩限定で、走行しています。

初めての＂夜行＂新幹線「東海道ルミエールエクスプレス」、東京駅から一晩かけて新大阪駅を目指します。

乗客
「新幹線車両に夜に乗れるというのは結構珍しいんで」
「発売の時間に即（サイトに）入って、女性専用車両だったからかサッといけたのはいけた」

列車は東京駅をきのう午後10時に出発。騒音への配慮から午前0時から6時頃までのおよそ6時間は、途中の岐阜羽島駅で停車します。

ホテルなどの宿泊費が高騰する中、JR東海は、移動先で朝から行動したいレジャー客などの利用を想定。価格は普通車でおとなひとり1万5000円で、窓側の座席のみを販売し発売から2日でおよそ500席すべてが売り切れました。

今回は一晩限定での運行ですが、今後の運行も前向きに検討されているというこの＂夜行＂新幹線、午前6時59分に新大阪駅に到着予定です。
TBSテレビ",[],[]
熊本県で最大震度1の地震　熊本県・宇城市（TBS NEWS DIG Powered by JNN）,https://news.yahoo.co.jp/articles/d411160a4c52b99a095c65f2e72d411d1a7be330,https://newsatcl-pctr.c.yimg.jp/t/amd-img/20260809-22862234-jnn-000-1-view.jpg?exp=10800,2026-08-09T07:04:14+09:00,2026-08-09T07:04:14+09:00,TBS NEWS DIG Powered by JNN,jnn,TBS NEWS DIG Powered by JNN,304,"TBS NEWS DIG Powered by JNN
9日午前7時0分ごろ、熊本県で最大震度1を観測する地震がありました。

気象庁によりますと、震源地は熊本県天草・芦北地方で、震源の深さはおよそ10km、地震の規模を示すマグニチュードは2.6と推定されます。
【詳細】各地の震度一覧・最新LIVE
この地震による津波の心配はありません。

最大震度1を観測したのは、熊本県の宇城市です。

【各地の震度詳細】

■震度1
□熊本県
宇城市

気象庁の発表に基づき、地域ごとに震度情報をお伝えしています。
新たな情報が発表され次第、情報を更新します。
TBS NEWS DIG Powered by JNN",[],[]
ウクライナ首都キーウや近郊にロシア軍の攻撃 4人死亡（TBS NEWS DIG Powered by JNN）,https://news.yahoo.co.jp/articles/9796d38d3adcd49da177465863f606aad4708004,https://newsatcl-pctr.c.yimg.jp/t/amd-img/20260809-07320138-jnn-000-2-view.jpg?exp=10800,2026-08-09T06:43:56+09:00,2026-08-09T06:55:03+09:00,TBS NEWS DIG Powered by JNN,jnn,TBS NEWS DIG Powered by JNN,377,"TBS NEWS DIG Powered by JNN
ウクライナの首都キーウやキーウ近郊にロシア軍の攻撃が相次ぎ、あわせて4人が死亡しました。

ウクライナのゼレンスキー大統領はSNSで、7日夜から8日未明にかけてキーウ近郊にロシア軍のドローン攻撃があり、3歳の子どもとその祖父母の3人が死亡したと明らかにしました。

子どもの両親と兄を含む4人がケガをしたとしています。

また、キーウに対してもロシア軍の弾道ミサイルによる攻撃があり、1人が死亡したということです。

ウクライナでは迎撃ミサイルが不足し、ロシアの弾道ミサイル攻撃による被害が拡大しています。

ゼレンスキー氏は各国に向けて、ロシアの弾道ミサイルの生産を阻止する新たな制裁が必要だと訴えたほか、アメリカ製防空システム「パトリオット」などのミサイルの供与を呼びかけました。
TBSテレビ",[],[]
ミャンマー外務省 ASEAN特使「もはや必要ない」アウン・サン・スー・チー氏の釈放は「法律によってのみ行われる」（TBS NEWS DIG Powered by JNN）,https://news.yahoo.co.jp/articles/05dba232cba64c1f03b71613ce79043121900bed,https://newsatcl-pctr.c.yimg.jp/t/amd-img/20260809-07320137-jnn-000-2-view.jpg?exp=10800,2026-08-09T06:43:36+09:00,2026-08-09T07:33:11+09:00,TBS NEWS DIG Powered by JNN,jnn,TBS NEWS DIG Powered by JNN,624,"TBS NEWS DIG Powered by JNN
クーデターにより軍が実権を握ったミャンマーの外務省は、民主的な選挙で発足した政府が国家の責任を担っているとして、ASEAN=東南アジア諸国連合の介入は「もはや必要ない」との声明を発表しました。

ミャンマーをめぐっては、4月に発足した親軍政権が、民主派指導者のアウン・サン・スー・チー氏と赤十字国際委員会の代表者との面会を許可したことについて、ASEAN議長国のフィリピンが「前向きな一歩だ」と歓迎。ミャンマー問題を担当するASEANの特使とスー・チー氏の面会などを求めています。

こうしたなか、ミャンマー外務省は8日、「民主的な選挙で誕生した政府が国家の責任を担っている」として、ASEAN特使の役割は「もはや必要ない」との声明を出しました。刑務所から指定住居での軟禁措置に移されたスー・チー氏の釈放については、「法律に従ってのみ行われる」としています。また、ASEANの内政不干渉の原則を尊重し、加盟国が圧力を加えることのないようけん制しました。

ミャンマー軍は5年前のクーデター以降、暴力の停止や政治犯の釈放、全ての当事者との対話といったASEAN側の要求をほぼ無視しています。

一方、ミャンマー軍に融和的なタイ政府は今月、ミャンマー親軍政権トップのミン・アウン・フライン氏を招待し、ASEANの主要会議から排除されたミャンマーの復帰を後押しする姿勢を見せています。
TBSテレビ",[],[]
今日の天気　東～北日本はきょうも急な雷雨のおそれ　短時間で道路が冠水するほどの降り方に　台風15号はあさって11日（火・祝）ごろ東北に上陸か（TBS NEWS DIG Powered by JNN）,https://news.yahoo.co.jp/articles/b7afdbb066a0c5bc6c2e2cbb19e43ef076c32318,https://newsatcl-pctr.c.yimg.jp/t/amd-img/20260809-07320136-jnn-000-4-thumb.jpg?exp=10800,2026-08-09T06:13:03+09:00,2026-08-09T07:34:44+09:00,TBS NEWS DIG Powered by JNN,jnn,TBS NEWS DIG Powered by JNN,1061,"TBS NEWS DIG Powered by JNN
きょう9日（日）も午後を中心に、東日本や北日本では雷雲が発達する見通しです。局地的には1時間に50ミリ以上の、短時間で道路が冠水するほどの滝のような非常に激しい雨や雷雨となるおそれがあります。
【CGを見る】台風13号雨雲の動き、15号の予想進路図
■沖縄・奄美　まだ台風13号の影響続く
台風13号は大型で動きが遅く、きょう9日（日）も沖縄や奄美では強風や高波などにお気をつけください。雨も続き、まだ激しく降る所がありそうです。本州付近は晴れ間がありますが、午後は東日本や北日本を中心に、天気が急変するおそれがあります。きのう8日（土）は長野市で突風とみられる被害が発生しています。きょう9日（日）も午後を中心に、局地的な豪雨、突風、落雷、ひょうなどにお気をつけください。

■九州～東海では35℃以上の猛暑日
最高気温は、西日本や東日本でだいたい前日と同じくらいでしょう。名古屋・大阪・広島は35℃など、35℃以上の猛暑日になる所もありそうです。東京都心は33℃くらいで蒸し暑く感じられるでしょう。青森は25℃で前日より9℃も下がるため、体調管理や服装選びに注意が必要です。

【きょう9日（日）の各地の予想最高気温】
札幌　:26℃　釧路:24℃
青森　:25℃　盛岡:30℃
仙台　:29℃　新潟:30℃
長野　:32℃　金沢:32℃
名古屋:35℃　東京:33℃
大阪　:35℃　岡山:34℃
広島　:35℃　松江:33℃
高知　:33℃　福岡:34℃
鹿児島:31℃　那覇:30℃

■あさって11日（火・祝）は東北で荒天
日本の東で発生している台風15号は、あさって山の日の11日（火・祝）ごろ、東北に上陸するおそれがあります。あまり発達はしない見込みですが、東北ではあさって11日（火・祝）午後から急激に雨や風が強まる可能性があります。台風15号は12日（水）には日本海に抜け、13日（木）には熱帯低気圧に変わる見込みです。

■関東　お盆は30℃下回る日が多い予想
西日本や東海付近は台風や熱帯低気圧に向かう南からの湿った空気の通り道となるため、お盆期間は大気の状態が不安定となるおそれがあります。晴れ間はありますので、最高気温は35℃前後と厳しい暑さが続くでしょう。一方、台風が通り過ぎたあと、関東や東北太平洋側には涼しく湿った風が吹き込みます。台風が離れても曇りや雨が続き、東京都心の最高気温は30℃を下回る日が多くなるでしょう。
TBSテレビ",[],[]
熊本県で最大震度1の地震　熊本県・八代市（TBS NEWS DIG Powered by JNN）,https://news.yahoo.co.jp/articles/b847d6c7ad5ee4ad43223a097bb9e46f26d2843f,https://newsatcl-pctr.c.yimg.jp/t/amd-img/20260809-22862228-jnn-000-1-view.jpg?exp=10800,2026-08-09T06:10:25+09:00,2026-08-09T06:10:25+09:00,TBS NEWS DIG Powered by JNN,jnn,TBS NEWS DIG Powered by JNN,298,"TBS NEWS DIG Powered by JNN
9日午前6時5分ごろ、熊本県で最大震度1を観測する地震がありました。

気象庁によりますと、震源地は熊本県熊本地方で、震源の深さはごく浅い、地震の規模を示すマグニチュードは1.9と推定されます。
【詳細】各地の震度一覧・最新LIVE
この地震による津波の心配はありません。

最大震度1を観測したのは、熊本県の八代市です。

【各地の震度詳細】

■震度1
□熊本県
八代市

気象庁の発表に基づき、地域ごとに震度情報をお伝えしています。
新たな情報が発表され次第、情報を更新します。
TBS NEWS DIG Powered by JNN",[],[]
【倒産情報】歯科クリニック運営 創業37年の医療法人「社団友志会」ら破産開始決定 ピーク時は5.8億円を超える売上高を計上も…競合激化や借入負担増の影響で赤字に 熊本市【東京商工リサーチ】（TBS NEWS DIG Powered by JNN）,https://news.yahoo.co.jp/articles/ce593be24f9cd364c7e9a35d8a942b1cf134cf3d,https://newsatcl-pctr.c.yimg.jp/t/amd-img/20260809-22860350-jnn-000-1-view.jpg?exp=10800,2026-08-09T06:00:42+09:00,2026-08-09T06:00:42+09:00,TBS NEWS DIG Powered by JNN,jnn,TBS NEWS DIG Powered by JNN,993,"TBS NEWS DIG Powered by JNN
人口73万人の熊本県熊本市で歯科診療所の運営などを手がける「医療法人社団友志会」と、関連会社の「株式会社メディカルロングサービス」が、熊本地裁から破産開始決定を受けました。
負債総額は2社合計で約10億円（社団友志会が約8億円、メディカルロングサービスが約2億円）に上るということです。
【写真を見る】【倒産情報】歯科クリニック運営 創業37年の医療法人「社団友志会」ら破産開始決定 ピーク時は5.8億円を超える売上高を計上も…競合激化や借入負担増の影響で赤字に 熊本市【東京商工リサーチ】
■「ピークの売上高は5.8億円超」1989年創業の老舗歯科グループ

東京商工リサーチによりますと、社団友志会は1989年に創業。熊本市内で「新地ハロー歯科」「翼ハロー歯科・内科診療所」を運営し、一般歯科をはじめ小児歯科、矯正歯科、インプラント治療、訪問歯科診療など幅広い需要を取り込んでいました。

先進的な歯科医療を提供する医療法人として、熊本県内で複数の歯科医院展開や最新設備の積極導入を進めて事業を拡大しました。2010年8月期にはピークとなる約5億8453万円の売上高を計上していました。

■事業継続を断念...競合激化や借入負担増が追い打ち

しかし、その後、同業者との競争がより一層激しくなり、売り上げを落としました。
加えて過去の不動産投資の失敗や設備投資に伴う借入負担が重く、2017年8月期には赤字を計上し債務超過へ転落。

自由診療分野への展開を図るため東京・台場に「マイセルクリニック東京」を開設するなど事業展開し、2020年8月期には売上高をピークに近い約5億2603万円まで回復させました。

■借入負担の重さや社有不動産への差押えなど厳しい状況が続き…

しかし、借入負担の重さや社有不動産への差押えなど厳しい状況が続くなか、2026年4月に医療法人の理事長が死去しました。
事業継続が不可能な状況に陥り、今回の措置となりました。
また、仕入窓口業者であったメディカルロングサービスも連鎖する形となり熊本地裁から破産開始決定を受けました。

なお、「新地ハロー歯科診療所」はスポンサーの支援を受け、「ハロースマイル歯科」として事業を継続する方針です。
TBS NEWS DIG Powered by JNN",[],[]
“高市総理の悲願”消費税1％表明も支持率初の6割切り…「賛成52％」の波紋　皇室典範めぐる政府説明にも不満「6割超」【8月JNN世論調査解説】（TBS NEWS DIG Powered by JNN）,https://news.yahoo.co.jp/articles/df668d6a2643e4b37fad0ada1591dc6c0d852684,https://newsatcl-pctr.c.yimg.jp/t/amd-img/20260809-22859214-jnn-000-1-view.jpg?exp=10800,2026-08-09T06:00:42+09:00,2026-08-09T06:00:42+09:00,TBS NEWS DIG Powered by JNN,jnn,TBS NEWS DIG Powered by JNN,4240,"TBS NEWS DIG Powered by JNN
8月1日、2日に実施したJNN世論調査で高市内閣の支持率が先月調査から6.7ポイント下落し59.2％となった。政権発足から9か月で初めて6割を切り、下落傾向が続いているが過去の政権と比較しても依然高い数字だといえる。ただ注目すべきは7月30日に総理が「食料品の消費税を4月から1％に引き下げる」と表明した直後の調査だったにもかかわらず、支持率がこれほど下がったことだろう。
【CGを見る】性別、年代別などの調査データ
■最大の特徴は「無党派層」の支持離れ　若者の“高支持率”は変わらず 

高市内閣の支持率は5月の調査以降、下落が続いている。
特徴としては、女性より男性のほうが支持率がやや高く、年代別に見ると年齢が上がるにつれて支持率が下がる傾向はこれまでと変わらない。30歳未満は77％と依然高い支持率だが、60歳以上では53％で、全体の支持率を押し下げる格好となっている。

最大の特徴は「支持政党なし」と答えた、いわゆる「無党派層」の支持離れが顕著になっていることだ。「自民党支持層」の高市内閣の支持率は今回の調査でも86％と高い支持率だが、「支持政党なし」と答えた人の高市内閣の支持率は49％となった。
高市内閣発足直後（25年11月）の支持率は歴代2位となる82.0％だったが、当時の特徴は今と違い高齢層を含むすべての年代層で支持が高く、無党派層も「高市内閣を支持できる」と答えた人が80％にものぼった。
この無党派層が政権発足から9か月経った今、49％と激減していることがわかった。

■支持率下落の要因は「物価高対策」と「皇室典範」か

JNN含め報道各社の世論調査で内閣支持率が下がっている要因について官邸、自民党関係者からは次のような声が聞かれる。

・官邸幹部
「経済対策や物価高についてよりも今国会は皇室典範や国旗、副首都という法案を通したのが国民のみなさんからは関心が低かったのだろう」

・総理側近
「物価高が苦しい中、減税を掲げて選挙で大勝したのにいつそれを実現できるか、未だに実現ができないことに対する落胆が若者や無党派層に大きく響いたんじゃないか」
・自民党閣僚経験者
「皇室典範改正が大きいと思うな。世の中はなぜ愛子天皇がダメなんだ?という声も大きいだろう? 」

・自民党関係者
「経済対策が見えにくいという面はあるんだろう。実際には取り組んでいるが、国会の審議でニュースになる時に「副首都、皇室典範」などばかりだったから」

関係者の中からは「物価高対策が不十分と映ったのではないか」、「皇室典範改正の議論の進め方が問題だった」などの声が良く聞かれた。
今回の特別国会の前半、政府は当初予算、補正予算成立を最優先にガソリン補助、電気・ガス料金補助、中東情勢における備蓄石油放出やナフサ不足への対応、子育て応援手当などの物価高対策を行った。一方、予算成立後の6月以降、後半国会は皇室典範改正、再審制度見直し、国旗損壊罪、副首都構想などやや国民生活とは遠い法案が目白押しだった。

そうした印象が強かったのか、これまでの高市内閣の物価高対策について「評価しない」と答えた人が全体で6割にのぼった。

また皇室典範改正をめぐる国会での議論も、政府の説明が「不十分」だと感じた人は全体で65％にのぼっている。

年代別に分析しても、すべての年代で「十分だったと思わない」が「十分だったと思う」を上回った。「60歳以上」では7割以上が不十分だと感じている。
さらに「高市内閣を支持する」と答えた人も、半数以上が政府の説明に不満を感じている結果となった。

■減税で支持率回復は幻想?　消費税1％の「賛成52％」をどうみるか

7月30日、高市総理は国民会議での議論を踏まえ食料品の消費税を来年4月から8％から1％に引き下げ、残りの1％については中低所得者へ給付することで実質”消費税のゼロ化”を表明した。
政権幹部によると、高市総理は衆院選の公約実現に強く拘ったこと、各社の世論調査で「時間がかかってもゼロ％にすべき」よりも「早くできるなら消費税1％でもいい」の数字のほうが上回ったことなどを重く見たという。
総理が「悲願」とも語った史上初となる消費税の減税だが、表明直後のJNNの世論調査で賛成は52％、反対は39％だった。
年代別で見ると年齢が若いほど賛成が多く、年代が上がるにつれて反対が多くなる傾向だ。30歳未満は7割以上が賛成だが、60歳以上だと賛成より反対が上回り、反対が半数となる。

消費税は社会保障の財源だが、減税によって医療や年金など社会保障サービスの質の低下を懸念するかどうかも聞いたところ、全体では「不安」と答える人が52％と半数を超えている。
こちらも性別、年代別に分析したところ、男性より女性のほうがはるかに不安を感じていて、男性の「不安」が52％に比べ、女性の「不安」は70％にのぼっている。
年代別では、どの年代でも「不安」のほうが上回っているが、年齢があがるにつれて「不安」の割合が増え、60歳以上の69％が「不安」と回答した。

この結果に永田町では波紋が広がっている。
自民党内の減税反対派を押し切り、政治的コストをかけて決着したわりには多くの賛同を得られなかったからだ。
自民党のある税制調査会の幹部は「消費税引き下げるのに賛成52％は低すぎる。せめて7割の賛成は少なくとも欲しいところだ」とショックを隠しきれなかった。

野党でも中道改革連合の階猛幹事長は8月4日の会見で「賛成52％」について、まずその低さを「驚愕的な数字」と強調した上で、その理由について「2年後の再増税の不安が高まってきたこと」と「放漫財政ではないかという金融市場の高市総理への不安から長期金利が上昇したり、円安が進んだりということが起こってきたこと」の2点を挙げた。

国民民主党の玉木代表も8月4日の記者会見で「意外に反対が多いという印象」と話した上で、「メリット、デメリットが比較的正しく認識され始めた結果なのではないか」と分析した。

自民党内の減税反対派の多くは、総理が明確な財源を示さぬまま見切り発車になったことへの反対論が最も強い。消費税減税を“公約”に掲げて戦った衆院選から半年も経つというのに、なぜこの減税と財源をセットで表明できなかったのか。このままではマーケットへの信認を低下させ、円安や金利上昇が進めば一段の物価高を招く可能性すらある。こうした懸念がじわり国民に浸透し始めたのかもしれない。
政府・与党関係者の間では消費税を減税すれば支持率はあがるのでは、と期待を口にする人もいたが、総理の減税表明直後の調査で支持率の下降傾向に歯止めがかからなかったことをみると、減税が支持率回復にあまり寄与しなかったことがわかる。

高支持率を背景にこれまであまり”高市批判”が聞かれなかったが、減税議論をめぐり高市総理への不満も表面化し始めている。
秋の臨時国会の最大の焦点は消費税減税に向けた税制関連法案の改正になる見通しで、与野党双方から反対論が渦巻く中、高市総理にとっては大きな正念場を迎えることになる。

TBSテレビ政治部　世論調査担当デスク　室井祐作

【世論調査の設問と回答は以下】
●高市内閣の支持率は59.2％（先月よりも6.7ポイント下落）。不支持率は
37.6％（先月より6.8ポイント上昇）。
●政党支持率は、
自民　30.9％（1.4↓）
維新　2.9％（0.3↓）
国民　3.0％（0.3↑）
中道　1.9％（2.6↓）
立憲　2.4％（1.0↑）
参政　2.7％（1.2↓）
公明　1.4％（0.5↑）
みらい1.4％（0.0→）
共産　2.3％（0.1↑）
れいわ0.9％（0.4↑）
保守　0.4％（0.6↓）
社民　0.2％（0.0→）
その他0.4％（0.2↑）
支持なし46.4％（4.6↑）

●特別国会における高市政権の国会対応について「非常に評価できる」7％、「ある程度評価できる」40％、「あまり評価できない」33％、「全く評価できない」15％

●高市内閣のこれまでの物価高対策について「非常に評価できる」7％、「ある程度評価できる」32％、「あまり評価できない」36％、「全く評価できない」23％

●高市総理が表明した食料品の消費税を来年4月から2年間1％に引き下げる方針について「賛成」52％、「反対」39％

●減税を実施することで社会保障の質が低下するのでは不安を感じるかどうかについては「非常に不安だ」18％、「ある程度不安だ」44％、「あまり不安ではない」26％、「全く不安ではない」10％
●今回の皇室典範の改正において政府の説明が十分だったかどうかについては「十分だったと思う」21％、「十分だったと思わない」65％

●「副首都法」の成立について「評価する」50％、「評価しない」35％

●最も望ましい政権の枠組みについて
「現在の自民と維新の連立政権のままが良い」27％
「現在の連立の枠組みに他の政党を加えるべき」29％
「自民が維新との連立を解消し他の政党と組むべき」13％
「いまの野党による政権交代が望ましい」18％

【調査方法】
JNNではコンピュータで無作為に数字を組み合わせ、固定電話と携帯電話両方をかけて行う「RDD方式」を採用しています。8月1日（土）、2日（日）に全国18歳以上の男女2851人〔固定791人、携帯2060人〕に調査を行い、そのうち36.2％にあたる1033人から有効な回答を得ました。その内訳は固定電話457人、携帯576人でした。インターネットによる調査は、「その分野に関心がある人」が多く回答する傾向があるため、調査結果には偏りが生じます。より「有権者の縮図」に近づけるためにもJNNでは電話による調査を実施しています。無作為に選んだ方々に対し、機械による自動音声で調査を行うのではなく、調査員が直接聞き取りを行っています。固定電話も年齢層が偏らないよう、お住まいの方から乱数で指定させて頂いたお一人を選んで、質問させて頂いています。今後とも世論調査にご理解とご協力のほどよろしくお願いします。
TBS NEWS DIG Powered by JNN",[],[]
3階建ての飲食店と住宅が入る建物で火事　80代女性が死亡　2階の部屋に住む親子と連絡取れず　東京・大田区（TBS NEWS DIG Powered by JNN）,https://news.yahoo.co.jp/articles/5a2a9567d664ffed9cb38f09fb2a690240773ab8,https://newsatcl-pctr.c.yimg.jp/t/amd-img/20260809-07320135-jnn-000-6-thumb.jpg?exp=10800,2026-08-09T05:47:43+09:00,2026-08-09T12:08:08+09:00,TBS NEWS DIG Powered by JNN,jnn,TBS NEWS DIG Powered by JNN,431,"TBS NEWS DIG Powered by JNN
きょう（9日）未明、東京・大田区の店舗と住宅が入る建物で火事があり、80代の女性が死亡しました。

きょう午前0時半すぎ、大田区多摩川の店舗と住宅が入る3階建ての建物で「2階から煙が出ていて、においがする」と119番通報がありました。

警視庁と東京消防庁によりますと、この建物は1階が飲食店、2階と3階が住居となっていて、このうち2階と3階、あわせて80平方メートルが燃えたということです。

ポンプ車など37台が出動し、火はおよそ4時間半後にほぼ消し止められましたが、この火事で、80代の女性が心肺停止の状態で病院に搬送され、その後死亡しました。

また、50代の男性2人も病院に搬送されましたが、いずれも命に別状はないということです。

警視庁によりますと、2階の部屋に住んでいる親子と連絡が取れていないということで、警視庁は遺体の身元の確認を進めるとともに、出火の原因を調べています。
TBSテレビ",[],[]
【レベル3大雨警報】鹿児島県・指宿市、南九州市に発表 05:29時点（TBS NEWS DIG Powered by JNN）,https://news.yahoo.co.jp/articles/8cb98e8286e2c7d4033e8a8232e3018eebc4f2c9,https://newsatcl-pctr.c.yimg.jp/t/amd-img/20260809-22862224-jnn-000-1-view.jpg?exp=10800,2026-08-09T05:32:13+09:00,2026-08-09T05:32:13+09:00,TBS NEWS DIG Powered by JNN,jnn,TBS NEWS DIG Powered by JNN,283,"TBS NEWS DIG Powered by JNN
気象台は、9日午前5時29分に、レベル3大雨警報を指宿市、南九州市に発表しました。
【現在地の防災情報を確認】
薩摩地方では、低い土地の浸水や河川の増水に警戒してください。

【大雨警報（発表中）】
■鹿児島市
●レベル2大雨注意報

■鹿屋市
●レベル2大雨注意報

■指宿市
●レベル3大雨警報【発表】

■垂水市
●レベル2大雨注意報

■南さつま市
●レベル2大雨注意報

■南九州市
●レベル3大雨警報【発表】

■肝付町
●レベル2大雨注意報
TBS NEWS DIG Powered by JNN",[],[]
【レベル3大雨警報】石川県・七尾市に発表 05:26時点（TBS NEWS DIG Powered by JNN）,https://news.yahoo.co.jp/articles/2cb5a50e6597af2f46f54ee968e43f0cee2ece57,https://newsatcl-pctr.c.yimg.jp/t/amd-img/20260809-22862221-jnn-000-1-view.jpg?exp=10800,2026-08-09T05:28:14+09:00,2026-08-09T05:28:14+09:00,TBS NEWS DIG Powered by JNN,jnn,TBS NEWS DIG Powered by JNN,167,"TBS NEWS DIG Powered by JNN
気象台は、9日午前5時26分に、レベル3大雨警報を七尾市に発表しました。

能登では、低い土地の浸水や河川の増水に警戒してください。
【現在地の防災情報を確認】
【大雨警報（発表中）】
■七尾市
●レベル3大雨警報【発表】
TBS NEWS DIG Powered by JNN",[],[]
熊本県で最大震度1の地震　熊本県・芦北町（TBS NEWS DIG Powered by JNN）,https://news.yahoo.co.jp/articles/9b08917b2c295ec339e2cd35a659e86460bcf1cd,https://newsatcl-pctr.c.yimg.jp/t/amd-img/20260809-22862218-jnn-000-1-view.jpg?exp=10800,2026-08-09T05:22:14+09:00,2026-08-09T05:22:14+09:00,TBS NEWS DIG Powered by JNN,jnn,TBS NEWS DIG Powered by JNN,302,"TBS NEWS DIG Powered by JNN
9日午前5時18分ごろ、熊本県で最大震度1を観測する地震がありました。

気象庁によりますと、震源地は熊本県天草・芦北地方で、震源の深さはごく浅い、地震の規模を示すマグニチュードは2.6と推定されます。
【詳細】各地の震度一覧・最新LIVE
この地震による津波の心配はありません。

最大震度1を観測したのは、熊本県の芦北町です。

【各地の震度詳細】

■震度1
□熊本県
芦北町

気象庁の発表に基づき、地域ごとに震度情報をお伝えしています。
新たな情報が発表され次第、情報を更新します。
TBS NEWS DIG Powered by JNN",[],[]
千葉・茨城で海の事故相次ぐ　6人が溺れ、2人死亡・1人重体（TBS NEWS DIG Powered by JNN）,https://news.yahoo.co.jp/articles/340c4498cb85f8ca5dc3c521cc8a6450d7cb0ded,https://newsatcl-pctr.c.yimg.jp/t/amd-img/20260809-07320110-jnn-000-3-thumb.jpg?exp=10800,2026-08-09T04:53:38+09:00,2026-08-09T05:20:53+09:00,TBS NEWS DIG Powered by JNN,jnn,TBS NEWS DIG Powered by JNN,417,"TBS NEWS DIG Powered by JNN
千葉県と茨城県ではきのうあわせて6人が海で溺れ、2人が死亡、1人が重体です。

目撃者
「意識戻ったのかなと思ったら、また人工呼吸をやり始めて、そこから意識が戻らないというように見えた」

警察と消防によりますと、きのう午前10時ごろ千葉県南房総市の根本海水浴場で男性3人が高波にのまれて溺れ、そのうちの1人平山卓司さん（69）が死亡しました。

また、きのう午後1時前には、千葉県鴨川市の内浦海水浴場で、60代とみられる男性が溺れ意識不明の重体です。

いずれの海水浴場でも当時、波浪注意報が出ていて、高波への注意が呼びかけられていました。

さらに、茨城県鉾田市ではきのう午前11時頃、人工の岬「ヘッドランド」付近で海水浴をしていたベトナム人の男性2人が溺れ、1人が死亡しました。現場は、潮の流れが速くなりやすい場所だということで警察は注意を呼びかけています。
TBSテレビ",[],[]
熊本県で最大震度1の地震　熊本県・熊本西区（TBS NEWS DIG Powered by JNN）,https://news.yahoo.co.jp/articles/1156401188625bd95237a83cff328c92f2a1744f,https://newsatcl-pctr.c.yimg.jp/t/amd-img/20260809-22862210-jnn-000-1-view.jpg?exp=10800,2026-08-09T04:45:29+09:00,2026-08-09T04:45:29+09:00,TBS NEWS DIG Powered by JNN,jnn,TBS NEWS DIG Powered by JNN,304,"TBS NEWS DIG Powered by JNN
9日午前4時39分ごろ、熊本県で最大震度1を観測する地震がありました。

気象庁によりますと、震源地は熊本県熊本地方で、震源の深さはおよそ10km、地震の規模を示すマグニチュードは1.7と推定されます。
【詳細】各地の震度一覧・最新LIVE
この地震による津波の心配はありません。

最大震度1を観測したのは、熊本県の熊本西区です。

【各地の震度詳細】

■震度1
□熊本県
熊本西区

気象庁の発表に基づき、地域ごとに震度情報をお伝えしています。
新たな情報が発表され次第、情報を更新します。
TBS NEWS DIG Powered by JNN",[],[]
日本代表が決勝進出 ! 男子4×100mリレー予選で39秒65をマーク、組2着でファイナルへ【U20世界陸上】（TBS NEWS DIG Powered by JNN）,https://news.yahoo.co.jp/articles/40d16c5aa2ab7ab2c764027b41e441c4e44d7488,https://newsatcl-pctr.c.yimg.jp/t/amd-img/20260809-22862204-jnn-000-2-view.jpg?exp=10800,2026-08-09T04:40:29+09:00,2026-08-09T04:45:29+09:00,TBS NEWS DIG Powered by JNN,jnn,TBS NEWS DIG Powered by JNN,861,"TBS NEWS DIG Powered by JNN
■U20世界陸上競技選手権大会（日本時間9日、米・オレゴン）

男子4×100mリレー予選で、日本は39秒65をマークし、決勝進出を決めた。
【一覧】U20世界陸上オレゴンに挑む久保凛、後藤大樹ら日本代表43人
日本は1走を篠崎博翔（19、東海大）、2走をアブラハム 光オシナチ（19、関西大）、3走を井手友郎（17、済美高）、4走に鎌倉舞飛（17、近大高専）の布陣で臨んだ。予選1組の日本は、カナダ、ポーランド、オーストラリア、香港、ジャマイカ、ブラジルと同組となった。

1走の篠崎は勢いよく飛び出し2走のアブラハムにつないだ。アブラハムも2番手で3走の井手にバトンを渡す。井出は力走を見せ、トップで4走へ。アンカーを務めた鎌倉はトップをキープしたが、ゴール直前でジャマイカに抜かれ2着でフィニッシュ。堂々の決勝進出を決めた。

男子100mと4×100mリレーの代表に選出された清水空跳（17、星稜高）は欠場となった。10秒00の日本高校記録とU18世界記録を持つ清水。今大会でのメダル獲得が期待されていた。日本陸連によると、事前に肉離れを発症していたが、回復状況を確認しながら、選手本人および関係者で協議の上、スタートラインに立つことを目指して準備を進めていたが、現地で改めてコンディションを確認した結果、選手の安全と今後を最優先し、欠場を決定したという。

女子5000m競歩決勝に出場した堀伊吹（19、新潟食料農業大）が21分36秒62の自己ベストをマークし4位、田畑晴光（18、山梨学院大）も21分57秒99の自己ベストで5位と、日本人選手が2人揃って入賞を果たした。男子5000m競歩決勝に出場した六本木直斗（19、新潟食料農業大）は19分24秒43の自己ベストで4位入賞、井上俊弥（18、東洋大）は失格となった。

*写真は、今年4月の日本学生陸上競技個人選手権でのアブラハム 光オシナチ選手
TBS NEWS DIG Powered by JNN",[],[]
熊本地震で墓石が多数倒壊“お盆に影響も” ボランティアが復旧作業「道を作ればお参りに来られるのでは」（TBS NEWS DIG Powered by JNN）,https://news.yahoo.co.jp/articles/20d78d942a871d9159c5607f6c77950601bc1af5,https://newsatcl-pctr.c.yimg.jp/t/amd-img/20260809-07320122-jnn-000-5-thumb.jpg?exp=10800,2026-08-09T04:38:37+09:00,2026-08-09T05:26:53+09:00,TBS NEWS DIG Powered by JNN,jnn,TBS NEWS DIG Powered by JNN,343,"TBS NEWS DIG Powered by JNN
先月28日の熊本地震で強い揺れを観測した地域では、多くの墓石が倒れ、お盆に影響が出そうです。

記者
「氷川町です。こちらの墓石は、ところどころ倒れてしまっています。奥の墓石を見ると、ほぼ全てが倒れてしまっていて、もとの形がわからないほどです」

震度7を観測した熊本県の氷川町では、道路沿いに並ぶ墓石が倒壊していました。また八代市でも被害が確認されていて、県外から訪れたボランティアが倒れた墓石の片付けをしていました。

ボランティア
「納骨堂は無事なところが多いのかなと思うので、道を作ればお参りに来られるのでは」

地元の業者によりますと墓石の修理は進んでいないということで、来週のお盆への影響が心配されます。
TBSテレビ",[],[]
熊本県で最大震度3の地震　熊本県・宇城市（TBS NEWS DIG Powered by JNN）,https://news.yahoo.co.jp/articles/d7de392669b278b90e02180f9c129aaaa3583c02,https://newsatcl-pctr.c.yimg.jp/t/amd-img/20260809-22862207-jnn-000-1-view.jpg?exp=10800,2026-08-09T04:37:13+09:00,2026-08-09T04:37:13+09:00,TBS NEWS DIG Powered by JNN,jnn,TBS NEWS DIG Powered by JNN,461,"TBS NEWS DIG Powered by JNN
9日午前4時33分ごろ、熊本県で最大震度3を観測する地震がありました。

気象庁によりますと、震源地は熊本県熊本地方で、震源の深さはおよそ10km、地震の規模を示すマグニチュードは3.6と推定されます。
【詳細】各地の震度一覧・最新LIVE
この地震による津波の心配はありません。

最大震度3を観測したのは、熊本県の宇城市です。

【各地の震度詳細】

■震度3
□熊本県
宇城市

■震度2
□熊本県
熊本南区　八代市　宇土市
氷川町　上天草市

■震度1
□熊本県
熊本西区　熊本北区　玉名市
熊本美里町　嘉島町　甲佐町
山都町　水俣市　芦北町
人吉市　五木村　山江村
球磨村

□福岡県
みやま市

□長崎県
雲仙市　南島原市

□宮崎県
延岡市　椎葉村

□鹿児島県
霧島市　伊佐市　長島町

気象庁の発表に基づき、地域ごとに震度情報をお伝えしています。
新たな情報が発表され次第、情報を更新します。
TBS NEWS DIG Powered by JNN",[],[]
ラグビーリーグワン2部 九州電力キューデンヴォルテクス　重度の熱中症でサイモニ・ヴニランギ選手が死亡と発表（TBS NEWS DIG Powered by JNN）,https://news.yahoo.co.jp/articles/5867fdfcba00682befa15d4a14497a77b8c91811,https://newsatcl-pctr.c.yimg.jp/t/amd-img/20260809-07320130-jnn-000-2-thumb.jpg?exp=10800,2026-08-09T04:30:37+09:00,2026-08-09T04:32:42+09:00,TBS NEWS DIG Powered by JNN,jnn,TBS NEWS DIG Powered by JNN,198,"TBS NEWS DIG Powered by JNN
ラグビーリーグワン2部の九州電力キューデンヴォルテクスは今シーズンからチームに加入したフィジー出身のサイモニ・ヴニランギ選手が熱中症で死亡したと発表しました。

チームによるとサイモニ選手は今月3日のチーム練習後、熱中症の症状がみられたため病院へ運ばれ治療が続けられていましたが、7日、重度の熱中症で亡くなったということです。
TBSテレビ",[],[]
「風の音がいつもと違う、ゴーとすさまじい音」長野市で突風被害 屋根飛ばされ住宅損壊 最大瞬間風速19.9メートル記録　（TBS NEWS DIG Powered by JNN）,https://news.yahoo.co.jp/articles/d2ee3edc06467c64e19e0d99cc3836a67cb995a9,https://newsatcl-pctr.c.yimg.jp/t/amd-img/20260809-07320114-jnn-000-4-thumb.jpg?exp=10800,2026-08-09T04:12:45+09:00,2026-08-09T07:35:46+09:00,TBS NEWS DIG Powered by JNN,jnn,TBS NEWS DIG Powered by JNN,292,"TBS NEWS DIG Powered by JNN
きのうは各地で大気の状態が非常に不安定となる中、長野市ではアパートの屋根が飛ばされ近くの住宅の一部が壊れる被害がありました。

きのう正午ごろ、長野市では局地的に雷を伴って強い雨が降りました。

突風も吹きアパートの屋根が飛ばされ近くの住宅の一部が壊れるなどの被害がありました。

長野市の当時の最大瞬間風速は19.9メートルを記録しました。

住宅が被害にあった人
「風の音がいつもと違う、ゴーというすさまじい。窓がいきなり暗くなった。よく見ると屋根がはがれて覆いかぶさってる」

けがをした人はいませんでした。
TBSテレビ",[],[]
岩手県で最大震度1の地震　岩手県・久慈市、八幡平市（TBS NEWS DIG Powered by JNN）,https://news.yahoo.co.jp/articles/ecd5b8f1d4db89d07da9c02530a2a8e6e9f54671,https://newsatcl-pctr.c.yimg.jp/t/amd-img/20260809-22862202-jnn-000-1-view.jpg?exp=10800,2026-08-09T04:02:21+09:00,2026-08-09T04:02:21+09:00,TBS NEWS DIG Powered by JNN,jnn,TBS NEWS DIG Powered by JNN,309,"TBS NEWS DIG Powered by JNN
9日午前3時56分ごろ、岩手県で最大震度1を観測する地震がありました。

気象庁によりますと、震源地は岩手県沖で、震源の深さはおよそ40km、地震の規模を示すマグニチュードは3.9と推定されます。
【詳細】各地の震度一覧・最新LIVE
この地震による津波の心配はありません。

最大震度1を観測したのは、岩手県の久慈市と八幡平市です。

【各地の震度詳細】

■震度1
□岩手県
久慈市　八幡平市

気象庁の発表に基づき、地域ごとに震度情報をお伝えしています。
新たな情報が発表され次第、情報を更新します。
TBS NEWS DIG Powered by JNN",[],[]
熊本県で最大震度1の地震　熊本県・八代市（TBS NEWS DIG Powered by JNN）,https://news.yahoo.co.jp/articles/9c39f08cbeb14bf5bd7dbdb6dd7bf94dd86cca60,https://newsatcl-pctr.c.yimg.jp/t/amd-img/20260809-22862200-jnn-000-1-view.jpg?exp=10800,2026-08-09T03:16:16+09:00,2026-08-09T03:16:16+09:00,TBS NEWS DIG Powered by JNN,jnn,TBS NEWS DIG Powered by JNN,299,"TBS NEWS DIG Powered by JNN
9日午前3時10分ごろ、熊本県で最大震度1を観測する地震がありました。

気象庁によりますと、震源地は熊本県熊本地方で、震源の深さはごく浅い、地震の規模を示すマグニチュードは1.9と推定されます。
【詳細】各地の震度一覧・最新LIVE
この地震による津波の心配はありません。

最大震度1を観測したのは、熊本県の八代市です。

【各地の震度詳細】

■震度1
□熊本県
八代市

気象庁の発表に基づき、地域ごとに震度情報をお伝えしています。
新たな情報が発表され次第、情報を更新します。
TBS NEWS DIG Powered by JNN",[],[]
岩手県で最大震度4のやや強い地震　岩手県・普代村（TBS NEWS DIG Powered by JNN）,https://news.yahoo.co.jp/articles/f8840e4a1036ce987f185cedaffdfd82b88b9c41,https://newsatcl-pctr.c.yimg.jp/t/amd-img/20260809-22862197-jnn-000-3-view.jpg?exp=10800,2026-08-09T03:02:15+09:00,2026-08-09T03:05:25+09:00,TBS NEWS DIG Powered by JNN,jnn,TBS NEWS DIG Powered by JNN,1109,"TBS NEWS DIG Powered by JNN
9日午前2時58分ごろ、岩手県で最大震度4を観測するやや強い地震がありました。

気象庁によりますと、震源地は岩手県沖で、震源の深さはおよそ40km、地震の規模を示すマグニチュードは5.6と推定されます。
【詳細】各地の震度一覧・最新LIVE
この地震による津波の心配はありません。

最大震度4を観測したのは、岩手県の普代村です。

【各地の震度詳細】

■震度4
□岩手県
普代村

■震度3
□岩手県
野田村　盛岡市　二戸市
八幡平市　滝沢市　紫波町
矢巾町　軽米町

□青森県
青森市　平内町　八戸市
三沢市　野辺地町　七戸町
六戸町　東北町　おいらせ町
三戸町　五戸町　青森南部町
階上町　むつ市

■震度2
□岩手県
宮古市　久慈市　山田町
岩泉町　田野畑村　岩手洋野町
雫石町　葛巻町　岩手町
九戸村　一戸町　大船渡市
釜石市　住田町　大槌町
花巻市　北上市　遠野市
一関市　奥州市　西和賀町
金ケ崎町　平泉町

□青森県
つがる市　今別町　蓬田村
外ヶ浜町　十和田市　横浜町
六ヶ所村　田子町　新郷村
東通村　佐井村　藤崎町

□北海道
函館市　上ノ国町　室蘭市
むかわ町　新冠町

□宮城県
気仙沼市　登米市　栗原市
大崎市　涌谷町　宮城美里町
石巻市　東松島市　松島町

□秋田県
三種町　大館市　鹿角市
北秋田市　横手市　大仙市

■震度1
□岩手県
陸前高田市

□青森県
五所川原市　板柳町　鶴田町
中泊町　大間町　弘前市
黒石市　平川市　鰺ヶ沢町
西目屋村　大鰐町　田舎館村

□北海道
渡島北斗市　七飯町　檜山江差町
登別市　白老町　厚真町
安平町　新ひだか町　新篠津村
札幌北区　札幌東区　札幌厚別区
札幌清田区　江別市　千歳市
北広島市　福島町　知内町
木古内町　胆振伊達市　壮瞥町
日高地方日高町　平取町　浦河町
様似町　えりも町　新得町
帯広市　十勝清水町　浦幌町
十勝大樹町　標津町　根室市

□宮城県
色麻町　宮城加美町　南三陸町
仙台青葉区　仙台宮城野区　仙台若林区
利府町　大衡村　名取市
角田市　岩沼市　蔵王町
大河原町　宮城川崎町　丸森町
亘理町　山元町

□秋田県
能代市　潟上市　藤里町
井川町　小坂町　上小阿仁村
湯沢市　仙北市　秋田美郷町
羽後町　東成瀬村　秋田市
由利本荘市

□山形県
酒田市　山辺町　中山町
米沢市

□福島県
浪江町
気象庁の発表に基づき、地域ごとに震度情報をお伝えしています。
新たな情報が発表され次第、情報を更新します。
TBS NEWS DIG Powered by JNN",[],[]
熊本県で最大震度1の地震　熊本県・熊本西区、熊本南区、宇土市、宇城市、熊本美里町、甲佐町（TBS NEWS DIG Powered by JNN）,https://news.yahoo.co.jp/articles/fd878669376ac1867603619e500887335084a32f,https://newsatcl-pctr.c.yimg.jp/t/amd-img/20260809-22862195-jnn-000-1-view.jpg?exp=10800,2026-08-09T02:58:13+09:00,2026-08-09T02:58:13+09:00,TBS NEWS DIG Powered by JNN,jnn,TBS NEWS DIG Powered by JNN,353,"TBS NEWS DIG Powered by JNN
9日午前2時53分ごろ、熊本県で最大震度1を観測する地震がありました。

気象庁によりますと、震源地は熊本県熊本地方で、震源の深さはおよそ10km、地震の規模を示すマグニチュードは3.0と推定されます。
【詳細】各地の震度一覧・最新LIVE
この地震による津波の心配はありません。

最大震度1を観測したのは、熊本県の熊本西区、熊本南区、宇土市、宇城市、熊本美里町、それに甲佐町です。

【各地の震度詳細】

■震度1
□熊本県
熊本西区　熊本南区　宇土市
宇城市　熊本美里町　甲佐町

気象庁の発表に基づき、地域ごとに震度情報をお伝えしています。
新たな情報が発表され次第、情報を更新します。
TBS NEWS DIG Powered by JNN",[],[]
イラン最高安全保障委員会トップ ホルムズ海峡の通航再開に6つの条件提示 アメリカに制裁や海上封鎖の解除など要求（TBS NEWS DIG Powered by JNN）,https://news.yahoo.co.jp/articles/9cba50af5b0e4750c2090ddb395e68808898e824,https://newsatcl-pctr.c.yimg.jp/t/amd-img/20260809-07320132-jnn-000-7-thumb.jpg?exp=10800,2026-08-09T02:53:15+09:00,2026-08-09T08:05:23+09:00,TBS NEWS DIG Powered by JNN,jnn,TBS NEWS DIG Powered by JNN,786,"TBS NEWS DIG Powered by JNN
イランの最高安全保障委員会トップは、ホルムズ海峡の通航再開に向けた6つの条件を示し、アメリカによる制裁や海上封鎖の解除などを求めました。

イランの外交や国防を統括する最高安全保障委員会のトップ、ゾルガドル氏は8日、国営テレビを通じて声明を発表し、イランが封鎖を続けるホルムズ海峡の通航再開には「アメリカがイランに対する姿勢を改める必要がある」と強調したうえで、6つの条件を示しました。

条件には、アメリカが▼イランへの威嚇をやめること、▼イランや中東地域の勢力への攻撃を恒久的に停止すること、▼イランに対する海上封鎖を解除すること、▼すべての制裁を解除すること、▼凍結されているイランの資産を返還すること、▼戦争による被害を補償することがあげられています。こうしたなかイランのアラグチ外相は、ホルムズ海峡の新たな航路をめぐるオマーンとの協議について、「合意に非常に近づいている」と明らかにしました。

両国は現在、暫定的な航路の設定など、船舶の通航を管理する新たな枠組みについて協議していますが、アラグチ氏は、「オマーンとの合意だけでは海峡の全面的な通航再開にはつながらない」として、アメリカによるイランへの補償などが必要だとしています。

また、軍事精鋭部隊・革命防衛隊の報道官も、「アメリカがイランの条件を受け入れれば、ホルムズ海峡の通航は確実に再開される」としていて、アメリカ側に対応を求めています。

ホルムズ海峡をめぐり、UAE=アラブ首長国連邦は8日、国営石油会社に関連する船舶が海峡を航行中にミサイル攻撃を受けたと発表しました。

UAE外務省は、イランによる攻撃だと主張し、強く非難しています。けが人はいないということです。

イラン側からはこれまでのところコメントは出ていません。
TBSテレビ",[],[]
大分県で最大震度2の地震　大分県・別府市（TBS NEWS DIG Powered by JNN）,https://news.yahoo.co.jp/articles/3e37fb07ed3d68afdda1e07549ff46789ef82875,https://newsatcl-pctr.c.yimg.jp/t/amd-img/20260809-22862189-jnn-000-1-view.jpg?exp=10800,2026-08-09T01:37:23+09:00,2026-08-09T01:37:23+09:00,TBS NEWS DIG Powered by JNN,jnn,TBS NEWS DIG Powered by JNN,337,"TBS NEWS DIG Powered by JNN
9日午前1時32分ごろ、大分県で最大震度2を観測する地震がありました。

気象庁によりますと、震源地は大分県中部で、震源の深さはおよそ10km、地震の規模を示すマグニチュードは3.1と推定されます。
【詳細】各地の震度一覧・最新LIVE
この地震による津波の心配はありません。

最大震度2を観測したのは、大分県の別府市です。

【各地の震度詳細】

■震度2
□大分県
別府市

■震度1
□大分県
大分市　杵築市　由布市
日出町　国東市　豊後大野市

気象庁の発表に基づき、地域ごとに震度情報をお伝えしています。
新たな情報が発表され次第、情報を更新します。
TBS NEWS DIG Powered by JNN",[],[]
