headline,mainEntityOfPage,image,datePublished,dateModified,author,media_en,media_jp,str_count,body,images,external_links
大分・日田市で40℃、九州初の「酷暑日」に　長野・伊那市では1時間におよそ100ミリの猛烈な雨で「記録的短時間大雨」発表（TBS NEWS DIG Powered by JNN）,https://news.yahoo.co.jp/articles/16ed64d14314b320ba06916f76f59b2190e396ca,https://newsatcl-pctr.c.yimg.jp/t/amd-img/20260727-07317692-jnn-000-2-thumb.jpg?exp=10800,2026-07-27T23:54:27+09:00,2026-07-27T23:55:58+09:00,TBS NEWS DIG Powered by JNN,jnn,TBS NEWS DIG Powered by JNN,403,"TBS NEWS DIG Powered by JNN
東京の暑さが一時的に落ち着いた一方で、九州では最高気温を更新しました。

大分県日田市。最高気温が40℃まで上がり、九州で初めての酷暑日となりました。

地元住人
「40℃なんてとんでもないです、熱があるみたい。もうびっくり」

27日の大分県内は、午前中からすべての観測地点で30℃を超えました。

一方、長野県伊那市では、午後7時すぎに1時間におよそ100ミリの猛烈な雨が降り、記録的短時間大雨の速報が発表されました。

道路や住宅などに土砂や木が流れ込み、消防などが対応にあたりました。

近隣住民
「叩くようなものすごい音ですね。一番びっくりしたのは、ここらへん川になってた」

28日は東北から東日本で天気が不安定となり、局地的に大雨になる所がありそうです。

また、西日本は猛暑日が続くため、引き続き熱中症に警戒が必要です。
TBSテレビ",[],[]
フランス・ボルドー近郊の山火事は未だ収まらず　これまで22万人が避難、すでに約10万ヘクタール焼失（TBS NEWS DIG Powered by JNN）,https://news.yahoo.co.jp/articles/d1674190b83acc999ad0114648d6c9782de753ef,https://newsatcl-pctr.c.yimg.jp/t/amd-img/20260727-07317681-jnn-000-5-thumb.jpg?exp=10800,2026-07-27T23:44:18+09:00,2026-07-28T00:48:30+09:00,TBS NEWS DIG Powered by JNN,jnn,TBS NEWS DIG Powered by JNN,267,"TBS NEWS DIG Powered by JNN
フランスのボルドー近郊で発生した山火事は、6日目に入っても未だ収まっていません。

およそ4600人の消防士らが消火活動に当たっているということですが、これまでに22万人が避難、すでにおよそ10万ヘクタールが焼失したということです。

27日、現地当局は「概ね安定した」と発表していますが、現地では、放水しても再び山林から炎が上がる状況も。

現場付近では、花火を打ち上げるなどの危険行為を行ったとして男3人が逮捕されており、検察当局が火災との関連を調べています。
TBSテレビ",[],[]
前副議長の議員辞職「トカゲの尻尾切り」告発の吉松議員が音声データの鑑定結果を公表　福岡県議会の現金授受疑惑（TBS NEWS DIG Powered by JNN）,https://news.yahoo.co.jp/articles/003c7469c4c8a955cf8b8c6ef90ad5346063cc8d,https://newsatcl-pctr.c.yimg.jp/t/amd-img/20260727-07317651-jnn-000-2-thumb.jpg?exp=10800,2026-07-27T23:43:46+09:00,2026-07-27T23:45:13+09:00,TBS NEWS DIG Powered by JNN,jnn,TBS NEWS DIG Powered by JNN,302,"TBS NEWS DIG Powered by JNN
福岡県議会の現金授受疑惑について、告発した吉松源昭議員がきょう（27日）、会見を開きました。

中尾正幸前副議長と金銭のやりとりがあった証拠として公表した音声データについて、「本人としか考えられない」という鑑定結果が出たと明らかにしました。

さらに、会見には江藤秀之元副議長も同席し、中尾前副議長に「500万円を渡した」と証言しました。

中尾前副議長は先週、議員辞職したものの、金銭のやりとりは否定しています。

吉松議員は「トカゲの尻尾切りのように幕引きすることは断じて許されない」と述べ、第三者委員会の設置を改めて求めました。
TBSテレビ",[],[]
「悩み泣き続けたこの数か月…」辺野古転覆事故、女子生徒の遺族が学校の校長ら11人を刑事告訴（TBS NEWS DIG Powered by JNN）,https://news.yahoo.co.jp/articles/be467367b87be15fde8e156b3cbafc2fc925c507,https://newsatcl-pctr.c.yimg.jp/t/amd-img/20260727-07317685-jnn-000-3-thumb.jpg?exp=10800,2026-07-27T23:38:51+09:00,2026-07-27T23:47:14+09:00,TBS NEWS DIG Powered by JNN,jnn,TBS NEWS DIG Powered by JNN,462,"TBS NEWS DIG Powered by JNN
沖縄・辺野古沖で修学旅行中の生徒が犠牲になった船の転覆事故をめぐり、亡くなった女子生徒の遺族が学校の校長ら11人を刑事告訴したことが分かりました。

沖縄・辺野古沖で起きた船の転覆事故。亡くなった女子生徒の遺族が学校の校長らを刑事告訴したことが分かりました。

関係者によりますと、告訴されたのは、京都府にある同志社国際高校の校長ら4人と、転覆した船を運航していた「ヘリ基地反対協議会」の共同代表ら7人です。

遺族側は、高校側と運航団体が事故を防ぐための適切な計画を立てないまま生徒を船に乗せたなどと主張していて、告訴状は今月13日、中城海上保安部に受理されたということです。

JNNの取材に対し、女子生徒の遺族は「学校の責任を問う刑事告訴は難しいとされ、悩み、泣き続けたこの数か月、信頼できる弁護士の方に巡り会え、刑事告訴受理までたどり着けたこと、私たち遺族を陰で支え続けてくださっている多くの方々に改めて感謝するばかりです」とコメントしています。
TBSテレビ",[],[]
「絶対に勝ちたい」警視庁主催の少年柔道・剣道大会に小中学生約2000人が参加　日ごろの鍛錬の成果を発揮（TBS NEWS DIG Powered by JNN）,https://news.yahoo.co.jp/articles/113afc9837888064355217045ec06ffc3f60ea31,https://newsatcl-pctr.c.yimg.jp/t/amd-img/20260727-07317693-jnn-000-1-view.jpg?exp=10800,2026-07-27T22:57:29+09:00,2026-07-27T22:57:29+09:00,TBS NEWS DIG Powered by JNN,jnn,TBS NEWS DIG Powered by JNN,452,"TBS NEWS DIG Powered by JNN
日本武道館で警視庁が主催する小中学生の柔道・剣道大会が行われ、およそ2000人の子どもたちが日ごろの鍛錬の成果を競い合いました。

きょう（27日）、東京・千代田区の日本武道館で行われた警視庁主催の少年柔道・剣道大会には、警視庁の警察署で日々、稽古に励んでいる小中学生およそ2000人が参加しました。

開会式では、筒井洋樹警視総監が子どもたちに「武道において最も大切なものは『礼の心』」「『礼の心』とは家族や友だち、試合や稽古の相手に対して、感謝と尊敬の気持ちを持つこと」「『礼の心』を養い、稽古を続け、心身共に強く逞しく成長してください」と激励の言葉を送りました。

大会は、武道を通じて少年の心身を鍛え、健全な成長を図ることを目的としていて、今年で54回目を迎えます。

三宅島警察署で稽古を重ねてきた小学4年生の男子児童は「転校するので三宅島から試合に出るのは最後。負けて悔しかったけどこれからも練習頑張りたい」と話しました。
TBSテレビ",[],[]
物価高×猛暑×夏休み　子どもたちの給食がなくなる夏…「食」を支えるサービスが続々!（TBS NEWS DIG Powered by JNN）,https://news.yahoo.co.jp/articles/f2b8b637fad6a5ca4d1df2d3d741ed58cb920180,https://newsatcl-pctr.c.yimg.jp/t/amd-img/20260727-22830246-jnn-000-1-thumb.jpg?exp=10800,2026-07-27T22:56:12+09:00,2026-07-27T22:56:12+09:00,TBS NEWS DIG Powered by JNN,jnn,TBS NEWS DIG Powered by JNN,1205,"TBS NEWS DIG Powered by JNN
物価高と酷暑の夏。夏休みに入り、給食がない子どもたちの「食」と居場所を支えようと、いま様々な取り組みが広がっています。
【写真で見る】チェーン店がこども食堂に?「こどもごちめし」が利用できるお店
■給食のない長期休み　約4割の世帯で子どもの食事が1日2食に

東京・八王子市にある「子ども食堂カフェ北野」は27日、朝から賑わっていました。

大学生
「一人暮らしをしているので、（朝ご飯を）食べに来ています」

小学6年生
「コーンフレークにしました。みんなとご飯食べられるのがいいなって思います」

こちらでは平日毎日、朝ご飯を無料で提供しています。

40代（子どもが小学2年生）
「子どもと一緒に仕事行く前に朝ご飯を食べに来ています。子どもが無料なのが本当にありがたい」

30代（子どもが6歳と3歳）
「幼稚園がお休みなので、給食も出なくて。3食考えるの大変なんですけど。外食もキッズメニューが高くなってきているので、ここだと子どもたち無料だし」

この時期、学校が夏休みに入ることで給食がなくなり、お昼ご飯の負担に頭を悩ませる親も多いよう。

NPOによると、約4割の世帯で長期期間中の子どもの食事が1日2食以下になったというデータもあります。

■「利用者は増えている」 給食のない日に無料ランチ　友達と遊ぶ場にも

こちらの子ども食堂では、5年前から長期休みの給食がない日も子どもたちに無料でランチを提供しています。

コイくん（中学1年生）
「今日は早めに起きて、宿題やってから来ました」

朝ご飯を食べに来た、中学1年のコイくんにとってこの場所は、友達とも遊べる大好きな場所。

子ども食堂カフェ北野　奥野玉紀 代表
「皆さんお仕事されていて、時間がない中で家事をされている。少しずつ利用者は増えている」

■チェーン店をこども食堂として利用　登録人数が2倍に

おなじみのチェーン店でも、「食」の支援が始まっています。

「吉野家」や「はなまるうどん」などをこども食堂として活用できる「こどもごちめし」。

会員登録をしたうえでデジタルチケットを提示すると、吉野家では牛丼など750円分が無料になります。
Kids Future Passport　谷脇良也さん
「本当にこの1〜2年で（登録）人数が2倍になっている。我々のサービスを通じて、1回でも2回でも夏休み期間中に外食を楽しんでいただければ」

「しゃぶしゃぶ温野菜」では小学生が食べ放題半額ですが、今年からさらに平日20％、休日は10％お安くなる夏休みの家族応援キャンペーンを始めました。

小学6年生の娘を持つ人
「家族がそろうと金額もそれなりにいくのでありがたいです、10％でも20％でも。少しお得になるのであれば」
TBS NEWS DIG Powered by JNN",[],[]
日銀、今週決定会合　政策金利を据え置く方向で検討か（TBS NEWS DIG Powered by JNN）,https://news.yahoo.co.jp/articles/48ee11683a541d2dcea216f7771ed9c0b9a1b3f8,https://newsatcl-pctr.c.yimg.jp/t/amd-img/20260727-07317675-jnn-000-2-thumb.jpg?exp=10800,2026-07-27T22:42:15+09:00,2026-07-27T22:45:10+09:00,TBS NEWS DIG Powered by JNN,jnn,TBS NEWS DIG Powered by JNN,295,"TBS NEWS DIG Powered by JNN
日本銀行は今週開く金融政策決定会合で、政策金利を据え置く方向で検討するものとみられます。

日銀は先月の会合で、中東情勢の緊迫化により想定以上に物価が上がることを防ぐため、政策金利を1％へ引き上げたばかりです。

そのため今週30日から開く会合では、前回の利上げの影響を点検し、政策金利を据え置く方向で検討するとみられます。

ただ、物価の安定に向けて利上げ路線は維持する方針で、長引く中東の混乱や歴史的な円安、AI関連の需要の高まりなどを踏まえて、今後の利上げペースなどについてどのような議論が交わされるかが焦点です。
TBSテレビ",[],[]
「身近な人が去っていくのは切ない」中国熱烈ファン 北京の書店で瞳を潤ませ…東野圭吾さん死去（TBS NEWS DIG Powered by JNN）,https://news.yahoo.co.jp/articles/2e06e41e98f0071aa07462e2b0fa3325ed0fe382,https://newsatcl-pctr.c.yimg.jp/t/amd-img/20260727-07317690-jnn-000-2-view.jpg?exp=10800,2026-07-27T22:25:53+09:00,2026-07-27T22:37:45+09:00,TBS NEWS DIG Powered by JNN,jnn,TBS NEWS DIG Powered by JNN,707,"TBS NEWS DIG Powered by JNN
68歳で亡くなった作家の東野圭吾さん。中国でも熱烈な人気があり、北京の書店を訪れたファンからは悲しみの声が上がっています。

記者
「こちらは北京市内の書店ですが、東野圭吾さんの『流星の絆』や『白夜行』などが棚5段にわたって並べられています」

中国では国営の中央テレビなど主要メディアの大半が東野圭吾さんの死去を速報。「『容疑者Xの献身』や『白夜行』など数多くのベストセラー小説で知られている」と伝えました。

日系の書店、「TSUTAYA BOOKSTORE」には東野さんを慕うファンが訪れていました。

男子大学生
「とても胸が痛みます。彼の本をたくさん読んでいますし、同級生の中にも彼の作風を気に入っている人がたくさんいます。今日この知らせを聞いて本当に驚きました。SNSを見ると多くの友人が投稿していて、とても胸が痛みました」

社会人の女性
「どこか喪失感を感じます。私の生活の中で身近に感じていた人が去っていくのはやはり切ないです。学生の頃は『白夜行』などをよく読んでいました。全部読みましたね」

中国の出版関連会社のデータによると、ある出版社が販売した東野さんの著作の部数は2022年までに2000万部を超えるということです。

中国のSNS「ウェイボ」では、「東野圭吾さん死去」が検索ランキングの1位に浮上。

「何回も名前を確認した。信じられない」
「亡くなったのは早すぎるよ、あともう20年書いてくれないか」

検索サイト「百度（バイドゥ）」で、「東野圭吾」と検索すると人物紹介ページが弔意を表す白黒で表示されています。
TBSテレビ",[],[]
福岡県議の“金銭授受”疑惑に新証言　500万円を「茶色い袋で確実に渡した」「慣例だろうと思った」【Nスタ解説】（TBS NEWS DIG Powered by JNN）,https://news.yahoo.co.jp/articles/02d8385da6382f11c931d490d9eadabe0aeed430,https://newsatcl-pctr.c.yimg.jp/t/amd-img/20260727-22830220-jnn-000-1-thumb.jpg?exp=10800,2026-07-27T21:37:13+09:00,2026-07-27T21:37:13+09:00,TBS NEWS DIG Powered by JNN,jnn,TBS NEWS DIG Powered by JNN,953,"TBS NEWS DIG Powered by JNN
福岡県議の“金銭授受”疑惑。お金のやりとりはあったのか、なかったのか。

■「茶色い袋で500万円渡した」新たな県議が証言
【写真で見る】「中尾氏に500万円渡した」 “金銭授受”疑惑で新証言
吉松源昭 福岡県議
「ここ15〜16年の議長・副議長経験者は、おそらく金額の大小はあっても全員要求されているはずだと思っている」

2019年、福岡県議の吉松氏が議長になる際、中尾正幸前副議長に1000万円を要求されたとする音声データ。

声紋鑑定を行った吉松県議は27日、音声は「中尾氏本人のもの」で「編集や改ざんの痕跡はなかった」と結果を報告しました。

中尾氏は議員辞職しましたが…

中尾正幸 前副議長（7月24日）
「私はお金を受け取っておりません。金銭の授受は絶対にありません」

ただ、27日に会見に出席した江藤秀之県議は、2020年、副議長になる際、中尾氏に500万円を渡したことを証言しました。

江藤秀之 福岡県議
「500万円というのは、（2019年）12月議会中だったと思うが、その頃に私が（副議長に）手を挙げさせていただいて、『500万円いりますよ』と言われた。『これは慣例だろう』と思いながらお金は用意して」
「（2020年）1月2月中には中尾幹事長（当時）に渡しました。これは茶色い袋の中に入れて確実に渡しております。県議団会長室で手渡しをさせていただいております」

■「恐怖政治の中で、断りづらいという構図ができあがっている」

井上貴博キャスター:
議会が本気で真相究明をしようとしているかどうか、第三者委員会を設置するかどうかが大きなポイントになりそうです。

27日の会見で、記者から「大金を払ってまでなりたかったポストなんですか?」と質問された福岡県議会の吉松議員は、「誓約書まで書かされ、歯向かったとみなされれば排除されるという恐怖政治の中で、なかなか断りづらいという構図ができあがっているのが事実」と話しました。

出水麻衣キャスター:
中尾前副議長は名誉毀損で刑事・民事で告訴する可能性も示唆しています。法廷で明らかになってくる部分があるといいですね。
TBS NEWS DIG Powered by JNN",[],[]
西田有志「しっかり対策を取って」元チームメイトを警戒　12連勝中のバレー男子日本代表、29日に準々決勝・中国戦【ネーションズリーグ】（TBS NEWS DIG Powered by JNN）,https://news.yahoo.co.jp/articles/7c8b0d93976957cd6ffeb17c5dba839fbdfd7610,https://newsatcl-pctr.c.yimg.jp/t/amd-img/20260727-22830222-jnn-000-1-view.jpg?exp=10800,2026-07-27T21:30:30+09:00,2026-07-27T21:30:30+09:00,TBS NEWS DIG Powered by JNN,jnn,TBS NEWS DIG Powered by JNN,1046,"TBS NEWS DIG Powered by JNN
■バレーボール　ネーションズリーグ決勝ラウンド 準々決勝　前々日練習（27日、中国）
【写真で見る】準々決勝を控えた石川、髙橋ら日本代表選手の練習の様子
ネーションズリーグ（VNL）の決勝ラウンド（中国・寧波）開幕を29日に控え、予選ラウンドから無傷の12連勝中の男子日本代表（世界ランキング4位）が練習を行った。

準々決勝の相手は開催国の中国（同35位）。予選ラウンドでは3-1で勝利した相手だが、試合を通してフローターサーブに苦しめられた。中国について西田有志（26）は「ミドルのところが打数も多いですし、決定率も高い部分もある。予選では非常にフローターが素晴らしかった」と話す。

さらに、身長208cmのミドルブロッカーで25-26シーズンを大阪ブルテオンでともに過ごしたポン・シーコン（25）を警戒。「彼が乗ってくる時、ゲームメイクをしている内容が多いかなという風に思う。まずそこの対策が第一ではありますけど、全選手しっかり対策を取ってやっていくってことが大切」だと語る。

史上初の12連勝、予選首位で乗り込む決勝ラウンド。日本は、23年銅メダル、24年銀メダル以来となる、2大会振りの表彰台を狙う。負ければ終わりの一戦も、「特に自分たちのやることは変わらず、よりクオリティーの高いものをやっていくっていうことが第一。準々決勝だからどうっていうよりも、新しいことをやるわけじゃなくて、今までやってることしか出ない」と冷静な西田。「いいクオリティーで出せるコンディション作りと試合の準備をやっていければ、形にはなるかなと思う。難しく考えず、しっかり自分たちの目の前のこと、できることをやっていけたらいいかなという風に思います」と力を込めた。

【決勝ラウンド】
◆準々決勝
7月29日（水）
午後4:00〜　スロベニア vs トルコ
午後8:30〜　日本 vs 中国

7月30日（木）
午後4:00〜　イタリア vs アメリカ
午後8:30〜　ポーランド vs ウクライナ

◆準決勝
8月1日（土）
午後4:00〜
午後8:30〜
◆決勝・3位決定戦
8月2日（日）
午後4:00〜　3位決定戦
午後8:30〜　決勝

【今後の男子日本代表日程】
アジア大会愛知・名古屋
日程:9月27日〜10月3日
場所:岡崎中央総合公園総合体育館、小牧市スポーツ公園総合体育館
TBS NEWS DIG Powered by JNN",[],[]
「きゅうり」は熱中症対策にも◎ 意外?ご飯進む卵炒め、ベーコン巻きが美味!アレンジの可能性いろいろ【Nスタ】（TBS NEWS DIG Powered by JNN）,https://news.yahoo.co.jp/articles/635df7218aac14194d0e3ca389b440b15ba09c02,https://newsatcl-pctr.c.yimg.jp/t/amd-img/20260727-22830183-jnn-000-1-thumb.jpg?exp=10800,2026-07-27T21:28:13+09:00,2026-07-27T21:28:13+09:00,TBS NEWS DIG Powered by JNN,jnn,TBS NEWS DIG Powered by JNN,1884,"TBS NEWS DIG Powered by JNN
今が旬の「きゅうり」は、“生”じゃなくても美味しいって知っていますか?炒め物や衝撃の「きゅうりゼリー」まで、おすすめのアレンジをご紹介。
農家に「美味しいきゅうりの見分け方」も聞きました!
【写真で見る】夏を乗り切る簡単きゅうりレシピ!
■街で大調査!驚きの“きゅうり”レシピ

連日の猛暑の中、祭りに欠かせないのが旬の“きゅうり”。

東京・上野で開催されている「うえの夏まつり」。毎年出店している「いろり茶屋 火処」は、2026年から「冷やしきゅうり」を販売。

いろり茶屋 火処　児嶋慎治さん
「反応はめちゃくちゃ良くて、1日100本ぐらい（売れる）」

今の季節、きゅうりと言えば一本漬けですが、「浅漬け」や「アコーディオンカット」以外にも簡単にできる“きゅうり”の美味しい食べ方を街で聞いてみました。

スーパーのお客さん（70代）
「めんつゆで作るやつ、簡単ですよ。乱切りにして（保存袋に）入れて、保存袋に置いておいて、冷蔵庫に入れておく。もう味付いてるからね、めんつゆでね」

スーパーのお客さん（70代）
「（きゅうりの）ぬか漬けが主人が飽きてきたみたいなので、しそ、きゅうり、なす、みょうがで柴漬けを作って。もう3回目ぐらいかな」

中でも意外と多かったのが、『炒める』調理方法です。

スーパーのお客さん
「夏は火を通す。その方が量が食べられる。簡単な時は（豚）バラ肉ときゅうりとトマトとか入れて、焼肉のタレが余るので、焼肉のタレで炒めると結構いける」

Q.火を通すと味はどう?

「ちょっと柔らかくなるのかな。しっとりしたきゅうりになる。なかなか美味しい」

スーパーのお客さん（40代）
「卵とかと一緒に炒めたりとかします。中華スープの素とかと一緒に炒めると美味しいので」

6人家族
「きゅうりにベーコン巻いて、爪楊枝でとめて焼いたり」
「ベーコンを巻くので、そこから脂が出る。（脂）がきゅうりにうつって、ご飯も進むような」

■農家直伝の「保存方法」や「見分け方」　熱中症対策にも

様々な食べ方で美味しい夏のきゅうりですが、「保存方法」や「見分け方」などに悩む声も多く聞かれました。
そこで、Nスタは千葉県市原市にあるきゅうり農家・はなファームに向かい、皆さんお悩みの「保存方法」について聞いてみました。

はなファーム　花見健太郎 代表
「冷えすぎてしまうと、傷みの原因にもなるので、新聞紙にくるんで冷蔵庫に入れておく。だいたい10度くらいでの保存がいいと言われてる」

次に、美味しいきゅうりの「見分け方」。

はなファーム　花見健太郎 代表
「基本的には、まっすぐなものを選んでいただきたい。（まっすぐなものは）エグ味が少ない。曲がってるのは、ストレスがあって曲がっているので」

特に多かった疑問は「きゅうりに栄養豊富なイメージがあまりない」ということでしたが、実際はどうなのでしょうか?

はなファーム　花見健太郎 代表
「きゅうりってカリウムが豊富でして。カリウム・ナトリウムが欠乏して熱中症になるので、熱中症対策にはきゅうりがすごくいいんじゃないかな」

きゅうりは95％以上が水分。

済生会横浜市東部病院の谷口英喜医師によると、手軽に水分補給ができ、カリウムによる軽い利尿作用で体の熱を逃がすため、熱中症対策にもなるということです。

■ゼリーに天ぷら!?　絶品きゅうりアレンジレシピ

続いて、熱中症対策にもなる“きゅうり”を使って簡単にできる「ゼリー」をご紹介します。

〈材料〉
・きゅうり　1本
・アップルジュース　500ml
・ゼラチン　10g

〈作り方〉
（1）きゅうりをすりおろす
（2）煮たアップルジュースにゼラチンを入れて混ぜる
（3）すりおろしたきゅうりをいれて、冷やしたら完成

スポーツ心理学者（博士） 田中ウルヴェ京さん（きゅうりが少し苦手）
「なんでおいしいの?メロンのような甘さでおいしいです」

さらに、主役も脇役もきゅうりでそろえた「きゅうり定食」も作ってみました。

ラインナップは天ぷらに、味噌汁と、しそのふりかけを使った和え物です。

中でも、おすすめは「きゅうりの天ぷら」です。

揚げ時間も1分ほどで手軽にできて、中までほくほくしていて、熱が加わったことで甘みも増して美味しかったです。
色んな「きゅうり」の楽しみ方で、猛暑を乗り切ってみてはいかがでしょうか。
TBS NEWS DIG Powered by JNN",[],[]
大人もハマる「めじるし」とは? 傘やリップ…日常を可愛くする実用性、集める楽しさで人気沸騰【Nスタ解説】（TBS NEWS DIG Powered by JNN）,https://news.yahoo.co.jp/articles/e5244e4cae13257cce3a3ae69bdc9e198e265acd,https://newsatcl-pctr.c.yimg.jp/t/amd-img/20260727-22830203-jnn-000-2-thumb.jpg?exp=10800,2026-07-27T21:22:13+09:00,2026-07-27T21:33:17+09:00,TBS NEWS DIG Powered by JNN,jnn,TBS NEWS DIG Powered by JNN,1318,"TBS NEWS DIG Powered by JNN
傘やペットボトルなどにつける「目印チャーム」。若い世代だけではなく、大人までついつい集めてしまう人が続出しています。
ただの“目印”にとどまらない人気のワケとは?
【写真で見る】大人もハマる「目印チャーム」　街の人の使い方
■大人もハマる「目印チャーム」　なぜ集めたくなる?

山形純菜キャスター:
傘やペットボトルなどにつける「目印チャーム」。若い世代だけではなく大人まで、ついつい集めてしまう人が続出しています。

なぜ目印チャームを集めたくなるのか、街の皆さんの声を聞いてきました。

30代女性
「アクセサリー感覚で日によって変えたりできるので何個も買ってしまう」

40代女性
「ほかの人と自分の欲しいチャームを交換でき、コンプリートしやすいから」

50代女性
「最悪なくしても『まあいいっか』と思えるくらいの価格帯」

■「シール帳」ならぬ「ガチャ帳」や「ガチャ詰め」もブーム

そんな中いま増えているのが、シール帳ならぬ「ガチャ帳」です。

リングが付いている透明な袋の中に、カプセルトイで集めたチャームをぎっしり詰めて持ち歩いたり、ときには友人とシール交換のようにカプセルトイを交換したりするということです。

さらに「ガチャ詰め」というものもあり、クリアポーチなどに自分が集めたチャームを詰め込んで、自分だけのチャームにするのが流行っているといいます。

■市場規模は4年で約3倍「カプセルトイ」　中でも人気「目印チャーム」

そして今、カプセルトイの人気がすごいんです。

一般社団法人の日本カプセルトイ協会によると、専門店は全国に900店舗以上、市場規模はこの4年で約3倍の約1960億円になっていて、日本人1人あたり年間4〜5個を購入していることになるということです。

その中でも「目印チャーム」が人気だということです。

人気の理由について、ガチャガチャの森を運営する「ルルアーク」の広報・上薗みな美さんに聞きました。

（1）実用性　様々なものに付けられる
（2）手頃な価格　多くが300円ほどで買いやすい
（3）種類が豊富　全種類集めたくなり、コレクション需要を後押し
ガチャガチャの森によると、新宿の店舗だけで常時約600種類の目印アクセサリーがあるということです。
■“人気が高く、使い方も豊富”企業コラボも続々　ノベルティにも「目印チャーム」　

さらに目印チャームは、企業も続々とコラボしています。

▼岩下食品
・岩下の新生姜「イワシカちゃん」1回400円
※現在は南町田グランベリーパークで販売

担当者によると、「多いときは（300円の）缶バッチの5倍売れた。1日に170個売れたこともある」ということです。

▼タバサ×カレルチャペック紅茶店（8月1日〜）
・洋服店と紅茶店のコラボイベントで“チャームプレゼント”
※TABASA 銀座本店・カレルチャペック紅茶店有楽町イトシア店で実施

担当者は「人気が高く、使い方も豊富なことがノベルティに選んだ決め手」だとしています。
TBS NEWS DIG Powered by JNN",[],[]
【 東野圭吾さん死去 】綾瀬はるかさんが追悼「 『白夜行』で雪穂という役に出会えたことは、私の俳優人生においてかけがえのない宝物です」（コメント全文）（TBS NEWS DIG Powered by JNN）,https://news.yahoo.co.jp/articles/5505aceb6674ce43d7882262208c584cb8be1c7c,https://newsatcl-pctr.c.yimg.jp/t/amd-img/20260727-22830215-jnn-000-1-view.jpg?exp=10800,2026-07-27T21:05:24+09:00,2026-07-27T21:05:24+09:00,TBS NEWS DIG Powered by JNN,jnn,TBS NEWS DIG Powered by JNN,513,"TBS NEWS DIG Powered by JNN
直木賞受賞作「容疑者Xの献身」や「白夜行」など、多くのベストセラー小説を生み出した作家の東野圭吾さんが、7月23日の未明に大腸がんのため亡くなったことが分かりました。
【写真を見る】【 東野圭吾さん死去 】綾瀬はるかさんが追悼「 『白夜行』で雪穂という役に出会えたことは、私の俳優人生においてかけがえのない宝物です」（コメント全文）
訃報を受け、2006年のTBS系ドラマ『白夜行』で主演を務めた俳優の綾瀬はるかさんが、所属事務所を通じてコメントを発表しました。

▽▽▽コメント全文▽▽▽

『白夜行』で雪穂という役に出会えたことは、私の俳優人生においてかけがえのない宝物です。今でもこの作品や雪穂を愛してくださる方がたくさんいらっしゃることに、東野さんが生み出された物語の力の大きさをあらためて感じています。

数えきれないほど多くの人の心を動かす物語を届けてくださり、本当にありがとうございました。

心よりご冥福をお祈り申し上げます。

綾瀬はるか

△△△ 以上 △△△

【担当:芸能情報ステーション】
TBS NEWS DIG Powered by JNN",[],[]
救急車を呼ぶべき?相談できる「＃7119」急増　“医師監修”AIも、手軽で安心「救急相談」最新ツール【Nスタ解説】（TBS NEWS DIG Powered by JNN）,https://news.yahoo.co.jp/articles/7b846655d8838953b187516408c9b30d48edeffb,https://newsatcl-pctr.c.yimg.jp/t/amd-img/20260727-22830056-jnn-000-2-thumb.jpg?exp=10800,2026-07-27T20:59:13+09:00,2026-07-27T21:28:13+09:00,TBS NEWS DIG Powered by JNN,jnn,TBS NEWS DIG Powered by JNN,2049,"TBS NEWS DIG Powered by JNN
「
＃7119
」という電話番号を知っていますか?急な病気やけがをしたとき、救急車を呼ぶべきか迷ったときなどに相談できる電話窓口です。
【写真で見る】実際にあった「＃7119」への子どもに関する相談
熱中症による搬送が相次ぐなど、救急搬送が年々増える今、多忙を極める「消防の現場」を取材しました。

■救急車を呼ぶか迷ったら
＃7119
24時間365日対応

高柳光希キャスター:
熱中症などのリスクも増えている今、ぜひ覚えておいてほしい救急相談窓口「
＃7119
」。すぐに病院に行くべきなのか、救急車を呼ぶべきか迷ったときなどに相談ができます。

医師や看護師などが24時間365日対応していて、緊急性が高いと判断された場合には、救急車の手配まで行います。

2009年から総務省が全国に導入し、2026年7月時点では41の地域に広がっています。

■緊急性の判断、救急車の手配まで　適切な診療科や近隣の病院紹介も

高柳キャスター:
＃7119は救急車を呼ぶだけではなく
、緊急性の判断にも有効に活用できます。

例えば、「子どもの様子がなんとなくおかしい」という場合、軽症者には受診に関するアドバイスをし、“隠れた重症者”は見逃さず、迅速に救急搬送につなげられるということです。

また、「何科を受診するべきかわからない」という場合も、症状を聞いて、▼適切な診療科や、▼近くの病院を案内してくれるといいます。

TBS報道局 社会部 警視庁・東京消防庁 担当　高木郁弥 記者:
ほかには、子育て世代だけでなく、20〜30代からの相談も増えているということです。

20〜30代は「まずネットで検索」する人が多いかと思います。ただ、インターネット・SNSの普及により、情報量が多く、間違った情報も交じっているおそれがあるため、正しい情報を求めて「
＃7119
」に相談するといいます。

チャットGPTに「
＃7119にかけてください
」と勧められた人もいるそうです。

井上貴博キャスター:
基本的に無料で救急車を呼べるという日本の体制は素晴らしいですが、何でもかんでも救急車という人がいる中で、どのように体制を維持するのかということですね。
スポーツ心理学者（博士） 田中ウルヴェ京さん:
体調の悪さを感じた時に、声が聞けるだけでも気持ち的に違うと思います。

■電話が苦手な人も使いやすい!医師監修のAI相談ツールとは

高柳キャスター:
さらに、東京消防庁は東京都医師会監修の「東京版救急受診ガイド」のAIチャット機能を始めています。（2026年3月にリニューアル）

音声・テキストで症状を入力すると、最短1分で緊急度を示す結果が表示されるというものです。

【東京版救急受診ガイド】
▼東京消防庁の公式アプリやWebからアクセス
▼音声・テキストで症状を入力
▼緊急度を色で表示
・赤:「救急車を要請することをおすすめします」
・オレンジ:「今すぐに医療機関を受診してください」など

TBS報道局社会部　高木記者:
特に若い世代は、電話は緊張してしまうという人がいる一方、ネットの情報には不安があるという人もいるため、電話だけではなく、手軽に安心できる相談先としてAIチャット機能を導入したといいます。

過去に、
＃7119によせられた約30万件の相談データをもとに
、AIに読み込ませて作られた機能であり、東京都医師会監修ということで非常に信憑性が高いそうです。

東京消防庁の市東修司 緊急相談係長は、「自身に合った方法で相談してほしい」としています。

■利用者の心得　“より具体的に”症状や状況を入力

高柳キャスター:
こうした相談窓口を使う場合、気をつけなければならない点があります。それは、「症状」や「状況」をより具体的に入力をすることです。

例えば、「胸が痛い」だけではなく、「胸がチクチク痛い」「一瞬だけ痛くなった」など、どのような痛さで、どういう時に痛むのかを書いてください。

また、子どもは自分の口で説明するのが難しいと思います。
保護者は「熱を出して吐いた」ではなく、「今朝から38度の熱があり、ミルクを飲んだあと3回吐いた」というように、なるべく数字や状況を細かく入力することが大事だということです。
そして、猛暑が続く中で重要なのは、▼意識がない、▼けいれんしている、▼自力で水が飲めないなどの症状がある場合は、ためらわずに119番通報することです。

==========
＜プロフィール＞
高木郁弥
TBS報道局社会部　警視庁・東京消防庁 担当
現役消防士も太鼓判を押す『消防士顔』の記者

田中ウルヴェ京さん
スポーツ心理学者（博士）
五輪メダリスト 心理コンサルティング
こころの学びコミュニティ「iMiA（イミア）」主宰
TBS NEWS DIG Powered by JNN",[],[]
【 市川團十郎 】長男・勸玄さんと「一緒にメンテ」　背中に湿布を貼り「朝起きると だいぶ軽減される」（TBS NEWS DIG Powered by JNN）,https://news.yahoo.co.jp/articles/7aedc511ddf7aa2259b18e2135500f69c07be7b4,https://newsatcl-pctr.c.yimg.jp/t/amd-img/20260727-22830195-jnn-000-1-view.jpg?exp=10800,2026-07-27T20:38:12+09:00,2026-07-27T20:38:12+09:00,TBS NEWS DIG Powered by JNN,jnn,TBS NEWS DIG Powered by JNN,482,"TBS NEWS DIG Powered by JNN
7月27日、歌舞伎役者・俳優の市川團十郎さんが、自身のブログを更新。
日々の対策やメンテナンスの様子を投稿しました。
【写真を見る】【 市川團十郎 】長男・勸玄さんと「一緒にメンテ」　背中に湿布を貼り「朝起きると だいぶ軽減される」
團十郎さんは、『日々の対策』と題し、背中にシップを貼った写真を投稿。投稿には「寝る前に 毎日貼ってました」と綴っており、「朝起きると だいぶ軽減されるので とても よかった湿布」と自身が行っていると思われる、日々の対策を掲載しました。

さらに、その後の『メンテ』『勸玄も』と題された投稿では、「一緒にメンテ」と綴り、長男・勸玄（市川新之助）さんも一緒にメンテナンスを受けていると思われる写真を掲載。

続けて、「今日はこれ」と、卵や納豆、オクラが入った〝ねばねば丼〟とみられる写真を添えて、ごはんを食べてから「仕事へ、取材と映画を見てきます」と、仕事へ向かうことを報告していました。

【担当:芸能情報ステーション】
TBS NEWS DIG Powered by JNN",[],[]
焼失面積は東京23区超え…フランスで猛威ふるう山火事　「高温×乾燥」が延焼の原因に?【Nスタ解説】（TBS NEWS DIG Powered by JNN）,https://news.yahoo.co.jp/articles/272712b0102b035c2b03885359e74b409d051df0,https://newsatcl-pctr.c.yimg.jp/t/amd-img/20260727-22830142-jnn-000-1-thumb.jpg?exp=10800,2026-07-27T20:38:12+09:00,2026-07-27T20:38:12+09:00,TBS NEWS DIG Powered by JNN,jnn,TBS NEWS DIG Powered by JNN,1919,"TBS NEWS DIG Powered by JNN
フランス南西部で山火事が発生してから6日目。火はまだ燃え広がっていて、これまでに22万人が避難しています。（7月27日「Nスタ」午後4時50分ごろの放送より）
【写真で見る】焼け焦げた集落には、溶けてしまった子どもの自転車も
■フランスで大規模な山火事　子どもの自転車も溶け…焼け焦げた集落

加賀千草 記者:
フランス南西部・ボルドー市近郊のラントンに来ています。

山火事で焼け焦げた集落では、子どもの自転車やブランコが溶けてしまっているのがわかります。また住宅も真っ黒になっていて半壊状態です。この場所は、2日ほど前に山火事の火が風であおられ、一気に燃え広がったということです。

住民は避難していて、人的被害はなかったとみられますが、山林の奥では未だに煙が上がっていて、山火事の威力を物語っています。

山火事は、この近辺含めて多数の箇所で発生しているということですが、取材をすると、煙が一旦収まったように見えても、風が吹くとまた一気に炎が四方に広がる様子が見てとれました。

消防士たちが集団で放水にあたっても、すぐに炎が上がる“いたちごっこ”のような状況です。一連の山火事では消防士が2人死亡しています。

27日朝に雨が降ったことで、火災の延焼は食い止められ安定したようですが、フランスではこの夏の記録的な猛暑により、森林の木が乾燥したことも、これだけ火が燃え広がった原因だとされています。

依然として鎮火に至っていない山火事。フランス政府も全力で対応にあたっています。

■山火事で22万人が避難　「東京都の半分」が焼失の状況

井上貴博キャスター:
フランスで発生した山火事により、これまでに22万人が避難。焼失面積は延べ約10万ヘクタールにのぼっているということです。

東京都の面積は約21万ヘクタールだと言われているので、東京都の半分が焼失してしまったことになります。

フランスの交通網にも以下のような影響が出ています。

【フランスの交通網への影響】
▼高速道路（スペイン方面）　約60kmが一部閉鎖
▼ボルドー空港　26日夕方以降のすべての便が遅延
▼フランス国鉄（27日時点）　ボルドー以南の全列車の運行停止
■スペインやカナダでも山火事　「国家非常事態」の宣言も

大規模な山火事はスペインでも発生していて、首都マドリードから約50キロ離れた場所で約7万7000ヘクタールが焼失しました。

スペイン内務省によると、26日時点で5万9896人が避難、2万9867人が屋内退避しています。

スペイン政府は、マドリード州及びアビラ県に「国家非常事態」を宣言しています。

また、カナダでも139件の山火事が発生。オンタリオ州北西部では2026年、約295万ヘクタールが焼失しています。

過去10年間の平均は年255万ヘクタール焼失だということなので、過去の平均焼失面積を上回る被害となっています。

ロイターによると、消防士5300人以上を動員し、メキシコからも約200人が派遣されているということです。

■“異変”山火事が拡大した原因は…? 月間降水量46.8mm→2.0mm

これらの山火事が拡大している理由は「気温」と「乾燥」です。

偏西風が大きく北に蛇行したことに伴い、高気圧が発達・停滞し、記録的な高温になっているということです。

フランス・ボルドー近郊の7月の平均気温は21.4℃ですが、2026年7月7日は40.8℃という状況になっています。

また、月間降水量も7月の平均値は46.8mmですが、2026年は7月26日までで2.0mmにとどまっています。

このような「暑さ」と少雨による「乾燥」で、植物が乾燥して延焼を促進する“燃料”になってしまっているということです。

また強風により、火の粉が数キロ飛ぶこともあるそうです。

■日本も「少雨」と「高温」　新潟では7月に火災多発

日本の場合、夏場は湿気があるため、海外のような山火事は起こりにくいと考えられていますが、新潟県の調査によると、2025年に最も火災発生件数が多かった月は7月で、86件に上りました。

2026年の夏は梅雨らしい日もありましたが、7月7日〜26日の降水量をみると、九州など西日本を中心に平年を下回っています。
27日午後4時半時点で、広島県南部、佐賀県、熊本県には乾燥注意報が出ています。

危険な暑さとなる中、空気が乾燥して山火事のリスクがありますので、十分に注意してください。
TBS NEWS DIG Powered by JNN",[],[]
高市総理「反省点というのは特にない」「あえて言えばマーケットへのメッセージ、市場への発信だ」国会振り返る（TBS NEWS DIG Powered by JNN）,https://news.yahoo.co.jp/articles/203ce49edc5be4a8a77c767182d5e7674e547176,https://newsatcl-pctr.c.yimg.jp/t/amd-img/20260727-07317674-jnn-000-1-view.jpg?exp=10800,2026-07-27T20:35:29+09:00,2026-07-27T20:35:29+09:00,TBS NEWS DIG Powered by JNN,jnn,TBS NEWS DIG Powered by JNN,535,"TBS NEWS DIG Powered by JNN
高市総理は特別国会の閉会を受けた記者会見で、「反省点というのは特にない」「あえて言えばもう少し、マーケットへのメッセージ、市場への発信が重要になってくるのでは」と振り返りました。

高市総理
「これまでも申し上げてまいりましたけれども、出席の要請がありましたら、出席して誠実に答弁をしてまいりましたし、今後もその方針に変わりはございません」

高市総理はきょう（27日）、特別国会の閉会を受けた記者会見で、国会への出席についてこのように述べ、「この9か月間、内閣総理大臣を務めて感じたことは、我が国が向かうべき方向性や国家像を腰を据えて戦略的に考える時間をとることはなかなか簡単ではないということだった」などと振り返りました。

また、今国会の反省点について問われた高市総理は、「反省点というのは特にない」「とにかくがむしゃらに、政権公約を一つでも多く実現しようと頑張ってきた」と強調しました。

加えて、「あえて言えば」と前置きしたうえで、次のように述べました。

高市総理
「もう少しですね、マーケットへのメッセージ、市場への発信、こういったことが重要になってくるんじゃないかなと思っております」
TBSテレビ",[],[]
“本が嫌いでも読める小説を”作家・東野圭吾さん（68）が死去　「新参者」出演の阿部寛さんが追悼「俳優人生における大きな転機」【Nスタ】（TBS NEWS DIG Powered by JNN）,https://news.yahoo.co.jp/articles/793d6df634151148bd8f44a454669cf038a341da,https://newsatcl-pctr.c.yimg.jp/t/amd-img/20260727-22830155-jnn-000-1-thumb.jpg?exp=10800,2026-07-27T20:18:18+09:00,2026-07-27T20:18:18+09:00,TBS NEWS DIG Powered by JNN,jnn,TBS NEWS DIG Powered by JNN,1088,"TBS NEWS DIG Powered by JNN
多くのベストセラーを生み出した作家の東野圭吾さんが亡くなったことがわかりました。68歳でした。
【写真で見る】「容疑者Xの献身」で直木賞を受賞した際の東野圭吾さん
■作家・東野圭吾さん（68）死去　大腸がんのため

作家の東野圭吾さん（68）が7月23日未明、大腸がんのため亡くなったことがわかりました。

2006年、「容疑者Xの献身」で直木賞を受賞したときの会見では…

東野圭吾さん（2006年 当時47歳）
「落ちるたびにやけ酒飲んで、みんなで選考委員の悪口いって。僕は昔ものすごく本嫌いな少年だったので、本嫌いな自分でも面白く読めるような小説にしたいというのは、いつも思っていること」

訃報を伝えた「講談社」によると、東野さんは7月23日の未明、大腸がんのため亡くなったということです。

■過去には「出版界をもうけさせ、若い作家が育ってくれたら」

世に送り出した名作は数知れず。突然の訃報に街の人は…

街の人
「すごいびっくりです。映画化している本を結構、文庫本で持っていて」
「こんないい作家さんもう、これからもう出てこないんじゃないですか」

2019年、出版にまつわる優れた表現活動を行った人を表彰する「野間出版文化賞」を受賞した際、東野さんはこのようなことを話していました。

東野圭吾さん（2019年 当時61歳）
「明日からの未来を含めた人生の中で一番若いのがきょうです。きょうが一番これからの人生の中で可能性があるんだからと思って、これからもですね、いい小説を…自分でいい小説って言ってたらしょうがないですね。みなさんに楽しんでいただける小説を書いて、少しでも出版界をもうけさせて、若い作家が育ってくれたらいいなと思う」

■「俳優人生における大きな転機となりました」　阿部寛さんが追悼

TBSでは「白夜行」「流星の絆」「新参者」など、数々のドラマ作品でお世話になりました。

東野圭吾さんは多作な作家としても知られていて、1985年のデビュー以降、100冊以上の著書を出版し、国内の発行部数は約1億900万部だということです。
日曜劇場「新参者（2010年放送）」に出演した阿部寛さんが、コメントしています。

阿部寛さん
「東野圭吾さんの訃報に接し、深い悲しみを感じています」
「『新参者』に出演できたことは、私の俳優人生における大きな転機となりました。東野さんとのご縁に心から感謝しています。謹んでご冥福をお祈りいたします」
TBS NEWS DIG Powered by JNN",[],[]
【 坂口健太郎 】「体内時計が狂ってる?」堀田真由に微笑み「良いことなんじゃない?」（TBS NEWS DIG Powered by JNN）,https://news.yahoo.co.jp/articles/45e349e4be5c2fb9cfd05649dba0ff189470732e,https://newsatcl-pctr.c.yimg.jp/t/amd-img/20260727-22830181-jnn-000-1-view.jpg?exp=10800,2026-07-27T20:18:18+09:00,2026-07-27T20:18:18+09:00,TBS NEWS DIG Powered by JNN,jnn,TBS NEWS DIG Powered by JNN,1251,"TBS NEWS DIG Powered by JNN
坂口健太郎さん、早瀬憩さん、堀田真由さん、倉田瑛茉さん、中野量太監督らが、映画『私はあなたを知らない、』完成披露上映会に登壇しました。
【写真を見る】【 坂口健太郎 】「体内時計が狂ってる?」堀田真由に微笑み「良いことなんじゃない?」
坂口さんは、監督との出会いを〝最初に台本を読ませていただいて「面白かった」って言っていいのかわからないんですけど、すごく愛情と生々しさ、監督の正直な気持ちを一気に受け取った〟と、回想。そして〝色んなものが渦巻いていくあるシーンでは、決してハッピーではないんですけど、気持ちが痛いほどわかった。それを読んだ瞬間にご一緒したいと思いました〟と、出演を決意した瞬間を明かしました。

それに対し、中野監督は〝このシーンがわからないと言われたらオファーやめようかと思った（笑）〟と、冗談を交えつつ〝わかってくれたのは嬉しかったですし、一緒にやっていけると思いました〟と、嬉しそうに話していました。

オーディションでヒロイン・朝子役を勝ち取った早瀬さんも〝オーディションの段階から監督が（撮影の）現場にいるかのようにいろいろ言ってくださった。なので、その期待に応えようと。それだけでした〟と、監督についてコメント。役が決まった時のことは〝結果が来るまでウズウズしていたので、すごく安心という気持ちが強かった。朝子の人生を自分が背負うというプレッシャーも強かったです〟と、振り返っていました。

また〝5歳の朝子役、倉田瑛茉です〟と、可愛らしい挨拶で会場を和ませた倉田さんは〝初めて坂口さんと会った時は、一緒にお弁当食べました〟と、にこやかに報告。〝監督さんは、たくさん演技を教えてくれました〟と、撮影の思い出を話してくれました。

「最近知った真実」というトークテーマでは、フリップに『泣くお芝居』と書いた坂口さんが〝ぼく、（作品で）泣くことがすごく多いんです〟と、告白。今作の、とあるシーンのことを〝声を聞いてるだけで泣いちゃうんです。いろんなことを走馬灯のように思い出してきちゃって...〟と思い返すと、〝いつの間にか僕も涙腺が緩くなっていたじゃないですけど、ちゃんと関係性を育む時間をいただけたので、そういうシーンが撮れたんだろうなと思いました〟と、自身の「泣く」芝居について分析していました。
同じトークテーマに、堀田さんは「体内時計が狂ってる?」と回答。〝仕事で体内時計を測るゲームをやったんです。目を閉じて、1分だと思ったら手を挙げるゲーム。（手を挙げて）パッと目を開けたら...2分だったんです。人よりマイペースに生きているんだなというのが、最近知った出来事でした〟と、恥ずかしそうに話す堀田さんに、坂口さんは〝良いことなんじゃない? ゆっくり過ごせるってことじゃない?〟と、微笑みながらフォローを入れていました。

【担当:芸能情報ステーション】
TBS NEWS DIG Powered by JNN",[],[]
ラオス北部で“日本人男女5人拘束”地元当局発表　特殊詐欺に関与か　ホテルで外国人計51人摘発（TBS NEWS DIG Powered by JNN）,https://news.yahoo.co.jp/articles/877d9962455faa7a4477463d6c10f0f0dfa38666,https://newsatcl-pctr.c.yimg.jp/t/amd-img/20260727-07317653-jnn-000-1-view.jpg?exp=10800,2026-07-27T20:06:44+09:00,2026-07-27T20:06:44+09:00,TBS NEWS DIG Powered by JNN,jnn,TBS NEWS DIG Powered by JNN,367,"TBS NEWS DIG Powered by JNN
特殊詐欺拠点の摘発が続くラオスで、地元当局は新たに日本人5人を含む外国人51人を拘束したと発表しました。

ラオスの警察当局は27日、地元住民からの通報を受けて北部シェンクワン県にあるホテルを捜索し、特殊詐欺に関与していたとみられる中国人や台湾出身のあわせて51人を22日に拘束したと明らかにしました。このなかには日本人の男女5人も含まれているということです。

また、拠点の部屋からは携帯電話やパソコンなど100台以上が押収されました。

グループは、家具や家電のオンライン販売に関する詐欺などに関与した疑いがあるということです。

現地の日本大使館は「事実関係を確認中」としています。

ラオスでは特殊詐欺拠点の摘発が続いていて、日本人の拘束も相次いでいます。
TBSテレビ",[],[]
台湾・頼総統が超党派の議員連盟「日本台湾友好議員連盟」古屋会長に「大綬景星勲章」授与（TBS NEWS DIG Powered by JNN）,https://news.yahoo.co.jp/articles/c079491afd01e32c5c75f60b4ae14176f662b962,https://newsatcl-pctr.c.yimg.jp/t/amd-img/20260727-07317649-jnn-000-3-view.jpg?exp=10800,2026-07-27T20:05:13+09:00,2026-07-27T20:15:26+09:00,TBS NEWS DIG Powered by JNN,jnn,TBS NEWS DIG Powered by JNN,422,"TBS NEWS DIG Powered by JNN
台湾の頼清徳総統は、台湾との友好関係を重視する超党派の議員連盟の会長で自民党の古屋圭司衆議院議員に「大綬景星勲章」を授与しました。

台湾総統府によりますと、頼総統は27日午前、台湾と日本の関係強化に尽力してきたとして、超党派の議員連盟「日本台湾友好議員連盟」の会長で自民党の古屋議員に「大綬景星勲章」を授与しました。

頼総統はあいさつで「長年にわたり交流を重ね、家族のような絆と運命共同体としての関係を築いてこなければ、緊密な日台関係は存在しなかった」と述べたうえで、「古屋氏は日台友好関係を推進してきた重要な人物だ」と強調しました。また、「『大綬景星勲章』を授与できることを大変光栄に思う」と心からの感謝を示したということです。

一方で古屋氏は「日本と台湾がさらに協力を強化できれば、経済安全保障やサプライチェーンの強靱化につながる」との考えを示したということです。
TBSテレビ",[],[]
九州で初の「酷暑日」　大分県・日田市で40.0℃　東京都心の午前中の気温2週間ぶりに30℃以下　天気の急変に注意（TBS NEWS DIG Powered by JNN）,https://news.yahoo.co.jp/articles/105282c207a430f42f49de387cb15263765dadaf,https://newsatcl-pctr.c.yimg.jp/t/amd-img/20260727-07317647-jnn-000-2-thumb.jpg?exp=10800,2026-07-27T19:59:56+09:00,2026-07-27T20:01:07+09:00,TBS NEWS DIG Powered by JNN,jnn,TBS NEWS DIG Powered by JNN,661,"TBS NEWS DIG Powered by JNN
きょうは九州で初めて『酷暑日』となりました。このあと急な大雨に注意が必要です。

きょうは、朝から西日本で気温がぐんぐん上昇！！危険な暑さとなりました。

「家から出たくない暑さ。水分をしっかりとって乗り切ります」
「暑い！汗がいっぱい出てくる」

きょう、『熱中症警戒アラート』が発表された大分県日田市。40.0℃まで上がりました。九州では初の酷暑日です。日田駅周辺では、水をまく人やミストで涼む人の姿もみられます。

一方、東京はというと…

「きょうは過ごしやすいですね、びっくりします、外に出て涼しかったので」
「前日とかと比べたら、ちょっとは涼しく感じます」

きょうは朝から過ごしやすい気温に。都心の気温が午前中に30℃まで上がらなかったのは、なんと2週間ぶり。

しかし、このあと注意しないといけないのが、雷雨です。

三重県尾鷲市では午前10時40分ごろ、局地的な大雨に。大粒の雨が勢いよく降り注ぎ、10分ほどでやんだということです。

伊勢市でも雷雨が。突然の大雨に建物に避難する人の様子もみられました。

きのう、広い範囲で大雨が降った新潟県。一夜明け、住民は懸命に水をかき出していました。

住宅が床下浸水した人
「午前6時半くらいからやっていますかね。一生懸命やっていたが、まだ半分くらいしか。10センチもたまったのは初めて」

このあとも北日本から西日本では、落雷、竜巻などの激しい突風、ひょうなど急な強い雨に注意が必要です。
TBSテレビ",[],[]
高市総理　福岡県議会の現金授受疑惑について「まずは福岡県連で事実確認されることが重要」（TBS NEWS DIG Powered by JNN）,https://news.yahoo.co.jp/articles/3a6c771e6ef75cdb1f69307ea4dffb4d73ecd4ee,https://newsatcl-pctr.c.yimg.jp/t/amd-img/20260727-07317660-jnn-000-1-view.jpg?exp=10800,2026-07-27T19:38:06+09:00,2026-07-27T19:38:06+09:00,TBS NEWS DIG Powered by JNN,jnn,TBS NEWS DIG Powered by JNN,239,"TBS NEWS DIG Powered by JNN
福岡県議会の正副議長ポストをめぐる現金授受疑惑について、高市総理は「まずは福岡県連で事実確認されることが重要」だとしたうえで、「党本部として対応すべきことがあれば、必要な対応を検討」する考えを示しました。

高市総理
「福岡県連の対応を踏まえて、党本部として対応すべきことがあれば、必要な対応を検討していただきたいと考えております。現時点で今後のことを予断をもってお答えするというのは差し控えたいと存じます」
TBSテレビ",[],[]
【速報】長野県に「記録的短時間大雨」　伊那付近で1時間に1時間に約100ミリの猛烈な雨　災害警戒 27日19:23時点（TBS NEWS DIG Powered by JNN）,https://news.yahoo.co.jp/articles/5101e21cc43ae244b245f9ed846c6221bb46679d,https://newsatcl-pctr.c.yimg.jp/t/amd-img/20260727-22830116-jnn-000-1-view.jpg?exp=10800,2026-07-27T19:27:17+09:00,2026-07-27T19:27:17+09:00,TBS NEWS DIG Powered by JNN,jnn,TBS NEWS DIG Powered by JNN,859,"TBS NEWS DIG Powered by JNN
気象庁は、27日午後7時23分に「記録的短時間大雨」の速報を長野県へ発表しました。

午後7時10分までの1時間に、伊那付近で1時間に約100ミリの猛烈な雨が降ったことが、気象庁の雨量計観測、もしくは気象レーダー解析で分かりました。

【各地の雨量】

▼27日午後7時10分までの1時間雨量
・伊那付近　1時間に約100ミリ。
・猛烈な雨が降っており、災害発生の危険度が急激に高まっています。

これまでに降り続いた大雨で、災害発生の恐れが高まっています。
ただちに身の安全を確保してください。

＜避難について＞
特に崖や川の近くなど危険な場所にいる方は、地元市町村が避難情報を発表していないか確認し、状況に応じてただちに「立ち退き避難」や「屋内安全確保」など、適切な避難行動をとってください。

また、市町村が定めた避難場所などへ避難することがかえって危険な場合は、崖や沢から少しでも離れた頑丈な建物や、少しでも浸水しにくい高い場所に移動するなど、身の安全を確保してください。

避難する際は、特に土砂災害に対しては、自宅や今いる場所の外に出て、市町村が定めた近くの指定緊急避難場所や、安全な場所にある親戚や知り合いの家、ホテルなどへ行く「立ち退き避難」が原則です。

なお、洪水や高潮に対しては、ハザードマップなどを参考に、屋内で身の安全を確保できるかを確認したうえで、自らの判断で安全な上の方の階に移動するか、安全な上層階に留まる「屋内安全確保」も可能です。

＜「記録的短時間大雨」の速報とは?＞
「記録的短時間大雨」の速報は、その地域にとって数年に一度しか降らないような記録的な大雨が、短い時間のうちに観測された場合に発表されます。

地元の市町村がすでに「避難指示」を発表しているか、まもなく発表するような、災害発生の危険度が高まっている状況です。重大な災害から身を守る行動をお願いします。
TBS NEWS DIG Powered by JNN",[],[]
【レベル4土砂災害危険警報】長野県・伊那に発表 19:25時点（TBS NEWS DIG Powered by JNN）,https://news.yahoo.co.jp/articles/9ca23377950a8d4efd0cfad14f1dcf0100b102d9,https://newsatcl-pctr.c.yimg.jp/t/amd-img/20260727-22830109-jnn-000-1-view.jpg?exp=10800,2026-07-27T19:26:13+09:00,2026-07-27T19:26:13+09:00,TBS NEWS DIG Powered by JNN,jnn,TBS NEWS DIG Powered by JNN,287,"TBS NEWS DIG Powered by JNN
気象台は、27日午後7時25分に、レベル4土砂災害危険警報を伊那に発表しました。

南部では、土砂災害に厳重に警戒してください。
【現在地の防災情報を確認】
【土砂災害警報（発表中）】
■伊那
●レベル4土砂災害危険警報【発表】

■長谷
●レベル2土砂災害注意報

■飯山市
●レベル2土砂災害注意報

■軽井沢町
●レベル2土砂災害注意報

■長和町
●レベル2土砂災害注意報

■箕輪町
●レベル2土砂災害注意報【発表】

■栄村
●レベル2土砂災害注意報
TBS NEWS DIG Powered by JNN",[],[]
【レベル4大雨危険警報】長野県・伊那に発表 19:25時点（TBS NEWS DIG Powered by JNN）,https://news.yahoo.co.jp/articles/a29b19bfd8165a252190cf16b4aefc6d9b47e397,https://newsatcl-pctr.c.yimg.jp/t/amd-img/20260727-22830106-jnn-000-1-view.jpg?exp=10800,2026-07-27T19:26:13+09:00,2026-07-27T19:26:13+09:00,TBS NEWS DIG Powered by JNN,jnn,TBS NEWS DIG Powered by JNN,225,"TBS NEWS DIG Powered by JNN
気象台は、27日午後7時25分に、レベル4大雨危険警報を伊那に発表しました。

南部では、低い土地の浸水や河川の増水に厳重に警戒してください。
【現在地の防災情報を確認】
【大雨警報（発表中）】
■伊那
●レベル4大雨危険警報【発表】

■軽井沢町
●レベル2大雨注意報

■長和町
●レベル2大雨注意報

■箕輪町
●レベル2大雨注意報
TBS NEWS DIG Powered by JNN",[],[]
食料品の消費税減税「意見の一致に至らず」超党派の国民会議が中間とりまとめ案　野党との溝埋まらず（TBS NEWS DIG Powered by JNN）,https://news.yahoo.co.jp/articles/cffedeb160361b442a22cfabdaa31827d45a3243,https://newsatcl-pctr.c.yimg.jp/t/amd-img/20260727-07317644-jnn-000-4-thumb.jpg?exp=10800,2026-07-27T19:20:15+09:00,2026-07-27T21:35:20+09:00,TBS NEWS DIG Powered by JNN,jnn,TBS NEWS DIG Powered by JNN,391,"TBS NEWS DIG Powered by JNN
食料品の消費税減税などを議論している超党派の「国民会議」はきょう、「意見の一致に至らなかった」とする中間とりまとめ案を示しました。

国民会議の実務者会議では、来年4月から2年間、食料品の消費税を1%に引き下げ、給付と組み合わせて「実質ゼロ化」するとした案が示されましたが、野党との溝が埋まっていません。

こうしたなか、きょうの実務者会議では新たな中間とりまとめ案が示され、減税や給付など各党の主張を併記したうえで、「具体案について意見の一致には至らなかった」としました。

自民党　小野寺五典 税調会長
「消費税の実質ゼロを目指すということ、これが重要ではないか」

実務者会議はあさって、中間とりまとめ案を了承する見通しで、政府・与党内では、高市総理が最終的な消費減税の判断を下すとの見方が強まっています。
TBSテレビ",[],[]
【レベル3大雨警報】長野県・伊那に発表 19:16時点（TBS NEWS DIG Powered by JNN）,https://news.yahoo.co.jp/articles/acd2d8a12f7ef6894ce17d7cd27bd190c1a8f928,https://newsatcl-pctr.c.yimg.jp/t/amd-img/20260727-22830085-jnn-000-1-view.jpg?exp=10800,2026-07-27T19:18:17+09:00,2026-07-27T19:18:17+09:00,TBS NEWS DIG Powered by JNN,jnn,TBS NEWS DIG Powered by JNN,218,"TBS NEWS DIG Powered by JNN
気象台は、27日午後7時16分に、レベル3大雨警報を伊那に発表しました。

南部では、低い土地の浸水や河川の増水に警戒してください。
【現在地の防災情報を確認】
【大雨警報（発表中）】
■伊那
●レベル3大雨警報【発表】

■軽井沢町
●レベル2大雨注意報

■長和町
●レベル2大雨注意報

■箕輪町
●レベル2大雨注意報
TBS NEWS DIG Powered by JNN",[],[]
高市総理の会見“注目ポイント”を記者解説　今後の課題は「食料品の消費税減税」の判断（TBS NEWS DIG Powered by JNN）,https://news.yahoo.co.jp/articles/3af4468cbc2257a4a63bb4e1bc5091edfd4f737d,https://newsatcl-pctr.c.yimg.jp/t/amd-img/20260727-07317656-jnn-000-2-thumb.jpg?exp=10800,2026-07-27T19:17:46+09:00,2026-07-27T19:19:01+09:00,TBS NEWS DIG Powered by JNN,jnn,TBS NEWS DIG Powered by JNN,575,"TBS NEWS DIG Powered by JNN
国会の閉会を受け、高市総理の記者会見が行われました。この会見のポイントについて中継でお伝えします。

注目すべきポイントとして挙げられるのが、冒頭、高市総理が話したテーマの順番です。この会見は国会が閉会したことに伴うものなので、まずは政府が提出した法案64本を全て成立させることが出来たと成果を強調しました。

その後に言及したのが物価高への対応です。高市政権の最優先課題だと強調し、ガソリンなどの価格を抑制するための補助金や、今月から実施する電気・ガス料金の支援などに言及しました。

各報道機関の世論調査で内閣支持率が下落し、その要因として物価高への対応が後回しになっているという指摘が野党からも出るなか、「政権としてしっかり取り組んでいるんだ」という姿勢を示し、懸念を払拭する狙いがあったとみられます。

今後の課題は、やはり食料品の消費税減税の判断です。

先ほどの会見でも超党派の国民会議で議論が続いていることから「結論を先取りすることはしない」と従来通りの答弁を繰り返しました。

ただ多くの野党と意見の隔たりが埋まらないなか、最終的には高市総理の判断に委ねられることになる見通しで、どのような結論を出すにせよ国民の理解を得られるような説明が求められることになります。
TBSテレビ",[],[]
“25か月連続”東京23区の単身向け賃貸マンションの家賃、最高値更新　11万4000円超え（TBS NEWS DIG Powered by JNN）,https://news.yahoo.co.jp/articles/9c7b8ac467b10f7801e05ae7f4a04991d0aa7abf,https://newsatcl-pctr.c.yimg.jp/t/amd-img/20260727-07317590-jnn-000-6-thumb.jpg?exp=10800,2026-07-27T19:09:40+09:00,2026-07-27T21:29:07+09:00,TBS NEWS DIG Powered by JNN,jnn,TBS NEWS DIG Powered by JNN,365,"TBS NEWS DIG Powered by JNN
東京23区の賃貸マンションの平均家賃も上昇しています。単身者向けのマンションで6月は11万4000円あまりと、25か月連続で過去最高値を更新しました。

「アットホーム」によりますと、東京23区で30平方メートル以下の単身者向け賃貸マンションの平均家賃は11万4242円で、25か月連続で過去最高値を更新しています。

このほか、首都圏全体でも上昇基調が続いていて、神奈川県では前の年の同じ月に比べ12.1%上昇の8万1593円、埼玉県では11.2%上昇の7万1217円で、いずれも過去最高値です。

調査した会社は、「本来なら引っ越しのピークの時期を過ぎている季節だが、建設費や維持費が高騰していて、家主が家賃を引き上げる状況が続いている」と分析しています。
TBSテレビ",[],[]
京浜急行で人身事故　京急川崎駅と神奈川新町駅間で一時運転見合わせ　電車内にいた乗客は線路上を歩いて移動　横浜市（TBS NEWS DIG Powered by JNN）,https://news.yahoo.co.jp/articles/25bbffe405502e6f4e176966e05ab2a335810365,https://newsatcl-pctr.c.yimg.jp/t/amd-img/20260727-07317652-jnn-000-3-view.jpg?exp=10800,2026-07-27T19:09:34+09:00,2026-07-27T20:07:51+09:00,TBS NEWS DIG Powered by JNN,jnn,TBS NEWS DIG Powered by JNN,300,"TBS NEWS DIG Powered by JNN
きょう午後、京浜急行線で人身事故が起き、電車内にいた乗客が線路上を歩いて移動しました。

大きくひび割れた電車のフロントガラス。警察官の姿も確認できます。

警察によりますと、午後3時半すぎ、横浜市神奈川区にある京急新子安駅のホームに人が立ち入り、電車にはねられて死亡する事故が起きました。

この事故の影響で、京急川崎駅と神奈川新町駅の間の上下線で一時運転を見合わせ、電車内にいた乗客は線路上に降りて、歩いて移動しました。

運転は午後5時45分ごろに再開しましたが、現在も京急線の全線でダイヤが大きく乱れているということです。
TBSテレビ",[],[]
高市総理　消費税減税「国民会議の結論得た上で、速やかに法案提出」（TBS NEWS DIG Powered by JNN）,https://news.yahoo.co.jp/articles/30e1b04f69ce5097d896679ab52269c82962b418,https://newsatcl-pctr.c.yimg.jp/t/amd-img/20260727-07317655-jnn-000-2-thumb.jpg?exp=10800,2026-07-27T19:09:34+09:00,2026-07-27T19:11:06+09:00,TBS NEWS DIG Powered by JNN,jnn,TBS NEWS DIG Powered by JNN,360,"TBS NEWS DIG Powered by JNN
高市総理は先ほどおこなった会見で、食料品の消費税減税について、現在議論が続いている超党派の「国民会議」での結論を得た上で速やかに法案を提出する考えを表明しました。

高市総理
「（国民会議で）結論を得た上で速やかに法案を提出し、国民の皆様に負担軽減の効果をできる限り早く実感いただけるようにしたい」

高市総理は食料品の消費税減税についてこのように話し、現在も議論が続く国民会議の実務者会議での早期のとりまとめに期待感を示しました。

また、内閣改造や自民党役員人事をおこなうのかについて「現時点で申し上げることはない」としたほか、国民民主党を連立の枠組みに加えるのかについては「相手の意向もあり、コメントをすることは控える」と述べるにとどめました。
TBSテレビ",[],[]
【速報】高市総理「自民党の政権公約および連立政権合意書の実現に向けて邁進する」　定数削減法案めぐり（TBS NEWS DIG Powered by JNN）,https://news.yahoo.co.jp/articles/bed30d64c3232a3e3b92db873bb837f1c644214f,https://newsatcl-pctr.c.yimg.jp/t/amd-img/20260727-07317657-jnn-000-1-view.jpg?exp=10800,2026-07-27T19:08:04+09:00,2026-07-27T19:08:04+09:00,TBS NEWS DIG Powered by JNN,jnn,TBS NEWS DIG Powered by JNN,359,"TBS NEWS DIG Powered by JNN
特別国会の閉会を受けた記者会見で、高市総理は成立を見送った定数削減法案をめぐり、「自民党の政権公約および連立政権合意書の実現に向けて、邁進する」と強調しました。

高市総理は特別国会で成立を見送った定数削減法案について、「議員立法なので内閣総理大臣の立場からはコメントを控えなければならない」としたうえで、「自民党の政権公約および連立政権合意書の実現に向けて、邁進する」と強調しました。

高市総理
「定数削減法案についても、さきの選挙における自民党の政権公約に掲げられております。いずれにしましても、さきの衆議院議員選挙で国民の皆様から賜ったご信任も踏まえて、自民党の政権公約および連立政権合意書の実現に向けて、邁進してまいるつもりでございます」
TBSテレビ",[],[]
【速報】高市総理　政治の安定に向けて「必要な対応というものは常に考えている」　国民民主党の連立政権入りについて問われ（TBS NEWS DIG Powered by JNN）,https://news.yahoo.co.jp/articles/fea189be484a20e0dce67d5164b1fdbbcb412ae8,https://newsatcl-pctr.c.yimg.jp/t/amd-img/20260727-07317654-jnn-000-1-view.jpg?exp=10800,2026-07-27T19:05:46+09:00,2026-07-27T19:05:46+09:00,TBS NEWS DIG Powered by JNN,jnn,TBS NEWS DIG Powered by JNN,306,"TBS NEWS DIG Powered by JNN
国会の閉会を受けた記者会見で、高市総理は政治の安定に向けて「必要な対応というものは常に考えている」と述べました。

高市総理は記者団から「秋の国会までに内閣改造や自民党の役員人事を行う予定はあるか」と問われたのに対し、「現時点で私から申し上げることはない」と述べるにとどめました。

また、国民民主党の連立政権入りについては「相手方のご意向もあることであり、私からコメントをすることは控えたい」としたうえで、「政治の安定なくして、力強い経済政策も外交・安全保障も推進していくことはできない。そのために必要な対応は常に考えている」と述べました。
TBSテレビ",[],[]
「ショックです」…東野圭吾さん（68）大腸がんで死去 　ミステリー作家として数々のヒット作　8月にも刊行予定（TBS NEWS DIG Powered by JNN）,https://news.yahoo.co.jp/articles/39e2551d411f310cb50e644314bc5ee4bfce343b,https://newsatcl-pctr.c.yimg.jp/t/amd-img/20260727-07317625-jnn-000-5-thumb.jpg?exp=10800,2026-07-27T19:02:33+09:00,2026-07-27T19:48:09+09:00,TBS NEWS DIG Powered by JNN,jnn,TBS NEWS DIG Powered by JNN,777,"TBS NEWS DIG Powered by JNN
作家の東野圭吾さんが亡くなりました。68歳でした。

作家の東野圭吾さんが今月23日未明、大腸がんのため亡くなりました。
【写真で見る】「これからもいい小説を」将来の自分について語る東野圭吾さん（当時61歳）
エンジニアとして働きながら1985年、『放課後』でデビューした東野さん。ミステリー作家として数々のヒット作を生み出しました。

「ショックですね。こんな良い作家さん、これからもう出てこないんじゃないですかね」

1999年に初めて直木賞にノミネートされてから、2006年、ようやく『容疑者Xの献身』で直木賞を受賞。

東野圭吾さん（2006年）
「正直、強がりでなく、すごく楽しい7年でした。落ちるたびに、やけ酒飲んで、皆で選考委員の悪口を言って。やっぱり、きょうは勝ててよかった。僕は昔、すごく本嫌いな少年だったので、いつも思っているのは、あのときの本嫌いな自分でも、おもしろく読めるような小説にしたいというのは、いつも思っているところです」

7年前、61歳だった東野さんは将来の自分について、こう語っていました。

東野圭吾さん（2019年）
「来年の今頃とか、10年後とか、きょうの日を振り返ったときに『若かったな』と思うに違いない。あしたからの未来を含めた人生の中で一番若いのがきょうです。きょうが一番、これから人生の中で可能性があるんだからと思って、これからもいい小説を、自分でいい小説って言ったらしょうがないですね」

著作は41の国と地域で出版されていて、中国のSNSでも東野さんを追悼するコメントが。

中国のSNSより
「亡くなったのは早すぎるよ。あともう20年書いてくれないか」

今年、8月5日にも『永遠の記憶』の刊行が予定されているということです。
TBSテレビ",[],[]
【7月28日 関東の天気】きょうより広がる雷エリア（TBS NEWS DIG Powered by JNN）,https://news.yahoo.co.jp/articles/72401f8107102855e62b273fde388ef3c437d17f,https://newsatcl-pctr.c.yimg.jp/t/amd-img/20260727-07317585-jnn-000-2-thumb.jpg?exp=10800,2026-07-27T19:01:20+09:00,2026-07-27T19:03:54+09:00,TBS NEWS DIG Powered by JNN,jnn,TBS NEWS DIG Powered by JNN,142,"TBS NEWS DIG Powered by JNN
7月28日の関東の天気を山形純菜キャスター、坂口愛美気象予報士がお伝えします。

・関東　きょうも局地的雷雨が発生中
・旬がスタート　梨の収穫始まる
・きょうよりあす 雷雨エリア広がる
・あす外出の際は雨具を持って
TBSテレビ",[],[]
あす28日も大気不安定　関東や東海では夕方以降に雨脚強まり雷雨となるところも　西日本は暑さ続く予想も天気急変に注意（TBS NEWS DIG Powered by JNN）,https://news.yahoo.co.jp/articles/d6506c13c7044a59ad51305fa8c863cf013606eb,https://newsatcl-pctr.c.yimg.jp/t/amd-img/20260727-22829935-jnn-000-1-thumb.jpg?exp=10800,2026-07-27T18:49:13+09:00,2026-07-27T18:49:13+09:00,TBS NEWS DIG Powered by JNN,jnn,TBS NEWS DIG Powered by JNN,743,"TBS NEWS DIG Powered by JNN
■東日本を中心に雨

あす（火）も引き続き、西日本は高気圧に覆われて晴れるでしょう。午後からの天気急変にはお気をつけください。
【CGで見る】西日本は猛暑続き、東京は金曜から猛暑復活　全国の週間天気予報
一方、東日本や東北は、高気圧と高気圧に挟まれて気圧が低くなる予想で、湿った空気の通り道となり、大気の状態が不安定となります。関東や東海では朝の時点で雨の降るところがありますが、一旦止みそうです。ただ、夕方以降再び雨が降り、雨脚が強まって雷雨となるところがありそうです。北陸や東北南部は朝から1日雨で、雷を伴った激しい雨の降るところがあるでしょう。

■あすも西日本を中心に危険な暑さ

あすの各地の予想最高気温は、
札幌　:26℃　釧路:23℃
青森　:27℃　盛岡:27℃
仙台　:27℃　新潟:30℃
長野　:31℃　金沢:32℃
名古屋:35℃　東京:30℃
大阪　:36℃　岡山:37℃
広島　:37℃　松江:32℃
高知　:36℃　福岡:36℃
鹿児島:36℃　那覇:34℃

きょう（月）は、大分県の日田で40℃以上の酷暑日となり、九州では観測史上初めて40℃以上となりました。あすも西日本を中心に危険な暑さが続くため、熱中症に警戒が必要です。

■西日本は暑さ続く 東京は金曜日から猛暑復活

西日本はこの先も晴れて、35℃以上の猛暑日が続くでしょう。午後からの天気急変にお気をつけください。東日本はしばらく猛暑日からは解放されますが、金曜日からは猛暑日が復活するでしょう。東北や北陸は、金曜日にかけてくもりや雨となり、木曜日は大雨となるおそれもあります。
TBS NEWS DIG Powered by JNN",[],[]
音声データ「改ざんの痕跡なし」告発の吉松議員が公表　福岡県議会の現金授受疑惑 さらに元副議長が「500万円渡した」初証言も（TBS NEWS DIG Powered by JNN）,https://news.yahoo.co.jp/articles/934423468d3309243f28d9dc34f8fe80f4f9e610,https://newsatcl-pctr.c.yimg.jp/t/amd-img/20260727-07317629-jnn-000-5-thumb.jpg?exp=10800,2026-07-27T18:38:35+09:00,2026-07-27T20:14:55+09:00,TBS NEWS DIG Powered by JNN,jnn,TBS NEWS DIG Powered by JNN,1110,"TBS NEWS DIG Powered by JNN
福岡県議会の議長ポストをめぐる現金授受疑惑。告発した元議長が証拠となる音声データの鑑定結果を公表しました。さらに、元副議長が自分も現金500万円などを渡したとカメラの前で初めて証言しました。

福岡県議会　吉松源昭 議員
「今回の鑑定の結果、あえてカツアゲという言葉で表現した私の告発が正しいことが証明されたことになります」

議長就任をめぐり、福岡県議会の吉松源昭議員が総額2000万円にのぼる「カツアゲ」の証拠として公表していた音声データ。

「あした、松本会長が荷物を預かります。これ責任持って、それちゃんと立ち会いますから。ちょっとね、大金やけんね。管理しとかんと」

これに対し、金銭のやりとりをしたとされる当時の自民党県議団の幹事長・中尾正幸前副議長は「改ざん」の可能性があると主張していました。

福岡県議会 前副議長　中尾正幸氏
「信ぴょう性に乏しいと思っています。私は疑っています。いろんな人に聞いたら、ボイスレコーダー自体もiPhoneだと思いますけど、そのへんも改ざんできると」

これを受けて吉松議員が専門機関に依頼し、きょう公表された音声鑑定の結果では…

福岡県議会　吉松源昭 議員
「音声データに編集・改ざんが加えられた痕跡は無く、中尾元副議長本人としか考えられないという結果。『録音データは本物だが、金銭の授受は無かった』『感覚的に信じられない』とする中尾元副議長の言い分は、合理性を著しく欠いていると言わざるを得ません」

中尾氏は先週、議員を辞職しましたが、金銭授受については否定したままです。

福岡県議会 前副議長　中尾正幸氏
「何度も申し上げますが、私はお金を受け取っておりません。事実無根であります。金銭の授受は絶対にありません」

こうした中尾氏の主張に対し、きょう、カメラの前で反論したのが副議長経験のある江藤秀之議員です。

福岡県議会　江藤秀之 議員
「中尾幹事長（当時）の方にお渡ししました。茶色の封筒に入れて500万円お渡ししております」

江藤議員は現在も自民党県議団に所属していて、「日本で一番だめな県議会と言われるのを変えていかないといけない」と訴えます。

福岡県議会　江藤秀之 議員
「お金のために議長、副議長になれないのを、ここで一回切っていただきたい。若い人たちが本当に仕事ができる県議会・自民党県議団になってほしい」

県議会のドン・蔵内議長らが否定する日本弁護士連合会のガイドラインに基づく第三者委員会について、自民党県議団では若手を中心に設置を求める声も上がり始めています。
TBSテレビ",[],[]
【速報】高市総理「国会が終わっても、公約実現への歩みを加速していかねばならない」（TBS NEWS DIG Powered by JNN）,https://news.yahoo.co.jp/articles/be8e5bd648bdc51d95a5f23534d5ed5a8cd341b9,https://newsatcl-pctr.c.yimg.jp/t/amd-img/20260727-07317650-jnn-000-1-view.jpg?exp=10800,2026-07-27T18:33:53+09:00,2026-07-27T18:33:53+09:00,TBS NEWS DIG Powered by JNN,jnn,TBS NEWS DIG Powered by JNN,330,"TBS NEWS DIG Powered by JNN
国会の閉会を受けた記者会見で、高市総理は、さきの衆院選で掲げた公約の実現を加速すると重ねて強調しました。

高市総理
「約束したことは実現するために全力を尽くす。その当たり前のことすらできない、そんな政治では国民の皆様の信頼は一瞬にして失われてしまいます。この国会でも、選挙で国民の皆様にお約束した政権公約の実現に全力を尽くしてきました。そして、国会が終わってもなお、公約実現への歩みを止めることはありません。いや、むしろ、その歩みを加速していかねばならない。そう決意しています」

高市総理はこのように述べたうえで、「公約実現への私の思いは、決して揺らぐことはない」と重ねて強調しました。
TBSテレビ",[],[]
日銀　今週決定会合　政策金利は据え置きの公算大　利上げ影響見極め（TBS NEWS DIG Powered by JNN）,https://news.yahoo.co.jp/articles/6aadd31dff3a809611b1dcfe391032b43b5546d3,https://newsatcl-pctr.c.yimg.jp/t/amd-img/20260727-07317635-jnn-000-2-view.jpg?exp=10800,2026-07-27T18:29:34+09:00,2026-07-27T18:38:34+09:00,TBS NEWS DIG Powered by JNN,jnn,TBS NEWS DIG Powered by JNN,443,"TBS NEWS DIG Powered by JNN
日本銀行は今週、金融政策決定会合を開きます。先月の利上げの影響を見極めるため、今回は1％の政策金利を据え置く公算が大きくなっています。

日本銀行は、今週30日から31日にかけて当面の金融政策を決める会合を開きます。

日銀は中東情勢の緊迫化から想定以上に物価が上がることを防ぐため、先月の会合で政策金利を1％へ引き上げたばかりです。そのため、今回は利上げの影響を点検し、政策金利は据え置く方向で検討されるとみられます。

しかし、1ドル＝164円に迫る歴史的な円安水準が続いているうえ、中東情勢をめぐる不安も続いています。

日銀内ではインフレの加速を警戒する声も根強く、物価の安定のために利上げ路線は維持する方針です。

また、今回は経済や物価の最新の見通しをまとめます。

緊張が続く中東情勢や円安、AIブームなどを踏まえて、今後の利上げのタイミングやペースなどについてどのような議論が交わされるかが焦点です。
TBSテレビ",[],[]
【速報】高市総理「通年の国債発行額の具体化などで、財政の持続可能性確保する」（TBS NEWS DIG Powered by JNN）,https://news.yahoo.co.jp/articles/972ee905ac18284df090a74a95eab04ef5f39768,https://newsatcl-pctr.c.yimg.jp/t/amd-img/20260727-07317648-jnn-000-1-view.jpg?exp=10800,2026-07-27T18:29:08+09:00,2026-07-27T18:29:08+09:00,TBS NEWS DIG Powered by JNN,jnn,TBS NEWS DIG Powered by JNN,351,"TBS NEWS DIG Powered by JNN
国会の閉会を受けた記者会見で、高市総理は「通年の国債発行額などを具体化することなどで、財政の持続可能性を確保する」と強調しました。

高市総理
「骨太方針から財政健全化という言葉がなくなった。積極財政によって財政規律が失われるのではないか、といったご指摘がありました。重要なことは、財政健全化という言葉が書かれているかどうかではなく、財政の持続可能性をどの指標によって確認し、どのような道筋で実現していくのかを具体的に示すことです」

高市総理はこのように述べたうえで、高市内閣の財政運営目標の中核は「債務残高対GDP比」の安定的低下だとして、「通年の国債発行額などを具体化することなどで財政の持続可能性を確保する」と強調しました。
TBSテレビ",[],[]
無断生成の抑止なるか…「声も権利保護の対象」と明記した指針案を公表…生成AI動画で声優や俳優の声や顔が無断で使用されている問題受けて　法務省検討会（TBS NEWS DIG Powered by JNN）,https://news.yahoo.co.jp/articles/c7a41d3dcff423222489e6ddaf1af0c59485bfbf,https://newsatcl-pctr.c.yimg.jp/t/amd-img/20260727-07317633-jnn-000-2-view.jpg?exp=10800,2026-07-27T18:27:35+09:00,2026-07-27T18:54:33+09:00,TBS NEWS DIG Powered by JNN,jnn,TBS NEWS DIG Powered by JNN,654,"TBS NEWS DIG Powered by JNN
生成AIによって声優の声などが無断で使用されている問題を受けて、民事責任のあり方を議論していた法務省の検討会はきょう（27日）、声が権利保護の対象になることを明記した指針案を公表しました。

生成AIで作成される動画や画像をめぐっては、著名人の声や顔などが無断で使用されるケースが相次いでいます。特に声の権利については直接的に保護する法律がなく、声優などで作る団体は法的な整備を求めています。

こうした問題を解消しようと、法務省は今年4月、専門家らが参加する検討会を設置し、声優らからヒアリングを行って、どのようなケースが権利侵害にあたるかを議論してきました。

検討会がきょう公表した指針案では、声が肖像と同じように「みだりに使用されない権利」や、財産的な価値を守る「パブリシティ権」の保護対象になることを明記しています。

また、指針案は、▼生成AIで声優や歌手の声を無断で使った動画を生成し、SNSで公開して収益を得た場合や、▼特定のキャラクターの声を簡単に生成できることを売りにして、AIモデルを有償で提供した場合には損害賠償などの対象になり得るとしています。

一方、ものまねについては、本人と誤解されない場合には権利侵害にあたらないという考え方を示しました。

指針に法的な拘束力はありませんが、無断生成の抑止や司法判断の参考として活用されることが期待されていて、法務省は完成した指針を来月（8月）上旬にも公表する予定です。
TBSテレビ",[],[]
放水しても再び炎…フランス・ボルドー近郊の“猛烈な”山火事、消火活動の最前線　約4600人の消防士らが活動も、すでに約10万ヘクタール焼失（TBS NEWS DIG Powered by JNN）,https://news.yahoo.co.jp/articles/2da11c507035098be401c75ee9883da1f45c38ab,https://newsatcl-pctr.c.yimg.jp/t/amd-img/20260727-07317582-jnn-000-3-thumb.jpg?exp=10800,2026-07-27T18:25:44+09:00,2026-07-27T19:42:25+09:00,TBS NEWS DIG Powered by JNN,jnn,TBS NEWS DIG Powered by JNN,1224,"TBS NEWS DIG Powered by JNN
フランスの南西部・ボルドー近郊でこれまで猛烈な勢いで広がっていた山火事は、27日、「概ね安定した」と現地当局が発表しています。一方、現場では放水しても再び山林から炎が上がる状況も。消火活動の最前線を取材しました。

フランス南西部・ボルドー近郊で発生した山火事。ジロンド県レージュなど複数の山林で発生していて、ルコルニュ首相はSNSで30件以上の火事が同時に発生し、強風などにより厳しい状況が続いていると明らかにしています。

事態が深刻化するなか、取材班は山火事が起きている現場へと向かいました。

記者
「今、懸命な消火活動が行われている現場です。あの森の奥、見えますでしょうか、かなり炎が上がっているのが見えます」

現場では、消火活動に当たる消防士たちの姿が。

記者
「今、消防士の方々が炎が上がっている現場に次々と向かっていきます。一斉に放水を行うということです」
「先ほど、いったん消火活動が行われ火は収まったように見えたのですが、再度、大きく炎を上げています」

フランス政府は軍用機を投入しているほか、およそ4600人の消防士らが消火活動などに当たっているということですが、すでにおよそ10万ヘクタールが焼失したということです。

消火に当たる消防士
「自然は予測不可能ですし、様々な種類の木が混ざり合い密集しているため、不意を突かれることもあります。このような状況では非常に謙虚でなければならない。本当に危険です」

周辺の町は…

記者
「山火事の現場から20キロほど離れている町に来ました。住民はほぼ全員避難しているということで、店なども全て閉まっている状態です」

避難を余儀なくされた人々のため、ボルドー市内には国が指定した避難所が設けられています。

記者
「支援物資ですね、食料や飲料水が配られています」

その一角には、避難してきた子どもたちが遊べるスペースも。避難してきた人たちは、この避難所だけでこれまでに7000人にのぼり、多くが2日ほど前に火が拡大する危険性が高まり、地元警察から避難を促されたといいます。

この日、未明に避難してきたという中学生は…

避難してきた中学生
「午前1時26分にアラートを受け取りました。まず、隣の町で避難の指示が出ました。（家の近くは）ほとんど酸素がないくらいでした。午後7時から8時くらいには（窓を）全部閉め切って、頭が痛くて息がしづらかったです」

また、生後5か月の子を抱え避難してきたという母親も…

子ども3人と避難した母親
「書類と家の鍵と着の身着のまま出ていくしかなかったのです。ほとんど何も持ってきていません」

地元メディアによりますと、山火事が発生した現場付近で花火を打ち上げるなどの危険行為を行ったとして、男3人が逮捕されていて、検察当局が火災との関連を調べていると伝えています。
TBSテレビ",[],[]
マッチングアプリで知り合った70代男性から約42万円をだまし取った疑いで逮捕の22歳女性を不起訴　東京地検（TBS NEWS DIG Powered by JNN）,https://news.yahoo.co.jp/articles/a0add4d45c420e69abd07870863d6d84f15c19c1,https://newsatcl-pctr.c.yimg.jp/t/amd-img/20260727-07317643-jnn-000-1-view.jpg?exp=10800,2026-07-27T18:22:23+09:00,2026-07-27T18:22:23+09:00,TBS NEWS DIG Powered by JNN,jnn,TBS NEWS DIG Powered by JNN,201,"TBS NEWS DIG Powered by JNN
マッチングアプリで知り合い、恋愛感情を抱かせた70代の男性に「大学院の入学金が必要」などと、うそを言って、およそ42万円をだまし取ったとして警視庁に逮捕された女性（22）について、東京地検はきょう（27日）付で不起訴処分としました。

東京地検は「犯行時や犯行後の状況も含めた関係証拠の内容を踏まえ、不起訴処分とした」としています。
TBSテレビ",[],[]
真っ黒に焼けた集落…フランス・ボルドー近郊の山火事、威力の大きさ物語る現場　一連の火事で消防士2人死亡（TBS NEWS DIG Powered by JNN）,https://news.yahoo.co.jp/articles/aee41d0659c9c230c682301906703193a80ec614,https://newsatcl-pctr.c.yimg.jp/t/amd-img/20260727-07317606-jnn-000-3-thumb.jpg?exp=10800,2026-07-27T18:21:43+09:00,2026-07-27T18:26:12+09:00,TBS NEWS DIG Powered by JNN,jnn,TBS NEWS DIG Powered by JNN,498,"TBS NEWS DIG Powered by JNN
ワインの産地で知られるフランス南西部・ボルドー近郊で起きた山火事。現場から最新情報をお伝えします。

フランス南西部・ボルドー市近郊のラントンという場所に来ています。こちらは真っ黒に焼けた集落です。子ども用の自転車や遊具などが溶け落ち、2階建てだったとみられる住宅の内部は全て焼け落ちています。

ここは2日ほど前に山火事の火が風で煽られ、一気に燃え広がったということです。人的被害はなかったとみられますが、山林の奥では未だに煙が上がっていて、今回の山火事の威力の大きさを物語っています。

山火事は、この近辺を含む多数の場所で発生していて、私たちが取材した消火活動を見ても、煙が一旦収まったように見えても風が吹くと一気にまた炎が縦にも横にも広がる様子が見てとれました。

消防士も命がけで消火にあたっていますが、この一連の火事で実際に消防士が2人死亡しています。

この夏、フランスでは記録的な猛暑が続いたことで森林の木々が極度に乾燥したことも火が燃え広がった原因だとされています。フランス政府も全力で対応に当たっています。
TBSテレビ",[],[]
【速報】高市総理　食料品の消費税減税について「国民会議で結論を得た上で、速やかに法案を提出したい」（TBS NEWS DIG Powered by JNN）,https://news.yahoo.co.jp/articles/48bc3fa07f42c9f71b3dc61faaf36ce327d17adf,https://newsatcl-pctr.c.yimg.jp/t/amd-img/20260727-07317645-jnn-000-3-view.jpg?exp=10800,2026-07-27T18:19:05+09:00,2026-07-27T21:05:54+09:00,TBS NEWS DIG Powered by JNN,jnn,TBS NEWS DIG Powered by JNN,304,"TBS NEWS DIG Powered by JNN
国会の閉会を受けた記者会見で、高市総理は2年間に限った食料品の消費税減税について、「国民会議で結論を得た上で、速やかに法案を提出したい」と述べました。

高市総理
「国民の皆様の生活に関わる重要なテーマであり、意見の隔たりが大きいこともあって、現在も慎重な議論が続いていますが、その結論を得た上で、速やかに法案を提出し、国民の皆様に負担軽減の効果をできる限り早く実感いただけるようにしたいと考えています」

その上で社会保障についても、「給付と負担の改革努力を継続するために、年度内に改革の具体化と工程の明確化を図っていく」と述べました。
TBSテレビ",[],[]
【速報】高市総理　特別国会で「政府提出法案を全て成立させることができた」　成立率100％は戦後4回目（TBS NEWS DIG Powered by JNN）,https://news.yahoo.co.jp/articles/78280e5f8364fe1e12110ca1aea5907bc63e7d21,https://newsatcl-pctr.c.yimg.jp/t/amd-img/20260727-07317640-jnn-000-2-view.jpg?exp=10800,2026-07-27T18:16:55+09:00,2026-07-27T18:45:57+09:00,TBS NEWS DIG Powered by JNN,jnn,TBS NEWS DIG Powered by JNN,168,"TBS NEWS DIG Powered by JNN
国会の閉会を受けた記者会見で、高市総理は「国家情報会議設置法や改正皇室典範を含む、すべての政府提出法案64本を成立させることができた」と述べ、成果を強調しました。

通常国会やそれに準ずる特別国会で、政府提出法案の成立率が100%となるのは戦後4回目ということです。
TBSテレビ",[],[]
【 東野圭吾さん公式X 】出版社7社の担当者 哀悼「ありがとう 東野圭吾さん 106作品」東野さんの訃報を受け　反響続々（TBS NEWS DIG Powered by JNN）,https://news.yahoo.co.jp/articles/8a3f18c92534152f44e4bbdd997639970dd28d4f,https://newsatcl-pctr.c.yimg.jp/t/amd-img/20260727-22829891-jnn-000-1-view.jpg?exp=10800,2026-07-27T18:09:15+09:00,2026-07-27T18:09:15+09:00,TBS NEWS DIG Powered by JNN,jnn,TBS NEWS DIG Powered by JNN,612,"TBS NEWS DIG Powered by JNN
大腸がんのため、7月23日の未明に68歳で亡くなった作家の東野圭吾さん。訃報を受け、出版社7社の担当が運営する、東野圭吾さんの情報発信X（旧Twitter）が更新されました。
【写真を見る】【 東野圭吾さん公式X 】出版社7社の担当者 哀悼「ありがとう 東野圭吾さん 106作品」東野さんの訃報を受け　反響続々
冒頭「皆様へ　作家・東野圭吾さんが、7月23日未明、逝去されました。ここに、謹んで哀悼の意を表し、お知らせ申し上げます。」と、亡くなったことを発表。

続けて、「東野圭吾さんのご著書は1985年9月刊行のデビュー作『放課後』から、2026年8月5日刊行予定の最新刊『永遠の記憶』を含めて106冊（共著をのぞく）を数えます。」と、作品について伝えました。

最後に、「生み出された物語はたくさんの読者を魅了し続けることと思います。これからも、東野さんの小説をお楽しみください。」と、多くのファンらに呼び掛け結びました。

また、共に投稿された画像には「ありがとう　東野圭吾さん 106作品」とメッセージが添えられています。

この投稿に「素晴らしい作品をありがとうございました」「これからも先生の著作を楽しんでいこうと思います」など、多くのコメントが寄せられています。

【担当:芸能情報ステーション】
TBS NEWS DIG Powered by JNN",[],[]
午後6時から高市総理が記者会見　国会の閉会受け、今後の政権運営の方針など説明の予定　予算委では物価高対策など論戦（TBS NEWS DIG Powered by JNN）,https://news.yahoo.co.jp/articles/1690cb11877489b777d845569374c5a6dbcdc890,https://newsatcl-pctr.c.yimg.jp/t/amd-img/20260727-07317612-jnn-000-3-thumb.jpg?exp=10800,2026-07-27T18:02:00+09:00,2026-07-27T18:15:14+09:00,TBS NEWS DIG Powered by JNN,jnn,TBS NEWS DIG Powered by JNN,812,"TBS NEWS DIG Powered by JNN
高市総理は、このあと午後6時から国会の閉会を受けて記者会見をおこない、今後の政権運営の方針などについて説明する予定です。これに先立ち国会では、高市総理と野党が物価高対策などをめぐり論戦を交わしました。

国会は閉会しましたが、先送りされていた高市総理出席の衆議院・予算委員会の集中審議がきょう午前開かれました。

野党側は、報道各社の世論調査で内閣支持率が下落しているのは「物価高対策が後まわしになっている」からだと追及しました。

中道改革連合　階猛 幹事長
「物価高で冷房や食事を控えざるを得ない生活者、あるいはナフサ不足で仕事が回らない勤労者、その暮らしを後回しにしてきた。総理は国会での説明責任より、SNSでの自己アピールに熱心だった。要は国民と国会を軽視、SNSと維新を重視し過ぎたツケが回ってきたんだと」

高市総理は支持率下落について「原因は分からない」と述べた上で、物価高対策についてはこう、反論しました。

高市総理
「『物価高対策に取り組んでいないのではないか』、いや、最優先で取り組んでまいりました。現在G7で最も低いインフレ率、G7で最も高い実質賃金上昇率であるということは申し上げておきます」

また、総理の名前が用いられた暗号資産「SANAE TOKEN」についても問われましたが。

高市総理
「私が承認したものではなく、また私の事務所がサナエトークンという名前の暗号資産が発行されて取引されるということを承認したものでもなく、それを承知していなかったということでございます」

高市総理側が「承認したものではない」と重ねて説明しました。

高市総理はこのあと、総理官邸で記者会見をおこない、今後の政権運営について説明する見通しです。また、消費税の減税や内閣改造・自民党役員人事について踏み込んだ発言があるかも注目されます。
TBSテレビ",[],[]
天皇皇后両陛下　那須での静養終え帰京　静養先で御名御璽記し「改正皇室典範」公布（TBS NEWS DIG Powered by JNN）,https://news.yahoo.co.jp/articles/1298028455c95db9b3ab14ce4dde80d3f0891c46,https://newsatcl-pctr.c.yimg.jp/t/amd-img/20260727-07317624-jnn-000-1-view.jpg?exp=10800,2026-07-27T17:53:41+09:00,2026-07-27T17:53:41+09:00,TBS NEWS DIG Powered by JNN,jnn,TBS NEWS DIG Powered by JNN,406,"TBS NEWS DIG Powered by JNN
天皇皇后両陛下が、栃木県での静養を終え、皇居に戻られました。

両陛下はきょう（27日）午後5時すぎ、皇居・乾門に到着し、車の窓を開けて集まった人に笑顔で手を振られました。

天皇ご一家は今月15日から栃木県那須町で静養していて、愛子さまは勤務などのため、先週末に帰京されていました。

静養初日、ご一家は記者の問いかけに応じ、陛下は「3人そろって今年も那須に来ることができたことをとても嬉しく思ってます」、皇后さまは「本当に自然の豊かさを感じます。今回の滞在もとても楽しみにしております」、愛子さまは「那須ならでは雄大な自然を満喫して貴重な時間を楽しむことができたらと思っております」と話されていました。

また、那須滞在中に国会で改正皇室典範が成立したことから、陛下が署名と印にあたる御名御璽を静養先で記され、公布に至ったということです。
TBSテレビ",[],[]
再審無罪の「松橋事件」めぐる国賠訴訟　国に加え、熊本県の責任も認める原告“全面勝訴”の判決　福岡高裁（TBS NEWS DIG Powered by JNN）,https://news.yahoo.co.jp/articles/f940bbeb78e35709c684196ecdc2ad7a12ee3732,https://newsatcl-pctr.c.yimg.jp/t/amd-img/20260727-07317604-jnn-000-2-thumb.jpg?exp=10800,2026-07-27T17:30:17+09:00,2026-07-27T17:32:27+09:00,TBS NEWS DIG Powered by JNN,jnn,TBS NEWS DIG Powered by JNN,548,"TBS NEWS DIG Powered by JNN
熊本県で起きた冤罪事件、いわゆる「松橋事件」をめぐり、殺人罪に問われ、その後の裁判のやり直しで無罪となった男性の遺族が損害賠償を求めている裁判の控訴審。福岡高等裁判所は国に加え、県の責任も認める原告全面勝訴の判決を言い渡しました。

松橋事件は1985年、熊本県の旧松橋町、現在の宇城市で男性が殺害され、殺人罪に問われた宮田浩喜さんが「自白は強要された」として無実を主張しましたが、懲役13年の判決が確定し、服役したものです。

しかし、その後の再審＝裁判のやり直しで宮田さんは2019年に無罪となりました。

判決が確定した後、宮田さん側は裁判を起こし、警察による長時間の取り調べや検察が宮田さんに有利になる証拠の存在を明らかにせずに裁判を進めたことは違法として、国と県に対し損害賠償を求めていました。

一審の熊本地方裁判所は、検察側の対応の違法性は認める一方、警察側については認めず、宮田さん側と国側の双方が控訴していました。

きょうの控訴審判決で福岡高裁は、一審の熊本地裁判決を変更して警察側の責任も認め、国と県が連帯して賠償を命じる判決を言い渡しました。

裁判は宮田さんが亡くなった後、遺族が引き継いでいました。
TBSテレビ",[],[]
中国大使館侵入事件で逮捕の陸上自衛官を起訴　建造物侵入・銃刀法違反・脅迫の罪　東京地検（TBS NEWS DIG Powered by JNN）,https://news.yahoo.co.jp/articles/93481fabfaf0a3c5c0878983cfe47744ff649869,https://newsatcl-pctr.c.yimg.jp/t/amd-img/20260727-07317622-jnn-000-1-view.jpg?exp=10800,2026-07-27T17:25:52+09:00,2026-07-27T17:25:52+09:00,TBS NEWS DIG Powered by JNN,jnn,TBS NEWS DIG Powered by JNN,363,"TBS NEWS DIG Powered by JNN
今年3月、中国大使館に侵入したとして陸上自衛官の3等陸尉の男が逮捕された事件で、東京地検はきょう（27日）、男を建造物侵入や銃刀法違反などの罪で起訴しました。

起訴されたのは、陸上自衛隊の3等陸尉・村田晃大被告（24）です。

東京地検によりますと、村田被告は今年3月24日、東京・港区の中国大使館に刃物を持ちながら侵入したほか、大使館職員に「日本国の愛国者が日本の神に代わってあなた方を誅殺するでしょう」などと言って脅迫した罪に問われています。

東京地検は4月17日から7月21日まで、村田被告の刑事責任能力を調べるため鑑定留置を行っていて、鑑定の結果、刑事責任が問えると判断したものとみられます。

東京地検は村田被告の認否を明らかにしていません。
TBSテレビ",[],[]
米シアトルで銃撃事件　3人が死亡　2歳児含む4人がけが（TBS NEWS DIG Powered by JNN）,https://news.yahoo.co.jp/articles/2e31fe06d0ef1d307bfd7af75a4b4981b10cab8f,https://newsatcl-pctr.c.yimg.jp/t/amd-img/20260727-07317615-jnn-000-2-view.jpg?exp=10800,2026-07-27T17:05:20+09:00,2026-07-27T17:09:23+09:00,TBS NEWS DIG Powered by JNN,jnn,TBS NEWS DIG Powered by JNN,340,"TBS NEWS DIG Powered by JNN
アメリカ西部ワシントン州で銃撃事件があり、3人が死亡、2歳の男児を含む4人がけがをしました。

地元警察によりますと、26日午後6時ごろ、西部ワシントン州シアトルのイベント会場で銃撃事件がありました。この事件で3人の死亡が確認されたほか、2歳の男児を含む4人がけがをしたということです。

当時、現場では2人が銃で撃ちあっていたということで、被害者は巻き込まれたものとみられます。

警察はそのうち1人を拘束していますが、もう1人は逃走中だということで、行方を追うとともに動機や経緯などを詳しく調べています。

現場は観光地として知られるスペース・ニードルの周辺で、当時は多くの人でにぎわっていたという事です。
TBSテレビ",[],[]
【 小倉優子 】　三男の6歳誕生日を家族でお祝い　リクエストは「くら寿司でガチャガチャ」室内アスレチック満喫ショットも公開（TBS NEWS DIG Powered by JNN）,https://news.yahoo.co.jp/articles/a6c671ced754caaa448b3f12c3b284315567ee21,https://newsatcl-pctr.c.yimg.jp/t/amd-img/20260727-22829598-jnn-000-1-view.jpg?exp=10800,2026-07-27T16:59:13+09:00,2026-07-27T16:59:13+09:00,TBS NEWS DIG Powered by JNN,jnn,TBS NEWS DIG Powered by JNN,985,"TBS NEWS DIG Powered by JNN
タレントの小倉優子さんが公式ブログを更新し、三男が6歳の誕生日を迎えたことや、子どもたちと室内アスレチック施設「トンデミ」を訪れたことを報告しました。
【写真を見る】【 小倉優子 】　三男の6歳誕生日を家族でお祝い　リクエストは「くら寿司でガチャガチャ」室内アスレチック満喫ショットも公開
ブログによると、誕生日前日には友人とともに「ざうお」を訪れてお祝いしたとのことです。店内では「HAPPY BIRTHDAY」のボードを掲げて記念撮影をしたほか、店内のいけすで魚釣りなどを楽しんだ様子が写真とともに紹介されました。

誕生日当日は、三男本人に食べたいものを聞いたところ、「くら寿司に行って、ガチャガチャしたい!」というリクエストがあったといいます。念願のガチャガチャに大喜びだったと伝えており、小倉さんは「三男にとって、笑顔溢れる一年になりますように」とつづりました。

また、同月26日には子どもたちを連れて室内アスレチック施設「トンデミ」を訪れたことも報告。17時からのスタートだったため空いていたといい、「久しぶりに子ども達がおもいっきり身体を動かせました!!」と記しました。

特に次男がトンデミを気に入っており、「また直ぐに行こうね」と呼びかけています。施設内では、ヘルメットとハーネスを着けてクライミングウォールに挑戦する子どもたちの姿も収められていました。

トンデミのあとは家族でファミリーレストラン「ジョナサン」へ。小倉さん自身はネギ塩ハンバーグ御膳を選んだほか、「可愛いソフトドリンクも」と、ミントとレモンを添えた柑橘系のドリンクの写真も掲載。「ハンバーグ×ネギ塩って美味しい♪ 今度やってみます」と綴っています。

この投稿に、「もう6歳?早いね 笑顔たくさん楽しい1年になりますように」「大好きなざうおやくら寿司のガチャガチャも出来て良かったね」「男の子はアスレチック大好きですよね〜 しっかり身体を動かして、健康に元気に育ってね」「まだ幼いお子さんと密着して過ごせる時間大切になさってくださいね!」「トンデミで思いっきり遊んだあとのご飯、より美味しく感じると思います」などの声が寄せられています。
【担当:芸能情報ステーション】
TBS NEWS DIG Powered by JNN",[],[]
「児童・生徒を火災から守る」都内教職員らが「救助袋」での降下など実践的な消防訓練　北区の小学校火災を受け　東京消防庁（TBS NEWS DIG Powered by JNN）,https://news.yahoo.co.jp/articles/eb64b99ad4271808dd587fdab931a32b6afe49ed,https://newsatcl-pctr.c.yimg.jp/t/amd-img/20260727-07317599-jnn-000-3-thumb.jpg?exp=10800,2026-07-27T16:54:44+09:00,2026-07-27T17:05:21+09:00,TBS NEWS DIG Powered by JNN,jnn,TBS NEWS DIG Powered by JNN,468,"TBS NEWS DIG Powered by JNN
先月、東京・北区の小学校で起きた火災を受け、東京消防庁はきょう、都内の小中学校の教職員を対象に、地上に滑り降りるための「救助袋を使った」訓練を行いました。

先月、北区の小学校で児童ら11人が重軽傷を負った火災では、地上に滑り降りるための「救助袋」が活用されないなど、教職員の対応が課題となりました。

これを受け、東京消防庁と豊島区の教育委員会は区内の小学校で教職員を対象とした訓練を行いました。

教職員らはこれまで訓練をしたことがなかった「救助袋」を使い、3階から1階へ避難しました。

救助袋を体験した教員
「降り始めは怖さがあるので『大丈夫だよ』と声かけがあると、（児童らが）安心するなと感じた」

また、墨田区では小中学校の教職員らを対象とした講習会が行われ、参加者は消火栓の使い方や、煙が出ている場合は低い姿勢で避難することなどを学びました。

東京消防庁は「学校設備を正しく理解して、児童・生徒を火災から守る体制を強化してほしい」と呼びかけています。
TBSテレビ",[],[]
「さらなる行動を起こしたい」23日死亡「日本赤軍」メンバー岡本公三容疑者　40年にわたり交流続けた人物が生前の発言を証言　最期まで“テロ”に謝罪・後悔の言葉なく（TBS NEWS DIG Powered by JNN）,https://news.yahoo.co.jp/articles/9a0c8c459196c4efa5cfb6b834b34809225eaab3,https://newsatcl-pctr.c.yimg.jp/t/amd-img/20260727-07317577-jnn-000-3-thumb.jpg?exp=10800,2026-07-27T16:53:01+09:00,2026-07-27T18:29:38+09:00,TBS NEWS DIG Powered by JNN,jnn,TBS NEWS DIG Powered by JNN,1186,"TBS NEWS DIG Powered by JNN
1970年代に歴史的な銃乱射事件を起こした「日本赤軍」のメンバー・岡本公三容疑者。生前、謝罪の意を示すことなく、「さらなる行動を起こしたい」と語っていたと長年交流していた人物が証言しました。
【ベイルート郊外で埋葬】岡本容疑者の墓　パレスチナ人戦闘員らが埋葬されている墓地【写真で見る】
記者
「ベイルート郊外にある墓地です。ここにはイスラエル軍との戦闘で死亡したパレスチナ人の戦闘員などが埋葬されています。その一角に岡本容疑者の墓があります」

78歳で死亡した国際テロ組織「日本赤軍」のメンバー・岡本公三容疑者。この容疑者が起こしたのが、1972年のロッド空港事件です。イスラエルの空港で仲間2人と銃を乱射し、100人が死傷しました。

岡本容疑者はイスラエルで終身刑となりましたが、1985年に捕虜交換の一環で釈放され、その後、レバノンで亡命生活を送っていました。

事件の容疑者である一方、イスラエルと敵対するパレスチナ側には英雄視されています。

私たちは今回、岡本容疑者をよく知る人物に接触することができました。

パレスチナ解放人民戦線　アブ・ユセフ氏
「安全上の理由から、彼は人間らしい生活を送ることができませんでした。私たちは、岡本公三を失わないよう、あらゆる予防措置を取る必要がありました」

2000年代に入ってからはレバノン国内で頻繁に居場所を変えながら生活を続けました。もともと患っていた病気が4、5年前から悪化して、今月上旬に緊急入院し、23日に死亡したということです。

岡本容疑者は、ロッド空港事件をどのように受け止めていたのか。40年にわたり交流を続けてきたバデル・ニメル氏は、こう証言します。

パレスチナ解放人民戦線総司令部 幹部　バデル・ニメル氏
「彼は、あの事件を自らの闘争人生の出発点、原点だと考えていました」

岡本容疑者は最期まで事件について、謝罪や後悔の言葉を口にすることは一切なかったといいます。また、2023年のイスラム組織ハマスによるイスラエルへの奇襲攻撃などを含め、イスラエルに対する作戦のニュースに触れるたびに喜んでいたということです。

パレスチナ解放人民戦線総司令部 幹部　バデル・ニメル氏
「できることがあるなら、さらなる行動を起こしたいと常に話していました。大義であり、闘いは継続しなければならないと強く主張していました」

しかし、岡本容疑者の正当化し続けた行動は、事件から半世紀あまりたった今も遺族らの心に傷を残したままです。

ロッド空港事件で母親を失った女性（イスラエルメディア） 
「彼は多くの人々の人生を破壊し、私の母を奪った。私はすべてを失いました」

岡本容疑者を含む「日本赤軍」メンバー7人は、現在も国際手配中です。
TBSテレビ",[],[]
京急電鉄　京急川崎駅～神奈川新町駅間の上下線で運転見合わせ　京急新子安駅のホームで人身事故の影響　運転再開は午後5時半ごろの見込み（TBS NEWS DIG Powered by JNN）,https://news.yahoo.co.jp/articles/a2d2374ec04e5fe44bc855e0dc99041ca9282865,https://newsatcl-pctr.c.yimg.jp/t/amd-img/20260727-07317609-jnn-000-1-view.jpg?exp=10800,2026-07-27T16:52:19+09:00,2026-07-27T16:52:19+09:00,TBS NEWS DIG Powered by JNN,jnn,TBS NEWS DIG Powered by JNN,147,"TBS NEWS DIG Powered by JNN
京浜急行電鉄によりますと、京浜電鉄は、午後3時半すぎに京急新子安駅のホームで発生した人身事故の影響で、京急川崎駅と神奈川新町駅の間の上下線で運転を見合わせています。

運転再開は、午後5時半ごろを見込んでいるということです。
TBSテレビ",[],[]
速度違反取り締まる“移動式オービス”盗んだか　配送業の男（58）逮捕　埼玉・加須市の国道　オービスは900万円で警察が購入　現在も見つからず（TBS NEWS DIG Powered by JNN）,https://news.yahoo.co.jp/articles/35e9b3b132b7f3889e92af3ca000f7383a90e180,https://newsatcl-pctr.c.yimg.jp/t/amd-img/20260727-07317581-jnn-000-6-thumb.jpg?exp=10800,2026-07-27T16:51:49+09:00,2026-07-27T17:16:08+09:00,TBS NEWS DIG Powered by JNN,jnn,TBS NEWS DIG Powered by JNN,444,"TBS NEWS DIG Powered by JNN
埼玉県加須市で、速度違反を取り締まる「移動式オービス」を盗んだとして男が逮捕されました。

配送業の倉本浩司容疑者（58）は先月、加須市の国道で速度違反の車を取り締まる「移動式オービス」を盗んだ疑いがもたれています。

警察によりますと、現場近くの防犯カメラに、倉本容疑者名義の車がオービスの前を通り過ぎたあと、戻ってくるのが写っていたということです。

警察は、倉本容疑者が速度超過の発覚を免れようとして盗んだ可能性もあるとみていますが、倉本容疑者は任意の調べに対し、「走行中にオービスが光ったことに気づき、確認に戻った」と話し、容疑を否認しています。

当時、警察官2人が現場から少し離れた場所に停めたパトカーの車内で、記録されたデータを確認するなどしていましたが、犯行後、20分から30分の間、盗まれたことに気付かなかったということです。

オービスは900万円で警察が購入したもので、現在も見つかっていません。
TBSテレビ",[],[]
【鷲見玲奈】髪の毛「バサッと」カットを報告　「伸ばしたいけど切りたい!不思議ね」（TBS NEWS DIG Powered by JNN）,https://news.yahoo.co.jp/articles/67289a335846d5b91653d4df751578427a9a137c,https://newsatcl-pctr.c.yimg.jp/t/amd-img/20260727-22829514-jnn-000-1-view.jpg?exp=10800,2026-07-27T16:50:26+09:00,2026-07-27T16:50:26+09:00,TBS NEWS DIG Powered by JNN,jnn,TBS NEWS DIG Powered by JNN,387,"TBS NEWS DIG Powered by JNN
27日、フリーアナウンサーの鷲見玲奈さんが、自身のインスタグラムを更新。髪の毛を切ったことを報告しました。
【写真を見る】【鷲見玲奈】髪の毛「バサッと」カットを報告　「伸ばしたいけど切りたい!不思議ね」
鷲見さんは、「夏だぁーーーーーー!!」と投稿。続けて、「髪の毛をまたバサッと切りました」と、自身の写真と共に髪を切ったことを報告しました。

さらに、「髪を洗うのも乾かすのもセットも、本当に楽になった!最高」と、髪の毛を切ったことによる利点を記載。「長いのは長いので好きなんですけどねー!」と、ショートヘアもロングヘアもどちらも好みだということを明かしつつ、「伸ばしたいけど切りたい!不思議ね」と自身の気持ちを語っています。

【担当:芸能情報ステーション】
TBS NEWS DIG Powered by JNN",[],[]
群馬・富岡市の放課後児童クラブで女子小学生に暴行の70歳女性を不起訴処分に　前橋地検（TBS NEWS DIG Powered by JNN）,https://news.yahoo.co.jp/articles/843b148a67e5c9804f44371e12062a394cc8e27c,https://newsatcl-pctr.c.yimg.jp/t/amd-img/default.jpg?exp=10800,2026-07-27T16:49:44+09:00,2026-07-27T16:49:44+09:00,TBS NEWS DIG Powered by JNN,jnn,TBS NEWS DIG Powered by JNN,105,"群馬県富岡市の放課後児童クラブで、小学生の女子児童の髪の毛を足で踏みつけるなどして、けがをさせたとして、今月6日に逮捕された70歳の女性について、前橋地検はきょう（27日）付で起訴猶予としました。
TBSテレビ",[],[]
「信じられない」「早すぎる」東野圭吾さん死去 中国SNSで追悼コメント相次ぐ 中国国営メディア速報（TBS NEWS DIG Powered by JNN）,https://news.yahoo.co.jp/articles/0ae7d2d6cad6521a524d07797eb8521e61c74a83,https://newsatcl-pctr.c.yimg.jp/t/amd-img/20260727-07317607-jnn-000-7-view.jpg?exp=10800,2026-07-27T16:41:42+09:00,2026-07-27T18:33:49+09:00,TBS NEWS DIG Powered by JNN,jnn,TBS NEWS DIG Powered by JNN,419,"TBS NEWS DIG Powered by JNN
東野圭吾さんが亡くなったニュースは、中国でも速報で伝えられました。中国のSNSでは、東野さんを追悼するコメントが相次いでいます。
【講談社HPより】東野圭吾さん　ご逝去のお知らせ【写真で見る】
中国国営の中央テレビは、東野圭吾さんが大腸がんのため68歳で死去したと速報しました。

「東野さんは、直木賞受賞作『容疑者Xの献身』や、映像化され国内外で広く人気を博した『白夜行』など、数多くのべストセラー小説で知られている」と伝えています。

中国のSNS「ウェイボ」では、「東野圭吾さん死去」が検索ランキングの1位に浮上しました。

ウェイボのコメント
「何回も名前を確認した。信じられない」
「亡くなったのは早すぎるよ、あともう20年書いてくれないか」

SNSのコメント欄には、東野さんを追悼するコメントが相次いで寄せられるなど、中国でも大きな注目が集まっています。
TBSテレビ",[],[]
【 訃報 】作家・東野圭吾さん死去（68）大腸がんのため　「容疑者Xの献身」「白夜行」等 多くのベストセラー（講談社 発表）（TBS NEWS DIG Powered by JNN）,https://news.yahoo.co.jp/articles/1838829ddcfd376500fc5e49b2859131ad62cd9c,https://newsatcl-pctr.c.yimg.jp/t/amd-img/20260727-22829558-jnn-000-5-thumb.jpg?exp=10800,2026-07-27T16:40:25+09:00,2026-07-27T17:49:13+09:00,TBS NEWS DIG Powered by JNN,jnn,TBS NEWS DIG Powered by JNN,2851,"TBS NEWS DIG Powered by JNN
2023年に紫綬褒章を受章、直木賞受賞作「容疑者Xの献身」や「白夜行」など、多くのベストセラー小説を生み出した作家の東野圭吾さんが、7月23日の未明に大腸がんのため亡くなったことが分かりました。68歳でした。葬儀は家族葬にて執り行われたということです。
【写真を見る】【 訃報 】作家・東野圭吾さん死去（68）大腸がんのため　「容疑者Xの献身」「白夜行」等 多くのベストセラー（講談社 発表）
今後のお別れの会実施等の詳細は、決まっていないということです。

＜東野圭吾氏・プロフィール（講談社発表）＞
1958 年 2 月 4 日、大阪府生まれ。
大阪府立大学電気工学科卒業。エンジニアとして勤務しながら、
1985 年『放課後』で第 31 回江戸川乱歩賞を受賞し、デビュー。
1999 年『秘密』で第 52 回 日本推理作家協会賞
2006 年『容疑者 x の献身』で第 134 回直木賞、第 6 回本格ミステリ大賞
2012 年『ナミヤ雑貨店の奇蹟』で第 7 回中央公論文芸賞
2013 年『夢幻花』で第 26 回柴田錬三郎賞
2014 年『祈りの幕が下りる時』で第 48 回吉川英治文学賞
2019 年 第 1 回野間出版文化賞
2023 年 第 71 回菊地寛賞
2024 年 日本ミステリー文学大賞を受賞

また、2023 年には紫綬褒章を受章。
2009 年から 2013 年には日本推理作家協会の理事長も務めた。
2023 年には著作が 100 冊に到達し、同時期に国内累計発行部数 1 億部突破も達成。現在の国内発行部数はおよそ 1 億 900 万部。著作は 41 の国と地域で出版されている。2012 年には『容疑者 xの献身』（英題:『The Devotion of Suspect x』）が米ミステリー作家協会主催の「エドガー賞」最優秀小説候補 5 作品に選出、2019 年には『新参者』（英題:『Newcomer』）が英国推理作家協（CWA）主催の「インターナショナル・ダガー賞」にノミネート。国際的に権威のある「エドガー賞」と「ダガー賞」の二つの賞にノミネートされた最初の日本人となった。また国内、国外問わず映画、ドラマ、舞台を含めたメディア展開も多数。
日本を代表するミステリ作家である。現在の著作数は 106 冊（共著をのぞく）。

＜東野圭吾全著作一覧＞
1985 年
『放課後』第 31 回江戸川乱歩賞受賞、デビュー。
1986 年
『卒業』
『白馬山荘殺人事件』

1987 年
『学生街の殺人』
『11 文字の殺人』

1988 年
『魔球』
『ウインクで乾杯』（『香子の夢—コンパニオン殺人事件』より改題）
『浪花少年探偵団』

1989 年
『十字屋敷のピエロ』
『眠りの森』
『鳥人計画』
『殺人現場は雲の上』
『ブルータスの心臓』

1990 年
『探偵倶楽部』（『依頼人の娘』より改題）
『宿命』
『犯人のいない殺人の夜』
『仮面山荘殺人事件』

1991 年
『変身』
『回廊亭殺人事件』（『回廊亭の殺人』より改題）
『天使の耳』（『交通警察の夜』より改題）

1992 年
『ある閉ざされた雪の山荘で』
『美しき凶器』

1993 年
『同級生』
『分身』
『しのぶセンセにサヨナラ』（『浪花少年探偵団〈2〉』より改題）

1994 年
『怪しい人びと』
『むかし僕が死んだ家』
『虹を操る少年』

1995 年
『パラレルワールド・ラブストーリー』
『あの頃ぼくらはアホでした』
『怪笑小説』
『天空の蜂』

1996 年
『名探偵の掟』
『どちらかが彼女を殺した』
『毒笑小説』
『悪意』
『名探偵の呪縛』

1998 年
『探偵ガリレオ』
『秘密』（第 52 回日本推理作家協会賞〈長編部門〉受賞作）

1999 年
『私が彼を殺した』
『白夜行』

2000 年
『嘘をもうひとつだけ』
『予知夢』

2001 年
『片想い』
『超・殺人事件』（『超・殺人事件—推理作家の苦悩』より改題）
『サンタのおばさん』※

2002 年
『レイクサイド』
『時生』（『トキオ』より改題）
『ゲームの名は誘拐』

2003 年
『手紙』
『おれは非情勤』
『殺人の門』

2004 年
『幻夜』
『ちゃれんじ?』
『さまよう刃』

2005 年
『黒笑小説』
『容疑者 x の献身』（第 134 回直木三十五賞、第 6 回本格ミステリ大賞〈小説部門〉受賞作、エド
ガー賞長編賞候補作）
『さいえんす?』

2006 年
『夢はトリノをかけめぐる』
『赤い指』
『使命と魂のリミット』

2007 年
『たぶん最後の御挨拶』
『夜明けの街で』
『ダイイング・アイ』
2008 年
『流星の絆』（第 43 回新風賞受賞作）
『聖女の救済』
『ガリレオの苦悩』

2009 年
『パラドックス 13』
『新参者』（2019 年 CWA インターナショナル・ダガー賞最終候補作）

2010 年
『カッコウの卵は誰のもの』
『プラチナデータ』
『白銀ジャック』

2011 年
『あの頃の誰か』
『麒麟の翼』
『真夏の方程式』
『マスカレード・ホテル』

2012 年
『歪笑小説』
『ナミヤ雑貨店の奇蹟』（第 7 回中央公論文芸賞受賞作）
『虚像の道化師』

2013 年
『夢幻花』（第 26 回柴田錬三郎賞受賞作）
『祈りの幕が下りる時』（第 48 回吉川英治文学賞受賞作）
『疾風ロンド』

2014 年
『虚ろな十字架』
『マスカレード・イブ』

2015 年
『ラプラスの魔女』
『禁断の魔術』
『人魚の眠る家』

2016 年
『危険なビーナス』
『恋のゴンドラ』
『雪煙チェイス』

2017 年
『素敵な日本人』
『マスカレード・ナイト』

2018 年
『魔力の胎動』
『沈黙のパレード』

2019 年
『希望の糸』

2020 年
『クスノキの番人』
『ブラック・ショーマンと名もなき町の殺人』

2021 年
『白鳥とコウモリ』
『透明な螺旋』

2022 年
『マスカレード・ゲーム』

2023 年
『魔女と過ごした七日間』
『あなたが誰かを殺した』

2024 年
『ブラック・ショーマンと覚醒する女たち』
『クスノキの女神』
『架空犯』

2025 年
『少年とクスノキ』※
『マスカレード・ライフ』

2026 年
『永遠の記憶』

※著作一覧には記載しましたが、共著である『サンタのおばさん』と『少年とクスノキ』は著作 106 冊には入れておりません。

※オーディブルオリジナル作品「誰かが私を殺した」は著作一覧には記載しておりません。

△△△ 以上、講談社発表 △△△

【担当:芸能情報ステーション】
TBS NEWS DIG Powered by JNN",[],[]
世界では今も年間約2500万人が「人身取引」に…飛行機や空港を経由した「取引」被害防止を　全日空・日本航空や空港各社などが呼びかけ（TBS NEWS DIG Powered by JNN）,https://news.yahoo.co.jp/articles/4ae4161ddf750d8c1f4365dbf0fa47e7fb21c6f5,https://newsatcl-pctr.c.yimg.jp/t/amd-img/20260727-07317598-jnn-000-1-view.jpg?exp=10800,2026-07-27T16:37:52+09:00,2026-07-27T16:37:52+09:00,TBS NEWS DIG Powered by JNN,jnn,TBS NEWS DIG Powered by JNN,589,"TBS NEWS DIG Powered by JNN
「人身取引反対世界デー」の7月30日を前に、きょう（27日）、飛行機を使った「人身取引」について、航空・空港関連の企業などが東京・羽田空港で被害の防止を訴えました。

国際労働機関の推計によりますと、世界では年間およそ2500万人が、労働や売春を強要されるといった人身取引の被害にあっているとされています。

多くのケースで飛行機が移動に使われることから、7月30日の「人身取引反対世界デー」を前に、きょう（27日）、関係する企業などが羽田空港で被害の防止を訴えました。

ANA　保谷智子 執行役員
「人身取引は身近な人権侵害であり、犯罪でもあります。これを知っていただくことこそが大きな抑止力に繋がります。人身取引への気づきをより一層高めるべく、業界全体で対応力を引き上げてまいります」

去年、成田空港でのデジタルサイネージを使った呼びかけから始まったこの取り組み。今年は、羽田空港や中部国際空港にも呼びかけの範囲を広げ、各社は、空港を訪れた利用客にも、「家族のように見えるけど少し不自然だ、といった違和感があったらスタッフに声をかけてほしい」と呼びかけました。

あす（28日）は初めて、全日空と日本航空の客室乗務員や地上スタッフらが、被害防止のための対応などについて合同で研修を行うということです。
TBSテレビ",[],[]
【 気象予報士・穂川果音 】久しぶりのランニングを報告　「ランニングポーチに日焼け止め入れてるよ〜」 真夏の対策を明かす（TBS NEWS DIG Powered by JNN）,https://news.yahoo.co.jp/articles/2500d59f6ec3109f92a174160ff4f9809027e3dc,https://newsatcl-pctr.c.yimg.jp/t/amd-img/20260727-22829420-jnn-000-1-view.jpg?exp=10800,2026-07-27T16:32:13+09:00,2026-07-27T16:32:13+09:00,TBS NEWS DIG Powered by JNN,jnn,TBS NEWS DIG Powered by JNN,448,"TBS NEWS DIG Powered by JNN
気象予報士の穂川果音さんが7月26日、自身のインスタグラムを更新。
久しぶりのランニングを報告し、この季節ならではの日焼け対策を明かしました。
【写真を見る】【 気象予報士・穂川果音 】久しぶりのランニングを報告　「ランニングポーチに日焼け止め入れてるよ〜」 真夏の対策を明かす
穂川さんは「久しぶりにランニング」と投稿。「ウェアを新しくするとモチベが著しく上がる」とつづっています。

続けて「暑さもだけど、この季節のランニングは日焼け対策に忙しくて笑」と記し、「ランニングポーチに日焼け止め入れてるよ〜」と、持ち歩いているアイテムを明かしました。

この投稿を見た人たちからは「この酷暑ですからラッシュガードは着用されたほうがいいですね」「大人の気品に溢れてステキ」「健康第一」「もしすれ違ったら二度見しちゃう」などといった声が寄せられています。

【担当:芸能情報ステーション】
TBS NEWS DIG Powered by JNN",[],[]
「最優先で取り組んできた」物価高対策や内閣支持率めぐり論戦　高市総理出席　衆議院予算委員会の「集中審議」（TBS NEWS DIG Powered by JNN）,https://news.yahoo.co.jp/articles/74d7b05b9736a45413149e67e3b63e45934a5f3e,https://newsatcl-pctr.c.yimg.jp/t/amd-img/20260727-07317573-jnn-000-3-thumb.jpg?exp=10800,2026-07-27T16:26:53+09:00,2026-07-27T16:42:03+09:00,TBS NEWS DIG Powered by JNN,jnn,TBS NEWS DIG Powered by JNN,511,"TBS NEWS DIG Powered by JNN
国会ではきょう、高市総理が出席し、衆議院予算委員会の集中審議がおこなわれ、物価高対策などをめぐり論戦が交わされました。

中道改革連合　階猛 幹事長
「物価高で冷房や食事を控えざるを得ない生活者、あるいはナフサ不足で仕事が回らない勤労者、その暮らしを後回しにしてきた。（高市総理は）国旗損壊罪法案や比例定数削減法案、副首都法案など、党利党略に基づく議員立法を数の力で拙速に進めてきた」

高市総理
「物価高対策に取り組んでいないのではないか、いや、最優先で取り組んでまいりました。現在G7で最も低いインフレ率、G7で最も高い実質賃金上昇率であるということは申し上げておきます」

きょうの衆議院予算委員会で野党側は、報道各社の内閣支持率の下落は物価高対策を後回しにし、国会を軽視したツケが回ってきたからだと厳しく追及しました。これに対し、高市総理は物価高対策には「最優先で取り組んできた」と反論しました。

また、支持率の下落については「私自身が分析することは困難だ」とした上で、「国民の気持ちとして参考にさせていただいている」と述べるにとどめました。
TBSテレビ",[],[]
作家・東野圭吾さん 今月23日未明に大腸がんのため死去 68歳（TBS NEWS DIG Powered by JNN）,https://news.yahoo.co.jp/articles/e5554e15eb9dd5f71818fa74013c08281c22681a,https://newsatcl-pctr.c.yimg.jp/t/amd-img/20260727-07317603-jnn-000-6-thumb.jpg?exp=10800,2026-07-27T16:22:01+09:00,2026-07-27T16:58:35+09:00,TBS NEWS DIG Powered by JNN,jnn,TBS NEWS DIG Powered by JNN,406,"TBS NEWS DIG Powered by JNN
作家の東野圭吾さん（68）が、今月23日未明に大腸がんのため亡くなったことがわかりました。
【講談社HPより】東野圭吾さん　ご逝去のお知らせ【写真で見る】
講談社によりますと、作家の東野圭吾さんが、今月23日未明に大腸がんのため亡くなったということです。68歳でした。

東野圭吾さんは1985年9月刊行の『放課後』でデビューすると、2006年、『容疑者xの献身』で第134回直木賞を受賞。2023年には紫綬褒章を受章し、その年には著作が100冊に到達しました。

現在の国内発行部数はおよそ1億900万部で、著作は41の国と地域で出版されていて、今年、8月5日には『永遠の記憶』の刊行が予定されているということです。

講談社は、葬儀は家族葬で執り行われたとしていて、今後、お別れの会の実施などの詳細は決まり次第、お知らせするとしています。
TBSテレビ",[],[]
関脇・安青錦「すごく嬉しい」3回目の優勝から一夜明け会見「不安がすごくありました」来場所は大関返り咲き【大相撲】（TBS NEWS DIG Powered by JNN）,https://news.yahoo.co.jp/articles/8165f1c2f534047b7630411381be3b04a6621624,https://newsatcl-pctr.c.yimg.jp/t/amd-img/20260727-22829305-jnn-000-1-view.jpg?exp=10800,2026-07-27T15:57:16+09:00,2026-07-27T15:57:16+09:00,TBS NEWS DIG Powered by JNN,jnn,TBS NEWS DIG Powered by JNN,602,"TBS NEWS DIG Powered by JNN
大相撲名古屋場所で3度目の優勝を飾った関脇・安青錦（22）が一夜明けた27日、安治川部屋の宿舎になっている愛知県日進市の愛知学院大学で会見に臨んだ。

「場所前、師匠と話した通りに10勝ではなく優勝を目指して頑張ろうと常に言われていたので、しっかり千秋楽が終わって、こうやって記者会見できることはすごく嬉しく思ってます」と喜びを口にした。

安青錦はカド番だった先場所に全休し大関から転落した。特例で10勝すれば返り咲きがかなう今場所。千秋楽で12勝3敗で並んだ関脇・熱海富士（23、伊勢ケ浜部屋）と大関・霧島（30、音羽山部屋）を優勝決定巴戦で破り、3度目の賜杯を抱いた。

優勝後の師匠・安治川親方とのやり取りを聞かれると、「“本当によくやったな”と言っていただいてハグをしていただいたんで、それがもう一番印象に残ってます」と笑顔を見せた。

先場所の休場の理由となった左足首の状態について聞かれると、「不安がすごくありましたけど、そこは師匠と今までやってきたことを信じてやっていくしかない」という強い気持ちで臨んでいたことを明かした。

来場所に向けては、「出る以上は毎回毎回優勝目指してやってきてるんで、9月場所も変わらずにしっかり優勝目指して頑張っていきます」と力強く先を見据えた。
TBS NEWS DIG Powered by JNN",[],[]
【レベル3大雨警報】広島県・福山市に発表 15:54時点（TBS NEWS DIG Powered by JNN）,https://news.yahoo.co.jp/articles/7e17e21eff81b503da2fad3b9197a18867e246dc,https://newsatcl-pctr.c.yimg.jp/t/amd-img/20260727-22829358-jnn-000-1-view.jpg?exp=10800,2026-07-27T15:55:24+09:00,2026-07-27T15:55:24+09:00,TBS NEWS DIG Powered by JNN,jnn,TBS NEWS DIG Powered by JNN,168,"TBS NEWS DIG Powered by JNN
気象台は、27日午後3時54分に、レベル3大雨警報を福山市に発表しました。

南部では、低い土地の浸水や河川の増水に警戒してください。
【現在地の防災情報を確認】
【大雨警報（発表中）】
■福山市
●レベル3大雨警報【発表】
TBS NEWS DIG Powered by JNN",[],[]
【 鈴木奈々 】　益若つばさの手料理＆おもてなしに感謝　豪華な火鍋＆ウナギの蒲焼に「めちゃめちゃ美味しかったー!」（TBS NEWS DIG Powered by JNN）,https://news.yahoo.co.jp/articles/e39205fcf9a1963835387f71489764db3d4621ce,https://newsatcl-pctr.c.yimg.jp/t/amd-img/20260727-22829206-jnn-000-1-view.jpg?exp=10800,2026-07-27T15:55:24+09:00,2026-07-27T15:55:24+09:00,TBS NEWS DIG Powered by JNN,jnn,TBS NEWS DIG Powered by JNN,481,"TBS NEWS DIG Powered by JNN
タレントの鈴木奈々さんが7月26日、自身のインスタグラムを更新し、友人の益若つばささんの自宅で火鍋とうなぎを楽しんだことを報告しました。
【写真を見る】【 鈴木奈々 】　益若つばさの手料理＆おもてなしに感謝　豪華な火鍋＆ウナギの蒲焼に「めちゃめちゃ美味しかったー!」
鈴木さんは「つばさちゃん家で火鍋食べたよー!あと大好きな、うなぎもいただきましたー!めちゃめちゃ美味しかったー!」と投稿。

また「きゅうりの浅漬けも最高!つばさちゃんご馳走でした　いつもありがとうございます」と綴り、益若つばささんへの感謝の気持ちを伝えています。

投稿には、2種類のスープを同時に楽しめる分割鍋の写真が添えられています。鍋には唐辛子を利かせた赤いスープ、もうひとつは薄色のスープが入っており、野菜や肉などが煮込まれています。

また、均等に切られたうなぎの蒲焼きが照りよく盛り付けられており、きゅうりの浅漬けも添えられています。

【担当:芸能情報ステーション】
TBS NEWS DIG Powered by JNN",[],[]
【速報】午後3時時点 東京都内で男女27人（暫定値）が熱中症疑いで搬送 東京消防庁（TBS NEWS DIG Powered by JNN）,https://news.yahoo.co.jp/articles/1f904984bc16c529951ac52e1c64409e754cec1a,https://newsatcl-pctr.c.yimg.jp/t/amd-img/20260727-07317593-jnn-000-2-view.jpg?exp=10800,2026-07-27T15:44:36+09:00,2026-07-27T15:54:09+09:00,TBS NEWS DIG Powered by JNN,jnn,TBS NEWS DIG Powered by JNN,270,"TBS NEWS DIG Powered by JNN
東京消防庁によりますと、都内では、きょう（27日）午前0時から午後3時までの間に、12歳から98歳までの男女あわせて27人（暫定値）が熱中症の疑いで救急搬送されました。

このうち、▼70代の女性1人が重症、▼男女15人が中等症、▼男女11人が軽症だということです。

去年（2025年）の18歳以下の熱中症疑いの搬送者のうち、およそ8割が公園などの外出先にいた際に体調不良を訴えていたということで、東京消防庁は、外出する際にはこまめな水分補給や休憩を呼びかけています。
TBSテレビ",[],[]
【 中川翔子 】　双子の体調不良でバタバタの7月「ふたごいとおしくてたまらないや」 1年前はお腹にいた我が子と楽しむ夏のひとコマ（TBS NEWS DIG Powered by JNN）,https://news.yahoo.co.jp/articles/d3aee472160999ce32558c6a1052e1e69b657721,https://newsatcl-pctr.c.yimg.jp/t/amd-img/20260727-22829105-jnn-000-1-view.jpg?exp=10800,2026-07-27T15:14:12+09:00,2026-07-27T15:14:12+09:00,TBS NEWS DIG Powered by JNN,jnn,TBS NEWS DIG Powered by JNN,808,"TBS NEWS DIG Powered by JNN
歌手・タレントの中川翔子さんが7月26日、自身のインスタグラムを更新。双子の子どもたちとの夏の日常を報告しました。
【写真を見る】【 中川翔子 】　双子の体調不良でバタバタの7月「ふたごいとおしくてたまらないや」 1年前はお腹にいた我が子と楽しむ夏のひとコマ
投稿では「7月はふたご熱や病院それぞれ通ってバタバタしたりで夏らしいことやおでかけ!できてないなぁまだ0さいだからね、いつかいっぱいお出かけできたらいいなぁ」と、双子が相次いで体調を崩し、なかなかお出かけできない状況だったことを明かしました。

そうした中でも、「きのうはテレビで隅田川花火大会を見られて、去年はふたりともまだお腹の中にいたんだよね」と振り返り、「撫でて抱きしめて　すりすりしてくれて抱きついてくれて　ふたごいとおしくてたまらないや」と、双子への愛情をつづっています。

投稿には、双子の子どもたちがサーキュレーターに興味津々で近づく姿、テレビの花火大会中継を身を乗り出して見つめる姿など、さまざまな日常のひとコマを収めた写真が多数添えられています。

さらに「人生は有限　あなたとあと何回会えるかな 時間は生命を使ってる これをいつも考えて生きるようにしてる」と、日々の時間を大切にするという思いも語っています。

フォロワーに向けては「7月はみなさま お子さんと夏らしいお出かけとかしましたか?」と呼びかけ、「夏祭りいけただけ良かったな! いつか生花火もみにいこうね」と締めくくりました。

この投稿に、「お熱心配だ!お大事に!」「ますますイケメン双子になってホントに可愛い」「花火大会皆で行けるといいですね」「実は子育ての時間は有限なので、大切にしてください」などの声が寄せられています。

【担当:芸能情報ステーション】
TBS NEWS DIG Powered by JNN",[],[]
【 がん闘病 】古村比呂さん　検査のたび記されていた所見で耳鼻咽喉科へ「行って良かった」医師から教わった〝肥厚〟と〝貯留〟の違い「みなさまの参考になれば幸いです」（TBS NEWS DIG Powered by JNN）,https://news.yahoo.co.jp/articles/8134831bb9d486ce18976890cb5c1c1d2bd0c1df,https://newsatcl-pctr.c.yimg.jp/t/amd-img/20260727-22829135-jnn-000-1-view.jpg?exp=10800,2026-07-27T15:09:15+09:00,2026-07-27T15:09:15+09:00,TBS NEWS DIG Powered by JNN,jnn,TBS NEWS DIG Powered by JNN,931,"TBS NEWS DIG Powered by JNN
子宮頸がんの再々再発を公表している、俳優の古村比呂さんが7月27日、自身のブログを更新。耳鼻咽喉科を受診したことを報告しました。
【写真を見る】【 がん闘病 】古村比呂さん　検査のたび記されていた所見で耳鼻咽喉科へ「行って良かった」医師から教わった〝肥厚〟と〝貯留〟の違い「みなさまの参考になれば幸いです」
古村さんは「おはようございます 今朝は どんより曇り空の中 チョイと 耳鼻咽喉科へ行ってきます」と書き出しています。

受診の経緯については「かなり前から PET/CT検査のたび 『左上顎洞粘膜の肥厚があり、副鼻腔炎が疑われます』 という所見が記されていました」と説明。

続けて「耳鼻咽喉科は いつも混んでいるので 行くタイミングを逃して ズルズルと時は過ぎ 今年に入ってから 気になる症状が出てしまい 今朝 目覚めたとき 『行こう!』 と思い立ちました」とつづっています。

その後、受診を終えて「かなり待ちました でも行って良かった」と報告。「結果は 副鼻腔炎ではなく 喉の乾燥や炎症からくる 鼻奥の違和感かと あと治療中の歯の影響もあるかと」と、診察の内容を明かしました。

さらに、抗生物質で薬疹が出たため奥歯の治療を待機中であることに触れ、「重ねて 歯科医院では 『治療が必要な歯の状態だと 副鼻腔炎の原因になる場合もあります』 と言われていました」と記しています。

そのうえで「様々な症状が 鼻奥の違和感に繋がって ホッとしました」と心境をつづり、「この症状だと お薬ではなくて 鼻うがいが良い!と ネット注文できるお薬を教えてもらいました」と伝えています。

また、PET/CT検査のたびに記されていた所見を医師に見せたところ、「『肥厚と書かれている場合は ほぼ副鼻腔炎ではなく 貯留と書かれている場合は 副鼻腔炎の可能性があるのですよ』 と教えてくださいました」と紹介しました。

最後に「このような事も みなさまの参考になれば幸いです みなさまもご自愛くださいませ」と締めくくりました。

【担当:芸能情報ステーション】
TBS NEWS DIG Powered by JNN",[],[]
ピックルボールの男子ダブルスで三好健太が銀メダル　妻の吉冨愛子は15歳の佐脇京とのペアで銅メダル獲得【シンガポールOP】（TBS NEWS DIG Powered by JNN）,https://news.yahoo.co.jp/articles/581d660a9d197c0ee864e262c4a41aa6249fdd72,https://newsatcl-pctr.c.yimg.jp/t/amd-img/20260727-22828769-jnn-000-1-view.jpg?exp=10800,2026-07-27T15:00:35+09:00,2026-07-27T15:00:35+09:00,TBS NEWS DIG Powered by JNN,jnn,TBS NEWS DIG Powered by JNN,678,"TBS NEWS DIG Powered by JNN
■ピックルボール　PPAアジア500 リープモーターシンガポールオープン（日本時間23〜26日、シンガポール）
【写真で見る】銀メダルの三好・ヒエン・チュオンペアと銅メダルを獲得した吉冨・佐脇ペア
ピックルボールのPPAアジアツアーシンガポールオープンの最終日が26日に行われ、日本勢で唯一決勝に進出した男子ダブルスの三好健太（31）が、銀メダルを獲得。三好の妻で、女子ダブルスの吉冨愛子（32）は、佐脇京（15）とのペアで銅メダルを手にした。

同種目でこれまで3つの銀メダルを持ち、悲願の金を狙った三好は、過去2回同種目で金メダルを獲得しているヒエン・チュオン（ベトナム）と初めてペアを組み、決勝に進出した。決勝では、レン・ヤンと、コリン・ジョンズのアメリカペアと対戦。第1ゲームを先取されたあと、第2ゲームを奪ったが、第3ゲームを落とし、悲願の金メダルには届かなかった。

女子ダブルスでは3位決定戦には元プロテニスプレーヤーの吉冨愛子（32）が佐脇京（15）とのペアで登場。日本の伊藤真侑（26）とインドのナイミ・メータのペアと対戦し、2-1の逆転勝利。銅メダルを手にした。

【男子ダブルス決勝】
三好健太/ヒエン・チュオン 1（4-11、11-4、5-11）2 レン・ヤン/コリン・ジョンズ

【女子ダブルス3位決定戦】
吉冨愛子/佐脇京 2（4-11、11-9、11-4）1 ナイミ・メータ/伊藤真侑

※トップの写真は佐脇と吉冨
TBS NEWS DIG Powered by JNN",[],[]
【市川中車】「今年いちばん驚いた」片岡仁左衛門と孝太郎が立川立飛歌舞伎初出演「立川を紹介できるのが嬉しい」（TBS NEWS DIG Powered by JNN）,https://news.yahoo.co.jp/articles/72790cb9c28b821987db10e1ca1c8332d08c6406,https://newsatcl-pctr.c.yimg.jp/t/amd-img/20260727-22829125-jnn-000-1-view.jpg?exp=10800,2026-07-27T14:59:14+09:00,2026-07-27T14:59:14+09:00,TBS NEWS DIG Powered by JNN,jnn,TBS NEWS DIG Powered by JNN,1483,"TBS NEWS DIG Powered by JNN
歌舞伎俳優の片岡仁左衛門さん、片岡孝太郎さん、市川中車さん、中村壱太郎さん、市川團子さんが、「立川立飛歌舞伎特別公演」製作発表に登壇しました。
【写真を見る】【市川中車】「今年いちばん驚いた」片岡仁左衛門と孝太郎が立川立飛歌舞伎初出演「立川を紹介できるのが嬉しい」
立川立飛歌舞伎に初出演となる仁左衛門さんは、〝今回お声をかけていただき、大変うれしく思っております。普段とは違うお客様も見えるでしょうから、自分のファンを増やしたい〟と、お茶目に挨拶。同じく初出演の孝太郎さんは、〝ビックリしました。「父（仁左衛門さん）が出るんだ、そうですか...僕もですか!?」と。正直出させていただけると思っておりませんでした〟と、驚きを口にしつつ〝今後もお供させていただけるように頑張りたい〟と、意気込んでいました。

初年度から4年連続出演の中車さんは、〝立川という町を愛し、行くたびに新しいところに足を踏み入れ、昭和記念公園や、それからグリーンスプリングスの町並みにとても愛着がわき、もう歩くだけでも気持ちがいい。本当に日本の秋を感じられるところ〟と、立川への愛を熱弁。続けて〝おふたり（仁左衛門さんと孝太郎さん）が新しく出演されるということは、僕も今年いちばん驚いた。立川をこの2人に紹介できるのが嬉しい〟と、興奮気味に語っていました。

同じく4年連続出演の壱太郎さんも、〝4年連続で立川に行けること、何か「戻れる」というような気持ちもあって、とても嬉しく思っております。いまからワクワクしております。立川の高い高い劇場の上を宙乗りということで、緊張もしておりますが精一杯努めてまいりたい〟と、立川での公演を楽しみにしている様子。團子さんは過去の出演を〝未熟な私ですが、貴重な勉強の機会をいただき...〟と振り返ると、〝本年も古典の3作品に出させていただきまして、大役をいただきまして、勉強させていただけることを本当にありがたく思っております〟と、真摯に話していました。

そんな團子さんについて、仁左衛門さんは〝とにかく素晴らしいですよね。急な代役も見事にこなされて。彼の場合は本当に、与えられた仕事を立派にやり遂げたということはすごいこと。今回、初めてご一緒しますから、とっても楽しみにしています〟と、柔らかな笑顔。初役となる俊寛を務める中車さんには〝お家の型がありますから、澤瀉屋さんは澤瀉屋の兄さんがお作りになった俊寛を追いかけられます。アドバイスは、ある程度させていただくと思いますけれども、やはり澤瀉屋の芸を受け継いでやってほしい〟と、想いを語っていました。
また、「酷暑を乗り切る工夫」を聞かれると、仁左衛門さんは〝特にしていないですが、普段からあまり冷房を使わないようにしています。涼しくすると体が慣れてしまって、なんでもない温度でも暑く感じちゃう〟と、回答。これに対し、孝太郎さんは〝父は冷房を止めがち。でも、いま酷暑で亡くなる方も多いですから「（冷房を）つけましょう」とお願いしてます。あと水をあまり普段飲まなかったりするんですけれども、水分補給をお願いしております〟と、フォロー。仁左衛門さんの体調は常に気にしているそうで、〝母に聞いたところによると、少し食が太くなったと。見ての通り細い人なので食も細いんですけど、最近はパワーアップしているみたいなので、そこは安心しております〟と、明かしていました。

【担当:芸能情報ステーション】
TBS NEWS DIG Powered by JNN",[],[]
【元「THE BOOM」宮沢和史】〝見に来てほしいのは息子でしょ（笑）〟メンバーからのツッコミに照れ笑い 還暦を迎え音楽活動振り返り〝自分は恵まれていた〟（TBS NEWS DIG Powered by JNN）,https://news.yahoo.co.jp/articles/6cb33a5d1d66439f4006bf2ddad0d407059fb22a,https://newsatcl-pctr.c.yimg.jp/t/amd-img/20260727-22828952-jnn-000-2-view.jpg?exp=10800,2026-07-27T14:13:13+09:00,2026-07-27T14:17:13+09:00,TBS NEWS DIG Powered by JNN,jnn,TBS NEWS DIG Powered by JNN,1342,"TBS NEWS DIG Powered by JNN
元「THE BOOM」のボーカルで歌手の宮沢和史さん、ピアニストの塩谷哲さん、NORA SUZUKIさんをはじめとする11人組サルサバンド「オルケスタ・デ・ラ・ルス」の3組が7月26日、「オルケスタ・デ・ラ・ルス＆ソルトミヤ 2026」合同取材会に登壇しました。
【写真を見る】【元「THE BOOM」宮沢和史】〝見に来てほしいのは息子でしょ（笑）〟メンバーからのツッコミに照れ笑い 還暦を迎え音楽活動振り返り〝自分は恵まれていた〟
本イベントは、9月に東京・大阪で開催される、3組によるラテン、ジャズ、日本のポップス、ワールドミュージックを横断するスペシャルコンサート。オルケスタ・デ・ラ・ルスの情熱的なサウンドに、塩谷さんがピアノで参加、宮沢さんがボーカルを務める特別ステージが予定されています。

オルケスタ・デ・ラ・ルスのメインボーカルNORAさんが〝初めての方もいらっしゃると思うんです、サルサとかブラジル音楽とか。初めての方が楽しめるような何かを考えています。ふふふ（笑）〟と含みを持たせた笑顔を浮かべ、ピアノの塩谷さんも〝1回、2回とステージは重ねていくとどんどん深くなっていくと思うんです。楽曲がどう発展していくか、育っていくかというのがすごく楽しみ〟とみどころを語りました。

3組のジャンルを超えた音楽の融合が実現することについて問われると、宮沢さんは、〝世間にあまりいいニュースが無いじゃないですか。環境問題や線状降水帯とか洪水とか戦争。どうなるんだろうこの未来は…って不安になることが多いんですけど、音楽ってそれを笑顔にしてくれる力が絶対にある〟と、真摯な顔つき。続けて、〝特に我々は一瞬でヒトを笑顔にさせられる力がある。人間が出す音って電気が出す音楽とは違う説得力があると思うし、コンサートが終わって家に帰っていくときに前向きなものを持ち帰ってちがう朝が迎えられる。音楽ってそういうチカラがあるって思います〟と力を込めて本公演の持つ魅力に胸を張りました。

宮沢さんと塩谷さんは、共に今年、還暦を迎える節目の年。塩谷さんが〝還暦ですよねぇ…〟としみじみ述べると、宮沢さんは〝僕は66年生まれだが、65年の学年。多いんですよバンドマンが。近いところで言うと奥田民生くんとか…〟と話し、〝僕も「THE BOOM」というバンドでデビューしてここまで来たんですけど、自分が恵まれているなと思うのが、色んな音楽家と交流できたなということ。（音楽のジャンルの）垣根を超えて音楽活動出来てきた。自分の財産かな。その喜びがこのステージ出るだろうな〟と、ここまでの音楽活動を振り返り、微笑みました。
9月に行われる本公演、誰に見に来てほしいかと問われると、〝う〜ん〟と熟考ししばらく悩んでいた宮沢さん。
その様子にNORAさんから、〝息子?（笑）私は見に来てほしいけど!見に来てほしいよね〜（笑）〟と声を掛けられると、〝息子?いやいやいやいや…（笑）〟と照れ笑い。あまり見せない宮沢さんの表情に他のメンバーの笑いを誘っていました。

【担当:芸能情報ステーション】
TBS NEWS DIG Powered by JNN",[],[]
なでしこジャパンアジア大会メンバー発表、初の3連覇へ　内田篤人コーチ“初”の国際大会　WEリーグMVP成宮唯ら選出、10人が代表初招集【一覧】（TBS NEWS DIG Powered by JNN）,https://news.yahoo.co.jp/articles/f2aec90ec4840488d0ec0003e1599daa5d650b92,https://newsatcl-pctr.c.yimg.jp/t/amd-img/20260727-00010002-jnn-000-5-view.jpg?exp=10800,2026-07-27T14:09:47+09:00,2026-07-27T14:44:04+09:00,TBS NEWS DIG Powered by JNN,jnn,TBS NEWS DIG Powered by JNN,1954,"なでしこジャパン狩野倫久監督
9月に日本で開催されるアジア大会愛知・名古屋（9月19日～10月4日）に出場するサッカー女子日本代表”なでしこジャパン”のメンバー発表が27日行われ、成宮唯（31、INAC 神戸レオネッサ）や塩越柚歩（28、日テレ・東京ヴェルディベレーザ）ら22人が選出され、そのうち10人が代表初招集となった。今大会は男子元日本代表の内田篤人コーチが就任後に臨む最初の国際大会となる。
【写真で見る】会見の様子
日本は、18年ジャカルタ大会で2度目の優勝を果たすと、23年杭州大会では北朝鮮に4-1で勝利し連覇を達成した。今大会は悲願の3連覇に挑む。5月に就任した狩野倫久監督は前回大会も指揮し優勝に導いた。

会見に出席した狩野監督は「昨年度から多くのWEリーグ、なでしこリーグ、そして委員会を含む大学リーグを視察し、アジアにおける戦いの中でタフに力強く戦っていけるメンバーを選考しました。アジアでの戦いは、やはり今まで日本を対策したり準備されたりというところもありますけど、我々はあくまでも新しいチームとしてのチャレンジャーというところで、選手の特徴を存分に出しながら、対戦相手に対して準備していく。我々ができる最大限をしっかりと準備してベストを尽くしていきたいっていうところがあります」と語った。

今回“初のアジア大会代表入り”となった成宮は、今年3月にオーストラリアで行われたAFC女子アジアカップでも代表に選ばれ、優勝を経験した。さらに所属するINAC神戸レオネッサでは25-26シーズン全22試合にフル出場し、8ゴール8アシストの活躍で4シーズンぶりのチームの優勝に貢献、WEリーグ最優秀選手賞（MVP）も受賞した。

さらに、前回大会10番をつけキャプテンとしてチームの優勝に貢献した塩越や、所属のINAC神戸レオネッサ加入1年目で16得点をあげ25-26シーズンWEリーグ得点王に輝いた吉田も代表に名を連ねた。

選出された22人中10人が初招集、そして初招集のDF大箸桜子は大学生での招集となったことに対して狩野監督は、「大学生の年代、特にU-20から各WEリーグ、その後ですね、やはり大学生の選手たちが非常に強化指定であったり、活躍が目まぐるしい選手たちも多くいます。失敗を恐れずに思い切ったチャレンジをしながら、そこでまた感じて、日本のWEリーグや日常に持って帰ってもらう、大学に持って帰ってもらう、それが日本の女子の発展・進歩に繋がっていくかなというふうには思っています」と述べた。

日本はグループEでチャイニーズ・タイペイ、ベトナム、タイと同組。初戦は9月14日のタイ戦となる。


 【代表一覧】※年齢は7月27日時点
GK
浅野菜摘（29、ちふれASエルフェン埼玉） 　
福田史織（ 24、三菱重工浦和レッズレディース）　
大場朱羽（24、レンジャーズFC）

DF
市瀬千里（27、サンフレッチェ広島レジーナ)
水野蕗奈（25、INAC神戸レオネッサ）
後藤若葉（25、三菱重工浦和レッズレディース)
鈴木菫（22、ジェフ千葉レディース）
大箸桜子（22、東洋大）
桑原藍（21、INAC 神戸レオネッサ）

MF
成宮唯（31、INAC神戸レオネッサ)
祐村ひかる（28、ノジマステラ神奈川相模原）
塩越柚歩（28、日テレ・東京ヴェルディベレーザ）
中嶋淑乃（27、サンフレッチェ広島レジーナ）
宝田沙織（26、セレッソ大阪ヤンマーレディース）　
柳瀬楓菜（24、サンフレッチェ広島レジーナ）
伊東珠梨（23、ノジマステラ神奈川相模原）
榊原琴乃（21、三菱重工浦和レッズレディース）

FW
上野真実（29、サンフレッチェ広島レジーナ）
浜田芽来（25、RB大宮アルディージャ WOMEN)
神谷千菜（25、サンフレッチェ広島レジーナ）
吉田莉胡（24、INAC 神戸レオネッサ)
西尾葉音（23、RB 大宮アルディージャ WOMEN）
 
【日程】※7月27日時点
■グループステージ（グループE）
9月14日(月)　日本 vs タイ （会場未定）
9月17日(木)　日本 vs ベトナム（会場未定）
9月21日(月・祝)　日本 vs チャイニーズ・タイペイ（会場未定）

■準々決勝
9月25日（金）15:00～／19:30～（小笠山総合運動公園エコパスタジアム）
 　  　　　　　15:00～／19:30～（長居陸上競技場 ）

■準決勝
9月29日（火）15:00～／19:30～（小笠山総合運動公園エコパスタジアム）

■3位決定戦、決勝※両試合とも時間未定
10月2日（金）15:00～／19:30～（小笠山総合運動公園エコパスタジアム）",[],[]
鹿児島県で最大震度1の地震　鹿児島県・鹿児島十島村（TBS NEWS DIG Powered by JNN）,https://news.yahoo.co.jp/articles/c3300b5cf6ae546f9e15ece1a4324d5fcd6bf0f2,https://newsatcl-pctr.c.yimg.jp/t/amd-img/20260727-22828943-jnn-000-1-view.jpg?exp=10800,2026-07-27T14:02:13+09:00,2026-07-27T14:02:13+09:00,TBS NEWS DIG Powered by JNN,jnn,TBS NEWS DIG Powered by JNN,309,"TBS NEWS DIG Powered by JNN
27日午後1時56分ごろ、鹿児島県で最大震度1を観測する地震がありました。

気象庁によりますと、震源地はトカラ列島近海で、震源の深さはごく浅い、地震の規模を示すマグニチュードは2.7と推定されます。
【詳細】各地の震度一覧・最新LIVE
この地震による津波の心配はありません。

最大震度1を観測したのは、鹿児島県の鹿児島十島村です。

【各地の震度詳細】

■震度1
□鹿児島県
鹿児島十島村

気象庁の発表に基づき、地域ごとに震度情報をお伝えしています。
新たな情報が発表され次第、情報を更新します。
TBS NEWS DIG Powered by JNN",[],[]
木原官房長官　副首都構想の具体化へ「政府として必要な取り組みを進める」　24日に副首都構想関連法が成立（TBS NEWS DIG Powered by JNN）,https://news.yahoo.co.jp/articles/bb9f8b835d2e309a1aeb4cfb1050cc645af15b43,https://newsatcl-pctr.c.yimg.jp/t/amd-img/20260727-07317541-jnn-000-1-view.jpg?exp=10800,2026-07-27T13:56:10+09:00,2026-07-27T13:56:10+09:00,TBS NEWS DIG Powered by JNN,jnn,TBS NEWS DIG Powered by JNN,386,"TBS NEWS DIG Powered by JNN
木原官房長官はきょう、さきの国会で成立した副首都構想関連法について、法律に定められた措置の具体化に向けて、政府として必要な取り組みを進める考えを示しました。

副首都構想を具体化するための法律は、災害時に首都機能を維持するためのバックアップとして「副首都」を整備し、“東京一極集中”の是正を目指すことを柱としていて、今月24日の参議院本会議で成立しました。

木原官房長官はきょう（27日）、法律の施行に向けて、▼副首都に必要な要件を定める政令を制定するとともに、▼副首都が担うべき機能や整備、体制に関する事項などを定める基本方針の策定に取り組むと述べました。

また、木原長官は条文の内容や国会の議論を踏まえて、法律に定められた措置の具体化に向けて、政府として必要な取り組みを進める考えを示しました。
TBSテレビ",[],[]
木原官房長官「ロ朝軍事協力の進展の動きを強く非難する」　ロシアが北朝鮮からの3万人の追加派兵受け入れ準備か（TBS NEWS DIG Powered by JNN）,https://news.yahoo.co.jp/articles/1f9e900c031a82e408e0e94ca75e8e51de340d4d,https://newsatcl-pctr.c.yimg.jp/t/amd-img/20260727-07317540-jnn-000-1-view.jpg?exp=10800,2026-07-27T13:52:40+09:00,2026-07-27T13:52:40+09:00,TBS NEWS DIG Powered by JNN,jnn,TBS NEWS DIG Powered by JNN,435,"TBS NEWS DIG Powered by JNN
ロシアが北朝鮮から追加で3万人の兵士を受け入れる準備を進めていると指摘されていることについて、木原官房長官は「ロ朝軍事協力の進展の動きを強く非難する」と強調しました。

ウクライナのゼレンスキー大統領は25日のビデオ演説で、ロシアが北朝鮮から追加で3万人の兵士を受け入れる準備を進めているとの見方を示しました。

これに対し木原官房長官はきょう（27日）、「ロシアと北朝鮮の軍事協力の進展の動きを強く非難する」と述べました。

木原稔 官房長官
「我が国としましては、北朝鮮によるロシアへの兵士の派遣やロシアによる北朝鮮からの弾道ミサイルを含む武器弾薬の調達および使用といったロ朝軍事協力の進展の動きについては、これを強く非難をいたします」

また、木原長官は「こうした動きはウクライナ情勢の更なる悪化のほか、我が国を取り巻く地域の安全保障に与える影響の観点から深刻に懸念すべきもの」と指摘しました。
TBSテレビ",[],[]
「最新の知見・技術取り入れながら」高市総理　“熱中症対策の閣僚会議”設置方針明らかに　衆議院予算委員会の「集中審議」で（TBS NEWS DIG Powered by JNN）,https://news.yahoo.co.jp/articles/350c13e84dfd50ba305957aa8c1e84ccd6699213,https://newsatcl-pctr.c.yimg.jp/t/amd-img/20260727-07317549-jnn-000-4-thumb.jpg?exp=10800,2026-07-27T13:52:39+09:00,2026-07-27T13:58:00+09:00,TBS NEWS DIG Powered by JNN,jnn,TBS NEWS DIG Powered by JNN,355,"TBS NEWS DIG Powered by JNN
高市総理はきょうの衆議院予算委員会の集中審議で、近く、熱中症対策の閣僚会議を設置する方針を明らかにしました。

参政党　豊田真由子 衆院議員
「もう本当に過去に例のない暑さ、全ての国民の皆様の命と安全生活を守るという国家の一大事だと私は考えておりまして、これに対して抜本的な強力な対応を講じるべきと」

高市総理
「最新の知見や技術も取り入れながら、熱中（症）対策の実効性を一層高めなければなりません。近いうちにちょっと閣僚で会議体をつくろうかと今考えております」

高市総理はきょうの衆議院予算委員会で、熱中症対策について「いっそうの警戒が必要な状況だと認識している」と述べたうえで、近く、閣僚会議を設置し、議論していく考えを示しました。
TBSテレビ",[],[]
音声データ「本人としか考えられない」福岡県議会・金銭授受疑惑で告発した吉松元議長が会見　中尾前副議長とのやりとり音声「編集・改ざんなし」との鑑定結果を発表（TBS NEWS DIG Powered by JNN）,https://news.yahoo.co.jp/articles/3cfd093f3776e8c5184dad87cebcd6a4246472f8,https://newsatcl-pctr.c.yimg.jp/t/amd-img/20260727-07317553-jnn-000-2-thumb.jpg?exp=10800,2026-07-27T13:52:22+09:00,2026-07-27T13:53:16+09:00,TBS NEWS DIG Powered by JNN,jnn,TBS NEWS DIG Powered by JNN,476,"TBS NEWS DIG Powered by JNN
福岡県議会の金銭授受疑惑を告発した元議長が会見を開き、中尾前副議長との金銭のやりとりを録音したとする音声データについて、「本人としか考えられない」という鑑定結果が出たと明らかにしました。

「ちょっとね、大金やけんね。管理しとかんと」

福岡県議会の吉松源昭議員が議長就任前の2019年に、中尾正幸前副議長と金銭のやりとりがあった証拠として公表した音声データについて、鑑定の結果を発表しました。

吉松源昭 福岡県議
「音声データに編集・改ざんが加えられた痕跡は無く、中尾元副議長本人としか考えられないという結果でした」

中尾前副議長は先週、議員辞職しましたが、金銭のやり取りは否定しています。

きょうの会見には2020年6月から1年間、副議長を務めた江藤秀之県議も同席し、中尾前副議長に「500万円を渡した」と証言しました。

江藤秀之 福岡県議
「茶色の封筒に入れて500万円を渡しています」

2人は「トカゲの尻尾切りは許されない」として、第三者委員会の設置を求めました。
TBSテレビ",[],[]
きょう（27日）西日本・東海は広い範囲で最高気温が35℃以上の「猛暑日」予想　午後も西日本から東北にかけて　にわか雨や雷雨がある見込み（TBS NEWS DIG Powered by JNN）,https://news.yahoo.co.jp/articles/181935a393ba97c8ddef73bd190b2f9b75372f2a,https://newsatcl-pctr.c.yimg.jp/t/amd-img/20260727-22828491-jnn-000-2-view.jpg?exp=10800,2026-07-27T13:29:13+09:00,2026-07-27T16:25:24+09:00,TBS NEWS DIG Powered by JNN,jnn,TBS NEWS DIG Powered by JNN,812,"TBS NEWS DIG Powered by JNN
■西日本から東北 局地的に激しい雷雨のおそれ

午後も晴れ間の出る所が多くなりますが、西日本から東北は局地的に激しい雷雨になる所がありそうです。急な強い雨や落雷、突風、道路の冠水などに注意が必要です。
【CGを見る】28日〜8月3日 全国の週間天気予報
■大気の状態が不安定になる所も 空模様の変化に注意

【局地的に激しい雷雨に】
午後も晴れる所が多くなるものの、気温の上昇や湿った空気の影響で、大気の状態が不安定になる所がありそうです。午前中から雷雨となっている所もありますが、午後も西日本から東北にかけて、あちらこちらでにわか雨や雷雨がある見込みです。短い時間で大雨となり、道路が冠水するおそれもあります。空模様の変化にご注意ください。

■西日本や東海 広い範囲で猛暑日か

【西日本や東海で猛暑続く】
西日本や東海は広い範囲で最高気温が35℃以上の猛暑日となりそうです。体にこたえる暑さが続くため、無理をしないで冷房を使うなど、熱中症対策をしっかりとしてお過ごしください。関東は30〜33℃くらい、北日本は25〜30℃くらいの所が多いでしょう。

〈月曜日の予想最高気温〉
札幌　:27℃　釧路:22℃
青森　:28℃　盛岡:26℃
仙台　:24℃　新潟:30℃
長野　:31℃　金沢:31℃
名古屋:37℃　東京:33℃
大阪　:36℃　岡山:36℃
広島　:36℃　松江:35℃
高知　:36℃　福岡:36℃
鹿児島:36℃　那覇:34℃

■28日も大気の状態不安定続く見込み

【火曜日も大気の状態不安定】
火曜日は関東で朝から雨の降る所がありそうです。午後は、そのほかの東日本や東北、近畿も雨の降る所があり、激しい雷雨になる所がある見込みです。
東海から西の地域では猛烈な暑さも続きそうです。
TBS NEWS DIG Powered by JNN",[],[]
“疑惑のモバイルバッテリー”大量流通の闇　容量偽装の疑いも　偽の安全表示が付けられた粗悪品が流通　急増する火災事故　シリーズ【現場から、】（TBS NEWS DIG Powered by JNN）,https://news.yahoo.co.jp/articles/9c6ff5017b9f3c7430adc1af5eefaac688010288,https://newsatcl-pctr.c.yimg.jp/t/amd-img/20260727-07317552-jnn-000-3-thumb.jpg?exp=10800,2026-07-27T13:20:15+09:00,2026-07-27T13:29:02+09:00,TBS NEWS DIG Powered by JNN,jnn,TBS NEWS DIG Powered by JNN,1027,"TBS NEWS DIG Powered by JNN
モバイルバッテリーによる火災などの事故が急増するなか、JNNの独自取材で実際の容量が大幅に少ないものや偽の安全表示が付けられた粗悪品が流通している実態が明らかになりました。

モバイルバッテリーによる火災は去年1年間で482件。

年々増加するなか、国は去年からリチウムイオン電池製品などを扱う業者のうち、電話やメールで連絡の取れない業者を公表しました。そこで私たちは、登記簿を元に全ての業者を訪問。

物件のオーナー
「（海外に）出国したよ。前ここにいたけど、もういまはいない」

清掃業者
「もうずっとここは空いていた」

代表者が転居していたり、登記の住所が実在していなかったりと、実態と異なる業者が少なくとも10社あることが分かりました。リストに書かれた業者のバッテリーを仕入れて販売している業者に聞くと。

リストの製品を販売する業者
「特にこういう4万mAhなどの大きいバッテリーになると、実際の容量とかなり違うのが実態かなって」
「（Q.御社の製品は？）この薄さでこの容量っていうのは多分ありえないでしょう」

販売業者が語ったのは「容量の偽装」。

リストの製品を販売する業者
「（Q.違法という認識はある？）グレーゾーンじゃないですかね。黒に近いのかなと思うときもありますけど」

そこで、リストに書かれた業者の製品や容量偽装のクチコミが多かったバッテリーを、民間の検査機関で調べてもらうと…

OKIエンジニアリング　小岩賢太郎さん
「意図的にやっているかは弊社では判断が付かない状況なのですが、かなり多い数字を書いているという印象」

6つの製品のうち5つで、表示よりも実際の容量が大幅に少なく、なかには10分の1程度しかない物も。

モバイルバッテリーには、安全検査を行った証明である「PSEマーク」の印字が義務づけられていますが、検査の代行会社によると、なかには「偽のPSEマーク」を付けている製品もあるといいます。

総合技術センター　吉田範人 代表
「正規のPSEマークだと思って販売していたのが、偽物だとバレて販売停止になったり。駆け込み寺じゃないですけど、弊社に助けを求めて『再度認証を取りたい』と」

ネットなどで大量に流通する「疑惑のモバイルバッテリー」。消防庁は安全のため、購入する際には、業者の連絡先などを確認するよう注意を呼びかけています。
TBSテレビ",[],[]
埼玉県加須市の国道で“移動式オービス”盗んだか 全国でも前例なしか 配送業の58歳男を逮捕　埼玉県警（TBS NEWS DIG Powered by JNN）,https://news.yahoo.co.jp/articles/9401ff9c11b1b338468dad9996552c84d86a8406,https://newsatcl-pctr.c.yimg.jp/t/amd-img/20260727-07317551-jnn-000-2-view.jpg?exp=10800,2026-07-27T12:54:09+09:00,2026-07-27T13:35:35+09:00,TBS NEWS DIG Powered by JNN,jnn,TBS NEWS DIG Powered by JNN,607,"TBS NEWS DIG Powered by JNN
埼玉県加須市の国道で、速度違反した車を取り締まるための装置＝「移動式オービス」を盗んだとして、58歳の男が逮捕されました。

窃盗の疑いで逮捕されたのは、加須市の配送業・倉本浩司容疑者（58）です。

倉本容疑者は先月18日夜、加須市岡古井の国道で、速度違反した車を取り締まるための装置＝「移動式オービス」を盗んだ疑いがもたれています。

警察によりますと、現場近くの防犯カメラには、移動式オービスの前を通り過ぎたあと、再び戻ってくる不審な車が写っていて、倉本容疑者は逮捕前の任意の調べに対し、「走行中に（移動式オービスが）光ったことに気づき、確認に戻った」と話していたということです。

警察は倉本容疑者の自宅を家宅捜索しましたが、盗まれた移動式オービスは見つからなかったということです。

調べに対し、倉本容疑者は「盗んでいません」と容疑を否認していて、警察は、倉本容疑者が速度超過の発覚を免れようとして盗んだ可能性も視野に捜査しています。

当時、警察官2人が少し離れた場所から監視にあたり、パトカーの車内から30分おきに撮影されたデータを確認していましたが、目を離した隙に盗まれたということです。

移動式オービスが盗まれたのは全国でも前例がないということで、埼玉県警は「今後、同様の事案を発生させないよう指導を徹底する」としています。
TBSテレビ",[],[]
【 加藤綾菜 】「勉強→昼ご飯準備→勉強→夕飯準備→全ての家事」のルーティン公開「勉強させてもらえる環境に感謝だね」 手書きノート公開に 「字が達筆で羨ましい」の声（TBS NEWS DIG Powered by JNN）,https://news.yahoo.co.jp/articles/b86da9e72372dd183c4ef1efdbad1fa1f49dd597,https://newsatcl-pctr.c.yimg.jp/t/amd-img/20260727-22828505-jnn-000-1-view.jpg?exp=10800,2026-07-27T12:49:11+09:00,2026-07-27T12:49:11+09:00,TBS NEWS DIG Powered by JNN,jnn,TBS NEWS DIG Powered by JNN,767,"TBS NEWS DIG Powered by JNN
ザ・ドリフターズの加藤茶さんの妻で、タレントの加藤綾菜さんが7月26日、自身のインスタグラムを更新。勉強に打ち込む日々を明かしました。
【写真を見る】【 加藤綾菜 】「勉強→昼ご飯準備→勉強→夕飯準備→全ての家事」のルーティン公開「勉強させてもらえる環境に感謝だね」 手書きノート公開に 「字が達筆で羨ましい」の声
加藤さんは「皆様素敵な夏休み　過ごしていますか?」と呼びかけ。
「私は仕事以外は完全引きこもりです。勉強したい分野があるので毎日参考書と睨めっこ!」と、現在の過ごし方をつづっています。

続けて「癒しは愛犬達」「勉強中もずっと足元で応援してくれてます!」と、愛犬たちに支えられていることを明かしました。

さらに「勉強→昼ご飯準備→勉強→夕飯準備→全ての家事 のルーティン!」と1日の流れを紹介。「勉強させてもらえる環境に感謝だね」と記しています。

最後に「加藤家のご飯の写真もたまってきたからまたあげます」とつづりました。

投稿された画像は、愛犬の写真に加えて、開かれた参考書と、その上に重ねられた手書きのノートが写っています。ノートには「睡眠の役割」「眠らせる脳」「レム睡眠中枢」「眠る脳」「ノンレム睡眠中枢」「睡眠の測定法」などの文字が書き込まれ、要点には黄色のマーカーが引かれています。

この投稿を見た人たちからは「仕事や家事勉強お疲れ様です」「字が達筆で羨ましいです」「字がものすごく綺麗で見惚れてしまいました」「常に学び続ける姿勢も素晴らしい」「綾菜さんは本当に尊敬できる人だ。いつまでも学ぶ事を続けていてそして楽しんでる」といった声が寄せられています。

【担当:芸能情報ステーション】
TBS NEWS DIG Powered by JNN",[],[]
【 村重杏奈 】　新幹線を寝過ごして謎の強がり発動　マネージャーからの電話「おい、降りてないだろ」で大焦り「わざと通過しましたわ〜」（TBS NEWS DIG Powered by JNN）,https://news.yahoo.co.jp/articles/6b9ee8fa2c8da14302f2c4efd7fc9be889dbc158,https://newsatcl-pctr.c.yimg.jp/t/amd-img/20260727-22828541-jnn-000-1-view.jpg?exp=10800,2026-07-27T12:47:13+09:00,2026-07-27T12:47:13+09:00,TBS NEWS DIG Powered by JNN,jnn,TBS NEWS DIG Powered by JNN,695,"TBS NEWS DIG Powered by JNN
タレントの村重杏奈さんが7月26日、自身のインスタグラムを更新。新幹線を寝過ごしてしまった際のエピソードを明かしました。
【写真を見る】【 村重杏奈 】　新幹線を寝過ごして謎の強がり発動　マネージャーからの電話「おい、降りてないだろ」で大焦り「わざと通過しましたわ〜」
村重さんは「2日間の出張が終わってやっと家だー!と思ったら新幹線寝過ごしましたー!」と報告。気づいたきっかけは、マネージャーの小野ふみやさんからかかってきた電話でした。小野さんから「おい、降りてないだろ」と指摘され、ハッと目が覚めたとのことです。

村重さんは投稿の中で、焦った気持ちをこう振り返っています。「すごい焦ったんですけど寝過ごして焦ってると思われたくなかったんでわざと通過しましたわ〜みたいな感じだしてみました!!」と、咄嗟に平静を装ったことを告白。本人も「自分でも意味わからないです!!」と笑いを交えてコメントしています。

また投稿の冒頭では、「最近会う人みんなにゆで卵と間違えられます!村重です!嘘です!でも村重なのは本当です!」とユーモアあふれる書き出しで、フォロワーを楽しませました。投稿の最後には「明日から月曜日!頑張ろうぜ!!!!!!!」とファンへの元気なメッセージも添えられています。

この投稿に、「かわいいゆでたまご」「すごく透明感があって肌がとても綺麗ですね」「かわいいお顔のアップ」「明日からも頑張って下さい」などの声が寄せられています。

【担当:芸能情報ステーション】
TBS NEWS DIG Powered by JNN",[],[]
「東京に遊びに来てお金がなくなったので盗んだ」隅田川花火大会の見物客からリュックサック窃盗か 男(24)を現行犯逮捕 東京・浅草寺 警視庁（TBS NEWS DIG Powered by JNN）,https://news.yahoo.co.jp/articles/fc29c14aeb74e21906d18c9e786f5f34a20e98ff,https://newsatcl-pctr.c.yimg.jp/t/amd-img/20260727-07317532-jnn-000-3-thumb.jpg?exp=10800,2026-07-27T12:34:37+09:00,2026-07-27T13:15:23+09:00,TBS NEWS DIG Powered by JNN,jnn,TBS NEWS DIG Powered by JNN,426,"TBS NEWS DIG Powered by JNN
おととい東京・台東区の浅草寺の境内で隅田川花火大会を見に来ていた女性からリュックサックを盗んだとして24歳の男が逮捕されました。
【写真を見る】窃盗の疑いで現行犯逮捕された鹿児島ノリユキ容疑者（24）
窃盗の疑いで現行犯逮捕されたのは、静岡県磐田市の鹿児島ノリユキ容疑者（24）です。

鹿児島容疑者は隅田川花火大会が行われていたおととい夜、台東区の浅草寺の境内で見物客の女性（23）から財布やスマホなどが入ったリュックサックを盗んだ疑いがもたれています。

隅田川花火大会にはおよそ92万人の見物客が訪れ、警視庁が警戒にあたっていましたが、鹿児島容疑者が夕方から浅草寺の境内で物色を繰り返していたことから、捜査員が動向を追っていました。

鹿児島容疑者は「東京に遊びに来てお金がなくなったので盗んだ」「持ち金が数十円で朝から何も食べていなかった」と容疑を認めているということです。
TBSテレビ",[],[]
国民民主党から立候補 入江伸子被告の陣営スタッフ2人に執行猶予付きの有罪判決 運動員大学生を買収したとして公職選挙法違反の罪で起訴 東京地裁（TBS NEWS DIG Powered by JNN）,https://news.yahoo.co.jp/articles/7b4f0f0d3f8a02ae77990636f891064796704a8e,https://newsatcl-pctr.c.yimg.jp/t/amd-img/20260727-07317531-jnn-000-2-thumb.jpg?exp=10800,2026-07-27T12:28:06+09:00,2026-07-27T12:29:18+09:00,TBS NEWS DIG Powered by JNN,jnn,TBS NEWS DIG Powered by JNN,461,"TBS NEWS DIG Powered by JNN
今年の衆議院選挙で、選挙運動員の大学生らを買収したとして公職選挙法違反の罪に問われた国民民主党の元候補者の陣営スタッフ2人に対し、東京地裁は執行猶予付きの有罪判決を言い渡しました。

今年2月に行われた衆院選で、国民民主党の公認候補として立候補し、落選した入江伸子被告（64）の陣営で、SNSの運用を担当していた菅原京香被告（25）と会計事務を担当していた佐藤芳子被告（63）は、大学生ら11人に選挙運動ボランティアの報酬としてあわせて46万円を支払った罪に問われています。

きょうの判決で、東京地裁は菅原被告に対し「入江被告からの依頼に応じ、多数の若者を犯罪に巻き込んだ」として、拘禁刑1年、執行猶予3年を。佐藤被告に対しては「当初から違法性を懸念していて、入江被告を止めるべきだった」として、拘禁刑8か月、執行猶予3年の有罪判決をそれぞれ言い渡しました。

この事件では、入江被告も公職選挙法違反の罪に問われていて、今後、裁判が開かれる予定です。
TBSテレビ",[],[]
世界文化遺産登録から一夜明け　地元・明日香村役場には登録祝う垂れ幕が　奈良「飛鳥・藤原の宮都」（TBS NEWS DIG Powered by JNN）,https://news.yahoo.co.jp/articles/13f86a776f5437960d36850f8bde31e847dae29b,https://newsatcl-pctr.c.yimg.jp/t/amd-img/20260727-07317530-jnn-000-2-thumb.jpg?exp=10800,2026-07-27T12:19:07+09:00,2026-07-27T12:20:03+09:00,TBS NEWS DIG Powered by JNN,jnn,TBS NEWS DIG Powered by JNN,211,"TBS NEWS DIG Powered by JNN
奈良の「飛鳥・藤原の宮都」が世界文化遺産に登録されて一夜が明け、地元の明日香村役場には登録を祝う垂れ幕が掲げられました。

奈良県明日香村　森川裕一 村長
「十何年かけて、ようやく越えることができた一つのハードル。『次の第一歩に向けて間違わないように』と強く思っている」

「飛鳥・藤原の宮都」は、飛鳥寺や高松塚古墳など19の資産から構成されています。
TBSテレビ",[],[]
関東第一が44年ぶり3連覇達成で11回目の甲子園出場！16安打10得点の猛攻で二松学舎大付を下す【高校野球・東東京大会】（TBS NEWS DIG Powered by JNN）,https://news.yahoo.co.jp/articles/7a03bc7fff1dbc8996124bffc6d8d54cd37237f3,https://newsatcl-pctr.c.yimg.jp/t/amd-img/20260727-00010001-jnn-000-6-view.jpg?exp=10800,2026-07-27T12:17:18+09:00,2026-07-27T16:30:47+09:00,TBS NEWS DIG Powered by JNN,jnn,TBS NEWS DIG Powered by JNN,1092,"関東第一・井口選手
■第108回全国高校野球・東東京大会　決勝　二松学舎大付 4ー10 関東第一（27日、神宮）

東東京大会決勝は関東第一が二松学舎大付を10ー4で破り、早稲田実業以来44年ぶりの3連覇を達成し11回目の夏の甲子園出場を決めた。試合は1回から関東第一打線が爆発。16安打10得点で二松学舎大付を突き放した。

関東第一は準々決勝で9回4安打2失点で完投勝利を収めた石井（3年）が先発のマウンドに上がった。1回表、2本の安打と野手選択により無死満塁のピンチを招くも、サードゴロ併殺とファーストゴロに打ち取り、立ち上がりの危機を無失点で切り抜ける。

するとその裏、関東第一打線が二松学舎大付の先発・川島連十（2年）に襲いかかる。先頭の1番・佐宗悠樹（3年）が中前打で出塁すると、2番・成合瑛二郎（3年）が手堅く送りバントを決め、1死二塁と好機を広げた。続いて3番・田沢心（3年）の左前打で一、三塁とすると、4番・井口瑛太（3年）の右前適時打で先制。さらに5番・轟翔太の中前打、7番・浜田晃大の犠飛、8番・鈴木将生（3年）の適時打と打線が繋がり、初回に一挙4点を奪った。

勢いに乗る関東第一打線は、2回裏も1死一、三塁の好機を作る。ここで二松学舎大付の2番手・小高稜真から4番・井口瑛太（3年）が三塁への内野安打。井口の2打席連続となる適時打で1点を追加し、リードを5－0に広げた。

3回表、石井は相手打線を三者凡退に抑えてテンポを作ると、その裏の攻撃でも関東第一打線が畳みかける。1死一、三塁の場面で1番・佐宗（3年）が放ったショートゴロの間に三塁ランナーが生還。着実に加点し、6－0と引き離した。

4回裏、関東第一は1死から4番・井口（3年）が本日3本目の安打となる二塁打で出塁。続く5番・轟（3年）も右前打で続き1死一、三塁とすると、6番・栗林舜（3年）がスクイズを成功させる。その後も打線がつながり1死満塁とすると、8番・鈴木将生（3年）が二松学舎大付の3番手・石田尾武人から左前へ2点適時打を放ち、リードを9点に広げた。

6回表、ここまで打たせて取るピッチングでスコアボードに「0」を並べてきた石井だったが、二松学舎大付の6番・福和田啓太（3年）にソロ本塁打を浴び、1点を失った。

7回裏、関東第一打線は1死三塁の好機を作ると、2番・成合結太（2年）が絶妙なスクイズを成功させる。三塁走者が生還し、チーム10点目を奪った。

大量リードに守られたエース・石井は、最後までマウンドを守り抜いて9回4失点で完投。歓喜の輪の中心で弾けるような笑顔を見せた。",[],[]
鹿児島県で最大震度1の地震　鹿児島県・鹿児島十島村（TBS NEWS DIG Powered by JNN）,https://news.yahoo.co.jp/articles/efddb4b7db26d6214528a017c1a298eea1f14910,https://newsatcl-pctr.c.yimg.jp/t/amd-img/20260727-22828476-jnn-000-1-view.jpg?exp=10800,2026-07-27T12:09:16+09:00,2026-07-27T12:09:16+09:00,TBS NEWS DIG Powered by JNN,jnn,TBS NEWS DIG Powered by JNN,311,"TBS NEWS DIG Powered by JNN
27日午後0時4分ごろ、鹿児島県で最大震度1を観測する地震がありました。

気象庁によりますと、震源地はトカラ列島近海で、震源の深さはおよそ20km、地震の規模を示すマグニチュードは2.5と推定されます。
【詳細】各地の震度一覧・最新LIVE
この地震による津波の心配はありません。

最大震度1を観測したのは、鹿児島県の鹿児島十島村です。

【各地の震度詳細】

■震度1
□鹿児島県
鹿児島十島村

気象庁の発表に基づき、地域ごとに震度情報をお伝えしています。
新たな情報が発表され次第、情報を更新します。
TBS NEWS DIG Powered by JNN",[],[]
【速報】音声データ「編集・改ざんの痕跡なし」鑑定結果を提示　福岡県議会の金銭授受疑惑を告発した吉松元議長が会見　中尾前副議長とのやりとり録音したとする音声（TBS NEWS DIG Powered by JNN）,https://news.yahoo.co.jp/articles/e2ec9e79ed9253c1ec8cdf146680dae9cd04221c,https://newsatcl-pctr.c.yimg.jp/t/amd-img/20260727-07317535-jnn-000-2-thumb.jpg?exp=10800,2026-07-27T12:07:01+09:00,2026-07-27T12:08:06+09:00,TBS NEWS DIG Powered by JNN,jnn,TBS NEWS DIG Powered by JNN,492,"TBS NEWS DIG Powered by JNN
福岡県議会の金銭授受疑惑を告発した元議長が会見を開き、中尾前副議長との金銭のやりとりを録音したとする音声データについて、「編集や改ざんを加えられた痕跡はない」という鑑定結果が出たと明らかにしました。

「ちょっとね、大金やけんね。管理しとかんと」

福岡県議会の吉松源昭議員が議長就任前の2019年に当時、自民党県議団の幹事長を務めていた中尾正幸前副議長と金銭のやりとりがあった証拠として公表した音声データについて、きょう、鑑定の結果を発表しました。

吉松源昭 福岡県議
「音声データに編集・改ざんが加えられた痕跡は無く、中尾元副議長本人としか考えられないという結果でした」

中尾前副議長は先週、議員辞職しましたが、金銭のやり取りは否定しています。

吉松県議は「トカゲの尻尾切りのように幕引きすることは断じて許されない」と述べ、第三者委員会の設置を改めて求めました。

また、2020年6月から1年間、副議長を務めた江藤秀之県議も会見に同席し、中尾前副議長に「封筒に入れて500万円を渡した」と証言しました。
TBSテレビ",[],[]
「2階から煙が」住宅火災　子ども2人含む4人死亡　小学生とみられる女の子2人夫婦とみられる男女2人　佐賀・伊万里市（TBS NEWS DIG Powered by JNN）,https://news.yahoo.co.jp/articles/7fdda6a973fd62f874751f225384129bee337f55,https://newsatcl-pctr.c.yimg.jp/t/amd-img/20260727-07317525-jnn-000-2-thumb.jpg?exp=10800,2026-07-27T12:03:57+09:00,2026-07-27T12:05:15+09:00,TBS NEWS DIG Powered by JNN,jnn,TBS NEWS DIG Powered by JNN,340,"TBS NEWS DIG Powered by JNN
けさ早く、佐賀県伊万里市の住宅で火事があり、子ども2人を含む4人の死亡が確認されました。

きょう午前5時半ごろ、佐賀県伊万里市瀬戸町の住宅で「2階から煙が出ている」と、通りかかった人から119番通報がありました。

警察や消防によりますと、火はおよそ1時間半後に消し止められましたが、木造2階建て住宅の一部が焼け、小学生とみられる女の子2人や、夫婦とみられる男女のあわせて4人が病院に運ばれました。その後、全員の死亡が確認されました。

この家には岸川哲也さん（51）の一家4人が住んでいて、現在、連絡が取れていないということです。

警察と消防は、4人の身元を確認するとともに、火が出た原因を調べています。
TBSテレビ",[],[]
【 中村江里子 】30代初めの〝ポラ〟公開「昔も今もずーっとお美しい」　実家の片付け中に発掘 「ファッション撮影って楽しかったなぁ」（TBS NEWS DIG Powered by JNN）,https://news.yahoo.co.jp/articles/061061901c390019d9566c18003127bbbbdad35f,https://newsatcl-pctr.c.yimg.jp/t/amd-img/20260727-22828439-jnn-000-1-view.jpg?exp=10800,2026-07-27T12:03:16+09:00,2026-07-27T12:03:16+09:00,TBS NEWS DIG Powered by JNN,jnn,TBS NEWS DIG Powered by JNN,869,"TBS NEWS DIG Powered by JNN
フリーアナウンサーの中村江里子さんが7月24日、自身のインスタグラムを更新。実家の片付け中に出てきた、30代初めの撮影時のポラロイド写真を公開しました。
【写真を見る】【 中村江里子 】30代初めの〝ポラ〟公開「昔も今もずーっとお美しい」　実家の片付け中に発掘 「ファッション撮影って楽しかったなぁ」
中村さんは「時間があると実家の片付けしています」と投稿。
続けて「私の〝思い出〟段ボールを開けて、仕事で必要なものを探していたら、子どもの時のパスポート、成績表、学校のノートや家庭科で作ったスモック、袋、中学からフジテレビ通勤まで使い続けた定期入れなどなど…色々出てきて 楽しかった」とつづっています。

そして「撮影の際のポラが出てきました」と報告。

「いつまでポラを切って、確認してから撮影スタートしていたのだろう? 確か30代初めの撮影時のもの。」と振り返りました。

さらに「試し撮りだから髪にピン付いたままだったり」「ファッション撮影って楽しかったなぁ」と、当時を懐かしんでいます。

投稿されたのは、9枚のポラロイド写真。白いシャツを腕組みで着て目を閉じたカット、黒いロングドレスの裾を持って振り返る全身のカット、黒い帽子をかぶった横顔などが並びます。

また、髪をなびかせたモノクロのバストアップ写真や、中村さんが「髪にピン付いたまま」とつづった通り、前髪をピンで留めたまま撮影された1枚も含まれています。

この投稿を見た人たちからは「昔も今もずーっとお美しい」「30才位で良くテレビに出ていた頃ですね!今思えば若手なのに凄い高級感と佇まいでした」「横顔の凹凸まで本当に美しく、見とれてしまいました」「懐かしい写真の数々 素敵ですね〜」「こういう写真てきちんと撮っておくと思い出にもなるし、生き方というか、自分が生きてきた証にもなりますよね」といった声が寄せられています。

【担当:芸能情報ステーション】
TBS NEWS DIG Powered by JNN",[],[]
きょう（27日）西日本はほとんど雲がなく晴れて猛暑続く　東日本などは天気急変に注意必要　広く雷雨になるのは関東の山沿い内陸・静岡県の見込み（TBS NEWS DIG Powered by JNN）,https://news.yahoo.co.jp/articles/d25651618ad7783e30a2549eb4ba4a2e422074f2,https://newsatcl-pctr.c.yimg.jp/t/amd-img/20260727-07317534-jnn-000-2-thumb.jpg?exp=10800,2026-07-27T12:01:05+09:00,2026-07-27T12:02:31+09:00,TBS NEWS DIG Powered by JNN,jnn,TBS NEWS DIG Powered by JNN,399,"TBS NEWS DIG Powered by JNN
きょうは西日本で、ほとんど雲がなく晴れて猛暑が続きます。夏の暑さをもたらす太平洋高気圧に、しっかりと覆われているためですが、この張り出しが弱い東日本などは、きょうも天気の急変に注意が必要です。

雨の予想です。昼過ぎになると、関東甲信山沿いや内陸で、湧き出るようにして雷雲が発達します。きょう、広く雷雨になるのは、関東の山沿い内陸、そして静岡県です。東京都心に関しては、雨は夕方以降、一時的となりそうです。

ただ、あすは東京都心も含めて、より広い範囲で雷雨のおそれがあります。この変わりやすい天気は水曜日頃まで続きます。

一方で、西日本は連日猛暑、特に木曜日以降はもう一段階暑い空気が流れ込んできます。木曜日は、紫で囲った部分（大阪・高知・福岡）は、数字以上に気温が上がる可能性があるので、熱中症により一段と警戒が必要です。
TBSテレビ",[],[]
【 辻希美・長女 】希空　　「可愛すぎて爆買いした」オフショル×ワイドデニムの韓国滞在ショットを披露　注目の塩パンも紹介（TBS NEWS DIG Powered by JNN）,https://news.yahoo.co.jp/articles/ab134635af96e748bb25f8e7744abf4c211a24ac,https://newsatcl-pctr.c.yimg.jp/t/amd-img/20260727-22828441-jnn-000-1-view.jpg?exp=10800,2026-07-27T11:59:13+09:00,2026-07-27T11:59:13+09:00,TBS NEWS DIG Powered by JNN,jnn,TBS NEWS DIG Powered by JNN,536,"TBS NEWS DIG Powered by JNN
元モーニング娘。でタレントの辻希美さんと杉浦太陽さんの長女・希空（のあ）さんが7月26日、自身のインスタグラムを更新。韓国でのショッピングやグルメを楽しむ様子を公開しました。
【写真を見る】【 辻希美・長女 】希空　　「可愛すぎて爆買いした」オフショル×ワイドデニムの韓国滞在ショットを披露　注目の塩パンも紹介
投稿では「可愛い洋服ばっかりで爆買いした」と報告し、街中でオレンジ色の「MUSINSA BEAUTY」のショッピングバッグなどを両手に持った写真を公開。

ベージュのオフショルダートップスにワイドデニムを合わせたコーディネートで、満面の笑みを見せています。

さらに希空さんは「今まで食べた塩パンの中で1番美味しかった」と絶賛。紙袋を手に塩パンを口にする写真も添えられ、韓国滞在を満喫した様子がうかがえます。

希空さんのSNS上での注目度は非常に高く、公式インスタグラムのフォロワー数は7月27日11時40分時点で113.9万人、YouTubeチャンネル「希空ちゃんネル」の登録者数は68.4万人に達しています。

【担当:芸能情報ステーション】
TBS NEWS DIG Powered by JNN",[],[]
「外交に時間を与えるため」アメリカ国連大使が言及　イラン攻撃が24日から停止している理由について　イラン高官「一時的な戦術にすぎない」懐疑的な見方示す（TBS NEWS DIG Powered by JNN）,https://news.yahoo.co.jp/articles/c68b1e80047441c0604b3bf4bff1bb178e05f997,https://newsatcl-pctr.c.yimg.jp/t/amd-img/20260727-07317511-jnn-000-1-view.jpg?exp=10800,2026-07-27T11:56:19+09:00,2026-07-27T11:56:19+09:00,TBS NEWS DIG Powered by JNN,jnn,TBS NEWS DIG Powered by JNN,494,"TBS NEWS DIG Powered by JNN
アメリカによるイランへの攻撃が24日から止まっていることについて、トランプ政権の国連大使は「外交に時間を与えるためだ」と語りました。

アメリカ　ウォルツ国連大使
「外交に少しの時間を与えている。トランプ大統領は外交にチャンスを与えており、今後、数日間の展開を見守ることになる」

ウォルツ国連大使は26日、CBSテレビの番組に出演し、イランへの攻撃が24日以降、停止している理由をこのように説明しました。そのうえで、「追加の戦力が中東地域に展開されている」とし、さらなる攻撃も「選択肢から排除しない」とけん制しています。

攻撃の停止について、ニュースサイト「アクシオス」は、標的の大半を破壊し、大規模攻撃以外の作戦で達成できる成果は限定的だとして、アメリカ中央軍の司令官らがトランプ大統領に停止を進言したことが一因だと報じました。

一方、ロイター通信によりますと、イランの高官はアメリカが攻撃の自粛を続ける限りイランも停止するとしながらも「一時的な戦術にすぎない」とアメリカ側の意図に懐疑的な見方を示しています。
TBSテレビ",[],[]
関東甲信や北陸を中心に大気不安定続く　天気急変・局地的大雨に警戒　 新潟 道路冠水の大雨から一夜明け 住民は水のかきだしに追われる（TBS NEWS DIG Powered by JNN）,https://news.yahoo.co.jp/articles/287581056ee9a73a6238a4bd238ed0e994469354,https://newsatcl-pctr.c.yimg.jp/t/amd-img/20260727-07317526-jnn-000-3-thumb.jpg?exp=10800,2026-07-27T11:52:37+09:00,2026-07-27T12:40:55+09:00,TBS NEWS DIG Powered by JNN,jnn,TBS NEWS DIG Powered by JNN,375,"TBS NEWS DIG Powered by JNN
関東甲信や北陸を中心に、きょうも大気が不安定な状況が続いています。今夜にかけ、天気の急変、局地的な大雨に警戒が必要です。

新潟県内ではきのう、広い範囲でレベル4の大雨危険警報と土砂災害危険警報が発表され、新潟市中心部では道路の冠水が相次ぎました。建物への浸水被害も発生し、一夜明け、住民は懸命に水をかきだしていました。

住宅が床下浸水
「午前6時半くらいからやっていますかね。一生懸命やっていたが、まだ半分くらいしか。ここまで10センチもたまったのは初めて」

阿賀野市では、市内全域に避難指示が発令され、最大でおよそ160人が避難したということです。

避難指示は全て解除されましたが、新潟県内では今夜遅くにかけて低い土地の浸水、河川の増水、土砂災害に注意・警戒が必要です。
TBSテレビ",[],[]
【独自】「さらなる行動を起こしたい」23日死亡日本赤軍のメンバー岡本容疑者　40年以上交流を続けた人物が生前の発言を証言（TBS NEWS DIG Powered by JNN）,https://news.yahoo.co.jp/articles/2da690534352f520952bec02bb6debd010d00c8b,https://newsatcl-pctr.c.yimg.jp/t/amd-img/20260727-07317519-jnn-000-3-thumb.jpg?exp=10800,2026-07-27T11:52:13+09:00,2026-07-27T13:39:28+09:00,TBS NEWS DIG Powered by JNN,jnn,TBS NEWS DIG Powered by JNN,654,"TBS NEWS DIG Powered by JNN
1972年にイスラエルで銃乱射事件を起こした日本赤軍のメンバー、岡本公三容疑者が亡命先のレバノンで死亡しました。JNNは、現地で40年以上交流を続けた人物を取材。岡本容疑者が謝罪や後悔の気持ちを示すことなく、「さらなる行動を起こしたい」と話していたと証言しました。
【写真で見る】独自）「さらなる行動を起こしたい」23日死亡日本赤軍のメンバー岡本容疑者　40年以上交流を続けた人物が生前の発言を証言
レバノンの首都ベイルートでは25日、日本赤軍のメンバー、岡本公三容疑者が死亡したことを受け、支援していた過激派組織の幹部らが集まりました。

岡本容疑者は1972年、イスラエルの空港で仲間2人とともに銃を乱射し、観光客ら24人が死亡。その後、国際手配され、レバノンで亡命生活を送っていましたが、23日に死亡しました。

JNNは、岡本容疑者が40年以上交流を続けてきた人物を独自に取材しました。

パレスチナ解放人民戦線総司令部 幹部　バデル・ニメル氏
「彼は、あの事件を自らの闘争人生の出発点、そして原点だと考えていました。もし自分にできることがあるなら、さらなる行動を起こしたいと常に話していました」

事件について謝罪や後悔の言葉を口にすることは一切なかったという岡本容疑者。二メル氏によると、2023年10月のイスラム組織ハマスによる奇襲攻撃など、イスラエルに対する攻撃や作戦のニュースに触れるたびに「喜んでいた」ということです。
TBSテレビ",[],[]
“イラン関与の貨物船をカスピ海で攻撃”　ウクライナが発表　イラン外相「国連憲章の明白な違反だ」と強く反発（TBS NEWS DIG Powered by JNN）,https://news.yahoo.co.jp/articles/8cab51b3f7fe13c7ade60a192cb20d4361128853,https://newsatcl-pctr.c.yimg.jp/t/amd-img/20260727-07317510-jnn-000-2-thumb.jpg?exp=10800,2026-07-27T11:44:21+09:00,2026-07-27T11:45:19+09:00,TBS NEWS DIG Powered by JNN,jnn,TBS NEWS DIG Powered by JNN,372,"TBS NEWS DIG Powered by JNN
ウクライナはロシアとイランの間で軍事物資を輸送していた貨物船をカスピ海で攻撃したと発表しました。

ゼレンスキー大統領は25日、ロシア中部にある物流施設のほか、カスピ海でイランが関与する貨物船などを攻撃したと発表しました。

ウクライナ保安庁によると、貨物船はロシアとイランの間で軍事物資を輸送していた制裁対象の船舶で、無人機で攻撃したということです。これに対しイランのアラグチ外相は、「国連憲章の明白な違反だ」とし、「決して見過ごさない」と強く反発しています。

一方、ロシアによる攻撃も続いています。ウクライナ非常事態庁は26日、北部チェルニヒウ州のスーパーマーケットでロシア軍の無人機による攻撃があり、9歳の女の子を含む2人が死亡し、25人がけがをしたと発表しました。
TBSテレビ",[],[]
「最優先で取り組んでまいりました」物価高対策などめぐり論戦　高市総理出席の衆議院予算委員会「集中審議」　総理 国会閉会受け午後6時から記者会見予定（TBS NEWS DIG Powered by JNN）,https://news.yahoo.co.jp/articles/19fa7464436a840c2d4f43f39fa589db164b51a6,https://newsatcl-pctr.c.yimg.jp/t/amd-img/20260727-07317533-jnn-000-4-thumb.jpg?exp=10800,2026-07-27T11:39:58+09:00,2026-07-27T14:41:28+09:00,TBS NEWS DIG Powered by JNN,jnn,TBS NEWS DIG Powered by JNN,640,"TBS NEWS DIG Powered by JNN
国会はおととい閉会しましたが、きょうは高市総理が出席して衆議院予算委員会の集中審議がおこなわれ、物価高対策などをめぐり論戦が交わされています。国会記者会館から中継です。
【写真で見る】「最優先で取り組んでまいりました」物価高対策などめぐり論戦　高市総理出席の衆議院予算委員会
物価高対策が後回しになっているとの野党側の追及に対し、高市総理は「最優先で取り組んできた」と反論しました。

中道改革連合　階猛 幹事長
「物価高で冷房や食事を控えざるを得ない生活者、あるいはナフサ不足で仕事が回らない勤労者、その暮らしを後回しにしてきた」
高市総理
「（物価高対策を）最優先で取り組んでまいりました。中東情勢を受けて、3月には緊急的激変緩和措置でガソリン価格全国平均でリッター170円程度に抑えるための補助を開始しました。現在G7で最も低いインフレ率、G7で最も高い実質賃金上昇率であると」

また、女性天皇や女系天皇、安定的な皇位継承をめぐっても、野党側は政府内に早期に有識者会議を立ち上げて議論を始めるべきと指摘しましたが、高市総理は「政府として直ちに新たな有識者会議を設置する考えはない」とした上で、「成立した皇室典範改正法の施行に向けて万全の準備を進める」と強調しました。

高市総理はきょう午後6時から国会が閉会したことを受け記者会見をおこなう予定で、今後の政権運営の方針について説明するものとみられます。
TBSテレビ",[],[]
【 ALS闘病 】声優・津久井教生さん　「チャンスは伺っていたのです」久しぶりのアイス挑戦　妻のサポートで喜びの報告【ニャンちゅう】（TBS NEWS DIG Powered by JNN）,https://news.yahoo.co.jp/articles/c5fa65d16e892c856178a9b3b54340b29bade7e0,https://newsatcl-pctr.c.yimg.jp/t/amd-img/20260727-22828188-jnn-000-1-view.jpg?exp=10800,2026-07-27T11:38:12+09:00,2026-07-27T11:38:12+09:00,TBS NEWS DIG Powered by JNN,jnn,TBS NEWS DIG Powered by JNN,1018,"TBS NEWS DIG Powered by JNN
NHK『ニャンちゅうワールド放送局』の「ニャンちゅう」役などで知られ、現在ALS（筋萎縮性側索硬化症）で闘病中の声優・津久井教生さんが7月26日、公式ブログを更新。久しぶりにアイスクリームを食べられた喜びを報告しました。
【写真を見る】【 ALS闘病 】声優・津久井教生さん　「チャンスは伺っていたのです」久しぶりのアイス挑戦　妻のサポートで喜びの報告【ニャンちゅう】
津久井さんによると、現在は舌で食べ物を奥に送り込むことが難しくなってきているものの、飲み込むこと自体はまだできる状態とのことで、「チャンスは伺っていたのです♪」と密かにタイミングをねらっていたことを明かしました。

挑戦にあたっては、妻も一緒に考えてくれたといい、「やっぱりチャレンジするのであればアイスがいいのではないかと妻も考えてくれていたようです」と津久井さん。「妻もジェラートタイプならいけるんじゃあないかと〜」と判断し選んだのが、「アイスの実」のシャインマスカット味でした。

一口サイズに小さくして舌の真ん中に運んでもらう工夫により無事に味わうことができ、津久井さんは「わぁ〜美味しい〜♡」と感動を表現。「まだ味と香りは分かります♪」と、味覚や嗅覚が保たれていることも伝え、前向きな近況を報告しています。

津久井さんは、2024年10月の投稿の際、罹患公表から5年が経過したことに触れ、「病状の進行の早さからすると 5年も生きていてすごいと思います。家族と介護に携わってくださった皆さんに感謝です」と周囲への謝意を述べていました。

続けて「病気はいきなり目の前に現れるのです! どうか皆さん、日頃の健康チェックを大事にしてください」とファンへ健康管理の大切さを呼びかけています。

津久井さんは、1992年からNHK教育テレビ（現・Eテレ）で放送が始まった『ニャンちゅう』シリーズのキャラクター「ニャンちゅう」の声を初回から30年以上にわたって演じてきました。それ以外にも『ちびまる子ちゃん』の「関口くん」役、『ご近所物語』の「西野ジロー」役、『忍たま乱太郎』の「楽呂須太夫」役など、数多くの人気作品で声優を務めてきました。過酷な病と向き合いながらも発信を続けるその姿は、多くの人々に勇気を与えています。

【担当:芸能情報ステーション】
TBS NEWS DIG Powered by JNN",[],[]
【 ごみ清掃芸人 】　ドライヤーは「不燃ごみの地域が多いですが、清掃事務所に持っていけば、希少金属を有効活用することができます」【マシンガンズ滝沢】（TBS NEWS DIG Powered by JNN）,https://news.yahoo.co.jp/articles/a25062db5fd33755024bb6a8e059fb785cf7dc17,https://newsatcl-pctr.c.yimg.jp/t/amd-img/20260727-22828109-jnn-000-1-view.jpg?exp=10800,2026-07-27T10:48:17+09:00,2026-07-27T10:48:17+09:00,TBS NEWS DIG Powered by JNN,jnn,TBS NEWS DIG Powered by JNN,440,"TBS NEWS DIG Powered by JNN
「ごみ清掃芸人」として活動する、お笑いコンビ「マシンガンズ」の滝沢秀一さんが自身のXを更新。""今日のごみトリビア"" を紹介しました。
【写真を見る】【 ごみ清掃芸人 】　ドライヤーは「不燃ごみの地域が多いですが、清掃事務所に持っていけば、希少金属を有効活用することができます」【マシンガンズ滝沢】
滝沢さんは、「ドライヤーは資源です」と投稿。

続けて「ごみとして出せば、不燃ごみの地域が多いですが、清掃事務所に持っていけば、希少金属を有効活用することができます。小型家電ボックスがある地域はご利用ください」と呼びかけました。

滝沢秀一さんは、日々、SNSを通じ、「ごみトリビア」を投稿。啓発活動に努めています。

※自治体によって該当のごみへの対応が違う場合があります。
　参考にする場合はお住まいの自治体の対応をご確認ください。

【担当:芸能情報ステーション】
TBS NEWS DIG Powered by JNN",[],[]
【 中島健人 】事務所初・山田涼介のソロ東京ドーム公演に刺激〝とてもリスペクト〟全国ツアー最終日に公開記者会見〝誰かに刺さるまでアイドルを続けたい〟（TBS NEWS DIG Powered by JNN）,https://news.yahoo.co.jp/articles/6b43506fb33c1811d36be36e8b70eac24eb2dfad,https://newsatcl-pctr.c.yimg.jp/t/amd-img/20260727-22828091-jnn-000-1-view.jpg?exp=10800,2026-07-27T10:42:17+09:00,2026-07-27T10:42:17+09:00,TBS NEWS DIG Powered by JNN,jnn,TBS NEWS DIG Powered by JNN,1444,"TBS NEWS DIG Powered by JNN
中島健人さんが7月26日、東京ガーデンシアターで開催された「 “IDOL1ST 中島健人” LIVE TOUR 2026」東京公演に出演しました。
【写真を見る】【 中島健人 】事務所初・山田涼介のソロ東京ドーム公演に刺激〝とてもリスペクト〟全国ツアー最終日に公開記者会見〝誰かに刺さるまでアイドルを続けたい〟
本公演は、ソロとしては2枚目のアルバム『IDOL1ST』を背負い、全10都市27公演で7万8500人を動員した全国ツアーの最終日公演。「3000年前の前世でも中島健人がアイドルだったとしたら…」をコンセプトにした、〝ケンティー〟らしさ全開の究極のアイドルエンターテインメントです。

自身も数年ぶりだという、コンサート公演中に行われた「公開記者会見」。中島さん本人のリクエストにより、観客全員で「若君〜」と声を合わせ呼ぶと、中島さんは水色のはかま姿の衣装でステージ上に登場。和装という予想外の姿と美しい所作に客席からはひときわ大きな歓声が上がっていました。

U:nity（中島さんのファンネーム）に見守られながら行われた報道陣向けのフォトセッションでは、カメラマンからのリクエストに次々と新しいポーズを繰り出すケンティー。そのたびに黄色い歓声が上がりました。〝（U:nityが）「若君」って呼んでくれたので、すごく嬉しかったですし、何かコレクションに参加しているみたいな気持ちでしたね。「東京U:nityコレクション」にお招きいただきありがとうございます〟などとクールにジョークをきめて、会場を沸かせていました。

2月から続いてきた全国ツアーもついに最終日公演。中島さんは〝半年間ずっとアイドルとしてこのステージの上に立たせていただいて、自分自身もアイドルとしての自信をさらに持つことができましたし、27公演の全公演やってるんですけれども、U:nityとの絆がさらに深まりました〟とにっこりとアイドルスマイルを浮かべました。

かねてよりソロアイドルとして、東京ドームのステージに立つことを夢のひとつとして掲げている中島さん。会見では、きのうから先輩・Hey! Say! JUMPの山田涼介さんが、事務所初となるソロでのドームツアー『Ryosuke Yamada DOME TOUR 2026 Are You Red.Y?』の東京ドーム公演を開催していることについても触れ、〝ちょうど同日に僕の先輩の山田涼介くんが東京ドームに立っています。JUMPを代表して、ソロとしてドームに立ってる姿はとてもリスペクトできますし、僕自身もソロアイドルとして、必ずU:nityを東京ドームに連れて行きます!〟と、先輩から刺激を受け、夢を叶えることを改めて決意し宣言しました。
一方で、〝夢は大きく持ってます。やっぱり東京ドームに行くっていう夢はアイドルとしてソロアイドルとして絶対行きたいなと思ってます。でも、何よりも一番大切なのは、今この瞬間を幸せにすること〟と謙虚な姿勢も見せました。〝世界中にはたくさんアイドルがいて、皆死ぬ気で体を動かして、全身を魂を削ってキラキラしている時代。自分には自分なりの魂の削り方がきっとあると思うんです。それが誰かに届くまで誰かに刺さるまで僕は（アイドルを）続けていきたいなと思っています〟と話しました。

【担当:芸能情報ステーション】
TBS NEWS DIG Powered by JNN",[],[]
"夏の快眠の秘訣は「脳を冷やす」…暑すぎ・冷えすぎ“ダブル解決”アイテムも【THE TIME,】 （TBS NEWS DIG Powered by JNN）",https://news.yahoo.co.jp/articles/494acb9991ad473bd05d7c7d25ff24186ef9f5c9,https://newsatcl-pctr.c.yimg.jp/t/amd-img/20260727-22824489-jnn-000-3-view.jpg?exp=10800,2026-07-27T10:00:42+09:00,2026-07-27T13:47:12+09:00,TBS NEWS DIG Powered by JNN,jnn,TBS NEWS DIG Powered by JNN,1813,"TBS NEWS DIG Powered by JNN
暑くて寝苦しい…冷えすぎて起きちゃう…そんな悩みを1つで解消するアイテムも続々登場。さらに、専門家がすすめる「脳を冷やす」快眠方法とは?
【写真を見る】夏の快眠の秘訣は「脳を冷やす」…暑すぎ・冷えすぎ“ダブル解決”アイテムも【THE TIME,】
■「疲れた目」をクールダウン

約200種類の“ひんやり安眠グッズ”が揃う『ハンズ新宿店』（東京・渋谷区）。中でもオススメは、「アンドグッドナイト ひんやりアイマスク」（Beauwell/5枚入・880円）です。

『ハンズ』広報部・田口瑛子さん:
「家に帰ってきて暑さをどうにかしたい時、クールダウンしたい時にも手軽に使える」

これまでホットタイプが主流だったアイマスクからクールタイプが登場。天然精油配合のアロマでリラックス効果が期待でき、よりスムーズな入眠につながるといいます。

THE TIME,マーケティング部　君島光輝部員:
「気持ちいい〜。疲れた目を一気にスーッと内側までクールダウンさせてくれる感じ」

■おやすみ前のお風呂でスッキリ

クールタイプの入浴剤も2026年のトレンドに。約50種類が並びます。

中でも「睡眠美容 安眠ちゃん クールミントの香り」（石澤研究所/50g・231円）は、ハッカ油とメントールが配合され、お風呂上りでもス〜ッと心地よい涼しさが人気。

また、ミネラルが豊富な海塩がたっぷりと含まれているため、保湿や美肌ケアもできちゃいます。

■「極冷感」⇒「瞬間鬼冷感」敷きパッド

シリーズ売上累計11億円を誇る『ドン・キホーテ』の「極冷感シリーズ」はさらに進化。

5月に発売された「瞬間鬼冷感 サラサラ冷感持続敷きパッド」（100×200cm/4399円）は、瞬間的な冷たさにこだわった従来の冷感繊維に加え、新たに吸水速乾の生地をプラス。“ムレや熱がこもるのを抑え”、長くひんやり感が続きます。
※店舗により価格・取扱商品は異なる場合があります

君島部員:
「かなり冷たい!寝返りを打ってもひんやり冷たいのでかなり寝心地がいい」

■「ひんやり×あったか」ブランケット

エアコンのつけっぱなしによる「寝冷え問題」を解決するグッズも続々登場しています。
累計300万個を販売した人気の「ゴリラシリーズ」から5月に登場したのが、ブランケットの「ゴリラのハグ夏」（ドウシシャ/約100×140cm/4950円）。

君島部員:
「すごくひんやりしているし、シルク生地のような感じなので触り心地がかなり気持ちいい」

冷えない秘密は、「3層構造」。

接触冷感の生地の間に、保湿性の高いウレタンフォームが挟まれているため、“寝入りはひんやり気持ちよく＆体が冷えてくる深夜にはじんわり温かく”なるのです。

■「暑さ・ムレ・冷え」をコントロール

リカバリーウェアで有名な『TENTIAL』からは、「BAKUNE 掛け布団 クール」（1万9910円:シングル〜）

こちらも「3層構造」で、真ん中にある特殊な中綿が湿度を一定にコントロールしてくれるため、“暑い時にはムレを放出”、“寒い時には保温”する調温・除湿機能を兼ね備えています。

君島部員:
「接触冷感でひんやり感じるけど、厚みもしっかりあるので心地良い重さも感じられて安心感がある」

■快眠の秘訣は「脳を冷やす」

様々な快眠グッズが登場する中、本当のところ「何が一番快眠できるのか?」。疲労医学や睡眠に詳しい専門家に聞きました。

『東京疲労・睡眠クリニック』梶本修身院長:
「一番大切なことは、“脳の温度をしっかり下げる”。脳は昼間に体温調節にかなり疲れてしまっている。眠っている時こそクールダウンさせる」

▼人種・性別・体格問わず【脳の快適な室温は25℃未満（22〜24℃）】（※ロンドン大学などの研究より）
▼室温が25℃以上になると睡眠効率が低下⇒【中途覚醒の回数増】（※ハーバード大学などの研究より）

梶本院長:
「設定温度は25℃にして、その分しっかりと体を温めてあげることが重要。厚着をして冬用布団をかける。“冷たい空気を鼻から吸うことで効率良く脳の温度を下げ”快眠に繋がっていく」

（THE TIME,2026年7月22日放送より）
TBS NEWS DIG Powered by JNN",[],[]
逃亡していた容疑者の男（21） 警察が射殺　性的少数者のイベント参加者などに車で突っ込むなどして30人を死傷させた事件　ドイツ・ベルリン（TBS NEWS DIG Powered by JNN）,https://news.yahoo.co.jp/articles/fdf7e77553e1ba2ac0bd005aa3a71ad69ca8b31d,https://newsatcl-pctr.c.yimg.jp/t/amd-img/20260727-07317497-jnn-000-3-thumb.jpg?exp=10800,2026-07-27T08:36:16+09:00,2026-07-27T09:59:32+09:00,TBS NEWS DIG Powered by JNN,jnn,TBS NEWS DIG Powered by JNN,549,"TBS NEWS DIG Powered by JNN
ドイツ・ベルリンの地元警察は、性的少数者のイベント参加者などに車で突っ込むなどして30人を死傷させた容疑者を逃走先のベルリン北西部で射殺したと発表しました。

地元警察などによりますと、射殺されたのは、ドイツ国籍のアブドゥル・バルート容疑者（21）です。

アブドゥル容疑者は25日、ベルリン市内で行われていた性的少数者らが権利保護などを訴えるイベントに車で突っ込み、持っていた刃物で周りにいた人を襲って1人を殺害、29人を負傷させた疑いがもたれていました。

事件後、警察は逃走したアブドゥル容疑者の顔写真を公開し捜索を続けていましたが、26日、ベルリン北西部で発見。容疑者が刃物をもって襲い掛かってきたため射殺したということです。

アブドゥル容疑者は去年、過激派組織「イスラム国」に参加しようとしたとして逮捕され、執行猶予付きの判決を受けていました。

この事件を受けメルツ首相は犠牲者を追悼する礼拝で「テロという毒が社会の中でさらに蔓延することを決して許しません。我々は社会の自由を守り抜きます」とコメントし、団結を呼びかけました。

警察は、車の助手席に乗っていたとみられる男も拘束していて事件との関係を調べています。
TBSテレビ",[],[]
“イラン関与の貨物船をカスピ海で攻撃”　ウクライナが発表　一方ロシアの攻撃続く　ウクライナ北部チェルニヒウ州　ロシア軍無人機の攻撃で9歳女の子含む2人死亡（TBS NEWS DIG Powered by JNN）,https://news.yahoo.co.jp/articles/29dd31613ac84791c38d64c1b7d42e3430d05380,https://newsatcl-pctr.c.yimg.jp/t/amd-img/20260727-07317496-jnn-000-4-thumb.jpg?exp=10800,2026-07-27T08:05:06+09:00,2026-07-27T10:11:17+09:00,TBS NEWS DIG Powered by JNN,jnn,TBS NEWS DIG Powered by JNN,391,"TBS NEWS DIG Powered by JNN
ウクライナは、ロシアとイランの間で軍事物資を輸送していた貨物船を、カスピ海で攻撃したと発表しました。

ゼレンスキー大統領は25日、ロシア中部のエカテリンブルクにある物流施設のほか、カスピ海でイランが関与する貨物船などを攻撃したと発表しました。

ウクライナ保安庁によりますと、貨物船はロシアとイランの間で軍事物資を輸送していた制裁対象の船舶で、無人機で攻撃したとしています。ウクライナはここ数か月、ロシアの石油関連施設や軍事物流網を狙った長距離の無人機攻撃を相次いで行っています。

一方、ロシアによるウクライナへの攻撃も続いています。

ウクライナ非常事態庁は26日、北部チェルニヒウ州のスーパーマーケットでロシア軍の無人機による攻撃があり、9歳の女の子を含む2人が死亡し、25人がけがをしたと発表しました。
TBSテレビ",[],[]
イラン攻撃　13日連続で停止　米軍司令官らの進言でトランプ大統領が決定か　米報道　攻撃目標の大半を達成「継続の意味がない」（TBS NEWS DIG Powered by JNN）,https://news.yahoo.co.jp/articles/286e8874524faf4b19e6f12705525d6caa6da0bf,https://newsatcl-pctr.c.yimg.jp/t/amd-img/20260727-07317487-jnn-000-4-view.jpg?exp=10800,2026-07-27T06:38:18+09:00,2026-07-27T07:37:21+09:00,TBS NEWS DIG Powered by JNN,jnn,TBS NEWS DIG Powered by JNN,374,"TBS NEWS DIG Powered by JNN
アメリカによるイランへの攻撃が24日から停止されたことについて、設定された攻撃目標を達成したことが背景にあると報じられました。

アメリカのニュースサイト「アクシオス」は26日、13日連続で行われていたイランへの攻撃が24日以降、停止されていることについて、アメリカ軍の司令官らがトランプ大統領に停止を進言したことが一因になったと報じました。

複数の関係者の話として伝えたもので、アメリカ中央軍のクーパー司令官らが設定された攻撃目標の大半は既に達成したとし、大規模攻撃以外の作戦で上げられる成果は限定的で「継続する意味はない」とトランプ大統領に説明したとしています。

トランプ氏は大規模攻撃の実施に傾いていたものの、軍幹部らとの会議を経て、攻撃停止を決定したということです。
TBSテレビ",[],[]
関東中心に大気不安定続く 局地的雷雨注意　西日本は連日の猛暑に（TBS NEWS DIG Powered by JNN）,https://news.yahoo.co.jp/articles/f5757aa6b7a5d1e4826213cfb391e251756db4ab,https://newsatcl-pctr.c.yimg.jp/t/amd-img/20260727-07317483-jnn-000-2-thumb.jpg?exp=10800,2026-07-27T06:33:40+09:00,2026-07-27T06:37:39+09:00,TBS NEWS DIG Powered by JNN,jnn,TBS NEWS DIG Powered by JNN,617,"TBS NEWS DIG Powered by JNN
■関東中心にきょうも天気急変に注意
きょうは高気圧に近い西日本で晴れて猛暑が続きます。東日本は変わりやすい天気で、関東は日差しが出ますが、午後は山沿いや内陸でにわか雨や雷雨があるでしょう。東京都心は夜、一時的に雨が降る可能性があります。空が暗くなってきたら天気急変のサインです。北陸は激しい雨の降る所があり、大雨による土砂災害などに警戒が必要です。北海道は広く晴れて、にわか雨は内陸の狭い範囲になります。きょう全国で一番気温が上がるのは、暑さで有名な日田（大分）、久留米（福岡）で39℃予想です。

【きょうの各地の予想最高気温】
札幌　:26℃　釧路　:21℃
青森　:28℃　盛岡　:26℃
仙台　:26℃　新潟　:30℃
長野　:31℃　金沢　:31℃
名古屋:37℃　東京　:33℃
大阪　:36℃　岡山　:36℃
広島　:36℃　松江　:34℃
高知　:36℃　福岡　:36℃
鹿児島:36℃　那覇　:33℃

■今週後半は一段と暑さ厳しく 来週は台風の動向に注意
今週前半は東日本で引き続き、変わりやすい天気になります。一方、今週後半は西日本で一段と暑さが厳しくなります。市街地でも40℃近くまで上がる所が出てくるでしょう。北陸や東北は週末以降に梅雨明けの発表がありそうです。また、来週は列島に台風が近づく可能性があるため、今後の動向にご注意ください。
TBSテレビ",[],[]
【熱中症警戒アラート】23都府県に発表 熱中症の危険性が極めて高くなる危険な暑さを予想（7月27日5時）（TBS NEWS DIG Powered by JNN）,https://news.yahoo.co.jp/articles/73a60eebabc3765a6097eb4bd1d6dcd37f160ed5,https://newsatcl-pctr.c.yimg.jp/t/amd-img/20260727-22827771-jnn-000-1-view.jpg?exp=10800,2026-07-27T06:30:37+09:00,2026-07-27T06:30:37+09:00,TBS NEWS DIG Powered by JNN,jnn,TBS NEWS DIG Powered by JNN,3161,"TBS NEWS DIG Powered by JNN
きょう（27日）、熱中症の危険性が極めて高い危険な暑さが予想されるとして、環境省と気象庁は、23の都府県に「熱中症警戒アラート」を発表しました。
【写真を見る】【熱中症警戒アラート】23都府県に発表 熱中症の危険性が極めて高くなる危険な暑さを予想（7月27日5時）
環境省と気象庁はきょう（27日）、23の都府県で「暑さ指数」が33以上となり、熱中症の危険性が極めて高くなる危険な暑さが予想されるとして、午前5時ごろ、「熱中症警戒アラート」を発表しました。

「熱中症警戒アラート」が発表されたエリアでは、
・普段以上に屋内の気温や湿度に気を配り、
・エアコンなどを適切に使用し、
・より涼しい環境で過ごしてください。
・こまめに休憩を取り、
・水分・塩分を補給してください。

人の健康に関わる被害が生じるおそれがあります。暑さから自分の身を守ってください。
一方、屋外やエアコンが設置されていない屋内での運動・作業・活動は、できるだけ中止や延期を検討してください。
激しい運動は禁物です。さらに、特に暑さに弱い高齢者や障害者の人たち、小さな子どもたちに対しては、大丈夫かどうか声をかけてあげてください。

◆熱中症警戒アラートが発表されている地域
東京都（小笠原諸島）、静岡県、愛知県、三重県、
大阪府、兵庫県、和歌山県、広島県、
島根県、鳥取県、徳島県、香川県、
愛媛県、高知県、山口県、福岡県、
大分県、長崎県、佐賀県、熊本県、
宮崎県、鹿児島県（奄美地方除く）、奄美地方、沖縄本島地方、
大東島地方

◆熱中症警戒アラートが発表されている地域ごとの詳しい地点

（ ）は27日5時頃時点における当日の日最高暑さ指数の予測値

◯東京都
小河内（27） 青梅（29） 練馬（29） 八王子（30） 府中（31） 東京（29） 江戸川臨海（29） 大島（30） 三宅島（31） 八丈島（31） 父島（32） 

◯静岡県
井川（27） 御殿場（28） 富士（32） 三島（31） 佐久間（30） 川根本町（30） 清水（34） 網代（29） 静岡（31） 天竜（31） 浜松（32） 菊川牧之原（30） 松崎（32） 稲取（30） 磐田（31） 御前崎（31） 石廊崎（30）
◯愛知県
愛西（31） 稲武（28） 名古屋（31） 豊田（31） 大府（31） 岡崎（30） 新城（30） 蒲郡（31） 南知多（32） 豊橋（31） 伊良湖（33） 

◯三重県
桑名（33） 四日市（31） 亀山（30） 上野（30） 津（32） 小俣（33） 粥見（31） 鳥羽（30） 南伊勢（31） 紀伊長島（33） 尾鷲（31） 熊野新鹿（30） 

◯大阪府
能勢（29） 枚方（30） 大阪（31） 生駒山（26） 堺（31） 熊取（30） 

◯兵庫県
香住（28） 豊岡（31） 兎和野高原（27） 和田山（30） 生野（30） 柏原（29） 一宮（31） 福崎（31） 西脇（30） 上郡（31） 姫路（31） 三田（29） 三木（29） 家島（33） 明石（31） 神戸（31） 郡家（31） 洲本（31） 南淡（32） 

◯和歌山県
かつらぎ（31） 友ケ島（34） 和歌山（30） 高野山（26） 清水（28） 龍神（29） 川辺（31） 栗栖川（32） 新宮（33） 西川（31） 潮岬（33） 

◯広島県
高野（29） 三次（31） 庄原（31） 大朝（29） 油木（29） 加計（32） 三入（32） 世羅（31） 府中（33） 東広島（31） 福山（31） 廿日市津田（31） 広島（33） 竹原（29） 生口島（29） 大竹（34） 呉（32） 呉市蒲刈（33） 

◯島根県
西郷（30） 海士（32） 鹿島（31） 松江（32） 出雲（31） 大田（32） 掛合（30） 横田（30） 赤名（28） 川本（30） 浜田（33） 瑞穂（30） 弥栄（30） 益田（34） 津和野（33） 吉賀（32） 

◯鳥取県
境（32） 塩津（31） 青谷（31） 岩井（29） 米子（32） 倉吉（29） 鳥取（31） 智頭（31） 茶屋（29） 

◯徳島県
池田（32） 穴吹（33） 徳島（32） 東祖谷（31） 蒲生田（34） 木頭（33） 日和佐（33） 海陽（32）
◯香川県
内海（34） 高松（32） 多度津（34） 滝宮（33） 引田（30） 財田（33） 

◯愛媛県
大三島（32） 今治（32） 西条（32） 新居浜（33） 四国中央（33） 松山（33） 長浜（30） 久万（32） 大洲（32） 瀬戸（31） 宇和（33） 宇和島（34） 近永（34） 御荘（35） 

◯高知県
本川（31） 本山（32） 大栃（33） 高知（32） 後免（31） 安芸（33） 梼原（31） 須崎（31） 窪川（34） 室戸岬（32） 江川崎（35） 佐賀（33） 宿毛（33） 中村（35） 清水（33） 

◯山口県
須佐（33） 萩（32） 油谷（32） 徳佐（31） 秋吉台（32） 広瀬（32） 豊田（33） 山口（33） 岩国（30） 防府（32） 下松（34） 玖珂（34） 下関（34） 柳井（32） 安下庄（33） 

◯福岡県
宗像（31） 八幡（33） 行橋（34） 飯塚（33） 前原（32） 福岡（35） 太宰府（32） 添田（33） 朝倉（34） 久留米（34） 黒木（32） 大牟田（35） 

◯大分県
国見（33） 中津（34） 豊後高田（33） 院内（33） 杵築（34） 日田（33） 玖珠（32） 湯布院（33） 大分（35） 犬飼（33） 竹田（32） 佐伯（31） 宇目（33） 蒲江（34） 

◯長崎県
鰐浦（32） 厳原（33） 芦辺（33） 平戸（33） 松浦（34） 佐世保（33） 西海（34） 有川（35） 長崎（33） 雲仙岳（29） 島原（34） 福江（32） 口之津（35） 脇岬（34） 

◯佐賀県
唐津（33） 伊万里（32） 佐賀（33） 嬉野（33） 白石（34） 

◯熊本県
鹿北（31） 南小国（30） 岱明（35） 菊池（32） 阿蘇乙姫（30） 熊本（33） 南阿蘇（32） 高森（30） 三角（36） 甲佐（34） 松島（35） 本渡（34） 八代（34） 水俣（34） 人吉（34） 上（33） 牛深（35）
◯宮崎県
高千穂（32） 古江（34） 鞍岡（32） 延岡（33） 日向（34） 神門（33） 西米良（33） 高鍋（32） 加久藤（33） 西都（33） 小林（32） 宮崎（33） 田野（32） 都城（33） 油津（35） 串間（33） 

◯鹿児島県（奄美地方除く）
阿久根（33） 大口（33） さつま柏原（33） 中甑（35） 川内（34） 東市来（34） 牧之原（31） 鹿児島（34） 輝北（32） 加世田（34） 志布志（34） 喜入（35） 鹿屋（33） 肝付前田（34） 枕崎（34） 指宿（33） 内之浦（35） 田代（33） 種子島（33） 上中（33） 屋久島（34） 尾之間（33） 

◯奄美地方
中之島（32） 名瀬（32） 古仁屋（31） 伊仙（33） 沖永良部（33） 

◯沖縄本島地方
伊是名（32） 奥（31） 名護（31） 久米島（33） 宮城島（32） 渡嘉敷（31） 那覇（32） 糸数（31） 

◯大東島地方
南大東（34）
TBS NEWS DIG Powered by JNN",[],[]
村上宗隆、1試合2発含む3安打6打点の大暴れ ! ルーキー日本人選手最多記録へあと1本に迫る　チームも12-3で大勝（TBS NEWS DIG Powered by JNN）,https://news.yahoo.co.jp/articles/5729a0338f6f69e181d6cf5c758f7ffb11797f4e,https://newsatcl-pctr.c.yimg.jp/t/amd-img/20260727-22827772-jnn-000-2-view.jpg?exp=10800,2026-07-27T06:29:13+09:00,2026-07-27T06:47:12+09:00,TBS NEWS DIG Powered by JNN,jnn,TBS NEWS DIG Powered by JNN,1141,"TBS NEWS DIG Powered by JNN
■MLB　ホワイトソックス 12ー3 アストロズ（日本時間27日、レート・フィールド）

ホワイトソックスの村上宗隆（26）が本拠地でのアストロズ戦に“2番・一塁”で先発出場。2本のホームランを含む3安打6打点の活躍でチームの勝利に大きく貢献した。

アストロズに先制された迎えた1回裏、無死一塁の場面で打席に立った村上は、フルカウントからの6球目。外角のスライダーを捉えた打球はレフトへ一直線。スタンドに入ると本拠地の観客からは大歓声が上がり、一塁を回ったところで村上は笑顔を見せ、右手を突き上げた。村上にとっては5月28日のツインズ戦での20号から2か月ぶり、ケガから復帰後初アーチとなった21号2ランで、2-1と逆転に成功する

3回の2打席目も無死ニ・三塁の場面でセカンドゴロを打ち1打点を稼ぐと、7回1死ニ・三塁のチャンスで回ってきた村上の4打席目。149キロの速球をセンター前に弾き返す2点タイムリーを放ち、8-3と大きくリードを広げた。

さらに8回の5打席目には、156キロの速球を捉えライトスタンドに放り込む22号ソロホームランを放った。村上はこの試合2本のホームランを含む3安打6打点の大活躍を見せ、チームも12-3と大勝した。

5月30日のタイガース戦。村上は2回の第2打席、1死一塁の場面で二ゴロを放つと、一塁へ全力疾走。その際に右太ももを痛めたとみられ、プレー後にベンチへ下がった。肉離れと診断され負傷者リスト（IL）入りとなった。7月11日のアスレチックス戦でメジャー復帰した村上は、オールスターにも選出され、ホームランダービーにも参戦した。

これまでメジャー1年目の日本人選手最多本塁打記録は大谷翔平の22本だったが、25日にブルージェイズの岡本和真（30）が23号を放ち、記録を更新したばかり。メジャールーキー・村上も、この日の2発で岡本の記録に1本差に迫った。

【メジャー日本選手1年目のホームラン数】
1位:岡本和真（26年Bジェイズ）　 23本
2位:村上宗隆（26年Wソックス）　22本
　　  大谷翔平（18年エンゼルス）
4位:城島健司（06年マリナーズ）　18本
5位:松井秀喜（03年ヤンキース）　16本
6位:井口資仁（05年Wソックス）　15本
　　 吉田正尚（23年Rソックス）　
8位:鈴木誠也（22年カブス） 14本
9位:新庄剛志（01年メッツ） 10本
　　  福留孝介（08年カブス）
　　  青木宣親（12年ブルワーズ）
12位:イチロー（01年マリナーズ） 8本
　　　 筒香嘉智（20年レイズ）
TBS NEWS DIG Powered by JNN",[],[]
イラン攻撃 13日連続からの停止　「外交に時間を与えるため」と米国連大使が言及　「今後数日間の展開を見守る」（TBS NEWS DIG Powered by JNN）,https://news.yahoo.co.jp/articles/b3e211f22605bb9a23c06250ff987c6f63542b9b,https://newsatcl-pctr.c.yimg.jp/t/amd-img/20260727-07317484-jnn-000-2-view.jpg?exp=10800,2026-07-27T06:10:30+09:00,2026-07-27T07:28:16+09:00,TBS NEWS DIG Powered by JNN,jnn,TBS NEWS DIG Powered by JNN,453,"TBS NEWS DIG Powered by JNN
アメリカによるイランへの攻撃が24日から止まっていることについて、トランプ政権の国連大使は「外交に時間を与えるためだ」と語りました。

アメリカ　ウォルツ国連大使
「外交に余地を与えているのだ。そのために少しの時間を与えている。トランプ大統領は外交のチャンスを与えており、今後数日間の展開を見守ることになる」

アメリカのウォルツ国連大使は26日、CBSテレビの番組に出演し、13日連続で行われていたイランへの攻撃が24日以降、停止されていることについて、このように説明しました。

ウォルツ氏は「対話はあらゆるレベルで続けられている」と強調する一方で、「追加の戦力が中東地域に展開されている」とも述べていて、さらなる攻撃も「選択肢だ」とけん制しています。

また、アメリカメディアが、防空ミサイルの枯渇を懸念して、トランプ大統領がイランへの大規模攻撃を当面見送る方針を固めたと報じたことについて、「荒唐無稽な主張だ」と反論しています。
TBSテレビ",[],[]
千葉の国道で軽乗用車と乗用車が正面衝突　軽乗用車運転の75歳の男性死亡　乗用車の親子4人も重軽傷（TBS NEWS DIG Powered by JNN）,https://news.yahoo.co.jp/articles/f6226b2646e3af135c98869a80fee095c63e15af,https://newsatcl-pctr.c.yimg.jp/t/amd-img/default.jpg?exp=10800,2026-07-27T06:08:46+09:00,2026-07-27T06:08:46+09:00,TBS NEWS DIG Powered by JNN,jnn,TBS NEWS DIG Powered by JNN,392,"きのう（26日）、千葉県大多喜町の国道で乗用車同士が衝突する事故がありました。この事故で75歳の男性が死亡し、親子4人が重軽傷を負いました。

きのう午後1時半ごろ、大多喜町新丁の国道上で「軽乗用車と普通乗用車の事故」と、目撃者から110番通報がありました。

警察によりますと、国道を南から北に走っていた軽乗用車が何らかの原因で対向車線にはみ出し、乗用車と正面衝突したということです。

この事故で、軽乗用車を運転していた市原市の高梨美さん（75）が全身を強く打つなどして病院に運ばれましたが、その後、死亡しました。

乗用車を運転していたさいたま市の男性（42）と妻（40代）、10歳くらいの男の子と8歳くらいの女の子の4人も重軽傷を負いましたが、いずれも命に別状はないということです。

警察はドライブレコーダーを解析するなどして、当時の状況を詳しく調べています。
TBSテレビ",[],[]
アメリカによるイランへの攻撃停止、トランプ政権の国連大使「外交に時間を与えるため」（TBS NEWS DIG Powered by JNN）,https://news.yahoo.co.jp/articles/92458580e98ace33bc9274d525b0e9d5ad476f42,https://newsatcl-pctr.c.yimg.jp/t/amd-img/20260727-07317482-jnn-000-5-view.jpg?exp=10800,2026-07-27T05:56:46+09:00,2026-07-27T07:30:28+09:00,TBS NEWS DIG Powered by JNN,jnn,TBS NEWS DIG Powered by JNN,497,"TBS NEWS DIG Powered by JNN
アメリカによるイランへの攻撃が24日から止まっていることについて、トランプ政権の国連大使は「外交に時間を与えるためだ」と語りました。

アメリカ　ウォルツ国連大使
「外交に余地を与えているのだ。そのために少しの時間を与えている。トランプ大統領は外交のチャンスを与えており、今後数日間の展開を見守ることになる」

ウォルツ国連大使は26日、CBSテレビの番組に出演し、13日連続で行われていたイランへの攻撃が、24日以降、停止されていることについて、このように説明しました。

そのうえで、「追加の戦力が中東地域に展開されている」とも述べていて、さらなる攻撃も「選択肢だ」とけん制しています。

こうした中、攻撃の停止について、ニュースサイト「アクシオス」は、設定された標的の大半を破壊したとして、アメリカ中央軍の司令官らがトランプ大統領に停止を進言したことが一因になったと報じました。

複数の関係者の話として伝えたもので、大規模攻撃以外の作戦で達成できる成果は限定的だとして、「継続する意味はない」と説明したとしています。
TBSテレビ",[],[]
フランス南西部の山火事 猛烈な勢いで広がる、22万人が避難（TBS NEWS DIG Powered by JNN）,https://news.yahoo.co.jp/articles/82b5c9628e8f2293d82183520e63ec0f777e4df2,https://newsatcl-pctr.c.yimg.jp/t/amd-img/20260727-07317479-jnn-000-2-thumb.jpg?exp=10800,2026-07-27T05:56:36+09:00,2026-07-27T05:58:47+09:00,TBS NEWS DIG Powered by JNN,jnn,TBS NEWS DIG Powered by JNN,528,"TBS NEWS DIG Powered by JNN
フランスの南西部で発生した山火事は、現在も猛烈な勢いで広がっていて、これまでに22万人が避難しています。

記者
「今、消防士の方々が、炎が上がっている現場に次々と向かっていきます。一斉に放水が始まっています」

フランスの南西部・ジロンド県ボルドー市近郊で発生した山火事は依然として猛威を振るっていて、ヌニェス内相によると、これまでに22万人が避難しているということです。

また、ルコルニュ首相は30件以上の火事が同時に発生したと明らかにしました。

軍用機を投入して消火活動が行われていますが、すでにおよそ10万ヘクタールが焼失したということです。

子ども3人と避難した母親
「書類と家の鍵と着の身着のまま出ていくしかなかったのです。ほとんど何も持ってきていません」

避難した中学生
「（家の近くは）ほとんど酸素がないくらいでした。午後7時から8時くらいには全部閉め切って、頭が痛くて息がしづらかったです」

地元メディアによると、山火事が発生した現場付近で花火を打ち上げるなどの危険行為を行ったとして男3人が逮捕されていて、検察当局が火災との関連を調べているということです。
TBSテレビ",[],[]
ドジャースは連勝「4」でストップ、中継ぎ陣が3ラン2被弾　大谷翔平は二塁打のみで9回に代打送られる（TBS NEWS DIG Powered by JNN）,https://news.yahoo.co.jp/articles/a80ca3a525e19fa81d65c664e9f0abf54b0b0972,https://newsatcl-pctr.c.yimg.jp/t/amd-img/20260727-00010000-jnn-000-2-view.jpg?exp=10800,2026-07-27T05:44:32+09:00,2026-07-27T05:45:42+09:00,TBS NEWS DIG Powered by JNN,jnn,TBS NEWS DIG Powered by JNN,1010,"ドジャース・大谷翔平選手
■MLB　メッツ 8ー3 ドジャース（日本時間27日、シティ・フィールド）

ドジャースの大谷翔平（32）が敵地でのメッツ戦に“1番・DH”でスタメン出場し、4打数1安打、9回の打席で代打を送られた。メッツに先制されたドジャースは3回、F.フリーマン（36）の適時打で同点に追いつくと、M.マンシー（35）の内野ゴロで三塁ランナーがかえり逆転に成功する。しかし6回、7回と中継ぎ陣が3ランを浴び、3－8で敗れチームの連勝も「4」で止まった。
【日程一覧】3連覇に挑む大谷翔平、山本由伸らのドジャース2026年
25日のメッツとの初戦では、4打数2安打1打点の活躍を見せた大谷。1－1の同点で迎えた7回、1死ニ・三塁で中犠飛を放ち勝ち越しに成功。先発・佐々木朗希（24）の4勝目に大きく貢献した。しかし翌26日のメッツとの2戦目では、山本由伸（27）が6回1失点の好投で今季11勝目、日米通算100勝をマーク。しかし大谷は、5打数ノーヒットに終わった。

大谷の1回の第1打席は、メッツ先発・F.ペラルタ（30）の3球目、外角のスウィーパーを捉え右中間に運ぶ二塁打を放ち、先制のチャンスを作る。その後2死一・三塁となったが、5番・M.ベッツ（33）は左飛に終わり得点はならなかった。その裏、ドジャース先発のE.シーハン（26）は先頭打者に二塁打を打たれると、続くF.リンドーア（32）に右前適時打を浴び、1点を先制される。

3回、ドジャースは先頭のE.アルフォンゾ（26）が二塁打で出塁。続く大谷は三振に倒れたが、A.パヘス（25）は四球を選び、1死一・二塁としてフリーマンが左翼線適時二塁打を放ち、1－1の同点に。尚もニ・三塁でマンシーのニゴロの間に三塁ランナーがホームイン、ドジャースが2－1と逆転に成功した。

4回、ドジャースは無死満塁のチャンスで、アルフォンゾの投ゴロの間に1点入り3－1。さらに1死二・三塁で大谷が打席に入ったが、変化球に空振り三振に倒れ、追加点を奪うことはできなかった。迎えた6回、1死一・二塁でドジャースは代わったばかりのE.フィリップス（31）が、T.テイラー（32）に内角低めのシンカーを捉えられ、3ラン本塁打。メッツに3－4と勝ち越しを許す。7回にはD.ラッシング（25）の捕逸により失点。さらに3ランも浴びて3－8と引き離され、ドジャースは敗戦となった。",[],[]
【レベル3大雨警報】新潟県・上越市に発表 05:42時点（TBS NEWS DIG Powered by JNN）,https://news.yahoo.co.jp/articles/8243349e6f39f5b245da85ddb27a5cbeeb6a1186,https://newsatcl-pctr.c.yimg.jp/t/amd-img/20260727-22827762-jnn-000-1-view.jpg?exp=10800,2026-07-27T05:44:11+09:00,2026-07-27T05:44:11+09:00,TBS NEWS DIG Powered by JNN,jnn,TBS NEWS DIG Powered by JNN,497,"TBS NEWS DIG Powered by JNN
気象台は、27日午前5時42分に、レベル3大雨警報を上越市に発表しました。

上越では、低い土地の浸水や河川の増水に警戒してください。
【現在地の防災情報を確認】
【大雨警報（発表中）】
■新潟市
●レベル2大雨注意報

■長岡市
●レベル2大雨注意報

■三条市
●レベル2大雨注意報

■柏崎市
●レベル2大雨注意報

■小千谷市
●レベル2大雨注意報

■加茂市
●レベル2大雨注意報

■十日町市
●レベル2大雨注意報

■見附市
●レベル2大雨注意報

■糸魚川市
●レベル2大雨注意報

■妙高市
●レベル2大雨注意報

■五泉市
●レベル2大雨注意報

■上越市
●レベル3大雨警報【発表】

■阿賀野市
●レベル2大雨注意報

■魚沼市
●レベル2大雨注意報

■南魚沼市
●レベル2大雨注意報

■田上町
●レベル2大雨注意報

■阿賀町
●レベル2大雨注意報

■出雲崎町
●レベル2大雨注意報

■湯沢町
●レベル2大雨注意報

■刈羽村
●レベル2大雨注意報
TBS NEWS DIG Powered by JNN",[],[]
【レベル4大雨危険警報】富山県・黒部市に発表 05:11時点（TBS NEWS DIG Powered by JNN）,https://news.yahoo.co.jp/articles/b714d79c99be1500ecaa765bbd10653926b95a81,https://newsatcl-pctr.c.yimg.jp/t/amd-img/20260727-22827760-jnn-000-1-view.jpg?exp=10800,2026-07-27T05:13:13+09:00,2026-07-27T05:13:13+09:00,TBS NEWS DIG Powered by JNN,jnn,TBS NEWS DIG Powered by JNN,331,"TBS NEWS DIG Powered by JNN
気象台は、27日午前5時11分に、レベル4大雨危険警報を黒部市に発表しました。

東部では、低い土地の浸水や河川の増水に厳重に警戒してください。
【現在地の防災情報を確認】
【大雨警報（発表中）】
■高岡市
●レベル2大雨注意報

■魚津市
●レベル2大雨注意報

■氷見市
●レベル2大雨注意報

■黒部市
●レベル4大雨危険警報【発表】

■砺波市
●レベル2大雨注意報

■小矢部市
●レベル2大雨注意報

■南砺市
●レベル2大雨注意報

■射水市
●レベル2大雨注意報

■入善町
●レベル4大雨危険警報

■朝日町
●レベル4大雨危険警報
TBS NEWS DIG Powered by JNN",[],[]
【レベル3大雨警報】富山県・黒部市に発表 04:52時点（TBS NEWS DIG Powered by JNN）,https://news.yahoo.co.jp/articles/8881274f0eafe858f66ba022b7046526a3373797,https://newsatcl-pctr.c.yimg.jp/t/amd-img/20260727-22827755-jnn-000-1-view.jpg?exp=10800,2026-07-27T04:54:18+09:00,2026-07-27T04:54:18+09:00,TBS NEWS DIG Powered by JNN,jnn,TBS NEWS DIG Powered by JNN,327,"TBS NEWS DIG Powered by JNN
気象台は、27日午前4時52分に、レベル3大雨警報を黒部市に発表しました。

東部では、低い土地の浸水や河川の増水に厳重に警戒してください。
【現在地の防災情報を確認】
【大雨警報（発表中）】
■高岡市
●レベル2大雨注意報

■魚津市
●レベル2大雨注意報

■氷見市
●レベル2大雨注意報

■黒部市
●レベル3大雨警報【発表】

■砺波市
●レベル2大雨注意報

■小矢部市
●レベル2大雨注意報

■南砺市
●レベル2大雨注意報

■射水市
●レベル2大雨注意報

■入善町
●レベル4大雨危険警報

■朝日町
●レベル4大雨危険警報
TBS NEWS DIG Powered by JNN",[],[]
村上宗隆、2か月ぶりの21号2ラン本塁打 ! ケガから復帰後初アーチでルーキー日本人選手最多記録へあと2本に迫る（TBS NEWS DIG Powered by JNN）,https://news.yahoo.co.jp/articles/eef5dd914688ff8edf7ba2c6b051fbd96749f662,https://newsatcl-pctr.c.yimg.jp/t/amd-img/20260727-22827751-jnn-000-2-view.jpg?exp=10800,2026-07-27T04:25:24+09:00,2026-07-27T04:29:13+09:00,TBS NEWS DIG Powered by JNN,jnn,TBS NEWS DIG Powered by JNN,954,"TBS NEWS DIG Powered by JNN
■MLB　ホワイトソックス ー アストロズ（日本時間27日、レート・フィールド）

ホワイトソックスの村上宗隆（26）が本拠地でのアストロズ戦に“2番・一塁”で先発出場。1回の第1打席に21号2ラン本塁打を放った。アストロズに先制されてからの一発で、チームは2-1と逆転に成功。また、村上にとっては5月28日のツインズ戦での20号から2か月ぶり、ケガから復帰後初アーチとなった。

1回裏、無死一塁の場面で打席に立った村上は、フルカウントからの6球目。外角のスライダーを捉えた打球はレフトへ一直線。スタンドに入ると本拠地の観客からは大歓声が上がり、一塁を回ったところで村上は笑顔を見せ、右手を突き上げた。1回表にアストロズに1点を先制されたため、逆転の一発となった。

5月30日のタイガース戦。村上は2回の第2打席、1死一塁の場面で二ゴロを放つと、一塁へ全力疾走。その際に右太ももを痛めたとみられ、プレー後にベンチへ下がった。肉離れと診断され負傷者リスト（IL）入りとなった。7月11日のアスレチックス戦でメジャー復帰した村上は、オールスターにも選出され、ホームランダービーにも参戦した。

これまでメジャー1年目の日本人選手最多本塁打記録は大谷翔平の22本だったが、25日にブルージェイズの岡本和真（30）が23号を放ち、記録を更新したばかり。メジャールーキー・村上も、この日の一発で岡本の記録に2本差に迫った。

【メジャー日本選手1年目のホームラン数】
1位:岡本和真（26年Bジェイズ）　 23本
2位:大谷翔平（18年エンゼルス）　22本
3位:村上宗隆（26年Wソックス）　21本　
4位:城島健司（06年マリナーズ）　18本
5位:松井秀喜（03年ヤンキース）　16本
6位:井口資仁（05年Wソックス）　15本
　　 吉田正尚（23年Rソックス）　
8位:鈴木誠也（22年カブス） 14本
9位:新庄剛志（01年メッツ） 10本
　　  福留孝介（08年カブス）
　　  青木宣親（12年ブルワーズ）
12位:イチロー（01年マリナーズ） 8本
　　　 筒香嘉智（20年レイズ）
TBS NEWS DIG Powered by JNN",[],[]
【レベル4大雨危険警報】富山県・入善町に発表 03:54時点（TBS NEWS DIG Powered by JNN）,https://news.yahoo.co.jp/articles/527fe3ad6c408bb84da9ef0054e37c7bfcb0fb80,https://newsatcl-pctr.c.yimg.jp/t/amd-img/20260727-22827748-jnn-000-1-view.jpg?exp=10800,2026-07-27T03:55:26+09:00,2026-07-27T03:55:26+09:00,TBS NEWS DIG Powered by JNN,jnn,TBS NEWS DIG Powered by JNN,330,"TBS NEWS DIG Powered by JNN
気象台は、27日午前3時54分に、レベル4大雨危険警報を入善町に発表しました。

東部では、低い土地の浸水や河川の増水に厳重に警戒してください。
【現在地の防災情報を確認】
【大雨警報（発表中）】
■高岡市
●レベル2大雨注意報

■魚津市
●レベル2大雨注意報

■氷見市
●レベル2大雨注意報

■黒部市
●レベル2大雨注意報

■砺波市
●レベル2大雨注意報

■小矢部市
●レベル2大雨注意報

■南砺市
●レベル2大雨注意報

■射水市
●レベル2大雨注意報

■入善町
●レベル4大雨危険警報【発表】

■朝日町
●レベル4大雨危険警報
TBS NEWS DIG Powered by JNN",[],[]
【レベル4大雨危険警報】富山県・朝日町に発表 03:45時点（TBS NEWS DIG Powered by JNN）,https://news.yahoo.co.jp/articles/7b55a6b6d66121d6aa28117970a2ad4f9a57962a,https://newsatcl-pctr.c.yimg.jp/t/amd-img/20260727-22827746-jnn-000-1-view.jpg?exp=10800,2026-07-27T03:47:12+09:00,2026-07-27T03:47:12+09:00,TBS NEWS DIG Powered by JNN,jnn,TBS NEWS DIG Powered by JNN,328,"TBS NEWS DIG Powered by JNN
気象台は、27日午前3時45分に、レベル4大雨危険警報を朝日町に発表しました。

東部では、低い土地の浸水や河川の増水に厳重に警戒してください。
【現在地の防災情報を確認】
【大雨警報（発表中）】
■高岡市
●レベル2大雨注意報

■魚津市
●レベル2大雨注意報

■氷見市
●レベル2大雨注意報

■黒部市
●レベル2大雨注意報

■砺波市
●レベル2大雨注意報

■小矢部市
●レベル2大雨注意報

■南砺市
●レベル2大雨注意報

■射水市
●レベル2大雨注意報

■入善町
●レベル3大雨警報

■朝日町
●レベル4大雨危険警報【発表】
TBS NEWS DIG Powered by JNN",[],[]
福島県で最大震度2の地震　福島県・檜枝岐村（TBS NEWS DIG Powered by JNN）,https://news.yahoo.co.jp/articles/eff7d245aff577fd6540b6a16011c54c21c4ba80,https://newsatcl-pctr.c.yimg.jp/t/amd-img/20260727-22827743-jnn-000-1-view.jpg?exp=10800,2026-07-27T03:07:13+09:00,2026-07-27T03:07:13+09:00,TBS NEWS DIG Powered by JNN,jnn,TBS NEWS DIG Powered by JNN,302,"TBS NEWS DIG Powered by JNN
27日午前3時3分ごろ、福島県で最大震度2を観測する地震がありました。

気象庁によりますと、震源地は福島県会津で、震源の深さはおよそ10km、地震の規模を示すマグニチュードは2.8と推定されます。
【詳細】各地の震度一覧・最新LIVE
この地震による津波の心配はありません。

最大震度2を観測したのは、福島県の檜枝岐村です。

【各地の震度詳細】

■震度2
□福島県
檜枝岐村

気象庁の発表に基づき、地域ごとに震度情報をお伝えしています。
新たな情報が発表され次第、情報を更新します。
TBS NEWS DIG Powered by JNN",[],[]
【レベル3大雨警報】富山県・朝日町に発表 02:54時点（TBS NEWS DIG Powered by JNN）,https://news.yahoo.co.jp/articles/ae889567af8bd9f3c36fd9527d632e004803a620,https://newsatcl-pctr.c.yimg.jp/t/amd-img/20260727-22827739-jnn-000-1-view.jpg?exp=10800,2026-07-27T02:56:14+09:00,2026-07-27T02:56:14+09:00,TBS NEWS DIG Powered by JNN,jnn,TBS NEWS DIG Powered by JNN,321,"TBS NEWS DIG Powered by JNN
気象台は、27日午前2時54分に、レベル3大雨警報を朝日町に発表しました。

東部では、低い土地の浸水や河川の増水に警戒してください。
【現在地の防災情報を確認】
【大雨警報（発表中）】
■高岡市
●レベル2大雨注意報

■魚津市
●レベル2大雨注意報

■氷見市
●レベル2大雨注意報

■黒部市
●レベル2大雨注意報

■砺波市
●レベル2大雨注意報

■小矢部市
●レベル2大雨注意報

■南砺市
●レベル2大雨注意報

■射水市
●レベル2大雨注意報

■入善町
●レベル3大雨警報

■朝日町
●レベル3大雨警報【発表】
TBS NEWS DIG Powered by JNN",[],[]
【レベル4土砂災害危険警報】富山県・黒部市に発表 02:18時点（TBS NEWS DIG Powered by JNN）,https://news.yahoo.co.jp/articles/89e4116a5fa8995ea52b60a1288856d62d2e899f,https://newsatcl-pctr.c.yimg.jp/t/amd-img/20260727-22827735-jnn-000-1-view.jpg?exp=10800,2026-07-27T02:20:26+09:00,2026-07-27T02:20:26+09:00,TBS NEWS DIG Powered by JNN,jnn,TBS NEWS DIG Powered by JNN,329,"TBS NEWS DIG Powered by JNN
気象台は、27日午前2時18分に、レベル4土砂災害危険警報を黒部市に発表しました。
【現在地の防災情報を確認】
東部では、土砂災害に厳重に警戒してください。

【土砂災害警報（発表中）】
■富山市平地
●レベル2土砂災害注意報

■魚津市
●レベル2土砂災害注意報

■氷見市
●レベル2土砂災害注意報

■黒部市
●レベル4土砂災害危険警報【発表】

■砺波市
●レベル2土砂災害注意報

■小矢部市
●レベル2土砂災害注意報

■南砺市
●レベル2土砂災害注意報

■入善町
●レベル4土砂災害危険警報

■朝日町
●レベル4土砂災害危険警報
TBS NEWS DIG Powered by JNN",[],[]
鹿児島県で最大震度3の地震　鹿児島県・阿久根市（TBS NEWS DIG Powered by JNN）,https://news.yahoo.co.jp/articles/46be5d042da35442fe9803d8597612ddb50cf57b,https://newsatcl-pctr.c.yimg.jp/t/amd-img/20260727-22827731-jnn-000-3-view.jpg?exp=10800,2026-07-27T02:04:13+09:00,2026-07-27T02:06:16+09:00,TBS NEWS DIG Powered by JNN,jnn,TBS NEWS DIG Powered by JNN,406,"TBS NEWS DIG Powered by JNN
27日午前2時0分ごろ、鹿児島県で最大震度3を観測する地震がありました。

気象庁によりますと、震源地は鹿児島県薩摩地方で、震源の深さはごく浅い、地震の規模を示すマグニチュードは4.2と推定されます。
【詳細】各地の震度一覧・最新LIVE
この地震による津波の心配はありません。

最大震度3を観測したのは、鹿児島県の阿久根市です。

【各地の震度詳細】

■震度3
□鹿児島県
阿久根市

■震度2
□鹿児島県
鹿児島出水市　薩摩川内市　長島町

■震度1
□鹿児島県
枕崎市　霧島市　いちき串木野市
伊佐市　姶良市　さつま町
薩摩川内市甑島

□熊本県
水俣市　上天草市　天草市
芦北町

気象庁の発表に基づき、地域ごとに震度情報をお伝えしています。
新たな情報が発表され次第、情報を更新します。
TBS NEWS DIG Powered by JNN",[],[]
【レベル4土砂災害危険警報】富山県・入善町に発表 01:44時点（TBS NEWS DIG Powered by JNN）,https://news.yahoo.co.jp/articles/fe24064f55e74fedbbe0158947bcd71c8699003e,https://newsatcl-pctr.c.yimg.jp/t/amd-img/20260727-22827727-jnn-000-1-view.jpg?exp=10800,2026-07-27T01:46:12+09:00,2026-07-27T01:46:12+09:00,TBS NEWS DIG Powered by JNN,jnn,TBS NEWS DIG Powered by JNN,328,"TBS NEWS DIG Powered by JNN
気象台は、27日午前1時44分に、レベル4土砂災害危険警報を入善町に発表しました。
【現在地の防災情報を確認】
東部では、土砂災害に厳重に警戒してください。

【土砂災害警報（発表中）】
■富山市平地
●レベル2土砂災害注意報

■魚津市
●レベル2土砂災害注意報

■氷見市
●レベル2土砂災害注意報

■黒部市
●レベル2土砂災害注意報

■砺波市
●レベル2土砂災害注意報

■小矢部市
●レベル2土砂災害注意報

■南砺市
●レベル2土砂災害注意報

■入善町
●レベル4土砂災害危険警報【発表】

■朝日町
●レベル4土砂災害危険警報
TBS NEWS DIG Powered by JNN",[],[]
【レベル3大雨警報】富山県・入善町に発表 01:33時点（TBS NEWS DIG Powered by JNN）,https://news.yahoo.co.jp/articles/fa74549fbf7d59ba361dadc0e51b00fc8612752e,https://newsatcl-pctr.c.yimg.jp/t/amd-img/20260727-22827724-jnn-000-1-view.jpg?exp=10800,2026-07-27T01:35:24+09:00,2026-07-27T01:35:24+09:00,TBS NEWS DIG Powered by JNN,jnn,TBS NEWS DIG Powered by JNN,322,"TBS NEWS DIG Powered by JNN
気象台は、27日午前1時33分に、レベル3大雨警報を入善町に発表しました。

東部では、低い土地の浸水や河川の増水に警戒してください。
【現在地の防災情報を確認】
【大雨警報（発表中）】
■高岡市
●レベル2大雨注意報

■魚津市
●レベル2大雨注意報

■氷見市
●レベル2大雨注意報

■黒部市
●レベル2大雨注意報

■砺波市
●レベル2大雨注意報

■小矢部市
●レベル2大雨注意報

■南砺市
●レベル2大雨注意報

■射水市
●レベル2大雨注意報

■入善町
●レベル3大雨警報【発表】

■朝日町
●レベル2大雨注意報
TBS NEWS DIG Powered by JNN",[],[]
【独自】吉松県議が依頼した音声データ鑑定「改ざん編集の痕は見られなかった」 福岡県議会議長ポストめぐる現金授受疑惑（TBS NEWS DIG Powered by JNN）,https://news.yahoo.co.jp/articles/0f24b4bf7191f304eb06464da6fc0ef6f295b2e3,https://newsatcl-pctr.c.yimg.jp/t/amd-img/20260727-07317468-jnn-000-6-thumb.jpg?exp=10800,2026-07-27T01:19:25+09:00,2026-07-27T10:10:47+09:00,TBS NEWS DIG Powered by JNN,jnn,TBS NEWS DIG Powered by JNN,428,"TBS NEWS DIG Powered by JNN
福岡県議会の議長ポストをめぐる現金授受疑惑で、やり取りを録音したとする音声データについて、告発した吉松県議が依頼した音声鑑定で「改ざん編集の痕は見られなかった」という結果がまとまりました。
【県議会の“ドン”に直撃取材】金銭授受はあった？ “政治とカネ”疑惑【写真で見る】
録音 吉松県議
「ちょっとね、大金やけんね。管理しとかんと」

福岡県議会の議長就任前に自民党県議団の幹部に総額2000万円を支払った証拠として、音声データを公開した吉松源昭議員。「鈴木・三崎法科学鑑定研究所」に鑑定を依頼し、音声は中尾前副議長と「同一人物である可能性が高い」としたうえで、「改ざん編集の痕は見られなかった」とする結果を受け取りました。

この音声データについて「改ざん」の可能性があると主張していた中尾正幸氏は、先週、議員を辞職しています。

吉松議員はきょう、詳細について会見を開く予定です。
TBSテレビ",[],[]
【レベル4土砂災害危険警報】富山県・朝日町に発表 01:14時点（TBS NEWS DIG Powered by JNN）,https://news.yahoo.co.jp/articles/524baffbd65d91c91dc686194ef2e1b6670718d9,https://newsatcl-pctr.c.yimg.jp/t/amd-img/20260727-22827720-jnn-000-1-view.jpg?exp=10800,2026-07-27T01:17:12+09:00,2026-07-27T01:17:12+09:00,TBS NEWS DIG Powered by JNN,jnn,TBS NEWS DIG Powered by JNN,327,"TBS NEWS DIG Powered by JNN
気象台は、27日午前1時14分に、レベル4土砂災害危険警報を朝日町に発表しました。
【現在地の防災情報を確認】
東部では、土砂災害に厳重に警戒してください。

【土砂災害警報（発表中）】
■富山市平地
●レベル2土砂災害注意報

■魚津市
●レベル2土砂災害注意報

■氷見市
●レベル2土砂災害注意報

■黒部市
●レベル2土砂災害注意報

■砺波市
●レベル2土砂災害注意報

■小矢部市
●レベル2土砂災害注意報

■南砺市
●レベル2土砂災害注意報

■入善町
●レベル2土砂災害注意報

■朝日町
●レベル4土砂災害危険警報【発表】
TBS NEWS DIG Powered by JNN",[],[]
【レベル4大雨危険警報】新潟県・糸魚川市に発表 00:26時点（TBS NEWS DIG Powered by JNN）,https://news.yahoo.co.jp/articles/4fa1e1720162f6c31b2f1a2bc89f280c283e6e7b,https://newsatcl-pctr.c.yimg.jp/t/amd-img/20260727-22827715-jnn-000-1-view.jpg?exp=10800,2026-07-27T00:28:13+09:00,2026-07-27T00:28:13+09:00,TBS NEWS DIG Powered by JNN,jnn,TBS NEWS DIG Powered by JNN,488,"TBS NEWS DIG Powered by JNN
気象台は、27日午前0時26分に、レベル4大雨危険警報を糸魚川市に発表しました。

上越では、低い土地の浸水や河川の増水に厳重に警戒してください。
【現在地の防災情報を確認】
【大雨警報（発表中）】
■新潟市
●レベル2大雨注意報

■長岡市
●レベル2大雨注意報

■三条市
●レベル2大雨注意報

■柏崎市
●レベル2大雨注意報

■小千谷市
●レベル2大雨注意報

■加茂市
●レベル2大雨注意報

■十日町市
●レベル2大雨注意報

■見附市
●レベル2大雨注意報

■糸魚川市
●レベル4大雨危険警報【発表】

■妙高市
●レベル2大雨注意報

■五泉市
●レベル2大雨注意報

■上越市
●レベル2大雨注意報

■阿賀野市
●レベル2大雨注意報

■魚沼市
●レベル2大雨注意報

■南魚沼市
●レベル2大雨注意報

■田上町
●レベル2大雨注意報

■阿賀町
●レベル2大雨注意報

■出雲崎町
●レベル2大雨注意報

■刈羽村
●レベル2大雨注意報
TBS NEWS DIG Powered by JNN",[],[]
【レベル4土砂災害危険警報】新潟県・糸魚川市に発表 00:26時点（TBS NEWS DIG Powered by JNN）,https://news.yahoo.co.jp/articles/defa89b3a255a6b6b6facd03d0163d98ec9ece48,https://newsatcl-pctr.c.yimg.jp/t/amd-img/20260727-22827713-jnn-000-1-view.jpg?exp=10800,2026-07-27T00:28:13+09:00,2026-07-27T00:28:13+09:00,TBS NEWS DIG Powered by JNN,jnn,TBS NEWS DIG Powered by JNN,598,"TBS NEWS DIG Powered by JNN
気象台は、27日午前0時26分に、レベル4土砂災害危険警報を糸魚川市に発表しました。
【現在地の防災情報を確認】
上越では、土砂災害に厳重に警戒してください。

【土砂災害警報（発表中）】
■新潟市
●レベル2土砂災害注意報

■長岡市
●レベル2土砂災害注意報

■柏崎市
●レベル2土砂災害注意報

■新発田市
●レベル2土砂災害注意報

■小千谷市
●レベル2土砂災害注意報

■加茂市
●レベル2土砂災害注意報

■十日町市
●レベル2土砂災害注意報

■村上市
●レベル2土砂災害注意報

■糸魚川市
●レベル4土砂災害危険警報【発表】

■妙高市
●レベル2土砂災害注意報

■五泉市
●レベル2土砂災害注意報

■上越市
●レベル2土砂災害注意報

■阿賀野市
●レベル2土砂災害注意報

■佐渡市
●レベル2土砂災害注意報

■魚沼市
●レベル2土砂災害注意報

■南魚沼市
●レベル2土砂災害注意報

■胎内市
●レベル2土砂災害注意報

■弥彦村
●レベル2土砂災害注意報

■阿賀町
●レベル2土砂災害注意報

■出雲崎町
●レベル2土砂災害注意報

■津南町
●レベル2土砂災害注意報

■刈羽村
●レベル2土砂災害注意報

■関川村
●レベル2土砂災害注意報
TBS NEWS DIG Powered by JNN",[],[]
