headline,mainEntityOfPage,image,datePublished,dateModified,author,media_en,media_jp,str_count,body,images,external_links
齋藤飛鳥「アナザースカイ」新MCに決定 初回は10月3日放送「びっくりしすぎてちょっと笑ってしまいました」【コメント】（モデルプレス）,https://news.yahoo.co.jp/articles/8eeb1077096d728c4cb4194eaa33b7d01955c203,https://newsatcl-pctr.c.yimg.jp/t/amd-img/20260926-04849948-mdpr-000-1-view.jpg?exp=10800,2026-09-26T23:30:03+09:00,2026-09-26T23:30:03+09:00,モデルプレス,mdpr,モデルプレス,1292,齋藤飛鳥（提供写真） 【モデルプレス＝2026/09/26】女優の齋藤飛鳥が「Google Pixel presents ANOTHER SKY」の新MCに就任することが決定した。 【写真】27歳元乃木坂センター「新鮮すぎる」バッサリヘアカットでイメチェン ◆齋藤飛鳥「アナザースカイ」新MC就任 「Google Pixel presents ANOTHER SKY」は、「忘れられない､空がある。」をコンセプトに、ゲストが国内外のゆかりの地を巡る姿に密着するドキュメンタリー番組。自身のルーツや人生観、仕事観と向き合うロケ映像をスタジオで見守りながら、MCがゲストの本音や裏話を引き出していく。 2011年に乃木坂46の1期生として最年少でデビューし、エースとしてグループを牽引した齋藤。2023年の卒業後は、モデルやCM出演に加え、俳優としての才能も発揮。雑誌「sweet」のレギュラーモデルを務める傍ら、2024年には日本アカデミー賞新人俳優賞を受賞するなど、映画やドラマで存在感を放つ彼女が、今度はMCという新境地でどのような顔を見せるのか。 MC就任のオファーを受けた際は「びっくりしすぎて笑ってしまった」と振り返る齋藤。「歴史ある番組の素敵なところを守りながら、自分らしく頑張る」と、静かなる意気込みを覗かせた。 新MCとしての初回となる10月3日の放送回では、ゲストに俳優の鈴鹿央士を迎える。鈴鹿がかつて一人旅で自分と向き合ったイタリア・トスカーナを訪れる映像を見ながら、スタジオでは今田耕司とタッグを組みどのようにゲストの魅力を引き出していくのか必見だ。 なお、新MC2人による新キービジュアルの公開に先駆け、「アナザースカイ」の齋藤1ショットビジュアルも解禁された。齋藤の新たな挑戦となる10月3日の放送に、期待が集まる。（modelpress編集部） ◆齋藤飛鳥コメント Q.アナザースカイ新MCに決まった時の心境は？ はじめにお話を伺ったときは、あまりにもびっくりしすぎてちょっと笑ってしまいました。小さい頃から観ていた番組で、二度もゲストとして出演できただけでもとても嬉しかったのに、まさかMCを務められるとは―と、幸せな気持ちです。とても愛のある素敵な番組だと思うので、そんなみなさんとご一緒する日々が楽しみです。 Q.初収録をやってみた感想は？ 初回からアナザースカイという番組の良いところを、一番近いところで体感できたような気持ちです。アナザースカイのみなさんがつくる映像は、すっと心に入ってくるような美しさがあり、やはりどこか愛情を感じられるのでとてもすきです。そして、今田さんがゲストの方のほぐれた瞬間をさっと拾い上げ、横にいるわたしにも気遣いのボールを投げてくださり、おかげさまでさっそく楽しませていただきました。歴史ある番組の素敵なところを守りながら、番組のために、そしてきてくださるゲストのみなさんが心地よくお話して帰れるために―という気持ちを持って、わたしらしく頑張ってまいります。 【Not Sponsored 記事】 modelpress,[],[]
【「ガルアワ2026A/W」イケメンまとめ】SixTONES田中樹・トラジャ松田元太らシークレット登場 俳優＆アーティストが豪華集結（モデルプレス）,https://news.yahoo.co.jp/articles/2f1d002872809d1902b6d7a798069e63ebed7ee6,https://newsatcl-pctr.c.yimg.jp/t/amd-img/20260926-04850285-mdpr-000-3-view.jpg?exp=10800,2026-09-26T23:15:39+09:00,2026-09-26T23:30:37+09:00,モデルプレス,mdpr,モデルプレス,1913,"吉澤要人、志賀李玖、越山敬達、KYUHYUN・HARUTO、ONE N' ONLY、KO1KEYZ野村康太、鈴木仁、水沢林太郎 【モデルプレス＝2026/09/26】9月26日、千葉・幕張メッセで開催のファッション＆⾳楽イベント「Rakuten GirlsAward 2026 AUTUMN／WINTER」が開催された。ここでは同イベントに登場したイケメンをまとめて紹介する。 【写真】「ガルアワ」MC務めるSTARTOイケメン ◆EBiDAN、豪華集結 ONE N’ ONLYが「Good Boys Anthem」など4曲を披露し会場を盛り上げたほか、原因は自分にある。の吉澤要人やBUDDiiSの森愁斗・小川史記らスターダストプロモーション所属俳優・タレントによる男性アーティスト集団・EBiDAN（恵比寿学園男子部）が華麗なランウェイを披露した。 ◆STARTO勢、続々登場 2年ぶりにゲストMCを務めるSixTONESの田中樹が、トップバッターでランウェイに登場。ブラウンをベースに、襟や袖、裾にさまざまな色を取り入れた遊び心あふれるニットに、シンプルな黒のブルゾンを羽織り、肩にはニットマフラーを掛けた秋冬らしい装いを披露した。ランウェイ出演は事前に発表されていなかったため、会場からは大きな歓声が上がっていた。 テレビ朝日系オシドラサタデー『はだかんぼうたち』（毎週土曜よる11時～／10月3日スタート）で主演を務めるTravis Japanの松田元太、共演しているHey! Say! JUMPの高木雄也（※「高」は正式には「はしごだか」）らはスペシャルステージに登場。ホワイトを基調にそれぞれ異なるスタイリングでオーラを放った。 20年来の友⼈で、ともにアメカジや古着を愛するファッション好きとしても知られる“大親友コンビ”元A.B.C-Zでタレントの河合郁人と4人組グループ・ふぉ～ゆ～の辰巳雄大はペアでランウェイを闊歩。ランウェイトップでは、辰巳が河合の肩に手を乗せ、仲睦まじい様子で客席を盛り上げた。 ◆KO1KEYZ＆DXTEENら、パフォーマンス披露 サバイバルオーディション番組「PRODUCE 101 JAPAN 新世界」から誕生したKO1KEYZ（コイキーズ）は、フレッシュなエネルギーあふれるパフォーマンスで会場を盛り上げた。なお、RYOGA（飯塚亮賀）とSIYOUNG（パク・シヨン）は、仲睦まじいペアランウェイも披露していた。 DXTEENは、人気曲「両片想い」をはじめとした3曲を披露。息の揃ったダンスと爽やかなパフォーマンスで会場を沸かせ、観客を魅了した。 ◆総勢20人のメンノンモデルが集結 また、雑誌「メンズノンノ（MEN'S NON-NO）」（集英社）のステージには、豊田裕大、高橋璃央、松岡光、高橋大翔（※「高」は正式には「はしごだか」）、海谷遠音、四坂亮翔、中川大輔、鈴々木響、栄莉弥、鈴木仁、嵐翔真、石川愛大、野村康太、籠宮壮太朗、松井大奈、水沢林太郎、高橋紅輝（※「高」は正式には「はしごだか」）、中田圭祐、小方蒼介、鈴鹿央士の総勢20人の""メンノン""モデルが集結。続々とランウェイを闊歩する姿に会場からは黄色い声援が沸いていた。 さらに、同ステージでは同誌のモデルオーディション「メンズノンノモデルオーディション2026」グランプリ発表も行われた。グランプリは史上最年少となる15歳7ヶ月・東京都出身の野崎祥平（のざき・しょうへい／※「崎」は正式には「たつさき」）。準グランプリは21歳・東京都出身の佐々木南風花（ささき・なふか）、22歳・東京都出身の及川意男（おいかわ・いだん）が獲得。次世代の「メンズノンノ」を担う、新たなイケメンたちの今後にも注目が集まる。 ◆俳優陣＆アーティストもランウェイ彩る ほかにも水沢林太郎、鈴木仁、AENのKYUHYUN・HARUTO、野村康太らがランウェイを闊歩した。 ◆「ガルアワ2026A/W」テーマは「Love Me!!!」 記念すべき30回目の開催となる今回のテーマは、何度でも「好き」と思ってもらえる、ずっと愛され続ける存在でありたいという想いが込められた「Love Me!!!」。ランウェイには藤田ニコル、生見愛瑠、山下美月ら豪華俳優・モデルが集結し、乃木坂46、ふぉ～ゆ～、CANDY TUNE、KO1KEYZらアーティストによるパフォーマンスも展開。MCは南海キャンディーズの山里亮太、森香澄に加え、田中樹がゲストMCを務めた。（modelpress編集部） 【Not Sponsored 記事】 modelpress",[],[]
【「ガルアワ2026A/W」坂道シリーズまとめ】乃木坂46・櫻坂46・日向坂46、OG含め25人豪華集結 ステージ華やかに彩る（モデルプレス）,https://news.yahoo.co.jp/articles/ea525123e046f43f0e14f81f466c2b4282cb80bc,https://newsatcl-pctr.c.yimg.jp/t/amd-img/20260926-04850047-mdpr-000-2-view.jpg?exp=10800,2026-09-26T23:02:10+09:00,2026-09-26T23:07:17+09:00,モデルプレス,mdpr,モデルプレス,1842,（上段左から）藤吉夏鈴、山下美月、遠藤さくら、山崎天、大野愛実（下段左から）井上和、田村保乃、小坂菜緒、川崎桜、金村美玖 【モデルプレス＝2026/09/26】26日、千葉・幕張メッセでファッション＆⾳楽イベント「Rakuten GirlsAward 2026 AUTUMN／WINTER」が開催された。ここでは同イベントに登場した坂道シリーズのメンバーをまとめて紹介する。 【写真】21歳乃木坂人気メン、観客を悶絶させた“あざとポーズ” ◆乃木坂46、遠藤さくら・一ノ瀬美空ら8人登場 乃木坂46はアーティストライブのトップバッターを飾り、イエローのチェック柄を取り入れた華やかな衣装で「ジコチューで行こう！」をはじめとする3曲を披露した。さらに五百城茉央、一ノ瀬美空、井上和、遠藤さくら、金川紗耶、川崎桜（※「崎」は正式には「たつさき」）、筒井あやめ、増田三莉音の8人がランウェイに登場した。 遠藤は、胸元にブラックのリボンがあしらわれたホワイトファージャケットに、光り輝くティアラを合わせた甘めのコーディネートで登場し、ブラックのミニスカートからはスラリとした美しい脚が際立っていた。 一ノ瀬はボリューミーなフライトキャップに、温かみのあるニット素材と煌びやかな素材をミックスした遊び心あふれるルックでランウェイに登場。普段とはひと味違うスタイリングにSNS上では「どんなスタイルも似合う」「さすがの着こなし」などのコメントが寄せられた。 井上はチェック柄のキャミソールワンピースに、美しい肩のラインが際立つボレロをレイヤードしたコーディネートで登場。ランウェイトップでは口元にキュートに手を当てる仕草を見せ、客席からは歓声が上がっていた。 ◆櫻坂46、田村保乃・守屋麗奈ら7人登場 櫻坂46からは浅井恋乃未、田村保乃、藤吉夏鈴、的野美青、守屋麗奈、山崎天（※「崎」は正式には「たつさき」）、山下瞳月の7人がランウェイに登場した。 山崎はレザージャケットにレザーパンツを合わせ、ロングコートを羽織ったスタイリングで登場。長身のスタイルを際立たせる着こなしで、存在感を放った。 藤吉は白シャツにブラウン系のジャケットを重ね、ゆったりとしたハーフ丈のデニムを合わせたスタイリングで登場。足元にはブラウンのロングブーツを取り入れ、ショートヘアと相まってマニッシュで落ち着いた雰囲気を漂わせた。 ◆日向坂46、金村美玖・小坂菜緒ら5人登場 日向坂46からは大野愛実、金村美玖、小坂菜緒、藤嶌果歩、松尾桜の5人が登場した。 大野はパープルの総柄ジャケットに、花柄とドット柄がミックスされたトップス、ティアードスカートを合わせたレトロスタイルで登場。おでこをのぞかせたセンター分けのボブヘアアレンジで颯爽とランウェイを闊歩した。 金村は、クマのモチーフが描かれた白Tシャツに、レオパード柄のアウターを重ねて登場。首元にはシルバー調のネックレスを合わせ、ロングヘアを自然に流した大人っぽいスタイリングを見せた。 ◆元乃木坂46山下美月・元櫻坂46小林由依ら、OGメンバーも登場 この日は、元櫻坂46の小林由依、元日向坂46の濱岸ひより、元乃木坂46の山下美月、元日向坂46の富田鈴花、元乃木坂46の桜井玲香、5人の坂道シリーズOGも登場した。 美月はボリュームのあるブラウンのファージャケットに、変形スカートを合わせたスタイルで登場。足元には黒のショートブーツを合わせて美しい脚をのぞかせ、圧倒的なオーラで観客の視線を集めた。 富田は、淡いブルーのトップスに白のミニ丈ボトムを合わせ、美しい脚をのぞかせた淡色コーデで登場。ファーをあしらったアウターと同系色のロングブーツを合わせ、やわらかく上品な雰囲気を漂わせながらランウェイを歩いた。 ◆「ガルアワ2026A/W」テーマは「Love Me!!!」 記念すべき30回目の開催となる今回のテーマは、何度でも「好き」と思ってもらえる、ずっと愛され続ける存在でありたいという想いが込められた「Love Me!!!」。ランウェイには藤田ニコル、生見愛瑠ら豪華俳優・モデルが集結し、乃木坂46、ふぉ～ゆ～、CANDY TUNE、KO1KEYZらアーティストによるパフォーマンスも展開。MCは南海キャンディーズの山里亮太、森香澄に加え、田中樹がゲストMCを務めた。（modelpress編集部） 【Not Sponsored 記事】 modelpress,[],[]
「GTO」カジサック長女・梶原叶渚、ネクタイパッチワークのミニドレス着こなす ボリューム感あるイヤーマフで小顔際立つ【ガルアワ2026A/W】（モデルプレス）,https://news.yahoo.co.jp/articles/902e39ade44d5e1e3a6c08a7c33841a733f49b74,https://newsatcl-pctr.c.yimg.jp/t/amd-img/20260926-04850347-mdpr-000-1-view.jpg?exp=10800,2026-09-26T23:00:16+09:00,2026-09-26T23:00:16+09:00,モデルプレス,mdpr,モデルプレス,673,梶原叶渚 【モデルプレス＝2026/09/26】YouTuber・カジサック（キングコング・梶原雄太）の長女でモデルの梶原叶渚が26日、千葉・幕張メッセで開催のファッション＆⾳楽イベント「Rakuten GirlsAward 2026 AUTUMN／WINTER」に出演した。 【写真】カジサック長女、ボリュームのあるイヤーマフで小顔際立つ ◆梶原叶渚、ボリューム感あるイヤーマフで小顔際立つ 梶原は、様々な柄や色のネクタイをパッチワークのようにつなぎ合わせた個性的なミニドレスを身にまとい、ランウェイに登場。袖にフリルをあしらったオフショルダートップスをレイヤードし、肩をのぞかせたスタイルに。太めのウエスタン調ベルトを合わせてシルエットにメリハリをつけ、頭には小顔を引き立てるボリューミーなイヤーマフをプラス。三つ編みヘアも合わせ、遊び心のある華やかなスタイリングを披露した。 ◆「ガルアワ2026A/W」テーマは「Love Me!!!」 記念すべき30回目の開催となる今回のテーマは、何度でも「好き」と思ってもらえる、ずっと愛され続ける存在でありたいという想いが込められた「Love Me!!!」。ランウェイには藤田ニコル、生見愛瑠、山下美月ら豪華俳優・モデルが集結し、乃木坂46、ふぉ～ゆ～、CANDY TUNE、KO1KEYZらアーティストによるパフォーマンスも展開。MCは南海キャンディーズの山里亮太、森香澄に加え、田中樹がゲストMCを務めた。（modelpress編集部） 【Not Sponsored 記事】 modelpress,[],[]
元櫻坂46小林由依、柄カーデ・ハーフパンツ・ニット帽…個性派コーデに反響「着こなせるのさすが」「ギャップがすごい」【ガルアワ2026A/W】（モデルプレス）,https://news.yahoo.co.jp/articles/85580bea08d430b4ec123db78a0863389e1fc086,https://newsatcl-pctr.c.yimg.jp/t/amd-img/20260926-04850341-mdpr-000-1-view.jpg?exp=10800,2026-09-26T22:37:57+09:00,2026-09-26T22:37:57+09:00,モデルプレス,mdpr,モデルプレス,702,小林由依 【モデルプレス＝2026/09/26】元櫻坂46の小林由依が26日、千葉・幕張メッセで開催のファッション＆⾳楽イベント「Rakuten GirlsAward 2026 AUTUMN／WINTER」に出演した。 【写真】26歳元坂道メンバー、ハーフパンツ×ブーツの個性派コーデ ◆小林由依、個性派コーデで堂々ランウェイ 小林は、幾何学柄のカーディガンに、カラフルな柄ニットを重ね、パープルのハーフパンツを合わせたスタイリングで登場。ベージュのロングブーツやニット帽も取り入れ、異なる柄と色を組み合わせた個性派コーディネートを披露した。また、別のステージではオフショルダーのワンピースにファー素材のベレー帽を合わせたガーリーなコーディネートで現れ、ギャップを見せつけていた。 小林のランウェイに、ファンからは「ギャップがすごい」「着こなせるのさすが」「どんなお世服も似合う！」「オフショル可愛すぎた…」といった反響が寄せられている。 ◆「ガルアワ2026A/W」テーマは「Love Me!!!」 記念すべき30回目の開催となる今回のテーマは、何度でも「好き」と思ってもらえる、ずっと愛され続ける存在でありたいという想いが込められた「Love Me!!!」。ランウェイには藤田ニコル、生見愛瑠、山下美月ら豪華俳優・モデルが集結し、乃木坂46、ふぉ～ゆ～、CANDY TUNE、KO1KEYZらアーティストによるパフォーマンスも展開。MCは南海キャンディーズの山里亮太、森香澄に加え、田中樹がゲストMCを務めた。（modelpress編集部） 【Not Sponsored 記事】 modelpress,[],[]
CANDY TUNE立花琴未、美シルエット際立つデニムコーデ バンダナ合わせのウエスタンスタイル披露【ガルアワ2026A/W】（モデルプレス）,https://news.yahoo.co.jp/articles/8aa3eec331a8476463a1105df2fa79ecc7012fac,https://newsatcl-pctr.c.yimg.jp/t/amd-img/20260926-04850129-mdpr-000-1-view.jpg?exp=10800,2026-09-26T22:36:21+09:00,2026-09-26T22:36:21+09:00,モデルプレス,mdpr,モデルプレス,659,立花琴未 【モデルプレス＝2026/09/26】CANDY TUNEの立花琴未が26日、千葉・幕張メッセで開催のファッション＆⾳楽イベント「Rakuten GirlsAward 2026 AUTUMN／WINTER」に出演した。 【写真】CANDY TUNEメンバー、美シルエット際立つデニムコーデ ◆立花琴未、美シルエット輝くセットアップで登場 立花は、デニムで揃えたセットアップ風のスタイルでランウェイに登場。ウエストベルトでウエストマークしたクラシカルなジャケットにフレアパンツを合わせ、美しいシルエットを演出。髪はウェーブを効かせ、頭にはペイズリー柄のバンダナを巻き、レトロでウエスタンな雰囲気漂うスタイリングを披露した。 SNS上では「デニムコーデかっこいい」「バンダナも似合ってる」「シルエットが美しすぎる」などのコメントが寄せられている。 ◆「ガルアワ2026A/W」テーマは「Love Me!!!」 記念すべき30回目の開催となる今回のテーマは、何度でも「好き」と思ってもらえる、ずっと愛され続ける存在でありたいという想いが込められた「Love Me!!!」。ランウェイには藤田ニコル、生見愛瑠、山下美月ら豪華俳優・モデルが集結し、乃木坂46、ふぉ～ゆ～、CANDY TUNE、KO1KEYZらアーティストによるパフォーマンスも展開。MCは南海キャンディーズの山里亮太、森香澄に加え、田中樹がゲストMCを務めた。（modelpress編集部） 【Not Sponsored 記事】 modelpress,[],[]
鈴鹿央士、ブルゾン×ジャケットの重ね着スタイル チェック柄マフラーでこなれ感演出【ガルアワ2026A/W】（モデルプレス）,https://news.yahoo.co.jp/articles/fe288e838b25a62d67b1fb53f0b85937a1e2df1e,https://newsatcl-pctr.c.yimg.jp/t/amd-img/20260926-04850340-mdpr-000-1-view.jpg?exp=10800,2026-09-26T22:34:19+09:00,2026-09-26T22:34:19+09:00,モデルプレス,mdpr,モデルプレス,565,鈴鹿央士 【モデルプレス＝2026/09/26】俳優の鈴鹿央士が26日、千葉・幕張メッセで開催のファッション＆⾳楽イベント「Rakuten GirlsAward 2026 AUTUMN／WINTER」に出演した。 【写真】26歳イケメン俳優、ブルゾン×ジャケットの重ね着スタイル ◆鈴鹿央士、ブルゾン×ジャケットの重ね着スタイル グレーのブルゾンの下にネイビーのテーラードジャケットとシャツ、ネクタイを重ねた、トラッド×ミリタリーのレイヤードスタイルでランウェイに登場。首元にはチェック柄のマフラーを合わせ、シックな優等生風スタイルをストリートライクに着こなした。 ◆「ガルアワ2026A/W」テーマは「Love Me!!!」 記念すべき30回目の開催となる今回のテーマは、何度でも「好き」と思ってもらえる、ずっと愛され続ける存在でありたいという想いが込められた「Love Me!!!」。ランウェイには藤田ニコル、生見愛瑠、山下美月ら豪華俳優・モデルが集結し、乃木坂46、ふぉ～ゆ～、CANDY TUNE、KO1KEYZらアーティストによるパフォーマンスも展開。MCは南海キャンディーズの山里亮太、森香澄に加え、田中樹がゲストMCを務めた。（modelpress編集部） 【Not Sponsored 記事】 modelpress,[],[]
NCT WISH、笑顔溢れる爽やかパフォーマンスで会場熱狂「ガルアワ」出演に喜び「めちゃくちゃ楽しみにしてました！」（モデルプレス）,https://news.yahoo.co.jp/articles/f961ec9024a02a566df1259784f30505602dffd7,https://newsatcl-pctr.c.yimg.jp/t/amd-img/20260926-04850261-mdpr-000-1-view.jpg?exp=10800,2026-09-26T22:28:43+09:00,2026-09-26T22:28:43+09:00,モデルプレス,mdpr,モデルプレス,1133,NCT WISH（提供写真） 【モデルプレス＝2026/09/26】6人組グローバルグループ・NCT WISHが26日、千葉・幕張メッセで開催のファッション＆⾳楽イベント「Rakuten GirlsAward 2026 AUTUMN／WINTER」に出演した。 【写真】NCT WISH、観客魅了した個性光るスタイリング ◆NCT WISH、3曲披露 グリーンやブルーなど鮮やかなカラーを取り入れたスポーティーな衣装で登場したNCT WISH。ロゴ入りトップスやグラフィック柄、ゆったりとしたパンツなど、それぞれ異なるアイテムを取り入れ、6人の個性が光るストリート感あふれるスタイリングでステージに姿を現した。 音楽プロデューサーの小室哲哉が作詞・作曲を手がけたTRFの名曲「BOY MEETS GIRL」をリメイクした楽曲でライブの幕を開けると、爽やかな歌声と息の合ったパフォーマンスで観客を魅了。続く「Hello Mellow」では、軽やかなダンスと明るい表情でステージを駆け巡り、会場をハッピーな空気で包み込んだ。観客の熱気も上昇し、会場のボルテージはMAXに。 MCでは、口々に「（『ガルアワ』出演を』）めちゃくちゃ楽しみにしてました！」と語り、晴れやかな笑顔を見せた。観客から大きな声援が送られると、「もっと近づきましょう！」と呼びかけ、客席に手を振りながらステージを移動。「楽しいね～」と笑顔をこぼすなど、観客との交流を存分に楽しんだ。 そして「知ってる人は一緒に歌ってください」と声を掛け、最後はアップテンポなナンバー「YO-I-DON!」へ。観客を巻き込みながら会場をさらに盛り上げ、ステージは熱気に包まれた。そして、去り際まで「NCT WISHを覚えて帰ってください！」とアピール。最後まで笑顔を絶やさず、客席に手を振りながらステージを後にしていた。 ◆「ガルアワ2026A/W」テーマは「Love Me!!!」 記念すべき30回目の開催となる今回のテーマは、何度でも「好き」と思ってもらえる、ずっと愛され続ける存在でありたいという想いが込められた「Love Me!!!」。ランウェイには藤田ニコル、生見愛瑠、山下美月ら豪華俳優・モデルが集結し、乃木坂46、ふぉ～ゆ～、CANDY TUNE、KO1KEYZらアーティストによるパフォーマンスも展開された。MCは南海キャンディーズの山里亮太、森香澄に加え、田中樹がゲストMCを務めた。（modelpress編集部） ◆NCT WISHセットリスト M1.BOY MEETS GIRL M2.Hello Mellow M3.YO-I-DON! 【Not Sponsored 記事】 modelpress,[],[]
櫻坂46田村保乃、ふわふわファーコート×ミニ丈スカート 冬のフェミニンコーデで観客魅了【ガルアワ2026A/W】（モデルプレス）,https://news.yahoo.co.jp/articles/8ef2b30028d7186f1c38e49b36720885e5f033a0,https://newsatcl-pctr.c.yimg.jp/t/amd-img/20260926-04850083-mdpr-000-1-view.jpg?exp=10800,2026-09-26T22:00:26+09:00,2026-09-26T22:00:26+09:00,モデルプレス,mdpr,モデルプレス,643,田村保乃 【モデルプレス＝2026/09/26】櫻坂46の田村保乃が26日、千葉・幕張メッセで開催のファッション＆⾳楽イベント「Rakuten GirlsAward 2026 AUTUMN／WINTER」に出演した。 【写真】27歳坂道メンバー、ふわふわファーコートでランウェイ登場 ◆田村保乃、ふわふわファーコートでランウェイ登場 ベージュと白のミックスカラーのファーコートを身にまとい、冬らしい甘めのスタイルでランウェイに登場。ボトムスにはふんわりとしたボリューム感のあるフリルミニスカートを合わせ、足元はグレージュのロングブーツでスタイリッシュに引き締めた。ヘアはアップスタイルに白のヘアクリップを添え、揺れるパールのイヤリングで華やかさをプラス。フェミニンな魅力あふれる冬のスタイリングを披露し、観客を魅了した。 ◆「ガルアワ2026A/W」テーマは「Love Me!!!」 記念すべき30回目の開催となる今回のテーマは、何度でも「好き」と思ってもらえる、ずっと愛され続ける存在でありたいという想いが込められた「Love Me!!!」。ランウェイには藤田ニコル、生見愛瑠、山下美月ら豪華俳優・モデルが集結し、乃木坂46、ふぉ～ゆ～、CANDY TUNE、KO1KEYZらアーティストによるパフォーマンスも展開。MCは南海キャンディーズの山里亮太、森香澄に加え、田中樹がゲストMCを務めた。（modelpress編集部） 【Not Sponsored 記事】 modelpress,[],[]
AKB48、2027年春に新冠番組決定 MCはエバース・倉野尾成美＆伊藤百花が意気込み「全員で常に全力で！」【コメント】（モデルプレス）,https://news.yahoo.co.jp/articles/4b415d26da3dee60af147a5f77f0371443927f3d,https://newsatcl-pctr.c.yimg.jp/t/amd-img/20260926-04849934-mdpr-000-1-view.jpg?exp=10800,2026-09-26T22:00:04+09:00,2026-09-26T22:00:04+09:00,モデルプレス,mdpr,モデルプレス,1674,"AKB48（提供写真） 【モデルプレス＝2026/09/26】9月26日（土）、Kアリーナ横浜で開催された「AKB48 THREE CONCEPTS LIVE in K-Arena Yokohama」の夜公演で、AKB48の新たな冠番組が2027年春より日本テレビで放送スタートすることがサプライズ発表された。放送期間は2クールを予定している。 【写真】“顔面重要文化財”22歳AKBセンター「脚の長さが異次元」驚きの美スタイル ◆「好きish」で勢い増すAKB48、新冠番組決定 2026年8月にリリースした68thシングル「好きish」は、ミュージックビデオが公開からわずか3日で100万回再生を突破し、現在1,200万回再生を突破。さらにTikTokでは、楽曲の振付に登場する“アイソレ”を取り入れ、さまざまなアーティストとのコラボ動画を展開するなど、SNSでも広がりを見せている。最新曲をきっかけに、結成21年目を迎えたAKB48が注目を集めている。 さらに9月26日・27日には、Kアリーナ横浜で「AKB48 THREE CONCEPTS LIVE in K-Arena Yokohama」を全3公演開催。3公演それぞれ異なるコンセプトで、現在のAKB48の多彩な魅力を届けた。最新曲のヒットに加え、SNSやライブでも新たな盛り上がりを見せるAKB48。その“今”の勢いを逃すことなく、地上波で新たな魅力を届ける冠番組がスタートする。 ◆AKB48新冠番組 MCはエバース 番組MCを務めるのは、東京NSC21期の同期で2016年に結成したお笑いコンビ・エバース。「M-1グランプリ2024・2025ファイナリスト」、「ABCお笑いグランプリ2025」優勝、2026年「上方漫才協会大賞」大賞など、賞レースで快進撃を続け、今お笑い界で注目を集める2人だ。 2024年からはAKB48のYouTube番組でメンバーと共演を重ね、さまざまな企画をともにしてきた。まさに今、勢いに乗るエバースが、同じく新たな盛り上がりを見せるAKB48と地上波でもタッグを組む。“今”だからこそ実現した組み合わせで、どんな化学反応が生まれるのかにも注目だ。（modelpress編集部） ◆エバースコメント ＜佐々木＞ まさか学生時代から観ていたAKB48と番組を一緒にできる人生だとは思わなかったです！力のかぎり番組を盛り上げられるように頑張りたいです！ ＜町田＞ ありがとうございます！！ 夢が叶いました！！ AKB48と絶対てっぺん取ってやるよ！！ ◆AKB48メンバーコメント ＜倉野尾成美（4代目AKB48グループ総監督）＞ AKB48の新番組が、日本テレビさんで放送されることが決定しました！久しぶりのレギュラー番組に、今からワクワクしています！新番組では、AKB48公式YouTube「素を出すちゃんねる」でもお世話になっているエバースさんとご一緒させていただきます。これまで少しずつ積み重ねてきたメンバーそれぞれのバラエティー力をさらに伸ばせるように、何事にも全力で挑戦していきたいと思います！そして、AKB48もエバースさんも、視聴者のみなさんに「ガチでエグいぞ！」と思っていただけるような、勢いのある番組にしていきたいです！みなさん、ぜひ楽しみに待っていてください！！ ＜伊藤百花＞ AKB48の冠番組にずっと憧れていたので、今回このお話をいただけて嬉しい気持ちでいっぱいです。いつも応援してくださるみなさん、ありがとうございます。そして、AKB48公式YouTube「素を出すちゃんねる」の「AKB48の全力エンタメ委員会」からお世話になっていて、私たちのことをよく知ってくださっているエバースさんとご一緒できるということもすごく嬉しいですし、心強いです！この番組で、より多くの方にメンバー一人一人の魅力を伝えられるように、全員で常に全力で！面白いAKB48をお届けします！！！ 【Not Sponsored 記事】 modelpress",[],[]
森香澄、ファーアウターから美肩大胆見せ 大人な秋冬ムード全開コーデ【ガルアワ2026A/W】（モデルプレス）,https://news.yahoo.co.jp/articles/58b6171557129f66a306b21d9e470af68e2ef335,https://newsatcl-pctr.c.yimg.jp/t/amd-img/20260926-04850089-mdpr-000-1-view.jpg?exp=10800,2026-09-26T21:58:21+09:00,2026-09-26T21:58:21+09:00,モデルプレス,mdpr,モデルプレス,601,森香澄 【モデルプレス＝2026/09/26】俳優・タレントの森香澄が26日、千葉・幕張メッセで開催のファッション＆⾳楽イベント「Rakuten GirlsAward 2026 AUTUMN／WINTER」に出演した。 【写真】31歳フリーアナ「大人可愛い」肌見せコーデ ◆森香澄、チェック柄ワンピで美デコルテ披露 森は、胸元のクロスストラップが目を引くチェック柄のロングワンピースで登場し、美しい肩やデコルテを大胆にのぞかせた。グレー系のファー風アウターを肩から羽織り、足元には黒の厚底ブーツを合わせた秋冬らしいスタイリングを見せた。 ファンからは、「大人可愛い」「チェック柄似合ってる」「このコーデ好き」といった声が寄せられている。 ◆「ガルアワ2026A/W」テーマは「Love Me!!!」 記念すべき30回目の開催となる今回のテーマは、何度でも「好き」と思ってもらえる、ずっと愛され続ける存在でありたいという想いが込められた「Love Me!!!」。ランウェイには藤田ニコル、生見愛瑠、山下美月ら豪華俳優・モデルが集結し、乃木坂46、ふぉ～ゆ～、CANDY TUNE、KO1KEYZらアーティストによるパフォーマンスも展開。MCは南海キャンディーズの山里亮太、森香澄に加え、田中樹がゲストMCを務める。（modelpress編集部） 【Not Sponsored 記事】 modelpress,[],[]
日向坂46小坂菜緒、白のふわもこトップス×ロングスカートで甘さ全開「悶絶級の可愛さ」「見とれちゃう」と反響【ガルアワ2026A/W】（モデルプレス）,https://news.yahoo.co.jp/articles/b6410d3c5bae86168e1736d7b259991e56e15ece,https://newsatcl-pctr.c.yimg.jp/t/amd-img/20260926-04850082-mdpr-000-1-view.jpg?exp=10800,2026-09-26T21:50:25+09:00,2026-09-26T21:50:25+09:00,モデルプレス,mdpr,モデルプレス,617,小坂菜緒 【モデルプレス＝2026/09/26】日向坂46の小坂菜緒が26日、千葉・幕張メッセで開催のファッション＆⾳楽イベント「Rakuten GirlsAward 2026 AUTUMN／WINTER」に出演した。 【写真】24歳坂道メンバー、存在感抜群のふわもこコーデ ◆日向坂46小坂菜緒、白のふわもこトップスで柔らかな装い 小坂は、白のファートップスに、淡いラベンダー系のロングスカートを合わせたスタイリングで登場。サイドをまとめたヘアには白のアクセントを添え、ロングイヤリングと小ぶりのバッグを組み合わせ、可憐な雰囲気に仕上げた。 ファンからは、「悶絶級の可愛さ」「見とれちゃう」「淡色コーデ似合ってる」「雰囲気が優しくて素敵」といった声が寄せられている。 ◆「ガルアワ2026A/W」テーマは「Love Me!!!」 記念すべき30回目の開催となる今回のテーマは、何度でも「好き」と思ってもらえる、ずっと愛され続ける存在でありたいという想いが込められた「Love Me!!!」。ランウェイには藤田ニコル、生見愛瑠、山下美月ら豪華俳優・モデルが集結し、乃木坂46、ふぉ～ゆ～、CANDY TUNE、KO1KEYZらアーティストによるパフォーマンスも展開。MCは南海キャンディーズの山里亮太、森香澄に加え、田中樹がゲストMCを務める。（modelpress編集部） 【Not Sponsored 記事】 modelpress,[],[]
乃木坂46筒井あやめ、イヤーマフ×レッグウォーマーの冬コーデ 愛らしい笑顔に「冬の妖精みたい」「天使すぎる」の声【ガルアワ2026A/W】（モデルプレス）,https://news.yahoo.co.jp/articles/86793722d6aee3a7a99d26deaee2e1e2519ab5a1,https://newsatcl-pctr.c.yimg.jp/t/amd-img/20260926-04850085-mdpr-000-1-view.jpg?exp=10800,2026-09-26T21:41:03+09:00,2026-09-26T21:41:03+09:00,モデルプレス,mdpr,モデルプレス,629,筒井あやめ 【モデルプレス＝2026/09/26】乃木坂46の筒井あやめが26日、千葉・幕張メッセで開催のファッション＆⾳楽イベント「Rakuten GirlsAward 2026 AUTUMN／WINTER」に出演した。 【写真】乃木坂人気メン「天使すぎる」冬コーデで愛らしい笑顔 ◆筒井あやめ、冬コーデで愛らしい笑顔 筒井はグレーのダッフルコート姿でランウェイに登場。耳元を包み込む白のふわふわとしたイヤーマフと、足元に合わせたリボン付きの白いレッグウォーマーで季節感を演出した。ランウェイのトップでは顎に手を当てて笑顔を見せるなど、愛らしい表情を披露した。 SNS上では「冬の妖精みたい」「イヤーマフ姿が可愛い」「冬コーデ似合ってる」「笑顔が天使すぎる」などのコメントが寄せられている。 ◆「ガルアワ2026A/W」テーマは「Love Me!!!」 記念すべき30回目の開催となる今回のテーマは、何度でも「好き」と思ってもらえる、ずっと愛され続ける存在でありたいという想いが込められた「Love Me!!!」。ランウェイには藤田ニコル、生見愛瑠、山下美月ら豪華俳優・モデルが集結し、乃木坂46、ふぉ～ゆ～、CANDY TUNE、KO1KEYZらアーティストによるパフォーマンスも展開。MCは南海キャンディーズの山里亮太、森香澄に加え、田中樹がゲストMCを務めた。（modelpress編集部） 【Not Sponsored 記事】 modelpress,[],[]
櫻坂46守屋麗奈、大ぶりリボンで甘さ全開 ミニワンピ×ファーアウター姿に「スタイル抜群」「天使すぎる」と反響【ガルアワ2026A/W】（モデルプレス）,https://news.yahoo.co.jp/articles/8d1a50942d2395fbff4fca93e93f6c4d953685b6,https://newsatcl-pctr.c.yimg.jp/t/amd-img/20260926-04850091-mdpr-000-2-view.jpg?exp=10800,2026-09-26T21:31:02+09:00,2026-09-27T02:42:29+09:00,モデルプレス,mdpr,モデルプレス,572,守屋麗奈 【モデルプレス＝2026/09/26】櫻坂46の守屋麗奈が26日、千葉・幕張メッセで開催のファッション＆⾳楽イベント「Rakuten GirlsAward 2026 AUTUMN／WINTER」に出演した。 【写真】坂道人気メンバー「天使すぎる」美脚際立つミニ丈コーデ ◆守屋麗奈、甘さ全開コーデで魅せる 守屋はチェック柄のミニワンピースに、ホワイトのファージャケットを合わせたスタイリングを披露。まとめたヘアには大きなピンクのリボンをあしらい、多幸感溢れる笑顔でランウェイを彩った。 SNS上では「天使すぎる」「抜群スタイル」「お姫様みたい」と反響が寄せられている。 ◆「ガルアワ2026A/W」テーマは「Love Me!!!」 記念すべき30回目の開催となる今回のテーマは、何度でも「好き」と思ってもらえる、ずっと愛され続ける存在でありたいという想いが込められた「Love Me!!!」。ランウェイには藤田ニコル、生見愛瑠、山下美月ら豪華俳優・モデルが集結し、乃木坂46、ふぉ～ゆ～、CANDY TUNE、KO1KEYZらアーティストによるパフォーマンスも展開。MCは南海キャンディーズの山里亮太、森香澄に加え、田中樹がゲストMCを務める。（modelpress編集部） 【Not Sponsored 記事】 modelpress,[],[]
乃木坂46金川紗耶、オフショルダーで美デコルテ披露 “首かしげポーズ”に「お姫様みたい」「あざと可愛すぎる」の声【ガルアワ2026A/W】（モデルプレス）,https://news.yahoo.co.jp/articles/71ebbb7a7e54fa32b59de98116969b732e1717cd,https://newsatcl-pctr.c.yimg.jp/t/amd-img/20260926-04850087-mdpr-000-2-view.jpg?exp=10800,2026-09-26T21:28:51+09:00,2026-09-26T21:29:12+09:00,モデルプレス,mdpr,モデルプレス,610,金川紗耶 【モデルプレス＝2026/09/26】乃木坂46の金川紗耶が26日、千葉・幕張メッセで開催のファッション＆⾳楽イベント「Rakuten GirlsAward 2026 AUTUMN／WINTER」に出演した。 【写真】24歳乃木坂メンバー「可愛すぎる」と話題の美デコルテ全開姿 ◆乃木坂46金川紗耶、オフショルダーで美デコルテ披露 金川は、淡いピンクのオフショルダートップスに白のロングスカートを合わせ、美しいデコルテをのぞかせたコーディネートで登場。首元にはリボンを添え、まとめ髪にはレースのリボンを取り入れた可憐なスタイリングを見せた。 ファンからは、「お姫様みたい」「あざと可愛すぎる」「淡色コーデ似合ってる」といった声が寄せられている。 ◆「ガルアワ2026A/W」テーマは「Love Me!!!」 記念すべき30回目の開催となる今回のテーマは、何度でも「好き」と思ってもらえる、ずっと愛され続ける存在でありたいという想いが込められた「Love Me!!!」。ランウェイには藤田ニコル、生見愛瑠、山下美月ら豪華俳優・モデルが集結し、乃木坂46、ふぉ～ゆ～、CANDY TUNE、KO1KEYZらアーティストによるパフォーマンスも展開。MCは南海キャンディーズの山里亮太、森香澄に加え、田中樹がゲストMCを務める。（modelpress編集部） 【Not Sponsored 記事】 modelpress,[],[]
FRUITS ZIPPER、迷惑行為に注意喚起「健全な芸能活動の継続を困難にするおそれがございます」行き過ぎた悪質行為には法的措置を検討【全文】（モデルプレス）,https://news.yahoo.co.jp/articles/00e4627992b610dab5c343c45a9442c10dc2798a,https://newsatcl-pctr.c.yimg.jp/t/amd-img/20260926-04850320-mdpr-000-3-view.jpg?exp=10800,2026-09-26T21:26:18+09:00,2026-09-26T21:31:38+09:00,モデルプレス,mdpr,モデルプレス,1025,FRUITS ZIPPER 【モデルプレス＝2026/09/26】7人組アイドルグループFRUITS ZIPPERの公式X（旧Twitter）が、9月26日に更新され、迷惑行為に関するお願いを伝えた。 【写真】ふるっぱーメンバー、大人の魅力解放 ◆FRUITS ZIPPER、迷惑行為に注意喚起 投稿では「これまでも再三お願いしてまいりましたが、現在もなお、主にSNS上において、当社所属のFRUITS ZIPPERに対し、事実と異なる内容による批判や、憶測・根拠のない情報に基づく投稿、メッセージの送信、およびそれらの拡散行為が多数見受けられます」とした上で「こうした行為は、本人の心身に大きな負担を与えるだけでなく、健全な芸能活動の継続を困難にするおそれがございます。タレントの人権やプライバシーを尊重し、適切な距離を保った応援をいただきますよう、くれぐれもお願い申し上げます」と呼びかけた。 ◆FRUITS ZIPPER、行き過ぎた悪質行為には法的措置 続けて「なお、明らかに行き過ぎた悪質な行為に対しては、警察への相談や発信者情報開示請求を含め、法的措置を講じる場合がございますので、あらかじめご承知おきください」と注意喚起をした。（modelpress編集部） ◆全文 FRUITS ZIPPERに対する迷惑行為に関するお願い 平素より、アソビシステム株式会社（以下「当社」）所属タレントならびに当社の活動に温かいご支援を賜り、心より感謝申し上げます。 これまでも再三お願いしてまいりましたが、現在もなお、主にSNS上において、当社所属のFRUITS ZIPPERに対し、事実と異なる内容による批判や、憶測・根拠のない情報に基づく投稿、メッセージの送信、およびそれらの拡散行為が多数見受けられます。 こうした行為は、本人の心身に大きな負担を与えるだけでなく、健全な芸能活動の継続を困難にするおそれがございます。タレントの人権やプライバシーを尊重し、適切な距離を保った応援をいただきますよう、くれぐれもお願い申し上げます。 なお、明らかに行き過ぎた悪質な行為に対しては、警察への相談や発信者情報開示請求を含め、法的措置を講じる場合がございますので、あらかじめご承知おきください。 ファンの皆様のご理解とご協力を、重ねてお願い申し上げます。 2026.0926 アソビシステム株式会社 【Not Sponsored 記事】 modelpress,[],[]
「今日好き」りんか、存在感放つシャギーコートで登場 美スタイル際立つ着こなしに「憧れる」「世界観が素敵」【ガルアワ2026A/W】（モデルプレス）,https://news.yahoo.co.jp/articles/6fcf4a834636b2abe09038a19e6e9d5a1d9023ae,https://newsatcl-pctr.c.yimg.jp/t/amd-img/20260926-04850319-mdpr-000-1-view.jpg?exp=10800,2026-09-26T21:23:12+09:00,2026-09-26T21:23:12+09:00,モデルプレス,mdpr,モデルプレス,790,りんか 【モデルプレス＝2026/09/26】ABEMAの高校生による青春恋愛リアリティーショー「今日、好きになりました。」に参加していたりんかが26日、千葉・幕張メッセで開催のファッション＆⾳楽イベント「Rakuten GirlsAward 2026 AUTUMN／WINTER」に出演した。 【写真】「今日好き」20歳美女、存在感放つシャギーコートで登場 ◆りんか、存在感放つシャギーコートで登場 りんかは、存在感のあるシャギーコートに、ヴィンテージライクなアイテムを合わせた装いでランウェイに登場。コートの中には、白いシャツとクラシカルなアラベスク調の刺繍が施されたミニ丈のワンピースを合わせ、甘さとカジュアルさをミックス。美しいスタイルが際立つシルエットに、足元は黒のロングブーツを合わせて全体をスタイリッシュに引き締め、首元には煌びやかなビジューとパールのネックレスを重ね付けして華やかさをプラス。どこかノスタルジックな雰囲気漂う、ステージ映えする着こなしを披露した。 SNS上では「世界観が素敵」「憧れる」「スタイル抜群」「似合ってる」「アクセサリーまで全部素敵」などといったコメントが寄せられている。 ◆「ガルアワ2026A/W」テーマは「Love Me!!!」 記念すべき30回目の開催となる今回のテーマは、何度でも「好き」と思ってもらえる、ずっと愛され続ける存在でありたいという想いが込められた「Love Me!!!」。ランウェイには藤田ニコル、生見愛瑠、山下美月ら豪華俳優・モデルが集結し、乃木坂46、ふぉ～ゆ～、CANDY TUNE、KO1KEYZらアーティストによるパフォーマンスも展開。MCは南海キャンディーズの山里亮太、森香澄に加え、田中樹がゲストMCを務めた。（modelpress編集部） 【Not Sponsored 記事】 modelpress,[],[]
野村康太、赤ニット主役の大人コーデ「スタイルがレベチ」「クールでキュンとした」の声【ガルアワ2026A/W】（モデルプレス）,https://news.yahoo.co.jp/articles/0d3662e02a1f1e566f2d1e884a110b83b9b46099,https://newsatcl-pctr.c.yimg.jp/t/amd-img/20260926-04850302-mdpr-000-1-view.jpg?exp=10800,2026-09-26T21:15:51+09:00,2026-09-26T21:15:51+09:00,モデルプレス,mdpr,モデルプレス,663,野村康太 【モデルプレス＝2026/09/26】俳優の野村康太が26日、千葉・幕張メッセで開催のファッション＆⾳楽イベント「Rakuten GirlsAward 2026 AUTUMN／WINTER」に出演した。 【写真】22歳イケメン俳優「理想の冬コーデ」抜群プロポーション際立つスタイリング ◆野村康太、赤ニット主役の大人コーデ 野村は、赤のケーブル編みカーディガンに、シンプルな黒の襟付きトップスとパンツを合わせたコーディネートを披露。鮮やかな赤のカーディガンを主役に、全身を黒でまとめた落ち着きのある大人な秋冬コーデに仕上げた。笑顔を見せず、クールな表情でランウェイを歩いていた。 ファンからは「かっこよすぎる」「相変わらずスタイルがレベチ」「大人っぽくて素敵」「クールでキュンとした」「理想の冬コーデ」「イケメンすぎて眼福」といった声が上がっている。 ◆「ガルアワ2026A/W」テーマは「Love Me!!!」 記念すべき30回目の開催となる今回のテーマは、何度でも「好き」と思ってもらえる、ずっと愛され続ける存在でありたいという想いが込められた「Love Me!!!」。ランウェイには藤田ニコル、生見愛瑠、山下美月ら豪華俳優・モデルが集結し、乃木坂46、ふぉ～ゆ～、CANDY TUNE、KO1KEYZらアーティストによるパフォーマンスも展開。MCは南海キャンディーズの山里亮太、森香澄に加え、田中樹がゲストMCを務めた。（modelpress編集部） 【Not Sponsored 記事】 modelpress,[],[]
豊田裕大、マフラー纏った王道冬コーデ着こなしクールに魅せる「彼氏感すごい」「パーマ似合ってる」と反響【ガルアワ2026A/W】（モデルプレス）,https://news.yahoo.co.jp/articles/d10d61ab635dbc0f6a66075ae612e179b5130fbb,https://newsatcl-pctr.c.yimg.jp/t/amd-img/20260926-04850303-mdpr-000-1-view.jpg?exp=10800,2026-09-26T21:14:49+09:00,2026-09-26T21:14:49+09:00,モデルプレス,mdpr,モデルプレス,551,豊田裕大 【モデルプレス＝2026/09/26】俳優の豊田裕大が26日、千葉・幕張メッセで開催のファッション＆⾳楽イベント「Rakuten GirlsAward 2026 AUTUMN／WINTER」に出演した。 【写真】27歳イケメン俳優「メロい」と反響続々の冬コーデ ◆豊田裕大、王道冬コーデで魅せる 豊田はオレンジのダッフルコートにチェック柄マフラーを合わせた冬の王道スタイルで登場。アンニュイでクールな表情を浮かべ、観客の視線を惹きつけていた。 SNS上では「パーマ似合ってる」「彼氏感すごい」「メロい」と反響が寄せられている。 ◆「ガルアワ2026A/W」テーマは「Love Me!!!」 記念すべき30回目の開催となる今回のテーマは、何度でも「好き」と思ってもらえる、ずっと愛され続ける存在でありたいという想いが込められた「Love Me!!!」。ランウェイには藤田ニコル、生見愛瑠、山下美月ら豪華俳優・モデルが集結し、乃木坂46、ふぉ～ゆ～、CANDY TUNE、KO1KEYZらアーティストによるパフォーマンスも展開。MCは南海キャンディーズの山里亮太、森香澄に加え、田中樹がゲストMCを務める。（modelpress編集部） 【Not Sponsored 記事】 modelpress,[],[]
乃木坂46五百城茉央、“あざとポーズ”披露に客席悶絶 個性派スタイル着こなす【ガルアワ2026A/W】（モデルプレス）,https://news.yahoo.co.jp/articles/cfc3cd297bf7617e85fa7e735cfb4b9bebca5f88,https://newsatcl-pctr.c.yimg.jp/t/amd-img/20260926-04850150-mdpr-000-1-view.jpg?exp=10800,2026-09-26T21:00:43+09:00,2026-09-26T21:00:43+09:00,モデルプレス,mdpr,モデルプレス,555,五百城茉央 【モデルプレス＝2026/09/26】乃木坂46の五百城茉央が26日、千葉・幕張メッセで開催のファッション＆⾳楽イベント「Rakuten GirlsAward 2026 AUTUMN／WINTER」に出演した。 【写真】21歳乃木坂人気メン、観客を悶絶させた“あざとポーズ” ◆五百城茉央、“あざとポーズ”披露 五百城はファージャケットに、鮮やかなマルチカラーのインナーと光沢のあるロングスカートを合わせた個性派スタイルで登場。ランウェイトップでは指先を口元に当てる可愛らしい“あざとポーズ”を披露し、客席からは歓声が上がっていた。 ◆「ガルアワ2026A/W」テーマは「Love Me!!!」 記念すべき30回目の開催となる今回のテーマは、何度でも「好き」と思ってもらえる、ずっと愛され続ける存在でありたいという想いが込められた「Love Me!!!」。ランウェイには藤田ニコル、生見愛瑠、山下美月ら豪華俳優・モデルが集結し、乃木坂46、ふぉ～ゆ～、CANDY TUNE、KO1KEYZらアーティストによるパフォーマンスも展開。MCは南海キャンディーズの山里亮太、森香澄に加え、田中樹がゲストMCを務める。（modelpress編集部） 【Not Sponsored 記事】 modelpress,[],[]
乃木坂46一ノ瀬美空、フライトキャップ際立つユニークコーデ 普段とのギャップに「雰囲気違って新鮮」「どんなスタイルも似合う」【ガルアワ2026A/W】（モデルプレス）,https://news.yahoo.co.jp/articles/a1d25256b2b0cdd17a11028456bf414af68690e3,https://newsatcl-pctr.c.yimg.jp/t/amd-img/20260926-04850147-mdpr-000-2-view.jpg?exp=10800,2026-09-26T21:00:15+09:00,2026-09-26T21:01:13+09:00,モデルプレス,mdpr,モデルプレス,663,一ノ瀬美空 【モデルプレス＝2026/09/26】乃木坂46の一ノ瀬美空が26日、千葉・幕張メッセで開催のファッション＆⾳楽イベント「Rakuten GirlsAward 2026 AUTUMN／WINTER」に出演した。 【写真】23歳乃木坂人気メン、普段とのギャップ感じるユニークコーデ ◆一ノ瀬美空、フライトキャップ際立つの遊び心コーデ ボリューミーなフライトキャップに、温かみのあるニット素材と煌びやかな素材をミックスした遊び心あふれるルックでランウェイに登場。ボトムにはキラキラと輝くパンツを合わせた。足元にはファーを取り入れ、季節感もプラスし、ステージ映えする、華やかなスタイリングを披露した。 SNS上では、普段とはひと味違うスタイリングに「いつもと雰囲気違って新鮮」「どんなスタイルも似合う」「さすがの着こなし」などのコメントが寄せられている。 ◆「ガルアワ2026A/W」テーマは「Love Me!!!」 記念すべき30回目の開催となる今回のテーマは、何度でも「好き」と思ってもらえる、ずっと愛され続ける存在でありたいという想いが込められた「Love Me!!!」。ランウェイには藤田ニコル、生見愛瑠、山下美月ら豪華俳優・モデルが集結し、乃木坂46、ふぉ～ゆ～、CANDY TUNE、KO1KEYZらアーティストによるパフォーマンスも展開。MCは南海キャンディーズの山里亮太、森香澄に加え、田中樹がゲストMCを務めた。（modelpress編集部） 【Not Sponsored 記事】 modelpress,[],[]
ONE N’ ONLY草川直弥、新曲にちなんだ“ゴルサンポーズ”で会場沸かす「グループ愛溢れてる」「お茶目」とファン歓喜【ガルアワ2026A/W】（モデルプレス）,https://news.yahoo.co.jp/articles/19ced99fc00c584213f19e8ee3492f9be0a23cf8,https://newsatcl-pctr.c.yimg.jp/t/amd-img/20260926-04850149-mdpr-000-1-view.jpg?exp=10800,2026-09-26T21:00:03+09:00,2026-09-26T21:00:03+09:00,モデルプレス,mdpr,モデルプレス,628,草川直弥 【モデルプレス＝2026/09/26】ONE N’ ONLY（ワンエンオンリー）の草川直弥（NAOYA）が26日、千葉・幕張メッセで開催のファッション＆⾳楽イベント「Rakuten GirlsAward 2026 AUTUMN／WINTER」に出演した。 【写真】EBiDAN所属アイドル「グループ愛溢れてる」ランウェイトップで新曲にちなんだポーズ ◆草川直弥、“ゴルサンポーズ”披露 草川はイエローとブラウンのニットに、同系色のチェック柄アウターを重ねたスタイルで登場。ランウェイトップでは新曲「Golden Sun」の象徴的な“ゴルサンポーズ”をキュートに披露し、会場からは歓声が上がっていた。 SNS上では「グループ愛溢れてる」「お茶目」「かわいい」と反響が寄せられている。 ◆「ガルアワ2026A/W」テーマは「Love Me!!!」 記念すべき30回目の開催となる今回のテーマは、何度でも「好き」と思ってもらえる、ずっと愛され続ける存在でありたいという想いが込められた「Love Me!!!」。ランウェイには藤田ニコル、生見愛瑠、山下美月ら豪華俳優・モデルが集結し、乃木坂46、ふぉ～ゆ～、CANDY TUNE、KO1KEYZらアーティストによるパフォーマンスも展開。MCは南海キャンディーズの山里亮太、森香澄に加え、田中樹がゲストMCを務める。（modelpress編集部） 【Not Sponsored 記事】 modelpress,[],[]
“オーディション常連男”男澤直樹、体重27kg増 山崎育三郎からの課題は「自分を認めてあげること」ボーイズグループオーディション「OK！Diamonds」開幕（モデルプレス）,https://news.yahoo.co.jp/articles/0647f7d9c685a65a967b458cc146d70a0a0c537b,https://newsatcl-pctr.c.yimg.jp/t/amd-img/20260926-04849752-mdpr-000-1-view.jpg?exp=10800,2026-09-26T21:00:03+09:00,2026-09-26T21:00:03+09:00,モデルプレス,mdpr,モデルプレス,3238,「OK！Diamonds」（提供写真） 【モデルプレス＝2026/09/26】俳優の山崎育三郎がプロデュースする日本初のミュージカル×ボーイズグループオーディション「OK！Diamonds」の初回放送がスタートした。 【写真】山崎育三郎ボーイズグループオーディション11人の候補者 ◆「OK！Diamonds」開幕 「OK！Diamonds」は、山崎がまだ眠っているダイヤモンドのような才能の原石を見つけ、ミュージカルだけにとどまらない、あらゆるエンタテインメントのステージで輝くボーイズグループの誕生を夢見て立ち上げたオーディションプロジェクト。初回として、本オーディションの全貌に迫る「開幕編」、数々の有名オーディション番組に挑戦し続けてきた男澤直樹（ナオキ）を追う「第一幕」、歴史ある早稲田大学グリークラブの指揮者を務める大倉光琉（ヒカル）を追う「第二幕」の3本が同時公開された。 年齢も、経歴も、歩んできた道も違う最終候補者の11人。抱えてきた悩みも、乗り越えなければならない壁も、それぞれ違う。誰かをジャッジするのではなく、その人だけが持つ輝きを見つける、異色の“全肯定型”オーディション「OK！Diamonds」。夢を追う11人が、自分自身と向き合い、変わっていく。その物語が、いよいよ始まる。 ◆山崎育三郎、独自の審査 誰も否定しない、“全肯定型”オーディションとは何なのか。開幕編では、「OK！」という言葉に込めた山崎の想いと、「OK！Diamonds」が最終候補者11人にたどり着くまでの軌跡が描かれる。 動画歌唱による1次審査を経て、山崎との1対1の対面審査となった2次審査。一緒に体を動かす。一緒に歩きながら歌う。歌詞を忘れた候補者には、そっと声をかける。そこにあるのは、候補者をふるい落とすためではなく、緊張をほどき、その人が本来持っている歌声や魅力を引き出そうとする山崎独自の審査だった。 3次審査で掲げられたテーマは「自己解放」。課題曲の冒頭では、“会えなくなった大切な人への想い”を候補者一人ひとりが自分の言葉で独白する。胸の内をさらけ出し、思わず涙を流す候補者。そんな彼らを、山崎は優しい気持ちで受け止める。審査する人と、審査される人。その境界が、少しずつなくなっていく。 そして、最終候補者11人が参加する特別合宿へ。課題となったのは、このオーディションのために書き下ろされたオリジナル曲「Prologue」と、反町隆史のヒット曲「POISON」。「POISON」には新たにミュージカル調のアレンジが施され、山崎自身が課題曲として選曲。2つのグループに分かれた11人は、限られた時間の中で歌とダンスを身体に叩き込んでいく。歌が好き。ただ、その気持ちだけでは越えられない壁もある。11人は、何をさらけ出し、何を乗り越えていくのか。 ◆男澤直樹、体重27kg増 これまで、数々の有名オーディション番組に挑戦してきたナオキ。「痩せていないとダメだ」。そう自分を追い込み、倒れるまでダイエットをしたこともあった。それでも思うような結果は出ず、いつしか本来の自分を見失っていった。 そして現在、当時から体重は27kg増。山崎は、そんなナオキの課題は「ありのままの自分を認めてあげること」だという。「1回裸になって、そのままのナオキを見せてほしい」誰かに選ばれるためではなく、自分が自分を認めるために。何度も挫折し、それでも音楽への道を諦めなかったナオキは、ありのままの自分で、もう一度夢をつかみにいく。 ◆大倉光琉、課題は「自己解放」 歴史ある早稲田大学グリークラブの指揮者として、100人以上の部員を束ねるヒカル。部員からの信頼も厚く、幼少期からさまざまな音楽に触れ、経験を積み重ねてきた。 そんなヒカルが苦戦したのが、山崎が3次審査に掲げた「自己解放」というテーマ。失敗を恐れず、「こうあるべき」という思い込みを手放すこと。山崎がヒカルに求めたのは、これまで彼を支えてきた「真面目さ」を、一度壊してみることだった。正解を探すのではなく、自分の感情のままに表現する。これまで「正解のある音楽」の道を歩んできたヒカルは、「こうあるべき」を手放し、自分自身を解放することができるのか。（modelpress編集部） ◆「OK！Diamonds」最終候補者11人プロフィール ※あいうえお順／※オーディション参加時点の年齢 相澤侑我（アイザワユウガ） 「慶応ボーイは郷ひろみな詩吟師範代」 生年月日：2002年12月2日 年齢：23 身長：178cm 出身地：東京都 岩出光世（イワデコウセイ） 「キュートなアイドルオペラ学校職員」 生年月日：2000年11月1日 年齢：25 身長：174cm 出身地：三重県 大倉光琉（オオクラヒカル） 「日本一の合唱団を指揮するド真面目早大生」 生年月日：2005年1月18日 年齢：21 身長：176cm 出身地：山口県 男澤直樹（オザワナオキ） 「大激変したオーディション常連男」 生年月日：1998年12月5日 年齢：27 身長：172cm 出身地：福岡県 金子勝洋（カネコマサヒロ） 「優男は世界の有名音大バークリー出身」 生年月日：2001年1月10日 年齢：25 身長：166cm 出身地：埼玉県 木谷太祐（キタニタイスケ） 「韓国大手事務所で鍛え上げられた精鋭」 生年月日：2005年3月14日 年齢：21 身長：183cm 出身地：神奈川県 北西竜弥（キタニシリョウヤ） 「ロックで硬派な関西人」 生年月日：2003年12月11日 年齢：22 身長：177cm 出身地：大阪府 佐藤颯太（サトウソウタ） 「ミュージカルスターに憧れる現役高校生」 生年月日：2008年11月4日 年齢：17 身長：177cm 出身地：宮城県 澤田朋希（サワダトモキ） 「東京藝術大学出身の筋肉テノール」 生年月日：2002年7月16日 年齢：23 身長：167cm 出身地：千葉県 廣瀬至彦（ヒロセジゲン） 「保育士を目指すのど自慢チャンピオン」 生年月日：2001年8月22日 年齢：24 身長：182cm 出身地：岩手県 三木治人（ミキハルヒト） 「帝劇を忘れられない元子役」 生年月日：2011年10月28日 年齢：14 身長：172cm 出身地：東京都 ◆山崎育三郎ステートメント ミュージカルを愛している。だからこそ、このままでは終われない。 いつか、日本発のミュージカルを世界へ羽ばたかせたい。その起爆剤となるボーイズグループを生み出したい。 とにかく歌が好き。 その気持ちがあるなら、それだけでOK。 ミュージカルを知らなくてもOK。経験がなくてもOK。遠回りしてきた人生でもOK。 ここは、あなたをジャッジする場所じゃない。あなたの輝きを見つける場所。 あなたがあなたらしくそこに存在するだけでOK。 どうしても輝いてしまう、みんなに会いたい。 OK？ OK！Diamonds。 ◆山崎育三郎プロフィール 2007年にミュージカル「レ・ミゼラブル」のマリウス役に抜擢され、「ミス・サイゴン」「モーツァルト！」「エリザベート」など甘く気品のある歌声と抜群の演技力で数々のミュージカル作品に出演。2025年には自身が企画して実現したミュージカル「昭和元禄落語心中」が10万人を動員。 TBS系日曜劇場「下町ロケット」（2018年）の出演をきっかけにNHK連続テレビ小説「エール」（2020年）・NHK大河ドラマ「青天を衝け」（2021年）にも出演し、映画、ドラマ、声優、アーティストなど活躍の場を多岐にわたり広げている。 2026年、新たなチャレンジとして、日本初のミュージカル×ボーイズグループオーディション「OK！Diamonds」を始動する。 【Not Sponsored 記事】 modelpress,[],[]
山下美月、美脚スラリの変形スカート×ブーツ姿に視線集中「着こなせるのすごい」「上級者スタイル」と反響【ガルアワ2026A/W】（モデルプレス）,https://news.yahoo.co.jp/articles/fe8baddf77f8f0dc01b617fce00338f3c5b47ded,https://newsatcl-pctr.c.yimg.jp/t/amd-img/20260926-04850022-mdpr-000-2-view.jpg?exp=10800,2026-09-26T20:59:24+09:00,2026-09-26T21:01:24+09:00,モデルプレス,mdpr,モデルプレス,577,山下美月 【モデルプレス＝2026/09/26】女優の山下美月が26日、千葉・幕張メッセで開催のファッション＆⾳楽イベント「Rakuten GirlsAward 2026 AUTUMN／WINTER」に出演した。 【写真】27歳元乃木坂圧倒的センター、美脚際立つ変形スカート×ブーツ姿 ◆山下美月、美脚際立つコーデ 山下はボリュームのあるブラウンのファージャケットに、変形スカートを合わせたスタイルで登場。足元には黒のショートブーツを合わせて美しい脚をのぞかせ、圧倒的なオーラで観客の視線を集めた。 SNS上では「着こなせるのすごい」「スタイル抜群」「上級者スタイル」と反響が寄せられている。 ◆「ガルアワ2026A/W」テーマは「Love Me!!!」 記念すべき30回目の開催となる今回のテーマは、何度でも「好き」と思ってもらえる、ずっと愛され続ける存在でありたいという想いが込められた「Love Me!!!」。ランウェイには藤田ニコル、生見愛瑠、山下ら豪華俳優・モデルが集結し、乃木坂46、ふぉ～ゆ～、CANDY TUNE、KO1KEYZらアーティストによるパフォーマンスも展開。MCは南海キャンディーズの山里亮太、森香澄に加え、田中樹がゲストMCを務める。（modelpress編集部） 【Not Sponsored 記事】 modelpress,[],[]
「GTO」稲垣来泉、へそ出しコーデが新鮮 カラフル＆ポップな装いで「ガルアワ」初登場【ガルアワ2026A/W】（モデルプレス）,https://news.yahoo.co.jp/articles/6dac0ce847472d70300c8b7a67245368f8837d8c,https://newsatcl-pctr.c.yimg.jp/t/amd-img/20260926-04850152-mdpr-000-1-view.jpg?exp=10800,2026-09-26T20:58:22+09:00,2026-09-26T20:58:22+09:00,モデルプレス,mdpr,モデルプレス,690,稲垣来泉 【モデルプレス＝2026/09/26】女優の稲垣来泉が26日、千葉・幕張メッセで開催のファッション＆⾳楽イベント「Rakuten GirlsAward 2026 AUTUMN／WINTER」に出演した。 【写真】「GTO」生徒役、美ウエスト際立つへそ出しコーデ ◆稲垣来泉、へそ出しコーデ披露 今回が「ガルアワ」初登場となった稲垣。カラフルなマルチカラーニットカーディガンを主役にした、ポップでスポーティーな装いでランウェイに登場。インナーにはクロップド丈にリメイクされたユニホームトップスを合わせ、ヘルシーなへそ出しスタイルに。ボトムスには水色を基調としたチェック柄のハーフパンツを合わせ、足元は黒のショートブーツで引き締めた。鮮やかな色使いが映えるスタイリングで、ランウェイを彩った。 SNS上では「へそ出し似合ってる」「カラフルなコーデが素敵」「初登場とは思えない」などのコメントが寄せられている。 ◆「ガルアワ2026A/W」テーマは「Love Me!!!」 記念すべき30回目の開催となる今回のテーマは、何度でも「好き」と思ってもらえる、ずっと愛され続ける存在でありたいという想いが込められた「Love Me!!!」。ランウェイには藤田ニコル、生見愛瑠、山下美月ら豪華俳優・モデルが集結し、乃木坂46、ふぉ～ゆ～、CANDY TUNE、KO1KEYZらアーティストによるパフォーマンスも展開。MCは南海キャンディーズの山里亮太、森香澄に加え、田中樹がゲストMCを務めた。（modelpress編集部） 【Not Sponsored 記事】 modelpress,[],[]
BUDDiiS小川史記、キャスケット×ピンクパンツが可愛い 不意打ち投げキスに「ハート射止められた」「破壊力すごい」の声【ガルアワ2026A/W】（モデルプレス）,https://news.yahoo.co.jp/articles/eb12e1ac37e537cea06e14de1a3c8465cef290fe,https://newsatcl-pctr.c.yimg.jp/t/amd-img/20260926-04850301-mdpr-000-1-view.jpg?exp=10800,2026-09-26T20:57:20+09:00,2026-09-26T20:57:20+09:00,モデルプレス,mdpr,モデルプレス,622,小川史記 【モデルプレス＝2026/09/26】BUDDiiSの小川史記（FUMINORI）が26日、千葉・幕張メッセで開催のファッション＆⾳楽イベント「Rakuten GirlsAward 2026 AUTUMN／WINTER」に出演した。 【写真】EBiDAN所属アイドル「破壊力すごい」ファン歓喜の投げキス ◆小川史記、不意打ちの投げキスで沸かす 小川は、白シャツに黒ネクタイを締めたスタイルに、イラストが散りばめられたジャケットを羽織って登場。鮮やかなピンクのパンツと黒のキャスケットを合わせたコーディネートをおしゃれに着こなし、ランウェイトップでは投げキスを放って会場を沸かせた。 SNS上では「ハート射止められた」「かわいい」「破壊力すごい」と反響が寄せられている。 ◆「ガルアワ2026A/W」テーマは「Love Me!!!」 記念すべき30回目の開催となる今回のテーマは、何度でも「好き」と思ってもらえる、ずっと愛され続ける存在でありたいという想いが込められた「Love Me!!!」。ランウェイには藤田ニコル、生見愛瑠、山下美月ら豪華俳優・モデルが集結し、乃木坂46、ふぉ～ゆ～、CANDY TUNE、KO1KEYZらアーティストによるパフォーマンスも展開。MCは南海キャンディーズの山里亮太、森香澄に加え、田中樹がゲストMCを務める。（modelpress編集部） 【Not Sponsored 記事】 modelpress,[],[]
生見愛瑠、パーカー×ミニスカのカジュアルファッションで美脚披露「理想のスタイル」「美しい」と反響【ガルアワ2026A/W】（モデルプレス）,https://news.yahoo.co.jp/articles/f665b5a7532f4c3cfafdbd5401e3b44cb3955877,https://newsatcl-pctr.c.yimg.jp/t/amd-img/20260926-04850081-mdpr-000-1-view.jpg?exp=10800,2026-09-26T20:53:25+09:00,2026-09-26T20:53:25+09:00,モデルプレス,mdpr,モデルプレス,607,生見愛瑠 【モデルプレス＝2026/09/26】女優でモデルの生見愛瑠が26日、千葉・幕張メッセで開催のファッション＆⾳楽イベント「Rakuten GirlsAward 2026 AUTUMN／WINTER」に出演した。 【写真】24歳美人モデル「理想のスタイル」ミニ丈姿 ◆生見愛瑠、パーカ×ミニ丈で美脚際立つ 生見は、グレーのパーカーに赤のトップスを重ね、ミニスカートから美しい脚をのぞかせたカジュアルなスタイリングで登場。黒のロングブーツで引き締めつつ、白のバッグを手にした着こなしで、ラフさの中に可愛らしさを添えた。 ファンからは、「カジュアルで可愛い」「このコーデ好き」「スタイル綺麗」「理想のスタイル」「美しい」といった声が寄せられている。 ◆「ガルアワ2026A/W」テーマは「Love Me!!!」 記念すべき30回目の開催となる今回のテーマは、何度でも「好き」と思ってもらえる、ずっと愛され続ける存在でありたいという想いが込められた「Love Me!!!」。ランウェイには藤田ニコル、生見、山下美月ら豪華俳優・モデルが集結し、乃木坂46、ふぉ～ゆ～、CANDY TUNE、KO1KEYZらアーティストによるパフォーマンスも展開。MCは南海キャンディーズの山里亮太、森香澄に加え、田中樹がゲストMCを務める。（modelpress編集部） 【Not Sponsored 記事】 modelpress,[],[]
ONE N’ ONLY⾼尾颯斗、柄×柄のド派手コーデ着こなし 新曲“ゴルサンポーズ”にファン沸く【ガルアワ2026A/W】（モデルプレス）,https://news.yahoo.co.jp/articles/0411e7faeb94ed8889812759c2641286052a2c27,https://newsatcl-pctr.c.yimg.jp/t/amd-img/20260926-04850293-mdpr-000-4-view.jpg?exp=10800,2026-09-26T20:49:11+09:00,2026-09-26T20:56:57+09:00,モデルプレス,mdpr,モデルプレス,620,⾼尾颯斗 【モデルプレス＝2026/09/26】ONE N’ ONLYの⾼尾颯斗が26日、千葉・幕張メッセで開催のファッション＆⾳楽イベント「Rakuten GirlsAward 2026 AUTUMN／WINTER」に出演した。 【写真】スタダ所属イケメン、ド派手な柄×柄コーデでランウェイ ◆⾼尾颯斗、柄×柄のド派手コーデ着こなし 迷彩柄のジャケットに、赤×白のグラフィックが印象的なシャツを合わせたスタイリングで登場した高尾。ジャケットの内側には赤のドット柄ロングシャツを重ね、ボトムスにはジグザグ柄のパンツを合わせた柄×柄の派手なコーディネートを見事に着こなした。トップでは新曲「Golden Sun」のポーズ、通称“ゴルサンポーズ”を披露し、ファンを魅了していた。 ◆「ガルアワ2026A/W」テーマは「Love Me!!!」 記念すべき30回目の開催となる今回のテーマは、何度でも「好き」と思ってもらえる、ずっと愛され続ける存在でありたいという想いが込められた「Love Me!!!」。ランウェイには藤田ニコル、生見愛瑠、山下美月ら豪華俳優・モデルが集結し、乃木坂46、ふぉ～ゆ～、CANDY TUNE、KO1KEYZらアーティストによるパフォーマンスも展開。MCは南海キャンディーズの山里亮太、森香澄に加え、田中樹がゲストMCを務める。（modelpress編集部） 【Not Sponsored 記事】 modelpress,[],[]
とうあ、カウボーイハット×大胆肌見せコーデで観客魅了【ガルアワ2026A/W】（モデルプレス）,https://news.yahoo.co.jp/articles/c9392fabbf8f62095197325d7be37840735e58d3,https://newsatcl-pctr.c.yimg.jp/t/amd-img/20260926-04850292-mdpr-000-1-view.jpg?exp=10800,2026-09-26T20:47:02+09:00,2026-09-26T20:47:02+09:00,モデルプレス,mdpr,モデルプレス,556,とうあ 【モデルプレス＝2026/09/26】モデルのとうあが26日、千葉・幕張メッセで開催のファッション＆⾳楽イベント「Rakuten GirlsAward 2026 AUTUMN／WINTER」に出演した。 【写真】とうあ、会場魅了した大胆肌見せコーデ ◆とうあ、カウボーイハット×肌見せコーデで登場 とうあは、カウボーイハットにショート丈トップスを合わせ、美しいウエストをのぞかせたスタイリングで登場。柄入りのロングアウターに、フリンジをあしらったデニムのショート丈ボトム、大ぶりのバックルを組み合わせ、ウエスタンムード漂う装いに仕上げた。 ◆「ガルアワ2026A/W」テーマは「Love Me!!!」 記念すべき30回目の開催となる今回のテーマは、何度でも「好き」と思ってもらえる、ずっと愛され続ける存在でありたいという想いが込められた「Love Me!!!」。ランウェイには藤田ニコル、生見愛瑠、山下美月ら豪華俳優・モデルが集結し、乃木坂46、ふぉ～ゆ～、CANDY TUNE、KO1KEYZらアーティストによるパフォーマンスも展開。MCは南海キャンディーズの山里亮太、森香澄に加え、田中樹がゲストMCを務める。（modelpress編集部） 【Not Sponsored 記事】 modelpress,[],[]
ONE N’ ONLY「ガルアワ」4曲パフォーマンスに会場圧倒「神セトリ」「一体感ヤバい」ファン歓喜【ガルアワ2026A/W】（モデルプレス）,https://news.yahoo.co.jp/articles/f79dce3433c78aec05d1f96e843b4c0e69cf969c,https://newsatcl-pctr.c.yimg.jp/t/amd-img/20260926-04850291-mdpr-000-5-view.jpg?exp=10800,2026-09-26T20:44:55+09:00,2026-09-26T23:20:33+09:00,モデルプレス,mdpr,モデルプレス,1000,沢村玲、高尾颯斗／ONE N’ ONLY 【モデルプレス＝2026/09/26】ONE N’ ONLY（ワンエンオンリー）が26日、千葉・幕張メッセで開催のファッション＆⾳楽イベント「Rakuten GirlsAward 2026 AUTUMN／WINTER」に出演した。 【写真】「ガルアワ」盛り上げたエビダングル ◆ONE N’ ONLY「ガルアワ」ステージに会場熱狂 ONE N’ ONLYは、黒や茶の色合いがシックな衣装姿で登場。無数のペンライトが輝く中、9月21日にデジタルリリースされたメジャー2ndアルバム『MEGA GOLDEN』のリード曲「Golden Sun」を歌唱し、会場からは“コール”も沸いていた。 続けて、ボルテージそのままに「FUEGO」をパフォーマンスし、曲を終えると「今日も楽しんでますか～？」「幕張盛り上がってる～？」と観客を煽り、メンバーそれぞれが自己紹介。2年ぶりの「ガルアワ」ということで、「この場をですね。みんなで1つにして最高のステージを作りたいなと思うんですけど、皆さんもうちょっと声でますか～？」とコール＆レスポンスをし、会場をさらに盛り上げていた。 その後も「EVOL」「Samba de Night Fever」とアップテンポなナンバーで観客を魅了。最後には「最高です、ガルアワ。めちゃくちゃ盛り上がってくれてありがとう！」と感謝を伝え、ステージを後にした。 このステージにSNS上では、「神セトリ」「一体感ヤバい」「最高すぎる」と反響が寄せられている。 ◆「ガルアワ2026A/W」テーマは「Love Me!!!」 記念すべき30回目の開催となる今回のテーマは、何度でも「好き」と思ってもらえる、ずっと愛され続ける存在でありたいという想いが込められた「Love Me!!!」。ランウェイには藤田ニコル、生見愛瑠、山下美月ら豪華俳優・モデルが集結し、乃木坂46、ふぉ～ゆ～、CANDY TUNE、KO1KEYZらアーティストによるパフォーマンスも展開。MCは南海キャンディーズの山里亮太、森香澄に加え、田中樹がゲストMCを務める。（modelpress編集部） ◆セットリスト M1 Golden Sun M2 FUEGO M3 EVOL M4 Samba de Night Fever 【Not Sponsored 記事】 modelpress,[],[]
岩瀬洋志、クマ柄Tシャツ覗かせたデニムコーデ披露 ステージトップでの指ハートに黄色い歓声【ガルアワ2026A/W】（モデルプレス）,https://news.yahoo.co.jp/articles/6418a16629bddf9b9c6a40fca8a5ca378452281c,https://newsatcl-pctr.c.yimg.jp/t/amd-img/20260926-04850265-mdpr-000-1-view.jpg?exp=10800,2026-09-26T20:35:58+09:00,2026-09-26T20:35:58+09:00,モデルプレス,mdpr,モデルプレス,550,岩瀬洋志 【モデルプレス＝2026/09/26】俳優の岩瀬洋志が26日、千葉・幕張メッセで開催のファッション＆⾳楽イベント「Rakuten GirlsAward 2026 AUTUMN／WINTER」に出演した。 【写真】黄色い歓声上がったイケメン俳優、デニムコーデ披露 ◆岩瀬洋志、デニムオンデニム×指ハートで魅了 岩瀬は、デニムジャケットに同系色のパンツを合わせ、クマが描かれた白Tシャツを覗かせたカジュアルなスタイリングで登場した。ステージトップでは指を口元に添える仕草を見せた後、指ハート。観客からは黄色い歓声が上がっていた。 ◆「ガルアワ2026A/W」テーマは「Love Me!!!」 記念すべき30回目の開催となる今回のテーマは、何度でも「好き」と思ってもらえる、ずっと愛され続ける存在でありたいという想いが込められた「Love Me!!!」。ランウェイには藤田ニコル、生見愛瑠、山下美月ら豪華俳優・モデルが集結し、乃木坂46、ふぉ～ゆ～、CANDY TUNE、KO1KEYZらアーティストによるパフォーマンスも展開。MCは南海キャンディーズの山里亮太、森香澄に加え、田中樹がゲストMCを務める。（modelpress編集部） 【Not Sponsored 記事】 modelpress,[],[]
日向坂46金村美玖、レオパード柄アウター×パンツスタイルで新境地「かっこよすぎる」「思わず見惚れた」と反響【ガルアワ2026A/W】（モデルプレス）,https://news.yahoo.co.jp/articles/48bdd75aef18878a63621f2ad2369b60f54ad36d,https://newsatcl-pctr.c.yimg.jp/t/amd-img/20260926-04850275-mdpr-000-1-view.jpg?exp=10800,2026-09-26T20:30:15+09:00,2026-09-26T20:30:15+09:00,モデルプレス,mdpr,モデルプレス,606,金村美玖 【モデルプレス＝2026/09/26】日向坂46の金村美玖が26日、千葉・幕張メッセで開催のファッション＆⾳楽イベント「Rakuten GirlsAward 2026 AUTUMN／WINTER」に出演した。 【写真】日向坂46人気メン「思わず見惚れた」パンツスタイル ◆日向坂46金村美玖、レオパード柄アウターで存在感 金村は、クマのモチーフが描かれた白Tシャツに、レオパード柄のアウターを重ねて登場。首元にはシルバー調のネックレスを合わせ、ロングヘアを自然に流した大人っぽいスタイリングを見せた。 ファンからは、「大人っぽい」「レオパード似合ってる」「このコーデ好き」「かっこよすぎる」「思わず見惚れた」といった声が寄せられている。 ◆「ガルアワ2026A/W」テーマは「Love Me!!!」 記念すべき30回目の開催となる今回のテーマは、何度でも「好き」と思ってもらえる、ずっと愛され続ける存在でありたいという想いが込められた「Love Me!!!」。ランウェイには藤田ニコル、生見愛瑠、山下美月ら豪華俳優・モデルが集結し、乃木坂46、ふぉ～ゆ～、CANDY TUNE、KO1KEYZらアーティストによるパフォーマンスも展開。MCは南海キャンディーズの山里亮太、森香澄に加え、田中樹がゲストMCを務める。（modelpress編集部） 【Not Sponsored 記事】 modelpress,[],[]
BUDDiiS森愁斗、ナポレオンジャケットでロイヤルオーラ纏う「英国の王子様かな？」「雰囲気違ってドキッとした」と悶絶の声【ガルアワ2026A/W】（モデルプレス）,https://news.yahoo.co.jp/articles/afdecb228788511725f3898134ae6333330f097e,https://newsatcl-pctr.c.yimg.jp/t/amd-img/20260926-04850146-mdpr-000-1-view.jpg?exp=10800,2026-09-26T20:28:33+09:00,2026-09-26T20:28:33+09:00,モデルプレス,mdpr,モデルプレス,695,森愁斗 【モデルプレス＝2026/09/26】BUDDiiSの森愁斗が26日、千葉・幕張メッセで開催のファッション＆⾳楽イベント「Rakuten GirlsAward 2026 AUTUMN／WINTER」に出演した。 【写真】EBiDAN所属アイドル「組み合わせがオシャレすぎる」ナポレオンジャケット×スラックスコーデ ◆森愁斗、ナポレオンジャケット×スラックスで遊び心あふれる 森は、赤を基調としたナポレオン調のジャケットを着用。ロイヤルな雰囲気のジャケットから白シャツの裾を覗かせ、ストライプ柄のパンツを合わせた遊び心のあるスタイリングを披露した。トップでは投げキスをし、ファンからは大きな歓声が上がっていた。 SNS上では、森のランウェイに「かっこよすぎ」「英国の王子様かな？」「いつもと雰囲気違ってドキッとした」「金髪とお洋服が合ってる」「ロイヤルで素敵」「組み合わせがオシャレすぎる」といった声が寄せられている。 ◆「ガルアワ2026A/W」テーマは「Love Me!!!」 記念すべき30回目の開催となる今回のテーマは、何度でも「好き」と思ってもらえる、ずっと愛され続ける存在でありたいという想いが込められた「Love Me!!!」。ランウェイには藤田ニコル、生見愛瑠、山下美月ら豪華俳優・モデルが集結し、乃木坂46、ふぉ～ゆ～、CANDY TUNE、KO1KEYZらアーティストによるパフォーマンスも展開。MCは南海キャンディーズの山里亮太、森香澄に加え、田中樹がゲストMCを務める。（modelpress編集部） 【Not Sponsored 記事】 modelpress,[],[]
KO1KEYZ・RYOGA＆SIYOUNG「ガルアワ」初登場でペアランウェイ リンクコーデで息ぴったりポーズ【ガルアワ2026A/W】（モデルプレス）,https://news.yahoo.co.jp/articles/06673ade137cc63c259ae8cae988775f53514f75,https://newsatcl-pctr.c.yimg.jp/t/amd-img/20260926-04850276-mdpr-000-1-view.jpg?exp=10800,2026-09-26T20:21:53+09:00,2026-09-26T20:21:53+09:00,モデルプレス,mdpr,モデルプレス,750,KO1KEYZ 【モデルプレス＝2026/09/26】KO1KEYZのRYOGA（飯塚亮賀）とSIYOUNG（パク・シヨン）が26日、千葉・幕張メッセで開催のファッション＆⾳楽イベント「Rakuten GirlsAward 2026 AUTUMN／WINTER」に出演した。 【写真】「日プ」発イケメン2人、ペアランウェイでオーラ放つ ◆KO1KEYZ RYOGA＆SIYOUNG、赤×ホワイトのリンクコーデで登場 RYOGAは、白Tシャツにデニムパンツ、グレーのニット帽を合わせたカジュアルなスタイリングで登場。SIYOUNGは、白トップスの上に赤のフーディーを重ね、淡色デニムを組み合わせた。2人はデニムで合わせたリンクコーディネートを披露。ステージトップでは遊び心のあるポーズを見せたほか、手にしていたアイテムを観客にプレゼントする場面も。ファンに向けた粋な演出も見せていた。 なお、グループとしてもアーティストステージに登場。「KO1KEYZ」、「Neko（ねこ）」、「恋GAME」の3曲を披露し、会場を盛り上げていた。 ◆「ガルアワ2026A/W」テーマは「Love Me!!!」 記念すべき30回目の開催となる今回のテーマは、何度でも「好き」と思ってもらえる、ずっと愛され続ける存在でありたいという想いが込められた「Love Me!!!」。ランウェイには藤田ニコル、生見愛瑠、山下美月ら豪華俳優・モデルが集結し、KO1KEYZのほか、乃木坂46、ふぉ～ゆ～、CANDY TUNEらアーティストによるパフォーマンスも展開。MCは南海キャンディーズの山里亮太、森香澄に加え、田中樹がゲストMCを務める。（modelpress編集部） 【Not Sponsored 記事】 modelpress,[],[]
王林、スパンコールビスチェで美ウエスト際立つ 個性派コーデに「さすがの着こなし」「スタイル良すぎ」の声【ガルアワ2026A/W】（モデルプレス）,https://news.yahoo.co.jp/articles/eb03fe683573e33017734ddd850635a0dfd978c0,https://newsatcl-pctr.c.yimg.jp/t/amd-img/20260926-04850133-mdpr-000-1-view.jpg?exp=10800,2026-09-26T20:12:34+09:00,2026-09-26T20:12:34+09:00,モデルプレス,mdpr,モデルプレス,641,王林 【モデルプレス＝2026/09/26】タレントの王林が26日、千葉・幕張メッセで開催のファッション＆⾳楽イベント「Rakuten GirlsAward 2026 AUTUMN／WINTER」に出演した。 【写真】28歳元アイドル、スパンコールビスチェで美ウエスト際立つ ◆王林、スパンコールビスチェで美ウエスト際立つ 王林は、美しいウエストが際立つ鮮やかなスパンコールビスチェにボリューミーなニットカーディガンを羽織り、存在感抜群のスタイルでランウェイに登場。頭にはブローチを散りばめたベレー帽を合わせ、ミニスカートにブラウンのウエスタンブーツを合わせて、ワイルドかつ華やかに着こなした。 SNS上では「スタイル良すぎ」「さすがの着こなし」「かっこいい」「衣装が個性的で可愛い」などのコメントが寄せられている。 ◆「ガルアワ2026A/W」テーマは「Love Me!!!」 記念すべき30回目の開催となる今回のテーマは、何度でも「好き」と思ってもらえる、ずっと愛され続ける存在でありたいという想いが込められた「Love Me!!!」。ランウェイには藤田ニコル、生見愛瑠、山下美月ら豪華俳優・モデルが集結し、乃木坂46、ふぉ～ゆ～、CANDY TUNE、KO1KEYZらアーティストによるパフォーマンスも展開。MCは南海キャンディーズの山里亮太、森香澄に加え、田中樹がゲストMCを務める。（modelpress編集部） 【Not Sponsored 記事】 modelpress,[],[]
ゆうちゃみ、ショート丈トップスで美ウエストちらり「圧巻のスタイル」「何頭身？」と話題【ガルアワ2026A/W】（モデルプレス）,https://news.yahoo.co.jp/articles/b95b018f01cf6af633d284800113226723a0f06b,https://newsatcl-pctr.c.yimg.jp/t/amd-img/20260926-04850008-mdpr-000-1-view.jpg?exp=10800,2026-09-26T20:10:49+09:00,2026-09-26T20:10:49+09:00,モデルプレス,mdpr,モデルプレス,627,ゆうちゃみ 【モデルプレス＝2026/09/26】モデルのゆうちゃみが26日、千葉・幕張メッセで開催のファッション＆⾳楽イベント「Rakuten GirlsAward 2026 AUTUMN／WINTER」に出演した。 【写真】人気モデル「何頭身？」スタイル際立つショート丈トップス姿 ◆ゆうちゃみ、ショート丈トップスで美ウエスト披露 ゆうちゃみは、黒のショート丈トップスにブラウン系のファー付きアウターを重ね、美しいウエストをのぞかせたスタイリングで登場。ダークトーンのボトムとボリューム感のあるブーツを合わせ、引き締まった印象のコーディネートに仕上げた。 ファンからは、「スタイル良すぎ」「大人っぽい」「このコーデ似合ってる」「圧巻のスタイル」「何頭身？」といった声が寄せられている。 ◆「ガルアワ2026A/W」テーマは「Love Me!!!」 記念すべき30回目の開催となる今回のテーマは、何度でも「好き」と思ってもらえる、ずっと愛され続ける存在でありたいという想いが込められた「Love Me!!!」。ランウェイには藤田ニコル、生見愛瑠、山下美月ら豪華俳優・モデルが集結し、乃木坂46、ふぉ～ゆ～、CANDY TUNE、KO1KEYZらアーティストによるパフォーマンスも展開。MCは南海キャンディーズの山里亮太、森香澄に加え、田中樹がゲストMCを務める。（modelpress編集部） 【Not Sponsored 記事】 modelpress,[],[]
STARGLOW、ヘドバン交える激しめロックからサマーチューンまで4曲圧巻披露「水分補給も忘れずに」と観客への気遣いも【ガルアワ2026A/W】（モデルプレス）,https://news.yahoo.co.jp/articles/aae8239bc321c29930acc87378493b407c80ed3f,https://newsatcl-pctr.c.yimg.jp/t/amd-img/20260926-04850032-mdpr-000-4-view.jpg?exp=10800,2026-09-26T20:01:33+09:00,2026-09-26T23:15:36+09:00,モデルプレス,mdpr,モデルプレス,1131,STARGLOW 【モデルプレス＝2026/09/26】BMSG所属のダンス＆ボーカルグループ・STARGLOW（スターグロウ）が26日、千葉・幕張メッセで開催のファッション＆⾳楽イベント「GirlsAward」に出演した。 【写真】BMSGグループ、ブラック衣装で圧巻のパフォーマンス ◆STARGLOW「ガルアワ」初出演で4曲披露 今回が「ガルアワ」初出演となるSTARGLOW。白いスモークに包まれたステージに、シックな黒の衣装に身を包んだ5人の影が現れると「Good Boys Anthem」で開幕した。エッジの効いたロックナンバーを力強く披露し、曲中にはヘッドバンギングを交えるなど、躍動感あふれるパフォーマンスで場内の熱量を一気に押し上げる。 勢いそのままに、グループを生んだオーディション「THE LAST PIECE」の審査楽曲としても人気を集めた「Blast Off」を披露。キレのあるダンスと圧巻の歌唱で観客を魅了した。 ◆STARGLOW、観客への気遣いみせる MCに入ると、「先日、来年1月からアリーナツアーをすることを発表しました」と報告。続けて「皆さん水分補給も忘れずに」と観客に気遣いをみせる一幕もあった。 「ガツガツだったので爽やかな曲いきます」という曲振りからスタートしたのは、爽快感あふれるサマーチューン「Drivin’ My Life」。途中、TAIKI（タイキ）とGOICHI（ゴイチ）によるラップを挟みつつも、爽やかさあふれるパフォーマンスで会場を盛り上げた。 最後に「あっという間となりますが、次が最後の曲となります。最後まで楽しんでいきましょう」と呼びかけ、「USOTSUKI」の曲名を告げると客席からは割れんばかりの歓声が。洗練されたパフォーマンスで最後まで観客を魅了し、余韻を残してステージを後にした。 ◆「ガルアワ2026A/W」テーマは「Love Me!!!」 記念すべき30回目の開催となる今回のテーマは、何度でも「好き」と思ってもらえる、ずっと愛され続ける存在でありたいという想いが込められた「Love Me!!!」。ランウェイには藤田ニコル、生見愛瑠、山下美月ら豪華俳優・モデルが集結し、乃木坂46、ふぉ～ゆ～、CANDY TUNE、KO1KEYZらアーティストによるパフォーマンスも展開。MCは南海キャンディーズの山里亮太、森香澄に加え、田中樹がゲストMCを務める。（modelpress編集部） ◆セットリスト M1.Good Boys Anthem M2.Blast Off M3.Drivin’ My Life M4.USOTSUKI 【Not Sponsored 記事】 modelpress,[],[]
元横綱の孫・嵐翔真、グレーアウター×肩掛けチェックシャツでこなれ感【ガルアワ2026A/W】（モデルプレス）,https://news.yahoo.co.jp/articles/d8aaf8aada19072443e24839f18cb5a9f257ff2f,https://newsatcl-pctr.c.yimg.jp/t/amd-img/20260926-04850131-mdpr-000-1-view.jpg?exp=10800,2026-09-26T19:35:43+09:00,2026-09-26T19:35:43+09:00,モデルプレス,mdpr,モデルプレス,632,嵐翔真 【モデルプレス＝2026/09/26】モデルで俳優の嵐翔真が26日、千葉・幕張メッセで開催のファッション＆⾳楽イベント「Rakuten GirlsAward 2026 AUTUMN／WINTER」に出演した。 【写真】元横綱の孫、こなれファッションで存在感放つ ◆嵐翔真、チェック柄ジャケット×レイヤードコーデでクールに 映画「純愛上等！」（2026年）やドラマ「カラちゃんとシトーさんと、」（Prime Video）に出演するなど、俳優として活躍し、元横綱・三重ノ海の孫としても注目を集めている嵐は、グレーのアウターにチェック柄のストールを肩掛けしたスタイリングで登場。ダークカラーのパンツを合わせ、すっきりとしたシルエットの中に存在感のあるチェック柄を効かせた装いでランウェイを歩いた。 ◆「ガルアワ2026A/W」テーマは「Love Me!!!」 記念すべき30回目の開催となる今回のテーマは、何度でも「好き」と思ってもらえる、ずっと愛され続ける存在でありたいという想いが込められた「Love Me!!!」。ランウェイには藤田ニコル、生見愛瑠、山下美月ら豪華俳優・モデルが集結し、乃木坂46、ふぉ～ゆ～、CANDY TUNE、KO1KEYZらアーティストによるパフォーマンスも展開。MCは南海キャンディーズの山里亮太、森香澄に加え、田中樹がゲストMCを務める。（modelpress編集部） 【Not Sponsored 記事】 modelpress,[],[]
日向坂46大野愛実、前髪分けスタイルで雰囲気ガラリ「小顔が際立つ」「大人っぽい」と反響【ガルアワ2026A/W】（モデルプレス）,https://news.yahoo.co.jp/articles/4f839b08629f585a666362d4f026a4d7a0305610,https://newsatcl-pctr.c.yimg.jp/t/amd-img/20260926-04850139-mdpr-000-1-view.jpg?exp=10800,2026-09-26T19:32:01+09:00,2026-09-26T19:32:01+09:00,モデルプレス,mdpr,モデルプレス,592,大野愛実 【モデルプレス＝2026/09/26】日向坂46の五期生・大野愛実が26日、千葉・幕張メッセで開催のファッション＆⾳楽イベント「Rakuten GirlsAward 2026 AUTUMN／WINTER」に出演した。 【写真】日向坂46新エース「いつもと雰囲気違う」前髪分けスタイル ◆大野愛実、雰囲気ガラリのヘア 大野はパープルの総柄ジャケットに、花柄とドット柄がミックスされたトップス、ティアードスカートを合わせたレトロスタイルで登場。おでこをのぞかせたセンター分けのボブヘアアレンジで颯爽とランウェイを闊歩した。 SNS上では「小顔が際立つ」「大人っぽい」「いつもと雰囲気違う」と反響が寄せられている。 ◆「ガルアワ2026A/W」テーマは「Love Me!!!」 記念すべき30回目の開催となる今回のテーマは、何度でも「好き」と思ってもらえる、ずっと愛され続ける存在でありたいという想いが込められた「Love Me!!!」。ランウェイには藤田ニコル、生見愛瑠、山下美月ら豪華俳優・モデルが集結し、乃木坂46、ふぉ～ゆ～、CANDY TUNE、KO1KEYZらアーティストによるパフォーマンスも展開。MCは南海キャンディーズの山里亮太、森香澄に加え、田中樹がゲストMCを務める。（modelpress編集部） 【Not Sponsored 記事】 modelpress,[],[]
CANDY TUNE、新曲含む3曲披露で会場熱狂 村川緋杏が“挑戦したいこと”明かす【ガルアワ2026A/W】（モデルプレス）,https://news.yahoo.co.jp/articles/741a4a597e9f2cc05b3ff532bfafe414ffb394ba,https://newsatcl-pctr.c.yimg.jp/t/amd-img/20260926-04850041-mdpr-000-2-view.jpg?exp=10800,2026-09-26T19:26:34+09:00,2026-09-26T19:42:12+09:00,モデルプレス,mdpr,モデルプレス,905,CANDY TUNE 【モデルプレス＝2026/09/26】7人組アイドルグループのCANDY TUNEが26日、千葉・幕張メッセで開催のファッション＆⾳楽イベント「Rakuten GirlsAward 2026 AUTUMN／WINTER」に出演した。 【写真】カワラボアイドル、新曲含む3曲披露で会場一体に ◆CANDY TUNE、新曲含む3曲披露 メンバーカラーの衣装で登場したCANDY TUNEは、「レベチかわいい！」で幕開け。ポジティブなギャルマインド全開の肯定ソングを届けた。続いて、「第67回輝く！日本レコード大賞」で優秀作品賞を受賞した代表曲「倍倍FIGHT！」を披露。元気いっぱいのパフォーマンスで会場のボルテージを高めた。曲中にはランウェイを歩いてセンターステージへ移動し、メンバーそれぞれがファンと触れ合う場面も見られた。 MCでは、村川緋杏が「皆さんの熱気がすごくて楽しかったです！ありがとう～！」と挨拶。今後挑戦したいことに「マリンスポーツ」を挙げ、「KAWAII LAB.とアソビシステムのみんなでサーフィンをしたい」と語った。 そして最後は9月30日にリリースされる4thシングルCDの表題曲「総意◆So Free」（※◆は正しくは「ハート」）を披露。会場に一体感が生まれ、熱気と興奮を残したままステージを締めくくった。 ◆「ガルアワ2026A/W」テーマは「Love Me!!!」 記念すべき30回目の開催となる今回のテーマは、何度でも「好き」と思ってもらえる、ずっと愛され続ける存在でありたいという想いが込められた「Love Me!!!」。ランウェイには藤田ニコル、生見愛瑠、山下美月ら豪華俳優・モデルが集結し、乃木坂46、ふぉ～ゆ～、CANDY TUNE、KO1KEYZらアーティストによるパフォーマンスも展開。MCは南海キャンディーズの山里亮太、森香澄に加え、田中樹がゲストMCを務める。（modelpress編集部） ◆セットリスト M1.レベチかわいい！ M2.倍倍FIGHT! M3.総意◆So Free 【Not Sponsored 記事】 modelpress,[],[]
「メンノンオーディション」GPは“史上最年少”15歳7ヶ月の野崎祥平 3人が専属モデル新加入【プロフィール】（モデルプレス）,https://news.yahoo.co.jp/articles/5bcebb79982d69dfe4f1942ea466af4f959b224d,https://newsatcl-pctr.c.yimg.jp/t/amd-img/20260926-04850067-mdpr-000-4-view.jpg?exp=10800,2026-09-26T19:26:26+09:00,2026-09-26T19:54:23+09:00,モデルプレス,mdpr,モデルプレス,1760,佐々木南風花、野崎祥平、及川意男 撮影／早川歩夢 【モデルプレス＝2026/09/26】26日、千葉・幕張メッセで開催されたファッション＆⾳楽イベント「Rakuten GirlsAward 2026 AUTUMN／WINTER」にて、雑誌「メンズノンノ（MEN’S NON-NO）」（集英社）のモデルオーディション「メンズノンノモデルオーディション2026」グランプリ発表が行われ、15歳の野崎祥平が栄冠に輝いた。 【写真】「メンノン」GPに輝いた15歳7ヶ月イケメンモデル ◆「メンノン」新専属モデル決定 グランプリは史上最年少となる15歳7ヶ月・東京都出身の野崎祥平（のざき・しょうへい／※「崎」は正式には「たつさき」）。準グランプリは21歳・東京都出身の佐々木南風花（ささき・なふか）、22歳・東京都出身の及川意男（おいかわ・いだん）が獲得。先輩の鈴木仁、豊田裕大、水沢林太郎、野村康太ら専属モデルが見守る中、堂々とステージに登場し、トロフィーを受け取った。 ◆GP・野崎祥平が意気込み グランプリを受賞した心境を聞かれると、野崎は「40周年というとてもおめでたい年に『メンズノンノ』の仲間入りすることができて、とても嬉しい気持ちでいっぱいです。素敵な先輩方からたくさん吸収して、少しでも『メンズノンノ』を盛り上げていけたらなと思います」と意気込み。先輩である中川大輔は「僕と鈴木仁は30周年の時に『メンズノンノ』のモデルになりまして。こうして40周年の場に立たせていただいてるんですけども、今日入った皆さんも50周年の時に見ていただいて、さらに活躍していただいて、どんどん盛り上げていってほしいなと思います」とメッセージを送った。 なお、プレゼンターは、2013年に開催された第28回専属モデルオーディションで合格し、モデルデビューを果たした成田凌が務めた。 ◆「ガルアワ2026A/W」テーマは「Love Me!!!」 記念すべき30回目の開催となる今回のテーマは、何度でも「好き」と思ってもらえる、ずっと愛され続ける存在でありたいという想いが込められた「Love Me!!!」。ランウェイには藤田ニコル、生見愛瑠、山下美月ら豪華俳優・モデルが集結し、乃木坂46、ふぉ～ゆ～、CANDY TUNE、KO1KEYZらアーティストによるパフォーマンスも展開。MCは南海キャンディーズの山里亮太、森香澄に加え、田中樹がゲストMCを務める。（modelpress編集部） ◆プロフィール 【野崎祥平（のざき・しょうへい／※「崎」は正式には「たつさき」）】 2011年2月9日生まれ／15歳／181cm／東京都出身 ＜受賞コメント＞ 所属事務所の先輩の鈴鹿央士さんがきっかけで「メンズノンノ」を知り、専属モデルに憧れるようになりました。面接の時にちゃんと気持ちを伝えることができて、AIに歴代の合格したモデルさんたちの年齢や傾向を聞いて自分に重ね合わせていたので自信はあるつもりでしたが、合格の連絡をいただいたときは飛び跳ねるくらい喜びました！ 表紙を飾れるような、「メンズノンノ」を代表するモデルになりたいです。 【佐々木南風花（ささき・なふか）】 2005年4月13日生まれ／21歳／182cm／兵庫県出身 ＜受賞コメント＞ 「本気でモデルを目指そう」と決めたのが去年の12月。当たって砕けろ！の気持ちで応募して、家族や地元の友達もたくさん応援してくれました。アウトドアや古着などいろいろなテイストを着こなす自信があるので、まずはファッションページに出たいです！ 読書が好きなので、本の特集や喫茶店を巡る企画にも挑戦してみたいですね。 【及川意男（おいかわ・いだん）】 2004年5月24日生まれ／22歳／186cm／東京都出身 ＜受賞コメント＞ 学生時代はずっと野球に打ち込んでいたのですが、怪我で断念。モデルという新たな目標を決めた時、参考にしたのが「メンズノンノ」でした。専属モデルの皆さんの私服を真似したり、ビューティページの商品を購入したり。オーディション期間中は、悔いを残したくないと全力で取り組んできたので、それが実ってよかったなと思います。 【Not Sponsored 記事】 modelpress,[],[]
ドラマ「修仲」藤本洸大→簡秀吉の連続ランウェイにファン歓喜「目合わせてた？」「尊すぎる」【ガルアワ2026A/W】（モデルプレス）,https://news.yahoo.co.jp/articles/d4ef876776ff5fa1699060ef6bb9b1dc1be6617f,https://newsatcl-pctr.c.yimg.jp/t/amd-img/20260926-04850245-mdpr-000-2-view.jpg?exp=10800,2026-09-26T19:13:20+09:00,2026-09-26T19:14:31+09:00,モデルプレス,mdpr,モデルプレス,765,藤本洸大、簡秀吉 【モデルプレス＝2026/09/26】俳優の藤本洸大と簡秀吉が9月26日、千葉・幕張メッセで開催のファッション＆⾳楽イベント「Rakuten GirlsAward 2026 AUTUMN／WINTER」に出演した。 【写真】人気BL俳優「可愛すぎる」ランウェイでキュートにウインク ◆「修仲」藤本洸大＆簡秀吉、連続ランウェイにファン歓喜 ドラマ「修学旅行で仲良くないグループに入りました」でW主演を務めた藤本と簡が、連続でランウェイに登場。藤本はレトロな柄ジャケットにベレー帽を合わせ、トップではキュートにウインク。簡はスマートなスタイルが際立つシンプルなブラウンジャケットにカーキのパンツを合わせて登場し、客席からは黄色い歓声が上がった。 2人の連続ランウェイにSNS上では「尊すぎる」「2人ともイケメン」「普段と雰囲気違う」「ウインクが可愛すぎる」「簡くん目合わせてた？」「眼福です」といった反響が寄せられている。 10月17日より同作の続編となる「修学旅行で仲良くないグループに入りました2」（ABCテレビ／土曜深夜1時〜）がスタートする。 ◆「ガルアワ2026A/W」テーマは「Love Me!!!」 記念すべき30回目の開催となる今回のテーマは、何度でも「好き」と思ってもらえる、ずっと愛され続ける存在でありたいという想いが込められた「Love Me!!!」。ランウェイには藤田ニコル、生見愛瑠、山下美月ら豪華俳優・モデルが集結し、乃木坂46、ふぉ～ゆ～、CANDY TUNE、KO1KEYZらアーティストによるパフォーマンスも展開。MCは南海キャンディーズの山里亮太、森香澄に加え、田中樹がゲストMCを務める。（modelpress編集部） 【Not Sponsored 記事】 modelpress,[],[]
板野友美、ファーアウター×フレアミニスカで美脚際立つ「神スタイル」「ずっと可愛い」と反響（モデルプレス）,https://news.yahoo.co.jp/articles/80c746d7b7d5622fd3c55659b3af6723c46f12c3,https://newsatcl-pctr.c.yimg.jp/t/amd-img/20260926-04850130-mdpr-000-1-view.jpg?exp=10800,2026-09-26T19:07:21+09:00,2026-09-26T19:07:21+09:00,モデルプレス,mdpr,モデルプレス,610,板野友美 【モデルプレス＝2026/09/26】元AKB48でタレントの板野友美が26日、千葉・幕張メッセで開催のファッション＆⾳楽イベント「Rakuten GirlsAward 2026 AUTUMN／WINTER」に出演した。 【写真】35歳元AKB神7「神スタイル」フレアミニスカで美脚披露 ◆板野友美、ファー風トップス×白ミニで美脚披露 板野は、ベージュ系のファー風トップスに白のミニ丈スカートを合わせ、美しい脚をのぞかせた冬らしいスタイリングで登場。足元には黒のロングブーツを取り入れ、柔らかな色合いのコーディネートを引き締めた。 ファンからは、「冬コーデ可愛い」「この組み合わせ好き」「神スタイル」「ずっと可愛い」といった声が寄せられている。 ◆「ガルアワ2026A/W」テーマは「Love Me!!!」 記念すべき30回目の開催となる今回のテーマは、何度でも「好き」と思ってもらえる、ずっと愛され続ける存在でありたいという想いが込められた「Love Me!!!」。ランウェイには藤田ニコル、生見愛瑠、山下美月ら豪華俳優・モデルが集結し、乃木坂46、ふぉ～ゆ～、CANDY TUNE、KO1KEYZらアーティストによるパフォーマンスも展開。MCは南海キャンディーズの山里亮太、森香澄に加え、田中樹がゲストMCを務める。（modelpress編集部） 【Not Sponsored 記事】 modelpress,[],[]
MAZZEL・NAOYA、クールなランウェイから一変 不意打ちスマイルに「反則レベルの可愛さ」「心臓もたない」と絶賛の嵐【ガルアワ2026A/W】（モデルプレス）,https://news.yahoo.co.jp/articles/969a8d6a7dbdbb43e12a62d2f80260d8008fab79,https://newsatcl-pctr.c.yimg.jp/t/amd-img/20260926-04850136-mdpr-000-1-view.jpg?exp=10800,2026-09-26T19:01:07+09:00,2026-09-26T19:01:07+09:00,モデルプレス,mdpr,モデルプレス,715,NAOYA 【モデルプレス＝2026/09/26】ダンス＆ボーカルグループ・MAZZEL（マーゼル）のNAOYA（ナオヤ）が26日、千葉・幕張メッセで開催のファッション＆⾳楽イベント「Rakuten GirlsAward 2026 AUTUMN／WINTER」に出演した。 【写真】BMSG人気アーティスト「反則レベルの可愛さ」不意打ちの笑顔 ◆NAOYA、クールな表情→不意打ち笑顔でギャップ NAOYAはシャギーニットカーディガンにベストをレイヤードして、モノトーンの切り替えが目を引くワイドパンツを合わせたモードなスタイルで登場。クールな表情でランウェイを颯爽と闊歩した。 しかし、ランウェイトップではそれまでのクールな佇まいから一転して満開の笑顔を披露し、不意打ちのギャップで客席を魅了した。 このランウェイに、SNS上では「笑顔可愛すぎて心臓もたない」「反則レベルの可愛さ」「尊い」「メロすぎる」「素敵なランウェイ」と絶賛のコメントが多数寄せられている。 ◆「ガルアワ2026A/W」テーマは「Love Me!!!」 記念すべき30回目の開催となる今回のテーマは、何度でも「好き」と思ってもらえる、ずっと愛され続ける存在でありたいという想いが込められた「Love Me!!!」。ランウェイには藤田ニコル、生見愛瑠、山下美月ら豪華俳優・モデルが集結し、乃木坂46、ふぉ～ゆ～、CANDY TUNE、KO1KEYZらアーティストによるパフォーマンスも展開。MCは南海キャンディーズの山里亮太、森香澄に加え、田中樹がゲストMCを務める。（modelpress編集部） 【Not Sponsored 記事】 modelpress,[],[]
“室三兄弟”龍太・たつき・将也、約14年ぶりの共演で実感した互いの成長とは “素の距離感”垣間見えるエピソード続々「家族LINEができたのはここ1年」【「ムロ家のアカンタレ」インタビュー前編】（モデルプレス）,https://news.yahoo.co.jp/articles/46d81bd628133ee006a701e36ab3f14d9b35ae48,https://newsatcl-pctr.c.yimg.jp/t/amd-img/20260926-04846110-mdpr-000-2-view.jpg?exp=10800,2026-09-26T19:00:05+09:00,2026-09-26T23:14:33+09:00,モデルプレス,mdpr,モデルプレス,4725,（左から）室将也、室龍太、室たつき 【モデルプレス＝2026/09/26】舞台「ムロ家のアカンタレ」（10月29日〜11月3日に東京・雷5656会館ときわホール、11月13日〜15日に京都・先斗町歌舞練場にて上演）に出演する室龍太（むろ・りゅうた／37）、室たつき（むろ・たつき／38）、室将也（むろ・まさや／32）にインタビュー。前編では、約14年ぶりに三兄弟で共演することへの思いや、この歳月で実感したお互いの成長などについて語ってもらった。 【写真】STARTOアイドルらリアル三兄弟、14年ぶりの共演で仲良し密着ショット ◆室三兄弟出演舞台「ムロ家のアカンタレ」 本作は、長男・たつき、次男・龍太、三男・将也による兄弟ユニット「室三兄弟」が約14年ぶりに共演を果たす、パワフルなオカンと三兄弟が織りなす笑いと涙の家族コメディ。「いつか3人で舞台を…」というかねてからの目標を実現するため、将也が企画・原案者として始動。脚本・演出をミュージカル「テニスの王子様」「東京リベンジャーズ」などを手掛ける三浦香が務める。 劇中では、神経質な性格の長男・タツキ（たつき）、クールで無口な次男・リュータ（龍太）、信念がない三男・マサヤ（将也）という、三者三様の個性豊かな三兄弟をそれぞれ演じる。 物語は、オカンの一言「結婚することになった」から始まる、ムロ家の再婚騒動を描く。突然の再婚宣言に戸惑う三兄弟は、オカンを取られる不安や素直になれないプライドが爆発し、喧嘩と家族会議を繰り返すことに。スナックの常連客や幼なじみ、さらには新しい父親候補（？）も巻き込みながら、不器用な家族愛と絆をコミカルに届ける。 ◆室三兄弟、舞台「ムロ家のアカンタレ」実現の経緯 ― 三兄弟で舞台をすることになった経緯について教えてください。 将也：2〜3年ほど前に「3人で舞台をやれたら面白いんじゃないか」「皆さんに喜んでいただけるのではないか」と思い始めたことがきっかけです。僕が担当していたラジオ番組に次男がゲストで出演してくれたことがあり、長男は電話出演だったのですが、そこから具体的に動いて「ムロ家のアカンタレ」をやらせていただくことになりました。 たつき：三男が発起人となって動いてくれて、正直「大丈夫か？いけんのか？」という心配が強かったのですが、必死になって頑張ってくれて、次男も快く承諾してくれたので実現に至りました。 龍太：僕は正直、1回断りました…（笑）。 たつき：そうなん！？ 龍太：なんといっても将也はアホなんですよ。 たつき：皆さんが思っている以上にアホです（笑）。 龍太：「プロデューサーをやる」と言うから、兄として「失敗しちゃうんじゃないかな」という不安がありましたが、何度もオファーされ、そこまで本気なんやったら…ということで引き受けました。責任を持って、お客様に満足していただける作品にしたいです。 たつき：情報解禁をさせていただいた際、楽しみにしてくださっている方がたくさんいらっしゃることを実感しました。その期待を裏切らないよう、三兄弟でしっかりと力を合わせて頑張りたいと思っています。 ◆室三兄弟、約14年ぶりの共演で感じる互いの成長 ― 約14年ぶりに3人揃って仕事をする中で、お互い「ここが成長した」と感じることはありますか？ たつき：昨年末に、脚本・演出を担当してくださる三浦香さんとの顔合わせも兼ねて、三兄弟揃って食事に行きました。3人で集まることはなかなかなく久々だったのですが、いざ会ってみても特に構えることもなく「よっ！」と自然な感じでした。お互いの具体的な成長については、本格的に稽古に入ってから実感することが多いと思います。それぞれ個々に活動しているのも知っていますし、お互いの舞台を観に行くこともあります。 次男は本当に成長し続けていると感じます。様々な舞台に出演して、脇を固めることもあれば、座長としてキャスト陣を引っ張っている姿も観てきました。昔はすごく内気で人見知りで、自分から発言するタイプではなかったのですが、彼と共演した役者さんと僕が現場でご一緒したときに「すごくムードメーカーなんですよ」とおっしゃっていて嬉しかったです。 三男は、先ほど次男も言っていたように不安要素も多いですが、「これをやる！」と突き進んでいる姿勢は頼もしいです。本作を責任を持って最後までやりきったときに「成長したな」と伝えたいです。 龍太：（真顔で）成長したと思うところは…身長です。 たつき：苦笑いされてるやん（笑）！それに、14年前から身長変わってないし！ 龍太：（笑）。成長と言われてもそもそも普段会わないですからね。ほんまに仲良くないので。 たつき：おい、ほんまと思われるからやめろ！文字になると冗談通じへんかもしれんから（笑）。 龍太：いや、冗談じゃなくて本気で。 たつき・将也：やばいやばい（笑）。 龍太：よく「兄弟仲良いんですか？」と聞かれますけど、良くも悪くもなくて。兄弟がいる友達から一緒に旅行に行ったり呑みに行ったりなどの話を聞きますが、僕たちはあまりないです。それを基準にすると「うちってそんなに仲良くないんかな」と思ってしまいますが、家族のことは好きです。母がすごく自由人で、いい意味で放任主義で育ててくれて、すごく感謝しています。家族LINEができたのはここ1年の間で、僕が作りました。 たつき：放任主義に感謝してるん（笑）？ 龍太：うん！してる！自分で行動する分、しっかり育ちますからね。最近は甘えてばかりの子も多いですし。 たつき：急に政治の話を語り出しました（笑）。しっかり自分の意見を持つようになったのも成長ですね。 龍太：冗談は置いといて（笑）、兄貴は昔から社交性が高くてコミュニケーション能力が高いので、学ばせてもらっていました。僕が明るく人と接せられるようになったのも兄貴のおかげです。三男に関しては兄弟を集めて「何かやってみたい」と言い出すなんて昔の彼からは想像もできなかったです。本当に成長したと思いますし、今回の舞台もすごく期待しています。 ― お二人は龍太さんからのコメントを受けて嬉しさはありますか？ たつき：嬉しいです！普段お互いに面と向かって褒め合うことはないので、どこかでそう思ってくれていたんだと知ることができました。 龍太：ビジネストークやけどな（笑）。 たつき：…っていうところも含めて照れ隠しなんです（笑）。 将也：（少し照れた様子で）僕も嬉しいです。 たつき：何ニヤニヤしてんねん（笑）。こういう反応を見ると、末っ子らしさを感じます。 将也：待っているだけでは、三兄弟で舞台をやれる機会はなかなか巡ってこないと思います。もちろん大人の方にオファーをいただいて、用意された企画に乗ることが一番簡単ですし、安心だとは思いますが、それだといつまで経っても実現できない。自分から動かないと何も始まらない。5、6年後ではなく「今しかない」と思い自ら行動を起こしました。自ら動くことで広がっていく未来がたくさんあるはずですし、今このタイミングだからこそ、自分たちで舞台を作りたかったです。 龍太：…いや、インタビュアーさんは「（龍太に）褒められてどうでしたか？」って聞いてるんやで？「この舞台を作ろうと思いました」ってなんで1人で「アナザースカイ」（日本テレビ／毎週土曜23時〜）してんねん（笑）。 たつき：ほんまそういうところ抜けてる（笑）。 龍太：途中で「情熱大陸」（MBS・TBS系全国ネット／毎週日曜23時〜）のテーマ曲流れてたで。（ヴァイオリンを弾く仕草を交えて）「てっててー」って聞こえてきたわ（笑）。 ◆室三兄弟ならではの距離感と撮影現場での照れくささ ― 既に三兄弟のそれぞれのキャラクターが際立っていますが、久々に3人揃って撮影や仕事をしてみて、恥ずかしさなどはありましたか？ たつき：昔一緒に活動していた時期は毎日一緒で、どこかピリピリして弟たちに苛立ってしまうこともありましたが、別々の道で仕事をするようになってからは応援するようになりました。久々に3人で肩を並べて撮影して、嬉しさもありつつ緊張もあります。 龍太：僕は緊張はありませんが、恥ずかしさはあります。ビジュアル撮影のときも、普通なら挨拶から入るところが「あ、おう」となってしまいました。「これでいいのかな？」と思いつつも、変につくろうとおかしくなるので普段通りの距離感を意識しています。 あと、兄貴が「龍太に会うと緊張する」と言うのはやめてほしいです。「兄弟に緊張してどないすんねん」という話なので（笑）。 たつき：先ほど三兄弟でご飯に行くことはあまりないという話がありましたが、2人とも忙しそうなので、「誘って断られたら嫌やな…」など色々考えてしまって誘えないです。 龍太：そりゃ断ることもあるよ。その日の気分も予定もあるんだから！あと、SNSで僕のファンであることをアピールするのも控えてほしいです（笑）。 たつき：たまには気持ちを吐き出しておかないと（笑）。 龍太：周りの人に話すだけでとどめてほしいですし、変にファンっぽくならず、これからも兄貴として堂々としていてほしいです。「りゅうたぁ～」みたいな感じは違和感があります。 たつき：それは全くしてないです（笑）！捉え方の違いというか、見え方の問題だと思います（笑）。 ― では将也さんに対してもプロデューサーではなく、弟として接していらっしゃるのですか？ 龍太：いいえ、ちゃんとプロデューサーとして接しています。 将也：絶対思ってないやん（笑）。 龍太：いいえ、室さん。 たつき：全員、室さんやねん（笑）。 （modelpress編集部） ★後編では、物語の軸となる「パワフルなオカン」にまつわるエピソードや、改めて感じる「舞台ならではの面白さや魅力」について語ってもらった ◆プロフィール 室龍太（むろ・りゅうた） 1989年5月25日生まれ、京都府出身。関西ジュニアとして活動後、俳優として舞台やドラマで活躍。舞台『ある閉ざされた雪の山荘で』（2024）、『Endless SHOCK』（2024）、『ムロムカイ』（2025）、『ウロボロス -警察ヲ裁クハ我ニアリ-』（2025・2026）、ミュージカル『ダブル・トラブル TAKE2〜Hollywood Ending』（2026）などで確かな演技力を見せる。近年はストレートプレイでも主演を務め、幅広い役柄に挑戦している。 室たつき（むろ・たつき） 1987年12月28日生まれ、京都府出身。舞台を中心に俳優として精力的に活動中。ストレートプレイからコメディまで幅広い作品に多数出演。時代劇が好き。温かみとユーモアのある芝居で作品世界に彩りを添えている。 室将也（むろ・まさや） 1994年2月19日生まれ、京都府出身。現在は俳優として舞台を中心に活動し、ストレートプレイからコメディ作品まで幅広い役柄に挑戦。ダンスと表現力で注目を集め、話題作への出演を重ねて着実にその実力を発揮している。近年の主な出演作品に舞台『サラリーマンナイトフィーバー』（2023）、 朗読劇『銀河鉄道のなかで』（2023）、『マテリアルパレード』（2023）、『あゝ同期 の桜』（2024）、『売春捜査官』（2024）、ミュージカル『complex』（2026）などがあり、フレッシュなエネルギーと素直な感情表現で観客を魅了している。 【Not Sponsored 記事】 modelpress,[],[]
“室三兄弟”龍太・たつき・将也、なにわ男子・藤原丈一郎も目撃した“パワフルオカン”エピソード「家に泊まりに来たことがあり…」【「ムロ家のアカンタレ」インタビュー後編】（モデルプレス）,https://news.yahoo.co.jp/articles/18b30bbf560b0db60f692f0159f73a8d1bad77ad,https://newsatcl-pctr.c.yimg.jp/t/amd-img/20260926-04846111-mdpr-000-2-view.jpg?exp=10800,2026-09-26T19:00:05+09:00,2026-09-26T23:13:20+09:00,モデルプレス,mdpr,モデルプレス,4459,（上から）室たつき、室龍太、室将也 【モデルプレス＝2026/09/26】舞台「ムロ家のアカンタレ」（10月29日〜11月3日に東京・雷5656会館ときわホール、11月13日〜15日に京都・先斗町歌舞練場にて上演）に出演する室龍太（むろ・りゅうた／37）、室たつき（むろ・たつき／38）、室将也（むろ・まさや／32）がモデルプレスらのインタビューに応じた。後編では、物語の軸となる「パワフルなオカン」にまつわるエピソードや、改めて感じる「舞台ならではの面白さや魅力」について語ってもらった。 【写真】STARTOアイドルらリアル三兄弟、14年ぶりの共演で仲良し密着ショット ◆室三兄弟出演舞台「ムロ家のアカンタレ」 本作は、長男・たつき、次男・龍太、三男・将也による兄弟ユニット「室三兄弟」が約14年ぶりに共演を果たす、パワフルなオカンと三兄弟が織りなす笑いと涙の家族コメディ。「いつか3人で舞台を…」というかねてからの目標を実現するため、将也が企画・原案者として始動。脚本・演出をミュージカル「テニスの王子様」「東京リベンジャーズ」などを手掛ける三浦香が務める。 劇中では、神経質な性格の長男・タツキ（たつき）、クールで無口な次男・リュータ（龍太）、信念がない三男・マサヤ（将也）という、三者三様の個性豊かな三兄弟をそれぞれ演じる。 物語は、オカンの一言「結婚することになった」から始まる、ムロ家の再婚騒動を描く。突然の再婚宣言に戸惑う三兄弟は、オカンを取られる不安や素直になれないプライドが爆発し、喧嘩と家族会議を繰り返すことに。スナックの常連客や幼なじみ、さらには新しい父親候補（？）も巻き込みながら、不器用な家族愛と絆をコミカルに届ける。 ◆室三兄弟の実話が盛り込まれた脚本の魅力 ― 今作は実話も盛り込まれているとのことですが、脚本を読まれていかがですか？ たつき：三浦香さんに実際のエピソードをお話しして、うまく作品へ落とし込んでいただき、初稿を見た段階で「稽古をしたらもっと面白くなる」と感じました。観てくださる方に「これってどこまでがフィクションで、どこまでが本当の話なの？」と疑われるくらい、リアルな空気感をお見せしたいです。 龍太：客観的に「自分はこう見えているんだ」と気づける良い機会になりました。「素のままでいく」と言っても、絶対にどこか意識してしまうので、自分自身を演じるというのは一番難しいと思います。台本を読み込んで突き詰めていきたいです。 将也：今回、三浦香さんに脚本・演出をお願いした理由は、以前手掛けられていたミュージカルを観て「ぜひこの方に頼みたい！」と思ったからです。母親と三兄弟のお話ですし、お客様も女性が多いと思うので、女性目線で描いていただくのが一番共感してもらえると思いました。脚本を見たときに「本当に頼んで良かったな」と思いました。 たつき：そこまでしっかりと考えていたんだ！ ◆室三兄弟が感じる舞台の面白さや魅力 ― 皆さん幼い頃から芸能活動をスタートし、様々な経験を重ねてこられたと思います。今回あらためて舞台に挑むにあたり、数あるお仕事の中でも「舞台ならではの面白さや魅力」はどのような部分だと感じていらっしゃいますか？ たつき：これまで様々な役を演じてきましたが、自分自身を演じるというのは今回が初めての試みです。役名は「たつき」ですが当然台本はありますし、3人でのやり取りは普段通りの兄弟関係の延長で進められたとしても、他のキャストさんとのシーンでどのように自分自身を表現していくべきかという難しさを感じています。その場の空気感やお客様の雰囲気によって変化するところが舞台の醍醐味ですし、だからこそ僕は舞台が好きで続けています。コンサートの中で漫才を披露する機会は多かったですが、3人で本格的なお芝居に挑むのは本作が初めてです。正直どのようになるのかまだ想像がつきませんが、この作品をきっかけに、また新しい“舞台の楽しみ方”を見つけたいです。 龍太：映像とは異なり、その日ごとに空気感も違えば、客席の反応も毎日変わる。良くも悪くも“その場を生きられる”ことこそが舞台の醍醐味だと感じます。今回は自分自身を演じることに加え、実話のエピソードも入っているため難しさはありますが、しっかりと向き合って作り上げていきたいです。 将也：舞台の魅力は、お客様と同じ空間を共有する“生もの”である点です。毎公演全く雰囲気が違いますし、あるシーンで今日はウケても次の公演では反応が違ったり、共演者の方々のお芝居によっても空気感がガラリと変化します。 たつき：舞台は好き？ 将也：好きです！映像のお仕事も魅力的ですが、自分とは異なる人間としてその時間を生きられる感覚がすごく楽しいです。 ― プロデューサー業に挑戦してみて、やりがいや楽しさは感じていますか？ 将也：まだそこまで実感はないのですが、次男の事務所に連絡して「室龍太さんのスケジュールを教えてください」と、初めて兄を「さん」付けで呼んだときに「プロデューサーをやっているんだな」としみじみ思いました（笑）。 たつき：くだらねぇ（笑）！当たり前のことやねん（笑）！でも、彼はゼロからプロデュースに挑戦しているので不安も多くて、相談の連絡をもらうこともありました。僕が「こうしてみたら？」と伝えたことを、その都度自分の中でアップデートしながら彼なりに動いている。今回の経験が彼にとって良い勉強になっていると思いますし、これをきっかけに今後も色々な作品をプロデュースできるようになるのではないかと思っています。 ◆室三兄弟、母親との連絡事情・家族への宣言 ― 物語は「オカンの離婚宣言」から始まりますが、これにちなんでお母様やご兄弟に“宣言したいこと”はありますか？ たつき：母には「孫を見せられなくてごめんなさい」と思っています。3人兄弟で誰ひとり孫を見せられていないので…。母ももう諦めたみたいで、最近犬を2匹飼い始めました（笑）。 舞台は楽しみにしてくれていると思うので、「楽しみに待っていてほしい」と伝えたいです。母は普段舞台を観に来てくれても、一切感想を言わないです。それもどうなのかなと思いつつ、母なりに楽しんでくれているのだと思います。誰よりも僕たち3人のファンでいてくれているのは母だと思っているので、心から舞台を楽しんでもらいたいです。 龍太：僕が宣言したいのは、「僕を介して連絡を取るのをやめてほしい」ということです（笑）。母が他の2人に連絡を取りたいとき、なぜかまず僕に電話がかかってくるんです。「お兄ちゃん何してるか知らん？連絡取れへんねん」と聞かれても、僕も知るわけないじゃないですか。 ― 龍太さんから直接、お二人に連絡されるのですか？ 龍太：そうです。電話に出るときもあれば出ないときもありますが、繋がったときは「オカンが連絡取れんって言ってるぞ」と伝えます。でも、本音を言えば「今電話繋がってるなら、そのままオカンに連絡しろよ！」と思います（笑）。何のための携帯電話なんだろうと（笑）。 たつき：あー、なるほど。僕らへの注意でもあるわけね（笑）。 将也：その延長線上の話ですが、僕も母親から「お兄ちゃん（たつき）と連絡がつかんから家を見に行ってほしい」と頼まれるんです。「生きてるかわからんから」と言われますが、「なんで僕が生存確認のためにわざわざ家まで行かなあかんねん！」と思います（笑）。 ◆室三兄弟「パワフルなオカン」エピソード明かす ― あらすじにもパワフルなお母様の姿が描かれていますが、現実のお母様の「パワフルさ」を感じるエピソードはありますか？ たつき：男3人を育て上げたという時点でパワフルですよね。当時はしつけとして手を上げるのも当たり前でしたし、男の子3人を育てるのは相当大変だったと思います。僕らが大きくなるにつれて叩く手も痛くなるのか、だんだん道具を使うようになっていきました（笑）。でも、それくらいのパワフルさで育ててくれたからこそ今があると感じます。未だに現役で元気に働いていますし、「この人は一体いつまでパワフルなんだろう」と思います。 ― 兄弟喧嘩をお母様が止めることもあったのですか？ たつき：ありました。兄弟同士で「ごめん」となるのではなく、お互いに「オカンごめんなさい」と母親に対して平謝りする流れになります（笑）。兄弟で「とにかくオカンだけは怒らせない方がいい」というのを身に染みて学びました。 龍太：あと、東京であろうが福岡であろうが、全国各地で公演があるたびに観に来てくれる行動力もパワフルだと感じます。 将也：あと、未だに全身オレンジのセットアップとか着ています（笑）。 たつき：確かに、服装のパワフルさは昔からすごいかも。 将也：昔、なにわ男子の藤原丈一郎が家に泊まりに来たことがあり、母の服装が派手すぎて恥ずかしくなり、丈一郎に「どう？うちの少女時代」と聞いてみたら爆笑していました（笑）。 たつき：母は僕ら3人のお下がりを未だに着ています。パジャマにするだけではなく、普通に私服としても着こなしています（笑）。 ― 素敵なお話ありがとうございました！ （modelpress編集部） ◆プロフィール 室龍太（むろ・りゅうた） 1989年5月25日生まれ、京都府出身。関西ジュニアとして活動後、俳優として舞台やドラマで活躍。舞台『ある閉ざされた雪の山荘で』（2024）、『Endless SHOCK』（2024）、『ムロムカイ』（2025）、『ウロボロス -警察ヲ裁クハ我ニアリ-』（2025・2026）、ミュージカル『ダブル・トラブル TAKE2〜Hollywood Ending』（2026）などで確かな演技力を見せる。近年はストレートプレイでも主演を務め、幅広い役柄に挑戦している。 室たつき（むろ・たつき） 1987年12月28日生まれ、京都府出身。舞台を中心に俳優として精力的に活動中。ストレートプレイからコメディまで幅広い作品に多数出演。時代劇が好き。温かみとユーモアのある芝居で作品世界に彩りを添えている。 室将也（むろ・まさや） 1994年2月19日生まれ、京都府出身。現在は俳優として舞台を中心に活動し、ストレートプレイからコメディ作品まで幅広い役柄に挑戦。ダンスと表現力で注目を集め、話題作への出演を重ねて着実にその実力を発揮している。近年の主な出演作品に舞台『サラリーマンナイトフィーバー』（2023）、 朗読劇『銀河鉄道のなかで』（2023）、『マテリアルパレード』（2023）、『あゝ同期 の桜』（2024）、『売春捜査官』（2024）、ミュージカル『complex』（2026）などがあり、フレッシュなエネルギーと素直な感情表現で観客を魅了している。 【Not Sponsored 記事】 modelpress,[],[]
「日プ新世界」から誕生・KO1KEYZ「ガルアワ」初出演で「恋GAME」など3曲披露 去り際までお手振り・ハートポーズ…愛溢れるステージ【ガルアワ2026A/W】（モデルプレス）,https://news.yahoo.co.jp/articles/d9e52d5f2c9a1b9528ee7ad092d6eef1b182bab2,https://newsatcl-pctr.c.yimg.jp/t/amd-img/20260926-04850114-mdpr-000-4-view.jpg?exp=10800,2026-09-26T18:56:49+09:00,2026-09-26T21:12:06+09:00,モデルプレス,mdpr,モデルプレス,1419,KO1KEYZ 【モデルプレス＝2026/09/26】サバイバルオーディション番組「PRODUCE 101 JAPAN 新世界」から誕生したKO1KEYZ（コイキーズ）が9月26日、千葉・幕張メッセで開催のファッション＆⾳楽イベント「Rakuten GirlsAward 2026 AUTUMN／WINTER」に出演した。 【写真】「日プ」発12人組グル、ピンク・白…華やか衣装で魅せた「ガルアワ」ステージ ◆KO1KEYZ「ガルアワ」初出演 10月7日に日韓同時デビューを控えるKO1KEYZは、ピンクやホワイトを基調とした衣装で登場。ジャケットやパンツなど、それぞれ異なるアイテムを取り入れながらも、淡いカラーで統一感を持たせたスタイリングでステージに立った。 デビュー曲「KO1KEYZ」で幕を開けると、フレッシュなエネルギーあふれるパフォーマンスで一気に会場を引き込んだ。力強いダンスと息の合ったフォーメーションを次々と繰り広げ、ダンスブレイクではさらにギアアップ。オレンジのカラーメイクで色気をにじませたKOSUKE（照井康祐）を筆頭に、迫力あるダンスでステージを掌握した。 MCでは、DAIKI（加藤大樹）の掛け声に合わせてメンバーそろって挨拶。TOWA（濱田永遠）は笑顔を見せながら「名前だけでも覚えて帰ってください」と呼びかけ、RYUJI（杉山竜司）が「『ガルアワ』のみなさん盛り上がっていけますかー？」と観客を煽ると、会場からは大きな歓声が上がった。その勢いのまま披露したのは、愛らしい振り付けとキャッチーな曲調がSNSでも話題を集めたコンセプト評価曲「Neko（ねこ）」。1曲目から一転、キュートな表情や仕草を交えながら楽曲の世界観を表現し、会場の熱気をさらに高めた。 曲の合間には「Neko（ねこ）知ってましたか？」と観客に問いかけたり、客席へ手を振ったりと、積極的にコミュニケーションをとる姿も。そして、ラストを飾ったのは、恋愛をゲームになぞらえ、2人ならどんな場面も乗り越えていけるという前向きな思いを歌った「恋GAME」。弾むようなパフォーマンスと堂々としたステージングで、デビュー前とは思えない存在感を発揮し、最後まで観客を惹きつけた。 パフォーマンスを終えると、DAIKIが「最高でしたー！」と声を弾ませ、最後は全員で「KO1KEYZでした！」と挨拶。ステージを後にする直前まで、それぞれが遠くの客席へ向けて何度も手を振り、ISSA（柳谷伊冴）は腕を大きく使いハートポーズを作るなど、最後の瞬間までファンサービスたっぷりに会場を盛り上げた。 ◆「ガルアワ2026A/W」テーマは「Love Me!!!」 記念すべき30回目の開催となる今回のテーマは、何度でも「好き」と思ってもらえる、ずっと愛され続ける存在でありたいという想いが込められた「Love Me!!!」。ランウェイには藤田ニコル、生見愛瑠、山下美月ら豪華俳優・モデルが集結し、KO1KEYZのほか、乃木坂46、ふぉ～ゆ～、CANDY TUNEらアーティストによるパフォーマンスも展開。MCは南海キャンディーズの山里亮太、森香澄に加え、田中樹がゲストMCを務める。（modelpress編集部） ◆KO1KEYZセットリスト M1.KO1KEYZ M2.Neko（ねこ） M3.恋GAME 【Not Sponsored 記事】 modelpress,[],[]
超ときめき宣伝部・坂井仁香、モノトーンコーデで美デコルテ際立つ 大人っぽい着こなしに「スタイル良すぎ」「美しい」の声【ガルアワ2026A/W】（モデルプレス）,https://news.yahoo.co.jp/articles/7bce04a003ee19c90bdb76f0aee5ec4d96a178fb,https://newsatcl-pctr.c.yimg.jp/t/amd-img/20260926-04850069-mdpr-000-2-view.jpg?exp=10800,2026-09-26T18:48:35+09:00,2026-09-26T19:12:29+09:00,モデルプレス,mdpr,モデルプレス,714,坂井仁香 【モデルプレス＝2026/09/26】超ときめき◆宣伝部（※◆は正しくは「ハート」）の坂井仁香が26日、千葉・幕張メッセで開催のファッション＆⾳楽イベント「Rakuten GirlsAward 2026 AUTUMN／WINTER」に出演した。 【写真】スタダ人気アイドル、美デコルテ際立つロングワンピース姿 ◆坂井仁香、美デコルテ際立つ 坂井はモノクロカラーのタイトなロングワンピースに、黒のクロップド丈カーディガンを合わせてランウェイに登場。胸元のクロスストラップから美しいデコルテをのぞかせ、頭にあしらった大きな黒のリボンがアクセントとなり、モノトーンでまとめながらも華やかな印象に。足元にはボリュームのある黒のミドルブーツを合わせ、クールさとキュートさを兼ね備えたスタイリングを披露した。 SNS上では「スタイル良すぎ」「大人っぽい」「美しい」「モノトーンコーデ似合ってる」「リボンがアクセントになってて可愛い」などのコメントが寄せられている。 ◆「ガルアワ2026A/W」テーマは「Love Me!!!」 記念すべき30回目の開催となる今回のテーマは、何度でも「好き」と思ってもらえる、ずっと愛され続ける存在でありたいという想いが込められた「Love Me!!!」。ランウェイには藤田ニコル、生見愛瑠、山下美月ら豪華俳優・モデルが集結し、乃木坂46、ふぉ～ゆ～、CANDY TUNE、KO1KEYZらアーティストによるパフォーマンスも展開。MCは南海キャンディーズの山里亮太、森香澄に加え、田中樹がゲストMCを務める。（modelpress編集部） 【Not Sponsored 記事】 modelpress,[],[]
田中樹、共演女優との現場での会話「15秒くらいで終わって」【ガルアワ2026A/W囲み取材】（モデルプレス）,https://news.yahoo.co.jp/articles/19263705771e42dd7f497a57c179a3099628c94f,https://newsatcl-pctr.c.yimg.jp/t/amd-img/20260926-04850244-mdpr-000-3-view.jpg?exp=10800,2026-09-26T18:48:30+09:00,2026-09-26T19:19:33+09:00,モデルプレス,mdpr,モデルプレス,1040,田中樹 【モデルプレス＝2026/09/26】俳優の福士蒼汰、志田彩良、田中樹が26日、千葉・幕張メッセで開催のファッション＆⾳楽イベント「Rakuten GirlsAward 2026 AUTUMN／WINTER」に出演。出演後、バックステージで報道陣の囲み取材に応じ、ドラマ撮影現場での会話を明かした。 【写真】サプライズ登場のイケメン俳優＆STARTOアイドル、仲良くランウェイ ◆福士蒼汰＆志田彩良、田中樹の驚いたギャップ明かす 3人は日本テレビ系日曜ドラマ『ハイド＆シーク 0秒前の彼女』（10月4日スタート／毎週日曜よる10時半～）スペシャルステージにサプライズ登場。その後の囲み取材で、ドラマの撮影合間のエピソードを聞かれると、田中は「蒼くんとあんま話せてないんだよね」と福士とは共演シーンが少ないことからあまり交流はできていないといい、志田については「多いですけど、ずっとこっちのソファーとこっちのソファーで2人とも喋らずぼーっとしてますよ」と説明した。 志田は「本当に典型的な人見知りで、話すとしても『お昼って何食べましたか？』（笑）」と補足し、田中は「『あ、うん。大丈夫ですか？何食べましたか？』って話して、それが15秒くらいで終わって」と会話内容を明かした。 ◆「ハイド＆シーク 0秒前の彼女」 本作は、ある日爆弾事件に巻き込まれ、事件を首謀したテロリストとして国家から追われる身となったフリージャーナリスト・津倉勇一（福士）の物語。爆弾事件で命を落としたはずの最愛の恋人・高木紗奈（志田）からの着信をきっかけに、謎に包まれた恋人を追う津倉が、裏切りと騙し合いの果てにたどり着く真実を描いたスリルあふれる極限チェイスのラブミステリー。田中は、主人公と対立する重要な役どころとなる兵頭誠を演じる。 ◆「ガルアワ2026A/W」テーマは「Love Me!!!」 記念すべき30回目の開催となる今回のテーマは、何度でも「好き」と思ってもらえる、ずっと愛され続ける存在でありたいという想いが込められた「Love Me!!!」。ランウェイには藤田ニコル、生見愛瑠、山下美月ら豪華俳優・モデルが集結し、乃木坂46、ふぉ～ゆ～、CANDY TUNE、KO1KEYZらアーティストによるパフォーマンスも展開。MCは南海キャンディーズの山里亮太、森香澄に加え、田中がゲストMCを務める。（modelpress編集部） 【Not Sponsored 記事】 modelpress,[],[]
AKB48元メンバーの22期研究生・長谷川百々花「AKB48以外という考えがやっぱりできなくて」再加入のきっかけ・グループへの思い入れ語る（モデルプレス）,https://news.yahoo.co.jp/articles/5bf8ffe0f24251086c990db940907856d9993c5b,https://newsatcl-pctr.c.yimg.jp/t/amd-img/20260926-04850231-mdpr-000-2-view.jpg?exp=10800,2026-09-26T18:47:56+09:00,2026-09-26T22:52:30+09:00,モデルプレス,mdpr,モデルプレス,1516,長谷川百々花 【モデルプレス＝2026/09/26】AKB48の22期研究生が9月26日、神奈川・K-Arena Yokohamaで開催された「Supported by ローソンチケット AKB48 THREE CONCEPTS LIVE in K-Arena Yokohama」の昼公演となる「新曲『好きish』コンサート」にてお披露目。終演後に囲み取材が行われ、グループに再加入した長谷川百々花が思いを語った。 【写真】AKB48・22期研究生、ミニ丈衣装で美脚スラリ ◆AKB48、22期研究生お披露目 22期研究生としてお披露目されたのは、大西ゆな（おおにし・ゆな／18歳）、長谷川百々花（はせがわ・ももか／19歳）、前田衣澄（まえだ・いずみ／17歳）、山内利乃明（やまうち・りのあ／13歳）の4人。長谷川は、以前AKB48のTeam8福島県代表として活動し、2021年3月に活動辞退していた元メンバーである。 ◆元メンバー・長谷川百々花、再加入のきっかけ告白 福島県出身の19歳・長谷川は、以前AKB48のTeam8福島県代表として活動し、2021年3月に活動辞退していた元メンバー。2025年に開催された「AKB48 20th Year Live Tour 2025 in 日本武道館 ～あの頃、青春でした。これから、青春です～」にもOGメンバーとして出演しており、このことがオーディションを受けるきっかけになったのだという。 心境を聞かれると「AKB48の映像を見たり曲を聴いたりしたことがすごく前向きにしてくれる要素だったので、私も誰かの、私みたいな人の背中を押せるようになりたいと思っていました」とAKB48への思いを語りつつ、「でもやっぱりオーディションを受けていいのかがまず分からなくて、受けてこなかったんです」と告白。そして「20周年コンサートに出演させていただいて、そして卒業メンバーの方々のパフォーマンスとかも見させていただいて『やっぱりなりたいな』という思いが強くて、それでオーディションに。19歳で最後の年だったので『最初で最後だから受けてみよう』と思って、受けました」と打ち明けた。 ◆長谷川百々花「AKB48以外という考えがやっぱりできなくて」 約5年ぶりとなるメンバーとしてのダンスでブランクを感じたかと質問されると「加入している時期もコロナ禍であまりコンサートに出演できなかったのでブランクは分からないんですけど、すごく緊張した」と回答。続けて「できるだけ歓声に応えたい、というのがあって、体と頭と全部動かしながらやるというのが難しかったです」とコンサートでのお披露目時に受けた歓声を振り返った。 他のアイドルグループへの加入を目指す選択肢はなかったのか、という問いには「いろんな方に相談して、『いろんなオーディションがこれからもあるし、いろんなアイドルを見に行った方がいいんじゃないか』という風に言われて、いろんな映像も見ましたし会場にも足を運んだんですけど、『Overture』から曲もすべてAKB48で育ったので。小学校から中学校、高校ってずっと、運動会とか街中でも流れていたので、AKB48以外という考えがやっぱりできなくて」とAKB48への強い思い入れを吐露。「AKB48の魅力って、部活動のように見えるけど、でもその中でも競い合ってて、プロで、いつ見ても輝いているというのが、私はすごく好きで。赤が似合うというのもすごく好きで。なので、AKB48にやっぱりなりたいなと思いました」と伝えた。（modelpress編集部） 【Not Sponsored 記事】 modelpress,[],[]
本田紗来、犬モチーフニット×ミニスカート姿で登場 弾ける笑顔に「天使すぎる」「どこから見ても可愛い」【ガルアワ2026A/W】（モデルプレス）,https://news.yahoo.co.jp/articles/0215be18811e5f0825e4233a58aef080393fc4e5,https://newsatcl-pctr.c.yimg.jp/t/amd-img/20260926-04850071-mdpr-000-1-view.jpg?exp=10800,2026-09-26T18:38:14+09:00,2026-09-26T18:38:14+09:00,モデルプレス,mdpr,モデルプレス,633,本田紗来 【モデルプレス＝2026/09/26】タレント・モデルの本田紗来が26日、千葉・幕張メッセで開催のファッション＆⾳楽イベント「Rakuten GirlsAward 2026 AUTUMN／WINTER」に出演した。 【写真】芸能三姉妹の19歳末っ子「天使すぎる」弾ける笑顔 ◆本田紗来、ランウェイで弾ける笑顔 本田は、ボリューム感のある淡いピンクのアウターにミニ丈スカート、ロングブーツを合わせてランウェイを闊歩。胸元にキュートな犬のモチーフがあしらわれたニットを合わせ、大きなリボンのヘアアクセサリーで華やかさをプラス。ランウェイのトップでは愛らしいポーズを決め、弾けるような笑顔を見せた。 SNS上では「どこから見ても可愛い」「天使すぎる」「似合ってる」などのコメントが寄せられている。 ◆「ガルアワ2026A/W」テーマは「Love Me!!!」 記念すべき30回目の開催となる今回のテーマは、何度でも「好き」と思ってもらえる、ずっと愛され続ける存在でありたいという想いが込められた「Love Me!!!」。ランウェイには藤田ニコル、生見愛瑠、山下美月ら豪華俳優・モデルが集結し、乃木坂46、ふぉ～ゆ～、CANDY TUNE、KO1KEYZらアーティストによるパフォーマンスも展開。MCは南海キャンディーズの山里亮太、森香澄に加え、田中樹がゲストMCを務める。（modelpress編集部） 【Not Sponsored 記事】 modelpress,[],[]
AKB48、22期研究生4人お披露目 元メンバー・長谷川百々花が再加入 最年少は2012年生まれ13歳【プロフィール】（モデルプレス）,https://news.yahoo.co.jp/articles/f3f63351f5876dc22705bc1b6b50fb374d7afaf8,https://newsatcl-pctr.c.yimg.jp/t/amd-img/20260926-04850196-mdpr-000-6-view.jpg?exp=10800,2026-09-26T18:36:13+09:00,2026-09-26T23:03:06+09:00,モデルプレス,mdpr,モデルプレス,2138,AKB48 22期研究生／長谷川百々花、山内利乃明、大西ゆな、前田衣澄 【モデルプレス＝2026/09/26】AKB48の22期研究生が9月26日、神奈川・K-Arena Yokohamaで開催された「Supported by ローソンチケット AKB48 THREE CONCEPTS LIVE in K-Arena Yokohama」の昼公演となる「新曲『好きish』コンサート」にてお披露目。終演後に囲み取材が行われ、22期研究生の4人がお披露目を振り返った。 【写真】AKB48再加入の19歳美人メンバー ◆AKB48、22期研究生お披露目 22期研究生としてお披露目されたのは、大西ゆな（おおにし・ゆな／18歳）、長谷川百々花（はせがわ・ももか／19歳）、前田衣澄（まえだ・いずみ／17歳）、山内利乃明（やまうち・りのあ／13歳）の4人。長谷川は、以前AKB48のTeam8福島県代表として活動し、2021年3月に活動辞退していた元メンバーである。 ◆最年少13歳・山内利乃明、舞台裏で涙 愛媛県出身の13歳で、グループ最年少となる山内は「私は舞台裏ですごく緊張して泣いちゃったんですけど」と明かしながらも、「それでもステージに立ったら22期研究生のみんなで今まで頑張ってきたことを発揮できるように頑張ろうと思って、一生懸命ステージの上で頑張りました」とステージを回顧。 長崎県出身の18歳・大西は「私はあまり緊張しないタイプなんですけど、今日は緊張して、夢みたいで。ステージの上から見えるペンライトがめっちゃ綺麗で。アイドルになるということを目標にしていたので、今は信じられない気持ちでいっぱいです」と振り返り、東京都出身の17歳・前田は「まさか自分がこの大きな舞台に立てると思っていなかったので、すごく驚いて緊張したのと、この素敵な舞台で、これまでたくさん準備してきてくださったスタッフの方と同期と先輩方と、それから今日来てくださったり、来られなくても応援してくださったファンの皆さんに感謝の気持ちでいっぱいです」と感謝を口にした。 ◆22期研究生、憧れのメンバー明かす 憧れのメンバーを聞かれると、長谷川が「現役メンバーの方だと小栗有以さんが私の憧れのメンバーです」「卒業生の高橋みなみさんも憧れている先輩で、高橋みなみさんみたいに卒業後もAKB48のことを思ってSNSなどで触れてくれるような、私もそういうメンバーになりたいです」と列挙。山内は総監督・倉野尾成美を挙げ、「倉野尾さんは総監督としてメンバーみんなのことをまとめて、倉野尾さんがAKB48を作っていると言っても過言ではないくらい、みんなのことをまとめているので、私も倉野尾さんみたいに自分のことでいっぱいいっぱいじゃなくなるように頑張ります」と宣言した。 同じ質問に大西は「私は八木愛月さんが憧れの先輩です。理由は、いつもふわふわしているイメージが私の中ではあるんですけど、ダンスをセンターで踊っている八木愛月さんをSNSなどを通して見たときに、すごい輝いてて、ダンスもバチバチで、かっこいいところが憧れています」と回答。前田は新井彩永と前田敦子に憧れているそうで、「私は名字が前田という名字なので、“AKB48の前田”という名前に恥じないような前田衣澄を目指せるように頑張りたいです」と意気込んだ。（modelpress編集部） ◆22期研究生プロフィール（五十音順） 1.ニックネーム／2.出身地／3.生年月日／4.年齢（26日現在）／5.身長／6.血液型／7.ペンライトカラー／8.自分を一言で／9.好きなもの／10.特技／11.好きな食べ物 大西 ゆな（おおにし・ゆな） 1.ゆーちゃん 2.長崎県 3.2008年6月15日 4.18歳 5.158cm 6.O型 7.紫×黄緑 8.いつも明るく元気 9.お菓子作り、縫い物、ダンス 10.縫い物 11.お母さんのオムライス・肉じゃが・いちご・納豆 長谷川 百々花（はせがわ・ももか） 1.はせもも 2.福島県 3.2006年12月14日 4.19歳 5.161.5cm 6.不明 7.オレンジ×オレンジ 8.子供っぽい 9.映画鑑賞、読書、温泉に行ってゆっくりすること 10.縄跳び・足つぼマット・アルトサックス・側転 11.すき焼き・うどん・そば・お母さんが作る具だくさんな豚汁・酢の物・ポトフ・辛ラーメン・茶碗蒸し・マスカット・イチゴ・桃・みかん 前田 衣澄（まえだ・いずみ） 1.いず 2.東京都 3.2008年11月17日 4.17歳 5.155cm 6.A型 7.黄緑×黄緑 8.努力家 9.シルバニアファミリー・ディズニー・音楽を聴くこと 10.ピアノ・絶対音感 11.かぼちゃ・メロンパン・お母さんのコロッケ 山内 利乃明（やまうち・りのあ） 1.りのあ 2.愛媛県 3.2012年12月13日 4.13歳 5.158cm 6.O型 7.薄ピンク×黄緑 8.熱中型 9.ディズニーについて調べること 10.ダンス・水泳・習字 11.ママが作る野菜と卵たっぷりスープ 【Not Sponsored 記事】 modelpress,[],[]
櫻坂46山下瞳月、ツインお団子×ファーベレー帽がお似合い「ホワイトコーデ可愛すぎる」「リアル天使」と反響【ガルアワ2026A/W】（モデルプレス）,https://news.yahoo.co.jp/articles/13d97f65def3edd86a8d563c51ebfc5adf43c4f1,https://newsatcl-pctr.c.yimg.jp/t/amd-img/20260926-04850068-mdpr-000-1-view.jpg?exp=10800,2026-09-26T18:35:54+09:00,2026-09-26T18:35:54+09:00,モデルプレス,mdpr,モデルプレス,561,山下瞳月 【モデルプレス＝2026/09/26】櫻坂46の山下瞳月が26日、千葉・幕張メッセで開催のファッション＆⾳楽イベント「Rakuten GirlsAward 2026 AUTUMN／WINTER」に出演した。 【写真】櫻坂46メンバー「リアル天使」美脚際立つミニコート姿 ◆山下瞳月、ファーベレー帽がお似合い 山下は、ホワイトのケープコート姿で登場。白いファーベレー帽にツインお団子ヘア、ロングブーツを合わせた甘さ全開のコーディネートで魅了した。 SNS上では「ホワイトコーデ可愛すぎる」「リアル天使」「冬コーデ参考になる」と反響が寄せられている。 ◆「ガルアワ2026A/W」テーマは「Love Me!!!」 記念すべき30回目の開催となる今回のテーマは、何度でも「好き」と思ってもらえる、ずっと愛され続ける存在でありたいという想いが込められた「Love Me!!!」。ランウェイには藤田ニコル、生見愛瑠、山下美月ら豪華俳優・モデルが集結し、乃木坂46、ふぉ～ゆ～、CANDY TUNE、KO1KEYZらアーティストによるパフォーマンスも展開。MCは南海キャンディーズの山里亮太、森香澄に加え、田中樹がゲストMCを務める。（modelpress編集部） 【Not Sponsored 記事】 modelpress,[],[]
ヨネダ2000「ガルアワ」シークレットで初登場 異素材ミックスコーデで存在感「インパクトすごい」「個性際立ってる」と反響（モデルプレス）,https://news.yahoo.co.jp/articles/154f648fa0c5fe9dc42c9b95f74fa70c3e99f4a0,https://newsatcl-pctr.c.yimg.jp/t/amd-img/20260926-04850074-mdpr-000-3-view.jpg?exp=10800,2026-09-26T18:32:46+09:00,2026-09-26T19:06:24+09:00,モデルプレス,mdpr,モデルプレス,704,ヨネダ2000 【モデルプレス＝2026/09/26】お笑いコンビ・ヨネダ2000（愛・誠）が26日、千葉・幕張メッセで開催のファッション＆⾳楽イベント「Rakuten GirlsAward 2026 AUTUMN／WINTER」に出演した。 【写真】「ガルアワ」初登場の人気女芸人「個性際立ってる」奇抜衣装姿 ◆ヨネダ2000「ガルアワ」初登場 「ガルアワ」にシークレットで初登場したヨネダ2000。誠はレオパード柄の帽子にデニムジャケットを合わせたコーディネート、愛は鮮やかなグリーンのトップスに多色使いのアウターを重ね、個性的なスタイリングを見せた。 それぞれ異なるテイストのコーディネートで登場し、普段のお笑いステージとは一味違う魅力を発揮したヨネダ2000のランウェイにファンからは「2人とも似合ってる」「衣装のインパクトすごい」「個性的で可愛い」「似合うのすごい」「インパクトすごい」「個性際立ってる」といった声が寄せられている。 ◆「ガルアワ2026A/W」テーマは「Love Me!!!」 記念すべき30回目の開催となる今回のテーマは、何度でも「好き」と思ってもらえる、ずっと愛され続ける存在でありたいという想いが込められた「Love Me!!!」。ランウェイには藤田ニコル、生見愛瑠、山下美月ら豪華俳優・モデルが集結し、乃木坂46、ふぉ～ゆ～、CANDY TUNE、KO1KEYZらアーティストによるパフォーマンスも展開。MCは南海キャンディーズの山里亮太、森香澄に加え、田中樹がゲストMCを務める。（modelpress編集部） 【Not Sponsored 記事】 modelpress,[],[]
河合郁人＆辰巳雄大（ふぉ～ゆ～）“大親友コンビ”でペアランウェイ 肩寄せポーズに「ふみたつ尊い」「エモすぎる」と反響【ガルアワ2026A/W】（モデルプレス）,https://news.yahoo.co.jp/articles/2958ddc87e252dc94609740393834e0f2df83ec9,https://newsatcl-pctr.c.yimg.jp/t/amd-img/20260926-04850006-mdpr-000-3-view.jpg?exp=10800,2026-09-26T18:28:53+09:00,2026-09-26T18:47:17+09:00,モデルプレス,mdpr,モデルプレス,771,辰巳雄大、河合郁人 【モデルプレス＝2026/09/26】元A.B.C-Zでタレントの河合郁人、4人組グループ・ふぉ～ゆ～の辰巳雄大が26日、千葉・幕張メッセで開催のファッション＆⾳楽イベント「Rakuten GirlsAward 2026 AUTUMN／WINTER」に出演した。 【写真】“20年来の友⼈”STARTOイケメン2人「エモすぎる」と話題のランウェイ ◆河合郁人＆辰巳雄大、“大親友コンビ”でペアランウェイ 20年来の友⼈で、ともにアメカジや古着を愛するファッション好きとしても知られる“大親友コンビ”の2人がサプライズでランウェイに登場。河合はレザーのライダースジャケットにベレー帽を合わせたコーデ、辰巳はグラフィックTシャツにロングジャケットをレイヤードしたコーディネートを見せた。2人がステージに姿を現すと、客席からは「かっこいいー！」と歓声が上がった。 ランウェイトップでは、辰巳が河合の肩に手を乗せ、仲睦まじい様子で客席を盛り上げた。 SNS上では「ふみたつ尊い」「エモすぎる」「2人のランウェイ最高」「かっこよすぎて痺れた」と反響が寄せられている。 ◆「ガルアワ2026A/W」テーマは「Love Me!!!」 記念すべき30回目の開催となる今回のテーマは、何度でも「好き」と思ってもらえる、ずっと愛され続ける存在でありたいという想いが込められた「Love Me!!!」。ランウェイには藤田ニコル、生見愛瑠、山下美月ら豪華俳優・モデルが集結し、乃木坂46、ふぉ～ゆ～、CANDY TUNE、KO1KEYZらアーティストによるパフォーマンスも展開。MCは南海キャンディーズの山里亮太、森香澄に加え、田中樹がゲストMCを務める。（modelpress編集部） 【Not Sponsored 記事】 modelpress,[],[]
福士蒼汰＆志田彩良、田中樹のギャップ明かす バラエティ＆ドラマ撮影現場での違いとは【ガルアワ2026A/W囲み取材】（モデルプレス）,https://news.yahoo.co.jp/articles/5a27b9c8e06dc08afd0faae611547d1bfb00f2b4,https://newsatcl-pctr.c.yimg.jp/t/amd-img/20260926-04850064-mdpr-000-6-view.jpg?exp=10800,2026-09-26T18:26:38+09:00,2026-09-26T19:20:22+09:00,モデルプレス,mdpr,モデルプレス,1290,田中樹、福士蒼汰、志田彩良 【モデルプレス＝2026/09/26】俳優の福士蒼汰、志田彩良、田中樹が26日、千葉・幕張メッセで開催のファッション＆⾳楽イベント「Rakuten GirlsAward 2026 AUTUMN／WINTER」に出演。出演後、バックステージで報道陣の囲み取材に応じ、福士と志田が田中のギャップについて語った。 【写真】サプライズ登場のイケメン俳優＆STARTOアイドル、仲良くランウェイ ◆福士蒼汰＆志田彩良、田中樹の驚いたギャップ明かす 3人は日本テレビ系日曜ドラマ『ハイド＆シーク 0秒前の彼女』（10月4日スタート／毎週日曜よる10時半～）スペシャルステージにサプライズ登場。トップバッターとしてもシークレットで登場した田中は「1人じゃなかったし、気楽に楽しく歩けました」とコメント。福士は「樹くんのうちわとか持ってるのをたくさん発見できて、『樹くん観に来たんだな～！』って（笑）」といい、田中は「蒼くんが『見て、樹！樹！樹！』って。それ僕にも見えてます（笑）」とステージ上での様子を明かした。 ◆福士蒼汰＆志田彩良が明かす田中樹のギャップとは さらに田中は本イベントのMCも務めており、福士は田中のMCぶりについて、日本テレビ系「Golden SixTONES」に出演した際を振り返り、「番組とかでもMCめっちゃ張り切ってるんだけど、現場では全然張り切ってない感じ（笑）。現場で静かに座ってらっしゃるっていう印象なんですけど、バラエティ番組でめっちゃ回してて、現場でも回してほしいなって」と田中のギャップを暴露。田中は「いやいや絶対嫌です（笑）」と答えていた。 さらに志田は「先日ラジオを初めて聞いたんですよ」と前置きし、「こんなに喋る方なんだと思ってびっくりして（笑）。それこそ二面性があるのかなっていうくらいびっくりしました」と明かしていた。 ◆「ハイド＆シーク 0秒前の彼女」 本作は、ある日爆弾事件に巻き込まれ、事件を首謀したテロリストとして国家から追われる身となったフリージャーナリスト・津倉勇一（福士）の物語。爆弾事件で命を落としたはずの最愛の恋人・高木紗奈（志田）からの着信をきっかけに、謎に包まれた恋人を追う津倉が、裏切りと騙し合いの果てにたどり着く真実を描いたスリルあふれる極限チェイスのラブミステリー。田中は、主人公と対立する重要な役どころとなる兵頭誠を演じる。 ◆「ガルアワ2026A/W」テーマは「Love Me!!!」 記念すべき30回目の開催となる今回のテーマは、何度でも「好き」と思ってもらえる、ずっと愛され続ける存在でありたいという想いが込められた「Love Me!!!」。ランウェイには藤田ニコル、生見愛瑠、山下美月ら豪華俳優・モデルが集結し、乃木坂46、ふぉ～ゆ～、CANDY TUNE、KO1KEYZらアーティストによるパフォーマンスも展開。MCは南海キャンディーズの山里亮太、森香澄に加え、田中がゲストMCを務める。（modelpress編集部） 【Not Sponsored 記事】 modelpress,[],[]
桜井玲香、ピンクニット×ロングスカートで新たな魅力放出「大人可愛い」「美しすぎて二度見」の声【ガルアワ2026A/W】（モデルプレス）,https://news.yahoo.co.jp/articles/d279b6ff11d0ba64987c5ab6bfc7a202a6e9e48b,https://newsatcl-pctr.c.yimg.jp/t/amd-img/20260926-04850088-mdpr-000-1-view.jpg?exp=10800,2026-09-26T18:22:45+09:00,2026-09-26T18:22:45+09:00,モデルプレス,mdpr,モデルプレス,603,桜井玲香 【モデルプレス＝2026/09/26】女優の桜井玲香が26日、千葉・幕張メッセで開催のファッション＆⾳楽イベント「Rakuten GirlsAward 2026 AUTUMN／WINTER」に出演した。 【写真】元乃木坂初代キャプテン「美しすぎて二度見」ロングスカート姿 ◆桜井玲香、花モチーフ散りばめた淡色コーデ 桜井は、花モチーフをあしらった淡いピンクのニットに、白を基調としたロングスカートを合わせて登場。ゆるやかに巻いたロングヘアを片側に流し、柔らかな色合いでまとめたフェミニンなスタイリングを見せた。 ファンからは、「大人可愛い」「優しげな雰囲気」「このコーデ似合ってる」「美しすぎて二度見」といった声が寄せられている。 ◆「ガルアワ2026A/W」テーマは「Love Me!!!」 記念すべき30回目の開催となる今回のテーマは、何度でも「好き」と思ってもらえる、ずっと愛され続ける存在でありたいという想いが込められた「Love Me!!!」。ランウェイには藤田ニコル、生見愛瑠、山下美月ら豪華俳優・モデルが集結し、乃木坂46、ふぉ～ゆ～、CANDY TUNE、KO1KEYZらアーティストによるパフォーマンスも展開。MCは南海キャンディーズの山里亮太、森香澄に加え、田中樹がゲストMCを務める。（modelpress編集部） 【Not Sponsored 記事】 modelpress,[],[]
元日向坂46富田鈴花、淡色アウターでフェミニンな装い「冬らしくて可愛い」「上品で素敵」と注目集まる【ガルアワ2026A/W】（モデルプレス）,https://news.yahoo.co.jp/articles/138e1c163bb3d29b63f123e25dabde6cfa3dc686,https://newsatcl-pctr.c.yimg.jp/t/amd-img/20260926-04850230-mdpr-000-1-view.jpg?exp=10800,2026-09-26T18:14:11+09:00,2026-09-26T18:14:11+09:00,モデルプレス,mdpr,モデルプレス,615,富田鈴花 【モデルプレス＝2026/09/26】元日向坂46の富田鈴花が26日、千葉・幕張メッセで開催のファッション＆⾳楽イベント「Rakuten GirlsAward 2026 AUTUMN／WINTER」に出演した。 【写真】元日向坂メンバー「上品で素敵」フェミニンな装い披露 ◆富田鈴花、淡色コーデ×ミニ丈で美脚披露 富田は、淡いブルーのトップスに白のミニ丈ボトムを合わせ、美しい脚をのぞかせた淡色コーデで登場。ファーをあしらったアウターと同系色のロングブーツを合わせ、やわらかく上品な雰囲気を漂わせながらランウェイを歩いた。 ファンからは、「透明感すごい」「冬っぽくて可愛い」「このコーデ好き」「冬らしくて可愛い」「上品で素敵」といった声が寄せられている。 ◆「ガルアワ2026A/W」テーマは「Love Me!!!」 記念すべき30回目の開催となる今回のテーマは、何度でも「好き」と思ってもらえる、ずっと愛され続ける存在でありたいという想いが込められた「Love Me!!!」。ランウェイには藤田ニコル、生見愛瑠、山下美月ら豪華俳優・モデルが集結し、乃木坂46、ふぉ～ゆ～、CANDY TUNE、KO1KEYZらアーティストによるパフォーマンスも展開。MCは南海キャンディーズの山里亮太、森香澄に加え、田中樹がゲストMCを務める。（modelpress編集部） 【Not Sponsored 記事】 modelpress,[],[]
日向坂46藤嶌果歩「ガルアワ」初登場でハートポーズ ネクタイ×ミニスカのフェミニンコーデ【ガルアワ2026A/W】（モデルプレス）,https://news.yahoo.co.jp/articles/757b74ed30486da3f7370bc88e68cd95297dc5b7,https://newsatcl-pctr.c.yimg.jp/t/amd-img/20260926-04850065-mdpr-000-1-view.jpg?exp=10800,2026-09-26T18:09:17+09:00,2026-09-26T18:09:17+09:00,モデルプレス,mdpr,モデルプレス,554,藤嶌果歩 【モデルプレス＝2026/09/26】日向坂46の藤嶌果歩が26日、千葉・幕張メッセで開催のファッション＆⾳楽イベント「Rakuten GirlsAward 2026 AUTUMN／WINTER」に出演した。 【写真】日向坂人気メン「ガルアワ」初登場の堂々ランウェイ ◆藤嶌果歩「ガルアワ」初登場でハートポーズ 今回が「ガルアワ」初登場となった藤嶌。ネクタイスタイルのトップスにミニ丈のスカートを合わせたフェミニンなコーデで、堂々とランウェイに登場した。ランウェイのトップではハートポーズを見せるなど、愛らしい仕草で会場を沸かせた。 ◆「ガルアワ2026A/W」テーマは「Love Me!!!」 記念すべき30回目の開催となる今回のテーマは、何度でも「好き」と思ってもらえる、ずっと愛され続ける存在でありたいという想いが込められた「Love Me!!!」。ランウェイには藤田ニコル、生見愛瑠、山下美月ら豪華俳優・モデルが集結し、乃木坂46、ふぉ～ゆ～、CANDY TUNE、KO1KEYZらアーティストによるパフォーマンスも展開。MCは南海キャンディーズの山里亮太、森香澄に加え、田中樹がゲストMCを務める。（modelpress編集部） 【Not Sponsored 記事】 modelpress,[],[]
元日向坂46濱岸ひより、ミニスカ×ロングブーツから美脚すらり「スタイル良すぎ」「美しい」と話題【ガルアワ2026A/W】（モデルプレス）,https://news.yahoo.co.jp/articles/858b8a82c4db9ec187d5003952f137c2934af964,https://newsatcl-pctr.c.yimg.jp/t/amd-img/20260926-04850086-mdpr-000-1-view.jpg?exp=10800,2026-09-26T18:05:57+09:00,2026-09-26T18:05:57+09:00,モデルプレス,mdpr,モデルプレス,599,濱岸ひより 【モデルプレス＝2026/09/26】元日向坂46の濱岸ひよりが26日、千葉・幕張メッセで開催のファッション＆⾳楽イベント「Rakuten GirlsAward 2026 AUTUMN／WINTER」に出演した。 【写真】23歳元日向坂「スタイル良すぎ」話題のミニスカ姿 ◆濱岸ひより、チェック柄ミニ丈×ロングブーツで美脚披露 濱岸は、ブラックのトップスに淡いカラーのアウターを重ね、赤を基調としたチェック柄のミニ丈ボトムを合わせて登場。ロングブーツから美しい脚をのぞかせ、笑顔を見せながらランウェイを歩いた。 ファンからは、「スタイル良すぎ」「赤チェック似合ってる」「笑顔可愛い」「美しい」といった声が寄せられている。 ◆「ガルアワ2026A/W」テーマは「Love Me!!!」 記念すべき30回目の開催となる今回のテーマは、何度でも「好き」と思ってもらえる、ずっと愛され続ける存在でありたいという想いが込められた「Love Me!!!」。ランウェイには藤田ニコル、生見愛瑠、山下美月ら豪華俳優・モデルが集結し、乃木坂46、ふぉ～ゆ～、CANDY TUNE、KO1KEYZらアーティストによるパフォーマンスも展開。MCは南海キャンディーズの山里亮太、森香澄に加え、田中樹がゲストMCを務める。（modelpress編集部） 【Not Sponsored 記事】 modelpress,[],[]
乃木坂46井上和、美肩チラリのキャミワンピコーデ キュートなポーズに歓声上がる【ガルアワ2026A/W】（モデルプレス）,https://news.yahoo.co.jp/articles/a149105dc6aa6507b18d82e4697bd27d24366d58,https://newsatcl-pctr.c.yimg.jp/t/amd-img/20260926-04850070-mdpr-000-1-view.jpg?exp=10800,2026-09-26T18:05:02+09:00,2026-09-26T18:05:02+09:00,モデルプレス,mdpr,モデルプレス,537,井上和 【モデルプレス＝2026/09/26】乃木坂46の井上和が26日、千葉・幕張メッセで開催のファッション＆⾳楽イベント「Rakuten GirlsAward 2026 AUTUMN／WINTER」に出演した。 【写真】乃木坂人気メン、美肩チラリのキャミワンピコーデ ◆井上和、キュートなポーズで魅せる 井上はチェック柄のキャミソールワンピースに、美しい肩のラインが際立つボレロをレイヤードしたコーディネートで登場。ランウェイトップでは口元にキュートに手を当てる仕草を見せ、客席からは歓声が上がっていた。 ◆「ガルアワ2026A/W」テーマは「Love Me!!!」 記念すべき30回目の開催となる今回のテーマは、何度でも「好き」と思ってもらえる、ずっと愛され続ける存在でありたいという想いが込められた「Love Me!!!」。ランウェイには藤田ニコル、生見愛瑠、山下美月ら豪華俳優・モデルが集結し、乃木坂46、ふぉ～ゆ～、CANDY TUNE、KO1KEYZらアーティストによるパフォーマンスも展開。MCは南海キャンディーズの山里亮太、森香澄に加え、田中樹がゲストMCを務める。（modelpress編集部） 【Not Sponsored 記事】 modelpress,[],[]
福士蒼汰・志田彩良・田中樹、ランウェイに集結「ハイド＆シーク」キャストがサプライズ登場【ガルアワ2026A/W】（モデルプレス）,https://news.yahoo.co.jp/articles/54bd70479a935fdaffcb6e4c40eed41f56512ff7,https://newsatcl-pctr.c.yimg.jp/t/amd-img/20260926-04850034-mdpr-000-6-view.jpg?exp=10800,2026-09-26T18:04:05+09:00,2026-09-26T18:25:04+09:00,モデルプレス,mdpr,モデルプレス,1148,田中樹、福士蒼汰、志田彩良 【モデルプレス＝2026/09/26】俳優の福士蒼汰、志田彩良、田中樹（SixTONES）が9月26日、千葉・幕張メッセで開催のファッション＆⾳楽イベント「Rakuten GirlsAward 2026 AUTUMN／WINTER」に出演した。 【写真】サプライズ登場のイケメン俳優＆STARTOアイドル、仲良くランウェイ ◆福士蒼汰・志田彩良・田中樹「ガルアワ」サプライズ登場 福士、志田、田中は、10月4日よりスタートする日本テレビ系新日曜ドラマ「ハイド＆シーク 0秒前の彼女」（毎週日曜よる10時30分～）のスペシャルステージに登場。マルシィの主題歌「光」に乗せて、指差しやお手振りなど、客席に視線を送りながらにこやかにランウェイを歩いた。 ゲストMCを務め、ランウェイのトップバッターも飾った田中は「何度も出てますけど、今回はドラマの方の顔で」と笑顔。福士、志田、田中がそれぞれ役どころを紹介すると、福士が「噂によると出演者が来てるらしい」と口に。すると、「ちょっと待ってー！」という声とともに、志田演じる紗奈の弟役を務める8人組ダンス＆ボーカルユニット・ICExの志賀李玖もサプライズ登場。観客からは大きな歓声が上がった。 田中は、志賀とは同じシーンの撮影がないといい「この間一瞬現場で（会って）『あ、あ、お疲れ様です…！』みたいな感じで」とエピソードを告白。志賀は「ドラマで大きな役をやらせていただくということが今回初めてで、今すごい撮影期間頑張ってますので、僕のこと忘れないでください！」と意気込んだ。 ◆福士蒼汰主演「ハイド＆シーク 0秒前の彼女」 本作は、ある日爆弾事件に巻き込まれ、事件を首謀したテロリストとして国家から追われる身となったフリージャーナリスト・津倉勇一（福士）の物語。爆弾事件で命を落としたはずの最愛の恋人・高木紗奈（志田）からの着信をきっかけに、謎に包まれた恋人を追う津倉が、裏切りと騙し合いの果てにたどり着く真実を描いたスリルあふれる極限チェイスのラブミステリー。 ◆「ガルアワ2026A/W」テーマは「Love Me!!!」 記念すべき30回目の開催となる今回のテーマは、何度でも「好き」と思ってもらえる、ずっと愛され続ける存在でありたいという想いが込められた「Love Me!!!」。ランウェイには藤田ニコル、生見愛瑠、山下美月ら豪華俳優・モデルが集結し、乃木坂46、ふぉ～ゆ～、CANDY TUNE、KO1KEYZらアーティストによるパフォーマンスも展開。MCは南海キャンディーズの山里亮太、森香澄に加え、田中がゲストMCを務める。（modelpress編集部） 【Not Sponsored 記事】 modelpress,[],[]
町田啓太＆玄理、第1子誕生 直筆署名添え報告「かけがえのない存在が増え身の引き締まる思い」（モデルプレス）,https://news.yahoo.co.jp/articles/9bab2addad1e2a5d7e87f21f649f55ca30f7ebda,https://newsatcl-pctr.c.yimg.jp/t/amd-img/20260926-04850045-mdpr-000-1-view.jpg?exp=10800,2026-09-26T18:00:06+09:00,2026-09-26T18:00:06+09:00,モデルプレス,mdpr,モデルプレス,1043,町田啓太／玄理（提供写真） 【モデルプレス＝2026/09/26】俳優の町田啓太（36）と女優の玄理（ひょんり／39）夫妻が9月26日、双方の所属事務所を通じて第1子の誕生を報告した。 【写真】第1子誕生の人気俳優夫婦、貴重な直筆美文字 ◆町田啓太＆玄理、第1子誕生を報告 2人は「この度第一子が誕生したことをご報告させていただきます」と発表。「かけがえのない存在が増え、身の引き締まる思いです」と現在の心境をつづり「まだまだ未熟な私たちですが、これからは親としても成長し、より一層、俳優として精進してまいります」と伝えた。また「また妊娠、出産にあたり温かいご配慮をいただいた関係者の皆様に心より感謝申し上げます」と感謝を述べ、最後には直筆の署名を連名で添えている。 ◆町田啓太＆玄理、2022年に結婚 2人は町田の主演映画「終着の場所」（2017年）で共演し、翌年にはNHKドラマ「女子的生活」（2018年）で再び共演。2022年12月25日に結婚を発表した。 町田は1990年7月4日生まれ、群馬県出身。近年の主な出演作は、大河ドラマ「青天を衝け」（2021年）、Netflixシリーズ「幽☆遊☆白書」（2023年）、大河ドラマ「光る君へ」（2024年）、、映画『チェリまほ THE MOVIE～30歳まで童貞だと魔法使いになれるらしい～』（2022年）など。 玄理は1986年12月18日生まれ。東京都出身。日本語・英語・韓国語の トライリンガル。中学校時代にイギリス短期留学、大学在学中に韓国に演技留学。2014年の主演映画『水の声を聞く』で第29回高崎映画祭最優秀新進女優賞、2017年にソウル国際ドラマアワードにてアジアスタープライズをそれぞれ受賞した。近年の出演作はNetflix「恋の通訳、できますか？」、連続テレビ小説「風、薫る」（NHK総合）、Disney+「殺し屋たちの店 2」など。（modelpress編集部） ◆全文 いつも応援してくださる皆様へ。 この度第一子が誕生したことをご報告させていただきます。 かけがえのない存在が増え、身の引き締まる思いです。 まだまだ未熟な私たちですが、これからは親としても成長し、より一層、俳優として精進してまいります。 また妊娠、出産にあたり温かいご配慮をいただいた関係者の皆様に心より感謝申し上げます。 今後とも見守っていただけますと幸いです。 町田啓太 玄理 【Not Sponsored 記事】 modelpress,[],[]
注目の“日本一可愛い新入生”候補 四年制大学・田中凛音さん【フレキャン2026特集】（モデルプレス）,https://news.yahoo.co.jp/articles/d94d07266dca21e89f1e4ad14042b32e7bc0cf0e,https://newsatcl-pctr.c.yimg.jp/t/amd-img/20260926-04849364-mdpr-000-1-view.jpg?exp=10800,2026-09-26T18:00:06+09:00,2026-09-26T18:00:06+09:00,モデルプレス,mdpr,モデルプレス,1384,田中凛音さん 【モデルプレス＝2026/09/26】“日本一の新入生”を決めるミスコン「FRESH CAMPUS CONTEST 2026」にて、2次審査通過者の中で「モデルプレス掲載権」を獲得した出場者にインタビューを実施。今回は四年制大学に通う、田中凛音（たなか・りんね）さんのインタビュー。 【写真】昨年度の日本一可愛い新入生 ◆「FRESH CAMPUS CONTEST」とは？ 「FRESH CAMPUS CONTEST」（通称：フレキャン）とは、今年で17年⽬を迎える⼤学・専⾨学校新⼊⽣を対象としたコンテスト。2010年度の初開催からこれまでの歴史の中で、数多くのアナウンサーやタレント・モデルなどを輩出してきた。 昨年度グランプリは⽯川奈和さん。これまでのコンテスト出⾝者には、宇内梨沙（元TBSアナウンサー） 、中川紅葉（Ray専属モデル）、上村彩⼦（TBSアナウンサー）、滝菜⽉ （⽇本テレビアナウンサー）、井⼝綾⼦（タレント）、、⻑⾕川新奈（元AKB48）、南野巴那（⼥優）、榎本ゆいな（タレント）、川岸瑠那（アイドル・fav me）等がいる。 ◆田中凛音（たなか・りんね）さんプロフィール 大学：四年制大学 出身地：山口県 誕生日：4月7日 趣味：Youtube、Netflixを見ること、読書、ディベート 特技：ダンス、歌、毛筆、仲良くなった人のMBTIを当てること、人を眠たくさせること、軟体動物 ◆「フレキャン2026」田中凛音さんにインタビュー ― コンテストに参加したきっかけを教えてください。 アナウンサーになるために何か出来ることはないかなと思って参加しましたが、先日出演させて頂いたTIFで本物のアイドルさん達を見てアイドルになりたい気持ちが強くなりました。 ― コンテスト期間中、自分磨きのために頑張っていることはありますか？ ランニングマシンを速歩きしています。 ― ご自身の強み・アピールポイントを挙げるとしたら？ 羊のようなハスキーボイスと負けず嫌いなところです。 ― 将来の夢や、目指している進路について教えてください。 アイドル、アナウンサー。 ― 今後の審査への意気込みをお願いいたします！ どんどん成長していくりんにゃんを温かく見守っていてほしいです！皆様への感謝の気持ちを忘れずに、グランプリ目指して最後まで頑張ります。 ◆“日本一の新入生”「フレキャン」まもなく4次審査 「FRESH CAMPUS CONTEST」では、審査の段階から雑誌掲載、TVキー局主催のイベント・番組レポーター出演、ファッションイベント出演などのチャンスも。これまでにファッションショーや⼈気雑誌「CanCam」「JJ」「non-no」「Ray」など多くのイベントや雑誌とコラボレーションしたほか、過去にはテレビ番組のリポーター出演権やMBSラジオといったメディアへの出演機会もコンテスト参加者に与えられてきた。今年度もすでに「テレビ朝⽇アスク」「モデルプレス」「CanCam」の特別協⼒が決定。学⽣の夢に向けた様々なチャンスを参加者に提供する。 グランプリは、 2026年12月中旬に品川インターシティホールにて行われる表彰式で発表される。（modelpress編集部） 【Not Sponsored 記事】 modelpress,[],[]
注目の“日本一のサークル美女”候補 S大学・陣ノ内柚来さん【ミスサー2026特集】（モデルプレス）,https://news.yahoo.co.jp/articles/40e538da95165b8c1f5b991cfc94e9f58a51bbdd,https://newsatcl-pctr.c.yimg.jp/t/amd-img/20260926-04838987-mdpr-000-1-view.jpg?exp=10800,2026-09-26T18:00:06+09:00,2026-09-26T18:00:06+09:00,モデルプレス,mdpr,モデルプレス,3367,モデルプレスのインタビューに応じた陣ノ内柚来さん（提供写真） 【モデルプレス＝2026/09/26】“日本一のサークル美女”を決めるミスコンテスト「MISS CIRCLE CONTEST 2026」にて、2次審査通過者の中で「モデルプレス掲載権」を獲得した出場者にインタビューを実施。今回はS大学4年の陣ノ内柚来（じんのうち・ゆら）さんのインタビュー。 【写真】昨年度の“日本一のサークル美女” ◆「MISS CIRCLE CONTEST」とは？ 「MISS CIRCLE CONTEST」（通称：ミスサー）とは、全国の大学生を対象としたコンテスト。2010年度の初開催からこれまでの歴史の中で、数多くのアナウンサーやタレント・モデルなどを輩出してきた。 昨年度グランプリは⾼嶋珊奈さん。これまでのコンテスト出⾝者には、宮司愛海（フジテレビアナウンサー）、寒川綾奈（⼥優）、⻘⼭なぎさ（声優・Liella!メンバー）、⽥辺真南葉（ウェザーニュースキャスター）、友恵温⾹（タレント）、井⼿美希（タレント）等がいる。 ◆陣ノ内柚来（じんのうち・ゆら）さんプロフィール 大学：S大学 出身地：東京都 誕生日：1月5日 趣味：ホカンス 特技：フルート・お料理 ◆「ミスサー2026」陣ノ内柚来さんにインタビュー ― コンテストに参加したきっかけを教えてください。 中学2年生の時に事務所に入り、これまで8年間、芸能活動を続けてきました。これまでにもさまざまな経験をさせていただきましたが、ふと振り返った時に、「私はいつまでチャンスを待っているだけなんだろう」と思うようになりました。このまま何も変わらなければ、10年後も同じ場所で、状況が変わらないことを周りのせいにしてしまうかもしれない。そんな未来だけは嫌だと思いました。自分の未来を少しでも自分の手で変えたい。何か動かなければいけない。そう強く思っていたタイミングで、今回コンテストへのお声掛けをいただき、挑戦することを決めました。以前からこのコンテストの存在は、同じ事務所の先輩がグランプリを受賞されたこともあり知っていたので、今回こうして自分が挑戦する側になれたことにも、不思議なご縁を感じています。待っているだけの自分から、一歩踏み出して、自分の手で夢を叶える。その想いが、今回参加を決めた一番の理由です。 ― コンテスト期間中、自分磨きのために頑張っていることはありますか？ 外見だけでなく、内面からも魅力のある女性になれるよう、自分自身と向き合う時間を大切にしています。外見については、もともと気をつけていた食生活を改めて見直し、グルテンフリーやホワイトシュガーフリー、16時間断食、腹八分目を意識するなど、無理なく続けられる範囲で日々の積み重ねを大切にしています。コンテストへの参加を決めてからは3kgほど体重も落ち、少しずつ見た目にも変化を感じられるようになりました。一方で、どれだけ外見を磨いても、内面が伴っていなければ本当の意味で魅力的な人にはなれないと思っています。だからこそ、私が人生で大切にしている“愛”と“感謝”を、言葉だけで終わらせず、日々の行動で伝えることを意識しています。そして、どんな時も人への敬意を忘れず、自分自身の品を崩さないことも大切にしています。見た目を整えるだけではなく、日々の考え方や人との向き合い方も含めて、自分自身を磨いていき、それが外見としも魅力溢れる女性になれるよう日日是精進を重ねて、美学と品格の向上に努めています。 ― ご自身の強み・アピールポイントを挙げるとしたら？ 一度自分で決めたことは、最後まで諦めずにやり抜くところです。私は、何事にも中途半端に向き合うことがあまり得意ではなく、一度本気でやると決めたことには、自分が納得できるところまで一生懸命になれる性格です。今回のコンテストも、参加を決めたからには、最後まで自分にできることをやり切りたいと思っています。また、人や周囲の評価に必要以上に執着せず、自分自身がどうありたいかに目を向けられるところも、自分の強みだと思っています。そして何より、私を応援してくださる方への愛と感謝の大きさは、自分自身が活動を続ける上で、大きな主軸となっています。だからこそいただいた応援を当たり前だと思わず、一つひとつを大切に受け止め、必ず行動や結果で恩返します。そして、今までの活動でも、コンテストに参加してからも、周りの方からよく、“あざとい”と言っていただくことが多くあります。自分ではあまり思わないのですが（笑）、せっかくいただいた言葉なので、これも自分にしかない個性の一つとして、強みに変えて進んでいけたらと思っています。 ― 将来の夢や、目指している進路について教えてください。 幼い頃から、母が着せ替え人形のようにいろいろなお洋服を着せてくれていたこともあり、昔からファッションが大好きでした。小学生の頃には、自分の年齢に合った雑誌だけでなく、少しお姉さん向けのファッション雑誌まで毎月買い、ページをめくるたびに、そこにいるモデルさんたちの姿に憧れていました。そしてその憧れが、芸能界を目指すきっかけになり、中学2年生で芸能活動をスタートさせました。これまでモデルとして広告やアパレルWEB、カタログなど、さまざまな経験をさせていただきましたが、私の一番の目標は、ずっと憧れてきた“雑誌のモデル”になることです。中でも、高校生の頃から7年間読み続けている「CanCam」のモデルになることを、今も変わらず目標にしています。私が雑誌を開くたびに感じていた、夢や憧れ、ときめき。あの頃の私が、誌面の向こう側にいるモデルさんからたくさんのものを受け取ったように、今度は私が誰かの毎日にそれを届けられる存在になりたい。ただ綺麗なだけではなく、存在そのものが誰かの一歩を後押しできるモデルになることが夢です。自由な発想で、モデルとしての活動を軸に、今以上にお芝居やタレントなどにも挑戦し、自分の表現できる場所をさらに広げていきたいです。最終的には、ジャンルにとらわれず、多くの方に名前を知っていただき、“この人だから見たい”と思っていただける存在に必ずなります。 ― 今後の審査への意気込みをお願いいたします！ 今回コンテストに参加したことで、新しく応援してくださる方が増えました。もちろん、これまで長く応援してくださっている方々、そして毎日の配信やSNSでの活動を誰よりも近くで支えてくれている母。今回、こうして記事を掲載していただけることも、私一人の力ではなく、ここまで一緒に走ってくれたみんなのおかげだと思っています。だからこそ、ここからの審査も一人ではなく、応援してくださる皆さんと一緒に勝ち進みたいです。私は、グランプリしか見ていません。簡単な道ではないことも分かっています。それでも、ここまで私を信じて応援してくださっている全ての方々に、“応援してよかった”と心から感じていただける結果を届けたい。その想いで目の前の審査を勝ち進み、最後には必ず、みんなと一緒にグランプリの景色を見ます。いつも本当にありがとう。 ◆“日本一のサークル美女”「ミスサー」まもなく4次審査 「MISS CIRCLE CONTEST」では、審査の段階から雑誌掲載、TVキー局主催のイベント出演、ゲストやリポーターとしてのTV番組出演、ファッションイベント出演などのチャンスも。これまでに「神戸コレクション」「超十代」を始めとするイベントの出演や人気雑誌「CanCam」「JJ」「non-no」「Ray」など多くのイベントや雑誌とコラボレーションしたほか、過去にはフジテレビ制作の地上波ドラマやMBSラジオといったメディアへの出演機会もコンテスト参加者に与えられてきた。今年度もすでに特別協力として「テレビ朝日アスク」「モデルプレス」「CanCam」が決定。今年も学生の夢に向けた様々なチャンスを参加者に提供する。 グランプリは、2026年12月中旬に品川インターシティホールにて行われる表表彰式で発表される。（modelpress編集部） 【Not Sponsored 記事】 modelpress,[],[]
Netflix「ダウンタイム」で話題・鶴嶋乃愛、オフショルから美デコルテ際立つ「上品で綺麗」「透明感すごい」と反響続々【ガルアワ2026A/W】（モデルプレス）,https://news.yahoo.co.jp/articles/58dd488c2e956611a19840fd9b387dd85aa4e5ea,https://newsatcl-pctr.c.yimg.jp/t/amd-img/20260926-04850084-mdpr-000-2-view.jpg?exp=10800,2026-09-26T17:58:35+09:00,2026-09-26T17:59:24+09:00,モデルプレス,mdpr,モデルプレス,650,鶴嶋乃愛 【モデルプレス＝2026/09/26】モデルの鶴嶋乃愛が26日、千葉・幕張メッセで開催のファッション＆⾳楽イベント「Rakuten GirlsAward 2026 AUTUMN／WINTER」に出演した。 【写真】ネトフリドラマで話題の25歳美人女優「透明感すごい」美デコルテ際立つ ◆鶴嶋乃愛、美デコルテ際立つ Netflixシリーズ「ダウンタイム」（世界独占配信中）で美容外科の受付・澤口美玖役を演じ、話題を集めている鶴嶋はこの日、ふんわりとした淡いカラーのオフショルダー衣装で登場し、デコルテを印象的に見せた。前髪を残したまとめ髪に、パール調のチョーカーとイヤリングを合わせ、上品で華やかな雰囲気を漂わせている。 ファンからは、「上品で綺麗」「透明感すごい」「大人っぽい」「デコルテ美しい」といった声が寄せられている。 ◆「ガルアワ2026A/W」テーマは「Love Me!!!」 記念すべき30回目の開催となる今回のテーマは、何度でも「好き」と思ってもらえる、ずっと愛され続ける存在でありたいという想いが込められた「Love Me!!!」。ランウェイには藤田ニコル、生見愛瑠、山下美月ら豪華俳優・モデルが集結し、乃木坂46、ふぉ～ゆ～、CANDY TUNE、KO1KEYZらアーティストによるパフォーマンスも展開。MCは南海キャンディーズの山里亮太、森香澄に加え、田中樹がゲストMCを務める。（modelpress編集部） 【Not Sponsored 記事】 modelpress,[],[]
乃木坂46川崎桜、淡いピンクコートのガーリーコーデ ベレー帽姿で甘い笑顔【ガルアワ2026A/W】（モデルプレス）,https://news.yahoo.co.jp/articles/a9d3e032e9766efa03271c9e71d37ae694699620,https://newsatcl-pctr.c.yimg.jp/t/amd-img/20260926-04850062-mdpr-000-1-view.jpg?exp=10800,2026-09-26T17:53:16+09:00,2026-09-26T17:53:16+09:00,モデルプレス,mdpr,モデルプレス,559,川崎桜 【モデルプレス＝2026/09/26】乃木坂46の川崎桜（※「崎」は正式には「たつさき」）が26日、千葉・幕張メッセで開催のファッション＆⾳楽イベント「Rakuten GirlsAward 2026 AUTUMN／WINTER」に出演した。 【写真】23歳乃木坂、甘めコーデ＆笑顔で会場魅了 ◆川崎桜、甘めコーデで会場魅了 川崎は、淡いピンクのコートに白のロングブーツを合わせてランウェイを闊歩。ボリューム感のあるベレー帽を合わせ、胸元にはブローチを添えた甘めのスタイリングに。ランウェイのトップでは、キュートなポーズとともに甘い笑顔を見せた。 ◆「ガルアワ2026A/W」テーマは「Love Me!!!」 記念すべき30回目の開催となる今回のテーマは、何度でも「好き」と思ってもらえる、ずっと愛され続ける存在でありたいという想いが込められた「Love Me!!!」。ランウェイには藤田ニコル、生見愛瑠、山下美月ら豪華俳優・モデルが集結し、乃木坂46、ふぉ～ゆ～、CANDY TUNE、KO1KEYZらアーティストによるパフォーマンスも展開。MCは南海キャンディーズの山里亮太、森香澄に加え、田中樹がゲストMCを務める。（modelpress編集部） 【Not Sponsored 記事】 modelpress,[],[]
超ときめき宣伝部・菅田愛貴、白ファーアウター×チェックワンピのガーリーコーデでキュートに魅せる【ガルアワ2026A/W】（モデルプレス）,https://news.yahoo.co.jp/articles/d647147a57460b4502f70f7f5bbb340fd93d5160,https://newsatcl-pctr.c.yimg.jp/t/amd-img/20260926-04850080-mdpr-000-1-view.jpg?exp=10800,2026-09-26T17:51:49+09:00,2026-09-26T17:51:49+09:00,モデルプレス,mdpr,モデルプレス,588,菅田愛貴 【モデルプレス＝2026/09/26】超ときめき◆宣伝部（※◆は正式にはハートマーク）の菅田愛貴が26日、千葉・幕張メッセで開催のファッション＆⾳楽イベント「Rakuten GirlsAward 2026 AUTUMN／WINTER」に出演した。 【写真】とき宣メンバー、白ファーアウター×チェックワンピのガーリーコーデ ◆菅田愛貴、ガーリーコーデで魅了 菅田は、胸元にブラックのリボンがあしらわれた白いファージャケットに、チェック柄のワンピースを合わせた上品かつガーリーなコーディネートで登場。頭部にはレースとリボンがあしらわれたヘッドドレスを合わせ、華やかさをプラスしたスタイリングを着こなした。 ◆「ガルアワ2026A/W」テーマは「Love Me!!!」 記念すべき30回目の開催となる今回のテーマは、何度でも「好き」と思ってもらえる、ずっと愛され続ける存在でありたいという想いが込められた「Love Me!!!」。ランウェイには藤田ニコル、生見愛瑠、山下美月ら豪華俳優・モデルが集結し、乃木坂46、ふぉ～ゆ～、CANDY TUNE、KO1KEYZらアーティストによるパフォーマンスも展開。MCは南海キャンディーズの山里亮太、森香澄に加え、田中樹がゲストMCを務める。（modelpress編集部） 【Not Sponsored 記事】 modelpress,[],[]
せいら、ミニ丈セットアップで圧巻美脚際立つ【ガルアワ2026A/W】（モデルプレス）,https://news.yahoo.co.jp/articles/4bccc363d22bd3411695162d3c4ea2e0b0771473,https://newsatcl-pctr.c.yimg.jp/t/amd-img/20260926-04850039-mdpr-000-1-view.jpg?exp=10800,2026-09-26T17:46:26+09:00,2026-09-26T17:46:26+09:00,モデルプレス,mdpr,モデルプレス,524,せいら 【モデルプレス＝2026/09/26】モデルのせいらが26日、千葉・幕張メッセで開催のファッション＆⾳楽イベント「Rakuten GirlsAward 2026 AUTUMN／WINTER」に出演した。 【写真】せいら、圧巻美脚際立つ ◆せいら、美脚披露 せいらは、白をベースに小花柄を散りばめたトップスにミニ丈ボトムを合わせたガーリーなスタイリングで登場。白のハイソックスに黒のブーツを合わせ、ウェーブがかったロングヘアにはきらめくヘアアクセを添えて華やかさをプラスした。 ◆「ガルアワ2026A/W」テーマは「Love Me!!!」 記念すべき30回目の開催となる今回のテーマは、何度でも「好き」と思ってもらえる、ずっと愛され続ける存在でありたいという想いが込められた「Love Me!!!」。ランウェイには藤田ニコル、生見愛瑠、山下美月ら豪華俳優・モデルが集結し、乃木坂46、ふぉ～ゆ～、CANDY TUNE、KO1KEYZらアーティストによるパフォーマンスも展開。MCは南海キャンディーズの山里亮太、森香澄に加え、田中樹がゲストMCを務める。（modelpress編集部） 【Not Sponsored 記事】 modelpress,[],[]
≠ME谷崎早耶、美スタイル際立つタイトワンピ姿で会場釘付け「甘めコーデ似合う」「お姫様みたい」と反響【ガルアワ2026A/W】（モデルプレス）,https://news.yahoo.co.jp/articles/1541ecc9f7efe514e80c2cb82893a8b356463613,https://newsatcl-pctr.c.yimg.jp/t/amd-img/20260926-04850063-mdpr-000-1-view.jpg?exp=10800,2026-09-26T17:41:46+09:00,2026-09-26T17:41:46+09:00,モデルプレス,mdpr,モデルプレス,602,谷崎早耶 【モデルプレス＝2026/09/26】指原莉乃プロデュースのアイドルグループ≠ME（ノットイコールミー）の谷崎早耶が26日、千葉・幕張メッセで開催のファッション＆⾳楽イベント「Rakuten GirlsAward 2026 AUTUMN／WINTER」に出演した。 【写真】26歳指原プロデュースアイドル、美スタイル際立つタイトワンピ姿 ◆谷崎早耶、タイトワンピ姿で会場釘付け 谷崎は、袖口にボリューム感のあるホワイトファーがあしらわれたくすみピンクのタイトなニットワンピース姿で登場。可憐な笑顔でランウェイを闊歩し、客席を魅了していた。 SNS上では「甘めコーデ似合う」「お姫様みたい」「スタイル抜群」と反響が寄せられている。 ◆「ガルアワ2026A/W」テーマは「Love Me!!!」 記念すべき30回目の開催となる今回のテーマは、何度でも「好き」と思ってもらえる、ずっと愛され続ける存在でありたいという想いが込められた「Love Me!!!」。ランウェイには藤田ニコル、生見愛瑠、山下美月ら豪華俳優・モデルが集結し、乃木坂46、ふぉ～ゆ～、CANDY TUNE、KO1KEYZらアーティストによるパフォーマンスも展開。MCは南海キャンディーズの山里亮太、森香澄に加え、田中樹がゲストMCを務める。（modelpress編集部） 【Not Sponsored 記事】 modelpress,[],[]
なえなの、ピンクニット×ミニ丈コーデで美脚披露「ガーリーで可愛い」「華やか」と反響【ガルアワ2026A/W】（モデルプレス）,https://news.yahoo.co.jp/articles/9c5cfbd006afd0400569caee122ceac3142514bb,https://newsatcl-pctr.c.yimg.jp/t/amd-img/20260926-04850038-mdpr-000-1-view.jpg?exp=10800,2026-09-26T17:39:18+09:00,2026-09-26T17:39:18+09:00,モデルプレス,mdpr,モデルプレス,592,なえなの 【モデルプレス＝2026/09/26】タレントのなえなのが26日、千葉・幕張メッセで開催のファッション＆⾳楽イベント「Rakuten GirlsAward 2026 AUTUMN／WINTER」に出演した。 【写真】なえなの、ミニ丈から美脚披露 ◆なえなの、美脚披露 なえなのは、ピンクの柄入りニットに淡いピンクのアウターを羽織ったガーリーなスタイリングで登場。ミニ丈ボトムから美しい脚をのぞかせ、きらめくヘアアクセを散りばめたボブヘアとロングイヤリングで華やかさを添えた。 ファンからは、「可愛すぎる」「ピンクコーデ似合ってる」「ヘアアクセも素敵」「ガーリーで可愛い」「華やか」といった声が寄せられている。 ◆「ガルアワ2026A/W」テーマは「Love Me!!!」 記念すべき30回目の開催となる今回のテーマは、何度でも「好き」と思ってもらえる、ずっと愛され続ける存在でありたいという想いが込められた「Love Me!!!」。ランウェイには藤田ニコル、生見愛瑠、山下美月ら豪華俳優・モデルが集結し、乃木坂46、ふぉ～ゆ～、CANDY TUNE、KO1KEYZらアーティストによるパフォーマンスも展開。MCは南海キャンディーズの山里亮太、森香澄に加え、田中樹がゲストMCを務める。（modelpress編集部） 【Not Sponsored 記事】 modelpress,[],[]
日向坂46松尾桜「ガルアワ」初登場 美脚輝くミニ丈冬コーデで華やかランウェイ「ビジュ最強」「憧れのスタイル」とファン絶賛【ガルアワ2026A/W】（モデルプレス）,https://news.yahoo.co.jp/articles/d94bcb1b87a5ca86f3d3c44419eb08b0da099d02,https://newsatcl-pctr.c.yimg.jp/t/amd-img/20260926-04850037-mdpr-000-1-view.jpg?exp=10800,2026-09-26T17:33:20+09:00,2026-09-26T17:33:20+09:00,モデルプレス,mdpr,モデルプレス,622,松尾桜 【モデルプレス＝2026/09/26】日向坂46の松尾桜が26日、千葉・幕張メッセで開催のファッション＆⾳楽イベント「Rakuten GirlsAward 2026 AUTUMN／WINTER」に出演した。 【写真】日向坂46メンバー「憧れのスタイル」ミニ丈冬コーデ ◆日向坂46松尾桜、白ミニ丈コーデで美脚披露 「ガルアワ」初登場の松尾は、白を基調としたミニ丈コーデで登場し、すらりとした美しい脚を披露。ボリューム感のある襟元やリボンが目を引き、きらめくヘアアクセを散りばめたツインスタイルとロングブーツで、ガーリーな雰囲気を際立たせた。 ファンからは、「可愛すぎる」「お姫様みたい」「ヘアアクセ似合ってる」「ビジュ最強」「憧れのスタイル」といった声が寄せられている。 ◆「ガルアワ2026A/W」テーマは「Love Me!!!」 記念すべき30回目の開催となる今回のテーマは、何度でも「好き」と思ってもらえる、ずっと愛され続ける存在でありたいという想いが込められた「Love Me!!!」。ランウェイには藤田ニコル、生見愛瑠、山下美月ら豪華俳優・モデルが集結し、乃木坂46、ふぉ～ゆ～、CANDY TUNE、KO1KEYZらアーティストによるパフォーマンスも展開。MCは南海キャンディーズの山里亮太、森香澄に加え、田中樹がゲストMCを務める。（modelpress編集部） 【Not Sponsored 記事】 modelpress,[],[]
武尊＆川口葵、 サプライズで夫婦そろって「ガルアワ」初登場 白のリンクコーデで息ぴったりランウェイ【ガルアワ2026A/W】（モデルプレス）,https://news.yahoo.co.jp/articles/35c0c0e71651f576779b2d86ab08c1716b6059e9,https://newsatcl-pctr.c.yimg.jp/t/amd-img/20260926-04850015-mdpr-000-1-view.jpg?exp=10800,2026-09-26T17:33:02+09:00,2026-09-26T17:33:02+09:00,モデルプレス,mdpr,モデルプレス,642,川口葵、武尊 【モデルプレス＝2026/09/26】元K-1三階級制覇王者の武尊と妻で女優の川口葵が26日、千葉・幕張メッセで開催のファッション＆⾳楽イベント「Rakuten GirlsAward 2026 AUTUMN／WINTER」に出演した。 【写真】K-1ファイター＆美女、夫婦そろって「ガルアワ」初登場の様子 ◆武尊＆川口葵、夫婦そろって「ガルアワ」初登場 2025年7月に結婚を発表した2人が、サプライズで「ガルアワ」に夫婦そろって初登場。温かな空気感あふれる2人ならではのランウェイを披露した。川口は白のノースリーブワンピースにストラップサンダル、武尊は白のジャケットにシャツ、ワイドパンツを合わせ、夫婦で白を基調にしたリンクコーデに。全身を白で統一した爽やかなスタイルで、息の合ったランウェイを見せた。 ◆「ガルアワ2026A/W」テーマは「Love Me!!!」 記念すべき30回目の開催となる今回のテーマは、何度でも「好き」と思ってもらえる、ずっと愛され続ける存在でありたいという想いが込められた「Love Me!!!」。ランウェイには藤田ニコル、生見愛瑠、山下美月ら豪華俳優・モデルが集結し、乃木坂46、ふぉ～ゆ～、CANDY TUNE、KO1KEYZらアーティストによるパフォーマンスも展開。MCは南海キャンディーズの山里亮太、森香澄に加え、田中樹がゲストMCを務める。（modelpress編集部） 【Not Sponsored 記事】 modelpress,[],[]
ふぉ～ゆ～、CDデビュー発表後初パフォーマンス 堂本光一書き下ろし曲初披露で圧巻の躍動【ガルアワ2026A/W】（モデルプレス）,https://news.yahoo.co.jp/articles/f683461ee34378d3d3a49f5af89ffc141dbeb0b6,https://newsatcl-pctr.c.yimg.jp/t/amd-img/20260926-04850042-mdpr-000-2-view.jpg?exp=10800,2026-09-26T17:23:41+09:00,2026-09-26T17:36:26+09:00,モデルプレス,mdpr,モデルプレス,1176,ふぉ～ゆ～ 【モデルプレス＝2026/09/26】STARTO ENTERTAINMENT所属の4人組グループ・ふぉ～ゆ～（福田悠太・辰巳雄大・越岡裕貴・松崎祐介）が9月26日、千葉・幕張メッセで開催のファッション＆⾳楽イベント「Rakuten GirlsAward 2026 AUTUMN／WINTER」に出演した。 【写真】デビュー発表のSTARTOグル、きらびやか衣装で圧巻のパフォーマンス ◆ふぉ～ゆ～、CDデビュー発表後初パフォーマンス 8月13日に日本武道館で開催した結成15周年記念ライブのMCにて、前代未聞の“空中でのメンバーサプライズ”で11月11日にCDデビューすることを発表し、本イベントがCDデビュー発表後初のパフォーマンスとなるふぉ～ゆ～。白地にシルバーの華やかな装飾が施された衣装で4人横並びでステージに姿を現すと、疾走感あふれるナンバー「星屑の譜-ウタ-」でスタート。勢いそのままに、鮮やかなピンクのノースリーブベストをまとったジュニアたちも多数ステージに駆けつけ、グループの自己紹介ソング「4EVER 4U.!!!!」へ。メンバーはメインステージからセンターステージへと縦横無尽に駆け回り、会場を巻き込んだコール＆レスポンスを展開した。 MCでは「皆さんガルアワ楽しんでますかー？」「盛り上がってますかー！」と元気に観客へ呼びかけ。「今日は一緒にジュニアも踊ってくれました」と後輩たちを紹介すると、去っていくジュニアに向けて「気をつけて帰るんだよ」「デビューするなら早くするんだよ」と愛ある声を掛け、場内の笑いを誘った。 ◆ふぉ～ゆ～、堂本光一手掛けたデビュー曲初披露 続いて「11月11日にCDデビューすることが決定しました！」と客席へ向けて改めて報告し、かみ締めるように歓声に応えたふぉ～ゆ～。ラストは、堂本光一が彼らのために書き下ろし、コーラスにも参加している記念すべきデビュー曲「BLOOM WORLD」を初披露。結成15周年を迎えた彼らならではの息の合ったキレのあるダンスと圧倒的なエンターテインメント性で観客を魅了し、ステージを締めくくった。 ◆「ガルアワ2026A/W」テーマは「Love Me!!!」 記念すべき30回目の開催となる今回のテーマは、何度でも「好き」と思ってもらえる、ずっと愛され続ける存在でありたいという想いが込められた「Love Me!!!」。ランウェイには藤田ニコル、生見愛瑠、山下美月ら豪華俳優・モデルが集結し、乃木坂46、ふぉ～ゆ～、CANDY TUNE、KO1KEYZらアーティストによるパフォーマンスも展開。MCは南海キャンディーズの山里亮太、森香澄に加え、田中樹がゲストMCを務める。（modelpress編集部） 【Not Sponsored 記事】 modelpress,[],[]
櫻坂46浅井恋乃未「ガルアワ」初登場 大ぶりリボン×ドット柄ボトムスで美スタイル輝く「似合いすぎ」「小顔際立つ」と反響【ガルアワ2026A/W】（モデルプレス）,https://news.yahoo.co.jp/articles/6417cf3bda1047e988e35545f8a58f8ce59e0374,https://newsatcl-pctr.c.yimg.jp/t/amd-img/20260926-04850036-mdpr-000-2-view.jpg?exp=10800,2026-09-26T17:23:09+09:00,2026-09-26T17:23:41+09:00,モデルプレス,mdpr,モデルプレス,636,浅井恋乃未 【モデルプレス＝2026/09/26】櫻坂46の浅井恋乃未が26日、千葉・幕張メッセで開催のファッション＆⾳楽イベント「Rakuten GirlsAward 2026 AUTUMN／WINTER」に出演した。 【写真】櫻坂46メンバー、ドット柄ボトムスで美スタイル輝く ◆櫻坂46浅井恋乃未、大ぶりリボン際立つモノトーンコーデ 「ガルアワ」初登場の浅井は、白の大ぶりなリボンが目を引くブラック基調のトップスにドット柄のボトムスを合わせたスタイルで登場。ウェーブがかったロングヘアには、きらめくヘアアクセを散りばめ、首元にはネックレスを合わせた華やかなスタイリングを見せた。 ファンからは、「可愛すぎる」「リボン似合ってる」「お姫様みたい」「似合いすぎ」「小顔際立つ」といった声が寄せられている。 ◆「ガルアワ2026A/W」テーマは「Love Me!!!」 記念すべき30回目の開催となる今回のテーマは、何度でも「好き」と思ってもらえる、ずっと愛され続ける存在でありたいという想いが込められた「Love Me!!!」。ランウェイには藤田ニコル、生見愛瑠、山下美月ら豪華俳優・モデルが集結し、乃木坂46、ふぉ～ゆ～、CANDY TUNE、KO1KEYZらアーティストによるパフォーマンスも展開。MCは南海キャンディーズの山里亮太、森香澄に加え、田中樹がゲストMCを務める。（modelpress編集部） 【Not Sponsored 記事】 modelpress,[],[]
≠ME鈴木瞳美、ティアラ×オフショルトップスで美肩際立つ キュートなウィンクで会場魅了【ガルアワ2026A/W】（モデルプレス）,https://news.yahoo.co.jp/articles/14abfc3544aa519bddf9d1606eef830ed8b991f2,https://newsatcl-pctr.c.yimg.jp/t/amd-img/20260926-04850060-mdpr-000-1-view.jpg?exp=10800,2026-09-26T17:22:58+09:00,2026-09-26T17:22:58+09:00,モデルプレス,mdpr,モデルプレス,648,鈴木瞳美 【モデルプレス＝2026/09/26】指原莉乃プロデュースのアイドルグループ≠ME（ノットイコールミー）の鈴木瞳美が26日、千葉・幕張メッセで開催のファッション＆⾳楽イベント「Rakuten GirlsAward 2026 AUTUMN／WINTER」に出演した。 【写真】25歳指原プロデュースアイドル、美肩際立つガーリーコーデ ◆鈴木瞳美、オフショルトップスで美肩際立つ 鈴木は白のオフショルダートップスに赤のチェック柄ミニスカート、頭にはティアラをのせてランウェイに登場。美しい肩をのぞかせたガーリーなスタイルで、観客からは歓声が上がった。ランウェイのトップではウィンクを見せ、キュートな表情で魅了した。 SNS上では「お姫様みたい」「ティアラ似合いすぎる」「憧れ」「可愛すぎる」といったコメントが寄せられている。 ◆「ガルアワ2026A/W」テーマは「Love Me!!!」 記念すべき30回目の開催となる今回のテーマは、何度でも「好き」と思ってもらえる、ずっと愛され続ける存在でありたいという想いが込められた「Love Me!!!」。ランウェイには藤田ニコル、生見愛瑠、山下美月ら豪華俳優・モデルが集結し、乃木坂46、ふぉ～ゆ～、CANDY TUNE、KO1KEYZらアーティストによるパフォーマンスも展開。MCは南海キャンディーズの山里亮太、森香澄に加え、田中樹がゲストMCを務める。（modelpress編集部） 【Not Sponsored 記事】 modelpress,[],[]
乃木坂46遠藤さくら、美脚際立つミニスカ×ブーツ姿 ティアラ身につけた甘めコーデに「リアルプリンセス」と反響【ガルアワ2026A/W】（モデルプレス）,https://news.yahoo.co.jp/articles/d1139a12eca93264e528d8b2433c82e3b8bceb9b,https://newsatcl-pctr.c.yimg.jp/t/amd-img/20260926-04850059-mdpr-000-1-view.jpg?exp=10800,2026-09-26T17:20:58+09:00,2026-09-26T17:20:58+09:00,モデルプレス,mdpr,モデルプレス,574,遠藤さくら 【モデルプレス＝2026/09/26】乃木坂46の遠藤さくらが26日、千葉・幕張メッセで開催のファッション＆⾳楽イベント「Rakuten GirlsAward 2026 AUTUMN／WINTER」に出演した。 【写真】乃木坂人気メン「リアルプリンセス」美脚際立つミニスカ姿 ◆乃木坂46遠藤さくら、美脚際立つミニスカ姿で魅了 遠藤は、胸元にブラックのリボンがあしらわれたホワイトファージャケットに、フリルがのぞくブラックのミニスカート、頭上には光り輝くティアラを合わせた甘めのコーディネートで登場。足元には黒のロングブーツを合わせ、スラリとした美しい脚が際立っていた。 ◆「ガルアワ2026A/W」テーマは「Love Me!!!」 記念すべき30回目の開催となる今回のテーマは、何度でも「好き」と思ってもらえる、ずっと愛され続ける存在でありたいという想いが込められた「Love Me!!!」。ランウェイには藤田ニコル、生見愛瑠、山下美月ら豪華俳優・モデルが集結し、乃木坂46、ふぉ～ゆ～、CANDY TUNE、KO1KEYZらアーティストによるパフォーマンスも展開。MCは南海キャンディーズの山里亮太、森香澄に加え、田中樹がゲストMCを務める。（modelpress編集部） 【Not Sponsored 記事】 modelpress,[],[]
timelesz篠塚大輝、猪俣周杜の逮捕報道受け謝罪「処分はまだ決まっていないと聞いております」（モデルプレス）,https://news.yahoo.co.jp/articles/298ce1235a997e364cbc6f603a9daa9d64e67a48,https://newsatcl-pctr.c.yimg.jp/t/amd-img/20260926-04850184-mdpr-000-2-view.jpg?exp=10800,2026-09-26T17:10:47+09:00,2026-09-26T17:10:47+09:00,モデルプレス,mdpr,モデルプレス,976,【モデルプレス＝2026/09/26】timelesz（タイムレス）の篠塚大輝が9月27日、自身がパーソナリティを務めるTBSラジオの新番組「…＆シノ！from timelesz」（読み方：アンドシノフロムタイムレス／毎週土曜16時～16時30分）に出演。猪俣周杜が傷害の疑いで逮捕・釈放されたことを受け、謝罪した。 【写真】逮捕のtimelesz新メンバー、7月のイベント時の様子 ◆篠塚大輝、猪俣周杜の逮捕受け謝罪 篠塚は番組冒頭「篠塚大輝です。番組を始める前に僕から少しお話させてください。この度、メンバーの猪俣周杜が逮捕されたことにより、多くの皆様に多大なるご心配、そしてご迷惑をおかけしていることを心よりお詫び申し上げます」と謝罪。そして「そして何より、今回の件で被害に遭われた方のことを大変心配しております」とし「被害に遭われた方が1日でも早く安心して過ごせる日常を取り戻されることを心より願っております」と語った。 また「猪俣は昨日釈放されましたが、処分はまだ決まっていないと聞いております。現時点でお伝えできる情報が限られており、不安にさせてしまうこともありますが、決まり次第お伝えできるよう向き合って参ります。 今僕たちにできることは、目の前にある1つひとつのことに真摯に向き合い、応援してくださる皆様に誠意を行動でお示ししていくことだと考えております。このラジオでも温かい時間をお届けできるよう、精一杯お話ししてまいります。よろしくお願いします」と話した。 ◆猪俣周杜、傷害の疑いで逮捕 報道によると、猪俣は同月18日夜、東京・江東区辰巳のコンビニエンスストアの駐車場の車内で、知人の女性（26）の顔を殴るなど暴行を加え、ケガをさせた疑いで逮捕され、20日に送検された。女性が鼻から出血した状態でコンビニに駆け込み事件が発覚したという。猪俣は「手が当たってしまったかもしれません」と容疑を否認する一方で、「口論になってパニックになった」とも供述していたという。STARTO ENTERTAINMENTは19日、猪俣を当面の間謹慎とし、活動を休止することを発表。なお、猪俣は25日に勾留されていた警視庁湾岸署から釈放された。（modelpress編集部） 情報：TBSラジオ 【Not Sponsored 記事】 modelpress,[],[]
藤田ニコル、ウェービーヘア×ヘッドアクセでガーリーな魅力「お姫様みたい」「さすがの着こなし」と反響続々【ガルアワ2026A／W】（モデルプレス）,https://news.yahoo.co.jp/articles/3509dc177bb8ef2534819faf3dc6d34f85e2c5f0,https://newsatcl-pctr.c.yimg.jp/t/amd-img/20260926-04850033-mdpr-000-1-view.jpg?exp=10800,2026-09-26T17:02:57+09:00,2026-09-26T17:02:57+09:00,モデルプレス,mdpr,モデルプレス,648,藤田ニコル 【モデルプレス＝2026/09/26】タレントの藤田ニコルが26日、千葉・幕張メッセで開催のファッション＆⾳楽イベント「Rakuten GirlsAward 2026 AUTUMN／WINTER」に出演した。 【写真】第1子出産の28歳モデル「さすがの着こなし」ホワイトコーデ披露 ◆藤田ニコル、きらめくヘッドアクセ×オールホワイトコーデ 藤田は、ボリューム感のある白のトップスに同色のパンツを合わせたオールホワイトのコーディネートで登場。ウェーブがかったロングヘアには星のようなモチーフが輝くヘッドアクセを添え、幻想的な雰囲気を演出した。 ファンからは、「お姫様みたい」「ホワイトコーデめっちゃ似合う」「透明感すごい」「お姫様みたい」「可愛すぎる」「ヘッドアクセ似合ってる」「さすがの着こなし」といった声が寄せられている。 ◆「ガルアワ2026A/W」テーマは「Love Me!!!」 記念すべき30回目の開催となる今回のテーマは、何度でも「好き」と思ってもらえる、ずっと愛され続ける存在でありたいという想いが込められた「Love Me!!!」。ランウェイには藤田、生見愛瑠、山下美月ら豪華俳優・モデルが集結し、乃木坂46、ふぉ～ゆ～、CANDY TUNE、KO1KEYZらアーティストによるパフォーマンスも展開。MCは南海キャンディーズの山里亮太、森香澄に加え、田中樹がゲストMCを務める。（modelpress編集部） 【Not Sponsored 記事】 modelpress,[],[]
注目の“日本一可愛い新入生”候補 中京大学・吉田紗香さん【フレキャン2026特集】（モデルプレス）,https://news.yahoo.co.jp/articles/11116727aac216fe172947f936057399344980a9,https://newsatcl-pctr.c.yimg.jp/t/amd-img/20260926-04849375-mdpr-000-1-view.jpg?exp=10800,2026-09-26T17:00:04+09:00,2026-09-26T17:00:04+09:00,モデルプレス,mdpr,モデルプレス,2289,吉田紗香さん 【モデルプレス＝2026/09/26】“日本一の新入生”を決めるミスコン「FRESH CAMPUS CONTEST 2026」にて、2次審査通過者の中で「モデルプレス掲載権」を獲得した出場者にインタビューを実施。今回は中京大学の吉田紗香（よしだ・さやか）さんのインタビュー。 【写真】昨年度の日本一可愛い新入生 ◆「FRESH CAMPUS CONTEST」とは？ 「FRESH CAMPUS CONTEST」（通称：フレキャン）とは、今年で17年⽬を迎える⼤学・専⾨学校新⼊⽣を対象としたコンテスト。2010年度の初開催からこれまでの歴史の中で、数多くのアナウンサーやタレント・モデルなどを輩出してきた。 昨年度グランプリは⽯川奈和さん。これまでのコンテスト出⾝者には、宇内梨沙（元TBSアナウンサー） 、中川紅葉（Ray専属モデル）、上村彩⼦（TBSアナウンサー）、滝菜⽉ （⽇本テレビアナウンサー）、井⼝綾⼦（タレント）、⻑⾕川新奈（元AKB48）、南野巴那（⼥優）、榎本ゆいな（タレント）、川岸瑠那（アイドル・fav me）等がいる。 ◆吉田紗香（よしだ・さやか）さんプロフィール 大学：中京大学 出身地：愛知県 誕生日：8月29日 趣味：ダンス、パン作り 特技：匂いあて、料理の味を無くすこと ◆「フレキャン2026」吉田紗香さんにインタビュー ― コンテストに参加したきっかけを教えてください。 私は、自分に自信がなく、新しいことに挑戦することを躊躇していました。しかし、このコンテストを通して自分に自信を持ち、同じように不安を抱えている方や、辛くても毎日を乗り越えている方に勇気を与えられる人になるための「第一歩」にしたいと思ったことが、参加したきっかけです。 さらに、大学での出会いも、コンテストに踏み出す大きなきっかけになりました。偶然、同じようなコンテストに出場し、ファイナリストになった方と仲良くなり、コンテストについて相談したところ、「最初は自信がなかったけれど、コンテストに出て自信が持てた。だから、最初から諦めずに挑戦してみることが大切」という言葉をいただきました。その言葉に背中を押され、「私も挑戦してみたい！」と思い、出場を決意しました。 ― コンテスト期間中、自分磨きのために頑張っていることはありますか？ 自分磨きでは、毎日美顔器を使い、肌のケアを丁寧に行っています。メイクをしていない時でも透明感のある印象になれるよう、素肌から美しさを追求しています！ さらに、食事面では「ベジファースト」を意識し、野菜から食べるようにしています。小さな意識の積み重ねが、いずれ大きな結果につながると思っているので、これからも「さわやかさやか」になるために、自分磨きを頑張っていきます！‬ ― ご自身の強み・アピールポイントを挙げるとしたら？ 私の強みは、多才なところです！歌・ダンス・パン作り・空手・フラダンス、そしてボケからツッコミまで、幅広いことに挑戦してきました！ そして、私のアピールポイントは「真面目さ」です。「感謝を忘れない！」「間は3秒まで！」「認知していることを伝える！」この3つをモットーに配信しています。 例えば、カラオケ中でもギフトへの感謝を伝えられるように小道具を作ったり、定期的に皆さんへ感謝の気持ちを伝えたりと、応援してくださる方とのつながりを大切にしています。 私は、一目で人を惹きつけるタイプではないかもしれません。ですが、知れば知るほど味が出て、気づけばどんどんハマってしまう。そんな「噛めば噛むほど味が出る吉田」です！ 多才さと真面目さ、そしてそのギャップこそが、私の魅力だと思っています！ ― 将来の夢や、目指している進路について教えてください。 小さい頃からの夢が、歌とダンスを通して、誰かの背中を押せるアーティストになることです。私は、辛いことがあっても毎日を懸命に乗り越えている方に、勇気や希望を届けられる存在になりたいと思っています。「この人を見ていると、もう少し頑張ってみようと思える」。そんなふうに思ってもらえるアーティストを目指しています。 ― 今後の審査への意気込みをお願いいたします！ 目指せ、ファイナリスト！！他の出場者さんとは違った「味」を魅せれるように吉田らしく、これからもクールビューティーな魅力と、幸せで楽しい配信を皆さんにお届けしていきます！！ 一目で惹きつけるだけではなく、知れば知るほど好きになる。そんな「噛めば噛むほど味が出る吉田」の沼に、ぜひハマってみてはいかがでしょうか？ ◆“日本一の新入生”「フレキャン」まもなく4次審査 「FRESH CAMPUS CONTEST」では、審査の段階から雑誌掲載、TVキー局主催のイベント・番組レポーター出演、ファッションイベント出演などのチャンスも。これまでにファッションショーや⼈気雑誌「CanCam」「JJ」「non-no」「Ray」など多くのイベントや雑誌とコラボレーションしたほか、過去にはテレビ番組のリポーター出演権やMBSラジオといったメディアへの出演機会もコンテスト参加者に与えられてきた。今年度もすでに「テレビ朝⽇アスク」「モデルプレス」「CanCam」の特別協⼒が決定。学⽣の夢に向けた様々なチャンスを参加者に提供する。 グランプリは、 2026年12月中旬に品川インターシティホールにて行われる表彰式で発表される。（modelpress編集部） 【Not Sponsored 記事】 modelpress,[],[]
注目の“日本一のサークル美女”候補 明治大学・赤松愛莉さん【ミスサー2026特集】（モデルプレス）,https://news.yahoo.co.jp/articles/391c40506ff57937d0ebc00d66b894a118dbb8f4,https://newsatcl-pctr.c.yimg.jp/t/amd-img/20260926-04838974-mdpr-000-1-view.jpg?exp=10800,2026-09-26T17:00:04+09:00,2026-09-26T17:00:04+09:00,モデルプレス,mdpr,モデルプレス,2590,モデルプレスのインタビューに応じた赤松愛莉さん 【モデルプレス＝2026/09/26】“日本一のサークル美女”を決めるミスコンテスト「MISS CIRCLE CONTEST 2026」にて、2次審査通過者の中で「モデルプレス掲載権」を獲得した出場者にインタビューを実施。今回は明治大学3年の赤松愛莉（あかまつ・あいり）さんのインタビュー。 【写真】昨年度の“日本一のサークル美女” ◆「MISS CIRCLE CONTEST」とは？ 「MISS CIRCLE CONTEST」（通称：ミスサー）とは、全国の大学生を対象としたコンテスト。2010年度の初開催からこれまでの歴史の中で、数多くのアナウンサーやタレント・モデルなどを輩出してきた。 昨年度グランプリは⾼嶋珊奈さん。これまでのコンテスト出⾝者には、宮司愛海（フジテレビアナウンサー）、寒川綾奈（⼥優）、⻘⼭なぎさ（声優・Liella!メンバー）、⽥辺真南葉（ウェザーニュースキャスター）、友恵温⾹（タレント）、井⼿美希（タレント）等がいる。 ◆赤松愛莉（あかまつ・あいり）さんプロフィール 大学：明治大学 出身地：東京都 誕生日：12月14日 趣味：サウナ・カフェ巡り・ジム 特技：利き手を使い分けた筆記・身近な人の物真似 ◆「ミスサー2026」赤松愛莉さんにインタビュー ― コンテストに参加したきっかけを教えてください。 大学生活も残り少なくなり、「学生時代にやり残したことはないかな」「将来のために、本気で挑戦したと言えるものは何だろう」と考えたことがきっかけです。振り返ってみると、大学生活の中で「これだけは本気でやり切った！」と胸を張って言えるものが、まだ自分にはないと感じていました。そんな時、偶然検索で見つけたのがこのコンテストです。もともと将来は化粧品に関わる仕事をしながら、SNSや配信を通して自分の言葉で発信していきたいという夢がありました。だからこそ、自分自身を発信し、多くの方と出会いながら成長できるこのコンテストは、夢への一歩にもなるのではないかと思い、挑戦を決めました。 ― コンテスト期間中、自分磨きのために頑張っていることはありますか？ ダイエットを頑張っています！コンテストに出場してから現在までに、約8kgの減量に成功しました。ただ「痩せること」だけを目標にするのではなく、自分のことをもっと好きになれるように、ジムに通いながら健康的で美しいスタイルを目指しています。そして、外見だけでなく内面も磨くことを大切にしています。特に意識しているのは、感謝の気持ちを忘れず、それを言葉にして伝えることです。時間は誰にとても有限で、とても貴重なものです。その大切な時間を私のために使い、支えてくださることを当たり前だと思わず、きちんと「ありがとう」を伝えたいと思っています。家族、友人、そして応援してくださる皆さん、いつも本当にありがとうございます！ ― ご自身の強み・アピールポイントを挙げるとしたら？ 私の強みは、地道なことでもコツコツ継続し、行動に移せるところです！コンテスト期間中は、毎日の配信だけでなく、ファンルームの更新やSNSでの発信も欠かさず行っています。また、配信を見てくださる方に「今日も来てよかった」「楽しかった」と思っていただけるよう、定期的に企画を考え、実行しています。現在は就職活動とも並行していますが、限られた時間の中でも工夫しながら、どちらにも妥協せず取り組んでいます。華やかに見える活動の裏側にある地道な努力を続けられること、そして応援してくださる方のために行動できることが、私の強みです！ ― 将来の夢や、目指している進路について教えてください。 私が目指しているのは、「未来のコスメつくなぎ」です。「コスメつくなぎ」とは、私がつくった造語で、コスメをつくり、その魅力を人へつないでいくという意味です。私は、化粧品によって自分に自信を持てるようになった経験から、将来は化粧品の商品企画や開発に携わり、誰かに笑顔や自信を届けられるコスメをつくりたいと考えています。そして、SNSや配信を通して商品の魅力やつくり手の想いを自分の言葉で届けると同時に、そこで受け取った皆さんのリアルな声を、未来の商品づくりへつなげていきたいです。また、私自身の経験や挑戦を発信することで、コンプレックスや悩みを抱える方の背中を少しでも押せる存在になることも目標です。このコンテストも、その夢に近づくための大切な一歩です。 ― 今後の審査への意気込みをお願いいたします！ 誰よりもこのコンテストを楽しむ！そんな気持ちを大切に、毎日全力で取り組んでいます！皆さんのおかげで、毎日の配信やSNSでの活動を心から楽しみながら続けられていることに、本当に感謝しています。このコンテストを通して、私らしさや私の想いを一人でも多くの方に知っていただき、「応援してよかった」と思ってもらえる存在になりたいです。私にとって、この挑戦は初めてのことばかりです。だからこそ、一つひとつの経験や出会いを大切にしながら成長し、二度とない学生生活を後悔のないものにしたいです。最後まで誰よりも楽しみ、誰よりも全力で！自分らしく精一杯頑張ります！ ◆“日本一のサークル美女”「ミスサー」まもなく4次審査 「MISS CIRCLE CONTEST」では、審査の段階から雑誌掲載、TVキー局主催のイベント出演、ゲストやリポーターとしてのTV番組出演、ファッションイベント出演などのチャンスも。これまでに「神戸コレクション」「超十代」を始めとするイベントの出演や人気雑誌「CanCam」「JJ」「non-no」「Ray」など多くのイベントや雑誌とコラボレーションしたほか、過去にはフジテレビ制作の地上波ドラマやMBSラジオといったメディアへの出演機会もコンテスト参加者に与えられてきた。今年度もすでに特別協力として「テレビ朝日アスク」「モデルプレス」「CanCam」が決定。今年も学生の夢に向けた様々なチャンスを参加者に提供する。 グランプリは、2026年12月中旬に品川インターシティホールにて行われる表表彰式で発表される。（modelpress編集部） 【Not Sponsored 記事】 modelpress,[],[]
NEWS小山慶一郎、芸能界入りのきっかけは高校受験＆家族の存在「毎日泣きながら高校に通っていまして」“人見知り”な幼少期エピソードも（モデルプレス）,https://news.yahoo.co.jp/articles/251610fa38b67728ead78224ab866ae13e44c990,https://newsatcl-pctr.c.yimg.jp/t/amd-img/20260926-04850155-mdpr-000-3-view.jpg?exp=10800,2026-09-26T16:50:34+09:00,2026-09-26T17:00:54+09:00,モデルプレス,mdpr,モデルプレス,1864,「NEWS 小山慶一郎×みきママの超簡単おうちごはんレシピ 小山姉弟の食卓」発売記念イベントに出席した小山慶一郎 【モデルプレス＝2026/09/26】NEWSの小山慶一郎、姉で人気料理家・みきママが9月26日、都内で開催された『NEWS 小山慶一郎×みきママの超簡単おうちごはんレシピ 小山姉弟の食卓』（KADOKAWA）発売記念イベントに出席。 【写真】42歳STARTOイケメン、実姉とイベント登壇 ◆小山慶一郎、幼少期の姉とのエピソード明かす 本作は、レタスクラブWEBで人気を博した連載「小山姉弟の食卓」の書籍化。食べることが大好きな「お料理初心者」の弟・小山に、人気料理家である姉・みきママが、簡単でおいしく、そしてコスパ抜群の「おうちごはんレシピ」を伝授する内容となっている。 連載を通じて姉との関係が変わったのか質問されると、小山は「NEWS小山慶一郎の姉ですってやっていたわけじゃないじゃないですか。それって素敵だなっていう風に思って」としたうえで「みきママがずっと料理をやっていてくれて、みきママがこれだけ続けてきてくれたから、僕がむしろ姉のこういったフィールドにお邪魔させてもらって、こういった本を出させていただけた」と感謝。「大人になった2人が、子供の時よりも、どんな時よりも仲良くなった」とも明かしていた。 自身の幼少期について、小山は「喋らなくて。姉が全部前に出て。本当にシャイで人見知りでみたいな。ちっちゃい時は、『小山さんの家の息子さんって喋らないよね』っていうイメージで。なので、僕がまさか芸能界に入って、今ではMCみたいな感じでやらせてもらっているっていうのは、僕の子供の時のことを知っている方からすると驚くんじゃないかなって。母が一番驚いていると思うんですけど」とコメントした。 ◆小山慶一郎、芸能界入りのきっかけは高校受験＆姉の存在 姉がきっかけで芸能界入りしたことに話が及ぶと、あるときに姉が写真を撮ってくれたことに言及して「かっこよくしてもらったんですよ。いろんなかっこいい格好をさせてくれたんです。僕は知らなかったので。ピアスをしたり」と回想し、みきママは「1年経って忘れた頃に、いきなり1通の手紙が届いたんですよ。STARTO ENTERTAINMENTさんから。『今日オーディションです』って来たんですよ。『すぐにNHKホールに来てください』みたいな。その朝に来て昼にオーディションを受けて、NEWSになっちゃったんですよ」と振り返った。 小山は「もう少し詳しくお話します（笑）。私は高校受験に失敗しまして、30人受けたんですけれども、僕だけ落ちました。29人合格して1人だけ落ちました。僕は毎日泣きながら高校に通っていまして。泣きながら通っている僕を見て、母は『もし辛いんだったら違うことをやってもいいんじゃない？』っていう選択肢をくれた中で、姉がある日にピアスを付けたり髪を染めたりして、セットして写真を撮ってくれて」と回想。「『なんの写真なんだろう？』と思ったんですけど、それをたまたま送ってくれていて。僕は知らずにポストを見たら、事務所からオーディションの案内が来ていて。オーディションに行ったところ、受かってしまったという。なので、姉があの時写真を撮ってくれて送ってくれなければ、僕は全然違う仕事をしていたと思うので。そういう意味では、姉にはずっと感謝していますね」と笑顔で語った。 ◆小山慶一郎「NEWS3人が本を出したということになります」 また小山は「なんと、加藤シゲアキが本を出し、増田貴久も本を出し、小山慶一郎も本を出しました（笑）。これでまさかの、NEWS3人が本を出したということになります。僕これ結構嬉しいんですよ。今度から俺も出したことあるよなんて話もできますし」とメンバー3人全員が出版した経験があることに笑顔。「何よりも、初心者の僕が作ることができるレシピしか載っていないので。僕も料理を始めて、いろんなものを作ることが楽しくなってきたところなので。ぜひそのきっかけとして、本を読んでいただいて、一緒に料理を作っていきましょう。それを共有できるように、僕もSNSとかで皆さんにお見せしていきたいと思いますので。これからもぜひとも料理を楽しんで作っていきましょう。そして食卓には愛がありますから、ぜひともご家族とたくさん食事をしてください」と呼びかけていた。（modelpress編集部） 【Not Sponsored 記事】 modelpress,[],[]
山田涼介、アジアツアーバンコク公演当日中止 購入者全員に払い戻し（モデルプレス）,https://news.yahoo.co.jp/articles/db6f1713bc9b71f046e10e1919b30eb617cf1d95,https://newsatcl-pctr.c.yimg.jp/t/amd-img/20260926-04850153-mdpr-000-1-view.jpg?exp=10800,2026-09-26T16:40:46+09:00,2026-09-26T16:40:46+09:00,モデルプレス,mdpr,モデルプレス,666,【モデルプレス＝2026/09/26】Hey! Say! JUMPのメンバーとしても活躍するソロアーティスト・Ryosuke Yamadaのアジアツアー「Ryosuke Yamada ASIA TOUR 2026 Red.Y」バンコク公演が中止されることが分かった。主催会社のBNJ Entertainmentが公式X（旧Twitter）にて発表した。 【写真】JUMP山田、台北の空港降り立つ ◆山田涼介、アジアツアーバンコク公演中止 投稿では、9月26日にバンコクのThunder Domeにて開催予定だった本公演について「バンコクおよび周辺地域に影響を及ぼす厳しい天候を考慮し、会場および関係各位と慎重に協議・検討を重ねた結果、本日Thunder Domeでの公演は中止とさせていただくことをお知らせいたします」と発表。「公演の実施が可能かどうか最後の一刻まで慎重に判断を続けてまいりましたが、中止の決定と本発表が予定開始時間に近接して行われることに対し、心よりお詫び申し上げます」と謝罪の言葉を記した。 ◆山田涼介、購入者全員に払い戻し またチケットの払い戻しについては、「チケットをご購入のお客様全員に対し、チケット代金全額を払い戻しいたします」とした上で「払い戻し手続きの詳細および事前購入されたグッズの対応につきましては、近日中に別途お知らせいたします。何卒ご辛抱いただき、ご理解のほどよろしくお願い申し上げます」と伝えている。（modelpress編集部） 【Not Sponsored 記事】 modelpress,[],[]
乃木坂46増田三莉音、大型ファッションイベント初登場でランウェイデビュー 梶原叶渚とペアで仲睦まじいポーズ【ガルアワ2026A/W】（モデルプレス）,https://news.yahoo.co.jp/articles/816d0c4f1458eb31b786a7278afc692086afb4da,https://newsatcl-pctr.c.yimg.jp/t/amd-img/20260926-04850046-mdpr-000-2-view.jpg?exp=10800,2026-09-26T16:26:02+09:00,2026-09-26T16:31:58+09:00,モデルプレス,mdpr,モデルプレス,663,増田三莉音 【モデルプレス＝2026/09/26】乃木坂46・6期生の増田三莉音とYouTuber・カジサック（キングコング・梶原雄太）の長女でモデルの梶原叶渚が26日、千葉・幕張メッセで開催のファッション＆⾳楽イベント「Rakuten GirlsAward 2026 AUTUMN／WINTER」に出演した。 【写真】乃木坂メンバー、大型ファッションイベント初登場の姿 ◆乃木坂46増田三莉音、大型ファッションイベント初登場 今回が大型ファッションイベント初出演となる増田は、梶原とともに登場。増田はグレーのパーカーにチェック柄のミニ丈ワンピース、梶原はピンクのパーカーに赤のミニ丈ワンピースを合わせたガーリーカジュアルなスタイルでランウェイを闊歩。ランウェイのトップではそれぞれポーズを決め、最後には2人で体を寄せ合い、頭を寄せる仲睦まじいポーズを見せた。 ◆「ガルアワ2026A/W」テーマは「Love Me!!!」 記念すべき30回目の開催となる今回のテーマは、何度でも「好き」と思ってもらえる、ずっと愛され続ける存在でありたいという想いが込められた「Love Me!!!」。ランウェイには藤田ニコル、生見愛瑠、山下美月ら豪華俳優・モデルが集結し、乃木坂46、ふぉ～ゆ～、CANDY TUNE、KO1KEYZらアーティストによるパフォーマンスも展開。MCは南海キャンディーズの山里亮太、森香澄に加え、田中樹がゲストMCを務める。（modelpress編集部） 【Not Sponsored 記事】 modelpress,[],[]
「風、薫る」主演・上坂樹里「Seventeen」SPステージで卒業ランウェイ 美ウエスト際立つモノトーンコーデでオーラ放つ【ガルアワ2026A/W】（モデルプレス）,https://news.yahoo.co.jp/articles/bb4bf341a7da1089913b28d2ab26c26d4c48f2bf,https://newsatcl-pctr.c.yimg.jp/t/amd-img/20260926-04850040-mdpr-000-1-view.jpg?exp=10800,2026-09-26T16:25:44+09:00,2026-09-26T16:25:44+09:00,モデルプレス,mdpr,モデルプレス,898,上坂樹里 【モデルプレス＝2026/09/26】女優の上坂樹里が26日、千葉・幕張メッセで開催のファッション＆⾳楽イベント「Rakuten GirlsAward 2026 AUTUMN／WINTER」に出演した。 【写真】21歳「風、薫る」主演女優、美ウエスト輝くモノトーンコーデ ◆上坂樹里「Seventeen」SPステージで卒業ランウェイ 25日に最終回を迎えた連続テレビ小説「風、薫る」（NHK総合）にて、女優の見上愛と共に主演を務めた上坂は2026年秋号をもってSeventeen専属モデルを卒業。今回、Seventeenスペシャルステージにサプライズ登場し、約5年間の専属モデル活動の集大成となる卒業ランウェイを披露した。 上坂は、ブラックのロング丈衣装に、白のレースをあしらった大きな襟が目を引くモノトーンのコーディネートで登場。肩まわりを覆う存在感のある襟と、すっきりとしたショートヘアを合わせ、クラシカルで上品なスタイリングに仕上げ、美しいウエストを輝かせた。卒業した感想を聞かれると「あっという間で寂しいんですけど、今日は違った形でステージに立てて嬉しいです」と語った。花束を渡されると、笑顔を見せ「今日はみんなと最後にこのステージを立てて本当に幸せでした」「これから沢山素敵な出会いが待っていると思う」と、この日発表されたミスセブンティーン2026をはじめ、現Seventeen専属モデルにエールを送っていた。 ◆「ガルアワ2026A/W」テーマは「Love Me!!!」 記念すべき30回目の開催となる今回のテーマは、何度でも「好き」と思ってもらえる、ずっと愛され続ける存在でありたいという想いが込められた「Love Me!!!」。ランウェイには藤田ニコル、生見愛瑠、山下美月ら豪華俳優・モデルが集結し、乃木坂46、ふぉ～ゆ～、CANDY TUNE、KO1KEYZらアーティストによるパフォーマンスも展開。MCは南海キャンディーズの山里亮太、森香澄に加え、田中樹がゲストMCを務める。（modelpress編集部） 【Not Sponsored 記事】 modelpress,[],[]
「ミスセブンティーン2026」4人決定「今日好き」多田梨音ら新専属モデルに【プロフィール】（モデルプレス）,https://news.yahoo.co.jp/articles/fb35315b17921f4592c30b5a669aa9e91e62b5c3,https://newsatcl-pctr.c.yimg.jp/t/amd-img/20260926-04850057-mdpr-000-8-view.jpg?exp=10800,2026-09-26T16:22:11+09:00,2026-09-26T17:17:53+09:00,モデルプレス,mdpr,モデルプレス,1754,"平内心音、多田梨音、岩瀬夕由、星乃あんな（C）Seventeen／集英社 撮影／千葉タイチ 【モデルプレス＝2026/09/26】ファッション誌「Seventeen」（集英社）の専属モデルオーディション「ミスセブンティーン2026」の最終結果が決定。26日、千葉・幕張メッセで開催されたファッション＆⾳楽イベント「Rakuten GirlsAward 2026 AUTUMN／WINTER」にて発表された。 【写真】「ミスセブンティーン」決定の美女4人、ランウェイで美脚スラリ ◆「ミスセブンティーン2026」4人発表 今年は応募総数2,692人の中から、書類選考（1次審査）、面接（2次審査）、カメラテスト（3次審査）を通過したファイナリスト10人を選出。その中から、ミスセブンティーンにABEMAの高校生による青春恋愛リアリティーショー「今日、好きになりました。」に参加していた多田梨音、映画「だぁれかさんとアソぼ？」（2026）で主人公の妹役を演じたことでも話題の星乃あんなをはじめ、岩瀬夕由、平内心音の4人が決定した。 岩瀬は「すごく嬉しく思うと同時に、まだまだ成長していかないといけないところがたくさんあるので、これからもっともっと頑張っていきたいです！」と意気込み、多田は「これまで応援してくださった皆様のおかげで今の私がいると思います。高校3年生、18歳の私だからこそ配信できることを大切にSeventeenモデルとして努力していきたいと思います」とコメント。そして平内は「まだまだわからないことばかりですが、私らしく1人1つ誠実に向き合って成長していきたいです」と語り、星乃は「Seventeenを通して、おしゃれの楽しさや魅力をたくさんの方にお届けできるように、たくさんの先輩方を見習ってこれから頑張っていきたいと思います」と笑顔を見せた。 「Seventeenスペシャルステージ」には、ゲストとしてキャラクターのゲルぴよが登場したほか、月島琉衣、小國舞羽、梶原叶渚ら豪華モデル陣22人がランウェイに集結。さらに、2026年秋号をもってSeventeen専属モデルを卒業する上坂樹里がサプライズ登場し、約5年間の専属モデル活動の集大成となる卒業ランウェイを披露した。 ◆「ミスセブンティーン2026」プロフィール 岩瀬夕由（いわせ・ゆうゆ） 2011年8月12日生まれ／中学3年生 出身地：沖縄県 趣味は料理、お買い物、自然の中でぼーっとすること。特技は暗記、サックス、タイピング。2025年スターダストプロモーション「第4回スター☆オーディション」にてグランプリを受賞。 多田梨音（ただ・りのん） 2008年6月7日生まれ／高校3年生 出身地：大阪府 趣味はお菓子・パン作り、香水・キャンドル集め。特技はロングスケートボードとモノマネ。ABEMA恋愛リアリティーショー「今日、好きになりました。」に出演し注目される。SNS総フォロワー数は120万を超える。 平内心音（ひらうち・ここね） 2011年5月31日生まれ／中学3年生 出身地：千葉県 趣味は音楽を聴くこと、グミ探し、メイク、シール交換。特技はどこでも寝られることと、小学6年生から続けている走り高跳び。関東大会出場の経験も。 星乃あんな（ほしの・あんな） 2009年11月1日生まれ／高校2年生 出身地：千葉県 趣味はお菓子作り、ギター、音楽聴くこと、特技は料理、写真を撮ること。映画『だぁれかさんとアソぼ？』（2026年7月）出演など俳優やモデルとして活躍中。 ◆「ガルアワ2026A/W」テーマは「Love Me!!!」 記念すべき30回目の開催となる今回のテーマは、何度でも「好き」と思ってもらえる、ずっと愛され続ける存在でありたいという想いが込められた「Love Me!!!」。ランウェイには藤田ニコル、生見愛瑠、山下美月ら豪華俳優・モデルが集結し、乃木坂46、ふぉ～ゆ～、CANDY TUNE、KO1KEYZらアーティストによるパフォーマンスも展開。MCは南海キャンディーズの山里亮太、森香澄に加え、田中樹がゲストMCを務める。（modelpress編集部） 【Not Sponsored 記事】 modelpress",[],[]
NEWS小山慶一郎、実姉・みきママとのレシピ本出版に「時代が変わったな」母親登場の撮影秘話明かす（モデルプレス）,https://news.yahoo.co.jp/articles/11b17aaf2eef62afecf1db0e61c60fa18337dc7c,https://newsatcl-pctr.c.yimg.jp/t/amd-img/20260926-04850126-mdpr-000-3-view.jpg?exp=10800,2026-09-26T16:07:26+09:00,2026-09-26T16:56:23+09:00,モデルプレス,mdpr,モデルプレス,1941,「NEWS 小山慶一郎×みきママの超簡単おうちごはんレシピ 小山姉弟の食卓」発売記念イベントに出席したみきママ、小山慶一郎 【モデルプレス＝2026/09/26】NEWSの小山慶一郎、姉で人気料理家・みきママが9月26日、都内で開催された『NEWS 小山慶一郎×みきママの超簡単おうちごはんレシピ 小山姉弟の食卓』（KADOKAWA）発売記念イベントに出席。レシピ本出版への思いを語った。 【写真】42歳STARTOイケメン、実姉とイベント登壇 ◆小山慶一郎、実姉・みきママとのレシピ本出版に「時代が変わったな」 本作は、レタスクラブWEBで人気を博した連載「小山姉弟の食卓」の書籍化。食べることが大好きな「お料理初心者」の弟・小山に、人気料理家である姉・みきママが、簡単でおいしく、そしてコスパ抜群の「おうちごはんレシピ」を伝授する内容となっている。 発売の心境を聞かれた小山は「今回の本の発売が決まりまして、まさか姉弟で本が出せる日が来るのかと。これもまた時代が変わったなという感じもしますし、姉の料理はずっと食べてきましたけれども、改めて一緒にやることによって、彼女の持っている料理で起こるエンターテイメントみたいなところは、少し僕の世界とも同じようなところを感じて。彼女は彼女で、料理でエンタメをしているんだなというところで、尊敬した部分もあります」とコメント。 続けて「改めて姉という見方もありますけれども、1人の料理家として、みきママという存在を尊敬する機会にもなりました」と告白。初心者の僕でも作ることができる本が出せたっていうことは、これから料理にチャレンジしたい方にとっては、とっても入り口として良い一冊になるんじゃないかなと思っています」と笑顔で語った。 姉の料理で一番好きなメニューを聞かれると「単純なものが好きというか、わかりやすいものが好きで。なので、オムライス。デミグラスソースがかかっているんだよね？姉のやつは、すごくインパクトがあるので」と返答。「先ほど僕を驚かせるみたいな話がありましたけど、やっぱりただのオムライスでは終わらないというか。オムライスだけで完成されているんですけど、そこにフライパンを持ってきて、デミグラスソースをばーんってかける、その瞬間みたいなものも含めて楽しくて。味もおいしいです」と絶賛していた。 ◆小山慶一郎、母親登場の裏側明かす「怖いくらい」 書籍にラーメン店を営む母が登場していることについては「そもそも母がこの雑誌（本）に載るということは、最初は決まっていなかったですね。僕と姉で、幼少期に遊んだ公園に行ったら、母が待っていまして。『撮影が見たい』ということで待っていて、『待ってるなら入っちゃう？』っていうことで、撮ったんです。そういうページになっていて」と回想。「たまたま僕と姉がその時に用意していただいた衣装が赤の衣装だったんですけど、母がまさかの赤のエプロンをしているんですよ（笑）。怖いくらい。これはもう、写るのがいいんじゃないかっていうことで、すごく素敵な家族写真を撮っていただいて、そういう1ページもあるんです」と明かした。 出版に対する母の反応については「感想が来るかなと思ったんですけど、けっこう不器用な母でもあるし、素直に嬉しいとかっていうことを言えないタイプなので。でも嬉しかったんだろうなって写真から伝わったのは、一冊買った写真が送られてきたんじゃなくて、段ボールの上に一冊あったんですよ。つまりその段ボールは全てこの本なんです」と説明。「なので母は僕らに感想を言ってないですけど、段ボール1箱分の僕らの本を買っています。それが母の感想。母としてはプレッシャーがあると思いますね。娘と息子の本が売れなきゃいけない（笑）、皆さんに知ってほしいっていう思いが、その写真1枚から伝わってきたので。感想っていう言葉ではなかったですけど、写真から伝わってくるものがありました」と語っていた。 母について小山は「母子家庭で育ちましたから。そういう意味では、母もラーメン店をやっていますけど、食っていうところでは、僕らは困ったことがないんですよ。本当だったら辛かったり、経験・体験があったと思うんですけど、食卓ということに対して困らなかった。それは母が頑張ったと思うし、それに対しての恩返しにもなったかなと。皆さんに出させていただいた本でもあるんですけど、我々姉弟の中では、母に一つ、育ったところで、形として彼女にプレゼントできたかなっていうところでは、良かったなと思います」と今回の出版が親孝行になった様子だった。（modelpress編集部） 【Not Sponsored 記事】 modelpress,[],[]
「国宝」で話題・越山敬達、クールな表情で観客魅了「大人っぽい」「スタイル良い」と反響【ガルアワ2026A/W】（モデルプレス）,https://news.yahoo.co.jp/articles/c6b7b8dcb1b991b1745e50dd35a2b41041f77286,https://newsatcl-pctr.c.yimg.jp/t/amd-img/20260926-04850016-mdpr-000-1-view.jpg?exp=10800,2026-09-26T15:58:30+09:00,2026-09-26T15:58:30+09:00,モデルプレス,mdpr,モデルプレス,639,越山敬達 【モデルプレス＝2026/09/26】俳優の越山敬達が26日、千葉・幕張メッセで開催のファッション＆⾳楽イベント「Rakuten GirlsAward 2026 AUTUMN／WINTER」に出演した。 【写真】「国宝」話題イケメン「スタイル良い」クールな表情でランウェイ ◆越山敬達、クールな表情で魅せる 越山は、ダークグリーンのニットに、グレーとピンクの切替デザインのロングアウターを羽織って登場。ランウェイトップでは、ポケットに手を入れつつクールな表情でポーズを決め、観客を魅了した。 SNS上では「大人っぽい」「スタイル良い」「かっこいい」と反響が寄せられている。 越山は映画「国宝」（2025年）で、主人公・喜久雄（吉沢亮）の親友でありライバル・俊介（横浜流星）の幼少期を演じ、話題を集めた。 ◆「ガルアワ2026A/W」テーマは「Love Me!!!」 記念すべき30回目の開催となる今回のテーマは、何度でも「好き」と思ってもらえる、ずっと愛され続ける存在でありたいという想いが込められた「Love Me!!!」。ランウェイには藤田ニコル、生見愛瑠、山下美月ら豪華俳優・モデルが集結し、乃木坂46、ふぉ～ゆ～、CANDY TUNE、KO1KEYZらアーティストによるパフォーマンスも展開。MCは南海キャンディーズの山里亮太、森香澄に加え、田中樹がゲストMCを務める。（modelpress編集部） 【Not Sponsored 記事】 modelpress,[],[]
「今日好き」内田金吾（きんご）、個性派レイヤード着こなしクールに魅せる「何でも似合ってすごい」「かっこよすぎる」と反響【ガルアワ2026A/W】（モデルプレス）,https://news.yahoo.co.jp/articles/16a4541ba007a90653678b06f6c136a51153f487,https://newsatcl-pctr.c.yimg.jp/t/amd-img/20260926-04850014-mdpr-000-2-view.jpg?exp=10800,2026-09-26T15:43:55+09:00,2026-09-26T15:45:22+09:00,モデルプレス,mdpr,モデルプレス,780,内田金吾 【モデルプレス＝2026/09/26】ABEMAの高校生による青春恋愛リアリティーショー「今日、好きになりました。」（毎週月曜21時～）に出演していた内田金吾が26日、千葉・幕張メッセで開催のファッション＆⾳楽イベント「Rakuten GirlsAward 2026 AUTUMN／WINTER」に出演した。 【写真】「今日好き」出身イケメン、個性派レイヤード着こなしクールな表情 ◆内田金吾、クールに魅せる 内田は首元のイエロー、袖部分のグリーンが目を引くグレーのニットに、総柄のベストを合わせた個性的なコーディネートで登場。クールな眼差しと凛とした表情でランウェイを闊歩した。 SNS上では「何でも似合ってすごい」「大人っぽい」「かっこよすぎる」と反響が寄せられている。 「今日、好きになりました。」シリーズは、「恋の修学旅行」をテーマとして、2泊3日の中で巻き起こる、現役高校生たちのリアルで等身大な本気の恋と青春の模様を追いかけた、恋愛リアリティーショー。内田は「夏休み編2025」にて多田梨音とカップル成立したが、2026年6月14日にSNSを通じて破局したことを報告した。 ◆「ガルアワ2026A/W」テーマは「Love Me!!!」 記念すべき30回目の開催となる今回のテーマは、何度でも「好き」と思ってもらえる、ずっと愛され続ける存在でありたいという想いが込められた「Love Me!!!」。ランウェイには藤田ニコル、生見愛瑠、山下美月ら豪華俳優・モデルが集結し、乃木坂46、ふぉ～ゆ～、CANDY TUNE、KO1KEYZらアーティストによるパフォーマンスも展開。MCは南海キャンディーズの山里亮太、森香澄に加え、田中樹がゲストMCを務める。（modelpress編集部） 【Not Sponsored 記事】 modelpress,[],[]
畑芽育、手作りの焼き浸しを披露「初めて作ったとは思えないクオリティ」「丁寧な暮らしで羨ましい」の声（モデルプレス）,https://news.yahoo.co.jp/articles/e543b5f7199518642bc66f68db5f34ebf06f8142,https://newsatcl-pctr.c.yimg.jp/t/amd-img/20260926-04848309-mdpr-000-1-view.jpg?exp=10800,2026-09-26T15:42:00+09:00,2026-09-26T15:42:02+09:00,モデルプレス,mdpr,モデルプレス,407,畑芽育 【モデルプレス＝2026/09/26】女優の畑芽育が9月22日までに、自身のInstagramストーリーズを更新。手作りの焼き浸しを公開し、話題となっている。 【写真】24歳美人女優「初めて作ったとは思えないクオリティ」「丁寧な暮らしで羨ましい」手作りの焼き浸し ◆畑芽育、手作りの焼き浸しを披露 畑は「人生で初めて焼き浸しを作りました」とつづり、写真を投稿。「油ハネすごくて冷や汗出た もう嫌だ」と記し、長方形のガラスの器に、綺麗に焼色のついたししとうを並べて入れて出来上がった焼き浸しを披露している。 ◆畑芽育の投稿に反響 この投稿には「美味しそう！作ってみたい」「手作り料理なんて素敵すぎる」「初めて作ったとは思えないクオリティ」「丁寧な暮らしで羨ましい」「ヘルシーで体に良さそう」などと反響が寄せられている。（modelpress編集部） 【Not Sponsored 記事】 modelpress,[],[]
土屋炎伽、ベースボールシャツ＆ショーパン姿でスラリ美脚「健康的な美しさに憧れます」「スタイル抜群」の声（モデルプレス）,https://news.yahoo.co.jp/articles/90bc416d4501a7878c4ce07c11a595f7db293630,https://newsatcl-pctr.c.yimg.jp/t/amd-img/20260926-04848308-mdpr-000-1-view.jpg?exp=10800,2026-09-26T15:40:31+09:00,2026-09-26T15:40:31+09:00,モデルプレス,mdpr,モデルプレス,457,土屋炎伽 【モデルプレス＝2026/09/26】「ミス・ジャパン」初代グランプリで女優の土屋太鳳の姉・土屋炎伽が9月22日、自身のInstagramを更新。チアリーダー姿を披露し、話題を呼んでいる。 【写真】朝ドラ女優の美人姉「健康的な美しさに憧れます」「スタイル抜群」ショーパン姿でスラリ美脚 ◆土屋炎伽、ベースボールシャツ姿披露 アメリカンフットボール・ブルーサンダースのチアリーダーとして活動している土屋は「年に一度のホームタウンゲーム」とつづり、写真を複数枚投稿。クラウドファンディングで用意したというベースボールシャツにショートパンツを合わせた姿で、スラリとした脚が際立っている。 ◆土屋炎伽の投稿に反響 この投稿には「圧倒的な美しさ」「笑顔に癒される」「スタイル抜群」「チアリーダー姿、最高にかっこいい」「健康的な美しさに憧れます」「全身バランスが完璧」「ユニフォーム姿も似合いすぎ」などと反響が寄せられている。（modelpress編集部） 【Not Sponsored 記事】 modelpress,[],[]
江野沢愛美「パクチー大好き家族 大絶賛」実家で作ったトムヤムスープ披露「山盛りで最高」「おしゃれで素敵」の声（モデルプレス）,https://news.yahoo.co.jp/articles/d4d9a9901058bf0435ef0ca81563a3f39ee06495,https://newsatcl-pctr.c.yimg.jp/t/amd-img/20260926-04848304-mdpr-000-1-view.jpg?exp=10800,2026-09-26T15:38:57+09:00,2026-09-26T15:38:57+09:00,モデルプレス,mdpr,モデルプレス,483,江野沢愛美 【モデルプレス＝2026/09/26】モデルで女優の江野沢愛美が9月21日、自身のInstagramストーリーズを更新。手作りのトムヤムスープを披露し、話題となっている。 【写真】29歳モデル「パクチー山盛りで最高」「おしゃれで素敵」実家で作ったトムヤムスープ ◆江野沢愛美、手作りのトムヤムスープ披露 江野沢は「実家でトムヤムスープ作りました パクチー大好き家族 大絶賛」とつづり、写真を投稿。白い器に白いレンゲが入っており、トマトや表面の半分以上を占めるパクチーの緑が鮮やかなスープを披露している。 ◆江野沢愛美の投稿に反響 この投稿には「本格的で美味しそう」「お店で出てきそう」「パクチーの量最高」「彩りも綺麗で、見ているだけで食欲がそそられます」「ご家族が大絶賛するのも納得の仕上がり」「おしゃれで素敵な手料理」「トムヤムスープがお家で作れるなんてすごい」「ヘルシーで温まりそう！このレシピ知りたいです」「パクチー山盛りで最高」などと反響が寄せられている。（modelpress編集部） 【Not Sponsored 記事】 modelpress,[],[]
米倉涼子、2年ぶり「ガルアワ」サプライズ登場 華やかなウォーキングに視線集中【ガルアワ2026A/W】（モデルプレス）,https://news.yahoo.co.jp/articles/cce06554f882f3980c863e445007c460f88a980d,https://newsatcl-pctr.c.yimg.jp/t/amd-img/20260926-04850005-mdpr-000-2-view.jpg?exp=10800,2026-09-26T15:37:29+09:00,2026-09-26T15:40:25+09:00,モデルプレス,mdpr,モデルプレス,685,米倉涼子 【モデルプレス＝2026/09/26】女優の米倉涼子が26日、千葉・幕張メッセで開催のファッション＆⾳楽イベント「Rakuten GirlsAward 2026 AUTUMN／WINTER」に出演した。 【写真】米倉涼子、2年ぶり「ガルアワ」サプライズ登場で華やかなウォーキング ◆米倉涼子、2年ぶりサプライズ登場 米倉は、2024年以来、2年ぶりにステージにサプライズ登場。客席からは歓声が上がった。前回のステージでも圧倒的なオーラで会場を沸かせた米倉は、今回も華やかなウォーキングを披露し、会場中の視線を釘付けにした。 ランウェイを歩いた感想を聞かれると、米倉は「緊張しました」とコメント。今回は、自身が出演するCMで着用していたショッキングピンクと黒のバイカラーが印象的なドレス姿で登場し、笑顔で衣装のポイントを紹介した。そして観客に「今日は最後まで楽しんでいってください」と呼びかけた。 ◆「ガルアワ2026A/W」テーマは「Love Me!!!」 記念すべき30回目の開催となる今回のテーマは、何度でも「好き」と思ってもらえる、ずっと愛され続ける存在でありたいという想いが込められた「Love Me!!!」。ランウェイには藤田ニコル、生見愛瑠、山下美月ら豪華俳優・モデルが集結し、乃木坂46、ふぉ～ゆ～、CANDY TUNE、KO1KEYZらアーティストによるパフォーマンスも展開。MCは南海キャンディーズの山里亮太、森香澄に加え、田中樹がゲストMCを務める。（modelpress編集部） 【Not Sponsored 記事】 modelpress,[],[]
4児の父・織田信成、手作りのベーコンチーズパン披露「美味しそうすぎる」「こんがり焼けてて最高」の声（モデルプレス）,https://news.yahoo.co.jp/articles/372ddc920f0cb23a39015cfabcdc602b254812a9,https://newsatcl-pctr.c.yimg.jp/t/amd-img/20260926-04848301-mdpr-000-1-view.jpg?exp=10800,2026-09-26T15:36:31+09:00,2026-09-26T15:36:31+09:00,モデルプレス,mdpr,モデルプレス,470,織田信成 【モデルプレス＝2026/09/26】プロフィギュアスケーターでタレントの織田信成が9月22日、自身のInstagramストーリーズを更新。手作りパンを公開し、話題を呼んでいる。 【写真】4児の父・39歳元オリンピアン「こんがり焼けてて最高」手作りのベーコンチーズパン ◆織田信成、手作りパン披露 織田は「ベーコンチーズパン焼いたつもりやったけど、アナタダレ～？？」とつづり、写真を投稿。鉄板にクッキングシートを敷いた上に乗せられた5個の丸いパンは、刻まれたベーコンの上にたっぷりのチーズがかけられて、こんがりとした焼色がついた仕上がりになっている。 ◆織田信成の投稿に反響 この投稿には「手作りとは思えないクオリティ」「織田さんのパン美味しそうすぎる」「こんがり焼けてて最高」「焼き立てパン食べたい」「愛情たっぷりですね」「チーズとベーコンの組み合わせ、最強」「アナタダレ～？って言ってるけど絶対美味しいやつ」などと反響が寄せられている。（modelpress編集部） 【Not Sponsored 記事】 modelpress,[],[]
なごみ、スモーキーメイクで雰囲気一変 カラータイツで美脚スラリ【ガルアワ2026A/W】（モデルプレス）,https://news.yahoo.co.jp/articles/e7758da89cc81d80ed156e2307d1bb2136f66768,https://newsatcl-pctr.c.yimg.jp/t/amd-img/20260926-04850020-mdpr-000-1-view.jpg?exp=10800,2026-09-26T15:32:06+09:00,2026-09-26T15:32:06+09:00,モデルプレス,mdpr,モデルプレス,609,なごみ 【モデルプレス＝2026/09/26】インフルエンサーのなごみが26日、千葉・幕張メッセで開催のファッション＆⾳楽イベント「Rakuten GirlsAward 2026 AUTUMN／WINTER」に出演した。 【写真】26歳美人YouTuber、美脚際立つカラータイツ姿 ◆なごみ、スモーキーメイクで雰囲気ガラリ なごみは、ブラウンのチェック柄シャツに、グレーやグリーン、イエローの配色が目を引くカーディガンをルーズに羽織って登場。グレーのタイツからはスラリとした美しい脚が際立っており、目元の黒いスモーキーなメイクが映えていた。 SNS上では「いつもと雰囲気違う」「ダークで大人っぽい」「似合ってる」「かっこいい」と反響が寄せられている。 ◆「ガルアワ2026A/W」テーマは「Love Me!!!」 記念すべき30回目の開催となる今回のテーマは、何度でも「好き」と思ってもらえる、ずっと愛され続ける存在でありたいという想いが込められた「Love Me!!!」。ランウェイには藤田ニコル、生見愛瑠、山下美月ら豪華俳優・モデルが集結し、乃木坂46、ふぉ～ゆ～、CANDY TUNE、KO1KEYZらアーティストによるパフォーマンスも展開。MCは南海キャンディーズの山里亮太、森香澄に加え、田中樹がゲストMCを務める。（modelpress編集部） 【Not Sponsored 記事】 modelpress,[],[]
安斉星来、キャメルカラーのコート×ミニ丈ワンピで美脚披露 イエローの差し色映える【ガルアワ2026A/W】（モデルプレス）,https://news.yahoo.co.jp/articles/c24a41e7b73b218824073956b435b0ca447ca396,https://newsatcl-pctr.c.yimg.jp/t/amd-img/20260926-04850010-mdpr-000-1-view.jpg?exp=10800,2026-09-26T15:24:27+09:00,2026-09-26T15:24:27+09:00,モデルプレス,mdpr,モデルプレス,614,安斉星来 【モデルプレス＝2026/09/26】女優の安斉星来が26日、千葉・幕張メッセで開催のファッション＆⾳楽イベント「Rakuten GirlsAward 2026 AUTUMN／WINTER」に出演した。 【写真】22歳美人女優、キャメルカラーのコート×ミニワンピ姿 ◆安斉星来、キャメルカラーのコート×ミニワンピ 安斉は、キャメルカラーのロングコートにグレーのミニ丈のワンピースを合わせ、美しい脚が際立つスタイルで登場。コートの袖口や裏地からイエローをのぞかせ、差し色を効かせたコーディネートに。ランウェイのトップではクールな表情を見せた。 SNS上では「衣装かっこいい」「イエローの差し色が可愛い」「クールな表情が素敵」といった反響が寄せられている。 ◆「ガルアワ2026A/W」テーマは「Love Me!!!」 記念すべき30回目の開催となる今回のテーマは、何度でも「好き」と思ってもらえる、ずっと愛され続ける存在でありたいという想いが込められた「Love Me!!!」。ランウェイには藤田ニコル、生見愛瑠、山下美月ら豪華俳優・モデルが集結し、乃木坂46、ふぉ～ゆ～、CANDY TUNE、KO1KEYZらアーティストによるパフォーマンスも展開。MCは南海キャンディーズの山里亮太、森香澄に加え、田中樹がゲストMCを務める。（modelpress編集部） 【Not Sponsored 記事】 modelpress,[],[]
SixTONES田中樹「ガルアワ」2年ぶりMC担当 観客の「おかえり」にツッコミ＆ランウェイ舞台裏の“お達し”告白【ガルアワ2026A/W】（モデルプレス）,https://news.yahoo.co.jp/articles/4c24f685c8e5573207ca238f1a560751a2b2797b,https://newsatcl-pctr.c.yimg.jp/t/amd-img/20260926-04850058-mdpr-000-1-view.jpg?exp=10800,2026-09-26T15:16:52+09:00,2026-09-26T15:16:52+09:00,モデルプレス,mdpr,モデルプレス,862,田中樹 【モデルプレス＝2026/09/26】SixTONESの田中樹が26日、千葉・幕張メッセで開催のファッション＆⾳楽イベント「Rakuten GirlsAward 2026 AUTUMN／WINTER」に出演。ゲストMCを務めた。 【写真】STARTOイケメン「ガルアワ」で堂々MC務める ◆田中樹「ガルアワ」ゲストMC務める 「ガルアワ」で2年ぶりにMCを務める田中。ステージにMCとして登場すると、観客から「おかえりー！」と温かい声援が飛ぶ場面が。これに田中は「ありがとう」と笑顔で応えつつも、「ここあなたたちのお家ではない（笑）」と即座にツッコミを入れ、スタートから会場を沸かせた。 また、この日はMCだけでなくランウェイのトップバッターとしても登場した田中。ランウェイの感想を聞かれると「出る前に釘刺されるんですよ。『絶対にふざけないでください』『クールに歩いて絶対にクールなまま帰ってきてください』って何回も言われる」と舞台裏を告白。ふざけたい気持ちを抑え、ポケットの中で手を握りしめて我慢していたというお茶目なエピソードを明かした。 ともにMCを務めた南海キャンディーズの山里亮太から「ジェシーだったら（ランウェイの）真ん中くらいでボケちゃう」とメンバーのジェシーの名が挙げられると、田中は「（ジェシーは）出る前にふざけますね（笑）」と返し、トークで盛り上げていた。 ◆「ガルアワ2026A/W」テーマは「Love Me!!!」 記念すべき30回目の開催となる今回のテーマは、何度でも「好き」と思ってもらえる、ずっと愛され続ける存在でありたいという想いが込められた「Love Me!!!」。ランウェイには藤田ニコル、生見愛瑠、山下美月ら豪華俳優・モデルが集結し、乃木坂46、ふぉ～ゆ～、CANDY TUNE、KO1KEYZらアーティストによるパフォーマンスも展開。MCは山里、森香澄に加え、田中がゲストMCを務める。（modelpress編集部） 【Not Sponsored 記事】 modelpress,[],[]
超特急リョウガ、活動再開後の心境「土産話いっぱい作ろうと思ったんだけど」タクヤはリョウガの変化明かす（モデルプレス）,https://news.yahoo.co.jp/articles/df7c6d6bc6a692e932e7b18706bcce328ffabb85,https://newsatcl-pctr.c.yimg.jp/t/amd-img/20260926-04850101-mdpr-000-2-view.jpg?exp=10800,2026-09-26T15:13:28+09:00,2026-09-26T15:22:03+09:00,モデルプレス,mdpr,モデルプレス,873,リョウガ 【モデルプレス＝2026/09/26】超特急のリョウガ（船津稜雅）とタクヤ（草川拓弥）が9月25日、グループでレギュラーを務めるラジオ番組「超特急のRADIO EXPRESS」（FM大阪／毎週金曜よる7時〜）に出演。活動を再開したリョウガの変化にタクヤが驚く場面があった。 【写真】超特急メンバー「お目々がくりくり」ぬいぐるみぎゅっと抱きしめた可愛すぎる幼少期 ◆超特急タクヤ、活動再開のリョウガの変化に驚き 7月17日にグループの公式サイトを通じて、体調不良により一定期間活動を休止することが発表されたリョウガ。9月7日には同サイトにて活動再開が報告されていた。この日、タクヤは「復帰おめでとうございますですよ。カムバックということで。どうでした？2ヶ月」と活動休止中の出来事について質問。リョウガが「『土産話いっぱい作ろう』と思ったんだけど、何にもないんだよね」と振り返っていると、タクヤは突然「髪、長っ！」とリョウガの髪が伸びていることに驚いた様子を見せた。 リョウガが「髪、1回だけ切ったよ。1回切ってこれ。もっと長かった」と説明すると、「エグいね。長さと量がすごいや」と笑いながら口に。「今日ノーセットのやつがXにあがってますよね」と髪をセットしていない状態のリョウガとの2ショットが同局の公式X（旧Twitter）に投稿されていることにも触れ、「見てください。髪の毛の毛量に、長さと、注目してもらって」とファンに呼びかけた。 ◆超特急タクヤ＆リョウガ、スマホ事情告白 また、2人がスマートフォン事情を語る場面も。タクヤは「メンバーにもよく言われますから。『タクヤはスマホ変えすぎ』って」と話し、「今年は1年持った…2年も使ったことない俺、多分」と同じ機種を2年以上使い続けたことがないと告白した。一方でリョウガは、スマートフォンで複数のウェブページを切り替えて表示できる「タブ」が63個も開いていることを明かしていた。（modelpress編集部） 情報：FM大阪 【Not Sponsored 記事】 modelpress,[],[]
トラジャ松田元太＆Hey! Say! JUMP高木雄也ら「ガルアワ」サプライズ登場で会場騒然（モデルプレス）,https://news.yahoo.co.jp/articles/bfc8ac97171c579fe46f413a0867aa5d6047ac4e,https://newsatcl-pctr.c.yimg.jp/t/amd-img/20260926-04850035-mdpr-000-3-view.jpg?exp=10800,2026-09-26T15:13:09+09:00,2026-09-26T15:43:21+09:00,モデルプレス,mdpr,モデルプレス,1176,（左から）高木雄也、加藤ローサ、松田元太、大沢あかね 【モデルプレス＝2026/09/26】テレビ朝日系オシドラサタデー『はだかんぼうたち』（毎週土曜よる11時～／10月3日スタート）で主演を務めるTravis Japanの松田元太、共演の加藤ローサ、Hey! Say! JUMPの高木雄也（※「高」は正式には「はしごだか」）大沢あかねが9月26日、千葉・幕張メッセで開催のファッション＆⾳楽イベント「Rakuten GirlsAward 2026 AUTUMN／WINTER」に出演した。 【写真】「ガルアワ」サプライズ登場したSTARTOタレント ◆松田元太ら「ガルアワ」サプライズ登場 この日の「ガルアワ」では『はだかんぼうたち』のスペシャルステージを実施。年齢も境遇も異なる男女の”美しく危険な大人の三角関係”を赤裸々に描く本作のステージには、約1年半ぶりの出演となる松田と「ガルアワ」初出演の加藤、高木、大沢がサプライズ登場し、観客を沸かせた。 ホワイトを基調にそれぞれ異なるスタイリングで登場した4人。高木はロング丈のアウター、加藤は白トップス×ワイドパンツ、松田は白ジャケット、大沢は白のロングスカートを取り入れ、ステージトップでは揃ってハートポーズを決めた。 「Travis Japanの松田元太です！」と発音よく挨拶し、会場を盛り上げた松田。その後も同じ調子で繰り返すと、加藤は「こんな人じゃないです現場で。もっとすんっとしてます、クールです！」とすかさずツッコミ。松田は「恥ずい！」と照れた様子を見せ、会場の笑いを誘った。 一方、MCとして登場したSixTONESの田中樹は、高木との共演に「久々にステージで一緒に立った気がします」とにっこり。2人は「私立バカレア高校」（2012年）で共演しており、深い親交があることで知られている。高木が田中を見つめながら「大人になったな」と目を細めると、田中は「高木くん大好きなんです。ずっと10代の頃から面倒見ていただいたので」「直の先輩です」と告白。そのまま高木に寄り添い、満面の笑みを浮かべると、観客からは歓声が上がった。 ◆「ガルアワ2026A/W」テーマは「Love Me!!!」 記念すべき30回目の開催となる今回のテーマは、何度でも「好き」と思ってもらえる、ずっと愛され続ける存在でありたいという想いが込められた「Love Me!!!」。ランウェイには藤田ニコル、生見愛瑠、山下美月ら豪華俳優・モデルが集結し、乃木坂46、ふぉ～ゆ～、CANDY TUNE、KO1KEYZらアーティストによるパフォーマンスも展開。MCは南海キャンディーズの山里亮太、森香澄に加え、田中樹がゲストMCを務める。（modelpress編集部） 【Not Sponsored 記事】 modelpress,[],[]
乃木坂46、アーティストライブトップバッターで3曲披露 ファンに急接近＆テープ舞う華やかステージ【ガルアワ2026A/W】（モデルプレス）,https://news.yahoo.co.jp/articles/83102f3361f4b28d7bb588acbc5e86d1b5d2b4be,https://newsatcl-pctr.c.yimg.jp/t/amd-img/20260926-04850003-mdpr-000-2-view.jpg?exp=10800,2026-09-26T15:03:30+09:00,2026-09-26T17:06:39+09:00,モデルプレス,mdpr,モデルプレス,932,乃木坂46（C）Rakuten GirlsAward 2026 AUTUMN/WINTER 【モデルプレス＝2026/09/26】乃木坂46が26日、千葉・幕張メッセで開催のファッション＆⾳楽イベント「Rakuten GirlsAward 2026 AUTUMN／WINTER」に出演した。 【写真】乃木坂46川崎桜、オフショル＆ミニスカで美スタイル披露 ◆乃木坂46、アーティストライブトップバッター 乃木坂46は、イエローのチェック柄を取り入れた華やかな衣装で登場し、『ジコチューで行こう！』で幕開け。ポップで爽快なパフォーマンスで、会場を盛り上げた。曲中にはメンバーがセンターステージへ移動し、ファンとの距離を一気に縮める場面も。その後、賀喜遥香が「私たちと一緒にタオルやペンライトを回して、ライブ楽しんでいきましょう！」と呼びかけると、2曲目の『好きというのはロックだぜ！』へ。会場と一体となったパフォーマンスを繰り広げた。 MCでは、キャプテンの菅原咲月が「トップバッターを務めさせていただきました。ありがとうございます」と挨拶。続けて一ノ瀬美空が「最後まで私たち乃木坂46といっしょに楽しんでいきましょう」と呼びかけ、2026年7月にリリースされた『是非に及ばず』へ。豪快なロックサウンドに乗せ、力強い歌声を響かせると、ステージからはテープが飛び出すなど、華やかな演出で会場を盛り上げた。 ◆「ガルアワ2026A/W」テーマは「Love Me!!!」 記念すべき30回目の開催となる今回のテーマは、何度でも「好き」と思ってもらえる、ずっと愛され続ける存在でありたいという想いが込められた「Love Me!!!」。ランウェイには藤田ニコル、生見愛瑠、山下美月ら豪華俳優・モデルが集結し、乃木坂46、ふぉ～ゆ～、CANDY TUNE、KO1KEYZらアーティストによるパフォーマンスも展開。MCは南海キャンディーズの山里亮太、森香澄に加え、田中樹がゲストMCを務める。（modelpress編集部） ◆セットリスト M1.ジコチューで行こう！ M2.好きというのはロックだぜ！ M3.是非に及ばず 【Not Sponsored 記事】 modelpress,[],[]
MAZZEL・EIKI、カーディガン×シャツの秋コーデ クールな表情でウインク【ガルアワ2026A/W】（モデルプレス）,https://news.yahoo.co.jp/articles/f18f5086512374210976f581b25b34fd98fd0b00,https://newsatcl-pctr.c.yimg.jp/t/amd-img/20260926-04850009-mdpr-000-2-view.jpg?exp=10800,2026-09-26T15:01:41+09:00,2026-09-26T15:14:05+09:00,モデルプレス,mdpr,モデルプレス,569,EIKI 【モデルプレス＝2026/09/26】8人組ダンス＆ボーカルグループ・MAZZEL（マーゼル）のEIKI（エイキ）が26日、千葉・幕張メッセで開催のファッション＆⾳楽イベント「Rakuten GirlsAward 2026 AUTUMN／WINTER」に出演した。 【写真】BMSGイケメン、秋らしいレイヤードコーデでクールな表情 ◆EIKI、ウインクで観客魅了 EIKIは首元のデザインが特徴的なストライプのインナーにブラウンのカーディガンを羽織ったレイヤードスタイルで登場。ランウェイトップでは自身の肩に手を回し、クールな表情でウインクを放ち会場を魅了した。 ◆「ガルアワ2026A/W」テーマは「Love Me!!!」 記念すべき30回目の開催となる今回のテーマは、何度でも「好き」と思ってもらえる、ずっと愛され続ける存在でありたいという想いが込められた「Love Me!!!」。ランウェイには藤田ニコル、生見愛瑠、山下美月ら豪華俳優・モデルが集結し、乃木坂46、ふぉ～ゆ～、CANDY TUNE、KO1KEYZらアーティストによるパフォーマンスも展開。MCは南海キャンディーズの山里亮太、森香澄に加え、田中樹がゲストMCを務める。（modelpress編集部） 【Not Sponsored 記事】 modelpress,[],[]
超特急タクヤ、ラジオ通じて各媒体に一言 リョウガ「どういう見出しになるの！？」（モデルプレス）,https://news.yahoo.co.jp/articles/87988afe1fe109476da80a4c16da8331ad143910,https://newsatcl-pctr.c.yimg.jp/t/amd-img/20260926-04850100-mdpr-000-3-view.jpg?exp=10800,2026-09-26T15:00:16+09:00,2026-09-26T15:22:38+09:00,モデルプレス,mdpr,モデルプレス,1057,タクヤ（草川拓弥） 【モデルプレス＝2026/09/26】超特急のリョウガ（船津稜雅）、タクヤ（草川拓弥）が9月25日、グループでレギュラーを務めるラジオ番組「超特急のRADIO EXPRESS」（FM大阪／毎週金曜よる7時〜）に出演。記事になりそうなことを話す場面があった。 【写真】超特急メンバー「お目々がくりくり」ぬいぐるみぎゅっと抱きしめた可愛すぎる幼少期 ◆超特急タクヤ、番組の記事化にひとこと この日のエンディングで、同番組がいろいろな話をする良い機会になると語り合った2人。リョウガが「タクヤもね、あんまり自分のことを語ったりする機会もね（無いよね）、恥ずかしがり屋さんだから」と口にすると、タクヤも「やっぱりこの『ちょうらじ』で知った初めての情報みたいなものが、結構皆いっぱいあるんじゃないかな」と頷いた。 するとタクヤは続けて「しかも今さ、すごいこれが記事になってるじゃん？」と同番組が度々媒体で記事化されていることに言及。リョウガが「なんか言っておけば？取り上げられそうな…嘘でもいいから」と言うと、タクヤは「多分取り上げられるよ、何か！何もなくても！」とコメント。その後再びリョウガから「何か言っておけば？」と促さられると「じゃぁ、いい…？『各媒体さん、“取り上げるな”』」と冗談まじりに口にした。 タクヤの発言にリョウガは「おっと！」「むずいぞ、試されてますよ『宣戦布告』みたいな、どういう（記事の）見出しになるの！？」と笑いながら返答。同時に「本当にこれでとりあげられなかったら、それもそれでさみしいしな」とも口にすると、タクヤも「やばいね…多分俺干されたと思う…媒体から干される？」と笑いながら反応。リョウガからは「…という記事が出るんじゃない？『超特急タクヤ、各媒体から干される』」とツッコまれた。 ◆超特急タクヤ、番組締めの言葉は 放送の最後には再びリョウガから「記事になりそうな一言を！」と求められたタクヤは「ええ…あれ超えられねえよ…」とひとしきり熟考。その後「もはや…“聞くな”！」と絞り出し、再びリョウガを笑わせていた。 FM大阪の公式X（旧Twitter）では「『不人気記事』超特急タクヤ、各媒体から干される っていう記事が上がりませんように」とこの件が放送前からネタに。放送を聞いたファンからは「めちゃくちゃ笑った」「今日のは切り込んでた」などと反響を呼んでいる。（modelpress編集部） 情報：FM大阪 【Not Sponsored 記事】 modelpress,[],[]
櫻坂46藤吉夏鈴、ジャケット×ハーフデニムでマニッシュに「見惚れた」「スタイル神」とファン悶絶【ガルアワ2026A/W】（モデルプレス）,https://news.yahoo.co.jp/articles/db1f11ad505cc036efbaad86bf46d5e06ec1dfac,https://newsatcl-pctr.c.yimg.jp/t/amd-img/20260926-04850012-mdpr-000-1-view.jpg?exp=10800,2026-09-26T14:58:38+09:00,2026-09-26T14:58:38+09:00,モデルプレス,mdpr,モデルプレス,605,藤吉夏鈴 【モデルプレス＝2026/09/26】櫻坂46の藤吉夏鈴が26日、千葉・幕張メッセで開催のファッション＆⾳楽イベント「Rakuten GirlsAward 2026 AUTUMN／WINTER」に出演した。 【写真】櫻坂人気メン「スタイル神」ハーフデニムコーデ ◆櫻坂46藤吉夏鈴、ジャケット×ハーフデニムでマニッシュに 藤吉は、白シャツにブラウン系のジャケットを重ね、ゆったりとしたハーフ丈のデニムを合わせたスタイリングで登場。足元にはブラウンのロングブーツを取り入れ、ショートヘアと相まってマニッシュで落ち着いた雰囲気を漂わせた。 ファンからは「雰囲気ある」「見惚れた」「スタイル神」「このコーデ好き」といった声が寄せられている。 ◆「ガルアワ2026A/W」テーマは「Love Me!!!」 記念すべき30回目の開催となる今回のテーマは、何度でも「好き」と思ってもらえる、ずっと愛され続ける存在でありたいという想いが込められた「Love Me!!!」。ランウェイには藤田ニコル、生見愛瑠、山下美月ら豪華俳優・モデルが集結し、乃木坂46、ふぉ～ゆ～、CANDY TUNE、KO1KEYZらアーティストによるパフォーマンスも展開。MCは南海キャンディーズの山里亮太、森香澄に加え、田中樹がゲストMCを務める。（modelpress編集部） 【Not Sponsored 記事】 modelpress,[],[]
櫻坂46山崎天、レザーパンツ×ロングコートで圧巻スタイル クールオーラ放つ【ガルアワ2026A/W】（モデルプレス）,https://news.yahoo.co.jp/articles/6f288f455f68c31d77df29d2fd64401fd84cff88,https://newsatcl-pctr.c.yimg.jp/t/amd-img/20260926-04850004-mdpr-000-1-view.jpg?exp=10800,2026-09-26T14:52:37+09:00,2026-09-26T14:52:37+09:00,モデルプレス,mdpr,モデルプレス,530,山崎天 【モデルプレス＝2026/09/26】櫻坂46の山崎天（※「崎」は正式には「たつさき」）が26日、千葉・幕張メッセで開催のファッション＆⾳楽イベント「Rakuten GirlsAward 2026 AUTUMN／WINTER」に出演した。 【写真】坂道人気メンバー、抜群スタイル際立つレザーパンツ姿 ◆山崎天、レザーパンツで圧巻スタイル披露 山崎は、レザージャケットにレザーパンツを合わせ、ロングコートを羽織ったスタイリングで登場。長身のスタイルを際立たせる着こなしで、存在感を放った。 ◆「ガルアワ2026A/W」テーマは「Love Me!!!」 記念すべき30回目の開催となる今回のテーマは、何度でも「好き」と思ってもらえる、ずっと愛され続ける存在でありたいという想いが込められた「Love Me!!!」。ランウェイには藤田ニコル、生見愛瑠、山下美月ら豪華俳優・モデルが集結し、乃木坂46、ふぉ～ゆ～、CANDY TUNE、KO1KEYZらアーティストによるパフォーマンスも展開。MCは南海キャンディーズの山里亮太、森香澄に加え、田中樹がゲストMCを務める。（modelpress編集部） 【Not Sponsored 記事】 modelpress,[],[]
「今日好き」おひなさま（長浜広奈）、サングラス×前髪なしで雰囲気ガラリ【ガルアワ2026A/W】（モデルプレス）,https://news.yahoo.co.jp/articles/4cd1e747864550cc1ec2c2b059c1564ef6b40aba,https://newsatcl-pctr.c.yimg.jp/t/amd-img/20260926-04850007-mdpr-000-2-view.jpg?exp=10800,2026-09-26T14:48:03+09:00,2026-09-26T14:49:41+09:00,モデルプレス,mdpr,モデルプレス,613,長浜広奈 【モデルプレス＝2026/09/26】ABEMAの高校生による青春恋愛リアリティーショー「今日、好きになりました。」に参加していた長浜広奈が26日、千葉・幕張メッセで開催のファッション＆⾳楽イベント「Rakuten GirlsAward 2026 AUTUMN／WINTER」に出演した。 【写真】「今日好き」話題の美女、前髪なしで雰囲気一変 ◆「今日好き」おひなさま、かき上げ前髪×サングラスで印象ガラリ 長浜は、ストライプ柄のハイネックトップスにブラックのジャケットを重ね、ミニ丈から美しい脚をのぞかせたコーディネートで登場。眉下で切りそろえた前髪が印象的な普段のスタイルから一変、この日は前髪をかき上げ、サングラスを合わせたクールな姿を見せた。 ◆「ガルアワ2026A/W」テーマは「Love Me!!!」 記念すべき30回目の開催となる今回のテーマは、何度でも「好き」と思ってもらえる、ずっと愛され続ける存在でありたいという想いが込められた「Love Me!!!」。ランウェイには藤田ニコル、生見愛瑠、山下美月ら豪華俳優・モデルが集結し、乃木坂46、ふぉ～ゆ～、CANDY TUNE、KO1KEYZらアーティストによるパフォーマンスも展開。MCは南海キャンディーズの山里亮太、森香澄に加え、田中樹がゲストMCを務める。（modelpress編集部） 【Not Sponsored 記事】 modelpress,[],[]
2拠点生活のIMALU「今とほぼ変わらない幼少期」現在の姿と並べて公開「昔から可愛い」「面影ありすぎ」の声（モデルプレス）,https://news.yahoo.co.jp/articles/9f9244eab549f9db31c94a25f60d20446ecd0aa1,https://newsatcl-pctr.c.yimg.jp/t/amd-img/20260926-04848300-mdpr-000-1-view.jpg?exp=10800,2026-09-26T14:43:10+09:00,2026-09-26T14:43:10+09:00,モデルプレス,mdpr,モデルプレス,394,IMALU 【モデルプレス＝2026/09/26】タレントのIMALUが9月22日までに、自身のInstagramストーリーズを更新。幼少期の写真を公開し、話題となっている。 【写真】明石家さんまの37歳長女「今とほぼ変わらない幼少期」現在の姿と並べて公開 ◆IMALU、幼少期の写真を公開 IMALUは「今とほぼ変わらない幼少期」とつづり、写真を投稿。赤い長袖のトップスを着て犬を抱っこしている幼少期の写真と合わせ、グレーのパーカーを着て犬を抱っこし、ニッコリと笑顔を見せる現在の写真を披露している。 ◆IMALUの投稿に反響 この投稿には「昔から可愛い」「面影ありすぎ」「全然変わってなくて素敵です」「幼い頃から天使」「犬とIMALUちゃんに癒される」「笑顔が最高」などと反響が寄せられている。（modelpress編集部） 【Not Sponsored 記事】 modelpress,[],[]
「700万かけて全顔整形してきたけど、身体は無課金」リアルピース・こぺ、ミニスカ女装姿で美脚披露「メイクの完成度も高い」「年齢不詳の美女すぎる」と反響（モデルプレス）,https://news.yahoo.co.jp/articles/3026a178b049883a8904c57ec3a7c74c35d57c22,https://newsatcl-pctr.c.yimg.jp/t/amd-img/20260926-04848297-mdpr-000-1-view.jpg?exp=10800,2026-09-26T14:40:41+09:00,2026-09-26T14:40:41+09:00,モデルプレス,mdpr,モデルプレス,760,【モデルプレス＝2026/09/26】5人組グループ・リアルピースのこぺが9月23日までに、自身のInstagramを更新。ミニスカートの女装姿を披露し、話題となっている。 【写真】40歳5人組アイドルメンバー「700万かけて全顔整形してきたけど、身体は無課金」ミニスカ女装姿 ◆リアルピース・こぺ、美脚際立つミニスカ女装姿公開 こぺは「40歳おじさんアイドルなんだけど 女の子より可愛くてごめんね？」「700万かけて全顔整形してきたけど、身体は無課金！」とつづり、写真や動画を投稿。迷彩柄トップスとミニスカートのセットアップに黒のレッグウォーマーを合わせた女装姿を披露した。スカートからは黒チュールレースが覗き、美しい脚のラインが際立っている。 また、「アイドルはダンスが必須だから脚の脂肪吸引もボトックスもしてません！」「1年かけて毎日ダイエット、ストレッチ、トレーニングして来たら着れる服が広がって女装まで行っちゃいましたw」と明かしている。 ◆リアルピース・こぺの投稿に反響 この投稿には「美脚でスタイル抜群」「普通に可愛くてびっくり」「メイクの完成度も高い」「努力が本当にすごい」「もしかして自前の洋服なのかな」「年齢不詳の美女すぎる」といったコメントが寄せられている。 リアルピースは、“何もない状況からすべてを作り上げ、歌って踊るYouTuber”として誕生。キャッチフレーズは“元気の押し売りアイドル”。2021年4月11日にデビューライブを開催し、現在はYouTubeの登録者数135万人以上。SNSで話題のしなこが店長を務める原宿のタピオカ店「ベビタピトーキョー原宿店（ベビタピ）」の店員としても注目を集める。（modelpress編集部） 【Not Sponsored 記事】 modelpress,[],[]
SixTONES田中樹「ガルアワ」トップバッターで降臨 サプライズランウェイに歓声止まず【ガルアワ2026A/W】（モデルプレス）,https://news.yahoo.co.jp/articles/d5d31c967cf9617c9b67a5d6b38a2240ecc8b868,https://newsatcl-pctr.c.yimg.jp/t/amd-img/20260926-04850013-mdpr-000-3-view.jpg?exp=10800,2026-09-26T14:40:20+09:00,2026-09-26T15:34:37+09:00,モデルプレス,mdpr,モデルプレス,608,田中樹 【モデルプレス＝2026/09/26】SixTONESの田中樹が26日、千葉・幕張メッセで開催のファッション＆⾳楽イベント「Rakuten GirlsAward 2026 AUTUMN／WINTER」に出演した。 【写真】「ガルアワ」MC務めるSTARTOイケメン、ランウェイ降臨 ◆田中樹、トップバッターでランウェイ登場 2年ぶりにゲストMCを務める田中が、トップバッターでランウェイに登場。ブラウンをベースに、襟や袖、裾にさまざまな色を取り入れた遊び心あふれるニットに、シンプルな黒のブルゾンを羽織り、肩にはニットマフラーを掛けた秋冬らしい装いを披露した。ランウェイ出演は事前に発表されていなかったため、会場からは大きな歓声が上がっていた。 ◆「ガルアワ2026A/W」テーマは「Love Me!!!」 記念すべき30回目の開催となる今回のテーマは、何度でも「好き」と思ってもらえる、ずっと愛され続ける存在でありたいという想いが込められた「Love Me!!!」。ランウェイには藤田ニコル、生見愛瑠、山下美月ら豪華俳優・モデルが集結し、乃木坂46、ふぉ～ゆ～、CANDY TUNE、KO1KEYZらアーティストによるパフォーマンスも展開。MCは南海キャンディーズの山里亮太、森香澄に加え、田中がゲストMCを務める。（modelpress編集部） 【Not Sponsored 記事】 modelpress,[],[]
MORE STAR、メンバー脱退後の新体制7人でパフォーマンス 「ハグ！」披露【ガルアワ2026A／W】（モデルプレス）,https://news.yahoo.co.jp/articles/101e79261a39c993095b51006e9c6aa676565fb6,https://newsatcl-pctr.c.yimg.jp/t/amd-img/20260926-04850011-mdpr-000-3-view.jpg?exp=10800,2026-09-26T14:27:13+09:00,2026-09-26T21:25:49+09:00,モデルプレス,mdpr,モデルプレス,1073,MORE STAR 【モデルプレス＝2026/09/26】7人組アイドルグループ・MORE STARが26日、千葉・幕張メッセで開催のファッション＆⾳楽イベント「Rakuten GirlsAward 2026 AUTUMN／WINTER」に出演した。 【写真】メンバーが2人脱退したふるっぱー妹分、新体制で魅せたステージ ◆MORE STAR、メンバー脱退後の新体制7人でパフォーマンス 7人は、オレンジ、青、水色などそれぞれのメンバーカラーを基調とした華やかな衣装で登場。フリルやリボンを取り入れたふんわりとしたシルエットで統一され、メンバーが並ぶとカラフルでガーリーなスタイリングがステージいっぱいに広がった。 ポップなナンバー「ハグ！」で幕を開けると、カラフルな衣装と弾ける笑顔で会場の空気を一気につかんだMORE STAR。歌唱中にはセンターステージへと進み、観客に手を振りながら軽やかにパフォーマンス。メンバー同士でアイコンタクトを交わしながら息の合ったステージを届け、新体制となったMORE STARの存在感を印象づけた。 曲終わりには、森田あみが「『Rakuten GirlsAward』楽しんでますかー？」と元気いっぱいに呼びかけ、会場の熱気をさらに高める。最後は「以上、私たちMORE STARでした」とそろってお辞儀し、手を振りながらカメラにもアピール。メンバーが次々とステージを後にする中、新井心菜は最後に立ち止まって深く一礼。観客への感謝を伝えるようにステージを締めくくっていた。 22日、鈴木花梨と山本るしあがグループを脱退することを発表。公式サイトでは「今後の活動に関しましては、新井心菜・遠藤まりん・笹原なな花・高梨ゆな・中山こはく・萩田そら・森田あみの7名で活動させていただきます」と報告している。 ◆「ガルアワ2026A/W」テーマは「Love Me!!!」 記念すべき30回目の開催となる今回のテーマは、何度でも「好き」と思ってもらえる、ずっと愛され続ける存在でありたいという想いが込められた「Love Me!!!」。ランウェイには藤田ニコル、生見愛瑠、山下美月ら豪華俳優・モデルが集結し、乃木坂46、ふぉ～ゆ～、CANDY TUNE、KO1KEYZらアーティストによるパフォーマンスも展開。MCは南海キャンディーズの山里亮太、森香澄に加え、田中樹がゲストMCを務める。 ◆MORE STARセットリスト M1.ハグ！ （modelpress編集部） 【Not Sponsored 記事】 modelpress,[],[]
「タイムレスマン」timelesz猪俣周杜の逮捕・釈放後初の放送で「8月下旬に収録されたもの」テロップ表示 猪俣の姿は映らず（モデルプレス）,https://news.yahoo.co.jp/articles/586c443cf70943472cac20d8e64efd92834eb453,https://newsatcl-pctr.c.yimg.jp/t/amd-img/20260926-04849964-mdpr-000-3-view.jpg?exp=10800,2026-09-26T12:18:45+09:00,2026-09-26T17:16:32+09:00,モデルプレス,mdpr,モデルプレス,939,フジテレビ外観 【モデルプレス＝2026/09/26】timelesz（タイムレス）出演のバラエティ番組『タイムレスマン』（フジテレビ系／毎週金曜21時58分～22時52分）が9月25日に放送された。猪俣周杜が傷害の疑いで逮捕・釈放されてから初のオンエアとなった。 【写真】逮捕のtimelesz新メンバー、7月のイベント時の様子 ◆「タイムレスマン」猪俣周杜映らず 猪俣の逮捕・釈放後、初の放送となったこの日は「ベストバイ・プライスマン」と題し、女優の吉岡里帆ら“食通芸能人”が絶品グルメの値段を予想する企画が行われた。猪俣の姿は放送内に映らず、冒頭には「この番組は8月下旬に収録されたものです」とのテロップが表示されていた。 ◆猪俣周杜、傷害の疑いで逮捕 報道によると、猪俣は同月18日夜、東京・江東区辰巳のコンビニエンスストアの駐車場の車内で、知人の女性（26）の顔を殴るなど暴行を加え、ケガをさせた疑いで逮捕され、20日に送検された。女性が鼻から出血した状態でコンビニに駆け込み事件が発覚したという。猪俣は「手が当たってしまったかもしれません」と容疑を否認する一方で、「口論になってパニックになった」とも供述していたという。STARTO ENTERTAINMENTは19日、猪俣を当面の間謹慎とし、活動を休止することを発表。なお、猪俣は25日に勾留されていた警視庁湾岸署から釈放された。 また、timeleszの冠番組「timeleszファミリア」（日本テレビ系／毎週日曜14時～）は内容を変更して放送。猪俣がレギュラー出演していた「ニカゲーム」（テレビ朝日系／毎週水曜25時55分～）は放送休止となった。 ◆猪俣周杜、2025年2月にtimelesz加入 猪俣は2001年8月17日生まれ、茨城県出身。「timelesz project -AUDITION-」（通称「タイプロ」）を経て、2025年2月にtimeleszに加入した。2025年12月から2026年1月にかけては、timeleszとして初のドームツアーを成功させた。（modelpress編集部）（modelpress編集部） 情報：フジテレビ 【Not Sponsored 記事】 modelpress,[],[]
M!LK、2つの冠番組が放送決定 お悩み解決＆本気で“恥”をかくバラエティ（モデルプレス）,https://news.yahoo.co.jp/articles/454605ea7eaec037866647153273a8a62aa42c3e,https://newsatcl-pctr.c.yimg.jp/t/amd-img/20260926-04849609-mdpr-000-1-view.jpg?exp=10800,2026-09-26T12:00:05+09:00,2026-09-26T12:00:05+09:00,モデルプレス,mdpr,モデルプレス,2703,M!LK（提供写真） 【モデルプレス＝2026/09/26】M!LKの冠番組「M!LKに言ってみ？」（10月5日よる23：59／日本テレビ系）、「ザッツ M!LK」（10月27日よる23：59〜／日本テレビ系）の2番組が放送されることが決定した。 【写真】M!LK佐野「骨格がそっくり」祖父母・両親らとの集合ショット ◆M!LK、冠番組2番組の放送決定 10月にM!LKの冠番組2番組の放送が決定。音楽活動のみならず、ドラマやバラエティなど多方面で活躍中の人気ダンスボーカルグループ・M!LK。そんなM!LKの冠番組が、10月5日（月）・10月27日（火）に放送決定した。 各番組それぞれ、M!LKが新しい企画に挑戦。彼らの魅力と素顔が詰まった、見ごたえ抜群の内容となっている。放送に際し、M!LKから番組の見どころや視聴者の皆さんへのメッセージも到着した。 ◆10月5日（月）放送「M!LKに言ってみ？」 人気グループM!LKが挑む、お悩み解決バラエティ。解決するのは…番組に寄せられた『お悩み』。一見小さくても、本人にとってはずっと気になっている悩み…そんな悩みに、M!LKが汗をかいて本気で向き合い、解決まで挑む。依頼者の気持ちにしっかり耳を傾け、時には専門家の力を借りたり、現場での調査を行ったりしながら、体当たりで全力サポート。依頼者と一緒に「その人だけの答え」を見つけ出す。 ◆10月27日（火）放送「ザッツ M!LK」 失敗できない現代社会…日本国民の代わりにM!LKが本気で“恥”をかく。笑えて、愛せて、ちょっと勇気がわく新スタジオバラエティ。「失敗するのがこわい」「恥をかきたくない」―――そんな思いを抱く人が増えている今の時代に、M!LKの5人が日本国民の代わりに本気で恥をかき、笑いと勇気を届ける新感覚のバラエティだ。 アイドルとして華やかに活躍する一方、バラエティで見せる一生懸命でひたむきな姿でも人々の心をつかむM!LK。番組では、彼らの人間性、センス、常識、マナー、金銭感覚などが試されるシチュエーションがスタジオに用意され、メンバーの素顔が丸裸にされる。たとえカッコ悪い失敗をして恥をかいたとしても、全力で挑み続ける彼らの姿に勇気をもらうことだろう。 （modelpress編集部） ◆M!LK（佐野勇斗 塩崎太智※「崎」は正式には「たつさき」 曽野舜太 山中柔太朗 吉田仁人）コメント Q.10月5日（月）・10月27日（火）に冠番組の放送が決定しました。今のお気持ちをお教えください。 佐野：日本テレビで初めての冠番組ということで、驚きも大きいですし、うれしさも大きいです。この特番をしっかりと多くの方に見ていただいて、レギュラー化できるように頑張っていきたいなと野心をいだいております！ 吉田：あんまりそこまで言う人いないのよ！（笑）会議室でする話だから！ 山中：心にしまっておくんだよ！（笑） 佐野：冠番組、レギュラー化したいです！！ 吉田：実際「頑張るぞ！」と思ってスタジオに入っていろいろやらせてもらったんですけど、いつも通りの楽しい、M!LKの5人らしい感じでできたので、すごく楽しかったです！ Q.10月5日（月）放送「M!LKに言ってみ？」の見どころをお教えください。 山中：今回、メンバーそれぞれロケに行ったんですけど、いろんな感情がわき上がるおもしろい映像が出来上がっていて、みんなでそれを見て、正直結構笑いましたね。 一同：おもしろかったね！ 吉田：結構自分でハードル上げるんだね！（笑） 山中：おもしろかったもん！（笑）自分のロケは分からないけど、他のメンバーのロケを見ていて、おもしろいと思ったので、ぜひチェックしてほしいなと思います！ 佐野：まさかっていうこともあって、「大体こういう展開だろうな」という展開ではありません！（笑） 吉田：そのトラブルはあっちゃいかんかったなー（笑） 塩崎：びっくりしちゃったね！ Q.番組名の「M!LKに言ってみ？」にちなんで、メンバーに言ってみたいこと・相談したいことをお教えください。 一同：なにかある？？ 曽野：あ！みんなってさ、ベッドのサイズ何？？ 一同：（笑） 吉田：ちなみに何なんですか？ 曽野：ダブルなのよ！とにかくデカくしたい気持ちもあって。デカいベッドの人がいたら、どうなのか聞きたいなって！ 山中：俺はダブル以上だよ。 曽野：どうどう？寝やすい？ 山中：俺はよく転がるからね！ 吉田：寝返りっていうんだよ、それを！（笑） 山中：よく転がったりするから、広めがいいなと思って！ 吉田：おい、これカメラ前でやることじゃないぞ！（笑） 吉田：でも、僕ら結構本当にラフに、「いやでもさ、どうするかね？来年」みたいな感じでしゃべるんですよ。だから、結構メンバー間で悩みは共有しています。 Q.10月27日（火）放送「ザッツ M!LK」では、「日本国民の代わりにM!LKが本気で“恥”をかく！」ということで、様々企画に挑戦していただきますが、それにちなみ、最近少し恥ずかしかったことやエピソードがあればお教えください。 塩崎：最近番宣で、いろんなバラエティ番組に行かせてもらう機会が増えているんだけど、告知で読むカンペって結構長いじゃない？あれ1回で言えないんだよね…。やっぱり共演者の方々がみんな待っている中、かむと、「あ、すみません！」って、気になっちゃって言えなくなっちゃうの！（笑）かんじゃうのよ！ 曽野：それは恥ずかしい！ 塩崎：ちょっと恥ずかしいね！ 吉田：わかる！他の方をお待たせしているみたいな感じになった瞬間に、何もできなくなるよな！ 塩崎：そう！そうなのよ！みんなは何かありますか？ 山中：街中でロケとかしたら、ありがたいことに、子どもの方とかに、「わー！」って言ってもらうことが結構あるよね。 一同：最近ね、ありがたいことに。 山中：それで、ちょっと年上の女性の方に「うわー！」って言ってもらって、（手を振り）返したら、全然違う共演者の方へだった。 一同：それあるね！恥ずかしいね！ 山中：こう（手を）下げたよね（笑） Q.改めて放送に向けての意気込みや、放送を楽しみにされている視聴者の方にメッセージをお願いいたします。 佐野：M!LK、頑張ってみんなを楽しませますので、ぜひみんなも頑張って楽しんでください！ 一同：楽しむのに頑張らなくていい！（笑） 佐野：楽しむ気持ちで、見てください！ 一同：よろしくお願いします！ 【Not Sponsored 記事】 modelpress,[],[]
元AKB阿部マリア、結婚＆妊娠を発表 お相手は一般の方「新しい命を授かっております」（モデルプレス）,https://news.yahoo.co.jp/articles/e5c0b537506cb78fe6afc3470ae21cdebf9d263e,https://newsatcl-pctr.c.yimg.jp/t/amd-img/20260926-04849933-mdpr-000-2-view.jpg?exp=10800,2026-09-26T11:49:52+09:00,2026-09-26T11:51:28+09:00,モデルプレス,mdpr,モデルプレス,705,阿部マリアInstagramより 【モデルプレス＝2026/09/26】元AKB48の阿部マリアが9月26日、自身のInstagramを更新。結婚と妊娠を同時に発表した。 【写真】元AKBメンバー、結婚＆妊娠発表文 ◆元AKB阿部マリア、結婚＆妊娠を発表 阿部は自身のアカウントで「私事ではございますが、この度、かねてよりお付き合いさせていただいている一般の方と、結婚する運びとなりました」と報告。続けて「また、新しい命を授かっておりますことも、併せてご報告させていただきます」と、妊娠も発表した。 「今後も体調と相談しながらにはなりますが、感謝の気持ちを忘れず、誰かに幸せを届けられるよう、これからもお仕事を続けさせていただきたいと思っております」と今後の活動についても説明。最後に「いつも応援してくださっている皆様、そして日頃より支えてくださっている関係者の皆様に、心より感謝申し上げます」と感謝を伝えた。 ◆阿部マリアプロフィール 2010年にAKB48の第10期生としてデビュー。「真夏のSounds good！」「永遠プレッシャー」「さよならクロール」などで選抜メンバーとして活動した。2017年にはAKB48 Team TPへの移籍・加入が発表され、2019年10月にグループを卒業。女優としては、テレビ東京系ドラマ「マジすか学園2」（2011年）、「マジすか学園3」（2012年）、日本テレビ系ドラマ「So Long！」（2013年）などに出演した。現在は台湾を拠点に、「阿部瑪利亞」の名義で活動している。（modelpress編集部） 【Not Sponsored 記事】 modelpress,[],[]
WEST.中間淳太、生放送でグループ活動終了に言及「正直不安な気持ちもあります」率直な思い明かす（モデルプレス）,https://news.yahoo.co.jp/articles/605b4794b2ffcf04f718d514bf5aa53b48fe8384,https://newsatcl-pctr.c.yimg.jp/t/amd-img/20260926-04849932-mdpr-000-3-view.jpg?exp=10800,2026-09-26T11:09:13+09:00,2026-09-26T11:16:54+09:00,モデルプレス,mdpr,モデルプレス,770,【モデルプレス＝2026/09/26】WEST.の中間淳太が9月26日、ABCテレビ「教えて！ニュースライブ 正義のミカタ」（毎週土曜あさ9時30分～）に生出演。グループが活動終了することについて、自らの口から言及した。 【写真】WEST.メンバー、左手薬指に“指輪”新郎姿で登場 ◆WEST.中間淳太、生放送でグループ活動終了に言及 番組冒頭、中間は「私事ですけどもお時間いただきます」と切り出し、「私も所属しておりますWEST.というグループなんですけども、9月30日をもちまして、一度畳むことになりました」と報告。続けて「まずはお騒がせしてしまったこと、そしてファンの皆様に心配、そして不安な気持ち、悲しい気持ちにさせてしまったこと、関係者の皆様には迷惑をおかけしてしまったことを、改めてお詫びします。本当に申し訳ございませんでした」と頭を下げて謝罪した。 さらに自身の心境について「グループというものがなくなることに関してはやっぱり寂しい気持ちでいっぱいですし、まあ正直不安な気持ちもありますが」と率直な思いを明かしつつも、「今後も中間淳太個人として、活動を続けますので、その姿を見守っていただけますと幸いです。今後ともよろしくお願いします」とコメント。「これからも活動は続けていきますし、僕が前を向いていないとファンの皆さんも悲しいままなので頑張ります」と最後は笑顔を見せ、前を向く姿勢を示した。 ◆WEST.、グループ活動終了 WEST.は8月30日、藤井流星と小瀧望のグループ脱退を発表。今後のグループ活動については協議を続けているとしていた。9月24日には、9月30日をもってグループ活動を終了することを報告した。（modelpress編集部） 情報：ABCテレビ 【Not Sponsored 記事】 modelpress,[],[]
キンプリ高橋海人、イタリア・ミラノで「エトロ」ショー出席 グローバルブランドアンバサダーとして存在感（モデルプレス）,https://news.yahoo.co.jp/articles/9de2e285aad1c5eea14ab1fb7eb04b5732944964,https://newsatcl-pctr.c.yimg.jp/t/amd-img/20260926-04849931-mdpr-000-1-view.jpg?exp=10800,2026-09-26T10:58:58+09:00,2026-09-26T10:58:58+09:00,モデルプレス,mdpr,モデルプレス,629,高橋海人（提供写真） 【モデルプレス＝2026/09/26】King ＆ Princeの高橋海人（※「高」は正式には「はしごだか」）が、9月23日（水）午後7時（現地時間）イタリア・ミラノにて開催されたエトロ2027春夏ウィメンズコレクションのファッションショーに出席した。 【写真】キンプリ高橋、ミラノでの洗練されたスタイル ◆高橋海人「エトロ」ファッションショーに出席 グローバルブランドアンバサダーの高橋は、エトロ2026／2027秋冬メンズコレクションより、エレガントなペイズリーモチーフを全面にあしらったジャカード素材のローブコートに、シグネチャーであるアルニカペイズリーを再解釈したコットンサテンのシャツ、ひそやかなペイズリーが覗く艶やかなベルベットのパンツをセレクト。シルクのピークドラペルが放つ上品な光、ネクタイから着想を得たライニングが豊かな表情を演出する。多彩なテキスタイルとペイズリーモチーフで魅せるスタイルは、アイコニックなメタルアクセサリーをアクセントに、ラウンジウェアのリラックスムードと洗練されたエレガンスが共存し、エトロの旅する精神を体現している。 ブランドのヘリテージを感じさせるコーディネートを纏った高橋は、高揚感にあふれるショー会場でその存在感を放ち、世界各国から集まったセレブリティとともに、新たなコレクションの発表を祝福した。（modelpress編集部） 【Not Sponsored 記事】 modelpress,[],[]
WEST.濱田崇裕、グループ活動終了発表後初「旅サラダ」生出演 発表には言及なし（モデルプレス）,https://news.yahoo.co.jp/articles/62829846d7a8bb6c5951b1bd0c9a4d9de938ac12,https://newsatcl-pctr.c.yimg.jp/t/amd-img/20260926-04849875-mdpr-000-1-view.jpg?exp=10800,2026-09-26T10:05:58+09:00,2026-09-26T10:05:58+09:00,モデルプレス,mdpr,モデルプレス,443,【モデルプレス＝2026/09/26】WEST.の濱田崇裕（※「濱」は正式には異体字）が9月26日、ABCテレビ・テレビ朝日系「朝だ！生です旅サラダ」（毎週土曜あさ8時～）に生出演。同月30日をもってグループとしての活動を終了すると発表してから初めての出演となった。 【写真】WEST.メンバー、左手薬指に“指輪”新郎姿で登場 ◆WEST.濵田崇裕、生放送に出演 グループ活動を終了すると発表してから初の出演となったこの日、濵田は中継先の鹿児島県から同番組に登場し、オリーブを紹介。なお、グループに関する一連の発表については言及しなかった。 ◆WEST.、グループ活動終了 WEST.は8月30日、藤井流星と小瀧望のグループ脱退を発表。今後のグループ活動については協議を続けているとしていた。9月24日には、9月30日をもってグループ活動を終了することを報告した。（modelpress編集部） 情報：ABCテレビ・テレビ朝日 【Not Sponsored 記事】 modelpress,[],[]
Netflix「ダウンタイム」あなたは全員見つけられた？豪華キャスト＆カメオ出演陣一挙解禁（モデルプレス）,https://news.yahoo.co.jp/articles/c2291986709e916268b97559dc0e6d5296a8cc44,https://newsatcl-pctr.c.yimg.jp/t/amd-img/20260926-04849492-mdpr-000-2-view.jpg?exp=10800,2026-09-26T10:00:02+09:00,2026-09-26T10:46:31+09:00,モデルプレス,mdpr,モデルプレス,1599,影山優佳／Netflixシリーズ「ダウンタイム」独占配信中 【モデルプレス＝2026/09/26】Netflixシリーズ「ダウンタイム」が世界独占配信中。“物語を彩る豪華キャスト＆カメオ出演陣”が解禁された。 【写真】Netflix「ダウンタイム」豪華なカメオ出演者 ◆「ダウンタイム」全員見つけられた？豪華キャスト＆カメオ出演陣一挙解禁 9月17日（木）に配信がスタートした本作は、配信発表の日本におけるNetflix週間TOP10(シリーズ）で1位を獲得。さらに、週間グローバルTOP10（非英語シリーズ）でも5位にもランクインし、大ヒットスタートを切った。劇中では、松岡茉優演じる天才形成外科医・沼田文と、仲里依紗演じるカリスマ美容外科医・遠山凜を中心に、美容整形の光と闇、そして“美”に揺さぶられる人間の切実な欲望や葛藤が生々しく描かれ、キャスト陣の迫真の演技とともに大きな反響を呼んでいる。 そんな話題作を彩るのが、物語の随所に登場する多彩なキャスト陣。実力派俳優から意外なカメオ出演まで、豪華な顔ぶれが集結。今回カメオ出演が明らかになったのは、ジャンルを越えて活躍する個性豊かな面々。美容・インフルエンサー界からは、Matt、GYUTAE、矢神サラ、スポーツ界からは格闘家の武尊、お笑い界からはきつね、バッテリィズ、さらに元AKB48で俳優・タレントとして活躍する兒玉遥。 さらに、本編で鮮烈な印象を残すのが、元日向坂46で俳優としても活躍の幅を広げる影山優佳、声優の小倉唯、お笑い界から参加した青木さやかとCRAZY COCO。それぞれが個性を生かした演技で、物語に強烈なアクセントを加えている。加えて、人気メインダンサー＆バックボーカルグループ・超特急のカイ（小笠原海）の出演も大きな話題を呼んでいる。 あわせて、彼らの登場シーンのヒントとなる新たな場面写真7点も解禁された。SNSでも反響を呼んでいる話題のボトックスパーティーのシーンから、「遠山美容外科クリニック」での日常の一コマまで、豪華キャストたちが作品の世界に見事に溶け込んでいる。 ◆松岡茉優主演「ダウンタイム」 「全裸監督」ではアダルトビデオ業界、「地面師たち」では地面師詐欺と不動産業界と、知られざる世界の裏側にスポットライトを当ててきたNetflixが新たなテーマに選んだのは、美容整形業界。近年の日本においては「美の多様性」が善、「ルッキズム（外見至上主義）」は悪という価値観が広く語られるようになった。だがその一方で、「美しくなりたい」「自分を変えたい」と、顔や体にメスを入れる美容整形ブームは加速している。本作は、そんな美容整形業界に焦点を当て、“美”を追い求める人々の希望や葛藤、そしてその裏側に潜む光と闇をリアルに描き出すオリジナルドラマだ。 主人公の天才形成外科医・沼田文（ぬまた・ふみ）を演じるのは、『蜜蜂と遠雷』『勝手にふるえてろ』『万引き家族』など、実力派として信頼を集める存在の松岡。そして、そんな文と対立するカリスマ美容外科医・遠山凜（とおやま・りん）を演じるのが、俳優業に加えファッションアイコンやYouTuberとしても活躍、インフルエンサーとしても絶大な支持を集める仲。「美」と「医療」をめぐって異なる価値観を持つ2人は、それぞれの信念をぶつけ合い、激しく対立していく。 タイトルにもなっている「ダウンタイム」とは、施術後の腫れや内出血などの症状が、自然な状態に落ち着くまでの回復期間のこと。本作ではその時間を「サナギが蝶になるまでの大事な時間」とし、物語を貫く重要なモチーフとして描いている。美容整形の世界に蠢く人々が、見る人の価値観を揺り動かす、濃密で刺激的なヒューマンサスペンスが誕生した。（modelpress編集部） 【Not Sponsored 記事】 modelpress,[],[]
横浜流星・小栗旬・上白石萌音・向井康二・宮下今日子・富栄ドラム、3ドラマの出演者が「オールスター感謝祭’26秋」に豪華集結（モデルプレス）,https://news.yahoo.co.jp/articles/76c42eae9e6e78e87d336da237b0533241374ca4,https://newsatcl-pctr.c.yimg.jp/t/amd-img/20260926-04849751-mdpr-000-1-view.jpg?exp=10800,2026-09-26T10:00:02+09:00,2026-09-26T10:00:02+09:00,モデルプレス,mdpr,モデルプレス,524,（上段左から）横浜流星、小栗旬、上白石萌音・向井康二（下段左から）宮下今日子・富栄ドラム（C）TBS 【モデルプレス＝2026/09/26】TBSでは、10月10日（土）午後5時40分から今田耕司と島崎和歌子がMCを務める『オールスター感謝祭’26秋 放送70回記念ＳＰ』を生放送。記念回を盛り上げるべく、豪華俳優陣＆人気芸能人が集結する。 【写真】スノ向井康二「絵になりすぎる」肉体のぞくタンクトップ姿 ◆「オールスター感謝祭」豪華芸能人集結 このたび、10月スタートの金曜ドラマ『LOST10』から横浜流星・小栗旬、火曜ドラマ『いろはの恋は時代（とき）をかける』から上白石萌音・向井康二、さらに2クール目に突入する日曜劇場『VIVANT』から宮下今日子・富栄ドラムの出演が決定した。さまざまな企画に挑む、『感謝祭』だけの俳優陣の貴重なコラボを見ることができる。 ◆「オールスター感謝祭」視聴者参加型クイズバトルも開催 さらに今回も、抽選で豪華賞品が当たる視聴者参加型の“dボタン生クイズバトル”を開催。前回同様、スマホから出演者と同じクイズに参加可能だ。（modelpress編集部） 【Not Sponsored 記事】 modelpress,[],[]
【ブラッサム 初回あらすじ】“激動の明治・大正・昭和駆け抜けた小説家の物語”開幕（モデルプレス）,https://news.yahoo.co.jp/articles/805eee7a8c05c148ab87e43f2f9b40377943a6de,https://newsatcl-pctr.c.yimg.jp/t/amd-img/20260926-04846809-mdpr-000-1-view.jpg?exp=10800,2026-09-26T08:15:01+09:00,2026-09-26T08:15:01+09:00,モデルプレス,mdpr,モデルプレス,600,村上蘭「ブラッサム」第1話（C）NHK 【モデルプレス＝2026/09/26】女優の石橋静河が主演を務める連続テレビ小説「ブラッサム」（NHK総合・毎週月～土あさ8時～ほか）の第1話が、9月28日放送される。 【写真】「ブラッサム」珠（村上蘭）＆リョウ（国仲涼子）仲睦まじい親子の姿 ◆石橋静河主演「ブラッサム」 第115作の連続テレビ小説は、明治、大正、昭和を駆け抜け自由を求め続けた作家・宇野千代をモデルとした物語。好奇心旺盛で即行動する、パワフルでチャーミングな小説家・葉野珠（はの・たま）が、小説を書きたいという幼き日の夢を諦めず、故郷の山口・岩国を飛び出し魅力的な人々との出会いによって、夢を手繰り寄せ、大正・昭和の激動の時代へと突き進んでいく。 ◆「ブラッサム」第1話／9月28日（月）放送 昭和57年、葉野珠（加賀まりこ）は青山の書斎で新聞連載「生きて行く私」を執筆する。側には秘書の藤川優子（松たか子）が寄り添う。 そして時代は変わり、明治41年の山口県岩国。葉野家の四人兄弟の長女である葉野珠（村上蘭）は、しつけに厳しい父・清治（渡部篤郎）と、継母・リョウ（国仲涼子）と暮らしている。 珠は優しい母が大好きだが、血のつながらない自分をどうしてそんなに愛してくれるのか、少し不安に感じていた。 （modelpress編集部） 【Not Sponsored 記事】 modelpress,[],[]
ソ・ガンジュン×アン・ウンジン、“10年愛”に訪れた別の恋 結婚か別れか…大人のリアル恋愛に沼る【あなたとは違う恋愛】（モデルプレス）,https://news.yahoo.co.jp/articles/e1f2532cdd938cdb7bed6e571174dcf65248ffcd,https://newsatcl-pctr.c.yimg.jp/t/amd-img/20260926-04845709-mdpr-000-1-view.jpg?exp=10800,2026-09-26T08:00:05+09:00,2026-09-26T08:00:05+09:00,モデルプレス,mdpr,モデルプレス,1555,ソ・ガンジュン、アン・ウンジン「あなたとは違う恋愛」（C）Prime Video 【モデルプレス＝2026/09/26】俳優のソ・ガンジュンとアン・ウンジンが主演を務めるPrime Originalドラマ『あなたとは違う恋愛』が、9月12日よりPrime Videoで独占配信を開始（全14話／毎週土・日曜日に新エピソード配信）。交際10年、結婚を自然な次の一歩と考える彼と、仕事の壁にぶつかる中で別の男性に心を揺らす彼女。愛しているだけでは決められない“大人の選択”を繊細に描く本作の魅力を紹介する。 【写真】韓国人気俳優＆美人女優がバックハグ ◆交際10年、“結婚か別の愛か”揺れる大人のロマンス ナムグン・ホ（ガンジュン）とイ・ミド（ウンジン）は、人生の転機を支え合ってきた交際10年目のカップル。かつての燃え上がるような情熱は、隣にいることが当たり前の穏やかな信頼へと姿を変えていた。 フンミン・スナックでアシスタントマネージャーとして働くホは、人当たりがよく、出会って数分で相手の心をつかむ社交的な人物。ミドとの絆を信じ、結婚こそが2人の自然な次のステップだと考えている。一方、かつて将来を嘱望された映画監督のミドは、キャリアの低迷期に直面。先の見えない苦しさの中で、それまでまったく興味を持っていなかった男性に次第に心を揺さぶられていく。 このまま結婚へ進むのか、それとも互いではない“別の愛”を選ぶのか。長く一緒にいるからこそ簡単には手放せない思いと、長く一緒にいたからこそ見過ごしてきた違和感が交錯する。善悪だけでは割り切れない感情を突きつける、リアルな大人のロマンスである。 ◆ソ・ガンジュンの“10年目のリアル彼氏感”がメロい 圧倒的ケミストリー 最大のポイントは、ガンジュンとウンジンが紡ぐ“10年分の空気感”だ。社交的で、揺るぎない信頼をミドに寄せるホと、仕事への情熱と新たな感情の間で戸惑うミド。言葉にしなくても分かり合える親密さがある一方、分かっているつもりだからこそ本音を見失っていく。2人の間に漂う安心感と危うさのギャップが、観る者を一気に引き込む。 配信が開始され、特に注目を集めているのが、ガンジュンの“10年付き合った”リアルな空気感を纏った恋人像である。ミドのちょっとした変化にも気を配り、彼女の家族とも気兼ねなく接するホ。長期交際ならではの気楽さと居心地のよさをにじませる姿が「メロい」と話題を呼んでいる。穏やかな日常に漂う安心感から、関係が揺らぎ始めた瞬間の不安や切なさまでを繊細に表現するガンジュンの演技にも注目だ。 そこへ現れるのが、野心的な弁護士ハン・テスン（イ・ジュアン）である。孤児として育ち、自らの頭脳だけを頼りに生きてきたテスンも、自分の人生に疑問を抱き始めたタイミングでミドと出会う。予想外の言動で自分を翻弄するミドに対し、認めまいとしていた感情を抱き始めるテスン。一方のミドも、これまで経験したことのない心の揺れに戸惑っていく。恋の行方だけにとどまらず、「安定は愛なのか」「ときめきは人生を変える理由になるのか」という答えのない問いまで迫ってくる点が、本作の強さだ。 監督は『婚礼大捷＜こんれいたいしょう＞－愛結ぶ二人－』などのファン・スンギ、イ・ガラム、脚本は『恋するダイアリー』のユ・スジが担当。結婚、仕事、ときめき、自分らしい人生――多くの人にとって身近な迷いを、全14話にわたって丁寧にすくい上げる。好きな人と長く一緒にいることは、幸せの完成なのか。それとも新たな選択の始まりなのか。10年愛の先で彼らが選び取る未来と、心が動く瞬間を見届けてほしい。（modelpress編集部） 【Not Sponsored 記事】 modelpress,[],[]
Hey! Say! JUMP、新曲「再会愛 Lie 期待して Cry」が「はだかんぼうたち」挿入歌に決定（モデルプレス）,https://news.yahoo.co.jp/articles/292539e59047877bb5c7df065d01eb1c43fb9348,https://newsatcl-pctr.c.yimg.jp/t/amd-img/20260926-04849531-mdpr-000-1-view.jpg?exp=10800,2026-09-26T07:00:03+09:00,2026-09-26T07:00:03+09:00,モデルプレス,mdpr,モデルプレス,654,Hey! Say! JUMP（提供写真） 【モデルプレス＝2026/09/26】Hey! Say! JUMPの新曲「再会愛 Lie 期待して Cry」が、テレビ朝日系オシドラサタデー『はだかんぼうたち』（10月3日スタート／毎週土曜よる11：00～）の挿入歌に決定した。 【写真】JUMP山田 ソロアジアツアーに連れて行く「めちゃめちゃ可愛い子」 ◆Hey! Say! JUMP新曲「はだかんぼうたち」挿入歌に決定 本作の挿入歌として書き下ろされた新曲「再会愛 Lie 期待して Cry」は、現代的なJ-POPを土台に大人な雰囲気が漂うシティポップサウンドと情緒を取り入れ、Hey! Say! JUMPが得意とする“歌謡のメロディーと洗練されたリズム・ダンス”が前面に押し出された楽曲。美しくも危険な大人の三角関係を描いたストーリーを、より一層盛り上げる。 本作には、石羽拓役としてHey! Say! JUMPの高木雄也（※「高」は正式には「はしごだか」）が出演。運命に翻弄されながらも婚約者への愛を一途に貫き続ける男を、大人の魅力たっぷりに演じる。 ◆Hey! Say! JUMP新曲「はだかんぼうたち」初回放送で初解禁 「再会愛 Lie 期待して Cry」は、11月11日（水）発売のニューアルバム「Juliet」に収録（全形態共通収録曲）。初回放送内にて「再会愛 Lie 期待して Cry」の音源が初解禁される。（modelpress編集部） 【Not Sponsored 記事】 modelpress,[],[]
