headline,mainEntityOfPage,image,datePublished,dateModified,author,media_en,media_jp,str_count,body,images,external_links
【ソフトバンク】小久保監督が語った〝楽な展開〟の難しさ　最後は周東佑京が「救いましたね」（東スポWEB）,https://news.yahoo.co.jp/articles/67e79400e8651ad7fc93e25059e27b2141b61b89,https://newsatcl-pctr.c.yimg.jp/t/amd-img/20260707-00394989-tospoweb-000-1-view.jpg?exp=10800,2026-07-07T23:55:24+09:00,2026-07-07T23:55:24+09:00,東スポWEB,tospoweb,東スポWEB,477,好守で試合を終わらせた周東佑京 ソフトバンクは7日のオリックス戦（京セラ）に6―3で逆転勝ちを収めた。先発の上沢が6回5安打2失点の粘投で今季5勝目。7回には柳田に自身初となる代打本塁打が飛び出した。 試合後、小久保監督は背番号9の一発を「大きかったですね」と称えた上で、こう語った。「でも1点差で準備していた投手があそこで3ランが出るとホッとするわけじゃないだろうけど、難しくなりますよね。勝ちきることが大事なので」。点差が広がった7回以降、オスナ―松本裕―杉山と勝ちパターンを投入しながら、全員が2人以上の走者を背負った。一見、楽になったと思える試合展開でも、投手にとっては難しいケースもある。救援陣をおもんぱかった言葉だった。 最終回は簡単に二死を取り三ゴロでゲームセットかと思われたが、これを野村が悪送球。結果的に二死満塁となり、最後は左中間に飛んだ打球を周東が好捕して試合を締めた。小久保監督は「（周東）佑京が救いましたね」と、さすがの中堅守備に賛辞を送った。 大事なカード初戦をものにしたホークス。3カード連続の勝ち越しを狙う。 東スポWEB,[],[]
佐藤二朗　フジテレビに決別宣言「残念です」「関わりたくない」文春続報の動きも（東スポWEB）,https://news.yahoo.co.jp/articles/f20981022a739d8b3959ce7edfd070dd7553c9e9,https://newsatcl-pctr.c.yimg.jp/t/amd-img/20260707-00394988-tospoweb-000-1-view.jpg?exp=10800,2026-07-07T23:55:24+09:00,2026-07-07T23:55:24+09:00,東スポWEB,tospoweb,東スポWEB,934,佐藤二朗 俳優の佐藤二朗（57）が7日、自身のXでフジテレビに決別宣言した。 佐藤は週刊文春でフジテレビ系「夫婦別姓刑事」（6月23日最終回）で共演した女優・橋本愛（30）との間でハラスメント疑惑が報じられている。 【写真】佐藤二朗 怒りのフジテレビ決別ポスト この日、フジテレビは経緯を説明する声明を発表。橋本側から身体接触に関して申し入れされた佐藤が計2度、橋本の楽屋に〝乱入〟。そこで女優キャリアを否定する発言をし、フジが厳重注意したことなどが明かされた。 これに佐藤は「フジテレビは、なぜ、そこまで片方だけに寄り添うんでしょうか。残念です」と投稿。続けて、出演した映画「踊る大捜査線 N．E．W． メトロポリスを駆け抜けろ！」（9月18日公開予定）の本広克行監督の名前を挙げ「ごめん本広さん。『踊る』関係者の皆様、本当にすみません。映画本編も、僕のところは全てカットしてほしい」と異例の要望をした。佐藤は「踊る」のスピンオフドラマにも登場予定だったが、騒動を受け、出演が白紙になったとされる。 佐藤は「フジの局員にも関わらず、僕に激励のメールくれたみんな、ごめん」と詫び、最後は「僕は心から、もうフジとは関わりたくないです」と決別宣言まで飛び出した。 佐藤は1日にXで「さすがに、さすがにもうこれ以上は我慢できません」と切り出し「僕は撮影中、何度も『もう我慢の限界だから、このドラマを降板させてほしい。そして全ての事実を公にするべき』と訴えました。もっと早く決断するべきでした。数々の『ほんとうのこと』が、明らかになる日が来ることを、切に祈ります」とポスト。 3日にも「勿論、偏った記事とは思ってましたが、ここまでとは。ステレオタイプの『か弱い若い女性』と『典型的な昭和のパワハラオヤジ』を完全に創作してる。最大級の『注意』や『警戒』が必要と痛感していた僕が、そんな態度を取れる訳がない。自分の身を守る為にも。嘘はやめて下さい」と、まるで〝真相は別にある〟と言わんばかりの投稿をしている。 この日はフジの声明に加え、週刊文春の次号で続報が掲載されることが判明した。 フジに決別を通告するほどの佐藤の怒り。それが明らかになる日はやって来るのか――。 東スポWEB,[],[]
【巨人】坂本勇人　阪神・高橋から執念の逆転打「こっちから仕掛けるぐらいの気持ちで…」（東スポWEB）,https://news.yahoo.co.jp/articles/3830e0a44d12b4ae332265bd8c3540e15aba6ed0,https://newsatcl-pctr.c.yimg.jp/t/amd-img/20260707-00394986-tospoweb-000-1-view.jpg?exp=10800,2026-07-07T23:45:29+09:00,2026-07-07T23:45:29+09:00,東スポWEB,tospoweb,東スポWEB,472,試合後も笑顔だった巨人・坂本勇人 巨人・坂本勇人内野手（37）が、7日の阪神戦（東京ドーム）で1―3の7回に代打として登場。走者一掃となる逆転適時二塁打を放った。 【動画】ドーム沸騰！巨人・坂本勇人の走者一掃＆逆転ツーベース ベテランの意地を見せつけた。坂本は2点を追う7回二死満塁で代打で途中出場すると、相手先発・高橋の初球142キロのツーシームを振り抜いた。打球は左中間を破り、3点適時二塁打に。逆転に成功した坂本は、二塁ベース上で満面の笑みを浮かべた。 お立ち台では「本当にもう執念で」と語りつつ「積極的に行かないとね。いいピッチャーなんで。先にこっちから仕掛けるぐらいの気持ちでいきました」と逆転の場面を振り返った。 「勝たしてくれないチームだなって思いながらベンチでも見てましたし、ああいうワンチャンスをなんとかチームとしてものにしないと、勝てないチームだと思うので。（カード）頭を取れたっていうのは、ほんとにすごい大きいなと思います」と坂本。8、9日も続く首位攻防戦でもチームの勝利に貢献する一打を放つことはできるか。 東スポWEB,[],[]
【大村ボート・ミッドナイト】村田修次　修正必要も悲観の色なし「エンジンの性能は十分に引き出せていると思う」（東スポWEB）,https://news.yahoo.co.jp/articles/baafe2707cf1b14e2fc5dc0f7a2645c490df8d39,https://newsatcl-pctr.c.yimg.jp/t/amd-img/20260707-00394987-tospoweb-000-1-view.jpg?exp=10800,2026-07-07T23:45:29+09:00,2026-07-07T23:45:29+09:00,東スポWEB,tospoweb,東スポWEB,374,村田修次 ボートレース大村の「ミッドナイトボートレースin大村 4」は7日、予選最終日となる3日目の開催が行われた。 村田修次（52＝東京）は前半5R、3コースから握って回り2着。後半9R、5コースからまくり差しを狙うも不発の5着。予選5走3、2、1、2、5着とし10位で準優に進んだ。 レース後は「暖かくなって乗りづらさが出ましたね。乗りづらいと早く握れないからね」と初日の整備で一変させた40号機だが修正は必要だ。 ただ「エース機って感じではないけど、このエンジンの性能は十分に引き出せていると思う。それに、僕にはバイオ（燃料）の調整が合っているかも。調整が合えば普段こない伸びまできている」と笑みを見せ、新燃料を苦にしていない。 GI・2回優勝している実力者が、しっかり調整を合わせて3月若松以来となる今年2回目の優出を目指す。 東スポWEB,[],[]
長谷川豊氏　佐藤二朗と橋本愛の騒動…責任の所在を〝断定〟「フジ制作陣も被害者に近い」（東スポWEB）,https://news.yahoo.co.jp/articles/6c64f638f1ddfb1bf8602d7733153f26835296e9,https://newsatcl-pctr.c.yimg.jp/t/amd-img/20260707-00394985-tospoweb-000-3-view.jpg?exp=10800,2026-07-07T23:25:23+09:00,2026-07-08T00:20:26+09:00,東スポWEB,tospoweb,東スポWEB,1409,フジテレビＯＢの長谷川豊 元フジテレビアナウンサーの長谷川豊氏が7日、自身のX（旧ツイッター）を更新し、俳優の佐藤二朗と女優・橋本愛のハラスメントトラブルに関してフジが出した声明に言及した。 【写真】佐藤二朗 怒りのフジテレビ決別ポスト フジはこの日、同局ドラマ「夫婦別姓刑事」（火曜午後9時、6月23日最終回）でW主演した俳優の佐藤二朗と女優の橋本愛をめぐる一連のトラブルについて声明を発表。これを読んだ長谷川氏は「結論から言うと、橋本愛さんの『事務所が初手で思いきりミスっとる』が答えでした」と結論付けた。 さらに「橋本さんではないです。橋本愛さんの『事務所』です」と補足した上で「なんならそのミスでフジも相当に振り回されています。フジに最終的な現場責任があることは間違いないですが、これを読めばわかる通り、けっこうフジ制作陣も被害者に近い立ち位置です。そして、言うまでもなく佐藤さん、相当にかわいそうな状況でしたね。これは予想通りですが」とつづった。 フジが出した声明には「当社プロデューサーは、女性俳優側に対し、演技上の配慮に関する実項を男性俳優側にも共有すべきか確認したところ、女性俳優の所属事務所からは当社に判断を委ねる旨の回答がありました」との説明があった。 長谷川氏は「もうね、これで全てなんですよ。橋本さんにトラウマがあるんですよね？ で、それが原因で相手側の役者さんに『行動を制限させる』んですよね？ まず、一言挨拶でしょ。まず、フジに間に入ってもらうじゃなくて、そもそもまず自分で一言いいに行かなきゃいけないでしょ。社会人なんだから」と、橋本の所属事務所がフジ側に判断を委ねたことが問題だと指摘した。 続けて「橋本さん、全く悪くないじゃないですか。橋本さんを守るのが事務所の仕事でしょうが。なんでフジ任せなの？ 『フジテレビさんに判断は任せます』ってのが意味不明です。こんなセンシティブな話よ？ フジも『そんなデリケートな話、ベラベラ喋ってもいけないよね』って判断になる可能性が十分にあるわけですよね。そしたら傷つくの橋本さんじゃん。なんで人任せにしてんの？？ で、夫婦役の接触があった時に結局はクレームを入れました、と。で、そのクレームも直接言わずに、フジのP言わせるってどういう話？？？？」と疑問を呈した。 さらに「そんなもん佐藤さんも怒るわ。いや、待て待て待て、と。先に言えよ、と。ちょっと、何が起きてるかわからんから直接聞いてくるわ、と。そうなるに決まってんじゃないですか。そこまで必死に役作りしてきてるんですよ。イメージを何か月も膨らましてきている訳ですよ。橋本さんもそうでしょうに。そんなもん、佐藤さん怒って当然でしょうに。なんかダラダラと被害者ムーブしてますけど、こんなもん誰でも怒るわ」と佐藤の行動に理解を示した。 長谷川氏は続けて「事務所ってね。役者を守るのが仕事なんですよ。特に昔、何かあったんでしょ？ じゃあ、事前にいろいろと根回しもしなきゃいけないし、挨拶回りもしなきゃいけません」とあらためて橋本の所属事務所の対応を批判。「そもそも判断はフジに丸投げ 伝達もフジに丸投げ（普通、一緒に行くでしょ）で、橋本さんが泣いたら『佐藤さんにパワハラされました』ですか。橋本さんの事務所スタッフさん、もうちょっと社会人経験を積んだ方がいい気がするけどなぁ…」と記した。 東スポWEB,[],[]
【巨人】杉内コーチ　左太もも裏を痛めた戸郷翔征についてポツリ「たぶん無理でしょうね」（東スポWEB）,https://news.yahoo.co.jp/articles/f40a969b067d6a87193824713927135212246e97,https://newsatcl-pctr.c.yimg.jp/t/amd-img/20260707-00394984-tospoweb-000-1-view.jpg?exp=10800,2026-07-07T23:15:31+09:00,2026-07-07T23:15:31+09:00,東スポWEB,tospoweb,東スポWEB,440,アクシデントの後に下を向く戸郷 巨人の杉内俊哉投手チーフコーチ（45）が、7日の阪神戦（東京ドーム）で先発するも、5回の攻撃時にアクシデントに見舞われた戸郷翔征投手（26）について言及した。 5勝目を目指し、マウンドに上がった戸郷は5回まで無失点に抑える好投を披露。しかし5回の攻撃の際に、一塁ベースを駆け抜けると、左脚の太ももを抑え、顔をしかめた。 ベンチ裏へと引き下がった右腕は、無念の降板。6回からは2番手・船迫が登板した。 戸郷の今後については翌8日の検査結果を見て、判断する予定だというが、杉内投手チーフコーチは「検査してみないとってところはありますけど、たぶん無理でしょうね」とポツリ。その上で「状態はずっと良いだけに、抜けられるのはすごく困る。最悪のことを考えながら、やっていかないといけない」と困惑した顔を浮かべつつ、今後について語った。 〝巨人のエース〟として復調の兆しを見せていただけに頭が痛いことは間違いない。背番号20の復帰はいつになるのか。 東スポWEB,[],[]
【巨人】左太もも裏痛め降板の戸郷翔征「初めてのケガなんでちょっとどうしよう」（東スポWEB）,https://news.yahoo.co.jp/articles/7ab30d49660cdb235eced6b082defcea15fb0de4,https://newsatcl-pctr.c.yimg.jp/t/amd-img/20260707-00394983-tospoweb-000-1-view.jpg?exp=10800,2026-07-07T23:15:31+09:00,2026-07-07T23:15:31+09:00,東スポWEB,tospoweb,東スポWEB,478,沈痛な表情を浮かべた戸郷翔征 巨人の戸郷翔征投手（26）が7日の阪神戦（東京ドーム）に先発するも、まさかのアクシデントが発生。試合後には状態について「明日検査に行ってみて、全部わかると思うんで」と語った。 思いがけない事態が発生した。戸郷は5回までノーヒットで、無失点に抑える好投を披露。しかし5回の攻撃で、一塁ベースを駆け抜けた後に左脚に違和感を訴えると、その場に座り込んでしまった。 その後はすぐさまトレーナーと亀井コーチが戸郷のもとに駆け寄り、状態を確認。痛みで顔をゆがめた右腕は、スタッフとともにベンチ裏へと下がった。急きょ6回からは2番手・船迫が登板。戸郷は5回無安打無失点で降板した。 右腕は「一番はいい試合をできていたのに、降りたのは申し訳なかった。チームが勝ってくれてよかったなと思います」と口にしつつ「初めてのケガなんでね、ちょっとどうしようかなと…。ショックですけど、前向いてやっていきたいなと思います」と心境を吐露した。 ケガで無念の降板となった背番号20。翌8日の結果次第では、長期離脱の可能性もあるが、果たして――。 東スポWEB,[],[]
【ＷＷＥ】イヨ・スカイが女子世界王座奪回へ逆襲！　悪のユニット蹴散らしソルの王座防衛アシスト　（東スポWEB）,https://news.yahoo.co.jp/articles/e27c07961f293185836d001272e79f4db9202b2c,https://newsatcl-pctr.c.yimg.jp/t/amd-img/20260707-00394982-tospoweb-000-2-view.jpg?exp=10800,2026-07-07T22:55:24+09:00,2026-07-07T23:50:24+09:00,東スポWEB,tospoweb,東スポWEB,1085,"ソル・ルカ（左上）にエールを送るイヨ・スカイ(©AbemaTV,Inc.） 米国・WWEの〝ジーニアス・オブ・ザ・スカイ〟ことイヨ・スカイが女子世界王座奪回へ、逆襲開始だ。 【写真】イヨに報復され、ぼう然のラケル・ロドリゲス、ロクサーヌ・ぺレス、リブ・モーガン 6・27サウジアラビア大会の「クイーン・オブ・ザ・リング」トーナメント決勝でリブ・モーガンを撃破し初優勝を飾り、PLE「サマースラム」（8月1、2日＝日本時間2、3日、ミネソタ州ミネアポリス）でリブの持つ女子世界王座への挑戦を決めた。だが先週のロウでは、悪のユニット「ザ・ジャッジメント・デイ」を率いるリブに襲撃され、無残にもKOされていた。 6日（日本時間7日）のロウ（イリノイ州シカゴ）では、ジャッジメント・デイのラケル・ロドリゲスが、女子インターコンチネンタル王者の超新星ソル・ルカに挑戦。試合前にリブ、ロクサーヌ・ペレスら仲間から鼓舞されたラケルは、パワー全開で攻めまくる。ソルはミサイルキック、ランニングニーで反撃するが、まずはロクサーヌが現れてエプロンに立ち、レフェリーを引きつける。 この隙にリブもリングサイドに登場。コーナーを駆け上がるソルの足を引っ張り、マットに叩きつけた。ジャッジメント・デイの卑怯な介入にも、ソルは踏ん張り3カウントを許さない。リブとロクサーヌが再びエプロンに立ち、レフェリーに文句を言い始めたところで、イヨのテーマ曲が鳴り響いた。リブは入場口を見ながら迎撃態勢をとるも、イヨは観客席から場外バリケードに飛び乗り、ロクサーヌにクロスボディーを見舞った。 続けて突っ込んできたリブの攻撃をかわし、ソバットをぶち込む。「イヨ！イヨ！」の大チャントを浴びながら、エプロンに立ち、リング内からのラケルの攻撃をスエーバックでしのぐと、そのまま後方回転して場外のリブとロクサーヌにムーンサルトアタックを決めてみせた。離れ業爆発の逸女が得意のポーズでリング内のラケルを惑わすと、ソルの必殺ソルスナッチャーがさく裂する。鮮やかな後方回転式カッターがラケルに決まり、王座防衛に成功した。 かねて才能を認めるソルをアシストしたイヨは、場外からエールを送った。盟友のWWE女子王者リア・リプリーは負傷欠場中で、和解した〝明日の女帝〟アスカは戦線を離脱したが、逸女はひとりでも悪のユニットに立ち向かい、先週KOされた借りを見事に返した。 女子最高峰を決める真夏の決戦まで4週間を切り、女子世界王者と「クイーン」の争いは激化する一方だ。 この日のロウは「ABEMA」にて放送された。 東スポWEB",[],[]
【巨人】橋上監督代行　坂本勇人の逆転打に飛び出した７回は「野球の醍醐味が凝縮したようなイニング」（東スポWEB）,https://news.yahoo.co.jp/articles/5200b628661bd18e99dcdb1bd47c1c411172fee3,https://newsatcl-pctr.c.yimg.jp/t/amd-img/20260707-00394981-tospoweb-000-1-view.jpg?exp=10800,2026-07-07T22:55:24+09:00,2026-07-07T22:55:24+09:00,東スポWEB,tospoweb,東スポWEB,672,７回二死満塁から、代打で走者一掃の逆転打を放った巨人・坂本勇人 巨人が7日の阪神戦（東京ドーム）に4―3で逆転勝利。首位タイで並ぶ阪神との直接対決を制し、単独首位に躍り出た。 劇的な一打が勝利を決めた。3連勝中と絶好調で先発したエース・戸郷は5回まで無安打投球と快投を続けていたものの、5回の打席で内野ゴロを打った際、走塁中に左足を痛めて緊急降板。アクシデントを何とか乗り切りたいところだったが、6回からバトンを託された救援陣が2点を失い逆転を許すと、7回にも1点を失って2点差で終盤戦へ。 それでも7回の攻撃で二死一、二塁から代打・知念が内野安打で満塁の絶好機を演出。続く代打・坂本勇人内野手（37）が走者一掃の3点適時二塁打を放ち、逆転に成功した。8、9回は大勢―マルティネスとなんとか無失点リレーでつないでゲームセットにこぎつけた。 劇的勝利に橋上秀樹監督代行（60）は「いろんな野球の醍醐味が本当に凝縮したようなイニングでしたけれども。それぞれみんな役割をしっかり果たしてくれたんでね、良い逆転、いいゲームになりました」と笑顔を見せ「最後の逆転に関しては、坂本選手というチームにとってのいろんな意味での柱の選手が大きな仕事をしてくれましたので、我々チームにとって大きな励みというような、勢いをつけられるようなことになるかもしれないですね」とベテランの一打を称賛した。 状態が心配される戸郷については「大事じゃなければいいんですけれども。こればっかりは、これからちょっともう1回確認しないといけないですね」と語るにとどめた。 東スポWEB,[],[]
【阪神】藤川監督　痛恨逆転負けで２位転落…初黒星の高橋遥人、打線を責めず「素晴らしかったと思います」（東スポWEB）,https://news.yahoo.co.jp/articles/e3be48944a7e090a46b4df232204c190937eb78d,https://newsatcl-pctr.c.yimg.jp/t/amd-img/20260707-00394980-tospoweb-000-1-view.jpg?exp=10800,2026-07-07T22:50:25+09:00,2026-07-07T22:50:25+09:00,東スポWEB,tospoweb,東スポWEB,694,首位攻防の初戦を落としてしまった阪神・藤川監督(右) 阪神は7日の巨人戦（甲子園）に3―4で逆転負けを喫し、首位と1ゲーム差の2位に陥落。藤川球児監督（45）は「もう大きな一戦一戦になってきますね」と落胆の色を隠せなかった。 1点ビハインドで迎えた9回は、G守護神・マルティネス相手に先頭の前川が四球で出塁。反撃のムードが高まる中、指揮官はすぐさま代走・植田を送り、打席には代打・福島が立った。 しかし、左飛に打ち取られ走者を進められず。続く梅野も右飛に仕留められ、最後は嶋村のバットが空を切った。指揮官は「いろんな可能性がある場面ですからね、はい。明日もありますから」と言葉少なに振り返った。 先発・高橋遥人投手（30）は7回7安打4失点で今季初黒星（10勝）。7回に満塁のピンチを背負うと、代打・坂本の走者一掃の適時二塁打を浴びて逆転を許した。それでも虎将は「十分にやってくれてたと思います」と責めず。続けて「高橋はここまでああいうところでキチッとイニング終わらせてきてくれましたから、また次、同じところで投げてってくれると思います」と次回以降の巻き返しに期待した。 打線は5回までG先発・戸郷の前に無安打と沈黙。それでも6回から代わったリリーフ陣相手に二死一、二塁の好機をつくると、主砲・佐藤の2点適時二塁打で一時勝ち越しに成功した。さらに2―1の7回にも前川が4番手・赤星から3試合連発となる4号ソロを放つなど奮起。火の玉監督も「打線は素晴らしかったと思います」と評価した。 首位攻防戦での接戦を落とした猛虎軍。巨人、ヤクルトと続く6連戦は、痛恨の黒星発進となった。 東スポWEB,[],[]
【住之江ボート】森高一真　今年初優出も機に不満「一発勝負で整備も考えてみる」（東スポWEB）,https://news.yahoo.co.jp/articles/40199d39a3a62ee7ce3c2b841caa3bed385a59ab,https://newsatcl-pctr.c.yimg.jp/t/amd-img/20260707-00394978-tospoweb-000-1-view.jpg?exp=10800,2026-07-07T22:35:23+09:00,2026-07-07T22:35:23+09:00,東スポWEB,tospoweb,東スポWEB,347,「棚ボタ優出」となった森高一真 ボートレース住之江の「第60回しぶき杯競走」は7日、準優勝戦が行われた。 森高一真（48＝香川）は11R、1Mを回って3番手争い。優出は厳しいと思われたが、前を行く市川哲也と渡辺優美がFに散り〝棚ぼた〟の優出となった。 これが今年の初優出だが「そら一般戦を走っとらんもん」。なんと今節は、まるがめ正月レース以来の一般戦なのだ。ただし、G1とSGで培われたテクは一般戦に入ると明らかにレベルが上で「出足がないし、レスポンスも悪いから、その先につながらん」という平凡な機力でも、スピードとコーナーワークだけで勝ち上がった。 「まあ、一発勝負で整備も考えてみるわ」。一般戦とはいえ、この優出を無駄にするつもりはない。筋金入りの勝負師が打つ一手が不気味だ。 東スポWEB,[],[]
【若松ボート・ＧIIIシャボン玉石けん杯】森野正弘　好発進も納得せず「もう少し調整は必要かな」（東スポWEB）,https://news.yahoo.co.jp/articles/c56362db370c974ced9bde345eb3332ee9c967ae,https://newsatcl-pctr.c.yimg.jp/t/amd-img/20260707-00394977-tospoweb-000-1-view.jpg?exp=10800,2026-07-07T22:30:34+09:00,2026-07-07T22:30:34+09:00,東スポWEB,tospoweb,東スポWEB,393,森野正弘 ボートレース若松のGIII「シャボン玉石けん杯」が7日、開幕した。 森野正弘（41＝山口）は4R、3コースからコンマ08のスタートを決め、1M若干外へ流れたインの堤昇をまくり切って勝利、好発進となった。ただ40号機は「1Mは舟の返りとか良かったが、回転を回す方向で行っても周回を重ねるごとに重さが出てきた。先頭を走っていても進んでいる感じがあまりない。足自体は悪くないけど、どこがいいとかはつかめていない。もう少し調整は必要かな」と気を引き締める。 当地は前回昨年11月に優出3着。2024年4月はVと結果を残す。「たまたま。最初は結果が出てなくて、一度優勝戦に乗れてから結果を取れるようになってイメージが変わった。何がいいかは分からないが、苦手意識を持つより得意という気持ちで行けた方がいい方に出ると思う」。ネガティブな印象は拭い、2日目以降も好結果を求める。 東スポWEB,[],[]
【新日本】タイガーマスク　引退試合で…師匠・初代タイガーからもらった一言「涙が止まらなかった」（東スポWEB）,https://news.yahoo.co.jp/articles/c4cc332b68873b17e679c26a877f3ef906658474,https://newsatcl-pctr.c.yimg.jp/t/amd-img/20260707-00394976-tospoweb-000-2-view.jpg?exp=10800,2026-07-07T22:25:23+09:00,2026-07-07T22:30:34+09:00,東スポWEB,tospoweb,東スポWEB,932,試合後、初代タイガーマスク(左)から花束を受け取ったタイガーマスク 新日本プロレスのタイガーマスクの引退記念試合（7日、後楽園）が行われた。 この日、タイガーはダブルヘッダーとして、ダイナマイト・キッドのおいのトム・ビリントン（AEW）、かつての好敵手ブラック・タイガー4とそれぞれ5分1本勝負で激突。1試合目は引き分けに終わったが、2試合目は延長戦にもつれこみ、タイガースープレックスで貫禄の3カウントを奪い、有終の美を飾った。 【写真】豪華なメンバーが駆け付けたタイガーマスクの引退セレモニー 試合後の引退セレモニーには、棚橋弘至社長や所属選手のほか、新崎人生、ザ・グレートサスケ、藤波辰爾、山﨑一夫、獣神サンダー・ライガーといったゆかりのあるレスラーが登場。また、元AKB48の武藤十夢、妹でAKBメンバーの武藤小麟、LOVE PSYCHEDELICOのNAOKI、元キックボクサーの武尊、DeNA前監督の三浦大輔氏、巨人元監督でオーナー付特別顧問の原辰徳氏と、業界を超えて著名人も多く参加し、ねぎらいの花束が贈られた。 そして最後に師匠の初代タイガーマスク（佐山サトル）が登場すると、タイガーの希望により最後のロックアップが行われた。2人のタイガーマスクは力強く組み合い、初代は軽快なタイガーステップまで繰り出した。 マイクを握ったタイガーは「（佐山の）『オマエのタイガーをやれ』という言葉ですっきりして、自分なりのタイガーマスクを表現してきました」とレスラー人生を振り返る。ラストマッチを終えて「この新日本プロレスの最高の仲間たちと巡業に行くことができないのが、一番寂しいです」と別れを惜しんだ。 ファンに対しては「どうかこの先も新日本プロレスを応援してください。31年間、本当にありがとうございました」と感謝の言葉を口にし、引退の10カウントゴングが鳴らされた。 バックステージでは佐山とのやり取りも明かした。「『オマエよくやった、最高だよ』と言ってもらった。涙が止まらなかった」と感慨にふけった。引退後については、新日本プロレスに所属しながら芸能活動などを続けていくという。万感の思いを胸に、タイガーは31年のキャリアに終止符を打った。 東スポWEB,[],[]
【阪神】高橋遥人が今季初黒星　痛恨４失点に「悔しい以外の言葉が見つからない」（東スポWEB）,https://news.yahoo.co.jp/articles/2382af2a98259c3ee256f6da2a29d3348fa907e2,https://newsatcl-pctr.c.yimg.jp/t/amd-img/20260707-00394975-tospoweb-000-1-view.jpg?exp=10800,2026-07-07T22:20:26+09:00,2026-07-07T22:20:26+09:00,東スポWEB,tospoweb,東スポWEB,641,４回、ダルベックに先制ソロ弾を浴びた高橋遥人 阪神・高橋遥人投手（30）が7日の巨人戦（東京ドーム）に先発するも、7回途中7安打4失点で今季初黒星を喫した。 「ただただ悔しい以外の言葉が見つからない」と唇をかんだ左腕。2点リードで迎えた7回にG打線を食い止めることができなかった。先頭のダルベックに二塁打、泉口に四球を許して無死一、二塁。ここから代打の岸田、ティマを抑えて二死までこぎつけたが、代打・知念に遊撃への内野安打を浴びて満塁とされた。打席にはプロ20年目の代打・坂本を迎えると、初球を左中間に運ばれ、走者一掃の適時二塁打で3点を奪われた。 逆転を許し、藤川監督から交代を告げられた。「めちゃくちゃ悪いボールではなかったですけど、ピンチに弱いっていうか打たれる。ピンチの時こそ自分の力が一番出るんで。力みも入ってアドレナリンも出て、そこで打ち返されてるんで、及ばずで済ましていいか分からないですが、力が及ばずでした」と肩を落とした。 6月28日の広島戦（マツダ）でも3失点。前回対戦の巨人戦（5月22日、東京ドーム）も4失点だった。ここまで防御率1・57をマークし、ハーラートップの10勝を挙げているが、本人は現状を厳しく受け止めている。「最初の何試合かも初めて開幕ローテに入って、いいピッチングもあったっすけど。ここ数試合が自分の力だと思うし、本当に点取ってもらったみんなに申し訳ないです」 頼みの左腕が踏ん張り切れず、チームも3―4で敗れ首位から陥落した。 東スポWEB,[],[]
【広島】岡本駿　序盤３失点も黒星消えた！ 坂倉の逆転２ラン呼び込む７回粘投（東スポWEB）,https://news.yahoo.co.jp/articles/2a0a21e3d136ed07094282415d3d4d33105ae9d3,https://newsatcl-pctr.c.yimg.jp/t/amd-img/20260707-00394974-tospoweb-000-1-view.jpg?exp=10800,2026-07-07T22:20:26+09:00,2026-07-07T22:20:26+09:00,東スポWEB,tospoweb,東スポWEB,486,なんとか試合をつくった広島・岡本駿 広島の岡本駿投手（24）が7日のヤクルト戦（マツダ）に先発し、7勝目を逃した。2回に3点を失ったものの、その後は立ち直って追加点を許さず、5回4安打3失点で降板。チームは9回に坂倉の逆転サヨナラ2ランで4―3と逆転勝ちし、岡本に黒星は付かなかった。 初回を三者凡退に抑えた右腕だったが、2回に先頭のサンタナへ四球を与えたことからリズムを崩した。赤羽の右翼フェンス直撃二塁打で無死二、三塁とされると、岩田に中前へ2点適時打を浴びて先制を許し、さらに一死三塁から古賀にも中前適時打を献上。この回3失点を喫し、岩田、古賀には二盗も決められた。 それでも3回以降は本来の投球を取り戻し、3イニング連続で無失点。5回の打席で代打を送られて降板したが、試合を立て直して救援陣につないだ。 打線は5回に小園、モンテロの連打から三塁・石井の適時失策で1点を返し、さらに約2か月ぶりに一軍復帰した代打・秋山の左犠飛で1点差。島内、遠藤、髙、辻の無失点リレーで流れを呼び込むと、9回に坂倉が劇的な逆転サヨナラ2ランを放ち、広島が連敗を止めた。 東スポWEB,[],[]
【広島】坂倉将吾が劇的逆転サヨナラ２ラン　お立ち台で「空席多いんで満席にしてください！」（東スポWEB）,https://news.yahoo.co.jp/articles/a62500f03cb152b8dba988b9b29a2af3bcc2addd,https://newsatcl-pctr.c.yimg.jp/t/amd-img/20260707-00394973-tospoweb-000-1-view.jpg?exp=10800,2026-07-07T22:10:24+09:00,2026-07-07T22:10:24+09:00,東スポWEB,tospoweb,東スポWEB,670,起死回生の一発を放った広島・坂倉将吾 広島・坂倉将吾捕手（28）が7日のヤクルト戦（マツダ）で劇的な逆転サヨナラ2ランを放ち、チームを4―3の逆転勝利に導いた。1点を追う9回無死一塁。ヤクルト守護神キハダのフルカウントからの8球目、変化球を振り抜くと、打球は右翼スタンドへ飛び込んだ。坂倉のサヨナラ本塁打は2021年9月7日の中日戦（マツダ）以来、自身2本目。土壇場で4番の一振りが試合をひっくり返した。 広島は2回、先発・岡本が3点を失う苦しい展開。それでも5回、小園、モンテロの連打で無死一、二塁とすると、佐々木の右翼飛で一死一、三塁。石原の三ゴロを石井が後逸する間に1点を返し、さらに約2か月ぶりに一軍復帰した代打・秋山の左犠飛で1点差に迫った。 6回以降は島内、遠藤、高、辻が無失点リレー。6回一死二、三塁のピンチを切り抜けるなど救援陣が踏ん張り、逆転への流れをつないだ。 そして9回。先頭のファビアンが右前打で出塁すると、代走・辰見を一塁に置いて坂倉が打席へ。フルカウントからキハダの変化球をとらえ、右翼スタンドへ運ぶ劇的な逆転サヨナラ2ラン。マツダスタジアムは大歓声に包まれた。 ヒーローインタビューで坂倉は「めちゃくちゃ久々に打ったんで、みんな喜んでくれてる姿を見るのが一番うれしかったです」と笑顔。「今日もモンテロが全力疾走したり、みんなが一生懸命やってる成果だと思います」と仲間をたたえた。 最後は「空席多いんで満席にしてください！ また応援よろしくお願いします！」とファンへ呼びかけ、球場をさらに沸かせた。 東スポWEB,[],[]
【日本代表】決定的ＦＫキッカーいない…俊輔コーチ加入で進化の兆しあったが（東スポWEB）,https://news.yahoo.co.jp/articles/1a0409fa02c55ae8dbeff9266a3d4dd1b227ddad,https://newsatcl-pctr.c.yimg.jp/t/amd-img/20260707-00394893-tospoweb-000-1-view.jpg?exp=10800,2026-07-07T21:30:34+09:00,2026-07-07T21:30:34+09:00,東スポWEB,tospoweb,東スポWEB,1317,中村俊輔コーチの加入のおかげで…. 森保ジャパンは、絶対的なFKキッカーの不在にも泣かされ続けた。北中米W杯は決勝トーナメント1回戦ブラジル戦（6月29日、米国・ヒューストン）に敗れて32強で幕を閉じた。大舞台の戦いでも、かつて日本の武器だった直接FKからの得点は生まれず。なんと森保一監督の2期目は無得点に終わった。大会直前に“名手”の元日本代表MF中村俊輔コーチが入閣して進歩の兆しは見せたが、得点パターンの一つに強化するまでには至らなかった。 森保ジャパンの2期目は、北中米W杯での32強決戦が最後の試合となった。2期目に直接FKが決まらなかった流れを象徴するように、大一番でも日本が武器にしてきた“飛び道具”はサク裂しなかった。 例えば、0―0の前半16分にペナルティーエリア左手前の絶好の位置でFKを得たが、MF鎌田大地（クリスタルパレス）が放ったキックはあっけなく壁にはね返されてチャンスを逸した。もちろん毎回決まるプレーではないが“得点のにおい”がしないのも事実。試合の流れをつかむ意味でも、決まらずともゴールに迫る精度が欲しいところではあった。もし日本のFKが脅威という印象を与えれば、相手もうかつにファウルをできなくなり、試合展開そのものが変わる可能性もあっただろう。 1次リーグを振り返っても、鎌田をはじめ、MF伊東純也（ゲンク）、MF久保建英（レアル・ソシエダード）が直接FKを蹴ったが、ゴールは生まれなかった。第1次政権の期間中には数少ない成功例として、MF相馬勇紀（現町田）とMF原口元気（現ベールスホット）がそれぞれ直接FKを決めたが、不動のキッカーというわけではなかった。 北中米W杯では鎌田や伊東が主にキッカーを担ったが、大舞台に向けてギリギリまで改善に向けて懸命に動いていた。メキシコ・モンテレイの事前合宿中、4月に就任したばかりの中村俊輔コーチが見守り、伊東、鎌田、久保に加え、DF菅原由勢（ブレーメン）やMF田中碧（リーズ）が、居残りでFK練習を実施した。 そのとき伊東は「サイドとかコーナーはよく蹴ることがあるけど、直接はあんまり蹴ったことはなかったので、思ったより蹴れるなと思った。やっぱり一番FKがうまい人から教われるのはいいこと」とコメント。FKのゴールにはつながらなかったが、オランダとの初戦ではFW小川航基（NECナイメヘン）の頭に合わせるCKから“鎌田の1ミリ”による劇的弾が生まれた。 課題克服に向けて、俊輔コーチの存在は希望の一つ。今大会後もコーチを継続するかどうかは決まっていないが、日本代表コーチ就任前からテレビ番組の企画で同コーチに“弟子入り”していた久保ら名キッカーのポテンシャルを持つ選手たちに、継続して指導していけば…日本代表が求める“答え”にたどり着けるかもしれない。 日本代表がW杯で直接FKを決めたのは、2010年南アフリカW杯のデンマーク戦でのMF本田圭佑（現ジュロン）とMF遠藤保仁が最後。特に、本田が決めた30メートル弾は伝説となっている。世界的に見て直接FKによる得点は減少傾向とはいえ、30年W杯は負の歴史に終止符を打つことができるか。 東スポWEB,[],[]
【中日】２試合連続零封負けで借金「１８」　ＤｅＮＡ・石田の前にわずか１安打（東スポWEB）,https://news.yahoo.co.jp/articles/c7315856feb3c066d7b3f30e8e6eb27b45d7922c,https://newsatcl-pctr.c.yimg.jp/t/amd-img/20260707-00394970-tospoweb-000-1-view.jpg?exp=10800,2026-07-07T21:20:25+09:00,2026-07-07T21:20:25+09:00,東スポWEB,tospoweb,東スポWEB,393,中日・マラー 中日は7日のDeNA戦（横浜）に0―4で敗れて借金「18」。打線はDeNA先発・石田の前にわずか1安打に抑えられ、2試合連続、今季8度目の零封負けを喫した。 中日先発・マラーは3回一死から牧に左翼ポール直撃の10号ソロを浴びて先制点を献上。4回には一死満塁から石田のニゴロの間に三塁走者の生還を許して0―2とリードを広げられた。6回6安打2失点で降板したマラーは5敗目（2勝）を喫した。 中日打線は5回一死からサノーが四球を選ぶまで1人の走者も出すことができなかった。8回に先頭のボスラーが中前打を放ちノーヒットノーランを免れたがヒットはこの1本だけ。スコアボードには9つの「0」が並んだ。 5年連続でDeNAに負け越している中日は今季も4勝7敗1分けと苦戦している。8日の同カードでDeNAの先発は中日戦通算18勝3敗と天敵となっている東と発表されている。 東スポWEB,[],[]
【新日本】原辰徳氏　タイガーマスク引退セレモニーに参加「タイガーの勇気、強さ、優しさはファンの心に永遠に残る」（東スポWEB）,https://news.yahoo.co.jp/articles/733c2476147fd6e7bce939d16521da1ce4fe0785,https://newsatcl-pctr.c.yimg.jp/t/amd-img/20260707-00394967-tospoweb-000-1-view.jpg?exp=10800,2026-07-07T21:20:25+09:00,2026-07-07T21:20:25+09:00,東スポWEB,tospoweb,東スポWEB,803,引退セレモニーに登場し、タイガーマスク(右)に花束を贈った原辰徳氏 新日本プロレス7日の後楽園大会に、プロ野球・巨人の元監督でオーナー付特別顧問の原辰徳氏（67）が来場した。 この日の大会では原氏と親交の深いタイガーマスクが、約31年のキャリアに終止符を打った。タイガーの引退試合は異例のダブルヘッダーで行われ、ダイナマイト・キッドの甥で米国・AEW所属のトム・ビリントン、ブラック・タイガー4とそれぞれ5分1本勝負で対戦した。 原氏は第5試合から南側の最前列で試合を観戦。この日は東京ドームで巨人と阪神の首位攻防戦が行われていたが、すぐ隣の後楽園ホールで原氏がタイガーを応援するという、見ようによってはシュールな光景となった。 タイガーが2試合目で延長戦の末にブラックタイガーをタイガースープレックスで沈めると、リング上では引退セレモニーが行われた。原氏もリング上に上がり、花束を贈呈。ゲストを代表しマイクを握り「今日は隣で試合やってますが、私にとって大事なのは今日のこの試合です。タイガー、幸せだね。本当に御苦労さまでした」とねぎらった。 さらに原氏は「私とタイガーが知り合ったのが、地方の公式戦でね。その時、ジャイアンツ負けたと思います。ホテルのロビーでレッドシューズ（海野レフェリー）と東スポの記者もいましたね。そこから食事に行って、僕はプロレス好きだったんですけど、さらに好きになりました」と思い出を回想。 「今日改めてプロレスファンの素晴らしさも感じました。30年、長きにわたって戦った姿、勇気、強さ、タイガーの優しさはファンの心に永遠に残ると思います。これからゆっくりされて、第二の人生を笑顔が多い1日1日を送って、私と野球観戦もたまにはしましょう」とスピーチした。 また、セレモニーにはDeNA前監督の三浦大輔氏も登場。野球界にも人脈の深いタイガーならではセレモニーとなった。 東スポWEB,[],[]
【ソフトバンク】柳田悠岐が自身初の〝代打アーチ〟 ３年ぶり２桁到達の会心弾に「グッスイン！」（東スポWEB）,https://news.yahoo.co.jp/articles/1fd38b50633b91e6a08be61e99e1ad408b31b096,https://newsatcl-pctr.c.yimg.jp/t/amd-img/20260707-00394969-tospoweb-000-1-view.jpg?exp=10800,2026-07-07T21:15:30+09:00,2026-07-07T21:15:30+09:00,東スポWEB,tospoweb,東スポWEB,354,７回、会心の代打３ランに表情がほころぶソフトバンク・柳田悠岐 ソフトバンク・柳田悠岐外野手（37）が7日のオリックス戦（京セラ）で、自身初となる代打本塁打を放った。 【動画】ソフトバンク・柳田悠岐の価値ある代打10号3ラン 1点リードの7回二死二、三塁の場面で「代打・柳田」がコールされた。この日、スタメンを外れていた背番号9は、甘く入った球を振りぬくと打球は右中間席へ一直線。プロ16年目での自身初となる代打本塁打で、大阪に集った鷹党の期待にこたえた。 柳田は球団を通して「少し詰まったが、しっかりと振り切ることができた。『グッスイン！』（グッドスイングの略語）。ホームランで大きい追加点を取ることができて良かった」とコメント。3年ぶりとなる2桁本塁打到達の一発に〝ギータ節〟をさく裂させた。 東スポWEB,[],[]
【ドジャース】盤石60勝到達で地区争いは〝消灯寸前〟　１強４弱を「ＭＬＢは恥じるべきだ」＝米報道（東スポWEB）,https://news.yahoo.co.jp/articles/15df350288a6f7735b91c4f9253ddb232af350a9,https://newsatcl-pctr.c.yimg.jp/t/amd-img/20260707-00394968-tospoweb-000-1-view.jpg?exp=10800,2026-07-07T21:05:22+09:00,2026-07-07T21:05:22+09:00,東スポWEB,tospoweb,東スポWEB,985,同地区ロッキーズ戦のサヨナラ勝ちを喜ぶドジャースの選手たち（ロイター） ドジャースの快進撃が止まらない。6日（日本時間7日）に本拠地ロサンゼルスで行われたロッキーズ戦は延長11回に8―7でサヨナラ勝ち。30球団最速で60勝に達した。 投手陣では先発のスネルやグラスノー、新守護神のディアスが長期離脱し、野手ではベッツの打撃不振も長引いていたが、投打で主力の大谷翔平投手（32）をはじめパヘスの台頭などで補完。ナ・リーグ西地区の首位をぶっちぎり、2位のダイヤモンドバックスとは実に14ゲーム差。3位以下はすべて借金生活でパドレスとは15差、4位のジャイアンツと21差、最下位のロッキーズは23差で完全なる〝1強4弱〟の構図ができあがっている。 この状況に米メディア「FANSIDED」は「MLBはナ・リーグ西地区の現状を恥じるべきだ」と断罪。「ナ・リーグ西地区で期待に応えている、あるいは期待を上回っているといえるチームはドジャースと…ロッキーズの2チームだけだろう。といっても、ロッキーズは依然としてMLBで最悪クラスの成績を記録している」とぶった斬り「皆さん、グッジョブでした。本当に」と皮肉まみれの〝終戦宣言〟をかました。 同地区の5球団は最大で92試合を消化し、シーズンを70試合以上残す。ドジャースが衝撃的な大失速を見せ、同時に歴史的な快進撃で巻き返すチームが現れる可能性もゼロではない。 だが、同メディアはドジャースに独走を許す状況を「滑稽」とし「パドレス、ジャイアンツ、ダイヤモンドバックスの3球団はいずれも年俸総額ランキングでトップ13に入っている。これは地区首位のチーム（ドジャース）が途方もない予算を投じている一方で、他の4球団が意図的に予算を抑えているというわけではない」と指摘。補強に注力したにもかかわらず勝てない状況を憂いた。 「3月の時点では、ドジャースを激しく嫌う人々でさえ、大谷翔平やチームメートたちが地区連覇を果たせないのは、何かの大惨事でも起きない限りあり得ないだろうと認めていたはずだ。しかし、結局のところワールドシリーズ2連覇中の王者への賛辞ではなく、同地区の他チームに対する批判になるとは、当時誰も予想していなかった」 ドジャースの目標はワールドシリーズの3連覇にあるが、このまま地区争いの灯は消えてしまうのか――。 東スポWEB,[],[]
【新日本】タイガーマスクが引退試合で勝利　代名詞タイガースープレックスで31年のキャリアに終止符（東スポWEB）,https://news.yahoo.co.jp/articles/e5028e996ab83824ff5cdafdc356f68b3a8763ad,https://newsatcl-pctr.c.yimg.jp/t/amd-img/20260707-00394965-tospoweb-000-8-view.jpg?exp=10800,2026-07-07T20:55:23+09:00,2026-07-08T00:00:35+09:00,東スポWEB,tospoweb,東スポWEB,997,ブラック・タイガーⅣ(下)から３カウントを奪い、感極まるタイガーマスク 新日本プロレスのタイガーマスクが7日の後楽園大会で、約31年の現役生活に終止符を打った。 【写真】最後はブラック・タイガー4を猛虎原爆で仕留めたタイガーマスク みちのくプロレス時代の1995年7月に、4代目のタイガーマスクとしてデビュー。2002年1月に新日本プロレス初参戦を果たすと、同年12月に正式に移籍した。IWGPジュニアヘビー級王座を6度戴冠し、2004、05年にはジュニアの祭典「ベスト・オブ・ザ・スーパージュニア」で連覇を達成するなど新日ジュニアのトップ選手として活躍した。 引退試合は異例のダブルヘッダーで行われ、ダイナマイト・キッドの甥で米国・AEW所属のトム・ビリントン、ブラック・タイガー4とそれぞれ5分1本勝負で対戦。放送席にゲスト解説として獣神サンダー・ライガー、リングアナウンサーとして田中ケロが登場すると、会場のボルテージは最高潮に達した。 大声援を背に入場したタイガーは、初代タイガーマスクのデビュー戦（1982年4月23日、蔵前国技館）の相手だったキッドの甥と対峙。ロックアップからレスリングの攻防を展開した。タイガーがアームドラッグを繰り出し、ビリントンに投げ捨てジャーマン、場外でのブレーンバスター、ミサイルキックと怒涛の猛攻にさらされた。 残り時間20秒になると会場は大「タイガー」コールだ。最後は互いにツームストーンパイルドライバーを狙うも、ここで時間切れ引き分けのゴングが鳴った。 すると直後のリング上にブラックタイガーが颯爽と入場し、戦いを終えた2人を襲撃。怒りのビリントンが黒虎にラリアートを決め、タイガーのセコンドに就いたまま2試合目の開始のゴングが鳴らされた。 コーナー上でのマスク剥ぎを狙われたタイガーだったが、これは許さずトぺ・スイシーダを発射。さらに雪崩式ダブルアームスープレックスと大技攻勢を仕掛けていく。串刺しラリアートにも十字架固めで応戦。最後は黒虎の猛攻にさらされ、暗闇脳天落としを決められたが、ここで時間切れ引き分けのゴングだ。 だが、納得がいかないブラックタイガーは、5分間の延長戦を要求する。タイガーはこれに受けて立ち、代名詞でもあるタイガースープレックスで3カウントを奪取。永遠のヒーロー・タイガーマスクは、最後の戦いを勝利で終えた。 東スポWEB,[],[]
MORE STARが1stワンマンライブ開催「私たちにはまだまだ叶えたい夢がたくさんあります」（東スポWEB）,https://news.yahoo.co.jp/articles/de383008ca3fabd2bef7b0ccc2f7975273af455e,https://newsatcl-pctr.c.yimg.jp/t/amd-img/20260707-00394966-tospoweb-000-3-view.jpg?exp=10800,2026-07-07T20:35:23+09:00,2026-07-08T00:40:26+09:00,東スポWEB,tospoweb,東スポWEB,704,東京・豊洲ＰＩＴでワンマンライブを行ったMORE STAR（撮影・ヨシモリユウナ） KAWAII LAB．のアイドルグループ「MORE STAR」が7日、東京・豊洲PITで「MORE STAR 1stワンマンライブ―MILKY STAR―」を行った。 「MORE STAR」は新井心菜、遠藤まりん、笹原なな花、鈴木花梨、高梨ゆな、中山こはく、萩田そら、森田あみ、山本るしあの9人組。この日は鈴木と山本が体調不良による療養中のため、公演には参加しなかった。 ライブが行われた7月7日は笹原の17歳の誕生日で、ファンから「おめでとう」と祝われると「ありがとございます。ライブ当日にファンの方に祝ってもらって最高です」と満面の笑みを見せた。 また、7日に新曲「サマーゴー！！」を配信リリース。新井は「MORE STARにとって初めての夏曲となっております。一緒に踊れるパートがあったりとか、楽しめるメロディーがたくさんなので、ぜひ楽しんでください」とアピール。この新曲はテレビ朝日の夏のイベント「テレビ朝日・六本木ヒルズ SUMMER FES」のドリームソングに決定。さらに8月26日には1stCDシングルの表題曲としてリリースされることも発表された。 ステージでは新曲を初披露したほかデビュー曲「もっと、キラッと」や「ハグ！」など全13曲を熱唱し、会場に集まった1500人のファンを熱狂させた。萩田は「私たちMORE STARにはまだまだ叶えたい夢がたくさんあります。ここにいるみなさんと一緒に見たい景色もあります。これからも私たちらしく一歩一歩、毎日進んでいけたらいいなと思っています」と語った。 東スポWEB,[],[]
【ＭＬＢ】剛腕代理人ボラス氏が握るアスレチックス２大至宝の命運…〝流出阻止〟が重要課題＝米報道（東スポWEB）,https://news.yahoo.co.jp/articles/15336902a6068c746f8d244ee5f3a0e0e882cbd8,https://newsatcl-pctr.c.yimg.jp/t/amd-img/20260707-00394964-tospoweb-000-1-view.jpg?exp=10800,2026-07-07T20:15:31+09:00,2026-07-07T20:15:31+09:00,東スポWEB,tospoweb,東スポWEB,965,アスレチックスのニック・カーツ内野手（ロイター） 低迷の雲を切り裂く2つの星が、ラスベガスへ向かう球団の羅針盤になる。米老舗誌「スポーツ・イラストレイテッド」の電子版「ON SI」は6日（日本時間7日）、アスレチックスの未来を占う存在として、ニック・カーツ内野手（23）とシェイ・ランゲリアーズ捕手（28）に焦点を当てた。チームは直近で苦戦を強いられ、今季のポストシーズン進出も楽観できない。それでも2人が14日（同15日）にフィラデルフィアで行われるオールスター戦でア・リーグの先発出場選手に選ばれた事実は、単なる名誉にとどまらない。ラスベガス移転を控える球団が「誰を中心に新時代をつくるのか」を示す号砲でもある。 金の卵と呼ぶにふさわしいのがカーツだ。昨季のア・リーグ新人王はメジャー2年目でさらに進化し、打率2割7分8厘、20本塁打、66打点。出塁率4割2分4厘、OPS0・949はリーグ屈指で、四球76もメジャートップ級だ。しかも球宴ではファン投票1位だったウラジミール・ゲレロ内野手（27＝ブルージェイズ）が出場を辞退したことで、選手間投票で同ポジション最高評価を受けていたカーツに先発の座が回ってきた。数字だけでなく、敵味方を問わず現場から認められた証しでもある。 ランゲリアーズも価値を跳ね上げた。今季は打率2割6分4厘、20本塁打、OPS0・822をマークし、ア・リーグ捕手では本塁打数でトップ。ファン投票の最終段階ではアレハンドロ・カーク捕手（27＝ブルージェイズ）を65％対35％で退けた。アスレチックスの捕手が球宴で先発するのは1989年のテリー・スタインバック以来で、球団捕手の選出自体も2016年のスティーブン・ボート以来。強打の捕手という希少性は、他球団がノドから手が出るほど欲しがる資産そのものだ。 だからこそ問題は「どう勝つか」と同時に「どう守るか」になる。カーツは31年まで球団保有権下にある一方、ランゲリアーズは28年オフにFAとなる。2人の代理人は敏腕で知られるスコット・ボラス氏で、球宴先発の肩書は交渉額を押し上げかねない。サクラメントを暫定本拠地とし、ラスベガス移転へ進むアスレチックスにとって2人のスター候補を死守し、その周囲に戦力を集められるかが球団再生の分岐点となる。 東スポWEB,[],[]
【巨人】戸郷翔征にまさかのアクシデント　無安打投球も…打撃で一塁ベースを駆け付けた際に負傷か（東スポWEB）,https://news.yahoo.co.jp/articles/8426db851974c296f156b0f3299337498dd18a88,https://newsatcl-pctr.c.yimg.jp/t/amd-img/20260707-00394963-tospoweb-000-1-view.jpg?exp=10800,2026-07-07T20:10:23+09:00,2026-07-07T20:10:23+09:00,東スポWEB,tospoweb,東スポWEB,582,５回に三ゴロで一塁まで走った巨人・戸郷翔征(中)は、走塁後に動けなくなってしまった 巨人・戸郷翔征投手（26）が7日の阪神戦（東京ドーム）に先発登板。だが、自軍の攻撃中にまさかのアクシデントが発生した。 今季5勝目を懸けてマウンドに上がった戸郷は、5回までスコアボードに0を並べ続ける圧巻の投球。2つの四球を出したものの、強力な阪神打線を無安打に抑えるピッチングを見せていた。 悲劇は1―0の5回、攻撃時に訪れた。二死からの第2打席、右腕が一塁へと全力疾走した時だった。一塁ベースを左足で踏んだ際に力が入り過ぎたのか、走り抜けた先で足の違和感を訴えた。座り込んだ戸郷の元へ、すぐさまトレーナーと亀井コーチが駆け付け、ベンチ裏へと下がっていった。 その後は戸郷がグラウンドへ戻ることはなく、投手交代。6回からは2番手・船迫がマウンドに上がった。5回64球を投げて無安打無失点と快投を見せていただけに、痛い降板となった。 前日6日には「（阪神とは）首位同士なんで、1つでも多く勝つことが一番なんでね。カード頭（初戦）っていうのはすごい大事な試合になると思うんで、そこは意識をしてます」と意気込んでいた。 右腕が交代してからの6回には、船迫が4番・佐藤輝から2点適時二塁打をゆるして逆転。続く7回には赤星が6番・前川にソロを浴び、点差を「2」に広げられた。 東スポWEB,[],[]
【新日本】ウルフアロンが２メートル超のＯＳＫＡＲ狩りを予告　柔道時代のリネール戦敗北を糧に「対策はしっかり出来てる」（東スポWEB）,https://news.yahoo.co.jp/articles/01124ae29d03bb0b8f331da92b03bb2e9b8afc00,https://newsatcl-pctr.c.yimg.jp/t/amd-img/20260707-00394961-tospoweb-000-1-view.jpg?exp=10800,2026-07-07T20:00:32+09:00,2026-07-07T20:00:32+09:00,東スポWEB,tospoweb,東スポWEB,551,ＯＳＫＡＲを攻めるウルフアロン 新日本プロレス7日の後楽園大会で、NEVER無差別級王者のウルフ・アロン（30）が巨人狩りを予告した。 ウルフはこの日の大会でボルチン・オレッグ＆邪道と組んで、Yuto―Ice＆OSKAR＆外道と対戦。初出場を決めた真夏の祭典「G1クライマックス」（7月11日、米シカゴ）で同じBブロックにエントリーされているOSKARと激しい攻防を展開した。 互いに強烈なチョップを繰り出し合うと、ウルフはショルダータックル2連発でOSKARをなぎ倒す。しかしアングルスラムは阻止されナイトメアホールド（裸絞め）で捕獲されてしまう。背負い投げから再び狙ったアングルスラムも阻止され、ボディスラムで投げられるなどなかなか決定打は放てない。 試合はウルフが外道を払い腰からの三角絞めで仕留めたものの、リング上ではOSKARと視殺戦で火花。「やっぱりデカいわ、お前。俺があんだけ大きいヤツと戦ったのは東京五輪の団体戦でフランス代表の（テディ）リネールとやった時以来だよ。俺その時1回負けちまってるよな。対策はしっかりできてるんだ、テメーみたいなデカいヤツとの戦い方は。楽しみにしとけよ」と身長201センチの巨人に宣戦布告した。両者が激突する公式戦は26日大田区大会で行われる。 東スポWEB,[],[]
OCHA NORMA　先輩Juice=Juiceの背中追う「国立競技場に立てるようにがんばります」（東スポWEB）,https://news.yahoo.co.jp/articles/456547ee090a35c19eea5efb9e7483af046cd3a1,https://newsatcl-pctr.c.yimg.jp/t/amd-img/20260707-00394939-tospoweb-000-1-view.jpg?exp=10800,2026-07-07T20:00:32+09:00,2026-07-07T20:00:32+09:00,東スポWEB,tospoweb,東スポWEB,627,OCHA NORMA（左から斉藤円香、広本瑠璃、西崎美空、米村姫良々、北原もも、窪田七海、筒井澪心、中山夏月姫） ハロー！プロジェクトのアイドルグループ「OCHA NORMA」（オチャノーマ）が7日、東京・池袋のサンシャインシティ噴水広場でNEWシングル「ダントツで愛して/また、あなたに恋焦がれているんだ」（8日リリース）の発売記念ミニライブ＆お見送り会を開催した。 同会場では先月、先輩グループ「Juice＝Juice」がミニライブを行い、大ヒット曲「盛れ！ミ・アモーレ」などをパフォーマンスした。 斉藤円香（23）は「すごくカッコいい。ハロプロの看板を背負って頑張っていらっしゃる」とその活躍に感嘆。米村姫良々（22）も「私たちもハロプロのオチャノーマなので、Juice＝Juiceさんみたいに、もっと歌とダンスを磨いて頑張っていきたい」と意気込んだ。 この日は七夕ということで、メンバーそれぞれが願い事を明かした。 中山夏月姫（20）が「音楽番組でパフォーマンスしたい」と口にすれば、窪田七海（21）は「『ドッキリGP』に出たいです。（ドッキリに）掛かる方で。オーバーリアクションできると思うので、ぜひお仕事お待ちしてます！きゅるるん」とアピールした。 一方の米村は「バズれますように。”盛れミ旋風”のように”ダントツで愛して旋風”を」と宣言。斉藤も「もっと大きく、オチャノーマで国立競技場に立てるようにがんばります」と夢を掲げた。 東スポWEB,[],[]
【ＭＬＢ】ヤンキース直接対決快勝も消えぬ暗雲…ジャッジ「今季絶望説」でプレーオフ黄信号＝米報道（東スポWEB）,https://news.yahoo.co.jp/articles/672166f79370c8f7ec5a8f72185f678fb3f7bba1,https://newsatcl-pctr.c.yimg.jp/t/amd-img/20260707-00394959-tospoweb-000-1-view.jpg?exp=10800,2026-07-07T19:35:24+09:00,2026-07-07T19:35:24+09:00,東スポWEB,tospoweb,東スポWEB,953,今季絶望説も流れるアーロン・ジャッジ（ロイター） 直接対決を制しても、ブロンクスの視界はまだ晴れない。ヤンキースは6日（日本時間7日）、敵地セントピーターズバーグでア・リーグ東地区首位レイズと対戦し、5―1で勝利した。カバジェロが古巣相手に2本塁打4打点と爆発し、打線は3安打ながら全て本塁打。先発のシュリトラーも8回1失点と踏ん張り、連敗ムードにいったん歯止めをかけた。 もっとも、これで一気に楽観ムードとはいかない。ヤンキースは50勝40敗となったが、首位レイズとはなお3ゲーム差。直近10試合で8敗と失速していたダメージは大きく、地区優勝争いでは依然として追う立場だ。しかも相手は同地区の最大ライバル。4連戦初戦を取った価値は小さくない一方で、1勝だけで形勢逆転とまでは言い切れない。そこへ追い打ちをかけているのが、主砲の外野手アーロン・ジャッジ（34）の長期離脱問題だ。 ジャッジは右第1肋骨の疲労骨折で6月5日（同6日）に負傷者リスト（IL）入り。5月31日（同6月1日）を最後に戦列を離れている。MLB公式サイトによれば、アーロン・ブーン監督（53）は6月30日（同7月1日）の時点で再検査まで「まだ数週間かかる可能性がある」と説明。現状も下半身のエクササイズやウエートルームでのリハビリを始めている段階で、実戦復帰への道筋は見えていない。 そんな中、米メディア「ヘビー」はニューヨークで絶大な人気を誇るスポーツ司会者ブランドン・ティアニー氏の発言を紹介。同氏はNYのラジオ局「WFAN」の番組「BTunleashed」で「ジャッジが戻ってこなければ、ヤンキースはプレーオフに進めない」と断言した上で、「今季戻ってこない可能性がある。むしろその可能性の方が高いかもしれない」とまで踏み込んだ。再評価までまだ数週間を要する現状を踏まえ「少なくとも、この混乱を助けるためにすぐ戻ってくることはない」とも語り、ニューヨークのファンに衝撃を与えている。 ジャッジは今季59試合で打率2割4分8厘、17本塁打、38打点。3度のMVPに輝いた大黒柱を欠いたまま、ヤンキースはこのまま夏場の勝負どころを乗り切れるのか。レイズ撃破の白星以上に、背番号99の不透明な復帰時期が名門を重く覆っている。 東スポWEB,[],[]
【尼崎ボート】岡村慶太　優出１番乗り「あとはスタート次第で全力でやります」（東スポWEB）,https://news.yahoo.co.jp/articles/980cee3719dbf3b7faa146a3abc8a039203049d7,https://newsatcl-pctr.c.yimg.jp/t/amd-img/20260707-00394958-tospoweb-000-1-view.jpg?exp=10800,2026-07-07T19:35:24+09:00,2026-07-07T19:35:24+09:00,東スポWEB,tospoweb,東スポWEB,417,岡村慶太 ボートレース尼崎の「スポーツニッポン杯争奪伊丹市施行73周年記念競走」は7日、準優勝戦が行われた。 岡村慶太（38＝福岡）は10R、イン戦を制し優出1番乗りを決めた。「普通あるかないかで、上とは差がある。そんなに悪い感じではないけど、乗り心地や出足はもう少し上積みが欲しい。直線をつけるとターンができなくなるので、出足に振る可能性はある」と2連率10％・42号機の底上げを図る。 今年はここまで10優出4V。「一時期あまりにも調子良過ぎて、リズムがいいのか何が良かったのか原因が分からなくて。別にエンジンが出ていたとか、ペラが当たってるとかではなく、気づけば優勝戦に乗って、優勝しているって感じでした」と振り返る。一方で「最近エンジンの引きも悪くて、今節も。でも最後（優勝戦）までちゃんと行けたので良かったかなと」と低調機でも結果を出してきた。「あとはスタート次第で全力でやります」と自らを鼓舞しV奪取を狙う。 東スポWEB,[],[]
【戸田ボート・ＧⅡボートレース甲子園】上原健次郎　見せた沖縄代表の意地「スタートで置いていかれないように…」（東スポWEB）,https://news.yahoo.co.jp/articles/1ea04fe2cebd09d1c5ec9cd613524dfb40c4d155,https://newsatcl-pctr.c.yimg.jp/t/amd-img/20260707-00394957-tospoweb-000-1-view.jpg?exp=10800,2026-07-07T19:35:24+09:00,2026-07-07T19:35:24+09:00,東スポWEB,tospoweb,東スポWEB,398,「沖縄人」Ｔシャツでアピールを忘れない上原健次郎 ボートレース戸田のG2「第8回全国ボートレース甲子園」が7日、開幕した。 上原健次郎（30＝福岡）は4R、6コースからまくり差してバック3番手。道中は平本真之の猛追を振り切って3着、6号艇で舟券に絡む上々のスタートを切った。 「展開も良かったです。後ろからの圧は怖いものがありましたけど、3等で帰ってこられて良かったです」とニッコリ。「足は悪くないと思って行きました。ボチボチあると思います。乗れる感じはあります。この感じでまた行ってみたい」と29号機は戦えるレベルにある。 沖縄代表として大会初登場。「光栄です。あこがれの大会でした。こういう場所で走れるんだから、スタートで置いていかれないように集中します。スタートはいつも課題だけど、今節は頑張りたいです」と気合も入っている。 2日目以降もしっかり踏み込み、結果を出すつもりだ。 東スポWEB,[],[]
【戸田ボート・ＧⅡボートレース甲子園】大峯豊　３、１着の上々船出に笑顔「結果が出て良かった」（東スポWEB）,https://news.yahoo.co.jp/articles/4647043a36a18a410c33f5050dfdc1eed8b921e2,https://newsatcl-pctr.c.yimg.jp/t/amd-img/20260707-00394956-tospoweb-000-1-view.jpg?exp=10800,2026-07-07T19:35:24+09:00,2026-07-07T19:35:24+09:00,東スポWEB,tospoweb,東スポWEB,238,初日、イン戦なしも着を稼いだ大峯豊(手前右) ボートレース戸田のG2「第8回全国ボートレース甲子園」が7日、開幕した。 大峯豊（42＝山口）は1R、5コースから3着。3号艇で出走の9Rはダッシュに引いて3カドを選択し、豪快まくりを決めた。「もっと伸びに振れそうな気がするけど、体感が重いので…。伸びは今でも十分いい」と直線の感触はいい。 初日5、3号艇で好走し「ここでは内枠みたいなもんですからね。結果が出て良かった」と笑顔。2日目以降も持ち前の豪腕を発揮する。 東スポWEB,[],[]
【戸田ボート・ＧⅡボートレース甲子園】大池佑来が２連対発進「上出来です。エンジンはいい」（東スポWEB）,https://news.yahoo.co.jp/articles/a8015b37559ec3195dac03c0c65d3912f05bdcab,https://newsatcl-pctr.c.yimg.jp/t/amd-img/20260707-00394955-tospoweb-000-1-view.jpg?exp=10800,2026-07-07T19:30:34+09:00,2026-07-07T19:30:34+09:00,東スポWEB,tospoweb,東スポWEB,327,オープニングレースをまくって快勝した大池佑来 ボートレース戸田のG2「第8回全国ボートレース甲子園」が7日、開幕した。 大池佑来（39＝東京）は1R、4カドからまくって1着ゴール、11Rは2コースから差し旋回で2着。初日2走2連対発進を決めた。「自分の中では上出来です。エンジンはいいと思う。（後半は）乗り心地は前半よりはマシになった。伸びがいいので、そこを残しつつ調整する」と攻撃力を発揮できる舟足だ。 〝イン受難〟といわれる当地らしく、初日イン逃げを決めたのは12レース中4レースのみ。2日目は9Rで当地での〝試練〟となる1号艇だ。だが、初日は前半がコンマ11、後半がコンマ14とスタートは決まっている。機技発揮してしっかり結果を残す。 東スポWEB,[],[]
【新日本】海野翔太　ゲイブ・キッドの蛮行に怒り爆発！ Ｇ１公式戦での雪辱へ「ただで済むと思うなよ」（東スポWEB）,https://news.yahoo.co.jp/articles/4c1ec81edec94259719da2b8943e85752270dac9,https://newsatcl-pctr.c.yimg.jp/t/amd-img/20260707-00394953-tospoweb-000-1-view.jpg?exp=10800,2026-07-07T19:30:34+09:00,2026-07-07T19:30:34+09:00,東スポWEB,tospoweb,東スポWEB,735,中原大誠(右)にエルボーを打ち込む海野翔太 新日本プロレスの海野翔太（29）が〝復讐の鬼〟と化している。 海野は6日の後楽園大会でゲイブ・キッド（AEW）との王座戦に敗れ、IWGP GLOBALヘビー級王座から陥落。大流血に追い込まれ、ダメージの深さからノーコメントで会場を後にしていた。 翌7日の後楽園大会では永田裕志＆小島聡と組んで、真壁刀義＆矢野通＆中原大誠と6人タッグ戦で対戦。強烈なエルボーで中原を圧倒すると、逆エビ固めで貫禄勝利を収めた。 この日のメインではタイガーマスクの引退試合が行われる。海野は「めちゃくちゃ悲しいですよ。小さい時からお世話になって、道場に入って厳しさを教えてもらって、いろいろなことを叩き込まれて今の自分があるんだ。ただ、俺らはそんな新日本プロレスを守ってきた先輩方の炎を受け継がなければならない。熱い戦いをこれからも見せていかないといけない」と決意を明かすと「だからこそ俺自身、昨日の負けは許されねえんだ」とGLOBAL王座流出の責任を痛感した。 ゲイブは王座奪取後にベルトを放り投げたり、棚橋弘至社長に暴行をはたらくなどやりたい放題だった。海野は「初戴冠も泥を塗られて、国内の初防衛戦もああいう形で泥塗られて…素直に負けた、悔しいなってそんな気持ちになれるわけねえだろ。ゲイブ・キッド、ただで済むと思うなよ」と怒り心頭。 さらに「誰か新日本の生え抜きの選手が（ゲイブに）ふざけんなコノヤローって出てきたか？ 出てきてねえだろ。俺がG1クライマックス（7月11日、米シカゴで開幕）でアイツをぶっ倒してその先に進んでいく」と、怨敵と同じBブロックにエントリーされているG1公式戦（8月8日、横浜）での雪辱を予告していた。 東スポWEB,[],[]
【徳山ボート】〝遅咲きＡ１〟野末智一　予選１０位で準優へ「一走一走、大切に走りたい」（東スポWEB）,https://news.yahoo.co.jp/articles/245ed881cdaf9ef704e54250f6edf363831cb7d4,https://newsatcl-pctr.c.yimg.jp/t/amd-img/20260707-00394952-tospoweb-000-1-view.jpg?exp=10800,2026-07-07T19:30:34+09:00,2026-07-07T19:30:34+09:00,東スポWEB,tospoweb,東スポWEB,357,野末智一 ボートレース徳山の「中日スポーツ杯争奪戦」は7日、予選最終日となる4日目の開催が行われた。 野末智一（47＝静岡）は7月からA1初昇格。2000年5月にデビューして27年目でA1にたどり着いた〝遅咲き〟レーサーは「たまたま調子が良かった審査期間だった。上振れを引いた感じです」と落ち着き払った表情。それでも「みんなが喜んでくれるのがうれしいし、26年以上走って一番いい成績が取れたのは良かった。一走一走、大切に走りたい」と穏やかに意気込む。 4日目11Rではオリジナル展示タイムの3項目すべてトップだったが、大外と枠が遠く5着。予選を10位で通過した。「みんなも出してきて、全体に普通。ここがいいってところもない。展開を突ける足にはしていきたい」と34号機を万全の状態に仕上げて準優に臨む。 東スポWEB,[],[]
【防府競輪・九州スポーツ杯争奪戦】臨戦態勢整ってきた治田知也が白星発進「しっかり練習ができるようになった」（東スポWEB）,https://news.yahoo.co.jp/articles/3b5ae7f465c585659dd570c4795c8f9158b49750,https://newsatcl-pctr.c.yimg.jp/t/amd-img/20260707-00394954-tospoweb-000-1-view.jpg?exp=10800,2026-07-07T19:25:22+09:00,2026-07-07T19:25:22+09:00,東スポWEB,tospoweb,東スポWEB,516,治田知也の復活劇はここからだ 防府競輪FI「創刊60周年 九州スポーツ杯争奪戦」が7日、開幕した。10Rでは治田知也（28＝新潟）がまくり一撃で白星を手にした。 初日は脇本勇希との二分戦。正攻法の脇本に突っ張られ、5番手に入り直してラスト1周で再びアタック。「無理くり行った感じだったが、3車付いてもらっているので…」。脇本マークの中川勝貴のけん制を受けながらも、ひるまずに前へ前へと踏み続け、最後は脇本も乗り越え、マークした久木原洋と関東ワンツーフィニッシュだ。 昨年は2月に3場所連続完全優勝でS級へ特別昇級。S級でもFI戦で3度の優出を果たしたものの年末に仙腸関節障害を患った。痛みは日常生活にも支障をきたし、満足のいく練習は遠い話だった。そうなればパフォーマンスも下降、年が替わっても予選をクリアするのもひと苦労だった。 若さと懸命な治療の甲斐もあり、ここにきて痛みは沈静。「しっかり練習ができるようになった」成果が6月久留米の今年初優出であり、初日予選の快走だ。 準決は新鋭・猿楽楓樹と鈴木陸来が相手の三分戦。自在派の鈴木が猿楽の好きにさせまいと乱せばチャンスランプは光っている。あとはビッグを揃えるだけだ。 東スポWEB,[],[]
朴智星の韓国サッカー界改革スタート　協会会長選には出馬せず「ファンからの信頼を失ってしまった」（東スポWEB）,https://news.yahoo.co.jp/articles/3af2226dabb72a64f0a33f678908360b984c6311,https://newsatcl-pctr.c.yimg.jp/t/amd-img/20260707-00394951-tospoweb-000-1-view.jpg?exp=10800,2026-07-07T19:25:22+09:00,2026-07-07T19:25:22+09:00,東スポWEB,tospoweb,東スポWEB,775,韓国サッカー界の大スターだった朴智星氏（2018年＝ロイター） 韓国サッカー界のレジェンドとして知られる朴智星氏（パク・チソン）の〝改革〟が始まった。 北中米W杯で1次リーグ敗退に終わった韓国内には、自国のサッカー協会や洪明甫（ホン・ミョンボ）前監督への批判が相次いでいる。その中で韓国の文化体育観光部は、崔輝永氏（チェ・フィヨン）氏と朴智星氏を共同委員長とする「Kサッカー革新委員会」を発足。6日に第1回の会議が行われ、2時間の予定だった会議は3時間近くまで続いた。 韓国メディア「ニューデーリー」によると、朴智星氏は自国サッカー協会会長の選挙には出馬しないことを明確に断言。一部では出馬の可能性が伝えられていたが「ここに参加する際、会長選挙に出馬しようという心構えで来たのであれば、別の解釈を招く余地がある。また、ここでの活動によって会長になれるという考えを多くの人々に植え付けてしまう可能性もある。そのような点は公正ではないと思う。そのため、明確に一線を画して革新委員会に参加した。ここに参加するすべての人が、この点をしっかりと認識して参加している」と語った。 同国サッカー協会は独立機関のため「Kサッカー革新委員会」の提案を受け入れる義務はない。それでも朴智星氏は「われわれが最も重要視しているのは、韓国サッカーがファンからの信頼を失ってしまったということだ。その信頼を回復できる初期段階を築いていく過程になってほしい」と説明。 今後の会長選については「どうするかは現時点では言えない。多くの定款があり、複雑な問題や行政手続きがある。その中で、私たちにできること、提案できること、サッカー協会が受け入れ、積極的に進めていけることについて議論した」と話すにとどめた。 レジェンドの行動で韓国サッカー界はどのように変わるのだろうか。 東スポWEB,[],[]
【びわこボート・ヴィーナスＳ】北村寧々　初日後半は巻き返しの１着「行き足も悪くないのでスタートしやすい」（東スポWEB）,https://news.yahoo.co.jp/articles/8058567af320b1d4f5a6f00a0b87c0622ef50af1,https://newsatcl-pctr.c.yimg.jp/t/amd-img/20260707-00394950-tospoweb-000-1-view.jpg?exp=10800,2026-07-07T19:15:32+09:00,2026-07-07T19:15:32+09:00,東スポWEB,tospoweb,東スポWEB,392,北村寧々 ボートレースびわこの「びわこヴィーナス！第7回酒処京都新京極スタンド」が7日、開幕した。 北村寧々（24＝長崎）は4号艇で臨んだ5Rは来田衣織に道中競り負けて4着発進も、後半9Rは逃げ快勝して今節初白星を手にした。 今節の相棒は2連率35％の41号機。使用7節で2優出している一方、前操者の丸尾義孝は優勝戦でエンスト失格。今節は新ペラからの調整となった。それでも「ペラはある程度叩いて、足周りも点検しブラケットを交換して乗れるところはまでは持ってこれた。回り足は少しいい」と調整は上々だ。 3節前の地元大村での勇み足でF持ちだが「行き足も悪くないのでスタートしやすい」とスタート遅れの心配もなさそう。2026年後期勝率は5・53で今月から初めてA2級として戦う。「次節でウエスタンヤングに出られるし、そういう大会で勝てるようにしていきたい」と気持ちは前向きだ。 東スポWEB,[],[]
【ＭＬＢ】崩壊メッツに再建青写真　ソト＆リンドーア確保もビシェット放出現実味＝米報道（東スポWEB）,https://news.yahoo.co.jp/articles/fb5e64eb250cf62c1cc4aee8979c3deea521aec3,https://newsatcl-pctr.c.yimg.jp/t/amd-img/20260707-00394949-tospoweb-000-1-view.jpg?exp=10800,2026-07-07T19:10:24+09:00,2026-07-07T19:10:24+09:00,東スポWEB,tospoweb,東スポWEB,965,放出候補になったメッツのボー・ビシェット内野手（ロイター） 札束で築いたNYスター軍団が、今度は解体の〝序列〟を迫られている。米メディア「ヤードバーカー」は6日（日本時間7日）、37勝53敗でナ・リーグ東地区最下位の泥沼に沈むメッツが8月3日（同4日）のトレード期限を前に売り手へ回る可能性を報じた。崩壊寸前のチームが再建へかじを切る中、青写真の柱は明確になりつつある。フアン・ソト外野手（27）とフランシスコ・リンドーア内野手（32）は残し、ボー・ビシェット内野手（28）ら市場価値のある戦力の扱いを探るというものだ。 同メディアは地元局「SNY」のチェルシー・ジェーンズ記者のリポートを引用。スティーブ・コーエン・オーナー（70）は先週、地元紙「ニューヨーク・ポスト」に対し「ソトとリンドーアをトレードする考えはなく、2人のスーパースターを中心にチームを再構築できることを歓迎している」と説明したという。ソトは昨オフにメッツ入りしたばかりの看板選手で、リンドーアも長期契約を結ぶ攻守の顔。チームがいくら失速しても、この両輪まで切り離せば再建ではなく完全解体になってしまう。だからこそ、球団は「残す核」と「動かす資産」を分ける局面に入った。 一方で、空気が変わりつつあるのがビシェットだ。今季はここまで打率2割5分8厘、10本塁打、50打点、OPS0・689。元ア・リーグ首位打者の実績を持ちながら、加入から1年も経たないうちに放出候補として名前が浮上する状況になった。契約面から見ても今オフに権利行使をめぐる判断が控えるだけに、メッツにとっては市場が予想外の見返りを提示してくるかどうかを見極める価値がある。 デービッド・スターンズ球団編成本部長（41）は、来週の球宴休み明けにビシェット絡みのトレード案について少なくとも耳を傾ける用意があるとみられている。もちろん、低調な成績と高額年俸が足かせとなり、実際に成立するかは別問題。それでも、売り手に転じるメッツが「誰を守り、誰を換金するか」の線引きは見え始めた。 ソト、リンドーアを確保しながら、ビシェットを含む一部主力で将来資産を取りにいく――。大失速の代償として、メッツは優勝狙いの看板を一度下ろし、2027年の再浮上へ向けた現実路線に踏み出そうとしている。 東スポWEB,[],[]
【オールスター】オリックス・マチャドが初選出「三振を取りたい」 被災した母国ベネズエラへの思いも（東スポWEB）,https://news.yahoo.co.jp/articles/70e93488f5e00bb77a46f901cff48eb492a4a7c8,https://newsatcl-pctr.c.yimg.jp/t/amd-img/20260707-00394947-tospoweb-000-1-view.jpg?exp=10800,2026-07-07T18:55:23+09:00,2026-07-07T18:55:23+09:00,東スポWEB,tospoweb,東スポWEB,394,オリックス・マチャド 「マイナビオールスターゲーム2026」（28日・東京ドーム、29日・富山）のファン投票結果が7日に発表され、パ・リーグ抑え部門でオリックスから守護神のアンドレス・マチャド投手（33）が選出された。2年ぶり2度目の出場で、ファン投票では初選出に「とてもうれしい。日本のファンは世界一。最高のファンの前で（1イニング）3三振を取りたい」と声を弾ませた。 3年連続で20セーブに到達し、28試合で防御率1・21（6日現在）と圧倒的な成績をマーク。3月のWBCでもベネズエラ代表として世界一に輝いたが、一方で6月に母国が大地震に見舞われ、心を痛めている。第2戦は2024年1月の能登半島地震の復興支援として富山で開催されるとあって「富山や石川でも、たくさんの方が亡くなったと聞いている。そういう方々や、その家族のためにも投げたい」と思いを込めての投球を誓った。 東スポWEB,[],[]
箕輪厚介氏　佐藤二朗は〝被害者〟もＳＮＳは「全然面白くない」「あのノリ嫌い」（東スポWEB）,https://news.yahoo.co.jp/articles/40d8bdf1f2a445e1d61895672b2a047f30ff2671,https://newsatcl-pctr.c.yimg.jp/t/amd-img/20260707-00394946-tospoweb-000-3-view.jpg?exp=10800,2026-07-07T18:50:24+09:00,2026-07-08T00:20:26+09:00,東スポWEB,tospoweb,東スポWEB,673,箕輪厚介氏 「幻冬舎」編集者の箕輪厚介氏（40）が7日までに自身のユーチューブチャンネルを更新。俳優・佐藤二朗のハラスメント報道に言及した。 【写真】佐藤二朗 怒りのフジテレビ決別ポスト 佐藤は1日の文春オンライン、2日発売の週刊文春でハラスメント疑惑を報じられた。6月23日に最終回を迎えたフジテレビ系4月期「夫婦別姓刑事」でともにダブル主演した女優の橋本愛との間でトラブルが発生。佐藤、橋本とその関係者の間で交わされた話も詳報された。 箕輪氏は、「俺がフジのプロデュ―サーだったら（橋本の配慮事項を）伝えるかといったら…」と濁したものの「そもそも、だったらキャスティング変えようと思うけど。夫婦役で体の接触NGって意味わかんないから。それでも橋本さんを使いたいというのがあって、伝えないというのはまずフジのプロデューサーの落ち度」と指摘。「佐藤さんも橋本さんもフジテレビの仕切りの悪さの被害者だと思う現場レベルでは」と持論を語った。 ただ、「内々で処理すればよかった問題」でもあるという。「表では言えない特殊なことがありながら仕事というのは進んでいくもの。いろいろある中で飲み込んで、そうやって進んでくもの。フジテレビで現場レベルで仕切りがめちゃめちゃ悪い。でも一番悪いのは週刊文春だからね」と話した。 騒動は佐藤も被害者であるとの認識を語ったが、佐藤のSNS投稿については「全然面白くない。なんであれあんなウケるの」とバッサリ。「田村淳さんが共感を表明するためにうんことか言ってて、あのノリ嫌い全然面白くない」とぶっちゃけた。 東スポWEB,[],[]
【ドジャース】口論→サヨナラ打のラッシング「悪意ない」と弁明も…米ＥＳＰＮ「まるでゴライアス」（東スポWEB）,https://news.yahoo.co.jp/articles/23e67a32e509a4d46572ddc79b62f8477dc3f4fc,https://newsatcl-pctr.c.yimg.jp/t/amd-img/20260707-00394944-tospoweb-000-1-view.jpg?exp=10800,2026-07-07T18:40:24+09:00,2026-07-07T18:40:24+09:00,東スポWEB,tospoweb,東スポWEB,911,ダルトン・ラッシングのタッチをかいくぐりコール・キャリッグが生還した（ロイター） お騒がせ男が、またしても主役の座をさらった。ドジャースのダルトン・ラッシング捕手（25）が6日（日本時間7日）、本拠地ドジャー・スタジアムで行われたロッキーズ戦で、良くも悪くも強烈な存在感を放った。米メディア「ヘビー」は、延長10回の本塁上でロッキーズのコール・キャリッグ外野手（24）と一触即発になったことで両軍ベンチが一時飛び出す騒ぎになった一件を取り上げ、騒動の主であるラッシングについて「短気な性格」で批判を浴びていると指摘した。 場面は6―6の延長10回。三走のキャリッグが内野ゴロで本塁へ突入し、ラッシングのタッチをかいくぐって勝ち越しの生還を果たした。直後に両者がヒートアップ。ラッシングは試合後に「試合の競争的な性質が原因だったと思う。ボールに絡むプレーをしていて、それが間違った方向に受け取られてしまった。悪意はなかった」と釈明した。ロバーツ監督も「大きな誤解だった」と火消しに回ったが、若き捕手の〝危うさ〟はまた米球界の話題になった。 ただ、そこで終わらないのがラッシングだ。10回裏にドジャースが追いつき、7―7で迎えた11回裏一死二、三塁。ここでラッシングが前進守備の右側を破るサヨナラ打を放ち、ドジャースを8―7の劇勝に導いた。この日は2本の二塁打を含む3安打。大谷翔平投手（32）の通算299号＆4打点の活躍にも負けないインパクトを残した。 米スポーツ専門局「ESPN」の6日（同7日）深夜放送「スポーツセンター」でも、その存在感は大きく扱われた。アンカーは「何をするか分からず全てが絵になる」ラッシングを、旧約聖書に登場するペリシテ人の巨人兵士に由来し「巨大なもの」「大立て者」をたとえる際に使われる「ゴライアス」になぞらえ、「彼はまるでゴライアスそのものだ」と評した。 口論で火種をまき、最後はバットで勝負を決める。短気か、闘志か、スター性か。評価は分かれても、ラッシングがいま最も目を離せない〝時の人〟になっていることだけは間違いない。まさに良くも悪くも、ドジャースの中心で騒ぎを呼ぶ存在だ。 東スポWEB,[],[]
【オールスター】ファン投票選出のソフトバンク・栗原陵矢「正直２億くらい…」周東佑京「スピード感のある野球を」（東スポWEB）,https://news.yahoo.co.jp/articles/3348f2544226d3645404a9c86cd0b84d6bdffd2e,https://newsatcl-pctr.c.yimg.jp/t/amd-img/20260707-00394943-tospoweb-000-1-view.jpg?exp=10800,2026-07-07T18:30:35+09:00,2026-07-07T18:30:35+09:00,東スポWEB,tospoweb,東スポWEB,456,ソフトバンク・栗原陵矢 「マイナビオールスターゲーム2026」（28日・東京ドーム、29日・富山）のファン投票の結果が7日に発表され、ソフトバンクから栗原陵矢内野手（30）と周東佑京外野手（30）が選出された。 12球団ダントツの24本塁打、リーグ2位の59打点をマークしている栗原は三塁手部門で60万票を超える支持率を得た。2年ぶり4度目の出場となる鷹の選手会長は「正直、2億くらいいくかなと思ってました…。思ったより（得票数が）少なかったんで、もっともっと頑張りたいです」と冗談交じりに感謝。「しっかり振れるように頑張ります！」と、キングらしく力強く意気込みを語った。 3年連続3度目の出場となるが、ファン投票では初選出の周東は「とても多くの方に投票していただいて光栄ですし、普段応援してくれている方々に感謝したいです」と率直に喜びを語った。ここまで17盗塁はリーグトップ。「盗塁はみなさん見たいと思ってくださっていると思う。そういうスピード感のある野球を見せたいです」と、本領発揮を約束した。 東スポWEB,[],[]
【ドジャース】首位独走の裏で「大間違いトレード」　ホワイトソックス放出後に球宴初出場＝米報道（東スポWEB）,https://news.yahoo.co.jp/articles/5a4652908353d8aa747d9115c5f786f77bd8deeb,https://newsatcl-pctr.c.yimg.jp/t/amd-img/20260707-00394942-tospoweb-000-4-view.jpg?exp=10800,2026-07-07T18:15:32+09:00,2026-07-07T20:45:28+09:00,東スポWEB,tospoweb,東スポWEB,1082,ホワイトソックスのミゲル・バルガス（ロイター） ドジャースは6日（日本時間7日）、本拠地ロサンゼルスでのロッキーズ戦で延長11回にサヨナラ勝ちを収め、両リーグ最速で60勝に到達した。 92試合を終えて勝率は驚異の6割5分2厘、地区では2位のダイヤモンドバックスに14ゲーム差と首位の座も盤石だ。総合力で他チームを圧倒し続けているが、何もかもが成功しているわけではない。米メディア「ヘビー」はこの日、「ドジャースがオールスター選手をトレードで放出したのは大きな間違いだったようだ」と伝えた。 その〝大失敗トレード〟の中心人物は2024年7月末にドジャースとホワイトソックス、カージナルスの間で行われた三角トレードでドジャースからホワイトソックスに移籍したミゲル・バルガス内野手（26）だ。 バルガスはドジャースのトッププロスペクトだったが、在籍した3シーズンで出場129試合、打率2割1厘、11本塁打と期待されたほどの結果を残せず、新天地に渡った。当時のホワイトソックスは年間100敗以上を喫する「最弱球団」とやゆされていたが、昨季はキャリア最多の138試合に出場。打率2割3分4厘ながら16本塁打、60打点など軒並み自己最高の成績を挙げ、今季は三塁のレギュラーとして88試合で2割4分7厘、20本塁打、56打点、OPS0・857とさらなる成長を遂げ、初めてオールスター戦にも選出された。 しかも現在は欠場中の村上らとともにチームをけん引して地区首位。同メディアは「バルガスの物語は素晴らしいものだ。苦戦したドジャースから低迷していたホワイトソックスに移籍し、今ではチームを勝利に導き、同地区のライバルチームに勝利を収めている」と賛辞を送り「ドジャースはトレードを成功させることが得意だが、今回のトレードに関しては取り消したいと考えているかもしれない」と伝えた。 もっとも、バルガスと引き換えにホワイトソックスから獲得した救援右腕のコペックも24年のワールドシリーズ進出に貢献した。しかし「それ以来、コペックはケガのためほとんど登板できていない。25年はわずか11イニングしか投げておらず、今季はまだ登板していない」とバルガスには到底及ばないとした。 トレードの評価は見方によってもさまざまだが、バルガスが新天地で球宴初出場の栄誉を手にしたことは事実。同メディアは「ある人にとってのゴミも別の人にとっては宝」「ホワイトソックスはいずれ深刻なケガの問題を抱えるであろう高齢の投手と引き換えに、バルガスを獲得できたことを間違いなく喜んでいる」と評している。 東スポWEB,[],[]
【ＭＬＢ】ヤンキースのブーン監督がＡＢＳチャレンジ無視の球審に「気が狂いそうだった」＝米報道（東スポWEB）,https://news.yahoo.co.jp/articles/f18aa461c022fd95cca37eabd236f5084e95ead0,https://newsatcl-pctr.c.yimg.jp/t/amd-img/20260707-00394941-tospoweb-000-1-view.jpg?exp=10800,2026-07-07T18:05:23+09:00,2026-07-07T18:05:23+09:00,東スポWEB,tospoweb,東スポWEB,486,ヤンキースのアーロン・ブーン監督（ロイター） ヤンキースの〝退場王〟アーロン・ブーン監督が快勝劇にも審判への不信感を募らせた。 6日（日本時間7日）、ヤンキースは敵地レイズ戦に5―1で快勝。だが試合後、取材に応じたブーン監督は「気が狂いそうだった」と試合を振り返った。 問題のシーンはヤンキースが3―1でリードしていた7回。ジェーソン・ドミンゲス外野手が打席でストライクの判定に対し、すぐにヘルメットをたたいた。だが球審がこれに気付かずスルーされた。 ブーン監督は「あれはひどい判定だった。見ばえも悪いし、理解できない。彼（球審）のクルーの仕業だとは分かっている。彼らは迅速な対応を重視する連中だ。でもかなり早いアピールだったし、チャレンジは絶対に認められるべきだった」と振り返った。 実はヤンキースは以前もチャレンジを無視されていた。中継でもチャレンジの瞬間、球審が下を向いているように見えた。「数週間前にうちで同じことが起きたばかりなので、説明に最後まで納得できなかった。もう気が狂いそうだった…あれは本当に間違っている」と指揮官の怒りは収まらなかった。 東スポWEB,[],[]
ＧＭＯ渋谷エンタメ祭２０２６で「ＪＡＭＥ　盆踊り」を開催　演歌・歌謡のアーティストも出演（東スポWEB）,https://news.yahoo.co.jp/articles/7507d3a85ba48bcf3145249d0fb018989708195c,https://newsatcl-pctr.c.yimg.jp/t/amd-img/20260707-00394934-tospoweb-000-1-view.jpg?exp=10800,2026-07-07T18:00:34+09:00,2026-07-07T18:00:34+09:00,東スポWEB,tospoweb,東スポWEB,297,「ＪＡＭＥ 盆踊り」が開催される 日本音楽事業者協会（音事協）主催の渋谷発総合エンターテインメントフェス「GMO渋谷エンタメ祭2026」の1プログラムとして演歌・歌謡曲ライブ「JAME 盆踊り」が開催される。 代々木公園・ケヤキ並木の特設やぐらステージで、アーティストや芸人が昔ながらの音頭やJ―POPDJJプレイをとりいれた現代盆踊りが行われる。 7月11日にはお笑いタレントのレイザーラモンRGや、演歌歌手の大石まどか、駿河ヤマト、羽山みずき、二見颯一、青山新、原田波人、SHOW―WAらが登場。12日には岩佐美咲、岩波理恵、杜このみ、松阪ゆうき、MATSURIらが参加する。 東スポWEB,[],[]
丘みどりがリサイタルを開催「『レミゼ』が大きな目標」と夢はミュージカル出演（東スポWEB）,https://news.yahoo.co.jp/articles/ad44a83c267033aa0b68774077f5249738fe6f71,https://newsatcl-pctr.c.yimg.jp/t/amd-img/20260707-00394932-tospoweb-000-1-view.jpg?exp=10800,2026-07-07T18:00:34+09:00,2026-07-07T18:00:34+09:00,東スポWEB,tospoweb,東スポWEB,568,熱唱する丘みどり 演歌歌手・丘みどりが7日、都内で「丘みどりリサイタル2026―演魅 Vol．7―」を開催。8日にリリースする新曲「まだ半ば」をファンの前で初披露した。 新曲は秋元康作詞・総合プロデュース作品で、丘は「前ばかり向いて歩いていたんですけど、ちょっと立ち止まって、自分の人生だったりを振り返りながら、まだまだこれからがんばるぞっていうような1曲です」と話した。 この新曲のミュージックビデオ（MV）にはAKB48の伊藤百花がゲスト出演している。「秋元先生と一緒にお仕事させていただくご縁で出ていただけて、すごくうれしい。一緒に撮影をする場面もあったので、お会いさせてもらいました。またMVにでてもらいたい」と語った。AKBのMVに出ることはと聞かれると、「私なんか出るところありますかね。出れるところがあれば、ぜひ」と笑みを見せた。 ステージでは新曲のほかカップリング曲「丁稚羊羹」など26曲を熱唱。演魅シリーズの見どころの一つである「幽玄組曲」ではオリジナルミュージカルも披露した。本格的なミュージカルに出演したいというのは丘の目標の一つで「『レミゼ（レ・ミゼラブル）』が大きな目標ですね。まだ自分が本当に飛び込んだことがない世界なので、新人として一からお勉強させていただける立場として出たいです」と語った。 東スポWEB,[],[]
【大阪プロレス】２０日「大阪城下祭」で４大タイトル戦！　松房龍哉は３度目の防衛に自信（東スポWEB）,https://news.yahoo.co.jp/articles/422c6032ce7392caf3acbf49eb7c47989a2325e3,https://newsatcl-pctr.c.yimg.jp/t/amd-img/20260707-00394940-tospoweb-000-1-view.jpg?exp=10800,2026-07-07T17:55:22+09:00,2026-07-07T17:55:22+09:00,東スポWEB,tospoweb,東スポWEB,628,ベルトをさわろうとする佐野蒼嵐を拒否する松房龍哉(左) 大阪プロレスの上半期を締める大一番「大阪城下祭」（7月20日、クールジャパンパーク大阪TTホール）の記者会見が7日、大阪市内で行われた。 大会の目玉は4大タイトルマッチ。大阪プロレス選手権試合で佐野蒼嵐の挑戦を受ける王者・松房龍哉は「ヘビー級のベルトとか言ってるけど、これはヘビーじゃなくて無差別級なんだよ。自分のところの自分が挑戦する王座がどんなものなのかぐらい覚えとけ！」と貫禄たっぷり。3度目の防衛への自信をにじませていた。 一方、タッグ選手権試合の会見は大荒れ。タコヤキーダー、アルティメット・スパイダーJrの王者コンビを「雲の上の王者チームに我々のような者の挑戦を受けていただいてありがとうございます」と三度も立ち上がって頭を下げた挑戦者のTORUと浅川紫悠だったが、ホメ殺しも最後まで続かない。 タコ入りスパゲティー＝タコスパ（タコヤキーダーとスパイダーJr）を突然食べ出し「タコスパはしょっぱい（業界の隠語でダメ、へたくその意味）」と連呼し、最後は王者チームの口に無理やりスパゲティーを押し込んでとっとと帰っていった。 大会当日はシングル、タッグ王座戦のほかに大阪ライトヘビー級選手権試合、大阪名物世界一選手権3WAYマッチも行われる。また、ゼウスも3か月ぶりにゲスト出場のCIMAとともに8人タッグに登場する。大阪プロレスの〝宝塚記念的大一番〟は、盛りだくさんの内容だ。 東スポWEB,[],[]
フジが声明発表　佐藤二朗と橋本愛のトラブル「両者間の協議の仲介にも努めてまいりました」（東スポWEB）,https://news.yahoo.co.jp/articles/9fa5000d6b337d9e2ae53441bcc63011bba7827f,https://newsatcl-pctr.c.yimg.jp/t/amd-img/20260707-00394938-tospoweb-000-1-view.jpg?exp=10800,2026-07-07T17:20:28+09:00,2026-07-07T17:20:28+09:00,東スポWEB,tospoweb,東スポWEB,1105,再度経緯を説明したフジテレビ フジテレビは7日、同局ドラマ「夫婦別姓刑事」（火曜午後9時、6月23日最終回）でW主演した俳優の佐藤二朗と女優の橋本愛をめぐる一連のトラブルについて、声明を発表した。 一連の件をめぐっては「夫婦――」の撮影で共演した佐藤が橋本の楽屋に乗り込み、キャリアを全否定する発言をしたなどと「週刊文春」で報じられた。フジテレビは外部の弁護士に調査を依頼した結果、佐藤の行為を「深刻なハラスメント」と認定したとしている。 声明によると、橋本には過去にハラスメント被害を受けてトラウマがあるため「キスシーンやベッドシーン等の場面がある場合には、実前に相談の上、インティマシーコーディネーター等の専門家を関与させること」など「演技上の配慮に関する実項」があった。これを佐藤側のマネージャーには共有。その後「男性俳優の演技に影響が生じかねない」として佐藤本人には知らされてなかった。 撮影中には、佐藤が橋本の顔に触れる場面があったというが「女性俳優側は、このときの男性俳優の接触をセクシャルハラスメントであるとは受け止めておりません」と説明。他にもアドリブで接触がある演技などが多かったことから、制作サイドが話し合いの場を設けようとしたところ、佐藤が「二人きりで話したいとして女性俳優の楽屋を訪れたとの連絡が入りました」という。そこで佐藤から「演技に制限があるのであれば事前に言うべきである」という旨の発言があったとし「この段階で、当社コンプライアンス部門にも報告されています」とした。 この話し合いの後、再度佐藤が橋本の楽屋を1人で訪れて「俳優活動に関する自身の考えを伝える場面がありました」という。橋本の様子について「男性俳優の訪問が突然であったことと、その発言の内容や口調の強さに激しく動揺し、しばらくの間、女性俳優は涙が止まらない状態になりました」と記した。 これらを踏まえた上で、フジテレビのコンプライアンス部門は「男性俳優の発言内容に加え、両俳優の関係、発言がなされた経緯や状況、口調の強さ等の発言態様を総合的に考慮」したとして「男性俳優の一連の言動は女性俳優に受忍限度を超える精神的負荷を与えるものであり、女性俳優側に非はなく、ハラスメントと評価されるとの見解を示しました」とつづった。 また「男性俳優側と女性俳優側との間において一定の解決が図られるよう、両者間の協議の仲介にも努めてまいりました」とし「この協議の過程では、男性俳優側から女性俳優側に対して、謝罪したいとの意向が示されましたが、最終的な合意に至らない中で、本件が報道により公となりました」と再度説明した。 東スポWEB,[],[]
【オールスター】大勢がファン投票中継ぎ部門で選出　２年連続の出場に歓喜「うれしいですね」（東スポWEB）,https://news.yahoo.co.jp/articles/2af4890721f1f0db9e75e0207ef84ec84e5c7386,https://newsatcl-pctr.c.yimg.jp/t/amd-img/20260707-00394936-tospoweb-000-1-view.jpg?exp=10800,2026-07-07T17:05:23+09:00,2026-07-07T17:05:23+09:00,東スポWEB,tospoweb,東スポWEB,391,巨人の大勢 「マイナビオールスターゲーム2026」（7月28日・東京ドーム、29日・富山）のファン投票最終結果が7日に発表され、巨人の大勢投手（27）が選出。2年連続2度目の出場（選出は3度目）に「うれしいですね」と喜びをにじませた。 大勢はセ・リーグの中継ぎ部門で50万5286票を獲得し、2位のヤクルト・星におよそ20万票の差をつけてトップに躍り出た。今季はここまで31試合に登板。1勝1敗、3セーブ、21ホールドで防御率2・22をマークしている。 右腕は、球宴への選出が決まると「ファン投票で選んでいただいてたファンの方々に、見ていてワクワクするような投球ができればなと思います」と意気込みを語った。 第1戦は本拠地・東京ドームで行われる。「慣れたマウンドですし、少しでも緊張感のないなかで投げれたら」と背番号15。果たして本拠地での登板機会はあるのか、注目だ。 東スポWEB,[],[]
【卓球】九州カリーナ加入の平野美宇　九州との意外な縁「半年ぐらい宮崎県に住んでいた」（東スポWEB）,https://news.yahoo.co.jp/articles/350f05aa5656134e40c26194e5a4c82e17295dba,https://newsatcl-pctr.c.yimg.jp/t/amd-img/20260707-00394935-tospoweb-000-1-view.jpg?exp=10800,2026-07-07T17:05:23+09:00,2026-07-07T17:05:23+09:00,東スポWEB,tospoweb,東スポWEB,542,九州カリーナに加入した平野美宇 卓球女子団体で五輪2大会連続メダルの平野美宇が、九州との〝意外な縁〟を告白した。 今季からTリーグの九州カリーナに加入した平野は、7日に都内で会見を実施。「2歳ぐらいの時に父の仕事の関係で半年ぐらい宮崎県に住んでいたこともあった。出身は山梨だけど、小さい頃の友達とかもいて、宮崎に行った時は特に懐かしい気持ちになるというゆかりも実はある」と明かした。 福岡出身の卓球選手と言えば、北九州市生まれの早田ひな（日本生命）が有名だ。「今まではひなちゃん（のイメージが）がすごい強かったけど、九州カリーナに所属させてもらうことによって、小さい頃は私住んでいただけに、一気に九州の親近感が湧いた」とにっこり。2028年世界選手権団体戦は福岡県で開催されることから「九州カリーナの代表として、日本代表としても見ていただけたらうれしいなと思うので、そのためにも一つひとつの試合を頑張っていきたい」と力を込めた。 直近の目標は世界ランキングの向上だ。28年ロサンゼルス五輪については「一つひとつ目の前のことに集中して、その先に大きな大会があればいいな」と話すにとどめるも「いろんなことに挑戦したい」と気合十分。九州への思いを胸に、新たな旅路が幕を開ける。 東スポWEB,[],[]
【卓球】九州カリーナ加入の平野美宇　心を動かした言葉は「一緒に世界を目指して強くなろう」（東スポWEB）,https://news.yahoo.co.jp/articles/b4d44fcc4785010902370eee981be31a91ed2d8b,https://newsatcl-pctr.c.yimg.jp/t/amd-img/20260707-00394933-tospoweb-000-1-view.jpg?exp=10800,2026-07-07T17:00:33+09:00,2026-07-07T17:00:33+09:00,東スポWEB,tospoweb,東スポWEB,633,九州カリーナの川面創代表取締役と平野美宇（右） 卓球女子団体で五輪2大会連続メダルの平野美宇が、新たな決断を下した経緯を明かした。 【写真】短冊に願いを記した平野美宇 昨季までTリーグの木下アビエル神奈川でプレーした平野は、今季から九州カリーナに加入。7日には都内で会見を行い「パリ五輪が終わってから『今後の自分はどうしたい』と考える時間も多かった。一度立ち止まって考えることがたくさんあった」と率直な思いを語った。 九州カリーナからの誘いを一度は断ったというが、川面創代表取締役の言葉に心が動かされた。「九州に移籍して『また一から一緒に世界を目指して強くなろうよ』と話をいただいた。私は所属とかが個人になったので、練習だったりコーチだったり自分で見つける環境になった。自分で決断することによって強くなることがたくさんあると思う。九州や川面さんが協力してくれると聞いて、新しい環境で挑戦して、自分がどこまでできるかを試したい気持ちがすごく湧いてきた」とモチベーションが高まった。 新天地では中国超級リーグや国際試合に参戦しつつ、Tリーグ制覇に向けて活動していく構え。「個人だからこそ、いろんなチームに行かせてもらって練習をすることができている。男子選手のチームに行かせてもらったり、個人的にはどんどんいい状態になってきている」と手応えを口にした。 この日は七夕で短冊には「新しい環境で新ハリケーンを見せる！！」と願いを記した。心機一転で卓球と向き合う。 東スポWEB,[],[]
【桜庭和志連載＃21】硬かったイゴール・ボブチャンチンの拳…その時点までで食らったパンチで一番痛かった　（東スポWEB）,https://news.yahoo.co.jp/articles/7b5e7c86923820babb98530c0f7c2f062b9a96dd,https://newsatcl-pctr.c.yimg.jp/t/amd-img/20260707-00394782-tospoweb-000-1-view.jpg?exp=10800,2026-07-07T17:00:33+09:00,2026-07-07T17:00:33+09:00,東スポWEB,tospoweb,東スポWEB,1168,「最終兵器」と恐れられたボブチャンチン（右）（01年3月） 【グレイシーハンターの〝真実〟 IQレスラー桜庭和志 実録 桜道（21）】2000年5月1日に行われた無差別級トーナメント「PRIDE GRANDPRIX 2000」の2回戦でホイス・グレイシー（ブラジル）と6ラウンド（R）戦った末に勝ち上がり、準決勝ではイゴール・ボブチャンチン（ウクライナ）と対戦することになりました。 【写真】GP制覇のマーク・コールマン、ボブチャンチン、桜庭のスリーショット ところが、落とし穴が…。試合開始までに1時間くらい空いたんです。これで体が冷えてしまって、ガクンと疲労がきちゃったんですよ。試合も、今思うとバックを取っていれば良かったかなあって。僕は、相手が四つん這いの状況になったら横に崩してあおむけにしてから何かやりたいんです。っていうのもバックは技の展開が少ないから。それで、あんまりバックからというのをやっていなかったんですよね。でもあの時、ボブチャンチンをバックキープしてたら多分、首も取れたと思うんです。それで勝って、次の決勝で棄権してたらもっとおいしかったのになあ…。 ボブチャンチン戦で印象深かったのは、拳の硬さですね。パンチがフライパンで殴られてるみたいで、めっちゃ痛かった。その時点までで、食らったパンチの中で一番でした。やっぱり僕らとは骨密度が違うのかな…。骨が硬いんですかね。 それで1Rが終了して判定に入ったら「ドロー」だって言うんですよ。僕にしてみれば「ウソだろ！ ボブチャンチンだろ。どう考えても俺、やられてるイメージしかねえんだけど」って思ってましたね（笑い）。ドローだと延長戦になるルールだったんで「絶対まだやらせようとしてるじゃん！」って。それでセコンドに「もう無理です」と言って、タオルを投げてもらってTKO負けになりました。 最終的に負けて終わっちゃいましたけど、この大会の後からテレビとかマスコミからの取材が一気に増えたんです。ありがたいことだけど、本当に大変でした。この頃、僕は1日2回練習をしていたんです。昼間に動く練習をして、ご飯を食べて、昼寝をして、それから夕方にウエートトレーニングをしていました。体重を増やさないといけなかったから。 となると、取材を受けるには何かを削らなくちゃいけない。それで、今まで昼寝に充てていた時間に取材が入るようになったんです。だけど、練習でめっちゃ疲れて、ご飯を食べておなかいっぱいの状態じゃないですか。もちろん、眠いから機嫌が悪そうに見えてしまうというか…。 表情がドンヨリしてしまって、面白いことを何も思いつかなかった。あの当時、取材してもらった人たちには申し訳ないなという気持ちがあります。この場を借りておわびしたいと思います。 ゴメンナサイ！ 桜庭和志,[],[]
【ドジャース】ロバーツ監督　サヨナラ打のラッシングに「彼にとって素晴らしい夜だった」（東スポWEB）,https://news.yahoo.co.jp/articles/fc5c274f1d728c5a66e13c95e926d18ae44e671e,https://newsatcl-pctr.c.yimg.jp/t/amd-img/20260707-00394931-tospoweb-000-1-view.jpg?exp=10800,2026-07-07T16:10:25+09:00,2026-07-07T16:10:25+09:00,東スポWEB,tospoweb,東スポWEB,853,サヨナラ打を放ち水をかけられ祝福されるラッシング（ロイター） ドジャースは6日（日本時間7日）の本拠地でのロッキーズ戦に延長11回の熱戦の末、ラッシングの適時打で8―7でサヨナラ勝ちして、両リーグ60勝一番乗りを果たした。ロバーツ監督はラッシングをたたえた。 【動画】ラッシングの劇的サヨナラ打 延長11回一死二、三塁でラッシングは5番手の右腕ハーゲットのカウント1―1からの3球目、真ん中低めのボール球のチェンジアップを捉えてゴロで中前に運び、勝負を決めた。 ロバーツ監督は「彼にとって素晴らしい夜だったね。何とかして結果を出そうという気持ちが前面に出ていたと思う。内容のいい打席が続いていたし、ホームではすでに一度サヨナラも打っている。とにかくボールをフェアゾーンに飛ばして何かを起こそうという強い意志を感じたよ」と褒めた。 一方、延長10回一死三塁でマッカーシーの一ゴロで本塁に突入したキャリッグとクロスプレー。タッチが一瞬遅く勝ち越し点を許した。直後、キャリッグに何か言われると猛然と反論。両軍ベンチから選手が飛び出し乱闘寸前となった。〝お騒がせ男〟の本領を発揮してしまった。 この場面については「詳しくは分からないけど、キャリクが独り言のように何か口にして、それがダルトンには自分へ向けられた言葉だと聞こえたようだ。その後、お互いに話をして誤解だったことが分かった。いわゆる大きな行き違いだ」と語った。 ラッシングはここ1～2週間、大谷との関係を〝不穏〟と報じられるなど米メディアから批判を浴びてきた。報道陣から「攻撃のヒーローになれたことは大きいのでは」との質問も飛んだ。 「そうだね。ただ、批判という意味では、感情面の部分についてはもう整理できていると思う。数週間前のショウヘイとの件もきちんと解決した。それ以外では、彼はずっといい野球をしている。自分の役割をしっかり果たし、配球にも集中しているし、打撃も本当にいい流れに乗っている。すごくうれしいよ」。ロバーツ監督は目を細めた。 青池奈津子,[],[]
【オールスター】阪神から佐藤、森下、大山、中野がファン投票で選出　最多得票の森下は「ホームランを打ちたい」（東スポWEB）,https://news.yahoo.co.jp/articles/5b17e3f754cd2ed04516051003f891cdc1c67f41,https://newsatcl-pctr.c.yimg.jp/t/amd-img/20260707-00394919-tospoweb-000-2-view.jpg?exp=10800,2026-07-07T16:00:34+09:00,2026-07-07T16:50:24+09:00,東スポWEB,tospoweb,東スポWEB,580,（左から）中野拓夢、大山悠輔、森下翔太、佐藤輝明 NPBは7日に「マイナビオールスターゲーム2026」（28日・東京ドーム、29日・富山）のファン投票最終結果を発表。阪神から大山悠輔内野手（31）、中野拓夢内野手（30）佐藤輝明内野手（27）、森下翔太外野手（25）が選出された。 2025年に続き、12球団最多得票（79万498票）での選出となった森下は「オールスターはシーズンと違って別物だと捉えている。野球ファンの人もそうじゃない人も野球を見るキッカケの一つになるお祭りごとだと思うので。楽しさを伝えられたら」と声を弾ませた。 さらに昨シーズンの球宴では期待されながらもノーアーチに終わっただけに「去年は打てなかったホームランを打ちたいと今のところは思ってます。試合もそうですが、ファンサービスもできたらなと思ってます」と意気込んだ。 5度目の出場が決まった佐藤は、2位に30万票以上の大差をつけての選出となり「期待していただいてますしうれしいです」と思わずニッコリ。 富山での一戦は2024年元旦に発生した能登半島地震の復興支援として行われる。「現地の方もたくさん見に来られると思う。楽しんで野球をやってる姿を見てちょっとでも楽しい時間を過ごしてもらえれば、そこでやる意味があるかなと思う」と球宴の舞台で被災地に届ける思いも口にしていた。 東スポWEB,[],[]
【オールスター】阪神・中野拓夢は６年連続出場　ＨＲダービー打撃投手には本音「あんまり投げたくない（笑い）」（東スポWEB）,https://news.yahoo.co.jp/articles/2be7f178b5198280a6e60dcc27097968b9bbbb7a,https://newsatcl-pctr.c.yimg.jp/t/amd-img/20260707-00394917-tospoweb-000-2-view.jpg?exp=10800,2026-07-07T16:00:34+09:00,2026-07-07T16:50:24+09:00,東スポWEB,tospoweb,東スポWEB,599,中野拓夢が思いを語った 「マイナビオールスターゲーム2026」（28日・東京ドーム、2日日・富山）のファン投票で選出された阪神・中野拓夢内野手（30）が夢舞台への思いを語った。 ルーキーイヤーから6年連続の出場が決まり「プロ入った時は1回、2回出れればいいかなと思っていたところで、ファンのみなさんにそういう評価をしていただいているのはすごくうれしいです」と笑顔を見せた。 普段は敵として火花を散らす相手も2日間は同じチームの一員。球宴ならではの貴重な交流も刺激になっている。「1年目の時に中日の大島さんにバッティングの話をして。いろいろ調子が悪くなった時のこととかのアドバイスをいただいて。そういうのがすごく今の自分には生きてるかなと思いますね」とうなずいた。 また2024年には巨人・岡本（現ブルージェイズ）、25年には佐藤のホームランダービーで打撃投手も務めるなど、試合前から盛り上げに一役買ってきた。しかし「いやあ、もういいんじゃないですか。誰が出るかも正直まだ分かんないんで」と苦笑い。 さらに「お願いされたらちょっと考えようかなって感じですけど、あんまり投げたくないです（笑い）。疲れるというか、絶対にミスができないみたいな感じの緊張感はあるんで。投げなくていいなら投げたくはないですけど」と思わず本音を漏らしていた。 阪神からは大山、佐藤、森下もファン投票で選出された。 東スポWEB,[],[]
【ＭＬＢ】岡本和真２０号もブルージェイズは記録的貧打「屈辱的な球団記録を樹立」＝米報道（東スポWEB）,https://news.yahoo.co.jp/articles/8fbc0f1823647b2614c1baea99edc15cc7fafbf7,https://newsatcl-pctr.c.yimg.jp/t/amd-img/20260707-00394930-tospoweb-000-2-view.jpg?exp=10800,2026-07-07T15:45:29+09:00,2026-07-07T16:05:22+09:00,東スポWEB,tospoweb,東スポWEB,693,ジャイアンツ戦で２０号本塁打を放った岡本和真（ロイター） 岡本和真内野手（30）1人の奮闘ではどうにもならないのか。米メディア「ヘビー」は6日（日本時間7日）、「ブルージェイズ、ジャイアンツ戦で屈辱的な球団記録を樹立」との記事を配信した。 敵地ジャイアンツ戦で岡本が日本出身選手3人目となる新人20号に到達。だが味方打線は3安打に抑えられ1―10で大敗した。 ブルージェイズはこの試合の前、マリナーズ相手に2試合連続で零封負けをしており、これで3戦わずか1得点。安打数も3戦でわずか7安打だった。記事は「ブルージェイズは3連敗となったが、その間の得点はわずか1点にとどまっている。この3試合で合計1対25と大きく点差をつけられている」とした。 そのうえ「さらに悪いことに、『スタッツセンター』によると、球団の3戦での最低安打記録を更新した」という。ブルージェイズの過去3試合における最低安打数は1981年の8安打だった。 シュナイダー監督は「今日は最悪だった。攻撃、守備、四球、失点、すべてにおいて、最初から最後までひどかった。もっと良くなる必要がある。必ず良くなると確信している」と語ったが昨年のワールドシリーズ進出チームに光明は見えてこない。 記事は42勝49敗でア・リーグ東地区4位と低迷するチームに「今シーズンのブルージェイズはチームとして全く機能しておらず、特に攻撃陣は精彩を欠いている。ワールドシリーズ優勝まであと一歩に迫ったチームが、わずか1年後にこのような状況に陥っているのを見るのは、ファンにとって非常につらいことだ」と早めに来季へ切り替えるべきとした。 東スポWEB,[],[]
【ドジャース】火薬庫と化したラッシング　サヨナラ打もまたトラブル「まるで火山の化学実験」（東スポWEB）,https://news.yahoo.co.jp/articles/303f02ced03016acc30288215cbfc7b997675906,https://newsatcl-pctr.c.yimg.jp/t/amd-img/20260707-00394928-tospoweb-000-1-view.jpg?exp=10800,2026-07-07T15:20:24+09:00,2026-07-07T15:20:24+09:00,東スポWEB,tospoweb,東スポWEB,624,大谷とハイタッチするラッシング（右＝ロイター） もはや〝火薬庫〟だ。ドジャースは6日（日本時間7日）、本拠地ロサンゼルスでのロッキーズ戦で延長11回の末に8―7でサヨナラ勝ちを飾った。 【動画】ラッシングの劇的サヨナラ打 最後にヒーローとなったのはダルトン・ラッシング捕手（25）だった。同点の一死二、三塁の場面で中前に抜ける劇的な一打。今季初めて突入した延長戦でドジャー・スタジアムのファンの多くが帰路に就いていた中、カード初戦で白星をもたらした。 ラッシングは別の局面でも〝主役〟となっていた。10回の本塁クロスプレーで1点を勝ち越された際、三塁から生還したキャリッグにもう一度タッチすると相手から何事かを言われ、ラッシングも応戦する形で言い寄った。すぐさま両軍ベンチから選手らが飛び出し、乱闘に発展しかねない一触即発の緊張状態に…。ラッシングは投手のエンリケスに続いて三塁手のマンシーに制止されたが、またしてもお騒がせシーンの中心人物となってしまった。 これまでにも相手への暴言騒動や危険なスライディング、自身へのいら立ちからバットを粉砕するなど何かと激情型の一面が取りざたされてきた。それだけに「FOXスポーツ」でドジャース戦の実況を務めるジョー・デービス氏は「これはまるで完璧な材料をそろえて火山を作る化学実験のようなものですね」とコメント。ラッシングの火に油を注ぐとどうなるかは、すっかりおなじみの光景になろうとしている。 東スポWEB,[],[]
増田陸　比嘉大吾との強打対決は「真剣の相手にライフルで打ち込む」（東スポWEB）,https://news.yahoo.co.jp/articles/c2d8aa9f00dc5851fedf7669d6a24458f96d3250,https://newsatcl-pctr.c.yimg.jp/t/amd-img/20260707-00394927-tospoweb-000-1-view.jpg?exp=10800,2026-07-07T15:20:24+09:00,2026-07-07T15:20:24+09:00,東スポWEB,tospoweb,東スポWEB,919,得意の左ストレートを繰り出して意気込む増田陸 ボクシングWBA世界バンタム級王座決定戦（20日、両国国技館）で同級2位・比嘉大吾（30＝志成）と対戦する同級1位・増田陸（28＝帝拳）が7日、都内で公開練習を行い、KOでの王座奪取に意欲を示した。 所属ジムのOBである元WBC世界バンタム級王者・山中慎介氏の異名〝神の左〟を受け継ぐ者と言われる増田は、必殺の左ストレートを入念に確認するようにミット打ち、サンドバッグ打ちなどを披露。すでに120ラウンド以上のスパーリングをこなし、「多少の疲労感はありますが、非常にいいトレーニングを積めています」と好調をアピールした。 デビュー15連続KO勝利の日本記録を持つ比嘉の強打対策も「一発のある選手なんで、そこをもらわないディフェンスの意識っていうのは練習でも取り組んでます。いろんなやり方があるんですけど、的を絞らせないことであったり、ガードもそうですし、基本的なところは今のところ練習でうまくできている」と手ごたえ十分だ。 挑戦権を獲得した前回のノニト・ドネア（フィリピン）戦は「真剣対真剣の斬り合い」と表現していたが、今回は「真剣で向かってくる相手に対してライフルで撃ち込むような展開にしたい」と、距離を支配して攻撃する考え。勝利の形を「自然な形でKOにつなげたいと思っています」とイメージした。 この一戦は、ジェシー・ロドリゲスが同王座を保持している間に発表されたことで物議をかもした。だが、ロドリゲスがスーパー王者に格上げされたことで正規王者2人並立の混乱が回避され、「比嘉選手と戦うところでずっと集中してきたので、あまり気持ちがぶれるようなことはなかった。まあ、きれいな形でタイトル戦になったのでうれしく思います」と歓迎。 それでも、同級は堤聖也（角海老宝石）が休養王者となっている王者乱立状態にあり、勝利した場合の希望については「比嘉選手に対して、この状況で次の発言をするのは失礼だと思う。リング上で自分の手が挙がった時にハッキリとしてくると思うので、当日のお楽しみということでお願いします」と予告するに止めた。 文句なしの勝利でチャンピオンベルトを手にすることはできるか。 洪経人,[],[]
【ドジャース】大谷翔平は４打数３安打４打点でサヨナラ勝ちに貢献　６試合ぶり１９号２ラン（東スポWEB）,https://news.yahoo.co.jp/articles/87044903734918394fd66c2afcbc2f9848e07f5b,https://newsatcl-pctr.c.yimg.jp/t/amd-img/20260707-00394926-tospoweb-000-2-view.jpg?exp=10800,2026-07-07T15:15:32+09:00,2026-07-07T16:00:34+09:00,東スポWEB,tospoweb,東スポWEB,901,３回に１９号２ランを放った大谷翔平（ロイター） ドジャースの大谷翔平投手（32）は6日（日本時間7日）に本拠地ロサンゼルスでのロッキーズ戦に「1番・DH」で先発出場し、3回に6試合ぶりの一発となる19号逆転2ランを放ち、4打数3安打4打点、1得点だった。打率2割9分4厘。チームは延長11回、ラッシングの適時打で8―7でサヨナラ勝ち。60勝両リーグ一番乗りを果たした。 32歳初アーチにドジャー・スタジアムが騒然だ。0―1の3回無死二塁で左腕フリーランドの初球、真ん中低めの87・9マイル（約141・5キロ）のカットボールを逆方向へ振り抜いた。角度29度、打球速度105・9マイル（約170・4キロ）で左中間に伸びるとファンの大歓声に押されるようにそのまま客席へ飛び込んだ。19号逆転2ランは飛距離379フィート（約115・5メートル）だった。これでメジャー通算300号に王手をかけた。 初回先頭はカウント1―1からの3球目、真ん中の82・7マイル（約133キロ）のカットボールを強打。観客はどよめいたが、角度18度、打球速度111・8マイル（約179・9キロ）の痛烈なライナーは中直だった。 4―1の4回一死二、三塁は1ボールからの2球目、内角の87・5マイル（約140・8キロ）のチェンジアップを強打。鋭いゴロは前進守備の遊撃手のグラブをかすめるように中前に抜ける2点適時打となった。 6―3の7回一死無走者は2番手の右腕アグノスの1ストライクからの2球目、内角の92・8マイル（約149・4キロ）のカットボールを捉えた。打球速度105・8マイル（約170・3キロ）の痛烈なゴロは一、二塁間を破り、右前に達した。 6―6の9回二死二塁は申告敬遠。球場は大ブーイングに包まれた。申告敬遠は10個目でナ・リーグトップだ。続くパヘスが見逃し三振に倒れた。今季92試合目で初の延長戦に突入。 10回に1点ずつを取り合って迎えた11回。一死二、三塁でラッシングが中前にサヨナラ打を放ち、接戦を制した。 区切りの300号王手をかけた大谷。7日（同8日）のロッキーズ戦で本拠地のファンの前で決める。 東スポWEB,[],[]
【ドジャース】ラッシングへの大甘擁護を巡って地元メディアが対立「再挑戦のチャンスだ」「何らかの制裁が必要」（東スポWEB）,https://news.yahoo.co.jp/articles/b5cef4f87a93b6a231cb6be50b26c1028b5ad74e,https://newsatcl-pctr.c.yimg.jp/t/amd-img/20260707-00394923-tospoweb-000-1-view.jpg?exp=10800,2026-07-07T14:40:25+09:00,2026-07-07T14:40:25+09:00,東スポWEB,tospoweb,東スポWEB,1091,ダルトン・ラッシング（ロイター） 地元紙による過剰なダルトン・ラッシング捕手（25）擁護に米メディアが真っ向から反論した。 【動画】19号逆転2ランを放った大谷翔平 米メディア「ドジャースウェー」は6日（日本時間7日）、「ドジャースサイドのラッシングに関する終わりのない宣伝は、もはや信じがたい」との記事を配信。「ラッシングの件は本当にうんざりする話だ。彼は子供のように振る舞い、ドジャースに甘やかされ、そして今度は自分がどうすればもっと良くなるかという何らかの反応を示す。この繰り返しだ。ラッシングが最新のトラブルからどう成長するのかという考察記事がまたしても書かれる段階にまで達した」と書き出した。 地元「カリフォルニアポスト」紙のジャック・ハリス記者が3日（同4日）、ラッシングについて「再挑戦のチャンスが与えられる」と期待する記事を配信。これに対し「ドジャースウェー」は「記事全体を通して、ドジャースサイドが状況を都合よく解釈しようとしているように感じられる。ラッシングはメジャーで初めてフルシーズンを戦っており、途中でつまずくことは当然あるだろう。ハリス氏のような記事の問題点は、これが既に何度も繰り返されてきた傾向であるという事実を無視していることだ。ラッシングの行動には何らかの制裁が科されるべきであることは明白だが、ドジャースはそれを公にするつもりはない」と同じことの繰り返しになると切り捨てた。 そのうえで「ドジャースサイドのラッシングに関するおべっか記事は、そろそろ飽きられてきた。『素晴らしい』と言ってもらえるのはうれしいが、彼の奇行はもはや試合に影響を与えかねないレベルに達している。ラッシングが相手選手に暴言を浴びせながら未熟さを露呈していた頃は、まだましだった。確かに間違っているが、少なくとも容易に制御できるものだった。しかし今や、ラッシングの自制心の欠如はドジャースの野球のプレーに悪影響を与えている」と看過できないとした。 正捕手のウィル・スミスが負傷中という事情もある。だが「もちろん、現状ではドジャースはさまざまな事情で身動きが取れない状況にある。スミスがけがで離脱し、チャッキー・ロビンソンも捕手としては物足りない状態であることを考えると、ドジャースはラッシングを起用せざるを得ないだろう。とはいえ、ドジャースがラッシングの擁護にそこまで力を入れる必要はまったくないはずだ」と悪影響の大きさを指摘した。 記事は「ドジャース御用メディアがラッシングへの対応で手加減をやめない限り、大谷との一件が最後になるとは考えにくい」と結んだ。 東スポWEB,[],[]
【ドジャース】癖バレ疑惑の佐々木朗希に試練　解説者「癖は直したら違うところが出てくる」（東スポWEB）,https://news.yahoo.co.jp/articles/56aa3a739ae3949da51d91e3803b1909f6c883b1,https://newsatcl-pctr.c.yimg.jp/t/amd-img/20260707-00394922-tospoweb-000-1-view.jpg?exp=10800,2026-07-07T14:35:22+09:00,2026-07-07T14:35:22+09:00,東スポWEB,tospoweb,東スポWEB,726,佐々木朗希（ロイター） ドジャースでメジャー2年目のシーズンを送る佐々木朗希投手（24）が大きな試練に直面している。次回登板は8日（日本時間9日）の本拠地地でのロッキーズ戦で予定され、7試合ぶりの白星を目指す。 前回登板した2日（同3日）のパドレス戦では2イニングで3本塁打を浴び、今季最短となる3回7安打6失点で降板。味方の猛反撃で黒星こそつかなかったものの、直近の4登板で計19失点と精彩を欠いている。その一因として、ロバーツ監督らが投球時の癖が相手チームにバレている可能性があると言及していた。 6日（同7日）のドジャース―ロッキーズ戦を放送した「NHK BS」で解説を務めた田中賢介氏（45）は、痛打されまくった前回登板について「私も見ていましたけど、バレているんじゃないかという気はしましたよね。タイミング的にね」と同調。ブルペンでの調整について「今は映像を重ねてどこが違うのかすぐ分かるので、違うところはもう分かっていると思うんですよね。それをしっかり修正していくというところだと思うんですけど」と語った。 ただ、癖を直すことは簡単ではないという。田中氏は「癖というのは直したらまた違うところが出てくるんですよ。これを直したから違うところが完璧に直るかというと、それとこれとはまた別の話なので。本当にいろんなところに気を使いながらやっていかないと」と指摘した。 今季の佐々木は開幕ローテーション入りを果たし、ここまで15試合で3勝5敗、防御率5・40。現在は負傷者リスト入りしているスネルやグラスノーらも復帰に向けて調整を進めており、結果が欲しいところだ。田中氏も「ポストシーズンでも先発してほしいですね」と復調を願っていた。 東スポWEB,[],[]
【卓球】九州カリーナ加入の平野美宇が決意表明「新しい環境で自分を強くする選択もいいと思った」（東スポWEB）,https://news.yahoo.co.jp/articles/b439620900b96f136a05965beadf0de31f9b9c22,https://newsatcl-pctr.c.yimg.jp/t/amd-img/20260707-00394921-tospoweb-000-1-view.jpg?exp=10800,2026-07-07T14:25:24+09:00,2026-07-07T14:25:24+09:00,東スポWEB,tospoweb,東スポWEB,516,会見した平野美宇 卓球女子団体で五輪2大会連続メダルの平野美宇が、新たな一歩を踏み出した。 Tリーグの九州カリーナと2026～27年シーズンの契約を結んだ平野は、7日に都内で会見を実施。5月末頃から交渉が始まり、スポンサーの協力もあって合意に至ったという。チームで過去最大の契約を結んだ平野は「次のステージに行く時にどうしようか昨季が終わって考えた時に、今まで恵まれていた環境から個人になって、新しい環境で自分を強くする選択もいいと思った」と明かした。 所属先の木下グループ、前在籍チームの木下アビエル神奈川を先月末で退団。自身のSNSには「木下に移籍してからの4年間、個人としてはパリオ五輪のシングルス出場という大きな目標をかなえることができ、チームとしてもTリーグ優勝を3度経験させていただきました。振り返ると、この選択をして本当によかったと心から思います」などと感謝をつづっていた。 直近ではWTTスターコンテンダー・リュブリャナ（6月16～21日、スロベニア）に出場。シングルス2回戦でドイツ選手に敗れていた。かねて平野は「1試合ずつ目標を決めてやっている」と語っているが、新天地でさらなる高みを目指す構えだ。 東スポWEB,[],[]
ニッチェ　昨年優勝した「ＴＨＥ　Ｗ」打ち切りに言及　江上敬子「われわれが終わらせましたね」（東スポWEB）,https://news.yahoo.co.jp/articles/8193f6c288cae9715862729ebf60465fdca7af59,https://newsatcl-pctr.c.yimg.jp/t/amd-img/20260707-00394920-tospoweb-000-1-view.jpg?exp=10800,2026-07-07T14:15:31+09:00,2026-07-07T14:15:31+09:00,東スポWEB,tospoweb,東スポWEB,469,ニッチェの江上敬子(左)と近藤くみこ お笑いコンビ・ニッチェが7日、ニッポン放送のラジオ番組「ナイツ ザ・ラジオショー」にゲスト出演した。 ニッチェは昨年行われた女芸人No．1決定戦「THE W 2025」で優勝した。だが同大会については先日、今年は開催されないことが一部で報じられている。 ナイツの塙宣之が「今年は開催されないとニュースになってましたね」と聞くと、ニッチェの江上敬子は「そうなんですよ。ひっそりとね、ニュースになってましたね」、近藤くみこは「でもまあ毎年、終わるんじゃないか説みたいなのは芸人界隈では流れてて…。よく続きましたね、9年」と話した。 これに対し、火曜パートナーの相席スタート・山﨑ケイが「9年もやってたんですか？」と聞くと、江上は「われわれ9代目女王で終了っていう、なんか中途半端なねえ」。塙が「終わらせたみたいなことですよ」と言うと、近藤は「きれいに終わらせました」、江上は「われわれが終わらせましたね。あんなテレビ、まあまあ出てるヤツらが優勝したらもう終わりだろ！みたいな」と話していた。 東スポWEB,[],[]
【戸田ボート・ＧⅡボートレース甲子園】元巨人の斎藤雅樹氏と村田真一氏が始球式＆トークショー（東スポWEB）,https://news.yahoo.co.jp/articles/7e26bf90f438470b8537b5b2a03b78296c2d7676,https://newsatcl-pctr.c.yimg.jp/t/amd-img/20260707-00394918-tospoweb-000-1-view.jpg?exp=10800,2026-07-07T14:00:34+09:00,2026-07-07T14:00:34+09:00,東スポWEB,tospoweb,東スポWEB,391,村田真一氏（左）と斎藤雅樹氏 元巨人の黄金バッテリー・斎藤雅樹氏と村田真一氏が7日、ボートレース戸田で始球式、トークショーを行った。 この日、G2「第8回全国ボートレース甲子園」が開幕。斎藤氏がステージ上の特設マウンドからステージ下のホームベースに構える村田氏のミットにストライク投球。斎藤氏は「球場以外での始球式は初めて。特設のマウンドがあったのはビックリした。投げやすかったです」とニッコリ。一方、客席前で投球を受ける形になった村田氏は「すぐ後ろにお客さんがたくさんいたのでちゃんと投げてくれよ、と思っていた」と苦笑いだった。 トークショーでは「甲子園」の話題になったものの「2人とも甲子園には出ていないんだよね。オレたちで良かったのかな」と首をかしげる場面も。ただ斎藤氏は「プロ野球に入ってからは甲子園で結構、勝たせてもらったいいイメージがああります」と話した。 東スポWEB,[],[]
「スーパーガール」〝人間らしい〟怠惰なヒーローに引き込まれた（東スポWEB）,https://news.yahoo.co.jp/articles/a608a9a7d5952a3dbbfce4f889cee6810e689181,https://newsatcl-pctr.c.yimg.jp/t/amd-img/20260707-00394895-tospoweb-000-1-view.jpg?exp=10800,2026-07-07T14:00:34+09:00,2026-07-07T14:00:34+09:00,東スポWEB,tospoweb,東スポWEB,826,有村昆 【ニュースシネマパラダイス】どうも！ 有村昆です。北中米W杯でサッカー日本代表がブラジルに惜敗しました。優勝の夢は4年後に持ち越しになりましたが、熱い戦いで日本中に勇気を届けてくれたと思います。本当にお疲れさまでした。来年には女子サッカーのW杯も控えているので、このままの熱量で皆で盛り上げていきたいですね。 そんな思いから今週は、世界的ヒーロー・スーパーマンの従妹の活躍を描く新作映画「スーパーガール」を紹介します。 映画はスーパーマンが地球を救った後の世界が舞台。突如現れた敵の攻撃で毒に侵されてしまった愛犬を救うため、スーパーガールが宇宙規模の戦いに身を投じるという物語です。 今作は王道から外れたサブストーリー的な物語が特徴です。スーパーマンでは希望や理想、正義という王道テーマですが、スーパーガールは怒りや孤独、喪失、迷いをテーマにしています。要は思春期のこじらせた若い女性を扱っているんですよ。やりたいことが見つからない、自分というものもよくわからなくて、飲んだくれて怠惰な生活を送っている。ヒーローとしての力はあるのに、まだまだ未熟の主人公に人間らしさを感じ、引き込まれました。 また、物語が西部劇チックであることもポイントです。絶賛公開中の「スター・ウォーズ/マンダロリアン・アンド・グローグー」もそうだったのですが、ここ最近西部劇が映画界のトレンドとしてあると思うんです。大衆的な正義に縛られすぎず、組織にも属さず自由に戦うようなスタイル。これは、まさに働き方改革で自由になった現在の私たちの働き方そのものですよね。そんな社会の流れを活劇に落とし込もうとした時に、西部劇のような作りに仕上がるのかなと改めて思いました。 サブストーリー的作品であることを利用し、「スーパーマン」「バットマン」らを擁するDCコミックス作品から新しいものを出していこうという決意が見えた意欲作でもありました。ぜひ劇場で見ていただきたいです。 有村昆,[],[]
ＧＬＡＹのＴＥＲＵ　自身が名付けた馬が武豊騎手とコンビで出走し歓喜「感謝しかありません！」（東スポWEB）,https://news.yahoo.co.jp/articles/470ecf4296db11ea32375fe7db129fbad715bb4b,https://newsatcl-pctr.c.yimg.jp/t/amd-img/20260707-00394916-tospoweb-000-1-view.jpg?exp=10800,2026-07-07T13:35:24+09:00,2026-07-07T13:35:24+09:00,東スポWEB,tospoweb,東スポWEB,600,ＧＬＡＹのＴＥＲＵ ロックバンド・GLAYのTERUが7日「X」（旧ツイッター）を更新。自身が名付け親となった馬が武豊騎手とのコンビで出走することを報告した。 TERUは「12日の函館競馬で出走予定のテルヒコウは初の函館ということで武豊騎手とコンビを組んでいただけることとなりました！！」と投稿。 テルヒコウ（牡3＝矢作）はTERUが馬名の名付け親で話題を集めていたが、今週12日の函館9R北海ハンデキャップ（2勝クラス、芝1800メートル）に武豊騎手とのコンビで臨むことになった。 この報にTERUは「前々から武豊騎手と僕の函館の実家との繋がりを知ってはいましたが、お会いできる機会がなかったため、矢作先生にはいつかテルヒコウと函館競馬でコンビを組んでもらえたらとお伝えしていたのですが、こんなにも早く実現していただけるとは思ってもみませんでした」と喜びの気持ちをつづった。 その上で「矢作宿舎＆武豊騎手の関係者の皆様には感謝しかありません！心からお礼申し上げます」と投稿。 続けて「武豊騎手とは一昨日会食でお会いさせていただきまして、お礼を直接お伝えすることができました！」と武騎手と食事したことを明かし「12日は僕も函館競馬場に駆けつけます！！！函館市民の皆様！！！競馬ファンの皆様！よろしくお願いいたします！！！武さん！！！よろしくお願いします！！！！」と応援を呼びかけている。 東スポWEB,[],[]
野沢直子　サンフランシスコの物価高は「全米一」自宅は「買った値段の３倍くらいになってる」（東スポWEB）,https://news.yahoo.co.jp/articles/6582054bbbac1c8fc0eb7590ab9e548c3e439753,https://newsatcl-pctr.c.yimg.jp/t/amd-img/20260707-00394915-tospoweb-000-1-view.jpg?exp=10800,2026-07-07T13:05:23+09:00,2026-07-07T13:05:23+09:00,東スポWEB,tospoweb,東スポWEB,620,野沢直子 お笑いタレントの野沢直子が7日、ニッポン放送のラジオ番組「高田文夫のラジオビバリー昼ズ」にゲスト出演した。 現在は米国・サンフランシスコに住んでいる野沢は、年に1～2回日本に帰国し、その期間だけテレビやラジオに出演する〝出稼ぎタレント〟として活躍している。 米国での生活について、パーソナリティーの東貴博に「物価高じゃないですか？」と聞かれると、野沢は「サンフランシスコも多分、全米一高いかも」と回答。さらに東が「ニューヨークじゃないんだ？」と聞くと、「ニューヨークじゃない」と話した。 サンフランシスコが物価高になった原因について、野沢は「引っ越した時はそんなことなかったんですけど、なんかシリコンバレー（サンフランシスコのベイエリア）が、すごいワーッて盛り上がっちゃって。IT系の人たちがワーッて盛り上がっちゃって、それでサンフランシスコに現金で家を買うっていう。シリコンバレーから車で1時間ぐらいなんで、そういうことが始まっちゃって。90年代の終わりか、半ばくらいからそういう現象になって」と説明した。 ただ野沢は、物価高が始まる前に家を購入したという。東が「良かったですね。売ったら儲かるってことでしょ？」と聞くと、野沢は「売ったら儲かるんですけど…。買った値段の3倍くらいになってるんですけど、でも周りの家が全部高いから、じゃあどこに引っ越すんだってことになっちゃって、全然売ることもできず」と話していた。 東スポWEB,[],[]
【北中米Ｗ杯】ブラジル代表監督の続投に対し母国メディア「チームを破壊した」と猛批判（東スポWEB）,https://news.yahoo.co.jp/articles/c5ced277b2d93b3b62212928eefd7810c1ea400a,https://newsatcl-pctr.c.yimg.jp/t/amd-img/20260707-00394913-tospoweb-000-1-view.jpg?exp=10800,2026-07-07T12:55:23+09:00,2026-07-07T12:55:23+09:00,東スポWEB,tospoweb,東スポWEB,621,カルロ・アンチェロッティ監督（ロイター） 北中米W杯のラウンド16でノルウェーに1―2で敗退したブラジル代表のカルロ・アンチェロッティ監督に対し、ブラジルサッカー連盟は監督続投の姿勢を示唆していると報じられるなか、同国メディアは同氏が「チームを破壊した」などと猛批判を強めている。 英紙デイリー・メールなどによると、連盟は今回大会前、同監督との契約を2030年まで延長した。そのため、アンチェロッティ体制で次回大会に臨むとみられている。 だが、今大会で6度目のW杯優勝へと導くために招聘されたアンチェロッティ氏だけに、辛辣なメディア非難の矢面に立たされている。 ブラジル最大級のポータルサイト「UOL」のあるサッカーコラムニストは、ノルウェー戦でのアンチェロッティ監督の采配を「壊滅的」とし、「最後の交代で、世論に迎合する形でウインガーに代えてエンドリックとネイマールを投入したことで、チームを破壊した」と酷評した。 別のメディア記者は、「アンチェロッティに抱きしめられて死んだのはネイマールではなく、ネイマールを抱きしめて死んだのはアンチェロッティだった」と表現した。 ネイマールは今季けがに苦しみ、所属するサントスFCのリーグ戦出場がわずか8試合にとどまっていたにもかかわらず、アンチェロッティ氏は代表に招集。一方、チェルシーのジョアン・ペドロのようなスター選手が選外になるなど、チーム編成についても疑問の声が上がっていた。 東スポWEB,[],[]
佐藤二朗＆橋本愛ドラマ脚本家の会員向け記事が物議 「ありがとう」「炎上を金儲けに…」の声（東スポWEB）,https://news.yahoo.co.jp/articles/8adadab679b8274c4c6b62a89238a5d7d53e2613,https://newsatcl-pctr.c.yimg.jp/t/amd-img/20260707-00394912-tospoweb-000-6-view.jpg?exp=10800,2026-07-07T12:45:29+09:00,2026-07-07T21:25:24+09:00,東スポWEB,tospoweb,東スポWEB,1246,佐藤二朗と橋本愛 俳優・佐藤二朗（57）のハラスメント報道が飛び火している。 1日配信の「文春オンライン」によると、6月23日に最終回を迎えた同局ドラマ「夫婦別姓刑事」の現場で佐藤がダブル主演の女優・橋本愛（30）の楽屋に押しかけ、キャリアを否定する発言をしたという。撮影中の身体的接触をめぐり、認識のズレが伏線としてあった。 【画像】怒りと悔しさがにじむ佐藤二朗の投稿 事態を重く見たフジは外部の弁護士に調査を依頼し、不適切な発言をした佐藤を厳重注意。2日に発表した声明では「当社は、過去に辛い経験をされた方に対して、それによる不自由や制限を当然に受け入れるべきだという意見には与しません」という立場を表明した。 一方、佐藤の所属事務所は「ハラスメントに該当する事実は確認されておらず、そのような評価は適切ではない」と反論。佐藤本人も事務所を通じて「すべての『事実』が明らかになる日が来ることを、切に祈ります」とコメントしている。 そんななか、同ドラマの脚本を担当した矢島弘一氏に注目が集まっている。文春報道直後にXで「事実と解釈が捻じ曲げられていて、めちゃくちゃ悔しい」「この悔しさを何処にぶつければ良いのだろう。絶対に違うのに。誰も幸せにならん」と連投。タイミング的に騒動に関する私見と思われる。 その矢島氏が5日、今度は有料会員向けの「the Letter」を更新。矢島氏は「当事者である私が話せること。」と題する、サポートメンバー限定の記事を公開した。 導入部分で「何かを語るには、あまりにも事が大きくなり過ぎた」と切り出し「この状況で何を語っても、きっと誤解が生じ、私が伝えたいこととは違う方向へ進む。違う方向へ進めば進むほど、私は苦しい」と葛藤を吐露。それでも「このまま何も語らず、終息に進めばと願ってはいるものの、今回の作品で同じ方向を向き、意見を交わし、作品が終わってからも酒と意見を交わした尊敬する俳優が傷付いている姿を見て、私はどうしても自分の言葉を書きたくなった」と説明した。 その上で「その言葉は誤解にならず、嘘にならず、垂れ流されることなく、届く人だけに届くことが出来るのはこの場所しかない」と会員向け記事を選択したことを告白。3000字以上のレポートをつづっている。 SNS上では当事者のみぞ知る話に「ありがとうございます」と感謝の声が寄せられる一方で、「炎上を金儲けにするのは…」といった意見も。矢島氏の当該記事に対する新規コメント受付は現在停止されており、閲覧できるものの中には「佐藤二朗を利用して金儲けに走っただけとしか思えない」という辛らつなコメントも残されている。 矢島氏は「当事者だからこそ、すべてのスタッフと関係者に敬意と誠意と愛を持って、知ってることと、私の想いを2026年7月5日ここに記す。垂れ流されないことを願って」と、拡散目的ではないことを強調しているが、このタイミングの有料版は逆に物議をかもすことになってしまったようだ。 東スポWEB,[],[]
【ＭＬＢ】岡本和真　日本人１年目で３人目の20号　右打者では初（東スポWEB）,https://news.yahoo.co.jp/articles/f072ee4c8383f59a0bda250ae94737a3bf17d528,https://newsatcl-pctr.c.yimg.jp/t/amd-img/20260707-00394910-tospoweb-000-2-view.jpg?exp=10800,2026-07-07T12:45:29+09:00,2026-07-07T13:40:23+09:00,東スポWEB,tospoweb,東スポWEB,463,仲間に祝福される岡本和真（ロイター） ブルージェイズの岡本和真内野手（30）は6日（日本時間7日）に敵地サンフランシスコでのジャイアンツ戦に「4番・三塁」で先発出場し、6回に8試合ぶりの一発となる20号ソロを放った。 【動画】岡本和真の20号ソロ弾 敵地の夜空に美しいアーチを描いたのは0―3の6回二死無走者だった、右腕ループの1ボールからの2球目、内角低めの93・2マイル（約150キロ）のシンカーを豪快にすくい上げた。角度33度、打球速度110・8マイル（約178・3キロ）で夜空に打ち上げると放物線は左中間席中段に舞い落ちた。8試合ぶり、30歳初アーチの20号は飛距離412フィート（約125・6メートル）だった。 日本選手がメジャー1年目で20本塁打を放つのは2018年の大谷翔平（エンゼルス）、26年の村上宗隆（ホワイトソックス）に続いて3人目で右打者では初の快挙。同時に18年の大谷の1年目最多の22本まであと2本とした。 初回二死一塁はカーブを打って左飛。3回二死一、二塁はシンカーに三ゴロだった。 東スポWEB,[],[]
【北中米Ｗ杯】〝バログン騒動〟の米国が敗退…渦中のＦＷは出場も不発　ベルギーが８強進出（東スポWEB）,https://news.yahoo.co.jp/articles/970fb01c939ae10012703c587a6b78ed1c40b5a6,https://newsatcl-pctr.c.yimg.jp/t/amd-img/20260707-00394909-tospoweb-000-3-view.jpg?exp=10800,2026-07-07T12:40:28+09:00,2026-07-07T13:40:23+09:00,東スポWEB,tospoweb,東スポWEB,816,出場停止処分の執行が猶予されたフォラリン・バログン（ロイター） サッカーの北中米W杯決勝トーナメント（T）2回戦（6日＝日本時間7日、米国・シアトル）、ベルギーが開催国の米国を4―1で下し、ベスト8進出を決めた。 米国は決勝T1回戦でFWフォラリン・バログン（モナコ）がレッドカードで一発退場。ところが出場停止処分の執行が猶予され、ベルギーが猛反発した中で試合を迎えた。 ベルギーは開始からボールを保持し、前半9分にはFWシャルル・デケテラーレ（アタランタ）がペナルティーエリア中央から右足で左からのクロスを押し込み先制。同31分には米国のMFマリク・ティルマン（レーバークーゼン）にFKを直接決められて失点するが、同33分にデケテラーレがヘディングで2得点目を決めて再びリードを奪った。 2―1で迎えた後半12分には米国GKマット・フリース（ニューヨーク・シティー）がペナルティーエリア外でボールを回収しようとしたところで、デケテラーレがボールを奪取。最後はMFハンス・ファナケン（クラブ・ブリュージュ）がミドルシュートを決めて突き放した。 さらにベルギーは、途中出場のFWロメル・ルカク（ナポリ）が終了間際に3試合連続得点を決めてとどめを刺した。一方の米国は渦中のバログンが後半47分までプレー。今大会3得点のエースが不発に終わり、勝利をつかむことができなかった。 ベルギーは試合前の騒動をものともせずに快勝。一方の米国は16強で敗退し、カナダ、メキシコを含めた開催国3か国はすべて姿を消すこととなった。米国代表マウリシオ・ポッチェッティーノ監督は「最初から試合にうまく入ることができなかった。この試合をしっかり分析しないといけない。一番の責任は私にある」と敗戦の弁を述べた。 前回2022年カタール大会では1次リーグで敗退したベルギーは、準々決勝（10日＝同11日、米国・ロサンゼルス）で強豪スペインと激突する。 東スポWEB,[],[]
落語家ヒカル 〝上下関係〟諭され反発「落語家全員へのリスペクトなんて持てない」（東スポWEB）,https://news.yahoo.co.jp/articles/46a1301e4d2326dd3c79ff411d39c8916e32bcca,https://newsatcl-pctr.c.yimg.jp/t/amd-img/20260707-00394911-tospoweb-000-2-view.jpg?exp=10800,2026-07-07T12:40:28+09:00,2026-07-07T13:00:33+09:00,東スポWEB,tospoweb,東スポWEB,698,ヒカル ユーチューバーのヒカルが7日、Xを更新。落語家デビューについて批判的な声に言及した。 【写真】松本人志も？落語家デビューをぶち上げた立川志らく ヒカルは立川志らくの弟子として立川さぎ志として8月3日に東京・明治座で独演会を開催する。チケットは完売している。この件に批判的な声も上がっていた。 ヒカルは「なんかよく分からん落語家の人のファンか、それに群がる野次馬たちが『落語界の先輩にリスペクトを持て！』とかごちゃごちゃ言ってきてるけど、立川志らくの落語に感銘を受けただけで落語家全員へのリスペクトなんて持てない」キッパリ。 志らくの落語への高い評価を明かし、「何が言いたいかっていうとうちの志らくはこんな生意気な人間がリスペクトを持つくらい凄い人ってこと」とつづった。 この投稿に志らくも反応。「たくましい。ひとつも間違ってない」とヒカルを擁護。「悔しければさぎ志を自分の落語会に招いて己の落語を聴かせてみればいい。彼と勝負してみれば良い。そこで尊敬されるか、相手にされないか。リスペクト云々はその後言えばいい」と提案した。 さらに、別の投稿では「伝統芸能の一番悪いところが出たね。落語家がドラマや映画に出て、文句言ってくる役者とかいる？ 私が下町ダニーローズを旗揚げして向田邦子の『あうん』を上演して話題になり客席を満杯にしたとき、他の劇団が落語家が向田邦子をやりやがってと言って悔しがったか？ ファンも誰も文句言わなかったよ」と体験談を披露。 最後に「つまり文句を言う奴は落語だけやってなさい。テレビにもYouTubeにも、出ちゃうダメだよ。文句あるかい？」と指摘した。 東スポWEB,[],[]
【ＭＬＢ】スクバルはやっぱりドジャースか　トレード確率「８５％」「喜んで払う」＝米報道（東スポWEB）,https://news.yahoo.co.jp/articles/560185079c2ddc675f68b3991076b96398ca3ad6,https://newsatcl-pctr.c.yimg.jp/t/amd-img/20260707-00394907-tospoweb-000-1-view.jpg?exp=10800,2026-07-07T12:20:26+09:00,2026-07-07T12:20:26+09:00,東スポWEB,tospoweb,東スポWEB,623,タリク・スクバル（ロイター） 最強左腕はどこへ…。2年連続でサイ・ヤング賞に輝いているタリク・スクバル投手（34＝タイガース）を巡る去就報道が一段と過熱してきた。 チームは6日（日本時間7日）時点で40勝50敗と大幅に負け越し、ア・リーグ中地区の4位に低迷。ワイルドカード争いでも絶望的な状況となっており、来季以降の再建に向けた動きも不可欠とみられている。米東部時間8月3日午後6時（同4日午前7時）のトレード期限まで1か月を切り、スクバルと引き換えに有望株を複数獲得する可能性が盛んに伝えられている。 米スポーツ専門局「ESPN」（電子版）はこの日、トレード候補たちを特集。その中でスクバルがトレードされる確率は「85％」とほぼ確実だとし「彼はトレード期限直前の理想的な獲得候補であり、ポストシーズンでチームをけん引できるエースだ。スクバルを獲得するチームは莫大な代償を支払うだろう。喜んで」と争奪戦の様相を呈すると見込んでいる。 そして、気になる移籍先の候補には「優勝争いをしているすべてのチーム」と前置きした上で「現実的にはドジャース、ヤンキース、ブレーブス、ブルワーズ、ブルージェイズ、レイズだろう」と占った。球界屈指の資金力を誇るドジャースは常に大物選手の獲得候補に浮上するが、最近ではスクバル争奪戦から〝撤退〟するとの米報道もあるが…。 ワールドシリーズ3連覇に向けてまたしても大補強を敢行するのか。今後も目が離せない。 東スポWEB,[],[]
【ドジャース】大谷翔平 32歳初アーチは19号逆転２ラン　通算300号に王手（東スポWEB）,https://news.yahoo.co.jp/articles/e07b549663c9131c62e207c51c43152539ecdfec,https://newsatcl-pctr.c.yimg.jp/t/amd-img/20260707-00394906-tospoweb-000-1-view.jpg?exp=10800,2026-07-07T12:20:26+09:00,2026-07-07T12:20:26+09:00,東スポWEB,tospoweb,東スポWEB,498,32歳初アーチが出た大谷翔平（ロイター） ドジャースの大谷翔平投手（32）は6日（日本時間7日）に本拠地ロサンゼルスでのロッキーズ戦に「1番・DH」で先発出場し、3回に6試合ぶりの一発となる19号逆転2ランを放った。 【動画】19号逆転2ランを放った大谷翔平 32歳初アーチにドジャー・スタジアムが騒然だ。0―1の3回無死二塁で左腕フリーランドの初球、真ん中低めの87・9マイル（約141・5キロ）のカットボールを逆方向へ振り抜いた。角度29度、打球速度105・9マイル（約170・4キロ）で左中間に伸びるとファンの大歓声に押されるようにそのまま客席へ飛び込んだ。19号逆転2ランは飛距離379フィート（約115・5メートル）だった。これでメジャー通算300号に王手をかけた。 対フリーランドは試合前の時点で13打数7安打、打率5割3分8厘、2本塁打、5打点と得意にしていた。 初回先頭はカウント1―1からの3球目、真ん中の82・7マイル（約133キロ）のカットボールを強打。観客はどよめいたが、角度18度、打球速度111・8マイル（約179・9キロ）の痛烈なライナーは中直だった。 東スポWEB,[],[]
【戸田ボート・ＧⅡボートレース甲子園】白井英治　後輩・大峯豊のＶ宣言を〝代弁〟「山口県に優勝旗を…」（東スポWEB）,https://news.yahoo.co.jp/articles/582a3c957a1eef4827f42aad65706cb72cd23918,https://newsatcl-pctr.c.yimg.jp/t/amd-img/20260707-00394905-tospoweb-000-1-view.jpg?exp=10800,2026-07-07T12:05:23+09:00,2026-07-07T12:05:23+09:00,東スポWEB,tospoweb,東スポWEB,280,白井英治 ボートレース戸田のG2「第8回全国ボートレース甲子園」が7日に開幕。オープニングセレモニーで白井英治が同じ山口支部後輩の大峯豊のV宣言を力強く代弁した。 選手紹介でマイクの前に立った白井は力の入った口調で「山口県に必ず深紅の優勝旗を持って帰る」とキッパリ。しかし、少し間を開けて「…と、大峯豊クンが言っていました」とニヤリ。場内の笑いを誘った。 ドリーム戦4号艇で出場する白井。ドリーム戦出場選手インタビューでは前検気配がもうひとつだったことを明かしたが、最後は「気合、根性、キャラの3Kで乗り切ります」と気迫のコメントで締めくくった。 東スポWEB,[],[]
【Challenge! 新人競輪選手紹介】宮田龍一は中釜章成に憧れる新星「大阪支部で良かったなと思います」（東スポWEB）,https://news.yahoo.co.jp/articles/6bd10deef7339e5659a68852a53ec459ca4e216f,https://newsatcl-pctr.c.yimg.jp/t/amd-img/20260707-00394885-tospoweb-000-2-view.jpg?exp=10800,2026-07-07T12:00:35+09:00,2026-07-07T18:30:35+09:00,東スポWEB,tospoweb,東スポWEB,1271,負けん気の強さを武器に飛躍を目指す宮田龍一 129期、130期のルーキーを取り上げる「Challenge！ 新人競輪選手紹介」。今回は、一度は自転車競技の世界から離れるも、再び夢を追って競輪の世界に飛び込んだ宮田龍一（23＝大阪）をピックアップする。 中井俊亮、元砂勇雪らを輩出した奈良の自転車競技の名門・榛生昇陽高出身。卒業後に競輪選手の道に進む選択肢もあったが「まだ自転車競技に未練があったので」と、自転車競技の強豪として知られる鹿屋体育大へ進んだ。ただ、希望を胸に鹿児島に渡ったが、思い描いたような大学生活とはならなかった。 「1年生の終わりに自転車競技部をやめました。周りとの折り合いがつかず、自分も尖っていたというか…」 環境に馴染めず、競技の世界から離れることに。その後の2年半は自転車から距離を置き、「バイトをしたり、普通の大学生をしていました」と振り返る。 転機が訪れたのは3年時の就職活動。希望していた企業への就職が実らず悩む中、「ずっと自転車をやってきたんだから挑戦してみては」と親から背中を押されたことで改めて競輪選手を目指すことを決意。養成所試験は一発合格を果たした。 5月宇都宮のルーキーシリーズでデビュー。次の6月奈良2日目では、初日に同期相手に前に出られなかった悔しさを胸に主導権を奪ってみせた。結果は6着に終わったが「何が何でもバック線を取ろうと思っていた」と話す姿に人一倍の負けん気の強さを感じさせた。 現在は大阪市内の自宅から岸和田競輪場へ通い、古性優作、南修二のS班に中釜章成、福永大智らハイレベルなメンバーに揉まれて練習に励む毎日だ。 「乗り方とか、もっとこうした方がいいんじゃないかと古性さんにアドバイスをもらうこともあります。競輪で生きる練習をさせてもらっているので、大阪支部で良かったなと思います」と恵まれた環境に感謝する。特に中釜に対しては「脚質も似ていることもあるし、いろいろ聞いて勉強させてもらっている」と慕っており、目標、憧れの選手だ。 「初めは自分のレベルが低すぎてG1とかは見えなかった。でも先輩方の姿を見ている内に、大きな舞台で先輩方の前で走りたい気持ちが出てきました」とおぼろげながらも野心も芽生えてきた。 大好きだった人に風を切って走る姿を届けることで感謝を伝えたい―。 一度は自転車から離れた男が、再び夢に向かってペダルを踏み始めた。新たな挑戦はまだ始まったばかりだ。 Q＆A ――持ち味は 宮田 自分でダッシュしてからの伸びが持ち味なので、スピード感のあるカマシを見て欲しい ――今後の目標は 宮田 目標は大きく、ヤンググランプリを目指します！ ――仲のいい同期は 宮田 同部屋だった高知の松本悠平です。養成所を出てからなかなか遊びに行けてないです…。 ☆みやた・りゅういち 2002年10月11日生まれ、大阪市出身。183センチ、80キロ。養成所順位は59位。師匠は北川大五郎（103期）。 写真 宮田龍一 エトキ＝負けん気の強さを武器に飛躍を目指す宮田龍一 東スポWEB,[],[]
【北中米Ｗ杯】８強イングランド　イレブンの祝賀ムードをルーニー氏が懸念「少し早すぎる」（東スポWEB）,https://news.yahoo.co.jp/articles/961eda4852e91bef7cf46250945a7a13859cbb9d,https://newsatcl-pctr.c.yimg.jp/t/amd-img/20260707-00394904-tospoweb-000-2-view.jpg?exp=10800,2026-07-07T11:55:24+09:00,2026-07-07T12:55:23+09:00,東スポWEB,tospoweb,東スポWEB,599,メキシコ戦に勝利し喜ぶイングランドイレブン（ロイター） 60年ぶりの世界制覇を目指して北中米W杯に臨んでいるイングランドに元代表FWウェイン・ルーニー氏が懸念を表明したと、英紙「デーリー・メール」が伝えた。 〝サッカーの母国〟は決勝トーナメント2回戦で開催国の一つ、メキシコに3―2で勝ち、3大会連続の準々決勝進出を決めた。試合後はロッカールームで大騒ぎ。DFジョン・ストーンズがトーマス・トゥヘル監督に〝負傷ドッキリ〟を仕掛けると、イレブンは歓声を上げながら跳びはねるなど、チームは祝賀ムードに染まった。 この動画がイングランド協会（FA）の公式Xで公開されると、大きな話題となり、800万回以上の再生数を稼ぎ出したという。しかし、ルーニー氏はスリーライオンズのあまりのはしゃぎっぷりに「私はどちらかというと古風な考え方だ。楽しむべきとはわかっているが、まだ少し早すぎると思う」と懸念を表明したという。 この試合では勝利に歓喜したMFジョーダン・ヘンダーソンが広告看板から落下した際に手首を負傷。残り試合を欠如することになったが、イングランドはケガ人が続出中で指揮官も頭を痛めている最中。準々決勝（11日＝日本時間12日、米国・マイアミ）でノルウェーと対戦するが、1966年イングランド大会以来の優勝も見えてきた中、元エースFWのルーニー氏が懸念するように気のゆるみが不安視される。 東スポWEB,[],[]
【北中米Ｗ杯】スペイン代表ロドリ　元同僚シルバに謝罪「祝ってしまったのは間違っていた」（東スポWEB）,https://news.yahoo.co.jp/articles/d9f09b32c94f242bcb0590e223044ba44de45feb,https://newsatcl-pctr.c.yimg.jp/t/amd-img/20260707-00394901-tospoweb-000-2-view.jpg?exp=10800,2026-07-07T11:50:23+09:00,2026-07-07T12:50:24+09:00,東スポWEB,tospoweb,東スポWEB,485,ロドリに詰め寄るベルナルド・シルバ（ロイター） スペイン代表MFロドリ（マンチェスター・シティー）が元チームメートに謝罪したことを明かした。 北中米W杯決勝トーナメント2回戦（6日＝日本時間7日、米国・ダラス）、スペインがポルトガルを1―0で下し、準々決勝進出を決めた。 1―0の後半アディショナルタイムには、今夏にマンチェスター・シティーを退団したポルトガルのMFベルナルド・シルバ（レアル・マドリード）がヘディングで同点弾を狙ったが、ゴール上に外れた。リードを守ったロドリは喜びを爆発させると、シルバがロドリを指さし、詰め寄る場面があった。 スペイン紙「マルカ」（電子版）によると「シルバは枠を外し、そしてロドリは彼のミスを祝った。そのことがシルバを怒らせた」と報じた。ロドリは試合後に「彼（シルバ）が外した時に、私がそれを祝ってしまったのは間違っていた」と自身の過ちを認めた。そして「彼にすぐさま謝罪したが、私たちの間には信頼関係があるから、そこで終わっている」とわだかまりはないとした。 ロドリは大舞台で勝利を確信し、感情が高ぶってしまったようだ。 東スポWEB,[],[]
【戸田ボート・ＧⅡボートレース甲子園】田上凜が智弁和歌山風ユニホームで意気込み「ボートなら田上凜と…」（東スポWEB）,https://news.yahoo.co.jp/articles/1404b9bd3b95fb6a62c0353e09f802b6f258f84a,https://newsatcl-pctr.c.yimg.jp/t/amd-img/20260707-00394903-tospoweb-000-1-view.jpg?exp=10800,2026-07-07T11:50:23+09:00,2026-07-07T11:50:23+09:00,東スポWEB,tospoweb,東スポWEB,227,ユニホーム姿で登場した田上凜 ボートレース戸田のG2「第8回全国ボートレース甲子園」が7日に開幕。レースに先立ってオープニングセレモニーが行われた。 高校野球のテーマ曲「栄冠は君に輝く」の生演奏が流れる中、出場52選手が入場行進。和歌山県代表で初出場の田上凜（24＝大阪）が和歌山県の高校野球強豪・智辯和歌山風のユニホーム姿で登場。あいさつでは「和歌山と言ったら智弁和歌山。ボートなら田上凜と言われるように頑張ります」と意気込みを明かした。 東スポWEB,[],[]
【ドジャース】大谷翔平の〝故障隠し〟を問題視「ロバーツ監督は全く知らなかった」＝米報道（東スポWEB）,https://news.yahoo.co.jp/articles/04cba21be5974f90b47f98fd6403b89f0ca57b8e,https://newsatcl-pctr.c.yimg.jp/t/amd-img/20260707-00394900-tospoweb-000-5-view.jpg?exp=10800,2026-07-07T11:45:29+09:00,2026-07-07T18:50:24+09:00,東スポWEB,tospoweb,東スポWEB,866,右上腕二頭筋に違和感があった大谷翔平（ロイター） ドジャース・大谷翔平投手（32）が2年ぶりに開幕から二刀流で暴れ回り、地区首位の独走、最大目標であるワールドシリーズの3連覇へチームを押し上げている。 【動画】大谷翔平 直近のピッチング 悪くはなかったが… 162試合の長丁場を戦う上で全試合ベストコンディションで臨むことは現実的に不可能だ。特に主力選手は少々の違和感や細かなケガともうまく付き合いながら乗り切ることが求められる。大谷も右手中指のマメ、左ヒザの炎症などを抱え、デーブ・ロバーツ監督（54）も休養を挟ませながら起用を続けている。 そうした中で米老舗誌「スポーツ・イラストレイテッド」の電子版「ON SI」が6日（日本時間7日）に指摘したのは、大谷の右上腕二頭筋の違和感だ。二刀流出場した2日（同3日）のパドレス戦で降板後の7回の打席で途中交代。大谷自身は軽傷としながらも「1、2か月くらい前の練習でちょっとなったんですけど」と明かし、同誌は「このケガに関して特に興味深い点の一つは、ロバーツ監督が大谷が以前からケガを抱えていたことを全く知らなかったことだ。ロバーツ監督はほかの全員と同じタイミングで初めて知ったと語っており、大谷は当初のケガを監督にも隠していたことになる」と切り込んだ。大事に至っていないとはいえ、マネジメントする側に情報すら入っていないことを問題視したのだ。 投打にわたって主力の大谷が長期離脱となれば、快調に飛ばすチームに大ブレーキがかかっても不思議ではない。同誌は「大谷は究極の勝負師であり、おそらくケガはプレーに支障をきたさないと感じ、わざわざ話題にすることでもないと考えたのだろう」と理解を示しつつも「大谷はチームで最重要の選手であるため、長いシーズンを通じてコンディションを良好に保つことが極めて重要だ」と訴えた。 誰よりも自分の体を熟知する大谷が無謀なことをするとは考えにくいが、〝出たがり屋〟の一面も持つスーパースターをどうコントロールしていくかもV3への鍵となりそうだ。 東スポWEB,[],[]
Ｃ・ロナウド妻　メッシ嫁に自社ブランド商品をプレゼント「事業宣伝のため贈った」（東スポWEB）,https://news.yahoo.co.jp/articles/e28faf59e3a98eb4e8cbb08c26352d1370237852,https://newsatcl-pctr.c.yimg.jp/t/amd-img/20260707-00394902-tospoweb-000-3-view.jpg?exp=10800,2026-07-07T11:45:29+09:00,2026-07-07T12:55:23+09:00,東スポWEB,tospoweb,東スポWEB,561,ジョルジナ・ロドリゲスさん（ロイター） ポルトガル代表FWクリスティアーノ・ロナウド（41＝アルナスル）のパートナーであるジョルジナ・ロドリゲスさんがアルゼンチン代表FWリオネル・メッシ（39＝マイマミ）のパートナーであるアントネッラ・ロックツォさんにプレゼントを贈った。 【写真】メッシと妻、3人の息子たち 各メディアによると、アントネッラさんは5日までに自身のSNSを更新し「ジョルジナ、本当にありがとう。すべてが美しい。あなたの成功を心から願っています」というメッセージとともにトレーニングウエア、バッグ、ヨガマットが入ったとみられる写真を投稿。そこにはジョルジナさんが設立したブランド「Mimoa」の文字も写っていた。 このブランドはジョルジナさん自身のライフスタイルと、スポーツウエアに対する彼女の並々ならぬ愛着を商業的なファッション商品へと昇華させることを目指して設立されたという。 ポルトガルメディア「A BOLA」は「5月から構想が練られ始めた。控えめながらも効果的なマーケティング戦略の成果で、販売開始前からミモアの公式メディアのフォロワーは2万5000人を突破した」とした上で「ジョルジナさんは事業の宣伝を続け、C・ロナウドのライバルであるメッシの妻に商品を贈ろうと決めた」と伝えていた。 東スポWEB,[],[]
【北中米Ｗ杯】Ｃ・ロナウドの最多敗戦記録８敗が韓国で話題「私たちは同じ屈辱を味わった」（東スポWEB）,https://news.yahoo.co.jp/articles/5fdc9d6a3351a843982c671f03e2611877f26221,https://newsatcl-pctr.c.yimg.jp/t/amd-img/20260707-00394899-tospoweb-000-1-view.jpg?exp=10800,2026-07-07T11:35:23+09:00,2026-07-07T11:35:23+09:00,東スポWEB,tospoweb,東スポWEB,788,クリスティアーノ・ロナウド（ロイター） 北中米W杯決勝トーナメント2回戦（6日＝日本時間7日、米国・ダラス）でポルトガルがスペインに0ー1で屈し、16強で敗退。韓国では、ポルトガルFWクリスティアーノ・ロナウド（アルナスル）が残した異例の記録が話題となっている。 韓国メディア「スターニュース」は「私たちは共に悲劇の物語を紡いだ。ソン・フンミンとホン・ミョンボ（洪明甫）はW杯最多敗戦記録でC・ロナウドと同じ屈辱を味わった。8回も負けるなんて」と題する記事を掲載。「C・ロナウドはW杯での通算最多敗戦数（8敗）という不名誉な記録を樹立した。彼と並んで、韓国代表主将のソン・フンミンと元韓国代表監督ホン・ミョンボも同じリストに名を連ねて注目を集めている」と報じた。 同記事では「ロナウドは2006年のドイツ大会から今回の北米大会まで、6大会連続でW杯決勝に出場した。彼はリオネル・メッシと並び、歴代最多出場記録を樹立した。しかし、出場数と同様に、敗戦数も多かった」とした上で、英BBCの報道を引用。「ロナウドはW杯でキャリア8度目の敗北を喫した。W杯史上8敗を記録したのはロナウド、ソン・フンミン、ホン・ミョンボ、マシュー・レッキー（オーストラリア）、アントニオ・カルバハル（メキシコ）の5人だけだ」と記した。 それを踏まえて「ソン・フンミンは2014年ブラジル大会、2018年ロシア大会、2022年カタール大会でそれぞれ2敗を喫した。そして、今回の北米大会のグループリーグでは、メキシコと南アフリカに0―1で連敗し、合計8敗を喫した。元韓国代表監督のホン・ミョンボも、選手時代に8回敗北という苦い経験を味わった。1990年イタリア大会で3敗を喫した後、1994年米国大会で1敗、1998年フランス大会で2敗、そして2002年日韓大会でも2敗を記録した」と伝えた。 東スポWEB,[],[]
【DeNA】男・村田修一 二軍監督の美学　時代が変わっても熱血指導は貫きたい（東スポWEB）,https://news.yahoo.co.jp/articles/07ee56e00009a0e968bc25929db311f2cef723e6,https://newsatcl-pctr.c.yimg.jp/t/amd-img/20260707-00394897-tospoweb-000-3-view.jpg?exp=10800,2026-07-07T11:30:34+09:00,2026-07-07T18:30:35+09:00,東スポWEB,tospoweb,東スポWEB,1496,村田修一の信念は変わらない 時代が変わっても、この男の信念は変わらない。昨季、野手コーチとして14年ぶりに古巣・DeNAへ復帰した村田修一二軍監督（45）は、今季からファームの指揮を託された。AIを駆使したデータ解析が浸透する令和の野球との向き合い方、選手に求める熱意と人間力、そしてリーグ優勝に懸ける思い――。チームへの恩返しを胸に、熱血指導を貫く「男・村田」に迫った。 ――14年ぶりに古巣へ戻ってきて 村田二軍監督（以下、村田）僕は“暗黒時代”と言われる中で、ホームランボールがスタンドから返ってくるような寂しい球場で野球していましたけど、今ではたくさんの人がすごい熱量で応援してくれていて。今の選手たちは恵まれていると思いますし、そういうチームにしてくれたDeNAには感謝しています。 ――横浜DeNAベイスターズの野球 村田 内部はだいぶ変わったなと。データ解析はすごく充実していますし、それに沿って野球をしているのもわかります。ただ人間がやるスポーツなので、データありきにならないようにはしています。野球は現場で起きていることであって、会議室で起きているわけではない。データは後付けでいいと僕は考えていて、どっちが上とか下とかではなく、自分の感性とAIをうまく織り交ぜながら、両立しながらやることが大事なんじゃないかなと。 ――人間の感性とデータの両立、その上で意識していることは 村田 最終的には現場で決めています。人間としてどう考え、データをどう活用するのかを考えてやろうっていう話はしていますね。データをもとに自己決定して、その責任は自分で負う。現場の肌感で決めるから、アナリストとコーチの人たちはしっかりコミュニケーションを取らないといけない。どっちが正しいとかではなく、どっちも正しいからどっちもうまく使おうねっていう時代だと思います。 ――自身の現役時代にも、今のような分析機器があったらという思いは 村田 どうですかね（笑い）。数字をもとに、調子の波を小さくするっていう意味では必要だと思います。感覚と数字のズレを練習で穴埋めをしなければいけない、そこに助言するのが我々の仕事かなと思ってます。 ――そうした中で「村田修一」としての指導内容は 村田 自分の役割としては、選手たちがどう野球と向き合っていくかを伝えることが大事だと思います。一度外に出て大事だと感じたのは、まず人としてというところ。考え方の素晴らしい、常に強いチームにしていくために僕は帰ってきたと考えているので、そこは言い続けていきたいですね。ゆとり（世代）だろうがZだろうが、僕は言いたいことを伝えます。「こいつにもう1打席あげて、もう1試合使ってみたい」って思われるような人間であることが最優先だと思うので、集合時間に遅れた選手がいれば「帰れ」と言いますし、「もう1回朝起きるとこからやり直してこい」って言います。野球で食わしてもらっているわけですし、その野球に感謝できない人間は人に応援されないよっていう話を常にしていますね。 ――どんな時代でも村田修一は村田修一 村田 そうですね、変わりないですね。あいつアホかっていうぐらい熱量を持って指導したいですし、スタッフたちも引っ張っていきたい。曲がったことは嫌いですし、嫌われる覚悟もあります。そのぐらいの気持ちでこのブルーのユニホームに袖を通していますし、「あいつのためなら頑張ってみようか」と思ってもらえる男でありたいなと思っています。このチームに育ててもらったからこそ、このチームとともにリーグ優勝したいっていうのが第一です。 東スポWEB,[],[]
NHK鈴木奈穂子アナ「あさイチ」エンディング〝20秒残し〟に苦笑 「長いよ」ツッコミも（東スポWEB）,https://news.yahoo.co.jp/articles/c4e1b8b9a7bc66bbf2a67e2870d7350bdf019d0c,https://newsatcl-pctr.c.yimg.jp/t/amd-img/20260707-00394896-tospoweb-000-1-view.jpg?exp=10800,2026-07-07T11:15:31+09:00,2026-07-07T11:15:31+09:00,東スポWEB,tospoweb,東スポWEB,543,鈴木奈穂子アナ 7日のNHK「あさイチ」で、番組を進行させる鈴木奈穂子アナウンサーが終了直前、時間を余らせて苦笑した。 【写真】鈴木奈穂子アナ 紅白会見で見せた美貌 午前9時55分の放送終了が迫り、鈴木アナはゲストの夜ドラ「ミッドナイトタクシー」主演・古川琴音と主要キャストの中村蒼ら、出演者一同を集めた。翌8日の番組内容を告知後、「ということで皆さん、今日はありがとうございま…」と続けたところで自ら笑いだした。「今日ちょっと時間が余っちゃった」と話すと、一同笑いが。博多大吉は「ここで20秒残しは長いよ」と冷静に指摘した。 「何か話したいことがある方がいればアレですけど、フフフ」と鈴木アナは周囲に反応を促す。博多華丸は声を出さずにひたすら笑顔で、中村はカメラに手を振り、古川はその隣で後方の鈴木アナに目をやるなど、反応は人それぞれ。大吉は「みんなで笑っていれば何とかなる」。実際にゲストたちの笑い声が続く中、鈴木アナは「こんなに残るのも珍しい」とこぼした。 まだ時間切れにはならず、懸命に手を振る鈴木アナ。「本当にゲストの皆さん、皆さんどうもありがとうございました。元気に、さよなら」と言ったところで画面が切り替わった。時間余りの告白から放送終了まで、22秒あった。 東スポWEB,[],[]
三浦海岸で異色の怪談イベント「三浦怪岸」開催　川奈まり子、ＳＥＩＪＩＲＯＵら出演（東スポWEB）,https://news.yahoo.co.jp/articles/6930786b56883f033e9ba4b989c4bd866c9c1836,https://newsatcl-pctr.c.yimg.jp/t/amd-img/20260707-00394892-tospoweb-000-1-view.jpg?exp=10800,2026-07-07T11:10:24+09:00,2026-07-07T11:10:24+09:00,東スポWEB,tospoweb,東スポWEB,651,怪談イベントに出戦するＳＥＩＪＩＲＯＵ（右） 「三浦でフシギを楽しもう」をコンセプトにした怪談イベント「三浦怪岸」が7月11日に神奈川県三浦市のチェルSeaみうらで開催される。 イベントを主催するツクヨミチャンネルは、怪談ライブにとどまらず、子供たちと三浦半島の妖怪マップを制作するなど、地域参加型の定期イベントとして育てていく構想を描いている。 開催を決意した背景には、主催者が1年前に実妹を不慮の事故で亡くした経験があったという。「『いつかやろう』ではなく『今やろう』という思いになりました」と明かす。また、昭和のアイドルブームでにぎわった三浦海岸に、再び人が集まるきっかけを作りたいという願いも込められている。 出演者にはBBゴロー、川奈まり子、テラーサマナーズ（夕暮怪雨、おてもと真悟）のほか、SEIJIROU（元BLIZARD）とKAGEROWによるユニット「CODExo13」も参戦。異業種交流の意味合いも込め、プロ怪談師だけでなく、ミュージシャンが怪談に初挑戦する異色の顔ぶれとなった。 SEIJIROUこと下村成二郎は、初の怪談イベント出演に向けて、「『CODExo13』として初めて怪談イベントに出演させていただくことになり、ずっとこの日を楽しみにしておりました。今回は歌も演奏もありませんが、われわれならではの怪談話ができればと思っています。皆さんと一緒に『KOWAII』夏を迎えられればうれしいです。悪魔でも怪談ですよ。猥談ではありません（笑）」と意気込みを語った。 東スポWEB,[],[]
大谷翔平ＭＶＰに「疑問の余地なし」　米ＦＯＸスポーツが最新パワーランキング発表　（東スポWEB）,https://news.yahoo.co.jp/articles/f6401d18b44fedabb28681900518e850440ba3ff,https://newsatcl-pctr.c.yimg.jp/t/amd-img/20260707-00394891-tospoweb-000-1-view.jpg?exp=10800,2026-07-07T10:50:21+09:00,2026-07-07T10:50:21+09:00,東スポWEB,tospoweb,東スポWEB,827,ドジャースで圧倒的な存在感を誇る大谷（ロイター） 米FOXスポーツは6日（日本時間7日）に最新のパワーランキングを発表し、前半戦のMVPを表彰した（成績は全て5日＝同6日時点）。 1位はドジャース。59勝32敗、勝率6割4分8厘は全30球団トップで105勝ペースだ。MVPは大谷翔平投手（32）だ。「疑問の余地なんてあるだろうか。投手として大谷翔平は8勝2敗、防御率1・79という数字を残している。打者としてはOPS0・926、ナ・リーグ3位だ。今から5度目のMVPトロフィーの準備を始めても差し支えないだろう」 2位はブルワーズ（55勝33敗）で最速105・5マイル（約169・8キロ）右腕のミジオロウスキーを選出した。9勝4敗で、防御率1・47と156奪三振は両リーグトップで、ナ・リーグのサイ・ヤング賞の最有力候補と目されている。3位はブレーブス（52勝36敗）でナ・リーグ3位の22本塁打のオルソンを選んだ。 そんな中、注目は9位のホワイトソックス（47勝42敗）と20位のブルージェイズ（42勝48敗）だ。ホワイトソックスは3年連続100敗以上の弱小球団だったが、現時点でア・リーグ中地区で2位ガーディアンズに1ゲーム差の首位。その原動力は5月29日の試合で太もも裏を痛めて離脱した村上宗隆内野手であることに疑いはない。57試合で20本塁打、41打点、OPS0・938をマークした。しかし、MVPはオールスター戦（14日＝同15日・フィラデルフィア）に出場する三塁手のバルガスだった。88試合で20本塁打、56打点、OPS0・857だ。1か月以上の離脱が響いたのだろう。 ブルージェイズで選ばれたのは先発右腕のシースだった。5勝4敗、防御率2・79でリーグトップの137奪三振。しかし、岡本和真内野手が貧打の打線をけん引したのは事実。19本塁打、54打点はチーム断トツで前半戦の貢献度は間違いなくチームトップだ。大いに疑問が残る。 東スポWEB,[],[]
【北中米Ｗ杯】ブラジルＭＦパケタが吐露「敗退の痛みが…」日本戦後に〝すし食い〟投稿で波紋（東スポWEB）,https://news.yahoo.co.jp/articles/5f51bc33df989a0e3ce39899f3969f7f350a7186,https://newsatcl-pctr.c.yimg.jp/t/amd-img/20260707-00394890-tospoweb-000-1-view.jpg?exp=10800,2026-07-07T10:40:25+09:00,2026-07-07T10:40:25+09:00,東スポWEB,tospoweb,東スポWEB,543,日本戦で負傷交代するルーカス・パケタ（ロイター） 北中米W杯決勝トーナメント（T）2回戦（5日＝日本時間6日）、ブラジルがノルウェーに1―2で敗退したなか、主力MFルーカス・パケタ（フラメンゴ）が悲痛な胸の内を明かした。 パケタは決勝T1回戦の日本戦で左太もも裏を負傷して途中交代。その後の検査で大会期間中の復帰が絶望的となり、ノルウェー戦も欠場した。一方で、日本戦後には自身のSNSにすしを食べている画像を投稿して大騒動に発展。差別的な意味合いがあるとの見方が広がり、世界中のサッカーファンから「挑発だ」「日本を侮辱するな」などと非難の声が相次いでいた。 ブラジル敗退を受けて、パケタは自信のSNSに「W杯敗退の痛みが押し寄せてきて、言葉が見つからない。何とかしてピッチに立ち、チームメートを少しでも助けられたらと切に願っていたけど、かなわなかった。ケガの痛みや試合に出られない悔しささえも、優勝という夢が途絶えてしまったこの痛みには及ばない」と悲痛なコメントを投稿。 その上で「私たち全員が全力を尽くしたが、それだけでは足りなかった。悔しいし、つらいけれど、きっとより良い日々が訪れると信じ続けるしかない！ 何度でも立ち上がり、戦い続け、信じ続けよう！」と前を向いた。 東スポWEB,[],[]
【北中米Ｗ杯】ケインが声の復活報告「みんながＳＮＳで大笑いしているのを見られてうれしいよ」（東スポWEB）,https://news.yahoo.co.jp/articles/7acb4857f02cb8e07f7ce6f62c37ef0364ecb331,https://newsatcl-pctr.c.yimg.jp/t/amd-img/20260707-00394888-tospoweb-000-1-view.jpg?exp=10800,2026-07-07T09:55:23+09:00,2026-07-07T09:55:23+09:00,東スポWEB,tospoweb,東スポWEB,506,ハリー・ケイン(左)とブカヨ・サカ（ロイター） 北中米W杯決勝トーナメント2回戦（5日＝日本時間6日）でイングランドがメキシコを3―2で下したなか、主将FWハリー・ケイン（バイエルン・ミュンヘン）が自身のインスタグラムを更新した。 ケインはメキシコ戦後に場内インタビューに応じたが、試合で声を出し切ったことで、かすれた声に。ファンの笑いを誘う場面もあった。 熱戦から一夜明け、翌日6日（同7日）にケインはインスタグラムに動画を投稿。「みんな、調子はどう？ まず最初に、お聞きの通り、僕の声は戻ったよ」と自らの声で回復を報告した。 さらに、自身のかすれ声がネット上で話題となっていたことには「試合後のインタビューは史上最高のものだったよ。みんながSNSで大笑いしているのを見られてうれしいよ」。反響ぶりは本人にも届いていたようだ。 ケインは改めて現地のサポーターや、試合を見守った人々に感謝を表し「準々決勝に向けて準備を整えます」と締めくくった。 すでに前回2022年カタール大会のベスト16を上回ったイングランドは、準々決勝（11日＝同12日、米国・マイアミ）で快進撃を続けるノルウェーと対戦する。 東スポWEB,[],[]
【北中米Ｗ杯】エムバペ　差別発言のパラグアイ議員を批判「無能な女性」「決して許さない」（東スポWEB）,https://news.yahoo.co.jp/articles/191121de6da5911853b7de901ec7c311b593ddcb,https://newsatcl-pctr.c.yimg.jp/t/amd-img/20260707-00394886-tospoweb-000-1-view.jpg?exp=10800,2026-07-07T09:20:26+09:00,2026-07-07T09:20:26+09:00,東スポWEB,tospoweb,東スポWEB,580,エムバペ（ロイター） サッカーフランス代表FWキリアン・エムバペ（レアル・マドリード）が7日、自身のX（旧ツイッター）で自身に対する差別発言をしたパラグアイの上院議員を名指しで批判した。 【写真】エムバペ執拗ににからむパラグアイの選手たち 北中米W杯決勝トーナメント2回戦（4日＝日本時間5日）、フランスはラフプレーを連発したパラグアイに対し、後半25分のPK戦が決勝弾となり1―0で勝利。パラグアイGKオルランド・ヒル（サンロレンソ）はエムバペに握手を求めたが、エムバペはこれをスルーした。 これに対し、パラグアイ上院議員のセレステ・アマリージャ氏が自身のXに差別的なコメントを投稿した。 すると、エムバペは「あなたは卑劣な女性であり、その地位にふさわしくない人物だ。大会を通じて情熱と名誉を体現してきたパラグアイを代表する存在ではない」と批判した。 そして「あなたの無自覚さと露骨な人種差別によって、世界の人々は、このW杯で選手たちが成し遂げた歴史的な軌跡と努力をすでに忘れ去り、代わりに自国に最悪のイメージを植え付ける無能な女性が注目されるようになってしまった」とバッサリ。パラグアイ代表の名誉にも影響を与えたと主張した。 最後にエムバペは「私は彼女のような人々に、憎悪や人種差別を世界中に広める自由を、決して許さない」と差別根絶を訴えた。 東スポWEB,[],[]
【ＮＢＡ】八村塁　クリッパーズと合意にSNS疑問視「ドジャースからエンゼルスに移るみたいな」（東スポWEB）,https://news.yahoo.co.jp/articles/8eadf56e20a4af6b2b769c136c2a29a7a194c071,https://newsatcl-pctr.c.yimg.jp/t/amd-img/20260707-00394883-tospoweb-000-3-view.jpg?exp=10800,2026-07-07T09:10:24+09:00,2026-07-07T20:25:24+09:00,東スポWEB,tospoweb,東スポWEB,564,八村塁（ロイター） 米プロバスケットボールNBAの八村塁（28）がロサンゼルスを本拠地とするクリッパーズと2年2800万ドル（約45億4000万円）で契約に合意した。 【写真】PO敗退…レイカーズ八村塁 最後の勇姿 レイカーズとの3年契約が満了となった八村について、米メディア「ESPN」はウォリアーズ、ウルブス、ネッツ、スパーズからオファーが届いたものの、すべてを断ったという。八村自身がロサンゼルス残留を希望したことで同地を本拠地とするクリッパーズと契約交渉を進め、2年契約で合意に至った。 SNSやネット上では「レイカーズはなんで再契約しないんだよ」「なんでクリッパーズ？」「オファーがあったのならスパースとかウォリアーズに行ってほしかった」「ウルブスに行くって思っていた」「クリッパーズってどうなの？」「プレーオフで評価上げたので交渉が難しくなったのかな」「ロス優先？生活環境を変えたくなかったのかな」という意見が出ていた。 さらに「同じLAでもレイカーズ＝常勝軍団、クリッパーズ＝万年最下位争い」「レイカーズからクリッパーズってドジャースからエンゼルスに移籍するみたいなものじゃない」「もっと高い契約を結べたはずなのに…」「2年2800万ドルは安いな。すぐにトレードされそう」という声も書き込まれていた。 東スポWEB,[],[]
【北中米Ｗ杯】ポルトガル代表Ｃ・ロナウドが涙で敗退「これが私にとって最後のＷ杯」（東スポWEB）,https://news.yahoo.co.jp/articles/97fe4ae9dfdb25707c794f658f28dfcfbb54909b,https://newsatcl-pctr.c.yimg.jp/t/amd-img/20260707-00394884-tospoweb-000-3-view.jpg?exp=10800,2026-07-07T09:05:24+09:00,2026-07-07T18:50:24+09:00,東スポWEB,tospoweb,東スポWEB,1218,涙のクリスティアーノ・ロナウド（ロイター） 北中米W杯決勝トーナメント2回戦（6日＝日本時間7日、米国・ダラス）、優勝候補のスペインがポルトガルを1―0で下し、4大会ぶりとなるベスト8進出を決めた。一方で、今大会を「最後のW杯」と明言していたポルトガルのエースFWクリスティアーノ・ロナウド（41＝アルナスル）は不発。6大会連続出場、約20年間にわたってW杯の歴史を彩ったレジェンドは涙で大会を去った。 【写真】ラミン・ヤマルとハグするC・ロナウド 〝無敵艦隊〟スペインが隣国のライバルであるポルトガルを退け、4大会ぶりの8強進出を決めた。0―0で迎えた後半アディショナルタイム。途中出場のMFミケル・メリノ（アーセナル）が味方のスルーパスに反応して抜け出すと、ペナルティーエリア中央から左足でシュート。ゴール左へ貴重な勝ち越し点を決めた。その後はポルトガルの反撃をしのぎ、試合終了のホイッスルを迎えた。ポルトガルには昨年6月の欧州ネーションズリーグ決勝で2―2からPK戦の末に敗北。1年後にリベンジを果たした。 この試合はC・ロナウドとスペインの〝神童〟FWラミン・ヤマル（18＝バルセロナ）との「新旧スーパースター対決」としても注目された。ロナウドは前半12分、ペナルティーエリア右から右足で強烈なシュートを放つも、相手GKが正面でセーブ。ヤマルも同16分、ペナルティーエリア右へドリブルで進入して左足で枠内へシュートを打ったが、GKが横っ跳びで阻んだ。 両チーム無得点のまま試合は後半へ。ロナウドは同14分、ペナルティーエリア右からシュートを放つも、枠をとらえられず。その後もチャンスをうかがったが、最後までゴールネットを揺らすことができない。スペイン守護神で今大会無失点のGKウナイ・シモン（ビルバオ）が分厚い壁となって立ちふさがった。 試合終了後にロナウドはピッチ上で涙を流しながら、観客で埋め尽くされたスタンドを見渡した。前日の会見では「これが僕にとって最後のW杯になるだろう」と明言。レジェンドにとってのW杯が終わりを告げた。 今大会は1次リーグ初戦、格下コンゴを相手にドロー発進。ロナウド自身も無得点に終わり、エースに対する批判が噴出した。しかし、2戦目のウズベキスタン戦で2ゴールと爆発し、W杯史上初の6大会連続得点をマーク。決勝トーナメント初戦のクロアチア戦でもPKを決め、エースの意地を見せた。 スペイン紙「マルカ」（電子版）は試合後のコメントを速報。ロナウドは「このような形でW杯を去るのは残念だが、全力を尽くした。良心に恥じることなく大会を去る。それがサッカーであり、サッカー選手の人生だ。勝つこともあれば負けることもあり、前に進まなければならない。確かにこれが私にとって最後のW杯だったが、これからは残りのことを考える時間がある。家族と過ごし、軽率な決断をせず、人生を歩んでいきたい」と語った。 東スポWEB,[],[]
【北中米Ｗ杯】ポルトガル代表マルティネス監督が退任を表明「選手たちを誇りに思う」（東スポWEB）,https://news.yahoo.co.jp/articles/d5e1279fde1e2c942cd91eb2a96edba433fb53e5,https://newsatcl-pctr.c.yimg.jp/t/amd-img/20260707-00394881-tospoweb-000-2-view.jpg?exp=10800,2026-07-07T09:05:24+09:00,2026-07-07T18:30:35+09:00,東スポWEB,tospoweb,東スポWEB,530,マルティネス監督（ロイター） 北中米W杯決勝トーナメント2回戦（6日＝日本時間7日、米国・ダラス）、ポルトガルがスペインに0―1で敗れ、16強で敗退した。 ポルトガル代表ロベルト・マルティネス監督は試合後に退任を表明。「選手たちをとても誇りに思う。彼らは心でパフォーマンスを行った。W杯で最高の試合だったと思う。ボールがバーに当たるか入るかであり、互角の試合における違いであるため残念だが、選手たちは延長戦に到達するに値したと思う。しかし全体的に、誇りに思う。選手たちの仕事は誇りに思うべきものだ。サッカーとはこのようなものであり、私たちはこれを受け入れる必要がある」と気丈に話した。 その上で「私たちはよく守った。ボールを持たない状態でのアグレッシブさはとても良かった。私たちはW杯で優勝候補のチームと対戦し、真っ向からプレーしたと思う。そして、チャンスを生かすために、アタッキングサードでもう少し運を持つ必要があった。しかし全体的に、スペインが勝つこともできたし、ポルトガル側に転がることもできた試合だ。そして（昨年6月の）ネーションズリーグ決勝（ポルトガルがスペインに勝利）がそうであったように、とても互角の試合だった」と試合を振り返った。 東スポWEB,[],[]
【北中米Ｗ杯】スペイン指揮官がポルトガルを下して自画自賛「私たちは完璧な試合ができた」（東スポWEB）,https://news.yahoo.co.jp/articles/7248b9ef30608a63c09e8a3372d611026aff2e32,https://newsatcl-pctr.c.yimg.jp/t/amd-img/20260707-00394882-tospoweb-000-1-view.jpg?exp=10800,2026-07-07T09:00:34+09:00,2026-07-07T09:00:34+09:00,東スポWEB,tospoweb,東スポWEB,519,スペイン代表のルイス・デラフエンテ監督（ロイター） 北中米W杯決勝トーナメント2回戦（6日＝日本時間7日、米国・ダラス）、優勝候補のスペインがポルトガルを1―0で下し、4大会ぶりとなるベスト8進出を決めた。 スペイン代表のルイス・デラフエンテ監督は「本当に素晴らしい試合だった。事前に話していた通り、事実上の決勝戦だった。最後まで苦しむことになったが、両チームとも勝ちたいという強い気持ち、物事を非常にうまくやりたいという気持ちを示していた。私たちは非常に完璧な試合ができたと思う」と自画自賛した。 この試合は0―0で迎えた後半アディショナルタイム、途中出場のMFミケル・メリノ（アーセナル）が決勝点を挙げる活躍。指揮官は「重要な選手とはベンチから出てくる選手たちのことだ。彼らは、それ以前に出場していたすべてのチームメートたちの仕事を良いものにしてくれる。後半から入った選手たちは、このような形で試合を締めくくるためのエネルギーを私たちに与えてくれた」と選手をたたえた。 さらに「本命はスペインか？」との問いには「そうですね、対戦相手が熟考するような、多くの要素や多くの条件を私たちは備えていると思う」と自信をのぞかせた。 東スポWEB,[],[]
【戸田ボート・ＧⅡボートレース甲子園】関浩哉　一番乗りで地元ＰＲ「お祭りみたいな大会ですから」（東スポWEB）,https://news.yahoo.co.jp/articles/64621813a916f268527be29a81affc6ee4e27792,https://newsatcl-pctr.c.yimg.jp/t/amd-img/20260707-00394880-tospoweb-000-1-view.jpg?exp=10800,2026-07-07T08:45:29+09:00,2026-07-07T08:45:29+09:00,東スポWEB,tospoweb,東スポWEB,259,「ぐんまちゃん」をかぶる関浩哉 ボートレース戸田のG2「第8回全国ボートレース甲子園」が7日に開幕する。この大会の名物といえばオープニングセレモニーなどでの故郷愛のアピール。選手紹介でのお国自慢や節間もTシャツで故郷をPRする選手も多い。 今回、誰よりも早く故郷PRを行ったのは関浩哉（31＝群馬）だ。一番乗りでレース場に到着するとユーチューブ動画のインタビューでは、ぐんまちゃんをかぶって群馬愛を前面に押し出した。「この大会はお祭りみたいなところもありますからね。しっかりやりますよ」と張り切っていた。 東スポWEB,[],[]
【戸田ボート・ＧⅡボートレース甲子園】星奈美紗希　注目は毒島誠＆櫻本あゆみの群馬支部コンビ（東スポWEB）,https://news.yahoo.co.jp/articles/35a677545c0b61f93c90a3d24e6e04cf145b0b6c,https://newsatcl-pctr.c.yimg.jp/t/amd-img/20260707-00394879-tospoweb-000-2-view.jpg?exp=10800,2026-07-07T08:40:25+09:00,2026-07-07T09:05:24+09:00,東スポWEB,tospoweb,東スポWEB,1036,毒島誠（左）と櫻本あゆみ こんにちは、星奈美紗希です。ボートレース戸田の第8回全国ボートレース甲子園が開幕します。甲子園は初開催の戸田水面。水面の幅が日本一狭い！ 6コースからターンマークまでの距離が近いんですよね。徳山や大村に行った後に見ると余計に近く見えて…。アウトコース3選手ワンツースリーで決まって他のレース場では万舟券決着になりそうなものでも戸田では万舟券にならないことも多々あります。 戸田大橋から水面を見ると1Mがホームスタンド方向に寄っているのも戸田水面の大きな特徴です。特に1コースの選手は右にハンドルを傾けてからターンマークを回る形なんですよ。私も初めて橋から1Mを見たときに「だからインが強くないのか！」と衝撃を受けました。戸田大橋からの水面もちぇーくしてみてくださいね。 今回の注目選手をご紹介しましょう。今回は群馬支部の2選手！ 1人目は群馬県代表・毒島誠選手です。7月からA1復帰を決めて、このボートレース甲子園がグレードレース復帰戦となります。 ピットでの毒島選手の姿を見ているとペラ調整やエンジン周りの調整など常にレースで戦うための準備や作業をされているんですよね。星奈も思わず背筋がピンと伸びましたね。一方、毒島選手のトークショーでMCを務めた時やピットインタビューをさせていただいた時には、とても丁寧かつ気さくな方でした。ファンの方に対してもユーモアたっぷりにお話やコミュニケーションをとっていらっしゃっていて…、完璧な方だなぁと思うと同時にピットでの毒島選手とのギャップに驚かされました。 毒島選手＆戸田といえば、2024年SGクラシック優勝とダービー優出3着でしょう！ 翌年の地区選でも準優進出。ここ3年で4節と戸田出走は多くないものの、それを忘れるぐらいのインパクトを残しています。先日、戸田で開催されたトークショーでも「（桐生）順平の代わりに優勝します！」と宣言されていた毒島選手。この甲子園も注目の存在です！ 2人目は栃木県代表で甲子園初出場の桜本あゆみ選手です。今年は1月の当地東スポ杯を含む5回の優出がありますが、そのうちの3回が男女混合戦！ 甲子園でも強烈なまくりや全速ターンで台風の目になること間違いなし！そしてプロレス大好きな桜本選手。昨年12月のQCシリーズの開会式ではウルティモ・ドラゴン選手のマスクを初披露していましたが、今回の開会式ではどの選手のマスクを被って登場するのか？ 今から楽しみです。 東スポWEB,[],[]
【戸田ボート・ＧⅡボートレース甲子園】福留光帆　グレードレース復帰の毒島誠選手から目が離せません！（東スポWEB）,https://news.yahoo.co.jp/articles/17298008b29aa45bf01894c3c242b9505da593b4,https://newsatcl-pctr.c.yimg.jp/t/amd-img/20260707-00394878-tospoweb-000-1-view.jpg?exp=10800,2026-07-07T08:35:23+09:00,2026-07-07T08:35:23+09:00,東スポWEB,tospoweb,東スポWEB,1403,クロネコの「たぴ」と福留光帆 ボートレース戸田のG2「第8回全国ボートレース甲子園」（優勝賞金620万円）が7日に開幕する。各都道府県の代表が故郷の意地とプライドをかけて白熱バトルを繰り広げる。ボートレースの女神・福留光帆（22）も、この名物シリーズを心待ちにしている。そして、今大会から推しレーサーの毒島誠（42＝群馬）がグレードレースに復帰とあってワクワク感も最高潮だ。 【舟は帆まかせ帆は風まかせ】みなさん、こんにちは。福留光帆です！ 7月です！ もう今年も後半に突入しました。もうアッという間ですね。ボートレースの7月といえば、まずはボートレース甲子園です。選手は各都道府県の代表と出場するとあってレースはもちろん開会式も見どころ満載。高校球児のように元気に行進する姿もカッコいいんですよ。ボートレース戸田のイベント会場はめっちゃ大きくて私もトークショーをした時にお客さん来てくれなかったらどうしようって不安になったくらい広いんですよ。そんなステージでどんな演出が用意されているのか――。めっちゃ楽しみです。 そして、そして…。7月になってメチャクチャうれしいのは私の大好きな毒島誠選手の出走表の級別が「A1」に戻ったこと。やっぱり毒島選手はA1がピッタリです。B2に降格しても、しっかり結果を出して2026年後期勝率は1位となる8・24をマーク。もし毒島選手にお会いしたら「どうやってモチベーションをキープしたのか」とか聞いてみたいですね。 ということで、もちろん今大会のおススメ選手は毒島選手です。2021年の第3回まるがめ大会、2024年の第6回津大会と甲子園で2回、優勝と相性のいい大会です。甲子園で複数回、優勝しているのは毒島選手だけなんですよ！ それに戸田も2024年のSGクラシックで優勝と実績もあります。グレードレースから離れていたブランクがあるかもしれませんが、毒島選手なら問題ないでしょう。実は尼崎から上京した直後、戸田ボートの近くに住んでいたこともあったので、よく遊びに行ってたんですよね。毒島選手のグレードレース復帰戦、見に行きたいなぁ～。 私の地元でもある兵庫支部の吉川元浩選手にも頑張ってほしいですね。先日の尼崎G174周年記念では地元若手の加藤翔馬選手が優勝しました。最近は元気がなかった兵庫支部だけど、加藤選手の地元周年Vで活気がでてくるはず。ここで吉川選手が優勝して、さらに勢いをつけてほしいです！ もう1人、気になるのは埼玉代表の佐藤翼です。戸田は全国の中で最も狭くて特殊な水面だと思うんですよね。だからこそ走り慣れた地元レーサーのアドバンテージって大きいと思うんですよ。特に佐藤選手は2024年のダービーで準V、昨年のグラチャンでも優出4着と活躍、何よりも地元ビッグレースでの気迫あふれる走りが印象的でした。今回も熱い走りで優勝争いに加わってきそうです。 戸田では熱い戦いが繰り広げられますが、我が家ではかわいいクロネコちゃん2人「たぴ」と「うに」がよく戦っています（笑い）。仲が悪いわけじゃないんですよ。先日、ユーチューブ動画やラジオでたぴ、うにと一緒に暮らしていることを公表したら、すっかり有名になってしまって、ちょっとスター気取りです。カメラを向けてもなかなか「気安く撮るな」みたいな顔をされます（笑い）。でも、やっぱり、めっちゃかわいいです♡ 福留光帆,[],[]
八村塁　クリッパーズと２年45億円で合意…ＳＮＳでレイカーズに感謝「いつまでも忘れない」（東スポWEB）,https://news.yahoo.co.jp/articles/f061ebaedd5eac7fca72b9c2999eeff60d010a18,https://newsatcl-pctr.c.yimg.jp/t/amd-img/20260707-00394877-tospoweb-000-2-view.jpg?exp=10800,2026-07-07T08:25:23+09:00,2026-07-07T10:45:29+09:00,東スポWEB,tospoweb,東スポWEB,551,八村塁（ロイター） 米プロバスケットボールNBAの八村塁（28）がロサンゼルスを本拠地とするクリッパーズと2年2800万ドル（約45億4000万円）で契約に合意した。 米メディア「ESPN」によると、2023年にレイカーズと3年契約した八村は期間満了でフリーエージェントとなり、ウォリアーズ、ウルブス、ネッツ、スパーズと4チームからオファーが届いたものの、すべて断ったという。八村自身がロサンゼルス残留を希望していることもあって同地を本拠地とするクリッパーズと契約交渉を進めることで合意した。 八村は6日に自身のインスタグラムを更新。ストーリーズでレイカーズのファンに向け「レイカーズネーションのみなさん、3年間ありがとう。素晴らしい時間をたくさん共有でき、みなさんと一緒につくった思い出はいつまでも忘れないでしょう」と英語で投稿した。 富山県出身の八村は米ゴンザガ大から19年に日本人としては初めてNBAドラフトで指名を受けて全体9位でウィザーズに入団。22～23年シーズン途中にレイカーズへ移籍した。昨季は68試合に出場。プレーオフでは全10試合に先発し、平均17・5得点、3点シュートの成功率は56・9％だった。新天地クリッパーズは自身3チーム目となるが、さらなる活躍が期待される。 東スポWEB,[],[]
前田大然　ノッティンガムＦ移籍が有力か、セルティックが放出を容認…移籍金43億円（東スポWEB）,https://news.yahoo.co.jp/articles/2a2b8e6c74732ea823a808f92cb6c09907b978ff,https://newsatcl-pctr.c.yimg.jp/t/amd-img/20260707-00394876-tospoweb-000-2-view.jpg?exp=10800,2026-07-07T08:20:27+09:00,2026-07-07T10:50:21+09:00,東スポWEB,tospoweb,東スポWEB,477,前田大然 スコットランド・プレミアリーグのセルティックが日本代表FW前田大然（28）の移籍を容認する構えと英メディア「FOOTBALLFANCAST」が報じた。 北中米W杯でも好パフォーマンスを発揮した前田は昨夏はオファーが届き移籍の準備を進めるも、セルティックが放出を拒否し、断念せざるを得なかった。この夏の移籍について、同メディアは「セルティックは前田を売却する意向を示した」と報道。移籍金についても1500万ポンド（約32億4000万円）～2000万ポンド（約43億2000万円）を見込んでいるという。 すでにイングランド・プレミアリーグのブレントフォードやエバートン、フラムが移籍先候補に挙がっている中、ノッティンガム・フォレストが有力という。 同メディアは「フォレストは新たなFWの獲得を必要としており、前田は理想的な補強となる」とし「もっとも印象的なのは2024―25年シーズンに34試合16ゴール、10アシストを記録し、セルティックを優勝に導いたことだろう。プレミアリーグで大きなインパクトを与える可能性がある」と伝えていた。 東スポWEB,[],[]
【北中米Ｗ杯】ＦＩＦＡ会長が反論　米国ＦＷ処分撤回はトランプ大統領〝要請〟に批判殺到（東スポWEB）,https://news.yahoo.co.jp/articles/34bccf82369d982a4ab4d44679b954b0dcdc0d45,https://newsatcl-pctr.c.yimg.jp/t/amd-img/20260707-00394875-tospoweb-000-2-view.jpg?exp=10800,2026-07-07T08:20:27+09:00,2026-07-07T10:45:29+09:00,東スポWEB,tospoweb,東スポWEB,680,ジャンニ・インファンティノ会長（左＝ロイター） 国際サッカー連盟（FIFA）が米国代表FWフォラリン・バログン（25＝モナコ）の出場停止を〝撤回〟した問題で各方面から批判が噴出していることにジャンニ・インファンティノ会長（56）が反論した。 北中米W杯決勝トーナメント1回戦でレッドカードを受けたバログンは2回戦ベルギー戦（6日＝日本時間7日）で出場停止となるはずだった。しかしFIFAは処分保留とし、猶予期間を設けると発表した。しかも見直しは米ドナルド・トランプ大統領の要請だったことが判明。同大統領もFIFA会長に連絡したことを認めたが「何をすべきかは指示していない」と主張した。 この〝騒動〟について欧州サッカー連盟（UEFA）は「私たちは前例のない、正当化できない決定に対して、信じられない思いを表明する」と反発。ベルギー協会も不満の声明を発表。スペイン紙「マルカ」は「世界的なスキャンダル」と報じるなど、世界から批判が殺到している。 そんな中、インファンティノ会長はトランプ大統領から連絡があったことを認めた上で「世間からのコメントを拝見しました」とし「FIFAの司法機関は独立しています」「その独立性はサッカーの信頼性と健全性にとって不可欠であり、常に尊重されなければなりません」「独立した機関と法の支配を尊重することが常に公正とFIFAの信頼性を守るものになる」などと反論した。 すでにインファンティノ会長はトランプ大統領に「FIFA平和賞」を送るなど、親密すぎる関係が〝米国優遇〟と批判されていただけに、大きな波紋が広がりそうだ。 東スポWEB,[],[]
【フィギュア】ロシア勢が国際大会復帰へ　国内でも警戒感「女子の方が影響が大きいと思う」（東スポWEB）,https://news.yahoo.co.jp/articles/08513a9d0b6f26e8b5df2b50d5e802a650a2bb3b,https://newsatcl-pctr.c.yimg.jp/t/amd-img/20260707-00394873-tospoweb-000-2-view.jpg?exp=10800,2026-07-07T06:15:31+09:00,2026-07-07T10:45:29+09:00,東スポWEB,tospoweb,東スポWEB,711,すでにミラノ五輪にAINとして出場していたロシア女子のアデリア・ペトロシアン 強敵の復帰はどう転ぶか――。国際スケート連盟（ISU）は、ウクライナに侵攻したロシアと同盟国ベラルーシの選手が国際大会に参加することを容認した。 2022年春にウクライナ侵攻が始まったことを受け、ISUは両国を国際大会から除外していたものの、26～27年シーズンは個人の中立選手（AIN）として国際大会に出場できる見込みだ。 26年ミラノ・コルティナ五輪では一部選手がAINとして出場。フィギュアスケートは女子のアデリア・ペトロシアンが6位、男子のピョートル・グメニクも6位だった。 10月に開幕するグランプリ（GP）シリーズには、両国の選手がAINとしてエントリーされてはいない。しかし、今後脅威になる可能性は十分にある。 特に警戒するのが女子だ。日本は絶対的エースの坂本花織さんが昨季限りで引退。ミラノ・コルティナ五輪銅メダルの中井亜美（TOKIOインカラミ）、世界ジュニア女王の島田麻央（木下グループ）ら次世代のスケーターも育っているが、油断はできない。 ミラノ・コルティナ五輪で不完全燃焼に終わったペトロシアンは、島田と同じくトリプルアクセル（3回転半ジャンプ）や4回転トーループを習得しているスケーター。ドーピング違反で資格停止処分を受けた22年北京五輪代表のカミラ・ワリエワも競技会にカムバックしている。 実際に日本のフィギュア関係者からは「やっぱり男子よりも、女子の方がロシア勢が戻ってくる影響が大きいと思う」との声が上がっている。30年フランス・アルプス五輪での金メダルを狙う日本勢にとって、大きな壁となりそうだ。 東スポWEB,[],[]
【ＭＬＢ】低迷パドレスで際立つ守護神ミラーの〝無双〟ぶり　救援投手23年ぶりのサイ・ヤング賞も（東スポWEB）,https://news.yahoo.co.jp/articles/7e0fba1dab079caf8e5afbb760111d7f000a9da3,https://newsatcl-pctr.c.yimg.jp/t/amd-img/20260707-00394867-tospoweb-000-3-view.jpg?exp=10800,2026-07-07T06:15:31+09:00,2026-07-07T10:45:29+09:00,東スポWEB,tospoweb,東スポWEB,1066,パドレスの連敗ストップにも貢献した守護神ミラー（ロイター） 低迷するチームで、剛腕だけが異次元の光を放っている。米メディア「ラリー・ブラウン・スポーツ」は6日（日本時間同日）、パドレスのメイソン・ミラー投手（27）が歴史的な快投を続けていると指摘した。 【写真】救援投手ながら2003年にサイ・ヤング賞を獲得したドジャース・ガニエ ミラーは5日（同6日）、敵地ドジャー・スタジアムで行われたドジャース戦に5―2の9回から救援登板。1回を無安打無失点、1奪三振で締め、今季22セーブ目を挙げた。チームは連敗を8で止めたが、地区首位ドジャースに大きく離される苦境は変わらない。そんな沈滞ムードの中で、守護神だけがすさまじい存在感を放っている。 同メディアによれば、米データ会社「OptaSTATS」がミラーについて、自責点が公式記録となった1913年以降、シーズン最初の35登板で防御率1点未満、かつ9イニング平均16奪三振以上を記録した史上初の投手と紹介した。今季ここまで35試合で防御率0・98、36回2/3を投げて67奪三振。9イニング平均16・4奪三振という異常値に加え、いまだ被本塁打はゼロだ。昨季はアスレチックス、パドレスで計60試合に登板し、防御率2・63、9イニング平均15・2奪三振、被本塁打5本。もともと圧倒的だった剛腕が、今季はさらに一段違う領域に入っている。 当然、米東部時間8月3日午後6時（同4日午前7時）のトレード期限へ向け、市場価値は跳ね上がる一方だ。パドレスは買い手に回るのか、売り手に転じるのか揺れる立場にある。だが、仮にチームがポストシーズン争いから後退し、放出へかじを切れば、ミラーは今夏のトレード市場で超目玉となるのは確実。終盤の1イニングを支配できる剛腕を求め、優勝を狙う球団が殺到しても不思議はない。 注目は移籍市場だけではない。複数の米メディアでは、救援投手としてサイ・ヤング賞候補に食い込む可能性も指摘され始めている。リリーフ投手の同賞受賞は過去9人だけで、最後は2003年のドジャースのエリック・ガニエ投手。先発投手が圧倒的に有利な賞であることは間違いないが、ミラーの数字はその常識を揺さぶるだけの破壊力を秘める。 低迷するパドレスにとっては手放しがたい守護神であり、売り手に回れば最大級の交換価値を生む切り札でもある。このまま異次元の投球を続ければ、ミラーは今夏の争奪戦の主役となり、23年ぶりの救援投手サイ・ヤング賞という夢物語まで現実に近づけてしまうかもしれない。 東スポWEB,[],[]
大谷翔平も〝提唱〟した国際ルールのＮＰＢ導入　大学球界がプロを先行「適応できないわけがない」（東スポWEB）,https://news.yahoo.co.jp/articles/b9229b996d1f5a4567fe5032fa37573b7eb7864b,https://newsatcl-pctr.c.yimg.jp/t/amd-img/20260707-00394863-tospoweb-000-2-view.jpg?exp=10800,2026-07-07T06:15:31+09:00,2026-07-07T06:40:25+09:00,東スポWEB,tospoweb,東スポWEB,937,WBCの敗戦から、NPBでのピッチクロック導入について〝提言〟もしているドジャース・大谷翔平（ロイター） 日本プロ野球に新たなルールを導入するかどうかが議論される中、アマチュア界ではひと足早く国際ルールが取り入れられている。 大学の国際大会「ワールド・カレッジ・ベースボール・チャンピオンシップ（WCBC）」は11～15日まで台湾で開催され、日本代表のほか米国、韓国の4チームが参加。総当たりのリーグ戦後にトーナメント形式の決勝ラウンドが行われ、第1回大会の勝者を決定する。 同大会に先駆けて全日本大学野球連盟では、今春から試合のスピードアップを目的に、独自の「ピッチクロック」を導入。投手は無走者時は「12秒以内」、有走者であれば「20秒以内」に投球動作に入らなければ「1ボール」のペナルティーを与えられる。大学代表には春季リーグで新ルールに対応し、実力を発揮した選手が選抜され、本大会では取り組みの成果も見られることになりそうだ。 日本のトップチームが参戦した今年3月のWBCでは「無走者時＝15秒以内」「有走者時＝18秒以内」のピッチクロックに不慣れなNPB勢が対応に苦慮。準々決勝で敗退した一因にも挙げられ、MLBで順応している大谷（ドジャース）から「世界で勝ちたいのであれば導入すべき」との〝提言〟もなされた。 日本でプロとアマチュア球界の双方を視察するMLBスカウトは、こう訴えかけた。 「やはりルールで縛って試合を重ねていけば、大学生だって慣れるわけだから。プロが適応できないわけがない。NPBでも（無走者時）15秒以内の暗黙の決まりがあるみたいだけど、違反してもペナルティーがあるわけじゃないから（NPBの）試合を見ていてもかなりいい加減。NPBの人たちこそ、この大会を見るべき」 今大会でも世界野球ソフトボール連盟（WBSC）ルールが採用され、独自の投球制限が適用される見込みだ。参加する4チームのプロでピッチクロックを導入していないのは日本だけ。決められたルールの中に身を置けば、おのずと体が慣れていくというのがスカウトの見立てだが…。 大会が終了する頃には、プロよりも大学生の方がはるかに世界標準に近づいていることを立証するかもしれない。 東スポWEB,[],[]
【北中米Ｗ杯】メキシコ vs イングランド中継に登場！　大反響呼んだ覆面レスラーの正体（東スポWEB）,https://news.yahoo.co.jp/articles/c3cb944f20e02c8b14121c036f254c239ffce825,https://newsatcl-pctr.c.yimg.jp/t/amd-img/20260707-00394871-tospoweb-000-1-view.jpg?exp=10800,2026-07-07T06:15:31+09:00,2026-07-07T06:15:31+09:00,東スポWEB,tospoweb,東スポWEB,1093,米マットでも注目度上昇中のエル・グランデ・アメリカーノ（中央＝©WWE） 米国・WWEの覆面レスラーが、サッカー北中米W杯決勝トーナメント2回戦メキシコ―イングランド戦（5日＝日本時間6日）が行われたメキシコシティーのアステカスタジアムに現れ、話題になっている。 【動画】試合中継にも登場したWWEの覆面レスラーのエル・グランデ・アメリカーノ 開催国メキシコが9大会ぶりのベスト8進出を狙った大一番とあって、スタジアムには多くのサポーターが駆けつけた。同国出身のスーパースターで、ボクシング元世界スーパーミドル級4団体統一王者サウル〝カネロ〟アルバレスも観客席に陣取って熱烈応援。ファンの興奮度はすさまじかったが、2―3でメキシコ劣勢の後半25分過ぎに中継画面には突如、覆面レスラーが映し出された。 試合はこのまま終了してメキシコは惜敗。イレブンは涙をこらえてサポーターにあいさつしたが、この際にも緑、赤、白のメキシコ国旗の色をあしらった覆面男が画面に現れ、なぜかカメラ目線で拍手を送った。 「DAZN」中継では言及されなかったものの、このマスクマンはWWE傘下のメキシコ・AAAで活躍する怪覆面「エル・グランデ・アメリカーノ」。WWE公式X（旧ツイッター）のスペイン語版にアップされた動画でも、アメリカーノとAAAインタビュアーで恋人のアンドレア・バサルテが、メキシコ代表を応援するためスタジアムを訪れたと紹介された。前半0―2の場面でFWキニョネスがゴールを決めて反撃すると、アメリカーノは立ち上がって絶叫しアンドレア、サポーターとともに大喜びしている動画も上げられた。 今回のW杯では日本―オランダ戦の中継で観客席のWWE女子世界王者リブ・モーガンが映し出され、解説の元日本代表MF本田圭佑が「誰？」と声を上げて話題になった。ニュースサイト「ITRレスリング」によると、英国BBCの中継では試合開始前にもアメリカーノが画面に現れ、「驚異的な反応」を呼んだという。 一方でアメリカーノの正体はドイツ出身の2世レスラー、ルドヴィク・カイザーとされている。ドイツ生まれで「アメリカ人」を名乗る覆面レスラーがメキシコを応援するとは何ともかとも言えないが、アメリカーノはスペイン語を習得して巧みに操る上に、ルチャ・リブレに敬意を示し、メキシコに忠誠を誓ったことで、同国のファンから絶大な支持を得ている。 怪覆面は試合後も動画を上げ「残念でとても悲しいが、今日我々が世界中に何者かを示すことができた」「このチームをメチャクチャ誇りに思う」などと〝母国〟代表の奮闘をたたえていた。 東スポWEB,[],[]
【超日本】永田裕志 11年ぶり激突！ 小島聡の〝後追い〟に怒り「小遣い欲しさに…腹立たしいんだよ！」（東スポWEB）,https://news.yahoo.co.jp/articles/1bfad43bf81c73fd2812ff29f437c11d72a63b4d,https://newsatcl-pctr.c.yimg.jp/t/amd-img/20260707-00394869-tospoweb-000-1-view.jpg?exp=10800,2026-07-07T06:15:31+09:00,2026-07-07T06:15:31+09:00,東スポWEB,tospoweb,東スポWEB,732,後から超日本プロレスに参戦してきた小島聡(右)をにらみつける永田裕志 ミスターこと永田裕志（58＝新日本プロレス）が、〝超日本プロレスのエース〟として小島聡（55＝同）を迎え撃つ覚悟を示した。 【写真】永田裕志の怒りに火をつけた「バラモンコジ」 永田は超日本プロレス6日の新宿大会でCIMAに勝利後、小島をリングへ呼び出し「中途半端な気持ちでこのリング上がってるようじゃ、俺は許さねえぜ」と宣戦布告。高木三四郎の立ち会いで9月28日新宿大会での一騎打ちが決定した。2人の激突は2015年の「G1クライマックス」公式戦以来11年ぶりとなる。 小島に怒るのは、超日本を引っ張ってきた自負があるからだ。永田は前身であるM＆Aプロレスの旗揚げ以来〝バラモン化〟〝蛇人間化〟など様々な無理難題を乗り越えリングを盛り上げてきた。取材に応じると「小遣い欲しさにちょこちょこ来てるのが、腹立たしいんだよ」と、ここ数か月で参戦を始めた小島に苦言を呈した。 またこの日、小島がかつての自分と同じ格好で「バラモンコジ」として参戦したことにも「俺のやったのを、そのままやってるだけだから。そのうち蛇界にも行くんだよ。そういうのは許さない」とクギを刺す。高木からはリング上で『超日本プロレス対新日本プロレスの全面対抗戦』を標榜されたが「俺も新日本だけど、このリングでやるからには超日本のエースとして戦いますよ」と胸を張った。 一方の小島も「やっぱりいろんな意味で、やきもち焼きましたよ。同世代だし、キャリアもほぼ一緒なので」と対抗心を隠さない。「今は新日本プロレスの選手として参戦してますから、そういうのは背負って頑張りたい」と腹をくくった。まさかのリングで新たな歴史が刻まれる。 長友誉幸,[],[]
【ソフトバンク】首位固めの７月戦線…先発陣は未完成　ＯＢが警鐘「中継ぎ陣が終わってしまう」（東スポWEB）,https://news.yahoo.co.jp/articles/19ca722171e89c1bab3cff8374ad472317924c18,https://newsatcl-pctr.c.yimg.jp/t/amd-img/20260707-00394864-tospoweb-000-1-view.jpg?exp=10800,2026-07-07T06:15:31+09:00,2026-07-07T06:15:31+09:00,東スポWEB,tospoweb,東スポWEB,727,首位ながら難しい投手起用が迫られているソフトバンク・小久保監督 ソフトバンクが着々と首位固めを進めている。先週1週間の成績は5勝1敗。投手陣では上沢がケガから復帰して白星を挙げれば、前田悠が無傷の6勝目。開幕からローテーションを守ってきた大津がリーグトップタイの8勝目を記録するなど、先発陣に白星がついた戦いっぷりだった。 だが、決して「先発陣が整った」とは言い切れない。大関は二軍調整を続け、徐若熙は腰のコンディション不良により戦線を離脱。コマ不足感は否めず、倉野チーフ投手コーチは今後について「いろいろ（策を）考えている」と語るにとどめた。 シーズンは折り返し地点。6月30日に首位を奪取したホークスとしてはこのまま一気に突っ走りたいところだが、球団OBの一人は、現在の戦い方に〝警鐘〟を鳴らした。 ホークス救援陣はオスナ―松本裕―杉山の強固な勝ちパターンを形成。先発が早いイニングで降りても白星を積み重ねてきた。だが、ここからはより疲労が蓄積する夏場の戦いに突入する。同OBは「夏にかけて、もう少し先発がイニングを投げてくれないと」と指摘。「（勝ちパターンの）3人がケガをしたらしんどくなる」と〝最悪のシナリオ〟を語った。 倉野チーフ投手コーチが「（選手の）疲労をどれぐらい（か見極めて）考慮しながら使っていくかがすごく重要」と気を引き締めたように、首脳陣も注意を払うコンディション管理。その上で同OBが必要だと語ったのが〝捨てる意識〟だ。「全部（試合を）勝ちにいくと中継ぎ陣が終わってしまう」とロングリリーフやビハインド要員の活用と奮起に期待をかけた。 疲労がたまりやすい夏場。鷹は「捨てる意識」を持ちながら首位を走り続けられるか。 東スポWEB,[],[]
【日本ハム】新庄監督は楽天に〝警戒必須〟か　単独最下位でも「侮ってはいけない」理由（東スポWEB）,https://news.yahoo.co.jp/articles/b8cb63bbea6657f0a78dd77e34e2992c4732f63c,https://newsatcl-pctr.c.yimg.jp/t/amd-img/20260707-00394862-tospoweb-000-1-view.jpg?exp=10800,2026-07-07T06:15:31+09:00,2026-07-07T06:15:31+09:00,東スポWEB,tospoweb,東スポWEB,827,日本ハム・新庄監督 パ・リーグ3位の日本ハムは7日から5位のロッテと敵地・ZOZOマリンスタジアムでの2連戦に臨む。 交流戦を14勝4敗で終え、リーグ戦再開後も9勝5敗。貯金11で首位のソフトバンクを3ゲーム差で追いかけ、今年こその優勝と日本一奪取に向けてペナントを戦っている。そうした中で「要警戒チーム」に浮上してきたのが、首位と17差でぶっちぎりの最下位に沈む楽天だ。 近年の日本ハムにとって楽天は相性の良さが光る球団だった。昨季は16勝8敗1分けと大きく勝ち越し。2024年シーズンも13勝10敗2分けで貯金をもたらした。ところが、今季は8勝6敗とほぼ互角の戦いを演じ、敵将に吉井監督が就任して初めての顔合わせとなった5日までの敵地3連戦では1勝2敗と負け越した。 さらなる上位浮上を目指すチームにとって最低でも2勝1敗、願わくば3連勝が〝ボーダーライン〟。新庄剛志監督（54）は「よかった。3連敗せんで。4カード連続勝ち越しをしてここで3つ負けたらね。何か空気が重くなるというか。2連敗してましたけど、この勝ちは大事だった」と安堵の表情を浮かべていたが、黒星を先行させたのは誤算でもあった。 さらに「楽天を侮ってはいけない」とみる球界関係者も少なくない。確かに楽天は29勝46敗1分けで借金17を抱え、5位のロッテとも9差のどん底だ。しかし、ソフトバンクには6勝6敗、2位の西武にも5勝5敗1分けといずれも勝率5割で大善戦。借金地獄となった要因は交流戦でパ球団で唯一の負け越し（4勝14敗）を喫したことと、苦手なロッテ戦に3勝9敗と大幅に負け越している点だ。 順位だけを見れば楽天は単独最下位だが、〝実情〟は不気味なまでの強さを秘めている。特にシーズン中盤になると、上位球団との直接対決がいっそう白熱する。同時に下位チームとの対戦での取りこぼしは致命傷となりかねない。日本ハムは鷹や獅子だけでなく犬鷲軍団への警戒も必須といえそうだ。 東スポWEB,[],[]
佐藤二朗が口にしていた〝ハラスメント警戒〟　橋本愛との騒動に周囲から同情の声も（東スポWEB）,https://news.yahoo.co.jp/articles/0bbfe017640a52e9d9ee41b65ded1609ff97c01d,https://newsatcl-pctr.c.yimg.jp/t/amd-img/20260707-00394866-tospoweb-000-5-view.jpg?exp=10800,2026-07-07T05:15:30+09:00,2026-07-07T11:55:24+09:00,東スポWEB,tospoweb,東スポWEB,1231,橋本愛（左）と佐藤二朗 俳優の佐藤二朗（57）のハラスメント騒動が波紋を呼んでいる。佐藤はX（旧ツイッター）に品のない投稿をするなどぶっ飛んだキャラクターで知られるが、かねてハラスメントには注意していたという。一連の騒動では周囲の関係者から同情の声も上がっている。 【画像】怒りと悔しさがにじむ佐藤二朗の投稿 佐藤は1日の文春オンラインや2日の「週刊文春」で、女優の橋本愛（30）に対するハラスメントを報じられ、3日にXで反論した。「偏った記事とは思ってましたが、ここまでとは。ステレオタイプの『か弱い若い女性』と『典型的な昭和のパワハラオヤジ』を完全に創作してる」と指摘。「最大級の『注意』や『警戒』が必要と痛感していた僕が、そんな態度を取れる訳がない」などと主張した。ハラスメントを巡るSNS上の関心は高く、佐藤の3日の投稿は6日夜時点で5655万超表示されて注目を集めている。 フジテレビ系4月期「夫婦別姓刑事」（火曜午後9時、6月23日最終回）でダブル主演した橋本との間でトラブルが発生。橋本には過去のハラスメント被害によるトラウマがあったと聞かされ、当人に対し、トラウマには配慮を示しつつも、女優業を「続けるべきではないのではないか」と疑問視する発言などをした。SNS上では佐藤への批判と同情の賛否両論がある。 佐藤は「夫婦――」の撮影中、橋本に対して「最大級の『注意』や『警戒』」をしていたと主張したが、たしかにかねてハラスメントには配慮していた。爆破予告をする中年男性を怪演した映画「爆弾」（2025年）の撮影終了後のことだ。 映画関係者の話。 「二朗さんは都内の飲食店で仕事先の関係者と酒を飲んでいたところ、『爆弾』で共演した年下俳優を『呼びたくなった』と言い出し、連絡してその場に招きました。ただ、それは参加を強制したのではなく当人の快諾を得ていたし、酔った勢いでウザ絡みすることもなかった。いわゆるアルコールハラスメントは確認されませんでした。二朗さんいわく、『俺は（表で）Xに下品なことも投稿しているからこそ、（裏では）日ごろから周囲に対するハラスメントには気を付けている』そう。それだけに一連の騒動には驚いています」 今年3月の「第49回日本アカデミー賞」では、「爆弾」で最優秀助演男優賞を獲得するなど近年、評価がグングンと高まるのに伴ってその投稿は減った。自他ともに認めるぶっ飛びキャラであり、ハラスメントには気を付けているという。 「ちなみに、その年下俳優らとの飲みでは最終的に二朗さんが酔い潰れました」（前出関係者） もっとも、ハラスメント行為がなかったとするその酒席と今回の橋本の騒動は別の話。実際に、女優業を「続けるべきではないのではないか」との発言は佐藤の所属事務所も1日の声明で認めており、業界ではこれについては分が悪いとの見方もある。 一連の騒動はフジが主導して動かなければ解決しそうにないが、果たして――。 東スポWEB,[],[]
バナナマン・日村勇紀の復活へ…妻・神田愛花の〝献身〟 生放送直後でも北海道まで「グルメ行脚」（東スポWEB）,https://news.yahoo.co.jp/articles/af92f49db0a62f5ca9948a1d0819640377a6b17a,https://newsatcl-pctr.c.yimg.jp/t/amd-img/20260707-00394865-tospoweb-000-4-view.jpg?exp=10800,2026-07-07T05:15:30+09:00,2026-07-07T11:55:24+09:00,東スポWEB,tospoweb,東スポWEB,834,現在は療養中のバナナマン・日村勇紀(左)と、妻・神田愛花 体調不良で休養しているバナナマンの日村勇紀（54）は〝グルメ行脚〟をしているようだ。 【画像】神田愛花〝夫思い〟のインスタ投稿 日村の近況を巡っては、北海道・帯広市のホルモン店に妻でフリーアナウンサーの神田愛花（46）とともに来店していたことが判明。同店のインスタグラムが6月、明かした。 日村夫妻について「SNSを見て来てくださった」といい、日村については「お休みされていると聞いていたので元気なお姿を拝見できて嬉しかったです」とした。添付された写真の日村はヤセた様子もなく笑顔。夫妻の6月19日付のサイン入り色紙があったことから、神田がMCを務めるフジテレビ系「ぽかぽか」同日放送に出演した後、夫妻で北海道に直行したとみられる。 お笑い関係者の話。 「確かに日村さんはホルモン好き。芸人仲間と一緒に焼き肉店に行くと必ず頼んでいます」 近況はほかにもあった。神田は5月、インスタに生ガキをおいしそうに食べる自身の写真を投稿した。 「撮ったのは日村さんです。場所は都内にあるカキを中心としたシーフード料理店。相方の設楽統さんは生ガキを食べられないけど、日村さんは好物です」（前出関係者） 日村はレギュラー番組のTBS系「バナナマンのせっかくグルメ！！」（日曜午後7時）で、おいしそうに食べる姿が知られる。日村の休養が発表された4月、神田はインスタで夫について「食べる事が大好きな彼に、毎日お腹いっぱい食べさせてあげる これが今の私のエネルギー源です」と投稿しており、その言葉通り、日村の好物を巡る〝グルメ行脚〟をしているようだ。 タレントの伊集院光は7月5日、X（旧ツイッター）で日村について投稿。「旅先でタクシーさんに聞いて入った店が、偶然ヒムケン君がせっかく～できた店だった。美味いのはもちろんだけど、店員さんみんな日村さんいい人だった～を口々に、元気になったらまた来てほしいと」と明かした。 東スポWEB,[],[]
【北中米Ｗ杯】ネイマール　ノルウェーＧＫに挑発されていた？「このバカ！」と反撃＝現地報道（東スポWEB）,https://news.yahoo.co.jp/articles/5dfebc2edc654b620602f3ed109035921f28abc7,https://newsatcl-pctr.c.yimg.jp/t/amd-img/20260707-00394874-tospoweb-000-4-view.jpg?exp=10800,2026-07-07T05:15:30+09:00,2026-07-07T10:45:29+09:00,東スポWEB,tospoweb,東スポWEB,768,ＰＫの場面では、ノルウェーのＧＫニラン(右)と激しい攻防を見せたＦＷネイマール（ロイター） サッカーの北中米W杯決勝トーナメント2回戦（5日＝日本時間6日）、ブラジルはノルウェーに1―2で敗れ、ベスト16で敗退した。 【動画】ノルウェーGKと口論するネイマール ブラジルはノルウェーの怪物FWアーリング・ハーランド（マンチェスター・シティー）に2失点。後半アディショナルタイムにFWネイマール（サントス）がPKを決めて1点差としたが、ほどなくして試合終了を迎えた。 ネイマールのPKを巡っては、ノルウェーのGKエルヤン・ニラン（セビリア）と激しい口論になったことも物議を醸した。ネイマールから挑発したとの指摘がある一方で、別の見方も浮上している。 ブラジルメディア「O DIA」は「W杯敗退の際、ファンやメディアから激しい批判を浴びた背番号10（ネイマール）の行動は、PKのキック前にノルウェー人GKから受けた挑発がきっかけだった」と報じた。 同記事では「ブラジル人選手（ネイマール）を動揺させるため、GK（ニラン）は『お前を止めてやる、止めてやる』と叫んだ。それに対し、ネイマールは『どこに蹴れって？ どこに蹴れって？』と言い返した。ニランはさらに『ポストに』と答えた」と2人のやり取りを伝える。 その上で「（ネイマールは）ゴールを決めた際、皮肉な笑みを浮かべ、相手選手（ニラン）に話しかけに行った。試合再開のためにボールを取りにいく代わりに、時間を浪費したのだ。『俺に対しては無理だ。無理だよ、このバカ』。TVグローボの番組『ファンタスティコ』が公開した口唇読解によると、彼はそう言ったという」と記した。 2人の会話の内容については諸説あるものの、残り時間が少ない中でネイマールが冷静さを欠いていたことは確かなようだ。 東スポWEB,[],[]
【日本代表】久保建英の恩師がウイング卒業のススメ「試合をつくって点も取れる万能型の司令塔に」（東スポWEB）,https://news.yahoo.co.jp/articles/555427f3199bdf271273a00305979e0fd0099dfc,https://newsatcl-pctr.c.yimg.jp/t/amd-img/20260707-00394872-tospoweb-000-1-view.jpg?exp=10800,2026-07-07T05:15:30+09:00,2026-07-07T05:15:30+09:00,東スポWEB,tospoweb,東スポWEB,1157,司令塔として〝覚醒〟が期待される久保建英 〝日本の至宝〟が覚醒の時を迎える。北中米W杯に臨んだ森保ジャパンは32強で敗退し、無念の帰国となった。2030年W杯では大黒柱の活躍が期待されるMF久保建英（25＝レアル・ソシエダード）の恩師で、J1東京Vアカデミーのヘッドオブコーチングを務める元日本代表DF中村忠氏（55）がまな弟子のさらなる進化に言及。現在主戦場とするウイングを卒業し、司令塔として世界トップになることを求めた。 2度目のW杯で大きな飛躍が期待された久保は、1次リーグ初戦のオランダ戦で左ヒザを負傷。復帰することなく、そのまま今大会を終えた。2022年カタールW杯とともに不完全燃焼という結果について「次もある」と前を向き「未来の話はしたくないが、4年後は最初から最後までプレーできるように」とさらなる活躍を誓った。 そんな久保の今後について、FC東京の下部組織で指導していた中村氏は「タケフサはもともとトップ下の選手。その適性があると思います。スペインに移籍した後はまだフィジカルが課題だったので、サイドをやることが多かったし、今もクラブ事情で右サイドをやっているけど、体つきもがっしりして当たり負けしないようになったので、10番というかトップ下でも十分にやれます」と強調した。 一般的に中央のポジションは相手との接触も多いため、ある程度のフィジカル力がないと務められないとされる。そこで中央に比べてプレッシャーの少ないサイドでプレーしているが、中村氏は「あそこまでサイドに適応したのもすごい。かなり練習したのでは。タケフサはウイングとして見ると爆発的なスピードがあるわけではないですからね。もともと司令塔の位置、トップ下が適任なんです。FKも蹴れてゴールも取れる。味方に点を取らせるスルーパスもうまい」と説明した。 久保はFC東京の下部組織時代、トップ下でプレーする機会が多くゴールを決めるとともに、ラストパスでも相手を翻ろうした。よりゴールに近い位置でこそ久保の真価が発揮されるという。中村氏はベルギー代表MFエデン・アザールやユーゴスラビア代表MFドラガン・ストイコビッチ、フランス代表MFジネディーヌ・ジダンなど世界的なスター選手の名前を挙げて「試合をつくって点も取れる万能型の司令塔ですね。専任すれば、さらにレベルアップできるはず。タケフサもアザールのようになれるんじゃないですか」と指摘した。 日本代表ではすでに2シャドーの一角として好プレーを見せているが、クラブではチーム事情や他選手との兼ね合いもあって、トップ下を務められる保証はない。それでも久保の潜在能力をフルに発揮するには「10番の位置がベスト」と期待を寄せる。4年後に向けて適正ポジションで再スタートとなるか。 東スポWEB,[],[]
【新日本】大岩陵平が史上初の〝下克上Ｖ〟宣言　引退する師匠・天山に誓う「俺が〝夏男〟を継承します」（東スポWEB）,https://news.yahoo.co.jp/articles/bb483682114a2d419a32e2e0bd07d91672d2bf28,https://newsatcl-pctr.c.yimg.jp/t/amd-img/20260707-00394870-tospoweb-000-1-view.jpg?exp=10800,2026-07-07T05:15:30+09:00,2026-07-07T05:15:30+09:00,東スポWEB,tospoweb,東スポWEB,1102,G１出場権を獲得した大岩陵平。右はエル・ファンタズモ 新日本プロレス6日の後楽園大会で、大岩陵平（27）がエル・ファンタズモを撃破し真夏の祭典「G1クライマックス」（11日、米シカゴで開幕）の出場権を獲得した。最後の1枠を手に入れ2年連続の切符を手にした大岩は史上初の〝下克上V〟を宣言。シリーズ終盤の8月15日両国大会で現役を引退する師匠・天山広吉からの〝夏男継承〟を目指す。 【写真】大岩陵平が少しだけオマージュしている天山広吉の独特な髪型 Aブロック最後の1枠をかけた一戦で、大岩はファンタズモと一進一退の攻防を展開。最後はロールスルージャーマンスープレックスからTHE GRIP（ローリングラリアート）で3カウントを奪うと「これでG1クライマックス20人、そろったな！ 俺が予選から優勝して、ビッグドリームつかんでやる」と宣言した。 初出場を果たした昨年に続き出場者決定戦からのスタートとなった。本紙の取材に「表向きはポジティブに言ってましたけど、そりゃ悔しかったですよね。会社から『まだまだだ』って言われてる気がして発奮材料にはなりましたけど」と振り返りつつ「本戦ではもちろん誰よりもいい試合をして、予選からの優勝で夢を見せたいなって。今まで誰もやっていないと思うので」と誓った。 今大会には特別な思いを抱いている。若手時代に付け人を務めた天山が、G1準決勝が行われる8・15両国で引退を控えている。大岩は「背中を見てきたので引退してしまうのは寂しいですけど、ケガも近くで見てるから、仕方ないのは分かるので。だからこそ天山さんが引退する今年のG1は俺が優勝します」と師匠への思いを明かした。 親身になって接してくれた優しき猛牛から多くのことを学んだ。「一番は『試合中に下を向くな』ということですね。『苦しい状況でも、痛いんだったらそれをお客さんに見せろ。そうすれば陵平は応援してもらえるから』って。そこからは苦しくても上を向くようになりました」 ヤングライオンを卒業してもリスペクトを忘れず、天山の得意技・大剛式バックドロップを「天山スープレックス」として使用。襟足を伸ばしたヘアスタイルも、天山のオマージュだ。「この髪形って正直、女性ウケめっちゃ悪いんですよ…。でも天山さんの元付け人として、この髪の毛にも気持ちを背負って戦ってるんだぞってことですね。角刈りにはしないですけど」と説明をした。 天山の現役最後の夏に、もう一つ受け継ぎたいものがある。「天山さんといえば夏、G1だったので。俺が〝夏男〟を継承します」。夢と栄冠と憧れの称号をつかむべく、THE GRIPの熱い夏が始まる。 岡本佑介,[],[]
【ＭＬＢ】急落ヤンキース逆転Ｖへ唯一の道　ドジャース撤退ムードの中…スクバル強奪しかない＝米報道（東スポWEB）,https://news.yahoo.co.jp/articles/a8796cd537fb8377f045f064f5fd1273b82cec02,https://newsatcl-pctr.c.yimg.jp/t/amd-img/20260707-00394868-tospoweb-000-1-view.jpg?exp=10800,2026-07-07T05:15:30+09:00,2026-07-07T05:15:30+09:00,東スポWEB,tospoweb,東スポWEB,974,去就が注目されるタイガースの剛腕スクバル（ロイター） 主砲不在でも耐えていた名門が、ついに土俵際へ追い込まれた。米老舗誌「スポーツ・イラストレイテッド」の電子版「ON SI」は6日（日本時間同日）、低迷するヤンキースの今夏の補強策を特集し、タイガースのタリク・スクバル投手（29）の獲得こそが最大の打開策になると指摘した。 チームはアーロン・ジャッジ外野手（34）を肋骨の疲労骨折で欠きながら、一時はア・リーグ東地区首位を走っていた。だが、19日（同20日）時点の46勝28敗から急失速し、5日現在は49勝40敗で2位。同地区首位のレイズを4ゲーム差で追う立場に変わった。しかも直近10試合は1勝9敗。ツインズに本拠地でシリーズ負けを喫し、空気は一気に重くなっている。6日（同7日）からは敵地でレイズとの直接対決が始まり、これ以上の後退は致命傷になりかねない。 同メディアは、トレード期限後の米東部時間8月3日午後6時（同4日午前7時）で首位と2ゲーム差以内に踏みとどまっていれば「勝利」と評したが、現実は甘くない。打線はジャッジ不在の穴を埋め切れず、ここ17試合の平均得点も3点を割り込む深刻さ。ロドン、フリードら先発陣にも故障者が相次ぎ、守備の乱れも目立つ。ブーン監督のやりくりだけで反転攻勢に持ち込むには、限界が見え始めている。 そこで浮上するのが、2年連続サイ・ヤング賞左腕スクバルだ。今季は左ヒジ手術明けながら4勝4敗、防御率3・15、WHIP0・91、75奪三振、8四球。6月30日（同7月1日）のヤンキース戦でも6回1安打2失点、9奪三振、無四球と格の違いを見せつけた。ON SIは「彼が獲得可能なら、ヤンキースはあらゆる手段を講じるべきだ」と断言。本命とされていたドジャースが本気度を示していないことで、獲得レースの最有力候補になり得るとも見ている。 代償は当然、重い。若手有望株の大量流出も避けられない。それでも今のヤンキースに必要なのは小手先の補強ではなく、クラブハウス全体の温度を変える一撃だ。スクバルが加われば、先発ローテーションの序列は一変し、ポストシーズン進出争いだけでなく、地区逆転優勝への現実味も一気に戻る。 崖っぷちの名門に残された道は一つ。迷う時間があるなら、全力で左腕エースを獲りに行くしかない。 東スポWEB,[],[]
【巨人】橋上新体制で初の４選手同時抹消　貧打への大ナタは〝嵐の序章〟「今月は頻繁に行われるのでは」（東スポWEB）,https://news.yahoo.co.jp/articles/6f8cad214f3ed000de5fa57265a927f822bc0f5d,https://newsatcl-pctr.c.yimg.jp/t/amd-img/20260707-00394861-tospoweb-000-1-view.jpg?exp=10800,2026-07-07T05:15:30+09:00,2026-07-07T05:15:30+09:00,東スポWEB,tospoweb,東スポWEB,876,就任から約１か月を経て、思い切った配置換えに動いた巨人・橋上監督代行 眠れるG打線に、ついに大ナタが振るわれた。巨人は6日、甲斐拓也捕手（33）、小濱佑斗内野手（24）、中山礼都外野手（24）、浅野翔吾外野手（21）の出場選手登録を抹消した。また、育成ドラフト5位で入団した知念大成外野手（26）と支配下選手契約を締結したことも発表した。 知念は昨季まで在籍したオイシックスで首位打者、打点王のタイトルを獲得。2025年育成ドラフト5位で巨人入りし、育成選手ながら今春キャンプは一軍メンバーとして完走するなど、首脳陣の期待を集めてきた。「明日から一軍の戦力として、ジャイアンツの力になれるように、自分の持っている力を最大限出したい」と決意を口にした知念は、7日から本拠地・東京ドームで行われる阪神との首位攻防戦で即一軍登録される見込みだ。 巨人は現在、阪神と並んでリーグ首位タイ。ただ、2年ぶりのリーグ優勝へ課題は山積している。最大の悩みは得点力不足だ。5日までバンテリンドームで行われた中日3連戦は0―1、1―2、1―0と、いずれも1得点以下。橋上秀樹監督代行（60）は同カード終了後、甲斐ら4選手の抹消と知念ら新戦力の引き上げという大幅入れ替えに踏み切った。 5月末に橋上新体制となって以降、4選手同時の抹消は初めて。貧打にあえぐ打線へ本格的にメスが入った格好だが、これは〝序章〟にすぎない可能性もある。 球団OBの一人は「前半戦も今月で終わる。上位3チームが拮抗している中で、後半戦へ向けて試行錯誤できる最後の時期でもある。今回だけでなく、今月は同じようなテコ入れが頻繁に行われるのではないか」と分析する。 その上で「この中から一人でもレギュラーに定着する〝ニュースター〟が出てくれば大きい。球宴休みまでの残り約3週間は、優勝を占う試金石になる」と展望した。 攻撃力強化へ、一軍昇格を虎視眈々と狙う若手、新戦力にチャンスが与えられる可能性は高い。虎との直接対決を前に始まったG打線の荒療治。生き残り、そして抜け出す選手は何人現れるのか。 熊沢航平,[],[]
【北中米Ｗ杯】FIFAをUEFAが猛非難　米FW出場停止の撤回めぐり対立「戦争開始」と英報道（東スポWEB）,https://news.yahoo.co.jp/articles/ed7f0525f18c621073bdd7f5e9295886bc3a02e4,https://newsatcl-pctr.c.yimg.jp/t/amd-img/20260707-00394860-tospoweb-000-1-view.jpg?exp=10800,2026-07-07T00:05:24+09:00,2026-07-07T00:05:24+09:00,東スポWEB,tospoweb,東スポWEB,554,米国のFWバグロン(右)は、32強のボスニア・ヘルツェゴヴィナ戦で一発レッドとなったが…（ロイター） 欧州サッカー連盟（UEFA）は6日、国際サッカー連盟（FIFA）が北中米W杯の出場停止処分が下されていた米国FWフォラリン・バログン（25＝モナコ）について、1年間猶予すると発表したことに対し、強く非難した。 バログンは決勝トーナメント1回戦でレッドカードを受けて一発退場となり、少なくても1試合の出場停止となるはずだった。しかし、FIFAはこれを変更。6日（日本時間7日）のベルギー戦が出場可能となった。米国のトランプ大統領がFIFAのジャンニ・インファンティノ会長に電話し、処分の見直しを求めたと報じられており、波紋が広がっている。 これに対し、UEFAは声明で「一線を越えた。サッカーは他のスポーツと同様、ルールに支えられており、それが公正で誠実かつ透明性のある競技の基盤となっている。ルールには解釈の余地がある場合もある。しかし、今回のケースではそうではない」「私たちは、前例のない、理解不能で、正当化できない決定に対して、信じられない思いを表明する」と非難した。 この状況に英国メディア「トーク・スポーツ」は「FIFAとUEFAが戦争を開始」と報道。対立の行方に注目が集まっている。 東スポWEB,[],[]
