headline,mainEntityOfPage,image,datePublished,dateModified,author,media_en,media_jp,str_count,body,images,external_links
【台風9号】最大瞬間風速80メートル…サイパンで猛威　“スーパー台風”例年より多発か？（日テレNEWS NNN）,https://news.yahoo.co.jp/articles/697e0c994fad09a63c83e9a8002cf9d3792eca81,https://newsatcl-pctr.c.yimg.jp/t/amd-img/20260707-01245388-nnn-000-1-thumb.jpg?exp=10800,2026-07-07T23:59:01+09:00,2026-07-07T23:59:01+09:00,日テレNEWS NNN,nnn,日テレNEWS,167,"日テレNEWS NNN
台風9号は、大型で非常に強い勢力を保ったまま週末には沖縄に接近する予定です。

今年の夏は、こうした勢力の強い台風が例年より多く日本に接近する可能性があるといいます。
【動画】大型で非常に強い台風9号、10日～11日頃に沖縄接近か　警戒を
※詳しくは動画をご覧ください（7月7日放送『news zero』より）",[],[]
子ども2人死亡…死因は窒息死　逮捕の父親「自分の健康や将来を悲観」「収入面に不安」　群馬・伊勢崎市（日テレNEWS NNN）,https://news.yahoo.co.jp/articles/ca0fd268342013b80ba3887f0c21696ae1c5bfe1,https://newsatcl-pctr.c.yimg.jp/t/amd-img/20260707-05656866-nnn-000-1-thumb.jpg?exp=10800,2026-07-07T23:51:00+09:00,2026-07-07T23:51:00+09:00,日テレNEWS NNN,nnn,日テレNEWS,171,"日テレNEWS NNN
群馬県伊勢崎市で子ども2人が死亡し父親が逮捕された事件で、父親が「自分の健康状態や家族の将来を悲観して犯行に及んだ」などと供述していることがわかりました。
【画像】群馬・子ども2人死亡…父親を送検　「収入面に不安」健康状態理由に今年1月から休職か
※詳しくは動画をご覧ください（7月7日放送『news zero』より）",[],[]
介護施設元職員の女に懲役20年の判決　入所者2人死亡「1人の殺害については無罪」のワケ　茨城・古河市（日テレNEWS NNN）,https://news.yahoo.co.jp/articles/dd3fe647bbff36c35ec2dac609fbf96e257f8a13,https://newsatcl-pctr.c.yimg.jp/t/amd-img/20260707-06913263-nnn-000-1-thumb.jpg?exp=10800,2026-07-07T23:47:00+09:00,2026-07-07T23:47:00+09:00,日テレNEWS NNN,nnn,日テレNEWS,220,"日テレNEWS NNN
6年前、茨城県古河市の介護老人保健施設で入所者2人を殺害したなどの罪に問われていた元職員の女の裁判で、水戸地裁は7日、2人のうち1人の殺害について認定し、懲役20年の判決を言い渡しました。一方、もう1人を殺害した罪については無罪としました。
【画像】“点滴に空気”2人死亡　女に懲役20年の判決　1件の殺人は無罪…「事件性」ありも「犯人性」なし
※詳しくは動画をご覧ください（7月7日放送『news zero』より）",[],[]
「夜中から朝までずっと座っていた」近隣住民が目撃していた異様な光景　同居女性の唇を針と糸で縫い合わせたか　女を逮捕（日テレNEWS NNN）,https://news.yahoo.co.jp/articles/642b5521191db590258ec2d47c93523fe4366ec7,https://newsatcl-pctr.c.yimg.jp/t/amd-img/20260707-02251147-nnn-000-1-thumb.jpg?exp=10800,2026-07-07T23:38:01+09:00,2026-07-07T23:38:01+09:00,日テレNEWS NNN,nnn,日テレNEWS,184,"日テレNEWS NNN
茨城県古河市で女性の唇を針と糸で縫い合わせてケガをさせたとして、49歳の女が逮捕されました。被害者の女性と同居していたということなのですが、近隣住民はその家の敷地内で、異様な光景を目撃していました。
【画像】同居女性の唇を糸で縫いあわせたか　40代の女を逮捕　茨城・古河市
※詳しくは動画をご覧ください（7月7日放送『news zero』より）",[],[]
漫画『宇宙兄弟』作者・小山宙哉　『SLAM DUNK』からの影響を明かす　「キャラクターたちの考え方とかに勇気づけられた」（日テレNEWS NNN）,https://news.yahoo.co.jp/articles/fc37252858e2efffb0933e63281d1a09b4de3ca3,https://newsatcl-pctr.c.yimg.jp/t/amd-img/20260707-03219272-nnn-000-1-view.jpg?exp=10800,2026-07-07T23:25:00+09:00,2026-07-07T23:25:00+09:00,日テレNEWS NNN,nnn,日テレNEWS,952,"自身が影響を受けた作品を明かした漫画家・小山宙哉さん
漫画『宇宙兄弟』の作者・小山宙哉さん（47）が7日、都内で行われた国際宇宙ビジネスカンファレンス『SPACETIDE 2026』の特別セッションに登場し、自身の作品に影響を与えた漫画を明かしました。
【動画で見る】『宇宙兄弟』作者・小山宙哉　影響を受けた作品を明かす
（左から）漫画家・小山宙哉さん、宇宙エンジニア・山方健士さん、宇宙飛行士・若田光一さん
漫画『宇宙兄弟』の長期連載を終えた今の気持ちについて小山さんは「人によっていろんな影響の受けた方あるかなと思っていて。それがありがたいなと思う。一つ宇宙に対する興味とか、宇宙のお仕事に関わっていくということのきっかけになったという方もいらっしゃるのでその辺はすごくありがたい」と、読者へ感謝を語りました。

また、作中の登場人物たちについて「『宇宙兄弟』というタイトルになったので、宇宙に魅了されている人たちを描こうというのが最初にあって。そういう人たちがその中でもいろんなタイプがいてっていうのをなんか描いてみたいなっていうところがスタートでした」と明かしました。
さらに、そうした作中の魅力的な登場人物から影響を受けた読者も少なくないのではないかと聞かれると「僕自身もそうですね、過去に読んできた『SLAM DUNK』とか、そういうのを読むとバスケットは僕はできないけれどなんかそのキャラクターたちの考え方とかに勇気づけられたりしますし。なんか脳内のどこかキャラクターが友達のようにいるっていうのが、なんか自分の力になったりするんですね。それも漫画の一つの可能性といいますか、漫画の力かなって思ってる」と影響を明かしてくれました。
『SPACETIDE 2026』は、200人以上の様々な国や地域から宇宙をはじめ多くの業界を代表するトップリーダーが集結し、70枠を超えるセッションと多数のサイドイベントを行う、アジア太平洋地域最大級の国際宇宙ビジネスカンファレンスです。

特別セッションには小山さんの他に、宇宙飛行士の若田光一さん（62）や、宇宙エンジニアで漫画『宇宙兄弟』の監修を行った山方健士さん、フリーアナウンサーで宇宙キャスターとしても活動する榎本麗美さん（43）が登場しました。",[],[]
同居女性の唇縫い合わせたか…49歳の女逮捕、近隣住民は“挨拶なく近所付き合いほとんどなし”　茨城・古河市【自宅前から中継】（日テレNEWS NNN）,https://news.yahoo.co.jp/articles/aa091972159bafb2d9280fb94b0ddd69592ea2bb,https://newsatcl-pctr.c.yimg.jp/t/amd-img/20260707-02851255-nnn-000-1-thumb.jpg?exp=10800,2026-07-07T23:23:01+09:00,2026-07-07T23:23:01+09:00,日テレNEWS NNN,nnn,日テレNEWS,174,"日テレNEWS NNN
茨城県古河市で女性の上下の唇を糸で縫い合わせたとして、女性と同居する女が逮捕されました。2人が同居していた自宅の前から中継でお伝えします。
【画像】唇を縫われた女性…紙に「助けて」の文字　同居の49歳女逮捕　「怖くて逃げられなかった」監禁事件の可能性も
※詳しくは動画をご覧ください（7月7日放送『news zero』より）",[],[]
EBiDAN所属・ICEx（アイス）　自身初のオリコン1位　平均年齢19.9歳、どんなユニット？（日テレNEWS NNN）,https://news.yahoo.co.jp/articles/ac73d22a8b1e00f4e02ef8c4b9bab003b1d1480c,https://newsatcl-pctr.c.yimg.jp/t/amd-img/20260707-04918563-nnn-000-1-view.jpg?exp=10800,2026-07-07T22:45:00+09:00,2026-07-07T22:45:00+09:00,日テレNEWS NNN,nnn,日テレNEWS,823,"1位を獲得したICExの最新アルバム『FRESH!!』
8人組ダンスボーカルユニット・ICEx（アイス）が、7日発表の最新『オリコン週間アルバムランキング』で初登場1位に輝きました。
【画像】ICExの先輩グループ・M!LK　自身初となるオリコン上半期ランキング1位獲得
最新アルバム『FRESH!!』が初週売り上げ8.3万枚を記録し、『2026/7/13付オリコン週間アルバムランキング』で1位にランクイン。自身初の『オリコン週間音楽ランキング』における1位獲得となりました。

アルバム収録曲の『プン☆ジェラ』の振り付けは、M!LKの『好きすぎて滅！』などSNSを中心に多くのバズを生み出しているコレオグラファー・SACO MAKITA（槙田紗子さん）が担当しています。

オリコン調べ（2026/7/13付）
■2023年にメジャーデビュー　コンセプトは“全ての愛を愛す”
8人組ダンスボーカルユニット・ICEx
ICExは、スターダストプロモーションの俳優・タレントで構成されるアーティスト集団『EBiDAN』に所属する、8人組ダンスボーカルユニットです。『EBiDAN』には超特急やM!LKらがいます。

メンバーは志賀李玖さん（22）、中村旺太郎さん（22）、阿久根温世さん（21）、千田波空斗さん（21）、筒井俊旭さん（20）、山本龍人さん（19）、竹野世梛さん（17）、八神遼介さん（17）で、平均年齢は19.9歳です。

ICExの公式サイトによると、『EBiDAN』の新ユニットとして2023年3月31日にファンの前で結成をサプライズ発表。“全ての愛を愛す”がコンセプトで、2023年8月にシングル『CANDY』でメジャーデビュー。今年で4年目を迎えるユニットです。

来月からは愛知、福岡、大阪、東京を巡るツアー『ICEx Fourth Concert Tour 2026 “FRESHest!!”』の開催も決まっています。",[],[]
アイナ・ジ・エンド「ほんまにあなたのおかげ」　涙を浮かべファンに感謝　初のアジアツアーを完走（日テレNEWS NNN）,https://news.yahoo.co.jp/articles/3abd4c7ceae7336677e672390c81d888c379a0a9,https://newsatcl-pctr.c.yimg.jp/t/amd-img/20260707-03756616-nnn-000-1-view.jpg?exp=10800,2026-07-07T22:40:00+09:00,2026-07-07T22:40:00+09:00,日テレNEWS NNN,nnn,日テレNEWS,954,"初のアジアツアーを完走したアイナ・ジ・エンドさん（Photo by Goku Noguchi）
ソロアーティストのアイナ・ジ・エンドさんが5日、初のアジアツアー『AiNA THE END LIVE TOUR 2026 - PICNIC -』のファイナル公演をNHKホールで開催。代表曲『革命道中 - On The Way』などを披露し、会場を盛り上げました 。
【画像】「生きる術を教えてくださった」　10年在籍した事務所WACKからエイベックスへ“完全移籍”（2025年3月）
ピアノの弾き語りを披露（Photo by Goku Noguchi）
開演前のインタビューでは、「このツアーで初めてピアノの弾き語りをしたり、ギターも新調したので、より音楽を楽しんでもらえるようにファンの人たちと作り上げたい」と意気込みを語っていたアイナさん。 

1stアルバム『THE END』収録曲の『ハロウ』から、ライブがスタート 。『ZOKINGDOG』『Frail』『Sweet Boogie』などのライブ定番曲や、ピアノの弾き語りで『粧し込んだ日にかぎって』を披露。

そして、自身の代表曲である『革命道中 - On The Way』や、新曲の『ルミナス - Luminous』『Blue Shining Star』などをパフォーマンスしました 。
■「人生の生きがいにして」MCで涙浮かべる
歌い上げるアイナ・ジ・エンドさん（Photo by Goku Noguchi）
またMCでは、去年を振り返り、自分自身とアイナ・ジ・エンドとの間で葛藤していた胸の内を明かしました 。そして、ファンに対して「こうやってワンマンライブをすると、キラキラしていない自分でも、その目と耳でずっと音楽を聴いてくれるあなたに出会える。去年を走り抜けられたのは自分の居場所、ワンマンライブがあったからです。ほんまにあなたのおかげです、いつもありがとう」と、涙を浮かべて感謝を伝えました 。

さらに「これからもアイナ・ジ・エンドの行く末を、人生の生きがいにしてください」と力強い言葉で呼びかけました 。 

アンコールラストには、18歳の時に生まれて初めて作詞作曲を手がけ、今も大切に歌い続けている楽曲『きえないで』を歌い上げました。",[],[]
デビュー5周年・BE:FIRST　最新シングル『Missing』　通算2作目のシングル1位を獲得（日テレNEWS NNN）,https://news.yahoo.co.jp/articles/638730fdea959554b4015b6b7b63d9f162567c5a,https://newsatcl-pctr.c.yimg.jp/t/amd-img/20260707-07873256-nnn-000-1-view.jpg?exp=10800,2026-07-07T22:35:00+09:00,2026-07-07T22:35:00+09:00,日テレNEWS NNN,nnn,日テレNEWS,390,"BE:FIRST
ダンス＆ボーカルグループ・BE:FIRSTの最新シングル『Missing』が、7日発表の『オリコン週間シングルランキング』で初登場1位を獲得。グループ通算2作目のシングル1位となりました。
【画像】BE:FIRST・SOTA「これからも進化するBE:FIRSTを楽しみに」ファンに感謝
初週売り上げは、前作の『BE:FIRST ALL DAY』（2026/5/11付　5.3万枚）を上回る9.4万枚でした。
『Missing』のジャケット
本作は、2021年11月『Gifted.』でのCDデビューから5周年を迎えるBE:FIRSTの『BE:FIRST 5th Anniversary Project』の第2弾シングルで、アコースティックギターのイントロから始まりエモーショナルに展開する、切ないラブソングとなっています。

オリコン調べ（2026/7/13付）",[],[]
活動終了を発表　超ときめき♡宣伝部　グループ過去最大規模の全国ツアー開幕　新曲も初披露（日テレNEWS NNN）,https://news.yahoo.co.jp/articles/4f034c4e3e6d1db03024cbed8480f70b434cbce6,https://newsatcl-pctr.c.yimg.jp/t/amd-img/20260707-07419156-nnn-000-1-view.jpg?exp=10800,2026-07-07T22:25:00+09:00,2026-07-07T22:25:00+09:00,日テレNEWS NNN,nnn,日テレNEWS,650,"アイドルグループ・超ときめき♡宣伝部
2027年春頃をもって活動を終了することを発表しているアイドルグループ・超ときめき♡宣伝部が、グループ史上最大規模となる全国ツアーを4日からスタートさせました。
【画像】2027年の春頃をもって活動を終了することを発表した、超ときめき♡宣伝部
超ときめき♡宣伝部は、辻野かなみさん（27）、坂井仁香さん（24）、小泉遥香さん（25）、菅田愛貴さん（21）、吉川ひよりさん（24）からなる5人組アイドルグループ。代表曲『超最強』は、TikTokの総再生数25億回を突破するなど、国内外でも大きく注目されています。（レコード会社発表）
■グループ史上最大規模のツアースタート　全16公演・約8万人動員予定
全国ツアーを開催中の超ときめき♡宣伝部
4日の宮城・仙台サンプラザホール公演を皮切りにスタートした『超ときめき♡宣伝部のきみのハートにロックオンTOUR 2026』。今回の全国ツアーは日本武道館や有明アリーナをはじめとした全16公演・約8万人を動員する、グループ史上最大規模の挑戦となります。

10月まで続くツアーの初日、メンバーたちはステージ上で笑顔をはじけさせながら、エネルギッシュなパフォーマンスを披露。集まったファンを魅了しました。

ライブ中には、新曲『大盛りハッピー』を初披露し、9月30日にリリースされるニューシングルに表題曲として収録されることも発表されました。

次の公演は、7月12日に石川・本多の森 北電ホールでの開催を予定しています。",[],[]
サラ・ブライトマン、上白石萌音との日本人アーティスト初デュエット　“私たちが求めていたもの”と絶賛（日テレNEWS NNN）,https://news.yahoo.co.jp/articles/397ca0e5be32dda99be3b09abd0a99d07cfd3975,https://newsatcl-pctr.c.yimg.jp/t/amd-img/20260707-07599344-nnn-000-1-view.jpg?exp=10800,2026-07-07T22:05:00+09:00,2026-07-07T22:05:00+09:00,日テレNEWS NNN,nnn,日テレNEWS,1223,"サラ・ブライトマンさんと上白石萌音さんがデュエット（Photo by Ryota Mori）
全世界3500万枚以上のセールスを誇るソプラノ歌手のサラ・ブライトマンさん（65）が、俳優の上白石萌音さん（28）とのデュエット曲を発表しました。サラ・ブライトマンさんが、日本人アーティストとデュエットするのは初となります。
【画像】上白石萌音、日系アメリカ人役　全編英語のセリフ＆タップダンスに挑戦
サラ・ブライトマンさんと上白石萌音さん（Photo by Ryota Mori）
『オペラ座の怪人』初代クリスティーヌ役としてミュージカル史に名を刻み、『Time To Say Goodbye』のヒットでも知られるサラ・ブライトマンさん。2018年発表のアルバム『HYMN～永遠の讃歌』以来、スタジオ録音の新作としては8年ぶりに発売するアルバム『SUNSET OVER BROADWAY』に収録されている楽曲『あなたとわたし（ムヘール・コントラ・ムヘール）』で、上白石さんとのデュエットが実現しました。

このコラボは、サラ・ブライトマンさん側がリクエストして実現したそうで、サラ・ブライトマンさんは「彼女のことは知っていて、彼女の歌う姿を見たり聴いたりして、このデュエットにぴったりな相手だと思いました」と明かし、「この曲にはいくつもの深い意味があって、リスナーに解釈を委ねているところがあります。萌音さんも私も、2人とも女優であり、優れた歌手なので、完璧なコンビネーションだと思いました。彼女から試しに歌ってくれたデモが送られてきたのですが、それが本当に見事でした。だから、本当にこのデュエットはステキな組み合わせになっていると思います」とコメントしました。
（左）上白石萌音さん、（右）サラ・ブライトマンさん（Photo by Ryota Mori）
また、来日した時に上白石さんと対面したサラ・ブライトマンさんは「曲の歌い方が素晴らしかった。あなたのボーカルを受け取りましたよ」と上白石さんに話し、「まさに（プロデューサーを含めて）私たちが求めていたものだったわ。私たちの声はすごく合っていると思う」と絶賛しました。

それに対して上白石さんは「そう聞いてうれしいです。私は、あなたの『オペラ座の怪人』のサントラを子供のころからずっと繰り返し聴いていました」と思い出を語り、「アルバムに参加させていただいて、本当にありがとうございます。本当に夢のようです」と明かしていました。

さらに、サラ・ブライトマンさんは「これが私にとって初めて日本のボーカリストとの共演なのです。そう。初めてよ。そして、とっても良かったわ」と語り、今後の2人のステージ共演については「まだどうなるかわからないけど、ステージで共演できる日があればうれしいですね。みなさんにこのデュエットを楽しんでいただけたら、今後もそういう可能性もあるかもしれません」と明かしました。",[],[]
【西武】泥沼連敗から脱出　7試合勝利なしの西武が快勝　先発の平良海馬が沖縄でのがい旋登板で勝ち投手に（日テレNEWS NNN）,https://news.yahoo.co.jp/articles/34683126f8dd762afd978c8f193659ee4e6a686d,https://newsatcl-pctr.c.yimg.jp/t/amd-img/20260707-09932153-nnn-000-1-view.jpg?exp=10800,2026-07-07T22:00:00+09:00,2026-07-07T22:00:00+09:00,日テレNEWS NNN,nnn,日テレNEWS,351,"西武・西口文也監督
◇プロ野球 パ・リーグ 西武 6-1 楽天(7日、那覇)

引き分けをはさみ7試合勝利のなかった西武が久々の勝利となりました。
【画像】パ・リーグファン投票最終結果
西武は先発の平良海馬投手が地元・沖縄でのがい旋登板となりました。その平良投手は5回無失点、7奪三振、四死球3という投球内容でマウンドを降ります。

西武打線は4回に林安可選手のタイムリーヒットで先制すると、5回には石井一成選手に3ランホームランが飛び出し、楽天から4点をリードします。

6回には平良投手の後にマウンドにあがった黒田将矢投手が1点を失いますが、8回に滝澤夏央選手が2アウト満塁から2点タイムリー2ベースで援護。投手陣も篠原響投手、ウィンゲンター投手、豆田泰志投手とつないだ西武が6-1で勝利しました。",[],[]
19歳の佐藤龍之介がバレンシアCFへ完全移籍　FC東京だけでなくファジアーノ岡山への感謝の思い（日テレNEWS NNN）,https://news.yahoo.co.jp/articles/5a55de5c604ab83ae3b13f8c06ebea657bba907b,https://newsatcl-pctr.c.yimg.jp/t/amd-img/20260707-09747491-nnn-000-1-view.jpg?exp=10800,2026-07-07T22:00:00+09:00,2026-07-07T22:00:00+09:00,日テレNEWS NNN,nnn,日テレNEWS,1091,"移籍が発表されたFC東京の佐藤龍之介選手(写真：森田直樹/アフロスポーツ)
サッカーJ1リーグのFC東京は7日、MF佐藤龍之介選手がスペイン1部バレンシアCFへの完全移籍を発表しました。
【画像】サッカーW杯トーナメント表　スペイン＆ベルギーが8強入り
佐藤選手は2006年生まれの19歳。FC東京の下部組織で育ち、2023年にカップ戦でデビュー。翌年にはリーグ戦にも3試合出場しました。2025年は育成型期限付き移籍でファジアーノ岡山でプレー。J1リーグ28試合で6得点を挙げました。今季はFC東京に戻り、Jリーグ百年構想リーグでは、19試合で6得点を記録しています。また2025年に日本代表も経験。通算5試合に出場しています。

クラブ公式ホームページでは、FC東京だけでなく、ファジアーノ岡山への感謝の思いもつづりました。

▽佐藤選手コメント

このたび、バレンシアCFへ移籍することになりました。

FC東京サッカースクール アドバンスクラスから約10年間、FC東京で育てていただき、このクラブでプロとしてプレーできたことを本当に誇りに思っています。

ファジアーノ岡山へ育成型期限付き移籍を経験し、その経験を経てFC東京に戻ってきたこの半年間は、自分にとって本当に特別な時間でした。ファン・サポーターのみなさんの応援や期待を力に変えてプレーすることができ、この半年間で得た経験や自信があったからこそ、海外への挑戦を決断することができました。

FC東京から世界へ挑戦できることを本当に嬉しく思います。そして、自分の挑戦が少しでも、アカデミー時代から育てていただいたこのクラブの未来につながれば嬉しいです。

ラ・リーガでプレーすることは、小さい頃からの夢でした。その舞台に挑戦できることを本当に嬉しく思います。これから始まる毎日にワクワクしています。ここまで関わっていただいた監督・コーチ、スタッフ、チームメイト、家族そしていつも熱い応援をしてくださったファン・サポーターのみなさん、本当にありがとうございました。

FC東京で育った選手として世界で結果を残すことが、クラブや応援してくださるみなさんへの一番の恩返しだと思っています。

そして、ファジアーノ岡山の関係者のみなさん。今の自分があるのは間違いなくみなさんのおかげです。自分を温かく迎え入れてくれて本当に嬉しかったです。岡山のみなさまにも良いニュースを届けられるように頑張ってきます。

世界で活躍して、東京、岡山、応援してくださるすべてのみなさんが誇れる選手になります！これからも応援よろしくお願いします！",[],[]
漫画家・植田まさし、3作品が同時に完結　「最終回を描き終えたという実感は、あまりありません」（日テレNEWS NNN）,https://news.yahoo.co.jp/articles/a6c94094cd68107eb04e9e77733bfbed540590e9,https://newsatcl-pctr.c.yimg.jp/t/amd-img/20260707-06138543-nnn-000-1-view.jpg?exp=10800,2026-07-07T21:45:00+09:00,2026-07-07T21:45:00+09:00,日テレNEWS NNN,nnn,日テレNEWS,1438,"『ほんにゃらゴッコ　かりあげクン』第1巻
漫画家・植田まさしさんが手がける『おとぼけ部長代理』、『ほんにゃらゴッコ　かりあげクン』、『新フリテンくん』の3作品が完結することが、7日に発表されました。
【画像】漫画家・植田まさしさんの代表作『コボちゃん』
■誌面には直筆メッセージ　インタビューでは連載終了の経緯を明かす
『漫画アクション』（双葉社）の誌面には、『まんがタイム』『漫画アクション』『まんがライフオリジナル』の各編集部が連名によるメッセージを寄せています。さらに、今回の3作品の連載終了にあたり、植田さんは「長い間お世話になりました!! 　植田まさし」という直筆の感謝メッセージとともに、キャラクターのイラストも掲載しています。

また、双葉社の情報サイト『ふたまん＋』のインタビューによると、最終回を描き終えた今の気持ちについて、植田さんは「46年もずっと描いてきたので、まだ最終回を描き終えたという実感は、あまりありません。本当にこの46年は、アッと言う間で。同じ作品を描き続けてきましたが、連載当初と今とで、自分の感覚としては何も変わってないんです」と胸の内を明かしていました。

また、連載終了の経緯については「ネタは、時代背景に捉われない普遍性をまず考えてやっています。アイデアが出なくて苦労したことはあまりないんですが、年をとって、アイデアの出る速度が遅くなってしまった」としながら、「使ってないネタを探すのに、時間が取られるようになったんですね。それが今回、連載を終了することにした理由でもあります」と、率直な理由を明かしました。
■『ほんにゃらゴッコ　かりあげクン』　テレビアニメや実写ドラマ化もされた国民的作品
『ほんにゃらゴッコ　かりあげクン』第69巻
『ほんにゃらゴッコ　かりあげクン』は、どこまでもマイペースなヒラ社員・かりあげ正太が主人公。チクリとしたイタズラで、会社や日常生活で騒動を巻き起こすギャグ4コマ作品。1980年に『週刊漫画アクション』にて連載がスタートし、1989年にテレビアニメ化、2023年に実写ドラマ化もされています。
■45年間にわたり愛された『おとぼけ部長代理』
『おとぼけ部長代理』コミックス第5巻　©植田まさし/芳文社
『おとぼけ部長代理』の前作にあたる『おとぼけ課長』は、雑誌『まんがタイム』が創刊された1981年3月号から連載され、2017年6月号にて完結。同年7月号からおとぼけ課長の7年後を舞台にした『おとぼけ部長代理』の連載がスタートしました。45年間にわたり読者に愛され、連載が継続した『おとぼけ』シリーズも、その歴史に幕を下ろします。
■読者の熱い声で復活した『新フリテンくん』
『新フリテンくん』　(c)植田まさし／竹書房
『新フリテンくん』の前作『フリテンくん』は1979年に掲載スタート。当初はゲスト掲載、不定期掲載でしたが、人気となり本格的な連載へ。1994年まで続く作品となりました。その後、1999年に続編となる『新フリテンくん』がスタートし、長年にわたり多くのファンに親しまれました。
また、読売新聞グループ本社広報部によると、植田さんの代表作『コボちゃん』の連載は継続するということです。『コボちゃん』は、2022年6月に連載を一時休載。2023年3月に連載が再開された際、読売新聞紙面にて「作者・植田まさしさんが前立腺がんと診断され、治療に専念していました」と説明していました。",[],[]
定数削減法案の成立　先送りの方針確認　与党党首会談（日テレNEWS NNN）,https://news.yahoo.co.jp/articles/93b46b9318a3e946d3f466cb939a4e64a76fd53a,https://newsatcl-pctr.c.yimg.jp/t/amd-img/20260707-03648574-nnn-000-4-thumb.jpg?exp=10800,2026-07-07T21:37:00+09:00,2026-07-07T22:14:32+09:00,日テレNEWS NNN,nnn,日テレNEWS,432,"日テレNEWS NNN
高市首相と日本維新の会の吉村代表による与党党首会談で、焦点となっていた衆議院の議員定数を削減する法案の成立は、次の国会に先送りする方針を確認したことがわかりました。
【画像】与党党首会談“定数削減”など協議　野党側に“譲歩”の可能性も
高市首相
「残る議員提出法案の取り扱いなど、今後の進め方について、自民党総裁として意見交換を行いました」

会談の内容について出席者は一様に明らかにしていませんが、日本テレビの取材で、焦点の定数削減法案の成立を次の国会に先送りする方針を確認したことがわかりました。

一方で両党が共同提出した副首都法案については今国会での成立を引き続き目指していて、野党側が国会審議に応じるか、8日以降確認した上で定数削減法案の扱いも最終判断することにしています。

自民・維新は連立合意に含まれている定数削減法案の今国会での成立を目指していましたが、野党側の反発が強く国会会期末が来週金曜に迫る中、方針転換した形です。",[],[]
中森明菜、11年5か月ぶりのTOP10入り　通算30作目　シングル『ごめんと、すきと、』（日テレNEWS NNN）,https://news.yahoo.co.jp/articles/7d4269b070a4b9070a98374bd2fce8befc0dfd07,https://newsatcl-pctr.c.yimg.jp/t/amd-img/20260707-03636965-nnn-000-1-view.jpg?exp=10800,2026-07-07T21:25:00+09:00,2026-07-07T21:25:00+09:00,日テレNEWS NNN,nnn,日テレNEWS,573,"中森明菜さん
歌手の中森明菜さん（60）の最新シングル『ごめんと、すきと、』が、7日発表の『オリコン週間シングルランキング』で、初週1.1万枚を売り上げ初登場7位に。中森さんが新曲への思いをコメントしました。
【画像】中森明菜、20年ぶり3都市でライブツアーを開催「久しぶりにみなさんに会いに行きます」
2015年1月発売の『Rojo -Tierra-』（2015/2/2付　8位）以来、11年5か月ぶりのシングルTOP10入りで、『シングルTOP10入り作品数』は通算30作目となりました。

本作は2016年2月24日発売の『FIXER -WHILE THE WOMEN ARE SLEEPING-』以来、約10年ぶりとなる最新シングル。発売日となる7月1日には、ミュージックビデオも公開されました。
『ごめんと、すきと、』のジャケット通常盤
中森さんは発売にあたり、「新曲『ごめんと、すきと、』をお届けできることを嬉しく思います。大好きな友人への思いを出発点に、ファンのみなさまへの感謝を込めて作り上げました。心の中にある“ごめんね”と“大好きだよ”という気持ちを、試行錯誤しながら真っ直ぐに紡ぎました。みなさまの大切な人との絆に、優しく寄り添う一曲になればと願っています」とコメントを寄せています。

オリコン調べ（2026/7/13付）",[],[]
【巨人】阪神との首位攻防初戦に逆転勝利　7回に坂本勇人が走者一掃の劇的打　10連勝の髙橋遥人を攻略（日テレNEWS NNN）,https://news.yahoo.co.jp/articles/0b0e36b0ac3d2e50596b1fb64d3771df21137e0c,https://newsatcl-pctr.c.yimg.jp/t/amd-img/20260707-01152817-nnn-000-2-view.jpg?exp=10800,2026-07-07T21:15:01+09:00,2026-07-07T21:25:35+09:00,日テレNEWS NNN,nnn,日テレNEWS,503,"逆転打後ベンチに戻り喜ぶ巨人・坂本勇人選手(画像：日テレジータス)
◇プロ野球 セ・リーグ 巨人 4-3 阪神(7日、東京ドーム)

巨人は阪神との首位攻防3連戦の初戦を制しました。
【画像】7月7日の巨人スタメン
先発・戸郷翔征投手は阪神打線を5回までノーヒットに封じる素晴らしい投球を披露。援護したい打線は4回、ダルベック選手が10連勝中の阪神・髙橋遥人投手から12号ソロホームランを放ち先制に成功します。

好調の戸郷投手でしたが、5回裏の走塁でアクシデント。内野ゴロで1塁を駆け抜けた際に左足を押さえ、6回のマウンドへは上がらず降板しました。

すると6回表に2番手・船迫大雅投手がヒットと四球でピンチを招き、3番手・高梨雄平投手が佐藤輝明選手に2点タイムリー2ベースを打たれて逆転を許しました。

それでも2点を追う7回、知念大成選手のプロ初ヒットなどで2アウト満塁とすると、代打・坂本勇人選手が走者一掃の逆転タイムリー2ベース。髙橋投手を攻略しました。

8回は大勢投手がピンチを作りながらも無失点とすると、1点リードの9回はマルティネス投手が反撃を封じてゲームセット。単独首位に浮上しました。",[],[]
【阪神】巨人との首位攻防初戦に逆転負け　髙橋遥人は7回途中4失点で開幕10連勝途切れる（日テレNEWS NNN）,https://news.yahoo.co.jp/articles/6811663cb0c129f4dc665b044c3298e05b93453a,https://newsatcl-pctr.c.yimg.jp/t/amd-img/20260707-01417793-nnn-000-1-view.jpg?exp=10800,2026-07-07T21:15:01+09:00,2026-07-07T21:15:01+09:00,日テレNEWS NNN,nnn,日テレNEWS,469,"戦況を見つめる阪神・藤川球児監督(画像：日テレジータス)
◇プロ野球 セ・リーグ 巨人 4-3 阪神(7日、東京ドーム)

阪神は巨人との首位攻防3連戦初戦に敗戦。開幕から無傷の10連勝を記録していた先発・髙橋遥人投手に黒星がつきました。
【画像】ホームラン後チームメートと笑顔で喜ぶ阪神・前川右京選手
序盤3回を無失点に抑えた髙橋投手でしたが4回、ダルベック選手にソロ本塁打を浴び先制点を与えます

打線は巨人先発・戸郷翔征投手の前に5回までノーヒット。それでも戸郷投手が5回までで降板すると、6回2アウト1、2塁で佐藤輝明選手がタイムリー2ベースを放ち逆転に成功します。7回にも前川右京選手がソロホームランを放ち、リードを2点に広げます。

しかし7回裏、髙橋投手は満塁のピンチを招くと坂本勇人選手に走者一掃の逆転タイムリーを打たれ、この試合4失点。ビハインドでマウンドを降りました。

1点を追う打線は8回に大勢投手を攻め立てるも、ノーアウト1、2塁から中軸が封じられ得点ならず。9回はマルティネス投手に抑え込まれ敗戦となりました。",[],[]
「早く家に帰りたくて」放火未遂か　50代の入院患者を逮捕　福岡・北九州市（日テレNEWS NNN）,https://news.yahoo.co.jp/articles/cfb3a39c6094f49e487c2c0c7f76675218076ed5,https://newsatcl-pctr.c.yimg.jp/t/amd-img/20260707-08386851-nnn-000-2-thumb.jpg?exp=10800,2026-07-07T21:11:00+09:00,2026-07-07T21:25:35+09:00,日テレNEWS NNN,nnn,日テレNEWS,387,"日テレNEWS NNN
news every.の「ミダシ」が気になるニュース。「『早く家に帰りたくて』放火未遂か　50代の入院患者を逮捕」についてお伝えします。
【画像】「人生のすべてが嫌に…」僧侶見習いが修行の寺を放火か　佐賀・伊万里市
◇

福岡県北九州市の病院で6日に起きた放火未遂事件。現住建造物等放火未遂の疑いで逮捕された、北九州市の無職・福成修容疑者（57）は、この病院に入院していた患者でした。

警察によりますと、福成容疑者は、自分の個室のカーテンなどにライターで火をつけたティッシュで放火しようとした疑いがもたれています。

カーテンの一部などが焼けましたが、火は職員が消し止め、けが人はいませんでした。

先週金曜日（3日）から入院していたという福成容疑者。警察の調べに対し「早く家に帰りたくて、イライラして火をつけた」と容疑を認めているということです。",[],[]
【中日】今季8度目の完封負け　DeNA・石田裕太郎を前にわずか1安打と打線が沈黙　（日テレNEWS NNN）,https://news.yahoo.co.jp/articles/6c044d57751d8a778ba4a8ceaefb5c7bcaac804f,https://newsatcl-pctr.c.yimg.jp/t/amd-img/20260707-01178948-nnn-000-1-view.jpg?exp=10800,2026-07-07T21:06:00+09:00,2026-07-07T21:06:00+09:00,日テレNEWS NNN,nnn,日テレNEWS,484,"中日の井上一樹監督
◇プロ野球・セ・リーグ DeNA4ｰ0中日(7日、横浜スタジアム)

DeNAとの3連戦初戦に臨んだ中日は打線が機能できず、敗れました。
【画像】プロ野球オールスター　セ・リーグファン投票　最終結果
中日・先発のマラー投手は3回。牧秀悟選手にレフトポール直撃のホームランを打たれ、先制を許します。さらに4回には、2つのフォアボール出すと、ヒットを打たれて満塁のピンチを迎えます。中日は内野前進のシフトを敷きますが、セカンドゴロの間に1点を失い、2点ビハインドとなりました。

中日打線は7回までDeNA・先発の石田裕太郎投手を前にヒットを放つことができず。しかし、8回に先頭のボスラー選手がセンター前ヒットを打ち、石田投手のノーヒットノーランを阻止します。しかし、後続がつなげることはできず。中日は無得点のまま最終回の攻撃のみを残しました。

8回の裏にも2点を追加される中日。9回の攻撃でも得点を奪えず前日に続き完封負け。DeNAが10安打と快音を響かせるなか、中日はボスラー選手の1安打のみで終わりました。中日は今季8度目の完封負けとなります。",[],[]
列車の床に“白い粉”散乱　乗客約150人が避難（日テレNEWS NNN）,https://news.yahoo.co.jp/articles/c941b9395f8ed48275724217163dbdb4b7d34f0f,https://newsatcl-pctr.c.yimg.jp/t/amd-img/20260707-01962996-nnn-000-3-thumb.jpg?exp=10800,2026-07-07T20:52:00+09:00,2026-07-07T22:38:28+09:00,日テレNEWS NNN,nnn,日テレNEWS,450,"日テレNEWS NNN
news every.の「ミダシ」が気になるニュース。「駅が騒然…列車の床に“白い粉”　乗客約150人が避難」についてお伝えします。
【画像】2026年注目の鉄道ニュースは？　新幹線に「動く書斎」復活！ハローキティ新幹線引退　鉄路の「光と影」も…「乗り鉄デスク」解説【日テレ鉄道部】
◇

6日昼前、熊本県にあるJR豊肥線の駅の入り口には防護服を着た人たちの姿がありました。

目撃した人
「レスキュー車が来て、防護服を着た状態でホームへ。これは何か起きているな」

駅が一時騒然となったワケは、列車の床に散乱した“白い粉”。

JR九州によりますと6日午前10時前、大分県と熊本県を走るJR豊肥線の肥後大津駅で、列車内の床に白い粉のようなものが散乱しているのを運転士が発見。不審物と判断し、乗客およそ150人が避難する事態となりました。

警察などが調査したところ、白い粉の正体は「嘔吐物凝固剤」で危険物ではありませんでした。別の駅で係員が使用したものだったということです。",[],[]
唇を縫われた女性…紙に「助けて」の文字　同居の49歳女逮捕　「怖くて逃げられなかった」監禁事件の可能性も（日テレNEWS NNN）,https://news.yahoo.co.jp/articles/5963454e2cf6b9fba78722b66dcd69a4ef7267ff,https://newsatcl-pctr.c.yimg.jp/t/amd-img/20260707-01943288-nnn-000-3-thumb.jpg?exp=10800,2026-07-07T20:46:00+09:00,2026-07-07T22:36:29+09:00,日テレNEWS NNN,nnn,日テレNEWS,1746,"日テレNEWS NNN
茨城県古河市で女性の上下の唇を糸で縫い合わせたとして、女性と同居する女が逮捕されました。被害者の女性は、唇が縫われた状態で近くのお店に駆け込み「助けて」と書かれた紙を見せたということです。
【画像】同居女性の唇を糸で縫いあわせたか…49歳女逮捕　茨城・古河市
■唇を縫われた女性…紙に「助けて」　同居の女（49）を逮捕
日テレNEWS NNN
7日朝、カメラに気づき、顔をそらす女。送検された櫻井政恵容疑者（49）です。

容疑は同居していた42歳の女性にケガをさせた傷害の疑い。櫻井容疑者は女性の上唇と下唇を、糸を通した針で縫い合わせたとみられているのです。

警察によりますと、事件が起きたのは先週月曜日（6月29日）の昼過ぎ。櫻井容疑者は、この家で同居していた女性の唇を複数回、縫い合わせたといいます。翌日、女性は、櫻井容疑者が外出した隙を見て、部屋を脱出。そして…
◇
日テレNEWS NNN
守下綾乃（every.取材班）
「被害者の女性は現場から歩いて5分ほどのお店に助けを求めに行ったということです」

口が開けられないほど唇が縫われた状態で近くの店に駆け込み、切れ端のような紙に「助けて」と書いた文字で助けを求めたといいます。
■被害女性「容疑者が怖くて逃げられなかった」
日テレNEWS NNN
助けを求められた店の人によりますと、女性はマスク姿で店の中へ。紙には他にも「警察を呼んでください」「話せません」と書かれていたということです。

女性のケガの程度はわかっていません。

警察に対し女性は「容疑者が怖くて逃げられなかった」と話しているということです。
■「土砂降りの中…」近隣住民は“異様な光景”を目撃
日テレNEWS NNN
櫻井容疑者から逃げ出せないほどの恐怖を感じていたのでしょうか。

去年4月から同居していたという櫻井容疑者と被害者の女性。近所の人は、1か月ほど前、“異様な光景”を目撃していたといいます。

先月、現場となった住宅の敷地内を撮影した写真には、外で膝を抱えて座る女性の姿が。

近隣住民
「夜中から朝までずっと座っていた。雨の中、土砂降りの中、自分が仕事行く時、座っている。ドア開けるとこっち向くけど、うずくまっている感じ」

──やらされている感じ？

近隣住民
「そうですね」

その光景は一度ではなかったといいます。
◇
日テレNEWS NNN
近隣住民
「最初は（女性が）土砂降りの中、寝ていた。外で。それが1週間ぐらい続いた。いつも5時ごろ仕事出るけど、雨の時でもそこに座っている。夜も帰ってくればそこにいる」

近所の人によると、付き合いがあまりなかったという櫻井容疑者。

近隣住民
「（櫻井容疑者が）引っ越してきた時から近所との付き合いがないから、どういう人が入ってきて何の仕事をやっているのか（わからない）。普通は大体しゃべる。そういうことがない」

近隣住民
「挨拶も何にもないから、どういう人だかなんだか。大体話したこともないから、変わった人だなと思っている」
■近隣住民「4・5人はいた」被害女性以外の同居人を目撃
日テレNEWS NNN
一方で、被害女性以外の同居人を目撃していたといいます。

──何人ぐらい住んでいる？

近隣住民
「4・5人はいたんで」

──4・5人?

近隣住民
「男が2人とか女が3人とか。『複雑な関係なのかな』とみんなが言っていた。だから『なんだか変な人が来たね』と」
■容疑者と同じ店で働いていた人「トラブル多かった」
日テレNEWS NNN
近所でも会話になるほど異様だったという櫻井容疑者と同居人の関係。櫻井容疑者と以前、飲食店で働いていたという人は…

同じ店で働いていた人
「トラブルが多かった。SNSにお客様のことを勝手に載せたり、本人に注意するけど1回では済まなかった。いろんなトラブル起こして最終的にやめていただきました。あることないことウソをつく感じでした。怖いものを秘めているという印象は受けたことはある」

警察は、被害女性が「櫻井容疑者のことが怖くて逃げられなかった」と話していることから、監禁事件の可能性もあるとみて捜査しています。",[],[]
群馬・子ども2人死亡…父親を送検　「収入面に不安」健康状態理由に今年1月から休職か（日テレNEWS NNN）,https://news.yahoo.co.jp/articles/b9985b2698bc34339a410dffdfe3cc78b1e88a29,https://newsatcl-pctr.c.yimg.jp/t/amd-img/20260707-07453628-nnn-000-3-thumb.jpg?exp=10800,2026-07-07T20:41:01+09:00,2026-07-07T22:50:29+09:00,日テレNEWS NNN,nnn,日テレNEWS,647,"日テレNEWS NNN
子ども2人が死亡した事件で逮捕された父親は「自分の健康状態や家族の将来を悲観して犯行に及んだ」などと供述していることがわかりました。
【画像】群馬・子ども2人死亡　逮捕の父親「自分の健康状態や家族の将来を悲観」
■「窒息死」長女の死因が明らかに
6歳の長女、井上明莉さんを殺害した疑いで逮捕された父親の井上敏典容疑者。7日、その身柄が検察へ送られました。

捜査関係者への取材で、「自分の健康状態や家族の将来を悲観して犯行に及んだ」と供述していることが新たにわかりました。

群馬県伊勢崎市の住宅で、5日、幼いきょうだいの遺体が見つかった事件。
◇
日テレNEWS NNN
6歳の長女、明莉さんと3歳の長男、柊利ちゃんは、2階の部屋で倒れていたといいます。2人の首には絞められたような痕があり、明莉さんの近くには複数のネクタイが落ちていたということです。

そして7日、亡くなった明莉さんの死因が首を絞められたことによる「窒息死」だということが明らかになりました。
■「健康や家族の将来を悲観」
日テレNEWS NNN
なぜ、幼い2人の命が奪われたのか。

その動機について、井上容疑者は「健康状態や家族の将来を悲観して」などと話しているということです。さらに…

井上容疑者
「収入面に不安があった」

井上容疑者はスーパーで働いていたといいますが、捜査関係者によりますと、健康状態を理由に今年1月から休職していたといいます。

警察は事件の詳しい経緯を調べています。",[],[]
ロバーツ監督が負傷者リストのスミス、スネル、グラスノーの現状について言及　正捕手スミスはいつ帰ってくるのか？（日テレNEWS NNN）,https://news.yahoo.co.jp/articles/5edbaec8a0bf08662af4888e342832bfa3ac0a15,https://newsatcl-pctr.c.yimg.jp/t/amd-img/20260707-03731691-nnn-000-1-view.jpg?exp=10800,2026-07-07T20:40:00+09:00,2026-07-07T20:40:00+09:00,日テレNEWS NNN,nnn,日テレNEWS,713,"ドジャースの正捕手ウィル･スミス選手(写真：ゲッティ)
ドジャース指揮官のロバーツ監督が負傷者リスト(IL)入りしているウィル・スミス選手やブレーク・スネル投手、タイラー・グラスノー投手について日本時間7日に話しました。
【画像】カメラに向かってピースする大谷翔平選手
正捕手のスミス選手は6月に首の張りを訴え、負傷者リスト入りをしていました。スミス選手の現状についてロバーツ監督は「今日もまだ少し痛みが残っているよう」と明かし、「できれば明日にはフルタイムの選手として復帰してほしいと思っている」と実戦復帰直前であることを明かしました。しかし、日本時間2日には「オールスター前に彼をアクティブロースターへ戻すことは考えていません」と同じくロバーツ監督が明言しています。

スミス選手は大谷翔平選手が投手復帰をしてからバッテリーを組む相手であり、大谷選手が今季あげた8勝のうち、6勝した試合をスミス選手が支えていました。現在はスミス選手に代わってダルトン・ラッシング選手が大谷選手とバッテリーを組んでいます。

また、ロバーツ監督はスネル投手、グラスノー投手のコンディションについても言及。「スネルは状態が良く、前回のセッションもうまく終えられた。今週末には実戦形式か、あるいはブルペンでの投球を行う予定だ。グラスノーも順調で、水曜日には実戦形式の登板を行う予定になっている。2人とも素晴らしい経過をたどっているよ」と語りました。

また、スネル投手についてはあと2回の実戦形式を経てからリハビリ登板へ向かう計画とのことです。そのリハビリ登板のタイミングについてロバーツ監督は、オールスター休み前になる可能性は低いとしました。",[],[]
メロン豊作…ワンコインでお釣りも　各地で“当たり年”　生産者「過去最高レベル」甘さに自信（日テレNEWS NNN）,https://news.yahoo.co.jp/articles/ea988e345367dd81f075ba1f61669bc19295a715,https://newsatcl-pctr.c.yimg.jp/t/amd-img/20260707-05474745-nnn-000-2-thumb.jpg?exp=10800,2026-07-07T20:37:00+09:00,2026-07-07T20:50:28+09:00,日テレNEWS NNN,nnn,日テレNEWS,163,"日テレNEWS NNN
いまが旬のメロン。今年は豊作となっているそうなんです。7日、スーパーに行ってみると、なんとワンコインで買えるメロンもありました。豊作のワケは？
【画像】「返礼品はいりません」ふるさと納税の“粋なはからい”　学校給食にメロン登場
※詳しくは動画をご覧ください（7月7日放送『news every.』より）",[],[]
【DeNA】石田裕太郎のノーヒットノーランは8回に途絶える　今季セ・リーグでは達成なし　DeNAでは今永昇太のみ（日テレNEWS NNN）,https://news.yahoo.co.jp/articles/0897b6f8bece958efbe21bf836cc075cba174815,https://newsatcl-pctr.c.yimg.jp/t/amd-img/20260707-05726846-nnn-000-3-view.jpg?exp=10800,2026-07-07T20:36:00+09:00,2026-07-07T21:17:32+09:00,日テレNEWS NNN,nnn,日テレNEWS,534,"DeNA先発の石田裕太郎投手
◇プロ野球・セ・リーグ DeNAー中日(7日、横浜スタジアム)

DeNAの石田裕太郎投手のノーヒットノーランは8回に途絶えました。
【画像】セ・リーグファン投票結果
初回を空振り三振含む三者凡退で抑えると、2回もサノー選手、石川昂弥選手を連続空振り三振。3回には牧秀悟選手が10号ソロホームランを放ち先制点をつかみます。

4回もテンポよくアウトを奪うと、その裏に満塁のチャンスで石田投手が打席に立つと、セカンドゴロの間に走者が生還。石田投手に打点がつきました。

5回は牧選手のファインプレーで先頭をアウトにするも、続く打者に四球を与えて、この日初めての走者を出します。しかしその後は連続アウトで得点は与えませんでした。さらに7回には2アウトから2つの四球でピンチを背負うも石川選手をピッチャーゴロで仕留めここもノーヒットで終えました。

投球数100球を超えた、8回にボスラー選手に投じた内角高めのストレートをはじかれ、この日初めてのヒットを与えてしまいました。

今季のノーヒットノーランは日本ハムの細野晴希投手が3月31日に達成したもののみ、DeNAでは2022年6月7日に現在カブスで活躍する今永昇太投手のみが達成しています。",[],[]
「こんな形で去るのはもちろん悲しい」C.ロナウドが最後のW杯を終え心境語る　大歓声には目頭押さえる（日テレNEWS NNN）,https://news.yahoo.co.jp/articles/418d331bb02616b3b369cdfc78edfa5a1becd742,https://newsatcl-pctr.c.yimg.jp/t/amd-img/20260707-06848859-nnn-000-1-view.jpg?exp=10800,2026-07-07T20:30:00+09:00,2026-07-07T20:30:00+09:00,日テレNEWS NNN,nnn,日テレNEWS,661,"試合後、会場の歓声をかみしめるクリスティアーノ・ロナウド選手(写真：ゲッティ)
◇サッカーFIFAワールドカップ ノックアウトステージラウンド16 スペイン1-0ポルトガル(日本時間7日、ダラス・スタジアム)
【画像】サッカーW杯トーナメント表　スペイン＆ベルギーが8強入り
ポルトガルはスペインに敗れ、ベスト16で敗退。41歳レジェンドであるクリスティアーノ・ロナウド選手が試合後のインタビューに応じました。

ロナウド選手は今大会でワールドカップ6大会連続出場と6大会連続ゴールを記録。ノックアウトステージ2回戦となるスペイン戦でもフル出場しましたが、後半終了間際の失点でベスト16での敗退となりました。

「本当に互角の素晴らしい試合で、どちらが勝ってもおかしくありませんでした」と振り返るロナウド選手は、スタンドからの大歓声に試合後に目頭を押さえ涙。感極まる様子でした。

今大会が最後のワールドカップになることを明かしており、「ワールドカップをこんな形で去るのはもちろん悲しい」と本音をこぼします。それでも、「僕の最善を尽くしたという実感で、今は落ち着いています。これがサッカーでサッカー選手の人生じゃないかな。勝ち負けはつきもの。継続あるのみ。僕にとっては最後のワールドカップだけど、ほかの皆はまだ試行錯誤の時間があるのだから」と思いを語りました。

ロナウド選手は、41歳ながら今大会全5試合でスタメン出場し、4試合でフル出場。今後については「今まで通りです。淡々と自分の最善を尽くします」と前を向きました。",[],[]
“点滴に空気”2人死亡　女に懲役20年の判決　1件の殺人は無罪…「事件性」ありも「犯人性」なし（日テレNEWS NNN）,https://news.yahoo.co.jp/articles/3af390ce09355d246bc103a1bac095b95a674350,https://newsatcl-pctr.c.yimg.jp/t/amd-img/20260707-03384217-nnn-000-2-thumb.jpg?exp=10800,2026-07-07T20:29:00+09:00,2026-07-07T20:41:31+09:00,日テレNEWS NNN,nnn,日テレNEWS,1492,"日テレNEWS NNN
介護施設で点滴のチューブに空気を注入し2人を殺害したなどの罪に問われた元職員の女に対し、水戸地裁は、1人に対する殺害の罪については無罪とした上で、懲役20年を言い渡しました。
【画像】介護施設で“点滴に空気”2人死亡　元職員の女に懲役20年の判決　1件は無罪
■直接的な証拠乏しく…審理は長期化
日テレNEWS NNN
介護老人保健施設の元職員、赤間恵美被告（40）。問われていたのは、施設の入所者2人の点滴用チューブに、注射器のシリンジで空気を注入して殺害した殺人などの罪です。

犯行を裏付ける直接的な証拠は乏しく、審理は長期化。210日に及んだ異例の長期裁判の判決が、7日に下されました。

2020年、茨城県古河市にある介護老人保健施設「けやきの舎（いえ）」に入所していた鈴木喜作さんと吉田節次さんが、相次いで亡くなりました。
◇
日テレNEWS NNN
その当時、看護師・介護職員として働いていたのが、赤間被告です。初公判では…

裁判官
「鈴木さんを殺害した罪について、言いたいことはありますか？」

赤間被告
「私は空気を注入していません。殺害していません」

裁判官
「吉田さんについてはどうですか？」

赤間被告
「私は空気を注入していません。殺害していません」
■1件は無罪…「事件性」ありも「犯人性」なし
日テレNEWS NNN
裁判の争点は、主に「事件性」と「犯人性」の2つ。2人の死が他殺なのかどうか、その上で他殺だった場合、犯人が赤間被告なのかどうかです。

弁護側は、殺人の罪について動機は全く証明されていないと、全面的に無罪を主張。

一方の検察側は、他の理由で2人が死亡した合理的な疑いはなく、赤間被告が犯人であることなどは十分に証明されていると、無期懲役を求刑していました。

そして7日、迎えた判決の日。裁判所の前には、傍聴券を求め多くの人が並びました。注目された裁判所の判断は…

裁判長
「主文、被告人を懲役20年に処する」
「公訴事実第1については被告人は無罪」

つまり、鈴木さんを殺害した罪については、無罪。一方で吉田さんについては、赤間被告が殺害したと認定されたということです。

それぞれの判決理由を見ていきます。まずは、鈴木さんを殺害した罪についてです。

裁判長
「体内に存在した気体の一定量は、生前に何らかの方法で入れられた空気であり、死に至らしめるようなものであったと認められる。点滴ルートを利用して空気を入れる方法の他に、空気の入るルートは想定できない」

鈴木さんは、空気を注入されたことで死亡したと認められ、事件性はありと認定されました。

ただ、犯人性についてはなし。「赤間被告が犯人であると言うには、合理的な疑いが残る」として認められませんでした。
■もう1件…事件性・犯人性ともにあり
日テレNEWS NNN
続いて、吉田さんを殺害した罪については…

裁判長
「死に至らしめる十分な量の気体が、吉田さんの体内には存在した。体外から空気が注入されたと認められる。被告人は、吉田さんのそばでシリンジを押し引きする動作をしており、この機会に空気を注入した可能性は十分にある」

事件性・犯人性ともにありとされました。

裁判長
「介護士という立場を利用し、抵抗できない状態の被害者に対し空気を注入するという自然死に見せかけられるようなやり方で犯行に及んだ。医学的な知識を悪用し、殺人事件であることが周囲に発覚しにくいやり方をした悪質な犯行」

赤間被告側は、控訴する意向を明らかにしています。",[],[]
【巨人】終盤に逆転劇　知念大成プロ初ヒット→坂本勇人が満塁から走者一掃タイムリー2ベース　阪神・髙橋遥人打ち崩す（日テレNEWS NNN）,https://news.yahoo.co.jp/articles/e38de9e7734a351e2785190cdd20cbfc3362be5d,https://newsatcl-pctr.c.yimg.jp/t/amd-img/20260707-09424552-nnn-000-1-view.jpg?exp=10800,2026-07-07T20:29:00+09:00,2026-07-07T20:29:00+09:00,日テレNEWS NNN,nnn,日テレNEWS,326,"走者一掃の逆転打を放った巨人・坂本勇人選手(画像：日テレジータス)
◇プロ野球 セ・リーグ 巨人-阪神(7日、東京ドーム)

巨人・知念大成選手がプロ初ヒットをマーク。続く代打・坂本勇人選手が逆転のタイムリー2ベースを放ちました。
【画像】7月7日の巨人スタメン
知念選手は6日に支配下契約を勝ち取り、この日1軍初昇格。2点ビハインドの2アウト1、2塁で代打で打席に立つと、阪神・髙橋遥人投手のツーシームを逆方向へはじき返し、ショートへの内野安打を記録しました。

満塁の場面で代打出場した坂本選手は、初球のツーシームを打ち返し打球は左中間へ。この打球で1塁から知念選手がホームへヘッドスライディングで生還し、走者一掃のタイムリー2ベースとなりました。",[],[]
始球式に登場のフリーマンの長男チャーリーくん　着用の帽子は1年以上前に行われた東京シリーズのもの　大ファンの大谷翔平の母国で作った大切な思い出（日テレNEWS NNN）,https://news.yahoo.co.jp/articles/73eab3c1cc1cc6db14250e24e33b86b865c75c98,https://newsatcl-pctr.c.yimg.jp/t/amd-img/20260707-06976744-nnn-000-2-view.jpg?exp=10800,2026-07-07T20:24:00+09:00,2026-07-07T20:27:29+09:00,日テレNEWS NNN,nnn,日テレNEWS,635,"チャーリーくんが始球式で被った帽子は2025年の東京シリーズオリジナルキャップ(写真：アフロ)
◇MLB ドジャース8×-7ロッキーズ(日本時間7日、ドジャー・スタジアム)

ドジャースのフレディ・フリーマン選手とその家族が始球式に登場。チャーリーくんの帽子に注目が集まりました。
【画像】昨年はチャーリーくんが豪快フォームで始球式
始球式では二男のブランドンくん、三男のマックスくんがピッチャーを務め、フリーマン選手と長男のチャーリーくんが捕手役を担当。昨年はチャーリーくんが投げて父が捕手役でしたが、お兄ちゃんとして弟のボールをしっかりキャッチしました。

そんなチャーリーくんが今回着用していた帽子は昨年行われたMLB東京シリーズの際に作成されたドジャースのキャップ。世界的現代芸術家・村上隆さんとのコラボ商品で、特徴的な花がちりばめられています。

フリーマン選手が昨年3月13日に、自身のInstagramで投稿した写真には、同じキャップを被り機内でくつろぐチャーリーくんの様子があげられていました。フリーマン選手の妻、チェルシー夫人もこの投稿を引用し、「チャーリーは本当に夢をかなえている。パパと一緒に東京」と当時、コメントしていました。

大谷翔平選手の大ファンとして知られているチャーリーくんは、大谷選手の故郷である日本に行ける貴重な体験をしていました。東京シリーズが行われたのは1年以上前ですが、チャーリーくんにとって大きな思い出となっているようです。",[],[]
【フカボリ天気】週後半は晴れて猛暑…梅雨明けの可能性も　7月の野菜の価格見通しは？（日テレNEWS NNN）,https://news.yahoo.co.jp/articles/832c52a726db94f9c1823025a11b5b67e17aa4a6,https://newsatcl-pctr.c.yimg.jp/t/amd-img/20260707-07568787-nnn-000-3-view.jpg?exp=10800,2026-07-07T20:19:00+09:00,2026-07-07T20:32:28+09:00,日テレNEWS NNN,nnn,日テレNEWS,2462,"日テレNEWS NNN
8日(水)以降、西日本・東日本は晴れて厳しい暑さとなる日が続きそうです。梅雨明けとなるのか？これからの天気をフカボリしてお伝えします。
【7日の天気】このあとは西日本で天気急変のおそれ　台風9号は週末に沖縄方面へ
■週後半は各地で厳しい暑さ　7月中旬は北日本で高温傾向　7月の野菜の価格の見通しは？
この先は、いよいよ夏本番の暑さがやってきそうです。

東京は9日(木)以降30℃以上の真夏日が続くでしょう。
◇
日テレNEWS NNN
また、週後半からは九州で35℃以上の猛暑日が続出しそうです。福岡は10日(金)～12日(日)にかけて連日35℃の猛暑日予想。佐賀は9日(木)以降、猛暑日が続き、10日(金)と11日(土)は37℃まで上がる予想です。
◇
日テレNEWS NNN
さらに、北日本には12日(日)～20日(月)を対象に、高温に関する早期天候情報が発表されています。平年よりかなり高い気温になることが予想されますので、農作物や家畜の管理等に注意してください。

天候は野菜の価格に大きな影響を与えます。6月は平年より気温が少し低くなった所、降水量がかなり多くなった所がありましたが、影響はあったのでしょうか。7月の野菜の価格の見通しをみていきましょう。

農林水産省の発表（6月30日）によると、7月は、ブロッコリー、トマト等の価格は平年を上回って推移することが見込まれる一方で、はくさい、たまねぎの価格は平年を下回って推移しそうです。

その他はどうでしょうか。

まず、夏に食べたくなるきゅうり。きゅうりは主産地において6月上旬に曇天、雨天が続いた影響で出荷時期に遅れが生じ、7月前半の価格はやや平年を上回りそうです。ただ、7月後半には出荷数が平年並みまで回復し、価格も平年並みで推移しそうです。

紫外線対策としても食べたい、にんじんはどうでしょう。主産地の生育は概ね順調であり、7月の出荷数量・価格は平年並みで推移しそうです。

ピーマンの価格は、7月前半はやや平年を上回りそうですが、後半には平年並みに落ち着きそうです。

※農林水産省の発表:東京都中央卸売市場に出荷される野菜の生育状況及び価格の見通しについて、主産地等からの聞き取りを行った結果を公表しています。
■8日(水)の天気　広い範囲で梅雨の晴れ間
日テレNEWS NNN
8日(水)は全国の広い範囲で晴れ間が広がりそうです。

よく晴れるのは沖縄と九州で、朝から強い日差しが照りつけるでしょう。

中国、四国、近畿は午後から晴れる見込みです。
◇
日テレNEWS NNN
関東、東海、北陸は雲が多めながら、昼頃からは晴れ間がありそうです。

北日本も雲の間から晴れ間がのぞく時間があるでしょう。

ただ、午後は東北や北陸、西日本を中心に所々で雨が降る見込みです。西日本の内陸では雷雨になる所もありそうです。空模様の変化にお気をつけください。
■西日本と北陸で30℃以上の真夏日続出
8日(水)は西日本と北陸で、30℃以上の真夏日が続出しそうです。東北でも真夏日になる所があるでしょう。

【8日(水)の予想最高気温・高いところ】
35℃…福岡県の飯塚、福岡県の久留米、大分県の日田、熊本
34℃…兵庫県の豊岡、福岡、佐賀
33℃…京都府の舞鶴、松江、鳥取、鹿児島、那覇など
32℃…福島県の会津若松、福井、京都、大分など

【8日(水)の予想最高気温】
（）内は前日比と季節感
札幌　　　28℃（＋2真夏並み）
仙台　　　26℃（±07月中旬）
新潟　　　30℃（-17月下旬）
東京　　　28℃（＋4平年並み）
名古屋　　29℃（＋16月下旬）
大阪　　　30℃（＋1平年並み）
広島　　　31℃（＋17月中旬）
福岡34℃（±0真夏並み）
那覇33℃（＋1真夏並み）

高齢者や子どもなど熱中症になりやすい方々に対しては、身近な方から、見守り・声かけをしてあげましょう。
■週後半、西日本は“晴れ”続き　梅雨明けはいつ？
8日(水)以降は太平洋高気圧の勢力が強まり、西日本は晴れる所が多くなりそうです。九州北部から近畿では来週前半にかけて、しばらく晴れる予想です。

これだけ晴れる日が続くと、気になるのが梅雨明けです。

例えば近畿では、平年の梅雨明けは7月19日頃とまだ先です。ただ、昨年は6月27日。これは記録的に早い梅雨明けの例ですが、2018年は7月9日、2013年は7月8日など、7月上旬の梅雨明けは過去数回ありました。

西日本はこの先も7月中旬にかけて、太平洋高気圧に覆われる日が多くなりそうです。もしかしたら近いうちに梅雨明け、ということもあるかもしれません。
■北日本は週後半から雨の日が増える　関東も12日(日)は雨
東北や北海道は9日(木)以降、曇りや雨の日が多くなるでしょう。

関東は11日(土)にかけて晴れますが、12日(日)は雨が降る見込みです。
■大型で非常に強い勢力の台風9号　今後の進路や影響は？
大型で非常に強い勢力の台風9号は、フィリピンの東海上を西に進んでいます。正午時点で、中心気圧は935ヘクトパスカル、中心付近の最大瞬間風速は70メートルです。

今後、台風9号は次第に進路を北よりに変えて、10日（金）～11日(土）には非常に強い勢力で沖縄の先島諸島に近づく見込みです。
◇
日テレNEWS NNN
沖縄では9日(木)～12日(日)頃にかけて、大荒れ、大しけ、警報級の大雨となるおそれがあります。一部の住家が倒壊するおそれもある猛烈な風が吹き、猛烈なしけとなる所がある見込みです。早めの備えをお願いします。

また、九州から関東の太平洋側も8日(水)以降は波が高くなり、西日本では11日(土)頃は台風の進路次第で大しけとなるおそれがあります。台風から離れていても、海のレジャーは注意が必要です。

今後の台風情報にご注意ください。

気象予報士 岡田沙也加",[],[]
川泳いで逃走の少年、組織犯罪事件に関与か　警察も泳ぎ追跡…目撃者「1～2分差あった」　大阪市（日テレNEWS NNN）,https://news.yahoo.co.jp/articles/6ded99437a6e297a812e29f3af49ac223f12a330,https://newsatcl-pctr.c.yimg.jp/t/amd-img/20260707-08616764-nnn-000-2-thumb.jpg?exp=10800,2026-07-07T20:06:00+09:00,2026-07-07T20:16:29+09:00,日テレNEWS NNN,nnn,日テレNEWS,1122,"日テレNEWS NNN
大阪市で警察に任意同行を求められ川を泳いで逃げた少年が、組織犯罪事件に関与しているとみられることがわかりました。
【画像】組織犯罪事件に関与か　任意同行求められ川泳いで逃走の少年　大阪市
■警察が「船出してくれないか？」
逃走から丸一日、少年の行方は、まだわかっていません。

捜査関係者によると6日午後4時すぎ、警察が、大阪拘置所の近くで声をかけたのは、知人の面会に来たとみられる10代の少年。

その少年は、愛知県警が逮捕状を取っていた人物でした。組織犯罪事件に関与しているとみられています。捜査員が声をかけると、少年は、その場から逃走。

拘置所のすぐそばを流れる川に飛び込み、そのまま対岸まで泳いで逃走していったということです。

近くにいた人が、その様子を目撃していました。
◇
日テレNEWS NNN
目撃者
「自分たち船会社なので、営業終わって片付けしている時に外にいるスタッフが騒いでいた。見たら泳いでいる人がいた。2人泳いでいて（そのうち）1人が追いかけている状況」

対岸までは、およそ80メートル。少年が飛び込み、泳ぎ始めると警察官も川へ入り、泳いで追いかけたといいます。

目撃者
「（少年は）着の身着のままというか、白いシャツ、黒いズボンで泳いでいる。陸にいた警察が3名『船出してくれないか？』と。今出すと（泳いでいる人を）ひく可能性もあったので、『ごめんなさい出せないです』と」
■警察が上がる頃には「柵も乗り越えて行っていた」
日テレNEWS NNN
幅80メートルの川を着衣水泳。専門家によると、川の流れが落ち着いていた場合、対岸まで泳ぎきるのに、3分前後かかるといいます。

――（少年を）追いかけている警察は何人？

目撃者
「泳いで追いかけている人は1人。陸上からそれを見ながら走って橋を渡ろうとした人が3人」

泳いで追いかけると同時に、陸にいた警察官は、対岸へ先回りするため、少し離れた場所にある橋を渡ろうとしたといいます。しかし…

目撃者
「そうしているうちに（少年は）すぐに対岸の桟橋から上がっていった。薄緑の桟橋によじのぼって。上がるのは大変なので、ゼーゼー言いながら上がって、追っている人を気にしながら走って逃げていった。次の人（警察）が上がるまでは1～2分差があった」
◇
日テレNEWS NNN
――警察が上がりきる頃には

目撃者
「（少年は）完全に柵も乗り越えて行っていた」

少年はその後、車に乗って逃走。凶器は持っていないとみられていますが、現在も行方はわかっていません。

今後、逮捕状を取っていた愛知県警が主体となって、少年の行方を追うということです。",[],[]
【阪神】前川右京が3試合連続ホームラン　巨人との首位攻防初戦終盤にリード広げる貴重な一発（日テレNEWS NNN）,https://news.yahoo.co.jp/articles/b7f78c312f3965b15447023ba554b1562c36f8a6,https://newsatcl-pctr.c.yimg.jp/t/amd-img/20260707-02233568-nnn-000-1-view.jpg?exp=10800,2026-07-07T20:05:00+09:00,2026-07-07T20:05:00+09:00,日テレNEWS NNN,nnn,日テレNEWS,273,"ホームラン後チームメートと笑顔で喜ぶ阪神・前川右京選手(左1番目)(画像：日テレジータス)
◇プロ野球 セ・リーグ 巨人-阪神(7日、東京ドーム)

阪神・前川右京選手が3試合連続の4号ソロホームランを放ちました。
【画像】プロ野球オールスター　セ・リーグファン投票　最終結果
1点リードの7回、赤星優志投手のストレートをライトスタンド中段へ運ぶ一発。同率首位・巨人との首位攻防初戦の終盤にリードを広げる貴重なホームランとなりました。

前川選手は3日と5日の広島戦で2試合連続ホームランを記録。そしてこの日のホームランで3戦連発となっています。",[],[]
「ものすごい早いペース」ロバーツ監督も驚き　大谷翔平が今季19号で節目300号に王手　3安打4打点で躍動（日テレNEWS NNN）,https://news.yahoo.co.jp/articles/690a903544b29ea90b51c8e408a7043c762f0d72,https://newsatcl-pctr.c.yimg.jp/t/amd-img/20260707-09961264-nnn-000-1-view.jpg?exp=10800,2026-07-07T20:02:00+09:00,2026-07-07T20:02:00+09:00,日テレNEWS NNN,nnn,日テレNEWS,903,"今季19号を放ち米通算299本目のアーチを記録したドジャースの大谷翔平選手(写真：Creative 2/アフロ)
◇MLB ドジャース8×-7ロッキーズ(日本時間7日、ドジャー・スタジアム)

ドジャースのロバーツ監督がインタビューに応じ、大谷翔平選手について言及しました。
【画像】メジャー通算300号に王手をかけた大谷翔平選手
大谷選手はこの試合で19号ホームラン含む3安打4打点を記録。メジャー通算300号にあと1本としました。

5日の試合では右上腕二頭筋の違和感を訴え、欠場していましたがこのことについてロバーツ監督は「二頭筋は大丈夫です」とコメント。さらに「今夜は久しぶりに、彼が本当にショウヘイらしく見えた試合でした。カットボールをとらえたのですが、あれは実はかなりいい球でした。それをホームランにしました。その後はインフィールドが前進守備の中でライナーのヒットを放ち、さらにもう1本ヒットを打ちました。ですので、今夜の彼はよりショウヘイらしい姿に見えましたね。第1打席のアウトになった打球でさえ、センターへの痛烈な当たりでした」と活躍を賞賛しました。

7月は試合まで15打数2安打となっていましたが、今月初アーチを含む3安打4打点の大当たり。「私たちは彼に対して毎晩このような活躍を期待してしまいますが、時にはメカニクスの調整に苦労していたり、あるいは、もしかしたら少し全体的な疲労、身体的な疲労があったりしたのかもしれません。ですから、何が原因だったのかは分かりませんが、今夜に関しては、彼だけでなくチーム全員がリフレッシュできているように感じられました。昨夜は早めに試合が終わりましたし、天気も素晴らしかったので、今夜の選手たちは正直、いつもよりエネルギッシュに見えましたね」と振り返りました。

またこの一発でMLB通算300号に王手。メジャー9年目での到達することに関して、「早いなと感じますね。彼がもう300本に到達しようとしているというのは、彼がこれまでに手術などで欠場した期間があることを考えても、私にとっては本当に、ものすごい早いペースでの達成だと感じます」と話しました。",[],[]
【福岡県議会】議長就任で2000万円授受か…元議長の県議が証言「人の弱みにつけ込んだカツアゲ」　幹部は否定　高額海外視察でも問題に…（日テレNEWS NNN）,https://news.yahoo.co.jp/articles/c5860026ed6c1b83d91efd67557ebb7a59056851,https://newsatcl-pctr.c.yimg.jp/t/amd-img/20260707-02335126-nnn-000-2-thumb.jpg?exp=10800,2026-07-07T19:58:00+09:00,2026-07-07T20:12:28+09:00,日テレNEWS NNN,nnn,日テレNEWS,1647,"日テレNEWS NNN
不透明な海外視察などで揺れる福岡県議会に新たな疑惑です。元議長の県議が、就任前、自民党県議団の幹部の要求に応じておよそ2000万円を支払ったと証言しました。
【画像】「2000万円払った」議長就任めぐり現金授受？「お断りした」「一切記憶にない」名指しされた県議は否定　知事「わが耳と目を疑った」福岡
■吉松県議　“繰り返し金銭要求され約2000万円支払った”
日テレNEWS NNN
7日に会見を開いたのは、2020年6月から1年間、福岡県議会の議長を務めた吉松県議です。

元福岡県議長　吉松県議
「1000万円を持参するように指示され、手渡しました」

当時、自民党に所属していた吉松県議は、自民党県議団の幹部から繰り返し金銭を要求され、あわせておよそ2000万円を現金で支払ったといいます。

元福岡県議長　吉松県議
「（金銭の支払いに）応じなければ冷遇される、（ポストから）外されるだろうなと。人の弱みにつけ込んだカツアゲ、あるいはみかじめ料的な要求だった」
■最初の要求は2018年？　“汗をかく…は金を出すこと”
日テレNEWS NNN
吉松県議の説明によると、最初の要求は、2018年。

当時、自民党県議団の会長だった原口県議に「県政の運営に汗をかく気はあるんだろう？」と持ちかけられたといいます。

吉松県議によると、「汗をかく」の意味は「金を出す」こと。

議長就任に向けて議員らに根回しするための宿泊代・ゴルフ代として、550万円を要求されたといいます。

さらに2019年には、当時、自民党県議団の幹事長だった中尾県議から、同じく根回しの宿泊代・ゴルフ代として、1000万円を要求されたというのです。

吉松県議は、議長就任までに支払った額は、あわせておよそ2000万円にのぼると説明しています。
■「受け取っていない」名指しされた中尾県議は反論
日テレNEWS NNN
名指しされた中尾県議は、6日に会見を開き…

福岡県　中尾県議
「そもそもお金を受け取っていない。（ゴルフ代は）割り勘です。吉松さんから『お金がいるんでしょう』と持ちかけられました。丁寧にお断りしました」

「金銭の受け渡しはなかった」「吉松県議から話を持ちかけられた」と反論しました。
■“金銭要求”録音か…吉松県議は音声公表
日テレNEWS NNN
真っ向から食い違う双方の主張。

吉松県議は7日、中尾県議から金銭を要求された際に録音したものだとして、音声を公表しました。

吉松県議が公開した音声
「明日、松本会長が預かります」「大金やけんね、ちゃんと管理しとかんと」

「大金」を「預かる」と話す男性の声が。

中尾県議は、この音声について「記憶がない」と説明しています。
■なぜこのタイミング？　金銭受け渡し公表の理由は
日テレNEWS NNN
一方、吉松県議は、なぜこのタイミングで、金銭の受け渡しを公表したのか問われると…

元福岡県議長　吉松県議
「1つは海外視察問題。税金の無駄遣いが目に余る。私もカツアゲされてきたけれども、私たちが黙ってこの文化を認めてきたことが、県の職員及び、とうとう県民にも及んでしまった」
■ハワイ3泊5日で300万円以上…海外視察の高額費用が問題に
日テレNEWS NNN
福岡県議会をめぐっては、県議による海外視察の高額な費用が問題になっています。

たとえば、去年1月のハワイ視察では、ビジネスクラス往復およそ100万円の航空チケットや、1泊およそ12万円のリゾートホテルへの宿泊など、参加者1人あたりの費用は3泊5日で300万円以上に。

こうした事態を受け、福岡県は先月、海外視察について新たなガイドラインを公表したばかりでした。

税金の使い道に厳しい目が向けられるなか浮上した、今回の金銭受け渡し疑惑。

福岡県の服部知事は「ことの真偽を明らかにしていただきたいと思います」と県議会に説明を求めていくとしています。",[],[]
塩の備え“なし”で書類送検　建設現場で作業員が熱中症で死亡　富山・朝日町（日テレNEWS NNN）,https://news.yahoo.co.jp/articles/71292fdb75505a96969261fb427eff1ccb0dcb89,https://newsatcl-pctr.c.yimg.jp/t/amd-img/20260707-09598769-nnn-000-3-thumb.jpg?exp=10800,2026-07-07T19:57:00+09:00,2026-07-07T20:18:28+09:00,日テレNEWS NNN,nnn,日テレNEWS,480,"日テレNEWS NNN
news every.の「ミダシ」が気になるニュース。「塩の備え“なし”で書類送検　建設現場で作業員が熱中症で死亡」についてお伝えします。
【画像】職場での熱中症予防　事業者に義務付けられている対策
◇

富山県朝日町の建設会社で去年7月に作業中の40代の男性が熱中症で死亡した事故で、6日、労働安全衛生法違反の疑いで、男性が働いていた「小川建設工業」とこの会社の課長が書類送検されました。

書類送検の決め手となったのは「塩」です。

富山労働局によりますと、男性が熱中症で死亡した際、事業者に義務付けられている作業場への「塩の備え」をしていなかった疑いがもたれています。

当時、現場は最高気温32.7度、湿度70％超えの酷暑でした。1人で機械の補修作業をしていた男性は、意識不明の状態で倒れ、その後死亡しました。

労働安全衛生法では、汗を多くかくような現場では、労働者のために飲料や塩を摂取できるタブレットなどの備えを事業者に義務付けていますが、この会社では、普段から作業場に「塩」が備えられていなかった疑いがあるとしています。",[],[]
デジタル分野で女性活躍進める団体発足から1年、地方女性たちの挑戦は（日テレNEWS NNN）,https://news.yahoo.co.jp/articles/b7c19234d9c00c08d8af44a327e0de632a21ed46,https://newsatcl-pctr.c.yimg.jp/t/amd-img/20260707-03318779-nnn-000-3-view.jpg?exp=10800,2026-07-07T19:47:00+09:00,2026-07-07T21:29:29+09:00,日テレNEWS NNN,nnn,日テレNEWS,1965,"日テレNEWS NNN
日本で不足しているデジタル人材として女性を育成し、女性の収入アップや地域企業のDX化とともに、地方から流出する女性を減らすことなどにも寄与しようという団体が、企業、自治体などの連携で発足してから1年。7月7日に東京都内でイベントが行われました。
【画像】女性技術者増やせ、女子中高生がIT企業などで女性技術者と対話するプログラム広がる
「官民連携DX女性活躍コンソーシアム」は、地方に住む女性たちにデジタルの高度なスキルをオンラインなどで数か月学んでもらう講座を提供してきた複数の企業などが地方自治体やデジタル庁、内閣府などとも連携して立ち上げたものです。デジタル技術を身につけた女性たちを就労に結びつけることも重要視していて、地方に住み続け、在宅勤務を中心にして都市部の大企業の仕事を受注したり、地元企業のDX化に貢献することなどを目指しているということです。
■デジタル未経験の59歳女性が正規職員として就職も
男女の賃金格差の問題などに取り組んできた経歴からこの団体を立ち上げ、代表理事を務める矢田わか子氏（元首相補佐官）は、地方在住の女性がデジタル技術を身につける意義について次のように語りました。

「子育てや介護などと両立しながら在宅で働き、収入も大幅にアップした女性がいる。その存在が周りの女性たちの注目を集めていて、地域の空気を変え始めている。これこそが私たちが目指している変化だ」

「59歳で正規職員として雇用された女性もいる。年齢や経歴に関係なく、学べば新しい未来を作れる。年齢など関係ないことを証明した」

団体発足から1年を経た現在の課題もあるとして、矢田氏はデジタル技術を学んだ女性たちと地方の中小企業をつなぎ、より多くの女性たちが就労できるようにすることが重要だと強調しました。地方ではまだデジタル関連の仕事が少ないため、きめ細かな就労支援や地方の企業文化のアップデート、自治体との連携などもさらに必要だと説明しました。そして「デジタルの女性人材モデルを各地に作りたい。女性がデジタル技術を学ぶことが特別なことではない社会にし、全員が主役の改革を」と訴えました。

この団体は企業や自治体などの会員を募集していて、これまでに、デジタル人材を雇う側のさまざまな企業やコンサルタント企業のほか、地元の女性たちにデジタル技術講座を提供する自治体、大学なども会員になっているということです。団体としては企業向けにデジタルに関するセミナーや在宅勤務含め、働き方の多様化を進めるような啓発活動も行っています。地方は人口流出が深刻で、少ない人数で企業を回すにはデジタル化が必要な上、仕事がないことなどから、地方から都市部に出ていく人を減らすためにも、デジタル女性育成や企業、自治体を巻き込んだ動きをさらに進めていきたいとしています。
■あきらめかけていたキャリア…デジタル技術があれば選択肢が広がる
イベントでは具体的な事例も紹介されました。

新潟県三条市の女性は、17年間勤めた会社を退職し、数か月間講座をうけてデジタルの技術を身につけた結果、今は在宅中心で柔軟な働き方ができているとして、「自分のキャリアをあきらめかけていたが、選択肢の幅ができた」と笑顔で語りました。

山梨県在住の女性は、今は完全にリモートで勤務していて、育児や介護の時間もとれるようになったと話しました。この女性はかつて中国語を習得したものの、活用できていなかったということですが、今の仕事はAIが中国語に変換した内容をチェックするなどで、「やる気さえあれば、いくらでも変わっていける。遅すぎることはなにもない」と述べました。

デジタル技術の講座を提供している企業の社長は「デジタル技術を学んだ女性たちの平均収入は非常に増える。夫の転勤で地方にいる女性や介護や育児と両立したい人、こどもの不登校や病気などで在宅時間を増やしたい人もいる。全国に優秀な女性たちがまだまだいることを知ってほしい」などと述べ、人材不足の企業には、地元にいる女性たちに注目するよう呼びかけました。

17歳の息子を育てるシングルマザーも登壇。デジタル技術を学ぶ講座をとても苦労しながら終えたといいますが、デジタル分野で働いている今はチームで支えあって「失敗していいよ」と言ってもらえる、挑戦できる環境があるということです。以前、デジタル以外の分野で働いていた頃はがんばってもがんばっても生活するだけで精いっぱいで疲弊していたということですが、今は「未来を変えるためにがんばる」という前向きな考えに変わったということで、「この3年間でがんばる意味が変わった。いつか私と同じように一歩踏み出したいと願う人の役にたちたい」と力強く語りました。",[],[]
【巨人】戸郷翔征が走塁時のアクシデントで降板　5回まで阪神打線無安打に封じるも交代→リリーフ陣が逆転許す（日テレNEWS NNN）,https://news.yahoo.co.jp/articles/5a59f0966af5dad73e45c303eb71b5a607352d8d,https://newsatcl-pctr.c.yimg.jp/t/amd-img/20260707-07766455-nnn-000-1-view.jpg?exp=10800,2026-07-07T19:47:00+09:00,2026-07-07T19:47:00+09:00,日テレNEWS NNN,nnn,日テレNEWS,402,"1塁を駆け抜けた後にしゃがみこむ巨人・戸郷翔征投手(画像：日テレジータス)
◇プロ野球 セ・リーグ 巨人-阪神(7日、東京ドーム)

巨人・戸郷翔征投手に走塁でアクシデントが発生し、6回のマウンドに上がらず、降板しました。
【画像】プロ野球オールスター　セ・リーグファン投票　最終結果
1点リードの5回裏、2アウトランナーなしでサードゴロを打った戸郷投手。1塁を駆け抜けたあと、左太もも裏を気にするそぶりを見せてその場にしゃがみ込みました。

その後ベンチに向けて合図を送ると自らの足で歩いてベンチへ戻りましたが、橋上秀樹監督代行は投手交代を決断。この日は阪神打線を5回までノーヒットに封じていただけに、巨人にとって痛手となりました。

なお試合は6回表に2番手・船迫大雅投手がヒットと四球でピンチを招くと、3番手・高梨雄平投手が佐藤輝明選手に2点タイムリー2ベースを許して失点。阪神に逆転を許しました。",[],[]
「皆、戻ってくるのを待っていた」ロバーツ監督が右腕フィリップスの昇格を喜ぶ　22年からは3年連続で60登板（日テレNEWS NNN）,https://news.yahoo.co.jp/articles/e9a202541d1328c18ed2733958d97e0028b6e232,https://newsatcl-pctr.c.yimg.jp/t/amd-img/20260707-09238167-nnn-000-1-view.jpg?exp=10800,2026-07-07T19:45:00+09:00,2026-07-07T19:45:00+09:00,日テレNEWS NNN,nnn,日テレNEWS,830,"フィリップス投手の昇格について言及したドジャースのロバーツ監督(写真：AP/アフロ)
◇MLB ドジャース8×-7ロッキーズ(日本時間7日、ドジャー・スタジアム)

ドジャースのロバーツ監督が昇格となったエバン・フィリップス投手について言及。「皆、エバンが戻ってくるのを待っていた」と復帰を喜びました。
【画像】今季19号を放ったドジャースの大谷翔平選手
31歳のフィリップス投手はスイーパーが武器の右腕。2021年の途中からドジャースに加入すると、ブルペンの中心として活躍。2022年からは3年連続で60試合以上に登板し、2024年は61登板で防御率3.62、18セーブを挙げ、チームのワールドシリーズ制覇に貢献しました。昨季は7試合に登板し、防御率0.00で1セーブ。5月に右肘の炎症で離脱し、トミー・ジョン手術を受けました。今年2月にドジャースと1年契約を結び、今季はマイナーリーグで12試合の登板をしていました。

頼もしい右腕の復帰についてロバーツ監督は、「私たちは皆、エバンが戻ってくるのを待っていた」と喜びます。「復帰に向けてじっくり時間をかけてきた。だから彼が戻ってくるのを楽しみにしているし、彼自身も興奮しているよ。だから、今日チームがより強くなったのは間違いない」と語りました。

今後の起用については、試合の展開を見ながら探っていくとし、「彼はこれまでチームのために重要な試合で投げてきてくれたが、復帰直後は少し緩やかな登板機会からスタートすることになると思う」と説明しました。

この日は、大谷翔平選手が3回に逆転2ラン、4回に2点タイムリーを放つなど、試合を優位に進めますが、3点リードの9回に4番手のタナー・スコット投手が痛恨の3失点。「素晴らしい仕事をしてくれている」と話していたエドガルド・エンリケス投手が延長の2イニングを1失点(自責0)で投げるなど、最後はダルトン・ラッシング選手のサヨナラタイムリーで劇的勝利を飾りました。",[],[]
【DeNA】石田裕太郎が5回ノーヒットピッチング　牧秀悟が援護のソロ弾で「裕太郎が僕に打ってほしいとずっと言っていたので」（日テレNEWS NNN）,https://news.yahoo.co.jp/articles/679e3b8076981d189e927efb873fc53438e261d5,https://newsatcl-pctr.c.yimg.jp/t/amd-img/20260707-01662683-nnn-000-3-view.jpg?exp=10800,2026-07-07T19:34:00+09:00,2026-07-07T19:47:34+09:00,日テレNEWS NNN,nnn,日テレNEWS,397,"DeNAの先発・石田裕太郎投手
◇プロ野球・セ・リーグ DeNAー中日(7日、横浜スタジアム)

DeNAの石田裕太郎投手が5回までノーヒットで中日打線を抑えています。
【画像】プロ野球オールスター　セ・リーグファン投票　最終結果
初回を空振り三振含む三者凡退で抑えると、2回もサノー選手、石川昂弥選手を連続空振り三振。3回には牧秀悟選手が10号ソロホームランを放ち先制点をつかみます。

牧選手は「先発の裕太郎が僕に打ってほしいとずっと言っていたので、とにかく打つことができて嬉しいです！この後も攻守にがんばります！」と、 少し興奮しながら話しました。

4回もテンポよくアウトを奪うと、5回は牧選手のファインプレーで先頭をアウトにするも、続く打者に四球を与えて、この日初めての走者を出します。しかしその後は連続アウトで得点は与えませんでした。

5回を終えて石田投手は63球を投げています。",[],[]
フリーマン“3兄弟”が始球式の大役　昨年投げた長男チャーリーくんは父と捕手役　妻と生まれたばかりの娘の姿も　ドジャースはサヨナラ勝利（日テレNEWS NNN）,https://news.yahoo.co.jp/articles/62ababd752f42466082a9e1265e3f4926ebf6b0f,https://newsatcl-pctr.c.yimg.jp/t/amd-img/20260707-09626126-nnn-000-4-view.jpg?exp=10800,2026-07-07T19:30:00+09:00,2026-07-07T21:40:32+09:00,日テレNEWS NNN,nnn,日テレNEWS,481,"試合前にはフリーマン家みんなで始球式にのぞむ(写真：アフロ)
◇MLB ドジャース8×-7ロッキーズ(日本時間7日、ドジャー・スタジアム)

ドジャースのフレディ・フリーマン選手とその家族が始球式に登場。球場を和ませました。
【画像】見事なシックスパックを披露するフリーマン選手の長男・チャーリーくん
始球式では二男のブランドンくん、三男のマックスくんがピッチャーを務め、フリーマン選手と長男のチャーリーくんが捕手役を担当。昨年はチャーリーくんが投げて父が捕手役でしたが、お兄ちゃんとして弟のボールをしっかりキャッチしました。

その様子を見届けた妻チェルシーさんの腕には4月に生まれたばかりの長女・ロンドンちゃんの姿も。家族勢ぞろいで試合前は大歓声。投球が終わると、家族全員でハグを交わし、会場をあたたかい空気で包みました。

フリーマン選手は36歳でチームをまとめる大黒柱。今季は3割に迫る打率を記録し、通算2500安打の節目も記録しました。

試合は延長戦にもつれる激闘となり、11回にダルトン・ラッシング選手のサヨナラ打が飛び出し、劇的勝利となりました。",[],[]
【巨人】ダルベックが阪神・髙橋遥人から先制ホームラン　今季12本中5本を阪神戦で記録　「阪神戦になると急に変わる」解説の赤星憲広も指摘（日テレNEWS NNN）,https://news.yahoo.co.jp/articles/238aed86375df5003b063714d666536f3832855c,https://newsatcl-pctr.c.yimg.jp/t/amd-img/20260707-01948613-nnn-000-1-view.jpg?exp=10800,2026-07-07T19:20:00+09:00,2026-07-07T19:20:00+09:00,日テレNEWS NNN,nnn,日テレNEWS,448,"先制ホームランを放った巨人・ダルベック選手(画像：日テレジータス)
◇プロ野球 セ・リーグ 巨人-阪神(7日、東京ドーム)

巨人・ダルベック選手が阪神・髙橋遥人投手から先制の12号ソロホームランを放ちました。
【画像】プロ野球オールスター　セ・リーグファン投票　最終結果
両チーム無得点の4回、インコースのストレートをレフトスタンドへ。試合前時点で10勝&防御率1.29(ともにリーグトップ)を誇る髙橋投手から先制の一撃となりました。

テレビ解説の赤星憲広さんは「そんな甘いボールではないと思う」と、打ったダルベック選手を称賛するコメント。「先週までのバッティングの状態を考えると、今のボールをあれだけ強くきれいに打てるかと言えば、そんな気はしていなかった」とし、「阪神戦になると急に変わる」と阪神キラーぶりを発揮していると語りました。

試合前時点でダルベック選手は打率.242でしたが、阪神戦は.342のハイアベレージ。本塁打は今季12号となりましたが、うち5本を阪神戦で記録しています。",[],[]
与党党首会談“定数削減”など協議　野党側に“譲歩”の可能性も（日テレNEWS NNN）,https://news.yahoo.co.jp/articles/d7a401ecd0c22842285010a3c7beb0e2a0403228,https://newsatcl-pctr.c.yimg.jp/t/amd-img/20260707-08955779-nnn-000-4-thumb.jpg?exp=10800,2026-07-07T19:12:00+09:00,2026-07-07T19:30:40+09:00,日テレNEWS NNN,nnn,日テレNEWS,514,"日テレNEWS NNN
高市首相は日本維新の会の吉村代表による与党党首会談で、焦点となっていた衆議院議員の定数削減法案などの扱いについて協議しました。
【動画】高市首相、与党党首会談を終え記者団にコメント
日本維新の会 吉村代表
「皇室典範、副首都法案、議員定数削減法案についての今後の進め方について協議をいたしました。この中身について、なかなかここでお伝えすることはできませんが、明日以降、野党との関係もあります。国対委員長間で、国対レベルで協議を進めていくということになりました」

自民・維新は、連立合意に含まれている定数削減法案と副首都法案について、今の国会での成立を目指していましたが、野党側の反発が強く、国会会期末まで2週間を切る中、成立の見通しは全く立っていません。

そのため、午後6時から両党の党首と幹部が集まり、対応を協議しました。定数削減法案の扱いについて、出席者は一様に明らかにしませんでした。首相周辺は、「仁義として野党に先に伝えるためではないか」と話しています。また「国会の会期延長はないだろう」とも話しています。定数削減法案をめぐり、野党側に対して何らかの譲歩をすることで合意した可能性もあります。",[],[]
フジテレビ、俳優・佐藤二朗さんの言動をハラスメントと判断　ドラマ撮影めぐり（日テレNEWS NNN）,https://news.yahoo.co.jp/articles/489deff6af481721b39814be175691a328d33772,https://newsatcl-pctr.c.yimg.jp/t/amd-img/20260707-03297926-nnn-000-3-thumb.jpg?exp=10800,2026-07-07T19:08:00+09:00,2026-07-07T20:01:30+09:00,日テレNEWS NNN,nnn,日テレNEWS,800,"日テレNEWS NNN
フジテレビはドラマ撮影をめぐり、俳優の佐藤二朗さんが共演した俳優の橋本愛さんに対しておこなった言動がハラスメントにあたると判断したことを明らかにしました。
【画像】佐藤二朗　“役者は運命”　思い込みからアカデミー賞俳優になるまで　脚本家として活動を続けるワケも語る
フジテレビは橋本愛さんに対する佐藤二朗さんの言動について、佐藤さんに厳重注意をおこなったことをこれまで明らかにしていましたが、7日に詳しい経緯を文書で説明しました。

それによると、橋本さんは過去の経験から演技での身体的接触に配慮が必要でしたが、フジテレビ側は当初、佐藤さんのマネジャーの意向を受け、佐藤さん本人に伝えていませんでした。その後、伝えたところ、佐藤さんが橋本さんの楽屋を訪ね、「演技に制約があるなら事前に言うべき」「相手役に制約を設けるのであれば俳優を続けるべきではない」などと発言したということです。

このことについて、フジテレビが依頼した外部の弁護士は「男性俳優が、女性俳優の過去の経緯を知りながら、女性俳優の俳優活動の継続にまで言及する発言をおこなったことや、女性俳優は涙が止まらずに撮影に支障をきたす状況に陥るほど強いショックを受けたことを重く見てハラスメントと評価される」との見解を示したということです。

これを踏まえて、フジテレビは佐藤さんの言動を問題だと判断したことを明らかにしました。

また、2人に対し「安全に制作へ参加できる環境を確保することは当社の責任」として「深くお詫び申し上げます」と記しています。フジテレビの説明文が発表される以前、これまでに佐藤さんの事務所は「ハラスメントに該当する事実は確認されておらずそのような評価は適切ではないと考えております」とコメントし、橋本さんの事務所は「フジテレビ社による報道が事実との認識です」とそれぞれコメントを発表しています。",[],[]
【NBA】八村塁がクリッパーズに移籍　レイカーズと同じLAのチームへ（日テレNEWS NNN）,https://news.yahoo.co.jp/articles/4453eeebac5bd60585eb7f36433dbe91348825a6,https://newsatcl-pctr.c.yimg.jp/t/amd-img/20260707-03353898-nnn-000-1-view.jpg?exp=10800,2026-07-07T19:07:00+09:00,2026-07-07T19:07:00+09:00,日テレNEWS NNN,nnn,日テレNEWS,357,"八村塁選手(写真：Imagn/ロイター/アフロ)
NBAのクリッパーズは日本時間7日、八村塁選手と契約合意に達したことを発表しました。
【画像】日本がアウェーで韓国に敗戦　最終盤に1点差まで詰め寄るもわずかに及ばず
八村選手は23年から今季までレイカーズに在籍。今季は西地区4位に入ったチームの中で、平均11.5得点、3ポイントシュート成功率が44.3％というスタッツを残しました。プレイオフではさらに真価を発揮。1回戦から全10試合すべてで3ポイントシュート成功率が50％超えで、平均17.5得点、3ポイントシュート成功率56.9％を記録しました。

契約満了にともない、フリーエージェントとなっていた八村選手。同じロサンゼルスに構えるクリッパーズに拠点を移すこととなりました。新天地での活躍に期待がかかります。",[],[]
仏マクロン大統領滞在のホテル近くで2度爆発　シリア首都ダマスカスで（日テレNEWS NNN）,https://news.yahoo.co.jp/articles/5b5a32921ed5eeb071eb6718856cc9de351b7e11,https://newsatcl-pctr.c.yimg.jp/t/amd-img/20260707-06524838-nnn-000-3-thumb.jpg?exp=10800,2026-07-07T19:06:01+09:00,2026-07-07T19:58:34+09:00,日テレNEWS NNN,nnn,日テレNEWS,351,"日テレNEWS NNN
中東シリアの首都ダマスカスで7日、フランスのマクロン大統領が滞在するホテルの近くで2回の爆発がありました。
【画像】イラン、ホルムズ海峡で商船を攻撃　ミサイル2発発射　米メディア
ロイター通信などによりますと、シリアの首都ダマスカスで7日、2回の爆発があり、これまでに18人がケガをしたということです。

ダマスカスには6日からフランスのマクロン大統領が滞在していて、マクロン大統領が泊まるホテルの近くで爆発があったとみられています。ただ、マクロン大統領は爆発音を聞いておらず、その後シリアのシャラア暫定大統領と面会したということです。

EU＝ヨーロッパ連合の首脳がシリアを訪問するのは、アサド政権崩壊後はじめてで、シリアでは新政権が発足してからも不安定な情勢が続いています。",[],[]
大谷翔平299号で大台に王手　199号が2年前のちょうど同じ日　1年50本2年で100本塁打のハイペース（日テレNEWS NNN）,https://news.yahoo.co.jp/articles/fd4074c4a74563a3332bae22d7f7dc983973b41f,https://newsatcl-pctr.c.yimg.jp/t/amd-img/20260707-01811277-nnn-000-1-view.jpg?exp=10800,2026-07-07T19:05:00+09:00,2026-07-07T19:05:00+09:00,日テレNEWS NNN,nnn,日テレNEWS,500,"メジャー通算300号に王手をかけた大谷翔平選手(写真：ゲッティ)
◇MLB ドジャース8×-7ロッキーズ(日本時間7日、ドジャー・スタジアム)

ドジャースの大谷翔平選手が3回に19号2ランホームランを記録。これで299号とメジャー通算300号に王手をかけました。
【画像】スイングした際にバットがすっぽ抜けた大谷翔平選手
大谷選手が200号に到達したのは日本時間24年7月14日。5回の第3打席、先頭で打席に立つと真ん中に甘く入ったチェンジアップを逃さず、ライトスタンドにアーチを描きました。200号は日本人で初の快挙となりました。

その6試合前に王手をかけます。その日付が同24年7月7日。なんと299号を達成した日から丸2年前のちょうど同じ日となりました。

そこから2年で100本のホームランを放っている大谷選手。ここからどこまで記録を伸ばすのか期待されます。

▽大谷翔平の本塁打記録 ※日本時間
99号 2022年5月10日
100号 2022年5月15日(5試合後)
199号 2024年7月7日
200号 2024年7月14日(6試合後)
299号 2026年7月7日
300号 ？",[],[]
「君のせいで私が死ぬんだと…」接触禁止命令も…再びストーカー行為か（日テレNEWS NNN）,https://news.yahoo.co.jp/articles/e508cb5d2fe731887561edeaffa4afe80083997a,https://newsatcl-pctr.c.yimg.jp/t/amd-img/20260707-09169992-nnn-000-2-thumb.jpg?exp=10800,2026-07-07T18:51:01+09:00,2026-07-07T19:05:32+09:00,日テレNEWS NNN,nnn,日テレNEWS,506,"日テレNEWS NNN
news every.の「ミダシ」が気になるニュース。「接触禁止命令も…再びストーカー行為か　『君のせいで私が死ぬんだと…』」についてお伝えします。
【画像】禁止命令の中…元同僚女性に再びストーカー行為繰り返したか　男（52）逮捕
◇

ストーカー規制法違反の疑いで、大坂光生容疑者（52）が逮捕されました。

警視庁によりますと、元同僚の20代の女性に対し、先月、好意や恨みの感情を満たすために、メッセージを6回送った疑いが持たれています。その内容というのが、「残り少ない人生を、おりの中で冷たいごはん食べながら過ごしたよ」というものでした。

実は、大坂容疑者はことし5月にも、同じ女性に「もう死んでもいいよね」などのメッセージを11通送ったとして、ストーカー規制法違反の疑いで逮捕されていたのです。

このとき、つきまといなどを禁止する命令が出され、大坂容疑者は釈放されました。

しかし、先月、再びメッセージを送った後、行方が分からなくなり、指名手配されていました。

警視庁の調べに対し、大坂容疑者は「君のせいで私が死ぬんだと分からせたかった」と容疑を認めているということです。",[],[]
カンボジアでの腎臓移植をあっせんか　元NPO法人理事ら逮捕 全国初摘発─警視庁（日テレNEWS NNN）,https://news.yahoo.co.jp/articles/16b1b13572dc5017f8b3815a7f1cb0bd0dae6520,https://newsatcl-pctr.c.yimg.jp/t/amd-img/20260707-09664535-nnn-000-3-view.jpg?exp=10800,2026-07-07T18:49:01+09:00,2026-07-07T19:27:29+09:00,日テレNEWS NNN,nnn,日テレNEWS,733,"菊池仁達容疑者のYouTubeチャンネルより引用
カンボジアでの臓器移植をあっせんして、現金を受け取ったとして元NPO法人理事らが逮捕されました。臓器移植を有償であっせんしたことで逮捕者が出るのは、臓器移植法が施行されてから初めてのことです。
【画像】ブタの腎臓をヒトに「異種移植」再来年にも治験実施の見通し　国内で初の試み
臓器移植法違反の疑いで逮捕されたのは、元NPO法人理事で、一般社団法人「国際医療相談室」を実質的に運営する菊池仁達容疑者、法人の代表理事安藤貴樹容疑者、菊池容疑者の息子・充容疑者の3人です。

警視庁によりますと3人は去年11月から今年1月にかけて、カンボジアで腎臓の移植手術を希望する70代の男性に、現地のコーディネーターや手術を担当する医師らを紹介するなどして、現金1236万円を受け取った疑いが持たれています。

菊池仁達容疑者はNPO法人「難病患者支援の会」（その後認証取り消し）の理事だった2023年、無許可で臓器移植のあっせんをしたとして逮捕、起訴され、その後懲役8か月の実刑判決を言い渡されていましたが、保釈中だった2024年3月に「国際医療相談室」を設立し、患者を募っていたとみられています。

男性が支払った現金のうち936万円は医師への謝礼金と、菊池容疑者らは説明していましたが、実際はそのほとんどが借金の返済にあてられていたということです。

警視庁は3人の認否を明らかにしていませんが、他にも複数人の男女に腎臓移植手術をあっせんすることで、現金を得ていたとみて詳しく調べています。

1997年に臓器移植法が施行されてから、臓器移植を有償であっせんした疑いで、逮捕者が出るのは、これが全国で初の事例だということです。",[],[]
見てびっくり！食べて幸せ！激ウマ！仰天の厚切りグルメ『every.特集』（日テレNEWS NNN）,https://news.yahoo.co.jp/articles/b934e3d0385d7e238ecfad751ba317a330ddc1ea,https://newsatcl-pctr.c.yimg.jp/t/amd-img/20260707-06152745-nnn-000-1-thumb.jpg?exp=10800,2026-07-07T18:49:01+09:00,2026-07-07T18:49:01+09:00,日テレNEWS NNN,nnn,日テレNEWS,322,"日テレNEWS NNN
インパクト抜群の分厚いグルメ。ナゼ 、こんな常識外れの厚さになったのか？

店主たちの驚きのアイデアと工夫に迫るシリーズ企画、その第18弾！
【画像】激ウマ！仰天の厚切りグルメ 肉祭り『every.特集』
今回は、圧倒的な重量感で勝負する 極厚“ステーキ”からまさに肉塊！”豚の角煮”が鎮座するまぜそば、見たことない豪快すぎる“銀ザケ”まで、なぜここまで厚くした！？

店主たちのこだわり その舞台裏を取材した。

※詳しくは動画をご覧ください。(2026年7月7日放送「news every.」より)
お問い合わせ情報
https://www.ntv.co.jp/every/feature/20260707.html",[],[]
【W杯】クリスティアーノ･ロナウド　選手入場前にはキャプテンとしてチームを鼓舞する姿　試合後にはこらえきれず涙も（日テレNEWS NNN）,https://news.yahoo.co.jp/articles/5ed934b9aa14532b4fd6c70d19d0f1234e3c945e,https://newsatcl-pctr.c.yimg.jp/t/amd-img/20260707-07751787-nnn-000-1-view.jpg?exp=10800,2026-07-07T18:40:00+09:00,2026-07-07T18:40:00+09:00,日テレNEWS NNN,nnn,日テレNEWS,662,"ポルトガル代表として戦い抜いたクリスティアーノ･ロナウド選手(写真：AP/アフロ)
◇サッカーFIFAワールドカップ ノックアウトステージラウンド16 スペイン1-0ポルトガル(日本時間7日、ダラス・スタジアム)
【動画】クリスティアーノ･ロナウド選手が敗退でこらえられず涙
ワールドカップ6大会連続出場と6大会連続ゴールを記録したクリスティアーノ・ロナウド選手。ロナウド選手率いるポルトガルはラウンド16で強豪スペインと対戦すると1-0で敗れ、ベスト16で敗退となりました。

選手入場の前には、ロナウド選手を先頭にポルトガルの選手たちが控え場所に登場。ロナウド選手はその場でスペイン代表の選手と握手やハグで互いに健闘をたたえます。また、キャプテンとして審判とも挨拶を交わすと、いざ選手入場へ向かいます。

ピッチに入る際には先頭で声を出して味方の選手たちを鼓舞するロナウド選手。

試合では後半アディショナルタイムに先制を許すと、ポルトガルは追い上げることができず敗れました。

試合にフル出場し、試合終了をピッチでむかえたロナウド選手は、力なくうつむき負けた事実がすぐには受け入れられない様子。そのまま複雑な思いを抱えた表情で相手選手やチームメートと挨拶をかわしていきます。

そして最後にスタンドのサポーターの元へチームメートと一緒に向かうと、サポーターからの歓声を受けると、目元に手をやり涙を拭う一幕がありました。それでも、ポルトガルのキャプテンとして観客の声援に応えたり、手をたたくロナウド選手の姿がありました。",[],[]
【動画】維新・吉村代表が与党党首会談を終え 記者団にコメント（日テレNEWS NNN）,https://news.yahoo.co.jp/articles/acfbbc2bfb73f284219c841c4332fee4178905b9,https://newsatcl-pctr.c.yimg.jp/t/amd-img/20260707-05648199-nnn-000-2-thumb.jpg?exp=10800,2026-07-07T18:38:00+09:00,2026-07-07T18:54:28+09:00,日テレNEWS NNN,nnn,日テレNEWS,95,"日テレNEWS NNN
日本維新の会の吉村代表が高市首相との与党党首会談を終え、記者団にコメントしました。
【動画】高市首相、与党党首会談を終え記者団にコメント
※詳しくは動画でご覧ください",[],[]
【巨人】松本剛がフェンスに激突しながらジャンピングキャッチ　「お見事としか言いようがない」と解説の赤星憲広絶賛（日テレNEWS NNN）,https://news.yahoo.co.jp/articles/04fefe7c1eda05e645d9f5f031a928a79bf53afd,https://newsatcl-pctr.c.yimg.jp/t/amd-img/20260707-05989135-nnn-000-1-view.jpg?exp=10800,2026-07-07T18:38:00+09:00,2026-07-07T18:38:00+09:00,日テレNEWS NNN,nnn,日テレNEWS,397,"ファインプレーを見せ笑顔の巨人・松本剛選手(画像：日テレジータス)
◇プロ野球 セ・リーグ 巨人-阪神(7日、東京ドーム)

巨人・松本剛選手が守備でフェンスに激突しながらジャンピングキャッチ。先発・戸郷翔征投手をもり立てるファインプレーを見せました。
【画像】オールスター　セ・リーグファン投票　最終結果
レフトで先発出場している松本選手は2回、大山悠輔選手のレフト後方への打球を追うと、最後はジャンプしながら打球をつかみフェンスに激突。このビッグプレーには戸郷投手&大城卓三選手のバッテリーもともに両手を上げ、松本選手をたたえました。

テレビ解説の赤星憲広さんはこの好守を「お見事としか言いようがない」と絶賛。ジャンプのタイミングが素晴らしかったとし、「どうしても(打球を)追うことが大事になってくるので、ちょっとでもジャンプのタイミングがずれていると捕れていないと思う」と解説しました。",[],[]
リニア「静岡での着工」認められる　開業へ“大きな前進”…今後は？【#みんなのギモン】（日テレNEWS NNN）,https://news.yahoo.co.jp/articles/b0f6bff339a2c7d8c4ebe64d37f12012dbe100ef,https://newsatcl-pctr.c.yimg.jp/t/amd-img/20260707-07652743-nnn-000-2-thumb.jpg?exp=10800,2026-07-07T18:24:01+09:00,2026-07-07T18:36:28+09:00,日テレNEWS NNN,nnn,日テレNEWS,362,"日テレNEWS NNN
将来は品川―新大阪間をつなぐリニア中央新幹線。7日、静岡での着工が認められ、およそ9年越しにようやく開業へのきざしが見えてきました。
【画像】静岡県知事「静岡工区の着工」容認を正式表明　リニア中央新幹線めぐる対応で大きな節目
そこで、今回の
#みんなのギモンでは
、「リニア開業へ“大きな前進”…今後は？」をテーマに社会部交通・インフラ担当の村田夢紀子記者と共に解説します。

※詳しくは動画をご覧ください（7月7日午後4時半ごろ放送 news every.「
#みんなのギモン
」より）
【
#みんなのギモン
】身の回りの「怒り」や「ギモン」「不正」や「不祥事」。寄せられた情報などをもとに、日本テレビ報道局が「みんなのギモン」に応えるべく調査・取材してお伝えします。（日テレ調査報道プロジェクト）",[],[]
中国、各地で洪水被害相次ぐ　湖北省では竜巻発生　死者・行方不明者も（日テレNEWS NNN）,https://news.yahoo.co.jp/articles/6ac774aa6fa3a384ef09324d623a43131baddb5c,https://newsatcl-pctr.c.yimg.jp/t/amd-img/20260707-03145429-nnn-000-3-thumb.jpg?exp=10800,2026-07-07T18:23:00+09:00,2026-07-07T20:02:33+09:00,日テレNEWS NNN,nnn,日テレNEWS,263,"日テレNEWS NNN
中国では台風10号などの影響で、各地で竜巻や洪水の被害が相次いでいます。内陸部の湖北省では6日夜、竜巻が発生しました。屋台などが吹き飛ばされる様子が確認できます。

中国メディアによりますとこの強風などでこれまでに11人が死亡したということです。また、南部の広西チワン族自治区では今月4日から降り続いた豪雨により洪水が発生し、町一面が茶色く濁った水に覆われました。これまでに4人が死亡し、8人が行方不明となっています。

習近平国家主席は、行方不明者の捜索や救助活動に全力を尽くすよう指示をしています。",[],[]
【動画】高市首相、与党党首会談を終え記者団にコメント（日テレNEWS NNN）,https://news.yahoo.co.jp/articles/d1b6eea1de9cc4449f819cdf6964a432560f759e,https://newsatcl-pctr.c.yimg.jp/t/amd-img/20260707-07327353-nnn-000-4-thumb.jpg?exp=10800,2026-07-07T18:20:00+09:00,2026-07-07T19:30:40+09:00,日テレNEWS NNN,nnn,日テレNEWS,99,"日テレNEWS NNN
高市首相が日本維新の会の吉村代表との与党党首会談を終え、記者団にコメントしました。
【動画】維新・吉村代表が与党党首会談を終え 記者団にコメント
※詳しくは動画でご覧ください",[],[]
【速報】高市首相×維新・吉村代表　与党党首会談始まる　定数削減法案など協議（日テレNEWS NNN）,https://news.yahoo.co.jp/articles/4005221bb12f30954f70e9128a9fa3e9a7408a9c,https://newsatcl-pctr.c.yimg.jp/t/amd-img/20260707-06369944-nnn-000-5-thumb.jpg?exp=10800,2026-07-07T18:11:00+09:00,2026-07-07T18:24:35+09:00,日テレNEWS NNN,nnn,日テレNEWS,495,"日テレNEWS NNN
高市首相と日本維新の会の吉村代表の与党党首会談がついさきほど始まりました。

会談は7日午後6時ちょうどに国会内で始まりました。衆議院を正常化するためには、高市首相がどのような方針を示すかがカギを握ります。

会談の冒頭、高市首相は表情を変えずでしたが、吉村代表はカメラの方を見て笑顔を見せる場面もありました。

冒頭発言はありませんでした。会談は、自民党から高市首相のほか鈴木幹事長ら幹部が、日本維新の会も吉村代表のほか藤田共同代表ら幹部が同席しています。

焦点は、野党側が今の国会での成立断念を求めている「衆議院議員の定数削減法案」「副首都構想関連法案」の扱いをどうするかです。日本テレビの事前の取材では、自民・維新の両党は「定数削減法案を次の国会に先送りする」方向で調整していました。この2つの法案の成立は両党が連立合意に盛り込んでいます。副首都法案のみを今の国会で成立させるという方針転換をすれば、高市政権にとって大きな判断となります。

一方で、野党側は副首都法案だけなら国会審議に応じる可能性を示唆していて、国会正常化に向けた大きな局面を迎えています。",[],[]
リチウムイオン電池、発煙・発火事例が過去最高　石原環境大臣が廃棄注意呼びかけ（日テレNEWS NNN）,https://news.yahoo.co.jp/articles/c29725d713c4ffaa5a32ce54bac7b1d141ba38b3,https://newsatcl-pctr.c.yimg.jp/t/amd-img/20260707-04177978-nnn-000-4-thumb.jpg?exp=10800,2026-07-07T18:10:00+09:00,2026-07-07T19:09:30+09:00,日テレNEWS NNN,nnn,日テレNEWS,284,"日テレNEWS NNN
スマホなどに使われるリチウムイオン電池などが原因で、ごみ処理施設や収集車で起きる発煙や発火の事例が昨年度、過去最高の3万6760件にのぼっています。これをうけて、石原環境大臣はリチウムイオン電池の廃棄にあたってはそれぞれの市町村の定めた方法で適切に行うよう注意を呼びかけました。
【画像】リチウムイオン電池原因疑い　昨年度廃棄処理時の火災事故8935件～環境省
適切に廃棄されない場合、ごみ収集車などの破砕機で衝撃が加わった際に発火し、火災事故につながるケースが多いとされています。そのため、各自治体が安全に回収する体制を作ることも求めました。",[],[]
【解説】与党党首会談へ　“定数削減”は先送り？　副首都法案や皇室典範改正案…維新はこれまでも「譲歩」（日テレNEWS NNN）,https://news.yahoo.co.jp/articles/9bc6f7b15a2e3e6d7ec6a0ec64d2c7e83727f638,https://newsatcl-pctr.c.yimg.jp/t/amd-img/20260707-04371299-nnn-000-3-thumb.jpg?exp=10800,2026-07-07T17:53:00+09:00,2026-07-07T22:40:31+09:00,日テレNEWS NNN,nnn,日テレNEWS,1307,"日テレNEWS NNN
国会が正常化するかどうか、このあとの与党党首会談で高市総理がどういう方針を示すか、が焦点です。政治部官邸キャップの矢岡記者が解説します。
【画像】高市首相、維新・吉村代表と午後6時から与党党首会談　定数削減法案の扱いなど今後の国会運営協議の見通し
■定数削減法案「先送り」で調整
7日は七夕ということで、高市総理と吉村代表の短冊の願いは、「今の国会で定数削減法案、副首都法案を成立させる」でしたが、これを書き換える形になりそうです。

複数の与党関係者によりますと、両党は「定数削減法案と副首都法案を切り離して、定数削減法案を先送り」との方針を党首会談で確認する方向で調整しています。

――定数削減法案の「先送り」これは諦めるということにつながる？

今の国会での成立は断念したとしても、「次の国会」秋を想定する臨時国会で、引き続き成立を目指す、という方向で調整しています。
■維新議員「二つに一つ折れるしかない」
日テレNEWS NNN
――定数削減法案は維新の肝いり政策

維新の内部を取材していると、7日午後になって急速に温度感が変わりました。

ある維新の中堅議員は、「成果ゼロでは仕方ない。二つに一つ折れるしかない」と話しています。また、ある党幹部は、「現実的には『先送り』しか落とし所はない」と言い始めました。

この幹部は「高市政権が終われば、維新はやりたいことが何もできない。守る方法を考えないといけない」と「先送り論」が強まっていた自民党と維新の板挟みになっていた高市総理に寄り添う姿勢も見せています。

別の幹部も「条件によっては、のめることもある」などと話し、維新として譲歩する可能性を示唆しています。

実はこれまで維新は、自民党に何度も「譲歩」してきました。

この定数削減法案は、もともと、去年の「臨時国会」で「成立を目指す」としながら、今の国会に先送りしたものです。今回は2度目の先送りになります。

また、副首都法案でも、こだわってきた大阪都構想に関わる部分で譲り、皇室典範改正案でも養子の年齢制限を認め、譲歩しました。
■皇室典範改正案の審議“中継なし”提案　野党側「だまし討ちだ」
日テレNEWS NNN
――定数削減法案が先送りになれば、国会が正常化し皇室典範改正案の審議も始まる？

そうなりそうです。実際、ある野党幹部は「定数削減を切り離せばいい」と話しています。

ただ、皇室典範改正案の審議では、気になる点もあります。6日、自民党の磯崎国対委員長は、野党側にテレビやインターネットによる中継をしない形での審議を提案しました。

――なぜ中継しないと提案

静謐（せいひつ）な環境を整えたいという意図があると思いますが、その真意はわかりません。ただ、この法案には、与野党の「立法府の総意」にはない内容が含まれていて、野党側は「だまし討ちだ」と厳しく批判しています。

国民の理解を深めるためには、目に見える形での審議も必要な要素です。今後の皇室のあり方を大きく変える法改正だけに、政府・与党には、丁寧かつ透明性の高い審議への姿勢も求められます。",[],[]
きょうは七夕「家計にまつわる願い事は？」円安や物価高…生活を圧迫（日テレNEWS NNN）,https://news.yahoo.co.jp/articles/61d0cf4a6d2396612690cd4075cb1cb3f2003162,https://newsatcl-pctr.c.yimg.jp/t/amd-img/20260707-09329772-nnn-000-2-thumb.jpg?exp=10800,2026-07-07T17:52:00+09:00,2026-07-07T18:05:29+09:00,日テレNEWS NNN,nnn,日テレNEWS,263,"日テレNEWS NNN
7日、福岡県の太宰府市では今年初の猛暑日を記録しました。照りつける日差しに道行く人は日傘を差したり、あおいだり。店先に打ち水をする店舗もありました。
【画像】「焦っている」貯金3万円で87歳“職探し” 年金生活の厳しい現実　6月から支給額アップも「物価に追いつかない」
7月7日は七夕。東京都内の商店街も1.2キロにわたって色鮮やかな七夕飾りに彩られていました。「お金に困らない生活が送れますように」という切実な願い事も…。

※詳しくは動画をご覧ください（7月7日放送『news every.』より）",[],[]
ウクライナ軍、ロシア国内で“最大規模”製油所を攻撃したと発表（日テレNEWS NNN）,https://news.yahoo.co.jp/articles/b35d8a35c5ce1d4ed328b422b52f1d841bd65fa1,https://newsatcl-pctr.c.yimg.jp/t/amd-img/20260707-04992147-nnn-000-6-thumb.jpg?exp=10800,2026-07-07T17:49:01+09:00,2026-07-07T23:36:33+09:00,日テレNEWS NNN,nnn,日テレNEWS,362,"日テレNEWS NNN
ウクライナ軍は6日、ロシア国内で最大規模とされる製油所を攻撃したと発表しました。

ウクライナ軍参謀本部は6日、ウクライナの国境から2500キロ離れたロシア西シベリアのオムスク州にある製油所を攻撃したと発表しました。ロシア国内で最大規模の製油所とされ、攻撃後には火災が発生したと強調しました。オムスク州知事も無人機による攻撃を受けたことをSNSへの投稿で明らかにしました。
【画像】ロシア軍がウクライナに大規模攻撃　首都キーウとその周辺で28人死亡
ウクライナはロシアに対し、製油所への攻勢を強めていて、アメリカのCNNはロシアのほぼすべての地域に燃料不足が広がっていると分析しています。

オムスク近郊のガソリンスタンドでは、給油を待つ車の長蛇の列が確認されるなど市民生活にも影響が広がっています。",[],[]
【きょうの見どころ】解説は江川卓＆赤星憲広　“髙橋遥人の投球に3連戦のすべてがかかっている”（日テレNEWS NNN）,https://news.yahoo.co.jp/articles/afda726a3800c62b0a7f696a7d6e9a30153a8c7a,https://newsatcl-pctr.c.yimg.jp/t/amd-img/20260707-03182238-nnn-000-1-view.jpg?exp=10800,2026-07-07T17:49:00+09:00,2026-07-07T17:49:00+09:00,日テレNEWS NNN,nnn,日テレNEWS,683,"解説は江川卓さんと赤星憲広さん
◇プロ野球セ・リーグ　巨人ー阪神（7月7日、東京ドーム）

開幕から無傷の10連勝と破竹の勢いを見せる阪神の髙橋遥人投手と対することになる巨人。これまでに2度対戦していますが、2敗しています。この日はエースとしての完全復活なるか、戸郷翔征投手が投げ合います。その巨人は得点力不足に悩んでいて、前の中日との3連戦では3試合で2点とかなりさみしい数字。その不足分を解消するため、2軍から佐々木俊輔選手、ティマ選手、そして知念大成選手を昇格させています。

解説は江川卓さんと赤星憲広さん。江川さんは戸郷投手のここ最近の好調はコントロールが戻ってきているためだと語り、この日は立ち上がりから注目したいとしました。また、髙橋投手についてはインコースにいいボールを投げるが、それを決められるかが大事と続けました。

赤星さんも髙橋投手については江川さんと同じ意見でインコースが決まるかが重要と語ると、「あとは、1戦目にやられると、2戦目、3戦目に影響する。バシッと抑えられると、あした以降の先発はすごく楽に投げることができるんですよね。なので、ジャイアンツは圧倒されずに、点を取れるかもあした以降に大事だと思います。髙橋遥人の投球に3連戦のすべてがかかっているといっても過言ではないかなと思います」としました。

また、この日、2軍戦に出場している近本光司選手についても「近々戻ってくる。次の対戦には1軍にいるとは思います。阪神はそこからが勝負なので、そこまでにどれだけ勝ち越せるか、ですね」と締めくくりました。

プレーボールは午後6時です。",[],[]
本塁打＆打点チームトップ独走…岡本はもはやチームの顔　ブルージェイズSNSでも日に日に注目度アップ　『和真』をもじった球場名物“どアップ”で頬張り、岡本Tシャツ告知動画も話題（日テレNEWS NNN）,https://news.yahoo.co.jp/articles/819675904c624ffb8be49d304e7a4c91cfedda64,https://newsatcl-pctr.c.yimg.jp/t/amd-img/20260707-06181164-nnn-000-5-view.jpg?exp=10800,2026-07-07T17:45:01+09:00,2026-07-07T18:06:31+09:00,日テレNEWS NNN,nnn,日テレNEWS,773,"岡本和真選手(写真：Imagn/ロイター/アフロ)
ブルージェイズが日本時間7日に球団公式インスタグラムを更新。この日は試合前と後に岡本和真選手に関する投稿を行うなど、打線を牽引する新人への注目度が日に日に高まっていることをうかがわせる状況となっています。
【画像】今季20号を放った岡本和真選手
ブルージェイズはこの日、ジャイアンツと対戦。試合前には岡本選手とイ・ジョンフ選手が交流する様子を動画で公開。両選手のツーショットも掲載するとともに「和真が親友のイ・ジョンフ選手と会った！」と投稿しました。

さらに試合後には、チームで唯一の二桁本塁打であるだけでなく、最速で20号を放った岡本選手を称える投稿も行い「OKAMOTO-SAN!」とつづって、その活躍の衝撃度をあらわしています。その投稿には、その本塁打を放った打席の映像や、チームの顔であるウラジーミル・ゲレーロJr.選手から本塁打後のセレブレーションであるジャケットを着せられる画像なども複数枚添え、大々的に紹介しています。

またブルージェイズは以前にも、現地時間7月20日にゲットできる岡本選手のプリントTシャツを告知する動画を公開しています。岡本選手が、どアップでホーム球場名物の「カザディーヤ(岡本選手の名前をもじったケサディーヤ)」を頬張るシーンが収められ、なんとも岡本選手の個性がよく表現された内容となっています。

岡本選手は今季加入した新人ながら、昨季ワールドシリーズに進出しドジャースとも渡り合った強力打線に割って入り、さらにチームトップを独走する本塁打数『20』と打点『55』を記録。出場試合数も『88』でアーニー・クレメント選手とトップタイです。OPSは『.772』で、チームの顔であるゲレーロJr.選手の『.693』を上回るなど、目覚ましい成績を残しています。",[],[]
【巨人スタメン】野手2人入れ替えティマが「7番・ファースト」に　先発は戸郷翔征　阪神との首位攻防3連戦初戦（日テレNEWS NNN）,https://news.yahoo.co.jp/articles/990a1f8bf4f13ea8a7c28c7a2b52a135d3a13078,https://newsatcl-pctr.c.yimg.jp/t/amd-img/20260707-09194961-nnn-000-1-view.jpg?exp=10800,2026-07-07T17:35:01+09:00,2026-07-07T17:35:01+09:00,日テレNEWS NNN,nnn,日テレNEWS,447,"7月7日の巨人スタメン
◇プロ野球 セ・リーグ 巨人-阪神(7日、東京ドーム)

巨人のスタメンが発表されました。
【画像】オールスター　セ・リーグファン投票　最終結果
同率首位で並ぶ阪神との3連戦初戦、巨人は前回の試合から野手スタメンを2人入れ替え。大城卓三選手を「6番・キャッチャー」で、ティマ選手を「7番・ファースト」で起用しました。また、打線を組み替えて1番から松本剛選手、浦田俊輔選手、キャベッジ選手と並べています。

先発は戸郷翔征投手。前回6月30日のヤクルト戦は7回1失点の好投も、後続が逆転を許し白星はつきませんでした。今季は8試合先発で4勝1敗、防御率2.47です。この日は10勝&防御率1.29(ともにリーグトップ)の髙橋遥人投手と投げ合います。

▽対する阪神のスタメン
1 (中) 髙寺望夢
2 (二) 中野拓夢
3 (右) 森下翔太
4 (三) 佐藤輝明
5 (一) 大山悠輔
6 (左) 前川右京
7 (遊) 木浪聖也
8 (捕) 梅野隆太郎
9 (投) 髙橋遥人",[],[]
【最新予報】8日（水）は晴れエリア拡大　週後半は東京も30℃以上に（日テレNEWS NNN）,https://news.yahoo.co.jp/articles/58a1890464c64a807e60e69a642d6053ef2ecf4b,https://newsatcl-pctr.c.yimg.jp/t/amd-img/20260707-01213284-nnn-000-2-thumb.jpg?exp=10800,2026-07-07T17:33:00+09:00,2026-07-07T17:46:32+09:00,日テレNEWS NNN,nnn,日テレNEWS,1671,"日テレNEWS NNN
8日（水）は前日より晴れる所が多くなりそうです。気温は週後半に向けてじわじわ上昇し、9日（木）以降は東京都心も30℃以上と、これまで以上に暑くなる見込みです。午後5時更新の最新の予報をお伝えします。
【画像】このあとは西日本で天気急変のおそれ　台風9号は週末に沖縄方面へ
■8日（水）は広い範囲に日差し届く
8日（水）は全国の広い範囲で晴れ間が広がりそうです。

よく晴れるのは沖縄と九州で、朝から強い日差しが照りつけるでしょう。

中国、四国、近畿は午後から晴れる見込みです。

関東、東海、北陸は雲が多めながら、昼ごろからは晴れ間がありそうです。

北日本も雲の間から晴れ間がのぞく時間があるでしょう。

ただ、午後は東北や北陸、西日本を中心に所々で雨が降る見込みです。西日本の内陸では雷雨になる所もありそうです。空模様の変化にお気をつけください。
■西日本と北陸で30℃以上の真夏日続出
8日（水）は、西日本と北陸で30℃以上の真夏日が続出しそうです。東北でも真夏日になる所があるでしょう。

【8日（水）の予想最高気温・高いところ】
35℃…福岡県の飯塚、福岡県の久留米、大分県の日田、熊本
34℃…兵庫県の豊岡、福岡、佐賀
33℃…京都府の舞鶴、松江、鳥取、鹿児島、那覇など
32℃…福島県の会津若松、福井、京都、大分など

【8日(水)の予想最高気温】（）内は前日比と季節感
札幌　　28℃（＋2 真夏並み）
仙台　　26℃（±0 7月中旬）
新潟　　30℃（-1 7月下旬）
東京　　28℃（＋4 平年並み）
名古屋　29℃（＋1 6月下旬）
大阪　　30℃（＋1 平年並み）
広島　　31℃（＋1 7月中旬）
福岡　　34℃（±0 真夏並み）
那覇　　33℃（＋1 真夏並み）

長崎県、福岡県、熊本県、鹿児島県、小笠原諸島には熱中症警戒アラートが発表されています。

屋内ではエアコンを適切に使用し、涼しい環境で過ごしてください。また、屋外への外出はなるべく短時間にする、暑い時間を避けるなどを心がけてください。日傘や帽子を活用することもおすすめします。

そして高齢者や子どもなど熱中症になりやすい方々に対しては、身近な方からも、見守り・声かけをしてあげましょう。
■大型で非常に強い勢力の台風9号　今後の進路や影響は？
大型で非常に強い勢力の台風9号は、フィリピンの東海上を西に進んでいます。正午時点で中心気圧は935ヘクトパスカル、中心付近の最大瞬間風速は70メートルです。

今後、台風9号は次第に進路を北よりに変えて、10日（金）～11日（土）には非常に強い勢力で沖縄の先島諸島に近づく見込みです。

沖縄では9日（木）～12日（日）頃にかけて、大荒れ、大しけ、警報級の大雨となるおそれがあります。一部の住家が倒壊するおそれもある猛烈な風が吹き、猛烈なしけとなる所がある見込みです。早めの備えをお願いします。

また、九州から関東の太平洋側も8日（水）以降は波が高くなり、西日本では11日（土）頃は台風の進路次第で大しけとなるおそれがあります。台風から離れていても海のレジャーは注意が必要です。

今後の台風情報にご注意ください。
■週後半は西日本は晴れて夏本番の暑さに　北日本では雨多く
8日（水）以降は太平洋高気圧の勢力が強まり、西日本は晴れる所が多くなりそうです。

この先は一段と暑さが厳しくなります。九州を中心に35℃以上の猛暑日になる所もあるでしょう。福岡は10日（金）～12日（日）にかけて35℃と猛暑日が続きそうです。佐賀は9日（木）以降、猛暑日が続き、10日（金）と11日（土）は37℃まで上がる予想です。いよいよ夏本番の暑さとなりますので、これまで以上に熱中症に注意をしてお過ごしください。

一方、9日（木）頃からは前線が北日本にかかりそうです。東北や北海道は曇りや雨の日が多くなるでしょう。

関東は11日（土）にかけて晴れますが、12日（日）は雨が降る見込みです。",[],[]
イラン、ホルムズ海峡で商船を攻撃　ミサイル2発発射　米メディア（日テレNEWS NNN）,https://news.yahoo.co.jp/articles/2311f9580bbb65283642cbbc982665411e093e1b,https://newsatcl-pctr.c.yimg.jp/t/amd-img/20260707-02612199-nnn-000-3-thumb.jpg?exp=10800,2026-07-07T17:30:00+09:00,2026-07-07T20:26:29+09:00,日テレNEWS NNN,nnn,日テレNEWS,488,"日テレNEWS NNN
アメリカメディアは6日、イランがホルムズ海峡を通過する商船にミサイルを発射したと伝えました。
【画像】（速報）新たに5隻通過　ペルシャ湾内の日本関係船舶、現在26隻に
アメリカのニュースサイト「アクシオス」は、イランの革命防衛隊が6日夜、ホルムズ海峡を通過する商船2隻に対し、少なくとも2発のミサイルを発射したと伝えました。

攻撃を受けた船は重大な損傷を受けたものの、死傷者はいないとした上で、アメリカがイランに報復攻撃を行う可能性が高いと伝えています。

イギリスの海事機関UKMTOもホルムズ海峡に近いオマーン沖で、タンカーに正体不明の飛翔体が命中し、火災が発生したと発表しました。

一方、イランメディアは、アメリカ軍に護衛されたカタールのタンカーが警告を無視して、イラン側が認めていない海峡のオマーン側の航路を通過しようとしたため、攻撃を受けたと報じています。

イランでは9日まで、前の最高指導者アリ・ハメネイ師の葬儀が行われています。

葬儀が終わった後、アメリカとイランは戦闘終結に向けた協議を行う見通しで、協議への影響が懸念されます。",[],[]
岡本和真が20号　村上宗隆に並ぶ　日本人1年目では大谷翔平の22本に次ぐ大台　チーム大敗も意地の一発（日テレNEWS NNN）,https://news.yahoo.co.jp/articles/49445819b28ce1e35886cbd65cfc304d418f4875,https://newsatcl-pctr.c.yimg.jp/t/amd-img/20260707-04697164-nnn-000-1-view.jpg?exp=10800,2026-07-07T17:30:00+09:00,2026-07-07T17:30:00+09:00,日テレNEWS NNN,nnn,日テレNEWS,574,"今季20号を放った岡本和真選手(写真：Imagn/ロイター/アフロ)
◇MLB ジャイアンツ10-1ブルージェイズ(日本時間7日、オラクル・パーク)

ブルージェイズの岡本和真選手が20号ホームランを記録しました。
【画像】笑顔のブルージェイズ・岡本和真選手
0-3で迎えた6回の第3打席、ランデン・ループ投手の低めのシンカーをとらえると、打球は左中間スタンドに飛び込む一発。打球速度110.8マイル＝約178.3キロ、飛距離412フィート＝約125.5メートルの大きなアーチを描くホームランとなりました。

チームは投手陣が10失点と振るわず。苦しい展開の中、意地の一発をみせました。

岡本選手は今季からブルージェイズに移籍。メジャー1年目にして、20本のホームランを放ち、同じくメジャー初挑戦となっているホワイトソックスの村上宗隆選手に並ぶ20号を記録しています。また日本人1年目の本塁打記録としては現在ドジャースの大谷翔平選手が記録した22本の更新も目前に迫っています。

▽日本人メジャーリーガー1年目に2桁本塁打を記録した選手
22本 大谷翔平
20本 村上宗隆(※89試合消化)
20本 岡本和真(※91試合消化)
18本 城島健司
16本 松井秀喜
15本 井口資仁、吉田正尚
14本 鈴木誠也
10本 新庄剛志、福留孝介、青木宣親",[],[]
【巨人】大勢が3度目の球宴選出　「野球をまだ一緒にやったことない人とも出会えると思う」と球宴ならではの交流へワクワク（日テレNEWS NNN）,https://news.yahoo.co.jp/articles/89310b1901556bdf995a6b3cf26c7094068fbae6,https://newsatcl-pctr.c.yimg.jp/t/amd-img/20260707-08911931-nnn-000-2-view.jpg?exp=10800,2026-07-07T17:17:00+09:00,2026-07-07T21:05:30+09:00,日テレNEWS NNN,nnn,日テレNEWS,636,"オールスターに選出された巨人・大勢投手
28日&29日に行われるプロ野球・オールスターゲームのファン投票結果が7日に発表され、巨人・大勢投手がセ・リーグ中継ぎ部門で選出。自身3度目の選出を「うれしいです」と喜びました。
【画像】オールスター　セ・リーグファン投票　最終結果
「普段ライバルとして戦っている選手と、ベンチやロッカーで交流ができるのはすごく楽しみ」と話した右腕。交流したい選手を問われると「阪神の森下(翔太)選手だったり、WBC(ワールドベースボールクラシック)でも一緒に戦ったメンバーの方たちとまた再会できて一緒に野球できる」と答え、続けて「野球をまだ一緒にやったことない人とも出会えると思う。そういう人たちともしっかりコミュニケーションを取りたい」と新たな出会いにも胸を躍らせました。

ファン投票で巨人から選出されたのは大勢投手のみ。「現状は1人でちょっと寂しいので、監督推薦と選手間(投票)でもっとジャイアンツの選手が選ばれてほしいなと思います」と報道陣を笑わせます。

今回のオールスター第1戦は慣れ親しんだ本拠地・東京ドームでの開催。「緊張すると思うんですけど、できるなら東京ドームで投げたい。慣れたマウンドですし、少しでも緊張感のない中で投げたいなと思います」と希望を語りました。

プロ5年目27歳の大勢投手は、今季開幕前には野球日本代表“侍ジャパン”としてWBCに出場。ここまで31試合登板で1勝1敗21ホールド3セーブ、防御率2.22です。",[],[]
高市首相、維新・吉村代表と午後6時から与党党首会談　定数削減法案の扱いなど今後の国会運営協議の見通し（日テレNEWS NNN）,https://news.yahoo.co.jp/articles/cd3299c46530d071072882628c37e7ce58e3cdc5,https://newsatcl-pctr.c.yimg.jp/t/amd-img/20260707-01931816-nnn-000-3-thumb.jpg?exp=10800,2026-07-07T17:16:00+09:00,2026-07-07T19:30:40+09:00,日テレNEWS NNN,nnn,日テレNEWS,427,"日テレNEWS NNN
今の国会の会期末まで2週間を切る中、高市首相は、日本維新の会の吉村代表と与党党首会談に臨みます。連立合意に含まれる衆議院議員の定数削減法案と副首都法案の扱いなど、今後の国会運営について協議する見通しです。
【画像】自民と維新、社会保障制度改革の骨子とりまとめ　70歳以上の医療費窓口負担「原則3割」記載なし
高市首相は定数削減法案と副首都法案について、今の国会での成立に万全を尽くすよう自民党幹部に指示しています。しかし、野党側の反発は強く、成立の見通しはまったく立っていません。

与党として、あくまで2法案の成立を目指すのか、国会の会期延長も含め、午後6時からの党首会談で、方針を決めることにしています。会談には両党の幹部も同席します。

一方、ある野党幹部は、「副首都法案だけならのめる」と話すなど、野党内でも落としどころを探る動きが出ています。こうした野党側の動きも踏まえた上で、与党側がどう判断するのかが焦点となります。",[],[]
大谷翔平がメジャー通算300号に王手　100号200号のメモリアル弾は前の試合からどのくらい時間がかかった？（日テレNEWS NNN）,https://news.yahoo.co.jp/articles/9f5f88dbb03e77a5900693a8e94e8d19960a9f99,https://newsatcl-pctr.c.yimg.jp/t/amd-img/20260707-02692926-nnn-000-1-view.jpg?exp=10800,2026-07-07T17:15:00+09:00,2026-07-07T17:15:00+09:00,日テレNEWS NNN,nnn,日テレNEWS,606,"メジャー通算300号に王手をかけた大谷翔平選手(写真：AP/アフロ)
◇MLB ドジャース8×-7ロッキーズ(日本時間7日、ドジャー・スタジアム)

ドジャースがロッキーズにサヨナラ勝利で、今季メジャー最速で60勝に到達。1番指名打者で出場した大谷翔平選手は、19号ホームランを放ち、メジャー通算300号まであと1つとしました。
【画像】スイングした際にバットがすっぽ抜けた大谷翔平選手
では、過去のメモリアル弾は王手から何試合後に飛び出したのでしょうか？

大谷選手が99号を放ったのは日本時間2022年5月10日。2つのホームランを記録し王手をかけました。100号を記録したのは同22年5月15日。99号を放った5試合後のことでした。

日本人初となる200号を放ったのは、199号から6試合後の同24年7月14日。5回の第3打席、先頭で打席に立つと真ん中に甘く入ったチェンジアップを逃さず、ライトスタンドにアーチを描きました。

100号は5試合、200号は6試合を要しました。2年間で100本の本塁打を積み上げてきた大谷選手。300号が飛び出すのはいつになるのか注目です。

▽大谷翔平の本塁打記録　※日本時間
99号　2022年5月10日　
100号　2022年5月15日(5試合後)
199号　2024年7月7日
200号　2024年7月14日(6試合後)
299号　2026年7月7日
300号　？",[],[]
モデル・愛甲ひかり「笑いの絶えない毎日に」　東京ヴェルディ・福田湧矢選手との結婚を発表（日テレNEWS NNN）,https://news.yahoo.co.jp/articles/15aec459611dface11bf074888c71c05a7139e7c,https://newsatcl-pctr.c.yimg.jp/t/amd-img/20260707-01594761-nnn-000-1-view.jpg?exp=10800,2026-07-07T17:14:01+09:00,2026-07-07T17:14:01+09:00,日テレNEWS NNN,nnn,日テレNEWS,509,"結婚を発表した愛甲ひかりさんと福田湧矢選手（愛甲ひかりさん公式インスタグラムより）
モデルの愛甲ひかりさんが7日、自身のインスタグラムを更新し、サッカー・東京ヴェルディの福田湧矢選手（27）と結婚したことを発表しました。

愛甲さんは、福田選手との写真とともに「この度、福田湧矢さんと結婚しましたことをご報告させていただきます。1番の味方であり1番尊敬できる人です。夫婦として支え合いながら、笑いの絶えない毎日にしていきたいと思います」と報告しました。

また、福田選手もインスタグラムを更新し「これからも2人らしく笑顔と優しさに溢れた家庭を築いていきます。人としても選手としてもこれからも沢山成長していきます」と思いをコメントしています。

公式サイトによると、愛甲さんは宮崎県出身の12月12日生まれ。モデルとしてCMに出演するほか、俳優としてもドラマや映画に出演しています。また、『日本化粧品検定3級』『アスリートフードマイスター3級』『アスリートフードアドバイザー』の資格を取得しています。

相手の福田選手は、1999年4月4日生まれ。背番号14でMFとして活躍しています。（東京ヴェルディの公式サイトより）",[],[]
【ヤクルト】増田珠「『僕でいいんですか？』と……」オールスター初選出　23年戦力外→新天地ヤクルトで花開いた27歳「諦めなくて良かった」（日テレNEWS NNN）,https://news.yahoo.co.jp/articles/0b082bd54a4267fbe6630e0a2c21b1d83afb9546,https://newsatcl-pctr.c.yimg.jp/t/amd-img/20260707-03932571-nnn-000-1-view.jpg?exp=10800,2026-07-07T17:10:00+09:00,2026-07-07T17:10:00+09:00,日テレNEWS NNN,nnn,日テレNEWS,678,"オールスター初選出の喜びを語るヤクルト・増田珠選手
28日&29日に行われるプロ野球・オールスターゲームに、ヤクルト・増田珠選手がファン投票で初選出。「置かれた場所でコツコツやってきて良かった」と喜びを語りました。
【画像】満塁ホームランを放つヤクルト・サンタナ選手(5日、神宮球場)
セ・リーグ外野手部門3位での初選出となった27歳。「夢の舞台というか、プロ野球選手の目指す場所だなと感じています」と語る球宴への出場に、「とても不思議な感じ」と率直な思いを明かします。

2023年にはソフトバンク戦力外を経験するなど、紆余曲折(うよきょくせつ)の末につかんだ夢舞台。「諦めなくて良かった。何の実績もない中でのヤクルトスワローズでのスタートだったので、本当に置かれた場所でコツコツやってきて良かったなというふうに思っています」と感慨深げに語りました。

選手間投票ではなくファンからの1票1票が積み重なっての選出に、「『僕でいいんですか？』と最初は思った部分があるので、恥ずかしくない成績をこれから1か月積み重ねて、堂々とフィールドに入れるようにやっていきたいと思います」と、球宴までの期間も活躍すると意気込みました。

増田選手は横浜高から2017年ドラフト3位でソフトバンクに入団し、2019年に1軍デビュー。2023年オフに戦力外通告を受けましたが、24年からヤクルトに活躍の舞台を移しました。

プロ9年目の今季は58試合に出場し、打率.275、5本塁打、22打点を記録。キャリアハイの活躍を見せ、チームの前半戦好調の立役者の1人となっています。",[],[]
介護施設で“点滴に空気”2人死亡　元職員の女に懲役20年の判決　1件は無罪（日テレNEWS NNN）,https://news.yahoo.co.jp/articles/4e18a271c42eafb5ad3538d451515950631fd876,https://newsatcl-pctr.c.yimg.jp/t/amd-img/20260707-07852943-nnn-000-2-thumb.jpg?exp=10800,2026-07-07T17:05:00+09:00,2026-07-07T17:17:30+09:00,日テレNEWS NNN,nnn,日テレNEWS,530,"日テレNEWS NNN
6年前、茨城県古河市の介護老人保健施設で入所者2人を殺害したなどの罪に問われていた元職員の女の裁判で、水戸地裁は7日、1人を殺害した罪については無罪とした上で懲役20年の実刑判決を言い渡しました。
【画像】（速報）茨城・介護施設2人殺害　元職員の女に懲役20年の実刑判決
介護老人保健施設の元職員・赤間恵美被告は2020年、入所していた鈴木喜作さんと吉田節次さんに注射器のシリンジを使って点滴のチューブに空気を注入し、殺害したなどの罪に問われていました。

7日の判決で、水戸地裁は赤間被告に対し、懲役20年の実刑判決を言い渡しました。

これまでの裁判では、主に2人の死が他殺かどうかについての「事件性」と、殺害したのが赤間被告かどうかについての「犯人性」の、ふたつが争点となっていました。

判決では、鈴木さんは何者かに殺害されたと認定したものの「赤間被告が犯人であると言うには合理的な疑いが残る」として、鈴木さんを殺害した罪については無罪としました。

一方、吉田さんについては赤間被告が殺害したと認定されました。
これまでの裁判で、弁護側は殺人の罪について、全面的に無罪を主張してきた一方、検察側は、無期懲役を求刑していました。",[],[]
【ヤクルト】古賀優大「想像していなかった」　初の球宴の舞台に喜びと驚き　他球団投手とのバッテリーに「新しい発見や感じ方があると思う」（日テレNEWS NNN）,https://news.yahoo.co.jp/articles/edcbb55ee4644a78f88e524a648392cdcdb0ef88,https://newsatcl-pctr.c.yimg.jp/t/amd-img/20260707-07672589-nnn-000-1-view.jpg?exp=10800,2026-07-07T17:05:00+09:00,2026-07-07T17:05:00+09:00,日テレNEWS NNN,nnn,日テレNEWS,544,"オールスター初選出の喜びを語るヤクルト・古賀優大選手
7月28日&29日に行われるプロ野球・オールスターゲームにヤクルト・古賀優大選手がファン投票で初選出。喜びと意気込みを語りました。
【画像】オールスター　セ・リーグファン投票　最終結果
セ・リーグ捕手部門1位での選出に「まさか自分がオールスターの舞台に立てるとは想像していなかった」と喜びの声。

「なかなか他球団のピッチャーの球を受けることはない」と球宴ならではの共演に触れ、「打席に立っているのと受けるのではボールの感じ方もやっぱり違うだろうなという思い。新しい発見や感じ方があると思うのですごく楽しみな部分」と語りました。

5歳の息子には中間発表のときから結果を気にされていたと明かし、「最後も『パパどうなったの？』と聞いてくれていたので、そういった部分では(選ばれて)うれしかった」とコメント。

そして「緊張すると思いますけど、自分が今までやってきたことや教えてもらってきたことを体現できれば」と初の晴れ舞台へ意気込みました。

古賀選手は明徳義塾高から2016年ドラフト5位で入団した27歳。プロ10年目の今季は48試合出場で打率.267、23打点を記録し、現在セ・リーグ3位のチームを捕手として攻守で引っ張っています。",[],[]
【楽天】田中千晴が再昇格　2軍戦直近3戦無失点　12試合登板で防御率も『0.00』（日テレNEWS NNN）,https://news.yahoo.co.jp/articles/5fb1719268ff71cc3d03f0eb28454e67d51c69c9,https://newsatcl-pctr.c.yimg.jp/t/amd-img/20260707-02781186-nnn-000-1-view.jpg?exp=10800,2026-07-07T17:04:01+09:00,2026-07-07T17:04:01+09:00,日テレNEWS NNN,nnn,日テレNEWS,288,"楽天・田中千晴投手 ©Rakuten Eagles
日本野球機構(NPB)は7日の公示を発表。楽天は田中千晴投手を1軍登録しました。

田中投手は昨季終了後に、則本昂大投手の巨人加入に伴う人的補償で巨人から楽天へ移籍。新天地では、ここまで15試合に登板し、0勝2敗4HP、防御率3.46を記録しています。
【画像】7月5日試合終了時のパ・リーグ順位表
前回5月18日に登録抹消となり、その後ファームで調整。2軍戦では12試合の登板で自責点はついておらず、防御率0.00を維持。また直近3試合では、いずれも1イニングを無失点におさえています。今回の再昇格で1軍定着を目指します。",[],[]
【七夕の願い事】阪神・髙橋遥人の願い事は？　開幕から無傷の10連勝中も・・・　（日テレNEWS NNN）,https://news.yahoo.co.jp/articles/5e0137d4cdbdfa184e6f72b514220b2f4722ce90,https://newsatcl-pctr.c.yimg.jp/t/amd-img/20260707-08286567-nnn-000-1-view.jpg?exp=10800,2026-07-07T17:02:00+09:00,2026-07-07T17:02:00+09:00,日テレNEWS NNN,nnn,日テレNEWS,264,"阪神の先発、髙橋遥人投手のお願い事は？
◇プロ野球セ・リーグ　巨人ー阪神（7月7日、東京ドーム）

7月7日は七夕。日テレ系野球中継「DRAMATIC BASEBALL」では両チームの選手に七夕の願い事を短冊に書いてもらいました。
【動画】2021年の七夕は丸佳浩＆岡本和真のアベック弾で山口俊が勝利！
阪神の先発、髙橋遥人投手の願い事は「バント 決めれますように」。バントを苦手にしている印象がないだけに、意外な願い事でした。開幕から無傷の10連勝としている髙橋投手は、これで11連勝とするか注目されますが、打席にも注目です。",[],[]
【ヤクルト】山野太一「腐らず頑張って良かった」　ファン投票で球宴初選出　自身初の舞台へ「まさか自分が」（日テレNEWS NNN）,https://news.yahoo.co.jp/articles/90f5c4d1ef2695816d39e4d5da91e5328159bcc2,https://newsatcl-pctr.c.yimg.jp/t/amd-img/20260707-09126188-nnn-000-1-view.jpg?exp=10800,2026-07-07T17:00:00+09:00,2026-07-07T17:00:00+09:00,日テレNEWS NNN,nnn,日テレNEWS,562,"オールスター初選出の喜びを語るヤクルト・山野太一投手
7月28日&29日に行われるプロ野球・オールスターゲームにヤクルト・山野太一投手がファン投票で初選出。「まさか自分が選ばれるとは思っていなかった」と心境を明かしました。
【画像】オールスター　セ・リーグファン投票　最終結果
セ・リーグ先発部門1位での選出に「すごく光栄なことですし、まさか自分が選ばれるとは思っていなかった。僕の知り合いとか両親が毎日投票してくれたみたいで、本当に皆さんに感謝しています」と喜びの声。

過去のオールスターで印象に残っている場面には「藤川球児さんの予告ストレートでの対決は、やっぱりすごいなと」と、現阪神監督が現役時代に見せた名シーンを挙げました。

プロ6年目でつかんだ自身初の夢舞台。「プロに入って本当に色々なことがあったと思うんですけど、腐らず頑張って良かったなと思います。ここで終わるんじゃなくて、これから先の野球人生も悔いのないようにやっていきたいなと思っています」と意気込みました。

東北福祉大から2020年ドラフト2位で入団した山野投手は、今季13試合に登板しキャリアハイを更新する7勝(2敗)を記録。5月29日の楽天戦で勝利して以降4試合勝ち星から遠ざかっていますが、ここまで防御率リーグ3位の2.08を記録しています。",[],[]
【七夕の願い事】巨人・戸郷翔征が願うことは？　阪神・髙橋遥人との投げ合い（日テレNEWS NNN）,https://news.yahoo.co.jp/articles/3c29c521f6dda5acb4c33bbd7294fad7fb0c3504,https://newsatcl-pctr.c.yimg.jp/t/amd-img/20260707-01668129-nnn-000-2-view.jpg?exp=10800,2026-07-07T16:56:00+09:00,2026-07-07T17:03:32+09:00,日テレNEWS NNN,nnn,日テレNEWS,345,"巨人・戸郷翔征投手の願い事は？
◇プロ野球セ・リーグ　巨人ー阪神（7月7日、東京ドーム）

7月7日は七夕。日テレ系野球中継「DRAMATIC BASEBALL」では両チームの選手に七夕の願い事を短冊に書いてもらいました。
【動画】2021年の七夕は丸佳浩＆岡本和真のアベック弾で勝利！
巨人の先発・戸郷翔征投手はシンプルに「勝つ」という一言。5月4日以来、黒星はついておらず、4勝1敗という成績を残しています。この日は開幕から無傷の10連勝という快進撃を続ける髙橋遥人投手との投げ合いだけに、この願い事は気持ちがこめられています。

今季はキャンプから悩みが深かった戸郷投手。ここ数試合はコントロールの精度が戻ってきたように見え、エースとしての“完全復活”もそう遠くはないかもしれません。",[],[]
【中日】約1か月ぶりにボスラーが1軍合流　主砲として打撃に期待　復調のきっかけつかみチームを勝利に導けるか（日テレNEWS NNN）,https://news.yahoo.co.jp/articles/5385cfa1eae79d3d46f62ad7cf8fe84b15b218ee,https://newsatcl-pctr.c.yimg.jp/t/amd-img/20260707-07624333-nnn-000-2-view.jpg?exp=10800,2026-07-07T16:44:00+09:00,2026-07-07T16:46:28+09:00,日テレNEWS NNN,nnn,日テレNEWS,252,"中日 ボスラー選手
日本野球機構(NPB)は7日の公示を発表。中日はボスラー選手を1軍登録しました。

2年目のボスラー選手は昨季チームの主砲として活躍するものの、今季は44試合に出場し、打率.203、3本塁打9打点と低迷。6月5日に登録抹消となりましたが、今回約1か月ぶりの1軍登録となりました。
【画像】7月5日試合終了時点のセ・リーグ順位表
その間、ファームでは17試合に出場し、打率.246、3本塁打6打点の成績を残しています。今回再び1軍に合流となり、チームを勝利に導く貢献ができるか注目です。",[],[]
組織犯罪事件に関与か　任意同行求められ川泳いで逃走の少年　大阪市（日テレNEWS NNN）,https://news.yahoo.co.jp/articles/4613aef28b7d9be8322aab5254e43da3adcaf05f,https://newsatcl-pctr.c.yimg.jp/t/amd-img/20260707-01361918-nnn-000-4-thumb.jpg?exp=10800,2026-07-07T16:37:01+09:00,2026-07-07T16:51:29+09:00,日テレNEWS NNN,nnn,日テレNEWS,362,"日テレNEWS NNN
6日午後、大阪市都島区で警察に任意同行を求められたものの川を泳いで逃げた少年が、組織犯罪事件に関与しているとみられることが分かりました。
【画像】大阪拘置所近く“逮捕直前” 男が川に飛び込み現在も逃走中　警察が行方追う
捜査関係者によりますと、6日午後4時すぎ、都島区にある大阪拘置所の近くで、愛知県警の捜査員が、面会に来たとみられる10代の少年に対し、任意同行を求めて声をかけました。すると、少年は近くを流れる川に飛び込み、泳いで逃げたということです。

その後の捜査関係者への取材で、少年は組織犯罪事件に関与しているとみられることが新たに分かりました。警察は、少年について逮捕状をとっているということです。少年は、川を渡ったあと対岸で車に乗って逃げたということで、警察は現在も行方を追っています。",[],[]
「この上ない光栄でした」自身初ウィンブルドン16強入りの望月慎太郎　世界1位のシナーに敬意を払う（日テレNEWS NNN）,https://news.yahoo.co.jp/articles/982f632dd9ecd0d3d01fff519e3977854e0b01a5,https://newsatcl-pctr.c.yimg.jp/t/amd-img/20260707-06299545-nnn-000-1-view.jpg?exp=10800,2026-07-07T16:34:00+09:00,2026-07-07T16:34:00+09:00,日テレNEWS NNN,nnn,日テレNEWS,472,"ウィンブルドン4回戦を戦った望月慎太郎選手とシナー選手(写真：ロイター/アフロ)
テニスの四大大会ウィンブルドンで自己最高ベスト16入りを果たした望月慎太郎選手が7日、自身のインスタグラムを更新。大会を振り返るとともに、4回戦で戦った世界ランキング1位のシナー選手(イタリア)に敬意を込めました。
【画像】着物風ウエアでコートにたつ大坂なおみ選手
世界ランキング151位の望月選手は、予選から勝ち上がり、自己最高ベスト16入りを果たしました。6日の4回戦では、シナー選手にストレート負け。それでも歴史あるウィンブルドンのセンターコートで世界1位と戦い抜きました。

望月選手は、シナー選手と抱擁した写真も投稿し、「ウィンブルドンのセンターコートで、世界ランキング1位の選手と対戦できたことは、この上ない光栄でした。最後まで全力を尽くしました。チーム、家族、友人、スポンサー、そしてどんな時でも私を支えてくれるすべての方々に、心から感謝します。皆さん一人ひとりが、さまざまな形で私を支えてくれました」とシナー選手に敬意を表しつつ感謝を綴りました。",[],[]
【DeNA】8年目の捕手・益子京右が今季初昇格　昨季はケガで長期離脱　1軍定着なるか注目（日テレNEWS NNN）,https://news.yahoo.co.jp/articles/1ef2d6fac58d8622a4934a612a9c218b0be9eadb,https://newsatcl-pctr.c.yimg.jp/t/amd-img/20260707-05623535-nnn-000-1-view.jpg?exp=10800,2026-07-07T16:32:01+09:00,2026-07-07T16:32:01+09:00,日テレNEWS NNN,nnn,日テレNEWS,224,"DeNA・益子京右選手 ©YDB
日本野球機構(NPB)は7日の公示を発表。DeNAは益子京右選手を1軍登録しました。
【画像】DeNA・エンカーナシオン選手から肩をたたかれ笑顔の深沢鳳介投手
益子選手はプロ8年目の捕手。ケガの影響もあり2023年シーズン以降、1軍でのプレーはありませんが、今季は2軍で42試合に出場しています。打率.247、1本塁打、17打点の成績をおさめ、今季初昇格。勝ち取った1軍の機会でアピールして1軍定着なるか注目です。",[],[]
【広島】3選手を入れ替え　秋山翔吾が約2か月ぶりに1軍昇格　防御率0.00の常廣羽也斗も昇格　中﨑翔太が登録抹消（日テレNEWS NNN）,https://news.yahoo.co.jp/articles/3818e4611af43eb2fcae6266370b9a301ee0e582,https://newsatcl-pctr.c.yimg.jp/t/amd-img/20260707-03718622-nnn-000-2-view.jpg?exp=10800,2026-07-07T16:28:01+09:00,2026-07-07T16:31:29+09:00,日テレNEWS NNN,nnn,日テレNEWS,403,"左から広島の常廣羽也斗投手、秋山翔吾選手、中﨑翔太投手
NPB(日本野球機構)は7日、公示を発表。広島は常廣羽也斗投手、秋山翔吾選手を1軍登録し、中﨑翔太投手の登録を抹消しました。
【画像】セ・リーグファン投票　最終結果
秋山選手は今季は27試合に出場し、打率.243、2本塁打、4打点の成績。5月10日のヤクルト戦で1番レフトで先発出場していましたが、3回の守備からベンチへ退いていました。そこから約2か月を経ての1軍に再昇格となります。

常廣投手は今季5試合に登板し防御率0.00です。6月20日に1軍昇格すると、6月23日の巨人戦では4点ビハインドの8回表から登板。キャベッジ選手から三振を奪うなど1イニングを無失点で抑えていました。翌日抹消され、ファームで1試合出場、無失点で抑えています。

登録抹消された中﨑投手は今季27試合に出場し、防御率3.20、1勝4敗、7HP、6セーブとしています。",[],[]
【巨人】3選手を1軍登録　佐々木俊輔＆ティマは2軍で打撃安定　6日支配下の知念大成は初昇格　1軍デビューに期待（日テレNEWS NNN）,https://news.yahoo.co.jp/articles/e62292fe82d9f33192e0fc3069673e64722cf6b0,https://newsatcl-pctr.c.yimg.jp/t/amd-img/20260707-09227955-nnn-000-1-view.jpg?exp=10800,2026-07-07T16:24:01+09:00,2026-07-07T16:24:01+09:00,日テレNEWS NNN,nnn,日テレNEWS,521,"左から巨人の佐々木俊輔選手、ティマ選手、知念大成選手
日本野球機構(NPB)は7日の公示を発表。巨人は佐々木俊輔選手とティマ選手、知念大成選手を1軍登録しました。
【画像】7月5日試合終了時点のセ・リーグ順位表
佐々木選手は今季59試合に出場し、打率.242、5本塁打、16打点を記録しています。6月24日に登録抹消されていましたが、その後、ファームで調整。4日のハヤテ戦では2打数2安打1本塁打を記録するなど打撃で好調をアピールし、打率.353と高い数字を残しています。

ティマ選手は今季打率.143と低迷し、6月12日に抹消されていましたが、その後、ファームで打率.303と安定した成績をおさめています。6月28日の阪神2軍戦と4日のハヤテ戦では本塁打も記録しています。

知念選手は、昨年までオイシックスに所属し、イースタン・リーグの2024年の首位打者(打率.323)、2025年の打点王(66打点)を獲得した外野手。2025年に育成5位で巨人に入団すると、ここまでファームで17試合に出場し、41打数18安打、打率.439、1本塁打、8打点を記録しています。6日に支配下契約を勝ち取り今回初昇格。1軍デビューにも期待がかかります。",[],[]
【阪神】ドラ3ルーキー・岡城快生を1軍登録　6月17日以来の復帰　ファームでは32試合で打率.269&12盗塁（日テレNEWS NNN）,https://news.yahoo.co.jp/articles/4840c2019b6aed612277b7b5f94dfee523b005b0,https://newsatcl-pctr.c.yimg.jp/t/amd-img/20260707-08473145-nnn-000-1-view.jpg?exp=10800,2026-07-07T16:22:00+09:00,2026-07-07T16:22:00+09:00,日テレNEWS NNN,nnn,日テレNEWS,176,"阪神・岡城快生選手
NPB(日本野球機構)は7日の公示を発表。阪神は岡城快生選手を1軍登録しました。

ドラフト3位ルーキーの岡城選手は6月17日に抹消されて以来の昇格。ここまで12試合に出場し、打率.185、1打点です。
【画像】オールスター　セ・リーグファン投票　最終結果
ファームでは32試合出場で打率.269、7打点、12盗塁を記録しています。",[],[]
【球宴ファン投票】阪神＆ヤクルトが最多4人選出　阪神・森下翔太が“全体トップ79万票”　遊撃手は中日・村松開人が逆転で1位奪取　5人が初選出〈セ・リーグ最終結果〉（日テレNEWS NNN）,https://news.yahoo.co.jp/articles/5585e1e06fe2639b73d7464c1f6bfb87e75c00c5,https://newsatcl-pctr.c.yimg.jp/t/amd-img/20260707-06837176-nnn-000-4-view.jpg?exp=10800,2026-07-07T16:18:00+09:00,2026-07-07T16:50:32+09:00,日テレNEWS NNN,nnn,日テレNEWS,1303,"プロ野球オールスター　セ・リーグファン投票　最終結果
NPB(日本野球機構)は7月7日、今月28日と29日に行われるプロ野球オールスターゲームのファン投票最終結果を発表しました。
【一覧】プロ野球オールスター　パ・リーグファン投票の最終結果　最多は日本ハムの6選手
各部門1位と外野手トップ3がオールスターに選出。阪神とヤクルトからそれぞれ最多4人が選ばれました。

外野手部門1位である阪神の森下翔太選手が、得票数で12球団トップ79万498票を記録。三塁手部門1位である佐藤輝明選手も全体2位となる73万6620票を集め、両リーグから2人のみが70万票超えとなりました。

先発部門ではヤクルトの山野太一投手が10勝0敗と無双する阪神の髙橋遥人投手を上回り、初選出。遊撃手部門では、中間発表の最終結果で2位につけていた中日の村松開人選手が、ヤクルトの長岡秀樹選手を抜き、逆転で1位奪取となりました。この他、ヤクルトから抑え部門のキハダ投手や捕手の古賀優大選手、外野手部門3位の増田珠選手ら5選手が初選出です。

また中日からは村松選手の他、細川成也選手も選出。巨人からは中継投手部門で大勢投手が選ばれました。一方で広島、DeNAからはファン投票での選出はありませんでした。

▽セ・リーグ ファン投票　最終発表
※投票横の数字はファン投票選抜回数、()内の数字は選抜回数
【先発投手】
1位 山野太一(ヤクルト)326,235票　1（1）
2位 髙橋遥人(阪神)317,882票
3位 金丸夢斗(中日)193,173票

【中継投手】
1位 大勢(巨人)505,286票　3（3）
2位 星知弥(ヤクルト)312,194票
3位 藤嶋健人(中日)143,932票

【抑え投手】
1位 キハダ(ヤクルト)558,444票　1（1）
2位 岩崎優(阪神)280,338票
3位 松山晋也(中日)268,858票

【捕手】
1位 古賀優大(ヤクルト)361,797票　1（1）
2位 坂本誠志郎(阪神)329,232票
3位 石伊雄太(中日)324,461票

【一塁手】
1位 大山悠輔(阪神)623,364票　3（4）
2位 オスナ(ヤクルト)289,606票
3位 筒香嘉智(DeNA)238,079票

【二塁手】
1位 中野拓夢(阪神)487,270票　3（6）
2位 牧秀悟(DeNA)340,944票
3位 田中幹也(中日)283,942票

【三塁手】
1位 佐藤輝明(阪神)736,620票　5（5）
2位 武岡龍世(ヤクルト)302,634票
3位 坂本勇人(巨人)198,107票

【遊撃手】
1位 村松開人(中日)500,283票　1（1）
2位 長岡秀樹(ヤクルト)475,172票
3位 木浪聖也(阪神)257,217票

【外野手】
1位 森下翔太(阪神)790,498票　2（2）
2位 細川成也(中日)495,821票　2（3）
3位 増田珠(ヤクルト)444,882票　1（1）
4位 度会隆輝(DeNA)423,884票
5位 サンタナ(ヤクルト)347,828票",[],[]
【ヤクルト】セデーニョが1軍登録　オリックス・西武・パドレス傘下を経て5月にヤクルトが獲得（日テレNEWS NNN）,https://news.yahoo.co.jp/articles/04b4dd7a3d4b47ca7fe447ac2279c9fcf74830c5,https://newsatcl-pctr.c.yimg.jp/t/amd-img/20260707-05379416-nnn-000-1-view.jpg?exp=10800,2026-07-07T16:18:00+09:00,2026-07-07T16:18:00+09:00,日テレNEWS NNN,nnn,日テレNEWS,322,"ヤクルト・セデーニョ選手
NPB(日本野球機構)は7日の公示を発表。ヤクルトはセデーニョ選手を1軍登録しました。
【画像】7月5日試合終了時点のセ・リーグ順位表
セデーニョ選手は2023年にオリックスに加入し、初年度は57試合に出場して9本塁打を記録。2年目には98試合で15本塁打をマークしました。2025年は西武に移籍し、74試合で7本塁打を放っていました。今季はサンディエゴ・パドレス傘下でプレーしており、5月28日にヤクルトが獲得を発表しています。

6月23日に来日を発表され「再来日する事ができて大変嬉しいです。現在優勝争いをしているスワローズの一員として、少しでもリーグ優勝に貢献できればと思っています」と意気込みを語っています。",[],[]
【パ・リーグ球宴ファン投票】最多は日本ハムの6選手　万波中正が65万超獲得　最後まで競った遊撃手部門は日本ハム・水野達稀に軍配（日テレNEWS NNN）,https://news.yahoo.co.jp/articles/672e22ddcb6589c457bd69ae84374b69bc1ec23c,https://newsatcl-pctr.c.yimg.jp/t/amd-img/20260707-06136343-nnn-000-2-view.jpg?exp=10800,2026-07-07T16:13:01+09:00,2026-07-07T16:19:28+09:00,日テレNEWS NNN,nnn,日テレNEWS,1368,"プロ野球オールスター　パ・リーグファン投票の結果　©千葉ロッテマリーンズ
NPB(日本野球機構)は7日、7月28日と29日に行われるプロ野球オールスターゲームのファン投票の最終結果を発表しました。
【一覧】プロ野球オールスター　セ・リーグファン投票の最終結果　阪神＆ヤクルトが最多4人選出
最多は日本ハムで6選手。先発部門で伊藤大海投手、捕手部門の田宮裕涼選手、一塁手部門の清宮幸太郎選手、外野手部門の万波中正選手、DH部門のレイエス選手。そして、最終盤までロッテの友杉篤輝選手と競っていた水野達稀選手が遊撃手部門で一位を獲得しました。

パ・リーグ最多投票は万波選手で650,809票でした。そのほかの球団はロッテが鈴木昭汰投手、小川龍成選手、西川史礁選手の3選手、ソフトバンクは栗原陵矢選手、周東佑京選手の2選手、オリックスがマチャド投手が選ばれました。西武と楽天からの選出はありませんでした。

今後は、7月9日に選手間投票、7月13日に監督選抜、7月22日にプラスワン投票が発表されます。

▽パ・リーグ ファン投票結果
※投票横の数字はファン投票選抜回数、()内の数字は選抜回数
【先発投手】
1位 伊藤大海(日本ハム)328,085票 1（2）
2位 平良海馬(西武)221,764票
3位 大津亮介(ソフトバンク)170,369票

【中継投手】
1位 鈴木昭汰(ロッテ)374,150票 1（2）
2位 甲斐野央(西武)324,994票
3位 田中正義(日本ハム)315,695票

【抑え投手】
1位 マチャド(オリックス)423,035票 1（2）
2位 横山陸人(ロッテ)393,037票
3位 柳川大晟(日本ハム)314,776票

【捕手】
1位 田宮裕涼(日本ハム)515,263票 2（2）
2位 若月健矢(オリックス)347,580票
3位 海野隆司(ソフトバンク)201,461票

【一塁手】
1位 清宮幸太郎(日本ハム)612,333票 2（3）※ファン投票2回選抜のうち、1回三塁手で選抜
2位 ネビン(西武)441,109票
3位 ソト(ロッテ)336,628票

【二塁手】
1位 小川龍成(ロッテ)468,100票 1（1）
2位 太田椋(オリックス)440,302票
3位 牧原大成(ソフトバンク)302,979票

【三塁手】
1位 栗原陵矢(ソフトバンク)611,335票 2（4）
2位 郡司裕也(日本ハム)366,807票
3位 宗佑磨(オリックス)257,509票

【遊撃手】
1位 水野達稀(日本ハム)457,530票 2（2）※2回選抜のうち、1回不出場
2位 友杉篤輝(ロッテ)365,965票
3位 紅林弘太郎(オリックス)275,947票

【外野手】
1位 万波中正(日本ハム)650,809票 3（4）
2位 西川史礁(ロッテ)586,326票 1（1）
3位 周東佑京(ソフトバンク)512,862票 1（3）
4位 近藤健介(ソフトバンク)456,596票
5位 西川龍馬(オリックス)358,998票

【DH】
1位 レイエス(日本ハム)612,882票 2（2）
2位 柳田悠岐(ソフトバンク)417,189票
3位 ポランコ(ロッテ)256,565票",[],[]
【日本ハム】宮崎一樹が今季初昇格　ファーム東地区2位の打率.295をマーク（日テレNEWS NNN）,https://news.yahoo.co.jp/articles/65aae8206eb6164bf328bd18eeb14aa9e3a5c633,https://newsatcl-pctr.c.yimg.jp/t/amd-img/20260707-09537958-nnn-000-1-view.jpg?exp=10800,2026-07-07T16:13:01+09:00,2026-07-07T16:13:01+09:00,日テレNEWS NNN,nnn,日テレNEWS,188,"日本ハム・宮崎一樹選手
NPB(日本野球機構)は7日の公示を発表。日本ハムは宮崎一樹選手を1軍登録しました。
【画像】7月5日試合終了時のパ・リーグ順位表
今季初昇格の宮崎選手はプロ3年目の24歳外野手。今季ファームでは61試合出場で、東地区2位の打率.295をマークし、4本塁打、22打点です。

直近では5日のDeNA2軍戦に「5番・ライト」で先発も、4打数無安打でした。",[],[]
自民と維新、社会保障制度改革の骨子とりまとめ　70歳以上の医療費窓口負担「原則3割」記載なし（日テレNEWS NNN）,https://news.yahoo.co.jp/articles/8a4f62cab1734739f9b2063766591fc8ec31e450,https://newsatcl-pctr.c.yimg.jp/t/amd-img/20260707-03986451-nnn-000-3-thumb.jpg?exp=10800,2026-07-07T16:11:01+09:00,2026-07-07T16:40:35+09:00,日テレNEWS NNN,nnn,日テレNEWS,434,"日テレNEWS NNN
自民党と日本維新の会は、7日、社会保障制度改革の骨子をとりまとめました。焦点となっていた70歳以上の医療費窓口負担の引き上げをめぐっては、維新が求めていた「原則3割負担」の記載は見送られました。
【画像】健康・医療分野でデータ基盤構築　医療費抑制に向け3社連携
現在の窓口負担は、一部を除き70歳から74歳までは原則2割、75歳以上は原則1割となっています。維新側は、現役世代の負担軽減のため、70歳以上の医療費の窓口負担を「原則3割」に引き上げることを主張していました。しかし、自民党が慎重姿勢を崩さず、骨子には窓口負担の見直しに向けた「改革工程表を年末までに策定する」と盛り込むにとどまりました。

また、骨子には「改革を着実に実行することにより、現役世代の保険料率の上昇を止め、引き下げを目指す」ことも明記されました。

骨子は政府が近くまとめる「骨太の方針」にも反映される見通しで、自民と維新は今年度中に具体的な制度設計を行う方針です。",[],[]
ラッシング劇場　口論で相手と一触即発ベンチも飛び出し一時騒然＆延長11回サヨナラタイムリーで喜び爆発　テンション乱高下のラッシングにチームメートもてんてこまい（日テレNEWS NNN）,https://news.yahoo.co.jp/articles/5bb7fc9fb6dc874f312f803cd51030867238e3d5,https://newsatcl-pctr.c.yimg.jp/t/amd-img/20260707-02493517-nnn-000-1-view.jpg?exp=10800,2026-07-07T15:55:00+09:00,2026-07-07T15:55:00+09:00,日テレNEWS NNN,nnn,日テレNEWS,515,"口論を仲間に止められるラッシング選手(左)サヨナラタイムリーを放ち仲間に祝福されるラッシング選手(右)(写真：AP/アフロ)
◇MLB ドジャース8×-7ロッキーズ(日本時間7日、ドジャー・スタジアム)

ラッシング劇場が繰り広げられました。
【画像】ピースをする大谷翔平選手
ドジャースがロッキーズにサヨナラ勝利で、今季メジャー最速で60勝に到達。延長11回でサヨナラ打点をあげたダルトン・ラッシング選手は感情を爆発させました。

10回表、ドジャースはファーストゴロの間にランナーの生還を許し勝ち越されてしまいます。その際、本塁でクロスプレーとなり、ランナーのコール・キャリッグ選手の左足をラッシング選手が踏む形となってしまいます。その後、キャリッグ選手が去り際に一言発すると、ラッシング選手がそれに反応。口論に発展します。ラッシング選手は怒りをあらわにし、チームメートになだめられる様子もありました。両軍ベンチも飛び出し一時騒然となりました。

そして11回裏、1アウト2、3塁でラッシング選手に打席が回るとセンター前へタイムリーヒット。サヨナラ勝利を収め、満面の笑みを浮かべます。今度はチームメートも笑顔で駆け寄りました。",[],[]
旭川・女子高校生殺害事件　内田梨瑚被告の懲役27年判決が確定（日テレNEWS NNN）,https://news.yahoo.co.jp/articles/a96feb12dbab0d49e5517c53d96d574f5fdbf961,https://newsatcl-pctr.c.yimg.jp/t/amd-img/20260707-02668832-nnn-000-2-thumb.jpg?exp=10800,2026-07-07T15:54:00+09:00,2026-07-07T16:06:29+09:00,日テレNEWS NNN,nnn,日テレNEWS,366,"日テレNEWS NNN
北海道旭川市で2024年、女子高校生が殺害された事件で、内田梨瑚被告に対する懲役27年の判決が確定しました。
【画像】受刑者の一部証言採用せず…判決に一定の評価　内田梨瑚被告「懲役27年」確定　女子高校生殺害
旭川地裁の判決によりますと、内田梨瑚被告は2024年4月、旭川市の神居大橋で、留萌市に住む女子高校生を全裸にしたほか、橋の欄干に座らせ川に落とし、殺害しました。内田被告には懲役27年の判決が言い渡されていましたが、控訴期限となる6日までに検察と弁護側の控訴の申し立てがなかったことから、内田被告の判決が確定しました。

弁護人によりますと、内田被告は、共犯の小西優花受刑者が「内田被告が押した」などとした実行行為の一部の証言を裁判所が採用しなかったことについて、一定の評価をしているということです。",[],[]
静岡県知事「静岡工区の着工」容認を正式表明　リニア中央新幹線めぐる対応で大きな節目（日テレNEWS NNN）,https://news.yahoo.co.jp/articles/124cc4c4d69060fc0fa358d157a6a47474ca2c6a,https://newsatcl-pctr.c.yimg.jp/t/amd-img/20260707-04351478-nnn-000-2-thumb.jpg?exp=10800,2026-07-07T15:50:01+09:00,2026-07-07T16:16:30+09:00,日テレNEWS NNN,nnn,日テレNEWS,396,"日テレNEWS NNN
リニア中央新幹線静岡工区の着工について、鈴木知事は着工を容認することを正式に表明し、リニアをめぐる静岡県の対応は大きな節目を迎えました。
【動画】リニア新幹線静岡工区の着工容認を表明　静岡県・鈴木知事がコメント
鈴木知事は7日午前、県議会6月定例会が閉会した後の全員協議会の中で、リニアの着工の容認を正式に表明しました。「全体として地域住民の理解は進んだ」と話し、着工に必要となる自然環境保全協定をJR東海と今月18日に締結するということです。

着工の判断に関して、鈴木知事はこれまで、JR東海からの県民への説明や、法令手続きの状況で判断すると話し、先週、JR東海の丹羽社長から住民説明会の報告を受けた後は「一定の理解が進んだ」と話していました。また、着工に必要となる法令手続きについてJR東海は、河川法などの申請書類を3日、県と静岡市に全て提出したということです。",[],[]
禁止命令の中…元同僚女性に再びストーカー行為繰り返したか　男（52）逮捕（日テレNEWS NNN）,https://news.yahoo.co.jp/articles/7da53885e763aa165427ee3af44a56ba11d13cff,https://newsatcl-pctr.c.yimg.jp/t/amd-img/20260707-09985511-nnn-000-2-thumb.jpg?exp=10800,2026-07-07T15:35:00+09:00,2026-07-07T15:47:29+09:00,日テレNEWS NNN,nnn,日テレNEWS,383,"日テレNEWS NNN
ストーカー行為をして逮捕され、禁止命令がでている元同僚の女性に再びストーカー行為を繰り返したとして、52歳の男が逮捕されました。
【画像】ストーカー加害者の受診率「2％」──警視庁“新対策”の中身　27年たっても「恨みつらみが」…実態は
警視庁によりますと、大坂光生容疑者は先月、元同僚の20代の女性に、「残り少ない人生をおりの中で冷たいごはん食べながら過ごしたよ」などとするメッセージを6回送ったとして、ストーカー規制法違反の疑いがもたれています。

大坂容疑者は今年5月にこの女性へのストーカー行為で逮捕され、条例に基づく禁止命令が出されていましたが、メッセージを送ったあとに行方が分からなくなり、指名手配されていました。

調べに対し大坂容疑者は容疑を認め、「君のせいで私が死ぬんだと分からせたかった」などと供述しているということです。",[],[]
【7日の天気】このあとは西日本で天気急変のおそれ　台風9号は週末に沖縄方面へ（日テレNEWS NNN）,https://news.yahoo.co.jp/articles/5faca2be8c230e2ec94df7dd15b6823e8c434ef0,https://newsatcl-pctr.c.yimg.jp/t/amd-img/20260707-05685566-nnn-000-4-view.jpg?exp=10800,2026-07-07T15:29:01+09:00,2026-07-07T16:00:33+09:00,日テレNEWS NNN,nnn,日テレNEWS,1454,"日テレNEWS NNN
7日(火)は雲が多いながら晴れ間の出た所が多くなりました。ただ、このあとは天気が急変する所がありそうです。また、台風9号はフィリピンの東を西に進んでいます。これまでの一日の天気を振り返ります。
【1か月予報】高温傾向　猛暑エリアは拡大
■雲多いが晴れ間あり　このあとは西日本で天気急変のおそれ
7日(火)は梅雨前線の活動が弱まり、広い範囲での雨はやんでいます。全国的に雲が多いながら、北日本や北陸、東海、九州を中心に晴れ間の出た所もありました。

ただ、九州や中国、四国は強い日差しや高気圧の縁を回る暖かく湿った空気の影響で、大気の状態が非常に不安定になっています。
◇
日テレNEWS NNN
このあとは山沿いを中心に、急な雷雨にご注意ください。
■関東南部はすっきりしない天気　夜も雨は降る？
7日(火)も関東は南部を中心に厚い雲に覆われています。午前中は東京都心も含め、所々で雨が降りました。午後になっても千葉県を中心に、ごく一部、雨雲がかかっている所があります。

ただ、このあと雨雲は次第に抜ける予想で、天気は回復傾向です。7日(火)の夜には雨がやんで、南部でも晴れ間の出る所もあるでしょう。
■七夕の夜、星空を見られるところは？
日テレNEWS NNN
7日夜は全国的に雲が多い天気ですが、九州や北陸～東北日本海側を中心に、天の川が見られる所がありそうです。関東から東北の太平洋側、沿岸部でも観察チャンスはあるでしょう。
■九州で猛烈な暑さ　福岡の太宰府で35.7℃
日テレNEWS NNN
7日(火)は日差しがたっぷり届いた九州で気温が上がりました。福岡県の太宰府では35.7℃と今年初めての猛暑日に。全国でみると、猛暑日が出現するのは先月21日以来、16日ぶりのことです。

その他、午後3時までの最高気温は、高い順に、鹿児島県の肝付町内之浦で35.1℃、宮崎県の西米良や鹿児島県の肝付町前田で34.8℃、福岡県の糸島市前原で34.4℃となっています。

【7日の最高気温】午後2時45分まで・（）内は季節感

札幌　　26.3℃（7月下旬）
仙台　　26.2℃（7月中旬）
新潟　　30.1℃（7月下旬）
東京　　24.4℃（5月下旬）
名古屋　28.4℃（6月下旬）
大阪　　28.4℃（6月下旬）
福岡　　33.7℃（真夏以上）★今年一番の暑さ
那覇　　32.1℃（8月上旬）

このところ過ごしやすい日が続いている東京も、今後はいよいよ暑くなりそうです。9日(木)には20日ぶりの30℃以上、真夏日となる見込みです。
■大型で非常に強い勢力の台風9号　今後の進路や影響は？
日テレNEWS NNN
大型で非常に強い勢力の台風9号は、フィリピンの東海上を西に進んでいます。正午時点で、中心気圧は935ヘクトパスカル、中心付近の最大瞬間風速は70メートルです。

今後、台風9号は次第に進路を北よりに変えて、10日（金）～11日（土）には非常に強い勢力で沖縄の先島諸島に近づく見込みです。

沖縄では9日(木)～12日(日)頃にかけて、大荒れ、大しけ、警報級の大雨となるおそれがあります。早めの備えをお願いします。

また、九州から関東の太平洋側も8日(水)以降は波が高くなり、西日本では11日(土)頃は台風の進路次第で大しけとなるおそれがあります。台風から離れていても、海のレジャーは注意が必要です。

今後の台風情報にご注意ください。

気象予報士　岡田沙也加",[],[]
【プロ野球】オリックス対西武の試合日程を9月11日に追加（日テレNEWS NNN）,https://news.yahoo.co.jp/articles/2c5d3ec40b75e865ecc88fb20bd6335eee543b5d,https://newsatcl-pctr.c.yimg.jp/t/amd-img/20260707-09823451-nnn-000-1-view.jpg?exp=10800,2026-07-07T15:28:00+09:00,2026-07-07T15:28:00+09:00,日テレNEWS NNN,nnn,日テレNEWS,148,"左からオリックス岸田護監督、西武西口文也監督
NPB(日本野球機構)は7日、試合日程の追加を発表。

9月11日午後6時より、京セラドームにてオリックスと西武の試合を行うことを決定しました。
【画像】7月5日試合終了時のパ・リーグ順位表
なお、この一戦は4日に天候不良により中止となっていました。",[],[]
“エムバペ”ポーズで得意気の子らの後ろで父親の笑顔をみせる長友佑都　家族おそろいユニ姿のW杯記念写真を公開　偉業への挑戦と子の成長を願い「…2026.7.7 パパより」と親心つづる（日テレNEWS NNN）,https://news.yahoo.co.jp/articles/a3f041a9b21586dcc7f72aecfb6f27bbd65527d6,https://newsatcl-pctr.c.yimg.jp/t/amd-img/20260707-07592989-nnn-000-1-view.jpg?exp=10800,2026-07-07T15:26:01+09:00,2026-07-07T15:26:01+09:00,日テレNEWS NNN,nnn,日テレNEWS,649,"長友佑都選手　(写真：ゲッティ)
サッカー日本代表の長友佑都選手が7日、自身のインスタグラムを更新。FIFAワールドカップ2026を終え、家族全員が日本代表のホームユニホームを着て写る集合写真を掲載すると共に、父から子どもたちへ成長を願うメッセージも投稿しました。
【画像】スウェーデン戦ピッチに入る前に長友佑都選手に声かけする森保一監督
長友選手は今大会、グループステージ第3節のスウェーデン戦で途中出場。日本選手として史上初となるW杯5大会連続出場を達成しました。日本代表はオランダやスウェーデンといった強豪と渡り合い、グループステージを2位突破。6月30日にノックアウトステージ1回戦でブラジルと対戦しましたが、一歩及ばず敗退していました。

大会を終え、選手らも帰国。そして長友選手はこの日、今大会の挑戦を振り返る形で、子どもたちへのメッセージとして「いつか大きくなってパパの投稿を見た時にワールドカップの記憶を思い出してくれると嬉しいな。人に何言われても、笑われたとしても自分を信じて大きな夢に向かって突き進んでください。いつか道は開く。2026.7.7 パパより」と思いをつづるとともに、試合会場で撮影した家族写真も公開しました。

グラウンドを背に、妻と4人の男の子と写った家族写真で、全員が日本代表の青いホームユニホームを着用しています。長友選手は末っ子を抱え、妻と肩を組み、子どもたちは、それぞれ得意気にポーズを決めています。家族6人、仲睦まじい様子があふれた写真となっています。",[],[]
数年後は大谷翔平も長女と参加？ドジャースがパパと娘のダンスパーティー開催　一日だけの女の子仕様のロッカールームに（日テレNEWS NNN）,https://news.yahoo.co.jp/articles/e48737e6a893fd423102a6a8db67b036a557a0e3,https://newsatcl-pctr.c.yimg.jp/t/amd-img/20260707-02918824-nnn-000-1-view.jpg?exp=10800,2026-07-07T15:15:00+09:00,2026-07-07T15:15:00+09:00,日テレNEWS NNN,nnn,日テレNEWS,564,"娘と写るドジャースの選手たち 左からマックス・マンシー選手、キケ・ヘルナンデス選手、ウィル･スミス選手(写真：USA TODAY Sports/ロイター/アフロ)(写真：AP/アフロ)
ドジャースのパパと娘のダンスパーティーが行われました。

日本時間7日、ドジャースのロッカールームが女の子仕様に変わります。これはドジャースのイベントの一つだそうで、女の子たちはスタジアムに設置された美容院で髪の毛をかわいくセットし、ドレスやワンピースに身を包みました。そしてかわいい女の子たちがドジャースの選手兼パパたちと参加します。
【画像】見事なシックスパックを披露するフリーマン選手の長男・チャーリーくん
ロッカールームにはDJブースも設置され、床には紫色のダンスフロアー、天井には星が輝いています。

娘たちはお友達とおどったり、パパと踊ったり楽しそうに笑顔を見せています。キケ・ヘルナンデス選手の娘のペネロペちゃんはオレンジ色のドレスでニッコリ笑顔。マックス・マンシー選手の娘たちはおそろいの紫のドレスにお花の柄がちりばめられています。おもいっきりパパに高い高いされ大喜びの表情を見せていました。

ドジャースの伝統行事、パパと娘のダンスパーティー。大谷翔平選手も昨年長女が誕生したこともあり、いずれ参加する日が来るのでしょうか。",[],[]
皇居で10月「秋の雅楽演奏会」開催　3日間で1800人の入場者を一般公募　宮内庁（日テレNEWS NNN）,https://news.yahoo.co.jp/articles/759c2a191d07400a12429c9ef36f7c4ca00eb18c,https://newsatcl-pctr.c.yimg.jp/t/amd-img/20260707-05882452-nnn-000-5-view.jpg?exp=10800,2026-07-07T15:08:00+09:00,2026-07-07T15:44:29+09:00,日テレNEWS NNN,nnn,日テレNEWS,801,"日テレNEWS NNN
宮内庁は、今年10月に皇居で開催される秋季雅楽演奏会の一般入場者の募集要項を発表しました。
【画像】天皇陛下の訪問で強まった連携～「言語紛争」で分裂したベルギーの大学　皇室コラム
雅楽演奏会は例年春と秋の2回開催され、秋は入場者の一般公募が行われます。今年の秋の雅楽演奏会は10月23日から25日までの3日間、午前と午後に1回ずつあわせて6回開催され、それぞれ300人分公募されます。

管絃と舞楽あわせておよそ90分間で管絃では、曲中に次第に楽器を減らす「残楽」の奏法で、絃楽器の音色を楽しむ「越殿楽残楽三返（えてんらくのこりがくさんべん）」舞楽では、酒に酔った姿を模した一人舞「胡飲酒（こんじゅ）」などが演奏されます。

応募はインターネットとはがきで受け付けていて、代表者1人につき4人までのグループで応募することができます。ただし、インターネットやはがきでの重複や代表者と同伴者の入れ替えを含め、複数回の申し込みは無効となります。

宮内庁は、はがきでの申し込みでは必要事項の記入漏れによる無効が多く発生しているため、インターネットでの申し込みを推奨しています。

はがきでの申し込みでは、希望者は「通常はがき」に住所・氏名・年齢（グループの場合全員分）、電話番号（代表者）とともに、希望日と午前・午後の別を書いて、宮内庁式部職楽部宛てに郵送します。締め切りは7月31日で、当日の消印有効です。

また、演奏会当日は、当選者に送られる「入場案内」のほかに本人確認ができるマイナンバーカードや運転免許証などを持参する必要があります。

詳しい応募方法については、宮内庁のホームページやテレホンサービス（03-3284-6780）でも24時間案内しています。

去年の秋の雅楽演奏会は、天皇陛下と愛子さまが鑑賞し、今年の春の雅楽演奏会は、愛子さまがおひとりで鑑賞されました。",[],[]
「すごいスーパースターがチームのために頑張る」森保一監督が感銘受けたベンチの動き　激闘のブラジル戦ハーフタイムでかけた言葉は？（日テレNEWS NNN）,https://news.yahoo.co.jp/articles/7e9b6aeb62de711858a70e40197fb59234ea7bac,https://newsatcl-pctr.c.yimg.jp/t/amd-img/20260707-02499732-nnn-000-1-view.jpg?exp=10800,2026-07-07T15:00:00+09:00,2026-07-07T15:00:00+09:00,日テレNEWS NNN,nnn,日テレNEWS,1070,"敗戦後選手らに声かけする森保一監督(写真：ゲッティ)
サッカー日本代表の森保一監督が「ブラジル戦は見返しました。いろいろと気にかかったことはメモしました」とブラジル戦での思いを語りました。
【画像】会場の声援に手を振る森保一監督
前半29分、MF佐野海舟選手がハーフウェーライン付近で相手のボールを奪い、そのままドリブルで持ち上がり自ら右足で決め1点を先制。前半を1点リードで折り返しましたが、後半11分にMFカゼミーロ選手に頭で決められ同点とされると、後半終了間際には自陣でボールを失い、最後はFWマルティネッリ選手に決勝点を決められました。

森保監督は1点リードで折り返したハーフタイムで選手らにかけた言葉について「1番大きいのは後半勝ってる状況で守りに入らない。入りすぎない。もちろん相手は押してくるので守らないといけないんですけど、守るだけの守りにならずに攻撃することを忘れずにと選手達には伝えました」と話しました。

「これまでも過去最高で来てましたが、今回のチームがまちがいなく過去最高の団結力、力を持ってるチーム」と自信を持って言葉にする森保監督。

その理由に「サブの選手がめちゃくちゃ試合に出る選手に声かけてくれるんです『俺たちいるからお前たち力出し切ってこい、頑張ってこい』って。普通は悔しくて声かけられないんですよ。でもそれを試合に出られない選手がチームのためにって盛り上げてくれるのはすごかった」と試合に出る選手だけでなく、チーム全体で勝ちに行く気持ちに感銘を受けていました。

チームをまとめていく中で森保監督が意識しているのは「まずは個性を大事にしていく。自分がギラギラしてつかみ取るってことをやって欲しい」としながら「自分の力を出すことを融合させる。和をもって力をなすっていうのを根幹に」と個々の力を上げる意識をさせた後にチームとして仕上げていくといいます。

「地味なことしか言ってないですけど“凡事徹底”とか。自分の力出しながらチームのためにとか、チーム一丸となってタフに粘り強く最後まで戦い抜くとか、同じ事ずっと言ってきたんですけど、選手たちがそれを徹底してくれて、力のある選手が基本的なことをやれば自然と結果出てくる確率が高くなる。声かけしてたのがわかってくれたのかな。すごいスーパースターがチームのために頑張る。子供たちにも個の力をつけながらも仲間のためにチームのために頑張るって両輪持っていこうと(選手らが)いい発信をしてくれた」と話しました。

(7月6日放送 日本テレビ「ZIP!」を再構成)",[],[]
「早めに出て、余裕を持って運転」オリジナルステッカー配布し交通事故防止呼びかけ　埼玉県警・吉川警察署（日テレNEWS NNN）,https://news.yahoo.co.jp/articles/bc7a77c6b505a9acad8de2fa4b4b56104ab8e575,https://newsatcl-pctr.c.yimg.jp/t/amd-img/20260707-05324126-nnn-000-2-view.jpg?exp=10800,2026-07-07T14:58:00+09:00,2026-07-07T15:24:29+09:00,日テレNEWS NNN,nnn,日テレNEWS,356,"日テレNEWS NNN
埼玉県の警察署がオリジナルで作成したステッカーを配布し、交通事故の防止を呼びかけました。
【画像】夜間の交通事故減少めざし…反射材の重要性を呼びかけ　警視庁
「タツノオトシゴ」をモチーフにしたオリジナルのステッカーを作成したのは、埼玉県警・吉川警察署です。
日テレNEWS NNN
管轄する三郷市、吉川市、松伏町の地形を上空から見るとタツノオトシゴのようであることから、今回のデザインになったということです。

管内では交通事故が増加傾向にあるということで、オリジナルステッカーを配布し、「早めに出て、余裕を持って運転し、無事に到着しましょう」と呼びかけています。

吉川署は「タツノオトシゴの泳ぎのように、ゆったりとした、ゆとりを持った運転で無事に目的地に到着してほしい」としています。",[],[]
“AIの最大限利活用を”基本方針取りまとめ　政府デジタル行財政改革会議（日テレNEWS NNN）,https://news.yahoo.co.jp/articles/b2976e74b1d84d67debcddbbf324ed1f8ba0e726,https://newsatcl-pctr.c.yimg.jp/t/amd-img/20260707-01275569-nnn-000-3-thumb.jpg?exp=10800,2026-07-07T14:55:01+09:00,2026-07-07T15:57:30+09:00,日テレNEWS NNN,nnn,日テレNEWS,484,"日テレNEWS NNN
政府はデジタル行財政改革会議で、急速な人口減少の中で、AIを最大限利活用していく基本方針を取りまとめました。
【画像】アンソロピック、高性能AIの提供再開へ　米商務省からの輸出規制解除で
木原官房長官
「AIデジタルの最大限の活用によって、国民や事業者の皆様の時間を生み出し、社会の取り組みを変革し、生活者目線で担い手の皆様を支援することが重要であると考えています」

政府が取りまとめた基本方針には、人口減少が進む中で行政サービスを維持するため、職員がAIを活用し、業務の効率化を目指すことや、特定の条件下でシステムが自動運転する「レベル4」を早期に事業化するため、全国13か所の「先行的事業化地域」に集中支援することが盛り込まれました。

また、2028年度までに電子カルテが導入されていない200床以上の救急や手術などを担う病院で、「普及率100％を目指す」ことも含まれています。

政府は、デジタル活用による行財政改革とAI時代に対応する規制制度改革を一元的に進めるため、会議を「AI・デジタル改革推進会議」に組織改編するとしています。",[],[]
ラッパー「D.O」逮捕　乾燥大麻とコカイン所持容疑　警視庁（日テレNEWS NNN）,https://news.yahoo.co.jp/articles/e436ed0c5f72222c91eebfc76c51fec4fe5a981b,https://newsatcl-pctr.c.yimg.jp/t/amd-img/20260707-04236578-nnn-000-3-view.jpg?exp=10800,2026-07-07T14:45:00+09:00,2026-07-07T14:56:28+09:00,日テレNEWS NNN,nnn,日テレNEWS,390,"日テレNEWS NNN
東京・新宿区の路上で乾燥大麻とコカインを所持したとして、ラッパー「D.O」として活動する男（48）が逮捕されました。
【画像】2025年の刑法犯認知件数　詐欺急増でコロナ前の2019年上回る　ここ10年の日本の治安「悪くなったと思う」
麻薬取締法違反の疑いで逮捕されたのは、ラッパー「D.O」として活動する君塚慈容容疑者です。

捜査関係者によりますと、君塚容疑者は2026年4月、新宿区大久保の路上で乾燥大麻とコカインをそれぞれ微量、所持していた疑いが持たれています。

パトロール中の警察官が、君塚容疑者が自身の車の中に1人でいたのを不審に思い職務質問したところ、車内から乾燥大麻とコカインが発見されたということです。

君塚容疑者は調べに対し、「自分のものではない」と容疑を否認しているということです。

警視庁は、詳しい入手経路などを調べています。",[],[]
衆参野党国対委員長会談「定数削減法案」など撤回求める方針確認（日テレNEWS NNN）,https://news.yahoo.co.jp/articles/11826c31239fdfdb9690a61d2d7041f5b5fd4845,https://newsatcl-pctr.c.yimg.jp/t/amd-img/20260707-03878369-nnn-000-2-thumb.jpg?exp=10800,2026-07-07T14:42:00+09:00,2026-07-07T14:55:32+09:00,日テレNEWS NNN,nnn,日テレNEWS,467,"日テレNEWS NNN
衆議院と参議院の野党の国対委員長が会談し、衆議院の議員定数削減法案の撤回などを求める方針を確認しました。
【画像】「定数削減」「副首都構想」めぐり　高市首相と維新・吉村代表が党首会談へ
中道改革連合・重徳国対委員長
「我々衆参の野党が一致結束して、一体となって国会最終盤における諸課題に向き合い、与党と対峙（たいじ）していくことを確認させていただきました」

会談では、皇室典範改正案の審議に向けて、「静かな環境」を整えるため、「与党側の努力が求められる」という認識を確認しました。その上で、定数削減法案と副首都法案の撤回を改めて求めることで一致しました。また、中道の重徳国対委員長は、国会の会期延長について、「安易で大幅な延長は認められないことでも一致した」と述べました。

定数削減と副首都法案のうち、野党側は定数削減法案により反発しています。ある野党幹部は「野党が一致して絶対に譲れないのは定数削減だ」、別の野党幹部も「副首都法案だけならのめる」と話すなど、野党内でも落としどころを探る動きが出ています。",[],[]
ドジャース劇的勝利で“最速60勝”　大谷翔平が19号2ラン含む4打点　スコットが9回痛恨3失点も延長11回にラッシングがサヨナラ打（日テレNEWS NNN）,https://news.yahoo.co.jp/articles/04966b3007ab849b934f059fbab52e011a2d1d25,https://newsatcl-pctr.c.yimg.jp/t/amd-img/20260707-03389429-nnn-000-3-view.jpg?exp=10800,2026-07-07T14:35:01+09:00,2026-07-07T14:53:30+09:00,日テレNEWS NNN,nnn,日テレNEWS,1296,"大谷翔平選手(写真：Imagn/ロイター/アフロ)
◇MLB　ドジャース8×－7ロッキーズ(日本時間7日、ドジャー・スタジアム)

ドジャースがロッキーズにサヨナラ勝利で、今季メジャー最速で60勝に到達。1番指名打者で出場した大谷翔平選手は、19号2ランを含む4打点で勝利に貢献しました。
【画像】松井裕樹投手の投じた球をよける大谷翔平選手　ニヤリと笑いアイコンタクトも
先発のエリク・ラウアー投手が2回にノーアウト満塁のピンチを背負いますが、犠牲フライの1点で切り抜けます。すると、1点を追う3回、ノーアウト2塁で迎えた大谷選手の第2打席では、左腕カイル・フリーランド投手が投じた初球のカットボールをとらえ、レフトスタンドへの一発。確信の逆転2ランとなりました。

続く4回にはカイル・タッカー選手、テオスカー・ヘルナンデス選手、マックス・マンシー選手の3連打で追加点。ミゲル・ロハス選手も犠牲フライでさらに得点をあげます。なおも1アウト2、3塁の好機で迎えた大谷選手は、インコースのボール気味のチェンジアップをセンター前にはじき返し、2点タイムリーヒットで6－1とリードを広げました。

援護を受けたエリク・ラウアー投手は、5回にソロホームランを浴び、続くイニングも2本の安打で失点を許しましたが、6回3失点とゲームメーク。その後はブロック・スチュワート投手、アレックス・ベシア投手とつなぎます。

ところが3点リードの9回はタナー・スコット投手が誤算。四球と2本の安打で9試合ぶりの失点を記録します。なおも2点差で2アウト満塁のピンチで、コール・キャリッグ選手に右中間を破る長打を許し、2人がホームイン。さらに1塁走者も本塁を狙いますが、リプレー検証の末にアウトとなり、同点止まりとなりました。

迎えた直後の攻撃では、先頭打者のマンシー選手が安打を放つと、犠打で得点圏へ。その後、2アウト2塁で大谷選手が申告敬遠となると、2番のアンディ・パヘス選手が三振に倒れ、延長戦に突入します。

するとランナー2塁から始まる延長10回は、5番手のエドガルド・エンリケス投手が1アウト3塁から内野ゴロの間に走者がかえり勝ち越し点。この際、走者のキャリッグ選手と捕手のダルトン・ラッシング選手が言い争うなど、両軍が不穏な空気となります。

1点を追う展開となったドジャースは、1アウト3塁の好機で4番のムーキー・ベッツ選手がブレナン・ベルナルディノ投手からセカンド強襲の当たりで、3塁走者がホームイン。土壇場で追いつきます。

延長11回は回またぎとなったエンリケス投手がノーアウト1、2塁を抑える好リリーフ。チームに流れを呼び込むと、直後の攻撃では1アウト2、3塁からダルトン・ラッシング選手がセンター前へタイムリーを放ち、熱戦にケリをつけました。

劇的勝利のドジャースは、60勝32敗で今季メジャー最速で60勝に到達。ナ・リーグ西地区首位を爆走しています。大谷選手は4打数3安打4打点1四球の活躍。6試合ぶりの今季19号は、メジャー通算299本目のアーチで、節目の300号に王手をかけました。",[],[]
【ドジャース】感情むき出しのラッシング…延長10回にクロスプレーで口論　エンリケスが遠ざけ→マンシーがなだめ徹底ガード　両軍集まり一時騒然（日テレNEWS NNN）,https://news.yahoo.co.jp/articles/9b406bfd4d0622574b9393f21fff37a1f8ceeeb1,https://newsatcl-pctr.c.yimg.jp/t/amd-img/20260707-02996598-nnn-000-2-view.jpg?exp=10800,2026-07-07T14:34:00+09:00,2026-07-07T15:26:35+09:00,日テレNEWS NNN,nnn,日テレNEWS,540,"ラッシング選手　(写真：Imagn/ロイター/アフロ)
◇MLB ドジャース-ロッキーズ(日本時間7日、ドジャー・スタジアム)

今季初の延長戦となったドジャース。緊迫した攻防が続く10回表には、クロスプレーを巡ってダルトン・ラッシング選手が相手選手と口論となり、両軍の選手が飛び出して一触即発の事態となりました。
【画像】ラッシング選手とバッテリーを組んで勝利に貢献する投球を披露した大谷翔平選手
ドジャースは3点リードし終盤9回をむかえますが、タナー・スコット投手がつかまり6-6の同点となります。ドジャースにとっては今季初の延長戦に突入。すると6-6でむかえた10回表にファーストゴロの間にランナーの生還を許し勝ち越されてしまいます。

その際、本塁でクロスプレーとなり、ランナーのコール・キャリッグ選手の左足をラッシング選手が踏む形となってしまいます。その後、キャリッグ選手が去り際に一言発すると、ラッシング選手がそれに反応。その後互いに口論に発展してしまいます。即座にマウンドにいたエドガルド・エンリケス投手が間に割って入り両者を遠ざけると、その後はマックス・マンシー選手が間に入ってなだめます。

ただ両軍の選手もグラウンドに集まり、試合が止まり一時騒然となりました。",[],[]
イラン軍、ホルムズ海峡通過の商船にミサイル発射～米メディア報道（日テレNEWS NNN）,https://news.yahoo.co.jp/articles/8cefe71328e4cf097ad95f164af32392c8faabc7,https://newsatcl-pctr.c.yimg.jp/t/amd-img/20260707-09233836-nnn-000-3-thumb.jpg?exp=10800,2026-07-07T14:31:01+09:00,2026-07-07T14:44:31+09:00,日テレNEWS NNN,nnn,日テレNEWS,433,"日テレNEWS NNN
アメリカメディアは6日、当局者の話として、イラン軍がホルムズ海峡を通過する商船にミサイルを発射したと伝えました。
【画像】イランがイスラエルにミサイル発射　停戦合意後初　イスラエル軍は迎撃
アメリカのニュースサイト・アクシオスはイラン軍が6日夜、ホルムズ海峡を通過する商船に少なくとも2発のミサイルを発射したと伝えました。攻撃を受けた船は重大な損傷を負ったものの、死傷者は出ていないとした上で、アメリカがイランに報復攻撃を行う可能性が高いと伝えています。

また、イギリスの海事機関UKMTOは、7日未明にオマーン沖でタンカーに正体不明の飛しょう体が命中し、火災発生の報告を受けたと発表しました。

アメリカとイランは、戦闘終結をめざし先月から60日間の協議期間に入っていますが、ホルムズ海峡では、その後も攻撃の応酬が起きています。

イランでは9日まで前の最高指導者、アリ・ハメネイ師の葬儀が行われ、次回の協議はその後に開かれる見通しです。",[],[]
【MLB】サイ・ヤング有力のフィリーズ左腕サンチェスが大乱調　4回持たず9失点　リリーフ陣も毎回失点、ロイヤルズに22安打15失点許し大敗（日テレNEWS NNN）,https://news.yahoo.co.jp/articles/1ed396ad5c2e6286741bd5c10cce66acc6e81ce2,https://newsatcl-pctr.c.yimg.jp/t/amd-img/20260707-05219485-nnn-000-2-view.jpg?exp=10800,2026-07-07T14:13:00+09:00,2026-07-07T14:30:30+09:00,日テレNEWS NNN,nnn,日テレNEWS,683,"フィリーズのサンチェス投手　(写真：AP/アフロ)
◇MLB ロイヤルズ15-1フィリーズ(日本時間7日、カウフマン・スタジアム)

フィリーズはサイ・ヤング賞候補の好投手、クリストファー・サンチェス投手が先発。しかし初回に3ランを浴びるなど6失点すると、その後も4回途中まで失点を重ね9失点で降板。後続のリリーフ陣も悪い流れを変えられることができずに毎回失点を喫し、終わってみれば大量15失点で大敗しました。
【画像】日本時間6日の試合で、退場を宣告する球審と困惑するパドレスのスタメン監督
サンチェス投手は今季19度目の先発。試合前の時点では今季10勝を挙げ、防御率はナ・リーグ2位の『2.00』と素晴らしい成績を残し、MLBを代表する投手として活躍しています。ただこの日はいつもの投球ができず、初回に先頭打者に四球を与えると、1死後にヒットを許し、1、2塁といきなりピンチを背負います。

続く打者はセカンドゴロに打ち取りますが、ゲッツーを取りに行ったところセカンドで1つアウトにしたあと、ショートのトレー・ターナー選手の悪送球で先制点を献上。2死2塁となります。するとそこからサンチェス投手が崩れ、まさかの連続タイムリーを浴び、最後はルーク・メイリー選手の3ランでこの回一気に6失点してしまいます。

その後も、4回途中まで1点ずつ失ったサンチェス投手は9失点で降板。ただリリーフ陣も悪い流れをひきずり、5回以降も毎回失点を重ね、終わってみれば22安打15失点で大敗しました。

サンチェス投手は防御率2.62となり、ランキングでは大きく順位を下げています。",[],[]
同居女性の唇を糸で縫いあわせたか…49歳女逮捕　茨城・古河市（日テレNEWS NNN）,https://news.yahoo.co.jp/articles/f9455ff46e97fa7dc4f95bccecd40dd2c64a10f8,https://newsatcl-pctr.c.yimg.jp/t/amd-img/20260707-02494766-nnn-000-4-thumb.jpg?exp=10800,2026-07-07T14:09:00+09:00,2026-07-07T15:15:35+09:00,日テレNEWS NNN,nnn,日テレNEWS,405,"日テレNEWS NNN
先月、茨城県古河市で女性の上下の唇を糸で縫いあわせたとして、女性と同居する49歳の女が逮捕されました。
【画像】2025年の刑法犯認知件数　詐欺急増でコロナ前の2019年上回る　ここ10年の日本の治安「悪くなったと思う」
警察によりますと、自称・アルバイト従業員の櫻井政恵容疑者は先月29日の午後1時30分ごろ、同居する40代女性の上唇と下唇を糸で縫いあわせた傷害の疑いがもたれています。

被害者の女性は事件の翌日、櫻井容疑者が外出した隙に逃げ出し、近くの店に「助けて」と書かれた紙を見せ、助けを求めたということです。女性は、その後、病院で手当てを受けたということですが、ケガの程度はわかっていません。

2人は去年の4月から同居していたということですが、被害者の女性は「容疑者が怖くて逃げられなかった」と話しているということです。

警察は、櫻井容疑者の認否を明らかにしていません。",[],[]
ドジャース痛恨...勝利まであと一人から追いつかれる　9回スコットが3点リードを守れず　試合は延長戦に突入（日テレNEWS NNN）,https://news.yahoo.co.jp/articles/c61e3f9a4e03c3c464e1d7966d9ecbc128a99eb8,https://newsatcl-pctr.c.yimg.jp/t/amd-img/20260707-01492118-nnn-000-3-view.jpg?exp=10800,2026-07-07T14:06:00+09:00,2026-07-07T14:09:35+09:00,日テレNEWS NNN,nnn,日テレNEWS,387,"ドジャースのスコット投手(写真：Imagn/ロイター/アフロ)
◇MLB ドジャース-ロッキーズ(日本時間7日、ドジャー・スタジアム)

ドジャースは3点差を守れず、9回土壇場に追いつかれました。
【画像】今季19号を放ったドジャースの大谷翔平選手
3点リードの9回はタナー・スコット投手が登板。今季39試合目の左腕は、四球と2本の安打で9試合ぶりの失点を記録します。なおも2点差で3番のハンター・グッドマン選手を申告敬遠で1アウト満塁とすると、続くT.J.ラムフィールド選手を空振り三振。勝利まであと1人としますが、コール・キャリッグ選手に右中間を破る長打を許し、2人がホームイン。さらに1塁走者も本塁を狙いますが、リプレー検証の末にアウトとなり、同点止まりとなりました。

直後の攻撃ではサヨナラの好機をつくるも得点ならず。ロッキーズとの一戦は、延長戦に突入しています。",[],[]
【速報】去年11月に横浜・山下公園で上半身のみの遺体発見　身元は中国籍の女性（45）と判明　死体遺棄事件として捜査　神奈川県警（日テレNEWS NNN）,https://news.yahoo.co.jp/articles/088edeec6127a102e3f0ccfdaa811044a1870c74,https://newsatcl-pctr.c.yimg.jp/t/amd-img/20260707-05377194-nnn-000-6-thumb.jpg?exp=10800,2026-07-07T14:00:00+09:00,2026-07-07T18:08:30+09:00,日テレNEWS NNN,nnn,日テレNEWS,397,"日テレNEWS NNN
去年11月、神奈川県横浜市の山下公園で上半身だけの遺体が見つかった事件で、遺体の身元は、東京都に住む45歳の中国人女性だったことがわかりました。
【画像】山下公園岸壁の上半身遺体　頭部ない状態で女性か…死体遺棄事件で捜査　横浜市
この事件は去年11月、横浜市の山下公園の岸壁近くの海中で、上半身だけの遺体が浮かんでいるのが見つかったものです。

遺体は頭部と下半身がない状態でしたが、性別が女性とみられることや血液型がO型だったことがわかっていて、警察が身元の特定を進めていました。

警察はその後の関係者への捜査などから、遺体の身元について、東京都大田区に住む中国籍のアルバイト、于小芳（ウ・ショウホウ）さん、当時45歳と断定したことが新たにわかりました。

警察は于さんが事件に巻き込まれたとみて死体遺棄事件として捜査し、于さんが死亡した経緯についても調べています。",[],[]
【速報】茨城・介護施設2人殺害　元職員の女に懲役20年の実刑判決（日テレNEWS NNN）,https://news.yahoo.co.jp/articles/dbb009bc74b85b4e96ff8ddd9c79bb0ee3073f28,https://newsatcl-pctr.c.yimg.jp/t/amd-img/20260707-07933312-nnn-000-4-view.jpg?exp=10800,2026-07-07T13:48:00+09:00,2026-07-07T14:28:28+09:00,日テレNEWS NNN,nnn,日テレNEWS,547,"日テレNEWS NNN
6年前、茨城県古河市の介護老人保健施設で入所者2人を殺害したなどの罪に問われていた元職員の女の裁判で、水戸地裁は7日、懲役20年の実刑判決を言い渡しました。
【画像】2025年の刑法犯認知件数　詐欺急増でコロナ前の2019年上回る　ここ10年の日本の治安「悪くなったと思う」
介護老人保健施設の元職員・赤間恵美被告は2020年、入所していた鈴木喜作さんと吉田節次さんに注射器のシリンジを使って点滴のチューブに空気を注入し、殺害したなどの罪に問われていました。

7日の判決で、水戸地裁は赤間被告に対し、懲役20年の実刑判決を言い渡しました。

これまでの裁判では、主に

・2人の死が他殺なのか-「事件性」
・殺害したのが赤間被告なのか-「犯人性」

のふたつが争点となっていて、判決では、鈴木さんを殺害した罪については無罪となり、吉田さんについては赤間被告が殺害したと認定されました。

弁護側は殺人の罪について、動機は全く証明されていないとして、全面的に無罪を主張してきた一方、検察側は、ほかの理由で2人が死亡した合理的な疑いはなく、赤間被告が犯人であることなどは十分に証明されていると強調し、「理不尽で、ある意味無差別的な犯行」だとして無期懲役を求刑していました。",[],[]
【巨人】佐々木俊輔＆知念大成＆ティマが1軍合流　チームは前日に4人抹消（日テレNEWS NNN）,https://news.yahoo.co.jp/articles/a05e0f1771ff19e674a9ba39c46335fe9b760dc2,https://newsatcl-pctr.c.yimg.jp/t/amd-img/20260707-09573213-nnn-000-1-view.jpg?exp=10800,2026-07-07T13:44:00+09:00,2026-07-07T13:44:00+09:00,日テレNEWS NNN,nnn,日テレNEWS,360,"巨人の佐々木俊輔選手、知念大成選手、ティマ選手が合流
◇プロ野球セ・リーグ　巨人ー阪神（7月7日、東京ドーム）

巨人の佐々木俊輔選手、知念大成選手、そしてティマ選手が東京ドームに合流しています。
【動画】東京ドームでの知念大成選手の様子
巨人は前日の6日に甲斐拓也選手、浅野翔吾選手、中山礼都選手、そして小濱佑斗選手の登録を抹消しています。チームはここ最近の得点力不足に悩んでいて、橋上秀樹監督代行がテコ入れを示唆していました。

知念選手は6日に支配下契約となったばかり。その前日5日の試合でいい成績が残せていなかっただけに、怒られるのか、と思ったと話しましたが、支配下の話に気持ちは急上昇。東京ドームに着いてからは、少し慣れない様子を見せていますが、110番目に指名された男が成り上がれるか、正念場となりそうです。",[],[]
ホワイトソックスの選手ら『七夕』経験で興味深げ　それぞれ英字で短冊に“家族の健康”や“ワールドシリーズ進出” 　村上宗隆は日本語で切実な願い！？（日テレNEWS NNN）,https://news.yahoo.co.jp/articles/347235793dd087fea347d38e40f3e146ae3de85e,https://newsatcl-pctr.c.yimg.jp/t/amd-img/20260707-08563867-nnn-000-2-view.jpg?exp=10800,2026-07-07T13:34:00+09:00,2026-07-07T13:39:30+09:00,日テレNEWS NNN,nnn,日テレNEWS,526,"ホワイトソックスの村上宗隆選手　(写真：AP/アフロ)
ホワイトソックスは日本時間7日、球団公式インスタグラムを更新。日本時間に合わせて「七夕」の行事を選手らに紹介する動画を公開しました。選手たちはそれぞれ短冊に願いごとを書き記し、興味深げに用意された植物の枝に掛けけていく姿がありました。
【画像】松井投手の投じた球をよける大谷選手
今回公開された動画は、球場内の通路とみられる場所で撮影されていて、そこに選手たちが私服姿で球場入りしてきます。短冊と植物が用意されたカメラ前にやってきた選手たちは、その場で七夕の解説を受け、短冊に願いごとを記して笹につるす風習の説明も受けると、それぞれ英語で願いごとを書き、笹は用意出来なかったのか代用された別の植物の枝に掛けていきます。

家族の幸せと健康を祈る選手や、チームのプレーオフ進出、ワールドシリーズ進出を願う選手がいるなか、物珍しそうに他の選手が書いた願いごとを読んで参考にする選手や、短冊をかけることに手こずって落としてしまう選手もいます。

そんななか動画の中盤には、村上宗隆選手も登場。赤い短冊に「チームの全員がケガなくシーズン過ごせますように」とつづって短冊を掛けるシーンもおさめられています。",[],[]
飯島三智さん　HYBE JAPAN『J-POP エグゼクティブプロデューサー』就任　稲垣・草彅・香取ら所属会社の業務も継続（日テレNEWS NNN）,https://news.yahoo.co.jp/articles/1ff6a5befdea2db5606024f83bb90e791b98e528,https://newsatcl-pctr.c.yimg.jp/t/amd-img/20260707-06678521-nnn-000-1-view.jpg?exp=10800,2026-07-07T13:21:00+09:00,2026-07-07T13:21:00+09:00,日テレNEWS NNN,nnn,日テレNEWS,1381,"飯島三智さん
SMAPとして活動した稲垣吾郎さん（52）、草彅剛さん（51）、香取慎吾さん（49）が所属する株式会社CULENの代表取締役・飯島三智（いいじま・みち）さんが7日、株式会社HYBE JAPANの『J-POP エグゼクティブプロデューサー』に就任したことが発表されました。
【画像】飯島三智さんが代表取締役を務める株式会社CULEN所属の稲垣吾郎さん、草彅剛さん、香取慎吾さん
株式会社HYBE JAPANは、「J-POP領域におけるローカルIPのさらなる開発および戦略の推進を目的として、日本のエンターテインメント業界で数々の国民的アーティストをプロデュースし、歴史に残るコンテンツを創出してきた飯島 三智（いいじま みち）氏（株式会社CULEN 代表取締役）が新たに“J-POP エグゼクティブプロデューサー（J-POP Executive Producer）”に就任したことをお知らせします」と発表。

飯島さんは、株式会社CULENでの経営・プロデュース業務を継続しながら、映像・映画・テレビメディアを横断する知見と、HYBE JAPANの事業基盤を掛け合わせ、日本発の新たなエンターテインメントの創出に取り組むとしています。

HYBE JAPANは、「今回の飯島氏就任は、日本独自のカルチャーを起点としたJ-POPの新たなIPを創出・育成するという、同戦略の重要な一歩となります」と説明し、「日本独自のカルチャーやストーリーを活かした次世代J-POPアーティストの育成を加速させ、日本発のエンターテインメントコンテンツを一人でも多くの方に届けてまいります」と伝えています。
■飯島三智さんのコメント【全文】
この度、HYBE JAPANのJ-POPエグゼクティブプロデューサーとして、日本発の新たなエンターテインメントの創出に携わらせていただくこととなりました。
私は、これまで、アーティスト一人ひとりの個性や人間的な魅力を大切にしながら、音楽、映像、映画、テレビメディアなどを横断したコンテンツづくりに取り組んでまいりました。
大きな時代のうねりを感じる今、私はファンダムにこそ未来があると確信しております。
これまで活動を通して実感してきたファンの皆さまへの感謝を込めて、ファンダムとエンターテイメントの融合に尽力してまいります。また、今後もCULENでの活動を継続し、そこで培ってきた経験と知見を活かし、HYBE JAPANの皆さまとともに、日本のエンターテインメントが持つ可能性をさらに広げていきたいと考えております。
日本から生まれるアーティストやコンテンツが、より多くの方々に愛され、長く記憶に残る存在となるよう、誠実に取り組んでまいります。
■ HYBE JAPAN 取締役兼会長 キム・ヨンミンさんコメント【全文】
日本のエンターテインメント界において稀有な実績と深い洞察、そして何よりもアーティストに対する深い愛情をお持ちの飯島三智氏を、私たちのチームに迎えることができ、心から嬉しく、また心強く思っております。飯島氏の卓越したプロデュース力と、私たちが持つグローバルなインフラがシナジーを生み出すことで、日本の音楽シーンに新たな風を吹き込み、ファンの方々に愛される素晴らしいプロジェクトをお届けできると確信しています。",[],[]
トランプ大統領、新生児に拠出金1000ドル振り込み　50万人以上…自ら主導し創設「トランプ口座」に（日テレNEWS NNN）,https://news.yahoo.co.jp/articles/f6c68ca2c0d6048f73e6bf2d444d217e0f70929c,https://newsatcl-pctr.c.yimg.jp/t/amd-img/20260707-09756136-nnn-000-1-thumb.jpg?exp=10800,2026-07-07T12:54:01+09:00,2026-07-07T12:54:01+09:00,日テレNEWS NNN,nnn,日テレNEWS,472,"日テレNEWS NNN
アメリカのトランプ大統領は6日、アメリカで生まれた新生児50万人以上の投資口座に、1人あたり1000ドル、日本円で16万円あまりの拠出金を振り込んだと明らかにしました。
【画像】育児の孤立を防ぐため、すべての親子に妊娠初期から出産後まで継続支援を…ネウボラ議員連盟設立
トランプ大統領
「7月4日に我が政権は、50万人以上の米国の子どもたちの『トランプ口座』に、1000ドルの1度限りの拠出金を振り込んだ。これはかなりの額だ」

トランプ大統領は6日、子どもの資産形成を支援するため自ら主導して創設した投資口座「トランプ口座」を持つアメリカの新生児50万人以上に対して、1人あたり1000ドルの拠出金を振り込んだことを明らかにしました。口座の資金は投資信託で運用され、18歳以降に引き出しが可能となります。

トランプ氏は、ホワイトハウスの執務室でニューヨーク証券取引所の取引開始の鐘を鳴らし、拠出金を運用することで「お金を持たずに生まれた子どもたちが18歳になる頃には非常に裕福になっているだろう」とアピールしました。",[],[]
【動画】リニア新幹線静岡工区の着工容認を表明　静岡県・鈴木知事がコメント（日テレNEWS NNN）,https://news.yahoo.co.jp/articles/2f28f5f9ac9488a3a0b1c9e90459e700d46a22d3,https://newsatcl-pctr.c.yimg.jp/t/amd-img/20260707-05595863-nnn-000-2-thumb.jpg?exp=10800,2026-07-07T12:51:00+09:00,2026-07-07T13:03:28+09:00,日テレNEWS NNN,nnn,日テレNEWS,114,"日テレNEWS NNN
リニア中央新幹線静岡工区の着工について、着工容認を表明した静岡県の鈴木康友知事の会見のもようをお伝えします。
【画像】静岡県知事、静岡工区の着工容認を表明　リニア中央新幹線
※詳しくは動画をご覧ください。",[],[]
【天気】午後は西日本の山沿いで急な雷雨に注意　九州では熱中症警戒アラート（日テレNEWS NNN）,https://news.yahoo.co.jp/articles/c1b108ce8237f58ef7b030e1496bc3d2f9a26560,https://newsatcl-pctr.c.yimg.jp/t/amd-img/20260707-01865951-nnn-000-1-view.jpg?exp=10800,2026-07-07T12:48:00+09:00,2026-07-07T12:48:00+09:00,日テレNEWS NNN,nnn,日テレNEWS,979,"日テレNEWS NNN
7日（火）午後は西日本の山沿いで急な雷雨に注意。九州では熱中症警戒アラート。

＜7日（火）の天気＞
梅雨前線の活動が弱まり、日本付近は高気圧の圏内となっています。北海道は雲が広がっていますが、東北は日差したっぷり。東日本や西日本では、雲が多いながらも日差しの届いているところが多くなっています。関東では南部ほど曇っていて、沿岸部では雨のパラついているところがあります。昼過ぎ以降は、関東南部でも薄日の差す時間帯があるでしょう。
【1か月予報】高温傾向　猛暑エリアは拡大
一方、西日本では午後は山沿いを中心に急な雨や雷雨がありそうです。東日本の山沿いでも一部でにわか雨があるかもしれません。晴れていても天気の急変にお気をつけください。

＜予想最高気温（前日差）＞
九州は湿度も高く、長崎、熊本、宮崎、鹿児島に熱中症警戒アラートが発表されています。

札幌　　26℃（＋3）
秋田　　31℃（-1）
新潟　　29℃（＋3）
東京　　26℃（-1）
名古屋　28℃（＋5）
大阪　　30℃（＋7）
鳥取　　33℃（＋4）
高知　　28℃（-1）
福岡　　33℃（＋3）
鹿児島　34℃（＋2）

＜台風情報＞
午前9時現在、大型で非常に強い勢力の台風9号はマリアナ諸島付近を西に進んでいます。10日（金）夜～11日（土）にかけて、非常に強い勢力のまま沖縄先島諸島に接近する見込みです。沖縄では9日（木）から大しけとなり、10日（金）～11日（土）は警報級の大雨や暴風が吹き荒れるおそれがあります。

＜週間予報＞
■西日本、沖縄
晴れて蒸し暑い日が続く見込みです。最低気温が25℃を下回らない熱帯夜や、最高気温35℃以上の猛暑日になるところがでてきそうです。これまでより一層の熱中症対策が必要です。梅雨明けも近いかもしれません。沖縄では9日（木）以降、大荒れとなる見込みです。早めに台風への備えをしてください。

■北日本、東日本
東日本では11日（土）にかけて日差しの届く日が多く、夏本番の暑さになるでしょう。東京都心も9日（木）以降は30℃以上の真夏日が続く予想です。一方、北日本では9日（木）以降、雨の日が続くでしょう。雨でも気温は高く、土日は札幌でも真夏日が予想されています。12日（日）は東日本も含め、広く雨が降る見込みです。",[],[]
“米政権の要請”で小売り大手ウォルマート値下げへ　トランプ大統領が発表（日テレNEWS NNN）,https://news.yahoo.co.jp/articles/6b5e480a220042842435dc2f504e43bfba1f1d5e,https://newsatcl-pctr.c.yimg.jp/t/amd-img/20260707-05182939-nnn-000-2-view.jpg?exp=10800,2026-07-07T12:41:00+09:00,2026-07-07T15:34:29+09:00,日テレNEWS NNN,nnn,日テレNEWS,344,"日テレNEWS NNN
アメリカのトランプ大統領は6日、政権の要請により、小売り大手ウォルマートが値下げを行うと発表しました。
【画像】トランプ大統領“建国250周年記念しフィラデルフィアにあるガソリンスタンドで値下げする”と発表…小売業者に圧力
トランプ大統領は6日、自身のSNSで「素晴らしいニュースだ」として、小売り大手のウォルマートが、ひき肉の価格を15％近く引き下げるなどの値下げ販売を行うと発表しました。値下げは、トランプ政権の要請を受け行われるとした上で、他の小売業者も従うべきだとしています。

トランプ氏は1日にも、一部ガソリンスタンドでの値下げを発表し、他の小売業者も続くべきだと圧力をかけていて、今年11月の中間選挙に向け、物価対策をアピールしたいものとみられます。",[],[]
「はま寿司」迷惑行為男が再逮捕　先月も業務妨害罪で略式命令（日テレNEWS NNN）,https://news.yahoo.co.jp/articles/6cd66401ceaec91864878d095ba422aba553159b,https://newsatcl-pctr.c.yimg.jp/t/amd-img/20260707-08158851-nnn-000-4-thumb.jpg?exp=10800,2026-07-07T12:34:01+09:00,2026-07-07T12:49:29+09:00,日テレNEWS NNN,nnn,日テレNEWS,428,"日テレNEWS NNN
回転寿司大手「はま寿司」の埼玉県内の店舗で、しょうゆの注ぎ口を手で触る様子などを撮影してSNSに投稿し、業務を妨害したとして43歳の男が逮捕されました。男には、別の事件で「はま寿司」の業務を妨害したとして、先月、罰金50万円の略式命令が出ていました。
【画像】くら寿司が新たな対策　AIカメラで“迷惑行為”を検知
警察によりますと、新西悠太容疑者は先月28日、回転寿司大手「はま寿司」の埼玉県内の店舗で、しょうゆの容器の注ぎ口を手で触る様子などを撮影してSNSに投稿し、業務を妨害した疑いがもたれています。

調べに対し、「動画を投稿したことは間違いないが、指が触れたかどうかはわからない」と容疑を一部否認しているということです。

新西容疑者は今年5月、はま寿司の埼玉県内の店舗で、注文した商品に食器用洗剤とみられる液体をかける様子を撮影してSNSに投稿し、業務を妨害したとして先月逮捕され、罰金50万円の略式命令が出ていました。",[],[]
大谷翔平　4回までに4打点！　逆転19号2ランのあとは2点タイムリー　ドジャースは6－1とリードを広げる（日テレNEWS NNN）,https://news.yahoo.co.jp/articles/ae2a68684e0a2e422414962f51a17e60d870ca56,https://newsatcl-pctr.c.yimg.jp/t/amd-img/20260707-04551659-nnn-000-3-view.jpg?exp=10800,2026-07-07T12:30:00+09:00,2026-07-07T12:34:32+09:00,日テレNEWS NNN,nnn,日テレNEWS,368,"大谷翔平選手(写真：Imagn/ロイター/アフロ)
◇MLB　ドジャース－ロッキーズ(日本時間7日、ドジャー・スタジアム)

ドジャースの大谷翔平選手が4回までに4打点と躍動しています。
【画像】松井裕樹投手の投じた球をよける大谷翔平選手　ニヤリと笑いアイコンタクトも
1点を追う3回ノーアウト2塁で迎えた第2打席、左腕カイル・フリーランド投手が投じた初球のカットボールをとらえ、レフトスタンドへの一発。逆転2ランを放ちます。

さらに4回は3連打や犠牲フライで2点を追加。なおも1アウト2、3塁の好機で迎えた大谷選手は、インコースのボール気味のチェンジアップをはじき返し、センター前へのヒット。2人の走者がかえり、6－1とリードを広げました。

大谷選手は3回の一発でメジャー通算300号に王手。また4回までに4打点を記録しています。",[],[]
突如グラサン姿で南野拓実に「サンキュー兄弟」　W杯優勝経験者で同僚の世界的MF　日本代表ユニ着用しSNSに投稿（日テレNEWS NNN）,https://news.yahoo.co.jp/articles/517e66e68ac06a33f750db4487f5c16c60340a8f,https://newsatcl-pctr.c.yimg.jp/t/amd-img/20260707-07686394-nnn-000-2-view.jpg?exp=10800,2026-07-07T12:27:00+09:00,2026-07-07T12:35:30+09:00,日テレNEWS NNN,nnn,日テレNEWS,406,"南野拓実選手　(写真：ゲッティ)
サッカー元フランス代表のポール・ポグバ選手が日本時間6日に自身のインスタグラムを更新。ストーリーズに日本代表のアウェイユニホームを着用した自身の写真を投稿しました。さらに南野拓実選手へ向け、親しみを込めたメッセージもつづりました。
【画像】ベルギーに敗れ落胆した表情をみせるアメリカ代表
ポグバ選手は、元フランス代表の世界的ミッドフィルダー。FIFAワールドカップ2018ロシア大会ではフランス代表を優勝に導く活躍をしました。現在はモナコでプレーし、南野拓実選手とも同僚です。

そんなポグバ選手が、今回の投稿で日本代表のアウェイユニホームを着用。胸には「8」の番号入り。そして「Thank you my brother」とつづり、南野選手のインスタグラムのアカウントをメンションしています。

その投稿に対し、南野選手自身も反応。絵文字を添えてストーリーズにシェアしています。",[],[]
【サッカーW杯】ポルトガルが痛恨の後半AT失点で敗退　無敵艦隊スペインがベスト8進出　開催国アメリカは守備崩壊で4失点黒星　ベルギーは攻撃陣躍動（日テレNEWS NNN）,https://news.yahoo.co.jp/articles/91a29473e4aceb049b09a215912ae9fc068ccab0,https://newsatcl-pctr.c.yimg.jp/t/amd-img/20260707-06895657-nnn-000-1-view.jpg?exp=10800,2026-07-07T12:14:01+09:00,2026-07-07T12:14:01+09:00,日テレNEWS NNN,nnn,日テレNEWS,1117,"日本時間7日までのトーナメント表
◇サッカーFIFAワールドカップ2026(日本時間6月12日～7月20日、カナダ・メキシコ・アメリカ)
【画像】敗戦後に涙を流すメキシコのGKオチョア選手
ノックアウトステージ2回戦の2試合が日本時間7月7日に行われました。

ポルトガルは強豪スペインと対戦。この日もワントップにはW杯6大会連続出場と6大会連続ゴールを記録したレジェンド、クリスティアーノ・ロナウド選手を先発起用します。試合はスペインにボールを保持される中、ポルトガルも果敢にボールをつないでゴール前に迫ります。ただシュートまでいくものの、なかなか決定機を作れません。一方、粘り強い守備で相手の攻撃も防ぎ、状況が変わらないまま試合終盤まで進み、さらに0-0のまま後半アディショナルタイムに突入します。するとポルトガルは一瞬の隙をつかれ、スペインに最終ラインの裏にスルーパスを出されると、MFミケル・メリーノ選手に抜け出され、ゴール左隅に決められてしまいます。土壇場でリードをゆるしたポルトガルは、最後まで攻めの姿勢は崩しませんでしたが、この失点が響き敗戦となりました。

開催国アメリカはベルギーと対戦。ホームの大声援のなか試合が始まりましたが、前半9分にまさかの先制点を献上します。アメリカは自陣エリア内で高くあがったルーズボールに対し、味方選手同士でお見合い。その隙に相手に奪われるとドリブルで深く進入を許し、さらに慌てたディフェンス陣はグランダークロスにも対応できず、中央でフリーとなったシャルル・デケテラーレ選手に流し込まれ失点します。前半31分にはアメリカのマリク・ティルマン選手が2戦連続でフリーキックから得点し同点においつきますが、その直後の33分には、再び失点。左サイドからのクロスにデケテラーレ選手に頭で決められてしまいました。さらに後半12分にはGKがエリア外に出てボール処理をしようとしたところ、それが裏目に。パスカットされ3失点目を喫します。アメリカは最後まで攻め続けましたが、試合巧者だったのはベルギー。後半アディショナルタイムに途中出場のロメル・ルカク選手にもゴールを許し、1-4で敗れました。

翌8日はアルゼンチン対エジプト、スイス対コロンビアの2試合が行われる予定です。

【ノックアウトステージ2回戦】
※日付は日本時間
■7月5日
モロッコ 3-0 カナダ
フランス 1-0 パラグアイ
■7月6日
ノルウェー 2-1 ブラジル
イングランド 3-2 メキシコ
■7月7日
スペイン 1-0 ポルトガル
ベルギー 4-1 アメリカ
■7月8日
アルゼンチン - エジプト
スイス - コロンビア",[],[]
スポーツカーで“白タク営業”外国人観光客乗せ事故…ケガさせたか　男を逮捕（日テレNEWS NNN）,https://news.yahoo.co.jp/articles/b19238fc9b210fdb33dbb95130cc7347084471d4,https://newsatcl-pctr.c.yimg.jp/t/amd-img/20260707-05837111-nnn-000-5-thumb.jpg?exp=10800,2026-07-07T12:07:00+09:00,2026-07-07T16:40:35+09:00,日テレNEWS NNN,nnn,日テレNEWS,304,"日テレNEWS NNN
東京・渋谷で、無許可で外国人観光客をスポーツカーに乗せ事故を起こし、ケガをさせたとして男が逮捕されました。
【画像】「白タク乗らないで」大型バスターミナルで外国人観光客らに注意喚起-警視庁
警視庁によりますと、吉田裕貴容疑者はことし5月、無許可で運送料をもらって外国人観光客3人をスポーツカーに乗せたうえ、タクシーと衝突し、運転手や観光客3人にケガをさせた疑いがもたれています。

吉田容疑者は「スクランブル交差点周辺をドライブツアーしないか。3人で5000円でどうか」と声をかけ、その後、時速およそ120キロで事故を起こしたとみられ、調べに対し容疑を一部否認しているということです。",[],[]
【サッカーW杯】アメリカがベルギーに4失点で沈む　開催国の3チームがベスト16で敗退（日テレNEWS NNN）,https://news.yahoo.co.jp/articles/fcc39ed30b635268ce2744272a76c2ec024dc705,https://newsatcl-pctr.c.yimg.jp/t/amd-img/20260707-05816169-nnn-000-1-view.jpg?exp=10800,2026-07-07T12:03:00+09:00,2026-07-07T12:03:00+09:00,日テレNEWS NNN,nnn,日テレNEWS,521,"ベルギーに敗れ落胆した表情をみせるアメリカ代表(写真：ゲッティ)
◇サッカーFIFAワールドカップ ノックアウトステージラウンド16ベルギー4-1アメリカ(日本時間7日、シアトル・スタジアム)
【画像】サポーターの声援を浴び涙こらえきれないロナウド選手
FIFAワールドカップ開催国のアメリカがベルギーに1－4で敗戦し、トーナメントから姿を消しました。

前半早々に先制点を許しますが、前半31分にティルマン選手のフリーキックで同点とします。しかし、直後に逆転を許すと、後半もベルギーの攻撃陣を止められず、4失点で無念の敗退となりました。

今大会はアメリカ、メキシコ、カナダの3か国での開催。各チームグループステージを勝ち上がり、ノックアウトステージ1回戦も勝利しましたが、いずれもベスト16で敗退となりました。

【ノックアウトステージ2回戦】
※日付は日本時間
■7月5日
モロッコ 3-0 カナダ
フランス 1-0 パラグアイ
■7月6日
ノルウェー 2-1 ブラジル
イングランド 3-2 メキシコ
■7月7日
スペイン 1-0 ポルトガル
ベルギー 4-1 アメリカ
■7月8日
アルゼンチン - エジプト
スイス - コロンビア",[],[]
大谷翔平が今季19号2ラン　レフトへの一発でMLB通算300号に王手かける（日テレNEWS NNN）,https://news.yahoo.co.jp/articles/10eb0523d0da8ec62323c420ba27dc1251309334,https://newsatcl-pctr.c.yimg.jp/t/amd-img/20260707-09278378-nnn-000-5-view.jpg?exp=10800,2026-07-07T12:01:01+09:00,2026-07-07T12:33:32+09:00,日テレNEWS NNN,nnn,日テレNEWS,261,"今季19号を放ったドジャースの大谷翔平選手(写真：AP/アフロ)
◇MLB　ドジャース－ロッキーズ(日本時間7日、ドジャー・スタジアム)

ドジャースの大谷翔平選手が今季19号本塁打を放ちました。
【画像】松井裕樹投手の投じた球をよける大谷翔平選手　ニヤリと笑いアイコンタクトも
1点を追う3回ノーアウト2塁で迎えた第2打席、左腕カイル・フリーランド投手が投じた初球のカットボールをとらえ、レフトスタンドへの一発。逆転2ランとなりました。

これでメジャー通算299本目のアーチとなり、節目300号まであと1本としました。",[],[]
関東　9日(木)以降は各地30℃以上の暑さ続く　“急な暑さ”による熱中症に十分注意を（日テレNEWS NNN）,https://news.yahoo.co.jp/articles/6027cf44a3e4d8b2188526dfddc9b15ed126cc05,https://newsatcl-pctr.c.yimg.jp/t/amd-img/20260707-01218357-nnn-000-2-view.jpg?exp=10800,2026-07-07T11:59:00+09:00,2026-07-07T12:23:29+09:00,日テレNEWS NNN,nnn,日テレNEWS,723,"日テレNEWS NNN
関東では、梅雨空とジメジメ・ムシムシした不快な暑さが続いています。9日(木)以降は一段と暑さが増し、関東各地で真夏並みの暑さが予想されますので、熱中症に十分な注意が必要です。
【1か月予報】高温傾向　猛暑エリアは拡大
■来週にかけ連日真夏日か　35℃に迫る所も
日テレNEWS NNN
関東は、7日(火)も晴れ間の出る所はあるものの、全般に雲が多く、すっきりしない空が続くでしょう。日中の気温は25℃～28℃くらいで、この時期としては暑さは控えめです。ただ、雨上がりということもあって、最小湿度は60％～70％前後と、すこし動くだけで汗がにじみ出るような不快な体感となるでしょう。

8日(水)も気温はおおむね平年並みの予想ですが、9日(木)以降は一段と暑さが増し、広く30℃以上の真夏日となりそうです。

東京都心でも、9日(木)～来週14日(火)にかけては、最高気温が30℃以上の真夏日が続く予想となっているほか、熊谷や前橋では、10日(金)から11日(土)にかけて、34℃と猛暑日に迫る暑さになりそうです。この暑さは来週後半にかけても続く可能性があります。
関東では梅雨入り以降、極端な暑さはほとんどなく、気温は平年並みから低めで推移しています。暑さに慣れていない状況から一気に真夏並みの暑さに突入しますので、熱中症の危険が高まりそうです。

・屋外の作業では定期的に涼しい場所で休憩を取る
・こまめに水分や塩分を補給する
・屋内では適宜エアコンや扇風機を利用する

など、熱中症の予防行動を心がけてください。また、高温や多湿が続き、食品がいたみやすくなります。食品の管理を徹底し、食中毒にも十分お気を付けください。",[],[]
「定数削減」「副首都構想」めぐり　高市首相と維新・吉村代表が党首会談へ（日テレNEWS NNN）,https://news.yahoo.co.jp/articles/d5c78823ec579f10ae0aa340fed1418af563d457,https://newsatcl-pctr.c.yimg.jp/t/amd-img/20260707-03551749-nnn-000-2-thumb.jpg?exp=10800,2026-07-07T11:54:00+09:00,2026-07-07T12:17:29+09:00,日テレNEWS NNN,nnn,日テレNEWS,615,"日テレNEWS NNN
国会の会期末が迫る中、高市首相は7日夕方、日本維新の会の吉村代表との与党党首会談に臨みます。
【画像】国会正常化へ…与野党“攻防”　高市首相「副首都法案」と「定数削減法案」の成立に万全尽くすよう指示　維新・吉村代表と党首会談調整も
与党党首会談では衆議院の定数削減法案と副首都法案の扱いが焦点で、政府与党と野党でぎりぎりの調整が続いています。

高市首相は6日、維新との連立合意にある2つの法案について、今の国会での成立に万全を尽くすよう指示していました。ただ、定数削減法案をめぐっては特に野党側の反発が強く、自民党内からも「定数削減法案を切り離して、副首都法案を優先すべき」との声もあがっています。一方で、維新内からは「断念するようなことがあるなら連立離脱しかないと伝えるべき」との強硬論も出ています。

国会を正常化するために、7日夕方の党首会談で高市首相がどのような判断をくだすのか注目されます。

一方の野党側は、与党が野党の合意なくこの2つの法案を審議入りさせたことに強く反発しています。

国民民主党・玉木代表
「与党の都合のいい議員立法を無理やり通すということは避けるべきだと思います」

野党側は、さきほどから衆参の国会対策委員長が会談を開いています。野党幹部からは「維新は自分たちの言いたいことばかり無理に通そうとするのではなく、もっとちゃんと首相を支えるべきだ」との声もあがっています。",[],[]
ロシア軍がウクライナに大規模攻撃　首都キーウとその周辺で28人死亡（日テレNEWS NNN）,https://news.yahoo.co.jp/articles/f35645c56c41dfe71d8d2bc21fb9336ad6094a60,https://newsatcl-pctr.c.yimg.jp/t/amd-img/20260707-01181799-nnn-000-2-thumb.jpg?exp=10800,2026-07-07T11:49:01+09:00,2026-07-07T12:16:33+09:00,日テレNEWS NNN,nnn,日テレNEWS,491,"日テレNEWS NNN
ウクライナでロシア軍の大規模な攻撃があり、首都キーウとその周辺で、これまでに28人が死亡しました。
【画像】露ウクライナ両軍の死傷者・行方不明者は200万人超　米シンクタンクが推計
ロイター通信によりますと、キーウとその周辺で6日未明、ロシア軍のミサイルや無人機による大規模な攻撃があり、アパートなどが被害を受けました。ウクライナ当局によりますと、これまでに28人が死亡したということです。

キーウでは先週もロシア軍の大規模な攻撃があり、31人が死亡したばかりでした。

ロシア軍は戦況で優位だとアピールを続けていて、3日には、ウクライナ東部ドネツク州の要衝、コスチャンチニウカを制圧したと発表しています。

ただ、ウクライナ側はこれを否定していて、アメリカの戦争研究所も4日、「戦場の現実とかけ離れたロシア軍の過大な戦果の主張」と指摘しています。

ロシア国内では、ウクライナ軍による製油所への攻撃でガソリン不足が表面化しています。

国内に不満がくすぶる中、プーチン大統領は戦果を強調することにより、侵攻継続への支持を維持したい狙いがあるとみられます。",[],[]
群馬・子ども2人死亡　逮捕の父親「自分の健康状態や家族の将来を悲観」（日テレNEWS NNN）,https://news.yahoo.co.jp/articles/e2f3bbb79b7613af7343ad3dca77b96e0e6cda8a,https://newsatcl-pctr.c.yimg.jp/t/amd-img/20260707-04716781-nnn-000-3-thumb.jpg?exp=10800,2026-07-07T11:45:00+09:00,2026-07-07T12:38:29+09:00,日テレNEWS NNN,nnn,日テレNEWS,444,"日テレNEWS NNN
群馬県伊勢崎市で子ども2人が死亡し父親が逮捕された事件で、父親が「自分の健康状態や家族の将来を悲観して犯行に及んだ」などと供述していることがわかりました。
【画像】子ども2人死亡　父親を逮捕…一家に“相談歴なし”　近所の住民「平和なお宅ってイメージ」群馬・伊勢崎市
この事件は5日、伊勢崎市の住宅で6歳の長女・井上明莉さんと3歳の長男・柊利ちゃんが寝室とみられる2階の一室で死亡しているのが確認されたもので、明莉さんを殺害した疑いで父親の井上敏典容疑者が逮捕され、7日に送検されました。

これまで井上容疑者は「長女と長男の首を絞めて殺した。ネクタイなどで首を絞めた」と供述していることがわかっていますが、その後の捜査関係者への取材で、「自分の健康状態や家族の将来を悲観して犯行に及んだ」「収入面に不安があった」などと供述していることが新たにわかりました。

井上容疑者は健康状態を理由に今年1月から休職していたということで、警察は事件の詳しい経緯を調べています。",[],[]
【独自】北京周辺でプライベートジェット離着陸禁止に　日本企業幹部の訪中に影響（日テレNEWS NNN）,https://news.yahoo.co.jp/articles/9bee188b240bb574a2a8712f403ed994b59131a3,https://newsatcl-pctr.c.yimg.jp/t/amd-img/20260707-06464424-nnn-000-3-thumb.jpg?exp=10800,2026-07-07T11:45:00+09:00,2026-07-07T12:33:32+09:00,日テレNEWS NNN,nnn,日テレNEWS,383,"日テレNEWS NNN
先月、中国・北京の高層ビルに小型の飛行機が衝突した事件の影響で、プライベートジェットが、北京周辺で離着陸ができなくなったことが分かりました。日本企業幹部が訪中予定の変更を余儀なくされるなど、影響が広がっています。

先月26日、北京で一番高いビルに小型飛行機が突っ込み、1人が死亡、13人がケガをしました。

中国当局は北京周辺の警戒を強めていて、複数の関係者によりますと、事件を受け、北京や天津の空港でプライベートジェットの離着陸が禁止されたことが分かりました。

この影響で、自動車大手トヨタの副社長は先週末、社用機で北京を訪れようとしましたが、当局は飛行を許可しなかったということです。

プライベートジェット以外にも、天安門から半径300キロ以内でパラグライダーやスカイダイビングが禁止されるなど、規制強化による影響が広がっています。",[],[]
【速報】静岡県知事、静岡工区の着工容認を表明　リニア中央新幹線（日テレNEWS NNN）,https://news.yahoo.co.jp/articles/a626667af0c813f6d17dfb8d51d8c491fdcab66a,https://newsatcl-pctr.c.yimg.jp/t/amd-img/20260707-08786749-nnn-000-3-thumb.jpg?exp=10800,2026-07-07T11:43:00+09:00,2026-07-07T11:57:33+09:00,日テレNEWS NNN,nnn,日テレNEWS,343,"日テレNEWS NNN
リニア中央新幹線静岡工区の着工について、鈴木知事は先ほど、着工を容認することを表明しました。
【画像】リニア中央新幹線の総工事費　4兆円増11兆円の見通し
鈴木知事は先ほど、県議会6月定例会が閉会した後の全員協議会の中で、リニアの着工の容認を表明しました。

判断の理由について「地域住民の皆様の理解が進んだと判断した」と話しました。

着工の判断に関して鈴木知事はこれまで、JR東海からの県民への説明や法令手続きの状況で判断すると話し、先週、JR東海の丹羽社長から住民説明会の報告を受けた後は「一定の理解が進んだ」と話していました。

また、着工に必要となる法令手続きについてJR東海は、河川法などの申請書類を3日、静岡県と静岡市に全て提出したということです。",[],[]
法人税など約8200万円脱税か　IT関連会社社長を刑事告発（日テレNEWS NNN）,https://news.yahoo.co.jp/articles/ad793cb2ca3637c8b6657239d34bf7f5c014b04c,https://newsatcl-pctr.c.yimg.jp/t/amd-img/20260707-04234367-nnn-000-5-thumb.jpg?exp=10800,2026-07-07T11:38:01+09:00,2026-07-07T18:38:42+09:00,日テレNEWS NNN,nnn,日テレNEWS,350,"日テレNEWS NNN
法人税などおよそ8200万円を脱税したとして、都内のIT関連会社の社長が刑事告発されました。
【画像】“マルサ”摘発の脱税手口公開　2025年度の脱税総額は84億円…インフルエンサーの告発も
東京国税局から告発されたのは、ソフトウエア開発などを行う「シーテクホールディングス」と倪大海社長です。関係者によりますと、倪社長は2023年までの2年間、およそ1億4300万円の所得を隠し、法人税と消費税あわせておよそ8200万円を脱税した疑いがもたれています。

倪社長は、多数の外国人の名前を利用して架空の給与などを計上したほか、取引先の会社に虚偽の請求書を作成させ、口座に送金したカネを現金でキックバックさせていたということです。

倪社長は日本テレビの取材に回答していません。",[],[]
大型で非常に強い台風9号、10日～11日頃に沖縄接近か　警戒を（日テレNEWS NNN）,https://news.yahoo.co.jp/articles/3d94e1747cba63a3a0d0957d93414866b6ff2e7e,https://newsatcl-pctr.c.yimg.jp/t/amd-img/20260707-02792151-nnn-000-3-thumb.jpg?exp=10800,2026-07-07T11:11:01+09:00,2026-07-07T11:43:36+09:00,日テレNEWS NNN,nnn,日テレNEWS,267,"日テレNEWS NNN
南の海上には大型で非常に強い勢力の台風9号があって、10日から11日頃には沖縄に近づきそうです。沖縄では大荒れとなるおそれがあり、警戒が必要です。
【画像】全国的に晴れ間　天の川も期待
大型で非常に強い台風9号は、マリアナ諸島にあって西寄りに進んでいます。今後も西寄りに進み、10日から11日頃にかけては、非常に強い勢力で沖縄の先島諸島に接近しそうです。

沖縄では9日から大しけとなり、10日から11日は警報級の大雨や記録的な暴風が吹くおそれがあります。今後の情報に注意し、早めに台風への備えをしてください。",[],[]
入所者女性（88）の顔殴るなどしケガさせたか　老人ホーム元職員の男逮捕　千葉（日テレNEWS NNN）,https://news.yahoo.co.jp/articles/d2ee8e2a46c9f3d7dba9b393e4e765a44dc37610,https://newsatcl-pctr.c.yimg.jp/t/amd-img/20260707-06966329-nnn-000-3-thumb.jpg?exp=10800,2026-07-07T11:03:00+09:00,2026-07-07T11:17:31+09:00,日テレNEWS NNN,nnn,日テレNEWS,367,"日テレNEWS NNN
千葉県の老人ホームで、入所者の女性（88）の顔を殴るなどしてケガをさせたとして、職員だった男が逮捕されました。
【画像】「85歳だから返納しなきゃ」…実際は？　高齢ドライバーの免許更新“それぞれの事情”　技能検査に密着
警察によりますと、逮捕された黒川優斗容疑者は先月16日、勤務先だった千葉市若葉区の有料老人ホームで、入所者の女性に暴行を加え、手首の骨を折るなどの重傷を負わせた疑いがもたれています。

当時、黒川容疑者は夜勤中で、女性に馬乗りになり口元をタオルで押さえたうえで、顔を複数回殴るなどしたということです。

調べに対し、「殴ってケガをさせたことに間違いない。押し倒してはいない」と容疑を一部否認していますが、「忙しくてイライラしていた」と話しているということで、警察は詳しい経緯を調べています。",[],[]
【W杯】サポーターの声援を浴び涙こらえきれずロナウド…　6大会連続出場＆得点の偉業残しベスト16で大会去る　後半ATに痛恨の失点でスペインに屈する（日テレNEWS NNN）,https://news.yahoo.co.jp/articles/37c865bec81bc995b74098737d248389001c120e,https://newsatcl-pctr.c.yimg.jp/t/amd-img/20260707-09663997-nnn-000-2-view.jpg?exp=10800,2026-07-07T10:54:00+09:00,2026-07-07T11:09:29+09:00,日テレNEWS NNN,nnn,日テレNEWS,716,"ロナウド選手　(写真：ゲッティ)
◇サッカーFIFAワールドカップ ノックアウトステージラウンド16 スペイン1-0ポルトガル(日本時間7日、ダラス・スタジアム)

ワールドカップ6大会連続出場と6大会連続ゴールを記録したクリスティアーノ・ロナウド選手率いるポルトガルと、EURO2024王者の強豪スペインが対戦。ポルトガルは0-0のまま後半アディショナルタイムに突入し、スペインのMFミケル・メリーノ選手にゴールを決められ、敗れました。

ここまで全試合でスタメンの41歳レジェンド、ロナウド選手は、この日もワントップで先発。ポルトガルはスペインにボールを保持されながらも、隙をついて何度も相手ゴール前に迫りますが、堅い守備に得点出来ず。ただ相手の攻撃に対しても粘り強い守備でしのぎ0-0のまま後半アディショナルタイムをむかえます。

するとポルトガルは一瞬の隙をつかれ、スペインスのFWフェラン・トーレス選手にエリア内左側にスルーパスを出され、さらに後半40分に途中交代でピッチに入ったばかりのミケル・メリーノ選手に抜け出されます。そしてGKと1対1となったところをゴール左隅に決められてしまいます。

残り時間はもうわずか、ポルトガルも諦めず相手ゴールをめざしますが、最後まで得点できず敗れました。

試合終了をピッチでむかえたロナウド選手は、力なくうつむき負けた事実がすぐには受け入れられない様子。そのまま複雑な思いを抱えた表情で相手選手やチームメートと挨拶をかわしていきます。

そして最後にスタンドのサポーターの元へチームメートと一緒に向かうと、サポーターからの歓声を受けた瞬間、目元に手をやり涙を拭う一幕がありました。",[],[]
東京・檜原村の登山道で男性がクマに襲われたか　警視庁（日テレNEWS NNN）,https://news.yahoo.co.jp/articles/83649e81d807333a3c20f920931a8ef15cd7a8da,https://newsatcl-pctr.c.yimg.jp/t/amd-img/20260707-05251723-nnn-000-7-thumb.jpg?exp=10800,2026-07-07T10:48:00+09:00,2026-07-07T18:51:32+09:00,日テレNEWS NNN,nnn,日テレNEWS,404,"日テレNEWS NNN
7日午前10時ごろ、東京・檜原村にある「都民の森」で登山中の男性がクマに襲われそうになり、滑落してケガをしました。
【画像】国立公園でクマ被害相次ぎ　環境相が対策強化を進める考え　情報発信やクマ撃退スプレーのレンタルサービスなど
警視庁によりますと、7日午前10時ごろ、東京・檜原村にある施設「都民の森」の職員から「鞘口峠からおよそ100メートル地点で子グマに襲われて滑落した」と119番通報がありました。登山中の56歳の男性がクマに遭遇し、追い払おうとしたところ、バランスを崩しておよそ10メートル滑落したということです。

男性は顔などをケガし病院に搬送されましたが、命に別条はないということです。

男性を襲おうとしたクマはその後、発見されていません。

警視庁によりますと、檜原村ではクマの目撃情報が複数寄せられていますが、「都民の森」周辺ではこれまでなかったということです。",[],[]
イラン軍、ホルムズ海峡通過する商船にミサイル発射　米メディア（日テレNEWS NNN）,https://news.yahoo.co.jp/articles/88a594c22865836d63bd29e9d9466681e6769c47,https://newsatcl-pctr.c.yimg.jp/t/amd-img/default.jpg?exp=10800,2026-07-07T10:46:00+09:00,2026-07-07T10:59:29+09:00,日テレNEWS NNN,nnn,日テレNEWS,319,"アメリカメディアは6日、当局者の話として、イラン軍がホルムズ海峡を通過する商船にミサイルを発射したと伝えました。
【画像】イランがイスラエルにミサイル発射　停戦合意後初　イスラエル軍は迎撃
アメリカのニュースサイト・アクシオスはイラン軍が6日夜、ホルムズ海峡を通過する商船に少なくとも2発のミサイルを発射したと伝えました。攻撃を受けた船は重大な損傷を負ったものの、死傷者は出ていないとした上で、アメリカがイランに報復攻撃を行う可能性が高いと伝えています。

また、イギリスの海事機関UKMTOは、6日にオマーン沖で、タンカーに正体不明の飛しょう体が命中し、火災が発生したと発表しました。死傷者や環境への影響は報告されていないとしています。",[],[]
【異例の豊漁】「うなぎ商戦」が過熱　店長「“イケイケどんどん”行く」国産うなぎ2000円→1700円台に　「総重量1キロ悪魔盛」も（日テレNEWS NNN）,https://news.yahoo.co.jp/articles/3e35d7d3fcd167b0c5ab4b0b805ab7c37c3a707b,https://newsatcl-pctr.c.yimg.jp/t/amd-img/20260707-05864358-nnn-000-1-thumb.jpg?exp=10800,2026-07-07T10:30:00+09:00,2026-07-07T10:30:00+09:00,日テレNEWS NNN,nnn,日テレNEWS,1680,"日テレNEWS NNN
夏を乗り切るスタミナ源といえばやっぱり「うなぎ」。今年はウナギが豊漁で、「土用の丑の日」を前に早くも安値商戦が始まっています。物価高が続くなか、消費活性化の起爆剤として様々なサービスが行われています。
【図解】完全養殖ウナギ、世界初の一般販売へ　日本の食文化にもたらす大きな意義【バンキシャ！】
■千葉市の鮮魚店 国産うなぎ蒲焼きが1706円
日テレNEWS NNN
今月26日の「土用の丑の日」を前に、千葉市の鮮魚店「石毛魚類 千城台本店」では早くも売り場を大展開しています。たっぷり脂がのっているという国産うなぎの蒲焼きは1706円です。

来店客
「安いんじゃない。（前は）2000円とかね。これだったら買い時だよね」

ご飯の上にのせれば、それだけでごちそうです。去年の「土用の丑の日」には国産うなぎは2000円くらいでしたが、今年は今と同じ1700円ほどで販売できそうだといいます。また、中国産も去年より200円ほど安く販売できそうだということです。

来店客
「これなんてこれは絶対得です。3人で食べられます」

早くも活気づく「うなぎ商戦」。物価高の中、安く食べられるうなぎは消費活性化の“起爆剤”としても期待されています。

石毛魚類 千城台本店 山田昌央店長
「“イケイケどんどん”行くつもりです。限界まで下げられるので、それ（うなぎ）を目当てで来てもらえたら」

大手スーパー「イオン」でも、鹿児島県産のうなぎ蒲焼（156グラム）を「土用の丑の日」に向け、去年より500円ほど値下げした2354円で販売します。販売期間は7月24日から26日までです。

稚魚の豊漁などで東京の市場ではうなぎの安値が続いていて、今年5月の卸売価格は去年と比べて2割以上も安くなっています。
■「うなぎり」30個完食なら1万2000円が無料
日テレNEWS NNN
この“異例の安値”を受け、東京・新宿区の「鰻次郎 神楽坂」では太っ腹なサービスを実施しています。ドーンと置かれたのは、国産うなぎを使ったおにぎり、その名も「うなぎり」30個です。職人が焼き上げるため味も本格派です。

every.取材班
「フワッフワのうなぎに香ばしい香りがしっかりしていて満足感のある一品です」

なんと、この「うなぎり」30個を30分で完食できれば、料金1万2000円が無料になります。この企画は前日までの予約制です。飽きてきたらバターをのせたり、だしをかけたりと“味変”もできます。

東京鰻次郎 吉田和敏 代表取締役
「（完食に）成功した人が1人だけいます。（国産の）うなぎの仕入れ値が15％から20％下がっているので、その分還元できるなと」

うなぎを安く仕入れられるため、「うなぎり」の知名度アップを狙いこの企画を始めたということです。ほかにも50個と100個のコースがあり、食べきれない場合でも持ち帰ることができるため、無駄は出ないということです。
■総重量1キロ超えの「悪魔盛」
日テレNEWS NNN
安さが売りのチェーン店「名代 宇奈とと 新宿センタービル店」も、今年は「量」で消費者に還元しています。その名も「鰻とだし巻き玉子丼 悪魔盛」です。

every.取材班
「かなり大きいですね。1食とは思えない重さなんですけど」

容器の重さをのぞいても総重量はなんと、1キロ超えです。中国産のうなぎをまるごと1匹使用した「悪魔盛」は2980円で、定番のうな丼と比べると圧倒的なボリュームです。（今月25日と26日は販売休止）

国産同様、実は中国でもうなぎの稚魚が豊漁だということです。財務省の貿易統計によりますと、今年5月の中国産うなぎの輸入価格はおよそ2200円と、去年5月のおよそ4060円から半額ほどになっています。

名代 宇奈とと 国内責任者 田中朝也さん 
「相場の方は今後も下がってくると予想しています。お客様に満足いただけるメニューで還元していければと思います」

物価高の日本を「うなぎ」が元気にしてくれそうです。",[],[]
【速報】新たに5隻通過　ペルシャ湾内の日本関係船舶、現在26隻に（日テレNEWS NNN）,https://news.yahoo.co.jp/articles/6b36491b9e45962a4d067c0f7179354bb573490d,https://newsatcl-pctr.c.yimg.jp/t/amd-img/20260707-06654489-nnn-000-3-view.jpg?exp=10800,2026-07-07T10:26:00+09:00,2026-07-07T10:39:32+09:00,日テレNEWS NNN,nnn,日テレNEWS,226,"ホルムズ海峡
中東のペルシャ湾内に取り残されている日本関係船舶について、金子国土交通大臣は7日午前の会見で、4日から6日にかけて、新たに5隻がホルムズ海峡を通過したと明らかにしました。乗組員の健康状態に問題はなく、船体に異常もないということです。
【画像】米イラン間接的な協議終了　パキスタン政府「前向きな進展がみられた」
ホルムズ海峡の事実上封鎖により、ペルシャ湾内には当初、45隻の日本関係船舶が取り残されていましたが、現在は26隻となっています。",[],[]
NBA・八村塁選手、クリッパーズと契約合意　2年総額約45億円　米メディア（日テレNEWS NNN）,https://news.yahoo.co.jp/articles/07d7b9104f873a6925365b099d06e526c050f6eb,https://newsatcl-pctr.c.yimg.jp/t/amd-img/default.jpg?exp=10800,2026-07-07T09:25:01+09:00,2026-07-07T09:39:29+09:00,日テレNEWS NNN,nnn,日テレNEWS,440,"バスケットボールの八村塁選手（28）が、NBA・クリッパーズと2年総額およそ45億円で契約に合意したとアメリカメディアが報じました。
【画像】河村勇輝、29歳で亡くなった元同僚クラークを追悼　ゴンザガ大では八村塁、グリズリーズでは渡邊雄太ともチームメート
スポーツ専門メディアESPNなどは6日、八村塁選手がロサンゼルスに拠点を置くNBA・クリッパーズと2年総額2800万ドル、日本円でおよそ45億円で契約に合意したと伝えました。

八村選手はレイカーズとの契約満了に伴い、フリーエージェントとなっていました。

八村選手は2019年、日本人初となるドラフト1巡目での指名を受けウィザーズに入団し、2023年のオフには3年契約でレイカーズに移籍していました。

八村選手は自身のSNSで、「レイカーズファンの皆さん、3年間ありがとうございました。素晴らしい時間をたくさん共有することができました。皆さんと共に作り上げた思い出をいつまでも大切にします」と感謝の思いをつづっています。",[],[]
今年5月の実質賃金 前年同月比1.4％増で5か月連続プラス「現金給与総額」は4か月連続3％以上増（日テレNEWS NNN）,https://news.yahoo.co.jp/articles/53943a19176836ced42b7fcd22e38d2fcacd4621,https://newsatcl-pctr.c.yimg.jp/t/amd-img/20260707-09273394-nnn-000-2-view.jpg?exp=10800,2026-07-07T08:30:00+09:00,2026-07-07T08:54:29+09:00,日テレNEWS NNN,nnn,日テレNEWS,400,"日テレNEWS NNN
今年5月の実質賃金が発表され、前年同月比で5か月連続のプラスとなりました。

厚生労働省が発表した「毎月勤労統計調査」の速報値によりますと、基本給や残業代、賞与などを合わせた今年5月の1人あたりの現金給与総額は、平均31万1165円でした。
【画像】パートやアルバイトの時給「過去最高水準」　一方で実質賃金は4年連続マイナスに
前の年の同じ月と比べて、3.2％増え、4か月連続で3％以上のプラスとなり、厚労省は、春闘などの影響により基本給が安定的に上がっているとしています。

また、物価の変動を反映させた実質賃金は、前年同月比で1.4％増え5か月連続のプラスとなりました。

実質賃金が5か月連続でプラスとなった要因について、厚労省は、物価の上昇率が去年よりも低い傾向にあるほか、賃金が堅調に伸びているためと分析しています。

今後も物価の動向を注視していくということです。",[],[]
故ハメネイ師の棺のせた車両が葬列　現指導者のモジタバ師は姿現さず（日テレNEWS NNN）,https://news.yahoo.co.jp/articles/a650d2f2be62a8b4eaf04694e41e952dd7840745,https://newsatcl-pctr.c.yimg.jp/t/amd-img/20260707-06527828-nnn-000-5-thumb.jpg?exp=10800,2026-07-07T07:56:00+09:00,2026-07-07T09:12:30+09:00,日テレNEWS NNN,nnn,日テレNEWS,472,"日テレNEWS NNN
イランの前の最高指導者アリ・ハメネイ師の葬儀は3日目を迎え、棺をのせた車両が首都テヘラン市内をめぐる葬列が行われました。
【画像】「アメリカに死を」怒りの声も…　イランで故ハメネイ師の国葬　首都中心部を埋め尽くす参列者
イランの国営通信によりますと、葬列は6日の朝から始まり、故ハメネイ師の棺をのせた車両がテヘラン市内を巡りました。

政府の呼びかけに応じて集まった大勢の市民が道路を埋め尽くし、イランの国旗などを振りながら、故ハメネイ師の棺とともに、市内を練り歩きました。

一連の葬儀にはイラン政府の高官や外国の要人らが参列した一方、現在の指導者、モジタバ・ハメネイ師は、これまでのところ姿を現していません。また、これまでメッセージなども確認できていません。

ニューヨーク・タイムズは「本人は参列を希望しているが、警備から暗殺などの懸念を指摘され姿をみせていない」と報じています。

現地メディアによりますと、故ハメネイ師の遺体は中部の都市コムに到着したということで、9日には故郷のマシュハドに埋葬される予定です。",[],[]
寺の本堂など全焼　“指導や修行の量に不満”　放火疑いで28歳僧侶見習いを逮捕「人生のすべてが嫌に」　佐賀・伊万里市（日テレNEWS NNN）,https://news.yahoo.co.jp/articles/95cd71e69c1cbc8c6dcea88b55631b9875ce24b2,https://newsatcl-pctr.c.yimg.jp/t/amd-img/20260707-02227124-nnn-000-1-thumb.jpg?exp=10800,2026-07-07T07:55:00+09:00,2026-07-07T07:55:00+09:00,日テレNEWS NNN,nnn,日テレNEWS,750,"日テレNEWS NNN
佐賀県・伊万里市の寺で先週、本堂などが全焼した事件。この寺で修行中の僧侶見習いの森永吉容疑者（28）が放火の疑いで6日、逮捕されました。森容疑者は警察の調べに対し「人生のすべてが嫌になった」と話しています。
【画像】「人生のすべてが嫌に…」僧侶見習いが修行の寺を放火か　佐賀・伊万里市
◇　◇　◇

先週火曜（6月30日）、オレンジ色の炎に包まれ、激しく燃えていたのは佐賀県伊万里市にある圓通寺。黒く焼け落ち、骨組みがむき出しになっている様子も見られます。

火事を目撃した男性
「火が高く上がって赤い火の粉が本堂の辺りだと思うんですけど」

この火事でおよそ140年前、明治時代に建てられたという本堂や、住職や僧侶が居住する「庫裏」と呼ばれる建物が全焼しました。

出火当時、寺の建物内にはこの寺で修行をしていた僧侶見習いの男性2人がいましたが、6日、そのうちの1人、森永吉容疑者が寺を放火した疑いで逮捕されました。森容疑者は去年4月から、この寺で僧侶見習いとして修行していたということです。
■14世紀ごろ創建　由緒ある寺
日テレNEWS NNN
14世紀ごろに建てられたという由緒ある寺で起きた、僧侶見習いによる“放火事件”。関係者への事情聴取や防犯カメラの捜査などから森容疑者の関与が浮上し、逮捕にいたったということです。調べに対し、森容疑者は――。

「人生のすべてが嫌になった」

さらに――。

「ほかの見習いに比べ、お経などの修行が多く、言葉で叱られるほか、警策で叩かれたり、頭を平手打ちされたりすることがあった」（供述の趣旨）

容疑を認めていて、指導のあり方や修行の量に不満があったと話しているということです。

（7月6日放送『news zero』より）",[],[]
トランプ大統領「ファウルと思わなかったので…」　サッカーW杯“米選手にレッドカード”FIFA会長に再検討要求（日テレNEWS NNN）,https://news.yahoo.co.jp/articles/09740a0b7676d21c9aaf854fd791dfabf36e08cf,https://newsatcl-pctr.c.yimg.jp/t/amd-img/20260707-09335586-nnn-000-2-thumb.jpg?exp=10800,2026-07-07T07:39:00+09:00,2026-07-07T07:53:28+09:00,日テレNEWS NNN,nnn,日テレNEWS,489,"日テレNEWS NNN
アメリカのトランプ大統領は6日、サッカーワールドカップでアメリカ代表選手がレッドカード判定を受けたことをめぐり、FIFA（＝国際サッカー連盟）の会長に再検討を求めたことを明らかにしました。
【画像】トランプ大統領、FIFA会長に再検討求めたと明かす　アメリカ代表選手のレッドカード判定めぐり
トランプ大統領
「ファウルだとは思わなかったので再検討を求めただけ」

トランプ大統領は6日、サッカーワールドカップ決勝トーナメント1回戦のボスニア・ヘルツェゴビナ戦で、アメリカ代表のエースでフォワードのバログン選手がレッドカードで退場となったことを受け、FIFAのインファンティノ会長に電話し、再検討を求めたと述べました。

バログン選手は1試合、出場停止となるはずでしたが、処分は1年間猶予され、6日に行われる決勝トーナメント2回戦のベルギー戦に出場できることになっていました。

一方、FIFAのインファンティノ会長はトランプ大統領から電話があったことは認めましたが、決定を下したのは独立した機関で、その「独立性と法の支配を尊重している」と強調しています。",[],[]
【天気】全国的に晴れ間　天の川も期待（日テレNEWS NNN）,https://news.yahoo.co.jp/articles/845299810c6f44f11e6a1fe01446de1a21a3998e,https://newsatcl-pctr.c.yimg.jp/t/amd-img/20260707-08631273-nnn-000-3-view.jpg?exp=10800,2026-07-07T07:31:00+09:00,2026-07-07T07:50:31+09:00,日テレNEWS NNN,nnn,日テレNEWS,574,"日テレNEWS NNN
【7日（火）の天気】
全国的に雲が多いものの、雨のところは少ないでしょう。夜もうっすらと雲が広がりますが、天の川がみられるところはありそうです。日本海側を中心に晴れるでしょう。秋田など東北の日本海側はスッキリと晴れそうです。
【1か月予報】高温傾向　猛暑エリアは拡大
ただ、午後になると西日本の山沿いを中心に所々でにわか雨があるでしょう。関東は雲が多くなりますが、ときおり日は差すでしょう。洗濯物は外に干せそうです。

【日中の気温】
東北から沖縄で真夏日のところがあるでしょう。昼間は暑くなるので、水分の補給はこまめにおこなってください。鹿児島は34℃、秋田や福井は31℃まで上がるでしょう。

札幌　25℃（7月中旬）
仙台　26℃（7月中旬）
新潟　29℃（7月中旬）
東京　26℃（6月中旬）
大阪　30℃（平年並み）
福岡　32℃（7月下旬）

【週間】
九州から関東は11日（土）にかけて晴れて暑いでしょう。30℃以上の真夏日のところが多く、週の後半は内陸で猛暑日のところもありそうです。急に暑くなりますので、熱中症にお気を付けください。北日本は9日（木）から梅雨前線がかかり、雨の日が続くでしょう。沖縄は週末は台風9号が近づきます。9日（木）から雨になり、10日（金）と11日（土）は荒れた天気になるでしょう。",[],[]
子ども2人死亡　父親を逮捕…一家に“相談歴なし”　近所の住民「平和なお宅ってイメージ」群馬・伊勢崎市（日テレNEWS NNN）,https://news.yahoo.co.jp/articles/60804ab13eed0c2dabd180715afb9aaef0870945,https://newsatcl-pctr.c.yimg.jp/t/amd-img/20260707-05192524-nnn-000-3-view.jpg?exp=10800,2026-07-07T07:20:00+09:00,2026-07-07T11:39:29+09:00,日テレNEWS NNN,nnn,日テレNEWS,2000,"日テレNEWS NNN
群馬県伊勢崎市の住宅で6歳の長女と3歳の長男が倒れているのが見つかり、死亡が確認されました。父親が警察に出頭し、「首を絞めて殺した」などと話しているということです。
【動画】6歳長女と3歳長男が死亡　「首を絞めて殺した」逮捕の父親と子どもに何が　群馬・伊勢崎市
■父親「ネクタイなどで首を絞めた」
日テレNEWS NNN
5日夜、群馬県伊勢崎市の住宅街にサイレンが鳴り響きました。警察車両が赤色灯を光らせ向かった先には、救急車が2台。そして、警察官らの姿もありました。

小学1年生で長女の井上明莉さん（6）と長男の柊利ちゃん（3）が亡くなりました。

長女・明莉さんに対する殺人の疑いで逮捕されたのは、死亡した2人の父親の井上敏典容疑者（42）でした。

井上敏典容疑者
「ネクタイなどで首を絞めた」

警察によると、子どもに関する相談歴はなかったという一家に何があったのでしょうか。
■「子どもが倒れている」母親が通報
日テレNEWS NNN
6日午前中、雨が降るなか、警察による鑑識作業が行われました。

この家には、父親と母親、子ども2人の4人が暮らしていました。警察によりますと、亡くなったのは小学1年生の井上明莉さん（6）と柊利ちゃん（3）です。

5日夜、事件が起きた自宅周辺には警察車両がかけつけました。

近所の住民
「外へ出たら道路が遮断されて、100mくらい通行止めだった」
「パトカーが来て近いよねって話になったら、目の前にとまり始めた。怒鳴り声とかはなかった」
◇
日テレNEWS NNN
現場となったのは、群馬県伊勢崎市の住宅で、近くには公園や保育園がある閑静な住宅街です。

5日午後8時ごろ、母親からの「子どもが倒れている」との通報で、事件は明らかになったといいます。警察官などがかけつけると、2階の寝室とみられる部屋の布団の上で明莉さんと柊利ちゃんが倒れていたということです。その場で死亡が確認されました。

2人に目立った外傷はありませんでしたが、首には絞められたような痕があり、明莉さんの近くには複数のネクタイが落ちていたということです。

井上容疑者は、調べに対し「長女と長男の首を絞めて殺した」「ネクタイなどで首を絞めた」と明莉さんの殺害について容疑を認めていて、柊利ちゃんについても殺害をほのめかしているということです。
■小学生になったばかり「月曜日待っているね」と
日テレNEWS NNN
明莉さんは4月に小学生になったばかりでした。明莉さんを知る人は…

近所の住民
「元気で活発で明るくて、（明莉さんの）おじいちゃんが囲碁を教えてたので、本人も囲碁にすごい興味があって、うちの子も囲碁やってたので一緒にできるようになるといいねって。学校でも明るい子って子どもたちから聞いている」
「『おはよう』って言うと向こう（明莉さん）も『おはよう』って」

子どもを明莉さんと同じ学童に通わせているという保護者は「明莉ちゃんと遊んだ子の話を金曜日に聞いて、『月曜日待っているね』って明莉ちゃんが言ったんですって。すごくショックでした。子どもも同い年だし」と話していました。
◇
日テレNEWS NNN
事件当時、井上容疑者は仕事が休みだったということです。一方で、母親は朝から仕事へ。夜、帰ってくると、子どもが倒れているのを発見したといいます。通報後、母親は「旦那がいない。連絡もとれない」と話しました。

警察官が井上容疑者を捜そうとすると、自ら車を運転し、警察署に来たといいます。警察官に声をかけられた井上容疑者は「子どもを殺した」と答えたということです。
■子どもと公園に…「本当に普通のお父さん」
日テレNEWS NNN
井上容疑者はスーパーで働いているといいます。近所の人は、井上容疑者が子どもと公園にいるところを見かけたことがあると話します。

近所の住民
「2人連れていたよ、公園に。今年の2月ごろかな。優しそうなお父ちゃん」

――乱暴とかイメージは

近所の住民
「ないない、そういうのは全然ない」
「本当に平和なお宅ってイメージしかなかった。人柄もいい人だったから、怖い感じもないし、暗い感じもないし、本当に普通のお父さん」

また、井上容疑者の小中学校の後輩だという人は「中学校の同じ野球部で真面目で後輩思いの人。昔から明るい感じで物静かな方で目立つような人ではなかった」と話していました。

近所の住民
「おまわりさんも何人かいて、普通じゃないなって思った。何の意味でそういう事件が起きたのか」

子どもに関する警察への相談歴はなかったという一家。警察は7日、明莉さんの司法解剖を行うとしていて、死因の特定を急ぐとともに、事件の詳しい経緯や動機について調べています。

（7月6日放送『news zero』より）",[],[]
森保一監督が未来の日本代表候補の質問に回答「小学校時代の練習法は？」「日本選手と海外選手の違いは？」（日テレNEWS NNN）,https://news.yahoo.co.jp/articles/326aac32f18f2d16652a18a22e2ff8b546442180,https://newsatcl-pctr.c.yimg.jp/t/amd-img/20260707-08218356-nnn-000-2-view.jpg?exp=10800,2026-07-07T07:10:00+09:00,2026-07-07T09:34:31+09:00,日テレNEWS NNN,nnn,日テレNEWS,502,"サッカー日本代表の森保一監督(写真：AP/アフロ)
サッカー日本代表の森保一監督が未来の日本代表候補を目指す子供たちの質問に回答しました。
【動画】サッカー日本代表の森保一監督らが羽田空港に到着
自身の小学校時代の練習法を聞かれると「ひたすらボール蹴ってました。ドリブルとかシュート練習とか。弟とか父を捕まえて。自分の時間はほぼやってた」と話すとスタジオでは感心の声を上がります。「でも遊ぶことも大好きでした」と最後にそれだけじゃなかったことも付け足しました。

次世代の選手に期待することについては「うまくなりたい、強くなりたい、成功したいという夢を持ってひたむきに頑張ってもらいたい。ひたむきにがんばってほしい。自信持って欲しい自分は出来るって」と力強く答えました。

また、日本選手と海外選手の違いについては「技術的なスルスルっていうきれいな日本とゴツゴツガリガリの海外の違いがある。くずしてゴールを決めると、放り込んでゴリゴリでゴールを決める違いがある」と説明。「世界を身につけた中で日本の戦いを忘れずにすれば大丈夫だと思います」と話しました。

(7月6日放送 日本テレビ「ZIP!」を再構成)",[],[]
NYダウ終値、初の5万3000ドルの大台突破（日テレNEWS NNN）,https://news.yahoo.co.jp/articles/0dde32c85467074ea3c1b8f3a7890c3f5d7d7706,https://newsatcl-pctr.c.yimg.jp/t/amd-img/20260707-08915327-nnn-000-2-view.jpg?exp=10800,2026-07-07T07:07:01+09:00,2026-07-07T07:20:37+09:00,日テレNEWS NNN,nnn,日テレNEWS,242,"日テレNEWS NNN
アメリカのニューヨーク株式市場で6日、ダウ平均株価は終値で初めて、5万3000ドルの大台を突破しました。

6日のニューヨーク株式市場ダウ平均株価は、前の営業日だった2日の終値と比べて155ドル84セント高い5万3055ドル91セントで取引を終えました。

2営業日連続の最高値更新で、終値で初めて5万3000ドルの大台を突破しました。

ハイテク株などが買われ、ブルームバーグは、「AI関連銘柄にまだ上昇の余地があるとの観測が広がったため」と分析しています。",[],[]
【大相撲】若隆景が「大腿コンパートメント症候群」で緊急手術・入院　五月場所で優勝も…今後は治療に専念（日テレNEWS NNN）,https://news.yahoo.co.jp/articles/de7cb47e2431b587a1da3a17f3f5f8dd04e2e11a,https://newsatcl-pctr.c.yimg.jp/t/amd-img/20260707-04996274-nnn-000-1-view.jpg?exp=10800,2026-07-07T07:00:00+09:00,2026-07-07T07:00:00+09:00,日テレNEWS NNN,nnn,日テレNEWS,474,"2026年の五月場所で優勝した若隆景(左)【写真：日刊スポーツ/アフロ】
大相撲・荒汐部屋は6日、若隆景が「大腿コンパートメント症候群」と診断され、入院したことを発表しました。
【画像】25年には34年ぶりとなるロンドン公演を行った大相撲
東京の両国国技館で行われた五月場所で優勝した若隆景。七月場所をひかえ、二場所連続優勝にも期待がかかっていましたが、当面は治療に専念する形となりました。

荒汐部屋によると、若隆景は1日の稽古中に左大腿(だいたい)部に痛みを感じて稽古を中断。その後、痛みが激しくなったため救急車で搬送され、「大腿コンパートメント症候群」と診断されたといいます。急性コンパートメント症候群とは、筋肉の壊死(えし)など永久的な障害につながる恐れがあるもの。一刻を争う治療が必要な病状だったそうで、数時間に及ぶ緊急手術を受け、現在は容態は安定しているとのことです。

荒汐部屋は「再び、長い道のりになります。どうかこれからも力士 若隆景を変わらずお支えいただきますよう、謹んでお願い申し上げます」とコメントを発表。回復が待たれます。",[],[]
W杯で疑惑　FIFAがアメリカ代表選手の出場停止処分を猶予…トランプ大統領が介入か　次戦相手監督は皮肉（日テレNEWS NNN）,https://news.yahoo.co.jp/articles/a9bf0298973870282665fab1c092d023799abc39,https://newsatcl-pctr.c.yimg.jp/t/amd-img/20260707-05967596-nnn-000-2-view.jpg?exp=10800,2026-07-07T06:50:00+09:00,2026-07-07T07:02:29+09:00,日テレNEWS NNN,nnn,日テレNEWS,2474,"日テレNEWS NNN
サッカーワールドカップである疑惑が浮上しています。FIFA＝国際サッカー連盟がアメリカ代表選手の出場停止処分を猶予すると発表しましたが、決定の背景にトランプ大統領の介入があったとアメリカメディアが報じています。
【画像】トランプ大統領、FIFA会長に再検討求めたと明かす　アメリカ代表選手のレッドカード判定めぐり
■トランプ大統領「FIFAが正しい判断…感謝する」
日テレNEWS NNN
アメリカ、カナダ、メキシコで行われている、サッカーワールドカップ。日本時間7日に行われる、ベスト8をかけたベルギー戦に向けて練習していたのは、アメリカ代表チームです。

軽快なステップで動くのが、今大会で3得点を決めているエースストライカーのバログン選手。前の試合でレッドカードを受け退場となっていたため、次の試合は出られないはずでしたが、FIFAが、処分を1年間猶予すると発表。一転して、ベルギー戦への出場が可能となったのです。

これについてニューヨーク・タイムズは、アメリカのトランプ大統領がFIFAのインファンティノ会長に電話し、処分の見直しを依頼したと報じました。

バログン選手の出場が決まったあと、トランプ大統領は、SNSを更新し「FIFAが正しい判断をして、大きな不正を覆したことに感謝する」と投稿しました。

レッドカードが出されたのは、現地時間1日に行われた、決勝トーナメント1回戦、ボスニア・ヘルツェゴビナ戦です。

バログン選手は、ボールが出されたサイドへと走り込みますが、相手選手と衝突。バログン選手が、相手選手の足を踏んでしまっていました。

審判はその様子を確認し、レッドカードが出され一発退場。さらに、次の試合に出場できなくなるはずでしたが、今回、そのペナルティーが1年間猶予される異例の事態になっているのです。
◇
日テレNEWS NNN
AP通信によりますと、ワールドカップで出場停止の判断が覆るのは、1962年のチリ大会以来だといいます。

ブラジル代表のガリンシャ選手が、決勝出場停止となりましたが、準決勝の対戦国であったチリの大統領が請願し、ガリンシャ選手の出場が認められました。
■“FIFAがすり寄っている”米メディアの辛辣報道も
日テレNEWS NNN
今回、アメリカメディアが報じているとおり、トランプ大統領による、処分見直しの依頼があったのでしょうか。

これまで、FIFAのインファンティノ会長と、トランプ大統領は、親しい様子をカメラの前で見せてきました。

また、インファンティノ会長が、アメリカのFOXNEWSの番組に出演した際には、今大会の決勝戦にトランプ大統領が出席し、トロフィーを手渡す予定だと明かしていました。

FIFA　インファンティノ会長
「私たちはトランプ大統領と共に決勝戦を楽しみ、優勝チームにトロフィーを一緒に授与する」

ほかにも、去年12月には、新設した「FIFA平和賞」をトランプ大統領に授与。

トランプ大統領
「人生最大の栄誉の1つだ」

その場には、トランプ大統領のお気に入りの歌手が登場し、選挙集会で使われる、YMCAの生演奏を披露していました。

当時、この件について、アメリカメディアは、FIFAが、大会の円滑な運営のために、開催国のトランプ大統領にすり寄っていると辛辣に報じていました。
■ベルギー監督“エープリルフールだと知らなかった”
日テレNEWS NNN
こうしたなか、発表された、アメリカ代表のエース、バログン選手の処分の猶予。これに、次の対戦国である、ベルギーサッカー協会は、「驚いている」などと声明を発表しています。

また、試合前日の会見に臨んだ代表チームの監督は、5日にバログン選手の出場許可が発表されたことを受けて皮肉を飛ばしました。

ベルギー代表　ガルシア監督
「W杯では7月5日は、実は4月1日（エープリルフール）だとは知らなかった」

一方で、レッドカードが出された際に、抗議するような身振りをしていたアメリカ代表の監督は「99.9％の人が、あれが不公平なレッドカードだったと全員が同意している。トランプ大統領が介入していたことにも驚かない」と話していました。
■「ファウルで止めればいいと…」影響を懸念
日テレNEWS NNN
サッカーを長年取材するスポーツライターは、ワールドカップ以外の試合であれば、出場停止処分に猶予がつくことは度々あると話します。

スポーツライター　木崎伸也氏
「レッドカードが少し重すぎる、もしくはあれは誤っていたと判断されると、出場停止が適用されないこともあります。ただワールドカップという短期決戦において、世界中の興味関心が高いところで行われる、開催国に一方的に有利になるような判断だったので、余計にいろんなことが疑われてる」

注目度が高い試合で処分が覆ったことによる、今後の影響が懸念されるといいます。

スポーツライター　木崎伸也氏
「レッドカードが出た選手がこれは不当なレッドカードだと抗議して、1年間猶予してくれっていうふうになるとレッドカードが形骸化する。ファウルで止めればいいとか、そういうふうになってしまう恐れがある」
■米サポーター「FIFA会長の問題だと思う」
日テレNEWS NNN
日本時間7日に行われる、アメリカ対ベルギー戦。両国のサポーターに話を聞きました。

アメリカのサポーター
「アメリカのサポーターとしてはかなり満足しているが、反対側の立場も、もちろんわかる。これは難しい状況だと思う。ただ一度レッドが出たら、それはレッドカードだ。これはトランプ大統領の問題というより、インファンティノ会長の問題だと思う」

ベルギーのサポーター
「サッカーが腐敗していると言いたくはないが、世間は今回のことを非常に印象的だと感じているだろう。でも、選手たちはこの状況を乗り越えるほどのプロフェッショナルだ」

（7月6日放送『news zero』より）",[],[]
ロックバンド・怒髪天　今年結成42年　プラチナワード賞を受賞　増子直純「やらねばならないことはいっぱいある」（日テレNEWS NNN）,https://news.yahoo.co.jp/articles/1fff6a003a41d952de318d63ed172bef313f4320,https://newsatcl-pctr.c.yimg.jp/t/amd-img/20260707-08422898-nnn-000-1-view.jpg?exp=10800,2026-07-07T06:45:00+09:00,2026-07-07T06:45:00+09:00,日テレNEWS NNN,nnn,日テレNEWS,668,"プラチナワード賞を受賞した怒髪天
ロックバンド・怒髪天が5日、都内で開催された『第12回プラチナエイジ授賞式』に出席。プラチナワード賞を受賞した喜びを明かしました。
【動画で見る】ロックバンド・怒髪天、プラチナワード賞を受賞
生き方が輝いている60歳以上の人々を“プラチナエイジスト”として表彰するこの賞。怒髪天は、2009年にリリースした『オトナノススメ』が2025年、CMに起用され、還暦を迎える節目に『オトナノススメ～還暦上等！～』を発表。“続けていれば、周りが変わった”を体現しているとして『プラチナワード賞』を受賞しました。

プラチナワード賞は、毎年協会が制定する、今年のキーワードにそった活躍をし、多くの人たちの勇気や希望、生き方の道しるべとなった人に贈られます。今年のキーワードは続く、継続を意味する『続』です。
■増子直純「まだまだ我々もやらねばならないことはいっぱいある」
受賞スピーチをする増子直純さん
今年でバンドを結成して42年となる怒髪天。増子直純さん（60）は「賞をもらったことなんて一回もないよね？」とコメント。「賞をもらったり、褒められることがほぼなかったのできょうは非常にありがたいなと思っています」と喜びを語りました。

さらに、増子さんは長年ロックバンドを続けている先輩について「先輩方もまだ非常に元気にやっていらっしゃる。矢沢永吉さんとかですね。ザ・ローリング・ストーンズ先輩とか。そういう先輩たちがいるってことはまだまだ我々もやらねばならないことはいっぱいあると思います」と心境を語りました。",[],[]
森保一監督「未来の本命の世界一に向けて本気だっていうのろしをあげた大会」4試合終えて肌で感じた違い（日テレNEWS NNN）,https://news.yahoo.co.jp/articles/8341ac3ebf391d2684397404d5c6eb6276bd83e4,https://newsatcl-pctr.c.yimg.jp/t/amd-img/20260707-04441775-nnn-000-1-view.jpg?exp=10800,2026-07-07T06:23:00+09:00,2026-07-07T06:23:00+09:00,日テレNEWS NNN,nnn,日テレNEWS,606,"サッカー日本代表の森保一監督(写真：ゲッティ)
サッカー日本代表の森保一監督が今大会を経て感じたことを明かしました。

グループステージ初戦で強豪オランダにリードされても食らいつき、2-2で勝ち点をつかんだ日本。ノックアウトステージ1回戦では過去5度の優勝経験をもつブラジルに先制点を奪うなど、世界に力をみせた日本代表。
【画像】激闘を終えて帰国したサッカー日本代表
森保監督は「優勝を目標にしてましたが、本命ではなくダークホースだったと思ってますし、チームでも共有してました」とコメント。

それでも「日本は目標を決めたらサッカーだけでなく、いろんなスポーツも企業も異業種の方々もそこにたどり着けると思っていて、未来の本命の世界一に向けて本気だっていうのろしをあげたという大会だと私は思っています」と力強く話しました。

「手前味噌になりますが、試合4試合やった中で明らかに相手の我々に対する対策度合いが変わってきている」と世界中が日本に対する見方が変わっていると感じたそうです。

「日本人の選手たちの自信を持って自分のペースで相手のことも知りながら戦うっていうのが変わってきた。何よりもスタジアムの空気が日本人がたくさん来ていただいて、メディアを通してたくさんの方々が応援して下さってその空気感が変わった」とサポーターも含め日本の強さの変化を語りました。

(7月6日放送 日本テレビ「ZIP!」を再構成)",[],[]
国会正常化へ…与野党“攻防”　高市首相「副首都法案」と「定数削減法案」の成立に万全尽くすよう指示　維新・吉村代表と党首会談調整も（日テレNEWS NNN）,https://news.yahoo.co.jp/articles/073bb2889204947aeaa168bea636cec6db9df3cb,https://newsatcl-pctr.c.yimg.jp/t/amd-img/20260707-02463377-nnn-000-2-view.jpg?exp=10800,2026-07-07T06:15:00+09:00,2026-07-07T06:40:31+09:00,日テレNEWS NNN,nnn,日テレNEWS,1857,"日テレNEWS NNN
国会の正常化に向け与野党の攻防が続くなか、野党は、高市首相に対し国会の出席時間の短さを追及しました。高市首相は「これからもお求めがあればしっかり出席して答弁する」と応じました。
【動画で見る】高市首相、国会の出席「これからもお求めがあれば」　正常化へ…与野党が“攻防”
■10日ぶりの国会出席　野党は“中傷動画報道”めぐる追及
日テレNEWS NNN
6日、高市首相が向かったのは、参議院の決算委員会です。

野党からはさっそく“中傷動画報道”をめぐる追及がありました。

立憲　羽田議員
「自ら国会で説明をするのではなく陳述書提出を考えた理由を、簡潔にお答えいただければと思います」

高市首相
「あらかじめ陳述書を提出して、質疑者の方にも国民の皆さまにも、全体像を読んでいただくことで理解が深まると考えたもの。陳述書を提出して国会での質問に対応しないという趣旨ではないということだけは、ご理解をいただきたいと存じます」

6日の委員会は、もともと高市首相の出席が予定されていたもので、国会に出席したのは、10日ぶりのことでした。
■高市首相の国会出席時間　野党「少ない」と指摘
日テレNEWS NNN
質疑では、高市首相の国会への出席時間の短さに対する指摘も。

公明　宮﨑議員
「参議院の予算委員会の集中審議を例にとりますと、高市首相がこれまでに出席した時間は本日時点で15時間半にとどまっている。昨年の常会（通常国会）の石破前首相の49時間、一昨年の常会（通常国会）の岸田元首相の40時間に比べ、まだはるかに少ない水準にあるのではないか」

高市首相
「審議時間を含めまして、国会審議の進め方を国会でお決めいただくものであります。これまでも申し上げてまいりましたが、出席の要請がありましたら、今日もですけれども、このように出席して誠実に答弁させていただいております。今後もその方針でございます」
■野党が審議の全てで欠席…政府・与党への「2つの不満」
日テレNEWS NNN
与野党の議員がそろい、通常通りに行われた委員会ですが、先週までは野党は全党が、本会議や審議の全てで欠席を続けていました。

そのワケは、政府・与党の国会対応に対する2つの不満です。

1つは与党が「副首都」や「議員定数の削減」の法案について、野党の合意なしで与党だけで審議入りを決めたこと。

そしてもう1つが野党側が求めている党首討論の開催や集中審議への出席に、高市首相が応じなかったことです。
■党首討論は「15日」で実施調整　正常化へ…与野党“攻防”
日テレNEWS NNN
こうしたなか自民と立憲は6日、党首討論を今月15日に、集中審議は今国会の会期内の実施を調整していくことで一致しました。

これを受け、野党側も参議院では、7日から委員会に出席する考えを示しています。
■「副首都法案」と「定数削減法案」の成立に万全を尽くすよう指示
日テレNEWS NNN
役員会後に取材に応じた自民党の鈴木幹事長は。

自民　鈴木幹事長
「（高市首相から）皇室典範改正法案をはじめ17本の閣法（内閣提出法案）が残っている。また連立政権合意書に盛り込まれている、定数削減法案と副首都法案も維新との連立にとって枢要。国会運営に万全を尽くしていただきたい（と指示があった）」

高市首相から「副首都」や「衆議院の議員定数の削減」の法案について、今国会での成立に万全を尽くすように指示があったと明らかにしました。

日本維新の会との連立合意を重視する姿勢を改めて強調したかたちです。
日テレNEWS NNN
そして、複数の与党関係者によりますと7日夕方、高市首相と維新の吉村代表との与党党首会談が調整されていることが新たに分かりました。

2つの法案の扱いなどについて協議するものとみられます。
■中国海軍が戦略ミサイル発射…日本政府は懸念伝える
日テレNEWS NNN
一方、中国海軍の原子力潜水艦が6日、訓練として戦略ミサイル1発を太平洋の公海上に向けて発射しました。

日本政府は、5日に中国側から「宇宙ゴミの落下区域の設定を行う」との通告があり、日本の排他的経済水域が含まれることを確認し、6日午前になって、弾道ミサイルを発射するとの説明があったとしています。

木原官房長官は中国側に対し、軍事活動が活発化していることへの深刻な懸念を伝えたと明らかにしました。

（7月6日放送『news zero』より）",[],[]
【バスケW杯1次予選】日本は韓国との最終戦落とすも首位通過　2次予選進出チーム出そろう（日テレNEWS NNN）,https://news.yahoo.co.jp/articles/64bcef6f052f6867c8702156f4be8418a00f845c,https://newsatcl-pctr.c.yimg.jp/t/amd-img/20260707-05422599-nnn-000-1-view.jpg?exp=10800,2026-07-07T06:00:00+09:00,2026-07-07T06:00:00+09:00,日テレNEWS NNN,nnn,日テレNEWS,620,"FIBAバスケットボール ワールドカップ2027アジア地区予選1次予選順位表
◇FIBAバスケットボールワールドカップ2027アジア地区予選WINDOW3

バスケットボールW杯の1次予選WINDOW3の試合が各地で行われ、2次予選に進出するチームが決まりました。
【画像】バスケ日本代表・渡邊雄太選手
グループB通過を決めていた日本はアウェーで韓国と対戦。第4クオーター最終盤にフリースローで1点差まで詰め寄ったものの、あと一歩及ばず79-81で敗れました。

2次予選へ進出したのは各グループの上位3チーム(グループDはW杯開催国のカタールと、カタールを除く上位2チーム)。日本とカタールの他、オーストラリア、ニュージーランド、フィリピン、韓国、中国、イラン、ヨルダン、シリア、レバノン、サウジアラビアが進出しました。

日本は2次予選でグループFに入り、中国、サウジアラビア、カタール、レバノン、韓国と同組に。2次予選を終え、グループFの6チーム中カタールを除く上位3チームに入ればW杯進出となります。戦いは8月27日、サウジアラビアとのアウェー戦からスタートします。

【日本1次予選 日程結果】
25年11月28日 ○ 90-64 台湾
25年12月1日 ○ 80-73 台湾
26年2月26日 ● 80-87 中国
26年3月1日 ○ 78-72 韓国
26年7月3日 ○ 92-73 中国
26年7月6日 ● 79-81 韓国",[],[]
【陸上】U20世界選手権の日本代表を発表　後藤大樹、久保凛ら43人が名を連ねる（日テレNEWS NNN）,https://news.yahoo.co.jp/articles/e002abe6c23917bd9304c44a3642272178ce69d7,https://newsatcl-pctr.c.yimg.jp/t/amd-img/20260707-01611834-nnn-000-1-view.jpg?exp=10800,2026-07-07T06:00:00+09:00,2026-07-07T06:00:00+09:00,日テレNEWS NNN,nnn,日テレNEWS,1074,"U20世界選手権の日本代表に選ばれた後藤大樹選手、久保凛選手(写真：YUTAKA/アフロスポーツ)
日本陸連(JAAF)は6日、「オレゴン2026 U20世界陸上競技選手権大会」に派遣する日本代表選手43選手を発表しました。
【画像】「ちょっと大人になりたいなと」陸上800m久保凛選手　社会人になり“ピアス”のデビュー
大会は今年8月5日(水)～9日(日)にアメリカ・オレゴンで開催。6月の日本選手権400mハードルで高校新記録やU20日本新記録、U18世界最高記録など更新した後藤大樹選手(洛南高校2年)が選出。9月のアジア大会代表にも選出されている17歳が世界に挑みます。

また同じくアジア大会日本代表で800m日本記録保持者の久保凛選手(積水化学)や昨年100mで10秒00を記録した清水空跳選手(星稜高校3年)も名を連ねます。

長距離種目では、春先からトラックで存在感を示す本田桜二郎選手(早稲田大学1年生)、新妻遼己選手(早稲田大学1年生)、増子陽太選手(早稲田大学1年生)らの“早大スーパールーキー”らが登録されました。

▽U20日本代表選手
【男子】
清水空跳　100ｍ/4×100ｍリレー
菅野翔唯　100ｍ/4×100ｍリレー
篠崎博翔　4×100ｍリレー
アブラハム 光オシナチ　200m/4×100mリレー
井手友郎　200m/4×100mリレー
本田桜二郎　1500m/3000m
新妻遼己　3000m
増子陽太　5000m
栗村凌　5000m
古賀ジェレミー　110mハードル（99.0cm）
鎌倉舞飛　110mハードル（99.0cm）
後藤大樹　400mハードル
千葉遼　400mハードル
古賀想太　3000m障害
杉本拓海　3000m障害
畝地雄大　走高跳
中村佳吾　走高跳
井上直哉　棒高跳
谷口海斗　棒高跳
⾧谷部光輝　走幅跳
大森恵偉音　走幅跳
井上敏志　三段跳
アツオビン アンドリュウ　ハンマー投（6kg）
岩坂レオン　やり投
宮下輝一　十種競技
井上俊弥　5000m競歩
六本木直斗　5000m競歩

【女子】
久保凛　800ｍ
ドルーリー朱瑛里　1500ｍ
木田美緒莉　1500ｍ
⾧森結愛　3000m
芦田和佳　3000m
吉田彩心　5000m
男乕結衣　5000m
藤田紗季　100mハードル
二階堂咲　100mハードル
ガードナ レイチェル麻由　400mハードル
田谷玲　3000m障害
近田ココ　円盤投
鈴木彩夏　やり投
黒川愛星　やり投
田畑晴光　5000m競歩
堀伊吹　5000m競歩",[],[]
【ゴルフ】新海美優が第1子女児を出産　夫・松田一将と喜びの報告「元気な赤ちゃんを見たら本当にかわいかった」（日テレNEWS NNN）,https://news.yahoo.co.jp/articles/50a66725b137237f7c865993bd6dd6ae0e672c21,https://newsatcl-pctr.c.yimg.jp/t/amd-img/20260707-05717799-nnn-000-2-view.jpg?exp=10800,2026-07-07T05:30:00+09:00,2026-07-07T06:02:28+09:00,日テレNEWS NNN,nnn,日テレNEWS,557,"第1子となる女児を抱く新海美優選手(写真提供)
女子プロゴルファーの新海美優選手が6日、マネジメント事務所を通じて第1子を出産したことを報告しました。

新海選手は大分県出身の30歳。14年にプロテストに合格し、17年には賞金ランキング39位でシード権を獲得。さらに下部のステップ・アップ・ツアーでは2勝を挙げるなど、プロゴルファーとして第一線で活躍してきました。

2024年には同じプロゴルファーの松田一将選手と結婚。6月14日に第1子となる女児を出産したことを発表しました。

新海選手は、赤ちゃんを抱き上げる写真や足に指輪をかけた写真とともに「私、生まれたばかりの赤ちゃんを見たことがなくて…。出産の時はすごく痛かったですけど、元気な赤ちゃんを見たら本当にかわいかったです。今まではゴルフだけで“のめりこんで”しまっていたので、子供のことを考えるようになるから(競技も)バランスよくできるようになるかもしれません」と喜びのコメントをつづりました。

また、夫の松田選手も「本当にかわいくて、あらためて“頑張らなきゃ”と思いました。試合に行っても子供に会いたいから早く家に帰りたいですけど、その気持ちを抑えて頑張らないといけません」とコメントし、父親としての決意を新たにしています。
(写真提供)
♢　♢　♢",[],[]
【殺人未遂の疑い】児童と通行トラブル？　バックで追いかけ“ひき逃げ”…44歳男逮捕　10年前に免許失効　大阪・守口市（日テレNEWS NNN）,https://news.yahoo.co.jp/articles/47f47bd8507c274ba305441cbe5fdeb6a5e3a005,https://newsatcl-pctr.c.yimg.jp/t/amd-img/20260707-02362764-nnn-000-2-thumb.jpg?exp=10800,2026-07-07T00:42:00+09:00,2026-07-07T06:01:41+09:00,日テレNEWS NNN,nnn,日テレNEWS,1228,"日テレNEWS NNN
大阪府の路上で車をバックして小学生をはね殺害しようとしたとして男が逮捕された事件で、男の運転免許が10年前に失効し、無免許運転だったことが分かりました。
【画像】運転免許は10年前に失効　猛スピードのバック走行…男児はねて殺害しようとした疑い　44歳男逮捕
■「ひき逃げです」と通報　男児（11）が全治2週間のケガ
日テレNEWS NNN
現場近くの防犯カメラの映像。

自転車が数台走っていったおよそ4秒後、白い車が現れ、猛スピードでバックする様子が映っています。自転車を追いかけるようにして走っていったその直後、ひき逃げ事件が起きました。
日テレNEWS NNN
事件が起きたのは大阪府守口市。静かな住宅街です。

通報があったのは先週金曜日（3日）の午後6時ごろ。

通報 
「ひき逃げです。音を聞きました」

警察によりますと、自転車に乗っていた小学6年の男子児童（11）が軽自動車にはねられ、頭にすり傷など全治2週間のケガをしました。
■10年前に免許失効…逮捕の男は“無免許”運転
日テレNEWS NNN
殺人未遂の疑いで逮捕・送検されたのは、車を運転していた建設作業員の滝本洋平容疑者（44）。10年前に運転免許を失効していて、無免許の状態で運転していたことが6日、新たに分かりました。

猛スピードでバックで走行し、ひき逃げ、そして、無免許運転だったという滝本容疑者。いったい何があったのでしょうか。
■バックで追いかけ…児童をはねた後に柱に激突、走り去る
日テレNEWS NNN
瀬川裕大記者（読売テレビ）
「事件の直前、男子児童は友人3人とともに、車に乗った滝本容疑者とすれ違いざまに通行トラブルになり、滝本容疑者が車をバックして児童をはね、そのまま逃げたということです」

当時、道路を走行していた滝本容疑者。すると前から被害児童ら4人組が自転車で走ってきたといいます。

すれ違う際に、滝本容疑者がクラクションを鳴らすなどの通行トラブルが。その後、車がスピードを上げて、少なくともおよそ60メートル、バックで被害児童らを追いかけたといいます。

児童をはねた後、道路沿いの柱に激突し、車は走り去っていったということです。
■近所の人「音がすごかった。子供が倒れて…」
日テレNEWS NNN
滝本容疑者の車が衝突した柱は大きく折れ曲がり、衝撃の強さがうかがえます。

近所の人
「音がすごかった。（Qどんな音？）交通事故と分かった。ガチャーンとぶつかった音。（Q様子見てみた？）様子見たけどね、子供が倒れて洗濯の竿（さお）が散らばっとった」

滝本容疑者は事件からおよそ2時間後、警察に出頭し、その後逮捕されました。

調べに対し、「わざとぶつけようとしたわけではない」と容疑を否認しているということです。

警察は当時の詳しい状況について、捜査を進めています。

（7月6日放送『news zero』より）",[],[]
ハマス、ガザ地区実効支配を担う独自政府機関の解散発表（日テレNEWS NNN）,https://news.yahoo.co.jp/articles/28125315d154857876db94a07bb2cceffc9145c6,https://newsatcl-pctr.c.yimg.jp/t/amd-img/default.jpg?exp=10800,2026-07-07T00:39:00+09:00,2026-07-07T06:01:41+09:00,日テレNEWS NNN,nnn,日テレNEWS,425,"イスラム組織ハマスは6日、パレスチナ自治区ガザ地区で実効支配を担ってきた独自の政府機関を解散したと発表しました。
【画像】ガザ地区　去年10月の停戦発効以降、死者が1000人超える
ロイター通信などによりますと、ハマスは6日、ガザ地区で実効支配を担ってきた独自の政府機関を解散したと発表しました。アメリカが仲介し、去年10月に発効したイスラエルとの停戦合意の一環として、国連が支援する技術委員会に権力を移譲する準備を進めているということです。

ただ、行政機関の職員はそのまま留任し、引き続きガザ地区の一部で治安維持など活動は続けると主張しています。

ハマスはイスラエル側が繰り返し停戦合意に違反し、ガザ地区からの軍の撤退などを履行していないと非難しています。

イスラエルは停戦以降の攻撃についてガザ地区での過激派の脅威を阻止するためだと主張していますが、ハマスはイスラエルがガザ地区での攻撃を停止するまで武装解除には応じないと拒否していてます。",[],[]
高市首相、国会の出席「これからもお求めがあれば」　正常化へ…与野党が“攻防”（日テレNEWS NNN）,https://news.yahoo.co.jp/articles/b8610f576d5acfadf155ec11917705e45ee555a3,https://newsatcl-pctr.c.yimg.jp/t/amd-img/20260707-04765922-nnn-000-2-thumb.jpg?exp=10800,2026-07-07T00:36:00+09:00,2026-07-07T06:02:28+09:00,日テレNEWS NNN,nnn,日テレNEWS,178,"日テレNEWS NNN
国会の正常化に向け与野党の攻防が続くなか、野党は、高市首相に対し国会の出席時間の短さを追及しました。高市首相は「これからもお求めがあればしっかり出席して答弁する」と応じました。
【画像】皇室典範改正案めぐり　野党側「数の力で押し通すものではない」高市首相を追及
※詳しくは動画をご覧ください（7月6日放送『news zero』より）",[],[]
トランプ大統領、FIFA会長に再検討求めたと明かす　アメリカ代表選手のレッドカード判定めぐり（日テレNEWS NNN）,https://news.yahoo.co.jp/articles/cbb024a6ae4f4a7dc61ed79f6d3b718439416525,https://newsatcl-pctr.c.yimg.jp/t/amd-img/20260707-03428152-nnn-000-6-thumb.jpg?exp=10800,2026-07-07T00:04:00+09:00,2026-07-07T06:01:41+09:00,日テレNEWS NNN,nnn,日テレNEWS,386,"日テレNEWS NNN
アメリカのトランプ大統領は6日、サッカーワールドカップでアメリカ代表選手がレッドカード判定を受けたことをめぐり、FIFA＝国際サッカー連盟の会長に再検討を求めたことを明らかにしました。
【画像】トランプ大統領　W杯優勝チームにトロフィー授与へ
トランプ大統領は6日、サッカーワールドカップ決勝トーナメント1回戦のボスニア・ヘルツェゴビナ戦で、アメリカ代表のエースでフォワードのバログン選手がレッドカードで退場となったことを受け、FIFAのインファンティノ会長に電話し、再検討を求めたと述べました。

また「審判の判定は酷かった」とした上で、審判の経歴について「少し怪しい」などと述べました。

バログン選手は1試合、出場停止となるはずでしたが、処分は1年間猶予され、6日に行われる決勝トーナメント2回戦のベルギー戦に出場できることになっていました。",[],[]
高市首相と吉村代表の会談調整「副首都法案」と「定数削減法案」協議か（日テレNEWS NNN）,https://news.yahoo.co.jp/articles/8f3b5e17e64f79cda128b3e24e479b6b7328ad52,https://newsatcl-pctr.c.yimg.jp/t/amd-img/20260707-09635462-nnn-000-3-thumb.jpg?exp=10800,2026-07-07T00:01:00+09:00,2026-07-07T06:01:41+09:00,日テレNEWS NNN,nnn,日テレNEWS,541,"日テレNEWS NNN
国会の会期末が迫る中、高市首相は自民党幹部に対し、副首都法案と衆議院の議員定数削減法案の今国会での成立に万全を尽くすよう指示しました。
【画像】皇室典範改正案めぐり　野党側「数の力で押し通すものではない」高市首相を追及
鈴木幹事長
「（高市首相から）皇室典範改正法案をはじめ、17本の閣法（内閣提出法案）が残っている。また、連立政権合意書に盛り込まれている定数削減法案と副首都法案も維新との連立にとって枢要、国会運営に万全を尽くしていただきたい（と指示があった）」

自民党の鈴木幹事長は、党の役員会で高市首相からこうした指示があったことを明らかにしました。

衆議院議員の定数削減法案と副首都法案を今の国会で成立させることは自民と維新の連立合意に含まれていますが、野党側が法案の審議入りに反対しており、成立のメドは立っていません。

維新の中司幹事長は6日この2法案について、国会の会期を延長してでも成立させるよう自民党幹部に伝えています。

高市首相としても連立合意を重視する姿勢を改めて強調した形です。

複数の与党関係者によりますと、7日夕方、高市首相と維新の吉村代表の与党党首会談を調整しています。2法案の扱いなどについて協議するものとみられます。",[],[]
