headline,mainEntityOfPage,image,datePublished,dateModified,author,media_en,media_jp,str_count,body,images,external_links
西野七瀬、投稿した写真に夫・山田裕貴が反応「愛くるしいがすぎるて」「仲良くて楽しそうだね」などファンもコメント（ABEMA TIMES）,https://news.yahoo.co.jp/articles/36ad35a9158f915e4665afa991b40953f5080042,https://newsatcl-pctr.c.yimg.jp/t/amd-img/20260909-10272141-abemav-000-1-view.jpg?exp=10800,2026-09-09T23:57:15+09:00,2026-09-09T23:57:15+09:00,ABEMA TIMES,abema,ABEMA TIMES,569,西野七瀬 乃木坂46の元メンバーで俳優の西野七瀬（32）が8日、Instagramを更新。連日撮影したという写真を公開し、反響が寄せられている。 【映像】 夫・山田裕貴がが反応した西野七瀬の写真（複数カット） 2024年3月31日に俳優・山田裕貴（35）との結婚を発表した西野。出演した映画『免許返納!?』や、アニメの祭典『クランチロール アニメ アワード 2026』に出席した際のオフショットをInstagramに投稿すると、夫の山田が「いいね！」をつけて反応しており、仲が良い夫婦の様子を見せていた。 投稿した写真に夫・山田裕貴が反応 西野七瀬 Instagramより 8日は、出演しているオムニバス・コメディー『コントと音楽 vol.7「今宵、丸の内で」』のオフショットを披露。「本日は休演日。7回が終わりました。毎回 本番前に写真撮ってるので7枚並べてみます。日付順のはず。あと、8回！」と、9月4日から7日に7公演を終え、それぞれの公演前に撮影した7枚の集合写真を公開した。 この投稿にも山田が「いいね！」で反応したほか、ファンからは「仲良くて楽しそうだね」「いよいよ折り返し…残りも楽しんでください！」「なーさん、愛くるしいがすぎるて」などの反響が寄せられている。（『ABEMA NEWS』より） ABEMA TIMES編集部,[],[]
星野真里、難病を患う長女・ふうかさんと親子でセッション（ABEMA TIMES）,https://news.yahoo.co.jp/articles/dead9d18abf496eba390d843555a437fb12adaf1,https://newsatcl-pctr.c.yimg.jp/t/amd-img/20260909-10272139-abemav-000-1-view.jpg?exp=10800,2026-09-09T23:45:30+09:00,2026-09-09T23:45:30+09:00,ABEMA TIMES,abema,ABEMA TIMES,617,ふうかさん Instagramより 俳優の星野真里（45）が、指定難病「先天性ミオパチー」を患う長女・ふうかさんとセッションする、親子ショットを披露した。 【映像】退院直後のふうかさんや親子でセッションの動画 2024年9月15日に更新したInstagramで、ふうかさんが生まれながらに筋組織の形態に問題があり、生後間もなく、あるいは幼少期から筋力低下に関わる症状が認められる「先天性ミオパチー」と診断されたことを公表した星野。同じ日にふうかさんの日常を紹介するInstagramを開設し、その後はプールで浮輪を使って遊んでいる様子や大好きだという運動会に参加したことなどを紹介している。 9月5日の投稿では「夏休みの思い出の一枚ですこの日は退院した日人生で一番大きな手術を乗り越え、人生で一番の痛みを伴うリハビリに耐え、そしてこの日を迎えることができました。22本ものネジと40センチにもわたるプレート（棒）と共にこの先生きていくふうか。その背中の手術後は頑張った証し乗り越えた勲章」とつづり、大きな手術とリハビリを乗り越え、車いすに乗って花火を楽しむ、ふうかさんの姿を公開。 長女・ふうかさんと親子でセッション ふうかさん Instagramより 8日はストーリーズを更新し、楽しげに歌うふうかさんに合わせて、星野がギターを演奏する、親子のセッション動画を披露した。（『ABEMA NEWS』より） ABEMA TIMES編集部,[],[]
SHAZNA・IZAM、最新ショットに「お人形さんみたい」「めちゃくちゃ可愛いですー」など反響 2025年に吉岡美穂との離婚発表（ABEMA TIMES）,https://news.yahoo.co.jp/articles/82682a9f2013ef6241efb0cc7e60780e9b67b920,https://newsatcl-pctr.c.yimg.jp/t/amd-img/20260909-10272129-abemav-000-1-view.jpg?exp=10800,2026-09-09T23:39:16+09:00,2026-09-09T23:39:16+09:00,ABEMA TIMES,abema,ABEMA TIMES,744,IZAM タレントのIZAMが8日、Instagramを更新。最新ショットに反響が寄せられている。 【映像】IZAMの最新ショットや元妻・吉岡美穂や子どもたちとの家族写真 1997年にビジュアル系ロックバンド・SHAZNAのボーカルとしてデビューしたIZAM。2006年11月に俳優の吉岡美穂と結婚し、2007年4月に長男、2008年11月に長女、2010年11月には次男が誕生した。夫婦それぞれのSNSでは、結婚記念日をお祝いした様子や、家族5人で写る写真、次男の入学式での親子ショットなどを公開し、仲むつまじい姿を見せていたが、IZAMが2025年12月31日に更新したXで「この度、パートナーとして20年という節目を迎えるにあたり 残りの人生をお互いに考え話し合った結果、別々の未来に向けて 歩き始めることとなりました」と、吉岡さんと連名で離婚を報告。その後、トーク番組に出演した吉岡さんが、離婚後もIZAMと同居していることを明かし、話題になった。 最新ショットに反響 IZAM Instagramより 9月8日に更新したInstagramでは、ハロウィンイベント用グッズや、10月にリリース予定のミュージックビデオの撮影を行ったことを明かし「あっという間に終わっちゃったよ昨夜あまり眠れてないから、きょうは早く眠りにつく」とつづり、ぱっつん前髪に姫カットの最新ショットを公開した。 この投稿にファンから「IZAMさん めっかわすぎて見てるだけでとろけちゃいます」「昔のメイクも綺麗で大好きやけど 今のメイクは めっちゃ可愛くて大好き」「お人形さんみたいで可愛いです」「いつまでも憧れ」など、絶賛の声が寄せられている。（『ABEMA NEWS』より） ABEMA TIMES編集部,[],[]
“三浦翔平と過ごす自宅での様子が話題”桐谷美玲（36）、自然体な姿に反響「ステキです！」（ABEMA TIMES）,https://news.yahoo.co.jp/articles/0a8ea779d878d138987562660bb20dde03c1de93,https://newsatcl-pctr.c.yimg.jp/t/amd-img/20260909-10272119-abemav-000-1-view.jpg?exp=10800,2026-09-09T23:12:16+09:00,2026-09-09T23:12:16+09:00,ABEMA TIMES,abema,ABEMA TIMES,395,桐谷美玲 Instagramより 俳優の桐谷美玲（36）がInstagramに投稿した自然体な姿に反響が寄せられている。 【映像】三浦翔平と過ごす自宅での様子や自然体な姿（複数カット） 2018年7月に、俳優の三浦翔平との結婚を発表し、現在、6歳の男の子を育てている桐谷。Instagramでは、部屋着姿で写る無防備な様子や、37歳の誕生日を迎えた瞬間に、ソファの上で横跳びをする三浦の写真など、生活感あふれるプライベートショットを披露し話題を呼んでいる。 自然体な姿に反響 桐谷美玲 Instagramより 9月8日の投稿では「秋服ってかわいいよね」とつづり、ラフな服装でカメラに向かってほほえむ姿を公開した。 ファンからは「ナイスコーデとてもステキです！」「可愛いー！ずっと憧れです！」など、様々なコメントが寄せられている。（『ABEMA NEWS』より） ABEMA TIMES編集部,[],[]
あいみょん、タトゥーが見える自撮りショット公開（ABEMA TIMES）,https://news.yahoo.co.jp/articles/22dc94c38cd1cf524f0d94c9c57ed1ac84ad69c0,https://newsatcl-pctr.c.yimg.jp/t/amd-img/20260909-10272118-abemav-000-1-view.jpg?exp=10800,2026-09-09T23:06:17+09:00,2026-09-09T23:06:17+09:00,ABEMA TIMES,abema,ABEMA TIMES,370,あいみょん Instagramより シンガー・ソングライターのあいみょん（31）が8日、Instagramのストーリーズを更新。タトゥーが見える自撮りショットを公開した。 【映像】あいみょんのタトゥーが見える姿（複数カット） これまでにSNSで、デジカメや鏡を使って自撮りしている動画などを公開しているあいみょん。腕のタトゥーが見えるライブのオフショットには、「新しいタトゥー入れた!?お花かな」 「タトゥーが見える季節になってきた」などの反響が寄せられ、話題になっていた。 タトゥーが見える自撮りショット公開 あいみょん Instagramより 8日に更新したInstagramのストーリーズでは、タンクトップ姿で、肩のタトゥーがチラリと見える最新の自撮りショットを公開した。（『ABEMA NEWS』より） ABEMA TIMES編集部,[],[]
“長期休暇中”ミセス・大森元貴（29）、カツラを外した姿にファン困惑「どうした？」「NGって見解でよろし？」（ABEMA TIMES）,https://news.yahoo.co.jp/articles/f26b1e4c0c3815f6e058f0b7a901f63cd314224a,https://newsatcl-pctr.c.yimg.jp/t/amd-img/20260909-10272112-abemav-000-1-view.jpg?exp=10800,2026-09-09T22:36:17+09:00,2026-09-09T22:36:17+09:00,ABEMA TIMES,abema,ABEMA TIMES,437,大森元貴 長期休暇中の3人組ロックバンド「Mrs. GREEN APPLE」の大森元貴（29）のカツラを外した姿が公開され、驚きの声が寄せられている。 【映像】大森元貴のカツラを被った姿と外した姿 2026年6月15日、グループのXが更新され、TBS系の冠番組『テレビ×ミセス』で、メンバーの若井滉斗（29）、藤澤涼架（33）とともに、カツラを被り、小学生に扮した姿が公開されていた大森。「いやもう誰やねん」「もっくんがヤンキーすぎるんよ」と、話題になっていた。 カツラを外した姿にファン困惑 Mrs. GREEN APPLE Xより 9月7日は、この日放送された『テレビ×ミセス』のオフショットが公開された。 カツラを被り、小学生の姿ではしゃぐ若井、藤澤と、カツラを外した大森の姿にファンからは「もう…あのヅラ姿はNGって見解でよろし？」「え？ もとき ヅラは？？ どうした？」など、驚きの声が寄せられている。（『ABEMA NEWS』より） ABEMA TIMES編集部,[],[]
「くろねこちいちゃんかわいい」とファン歓喜！「ちいかわベーカリー」秋限定の黒猫パンが10月2日登場（ABEMA TIMES）,https://news.yahoo.co.jp/articles/940eab10d34397bca02076d3a7cfd84888c5c12c,https://newsatcl-pctr.c.yimg.jp/t/amd-img/20260909-10272034-abemad-000-1-view.jpg?exp=10800,2026-09-09T22:15:34+09:00,2026-09-09T22:15:34+09:00,ABEMA TIMES,abema,ABEMA TIMES,831,"「ちいかわベーカリー」 「ちいかわベーカリー」および「ちいかわベーカリー OSAKA」にて、10月2日よりハロウィン仕様の限定パンや秋の特別メニューが期間限定で発売されることが発表され、SNS上では「黒猫仕様がかわいい」「こんなの可愛すぎで食べれないよー」と盛り上がっている。 【画像】かわいい、そしておいしそう！「ちいかわ」黒猫パンなど 『ちいかわ』は、ナガノ氏によるX発の人気漫画を原作とするアニメ作品。なんか小さくてかわいいやつ＝通称「ちいかわ」たちと、時にハラハラさせるシビアな世界観のギャップが大人から子どもまで幅広い人気を集めている。現在、テレビアニメがフジテレビ系列「めざましテレビ」内などで放送されており、7月24日からは『映画ちいかわ 人魚の島のひみつ』が公開中。ほかにも、スマホアプリ『ちいかわぽけっと』など幅広いメディアミックスを展開している。 昨年東京店で人気を博した「ちいかわ」「ハチワレ」「うさぎ」の黒猫バージョンのお顔パンが登場。栗あんが詰まった「ちいかわパン（黒猫）」、ほうじ茶クリームが入った「ハチワレパン（黒猫）」、かぼちゃあんを包んだ「うさぎパン（黒猫）」（各税込660円）がラインナップされる。対象のパンを3個購入ごとに、限定のオリジナルパッケージに包まれて提供される仕組みだ。 さらに、テイクアウト用の「パンプキンスープ」（税込790円）や、9月11日より発売予定の「紅茶缶（ピーチアプリコット）」（税込1,870円）など、秋の訪れを感じさせるメニューも揃う。10月1日からは、ノベルティ付優先入場券の購入者を対象に「黒猫ステッカー」がランダムで1枚プレゼントされる特典も実施される。 SNS上では「パンプキンスープもあるし行くしかない」「かわいい、そしておいしそう！」「くろねこちいちゃんかわいい」「限定パンが可愛いー！」といった声も寄せられており、早くも大きな注目を集めている。 （C）nagano アニメフリークス",[],[]
「未来の身体がなんか…」「青木の方が仕上がってる」公開計量でファンざわめき 「積み上げてきたものが」淡々と青木真也 腕組みの朝倉未来は「凄い試合を見せます」（ABEMA TIMES）,https://news.yahoo.co.jp/articles/67456646facafe423efb7296557b7a0d66a52435,https://newsatcl-pctr.c.yimg.jp/t/amd-img/20260909-10272110-abemav-000-1-view.jpg?exp=10800,2026-09-09T22:12:16+09:00,2026-09-09T22:12:16+09:00,ABEMA TIMES,abema,ABEMA TIMES,851,前日公開計量に臨んだ朝倉未来 いよいよ明日、京セラドーム大阪で『ANGEL CHAMPAGNE presents 超RIZIN.5 浪速の超復活祭り』が開催される。第8試合、メインのRIZIN＆PFLフェザー級タイトルマッチのラジャブアリ・シェイドゥラエフ vs. AJ・マッキーの一戦の注目度もさることながら、第7試合にRIZIN MMAルールで行われる朝倉未来（JAPAN TOP TEAM）と青木真也（フリー）の一戦も話題を集めている。9日、大阪市内で前日公開計量が行われたが、朝倉未来、青木真也、双方の“仕上がり具合”について、ファンがざわつく一幕があった。 【映像】ファンがざわついた朝倉未来の姿（全身） 2015年大みそかのRIZIN旗揚げ戦『SARABAの宴』で桜庭和志にTKO勝利を収めて以来、じつに11年ぶりに青木真也がRIZINの舞台に帰ってくる。相手は、“時代の寵児”・朝倉未来だ。 10日の決戦を前に、公開計量に臨んだ両者。先に体重計に上がった青木真也は契約体重の71.0キロに対して、70.65キロで計量をクリア。対する朝倉未来も71.0キロのジャストでクリアした。しかし、ファンの視線は思わぬところに注がれた。 「青木の方が仕上がってるな」「未来の身体がなんか…」「いつもより体ゆるい」 仕上がり具合では青木に軍配が上がるという格好となったが、その青木は「僕には積み上げてきたものがあります。明日、全力で出し切りたいと思います。よろしくお願いいたします」と語った。 対する朝倉は右手にマイクを持ち、その右腕に左腕を組みながら「オレも明日、ワクワクしてます。凄い試合を見せます。楽しみにしててください」と終始、リラックスした様子で抱負を口にした。 両者の対決に、双方のファンの思いが乗っかる形で予想もヒートアップしている。その気になる結末は、『ANGEL CHAMPAGNE presents 超RIZIN.5 浪速の超復活祭り』で明らかになる。 ABEMA TIMES編集部,[],[]
「副総監役、似合ってますね！」『踊る大捜査線』出演の声優・関智一が誕生日祝いに感謝「お誕生日おめでとうございます…！！！」など反響（ABEMA TIMES）,https://news.yahoo.co.jp/articles/8eedda23521b4416f63b0f5aa44d3fba099cee79,https://newsatcl-pctr.c.yimg.jp/t/amd-img/20260909-10272071-abemav-000-1-view.jpg?exp=10800,2026-09-09T22:06:17+09:00,2026-09-09T22:06:17+09:00,ABEMA TIMES,abema,ABEMA TIMES,713,声優・関智一 声優の関智一が自身のXを更新し、『踊る大捜査線 N.E.W. メトロポリスを駆け抜けろ！』公式からの誕生日祝いポストを引用して感謝を述べた。 【画像】『踊る大捜査線』副総裁コスチュームの関智一 関は「まさか！公式様にお祝いいただけるとは！？こんなに幸せな事ないです。公開が楽しみです！」という文章とともに投稿を引用している。引用された画像には、警察の制服に身を包んだ関が机の前に座り、正面を見据えている姿が収められている。公式ポスト内では「副総監役 ＃関智一さんのお誕生日 ！」とハッシュタグ付きでコメントされている。 この投稿に対し、ファンからは「関さん大好きです！おめでとうございます！」「お誕生日、おめでとうございます！公開楽しみにしています」「お誕生日おめでとうございます…！！！そして踊る出演おめでとうございます」「副総監役、似合ってますね！」と祝福の声や、映画を期待するファンの声が寄せられている。 『踊る大捜査線』は、警察機構を舞台にさまざまな事件や人間模様を描き、大ヒットを記録している人気シリーズで、長年にわたりテレビドラマや映画など幅広いメディアミックスを展開し続けている。最新作となる映画『踊る大捜査線 N.E.W. メトロポリスを駆け抜けろ！』（主演：織田裕二）は9月18日から公開される。 関は、『ドラえもん』の骨川スネ夫役（新キャスト）、『のだめカンタービレ』千秋真一役、『Fate』シリーズのギルガメッシュ役、『PSYCHO-PASS』狡噛慎也役、『鬼滅の刃』不死川実弥役などに出演。また、劇団「ヘロヘロQカムパニー」を主宰し、俳優としても舞台活動を継続している。 アニメフリークス,[],[]
「ふっ飛んでる！」シャルケ守護神がブチギレ…“まさかの行動”に騒然「怖すぎだろ」「目がマジやん」相手FWの動きに“怒り爆発”→味方ごと突き飛ばす（ABEMA TIMES）,https://news.yahoo.co.jp/articles/5922222c1f86932b819aa0a4c5012d2f8477e187,https://newsatcl-pctr.c.yimg.jp/t/amd-img/20260909-10271991-abemav-000-1-view.jpg?exp=10800,2026-09-09T22:00:38+09:00,2026-09-09T22:00:38+09:00,ABEMA TIMES,abema,ABEMA TIMES,795,カリウス 【ブンデスリーガ】シャルケ 0－0 バイエルン（日本時間9月6日/フェルティンス・アレーナ） 【映像】シャルケ守護神がブチギレ！→相手FWを突き飛ばす（実際の様子） シャルケのGKロリス・カリウスが、セットプレーのポジション争いで怒りを爆発させた。思わず相手選手を味方ごと突き飛ばす一幕に、ファンも騒然となった。 3年ぶりにブンデスリーガ1部へ昇格したシャルケは、日本時間9月6日の第2節で王者・バイエルンと対戦。守護神・カリウスの好セーブでバイエルンの攻撃を封じ、ゴールレスドローに持ち込んだ。 注目のシーンは26分だった。バイエルンが右CKを獲得すると、シャルケのゴール前では激しいポジション争いが繰り広げられた。カリウスの目の前では、FWイスマエル・サイバリがうろちょろと動き回り、守護神の周囲をぐるぐると回って幻惑するような動きを見せる。 サイバリをマークしていたMFデヤン・リュビチッチは、カリウスから引き離そうと体を入れて対応。しかし、サイバリもしつこくカリウスの前に入り続ける。すると直後、主審のホイッスルが鳴った。 その瞬間、カリウスがまさかの行動に出る。目の前にいたサイバリを、マークについていたリュビチッチごと突き飛ばしたのだ。 プレーを止めるための笛が改めて吹かれると、主審はカリウスのもとへ。注意を受けたカリウスは目を見開き、主審に対して強い口調で抗議を続けていた。この様子にSNSのファンからは、「カリウスこえぇ！」「怖すぎだろ」「目がマジやん」「ふっ飛んでる！」「味方も突き飛ばしてるw」「カリウス復活嬉しい」「カリウスは漢」といった反応が寄せられた。 そんなカリウスは、この日の試合では4本の枠内シュートを完璧にセーブ。王者・バイエルンを無失点に抑え、シャルケの勝ち点獲得に大きく貢献した。（ABEMA/ブンデスリーガ） ABEMA TIMES編集部,[],[]
女子テニス“世界王者”、魂の絶叫で衝撃「10-0」 死闘決着の瞬間に全米ファン総立ち、解説も「凄いサーブでしたね」と唸る（ABEMA TIMES）,https://news.yahoo.co.jp/articles/2eb5e707046f48e59e4ff73e14e3910bc97063a6,https://newsatcl-pctr.c.yimg.jp/t/amd-img/20260909-10272080-abemav-000-1-view.jpg?exp=10800,2026-09-09T21:51:16+09:00,2026-09-09T21:51:16+09:00,ABEMA TIMES,abema,ABEMA TIMES,698,2時間超の激闘を制し世界1位を死守したサバレンカ 9月7日（日本時間同8日）、全米オープンテニスの女子シングルス準々決勝が行われ、世界1位のアリナ・サバレンカ（ベラルーシ）が、同6位のリンダ・ノスコバ（チェコ）と対戦。7-6 （7-1）、3-6、7-6 （10-7）でフルセットの激闘の末に勝利し、6年連続6度目のベスト4進出を決めた。 【映像】死闘決着の瞬間、衝撃サーブ→魂の絶叫（実際の様子） タイブレークにもつれる激闘でマッチポイントとなった場面。サバレンカはファーストサーブをフォルトしたものの、見事なセカンドサーブでサービスエースを奪って死闘に終止符を打つと絶叫。サバレンカは天を仰ぎ、大きく口を開けて叫び声を上げた。アーサー・アッシュ・スタジアムに詰めかけた観客は総立ちとなり、大きな拍手が沸き起こった。 土壇場でも貫いた“攻めの姿勢” 勝負を決めた強烈な一撃に、WOWOW解説の神尾米氏は「凄いセカンドサーブでしたね」と称賛。「通常はかけて入れたくなるセカンド（サーブ）なんですけどもね」と土壇場での攻めの姿勢を高く評価した。その後、サバレンカはネット越しにノスコバと握手やハグを交わし、顔を覆い感極まった表情や笑顔を見せた。 この決着の瞬間は全米オープンの公式Xでも紹介され、「2022年以降の全米オープンでタイブレーク10-0」「アリーナ・サバレンカは勝負どころで恐れを知らない」と、驚きを持って伝え、反響を呼んだ。優勝を逃すと世界ランク1位から陥落する“女王”が土壇場で底力を見せつけた瞬間だった。（ABEMA/WOWSPO/全米オープンテニス） ABEMA TIMES編集部,[],[]
「可愛すぎるんだけど泣けちゃうぅ…」アニメ2期ラストで別離した『薬屋のひとりごと』“三人娘”の仲良しな新規イラストに複雑な反響も（ABEMA TIMES）,https://news.yahoo.co.jp/articles/6349950348b99672fa8407ff33f4da0df8bcd88b,https://newsatcl-pctr.c.yimg.jp/t/amd-img/20260909-10271795-abemad-000-1-view.jpg?exp=10800,2026-09-09T21:42:16+09:00,2026-09-09T21:42:16+09:00,ABEMA TIMES,abema,ABEMA TIMES,818,アニメ『薬屋のひとりごと』 アニメ『薬屋のひとりごと』公式Xにて、まるくじ「TVアニメ『薬屋のひとりごと』vol.2」の販売開始が発表され、新規描き下ろしイラストが公開された。猫猫（CV：悠木碧）、小蘭（CV：久野美咲）、子翠（CV：瀬戸麻沙美）の“三人娘”が草原に仲良く寝転ぶイラストだ。 【画像】仲良く寝転ぶ猫猫・小蘭・子翆 アニメ「薬屋のひとりごと」は、日向夏氏による同名のライトノベルが原作のアニメ作品。2社でコミカライズもされている大ヒット作だ。後宮で“毒見役”として働くことになった猫猫による推理劇や、猫猫と壬氏とのコミカルなやりとりなどが人気を博し大きな話題となった。TVアニメは第2期まで放送されており、第3期は2026年10月からと2027年4月からの分割2クールで放送予定。また2026年12月11日にはシリーズ初となる『劇場版 薬屋のひとりごと 亡妃の秘宝』が公開予定となっている。 まるくじvol.2のメインビジュアルは、花が咲く草原に寝そべり笑顔を見せる猫猫、小蘭、子翠の描き下ろしイラスト。同ビジュアルは「超大吉」のアクリルボードや、2種ある「大吉」のトートバッグのデザインとなっているほか、購入特典の大判ブロマイドにも使用されている。そのほか、ちびキャライラストがプリントされたアクリルジオラマやレター＆ブロマイドセット、缶バッジが用意されている。 「薬屋のまるくじ、三人娘やないかい！！！」といった驚きと喜びの声が上がったほか、アニメ2期の最後では離れ離れになってしまった3人の新規ビジュアルに、「可愛すぎるんだけど泣けちゃうぅ…」「切ない感じを受け取っちゃった…」「この3人が揃うことはもうないんかな…」と複雑な思いを吐露するファンも。コミカライズ版の構成を担当した七緒一綺氏は「ここに住もうかな」とコメントしている。 （C）日向夏・イマジカインフォス/「薬屋のひとりごと」製作委員会 アニメフリークス,[],[]
平本蓮が突然、泣いた 「ふとした瞬間に涙が…」みんなで作り上げた復帰への道筋 仲間やファン、妻へのアツい思い（ABEMA TIMES）,https://news.yahoo.co.jp/articles/ddd3260fd19ef20f272a5313912329138085e946,https://newsatcl-pctr.c.yimg.jp/t/amd-img/20260909-10272096-abemav-000-1-view.jpg?exp=10800,2026-09-09T21:30:37+09:00,2026-09-09T21:30:37+09:00,ABEMA TIMES,abema,ABEMA TIMES,1670,前日公開計量に臨んだ平本蓮 総合格闘家の平本蓮が、およそ2年にわたる長期離脱を経て、10日に京セラドーム大阪で開催される『ANGEL CHAMPAGNE presents 超RIZIN.5 浪速の超復活祭り』でファンの前に戻ってくる。相手は鈴木千裕を破っている強敵のカルシャガ・ダウトベック。激闘必至の好カードを前に、苦しくも充実した日々を振り返った平本蓮が、人目をはばからず涙を流した。その涙に隠された周囲への感謝、復活にかけたアツい思いとは――。 【映像】突如、“涙腺が崩壊”した平本蓮 「自分一人ではここには戻ってこれなかった。しみじみ練習しててすごく感じる。ふとした瞬間に涙がこぼれそうになるくらい…嬉しいっす。嬉しくて泣きそうになります」 そう話すと、ふいに平本は鼻に手を当て、鼻をすすり、目に溜めた涙をティッシュで拭った。 この一戦に向け、平本はダウトベック対策として、宇佐美正パトリックや宇佐美秀メイソンと練習を共にした。兄のパトリック曰く、メイソンは「超サウスポー。スピードも速いし、蹴りも蹴れる。ダウトベックより何がいいって、早いんで。フェイントも引き出し多いから」と弟を絶賛した。 平本のジムのモニターでダウトベックが鈴木千裕を2－1の判定で下した『RIZIN.50』の映像を食い入るように見つめる面々。平本は、次のように続ける。 「カナダでずっとアマチュアボクシングのエリートとしてカザフスタンの選手との対戦経験がパトリックとメイソンにはある。ダウトベックのカザフスタンボクシングが必要。僕にはないボクサーならではの観点というか。僕はあくまでもキックボクサー。一緒に試合を見ていても僕とパトリック、メイソンの思う視点って違うので」 パトリックが続ける。 「僕が考えていた対策と似たような答えが出てたのでよかった。（平本は）身体が強い。見てても張りがあって、すごくいい感じではある。本当にダウトベック選手は強いしパワーもあるけど、勝負をしたときに自分のやりたいことがうまくいかなかった場合、試合を捨てるようなイメージがある。ただ蓮くんは最後まで集中して勝ちに行こうとする。そういった姿勢でも蓮くんは勝ってると思います。技術面、打撃のパンチに関しては、特別差はない。あとはどちらが先に当たるか。いま、答え合わせをしながら先に当てられるように考えながらやっている」 平本には他にも頼もしい助っ人がいた。朝倉未来との一戦を攻略したステップはJSKA弘仁会 二瓶道場の二瓶卓郎氏から習得した技術。その二瓶氏が、朝倉戦以来となるサポートについた。 「大体形は出来上がった。あとは本人が試合までコンディションをしっかり整えてもらうのが一番」 二瓶氏は平本の仕上がりに太鼓判を押す。 運命の一戦に向けたトレーニングを振り返った平本は「脳で考えて動くと0.1、0.2秒遅れる。だから考えずに出た攻撃が自分の武器なので、染みつかせるように。剛毅會宗師・岩﨑先生と細かい修正をして普段から意識して、狙わずに。狙うと振っちゃうので。ここで勝ったら先生を証明できる」って部分もある。 打撃トレーナーの大珠は「誰かに特化した練習ではなく、オールマイティに総合力を磨き上げた。前回の朝倉戦の時に比べると総合力が全然違う」と自信をのぞかせる。 MMAヘッドコーチの大塚隆史も「余計なものを全部省いている感じ。ダウトベック自身も平本蓮相手でも打撃で勝負してくるはず。自分が劣勢とか危ない場面になったら入ってくるかなって。組みの対処、入ってくる方向、どの足を取りに来るかはわかってる…倒し切ってくれると思う」と期待を寄せた。さらに弟の丈も「いい時の兄貴と悪い時の兄貴って自分の中でわかる。今回は『大丈夫だな』っていう時の兄貴。やってきた研ぎ澄まされ感。安心感が違う」と信じて疑わない。 妻・里乃さんも「試合が決まってから日々イキイキしてて、“心技体”が過去イチ整ってる感じ。側で見てて負けると思わない。もちろん心配だけど、信じてます」と笑顔をのぞかせた。,[],[]
市川團十郎、“麻央さんにしか見えないと話題”麗禾＆勸玄のプライベートショットを公開（ABEMA TIMES）,https://news.yahoo.co.jp/articles/578570519e648fa455f9e5f8fbf0b804b3c70308,https://newsatcl-pctr.c.yimg.jp/t/amd-img/20260909-10272097-abemav-000-1-view.jpg?exp=10800,2026-09-09T21:27:15+09:00,2026-09-09T21:27:15+09:00,ABEMA TIMES,abema,ABEMA TIMES,472,市川團十郎 歌舞伎俳優の市川團十郎（48）が、子どもたちと過ごすプライベートの様子を公開し、反響を呼んでいる。 【映像】「麻央さんにしか見えない」と話題の麗禾＆勸玄（複数カット） 團十郎はこれまでも、15歳の長女・麗禾、13歳の長男・勸玄との日常をSNSで発信。家族での海外旅行中の様子や、「麻央さんにしか見えない」と話題になった子どもたちの2ショットなどをアップしてきた。 “十三代目市川團十郎白猿襲名披露”を追ったドキュメンタリー映画『襲名』が第83回ベネチア国際映画祭で上映されるため、9月3日からイタリアに滞在していることをブログで明かしていた團十郎。 麗禾＆勸玄のプライベートショットを公開 市川團十郎 ブログより 6日の更新では、帰国したことを報告し、麗禾とランチを楽しむ様子や、勸玄との2ショットを披露している。 これらの投稿にファンからは、「可愛い麗禾さん」「カンカンもカッコいい男になりましたね」「團十郎さん優しいパパのお顔ですね」などのコメントが寄せられている。（『ABEMA NEWS』より） ABEMA TIMES編集部,[],[]
アオハコバンド結成！？声優・小林千晃が披露した「バンド組んでそう」な『アオのハコ』5ショットにファン歓喜「新曲楽しみにしてます」（ABEMA TIMES）,https://news.yahoo.co.jp/articles/f69b9222e3884da065a200d59f1a2b3033e24c8b,https://newsatcl-pctr.c.yimg.jp/t/amd-img/20260909-10272029-abemad-000-1-view.jpg?exp=10800,2026-09-09T21:03:16+09:00,2026-09-09T21:03:16+09:00,ABEMA TIMES,abema,ABEMA TIMES,842,アニメ『アオのハコ』 声優の小林千晃が自身のXを更新し、9月6日に開催されたアニメ『アオのハコ』ワールドプレミアのオフショットを投稿した。小林を中心にキャスト陣が集結した1枚の写真が、小林が添えた一言もあってファンの間で話題となっている。 【画像】バンドの出番前にしか見えないクールなオフショット アニメ『アオのハコ』は、「週刊少年ジャンプ」にて連載された三浦糀氏による青春漫画が原作。中高一貫のスポーツ強豪校を舞台に、男子バドミントン部の猪股大喜が、1学年上で女子バスケ部のエース・鹿野千夏に恋をするところから物語は始まる。ある日、千夏が大喜の家に居候することになり、二人の距離は急接近。部活と恋、友情に揺れ動く繊細な心情描写が多くの共感を呼んだ。テレビアニメは2024年10月から連続2クールで放送。2026年10月4日よりSeason2が放送開始となる。 「バンド組んでそう」という一言とともに公開されたのは、小林（笠原匡役）を中心に、千葉翔也（猪股大喜役）、上田麗奈（鹿野千夏役）、鬼頭明里（蝶野雛役）、青山吉能（木戸夢佳役）が並んで座る写真。それぞれ舞台映えしそうな衣装を身にまとい、クールなポーズと表情を決めて佇む様子は、本当に音楽バンドがライブ前にバックステージで撮影したかのような洗練された雰囲気だ。 この投稿に対し、ファンからは「カッケー！全員ビジュがイイ〜！最高」「個性豊かなメンバーすぎる笑笑」「バンドの出番前のステージ袖でのワンショットに見えてきました」「アオハコバンド結成ですか！？」「アオハコバンド 新曲楽しみにしてます（？）」といった声が多数寄せられたほか、バンドのパートを予想（？）するコメントも。「立ち位置的にメインボーカルは千晃くんですか？」という声があった一方、「vo.鬼頭明里 gt.千葉翔也 ba.小林千晃 key.上田麗奈 dr.青山吉能 に見える笑」という意見も見られた。 （C）三浦糀/集英社・「アオのハコ」製作委員会 アニメフリークス,[],[]
「何してんねん」「やっちまったな」19歳エンバペ弟、衝撃の一発退場にファン騒然「若さが出たか」カメラに丸写りだった怒りの“強烈エルボー”炸裂の瞬間（ABEMA TIMES）,https://news.yahoo.co.jp/articles/fb36f0329ed64d9f0c0963307a365935bc64f459,https://newsatcl-pctr.c.yimg.jp/t/amd-img/20260909-10272018-abemav-000-1-view.png?fmt=jpeg&q=85&exp=10800,2026-09-09T21:00:37+09:00,2026-09-09T21:00:37+09:00,ABEMA TIMES,abema,ABEMA TIMES,889,リール FWイーサン・エンバペ 【UEFAチャンピオンズリーグ】リール 2－3 ベティス（日本時間9月9日/スタッド・ピエール＝モーロワ） 【映像】強烈エルボー炸裂の瞬間（実際のVAR画面） リールに所属する19歳のFWイーサン・エンバペが、まさかの一発退場となった。VARの介入で相手DFへの肘打ちが発覚。キリアン・エンバペの弟に対してファンからは厳しい声が上がっている。 リールは日本時間9月9日、UEFAチャンピオンズリーグのリーグフェーズ第1節でベティスと対戦。12分にはエンバペのクロスから上田綺世がゴールを挙げ、リールが先制したものの、試合は2－3で逆転負けを喫した。 問題のシーンは54分だった。2－2の状況からFWトロイ・パロットにゴールを許し、リールが逆転された直後。ベティスの選手たちがゴールを祝うなか、センターサークル内ではベティスのDFナタンが倒れ込んでいた。 ナタンは必死に主審へアピールしている様子。やがてVARも介入し、主審はOFR（オン・フィールド・レビュー）で状況を確認することになった。 中継映像でリプレイが流れると、ボールとは関係のない場面で、背後から近づいてきたナタンに対してエンバペが肘打ちを見舞っていたことが判明。主審はナタンにイエローカードを提示する一方、エンバペにはレッドカードを提示し、退場処分とした。 WOWOWで解説を務めた望月重良氏は「何か言われたんですかね？ それでコントロールできずに手が出たような」と解説。ABEMAのコメント欄やSNSでは、「何してんねん」「若さがでたか」「ガッツリ肘打ちやん」「負けてる状況でこれはあかん」「せっかくあやせのゴールをアシストしたのに」「エンパべ弟やっちまったな」「これはダメよ」と厳しい声が相次いだ。 エンバペはU-19フランス代表選出歴も持つ19歳のアタッカーで、兄はレアル・マドリーで活躍するキリアン・エンバペ。将来を嘱望される若手だけに、今回の一発退場は大きな反響を呼ぶこととなった。 （ABEMA/WOWSPO/UEFAチャンピオンズリーグ） ABEMA TIMES編集部,[],[]
カニVS柴犬の“仁義ある戦い”!? “まさかの珍客”に遭遇した柴犬…超至近距離で“ご挨拶”を試みる姿に「鼻はさまれるよ」ネット民ハラハラ（ABEMA TIMES）,https://news.yahoo.co.jp/articles/6427d811e41a9245930a14cffbad59576143734c,https://newsatcl-pctr.c.yimg.jp/t/amd-img/20260909-10271822-abemav-000-1-view.png?fmt=jpeg&q=85&exp=10800,2026-09-09T20:57:15+09:00,2026-09-09T20:57:15+09:00,ABEMA TIMES,abema,ABEMA TIMES,476,柴犬のおこげくんとカニ 散歩中に遭遇した“まさかの珍客”に、興味と恐怖の狭間で揺れる一匹の犬。鼻をくっつけんばかりの超至近距離で“ご挨拶”を試みる緊張の光景が、ネット上で大きな反響を呼んでいる。 【映像】超至近距離で“ご挨拶”する柴犬（実際の様子） Xに動画を投稿したのは、人懐っこくてお利口さんな柴犬「おこげ」くんの飼い主（@okogenox）。おこげくんがこの夏、道ばたで出会ったのは……なんと、カニ。初対面の「カニ」に恐る恐る挨拶している。 飼い主によると、散歩中に雑草近辺をクンクンとしたので何かと思って確認すると、カニを発見したという。 動画に映ったやり取りのあとは鼻での挨拶を終えバイバイしたそう。「おこげは少し名残惜しそうでした。もっと遊びたかったのかもしれません」とのことだ。 この“気になるけどちょっと慎重”な愛らしい姿は、Xで表示数330万超えの大反響となった。 動画を見た人からは、「鼻はさまれるよ」「遊びたいけど、挟まれるのが怖いんだね」などのコメントが寄せられている。（『わたしとニュース』より） ABEMA TIMES編集部,[],[]
将棋 藤井聡太王位がタイトル防衛で7連覇 伊藤匠二冠の挑戦を退ける（ABEMA TIMES）,https://news.yahoo.co.jp/articles/cca79c18d86f310e6338394e1b0ea84e3ab83fd7,https://newsatcl-pctr.c.yimg.jp/t/amd-img/20260909-10272081-abemav-000-1-view.png?fmt=jpeg&q=85&exp=10800,2026-09-09T20:51:17+09:00,2026-09-09T20:51:17+09:00,ABEMA TIMES,abema,ABEMA TIMES,284,藤井聡太王位・伊藤匠二冠 将棋の藤井聡太王位と伊藤匠二冠による「王位戦」第6局は藤井王位が勝利し、藤井王位はタイトルを防衛、7連覇を達成しました。 【映像】王位戦の様子 王位戦は、7番勝負で藤井王位は3勝2敗の成績で、タイトル防衛に王手を掛けて臨んだ第6局。 対局2日目は、神奈川県秦野市の鶴巻温泉「元湯陣屋」で午前9時から始まりました。 きのう、藤井王位が封じた60手目から再開。 途中、昼食休憩をはさんで、激戦を繰り広げ午後7時40分すぎ、伊藤二冠が投了しました。 藤井王位はタイトルを防衛し、7連覇を達成しました。（ANNニュース） ABEMA TIMES編集部,[],[]
岩田剛典「上京する前からの幼なじみ」人気バンドボーカルとの2ショットや幼少期ショットを公開「貴重な写真」などの反響（ABEMA TIMES）,https://news.yahoo.co.jp/articles/a059d24e8c8affcf4f3acdafc6c600fac52a93a9,https://newsatcl-pctr.c.yimg.jp/t/amd-img/20260909-10272087-abemav-000-1-view.jpg?exp=10800,2026-09-09T20:33:15+09:00,2026-09-09T20:33:15+09:00,ABEMA TIMES,abema,ABEMA TIMES,666,岩田剛典 ダンス＆ボーカルグループ「三代目 J SOUL BROTHERS」の岩田剛典（37）が、「上京する前からの幼なじみ」だという人気バンドボーカルとの2ショットや幼少期ショットを公開。ファンから多くの反響が寄せられている。 【映像】岩田剛典と幼なじみの2ショットや幼少期ショット これまでもInstagramで、ライブのオフショットやタイ・バンコクを満喫するプライベートな姿など、日常の様子を発信してきた岩田。 人気バンドボーカルとの2ショットや幼少期ショットを公開 岩田剛典 Instagramより 2026年9月7日の更新では、ロックバンド「I Don't Like Mondays.」のアルバムにゲスト参加したことを報告。幼なじみだというボーカルのYU（37）との2ショットや、幼少期の貴重な写真を披露している。「I Don't Like Mondays.のアルバムに参加させてもらいました。思い出がありすぎておさまらなかったリリックばかりです。悠誘ってくれてありがとう。上京する前からの幼なじみとまさか巡り巡って一緒に音楽作る日が来るとは、、人生。言いたいことはとにかく何もかもがエモい」 岩田の報告に、モデルの河北麻友子、元レスリング選手の吉田沙保里らが「いいね！」を付け祝福。ファンからも「リリースおめでとう」「ヤバすぎる 泣いてます」「貴重な写真ありがとうございます」「岩ちゃん、幼なじみの前だとまた違った表情するね」などのコメントが寄せられている。（『ABEMA NEWS』より） ABEMA TIMES編集部,[],[]
心の汚れも落とす“モフモフ洗濯機” 水風呂でグルグル…カピバラ2匹のシンクロ技に「逆回転もする（笑）」と話題（ABEMA TIMES）,https://news.yahoo.co.jp/articles/b1b63ca399b1bd7a874a9461eb2f9f6f21edcc13,https://newsatcl-pctr.c.yimg.jp/t/amd-img/20260909-10271821-abemav-000-1-view.jpg?exp=10800,2026-09-09T20:27:15+09:00,2026-09-09T20:27:15+09:00,ABEMA TIMES,abema,ABEMA TIMES,412,2匹のカピバラ 水風呂でカピバラ2匹がグルグルと回りながら泳ぎ続ける姿は、まさに“洗濯機”。仲良くシンクロした動きがネット上で話題になっている。 【映像】カピバラ2匹のシンクロ技（実際の様子） 投稿したのは、茨城県にある「霞ケ浦どうぶつとみんなのいえ」の公式X（@doubutsutominna）。「カピバラ洗濯機。どんな汚れでも落ちます」とコメントを添え、動画をアップした。 “洗濯機”という表現の通り、2匹のカピバラがグルグルと水の中を回っている。担当者に聞いたところ、「カピバラは泳ぐのが大好きで、回っていたのは、おそらく遊んでいたのだと思います」とのことだ。 限られたスペースで泳ごうとした、カピバラたちなりの工夫だったのかもしれない。 この動画を見た人からは「私の心の汚れも落ちそうだ」「ちゃんと逆回転もするんですね（笑）」などのコメントが寄せられている。（『わたしとニュース』より） ABEMA TIMES編集部,[],[]
「アル子可愛すぎるよ」「ヤバい奴なのに何でも許せちゃう」アルねこの信じられない行動にニヤニヤが止まらない『ヤニねこ』ミニアニメ（ABEMA TIMES）,https://news.yahoo.co.jp/articles/9801c57691dcdd6d60c180abb9f0e8055c3b7905,https://newsatcl-pctr.c.yimg.jp/t/amd-img/20260909-10271796-abemad-000-1-view.jpg?exp=10800,2026-09-09T20:24:15+09:00,2026-09-09T20:24:15+09:00,ABEMA TIMES,abema,ABEMA TIMES,845,アニメ『ヤニねこ』 アニメ『ヤニねこ』公式Xにて、ミニアニメ第18話が公開され、ファンの間で話題となっている。デフォルメされた頭身で描かれるアルねこ（CV：井澤詩織）が、行動のヤバさとは対照的に「可愛すぎる」と反響が寄せられた。 【映像】この頭身が合ってる！？ 『ヤニねこ』は、にゃんにゃんファクトリーによって「ヤングマガジン」にて連載中の同名漫画を原作とするアニメ作品。人間と獣人が共存する世界を舞台に、タバコを愛するヘビースモーカーで自堕落な獣人・ヤニねこと、同じアパートで暮らす一癖も二癖もある獣人たちが織りなす退廃的で生々しい日常を描く。その生活感と可愛らしいキャラクターデザインのギャップが反響を呼び、2026年7月よりテレビアニメが放送中であるほか、各動画サービスでの配信をはじめとする幅広いメディアミックスを展開し、大ヒットを記録している。 公開されたのは、怠惰なアルねこの日常風景。寝っ転がって漫画と思しき本を読みながら、本編と同じく瓶から直接チューブで酒を飲んでいたアルねこだが、飽きたのか伸びをしたところ、瓶を倒してしまう。中身がこぼれ、読んでいた漫画がビショビショに。「これハゲちゃんのだった。怒らせると怖いんだよなあ」とつぶやいたアルねこは、濡れた本を洗濯ハンガーで干すことに。しかし、その行為がアダとなり……。すべてに自堕落な雰囲気を醸しているアルねこの特徴が凝縮されたミニアニメとなっている。 この投稿に対し、ファンからは「ミニアニメのこの等身が抜群に合ってるアル子可愛すぎるよ」「アルほんとズルいw ナチュラルにヤバい奴なのに、井澤さんの声と演技が相まって、何でも許せちゃうキャラに進化しちゃってるものwww 可愛い過ぎるのよ」「大家のことハゲちゃんって呼んでるアルねこ可愛いw」「やっぱりミニアニメに一番映えるのはアルねこだよなぁ…」など、“可愛い”という声が多数寄せられている。 （C）にゃんにゃんファクトリー・講談社/ヤニねこ製作委員会 アニメフリークス,[],[]
「俺は、未来から来た」老人は全ての元凶について語る…『無職転生III』第12話先行場面カット公開（ABEMA TIMES）,https://news.yahoo.co.jp/articles/eb9910ce14a18bedb06b488caad088fd8a417a53,https://newsatcl-pctr.c.yimg.jp/t/amd-img/20260909-10272076-abemad-000-1-view.jpg?exp=10800,2026-09-09T20:15:34+09:00,2026-09-09T20:15:34+09:00,ABEMA TIMES,abema,ABEMA TIMES,646,『無職転生III』第12話 TVアニメ第3期『無職転生III 〜異世界行ったら本気だす〜』より、第12話「終わりと始まり」のあらすじ・先行場面カットが公開された。 【画像】アニメ『無職転生III』第12話先行場面カット 『無職転生 〜異世界行ったら本気だす〜』は、2012年から小説投稿サイト「小説家になろう」で連載が開始された理不尽な孫の手によるライトノベルが原作。34歳の無職・独身・引きこもりのニート男が、家族に家を追い出され、挙句交通事故死するも、剣と魔法の異世界でルーデウス・グレイラット（CV：内山夕実）として転生し、前世の記憶と後悔を糧に「今度こそ本気で生きていく」姿と壮大な冒険を描くファンタジー作品だ。シリーズ累計発行部数は1800万部を突破しており、2026年でアニメ化5周年を迎える。 TVアニメ第3期は、7月4日（土）より放送がスタート。第1話・第2話は“エリス修行編”と称し、ヒロインのひとりであるエリス・グレイラット（CV：加隈亜衣）が剣の修行の中で成長する姿が描かれた。そして第8話「空中城塞」から、新章【ケイオスブレイカー編】に突入した。 ■第12話「終わりと始まり」 【あらすじ】 「俺は、未来から来た」突如現れた老人はそうルーデウスに告げる。戸惑うルーデウスに対し、老人はこれからルーデウス自身に降りかかるという残酷で悲惨な出来事、そして、その全ての元凶について語る……。 （C）理不尽な孫の手/MFブックス/「無職転生III」製作委員会 アニメフリークス,[],[]
「匠二冠もメチャ強かった」伊藤匠二冠、王者・藤井聡太王位に2勝4敗で敗退 ファンは大興奮「やっぱ2人のタイトル戦は熱いね！」（ABEMA TIMES）,https://news.yahoo.co.jp/articles/f6ca3cfee4d9320cc5fef0a60ec7440d799c4a4d,https://newsatcl-pctr.c.yimg.jp/t/amd-img/20260909-10272083-abema-000-2-view.jpg?exp=10800,2026-09-09T20:12:17+09:00,2026-09-09T22:54:15+09:00,ABEMA TIMES,abema,ABEMA TIMES,1073,伊藤匠二冠 将棋の「伊藤園お〜いお茶杯第67期王位戦七番勝負」第6局が9月8、9日の両日、神奈川県秦野市の「元湯 陣屋」で行われ、挑戦者の伊藤匠二冠（叡王、王座、23）は藤井聡太王位（竜王、名人、棋聖、棋王、王将、24）に140手で敗れた。この結果、シリーズ成績2勝4敗となり惜しくも王位初奪取はならなかったものの、同学年の絶対王者と繰り広げた死闘にファンからは惜しみない称賛が送られた。 【映像】藤井王位が防衛7連覇を達成した瞬間 将棋界のタイトルを分け合う両者の激突は、まさに次代を象徴する名勝負となった。藤井王位が八冠を独占した後、すぐさま追走して叡王を奪取し、翌年には王座も獲得した伊藤二冠。自身三冠目を目指した本シリーズでは開幕局で白星を奪い好発進を決めると、連敗を喫した後も崩れることなく第4局でスコアをタイに戻すなど、驚異的な粘り腰で王者を最後まで苦しめた。 大混戦となった第6局を終え、両対局者は充実感と課題を口にした。激闘を制した藤井王位は「押さえ込まれて苦しい将棋だった。終盤はずっと急所がつかめないままだった」と対局を振り返り、「終盤まで見通せない難解な将棋が多かった。そういった将棋を指すことができて得るものの多いシリーズだった」と総括。対する伊藤二冠は「相早繰り銀の複雑な将棋になり、読みの精度を欠いた部分もあったが、終盤まで難しい局面が続いたので、最後もう少し何かなかったかなと思う」と語り、「2日制の将棋を6局指せたことは充実感のある時間だった。内容の悪い将棋もあったので、全体的に力が足りなかったと受け止めている」と前を向いた。 死闘を見届けたABEMAの視聴者からは、激闘を演じた伊藤二冠への労いと、両雄のライバル関係への興奮の声が殺到した。コメント欄には「匠二冠もメチャ強かった」「匠くん強かったお疲れ様でした」「匠惜しかったけどよくやったよ」といった温かいメッセージや、「やっぱ2人のタイトル戦は熱いね！」「やっぱこの二人だと面白いな」「やはり藤井を苦しめるのは伊藤なのね」と二人の宿命の対決に胸を打たれるファンが続出。「大激闘だった」「なんてすごい将棋なんだ」「観てるだけでも疲れるわ。お疲れ様でした」と、歴史に残る名シリーズを称える言葉で溢れ返った。 敗れはしたものの、最高峰の舞台で王者を極限まで追い詰める底力を改めて証明した伊藤二冠。将棋界の現在と未来を牽引する両雄のライバルストーリーは、これからもファンを熱狂させていくに違いない。 （ABEMA/将棋チャンネルより） ABEMA TIMES編集部,[],[]
「飛距離も精度も異次元だ」鈴木彩艶の“60m弾丸フィード”に絶賛の嵐！衝撃のCLデビューに「シャビ・アロンソかい」「完璧すぎる」（ABEMA TIMES）,https://news.yahoo.co.jp/articles/79cea37b4f1a39e1c354b2e027670b3315233ebe,https://newsatcl-pctr.c.yimg.jp/t/amd-img/20260909-10272082-abemav-000-1-view.png?fmt=jpeg&q=85&exp=10800,2026-09-09T20:12:17+09:00,2026-09-09T20:12:17+09:00,ABEMA TIMES,abema,ABEMA TIMES,973,CLデビューを飾った鈴木彩艶 【UEFAチャンピオンズリーグ】クルブ・ブリュッヘ 2－3 アストン・ヴィラ（日本時間9月9日/ヤン・ブレイデルスタディオン） 【映像】衝撃的な「60m弾丸フィード」 アストン・ヴィラに所属する日本代表のGK鈴木彩艶が、衝撃的なロングフィードでファンの度肝を抜いた。 今夏にパルマからアストン・ヴィラに移籍した鈴木は日本時間9月9日、UEFAチャンピオンズリーグ（CL）・リーグフェーズ第1節のクルブ・ブリュッヘ戦に先発出場。日本人GKとしては初のCLデビューを飾ると、いきなり“挨拶がわり”のロングフィードを見せる。 開始50秒、自陣ボックス内でバックパスを受けた鈴木は、プレッシャーがないと見るや前線の状況をゆったりと確認する。そして、右足を大きく振りかぶると、右前方へロングフィード。約60メートルの飛距離をものともせず、ボールをDFアーロン・ワン＝ビサカのもとへピンポイントで送り届けた。 「普通のキーパーより1歩早く蹴れるの強すぎるな」 このロングフィードをきっかけに、アストン・ヴィラは最終的にシュートまで持ち込んだ。WOWOWで解説を務めた南雄太氏（元日本代表GK）は「クルブ・ブリュッヘはマンツーマン。うまく一人のところを剥がせれば、人のカバーは少ない。今のようにワン＝ビサカが高い位置を取り、そこに鈴木からロングボールが入った。大事になってくる」と解説。このプレーがアストン・ヴィラの攻撃において重要になると指摘した。 この一部始終にはファンも熱狂。ABEMAのコメント欄やSNSでは、「すげーな」「えぐい」「これ本当に数年後レアル行くかもしれないな」「普通のキーパーより1歩早く蹴れるの強すぎるな」「マジで神技」「完璧すぎるロングフィード」「飛距離も精度も異次元だ」「シャビ・アロンソかい」「シャビ・アロンソとかピルロがGKをやってるみたい」「あまりにも簡単に通しすぎるのよ」「もう完全に戦術Zion」など驚きの声が相次いだ。 この日の鈴木は2失点を喫したものの、5本のセーブを記録。得意のロングフィードから存在感を示しただけでなく、好守でもチームの3－2勝利に大きく貢献し、上々のCLデビュー戦となった。 （ABEMA/WOWSPO/UEFAチャンピオンズリーグ） ABEMA TIMES編集部,[],[]
北川悠仁の妻・高島彩（47）、彩り鮮やかな子どものお弁当披露（ABEMA TIMES）,https://news.yahoo.co.jp/articles/f15b8e4612b5bde87136ff5244481e9527bf08c2,https://newsatcl-pctr.c.yimg.jp/t/amd-img/20260909-10272079-abemav-000-1-view.jpg?exp=10800,2026-09-09T20:00:37+09:00,2026-09-09T20:00:37+09:00,ABEMA TIMES,abema,ABEMA TIMES,387,高島彩 Instagramより フリーアナウンサーの高島彩（47）が8日、Instagramを更新。子どもたちへのお弁当づくりが再開したことを明かし、彩り豊かなお弁当を披露した。 【映像】高島彩の手作り弁当やカレー作りを手伝う次女 2011年10月に、音楽デュオ「ゆず」の北川悠仁（49）と結婚し、12歳と10歳の2人の女の子を育てている高島。Instagramではこれまで、運動会に作った豪華なお弁当や、カレー作りを手伝う次女の姿など、家族との日常を発信してきた。 彩り鮮やかな子どものお弁当披露 高島彩 Instagramより 2026年9月8日は、ストーリーズを更新。「お弁当始まりましたー始まってしまいましたー」とコメントし、ハート型の玉子焼きや、2つのハンバーグなどが入った、手作り弁当を披露している。（『ABEMA NEWS』より） ABEMA TIMES編集部,[],[]
藤井聡太王位が7連覇を達成！同学年のライバル・伊藤匠二冠との激闘制し4勝2敗で防衛／将棋・王位戦第6局（ABEMA TIMES）,https://news.yahoo.co.jp/articles/02f3611e43f8fc29af94a3dbdd8ceeab7a7b156b,https://newsatcl-pctr.c.yimg.jp/t/amd-img/20260909-00010000-abema-000-4-view.jpg?exp=10800,2026-09-09T19:42:27+09:00,2026-09-09T22:52:51+09:00,ABEMA TIMES,abema,ABEMA TIMES,1317,藤井聡太王位 将棋の「伊藤園お～いお茶杯第67期王位戦七番勝負」第6局が9月8、9日の両日、神奈川県秦野市の「元湯 陣屋」で行われ、後手の藤井聡太王位（竜王、名人、棋聖、棋王、王将、24）が挑戦者の伊藤匠二冠（叡王、王座、23）に140手で勝利した。この結果、シリーズ成績を4勝2敗とした藤井王位は、タイトル防衛と王位戦7連覇を達成した。 【映像】藤井王位が防衛7連覇を達成した瞬間 藤井王位が防衛に王手をかけて迎えた運命の第6局。タイトル奪取へ後がない先手の伊藤二冠は、両者が得意とする角換わりから早繰り銀という意表を突く作戦を選択した。両者の深い研究がぶつかり合い、互いに玉が初期位置から動かない居玉のまま進行する、非常に繊細で重厚な立ち上がりとなった。 2日目の盤上は一手一手が重い展開となり、一手のミスが命取りとなる高難度の中盤戦へ。ここで藤井王位は、自らの飛車を見捨てて強襲する驚愕の勝負手を繰り出し、盤上は一気に一進一退の激しい寄せ合いへと突入していった。 極限の攻防が続く中、一時は千日手指し直しも視野に入る緊迫した展開となったが、伊藤二冠が絶妙な受けの手を選択して息を呑む大激戦へ。終盤戦では伊藤二冠が抜け出したかと思われる局面もあったものの、大混戦の中で諦めない藤井王位が目まぐるしく流れが入れ替わる激しい変化を完璧に読み切り、見事な逆転を果たす。最後は手繰り寄せた勝機を逃さず、そのまま力強く押し切って勝利を飾った。 勝利した藤井王位は、「押さえ込まれて苦しい将棋だった。終盤はずっと急所がつかめないままだった。全体的に難しい将棋だった」とコメント。七番勝負を振り返り、「終盤まで見通せない難解な将棋が多かった。そういった将棋を指すことができて得るものの多いシリーズだった」と総括した。 対する伊藤二冠は、「相早繰り銀の複雑な将棋になり、読みの精度を書いた部分もあったが、終盤まで難しい局面が続いたので、最後もう少し何かなかったかなと思う」と話し、「2日制の将棋を6局指せたことは充実感のある時間だった。内容の悪い将棋もあったので、全体的に力が足りなかったと受け止めている」と語った。 将棋界の現在と未来を担う同学年同士の熱い七番勝負。激闘の末に難敵・伊藤二冠の追撃を振り切り、歴史ある将棋の聖地で大記録となる7連覇を打ち立てた絶対王者の歩みは、これからも続いていく。 ◆藤井 聡太（ふじい・そうた） 2002年7月19日、愛知県瀬戸市出身。中学2年生時の2016年10月に史上最年少で四段昇段、史上5人目の中学生棋士となる。2020年度の第91期棋聖戦でタイトル初挑戦、17歳11カ月で最年少タイトルホルダーとなった。以降獲得と防衛を重ねて、竜王5期、名人4期、叡王3期、王位7期、王座2期、棋聖7期、棋王4期、王将5期、の通算37期。永世竜王、永世王位、永世棋聖の資格保持者。棋戦優勝は14回。2023年10月には第71期王座戦五番勝負を制し、前人未踏の「八冠独占」を達成した。現在保持しているタイトル数は6冠。通算成績は460勝99敗、勝率は.823。趣味は鉄道、チェス。 （ABEMA／将棋チャンネルより）,[],[]
ラスベガス帰りの玉木宏、最新ショットを岡田准一が公開「歳の取り方うますぎ」「なんですか このセクシー道着は」などの反響（ABEMA TIMES）,https://news.yahoo.co.jp/articles/bd4bfec4fad9e091b71af0d32a127df29a08e83f,https://newsatcl-pctr.c.yimg.jp/t/amd-img/20260909-10272077-abemav-000-1-view.jpg?exp=10800,2026-09-09T19:42:16+09:00,2026-09-09T19:42:16+09:00,ABEMA TIMES,abema,ABEMA TIMES,580,玉木宏 俳優の岡田准一（45）が俳優の玉木宏（46）の最新ショットを公開。多くの反響が寄せられている。 【映像】ラスベガス帰りの玉木宏と岡田准一の2ショット 2018年6月に、俳優の木南晴夏（41）と結婚し、2020年8月に第1子、2025年12月に第2子の誕生が発表されていた玉木。俳優活動以外にも、ブラジリアン柔術家としても活躍していて、玉木が所属する道場の公式Xでは、「ラスベガス・コンベンションセンターで行われた、IBJJFワールドマスター柔術選手権、21人で争ったマスター4紫帯フェザー級で3位入賞！おめでとうございます」と報告していた。 自身のInstagramでは、プライベートについて発信していて、大きな魚を釣り上げた様子や、貴重な幼少期ショットなどを公開してきた。 ラスベガス帰りの最新ショットに反響 岡田准一 Xより 2026年9月8日は、共にブラジリアン柔術の使い手でもあり、プライベートでも交流がある、岡田准一のXに登場。「超人タマキはラスベガス帰りすぐに練習している…報告までに。」と明かし、紫色の道着を身にまとった玉木との2ショットを披露している。 この投稿に「なんですかこのセクシー道着は」「まさに超人…」「かっこよすぎて悶える」など、様々なコメントが寄せられている。（『ABEMA NEWS』より） ABEMA TIMES編集部,[],[]
「血税はどこへ行く？」「最低でも中道には10何億円入る」記者が中道・小川代表を“徹底追及”した瞬間（ABEMA TIMES）,https://news.yahoo.co.jp/articles/5cd0286120046a77501fd6b84dac141bc43ce4ab,https://newsatcl-pctr.c.yimg.jp/t/amd-img/20260909-10272075-abemav-000-1-view.jpg?exp=10800,2026-09-09T19:18:16+09:00,2026-09-09T19:18:16+09:00,ABEMA TIMES,abema,ABEMA TIMES,1473,小川淳也代表 中道改革連合は9日までに、臨時常任幹事会等を開き、所属国会議員1人を残して当面存続し、巨額の負債清算後に解散する方針を決定した。同日行われた記者会見では、2月の衆院選で生じた約20億円規模の未払い金や政党交付金の使途、返済計画の実効性をめぐり記者団から厳しい追及が相次ぎ、小川淳也代表が「綱渡りの財政運営だった」と釈明に追われる場面があった。 【映像】「血税はどこへ行く？」質問の瞬間（実際の様子） 記者会見の冒頭、小川代表は「3党の合流を目指し、政権の受け皿をつくることを旨として協議に臨み取り組みを進めてきたが、これがならなかったことは大変私自身の力不足を含め責任を痛感している」と陳謝。一方で、「中道改革勢力の拡大という旗を下ろすことはない」と強調した。 今後の見通しについて、小川代表は「実質的には分党だが、法形式上は分派」と説明。国会議員1人を残す理由については、未払いとなっている債務の返済を果たす役割を担うためとし、清算を完了して解散する目処を「一定年内につけることが望ましい」とした。また、立憲系議員20人の参加を前提に調整を進める新党での自身の役割は「全く白紙」とした。 約11億6000万円の政党交付金の残高の扱いを問われると、小川代表は「今年23億円の政党交付金を受ける予定だった。9割方は総選挙の支払いに消える。支払いを完済するまで解党できないのが偽らざる実情」と語った。税金が原資の交付金を受け取ることへの批判に対しては、「総選挙の支払いを踏み倒していいのか。それらも含めて党として完済することは社会的・経済的責任だ」と強調し、資金が余った場合は「国庫に返納することも含め、真摯な誠意ある対応を検討する」とした。 「返済計画もなく、そんなガバナンスがあるのか」 会見後半では、衆院選に伴う巨額の負債や返済計画の有無、ガバナンス体制をめぐり、記者と小川代表による激しいやりとりが交わされた。 記者が「選挙後に広告代理店に10何億など、20億円規模の負債があると聞いている。中道は仕事をさせてお金も払っていない状況だ。担保もない中、返済計画は元々あったのか。中道に残る1人は事実上の破産管財人だが、政党助成金が増えない中でどう世の中に返すのか。それを言わないと血税はどこへ行くのか」と追及。 これに対し小川代表は、「担保のあるなしは公に申し上げるべきことではない」とした上で、「非常に厳しい中で、信任を繋ぎながら綱渡りで財政運営を進めてきて今日に至っている。年間の資金繰り等を厳重に管理し、あらゆる節約と節制を試み、なんとか党運営を成り立たせてきた」と答弁した。 記者はさらに踏み込み、「破産管財人のような役割が1人で足りるのか。最低でも中道には10何億円入る。返済計画もなく、そんなガバナンスがあるのか」と追及した。 小川代表は「清算活動の社会的責任を果たすため1人残ってもらう。役員会等でしっかり枠をはめて揺るぎがないようにする善後策・担保措置を取りたい」と説明。「厳しい財政状況を誰よりも認識し、それを前提に進めてきたのは私どもだ。何の運営方針や見通しもないわけではない」と反論した。 これに対し記者が「返済計画は今まで作っていなかったのか。まずそれを教えてほしい」と重ねて問うた。小川代表は「分割の支払いに応じていただいたことはあるが、それも含めてできる限り年内に目処をつける前提で、あらゆる節約・節制・節度を持った党運営に努めてきた」と述べた。 （ABEMA NEWS） ABEMA TIMES編集部,[],[]
「感慨深い」「本当に泣ける」『攻殻機動隊』最終回、声優・田中敦子氏の息子・光が粋な登場！（ABEMA TIMES）,https://news.yahoo.co.jp/articles/2aed7b69bfcd8792f1e21fbdcf369c06033065c4,https://newsatcl-pctr.c.yimg.jp/t/amd-img/20260909-10272023-abemad-000-1-view.jpg?exp=10800,2026-09-09T19:12:17+09:00,2026-09-09T19:12:17+09:00,ABEMA TIMES,abema,ABEMA TIMES,1099,『 攻殻機動隊 THE GHOST IN THE SHELL』 アニメ『攻殻機動隊 THE GHOST IN THE SHELL』最終回が、9月8日に放送された（順次放送中）。別シリーズで草薙素子を演じ2024年に亡くなった声優・田中敦子氏の息子・田中光が声を担当するキャラクターが登場し、ネット上で「粋だねぇ」「話した瞬間に泣きそうになった」と注目を集めていた。 【画像】アニメ『攻殻機動隊』第10話場面カット 最終回となる第10話「BRAIN DRAIN iii + GHOST COAST + EPILOGUE」では、狙撃され義体を失った草薙（CV：坂本真綾）が脳だけの状態でバトー（CV：安元洋貴）と逃亡。そこでバトーが草薙の新しい義体として廃品利用業者たちに目をつける展開が描かれた。 そして廃品利用業者のなかの1人を声優の田中光が担当。彼は別シリーズで長年草薙を演じていた声優・田中敦子氏の息子で、最終話放送後には自身のXで「素子はまた遠くへ行ってしまいました。それでも攻殻機動隊という作品にアクセスすれば、草薙素子はいつもそこに居てくれます」などとポストしていた。 最終話のキャスティングに、SNS上の視聴者からは「粋だねぇ」「感慨深いものがありました」「本当に泣ける」「スタッフのリスペクトにまた涙……」「光くんが話した瞬間に泣きそうになった」といったコメントが飛び交っていた。 情報ネットワークとサイボーグ技術が高度に発達した近未来を舞台に、電脳犯罪に立ち向かう全身義体のサイボーグ・草薙率いる特殊部隊の活躍を描くサイバーパンクSFの金字塔『攻殻機動隊』。1989年に士郎正宗氏が発表した漫画『攻殻機動隊 THE GHOST IN THE SHELL』を起源とし、これまでにアニメーションやハリウッド実写映画など、数多くのメディアへと展開されてきた。2026年7月より始まったアニメ『攻殻機動隊 THE GHOST IN THE SHELL』は、国内外で高い評価を受け続けるサイエンスSARUがアニメーション制作を手がけるシリーズ最新作だ。 第10話「BRAIN DRAIN iii + GHOST COAST + EPILOGUE」 【あらすじ】 狙撃され義体を失った草薙は、脳だけの状態でバトーと逃亡。新たな義体を得るためにバトーのベッドを訪れるが、そこで閉鎖モードとなった草薙に、消滅したはずの人形使いがチャンネルを始める。 （C）2026 Shirow Masamune/KODANSHA/THE GHOST IN THE SHELL COMMITTEE アニメフリークス,[],[]
「私の力に警戒せよ」トランプ大統領がスーパーヒーローに変身？ “グリーン・ランタン”の能力使い、戦闘機や戦艦を製造する姿にSNSではツッコミ続々（ABEMA TIMES）,https://news.yahoo.co.jp/articles/fb6eea205c3d6917da38adc7a7eebf47c2085464,https://newsatcl-pctr.c.yimg.jp/t/amd-img/20260909-10271735-abemav-000-1-view.jpg?exp=10800,2026-09-09T19:00:36+09:00,2026-09-09T19:00:36+09:00,ABEMA TIMES,abema,ABEMA TIMES,586,AI生成されたトランプ大統領 暗闇に現れるトランプ大統領。指輪が怪しく緑色に光っている…。 【映像】戦闘機や戦艦を製造するトランプ大統領（実際のAI動画） ホワイトハウスが映像を投稿。トランプ大統領の指輪のマークを見ると、アメリカのDCコミックのスーパーヒーロー「グリーン・ランタン」のシンボルマークが見える。 「最も明るい昼であれ、最も暗い夜であれ、いかなる悪も私の目から逃れることはできない。悪の力を崇める者たちは、私の力に警戒せよ…。グリーン・ランタンの光よ！」（トランプ大統領） 「パワー・リング」で戦闘機や戦艦を製造!? AI生成されたトランプ大統領 「グリーン・ランタン」は、映画ではスーパーマンとも共に戦うスーパーヒーロー。装着する「パワー・リング」から緑色のエネルギーを放ち、自分の想像したものを何でも具現化して作り出す能力がある。 同様にトランプ大統領も緑色のエネルギーを使い、バリアーで来る者を防ぐ。続けて工場などを作り、アメリカの製造業をアピールする。そして最後は戦闘機や戦艦などを作り出した。 スーパーヒーロー同様の力を持っていることのアピールなのだろうか。 SNSでは「緑の光ではなくオレンジにするべきだ」と、グリーン・ランタンの敵のキャラクターになぞらえるコメントがいくつもあった。（『ABEMA NEWS』より） ABEMA TIMES編集部,[],[]
「ジンさんかっこいいよおおおお」「カッコいい中の色香が」イラストレーター灸場メロ氏の『黄泉のツガイ』応援イラストに絶賛の声（ABEMA TIMES）,https://news.yahoo.co.jp/articles/94d02653768f92cabbdd444da0e7c173757bde83,https://newsatcl-pctr.c.yimg.jp/t/amd-img/20260909-10272027-abemad-000-1-view.jpg?exp=10800,2026-09-09T19:00:36+09:00,2026-09-09T19:00:36+09:00,ABEMA TIMES,abema,ABEMA TIMES,734,"アニメ『黄泉のツガイ』 『黄泉のツガイ』公式Xアカウントにて、イラストレーターの灸場メロ氏による応援イラストが公開された。コミックスの累計発行部数750万部突破およびアニメ第2クールの放送を記念した企画の一環で、人気イラストレーターが描き下ろした影森ジンのクールな佇まいに、ファンから多くの反響が寄せられている。 【画像】メガネを外したジンのイラスト 『黄泉のツガイ』は、荒川弘氏が「月刊少年ガンガン」で連載中のダークファンタジー漫画。山奥の小さな村で平穏に暮らしていた少年・ユルが、村に隠された恐ろしい秘密を知り、双子の妹・アサを探すために「ツガイ」と呼ばれる異形の存在を使役しながら過酷な戦いに巻き込まれていく姿を描く。予測不能な展開と迫力あるバトルシーンで多くの読者を惹きつけており、テレビアニメ化をはじめとする幅広いメディアミックスを展開し、大ヒットを記録している。 公開された画像には、暗闇のなかで怪しげな緑色の光を背に受けるジンの姿が描かれている。トレードマークの眼鏡を拭きながら、どこかアンニュイでミステリアスな色気を漂わせた表情を浮かべており、脇にはツガイが寄り添っている。繊細なタッチと重厚な色使いによってキャラクターの魅力が見事に表現されており、ファンを魅了する印象的な1枚となっている。 この投稿に対し、ファンからは「メロさんの絵が大好きです カッコいい中の色香が」「すきな絵師さんがすきな作品のイラスト描いてらっしゃる……！ 嬉しいなぁ」「ジンさんかっこいいよおおおお」「末っ子とは思えない貫禄」といった喜びの声が多く寄せられている。 （C）Hiromu Arakawa/SQUARE ENIX, Project TSUGAI アニメフリークス",[],[]
光浦靖子になりすました“偽アカウント” 人力舎が注意喚起「本人はXアカウントは所持しておりません」（ABEMA TIMES）,https://news.yahoo.co.jp/articles/671815dcbfb44239921ddd97f14938432b0131fc,https://newsatcl-pctr.c.yimg.jp/t/amd-img/20260909-10272062-abemav-000-1-view.jpg?exp=10800,2026-09-09T18:45:31+09:00,2026-09-09T18:45:31+09:00,ABEMA TIMES,abema,ABEMA TIMES,337,人力舎公式Xより プロダクション人力舎の公式Xが更新されました。 「【重要】弊社所属タレントを騙る偽SNSアカウント・なりすましにご注意ください 【映像】プロダクション人力舎からのお知らせ いつも弊社所属タレントを応援いただき、誠にありがとうございます。 この度、光浦靖子になりすました偽のX（旧Twitter）アカウントの存在が確認されました。光浦靖子本人はX（旧Twitter）のアカウントは所持しておりません。 不審なアカウントからDMが届いた場合は、記載されているURL（リンク）を開かずにメッセージを削除してください。個人情報の入力やフィッシング詐欺などの被害に遭う恐れがありますのでご注意ください」 （『ABEMA NEWS』より） ABEMA TIMES編集部,[],[]
やっぱりシリーズ化！『葬送のフリーレン』“すべり台のアウラ”連投にファン期待「どんなすべり台に出会えるか楽しみ」（ABEMA TIMES）,https://news.yahoo.co.jp/articles/2c394a371c91f7cdb1b5393bb2b3d4d86961bf53,https://newsatcl-pctr.c.yimg.jp/t/amd-img/20260909-10272031-abemad-000-1-view.jpg?exp=10800,2026-09-09T18:45:31+09:00,2026-09-09T18:45:31+09:00,ABEMA TIMES,abema,ABEMA TIMES,823,『葬送のフリーレン』 『葬送のフリーレン』公式Xにて、「すべり台のアウラ」と題した写真が4日連続で投稿され話題になっている。鬼、ロボット、ヤマタノオロチなど変わった形のすべり台が次々に登場し、ファンも楽しみにしているようだ。 【画像】デザインが独特すぎるすべり台の数々 『葬送のフリーレン』は、山田鐘人氏が原作、アベツカサ氏が作画を手掛けるファンタジー漫画。勇者一行によって魔王が倒された“その後”の世界を舞台に、千年以上生きるエルフの魔法使い・フリーレンが、かつての仲間の死をきっかけに「人を知るための旅」に出る姿を描く。コミックスは大ヒットを記録し、テレビアニメ化されるなど幅広いメディアミックスを展開。テレビアニメはこれまでに第1期、第2期が放送されたほか、第3期「黄金郷編」が2027年10月より放送されることが発表されている。 「断頭台のアウラ」ならぬ「すべり台のアウラ」の一言とともに公開された写真には、ヤマタノオロチを模したと思われる大きなすべり台と、「AURA」と書かれた帽子を被るフリーレンのぬいぐるみ。実は同様の投稿がこの日までに4日連続でされており、カブトムシ、ロボット、赤鬼といった一風変わったモチーフのすべり台が確認できる。先月にはスフィンクス型のすべり台の投稿もあった。もちろん、いずれもフリーレンのぬいぐるみと「すべり台のアウラ」というテキストも一緒だ。 これら投稿に対し、「足立区にある八十町公園のヤマタノオロチすべり台ですか」など公園を知る人からのコメントや、「駅巡りの次はすべり台巡りへ」「天丼のアウラ」といったシリーズ化へのツッコミのほか、「面白いすべり台ってこんなにあるんだ」「全国のどんなすべり台に出会えるか楽しみです」「日本各地には、こんなに変わったすべり台があるなんて…驚いたわ」など期待の声も多く寄せられている。 （C）山田鐘人・アベツカサ/小学館/「葬送のフリーレン」製作委員会 アニメフリークス,[],[]
レッカーキャンセルで客に高額請求か 26歳男逮捕（ABEMA TIMES）,https://news.yahoo.co.jp/articles/2f9bfa5479aebe1b49e4d06753def3c4c33a397e,https://newsatcl-pctr.c.yimg.jp/t/amd-img/20260909-10272056-abemav-000-1-view.jpg?exp=10800,2026-09-09T18:42:15+09:00,2026-09-09T18:42:15+09:00,ABEMA TIMES,abema,ABEMA TIMES,428,警視庁葛飾警察署 車のレッカーをキャンセルした男性から現金30万円を脅し取ったとして、26歳の男が逮捕されました。 【映像】連行される容疑者 巻島光樹容疑者（26）は5月、足立区で車のレッカーを依頼した20代の男性からキャンセル料として30万円を脅し取った疑いがもたれています。また、秋元心容疑者（24）もレッカー用の車を個人で使うなどと偽った詐欺の疑いで逮捕されました。 警視庁によりますと、男性がスマートフォンでロードサービスを検索し、電話をかけたところ巻島容疑者がやってきたということです。その後、男性が「JAFの関連会社だと思ったが、違うのでキャンセルしたい」などと伝えると、高額な料金を請求されたということです。 取り調べに対し、巻島容疑者は容疑を否認し、秋元容疑者は黙秘しています。 警視庁は、インターネットを使った手口から匿名・流動型犯罪グループ、いわゆるトクリュウの関与などを調べる方針です。（ANNニュース） ABEMA TIMES編集部,[],[]
管理会社の男性刺傷事件 逮捕された男が刃物3本を用意（ABEMA TIMES）,https://news.yahoo.co.jp/articles/255f5b3bccc26d744c7fdd58b4c184c90395cab8,https://newsatcl-pctr.c.yimg.jp/t/amd-img/20260909-10272054-abemav-000-1-view.jpg?exp=10800,2026-09-09T18:42:15+09:00,2026-09-09T18:42:15+09:00,ABEMA TIMES,abema,ABEMA TIMES,339,西東京市（現場の様子） 西東京市のアパートで管理会社の男性が刃物で刺された事件で、逮捕された男がサバイバルナイフなどの刃物3本を用意していたことがわかりました。 【映像】事件現場の様子 近藤勝治容疑者（66）は7日、西東京市のアパートで、部屋の立ち退きを求めるために訪れた40代の男性を刃物で突き刺すなどして殺害しようとした疑いがもたれています。 警視庁によりますと、近藤容疑者が事前にサバイバルナイフなど刃物3本を用意していたことがわかりました。 「有事の際の護身用として持っていた」などと話していて、玄関に置いてあったということです。 取り調べに対し、「立ち退きを求められ怒りが限界を迎えようとしていた」と容疑を認めています。（ANNニュース） ABEMA TIMES編集部,[],[]
警察追跡の車“逆走” 銃刀法違反の疑いで現行犯逮捕（ABEMA TIMES）,https://news.yahoo.co.jp/articles/dc529c75a2ebfd4c03f30e3fa282722e27f19414,https://newsatcl-pctr.c.yimg.jp/t/amd-img/20260909-10272053-abemav-000-1-view.jpg?exp=10800,2026-09-09T18:42:15+09:00,2026-09-09T18:42:15+09:00,ABEMA TIMES,abema,ABEMA TIMES,361,逆走していた車 千葉県内で警察官の職務質問中に逃走し、東京外環道外回りなどで逆走を繰り返していた女が東京・渋谷区で確保されました。女は刃物を持っていて、銃刀法違反の疑いで現行犯逮捕されました。 【映像】逆走しながら逃走する車（実際の様子） 警察によりますと、午前9時ごろ、千葉県の京葉道路上り松ヶ丘インターチェンジ付近で職務質問中に車が急発進し、東京外環道外回りなどを逆走しながら逃走していました。警察は車を追跡しましたが、危険と判断し、追跡を打ち切りました。 その後、女は東京・渋谷区で確保されました。その際に包丁を所持していたため、警視庁は銃刀法違反の疑いで女を現行犯逮捕しました。 女は「物騒なのでダメだとわかっているが護身用に持っていた」と話しているということです。（ANNニュース） ABEMA TIMES編集部,[],[]
「整形してもそれか」有村架純の姉・有村藍里、心無い声に反論「絶世の美女を目指して整形したわけじゃない」（ABEMA TIMES）,https://news.yahoo.co.jp/articles/c2cc03eccaa676fe6171c8eaeb0a99c9ef2dc0e1,https://newsatcl-pctr.c.yimg.jp/t/amd-img/20260909-10272057-abemav-000-1-view.jpg?exp=10800,2026-09-09T18:39:15+09:00,2026-09-09T18:39:15+09:00,ABEMA TIMES,abema,ABEMA TIMES,695,有村藍里 Xより 俳優・有村架純（33）の姉で、タレントの有村藍里（36）が8日、Xを更新。心ない声に、持論をつづった。 【映像】有村藍里の整形ビフォーアフター 2019年3月のブログで、口元にコンプレックスがあるため、骨から輪郭を整える「輪郭矯正」という美容整形を行ったことを公表していた有村。その後もXでは、何年もかかったという歯列矯正のビフォーアフターや、1年かけておよそ約10kg減量した際の写真など、自身の変化を赤裸々に発信してきた。 心無い声に反論 有村藍里 Xより 2026年9月8日の更新では、「絶世の美女を目指して整形したわけじゃない。美容整形を公表してから「整形してもそれか、」などというコメントもよく見かけますが、私は美女になるために整形したのではなく、自分のコンプレックスを少しでも改善して、思いっきり笑えるようになりたかったから整形をしました。笑顔は、とても魅力的。いつもにこにこ明るく笑っている人にひ惹かれる。私はそんなふうになりたかった。あの頃の私はコンプレックスが気になって、素直に笑うこともできなくなっていました。整形以外にも選択肢はたくさんあると思います。たくさん悩んで決めました。自分が笑顔で過ごせる選択をしてほしいです。悩んでいる誰かに届きますように」と、心無い声に持論をつづっている。 この投稿にファンからは「藍里さんの笑顔、めちゃくちゃステキで可愛いです」「ご自身なりの幸せを大切にしてくださいね。」「自分が変わるきっかけの１つだよね。昔も今もステキ」などのコメントが寄せられている。（『ABEMA NEWS』より） ABEMA TIMES編集部,[],[]
ヤクねことハメねこはドライブに行く！アニメ『ヤニねこ』第10話あらすじ・先行場面カット公開（ABEMA TIMES）,https://news.yahoo.co.jp/articles/3fcb70cab4f8bc9f641f9dbd12fc1320a5cc4241,https://newsatcl-pctr.c.yimg.jp/t/amd-img/20260909-10272055-abemad-000-1-view.jpg?exp=10800,2026-09-09T18:36:17+09:00,2026-09-09T18:36:17+09:00,ABEMA TIMES,abema,ABEMA TIMES,639,「ヤニねこ」 TOKYO MX、BS11、AT-Xほかにて放送中のTVアニメ「ヤニねこ」より、第10話「ニャーもイベントを楽しむにゃ」のあらすじと先行場面カット、予告映像が公開された。 【画像】ドライブに行くヤクねこたち！第10話先行カット 本作は、講談社「ヤングマガジン」で連載中のにゃんにゃんファクトリーによる同名漫画が原作。人間と獣人が共存する世界で、タバコを吸ってダラダラ生きる獣人・ヤニねこ（CV：夏吉ゆうこ）と、それを取り巻く猫耳住人たちのゆるくもクズな日常を描くコメディだ。 TVアニメ「ヤニねこ」は2026年7月よりTOKYO MX、BS11にて毎週木曜日24:30から、AT-Xでは7月25日から毎週土曜日24:30から（リピート放送：毎週木曜日28:00〜）放送中。配信はNetflixほか各配信サイトにて、7月2日より毎週木曜25時から順次配信されている。 第10話「ニャーもイベントを楽しむにゃ」 【あらすじ】 気分転換を求めて、ヤクねことハメねこはパワースポットの滝へドライブに出かける。こいつら、意外と運転免許、持ってます。しかし、道中でハメねこの我が儘に耐えかねたヤクねこは、とんでもない仕返しを思いつき……。相性が良いのか悪いのか分からない二匹の旅路は、案の定まっすぐ進まない。計画通りにいかないのはたぶん旅の醍醐味である。そんな綺麗な言葉で誤魔化したい、何もかもを。 （C）にゃんにゃんファクトリー・講談社/ヤニねこ製作委員会 アニメフリークス,[],[]
車道へ飛び出した子どもに迫る車→スーパーの店員が“間一髪”で救出する緊迫の瞬間 メキシコ（ABEMA TIMES）,https://news.yahoo.co.jp/articles/2d04536e78e5478636bb2f2caece7296eed2bc33,https://newsatcl-pctr.c.yimg.jp/t/amd-img/20260909-10271730-abemav-000-1-view.jpg?exp=10800,2026-09-09T18:30:37+09:00,2026-09-09T18:30:37+09:00,ABEMA TIMES,abema,ABEMA TIMES,416,メキシコ・プエブラ メキシコ・プエブラのスーパーに設置された防犯カメラの映像。間一髪の救出劇を捉えていた。 【映像】車道へ飛び出した子どもに迫る車→救出の一部始終 店員が作業している奥から、1人の子どもが勢いよく走ってくる。元気に走り回る子ども。それを追いかけるように大人が走ってきた。 追いかけっこだと思ったのだろうか。子どもは止まることなく車道へと向かっていく。追いかけていた大人がつまずいて転倒。子どもは道路の真ん中へ。 そこへ車が迫り、誰もが最悪の事態を覚悟したその瞬間。異変に気づいた店員がとっさに駆け寄り、子どもを抱きかかえて道路脇へと転がり込んだ。 間一髪、車をかわして子どもに大事はなかった。 店員は追いかけていた大人たちに子どもを引き渡した。 まるでスーパーヒーローのような活躍をした店員だが、その後は何事もなかったかのように元の作業へと戻っていった。（『ABEMA NEWS』より） ABEMA TIMES編集部,[],[]
ジェットスター・ジャパン 那覇-高雄（台湾）線を就航へ 国内航空会社で唯一の直行路線 12月6日から（ABEMA TIMES）,https://news.yahoo.co.jp/articles/1741d84ecc59dc1cb542b577b5c5a525612e02b6,https://newsatcl-pctr.c.yimg.jp/t/amd-img/20260909-10272049-abemav-000-1-view.jpg?exp=10800,2026-09-09T18:21:16+09:00,2026-09-09T18:21:16+09:00,ABEMA TIMES,abema,ABEMA TIMES,1313,"ジェットスターのニュースリリース ジェットスターがニュースリリースを出しました。 「日本の航空会社による唯一の直行路線 ジェットスター・ジャパン 沖縄（那覇）＝高雄路線を開設 【映像】ジェットスターからのお知らせ 2026年12月6日（日）から週3往復で運航開始 本日9日より航空券を販売開始 片道8,990円から 当社として那覇空港を発着する初の国際線 本路線の就航で台北・高雄路線は週最大42往復に拡大 ジェットスター・ジャパン株式会社は、2026年12月6日（日）より、沖縄（那覇）＝高雄路線を週3往復6便で就航します。当社にとって那覇空港を発着する国際線は初で、那覇と高雄を直行便で結ぶ唯一の日本の航空会社となります。 那覇発および高雄発の片道および往復の航空券は、本日9日（水）よりウェブサイト、モバイルアプリ、コンタクトセンター、旅行会社で販売を開始します。運賃は、燃油サーチャージ不要で片道8,990円から購入が可能です。 ジェットスター・ジャパンは現在、東京（成田）＝高雄路線を毎日1往復運航しており、本路線の開設で高雄発着国際線は2路線体制となります。また、2026年冬期運航スケジュール期間中、当社は東京（成田）＝台北（桃園）を18往復、大阪（関西）＝台北（桃園）路線を週14往復運航する予定で、今回の新規就航で台北・高雄路線は週最大42往復へと増加します。 ジェットスター・ジャパン株式会社代表取締役社長の田中正和は次のように述べています。 『本日、那覇と高雄を結ぶ新規国際線の開設を発表できましたことを、大変嬉しく思います。実現にあたりご支援を賜りました関係各位に心よりお礼申し上げます。 当社は、2025年12月18日に東京（成田）＝高雄路線を1日1往復で就航しました。高雄をはじめその周辺地域から日本への旺盛なインバウンド需要に加え、近年、国際観光都市として急速に成長している高雄への旅行需要の増加を背景に日本のお客さまにも多くご利用いただいており、利用者数は順調に推移しています。今回の沖縄（那覇）＝高雄路線の就航を通じて、お客さまにさらなる旅の選択肢を提供します。 日本のお客さまに活気あふれるハーバーシティー・高雄の魅力をより身近に感じていただく新たな機会となるほか、高雄と沖縄の人的交流のさらなる拡大にもつながるものと期待しています。 また、高雄から沖縄へのフライト時間は約2時間と短く、日本屈指の人気のリゾート地である沖縄を気軽に訪れることができるのも大きな魅力の一つです。沖縄は、一年を通じて温暖な気候に恵まれ、エメラルドグリーンの海や白い砂浜などでマリンアクティビティを楽しむことができます。また、独自の文化や歴史、豊かな食に加え、アウトレットモールをはじめとする大型商業施設も充実しており、幅広い世代のお客さまに多彩な観光やショッピングをお楽しみいただけます』 ジェットスターは、本路線の就航を通じて那覇と高雄の架け橋となり、両就航地の交流関係人口の拡大を図りながら、今後もさらなる地域振興への貢献に努めてまいります」 （『ABEMA NEWS』より） ABEMA TIMES編集部",[],[]
「神作画ありがとうございます」と絶賛の嵐！『Re:ゼロから始める異世界生活』作画監督が原画公開「めっちゃリアルで胸が苦しくなった」（ABEMA TIMES）,https://news.yahoo.co.jp/articles/5f352c50e824dee0b2f203145f112fc1d7b5906f,https://newsatcl-pctr.c.yimg.jp/t/amd-img/20260909-10271801-abemad-000-1-view.jpg?exp=10800,2026-09-09T18:18:16+09:00,2026-09-09T18:18:16+09:00,ABEMA TIMES,abema,ABEMA TIMES,785,"「Re:ゼロから始める異世界生活」 アニメ『Re:ゼロから始める異世界生活』で作画監督を務めるアニメーターDaisx,氏のXアカウントにて、劇中の名シーンにおける原画（作監修正）画像が公開され、ファンの間で大きな話題を呼んでいる。その圧倒的な描き込みとリアリティあふれる表現に対し、多くの絶賛と感動の声が寄せられた。 【画像】凄絶な表情を見せるシャウラの作監修正原画 『Re:ゼロから始める異世界生活』は、全世界シリーズ累計部数1600万部（電子書籍含む）を突破している長月達平氏による小説を原作としたアニメ作品。突然異世界へ迷い込んだスバルが、死んで時間を巻き戻す“死に戻り”の能力を使いながら過酷な運命に立ち向かっていくダークファンタジーだ。2016年4月のTVアニメ化以降、続編やOVA作品が多数展開されており、2026年でTVアニメ10周年を迎える。 第81話「一途な星」の作画監督を担当した同氏が公開したのは、作中で凄絶な表情を浮かべるシャウラ（CV：ファイルーズあい）の迫力溢れる修正原画。顔周りの微細なディテールや口元の開き加減、ひび割れや肌の質感等に関する細やかな手書きの指示事項が書き込まれており、アニメ制作の現場における生々しく緻密な作業工程が垣間見える貴重な原画シートとなっている。 合計8枚の原画が公開された投稿に対し、ファンからは「神作画ありがとうございます！」「こんなにいい作画でリゼロを作ってくれてありがとうございます ほんとに感動しました」「すっげぇ………！かっけぇ………！」「ここのシーンめっちゃリアルで胸が苦しくなった」「うますぎだろ作画の悪魔ですか？」「流石にコレは神作画ですね！」といった絶賛のコメントが多数寄せられている。 （C）長月達平・株式会社KADOKAWA刊/Re:ゼロから始める異世界生活4製作委員会 アニメフリークス",[],[]
小学生姫ギャル・りりぴ（12）、最新の姿に「細すぎて心配です」「体細いですね」などの声（ABEMA TIMES）,https://news.yahoo.co.jp/articles/548493c1f7828efd0c97ec871d2c37cec336688a,https://newsatcl-pctr.c.yimg.jp/t/amd-img/20260909-10272050-abemav-000-1-view.jpg?exp=10800,2026-09-09T18:09:16+09:00,2026-09-09T18:09:16+09:00,ABEMA TIMES,abema,ABEMA TIMES,451,りりぴ Instagramより 小学生ギャルのためのWEBメディア「KOGYARU」の専属モデル・りりぴ（12）が7日、Instagramを更新。最新ショットに、心配の声が寄せられている。 【映像】「細すぎて心配」りりぴの姿（複数カット） Instagramではこれまで、CMに出演した際のオフショットをはじめ、大きなぬいぐるみがついたピンクのランドセルを背負った姿など、活動の様子や、プライベートショットを発信してきた、りりぴ。 最新の姿に「細すぎて心配です」「体細いですね」などの声 りりぴ Instagramより 2026年9月7日の更新では、「かかしの里。栃木LIVEたのしかったぁ 雨と風がすごくて、寒いなか会いにきてくれたみんな サンクちゅ」とコメントし、イベントで訪れた、栃木県での最新ショットを披露している。 この、りりぴの姿に「可愛いですけど、細すぎて心配です」「りりぴちゃん体細いですね」など、心配の声が寄せられている。（『ABEMA NEWS』より） ABEMA TIMES編集部,[],[]
城ヶ島の海岸で男子小学生が流されたか（ABEMA TIMES）,https://news.yahoo.co.jp/articles/c8eb8005e9dbfeb227c66d1ddf60628727e80937,https://newsatcl-pctr.c.yimg.jp/t/amd-img/20260909-10272044-abemav-000-1-view.jpg?exp=10800,2026-09-09T17:57:15+09:00,2026-09-09T17:57:15+09:00,ABEMA TIMES,abema,ABEMA TIMES,269,三浦市城ヶ島の海岸 神奈川県三浦市で小学生の子どもが流されたという情報があり、警察や海上保安部が行方を探しています。 【映像】捜索活動の様子（城ヶ島の海岸） 午後3時半すぎ、三浦市城ヶ島の海岸で「小学生の子どもが流された」などと110番通報がありました。 警察などによりますと、友達3人と遊んでいた小学5年とみられる男の子が高波に流されたということです。 男の子は白色のTシャツに茶色の半ズボン姿で、ライフジャケットは着ていなかったということです。 警察や海上保安部が近くを捜索しています。（ANNニュース） ABEMA TIMES編集部,[],[]
AKB48 中国で活動する現役アイドルとのコラボ企画中止を発表（ABEMA TIMES）,https://news.yahoo.co.jp/articles/37cf191e318a7f46d75f2892b6a30e3b511f1d11,https://newsatcl-pctr.c.yimg.jp/t/amd-img/20260909-10272046-abemav-000-1-view.jpg?exp=10800,2026-09-09T17:48:16+09:00,2026-09-09T17:48:16+09:00,ABEMA TIMES,abema,ABEMA TIMES,441,AKB48のオフィシャルブログ AKB48のオフィシャルブログが更新されました。 「【9/12『大阪握手会』】対日理解促進交流プログラムでのコラボ企画の実施中止について 【映像】AKB48のオフィシャルブログ 日頃よりAKB48へ温かいご声援をいただき、誠にありがとうございます。 先日ご案内をいたしました、9月12日（土）に開催予定の68thシングル『好きish』初回限定盤発売記念『大阪握手会』での、中国で活動を行う現役アイドルメンバーとのコラボ企画について、対日理解促進交流プログラムを実施する公益財団法人『日中友好会館』よりご報告を頂き、今回の実施は中止となりましたのでご案内いたします。 楽しみにお待ちいただいていたお客様には直前での中止発表となり多大なご迷惑をおかけしますが、ご理解のほど、宜しくお願い申し上げます。 本件についてのお問合せにつきましては、公益財団法人『日中友好会館』までお問合せください」 （『ABEMA NEWS』より） ABEMA TIMES編集部,[],[]
マンション一室を売春場所として提供か 4人逮捕（ABEMA TIMES）,https://news.yahoo.co.jp/articles/65bbafc9675d90196e4dd63a414b75c86a6efe5a,https://newsatcl-pctr.c.yimg.jp/t/amd-img/20260909-10272047-abemav-000-1-view.jpg?exp=10800,2026-09-09T17:39:15+09:00,2026-09-09T17:39:15+09:00,ABEMA TIMES,abema,ABEMA TIMES,357,店のHPより 東京・新宿区で、売春を行うと知りながらマンションの一室を提供したとして、経営者の男ら4人が逮捕されました。 【映像】連行される笠原涼太容疑者らの様子 風俗店経営者の笠原涼太容疑者（26）ら4人は7月、女性が客と売春することを知りながら新宿区のマンションの一室を提供した疑いがもたれています。 警視庁によりますと、笠原容疑者らはSNSのチャットなどで店のホームページを紹介し、男性客を集めていたということです。ホームページではメンズエステと偽り、笠原容疑者らはおよそ8000万円を売り上げたとみられています。 警視庁は、笠原容疑者らの認否を明らかにしていません。女性らは違法スカウトから店を紹介された可能性もあるとみて、警視庁が実態解明を進める方針です。（ANNニュース） ABEMA TIMES編集部,[],[]
“フープ”使い車盗んだか 男2人逮捕（ABEMA TIMES）,https://news.yahoo.co.jp/articles/bb9911e0a8a8c46c83affb4ec73ff11a970b8529,https://newsatcl-pctr.c.yimg.jp/t/amd-img/20260909-10272045-abemav-000-1-view.jpg?exp=10800,2026-09-09T17:39:15+09:00,2026-09-09T17:39:15+09:00,ABEMA TIMES,abema,ABEMA TIMES,344,押収品 さいたま市などで乗用車2台を盗んだとして、男2人が逮捕されました。「フープ」をアンテナ代わりに車を盗んだということです。 【映像】“フープ”をアンテナ代わりに車を盗んだか 斎藤真良知容疑者（28）ら2人は、2月から3月にかけてさいたま市などで乗用車2台を盗んだ疑いがもたれています。 警察によりますと、スマートキーの微弱な電波を傍受して鍵を壊さず解錠する「リレーアタック」と呼ばれる手口で、電波を集めるアンテナにはコードを取り付けた「フープ」が使われていました。こうした手口の摘発は、全国で初めてということです。 警察は2人の認否を明らかにしていませんが、埼玉や千葉、茨城で数十件の自動車窃盗事件に関与したとみて余罪を調べています。（ANNニュース） ABEMA TIMES編集部,[],[]
輸入小麦の政府売り渡し価格 7500円引き上げへ（ABEMA TIMES）,https://news.yahoo.co.jp/articles/82d2794d9227232560b79e9d5cd8e20738a36868,https://newsatcl-pctr.c.yimg.jp/t/amd-img/20260909-10272043-abemav-000-1-view.jpg?exp=10800,2026-09-09T17:39:15+09:00,2026-09-09T17:39:15+09:00,ABEMA TIMES,abema,ABEMA TIMES,362,小麦 農林水産省は製粉会社などに売り渡す輸入小麦の価格を、10月から7500円引き上げると発表しました。日本は小麦の需要量の8割以上をアメリカやカナダなど海外から輸入していて、安定供給のために政府が一括で購入して製粉会社などに売り渡しています。 【映像】輸入小麦 10月から7500円引き上げ 農林水産省によりますと、10月からは前の半年間に比べて12％高い、1トンあたり7万20円で販売します。ホルムズ海峡をめぐる緊張の高まりによって、燃料費や輸送コストが上昇したことなどが要因だとしています。 ただ、小売り価格に占める小麦代金の割合は家庭用薄力粉でおよそ20％、食パンでおよそ7％とされているため、小売り価格に反映される額としては数％以下となり、極めて限定的とみられます。（ANNニュース） ABEMA TIMES編集部,[],[]
救助犬ペアがみた イオンモール爆発現場（ABEMA TIMES）,https://news.yahoo.co.jp/articles/574cc738ef03bad4b24dc3ff2ea8ff63256b34f9,https://newsatcl-pctr.c.yimg.jp/t/amd-img/20260909-10272006-abemav-000-1-view.jpg?exp=10800,2026-09-09T17:03:15+09:00,2026-09-09T17:03:15+09:00,ABEMA TIMES,abema,ABEMA TIMES,971,橋本さんと聡太郎ペア 9月は、防災月間です。きょうは、熊本地震で活躍した「災害救助犬」についてお伝えします。 【映像】熊本地震で活躍した救助犬と訓練士 爆発現場での捜索の様子 横浜市には、国内にわずか7頭しかいない被災地で即戦力となる国際基準の認定試験を突破した救助犬と訓練士のペアがいます。 熊本地震では、爆発があった「イオンモール熊本」での捜索活動に参加しました。散乱したガラスに加え暑くて風のない状況は、厳しい訓練を積んだペアでさえも過酷な現場となりました。 橋本さん「爆発っていうのは初めてでした」「歩く場所は確かにあったんですけど、常に揺れる感じ」 横浜市の救助犬訓練士、橋本幸さんと救助犬の聡太郎です。熊本地震発災から32時間後の7月29日の深夜、爆発のあった嘉島町の「イオンモール熊本」で捜索にあたりました。 橋本さん「地震はなくても、人の歩く重さで揺れるというくらいの、ちょっともろそうな感じの建物だった」 ペアを組んで6年、ベテランの橋本さんと聡太郎ですが、今回の現場は難易度が高いものでした。 橋本さん「通常だと捜索というのは、リードとか首輪を取って行うんですけど、この時は一歩でも踏み外しちゃうと滑落する可能性とか、床が抜けてしまう可能性もあったので、私も一緒に現場に捜索するエリアに入って、リードと首輪をつけたまま捜索にあたったという形です」 橋本さんと聡太郎が捜索をしたのは午前0時半過ぎ。この日の熊本は、夜になっても29.0度と気温が高く、熱帯夜での活動となりました。ここで救助犬の命とも言える嗅覚を鈍らせる障害となったのが、「暑さ」と「無風」です。 橋本さん「暑いとパンティングが始まるので、においを嗅ぎ取る時間が短くなったりとか」「立っているだけで、全身から汗がふき出るような暑さだったので、イヌたちは多分もっと暑かったと思います」 全身に汗をかくことができないイヌは、口を大きくあけて舌を出し、呼吸を速くすることで身体の熱を逃がします。さらに、建物の中というほぼ風のない現場は、救助を必要とする人のにおいを断ち切ってしまうといいます。 橋本さん「イヌたちは、風に乗ってきた要救助者のにおいをたどって到達するんですけど、風がないとその流れができないので、対象になる匂いがその場にとどまっちゃうことが多いですね」,[],[]
谷亮子（51）、“そっくり”と話題の20歳＆16歳息子との親子ショットに反響「イケメンの息子さん」「目が完全にヤワラさん」（ABEMA TIMES）,https://news.yahoo.co.jp/articles/9480beabcd19c8b98d8001cebc19cc8c754c9a85,https://newsatcl-pctr.c.yimg.jp/t/amd-img/20260909-10272014-abema-000-2-view.jpg?exp=10800,2026-09-09T17:00:37+09:00,2026-09-09T17:09:16+09:00,ABEMA TIMES,abema,ABEMA TIMES,567,谷亮子 Instagramより 柔道女子オリンピック5大会連続メダリストで、「YAWARAちゃん」の愛称でも親しまれている谷亮子（51）が9月6日、Instagramを更新。“そっくり”と話題の2人の息子と写る親子ショットを披露した。 【映像】谷亮子と“そっくり”と話題の息子たち（複数カット） 2003年に、元プロ野球選手の谷佳知さんと結婚し、2人の子どもがいる谷。これまでInstagramで、幼少期の子どもたちとの思い出や、夫と子どもたちとの写真など、日常の様子を発信してきた。 20歳＆16歳息子との親子ショットに反響 谷亮子 Instagramより 2026年9月6日の投稿では、亮子が51歳の誕生日を迎えたことを報告。お正月に、夫が撮影したという、息子たちとの写真をアップした。「お気に入りの２枚です。２枚目は谷が、何か面白い事を言って笑顔にしてくれた時のショットです。何だったかなぁ〜。現在息子たちは大学、高校の野球部の寮で生活をしていますので、家族全員が一緒に揃うのは唯一、お正月に帰省できた時だけになります」 この投稿にファンから、「そっくりだね」「目が完全にヤワラさんに似てますね」「ステキなイケメンの息子さん達ですね」などのコメントが寄せられている。（『ABEMA NEWS』より） ABEMA TIMES編集部,[],[]
レベル4氾濫危険警報 岐阜・飛騨川（ABEMA TIMES）,https://news.yahoo.co.jp/articles/239cfddab6be6c63adf70252789acfc9eac450e2,https://newsatcl-pctr.c.yimg.jp/t/amd-img/20260909-10272025-abemav-000-1-view.jpg?exp=10800,2026-09-09T16:09:16+09:00,2026-09-09T16:09:16+09:00,ABEMA TIMES,abema,ABEMA TIMES,242,アナウンサー 気象庁は、岐阜県下呂市を流れる木曽川水系飛騨川に再び「レベル4氾濫危険警報」を発表しました。水位が上昇し、河川が氾濫する危険が高まっていて厳重な警戒が必要です。 【映像】飛騨川で激しい濁流（実際の様子） レベル4の危険警報は、自治体が避難指示を発令する目安となる情報です。洪水の浸水想定区域にいる人は、自治体からの避難情報を確認してください。 飛騨川周辺の方は避難指示が発令されていなくても、早めの避難を心がけてください。（ANNニュース） ABEMA TIMES編集部,[],[]
警察追跡の車が“逆走” 運転の女性を確保（ABEMA TIMES）,https://news.yahoo.co.jp/articles/7e9f36cd3e7b16c743b4613d59e01be69f02300e,https://newsatcl-pctr.c.yimg.jp/t/amd-img/20260909-10272022-abemav-000-1-view.jpg?exp=10800,2026-09-09T16:06:16+09:00,2026-09-09T16:06:16+09:00,ABEMA TIMES,abema,ABEMA TIMES,353,東京外環道外回り 京葉JCT付近 千葉県内で警察官の職務質問中に逃走し、東京外環道外回りなどで逆走を繰り返していた女性が東京・渋谷区で確保されました。 【映像】逆走する車（実際の様子） 9日午前9時ごろ、千葉県の京葉道路インターチェンジ付近で、職務質問中に車が急発進し逃走しました。車は女性が運転していて、東京外環道外回りなどを逆走しながら逃走していました。 その後の捜査関係者への取材で9日午後3時ごろ、渋谷区の交差点付近で車が発見されました。また警察によりますと、警視庁の捜査員が60代くらいの女性を確保したということです。警察が追っていた逆走車とナンバーが一致したということです。 車が逃走中には、逆走の影響によるものとみられる事故が1件起きています。（ANNニュース） ABEMA TIMES編集部,[],[]
富士山 駐車場に土砂流出 車3台埋まる（ABEMA TIMES）,https://news.yahoo.co.jp/articles/46ebe3789c38c9c0c1e43cd6fc74dced19d1c0cf,https://newsatcl-pctr.c.yimg.jp/t/amd-img/20260909-10272020-abemav-000-1-view.jpg?exp=10800,2026-09-09T15:57:16+09:00,2026-09-09T15:57:16+09:00,ABEMA TIMES,abema,ABEMA TIMES,264,富士宮口五合目駐車場 きょう未明、富士山の富士宮口五合目駐車場に土砂が流出し、車3台が埋まっているということです。 【映像】土砂に埋まった3台の車（複数カット） 静岡県富士土木事務所によりますと、きょう午前0時ごろ、富士宮口五合目駐車場に土砂が流出し、車が3台埋まっているとマイカー規制の担当業者から連絡が入りました。いずれの車にも人は乗っておらず、人的被害は確認されていません。 流出した土砂で道路は塞がれ、重機が現場に向かっていますが、復旧の目途は立っていないということです。（ANNニュース） ABEMA TIMES編集部,[],[]
2歳の長男に暴行か 母親逮捕 交際相手も先月逮捕（ABEMA TIMES）,https://news.yahoo.co.jp/articles/6af4fea05d2f83f4757d2f8f971a8923954e5a66,https://newsatcl-pctr.c.yimg.jp/t/amd-img/20260909-10272019-abemav-000-1-view.jpg?exp=10800,2026-09-09T15:57:16+09:00,2026-09-09T15:57:16+09:00,ABEMA TIMES,abema,ABEMA TIMES,335,横浜・緑区 2歳の長男の背中を蹴ったとして22歳の女が逮捕されました。交際相手の男も長男にけがをさせたとして逮捕されていて、長男はその後死亡しました。 【映像】連行される容疑者 無職の藤井朋美容疑者（22）は、先月17日、横浜市緑区の路上で、2歳の長男の背中を蹴るなどの暴行を加えた疑いがもたれています。 藤井容疑者の交際相手の齊藤勇容疑者（36）も長男に暴行してけがをさせたとして逮捕されていて、長男はその後、死亡しました。 警察が齊藤容疑者の事件を調べる過程で、藤井容疑者の暴行が浮上したということです。 藤井容疑者は「いらっとして蹴った」と容疑を認めていて、警察は日常的に暴行を加えていた可能性も視野に調べています。（ANNニュース） ABEMA TIMES編集部,[],[]
あ、開かない…藤井聡太王位、盤外でも格闘？記録係＆ファンはハラハラ「すべってる」「聡太かわいいな」（ABEMA TIMES）,https://news.yahoo.co.jp/articles/a34901d2ee3ec7f8465a9a4707cffa2b03c883c1,https://newsatcl-pctr.c.yimg.jp/t/amd-img/20260909-10272021-abema-000-3-view.jpg?exp=10800,2026-09-09T15:45:31+09:00,2026-09-09T22:51:17+09:00,ABEMA TIMES,abema,ABEMA TIMES,958,藤井聡太王位 盤上の張り詰めた空気が漂う中、絶対王者が“思わぬ強敵”と格闘するお茶目な一幕があった。将棋の「伊藤園お〜いお茶杯第67期王位戦七番勝負」第6局は9月9日、神奈川県秦野市の「元湯 陣屋」で2日目の対局が行われ、15時の午後のおやつタイムに藤井聡太王位（竜王、名人、棋聖、棋王、王将、24）が炭酸水のビンのフタを開けられずに苦戦する様子が中継され、ファンの視線を釘付けにした。 【映像】記録係の視線にも注目…ビンと格闘する藤井王位（実際の映像） 緊迫した終盤戦へと向かう午後3時、両対局者に午後のおやつが提供された。藤井王位が注文したのは「オレンジジュース」と「炭酸水」。さっそく喉を潤そうと炭酸水のビンのスクリューキャップに手をかけた藤井王位だったが、表面の水分で手が滑ったのか、力を込めてもなかなか開けることができない。思わぬ苦戦を強いられた王位は、お盆の方向へやや体を向けて座り直すと、今度はおしぼりをフタに当てて再度チャレンジ。無事にシュワッと開栓に成功したが、その格闘の一部始終を記録係がハラハラした様子でじっと見つめるという微笑ましい構図となった。 実は藤井王位、過去の対局でもビンで提供されたドリンクの栓抜きをうまく使うことができず、見かねた記録係が開栓を手伝うという“神フォロー”を受けたこともある。そんな因縁のビン飲料との再戦に、ABEMAの視聴者も大盛り上がり。コメント欄には「すべって開かないw」「開かない・・・」「すべってる」と実況する声や、「握力足りてない」「聡太かわいいな」「所作がきれいだなあ 聡太は」といった反応が続々と寄せられた。さらに、炭酸水にかけて「藤井ソーダ。」と秀逸なツッコミを入れるファンも現れた。 一方、盤を挟んだ挑戦者の伊藤匠二冠（叡王、王座、23）は「フルーツ盛り合わせ」と「アイスストレートティー」を注文した。盛り合わせにはシャインマスカット大福をはじめ、リンゴ、クイーンルージュ、ミカン、マスクメロンと彩り豊かなフルーツがズラリ。極限の読み合いが続く大一番にあって、盤外で見せたほっこりするハプニングと色鮮やかなスイーツたちは、激闘を見守るファンにとっても心和むひとときとなったようだ。 （ABEMA/将棋チャンネルより） ABEMA TIMES編集部,[],[]
池袋ガールズバー売春強要事件 店長に懲役7年の判決（ABEMA TIMES）,https://news.yahoo.co.jp/articles/f50f03514429b6ea3e547859b09a7eff0061c8f9,https://newsatcl-pctr.c.yimg.jp/t/amd-img/20260909-10272003-abemav-000-1-view.jpg?exp=10800,2026-09-09T15:42:15+09:00,2026-09-09T15:42:15+09:00,ABEMA TIMES,abema,ABEMA TIMES,337,東京地裁 東京・池袋にあるガールズバーの女性従業員に売春させた罪などに問われている男に、東京地裁は懲役7年の判決を言い渡しました。 【映像】ガールズバーの元店長に懲役7年の判決 鈴木麻央耶被告（40）は、去年、ガールズバーの女性従業員に性的暴行を加えたほか、売春行為をさせた罪に問われています。これまでの裁判で鈴木被告側は「わいせつな行為はあったが、不同意性交罪は成立しない」と主張していました。 東京地裁はきょうの判決で、不同意性交の罪を認め、「被害者の人格や尊厳を顧みない悪質な犯行」「利欲的で身勝手な動機も強い非難に値する」などと指摘しました。そのうえで鈴木被告に懲役7年、罰金30万円、追徴金20万円を言い渡しました。（ANNニュース） ABEMA TIMES編集部,[],[]
米ロ首脳電話会談 ウクライナめぐり協議継続で一致（ABEMA TIMES）,https://news.yahoo.co.jp/articles/e32d25e47b1f64644d69c25b8d72e91e6ff3309b,https://newsatcl-pctr.c.yimg.jp/t/amd-img/20260909-10272002-abemav-000-1-view.jpg?exp=10800,2026-09-09T15:42:15+09:00,2026-09-09T15:42:15+09:00,ABEMA TIMES,abema,ABEMA TIMES,389,トランプ大統領とプーチン大統領が電話会談 アメリカのトランプ大統領とロシアのプーチン大統領が電話会談し、ウクライナ情勢をめぐり協議を継続することで一致しました。 【映像】米ロ首脳の電話会談 ロシアのウシャコフ大統領補佐官は8日、トランプ大統領とプーチン大統領が電話でおよそ1時間会談したと明らかにしました。 プーチン氏はトランプ氏に対し、ウクライナでの戦闘終結に向けてアメリカが果たせる役割について自身の考えを伝えたということです。一方、トランプ氏からは戦闘を速やかに終わらせて米ロ関係が正常化すれば、貿易上の大きな利益が期待できるとの考えが伝えられたということです。 また、アメリカのウィトコフ特使らがロシアやウクライナを訪問したことについて、両首脳は肯定的に評価し、今後も必要に応じて電話会談を行うことで一致したとしています。（ANNニュース） ABEMA TIMES編集部,[],[]
レベル4土砂災害危険警報 岐阜・高山市（ABEMA TIMES）,https://news.yahoo.co.jp/articles/ebd14e711b62b0170de6d72bc70db3a4f25a1c9c,https://newsatcl-pctr.c.yimg.jp/t/amd-img/20260909-10272013-abemav-000-1-view.jpg?exp=10800,2026-09-09T15:15:32+09:00,2026-09-09T15:15:32+09:00,ABEMA TIMES,abema,ABEMA TIMES,226,アナウンサー 気象庁は岐阜県高山市に「レベル4土砂災害危険警報」を発表しました。命に危険を及ぼす土砂災害の恐れが高まっています。厳重な警戒が必要です。 【映像】レベル4土砂災害危険警報が発表された地域 レベル4の危険警報は、自治体が避難指示を発令する目安となる情報です。 自治体からの避難情報を確認してください。避難指示が発令されていなくても、気象庁のキキクルなどを確認し、早めの避難を心がけてください。（ANNニュース） ABEMA TIMES編集部,[],[]
上智大生殺人放火事件30年 マッチ箱に親指とみられる痕（ABEMA TIMES）,https://news.yahoo.co.jp/articles/167bc742240ed66bdd11821a1a90f32ce53431e2,https://newsatcl-pctr.c.yimg.jp/t/amd-img/20260909-10272012-abemav-000-1-view.jpg?exp=10800,2026-09-09T14:54:14+09:00,2026-09-09T14:54:14+09:00,ABEMA TIMES,abema,ABEMA TIMES,360,小林順子さんの写真 30年前に上智大学の女子学生が殺害された事件で、血痕のついたマッチ箱に親指とみられる痕がついていたことが新たにわかりました。犯人がけがをした後に、マッチ箱を拾った可能性があります。 【映像】事件直後の現場の様子（1996年） 1996年、小林順子さん（当時21歳）が、東京・葛飾区の自宅で殺害され放火された事件は、未解決のまま、きょうで30年が経ちます。 捜査関係者への取材で、現場に残されていたマッチ箱には、A型の血液に加え、親指とみられるあとが付いていたことがわかりました。抵抗された犯人が腕などにけがをした後に、マッチ箱を拾った可能性があります。 マッチ箱には軍手の模様のようなあとも付いていて、指紋などを残さないようにしていたとみられています。（ANNニュース） ABEMA TIMES編集部,[],[]
菓子店に車突っ込む 歩行者2人けが（ABEMA TIMES）,https://news.yahoo.co.jp/articles/fc6a316c82282ae183a7c6626f221613289c13a6,https://newsatcl-pctr.c.yimg.jp/t/amd-img/20260909-10272005-abemav-000-1-view.jpg?exp=10800,2026-09-09T14:54:14+09:00,2026-09-09T14:54:14+09:00,ABEMA TIMES,abema,ABEMA TIMES,328,東京・江東区 東京・清澄白河駅近くの菓子店に車が突っ込む事故がありました。歩行者の女性2人がけがをしています。 【映像】菓子店に突っ込んだ車（複数カット） 午前11時すぎ、江東区白河で「店に車が突っ込んだ」と通行人から110番通報がありました。 警視庁によりますと、80代の男性が運転する車が歩道に乗り上げ、菓子店に突っ込んだということです。 店の外で並んでいたとみられる女性2人が巻き込まれてけがをしましたが、いずれも軽傷です。 運転していた男性は「アクセルとブレーキを踏み間違えた」と話しているということです。 現場は、都営地下鉄・大江戸線の清澄白河駅から600メートルほどの店や住宅が立ち並ぶ通りです。（ANNニュース） ABEMA TIMES編集部,[],[]
“世界最大規模”品評会で山口県の日本酒が最優秀賞（ABEMA TIMES）,https://news.yahoo.co.jp/articles/71250d0549b0b3ecb847673a1bbf889efac52dff,https://newsatcl-pctr.c.yimg.jp/t/amd-img/20260909-10272004-abemav-000-1-view.jpg?exp=10800,2026-09-09T14:54:14+09:00,2026-09-09T14:54:14+09:00,ABEMA TIMES,abema,ABEMA TIMES,282,長州酒造・岡本社長ら 世界最大規模のワイン品評会で、日本酒部門の最優秀賞に山口県の日本酒が選ばれました。 【映像】最優秀賞に選ばれた日本酒「蛍天」 今年で20回目となるIWC＝インターナショナル・ワイン・チャレンジの「SAKE部門」には過去最多となる1738銘柄が出品されました。 最優秀賞には山口県の長州酒造の「天美純米吟醸蛍天」が選ばれました。 長州酒造は、廃業寸前の創業150年の酒蔵から事業を引き継いだ会社です。 「蛍天」は、ホタルの舞う初夏に軽やかに飲めるよう、アルコール度数を抑えたお酒だということです。（ANNニュース） ABEMA TIMES編集部,[],[]
仲代達矢さん創設の「無名塾」2027年2月末日で活動終了へ 50年の歴史に幕（ABEMA TIMES）,https://news.yahoo.co.jp/articles/343bbede14a066cee11859996df69dc6e50e63df,https://newsatcl-pctr.c.yimg.jp/t/amd-img/20260909-10272000-abemav-000-1-view.jpg?exp=10800,2026-09-09T14:36:17+09:00,2026-09-09T14:36:17+09:00,ABEMA TIMES,abema,ABEMA TIMES,509,無名塾の公式ホームページ 無名塾が公式ホームページを更新しました。 「ご報告 いつも応援下さいます皆さま、平素より格別のご高配を賜り、誠にありがとうございます。 【映像】仲代達矢さん創設の「無名塾」活動終了へ 仲代の他界から、はや十ヶ月。 本当に突然の事で、私どももその衝撃と戸惑いを未だ拭えません。仲代は、常に無名塾ひとりひとりへ『和顔愛語』の気持ちを絶やさず、その行く末を誰より案じて居りました。 日に増してその思慮深い考察と愛の深さを一同身に染みて感じて居ります。本人も色々な葛藤を抱えて居りました中で、私どもが置かれるであろう状況を見越し、遺してくれた言葉の真意に従いまして、仲代達矢 宮崎恭子と共に歩んで参りました無名塾50年の看板を、2027年2月末日を以って下ろすはこびとなりました事を、ここにご報告申し上げます。 生前に立ち上げた企画につきましては、その意志が生きているものとして、無名塾が、しっかりとお届けさせて頂く所存です。 仲代達矢が作り上げたものを今後も第一に、大切に、精進して参ります。 以上、略式ご報告申し上げます。 無名塾」 （『ABEMA NEWS』より） ABEMA TIMES編集部,[],[]
「贅沢なカレー南蛮」新たなる伝説メニュー爆誕！藤井聡太王位が選んだ“聖地”の勝負メシにファン興味津々「麺が見えない」「最高かよ！」（ABEMA TIMES）,https://news.yahoo.co.jp/articles/fa1661be1cebe54fa016361469b0c3dcc417ead2,https://newsatcl-pctr.c.yimg.jp/t/amd-img/20260909-10272001-abema-000-2-view.jpg?exp=10800,2026-09-09T14:21:15+09:00,2026-09-09T22:51:17+09:00,ABEMA TIMES,abema,ABEMA TIMES,921,藤井聡太王位（左）と伊藤匠二冠 豪華すぎる衝撃の一杯が、“将棋の聖地”で爆誕した！？将棋の「伊藤園お〜いお茶杯第67期王位戦七番勝負」第6局が9月9日、神奈川県秦野市の「元湯 陣屋」で指され、2日目の昼食休憩で藤井聡太王位（竜王、名人、棋聖、棋王、王将、24）が選んだ規格外の“勝負メシ”が、ファンの度肝を抜いた。 【映像】あの“陣屋カレー”が進化した！藤井王位の勝負メシ 藤井王位が注文したのは、まさに新たなる伝説メニューとも言える「陣屋カレー南蛮」とウーロン茶。名物「陣屋カレー」をベースにした香り高いスパイシーなうどんの上に、前日のカツカレーでも話題を呼んだ最高級部位・シャトーブリアンの牛ヒレカツと、たっぷりの九条ネギが豪快に乗せられた超豪華仕様の一品だ。 対する伊藤匠二冠（叡王、王座、23）は、「天ぷらうどん（冷）」と「ウーロン茶」を選択。こちらはカボチャ、マイタケ、ナス、万願寺唐辛子、クルマエビの天ぷらが添えられた涼やかな和のメニューで英気を養った。 実は、前日に両者が注文したシャトーブリアンのカツカレーと、この陣屋カレー南蛮は、いずれも陣屋が今回の対局に向けて新たに考案した特別メニューだ。先週の王座戦第1局でも同場所で対局し、連続での滞在となる伊藤二冠の食事に飽きがこないようにと配慮して作られたものであり、老舗名旅館ならではの粋な計らいが詰まっている。 圧倒的な存在感を放つ藤井王位の陣屋カレー南蛮が中継画面に大写しになると、ABEMAの視聴者も大興奮。コメント欄には「贅沢なカレー南蛮やな」「陣屋カレーでうどんとか最高かよ！」「こんなカレーうどん見たことないぞ」と驚嘆の声が殺到した。さらに、カツとネギで丼が覆い尽くされたビジュアルに対し、「麺が見えない」「凄くないですか？」「何気ないメニューだけど贅沢なうどんになってるのか」「うまそう！！」「おいくらくらいなのでしょう」とファンの好奇心を大いに刺激した。 最高級食材を用いた勝負メシで活力を満たした両対局者。シリーズのゆくえを左右する白熱の午後戦に向け、盤外の話題でもファンを大いに沸かせている。 （ABEMA/将棋チャンネルより） ABEMA TIMES編集部,[],[]
五輪「銀」本多灯被告 拘禁刑1年 執行猶予3年の判決（ABEMA TIMES）,https://news.yahoo.co.jp/articles/791e787d353cac748957135ae8e1b7987ff4d9b8,https://newsatcl-pctr.c.yimg.jp/t/amd-img/20260909-10271999-abemav-000-1-view.jpg?exp=10800,2026-09-09T14:00:37+09:00,2026-09-09T14:00:37+09:00,ABEMA TIMES,abema,ABEMA TIMES,335,裁判所 都内で人身事故を起こし、危険運転致傷の罪に問われている東京五輪銀メダリストの本多灯被告に、東京地裁立川支部は執行猶予付きの有罪判決を言い渡しました。 【映像】五輪銀メダリスト・本多灯被告の顔写真 本多灯被告（24）は去年11月、多摩市の道路で車を運転中に対向車線の車と衝突し、60代の男性にけがをさせた罪に問われています。 東京地裁立川支部は先ほど、本多被告に拘禁刑1年、執行猶予3年の判決を言い渡しました。 これまでの裁判で本多被告は、危険な運転をした理由について「競技生活がうまくいかず、冷静な判断ができなかった」などと述べていました。 検察側は拘禁刑1年を求刑し、弁護側は執行猶予付きの判決を求めていました。（ANNニュース） ABEMA TIMES編集部,[],[]
「純粋に楽しめない大人って可哀想」…アニメ映画の“矛盾”を指摘する夫→娘からの“痛烈な一言”に「娘さんの返しが強すぎます」「旦那さんの疑問めっちゃわかる」など反響（ABEMA TIMES）,https://news.yahoo.co.jp/articles/af264be89d985bef8e1c9572528bd1f6e52124bc,https://newsatcl-pctr.c.yimg.jp/t/amd-img/20260909-10271793-abemav-000-1-view.png?fmt=jpeg&q=85&exp=10800,2026-09-09T13:30:34+09:00,2026-09-09T13:30:34+09:00,ABEMA TIMES,abema,ABEMA TIMES,705,娘が放った“痛烈な一言” 映画鑑賞中に父親が投げかけた“やぼな一言”に対し、10歳の娘が放った“鋭い返し”がSNSで話題を集めている。 【映像】娘が放ったパパへの“痛烈な一言” 投稿したのは、ゆかりちゃんさん（@yukaric03886076）。「娘、録画したとても小さな少女の冒険映画を見ていたら、旦那が横から『おかしいな…主人公の少女は身長が10cmくらいしかないので声帯も普通の人間よりうんと小さいはずなのに、登場する人間は主人公と普通に会話ができるのか。声帯が小さいなら声も小さくて、人間には聞き取れないはずなのに』と言ったら娘が、『大人って知識が増えると、そんなこと気になるようになるんだ。映画が純粋に楽しめないね。大人って可哀想。』と哀れな顔で旦那を見ていて笑ってしまったw」とXに投稿した。 「大人って可哀想」パパへの鋭い“カウンター口撃”に反響 投稿主への取材 投稿を見た人からは、「ご主人も正論、娘ちゃんも正論」「でも、知識がないと楽しめへん内容っていっぱいあるのよね……」「娘さんの返しが強すぎます」「ファンタジーはおかしいな、まぁ良いか！で済ませた方が楽しめる」「旦那さんの疑問めっちゃわかる」などの声が寄せられている。 ニュース番組『わたしとニュース』は投稿主を取材。その後の様子について、「（娘に言われ）夫は爆笑してました。このあと他のアニメ映画でも、『これがおかしいよね』って話題でみんなで盛り上がりました」と語っている。 さらに「（投稿への反響で）みんなの様々なファンタジーの考察が知れて、面白かったですw」と話している。（『わたしとニュース』より） ABEMA TIMES編集部,[],[]
熱狂を外へ届ける小悪魔インフルエンサー降臨！セガサミーフェニックスに新加入、佐野ひなこ「発信力は私にできること」/麻雀・M リーグ（ABEMA TIMES）,https://news.yahoo.co.jp/articles/de679359e8b6cee9e3ba02412630240f3003e9fc,https://newsatcl-pctr.c.yimg.jp/t/amd-img/20260909-10271239-abemav-000-1-view.jpg?exp=10800,2026-09-09T13:00:36+09:00,2026-09-09T13:00:36+09:00,ABEMA TIMES,abema,ABEMA TIMES,3336,佐野ひなこ 2024年1月にプロテストに合格、プロ雀士となって 3年弱でMリーグという大きな舞台に立つことになったセガサミーフェニックス・佐野ひなこ（最高位戦）。ドラフトで指名された瞬間の心境については「私でいいのかな？」と振り返る。しかし、長らく芸能界で活躍している佐野は知名度抜群。Mリーグのスローガンは“この熱狂を外へ”だが、その熱狂を伝えるのにピッタリな人材。大きな M の舞台にも怯まず「自分の個性だけは消さないように」戦う気概だ。 【映像】新Mリーガー、佐野ひなこの素顔 ―ドラフト指名をされた瞬間、どういう心境だったのか。 フェニックスのメンバー入れ替え自体に、そもそもビックリしていましたし、かつ、入れ替えのメンバーが私ということで「私でいいのかな？」と、不安な気持ちがありました。 同時に創設初年度から大好きで日課のように見ていた、Mリーグの舞台で戦えるというのは、プロになってからの一つの目標ではあったので、そういう意味ではワクワクしていました。 ―プロになる決断を下したのは、Mリーグの存在が要因の一つだったのか。 プロになれたからといって、Mリーガーになれるわけではないので、そこはあまりリンクしていないですが、そもそも麻雀が好きで、その中で Mリーガーのお友だちも増え、所属する最高位戦にもお友だちが増えたことで、Mリーグへの意識は大きくなったと思います。 ―忙しいタレント活動の中で、アマチュア雀士時代はどのように鍛錬を積んでいたのか。 家に帰って夜ご飯を食べるというよりかは、家に帰る時間くらいからセットで打っていましたね。 最初の頃は、いつもの固定の4人でセットするのが多かったんですが、Mリーグを見ている中で、 「この選手と打ってみたい」など、ミーハー心が生まれてきました。それから数珠繋ぎではないですが、たくさんの選手を紹介していただいて、M リーガーの方ともセットをするようになりました。 ―チームでは醍醐大さん（最高位戦）が佐野さんに麻雀を教えていると聞いた。 教育担当になってくださったみたいです（笑）。醍醐さんが空いている日は、「全部打ちたいです」とお願いしています。スケジュールを提示してくださるので、そこに合わせて勉強させていただいています。後ろで醍醐さんが、ずっと見ていてくださるので、本当にありがたい環境です。 ―誰か一人にしっかりと教わる経験は初めてですか。 こんな風に醍醐さんから教わるのは初めてですけど、以前から最高位戦の関係もあって、醍醐さんに麻雀を教わったことがありますし、それこそ、（竹内）元太さんも、「最高位」を獲られる前から、教えてくださいました。いろいろと吸収させていただいた先輩たちです。 ―監督でもある茅森早香さん（最高位戦）は「元太は後輩が入ってきて喜んでいる」と言っていた。 そうなんです。新人ハラスメントが多発しているんです（笑）。中1から中2になった瞬間、初めて後輩ができた時の独特の感覚ありますよね。元太さんはそんな感じだと思います（笑）。「君は新人だからね」という、圧をかけるイジリをしてくださいます。 ―茅森さんとはどういう関係性か。 さや姉とはチームへの加入が決まってから、セットしてもらっています。すごく歓迎してくださっている感じがうれしいです。「セットはいつもどこでするんですか？」と聞いたら、「あんまりしないよ」と言っていました。そんな貴重な 1回を合わせてくれたんだと思ったら、すごく感謝ですし、これからチームの一員として皆さんに認めてもらえるように頑張っていきたいと思いました。 ―ご自身の麻雀を説明するなら、どういう麻雀なのか。 私は自分自身を「杉並の全ツッパ」と名乗っているんですけど、それぐらい参加したい気持ちがあるというか、麻雀を楽しむスタイルです。そういう部分は根本的なベースにはあると思います。 今は先輩たちに指導していただきながら、良い感じに競技性に寄せていくことを目指しています。バランスを合わせている最中なので、そこはちょっとアピールしていこうかなと思っています。 ―この選手と戦ってみたい、という具体的な名前はあるか。 同じ団体の方は全員対局したことがあるんです。一方、まだ対局したことない人は二階堂亜樹さん（EX風林火山） 、黒沢咲さん（TEAM雷電） 、勝又健志さん（EX風林火山） 、HIRO柴田さん、三浦智博さん（いずれもEARTH JETS）などの連盟の方。その中でも、特に亜樹さんは同卓してみたいです。亜樹さんのことは私が麻雀を始める前から知っていたので、打ちたいなという気持ちは強いですね。 ―佐野さんは発信力の高い方。ご自身に求められる役割はどのように感じているか。 私を指名していただいた時に、浅井堂岐さん（協会）からバトンを受ける形になりましたが、まず発信するのが私にできることだと感じました。すぐに堂岐さんと同じような雀力になれるとは思っていませんが、私ができることをしっかりやろうと考えています。 私のことをタレントや女優だと思っている方に、「麻雀プロなんです」と自己紹介をすると、「そうだったの！」みたいな驚きの反応をいただけるんですね。そういう話の入り方でもアピールができますし、普段から試合の結果をSNSなどで発信することで、「佐野ひなこって今、Mリーグで戦ってるんだ」と認知していただけると思います。 それと、私のことを昔から知ってくださっている方たちには、「麻雀を頑張っている」というイメージを定着させたいですね。その思いは強いです。 ―初年度の目標は設定しているか。 もちろんチーム優勝に貢献したいですけど、まず 1年目ということで、Mリーグの舞台に緊張しないように、日頃から練習をしっかりしたいと思います。普段からたくさん練習していれば緊張はしないはずなので、堂々と打てるように頑張ります。 入場シーンは、今までも M リーグ関連のイベントで 2試合ほどやらせていただいているんですけど、そういう感覚とはまた違うのかなと思います。チームに所属して戦う Mリーグの舞台は初めてですけど、必要以上に恐れずに、胸を張って入場しようと思っています。 ―Mリーグの選手は異名がある選手も多いが、「杉並の全ツッパ」が異名になるのか。 それはあくまでも自分で言っているだけです（笑）。この前、チームで話し合った時は「麻雀小悪魔」が候補になりました。IP（知的財産）とまでは言わないですが、キャラクターとしてみなさんがフランクに接してくださるイメージです。ユニフォームもだいぶブラックな印象になったので、小悪魔が良いんじゃないかなと思っています。 ―麻雀で戦う以上は負けることもある。連敗した時はどのように心を整えているのか。 今日、午前中試合をしてきたんですけど、とんでもなく負けてしまって、その時、チームのことが頭に浮かんで「個人戦で良かった」と思っていました（笑）。でも、負けが続いた時でも、 「チーム戦だから」と小さくまとまらないように、自分の個性だけは消さないように頑張りたいと思います。 ―フェニックスは控え室で、体育会系ノリで盛り上がっている印象がある。合わせられるか。 私も自団体のイベントでチーム戦は結構やっていたんですけど、結構応援も盛り上がっちゃいます（笑）。チームメイトを応援する時間も積極的に楽しんでいきたいと思っています。 ※連盟＝日本プロ麻雀連盟、最高位戦＝最高位戦日本プロ麻雀協会、協会＝日本プロ麻雀協会 ◆Mリーグ 2018年に全7チームで発足し、2019-20シーズンから全8チーム、2023-24シーズンからは全9チーム、2025-26シーズンから全10チームに。各チーム、男女混成の4人で構成されレギュラーシーズン各120試合（全300試合）を戦い、上位6チームがセミファイナルシリーズに進出。各チーム20試合（全30試合）を戦い、さらに上位4チームがファイナルシリーズ（16試合）に進み優勝を争う。優勝賞金は7000万円。 （ABEMA/麻雀チャンネルより） ABEMA TIMES編集部,[],[]
脚本家・虚淵玄氏が振り返る『まどか☆マギカ』参加のきっかけと当時のアニメ事情【ワルプルギスの廻天　インタビュー】（ABEMA TIMES）,https://news.yahoo.co.jp/articles/cf7f9a6f78c59ab1d96a30a6420f3b96811e85ce,https://newsatcl-pctr.c.yimg.jp/t/amd-img/20260909-10271958-abemad-000-2-view.jpg?exp=10800,2026-09-09T12:42:17+09:00,2026-09-09T14:12:16+09:00,ABEMA TIMES,abema,ABEMA TIMES,2562,"劇場版 魔法少女まどか☆マギカ〈ワルプルギスの廻天〉 シリーズ13年ぶりの完全新作となる『劇場版 魔法少女まどか☆マギカ〈ワルプルギスの廻天〉』が公開中だ。本作にもコアスタッフとして、総監督・新房昭之氏、キャラクター原案・蒼樹うめ氏とともに、ニトロプラスの虚淵玄氏が脚本として参加している。 【映像】魔法少女まどか☆マギカ PCゲーム『Phantom PHANTOM OF INFERNO』でのデビュー以降、ゲームシナリオはもちろん小説やアニメ脚本を手がけてきた虚淵氏だが、2011年に放送されたTVアニメ『魔法少女まどか☆マギカ』への参加は、当時のアニメファンの話題も大いに集めた。 そんな虚淵氏に、『ワルプルギスの廻天』公開前のタイミングでインタビューを実施。『魔法少女まどか☆マギカ』参加のきっかけや制作当時の心境、そしてその心境がどのように変化していったのか、話を伺った。 ——『魔法少女まどか☆マギカ』放送当時は、硬派な作品が多かった虚淵さんが魔法少女ものを手がけるというのも話題になっていました。改めてどのような経緯で参加されることになったのか伺えますか？ 虚淵玄氏（以下、虚淵）：（虚淵氏自身が原作小説を手がけた）『Fate/Zero』をアニプレックスの岩上（敦宏）さんに注目してもらえたことがきっかけで、そこから「今度新房さんと蒼樹うめさんで魔法少女ものの企画をやるから脚本をやってくれないか」とオファーをいただいたんです。 とはいえ魔法少女ものをどう書いたらいいのかわからなくて、『魔法少女リリカルなのは』と『コゼットの肖像』を見せてもらいました。 ——どちらも新房監督の作品ですね。 虚淵：この2作品の間を取るようなベクトルの作品にすればいいのかなという、自分なりの解釈で最初の企画書を提案して、GOサインをいただいて制作が始まったという流れです。 ——『魔法少女リリカルなのは』と『コゼットの肖像』の両作を知っていると納得感がありますが、当時はアニメファンも驚きの起用でしたよね。 虚淵：僕も意外でした（笑）。あの頃は僕も貪欲にいろいろな仕事をさせていただいた時期だったので、魔法少女ものも面白いかもなという冒険心があったと言いますか。やったことがないことをやらせてもらえることが嬉しかったので、戸惑ってナンボだと思うくらい僕も若かったということですね。 ——このタイミングで当時手がけられた作品を振り返ると、いろいろと感じる部分も多いと思うのですが。 虚淵：今見直すと、10年以上前の僕が魔法少女たちの葛藤に対する共感や問題意識を持っていたからこそ書けたものだと感じますね。今の自分には書けないとしみじみ思っています。年齢的な変化はもちろん、時代の変化もあって。 あの頃は若い子が何に対して怖がって何を求めているのか想像がついたものの、今のスマホやSNSに慣れ親しんだ世代の若い子がどういうことに喜んで苦しんでいるのか、僕にもわからなくなってきて。 ——いまだに根強い女性ファンも多いので、描かれてきたことの普遍性はあるのかなと感じます。 虚淵：その辺がうまく伝わってくれるのでしたら、嬉しいお話ですね。若い子たちがそういう思いを抱えているのであれば、大人として考えなくてはいけないなと思いつつですが。 ——鹿目まどか役の悠木碧さんにも取材させていただいたのですが、『まどか☆マギカ』放送中は「お祭りだった」と悠木さんがおっしゃっていたのが印象的です。虚淵さんが今振り返ってみて、『まどか☆マギカ』が与えた影響というものはどういったものだと考えますか？ 虚淵：そうですね。作り手側としては、『魔法少女まどか☆マギカ』という作品がというよりも、世の中の節目として、ほかの業界のライターがアニメの脚本に採用されていくケースが起こり始めていたのかなという気がしていて。 ——たしかに当時ですと、美少女ゲーム業界で活躍されていた虚淵さんをはじめ『Angel Beats!』の麻枝准さんや『冴えない彼女の育てかた』の丸戸史明さんたちもアニメファンの注目をより集めてきていて。 虚淵：僕よりキャリアのあるライターさんは、徒弟制度のように誰かのアシスタントとして経験を積んでから、各話脚本やシリーズ構成を徐々に引き受けてキャリアアップしていくのが、アニメの現場では当たり前だったと思うんです。そうじゃない文脈で世の中の注目を集め始めたところが『魔法少女まどか☆マギカ』の珍しさだったのかなとは思いますね。 ——アニメ的な当たり前がない作品を作ろうという意識が、コアスタッフの中にもあったのでしょうか？ 虚淵：新房さんが「アニメ慣れしていないライターさんがほしい」ということで、それで僕が呼ばれたらしくて。そうやって別の業界から参加したライターやクリエイターがアニメに参加し始めていく流れが全体にあるなかで、目立っていたのが『魔法少女まどか☆マギカ』ということなのかなと、今振り返って考えた僕の印象です。 これまでアニメだけを見てきた人でも、インターネットやブログの台頭によって違うジャンルにも目をつけ始めていって、美少女ゲームにも注目していった時代。そんな時代に僕がお仕事をもらえたのかなと。 ——アニメ畑出身ではないご苦労もあったのかなと思うのですが……。 虚淵：いや、あの頃ははしゃいでいたと言いますか、苦労を苦労と思っていない節がありました。1〜2年で促成栽培されたアニメライターだったのですが、そんな浅いキャリアの人間が、アニメっぽくない脚本がほしいという要望のもとでシリーズ構成から全話脚本を任されるということは、珍しくもあり本当にめちゃくちゃな話だとは思うのですが、面白がってやっちゃう性格だったことは幸いしたと思います。 『魔法少女まどか☆マギカ』のTVシリーズ放送から15年、『劇場版 魔法少女まどか☆マギカ[新編]叛逆の物語』公開から13年。大きく変わったアニメ業界を取り巻く環境だが、作り手の視点を知った上でどのように歴史が積み重ねられていったのか考えるのも、面白いはずだ。 テキスト/kato （C）Magica Quartet/Aniplex,Madoka Project アニメフリークス",[],[]
「あっという間に寄せ合いの可能性も…」藤井聡太王位VS伊藤匠二冠、高難度の中盤戦へ！決着か最終局か第6局は勝負所へ突入/将棋・王位戦（ABEMA TIMES）,https://news.yahoo.co.jp/articles/8c3f30df6d9185059ad91344e392ad5f0fd5e376,https://newsatcl-pctr.c.yimg.jp/t/amd-img/20260909-10271977-abema-000-2-view.jpg?exp=10800,2026-09-09T12:39:16+09:00,2026-09-09T22:51:17+09:00,ABEMA TIMES,abema,ABEMA TIMES,823,藤井聡太王位（左）と伊藤匠二冠 将棋の「伊藤園お〜いお茶杯第67期王位戦七番勝負」第6局は9月9日、神奈川県秦野市の「元湯 陣屋」で2日目の対局が行われ、高難度の中盤戦のまま12時30分からの昼食休憩に入った。 【映像】徹底解説！藤井王位VS伊藤二冠 第6局1日目 防衛と7連覇に王手をかけている後手の藤井聡太王位（竜王、名人、棋聖、棋王、王将、24）が前日に封じた60手目は、本命視されていた強気の“攻めの銀打ち”。これに対し、カド番からの逆襲を狙う先手の伊藤匠二冠（叡王、王座、23）は盤を食い入るように見つめ、いきなり1時間41分の大長考に沈む重厚な立ち上がりとなった。 前日の1日目には、両者の残り持ち時間に一時約3時間もの大差がつく場面もあった。しかし、伊藤二冠がこの日の午前中からたっぷりと時間を投じて最善手を模索したことで、時間の差はほぼなくなっている。盤上は一手のミスが命取りとなる高難度の中盤戦が続いており、形勢は依然として互角と形勢は不明。息を呑むような激しい読み合いが展開されている。 この緊迫した局面について、ABEMAの中継で解説を務める屋敷伸之九段（54）は「あっという間に寄せ合いの可能性もあるだけに、一手ずつ長考が続きそう」と言及。少しのバランスの崩れから、一気に終盤の寄せ合いへと突入する危険性をはらんでいることを指摘した。 藤井王位がこのまま押し切って大記録とともにタイトル防衛を決めるか、伊藤二冠が意地を見せて最終・第7局へと持ち込むか。勝負のゆくえを大きく左右する、極限の午後戦がいよいよ幕を開ける。 【昼食の注文】 藤井聡太王位 陣屋カレー南蛮 New!、ウーロン茶 伊藤匠二冠 天ぷらうどん（冷）、ウーロン茶 【昼食休憩時の残り持ち時間】 ▲伊藤匠二冠 2時間45分（消費5時間15分） △藤井聡太王位 2時間27分（消費5時間33分） （ABEMA/将棋チャンネルより） ABEMA TIMES編集部,[],[]
ウソでしょ！？ 怪物FWが絶望… “復活の守護神”、衝撃のスーパービッグセーブ「すげえええ！」「ヤバすぎん？」シャルケGKカリウス、弾丸ショットをワンハンドセーブ（ABEMA TIMES）,https://news.yahoo.co.jp/articles/2bd70558156a05d3ba979f09c77f5654af296994,https://newsatcl-pctr.c.yimg.jp/t/amd-img/20260909-10271957-abemav-000-3-view.jpg?exp=10800,2026-09-09T12:36:18+09:00,2026-09-09T13:00:36+09:00,ABEMA TIMES,abema,ABEMA TIMES,800,カリウス 【ブンデスリーガ】シャルケ 0－0 バイエルン（日本時間9月6日/フェルティンス・アレーナ） 【映像】衝撃！シャルケGK、弾丸ショットを片手で“スーパービッグセーブ”（実際の様子） シャルケのGKロリス・カリウスが、衝撃のスーパーセーブを披露した。バイエルンのFWハリー・ケインが放った弾丸ショットを右手一本で弾き出し、スタジアムのファンを沸かせた。 3年ぶりにブンデスリーガ1部へ昇格したシャルケは、日本時間9月6日の第2節で王者・バイエルンと対戦。守護神・カリウスの好セーブでバイエルンの攻撃を封じ、ゴールレスドローに持ち込んだ。 好セーブの1つは87分のシーンだった。シャルケ陣内で激しくボールを奪い合うと、DFダヨ・ウパメカノ、MFジャマル・ムシアラを経由して、ボールはケインの足下へ。 イングランド代表ストライカーは、右足でトラップすると、もう一度右足でボールの位置を微調整。大きく振りかぶって右足を振り抜いた。強烈なシュートがゴールへ向かうなか、カリウスは鋭く反応。斜め方向に身体を伸ばすと、最後は右手一本を合わせてボールを弾き出した。 あまりのセーブに、ケインも「まさか」という表情。一方、スタジアムに詰めかけたシャルケサポーターは、守護神のビッグプレーに大歓声を送った。 SNSのファンからも「すげえええ！」「カリウスのセーブがえぐい！」「これも止めるか！」「カリウス完全にゾーン入ってる」「ヤバすぎん？」「カリウス復活嬉しい」「カリウスよくここまで戻ってきた」「コンパニがカリウスを讃えてるシーン泣ける」「クロップのドイツ代表に呼ばれたらまじ泣ける」と驚きの声が相次いだ。 この日のカリウスは、このセーブを含む4本の枠内シュートをストップ。王者・バイエルンを無失点に抑え、シャルケの勝ち点1獲得に大きく貢献した。（ABEMA/ブンデスリーガ） ABEMA TIMES編集部,[],[]
「お父さんだけど下見ろ」トイレ中に“極秘取引”!? 突然ノック→ドア下から1万円札!? 父親との“秘密のやりとり”に「スパイ同士のやり取りじゃん」「可愛すぎる」などの反響（ABEMA TIMES）,https://news.yahoo.co.jp/articles/f9537d3210f9e7e6309f52174f0b227522f744d3,https://newsatcl-pctr.c.yimg.jp/t/amd-img/20260909-10271791-abemav-000-1-view.png?fmt=jpeg&q=85&exp=10800,2026-09-09T12:30:38+09:00,2026-09-09T12:30:38+09:00,ABEMA TIMES,abema,ABEMA TIMES,646,父との“極秘取引”!? 思わぬ方法で父親からお小遣いをもらった投稿が、SNSで話題を集めている。 投稿したのは、うすぽたさん（@usupota）。「トイレしてたらノックきこえて、小声で『お父さんだけど下見ろ』って言われてみたらお金出てきて、『お母さんには内緒だから！すぐしまえ！！』って言ってどっかいった。ありがとうだけど、他にタイミングあったでしょうよ」とXに投稿した。 【映像】父親から“極秘受渡”されたブツ!? 「スパイ同士のやり取りじゃん」密室での“極秘受渡” 投稿主への取材 投稿を見た人からは、「お父さんの気持ちわかる」「NICEパパさん、愛情だね」「なんでここ？おもしろすぎる」「『お父さんだけど』ってヒソヒソ名乗るところからして可愛い」「スパイ同士のやり取りじゃんwww」などの声が寄せられている。 ニュース番組『わたしとニュース』は投稿主を取材。当時の状況について「お盆に帰省したときの話です。ちょっと天然な父なのですが、帰省するたびに必ずお小遣いをくれます。たぶん母に見つかると叱られるので、いつの頃からかまるで秘密の取引のように、こっそり渡してくれるようになりました」と明かしている。 また、「もらった1万円は帰りにお昼寝用の敷マットレス3000円を購入して、後は生活費に使わせてもらいました。『素敵なお父さん！』などのたくさんリプを頂けて嬉しく思ってます！クスッと笑っていただけたのなら幸いです」と話している。（『わたしとニュース』より） ABEMA TIMES編集部,[],[]
「一流や！」上田綺世、エンバペ弟のピンポイントクロスに合わせた圧巻ヘディング弾「フリーの作り方がまじで神」一瞬でマークを外す“プルアウェイ”に絶賛の嵐（ABEMA TIMES）,https://news.yahoo.co.jp/articles/ee397776c61ffdf3d5493b78e0713cfad63f69ad,https://newsatcl-pctr.c.yimg.jp/t/amd-img/20260909-10271963-abemav-000-1-view.jpg?exp=10800,2026-09-09T12:18:17+09:00,2026-09-09T12:18:17+09:00,ABEMA TIMES,abema,ABEMA TIMES,877,リール FW上田綺世 【UEFAチャンピオンズリーグ】リール 2－3 ベティス（日本時間9月9日/スタッド・ピエール＝モーロワ） 【映像】一瞬消える“プルアウェイ”からのヘディング弾 リールに所属する日本代表FW上田綺世が、新天地で迎えた最初のUEFAチャンピオンズリーグで初ゴールを挙げた。一瞬でマークを外すプルアウェイからのヘディング弾に、ファンから歓喜の声が上がっている。 リールは日本時間9月9日、UEFAチャンピオンズリーグのリーグフェーズ第1節でベティスと対戦。上田はワントップとして先発出場すると、12分に早速結果を残した。 相手陣内でボールをつなぐリールは、右サイドから攻撃を展開。ボックス右に侵入したFWイーサン・エンバペが左足に持ち替えると、インスイングのクロスをゴール前へ蹴り込んだ。 これに反応した上田は、DFエクトル・ベジェリンにマークされていた。しかし、元スペイン代表DFがボールに目を移した瞬間、上田はプルアウェイの動きでファーサイドへ。そこへピンポイントのボールが届けられると、最後は頭で押し込んだ。 WOWOWで解説を務めた望月重良氏は「いやー素晴らしい！よくあそこにいましたね。ポケットをとってから大外に行って、オフサイドもない。最初の決定的なチャンスで、それをものにしましたね」と絶賛した。 また、ABEMAのコメント欄やSNSでは「エンバペ弟からのアヤセ！」「くっそかっこえええ」「きたー！！」「アヤセすげーわ」「すぐ結果出すじゃん」「得点王待ったなし」「ゴールを決める一流や」「簡単そうに見えてすげーいい動きだよな」「ポジショニングの鬼」「フリーの作り方がまじで神」といった声が多く見られた。 なお、上田は77分までプレー。チームは激しい撃ち合いの末、56分にエンバペが退場処分となったこともあり、2－3で逆転負けを喫した。それでも、上田にとっては新天地で迎えたCLデビュー戦でいきなり結果を残す、最高のスタートとなった。 （ABEMA/WOWSPO/UEFAチャンピオンズリーグ） ABEMA TIMES編集部,[],[]
“常に高みを目指す”セガサミーフェニックス・竹内元太、AIを駆使し麻雀を研究する日々 進化を止めると「ただ打っているだけ。つまらなくなる」/麻雀・Mリーグ（ABEMA TIMES）,https://news.yahoo.co.jp/articles/b33023117a5395d3fd1a85b84d6c260550677031,https://newsatcl-pctr.c.yimg.jp/t/amd-img/20260909-10271237-abemav-000-1-view.jpg?exp=10800,2026-09-09T12:00:36+09:00,2026-09-09T12:00:36+09:00,ABEMA TIMES,abema,ABEMA TIMES,3843,竹内元太 麻雀の世界でも、AI（人工知能）の技術が急速に発展している。セガサミーフェニックスの竹内元太（最高位戦）は「最先端の麻雀AIは人間では出せないような成績を出している」と明かす。その思考を理解しようと、麻雀AIを駆使し、日々、勉強に励んでいる。「進化は止めないようにしなくちゃいけない」。陽気なビッグマンは真摯に麻雀と向き合い、3年目となるMリーグの舞台を思い切り楽しむ。 【映像】攻守バッチリ、竹内元太らしいアガリ ―個人成績は12位（＋151.8ポイント）。チームとしてはセミファイナルで敗退した。昨シーズンを振り返ると。 Mリーグに慣れてきたと思います。1年目より、2年目の方が自分の思った通りの麻雀が打てていましたし、立ち居振る舞いにも少しずつ慣れてきました。1年目に比べて、Mリーグを楽しめるようになったと思います。 ―体育会系のノリをチームの中で出している印象を受けた。それも2年目の余裕から生まれたのか。 そうですね。とにかく自分が一番楽しんでいることが見ているファンの方に伝わると、見ている方も楽しくなると思ったので、ああいう方向性でよかったかなですね。1年目は“ここはこうしなきゃいけない”など決まり事を覚えるのに頭を使っていました。そういうのがなかった、2年目は自由にできました。 ―シーズン中に浅井堂岐選手（協会）が病気で一時戦線離脱したが、当時は何を思っていたか。 倒れた時は「大丈夫か？」と思って、すごく心配しましたけど、何日か経った後に「大丈夫みたいだよ」という話を聞いてからは、僕はもう「とにかく早く帰ってこい。サボっている場合じゃないぞ」という気持ちでいました。 ―浅井さんも「堂岐、早く戻ってきてくれ」という言葉を喜んでいた。 僕と堂岐は一緒にMリーグを目指して、それぞれ団体のチャンピオンになりましたが、1年間、Mリーグには入れずでした。一緒に悔しい思いをしてきて、そんな中で一緒のチームに入れた経緯があったので、「せっかくこの舞台に立っているのに、入院している場合じゃないぞ」という思いはありました。本人もそう思っていたと感じていたので、自然とそのような言葉が出ました。 ただ、堂岐がいない時は、とにかく登板間隔が短くなりますし、必死でした。体調を崩さないようにも気にしましたし、結構疲れも溜まっていましたから。 ―チームとしては、あと一歩でファイナルシリーズを逃した。 あと少しでしたね。個人的には自分の経験不足があったかなと思っています。僕がもう少しどうにかできていれば、突破できていたかもな、と。追いかける立場でのセミファイナルシリーズでしたけど、そういった時の打ち方というのをあまり練習せず、というか経験せずに臨んだのが、ああいう結果に繋がってしまったのかなと思っています。ただ、あの経験は今後に繋がると思っています。 ―追う難しさがあったということか。 ありましたね。僕は逃げるのは得意なので、本来はそっちで使ってほしい気持ちもあるんですけど（笑）。といっても、チームには4人しかいないし、追いかける方もできなくてはいけないと思います。 ―茅森早香さん（最高位戦）が初めての兼任監督。どうだったか。 思っていることを言いやすい関係性なので、良い監督だと感じています。ただ、個人的な気持ちですが、Mリーグに携わりたい麻雀プロってすごい多いんですよ。どんな立ち位置であれ「関わりたい」と願う人はいっぱいいる。そんな中で、監督と選手の枠を1人の選手で、埋めてしまうのはどうなのかとは思っています。 ―近藤誠一さん（最高位戦）が監督を務めていたシーズンがあったが、誰がいいとかではなく、形としてはああいうものが理想ということか。 そうですね。麻雀プロという業界にとっては、そっちの方が良いのではと、思っています。 ―最高位戦の後輩である佐野ひなこさんがチームに加わった。 「女性選手が入ってくる」と聞いた時に、「知らない人かもしれないし、ちょっとドキドキする」というのはありました。そんな中で、よく一緒に練習をしている佐野さんが入ると聞いた時はうれしかったです。 ―茅森さんは「元太は佐野さんという後輩ができて先輩キャラを出している」と言っていた。 そうなんですよ（笑）。プロ歴もチームに入った時期も、年齢も佐野さんが後輩なので、ちょっと偉そうにできるかな、みたいな（笑）。「焼きそばパン買ってきて」とか、「コーヒー、いれてもらっていい？」とか言いやすいですよね。 ―佐野さんはそういうノリも対応できるのか。 いけるんじゃないですかね。僕がMリーグ1年目の時、試合前に佐野さんによく付き合って練習をしていたんです。週1回ぐらいの頻度で、試合前に練習していました。そういう人が、チームに入ってきてくれたのはうれしいし、僕からすると何でも言いやすい相手です。 ―チームでの指南役は醍醐大さん（最高位戦）が務めると聞いた。 そうですね。いろいろな人に「ああだ、こうだ」と言われても、受け入れづらいものもあるでしょうから。基本、醍醐さんが教えると聞いていますし、僕は何かを聞かれたら答える、それと精神的なアドバイスができたらいいかなと思っています。 ―フェニックスとしては、男女2：2の構成が初めてだが、どんな控え室の雰囲気になりそうか。 あんまり変わらないと思いますけどね。佐野さんは明るいですし。というより、変えさせないです。キャピキャピした控え室にはしたくないです（笑）。僕は体育会系のノリが好きなので。 ―開幕に向けての準備は。 特に準備とかはしていないんですけど、新しい知識を取り入れて、チャレンジしている段階です。 それでちょっと麻雀のバランスを崩したりはしているんですけど、そういう進化は怖がらずに向き合っていきたいです。極端な話、その結果、次のシーズンに負けてしまったら仕方がないと思います。 新しい麻雀AIのライブ配信とかも結構見て勉強しているんですけど、良い部分を取り入れようとすると、どうしても自分のフォームが崩れるんです。その不安は少しあります。 ―麻雀におけるAIはどういう存在なのか。 特に最先端の麻雀AIは、人間では出せないような成績を出しています。その思考を理解することが大事だなと思ったんですよ。「何でAIはこれを切ったんだろう」というのを、自分で考えて、自分のものにするのが大事だなと思っているので。 ―麻雀AIは今まで見たことのないような選択をしているのか、それとも「そんなのダメだよ」と多数が言っていたものが、再評価されているのか。 見たことないようなものもありますけど、AIは打っているだけなので、正解が言語化されないんですよ。それを理解して、自分の中に取り入れる作業が必要なんです。納得するまで考えて、「なんでこれはこうだったんだろう」というのを、ひたすら自分の頭で考えなきゃいけない。その理由を一生懸命考えて、その理由に辿り着くと、結構身になるんです。 ―数学の問題に例えるなら、答えだけあって、途中の説明がないようなものか。 そんな感じです。でも楽しいですよ。麻雀の楽しさというのは、まだ誰も導き出していない正解を、自分で考えていくことにあると思うので。 ―それを取り入れた結果、「成績が出なかったら仕方ない」と言っていたが、結果が出たら新たな一つの成果となる。 そうですね。僕の中で麻雀は「弱くなる」「強くなる」を繰り返して、波打ちながら上昇していくイメージです。今はちょっと下降していますが、次は上向いていくだろうというのを信じてやるしかない。今シーズン、どうなるかわからないですけど、進化は止めないようにしなくちゃいけないと思っています。 ―常に高みを目指す必要があるということか。 正直、（進化を）止めてもまだしばらくプロとしてやっていける気はしているんですけど、つまらなくなります。飽きちゃいますね。考えている時の楽しさというのが僕は一番にあるので、それがなくなると、ただ打ってるだけみたいになってしまって嫌ですね。 ―チームの目標と個人の目標を設定しているのであれば。 半荘アベレージというものがありまして、1試合あたり3ポイントのプラスを目標にします。30試合だったら＋90ポイント、40試合なら＋120ポイント、そのあたりが目標ですね。 ―1年目は＋50ポイントを目標にしていたが、試合数の増加も伴ってそのような数値に着地したのか。 加えて、Mリーグを楽しめるようになってきたことがあると思います。1年目は良すぎたんですけど、3年目も少し良いスコアが出やすい状況にはあるんじゃないかなとは思っています。 ※連盟＝日本プロ麻雀連盟、最高位戦＝最高位戦日本プロ麻雀協会、協会＝日本プロ麻雀協会 ◆Mリーグ 2018年に全7チームで発足し、2019-20シーズンから全8チーム、2023-24シーズンからは全9チーム、2025-26シーズンから全10チームに。各チーム、男女混成の4人で構成されレギュラーシーズン各120試合（全300試合）を戦い、上位6チームがセミファイナルシリーズに進出。各チーム20試合（全30試合）を戦い、さらに上位4チームがファイナルシリーズ（16試合）に進み優勝を争う。優勝賞金は7000万円。 （ABEMA/麻雀チャンネルより） ABEMA TIMES編集部,[],[]
どうなってんだよ！シャルケ田中聡、驚異の“高難度タックル”に騒然「エグいな」「守備硬すぎる」難しい体勢から“神反応”→王者バイエルンのカウンターを間一髪で阻止（ABEMA TIMES）,https://news.yahoo.co.jp/articles/38b1cb97d37415cfb1cf3b11b86ccb4072b3d718,https://newsatcl-pctr.c.yimg.jp/t/amd-img/20260909-10271945-abemav-000-1-view.jpg?exp=10800,2026-09-09T11:48:17+09:00,2026-09-09T11:48:17+09:00,ABEMA TIMES,abema,ABEMA TIMES,810,田中聡 【ブンデスリーガ】シャルケ 0－0 バイエルン（日本時間9月6日/フェルティンス・アレーナ） 【映像】田中聡、神反応→エグすぎる“高難度タックル”炸裂（実際の様子） シャルケのMF田中聡が、バイエルンのカウンターを間一髪で阻止した。難しい体勢から繰り出したタックルに、ファンから歓喜の声が上がっている。 3年ぶりにブンデスリーガ1部へ昇格したシャルケは、日本時間9月6日の第2節で王者・バイエルンと対戦。守護神・カリウスの好セーブでバイエルンを封じ、ゴールレスドローに持ち込んだ。 今夏の移籍市場でシャルケに完全移籍した田中は、バイエルン戦でもダブルボランチの一角として先発出場。すると19分、守備でチームのピンチを救う。 シャルケがセットプレーからバイエルンゴールに迫るも、MFヨシュア・キミッヒにクリアされ、ボールはDFコンラート・ライマーへ。バイエルンのカウンターが始まるなか、ボックス外で構えていた田中は半身になりながら後退した。 そしてライマーにボールが渡った瞬間、素早く身体の向きを変えて追走。ライマーがボールを前へ蹴り出そうとしたところで、まさかの空振りとなる。 この一瞬の隙を田中は見逃さなかった。咄嗟に身体を倒しながら左足を目一杯伸ばすと、ギリギリのところでボールをかき出し、カウンターの芽を摘んだ。 この日の田中はフル出場、合計13.2kmを走破しピッチ上の全選手の中で最多の走行距離を記録。デュエルでは10回中8回に勝利。さらに6回のインターセプトと5回のボールリカバリを記録するなど、守備面で大きな貢献を見せた。 SNSでは「田中スゴい」「田中がバイエルンから刈り取りまくってる」「どんな体勢？w」「エグいな」「守備硬すぎる」「日本のボランチは人材豊富やな」「田中のプレーたまらん」といった声が寄せられ、盛り上がりを見せていた。（ABEMA/ブンデスリーガ） ABEMA TIMES編集部,[],[]
ぶつけた後に「更に押してきました！」 “暴れん坊”の目を疑うアタックに「あれは怒っても仕方がない」解説も苦言（ABEMA TIMES）,https://news.yahoo.co.jp/articles/39395e4cea2b032e0de92500785a8ceb568c8785,https://newsatcl-pctr.c.yimg.jp/t/amd-img/20260909-10271953-abemav-000-2-view.jpg?exp=10800,2026-09-09T11:45:30+09:00,2026-09-09T15:42:15+09:00,ABEMA TIMES,abema,ABEMA TIMES,872,接触でふらつくケセロスキーとホーセバーのマシン 【NASCAR】第27戦（日本時間9月7日/ダーリントン・レースウェイ） ステージ終盤に物議を醸す接触。一度ぶつかった後にさらに押し込む“暴れん坊”の動きに、解説者も苦言を呈する一幕があった。 【実際の映像】ぶつけた後再び接触！目を疑うアタック NASCARカップ・シリーズの第27戦は、ステージ1の残り10周を切ったところでイエローコーションが出された。カメラが捉えたのは、カーソン・ホーセバーの77号車（シボレー）と、ブラッド・ケセロスキーの6号車（フォード）による熾烈なサイド・バイ・サイドの攻防。2台が並走してコーナーへ進入した際、アウト側のホーセバーがケセロスキーのマシンにコンタクトした。 これでバランスを崩した6号車に対し、ホーセバーは手緩めることなくさらにマシンを押していった。押し出されたケセロスキーは堪えきれずにスピンし、白煙を上げながらクラッシュした。 「“フック”と呼ばれるような形の接触に…」指摘も この場面に対し、解説のジャック・アマノ氏は「いわゆる“フック”と呼ばれるような形の接触になっている」「あれはケセロスキーが怒っても仕方がない」と指摘。「まあちょっとコントロールミスかもしれないですけどね」と補足しつつも、苦言を呈した。また、実況の増田隆生氏も「ケセロスキーもものともしないホーセバーです」と、チャンピオン経験を持つベテランに対しても容赦のない“暴れん坊”ホーセバーの激しいアタックに驚きを見せた。 この接触について、NASCAR公式Xも「この2人が良好な関係にないことだけは確かだ」と画像付きで投稿。当事者のホーセバーが「何が起きたか分からない。彼がスピンしただけだ」と主張したのに対し、激怒したケセロスキーは「彼が報いを受ける日は必ず来る、それも容赦なく。覚悟しておけ、カーソン」と不穏なコメントを残しており、2人の間に深い遺恨を残すレースとなった。（ABEMA『NASCAR Groove2026』/（C）NASCAR） ABEMA TIMES編集部,[],[]
不器用におやつをポロッ… ポメペキの幼少期姿に「噛めないけど、感触を楽しんでいるのかな」など反響（ABEMA TIMES）,https://news.yahoo.co.jp/articles/7dd1d3c46c718c7f08c274046d6e0bbfbe4de62d,https://newsatcl-pctr.c.yimg.jp/t/amd-img/20260909-10271656-abemav-000-1-view.jpg?exp=10800,2026-09-09T11:45:30+09:00,2026-09-09T11:45:30+09:00,ABEMA TIMES,abema,ABEMA TIMES,387,ポメペキのなんこつちゃん 不器用におやつを食べようとする犬の動画が、SNSで話題となっている。 ふわふわの毛並みが魅力的なペキニーズとポメラニアンのミックスで、おっとりとした性格のなんこつちゃん（4歳）。 【映像】“ポロッ”と落としてしまう瞬間 飼い主（@nankotsudesu315）の家に来たばかりの赤ちゃんの頃に、お菓子を食べようとした時の出来事だ。小さいお菓子を口に運ぼうとするものの、思わずポロッ……。しっかりと味わってみようとしても、またポロッ……。赤ちゃんだからなのか、なかなかうまく食べられない。 不器用なのか味を噛み締めているのか、一生懸命におやつを味わう愛らしいひとときとなっていた。 動画を見た人からは「噛めないけど、舐めた感触を楽しんでいるのかな」などのコメントが寄せられている。（『ABEMA Morning』より） ABEMA TIMES編集部,[],[]
米中央軍 イランの石油タンカー5隻を破壊（ABEMA TIMES）,https://news.yahoo.co.jp/articles/928ffd3c659a60aa5d1e3074e84d8bfb2c0d220d,https://newsatcl-pctr.c.yimg.jp/t/amd-img/20260909-10271944-abemav-000-2-view.jpg?exp=10800,2026-09-09T11:36:16+09:00,2026-09-09T17:57:15+09:00,ABEMA TIMES,abema,ABEMA TIMES,444,米中央軍より アメリカ中央軍はイランが弾道ミサイルで海軍の艦艇を標的にしたことを受け、ホルムズ海峡周辺で、イランの石油タンカー5隻を破壊したと発表しました。 【映像】イラン石油タンカーへの攻撃の瞬間 アメリカ中央軍は8日、イランが2度にわたりアメリカ海軍の艦艇を標的に弾道ミサイルを発射したことを受けて、オマーン湾などでイランの石油タンカー5隻を破壊したと明らかにしました。 アメリカ軍の艦艇はイランからの攻撃を回避したため、人的被害はなかったとしています。 また、アメリカ軍はそれぞれのタンカーの乗組員に対し、航行不能になる前に退避するよう指示したとしています。 一方、イランの国営メディアによりますと、イランの革命防衛隊は報復としてヨルダンの米軍拠点にミサイル攻撃を行ったと報じています。 AP通信によりますと、ヨルダン軍は弾道ミサイル18発を迎撃し、その他2発は無人地帯に落下したと発表しています。現時点で死傷者は報告されていません。（ANNニュース） ABEMA TIMES編集部,[],[]
路上で血を流した男性が死亡 ひき逃げか（ABEMA TIMES）,https://news.yahoo.co.jp/articles/27285129356b26c50f61af47de338a02ad15429f,https://newsatcl-pctr.c.yimg.jp/t/amd-img/20260909-10271947-abemav-000-1-view.jpg?exp=10800,2026-09-09T11:36:16+09:00,2026-09-09T11:36:16+09:00,ABEMA TIMES,abema,ABEMA TIMES,353,茨城・つくば市 茨城県つくば市の路上で、男性が血を流した状態で倒れているのが見つかり、その後死亡しました。警察は、ひき逃げ事件とみて捜査しています。 【映像】事件現場付近の様子 8日午後6時45分ごろ、つくば市手代木の路上で「人が倒れている」と通行人から110番通報がありました。 警察によりますと坂入光昭さん（45）が、自宅の目の前の片側一車線の道路で血を流した状態で倒れていたということです。 坂入さんは病院に搬送される際に意識はありましたが、およそ8時間後に出血性ショックなどで死亡しました。足を骨折するなどしていて、傷痕から車にはねられたとみられています。 警察はひき逃げ事件とみて、防犯カメラの映像を調べるなどして、当時の詳しい状況を調べています。（ANNニュース） ABEMA TIMES編集部,[],[]
富士山の登山道で男性2人が意識不明（ABEMA TIMES）,https://news.yahoo.co.jp/articles/16d4044922ffb2cc6fc653cc02fd67a6d379bfa8,https://newsatcl-pctr.c.yimg.jp/t/amd-img/20260909-10271946-abemav-000-1-view.jpg?exp=10800,2026-09-09T11:36:16+09:00,2026-09-09T11:36:16+09:00,ABEMA TIMES,abema,ABEMA TIMES,338,山 富士山の山頂付近などで、登山客の男性2人が意識不明の状態で見つかりました。 警察によりますと、けさ富士山の山頂付近で30代から40代とみられる男性1人が、静岡県側の新7合目付近で60代ぐらいの男性1人が、倒れているのを登山客が見つけました。2人とも意識不明の状態で、呼吸をしていなかったということです。 【映像】富士山登山客の男性2人が意識不明 静岡県警・山岳遭難救助隊が現場に向かっていますが、強い風と雨の影響で救助活動は難航しているということです。 男性2人はそれぞれ単独で、きのう以前から登山をしていたとみられています。 きのう富士山近くの白糸では、1時間に67.5mmの非常に激しい雨を観測し、大雨となっていました。（ANNニュース） ABEMA TIMES編集部,[],[]
【ご近所トラブル】過去に生卵、今度はゴミ投げ入れで住民恐怖「遠くに飛ぶよう工夫して…」200万賠償命令も放置…隣家の女を逮捕（ABEMA TIMES）,https://news.yahoo.co.jp/articles/1821c8c22c657c58176042ae9a95b7774acd857c,https://newsatcl-pctr.c.yimg.jp/t/amd-img/20260909-10271825-abemav-000-1-view.jpg?exp=10800,2026-09-09T11:30:33+09:00,2026-09-09T11:30:33+09:00,ABEMA TIMES,abema,ABEMA TIMES,1575,被害者提供 ゴミを投げ入れるなど隣人への嫌がらせを繰り返したとして、廃棄物処理法違反などの疑いで岐阜県川辺町に住む、無職の各務良子容疑者（55）が逮捕された。 【映像】女が隣家にゴミを投げつける衝撃の瞬間 被害者提供の映像には、畑に向かって“ゴミ”を投げ入れている女の姿が映っていた。これは隣に住む住人の畑にゴミを投げ入れる、その迷惑行為の一部始終を捉えたものだ。嫌がらせはこれだけではなく、大切に育てたバラを切断した瞬間も収められていた。 被害女性は「私が作っている畑があって、そちらに毎日朝昼晩、逮捕されるまで毎日投げられていた。コンビニ弁当の食べ残し、豆腐のパック、納豆、おにぎり、ペットボトル、空き缶。投げやすいようにちょっとずつ残して、遠くに飛ぶように工夫して投げていた」と証言する。 この住人は以前にも同じ女から被害を受けていた。過去にもABEMA的ニュースショーではこの被害女性を取材。その時には各務容疑者の家から被害女性の家の壁へ、おびただしい数の生卵がぶつけられていた。 「誰が掃除を？」と尋ねると、被害女性は「私が、1週間に1回くらい。毎日やっても毎日投げてくるので、キリがない」と答え、心境を問われると「気持ち悪いし、腹立たしいし、悲しいし、辛いし」と明かしていた。 この行為は5年間におよび、2年前には生卵を投げつけるなどの行為を繰り返すとして、各務容疑者は懲役1年6カ月の実刑判決を受けた。しかし今度は、生ごみによる嫌がらせだった。 「私が畑にいる時も、目の前に投げてきましたので。わからないとつまらないみたいで。自分がやったとわかることと、私が気付くようにしていた。投げている瞬間の証拠を撮らないと捕まらないと知っているので、ニヤッと笑う感じ」（被害女性、以下同） 2年前の生卵投げつけの被害では、壁の清掃や塗装、防犯カメラの設置など、かかった費用は総額200万円以上に。しかしその賠償もまだだという。 「民事裁判を起こして勝訴して『200万円払いなさい』と命令は下ったが（支払いは）1円もない。彼女は財産を持たないようにしているんだと思う。お詫びもないし」 女が服役している間、町内会とも相談し「戸締りの強化」や「壊されそうな物を置かない」など、出所に備える対策を講じていた。しかし被害は繰り返された。 被害者の元へはこんな声も。「口コミで『（家を）売って引っ越したら良い』という人もいるが、身内も近くに住んでいるので。家族の付き合い、仕事とか全部絡んでくるので、簡単にあっちこっち行くのは難しい」。 なぜ被害を受けた側が大切な家を捨てて引っ越さねばならないのか。反対に加害者を遠ざけることはできないのだろうか。 ご近所トラブルは弁護士泣かせだという。抜本的な解決の手立てが少ないのが理由だ。法律事務所三ツ星の中川みち子弁護士は「（ご近所トラブルは）法律的な請求が難しいことが多い。話し合いの機会を弁護士が間に入って持つことはできるが、請求権的に『これを直してください』『これを止めてください』と言えることが少ない場合が多く、ご意向に沿えない難しい事件。今回はたまたま犯罪に当たるということで逮捕されたが、通常の近隣トラブルは犯罪にまではあたらない。（今回の逮捕は）廃棄物処理法違反で、マックスの5年まで拘禁刑が言い渡されるのは、非常に少ないと思う」と説明した。 この被害は今後も続くのだろうか。見えない解決に被害者は「（今回の逮捕では）そんなに重い罪になるとは思わない。帰ってくるまでにまたカメラを設置して、証拠をそろえる。対処法をやっていくしかない。諦めの境地」とやるせない胸中を語った。 各務容疑者は「一切身に覚えがない」と容疑を否認している。 （『ABEMA的ニュースショー』より） ABEMA TIMES編集部,[],[]
スマホ一律禁止はNG？メンタルクリニックで増加傾向「ドパガキ」相談…専門医 “年齢別の付き合い方”指南「刺激の排除でなく、他の楽しさを失わないこと」（ABEMA TIMES）,https://news.yahoo.co.jp/articles/84cc2cbff3bf096c7a49d92085f55580d54732ba,https://newsatcl-pctr.c.yimg.jp/t/amd-img/20260909-10271204-abemav-000-1-view.jpg?exp=10800,2026-09-09T11:30:33+09:00,2026-09-09T11:30:33+09:00,ABEMA TIMES,abema,ABEMA TIMES,1771,内田舞氏、本間智恵キャスター 今、メンタルクリニックでは、ショート動画などのドーパミンが大量に出るコンテンツを見続ける「ドパガキ」当事者や家族からの相談が増加しているという。ニュース番組『わたしとニュース』では、背景にある企業側の戦略やショート動画との付き合い方について深掘りした。 【映像】「筋金入りのドパガキ」と父親が感じている小3女子の様子 ショート動画を見続けるのをやめたいのに、中毒性があって困るという人も多い。大学生を対象にした調査によると、8割以上の人がスマホを使っている時間で「最も無駄な時間である」と思う時間は「ショート動画」と回答している。 無駄だと感じていてもついつい見てしまうのはなぜなのだろうか。成蹊大学特別客員教授でITジャーナリストの高橋暁子氏は「『ショート動画に時間を溶かしている』という学生は多い。受動的に強い刺激で即座に満たされて、離すことができなくなってしまう。無限スクロールなどで、つい惰性で知らぬ間に時間が経ってしまい、見させられているという面もあるのでは」と分析する。 スマホなどの依存症治療外来がある「ゆうメンタルクリニック」森しほ医師によると、「ドパガキ」当事者や家族からの相談がここ数年で増加傾向にあるという。「ドパガキ」だと感じる人へは、単純に「スマホやゲームをやめさせる」という治療をするわけではなく、「没頭してしまう背景を一緒に整理」していくことから始めるという。「やめようとすると何が起こるのか」などを整理し、依存的な使い方につながっている考え方や行動パターンを見つけ、具体的な対処法を本人や家族と一緒に考えていく。生活リズムを整えるための指導も行いながら、「スマホにハマっている」背景に「不安が強い」「外に出る意欲がわかない」など別の問題が隠れていないかを見ていくことも重要だという。 ショート動画の中毒性が進化…背景に“企業の戦略”？ スマホを操作する人 そもそも「ドパガキ」が増えている背景には、依存度を高めるよう進化したビジネスモデルもあるという。ショート動画などのサービスは、子どもを絶対に熱中させる仕組みになっていると話す高橋氏は、特に「レコメンドの精度」が高くなっていると解説する。 「AIで非常に精度が上がっていて、何秒で飛ばしたか、どういう傾向だと長く注視するのか、世界中のデータから、こういうものを好きな人はこういうものも好きな可能性が高いと、本当にあっという間に少しでも長く見たものにタイムラインが染まっていく」（高橋暁子氏、以下同） 1度見始めると、自分の意志で止めることがかなり難しいサービス設計。海外では未成年を守る規制が進められている。 「EUでは『無限スクロールを未成年に適用しないで』との声も上がっている。諸外国は例えば15歳16歳で年齢を区切り、それ以下はSNS利用制限・アカウントを作れなくするなどとされている場合が多い」 一方、日本も各サービスで年齢制限が設けられているものの、それが機能していない部分もあると高橋氏は指摘する。 「SNSの登録時に正しい年齢で登録すると小学生ははじかれるはずだが、自己申告制で誕生日を入力するため、偽ることが簡単。年齢確認を厳格化させたいという強い要望が出ており、そのように事業者側に一定の責任を任せて用意してもらう方向にすると良いのではないかという議論が進んでいる」 「無限スクロール」「高度なおすすめ機能」などの中毒性が“違法”の可能性と指摘されるなど、SNSの利用について事業者側に対策を求める動きも広がっている。アメリカでも子どものSNS依存を巡り訴訟が相次ぎ、FacebookやInstagramなどを運営するメタは莫大な和解金を支払うこととなった。 これを受け、ハーバード大学医学部の准教授・内田舞氏は「特に子ども、思春期なんかはまだ自己コントロールの力が発達の途中であるわけなので、そうした子どもたちに対してできるだけ長く見続けてもらうように最適化されたサービスを提供しておきながら、『じゃあ後は自分でやめてください。やめられないあなたが悪いんですよ』というのはちょっとおかしな話だと思う。子どもや親だけに自己管理を求めるのではなく、企業側にも責任があるというのはその通りだと思う」と共感を示す。,[],[]
「天才だろ」鎌田大地が“芸術的ループ”で今季初ゴール「シュートの匂い消した」「GKはすぐ諦めたな」冨安健洋が起点（ABEMA TIMES）,https://news.yahoo.co.jp/articles/51abb3e29cc9499f308eea4870ff9ccb2c451e63,https://newsatcl-pctr.c.yimg.jp/t/amd-img/20260909-10271943-abemav-000-1-view.png?fmt=jpeg&q=85&exp=10800,2026-09-09T11:21:17+09:00,2026-09-09T11:21:17+09:00,ABEMA TIMES,abema,ABEMA TIMES,1074,ループシュートを放つ鎌田大地 【カラバオカップ】クリスタル・パレス 3－0 ミドルスブラ（日本時間9月9日/セルハースト・パーク） 【映像】GK唖然の「芸術的ループ」（実際の様子） クリスタル・パレスのMF鎌田大地が、今シーズン初ゴールを美しいループシュートで決めて大きな話題を呼んでいる。 クリスタル・パレスは日本時間9月9日、カラバオカップ3回戦でミドルスブラと対戦。59分から途中出場した鎌田は、2－0で迎えた72分にダメ押しの3点目を沈めた。 DF冨安健洋が自陣のペナルティーエリア手前から鋭い縦パスを供給。これを受けたFWヨルゲン・ストランド・ラーセンが反転からすぐさま相手の背後へスルーパスを送ると、鎌田が一気にスペースへと抜け出した。 この先の駆け引きが秀逸だった。鎌田は追いかけてくる相手DFをチラッと確認し、味方を探すフリを見せながら右へと広がる。そしてペナルティーエリア手前から右足を振り抜き、ふわりとしたループ気味の柔らかいシュートを放ったのだ。 完璧な軌道を描いたボールは、相手GKソル・ブリンの頭上を越えてサイドネットを揺らした。ゴールが決まった瞬間、ブリンが呆然と立ち尽くす一方で、鎌田は歓喜を爆発させてチームメイトの祝福を受けた。 「冨安の楔も素晴らしかったし鎌田のシュートは本当オシャレ」 この芸術的な今季初ゴールにはSNS上でファンも熱狂。「さすがにうますぎ」「天才だろ」「何だこれ」といった驚きの声が殺到した。さらに「直前の後ろ確認で味方探すフリしてシュートの匂い完全に消してるのえぐい」「鎌田らしい意地悪なシュート笑」「GKはすぐ諦めたな笑」とその駆け引きを称える声や、「ルールダービーで香川が決めたループの軌道と同じで美しい」「理不尽な美しきゴール」「芸術点が高すぎる」と絶賛するコメントで溢れた。 また、ゴールの起点となった冨安についても称賛が相次いだ。「冨安の楔も素晴らしかったし鎌田のシュートは本当オシャレ」「内に持っていくわけじゃないのが変態みある…冨安選手のパスの丁寧さも素敵」「冨安選手の縦パスから鎌田選手のあのループ…芸術的すぎて鳥肌立ちました」「冨安の持ち味の出たビルドアップの上手さから鎌田の冷静なループ完璧すぎる」などの声が目立った。 来週からはヨーロッパリーグも開幕し、クリスタル・パレスは過密日程が続いていく。その中でも圧倒的なクオリティを示した鎌田や冨安など日本人選手の活躍に、今後も大きな期待が懸かる。 （ABEMA de DAZN/カラバオカップ） ABEMA TIMES編集部,[],[]
「平均2.6億円」都心マンション高騰にメス 税率70％？政府が短期転売の税率大幅引き上げ検討へ（ABEMA TIMES）,https://news.yahoo.co.jp/articles/c3f2730640416a896be04f642786118d02df76c6,https://newsatcl-pctr.c.yimg.jp/t/amd-img/20260909-10271814-abemav-000-1-view.jpg?exp=10800,2026-09-09T11:00:37+09:00,2026-09-09T11:00:37+09:00,ABEMA TIMES,abema,ABEMA TIMES,897,マンション価格の推移 都市部を中心に新築マンション価格の高騰が続くなか、国土交通省は投機目的の短期売買を抑制するための税制措置を要望した。子育て世代などの実需層が購入しにくい状況を改善するため、政府・与党内では短期転売にかかる税率を大幅に引き上げる案などが浮上している。テレビ朝日政治部の佐々木一真記者が、議論の背景と今後の見通しについて解説した。 【映像】ほぼ“垂直”に増加？ マンション平均価格のグラフ 東京23区の平均価格は2.6億円超 1年以内の転売割合が増加 東京23区における新築マンションの平均価格は高騰を続けており、不動産経済研究所の調査によると、2023年に1億円を突破したのち、2026年7月には2億6520万円に達している。2001年の平均価格（4723万円）と比較しても右肩上がりの上昇が続いており、居住目的ではなく高値での転売を狙った金融商品のような取引の増加が価格高騰の一因となっているとの指摘がある。 国土交通省の調査によると、新築マンションを購入後1年以内に所有権が移転（売却）された割合は、東京23区で2023年の5.7％から2024年1〜6月には9.3％へ上昇した。転勤や離婚といった事情以外の投機的な売買が増加しているとみられ、市場の過熱を冷やす対策が課題となっていた。 現行39％の税率が「70〜80％に？」へ大幅引き上げを検討 現行の制度では、売却益に対してかかる所得税などは、所有期間5年以下の短期売買に対して39.63％、5年を超える長期売買に対して20.315％となっている。 しかし、現在の価格上昇局面では、約40％の課税を受けてもなお売却益が残るため、転売抑制の効果が薄れているとの指摘がある。そのため政府・与党内では、5年以下の短期売買に対する税率を大幅に引き上げる案が浮上している。官邸幹部は「税率を70％から80％近くまで一気に引き上げ、転売による利益を大幅に減らすべきではないか」と話す。所有期間１〜2年など超短期売買にかかる税率を新設する案や、5年以下を一律で高税率にする案などが出ていて、具体的な検討が年末に向け行われる見通しだ。,[],[]
自分たちのいないファイナルは「見られないぐらい悔しかった」セガサミーフェニックス・醍醐大 新加入・佐野ひなこの指南役に「のびのび打ってほしい」/麻雀・Mリーグ（ABEMA TIMES）,https://news.yahoo.co.jp/articles/ccd1e9c65ccbc245cfa853572e7e21874e94b24c,https://newsatcl-pctr.c.yimg.jp/t/amd-img/20260909-10271236-abemav-000-1-view.jpg?exp=10800,2026-09-09T11:00:37+09:00,2026-09-09T11:00:37+09:00,ABEMA TIMES,abema,ABEMA TIMES,2312,醍醐大 昨シーズンはセミファイナルに進出するも、ファイナルシリーズの舞台には進めなかったセガサミーフェニックス。2024-25シーズンでMVPを獲得し、チームを初優勝に導いた醍醐大（最高位戦）は「正直フラストレーションが溜まるシーズンでした」と振り返る。「今期、同じ思いはしたくない」。新たにチームメイトとなった佐野ひなこ（最高位戦）の指南役に就任した醍醐は、2度目の優勝に向けて、「最後まで戦う」覚悟をにじませる。 【映像】自由自在、醍醐大の技が光るアガリ ―個人成績は15位（＋113.0ポイント）。チームとしてはセミファイナルシリーズで敗退した。昨期を振り返ってどうか。 個人的なポイントとしては結構勝ったんですけど、自分の中でラスが多かったと捉えています。正直フラストレーションが溜まるシーズンでした。 一方で、「なんでこんなトップが取れるんだ」みたいなこともありました。ポイント的に見ると、良かったとは思いますが、打ち手のタイプ的にもうちょっとラスを減らさないといけないと思っています。 ―シーズン中に浅井堂岐さん（協会）が一時、戦線離脱した。どういう心持ちで過ごしていたのか。 堂岐のことは結構ショックを受けました。シーズン後も、例えばファイナルに残っていたら、契約満了という結果は変わったのかなど、考えたりもしました。 とにかく病気で倒れた時は心配しましたし、物理的に残された3人で回すことになったので、「いつぐらいに戻ってこられるんだろう」ということも考えていました。自分がどうこうよりも、当時はやっぱり堂岐の体が心配でしたね。 戻ってきてうれしかったですし、堂岐が戻ってきた日はデイリーダブルでした。それは、すごくうれしかったですね。 ―佐野ひなこさんがチームに加わった。醍醐さんが佐野さんの指南役に就任したと聞いている。 そうですね。まだ佐野さんのチーム入りが正式決定する前に、「新たなメンバーはこういう方が候補になっている」という段階から、「誰になるかは決まっていないけど、教育係をお願いしたい」とチームから言われていました。 ―佐野さんとは以前から交流があったのか。 もともと佐野さんとは同じ団体ですし、たまに麻雀を一緒に打っていました。だいたいどういう感じのプレーヤーなのかはわかっています。基本的にはのびのび打ってもらうつもりです。「こういうことだけはしない方がいいよ」というのを伝えるイメージですかね。 ―醍醐さんから見て、佐野さんはどんな打ち手か。 僕のイメージだと、あんまり変な癖がついていないタイプで、割とのびのび打つタイプなのかな、という印象ですね。 本人に聞いたわけではないですけど、標準を目指している感じがします。もっと攻めるのかなと思っていたんですけど、そういうイメージは今のところあまりないです。これから見えてくるのかもしれないですが。 ―麻雀を教える醍醐味は。 あまりないです（笑）。ただ、その人の特徴というか、自分の癖がついている方とかいますし、本当に様々なので。基本的にはその人の個性を尊重するというか、やりたいようにやってもらって、ただ「数字上、これは長い目で見たら絶対に損だよ」というのだけを言っています。 ―今期は個人としてどんな戦いを目指すのか。 昨シーズンのMリーグで一番の心残りは、ファイナルに残れなかったことです。ファイナルの舞台で他チームの選手が戦っている姿は、ちょっと見られないぐらい悔しかったですから。今期、同じ思いはしたくないですね。ファイナルに残るというのは最低条件で、優勝を目指して最後まで戦うつもりです。 ―2024-25シーズンのファイナルの最後は、醍醐さんが勝って優勝を決めた。そことのギャップも感じたのか。 あんな風に競った展開で最後まで行くと、やっぱり打っている方も戦っている実感がありますし、優勝したこともあって満足度は高かったです。自然とそれと比べちゃっていたんでしょうけど、やっぱりファイナルに出られないというのはダメですね。 ―具体的な目標は。 具体的な目標はチームの優勝ですし、個人としてはMVPを目指します。 ―浅井さんの退団が決まった後、本人と話して印象に残っていることは。 堂岐としては、やっぱり悔しい気持ちがあるだろうし、またMリーグの舞台に戻ってきたいという思いも強いと思います。ただ、そういう話はあまりしないんです。けれど一度、僕に言ってくれたのは、「1回優勝を経験させてもらったので、すごく感謝している」と。僕個人としては、体が元気だったら、また早く戻ってきてほしいと思っています。 堂岐は麻雀ももちろん強いですし、それ以上に僕は堂岐のキャラが好きです。憎めない感じというか、ボソッと面白いことを言うところとか。ファンの方にも愛されていましたからね。そういった意味でも、早く戻ってきてほしいと思いますし、個人的にも応援していきます。 ※連盟＝日本プロ麻雀連盟、最高位戦＝最高位戦日本プロ麻雀協会、協会＝日本プロ麻雀協会 ◆Mリーグ 2018年に全7チームで発足し、2019-20シーズンから全8チーム、2023-24シーズンからは全9チーム、2025-26シーズンから全10チームに。各チーム、男女混成の4人で構成されレギュラーシーズン各120試合（全300試合）を戦い、上位6チームがセミファイナルシリーズに進出。各チーム20試合（全30試合）を戦い、さらに上位4チームがファイナルシリーズ（16試合）に進み優勝を争う。優勝賞金は7000万円。 （ABEMA/麻雀チャンネルより） ABEMA TIMES編集部,[],[]
レベル4氾濫危険警報 岐阜・飛騨川（ABEMA TIMES）,https://news.yahoo.co.jp/articles/0fa0f1518125ecc89a9ecc57bac1a3d192833bf5,https://newsatcl-pctr.c.yimg.jp/t/amd-img/20260909-10271939-abemav-000-1-view.jpg?exp=10800,2026-09-09T10:51:17+09:00,2026-09-09T10:51:17+09:00,ABEMA TIMES,abema,ABEMA TIMES,259,アナウンサー 気象庁は、岐阜県を流れる飛騨川に「レベル4氾濫危険警報」を発表しました。水位が上昇し、河川が氾濫する危険が高まっていて厳重な警戒が必要です。 【映像】飛騨川で「レベル4氾濫危険警報」 氾濫による浸水が想定される地域は、岐阜県下呂市です。 レベル4の危険警報は、自治体が避難指示を発令する目安となる情報です。洪水の浸水想定区域にいる人は、自治体からの避難情報を確認してください。 飛騨川周辺の方は避難指示が発令されていなくても、早めの避難を心がけてください。（ANNニュース） ABEMA TIMES編集部,[],[]
広島県産カキ輸出を見据え イギリスでPR（ABEMA TIMES）,https://news.yahoo.co.jp/articles/285503305bab43d909ebe52589aec3d500bc066d,https://newsatcl-pctr.c.yimg.jp/t/amd-img/20260909-10271937-abemav-000-1-view.jpg?exp=10800,2026-09-09T10:48:16+09:00,2026-09-09T10:48:16+09:00,ABEMA TIMES,abema,ABEMA TIMES,352,カキ 肉厚で濃厚な味わいの広島県産のカキをイギリスに輸出しようと、ロンドンでPRイベントが開かれました。 【映像】カキのPRイベントの様子（複数カット） 8日にロンドンで開かれたこのイベントは、イギリスへのカキの輸出を目指す広島県が主催したもので、現地の飲食店関係者やインフルエンサーらが招かれました。 イギリスではカキを生で食べるのが主流ですが、肉厚の広島県産カキは火を通しても美味しく味わえるとして低温調理したものや天ぷらなどが日本酒とのペアリングとして振舞われました。 カキの生産量が日本一の広島県では2023年からEU＝ヨーロッパ連合への輸出を始めています。 政府は2025年からカキを重点輸出品目に加えていて、世界に向けた販路拡大を進めています。（ANNニュース） ABEMA TIMES編集部,[],[]
維新・馬場前代表「台湾海峡の平和は極めて重要」（ABEMA TIMES）,https://news.yahoo.co.jp/articles/68976351ebd1c260e9f565fc7bdbbf604742563f,https://newsatcl-pctr.c.yimg.jp/t/amd-img/20260909-10271936-abemav-000-1-view.jpg?exp=10800,2026-09-09T10:48:16+09:00,2026-09-09T10:48:16+09:00,ABEMA TIMES,abema,ABEMA TIMES,389,日本維新の会・馬場伸幸前代表 台湾を訪れた日本維新の会の馬場前代表らが頼清徳総統と会談し、台湾海峡の平和と安定が極めて重要だとの見解を伝えました。 【映像】笑顔で握手を交わす馬場前代表と頼氏 日本維新の会・馬場伸幸前代表「台湾海峡の平和と安定は、国際社会全体の安定にとって極めて重要であります」 7日から台湾を訪れている馬場前代表ら維新の議員団は、頼氏と会談しました。 頼氏は、維新が台湾を普遍的価値を共有するパートナーと位置づけていることに感謝を述べ、台湾海峡などの平和と安定に、日本と台湾がさらに大きな貢献を果たすと信じていると述べました。 馬場氏は「台湾は日本にとって大切な友人だ」と応じ、「我が国は台湾をめぐる問題が、対話により平和的に解決されることを期待する立場をとっていて、今後もこの立場に変わりはない」と伝えました。（ANNニュース） ABEMA TIMES編集部,[],[]
「重量級や」！藤井聡太王位の“ボリューム系”スイーツが話題「4分の１ホール」「うまそおお」 長考中の伊藤匠二冠はジュースのみ（ABEMA TIMES）,https://news.yahoo.co.jp/articles/46724e57db2e6cf815ccae553026716956a41e95,https://newsatcl-pctr.c.yimg.jp/t/amd-img/20260909-10271938-abema-000-2-view.jpg?exp=10800,2026-09-09T10:45:31+09:00,2026-09-09T22:48:16+09:00,ABEMA TIMES,abema,ABEMA TIMES,838,藤井聡太王位（左）と伊藤匠二冠 将棋の「伊藤園お〜いお茶杯第67期王位戦七番勝負」第6局は9月9日、神奈川県秦野市の「元湯 陣屋」で2日目の対局が行われている。午前10時には両対局者に「午前のおやつ」が提供され、藤井聡太王位（竜王、名人、棋聖、棋王、王将、24）が注文したボリューム満点のスイーツにファンの注目が集まった。 【映像】1/4ホール!? 藤井王位の“重量級”タルト 藤井王位が2日目午前のおやつに選んだのは、「かぼちゃのタルト」と「アップルジュース」だった。提供されたかぼちゃのタルトは、美しい黄金色をしたベースの上に濃厚な生クリームがたっぷりトッピングされた贅沢な一品。一般的なケーキのサイズよりもかなり大きく見える堂々たる姿が中継画面に映し出されると、視聴者からは驚きの声が上がった。 ABEMAのコメント欄には「重量級や」「がっつり」「けっこうおおきいね」「4分の１ホール」と、その規格外のボリューム感に圧倒される声が殺到。さらに「腹持ち良さそう」「昼飯食べれなくなるわ」といった愛のこもったツッコミや、「わあ美味しそう！」「うまそおおおおお」と食欲を強く刺激されたファンの歓声で大いに盛り上がりを見せた。 一方、挑戦者の伊藤匠二冠（叡王、王座、23）はおやつの注文はなく、「アップルジュース」のみでしのいでいる。朝の封じ手開封直後から、伊藤二冠は盤を食い入るように見つめ、早くも深い長考に沈んでいる。この緊迫した状況について、ABEMAの中継で解説を務める齊藤優希四段（30）は「それだけ難解な局面なのかもしれない」と言及。両者にとって一手のミスも許されない、極限の読み合いが続いていることを示唆した。 7連覇達成へ向けてしっかりと糖分を補給する藤井王位と、盤上の真理を求めて長考に沈む伊藤二冠。緊迫度を増す攻防とともに、対照的なコントラストを描いたおやつの時間にも熱い視線が注がれている。 （ABEMA/将棋チャンネルより） ABEMA TIMES編集部,[],[]
レベル4土砂災害危険警報 岡山・岡山市、玉野市（ABEMA TIMES）,https://news.yahoo.co.jp/articles/92226826f6eaccb34209095cd2f0c1ac6118e682,https://newsatcl-pctr.c.yimg.jp/t/amd-img/20260909-10271935-abemav-000-1-view.jpg?exp=10800,2026-09-09T10:36:18+09:00,2026-09-09T10:36:18+09:00,ABEMA TIMES,abema,ABEMA TIMES,233,アナウンサー 気象庁は、岡山県の岡山市と玉野市に「レベル4土砂災害危険警報」を発表しました。命に危険を及ぼす土砂災害の恐れが高まっています。厳重な警戒が必要です。 【映像】「レベル4土砂災害危険警報」が発表された地域 レベル4の危険警報は、自治体が避難指示を発令する目安となる情報です。自治体からの避難情報を確認してください。 避難指示が発令されていなくても、気象庁のキキクルなどを確認し早めの避難を心がけてください。（ANNニュース） ABEMA TIMES編集部,[],[]
セガサミーフェニックス・茅森早香選手兼監督、佐野ひなこ加入で「ちょっと男くさかったのが華やかになる」と笑顔で歓迎 2度目の優勝へイメージチェンジ/麻雀・Mリーグ（ABEMA TIMES）,https://news.yahoo.co.jp/articles/9f802d33b82bd79101f83be1e824bd3ee051cb6f,https://newsatcl-pctr.c.yimg.jp/t/amd-img/20260909-10271235-abemav-000-1-view.jpg?exp=10800,2026-09-09T10:00:37+09:00,2026-09-09T10:00:37+09:00,ABEMA TIMES,abema,ABEMA TIMES,2840,茅森早香 昨シーズンは初めて選手兼監督としてMの舞台を戦ったセガサミーフェニックスの茅森早香（最高位戦）。頼りになる仲間たちとチーム一丸となって戦っている感覚があり「気持ち的には楽になった」と感触を語る。そして今期からは佐野ひなこ（最高位戦）が加わった。「ちょっと男くさかったのが華やかになる（笑）」。チームは初めての男女2：2という編成。「天才すぎるオンナ雀士」が選手兼監督という立場で2年目のシーズンを迎える。 【映像】“天才”茅森早香らしい難解手牌からの高打点アガリ ―個人成績は21位（▲58.9ポイント）。チームとしてはセミファイナルシリーズで敗退した。チームの成績から振り返りを。 序盤にかなり負けてしまって、結構早めにプラス域には回復できたんですけど、やっぱりファイナルシリーズまでは進めなかったですし、改めて序盤は大事だなと思いました。 最後の試合で私、1回もアガれなかったんです。何かできたのかなという反省はありつつ、たぶん何もできなかったので、やっぱり、その前にもっとプラスしておかなければいけない、と思いました。 ―優勝した2024-25シーズンはある程度の貯金を持ちながら戦った。 そうですね。優勝したシーズンはセミファイナルが全員プラスとか、結構後半が良かったですし。レギュラーはうちの背の高い2人（醍醐大・竹内元太）が結構勝って突破しましたね。ファイナルは私が良いところで1位を決められたので、そこが良かったかなと思います。 ―昨シーズンは初めて選手兼監督という立場で戦った。 もともと監督として考えていたことは、選手に座りたい席を聞いたり、どこのチームとやりたいとか、戦う上で苦手とする選手はいるか、とかをしっかりと聞くということでした。そういうのを聞いた上で、みんなでちょこちょこ話し合いながらという感じでした。 ―監督を務めて、心境的に変化したことはあったのか。 そうですね。自分が出たいところに出ることができるし、みんなの意見も聞いて決められるので、気持ち的には楽になった感じはあります。 ―監督になってチームメイトの意外な一面を発見したか。 醍醐さんは結構ジンクスというかデータを気にしますね。よくバースデー登板ってあるじゃないですか。醍醐さんもバースデー登板する予定だったんですけど、周りの人との対戦成績が良くないので「出たくない」となったことがありましたから（笑）。そういうものを結構気にするタイプでした。面白いですね。 ―浅井堂岐さん（協会）が病気で一時、戦線離脱することもあった。 数日くらいで「堂岐はもう大丈夫」と聞いて、ホッとしました。早く復帰できればなと願う中で、みんなモチベーションアップしました。チームも負けていたので、「堂岐が帰ってくる前にプラスにしよう」とチームで言っていました。そういうことも影響したのかはわからないですけど、その時期は結構プラスしましたね。 ―浅井さんが契約満了となり、佐野ひなこさんが新たに加わった。 ドラフトのちょっと前に佐野さんの加入を聞きましたが、最初に堂岐のことを聞いた時はびっくりしました。佐野さんは候補には入るだろうなという印象でした。 佐野さんとは、もともとはそんなに接点はなかったんですけど、チームに入ることが決まってからセットで打ちました。最初の食事会では、結構サバサバ系の子だなという感じで、気遣いもされるという印象でした。 ―麻雀の活躍もそうだが、佐野さんは発信力も期待できる。 そうですね。発信力は期待しています。Mリーグ全体のこともそうですし、セガサミーフェニックスのことも多くの人に知ってもらえる影響力があると思います。 元太は「後輩ができた」と、ちょっと偉そうに振る舞っています（笑）。醍醐さんは優しく接するというか、教えるという感じですね。 ―例えば、BEAST Xでは下石戟さん（協会）が中田花奈さん（連盟）を指導している。そういうパターンがあるのか。 醍醐さんが教えていることは聞いています。ただ、佐野さんはもともと攻め寄りなんですよね。そんな中で、醍醐さんが守備を教えるとなると、バランスは大丈夫かなと、私は思っています。佐野さんと一緒に麻雀を打ったんですが、ちょっとバランス型に寄っていってるというイメージを受けました。佐野さん自身は「私は杉並の全ツッパ」と言っていましたけど（笑）。 ―セガサミーフェニックスのチーム編成で男女2：2は初めてとなった。 ちょっと男くさかったのが華やかになるかなという感じですね（笑）。 ―佐野さんと同時期に他チームには、U-NEXT Piratesに朝倉康心さん（最高位戦）、KADOKAWAサクラナイツに尻無濱航さん（協会）が加わった。 あさぴんは何回も対局・お仕事をしたことがありますし、尻無濱さんはゲストで一緒になったことがあります。元気な男の子でした。挨拶してくれたこともあるんですけど、すっごく声が大きかったです（笑）。 ―開幕に備えてどんな準備をしているか。 普段と変わらずという感じですかね。麻雀を打って、見て。これはずっと変わらないです。 ―どんな風に戦おうと考えているのか。 とにかく落ち着いて、ですね。序盤は落ち着いて、レギュラーシーズンを突破してから、そこから徐々に上げていくという感じですね。 ―監督としてはどんなプランを持っているのか。 とりあえず醍醐さんと元太にいろいろ聞いて、佐野さんは出やすそうなところに出てもらう、という感じですかね。佐野さんに、「もし初日出るとなったらどう？気持ち的にはどういう感じ？」と聞いたら、「嫌です」と言っていました（笑）。すごく出たいと言うパターンもあるだろうから、一応聞いてみたんですけど。ちなみに、元太も「様子を見たい」という感じでした。 ―となると、佐野さんは“順番的に”ということになるのか、もしくは、そういうのを除外するのか。 「ちょっとでもいいから、チームにプラスがある状態で出たい」と言っていました。でも最初に負けちゃったら、なかなか出られないのでね（笑）。だいたい、うちのチームは順番で出場するので、1人ずつ1回はとりあえず打ってから、みたいな感じになると思います。 ※連盟＝日本プロ麻雀連盟、最高位戦＝最高位戦日本プロ麻雀協会、協会＝日本プロ麻雀協会 ◆Mリーグ 2018年に全7チームで発足し、2019-20シーズンから全8チーム、2023-24シーズンからは全9チーム、2025-26シーズンから全10チームに。各チーム、男女混成の4人で構成されレギュラーシーズン各120試合（全300試合）を戦い、上位6チームがセミファイナルシリーズに進出。各チーム20試合（全30試合）を戦い、さらに上位4チームがファイナルシリーズ（16試合）に進み優勝を争う。優勝賞金は7000万円。 （ABEMA/麻雀チャンネルより） ABEMA TIMES編集部,[],[]
韓国「カンナムオンニ」 日本人含む22万人の情報漏洩（ABEMA TIMES）,https://news.yahoo.co.jp/articles/5c273276407ffa6769e4f00c92e35279e631394a,https://newsatcl-pctr.c.yimg.jp/t/amd-img/20260909-10271934-abemav-000-1-view.jpg?exp=10800,2026-09-09T09:54:15+09:00,2026-09-09T09:54:15+09:00,ABEMA TIMES,abema,ABEMA TIMES,345,「カンナムオンニ」のHP 韓国の美容医療プラットフォーム「カンナムオンニ」で、日本人5万人近くを含む利用者22万人の個人情報が漏えいしたと運営会社が発表しました。予約登録の写真も含まれるということです。 【映像】個人情報が漏洩した「カンナムオンニ」のHP 漏えいしたのは、利用者の名前や電話番号、メールアドレスなどの個人情報に加え、予約や相談をする際に登録した写真、施術に関する情報、価格や支払い方法を含む決済情報など多岐にわたります。 情報漏えいの対象者はおよそ22万人で、このうち日本の利用者がおよそ4万8000人に上るということです。 運営会社によりますと、今月4日、相談履歴を照会するシステムに不正なアクセスが発生したということです。（ANNニュース） ABEMA TIMES編集部,[],[]
レベル4土砂災害危険警報 長野・木曽町（ABEMA TIMES）,https://news.yahoo.co.jp/articles/803916e205bc6d247bdf3e79e464150f430562dd,https://newsatcl-pctr.c.yimg.jp/t/amd-img/20260909-10271933-abemav-000-1-view.jpg?exp=10800,2026-09-09T09:48:15+09:00,2026-09-09T09:48:15+09:00,ABEMA TIMES,abema,ABEMA TIMES,238,アナウンサー 気象庁は長野県木曽町に「レベル4土砂災害危険警報」を発表しました。命に危険を及ぼす土砂災害の恐れが高まっていて厳重な警戒が必要です。 【映像】レベル4土砂災害危険警報が発表された地域 レベル4の危険警報は、自治体が避難指示を発令する目安となる情報です。 土砂災害警戒区域などにいる人は自治体からの避難情報を確認してください。避難指示が発令されていなくても、気象庁のキキクルなどを確認し早めの避難を心がけてください。（ANNニュース） ABEMA TIMES編集部,[],[]
レベル4大雨危険警報 愛媛・四国中央市（ABEMA TIMES）,https://news.yahoo.co.jp/articles/d9ff88a1c39188da8d4c6a10b82d731bb7a0eefc,https://newsatcl-pctr.c.yimg.jp/t/amd-img/20260909-10271932-abemav-000-1-view.jpg?exp=10800,2026-09-09T09:48:15+09:00,2026-09-09T09:48:15+09:00,ABEMA TIMES,abema,ABEMA TIMES,223,アナウンサー 気象庁は愛媛県四国中央市にレベル4大雨危険警報を発表しました。低い土地の浸水や河川が氾濫する危険度が高まっていて厳重な警戒が必要です。 【映像】レベル4大雨危険警報が発表された地域 レベル4の危険警報は、自治体が避難指示を発令する目安となる情報です。 自治体からの避難情報を確認してください。避難指示が発令されていなくても、気象庁のキキクルなどを確認し、早めの避難を心がけてください。（ANNニュース） ABEMA TIMES編集部,[],[]
四国・近畿・東海で線状降水帯発生の恐れ 気象予報士「今少し穏やかだからといって油断せず」「土砂災害の危険エリアから一歩でも離れる」（ABEMA TIMES）,https://news.yahoo.co.jp/articles/f54b12becc6a421d6a70744bcf8668a5f4e5b24e,https://newsatcl-pctr.c.yimg.jp/t/amd-img/20260909-10271930-abemav-000-2-view.jpg?exp=10800,2026-09-09T09:18:17+09:00,2026-09-09T09:24:16+09:00,ABEMA TIMES,abema,ABEMA TIMES,544,線状降水帯半日前予測 9日も全国的に大雨が続き、四国から東海では線状降水帯が発生する恐れがある。宇野日和気象予報士は「雨雲は四国地方から東北地方にかけて広がっている」と説明し、特に香川県を中心に活発な雨雲がかかり、岐阜から長野にかけても雨足が強まっているとした。 【映像】今後の雨雲の動きと土砂災害の危険エリア 土砂災害について宇野氏は「香川県にレベル4土砂災害危険警報に該当する地域がある。また、山梨県にも警戒エリア・危険エリアといった箇所がある」と指摘。「ハザードマップなどを確認していただいて、土砂災害の警戒区域・特別警戒区域などに指定されていないか確認し、もしそういった地域にいるということでしたら、そこから一歩でも離れるというのを心がけていただきたい」と呼びかけた。 10日朝までの予想雨量は、東海から近畿で200mm、四国150mm、関東甲信・北陸120mm、東北80mm。線状降水帯については、四国で9日昼前、近畿で昼過ぎ、三重で夕方、東海で夜遅くにかけて発生する可能性があるという。 宇野氏は「今少し天候が穏やかだからといって油断せず、まだ大雨が続いていると思って、今日は警戒を続けるようにしていただきたい」と述べた。（ABEMA NEWS） ABEMA TIMES編集部,[],[]
封じ手は“王道”の「受けずに攻める手」！藤井聡太王位が防衛決めるか、伊藤匠二冠が最終局へ持ち込むか 大注目の第6局2日目が再開/将棋・王位戦（ABEMA TIMES）,https://news.yahoo.co.jp/articles/7aeb821be63386349db9163d2c3f0a1632743c3f,https://newsatcl-pctr.c.yimg.jp/t/amd-img/20260909-10271929-abema-000-2-view.jpg?exp=10800,2026-09-09T09:09:15+09:00,2026-09-09T22:48:16+09:00,ABEMA TIMES,abema,ABEMA TIMES,753,立会人の青野九段（左手前）と藤井王位 将棋の「伊藤園お〜いお茶杯第67期王位戦七番勝負」第6局は9月9日、神奈川県秦野市の「元湯 陣屋」で2日目の対局が再開された。防衛と7連覇に王手をかけている後手の藤井聡太王位（竜王、名人、棋聖、棋王、王将、24）が前日に封じた60手目が開封され、カド番からの逆襲を狙う先手の伊藤匠二冠（叡王、王座、23）との決着の1日が幕を開けた。 【映像】藤井王位が前日に封じた60手目が開封される瞬間 前日の1日目は、先手番の伊藤二冠が意表を突く「早繰り銀」の作戦を採用。序盤から両者の深い読みと入念な研究が盤上で重厚にぶつかり合う、タイトル戦にふさわしい白熱の展開となった。互いに居玉のまま一歩も譲らない緊迫した駆け引きが続く中、後手の藤井王位にとって手が広い、選択肢の多い非常に難解な局面で定刻の封じ手時刻を迎えていた。 注目の封じ手は、銀を打ち込んで相手の動きを受けずに攻め合いを目指す、強気な一手だった。ABEMAの中継で解説を務める齊藤優希四段（30）はこの決断について「受けずに攻める手」と解説しつつ、「王道の手」「本命視されていた手」ともコメント。数ある選択肢の中から、藤井王位が最も自然かつ堂々とした進行を選び、2日目のスタートを切った形となった。 本局で藤井王位が勝利を収めれば、見事にタイトル防衛と王位戦7連覇という大記録達成となる。一方で、伊藤二冠が底力を見せて激闘を制すれば、勝負のゆくえは最終・第7局のフルセットへともつれ込むことになる。歴史ある“将棋の聖地”で紡がれる最高峰の盤上ドラマは、いよいよクライマックスへ。次代の将棋界を牽引する同学年対決の結末から、一瞬たりとも目が離せない。 （ABEMA/将棋チャンネルより） ABEMA TIMES編集部,[],[]
レベル4大雨危険警報 香川・観音寺市、三豊市（ABEMA TIMES）,https://news.yahoo.co.jp/articles/5afa86a4236ea6eced25c3632eb63c66bac6529f,https://newsatcl-pctr.c.yimg.jp/t/amd-img/20260909-10271927-abemav-000-1-view.jpg?exp=10800,2026-09-09T09:06:16+09:00,2026-09-09T09:06:16+09:00,ABEMA TIMES,abema,ABEMA TIMES,227,アナウンサー 香川県では大雨災害の危険度が高まっています。 香川県には活発な雨雲がかかっていて、「レベル4土砂災害危険警報」が発表されていましたが、さきほど午前8時半前にレベル4大雨危険警報が観音寺市と三豊市に発表されました。 【映像】レベル4大雨危険警報が発表された地域 土砂災害に加えて、浸水害や中小河川の氾濫の恐れが高まっています。昼ごろにかけて大雨となる見込みです。 早めの避難を心がけてください。（ANNニュース） ABEMA TIMES編集部,[],[]
レベル4土砂災害危険警報 香川・三豊市、観音寺市（ABEMA TIMES）,https://news.yahoo.co.jp/articles/14d3b51f52549a3af2689d11240b29161d2fb4fb,https://newsatcl-pctr.c.yimg.jp/t/amd-img/20260909-10271926-abemav-000-1-view.jpg?exp=10800,2026-09-09T08:54:15+09:00,2026-09-09T08:54:15+09:00,ABEMA TIMES,abema,ABEMA TIMES,252,気象庁HP 香川県の観音寺市に加えて三豊市にも「レベル4土砂災害危険警報」が発表されました。土砂災害の恐れが高まっていて厳重な警戒が必要です。 【映像】レベル4土砂災害危険警報が発表された地域 香川県では昼ごろにかけて活発な雨雲がかかり、大雨となる見込みです。 土砂災害警戒区域などにいる人は自治体からの避難情報を確認してください。早めの避難を心がけてください。 避難指示が発令されていなくても、気象庁のキキクルなどを確認し、早めの避難を心がけてください。（ANNニュース） ABEMA TIMES編集部,[],[]
レベル4土砂災害危険警報 香川・観音寺市（ABEMA TIMES）,https://news.yahoo.co.jp/articles/04fa6e849618bdf9571d7dcef666861a847cdd1a,https://newsatcl-pctr.c.yimg.jp/t/amd-img/20260909-10271915-abemav-000-1-view.jpg?exp=10800,2026-09-09T08:33:16+09:00,2026-09-09T08:33:16+09:00,ABEMA TIMES,abema,ABEMA TIMES,239,気象庁HP 気象庁は香川県観音寺市に「レベル4土砂災害危険警報」を発表しました。命に危険を及ぼす土砂災害の恐れが高まっていて厳重な警戒が必要です。 【映像】レベル4土砂災害危険警報が発表された地域 レベル4の危険警報は、自治体が避難指示を発令する目安となる情報です。 土砂災害警戒区域などにいる人は自治体からの避難情報を確認してください。避難指示が発令されていなくても、気象庁のキキクルなどを確認し、早めの避難を心がけてください。（ANNニュース） ABEMA TIMES編集部,[],[]
首都高新宿線でトレーラー壁に衝突 一部通行止め（ABEMA TIMES）,https://news.yahoo.co.jp/articles/9d203272e5a0849b174b39e3d7a03cffdbab28fa,https://newsatcl-pctr.c.yimg.jp/t/amd-img/20260909-10271914-abemav-000-1-view.jpg?exp=10800,2026-09-09T08:33:16+09:00,2026-09-09T08:33:16+09:00,ABEMA TIMES,abema,ABEMA TIMES,274,東京・渋谷区 東京・渋谷区の首都高速で大型トレーラーが壁に衝突する単独事故を起こし、一部区間で通行止めが起きています。 【映像】壁に衝突した大型トレーラー（複数カット） 警視庁によりますと、きょう午前5時半ごろ、渋谷区千駄ヶ谷の首都高速4号新宿線で大型トレーラーが壁に衝突する単独事故を起こしました。 男性運転手（40代）は病院に搬送されましたが、命に別状はありません。 この事故で三宅坂ジャンクションから西新宿ジャンクションの間の下りで通行止めとなっていて、再開のめどは立っていないということです。（ANNニュース） ABEMA TIMES編集部,[],[]
ニューメキシコ州→ニュー“アメリカ”州に変更!? トランプ大統領、AI生成で次の標的アピールか「はるかに威厳があり美しい名称だろう」（ABEMA TIMES）,https://news.yahoo.co.jp/articles/7874ebfe0cdc6e376c134dc8c8a700ef54bb2902,https://newsatcl-pctr.c.yimg.jp/t/amd-img/20260909-10271781-abemav-000-1-view.jpg?exp=10800,2026-09-09T08:30:37+09:00,2026-09-09T08:30:37+09:00,ABEMA TIMES,abema,ABEMA TIMES,371,AI生成されたトランプ大統領 トランプ大統領が投稿した映像。そこには“次の標的”をアピールするような姿が映っていた。 【映像】ニューメキシコ州→ニュー“アメリカ”州に変更するトランプ氏 映像に現れたトランプ大統領。「ようこそ、ニューメキシコ州へ」と書かれた看板の、「メキシコ」の部分を「アメリカ」に貼り替えた。そして、楽しげにダンスをする様子が映っている。 「多くの人々が、史上屈指の不正選挙州であるニューメキシコ州の名称を『ニューアメリカ』に変更するよう提案した。この素晴らしい州の人々にとって、はるかに威厳があり、美しい名称だろう。最高だ!!!」（トランプ大統領） 最近、AIによる動画を頻繁にアップしているトランプ大統領。次の標的はニューメキシコというアピールなのだろうか。（『ABEMA NEWS』より） ABEMA TIMES編集部,[],[]
大規模な雪崩 発生の瞬間を旅行者が撮影 中国（ABEMA TIMES）,https://news.yahoo.co.jp/articles/2605144c11bac2a3fa718b82b6d976505b8504c7,https://newsatcl-pctr.c.yimg.jp/t/amd-img/20260909-10271913-abemav-000-1-view.jpg?exp=10800,2026-09-09T08:15:33+09:00,2026-09-09T08:15:33+09:00,ABEMA TIMES,abema,ABEMA TIMES,307,中国・新疆ウイグル自治区 中国・新疆ウイグル自治区で先月31日、大規模な雪崩が発生し、その瞬間を旅行者がスマートフォンで捉えていました。 【映像】大規模な雪崩が発生する瞬間（実際の様子） 中国メディアによりますと先月31日、新疆ウイグル自治区にあるムスタグアタ山の第2氷河で雪崩が起きました。 旅行者がスマホで撮影した映像には、大量の氷雪が幅およそ百メートル、高さ数百メートルにわたって流れ落ちていく様子が映っています。人的被害はなかったということです。 山頂は何億年もの間、氷雪と氷河に覆われています。 地元の観光当局は、旅行者に対し近づかないよう呼びかけました。（ANNニュース） ABEMA TIMES編集部,[],[]
仏 ワインの名産地 猛暑でブドウ収穫1カ月前倒し（ABEMA TIMES）,https://news.yahoo.co.jp/articles/080d965bac73d397ec9dbfdf0fd66137a3eebb37,https://newsatcl-pctr.c.yimg.jp/t/amd-img/20260909-10271912-abemav-000-1-view.jpg?exp=10800,2026-09-09T08:15:33+09:00,2026-09-09T08:15:33+09:00,ABEMA TIMES,abema,ABEMA TIMES,293,フランス・ロワール地方 フランスのワインの名産地、ロワール地方では、記録的な猛暑と干ばつの影響により例年より1カ月早くブドウの収穫が始まりました。 【映像】猛暑で実や葉が焼き焦げたブドウ（複数カット） 900年の歴史を誇るワインの産地、サヴニエール村では、猛暑と干ばつの影響で例年10月上旬に始まるブドウの収穫を1カ月前倒ししました。 日当たりの良い斜面では気温が50度近くに達する日もあり、例年よりもブドウの実が小さいということです。 「生産量」は大幅に減る見込みですが、選別して収穫するため、ワインの品質には影響がないということです。（ANNニュース） ABEMA TIMES編集部,[],[]
“Suicaのペンギン”後継候補キャラクター発表（ABEMA TIMES）,https://news.yahoo.co.jp/articles/b6fb834e803aa1280b6e095e0623ed2324e9cabd,https://newsatcl-pctr.c.yimg.jp/t/amd-img/20260909-10271911-abemav-000-1-view.jpg?exp=10800,2026-09-09T08:15:33+09:00,2026-09-09T08:15:33+09:00,ABEMA TIMES,abema,ABEMA TIMES,352,候補キャラクター JR東日本は今年度末で卒業する交通系ICサービス、「Suica」のイメージキャラクター「スイカのペンギン」の後任となる3つのキャラクター候補案を発表しました。 【映像】3つのキャラクター候補 JR東日本は8日の会見で、交通系ICサービス「Suica」の新たなイメージキャラクターの候補を発表しました。候補はあわせて3つで、リス、ウサギ、モグラをモチーフにしています。 社員らの意見をもとに選考委員会で3案に絞り込んだということで、9月23日までインターネット上で投票を行い、最も得票が多かった案に決めることにしています。 「スイカのペンギン」はサービス開始から25年にわたって親しまれてきましたが、今年度末に卒業することが決まっています。（ANNニュース） ABEMA TIMES編集部,[],[]
サムスン 横浜に半導体研究拠点 AI向け開発で日韓連携（ABEMA TIMES）,https://news.yahoo.co.jp/articles/90c9bd885d87b4927d9a0b60405eb0712711f773,https://newsatcl-pctr.c.yimg.jp/t/amd-img/20260909-10271910-abemav-000-1-view.jpg?exp=10800,2026-09-09T08:15:33+09:00,2026-09-09T08:15:33+09:00,ABEMA TIMES,abema,ABEMA TIMES,337,横浜 韓国のサムスン電子は、横浜にある半導体の研究拠点で開所式を行いました。半導体の装置や素材で強みを持つ日本勢と連携していく方針です。 【映像】半導体の研究拠点で行われた開所式の様子 開所式には、サムスンの全永鉉副会長や日韓の政府関係者ら、およそ100人が参加しました。 この研究施設は、サムスンの半導体製造技術と日本が得意とする装置や素材の技術をつなぐ拠点として、2024年から5年間で400億円の投資を見込んでいます。 AI向け半導体の開発をめぐっては、複数の集積回路を組み合わせる「先端パッケージ技術」が重要となっています。 サムスンは今後、日本のメーカーや大学、研究機関などとも連携し技術開発を加速させたい考えです。（ANNニュース） ABEMA TIMES編集部,[],[]
“偽シャネル”など販売目的で所持か 女性を書類送検（ABEMA TIMES）,https://news.yahoo.co.jp/articles/82b53d3248bf596169ffd7585959ec8dec94bdf3,https://newsatcl-pctr.c.yimg.jp/t/amd-img/20260909-10271894-abemav-000-1-view.jpg?exp=10800,2026-09-09T08:09:16+09:00,2026-09-09T08:09:16+09:00,ABEMA TIMES,abema,ABEMA TIMES,411,押収品 高級ブランドの偽物の商品を所持したなどの商標法違反の疑いで、無職の66歳の女性が書類送検されました。 【映像】高級ブランドの偽物の商品（押収品） 東京・荒川区の女性（66）は6月、シャネルやルイヴィトンの偽のピアスやネックレスなど52点を販売目的で所持したなどの商標法違反の疑いが持たれています。 警察によりますと、女性は偽物の商品を購入して、フリマアプリで1つおよそ3500円で販売していました。少なくとも58万円以上を売り上げ、購入者はおよそ300人いるということです。 女性は調べに対し、「生活費を稼ぐために販売した」などと容疑を認めています。 また、偽物の商品に関しては「インターネットで購入した」「仕入れ先で安くアクセサリーなどを売っていたので安い価格で購入し、大量に仕入れていた」などと話しています。 警察は偽物の商品の仕入れ先などの捜査を進めています。（ANNニュース） ABEMA TIMES編集部,[],[]
政府 税制改正大綱案を自民に提示（ABEMA TIMES）,https://news.yahoo.co.jp/articles/5d2978271130d0aa185ed3fc63f70e6093bd2533,https://newsatcl-pctr.c.yimg.jp/t/amd-img/20260909-10271890-abemav-000-1-view.jpg?exp=10800,2026-09-09T08:09:16+09:00,2026-09-09T08:09:16+09:00,ABEMA TIMES,abema,ABEMA TIMES,319,自民党 政府は食料品の消費減税に向けた税制改正大綱案を自民党に示しました。 自民党はきのう、来年4月から2年間、食料品の消費税率を1％に引き下げることや、2029年度に導入する中・低所得者への支援金制度などを盛り込んだ税制改正大綱案について議論しました。 【映像】政府、税制改正大綱案を自民に提示 財源については、赤字国債に頼らないとしていますが、具体的には明記せず、「早期に結論を得る」としています。 出席した議員からは「もう少し明確に説明するべきだ」との声がでたということです。 政府は、新たな支援制度の財政負担の割合をめぐる地方自治体との協議を踏まえ、15日にも閣議決定する方針です。（ANNニュース） ABEMA TIMES編集部,[],[]
OECD加盟38カ国の中で日本の高校生が学力トップ（ABEMA TIMES）,https://news.yahoo.co.jp/articles/00d8a648ea453502003b2df6af3306d7cd4ee0e8,https://newsatcl-pctr.c.yimg.jp/t/amd-img/20260909-10271892-abemav-000-1-view.jpg?exp=10800,2026-09-09T08:09:16+09:00,2026-09-09T08:09:16+09:00,ABEMA TIMES,abema,ABEMA TIMES,344,文科省 OECD＝経済協力開発機構が15歳を対象とした学力調査で、日本は調査した3分野全てでOECD加盟国の中で初めてトップとなりました。 【映像】15歳を対象とした学力調査の結果 OECDの「学習到達度調査（PISA）」は、おおむね3年に1度、15歳を対象に科学的応用力、読解力、数学的応用力の3分野について調査しています。 日本の高校1年生6500人を含む、91の国と地域の76万人が参加し日本は、3分野全てで、OECD加盟38カ国の中で初めて1位となりました。 一方、平日の余暇にSNSを閲覧する時間は、日本は平均2.3時間で、回答した24カ国中、最短でした。 また、学校の勉強でAI＝人工知能を利用する頻度は38カ国中で最少でした。（ANNニュース） ABEMA TIMES編集部,[],[]
中道 党は残し立憲系と公明系議員が離党へ（ABEMA TIMES）,https://news.yahoo.co.jp/articles/e1378612386d45b6e5db56ac38e96e7af0c8af42,https://newsatcl-pctr.c.yimg.jp/t/amd-img/20260909-10271891-abemav-000-1-view.jpg?exp=10800,2026-09-09T08:09:16+09:00,2026-09-09T08:09:16+09:00,ABEMA TIMES,abema,ABEMA TIMES,388,東京・千代田区 中道改革連合が役員会を開き、事実上の分裂に伴う「新しい形態」について協議しました。 【映像】中道改革連合の「新しい形態」 中道を存続させたうえで公明出身議員は公明党に復党し、立憲出身議員は新党を立ち上げる方針です。 中道、立憲、公明3党の合流が決裂したことで、立憲出身者21人と公明出身者28人が所属する中道は、事実上分裂します。 8日の役員会では、中道の結党に伴う財務処理などのため国会議員1人が所属する形で中道自体は存続させ、それ以外の衆議院議員は離党する方針を確認しました。 そのうえで、公明出身議員は公明党に復党し、立憲出身議員は新党を立ち上げる方針です。 執行部は9日に議員懇談会を開き立憲出身者と公明出身者に方針を伝えたうえで、新しい形態について早ければ9日にも常任幹事会を開いて決定したい考えです。（ANNニュース） ABEMA TIMES編集部,[],[]
ロシア軍 ウクライナへの攻撃再開 3人死亡（ABEMA TIMES）,https://news.yahoo.co.jp/articles/bb25be3a51acde7abd4bffe0039d1b3b2f4146bb,https://newsatcl-pctr.c.yimg.jp/t/amd-img/20260909-10271889-abemav-000-1-view.jpg?exp=10800,2026-09-09T08:09:16+09:00,2026-09-09T08:09:16+09:00,ABEMA TIMES,abema,ABEMA TIMES,405,ウクライナ・キーウ ロシア軍は、アメリカの特使のウクライナ訪問にあわせて停止していた攻撃を再開しました。首都キーウへの空爆で3人が死亡しています。 【映像】ロシア軍の攻撃による火災の様子（キーウ） ロシア軍による攻撃は、8日未明、アメリカの特使がウクライナを離れてまもなく行われ、キーウの複数の地区で火災が発生しました。この攻撃で3人が死亡、20人近くがけがをしたということです。 ロシアとウクライナは、アメリカの特使らが訪問する3日間、攻撃を停止することで合意していました。 一方、ゼレンスキー大統領はアメリカの特使が示した和平案について、「非常に妥当で価値がある提案がいくつかあった」と評価し、月内にトランプ大統領と会談したい意向を示しました。 和平案の詳細は明らかにしませんでしたが、ウクライナ側がまずは検討を進めることでアメリカ側と合意したとしています。（ANNニュース） ABEMA TIMES編集部,[],[]
四国〜東海で線状降水帯の恐れ 大雨災害に厳重警戒（ABEMA TIMES）,https://news.yahoo.co.jp/articles/8f2886a6b9f22ef7200cf5c32a5169ccddaa5741,https://newsatcl-pctr.c.yimg.jp/t/amd-img/20260909-10271888-abemav-000-1-view.jpg?exp=10800,2026-09-09T08:09:16+09:00,2026-09-09T08:09:16+09:00,ABEMA TIMES,abema,ABEMA TIMES,331,名古屋・西区 きょうも全国的に大雨が続き、四国から東海では線状降水帯が発生する恐れがあります。大雨災害に厳重な警戒が必要です。 【映像】冠水した名古屋市の様子（実際の映像） 熱帯低気圧や秋雨前線の影響で、きのうは愛知県と岐阜県で線状降水帯が発生し、道路の冠水などが相次ぎました。 愛知県と岐阜県を流れる庄内川には一時、レベル5氾濫特別警報が発表されましたが、現在は解除されています。 きょうも秋雨前線は西日本や東日本に停滞し、各地で大雨となる見込みです。 線状降水帯の予測情報も発表されていて、四国や近畿は昼ごろにかけて、東海は今夜にかけて大雨災害の危険度が急激に高まる恐れがあると気象庁は警戒を呼び掛けています。（ANNニュース） ABEMA TIMES編集部,[],[]
“事実上の後継者”娘ジュエ氏が白スーツ姿で出席…金正恩氏、新型駆逐艦の就役式で防衛力を誇示 並んで笑顔を浮かべる様子も 北朝鮮（ABEMA TIMES）,https://news.yahoo.co.jp/articles/8644e8ca19a05850bb1186fdc3857aa0e58676d6,https://newsatcl-pctr.c.yimg.jp/t/amd-img/20260909-10271786-abemav-000-1-view.jpg?exp=10800,2026-09-09T07:30:35+09:00,2026-09-09T07:30:35+09:00,ABEMA TIMES,abema,ABEMA TIMES,608,ジュエ氏、金正恩氏 9月6日、北朝鮮東部の元山港で行われた新型駆逐艦「姜健」の就役式。金正恩総書記だけでなく、娘のジュエ氏の姿も見られた。 【映像】金正恩総書記の娘ジュエ氏 白スーツ姿（全身ショット） 盛大な式典に出席した金正恩総書記。その隣には白いスーツに身を包んだ娘のジュエ氏の姿も見られた。映像には、2人が並んで笑顔を浮かべる様子も映っている。 娘ジュエ氏、白スーツ姿で出席 金正恩氏、ジュエ氏 ジュエ氏について、韓国の情報機関などは事実上後継者に内定している段階とみていて、軍の重要行事などに頻繁に露出させることで、北朝鮮の市民に次の指導者として印象付ける狙いがあるとみられる。 演説で金正恩総書記は「海軍の核武装化が実現した」と述べた上で、「海上防衛と戦争抑止のための軍事活動をさらに明確にする必要がある」と強調した。 今回、披露された「姜健」は核搭載可能なミサイルを装備した5000トン級の駆逐艦。日本海側の重要な水域に配備するとしており、防衛力を誇示する狙いがあるとみられる。 海軍の近代化を急速に進める北朝鮮は、6月にも同型の駆逐艦「崔賢」を就役しており、北朝鮮が公表した海軍新型駆逐艦はこれで2隻目となる。 9月7日からは日米韓による共同訓練が行われており、新型艦の配備をアピールすることでアメリカなどをけん制する狙いがあるとみられる。（『ABEMA NEWS』より） ABEMA TIMES編集部,[],[]
沢井美優「全身アザだらけです」写真公開しファンから心配の声「大丈夫ですか？」（ABEMA TIMES）,https://news.yahoo.co.jp/articles/22c75a952bc3ea829063caa1a97631dcc70a3296,https://newsatcl-pctr.c.yimg.jp/t/amd-img/20260909-20271837-abemav-000-1-view.jpg?exp=10800,2026-09-09T07:27:16+09:00,2026-09-09T07:27:16+09:00,ABEMA TIMES,abema,ABEMA TIMES,749,沢井美優 Instagramより 俳優の沢井美優（38）が7日、Instagramを更新。腕にアザができた写真を公開し、心配の声が寄せられている。 【映像】沢井美優「全身アザだらけ」と公開した写真や離婚した高岸との2ショット 2022年10月にお笑いコンビ「ティモンディ」の高岸宏行（33）との結婚を発表し、2024年11月には、第1子の誕生を報告していた沢井。Instagramでは子育ての様子などを公開していたが、高岸が2026年7月30日に更新したXで「この度、私たち夫婦はお互いの人生を尊重し別々の道を歩む決断をいたしました。」と、およそ4年間の結婚生活を終えたことを報告。「えっ！びっくり！」「やれば出来ることと出来ないことがあるんよね…特に男女間は…」などの反響が寄せられていた。 高岸は離婚を発表して5日後の8月4日にInstagramを開設。娘とのハグ写真や上野動物園に行った時の様子を公開している。 写真公開しファンから心配の声「大丈夫ですか？」 沢井美優 Instagramより 9月7日は沢井がInstagramを更新し、「お洋服は我が子が潜っていて のびきっています 右腕にはアザがあります。最近色々なところにぶつけていて全身アザだらけです 気をつけます！！笑かき氷で回復」とつづり、うれしそうな笑顔を見せる最新ショットを披露。子どもがTシャツに潜り込んでいるほほえましい姿や腕にできたアザも公開している。 この投稿にファンから、「美優さん、アザ大丈夫ですか？心配です」「お子さん、元気で何より！」「かき氷でリフレッシュ また若返ってるね、可愛い」「好きな食べ物で癒やされてね」など、様々な声が寄せられている。 （『ABEMA NEWS』より） ABEMA TIMES編集部,[],[]
「言いたくても言えない」歌舞伎町ビル火災で44人中11人の遺族が集団訴訟への参加を辞退…娘2人を亡くした母は「遺族が生きているうちに犯人が捕まってほしい」（ABEMA TIMES）,https://news.yahoo.co.jp/articles/df9e6f56314825ed4b4d1b4e463fc3c868c983b1,https://newsatcl-pctr.c.yimg.jp/t/amd-img/20260909-10271823-abemav-000-2-view.jpg?exp=10800,2026-09-09T07:00:37+09:00,2026-09-09T13:51:17+09:00,ABEMA TIMES,abema,ABEMA TIMES,1400,2001年9月1日 2001年9月1日、東京・新宿区歌舞伎町のビルで火災が発生した。午前1時ごろに出火し、3階と4階にいた飲食店の客や従業員らが逃げ遅れた。ビル内にいた44人が死亡する大惨事となった。放火の可能性が高いとされるが、いまだ何も分かっていない。 【画像】歌舞伎町ビル火災で亡くなった2人の女性（写真あり） しかしこの火災について未解決事件として声を上げる遺族は、決して多くはない。「言いたくても言えない」その葛藤を火災当時、警視庁捜査一課の特殊犯罪対策管理官で、現在は世田谷一家殺人事件など、数多くの未解決事件の遺族を支援する、殺人事件被害者遺族の会「宙の会」特別参与の土田猛氏は代弁する。 「それはやはり歌舞伎町という地域、そして3階が麻雀店、4階は風俗のようなお店と、そこで働いていた人ということから『なんであんなところで働いていた』と。そういうことをなぜ止められなかったのかという自責の念と、それから他人のそういう印象を考えてしまう」（土田氏） 実際、火災から5年後の損害賠償請求裁判では、被害者44人中11人の遺族が参加を辞退している。被害者や遺族に対し「自業自得」という卑劣な誹謗中傷もあったという。 その中で報道の前に立ち続ける数少ない遺族がいる。植田安子さん（74）はこのビルで長女の愛子さん（当時26歳）と次女の彩子さん（当時22歳）を亡くした。植田さんは「下の娘の友達から電話があって『おばちゃん、早くテレビつけてって。ビル火災で愛子ちゃんと彩子ちゃんが、あそこのビルで仕事してた』という話が分かってきた時に、一瞬びっくりしたのよね」と、その後2人の携帯を鳴らし続けたのだと当時を振り返った。 長女の愛子さんは、いじめにあっている友人を助け、泊る場所のない新人従業員を実家に連れて帰るような人だった。次女の彩子さんは、あっけらかんとして明るく、音楽が好きだった。 事件の後、植田さんには忘れられない出来事があったという。 「事故の後も（お姉ちゃんの）携帯に、電話が何回かかかるのよ。かかったらすぐに切れて。でも3、4回目に私が出たら男のお客様だったんだけども『愛の電話です』って言ったら、一瞬びっくりというか、まさかと思って電話をかけてきたんだと思うんだけども。その時の私がね『うちの子ね、あなたに、お客様に対してご迷惑をかけるようなことはありませんでしたか？』って。『もうそんなことは絶対になかった。仕事で悩みがあると話をしたり、相談に乗ってもらったりして、すごく救われました』って言葉が聞けたのね。私、その言葉を聞いた時にね、嬉しかったというか『ああ、良かった、迷惑かけてなかったんだな』って」（植田さん） 娘の命を奪った火災から25年。植田さんはこう振り返る。「犯人は私が生きてる間も、亡くなってからも、多分捕まらないと思う。初めの頃は、刑事さんなんかが『グレーに近い黒はいる。だけどはっきりとした黒とは決められないので、犯人として捕まえることはできない』」。 当時、防犯カメラは表通りに数台あるだけだった。植田さんはこの25年、答えのない問いを抱え続けてきた。「だけど、それも全然分からないから、今はただ犯人が捕まってほしい。私たちが生きてるうちに、遺族が生きてるうちに」と胸の内を吐露した。 （『ABEMA的ニュースショー』より） ABEMA TIMES編集部,[],[]
「ふっ飛んだ」 鉄人・佐野海舟、相手が戸惑う“まさかの光景”「強すぎるやろ」背後から蹴られる→“強靭フィジカル”に騒然（ABEMA TIMES）,https://news.yahoo.co.jp/articles/e92f4dea545b709dfc575f7767406f1a0fce3b43,https://newsatcl-pctr.c.yimg.jp/t/amd-img/20260909-10271718-abemav-000-1-view.jpg?exp=10800,2026-09-09T06:00:39+09:00,2026-09-09T06:00:39+09:00,ABEMA TIMES,abema,ABEMA TIMES,745,佐野海舟 【ブンデスリーガ】ハンブルガーSV 0－5 マインツ（日本時間9月6日/フォルクスパルクシュタディオン） 【映像】鉄人・佐野海舟、蹴られる→ビクともしない“強靭フィジカル” マインツに所属する日本代表MF佐野海舟が、強靭なフィジカルを見せた。後方から蹴られるような形となったものの、痛めたのはまさかの相手選手。この一連のプレーにファンから驚きの声が上がった。 マインツは日本時間9月6日、ブンデスリーガ第2節でハンブルガーSVと敵地で対戦。佐野はアンカーとして2試合連続で先発出場すると、先制点をアシスト。その後も勢いに乗ったチームは5－0で大勝し、今季初白星を飾った。 注目のシーンは、1－0とリードして迎えた21分だった。マインツ陣内でボールがこぼれると、これを佐野が収めようと足を伸ばす。その直後、後方からMFニコライ・レンベルグも足を伸ばして交錯した。 佐野は後ろから蹴られるような形となったが、まったく動じない。すると逆に、レンベルグが佐野を蹴った衝撃で悲鳴を上げ、ピッチ上に倒れ込んだ。 このプレーは佐野へのファウルと判定され、マインツボールで試合が再開された。一連のプレーにSNSのファンからも「佐野が蹴られたように見えたけど痛くなさそうw」「体どうなってんだ」「強すぎるやろ」「相手の方が痛そうw」「相手がふっ飛んだ」 「佐野はピンピンしてるな」など、驚きの声が上がった。 この日の佐野は10回のデュエルのうち5回に勝利し、4回のボールリカバリと1回のインターセプトを記録。88分にMFレナード・マロニーと交代するまで中盤で存在感を発揮し、先制点のアシストとともに攻守両面でチームの今季初勝利に貢献した。（ABEMA/ブンデスリーガ） ABEMA TIMES編集部,[],[]
ほしのあき（49）、水着姿に絶賛の声「永遠に世界一美人！」「美しい！！」「ステキぃ！」（ABEMA TIMES）,https://news.yahoo.co.jp/articles/f46075625a523ca97d14d774280c7e5a29c79fc6,https://newsatcl-pctr.c.yimg.jp/t/amd-img/20260909-10271841-abemav-000-1-view.jpg?exp=10800,2026-09-09T00:21:15+09:00,2026-09-09T00:21:15+09:00,ABEMA TIMES,abema,ABEMA TIMES,414,ほしのあき Instagramより タレントのほしのあき（49）が7日、Instagramを更新。水着姿で海を満喫する動画を公開し、反響が寄せられている。 【映像】ほしのあきのスタイル際立つビキニ姿 これまでにも、ピタッとしたウェア姿でトレーニングをする動画や、ゴルフの練習風景など、プライベートの様子をInstagramで披露してきたほしの。モルディブでのビキニショットを公開すると、「まだまだグラビアいける！」「写真集お願いします」などの反響が寄せられ、その抜群のスタイルがたびたび話題になっている。 水着姿に絶賛の声 ほしのあき Instagramより 7日の投稿では、「初めての宮古島」とつづり、浮輪を使って海を漂う、水着姿の動画や自撮りショットを披露した。 ファンからは、「美しい！！」「ステキぃ！」「永遠に世界一美人！」などのコメントが寄せられている。 （『ABEMA NEWS』より） ABEMA TIMES編集部,[],[]
“事務所退所から5年”岩橋玄樹、両腕のタトゥーが見える最新ショットに反響「嘘みたいに美しくて倒れそう」「セクシーでイケメンすぎる」（ABEMA TIMES）,https://news.yahoo.co.jp/articles/03d12e644f0b922df49446d4734d52d207ed7f79,https://newsatcl-pctr.c.yimg.jp/t/amd-img/20260909-10271840-abemav-000-1-view.jpg?exp=10800,2026-09-09T00:12:17+09:00,2026-09-09T00:12:17+09:00,ABEMA TIMES,abema,ABEMA TIMES,506,岩橋玄樹 元King ＆ Princeで歌手の岩橋玄樹（29）が7日、Instagramを更新。腕のタトゥーが見える最新ショットを公開し、反響が寄せられている。 【映像】岩橋玄樹の両腕のタトゥーが見える写真（複数カット） 2021年に所属していた事務所を退所し、2023年にはアメリカの事務所とエージェント契約した岩橋。現在はソロアーティストとして日本とアメリカの2拠点生活を送っており、Instagramではロサンゼルスでの生活や肩まで入ったタトゥーが見えるプールでのプライベートショットなどを披露している。 両腕のタトゥーが見える最新ショットに反響 岩橋玄樹 Instagramより 9月7日は、腕に入ったタトゥーが見える水色のセットアップにメガネをあわせた、都内で撮影した最新ショットを公開した。 この投稿にファンからは「うわ〜〜〜嘘みたいに美しくて倒れそうです」「ほんとにほんとにかっこいい」「東京タワーと玄樹くんステキ」「一瞬 キレイ過ぎて息するの忘れた」「めっちゃカッコイイ、セクシーでイケメンすぎる」など、様々な反響が寄せられている。 （『ABEMA NEWS』より） ABEMA TIMES編集部,[],[]
激変ショットが話題 橋本環奈、“衝撃写真”にさまざまな反響「すごいインパクト」「コラかと思った」（ABEMA TIMES）,https://news.yahoo.co.jp/articles/5c2551b9eec1e15b897abf3a492297c85ea008cf,https://newsatcl-pctr.c.yimg.jp/t/amd-img/20260909-10271839-abemav-000-1-view.jpg?exp=10800,2026-09-09T00:06:17+09:00,2026-09-09T00:06:17+09:00,ABEMA TIMES,abema,ABEMA TIMES,538,橋本環奈 俳優の橋本環奈（27）が投稿したシンガポールでの“衝撃写真”に、様々な反響が寄せられている。 【映像】橋本環奈の激変ショットや“衝撃写真” これまでにも、「貴重すぎる…」「昭和の新妻感がたまらん」と反響が寄せられた、ザ・ドリフターズのコントに挑戦するバラエティー番組に出演した際の姿や、フジテレビ系で放送された主演ドラマ『ヤンドク！』でのヤンキースタイルといった“激変”ショット、「静電気で髪ボサボサ。笑」とつづったプライベートショットなど、様々な姿をXで披露している橋本。 “衝撃写真”にさまざまな反響 橋本環奈 Xより 7日の投稿では、「いきなりですが、載せるタイミングを失った旅の写真出しますね。笑 初めてのシンガポールは絶対にこういうことしたかったんです」と、「マーライオン」をバックに撮影した写真を公開。 衝撃的な姿勢や表情の橋本に、ファンからは「すごいインパクト…」「朝電車で見てもうた。タスケテ、ハライタイ！」「全力すぎて吹いた！」「この写真だけ見て、これがハシカンだとわかる人がいるのだろうか」「ノリが全力で大好きです！」「コラかと思った最高です」など、様々なコメントが寄せられている。 （『ABEMA NEWS』より） ABEMA TIMES編集部,[],[]
