headline,mainEntityOfPage,image,datePublished,dateModified,author,media_en,media_jp,str_count,body,images,external_links
北海道で最大震度2の地震　北海道・浜中町（TBS NEWS DIG Powered by JNN）,https://news.yahoo.co.jp/articles/7c2ff1754faef3b057deead6a98e5b6f79a3facd,https://newsatcl-pctr.c.yimg.jp/t/amd-img/20260904-22922866-jnn-000-1-view.jpg?exp=10800,2026-09-04T23:57:17+09:00,2026-09-04T23:57:17+09:00,TBS NEWS DIG Powered by JNN,jnn,TBS NEWS DIG Powered by JNN,327,"TBS NEWS DIG Powered by JNN
4日午後11時52分ごろ、北海道で最大震度2を観測する地震がありました。

気象庁によりますと、震源地は釧路沖で、震源の深さはおよそ50km、地震の規模を示すマグニチュードは3.5と推定されます。
【詳細】各地の震度一覧・最新LIVE
この地震による津波の心配はありません。

最大震度2を観測したのは、北海道の浜中町です。

【各地の震度詳細】

■震度2
□北海道
浜中町

■震度1
□北海道
釧路市　釧路町　標茶町
中標津町

気象庁の発表に基づき、地域ごとに震度情報をお伝えしています。
新たな情報が発表され次第、情報を更新します。
TBS NEWS DIG Powered by JNN",[],[]
信号待ちの車に追突した後40メートルほどバックして自転車をはねる 自転車の男性は死亡　過失運転傷害の疑いで女（55）を現行犯逮捕　横浜市都筑区（TBS NEWS DIG Powered by JNN）,https://news.yahoo.co.jp/articles/f188a4155235d4f76428f81e77e045c1b5dd166a,https://newsatcl-pctr.c.yimg.jp/t/amd-img/20260904-07325094-jnn-000-3-view.jpg?exp=10800,2026-09-04T23:13:33+09:00,2026-09-05T01:33:06+09:00,TBS NEWS DIG Powered by JNN,jnn,TBS NEWS DIG Powered by JNN,410,"TBS NEWS DIG Powered by JNN
横浜市できょう午後、交差点で信号待ちをしていた車に追突した乗用車が40メートルほどバックして後ろにいた自転車をはね、自転車に乗っていた男性が死亡しました。

警察によりますと、きょう午後2時40分ごろ、横浜市都筑区の交差点で、信号待ちをしていた車に乗用車が追突しました。乗用車はその後、40メートルほどバックして、後ろにいた自転車をはねたということです。

自転車に乗っていた都筑区の竹内次夫さん（85）は病院に搬送されましたが、死亡しました。

警察は、乗用車を運転していた都筑区の無職・佐藤祐子容疑者（55）を過失運転傷害の疑いで現行犯逮捕しました。取り調べに対し、佐藤容疑者は容疑を認めているということです。

警察は佐藤容疑者が追突事故を起こしてパニックになった可能性があるとみて、容疑を過失運転致死に切り替えて詳しいいきさつを調べています。
TBSテレビ",[],[]
【ヤクルト】今季2度目のドロー 2回以降両軍無得点 延長10回まで17残塁 9回サヨナラ好機でモンテル走塁死 高梨5回1失点 西村プロ1号（TBS NEWS DIG Powered by JNN）,https://news.yahoo.co.jp/articles/cff6db199f3f0bcac32dc05353d143e190bf8842,https://newsatcl-pctr.c.yimg.jp/t/amd-img/20260904-00010015-jnn-000-2-view.jpg?exp=10800,2026-09-04T23:02:15+09:00,2026-09-04T23:04:32+09:00,TBS NEWS DIG Powered by JNN,jnn,TBS NEWS DIG Powered by JNN,2025,"ヤクルト・池山隆寛監督
■プロ野球　ヤクルト 1－1 中日　延長10回終了（4日・神宮）

ヤクルトは中日と今季2度目の引き分けとなった。グラウンドコンディション不良のため、延長10回裏で試合終了となった。1回表、福永にライトへの7号ソロホームランを浴び、1点を先制される。1回裏、1死から西村がプロ1号となるソロホームランを放ち、1－1の同点に追いつく。以降は両軍ともに得点をあげられなかった。7回裏には無死二・三塁の好機も無得点に終わった。9回裏には松山から代打サンタナが四球を選ぶ。代走のモンテルは二盗を決め、悪送球の間に三塁を回り、本塁を狙うも、アウトとなる。続く古賀は四球を選ぶと、暴投で二塁に進む。岩田は四球を選ぶも、内山は見逃し三振に倒れた。先発の高梨は5回1失点のピッチングだった。

スターティングメンバーには1番ショート・長岡、2番レフト・西村、3番ライト・増田、4番ファースト・オスナ、5番キャッチャー・古賀、6番センター・岩田、7番セカンド・内山、8番サード・武岡、9番ピッチャー・高梨が入った。サードには赤羽に代わり武岡、レフトにはサンタナに代わり西村が入った。増居が一軍登録を抹消された。

先発は高梨。ここまで10試合に登板、5勝2敗、防御率2.72。前回6月6日の日本ハム戦（神宮）では3回1/3、62球、2被安打、4奪三振、1四死球、1失点のピッチングで2敗目を喫していた。中日戦では5月15日の試合（バンテリンドーム）では6回、99球、6被安打、7奪三振、3四死球、1失点のピッチングも勝ち負けはつかなかった。

中日戦は6連敗中。7連敗となれば99年以来27年ぶりとなる。

1回表、先頭の1番・福永にライトへの7号ソロホームランを浴び、1点を先制される。2番・村松には右安打を許す。3番・細川は二飛、4番・サノーは左飛、5番・石川昂は見逃し三振に打ち取る。

1回裏、中日先発の髙橋宏から1死から西村がプロ1号となるソロホームランを放ち、1－1の同点に追いつく。続く増田は左安打を放つ。しかし、オスナは空振り三振、古賀は見逃し三振に倒れ、勝ち越すことはできない。

2回表、先頭の6番・花田に左安打を許す。7番・岡林は三邪飛、8番・石伊は空振り三振、9番・髙橋宏は二ゴロに打ち取る。

3回裏、先頭の高梨は右安打を放つ。長岡は右飛、西村は左飛に倒れるも、増田は中安打で2死一・二塁のチャンスをつくる。しかし、オスナは二ゴロに倒れ、チャンスを生かせない。

5回表、先頭の石伊に右安打を許す。髙橋宏は一犠打で1死二塁のピンチを招く。福永は右飛に打ち取るも、村松に左安打を許し、2死一・三塁となる。細川に四球を与え、2死満塁となるも、サノーは左飛に打ち取り、無失点に抑える。高梨はこの回で降板する。5回、93球、5被安打、4奪三振、2四死球、1失点のピッチングだった。

5回裏、2死から西村は四球を選ぶと、増田は左安打で2死一・二塁のチャンスをつくる。しかし、オスナは遊ゴロに倒れ、得点はならない。

2番手は丸山翔。石川昂は左飛、花田は空振り三振、岡林は一ゴロに打ち取る。

6回裏、先頭の古賀が死球を選ぶ。岩田は一犠打で1死二塁のチャンスをつくる。内山は死球で1死一・二塁となる。武岡は空振り三振、代打・山田は四球で2死満塁となる。しかし、長岡は中飛に倒れ、無得点に終わる。

3番手は廣澤。1死から代打・ボスラーに四球を与える。福永に四球、村松に四球を与え、1死満塁となる。廣澤はここで降板する。

4番手は阪口。1死満塁から細川は二邪飛、サノーは二ゴロに打ち取り、ピンチをしのぐ。

7回裏、森博から先頭の西村は四球を選ぶ。増田は中安打で無死一・三塁のチャンスをつくる。代走・並木は二盗を決め、無死二・三塁とする。オスナは空振り三振、古賀は遊飛、岩田は二ゴロに倒れ、得点はならない。

5番手はウォルターズ。石川昂は三邪飛、ボスラーは右飛、岡林は一ゴロに打ち取る。

8回裏、吉田から1死から武岡が中安打を放つ。赤羽は四球で1死一・二塁のチャンスをつくる。しかし、長岡は三邪飛、西村は二飛に倒れ、得点はならない。

9回表、1死から代打・高橋周のレフトへの打球を並木が落球し、1死二塁のピンチを招く。福永は空振り三振に打ち取る。村松に左安打を許すも、二塁ランナーを本塁でアウトに仕留め、無失点に抑える。

9回裏、松山から代打サンタナが四球を選ぶ。代走のモンテルは二盗を決め、悪送球の間に三塁を回り、本塁を狙うも、アウトとなる。続く古賀は四球を選ぶと、暴投で二塁に進む。岩田は四球を選ぶも、内山は見逃し三振に倒れた。

6番手は清水。細川は左飛、サノーは中飛、石川昂は右飛に打ち取る。

10回裏、齋藤から1死から赤羽が左安打を放つ。長岡は一ゴロで2死二塁となる。西村は四球を選ぶも、並木は中飛に倒れた。",[],[]
【中日】4時間57分の泥試合 今季2度目ドローで6季連続負け越し...福永7号先頭弾も9回痛恨本塁憤死＆中軸が無安打 救援陣4人は零封（TBS NEWS DIG Powered by JNN）,https://news.yahoo.co.jp/articles/8ae9962d78573cae8f2975588da21e34d8b0d417,https://newsatcl-pctr.c.yimg.jp/t/amd-img/20260904-00010014-jnn-000-3-view.jpg?exp=10800,2026-09-04T23:00:53+09:00,2026-09-04T23:28:41+09:00,TBS NEWS DIG Powered by JNN,jnn,TBS NEWS DIG Powered by JNN,1784,"中日・井上一樹監督
■プロ野球　ヤクルト 1－1 中日　延長10回　（4日　神宮）

中日は今季2度目のドロー。公式戦成績は52勝71敗2分で、6月13日以来の今季ワーストタイ借金20は回避。だがこれで6年連続のシーズン負け越しが確定した。

試合は初回に福永が24年のキャリアハイを更新する7号先頭打者弾でヤクルト先発・高梨から先制も、先発・髙橋宏が直後に西村にプロ初弾を献上し同点に。その後、グラウンドコンディション不良のため、1－1で試合が終了した。

スタメン野手は1番セカンド・福永、2番ショート・村松、3番レフト・細川、4番ファースト・サノー、5番サード・石川昂、6番ライト・花田、7番センター・岡林、8番キャッチャー・石伊のオーダーを組んだ。

1回表、福永が1ストライクからヤクルト先発・高梨の直球を右中間スタンド最前列へ7号先頭打者HRを放ち、先制に成功する。なお村松のライト前安打で無死一塁としたが、細川、サノーがフライアウト、石川昂が見逃し三振と中軸が不発に終わる。

先発・高橋宏は3勝7敗、防御率3.23で今季16度目の登板。前回の8月28日・DeNA戦（横浜）は7回までノーノーの快投を見せるも、8回先頭・佐野に安打を許すと指がつって緊急降板。その後救援陣が逆転を許し7回100球、8奪三振、与四球1、1失点（自責1）だった。

ヤクルト戦は対戦別最多の今季6度目の登板で、ここまで3勝1敗、防御率2.45。1点リードで先発のマウンドに上がった髙橋宏だったが、2番・西村にカウント3－1から直球を右中間スタンド最前列へプロ初本塁打を運ばれ、1ー1の同点を許す。

2回の攻撃は先頭・花田がレフト前安打を放つも、岡林が三邪飛、石伊が空振り三振、髙橋宏が二ゴロと下位打線が凡退。3回は2死から細川が死球を受け出塁したが、サノーが空振り三振と走者を生かすことができない。

3回裏の髙橋宏は先頭の9番・高梨にライト前へ、2死から増田にセンター前へ安打を打たれ一、二塁を招くも、4番・オスナを二ゴロ。4回にも古賀にレフト前安打で先頭打者の出塁を許したが、後続をフライアウトに仕留め無失点に抑える。

5回表は石伊のライト前安打に、髙橋宏が初球で犠打を決め1死二塁。その後2死から村松のレフト前安打、細川が四球で満塁を作ったが、サノーが左飛で2者残塁に終わる。

その裏、髙橋宏は2死から2番・西村に四球、増田にレフト前安打で一、二塁を背負うも、オスナを遊ゴロで切り抜けると97球で6回のマウンドへ。先頭の5番・古賀に死球を与えると、犠打と内山、代打・山田への四球で2死満塁を招いたが、1番・長岡を岡林の好守備も光り、無失点で凌ぐ。

7回表、代打・ボスラー、福永、村松がヤクルト3番手・廣澤から3者連続四球を選び1死満塁に。だが代わった阪口の前に細川が二邪飛、サノーが二ゴロで痛恨の無得点に終わった。

髙橋宏は6回125球、被安打6（本塁打1）、与四球3、与死球1、奪三振4、1失点（自責1）。7回裏は森博が先頭・西村への四球と増田にセンター前安打、代走・並木に二盗を決められ無死二、三塁の大ピンチを背負うが、オスナを空振り三振、古賀を遊飛、岩田を二ゴロと後続を抑える。

8回表はヤクルト5番手・ウォルターズの前に石川昂が三直、花田が右飛、岡林が一ゴロで3者凡退。その裏、3番手・吉田が1死から武岡にセンター前安打、赤羽に四球で一、二塁を招いたが、長岡、西村を内野フライで凌ぐ。

9回表はこの回も回を跨いだウォルターズの前に、1死から代打・高橋周の飛球がレフト・並木の落球を誘い二塁へ進むと、代走・田中を起用。その後2死から村松がレフト前安打を放つも、本塁を狙った田中が憤死し無得点に終わる。

その裏、松山が1死から代打・サンタナに四球、その後代走・モンテルの二盗に石伊の悪送球が絡むが、三塁を蹴ったモンテルを本塁で封殺し2死。古賀にストレートの四球を与えると、暴投間に二塁進塁を許し、岩田に四球で一、二塁も内山を見逃し三振に抑え延長戦へ。

延長10回表はクリーンナップが打ち上げ、ヤクルト6番手・清水の前に凡退。その裏、登板した齋藤が1死から赤羽にレフト前安打、長岡の進塁打で2死二塁。そして西村に四球を与えると、並木を中飛で試合終了。",[],[]
アメリカ 8月の雇用統計 「非農業部門の就業者数」前月比＋16万2000人　市場予想大きく上回る（TBS NEWS DIG Powered by JNN）,https://news.yahoo.co.jp/articles/460c0f768c0131d7cb12cf1ddd1f8c5c2d6baa45,https://newsatcl-pctr.c.yimg.jp/t/amd-img/20260904-07325087-jnn-000-6-thumb.jpg?exp=10800,2026-09-04T21:45:27+09:00,2026-09-05T03:52:35+09:00,TBS NEWS DIG Powered by JNN,jnn,TBS NEWS DIG Powered by JNN,444,"TBS NEWS DIG Powered by JNN
アメリカの8月の雇用統計が発表され、就業者数は16万2000人の増加と、市場の予想を大きく上回りました。

アメリカの労働省が4日発表した8月の雇用統計によりますと、景気の動向を敏感に反映する「非農業部門の就業者数」は前の月に比べて16万2000人の増加で、5万5000人程度の増加を見込んでいた市場の予想を大きく上回りました。

失業率は4.1％で、前の月から横ばいでした。

市場では、雇用統計が堅調な内容だったとして、アメリカの中央銀行にあたるFRB＝連邦準備制度理事会が今月15日からの会合で利上げする可能性が高まったとの見方が広がっています。

一方、アメリカのトランプ大統領はこの雇用統計の発表後、SNSに投稿し、FRBに対して「金利を下げろ」と要求、今月の利上げを強くけん制しました。

トランプ氏はFRBが金利を下げない場合、「アメリカが貿易赤字を抱えている国々との取引を停止する」とも主張しています。
TBSテレビ",[],[]
ネパール中国の土石流　中国側の死者が31人に　両国合わせて5000人以上が行方不明（TBS NEWS DIG Powered by JNN）,https://news.yahoo.co.jp/articles/77fcfb7f75944f7027c0f0465d16d3508d847198,https://newsatcl-pctr.c.yimg.jp/t/amd-img/20260904-07325085-jnn-000-1-view.jpg?exp=10800,2026-09-04T21:39:48+09:00,2026-09-04T21:39:48+09:00,TBS NEWS DIG Powered by JNN,jnn,TBS NEWS DIG Powered by JNN,220,"TBS NEWS DIG Powered by JNN
ネパールと中国で発生した大規模な土石流の被害について、中国の現地当局は中国側の死者が31人になったと明らかにしました。

中国国営の新華社通信によりますと、現地当局は被害者数を更新し、中国時間9月4日午後6時までに死者31人、行方不明者531人になったと発表しました。

今回の土石流被害では、ネパール側とあわせて日本人5人を含む5000人以上が行方不明となっています。
TBSテレビ",[],[]
【速報】鹿児島県種子島・屋久島地方に線状降水帯発生　災害発生の危険度急激に高まる（TBS NEWS DIG Powered by JNN）,https://news.yahoo.co.jp/articles/1affacaedb3ee163c0de1cbb1f3d46809a3b8e74,https://newsatcl-pctr.c.yimg.jp/t/amd-img/20260904-07325086-jnn-000-4-thumb.jpg?exp=10800,2026-09-04T21:37:51+09:00,2026-09-04T22:25:20+09:00,TBS NEWS DIG Powered by JNN,jnn,TBS NEWS DIG Powered by JNN,346,"TBS NEWS DIG Powered by JNN
「線状降水帯発生」の速報が鹿児島県種子島・屋久島地方に発表されました。

この地域では、線状降水帯によって同じ場所で非常に激しい雨が降り続き、災害の発生する危険が急激に高まっています。

気象庁は、▼自治体からの避難情報に従うとともに、▼避難情報が出ていなくても、少しでも危険を感じた場合には安全な場所へ避難してほしいとしています。

今から自治体の定めた避難場所などを目指すことは、かえって危険な場合もあります。外に出て避難する場合には周囲の状況を十分確認してください。

状況に応じて、今いる建物の上の方の階や、少しでも崖や沢から離れた土砂が流れ込みにくい場所など、できるかぎり安全な場所に移動して身を守ってください。
TBSテレビ",[],[]
【広島】CSが遠のく敗北 3位に4.5差に...初回 無死三塁で3者連続三振 森下6回3失点で3年連続2ケタ10敗目 打線は4安打 勝田の適時打のみ（TBS NEWS DIG Powered by JNN）,https://news.yahoo.co.jp/articles/c19476dbb34d7532164a6abd2ab73532f860ecc4,https://newsatcl-pctr.c.yimg.jp/t/amd-img/20260904-00010013-jnn-000-2-view.jpg?exp=10800,2026-09-04T21:23:23+09:00,2026-09-04T21:26:15+09:00,TBS NEWS DIG Powered by JNN,jnn,TBS NEWS DIG Powered by JNN,1261,"広島・新井貴浩監督
■プロ野球　広島1ー3巨人　（4日　マツダスタジアム）

広島は巨人に敗れて借金16、3位・DeNAと4.5ゲーム差に広がった。先発・森下は初回、ダルベックに先制適時打を浴びるがなお無死満塁を凌ぐ。直後の初回、中村奨の三塁打で無死三塁も無得点。森下は3回に石塚に適時二塁打からモンテロの悪送球で2点を失い6回4安打3失点で3年連続の10敗目。打線は巨人の先発・竹丸に5回まで10三振、7回の勝田の適時三塁打の4安打1得点に終わった。

先発・森下は今季19度目の登板、6勝9敗、防御率3.88。前回の8月23日・ヤクルト戦（マツダ）は6回5安打3失点で負け投手。巨人戦は今季4度目、1勝2敗、防御率3.44。

森下は1回、浦田に中安打から二盗を決められる。泉口に左安打で無死一・三塁とするとダルベックに左前へタイムリーを運ばれ1点を先制される。

さらに大城に四球で無死満塁かとするが石塚を空振り三振、松本を遊ゴロ併殺打に仕留めた。

中村奨が昇格即スタメン。1番レフト・中村奨、2番センター・大盛、3番ファースト・モンテロ、4番サード・坂倉、5番セカンド・菊池、6番ライト・佐々木、7番キャッチャー・持丸、8番ショート・勝田、9番ピッチャー・森下で臨んだ。

巨人の先発・竹丸に1回、中村奨が左中間へスリーベースの大盛とモンテロは連続空振り三振、坂倉は見逃し三振に倒れた。

森下は2回、先頭・佐々木に四球も中山、竹丸、浦田を凡打に打ち取った。だが2回の攻撃は佐々木が敵失で出塁、二盗を決めて2死二塁も勝田は二ゴロに終わる。

森下は3回2死から大城に四球、続く石塚に右中間へタイムリーツーベース、さらに中継プレーでモンテロが三塁へ悪送球する間に石塚も生還し、0ー3となった。

森下は4回、佐々木、中山、竹丸の下位打線で初めて三者凡退に抑える。3回の攻撃で1死から坂倉が右安打も菊池は遊ゴロ併殺打で好機を作れず。

森下は5回も浦田、泉口、ダルベックを凡打で退ける。だが5回の攻撃で佐々木、持丸、勝田が3者連続空振り三振と5回までに竹丸に10三振を喫する。

森下は6回も大城、石塚、松本に仕事をさせず3イニング連続で走者を出さず。森下は6回を109球、4安打、3四球、2奪三振の3失点（自責2）で降板。

6回の攻撃も中村奨とモンテロの四球で2死一・二塁も坂倉は中飛で1本が出ない。7回、2番手・大瀬良が今季2度目の救援登板し佐々木、中山、代打・萩尾を3者連続三振に斬った。

すると7回の攻撃で巨人2番手・堀田に1死から佐々木が中安打、持丸は二ゴロも勝田が右中間へタイムリーツーベースを飛ばし、1ー3する。2死三塁で代打・秋山は二ゴロに倒れた。

8回、3番手・遠藤は浦田と泉口を連続空振り三振、ダルベックを右飛に取った。だが8回の攻撃は巨人4番手・田中瑛に2死からモンテロが四球で代走・名原も坂倉は投ゴロに終わった。9回は巨人の守護神・マルティネスに菊池、佐々木、持丸と三者凡退で試合終了。",[],[]
炎上・崩落の瞬間「煙突の撤去作業中に火事が…」日本製紙八代工場　熊本地震で損壊・解体作業中に“煙突火災”　6時間半後にようやく鎮火（TBS NEWS DIG Powered by JNN）,https://news.yahoo.co.jp/articles/ca6a24f175becbde07823729d770647aa86934c5,https://newsatcl-pctr.c.yimg.jp/t/amd-img/20260904-07325046-jnn-000-2-thumb.jpg?exp=10800,2026-09-04T21:23:19+09:00,2026-09-04T21:24:40+09:00,TBS NEWS DIG Powered by JNN,jnn,TBS NEWS DIG Powered by JNN,709,"TBS NEWS DIG Powered by JNN
熊本地震で被災した日本製紙八代工場で、きのう発生した煙突の火災。火はきょう未明になって、ようやく消し止められました。

「真っ黒になってきた」

煙突から吹き出す激しい炎。真っ黒な煙が大量に立ち上ります。煙突の一部が炎を上げながら崩れ落ちる場面も。

きょう未明になって、ようやく鎮火した日本製紙八代工場で発生した煙突火災。いったい何が起きたのでしょうか。

きのう午後6時前、熊本地震で被災した日本製紙八代工場で発生した煙突火災。煙突の下には作業員でしょうか、人の姿も確認できます。その後…

「うわっ、落ちた」

煙突の一部が炎を上げながら崩れ落ちました。

撮影者
「撤去どころじゃなくなったじゃん」

火が出たのは、元は高さ110メートルあった煙突。地震で損傷し、撤去作業が進められていました。

報告
「地震の影響で折れてしまった煙突の先端部分が折れたまま中間部分に刺さっています」

八代市のシンボルでもあった工場。7月に発生した熊本地震では、3本の煙突が被害を受けました。このうち、1本が倒壊。下敷きになった9人が亡くなりました。

報告
「地震で煙突が折れた日本製紙八代工場で火事が起き、消火活動が続いています」

火災は、発生からおよそ6時間半経ったきょう未明、ようやく消し止められました。けがをした人はいませんでした。

きょう午前中に予定されていた警察と消防による実況見分は、天候不良のため、週明けに延期に。

日本製紙は、JNNの取材に「地震で損傷した煙突の撤去作業中に火事が発生した」「火が出た原因は調査中」としています。
TBSテレビ",[],[]
【巨人】広島に競り勝ち貯金10！竹丸はプロ初凱旋登板6回10K零封で9勝目 ダルベック先制打 石塚1打点 マルティネスはセ最多37S（TBS NEWS DIG Powered by JNN）,https://news.yahoo.co.jp/articles/b1891510780cafde6d0038635c7f5f8bb2c3bcb8,https://newsatcl-pctr.c.yimg.jp/t/amd-img/20260904-00010012-jnn-000-1-view.jpg?exp=10800,2026-09-04T21:22:58+09:00,2026-09-04T21:22:58+09:00,TBS NEWS DIG Powered by JNN,jnn,TBS NEWS DIG Powered by JNN,1808,"プロ初の凱旋登板で6回無失点9勝目の竹丸投手
■プロ野球　広島 1ー3 巨人　（4日・マツダ）

巨人は広島とのカード初戦で競り勝ち、通算65勝55敗2分で貯金を10に増やし、阪神とのゲーム差を4.5に縮めた。先発・竹丸は、6回を投げ、103球、被安打2、10奪三振、無失点で今季9勝目。この一戦が、地元広島・マツダスタジアムでのプロ初登板となった。

試合は1回、浦田が中安打を放ち、盗塁を決め、無死二塁のチャンスを作る。なおも、泉口、ダルベックの連打で1ー0と先制する。さらに3回、2死から大城が四球を選ぶと、石塚が右中間に二塁打を放ち、ファースト・モンテロの送球ミスが絡み、3ー0と2点を追加する。だが7回、2番手・堀田が1死から佐々木に中安打を許すと、勝田に右三塁打を浴び、3ー1と1点を返される。それでも、8回は田中瑛、中川、9回はマルティネスが無失点に抑え、勝利。

先発は竹丸。今季はここまで18試合に登板し、8勝9敗、防御率3.93。前回登板の15日・中日戦では、3回を投げ、81球、被安打9、3奪三振、自己ワーストタイの8失点で負け投手。

スタメンは、1番セカンド・浦田、2番ショート・泉口、3番ファースト・ダルベック、4番キャッチャー・大城、5番サード・石塚、6番レフト・松本、7番センター・佐々木、8番ライト・中山、9番ピッチャー・竹丸で組んだ。2日・DeNA戦でプロ初のサヨナラ打を放った石塚は、プロ初の5番打者としてスタメン出場を果たした。

1回、打線は相手先発・森下に対し、浦田は中安打を放ち、盗塁を決め、無死二塁のチャンスを作る。だが、ここで降雨により中断。それでも、泉口が左安打、ダルベックが左適時打を放ち、1ー0と先制する。なおも、大城が四球を選び、無死満塁のチャンスを作る。だが、石塚は空振り三振、松本は遊併殺打に終わる。

竹丸は1回、先頭の中村奨に中三塁打を浴びるが、大盛、モンテロをともに空振り三振、坂倉を見逃し三振と三者連続三振に抑える。

打線は2回、佐々木が四球を選び出塁する。だが、中山は遊ゴロ、竹丸は捕ゴロ、浦田は一ゴロに打ち取られる。

2回、竹丸は菊池を見逃し三振、佐々木の打球をショート・泉口の悪送球で出塁を許す。それでも、持丸を見逃し三振、勝田をニゴロに抑える。

3回の攻撃は、泉口が左フライ、ダルベックは空振り三振、大城は四球を選ぶ。すると、石塚が右中間に二塁打を放ち、ファースト・モンテロの送球ミスが絡み、3ー0と2点を追加する。

竹丸は3回、森下を空振り三振、中村奨を二フライ、大盛を空振り三振と、今日初の三者凡退に抑える。

4回、打線は佐々木が遊ファウルフライ、中山は遊フライ、竹丸は投ゴロと三者凡退。その裏、竹丸はモンテロを遊ゴロ、坂倉に右安打を許すも、菊池を遊併殺打に打ち取る。

打線は5回、浦田が遊ゴロ、泉口、ダルベックはともに左フライに倒れる。竹丸はその裏、佐々木、持丸、勝田を三者連続三振に抑える。

6回の攻撃は、大城が遊ゴロ、石塚は左フライ、松本は中フライと三者凡退。

6回、竹丸は代打・野間を左フライに打ち取る。中村奨に四球を与えるが、大盛を三ライナーに打ち取る。モンテロに四球を与え、2死一・二塁のピンチを招くが、坂倉を中フライに抑える。

7回、打線は2番手・大瀬良に対し、佐々木が空振り三振、中山は見逃し三振、代打・萩尾は空振り三振に倒れる。

7回、2番手・堀田が登板。菊池を空振り三振、佐々木に中安打を許すも、持丸をニゴロに打ち取る。だが、勝田に右三塁打を浴び、3ー1と1点を返される。ここで堀田は降板。3番手・森田がマウンドに上がり、代打・秋山をニゴロに打ち取る。

打線は8回、3番手・遠藤に対し、浦田、泉口が二者連続で空振り三振、ダルベックは右フライと三者凡退に倒れる。

8回、4番手・田中瑛が登板。中村奨を三ゴロ、大盛を見逃し三振も、モンテロに四球を与える。ここで田中瑛は降板。5番手・中川がマウンドに上がり、坂倉を投ゴロに打ち取る。

9回の攻撃は、4番手・岡本に対し、大城が投ゴロ、石塚はニゴロ、松本は空振り三振と三者凡退。

9回、6番手・マルティネスが登板。無失点に抑え、ゲームセット。マルティネスはセ・リーグ最多の37セーブ目、通算249セーブ目となり、通算250セーブまであと1とした。",[],[]
テレワーク実施率21.4％でピーク時から7ポイント減少…「原則出社求める」企業24.6％と2年連続上昇　民間調査（TBS NEWS DIG Powered by JNN）,https://news.yahoo.co.jp/articles/33bdb496b55ccdb922eed3f92f3da8a75ffccd11,https://newsatcl-pctr.c.yimg.jp/t/amd-img/20260904-07325064-jnn-000-1-view.jpg?exp=10800,2026-09-04T21:19:00+09:00,2026-09-04T21:19:00+09:00,TBS NEWS DIG Powered by JNN,jnn,TBS NEWS DIG Powered by JNN,426,"TBS NEWS DIG Powered by JNN
働く人のテレワークの実施率が21%余りとなり、最も多かった時期と比べおよそ7ポイント減少したことが分かりました。

パーソル総合研究所が全国の就業者を対象に行った調査によりますと、テレワークを実施している人の割合は21.4%と、前の年から1.1ポイント減少しました。

コロナ禍で実施がピークに達していた2022年前半の調査の28.5%から、7.1ポイント減少しました。

地域別では、▼東京都が最も高い35.5%、▼最も低い山口県では3.9%でした。

テレワークを実施していない理由としては、「制度が整備されていない」が38%にのぼりました。

また、「原則出社の指示が出ている」企業は24.6%と、2年連続で上昇したということです。

一方、テレワークを実施している人に今後の希望を尋ねたところ、「テレワークを続けたい」と答えた人が81.6%と、高止まりの状態が続いています。
TBSテレビ",[],[]
宮崎県民は「昼と夜のメリハリ」がすごい?都市圏は「寝だめ」傾向?　「睡眠の秋」到来!全国睡眠県グランプリ【Nスタ解説】（TBS NEWS DIG Powered by JNN）,https://news.yahoo.co.jp/articles/01e63fe48ba64aaa1fd5eb838e12f84a47fd17ef,https://newsatcl-pctr.c.yimg.jp/t/amd-img/20260904-22922745-jnn-000-1-thumb.jpg?exp=10800,2026-09-04T21:18:18+09:00,2026-09-04T21:18:18+09:00,TBS NEWS DIG Powered by JNN,jnn,TBS NEWS DIG Powered by JNN,1794,"TBS NEWS DIG Powered by JNN
秋は睡眠が深まる季節、とも言われますが…ちゃんと眠れていますか?
睡眠に関する調査『全国睡眠県グランプリ』が発表されました。1位となった県はどこなのでしょうか?
【写真を見る】「全国睡眠県グランプリ2026」1位は宮崎県 2位〜47位は?
■睡眠県ランキング1位「宮崎県」理由は“昼・夜のメリハリ”?

南波雅俊キャスター:
先日、睡眠に関する調査「全国睡眠県グランプリ2026」が発表されました。

これは、人気睡眠アプリ「ポケモンスリープ」の利用データやアンケート回答を基に、全国4万3000人の睡眠傾向を分析して作成したものです。

評価基準は5つ。「睡眠時間」「寝つき」「睡眠効率（睡眠の質）」「規則正しさ」「休養感（満足度）」。その結果、1位は「宮崎県」になりました。

【1位 宮崎県】
・睡眠時間:4位
・寝つき:13位
・睡眠効率:6位
・規則正しさ:18位
・休養感:3位

「ポケモンスリープ」の分析によると、「宮崎県民は、昼と夜のメリハリがすごい!?」ということです。

＜屋外にいる時間 1位＞
宮崎県は、「日本のひなた」と言われていて、日照時間は全国の中でも非常に長く、出勤前にサーフィンをするなど、体を動かしてから出勤する人もいるそうです。

＜寝床で音楽・読書 47位＞
寝床で音楽や読書をする人が少ない。自分が寝るための部屋を持っている数がトップだということです。

■熊本県民は、デスクでもベッドでも仕事?

国際情報誌「フォーサイト」元編集長　堤伸輔さん:
4万3000人の調査なので、調査の母数としては大きい。だから信頼度が高いですね。

南波キャスター:
堤さんの地元、熊本県は7位です。こちらも、いろいろと良いデータがありました。

【7位 熊本県】
・睡眠時間:16位
・寝つき:42位
・睡眠効率:39位
・規則正しさ:6位
・休養感:4位

「ポケモンスリープ」の分析によると、「熊本県民は、デスクでもベッドでも仕事をする」ということです。なんと、「座っている時間が長い 3位」「寝床で仕事する 5位」なのです。

国際情報誌「フォーサイト」元編集長　堤伸輔さん:
私は光と音に敏感なので、寝るときはカーテンは全部洗濯ばさみで止めて、耳栓をしています。それでも駄目ならアイマスクをすることもあります。寝るまでの時間がものすごくかかるんです。
■首都圏はランキング下位「通勤時間の長さ」「娯楽施設の充実」

南波キャスター:
一方、東京が40位、大阪が39位など、下位にランキングされた多くが首都圏なんです。

「ポケモンスリープ」によると、都市圏は「夜更かしの理由がたくさんある」ということです。

▼通勤時間が長い、▼日中はデスクワークが多い、▼娯楽施設が充実し、夜遅くまで営業していることや、普段の睡眠不足を“休日に寝だめ”しがちだというのです。

ちなみに、埼玉県をみると…

【46位 埼玉県】
・睡眠時間:33位
・寝つき:25位
・睡眠効率:23位
・規則正しさ:47位
・休養感:46位

「ポケモンスリープ」の分析によると、「埼玉県民は“遅寝・短眠”。環境づくりは抜かりなし」ということです。埼玉から東京への通勤・通学で睡眠が少ない方が多く、「通勤時間の長さ 2位」「遮光をしている 4位」という結果に。

蓮見孝之キャスター:
私も埼玉出身ですが、学生時代は実家から週6日、2時間ちょっとかけて通っていました。

■睡眠不足解消へ学校の取り組み

南波キャスター:
そんな中、静岡県三島市にある、「日本大学三島高校」では、4月から試験的に「時差登校」を導入しました。

以前は、登校時間は8時25分までだったのですが、▼月曜〜水曜は9時25分まで、▼木・金曜は8時25分までに登校するというのです。

睡眠時間の確保や混雑を緩和し、学力向上につなげる狙いがあるということで、教頭先生は「生徒だけではなく、保護者の睡眠確保にもつながってほしい」といいます。

================
＜プロフィール＞

堤伸輔さん
国際情報誌「フォーサイト」元編集長 熊本出身
BS-TBS「報道1930」ニュース解説
TBS NEWS DIG Powered by JNN",[],[]
【速報】JR中央線快速　東京駅～高尾駅の上下線で運転見合わせ　午後10時ごろ再開見込み（TBS NEWS DIG Powered by JNN）,https://news.yahoo.co.jp/articles/88ddccc7176c377051c1503abcaaa715a0d18b2c,https://newsatcl-pctr.c.yimg.jp/t/amd-img/20260904-07325084-jnn-000-2-view.jpg?exp=10800,2026-09-04T21:14:57+09:00,2026-09-04T21:18:15+09:00,TBS NEWS DIG Powered by JNN,jnn,TBS NEWS DIG Powered by JNN,133,"TBS NEWS DIG Powered by JNN
JR東日本によりますと午後8時52分ごろ、東京の四ツ谷駅で発生した人身事故の影響により、JR中央線快速は東京駅から高尾駅の上下線で運転を見合わせています。

運転再開は午後10時ごろの見込みです。
TBSテレビ",[],[]
岩手県、宮城県で最大震度2の地震　岩手県・一関市、宮城県・気仙沼市（TBS NEWS DIG Powered by JNN）,https://news.yahoo.co.jp/articles/1e93b085c49e7cec575077b420512aaced635142,https://newsatcl-pctr.c.yimg.jp/t/amd-img/20260904-22922761-jnn-000-1-view.jpg?exp=10800,2026-09-04T21:14:13+09:00,2026-09-04T21:14:13+09:00,TBS NEWS DIG Powered by JNN,jnn,TBS NEWS DIG Powered by JNN,407,"TBS NEWS DIG Powered by JNN
4日午後9時10分ごろ、岩手県、宮城県で最大震度2を観測する地震がありました。

気象庁によりますと、震源地は宮城県沖で、震源の深さはおよそ70km、地震の規模を示すマグニチュードは3.8と推定されます。
【詳細】各地の震度一覧・最新LIVE
この地震による津波の心配はありません。

最大震度2を観測したのは、岩手県の一関市、宮城県の気仙沼市です。

【各地の震度詳細】

■震度2
□岩手県
一関市

□宮城県
気仙沼市

■震度1
□岩手県
花巻市　北上市　奥州市
平泉町　大船渡市　陸前高田市
釜石市　住田町　大槌町

□宮城県
登米市　栗原市　大崎市
色麻町　涌谷町　岩沼市
石巻市

気象庁の発表に基づき、地域ごとに震度情報をお伝えしています。
新たな情報が発表され次第、情報を更新します。
TBS NEWS DIG Powered by JNN",[],[]
【大雨危険警報が鹿児島・屋久島町に】土砂災害に警戒…キキクルでみる差し迫る危険度　線状降水帯発生の恐れも　災害発生前の避難を【気象担当記者解説】（TBS NEWS DIG Powered by JNN）,https://news.yahoo.co.jp/articles/16d963aa84c732a070c52e5b573d0011311b4dbc,https://newsatcl-pctr.c.yimg.jp/t/amd-img/20260904-07325080-jnn-000-3-thumb.jpg?exp=10800,2026-09-04T21:09:47+09:00,2026-09-04T21:14:48+09:00,TBS NEWS DIG Powered by JNN,jnn,TBS NEWS DIG Powered by JNN,151,"TBS NEWS DIG Powered by JNN
九州南部では4日、非常に強い雨が降っています。

気象庁「キキクル」を見ると、土砂災害の危険度が高まっている様子が見て取れました。線状降水帯が発生する恐れも高まっています。

TBSテレビ社会部・気象庁担当の本杉美樹記者の解説です。
TBSテレビ",[],[]
バレー男子日本代表、まさかの第3セット落とし苦戦も白星発進　オマーンに辛勝でロス五輪へ薄氷の初陣【アジア選手権】（TBS NEWS DIG Powered by JNN）,https://news.yahoo.co.jp/articles/08e7b8ed87a8b6d7ac69727f35963fb36a4410c9,https://newsatcl-pctr.c.yimg.jp/t/amd-img/20260904-00010011-jnn-000-4-view.jpg?exp=10800,2026-09-04T21:08:45+09:00,2026-09-04T22:13:52+09:00,TBS NEWS DIG Powered by JNN,jnn,TBS NEWS DIG Powered by JNN,1324,"喜ぶ日本代表
■バレーボール アジア選手権2026 男子予選ラウンド　日本 ー オマーン（4日、福岡・北九州市）
【写真を見る】アジア選手権に臨む石川祐希、髙橋藍ら14人
アジアNo.1を決める「アジア選手権2026」の男子が開幕した。同大会で優勝すれば、ロサンゼルス五輪の出場権を獲得できる。男子日本代表（世界ランク6位）は、オマーン（同64位）にセットカウント3ー1（25ー18、25ー13、20ー25、25ー9）で勝利。ロス五輪出場へ白星スタートをきった。

スタメンはキャプテンの石川祐希（30）、セッターに深津英臣（36）、オポジットに西田有志（26）、アウトサイドヒッターに髙橋藍（25）、ミドルブロッカーに山内晶大（32）と小野寺太志（30）、リベロに山本智大（31）が名を連ねた。
試合前の様子
第1セット、序盤は石川のスパイク、小野寺のブロックで得点を挙げた日本。しかしオマーンの粘り強い攻撃に遭い、リードを許した。それでも髙橋の連続サービスエース、西田の強烈なスパイクなどで徐々に流れを引き寄せ、逆転。終盤には再び小野寺がブロックを決めてセットポイントを奪うと、最後は相手のミスで25点目を奪取。25ー18で第1セットを先取した。

第2セットは、髙橋のフェイクセットから西田がスパイクで得点。会場から大きな歓声が上がると、直後には髙橋がこの試合3本目のサービスエースを決め、流れを一気に引き寄せた。中盤には代表デビューとなるセッター・河東祐大（28）のトスから髙橋がバックアタックを決め18ー12。さらに石川の連続サービスエースで突き放した。大きくリードを奪った日本はオマーンに反撃を許さず25ー13で2セットを連取した。

勝利まであと1セットとし迎えた第3セット。序盤から追う展開も、髙橋や西田が得点を重ね、食らいついた。すると石川のサービスエースで13ー13と同点に。一進一退の攻防が続く中、16ー18と2点ビハインドで日本はタイムアウトを要求した。しかしオマーンの猛攻に失点が続き、流れを掴むことができず。20ー25でこのセットを落とした。

第4セット、このセットから出場の西本圭吾（27）ブロックポイント、髙橋がバックアタックを決めるなど日本がリードを奪った。中盤以降も髙橋のフェイント、石川がこの試合5本目となるサービスエースを決めるなど、攻撃の手を緩めずオマーンを突き放した。さらに宮浦健人（27）の強打で17ー7。勢いに乗った日本はオマーンに反撃の隙を与えず第4セットを制した。勝利を収めた日本は、ロス五輪へ向け白星発進とした。

次戦は、6日にバーレーン（同44位）と対戦する。
※世界ランキングは試合前時点

【日本の得点（上位）】
石川　19得点
髙橋　19得点
西田　14得点

【男子日本代表　日程】
■予選ラウンド
9月4日（金）〇3ー1　オマーン
9月6日（日）vs バーレーン
9月8日（火）vs オーストラリア

■準々決勝
9月10日（木）～11日（金）

■準決勝
9月12日（土）

■決勝・3位決定戦
9月13日（日）

【今後の予定】
アジア大会男子　9月27日～10月3日：愛知",[],[]
台風24号・宮崎で大雨 側溝から水が噴き出し…住宅街冠水も 引き続き土砂災害に警戒を “複雑な進路”で全国的に影響長引くおそれ（TBS NEWS DIG Powered by JNN）,https://news.yahoo.co.jp/articles/9c83145b5f952f768b89ee75d35cced53d76abd2,https://newsatcl-pctr.c.yimg.jp/t/amd-img/20260904-07325074-jnn-000-2-thumb.jpg?exp=10800,2026-09-04T21:06:51+09:00,2026-09-04T21:09:15+09:00,TBS NEWS DIG Powered by JNN,jnn,TBS NEWS DIG Powered by JNN,266,"TBS NEWS DIG Powered by JNN
台風と前線の影響で九州南部では大雨となっています。引き続き土砂災害に厳重な警戒が必要です。

台風24号周辺の暖かく湿った空気が前線に向かって流れ込んでいる影響で、宮崎県では大雨となっていて、道路の側溝から水が噴き出したり、住宅街が冠水するなどの被害が相次いでいます。

また、宮崎県では今夜遅くにかけて線状降水帯が発生し、災害の危険度が急激に高まるおそれがあります。台風は週明けにかけて複雑な進路をとる見込みで、全国的に広い範囲で影響が長引くおそれがあります。
TBSテレビ",[],[]
今治造船など3グループに最大2131億円支援へ　建造能力の抜本的な増強に向け（TBS NEWS DIG Powered by JNN）,https://news.yahoo.co.jp/articles/cdbb5853eab4e6c1dcecc86aa3425a489c4deec9,https://newsatcl-pctr.c.yimg.jp/t/amd-img/20260904-07325075-jnn-000-3-view.jpg?exp=10800,2026-09-04T21:05:23+09:00,2026-09-04T21:32:46+09:00,TBS NEWS DIG Powered by JNN,jnn,TBS NEWS DIG Powered by JNN,460,"TBS NEWS DIG Powered by JNN
金子国土交通大臣は、造船能力の抜本的向上のために、今治造船などの3グループに総額2100億円あまりの支援を行うと発表しました。

金子恭之 国土交通大臣
「我が国の造船業再生がいよいよ動き出します」

金子国土交通大臣はきょう、造船能力の強化のための設備投資として、今治造船、ジャパンマリンユナイテッド、そして名村造船所を中心とする3つのグループに対して、およそ10年間で最大で2131億円の支援を行うと発表しました。

政府は、成長戦略の重点分野とする造船業の強化に向けて、官民で1兆円規模の投資を目指しており、10年間で、あわせて3500億円の基金を設けています。

基金は、ドックの拡張や自動化などの大規模投資の支援を目的としており、今回の支援は、基金を活用した造船産業支援の第一弾となります。

さらに金子大臣は、『日本の船は日本で作る』その実現に向けて全力で取り組んでいきたいと、今後も官民連携で造船業の強化を進めていく考えを強調しました。
TBSテレビ",[],[]
【楽天】ハムに完敗 3連勝ならず...古謝は10敗目 初回2死から3失点 黒川の失策からレイエスに30号2ラン被弾5回5失点 辰己とマッカスカーのソロ2発のみ（TBS NEWS DIG Powered by JNN）,https://news.yahoo.co.jp/articles/b553b0575f6a491646cc3e6f5bc682c4f7cb6129,https://newsatcl-pctr.c.yimg.jp/t/amd-img/20260904-00010010-jnn-000-1-view.jpg?exp=10800,2026-09-04T21:04:22+09:00,2026-09-04T21:04:22+09:00,TBS NEWS DIG Powered by JNN,jnn,TBS NEWS DIG Powered by JNN,751,"5回、日本ハムのレイエスに30号2ランを浴びた楽天・古謝樹投手
■プロ野球　楽天2ー5日本ハム　（4日　楽天モバイル）

楽天は日本ハムに敗れ3連勝ならず47勝72敗1分の借金25。今季日本ハム戦は7勝13敗となり3年連続カード負け越しが決まった。先発・古謝は初回2死無走者から野村、水野に連続適時打を浴び3点を失う。辰己とマッカスカーのソロ弾で1点差に迫るも直後5回、黒川の失策から古謝はレイエスに30号2ランを献上し5回5失点で10敗目（1勝）。

先発・古謝は今季17度目の登板、1勝9敗、防御率3.46。5月16日・ソフトバンク戦（モバイル）で唯一の勝利を挙げてから自身6連敗中。

古謝は1回2死からレイエスに四球、郡司に中安打で一・二塁とすると野村に左前へタイムリーを放たれ先制される。さらに一・三塁から野村に二盗を決められると水野に右前へ2点タイムリーを弾き返され、初回に3点を奪われた。

日本ハムの先発・北山に1回2死から宗山が右安打もマッカスカーは見逃し三振に終わる。だが2回に1死から辰己が逆方向のレフトスタンドへ12号ソロを放ち、1ー3とする。

古謝は2、3、4回と全て得点圏に走者を進めるが追加点を与えない。すると4回の攻撃で1死からマッカスカーが6試合ぶりの21号ソロを左中間スタンドへ運び、2ー3とした。

だが古謝は5回、先頭・水谷の三ゴロを黒川が悪送球、続くレイエスに左中間スタンドへ30号2ランを飛ばされ、2ー5となる。古謝は5回を106球、8安打、4四死球、5奪三振の5失点（自責4）で降板。

攻撃陣は北山に5、6、7回と3イニング連続で走者を出せず。8回の攻撃で先頭・村林が四球も代打・陽、黒川、中島と3者連続空振り三振に倒れた。9回は柳川から得点を奪えず。",[],[]
【日本ハム】6連勝で2位と1差＆最多貯金16！初回2死から3点＆レイエス2年連続30号の追撃2ラン 北山8回2失点好投でパトップタイ11勝目（TBS NEWS DIG Powered by JNN）,https://news.yahoo.co.jp/articles/d047bb8f3a16756029b22ca7c9fecdc31e850255,https://newsatcl-pctr.c.yimg.jp/t/amd-img/20260904-00010009-jnn-000-1-view.jpg?exp=10800,2026-09-04T21:04:07+09:00,2026-09-04T21:04:07+09:00,TBS NEWS DIG Powered by JNN,jnn,TBS NEWS DIG Powered by JNN,1402,"5回に2ランを放ち、2年連続30号に到達した日本ハム・レイエス選手
■プロ野球　楽天 2－5 日本ハム　（4日　楽天モバイル）

日本ハムは楽天との敵地3連戦初戦を制し、引き分けを挟んで6連勝。69勝53敗2分で最多貯金を16に更新した。また2位・西武がソフトバンクに敗れたためゲーム差は「1」。

試合は初回2死から野村、水野の適時打で3点を先行すると、3－2の1点リードで迎えた5回にレイエスに2年連続となる30号、2点本塁打で楽天先発・古謝から5得点を奪う。先発・北山は2回辰己、4回マッカスカーにソロ本塁打を被弾もその後は安定した投球で8回まで投げ切り、被安打3、8奪三振、2失点（自責2）の好投でリーグ最多タイ11勝目（3敗）。柳川が今季24セーブ目を挙げた。

スタメンは1番レフト・今川、2番ライト・水谷、3番DH・レイエス、4番ファースト・郡司、5番センター・野村、6番ショート・水野、7番サード・有薗、8番キャッチャー・進藤、9番セカンド・山縣のオーダーを組んだ。

初回の攻撃は2死からレイエスの四球と郡司のセンター前安打で一、二塁を作ると、野村のレフト前適時打で先制する。なお2死一、三塁から野村が二盗を決めると、水野がライト前へ走者一掃の2点適時打を放ち、楽天先発・古謝から3点を先取した。

先発・北山はリーグ4位の10勝（3敗）、リーグ3位の防御率2.40で今季21度目の登板。前回の8月28日・ロッテ戦（エスコンF）では6回2/3を6安打4失点も勝ち投手となり、自身2連勝中。

楽天戦は今季2度目で、8回3安打無失点で今季初勝利を挙げた4月8日（楽天モバイル）以来の登板となった北山。3点リードで先発のマウンドに上がると、初回は2死から宗山にライト前安打も、マッカスカーを3球三振に取り無失点で立ち上がる。

だが2回裏、1死から6番・辰己に直球を左翼スタンドへ12号ソロを被弾し3－1。3回は9番・黒川、中島、小郷を内野ゴロでこの日初めて3者凡退に抑えたが、4回は1死から4番・マッカスカーに初球のカーブを左翼スタンドへ21号ソロを浴び3－2の1点差に迫られる。

一方打線は2回以降毎回得点圏に走者を進めるも、あと一本が出ず。だが1点ビハインドで迎えた5回に先頭・水谷がサード・黒川の悪送球で出塁すると、レイエスがカウント2－2から30号2ランを左翼スタンド中段へ運び5－2。

なお郡司の四球、野村のライト前安打で無死一、三塁。その後野村の二盗と水野の死球で絶好機を演出したが、有薗が空振り三振、進藤が5－2－3の痛恨併殺に倒れ、無死満塁で追加点を奪うことができない。

北山は5回、6回と楽天打線を完璧に抑える。7回表の攻撃は先頭・レイエスがレフト前安打で2戦連続・今季13度目の猛打賞を決めると、2死から水野のセンター前安打で一、二塁と得点圏に走者を置いたが、有薗の代打・清宮幸が見逃し三振で2者残塁。

それでも北山は7回、YG安田、辰己を連続空振り三振に斬るなどこの回もパーフェクトピッチングを見せると、92球で8回もマウンドへ。先頭の7番・村林に四球を与えたが、代打・陽、黒川、中島を3者連続空振り三振に斬った。

北山は8回111球、被安打3（本塁打2）、与四球1、奪三振8、2失点（自責2）の好投を見せ降板すると、最終9回は柳川が無失点で試合を締めた。",[],[]
【ソフトバンク】西武に快勝 優勝マジック16 正木の先頭弾23号ソロで先制 相手の拙守を突き庄子が追撃打 前田悠4回途中2失点も鈴木豪が火消し 柳町ダメ押し1号3ラン（TBS NEWS DIG Powered by JNN）,https://news.yahoo.co.jp/articles/798b96b48ebe3815115d742b310ffb7b71c8542e,https://newsatcl-pctr.c.yimg.jp/t/amd-img/20260904-00010008-jnn-000-1-view.jpg?exp=10800,2026-09-04T20:59:15+09:00,2026-09-04T20:59:15+09:00,TBS NEWS DIG Powered by JNN,jnn,TBS NEWS DIG Powered by JNN,1276,"ソフトバンク・小久保裕紀監督
■プロ野球　ソフトバンク8ー2西武　（4日　みずほPayPay）

ソフトバンクは2位・西武に快勝、優勝マジックを16とした。初回に正木が今季6本目の先頭打者HRとなる23号ソロを放ち先制。2回も2死から西武の拙守を突き庄子の適時打で2点を加点。先発・前田悠は4回途中2失点で降板、代わった鈴木豪がピンチを凌ぐ。7回には2死満塁から山本祐の2点適時二塁打と柳町の1号3ランで5点を奪った。救援陣はヘルナンデス、津森、伊藤、オスナが無失点で繋いだ。

先発・前田悠は今季16度目の登板、無傷の11連勝で防御率1.82。今季の西武戦は3戦全勝で20イニング無失点に抑えたいた。

前田悠は1回2死からネビンに四球、中村剛に左越え安打で一・三塁とするも渡部を三ゴロに打ち取る立ち上がり。

一方、西武の先発・高橋光成は今季ソフトバンク戦は6戦、4勝1敗、防御率1.17だった。

1回、正木が先頭弾の23号ソロを左中間スタンドへ飛ばし先制。92年・佐々木誠を抜き球団新記録となるシーズン6本目の先頭打者アーチとなった。

先制した直後の2回、前田悠は先頭・平沢に右安打も外崎を空振り三振、柘植を遊ゴロ併殺打に仕留める。

2回の攻撃は2死から柳町が左安打に平沢がボール処理を誤る間にスリーベースにする。川瀬は四球、庄子が左前に打球を飛ばし平沢が落球する2点タイムリーとなり、3ー0とした。

前田悠は3回、カラリオに中越えツーベース、滝澤に四球で無死一・二塁とすると長谷川とネビンを凡打に取るも中村剛に左翼線へタイムリーツーベース飛ばされるも一走・滝澤を中継プレーで本塁封殺し、3ー1となった。

3回の攻撃で近藤が左越えツーベース、栗原が四球で無死一・二塁に。ここで西武は2番手・豆田に代わるが柳田、山本祐、柳町は凡退。

前田悠は4回、渡部と平沢に連打され無死一・三塁とすると外崎の三ゴロ間で3ー2となる。続く柘植に左安打で1死一・二塁として前田悠は降板、代わった鈴木豪はカナリオを空振り三振、滝澤を二ゴロに取る火消しぶりを発揮。

前田悠は3回1/3を64球、7安打、2四球、2奪三振の2失点（自責2）で12勝目はお預け。

鈴木豪は5回を長谷川、ネビン、中村剛の中軸を凡打で初めて三者凡退に抑えた。6回、3番手・ヘルナンデスは渡部、平沢、外崎と3者連続空振り三振に斬った。

打線は西武の救援陣に4回以降の走者を出すも追加点を奪えず。だが7回、4番手・津森は柘植を右飛、カナリオを空振り三振、滝澤を右飛に抑える。

すると7回の攻撃で西武4番手・松本航に先頭・正木が左安打、周東の犠打で1死二塁に。近藤は申告敬遠、栗原は二ゴロで2死二・三塁となり柳田も申告敬遠で満塁から山本祐が左中間へ2点タイムリーツーベースを弾き返し、5ー2とした。続く柳町が左中間スタンドへ1号3ランを放ち、8ー2と大量リードを奪った。

8回は5番手・伊藤が2死から中村剛に左安打も渡部を一ゴロに打ち取った。9回は6番手・オスナが無失点で締めた。",[],[]
【西武】鷹に完敗で6G差に...髙橋光成今季最短3回途中3失点緊急降板で6敗目 正木に先頭打者被弾 中村剛猛打賞も 松本大量5失点（TBS NEWS DIG Powered by JNN）,https://news.yahoo.co.jp/articles/bb9a140a3090c244954be02feecf2adf72d0c74b,https://newsatcl-pctr.c.yimg.jp/t/amd-img/20260904-00010007-jnn-000-1-view.jpg?exp=10800,2026-09-04T20:59:13+09:00,2026-09-04T20:59:13+09:00,TBS NEWS DIG Powered by JNN,jnn,TBS NEWS DIG Powered by JNN,1779,"今季最短となる3回途中3失点で6敗目を喫した西武・髙橋光成投手
■プロ野球　ソフトバンク 8－2 西武（4日・みずほPayPay）

西武はソフトバンクに敗れ、ゲーム差が6に広がった。先発の髙橋光成は今季最短となる3回途中3失点のピッチングで6敗目を喫した。3回裏、無死一・二塁で違和感をうったえ緊急降板した。1回裏、先頭の正木にセンターへの23号ソロホームランを浴び、1点を先制される。2回裏、2死一・三塁から庄子のレフトへの打球を平沢が捕球できず、タイムリーツーベースヒッとなり2点を追加された。4番手の松本が2イニング目に5点を失った。

スターティングメンバーには1番ショート・滝澤、2番センター・長谷川、3番ファースト・ネビン、4番DH・中村剛、5番サード・渡部、6番レフト・平沢、7番セカンド・外崎、8番キャッチャー・柘植、9番ライト・カナリオが入った。キャッチャーには小島に代わり柘植、レフトには桑原に代わり平沢、DHには林安可に代わり中村剛が入った。

先発は髙橋光成。ここまで19試合に登板、9勝5敗、防御率2.51。前回8月28日の楽天戦（べルーナドーム）では6回2/3、120球、4被安打、10奪三振、4四死球、4失点のピッチングで9勝目をあげた。ソフトバンク戦では8月7日の試合（ベルーナドーム）では6回、98球、6被安打、2奪三振、1四死球、1失点のピッチングも勝ち負けはつかなかった。

1回表、ソフトバンク先発の前田悠から2死からネビンが四球を選ぶ。中村剛はレフトフェンス直撃の左安打で2死一・三塁のチャンスをつくる。しかし、渡部は三ゴロに倒れ、得点はならなかった。

1回裏、先頭の1番・正木にセンターへの23号ソロホームランを浴び、1点を先制される。

2回表、先頭の平沢が右安打を放つ。外崎は空振り三振、柘植は遊併打に倒れる。

2回裏、2死から7番・柳町はレフトへのスリーベースヒットを浴びる。8番・川瀬に四球を与え、2死一・三塁となる。その後、9番・庄子の打球はレフト平沢がスライディングキャッチを試みるも捕球できず、タイムリーツーベースヒットを浴び、2点を追加され、0－3となる。正木に四球を与え、2死一・二塁となるも、周東は左飛に打ち取る。

3回表、先頭のカナリオがセンターへのツーベースヒットを放つ。滝澤は四球で無死一・二塁となる。長谷川は遊飛、ネビンは右飛に倒れる。続く中村剛はレフトへのタイムリーツーベースヒットを放ち、1点を返し、1－3となる。一塁ランナーの滝澤は本塁を狙うも、アウトとなり得点はならない。

3回裏、先頭の3番・近藤にレフトフェンス直撃のツーベースヒットを浴びる。4番・栗原に四球を与え、無死一・二塁となる。髙橋光成はここで降板する。2回0/3、48球、4被安打、0奪三振、3四死球、3失点のピッチングだった。今季最短での降板となる。

2番手は豆田。無死一・二塁から5番・柳田は左飛、6番・山本祐は空振り三振、柳町は二ゴロに打ち取る。

4回表、先頭の渡部が左安打を放つ。平沢は右安打で無死一・三塁のチャンスをつくる。外崎の三ゴロ間に1点を返し、2－3とする。柘植は左安打で1死一・二塁とする。前田悠から変わった鈴木豪からカナリオは空振り三振、滝澤は二ゴロに倒れる。

4回裏、豆田は川瀬を二ゴロ、庄子は空振り三振、正木は遊ゴロに打ち取る。

3番手は佐藤隼。先頭の周東にセーフティバントを決められ、投安打で出塁を許す。近藤は遊ゴロで1死二塁となる。しかし、栗原は空振り三振、柳田は空振り三振に打ち取り、無失点に抑える。

4番手は松本。1死から柳町に右安打を許す。しかし、川瀬は二飛、庄子は空振り三振に打ち取り、無失点に抑える。

7回裏、マウンドに上がった松本は先頭の正木に左安打を許す。周東は投犠打で1死二塁となる。近藤は申告敬遠で1死一・二塁となるも、栗原は二ゴロ、柳田は申告敬遠で2死満塁となる。続く山本祐にセンターへのタイムリーヒットを浴び、2点を追加され、2－5となる。続く柳町にレフトへの1号3ランホームランを浴び、3点を追加され、2－8となる。

5番手は黒木。庄子は三邪飛、正木は左飛、周東は一ゴロに打ち取る。

9回表、オスナから得点をあげられず、ゲームセット。",[],[]
【広く長く大雨続く可能性】鹿児島・屋久島では500ミリ近い「記録的大雨」恐れも…“迷走”台風24号は一回転して九州・四国に　背景に高気圧の張り出し【予報士解説】（TBS NEWS DIG Powered by JNN）,https://news.yahoo.co.jp/articles/7ed90974e2a0b0fe5c46958dff4bf189674afd26,https://newsatcl-pctr.c.yimg.jp/t/amd-img/20260904-07325079-jnn-000-2-thumb.jpg?exp=10800,2026-09-04T20:53:39+09:00,2026-09-04T20:55:35+09:00,TBS NEWS DIG Powered by JNN,jnn,TBS NEWS DIG Powered by JNN,182,"TBS NEWS DIG Powered by JNN
九州南部では4日、非常に強い雨が降っています。鹿児島・屋久島では「記録的大雨」になる恐れもあります。

“迷走”している台風24号は、9日ごろには熱帯低気圧に変わる見込みですが、一回転をするような形で九州・四国に接近する可能性があります。

今後の雨の状況について、北村麗気象予報士の解説です。
TBSテレビ",[],[]
【ロッテ】オリックス戦2年連続負け越し 4位浮上ならず...借金は8 ジャクソン5回3失点で8敗目 紅林に先制打献上 上田一時同点打も（TBS NEWS DIG Powered by JNN）,https://news.yahoo.co.jp/articles/198232db216250062738f4ff291f5026d4810261,https://newsatcl-pctr.c.yimg.jp/t/amd-img/20260904-00010006-jnn-000-1-view.jpg?exp=10800,2026-09-04T20:52:19+09:00,2026-09-04T20:52:19+09:00,TBS NEWS DIG Powered by JNN,jnn,TBS NEWS DIG Powered by JNN,1436,"ロッテ・サブロー監督
■プロ野球　オリックス 3－1 ロッテ（4日・京セラD大阪）

ロッテはオリックスに競り負け、対戦成績が8勝13敗となり25年から2年連続の負け越しとなった。4位浮上はならなかった。通算53勝61敗3分で借金は再び8に広がった。先発のジャクソンは5回3失点のピッチングで8敗目を喫した。1回裏、紅林に適時打を浴び、先制される。2回表には上田の適時打で同点に追いつくも、2回裏には堀の内野ゴロ間に再び勝ち越された。打線は以降もチャンスをつくるも得点をあげられなかった。

スターティングメンバーには1番センター・藤原、2番レフト・山口、3番ライト・西川、4番キャッチャー・佐藤、5番DH・安田、6番セカンド・小川、7番サード・寺地、8番ファースト・上田、9番ショート・山﨑が入った。ショートには茶谷に代わり山﨑が入った。

先発はジャクソン。ここまで22試合に登板、9勝7敗、防御率3.43。前回8月29日の日本ハム戦（エスコンF）では4回、89球、5被安打、5奪三振、3四死球、6失点のピッチングも勝ち負けはつかなかった。オリックス戦では8月8日の試合（ZOZOマリン）で7回、111球、4被安打、3奪三振、3四死球のピッチングで勝ち投手となった。

1回表、オリックス先発の髙島から先頭の藤原は四球を選ぶ。しかし、山口は三飛、西川は遊併打に倒れ、得点はならない。

1回裏、先頭の1番・西川に中安打を許す。2番・渡部は投犠打で1死二塁のピンチを招く。3番・太田は三ゴロに打ち取るも、4番・来田に右安打を許し、2死一・三塁となる。続く5番・紅林にレフトへのタイムリーヒットを浴び、1点を先制される。6番・宗は遊直に打ち取る。

2回表、2死から小川はライトへのツーベースヒットを放つ。寺地は四球で2死一・二塁となると、上田がライトへのタイムリーヒットを放ち、1点を返し、1－1の同点に追いつく。

2回裏、1死から7番・中川は遊安打で出塁を許す。中川には二盗を決められる。8番・山中は中飛で1死三塁となる。9番・堀の遊ゴロ間に1点を勝ち越され、1－2となる。

3回裏、1死から太田に中安打を許す。しかし、来田は二飛、太田の二盗は阻止し、無失点に抑える。

4回表、2死から寺地は中安打を放つと、上田は四球を選び、2死一・二塁のチャンスをつくる。しかし、山﨑は一ゴロに倒れ、チャンスを生かせない。

4回裏、1死から6番・宗に四球を与える。中川に四球を与え、1死一・二塁のピンチを招く。山中は一ゴロに打ち取るも、送球を投手のジャクソンが捕球できず、二塁ランナーが生還し、1点を追加され、1－3となる。

5回裏、1死から太田は中安打、来田はライトへのツーベースヒットで1死二・三塁のピンチを招く。しかし、紅林は空振り三振、宗は空振り三振に打ち取る。ジャクソンはこの回で降板する。5回、98球、8被安打、3奪三振、2四死球、3失点（2自責点）のピッチングだった。

6回表、2死から小川が四球を選ぶ。小川は二盗を決め、寺地は四球で1死一・二塁とする。しかし、上田は左飛に倒れ、得点はならない。

2番手は八木。中川は三ゴロ、山中は左飛、堀は遊ゴロに打ち取る。

3番手は中森。2死から太田に四球を与えるも、来田は空振り三振に打ち取る。

4番手は小野。紅林は右飛、宗は右飛、中川は右飛に打ち取る。

9回表、マチャドから得点をあげられず、ゲームセット。",[],[]
【オリックス】競り勝ち4連敗阻止！ ロッテに2年連続勝ち越し 髙島5回1失点で6勝目 紅林先制打 太田&来田マルチ安打 マチャド29S（TBS NEWS DIG Powered by JNN）,https://news.yahoo.co.jp/articles/57aa0d466657ff8258dff8ef25e0c59d935f4fbd,https://newsatcl-pctr.c.yimg.jp/t/amd-img/20260904-00010005-jnn-000-1-view.jpg?exp=10800,2026-09-04T20:52:15+09:00,2026-09-04T20:52:15+09:00,TBS NEWS DIG Powered by JNN,jnn,TBS NEWS DIG Powered by JNN,1698,"先制タイムリーを放った紅林選手
■◾︎プロ野球 オリックス 3－1 ロッテ　（4日・京セラD大阪）

オリックスはロッテとの初戦で競り勝ち、通算58勝63敗2分で借金を5に減らし、連敗を3で止めた。今季の対ロッテ戦は13勝8敗となり、2年連続勝ち越しが決まった。先発・髙島は、自身初の中5日での登板に挑んだ。5回を投げ、89球、被安打4、3奪三振、1失点で6勝目。

試合は1回、先頭の西川が中安打を放ち、渡部の投犠打、来田の右安打で1死一・三塁のチャンスを作る。なおも、紅林が左適時打を放ち、1ー0と先制する。だが2回、髙島が2死から小川に右二塁打を浴び、寺地に四球を与えると、上田に右適時打を許し、1ー1と同点に追いつかれる。それでも2回、中川が遊安打を放ち、盗塁を決め、山中の中フライで1死三塁とする。なおも、堀の遊ゴロの間に2ー1と勝ち越す。さらに4回、宗、中川がともに四球を選ぶと、山中の一ゴロの間に3ー1と1点を追加する。その後、富山、椋木、山﨑、マチャドと無失点リレーで勝利。

先発は髙島。今季はここまで19試合に登板し、5勝4敗、防御率4.19。前回登板の29日・ソフトバンク戦では、5回を投げ、78球、被安打4、1奪三振、1失点で勝ち投手。

スタメンは、1番DH・西川、2番センター・渡部、3番セカンド・太田、4番ライト・来田、5番ショート・紅林、6番サード・宗、7番レフト・中川、8番ファースト・山中、9番キャッチャー・堀で組んだ。

髙島は1回、藤原に四球を与えるが、山口を三フライ、西川を遊併殺打に打ち取る。

打線は1回、相手先発・ジャクソンに対し、先頭の西川が中安打を放ち、渡部の投犠打で1死二塁のチャンスを作る。太田は三ゴロも、来田は右安打を放つ。なおも、紅林が左適時打を放ち、1ー0と先制する。宗は遊ライナーに倒れる。

2回、髙島は佐藤をニゴロ、安田を空振り三振に抑える。だが、小川に右二塁打を浴び、寺地に四球を与え、上田に右適時打を許し、1ー1と同点に追いつかれる。それでも、山﨑を一ゴロに打ち取る。

2回、打線は先頭の中川が遊安打を放ち、盗塁を決め、山中の中フライで1死三塁のチャンスを作る。なおも、堀の遊ゴロの間に2ー1と勝ち越す。西川は一ゴロに倒れる。

髙島は3回、藤原を空振り三振、山口を見逃し三振、西川に中安打を許すも、佐藤を中フライに抑える。打線はその裏、渡部が三ゴロ、太田は右安打を放つも、来田は二フライ、太田が盗塁失敗で3アウト。

4回、髙島は安田、小川をともにニゴロに打ち取る。だが、寺地に中安打を許し、上田に四球を与え、2死一・二塁のピンチを招く。それでも、山﨑を一ゴロに抑える。

4回の攻撃は、紅林が見逃し三振、宗、中川はともに四球を選び出塁する。なおも、山中の一ゴロの間に3ー1と1点を追加する。堀が二安打を放つが、西川は一ゴロに打ち取られる。

5回、髙島は藤原を遊ゴロ、山口をニゴロ、西川を三ゴロと三者凡退に抑える。

打線は5回、渡部がニゴロも、太田は中安打、来田が右二塁打を放ち、1死二・三塁のチャンスを作る。だが、紅林、宗は2者連続の空振り三振に倒れる。

6回、2番手・富山が登板。佐藤を空振り三振、ソトを中フライ、小川に四球を与え、盗塁を許し、寺地に四球を与え、2死一・二塁のピンチを招く。それでも、上田を左フライに打ち取る。

6回の攻撃は、2番手・八木に対し、中川が三ゴロ、山中は左フライ、堀は遊ゴロと三者凡退。

7回、3番手・椋木が登板。山﨑を空振り三振、藤原を遊ゴロ、山口を見逃し三振と三者凡退に抑える。

打線は7回、3番手・中森に対し、西川が右フライ、渡部は中フライも、太田は四球を選ぶ。だが、来田は空振り三振に倒れる。

8回、4番手・山﨑が登板。西川を遊ゴロ、佐藤を右フライ、安田を空振り三振と三者凡退に抑える。

8回、打線は4番手・小野に対し、紅林、宗、中川が三者連続で右フライに打ち取られる。

9回、5番手・マチャドが登板。無失点に抑え、ゲームセット。マチャドは29セーブ目となった。",[],[]
宮崎市で1時間に100ミリの猛烈な雨…雨風が強まる時間帯も 線状降水帯が発生するおそれ 厳重警戒続く【宮崎市から中継】（TBS NEWS DIG Powered by JNN）,https://news.yahoo.co.jp/articles/eae560dbe7eba7295f2218aac7c502e459e40dfe,https://newsatcl-pctr.c.yimg.jp/t/amd-img/20260904-07325071-jnn-000-2-thumb.jpg?exp=10800,2026-09-04T20:48:06+09:00,2026-09-04T20:49:30+09:00,TBS NEWS DIG Powered by JNN,jnn,TBS NEWS DIG Powered by JNN,123,"TBS NEWS DIG Powered by JNN
宮崎県では今夜遅くにかけ、線状降水帯が発生するおそれがあり、気象台は土砂災害や浸水害、洪水災害などに厳重な警戒を呼びかけています。宮崎市の中心部から現在の状況について中継です。
TBSテレビ",[],[]
熊本県で最大震度1の地震　熊本県・熊本美里町（TBS NEWS DIG Powered by JNN）,https://news.yahoo.co.jp/articles/529b615053f4d2d197f8bf50f4e08b8d841aff7a,https://newsatcl-pctr.c.yimg.jp/t/amd-img/20260904-22922746-jnn-000-1-view.jpg?exp=10800,2026-09-04T20:45:30+09:00,2026-09-04T20:45:30+09:00,TBS NEWS DIG Powered by JNN,jnn,TBS NEWS DIG Powered by JNN,306,"TBS NEWS DIG Powered by JNN
4日午後8時40分ごろ、熊本県で最大震度1を観測する地震がありました。

気象庁によりますと、震源地は熊本県熊本地方で、震源の深さはおよそ10km、地震の規模を示すマグニチュードは2.9と推定されます。
【詳細】各地の震度一覧・最新LIVE
この地震による津波の心配はありません。

最大震度1を観測したのは、熊本県の熊本美里町です。

【各地の震度詳細】

■震度1
□熊本県
熊本美里町

気象庁の発表に基づき、地域ごとに震度情報をお伝えしています。
新たな情報が発表され次第、情報を更新します。
TBS NEWS DIG Powered by JNN",[],[]
車の水没を防げ！アンダーパスを20秒で自動封鎖「エアー遮断機」バー　相次ぐ豪雨災害に問い合わせ増加（TBS NEWS DIG Powered by JNN）,https://news.yahoo.co.jp/articles/3b2b7b2301a56c463f7281791c69aaa04e8ea7aa,https://newsatcl-pctr.c.yimg.jp/t/amd-img/20260904-07325041-jnn-000-2-thumb.jpg?exp=10800,2026-09-04T20:43:26+09:00,2026-09-04T20:46:53+09:00,TBS NEWS DIG Powered by JNN,jnn,TBS NEWS DIG Powered by JNN,1027,"TBS NEWS DIG Powered by JNN
命を落とす事故が相次いでいるアンダーパスでの車の水没。20秒で道路封鎖を完了する「ある装置」が注目されています。

カメラマン
「深いですから出ちゃダメですよ」

車の中の人
「早く来て。舟がないと出られない」

相次ぐ、アンダーパスでの車の水没。

4年前、静岡市で、台風による大雨で冠水した時の映像。車体がほとんど見えなくなるほど水没した車。歩道にいる市の職員が制止するも。冠水に気づかなかったのでしょうか、別の車が進入してきました。

先月、千葉県を襲った記録的な豪雨でも。

撮影者
「あぁ終わった…まじかよ」

千葉市内にあるアンダーパスでは、1時間あまりで、その水位が天井近くにまで達しました。

アンダーパスで車が水没し、死者も出た千葉市では、事故を防ごうと、5年前からある対策が行われています。

高柳光希キャスター
「千葉市中央区に来ていますが、アンダーパス入り口の道路横には、見慣れない赤色灯のついた箱が設置されています」

それが「エアー遮断機」です。道路に設置されたセンサーが15センチの水位を感知すると、自動的に箱の扉が開き、中から布製のバルーンが出てきて自動で膨らむ仕組みです。

感知してから道路を封鎖するまでおよそ20秒。中は常にLEDライトで照らされていて、夜でも目立つほか、バルーンで柔らかいため、車がぶつかっても問題ありません。

「エアー遮断機」の開発者は…

エアー遮断機を共同開発 施工技術総合研究所　谷倉泉 技師長
「掲示板は見落として（車が）入ってしまう。目の前に“ドーン”と出ると気が付く、前を見ているので。目の前に出るのが一番効果的だと思っている」

千葉市が管理するアンダーパスのうち、遮断機が設置されているのは2つ。先月の豪雨の時、このエアー遮断機が設置されているアンダーパスでは車の水没はなかったということです。

一方、遮断機がないアンダーパスでは車10台が水没。車に乗っていた男性1人が亡くなったことなどから、市は、ほかの場所にも設置を検討しています。

千葉豪雨以降、メーカーに問い合わせが殺到しているというこの遮断機。

国土交通省もアンダーパスの冠水対策についてガイドラインを策定する方針で、冠水の水位などに基づく通行止め基準の厳格化や、遮断機の設置を含めた冠水時の誤進入防止の仕組みなど、対策の検討を進めています。
TBSテレビ",[],[]
ネパール・中国の大規模土石流　時速167キロで襲ったか　発生から9日…生存者救出も捜索阻む“壁”【Nスタ解説】（TBS NEWS DIG Powered by JNN）,https://news.yahoo.co.jp/articles/112f3a625f7a73707563b769570b02eb1e2c56e5,https://newsatcl-pctr.c.yimg.jp/t/amd-img/20260904-22922685-jnn-000-2-thumb.jpg?exp=10800,2026-09-04T20:39:18+09:00,2026-09-04T21:00:32+09:00,TBS NEWS DIG Powered by JNN,jnn,TBS NEWS DIG Powered by JNN,2500,"TBS NEWS DIG Powered by JNN
ネパールと中国で起きた大規模な土石流。その威力は150km以上下流の地域にも押し寄せるほどで、被害の大きさはいまだ全容がつかめません。
そのような中、発生から9日目となる4日、生存者が助け出されたという最新情報が入ってきました。
【写真を見る】土石流発生から9日 生存者救出の様子
■土石流 150km超下流まで到達

山内あゆキャスター:
中国とネパールの国境付近で発生した土石流。

今回、土石流が発生したエリアには、中国とネパールの国境検問所がありますが、そのあたりでは、土砂が一気に流されていきました。検問所のある場所は、山から谷を下ったところで、標高約1800mあるということです。

アメリカの研究機関などによると、その検問所よりもはるか上、ヒマラヤ山脈の標高5000m以上の地点から氷河と岩盤が崩落したとみられています。

ネパール災害対策局によると、土砂災害の発生地点から約70km離れた下流のヌワコット郡では、多くの土砂が町を飲み込み、行方不明の方が約2300人にのぼっているということです。

その後、土石流は（土砂災害の発生地点から）150km以上下流のチトワン郡まで到達。ここでは多くの遺体も漂着しているということですが、損傷が激しくDNA鑑定などの身元確認が難しくなっているということです。

ネパール環境学会の暫定報告書によると、土砂の時速は167km、秒速にすると約46m。気がついたら土砂がきていたという速さです。

上流部では川の水位は平均で100m以上、上昇したとみられています。

■賑わうマーケットも土砂に埋もれ…言葉を失う状況に

日比麻音子キャスター:
土砂災害の発生地点から約70km離れた下流のヌワコット郡で、土石流の威力はどのように感じましたか。

JNNバンコク支局 村橋佑一郎 支局長:
被災地の一つである、ヌワコット郡ビドゥールで取材をしました。ここは元々、川沿いにたくさんの商店が並ぶマーケットがあり、地元の人たちで賑わっていた場所でした。しかし、現在はマーケットの一帯が土砂で埋もれてしまっています。
私の背丈よりもはるかに高い建物の2階、3階部分まで泥水が流れ込み、原型をとどめないほど破壊されている家もたくさんあり、言葉を失うような状況です。

下流域でも水位がかなり上昇していて、国境から約70km離れた場所でも、壊滅的な被害が出ています。

また、上流の方に行くとどんな被害状況になっているのか、想像もつかないほどでした。

■ネパール土石流 捜索阻む“壁”

山内キャスター:
中国とネパールの国境付近で発生した土石流による影響は、160万人にのぼるとみられています。

▼死者:1311人
▼行方不明:5339人（日本人5人含む）

ネパールでは複数の水力発電所の中に、いまだ数百人の作業員が閉じ込められていて、救出活動が続いているという報道もあります。

そんな中、4日、現地メディアによると、トンネルから少なくとも2人が救出されたということです。

また、少なくとも69の学校が被害にあっているということです。（セーブ・ザ・チルドレンの発表より）

なかなか救助活動が進んでいないようですが、現地の様子はいかがでしょうか。

JNNバンコク支局 村橋佑一郎 支局長:
被災地では、被害の大きい国境方面につながる道路や橋が、いたるところで流されてしまい、ヘリコプターやドローンを使った捜索が余儀なくされている状況です。

実際に現場を取材していても、泥に足を取られそうになり、歩くことが難しい状況です。

重機は少しずつ入って、土砂は撤去されていますが、陸路ではなかなか捜索活動が進んでいません。

さらに、二次災害の懸念もあります。上流部では土石流の影響で、川の水がせき止められてできた「土砂ダム」が、複数確認されています。

そこが決壊すれば、再び土石流の被害が予想され、危険と隣り合わせの捜索活動となっております。

また、人員も不足しています。被害範囲が100km以上に及ぶため、軍や警察が2万人ほど投入されているのですが、人の数が分散されてしまい、集中的な捜索ができないというのも難航している要因だといえます。
■被災地で求められるのは…

日比キャスター:
現地では、かなり混乱している様子も見られました。

JNNバンコク支局 村橋佑一郎 支局長:
自分の家や家財など全て流されてしまった方もいます。仮設避難所が各地に設置され、多くの被災者の方が身を寄せています。食料や物資も少ない中、厳しい生活をされていると感じました。

そして、行方不明者の数があまりにも多く、ネパールの首都・カトマンズの病院には、行方不明者や遺体の写真などがたくさん貼り出され、連日親族や家族の方が訪れています。

思うように救助活動が進まない中、家族の安否を心配しており、精神的に厳しい状況に立たされていると感じました。

日比キャスター:
今後のケアというのも、長い目で続けていかなければなりません。

国際情報誌「フォーサイト」元編集長　堤伸輔さん:
難を逃れた方たちも、避難所などで苦しい思いをされていると思います。

支援物資などが届いても、避難所まで届ける手段はこれから確保されていくのでしょうか。

JNNバンコク支局 村橋佑一郎 支局長:
道路や橋といったインフラが壊滅的な被害を受けているため、物資を調達できても、どのように届けるのかが大きな課題になっています。

ネパール国内では、ヘリコプターや大型のドローンが不足していて、ネパール政府は国際支援を求めているような状況です。

================
＜プロフィール＞

村橋佑一郎
JNNバンコク支局長
土石流発生直後からネパールで現地取材

堤伸輔さん
国際情報誌「フォーサイト」元編集長 熊本出身
BS-TBS「報道1930」ニュース解説
TBS NEWS DIG Powered by JNN",[],[]
被害額は年間3兆円超　偽ブランド品など「コピー商品」　鑑定士×AIのダブルチェックで偽物を見抜く鑑定の最前線（TBS NEWS DIG Powered by JNN）,https://news.yahoo.co.jp/articles/199c1e010de9458b1bcee9c5c3e207356c25f128,https://newsatcl-pctr.c.yimg.jp/t/amd-img/20260904-07325057-jnn-000-2-thumb.jpg?exp=10800,2026-09-04T20:33:43+09:00,2026-09-04T20:35:28+09:00,TBS NEWS DIG Powered by JNN,jnn,TBS NEWS DIG Powered by JNN,1329,"TBS NEWS DIG Powered by JNN
ネット上で横行し、税関でも差し止められている偽ブランド品などの「コピー商品」。被害額は年間3兆円を超えると推計される中、人の目とAIのダブルチェックで偽物を見抜く鑑定の最前線を取材しました。

記者
「人気のキャラクターのシールが数多く並べられていますが、全て商標権や著作権を侵害した模倣品だということです」

ツヤ感のあるぷっくりとした立体シール。若い世代を中心に人気の「ボンボンドロップシール」に見えますが、すべて偽物です。東京税関はきょう、今年上半期に知的財産を侵害したとして輸入を差し止めた物品が40万点を超えたと明らかにしました。

このうち8割を超えるおよそ35万点がシールやステッカーで、多くは中国から輸入されていました。他にも有名ブランドのバッグや、今年6月にあったサッカー・ワールドカップの日本代表ユニフォームなどの模倣品も差し止められました。

東京税関は「ネットショッピングでは、正規品に比べて低い価格の商品や販売元に注意してほしい」と呼びかけています。

特許庁の推計では、日本企業が“コピー商品”によって受ける被害は、年間3兆円以上にのぼるとされています。

鑑定実績200万件以上、ブランド品などの真贋鑑定サービスを行うこちらの会社では…

「フェイクバスターズ」IVA　相原嘉夫 代表取締役CEO
「本日到着したスニーカーの鑑定の依頼に対して、データを抽出しているところです」

経験豊富な鑑定士と、本物・偽物の大量のデータを学習させたAIのダブルチェックで判別。

オンラインで完結する「画像鑑定」は1100円から、鑑定証明書が発行される「郵送鑑定」も行っています。

「フェイクバスターズ」IVA　相原嘉夫 代表取締役CEO
「年々偽造品も精巧になり、同時に流通量も増えてきている。負担なく鑑定結果を取得いただくため、極力安い金額で提供できるように」

例えば、人気ブランドのスニーカー。画面左側が「本物」、右側が「偽物」だといいますが、どこが違うのでしょうか？

「フェイクバスターズ」IVA　相原嘉夫 代表取締役CEO
「（本物は）ここにラメがあったり、偽物の方にはそのラメがなかったり」

デザインの黒い部分のラメの有無。さらに、縫い目やインソールの違いなども鑑定のポイント。

人の目とAIによる鑑定を組み合わせることで、高い精度で偽物を見抜くことができるといいます。

数多く出回る「コピー商品」。手にする前に見抜くためのサービスも…

報告
「時計やバッグを販売しているサイトを見たいと思います。『このサイトは安全ではない可能性があります』と出てきました」

こちらはパソコンやスマートフォン向けのセキュリティアプリ。

警察庁などから提供された、偽サイトに関する情報やAIによる検知などを組み合わせて、不審なサイトを警告してくれます。

「みやブル」BBSS　森尚久 取締役
「2025年度の（月）平均でいうと、1200万回くらい警告を発出」

ネット詐欺のうち8割以上を占めるとされる「偽の販売サイト」、手にする前の“見極め”が重要です。
TBSテレビ",[],[]
鹿児島・屋久島町付近で約120ミリの猛烈な雨「記録的短時間大雨」発表 喜界島220ミリなど平年9月ひと月分上回る 5日昼前にかけ線状降水帯のおそれ【西之表市から中継】（TBS NEWS DIG Powered by JNN）,https://news.yahoo.co.jp/articles/ef82ffb000ab10c4b3c949a3a32c6f322844cbce,https://newsatcl-pctr.c.yimg.jp/t/amd-img/20260904-07325066-jnn-000-2-thumb.jpg?exp=10800,2026-09-04T20:31:32+09:00,2026-09-04T20:33:21+09:00,TBS NEWS DIG Powered by JNN,jnn,TBS NEWS DIG Powered by JNN,127,"TBS NEWS DIG Powered by JNN
鹿児島県の屋久島町付近では先ほど、1時間におよそ120ミリの猛烈な雨が降り、気象庁は「記録的短時間大雨」の情報を発表しました。発達した雨雲がかかり続ける鹿児島県・西之表市から中継です。
TBSテレビ",[],[]
鹿児島県種子島・屋久島地方に「線状降水帯直前予測」　遅くとも3時間以内に発生のおそれ（TBS NEWS DIG Powered by JNN）,https://news.yahoo.co.jp/articles/d9c815b0ee1fd5e40b5d312f37c721010350d648,https://newsatcl-pctr.c.yimg.jp/t/amd-img/default.jpg?exp=10800,2026-09-04T20:27:49+09:00,2026-09-04T20:27:49+09:00,TBS NEWS DIG Powered by JNN,jnn,TBS NEWS DIG Powered by JNN,301,"きょう（4日）午後8時19分に「線状降水帯直前予測」の速報が、鹿児島県種子島・屋久島地方に発表されました。

この地域では、遅くとも3時間以内に線状降水帯が発生する可能性が高まっています。

「線状降水帯」にならなくても、災害につながるような非常に激しい雨が降ることが予想されています。

気象庁は「線状降水帯が発生してから屋外へ避難するのは危険だ」として、この段階で、速やかに適切な防災行動をとってほしいとしています。

自治体からの避難情報を確認してください。

また、いま自分のいる場所が浸水想定区域や土砂災害警戒区域など危険度の高い場所かどうかをハザードマップで確認してください。
TBSテレビ",[],[]
【激突の瞬間】突然バスの車内に人が飛び込む　いったい何が？驚きの理由　南米コロンビア（TBS NEWS DIG Powered by JNN）,https://news.yahoo.co.jp/articles/132a909678ef928d91dddf43e61a6a9ff2e2de0e,https://newsatcl-pctr.c.yimg.jp/t/amd-img/20260904-07325045-jnn-000-2-thumb.jpg?exp=10800,2026-09-04T20:11:34+09:00,2026-09-04T20:13:45+09:00,TBS NEWS DIG Powered by JNN,jnn,TBS NEWS DIG Powered by JNN,264,"TBS NEWS DIG Powered by JNN
南米・コロンビアのバス内で撮影された映像。すると…

「そこにいて、動かないで。何があった！?」

突然、開いていたバスのドアから人が飛び込んできました。一体、何が起きたのか、街の防犯カメラがその瞬間を捉えていました。

交差点を走行するバスに、猛スピードで走ってきたバイクが衝突！運転手だけがバスの中に突っ込んだのです。

目撃者
「信号を無視したんだ、赤だったのに」

バスから降りた男性は乗ってきたバイクを残したまま、その場を立ち去ったということです。
TBSテレビ",[],[]
「判断は市長にしていただきたい」 “核のごみ”最終処分場の文献調査　茨城・常陸大宮市議会で勉強会（TBS NEWS DIG Powered by JNN）,https://news.yahoo.co.jp/articles/693d21b7e175911e2a919d28253d2a7ee91cf295,https://newsatcl-pctr.c.yimg.jp/t/amd-img/20260904-07325068-jnn-000-2-view.jpg?exp=10800,2026-09-04T20:05:34+09:00,2026-09-04T21:24:49+09:00,TBS NEWS DIG Powered by JNN,jnn,TBS NEWS DIG Powered by JNN,559,"TBS NEWS DIG Powered by JNN
原子力発電所から出る、いわゆる“核のごみ”の最終処分場の選定にあたり、国から文献調査の申し入れがあった茨城県常陸大宮市できょう（4日）、市議会議員向けの勉強会が開かれました。議長は「判断は市長にしていただきたい」としています。

国は現在、原子力発電で生じる高レベル放射性廃棄物＝いわゆる“核のごみ”を地下に閉じ込める最終処分場の場所を選定していて、その候補のひとつとして、先月、常陸大宮市に文献調査を申し入れました。

文献調査はこれまでに4つの自治体で実施されていて、受け入れた自治体には最大で20億円の交付金が支給されます。

市議会ではきょう（4日）、議員協議会が非公開で開かれ、16人の市議全員が経産省の担当者などから説明を受けました。

議長によりますと、参加した市議からは意見が出なかったということで、9日に再度、議員協議会を開き、市議の意見を聞くとしています。

常陸大宮市議会　秋山信夫 議長
「皆さんの意見を聞いたなかで、それをそのまま市長にお渡しする。判断は市長にしていただきたいと」

鈴木定幸市長は文献調査の実施を「前向きに検討したい」と表明していて、早ければ今月18日までの定例会の会期中に結論を出す考えを示しています。
TBSテレビ",[],[]
【レベル4大雨危険警報】鹿児島県・屋久島町に発表 20:03時点（TBS NEWS DIG Powered by JNN）,https://news.yahoo.co.jp/articles/40fc2744c98cca2237485f92c2f8fd3a6cd4454e,https://newsatcl-pctr.c.yimg.jp/t/amd-img/20260904-22922716-jnn-000-1-view.jpg?exp=10800,2026-09-04T20:05:24+09:00,2026-09-04T20:05:24+09:00,TBS NEWS DIG Powered by JNN,jnn,TBS NEWS DIG Powered by JNN,476,"TBS NEWS DIG Powered by JNN
気象台は、4日午後8時03分に、レベル4大雨危険警報を屋久島町に発表しました。

種子島・屋久島地方では、低い土地の浸水や河川の増水に厳重に警戒してください。
【現在地の防災情報を確認】
【大雨警報（発表中）】
■鹿児島市
●レベル2大雨注意報

■鹿屋市
●レベル3大雨警報

■枕崎市
●レベル2大雨注意報

■指宿市
●レベル2大雨注意報

■西之表市
●レベル3大雨警報

■垂水市
●レベル2大雨注意報

■薩摩川内市
●レベル2大雨注意報

■霧島市
●レベル2大雨注意報

■南九州市
●レベル2大雨注意報

■姶良市
●レベル2大雨注意報

■さつま町
●レベル2大雨注意報

■大崎町
●レベル2大雨注意報

■東串良町
●レベル3大雨警報

■南大隅町
●レベル2大雨注意報

■肝付町
●レベル3大雨警報

■中種子町
●レベル3大雨警報

■南種子町
●レベル3大雨警報

■屋久島町
●レベル4大雨危険警報【発表】
TBS NEWS DIG Powered by JNN",[],[]
ループ台風×秋雨前線　長引く危険な大雨は日〜月曜がピーク?　九州南部に線状降水帯のおそれも【Nスタ解説】（TBS NEWS DIG Powered by JNN）,https://news.yahoo.co.jp/articles/152f3ff0089c3a65185e1c36ca7c7219d42311bd,https://newsatcl-pctr.c.yimg.jp/t/amd-img/20260904-22922640-jnn-000-1-thumb.jpg?exp=10800,2026-09-04T20:00:34+09:00,2026-09-04T20:00:34+09:00,TBS NEWS DIG Powered by JNN,jnn,TBS NEWS DIG Powered by JNN,1253,"TBS NEWS DIG Powered by JNN
「広い範囲」で、しかも「異例の長さ」で警戒が必要な今回の大雨。特に線状降水帯発生のおそれがある九州や四国などは、非常に激しい雨に警戒が必要です。今後の予報、最新情報をお伝えします。（2026年9月4日午後5時50分ごろ放送）
【台風24号の予想進路図】関東は7日が一番激しい雨?雨の予想も
■東日本から西日本の幅広いところで大雨のおそれ

森田正光 気象予報士:
4日午後5時30分時点の雨の様子を見ますと、九州の南〜南東部、紀伊半島などで雨雲が特に強く発達しています。

この後も基本的には大雨が降りやすい状況に変化はありません。

午後10時からを見ていきますと、全体的に帯状の雨雲が広がっており、一部で強くなって、さらにそれが定義を満たすと線状降水帯となります。したがって、東日本から西日本の幅広いところで大雨のおそれがあると考えた方がいいと思います。

■週明けまで降り続けるか　関東は月曜に注意

日比麻音子キャスター:
4日から週明け7日（月）まで、4日間降り続ける状況になりそうでしょうか。

森田 気象予報士:
天気図を見比べていきます。

4日の天気図を見ますと、台風24号と秋雨前線があり、秋雨前線の北側で特に大雨が降りやすいです。

5日（土）は、ほとんど変化がありません。

6日（日）は、台風・秋雨前線に変化はないのですが、2つの間を割り込むように、南から熱帯低気圧がやってきます。この熱帯低気圧が湿った空気を大量に持ち込みます。

そのため、7日（月）になると、再び秋雨前線の活動が活発になり、関東でも激しい雨のおそれが出てきます。

全国的に広い範囲、特に西日本で雨の影響が出そうです。

5日（土）の朝と夜を見ますと、朝は強くは降らないようなのですが、夜になると南の方からまた新しい雨雲が広がってきます。

6日（日）になると、朝には新しい雨雲が紀伊半島あたりにいて、夜になると関東の南部でも強い雨のところが増えてくるということになります。

7日（月）の午前9時の雨の様子を見ますと、関東付近に、徐々に南から雨雲が上がってきています。関東は7日が一番激しく降りそうです。
■全国的に24時間降水量200ミリを超える可能性

森田 気象予報士:
24時間降水量が200ミリになると、土砂崩れ・河川増水のおそれが高まります。

7日夕方までの24時間降水量を見ますと、200ミリを超えるところが多いです。

【24時間降水量（〜7日夕方まで）】
関東甲信:380ミリ
東海:320ミリ
近畿:400ミリ
四国:430ミリ
九州北部:330ミリ
九州南部:480ミリ
奄美:180ミリ

したがって、週明け8日（火）くらいまでは、東日本から西日本の太平洋側では大雨への警戒が高まることになります。

日比キャスター:
週末から週明けにかけて厳重な警戒をお願いします。
TBS NEWS DIG Powered by JNN",[],[]
国民年金「3号」縮小に向けた議論始まる　被保険者の実態調査も　厚生労働省（TBS NEWS DIG Powered by JNN）,https://news.yahoo.co.jp/articles/01bcdf5786b30908d67116a5d4d404a1dee5a327,https://newsatcl-pctr.c.yimg.jp/t/amd-img/20260904-07325067-jnn-000-2-view.jpg?exp=10800,2026-09-04T19:55:24+09:00,2026-09-04T20:03:33+09:00,TBS NEWS DIG Powered by JNN,jnn,TBS NEWS DIG Powered by JNN,410,"TBS NEWS DIG Powered by JNN
厚生労働省は、国民年金「第3号被保険者制度」の対象縮小に向けた議論を始めました。

国民年金の「第3号被保険者制度」は、会社員や公務員に扶養される年収130万円未満の配偶者が、保険料を払わずに基礎年金を受け取れる制度です。

「第3号被保険者制度」をめぐっては、共働き世帯が増加していることから負担の不公平さなどを指摘する声もあがっていて、今年7月に自民党と日本維新の会がとりまとめた社会保障改革の骨子では、制度の縮小に向けて検討を進める方針が盛り込まれました。

こうした状況を踏まえ、厚労省はきょう（4日）、「第3号被保険者制度」の対象縮小に向けた有識者による初めての検討会を開きました。

厚労省は第3号被保険者の実態を捉えるため、アンケート調査とヒアリング調査も行うとしていて、調査の結果も踏まえ、今年度中に制度の課題を整理するとしています。
TBSテレビ",[],[]
“ニセ警官”がビデオ通話 「違法薬物が入っている」と連絡しニセサイトに誘導　警視庁が注意喚起（TBS NEWS DIG Powered by JNN）,https://news.yahoo.co.jp/articles/239bc7eaee3714dc6cdd56dfc3606ad1506e0582,https://newsatcl-pctr.c.yimg.jp/t/amd-img/20260904-07325059-jnn-000-2-view.jpg?exp=10800,2026-09-04T19:48:39+09:00,2026-09-04T22:40:46+09:00,TBS NEWS DIG Powered by JNN,jnn,TBS NEWS DIG Powered by JNN,476,"TBS NEWS DIG Powered by JNN
“ニセ警察官”とのビデオ通話へとつながる警視庁の“ニセサイト”が新たに見つかったとして、警視庁が注意を呼びかけています。

警視庁によりますと、新たに見つかった警視庁のニセサイトでは、「『警視庁行政手続オンライン』サイト」と書かれた部分をクリックすると、ビデオ通話の画面に誘導されたということです。

今年8月下旬には、都内に住む女性（50代）のもとに、「中央郵便局」を名乗る男から「あなたの名前で荷物が送られていて、中に違法薬物が入っている」などと連絡があったうえで、中央警察署の警察官を名乗る男から警視庁のニセサイトを通じてビデオ通話に誘導されたケースもあったということです。

女性は4時間ほどビデオ通話をしましたが、その後、警視庁中央署に連絡をしたことで、ニセサイトを通じて“ニセ警察官”と通話していたことが発覚しました。

警視庁は「警視庁のHPに、オンライン相談のページやビデオ通話はできない」「正しい警視庁HPのURLかを確認してほしい」などと注意を呼びかけています。
TBSテレビ",[],[]
週明け関東で警報級大雨か　アンダーパスでの車の水没被害を防ぐ「エアー遮断機」とは【Nスタ解説】（TBS NEWS DIG Powered by JNN）,https://news.yahoo.co.jp/articles/867d7dd2e4233cefce512d4c205bd290380cf5a2,https://newsatcl-pctr.c.yimg.jp/t/amd-img/20260904-22922518-jnn-000-1-thumb.jpg?exp=10800,2026-09-04T19:47:12+09:00,2026-09-04T19:47:12+09:00,TBS NEWS DIG Powered by JNN,jnn,TBS NEWS DIG Powered by JNN,2928,"TBS NEWS DIG Powered by JNN
日本列島で相次ぐ大雨災害。東北で記録的な大雨となった3日に続き、4日は台風と前線の影響で西日本で大雨に。週明けにかけて関東でも警報級の大雨の可能性があります。（2026年9月4日午後4時50分頃放送）
【7日（月曜）関東の雨の予想】関東で週明け災害が起きてもおかしくないような大雨か
■熱帯低気圧が北上　関東に影響か

日比麻音子キャスター:
今後の天気の様子はどうなのでしょうか。

森田正光 気象予報士:
4日夜（今夜）の「秋雨前線と台風24号の天気図」を見ると、気象関係者であれば秋雨前線の北側が大雨になっていることが分かります。

この後、週明けの7日（月曜）の朝の天気図を見ますと、台風24号は南の方に下がり、四国の南側の海上に熱帯低気圧が北上して来ます。

熱帯低気圧がやってくるということは、その周辺部に湿った空気が入るため、7日（月曜）は西日本より関東で大雨が降りやすくなるという予想です。

つまり、九州や西日本側のみを意識していると、予期せぬ地域で被害が出る可能性がある気圧配置になっています。

■週末〜週明けの3日間で降り続く?

日比キャスター:
気象庁が発表した「24時間降水量（予想）」によりますと、5日朝から3日間降り続く予想となっています。

【24時間降水量（予想）】※気象庁発表より
▼関東甲信
〜5日朝6時:80ミリ
〜6日（日）朝6時:100ミリ
〜7日（月）朝6時:150ミリ

▼東海
〜5日朝6時:80ミリ
〜6日（日）朝6時:120ミリ
〜7日（月）朝6時:200ミリ

▼近畿
〜5日朝6時:150ミリ
〜6日（日）朝6時:150ミリ
〜7日（月）朝6時:150ミリ

▼四国
〜5日朝6時:300ミリ
〜6日（日）朝6時:150ミリ
〜7日（月）朝6時:200ミリ

▼九州北部
〜5日朝6時:200ミリ
〜6日（日）朝6時:120ミリ
〜7日（月）朝6時:80ミリ

▼九州南部
〜5日朝6時:250ミリ
〜6日（日）朝6時:150ミリ
〜7日（月）朝6時:100ミリ

▼奄美
〜5日朝6時:200ミリ
〜6日（日）朝6時:120ミリ

▼沖縄
〜6日（日）朝6時:80ミリ
森田 気象予報士:
一般的には、1日に200ミリ降ると災害が起こるとされています。

関東甲信を見ますと、6日（日）から7日（月）にかけて降水量が増加しており、強く降る予想です。
また、今回の台風の動きはとても変です。南に下がったかと思うと、北に上がってくる。そのため、西日本では（1度弱くなったとしても）再び大雨になってきます。

気象関係者である我々も、台風がどこへ行くのか、実はあまり断定できていません。したがって、今どういう状況になっているのかの現況を、常に把握していただきたいと思います。

■災害が起きてもおかしくない?関東で週明け大雨の可能性

森田 気象予報士:
4日午後6時の雨の予想を見ますと、九州の南東側で大雨が降りやすい状況です。

5日（土）午後4時では、雨予想の位置が少し南下しております。

ところが時間を進めていくと、雨予想の位置は北上してきて、7日（月）には九州や四国などと共に、関東にも南の海上から熱帯低気圧の湿った雨雲が入ってくるため、雨が降りやすくなっています。

関東は7日（月）朝から激しく降り、災害が起きてもおかしくないような状況になります。

日比キャスター:
長く降り続く週末・週明けになってしまいそうですね。

「フォーサイト」元編集長 堤伸輔さん:
至る所で警戒しなければいけないということですが、これは「エルニーニョ現象」などが関係しているのでしょうか。

森田 気象予報士:
2026年はエルニーニョ現象の中でも大規模に起きているので、「スーパーエルニーニョ」と呼ばれています。それがおそらく関連していると思いますね。

■アンダーパス内の冠水から車を守る「エアー遮断機」

山内あゆキャスター:
毎週のように注意喚起をしているような気がします。特に最近は、浸水してしまった道路に車が入って動けなくなるということをお伝えしています。

日比キャスター:
まさに8月は千葉県で記録的な大雨となり、冠水で動けなくなった車が多くありました。
千葉市によりますと、市内にアンダーパスが14か所あるうち13か所で冠水。あわせて10台の車が水没し、国道16号のアンダーパスでは、車に乗っていた40代の男性が死亡しました。

冠水した一つのアンダーパス内のカメラが捉えた映像を見ると、午後6時には冠水の様子は見られず、路面は濡れていますが車がまだ通っていました。ところが、2時間後にはカメラ近くにまで冠水してしまっていました。

ただ、このアンダーパスを含め冠水した2か所では、車の水没被害はなかったそうです。

なぜ被害が起きなかったのか。
それには、アンダーパスに入る前に道路脇にある「エアー遮断機」という装置が、冠水被害を未然に防いでいたといいます。

「エアー遮断機」とは、道路脇にある箱が開き、その中から赤い袋のようなものがでてきます。だんだんふくらんでいき、約20秒で遮断機のような物が完成。車の進入を防ぐことができます。

▼エアー遮断機
・アンダーパスの一番低いところが15cm以上冠水することで自動で作動し、約20秒でふくらむ
→運転手の目線に近く、気づきやすい
・（空気でふくらむ）柔らかい材質のため車両を傷つけない
・LED内蔵で夜間でも視認しやすい

大雨の状況下で正しく作動するのか確認した実験では、▼1時間降水量200mm、▼何かにつかまらないと立てない風速30m/sに、耐えられたそうです。

森田 気象予報士:
被害者になることを考えがちですが、実はアンダーパスに入っていくことは、アンダーパス内で車が止まり、後続車の通行を妨げ、新たな危険を生み出してしまう可能性もあるわけです。

したがって、全体のことを考えて行動していただきたいといつも思います。

日比キャスター:
エアー遮断機の作動は15cmが目安になってはいますが、「行けるかもしれない」という過信が大きな事故に繋がりかねません。

「フォーサイト」元編集長 堤伸輔さん:
まずは自分の目で確認することが大事だと思います。
そのうえで、エアー遮断機はすごく効果があると思います。全国の自治体でも設置するところが増えてきていて、危険性のあるアンダーパスや、場所によっては土砂崩れの起こりそうな付近にも設置する動きが出てきています。

まずは、こういうものがあるということを知り、作動していたら決して入っていかないように、ドライバーの方たちは気をつけてほしいですね。
日比キャスター:
いつどこで降るか分からないので、平時からの備えが大事です。

==========
＜プロフィール＞
堤伸輔さん
国際情報誌「フォーサイト」元編集長
BS-TBS「報道1930」ニュース解説
TBS NEWS DIG Powered by JNN",[],[]
【速報】鹿児島県（奄美地方除く）に「記録的短時間大雨」　屋久島町付近で1時間に約120ミリの猛烈な雨　災害警戒  4日19:38時点（TBS NEWS DIG Powered by JNN）,https://news.yahoo.co.jp/articles/298a02afc7164887ad6d27567758c68b912f1ab7,https://newsatcl-pctr.c.yimg.jp/t/amd-img/20260904-22922691-jnn-000-1-view.jpg?exp=10800,2026-09-04T19:40:23+09:00,2026-09-04T19:40:23+09:00,TBS NEWS DIG Powered by JNN,jnn,TBS NEWS DIG Powered by JNN,828,"TBS NEWS DIG Powered by JNN
気象庁は、4日午後7時38分に「記録的短時間大雨」の速報を鹿児島県（奄美地方除く）へ発表しました。

午後7時30分までの1時間に、屋久島町付近で約120ミリの猛烈な雨が降ったことが、気象庁の雨量計観測、もしくは気象レーダー解析で分かりました。

【各地の雨量】

▼4日午後7時30分までの1時間雨量
・屋久島町付近　約120ミリ

これまでに降り続いた大雨で、災害発生の恐れが高まっています。
ただちに身の安全を確保してください。

＜避難について＞
特に崖や川の近くなど危険な場所にいる方は、地元市町村が避難情報を発表していないか確認し、状況に応じてただちに「立ち退き避難」や「屋内安全確保」など、適切な避難行動をとってください。

また、市町村が定めた避難場所などへ避難することがかえって危険な場合は、崖や沢から少しでも離れた頑丈な建物や、少しでも浸水しにくい高い場所に移動するなど、身の安全を確保してください。

避難する際は、特に土砂災害に対しては、自宅や今いる場所の外に出て、市町村が定めた近くの指定緊急避難場所や、安全な場所にある親戚や知り合いの家、ホテルなどへ行く「立ち退き避難」が原則です。

なお、洪水や高潮に対しては、ハザードマップなどを参考に、屋内で身の安全を確保できるかを確認したうえで、自らの判断で安全な上の方の階に移動するか、安全な上層階に留まる「屋内安全確保」も可能です。

＜「記録的短時間大雨」の速報とは?＞
「記録的短時間大雨」の速報は、その地域にとって数年に一度しか降らないような記録的な大雨が、短い時間のうちに観測された場合に発表されます。

地元の市町村がすでに「避難指示」を発表しているか、まもなく発表するような、災害発生の危険度が高まっている状況です。重大な災害から身を守る行動をお願いします。
TBS NEWS DIG Powered by JNN",[],[]
【レベル3大雨警報】鹿児島県・南種子町に発表 19:31時点（TBS NEWS DIG Powered by JNN）,https://news.yahoo.co.jp/articles/8a88cb29937a5c67006a51a68a4e1b9e5a51fe49,https://newsatcl-pctr.c.yimg.jp/t/amd-img/20260904-22922679-jnn-000-1-view.jpg?exp=10800,2026-09-04T19:32:14+09:00,2026-09-04T19:32:14+09:00,TBS NEWS DIG Powered by JNN,jnn,TBS NEWS DIG Powered by JNN,474,"TBS NEWS DIG Powered by JNN
気象台は、4日午後7時31分に、レベル3大雨警報を南種子町に発表しました。

大隅地方、種子島・屋久島地方では、低い土地の浸水や河川の増水に警戒してください。
【現在地の防災情報を確認】
【大雨警報（発表中）】
■鹿児島市
●レベル2大雨注意報

■鹿屋市
●レベル3大雨警報

■枕崎市
●レベル2大雨注意報

■指宿市
●レベル2大雨注意報

■西之表市
●レベル3大雨警報

■垂水市
●レベル2大雨注意報

■薩摩川内市
●レベル2大雨注意報

■霧島市
●レベル2大雨注意報

■南九州市
●レベル2大雨注意報

■姶良市
●レベル2大雨注意報

■さつま町
●レベル2大雨注意報

■大崎町
●レベル2大雨注意報

■東串良町
●レベル3大雨警報

■南大隅町
●レベル2大雨注意報

■肝付町
●レベル3大雨警報

■中種子町
●レベル3大雨警報

■南種子町
●レベル3大雨警報【発表】

■屋久島町
●レベル3大雨警報
TBS NEWS DIG Powered by JNN",[],[]
【レベル4土砂災害危険警報】鹿児島県・南種子町、屋久島町に発表 19:25時点（TBS NEWS DIG Powered by JNN）,https://news.yahoo.co.jp/articles/2b5c123ecf1393986f9fce6fa49defb477254d7e,https://newsatcl-pctr.c.yimg.jp/t/amd-img/20260904-22922645-jnn-000-1-view.jpg?exp=10800,2026-09-04T19:27:18+09:00,2026-09-04T19:27:18+09:00,TBS NEWS DIG Powered by JNN,jnn,TBS NEWS DIG Powered by JNN,680,"TBS NEWS DIG Powered by JNN
気象台は、4日午後7時25分に、レベル4土砂災害危険警報を南種子町、屋久島町に発表しました。
【現在地の防災情報を確認】
種子島・屋久島地方では、土砂災害に厳重に警戒してください。

【土砂災害警報（発表中）】
■鹿児島市
●レベル2土砂災害注意報

■鹿屋市
●レベル2土砂災害注意報

■枕崎市
●レベル2土砂災害注意報

■出水市
●レベル2土砂災害注意報

■指宿市
●レベル2土砂災害注意報

■西之表市
●レベル4土砂災害危険警報

■垂水市
●レベル2土砂災害注意報

■薩摩川内市
●レベル2土砂災害注意報

■日置市
●レベル2土砂災害注意報

■曽於市
●レベル2土砂災害注意報

■霧島市
●レベル2土砂災害注意報

■南さつま市
●レベル2土砂災害注意報

■志布志市
●レベル2土砂災害注意報

■南九州市
●レベル2土砂災害注意報

■姶良市
●レベル2土砂災害注意報

■三島村
●レベル2土砂災害注意報

■さつま町
●レベル2土砂災害注意報

■長島町
●レベル2土砂災害注意報

■大崎町
●レベル2土砂災害注意報

■東串良町
●レベル2土砂災害注意報

■錦江町
●レベル2土砂災害注意報

■南大隅町
●レベル2土砂災害注意報

■肝付町
●レベル2土砂災害注意報

■中種子町
●レベル4土砂災害危険警報

■南種子町
●レベル4土砂災害危険警報【発表】

■屋久島町
●レベル4土砂災害危険警報【発表】
TBS NEWS DIG Powered by JNN",[],[]
【レベル3大雨警報】鹿児島県・中種子町に発表 19:25時点（TBS NEWS DIG Powered by JNN）,https://news.yahoo.co.jp/articles/295641414deb4afd8025eb17edd5b4fabc9fc9a4,https://newsatcl-pctr.c.yimg.jp/t/amd-img/20260904-22922643-jnn-000-1-view.jpg?exp=10800,2026-09-04T19:27:18+09:00,2026-09-04T19:27:18+09:00,TBS NEWS DIG Powered by JNN,jnn,TBS NEWS DIG Powered by JNN,475,"TBS NEWS DIG Powered by JNN
気象台は、4日午後7時25分に、レベル3大雨警報を中種子町に発表しました。

大隅地方、種子島・屋久島地方では、低い土地の浸水や河川の増水に警戒してください。
【現在地の防災情報を確認】
【大雨警報（発表中）】
■鹿児島市
●レベル2大雨注意報

■鹿屋市
●レベル3大雨警報

■枕崎市
●レベル2大雨注意報

■指宿市
●レベル2大雨注意報

■西之表市
●レベル3大雨警報

■垂水市
●レベル2大雨注意報

■薩摩川内市
●レベル2大雨注意報

■霧島市
●レベル2大雨注意報

■南九州市
●レベル2大雨注意報

■姶良市
●レベル2大雨注意報

■さつま町
●レベル2大雨注意報

■大崎町
●レベル2大雨注意報

■東串良町
●レベル3大雨警報

■南大隅町
●レベル2大雨注意報

■肝付町
●レベル3大雨警報

■中種子町
●レベル3大雨警報【発表】

■南種子町
●レベル2大雨注意報

■屋久島町
●レベル3大雨警報
TBS NEWS DIG Powered by JNN",[],[]
【週末の天気】あすは九州南部、日曜日は西日本の太平洋側で大雨に警戒　6日夜以降は東海や関東で“警報級”のおそれも（TBS NEWS DIG Powered by JNN）,https://news.yahoo.co.jp/articles/f111c0a9e249749793f434b8205dae164fe55c35,https://newsatcl-pctr.c.yimg.jp/t/amd-img/20260904-22922509-jnn-000-2-thumb.jpg?exp=10800,2026-09-04T19:24:18+09:00,2026-09-04T19:32:14+09:00,TBS NEWS DIG Powered by JNN,jnn,TBS NEWS DIG Powered by JNN,989,"TBS NEWS DIG Powered by JNN
■台風と前線停滞で九州南部中心に大雨警戒

あす（土）は、本州の南の海上に前線が停滞します。台風24号も沖縄周辺に停滞することで台風周辺の湿った空気が前線に流れ込み、西日本の太平洋側を中心に雨が降るでしょう。
【降水と風の予想シミュレーション】4日（金）午後7時〜5日（土）午後11時まで 台風24号の予想進路図も
金曜日に比べると前線は南下傾向であるため、前線に対応する雨雲の帯は広い範囲で抜けていく見込みです。そのため午前中のうちにやむところが多いでしょう。

ただ、九州南部の宮崎や鹿児島は、土曜日も活発な雨雲がかかりやすい状況が続くでしょう。九州南部では、土曜日にかけても土砂災害に警戒してください。

■あす夕方にかけ予想される雨量は九州南部250ミリなど

また、夜にかけて再び前線が北上してくることで、夜になると四国や近畿の太平洋側も活発な雨雲がかかるところがある見込みです。

そのほかの太平洋側の地域も、前線の位置次第で活発な雨雲がかかる可能性があるため大雨への備えをお願いします。

【予想24時間降水量（〜あす夕方にかけて多いところで）】
九州南部:250ミリ
奄美地方:180ミリ
関東甲信:100ミリ

■あす5日の予想最高気温

あすの各地の予想最高気温は、
札幌　:25℃　釧路:22℃
青森　:25℃　盛岡:27℃
仙台　:28℃　新潟:27℃
長野　:28℃　金沢:29℃
名古屋:31℃　東京:26℃
大阪　:30℃　岡山:30℃
広島　:31℃　松江:30℃
高知　:30℃　福岡:31℃
鹿児島:30℃　那覇:31℃

■しばらく雨の日が続く見込み

この先もしばらく雨の日が続く見込みです。あす、あさってと日差しが期待できる北日本も、前線が北上するため、月曜日からは広い範囲で雨が降る見込みです。

西日本だけでなく、東海や関東でも、日曜日の夜から月曜日にかけては警報級の大雨となるおそれがあります。前線の位置次第で大雨となるエリアや時間が変わってくるため、最新の気象情報を適宜ご確認ください。

気温は、来週はじめごろは平年より高いところがある見込みです。東京都心も火曜日、水曜日ごろは最高気温が再び30℃となる予想です。
TBS NEWS DIG Powered by JNN",[],[]
バレー男子日本代表、オマーン戦のスタメン発表　石川祐希、髙橋藍、西田有志ら強力布陣で開幕戦白星狙う【アジア選手権】（TBS NEWS DIG Powered by JNN）,https://news.yahoo.co.jp/articles/c003664a2f295c7a1b102ca09b09f1e867b04048,https://newsatcl-pctr.c.yimg.jp/t/amd-img/20260904-22921071-jnn-000-1-view.jpg?exp=10800,2026-09-04T19:23:14+09:00,2026-09-04T19:23:14+09:00,TBS NEWS DIG Powered by JNN,jnn,TBS NEWS DIG Powered by JNN,335,"TBS NEWS DIG Powered by JNN
■バレーボール アジア選手権2026 男子予選ラウンド　日本ーオマーン（4日、福岡・北九州市）
【写真で見る】アジア選手権に挑む石川祐希ら14人
アジアNo.1を決める「アジア選手権2026」が開幕。優勝チームには、2028年ロサンゼルス五輪の出場権が与えられる重要な大会となる。開幕戦で日本代表はオマーンと対戦。初戦に臨むスターティングメンバーが発表された。

セッター:深津英臣（36）
アウトサイドヒッター:石川祐希（30）、髙橋藍（25）
オポジット:西田有志（26）
ミドルブロッカー:山内晶大（32）、小野寺太志（30）
リベロ:山本智大（31）
TBS NEWS DIG Powered by JNN",[],[]
【9月5日 関東の天気】5日のうちに大雨への備えを（TBS NEWS DIG Powered by JNN）,https://news.yahoo.co.jp/articles/b0fe6876eb2bb809ee65e89c020e84fa754bfcc2,https://newsatcl-pctr.c.yimg.jp/t/amd-img/20260904-07325055-jnn-000-2-thumb.jpg?exp=10800,2026-09-04T19:16:36+09:00,2026-09-04T19:18:41+09:00,TBS NEWS DIG Powered by JNN,jnn,TBS NEWS DIG Powered by JNN,136,"TBS NEWS DIG Powered by JNN
9月5日の関東の天気を日比麻音子キャスター、森田正光気象予報士がお伝えします。

・週明け 関東でも激しい雨に
・台風+熱低+前線 大雨長引く
・6日～7日 警報級の大雨に
・5日のうちに大雨への備えを
TBSテレビ",[],[]
「ポリタンクも溶けちゃって…心配」 連続放火の可能性も 東京・足立区で8月下旬から不審火が6件相次ぐ 住宅の外壁も燃え女性けが　警視庁（TBS NEWS DIG Powered by JNN）,https://news.yahoo.co.jp/articles/0ef155cf4b6932619f5fdab38a161bad7fb3237f,https://newsatcl-pctr.c.yimg.jp/t/amd-img/20260904-07325028-jnn-000-2-thumb.jpg?exp=10800,2026-09-04T19:15:39+09:00,2026-09-04T19:16:44+09:00,TBS NEWS DIG Powered by JNN,jnn,TBS NEWS DIG Powered by JNN,382,"TBS NEWS DIG Powered by JNN
東京・足立区で不審火が相次いでいて、警視庁が連続放火の可能性もあるとみて捜査しています。

警視庁などによりますと、午前5時すぎ、足立区中央本町で木造2階建て住宅の外壁などが燃える火事があり、住人の女性が軽いやけどをしました。

記者
「先ほどの住宅から120メートルほど離れたこちらの自動販売機ですが、燃えて溶けてしまっているのがわかります」

付近では先月24日以降、およそ2週間であわせて6件の不審火が相次いでいます。

被害に遭った人
「みんなこれ使っていないんですけど、物置じゃないけど、そういう感じでね。ポリタンクなんかも溶けちゃって。もう心配ですよね」

被害に遭った人
「明け方の3時ごろに火をつけられて。びっくりよ、もう」

警視庁は、連続放火の可能性も視野に捜査しています。
TBSテレビ",[],[]
臨時国会 10月上旬召集で調整　政府・与党 5日の週を軸に検討　“食料品の消費税減税”や“議員定数削減法案”が焦点　人事は「骨格維持」の見方（TBS NEWS DIG Powered by JNN）,https://news.yahoo.co.jp/articles/07aeb20afa97e8da7e2a0e790e151b0660305a0f,https://newsatcl-pctr.c.yimg.jp/t/amd-img/20260904-07325043-jnn-000-2-thumb.jpg?exp=10800,2026-09-04T19:10:33+09:00,2026-09-04T19:12:06+09:00,TBS NEWS DIG Powered by JNN,jnn,TBS NEWS DIG Powered by JNN,350,"TBS NEWS DIG Powered by JNN
政府・与党は、秋に予定される臨時国会を来月上旬に召集する方向で調整に入りました。

政権幹部によりますと、政府・与党は秋に予定される臨時国会を来月上旬に召集する方向で調整に入ったということです。来月5日の週の召集を軸に検討を進めています。

臨時国会では、食料品の消費税を来年4月から2年間1%に引き下げるための法案や、さきの特別国会で継続審議となった衆議院の議員定数削減法案の扱いが焦点となる見通しです。

また、早ければ再来週にもおこなわれる見通しの内閣改造・自民党役員人事ですが、高市総理の政権運営の要である麻生副総裁や鈴木幹事長、そして木原官房長官は続投が有力となっていて、政権の骨格は維持されるとの見方が強まっています。
TBSテレビ",[],[]
左腕にギプス【 Chara 】30年ぶり「スワロウテイル」〝涙を我慢して観た〟岩井俊二監督〝生きているとそれなりに色々ある〟（TBS NEWS DIG Powered by JNN）,https://news.yahoo.co.jp/articles/e10cf5b30881b73a1ab92b32f67d7fca8199a3ab,https://newsatcl-pctr.c.yimg.jp/t/amd-img/20260904-22922617-jnn-000-1-view.jpg?exp=10800,2026-09-04T19:09:16+09:00,2026-09-04T19:09:16+09:00,TBS NEWS DIG Powered by JNN,jnn,TBS NEWS DIG Powered by JNN,1528,"TBS NEWS DIG Powered by JNN
シンガーソングライターのCharaさんが9月4日、俳優の三上博史さん、伊藤歩さん、岩井俊二監督と共に映画『スワロウテイル 4Kリマスター』初日舞台挨拶に登壇しました。
【写真を見る】左腕にギプス【 Chara 】30年ぶり「スワロウテイル」〝涙を我慢して観た〟岩井俊二監督〝生きているとそれなりに色々ある〟
本作は、30年前の1996年に当時33歳の若手映像作家だった岩井監督が、中山美穂さん主演の映画『Love Letter』に続いて世に放った長編映画第2作。俳優の三上博史さんや、シンガーソングライターのCharaさんのほか、江口洋介さん、山口智子さん、桃井かおりさんら豪華出演陣による本作が、30年ぶりに岩井さん監督完全監修のもと、4Kリマスター＆Dolby Atmos化され、スクリーンに甦ります。

先日行われた関係者向けの試写会で、一緒に映画を鑑賞したという三上さん、Charaさん、伊藤さんの3人。「ヒオ・フェイホン」役の三上さんは、〝大げさでなく、撮影前の準備段階から命懸けだった。真正面から命を懸けてやってきた思いが蘇ってきて。「こんなすごい映画に出られていたんだ」って思って、そこから先の自分の過去（30年間）をすごく考えていた〟と、自身の俳優生活の原点ともいえる本作を観ていて〝ずっと涙が止まらなかった〟と明かしました。

当時、若干16歳で「アゲハ」を演じた伊藤さんは〝懐かしくもあり、新しくもあり。私の人生にとって、大きな影響を与えてくれた映画だなと思った瞬間〟と感想を述べました。

本作で「グリコ」役をつとめたCharaさんは伊藤さんと並んで映画を鑑賞したと告白。〝（伊藤）歩の隣で並んで観たんだけど、そんな三上さんが隅っこで号泣しているとは知らなかった（笑）〟と笑い、自身は〝大体の涙は我慢しなくていいって思ってるんだけど、ちょっと私は涙を我慢しようって感じて我慢して観てたかな〟と話しました。三上さんから「何でよ?（笑）」と問われると、〝それが私の性格（笑）。こんなにスピード感のある映画だったんだって（思った）。目まぐるしく変わっていく世界のなかで生きてたのね、私たちっていうのを（思い出した）〟と話しました。
本作の世界観から誕生した、Charaさんをボーカルに迎えたバンド「YEN TOWN BAND」が歌う、主題歌『Swallowtail Butterfly 〜あいのうた〜』やアルバム『MONTAGE』は30年前当時、大ヒットを記録。Charaさんは、〝音楽制作にも携わったので、本業というか、ミュージシャンとしてのパワーをすごくいただいた〟と、その後のシンガーソングライターとしての活動にも影響を与えた作品だったと感慨深げに話しました。

岩井監督が〝30年前、僕の無謀な冒険の旅に付き合ってもらうことになって、本当に3人には感謝している。30年ぶりにこの場所で集まって、みんな元気で再会して…〟と話し始めると、イベント当日、左腕をギプスで固定して登場したCharaさんを見て登壇者4人でクスクス笑い合う場面も。

Charaさんのギプス装着の理由は語られませんでしたが、三上さんは〝ギプスの人がいるよ（笑）〟とツッコミを入れると、監督は〝ギプスしている人がいたり、僕も目の手術やったり、歩もストレートネックでね…それなりに満身創痍な（笑）。生きているとそれなりに色々あるけど、3人と元気にここで会えたことを、誇りに思います〟と、3人へ感謝の思いを述べていました。

【担当:芸能情報ステーション】
TBS NEWS DIG Powered by JNN",[],[]
交際女性殺害 韓国籍の男に拘禁刑20年の判決 「別れ話に納得できずストーカー行為に及んだ」と殺意認定　首をナイフで刺し…初公判では否認（TBS NEWS DIG Powered by JNN）,https://news.yahoo.co.jp/articles/b891fd4726caf21613b20806bca536b03d0466ee,https://newsatcl-pctr.c.yimg.jp/t/amd-img/20260904-07325029-jnn-000-3-thumb.jpg?exp=10800,2026-09-04T19:07:55+09:00,2026-09-04T19:12:14+09:00,TBS NEWS DIG Powered by JNN,jnn,TBS NEWS DIG Powered by JNN,365,"TBS NEWS DIG Powered by JNN
東京・世田谷区で、交際していた女性をナイフで刺して殺害した罪などに問われている韓国籍の男に対し、東京地裁は拘禁刑20年の判決を言い渡しました。

韓国籍のパク・ヨンジュン被告（31）は、交際していたバン・ジウォンさん（当時40）にストーカー行為を繰り返したうえ、去年9月、世田谷区で、首をナイフで刺して殺害した罪に問われ、初公判で殺意を否認しています。

きょうの判決で、東京地裁はナイフが根元まで被害者の首に刺さっていたことなどから殺意を認定。

そのうえで、「別れ話に納得できず、ストーカー行為に及んだ」「自分の思い通りにならない被害者に対する負の感情を短期間で深めた末に、被害者を殺害した」として、パク被告に求刑通り、拘禁刑20年の判決を言い渡しました。
TBSテレビ",[],[]
【レベル4土砂災害危険警報】鹿児島県・中種子町に発表 19:06時点（TBS NEWS DIG Powered by JNN）,https://news.yahoo.co.jp/articles/e000764c7bd7cbdbb7e176aed3663afeeffa9387,https://newsatcl-pctr.c.yimg.jp/t/amd-img/20260904-22922616-jnn-000-1-view.jpg?exp=10800,2026-09-04T19:07:13+09:00,2026-09-04T19:07:13+09:00,TBS NEWS DIG Powered by JNN,jnn,TBS NEWS DIG Powered by JNN,669,"TBS NEWS DIG Powered by JNN
気象台は、4日午後7時06分に、レベル4土砂災害危険警報を中種子町に発表しました。
【現在地の防災情報を確認】
種子島・屋久島地方では、土砂災害に厳重に警戒してください。

【土砂災害警報（発表中）】
■鹿児島市
●レベル2土砂災害注意報

■鹿屋市
●レベル2土砂災害注意報

■枕崎市
●レベル2土砂災害注意報

■出水市
●レベル2土砂災害注意報

■指宿市
●レベル2土砂災害注意報

■西之表市
●レベル4土砂災害危険警報

■垂水市
●レベル2土砂災害注意報

■薩摩川内市
●レベル2土砂災害注意報

■日置市
●レベル2土砂災害注意報

■曽於市
●レベル2土砂災害注意報

■霧島市
●レベル2土砂災害注意報

■南さつま市
●レベル2土砂災害注意報

■志布志市
●レベル2土砂災害注意報

■南九州市
●レベル2土砂災害注意報

■姶良市
●レベル2土砂災害注意報

■三島村
●レベル2土砂災害注意報

■さつま町
●レベル2土砂災害注意報

■長島町
●レベル2土砂災害注意報

■大崎町
●レベル2土砂災害注意報

■東串良町
●レベル2土砂災害注意報

■錦江町
●レベル2土砂災害注意報

■南大隅町
●レベル2土砂災害注意報

■肝付町
●レベル2土砂災害注意報

■中種子町
●レベル4土砂災害危険警報【発表】

■南種子町
●レベル2土砂災害注意報

■屋久島町
●レベル2土砂災害注意報
TBS NEWS DIG Powered by JNN",[],[]
【第一子出産・長谷川ミラ】　「慣れない、（寝れない）生活がすでにスタート」子育て奮闘中 「本当に大変だけど、赤ちゃんはとてもとても愛おしい」（TBS NEWS DIG Powered by JNN）,https://news.yahoo.co.jp/articles/eb829f6b3537481f2ba668c61dd02cb9495f80cb,https://newsatcl-pctr.c.yimg.jp/t/amd-img/20260904-22921679-jnn-000-2-view.jpg?exp=10800,2026-09-04T19:00:33+09:00,2026-09-04T19:15:31+09:00,TBS NEWS DIG Powered by JNN,jnn,TBS NEWS DIG Powered by JNN,682,"TBS NEWS DIG Powered by JNN
タレント・モデルでラジオパーソナリティとしても活躍している長谷川ミラさんが4日、インスタグラムを更新。第一子を出産したことを報告しました。
【写真を見る】【第一子出産・長谷川ミラ】　「慣れない、（寝れない）生活がすでにスタート」子育て奮闘中 「本当に大変だけど、赤ちゃんはとてもとても愛おしい」
長谷川さんは「先ほどラジオでもお話しさせていただきましたが、先日、第一子を出産しました」と報告。「慣れない、（寝れない）生活がすでにスタートしておりますが、夫や母に支えられながら、母子共になんとか元気に奮闘しています」と、近況を伝え「本当に大変だけど、赤ちゃんはとてもとても愛おしいです」と、我が子との生活をスタートしていることを明かしました。

続けて「この経験を経て、これまでとはまた違った視点で、世の中のお母さんたちのすごさを感じるようになりました」と、出産を通して新たな気づきがあったことを語りつつ「改めて、すべてのお母さんたちに尊敬の気持ちでいっぱいです」「本当に出産ってすごかった…」と、今の心境を記しています。

そして長谷川さんは、「お休みをいただいている活動についても、落ち着いたタイミングで少しずつ再開できればと考えています」と今後についても綴り、「仕事もプライベートも、一つずつの出来事に丁寧に向き合いながら、この新しい生活を家族みんなで楽しんでいきたいです」「頑張るぞー!」と決意表明をしています。

【担当:芸能情報ステーション】
TBS NEWS DIG Powered by JNN",[],[]
「物を買い取ってもらうだけ」と聞いたのに　闇バイトに応募で金メッキを18金だと販売　全国で相次ぐ　警視庁が注意喚起（TBS NEWS DIG Powered by JNN）,https://news.yahoo.co.jp/articles/59b89d1cfce15a935b0b51159270baa5fbac0b06,https://newsatcl-pctr.c.yimg.jp/t/amd-img/20260904-07325049-jnn-000-4-view.jpg?exp=10800,2026-09-04T18:59:59+09:00,2026-09-04T22:28:17+09:00,TBS NEWS DIG Powered by JNN,jnn,TBS NEWS DIG Powered by JNN,588,"TBS NEWS DIG Powered by JNN
「買取店で物を買い取ってもらうだけ」などと説明されたものの、実際には金メッキが塗られたネックレスを、18金として買取店に売却する“闇バイト”だったケースが全国で相次いでいるとして、警視庁が注意を呼びかけています。

警視庁によりますと、ことし6月から8月にかけ、こうしたケースが東京都や兵庫県など1都7県で発生しました。

このうち、東京都内に住む60代の男性は、SNSを通じて、「買取店で物を買い取ってもらうだけのバイトです」などという趣旨の説明をされ、アルバイトに応募。その後、「さとう」と名乗る人物から、金メッキが塗られたネックレスを18金のネックレスだとして受け取ったうえで、質店や中古品買取店に売却し、受け取った金を渡すよう指示されたということです。

買取店が男性から受け取ったネックレスを調べたところ、18金ではなく金と比重が似ている金属「タンタル」だということが分かり男性に連絡。不審に思った男性が警視庁に相談し、“闇バイト”に加担していたことが発覚したということです。

警視庁は、質店や中古品買取店に対し、「『比重測定』や『成分検査』を活用してほしい」などと注意を呼びかけると共に、市民には、「たとえ脅されても、すぐに警察相談ダイヤルなどに相談してほしい」などと注意を呼びかけています。
TBSテレビ",[],[]
コメ平均価格 3週連続の値下がり 5キロあたり3112円に 在庫積み上がりで安売り加速か 最高値の年末年始より約1300円安く（TBS NEWS DIG Powered by JNN）,https://news.yahoo.co.jp/articles/e72b2e716eff99ca6408f5a240cfb6046c58eda5,https://newsatcl-pctr.c.yimg.jp/t/amd-img/20260904-07325024-jnn-000-3-thumb.jpg?exp=10800,2026-09-04T18:58:38+09:00,2026-09-04T19:19:31+09:00,TBS NEWS DIG Powered by JNN,jnn,TBS NEWS DIG Powered by JNN,379,"TBS NEWS DIG Powered by JNN
コメの平均価格が5キロあたり3112円となり、3週連続で値下がりしました。

農林水産省によりますと、先月24日から30日までに全国のスーパーで販売されたコメの平均価格は5キロあたり3112円でした。3週連続の値下がりで、最高値をつけた年末年始より1300円ほど安い水準です。

去年穫れたコメの在庫を民間の業者が多く抱えていて、新米が本格的に流通する前に安く売ろうとする動きが引き続き強いことが原因とみられます。

また、この民間の在庫量について、農水省は来年6月末時点で最大283万トンになる可能性があると明らかにしました。これは適正とされる180万から200万トンを大きく上回る水準です。

価格の下落に拍車がかかる可能性もあり、政府が進める備蓄米買戻しなどの動向が焦点となります。
TBSテレビ",[],[]
【 時東ぁみ 】「苦手な胸トレ」を頑張る様子を披露　誕生月の9月も「磨き続けるぞー」（TBS NEWS DIG Powered by JNN）,https://news.yahoo.co.jp/articles/5fa9b2f6b12937d08f1eba5df0ec174a0576c435,https://newsatcl-pctr.c.yimg.jp/t/amd-img/20260904-22922384-jnn-000-1-view.jpg?exp=10800,2026-09-04T18:57:16+09:00,2026-09-04T18:57:16+09:00,TBS NEWS DIG Powered by JNN,jnn,TBS NEWS DIG Powered by JNN,578,"TBS NEWS DIG Powered by JNN
タレントの時東ぁみさんが、自身のインスタグラムを更新。自分磨きをする様子を公開しました。
【写真を見る】【 時東ぁみ 】「苦手な胸トレ」を頑張る様子を披露　誕生月の9月も「磨き続けるぞー」
時東さんは、自身のSNSで9月2日に「9月は誕生月」と報告。今月25日に39歳の誕生日を迎える時東さんは、「また一つ歳を重ねる準備をしてます!自分らしくナチュラルに!」とトレーニング前後の様子と思われる写真と共に投稿し、「磨き続けるぞー☆」と、自分磨きを続けている様子を投稿しています。

続けて、4日には、「いつまでたっても苦手な胸トレ」と、胸トレが苦手なことを明かしながら、トレーニングをしている動画を掲載。

投稿されている「重さじゃなくて、丁寧にトレーニングして着実に」という言葉の通り、動画では〝Bench press〟をテンポよく上げる様子や、〝Cable Crossover〟を行う様子を披露しています。

さらに時東さんは、「頑張ったら痛すぎてまっすぐ立てなくなったw」と胸に手を当てながら猫背気味に歩く姿も披露し、「しっかり筋肉痛で最高だぜっ」と筋トレが大好きな様子が見て取れるコメントを残しています。

【担当:芸能情報ステーション】
TBS NEWS DIG Powered by JNN",[],[]
“不法移民対策”イメージか　トランプ大統領 ゲームで「功績」アピール？ ホワイトハウスが公開　日本のメーカーを模したロゴも　中間選挙まで2か月（TBS NEWS DIG Powered by JNN）,https://news.yahoo.co.jp/articles/26ee78ef11cd96602f6f91dac17faff6fdff4178,https://newsatcl-pctr.c.yimg.jp/t/amd-img/20260904-07324990-jnn-000-2-thumb.jpg?exp=10800,2026-09-04T18:50:48+09:00,2026-09-04T18:54:10+09:00,TBS NEWS DIG Powered by JNN,jnn,TBS NEWS DIG Powered by JNN,959,"TBS NEWS DIG Powered by JNN
アメリカ・トランプ政権の行方を左右する「中間選挙」まで2か月。ホワイトハウスはトランプ氏の政策をアピールするようなオンラインゲームを公開しました。

どこかで見たことがあるようなロゴ。日本のゲームメーカーを模した「MAGA」とは…

「MAKE AMERICA GREAT AGAIN」

アメリカ、ホワイトハウスは3日、SNSでこのロゴとともに、公式ホームページ上にオンラインゲームを集めた「ホワイトハウス・アーケード」を開設したことを明らかにしました。

ゲームは全部で5種類。トランプ政権の政策をアピールするような内容が目立ちます。

例えば…

記者
「これは『ビルド・ザ・ウォール』＝『壁を築け』というゲームですが、始めてみますと、日本でもおなじみの“あのゲーム”にしか見えません」

ただ、あのゲームとは異なり、ブロックは消すことができず、積み上げるだけ。壁を作って侵入者を防ぐという内容です。

トランプ大統領
「わが国史上最大の強制送還を行う」

トランプ政権の看板政策＝“不法移民対策”で国境沿いに築いた壁をイメージしたとみられます。

ゲームでは失敗すると「国境を突破された」との表示が。

こちらは国境をパトロールして不法移民を捕まえるゲーム。舞台となっているのは、メキシコとの国境沿いを流れるリオグランデ川で、実際にトランプ政権下で多数の越境者が国境警備隊に拘束されました。

ほかにも…

トランプ大統領
「今、MAHAが熱いんだ」

「MAHA」＝「アメリカを再び健康に」の政策にちなんだ不健康な食品を取り除くゲームや、子ども向けの資産運用制度「トランプ口座」をテーマにしたものまで。

ゲームの公開について、ホワイトハウスの報道担当者は…

ホワイトハウス報道担当者
「トランプ政権は革新的な方法で、大統領の功績を全てのアメリカ国民の心に響く形で伝えることに全力を注いでいる」

一方、アメリカメディアは「ソーシャルメディアでのホワイトハウスの存在感を高め、トランプ大統領の動向を若い世代に届けるための取り組みだ」などと分析。

中間選挙を前に、物価高やイラン情勢などの問題から国民の目をそらす狙いもあるとみられます。
TBSテレビ",[],[]
アジア大会代表の村佐達也、フリーリレーで男子100m自由形の日本新記録樹立 !「止まっている暇はない」【競泳・インカレ】（TBS NEWS DIG Powered by JNN）,https://news.yahoo.co.jp/articles/384d153e637f8b5acd414a7e34dcb6851bc1144c,https://newsatcl-pctr.c.yimg.jp/t/amd-img/20260904-22922546-jnn-000-3-view.jpg?exp=10800,2026-09-04T18:38:12+09:00,2026-09-04T19:03:17+09:00,TBS NEWS DIG Powered by JNN,jnn,TBS NEWS DIG Powered by JNN,810,"TBS NEWS DIG Powered by JNN
■第102回 日本学生選手権水泳競技大会　第2日（4日、大阪・門真市）

競泳の大学ナンバーワン決定戦『インカレ』2日目。男子4×100mフリーリレー決勝に出場した村佐達也（19、中央大学）。中央大の第1泳者を務め、100mを47秒83で泳ぎ、2023年4月に、松元克央がマークした47秒85の日本記録を0秒02更新する日本新記録を樹立した。中央大は第2泳者の江森凰英、第3泳者の光永翔音、アンカーの松村駿佑とつなぎ、3分14秒83の大会新記録で優勝した。
【代表一覧】競泳・アジア大会代表一覧　女子史上初の6冠達成の池江璃花子、日本新の17歳・大橋信ら
村佐は、日本記録を更新した理由について「本当に後半の気持ちですかね。前半はすごく落ち着いていけてたんで、やっぱり隣で泳ぐ選手とかもいたからこそのタイムだと思います」と話し、「個人でも100mは戦っていかけないといけないですし、昨日出したタイムをまた超えられたっていうのは自分の成長かなと思いますし、これから先に行くに連れて、止まっている暇はないかなっていう風に思っています」と、先を見据えた。

約2週間後に迫ったアジア大会愛知・名古屋の競泳日本代表にも選ばれている村佐。大舞台へ弾みをつける結果を残した。村佐は2024年、パリオリンピック競泳日本代表に最年少で選出され、男子4×200mフリーリレーで7位入賞を果たす。2025年の第100回日本選手権200m自由形を高校新記録で制すると、同年の世界水泳選手権（シンガポール）200m自由形では1分44秒54の日本新記録を樹立し、銅メダルを獲得した。約2時間前に行われた男子200m自由形でも2年連続となる大会新記録をマークし優勝していた。

※4×100mリレーは第1泳者のみ個人記録として認定される
TBS NEWS DIG Powered by JNN",[],[]
【レベル3大雨警報】鹿児島県・西之表市、屋久島町に発表 18:36時点（TBS NEWS DIG Powered by JNN）,https://news.yahoo.co.jp/articles/706b33cba0b57317ee82008006727dbf656e3508,https://newsatcl-pctr.c.yimg.jp/t/amd-img/20260904-22922552-jnn-000-1-view.jpg?exp=10800,2026-09-04T18:38:12+09:00,2026-09-04T18:38:12+09:00,TBS NEWS DIG Powered by JNN,jnn,TBS NEWS DIG Powered by JNN,467,"TBS NEWS DIG Powered by JNN
気象台は、4日午後6時36分に、レベル3大雨警報を西之表市、屋久島町に発表しました。
【現在地の防災情報を確認】
大隅地方、種子島・屋久島地方では、低い土地の浸水や河川の増水に警戒してください。

【大雨警報（発表中）】
■鹿児島市
●レベル2大雨注意報

■鹿屋市
●レベル3大雨警報

■枕崎市
●レベル2大雨注意報

■指宿市
●レベル2大雨注意報

■西之表市
●レベル3大雨警報【発表】

■垂水市
●レベル2大雨注意報

■薩摩川内市
●レベル2大雨注意報

■霧島市
●レベル2大雨注意報

■南九州市
●レベル2大雨注意報

■姶良市
●レベル2大雨注意報

■さつま町
●レベル2大雨注意報

■大崎町
●レベル2大雨注意報

■東串良町
●レベル3大雨警報

■南大隅町
●レベル2大雨注意報

■肝付町
●レベル3大雨警報

■中種子町
●レベル2大雨注意報

■屋久島町
●レベル3大雨警報【発表】
TBS NEWS DIG Powered by JNN",[],[]
【レベル4土砂災害危険警報】鹿児島県・西之表市に発表 18:36時点（TBS NEWS DIG Powered by JNN）,https://news.yahoo.co.jp/articles/e1a2b5217a9558e6bd20fe76288f78b80c46a063,https://newsatcl-pctr.c.yimg.jp/t/amd-img/20260904-22922550-jnn-000-1-view.jpg?exp=10800,2026-09-04T18:38:12+09:00,2026-09-04T18:38:12+09:00,TBS NEWS DIG Powered by JNN,jnn,TBS NEWS DIG Powered by JNN,667,"TBS NEWS DIG Powered by JNN
気象台は、4日午後6時36分に、レベル4土砂災害危険警報を西之表市に発表しました。
【現在地の防災情報を確認】
種子島・屋久島地方では、土砂災害に厳重に警戒してください。

【土砂災害警報（発表中）】
■鹿児島市
●レベル2土砂災害注意報

■鹿屋市
●レベル2土砂災害注意報

■枕崎市
●レベル2土砂災害注意報

■出水市
●レベル2土砂災害注意報

■指宿市
●レベル2土砂災害注意報

■西之表市
●レベル4土砂災害危険警報【発表】

■垂水市
●レベル2土砂災害注意報

■薩摩川内市
●レベル2土砂災害注意報

■日置市
●レベル2土砂災害注意報

■曽於市
●レベル2土砂災害注意報

■霧島市
●レベル2土砂災害注意報

■南さつま市
●レベル2土砂災害注意報

■志布志市
●レベル2土砂災害注意報

■南九州市
●レベル2土砂災害注意報

■姶良市
●レベル2土砂災害注意報

■三島村
●レベル2土砂災害注意報

■さつま町
●レベル2土砂災害注意報

■長島町
●レベル2土砂災害注意報

■大崎町
●レベル2土砂災害注意報

■東串良町
●レベル2土砂災害注意報

■錦江町
●レベル2土砂災害注意報

■南大隅町
●レベル2土砂災害注意報

■肝付町
●レベル2土砂災害注意報

■中種子町
●レベル3土砂災害警報

■南種子町
●レベル2土砂災害注意報

■屋久島町
●レベル2土砂災害注意報
TBS NEWS DIG Powered by JNN",[],[]
【 橋幸夫さん一周忌 】「夫は本当に幸せだった」命日に妻・真由美が語る『二代目橋幸夫yH2』に夫の思いを伝え継ぐ決意（TBS NEWS DIG Powered by JNN）,https://news.yahoo.co.jp/articles/67b46d94caa56b7829c5cfa42cce868f21364c0f,https://newsatcl-pctr.c.yimg.jp/t/amd-img/20260904-22922532-jnn-000-1-view.jpg?exp=10800,2026-09-04T18:37:14+09:00,2026-09-04T18:37:14+09:00,TBS NEWS DIG Powered by JNN,jnn,TBS NEWS DIG Powered by JNN,1079,"TBS NEWS DIG Powered by JNN
昨年9月4日に亡くなった歌手の橋幸夫さんを偲び、所属していた夢グループ主催の「橋 幸夫さん 一周忌特別公演」が東京・町田市民ホールで行われました。
【写真を見る】【 橋幸夫さん一周忌 】「夫は本当に幸せだった」命日に妻・真由美が語る『二代目橋幸夫yH2』に夫の思いを伝え継ぐ決意
ほぼ満席の状態で開催された今回の公演。第一部では、2023年5月に開催された「橋幸夫引退公演」の映像が上映され、『潮来笠』や『いつでも夢を』をはじめとする名曲の数々を歌唱する生前の橋さんを多くの人が懐かしみました。また後半の第二部では、「夢グループ」の石田重廣社長や橋さんの妻・真由美さんをはじめとする生前ゆかりのあった関係者が登壇し、橋さんとの思い出を語りました。

メディアを交えたステージに立つのは今回が初めてとなった妻の真由美さん。囲み取材では〝今日がこのような場所で迎えられたこと、とても幸せなことだと思っています。たくさんの皆さんにお越しいただいて、橋は本当に幸せだったんじゃないかなと〟と感謝を語りました。

今回の公演で、橋さんが生前に来ていた衣装のジャケットを着て登壇した真由美さん。〝橋の衣装を仕立て直しさせていただきまして、着させていただくことで少しお力をいただきながらこの舞台に立たせていただいております〟と明かし、亡き橋さんへの尽きぬ思いを垣間見せました。

真由美さんは橋さんの歌を歌い継ぐために結成された「二代目橋幸夫yH2」の指導も行っており、グループの今後に関して〝（「二代目橋幸夫yH2」の）3人に橋が教え引き継いでいきたかったことが沢山あると思うんです。私ではできない事も沢山あると思うんですが、その中で私が知ってることを、これからも3人にお伝えしたいと思います。皆さんにご協力いただいて、どんどん橋の歌を歌っていただくということが、とても大事なことと思っています〟と語りました。

同じく囲み取材に登壇した「二代目橋幸夫yH2」のメンバー・小牧勇太さんは、生前の橋さんについて〝（橋さんが）「俺が今歌ってあげるからちょっと見ておきなさい」ということでステージでリハーサル時にその曲を歌っていただいた。素晴らしい方だなと思いました〟と当時の思い出を語り、続けて〝（橋さんの）素晴らしい曲がたくさんありますので、僕たち3人で今後とも歌い継いでいきたいと思います〟と、歌い続ける強い決意を語りました。
【担当:芸能情報ステーション】
TBS NEWS DIG Powered by JNN",[],[]
生存の決め手は？ ネパール大規模土石流 発生から9日…水力発電所で2人救出　土石流の速度は時速167kmに　難航する犠牲者の身元特定（TBS NEWS DIG Powered by JNN）,https://news.yahoo.co.jp/articles/52fa52c37b480424c9eda9dc38f6d8e5ef7074da,https://newsatcl-pctr.c.yimg.jp/t/amd-img/20260904-07325021-jnn-000-2-thumb.jpg?exp=10800,2026-09-04T18:36:17+09:00,2026-09-04T18:38:02+09:00,TBS NEWS DIG Powered by JNN,jnn,TBS NEWS DIG Powered by JNN,907,"TBS NEWS DIG Powered by JNN
ネパールと中国で起きた大規模な土石流。きょう、多数の作業員が閉じ込められている水力発電所から生存者が助け出されました。発生から9日が経っての救出です。

暗いトンネルのなか、ライトの先にうずくまる人影が。ネパール軍が公開したラスワ郡にある水力発電所での救助活動の様子です。

その後、男性は担架に乗せられ、土砂で埋もれて狭くなったトンネルから運び出されていきます。そして、2人の生存者が助け出され、歓声があがりました。

9日が経っての救出。生存の決め手は何だったのでしょうか。

取材に応じた電力公社の社員によりますと、救助された人たちは土石流の発生前、食料を持参して発電所での作業に入ったといい、閉じ込められてからはトンネルから漏れる水を飲み、渇きをしのいだということです。

さらに、まだ数人が内部に閉じ込められているといいます。

懸命の救助が続くなか、大規模な土石流の凄まじい規模も少しずつ見えてきました。

中国中央テレビが報じた土石流発生時の再現CG。ネパール環境学会の暫定報告書などによると、土石流の引き金となった氷河や岩盤の崩落でマグニチュード5.2の揺れに相当する衝撃が発生。

土石流が国境検問所を直撃したときの速度は時速167キロに達し、上流部では水位が平均で100メートル以上も上昇していたとみられています。

被災地では、道路や橋が流されてしまったため、住民たちが仮設のゴンドラに乗って川を渡っていました。いまだ孤立状態にある地域も多く、インフラの復旧にはかなりの時間がかかる見込みです。

増え続ける犠牲者の身元の特定も難航しています。

記者
「カトマンズの警察病院には、行方不明者の家族や親族がDNAサンプルを提供しに続々と訪れています」

遺体の損傷が激しく身元の確認が難しいことから、警察当局は遺体のDNAと照合するため、行方不明者の家族からDNAの提出を受け付けています。

こうしたなか、日本政府は国際緊急援助隊として、犠牲者の身元確認を支援する専門家チームをきょうからネパールに派遣するとしています。
TBSテレビ",[],[]
防衛省、イラン情勢の『戦い方』の分析結果を初公表　無人機活用と地の利の重要性を指摘（TBS NEWS DIG Powered by JNN）,https://news.yahoo.co.jp/articles/f8c2885d0e59b4b23a8f11c0ba40b2f4534f8f58,https://newsatcl-pctr.c.yimg.jp/t/amd-img/20260904-07325018-jnn-000-1-view.jpg?exp=10800,2026-09-04T18:31:47+09:00,2026-09-04T18:31:47+09:00,TBS NEWS DIG Powered by JNN,jnn,TBS NEWS DIG Powered by JNN,463,"TBS NEWS DIG Powered by JNN
防衛省は、緊迫するイラン情勢についての分析を初めて公表しました。

現在のイラン情勢について防衛省の分析では、アメリカとイスラエルによるAI＝人工知能や無人機、サイバー攻撃を複雑に組み合わせた『新しい戦い方』が繰り広げられている一方で、コスト面での課題についても指摘していて、安価な無人機による攻撃に対し、高価な迎撃ミサイルが大量に消費させられたケースがあったということです。

イラン側については、ホルムズ海峡の事実上の封鎖といった『地の利を活かした戦い方』が展開されているとして、「シーレーンの武器化は現実の脅威」、「山脈などの自然の防護壁を効果的に活用した」などと分析しています。

これらの分析内容を日本に当てはめた場合、▼より安価な無人機での対処の重要性や、▼四方を海で囲まれた日本でも「地の利を活かした戦い方が重要」と指摘しています。

防衛省はこうした分析結果について、政府が議論を進めている安全保障関連3文書の年内改定に役立てたい考えです。
TBSテレビ",[],[]
イオンタウンでガス漏れ　タンクの安全弁が“老朽化”か　従業員や客ら約70人が一時避難　千葉・市原市（TBS NEWS DIG Powered by JNN）,https://news.yahoo.co.jp/articles/6c733ae3102f9deacd36fccdd1f11db93d3b4fcf,https://newsatcl-pctr.c.yimg.jp/t/amd-img/20260904-07325030-jnn-000-2-thumb.jpg?exp=10800,2026-09-04T18:30:07+09:00,2026-09-04T18:34:12+09:00,TBS NEWS DIG Powered by JNN,jnn,TBS NEWS DIG Powered by JNN,462,"TBS NEWS DIG Powered by JNN
きょう午前、千葉県市原市の「イオンタウン」で屋外にあるタンクからLPガスが漏れ、従業員や客が一時避難するトラブルがありました。県によりますと、タンクの安全弁が老朽化していた可能性があるということです。

きょう午前9時すぎ、市原市の商業施設「イオンタウンたつみ台」で「建物の裏側にあるガスボンベからガスが噴出している」と従業員から119番通報がありました。

警察と消防によりますと、建物の裏側にあるタンクからLPガスが漏れ、従業員や客のあわせて70人ほどが避難しました。けが人や体調不良者はいないということです。

施設の前の道路を通行止めにしてガス会社や消防などが対応にあたっていましたが、午後2時半ごろ、ガス漏れが止まったことを確認したということです。

安全が確認されたため、午後5時から一部の店舗で営業が再開されています。

県によりますと、LPガスのタンクの安全弁が老朽化していた可能性があるということで、ガス会社が詳しい原因を調べています。
TBSテレビ",[],[]
福島県で最大震度1の地震　福島県・楢葉町（TBS NEWS DIG Powered by JNN）,https://news.yahoo.co.jp/articles/8d6a16ee13b210eedaaa6c64efd99142c273ad01,https://newsatcl-pctr.c.yimg.jp/t/amd-img/20260904-22922475-jnn-000-1-view.jpg?exp=10800,2026-09-04T18:28:14+09:00,2026-09-04T18:28:14+09:00,TBS NEWS DIG Powered by JNN,jnn,TBS NEWS DIG Powered by JNN,299,"TBS NEWS DIG Powered by JNN
4日午後6時23分ごろ、福島県で最大震度1を観測する地震がありました。

気象庁によりますと、震源地は福島県沖で、震源の深さはおよそ50km、地震の規模を示すマグニチュードは3.8と推定されます。
【詳細】各地の震度一覧・最新LIVE
この地震による津波の心配はありません。

最大震度1を観測したのは、福島県の楢葉町です。

【各地の震度詳細】

■震度1
□福島県
楢葉町

気象庁の発表に基づき、地域ごとに震度情報をお伝えしています。
新たな情報が発表され次第、情報を更新します。
TBS NEWS DIG Powered by JNN",[],[]
JR東日本　大雨により首都圏の各線に遅れの可能性　6日夜～7日にかけて（TBS NEWS DIG Powered by JNN）,https://news.yahoo.co.jp/articles/e83c679e4e4df13f86c398fe5af7df731d7efbe9,https://newsatcl-pctr.c.yimg.jp/t/amd-img/20260904-07325035-jnn-000-3-thumb.jpg?exp=10800,2026-09-04T18:19:10+09:00,2026-09-04T18:54:30+09:00,TBS NEWS DIG Powered by JNN,jnn,TBS NEWS DIG Powered by JNN,152,"TBS NEWS DIG Powered by JNN
JR東日本は、大雨予報に伴い6日夜間から7日にかけて、首都圏エリアの各線で行先変更や運休が発生する可能性があると発表しました。

JR東日本は、今後の気象情報や最新の運転状況に注意して、時間に余裕をもって出かけるよう呼び掛けています。
TBSテレビ",[],[]
【レベル3土砂災害警報】鹿児島県・中種子町に発表 18:14時点（TBS NEWS DIG Powered by JNN）,https://news.yahoo.co.jp/articles/f0aed8ec3abeebee3d05c2a114dade84467c4491,https://newsatcl-pctr.c.yimg.jp/t/amd-img/20260904-22922444-jnn-000-1-view.jpg?exp=10800,2026-09-04T18:15:34+09:00,2026-09-04T18:15:34+09:00,TBS NEWS DIG Powered by JNN,jnn,TBS NEWS DIG Powered by JNN,660,"TBS NEWS DIG Powered by JNN
気象台は、4日午後6時14分に、レベル3土砂災害警報を中種子町に発表しました。

種子島・屋久島地方では、土砂災害に警戒してください。
【現在地の防災情報を確認】
【土砂災害警報（発表中）】
■鹿児島市
●レベル2土砂災害注意報

■鹿屋市
●レベル2土砂災害注意報

■枕崎市
●レベル2土砂災害注意報

■出水市
●レベル2土砂災害注意報

■指宿市
●レベル2土砂災害注意報

■西之表市
●レベル3土砂災害警報

■垂水市
●レベル2土砂災害注意報

■薩摩川内市
●レベル2土砂災害注意報

■日置市
●レベル2土砂災害注意報

■曽於市
●レベル2土砂災害注意報

■霧島市
●レベル2土砂災害注意報

■南さつま市
●レベル2土砂災害注意報

■志布志市
●レベル2土砂災害注意報

■南九州市
●レベル2土砂災害注意報

■姶良市
●レベル2土砂災害注意報

■三島村
●レベル2土砂災害注意報

■さつま町
●レベル2土砂災害注意報

■長島町
●レベル2土砂災害注意報

■大崎町
●レベル2土砂災害注意報

■東串良町
●レベル2土砂災害注意報

■錦江町
●レベル2土砂災害注意報

■南大隅町
●レベル2土砂災害注意報

■肝付町
●レベル2土砂災害注意報

■中種子町
●レベル3土砂災害警報【発表】

■南種子町
●レベル2土砂災害注意報

■屋久島町
●レベル2土砂災害注意報
TBS NEWS DIG Powered by JNN",[],[]
【 結婚 】カトリーナ陽子＆グリ（ビックスモールン）〝「素敵な夫婦になりたいな」と思っております〟　ものまね歌手タレント＆ボディーアート芸人の夫婦誕生（TBS NEWS DIG Powered by JNN）,https://news.yahoo.co.jp/articles/e539eafd1fc00ace23435f2873f924c93804fa90,https://newsatcl-pctr.c.yimg.jp/t/amd-img/20260904-22922435-jnn-000-1-view.jpg?exp=10800,2026-09-04T18:12:18+09:00,2026-09-04T18:12:18+09:00,TBS NEWS DIG Powered by JNN,jnn,TBS NEWS DIG Powered by JNN,690,"TBS NEWS DIG Powered by JNN
山口百恵さん・あいみょんさんらのものまね歌唱で活躍するカトリーナ陽子さんと、「ボディーアート」という芸をメインに活躍する3人組「ビックスモールン」のグリさんが、結婚したことを連名で発表しました。
【写真を見る】【 結婚 】カトリーナ陽子＆グリ（ビックスモールン）〝「素敵な夫婦になりたいな」と思っております〟　ものまね歌手タレント＆ボディーアート芸人の夫婦誕生
今回は、直筆での連名が添えられた文書の接写をカトリーナ陽子さんのインスタグラムに投稿する形での結婚報告となりました。

▽▽▽▽　結婚報告　全文　▽▽▽▽

応援してくださっている皆様へ

この度、私たちビックスモールンのグリとカトリーナ陽子は結婚しましたことをご報告させて頂きます。

今後はより一層仕事に精進し、温かく笑顔あふれる「素敵な夫婦になりたいな」と思っております。

これからも温かく見守っていただけたら幸いです。

ビックスモールングリ　カトリーナ陽子

△△△△　全文　以上　△△△△

カトリーナ陽子さんは、山口百恵さん・松田聖子さん・中島みゆきさん・aikoさんなどから、あいみょんさん・Adoさんまで、昭和から平成を経て令和までの有名女性歌手のものまね歌唱で、多くのテレビ番組などに出演して活躍。

一方、グリさんは3人組「ビックスモールン」のメンバーとして、3人で身体を組み合わせて様々な形態を表現する「ボディーアート」という芸で活躍しています。

【担当:芸能情報ステーション】
TBS NEWS DIG Powered by JNN",[],[]
中国・福建省で浸水した住宅に取り残される住人も　“復活台風”の影響で豪雨（TBS NEWS DIG Powered by JNN）,https://news.yahoo.co.jp/articles/5a2062fd5bce23d584e228d9a5d058527f7b7925,https://newsatcl-pctr.c.yimg.jp/t/amd-img/20260904-07325027-jnn-000-1-view.jpg?exp=10800,2026-09-04T17:58:34+09:00,2026-09-04T17:58:34+09:00,TBS NEWS DIG Powered by JNN,jnn,TBS NEWS DIG Powered by JNN,360,"TBS NEWS DIG Powered by JNN
復活した台風18号による影響で、中国南部の福建省では浸水した住宅に住人が取り残され、行方不明者もでているということです。

複数の建物が倒壊するなど広範囲に被害が広がっています。その中には、1人の男性が倒れこむ姿が確認できます。

台風18号は、中国大陸に上陸したあと熱帯低気圧に変わりましたが、1日に再び台風となり、中国に再上陸。

中国メディアによりますと、この影響で、福建省では浸水した住宅に多くの住人が取り残され、少なくとも1人が行方不明となっているということです。

現地では、救助隊が取り残された住人の救助や避難活動を続けています。

台風18号は3日に熱帯低気圧となりましたが、中国当局が土砂崩れや土石流などへの警戒を呼びかけています。
TBSテレビ",[],[]
フィリピンのサラ・ドゥテルテ副大統領に逮捕状　マルコス大統領らの“暗殺”ほのめかし脅迫の疑い（TBS NEWS DIG Powered by JNN）,https://news.yahoo.co.jp/articles/fa6e0e5b9cceb36d365dc78f223fa37eec198aed,https://newsatcl-pctr.c.yimg.jp/t/amd-img/20260904-07325026-jnn-000-1-view.jpg?exp=10800,2026-09-04T17:58:18+09:00,2026-09-04T17:58:18+09:00,TBS NEWS DIG Powered by JNN,jnn,TBS NEWS DIG Powered by JNN,350,"TBS NEWS DIG Powered by JNN
フィリピンで公金の不正使用疑惑などで弾劾裁判にかけられているサラ・ドゥテルテ副大統領に対し、フィリピンの裁判所が逮捕状を発行したと現地メディアが報じました。

現地メディアによりますと、フィリピンの裁判所は4日、ドゥテルテ前大統領の長女で、現政権の副大統領を務めるサラ・ドゥテルテ氏の逮捕状を発行したということです。

サラ氏は2024年、マルコス大統領夫妻らに対し「殺し屋を雇った」などとして暗殺をほのめかして脅迫した疑いなどがあるということです。

サラ氏をめぐっては、公金の不正使用疑惑などをめぐり、フィリピン議会上院が弾劾裁判を行っていて、判決によっては、サラ氏が有力候補とされる次期大統領選挙への影響も指摘されています。
TBSテレビ",[],[]
【レベル3土砂災害警報】鹿児島県・西之表市に発表 17:47時点（TBS NEWS DIG Powered by JNN）,https://news.yahoo.co.jp/articles/3fc447651ae1dc55d3828e934a0e4a019b6fc739,https://newsatcl-pctr.c.yimg.jp/t/amd-img/20260904-22922379-jnn-000-1-view.jpg?exp=10800,2026-09-04T17:52:14+09:00,2026-09-04T17:52:14+09:00,TBS NEWS DIG Powered by JNN,jnn,TBS NEWS DIG Powered by JNN,661,"TBS NEWS DIG Powered by JNN
気象台は、4日午後5時47分に、レベル3土砂災害警報を西之表市に発表しました。

種子島・屋久島地方では、土砂災害に警戒してください。
【現在地の防災情報を確認】
【土砂災害警報（発表中）】
■鹿児島市
●レベル2土砂災害注意報

■鹿屋市
●レベル2土砂災害注意報

■枕崎市
●レベル2土砂災害注意報

■出水市
●レベル2土砂災害注意報

■指宿市
●レベル2土砂災害注意報

■西之表市
●レベル3土砂災害警報【発表】

■垂水市
●レベル2土砂災害注意報

■薩摩川内市
●レベル2土砂災害注意報

■日置市
●レベル2土砂災害注意報

■曽於市
●レベル2土砂災害注意報

■霧島市
●レベル2土砂災害注意報

■南さつま市
●レベル2土砂災害注意報

■志布志市
●レベル2土砂災害注意報

■南九州市
●レベル2土砂災害注意報

■姶良市
●レベル2土砂災害注意報

■三島村
●レベル2土砂災害注意報

■さつま町
●レベル2土砂災害注意報

■長島町
●レベル2土砂災害注意報

■大崎町
●レベル2土砂災害注意報

■東串良町
●レベル2土砂災害注意報

■錦江町
●レベル2土砂災害注意報

■南大隅町
●レベル2土砂災害注意報

■肝付町
●レベル2土砂災害注意報

■中種子町
●レベル2土砂災害注意報

■南種子町
●レベル2土砂災害注意報

■屋久島町
●レベル2土砂災害注意報
TBS NEWS DIG Powered by JNN",[],[]
「イグ・ノーベル賞」20年連続日本人受賞　“正しい鼻のかみ方”に医学賞　研究の発端は「習慣の違い」約50年前から動作を分析（TBS NEWS DIG Powered by JNN）,https://news.yahoo.co.jp/articles/a1180f07ee3869fbc201d749fc30b4552e982b4f,https://newsatcl-pctr.c.yimg.jp/t/amd-img/20260904-07324975-jnn-000-2-thumb.jpg?exp=10800,2026-09-04T17:41:11+09:00,2026-09-04T17:43:57+09:00,TBS NEWS DIG Powered by JNN,jnn,TBS NEWS DIG Powered by JNN,889,"TBS NEWS DIG Powered by JNN
ユーモアにあふれた研究に贈られる「イグ・ノーベル賞」。20年連続となる日本人の受賞を決めたのは、これまた一風変わった研究でした。

会場で一斉に鼻をかむ人たち。スイス・チューリッヒで3日、イグ・ノーベル賞の授賞式が行われました。

イグ・ノーベル賞といえば、これまでもウシにしま模様のコートを羽織らせると吸血昆虫が寄り付かなくなるといったユーモラスな研究に賞が贈られてきましたが、今年、受賞したのは「鼻のかみ方」の科学的な検証です。

この研究で医学賞を受賞したのは、旭川医科大学の故・海野徳二元教授。4年前に亡くなった海野さんのかわりにトロフィーを受け取った教え子は…。

旭川医科大学　高原幹 教授
「先生は鼻の生理学および、気流の研究における先駆者でした」

海野さんは、およそ50年前に鼻をかむ動作を空気力学的に計測し分析。「片側ずつかむと、効率よく気流を通過させることができる」など、“正しいかみ方”を導き出しました。

会場では、その功績を称えて、本家「ノーベル賞」の受賞者たちが鼻をかみました。

今回の研究の発端は、こんな疑問からでした。

「欧米人と日本人では、鼻のかみ方の習慣はかなり異なる。正しくかめているのか？」

記者
「世界中の人たちで鼻のかみ方に果たして違いはあるんでしょうか。ちなみに私は片側ずつ、かなり音を立ててかむタイプです」

世界中から観光客が集まるパリで、彼らに鼻のかみ方について聞いてみました。

ドイツ人（片方ずつ）
「片方やってから、もう片方」
南アフリカ人（両方同時）
「ティッシュを使って両方同時に、こんな風にかみます」

こんな文化の違いも…。

フランス人
「フランスでは鼻をすする音は不快に感じます。悪口を言うわけではないが、人前で鼻をすするのは汚く見える」

イグ・ノーベル賞での日本人の受賞は、これで20年連続の快挙。

化学賞には、日本の研究者らも参加したゴキブリが体内で子どもを育てるときに作るミルク状の栄養分についての研究が選ばれています。
TBSテレビ",[],[]
【広島4日スタメン】3位と4差...中村奨が昇格即1番レフト 大盛2番 クリーンナップはモンテロ 坂倉 菊池 佐々木6番 先発・森下 捕手は持丸（TBS NEWS DIG Powered by JNN）,https://news.yahoo.co.jp/articles/fdd2e6945a08eb0d1b81f439acef784e3137917f,https://newsatcl-pctr.c.yimg.jp/t/amd-img/20260904-00010004-jnn-000-1-view.jpg?exp=10800,2026-09-04T17:31:37+09:00,2026-09-04T17:31:37+09:00,TBS NEWS DIG Powered by JNN,jnn,TBS NEWS DIG Powered by JNN,1025,"広島・新井貴浩監督
■プロ野球　広島ー巨人　（4日　マツダスタジアム）

広島の今季118戦目となる巨人戦のスタメンが発表された。3日・中日戦は先発・栗林は3回に石川昂に9号2ランを浴び先制される。だが直後の4回に佐々木の適時二塁打、大盛が2死満塁から2点適時打を放ち逆転。7回には代走・辰見の二盗から坂倉の適時二塁打、佐々木の犠飛で2点を加える。栗林は7回6安打10奪三振2失点で6勝目。8回を高、9回を森浦が無失点でつないだ 。直近10試合は6勝4敗と一進一退の49勝64敗4分の借金15で5位。最下位・中日と2ゲーム差、4位・ヤクルトとは1ゲーム差、3位・DeNAとは4ゲーム差となっている。
中村奨成を出場登録、久保修を登録抹消。

辰見は今季26盗塁、代走で25盗塁目を決めており藤瀬史朗（近鉄）が79年にマークしたNPB記録となる代走でのシーズン最多盗塁記録に並んでいる。セ・リーグは岩田（ヤクルト）が34盗塁でトップ、浦田（巨人）が1差で追い辰見は3位につける。チーム68盗塁は巨人の89盗塁、ヤクルトの82盗塁に続いてリーグ3位。チームで辰見に次いで、大盛が12盗塁を決めている。
 
今季の巨人戦は6勝11敗、昨季は13勝11敗1分と勝ち越す。24年は9勝13敗3分と負け越したが、23年は17勝8敗と大きく勝ち越した。22年は12勝13敗、21年は12勝12敗1分と拮抗。

【広島】
1）中村奨　レフト
2）大盛　センター
3）モンテロ　ファースト
4）坂倉　サード
5）菊池　セカンド
6）佐々木　ライト
7）持丸　キャッチャー
8）勝田　ショート
9）森下　ピッチャー

先発・森下暢仁 今季19度目の登板、6勝9敗、防御率3.88。前回の8月23日・ヤクルト戦（マツダ）は6回5安打3失点（自責3）で負け投手。巨人戦は今季4度目、1勝2敗、防御率3.44。

【巨人】
1）浦田　セカンド
2）泉口　ショート
3）ダルベック　ファースト
4）大城　キャッチャー
5）石塚　サード
6）松本　レフト
7）佐々木　センター
8）中山　ライト
9）竹丸　ピッチャー

先発・竹丸和幸 今季19度目の登板、8勝9敗、防御率3.93。前回の8月15日・中日戦（バンテリンドーム）は3回を9安打ワーストタイ8失点（自責8）で負け投手、翌16日に登録抹消。広島戦は2度目、4月29日（東京ドーム）は6回6安打2失点（自責2）で勝ち投手。",[],[]
【巨人4日スタメン】1番浦田＆2番泉口 クリーンナップはダルベック 大城 石塚 6番松本レフト センター佐々木 8番中山 先発・竹丸（TBS NEWS DIG Powered by JNN）,https://news.yahoo.co.jp/articles/b13b7fb60665d6f44828f94b0152098d0def915e,https://newsatcl-pctr.c.yimg.jp/t/amd-img/20260904-00010003-jnn-000-1-view.jpg?exp=10800,2026-09-04T17:29:18+09:00,2026-09-04T17:29:18+09:00,TBS NEWS DIG Powered by JNN,jnn,TBS NEWS DIG Powered by JNN,1002,"巨人・橋上秀樹監督代行
■プロ野球　広島ー巨人　（4日　マツダスタジアム）

巨人の今季122戦目となる広島戦のスタメンが発表された。前日は移動日で試合なし。2日・DeNA戦は体調不良の井上に代わる先発・西舘が6回3安打10奪三振・無失点の快投を見せて降板。直後にDeNA先発・東から松本が適時打を放ち先制する。だが8回に田中瑛が2死から代打・筒香に同点適時打を許す。1ー1で迎えた10回、赤星が2死満塁から代打・宮下に決勝の適時打を浴びた。打線はわずか4安打1得点、直近5試合で8得点しか挙げていない。 64勝55敗2分の貯金9、首位・阪神と5ゲーム差となり阪神の優勝マジックは18。竹丸和幸を出場登録、赤星優志を登録抹消。

ダルベックは22本塁打で牧（DeNA）に並びリーグ3位、72打点は森下（阪神）に並びリーグ2位も158三振はリーグ最多、2位・細川（中日）の135三振を大きく上回る。浦田は33盗塁でリーグ2位、34盗塁の1位・岩田（ヤクルト）と盗塁王を激しく争う。マルティネスはリーグ1位・36セーブで通算250セーブまで残り2セーブ。

今季の広島戦は11勝6敗、昨季は11勝13敗1分で負け越す。24年は13勝9敗3分と勝ち越し、23年は8勝17敗と大きく負け越す。22年は13勝12敗、21年は12勝12敗1分と均衡していた。

【巨人】
1）浦田　セカンド
2）泉口　ショート
3）ダルベック　ファースト
4）大城　キャッチャー
5）石塚　サード
6）松本　レフト
7）佐々木　センター
8）中山　ライト
9）竹丸　ピッチャー

先発・竹丸和幸 今季19度目の登板、8勝9敗、防御率3.93。前回の8月15日・中日戦（バンテリンドーム）は3回を9安打ワーストタイ8失点（自責8）で負け投手、翌16日に登録抹消。広島戦は2度目、4月29日（東京ドーム）は6回6安打2失点（自責2）で勝ち投手。

【広島】
1）中村奨　レフト
2）大盛　センター
3）モンテロ　ファースト
4）坂倉　サード
5）菊池　セカンド
6）佐々木　ライト
7）持丸　キャッチャー
8）勝田　ショート
9）森下　ピッチャー

先発・森下暢仁 今季19度目の登板、6勝9敗、防御率3.88。前回の8月23日・ヤクルト戦（マツダ）は6回5安打3失点（自責3）で負け投手。巨人戦は今季4度目、1勝2敗、防御率3.44。",[],[]
大和ハウス 新築戸建て住宅事業再編 都市圏に営業機能集約　23道県から撤退（TBS NEWS DIG Powered by JNN）,https://news.yahoo.co.jp/articles/016c22e71e3960257bc4b8e60a71468d35cd1ec1,https://newsatcl-pctr.c.yimg.jp/t/amd-img/20260904-07324974-jnn-000-2-view.jpg?exp=10800,2026-09-04T17:28:51+09:00,2026-09-04T17:39:08+09:00,TBS NEWS DIG Powered by JNN,jnn,TBS NEWS DIG Powered by JNN,388,"TBS NEWS DIG Powered by JNN
大手住宅メーカーの大和ハウス工業が、新築戸建て住宅事業について23道県から撤退し、都市圏に営業機能を集約させることが分かりました。

大和ハウス工業は、新築戸建て住宅事業について、現在、山形県と沖縄県を除く45都道府県に営業拠点がありますが、23道県から撤退し、営業機能を都市圏に集中させることが分かりました。

撤退するエリアにおいては、▼注文住宅は今年9月末まで、▼分譲住宅は来年3月末までの営業を想定しているということです。

国内の住宅市場をめぐっては、人口減少や建築資材の高騰などを背景に着工戸数が減少傾向にあり、大和ハウス工業は需要が堅調な都市圏を中心に経営資源を集中させることで収益性を高めたい考えです。また、リフォームや仲介事業などの関連部門についても機能統合のために再編するとしています。
TBSテレビ",[],[]
【中日4日スタメン】負けると借金”20”...サノ―が復帰4番 細川 石川昂とクリーンナップ 福永1番＆村松2番 花田6番 岡林7番 先発・高橋宏 捕手は石伊（TBS NEWS DIG Powered by JNN）,https://news.yahoo.co.jp/articles/37c9ce60e513356779e195545de39015aa388a54,https://newsatcl-pctr.c.yimg.jp/t/amd-img/20260904-00010002-jnn-000-2-view.jpg?exp=10800,2026-09-04T17:27:15+09:00,2026-09-04T17:32:41+09:00,TBS NEWS DIG Powered by JNN,jnn,TBS NEWS DIG Powered by JNN,1018,"中日・井上一樹監督
■プロ野球　ヤクルト　（4日　神宮）

中日の今季125戦目となるヤクルト戦のスタメンが発表された。3日・広島戦は3回に石川昂の9号2ランで広島先発・栗林から先制点を奪うも、直後に先発・金丸が佐々木、大盛の適時打で3失点と逆転を許す。7回には2番手・橋本が2失点を喫し両リーグワーストの35度目逆転負け。金丸は6回5安打3失点、5四球と乱調でセ最多タイ10敗目（5勝）。これで自身5連敗となった。チームは52勝71敗1分けの借金19で5位・広島と2ゲーム差に広がり、4位・ヤクルトと3ゲーム差、3位・DeNAとは6ゲーム差となった。サノ―が3試合ぶりにスタメン復帰。

今季はホームでは36勝32敗の貯金「4」、ロードでは16勝39敗1分の借金「23」と極端な内弁慶ぶり。今季神宮では3勝4敗。チーム103本塁打は阪神の108本塁打に次いでリーグ2位、一方ヤクルトは70本塁打で最下位。チーム最多は細川のリーグ5位・21本塁打、次いでサノ―が20本塁打を放っている。またチーム先発防御率3.04は阪神の先発防御率2.74に次いでリーグ2位につけるも救援防御率3.76はリーグ・ワーストに沈む。

今季のヤクルト戦は6連勝中で13勝6敗と勝ち越しを決めている、7連勝となれば27年ぶり。昨季は12勝12敗1分のタイ、24年は12勝11敗2分と勝ち越したが23年は11勝14敗で負け越していた。

【中日】
1）福永　セカンド
2）村松　ショート
3）細川　レフト
4）サノー　ファースト
5）石川昂　サード
6）花田　ライト
7）岡林　センター
8）石伊　キャッチャー
9）髙橋宏ピッチャー

先発・高橋宏斗 今季16度目の登板、3勝7敗、防御率3.23。前回の8月28日・DeNA戦（横浜）は7回までノーヒット・ノーラン。だが8回、先頭・佐野に安打を許し指がつって降板し勝ち負けつかず。ヤクルト戦は今季6度目、3勝1敗、防御率2.45。

【ヤクルト】
1）長岡　ショート
2）西村　レフト
3）増田　ライト
4）オスナ　ファースト
5）古賀　キャッチャー
6）岩田　センター
7）内山　セカンド
8）武岡　サード
9）高梨　ピッチャー

先発・高梨裕稔 今季11度目の登板、5勝2敗、防御率2.73。右前腕の肉離れで戦線離脱、6月6日・日本ハム戦（神宮）以来の登板。中日戦は今季3度目、勝ち負けなく防御率2.38。",[],[]
シルバーウィークの新幹線予約 去年の約1.8倍に　「のぞみ」は初めて全席指定席　5連休ですでに満席多くJR各社は早めの予約呼びかけ（TBS NEWS DIG Powered by JNN）,https://news.yahoo.co.jp/articles/f54da31ebe527dcc5c6fcbe9dd98c9773304107e,https://newsatcl-pctr.c.yimg.jp/t/amd-img/20260904-07325016-jnn-000-2-thumb.jpg?exp=10800,2026-09-04T17:26:48+09:00,2026-09-04T17:28:41+09:00,TBS NEWS DIG Powered by JNN,jnn,TBS NEWS DIG Powered by JNN,393,"TBS NEWS DIG Powered by JNN
秋の連休、シルバーウィーク。今年は土日と祝日が続き5連休となり、新幹線の予約は、去年の1.8倍ほどに増えています。

JR各社はきょう、今月18日から23日までの新幹線の予約状況を発表しました。

今年のシルバーウィークは、土日と祝日が続き5連休で、新幹線の予約は去年の1.8倍ほどに増えています。

東海道新幹線では、19日と23日に過去最多となる1日491本の新幹線を運行。シルバーウィーク中の座席について「のぞみ」は、今年初めて全席が指定席となりました。

下りのピークとなる19日には、午前中に東京駅を出発する博多方面の列車で、すでに多くが満席となっています。

また、東北新幹線「はやぶさ」でも、19日に東京駅を出発する列車は、すでに一部で指定席が満席となっていて、JR各社は早めの予約を呼びかけています。
TBSテレビ",[],[]
【 嵐 】新作ドキュメンタリー映画・総監督を務める是枝裕和氏「5人と話し合いを重ねながら現在編集中です」状況を伝える（TBS NEWS DIG Powered by JNN）,https://news.yahoo.co.jp/articles/1581baf7cecda35e907855ec562d247ff210f973,https://newsatcl-pctr.c.yimg.jp/t/amd-img/20260904-22922177-jnn-000-1-view.jpg?exp=10800,2026-09-04T17:26:14+09:00,2026-09-04T17:26:14+09:00,TBS NEWS DIG Powered by JNN,jnn,TBS NEWS DIG Powered by JNN,870,"TBS NEWS DIG Powered by JNN
5月31日をもってグループ活動を終了した「嵐」の新作ドキュメンタリー映画が制作され、来たる12月に配信されることが分かりました。発表のあった3日、総監督を務める是枝裕和氏が状況を伝えました。
【写真を見る】【 嵐 】新作ドキュメンタリー映画・総監督を務める是枝裕和氏「5人と話し合いを重ねながら現在編集中です」状況を伝える
今回の新作ドキュメンタリー映画の作品名は『5 - 嵐という時間 -』。嵐の活動休止から約6年を経て開催された5大ドームツアーの裏側に密着し、「嵐としての活動の締めくくり」に向き合ったメンバー5人の姿を追ったものとされています。

華やかなステージの背後に息づいた「唯一無二の表現者としてのストイックな姿勢」「演出、音楽、ダンスの細部に至るまで一切の妥協を許さず突き詰める制作スタイル」「5人の強い絆が生み出す圧倒的なチームワーク」を、余すところなく捉えたとする今回の映画。

映画「万引き家族」で2018年・第71回カンヌ国際映画祭で最高賞パルムドールを、映画「怪物」で2023年・第76回カンヌ国際映画祭で脚本賞を受賞した映画監督の是枝裕和さんが総監督を務め、是枝さんが率いる映像製作集団「分福」の今中康平さんと砂田麻美さんがディレクターを務めています。

是枝さんは発表の場に〝この映画は2026年5月31日に活動を終了した国民的アイドルグループ「嵐」の姿を追った作品です。5人が「嵐」をどういうふうに捉え、どういうふうに幕を引いたのかが描かれています。今、嵐のメンバー5人と話し合いを重ねながら現在編集中です。ぜひ楽しみにしていてください〟とコメントを寄せました。

相葉雅紀さん・松本潤さん・二宮和也さん・大野智さん・櫻井翔さんの 5人からなる「嵐」の貴重な姿を収めた新作ドキュメンタリー映画『5 - 嵐という時間 -』は、今年12月15日に配信が開始されます。

【担当:芸能情報ステーション】
TBS NEWS DIG Powered by JNN",[],[]
【ヤクルト4日スタメン】1番長岡＆2番西村 クリーンナップは増田 オスナ 古賀 6番岩田 セカンド内山 サード武岡 サンタナベンチ 先発・高梨（TBS NEWS DIG Powered by JNN）,https://news.yahoo.co.jp/articles/988e5838680792390f033677c62a50a915bc3208,https://newsatcl-pctr.c.yimg.jp/t/amd-img/20260904-00010001-jnn-000-1-view.jpg?exp=10800,2026-09-04T17:25:41+09:00,2026-09-04T17:25:41+09:00,TBS NEWS DIG Powered by JNN,jnn,TBS NEWS DIG Powered by JNN,1005,"ヤクルト・池山隆寛監督
■プロ野球　ヤクルト－中日　（4日　神宮）

ヤクルトの今季121戦目となる中日戦のスタメンが発表された。3日・阪神戦は先発・増居が初回、佐藤、大山の連続適時打と前川の犠飛で立ち上がりに3失点。3回には2死から佐藤に33号ソロを被弾、5回には2番手・松本健が佐藤に2打席連発の34号2ランを許し4打点を献上。4－6の9回には大山の適時打で点差を広げられた。打線は赤羽が6号ソロと2本の適時打を放つ3打点を記録するなど4得点を奪ったが、反撃及ばず。増居は3回4失点でプロ初黒星（1勝）。 チームは53勝66敗1分の今季ワーストタイ借金13で4位。3位・DeNAと3ゲーム差に広がり、下の5位・広島とは1ゲーム差、最下位・中日と3ゲーム差となっている。増居翔太を登録抹消。

チーム70本塁打は広島の75本塁打よりも少なく両リーグ最少、8月も両リーグ最少12本塁打しか出なかった。岩田はリーグ単独トップの34盗塁、33盗塁でリーグ2位・浦田（巨人）と激しく盗塁王を争っている。またチーム防御率3.57はリーグワーストのまま、チーム68失策もリーグで最多。

今季の中日戦は6連敗中で6勝13敗で負け越しが決まっており、負けると27年ぶりの7連敗。昨季の中日戦は12勝12敗1分のタイ。24年は11勝12敗2分と負け越したが、23年は14勝11敗と勝ち越していた。

【ヤクルト】
1）長岡　ショート
2）西村　レフト
3）増田　ライト
4）オスナ　ファースト
5）古賀　キャッチャー
6）岩田　センター
7）内山　セカンド
8）武岡　サード
9）高梨　ピッチャー

先発・高梨裕稔 今季11度目の登板、5勝2敗、防御率2.73。右前腕の肉離れで戦線離脱、6月6日・日本ハム戦（神宮）以来の登板。中日戦は今季3度目、勝ち負けなく防御率2.38。

【中日】
1）福永　セカンド
2）村松　ショート
3）細川　レフト
4）サノー　ファースト
5）石川昂　サード
6）花田　ライト
7）岡林　センター
8）石伊　キャッチャー
9）髙橋宏　ピッチャー

先発・高橋宏斗 今季16度目の登板、3勝7敗、防御率3.23。前回の8月28日・DeNA戦（横浜）は7回までノーヒット・ノーラン。だが8回、先頭・佐野に安打を許し指がつって降板し勝ち負けつかず。ヤクルト戦は今季6度目、3勝1敗、防御率2.45。",[],[]
「我々は覆す」支持率最低水準のトランプ大統領が強気アピール　アメリカ中間選挙まで2か月　18年ぶりに野党優勢の激戦州も（TBS NEWS DIG Powered by JNN）,https://news.yahoo.co.jp/articles/126f953b8243e7b7a2251e79125d72b5e1a665cb,https://newsatcl-pctr.c.yimg.jp/t/amd-img/20260904-07324972-jnn-000-2-thumb.jpg?exp=10800,2026-09-04T17:24:21+09:00,2026-09-04T17:26:37+09:00,TBS NEWS DIG Powered by JNN,jnn,TBS NEWS DIG Powered by JNN,895,"TBS NEWS DIG Powered by JNN
トランプ政権の先行きを大きく左右するアメリカの中間選挙まで2か月です。与党・共和党が多数派を維持できるかが焦点ですが、イラン情勢や物価高が強い逆風になっています。

ホワイトハウスに与党・共和党の議員らを集めて夕食会を開いたトランプ大統領。11月3日に迫った中間選挙について…

アメリカ　トランプ大統領
「大きくリードされている候補も当選ラインへと導くが、特に接戦の候補は（私たちの後押しで）全員、当選させられるだろう」

自らが応援に入り、当選を後押しするとアピール。しかし、党の足を引っ張っているのはほかでもない、トランプ氏が行ってきた政策です。

2月に始めたイランとの戦闘は、今も終結の見通しが立っておらず、ガソリン価格の高騰を招きました。看板政策の関税も物価高につながり、支持率は過去最低の水準に落ち込んでいます。

アメリカ　トランプ大統領
「偉大な大統領であっても、中間選挙では敗れるものだ。しかし、我々はそれを覆す」

「政権への信任投票」とも言われる中間選挙。現在、連邦議会の上下両院とも共和党が多数派ですが、各種調査によりますと、下院選では野党・民主党がやや優勢。上院選は接戦の情勢です。

記者
「中間選挙、上院選の激戦州の一つ、ノースカロライナ州です。こちらでは現在、民主党が優勢に戦いを進めています」

南部・ノースカロライナ州は、長年、共和党が議席を独占してきました。しかし、今回、前の知事だった民主党候補のクーパー氏が上院選で優勢。民主党勝利となれば、実に18年ぶりです。

地元の人
「クーパー氏は共和党の乱暴な政策と戦いました」

地元の民主党幹部も手ごたえを感じています。

民主党 支部事務局長　キース・メイソンさん
「人々はトランプ政権に憤っていて、投票に意欲的です。戸別訪問でも、集会でも、感じられます」

上院か下院のいずれかでも民主党が多数派となれば、その後の2年間、トランプ氏は思うように政策を進められなくなります。

アメリカの有権者は、どんな審判を下すのでしょうか。
TBSテレビ",[],[]
長期金利が3％突破で「金利のある世界」へ　生命保険は貯蓄型保険で勝負　大手銀行は預金獲得へ活発な動き（TBS NEWS DIG Powered by JNN）,https://news.yahoo.co.jp/articles/7efccad0041ae6a0e22cc7ccf4ee576270c4cc3d,https://newsatcl-pctr.c.yimg.jp/t/amd-img/20260904-07324987-jnn-000-2-thumb.jpg?exp=10800,2026-09-04T17:13:46+09:00,2026-09-04T17:15:59+09:00,TBS NEWS DIG Powered by JNN,jnn,TBS NEWS DIG Powered by JNN,757,"TBS NEWS DIG Powered by JNN
日銀の利上げ観測で長期金利が3％を突破するなど、かつての「ゼロ金利」から「金利のある世界」への転換が、保険や銀行などの金融業界で鮮明になっています。

都内にある生命保険の窓口。

住友生命担当者
「利回りっていうところを見ていただいても非常に魅力的になっている」

担当者が提案していたのは貯蓄型の保険商品です。

「魅力的」とアピールする背景にあるのは、金利の上昇です。日銀は現在、政策金利を1％まで引き上げていますが、今後、利上げを加速するとの観測などから、長期金利も上昇し、今月、3％の大台を突破しました。

住友生命 都心総括部　湯野貴裕 部長代理
「利率が上がることによって将来の受け取り額が増えますので、魅力的に映るというところで提案しやすくなっている」

保険料を集め、国債などで運用する生命保険会社。金利の上昇で運用益が増えた分、契約者が受け取るお金を増やすことなどにより、より多くの契約を獲得するチャンスとみています。

金利の上昇を商機とみる動きは大手銀行でも…。

三菱UFJフィナンシャル・グループ　山本忠司 専務
「金利ある世界において、（預金などの）ストックを維持、拡大していくことが勝ち筋になる」

先月、三菱UFJフィナンシャル・グループは、相続の支援など、個人向けの新サービスを発表しました。相続の機会を新たな口座開設につなげ、預金を獲得することが狙いです。

金利が上がり始めたいま、銀行は「預金を集めて貸し、利ざやを得る」という銀行本来のビジネスで稼ぎやすくなるため、預金獲得に向けた動きが活発になっているのです。

「金利のある世界」の追い風をいかす金融各社の戦略。今後、ますます加速していきそうです。
TBSテレビ",[],[]
【2日で5円上昇】一時1ドル＝155円20銭台へ 急速に円高進む　日銀総裁らの利上げ示唆＆米財務長官の発言受けて円買い加速（TBS NEWS DIG Powered by JNN）,https://news.yahoo.co.jp/articles/e5331360d5548d79c15fb35bd8b31f3972b5cf3b,https://newsatcl-pctr.c.yimg.jp/t/amd-img/20260904-07324977-jnn-000-2-thumb.jpg?exp=10800,2026-09-04T17:00:23+09:00,2026-09-04T17:02:25+09:00,TBS NEWS DIG Powered by JNN,jnn,TBS NEWS DIG Powered by JNN,632,"TBS NEWS DIG Powered by JNN
長引く「物価高」の原因となっている「円安」ですが、この2日で急速に「円高」が進みました。

けさ、1ドル＝155円20銭台まで円高が進んだ円相場。この2日で、5円ほど上昇するという急激な値動きをみせました。

振り返ると、7月下旬には1ドル＝164円台目前と、歴史的な円安水準が続いていましたが、28年ぶりとなる円買いの日米協調介入で一気に円高へ。その後、1か月ほどで160円台へと戻ったものの、おとといから急速に円高へと進みました。

今回、急速に円高が進んだ要因は…

日本銀行　植田和男 総裁
「次回会合を含め、毎回の決定会合においてしっかりと議論してまいりたい」

日本銀行　高田創 審議委員
「従来の半年に一度、年に2回の（利上げ）というような状況ではなくて、新たな状況に対応した機動的な対応が必要」

日銀の植田総裁などの発言が利上げのペースを速めることを示唆したと受け止められ、「円」で資産を運用した方が多くの利益を得られるとの見立てからドルを売って円を買う動きが加速しました。さらに…

ベッセント財務長官
「アベノミクスは大成功を収めたのだから、もう“リフレ政策”は止めるべきだ」

アメリカのベッセント財務長官が日本に対し、大規模な金融緩和や積極財政からの転換を促したことも影響したとみられています。為替相場に大きく影響する日銀の金融政策を決める会合は2週間後に開かれます。
TBSテレビ",[],[]
「普通の職員も被害を受けた」辞職表明の横浜市長 運転手にもパワハラか 実名告発の幹部職員が主張（TBS NEWS DIG Powered by JNN）,https://news.yahoo.co.jp/articles/e185277c5b3d39965b75b56f31e59eae5b8042a3,https://newsatcl-pctr.c.yimg.jp/t/amd-img/20260904-07325017-jnn-000-2-view.jpg?exp=10800,2026-09-04T16:57:12+09:00,2026-09-04T18:03:59+09:00,TBS NEWS DIG Powered by JNN,jnn,TBS NEWS DIG Powered by JNN,634,"TBS NEWS DIG Powered by JNN
横浜市の山中竹春市長のパワハラを告発した市の幹部職員が、きのう（3日）会見を開き、公用車の運転を担当していた職員が市長からのパワハラでストレス障害になったと主張しました。

横浜市幹部職員　久保田淳 氏
「幹部ではない、普通の職員も直接の被害を受けてきたんだ」

きのう（3日）会見を開いたのは、今年1月に山中市長のパワハラを実名で告発した横浜市の幹部職員・久保田淳氏です。

久保田氏によりますと、2022年6月、公用車の運転を担当していた職員が朝の迎えの時間を勘違いした山中市長から、「もう準備できて、服を着替え外に出てきてるんだよ」と怒鳴られるなどし、その後、ストレス障害と診断されたということです。

久保田氏によりますと、この事案は、山中市長のパワハラを認定した第三者による調査の対象だったものの、具体的な記載がされていないということで、運転を担当していた職員から許可を得たうえで、公表したとしています。

横浜市幹部職員　久保田淳 氏
「被害者にはお詫びをすること。それはやはり、市長という立場である間にされなければいけないこと」

この問題を受け、山中市長はすでに辞職届を提出していて、今月7日の市議会で辞職が認められる見込みです。

山中市長は「私の言動により辛い思いをさせてしまった方に深くお詫び申し上げます」「当該職員の方に改めて心からお詫び申し上げます」とコメントしています。
TBSテレビ",[],[]
福島県で最大震度2の地震　福島県・白河市、小野町（TBS NEWS DIG Powered by JNN）,https://news.yahoo.co.jp/articles/7c7113459bdc775cf720056c16ad82c05d0a3a23,https://newsatcl-pctr.c.yimg.jp/t/amd-img/20260904-22922057-jnn-000-1-view.jpg?exp=10800,2026-09-04T16:49:13+09:00,2026-09-04T16:49:13+09:00,TBS NEWS DIG Powered by JNN,jnn,TBS NEWS DIG Powered by JNN,444,"TBS NEWS DIG Powered by JNN
4日午後4時45分ごろ、福島県で最大震度2を観測する地震がありました。

気象庁によりますと、震源地は福島県沖で、震源の深さはおよそ60km、地震の規模を示すマグニチュードは4.0と推定されます。
【詳細】各地の震度一覧・最新LIVE
この地震による津波の心配はありません。

最大震度2を観測したのは、福島県の白河市と小野町です。

【各地の震度詳細】

■震度2
□福島県
白河市　小野町

■震度1
□福島県
郡山市　須賀川市　二本松市
田村市　本宮市　川俣町
大玉村　鏡石町　西郷村
棚倉町　石川町　玉川村
浅川町　いわき市　福島広野町
楢葉町　富岡町　川内村
大熊町　双葉町　浪江町
葛尾村　飯舘村

□宮城県
名取市　岩沼市

□茨城県
日立市　北茨城市

気象庁の発表に基づき、地域ごとに震度情報をお伝えしています。
新たな情報が発表され次第、情報を更新します。
TBS NEWS DIG Powered by JNN",[],[]
200mフリー村佐達也が1分45秒09で2年連続大会新!アジア大会直前に新エースが好調の泳ぎ【競泳・インカレ】（TBS NEWS DIG Powered by JNN）,https://news.yahoo.co.jp/articles/4abcffbf21c41c5d2abb320be87cf755916fa794,https://newsatcl-pctr.c.yimg.jp/t/amd-img/20260904-22922036-jnn-000-1-view.jpg?exp=10800,2026-09-04T16:47:13+09:00,2026-09-04T16:47:13+09:00,TBS NEWS DIG Powered by JNN,jnn,TBS NEWS DIG Powered by JNN,498,"TBS NEWS DIG Powered by JNN
■第102回 日本学生選手権水泳競技大会　第2日（4日、大阪・門真市）

競泳の大学ナンバーワン決定戦『インカレ』2日目。男子200m自由形決勝に出場した日本記録保持者の村佐達也（19、中央大学）が1分45秒09で大会新記録を樹立。前回大会に続き2年連続で大会記録を更新した。
【代表一覧】競泳・アジア大会代表一覧　女子史上初の6冠達成の池江璃花子、日本新の17歳・大橋信ら
4レーンの村佐はスタートから勢いよく飛び出しぐんぐん加速。50m時点で頭一個分前に出た。そのままスピードを維持したまま前半100m折り返し、一時追い上げられるも、粘りの泳ぎでトップの座は譲らなかった村佐。1分45秒09で、昨年の記録を0秒53更新し、大会新記録で優勝した。

村佐は、25年7月に行われた世界選手権で、松元克央（29）が持つ従来の記録を0秒11更新し日本記録を樹立。約2週間後に迫ったアジア大会愛知・名古屋の競泳日本代表にも選ばれている。

※写真は日本選手権（26年6月）に出場した村佐選手
TBS NEWS DIG Powered by JNN",[],[]
新宿駅西口に30ｍのシンボルツリー　駅前広場のデザイン公開　2035年完成へ　（TBS NEWS DIG Powered by JNN）,https://news.yahoo.co.jp/articles/7cfa7feb8e752c58d6d6085c7fbc93bdca743ab1,https://newsatcl-pctr.c.yimg.jp/t/amd-img/20260904-07325010-jnn-000-1-view.jpg?exp=10800,2026-09-04T16:41:25+09:00,2026-09-04T16:41:25+09:00,TBS NEWS DIG Powered by JNN,jnn,TBS NEWS DIG Powered by JNN,482,"TBS NEWS DIG Powered by JNN
現在、整備が進められている東京・新宿駅西口の駅前広場について、東京都はきょう（4日）、完成後のデザインを発表しました。

1日の利用者がおよそ300万人にのぼる新宿駅では、2022年3月から西口の駅前広場の再整備が進められています。

これまでは自動車交通が中心でしたが、「もっと、人のための広場へ」をコンセプトに、「緑」「光」「人」をテーマとした空間へ変えるとして、東京都はきょう（4日）、コンセプトデザインを公開しました。

東京都　小池百合子 知事
「新宿中央公園から新宿御苑へとつながっていく緑の軸の要といたしまして、季節の移ろいを感じられるような空間を作っていく考えです」

広場の中央には、シンボルツリーが配置されます。高さ15メートルほどの木を植え、最終的には30メートルに育てる計画で、木陰で休める空間を作るとしています。

また、夏場に子どもたちが水遊びを楽しめるエリアや、イベントが開催できるスペースも整備されます。

新宿駅西口の駅前広場は、2035年に完成する予定です。
TBSテレビ",[],[]
【空の便】台風24号でJALは40便欠航　約1300人に影響　週末も影響が長引く可能性（TBS NEWS DIG Powered by JNN）,https://news.yahoo.co.jp/articles/ada04eb6dcd8c2cdf6f5207f900f1fe0972fa32e,https://newsatcl-pctr.c.yimg.jp/t/amd-img/20260904-07324996-jnn-000-2-thumb.jpg?exp=10800,2026-09-04T16:10:17+09:00,2026-09-04T16:11:22+09:00,TBS NEWS DIG Powered by JNN,jnn,TBS NEWS DIG Powered by JNN,282,"TBS NEWS DIG Powered by JNN
台風24号の影響で空の便に欠航が出ています。

日本航空では、鹿児島空港や奄美大島・屋久島など、県内の島を行き来する便を中心に、あわせて40便が欠航となっています。

伊丹空港や福岡空港を出発する一部の便にも欠航が出ていて、これによって1264人に影響が出る見通しです。

また、天気の状況次第で、あす以降の週末も影響が長引く可能性があるということで、日本航空は最新の運航情報を確認するよう呼びかけています。

全日空の便には、午後3時半の時点で、台風による欠航は発生していないということです。
TBSテレビ",[],[]
【 ALS闘病 】声優・津久井教生さん　採血したことを報告 イノソリッドを再開し「さぁ体力回復に努めます」【ニャンちゅう】（TBS NEWS DIG Powered by JNN）,https://news.yahoo.co.jp/articles/ca1e8d32a5ee701c151c8821e4b396f12ba755ed,https://newsatcl-pctr.c.yimg.jp/t/amd-img/20260904-22921785-jnn-000-2-view.jpg?exp=10800,2026-09-04T16:06:18+09:00,2026-09-04T16:20:28+09:00,TBS NEWS DIG Powered by JNN,jnn,TBS NEWS DIG Powered by JNN,693,"TBS NEWS DIG Powered by JNN
NHKの『ニャンちゅうワールド放送局』の「ニャンちゅう」役などを務め、現在、ALS（筋萎縮性側索硬化症）で闘病中の声優・津久井教生さんが9月4日、公式ブログを更新し、胃瘻交換と採血をしたことを明かしました。
【写真を見る】【 ALS闘病 】声優・津久井教生さん　採血したことを報告 イノソリッドを再開し「さぁ体力回復に努めます」【ニャンちゅう】
津久井さんは「今日は胃瘻交換をパスして〜また採血をしたのでした♪」と近況を報告。前回の採血結果についても触れ、「思ったほど悪くなく一安心です」とコメントし、「そこで再度の血液検査なのでした♪」と明かしました。

続けて、最近の津久井さんは栄養補給についても言及し「（医療用経腸栄養剤）イノソリッドも無事に再開しています♪1週間水分だけでした〜久しぶりなのでゆっくり入れています♡あたし痩せたかしら（笑）さぁ体力回復に努めます♪（^O^）」と前向きな気持ちを記しました。

津久井さんは、1992年からNHK教育テレビ（現・Eテレ）で放送が始まった『ニャンちゅう』シリーズのキャラクター「ニャンちゅう」の声を初回から30年以上にわたって演じてきました。それ以外にも『ちびまる子ちゃん』の「関口くん」役、『ご近所物語』の「西野ジロー」役、『忍たま乱太郎』の「楽呂須太夫」役など、数多くの人気作品で声優を務めてきました。過酷な病と向き合いながらも発信を続けるその姿は、多くの人々に勇気を与えています。

【担当:芸能情報ステーション】
TBS NEWS DIG Powered by JNN",[],[]
皇居に新たな休憩所オープン「猿田彦珈琲」や売店併設　11月3日開業（TBS NEWS DIG Powered by JNN）,https://news.yahoo.co.jp/articles/75e86730a09d3c7a2eddac462152fee0e9f52802,https://newsatcl-pctr.c.yimg.jp/t/amd-img/20260904-07324993-jnn-000-1-view.jpg?exp=10800,2026-09-04T15:37:11+09:00,2026-09-04T15:37:11+09:00,TBS NEWS DIG Powered by JNN,jnn,TBS NEWS DIG Powered by JNN,375,"TBS NEWS DIG Powered by JNN
今年11月3日（火・祝）、皇居・東御苑内に新しい休憩所が開業すると、宮内庁が発表しました。

宮内庁によりますと、皇居の東側にある大手門を入ってすぐの場所に、「大手休憩所」（英語:Imperial Palace Visitor Center）が開業します。

屋上デッキ付きの平屋建てで、施設内には売店やカフェ「猿田彦珈琲」のほか、日本の伝統文化を紹介する大型LEDビジョンや、皇室の活動について紹介するモニターなどが設置されています。

近年、外国人を中心に皇居東御苑への来訪者が急増していることなどが開業の背景だということです。

皇居・東御苑が一般開放されている時間にあわせて開館します。

工事費は総額およそ75億円で、「国際観光旅客税財源」から充当されるということです。
TBSテレビ",[],[]
高市総理「強い経済と財政両立の予算編成をしていく」　令和9年度予算取りまとめ公表受け 自身のX更新（TBS NEWS DIG Powered by JNN）,https://news.yahoo.co.jp/articles/73f13cd72405c37b5be1412bc2494bf76b5b6e29,https://newsatcl-pctr.c.yimg.jp/t/amd-img/20260904-07324986-jnn-000-1-view.jpg?exp=10800,2026-09-04T15:37:05+09:00,2026-09-04T15:37:05+09:00,TBS NEWS DIG Powered by JNN,jnn,TBS NEWS DIG Powered by JNN,511,"TBS NEWS DIG Powered by JNN
高市総理は4日、来年度予算案の概算要求が一般会計で143兆656億円と発表されたことを受け、「強い経済の構築と財政の持続可能性を一体的に実現する予算を編成していく」などと自身のXに投稿しました。

来年度予算案の概算要求は143兆656億円となり、今年度当初予算の122.3兆円を大きく超え、これに昨年度の補正予算を加えた140.6兆円からも増えました。

高市内閣は、大型の補正予算に依存するこれまでの慣習から脱却する方針を掲げていて、補正予算を当初予算に組み込むことで、「9月から12月までの間今まで以上に時間を掛けて議論を重ねることが可能となる」と投稿しています。

また各省庁から要求額の上限を設けない「強く豊かな日本」投資枠を新たに創設したことについて、「本当に必要な予算額を要求して良いというルールに転換する」とした上で、「全部認められるわけではない」「真に効果的かどうかしっかりと見ていく」などとしています。

さらに高市総理は「責任ある積極財政の下、強い経済の構築と財政の持続可能性を一体的に実現する予算を編成していく」と強調しました。
TBSテレビ",[],[]
【杉崎美香】3泊4日の佐賀旅でリフレッシュ!0歳次男の“初・川遊び”や地酒「鍋島」満喫を報告（TBS NEWS DIG Powered by JNN）,https://news.yahoo.co.jp/articles/478007e3200933b91d3ccbe8d3d54894940e07b5,https://newsatcl-pctr.c.yimg.jp/t/amd-img/20260904-22921640-jnn-000-1-view.jpg?exp=10800,2026-09-04T15:36:17+09:00,2026-09-04T15:36:17+09:00,TBS NEWS DIG Powered by JNN,jnn,TBS NEWS DIG Powered by JNN,559,"TBS NEWS DIG Powered by JNN
フリーアナウンサーの杉崎美香さんが4日、自身のインスタグラムを更新し、夏の思い出を振り返りました。
【写真を見る】【杉崎美香】3泊4日の佐賀旅でリフレッシュ!0歳次男の“初・川遊び”や地酒「鍋島」満喫を報告
10歳の長男と0歳の次男のママである杉崎さん。「今年の夏は、久々に佐賀県にも行ってきました〜!3泊4日の旅♡親友のご実家に泊めさせていただいたので、0歳児が一緒でも安心でした♪」と報告し、親しい友人の実家に滞在しながら家族で充実した夏休みを過ごしたことを明かしました。

次男にとっては今回が初の川遊び。「冷たい水に入ると、顔をしかめてイヤイヤしてましたw」と息子の様子を明かしつつ「大自然に包まれて最高に気持ちよかったな〜」と満喫した様子。

また投稿では、旅先で食べたハンバーガーや唐津、玄海周辺の名物の和菓子「けいらん」も紹介。

さらに、佐賀県の地酒「鍋島」も呑んだそうで、杉崎さんは「親友の実家の目の前のスーパーで売っていたので、2日連続でいただきました〜笑 友だちと飲んだ久々の夜 楽しかったぁ!」と友人と乾杯し、楽しい夜を過ごしたことを報告しました。

【担当:芸能情報ステーション】
TBS NEWS DIG Powered by JNN",[],[]
もう中学生【 新婚 】〝結婚前より食べちゃう〟最新家電での愛妻料理で大のろけ　20年物の私物MDプレイヤー持参で会場どよめき（TBS NEWS DIG Powered by JNN）,https://news.yahoo.co.jp/articles/97d84a9c446f1add7ac34356b928be86f6b05fc5,https://newsatcl-pctr.c.yimg.jp/t/amd-img/20260904-22921634-jnn-000-2-view.jpg?exp=10800,2026-09-04T15:32:13+09:00,2026-09-04T15:34:14+09:00,TBS NEWS DIG Powered by JNN,jnn,TBS NEWS DIG Powered by JNN,1175,"TBS NEWS DIG Powered by JNN
タレントの小倉優子さん、お笑い芸人のもう中学生さんが9月4日、「ビックカメラ有楽町店　25周年記念オープニングセレモニー」に登壇しました。小倉さんともう中学生さんは、2001年のオープンから四半世紀を迎えたビックカメラ有楽町店と同じく、2001年に芸能界デビューしています。
【写真を見る】もう中学生【 新婚 】〝結婚前より食べちゃう〟最新家電での愛妻料理で大のろけ　20年物の私物MDプレイヤー持参で会場どよめき
デビュー当時は、「こりん星」出身で、いちごの馬車に乗って地球にやってきたというキャラクターを謳っていた「ゆうこりん」こと小倉さんは、〝25周年おめでとうございます。私も聞いたところによると25周年らしくって…〟と、自身は、周年イヤーであることに気が付いていなかったとコメント。〝（私は）気持ちはずっと3年目の感じでやってるんですけどもう25周年経っちゃったんだ。びっくり。25年間は長くてあっという間、色々あったなと思う〟と、自身のここまでの25年間の人生を振り返りながら、「同期」のビックカメラを祝福しました。

日ごろから店をよく利用しているという、もう中学生さんは、2007年製のポータブルMDプレイヤーを自宅から持参。〝懐かしい〜!〟などと会場からどよめきがあがるなか、〝いま家にBluetoothのイヤホンしかないので、有線のイヤホンは売っていますかね?〟〝これからはMD派でいきたい〟とイベント中、ビックカメラの店員に相談し、アドバイスを受けていました。

また、もう中学生さんは、今年3月、同じ長野県出身で信州上田観光大使・タレントの恵理さんと結婚したことをSNSで発表。イベントでは、〝私は3月の頭くらいに結婚させていただきまして…〟と自ら話し、会場から大きな拍手を受ける場面も。〝奥さんがどうしても…って〟と、妻の要望で「オーブンレンジ」を購入したと告白。

もう中学生さん自身は料理をあまりしないそうですが、〝そのレンジが優れもので。僕はオーブンレンジは温められたらいいんじゃないって思っていたんですけど、焼き野菜から焼き菓子とかお菓子作りにも大活躍していて。外に出掛けた時の店よりもおいしくってジューシーで。ヘルシーなお料理も作ってくださってめちゃめちゃ助かっております〟とにこにこ。
料理好きの妻・恵理さんの料理で健康的かつおいしい新婚生活を送っていると明かしました。さらに、〝（結婚前より）食べちゃいますよね。ちょっとだけ何度かお腹壊すくらい（食べ過ぎてしまう）。めっちゃ食べる量が増えてしまって…〟と大のろけ。会場中を幸せいっぱいの雰囲気で包み込んでいました。

【担当:芸能情報ステーション】
TBS NEWS DIG Powered by JNN",[],[]
熊本県で最大震度1の地震　熊本県・熊本南区、宇城市（TBS NEWS DIG Powered by JNN）,https://news.yahoo.co.jp/articles/824530a9ca4f4c6f04e00e00f358e1a21b48d1be,https://newsatcl-pctr.c.yimg.jp/t/amd-img/20260904-22921585-jnn-000-1-view.jpg?exp=10800,2026-09-04T15:22:14+09:00,2026-09-04T15:22:14+09:00,TBS NEWS DIG Powered by JNN,jnn,TBS NEWS DIG Powered by JNN,312,"TBS NEWS DIG Powered by JNN
4日午後3時17分ごろ、熊本県で最大震度1を観測する地震がありました。

気象庁によりますと、震源地は熊本県熊本地方で、震源の深さはおよそ10km、地震の規模を示すマグニチュードは2.9と推定されます。
【詳細】各地の震度一覧・最新LIVE
この地震による津波の心配はありません。

最大震度1を観測したのは、熊本県の熊本南区と宇城市です。

【各地の震度詳細】

■震度1
□熊本県
熊本南区　宇城市

気象庁の発表に基づき、地域ごとに震度情報をお伝えしています。
新たな情報が発表され次第、情報を更新します。
TBS NEWS DIG Powered by JNN",[],[]
【市川團十郎＆新之助】親子で『ベネチア映画祭』レッドカーペットに登場!　團十郎さんは “世界三大映画祭 史上初” 歌舞伎衣装で見得を切る（TBS NEWS DIG Powered by JNN）,https://news.yahoo.co.jp/articles/a126af411ca664b80af09ae921cb8003b96fd304,https://newsatcl-pctr.c.yimg.jp/t/amd-img/20260904-22921562-jnn-000-1-view.jpg?exp=10800,2026-09-04T15:14:12+09:00,2026-09-04T15:14:12+09:00,TBS NEWS DIG Powered by JNN,jnn,TBS NEWS DIG Powered by JNN,636,"TBS NEWS DIG Powered by JNN
歌舞伎俳優・市川團十郎さん（48）と、長男の市川新之助（堀越 勸玄）さん（13）が、第83回ベネチア映画祭のレッドカーペットに登場。
【写真を見る】【市川團十郎＆新之助】親子で『ベネチア映画祭』レッドカーペットに登場!　團十郎さんは “世界三大映画祭 史上初” 歌舞伎衣装で見得を切る
團十郎さんは、『男伊達花廓（おとこだてはなのよしわら）』に登場する、江戸一番の伊達男『御所五郎蔵（ごしょのごろぞう）』の“歌舞伎衣裳”で登場し、堂々の見得を切りました。

カンヌ・ベルリンも含め、世界三大映画祭のレッドカーペットを歌舞伎衣装で歩くのは、これが史上初ということです。

三池崇史監督が手がけたドキュメンタリー作品「襲名」（9月25日全国公開）は、歌舞伎界で最も歴史がある成田屋の“親子同時襲名”までを追ったドキュメンタリー作品です。

今回、同映画祭に三池監督、團十郎さん、新之助さんの3人で参加。

インタビューで團十郎さんは、「今回は『歌舞伎』『歌舞伎役者』というものを押し出していこうということでホントはイヤなんですけど、世界の方々に歌舞伎という文化、そして『伝承』『継承』そういったものが、こういう世界観であるよってことが少しでも目にとまるように暑い中、準備しています」と、歌舞伎衣装での登場に込めた想いを伝えました。

【担当:芸能情報ステーション】
TBS NEWS DIG Powered by JNN",[],[]
中道・小川代表、週明けにかけ「一定の結論に至れるよう全力尽くす」　党の新形態めぐり（TBS NEWS DIG Powered by JNN）,https://news.yahoo.co.jp/articles/cf8b9066667eac61fe62055bc7fc34d8ffc96ee3,https://newsatcl-pctr.c.yimg.jp/t/amd-img/20260904-07324970-jnn-000-1-view.jpg?exp=10800,2026-09-04T15:06:16+09:00,2026-09-04T15:06:16+09:00,TBS NEWS DIG Powered by JNN,jnn,TBS NEWS DIG Powered by JNN,461,"TBS NEWS DIG Powered by JNN
中道改革連合の分裂が決定的となる中、小川代表はきょう（4日）、今後の党の形態について「今週末から週明けにかけて一定の結論に至れるよう全力を尽くす」との考えを示しました。

中道・小川淳也代表
「中道改革勢力の伸長、拡張そのものは日本社会にとって極めて重要であり、『ではどうするのか』というプランBについて鋭意検討を進めているところ」

中道の小川代表は、立憲民主党、公明党との合流断念で中道の分裂が決定的となっていることを受け、党の新たな形態について「今週末から週明けにかけて一定の結論に至れるよう全力を尽くす」との考えを示しました。

また、中道の立憲出身議員21人は「できるだけまとまって行動していくことが大事だ」と強調しました。

一方、立憲の田名部幹事長は2日、中道の立憲出身議員の受け入れは「今の段階では考えていない」と述べましたが、小川代表も「落ち着いた対話ができるまで個々に出入りするようなことはできるだけない方が望ましい」と話しました。
TBSテレビ",[],[]
臨時国会来月上旬召集の方向で調整　政府・与党　「食料品の消費税減税」法案など焦点に（TBS NEWS DIG Powered by JNN）,https://news.yahoo.co.jp/articles/0e42191239166b143523ac68beb6d7132f6e8282,https://newsatcl-pctr.c.yimg.jp/t/amd-img/20260904-07324976-jnn-000-1-view.jpg?exp=10800,2026-09-04T15:05:17+09:00,2026-09-04T15:05:17+09:00,TBS NEWS DIG Powered by JNN,jnn,TBS NEWS DIG Powered by JNN,349,"TBS NEWS DIG Powered by JNN
政府・与党は秋に予定される臨時国会を来月上旬に召集する方向で調整に入りました。

政権幹部によりますと、政府・与党は秋に予定される臨時国会を来月上旬に召集する方向で調整に入ったということです。

来月5日の週の召集を軸に検討を進めています。

臨時国会では食料品の消費税を来年4月から2年間1%に引き下げるための法案や、先の特別国会で継続審議となった衆議院の議員定数削減法案の扱いが焦点となる見通しです。

政府・与党内では、少数与党の参議院で法案が否決されたり、60日以内に議決されなかった場合でも、衆議院の3分の2以上の賛成で再可決出来る「60日ルール」を行使することも視野に会期を60日以上とする案が取り沙汰されています。
TBSテレビ",[],[]
【ももクロ・佐々木彩夏】〝串カツ田中10年愛〟を熱弁　「アイドルがお酒好きだって言いづらかったんですけど」　「たらこ串を6〜7本」（TBS NEWS DIG Powered by JNN）,https://news.yahoo.co.jp/articles/7088e1bd808418b6ee32a43c1548cb7b00fcdefc,https://newsatcl-pctr.c.yimg.jp/t/amd-img/20260904-22921444-jnn-000-1-view.jpg?exp=10800,2026-09-04T15:03:17+09:00,2026-09-04T15:03:17+09:00,TBS NEWS DIG Powered by JNN,jnn,TBS NEWS DIG Powered by JNN,975,"TBS NEWS DIG Powered by JNN
ももいろクローバーZの佐々木彩夏さんが4日、串カツ田中リブランディング 記者発表会に登壇。芸能界イチの「串カツ田中ファン」である佐々木さんが、公式PR大使に就任しました。
【写真を見る】【ももクロ・佐々木彩夏】〝串カツ田中10年愛〟を熱弁　「アイドルがお酒好きだって言いづらかったんですけど」　「たらこ串を6〜7本」
串カツ田中の新ユニフォーム姿で登場した佐々木さんは、〝学生時代からももクロの活動をしていてバイトの経験がないので、こういう制服が着れて嬉しい〟とにっこり。

続けて〝ただただ串カツ田中が好きで通っていて。それをポッドキャストでベラベラ喋っていたのが、PR大使まで就任させていただけて本当に嬉しい〟と喜びつつ、〝アイドルがお酒好きだって最初は言いづらかったんですけど、「串カツ田中でよく飲んでる」って話をファンの皆さんにした時に、「あーりんが楽しく飲んでるならいっか!」って思ってくださって。ファンの皆さんがライブ終わりに、串カツ田中で打ち上げをしてくれてたりとか。「あーりんに会いに行く」気持ちで串カツ田中に行ってくれてる方も多いので、私以上に喜んでくれてるんじゃないかな〟と、ファンへの思いも語りました。

好きになったキッカケについて〝20歳超えて、友達が串カツ田中でバイトしていて。友達に会いに行ったり、バイト終わる時間に合わせて田中で一杯飲んでから、友達ん家に行ったりしていたのがキッカケ。友達がバイト辞めたあとも、「田中行くか」みたいな（笑）「とりあえず田中行こう」って習慣付いてる。10年弱くらい、しょっちゅうお世話になってます〟〝女の子が一人で居酒屋に入るのはハードルが高いと思うんですけど、私は田中で克服しました〟と明かしました。

そして、佐々木さんイチ押しの串「たらこ」を頬張ると、〝いつも通り最高!周りはサクサクなのに衣が薄い。中のたらこに火が通り過ぎてなくて、しっとり感もある〟と、食レポが止まらず、〝食べ始めたら1本じゃ足りなくなっちゃう。私はいつも6〜7本くらい食べる。それくらいパクパク食べられちゃうので、ぜひ食べてみてほしい〟と美味しさをアピールしました。
【担当:芸能情報ステーション】
TBS NEWS DIG Powered by JNN",[],[]
【9月4日の天気】今夜遅くにかけて線状降水帯発生のおそれ　台風24号+秋雨前線+熱帯低気圧の影響で週明けにかけて大雨災害に厳重警戒（TBS NEWS DIG Powered by JNN）,https://news.yahoo.co.jp/articles/eab3fa1b2bdae128c899ab6de3e711cbf2a266f7,https://newsatcl-pctr.c.yimg.jp/t/amd-img/20260904-22921322-jnn-000-1-thumb.jpg?exp=10800,2026-09-04T14:50:25+09:00,2026-09-04T14:50:25+09:00,TBS NEWS DIG Powered by JNN,jnn,TBS NEWS DIG Powered by JNN,1250,"TBS NEWS DIG Powered by JNN
大分県は、きょう4日（金）午後9時ごろにかけて、宮崎県、鹿児島県、奄美地方、高知県はあす5日（土）に日付が変わるころにかけて、線状降水帯が発生して大雨災害の危険度が急激に高まるおそれがあります。
【CGを見る】週間天気予報
■明るいうちに安全の確保を

きょう4日（金）は、九州から関東にかけて雨が降り、大分県は午後9時ごろにかけて、宮崎県、鹿児島県、奄美地方、高知県はあす5日（土）に日付が変わるころにかけて、線状降水帯が発生して大雨災害の危険度が急激に高まるおそれがあります。安全な所に身を置くようにしてください。

■9月下旬〜10月上旬並みの涼しさ

九州から関東は日ざしが届かず、最高気温は前日より低い所がほとんどでしょう。最高気温は30℃に届かず、9月下旬から10月上旬並みの涼しさになりそうです。東北や北海道では日ざしが届くでしょう。

【きょう4日（金）の各地の予想最高気温】
札幌　:21℃　釧路:20℃
青森　:26℃　盛岡:27℃
仙台　:29℃　新潟:28℃
長野　:24℃　金沢:27℃
名古屋:25℃　東京:26℃
大阪　:25℃　岡山:26℃
広島　:27℃　松江:27℃
高知　:27℃　福岡:27℃
鹿児島:29℃　那覇:31℃

■関東や東北でも警報級大雨のおそれ

あす5日（土）も九州南部や奄美では、台風24号周辺の湿った空気が流れ込み、大雨が続くでしょう。そのほか、秋雨前線が南の海上まで南下するため、雨はいったん小康状態となる見込みです。

ただ、あさって6日（日）になると前線が北上し、台風だけではなく熱帯低気圧周辺の湿った空気も前線に流れ込む見通しです。

あさって6日（日）は、九州南部や奄美だけでなく、四国、東海や近畿でも雨足が強まるでしょう。夕方から週明け7日（月）にかけては関東も大雨となり、7日（月）は東北も警報級の大雨になりそうです。

週明けにかけてと長く、土砂災害、低地の浸水や道路の冠水、河川の増水・氾濫などの大雨災害に厳重な警戒が必要です。8日（火）以降も秋雨前線が停滞するため、さらに雨量が増えるおそれがあります。

【24時間予想降水量（多い所）】
▼あす5日（土）午前6時まで
四国　　　　　　　　　300ミリ
九州南部　　　　　　　250ミリ
奄美・九州北部　　　　200ミリ
近畿　　　　　　　　　150ミリ
中国・東海・関東甲信　 80ミリ

▼その後、あさって6日（日）午前6時まで
九州南部・四国・近畿　150ミリ
奄美・九州北部・東海　120ミリ
関東甲信・伊豆諸島　　100ミリ
沖縄　　　　　　　　　 80ミリ

▼その後、7日（月）午前6時まで
四国・東海　　　　　　　　200ミリ
近畿・関東甲信・伊豆諸島　150ミリ
九州南部　　　　　　　　　100ミリ
九州北部　　　　　　　　　 80ミリ
TBS NEWS DIG Powered by JNN",[],[]
【ごみ清掃芸人】「電気ひげ剃りは可燃ごみや不燃ごみに入れないでくださいね」「美容製品、ハンディーファンもよく不燃ごみに入っています」【マシンガンズ滝沢】（TBS NEWS DIG Powered by JNN）,https://news.yahoo.co.jp/articles/92e2b0bbc15e6aedd2bce2514967900292df892d,https://newsatcl-pctr.c.yimg.jp/t/amd-img/20260904-22921468-jnn-000-1-view.jpg?exp=10800,2026-09-04T14:45:33+09:00,2026-09-04T14:45:33+09:00,TBS NEWS DIG Powered by JNN,jnn,TBS NEWS DIG Powered by JNN,474,"TBS NEWS DIG Powered by JNN
「ごみ清掃芸人」として活動する、お笑いコンビ「マシンガンズ」の滝沢秀一さんが自身のXを更新。""今日のごみトリビア"" を紹介しました。
【写真を見る】【ごみ清掃芸人】「電気ひげ剃りは可燃ごみや不燃ごみに入れないでくださいね」「美容製品、ハンディーファンもよく不燃ごみに入っています」【マシンガンズ滝沢】
滝沢さんは「電気ひげ剃りは可燃ごみや不燃ごみに入れないでくださいね」と投稿。

地域によって出し方が違うとし、「充電して何回も使える製品はリチウムイオン電池が使われています。圧迫されると燃える事があるので、危険です。他には美容製品、ハンディーファンもよく不燃ごみに入っています」と呼びかけました。

滝沢さんは、日々、SNSを通じ、「ごみトリビア」を投稿。啓発活動に努めています。

※自治体によって該当のごみへの対応が違う場合があります。
　参考にする場合はお住まいの自治体の対応をご確認ください。

【担当:芸能情報ステーション】
TBS NEWS DIG Powered by JNN",[],[]
【中川翔子】「80％以上の確率で顔面麻痺」3年前に耳下腺腫瘍の手術を回顧　「結婚も控えていた」（TBS NEWS DIG Powered by JNN）,https://news.yahoo.co.jp/articles/f460ef25469f0842b393aee1b2858507fb777e79,https://newsatcl-pctr.c.yimg.jp/t/amd-img/20260904-22921328-jnn-000-1-view.jpg?exp=10800,2026-09-04T14:43:14+09:00,2026-09-04T14:43:14+09:00,TBS NEWS DIG Powered by JNN,jnn,TBS NEWS DIG Powered by JNN,1308,"TBS NEWS DIG Powered by JNN
歌手・タレントの中川翔子さんが3日、自身のインスタグラムを更新。2023年に受けた「耳下腺腫瘍」の手術を振り返り、顔面麻痺が残る可能性があったと明かしました。
【写真を見る】【中川翔子】「80％以上の確率で顔面麻痺」3年前に耳下腺腫瘍の手術を回顧　「結婚も控えていた」
中川さんは「2023年、私は耳下腺腫瘍の手術をしました。左耳の下に、何年も前からあった硬いしこり。まだ小さかった頃に病院で相談したとき『大丈夫でしょう』と言われ、そのまま放置してしまっていました。」と切り出しました。

少しずつ大きくなっていた腫瘍は、診察を受けた際には4cm以上に達していたといいます。中川さんは「顔を動かす大切な神経をかなり巻き込んでいて、手術は難しく、80％以上の確率で顔面麻痺が残る可能性があると聞きました。」と当時の厳しい状況を回想。

「結婚も控えていたし、大好きな仕事、歌う仕事がある。顔が動かなくなったらどうしよう。手術は本当に怖かったです」と、手術に対し強い不安があったことを明かしました。

葛藤の末に手術を受け、目を覚ました際には麻痺や後遺症がなく、悪性化もしていなかったとのこと。「嬉しくて泣きました。塚原先生は私にとって、本当にゴッドハンドの先生です」と担当医に感謝を綴りました。

その時、中川さんは担当医と「3年後に大きなパーティーがあるから、そのとき歌ってね」と約束を交わしたと言います。

その手術から3年が経ち「その約束を、ついに叶えることができました!」と報告。「先生が手術をしてくださって、後遺症なく乗り越えることができたから、私はまた歌えて、仕事にも復帰できて、結婚して、今は双子の母になりました。あのとき怖くても手術を決断した先に、こんな未来が待っていたんだと思うと胸がいっぱいになりました」と喜びを伝えました。

また、中川さんは当時飼っていた愛猫・メポとの出来事についても言及。「私が手術を終えて退院したとき、なぜかメポの、私と同じ『左耳の下』の毛が抜けて、血が出ていました。『猫は飼い主のいろいろなものを引き受けてしまう』と聞いたことがあって、あのときのメポの姿が今もずっと心に残っています」と回顧。
双子の母になり、先生との約束を叶え「あのとき、そばにいてくれてありがとう。メポがくれた幸せも抱えて、私はこれからも生きていくよ」と寄り添ってくれた愛猫に感謝を寄せました。

手術を公表してから中川さんのもとには同じ〝耳下腺腫瘍〟で悩んでいる人からの相談が届いたそう。中川さんは「耳の下やあごのあたりに硬いしこりがある。少しずつ大きくなっている。そんな変化に気づいたら、『大丈夫だろう』と放置せず、一度きちんと専門の医療機関で診てもらってほしいです。耳下腺腫瘍は種類や状態によって治療方針も異なります。手術が怖い気持ちは、経験したからこそ本当によくわかります。でも、まず知ること。きちんと診てもらうことが大切です。」と呼びかけました。

【担当:芸能情報ステーション】
TBS NEWS DIG Powered by JNN",[],[]
【 ミキ・亜生 】愛車93年ボルボが退院「＃もう可愛くて可愛くて仕方ない」満面の笑みで「＃とにかく近所を走ります」（TBS NEWS DIG Powered by JNN）,https://news.yahoo.co.jp/articles/bc42c184363cbe33d7772135dbfc1fc28f032000,https://newsatcl-pctr.c.yimg.jp/t/amd-img/20260904-22921466-jnn-000-1-view.jpg?exp=10800,2026-09-04T14:43:14+09:00,2026-09-04T14:43:14+09:00,TBS NEWS DIG Powered by JNN,jnn,TBS NEWS DIG Powered by JNN,572,"TBS NEWS DIG Powered by JNN
お笑いコンビ「ミキ」の亜生さんが自身のインスタグラムで、愛車の修理が完了したことを投稿しています。
【写真を見る】【 ミキ・亜生 】愛車93年ボルボが退院「＃もう可愛くて可愛くて仕方ない」満面の笑みで「＃とにかく近所を走ります」
亜生さんは愛車の運転席で深い味わいを出している木製のステアリングを握って満面の笑み。「戻ってきたぁ!修理のお店から僕の車が帰ってきたぁ!」と感激のあまり、「乙事主さまぁー!」と、映画「もののけ姫」に登場する猪神の王の名を呼んでしまっています。

亜生さんはハッシュタグで「
＃今年壊れまくりの愛車
」「
＃4月くらいからまともに乗れてなかった
」「
＃93年ボルボ
」と追加。2021年のインスタグラムへの投稿で、ボルボ240シリーズの244セダンではないかと思われます。

亜生さんは「
＃とにかく近所を走ります
」「
＃もう可愛くて可愛くて仕方ない
」と嬉しさいっぱいのハッシュタグ。フォロワーからは「何事もなく平和に乗れますように」「もう違う車買ってると思ってました」「大事にされてて良い車」「この時代のボルボかっこいいですよね」など、共感の声が集まっています。

【担当:芸能情報ステーション】
TBS NEWS DIG Powered by JNN",[],[]
【速報】今年6月の相模原市女子高校生殺害事件　元交際相手の男（19）を殺人などの罪で起訴　横浜地検（TBS NEWS DIG Powered by JNN）,https://news.yahoo.co.jp/articles/c0ee18e5acd1bbbc11d106c717c60fabe6eab728,https://newsatcl-pctr.c.yimg.jp/t/amd-img/20260904-07324981-jnn-000-6-view.jpg?exp=10800,2026-09-04T14:27:54+09:00,2026-09-04T22:39:54+09:00,TBS NEWS DIG Powered by JNN,jnn,TBS NEWS DIG Powered by JNN,391,"TBS NEWS DIG Powered by JNN
今年6月、神奈川県相模原市で高校3年の女子生徒（17）が殺害された事件で、横浜地検はきょう、元交際相手で19歳の男を殺人などの罪で起訴しました。
【現場を見る】相模原市女子高校生殺害事件 元交際相手の男（19）を殺人などの罪で起訴
殺人などの罪で起訴されたのは相模原市南区の19歳の無職の男です。

横浜地検によりますと、男は今年6月、相模原市で高校3年の佐藤唯来さん（17）の首を後ろから腕で絞めるなどして殺害した罪などに問われています。

警察によりますと、男は女子生徒の元交際相手で、逮捕後の調べでは「女子生徒に復縁を断られ犯行に至った」という趣旨の供述をしていました。

男は女子生徒に対し交際を迫ったり、女子生徒やその親族を脅迫するメッセージを50回以上送るストーカー行為を行った罪でも起訴されました。
TBSテレビ",[],[]
【速報】全国のインフルエンザ感染者数　1医療機関あたり「1.76人」　前週の約1.6倍　10週連続で増加　先週に流行シーズン入る　厚生労働省（TBS NEWS DIG Powered by JNN）,https://news.yahoo.co.jp/articles/7e7f7f61f7c1190def85ca9d02c8da14a62abab8,https://newsatcl-pctr.c.yimg.jp/t/amd-img/20260904-07324978-jnn-000-13-thumb.jpg?exp=10800,2026-09-04T14:17:26+09:00,2026-09-04T16:57:56+09:00,TBS NEWS DIG Powered by JNN,jnn,TBS NEWS DIG Powered by JNN,415,"TBS NEWS DIG Powered by JNN
先週、流行シーズンに入ったと発表されたインフルエンザについて、全国で1週間に報告された感染者数が前の週のおよそ1.6倍となり、10週連続で増加しました。
【画像で見る】インフルかかる人／かからない人、どこが違う？ 医師はどう予防？専門家に聞く
厚生労働省によりますと、先月30日までの1週間に、全国およそ3000の医療機関から報告されたインフルエンザの感染者数は、1医療機関あたり「1.76人」でした。

前の週のおよそ1.6倍で、増加は10週連続となります。

流行開始の目安となる「1人」を超えていて、厚労省は先週、全国的な流行シーズンに入ったと発表しています。

1年を通して流行した2023年を除くと、過去2番目に早い流行入りです。

感染者数が最も多いのは、沖縄県の「8.50人」、次いで岩手県の「4.33人」、新潟県の「3.58人」となっています。
TBSテレビ",[],[]
ドジャースが劇的サヨナラ勝ち！大谷翔平は31試合ぶりスタメン外も9回裏、ヘルナンデスのタイムリー二塁打でド軍連敗ストップ（TBS NEWS DIG Powered by JNN）,https://news.yahoo.co.jp/articles/6d5b5d77b988609fc1087869fd53f2954159c711,https://newsatcl-pctr.c.yimg.jp/t/amd-img/20260904-00010000-jnn-000-9-view.jpg?exp=10800,2026-09-04T14:12:38+09:00,2026-09-04T14:39:13+09:00,TBS NEWS DIG Powered by JNN,jnn,TBS NEWS DIG Powered by JNN,1472,"ドジャース・大谷翔平選手
■MLB　ドジャース 3×ー2 カージナルス（日本時間4日、ドジャー・スタジアム）
【日程一覧】3連覇に挑む大谷翔平、山本由伸らのドジャース2026年
ドジャースの大谷翔平（32）が本拠地でのカージナルス戦に31試合ぶりにスタメンを外れた。試合は1回表に先制点を奪われると3回表にも2死からタイムリーで失点した。打線は5回裏に相手のバッテリーミスで1点を返す。さらに1点を追う9回裏、1死一・二塁でT.ヘルナンデス（33）がタイムリー二塁打を放ち、サヨナラ勝ちを収めた。この試合での大谷の出場はなかった。

大谷は前日の試合で4打数無安打4三振でドジャース移籍後ワーストとなる60打席ノーアーチとなっていた。試合前、D.ロバーツ監督（54）は「今日は休ませることになる。理想を言えば、精神的にも身体的にもリフレッシュする1日にしてもらいたいと思っている。昨夜の彼の様子を見れば、私たち全員、彼には1日休む必要があると感じたと思う」と説明した。具体的には上腕二頭筋から首にかけての状態が思わしくないことを明かした。

ドジャースの先発は2年連続サイヤング賞投手・T.スクーバル（29）。1回表、カージナルス打線にいきなり連打を浴び、無死一・三塁のピンチを招いてしまう。3番・J.ウォーカー（24）はストレートで三振に打ち取るが、続くJ.バイエズ（23）にライト前に運ばれ先制点を許してしまう。

その裏、大谷の代わりに1番でスタメン出場したT.エドマン（31）のヒットとヘルナンデスが四球で1死一・二塁のチャンスを作った。しかし、カージナルス先発のQ.マシューズ（25）を前に4番・F.フリーマン（36）はレフトフライ、5番・W.スミス（31）が空振り三振に倒れ、同点とはならなかった。

3回表、スクーバルは2本のヒットで2死一、二塁のピンチを招くと、カージナルスの6番・R.ウリアス（32）に甘く入った初球をレフト前へとはじき返され追加点を許した。直後の攻撃、先頭のエドマンが2本目のヒットを放ち出塁すると3番・ヘルナンデスもライト前に運び1死一・二塁とした。F.フリーマンはレフトフライに倒れるが続くW.スミス（31）が四球を選び2死満塁とチャンスが拡大。ここでM.ロハス（37）が三塁ライナーに倒れ好機を生かすことができない。

5回裏も先頭で登場したエドマンがレフトへ2塁打を放ち、三度ノーアウトで出塁すると続くM.ベッツが四球。3番・ヘルナンデスのショートゴロで一死一・三塁とするとフリーマンの場面で相手バッテリーにミスが飛び出した。マシューズの暴投で1点を返して1－2とした。

ドジャース先発のスクーバルは6回2死まで投げて10本の安打を許しながらも要所を締めて2失点でマウンドを降りた。後を受けたE.ヘンリケス（24）は103.6 マイル（166.7km）のストレートで三振を奪いこの回を抑えた。

1点を追う打線は8回2死満塁のチャンスでD.ラッシング（25）が打席に入った。カージナルスの4番手・G.ソリアーノ（27）にカウント1－2と追い込まれると5球目のストレートを空振り。三振に打ち取られ同点とはならなかった。

9回裏、カージナルス守護神のR.オブライン（31）を相手に1死からエドマンがこの日4本目のヒットで出塁するとすかさず盗塁に成功。続くベッツが四球。すると1死一・二塁のチャンスで3番ヘルナンデスが逆転サヨナラ2点タイムリーを放った。劇的な結末でドジャースが連敗を「2」で止めた 。",[],[]
【独自インタビュー】山田優　4人の子育てに奮闘中「ソファに座ったのは1年で10回」多忙な日常と“後回しにしない”ルールを明かす（TBS NEWS DIG Powered by JNN）,https://news.yahoo.co.jp/articles/379e7712b66bca89d482cf301926b39198181956,https://newsatcl-pctr.c.yimg.jp/t/amd-img/20260904-22921088-jnn-000-1-view.jpg?exp=10800,2026-09-04T14:10:25+09:00,2026-09-04T14:10:25+09:00,TBS NEWS DIG Powered by JNN,jnn,TBS NEWS DIG Powered by JNN,1020,"TBS NEWS DIG Powered by JNN
スウェーデン発インテリア雑貨ブランド「GRANIT（グラニート）」日本初上陸プレス発表会に、モデルで俳優の山田優さんがゲストとして登壇。
【写真を見る】【独自インタビュー】山田優　4人の子育てに奮闘中「ソファに座ったのは1年で10回」多忙な日常と“後回しにしない”ルールを明かす
今回は、日々4人の子育てに奮闘する山田さんに直撃インタビュー。ご自宅での様子を聞いてみました。

日々快適な暮らしを送るために心掛けていることはー

山田優さん
「本当にシンプルに今やれることは今やる」
「そうすることによって時間にも本当に余裕ができて、子どもたちとの向き合い方もそれをすることによって、余裕をもって接することができるので」

何事も後回しにしたくない山田さん。
余裕のある自分時間を過ごしているのかと思いきや、、、

山田優さん
「普段忙しくしている時は、、、10分〜30分くらいあったらいいかなという感じです（苦笑）」「もう、その時間ももったいないから、洗濯したり、片付けしたり、ご飯作ったりとかに（時間を）回したくなっちゃうので、性格が」「これ洗濯機回しておけばとか、畳んでおけばって思っちゃうのが凄い嫌で」

4人の子育てに奮闘する日々で苦戦しているのがお片付け

山田優さん
「私が気づいたときはすぐに片づけたりとか、すぐに部屋に持って行ったりとかするようにはしているんですけど、子どもたちが帰ってきたら一瞬で、さっきのは何だったんだろう?っていう空間になっちゃうので、皆にも持ってきていいけどちゃんと自分の部屋に持ち帰ろうねとか、あった場所に戻そうねっていうことは常に言っていますね」「でもまあ無理です（苦笑）」

そんな山田さんの心安らぐお家スポットが、、、

山田優さん
「ソファがすごくお気に入りで、ソファに座ることが、、、うーん、ソファを買ってから10回あるかなぐらいで（笑）本当に常にバーって急いで、洗濯物干したらご飯作って、迎えに行ってとか、急いでっていうか、、、何だろうな、バタバタバタバタと一日を過ごしているので」

ソファを購入してどれくらい経ちますか?
山田優さん
「う〜ん、、1年ちょっと・・・かもしれない」

それで10回?

山田優さん
「10回くらい（笑）」

【担当:芸能情報ステーション】
TBS NEWS DIG Powered by JNN",[],[]
【今話題】ギャルに憧れるネコ「ギャルネコ」のポップアップ開催　開店3時間前に並ぶファンも（TBS NEWS DIG Powered by JNN）,https://news.yahoo.co.jp/articles/2d1a4620748e4e10433eae9dda62535e462cde5b,https://newsatcl-pctr.c.yimg.jp/t/amd-img/20260904-22921104-jnn-000-1-view.jpg?exp=10800,2026-09-04T14:06:17+09:00,2026-09-04T14:06:17+09:00,TBS NEWS DIG Powered by JNN,jnn,TBS NEWS DIG Powered by JNN,875,"TBS NEWS DIG Powered by JNN
ギャルに憧れるネコのキャラクター「ギャルネコ」のポップアップイベント「ギャルネコ POP-UP（ポッピアッピ） あなぼこショッピ」が、9月4日から東京会場でスタートしました。
【写真を見る】【今話題】ギャルに憧れるネコ「ギャルネコ」のポップアップ開催　開店3時間前に並ぶファンも
2024年に誕生してから、TikTokで人気に火が付き10代〜30代を中心に男女問わず愛されている「ギャルネコ」は、ギャルになることを夢見るネコ「ツナ」と、その友人たちとの日常を描いた作品。

「強い、爪がキラキラ、目がウルウル」など「ギャルと猫の共通点」に注目したことからキャラクターが誕生し、日本語を勉強中のツナと、ツナを受け入れてくれる心優しいギャルの会話が話題になりました。

今回のポップアップはツナが最近夢中になっているアイテム「ドーナツ」=“あなぼこ” にちなみ、「“あなぼこ”の中に入りたい!」というツナの夢を叶える空間となっており、色とりどりのあなぼこに彩られた空間で、あなぼこから顔を出すツナのマスコットなど、40点以上の新商品を販売。

さらに、ドーナツショップのカウンターをイメージしたフォトスポットなど記念撮影ができるスポットが設置されています。

10時からのオープンでしたが、先頭に並んだファンは開店3時間前に会場に到着したそう。また、ポップアップ期間中にはツナが登場するグリーティングイベントも開催されるため「もう一度来ます!」とTBSの取材に答えてくれました。

今回、ポップアップイベントの会場となったのは「東京駅一番街 B1 東京キャラクターストリート いちばんプラザ」。運営担当者は「いちばんプラザでポップアップイベントができるコンテンツは限られていて、すごいこと」と語りました。

現在はネコとギャルを中心とした世界観ですが、今後は色々なキャラクターが登場していく予定とのことです。

【担当:芸能情報ステーション】
TBS NEWS DIG Powered by JNN",[],[]
臓器移植法違反事件　カンボジアでの移植手術に必要な紹介状を作成するなど あっせん手助けか　大阪府の男性医師を書類送検　警視庁（TBS NEWS DIG Powered by JNN）,https://news.yahoo.co.jp/articles/a26e505a64f08e16352194a4f77113d11dc08f1e,https://newsatcl-pctr.c.yimg.jp/t/amd-img/20260904-07324973-jnn-000-1-view.jpg?exp=10800,2026-09-04T14:05:51+09:00,2026-09-04T14:05:51+09:00,TBS NEWS DIG Powered by JNN,jnn,TBS NEWS DIG Powered by JNN,559,"TBS NEWS DIG Powered by JNN
腎臓移植をあっせんし違法に金銭を受け取ったとして一般社団法人が摘発された事件で、謝礼を受け取りカンボジアの病院へ送る紹介状を作成するなどしていた大阪府の男性医師が警視庁に書類送検されたことが分かりました。

この事件は、一般社団法人「国際医療相談室」の実質的経営者、菊池仁達被告（66）がカンボジアでの腎臓移植手術をあっせんし違法に現金を受け取ったとして逮捕、起訴されたものです。

警視庁は、きょう（4日）、渡航前の患者の検査などを行った上、カンボジアの病院へ送る紹介状の作成を手助けしたとして、大阪府豊中市に住む73歳の男性医師を臓器移植法違反のほう助の疑いで書類送検したことが分かりました。

捜査関係者によりますと、男性医師は菊池被告から謝礼名目で現金およそ300万円を受け取ったほか、検査料として2人の男性患者からそれぞれ25万円を受け取っていたということです。

男性医師は、任意の調べに対し、一連の行為を認めたうえで、「菊池被告に騙された」などと話しているということです。

警視庁は、移植手術のあっせんを受け、菊池被告に対価を支払ったとして、▼都内在住の70代の男性患者と▼千葉県在住の60代の男性患者についても書類送検しています。
TBSテレビ",[],[]
【レベル4土砂災害危険警報】宮崎県・国富町、都農町に発表 13:54時点（TBS NEWS DIG Powered by JNN）,https://news.yahoo.co.jp/articles/297921e8f05e5466ca8765942b5c5c92e8a53f1b,https://newsatcl-pctr.c.yimg.jp/t/amd-img/20260904-22921297-jnn-000-1-view.jpg?exp=10800,2026-09-04T13:56:15+09:00,2026-09-04T13:56:15+09:00,TBS NEWS DIG Powered by JNN,jnn,TBS NEWS DIG Powered by JNN,658,"TBS NEWS DIG Powered by JNN
気象台は、4日午後1時54分に、レベル4土砂災害危険警報を国富町、都農町に発表しました。
【現在地の防災情報を確認】
南部平野部、北部平野部、南部山沿いでは、土砂災害に厳重に警戒してください。

【土砂災害警報（発表中）】
■宮崎市
●レベル4土砂災害危険警報

■都城市
●レベル4土砂災害危険警報

■延岡市
●レベル2土砂災害注意報

■日南市
●レベル2土砂災害注意報

■小林市
●レベル4土砂災害危険警報

■日向市
●レベル2土砂災害注意報

■串間市
●レベル2土砂災害注意報

■西都市
●レベル2土砂災害注意報

■えびの市
●レベル2土砂災害注意報

■三股町
●レベル2土砂災害注意報

■高原町
●レベル2土砂災害注意報

■国富町
●レベル4土砂災害危険警報【発表】

■綾町
●レベル4土砂災害危険警報

■高鍋町
●レベル2土砂災害注意報

■新富町
●レベル2土砂災害注意報

■西米良村
●レベル2土砂災害注意報

■木城町
●レベル2土砂災害注意報

■川南町
●レベル2土砂災害注意報

■都農町
●レベル4土砂災害危険警報【発表】

■門川町
●レベル2土砂災害注意報

■諸塚村
●レベル2土砂災害注意報

■椎葉村
●レベル2土砂災害注意報

■美郷町
●レベル2土砂災害注意報

■高千穂町
●レベル2土砂災害注意報

■日之影町
●レベル2土砂災害注意報
TBS NEWS DIG Powered by JNN",[],[]
8月下旬からの富山・石川・福井など北陸地方の大雨被害 高市総理が「激甚災害」指定の方針表明（TBS NEWS DIG Powered by JNN）,https://news.yahoo.co.jp/articles/88e1ad691fb576e52af692256f8b702b5af84717,https://newsatcl-pctr.c.yimg.jp/t/amd-img/20260904-07324964-jnn-000-3-thumb.jpg?exp=10800,2026-09-04T13:53:16+09:00,2026-09-04T14:47:11+09:00,TBS NEWS DIG Powered by JNN,jnn,TBS NEWS DIG Powered by JNN,323,"TBS NEWS DIG Powered by JNN
高市総理は、先月下旬からの北陸地方の大雨を千葉豪雨の被害とあわせて激甚災害に指定する見込みだとあきらかにしました。

高市総理
「富山県、石川県、福井県などで多くの被害が確認されています。（千葉豪雨と）一連性があると判断されることから、農地などについて（地域を限定しない）本激の指定が見込まれることとなりました」

高市総理は午前の会議でこのように述べ、先月下旬からの北陸地方の大雨について、激甚災害に指定する見込みであることをあきらかにしました。

また、「大雨などによる災害が多く発生する時期が続く」と述べた上で、関係閣僚らに対し、緊張感を持って対応するよう指示しました。
TBSテレビ",[],[]
「二兎を追っている」片山さつき財務大臣が強い経済と財政の持続可能性を両立させると強調 来年度予算案の概算要求143兆円超（TBS NEWS DIG Powered by JNN）,https://news.yahoo.co.jp/articles/11858cece913d1bcbcd38d0ae4bafef8d65aa41b,https://newsatcl-pctr.c.yimg.jp/t/amd-img/20260904-07324967-jnn-000-2-thumb.jpg?exp=10800,2026-09-04T13:53:01+09:00,2026-09-04T13:54:07+09:00,TBS NEWS DIG Powered by JNN,jnn,TBS NEWS DIG Powered by JNN,385,"TBS NEWS DIG Powered by JNN
概算要求が過去最大の143兆円を超えて、市場では財政悪化への懸念が高まるなか、片山財務大臣は強い経済と財政の持続可能性を両立させると強調しました。

片山さつき 財務大臣
「責任ある積極財政のもと、強い経済をつくるという成長路線と財政の規律を維持するという持続可能性は二兎を追っていると、その両方を両立させる」

来年度予算案の概算要求は143兆656億円となり、今年度当初予算の122.3兆円を大きく超え、これに昨年度の補正予算を加えた140.6兆円からも増えました。

目玉の「強く豊かな日本」投資枠は12兆1730億円と要求が膨らみましたが、片山大臣は民間投資を引き出して成長につながるのか、費用対効果を重視して査定すると強調。

その上で、通年の国債発行額もコントロールする考えを示しました。
TBSテレビ",[],[]
京都府内初の「緊急銃猟」でクマ2頭殺処分も…子グマ1頭の目撃情報 住民に警戒呼びかけ 京都・舞鶴市（TBS NEWS DIG Powered by JNN）,https://news.yahoo.co.jp/articles/d2d9fbb1ef5a3eb997755e69941ef506a220b6c9,https://newsatcl-pctr.c.yimg.jp/t/amd-img/20260904-07324965-jnn-000-2-thumb.jpg?exp=10800,2026-09-04T13:50:24+09:00,2026-09-04T13:51:21+09:00,TBS NEWS DIG Powered by JNN,jnn,TBS NEWS DIG Powered by JNN,343,"TBS NEWS DIG Powered by JNN
昨夜、緊急銃猟が行われ、クマ2頭が殺処分された京都府舞鶴市でけさ、子グマ1頭の目撃情報がありました。

きのう午後5時すぎ、舞鶴市大波下の住宅の軒下でツキノワグマ2頭が見つかり、市などは昨夜、府内で初となる緊急銃猟を行い、メスの親グマとオスの子グマを殺処分しました。

クマがいた住宅の住人
「さっと見たときは、犬か猫かと思ったんですけど、奥見たら親グマがおったんです」

市によりますと、当初、「クマが3頭いる」という目撃情報が入っていて、きょう午前7時ごろ、子グマ1頭が現場の住宅のすぐ近くで、午前9時ごろにはおよそ100メートル南にある工場の中で目撃されたということです。

市は住民に警戒を呼びかけています。
TBSテレビ",[],[]
【第一子出産・原幹恵】赤ちゃんの寝顔を公開「小さな命はとても愛おしく」 ファンから祝福続々（TBS NEWS DIG Powered by JNN）,https://news.yahoo.co.jp/articles/b8f033348a2db9ade4d060e649410d220abcc57a,https://newsatcl-pctr.c.yimg.jp/t/amd-img/20260904-22921107-jnn-000-1-view.jpg?exp=10800,2026-09-04T13:42:17+09:00,2026-09-04T13:42:17+09:00,TBS NEWS DIG Powered by JNN,jnn,TBS NEWS DIG Powered by JNN,657,"TBS NEWS DIG Powered by JNN
俳優の原幹恵さんが、9月4日にインスタグラムを更新。第一子を出産したことを知らせました。
【写真を見る】【第一子出産・原幹恵】赤ちゃんの寝顔を公開「小さな命はとても愛おしく」 ファンから祝福続々
原さんは「私事ではございますが、この度、無事に第一子を出産いたしましたことをご報告いたします。」とコメント。

自身の手のひらに、赤ちゃんの小さな両足をのせた写真、すやすやと眠る赤ちゃんの寝顔を投稿。「生まれてきてくれた小さな命はとても愛おしく、日々の成長を感じながら幸せな時間を過ごしております」と、近況を綴っています。

今後については「体調とも相談しつつ少しずつお仕事も再開してまいりますので、これからも変わらず温かく見守っていただけますと幸いです。」と、ファンや関係者に呼びかけています。

この投稿に「わぁぁ!おめでとうございます」「家族が増えて賑やかになりますね。」「子育てもファイトです」「みきちゃんも、赤ちゃんも健やかに過ごせますように」など、祝福するコメントが続々と寄せられています。

原さんは2025年7月に出演したバラエティ番組で、結婚を公表し、出演者一同を驚かせていました。その後、改めてインスタグラムで「私事で恐縮ですが、このたび結婚いたしました。この節目を、こうして皆さまに直接ご報告できることを心から嬉しく思います。」と、報告していました。

【担当:芸能情報ステーション】
TBS NEWS DIG Powered by JNN",[],[]
千葉・市原市の「イオンタウンたつみ台」でガス漏れ（TBS NEWS DIG Powered by JNN）,https://news.yahoo.co.jp/articles/efa847738ad1d15dad27266ee4af73bd5ca28901,https://newsatcl-pctr.c.yimg.jp/t/amd-img/20260904-07324969-jnn-000-1-view.jpg?exp=10800,2026-09-04T13:32:38+09:00,2026-09-04T13:32:38+09:00,TBS NEWS DIG Powered by JNN,jnn,TBS NEWS DIG Powered by JNN,276,"TBS NEWS DIG Powered by JNN
千葉県市原市のイオンタウンでLPガスが漏れ、店の従業員や客が避難しました。

きょう午前9時すぎ、市原市辰巳台東の「イオンタウンたつみ台」で、「建物裏側にあるガスボンベからガスが噴出している」と店の従業員から119番通報がありました。

警察と消防によりますと、建物の裏側にあるガスタンクからLPガスが漏れていたということです。この影響で、店の従業員と客は避難しましたが、けが人はいないということです。

現在も店舗前の道路を通行止めにし、ガス会社や消防などが対応にあたっています。
TBSテレビ",[],[]
日本から学んだ「カイゼン」「ネマワシ」 “ホームタウン騒動”も…アフリカの高校生が福島でホームステイ　アフリカの“知日派”育成なぜ重要?【news23】（TBS NEWS DIG Powered by JNN）,https://news.yahoo.co.jp/articles/2a06c922e23d2bfe88e7b8d4e81ac0dc539218bd,https://newsatcl-pctr.c.yimg.jp/t/amd-img/20260904-22920063-jnn-000-1-thumb.jpg?exp=10800,2026-09-04T13:22:14+09:00,2026-09-04T13:22:14+09:00,TBS NEWS DIG Powered by JNN,jnn,TBS NEWS DIG Powered by JNN,4192,"TBS NEWS DIG Powered by JNN
「移民が増える」などの誤った情報が広がり、去年、撤回に追い込まれた「アフリカ・ホームタウン」構想。あれから1年、新たな交流事業が始まりました。日本を訪れるアフリカの若者たち。その出会いは、これからの日本に何をもたらすのでしょうか?
【写真を見る】甚平を着て地元の夏祭りへ...福島県広野町で過ごした「3日間のホームステイ」
■福島で過ごす3日間…アフリカ10か国から高校生を招く新プログラム

慣れない環境の中で、互いに夢中で太鼓をたたきました。

福島県・広野町の学校に先週やってきたのは、アフリカの小国・ルワンダの高校生25人。

目的は、ホームステイです。

ルワンダ人のチェシさん（18）とジュリさん（18）。
2人とも日本は初めてです。　　　　　　　　　　

ホストファミリー　宮﨑美穂さん
「初めまして!緊張してる?」

ルワンダの高校生　チェシさん
「少しだけ…」

これから3日間、一緒に過ごすのは、中学生の息子2人がいる宮﨑さん家族です。

ルワンダの高校生　チェシさん
「念のため家のルールを教えてくれますか?」

ルワンダの高校生　ジュリさん
「ルワンダと日本は文化が違うので…」

ホストファミリー　宮﨑美穂さん
「その違いが面白いところなので、大丈夫ですよ!」

実はこれ、外務省による日本とアフリカの若者の相互理解を促進するためのプログラム。
2026年、初めて実施されます。

アフリカ10カ国の名門校から約250人の高校生を招く一方、日本からも大学生らをアフリカ各国に派遣します。

■2025年の「ホームタウン」撤回を経て…SNSには批判的な声も

ただ、アフリカとの交流をめぐっては2025年、TICAD=アフリカ開発会議にあわせて発表された国内4つの自治体とアフリカ4か国の交流を後押しする「ホームタウン」構想。

市役所職員
「多数のモザンビーク人が今治に押し寄せ、定住するというようなものではございません」

「移民が増える」などの誤情報が拡散し、自治体に苦情の電話が相次ぐ事態に。
事業は撤回に追い込まれました。

今回の交流事業についても外務省が発表すると…
外務省Xへのコメント
「人的交流は猛反対。結果移民となって日本人が苦しむ」
「税金を無駄遣いするな。外国人学生に使う税金があるなら日本人学生に使え」

SNSに多くの批判的な意見が書き込まれました。

様々な声があるなか、ホームステイ2日目。
奏輔さんの友達も集まり、腕相撲大会が始まりました。

昼には思い思いの具をのせ、みんなでピザづくり。
地元の名産、サンマにも挑戦します。

奏輔さん
「どう?ルワンダの魚とは違う?」

ジュリさん
「ルワンダの魚は湖にいるから」

チェシさん
「おいしい」

そして…

美穂さん
「二人にプレゼントがあります!」

ジュリさん
「ありがとう」

プレゼントの甚平を着て向かったのは、地元の夏祭りです。

ジュリさん
「みんなと友達になれました。ルワンダに帰っても、日本は僕たちにとって第二の故郷です」

■高まるアフリカの重要性　日本の外交を握る“知日派”の育成

なぜ今アフリカとの交流が重要なのでしょうか。
長年アフリカ外交に携わってきた岡村さんは…

立命館アジア太平洋大学　岡村善文副学長
「（アフリカは）エネルギー資源の供給先として、非常に重要な大陸になっていく。中国はそういった所にどんどん出ていって、鉱物資源についても支配力を高めている。やはり日本はだいぶ遅れてますね」

こうした中、“知日派”の育成は日本にとっても大きなプラスになると話します。　

立命館アジア太平洋大学　岡村善文副学長
「外交は数ですから、どれだけ国の中に、特に意思決定者の中に“知日派”がいるかに左右される。明日明後日に効果が出るものにだけ税金を使うっていうのでは決してない」

実際に、かつて日本で学び、いま日本とアフリカを繋いでいる人もいます。

約10年前に来日したアフリカのコンゴ民主共和国在住のオリヴィエさんは…

オリヴィエさん
「最初の日に一番印象に残ったのは、人々の規律と街の清潔さです。同じくらい印象に残ったのが、人々の温かい歓迎でした。今では日本にたくさんの友人がいます」
そして帰国後、日本企業のアフリカ進出を支援するコンサルティング会社を立ち上げました。

オリヴィエさん
「私が日本から学んだ考え方は、“カイゼン”、“相手へのリスペクト”、そして“ネマワシ”です。今も毎日仕事で使っています。彼らも日本のことを大好きになるでしょう。将来ビジネス面で日本の大使になれると思います」

ルワンダから来日した高校生たちも、日本のホストファミリーと別れのときが。

現地の伝統的なダンスを一緒に踊り、最後の思い出を作ります。

奏輔さん
「最初2人、すごい緊張してて、本当に笑顔すらなくて。でも、いろんなことやって、毎日喋るのがすごく楽しみになって、兄弟って呼ばれてるので、もういつでも友達かなって」　

ジュリさん
「日本での日々は忘れません。人生で最高の時間でした」

チェシさん
「いつか薬学を学ぶため日本に留学したいです。ルワンダと日本の外交の懸け橋になりたいです」

■2050年には4人に1人がアフリカ人に　政府がアフリカに注力するワケ　

小川彩佳キャスター:
交流の中で表情が和らいでいくのも感じました。

今回のこのアフリカ高校生の招へいプログラムも含めて、日本政府はどうしてアフリカとの関係性を大事にしようとしているのでしょうか。

TBS報道局 政治部 大﨑雅基記者:
一つ背景にあるのは、世界でアフリカが圧倒的に存在感を高めているということです。

【アフリカ人口の推移（予測）】※国連「世界人口推計2024年版」
▼現在:約15億人
（世界人口約82億人のうち約18.5％）
▼2050年（予測）:約24億7000万人
（世界人口約96億6000万人のうち約25.5％）

2050年には、世界人口の4人に1人がアフリカ出身になると言われており、大陸全体では平均年齢も19歳と非常に若くなっています。

そうした中で、特に若い世代の知日派を育てることが、日本にとって重要だということで政府も力を入れています。

藤森祥平キャスター:
こうした中で、日本のアフリカへの向き合いはどのように感じますか。
東京大学准教授　斎藤幸平さん:
全然足りないと思います。

今アフリカへ行くと、みんな中国製のスマホを持ち、それを中国製のソーラーパネルで充電して使っています。

そういう意味で中国は、マーケットを開拓しながらインフラにも投資をし、現地に企業を作って資源を獲得しているわけです。コンゴだったらコバルトなどの資源も、今や中国企業がどんどん持っていってしまっています。

日本も知日派の人たちを現地で養成したり、逆に日本人が向こうに行ってビジネスをやったり、そうしたことも含めて支援していかないと取り残されていくのではないかと危惧しています。

■「予算10億円」めぐり　ネット上ではデマも

小川キャスター:
新たな事業が始まったわけですが、今回もネット上には「アフリカの高校生に税金10億円がばらまかれる」といったような批判やデマなどもたくさん出てきました。

TBS報道局 政治部 大﨑雅基記者:
アフリカの高校生の招へいをめぐり、ネット上では「アフリカの学生に100万円ずつ配られる」といったデマなどが広がりました。

10億円は、1年間の事業全体の上限予算の話であり、例えばアフリカの学生が今回のように日本に来る時や、日本の学生がアフリカに行く時の渡航費や滞在費といった実費に当てられるだけであり、誤解が広がっていると感じます。

藤森キャスター:
海外交流が、何かと昔に比べて難しく感じる状況になっていますが、ドイツで生活されていた時はどうでしたか?

東京大学准教授　斎藤幸平さん: 
僕もドイツ政府から奨学金をもらって留学し、今こうして研究職に就いているので、いわば「知独派」ですし、ドイツに対する印象はすごくいいんですよね。

ところが、そんなドイツでも今、戦争に予算を使わなければいけなかったり、経済状況が良くない中で、学術交流や外国人向けの奨学金を減らしていこうという動きがすでに進んでしまっています。

最近は極右政党なども台頭する中で、「外国人優先よりも自国優先にしよう」という流れは、日本だけでなくドイツなどでも出てきてしまっています。
ですが、こういう戦争が起きる時代だからこそ、若い世代を巻き込んで文化や学問での交流をやっていくことが、将来への種を蒔くことにつながるんじゃないかと思いますね。

小川キャスター:
まさに一朝一夕とはいかない交流関係でもあるわけですから、国としても「この事業がなぜ行われるのか」「どのような効果があり、どう活かされるのか」ということを丁寧に説明する努力が必要だと感じます。

草の根の「顔と顔を合わせての交流」というのは、本当に土台を築いていきますよね。

TBS報道局 政治部 大﨑雅基記者:
今回、ルワンダ人学生を受け入れたホストファミリーの方にお話を伺ったのですが、「ホームタウン騒動があって、最初はアフリカの学生を受け入れることがとても不安だった」とおっしゃっていました。

ただ、子どもたちの交流を見ているうちに「『アフリカ』という広い主語で一括りにして捉えることがいかに危険か」にハッとさせられたといいます。

私たち自身も、目の前のデマに惑わされないよう、個人個人でしっかり向き合って付き合っていかなければいけないのではないかと、取材を通しても強く感じました。

==========
＜プロフィール＞
斎藤幸平さん
東京大学准教授専門は経済・社会思想
ドイツで修士・博士号を取得 計7年在住

大﨑雅基
TBS政治部 外務省担当
元NGO職員でケニア駐在の経験も
「アフリカ・ホームタウン事業」撤回騒動など取材
TBS NEWS DIG Powered by JNN",[],[]
【コロチキ・西野創人】大会目指し “バキバキ筋肉” までの変化を公開「フリーザの変身みたいだ」　最新は「デカい!」（TBS NEWS DIG Powered by JNN）,https://news.yahoo.co.jp/articles/e117a6b681f5ae2cfa863ff8b28d3ca75d05223a,https://newsatcl-pctr.c.yimg.jp/t/amd-img/20260904-22921101-jnn-000-2-view.jpg?exp=10800,2026-09-04T13:18:18+09:00,2026-09-04T13:20:27+09:00,TBS NEWS DIG Powered by JNN,jnn,TBS NEWS DIG Powered by JNN,615,"TBS NEWS DIG Powered by JNN
お笑いコンビ・コロコロチキチキペッパーズの西野創人さんが9月1日と2日、自身のインスタグラムを更新。大会を目指して、鍛え上げてきた “筋肉の変化” を複数の画像を投稿し伝えています。
【写真を見る】【コロチキ・西野創人】大会目指し “バキバキ筋肉” までの変化を公開「フリーザの変身みたいだ」　最新は「デカい!」
西野さんは「長かった減量がもう少しで終わります　大会が終わったら4ヶ月我慢したお酒を飲みます。中華も食べます。もちろんI'mドーナッツも。」と綴り、3月から9月までの写真と投稿。

3月の写真では、筋肉はあるものの、まだ、絞り切れていない様子。しかし、4月、5月、6月と月日が経つにつれて、その肉体は変化を遂げていきます。

そして、迎えた9月…

割れた腹筋や盛り上がった胸筋が印象的な姿に…さらに、最新の写真では、パンツ一つで “バキバキ化した筋肉” を披露。

最後に西野さんは「大会まであと19日」と綴り、結びました。

この投稿に「フリーザの変身みたいだ」「素晴らしい!あと少し!」「1ヶ月でえらいかわりましたね。すごい」 最新はの投稿に関しても「デカい!」「かっこよすぎます」「凄いやないの!!」「私も負けずがんばろ」など、多くのコメントが寄せられています。

【担当:芸能情報ステーション】
TBS NEWS DIG Powered by JNN",[],[]
【速報】ネパール・中国の大規模土石流 水力発電所で生存者2人を救出 災害発生から9日（TBS NEWS DIG Powered by JNN）,https://news.yahoo.co.jp/articles/d930fd589f5dfc0ac246b8162802ae83143ded7e,https://newsatcl-pctr.c.yimg.jp/t/amd-img/20260904-07324968-jnn-000-8-thumb.jpg?exp=10800,2026-09-04T13:17:27+09:00,2026-09-04T16:17:42+09:00,TBS NEWS DIG Powered by JNN,jnn,TBS NEWS DIG Powered by JNN,465,"TBS NEWS DIG Powered by JNN
大規模な土石流が起きたネパールと中国との国境付近で、多数の作業員らが閉じ込められたネパール側の水力発電所から少なくとも2人の生存者が助け出されたと、地元メディアが報じました。災害発生から9日が経っての救出となります。
【写真で見る】懐中電灯の明かりを頼りに進む隊員 難航する捜索活動の様子
ネパールメディアなどは4日、先月26日に起きた大規模な土石流で被災した国境付近の水力発電所から、少なくとも2人の生存者が救出されたと報じました。

この発電所では、トンネル内に多数の作業員らが閉じ込められていましたが、現地で捜索に立ち会ったとみられるネパールの国会議員は、内部から「複数の人の声が聞こえた」と明らかにしていました。

救出された2人の健康状態などは分かっていません。

ネパールでは土石流により、川沿いにある10か所以上の水力発電所が被害を受け、合わせておよそ900人が行方不明になっていて、このうち数百人がトンネル内に取り残されているとみられています。
TBSテレビ",[],[]
「まんじゅうや」「だんごさん」東京高裁も「無効」と判断…茨城・神栖市長選訴訟「なぜ名前で書かない?」市民からは困惑の声も【news23】（TBS NEWS DIG Powered by JNN）,https://news.yahoo.co.jp/articles/1ced502a983fa656b7e9942ea4fc835f82ac9002,https://newsatcl-pctr.c.yimg.jp/t/amd-img/20260904-22919999-jnn-000-1-thumb.jpg?exp=10800,2026-09-04T13:00:32+09:00,2026-09-04T13:00:32+09:00,TBS NEWS DIG Powered by JNN,jnn,TBS NEWS DIG Powered by JNN,1559,"TBS NEWS DIG Powered by JNN
茨城県神栖市の市長選をめぐり、「まんじゅうや」などと書かれた票が有効か無効かが争われた裁判。東京高裁は3日、改めて票は「無効」だと判断。訴えを退けました。
【写真を見る】「市内に和菓子屋は9軒」東京高裁が下した判決は…
■東京高裁「まんじゅうや」は無効と判断　現市長の当選認めず

人口9万人余りの茨城県神栖市。
今、市長選結果をめぐり市民に困惑が広がっています。

神栖市民
「神栖にとっては変なことで有名になり、凄く恥ずかしい」

2025年11月に行われた市長選。
2人の候補者の得票がともに1万6724票となりました。

勝敗を分けたのは、まさかの「くじ引き」。

その結果、木内氏が当選し、現職だった石田氏は市長選に敗れ、市役所を去ることになりました。

神栖市　石田前市長
「いま私は『日本で一番くじ運のない市長』と呼ばれている。万が一復活するときには『この退任式は何だったのか』となるかも」

石田氏はその後、県の選挙管理委員会に審査を申し立てました。

すべての票を改めて点検したところ、投票用紙に「まんじゅうや」、「だんごさん」と書かれた2票について県の選管は無効票と判断。

木内氏の当選を取り消す裁決を出しました。

神栖市　木内市長
「おふくろの腹の中にいるときから私はまんじゅう屋。私を神栖で『まんじゅう屋』と呼ばない者はいない」

木内氏側はこの裁決の取り消しを求め、裁判を起こしました。

3日の判決で東京高裁は…

判決
「神栖市内には和菓子店が少なくとも9軒あって、木内氏の実家の菓子製造会社が独占状態にあるとの事実は認められない」

「『だんごさん』や『まんじゅうや』との呼称が、木内氏を指すものだと明らかではない」などと指摘。2票を無効と判断し、木内氏側の訴えを退けました。

■「なぜ名前で書かない?」市民からは困惑の声

この判決に、木内氏は不満を口にしました。

神栖市　木内市長
「私の小さいときには和菓子屋は私のところ一軒だった。選挙に出ている人に和菓子屋さんで立候補している人は誰もいない。そこは少しおかしいと思う」
上告については「弁護士と相談して検討する」とした木内氏。

ただ、このまま判決が確定すれば、石田氏が市長に就くことになります。

神栖市　石田前市長
「くじ引きで当選した人が、9か月以上市長になっていて、市民も役所も大変な混乱な状況。何とか早く復帰して、市政を進めてまいりたいという気持ち」

「まんじゅうや」などの票を有効とした神栖市選管は、3日、会見を開き、木内氏が市議時代から周囲に「まんじゅう屋」と呼ばれていたとの認識だったと説明しました。

一方、市民は…

神栖市民
「知っている人はいると思うが、市民全員が知っていることではない」
「無効でしょう。だって名前が『木内さん』だから。なんで木内って書かないの?」

■有効・無効のラインはどこに? 一票の伝え方

東京大学准教授　斎藤幸平さん:
「まんじゅうや」と書いた人が、本当に有効になると思って書いたのか、ふざけて書いたのかもわからないですし、市の選管も、何をもってカウントすべきだと判断したのかが分からないですよね。

何なら「まんじゅう屋を応援しようとした」という私情が入っているのではないかという疑惑も呼んでしまうので、このような結果になるのはよくないと思います。

今回をきっかけに、何を無効票とするかの判断を明確化したり、あるいはマークシートやデジタル投票にしたり、やり方を考えたほうがよいですね。

藤森祥平キャスター:
アップデートしていく必要がありますね。
TBS NEWS DIG Powered by JNN",[],[]
「人とのつながりをすごく感じた」国内最大級の竜巻から1年　ハウス全壊のイチゴ農家が自ら情報発信で完全復活へ　静岡・牧之原市【現場から、】（TBS NEWS DIG Powered by JNN）,https://news.yahoo.co.jp/articles/b27f40fda36e12ea4da40ce1a0e4de86abeb37b4,https://newsatcl-pctr.c.yimg.jp/t/amd-img/20260904-07324914-jnn-000-2-thumb.jpg?exp=10800,2026-09-04T13:00:15+09:00,2026-09-04T13:02:02+09:00,TBS NEWS DIG Powered by JNN,jnn,TBS NEWS DIG Powered by JNN,901,"TBS NEWS DIG Powered by JNN
シリーズ「現場から、」。静岡県で国内最大級の竜巻が発生してから、あすで1年です。壊滅寸前の被害を受けたイチゴ農家が、早くも完全復活を果たそうとしています。農家の歩みには現代の共助のあり方が示されています。

静岡県牧之原市のイチゴ農家・杉山泰行さん。農家を始めて16年になりますが、去年、廃業の危機に見舞われました。

去年9月5日、風速75メートルを観測した竜巻。最も被害の大きかった牧之原市は78人が重軽傷を負い、住宅被害は1350棟に及びました。

記者
「ここが一番深い、ガーンとへこんじゃってますね」

この時、杉山さんは栽培面積の8割に当たる3棟のハウスが全壊。およそ3000万円の被害を受けました。

おかげさまです杉山農園　杉山泰行さん（去年9月）
「何も言葉が出なくて。信じられなくて」

あれから1年。杉山さんは災害に強いハウスづくりを進めています。

杉山泰行さん
「ハウスの間口を狭くしたり、高さも低くしたり、補強も1.5倍に増やして強くしたりしています」

心身ともに疲れる復興作業。杉山さんを支えたものの1つが、SNSを通して寄せられた励ましの声や救いの手です。

杉山泰行さん
「記録として残して、今後の励みになるかなと思って、情報発信はしていました」

こうした記録と発信が復興へのつながりを生み出しました。

杉山泰行さん
「イチゴを買いに来てくれるお客さん、同業の方、インスタからつながって声をかけてくれた人もいる。ボランティアの方は東京から学生さんが来てくれた」

当時の農水大臣に陳情に行くなど、自ら先頭に立って農家の苦境を発信し続けました。

こうした取り組みが実を結び、ハウス再建のためのクラウドファンディングは目標を大きく上回る340万円を集めました。

おかげさまです杉山農園　杉山泰行さん
「人とのつながりを今回すごく感じたし、人の心の支えで1年間やってこられたなって、すごく思います」

自ら動き、発信することで拓けた復興への道筋。自然災害が相次ぐ現代の共助の手本となりそうです。
TBSテレビ",[],[]
青森県、岩手県で最大震度1の地震　青森県・八戸市、三戸町、五戸町、青森南部町、階上町、岩手県・盛岡市（TBS NEWS DIG Powered by JNN）,https://news.yahoo.co.jp/articles/5a645e85d127de87e6dc536bc0c2478f85238cf7,https://newsatcl-pctr.c.yimg.jp/t/amd-img/20260904-22921082-jnn-000-1-view.jpg?exp=10800,2026-09-04T12:56:14+09:00,2026-09-04T12:56:14+09:00,TBS NEWS DIG Powered by JNN,jnn,TBS NEWS DIG Powered by JNN,368,"TBS NEWS DIG Powered by JNN
4日午後0時52分ごろ、青森県、岩手県で最大震度1を観測する地震がありました。

気象庁によりますと、震源地は岩手県沖で、震源の深さはおよそ40km、地震の規模を示すマグニチュードは3.9と推定されます。
【詳細】各地の震度一覧・最新LIVE
この地震による津波の心配はありません。

最大震度1を観測したのは、青森県の八戸市、三戸町、五戸町、青森南部町、それに階上町、岩手県の盛岡市と軽米町です。

【各地の震度詳細】

■震度1
□青森県
八戸市　三戸町　五戸町
青森南部町　階上町

□岩手県
盛岡市　軽米町

気象庁の発表に基づき、地域ごとに震度情報をお伝えしています。
新たな情報が発表され次第、情報を更新します。
TBS NEWS DIG Powered by JNN",[],[]
【レベル3大雨警報】宮崎県・新富町に発表 12:52時点（TBS NEWS DIG Powered by JNN）,https://news.yahoo.co.jp/articles/265e19d74156d43968ff6f383db465ca881b1970,https://newsatcl-pctr.c.yimg.jp/t/amd-img/20260904-22921080-jnn-000-1-view.jpg?exp=10800,2026-09-04T12:54:19+09:00,2026-09-04T12:54:19+09:00,TBS NEWS DIG Powered by JNN,jnn,TBS NEWS DIG Powered by JNN,511,"TBS NEWS DIG Powered by JNN
気象台は、4日午後0時52分に、レベル3大雨警報を新富町に発表しました。

南部平野部、北部平野部、南部山沿いでは、低い土地の浸水や河川の増水に警戒してください。
【現在地の防災情報を確認】
【大雨警報（発表中）】
■宮崎市
●レベル3大雨警報

■都城市
●レベル3大雨警報

■延岡市
●レベル3大雨警報

■日南市
●レベル3大雨警報

■小林市
●レベル3大雨警報

■日向市
●レベル3大雨警報

■串間市
●レベル2大雨注意報

■西都市
●レベル3大雨警報

■えびの市
●レベル2大雨注意報

■三股町
●レベル2大雨注意報

■高原町
●レベル2大雨注意報

■国富町
●レベル3大雨警報

■綾町
●レベル3大雨警報

■高鍋町
●レベル3大雨警報

■新富町
●レベル3大雨警報【発表】

■西米良村
●レベル2大雨注意報

■木城町
●レベル2大雨注意報

■川南町
●レベル2大雨注意報

■都農町
●レベル3大雨警報

■門川町
●レベル3大雨警報

■美郷町
●レベル2大雨注意報
TBS NEWS DIG Powered by JNN",[],[]
急激な円高進行 一時1ドル＝155円台に　日銀の利上げ観測や米FRB利上げ観測後退で2日で5円進む（TBS NEWS DIG Powered by JNN）,https://news.yahoo.co.jp/articles/a4f1e268d878c21f7b192752b0d44b23263e1b54,https://newsatcl-pctr.c.yimg.jp/t/amd-img/20260904-07324927-jnn-000-3-thumb.jpg?exp=10800,2026-09-04T12:42:14+09:00,2026-09-04T12:46:13+09:00,TBS NEWS DIG Powered by JNN,jnn,TBS NEWS DIG Powered by JNN,200,"TBS NEWS DIG Powered by JNN
きのう、1ドル＝155円台まで急激に円高が進んだ円相場。日銀が利上げを加速するとの見方が強まっていることに加え、アメリカの中央銀行にあたるFRBの利上げ観測が後退したことで円が買われました。

きょうの外国為替市場では、一時、1ドル＝155円20銭台をつけるなど、おとといの時点での1ドル＝160円台から5円ほど円高が進みました。
TBSテレビ",[],[]
【空の便】台風24号でJALは40便欠航　約1300人に影響　4日12時現在（TBS NEWS DIG Powered by JNN）,https://news.yahoo.co.jp/articles/98f904e4b9d847fe3a7860ec656c34752ba6f288,https://newsatcl-pctr.c.yimg.jp/t/amd-img/20260904-07324952-jnn-000-1-view.jpg?exp=10800,2026-09-04T12:32:51+09:00,2026-09-04T12:32:51+09:00,TBS NEWS DIG Powered by JNN,jnn,TBS NEWS DIG Powered by JNN,212,"TBS NEWS DIG Powered by JNN
鹿児島県奄美地方の沖合に停滞する台風24号の影響で、空の便に欠航が出ています。

日本航空では、鹿児島空港や奄美大島など県内の島を行き来する便を中心に、あわせて40便が欠航となります。

1264人に影響が出る見通しで、伊丹空港や福岡空港を出発する一部の便にも欠航が出ています。

全日空は、4日11時現在で台風による欠航は発生していないということです。
TBSテレビ",[],[]
紀伊半島大水害から15年 和歌山・新宮市で献花式　総降水量1000ミリ超の豪雨で56人死亡（TBS NEWS DIG Powered by JNN）,https://news.yahoo.co.jp/articles/ee014728677a902642fdd664af63eb3e82d96240,https://newsatcl-pctr.c.yimg.jp/t/amd-img/20260904-07324943-jnn-000-2-thumb.jpg?exp=10800,2026-09-04T12:31:27+09:00,2026-09-04T12:32:26+09:00,TBS NEWS DIG Powered by JNN,jnn,TBS NEWS DIG Powered by JNN,206,"TBS NEWS DIG Powered by JNN
紀伊半島大水害から15年、和歌山県新宮市で献花式が行われました。

2011年に発生した台風12号では、紀伊半島の広い範囲で総降水量1000ミリを超える記録的な大雨が降り、和歌山県内では地滑りや土石流などが発生し、56人が亡くなりました。

15年を迎えたきょう、和歌山県新宮市では市の職員や関係者らが献花式を行い、犠牲者の冥福を祈りました。
TBSテレビ",[],[]
宮崎県・南部平野部、南部山沿いに「線状降水帯直前予測」（TBS NEWS DIG Powered by JNN）,https://news.yahoo.co.jp/articles/774526426a2fb57e3ff51d71a411cdb637711e6a,https://newsatcl-pctr.c.yimg.jp/t/amd-img/20260904-07324961-jnn-000-3-thumb.jpg?exp=10800,2026-09-04T12:31:16+09:00,2026-09-04T12:38:08+09:00,TBS NEWS DIG Powered by JNN,jnn,TBS NEWS DIG Powered by JNN,327,"TBS NEWS DIG Powered by JNN
きょう（4日）午後0時19分に、「線状降水帯直前予測」の速報が宮崎県・南部平野部、南部山沿いに発表されました。この地域では、遅くとも3時間以内に線状降水帯が発生する可能性が高まっています。

「線状降水帯」にならなくても、災害につながるような非常に激しい雨が降ることが予想されています。気象庁は「線状降水帯が発生してから屋外へ避難するのは危険だ」として、この段階で速やかに適切な防災行動をとってほしいとしています。

自治体からの避難情報を確認してください。

また、いま自分のいる場所が浸水想定区域や土砂災害警戒区域など、危険度の高い場所かどうかをハザードマップで確認してください。
TBSテレビ",[],[]
大規模土石流発生のネパールに対し「国際機関への資金供与を通じた支援の準備を進めている」　木原官房長官会見で（TBS NEWS DIG Powered by JNN）,https://news.yahoo.co.jp/articles/d12bdeeec5368fdd527d9a012065a30bc4bb9baa,https://newsatcl-pctr.c.yimg.jp/t/amd-img/20260904-07324955-jnn-000-1-view.jpg?exp=10800,2026-09-04T12:30:04+09:00,2026-09-04T12:30:04+09:00,TBS NEWS DIG Powered by JNN,jnn,TBS NEWS DIG Powered by JNN,378,"TBS NEWS DIG Powered by JNN
大規模な土石流が発生したネパールに対し、木原官房長官はきょう（4日）、国際機関への資金提供を通じた支援の準備を進めていることをあきらかにしました。

木原官房長官は午前の記者会見で、国際緊急援助隊として、犠牲者の身元確認を支援する専門家チームがきょうにもネパールの被災地に到着し、2週間程度の活動をおこなうことを発表しました。

また、医療チームとしてJICA=国際協力機構の調査団が現地に到着していますが、木原長官は、「現地入りしているJICA調査団を通じて、医療ニーズ等を特定していく」と述べました。

さらに、国際機関への資金提供を通じた支援についても、準備を進めていることをあきらかにした上で、「ネパールの被害状況を踏まえ、今後もできる限りの支援を実施していく」と強調しました。
TBSテレビ",[],[]
【レベル4土砂災害危険警報】宮崎県・都城市に発表 12:26時点（TBS NEWS DIG Powered by JNN）,https://news.yahoo.co.jp/articles/922b797552486b7f892ba107fd950a6c51aa8c37,https://newsatcl-pctr.c.yimg.jp/t/amd-img/20260904-22920890-jnn-000-1-view.jpg?exp=10800,2026-09-04T12:28:14+09:00,2026-09-04T12:28:14+09:00,TBS NEWS DIG Powered by JNN,jnn,TBS NEWS DIG Powered by JNN,642,"TBS NEWS DIG Powered by JNN
気象台は、4日午後0時26分に、レベル4土砂災害危険警報を都城市に発表しました。

南部平野部、南部山沿いでは、土砂災害に厳重に警戒してください。
【現在地の防災情報を確認】
【土砂災害警報（発表中）】
■宮崎市
●レベル4土砂災害危険警報

■都城市
●レベル4土砂災害危険警報【発表】

■延岡市
●レベル2土砂災害注意報

■日南市
●レベル2土砂災害注意報

■小林市
●レベル4土砂災害危険警報

■日向市
●レベル2土砂災害注意報

■串間市
●レベル2土砂災害注意報

■西都市
●レベル2土砂災害注意報

■えびの市
●レベル2土砂災害注意報

■三股町
●レベル2土砂災害注意報

■高原町
●レベル2土砂災害注意報

■国富町
●レベル2土砂災害注意報

■綾町
●レベル4土砂災害危険警報

■高鍋町
●レベル2土砂災害注意報

■新富町
●レベル2土砂災害注意報

■西米良村
●レベル2土砂災害注意報

■木城町
●レベル2土砂災害注意報

■川南町
●レベル2土砂災害注意報

■都農町
●レベル2土砂災害注意報

■門川町
●レベル2土砂災害注意報

■諸塚村
●レベル2土砂災害注意報

■椎葉村
●レベル2土砂災害注意報

■美郷町
●レベル2土砂災害注意報

■高千穂町
●レベル2土砂災害注意報

■日之影町
●レベル2土砂災害注意報
TBS NEWS DIG Powered by JNN",[],[]
「車盗んでこい」東京・町田市で強盗予備事件 男4人逮捕　アパートでバールなど所持 犯行機会うかがったか 「車の場所言わなかったらしばく」　警視庁（TBS NEWS DIG Powered by JNN）,https://news.yahoo.co.jp/articles/d1c12f008af291adebf7956982482527ea34d230,https://newsatcl-pctr.c.yimg.jp/t/amd-img/20260904-07324959-jnn-000-1-view.jpg?exp=10800,2026-09-04T12:21:18+09:00,2026-09-04T12:21:18+09:00,TBS NEWS DIG Powered by JNN,jnn,TBS NEWS DIG Powered by JNN,436,"TBS NEWS DIG Powered by JNN
東京・町田市のアパートで強盗目的でバールなどを所持し、犯行の機会をうかがったとして、男4人が逮捕されました。

強盗予備の疑いで逮捕されたのは、無職の坂田春弥容疑者（22）と職業不詳の上平龍容疑者（25）ら4人です。

坂田容疑者らは今年4月、町田市のアパートで、強盗目的でバールなどを所持し、20代女性の部屋のインターホンを押すなどして、犯行の機会をうかがった疑いがもたれています。

警視庁によりますと、上平容疑者が事件の数日前に秘匿性の高いアプリを通じて別の人物から「車を盗んでこい」と依頼を受け、その後、坂田容疑者ら3人に「目的は車か車の鍵の回収です」「車の場所を言わなかったらしばく」などと指示を出していたということです。

調べに対し、坂田容疑者と上平容疑者を含む3人は容疑を認めているということですが、1人は黙秘しています。

警視庁は、他にも犯行に関わった人物がいるとみて調べています。
TBSテレビ",[],[]
【 4.5kg減 】友近 ダイエット成功＆方法を公開「レッツ健康食よ」写真満載　さらに「30分早歩きをしてます!」（TBS NEWS DIG Powered by JNN）,https://news.yahoo.co.jp/articles/e7fba90b2d15487b4c842f2e6176ae43bb868ec5,https://newsatcl-pctr.c.yimg.jp/t/amd-img/20260904-22920688-jnn-000-1-view.jpg?exp=10800,2026-09-04T12:18:20+09:00,2026-09-04T12:18:20+09:00,TBS NEWS DIG Powered by JNN,jnn,TBS NEWS DIG Powered by JNN,573,"TBS NEWS DIG Powered by JNN
お笑いタレントの友近さんが、自身が扮するベテラン演歌歌手・水谷千重子名義で運営するインスタグラムを更新。ダイエットに成功したことを報告しました。
【写真を見る】【 4.5kg減 】友近 ダイエット成功＆方法を公開「レッツ健康食よ」写真満載　さらに「30分早歩きをしてます!」
友近さんは「健康診断や人間ドックで毎年肝臓の数値がよくないからいよいよ食生活見直しましたわよ」と、投稿。

野菜中心の色とりどりな食事の写真をシェア。「野菜、鶏胸肉、蒸し料理、納豆、酢の物を作って1ヶ月続けてますわよ!」と、明かしました。

さらに「あとは30分早歩きをしてます!」と日々、運動をこなした結果「1ヶ月で4.5キロ体重落ちましたわよ」と、短期間でダイエットに成功したことを知らせました。

「これを一生千重子続けるつもりよ」と、引き続き食生活に気を付けることを宣言した友近さんは「皆様もお身体が1番大事だからね!レッツ健康食よ」とファンに呼びかけました。

この投稿に「千重子先生エライです〜」「1ヶ月でそんなに体重が!!!すごーいです!見習います!」「レシピ本出して下さい」などのコメントが寄せられています。

【担当:芸能情報ステーション】
TBS NEWS DIG Powered by JNN",[],[]
食料品の消費税1％めぐり税制改正大綱の原案　政府が提示　農林漁業者に給付金を明記（TBS NEWS DIG Powered by JNN）,https://news.yahoo.co.jp/articles/576adff564eba921f3382d773ee17dcb9707edb2,https://newsatcl-pctr.c.yimg.jp/t/amd-img/20260904-07324948-jnn-000-2-thumb.jpg?exp=10800,2026-09-04T12:16:38+09:00,2026-09-04T12:17:38+09:00,TBS NEWS DIG Powered by JNN,jnn,TBS NEWS DIG Powered by JNN,391,"TBS NEWS DIG Powered by JNN
政府はきょう、自民党の税制調査会の幹部会合に食料品の消費税減税を盛り込んだ税制改正大綱の骨子案を示しました。影響を受ける農林漁業者に対して、給付金を支給する方針を明記しています。

自民党の税制調査会はけさ、幹部会合をひらき、税制改正大綱の骨子案について意見を交わしました。

このうち、減税の影響を受ける農林漁業者への対応として、「個別の売上高を踏まえた金額を給付する仕組みを導入」すると明記しています。

また、現在は法律で義務づけられている消費税を含めた価格の「総額表示」に特例を設ける方針を確認しました。

自民党　小野寺五典 税制調査会長
「丁寧な議論を積み重ねていって、そして、なるべく来週中には党内の意見の集約ができればなと思っている」

与党は今月中旬をめどに大綱をとりまとめることにしています。
TBSテレビ",[],[]
マッチングアプリで知り合った20代女性に自宅マンションで性的暴行か 会社員の28歳男を逮捕 容疑を否認（TBS NEWS DIG Powered by JNN）,https://news.yahoo.co.jp/articles/913f560931b487f6e4e74897e7010fc82c7a9263,https://newsatcl-pctr.c.yimg.jp/t/amd-img/20260904-07324947-jnn-000-5-thumb.jpg?exp=10800,2026-09-04T12:14:47+09:00,2026-09-04T14:20:02+09:00,TBS NEWS DIG Powered by JNN,jnn,TBS NEWS DIG Powered by JNN,422,"TBS NEWS DIG Powered by JNN
マッチングアプリで知り合った初対面の女性を自宅マンションに誘い、性的暴行を加えたとして、28歳の会社員の男が逮捕されました。
【写真を見る】不同意性交の疑いで逮捕された会社員の28歳男「無理やり押し倒してやったことではありません」と容疑否認
不同意性交の疑いで逮捕されたのは、東京・品川区上大崎の会社員・高橋彩人容疑者（28）で、今年4月、自宅マンションで、マッチングアプリで知り合った20代の女性に性的暴行を加えた疑いがもたれています。

警視庁によりますと、高橋容疑者は女性と初対面でしたが、目黒駅前で待ち合わせをした後自宅へ誘い、30分ほど会話してから突然キスを迫り、女性が逃げようとすると押し倒して犯行に及んだということです。

取り調べに対し、高橋容疑者は「無理やり押し倒してやったことではありません」と容疑を否認しています。

警視庁は余罪の有無を調べています。
TBSテレビ",[],[]
「壁を作れ」ホワイトハウスがゲームでトランプ政権の功績アピール　中間選挙控え物価高などの問題から国民の目をそらす狙いも（TBS NEWS DIG Powered by JNN）,https://news.yahoo.co.jp/articles/1b579f54073584844cb9277c6f043a7324d90375,https://newsatcl-pctr.c.yimg.jp/t/amd-img/20260904-07324930-jnn-000-2-thumb.jpg?exp=10800,2026-09-04T12:10:45+09:00,2026-09-04T12:11:47+09:00,TBS NEWS DIG Powered by JNN,jnn,TBS NEWS DIG Powered by JNN,411,"TBS NEWS DIG Powered by JNN
アメリカ・トランプ政権の行方を左右する「中間選挙」が2か月後に迫る中、ホワイトハウスは大統領の政策をアピールするオンラインゲームを公開しました。

記者
「ビルド・ザ・ウォール＝壁を作れというゲームですが、始めてみると、日本でもおなじみの“あのゲーム”にしか見えません」

ホワイトハウスは3日、公式ホームページの中にオンラインゲームを集めた「ホワイトハウス・アーケード」を公開しました。

ゲームは5種類で、不法移民対策などトランプ政権の政策をアピールするような内容になっています。

ゲームの公開についてホワイトハウスの報道担当者は、「トランプ政権は革新的な方法で大統領の功績をすべてのアメリカ国民の心に響く形で伝えることに全力を注いでいる」とコメント。

中間選挙が迫る中、物価高やイラン情勢などの問題から国民の目をそらす狙いもあるとみられます。
TBSテレビ",[],[]
台風24号と秋雨前線で警報級の大雨長引くおそれ　九州・四国は4日夜にかけて線状降水帯発生に警戒【予報士解説】（TBS NEWS DIG Powered by JNN）,https://news.yahoo.co.jp/articles/4f27455985fc9182b1ad4844a074df66af9942e0,https://newsatcl-pctr.c.yimg.jp/t/amd-img/20260904-07324938-jnn-000-2-thumb.jpg?exp=10800,2026-09-04T12:10:10+09:00,2026-09-04T12:11:16+09:00,TBS NEWS DIG Powered by JNN,jnn,TBS NEWS DIG Powered by JNN,518,"TBS NEWS DIG Powered by JNN
動きの遅い台風24号と停滞する秋雨前線の影響で、全国的に警報級の大雨が降り続く可能性が高まっています。特に線状降水帯発生予測が出ている九州や四国などは、非常に激しい雨に警戒が必要です。及川藍気象予報士の解説です。

きょうは秋雨前線が南下して、西日本を中心に雨が強まっています。特に九州に活発な雨雲がかかっていて、土砂災害の危険度が高くなっているところもあります。

大雨の原因の一つになっている台風24号ですが、動きが遅く、この先も沖縄や奄美付近にとどまりそうです。

また、本州付近の秋雨前線に向かって湿った空気が流れ込み、大雨になりやすい状況が週明けにかけて続きそうです。

きょう、この後も西日本を中心に活発な雨雲がかかりやすく、九州や四国では今夜にかけて線状降水帯が発生して、災害発生の危険度が急激に高まるおそれがあります。

また、九州南部では、あすにかけても活発な雨雲がかかりやすい予想です。

日曜日になると、太平洋側の各地で雨が強まって、日曜日から月曜日は東海や関東でも大雨のおそれがあります。月曜日にかけて各地とも大雨による災害に警戒が必要です。
TBSテレビ",[],[]
石川佳純は250個のメダル予想!角田夏実、入江陵介も“推しゴト”体験「ちょっと恥ずかしい、ズボン逆に履いてたり・・（笑）」【アジア大会】（TBS NEWS DIG Powered by JNN）,https://news.yahoo.co.jp/articles/54fe233f6bd3403ae3c194b2f0a28af276345d65,https://newsatcl-pctr.c.yimg.jp/t/amd-img/20260904-22920836-jnn-000-1-view.jpg?exp=10800,2026-09-04T12:07:12+09:00,2026-09-04T12:07:12+09:00,TBS NEWS DIG Powered by JNN,jnn,TBS NEWS DIG Powered by JNN,1642,"TBS NEWS DIG Powered by JNN
9月19日に開幕する「アジア大会 愛知・名古屋」の大会イベントが4日、東京・渋谷で行われ、TBSスペシャルアスリートアンバサダーの卓球元日本代表・石川佳純さん、TBSアスリートアンバサダーの競泳元日本代表・入江陵介さん、柔道元日本代表の角田夏実さんが登壇し、開幕まで3週間を切った大会に向けメダルの獲得予想などを語った他、”応援型アルバイトイベント”「
＃アジア大会推しゴト
」にも参加し、開幕まで約2週間となった大会の機運を高めた。
【写真で見る】柔道着姿の入江さんに石川さん、角田さんは「かっこいい」
過去最多の43競技469種目が実施される今大会。登壇した3人は日本代表選手のメダル獲得数を予想した。角田さんは「220個。本当に全部取って欲しいんですけど、自分も戦ってきた中で、スポーツの難しさっていうのもあると思うので、前回のアジア大会が188個だったかなと思うので、それを超えてほしいなと思う気持ちで220個にしました」と現役アスリートとしての経験を交え語った。

入江さんは角田さんより10個多い230個と予想。そして、自国開催ということで250個と3人の中では一番多いメダル数を予想した石川さんは、注目競技を聞かれると自身も取材をした陸上男子400m代表の中島佑気ジョセフ（24、富士通）の名前を挙げた。「昨年の世界陸上で私もすごく感動してわくわくをもらったので、また今度日本で間近で活躍が見られるのがすごく楽しみ。（400mは）もう練習では走らないという、だからそこやっぱりすごくハードなんだなっていうのを取材を通して聞いたのでまた本番の活躍がすごく楽しみです」。

大会の認知度を高めるために3日間（9月4日〜6日）限定で開催される一般参加型イベント「
＃アジア大会推しゴト
」。“応援型アルバイト”として事前応募や、その場で採用された一般参加者が実施される競技をモチーフにしたアルバイト（8種類）を体験しながら競技の魅力を発信するイベントに3人も参加した。

『9秒台を出すバイト』、『愛知・名古屋開催にちなみ名古屋弁で呼び込みをするバイト』、さらにSHIBUYA109店頭スペースに設置された巨大なハコに一般参加者が入ることで完成する『“生きた広告”となるアルバイト』を体験。“生きた広告”になるアルバイトを体験した入江さんは柔道着姿で登場し「ちょっと恥ずかしいです（笑）」と照れ笑い。”不思議な感覚“と話し「角田さんに帯締めてもらって着方もレクチャーいただいて。下（ズボン）逆にはいていたりして（笑）」とハプニングを報告し笑いを誘った。

石川さんは「すごくお似合い!」と絶賛。角田さんは「海外の選手みたい。スタイルがいいので、道着を着ていても肩幅のかっこよさとかウエストのしまった感じとかがわかりますよね。かっこいいです」と褒めるも「でも勝てそうです（笑）」と“アスリートらしさ”をのぞかせた。
アジア大会は48億人の頂点を決める4年に一度開催されるアジア最大のスポーツの祭典。今大会は、1994年の広島大会以来、32年ぶりの日本開催で、愛知・名古屋で行われる。オリンピックを凌ぐ43競技469種目が実施され、約45の国と地域が参加予定となっている。9月19日に開会式が行われる。

【アジア大会 愛知・名古屋】
日程:9月19日（開会式）〜10月4日
（9月16日（水）男子サッカー日本vs香港戦　からTBS独占放送）

◆TBSスペシャルアンバサダー
二宮和也

◆TBSスペシャルアスリートアンバサダー
石川佳純

◆TBSエグゼクティブアスリートアンバサダー
室伏広治

◆TBSアスリートアンバサダー（※50音順）
入江陵介
柿谷曜一朗
萱和磨
川合俊一
木村沙織
澤穂希
高橋尚子
角田夏実
橋本竜馬
馬瓜エブリン
宮崎早織
桃田賢斗
TBS NEWS DIG Powered by JNN",[],[]
乗用車などを盗んだ疑いで住居不定・無職の男3人逮捕　埼玉・千葉・茨城などで数十件の余罪か　埼玉県警（TBS NEWS DIG Powered by JNN）,https://news.yahoo.co.jp/articles/ac05b74db7c3d601473b6ebf422d727c3df4e044,https://newsatcl-pctr.c.yimg.jp/t/amd-img/20260904-07324942-jnn-000-1-view.jpg?exp=10800,2026-09-04T12:05:24+09:00,2026-09-04T12:05:24+09:00,TBS NEWS DIG Powered by JNN,jnn,TBS NEWS DIG Powered by JNN,698,"TBS NEWS DIG Powered by JNN
今年2月、埼玉県で車2台を盗んだとして男3人が逮捕されました。警察は、男らが去年10月ごろから埼玉県などで自動車盗を繰り返していたとみて、余罪を調べています。

窃盗の疑いなどで逮捕されたのは、住居不定・無職の菅野賢汰容疑者（33）、斉藤真良知容疑者（28）、宿原仁壱容疑者（26）のあわせて3人です。

菅野容疑者らは、共謀して今年2月7日の午前3時ごろ、埼玉県伊奈町の中古車販売店の駐車場から乗用車1台、およそ90万円相当を盗んだほか、同じ日の午前4時半ごろ、埼玉県上尾市のコインパーキングで乗用車1台と車内のゴルフバッグなど22点、およそ300万円相当を盗んだ疑いがもたれています。

警察によりますと今年3月11日、さいたま市内のコンビニに宿原容疑者が駆け込み、「追われているので助けてほしい」と訴えたことから店員が110番通報しました。

現場に駆けつけた警察が事情を聞いたところ、近くに止めてあった乗用車を宿原容疑者が盗んだ疑いのあることがわかり、逮捕。宿原容疑者のスマホ解析や防犯カメラ捜査で菅野容疑者らの関与が明らかになったということです。

警察はそれぞれの認否を明らかにしていません。

警察によりますと、去年10月ごろから埼玉県東部を中心に埼玉県、千葉県、茨城県などで国産のセダンタイプやワンボックスタイプの乗用車を狙った自動車盗事件が相次いでいます。

警察は菅野容疑者らが、一連の自動車盗を数十回繰り返していたとみて余罪を調べるほか、宿原容疑者がコンビニに駆け込んだいきさつについても捜査しています。
TBSテレビ",[],[]
警視庁が違法な路上スカウトのLINEの勧誘手口を公開し注意を呼びかけ　「ハズレないです」両手にはポチ袋でスカウト行為しLINE交換か 無職の男（25）を逮捕（TBS NEWS DIG Powered by JNN）,https://news.yahoo.co.jp/articles/fce608c1489c4305b3047da804c828938afd337b,https://newsatcl-pctr.c.yimg.jp/t/amd-img/20260904-07324956-jnn-000-2-view.jpg?exp=10800,2026-09-04T12:05:03+09:00,2026-09-04T12:08:29+09:00,TBS NEWS DIG Powered by JNN,jnn,TBS NEWS DIG Powered by JNN,623,"TBS NEWS DIG Powered by JNN
警視庁が違法な路上スカウトのLINEでの勧誘手口を公開し、注意を呼びかけました。

「交通費お出し致しますので体入（体験入店）行ってみませんか」
「ソープ5～6時間で平均12～20万」

これは、警視庁がきょう公開したスカウトによる違法な勧誘のLINEメッセージです。記載されているのは、「性風俗の職種」とそれぞれの「報酬額」です。

警視庁は、このメッセージを送信した25歳の無職の男を今年3月、新宿区の路上で、通行中の女性に声をかけてスカウト行為を行った東京都迷惑防止条例違反の疑いで、今月2日逮捕しました。

男は、両手に複数のポチ袋を持ちながら、「あけましておめでとうございます。僕スカウトです。夜職とか何もやったことないですか」「1000円2000円5000円なんですけど好きなの1枚どうぞ。ハズレないです」などと女性に声をかけた上で、LINEの交換を持ちかけていたということです。

調べに対し、男は容疑を認めているということです。

警視庁はLINEを交換する手口は日本最大の風俗スカウトグループ「ナチュラル」のメンバーの間で使われている手口とみて、関連を調べていて、「甘い文言で勧誘され、進学や就職を機に地方から上京してきたばかりで土地勘や相談相手の少ない女性が被害に巻き込まれるケースが多い」などとして、違法な客引きやスカウトに注意するよう呼びかけています。
TBSテレビ",[],[]
連続放火の可能性も　東京・足立区で8月下旬から不審火が6件相次ぐ　住宅の外壁も燃え80代女性がけがも　警視庁（TBS NEWS DIG Powered by JNN）,https://news.yahoo.co.jp/articles/24a5a9a2e0bd05265b2ce0c322aa96cfe5117df2,https://newsatcl-pctr.c.yimg.jp/t/amd-img/20260904-07324953-jnn-000-3-thumb.jpg?exp=10800,2026-09-04T12:03:10+09:00,2026-09-04T14:16:35+09:00,TBS NEWS DIG Powered by JNN,jnn,TBS NEWS DIG Powered by JNN,638,"TBS NEWS DIG Powered by JNN
きょう（4日）未明、東京・足立区で住宅の壁が燃えるなど、不審火が3件相次ぎ、住人の80代の女性が軽いやけどをしました。8月下旬からきのうにかけても近くで3件の不審火が起きていて、警視庁は連続放火の可能性もあるとみて捜査しています。

警視庁などによりますと、きょう午前5時すぎ、足立区中央本町で「木が燃えて、建物に燃え移りそう」と近くに住む人から通報がありました。

この火事で木造2階建て住宅の外壁と近くの立ち木が燃え、住人の80代の女性が顔に軽いやけどをしました。

近所の人
「のぞいたら、もう火の手が上がっていて、火の粉が飛んでいた。（女性が）途中から担架に乗って運ばれていた」

記者
「先ほどの住宅から120メートルほど離れたこちら、自動販売機が燃えて溶けてしまっているのがわかります」

およそ4時間前の午前1時ごろには、外壁が燃えた住宅の近くの自動販売機でも不審火がありました。

近くの路上でも、警察官が、自転車のカバーが燃えているのを発見したということです。

また、きのう（3日）未明には、住宅の玄関先にある木製の物置が燃えたほか、先月24日の深夜にも、住宅に張られた政党のポスターが相次いで燃やされるなど、付近では不審火が他にも3件起きています。

およそ2週間の間に、足立区中央本町4丁目で合わせて6件の不審火が起きていることから、警視庁は連続放火の可能性も視野に捜査しています。
TBSテレビ",[],[]
【レベル3大雨警報】宮崎県・都城市に発表 11:59時点（TBS NEWS DIG Powered by JNN）,https://news.yahoo.co.jp/articles/02d82d4e5007cc3ecd19fe3402f738c9fa94183c,https://newsatcl-pctr.c.yimg.jp/t/amd-img/20260904-22920824-jnn-000-1-view.jpg?exp=10800,2026-09-04T12:02:13+09:00,2026-09-04T12:02:13+09:00,TBS NEWS DIG Powered by JNN,jnn,TBS NEWS DIG Powered by JNN,496,"TBS NEWS DIG Powered by JNN
気象台は、4日午前11時59分に、レベル3大雨警報を都城市に発表しました。

南部平野部、北部平野部、南部山沿いでは、低い土地の浸水や河川の増水に警戒してください。
【現在地の防災情報を確認】
【大雨警報（発表中）】
■宮崎市
●レベル3大雨警報

■都城市
●レベル3大雨警報【発表】

■延岡市
●レベル3大雨警報

■日南市
●レベル3大雨警報

■小林市
●レベル3大雨警報

■日向市
●レベル3大雨警報

■串間市
●レベル2大雨注意報

■西都市
●レベル3大雨警報

■えびの市
●レベル2大雨注意報

■高原町
●レベル2大雨注意報

■国富町
●レベル3大雨警報

■綾町
●レベル3大雨警報

■高鍋町
●レベル3大雨警報

■新富町
●レベル2大雨注意報

■西米良村
●レベル2大雨注意報

■木城町
●レベル2大雨注意報

■川南町
●レベル2大雨注意報

■都農町
●レベル3大雨警報

■門川町
●レベル3大雨警報

■美郷町
●レベル2大雨注意報
TBS NEWS DIG Powered by JNN",[],[]
時速167キロで直撃 ネパール・中国の大規模土石流で死者1300人超に　水位100メートル以上上昇か　日本が緊急援助隊を派遣へ（TBS NEWS DIG Powered by JNN）,https://news.yahoo.co.jp/articles/b0c2bab834c536a25092799c61c813dd79c0e5b6,https://newsatcl-pctr.c.yimg.jp/t/amd-img/20260904-07324926-jnn-000-2-thumb.jpg?exp=10800,2026-09-04T11:58:33+09:00,2026-09-04T11:59:54+09:00,TBS NEWS DIG Powered by JNN,jnn,TBS NEWS DIG Powered by JNN,424,"TBS NEWS DIG Powered by JNN
ネパールと中国で発生した土石流について、ネパールの研究団体は、上流部での時速は167キロに達し、水位は100メートル以上も上昇していたとの分析結果を公表しました。

ネパールと中国の国境地帯で発生した大規模な土石流による死者は両国で1300人を超えていて、日本人を含む5000人以上の行方が分かっていません。

ネパール環境学会の暫定報告書によりますと、氷河や岩盤の崩落で起きた土石流が国境検問所を直撃したときの時速は167キロに達し、上流部では水位が平均100メートル以上も上昇していたとみられています。

流域では複数の水力発電所も被災しましたが、ロイター通信は、ラスワ郡の発電所に閉じ込められた46人が生存している可能性があるとの見方を伝えています。

一方、日本政府は、国際緊急援助隊として犠牲者の身元確認を支援する専門家チームをきょう、ネパールに派遣するとしています。
TBSテレビ",[],[]
熊本県で最大震度1の地震　熊本県・八代市、宇城市、球磨村（TBS NEWS DIG Powered by JNN）,https://news.yahoo.co.jp/articles/7b8edf6c3ec0a2915d47d059a2118cf0467b1ca6,https://newsatcl-pctr.c.yimg.jp/t/amd-img/20260904-22920811-jnn-000-1-view.jpg?exp=10800,2026-09-04T11:58:15+09:00,2026-09-04T11:58:15+09:00,TBS NEWS DIG Powered by JNN,jnn,TBS NEWS DIG Powered by JNN,322,"TBS NEWS DIG Powered by JNN
4日午前11時54分ごろ、熊本県で最大震度1を観測する地震がありました。

気象庁によりますと、震源地は熊本県熊本地方で、震源の深さはおよそ10km、地震の規模を示すマグニチュードは2.9と推定されます。
【詳細】各地の震度一覧・最新LIVE
この地震による津波の心配はありません。

最大震度1を観測したのは、熊本県の八代市と宇城市、それに球磨村です。

【各地の震度詳細】

■震度1
□熊本県
八代市　宇城市　球磨村

気象庁の発表に基づき、地域ごとに震度情報をお伝えしています。
新たな情報が発表され次第、情報を更新します。
TBS NEWS DIG Powered by JNN",[],[]
我が子3人を殺害した母親が裁判で“産後の精神疾患”主張…アメリカ社会で大きな議論に　「産後の支援あれば防げた」被告に連帯する動きも【news23】（TBS NEWS DIG Powered by JNN）,https://news.yahoo.co.jp/articles/485ddc11a4c05382dafff2764a3ee304c549cf93,https://newsatcl-pctr.c.yimg.jp/t/amd-img/20260904-22920001-jnn-000-1-view.jpg?exp=10800,2026-09-04T11:52:14+09:00,2026-09-04T11:52:14+09:00,TBS NEWS DIG Powered by JNN,jnn,TBS NEWS DIG Powered by JNN,1514,"TBS NEWS DIG Powered by JNN
我が子3人を殺害した母親の裁判がアメリカ社会で大きな議論を呼んでいます。「産後の精神疾患」により責任能力がなかったとして無罪を主張する被告。精神的に追い詰められ、我が子を殺害した母親はどのように裁かれるべきなのか。「産後の支援があれば防げたはず」。市民の間には被告に連帯する動きも広がっています。
【写真で見る】「SHE NEEDED HELP」子ども殺害の母親に連帯示す女性たち
■法廷で泣き声あげる被告　5歳、3歳、8か月の我が子殺害した罪

全米が注目する裁判の被告人はリンジー・クランシー（36）。我が子3人を殺害した罪に問われています。

事件が起きた2023年1月、子どもたちの年齢は5歳と3歳で一番下のカランちゃんは生後8か月でした。

法廷で泣き声を上げ、机に突っ伏すクランシー被告。

この裁判がアメリカで大きな議論を呼んでいるのは、出産後、精神的に追い詰められていたクランシー被告に多くの人たちが共感しているからです。

クランシー被告は3人目のカランちゃんを出産後、不眠やうつ症状に苦しむようになったといいます。

医師の治療を受けていましたが、改善せず、事件の2か月前には日記に苦しみを綴っていました。

クランシー被告の日記
「自分がどうなっているのか分からない。助けが欲しい」

■「幻聴が聞こえた」産後の精神疾患めぐり主張対立

この後、状況はさらに悪化。
クランシー被告は、抗精神病薬など13種類の薬を30回以上処方され、「子どもを殺せ」という幻聴が聞こえるようになったといいます。

クランシー被告が聞いたとされる声
「子どもたちを殺せ。さもなければ、お前も子どもたちも殺される」

クランシー被告は犯行の理由について、こうした「“声”に命じられた」と説明。

弁護側は、被告が産後うつより症状が重い「産褥期（さんじょくき）精神病」を発症していたと主張しました。

「産褥期精神病」は、産後の女性1000人に1人が発症するまれな精神疾患で、幻聴や妄想などの症状が出るとされています。

クランシー被告の弁護側
「クランシー被告は自分の行動をコントロールできない状態だった」
クランシー被告の弁護側は無罪を主張していますが、検察側は「計画的な犯行で自分の行為を認識できていた」と指摘しています。

■「心が痛む」「罰せられるべき」裁判めぐり全米で賛否

精神的に追い詰められ、我が子を殺害した母親はどのように裁かれるべきなのか。

このニュースはアメリカで大きな議論になっていて、現地メディアは連日、賛否の声を伝えています。

ニューヨーク・タイムズより
「これはアメリカが新米ママを軽視し、母親のメンタルヘルスに適切にケアできていない証拠だ」
「リンジー・クランシーのことを思うと心が痛む」

一方で、クランシー被告を“厳しく罰するべき”との声も。

ニューヨーク・タイムズより
「私は彼女に同情しません。3人の子どもが亡くなったのですから」
「法の最大限の範囲で罰せられるべき人物だ」

裁判所の前には、「リンジー・クランシーは赤ん坊殺しだ」とクランシー被告を批判する人だけでなく、ピンク色の服などを着て被告に連帯を示す人たちも集まりました。

連帯を示す女性
「私は産褥期精神病ではありませんでしたが、産後うつを経験しました。適切な支援と治療があれば、悲劇は防げたはずです」

社会は母親のSOSをどう受け止めるべきなのか。

裁判は審理が難航し、判決の見通しは立っていません。
TBS NEWS DIG Powered by JNN",[],[]
1時間に96ミリの猛烈な雨も　鹿児島県内で今夜遅くにかけて線状降水帯発生のおそれ　台風24号は奄美地方沖合で停滞する見込み（TBS NEWS DIG Powered by JNN）,https://news.yahoo.co.jp/articles/4a5d21f9a05f291f17bfd9db60f927c5dd263e82,https://newsatcl-pctr.c.yimg.jp/t/amd-img/20260904-07324944-jnn-000-3-thumb.jpg?exp=10800,2026-09-04T11:49:19+09:00,2026-09-04T12:21:37+09:00,TBS NEWS DIG Powered by JNN,jnn,TBS NEWS DIG Powered by JNN,467,"TBS NEWS DIG Powered by JNN
動きの遅い台風24号と停滞する秋雨前線の影響で、全国的に警報級の大雨が降り続く可能性が高まっています。特に線状降水帯発生予測が出ている九州や四国などは非常に激しい雨に警戒が必要です。

気象庁によりますと、台風24号は奄美市の北西にあって、時速15キロの速さで北寄りに進んでいます。現在、鹿児島県内のほとんどが風速15メートル以上の強風域に入っています。

きょうこれまでに、▼鹿屋市で1時間に96ミリの猛烈な雨、▼喜界町で1時間に67ミリの非常に激しい雨を観測しています。

鹿児島県内では今夜遅くにかけて線状降水帯が発生し、大雨災害の危険度が急激に高まるおそれがあります。

記者
「台風が接近している奄美市です。先ほどから横殴りの雨が降り始めました」

台風が接近している奄美地方では風も強まり、▼十島村・中之島と奄美市笠利で23.7メートル、▼喜界町で21.1メートルの最大瞬間風速を観測しています。

強風への注意に加え、土砂災害に厳重な警戒が必要です。
TBSテレビ",[],[]
7月の消費支出3.6%減で8か月連続マイナス　節約志向の一方で外食やゲーム課金の消費拡大　総務省家計調査（TBS NEWS DIG Powered by JNN）,https://news.yahoo.co.jp/articles/46a2f452626642e0489585ab82f05fe3035247b3,https://newsatcl-pctr.c.yimg.jp/t/amd-img/20260904-07324921-jnn-000-2-thumb.jpg?exp=10800,2026-09-04T11:48:06+09:00,2026-09-04T11:49:14+09:00,TBS NEWS DIG Powered by JNN,jnn,TBS NEWS DIG Powered by JNN,378,"TBS NEWS DIG Powered by JNN
総務省の家計調査で、2人以上の世帯が消費に使った金額は8か月連続で前の年を下回りました。

総務省がきょう発表した家計調査によりますと、7月に2人以上の世帯が消費に使った金額は30万1245円でした。前の年の同じ月と比べ、物価変動の影響を除いた実質で3.6％の減少となり、8か月連続のマイナスです。

▼食料では、総菜などの「調理食品」が3.2％減少し、節約志向が続くことからより単価が安い食品の購入や購入自体を控える動きがみられたということです。さらに、▼「飲料」も6.7％の減少で、前の年より気温が低かったことや値上げが影響しました。

一方で、「宿泊」や「外食」「ゲームの課金」といった消費は伸びていて、総務省は「メリハリをつけた消費で全体では支出を抑える傾向」と分析しています。
TBSテレビ",[],[]
宮崎県で総雨量240ミリ超　宮崎市などにレベル4土砂災害危険警報も　今夜遅くにかけ線状降水帯発生のおそれ　交通機関にも影響（TBS NEWS DIG Powered by JNN）,https://news.yahoo.co.jp/articles/e7f416ac49d585240fc99176bcec81ccaa8419d9,https://newsatcl-pctr.c.yimg.jp/t/amd-img/20260904-07324937-jnn-000-6-thumb.jpg?exp=10800,2026-09-04T11:43:07+09:00,2026-09-04T12:19:01+09:00,TBS NEWS DIG Powered by JNN,jnn,TBS NEWS DIG Powered by JNN,344,"TBS NEWS DIG Powered by JNN
宮崎県は、台風や前線の影響で大気の状態が非常に不安定となり、各地で大雨となっています。

高鍋町では、午前8時40分までの1時間に59.5ミリの非常に激しい雨を観測。

降り始めからの総雨量は、都農町や宮崎市田野町で240ミリを超えていて、宮崎市と綾町でレベル4土砂災害危険警報が出されています。

宮崎県内であす昼までに予想される24時間雨量は、多いところで平野部で250ミリ、山沿いで200ミリとなっています。

さらに、宮崎県は今夜遅くにかけて線状降水帯が発生し、災害の危険性が急激に高まるおそれがあります。

また、宮崎県内の交通機関では、大雨によりJRがすべての特急の運行を取りやめるなどの影響が出ています。
TBSテレビ",[],[]
審理の迅速化目指し民事訴訟法などの見直しを法制審に諮問へ 証拠収集制度拡充を検討　「証拠」の公開制限には懸念も 平口法務大臣「懸念踏まえながら充実した審議期待」（TBS NEWS DIG Powered by JNN）,https://news.yahoo.co.jp/articles/1f9f01df6e0850d3cb49a5bb3c1446580ef8e6f3,https://newsatcl-pctr.c.yimg.jp/t/amd-img/20260904-07324950-jnn-000-1-view.jpg?exp=10800,2026-09-04T11:35:44+09:00,2026-09-04T11:35:44+09:00,TBS NEWS DIG Powered by JNN,jnn,TBS NEWS DIG Powered by JNN,849,"TBS NEWS DIG Powered by JNN
平口洋法務大臣はきょう（4日）の記者会見で、民事訴訟の証拠収集制度の拡充を検討するため、民事訴訟法などの見直しを「法制審議会」に諮問すると明らかにしました。

民事訴訟をめぐっては、審理の長期化や見通しの不透明さが訴えを起こすハードルの高さに繋がっているなどとして問題視されています。

一因となっているのは、個人が企業や行政機関を相手に訴えを起こす場合などに持っている証拠の量が片方の当事者に偏っていたり、個人情報や営業秘密を理由に提出を拒否されたりするなど、証拠収集の難しさです。

2022年には、裁判官と弁護士、検察官の法曹三者のワーキンググループで証拠収集制度の拡充の必要性が指摘され、今年2月には、研究者らが最高裁などとともに、民事訴訟法の見直しに向けた報告書をまとめました。

こうした動きを受け、平口洋法務大臣はきょうの記者会見で、審理を迅速化するという観点から民事訴訟の証拠収集制度の拡充を検討するため、民事訴訟法などの見直しを「法制審議会」に諮問すると明らかにしました。

具体的には、▼当事者間で立証に必要な情報を収集するための制度に裁判所が積極的に関与するなどして実効性を高める仕組みや、▼訴えを起こしたい相手の住所がわからない場合に裁判所が調査する制度の導入などが検討されます。

また、証拠提出や情報開示のハードルを下げるという趣旨から、提出された証拠の外部公開を一定の条件のもとで禁じる「目的外使用」禁止の導入についても検討される見通しです。

禁止の対象には、私生活上の秘密や営業秘密のほかに刑事事件に関する証拠が含まれる可能性があり、検察官の不適正な取り調べの映像などを広く検証することが困難になるのではないかと懸念の声も上がっています。

諮問は今月14日に行われる予定で、平口法務大臣は、「懸念を示す意見があることを踏まえながら、充実した調査・審議がされることを期待している」としています。
TBSテレビ",[],[]
【レベル3大雨警報】宮崎県・延岡市、門川町に発表 11:27時点（TBS NEWS DIG Powered by JNN）,https://news.yahoo.co.jp/articles/6d620fa8c60a4bee3c95a02e26f1d5d24f7a9bf9,https://newsatcl-pctr.c.yimg.jp/t/amd-img/20260904-22920600-jnn-000-1-view.jpg?exp=10800,2026-09-04T11:29:13+09:00,2026-09-04T11:29:13+09:00,TBS NEWS DIG Powered by JNN,jnn,TBS NEWS DIG Powered by JNN,505,"TBS NEWS DIG Powered by JNN
気象台は、4日午前11時27分に、レベル3大雨警報を延岡市、門川町に発表しました。
【現在地の防災情報を確認】
南部平野部、北部平野部、南部山沿いでは、低い土地の浸水や河川の増水に警戒してください。

【大雨警報（発表中）】
■宮崎市
●レベル3大雨警報

■都城市
●レベル2大雨注意報

■延岡市
●レベル3大雨警報【発表】

■日南市
●レベル3大雨警報

■小林市
●レベル3大雨警報

■日向市
●レベル3大雨警報

■串間市
●レベル2大雨注意報

■西都市
●レベル3大雨警報

■えびの市
●レベル2大雨注意報

■高原町
●レベル2大雨注意報

■国富町
●レベル3大雨警報

■綾町
●レベル3大雨警報

■高鍋町
●レベル3大雨警報

■新富町
●レベル2大雨注意報

■西米良村
●レベル2大雨注意報

■木城町
●レベル2大雨注意報

■川南町
●レベル2大雨注意報

■都農町
●レベル3大雨警報

■門川町
●レベル3大雨警報【発表】

■美郷町
●レベル2大雨注意報
TBS NEWS DIG Powered by JNN",[],[]
ロバーツ監督「苦しみながらプレーしているように見えた」大谷翔平、31試合ぶりの欠場も「10月には期待している本来の彼を見られる」（TBS NEWS DIG Powered by JNN）,https://news.yahoo.co.jp/articles/6ad023e85d825bb8b86760b243b7218525ff2bd4,https://newsatcl-pctr.c.yimg.jp/t/amd-img/20260904-22920554-jnn-000-2-view.jpg?exp=10800,2026-09-04T11:22:12+09:00,2026-09-04T11:29:13+09:00,TBS NEWS DIG Powered by JNN,jnn,TBS NEWS DIG Powered by JNN,1105,"TBS NEWS DIG Powered by JNN
■MLB　ドジャースーカージナルス（日本時間4日、ドジャー・スタジアム）

ドジャースの大谷翔平（32）が本拠地でのカージナルス戦で、31試合ぶりにスタメンを外れた。
【日程一覧】3連覇に挑む大谷翔平、山本由伸らのドジャース2026年
試合前の会見でD.ロバーツ監督（54）は「今日は休ませることになる。試合の後半になったら、彼の状態や出場できるかどうかを確認する。理想を言えば、精神的にも身体的にもリフレッシュする1日にしてもらいたいと思っている。そのうえで、私としては今日の後半に彼と話をして、今日1日をどう過ごしたか、休養を取ったことでどう感じているかを確認したい」とスタメンから外した理由を語り、「私としては、とにかく日々の状態を見ながら判断していく状況だと思っている。昨夜の彼の様子を見れば、彼には1日休む必要があると感じたと思う」と話した。

休養は1日だけか、それ以上かとの質問に対しては「正直、その答えはまだ分からない。今日の翔平が昨日と比べてどう感じているのか、彼と話をすること。それからトレーニングスタッフとも話をすること。その両方を見て判断する。ただ、率直に言えば、明日になるまで決断はしないと思う。明日の試合当日に、彼がどう感じているのかを見て判断することになるだろう」と、明日の大谷の状態を見て判断すると答えた。

大谷がスタメンを外れるのは7月31日のマリナーズ戦以来、35日ぶり。8月18日に30号本塁打を放った翌日から46打数6安打、0本塁打、0打点、打率.130。本塁打は60打席なく、前日のカージナルス戦では今季初の4打席連続4三振を喫した。「最近の彼を見ていると、かなり苦しみながらプレーしているように見えた。自分が本来いるべき状態には、まだ近づいていないように感じる。そして、昨夜は明らかに一つの転機になった」と、ロバーツ監督。「疲労や負荷が積み重なっていること、そして症状が良くなっていないこと。その両方が重なったのが、昨夜の状況だったのだと思う。なので、今日1日休むことで、精神的にも身体的にも良い方向に向かってくれればと思っている。そうすれば、また違った話ができるだろう」と口にした。
10月のポストシーズンに向けては「非常に自信を持っている。これからの3週間半から4週間を私たちがどうやってうまく乗り切るか、それを考える必要がある。でも10月には私たち全員が期待している本来の彼を見られると、私は非常に自信を持っている」と、大谷の復調に自信を見せた。
TBS NEWS DIG Powered by JNN",[],[]
【レベル3大雨警報】宮崎県・小林市に発表 11:11時点（TBS NEWS DIG Powered by JNN）,https://news.yahoo.co.jp/articles/1e120d32146b237a63355b0abe8807491d97a763,https://newsatcl-pctr.c.yimg.jp/t/amd-img/20260904-22920541-jnn-000-1-view.jpg?exp=10800,2026-09-04T11:13:13+09:00,2026-09-04T11:13:13+09:00,TBS NEWS DIG Powered by JNN,jnn,TBS NEWS DIG Powered by JNN,507,"TBS NEWS DIG Powered by JNN
気象台は、4日午前11時11分に、レベル3大雨警報を小林市に発表しました。

南部平野部、北部平野部、南部山沿いでは、低い土地の浸水や河川の増水に警戒してください。
【現在地の防災情報を確認】
【大雨警報（発表中）】
■宮崎市
●レベル3大雨警報

■都城市
●レベル2大雨注意報

■延岡市
●レベル2大雨注意報

■日南市
●レベル3大雨警報

■小林市
●レベル3大雨警報【発表】

■日向市
●レベル3大雨警報

■串間市
●レベル2大雨注意報

■西都市
●レベル3大雨警報

■えびの市
●レベル2大雨注意報【発表】

■高原町
●レベル2大雨注意報【発表】

■国富町
●レベル3大雨警報

■綾町
●レベル3大雨警報

■高鍋町
●レベル3大雨警報

■新富町
●レベル2大雨注意報

■西米良村
●レベル2大雨注意報

■木城町
●レベル2大雨注意報

■川南町
●レベル2大雨注意報

■都農町
●レベル3大雨警報

■門川町
●レベル2大雨注意報

■美郷町
●レベル2大雨注意報
TBS NEWS DIG Powered by JNN",[],[]
【レベル4土砂災害危険警報】宮崎県・小林市に発表 11:01時点（TBS NEWS DIG Powered by JNN）,https://news.yahoo.co.jp/articles/4d785be06e029ac8fcb2034752f833f1f68841e7,https://newsatcl-pctr.c.yimg.jp/t/amd-img/20260904-22920529-jnn-000-1-view.jpg?exp=10800,2026-09-04T11:03:18+09:00,2026-09-04T11:03:18+09:00,TBS NEWS DIG Powered by JNN,jnn,TBS NEWS DIG Powered by JNN,627,"TBS NEWS DIG Powered by JNN
気象台は、4日午前11時01分に、レベル4土砂災害危険警報を小林市に発表しました。
【現在地の防災情報を確認】
南部平野部、南部山沿いでは、土砂災害に厳重に警戒してください。

【土砂災害警報（発表中）】
■宮崎市
●レベル4土砂災害危険警報

■都城市
●レベル2土砂災害注意報

■延岡市
●レベル2土砂災害注意報

■日南市
●レベル2土砂災害注意報

■小林市
●レベル4土砂災害危険警報【発表】

■日向市
●レベル2土砂災害注意報

■串間市
●レベル2土砂災害注意報

■西都市
●レベル2土砂災害注意報

■えびの市
●レベル2土砂災害注意報

■高原町
●レベル2土砂災害注意報

■国富町
●レベル2土砂災害注意報

■綾町
●レベル4土砂災害危険警報

■高鍋町
●レベル2土砂災害注意報

■新富町
●レベル2土砂災害注意報

■西米良村
●レベル2土砂災害注意報

■木城町
●レベル2土砂災害注意報

■川南町
●レベル2土砂災害注意報

■都農町
●レベル2土砂災害注意報

■門川町
●レベル2土砂災害注意報

■諸塚村
●レベル2土砂災害注意報

■椎葉村
●レベル2土砂災害注意報【発表】

■美郷町
●レベル2土砂災害注意報

■高千穂町
●レベル2土砂災害注意報

■日之影町
●レベル2土砂災害注意報
TBS NEWS DIG Powered by JNN",[],[]
「露骨な侵略だ」イランがクウェートやUAEへミサイル・ドローン攻撃　アメリカ軍攻撃への報復続く（TBS NEWS DIG Powered by JNN）,https://news.yahoo.co.jp/articles/05d4addef88f875bf7d927822e1d725b6e9f7304,https://newsatcl-pctr.c.yimg.jp/t/amd-img/20260904-07324917-jnn-000-2-view.jpg?exp=10800,2026-09-04T10:55:48+09:00,2026-09-04T11:28:09+09:00,TBS NEWS DIG Powered by JNN,jnn,TBS NEWS DIG Powered by JNN,358,"TBS NEWS DIG Powered by JNN
アメリカ軍による攻撃への報復として、イランがクウェートやUAE=アラブ首長国連邦に対し、ミサイルやドローンによる攻撃を行いました。

クウェート国防省によりますと、3日、イランから飛来したミサイルやドローンを防空システムが迎撃しました。

被害の状況については明らかになっていませんが、クウェート側は「露骨なイランの侵略だ」と非難しています。

また、イランメディアによりますと、イランはUAEの米軍関連施設に対しても攻撃を行ったということです。

イランは、アメリカ軍が今週、ホルムズ海峡にある島のロケット発射施設を攻撃したことなどへの報復を続けていて、前日には、バーレーンやヨルダンもイラン側からの無人機やミサイルを迎撃したと発表しています。
TBSテレビ",[],[]
【レベル3大雨警報】宮崎県・綾町に発表 10:42時点（TBS NEWS DIG Powered by JNN）,https://news.yahoo.co.jp/articles/e0d19e6dd7784acc18345b13cc1a2787448ead3e,https://newsatcl-pctr.c.yimg.jp/t/amd-img/20260904-22920456-jnn-000-1-view.jpg?exp=10800,2026-09-04T10:43:11+09:00,2026-09-04T10:43:11+09:00,TBS NEWS DIG Powered by JNN,jnn,TBS NEWS DIG Powered by JNN,458,"TBS NEWS DIG Powered by JNN
気象台は、4日午前10時42分に、レベル3大雨警報を綾町に発表しました。

南部平野部、北部平野部では、低い土地の浸水や河川の増水に警戒してください。
【現在地の防災情報を確認】
【大雨警報（発表中）】
■宮崎市
●レベル3大雨警報

■都城市
●レベル2大雨注意報

■延岡市
●レベル2大雨注意報

■日南市
●レベル3大雨警報

■小林市
●レベル2大雨注意報

■日向市
●レベル3大雨警報

■串間市
●レベル2大雨注意報

■西都市
●レベル3大雨警報

■国富町
●レベル3大雨警報

■綾町
●レベル3大雨警報【発表】

■高鍋町
●レベル3大雨警報

■新富町
●レベル2大雨注意報

■西米良村
●レベル2大雨注意報

■木城町
●レベル2大雨注意報

■川南町
●レベル2大雨注意報

■都農町
●レベル3大雨警報

■門川町
●レベル2大雨注意報

■美郷町
●レベル2大雨注意報
TBS NEWS DIG Powered by JNN",[],[]
韓国軍「ホルムズ派兵」準備報道も…政府否定「決定ない」 米圧力で苦悩（TBS NEWS DIG Powered by JNN）,https://news.yahoo.co.jp/articles/75bc50af73e31b3e13002d7ad31b5c79712fcb32,https://newsatcl-pctr.c.yimg.jp/t/amd-img/20260904-07324916-jnn-000-1-view.jpg?exp=10800,2026-09-04T10:38:51+09:00,2026-09-04T10:38:51+09:00,TBS NEWS DIG Powered by JNN,jnn,TBS NEWS DIG Powered by JNN,409,"TBS NEWS DIG Powered by JNN
韓国軍が中東のホルムズ海峡への派兵に向け、具体的な準備を進めていると韓国メディアが相次いで報じました。

複数の韓国メディアによりますと、韓国軍は、「航行の自由」を確保するため、海軍の部隊を中東のホルムズ海峡へ派兵する具体的な準備を進めているということです。

派遣の候補には海上哨戒機や爆発物処理班、軍事支援艦などが挙がっていて、早ければ今月中に国会同意案が提出される見通しだとしています。

背景には、アメリカのトランプ大統領からの強い圧力を受け、韓国政府が派兵へ方針を転換したとの見方も出ています。

これに対し、韓国政府は「派兵方針とする報道は事実ではない」「決定された事項はない」と強く否定しました。

国際社会との協議は認めつつも、国内世論の反発や中東情勢の緊張を考慮し、慎重な姿勢を強調した形で、韓国政府の今後の判断が焦点となります。
TBSテレビ",[],[]
【レベル4土砂災害危険警報】宮崎県・綾町に発表 10:36時点（TBS NEWS DIG Powered by JNN）,https://news.yahoo.co.jp/articles/fc415194f7a549babe4cc444f8828ac4dd818732,https://newsatcl-pctr.c.yimg.jp/t/amd-img/20260904-22920404-jnn-000-1-view.jpg?exp=10800,2026-09-04T10:38:12+09:00,2026-09-04T10:38:12+09:00,TBS NEWS DIG Powered by JNN,jnn,TBS NEWS DIG Powered by JNN,596,"TBS NEWS DIG Powered by JNN
気象台は、4日午前10時36分に、レベル4土砂災害危険警報を綾町に発表しました。

南部平野部では、土砂災害に厳重に警戒してください。
【現在地の防災情報を確認】
【土砂災害警報（発表中）】
■宮崎市
●レベル4土砂災害危険警報

■都城市
●レベル2土砂災害注意報

■延岡市
●レベル2土砂災害注意報

■日南市
●レベル2土砂災害注意報

■小林市
●レベル2土砂災害注意報

■日向市
●レベル2土砂災害注意報

■串間市
●レベル2土砂災害注意報

■西都市
●レベル2土砂災害注意報

■えびの市
●レベル2土砂災害注意報

■高原町
●レベル2土砂災害注意報

■国富町
●レベル2土砂災害注意報

■綾町
●レベル4土砂災害危険警報【発表】

■高鍋町
●レベル2土砂災害注意報

■新富町
●レベル2土砂災害注意報

■西米良村
●レベル2土砂災害注意報

■木城町
●レベル2土砂災害注意報

■川南町
●レベル2土砂災害注意報

■都農町
●レベル2土砂災害注意報

■門川町
●レベル2土砂災害注意報

■諸塚村
●レベル2土砂災害注意報

■美郷町
●レベル2土砂災害注意報

■高千穂町
●レベル2土砂災害注意報

■日之影町
●レベル2土砂災害注意報
TBS NEWS DIG Powered by JNN",[],[]
大谷翔平、31試合ぶりにスタメン外れる　ロバーツ監督「今のスイングは大谷本来のものではない」（TBS NEWS DIG Powered by JNN）,https://news.yahoo.co.jp/articles/cf82249286502e3685554915d5c35a064d202ead,https://newsatcl-pctr.c.yimg.jp/t/amd-img/20260904-22920383-jnn-000-1-view.jpg?exp=10800,2026-09-04T10:36:20+09:00,2026-09-04T10:36:20+09:00,TBS NEWS DIG Powered by JNN,jnn,TBS NEWS DIG Powered by JNN,378,"TBS NEWS DIG Powered by JNN
■MLB　ドジャースーカージナルス（日本時間4日、ドジャー・スタジアム）

ドジャースの大谷翔平（32）が本拠地でのカージナルス戦で、31試合ぶりにスタメンを外れた。
【日程一覧】3連覇に挑む大谷翔平、山本由伸らのドジャース2026年
大谷は前日の試合では4打数無安打2死四球で、ドジャース移籍後ワーストタイとなる60打席ノーアーチとなっていた。

その試合後、D.ロバーツ監督（54）は「腕が震えているのを見たし、痛そうに顔をしかめているのも見た。そして明らかに、今のスイングは彼本来のものではない」と語り「何かをかばいながらスイングしているのは明らかだと思う。明日、彼と話をして、明日プレーできる状態なのかどうかを判断する」と説明していた。
TBS NEWS DIG Powered by JNN",[],[]
【レベル4土砂災害危険警報】宮崎県・宮崎市に発表 10:23時点（TBS NEWS DIG Powered by JNN）,https://news.yahoo.co.jp/articles/ac8d9c0256ae37f2b54c86046b3bcc5f820dcc75,https://newsatcl-pctr.c.yimg.jp/t/amd-img/20260904-22920285-jnn-000-1-view.jpg?exp=10800,2026-09-04T10:24:18+09:00,2026-09-04T10:24:18+09:00,TBS NEWS DIG Powered by JNN,jnn,TBS NEWS DIG Powered by JNN,596,"TBS NEWS DIG Powered by JNN
気象台は、4日午前10時23分に、レベル4土砂災害危険警報を宮崎市に発表しました。
【現在地の防災情報を確認】
南部平野部では、土砂災害に厳重に警戒してください。

【土砂災害警報（発表中）】
■宮崎市
●レベル4土砂災害危険警報【発表】

■都城市
●レベル2土砂災害注意報

■延岡市
●レベル2土砂災害注意報

■日南市
●レベル2土砂災害注意報

■小林市
●レベル2土砂災害注意報

■日向市
●レベル2土砂災害注意報

■串間市
●レベル2土砂災害注意報

■西都市
●レベル2土砂災害注意報

■えびの市
●レベル2土砂災害注意報

■高原町
●レベル2土砂災害注意報

■国富町
●レベル2土砂災害注意報

■綾町
●レベル2土砂災害注意報

■高鍋町
●レベル2土砂災害注意報

■新富町
●レベル2土砂災害注意報

■西米良村
●レベル2土砂災害注意報

■木城町
●レベル2土砂災害注意報

■川南町
●レベル2土砂災害注意報

■都農町
●レベル2土砂災害注意報

■門川町
●レベル2土砂災害注意報

■諸塚村
●レベル2土砂災害注意報

■美郷町
●レベル2土砂災害注意報

■高千穂町
●レベル2土砂災害注意報

■日之影町
●レベル2土砂災害注意報
TBS NEWS DIG Powered by JNN",[],[]
【レベル4土砂災害危険警報】鹿児島県・十島村に発表 10:16時点（TBS NEWS DIG Powered by JNN）,https://news.yahoo.co.jp/articles/bdef52e4170d3c6a18434a10b928b605464ea70d,https://newsatcl-pctr.c.yimg.jp/t/amd-img/20260904-22920272-jnn-000-1-view.jpg?exp=10800,2026-09-04T10:18:18+09:00,2026-09-04T10:18:18+09:00,TBS NEWS DIG Powered by JNN,jnn,TBS NEWS DIG Powered by JNN,193,"TBS NEWS DIG Powered by JNN
気象台は、4日午前10時16分に、レベル4土砂災害危険警報を十島村に発表しました。
【現在地の防災情報を確認】
奄美地方では、土砂災害に厳重に警戒してください。

【土砂災害警報（発表中）】
■十島村
●レベル4土砂災害危険警報【発表】

■喜界町
●レベル2土砂災害注意報
TBS NEWS DIG Powered by JNN",[],[]
秋篠宮ご夫妻 ノルウェー前国王の葬儀に参列決定 首都オスロの大聖堂で9月9日 （TBS NEWS DIG Powered by JNN）,https://news.yahoo.co.jp/articles/273ca71bc254f3e84f9069eee5471dabeb038943,https://newsatcl-pctr.c.yimg.jp/t/amd-img/20260904-07324868-jnn-000-5-thumb.jpg?exp=10800,2026-09-04T10:08:36+09:00,2026-09-04T12:05:35+09:00,TBS NEWS DIG Powered by JNN,jnn,TBS NEWS DIG Powered by JNN,817,"TBS NEWS DIG Powered by JNN
秋篠宮ご夫妻が、ノルウェー前国王の葬儀に参列するため、現地を訪問されることが閣議で決まりました。
【写真で見る】秋篠宮さま「色々と思うところはある」「世の中は進歩が大事」皇室典範にコメント
8月28日に逝去した前国王ハラルド5世の葬儀は、9月9日に首都オスロで執り行われ、世界各国の国王や王室関係者らが出席します。

ノルウェー王室から天皇陛下に対して案内がありましたが、皇室からは慣例により、秋篠宮さまと紀子さまが参列されます。

1991年、元国王オラフ5世の葬儀の際には、当時皇太子だった現在の天皇陛下が参列されています。

現地では、9日正午ごろから、国王の住まい・ノルウェー王宮にあるひつぎをおよそ1.2キロ離れたオスロ大聖堂に運ぶ儀式があり、この葬列に秋篠宮さまが加わられます。その後、午後1時ごろから王宮でおよそ1時間葬儀が行われ、ご夫妻が参列されます。

おふたりは8日に羽田空港を出発し、10日に帰国される予定です。

■皇室とノルウェー王室の交流

ハラルド5世は、セーリングの選手として1964年の東京オリンピックに出場したほか、ノルウェー国王としては2001年に国賓として来日し、上皇さま（当時天皇陛下）が神奈川県のヨットハーバーなどを案内されていました。

また、秋篠宮さまは1989年のノルウェー旅行の際、ハラルド5世に招かれ昼食を共にされているということです。

皇室とノルウェー王室の交流は令和に入ってからも続き、新国王のホーコン8世（当時皇太子）は2019年に天皇陛下の「即位礼正殿の儀」に参列したほか、今年6月には皇居・御所を訪ね、天皇ご一家や秋篠宮ご夫妻と面会されています。

また、女性が王位継承権を持つノルウェーでは、ホーコン8世の即位に伴い、長女のイングリッド・アレクサンドラ王女（22）が王位継承順位1位になりました。
TBSテレビ",[],[]
【レベル3大雨警報】宮崎県・宮崎市に発表 10:04時点（TBS NEWS DIG Powered by JNN）,https://news.yahoo.co.jp/articles/decfe970370a3d020c424ab067ad6b3ce6f2e6f3,https://newsatcl-pctr.c.yimg.jp/t/amd-img/20260904-22920245-jnn-000-1-view.jpg?exp=10800,2026-09-04T10:05:21+09:00,2026-09-04T10:05:21+09:00,TBS NEWS DIG Powered by JNN,jnn,TBS NEWS DIG Powered by JNN,443,"TBS NEWS DIG Powered by JNN
気象台は、4日午前10時04分に、レベル3大雨警報を宮崎市に発表しました。

南部平野部、北部平野部では、低い土地の浸水や河川の増水に警戒してください。
【現在地の防災情報を確認】
【大雨警報（発表中）】
■宮崎市
●レベル3大雨警報【発表】

■延岡市
●レベル2大雨注意報

■日南市
●レベル3大雨警報

■小林市
●レベル2大雨注意報

■日向市
●レベル3大雨警報

■串間市
●レベル2大雨注意報

■西都市
●レベル3大雨警報

■国富町
●レベル3大雨警報

■綾町
●レベル2大雨注意報

■高鍋町
●レベル3大雨警報

■新富町
●レベル2大雨注意報

■西米良村
●レベル2大雨注意報

■木城町
●レベル2大雨注意報

■川南町
●レベル2大雨注意報

■都農町
●レベル3大雨警報

■門川町
●レベル2大雨注意報

■美郷町
●レベル2大雨注意報
TBS NEWS DIG Powered by JNN",[],[]
"今や“星だけじゃない”「令和のプラネタリウム」とは?【THE TIME,】 （TBS NEWS DIG Powered by JNN）",https://news.yahoo.co.jp/articles/2a5858dfaaf54189cb2f75157bf565e785e255eb,https://newsatcl-pctr.c.yimg.jp/t/amd-img/20260904-22910221-jnn-000-1-view.jpg?exp=10800,2026-09-04T10:00:32+09:00,2026-09-04T10:00:32+09:00,TBS NEWS DIG Powered by JNN,jnn,TBS NEWS DIG Powered by JNN,2105,"TBS NEWS DIG Powered by JNN
夜空に浮かぶ“妖怪星座”や、アーティストの楽曲に合わせて360度広がる“幻想的な映像”。プラネタリウムの新しい楽しみ方が広がっています。
【写真を見る】今や“星だけじゃない”「令和のプラネタリウム」とは?【THE TIME,】
■花火にアロマ…寝転べる座席も

イマ、若者の間で人気となっているのが“星だけじゃない”プラネタリウム。

▼10代女性:「ホラーのプラネタリウム」
▼20代女性:「猫ちゃんが世界中を旅するようなテーマの。色々なアニメーションのテーマもあった」
▼20代女性:「映画見に行く感覚でプラネタリウム行こうかみたいな」

東京・有楽町にある『プラネタリアTOKYO』で楽しめるのは、“花火”。

プラネタリウム本編の上映が始まるまでの5〜10分間、迫力のある音と360度の夜空いっぱいに打ちあがる華やかな花火が満喫できます。※8月31日まで開催

さらに、“寝転んで”鑑賞できるシートも。“宇宙空間を漂うような座り心地”を追求した円形の大きなソファーで解放感と快適さが味わえます。

また、視覚だけでなく“嗅覚からも癒される”プログラム「フィジーヒーリング〜南十字星と幸せの島〜」（1900円〜）も人気。※オンライン購入料金・シートにより料金が異なります

▼中3女子:「星だけじゃなくて、“歌とか匂い”でもすごく癒されて素敵だった」
▼20代女性:「すごく良い匂いで、心地良すぎて途中ちょっと寝ていた」

南十字星が輝く南半球の星空とともに、ハイビスカスなどの南国の花をイメージした香りや、青い海をイメージしたアロマの香りが楽しめます。

『コニカミノルタ プラネタリウム』広報・工藤 縁さん:
「色々なエンタメとのコラボで裾野が広がったと思う。SNSで知ってくれる人が非常に多いので、若い人がすごく増えた」

■技術の進歩で“没入感”アップ

なぜ“星だけじゃない展示”が増えているのか?世界各地で約200か所のプラネタリウムを巡った松井さんに聞いてみるとー

『名古屋大学大学院』理学研究科・松井瀬奈さん:
「今、プラネタリウムの星空を映す機械を作る世界的に有名な4社があり、そのうち3社が日本の企業。昔は星空だけを映し出す光学機械式という機械だったけど、技術が進歩してプロジェクターを使って映像を映し出すタイプのプラネタリウムも生まれた。それから今のような、“没入感あふれるプラネタリウム体験”ができるようになった」
■夜空に浮かぶ“妖怪星座”

夜空には“妖怪たち”も浮かびます。

THE TIME,マーケティング部　羽田優里奈部員:
「え、すごい!鬼太郎に目玉おやじも」

9月27日まで開催されている「水木しげるの妖怪夏祭り〜88のあやしい星座たち〜」（1500円）では、夜空に浮かぶ88の星座が不気味で愛らしい“妖怪星座”に変化。

座席がなく自由に歩き回ることができるので、推しの妖怪と一緒に写真撮影も可能です。

▼20代女性:「妖怪の企画展とかは行くけどプラネタリウムは初めて。星座と相まって“すごく幻想的な感じ”がしてとても良い」
▼小6男子:「こういうのが毎日空に浮かんで来れば良いのになって」

また、妖怪が覗く的を倒す「呼子の的当て」など妖怪と遊ぶ“異界の夏祭り”をイメージしたゲームもあり、プラネタリウムにいながら夏祭り気分も味わえます。（※別途料金/1PLAY500円）

■楽曲×星空で「アーティストの世界」に没入

『プラネタリウム満天』（東京・池袋）で人気なのは、“音楽と星空が融合した”「サカナクション グッドナイト・プラネタリウム」（1600円〜）※オンライン購入料金・シートにより料金が異なります

人気バンド「サカナクション」の音楽に合わせて映し出されるのは、独自の技術によって生み出された鋭く輝くリアルな星々や幻想的な映像。まさに、“サカナクションの世界”に入り込んだような没入感が味わえるといいます。

▼高3女子:「360度星が見られて、“テーマにある海や星を包むような音楽”で、すごく楽しかった」
▼小6男子:「音楽のリズムに合わせて星が映ったり、とてもきれい」

他にも、ドームいっぱいに広がる流れ星とともに「BUNP OF CHICKEN」の楽曲が楽しめる「流れ星を探して feat. BUMP OF CHICKEN」（1600円〜）も人気。※全5館にて上映/オンライン購入料金・シートにより料金が異なります

▼20代女性:「星が元々好きで、BUNP OF CHICKENも好き。星を見ながら好きなアーティストの曲も聴けて本当に良かった」
▼20代女性:「曲と世界観がすごく合っている。プラネタリウムの技術も昔と比べて進化しているから映像もきれいだし、良かったとしか言えない!」
星空だけではないプラネタリウム。今後はどんな癒しの世界が登場するのでしょうか?

（THE TIME,2026年8月31日放送より）
TBS NEWS DIG Powered by JNN",[],[]
【レベル3大雨警報】宮崎県・日向市に発表 09:46時点（TBS NEWS DIG Powered by JNN）,https://news.yahoo.co.jp/articles/8670c064b98c27f8aa30c992158013d8681c2329,https://newsatcl-pctr.c.yimg.jp/t/amd-img/20260904-22920225-jnn-000-1-view.jpg?exp=10800,2026-09-04T09:48:18+09:00,2026-09-04T09:48:18+09:00,TBS NEWS DIG Powered by JNN,jnn,TBS NEWS DIG Powered by JNN,443,"TBS NEWS DIG Powered by JNN
気象台は、4日午前9時46分に、レベル3大雨警報を日向市に発表しました。

南部平野部、北部平野部では、低い土地の浸水や河川の増水に警戒してください。
【現在地の防災情報を確認】
【大雨警報（発表中）】
■宮崎市
●レベル2大雨注意報

■延岡市
●レベル2大雨注意報

■日南市
●レベル3大雨警報

■小林市
●レベル2大雨注意報

■日向市
●レベル3大雨警報【発表】

■串間市
●レベル2大雨注意報

■西都市
●レベル3大雨警報

■国富町
●レベル3大雨警報

■綾町
●レベル2大雨注意報

■高鍋町
●レベル3大雨警報

■新富町
●レベル2大雨注意報

■西米良村
●レベル2大雨注意報

■木城町
●レベル2大雨注意報

■川南町
●レベル2大雨注意報

■都農町
●レベル3大雨警報

■門川町
●レベル2大雨注意報

■美郷町
●レベル2大雨注意報
TBS NEWS DIG Powered by JNN",[],[]
米司法省　発砲のICE職員を虚偽供述などで訴追　ミネソタ州の移民取り締まり作戦で初（TBS NEWS DIG Powered by JNN）,https://news.yahoo.co.jp/articles/0d3b56329f73c97cf10d9639e16d8291cd5cb663,https://newsatcl-pctr.c.yimg.jp/t/amd-img/default.jpg?exp=10800,2026-09-04T09:38:46+09:00,2026-09-04T09:51:54+09:00,TBS NEWS DIG Powered by JNN,jnn,TBS NEWS DIG Powered by JNN,498,"アメリカ中西部・ミネソタ州で移民当局の職員が発砲し移民の男性にけがをさせた事件で、虚偽の供述をしたなどとして司法省がこの職員を訴追したとアメリカメディアが報じました。

この事件は今年1月、ミネアポリスでICE＝移民・税関捜査局の職員がベネズエラ系移民の男性に発砲し、足にけがをさせたものです。

AP通信などによりますと、司法省は3日、この職員の男を虚偽の供述をした罪などで訴追したということです。

職員の男は当初、「男性が取り締まりに抵抗し襲ってきた」と説明していましたが、現場の映像と食い違っていたということです。

この職員の男はすでにミネソタ州の検察に暴行などの疑いで訴追され、テキサス州で逮捕されていましたが、テキサス州知事がミネソタ州への身柄引き渡しに応じず、先月、釈放されていました。

ミネソタ州では去年末からトランプ政権が集中的な移民の取り締まり作戦を実施。移民当局の発砲で市民2人が死亡していて、トランプ政権の強硬な移民政策への抗議が広がるきっかけとなっていました。

この取り締まり作戦をめぐり、連邦政府が移民当局の職員を訴追するのは初めてということです。
TBSテレビ",[],[]
【レベル3大雨警報】宮崎県・高鍋町に発表 09:24時点（TBS NEWS DIG Powered by JNN）,https://news.yahoo.co.jp/articles/1b302e711d4dfe3ad5c2aa21e2f48d7e824bb6e5,https://newsatcl-pctr.c.yimg.jp/t/amd-img/20260904-22920171-jnn-000-1-view.jpg?exp=10800,2026-09-04T09:25:24+09:00,2026-09-04T09:25:24+09:00,TBS NEWS DIG Powered by JNN,jnn,TBS NEWS DIG Powered by JNN,444,"TBS NEWS DIG Powered by JNN
気象台は、4日午前9時24分に、レベル3大雨警報を高鍋町に発表しました。

南部平野部、北部平野部では、低い土地の浸水や河川の増水に警戒してください。
【現在地の防災情報を確認】
【大雨警報（発表中）】
■宮崎市
●レベル2大雨注意報

■延岡市
●レベル2大雨注意報

■日南市
●レベル3大雨警報

■小林市
●レベル2大雨注意報

■日向市
●レベル2大雨注意報

■串間市
●レベル2大雨注意報

■西都市
●レベル3大雨警報

■国富町
●レベル3大雨警報

■綾町
●レベル2大雨注意報

■高鍋町
●レベル3大雨警報【発表】

■新富町
●レベル2大雨注意報

■西米良村
●レベル2大雨注意報

■木城町
●レベル2大雨注意報

■川南町
●レベル2大雨注意報

■都農町
●レベル3大雨警報

■門川町
●レベル2大雨注意報

■美郷町
●レベル2大雨注意報
TBS NEWS DIG Powered by JNN",[],[]
【レベル3大雨警報】宮崎県・日南市、西都市、国富町に発表 08:47時点（TBS NEWS DIG Powered by JNN）,https://news.yahoo.co.jp/articles/e4bee74ec3e2577b63e5d3ee7f04d1d679915772,https://newsatcl-pctr.c.yimg.jp/t/amd-img/20260904-22920145-jnn-000-1-view.jpg?exp=10800,2026-09-04T08:49:13+09:00,2026-09-04T08:49:13+09:00,TBS NEWS DIG Powered by JNN,jnn,TBS NEWS DIG Powered by JNN,453,"TBS NEWS DIG Powered by JNN
気象台は、4日午前8時47分に、レベル3大雨警報を日南市、西都市、国富町に発表しました。
【現在地の防災情報を確認】
南部平野部、北部平野部では、低い土地の浸水や河川の増水に警戒してください。

【大雨警報（発表中）】
■宮崎市
●レベル2大雨注意報

■延岡市
●レベル2大雨注意報

■日南市
●レベル3大雨警報【発表】

■小林市
●レベル2大雨注意報

■日向市
●レベル2大雨注意報

■串間市
●レベル2大雨注意報

■西都市
●レベル3大雨警報【発表】

■国富町
●レベル3大雨警報【発表】

■高鍋町
●レベル2大雨注意報

■新富町
●レベル2大雨注意報

■西米良村
●レベル2大雨注意報【発表】

■木城町
●レベル2大雨注意報

■川南町
●レベル2大雨注意報

■都農町
●レベル3大雨警報

■門川町
●レベル2大雨注意報

■美郷町
●レベル2大雨注意報【発表】
TBS NEWS DIG Powered by JNN",[],[]
【レベル3大雨警報】宮崎県・都農町に発表 08:31時点（TBS NEWS DIG Powered by JNN）,https://news.yahoo.co.jp/articles/fe8d457b859c5db2cebe64b3d6784592c4ab507b,https://newsatcl-pctr.c.yimg.jp/t/amd-img/20260904-22920133-jnn-000-1-view.jpg?exp=10800,2026-09-04T08:33:16+09:00,2026-09-04T08:33:16+09:00,TBS NEWS DIG Powered by JNN,jnn,TBS NEWS DIG Powered by JNN,399,"TBS NEWS DIG Powered by JNN
気象台は、4日午前8時31分に、レベル3大雨警報を都農町に発表しました。

北部平野部では、低い土地の浸水や河川の増水に警戒してください。
【現在地の防災情報を確認】
【大雨警報（発表中）】
■宮崎市
●レベル2大雨注意報

■延岡市
●レベル2大雨注意報

■日南市
●レベル2大雨注意報

■小林市
●レベル2大雨注意報

■日向市
●レベル2大雨注意報

■串間市
●レベル2大雨注意報

■西都市
●レベル2大雨注意報

■国富町
●レベル2大雨注意報

■高鍋町
●レベル2大雨注意報

■新富町
●レベル2大雨注意報【発表】

■木城町
●レベル2大雨注意報【発表】

■川南町
●レベル2大雨注意報

■都農町
●レベル3大雨警報【発表】

■門川町
●レベル2大雨注意報
TBS NEWS DIG Powered by JNN",[],[]
トランプ大統領　ウクライナ支援の弾薬代金を欧州に請求の意向　同盟国へのミサイルなどの売却は「近く再開する予定」（TBS NEWS DIG Powered by JNN）,https://news.yahoo.co.jp/articles/6f330c5bd526dd951d0d1e753e732fca0aad902a,https://newsatcl-pctr.c.yimg.jp/t/amd-img/20260904-07324903-jnn-000-3-thumb.jpg?exp=10800,2026-09-04T07:01:20+09:00,2026-09-04T11:53:30+09:00,TBS NEWS DIG Powered by JNN,jnn,TBS NEWS DIG Powered by JNN,368,"TBS NEWS DIG Powered by JNN
アメリカのトランプ大統領は、ウクライナへの支援で無償提供された弾薬の代金をヨーロッパ各国に請求する意向を明らかにしました。

トランプ大統領は3日、バイデン前政権下でウクライナへの支援として無償で提供されたミサイルなどの弾薬をめぐり、「数千億ドル分が無償提供されたが、本来はヨーロッパ各国が負担すべきものであり、遅ればせながら支払いを求めるつもりだ」とSNSに投稿しました。

また、トランプ氏はイラン攻撃によってアメリカの弾薬備蓄が大幅に減少しているとの指摘について、「我々は中・高性能の弾薬を事実上、無尽蔵に保有している」と主張。

弾薬の生産と備蓄をかつてない規模で進めているとし、同盟国に対するミサイルなどの売却を「近く再開する予定だ」と明らかにしています。
TBSテレビ",[],[]
大阪市天王寺区の地下街「あべちか」強盗殺人未遂事件 公開手配のベトナム国籍の男逮捕　東京都内の入管施設に出頭（TBS NEWS DIG Powered by JNN）,https://news.yahoo.co.jp/articles/2783503e5133cbfd79f67ee4bd3a3d0ee1532207,https://newsatcl-pctr.c.yimg.jp/t/amd-img/20260904-07324891-jnn-000-2-thumb.jpg?exp=10800,2026-09-04T06:50:33+09:00,2026-09-04T06:52:34+09:00,TBS NEWS DIG Powered by JNN,jnn,TBS NEWS DIG Powered by JNN,349,"TBS NEWS DIG Powered by JNN
今年6月、大阪市天王寺区の地下街で女性が刺され、現金などが奪われた事件で、警察は、公開手配していたベトナム国籍の男を逮捕しました。

警察によりますと、強盗殺人未遂の疑いで逮捕された、ベトナム国籍で住居・職業不詳のクアン・バン・ジャオ容疑者（26）は今年6月、すでに逮捕されているベトナム国籍の男女3人と共謀し、大阪市天王寺区の地下街「あべちか」で、ベトナム国籍の女性（31）を刃物のようなもので刺し、現金およそ22万円などが入ったかばんを奪った疑いがもたれています。

警察はおととい、クアン容疑者を公開手配しましたが、きのう、東京都内の入管施設に出頭してきたということです。警察は、クアン容疑者の認否を明らかにしていません。
TBSテレビ",[],[]
台風と秋雨前線　九州や四国を中心に非常に激しい雨も　線状降水帯発生のおそれも　西～東日本は週明けにかけて大雨長引くおそれ（TBS NEWS DIG Powered by JNN）,https://news.yahoo.co.jp/articles/df79bd764977b34dc343b051574a462d8d959d88,https://newsatcl-pctr.c.yimg.jp/t/amd-img/20260904-07324899-jnn-000-2-thumb.jpg?exp=10800,2026-09-04T06:25:26+09:00,2026-09-04T06:29:14+09:00,TBS NEWS DIG Powered by JNN,jnn,TBS NEWS DIG Powered by JNN,924,"TBS NEWS DIG Powered by JNN
台風24号と秋雨前線の影響で、きょうは西日本で激しい雨が降り大雨のおそれがあります。九州や四国を中心に発達した雨雲が流れ込みそうです。大雨による土砂災害などに警戒が必要です。

【九州や四国で線状降水帯発生のおそれも】
台風24号はこのあと動きが遅くなり、しばらく沖縄や奄美付近にとどまる予想です。本州付近には秋雨前線が停滞して、台風周辺の湿った空気が流れ込むため、きょうは西日本の太平洋側を中心に発達した雨雲がかかりそうです。奄美地方を含む鹿児島県、宮崎県、大分県、高知県では今夜にかけて線状降水帯が発生するおそれがあります。同じような場所で非常に激しい雨が続き、災害発生の危険度が急激に高まるおそれがあります。

あす朝にかけて予想される雨の量は、四国で300ミリ、九州南部で250ミリなどとなっています。これまでの大雨で地盤の緩んでいる地域では、少しの雨でも土砂災害の危険度が高まるおそれがあります。土砂災害、低い土地の浸水、川の増水、氾濫に警戒が必要です。北海道は午前中を中心に雨や雷雨になりそうです。東日本も雨の降る所があるでしょう。

【雨で暑さ和らぐ 気温の変化に注意】
日中の気温は関東から西できのうより低く、26℃前後の所が多いでしょう。きのうより5℃くらい低くなる所もあり、9月下旬から10月上旬並みの涼しさとなりそうです。気温の変化にもお気をつけください。晴れる仙台は29℃の予想です。

きょうの各地の予想最高気温です。
札幌　：21℃　釧路：18℃
青森　：26℃　盛岡：27℃
仙台　：29℃　新潟：28℃
長野　：25℃　金沢：27℃
名古屋：25℃　東京：26℃
大阪　：25℃　岡山：25℃
広島　：27℃　松江：27℃
高知　：27℃　福岡：27℃
鹿児島：29℃　那覇：31℃

【大雨長引く 日曜日以降は東海・関東も大雨】
週末も動きの遅い台風と本州付近の前線の影響で、西日本や東日本は雨が降りやすく、東海や関東は日曜日から雨が強まりそうです。月曜日ごろにかけても雨が長引き、大雨となるおそれがあります。今後も最新の情報をご確認ください。
TBSテレビ",[],[]
【レベル3大雨警報】高知県・高知市、室戸市、土佐市などに発表 06:20時点（TBS NEWS DIG Powered by JNN）,https://news.yahoo.co.jp/articles/16db0e22424cbc57434591cfe4deb0f88a13a5ab,https://newsatcl-pctr.c.yimg.jp/t/amd-img/20260904-22920086-jnn-000-1-view.jpg?exp=10800,2026-09-04T06:22:15+09:00,2026-09-04T06:22:15+09:00,TBS NEWS DIG Powered by JNN,jnn,TBS NEWS DIG Powered by JNN,658,"TBS NEWS DIG Powered by JNN
気象台は、4日午前6時20分に、レベル3大雨警報を高知市、室戸市、土佐市、須崎市、宿毛市などに発表しました。
【現在地の防災情報を確認】
高知県では、低い土地の浸水や河川の増水に警戒してください。

【大雨警報（発表中）】
■高知市
●レベル3大雨警報【発表】

■室戸市
●レベル3大雨警報【発表】

■安芸市
●レベル2大雨注意報

■南国市
●レベル2大雨注意報

■土佐市
●レベル3大雨警報【発表】

■須崎市
●レベル3大雨警報【発表】

■宿毛市
●レベル3大雨警報【発表】

■土佐清水市
●レベル3大雨警報【発表】

■四万十市
●レベル3大雨警報【発表】

■香南市
●レベル3大雨警報【発表】

■香美市
●レベル2大雨注意報

■東洋町
●レベル2大雨注意報

■田野町
●レベル2大雨注意報

■安田町
●レベル2大雨注意報

■芸西村
●レベル2大雨注意報

■いの町
●レベル3大雨警報【発表】

■中土佐町
●レベル3大雨警報【発表】

■佐川町
●レベル3大雨警報【発表】

■越知町
●レベル2大雨注意報

■檮原町
●レベル2大雨注意報

■日高村
●レベル3大雨警報【発表】

■津野町
●レベル2大雨注意報

■四万十町
●レベル3大雨警報【発表】

■大月町
●レベル3大雨警報【発表】

■三原村
●レベル2大雨注意報

■黒潮町
●レベル3大雨警報【発表】
TBS NEWS DIG Powered by JNN",[],[]
プーチン大統領 ウクライナとの和平合意めぐり「可能性はあると思う」と述べる一方…ウクライナ側の“警告”を「国家テロ」と非難（TBS NEWS DIG Powered by JNN）,https://news.yahoo.co.jp/articles/d51b6372b69139c30f214f847e89445446ab0ce8,https://newsatcl-pctr.c.yimg.jp/t/amd-img/20260904-07324895-jnn-000-3-thumb.jpg?exp=10800,2026-09-04T06:18:41+09:00,2026-09-04T06:24:06+09:00,TBS NEWS DIG Powered by JNN,jnn,TBS NEWS DIG Powered by JNN,585,"TBS NEWS DIG Powered by JNN
ロシアのプーチン大統領は3日、極東・ウラジオストクで開かれている「東方経済フォーラム」で演説し、ウクライナとの和平合意について、「可能性はあると思う」と述べました。

ロシア　プーチン大統領
「紛争の当事国であるロシアとウクライナが解決しなければならない。それが正しいアプローチだ」

プーチン大統領はこのように述べたうえで、ウクライナとの和平合意について「可能性はあると思う」と述べました。

その一方で、ウクライナがロシア領空を飛ぶ民間航空機に危険があると警告していることについて、「国家テロだ」と非難。ウクライナとの接触は情報機関を通じて続いているものの、実際に和平合意につながるかについては、ウクライナ指導部の発言を踏まえると判断は難しいとの認識を示しました。

さらに、アメリカのトランプ政権とは連絡を取り続けていると明らかにし、トランプ大統領について、米ロ関係の修復に「前向きで建設的に取り組んでいる」と評価しました。

こうしたなか、ウクライナのゼレンスキー大統領は、和平交渉に向け、トランプ氏の特使がモスクワとキーウの双方を訪問すると明らかにしました。

「アメリカが積極的な関与を続けることが重要だ」と強調し、キーウでの会談が「今後、数日以内に行われることを期待する」としています。
TBSテレビ",[],[]
【レベル3大雨警報】鹿児島県・肝付町に発表 06:03時点（TBS NEWS DIG Powered by JNN）,https://news.yahoo.co.jp/articles/b7240d3a2613251dceb3f693e0db24528529875e,https://newsatcl-pctr.c.yimg.jp/t/amd-img/20260904-22920077-jnn-000-1-view.jpg?exp=10800,2026-09-04T06:05:23+09:00,2026-09-04T06:05:23+09:00,TBS NEWS DIG Powered by JNN,jnn,TBS NEWS DIG Powered by JNN,202,"TBS NEWS DIG Powered by JNN
気象台は、4日午前6時03分に、レベル3大雨警報を肝付町に発表しました。

大隅地方では、低い土地の浸水や河川の増水に警戒してください。
【現在地の防災情報を確認】
【大雨警報（発表中）】
■鹿屋市
●レベル3大雨警報

■東串良町
●レベル3大雨警報

■肝付町
●レベル3大雨警報【発表】
TBS NEWS DIG Powered by JNN",[],[]
片山財務大臣“リフレ政策をとっていない”と主張　ベッセント米財務長官の「リフレ政策をやめるべき」発言めぐり（TBS NEWS DIG Powered by JNN）,https://news.yahoo.co.jp/articles/84af96f1436fe76af62916300fd623ff3b424a57,https://newsatcl-pctr.c.yimg.jp/t/amd-img/20260904-07324892-jnn-000-4-thumb.jpg?exp=10800,2026-09-04T06:03:18+09:00,2026-09-04T07:47:22+09:00,TBS NEWS DIG Powered by JNN,jnn,TBS NEWS DIG Powered by JNN,393,"TBS NEWS DIG Powered by JNN
アメリカのベッセント財務長官が日本に「リフレ政策をやめるべき」と話したことについて、片山財務大臣はリフレ政策はとっていないとの認識を示しました。
【高市カラー鮮明】「骨太の方針」で暮らしは変わる？【写真で見る】
今週、片山財務大臣や日銀の植田総裁と会談したアメリカのベッセント財務長官は、1日の会見の中で、日本側に「アベノミクスは大成功を収めた」「もう“リフレ政策”はやめるべきだと伝えた」と明らかにしました。大規模な金融緩和や積極財政からの転換を促した発言です。

しかし、アメリカから帰国した片山大臣は…

片山さつき 財務大臣
「リフレ政策と高市総理の政権戦略、骨太の方針で書いているものは同じではない」

高市政権はリフレ政策をとっていないと主張したうえで、アメリカ側から政策への注文はなかったと話しました。
TBSテレビ",[],[]
バンス米副大統領「イランが商船への攻撃を止めなければ対話しない」 戦闘終結に向けた協議の現状めぐり（TBS NEWS DIG Powered by JNN）,https://news.yahoo.co.jp/articles/200a3428799d5127f3cf96a4bf1a369fcf138eae,https://newsatcl-pctr.c.yimg.jp/t/amd-img/20260904-07324898-jnn-000-3-thumb.jpg?exp=10800,2026-09-04T06:00:48+09:00,2026-09-04T10:02:12+09:00,TBS NEWS DIG Powered by JNN,jnn,TBS NEWS DIG Powered by JNN,451,"TBS NEWS DIG Powered by JNN
アメリカのバンス副大統領は、イランとの戦闘終結に向けた協議について、ホルムズ海峡での商船への攻撃を止めなければ「対話は行わない」と語りました。

アメリカ　バンス副大統領
「我々はイランと対話していない。商船への攻撃を止めない限り、今後も対話するつもりはない」

バンス副大統領は3日、イランとの戦闘終結に向けた協議の現状について、このように話したうえで、「イランが約束を守らずに商船への攻撃を止めない以上、我々が今後のスケジュールを示すのは無責任になる」と主張しています。

また、アメリカ軍が今月1日に行った攻撃で結婚式会場が被害を受け、子どもを含む4人が死亡したとイランメディアが伝えていることについて、「徹底的な調査を行っている」と明らかにしました。

バンス氏は「イランの国営メディアは正確な報道をしてきておらず、この件については極めて懐疑的だ」とし、「現時点では肯定、否定のいずれの証拠も得られていない」と話しています。
TBSテレビ",[],[]
【レベル3大雨警報】鹿児島県・東串良町に発表 05:40時点（TBS NEWS DIG Powered by JNN）,https://news.yahoo.co.jp/articles/4d4429e958a6dbd468e076d74eb033ee06cc5e99,https://newsatcl-pctr.c.yimg.jp/t/amd-img/20260904-22920072-jnn-000-1-view.jpg?exp=10800,2026-09-04T05:42:18+09:00,2026-09-04T05:42:18+09:00,TBS NEWS DIG Powered by JNN,jnn,TBS NEWS DIG Powered by JNN,204,"TBS NEWS DIG Powered by JNN
気象台は、4日午前5時40分に、レベル3大雨警報を東串良町に発表しました。

大隅地方では、低い土地の浸水や河川の増水に警戒してください。
【現在地の防災情報を確認】
【大雨警報（発表中）】
■鹿屋市
●レベル3大雨警報

■東串良町
●レベル3大雨警報【発表】

■肝付町
●レベル2大雨注意報
TBS NEWS DIG Powered by JNN",[],[]
「イグ・ノーベル賞」“鼻のかみ方”を科学的に検証 旭川医科大学の故・海野徳二氏が医学賞 日本人受賞は20年連続（TBS NEWS DIG Powered by JNN）,https://news.yahoo.co.jp/articles/22039a5543c23828bcf03754e0774d2f03cdb267,https://newsatcl-pctr.c.yimg.jp/t/amd-img/20260904-07324897-jnn-000-4-thumb.jpg?exp=10800,2026-09-04T05:38:47+09:00,2026-09-04T10:03:44+09:00,TBS NEWS DIG Powered by JNN,jnn,TBS NEWS DIG Powered by JNN,488,"TBS NEWS DIG Powered by JNN
ユーモアのある研究や開発に贈られる「イグ・ノーベル賞」の医学賞に、「鼻のかみ方」を科学的に検証した旭川医科大学の元教授が選ばれました。

第36回イグ・ノーベル賞の授賞式が3日、スイスのチューリッヒで行われました。医学賞には「鼻のかみ方」を科学的に検証した、旭川医科大学の故・海野徳二元教授が選ばれ、教え子だった大学教授がトロフィーを受け取りました。

旭川医科大学　高原幹 教授
「先生は鼻の生理学および気流の研究における先駆者でした」

会場では、招待されていた本家の「ノーベル賞」の受賞者たちが鼻をかんで称えました。

海野元教授は、鼻をかむ動作を空気力学的に計測・分析し、「片側ずつかむと効率よく気流を通過させることができる」「力強くかんでも耳への直接的な影響はない」などと正しい鼻のかみ方を導き出しました。

日本人の受賞は20年連続になります。

また、化学賞には日本の「高エネルギー加速器研究機構」の研究者らも参加した、ゴキブリの体内で作られるミルク状の栄養分についての研究が選ばれています。
TBSテレビ",[],[]
【レベル3大雨警報】鹿児島県・鹿屋市に発表 05:00時点（TBS NEWS DIG Powered by JNN）,https://news.yahoo.co.jp/articles/eb11c91d06683f80f50e842295bc7739864874ad,https://newsatcl-pctr.c.yimg.jp/t/amd-img/20260904-22920066-jnn-000-1-view.jpg?exp=10800,2026-09-04T05:02:14+09:00,2026-09-04T05:02:14+09:00,TBS NEWS DIG Powered by JNN,jnn,TBS NEWS DIG Powered by JNN,169,"TBS NEWS DIG Powered by JNN
気象台は、4日午前5時00分に、レベル3大雨警報を鹿屋市に発表しました。

大隅地方では、低い土地の浸水や河川の増水に警戒してください。
【現在地の防災情報を確認】
【大雨警報（発表中）】
■鹿屋市
●レベル3大雨警報【発表】
TBS NEWS DIG Powered by JNN",[],[]
【レベル4土砂災害危険警報】鳥取県・大山町に発表 02:52時点（TBS NEWS DIG Powered by JNN）,https://news.yahoo.co.jp/articles/2f452874c22388f9ab177d68a79e9f560b5e93f2,https://newsatcl-pctr.c.yimg.jp/t/amd-img/20260904-22920043-jnn-000-1-view.jpg?exp=10800,2026-09-04T02:54:18+09:00,2026-09-04T02:54:18+09:00,TBS NEWS DIG Powered by JNN,jnn,TBS NEWS DIG Powered by JNN,441,"TBS NEWS DIG Powered by JNN
気象台は、4日午前2時52分に、レベル4土砂災害危険警報を大山町に発表しました。

中・西部では、土砂災害に厳重に警戒してください。
【現在地の防災情報を確認】
【土砂災害警報（発表中）】
■鳥取市北部
●レベル2土砂災害注意報

■米子市
●レベル2土砂災害注意報

■倉吉市
●レベル2土砂災害注意報

■境港市
●レベル2土砂災害注意報

■岩美町
●レベル2土砂災害注意報

■智頭町
●レベル2土砂災害注意報

■三朝町
●レベル2土砂災害注意報

■琴浦町
●レベル2土砂災害注意報

■北栄町
●レベル2土砂災害注意報

■大山町
●レベル4土砂災害危険警報【発表】

■南部町
●レベル2土砂災害注意報

■伯耆町
●レベル2土砂災害注意報

■日南町
●レベル2土砂災害注意報

■日野町
●レベル2土砂災害注意報

■江府町
●レベル2土砂災害注意報
TBS NEWS DIG Powered by JNN",[],[]
米フェミニズム運動をけん引　グロリア・スタイネムさん死去 92歳（TBS NEWS DIG Powered by JNN）,https://news.yahoo.co.jp/articles/69c1f1291b1fb043c62c91d47ca87d76369a8a9d,https://newsatcl-pctr.c.yimg.jp/t/amd-img/20260904-07324894-jnn-000-1-view.jpg?exp=10800,2026-09-04T02:32:09+09:00,2026-09-04T02:32:09+09:00,TBS NEWS DIG Powered by JNN,jnn,TBS NEWS DIG Powered by JNN,354,"TBS NEWS DIG Powered by JNN
アメリカでフェミニズム運動を長年、けん引してきたグロリア・スタイネムさんが2日、ニューヨーク市内の自宅で亡くなりました。92歳でした。

スタイネムさんの財団がSNSで明らかにしたもので、自宅で親しい人に看取られて亡くなったということです。

スタイネムさんは大学卒業後にジャーナリストとなり、女性の解放などをテーマに取材活動を行いました。1971年には雑誌「ミズ」を創刊。人工妊娠中絶の合法化を訴えたほか、性差別や家庭内暴力などのテーマを取り上げました。

その後も多くの書籍やエッセイ集を執筆するなど、半世紀以上にわたり、フェミニズム運動をけん引し、2013年には当時のオバマ大統領から文民最高位の「大統領自由勲章」を授与されました。
TBSテレビ",[],[]
【レベル3大雨警報】鳥取県・米子市に発表 02:25時点（TBS NEWS DIG Powered by JNN）,https://news.yahoo.co.jp/articles/816dadf39784b450bfd47ed46ace1bd4e5bd1a67,https://newsatcl-pctr.c.yimg.jp/t/amd-img/20260904-22920037-jnn-000-1-view.jpg?exp=10800,2026-09-04T02:27:18+09:00,2026-09-04T02:27:18+09:00,TBS NEWS DIG Powered by JNN,jnn,TBS NEWS DIG Powered by JNN,394,"TBS NEWS DIG Powered by JNN
気象台は、4日午前2時25分に、レベル3大雨警報を米子市に発表しました。

中・西部では、低い土地の浸水や河川の増水に警戒してください。
【現在地の防災情報を確認】
【大雨警報（発表中）】
■鳥取市北部
●レベル2大雨注意報

■米子市
●レベル3大雨警報【発表】

■倉吉市
●レベル2大雨注意報

■境港市
●レベル2大雨注意報

■智頭町
●レベル2大雨注意報

■湯梨浜町
●レベル2大雨注意報

■北栄町
●レベル2大雨注意報

■日吉津村
●レベル2大雨注意報

■大山町
●レベル2大雨注意報

■南部町
●レベル2大雨注意報

■伯耆町
●レベル2大雨注意報

■日南町
●レベル2大雨注意報

■日野町
●レベル2大雨注意報

■江府町
●レベル2大雨注意報
TBS NEWS DIG Powered by JNN",[],[]
「イグ・ノーベル賞」“鼻のかみ方”を科学的に検証 旭川医科大学の故・海野徳ニ元教授が医学賞受賞 日本人受賞は20年連続（TBS NEWS DIG Powered by JNN）,https://news.yahoo.co.jp/articles/999a7696abc05415d4254e1c172c463cc0774d3d,https://newsatcl-pctr.c.yimg.jp/t/amd-img/20260904-07324893-jnn-000-7-view.jpg?exp=10800,2026-09-04T02:04:55+09:00,2026-09-04T11:08:55+09:00,TBS NEWS DIG Powered by JNN,jnn,TBS NEWS DIG Powered by JNN,505,"TBS NEWS DIG Powered by JNN
ユーモアのある研究や開発に贈られる「イグ・ノーベル賞」。正しい「鼻のかみ方」について科学的に検証した旭川医科大学の元教授が医学賞を受賞しました。日本人の受賞は20年連続です。
【イグ・ノーベル賞】日本人受賞者が多いワケは“懐の広さ”？【写真で見る】
毎年、ユーモアにあふれた研究や開発に贈られる第36回イグ・ノーベル賞。今年は「鼻のかみ方」を科学的に検証した旭川医科大学の海野徳二元教授が医学賞に選ばれました。

研究はおよそ50年前に行われたもので、海野さんは4年前に亡くなっていて、日本時間の4日午前2時からスイスのチューリッヒで行われる授賞式には旭川医科大学の教授が登壇する予定です。

海野さんは、鼻をかむ動作を空気力学的に計測・分析し、正しい鼻のかみ方を検証しました。

発表された論文では「片側ずつかむと、効率よく気流を通過させることができる」「力強くかむと耳に悪いと思われがちだが、直接的な影響はなく、力を入れてかんでよい」などと結論づけました。

イグ・ノーベル賞で日本人が受賞するのは、これで20年連続の快挙となりました。
TBSテレビ",[],[]
【レベル4土砂災害危険警報】鹿児島県・喜界町に発表 01:37時点（TBS NEWS DIG Powered by JNN）,https://news.yahoo.co.jp/articles/fc306f43ac2539d4e1db7beafa579bdf0ab425b8,https://newsatcl-pctr.c.yimg.jp/t/amd-img/20260904-22920029-jnn-000-1-view.jpg?exp=10800,2026-09-04T01:39:20+09:00,2026-09-04T01:39:20+09:00,TBS NEWS DIG Powered by JNN,jnn,TBS NEWS DIG Powered by JNN,192,"TBS NEWS DIG Powered by JNN
気象台は、4日午前1時37分に、レベル4土砂災害危険警報を喜界町に発表しました。

奄美地方では、土砂災害に厳重に警戒してください。
【現在地の防災情報を確認】
【土砂災害警報（発表中）】
■十島村
●レベル2土砂災害注意報

■喜界町
●レベル4土砂災害危険警報【発表】
TBS NEWS DIG Powered by JNN",[],[]
宮城県で最大震度1の地震　宮城県・名取市（TBS NEWS DIG Powered by JNN）,https://news.yahoo.co.jp/articles/c64904e819db7d7613f8f2d30b0416475f7190b1,https://newsatcl-pctr.c.yimg.jp/t/amd-img/20260904-22920020-jnn-000-1-view.jpg?exp=10800,2026-09-04T01:28:15+09:00,2026-09-04T01:28:15+09:00,TBS NEWS DIG Powered by JNN,jnn,TBS NEWS DIG Powered by JNN,299,"TBS NEWS DIG Powered by JNN
4日午前1時23分ごろ、宮城県で最大震度1を観測する地震がありました。

気象庁によりますと、震源地は福島県沖で、震源の深さはおよそ50km、地震の規模を示すマグニチュードは3.8と推定されます。
【詳細】各地の震度一覧・最新LIVE
この地震による津波の心配はありません。

最大震度1を観測したのは、宮城県の名取市です。

【各地の震度詳細】

■震度1
□宮城県
名取市

気象庁の発表に基づき、地域ごとに震度情報をお伝えしています。
新たな情報が発表され次第、情報を更新します。
TBS NEWS DIG Powered by JNN",[],[]
“迷走”台風24号×秋雨前線…高知・大分・宮崎・鹿児島で線状降水帯発生おそれ　列島各地で警報級大雨に…影響は来週まで長引く可能性【news23】（TBS NEWS DIG Powered by JNN）,https://news.yahoo.co.jp/articles/8b2f77051d522ce03374bd4f68b9b6fe846706d5,https://newsatcl-pctr.c.yimg.jp/t/amd-img/20260904-07324886-jnn-000-2-thumb.jpg?exp=10800,2026-09-04T01:22:18+09:00,2026-09-04T01:26:09+09:00,TBS NEWS DIG Powered by JNN,jnn,TBS NEWS DIG Powered by JNN,1209,"TBS NEWS DIG Powered by JNN
4日夜遅くにかけて、線状降水帯が発生するおそれがある宮崎県。3日夜、横殴りの雨となっていました。長い時間、沖縄周辺に居座る“迷走”台風24号。その影響は、来週まで長引きそうです。

現在、沖縄と奄美に接近している台風24号。4日にかけて北上し、来週にかけて、ぐるっと沖縄周辺を迷走する予想となっています。鹿児島県と宮崎県、大分県、高知県では、4日にかけて線状降水帯が発生して、大雨災害の危険度が急激に高まる可能性があります。

奄美大島では、先月の台風で停電したこともあり、ライトやラジオなどを買い求める人が多くいました。

「今度の（台風24号）対策。今まで準備していたものが古くて、この前（の台風で）使おうとしたら全部だめだったから」
「（ラジオが）あったら情報が入ってくるかなと思って」

動きの遅い台風に加え、日本の太平洋側には秋雨前線が停滞しています。そこに暖かい湿った空気が流れ込み、前線の活動が活発化。日本の広い範囲で警報級の大雨をもたらしています。

1日から断続的に雨が降っている青森県。県内の2つの川で未明に氾濫や堤防の決壊が相次ぎ、青森市と五所川原市にレベル5緊急安全確保が発表されました。

こちらの住宅は、川から流れ込んだ水で、地面から30センチほどが水浸しとなっています。

住民
「大変。朝起きたときはまだ何ともなかった。向こうが破れていなかったから。急にこうなった」

五所川原市の建物への浸水は2日と3日で25棟、確認されているということです。

これまでの大雨で、すでに大きな被害が出ている鰺ヶ沢町。雨が降る中、住民が片付け作業に追われました。

「（Q.また雨も降ってきましたね）そうですね。（片付けは）ちょっと何日かかるか、ちょっとわからない感じですね」

しかし、その後も雨脚はどんどん強まっていき、住宅の前の道路が冠水。深さは膝下に達しています。鰺ヶ沢では午後9時ごろまでの48時間で、観測史上最大となる326.5ミリの雨が観測されていました。

千葉市では夕方、突然の雨に。慌てて避難する人もいますが、諦めたのか、ゆっくり歩く人の姿も。時刻はちょうど、学校終わり。宇都宮市では雷鳴が響き渡る中、子どもたちは家路を急ぎます。

記者
「ワイパーを全開にしていますが、前が見えづらいです」

山陰地方でも激しい雨が降りました。島根県安来市、鳥取県日野町、江府町、日南町に一時、レベル4土砂災害危険警報が発表されました。

先週、記録的な大雨となった石川県。裏山が崩れた羽咋市の寺には、被害の爪痕が残ったままです。石川県では4日明け方まで、雷を伴う激しい雨が所によって降る可能性があります。

永光寺　屋敷智乘 住職
「これ以上、被害が広がらない方策をこれから作業します。雨が降らないことを祈るばかりですね」
TBSテレビ",[],[]
【速報】鹿児島県奄美地方に「線状降水帯直前予測」発表（TBS NEWS DIG Powered by JNN）,https://news.yahoo.co.jp/articles/78acfe7ce3be1da640a86a445c73f08d1fcd51f9,https://newsatcl-pctr.c.yimg.jp/t/amd-img/20260904-07324888-jnn-000-3-thumb.jpg?exp=10800,2026-09-04T00:43:49+09:00,2026-09-04T00:57:40+09:00,TBS NEWS DIG Powered by JNN,jnn,TBS NEWS DIG Powered by JNN,319,"TBS NEWS DIG Powered by JNN
きょう（4日）午前0時28分に「線状降水帯直前予測」の速報が鹿児島県奄美地方に発表されました。この地域では、遅くとも3時間以内に線状降水帯が発生する可能性が高まっています。

「線状降水帯」にならなくても、災害につながるような非常に激しい雨が降ることが予想されています。

気象庁は「線状降水帯が発生してから屋外へ避難するのは危険だ」として、この段階で、速やかに適切な防災行動をとってほしいとしています。

自治体からの避難情報を確認してください。また、いま自分のいる場所が浸水想定区域や土砂災害警戒区域など危険度の高い場所かどうかをハザードマップで確認してください。
TBSテレビ",[],[]
京都府内では初 民家にクマ居座り麻酔銃による緊急銃猟 親子とみられるツキノワグマ2頭 京都・舞鶴市（TBS NEWS DIG Powered by JNN）,https://news.yahoo.co.jp/articles/cd646073553508d50196f28c9dfd9676e6028083,https://newsatcl-pctr.c.yimg.jp/t/amd-img/20260904-07324867-jnn-000-2-thumb.jpg?exp=10800,2026-09-04T00:17:11+09:00,2026-09-04T00:18:35+09:00,TBS NEWS DIG Powered by JNN,jnn,TBS NEWS DIG Powered by JNN,183,"TBS NEWS DIG Powered by JNN
京都府舞鶴市の民家にクマが居座り、3日午後9時半ごろ、麻酔銃による緊急銃猟が行われました。京都府内で緊急銃猟が行われるのは初めてです。

舞鶴市によると、民家に居座ったのは親子とみられるツキノワグマ2頭で、無人の離れの軒下にいたということです。

クマはこのあと殺処分される予定だということです。
TBSテレビ",[],[]
煙突の一部も崩落 日本製紙八代工場で出火 熊本地震で被災した煙突の撤去作業進むなか（TBS NEWS DIG Powered by JNN）,https://news.yahoo.co.jp/articles/ee16ffcc459685f3c67e57ac8ccbdeea1fec6b5d,https://newsatcl-pctr.c.yimg.jp/t/amd-img/20260904-07324854-jnn-000-5-thumb.jpg?exp=10800,2026-09-04T00:11:58+09:00,2026-09-04T00:23:32+09:00,TBS NEWS DIG Powered by JNN,jnn,TBS NEWS DIG Powered by JNN,221,"TBS NEWS DIG Powered by JNN
熊本地震で被災した煙突の撤去作業が進められている、日本製紙八代工場で3日午後6時前、関係者から「解体作業中に出火した」と119番通報がありました。

炎により、煙突の一部も崩落。黒い煙も勢いよく出ていることが分かります。

消防によりますと、火はほぼおさまっているといい、10人の作業員にけがはなかったということです。

日本製紙は「詳しい出火原因は調査中」としています。
TBSテレビ",[],[]
「イグ・ノーベル賞」4日発表 日本人の20年連続受賞なるか　ユーモアのある研究などに贈られる（TBS NEWS DIG Powered by JNN）,https://news.yahoo.co.jp/articles/3367239b55c5222b13be79762355accbe06bf067,https://newsatcl-pctr.c.yimg.jp/t/amd-img/20260904-07324861-jnn-000-2-thumb.jpg?exp=10800,2026-09-04T00:07:49+09:00,2026-09-04T00:09:29+09:00,TBS NEWS DIG Powered by JNN,jnn,TBS NEWS DIG Powered by JNN,353,"TBS NEWS DIG Powered by JNN
ユーモアのある研究などに贈られる「イグ・ノーベル賞」の授賞式が4日に行われます。今年、受賞者が出れば20年連続となる日本。過去にはこんな受賞も…

白と黒のしま模様。シマウマかと思いきや、なんとウシ。実は、しま模様のコートを羽織っているのです。一体、なぜ…?

岡山県農林水産総合センター 畜産研究所　荒金知宏さん
「虫が止まろうとしたときに、目が錯覚して止まりづらい」

ウシは虫に刺されると、痛みなどのストレスで発育の遅れを引き起こしたりするといいます。しかし、このように、しま模様にすると吸血昆虫が寄り付かなくなるといい、この日本の研究が去年、イグ・ノーベル賞を受賞しました。

20年連続受賞となるのか？今年も期待が高まります。
TBSテレビ",[],[]
