headline,mainEntityOfPage,image,datePublished,dateModified,author,media_en,media_jp,str_count,body,images,external_links
【Ｓａｒｅｅｅ興行】なつぽい　引退まで残り４か月…再戦に執念「次があるなら、絶対に負けない」（東スポWEB）,https://news.yahoo.co.jp/articles/d8739a4226963fd10fa42a17e56dc3eae90ad168,https://newsatcl-pctr.c.yimg.jp/t/amd-img/20260824-00400637-tospoweb-000-2-view.jpg?exp=10800,2026-08-24T23:10:25+09:00,2026-08-24T23:15:32+09:00,東スポWEB,tospoweb,東スポWEB,818,親友でありライバルのSareee(左)と火花を散らしたなつぽい 〝太陽神〟Sareeeの自主興行「Sareee―ISM Chapter11」（24日、東京・新宿フェイス）で、来年1月3日の横浜武道館大会でラストマッチを迎えるなつぽいが、引退ロードの完全燃焼を誓った。 【写真】Sareeeにフェアリアルギフトを狙うなつぽい この日は、前日のスターダム両国大会で激闘を繰り広げた盟友・安納サオリとタッグを組み、親友Sareeeとマーベラス・彩羽匠の「スパーク・ラッシュ」とタッグ戦。親友のSareeeと互いにエルボーを打ち合い、闘志をむき出しにして激しい攻防を繰り広げたが、最後はリストクラッチ式裏投げに沈んだ。 試合後のリング上ではSareeeに再戦を要求。親友かつライバルから、勝利を挙げるまで戦いたいと言い切った。コメントスペースでも思いは変わらない。「私の本心、言っていい？ めっちゃ悔しい！ めっちゃ悔しかった」と3カウントを奪われた自身に、不満を示した。 「サオリとは昨日、シングルやったけど、やっぱり隣がいい。本当に心強かった」と改めて安納との絆を確認した上で「このカードを私は勝つまでやめないと言ったけど、スパーク・ラッシュとなつ＆サオリが今後できるかどうかわからないし、Sareeeと私のシングル、違うタッグかも、どういうカードかもわからない。（もう一度）当たれるかもわからない。だけど次があるなら、私は絶対に負けないし、その時はサオリが隣がいい」と強調。今後は未定としながらも、この日と同じ安納とのコンビで、スパーク・ラッシュとの再戦を見据えた。 引退まで残り4か月。「ここからね、どんどんもっともっと、上げていこうと思っているから。最後の最後まで強気で、強気なファイトで駆け抜けたいと思います。4か月、よろしくね、バイぽい！」と力強くメッセージ。リングを去るその日まで、ギアを上げ続けると宣言していた。 東スポWEB,[],[]
Ｊ１町田が日本代表ＦＷ小川航基の加入を発表「優勝に貢献できるように全力で戦います」（東スポWEB）,https://news.yahoo.co.jp/articles/9466a29029eeb8ea9b310d1fcecfa41cece92c85,https://newsatcl-pctr.c.yimg.jp/t/amd-img/20260824-00400636-tospoweb-000-1-view.jpg?exp=10800,2026-08-24T23:05:25+09:00,2026-08-24T23:05:25+09:00,東スポWEB,tospoweb,東スポWEB,360,小川航基 J1町田は24日、オランダ1部NECナイメヘンの日本代表FW小川航基（29）を完全移籍で獲得したと発表した。 小川は桐光学園高から磐田入りし、横浜FCなどを経て2023年からNECナイメヘンでプレーしていた。今夏の北中米W杯のメンバー入りし、オランダとの1次リーグ初戦では、〝鎌田の1ミリ〟を頭で演出したことでも話題になった。 町田を通じて「FC町田ゼルビアの一員として戦えることを、とても嬉しく思います。たくさんのゴールを決め、優勝に貢献できるように全力で戦います。ピッチでお会いできる日を楽しみにしています。一緒に優勝しましょう」とコメントした。 クラブからは条件面については発表されていないが、オランダメディア「VI」などによると、年俸は200万ユーロ（約3億8000万円）ほどだと伝えた。 東スポWEB,[],[]
【桐生ボート・ＳＧメモリアル】下條雄太郎　エース14号機を獲得「行き足はしっかりしてそう」（東スポWEB）,https://news.yahoo.co.jp/articles/e543d7f5b652d650097b2014d539fd75a39db5c0,https://newsatcl-pctr.c.yimg.jp/t/amd-img/20260824-00400635-tospoweb-000-1-view.jpg?exp=10800,2026-08-24T22:55:25+09:00,2026-08-24T22:55:25+09:00,東スポWEB,tospoweb,東スポWEB,250,前検では笑顔も見せた下條雄太郎 ボートレース桐生のSG「第72回ボートレースメモリアル」は25日、開幕する。 下條雄太郎（40＝長崎）が手にした14号機は、2連率48％。峰竜太の27号機と並ぶWエース機の1つだ。 「行き足はしっかりしてそうですね。エンジン勝率の感じは、しっかり出ていると思う。ペラは最近使っている形に叩きました。いいエンジンだけあって、直線で下がるようなことはなかった」と好感触だった。 初日は5R3号艇の1走。強力パワーを生かし好発進を決め、台風の目となるか注目だ。 東スポWEB,[],[]
【桐生ボート・ＳＧメモリアル】峰竜太〝エース〟27号機ゲット　GRANDE5制覇へ追い風「自分の生きてきた強さの証になる」（東スポWEB）,https://news.yahoo.co.jp/articles/2df831c2c53e6f698bdcc4adeb617be2be74fe82,https://newsatcl-pctr.c.yimg.jp/t/amd-img/20260824-00400632-tospoweb-000-2-view.jpg?exp=10800,2026-08-24T22:50:25+09:00,2026-08-24T23:10:25+09:00,東スポWEB,tospoweb,東スポWEB,508,GRANDE5制覇へ大チャンスが巡ってきた峰竜太 ボートレース桐生のSG「第72回ボートレースメモリアル」は25日、開幕する。 峰竜太（41＝佐賀）が「3億円」ゲットをかけて参戦だ。グランプリ、クラシック、オールスター、メモリアル、ダービーのSG5大競走「GRANDE5」。峰はこれまでにグランプリ、クラシック、オールスター、ダービーの4大会を制覇。今回のメモリアルVなら、GRANDE5制覇を達成する。 最初にGRNDE5を達成したレーサーには、3億円相当のインゴッドが贈られる。「自分の生きてきた強さの証になる。最初に達成できるのは1人しかいない。ゴールデンレーサーはたくさんいる。〝俺だけ〟っていうものが欲しい。年に1回しかないチャンス。次とかは考えている暇はない」と究極のタイトル獲得に闘志を燃やしている。 その峰はが2連率トップ（49％）でエース機の呼び声高い27号機を引き当てた。「引くと思ってました」とニヤリ。スタート特訓を終えて「回転はまだ合ってないけど、パワーある。伸びている。いいエンジンなのは間違いない。合えばもっと出ると思うので、引き出したい」と手応えアリ。初日から好走必至だ。 東スポWEB,[],[]
【桐生ボート・ＳＧメモリアル】毒島誠　Ｖ奪取の気持ちは人一倍「地元のＳＧなので、めちゃくちゃ欲しい」（東スポWEB）,https://news.yahoo.co.jp/articles/117a22a472b67175fe17797d9685113511cc2c81,https://newsatcl-pctr.c.yimg.jp/t/amd-img/20260824-00400634-tospoweb-000-1-view.jpg?exp=10800,2026-08-24T22:50:25+09:00,2026-08-24T22:50:25+09:00,東スポWEB,tospoweb,東スポWEB,323,地元ＳＧ制覇へ気合十分の毒島誠 ボートレース桐生のSG「第72回ボートレースメモリアル」は25日、開幕する。 地元のエース・毒島誠（42＝群馬）は初日12Rのドリーム戦、1号艇に座る。ナイターSG全場制覇がかかるが「全場よりも地元のSGなので、めちゃくちゃ欲しい。そのための準備もしてきました」と気合十分だ、 前検のエンジン抽選では機歴まずまずの73号機を手にした。スタート特訓後は「足は前節よりターン出口とか進んでいる感じ。スタートの比較はそんなに変わらないかな。操縦性も悪い感じはしない」と不満な部分はなさそう。 ドリーム戦は2連率トップの27号機をゲットした峰竜太がライバルになりそうだが、渾身の走りで白星発進を決めるはずだ。 東スポWEB,[],[]
【桐生ボート・ＳＧメモリアル】和田兼輔　初ＳＧで意気込み十分「初々しく頑張りたい」（東スポWEB）,https://news.yahoo.co.jp/articles/71496ecbb006d1e3973cb9034264d2daf3cf1e93,https://newsatcl-pctr.c.yimg.jp/t/amd-img/20260824-00400633-tospoweb-000-1-view.jpg?exp=10800,2026-08-24T22:50:25+09:00,2026-08-24T22:50:25+09:00,東スポWEB,tospoweb,東スポWEB,393,好素性機に手応えアリの和田兼輔 ボートレース桐生のSG「第72回ボートレースメモリアル」は25日、開幕する。 和田兼輔（39＝兵庫）が手にした32号機は2連率43％の好素性機で、今節出場する地元・関浩哉が前節優出（4着）した。「どんどん重たくなる感じでした。数字はあるし、いいエンジンとは思うんですけどね。足の比較は班でみんな一緒くらいだったと思います。（前操者の）関選手には、どんな感じだったかとかは聞いてみました。もらった形が一番いいのかもしれないけど、自分の持ってる形を試したい気持ちもあるし、まだ分からないですね」と慎重に調整を進める。 尼崎の推薦を受け今節がSG初出場。「いつもレース場でお会いする方々だし、気持ちはいつもと変わりないです。でも、SGデビュー戦だし、初々しく頑張りたいですね」と意気込む。 2Vの実績がある好相性水面で、好スタートを切るつもりだ。 東スポWEB,[],[]
【桐生ボート・ＳＧメモリアル】宮地元輝　早くも手応え「これならＯＫかなという感じ」（東スポWEB）,https://news.yahoo.co.jp/articles/f0a3d93d858b154a1a2c6cbebefbeade50848e08,https://newsatcl-pctr.c.yimg.jp/t/amd-img/20260824-00400631-tospoweb-000-1-view.jpg?exp=10800,2026-08-24T22:50:25+09:00,2026-08-24T22:50:25+09:00,東スポWEB,tospoweb,東スポWEB,258,６５号機を手にした宮地元輝 ボートレース桐生のSG「第72回ボートレースメモリアル」は25日、開幕する。 宮地元輝（39＝佐賀）が手にした65号機は2連率36％で、これまで優勝はない。ただスタート特訓を終え「ターンの押し感がそれなりにあったしいいと思う。これならOKかなという感じ。合えばまだ良くなりそう。いい仕事ができそうな気はする」と手応えをつかんだ。 当地はこれまで3優出2Vと結果を残している。「桐生は割と相性いいし、しっかり調整してレースに臨みます」。初日へ向けモチベーションも高まっている。 東スポWEB,[],[]
【Ｓａｒｅｅｅ興行】女子高生レスラー・彩桜が初参戦　必殺技〝自爆〟に苦笑い（東スポWEB）,https://news.yahoo.co.jp/articles/49530a32d00dd3b45a6a15e818d7adffdb1d3487,https://newsatcl-pctr.c.yimg.jp/t/amd-img/20260824-00400621-tospoweb-000-1-view.jpg?exp=10800,2026-08-24T22:40:24+09:00,2026-08-24T22:40:24+09:00,東スポWEB,tospoweb,東スポWEB,695,望天セレネに敗れた彩桜（手前） 〝太陽神〟Sareeeの自主興行「Sareee―ISM Chapter11」（24日、東京・新宿フェイス）に、アップタウンの新人で現役女子高生レスラーとして話題を集める彩桜（さいら＝17）が初参戦を果たした。 【写真】望天セレネにその場飛びムーンサルトを放つ彩桜 アーバンスポーツ「パルクール」のトップ選手としても注目を集めており、この日は第1試合でシードリングの望天セレネと一騎打ちした。序盤から逆エビ固めで締め上げられ、ペースを握られたが、ドロップキックを連発して逆襲。鮮やかなその場飛びムーンサルトプレスも披露して観衆を沸かせた。 さらにコーナー上段に上がって、必殺のシューティングスタープレスの体勢に入った。ところが、マット上の望天が動いてよけていたにもかかわらず、発射してしまい、自爆となった。「技に集中し過ぎて（相手が）見えていなかった」（彩桜）という痛いミスから、一気に逆転され、クロスボディーからダブルフットスタンプを浴びて3カウントを奪われた。 試合後の彩桜は「楽しかったんですけど、痛いです」といい、Sareee―ISMのリングは「違いすぎてビックリした。やったことのない経験ができた」と収穫を強調。それでも「シューティングスター、外れてしまったので次は決めたい」と、流星弾の失敗には反省を口にした。 「アップタウン」主宰の黒潮TOKYOジャパンは「2人が今できるマックスを出しきった。見た目が悪くても、気持ちが見えたいい試合」と評価。「シューティングスターはヤバかったけど」と、まさかの必殺技不発には苦笑いを浮かべていた。 東スポWEB,[],[]
元ＣＡ芸人・CRAZY COCO　海外で〝絶対やったらダメ〟なことを解説「すぐケンカになります」（東スポWEB）,https://news.yahoo.co.jp/articles/0f3a410aa1d5f2e2ed1726327eec5a88c5b915b5,https://newsatcl-pctr.c.yimg.jp/t/amd-img/20260824-00400630-tospoweb-000-3-view.jpg?exp=10800,2026-08-24T22:30:34+09:00,2026-08-24T22:55:25+09:00,東スポWEB,tospoweb,東スポWEB,649,元キャビンアテンダントのCRAZY COCO 元CAでお笑い芸人のCRAZY COCOが、24日に更新されたお笑いコンビ「かまいたち」（山内健司、濱家隆一）のYouTubeチャンネルに出演。ハワイで一番しては〝ダメなこと〟を明かした。 かまいたちの2人は、今回の夏休みにハワイに行くという。そこでCOCOは、英会話の先生として登場した。元外資系CAのCOCOの実力は、「（990点満点の）TOEICで900点以上」。2人に旅行で役立つ英会話をレッスンした。 そんな中、英語の「Fワード」について言及。COCOによると「Fワードってこっち（日本）からしたら、イカつい言葉」という一方「あっち（アメリカでは）ほんまにめっちゃ使う」という。加えて、それは「F＊＊king awesome（≒超スゲー）」など、良い意味でも使うと語った。 これに濱家が「普通にしゃべってて、それが聞こえてきても、そんなにネガティブにならなくていい？」と聞くと、COCOは「ならなくていいです」とにっこり。しかし「F＊＊k youと言われた時は、ネガティブになります」と釘を刺した。 山内は「中指を立てる（ジェスチャーの）危険度って体感どんなもん？」と質問。これにCOCOが「『撃ち殺されてもいいってこと？』ぐらい。初対面の人だとすぐケンカになります」いうと、山内は「子供とかがふざけてやったりする危険がある」と気を引き締めていた。 COCOも「マジで一番、Big NONOです。絶対やったらダメ」と呼びかけた。 東スポWEB,[],[]
【Ｓａｒｅｅｅ興行】Chi Chi vs 暁千華の遺恨戦は時間切れドロー「お前もクソだし、私もクソ」（東スポWEB）,https://news.yahoo.co.jp/articles/f0258577f468da81e3d794a9d436b898cf6bf337,https://newsatcl-pctr.c.yimg.jp/t/amd-img/20260824-00400629-tospoweb-000-2-view.jpg?exp=10800,2026-08-24T22:20:26+09:00,2026-08-24T22:35:23+09:00,東スポWEB,tospoweb,東スポWEB,702,暁千華(上)のスリーパーホールドに悶絶するChi Chi 〝太陽神〟Sareee（30）の自主興行「Sareee―ISM Chapter11」（24日、新宿フェイス）で、Chi Chiとマーベラスの暁千華（20）による初の一騎打ちは、大激闘の末、引き分け決着となった。 【写真】試合後もChiChiに食ってかかる暁千華 2人は会見の時点からから大舌戦を繰り広げる。バチバチ関係。Chi Chiは「天狗のように伸びた鼻を折る」と暁を挑発していた。 ゴング開始と同時に、どちらから近づくかでひと悶着。髪の毛をつかみ合いから、グラウンドの攻防を展開した。 互いに一歩も譲らぬ意地の張り合いの中、胴絞め式チョークスリーパーでChi Chiが失神寸前に。それでも息を吹き返し、ドロップキック、ミサイルキック。ソバットの連打で攻勢に出る。暁からはアックスボンバーで反撃。暁のバックドロップをカウント2で返したところで、20分時間切れの引き分けとなった。 試合後、マイクを握ったChi Chiは「お前もクソだし、私もクソ。決着がつかないのが一番クソなんだよ」と結果に唇をかむ。暁も「お前とは一緒にされたくない。お前とは覚悟が違うんだ」と対抗心をむき出しにしていた。 暁は「お前とは決着がつかなかったから、もう一回やってやる」と挑発。Chi Chiもバックステージで「（リマッチは）すぐしたいみたいなので、いつでも準備しておこうと思います」と見据えていた。 また、2人はメインイベント終了後、試合に対する観客の反応が芳しくなかったことを理由に、Sareeeから締めのリングに呼ばれなかった。因縁の行方は…。 東スポWEB,[],[]
【Ｓａｒｅｅｅ興行】なつぽい 親友に敗北で…再戦直訴「Sareeeからスリー取って引退してやるよ！」（東スポWEB）,https://news.yahoo.co.jp/articles/45972e266e2a716f81232132409a8994ec8ebb62,https://newsatcl-pctr.c.yimg.jp/t/amd-img/20260824-00400628-tospoweb-000-3-view.jpg?exp=10800,2026-08-24T22:05:25+09:00,2026-08-24T22:35:23+09:00,東スポWEB,tospoweb,東スポWEB,846,試合後、Sareee(右)から3カウント獲るまで引退しないと宣言したなつぽい 〝太陽神〟Sareee（30）が、自主興行「Sareee―ISM Chapter11」（24日、新宿フェイス）で、スターダムのなつぽい、安納サオリ組に勝利した。 【写真】Sareeeにリストクラッチ式裏投げで仕留められたなつぽい この日、Sareeeは彩羽匠（マーベラス）とのタッグ「スパーク・ラッシュ」で、なつぽい、安納の「なつ＆さおりー」と激突。ドロップキックの同時発射、ダブルフットスタンプとスワントーンボムの共演など、大技のオンパレードで攻め立てた。 対するなつぽいからはSareee直伝のコンビネーションを決められ、フェアリアルギフトを狙われる。一度はヒザで迎撃したものの、2発目が決まり、フェアリングリングで追撃された。 それでも抜群のタッグワークで安納の排除に成功すると、孤立したなつぽいに彩羽がランニングパイレーツをさく裂。最後はリストクラッチ式裏投げで激闘に終止符を打った。 試合後、マイクを握ったSareeeは来年1月横浜大会での引退を控える親友のなつぽいに向け「リングでこうやって戦うのは、最後になると思う。12年前プロレスのおかげで出会って、なつぽいがいたから頑張って続けてこれた」と感謝。「なんかこうやって出会えたのも運命だよね。最後こうやって戦えたこと、本当にありがとう。これからも一番の理解者でいようね」と惜別のメッセージを送った。 しかし、なつぽいからは「私の気持ち言って良い？ このまま負けたまま終わってたまるか。負けたまま追われないよ。これは私の気持ち、会社はわかんない」と、なんとリベンジを直訴される。 Sareeeが「勝つまでやるんだったら、あんた一生引退できないけど良い？ その覚悟持って今言ってのかな？」と問うと「Sareeeからスリー取って引退してやるよ！」と怪気炎を上げられた。大会は大団円で幕を閉じたものの、最後の対決が新たな火種を呼び起こしていた。 東スポWEB,[],[]
【飯塚オートＧＩ・ダイヤモンドレース】北原岳哲がＧＩ初優出「優勝戦もいつも通り全力で行きます」（東スポWEB）,https://news.yahoo.co.jp/articles/dd6fa18e6163d01efd7a599bb6e939f1d5081802,https://newsatcl-pctr.c.yimg.jp/t/amd-img/20260824-00400627-tospoweb-000-1-view.jpg?exp=10800,2026-08-24T21:55:25+09:00,2026-08-24T21:55:25+09:00,東スポWEB,tospoweb,東スポWEB,372,ＧＩ初優出の北原岳哲 飯塚オートのGI「ダイヤモンドレース」は24日の4日目に準決勝戦が争われ、優勝戦に進出するベスト8が出揃った。 北原岳哲（30＝飯塚）は準決12Rで1着。青山周平の猛追を振り切っての値千金の勝利で、ロッカーに凱旋の際は仲間たちから大きな拍手で迎えられていた。 「出来過ぎ。全体的にパワー感が出た。直線が進むようになったしスタート出てから伸びていく感じもあった」と愛機の仕上がりにも納得だ。「原点回帰をやって良かった」と、より勝利にこだわり今節から以前の競走車に乗り戻したことも奏功した。 そしてこれがGI初優出。「うれしい。それしかない。優勝戦もいつも通り全力で行きます。調整は試したいものを試して良ければそれで行くが、ベースはこの辺。大きくはしない。スタートは切れている」。攻めの姿勢でGI初Vも奪取する。 東スポWEB,[],[]
【若松ボート】森作雄大　予選９位でクリアし準優は３号艇「センターなら面白いと思う」（東スポWEB）,https://news.yahoo.co.jp/articles/f1ee721d192609c6e61967441821e393f258a9a1,https://newsatcl-pctr.c.yimg.jp/t/amd-img/20260824-00400625-tospoweb-000-1-view.jpg?exp=10800,2026-08-24T21:40:25+09:00,2026-08-24T21:40:25+09:00,東スポWEB,tospoweb,東スポWEB,339,森作雄大 ボートレース若松の「ビッグベアーズカップ」は24日、予選最終日となる3日目の開催が行われた。 森作雄大（40＝東京）は予選を大崩れなくまとめて9位でクリアした。 「伸びに振っているわけではないけど、3日目の状態でも伸びている。道中の感じも悪くない。伸びを落とさずに、出足がついてきた」と評判の伸びに加え、出足も上向いて準優に向けて万全の状態だ。 当地は1月、4月に続いて今年3回目の参戦。「若松はよく走らせてもらっているし、エンジンも割と出せている」と好印象の水面だ。「センターなら面白いと思う」と話していたが準優は9R3枠。「自分らしいレースができれば」と力を込める。 〝自分らしい″自慢のスタート力を駆使した一発で、当地で初のファイナル入りを目指す。 東スポWEB,[],[]
ニューヨーク・屋敷裕政「恋人選びは不動産選びと一緒」「基本別れた方がいいよ、悩んでる男女なんて」（東スポWEB）,https://news.yahoo.co.jp/articles/dd426f0fdf9c5481ce3d29ea52321d5eeade0ee8,https://newsatcl-pctr.c.yimg.jp/t/amd-img/20260824-00400624-tospoweb-000-1-view.jpg?exp=10800,2026-08-24T21:40:25+09:00,2026-08-24T21:40:25+09:00,東スポWEB,tospoweb,東スポWEB,592,ニューヨークの屋敷裕政 お笑いコンビ「ニューヨーク」の屋敷裕政、嶋佐和也が、24日にYouTubeチャンネルを更新。恋愛のお悩み相談に辛口で答えた。 視聴者の女性に「優しくて完璧なのに、誕生日プレゼントだけくれない彼氏」がいるという。これに屋敷は「プレゼントがすごい重大な出来事の人はおる」と理解を示し「女がそんなことでギャーギャー騒いだ時、男は言うこと聞けよ絶対。何してんの、その彼氏」と納得いかない様子。 ただ「男もとんでもない主義があるかも。プレゼントが本当に嫌いなのかも」と推理し、嶋佐も「男は男で物理的なもので愛情を感じたくないタイプかも」と考えた。 しかし、屋敷は「これはもう別れるしかないか」といい「基本別れた方がいいよ、悩んでる男女なんて」と〝究極〟の意見で切り捨てた。 嶋佐自身もプレゼントが苦手だといい「プレゼントってね、女性の方が得意なのよ。男は基本的にヘタくそなの。基本的には、この彼氏の気持ちはわかるのよ」。 しかし「それでも頑張ってあげるのが、彼女やないの」とし、屋敷も「女の子が欲しがった場合、男はもうあげるしかない」と断言した。 さらに屋敷は、恋人選びは「不動産選びと一緒やから、全部」という。「『駅近い・家賃安い、でもトイレはユニットバス』みたいな。どこかで妥協せな、ないから。家も男も」といい「どこか譲れお互い！」と語気を強めていた。 東スポWEB,[],[]
モナキ・じん 劇的ブレークにニヤリ「おかげさまでお給金がアップ」　おヨネは挑戦中の俳句披露（東スポWEB）,https://news.yahoo.co.jp/articles/e4f46208c799d1069ee66905cd5b68bcd924997f,https://newsatcl-pctr.c.yimg.jp/t/amd-img/20260824-00400622-tospoweb-000-1-view.jpg?exp=10800,2026-08-24T21:30:33+09:00,2026-08-24T21:30:33+09:00,東スポWEB,tospoweb,東スポWEB,669,アーのリハーサルを行ったモナキ。左からじん、おヨネ、サカイJr.、ケンケン 4人組コーラスグループ「モナキ」のじん（39）、おヨネ（29）、ケンケン（30）、サカイJr．（37）が24日、東京・Zepp Hanedaで1stツアー「モナキやで☆しらんけど」を開催。開演前に取材に応じた。 デビューから4か月で大ブレーク。じんは「すごいスピードと熱量でZeppまでやってこれた」と喜びつつ「ただ、やってることは変わらない」と力を込めた。 また「おかげさまでお給金がアップした」とニヤり。毎朝バナナを1本食べるそうだが「（今までは）大特価のバナナを買ってたんですけど、350円ぐらいのバナナを何も気にせず買える」と笑顔を見せた。 サカイJr．は「この波が去っても、モナキが愛されるように。しっかり基礎の力を付けながら、一緒に手を取り合って歩いていきたい」と意気込んだ。 先月30歳の誕生日を迎えたケンケンは、これからも「モナキ誰一人欠けることなく、40代に突入できたらな」とにっこり。20代を振り返って「やり残したことはない。それこそ結婚もできましたし、チビも生まれた。バツイチにもなったけど、全部一通り経験はできた」と語った。 グループ唯一の20代であるおヨネは、バラエティー番組「プレバト！！」（MBS）に出演し、俳句に挑戦したいという。「携帯に俳句を60作ぐらい溜めております」と自信をのぞかせた。 この日も一句。「千秋楽 ドキドキするけど 頑張るぞ」と詠みあげると、ケンケンは「瞬発力を含めて100点」とほほえんでいた。 東スポWEB,[],[]
パルマ　鈴木彩艶の後任に小久保玲央ブライアンを候補の一人に　スカイスポーツ報じる（東スポWEB）,https://news.yahoo.co.jp/articles/d4c1fd1206d8403411d1b26c98515601061f2a20,https://newsatcl-pctr.c.yimg.jp/t/amd-img/20260824-00400623-tospoweb-000-1-view.jpg?exp=10800,2026-08-24T20:35:23+09:00,2026-08-24T20:35:23+09:00,東スポWEB,tospoweb,東スポWEB,400,小久保玲央ブライアン イタリア1部パルマが、ベルギー1部シントトロイデンのGK小久保玲央ブライアン（25）に関心を示していると、スポーツメディア「スカイスポーツ」が報じた。 今夏にGK鈴木彩艶が、イングランド・プレミアリーグのアストンビラへ移籍した中で、パルマが再び日本人GKに目を向けているようだ。同メディアは「鈴木が移籍したことで後任GKを探しているパルマは、小久保を獲得候補の一人としている。数週間前から状況を注視しており、移籍市場最終週に動き出す可能性がある」と伝えた。 また、同メディアによると、フランス1部レンヌも小久保への関心があったが、今シーズンは控えとして起用し、来季以降の正GKとして見ていた。しかし、この構想はシントトロイデンで定位置を確保している小久保側にとって魅力的ではなかったという。 そのため、同メディアはパルマ有利と見ているが、移籍は実現するのだろうか。 東スポWEB,[],[]
【Ｆ１】アストンマーティン副会長にトランプ側近が就任　株も15％取得「金、権力の結びつき」（東スポWEB）,https://news.yahoo.co.jp/articles/b595373c7b8abb75879945d679d189be3c519114,https://newsatcl-pctr.c.yimg.jp/t/amd-img/20260824-00400620-tospoweb-000-1-view.jpg?exp=10800,2026-08-24T20:00:35+09:00,2026-08-24T20:00:35+09:00,東スポWEB,tospoweb,東スポWEB,1022,元駐英米国大使のロバート・ウッド・ジョンソン氏（ロイター） F1アストンマーティンが、ドナルド・トランプ米大統領の側近で元駐英米国大使のロバート・ウッド・ジョンソン氏が戦略的少数株式を取得し、取締役副会長に就任することを発表し、注目を集めている。 ジョンソン氏は第1次トランプ政権下で駐英米国大使を務め、大手製薬会社「ジョンソン・エンド・ジョンソン」の財産相続人としても知られているスーパーセレブだ。 英メディア「フォーミュラ1ニュース」は、ジョンソン氏がスポーツに積極的に投資を行っていることを紹介。「NFLのニューヨーク・ジェッツのオーナーとしてスポーツ界で広く知られている。昨年、（イングランド）プレミアリーグのサッカークラブ、クリスタルパレスの株式を大部分取得しており、注目度の高いスポーツ投資への意欲を改めて示している」と説明する。 そして今回、ジョンソン氏はアストンマーティンの株を大量に取得。オーナーであるローレンス・ストロール氏が保有する約33％のうち、ジョンソン氏は約15％ほどを取得したとみられている。ストロール氏に次ぐ大株主になった模様で、チームでも副会長に就任。主要幹部となった。 ジョンソン氏は「駐英米国大使として在任中、私はアストンマーティンの豊かな歴史、そしてローレンス・ストロール氏の戦略的ビジョンと起業家精神に深い敬意を抱くようになりました。彼とパートナーシップを組み、チームの継続的な発展に貢献できることを大変うれしく思います。そして、このスポーツの最高レベルで戦える組織を構築するという目標を掲げています」などとコメントしている。 ストロール氏も「彼の経験、情熱、そして投資は、私たちが競争力を高めていく次の段階において、当社の地位をさらに強化してくれるでしょう。彼が当社のブランドを深く理解していることに加え、革新と商業的機会への彼の取り組みは、私たちが未来を見据える上で理想的なパートナーとなるでしょう」と歓迎した。 トランプ大統領の〝側近〟によるアストンマーティンの大量株取得に、フランスでスポーツを専門とするサイモン・チャドウィック教授は自身のSNSで「アストンマーティンの新株主とトランプ氏および中東とのつながりは、金、権力、スポーツの結びつきを浮き彫りにしている」などと強調している。 今季からホンダとコンビを組むアストンマーティンは、F1界の覇権を握るべく巨大化していきそうだ。 東スポWEB,[],[]
【ソフトバンク】守護神・杉山一樹が復帰予定も…３カード連続ビジター前に首脳陣「踏ん張りどころ」（東スポWEB）,https://news.yahoo.co.jp/articles/d8910ee10280f968efb5c1ab8827ccccaee1cfbd,https://newsatcl-pctr.c.yimg.jp/t/amd-img/20260824-00400618-tospoweb-000-1-view.jpg?exp=10800,2026-08-24T19:55:24+09:00,2026-08-24T19:55:24+09:00,東スポWEB,tospoweb,東スポWEB,417,遠征から復帰予定のソフトバンク・杉山一樹 パ首位を独走するソフトバンクは25日のロッテ戦（ZOZOマリン）から3カード連続のビジターゲームに臨む。 右足を痛めて直近2試合ベンチから外れていた守護神・杉山一樹投手（28）が次戦から戦列に戻る予定だが、勝ちパターンのリリーフを担ってきたロベルト・オスナ投手（31）が再調整による登録抹消中とあって、千葉―大阪―北海道と続く8試合は正念場となりそうだ。 24日にみずほペイペイドームで行われた投手指名練習を見守った倉野チーフ投手コーチは「（ロッテとオリックスとの）6連戦プラス（日本ハムとの）エスコンでの2試合もある。この遠征というのは一つの踏ん張りどころ」と警戒感をにじませた。 オスナ―松本裕―杉山という12球団屈指の「勝利の方程式」を誇り、安定した戦いを演じてきたホークス。無理の利く杉山の右足の状態が軽症だったことは幸いだが、チーム一丸で長期遠征をしのぎたいところだ。 東スポWEB,[],[]
川口春奈主演の映画タイアップポスター企画中止…厚労省が謝罪「配慮に欠ける点があった」（東スポWEB）,https://news.yahoo.co.jp/articles/1fdc544dd71fa23d09a5a95bf755d528beab45b6,https://newsatcl-pctr.c.yimg.jp/t/amd-img/20260824-00400617-tospoweb-000-3-view.jpg?exp=10800,2026-08-24T19:50:25+09:00,2026-08-25T00:55:25+09:00,東スポWEB,tospoweb,東スポWEB,1049,厚生労働省のHPから 厚生労働省は24日、女優の川口春奈主演の映画「ママがもうこの世界にいなくても 私の命の日記」（10月2日公開）とタイアップしたポスター企画の中止を発表した。 【写真】とんだとばっちりの川口春奈 同作は、21歳でステージ4の大腸がんを宣告され、24歳の若さで旅立った遠藤和（えんどう・のどか）さんが、娘と夫に遺したノンフィクション書籍を映画化したもの。 厚労省はがんと診断された15～39歳に向け支援制度などを記したパンフレットを作成。それを周知させる目的で同映画とポスターのタイアップを企画し、そのポスターを病院等に掲出するとした。 ところが、病院にはがんで闘病中の患者がいるだけに「ママがもうこの世界にいなくても」という映画タイトルと合わせたポスターは不適切との批判がネット上で殺到していたのだ。 厚労省はこの日、公式サイトで「この度、厚生労働省がAYA世代のがん患者やご家族の皆様にご利用いただける制度への理解促進を目的として実施しておりました、映画『ママがもうこの世界にいなくても 私の命の日記』とのタイアップにつきまして、中止することといたしました」と発表。 その上で「本タイアップによる情報発信によって、がんと向き合っておられる患者さんやご家族等の皆様に対し、不快な思いをおかけしましたこと、心より深くお詫び申し上げます」と謝罪した。 また「今回のタイアップは、AYA世代（Adolescent and Young Adult：15～39歳）でがんと診断されたご本人やご家族に向けて、ご利用いただける支援制度やサービスについてまとめたパンフレット『15歳～30歳代でがんと診断されたあなたへ がんの治療と暮らしを支える制度ガイド』の周知を目的として実施させていただいたものでした」と説明。 続けて「しかしながら、今回作成したタイアップポスターを都道府県がん診療連携拠点病院等という患者の方々が日常的に利用される場所に掲示することや、今回のタイアップにより制度周知を行うことなどについて、患者の皆様やそのご家族等への配慮に欠ける点があったと認識しております」とつづった。 そして「今回、全国の都道府県や都道府県がん診療拠点病院等に送付済みのポスターは回収し、掲示を中止するとともに、特設ページやSNS投稿等は削除いたします」と報告し「今後は、さまざまな立場の方々に十分配慮した情報発信を徹底し、このような事態が発生しないよう努めてまいります」としている。 東スポWEB,[],[]
【ＭＬＢ】大谷翔平にＭＶＰ〝復活〟の目　投手復帰間近で「ＰＣＡは終わり」＝海外報道（東スポWEB）,https://news.yahoo.co.jp/articles/8e2e59678c2551098ec25e960d2b4304ea3a43eb,https://newsatcl-pctr.c.yimg.jp/t/amd-img/20260824-00400616-tospoweb-000-1-view.jpg?exp=10800,2026-08-24T19:45:30+09:00,2026-08-24T19:45:30+09:00,東スポWEB,tospoweb,東スポWEB,759,今季中のマウンド復帰の可能性がでてきた大谷翔平（ロイター） ナ・リーグのMVPを巡る争いがいよいよ混沌としてきた。ドジャース・大谷翔平投手（32）が9月上旬にも投手復帰できる見通しとなり、唯一の対抗馬だったカブスのPCAことピート・クローアームストロング外野手（24）が劣勢に転じると23日（日本時間24日）に報じられた。 大谷は左ヒザの炎症の影響で最後にマウンドに上がったのは7月3日（同4日）のパドレス戦。その後は打者としてだけプレーし、投手としては治療やリハビリに専念する〝一刀流〟となっていた。そのため、野手としての比較がメインとなり、打撃成績は両者とも高次元でほぼ互角、守備に就かない大谷を〝不利〟とみなす米報道も相次いだ。カブスのレジェンド、サミー・ソーサ氏が「大谷翔平は史上最高の選手の一人だ」と認めつつも「今年のMVPはシカゴに目を向けることになるだろう。ピートがチームを引っ張ってきた姿や今季の活躍ぶりを見れば、MVPになるチャンスが大いにある」と占っていた。 ところが、大谷はオープナーとはいえ今季中にマウンドに戻る道筋が立ち、再び風向きが変わり始めているようだ。国際メディア「スポーツキーダ」は〝PCA推し〟の風潮に「MVP受賞の望みが急速に薄れつつある」と報じ「PCAはもう終わりだ」「PCAがMVPを受賞する可能性は彼（大谷）が1球を投げるたびにどんどん小さくなっていく」と絶望するファンの声を伝えた。 大谷は打率2割8分8厘、30本塁打、80打点でOPS0・935。PCAも2割8分1厘、33本塁打、83打点、OPS0・938に加えて32盗塁で「30―30」もクリアし、甲乙つけがたい打撃成績を誇る。投打の大谷か、攻守のPCAか…。異次元のMVPレースは最後までもつれそうだ。 東スポWEB,[],[]
【福岡ボート】常盤海心が今節初勝利「本体は悪くないと思っている」（東スポWEB）,https://news.yahoo.co.jp/articles/f0fe083e3c70a5d267df518032fa63b88ee7d8c3,https://newsatcl-pctr.c.yimg.jp/t/amd-img/20260824-00400614-tospoweb-000-1-view.jpg?exp=10800,2026-08-24T19:30:34+09:00,2026-08-24T19:30:34+09:00,東スポWEB,tospoweb,東スポWEB,344,常盤海心 ボートレース福岡の「ライジングゼファーフクオカ杯」は24日、予選3日目が行われた。 常盤海心（25＝徳島）は4年1か月ぶりの博多参戦。序盤2日間は5、4、4着と苦戦。1日早い勝負駆けとなったこの日の7Rイン戦は、2コース多羅尾達之に少しのぞかれかけたが、1M先マイ。前を向いてからは後続を突き放して押し切り今節初勝利。4日目につなげた。 「スタートは様子を見た。特訓から多羅尾選手には行かれ気味だったので、どうかと思ったけど本番は何とか持ちましたね」とホッとした様子。 「リプレーで見ると進んでいたけど、体感は重かった。前節に替えているリングがヘタり始めているのかもしれない。整備士さんに相談してみます。本体は悪くないと思っている」と予選突破へ向けて底上げを図る。 東スポWEB,[],[]
【スポーツクライミング】森秋彩　アジア大会前にパン作りでリフレッシュ「ダブルで優勝できたら」（東スポWEB）,https://news.yahoo.co.jp/articles/c4a3cb8bae200e4ff3de11b064002da8014ac233,https://newsatcl-pctr.c.yimg.jp/t/amd-img/20260824-00400613-tospoweb-000-1-view.jpg?exp=10800,2026-08-24T19:30:34+09:00,2026-08-24T19:30:34+09:00,東スポWEB,tospoweb,東スポWEB,686,パンをつくった森秋彩（左）と住吉りをん スポーツクライミング女子複合で2024年パリ五輪代表の森秋彩（茨城県連盟）は、自国開催の大一番を今後につなげていく構えだ。 以前にパン屋でアルバイトをしていた森は、24日に東京・目黒区の「Taisuke Endo」で行われたパンづくりイベントに参加。フィギュアスケート女子でパンづくりが趣味の住吉りをん（オリエンタルバイオ）とともに、パンづくりをいろはを学んだ。 100個以上のパンをつくり終えた森は「普段は練習のことばかり考えているので、こうやって一度競技から離れて、大好きなパンづくりを本当にプロフェッショナルの方に教えてもらう機会なんて二度とないかもしれないので、すごい楽しかった。今日リフレッシュしたことを力にしていきたい」と明るい表情を見せた。 今季は出場試合数を絞っているが、9月開幕のアジア大会（愛知）は重要な一戦になると位置づけている。「ロサンゼルス五輪が2年後で、選考が来年にある。その前段階として、五輪前では一番大きな大会だし、アジア版の五輪ぐらいの規模なので、緊張しすぎずに、ベストのパフォーマンスをしていい成績を収めることができれば、それも1つ自信になって、五輪に向けていい流れになると思う」と意義を語った。 出場種目はリードとボルダーの予定。「リードは優勝したい。ボルダーももちろん優勝を狙っているけど、どういう動きが出てくるかわからない。苦手な動きが出てきた時もしっかりひるまずに、決勝に残ったら何があるかわからないので、そこも優勝目指して、ダブルで優勝できたら一番うれしい」と意気込んだ。 東スポWEB,[],[]
【フィギュア】住吉りをんの決意にブレなし　今季からロシア勢参戦も「やることは変わらない」（東スポWEB）,https://news.yahoo.co.jp/articles/4cb5161290134c4284791cd78824fad3194a6543,https://newsatcl-pctr.c.yimg.jp/t/amd-img/20260824-00400603-tospoweb-000-1-view.jpg?exp=10800,2026-08-24T19:30:34+09:00,2026-08-24T19:30:34+09:00,東スポWEB,tospoweb,東スポWEB,675,パンづくりをする森秋彩(左)と住吉りをん フィギュアスケート女子の住吉りをん（オリエンタルバイオ）が、趣味のパンづくりを通して英気を養った。 前週の東京夏季競技大会で優勝した住吉は、24日に東京・目黒区の「Taisuke Endo」で行われたパンづくりイベントに参加。スポーツクライミング女子で2024年パリ五輪代表の森秋彩（茨城県山岳連盟）とパンづくりのいろはを学んだ。100個以上のパンをつくり終えた住吉は「家でクロワッサンを試したこともあったけど、一度もうまくいかなかった。こうやってプロの厨房で遠藤さんに教えてもらいながら美味しそうなパンがたくさんつくれてうれしい」と頬を緩めた。 つかの間のオフを満喫した住吉は、10月開幕のグランプリ（GP）シリーズ第1戦フランス大会＆第5戦フィンランド大会に出場する。「まずはフランス大会、今日つくったクロワッサンの聖地なので、そのフランスを楽しみつつ、GPファイナルにつながるような自分のベストの演技を全力でできたら。今までずっと3位なので、それより上の結果が残せたら」と力を込めた。 2030年フランス・アルプス五輪の出場を目指し、現役続行を決断した。今季からロシア勢が復帰したことで、より一層厳しい戦いが予想される。それでも「今季は自分の中でたくさんの変化を起こしている年になるので、この変化させた自分を楽しんで、もちろんロシアの選手が出場することは試合として大きく変わるとは思うけど、自分がやることは何も変わらない」と決意にブレはない。 自らの進化を見据え、前だけを見て走り続ける。 東スポWEB,[],[]
【尼崎ボート】尾道佳諭が好発進　初のまくり勝利を狙う「お肉を出して帰ります」（東スポWEB）,https://news.yahoo.co.jp/articles/4c28736233b4458e16ea3cec1026971bf9816f55,https://newsatcl-pctr.c.yimg.jp/t/amd-img/20260824-00400615-tospoweb-000-1-view.jpg?exp=10800,2026-08-24T19:30:34+09:00,2026-08-24T19:30:34+09:00,東スポWEB,tospoweb,東スポWEB,401,尾道佳諭 ボートレース尼崎の「スポーツニッポン杯しらなみ賞競走～まくってちょ～うだい！！～」は24日、開幕した。 尾道佳諭（26＝埼玉）は1号艇の2R、前づけした4号艇・間嶋仁志にインを譲るも2コースから差して白星発進を決めた。「数字（機率43％）ほどの足って感じはしないですね。ちょっと重いし、上がりが悪くて行き足系統が微妙に感じた」と不満を口にする。「初動が跳ねる特殊なペラの形なので、行き足とか出口の押し感をしっかりこさせられるようにしたいです」と舟足向上を図る。 今節は、まくり勝利で豪華景品がゲットできるが「めちゃめちゃ欲しいです。お肉が欲しい。ほとんど切らずにカブりつきたいですね」と笑う。ただ「今まで1回もまくったことがない。同体で出て行ったことはあるけど、1着はない」と明かす。今節「行ければいいですね。お肉を（ガチャポンで）出して帰ります」と初のまくり勝利を狙っていく。 東スポWEB,[],[]
【スターダム】水森由菜 コグマと9・6後楽園でハイスピード防衛戦　9・12横浜の４大王座戦も決定　（東スポWEB）,https://news.yahoo.co.jp/articles/727719424bc87fad8a352bc56c5f79686ee9fd85,https://newsatcl-pctr.c.yimg.jp/t/amd-img/20260824-00400610-tospoweb-000-1-view.jpg?exp=10800,2026-08-24T19:30:34+09:00,2026-08-24T19:30:34+09:00,東スポWEB,tospoweb,東スポWEB,333,ハイスピード王者の水森由菜(左)と、挑戦者のコグマ 女子プロレス「スターダム」は24日、9月に行われる興行の一部対戦カードを発表した。 9月6日後楽園大会では、ハイスピード王者の水森由菜がコグマとのV5戦に挑む。 9月12日横浜武道館大会では、フューチャー・オブ・スターダム王者の八神蘭奈が鉄アキラとのV10戦、ゴッデス・オブ・スターダム王者のAZM、天咲光由が上谷沙弥、渡辺桃とのV3戦、ワンダー・オブ・スターダム王者の羽南は壮麗亜美とのV3戦、ワールド・オブ・スターダム王者の鈴季すずは、刀羅ナツコとのV2戦がそれぞれ決定した。 また、負傷による欠場から23日に復帰したビー・プレストリーは金屋あんねとのシングルマッチに挑むことも併せて発表された。 東スポWEB,[],[]
【スターダム】岡田太郎社長　撮影スタッフ巡る事案で呼びかけ「できる限り配慮していくが…」（東スポWEB）,https://news.yahoo.co.jp/articles/e1c84bd2fc5f17b2a3d20577bdf23c00880ae2af,https://newsatcl-pctr.c.yimg.jp/t/amd-img/20260824-00400605-tospoweb-000-1-view.jpg?exp=10800,2026-08-24T19:30:34+09:00,2026-08-24T19:30:34+09:00,東スポWEB,tospoweb,東スポWEB,497,会見で方針を語ったスターダム・岡田太郎社長 女子プロレス「スターダム」の岡田太郎社長が24日に都内で開かれた会見に出席。一部のファンから寄せられている、カメラクルーの不満について言及した。 スターダムのカメラクルーを巡っては、リングサイドのカメラマンが観客の視界を遮っているとして、SNSなどで問題となっている。岡田社長は「価格も安くないチケットを購入していただいている。楽しみにしていた場面、記録に残したいという気持ちを十分に理解しています」と陳謝した。現状、解決策としてリングサイドのカメラマンの数を減らし、各メディアに対しても、提供写真で対応するなど再発防止に努めているという。 一方で「できる限り配慮していくが、全ての場面で視界を遮らないことをお約束するのは、現実的に難しい」と理解を求めた。また、カメラマンの写真をSNSに投稿することや、撮影スタッフへ直接声をかける事案が発生していることを受け「個人攻撃にならないように、今一度お願いを申し上げます」と呼びかけ「スタッフ一同、安心して仕事ができる状況を作っていきたい。ファンの皆さまにもご理解いただきたい」と訴えていた。 東スポWEB,[],[]
【スターダム】吏南　5★STAR制覇で全王者に警告「油断すんなよっていうのは言っておきたい」（東スポWEB）,https://news.yahoo.co.jp/articles/6eb73409c7fe0b130dd5bd7a2ea7b47576ab778f,https://newsatcl-pctr.c.yimg.jp/t/amd-img/20260824-00400604-tospoweb-000-1-view.jpg?exp=10800,2026-08-24T19:30:34+09:00,2026-08-24T19:30:34+09:00,東スポWEB,tospoweb,東スポWEB,686,５★STAR GP一夜明け会見で胸中を語った吏南 女子プロレス「スターダム」の夏の祭典「5★STAR GP 2026」の一夜明け会見が24日、都内で行われ、史上最年少19歳8か月での優勝を果たした吏南が喜びを語った。 【写真】5★STAR GP優勝の報じる紙面を手に、笑顔の吏南 優勝決定戦（23日、両国国技館）ではスターライト・キッドとの激闘を制した。「体がボロボロで、足もボロボロで痛いですけど…。今は、一番は幸せ」と率直な心境を告白。8年のキャリアを持つが、2025、26年のシンデレラトーナメントは準V、25年の「5★STAR GP」はベスト4と悔しい結果に終わっていた。キャリアを振り返り「特に、今年のシンデレラトーナメントの決勝で負けた時は、自分の中で来るものがあった。頂点を取れない理由がその時は分からなかったけど、腐らずにやってきてよかった」と胸をなでおろす。 6月には単身での海外遠征も行った。AEW、CMLLなど大団体での試合を経て「メンタルが強くなりました。これ（海外遠征）乗り切ってここにいるんだから、何でも乗り越えられるでしょ、っていう」と成長を実感したという。 悲願の栄冠となっただけに「何かのベルトの挑戦権になるとか、そういう価値ではないと思う。5★STAR優勝はもっと価値のあるものだと思ってる」と強い思いを語った。その上で「まあでも、頂点は取ったので〝油断すんなよ〟っていうのはチャンピオン全員に言っておきたい。チャンピオンが取れなかったものを私は取ったので、何を言ってもいいかな」とタイトルホルダーへの警告も忘れなかった。 東スポWEB,[],[]
【柔道】阿部一二三＆詩らが世界選手権へ決意　王者奪還目指す兄宣言「優勝して帰ってくる」（東スポWEB）,https://news.yahoo.co.jp/articles/682e356005db350e8f9091ea4d4a678957aab276,https://newsatcl-pctr.c.yimg.jp/t/amd-img/20260824-00400612-tospoweb-000-1-view.jpg?exp=10800,2026-08-24T19:15:33+09:00,2026-08-24T19:15:33+09:00,東スポWEB,tospoweb,東スポWEB,544,パーク24による壮行会に出席した阿部一二三(左)と阿部詩 柔道の世界選手権（10月、アゼルバイジャン・バクー）を前に、パーク24の所属選手が抱負を述べた。 都内で24日に行われた壮行会には、男子66キロ級で五輪2連覇の阿部一二三、女子52キロ級で東京五輪金メダルの阿部詩を含めた6選手が出席。2年連続6度目の優勝を狙う詩は「（ロサンゼルス）五輪の金メダルに向けて一番大切な大会だなと思う。しっかり一戦一戦戦って優勝して帰ってきたい」と意気込んだ。 一二三は前回大会でまさかの準々決勝敗退に終わった。同門の武岡毅が頂点に立っており、今大会も2人そろっての代表入りとなった。ロサンゼルス五輪を見据える上で、一二三は「世界選手権では自分のやるべきことをしっかりして、優勝して帰ってくるので応援よろしくお願いします」と力を込めた。 男子の海老沼聖監督は「選手一人ひとりが練習してきた成果をしっかり出して、優勝を目指して頑張るのはもちろんだが、この環境をつくっていただいている社員のみなさまに深く感謝している。この環境でやれることを幸せに感じ、絶対結果に出したい。この場に1つでも多くの金メダルを持って持って帰れるよう頑張りたい」と決意表明。2年後に向けて、金メダルラッシュを誓った。 東スポWEB,[],[]
乃木坂４６　神宮公演での荒天対応で異例の措置　チケット払い戻しに加え「全編映像の限定公開」（東スポWEB）,https://news.yahoo.co.jp/articles/38313d3cfb3120162d3deeb49f693464775b575e,https://newsatcl-pctr.c.yimg.jp/t/amd-img/20260824-00400611-tospoweb-000-1-view.jpg?exp=10800,2026-08-24T19:10:25+09:00,2026-08-24T19:10:25+09:00,東スポWEB,tospoweb,東スポWEB,662,乃木坂４６公式サイト アイドルグループ・乃木坂46は24日、公式サイトを更新。22日に開催された「乃木坂46 真夏の全国ツアー2026」東京・明治神宮球場4day公演の3日目について、「チケット代金の払い戻しを実施いたします」と発表した。 22日の公演を巡っては、落雷の影響により一時的に入場制限が敷かれ、開演時間が午後6時から午後6時30分に変更になった。さらに、入場再開後に一時避難した一部の観客の入場を終えていない状況で、公演を開始する事態が発生。運営側は終演後、公式サイトで「本公演を楽しみにご来場いただいた皆様に、多大なるご迷惑をおかけしましたことを、心より深くお詫び申し上げます」と、対応の不備を謝罪していた。 この日、公式サイトで「先にご案内しておりましたとおり、8月22日（土）の東京公演につきまして、荒天の影響によりご来場を断念されたお客様を対象に、チケット代金の払い戻しを実施いたします」と報告。なお、払い戻しの対象は「半券が切り離されていない未使用のチケット」に限られる。運営側は詳細を確認の上、受付期間内に手続きを行うよう呼びかけている。 また、同サイトは8月22日の公演映像の限定公開も発表。「避難後の入場に時間を要したことにより、公演の一部をご覧いただけなかったお客様を対象に、8月22（土）東京公演の全編映像を限定公開いたします」と報告。なお、映像の視聴方法や公開日および視聴期間などの詳細については調整中。「数日中を目途に、公式サイトにてあらためてご案内いたします」としている。 東スポWEB,[],[]
【宮島ボート】末永和也　約３か月ぶり復帰「自分らしいレースができるように走りたい」（東スポWEB）,https://news.yahoo.co.jp/articles/7af64a32ed65ede48940c4867ad6b4616d01424b,https://newsatcl-pctr.c.yimg.jp/t/amd-img/20260824-00400607-tospoweb-000-1-view.jpg?exp=10800,2026-08-24T18:55:24+09:00,2026-08-24T18:55:24+09:00,東スポWEB,tospoweb,東スポWEB,399,久々の実戦ながら、気配は悪くなかった末永和也 ボートレース宮島の「第53回岩田杯」は25日、開幕する。 末永和也（27＝佐賀）が整備規程違反による出場停止処分が明け復帰。5月の芦屋G1開設74周年記念以来、約3か月ぶりの実戦となる。 「自分らしいレースができるように走りたい。（休む）前の感覚を取り戻せるように頑張りたい」と意気込む。走ってなかった間は「旅行とか、いつもできないことをやったけど、練習もからつでやった」と話し、準備もしてきた。 手にした65号機は2連率40％の好素性機。「いいエンジンっぽい感じはします。体感がいいし、進んでいる感じがする。班の比較も特別に出るとかはないけど、悪くない。もう少し出足を求めて調整する」と好感触を得て、さらなる上積みを図る。 今年は1月、3節連続Vと幸先のいい出だしを決めた。良機を味方に以前の輝きを取り戻せるよう、まずは好発進を目指す。 東スポWEB,[],[]
【岐阜競輪・ワールドシリーズ】日本最終戦のアンドルーズ「楽しい思い出がいっぱい」（東スポWEB）,https://news.yahoo.co.jp/articles/f9047b5ec47f11edb928c67174391ce58e79e8d0,https://newsatcl-pctr.c.yimg.jp/t/amd-img/20260824-00400609-tospoweb-000-2-view.jpg?exp=10800,2026-08-24T18:50:25+09:00,2026-08-24T19:20:27+09:00,東スポWEB,tospoweb,東スポWEB,558,日本での生活を振り返るアンドルーズ 岐阜競輪F1「ワールドシリーズ スピチャン杯」が24日、開幕した。7Rガールズ予選1では、パリ五輪2冠のエレセ・アンドルーズ（26＝ニュージーランド）が貫禄の走りで白星発進を決めた。 「2番が強いのは分かっていたので、意識していた」と、このレース最大のライバルとなる尾方真生の動向をうかがいながら周回。ホームから仕掛けた尾方に乗る形で最終バックを2番手で通過すると、最後は余裕の抜け出しだった。 「2番の加速力が良くて余裕はそんなになかったけど、3～4角あたりで全力で踏みました」。 今年、初めて日本の競輪に参戦し前回まで6場所走って5V（単発レース含む）。6月小倉の決勝でヘティ・ファンデルワウに敗れた以外はすべて1着と〝世界女王〟の力を見せつけている。 そして、アンドルーズにとっては今回の岐阜が日本での最終戦となる。「他の選手とも話せたし、新しい友達もつくれて楽しい思い出はたくさんある」と日本での生活を振り返つつ「すき焼き、しゃぶしゃぶが特に好き」とニッコリ。プライベートでも充実した日々を過ごしたようだ。 2日目（25日）を含め残り2走となったが「体調も良くて、いいレースができると思う」と状態に不安なし。最後まで世界女王の走りを日本のファンに見せつける。 東スポWEB,[],[]
【岐阜競輪・ワールドシリーズ】ラブレイセンが待望のバンクレコード更新「狙っていた」（東スポWEB）,https://news.yahoo.co.jp/articles/8589f43bd8eb2882b11ad2f2297dc59e7e34b41f,https://newsatcl-pctr.c.yimg.jp/t/amd-img/20260824-00400608-tospoweb-000-1-view.jpg?exp=10800,2026-08-24T18:45:31+09:00,2026-08-24T18:45:31+09:00,東スポWEB,tospoweb,東スポWEB,474,ブレイセン（右）と伊勢崎彰大が〝すしざんまい〟のポーズ 岐阜競輪F1「ワールドシリーズ スピチャン杯」は24日、初日を行った。予選11Rではハリー・ラブレイセン（29＝オランダ）が10秒5の新バンクレコードを叩き出した。 今開催には22年前の当地で10秒7の記録を打ち立てた伊勢崎彰大も参加しており「ラブレイセンに更新されて光栄」と興奮気味。急きょ新バンクレコード樹立のセレモニーが開かれ、2人で栄誉を称え合った。 ラブレイセンは「バンクレコードは狙っていた」といつもより遅めの仕掛けで、衝撃のスピードを披露すると「記録を残せて本当にうれしい。また戻ってきた時に残っているといいね」と笑顔を爆発させた。世界一の実力を改めて知らしめ、暑さについても「室内でしっかり準備するようにしているよ」と対策を明かした。 写真撮影が盛り上がると伊勢崎の「すしざんまいのポーズ、行こう！」の提案にラブレイセンもノリノリ。25日の準決12R、もちろん決勝の今節2走と、最終戦となる川崎（30日～9月1日）まで〝スピードざんまい〟の戦いをファンに届ける。 東スポWEB,[],[]
河本準一　礒部希帆との交際認める…名倉潤からの質問攻めに「出会ったのは重盛さと美さんの紹介」（東スポWEB）,https://news.yahoo.co.jp/articles/ca770fd25968b1fed3785eadbf34919308ff0704,https://newsatcl-pctr.c.yimg.jp/t/amd-img/20260824-00400606-tospoweb-000-5-view.jpg?exp=10800,2026-08-24T18:30:36+09:00,2026-08-25T00:55:25+09:00,東スポWEB,tospoweb,東スポWEB,642,河本準一 お笑いコンビ「次長課長」の河本準一（51）が、23日深夜放送のテレビ東京系「じっくり聞いタロウ～スター近況（秘）報告～」に出演。タレントの礒部希帆（34）と交際していることを認めた。 【画像】タンメンを食べる写真とともに、河本準一との交際を報告した礒部希帆 番組では、MCを務める「ネプチューン」の名倉潤が「河本、お前『じっくり』に出た女と付き合ってるらしいな。ネットで見たぞ。なんで報告せえへんねん」と切り込み。河本は「いい、いい！まだいい！」と苦笑したが、小倉優子が「出会いはここってこと？」と問うと「『じっくり聞いタロウ』に出てた人とお付き合いしたのは本当だけど、じっくりに出たことは知らなかったです」とはっきり言い切った。 また、続けて名倉から「どこで出会ったの？」と質問されると「出会ったのは重盛さと美さんの紹介です」とぶっちゃけ。この告白に、スタジオメンバーらも苦笑いを浮かべた。 さらに名倉が「かわいいの？」と追求すると、河本は「かわいいです…」とニヤけ顔。「付き合ってどれくらいなん？」とさらに名倉から質問が飛ぶと「まだ（今年の）4月なんで。初めて言うてるし」とタジタジだ。 礒部との交際は「楽しい。半同棲もしてないぐらい。まだ別々の家で行ったり来たり」と回答。名倉に「イチャイチャしてるの？」と聞かれると「イチャイチャしてる…」と照れながらも「めっちゃ笑ろてくれます。聞き上手なんで。そこで笑ろてくれるのが大好き」と礒部への愛をあふれさせた。 東スポWEB,[],[]
HYBEの新人ガールグループ・TUIDEがデビュー　日本人SAKI、TWICEジヒョの妹も所属（東スポWEB）,https://news.yahoo.co.jp/articles/2d85d5570c92daa6cd1602568ebfd04a67329439,https://newsatcl-pctr.c.yimg.jp/t/amd-img/20260824-00400602-tospoweb-000-1-view.jpg?exp=10800,2026-08-24T18:00:33+09:00,2026-08-24T18:00:33+09:00,東スポWEB,tospoweb,東スポWEB,622,デビューショーケースを開催したTUIDEのSEAH、ELENA、SEOYEON、JIA、SEOHEE、SAKI、YI HANI（℗&©ABD） HYBEの新人ガールグループ・TUIDE（テュイド）が24日、韓国ソウル市のYES24ライブホールでデビューショーケースを開催した。 日本人のSAKIを含むSEOHEE、SEOYEON、ELENA、JIA、SAKI、SEAH、YI HANIの7人のガールグループでEP「TUNE＆PLAY」でデビューする。 この日のショーケースでは「SUN KISS」と「GRLS」の2曲を披露。TUIDEはソウルトロニックという音楽スタイルを掲げており、SEOYEONは「ソウルミュージックの温かい感性と、エレクトロニックの洗練されたサウンドが自然に融合した音楽スタイルで、一度聞くと何度も聞きたくなる、思わずリズムに乗ってしまうような魅力があります」と話した。 このアルバムでの目標についてJIAは「多くの方にTUIDEというグループを覚えていただき、知っていただくことが第一の目標です。多くの方に愛され、良い評価をいただいて、新人賞を受賞したいです」と意気込みを見せた。 また、SEOYEONの実姉がTWICEのジヒョで「姉からのアドバイスは、家族よりもっと会うのはメンバーだから、メンバーのことを信じて、頼りにして、一緒に支え合いながら、かわいく活動してほしいということでした」と笑みを見せた。 東スポWEB,[],[]
【Ｍリーグ】キッズ麻雀フェスティバルが大盛況　初参加の岡田紗佳も驚き隠さず「本当に嬉しい」（東スポWEB）,https://news.yahoo.co.jp/articles/0655f733717da384e9ed85c59b071a4c67958d84,https://newsatcl-pctr.c.yimg.jp/t/amd-img/20260824-00400600-tospoweb-000-1-view.jpg?exp=10800,2026-08-24T18:00:33+09:00,2026-08-24T18:00:33+09:00,東スポWEB,tospoweb,東スポWEB,791,子どもたちと麻雀を打った岡田紗佳 麻雀プロリーグ「M．LEAGUE」（Mリーグ）による「Mリーグ キッズ麻雀フェスティバル2026」が24日、都内で開催された。 【写真】国士無双LOVEを手にした岡田紗佳 小学生を対象に、麻雀を「頭脳スポーツ」として楽しく学び、体験してもらうことを目的とした参加型イベント。麻雀教室や対局コーナーなどであこがれの麻雀プロと交流できるとあり、多くの子供たちが会場に集まった。昨年から規模を拡大し、今年はさらにパワーアップ。フォトスポットや縁日ブースだけではなく、スタンプラリーや麻雀牌キーホルダーのワークショップなども行われた。 子供たちの熱気に、参加した22人の麻雀プロも驚きを隠せない。Mリーグ・KADOKAWAサクラナイツの一員でタレントの岡田紗佳は今年が初参加。会場のいたるところで子供に手を振られ、サインや撮影をねだられた。「麻雀ブームがお子さんに広がっているとは感じていましたが、実際、ここまでとは…本当に嬉しいですね」。喜んでいるのは触れ合った子供も同様。フォトセッションで岡田のデビュー曲「国士無双LOVE」の振付を本人の前で披露し、一緒にポーズを取ってもらった伊藤和さん（9歳＝小4）は「いつも応援しているんです。夢みたい」と夏の思い出に目を輝かせていた。イベント終了後、岡田は「私ももっと麻雀を楽しみたいと改めて思いました」とも。 また、296人から抽選で選ばれた100人による麻雀大会の参加者は真剣そのもの。プロが見守る中、「ポン」「ロン」という元気な声が響き渡った。優勝した小学5年生の藤崎陽奈子さんは役満・大三元をアガり、将来の夢は「Mリーガーになって5冠を取りたい」と力強く宣言した。 会場では昨年に続き、参加した親子も多数。麻雀好きの子供たちにとっては〝夏休みのビッグイベント〟として定着しつつあるようだ。 東スポWEB,[],[]
優木まおみ　離婚を発表「新しい道を歩むこととなりました」　１３年に美容師の男性と結婚（東スポWEB）,https://news.yahoo.co.jp/articles/4e294f0d50f63ec44370a312c3f3d54f445addf2,https://newsatcl-pctr.c.yimg.jp/t/amd-img/20260824-00400596-tospoweb-000-3-view.jpg?exp=10800,2026-08-24T17:30:34+09:00,2026-08-24T21:10:24+09:00,東スポWEB,tospoweb,東スポWEB,330,優木まおみ タレントの優木まおみ（46）が24日、インスタグラムを更新。離婚を発表した。 この日は「【ご報告】」と題した文書を投稿し「私たちは夫婦という関係性を終え、新しい道を歩むこととなりました」と発表。続けて「今後も大切な子どもたちの母・父として、協力しながら子育てを続けてまいります。私たちの前向きな選択を、これからも温かく見守っていただけますと幸いです」とつづった。 優木は2013年6月に美容師の男性と結婚したことを発表。14年4月に第1子女児を、17年1月に第2子女児を出産したことを報告した。24年には「第16回ベストマザー賞2024」で社会経済部門を受賞。25年8月から娘2人とマレーシアでの移住生活を開始したことを報告している。 東スポWEB,[],[]
【芦屋ボート】真鳥章太　低調機を仕上げ優出「展開を突ける足はあります」（東スポWEB）,https://news.yahoo.co.jp/articles/e1bac467276b7e96f046561a11e1f1315994aef6,https://newsatcl-pctr.c.yimg.jp/t/amd-img/20260824-00400598-tospoweb-000-1-view.jpg?exp=10800,2026-08-24T17:30:34+09:00,2026-08-24T17:30:34+09:00,東スポWEB,tospoweb,東スポWEB,288,真鳥章太 ボートレース芦屋の「ニッカン・コム杯」は24日、準優勝戦が行われた。 真鳥章太（30＝長崎）が低調機を立て直し今年2回目、芦屋では初の優出を決めた。5号艇の11R、コンマ02の踏み込みからまくり差し。逃げた重木輝彦に届かなかったが2着でファイナルに進んだ。 「出足寄りの足です。伸びはこのエンジンではつきにくいと思う。全部の足に◎はつかないが、27％のエンジンにしては頑張っていると思います」と、懸命なペラ調整が奏功した。 優勝戦は6号艇。コースは遠いが、「展開を突ける足はあります」とキッパリ。出足を生かしてブイ際を突き、悲願のデビュー初Vを目指す。 東スポWEB,[],[]
【徳山ボート】藤田俊祐　２日目不発も悲観の色なし「体感がすごく良くて押していた」（東スポWEB）,https://news.yahoo.co.jp/articles/9163fcdaf2109f49116dee67e1f854e6c0dae549,https://newsatcl-pctr.c.yimg.jp/t/amd-img/20260824-00400597-tospoweb-000-1-view.jpg?exp=10800,2026-08-24T17:30:34+09:00,2026-08-24T17:30:34+09:00,東スポWEB,tospoweb,東スポWEB,361,藤田俊祐 ボートレース徳山の「tysテレビ山口杯争奪戦」は24日、予選2日目の開催が行われた。 藤田俊祐（24＝東京）はこの日2R、2コースから4着、7Rは4コースから6着と不発に終わった。だが「前半は回転不足。後半は展開も悪かったが体感がすごく良くて押していた」と出足中心に舟足は良好。レース後は本体整備とペラ調整に励んだ。 2月、尼崎での転覆事故で頸椎骨折、約4か月休養した。2025年はトップルーキー選出されたが、出走回数不足でB1級へ陥落。「首の骨は完全にはつながってないけど、痛くないし大丈夫。今はターンもペラも自分の形を見つめ直しているところ。できることを精いっぱいやって、最低限A級復帰が目標です」と前を向く。 前節の平和島では優出4着と調子も上向きだ。3日目は上位着を並べて準優進出を目指す。 東スポWEB,[],[]
前田大然　セルティックＯＢから後釜ＦＷと比較される「技術的に最高と言えない」（東スポWEB）,https://news.yahoo.co.jp/articles/5f538d4e0c37831bb560a31375d0053b3626a9cb,https://newsatcl-pctr.c.yimg.jp/t/amd-img/20260824-00400595-tospoweb-000-1-view.jpg?exp=10800,2026-08-24T17:00:28+09:00,2026-08-24T17:00:28+09:00,東スポWEB,tospoweb,東スポWEB,662,前田大然（ロイター） スコットランド・プレミアリーグのセルティックに新加入したFW前田大然の〝後継者〟に高評価が舞い込んだ。 【写真】セルティック新加入のカミロ・デュラン 昨季限りでセルティックを退団した前田は新シーズンからイングランド・プレミアリーグのイプスウイッチ入り。22日のサンダーランド戦の先発で初出場を果たしていた。セルティックでは〝英雄〟だっただけに、その後の動向も気になるのだろう。 英メディア「グラスゴー・タイムズ」によると、セルティックなどで活躍した元スコットランド代表MFチャールズ・マルグルー氏は「ゴーラジオ・フットボールショー」で前田と今季新加入のコロンビア人FWカミロ・デュランを比較。公式戦初出場から4試合で3ゴールを挙げているデュランは、前田よりも優れているとの見解を示した。 「前田がやっていたような、守備に戻る動きが素晴らしい。その違いは、前田は時々運転手のいないスピードボートみたいだったということだ。彼は自分のやるべきことをやってきたが、技術的には最高とは言えなかった。デュランは技術的に非常に優れているように見える」 さらに「（欧州チャンピオンズリーグプレーオフLASK戦での）2ゴールを見れば、彼について知るべきことはすべてわかるだろう。あれは前田も、まさに狙っていたゴールだったが、バーを越えていたかもしれない」と暗に技術の差を指摘した。 こんな話題になるもの前田がセルティックで残した功績が大きいからだろう。今度はイングランドでの活躍で称賛をもらいたいところだ。 東スポWEB,[],[]
有村昆　「ラヴ上等２」を辛口評価「いつか演出陣も麻痺してもっと大きな問題が起きそう」（東スポWEB）,https://news.yahoo.co.jp/articles/06855e61a7d8030942324bd7408950bdc9a2411d,https://newsatcl-pctr.c.yimg.jp/t/amd-img/20260824-00400594-tospoweb-000-1-view.jpg?exp=10800,2026-08-24T16:50:26+09:00,2026-08-24T16:50:26+09:00,東スポWEB,tospoweb,東スポWEB,463,有村昆 タレントで映画コメンテーターの有村昆が24日、X（旧ツイッター）を更新。Netflixで配信されている「ラヴ上等2」を辛口評価した。 有村は「遅れて『 ＃ラブ上等2 』を見た。正直あの後付き合ってないだろうし、グレてた過去をネタにして有名になろうとする演者の本音が見え隠れしている」とキッパリ。続けて「ブレイキングダウン×恋リア＝時流に乗るのは流石だが、過去の栄光を美化してお金を取ってはまずい」と言及した。 さらに「また2が出来ることで、1を超える強ヤバいエピソードを入れねばならず、いつか演出陣も麻痺してもっと大きな問題が起きそう」と分析。「これは映画の『SAW』の現象と似てて、シーズンが重なるとどんどん過激になるだけの消費コンテンツで飽きられると思う」と持論を呈した。 同番組は元暴走族総長や少年院出身者、元ヤクザなどのヤンキー男女が共同生活を送る恋愛リアリティーショー。タレントのMEGUMIがプロデューサーを務める。法務省とのタイアップも発表されていたが、21日にはその中止が伝えられていた。 東スポWEB,[],[]
今井翼　高校時代に円形脱毛症になった過去「誰かに見られたらどうしようって」（東スポWEB）,https://news.yahoo.co.jp/articles/50cdb4205dd799cad941c5fefd745e2ed7418965,https://newsatcl-pctr.c.yimg.jp/t/amd-img/20260824-00400592-tospoweb-000-1-view.jpg?exp=10800,2026-08-24T16:30:36+09:00,2026-08-24T16:30:36+09:00,東スポWEB,tospoweb,東スポWEB,369,今井翼 俳優の今井翼が23日放送の日本テレビ系「おしゃれクリップ」に出演。芸能界に入ってからの苦悩を明かす場面があった。 1995年、姉が履歴書を送ったことがきっかけで芸能界入りを果たした今井は「姉が以前お世話になっていた事務所の先輩のファンで。それで『弟も入れたい』ということで。僕は人前に立つことが得意じゃなかったんですよ。引っ込み思案でした。だから嫌々オーディションに行って、早く終わらないかなと」と回想。 当時を振り返って「高校生ぐらいの時に円形脱毛症を初めて経験して。思春期だし、すごい恥ずかしかったんですよね。誰かに見られたらどうしようって」と告白した上で「母に言うのも恥ずかしかったんですけど〝ちょっと悪いけど、何か塗ってもらえない？〟って言って、現場に行く前に塗ってもらったりということもあった」と明かした。 東スポWEB,[],[]
ミラノ五輪代表の近藤心音さんが告発「いじめ」「パワハラ」、コーチによるもみ消しも（東スポWEB）,https://news.yahoo.co.jp/articles/1e86f898b06f79b1f4742c0b646cdc38a135c02c,https://newsatcl-pctr.c.yimg.jp/t/amd-img/20260824-00400591-tospoweb-000-9-view.jpg?exp=10800,2026-08-24T16:25:24+09:00,2026-08-24T21:10:24+09:00,東スポWEB,tospoweb,東スポWEB,896,近藤心音 ミラノ・コルティナ五輪のフリースタイルスキー女子日本代表で、6月に現役引退した近藤心音さんが、「選手からのいじめ」「トレーナーからのパワハラ」などを告発した。 【写真】19歳のときの近藤心音 近藤さんは24日に、自身のインスタグラムのストーリーズを更新。「世界選手権が終わってからの海外遠征中、私は複数人の選手から嫌がらせやいじめを受けていました。話しかけても無視・集団での省り行為・私の名前とアカウントを載せてSNSへの誹謗中傷等。ミラノオリンピック期間中は、フリースタイルスキーSSBAHPの帯同トレーナーからパワハラを受けていました」「怪我後にオリンピック会場で滑りの調整をした後、競技コースは膝が耐えられず滑れないと分かり泣く私に向かって〝今何が悲しいの？〟と耳元で嫌味を言われ続けました。私が出られないと分かった後は一度も治療を行って貰えませんでした」などと投稿した。 さらに連続で投稿し「こんなチームじゃなければここまで修復不可能なほどに深く深く傷つくことはなかっただろうと思います。ここに居たら、この場所に身を置き続けたら、心が死ぬと思いました」「ナショナルチームのコーチに、選手からのいじめ・トレーナーからのパワハラを訴えた時、〝お前が今はセンシティブになり過ぎてるだけだ〟と言われました」とチーム側がいじめやパワハラの訴えに関してもみ消しを図ったことも明かした。 「私はただ、ただただ実際にあった許せない事実を晒し上げて満足しているのではなく、これから日本のフリースキー界が良い方向に変わっていって欲しいから、次世代の子供たちの努力してきた過程がしっかり報われる世界であって欲しいから、憧れ尊敬できるチーム・選手・コーチ・トレーナーであって欲しいから、勇気を持って表に発信しています」など悲痛な訴えを行った。 ミラノ・コルティナ五輪では、近藤さんは開幕直前に練習で負傷。左ひざの前十字靱帯と内側側副靱帯を損傷して、女子スロープスタイルを棄権。ビッグエアも欠場した。その後、現役引退を表明していた。 近藤さんの訴えは、スポーツ界全体で議論を呼びそうだ。 東スポWEB,[],[]
【巨人】驚異の回復で一軍復帰狙う戸郷翔征「自分を磨ける期間」とさらなる進化へ（東スポWEB）,https://news.yahoo.co.jp/articles/16b648adf626a23304d8f1aa0e60283eb289628f,https://newsatcl-pctr.c.yimg.jp/t/amd-img/20260824-00400589-tospoweb-000-1-view.jpg?exp=10800,2026-08-24T16:05:23+09:00,2026-08-24T16:05:23+09:00,東スポWEB,tospoweb,東スポWEB,554,キャッチボールをする戸郷翔征 左太もも裏の肉離れで戦線を離脱している巨人・戸郷翔征投手（26）が24日にジャイアンツ球場で行われた投手練習に参加。順調な回復ぶりをアピールした。 戸郷は7月7日の阪神戦（東京ドーム）の走塁時に負傷し途中交代。そのまま翌8日に登録を抹消されると、以降は故障班でリハビリを重ねてきたが、ここまで既にライブBPや打撃・走塁練習などを実施するなど、驚異の回復ぶりを見せてきた。 今後はファームでの復帰登板を経て一軍昇格を目指す予定。当初は今季中の復帰の可能性について厳しい見方もあった中、予想に反した調整を披露している戸郷は「もちろん何週間か早まってるところはありますけど、すごい順調に来てるんで、そこはすごく良かったかなと思います」と手応えを明かした。 離脱前には長らく続いた不振を脱し、完全復活を遂げていたエースなだけに、心配されるのは離脱による投球への影響。ただ、戸郷自身は「もう良くなってるぐらいじゃないですかね。自分を磨ける期間だったので、すごくいい期間だったと思います」と明かし、離脱期間中は自らと向き合う有益な時間となった模様。決してただでは転ばない不屈の闘志を持っている男は、この1か月半を「ケガの功名」として再び一軍のマウンドへと舞い戻ってくる覚悟だ。 東スポWEB,[],[]
【大相撲】高安　夏巡業に途中合流も左脚痛める「秋場所まで３週間ぐらいなのでどうにかしたい」（東スポWEB）,https://news.yahoo.co.jp/articles/488345457436c561c247676658af8f21d1c052c8,https://newsatcl-pctr.c.yimg.jp/t/amd-img/20260824-00400588-tospoweb-000-1-view.jpg?exp=10800,2026-08-24T16:00:35+09:00,2026-08-24T16:00:35+09:00,東スポWEB,tospoweb,東スポWEB,477,ぶつかり稽古で宇良(左)に胸を貸す高安 大相撲夏巡業が24日、埼玉・熊谷市の彩の国くまがやドームで行われ、元大関の幕内高安（36＝田子ノ浦）が朝稽古で左脚を痛めて取組から外れた。 高安は7月の名古屋場所を11勝4敗の好成績で終え、自身7度目の敢闘賞を獲得。今月2日に岐阜市で始まった夏巡業は当初、腰痛の影響で休場していたものの、13日の福島・須賀川巡業から合流した。 しかし、この日の朝稽古で幕内宇良（木瀬）に胸を出した際に左脚を負傷。高安は大事を取って割から外れたが、土俵入りには登場した。高安の代わりに埼玉・朝霞市出身の幕内大栄翔（追手風）が2番取った。 元大関は「脚を少し痛めてしまった」と説明。26日の川崎巡業以降の出場については「これから考える」とし「自分でも残念だけど、（秋場所まで）3週間ぐらいなのでどうにかしたい」と語った。 また、土俵下で朝稽古を見守っていた高田川巡業部長（元関脇安芸乃島）は「内ももの根本でしょうね。見た時にちょっとやったなと思って、その時点で『割を休んでもいいんじゃないか』という話をした」と明かした。 東スポWEB,[],[]
古坂大魔王　若者の数秒間での動画漁りの光景に驚愕するも「俺らもやってる気がする」「確実に中毒」（東スポWEB）,https://news.yahoo.co.jp/articles/44434226fb1d9f9c4c8f7c672d0cd8bde62da1f1,https://newsatcl-pctr.c.yimg.jp/t/amd-img/20260824-00400587-tospoweb-000-1-view.jpg?exp=10800,2026-08-24T16:00:35+09:00,2026-08-24T16:00:35+09:00,東スポWEB,tospoweb,東スポWEB,366,古坂大魔王 お笑いタレントでミュージシャンの古坂大魔王が24日「X」（旧ツイッター）を更新。自身がスマホ中毒の症状があることを明かした。 古坂は「先日、旅行先の入浴施設での会計時目の前の若い人がスマホ決済。タッチ時と、金額打ち込みのほんの数秒の隙間でさえXとInstagramと TikTokを行き来して動画を漁っていた」と投稿。前に並んでいた若者が数秒間でスマホで動画漁りをしていた光景を目にしたという。 その若者は「決済後、横にいた知り合いと話さず動画の続きを歩きながら」とやはり動画漁りを続けていたというが「ふと驚いたが…俺らもやってる気がする。トイレの数分を記憶に残らない動画や記事に目をやる」と自身にも思い当たるフシがあるといい「自戒の念も含めて危機を感じる。でも、やめられない。確実に中毒」とつづっている。 東スポWEB,[],[]
【ＭＬＢ】菅野智之とグリフィンの「巨人同窓会」試合にハチが乱入＝公式サイト報道（東スポWEB）,https://news.yahoo.co.jp/articles/cca87fa7314fdd067d830b375f34d25414d37455,https://newsatcl-pctr.c.yimg.jp/t/amd-img/20260824-00400586-tospoweb-000-1-view.jpg?exp=10800,2026-08-24T15:55:24+09:00,2026-08-24T15:55:24+09:00,東スポWEB,tospoweb,東スポWEB,768,ジミー・ハーゲット（ロイター） 元巨人投手対決に思わぬチン入者だ。メジャー公式サイトは23日（日本時間24日）、「信じられない！ ロッキーズの投手がマウンドでハチに刺され、話題を呼ぶ」との記事を配信した。 デンバーで行われたガーディアンズ、フォスター・グリフィン投手（31）とロッキーズ、菅野智之投手（36）の「元G投手」の投げ合いは5回2失点と好投し7―2で15勝目をマークしたグリフィンに軍配が上がった。 その試合で前代未聞のアクシデントが起こった。記事は「負けの中には、他の負けよりも痛烈なものもある。ロッキーズのリリーフ投手、ジミー・ハーゲットに聞いてみればわかるだろう」と書き出した。 5回に3番手で登板したハーゲットは6回にマウンド上で突然、右腕に痛みを感じた。ウォーレン・シェーファー監督がマウンドに駆け寄りハーゲットの様子を確認すると、すぐに笑い声が漏れた。 投球途中にハチに刺されたという右腕は2四球を出しながらも2回を無失点で切り抜けた。「こんなことは今まで一度もなかった。たぶんハチだと思うけど、よくわからない。スズメバチかもしれない。確信はない。私はハチの専門家じゃないからね」と笑った。 「ベルトで腕を擦りむいたのかと思ったんですが、下を見たらまだハチが体にくっついていた。それでたたき落としたんですが、今はそこに小さな針が残っている」と平然としていた。 とはいえロッキーズにとっては文字通り「泣きっ面にハチ」。この日の敗戦で5連敗となったが、本拠地クアーズ・フィールドでは球団史上初の9連敗となった。球団創設粘の1993年にマイルハイ・スタジアムで記録した連敗に並び、球団史上最長のホーム連敗記録となった。シェーファー監督はハチ騒動について「つらい一日の中のちょっとした息抜き」と自らを慰めた。 東スポWEB,[],[]
中山秀征　恩師・志村けんさんからの金言明かす「『バカだね』ってのは褒め言葉」（東スポWEB）,https://news.yahoo.co.jp/articles/fb403b1b06091529a0df1e138fd29cb55b2bf57d,https://newsatcl-pctr.c.yimg.jp/t/amd-img/20260824-00400584-tospoweb-000-1-view.jpg?exp=10800,2026-08-24T15:40:24+09:00,2026-08-24T15:40:24+09:00,東スポWEB,tospoweb,東スポWEB,495,中山秀征 タレントの中山秀征が24日、ニッポン放送「ナイツ ザ・ラジオショー」に出演。恩師・志村けんさんからの言葉を明かした。 この日、中山はゲストとして出演。リスナーから「ヒデさんの芸能人生に最も影響を与えた方はどなたでしょうか？」と質問が寄せられると、迷うことなく「それはやっぱり志村師匠じゃないですかね」と志村けんさんの名前を挙げた。 その理由は「芸とかということだけではなくて、人としてということは教わりましたね。お酒の飲み方もそうですけど」。志村さんについて「師匠はほら、物静かだから。普段」とした上で「人見知りですから。大人数で集まることを苦手としてたので、近くにいる人間と、いても5人くらい。いなきゃ2人くらい。そういう静かな飲み方」と振り返った。 そんな志村さんからはいつも「利口ぶるな」「バカでいろ」と言われていたという。中山は「『バカだね』ってのは褒め言葉だぞって。ほんとのバカじゃバカはできねぇからなって。やっぱいろいろ覚えていっちゃうから。司会なんかやったりすると、自分がわかった風になっていっちゃう。そこを気を付けろよと」と志村さんの教えを明かした。 東スポWEB,[],[]
【Ｆ１】〝新ホンダエンジン〟をアロンソが大絶賛「運転するのが楽しいマシンだ」（東スポWEB）,https://news.yahoo.co.jp/articles/29aa936a7093d85b56f2b29a9f66962792b16606,https://newsatcl-pctr.c.yimg.jp/t/amd-img/20260824-00400583-tospoweb-000-1-view.jpg?exp=10800,2026-08-24T15:30:35+09:00,2026-08-24T15:30:35+09:00,東スポWEB,tospoweb,東スポWEB,769,オランダGPに出場したフェルナンド・アロンソ（ロイター） F1アストンマーティンで大幅にアップデート（改良）を加えた〝新ホンダエンジン〟をレジェンドのフェルナンド・アロンソが大絶賛だ。 アストンマーティンはホンダとコンビを組んだ今季、開幕から歴史的な低空飛行を続け窮地に。それでも夏季休暇前最後のレースとなったハンガリーGPで、車体の大幅なアップデートを投入すると、これが見事にハマり大幅な性能向上を見せた。 そして夏季休暇明け初戦となるオランダ・グランプリ（GP）で、ホンダの新パワーユニット（PU）を満を持して投入。スプリントや予選では苦戦を強いられたが、肝心の決勝で実力を発揮した。フェルナンド・アロンソが魂の熱走を見せ、そのドライビングにパワーユニットの性能も応える。これまでの最下位争いから一転して、最後まで入賞争いを展開して9位に食い込み、2ポイントを奪取した。 英メディア「GPブログ」は、レース後のエイドリアン・ニューウェイ代表とアロンソとのやり取りを紹介した。 「めったにないチーム無線での発言で、チーム代表であり伝説的なデザイナーであるニューウェイはアロンソを称賛した」と指摘。ニューウェイ代表は「よくやった、フェルナンド。素晴らしい走りだった。非常に規律正しく、シルバーストン（本拠地）にいる全員にとって大きな励みになった。ありがとう」と指揮官にとって異例とも言える無線での称賛となった。 一方、アロンソも9位躍進に大興奮。「そうだね、その通りだ。皆さん、シルバーストンの皆さん、本当にありがとう。運転するのが楽しいマシンだ。これからもさらに良い結果が出るはずだ。ありがとう、ありがとう」と新ホンダエンジンが搭載されて性能が向上したマシンを絶賛した。 ホンダ黄金時代の再来へ、大きな第一歩となりそうだ。 東スポWEB,[],[]
【ＭＬＢ】川上憲伸氏が期待　ポストシーズン「大谷翔平対ミジオロウスキー」「ホワイトソックスの〝番狂わせ〟」（東スポWEB）,https://news.yahoo.co.jp/articles/f3ab325a57515682d4bde57444b34060385d75c3,https://newsatcl-pctr.c.yimg.jp/t/amd-img/20260824-00400582-tospoweb-000-1-view.jpg?exp=10800,2026-08-24T15:25:23+09:00,2026-08-24T15:25:23+09:00,東スポWEB,tospoweb,東スポWEB,833,川上憲伸氏 アトランタ・ブレーブスでプレーした川上憲伸氏（51）が米メジャーリーグ（MLB）のポストシーズンを大胆予想⁉ ワールドチャンピオンは「シカゴ・ホワイトソックス」、見てみたい場面には「大谷翔平対ミジオロウスキー」を挙げた。 川上氏は24日、名古屋駅前にオープンした「MLB Breakfast Club＠名古屋」発表会にゲストとして登場。この「Club」はMLBが今年から展開しているカフェ形式のMLB観戦エリア。時差のため日本では朝に放送されるMLBを、超大型モニターで通勤・通学時に観て元気になってもらうことが目的だという。 川上氏はMLBの注目選手に、ミルウォーキー・ブルワーズのジェイコブ・ミジオロウスキー（24を上げた。「僕は昨年から気にしていたんですけど、まだ2、3年目の右投げ投手で、160キロ後半から170キロ近く、常に103マイル、104マイルを投げる。チームとしてもしつこいバッティングとか、細かい日本ぽい野球もできる」と着眼ポイントを解説。ポストシーズンでは「ミジオロウスキーと大谷選手の戦いはかなりあり得る」とワクワクした表情で語った。 ワールドチャンピオンについては大谷のロサンゼルス・ドジャースが本命であるといいつつも「僕、どうしても最近優勝してないチームを応援したくなる」と、現在ア・リーグ中地区首位で村上宗隆が所属するシカゴ・ホワイトソックスをピックアップ。「23日（日本時間24日）の試合でもサヨナラ勝ちしてる。ワールドチャンピオンになったらすごいことです」と〝番狂わせ〟を期待した。 名古屋会場は東京、岩手（盛岡）、福岡（天神）に続く第4段で9月13日までの限定開催。メニューは会場ごとにリニューアルされ、モーニング文化の発達した名古屋らしく、ご当地メニューの「あんバタートースト」も登場。また食事をするとカードやステッカーのプレゼントもある。通勤・通学時の「ちょっと大谷観戦」で名古屋が盛り上がりそうだ。 東スポWEB,[],[]
【大相撲】安青錦　待望の大関復帰＆優勝パレードへ「やれると思ってなかったのでうれしい」（東スポWEB）,https://news.yahoo.co.jp/articles/f69c42164fec3794cebd5ef3a876d0a3d2279d70,https://newsatcl-pctr.c.yimg.jp/t/amd-img/20260824-00400581-tospoweb-000-1-view.jpg?exp=10800,2026-08-24T15:20:28+09:00,2026-08-24T15:20:28+09:00,東スポWEB,tospoweb,東スポWEB,415,朝稽古を行った安青錦（中央） 大相撲名古屋場所で3場所ぶり3度目の優勝を果たし、大関復帰を決めた安青錦（22＝安治川）が祝賀パレードを心待ちにしている。 夏巡業が24日、埼玉県・熊谷市の彩の国くまがやドームで行われた。朝稽古で安青錦は相撲を取らず「あまり焦らずにやっていこうかなと。痛めていた左足の状態？＿良くなっている。普段の生活は問題ない」と説明。秋場所（9月13日初日、東京・両国国技館）の新番付が発表される今月31日以降に、相撲を取る稽古を再開する考えを示した。 また、所属する安治川部屋の公式ホームページで、来月6日に東京・江東区で大関復帰＆優勝パレードが行われることが告知された。安青錦は「やれると思ってなかったので、うれしい」と満面の笑みを浮かべた。 2場所連続Vがかかる秋場所に向けて「周りの期待も大きいし、自分自身が自分に一番期待している。いつも通り優勝を目指して、頑張っていきたい」と力を込めた。 東スポWEB,[],[]
宇梶剛士「ＧＴＯ」校長役に出世実感　反町隆史は「他人を緊張させない人」（東スポWEB）,https://news.yahoo.co.jp/articles/bd59d6cc1cb48d11990c3281f13530e2ec7bf2d0,https://newsatcl-pctr.c.yimg.jp/t/amd-img/20260824-00400580-tospoweb-000-1-view.jpg?exp=10800,2026-08-24T15:00:32+09:00,2026-08-24T15:00:32+09:00,東スポWEB,tospoweb,東スポWEB,700,宇梶剛士 俳優の宇梶剛士が24日、大阪市内でドラマ「GTO」（月曜10時＝カンテレ・フジテレビ系）の取材会に出席した。 本作は漫画家・藤沢とおる氏の人気作「GTO」を原作とした学園ドラマ。1998年に反町隆史が主人公・鬼塚英吉を演じ、社会現象を起こした。そして今回、28年ぶりに令和ならではの価値観や社会背景を取り入れた完全新作ストーリーだ。 宇梶は鬼塚が再就職した私立誠進学園の校長・大久保安博を演じている。「今までも役者やってきたんだけど『やったね。出世したね』ぐらいの感じ」と満面の笑みを見せた。 主演の反町について「他人を緊張させない人。撮影現場は本当に雰囲気いいですよ。リラックスできる環境を作れる人なんでしょうね」と絶賛した。 同作に出演する学生の俳優は全て現役高校生をキャスティングしている。 「かつて高校生だった者として気楽な感じで（高校生たちに）会えてる。僕の下の子が25歳なので、子供と話してる感じ」と話し、続けて「僕が若いころ、大人が嫌いだった。（言葉の）キャッチボールができない大人が多かった。そうなってたまるかと思いながら演じられる。今回、そういう機会を与えてもらったのかなっていう風に思います」と感謝をにじませた。 撮影の合間に美輪明宏さんの訃報を聞いた。「美輪さんは自分にとって、とても大きな人。おふくろ（母親）みたいに思ってました」と振り返った。 20歳のころから美輪さんに「仕事を大事にしなさい」と教えられてきたという。「昔だったらビービー泣いてたんじゃないのみたいな、過去の自分を振り返って、少しは職業人としても大人になれたのかなと思った」と偲んだ。 東スポWEB,[],[]
【ＭＬＢ】カジノ目撃のマルテに米メディアがトレード報道「候補はロイヤルズ、マリナーズ、フィリーズ」（東スポWEB）,https://news.yahoo.co.jp/articles/bed3ebd8c43e4ab891de407d8436028a09b9acd8,https://newsatcl-pctr.c.yimg.jp/t/amd-img/20260824-00400579-tospoweb-000-2-view.jpg?exp=10800,2026-08-24T14:55:24+09:00,2026-08-24T18:55:24+09:00,東スポWEB,tospoweb,東スポWEB,713,ダイヤモンドバックスのケテル・マルテ（ロイター） 失踪騒動のダイヤモンドバックス、ケテル・マルテ内野手（32）の米メディアによるトレード先探しが始まった。 米メディア「ファンサイデッド」は23日（日本時間24日）、「ケテル・マルテのオフシーズンのトレードパッケージは、ロイヤルズ、マリナーズ、フィリーズに送られる予定」との記事を配信した。 失踪騒動による制限リスト入りから首脳陣との会談を経て、10日間のIL入りに移行と〝温情〟をかけられたマルテ。だが22日（同23日）、本拠地レッズ戦の試合中、カジノにいる動画が拡散された。トーリ・ロブロ監督との関係は修復不可能となっている。 記事は「ロブロ監督はマルテは規則を破っていないと強調したが、『私ならそんな選択はしない』と認めた」と指揮官の失望ぶりを伝えた。そのうえでオフのトレードは避けられないとし、ロイヤルズ、マリナーズ、フィリーズとの「トレードパッケージ」を提案した。マルテは6年総額1億1650万ドル（約185億1200万円）の2年目だった。 同メディアの提案は以下の通り。 ロイヤルズとは「はヴィニー・パクスアンティーノ内野手、デビッド・シールズ投手、ブレイク・ミッチェル捕手」との「1対3」。 マリナーズとは「マイケル・アロヨ外野手、エース・リース内野手、メイソン・ピーターズ投手」との「1対3」。 フィリーズとは「エイダン・ミラー内野手、ブライアン・リンコン内野手、潘文慧投手、キートン・アンソニー内野手」との「1対4」。 もっとも提案された球団にとって10月に33歳になる〝問題児〟を抱えるリスクは大きい。自業自得とはいえマルテの先行きは不透明だ。 東スポWEB,[],[]
上田綺世　２戦連発も元オランダ代表ＦＷ低評価「まだ完全に調子を取り戻していない」（東スポWEB）,https://news.yahoo.co.jp/articles/525a8090b9bd6ca4855f930dfafd2eddd8955f83,https://newsatcl-pctr.c.yimg.jp/t/amd-img/20260824-00400578-tospoweb-000-1-view.jpg?exp=10800,2026-08-24T14:50:27+09:00,2026-08-24T14:50:27+09:00,東スポWEB,tospoweb,東スポWEB,503,上田綺世 オランダ1部フェイエノールトの日本代表FW上田綺世（27）が、物足りなさを指摘された。昨季のリーグ得点王は23日のアウェー・カンブール戦に先発し、3―0の前半アディショナルタイムにPKを決めて2試合連続となる今季2ゴール目となった。 【動画】冷静にPKを決めた上田綺世 そんな状況の中、オランダメディア「VP」によると、元オランダ代表FWウィム・キーフト氏は、同国のテレビ番組でカンブール戦を踏まえ、「上田は私には感銘を与えない。それに状況がよくわからないが、移籍が許されているのか、それとも他のクラブからオファーがあった場合、移籍が許されないのか？まだ移籍できるのでしょうか？」。同氏の頭には、今夏のステップアップが取りざたされながら、現段階では実現していない状況が、プレーに影響を与えているとの考えがあるようだ。 その上で「彼の頭の中ではやはり奇妙な状況が続いている」とし「私は彼のプレー、特にサッカーの面では非常に平凡だと感じた。鋭さとフレッシュさが少し欠けていた。彼はW杯を終えたばかりだが、それももうしばらく前のことだ。まだ完全に調子を取り戻していない」と低評価を下した。 東スポWEB,[],[]
クロちゃん　長州小力のプロレス復帰戦での対戦への意気込みつづる「病院送りにしてやるしん！」（東スポWEB）,https://news.yahoo.co.jp/articles/9df180049307ea25002053e49e81f90f77b97c06,https://newsatcl-pctr.c.yimg.jp/t/amd-img/20260824-00400577-tospoweb-000-1-view.jpg?exp=10800,2026-08-24T14:40:26+09:00,2026-08-24T14:40:26+09:00,東スポWEB,tospoweb,東スポWEB,390,クロちゃん お笑いトリオ・安田大サーカスのクロちゃんが24日「X」（旧ツイッター）を更新。お笑い芸人・長州小力のプロレス復帰戦への意気込みをつづった。 小力は2026年4月に道路交通法違反（無免許運転・信号無視）による書類送検を受け、5月に西口プロレスから契約解除の処分を受けた。その後、6月30日に不起訴処分となったことを受け、小力は8月25日の「新宿FACE大会」でリング復帰が発表された。 その復帰戦の対戦相手に選ばれたのがクロちゃん。クロちゃんは西口プロレスにも出場しており、数多くのネット番組でも共演。また過去に「雑に扱われた」などの因縁もあり、小力は対戦相手として迷わずクロちゃんを選んだ。 この挑発にクロちゃんは「明日、一騎打ちで病院送りにしてやるしん！みんな楽しみにしててだしん！」と強い意気込みをつづっている。果たしてどんな戦いを見せてくれるのか。 東スポWEB,[],[]
ハライチ・岩井勇気　営業の合間にデカい買い物「いいのがあったら、そこで買わないと」（東スポWEB）,https://news.yahoo.co.jp/articles/0dda88ea0529ae8526afc3389463f892ffe343d8,https://newsatcl-pctr.c.yimg.jp/t/amd-img/20260824-00400576-tospoweb-000-1-view.jpg?exp=10800,2026-08-24T14:30:35+09:00,2026-08-24T14:30:35+09:00,東スポWEB,tospoweb,東スポWEB,467,ハライチの岩井勇気 お笑いコンビ「ハライチ」の岩井勇気が、24日放送の「ぽかぽか」（フジテレビ系）に出演。営業の合間時間に買った〝デカい物〟を明かした。 この日のゲストはアイドルグループ「Travis Japan」。仕事の合間時間の過ごし方について、外出するメンバーと楽屋にいるメンバーで分かれるという。 松田元太、松倉海斗、宮近海斗は、ガンガン外出するタイプなのだそう。松倉が「ちょっと合間があったら外食行こうよって言う」と、宮近も「近くにショッピングモールとかあったら『買い物しちゃおうぜ！』とか『カフェ行っちゃおうぜ』とか」とうなずいた。 芸人も合間時間の過ごし方は分かれるというが、岩井は外出するタイプ。ショッピングモールの営業では「間の時間で、ショッピングモールを見にいっちゃう」と明かした。 合間時間に、「まあまあデカい買い物」もしたことがあるという。「DJのコントローラー（を買った）」と明かした。石川県から持って帰ったそうで「いいのがあったら、そこで買わないと申し訳ないと思った」と購入の理由を説明した。 東スポWEB,[],[]
【ＭＬＢ】村上宗隆、千賀滉大出場試合でＷソックスファン同士が大乱闘＝米報道（東スポWEB）,https://news.yahoo.co.jp/articles/27e0fcbb3fea6f6f0fe45437b37e10f41323a7ef,https://newsatcl-pctr.c.yimg.jp/t/amd-img/20260824-00400575-tospoweb-000-1-view.jpg?exp=10800,2026-08-24T14:25:25+09:00,2026-08-24T14:25:25+09:00,東スポWEB,tospoweb,東スポWEB,752,サヨナラ弾を放ったピータースを迎えるチームメート（ロイター） チームの好成績に水を差しかねない――。村上宗隆内野手（26）が活躍を見せるホワイトソックスのファンが再び乱闘騒ぎを起こした。 23日（日本時間24日）、「ニューヨーク・ポスト」紙は「メッツ対ホワイトソックス戦で、ファンが2列上から飛び降りて他の観客を踏みつけるという乱闘騒ぎが発生」との記事を配信した。 メッツの新守護神・千賀滉大投手（33）にサヨナラ弾を浴びせ2―1でサヨナラ勝ちを収めた試合でホワイトソックスファン同士による乱闘騒ぎが起こった。17日（同18日）にリグレー・フィールドで行われたカブス―ホワイトソックスの「シカゴダービー」第1戦8回にも外野席で複数の両軍ファンによる乱闘が発生しており1週間で2回目だった。 今回も複数の動画がSNSに拡散された。記事は「シカゴの野球の試合でまた乱闘騒ぎが起きたが、先週の乱闘騒ぎがまるでお茶会のように思えるほどの大騒ぎだった。その騒ぎはスタンドのほぼ半分の区画に及んだ」と多くの観客を巻き込んだとした。 動画には集団同士による乱闘が映っていた。ファンの1人は2段上の席からジャンプし倒れていたファンの腹に着地した。大ケガにつながりかねない「2階からのフットスタンプ」に他のファンからは歓声が上がった。警備員がかけつけ何とか乱闘は収まったが、記事は「球場全体から大きなため息が聞こえ、観客はグラウンド上の試合から目をそらした」と伝えた。 ホワイトソックスファン同士がもめた原因は不明というが、女性や子供も近くにおり、チームにとっては大きなイメージダウン。シカゴダービーでは複数の逮捕者も出ていたという。村上の奮闘でア・リーグ中地区首位を走るだけに、ファンにも自重が必要だろう。 東スポWEB,[],[]
石原夏織　制服＆黄衣装ではじけるライブ！〝がおがおダンス〟にバズーカ弾も「また遊ぼうね！」（東スポWEB）,https://news.yahoo.co.jp/articles/682362f7a9c1ea60b40ddaeccc4c6d35d3038ec1,https://newsatcl-pctr.c.yimg.jp/t/amd-img/20260824-00400573-tospoweb-000-1-view.jpg?exp=10800,2026-08-24T14:20:26+09:00,2026-08-24T14:20:26+09:00,東スポWEB,tospoweb,東スポWEB,840,単独ライブを開催した石原夏織 声優でアーティストの石原夏織が23日、東京・北とぴあ さくらホールで単独ライブを開催。3月にリリースされた2ndEP「ASOVIVA！！！」を引っさげて行われた公演はまさに〝遊び場〟のようなカラフルな世界観と、遊び心にあふれた世界観でファンを熱狂させた。 【写真】セーラー服風の衣装で歌う石原夏織 カラフルな装飾と球体照明が彩るステージに客電が落とされると、サックスやトランペットを含むホーンセクションを従えたバンド編成が重厚な音を響かせる。セーラー服風の衣装で登場した石原ははじけるような笑顔を見せながら「We Can Do！！」。モータウンビートに乗せた軽快なステップとダンサーとの息の合ったパフォーマンスに、客席からは割れんばかりのクラップと歓声が沸き起こった。 中盤では、小悪魔的な〝がおがおダンス〟を盛り込んだ新曲「Yummy！Yummy！」など、多彩な楽曲を畳みかけるように披露。後半には赤い制服風衣装から鮮やかな黄色の新衣装へとチェンジ。本編終盤にはバズーカでサイン入りボールを客席に届けるサプライズ演出も敢行され、会場全体が一体となった「遊び場」と化した。 アンコールに応え、再登場した石原は「どの瞬間もうれしくて、楽しいものだなと思いながらステージに立たせてもらっています」と感謝。来年7月に初のハワイでのイベントを発表すると、さらに来年3月7日に東京・せたがやイーグレットホールでライブを開催することも発表し、ファンを歓喜させた。 石原は「いろんな私の楽曲にある楽しいを詰め込んでみましたが、楽しかったですか？ 私はこの瞬間を過ごせてうれしいなと思いました。もっともっとみんなといろんな未来を見られるように、もっともっと頑張っていきたいです。これからも一緒に歩んでくれるとうれしいです！」と笑顔で呼びかけ、最後に「またみんな遊ぼうね！ バイバイ」。最高の夏の思い出と、再会の約束を胸に刻み込み、ステージの幕を閉じた。 東スポWEB,[],[]
Travis Japan・松倉海斗「アホじゃないよってことを見せたい」発案企画が番組になったが…（東スポWEB）,https://news.yahoo.co.jp/articles/6a28359029c98019f9b82bc067aa8c4ab51a1b88,https://newsatcl-pctr.c.yimg.jp/t/amd-img/20260824-00400574-tospoweb-000-1-view.jpg?exp=10800,2026-08-24T14:10:25+09:00,2026-08-24T14:10:25+09:00,東スポWEB,tospoweb,東スポWEB,427,Travis Japan・松倉海斗 アイドルグループ「Travis Japan」の松倉海斗が、24日放送の「ぽかぽか」（フジテレビ系）に出演。今年の個人的重大ニュースを明かした。 松倉の個人的ニュースは、自分発案の企画が番組になったこと。経緯は、同局のバラエティー番組「千鳥の鬼レンチャン」に出演した際、アホキャラが定着してしまったことを受け「『アホじゃないよってことを見せたい』とずっと言ってたら、僕が発起人で番組が出来上がった」と説明した。 その番組は、同局のクイズ番組「クイズイケメンパラダイス」。松倉は「4週連続で特番やらせていただいた」と笑顔で振り返った。 しかし、メンバーの吉澤閑也は「（松倉は）全然ダメでした。物事を知らな過ぎて」とバッサリ。 松田元太も、松倉と出演した「鬼レンチャン」を振り返って、「（自分の）生き写しを見たかのようで、ショックを受けた」としみじみ。松倉きっかけで「だんだんちゃんとしたいと思った」と話した。 東スポWEB,[],[]
中国サッカー協会も調査　韓国側の「不適切接待の証拠なし」と声明　（東スポWEB）,https://news.yahoo.co.jp/articles/933c7e7ba48cc257171f24e942db96724d96d90b,https://newsatcl-pctr.c.yimg.jp/t/amd-img/20260824-00400571-tospoweb-000-1-view.jpg?exp=10800,2026-08-24T14:00:33+09:00,2026-08-24T14:00:33+09:00,東スポWEB,tospoweb,東スポWEB,384,中国サッカー協会会長の蔡振華氏（右＝ロイター） 中国サッカー協会は23日、SNSの公式アカウントで声明を発表。韓国協会により、外国人審判に対し不適切な接待が行われていたという一部報道について、否定した。 「一部のメディアが報じた、中国サッカー協会の関係者が韓国サッカー協会の『不適切な接待』を受けたという件について、中国サッカー協会は直ちに調査チームを立ち上げ、調査を開始した。調査チームの調査の結果、韓国サッカー協会が中国サッカー協会の関係者に『不適切な接待』を行ったことを示す証拠は見つからなかった」と述べた。また「中国サッカー協会は今後も事態の推移を注視し、今後新たな事実や手がかりが判明した場合は、改めて調査を行う」と続けた。 この騒動を巡っては日本協会も報道を受け、外部弁護士による調査、事実確認を行ったが「事実を確認できなかった」としている。 東スポWEB,[],[]
【ＭＬＢ】敵地ファンの捕球妨害でジャイアンツ選手が負傷退場「滑稽なほど不運な１年」＝米報道（東スポWEB）,https://news.yahoo.co.jp/articles/86f24ca90e522a4db162eb45a895ae3a57b1282b,https://newsatcl-pctr.c.yimg.jp/t/amd-img/20260824-00400568-tospoweb-000-1-view.jpg?exp=10800,2026-08-24T13:20:27+09:00,2026-08-24T13:20:27+09:00,東スポWEB,tospoweb,東スポWEB,756,客席から出されたグラブのせいで捕球できなかったビクター・ベリコト（ロイター） ナ・リーグ西地区の4位に低迷するジャイアンツが23日（日本時間24日）、敵地ボストンでのレッドソックス戦で相次ぐアクシデントに見舞われた末、4―5で敗れる散々な1日となった。 まずはウィリー・アダメス内野手（30）が初回の攻撃で二塁から全力疾走で本塁に生還した際、スライディングが引っ掛かる格好となり、ベースに触れた左ヒジを負傷。その後もプレーを続けたが、5回の守備から退き「MLB公式サイト」によると24日（同25日）に精密検査を受けることとなった。 悪夢はこれで終わらなかった。2点ビハインドの5回二死一塁の守備でビクター・ベリコト外野手（24）は左翼のファウルゾーンに打ち上がったフライの捕球に向かった。フェンウェイ・パークの左翼ファウルゾーンは左翼線と客席の間がほとんどない形状。ベリコトは走りながら落下点に入ってグラブを構えたが、客席のファンがグラウンド内にグラブを伸ばして捕ろうとしたため、一瞬だけボールの行方を見失って捕球できなかった。 しかも、フェンスとの激突を避けようと体をよじったベリコトは直後に右足首をひねって転倒。悶絶した後、痛々しく足を引きずりながらトレーナーを伴って自力でベンチに引き揚げたが、試合に戻ることはなかった。 米メディア「ラリー・ブラウン・スポーツ」は「スタンドにいたファン（レッドソックスのジャージーを着ていた）がボールを捕ろうとフィールドに手を伸ばしたため、ベリコトはキャッチできなかった」と断罪。「このプレーはファンの妨害と判定され、そのファンも間もなく退場させられたと報じられた。52勝77敗のジャイアンツにとって、滑稽なほど不運な1年となっている」と嘆き節で伝えている。 東スポWEB,[],[]
完結「マイ・フィクション」核心テーマ２つが回収　須藤夫妻の〝盛り〟トークと賢人パパの「キュウリ」問題（東スポWEB）,https://news.yahoo.co.jp/articles/103bf2882009745f4f3c47933ba03d9dbea7ad9b,https://newsatcl-pctr.c.yimg.jp/t/amd-img/20260824-00400567-tospoweb-000-1-view.jpg?exp=10800,2026-08-24T13:20:27+09:00,2026-08-24T13:20:27+09:00,東スポWEB,tospoweb,東スポWEB,1196,玉森裕太 23日の第8話で完結となったテレビ朝日系ドラマ「マイ・フィクション」のラストで、核心テーマに関わる言葉がさりげなく回収された。 どこか無機質な新興住宅街に住む主人公の介護士・伊川（玉森裕太）が突然、妻（宮澤エマ）を含む周囲の誰からも「知らない人」扱いされたことから〝自分探し〟が始まる。真相に迫った末に直面した恐ろしい現実。重罪犯を対象に記憶の消去と改ざんを行うプロジェクトが極秘裏に進められ、伊川はその施術担当の二宮なる人物が記憶改ざんされて生じた別人格であることが分かった。 最終話のラストはエピローグ。住宅街の新住民が、散歩がてら「どうも！」と周囲に声かけすることでおなじみの須藤夫妻から「分からないことがあったら何でも聞いてね」と言われる。日々の散歩について妻が「1万歩くらい」と言えば、夫は「実際にはだいたい6000歩」と訂正。すると妻は「それもう1万歩でいいでしょ」と話を盛ることを正当化した。 この夫婦トークはドラマの序盤にも見られた。歩数について夫が「7割増しはひどい」と言っても、「後で思い返した時に『あ～毎日6000歩歩いた』より『1万歩、歩いてたな～』の方がいいでしょ」と反論。それでも夫は「ウソのこと覚えてどうすんだよ」とツッコミを入れた。夫妻は散歩を口実に住民を監視するスパイとみられる。 犯罪者の記憶を普通の人のものに改ざんし、安全な人物として世間に戻す。二宮の施術は一般人にも及び、トラウマに悩む人から負の記憶をなくして穏やかさを取り戻させようとした。たとえウソでもより良い記憶を。まさに須藤夫妻の妻の主張であり、ドラマのタイトルにつながる核心的なテーマ。夫のツッコミできちんと疑問も呈している。 須藤夫妻のシーン後に二宮は、一時的に自分の息子となった少年・賢人が津村（野村周平）と由梨（森川葵）と一緒に歩くところを見かける。賢人が津村に「嫌いなもの多すぎ。キュウリも食べれない」と指摘し、津村は「キュウリは食べれるようになりました」と返す。「キュウリ」は物語のキーアイテムだった。 二宮を巡っては、由梨が「2年前に死んだ（とみられた）夫だ」と執ように訴え、二宮も受け入れて由梨の息子の賢人と同居する。それ以前、キュウリが嫌いな賢人はその理由に「パパはキュウリが嫌いだった」ことを挙げた。当時、二宮の記憶がなかった伊川はキュウリの入ったサンドイッチを手にしたりしていたが、やがて「キュウリ、ダメかも」と突然嘔吐する。自身が二宮であることを好き嫌いの変化が証明するシーンだった。 さらに、記憶改ざんされた津村が実は由梨の婚約者だったことが判明する。つまり二宮が見かけたのは、津村と由梨と賢人の親子3人の姿。「キュウリ」問答は、父と息子の〝絆〟を比喩したように映る。ドラマは多くの親子関係も描かれており、キュウリは核心テーマの象徴だと言える。 東スポWEB,[],[]
大竹しのぶ　明石家さんまと初孫の対面の様子明かす「赤ちゃん言葉で彼が『うんうん』ってしゃべって…」（東スポWEB）,https://news.yahoo.co.jp/articles/2d82bda315827d9928033703ce3ae076d7060811,https://newsatcl-pctr.c.yimg.jp/t/amd-img/20260824-00400564-tospoweb-000-1-view.jpg?exp=10800,2026-08-24T12:50:22+09:00,2026-08-24T12:50:22+09:00,東スポWEB,tospoweb,東スポWEB,568,大竹しのぶ 女優の大竹しのぶが24日、フジテレビ系「ノンストップ！」に出演。明石家さんまが初孫と対面したときの様子で驚いたことを明かした。 大竹は今年5月、自身のラジオ「大竹しのぶの“スピーカーズコーナー”」（NHK AM）で、長男の二千翔さんに第1子が生まれたことを報告。初孫の誕生を喜んでいた。 MCの「バナナマン」設楽統から「お孫さんはどうでしょう？」と問われると、大竹は「可愛いですね」と笑顔。二千翔さんについても「結婚して180度変わって。それまでは私と一緒に暮らしてて、ご飯ひとつ炊けなかった人間が、色んなお料理をして。私との生活はなんだったんだ」と母の目線で言及した。 出演者たちが気になるのは、大竹の元夫でタレントの明石家さんまの反応だ。 大竹は「すごく不思議なのは（孫が）ちょうど人見知りが始まったころ、私が抱っこすると『ママ、ママ』っていう感じだったんですけど。彼（さんま）がしゃべってる声とか表情に対してはすごい食いついて、体が前に行くような感じで。喃（なん）語で、赤ちゃん言葉で彼が『うんうん』ってしゃべって会話してました」とさんまと孫の様子を告白。 さんまにだけ笑顔を見せていたという孫の反応に「この人の波動っていうか。みんなを笑いに巻き込むっていうか。それはすごいんだなって思います」と語った。 東スポWEB,[],[]
【ドジャース】ラウアー中継ぎ転向で〝造反発言〟がフラッシュバック「快く思っていないかも」（東スポWEB）,https://news.yahoo.co.jp/articles/b4b8e65293d768c95819aec2c8fb2ec56052bd21,https://newsatcl-pctr.c.yimg.jp/t/amd-img/20260824-00400566-tospoweb-000-3-view.jpg?exp=10800,2026-08-24T12:45:28+09:00,2026-08-24T13:05:24+09:00,東スポWEB,tospoweb,東スポWEB,715,エリック・ラウアー（ロイター） ナ・リーグ西地区の首位を独走するドジャースが、ワールドシリーズの3連覇に向けて着々と態勢を整えている。 23日（日本時間24日）のパイレーツ戦はスネルの6回無失点の力投でチームは4―0で6連勝。左腕は復帰後の3試合で2勝を挙げ、腰痛の影響で5月から戦列を離れていたグラスノーも25日（同26日）のブレーブス戦で復帰する予定となっている。大谷も早ければ9月上旬に実戦のマウンドに戻る見通しで、ドジャースの先発陣は充実の一途となっている。 そうした中でこの日、ロバーツ監督が先発からリリーフへの配置替えを明言したのがエリック・ラウアー投手（31）。左腕はスネルとグラスノーが離脱した非常事態で5月にブルージェイズから加入し、ローテーションの柱の一人として7勝をマークしてきた。この措置に米メディア「ドジャース・ネーション」は「本人はあまり快く思っていないかもしれない」とちょっとした懸念を伝えた。 というのも、ブルージェイズ時代にオープナーが登板した後、ロングリリーフの形で登板することについて「率直に言って大嫌いだ」と発言。これが首脳陣に対する〝造反〟とみなされて独り歩きし、騒動に発展した経緯があったからだ。もっとも、ラウアーは先発投手が持つ心理の一般論を述べたものだとし、ドジャース移籍後に「先発投手に聞けば、ほとんど同じ答えが返ってくるだろう。『好きではない』と。だからと言って僕がやる気がないという意味ではない」と〝釈明〟している。 今後は本音を言えば望ましくない立場でチームを支えていくことになりそうだが、新天地でも似た境遇となり、当時の強烈な発言もフラッシュバックしている。 東スポWEB,[],[]
大森元貴　ミセスの〝公式鍵アカ〟開設を発表「公式鍵アカなるものがアルバムに向けて爆誕」（東スポWEB）,https://news.yahoo.co.jp/articles/b7de930598bf742f0adc5251ce703bca98cc7fd8,https://newsatcl-pctr.c.yimg.jp/t/amd-img/20260824-00400565-tospoweb-000-2-view.jpg?exp=10800,2026-08-24T12:35:24+09:00,2026-08-24T12:40:26+09:00,東スポWEB,tospoweb,東スポWEB,515,Mrs.GREEN APPLEの大森元貴 「Mrs．GREEN APPLE」の大森元貴が24日「X」（旧ツイッター）を更新。6枚目のアルバムが発売される9月30日に向け、異例の〝公式鍵アカ〟を開設したことを発表した。 これは収録楽曲の情報をのぞき見できるというもので、ネタバレを避けたいファンに対してはフォローしないよう呼びかけている。 大森は自身のアカウントで「どうせ偽アカが出てくると思うので、先に言っておきます」とした上で、Xとインスタグラムの鍵アカのURLを添付し「これ以外の鍵アカは偽物になるので皆さんご注意を。ちなみに私はホンモノです」と投稿。 続けて「収録楽曲が解禁となりました。フルアルバム、ついに。目前。タイトルは9/9に解禁します］と明かした上で「そして公式鍵アカなるものがアルバムに向けて爆誕しました。なんやねん公式鍵アカて」とつづった。 さらに「従来の解禁の仕方を好む方、なるべく先入観持たずに楽しみたい！って方も勿論いると思うのでフォローするかどうかはお任せします」と呼びかけている。 この鍵アカは、本日午後10時以降は非公開になる。また翌日からは午後9時～10時のみに公開するとしている。 東スポWEB,[],[]
【巨人】山崎伊織が電撃抹消へ　村田善コーチ「ベストな状態からはちょっと遠そうだと」（東スポWEB）,https://news.yahoo.co.jp/articles/acfb12aad3b9bc6ae3788077ca471c17b522fc8a,https://newsatcl-pctr.c.yimg.jp/t/amd-img/20260824-00400563-tospoweb-000-2-view.jpg?exp=10800,2026-08-24T12:20:28+09:00,2026-08-24T18:55:24+09:00,東スポWEB,tospoweb,東スポWEB,728,山崎伊織 巨人の山崎伊織投手（27）が上半身のコンディション不良により一軍登録を抹消されることが24日に分かった。 山崎は右肩のコンディション不良により開幕に出遅れると、7月14日のヤクルト戦（神宮）で今季初の一軍初先発マウンド。6回途中3失点に終わるも、翌週の同21日の広島戦（東京ドーム）では6回途中2失点の好投で待望の今季初勝利を挙げていた。 一方で8月11日の阪神戦（東京ドーム）では6回途中6失点と今季ワーストの結果となると、前回登板のDeNA戦（横浜＝18日）では6回3失点。今季はここまで5試合に先発し1勝1敗の防御率4・91としていた。 この日にジャイアンツ球場で取材に応じた村田善コーチは「今日抹消することになりました。一生懸命調整はしてくれたんですけど、昨日もブルペンに入れなかったりして。聞いたら少しコンディションのところでという話だったので。そこはちょっといい形でマウンドに上がってほしいので止めました」と本人も納得した上で登録抹消に至ったことを告白。 さらには「前回もあれだけ投げられているので、本人の中では決定的なことではないと思うんですけど。やっぱりこの世界ではだましだましできることと、しっかり不安を取り除いてマウンドに上がるべき場所はあると思いますので。彼も経験してきた中でベストな状態からはちょっと遠そうだという判断もあった」と右腕の状態を説明した。 今後は故障班に合流し、再調整を行う予定。「試合数は少なくなりましたけど、そのあとも戦うことを前提に考えれば先があるので、いい状態でマウンドに上がれることを目指してもらおう」（同コーチ）と、シーズン最終盤、さらにはCS、日本シリーズに向けての復帰を願った。 東スポWEB,[],[]
【ドジャース】ロバーツ監督がグラスノー復帰で先発陣に自信　「そして翔平が並ぶかも」（東スポWEB）,https://news.yahoo.co.jp/articles/a4f277d32282adb2dc1457de1b08aef6c252a895,https://newsatcl-pctr.c.yimg.jp/t/amd-img/20260824-00400562-tospoweb-000-1-view.jpg?exp=10800,2026-08-24T11:55:24+09:00,2026-08-24T11:55:24+09:00,東スポWEB,tospoweb,東スポWEB,794,デーブ・ロバーツ監督（ロイター） ドジャースは23日（日本時間24日）に本拠地ロサンゼルスでのパイレーツ戦に4―0で勝ち、連勝を6に伸ばし、80勝に到達した。先発したブレイク・スネル投手（33）が6回を2安打無失点、6三振4四死球と好投し、2勝目（1敗）を挙げた。左ヒジの遊離体除去手術から11日（同12日）に復帰後、2勝無敗、防御率1・00だ。 試合後、ロバーツ監督は「投手陣が良く投げている。ブレイクがスクバル登板に続いてしっかり試合をつくり、勝つチャンスを与えてくれたのはよかった」と笑顔だ。 25日（同26日）の敵地ブレーブス戦で腰のけいれんのため離脱していたグラスノーが復帰予定だ。 「そうだね。タイラーが戻ってくるのも楽しみだ。本人も競争することを恋しく感じていたと思う。健康を取り戻し、球数を増やすために懸命に取り組んできて、ようやく試合に参加できる。ブレーブスとの楽しいシリーズになるだろうし、タイラーが再び加わるのは大きい」 左ヒザの炎症で7月3日（同4日）以降、登板を回避していた大谷翔平は22日（同23日）に実戦形式のライブBPに登板し、9月上旬にもマウンド復帰予定だ。ワールドシリーズ3連覇へ向けて先発投手陣がそろってきた。 「本当に楽しみだよ。どの試合でも先発投手が勝つチャンスをつくってくれると感じられるのは、我々にとって大きい。その一方で、以前にも使った言葉だけど、相手打線にとってはかなり手ごわいと思う。今後の先発予定を見て、グラスノー、山本、スネル、佐々木、そして場合によっては翔平が並んでいるわけだからね。相手にとっては圧倒されるような顔ぶれだ」 8月のトレード期限直前にタイガースから左腕スクバルを獲得。今季11勝のロブレスキ、5月の移籍後、11試合に先発して7勝1敗の左腕ラウアーも救援に回る。ポストシーズンに向け、無敵の先発投手陣だ。 青池奈津子,[],[]
「ＶＩＶＡＮＴ」　ラグビー日本代表にエール？　東条がジャージー着用・監督は慶大の日本一メンバー（東スポWEB）,https://news.yahoo.co.jp/articles/dc4f3fc0357abc8304c2747320ecd9cbbc9d5c1b,https://newsatcl-pctr.c.yimg.jp/t/amd-img/20260824-00400560-tospoweb-000-1-view.jpg?exp=10800,2026-08-24T11:35:23+09:00,2026-08-24T11:35:23+09:00,東スポWEB,tospoweb,東スポWEB,1060,ＶＩＶＡＮＴに出演する堺雅人 23日のTBS系日曜劇場「VIVANT」第15話で、ラグビー日本代表のジャージー（風シャツ？）が大写しとなるカットがあり、視聴者の好奇心を誘った。折しも日本代表はテストマッチの連戦中で、9月にも3試合が予定されている。 第11話から始まった同ドラマの続編では、主人公・乃木（堺雅人）の仲間である別班員5人が拉致されたことが目下最大の問題となっている。別班情報が外部組織に売られた可能性があり、盟友の警視庁公安刑事・野崎（阿部寛）の裏切り疑惑が持ち上がる。野崎に協力した疑いのある同庁サイバー犯罪対策課の東条（濱田岳）は、逃亡先で乃木に捕まり、拷問聴取を受けた。 聴取の中で東条は野崎とのやり取りを回想。依頼を断ると、野崎に服をつかまれ、脅された。その時東条が着ていたのが赤白のラグビー日本代表ジャージー。右胸に桜のエンブレム、左にカンタベリーのロゴ。一瞬、画面を覆い尽くした。桜にちなんで日本代表チームには「ブレイブ・ブロッサムズ」の愛称がある。その後、東条の自室場面でも飾られていたジャージーが映った。 X（旧ツイッター）には、「あれラグビーのユニ？」「東条はラグビーファンなの？？」といった疑問や「必ずCanterburyのラグビーポロ着てる」との指摘、さらには「VIVANTシーズン1放送した2023年はラグビーワールドカップあったからかな？」との考察も寄せられた。 濱田はラグビー経験者で、「VIVANT」の福澤克雄監督が演出陣の1人だった19年の日曜劇場「ノーサイド・ゲーム」に出演している。 日本代表は今夏、W杯に次ぐ国際大会として新設されたネーションズ選手権で主要国イタリアを破り、1勝2敗。オーストラリアとのホーム＆アウェー戦では、花園で3点差の惜敗だったが、遠征した次戦は17―56の大敗を喫した。9月にはパシフィック・ネーションズ杯など3試合。10月のフィジー戦、11月にネーションズ選手権の後半戦4試合が控えている。 そんなチームにエールを送るかのようなジャージーのアップショット。福澤監督は山越姓だった慶大時代、背番号5のロックとして活躍した選手だった。慶大は86年1月、大学選手権決勝で明大と引き分けて両校優勝となり、抽選で進出した日本選手権でトヨタ自動車を破って日本の頂点に立った。「ノーサイド・ゲーム」や23年版「VIVANT」が放送された当時のTBSテレビ社長・佐々木卓氏は元早大のSH。ラグビーとの様々な縁がドラマにも反映しているかのようだ。 東スポWEB,[],[]
ＧＡＣＫＴ　二階堂ふみからの差し入れで日本語の難しさを痛感「丁寧すぎる気遣いは…」（東スポWEB）,https://news.yahoo.co.jp/articles/8907f01afa04b81520567f1cfa5e244738dd85a3,https://newsatcl-pctr.c.yimg.jp/t/amd-img/20260824-00400557-tospoweb-000-1-view.jpg?exp=10800,2026-08-24T11:15:30+09:00,2026-08-24T11:15:30+09:00,東スポWEB,tospoweb,東スポWEB,840,ＧＡＣＫＴ ミュージシャンのGACKTが24日「X」（旧ツイッター）を更新。日本語の難しさを痛感したエピソードを披露した。 現在、フジテレビ系ドラマ「ブラックトリック～裁きを操る弁護人～」で主演しているGACKTは「二階堂ふみちゃんから、ドラマ【ブラックトリック】の現場に差し入れが届いた」と明かした。 二階堂からの差し入れは、GACKTの大好物の桃だったといい「ふみちゃん、マジで嬉しかった、ありがとー！」と感謝の気持ちをつづり「テーブルに並べられた桃は、見るからに美味そうだ」と投稿。 ところが、1時間経っても誰もこの桃に手を付けないことに不思議に思ったGACKTは「『え？まさか、そんなにマズいのか？』 いや、そんなはずはない」と想い」つつ「二階堂ふみに限って…。ひとつ食べてみた。すこぶる美味い！」とその美味しさに驚いたという。 すると「じゃあ、なぜ誰も食べない？」との疑問が浮かび「しばらく眺めていて、ようやく答えが分かった。桃の横に置かれた張り紙」とした。 控室に貼られた張り紙には「二階堂ふみさんよりGACKTさんスタッフの皆さんへ」と書かれていた。 この張り紙についてGACKTは「現場では、誰からの差し入れなのかが分かるように、制作スタッフが毎回こうして張り紙を書いてくれるのだが。この日のスタッフも、きっと丁寧に書いたつもりだったんだろう。だが、一見すると普通の張り紙に見えるだろ？ ところが、現場にいたほとんどの現場スタッフは、『GACKTのスタッフしか食べちゃいけないのか…』と受け取っていた」と分析。 ドラマの制作スタッフや他の出演者はGACKTの関係者以外食べてはいけない…と受け取っていたようで「一人のスタッフが気を使いすぎた結果、誰も手をつけられない桃が完成した」と指摘し「日本語って難しい。丁寧すぎる気遣いは、時に人を桃から遠ざける」とつづっている。 GACKTと二階堂は映画「翔んで埼玉」でダブル主演を務めているなど、親交がある。 東スポWEB,[],[]
【ＭＬＢ】〝最強野球一家〟のボビー・ウィット　家訓「野球選手と付き合うな」でも…姉３人全員結婚（東スポWEB）,https://news.yahoo.co.jp/articles/a38b8e4f468b5851c4cb01d57f3e04be47f35a8c,https://newsatcl-pctr.c.yimg.jp/t/amd-img/20260824-00400532-tospoweb-000-1-view.jpg?exp=10800,2026-08-24T11:15:30+09:00,2026-08-24T11:15:30+09:00,東スポWEB,tospoweb,東スポWEB,1703,ロイヤルズの看板選手、ボビー・ウィットJr.（ロイター） 【元局アナ青池奈津子のメジャー通信】「筋金入りの野球一家出身」ランキングなるものがあったら、ボビー・ウィットはきっと球界トップ3だ。なんせ父は大リーグで16年間活躍したボビー・ウィットであるだけでなく、末っ子であるボビーの姉3人が全員、プロ野球選手と結婚したからだ。 【写真】ボビー・ウィットの義兄に当たる元西武の投手のザック・ニール 「うちの母は、おそらく誰よりも多く野球の試合を見てきたんじゃないかな。父の試合を見て、僕の試合を見て、義理の兄たちの試合にも行っている。考えると結構おかしいよね」。そう笑いながらボビーは「姉たちへの父の教えは『野球選手とは絶対に付き合うな。遠征ばかりで生活はクレイジーだから』だったんだけどね」と、ウィット家の鉄板ネタになっていると教えてくれた。 長女ニッキさんの夫ジェームズ・ラッセルの父も元大リーガーのジェフ・ラッセル。父ウィットとレンジャーズでともにプレーし、引退後は2人とも同じ街で暮らしており、そもそも父親同士の縁が2人を結びつけたのかもしれない。 次女も三女も、ボビーが高校1年時にすでに野球推薦で進学を決めていた両親の母校オクラホマ大学へ進み、同大に通っていたザック・ニール（のちに西武でプレー）、コーディー・トーマス（のちにオリックスでプレー）とそれぞれ縁を結んだ。夫2人もメジャーデビューしているから、血は争えないというか、野球一家の引力というか、お見事である。 そんな家族の愛情と野球の知恵を一身に受けた末っ子が、今や球界を代表するスターに育ったのは偶然ではない気がしてしまう。 父にはいつも「テキサスでお前が休んでいる間にも、カリフォルニアには一生懸命練習している子がいる。フロリダにもいるし、ドミニカ共和国にもいる。世界のどこかで必ず誰かが努力している。だから、ほかの人より少しだけ多く努力し、しっかり準備しなさい」と言い聞かされた。母や姉たちも父にならって、同じようにボビーを叱咤激励したらしい。元来シャイで心配性だった性格がうまく呼応して「みんなをガックリさせたくない」と、むしろ人知れず努力するのが好きな少年だったという。 「お父さんが元大リーガーってどんな感じ？」と聞くと「僕のチートシート（カンニングペーパー）って呼んでいるよ」とニンマリ。父のウィットは引退後、野球環境に身は置きつつ家族のそばにいられる仕事をしたいと、代理人に転身した。幼い頃のボビーの練習相手を務め、現在はボビーの代理人も務める。 「毎試合後、父へ電話して、試合について話すんだ。今でもだよ。投手として長く大リーグでプレーし、打撃もやっていたからね。父の存在はものすごく大きい」 ボビーは高校時代、試合中に観客から「オーバーレイテッド（過大評価）！」などとヤジを飛ばされるくらい当時からかなり注目されていた。「それも楽しかった」と目を細める。 「注目されることは、自分を奮い立たせ、前へ進ませてくれる、もっと成長したいと思わせてくれる要素。昨日はヒストリー（過ぎたこと）。今日は（英語で）〝プレゼント（現在）〟。だから〝プレゼント（贈り物）〟なんだよ。今日という日にまたグラウンドへ出て、結果を残す機会がある。それは贈り物だ」 メジャーに上がる前から、脚光を力に変える術を身につけていたボビーは「1つの球団でキャリアをまっとうする」という夢を託し、3年目を迎える前にロイヤルズと11年契約を結んだ。 ちなみに、ボビーが高校で出会い、2024年オフに結婚した妻マギーさんも高校、大学とソフトボール選手。ほら、これを筋金入りでないなら何と呼ぶ。 ☆ボビー・ウィット 2000年6月14日生まれ、テキサス州出身。19年のMLBドラフト1巡目（全体2位）でロイヤルズから指名されて入団。22年4月にメジャーデビュー。1年目から20本塁打、30盗塁で「20－20」を達成。23年からは2年連続で「30－30」をクリア。不動の遊撃手となり、24年から2年連続でゴールドグラブ賞を獲得。185センチ、91キロ。 青池奈津子,[],[]
【ソフトバンク】16歳で来日…今季３年目のアルモンテが胸に刻む亡き父の言葉「元気をもらえる」（東スポWEB）,https://news.yahoo.co.jp/articles/d71c7616da54b8bee6cbedffdd24619f0207085e,https://newsatcl-pctr.c.yimg.jp/t/amd-img/20260824-00400518-tospoweb-000-1-view.jpg?exp=10800,2026-08-24T11:15:30+09:00,2026-08-24T11:15:30+09:00,東スポWEB,tospoweb,東スポWEB,1718,インタビューに応じるソフトバンク・アルモンテ 16歳という若さで来日し、筑後で着実にステップを踏んでいる育成外国人選手がいる。それがデービッド・アルモンテ内野手（18）だ。2023年12月にホークスと契約を交わした大型内野手は3年目の今年、二軍戦デビュー。パワフルな打撃を中心に存在感は増してきている。異国の地で奮闘する裏には、胸に刻む亡き父の言葉があった。 【写真】豪快な打撃も魅力のソフトバンク・アルモンテ ──今年は二軍戦で初安打も記録。持ち味である打撃の意識 アルモンテ 基本的には芯で強くコンタクトすること、センターから右方向を中心に強く打っていくことを意識しています。ホームランを打っていきたいと思っているけど、試合ではコンタクトも意識している。 ──好きな野球選手はいるか アルモンテ マニー・マチャド（パドレス）とマニー・ラミレス（元レッドソックスなど）。マチャドに憧れているので、好きなポジションも三塁です。将来的にはそういう選手になっていきたい。 ──5人兄弟の長男。野球を始めたのは何歳 アルモンテ 4歳です。父がもともと野球をやっていて、それでクラブチームにも入れてもらった。その頃は日本に来るとかは考えてなかったけど、契約を勝ち取ってメジャーリーグでプレイして殿堂入りするような選手に絶対なるんだと思ってました。 ──16歳で家族のもとを離れての異国の地でのプレー。家族の言葉で印象的なものはあるか アルモンテ 子どもの頃、父からよく「ニーニョグランデ」と言われていて、父も幼少期にそう呼ばれていたと（※日本語で「偉大な、大きな子供」という意味）。父は自分が9、10歳の頃に亡くなってしまったんですけど、父からはいつも「アルモンテにはプロ野球選手になってほしい」と言われていた。その言葉を聞くと父のことを思い出して元気をもらえるような感覚になる。頑張れます。 ──そんな中で日本に来る決断をした。中南米担当スカウトの萩原氏からはどんな言葉をかけられたか アルモンテ 萩原さんにはずっとドミニカ共和国で見てもらってて、こうやって日本に来る機会をいただいて感謝してます。「すごくいいバッターだから自信を持ってどんどんやってください。日本でも絶対活躍できるから」と言ってもらった。 ──今年で来日3年目。異国の文化で意識していることは アルモンテ 文化も野球ももっと学んでいく必要がある。全く文化が違うので全部が全部、同じものを取り入れる必要はなくても、理解することがすごく大事だなと。知ることがすごく大事。文化も野球も、もっと知っていきたい。 ──ホークスの外国人育成選手の礎を築いたのがリバン・モイネロ投手。どんな話をするか アルモンテ いろんなことを話している。野球については技術的な面よりも気持ちの面。「集中して自分のことを信じて、やっていることを信じて続けていっていったほうがいいよ」と。 ──今年で19歳。今までは年上の選手ばかりだったが、今年は同い年のモレノ選手も入団した。どんな存在か アルモンテ モレノは友達でもあるし、チームメイトとしても試合の中でも「モレノが塁に出たらホームに返してやるから任せろ」とか、そういうコミュニケーションを取っている。すごくいい存在。多分、今まで取材される機会も多くなかったので、取材では結構恥ずかしがるけど、カメラがない時は結構しゃべったり、やんちゃな一面もあります。 ──改めて目標を教えてください アルモンテ まずは支配下登録を勝ち取って、一軍に上がって定着する。そのあとはスーパースターになって（後々は）殿堂入りするような選手を目指していきたい。 ☆デービッド・アルモンテ 2007年12月2日生まれ ドミニカ共和国出身。右投げ右打ち、内野手。背番号175。身長185センチ、体重82キロ。MLB球団からの誘いもあったが、23年12月にホークスと契約。25年には三軍韓国遠征で本塁打を量産するなどインパクトを残した。今季は二軍戦デビューを果たし5試合で打率3割8厘を記録。非公式戦では58試合で打率2割9分5厘、3本塁打、34打点（8月23日時点）。 松岡直生,[],[]
【ドジャース】大谷翔平 二盗成功も無安打　ＭＶＰレースでＰＣＡとの差広がる 投手復帰は決め手にならず（東スポWEB）,https://news.yahoo.co.jp/articles/516449adb27db4b6b082ad73a62eda789c1d2c01,https://newsatcl-pctr.c.yimg.jp/t/amd-img/20260824-00400556-tospoweb-000-1-view.jpg?exp=10800,2026-08-24T11:05:24+09:00,2026-08-24T11:05:24+09:00,東スポWEB,tospoweb,東スポWEB,1093,大谷翔平（ロイター） ドジャースの大谷翔平投手（32）は23日（日本時間24日）に本拠地ロサンゼルスでのパイレーツ戦に「1番・DH」で先発出場し、3打数無安打、1得点、1盗塁だった。打率2割8分8厘。チームは4―0で勝って6連勝とした。 初回先頭で右腕バカーに2球で追い込まれるもファウル5球で粘って四球で出塁。ロバーツ監督は「素晴らしかった。試合の流れをつくる打席になった」と評価した。続くフリーマンの初球にスタートを切って二盗に成功した。今季9個目だ。フリーマンの中前打で三塁に進むとベッツの遊ゴロ併殺打の間に先制のホームを踏んだ。 3回先頭は2番手の右腕ムジンスキの内角低めのスプリットに空振り三振。3―0の4回二死一、三塁は真ん中のフォーシームにバットを合わせたが痛烈な打球は遊ゴロだった。7回先頭は3番手の右腕カーティスの真ん中高めのカーブを逆方向へ打ち上げるも平凡な左飛だった。 徹底マークされており、甘いボールはほとんどないが、3打席目と4打席目は絶好調時なら柵越えしていただろう。 試合前にロバーツ監督は25日（同26日）から敵地アトランタで行われるブレーブスと3連戦中にブルペン投球を行うことを明かし、「その後はもう一度実戦形式でなげるか試合で投げることになるだろう」との見通しを語った。SNSには「これは大きい」「MVPだ」などの喜びの声が目立ったが、5回を投げるならともかく、オープナーや2イニング程度では大きなプラスにならないだろう。 その上、投手復帰に比重を置いているためか、ナ・リーグMVP争いのライバルであるカブスのPCAことピート・クローアームストロング外野手（24）と〝差〟は開くばかりだ。この日のマリナーズ戦でPCAは6回に遊撃適時内野安打、7回に33号2ランを放った。 これでPCAは打率2割8分1厘、33本塁打、83打点、OPS0・938とし、大谷は打率こそ2割8分8厘で上回っているものの、30本塁打、80打点、OPS0・934でリードを許している。試合前の時点で直近のMVP投票で重視される勝利貢献度を示すfWARはPCAが8・5で大谷は7・1だった。差は開くだろう。 カブスファンはSNSで「シーズン終了時にWARは3以上、上回っているだろう」「10WARは間違いない」「マイク・トラウトの史上最高を上回るペースだ」と歓喜している。 ドジャース、カブスとも残り31試合、どんな展開になるか予想できないが、オープナーで投手復帰で即、PCAを逆転とはならない。アーチを量産しない限り、4年連続5度目のMVP受賞は厳しくなってきた。 東スポWEB,[],[]
山下美夢有が完全優勝で米ツアー４勝目　虫が多くても「それもゴルフ。楽しんだ」（東スポWEB）,https://news.yahoo.co.jp/articles/1f947ea520ed1c867f4973270b568218641c585e,https://newsatcl-pctr.c.yimg.jp/t/amd-img/20260824-00400555-tospoweb-000-1-view.jpg?exp=10800,2026-08-24T10:55:24+09:00,2026-08-24T10:55:24+09:00,東スポWEB,tospoweb,東スポWEB,604,完全優勝で今季２勝目の山下美夢有（ロイター） 米女子ゴルフツアー「CPKC女子オープン」最終日（23日＝日本時間24日、カナダ・ロイヤルメイフェアGC＝パー70）、単独首位から出た山下美夢有（25＝花王）が6バーディー、2ボギーの66と伸ばし、通算23アンダーで初日から首位を譲らぬ完全優勝で今季2勝目、米ツアー4勝目を挙げた。2位の吉田優利（エプソン）に9打差を付ける圧勝だった。 後続に6打差を付けて最終日を迎えた山下は2番でバンカーに入れながら2打目を沈めバーディーを奪った。4番でボギーとなるが、5番で取り返すと、7、8番で連続バーディーで勢いに乗った。後半も12番パー5をバーディー。14番で一つ落としたが最終18番でバーディーで締めた。 吉田にシャンパンシャワーで祝福された山下は、中継局のインタビューに「緊張感のある1日のラウンドでしたが、いいラウンドで最後バーディーで締め、取れたので良かったですし、4日間いいラウンドできたので良かった」と笑顔。連覇を目指したが予選落ちとなった「AIG全英女子オープン」の後、帰国し練習したことを明かし「2週間日本帰ってしっかり調整もしたし、自信にもなりましたし、まだまだこれからも頑張っていきたいと思う」と力を込めた。 また、虫が多かったことを問われると「虫が多かったですけど、でもそれもゴルフなので楽しんで回れたと思います」と笑顔を見せた。 東スポWEB,[],[]
【ＭＬＢ】千賀滉大　９回にサヨナラ被弾「守護神の連投テストに失敗」＝米メディア（東スポWEB）,https://news.yahoo.co.jp/articles/d384cc79ead7b2b01ac02ccebd8735a79e140787,https://newsatcl-pctr.c.yimg.jp/t/amd-img/20260824-00400552-tospoweb-000-1-view.jpg?exp=10800,2026-08-24T10:45:31+09:00,2026-08-24T10:45:31+09:00,東スポWEB,tospoweb,東スポWEB,772,痛恨のサヨナラ弾を浴びた千賀滉大（ロイター） メッツの千賀滉大投手（33）は23日（日本時間24日）に敵地シカゴでのホワイトソックス戦で1―1の9回に4番手で登板し、痛恨のサヨナラ弾を浴びた。これを受け、米スポーツサイト「クラッチ・ポインツ」は「メッツの千賀滉大はホワイトソックスにサヨナラ本塁打を許し、テストに失敗した」と報じた。 【動画】ホワイトソックスにサヨナラ弾を許した千賀 メジャー移籍後初の連投となった千賀はピーターズに外角の96マイル（約154・5キロ）のフォーシームを捉えられ、中越えに運ばれた。サヨナラ被弾にマウンドでぼう然とするしかなかった。 地元放送局「SNY」のインタビューに千賀は「1球で負けるというところ、あらためてそいういうポジションなんだと思った。そういう風に終わるところで投げているんだとあらためて感じました」と話した。 同サイトはMLB公式サイトのアンソニー・ディコモ記者のX（旧ツイッター）を紹介した。 「メッツは本日午後、千賀滉大をテストした。クローザーとしてはよくあることだが、2日連続登板は彼のキャリアで初めてのことだった。結果はサヨナラ本塁打だった」 開幕から7戦6敗だった千賀は6月28日（同29日）にメジャー復帰すると救援に配置転換された。10日（同11日）のブレーブス戦から守護神で起用され、メジャー初セーブを挙げると4試合連続でセーブをマーク。22日（同23日）のホワイトソックス戦は5点差の9回に登板し、1回を1安打1四球で無失点でチームの勝利に貢献していた。守護神6戦目で初の救援失敗だ。 初の連投がナイターからデーゲームは酷だったが、無失点に抑えていれば守護神〝合格〟だった。同サイトは「いずれにせよ、千賀は次の試合でニューヨークのために挽回したいところだ」とまとめた。 東スポWEB,[],[]
人気に便乗？　ＮＨＫ「あさイチ」で〝Ｔ乾パロディー〟　Ｔシャツの悩み特集（東スポWEB）,https://news.yahoo.co.jp/articles/78a6e8ac8091669c9a1fceebeb305350b4a0b0e6,https://newsatcl-pctr.c.yimg.jp/t/amd-img/20260824-00400551-tospoweb-000-2-view.jpg?exp=10800,2026-08-24T10:30:33+09:00,2026-08-24T10:55:24+09:00,東スポWEB,tospoweb,東スポWEB,667,「あさイチ」に出演中の博多華丸(左)と博多大吉 24日のNHK「あさイチ」でTシャツにまつわる悩みへの対策が企画特集され、人気のTBS系ドラマ「Tシャツが乾くまで」を思わせる言葉や音楽が流れた。 夏の甲子園が終わり、生放送再開となった「あさイチ」。朝ドラ「風、薫る」に出演した磯山さやか、横澤夏子をゲストに招いたが「受け」はなく、特集へ。冒頭にスピッツ「見知らぬ糸」のしっとりしたイントロとともに、白Tシャツを着る女性の映像が映った。同曲は「Tシャツが乾くまで」の主題歌で、映像の女性がいる部屋のつくりも同ドラマのセットに似た感じだった。 ナレーションで、首元の伸びや変色などTシャツあるある問題が紹介され、「Tシャツがよれるまで」「Tシャツが似合うまで」「ジメッとしたTシャツの悩みをカラっと乾燥させるまで」とドラマのタイトルをパロディー化したようなフレーズが次々と発せられた。 映像では、ドラマの主人公・咲子（蒼井優）と夫（松山ケンイチ）にちなんだエピソードとして登場する〝乾燥器のフィルター掃除〟までご丁寧に描かれた。ドラマは視聴率ひと桁ながら、第6話（14日）の無料配信再生回数が放送後1週間で400万を超えたと人気ぶりが話題になった。 「あさイチ」では博多華丸＆大吉と鈴木奈穂子アナウンサーのキャスター陣はTシャツ着用。Xでは「かなりT乾意識してる」「ヒットドラマに乗っかってやりたい放題いいと思います」「T乾いじりすぎ」「久々のあさイチ T乾に乗っかってるんじゃないわよ」などとさまざまな受け止めが広がった。 東スポWEB,[],[]
上田綺世が冷静にＰＫ決める、２試合連続の今季２点目　渡辺剛とともに後半途中まで出場（東スポWEB）,https://news.yahoo.co.jp/articles/77ed8bcecb7d2fa41188742cda9272a00ce82cf6,https://newsatcl-pctr.c.yimg.jp/t/amd-img/20260824-00400546-tospoweb-000-1-view.jpg?exp=10800,2026-08-24T09:00:33+09:00,2026-08-24T09:00:33+09:00,東スポWEB,tospoweb,東スポWEB,268,上田綺世 オランダ1部フェイエノールトの日本代表FW上田綺世（27）は23日、敵地のカンブール戦に先発出場。3―0で迎えた前半アディショナルタイムにPKのキッカーを務め、右足で冷静にゴール右に決めた。これで2試合連続となる今季2点目。同僚の同DF渡辺剛も先発出場し、ともに後22分までプレーした。試合は5―2で勝利した。 【動画】冷静にPKを決めた上田綺世 この試合では前半にフェイエノールトのサポーター席から発煙筒や花火が放たれ、試合が30分以上中断。「ESPN」オランダ版によると、カンブールのファンら5人が負傷した。 東スポWEB,[],[]
イメチェンのハーランド 開幕戦ゴールなし…短髪姿にオアシスのノエルら仰天（東スポWEB）,https://news.yahoo.co.jp/articles/08751fe07f3a5ecfe19ed2e9eac2eea84e084c5d,https://newsatcl-pctr.c.yimg.jp/t/amd-img/20260824-00400547-tospoweb-000-1-view.jpg?exp=10800,2026-08-24T08:50:24+09:00,2026-08-24T08:50:24+09:00,東スポWEB,tospoweb,東スポWEB,485,ボーンマス戦に先発出場したハーランド（ロイター） 北中米W杯でノルウェー代表を8強へ導くなど大活躍したFWアーリング・ハーランド（26＝マンチェスター・シティー）のイメチェンに周囲は仰天だ。 【画像＆動画】ハーランドの新たな髪型 ハーランドは23日、トレードマークだった長髪をバッサリとカット。丸刈りに近い超短髪の姿に変身した。自身のユーチューブチャンネルでは、カット中の姿を公開。ビデオ電話で会話したオアシスのノエル・ギャラガーは「うそだろ！」と仰天。「17歳ぐらいに見える。変化はいいことだ」と続けた。また長髪の大先輩、元スウェーデン代表FWズラタン・イブラヒモビッチ氏も画面越しの姿に「なんてこった、俺の電話番号を消してくれ」とショックを受けるなど、大物を次々と驚かせていた。 パートナーのイザベル・ヨハンセンさんは「かわいい」とひと言。ハーランドが冗談めかして不服そうな表情を見せると「強そうに見えるわ！」とフォローしていた。 ハーランドは23日のプレミアリーグ開幕戦・ボーンマス戦にニューヘアで先発出場。無得点だったが、チームは2―1で勝利した。 東スポWEB,[],[]
【ＭＬＢ】菊池雄星　５回５失点で４敗目　背信投球にファンの批判殺到「もううんざり」「損切りして」（東スポWEB）,https://news.yahoo.co.jp/articles/900c0012223cfeb7043ed76ea01bf27996f82c39,https://newsatcl-pctr.c.yimg.jp/t/amd-img/20260824-00400545-tospoweb-000-2-view.jpg?exp=10800,2026-08-24T08:25:23+09:00,2026-08-24T10:25:23+09:00,東スポWEB,tospoweb,東スポWEB,861,４敗目を喫した菊池雄星（ロイター） エンゼルスの菊池雄星投手（35）は23日（日本時間24日）に敵地アーリントンでのレンジャーズ戦に先発し、5回を2被弾を含む7安打5失点、4三振2四死球で4敗目を喫した。打者23人に89球で、最速97・3マイル（約156・6キロ）を記録。防御率6・25。チームは3―5で敗れた。 116日ぶりに先発マウンドに上がった。初回は1四球を与えたものの、14球で無失点で終えた。しかし、2回先頭デュランに内角低めのスライダーを左中間に運ばれ、1点先制された。一死後、7月末に移籍するまでチームメートだったオハピーに外角低めのスライダーを左前に運ばれ、続くフリーマンに真ん中低めのボール球のスライダーを左中間に運ばれて適時三塁打。さらにディアスに中犠飛を打たれ、3点目を失った。 3回は先頭シーガーに中前打されるも併殺打と一ゴロで無失点。4回も先頭デュランに死球を与えるも後続を抑えて得点を許さなかった。 5回は先頭ディアスに内角低めのスプリットを捉えられ、左中間2階席へ特大弾。一死後、連続短長打で一死二、三塁とされるとニモの中堅犠飛で5点目を失った。この回限りで降板となった。 菊池は左肩炎症で4月30日に負傷者リスト入り。7月30日（同31日）の傘下マイナー1Aで復帰するも1イニング3被弾で6失点。マイナーで4試合に登板して12回2/3で24失点（自責点22）で防御率15・63だった。 今季初勝利どころか、今後が不安視される内容に、SNS上でも批判が殺到した。 「菊池雄星にはもううんざりだ」「（マイナーで）19歳のガキどもにボコボコにされてたんだぞ。ローテーションの雰囲気全体を台無しにした」「2ストライクからのミスが多すぎた」「哀れな」「損切りして彼を切り捨てるか何かしよう」「なぜ彼が今日先発だったのか全く理解できない」 24年オフに3年総額6300万ドル（約100億円）の契約を結んでおり、契約は1年残っている。今季中に批判を歓声に変える投球を見せることができるか。 東スポWEB,[],[]
【ソフトバンク】〝難敵〟出現でＶロード足踏み…試練のビジター８試合で待つ「２つの壁」（東スポWEB）,https://news.yahoo.co.jp/articles/981e0987b3928c2e8ac27da9e3b0e92b84db337a,https://newsatcl-pctr.c.yimg.jp/t/amd-img/20260824-00400530-tospoweb-000-2-view.jpg?exp=10800,2026-08-24T06:15:32+09:00,2026-08-24T06:50:25+09:00,東スポWEB,tospoweb,東スポWEB,859,オリックス戦連勝とはいかなかったソフトバンク・小久保監督(中) ソフトバンクは23日のオリックス戦（みずほペイペイ）に0―3で敗れ、2か月ぶりとなる零封負けを喫した。2位の西武が勝利し、優勝マジックは「24」のまま足踏みとなった。 【写真】ソフトバンク打線に立ちはだかったオリックスの〝難敵〟 左腕の前に屈した。相手先発は、今季ホークス戦初登板の曽谷。試合前時点での防御率は4点台だったが、直球とキレのあるスライダーのコンビネーションに翻弄された。先頭打者を一度も出塁させられず、放った安打は2本のみ。12球団最多の543得点を叩き出している鷹打線でも攻略は難しく、小久保裕紀監督（54）も「今日は打てる球があんまりなかった。二塁も踏めなかった」と脱帽するしかなかった。 これでチームは3カード連続の勝ち越しなし。その前まで破竹の9カード連続で勝ち越してきたことを考えれば、現状はややペースダウンともいえる。25日からはZOZOマリン、京セラドーム、エスコンフィールドと8戦連続で敵地の〝ビジターロード〟が待ち受ける。移動日も考慮すれば「完全休養日」は来月7日までなく、疲労もたまるシーズン終盤のヤマ場となりそうだ。 加えて、2カード目の相手であるオリックス戦には2つの「壁」がある。まずは相手の「本拠地での強さ」だ。今季、ホームゲームで勝率6割6分7厘を誇るオリックス。ホークスもここまで2勝4敗と負け越しているだけに、相手の〝内弁慶〟をはね返せるかが鍵となる。 2つ目はこの日、相対した曽谷と再び対戦する可能性があることだ。この日は左腕が苦手とする右打者を並べたものの攻略とはならず、首脳陣は「いろいろ対策を考えながらやるしかない」と語った。それでも左腕の「いい状態」での球の軌道などを確認できたのはプラス要素。白星を積み重ねる上でも嫌なイメージは消したいところだ。 シーズンは残り31試合で西武とは5・5ゲーム差。首位の座は安泰ながらビジターでの連戦を乗り越えて、リーグ3連覇へ歩みを進められるか――。 松岡直生,[],[]
【Ｆ１】角田裕毅〝最優秀ドライバー投票〟５位躍進で人気と実力証明「７％ありがとう」（東スポWEB）,https://news.yahoo.co.jp/articles/beccb5f4dd3c46489f3deaab90cb250e68747a1a,https://newsatcl-pctr.c.yimg.jp/t/amd-img/20260824-00400544-tospoweb-000-1-view.jpg?exp=10800,2026-08-24T06:15:32+09:00,2026-08-24T06:15:32+09:00,東スポWEB,tospoweb,東スポWEB,1194,オランダGPで11位ながらインパクトを残した角田裕毅（ロイター） F1レーシングブルズから緊急で今季初出場した角田裕毅（26）が、23日に行われたオランダ・グランプリ（GP）決勝で11位に終わり、あと一歩入賞に届かなかった。それでも世界中のファンが電撃復帰した角田の人気と実力を高く評価した。 【写真】オランダを疾走した角田裕毅のマシン レッドブルのアイザック・ハジャールが手首の負傷で欠場となった影響で、姉妹チームのレーシングブルズから電撃出走が決まった角田は、前日の予選では好内容で12番手につける。すると、この日の決勝では自慢の〝ロケットスタート〟がさく裂し、いきなり順位を上げた。直後にマックス・フェルスタッペン（レッドブル）がクラッシュしてレースは赤旗中断となったが、乱戦ムードの中でも角田は百戦錬磨の経験を生かして冷静な走りを披露する。 29周目には最大の見せ場が。元同僚で親交の深いピエール・ガスリー（アルピーヌ）と激しいバトルを展開し、最後は攻めの姿勢を貫いて豪快にオーバーテイク。F1公式の実況は大絶叫で角田のドライビングをたたえるなど、強烈な爪あとを残した。 一時は入賞圏内を走行するも、終盤にペースがダウンして苦しい展開に。今度はガスリーに追い抜かれ、新型ホンダエンジン（パワーユニット）を投入したアストンマーティンのフェルナンド・アロンソにも屈するなど惜しくも11位で入賞にはあと一歩届かなかった。 それでも、角田の走りは世界を感動させた。F1公式SNSが発表したこの日の最優秀ドライバーを選出する「ドライバー・オブ・ザ・デー（DOD）」で驚愕の結果が。優勝したランド・ノリス（マクラーレン）が順当に最多得票19％を獲得したのに続き、2位はアストンマーティンの逆襲劇をけん引したフェルナンド・アロンソが18％を獲得した。 さらに3位はレースで4位に食い込んだルイス・ハミルトン（フェラーリ）が13％、4位はタイトル争いを独走してこの日2位だったキミ・アントネッリ（メルセデス）、そして5位に角田が7％を獲得して食い込んだのだ。今季初出走、しかも入賞を逃した立場でトップ5入りするのは異例。世界的に人気と実力が高く評価されていることを浮き彫りにする結果となった。 この発表に対してファンからは「ユウキ7％ありがとう」「今週末、最も印象的なドライバーは角田だった」と賛辞が続出。ベトナムのファンからは「裕毅くんのあのオーバーテイクまじでえぐすぎ！！ ピエールくんをきれいに抜いた瞬間、鳥肌立ったよ！ 今季復帰してからの走り、どんどん良くなってるし、これからも全力で応援するね！ 次も熱いバトル見せてくれ～」と激アツのエールも送られている。 F1界ではいまだスターとして健在の角田。次戦イタリアGP（決勝9月6日）では、再びチャンスが与えられるのか注目だ。 東スポWEB,[],[]
【ノア】征矢学　Ｎ－１制覇＆内藤哲也狩りへ怪気炎「しっかりベルトを磨いとけだぜ！」（東スポWEB）,https://news.yahoo.co.jp/articles/a0e61ff781c9e38a94006cb7a5eb6f95aca1ed46,https://newsatcl-pctr.c.yimg.jp/t/amd-img/20260824-00400543-tospoweb-000-1-view.jpg?exp=10800,2026-08-24T06:15:32+09:00,2026-08-24T06:15:32+09:00,東スポWEB,tospoweb,東スポWEB,796,GHCタッグ王者・情熱MAXの征矢学(左)と、GHC王者の内藤哲也 情熱的な2冠王になるだぜ！ ノア23日の川崎大会でV2に成功したGHCタッグ王者の征矢学（41）が、情熱を燃え上がらせた。 【写真】試合後のバックステージも「情熱MAX」すぎる征矢学と飯野雄貴 征矢はこの日「情熱MAX」のパートナー・飯野雄貴とともに防衛戦に臨み、Yoshiki Inamura（稲村愛輝）、藤田和之組を迎え撃った。超重量級4人による試合はド迫力の肉弾戦となったが、最後は情熱的なコンビネーションで流れをつかむ。征矢が稲村に弾道（ラリアート）を叩き込み、飯野が情熱クラッチで押さえ込んで3カウントを奪った。 試合後、2人は9月12日に東京・後楽園ホール大会で開幕するシングルのリーグ戦「N－1 VICTORY 2026」に向け闘志。Bブロックにエントリーされた征矢は、Aブロックの飯野と「決勝で会うってことだぜ！」と誓い合った。 さらに征矢は、N－1に向けて「タッグのチャンピオンとして責任が重大だぜ。シングルのリーグ戦だろうと、タッグチャンピオンの気持ちは絶対忘れないだぜ！」と意気込む。王者にふさわしい戦いを魅せるべく、早くも情熱がMAXだ。 一方で今年のN－1はGHCヘビー級の内藤哲也と、同ナショナルの丸藤正道の両シングル王者が不出場で賛否を呼んでいる。だが、征矢は「過去をさかのぼっていくと、大体は（シングル王者は）出てないんだぜ。それに丸藤正道に関しては、チャンピオンじゃなくても出なかったこともあるだぜ。出ないヤツは出ないだぜ。だから気にしないだぜ」と意に介さず。 その上で「ヤスリかワックスか分からないけど、しっかりベルトを磨いとけだぜ。俺が2冠になるためにだぜ！」とN－1を制覇して内藤からの王座奪取を予告した。 このまま征矢は、方舟の頂点にたどり着けるのか。カギを握るのは情熱だ。 前田聡,[],[]
【東京女子】鈴芽　悲願のプリンセスカップ制覇！打倒・荒井優希へ「私も張り合えるところまで来てる」（東スポWEB）,https://news.yahoo.co.jp/articles/3e27af813fe8bc55aa4e853bb19a0a08377579eb,https://newsatcl-pctr.c.yimg.jp/t/amd-img/20260824-00400542-tospoweb-000-1-view.jpg?exp=10800,2026-08-24T06:15:32+09:00,2026-08-24T06:15:32+09:00,東スポWEB,tospoweb,東スポWEB,706,決勝で辰巳リカを下し「東京プリンセスカップ」初制覇となった鈴芽 東京女子プロレスでインターナショナル・プリンセス王者の鈴芽（27）が、悲願達成の胸中を明かした。 【写真】プリンセス王者・荒井優希と火花を散らす鈴芽 シングルトーナメント「第13回東京プリンセスカップ」決勝戦（23日、後楽園）では辰巳リカと激突。ドラゴン殺法に苦しめられたが、執念のスプリング・リング・ア・ベルで辰巳を沈め、優勝を果たした。 取材に応じた鈴芽は、勝因を「この1年、インターナショナルのベルトを巻いて、タイトルマッチや海外での試合を経験して、心臓がめちゃめちゃ強くなった」と分析。ベルトとともに成長を実感していたという。 また、試合後のマイクでは「夢は何歳から見たっていいし、何個持ったっていいって、東京女子が教えてくれました」と涙を浮かべながら語った。自身の幼少期を「習い事もたくさんして『バレーボール選手になりたい！』とかはあった。けど、どうせできないって諦めちゃって…」と振り返る。高校時代に進路を決める段階でも、上京の夢を伝えられず、地元の工場に就職した。 しかし、東京女子に出会ったことで一変したという。「（退職を伝えた時も）快く送り出してくれて、いい会社でした。今日の私を見たら『ビッグになったな』って思うかな」と思いをはせた。 トーナメントを制覇した鈴芽は、次の目標も見据えている。10月3日大田区大会では、荒井優希が持つプリンセス・オブ・プリンセス王座への挑戦が決定した。「荒井は心が強いヤツですけど、私もその強さに張り合えるところまで来てる」と胸を張った。夏を制したスズメバチの勢いは、まだまだ続きそうだ。 小松睦実,[],[]
【スターダム】吏南 10代で5★STARを制圧！　木村花さんの技に込めた思い「追いついたなんて全く思わない」（東スポWEB）,https://news.yahoo.co.jp/articles/7cc2560208473066e46b2c3a2484fdac84017daa,https://newsatcl-pctr.c.yimg.jp/t/amd-img/20260824-00400541-tospoweb-000-1-view.jpg?exp=10800,2026-08-24T06:15:32+09:00,2026-08-24T06:15:32+09:00,東スポWEB,tospoweb,東スポWEB,1143,優勝トロフィーを手に、笑顔の吏南 女子プロレス「スターダム」の夏の祭典「5★STAR GP 2026」は23日の両国大会で優勝決定戦が行われ、吏南がスターライト・キッドとの激闘を制し、初優勝を飾った。19歳8か月での制覇は史上最年少。勝負を確実にしたのは、師匠にあたる故木村花さんから受け継いだ技だった。真夏の新女王が秘めていた思いとは――。 【写真】大一番でも木村花さんから受け継いだ技・タイガーリリーを繰り出した吏南 吏南は27分3秒にわたるキッドとの大激戦をタイガーリリー（ミサイルキック＆パッケージドライバー）からのPink♡Devilで制し、真夏の女王となった。 試合後には「史上最年少、まだ早いって言ってくるヤツはいるかもしれないけど、私からしたらやっとだよ」と小学生デビューゆえに、キャリア8年目となった栄冠に胸をなで下ろす。「今スターダムでトップだと勘違いしてあぐらかいてるヤツら、これが現実だよ。これからもどんどん面白いもの見せてってやるから楽しみにしとけ！」と宣言した。 大一番で試合の決定打となったタイガーリリーは、吏南の師匠であり、2020年5月に急死した花さんの技だ。2人はかつて花さんが結成したユニット「TOKYO・CYBER・SQUAD（TCS）」で共闘。吏南は花さんにコスチューム、技を寄せた〝ミニ花〟として活躍していた。 「自分のファイトスタイルは花さんから受け継いだもの。そのまま卒業することなく、自然と自分というレスラーを確立してきたので…。5★STARだけじゃなく、いつも（花さん）背負ってるし、戦ってます」と明かす。 TCS元メンバー、小波との決勝トーナメント2回戦でもタイガーリリーをフィニッシュに選んだが「ここでやらなきゃいつやるんだって。（花さんは）お手本のような存在だったので、ちゃんと超えられるような存在になりたいなって、このシリーズを通して思いました」と振り返った。 花さんは19年大会の5★STAR覇者だが「追いついたなんて全く思わないですね。私の中で花さんが本当に偉大だったので…。いつか思えればいいなって思います」と遠い背中を見つめている。「もし花さんが見てくれてたらか…。なんて言ってくれるんだろう。笑いながら『えー、すごいじゃん！ 成長したね～』って軽い感じで喜んでくれるんじゃないですか」と笑顔で心を寄せた。 吏南は「ここまでたどり着いたのは自分なので、決勝の最後は自分の技で（3カウントを）取ったんですけど、花さんから教えてもらったプロレスがベースっていうのは変わらない」と言い切る。今後の目標については「いったん今日は余韻に浸って、あさってぐらいから考えます」。若きヒロインが大輪の〝花〟を真夏に咲かせた。 長友誉幸,[],[]
横川尚隆は立ち向かえるのか…中東の怪物ナセル〝究極の血管の浮き出し〟「伝説的だ」（東スポWEB）,https://news.yahoo.co.jp/articles/ffacdec2ddf5bd2b4c2badf1e559d95f3c88d1c5,https://newsatcl-pctr.c.yimg.jp/t/amd-img/20260824-00400539-tospoweb-000-1-view.jpg?exp=10800,2026-08-24T06:15:32+09:00,2026-08-24T06:15:32+09:00,東スポWEB,tospoweb,東スポWEB,650,頂上決戦の「オリンピア」出場を控える横川尚隆 日本最強ボディビルダーの横川尚隆（32）が悲願の世界一を果たすためには、驚がくの筋肉美を誇る中東の怪物に打ち勝たなければならない。 【画像】浮き出る血管がすごすぎる〝中東の怪物〟ナセルの肉体 横川は2日に開催された「ALLOUT Presents ZeniX Japan Pro（ジャパンプロ）」（千葉・市原市市民会館）ボディービル212ポンドクラスでプロ初戦に臨み、圧倒的な筋肉量と世界基準のバランスを見せつけて優勝を果たした。 この勝利で世界最高峰の舞台「ミスター・オリンピア」（9月、米ラスベガス）への出場権を獲得し、いよいよ日本人未到の頂点を目指す横川。ラスベガス決戦では世界中から猛者が集結するが、評価が急上昇しているのがクウェート代表として出場する〝中東の怪物〟ナセルだ。 多くの国際大会で表彰台常連のナセルは全体のボリュームもさることながら、各部位の筋肉で血管の浮き出し方が超常現象レベル。極限までキレ味を出した造形美は、審査の上で大きなアピール材料となる。 自身のインスタグラムでは、自慢のパンパンに膨れ上がった筋肉美を披露しており、アラビア語圏のファンからは「幸運を、レジェンド」「神の祝福がありますように、私の兄弟、クウェートの誇り」などと期待の声が上がっている。筋肉の血管が浮かび上がった画像にも「伝説的」などと賛辞が相次いでいる。 横川はナセルを上回るほどの筋肉美を出せるのか。頂上決戦までの仕上がりに期待がかかる。 東スポWEB,[],[]
Ｊ１浦和のＧＫ西川周作　語った守備の問題点…開幕３試合11失点は「受け入れがたい」（東スポWEB）,https://news.yahoo.co.jp/articles/a6b97e55ac9d7e22eca166ba7d308f8444197076,https://newsatcl-pctr.c.yimg.jp/t/amd-img/20260824-00400537-tospoweb-000-1-view.jpg?exp=10800,2026-08-24T06:15:32+09:00,2026-08-24T06:15:32+09:00,東スポWEB,tospoweb,東スポWEB,548,最後方からチームを鼓舞するＪ１浦和のＧＫ西川周作 明治安田J1リーグ第3節（23日）、浦和は町田戦（MUFG国立）に1―3で敗れ、2002年以来となる開幕3連敗となった。 大ベテラン40歳の元日本代表GK西川周作は「結果は受け入れがたいものがある。このサッカーは覚悟を持ってやらなければいけないと感じる」と厳しい表情。開幕3試合で計11失点と守備崩壊が止まらない中、改善点を挙げた。 「前線からプレスを狙っているので、ロングボールで相手のFWに起点をつくられると後ろ向きの守備になってしまう。そこでどれだけ前とボランチ（守備的MF）が戻れるか。前線の強度はみんな良いので、戻ってきて疲れている中でも体を張るのはやらないといけないところ」 さらに、自陣ゴール前でディフェンスラインが下がりすぎてしまう点も修正が必要との認識だ。「少し下がった時の押し上げという点でメリハリがない。自分にもスペースを与えてもらうことが守りやすさにつながる」 苦しいスタートにはなったが、下を向くわけにはいかない。この試練を乗り越えるべく「ブレてしまうのが一番良くない。今後強い姿を見せるための糧だと思って、自分も一つひとつのプレーにこだわりながら、どうしたらよかったかを常に考えてやっていきたい」と力を込めた。 吉田翼,[],[]
Ｊ１横浜Ｍの16歳・三井寺眞　ＧＫブランコも成長サポートへ「重要なのは年齢ではなく成熟度」（東スポWEB）,https://news.yahoo.co.jp/articles/0992a97f9e988d1ad3c38577bca7b7665ff1f4ee,https://newsatcl-pctr.c.yimg.jp/t/amd-img/20260824-00400536-tospoweb-000-1-view.jpg?exp=10800,2026-08-24T06:15:32+09:00,2026-08-24T06:15:32+09:00,東スポWEB,tospoweb,東スポWEB,730,横浜Ｍの新星ＭＦ三井寺眞 J1横浜Mのスペイン人GKルベン・ブランコ（31）が、開幕3試合で2得点と活躍する16歳のMF三井寺眞の〝伸びしろ〟に言及した。三井寺は先発した22日の神戸戦（日産）の前半8分に豪快なボレーシュートで先制点。開幕戦に続く今季2点目は、決勝点となった。 【写真】横浜Mのゴールを任されているGKブランコ 早くも主力の風格漂う16歳について新加入したブランコは「三井寺は非常に若いが、すでに頭角を現している素晴らしい選手。若いのに全ての球際で戦う姿勢を見せていて、大人っぽく見える」と太鼓判。スペイン1部で通算121試合に出場してきた中で、若手ホープとプレーした経験も多く、説得力が伴う。 今後のさらなる飛躍の鍵には精神面を挙げる。「今のスペイン代表の若手選手はメンタルが強くて『なんでもできる』みたいな考え方を持っている。そこがどれだけ成長できるのか、どう成長していくのか自分も楽しみにしている」と期待を口にした。 一方で周囲の過熱ぶりに対しては、警鐘を鳴らす。「重要なのは年齢ではなく成熟度。その意味で日本とスペインに大きな違いはない。若い選手にチャンスを与えることと同じくらい、焦らないことが重要。余計なプレッシャーをかけないことが大事だし、そこからなじんでくれば、もっと結果を出してくると思う」と熱弁した。 若き才能を守ろうとする言葉の裏には、温かい親心がにじむ。「サッカーは簡単ではなく、思い通りいかないこともある。だからこそ、彼にはいろいろな経験をしてほしいし、のびのびとプレーしながら楽しんでほしい。自分たちベテランはしっかりそれを支えたい」。 異国からやってきた新守護神は、逸材を全力でバックアップしていく構えだ。 吉田翼,[],[]
Ｊ１浦和　大量失点で開幕３連敗…ＤＦ宮本優太「勝てていないから焦りにつながっている」（東スポWEB）,https://news.yahoo.co.jp/articles/3b0a8b5a90de38dd1962f15f81c6c62ae1ab5c01,https://newsatcl-pctr.c.yimg.jp/t/amd-img/20260824-00400533-tospoweb-000-1-view.jpg?exp=10800,2026-08-24T06:15:32+09:00,2026-08-24T06:15:32+09:00,東スポWEB,tospoweb,東スポWEB,758,敗戦し引きあげる曺貴裁監督ら浦和イレブン J1浦和は23日、明治安田J1リーグ第3節町田戦（MUFG国立）を1―3で敗れ、開幕3連敗となった。 チームは開始8分で失点を許し、前半アディショナルタイムにMF渡辺凌磨のシュートで追いつくも、後半は守備陣の隙を突かれ、2失点を許した。この日の試合でキャプテンマークを巻いたDF宮本優太（26）は「勝てていないから不安になったり、このままじゃまずいという気持ちが、焦りにつながってしまっているのかなと思う」とチームの現状を分析した。 連敗を受けて、試合後はサポーターから激しいブーイングを浴びた。しかし、宮本はその後、サポーターと話し込む様子も見られた。宮本は「コールリーダーの方と話をさせてもらった。頑張っているのはわかっているし、だけど勝たなきゃいけない。とりあえず勝ってくれと。そうしないと、これまでつかみかけているゴール裏のサポーターも、またいなくなる現実も見えるぞっていうことは言葉にしてもらった」と明かした。 宮本は「本当にその通りだと思う。それが僕はプレッシャーだと思わないし、そういう世界だと僕は思っている」と受け止めた。 チームは今季から曺貴裁監督の新体制で挑んでいる。今後の試合も「もちろん勝たなければいけないが、勝ち急ぐ形になってしまうと、（自陣に）戻っていても相手に打たれてしまったり、決められるようなゴールを決めれなかったり、そういうことにも、どんどんつながってきてしまうと思う」と慎重に語った。 26日には天皇杯2回戦で山梨学院大との対戦を控えており、主将は「それ（次戦）を良いきっかけにするではないが、もっとチームのみんなで同じ方向を向いて、やっていかなければいけない」と次戦を見据える。今季公式戦初勝利で暗雲脱却の糸口をつかめるか。 坪井美波,[],[]
【甲子園】横浜・織田翔希も沈めた智弁和歌山に流れていた〝野村ＩＤ野球〟「100％直球が来る」（東スポWEB）,https://news.yahoo.co.jp/articles/86917c5a82de594cbe25c600d4984a38191c4cb2,https://newsatcl-pctr.c.yimg.jp/t/amd-img/20260824-00400531-tospoweb-000-1-view.jpg?exp=10800,2026-08-24T06:15:32+09:00,2026-08-24T06:15:32+09:00,東スポWEB,tospoweb,東スポWEB,1205,横浜・織田（右）から本塁打を放った智弁和歌山・楠本 第108回全国高校野球選手権大会は智弁和歌山による5年ぶり4度目の優勝で幕を閉じた。自慢の強打で頂点まで駆け上がった。大一番となったのは大会屈指の好投手・織田翔希（3年）を擁する横浜（神奈川）との準決勝だった。最速157キロの〝巨象〟をも猛攻で沈めた背景には、きめ細やかな「野村ID野球」が隠されていた。 今大会の主役は間違いなくMLBも注目する織田だった。V候補対決となった沖縄尚学との初戦でリリーフ登板し、甲子園最速の156キロをマーク。無死満塁のピンチを切り抜ける離れ業で甲子園を揺らした。 横浜の優勢が伝えられた中、智弁和歌山は20日の準決勝で3回途中までに8安打、4得点の猛攻を浴びせて織田を攻略。難関を突破すると決勝では豊富な投手力を誇る健大高崎（群馬）も制してみせた。 高校生離れした異次元の剛腕を一発勝負で沈めた裏には、名将・野村克也氏（故人）に通じる緻密な計算が働いていた。元阪神の中谷監督は野村氏の下でプレーし、ID野球を学んできた。 データに基づいて投手心理、打者心理を読み、カウントの性質を捉える「野村の考え」。普段から関連書物を選手に読ませ、意識を植え付けてきた。打者のスタイルは4つに分類され、Aは直球を待ちながら変化球に対応する天才型、Bはストライクゾーンのコースを狙うタイプ、Cが打球方向を見るタイプ、Dがヤマ張りタイプ。それぞれが自分のタイプを把握してデータと照らし合わせて対応する。 織田の152キロの直球を右翼席に叩き込んだ楠本（3年）は「ずっとデータ班が分析してくれて、2ボール、ノーストライクは100％真っすぐが来るというのが頭に入っていた。自分のタイプも分かっているし、相手のことも分かっている。それができた」と胸を張っていた。 データでは織田の初球の4割がスライダーかカットボール。直球が1球も来ないケースもあり、変化球主体の攻め方は中谷監督の読み通りだった。ある選手は「データ通りに常に落ち着いて試合に臨めた」という。 最初は「こんな野球があるのか」「プロのようだ」と目が点になったというが、2番・荒井（3年）は「データと映像をかけ合わせてイメージしている。実際に楠本も2ボールからの1球を張った。野村さんのいうこと、監督の言うことを頭に入れてできた」と今では〝野村ノート〟が選手の教科書のようになっている。 守備にも生かされ、三塁手の黒川（3年）は「相手選手を見ても打者のタイプが分かるので、守備のポジショニングにも役に立っている。僕だとどういう打者がセーフティーをやってくるとか、チャージをかけるとか。キチンとみんな分かっていれば常勝軍団がつくれる。野村さんも感謝です」と手応えを口にした。 織田を沈め、全国制覇を成し遂げた智弁和歌山はまさに頭脳とパワーを兼ね備えたコンプリート集団といえそうだ。 西山俊彦,[],[]
【日本ハム】復調気配の有原航平　エースの座を取り戻すカギは〝未勝利〟鷹と獅子の攻略（東スポWEB）,https://news.yahoo.co.jp/articles/4667aabe745724064bc138ea837de75b2c8f1de9,https://newsatcl-pctr.c.yimg.jp/t/amd-img/20260824-00400527-tospoweb-000-1-view.jpg?exp=10800,2026-08-24T06:15:32+09:00,2026-08-24T06:15:32+09:00,東スポWEB,tospoweb,東スポWEB,854,日本ハム・有原航平 日本ハムは23日のロッテ戦（ZOZOマリン）に2―3で競り負け、2位・西武と3ゲーム差に広がった。 先発した有原航平投手（34）は6回3失点の粘投ながら7敗目（5勝）同点に追いついてもらった直後の6回に二死一、二塁から小川に決勝打を許し「抑えるべき場面で粘れなかった。（相手に）先に点も取られたので」と唇をかみ締めた。新庄監督も「ゲームをつくってくれた」と評しつつ「あそこの小川君をグッと抑えてほしかったね」と注文も忘れなかった。 2020年以来、6シーズンぶりに日本ハムに復帰した有原は本来の実力を発揮し始めていた。開幕から黒星が先行し、6試合で1勝5敗。5月末から1か月以上も二軍で調整する苦しい序盤を過ごした。 だが、夏場に入った7月から復調気配を見せると、8月は2日のロッテ戦（エスコン）から16日のオリックス戦（京セラ）まで2試合連続完封勝利を含む3連勝。最近ではチーム周辺でも「もう有原は今季前半戦のようなことはない」という声が多数を占め、2年連続のパ・リーグ最多勝右腕への期待と信頼が高まりつつある。 しかし、チームのエース的な立場を取り戻すためにはやるべき「課題」がある。それがリーグ上位に君臨するソフトバンクと西武から白星を奪うことだ。 有原がここまでマークしている5勝はすべてリーグ下位に沈むオリックス、ロッテ、楽天から挙げたもの。ソフトバンク、西武と対戦した3試合には全敗している。対戦相手は個人で選択できない戦略的な面もあるが、チーム関係者やファンは上位チームを倒してこそ高い評価を下すもの。マウンドに送り出されているのも、勝てる信頼と計算があるからこそで確固たる地位を取り戻すためにも上位討伐は避けて通れない。 このまま中6日のローテーションを続ければ有原は来月13日に敵地で西武と対戦する。首脳陣がローテを再編すれば、9月に計5試合を残すソフトバンク戦の登板も浮上する。いずれにせよ、有原個人にとってもチームにとっても鷹狩りと獅子狩りは不可欠だ。 東スポWEB,[],[]
高橋成美「りくりゅう婚約特需」狙うＴＶ各局が争奪戦　年末年始に向けて超絶スケジュール必至！（東スポWEB）,https://news.yahoo.co.jp/articles/10d1ff492ec60dca460b498377633dfd1e259556,https://newsatcl-pctr.c.yimg.jp/t/amd-img/20260824-00400523-tospoweb-000-3-view.jpg?exp=10800,2026-08-24T05:15:29+09:00,2026-08-24T17:30:34+09:00,東スポWEB,tospoweb,東スポWEB,1505,元フィギュア五輪代表選手の高橋成美 フィギュアスケートペアでミラノ・コルティナ五輪金メダルの〝りくりゅう〟こと三浦璃来さん、木原龍一さんが23日、SNSを通じて婚約を発表した。このおめでたいニュースによって、ますます仕事が増えそうなのがタレント・高橋成美だ。かつて木原とペアを組んで五輪出場の経験もある高橋は今年、タレントとしても大ブレーク。そのため年末年始特番では、バラエティー、スポーツ番組による大争奪戦が展開されそうだ。 【貴重画像】12年前、木原龍一とペア時代の高橋成美 高橋は2014年のソチ五輪フィギュアスケート・ペアに出場したが、その時に組んでいたのが木原さんだった。さらに今年のミラノ五輪ではフィギュアの解説を担当。〝りくりゅう〟がショートプログラム5位から大逆転して金メダルを獲得したフリーの演技で「すごい、すご～い！」と連呼した解説も大きな話題となった。 そんな縁もある〝りくりゅう〟の婚約に、高橋は23日、TBS系の情報番組「サンデー・ジャポン」で、爆笑問題の田中裕二が読み上げる形で次のようなコメントを送った。「ご婚約おめでとうございます。これからもずーっとずーっと応援しています。最強にステキなペア、2人だったらどんな壁も乗り越えられると信じています。新しい道をどんどん開拓していく2人の姿をこれからもとても楽しみにしています。うれしいご報告ありがとうございます」 五輪の金メダルという偉業に加えて婚約というおめでたい話題で、〝りくりゅう〟はすっかり〝今年の顔〟だ。テレビ局関係者は「年末年始のスポーツ特番に〝りくりゅう〟が引っ張りだこになるのは間違いない。そうなると、高橋さんにも多くの共演オファーが届くでしょう。〝りくりゅう〟のこともよく知っている上に、テレビ慣れしている高橋さんが一緒に出てくれれば、これほど心強いことはないから」と指摘する。 だが、そう簡単にはいかない事情もある。というのも今年、高橋はタレントとして大ブレーク。「元フィギュア選手」という枠を超え、タレントとしてバラエティー番組に出まくっているのだ。 ニホンモニターが発表する「2026上半期ブレイクタレント」によると、テレビ番組出演本数が昨年同時期の16本から123本にジャンプアップ。107本増で堂々の1位になった。ちなみに2位は2018年平昌五輪スピードスケート女子2冠の高木菜那（110本）、3位は「M－1グランプリ2025」で優勝したたくろう（88本）。そんなそうそうたる面々を抑えて高橋はトップに君臨したのだ。 しかも、このランキングの数字以上に高橋はブレークしているとの見方もある。 「このランキングはキー局5局とNHKの、関東で放送される番組の出演本数でカウントされるが、高橋は所属が松竹芸能ということもあり、関西ローカルの番組にも多く出演している。そっちはカウントされていないから、驚異的な忙しさですよ」（同） また、7月からは名古屋ローカルのスポーツ番組「あすりーとHOLIDAY」（中京テレビ）で、陣内智則とともにMCを務めてもいる。関東以外でも大活躍しているのだ。 ここまで超売れっ子となった高橋だけに「〝りくりゅう〟と共演」というだけでスポーツ特番にブッキングできるかというと、そう簡単な話ではない。 「年末年始特番のバラエティーは、ロケなどでスケジュールを数日間押さえる番組も出てくる。さらにスポーツ番組もとなると、殺人的なスケジュールになりますよ」（同） 年末年始特番の収録が本格化する11月以降に向け、テレビ各局による〝高橋成美争奪戦〟が展開されるのは間違いない。 東スポWEB,[],[]
アンジャ渡部建が〝副業〟でウハウハ　スピーチ月４０本にＴｉｋＴｏｋ案件でも「荒稼ぎ」（東スポWEB）,https://news.yahoo.co.jp/articles/9404100f5f16bffcf0c634449f0d175639751e74,https://newsatcl-pctr.c.yimg.jp/t/amd-img/20260824-00400520-tospoweb-000-3-view.jpg?exp=10800,2026-08-24T05:15:29+09:00,2026-08-24T17:30:34+09:00,東スポWEB,tospoweb,東スポWEB,1155,副業が好調な渡部建 お笑いコンビ「アンジャッシュ」の渡部建（53）がウハウハだ。2020年の不倫報道で地獄を見たが、もっか〝副業〟で大もうけ。結婚式のスピーチビジネスはすでに知られているが、それだけではない。TikTokでも稼ぎまくっているというのだ。 【写真】2児の母でも美貌変わらぬ渡部の妻・佐々木希 どん底に落ちた不倫騒動から不死鳥のようによみがえった。 キー局の地上波番組出演は依然としてハードルは高いものの、地方局や配信番組では着実に露出を増やしている。 さらに〝副業〟に目をやれば、かねて本人も公言している結婚式のスピーチビジネスが絶好調。23日配信の「デイリー新潮」で本人が語ったところによれば、多い時で月に30～40本のオファーがあり、相場はスピーチ2分で5万円。テレビ局では制作費カットが叫ばれ、若手芸人では「1日拘束でギャラ2万円なんてのもザラ」（お笑い関係者）というから、渡部のビジネスは圧倒的にコスパが良い。 このほか、渡部が熱心なのは24年にスタートしたTikTokだ。フォロワーは開始2年で14万人を突破。中には数百万回再生を叩き出すものもある。 渡部のTikTokはグルメに関するアレコレ、お気に入りの店紹介や訪問動画で人気を博している。その影響力を求めて、全国から店舗紹介のオファーが舞い込んでいるという。渡部に近い関係者が舞台裏を明かす。 「すべてというわけではありませんが、1回の訪問で店舗さんから数十万円の依頼料を頂くこともあるそうです。渡部さんとスタッフの交通費・宿泊費も別途店舗さん持ち。TikTokになじみのない世代の店主さんからは『高すぎる』と言われることも少なくありませんが、渡部さんの影響力等を加味すれば妥当、お手ごろなくらいです。全国から依頼が舞い込んでいますよ」 ライフワークのグルメを味わいながらギャラももらえる最高の仕事。本人のモチベーションは高い。 渡部と言えば7月、単独ライブをめぐり「鬼越トマホーク」とトラブルになったことが記憶に新しい。その渦中にも渡部はTikTok動画のため淡路島を訪問。関係者によると「騒動を全く感じさせず明るく上機嫌にこなしてくれました。撮影で食べたハンバーガーがすごく気に入ったようで、『食べる？ 食べなよ！』と勧めてくれましたね」という。 さらに過去の不倫によるトラウマからか、こんなふるまいも。 「撮られて拡散されるリスクを考えているのか、移動の際は女性スタッフとかなり距離を取って歩いていました。ロケで多くのスタッフといる時はみんなに優しかったですね」（同関係者）。 ほかにもコミュニケーション能力を駆使して、企業向けの講演会に呼ばれることもあるという。この調子でいけば、お金に困ることはなさそうだ。 東スポWEB,[],[]
WEST.重岡大毅が〝新キャラ〟開拓へ　結婚＆第１子誕生でイクメンぶり発信（東スポWEB）,https://news.yahoo.co.jp/articles/9a30802ddf6819745c937f4637a04b6cd761b540,https://newsatcl-pctr.c.yimg.jp/t/amd-img/20260824-00400522-tospoweb-000-3-view.jpg?exp=10800,2026-08-24T05:15:29+09:00,2026-08-24T07:00:33+09:00,東スポWEB,tospoweb,東スポWEB,724,WEST.の重岡大毅 今月9日に結婚と第1子誕生を発表した、WEST．の重岡大毅が〝新キャラ〟を開拓しつつあるという。 重岡は同じWEST．の濵田崇裕と同じタイミングで結婚を発表。その時のコメントで「このたび、結婚いたしましたこと、そして新しい命を迎えましたことをご報告申し上げます」と第1子誕生まで伝えるサプライズとなったのは記憶に新しい。 ある芸能関係者の話。 「重岡はノースキャンダルを貫く〝完全秘密主義〟の性格で知られています。だからこそファンの間では『プロとしての意識が高い』と評価されてきました。ところが、結婚と同時に子供もいたということが明らかになり、動揺するファンも少なくありませんでした」 STARTO ENTERTAINMENTのタレントの結婚発表で、すでに子供まで誕生していたというケースは珍しい。しかも重岡は、有料ブログでその子供の存在をアピールしているのではないかと疑われてもおかしくない投稿をしているという。 「子供の絵本を匂わせたり、育児グッズの名称を出したりしています。結婚を発表してからは、育児に関してオープンなんですよ」（同）。 STARTO社のタレントといえば、結婚をしても家庭や家族を感じさせないことがほとんど。そこにはファンに対する一定の配慮があるとみられる。だが、重岡はハレーションを恐れることなく、自身のイクメンパパぶりを発信しているのだ。 「STARTO社のタレントも一人の人間と言いたいのではないでしょうか。家庭も築くし、育児だってすると。これは新しい試みと言えます。うまくいけば、重岡がSTARTO社初のイクメンタレントという新キャラを確立するかもしれません」 重岡の今後に注目だ。 東スポWEB,[],[]
【フィギュア】りくりゅう広がる〝活躍の場〟 周囲が指摘する「婚約期間だからこそのニーズ」（東スポWEB）,https://news.yahoo.co.jp/articles/03c95673352ac5482386f5fcdd32faf0f060b112,https://newsatcl-pctr.c.yimg.jp/t/amd-img/20260824-00400538-tospoweb-000-2-view.jpg?exp=10800,2026-08-24T05:15:29+09:00,2026-08-24T06:00:34+09:00,東スポWEB,tospoweb,東スポWEB,1405,フィギュアの枠にとどまらない存在となりつつある木原龍一(右)と三浦璃来の〝りくりゅう〟 絶大な影響力で〝りくりゅう経済圏〟を形成へ――。フィギュアスケートペアで2026年ミラノ・コルティナ五輪金メダルの〝りくりゅう〟こと三浦璃来（24）、木原龍一（34）組が23日、SNSを通じ婚約を発表した。連名で「お互いにとってかけがえのない、なくてはならない存在となりました」などとつづった。人生の伴侶として歩みを進める道を選んだことで、2人の「活躍の場」がさらに広がる可能性があるという。 【画像】三浦璃来にスケートリンクで婚約指輪を渡す木原龍一 半年前に日本列島を沸かせた最強カップルの慶事は、世界中に拡散された。X（旧ツイッター）では、すぐさま「りくりゅう」や「木原くん」がトレンド入り。日本のファンはもちろん、海外のファンからも祝福のメッセージが相次いだ。 カップルを結成したのは19年夏。愛知・名古屋の「邦和スポーツランド」（現邦和みなとスポーツ＆カルチャー）でのトライアウトで、一緒に滑った際に「雷が落ちた」と木原。あまりの相性の良さに引退を考えていた木原は、すぐさま現役続行を決めた。ひと回り近い年齢差で、当初は「さん付け」で呼び合っていた。 それでも新型コロナウイルス禍や度重なるケガを乗り越え、競技上のパートナーを超越した関係となった。SNSでは「うれしい時も、つらい時も、たくさんの時間をともに過ごし、支え合いながら歩んできました」と率直な思いを明かした。 ミラノ・コルティナ五輪後には2人の関係性について「ご想像にお任せします」と語っていたが、多くのフィギュア関係者は交際を確信していた。あるフィギュア関係者は「こんなに驚くのに驚かないニュースってなかなかないよね」と笑った。 依然として絶大な人気を誇る2人は、今までと異なるフィールドでの活動も期待される。別のフィギュア関係者は「婚約期間だからこそのニーズってあると思う。例えば結婚情報誌のゼクシィとか」と指摘。同誌には結婚式や二次会の会場探しに関する情報、指輪や新生活に関する情報が掲載されており、結婚に向けた準備を進める2人と親和性が高い。実際、出版関係者も「ゼクシィさんは割と旬な女優さんを起用する傾向があるので、人気が健在の〝りくりゅう〟を起用するのでは」と証言する。 また、三浦のキャリアにも注目が集まっている。17歳でカナダに渡り、木原とともに活動。主要国際大会4冠「ゴールデンスラム」を成し遂げるなど、輝かしい功績を残した。若い年代から世界で活躍する姿は〝バリキャリ〟にもニーズがある。ある編集者は「30～40代の大人向けファッション誌も興味を持つと思う。同年代の一般女性のはるか上をいく経験値があるだろうし、女性の自立が求められる中で、今のキャリアを築く上で『木原さんはどんな存在だったか』などのテーマは刺さるのでは」と分析した。 最強カップルの可能性はまさに無限大だ。直近では、2人がプロデュースしたアイスショー「THE DESTINY」に3日間4公演で計1万8000人が来場。リンク外ではトップスターの証しでもあるマクドナルドのCM出演など、多忙な日々を過ごしている。 「これからも支え合いながら、変わらず私たちらしく、一歩ずつ歩んでいきたいと思います」と決意した2人は、幅広い活躍を続けながら人生をともにしていく。 中西崇太,[],[]
【ドジャース】ラッシングにも〝超速復帰〟浮上　緊急補強の捕手２人に非情報道「枠の無駄遣い」（東スポWEB）,https://news.yahoo.co.jp/articles/f283d96770f945c208cb27a77b988ccd9f01965c,https://newsatcl-pctr.c.yimg.jp/t/amd-img/20260824-00400524-tospoweb-000-2-view.jpg?exp=10800,2026-08-24T05:15:29+09:00,2026-08-24T05:55:24+09:00,東スポWEB,tospoweb,東スポWEB,738,ダルトン・ラッシング（ロイター） 故障者が相次ぐドジャースで捕手陣に明るい兆しが見え始めている。首の炎症で6月中旬から離脱している正捕手のスミスは9月上旬、さらに今季中の復帰を絶望視されたダルトン・ラッシング捕手（25）も来月中に戦列に戻る可能性が浮上している。 ラッシングは右ヒジの炎症で今月3日（日本時間4日）から負傷者リスト入り。4～6週間は〝投球不可〟とされたが、本人は米メディア「ドジャースビート」のインタビューに「投球は近々再開する予定。自分としては9月には捕手として復帰する計画だ」と驚きの回復ぶりを明かしていた。 もくろみ通りとなれば、トレード期限前の緊急補強で捕手不在の有事を救ってきたフェドゥシアとロードベットの2人はどうなるのか。球団の専門メディア「ドジャース・ウェイ」は22日（同23日）、「ポストシーズンで捕手を3人登録すると、編成の柔軟性が制限されてしまう。ラッシングが指名打者として大谷翔平の打席を奪うことはまずないだろう。仮にワイルドカードシリーズが行われる場合は捕手3人でやりくりできるかもしれないが、それ以降はロースター枠の無駄遣いと思われる」と指摘した。 捕手は投手陣との意思疎通を図るだけでなく、他のポジションよりもこなすべき役割が多い。そうした点でも2人の貢献は計り知れないが、強打も誇るスミスとラッシングの前には分が悪いようだ。同メディアは「2人のうち、フェドゥシアが暫定的な正捕手として頭角を現している。両者とも投手陣との相性がいいため価値はあるが、ドジャースにとってはポストシーズンでは2人ともおらず、新たな捕手が起用される状況が最善だろう」とバッサリ…。代役はあくまでも代役とし、どこまでもドライに見通している。 東スポWEB,[],[]
【ＷＷＥ】高橋ヒロム激白〝KYOKI〟として世界最高峰王座狙う！「外敵として新日本に来たら面白い」（東スポWEB）,https://news.yahoo.co.jp/articles/0e5bc6ccb8d344093081df39bf79211eaade1385,https://newsatcl-pctr.c.yimg.jp/t/amd-img/20260824-00400540-tospoweb-000-1-view.jpg?exp=10800,2026-08-24T05:15:29+09:00,2026-08-24T05:15:29+09:00,東スポWEB,tospoweb,東スポWEB,1720,"中邑真輔(右)の新相棒となった高橋ヒロム改めKYOKI（©AbemaTV, Inc.） 2月に新日本プロレスを退団した〝タイムボム〟高橋ヒロム（36）が、米国・WWE移籍を果たした。21日（日本時間22日）に放送されたスマックダウンで、〝キング・オブ・ストロングスタイル〟中邑真輔（46）の新パートナー「KYOKI」として初登場。新たなリングネームで世界最大団体に挑戦する元IWGPジュニアヘビー級王者が、渡米前に明かしていたこととは――。 【動画】中邑真輔のインスタにも登場した高橋ヒロム改めKYOKI 中邑は現在、タマ・トンガ＆タラ・トンガ（元ヒクレオ）兄弟と、その父キング・ハクの「MFT」が保持するWWEタッグ王座に照準を合わせている。ABEMAにて放送された21日のスマックダウンでヒロムは、中邑とともにプロモ動画に登場。新たなリングネーム「KYOKI（狂奇）」を名乗った上で、「ケンカしてえ、ベルトが欲しい、もっと狂気を！」などと雄たけびを上げた。中邑とのタッグチーム名「Bakusai」も披露し、タッグ王座奪取を狙うと宣言した。 ヒロムは新日本を退団する際に「新しい夢」ができたと理由を口にしていたが、それこそが世界最大団体・WWEでの挑戦だった。渡米前に取材に応じ、自身の提唱で開催された2023年3月の「ジュニアオールスターフェスティバル」（後楽園）が転機だったと明かしていた。「あの時に初めて外を向けたというか。その後にいろいろな団体にも呼んでもらった上で『俺は新日本しか知らなかったんだな』って思ったんですよね。じゃあ本当の世界一ってどこなんだろうって思った時に、やっぱり圧倒的にあそこだよなって」とWWEを意識した瞬間を振り返る。 目指すは日本人初となる最高峰の統一WWE王座奪取だ。「日本人の俺が世界ヘビー級王座（現統一WWE王座）を取れたら、めちゃくちゃワクワクするなって震えるものがあったんです。特に向こうは無差別ですし。ジュニアヘビーに誇りは持っていましたけど、時としてそれが、かせになってしまっているのかなと思ってしまった時期もあるんです。本当の意味で世界で一番有名な団体、見ている人口が一番多い団体で無差別で活躍できたら本物だなって思ってます」と目を輝かせた。 ヒロムは新日本ラストマッチとなった2月大阪大会を終えると「またね」の3文字を残して旅立った。「『いずれ帰ってくるんだ』っていう軽い気持ちでやめてないですし、自分の中でまあまあ覚悟を決めて行くわけですよ。あの『またね』の本当の意味は、俺が某巨大団体の世界王者になって外敵として新日本に来たら面白いなって思って言ったんです。不可能っていうのはプロレス界にはないと思っているので」と真意を説明する。 そしてそれがかなった時こそ、長年抱き続ける「地上波ゴールデンタイムで試合をする」という夢も実現に近づくと信じている。「自分が外敵の王者として帰ってきた時は、テレビ朝日も食いつくんじゃないかなと。そうすれば自分の夢もかなうんじゃないかと考えたら、一気に入門前のギラギラが戻ってきましたね」と笑みを浮かべた。 新たな挑戦こそがヒロムの導火線に火をつけた。「新日本の道場に入る入らないの前のドキドキ感とか、ああいうのってもう味わえないのかなって思ってたんです。でも海外に行くことで、あの時の恐怖だったりやる気だったりのギラギラ感がめちゃくちゃ出てる。自己満かもしれませんが、自分の闘志にどれだけ満足できるかだと思うんです。今はそれができているので」。海を渡ったタイムボムが、世界を巻き込む大爆発を起こす。 【現在の王者は…】元ヒロムのKYOKIが将来的な目標とする、スマックダウン最高峰の統一WWE王座は現在、〝反骨のカリスマ〟CMパンクが保持する。21日のカナダ・トロント大会ではケビン・オーエンズの挑戦を受けたが、前王者サミ・ゼインの介入もあって王座防衛に成功した。一方、ロウの最高峰は世界ヘビー級王座で、〝OTC〟ことローマン・レインズが君臨する。現在は最強ユニット「ザ・ブラッドライン」を復活させ、LAナイト、ソロ・シコアらと抗争中だ。 岡本佑介",[],[]
【巨人】ドラ１竹丸和幸と〝心中〟覚悟か　最短10日で阪神戦復帰に現実味「状態はいい」（東スポWEB）,https://news.yahoo.co.jp/articles/5194569b902f428b939e0aec9b07d2ade4b89373,https://newsatcl-pctr.c.yimg.jp/t/amd-img/20260824-00400529-tospoweb-000-1-view.jpg?exp=10800,2026-08-24T05:15:29+09:00,2026-08-24T05:15:29+09:00,東スポWEB,tospoweb,東スポWEB,920,阪神追撃のキーマンとなりそうな巨人のドラフト１位・竹丸和幸 命運を託すのはドラ1左腕か――。巨人は23日の広島戦（東京ドーム）に2―3で惜敗し、連勝が「3」でストップした。 打線からは坂本、増田陸の師弟コンビからソロが飛び出したものの、勝負どころであとひと押しできなかった。追いついては突き放される展開で、橋上監督代行（60）は「結局1回も勝ち越せなかったので、流れ的にはよくなかったですね」と険しい表情で「ちょっとツキがなかったかなっていう感じはしますね」と肩を落とした。 シーズンも終盤に入り、首脳陣は選手たちのコンディションに注意を払いながら、先々を見据えた構想も練る。この日はダルベックに休養を取らせ、4選手の入れ替えも実施。前日22日にプロ初勝利を挙げた代木と外野手の笹原を抹消し、新たに則本と平山を登録した。 今後はますます1勝の重みが増すが、限られた先発ローテの1枠を新人ながら開幕投手も務めた竹丸和幸投手（24）に託すつもりのようだ。 竹丸はチーム2位の8勝（9敗）を挙げている一方、8月に先発した3試合のうち2試合でいずれも3回8失点KO。現在はリフレッシュも兼ねて抹消中だが、復帰戦が28～30日の阪神戦（甲子園）となることが現実味を帯びてきたのだ。 16日に登録を抹消された際、杉内投手チーフコーチは「10日を目指します」と再登録可能となる最短での復帰を見通していた。ルーキーの早急な復帰には「十分な休息を取った上で、9月中に復帰してもいいのでは」と〝待った〟をかけるファンの声も多かったが、球団関係者は「今、竹丸本人は『体の状態はいい』と話していますし、ファームでトレーニングしている彼の表情も日に日に明るくなっている。蓄積された心身の疲労は確実に軽くなっている」と打ち明けた。 この日登録された則本は今季すべて先発で登板してきたが、指揮官はリリーフ起用も視野に入れ「不確定なところがいくつかあります」と言葉を濁し、ローテ候補として十分な投球を見せた代木についても、杉内コーチが「今年に関しては、中継ぎになるかもしれない」とした。橋上巨人が竹丸にかける期待は特大。最後は〝心中〟覚悟で臨むことになりそうだ。 田村杏菜,[],[]
板倉滉　古巣復帰の新背番号６が呼ぶ臆測…現地メディア「守備的ＭＦとしての起用も考えられる」（東スポWEB）,https://news.yahoo.co.jp/articles/2f9ef0a635cdc216b4b5a2852d7e4d8333b243c2,https://newsatcl-pctr.c.yimg.jp/t/amd-img/20260824-00400535-tospoweb-000-1-view.jpg?exp=10800,2026-08-24T05:15:29+09:00,2026-08-24T05:15:29+09:00,東スポWEB,tospoweb,東スポWEB,542,板倉滉 日本代表DF板倉滉（28）のドイツ1部ボルシアMGでの新背番号が臆測を呼んでいる。 板倉は、オランダ1部アヤックスをわずか1年で退団し、2022年夏から3シーズン在籍した古巣に復帰。クラブを通じて「ボルシアに戻れてとてもうれしい。クラブがとても恋しかったので、オファーが来たときに戻ることにした。私にとっては、ここが家のように感じる」とコメントしていた。 日本では人気女優の川口春奈との結婚が大きな話題となっている中、現地では板倉の新背番号「6」が注目されている。ドイツメディア「BMGニュース」は「板倉が守備的MFとして起用される可能性も十分考えられる。彼の背番号がポランスキー監督の構想を示す最初の兆候なのかどうかは臆測の域を出ない。板倉が以前つけていた背番号3は現在、センターFWのイサク・リドベリが着用している」と伝えた。 もちろん板倉が守備的MFでプレーすること自体に驚きはない。同メディアによると、以前のボルシアMG在籍時には、80試合中6試合で6番ポジションを務めたという。アヤックスでも同ポジションをこなし、日本代表でも起用プランは存在する。しかし、守備的MFがメインとなると話は別だろう。 復帰したチームで板倉はどのような役割を担っていくのか。 東スポWEB,[],[]
【阪神】藤川監督　勝負のシーズン終盤へ…まだ懐中に〝隠し道具〟「まあ、目立たないように」（東スポWEB）,https://news.yahoo.co.jp/articles/a585e19fd8e1090e7b21d1f03ed7f5a82c128258,https://newsatcl-pctr.c.yimg.jp/t/amd-img/20260824-00400528-tospoweb-000-1-view.jpg?exp=10800,2026-08-24T05:15:29+09:00,2026-08-24T05:15:29+09:00,東スポWEB,tospoweb,東スポWEB,869,DeNA戦を連勝で切り抜けた阪神・藤川監督(右) 阪神は23日のDeNA戦（横浜）に5―3で競り勝ち、雨天中止を挟んで2連勝。2カード連続の勝ち越しを決めて2位・巨人を3・5ゲーム差に突き放した。 【写真】藤川監督が言葉を濁した〝新鮮力〟 主砲の火力で焼き切り、ブルペンの質量で押しつぶす――。黄金時代の虎を象徴するかのような勝ちっぷりで、すでに自力優勝の可能性が消滅している相手から容赦なく白星をむしり取った。 先発の高橋が5回を6安打1失点に抑えると、6回以降は継投策に移行。8回に3―3の同点に追いつかれたが、直後の9回に二死二、三塁から森下が決勝の2点適時打を放ち、最後は新守護神の工藤が1イニングをパーフェクトに抑えて4セーブ目をマークした。 過酷なペナント最終盤とポストシーズンを見据え、藤川球児監督（46）が懐中に忍ばせる〝隠し道具〟が虎ブルペンにはまだ存在する。昨秋のドラフト会議で育成1位指名され、今夏に支配下契約を勝ち取ったばかりの神宮僚介投手（23）だ。 この日は3番手・及川が牧に22号ソロを被弾し、3―2の1点差に詰め寄られた7回一死一塁の場面から登板。エンカーナシオン→宮崎と続くハマの主力打者を三ゴロ、一ゴロに打ち取り反攻の芽を摘み取った。 一軍にデビューした当初は大差のビハインドでの登板が中心だったが、この日で7戦連続無失点。記念すべきプロ初ホールドも記録し「うれしいですが、慢心せずにやっていきたい。1年目なので全力で投げることだけを考えたい」と表情を引き締めた。 押せ押せの敵地ムードにも動じない肝が据わった火消し役は、島本（現日本ハム）をトレードで失った藤川虎にとって喉から手が出るほど欲しかった存在。情報戦を重んじる虎指揮官は、試合後に神宮についてのコメントを求められても「まあ、目立たないようにいきましょう」とあえて言及を避けた。 木下、工藤に続き、また一人若きリリーバーが台頭した虎ブルペン。〝育てながら勝つ〟という理想的な循環を生み出しながら、分厚い陣容で勝負の秋へ突入する。 東スポWEB,[],[]
Ｂｅ－ｒａｙ　鈴鹿サーキットで国歌斉唱「会場でしか味わえない興奮を感じることができました」（東スポWEB）,https://news.yahoo.co.jp/articles/0f28ef4de40b849abff89c503c88daff8da6bd6b,https://newsatcl-pctr.c.yimg.jp/t/amd-img/20260824-00400534-tospoweb-000-1-view.jpg?exp=10800,2026-08-24T05:00:36+09:00,2026-08-24T05:00:36+09:00,東スポWEB,tospoweb,東スポWEB,784,鈴鹿で国歌斉唱を行ったBe-Ray。左からCocomi、Emi、Michelle、Hinata 4人組ガールズボーカルグループ・Be－rayが23日に三重県・鈴鹿サーキットで開催された「2026 AUTOBACS SUPER GT ROUND5 SUZUKA GT300km RACE」の決勝レース前セレモニーに出席。国歌斉唱を行った。 Be－rayは、Cocomi、Emi、Michelle、Hinataで構成する平均年齢16歳の4人組ガールズボーカルグループ。日本テレビ系「歌唱王」をきっかけに結成され、それぞれ異なる声、バックグラウンド、価値観を持つ4人が、自分らしさを生かしながら一つの音楽をつくり上げている。 レースを前に、緊張の面持ちで、サーキット上の特設ステージに登場した。4人が織りなす伸びやかで力強い歌声を会場に響かせて、鈴鹿サーキットに集まった観客を魅了。歌唱後には、会場全体から温かい拍手と声援がメンバーに送られた。 国歌斉唱を終えたEmiは「私たちにとって、今回が初めての日本国歌斉唱だったので、とても緊張しましたが、この大きな舞台で歌わせていただけたことを本当に光栄に思います」とコメント。「私たちの歌声が、レースに挑む選手の皆さんの少しでも力やエールになっていたらうれしいです」と語った。 その後はレースも観戦したという。「想像していた何倍もの迫力に圧倒されましたし、目の前をものすごいスピードで走り抜けていく車や、響き渡るエンジン音がとてもかっこよくて、会場でしか味わえない興奮を感じることができました」と有意義な体験だったようだ。 「今日の経験を通して、私たちも選手の皆さんのように、たくさんの方に感動や勇気を届けられる存在になれるよう、これからも一つひとつのステージを大切に、全力で頑張っていきたいです！」と力を込めた。 東スポWEB,[],[]
【Ｆ１】角田裕毅　入賞届かず無念の11位…「なんとも皮肉」復活ホンダが〝引導〟渡す格好に（東スポWEB）,https://news.yahoo.co.jp/articles/b28d70221707ff0199bb4d3315563b38d2a945ab,https://newsatcl-pctr.c.yimg.jp/t/amd-img/20260824-00400526-tospoweb-000-1-view.jpg?exp=10800,2026-08-24T00:30:35+09:00,2026-08-24T00:30:35+09:00,東スポWEB,tospoweb,東スポWEB,927,惜しくも入賞圏内に届かなかった角田裕毅のマシン（ロイター） F1レーシングブルズから緊急で今季初出場した角田裕毅（26）が、23日に行われたオランダ・グランプリ（GP）決勝で11位に終わり、あと一歩入賞に届かなかった。 レッドブルのアイザック・ハジャールが手首の負傷で欠場となった影響で、姉妹チームのレーシングブルズから電撃出走が決まった角田は、前日の予選では好内容で12番手につける。すると、この日の決勝では自慢の〝ロケットスタート〟がさく裂し、いきなり順位を上げた。 その直後にマックス・フェルスタッペン（レッドブル）がクラッシュしてレースは赤旗中断となったが、乱戦ムードの中でも角田は冷静な走りを見せる。 ポジションをしっかりキープすると、29周目には元同僚で親交の深いピエール・ガスリー（アルピーヌ）と激しいバトルを展開し、最後は攻めの姿勢を貫いて豪快にオーバーテイク。F1公式の実況は大絶叫で角田のドライビングをたたえた。 一時は入賞圏内を走行するも、終盤にペースがダウンして苦しい展開に。逆にガスリーに抜かれ、入賞圏外となる11位に落ちてしまった。そしてそのままゴールし、惜しくも入賞には届かなかかった。 同じ中団で争いを展開したアストンマーティンが、大幅アップデートを施したパワーユニットの〝新ホンダエンジン〟効果が絶大で、フェルナンド・アロンソが9位に躍進して入賞を果たした。アストンマーティン＆ホンダがこれまで通り下位であれば角田が入賞していただけに、長年ホンダが角田を支援してきた背景も踏まえて複雑な声がファンの間からは上がっている。 SNS上では「ホンダパワーユニットが角田の障壁になるとは…」「ここで角田くんのポイントをホンダが持っていくとは」「「アロンソすげえな ポイントとりよった ただそのせいで角田はノーポイント…ホンダいらんことすんな」「ホンダのアップデートにより角田がポイントに届かなくなるのはなんとも皮肉な」などと両者の関係を絡めた意見が続出している。 F1の舞台で残留するためには明確な結果が必要だった角田。これが〝ラストラン〟となってしまうのか、次戦イタリアGP（決勝9月6日）の動向に注目が集まる。 東スポWEB,[],[]
乃木坂46 夏の全国ツアー完走　センター・一ノ瀬美空は涙「最高の夏の思い出をつくることができて幸せ」（東スポWEB）,https://news.yahoo.co.jp/articles/b0f33c9dc4bf7b10b49d66b61cb4cdb105e7886d,https://newsatcl-pctr.c.yimg.jp/t/amd-img/20260824-00400505-tospoweb-000-1-view.jpg?exp=10800,2026-08-24T00:15:30+09:00,2026-08-24T00:15:30+09:00,東スポWEB,tospoweb,東スポWEB,722,1 / 2 神宮球場でツアーファイナルを行った乃木坂46（©乃木坂46LLC） 乃木坂46が23日、東京・明治神宮野球場で「真夏の全国ツアー2026」の最終公演を行った。 【写真】センターの大役を務めた乃木坂46の一ノ瀬美空 同公演は毎年恒例の夏ツアーの千秋楽。今年は6月の福井公演を皮切りに、過去最多公演数となる8都市18公演を開催し、総動員数は28万人となった。 東京公演は20日～23日の3日間に渡って実施。22日公演では荒天のため開始時間が遅れるハプニングもあったが、この日はほぼ定刻通りにスタート。一ノ瀬美空の「神宮いくぞー！」という掛け声とともにヒット曲「ガールズルール」で幕を開けると、キャプテンの菅原咲月は「泣いても笑っても乃木坂の夏、今日が最後です！ みんな出し切っていきましょう！」と盛り上げた。 また、先月22日に発売した42ndシングル「是非に及ばず」も披露。同曲のセンターを務め、ツアーを引っ張ってきた一ノ瀬は「私はこのツアーが始まる最初に1つ目標を立てました。ここにいるメンバー全員が夏のツアーを通して、個性と自信の花を新しく咲かせるというものです。ここにいるメンバー全員、めいっぱい日の当たるグループであってほしいです」と涙ながらに思いを吐露し「皆さんと最高の夏の思い出をつくることができて幸せです！」と笑顔を見せた。 アンコールでは、4期生・賀喜遥香が菅原、一ノ瀬へ「さっちゃんの背中をずっと見てて、頼もしくて仕方なくて。みっきゅんも真ん中で走ってくれてありがとう」と感謝。最後に「今年の夏は楽しかった！」とメンバー全員でハグを交わすと「乃木坂の詩」をファンと熱唱し、今夏のツアーに終わりを告げた。 東スポWEB,[],[]
【日本代表】森保監督 りくりゅう婚約を祝福「うれしい知らせ」　曺貴裁監督率いる〝苦境〟浦和にはエール（東スポWEB）,https://news.yahoo.co.jp/articles/3e71edf6a5507159b4cf54330d259e3160f44fbf,https://newsatcl-pctr.c.yimg.jp/t/amd-img/20260824-00400521-tospoweb-000-1-view.jpg?exp=10800,2026-08-24T00:05:24+09:00,2026-08-24T00:05:24+09:00,東スポWEB,tospoweb,東スポWEB,604,Ｊ１の町田ー浦和を視察に訪れた森保監督 日本代表の森保一監督が23日、この日発表されたフィギュアスケートペアで2026年ミラノ・コルティナ五輪金メダルの〝りくりゅう〟こと三浦璃来、木原龍一の婚約を祝福した。 森保監督は、この日の町田―浦和戦（MUFG国立）を視察。試合後に取材に応じ、りくりゅうの婚約についても言及。「公私ともにお互いを助け合っていける素晴らしいコンビ。この婚約はすごくいち国民としては、めちゃくちゃうれしい知らせだと思う。またさらに、いろいろな方々に夢や希望を与えてスケートの良さ、スポーツの良さをますます磨きをかけて見せていただけたら」と今後の活躍にも期待を寄せた。 同学年の曺貴裁監督が指揮する浦和が開幕3連敗となったことには「監督が変わったばかりで、公式戦の経験がチームとして少ないので、今は苦しいのころなのかなと思う。（曺）貴裁監督は、これまでも湘南や京都で素晴らしいチームを作り上げてきた。まだまだシーズンは長いし、監督を信じてチームとサポーターと、一丸となって頑張ってほしい」とエールを送った。 自身は23日に58歳の誕生日を迎えた。「還暦も近づき、歳は取っているが、本当にいろんな素晴らしい方々とお仕事させていただいて、息子よりも年下の若い選手や、息子ぐらいの年代の選手たちと一緒にお仕事をさせてもらって、すごく刺激のある人生を過ごさせてもらっている」と語った。 東スポWEB,[],[]
