headline,mainEntityOfPage,image,datePublished,dateModified,author,media_en,media_jp,str_count,body,images,external_links
【図解】GMO 在宅勤務を完全に廃止（ヤフコメクリップ）（Yahoo!ニュース オリジナル THE PAGE）,https://news.yahoo.co.jp/articles/e1e196cd60fe20a1960c1379e928237bab291123,https://newsatcl-pctr.c.yimg.jp/t/amd-img/20260714-00010010-wordleaf-000-1-view.jpg?exp=10800,2026-07-14T18:48:37+09:00,2026-07-14T18:48:37+09:00,Yahoo!ニュース オリジナル THE PAGE,wordleaf,Yahoo!ニュース オリジナル THE PAGE,497,【図解】GMO 在宅勤務を完全に廃止（ヤフコメクリップ） このニュースについて、Yahoo!ニュースのコメント欄ではどのような意見が出ているのでしょうか？ ユーザーの声や、議論のポイントがパッとひと目で伝わるよう、イラスト付きの図解にまとめました。コメントはAIを使って、読みやすく分かりやすい表現に要約しています。 [1] 在宅勤務は自分で勤怠管理できる人じゃないと無理。管理ができない人は出社させている。周りの目があるからね。 [2] 私が知る多くの製薬会社は支社がなく自宅が勤務地。リモート勤務の良さもあるが、水道光熱費と通信費が自己負担は痛いとのこと。 [3] リモートワーク推奨で地方移住を促した自治体が戦々恐々。移住者が都会に戻るのは自己責任だが、就職先がないのは厳しい。 ※図解はYahoo!ニュースが制作したものです。 ※図解内のイラストは内容理解を補助する概念図であり、特定の個人・団体・組織や投稿者の属性を表すものではありません。 ※記事公開時点でのコメント内容を基に制作しています。 ※本機能は試験的な導入です。内容に関しては関連記事やコメント内容と併せてご確認ください。,[],[]
【ヤフコメで話題】「大谷選手の二刀流特例ルールへの批判」「ドジャース若手投手陣の結束」 - 二刀流制度とチーム内の影響に注目（Yahoo!ニュース オリジナル THE PAGE）,https://news.yahoo.co.jp/articles/d08567896f52ed129fda09395f4b5503c378037e,https://newsatcl-pctr.c.yimg.jp/t/amd-img/20260714-00000037-wordleafai-000-1-view.jpg?exp=10800,2026-07-14T17:28:49+09:00,2026-07-14T17:28:49+09:00,Yahoo!ニュース オリジナル THE PAGE,wordleaf,Yahoo!ニュース オリジナル THE PAGE,643,なにがあった？ 生成AIによる作成 大谷翔平選手の二刀流特例ルールについて、Yahoo!ニュースのコメント欄で話題になっています。 コメントでは、ドジャースが大谷選手を特例でロースター登録できる現行制度に対し、他球団や識者から批判的な意見が出ていることが指摘されています。背景には、強豪チームであるドジャースに有利な制度と見なされることや、他球団が同様の二刀流選手を育てられない現状への歯がゆさがあるとの見方もあります。 一方で、この制度は大谷選手のような特異な才能を活かすためのものであり、MLB全体の人気や経済効果にも寄与しているという意見もありました。また、ドジャースの若手投手陣が山本選手を中心に結束し、互いに刺激し合う良い雰囲気がチームに生まれているという声もあります。 みんなの反応 - 大谷選手の特例ルールは彼の才能を活かすためで、批判は的外れだと感じます。 - ドジャースの若手投手たちが山本選手を中心に切磋琢磨している様子が微笑ましいです。 - 二刀流制度はMLB全体の盛り上がりにもつながっているので、前向きに捉えてほしいです。 ―――― この記事は、投稿されたコメント情報をもとにAIが作成しています。 参照したコメント情報は、【関連記事】内の「『ドジャース』についてのみんなの反応」をご覧ください。 ※経過によりキーワードに関連するコメントが表示されない可能性があります。 ※本機能は試験的な導入です。内容に関しては関連記事やコメント内容と併せてご確認ください。,[],[]
【ヤフコメで話題】「FIRE後の生き方と“静かな退職”」「会社への貢献より自分の人生重視」 - FIRE実践者の価値観と働き方の変化（Yahoo!ニュース オリジナル THE PAGE）,https://news.yahoo.co.jp/articles/9328600397f29e38c5a71f81f8cab9c007ee6ff1,https://newsatcl-pctr.c.yimg.jp/t/amd-img/20260714-00000035-wordleafai-000-1-view.jpg?exp=10800,2026-07-14T17:27:02+09:00,2026-07-14T17:27:02+09:00,Yahoo!ニュース オリジナル THE PAGE,wordleaf,Yahoo!ニュース オリジナル THE PAGE,549,なにがあった？ 生成AIによる作成 FIRE（経済的自立と早期リタイア）を実現した人々の生き方や、会社への貢献を控える“静かな退職”について、Yahoo!ニュースのコメント欄で話題になっています。 コメントでは、会社での出世や昇給に価値を見出せず、投資による不労所得で生活することを選ぶ人や、FIRE後も時間の使い方や生きがいについて考える人がいることが語られています。 一方で、FIREや静かな退職を選ぶことで周囲の負担が増えるという指摘や、会社に尽くすことの意義、健康や人生設計とのバランスをどう取るかについても意見がありました。 みんなの反応 - 会社で頑張るよりも自分の人生を優先する働き方に共感します。 - FIRE後の時間の使い方や生きがい探しは人それぞれで、悩みも多いと感じます。 - 静かな退職が増えると職場の負担が偏るという指摘も納得できます。 ―――― この記事は、投稿されたコメント情報をもとにAIが作成しています。 参照したコメント情報は、【関連記事】内の「『FIRE』についてのみんなの反応」をご覧ください。 ※経過によりキーワードに関連するコメントが表示されない可能性があります。 ※本機能は試験的な導入です。内容に関しては関連記事やコメント内容と併せてご確認ください。,[],[]
【ヤフコメで話題】「冷房と除湿、どちらが快適か」「エアコンの使い方に悩む声」 - 梅雨時の室内環境と健康管理を巡る議論（Yahoo!ニュース オリジナル THE PAGE）,https://news.yahoo.co.jp/articles/48ea06b3a21f6ed5d9e0cc2bd7a2b3fad7eadae9,https://newsatcl-pctr.c.yimg.jp/t/amd-img/20260714-00000034-wordleafai-000-1-view.jpg?exp=10800,2026-07-14T17:25:48+09:00,2026-07-14T17:25:48+09:00,Yahoo!ニュース オリジナル THE PAGE,wordleaf,Yahoo!ニュース オリジナル THE PAGE,552,なにがあった？ 生成AIによる作成 梅雨時の冷房と除湿の使い分けについて、Yahoo!ニュースのコメント欄で話題になっています。 コメントでは、エアコンの冷房と除湿のどちらが電気代や快適さの面で優れているか、また設定温度や運転方法について様々な意見が交わされています。エアコンの機種や部屋の条件によって効果が異なるという指摘や、冷房をつけっぱなしにするかタイマーで切るかなど、日常的な悩みが語られています。 また、電気代の節約と健康管理のバランスをどう取るか、家族内での意見の違い、睡眠の質や熱中症対策の重要性についても意見がありました。 みんなの反応 - 冷房と除湿のどちらが省エネか、毎年悩みながら使い分けています。 - 家族でエアコンの使い方が合わず、健康や電気代の面で意見が分かれます。 - 快適な睡眠や体調管理を優先しつつ、電気代も気になるのが正直なところです。 ―――― この記事は、投稿されたコメント情報をもとにAIが作成しています。 参照したコメント情報は、【関連記事】内の「『梅雨』についてのみんなの反応」をご覧ください。 ※経過によりキーワードに関連するコメントが表示されない可能性があります。 ※本機能は試験的な導入です。内容に関しては関連記事やコメント内容と併せてご確認ください。,[],[]
【ヤフコメで話題】「副業は誰でもできるものではない」「本業との両立やリスクに課題」 - 副業の現実と多様な意見が交錯（Yahoo!ニュース オリジナル THE PAGE）,https://news.yahoo.co.jp/articles/4e1f84e9ed5d3490699f7152f3e61adba4018130,https://newsatcl-pctr.c.yimg.jp/t/amd-img/default.jpg?exp=10800,2026-07-14T17:24:44+09:00,2026-07-14T17:24:44+09:00,Yahoo!ニュース オリジナル THE PAGE,wordleaf,Yahoo!ニュース オリジナル THE PAGE,561,なにがあった？ 副業について、Yahoo!ニュースのコメント欄で話題になっています。 コメントでは、副業が当たり前になりつつある一方で、実際には本業との両立や体力・スキル面でのハードルが高いという現実が指摘されています。 また、副業を趣味程度にしかならないと捉える声や、重労働や専門性が求められる仕事は誰でも簡単にできるものではないという意見もあります。 一方で、収入を増やすために副業を選択するのは当然という考えや、社会全体で副業を認める風潮が広がっていることへの肯定的な声も見られました。 みんなの反応 - 副業は簡単そうに見えても、実際は体力やスキルが必要で誰でもできるわけではないと感じます。 - 本業を持ちながら副業をするのは大変ですが、収入を増やすためには仕方ない面もあると思います。 - 副業が当たり前の時代になってきたけれど、現実的にはリスクや両立の難しさも多いと感じます。 ―――― この記事は、投稿されたコメント情報をもとにAIが作成しています。 参照したコメント情報は、【関連記事】内の「『副業』についてのみんなの反応」をご覧ください。 ※経過によりキーワードに関連するコメントが表示されない可能性があります。 ※本機能は試験的な導入です。内容に関しては関連記事やコメント内容と併せてご確認ください。,[],[]
【ヤフコメで話題】「山本由伸の人柄とチーム適応力に注目」「日本人選手の存在感とプロモーションの是非」 - ドジャースでの山本由伸選手の評価と話題（Yahoo!ニュース オリジナル THE PAGE）,https://news.yahoo.co.jp/articles/b55210b107444d9178f55f04cc6b4e18addaf59b,https://newsatcl-pctr.c.yimg.jp/t/amd-img/default.jpg?exp=10800,2026-07-14T17:23:44+09:00,2026-07-14T17:23:44+09:00,Yahoo!ニュース オリジナル THE PAGE,wordleaf,Yahoo!ニュース オリジナル THE PAGE,524,なにがあった？ 山本由伸選手の人柄やチームでの立ち位置について、Yahoo!ニュースのコメント欄で話題になっています。 コメントでは、ドジャース（米大リーグ球団）に加入した山本選手が、短期間でチームメイトから信頼され、親しまれている様子や、密着ドキュメンタリーを通じて人柄の良さが伝わるという意見が見られます。 また、大谷翔平選手とともに日本人選手の存在感が際立つ一方、オールスター会場での日本ドラマのプロモーション手法については、番宣目的や選手との関係性に疑問を呈する声もありました。 みんなの反応 - 山本選手の自然体な人柄やチームへの溶け込み方に好感を持ちました。 - 日本人選手がメジャーでリスペクトされているのは誇らしいです。 - オールスターでの日本ドラマの宣伝には違和感を覚えるという意見もありました。 ―――― この記事は、投稿されたコメント情報をもとにAIが作成しています。 参照したコメント情報は、【関連記事】内の「『由伸』についてのみんなの反応」をご覧ください。 ※経過によりキーワードに関連するコメントが表示されない可能性があります。 ※本機能は試験的な導入です。内容に関しては関連記事やコメント内容と併せてご確認ください。,[],[]
【ヤフコメで話題】「リモートワークの是非と職種ごとの適性」「出社回帰の動きに賛否」 - IT業界を中心に働き方の議論が活発化（Yahoo!ニュース オリジナル THE PAGE）,https://news.yahoo.co.jp/articles/76e607e2706ec3e500efea97886e489339fa3495,https://newsatcl-pctr.c.yimg.jp/t/amd-img/default.jpg?exp=10800,2026-07-14T17:18:17+09:00,2026-07-14T17:18:17+09:00,Yahoo!ニュース オリジナル THE PAGE,wordleaf,Yahoo!ニュース オリジナル THE PAGE,619,なにがあった？ リモートワークの適性や出社回帰の動きについて、Yahoo!ニュースのコメント欄で話題になっています。 コメントでは、AIやRPAの普及により一人で完結する仕事はリモートでも出社でも効率に大差がない一方、人と人が関わる業務や組織間の調整は対面の方が効率的だという意見が見られます。 また、IT業界でも職種によってリモートの可否が分かれることや、出社回帰の動きに対して従業員のQOLやワークライフバランスを重視する声、逆にリモートは甘えだとする厳しい意見もありました。 出社してもフリーアドレス制で同僚と隣り合わない場合は出社の意味が薄れるという指摘や、在宅勤務の撤廃が従業員軽視につながるとの懸念も寄せられています。 みんなの反応 - リモートが合う仕事と出社が必要な仕事は明確に分けて考えるべきだと思います。 - 出社回帰の流れには疑問もあり、従業員の生活や働きやすさも大切にしてほしいです。 - リモートでもサボる人はいるし、出社しても効率が上がるとは限らないという意見に共感します。 ―――― この記事は、投稿されたコメント情報をもとにAIが作成しています。 参照したコメント情報は、【関連記事】内の「『リモート』についてのみんなの反応」をご覧ください。 ※経過によりキーワードに関連するコメントが表示されない可能性があります。 ※本機能は試験的な導入です。内容に関しては関連記事やコメント内容と併せてご確認ください。,[],[]
【ヤフコメで話題】「W杯出場国数拡大の是非」「大会の価値や競技レベルへの影響」 - サッカーワールドカップの拡大議論に多様な意見（Yahoo!ニュース オリジナル THE PAGE）,https://news.yahoo.co.jp/articles/f29afec622b622eb9e10f0926dac840842cfc0be,https://newsatcl-pctr.c.yimg.jp/t/amd-img/20260714-00000032-wordleafai-000-1-view.jpg?exp=10800,2026-07-14T17:17:34+09:00,2026-07-14T17:17:34+09:00,Yahoo!ニュース オリジナル THE PAGE,wordleaf,Yahoo!ニュース オリジナル THE PAGE,604,なにがあった？ 生成AIによる作成 サッカーワールドカップ（W杯）の出場国数拡大について、Yahoo!ニュースのコメント欄で話題になっています。 コメントでは、W杯が32か国から48、さらに64か国へと拡大する案に対し、実力差の大きい試合が増えることで大会の価値や競技レベルが下がるのではないかという懸念が示されています。 一方で、出場機会が増えることで新興国の成長やサッカーの普及につながるという意見もあり、強豪国の出場枠を増やすべきだという声や、放映権料や運営側の利益優先を疑問視する意見も見られました。 また、記録の評価や大会方式の変化、ファンの盛り上がりへの影響など、多角的な視点から議論が交わされています。 みんなの反応 - 出場国が増えると実力差が広がり、大会の緊張感や価値が薄れるのではと感じます。 - 新興国の参加が増えることでサッカーの裾野が広がるのは良い面もあると思います。 - 運営側の利益優先や大会方式の変化が、純粋な競技の魅力を損なわないか心配です。 ―――― この記事は、投稿されたコメント情報をもとにAIが作成しています。 参照したコメント情報は、【関連記事】内の「『W杯』についてのみんなの反応」をご覧ください。 ※経過によりキーワードに関連するコメントが表示されない可能性があります。 ※本機能は試験的な導入です。内容に関しては関連記事やコメント内容と併せてご確認ください。,[],[]
【ヤフコメで話題】「高校野球の“地元性”と代表のあり方」「県外出身者の多い強豪校への複雑な感情」 - 変化する高校野球の代表像に寄せられる声（Yahoo!ニュース オリジナル THE PAGE）,https://news.yahoo.co.jp/articles/069e88e50da6a24b22b05f85b4d3cfb859e656b7,https://newsatcl-pctr.c.yimg.jp/t/amd-img/default.jpg?exp=10800,2026-07-14T17:15:50+09:00,2026-07-14T17:15:50+09:00,Yahoo!ニュース オリジナル THE PAGE,wordleaf,Yahoo!ニュース オリジナル THE PAGE,625,なにがあった？ 高校野球における“地元性”や代表チームのあり方について、Yahoo!ニュースのコメント欄で話題になっています。 コメントでは、県外出身者が多く集まる強豪校の存在や、効率や強さを追求する現代の高校野球の変化に対し、かつての“地元出身者中心”の代表像とのギャップに寂しさを感じるという意見が見られます。 一方で、強さやチーム力を高めるための選手集めは現実的な戦略であり、スポーツの国際化や多様性の象徴として肯定的に捉える声もあります。 また、応援する側としては“地元出身者だけのチームの方が一体感を持ちやすい”という感情も自然だという意見があり、伝統と変化の間で揺れる高校野球の姿に様々な思いが寄せられています。 みんなの反応 - 地元出身者中心のチームに親しみを感じる一方、強豪校の現実も理解できます。 - 効率や強さを求める流れは時代の変化だと思いますが、昔ながらの代表像に懐かしさも覚えます。 - 多様なルーツの選手が活躍する姿は新しい時代の象徴とも言え、応援の形も変わっていくのかもしれません。 ―――― この記事は、投稿されたコメント情報をもとにAIが作成しています。 参照したコメント情報は、【関連記事】内の「『高校野球』についてのみんなの反応」をご覧ください。 ※経過によりキーワードに関連するコメントが表示されない可能性があります。 ※本機能は試験的な導入です。内容に関しては関連記事やコメント内容と併せてご確認ください。,[],[]
【ヤフコメで話題】「生成AI時代の新卒は本当に大変」「AIで仕事が奪われる不安と新たな能力への期待」 - 若手人材のキャリア観に揺らぎ（Yahoo!ニュース オリジナル THE PAGE）,https://news.yahoo.co.jp/articles/be54410c75bf74905d27ec47179cc28e27da5d27,https://newsatcl-pctr.c.yimg.jp/t/amd-img/default.jpg?exp=10800,2026-07-14T17:11:38+09:00,2026-07-14T17:11:38+09:00,Yahoo!ニュース オリジナル THE PAGE,wordleaf,Yahoo!ニュース オリジナル THE PAGE,596,なにがあった？ 生成AIの普及による新卒や若手人材のキャリアへの影響について、Yahoo!ニュースのコメント欄で話題になっています。 コメントでは、ITエンジニアや翻訳者、ライターなど知的労働分野でAIによる代替が進み、これから社会に出る若者の行き先が厳しくなっているという意見が見られます。 一方で、AIを使いこなす能力や抽象的な思考力、コミュニケーション力など、人間ならではの強みを伸ばすことが重要だという声もありました。 また、AIの進化によって知能の経済価値が下がる一方、AIを活用できる人材や、対人コミュニケーションが必要な職種は今後も残るのではないかという見方も示されています。 みんなの反応 - 生成AIの進化で新卒の就職環境が厳しくなっていると感じます。 - AIに仕事を奪われる不安はあるが、AIを使いこなす力や人間らしい感性が大切だと思います。 - 知的労働の価値が変わる中で、若手がどんな能力を身につけるべきか改めて考えさせられます。 ―――― この記事は、投稿されたコメント情報をもとにAIが作成しています。 参照したコメント情報は、【関連記事】内の「『生成AI』についてのみんなの反応」をご覧ください。 ※経過によりキーワードに関連するコメントが表示されない可能性があります。 ※本機能は試験的な導入です。内容に関しては関連記事やコメント内容と併せてご確認ください。,[],[]
【ヤフコメで話題】「割り勘を巡る価値観の違い」「食事会での気配りやマナー」 - 割り勘文化に対する多様な意見（Yahoo!ニュース オリジナル THE PAGE）,https://news.yahoo.co.jp/articles/ab354858239d1549c93a873a63c4b818819debdd,https://newsatcl-pctr.c.yimg.jp/t/amd-img/default.jpg?exp=10800,2026-07-14T17:04:52+09:00,2026-07-14T17:04:52+09:00,Yahoo!ニュース オリジナル THE PAGE,wordleaf,Yahoo!ニュース オリジナル THE PAGE,581,なにがあった？ 割り勘を巡る価値観や食事会での振る舞いについて、Yahoo!ニュースのコメント欄で話題になっています。 コメントでは、割り勘に対する考え方が世代や性別、関係性によって異なることが指摘され、奢り・割り勘論争は社会的背景や本能的な価値観の違いから平行線をたどるという意見がありました。 また、食事会での取り分けや食べ残し、会計時の気配りなど、割り勘にまつわるマナーや気遣いの有無が人間関係に影響するという声もあります。 一方で、割り勘や奢りに明確な正解はなく、個人の価値観や状況に応じて柔軟に対応すべきだという意見も見られました。 みんなの反応 - 割り勘や奢りについては、相手や場面によって考え方が違うのは当然だと思います。 - 食事会での気配りやマナーができる人とそうでない人の差が、割り勘の場面でよく見える気がします。 - 奢る・奢られることにこだわりすぎず、お互いに気持ちよく過ごせる関係が理想だと感じます。 ―――― この記事は、投稿されたコメント情報をもとにAIが作成しています。 参照したコメント情報は、【関連記事】内の「『割り勘』についてのみんなの反応」をご覧ください。 ※経過によりキーワードに関連するコメントが表示されない可能性があります。 ※本機能は試験的な導入です。内容に関しては関連記事やコメント内容と併せてご確認ください。,[],[]
【図解】ハーランド アライグマ置物と帰国（ヤフコメクリップ）（Yahoo!ニュース オリジナル THE PAGE）,https://news.yahoo.co.jp/articles/3b6820ffb3b016a877aeefea52082dc5fb98b499,https://newsatcl-pctr.c.yimg.jp/t/amd-img/20260714-00010009-wordleaf-000-1-view.jpg?exp=10800,2026-07-14T16:51:47+09:00,2026-07-14T16:51:47+09:00,Yahoo!ニュース オリジナル THE PAGE,wordleaf,Yahoo!ニュース オリジナル THE PAGE,511,ハーランド アライグマ置物と帰国 このニュースについて、Yahoo!ニュースのコメント欄ではどのような意見が出ているのでしょうか？ ユーザーの声や、議論のポイントがパッとひと目で伝わるよう、イラスト付きの図解にまとめました。コメントはAIを使って、読みやすく分かりやすい表現に要約しています。 [1] 惜しくもベスト8で敗退しましたが、その実力を遺憾無く発揮し、ノルウェーの強さを証明しました。特にブラジル戦での活躍は素晴らしかったです。 [2] 空港に10万人が集まるなんて、ノルウェー国内でのハーランドの英雄っぷりが伝わります。彼の動向がネットニュースになり、人気を確立した印象です。 [3] 置物好きなのかな？立派な自宅のリビングにアライグマが鎮座するのかと思うとシュールですね。日本の置物もおすすめです。 ※図解はYahoo!ニュースが制作したものです。 ※図解内のイラストは内容理解を補助する概念図であり、特定の個人・団体・組織や投稿者の属性を表すものではありません。 ※記事公開時点でのコメント内容を基に制作しています。 ※本機能は試験的な導入です。内容に関しては関連記事やコメント内容と併せてご確認ください。,[],[]
【図解】新型車 なぜ「オラオラ顔」増加（ヤフコメクリップ）（Yahoo!ニュース オリジナル THE PAGE）,https://news.yahoo.co.jp/articles/75bf805c6ecc4a4a69633ec0c0606d61023c5749,https://newsatcl-pctr.c.yimg.jp/t/amd-img/20260714-00010008-wordleaf-000-1-view.jpg?exp=10800,2026-07-14T16:07:47+09:00,2026-07-14T16:07:47+09:00,Yahoo!ニュース オリジナル THE PAGE,wordleaf,Yahoo!ニュース オリジナル THE PAGE,484,【図解】新型車 なぜ「オラオラ顔」増加（ヤフコメクリップ） このニュースについて、Yahoo!ニュースのコメント欄ではどのような意見が出ているのでしょうか？ ユーザーの声や、議論のポイントがパッとひと目で伝わるよう、イラスト付きの図解にまとめました。コメントはAIを使って、読みやすく分かりやすい表現に要約しています。 [1] 弱い人間が無意識な防御反応からオラオラ顔の車を選択しているのでは。選択は人それぞれだけど、個人的にはその類はちょっとと感じる。 [2] 春に車を買い替え、老両親のためにスライドドアのミニバンを検討したが、日本のクルマはオラオラ顔ばかりで恥ずかしい。 [3] 丸っこい、柔らかい印象の車が好きだが、条件に合うデザインがなく難儀した。 ※図解はYahoo!ニュースが制作したものです。 ※図解内のイラストは内容理解を補助する概念図であり、特定の個人・団体・組織や投稿者の属性を表すものではありません。 ※記事公開時点でのコメント内容を基に制作しています。 ※本機能は試験的な導入です。内容に関しては関連記事やコメント内容と併せてご確認ください。,[],[]
【ヤフコメで話題】「大谷選手の球宴辞退と治療専念の是非」「ファンの期待と選手の健康管理」 - オールスター出場を巡る議論（Yahoo!ニュース オリジナル THE PAGE）,https://news.yahoo.co.jp/articles/64e65bb327aaa904cb834274f716b80f8c1e6780,https://newsatcl-pctr.c.yimg.jp/t/amd-img/20260714-00000031-wordleafai-000-1-view.jpg?exp=10800,2026-07-14T15:29:41+09:00,2026-07-14T15:29:41+09:00,Yahoo!ニュース オリジナル THE PAGE,wordleaf,Yahoo!ニュース オリジナル THE PAGE,562,なにがあった？ 生成AIによる作成 大谷翔平選手の球宴（オールスターゲーム）辞退について、Yahoo!ニュースのコメント欄で話題になっています。 コメントでは、大谷選手が怪我を抱えながらも直前まで試合に出場していたことに対し、球宴を楽しみにしていたファンの落胆や、治療を優先すべきだったのではという意見が見られます。 一方で、シーズンを最優先する判断を支持する声や、無理をして長期離脱につながるリスクを懸念する意見もありました。また、球宴はお祭り的な要素が強い一方で、選手の健康管理やチーム事情とのバランスが難しいという指摘もあります。 みんなの反応 - 大谷選手の辞退は残念ですが、無理せず治療に専念してほしいと思います。 - ファンとしては年に一度の球宴で大谷選手のプレーを見たかった気持ちも強いです。 - 選手の健康とチームの方針、ファンの期待のバランスは本当に難しい問題だと感じます。 ―――― この記事は、投稿されたコメント情報をもとにAIが作成しています。 参照したコメント情報は、【関連記事】内の「『球宴』についてのみんなの反応」をご覧ください。 ※経過によりキーワードに関連するコメントが表示されない可能性があります。 ※本機能は試験的な導入です。内容に関しては関連記事やコメント内容と併せてご確認ください。,[],[]
【ヤフコメで話題】「楽天イーグルスの球団運営体制に疑問」「監督・GM人事とオーナーの現場介入が議論に」 - 球団改革への期待と課題（Yahoo!ニュース オリジナル THE PAGE）,https://news.yahoo.co.jp/articles/6404b2f57d8581548514311b202032df669c0a81,https://newsatcl-pctr.c.yimg.jp/t/amd-img/20260714-00000030-wordleafai-000-1-view.jpg?exp=10800,2026-07-14T15:23:41+09:00,2026-07-14T15:23:41+09:00,Yahoo!ニュース オリジナル THE PAGE,wordleaf,Yahoo!ニュース オリジナル THE PAGE,516,なにがあった？ 生成AIによる作成 楽天イーグルスの球団運営体制や監督・GM人事について、Yahoo!ニュースのコメント欄で話題になっています。 コメントでは、三木谷オーナーの現場介入や石井GMの長期在任にもかかわらず結果が出ていないこと、監督交代の頻度が高いことなど、球団の意思決定や組織運営に対する疑問が多く寄せられています。 一方で、吉井新監督の就任に期待する声や、フロント刷新・現場への権限委譲を求める意見もあり、今後の球団改革に注目が集まっています。 みんなの反応 - オーナーの現場介入が続く限り、チームの浮上は難しいのではと感じます。 - 石井GMの長期政権で結果が出なかった責任は重いという意見に共感します。 - 吉井監督には現場主導でチームを立て直してほしいと期待しています。 ―――― この記事は、投稿されたコメント情報をもとにAIが作成しています。 参照したコメント情報は、【関連記事】内の「『イーグルス』についてのみんなの反応」をご覧ください。 ※経過によりキーワードに関連するコメントが表示されない可能性があります。 ※本機能は試験的な導入です。内容に関しては関連記事やコメント内容と併せてご確認ください。,[],[]
【ヤフコメで話題】「高校野球の地域熱と球児の存在感」「甲子園以外の地方大会にも注目を」 - 地域に根付く高校球児への応援と課題（Yahoo!ニュース オリジナル THE PAGE）,https://news.yahoo.co.jp/articles/8aea8385074ee427a997642375f100351a310a0d,https://newsatcl-pctr.c.yimg.jp/t/amd-img/20260714-00000029-wordleafai-000-1-view.jpg?exp=10800,2026-07-14T15:22:15+09:00,2026-07-14T15:22:15+09:00,Yahoo!ニュース オリジナル THE PAGE,wordleaf,Yahoo!ニュース オリジナル THE PAGE,563,なにがあった？ 生成AIによる作成 高校野球の地方大会や球児の存在について、Yahoo!ニュースのコメント欄で話題になっています。 コメントでは、保土谷球場のように地方大会でも満員となるほどの熱気があり、甲子園だけでなく各地の予選にも多くのドラマや応援があることが指摘されています。 一方で、子供の野球離れや酷暑・異常気象が報道される中でも、地域で高校球児を熱心に応援する文化が根強いという意見がありました。また、設備やスカウト力の差、強豪校への人材流出など、球児を取り巻く課題についても声が寄せられています。 みんなの反応 - 地方大会にも多くのファンが集まり、地域の高校球児を応援する熱気を感じます。 - 甲子園だけが高校野球ではなく、各地の予選にもそれぞれの物語があると改めて思いました。 - 野球離れや環境の厳しさが言われる中でも、球児の努力や地域の応援は変わらず続いていると感じます。 ―――― この記事は、投稿されたコメント情報をもとにAIが作成しています。 参照したコメント情報は、【関連記事】内の「『球児』についてのみんなの反応」をご覧ください。 ※経過によりキーワードに関連するコメントが表示されない可能性があります。 ※本機能は試験的な導入です。内容に関しては関連記事やコメント内容と併せてご確認ください。,[],[]
【ヤフコメで話題】「大谷・ジャッジ不在のMLBオールスター」「選手の健康とイベントの意義」 - スター選手欠場が投げかける球宴のあり方（Yahoo!ニュース オリジナル THE PAGE）,https://news.yahoo.co.jp/articles/31b8f20bf8b100a9128c6337afe2b0b0ffa6b5d6,https://newsatcl-pctr.c.yimg.jp/t/amd-img/20260714-00000026-wordleafai-000-1-view.jpg?exp=10800,2026-07-14T15:16:43+09:00,2026-07-14T15:16:43+09:00,Yahoo!ニュース オリジナル THE PAGE,wordleaf,Yahoo!ニュース オリジナル THE PAGE,617,なにがあった？ 生成AIによる作成 MLBオールスターゲームにおける大谷翔平選手やジャッジ選手の欠場について、Yahoo!ニュースのコメント欄で話題になっています。 コメントでは、両リーグを代表するスター選手が怪我やコンディション調整のために出場を見送ったことに対し、寂しさや物足りなさを感じるという声が多く見られました。 一方で、選手の健康や長期的な活躍を優先すべきだという意見や、オールスター自体の意義や開催方法を見直すべきではないかという指摘もありました。 また、スター不在でも豪華な顔ぶれや新たなスターの登場に期待する声、ファン投票やイベント運営の在り方についても様々な意見が寄せられています。 みんなの反応 - 大谷選手やジャッジ選手がいないオールスターはやはり寂しいですが、無理せず長く活躍してほしいです。 - 選手の健康を守るためにも、オールスターの開催時期や内容を再考する必要があるのではと感じます。 - スター不在でも新しい選手の活躍やイベントの特別感に期待したいと思います。 ―――― この記事は、投稿されたコメント情報をもとにAIが作成しています。 参照したコメント情報は、【関連記事】内の「『オールスター』についてのみんなの反応」をご覧ください。 ※経過によりキーワードに関連するコメントが表示されない可能性があります。 ※本機能は試験的な導入です。内容に関しては関連記事やコメント内容と併せてご確認ください。,[],[]
【BOSS E･ZO FUKUOKA】福岡市内初出店「久留米立花うどん 恩想」が7月31日オープン予定（Yahoo!ニュース オリジナル THE PAGE）,https://news.yahoo.co.jp/articles/26ff12a2b222e33f47d7c4870f43bad29132e5ab,https://newsatcl-pctr.c.yimg.jp/t/amd-img/20260714-00010007-wordleaf-000-1-view.jpg?exp=10800,2026-07-14T14:00:56+09:00,2026-07-14T14:00:56+09:00,Yahoo!ニュース オリジナル THE PAGE,wordleaf,Yahoo!ニュース オリジナル THE PAGE,670,生成AIによるイメージ 福岡市中央区地行浜のBOSS E･ZO FUKUOKA 3階、The FOODHALL内に、うどん店「久留米立花うどん 恩想」が7月31日にオープン予定です。 恩想は、1981年創業の久留米立花うどんが福岡市内に初出店する新ブランドの1号店です。 久留米で受け継いできた味を大切にしながら、新店舗ならではのメニューにも取り組むブランドとして案内されています。 営業時間は11:00から21:00までで、みずほPayPayドーム福岡でプロ野球ナイトゲームが開催される日は23:30まで営業予定です。 場所はBOSS E･ZO FUKUOKA 3階のフードエリア内で、唐人町駅から徒歩約12分、ドームでの観戦や施設利用の前後にも立ち寄りやすい店舗です。 お店について気になる点や、訪れた際の様子などがあれば、本記事のコメント欄にお寄せください。 基本情報 ・店名：久留米立花うどん 恩想 ・所在地：福岡県福岡市中央区地行浜2-2-6 BOSS E･ZO FUKUOKA 3F The FOODHALL内 ・オープン日：2026年7月31日 ・営業時間：11:00～21:00（L.O. 20:00）※みずほPayPayドーム福岡でのプロ野球ナイトゲーム開催時は23:30まで（L.O. 22:30） ・アクセス：唐人町駅1番出口から徒歩約12分 ・席数：44席 ※この記事はYahoo!マップおよび公式情報をもとにAIが生成しています。最新の営業状況は公式情報もあわせてご確認ください。（情報確認日：2026年7月6日）,[],[]
【ヨドバシ池袋】小籠包が看板の台湾料理店「梁山泊小籠湯包」が7月31日オープン予定（Yahoo!ニュース オリジナル THE PAGE）,https://news.yahoo.co.jp/articles/9d8d959db80b5e2722420a6e64e170e1ac7229f7,https://newsatcl-pctr.c.yimg.jp/t/amd-img/20260714-00010006-wordleaf-000-1-view.jpg?exp=10800,2026-07-14T14:00:53+09:00,2026-07-14T14:00:53+09:00,Yahoo!ニュース オリジナル THE PAGE,wordleaf,Yahoo!ニュース オリジナル THE PAGE,467,生成AIによるイメージ 東京都豊島区南池袋のヨドバシ池袋8階に、中華料理店「梁山泊小籠湯包 ヨドバシ池袋店」が7月31日にオープン予定です。 梁山泊小籠湯包は、看板メニューの小籠包を中心に、本格台湾料理をそろえる店舗として案内されています。 大きな餡とたっぷりのスープを包んだ小籠包をはじめ、池袋駅近くで台湾料理を楽しめるお店になりそうです。 場所は池袋駅東口直結のヨドバシ池袋8階で、買い物や駅利用の前後にも立ち寄りやすい立地です。 お店について気になる点や、訪れた際の様子などがあれば、本記事のコメント欄にお寄せください。 基本情報 ・店名：梁山泊小籠湯包 ヨドバシ池袋店 ・所在地：東京都豊島区南池袋1丁目28-1 ヨドバシ池袋 8階 ・オープン日：2026年7月31日 ・営業時間：11:00～23:00 ・定休日：施設に準ずる ・アクセス：池袋駅41番出口からすぐ ※この記事はYahoo!マップおよび公式情報をもとにAIが生成しています。最新の営業状況は公式情報もあわせてご確認ください。（情報確認日：2026年7月6日）,[],[]
【東京ミッドタウン日比谷】大人のご褒美クレープ「MAISON CREPE」が7月22日オープン予定（Yahoo!ニュース オリジナル THE PAGE）,https://news.yahoo.co.jp/articles/d43084f0a38d0b5f13e15665d9a89ac8da50f704,https://newsatcl-pctr.c.yimg.jp/t/amd-img/20260714-00010005-wordleaf-000-1-view.jpg?exp=10800,2026-07-14T14:00:39+09:00,2026-07-14T14:00:39+09:00,Yahoo!ニュース オリジナル THE PAGE,wordleaf,Yahoo!ニュース オリジナル THE PAGE,613,生成AIによるイメージ 東京都千代田区有楽町の東京ミッドタウン日比谷B1Fに、クレープ店「MAISON CREPE」が7月22日にオープン予定です。 MAISON CREPEは、ベーカリー＆カフェ「JEAN FRANCOIS」から生まれるクレープ専門店の新業態として、大人のためのご褒美クレープの提供が案内されています。 JEAN FRANCOISは、フランス国家最優秀職人章を受賞したジャン・フランソワ ルメルシエ氏がプロデュースするベーカリー＆カフェで、パンづくりの技術や素材へのこだわりを大切にしているブランドです。 場所は東京ミッドタウン日比谷B1Fで、日比谷駅や有楽町駅から徒歩圏内にあり、施設内での買い物や映画、日比谷周辺での外出の合間に立ち寄りやすい店舗です。 お店について気になる点や、訪れた際の様子などがあれば、本記事のコメント欄にお寄せください。 基本情報 ・店名：MAISON CREPE ・所在地：東京都千代田区有楽町1-1-2 東京ミッドタウン日比谷B1F ・オープン日：2026年7月22日 ・営業時間：11:00～21:00 ・アクセス：日比谷駅A5出口から徒歩約1分、有楽町駅B2出口から徒歩約4分、有楽町駅JR日比谷口から徒歩約5分 ※この記事はYahoo!マップおよび公式情報をもとにAIが生成しています。最新の営業状況は公式情報もあわせてご確認ください。（情報確認日：2026年7月6日）,[],[]
【箱根町】大涌谷カレーも楽しめる「OWAKUDANI KITCHEN」が7月17日リニューアルオープン予定（Yahoo!ニュース オリジナル THE PAGE）,https://news.yahoo.co.jp/articles/105a307b25cbac0704928cb883e188a9a90140a5,https://newsatcl-pctr.c.yimg.jp/t/amd-img/20260714-00010004-wordleaf-000-1-view.jpg?exp=10800,2026-07-14T14:00:26+09:00,2026-07-14T14:00:26+09:00,Yahoo!ニュース オリジナル THE PAGE,wordleaf,Yahoo!ニュース オリジナル THE PAGE,551,生成AIによるイメージ 神奈川県足柄下郡箱根町仙石原の大涌谷駅2階に、レストラン「OWAKUDANI KITCHEN」が7月17日にリニューアルオープン予定です。 大涌谷駅食堂として親しまれてきた店舗が改装を経て生まれ変わるもので、「大涌谷のダイナミズムを、五感で味わうおいしさ体験」をコンセプトにしたレストランとして案内されています。 窓の外には大涌谷の噴煙地が広がり、景色を眺めながら食事を楽しめる立地で、名物の大涌谷カレーも引き続き楽しめそうです。 営業時間は10:30から16:30まで、ラストオーダーは15:30で、箱根ロープウェイ利用時や大涌谷観光の合間に立ち寄りやすい店舗です。 お店について気になる点や、訪れた際の様子などがあれば、本記事のコメント欄にお寄せください。 基本情報 ・店名：大涌谷駅食堂 ・所在地：神奈川県足柄下郡箱根町仙石原1251 2階 大涌谷駅 ・オープン日：2026年7月17日 ・営業時間：10:30～16:30（L.O. 15:30） ・定休日：不定休 ・アクセス：箱根ロープウェイ 大涌谷駅下車すぐ ※この記事はYahoo!マップおよび公式情報をもとにAIが生成しています。最新の営業状況は公式情報もあわせてご確認ください。（情報確認日：2026年7月6日）,[],[]
【サンシャインシティ アルパ】カスタムティーバーを備えるカフェ「JOURNAL STANDARD CAFE」が7月17日オープン予定（Yahoo!ニュース オリジナル THE PAGE）,https://news.yahoo.co.jp/articles/6d8ee87f7608c0bf4ad0d13563ac344378db4516,https://newsatcl-pctr.c.yimg.jp/t/amd-img/20260714-00010003-wordleaf-000-1-view.jpg?exp=10800,2026-07-14T14:00:12+09:00,2026-07-14T14:00:12+09:00,Yahoo!ニュース オリジナル THE PAGE,wordleaf,Yahoo!ニュース オリジナル THE PAGE,631,生成AIによるイメージ 東京都豊島区東池袋のサンシャインシティ アルパ3階に、カフェ「JOURNAL STANDARD CAFE」が7月17日にオープン予定です。 JOURNAL STANDARD CAFEは、ティータイムから食事まで楽しめるフードメニューや、オリジナルブレンドティー、ハーブティーを組み合わせられるカスタムティーバーを備えた複合型カフェです。 入口側にはテイクアウトを主軸にしたデリスタンド、奥には食事とカスタムティードリンクを楽しめるラウンジカフェが設けられます。 場所は東池袋駅2番出口から徒歩約7分、池袋駅からも徒歩圏内のサンシャインシティ アルパ内で、買い物や施設利用の合間に立ち寄りやすい店舗です。 お店について気になる点や、訪れた際の様子などがあれば、本記事のコメント欄にお寄せください。 基本情報 ・店名：JOURNAL STANDARD CAFE ・所在地：東京都豊島区東池袋3-1-1 サンシャインシティ アルパ 3階 ・オープン日：2026年7月17日 ・営業時間：デリスタンド 11:00～20:00、ラウンジカフェ 11:00～22:00（L.O. 21:00） ・定休日：館に準ずる ・アクセス：東池袋駅2番出口から徒歩約7分、池袋駅35番出口から徒歩約9分 ※この記事はYahoo!マップおよび公式情報をもとにAIが生成しています。最新の営業状況は公式情報もあわせてご確認ください。（情報確認日：2026年7月6日）,[],[]
【東松山市六反町】24時間営業のスポーツクラブ「FiT24」が7月17日オープン予定（Yahoo!ニュース オリジナル THE PAGE）,https://news.yahoo.co.jp/articles/942c2d78fcc6a44f83aeacc1ee8d502d0cb75128,https://newsatcl-pctr.c.yimg.jp/t/amd-img/20260714-00010002-wordleaf-000-1-view.jpg?exp=10800,2026-07-14T14:00:02+09:00,2026-07-14T14:00:02+09:00,Yahoo!ニュース オリジナル THE PAGE,wordleaf,Yahoo!ニュース オリジナル THE PAGE,491,生成AIによるイメージ 埼玉県東松山市六反町に、スポーツクラブ「FiT24 東松山店」が7月17日にオープン予定です。 FiT24は、フィットネスを通じて会員の目標達成を支えることを掲げるフィットネスジムです。 東松山店には、有酸素マシンや筋トレマシン、プレートロードマシン、フリーウェイト、体組成計InBodyなどが案内されており、目的に合わせたトレーニングに利用できます。 場所は国道407号沿いで、新宿小（南）交差点から車で約3分、24時間営業でスタッフ対応時間は10:00から20:00までです。 お店について気になる点や、訪れた際の様子などがあれば、本記事のコメント欄にお寄せください。 基本情報 ・店名：FiT24 東松山店 ・所在地：埼玉県東松山市六反町15-11 ・オープン日：2026年7月17日 ・営業時間：24時間営業、スタッフアワー 10:00～20:00 ・アクセス：東松山駅東口から徒歩約20分 ※この記事はYahoo!マップおよび公式情報をもとにAIが生成しています。最新の営業状況は公式情報もあわせてご確認ください。（情報確認日：2026年7月6日）,[],[]
【ヤフコメで話題】「村上宗隆のホームランダービー挑戦」「MLBでの存在感と今後への期待」 - 米球宴での活躍と評価に注目集まる（Yahoo!ニュース オリジナル THE PAGE）,https://news.yahoo.co.jp/articles/c5063a81a46b4139d4337d1e843356081da24f03,https://newsatcl-pctr.c.yimg.jp/t/amd-img/20260714-00000025-wordleafai-000-1-view.jpg?exp=10800,2026-07-14T13:26:41+09:00,2026-07-14T13:26:41+09:00,Yahoo!ニュース オリジナル THE PAGE,wordleaf,Yahoo!ニュース オリジナル THE PAGE,546,なにがあった？ 生成AIによる作成 村上宗隆選手のMLBオールスター・ホームランダービー出場について、Yahoo!ニュースのコメント欄で話題になっています。 コメントでは、村上選手がホームランダービーで1回戦敗退ながらも5位となったことや、MLBの賞金規模や夢のある舞台に感嘆する声が見られました。 また、同世代の選手や他の日本人メジャーリーガーとの比較、村上選手の存在感や今後の活躍への期待、米国での評価の高さを指摘する意見もあります。 一方で、三振が多い現状や、今後の課題についても冷静に見守る声がありました。 みんなの反応 - 村上選手がMLBの舞台で堂々と戦う姿に誇りを感じます。 - ホームランダービーの賞金や規模の大きさに驚きました。村上選手の挑戦は夢がありますね。 - 三振が多いのは気になりますが、これから本領発揮してくれると信じています。 ―――― この記事は、投稿されたコメント情報をもとにAIが作成しています。 参照したコメント情報は、【関連記事】内の「『村上宗隆』についてのみんなの反応」をご覧ください。 ※経過によりキーワードに関連するコメントが表示されない可能性があります。 ※本機能は試験的な導入です。内容に関しては関連記事やコメント内容と併せてご確認ください。,[],[]
【ヤフコメで話題】「女児向けショートパンツの丈問題」「ユニクロのリラコに支持の声」 - 子ども服の選択肢と保護者の悩み（Yahoo!ニュース オリジナル THE PAGE）,https://news.yahoo.co.jp/articles/c11248dfb2aa26c4ca45f70ca5d793137ffe4c53,https://newsatcl-pctr.c.yimg.jp/t/amd-img/20260714-00000024-wordleafai-000-1-view.jpg?exp=10800,2026-07-14T13:25:42+09:00,2026-07-14T13:25:42+09:00,Yahoo!ニュース オリジナル THE PAGE,wordleaf,Yahoo!ニュース オリジナル THE PAGE,538,なにがあった？ 生成AIによる作成 女児向けショートパンツの丈やデザインについて、Yahoo!ニュースのコメント欄で話題になっています。 コメントでは、ショートパンツの丈が短すぎて下着が見えやすいことを懸念する保護者の声や、丈の長いズボンや風通しの良いリラコ（ユニクロのルームウェア）を重宝しているという意見が見られます。 また、キッズサイズのリラコの品揃えや、女児服のポケットの有無、デザインの偏りなど、子ども服の選択肢の少なさや実用性への不満も寄せられています。 みんなの反応 - 女児のショートパンツは丈が短すぎて心配になるので、もっと選択肢が増えてほしいです。 - ユニクロのリラコは風通しが良くて丈も長めなので、夏場にとても助かっています。 - 子ども服はデザインだけでなく、実用性や安全面も考慮してほしいという気持ちになります。 ―――― この記事は、投稿されたコメント情報をもとにAIが作成しています。 参照したコメント情報は、【関連記事】内の「『ユニクロ』についてのみんなの反応」をご覧ください。 ※経過によりキーワードに関連するコメントが表示されない可能性があります。 ※本機能は試験的な導入です。内容に関しては関連記事やコメント内容と併せてご確認ください。,[],[]
【ヤフコメで話題】「アルファードの“オラオラ顔”デザインはなぜ選ばれるのか」 - 外観の威圧感と購買動機を巡る議論（Yahoo!ニュース オリジナル THE PAGE）,https://news.yahoo.co.jp/articles/b90f05cd2a18765403a645a573282989954b534b,https://newsatcl-pctr.c.yimg.jp/t/amd-img/default.jpg?exp=10800,2026-07-14T13:23:41+09:00,2026-07-14T13:23:41+09:00,Yahoo!ニュース オリジナル THE PAGE,wordleaf,Yahoo!ニュース オリジナル THE PAGE,618,なにがあった？ アルファードのデザインや存在感について、Yahoo!ニュースのコメント欄で話題になっています。 コメントでは、アルファードのような“オラオラ顔”と呼ばれる威圧感のある外観が、見栄や自己主張の手段として選ばれているという意見が見られます。 一方で、かつての高級車クラウンやセダンの持つ“威厳”や“高級感”と比較し、現代のミニバンやSUVのデザインが“押しの強さ”や“個性の主張”に変化してきたことを指摘する声もあります。 また、こうしたデザインが一部の層に強く支持される一方で、控えめなデザインを好む人や、ブランド力や高級感の本質を重視する立場からは違和感を覚えるという意見もありました。 みんなの反応 - アルファードの外観は目立つので、見栄や自己主張のために選ぶ人もいると感じます。 - 昔のクラウンのような控えめな高級感が好きだったので、今の威圧的なデザインには少し抵抗があります。 - メーカーが“オラオラ顔”を売りにしているのは、需要があるからだという意見に納得しました。 ―――― この記事は、投稿されたコメント情報をもとにAIが作成しています。 参照したコメント情報は、【関連記事】内の「『アルファード』についてのみんなの反応」をご覧ください。 ※経過によりキーワードに関連するコメントが表示されない可能性があります。 ※本機能は試験的な導入です。内容に関しては関連記事やコメント内容と併せてご確認ください。,[],[]
【ヤフコメで話題】「浦田選手のセカンド固定を望む声」「内野守備の最適配置を巡る議論」 - 巨人内野陣の起用法に注目集まる（Yahoo!ニュース オリジナル THE PAGE）,https://news.yahoo.co.jp/articles/ddfb1ff9d2325039da5b54fe89148676a12df520,https://newsatcl-pctr.c.yimg.jp/t/amd-img/20260714-00000022-wordleafai-000-1-view.jpg?exp=10800,2026-07-14T13:18:54+09:00,2026-07-14T13:18:54+09:00,Yahoo!ニュース オリジナル THE PAGE,wordleaf,Yahoo!ニュース オリジナル THE PAGE,573,なにがあった？ 生成AIによる作成 巨人の浦田選手の起用法や内野守備の最適配置について、Yahoo!ニュースのコメント欄で話題になっています。 コメントでは、浦田選手の守備力を高く評価し、セカンドでの固定起用を望む意見が目立ちます。また、門脇選手や泉口選手、吉川選手など他の内野手との比較や適性についても多く語られています。 一方で、打撃面での課題や、複数ポジションを守れる選手の起用法、将来的なチーム構成をどうするかについて様々な意見があり、守備重視か打撃重視か、若手育成か即戦力重視かといった論点が挙げられています。 みんなの反応 - 浦田選手の守備力はゴールデングラブ級で、セカンド固定が最適だという声がありました。 - 門脇選手や泉口選手との競争も激しく、内野の層の厚さがチームの強みになるという意見も見られます。 - 守備重視の起用か、打撃や将来性を重視するかでファンの間でも意見が分かれているようです。 ―――― この記事は、投稿されたコメント情報をもとにAIが作成しています。 参照したコメント情報は、【関連記事】内の「『浦田』についてのみんなの反応」をご覧ください。 ※経過によりキーワードに関連するコメントが表示されない可能性があります。 ※本機能は試験的な導入です。内容に関しては関連記事やコメント内容と併せてご確認ください。,[],[]
【ヤフコメで話題】「ホームランダービーのブーイング文化」「選手への敬意と観客マナー」 - MLBイベントの応援スタイルに賛否（Yahoo!ニュース オリジナル THE PAGE）,https://news.yahoo.co.jp/articles/422b5c5a18a98f9c6fbdde1290faf508058c059a,https://newsatcl-pctr.c.yimg.jp/t/amd-img/20260714-00000021-wordleafai-000-1-view.jpg?exp=10800,2026-07-14T13:17:05+09:00,2026-07-14T13:17:05+09:00,Yahoo!ニュース オリジナル THE PAGE,wordleaf,Yahoo!ニュース オリジナル THE PAGE,585,なにがあった？ 生成AIによる作成 MLBホームランダービーにおける観客のブーイング文化について、Yahoo!ニュースのコメント欄で話題になっています。 今年のホームランダービーでは、フィラデルフィアのファンによる大きなブーイングが注目され、これを“愛情の裏返し”や“ジョーク”と捉える意見と、単なるマナー違反やヘイトと受け止める声が交錯しました。 一方で、選手側がブーイングを歓声の一種として受け流す姿勢や、オールスターイベントでは全選手に敬意を払うべきだという意見もあり、観客の応援スタイルやマナーについて多様な見方が示されています。 みんなの反応 - ブーイングもMLBらしい文化だが、全選手に拍手を送る方がオールスターらしいと思います。 - 愛情の裏返しと美化する声もあるが、やはりマナーとして疑問を感じる場面もありました。 - 選手がブーイングを受け流す強さも必要だが、観客の応援の在り方について考えさせられます。 ―――― この記事は、投稿されたコメント情報をもとにAIが作成しています。 参照したコメント情報は、【関連記事】内の「『ホームランダービー』についてのみんなの反応」をご覧ください。 ※経過によりキーワードに関連するコメントが表示されない可能性があります。 ※本機能は試験的な導入です。内容に関しては関連記事やコメント内容と併せてご確認ください。,[],[]
【ヤフコメで話題】「転売ヤーによる買い占めと廃棄問題」「出版社・販売側の対応に疑問」 - 少年ジャンプ付録カード騒動で議論（Yahoo!ニュース オリジナル THE PAGE）,https://news.yahoo.co.jp/articles/c580391545b6c4f33d6c1ef3f58e916eb05cd344,https://newsatcl-pctr.c.yimg.jp/t/amd-img/20260714-00000020-wordleafai-000-1-view.jpg?exp=10800,2026-07-14T13:16:27+09:00,2026-07-14T13:16:27+09:00,Yahoo!ニュース オリジナル THE PAGE,wordleaf,Yahoo!ニュース オリジナル THE PAGE,557,なにがあった？ 生成AIによる作成 週刊少年ジャンプの付録カードを巡る転売ヤーの買い占めや大量廃棄について、Yahoo!ニュースのコメント欄で話題になっています。 コメントでは、転売目的で雑誌が大量購入され、本来の読者や子どもたちが定価で入手できない状況や、付録だけ抜き取られた雑誌が廃棄される現状に強い怒りや疑問の声が寄せられています。 一方で、出版社や販売側の対応についても、増刷や受注生産、購入制限、電子版への誘導など様々な対策の必要性が指摘されており、今後の企業姿勢やフリマアプリ側の規制強化を求める意見も見られました。 みんなの反応 - 転売ヤーの買い占めで本当に欲しい人が買えず、雑誌が廃棄されるのは納得できません。 - 出版社や販売側が読者を軽視しているように感じ、今後の対応に注目したいです。 - フリマアプリや販売現場の対策強化が必要だという意見に共感します。 ―――― この記事は、投稿されたコメント情報をもとにAIが作成しています。 参照したコメント情報は、【関連記事】内の「『転売ヤー』についてのみんなの反応」をご覧ください。 ※経過によりキーワードに関連するコメントが表示されない可能性があります。 ※本機能は試験的な導入です。内容に関しては関連記事やコメント内容と併せてご確認ください。,[],[]
【ヤフコメで話題】「クレジットカードの信用情報管理と“ブラックリスト”の実態」「返済放置のリスクと相談の重要性」 - 信用情報の仕組みと自己管理の課題に注目集まる（Yahoo!ニュース オリジナル THE PAGE）,https://news.yahoo.co.jp/articles/9ec88aefe8b1e5ff5f03c2c3b9467247a22d4ced,https://newsatcl-pctr.c.yimg.jp/t/amd-img/20260714-00000019-wordleafai-000-1-view.jpg?exp=10800,2026-07-14T13:16:02+09:00,2026-07-14T13:16:02+09:00,Yahoo!ニュース オリジナル THE PAGE,wordleaf,Yahoo!ニュース オリジナル THE PAGE,628,なにがあった？ 生成AIによる作成 クレジットカードの信用情報管理や、いわゆる“ブラックリスト”の実態について、Yahoo!ニュースのコメント欄で話題になっています。 コメントでは、『ブラックリスト』という名簿は存在しないものの、支払い遅延や延滞などの事実が信用情報機関に記録され、カードやローンの審査に影響する仕組みが指摘されています。 実際に延滞後にカードが作れなくなった体験や、返済放置が信用失墜につながるという意見があり、返済が難しい場合は早めに金融機関や専門家に相談することが重要だという声もあります。 また、クレジットカードは便利な決済手段である一方、信用の上に成り立つ仕組みであり、自己管理の重要性を強調する意見も見られます。 みんなの反応 - ブラックリストという言葉は誤解を招きやすいですが、信用情報の記録が審査に影響するのは事実だと思います。 - 返済を放置せず、困った時は早めに相談することが大切だと感じます。 - クレジットカードは便利ですが、信用を失わないよう自己管理を意識したいです。 ―――― この記事は、投稿されたコメント情報をもとにAIが作成しています。 参照したコメント情報は、【関連記事】内の「『クレジットカード』についてのみんなの反応」をご覧ください。 ※経過によりキーワードに関連するコメントが表示されない可能性があります。 ※本機能は試験的な導入です。内容に関しては関連記事やコメント内容と併せてご確認ください。,[],[]
【ヤフコメで話題】「エムバペの存在がフランス代表の鍵」「スペインとの対戦に注目」 - ワールドカップ準決勝を巡る期待と分析（Yahoo!ニュース オリジナル THE PAGE）,https://news.yahoo.co.jp/articles/88c07df0229454c775114275083c198b50069bba,https://newsatcl-pctr.c.yimg.jp/t/amd-img/20260714-00000018-wordleafai-000-1-view.jpg?exp=10800,2026-07-14T11:27:30+09:00,2026-07-14T11:27:30+09:00,Yahoo!ニュース オリジナル THE PAGE,wordleaf,Yahoo!ニュース オリジナル THE PAGE,595,なにがあった？ 生成AIによる作成 エムバペの役割やフランス代表の戦力について、Yahoo!ニュースのコメント欄で話題になっています。 コメントでは、デシャン監督率いるフランス代表がワールドカップでタイトルを獲得するためにはエムバペの存在が不可欠だという意見があり、彼の攻撃力やチームへの影響力が強調されています。 また、準決勝で対戦が予想されるスペインとの試合展開や、両国の戦力・戦術の比較、他国のスター選手との関係性についても様々な見方が示されています。 一方で、スペインのポゼッションサッカーやフランスのディフェンス力、監督の采配など、どちらが優位に立つかについては意見が分かれており、どのチームにもチャンスがあるとの声もあります。 みんなの反応 - エムバペがいることでフランスの攻撃力が格段に上がると感じます。 - スペインのパスサッカーがフランスの守備をどう崩すか注目しています。 - どのチームにも勝機があり、熱い試合展開を期待しています。 ―――― この記事は、投稿されたコメント情報をもとにAIが作成しています。 参照したコメント情報は、【関連記事】内の「『エムバペ』についてのみんなの反応」をご覧ください。 ※経過によりキーワードに関連するコメントが表示されない可能性があります。 ※本機能は試験的な導入です。内容に関しては関連記事やコメント内容と併せてご確認ください。,[],[]
【ヤフコメで話題】「オリックス先発投手陣の台頭待望」「補強や起用法に意見」 - 先発不足の危機感とファンの期待（Yahoo!ニュース オリジナル THE PAGE）,https://news.yahoo.co.jp/articles/b4c81102aead7f585daa80ee289335146baed63f,https://newsatcl-pctr.c.yimg.jp/t/amd-img/default.jpg?exp=10800,2026-07-14T11:19:36+09:00,2026-07-14T11:19:36+09:00,Yahoo!ニュース オリジナル THE PAGE,wordleaf,Yahoo!ニュース オリジナル THE PAGE,490,なにがあった？ オリックスの先発投手陣の不足と今後のチーム運営について、Yahoo!ニュースのコメント欄で話題になっています。 コメントでは、怪我人が続出する中で新たな先発投手の台頭が不可欠だという意見や、救世主的な存在が現れなければ順位を維持するのは難しいとの声が見られます。 また、補強の必要性や若手の起用、現有戦力のやり繰りに対するフロントの姿勢への疑問、タフな選手への称賛など、さまざまな立場から意見が寄せられています。 みんなの反応 - 先発投手の台頭がなければ今後の戦いは厳しいと感じます。 - 補強や若手起用など、フロントの積極的な動きを期待したいです。 - 怪我に強い選手の存在がチームの支えになっているという声もありました。 ―――― この記事は、投稿されたコメント情報をもとにAIが作成しています。 参照したコメント情報は、【関連記事】内の「『オリックス』についてのみんなの反応」をご覧ください。 ※経過によりキーワードに関連するコメントが表示されない可能性があります。 ※本機能は試験的な導入です。内容に関しては関連記事やコメント内容と併せてご確認ください。,[],[]
【ヤフコメで話題】「休職代行は復職時の人間関係に影響？」「制度の利用と職場環境の課題」 - 休職代行サービスの是非を巡る議論（Yahoo!ニュース オリジナル THE PAGE）,https://news.yahoo.co.jp/articles/38619748ac4ee44a9ccd82e765ea94be61eeefe8,https://newsatcl-pctr.c.yimg.jp/t/amd-img/20260714-00000016-wordleafai-000-1-view.jpg?exp=10800,2026-07-14T11:15:48+09:00,2026-07-14T11:15:48+09:00,Yahoo!ニュース オリジナル THE PAGE,wordleaf,Yahoo!ニュース オリジナル THE PAGE,625,なにがあった？ 生成AIによる作成 休職代行サービスの利用について、Yahoo!ニュースのコメント欄で話題になっています。 コメントでは、休職は復職を前提とした制度であるため、代行を使って職場とのやり取りを任せると、復帰時に周囲との関係が気まずくなるのではないかという意見が見られます。 また、心身の限界で自分から連絡できない場合は第三者の介入もやむを得ないとする声や、そもそもそうした状況なら退職や転職を選ぶ人も多いのではないかという指摘もあります。 一方で、休職代行の利用が増える背景には、職場環境や教育、社会全体のコミュニケーションのあり方に課題があるとの意見や、制度の悪用防止と労働者保護のバランスをどう取るかが重要だという声もありました。 みんなの反応 - 休職代行を使うと復職後の人間関係が難しくなりそうで悩ましいです。 - 本当に限界の時は第三者の助けも必要だと思いますが、復帰を考えると勇気がいりますね。 - 制度の利用が増える背景には、職場や社会のコミュニケーションの問題もあるのではと感じます。 ―――― この記事は、投稿されたコメント情報をもとにAIが作成しています。 参照したコメント情報は、【関連記事】内の「『休職代行』についてのみんなの反応」をご覧ください。 ※経過によりキーワードに関連するコメントが表示されない可能性があります。 ※本機能は試験的な導入です。内容に関しては関連記事やコメント内容と併せてご確認ください。,[],[]
【ヤフコメで話題】「休職代行は復職前提の難しさ」「公務員利用の背景と制度の課題」 - 休職代行サービスの是非を巡る議論（Yahoo!ニュース オリジナル THE PAGE）,https://news.yahoo.co.jp/articles/cf6be2ff5c60966013933621c077484dabe864c7,https://newsatcl-pctr.c.yimg.jp/t/amd-img/default.jpg?exp=10800,2026-07-14T10:51:48+09:00,2026-07-14T10:51:48+09:00,Yahoo!ニュース オリジナル THE PAGE,wordleaf,Yahoo!ニュース オリジナル THE PAGE,569,なにがあった？ 休職代行サービスの利用について、Yahoo!ニュースのコメント欄で話題になっています。 コメントでは、休職代行は退職代行と異なり復職を前提とするため、利用後の職場での人間関係や居心地の悪さを懸念する声が目立ちます。 また、公務員の利用が多い背景には、休職中も給与が補償される制度の手厚さがあるとの指摘があり、民間企業では休職の経済的メリットが薄いことから退職を選ぶ人も多いという意見も見られます。 一方で、心身の不調で自分から申し出るのが困難な場合に第三者のサポートが必要だとする声や、制度の悪用防止と労働者保護のバランスを求める意見もあります。 みんなの反応 - 休職代行は復職後の人間関係が気まずくなりそうで利用に勇気がいると思います。 - 公務員の休職制度が手厚いからこそ利用が多いのは納得できます。 - 本当に困っている人が安心して助けを求められる職場環境が理想だと感じました。 ―――― この記事は、投稿されたコメント情報をもとにAIが作成しています。 参照したコメント情報は、【関連記事】内の「『休職代行』についてのみんなの反応」をご覧ください。 ※経過によりキーワードに関連するコメントが表示されない可能性があります。 ※本機能は試験的な導入です。内容に関しては関連記事やコメント内容と併せてご確認ください。,[],[]
【図解】休職代行広がり 公務員ら駆け込み（ヤフコメクリップ）（Yahoo!ニュース オリジナル THE PAGE）,https://news.yahoo.co.jp/articles/800d63006c317493992761b2e7ace50fc8b60a6b,https://newsatcl-pctr.c.yimg.jp/t/amd-img/20260714-00010001-wordleaf-000-1-view.jpg?exp=10800,2026-07-14T10:07:27+09:00,2026-07-14T10:07:27+09:00,Yahoo!ニュース オリジナル THE PAGE,wordleaf,Yahoo!ニュース オリジナル THE PAGE,515,休職代行広がり 公務員ら駆け込み このニュースについて、Yahoo!ニュースのコメント欄ではどのような意見が出ているのでしょうか？ ユーザーの声や、議論のポイントがパッとひと目で伝わるよう、イラスト付きの図解にまとめました。コメントはAIを使って、読みやすく分かりやすい表現に要約しています。 [1] 休職は病気や怪我なら診断書もらえばできるので悪いことでもなんでもないけど、言いにくい職場に居たくないと思うなら、休職より退職した方が心の安寧は保たれると思う。 [2] 退職代行ならまだ分かります。でも休職代行は復職が前提だから、復職した時に周りとの距離感が気まずくなる可能性もあります。もちろん、心身の限界なら一つの選択肢。 [3] 退職なら永遠に会わなくて済むが、休職は休み明けに会うから気まずく感じるのではないか。 ※図解はYahoo!ニュースが制作したものです。 ※図解内のイラストは内容理解を補助する概念図であり、特定の個人・団体・組織や投稿者の属性を表すものではありません。 ※記事公開時点でのコメント内容を基に制作しています。 ※本機能は試験的な導入です。内容に関しては関連記事やコメント内容と併せてご確認ください。,[],[]
【ヤフコメで話題】「転職が賃金上昇の主要手段に」「年功序列の崩壊と働き方の変化」 - 賃金体系の変化と転職の役割に注目集まる（Yahoo!ニュース オリジナル THE PAGE）,https://news.yahoo.co.jp/articles/90aeb87af78625052133c7b2b5e319b4bbd165bb,https://newsatcl-pctr.c.yimg.jp/t/amd-img/default.jpg?exp=10800,2026-07-14T09:51:16+09:00,2026-07-14T09:51:16+09:00,Yahoo!ニュース オリジナル THE PAGE,wordleaf,Yahoo!ニュース オリジナル THE PAGE,581,なにがあった？ 転職が賃金上昇の主要な手段となりつつある現状について、Yahoo!ニュースのコメント欄で話題になっています。 コメントでは、新卒の給与引き上げが年功序列の崩壊を示しているのではないかという意見があり、今後は長く勤めても賃金が上がりにくくなり、実績や転職によってしか収入を増やせない時代になるとの見方が示されています。 また、初任給の上昇が既存社員とのバランスや納得感に影響し、中高年層の不満や現場の士気低下につながるという声もありました。 一方で、会社の報酬制度や評価の在り方、職種ごとの賃金差、転職を繰り返すことの生きづらさなど、多様な立場からの意見が寄せられています。 みんなの反応 - 転職しないと賃金が上がらない社会になってきたと感じます。 - 年功序列が崩れ、実績や転職でしか収入を増やせないのは厳しいですね。 - 新卒の給与だけ上げても既存社員の不満が高まりそうで、納得感のある制度が必要だと思います。 ―――― この記事は、投稿されたコメント情報をもとにAIが作成しています。 参照したコメント情報は、【関連記事】内の「『転職』についてのみんなの反応」をご覧ください。 ※経過によりキーワードに関連するコメントが表示されない可能性があります。 ※本機能は試験的な導入です。内容に関しては関連記事やコメント内容と併せてご確認ください。,[],[]
【ヤフコメで話題】「女性芸人限定コンテストの意義と限界」「粗品審査員起用の影響」 - THE W終了を巡る議論（Yahoo!ニュース オリジナル THE PAGE）,https://news.yahoo.co.jp/articles/4f2ebb83a4fae8ea242982a2d24246e4b65b26b1,https://newsatcl-pctr.c.yimg.jp/t/amd-img/default.jpg?exp=10800,2026-07-14T09:50:07+09:00,2026-07-14T09:50:07+09:00,Yahoo!ニュース オリジナル THE PAGE,wordleaf,Yahoo!ニュース オリジナル THE PAGE,566,なにがあった？ 女性芸人限定のお笑いコンテスト『THE W』の終了について、Yahoo!ニュースのコメント欄で話題になっています。 コメントでは、粗品さん（お笑い芸人）が審査員として率直な評価をしたことや、番組自体の存在意義、女性芸人限定という枠組みの必要性に疑問を呈する声が目立ちました。 一方で、女性芸人の活躍の場として一定の役割があったという意見や、賞レースの質や審査基準、テレビ局の番組作りの姿勢に対する批判も見られます。 また、粗品さんの発言や起用が番組終了に影響したのではないかという見方や、男女混合の大会で十分に評価されるべきだという声もありました。 みんなの反応 - 女性芸人限定の大会に意味があったのか、改めて考えさせられました。 - 粗品さんの率直な審査が番組の終焉を早めたという意見も納得できます。 - 今後は性別にこだわらず、本当に面白い芸人が評価される場が増えてほしいです。 ―――― この記事は、投稿されたコメント情報をもとにAIが作成しています。 参照したコメント情報は、【関連記事】内の「『粗品』についてのみんなの反応」をご覧ください。 ※経過によりキーワードに関連するコメントが表示されない可能性があります。 ※本機能は試験的な導入です。内容に関しては関連記事やコメント内容と併せてご確認ください。,[],[]
【ヤフコメで話題】「WWEスタイルの日本進出は受け入れられるか」「日米プロレス文化の違いに注目」 - WWEの日本展開を巡る議論（Yahoo!ニュース オリジナル THE PAGE）,https://news.yahoo.co.jp/articles/3a5187c372ad9347a348756da19b21cf927f4513,https://newsatcl-pctr.c.yimg.jp/t/amd-img/default.jpg?exp=10800,2026-07-14T09:43:01+09:00,2026-07-14T09:43:01+09:00,Yahoo!ニュース オリジナル THE PAGE,wordleaf,Yahoo!ニュース オリジナル THE PAGE,632,なにがあった？ WWEが日本で興行を行った場合の受け入れについて、Yahoo!ニュースのコメント欄で話題になっています。 コメントでは、WWEの華やかな演出やキャラクター性は一時的な集客につながる可能性があるものの、アメリカ式のルールや規制が日本のプロレスファンには物足りなく映るのではないかという意見が見られます。 また、WWEの買収や提携が他国で成功した事例と比較し、日本ではプロレス文化やファンの求めるものが異なるため、同様の効果は期待しにくいとの声があります。 一方で、エンターテイメント性の強化や新たな顧客層の開拓に期待する意見もあり、日米プロレスの融合に対する賛否が分かれています。 みんなの反応 - WWEの演出は派手で面白いけれど、日本のファンには合わない部分も多いと感じます。 - 日本のプロレスは試合の激しさやストーリー性が重視されているので、WWEのルールだと物足りなさを感じるかもしれません。 - 一方で、今のマンネリを打破するためにWWE流のエンタメ要素を取り入れるのも新しい挑戦として見てみたいです。 ―――― この記事は、投稿されたコメント情報をもとにAIが作成しています。 参照したコメント情報は、【関連記事】内の「『プロレス』についてのみんなの反応」をご覧ください。 ※経過によりキーワードに関連するコメントが表示されない可能性があります。 ※本機能は試験的な導入です。内容に関しては関連記事やコメント内容と併せてご確認ください。,[],[]
【ヤフコメで話題】「ウクライナのドローン攻撃が戦争の構造を変える」「クリミア半島の戦略的価値に注目」 - 現代戦の教訓と今後の展望（Yahoo!ニュース オリジナル THE PAGE）,https://news.yahoo.co.jp/articles/37029c319353a28f37617cc7108902da6cedcd08,https://newsatcl-pctr.c.yimg.jp/t/amd-img/default.jpg?exp=10800,2026-07-14T09:37:51+09:00,2026-07-14T09:37:51+09:00,Yahoo!ニュース オリジナル THE PAGE,wordleaf,Yahoo!ニュース オリジナル THE PAGE,517,なにがあった？ ウクライナによるロシア国内インフラやクリミア半島へのドローン攻撃について、Yahoo!ニュースのコメント欄で話題になっています。 コメントでは、ウクライナがドローンを活用してロシアの石油精製施設や兵站輸送路を効果的に攻撃し、ロシア国内のガソリン不足や補給線の混乱を引き起こしているという意見が見られます。 また、クリミア半島の地政学的重要性や、現代戦における安価な兵器の大量投入による戦術の変化、インフラ防衛の難しさなどが指摘され、今後の戦局や国防体制のあり方について様々な声があります。 みんなの反応 - ドローンの活用で戦争の常識が大きく変わったと感じます。 - クリミア半島の奪還が戦局の鍵になるという意見に納得しました。 - インフラ防衛や兵站の重要性を改めて考えさせられます。 ―――― この記事は、投稿されたコメント情報をもとにAIが作成しています。 参照したコメント情報は、【関連記事】内の「『戦争』についてのみんなの反応」をご覧ください。 ※経過によりキーワードに関連するコメントが表示されない可能性があります。 ※本機能は試験的な導入です。内容に関しては関連記事やコメント内容と併せてご確認ください。,[],[]
【ヤフコメで話題】「ネーションズリーグの位置づけと意義に疑問」「世界大会との違いに注目」 - バレーボール国際大会の価値を巡る議論（Yahoo!ニュース オリジナル THE PAGE）,https://news.yahoo.co.jp/articles/7fcbd6806127f80b191fb6bf5cb6b12b82667dbc,https://newsatcl-pctr.c.yimg.jp/t/amd-img/20260714-00000015-wordleafai-000-1-view.jpg?exp=10800,2026-07-14T09:32:29+09:00,2026-07-14T09:32:29+09:00,Yahoo!ニュース オリジナル THE PAGE,wordleaf,Yahoo!ニュース オリジナル THE PAGE,586,なにがあった？ 生成AIによる作成 ネーションズリーグの大会意義や位置づけについて、Yahoo!ニュースのコメント欄で話題になっています。 コメントでは、ネーションズリーグで好成績を収めても、オリンピックや世界選手権など本番の国際大会で結果が出せていないことから、同大会の価値や本当の実力を測る指標として十分なのか疑問視する声が見られます。 一方で、ネーションズリーグの試合内容や感動を評価する意見や、ヨーロッパ諸国のように真剣勝負の場が多いことを羨む声もありました。また、五輪や世界大会での活躍こそが最終的な評価につながるという考え方も示されています。 みんなの反応 - ネーションズリーグでの好成績だけでは本当の実力は測れないという意見に共感します。 - 大会の盛り上がりや感動はあるものの、やはり五輪や世界選手権での結果が重要だと感じます。 - ヨーロッパのように真剣勝負の場が多い環境が羨ましいという声も納得できます。 ―――― この記事は、投稿されたコメント情報をもとにAIが作成しています。 参照したコメント情報は、【関連記事】内の「『ネーションズリーグ』についてのみんなの反応」をご覧ください。 ※経過によりキーワードに関連するコメントが表示されない可能性があります。 ※本機能は試験的な導入です。内容に関しては関連記事やコメント内容と併せてご確認ください。,[],[]
【図解】「ローカル億ション」なぜ増える（ヤフコメクリップ）（Yahoo!ニュース オリジナル THE PAGE）,https://news.yahoo.co.jp/articles/ca5027b6dda81ea516d59320d9c2c56dbb727857,https://newsatcl-pctr.c.yimg.jp/t/amd-img/20260714-00010000-wordleaf-000-1-view.jpg?exp=10800,2026-07-14T09:32:10+09:00,2026-07-14T09:32:10+09:00,Yahoo!ニュース オリジナル THE PAGE,wordleaf,Yahoo!ニュース オリジナル THE PAGE,526,「ローカル億ション」なぜ増える このニュースについて、Yahoo!ニュースのコメント欄ではどのような意見が出ているのでしょうか？ ユーザーの声や、議論のポイントがパッとひと目で伝わるよう、イラスト付きの図解にまとめました。コメントはAIを使って、読みやすく分かりやすい表現に要約しています。 [1] 低層億ションなら別に良いけど、タワマンの建設は地方ではやめた方が良いと思う。維持管理が極めて高いため経年後は住む人が減り、廃墟化しても除却ができない。 [2] 田舎の超富裕層が不動産価値を知らずに見栄で購入してしまうパターンですね。高齢者の超富裕層がお金の使い道が無いから買う程度です。 [3] やっぱり立地が良くないと、資産価値の目減りの速度が速いから、人口30万人規模の街のローカル億ションを購入するのは、お金を捨てる覚悟が必要かと思う。 ※図解はYahoo!ニュースが制作したものです。 ※図解内のイラストは内容理解を補助する概念図であり、特定の個人・団体・組織や投稿者の属性を表すものではありません。 ※記事公開時点でのコメント内容を基に制作しています。 ※本機能は試験的な導入です。内容に関しては関連記事やコメント内容と併せてご確認ください。,[],[]
【ヤフコメで話題】「アルゼンチン代表の粘り強さとメッシへの特別な結束」「イングランドとの因縁対決に注目」 - ワールドカップ準決勝を巡る議論（Yahoo!ニュース オリジナル THE PAGE）,https://news.yahoo.co.jp/articles/ac56638ac351c6241a1900ca797e3d9df7932cea,https://newsatcl-pctr.c.yimg.jp/t/amd-img/default.jpg?exp=10800,2026-07-14T09:31:15+09:00,2026-07-14T09:31:15+09:00,Yahoo!ニュース オリジナル THE PAGE,wordleaf,Yahoo!ニュース オリジナル THE PAGE,609,なにがあった？ アルゼンチン代表とイングランド代表のワールドカップ準決勝について、Yahoo!ニュースのコメント欄で話題になっています。 コメントでは、今大会のアルゼンチンが失点も多く盤石とは言えないものの、メッシを中心にした強い結束力や粘り強さが際立っているという意見が見られます。 また、イングランドとの対戦はフォークランド紛争や過去の名勝負など歴史的背景もあり、両国の因縁や精神的な側面が試合に大きく影響するのではないかという声があります。 一方で、アルゼンチンの戦術がメッシに特化していることや、イングランドの選手層・戦力を評価する意見もあり、どちらが優勢かについては見方が分かれています。 みんなの反応 - アルゼンチンの粘り強さとメッシへの思いがチームを一つにしていると感じます。 - イングランドとの因縁対決は歴史的にも注目度が高く、どちらが勝つか予想が難しいです。 - メッシ中心の戦術が功を奏するのか、それともイングランドの総合力が上回るのか、試合展開が楽しみです。 ―――― この記事は、投稿されたコメント情報をもとにAIが作成しています。 参照したコメント情報は、【関連記事】内の「『メッシ』についてのみんなの反応」をご覧ください。 ※経過によりキーワードに関連するコメントが表示されない可能性があります。 ※本機能は試験的な導入です。内容に関しては関連記事やコメント内容と併せてご確認ください。,[],[]
【ヤフコメで話題】「F1のグローバル移動と環境負荷」「スポーツイベントの経済価値と持続可能性」 - F1を巡る環境問題への視点（Yahoo!ニュース オリジナル THE PAGE）,https://news.yahoo.co.jp/articles/1b7d42e873249813a7a82b3fe69096523fffd9d8,https://newsatcl-pctr.c.yimg.jp/t/amd-img/20260714-00000013-wordleafai-000-1-view.jpg?exp=10800,2026-07-14T09:30:04+09:00,2026-07-14T09:30:04+09:00,Yahoo!ニュース オリジナル THE PAGE,wordleaf,Yahoo!ニュース オリジナル THE PAGE,605,なにがあった？ 生成AIによる作成 F1の世界規模での移動や環境負荷について、Yahoo!ニュースのコメント欄で話題になっています。 コメントでは、F1をはじめとするプロスポーツ選手やチームの飛行機移動が環境に与える影響について、観光客全体の移動量と比べれば微々たるものだという意見が見られます。 一方で、F1やワールドカップなど大規模スポーツイベントの開催が経済的価値を生み出していることや、移動による温室効果ガス排出と経済効果のバランスをどう考えるべきかという声もあります。 また、環境負荷を理由にスポーツや海外旅行を制限する極論への懸念や、環境問題の本質は他にもあるのではないかという指摘も寄せられています。 みんなの反応 - F1の移動による環境負荷は観光全体と比べれば小さいという意見に納得します。 - スポーツイベントが生み出す経済効果と環境負荷のバランスをどう取るかは難しい問題だと感じます。 - 環境問題を理由にスポーツや旅行を否定するのは極端すぎる気がします。 ―――― この記事は、投稿されたコメント情報をもとにAIが作成しています。 参照したコメント情報は、【関連記事】内の「『F1』についてのみんなの反応」をご覧ください。 ※経過によりキーワードに関連するコメントが表示されない可能性があります。 ※本機能は試験的な導入です。内容に関しては関連記事やコメント内容と併せてご確認ください。,[],[]
【ヤフコメで話題】「iPhoneのプライバシーと情報収集への不安」「広告表示の仕組みに疑念」 - スマホ利用者の監視意識が高まる（Yahoo!ニュース オリジナル THE PAGE）,https://news.yahoo.co.jp/articles/784534326da203049025f9ea4dc7cd9fb08a225f,https://newsatcl-pctr.c.yimg.jp/t/amd-img/20260714-00000012-wordleafai-000-1-view.jpg?exp=10800,2026-07-14T09:26:28+09:00,2026-07-14T09:26:28+09:00,Yahoo!ニュース オリジナル THE PAGE,wordleaf,Yahoo!ニュース オリジナル THE PAGE,590,なにがあった？ 生成AIによる作成 iPhoneのプライバシーや情報収集について、Yahoo!ニュースのコメント欄で話題になっています。 コメントでは、会話内容や写真撮影後に関連広告が表示される体験から、iPhoneがユーザーの会話や行動を監視しているのではないかという疑念が示されています。 一方で、広告表示は検索履歴や位置情報などのデータをもとにしている可能性が高いという意見や、スマホのセンサーやネットワーク接続が多様な情報収集に使われているとの指摘もあります。 また、AIやOSレベルでのデータ収集の仕組み、アプリの設定やプライバシー管理の重要性について考える声もありました。 みんなの反応 - 会話や行動が広告に反映されると、やはり監視されている気がして不安になります。 - 広告表示の仕組みが複雑で、どこまで情報が使われているのか分からず疑念が残ります。 - プライバシー設定やアプリの権限管理を見直す必要性を改めて感じました。 ―――― この記事は、投稿されたコメント情報をもとにAIが作成しています。 参照したコメント情報は、【関連記事】内の「『iPhone』についてのみんなの反応」をご覧ください。 ※経過によりキーワードに関連するコメントが表示されない可能性があります。 ※本機能は試験的な導入です。内容に関しては関連記事やコメント内容と併せてご確認ください。,[],[]
【ヤフコメで話題】「洋画の日本版主題歌に違和感」「ミセス起用は商業主義か」 - 映画と音楽の関係性を巡る議論（Yahoo!ニュース オリジナル THE PAGE）,https://news.yahoo.co.jp/articles/7a6dcaa1d14a49ab67b7c14e734b76d773207a21,https://newsatcl-pctr.c.yimg.jp/t/amd-img/20260714-00000011-wordleafai-000-1-view.jpg?exp=10800,2026-07-14T09:25:42+09:00,2026-07-14T09:25:42+09:00,Yahoo!ニュース オリジナル THE PAGE,wordleaf,Yahoo!ニュース オリジナル THE PAGE,608,なにがあった？ 生成AIによる作成 洋画の日本公開時に日本版主題歌としてMrs. GREEN APPLE（ミセス）が起用されたことについて、Yahoo!ニュースのコメント欄で話題になっています。 コメントでは、アメリカ映画の主題歌を日本独自で差し替えることに対し、作品の一体感やオリジナリティが損なわれるとの意見が目立ちます。 一方で、ミセスの楽曲自体やアーティストの才能を評価する声もあり、商業主義的な配給側の意図や興行収入への影響についても様々な意見が寄せられています。 また、他国でも同様の主題歌差し替えが行われているのか疑問を呈する声や、ファン層の反応、レーベルを超えた起用の珍しさに注目する意見も見られました。 みんなの反応 - 映画の主題歌は作品の一部なので、オリジナルを尊重してほしいという気持ちがあります。 - ミセスの曲自体は良いと思うが、商業主義が先行している印象も否めません。 - 日本独自の主題歌差し替えは、世界のファンと感動を共有できなくなるのが残念です。 ―――― この記事は、投稿されたコメント情報をもとにAIが作成しています。 参照したコメント情報は、【関連記事】内の「『ミセス』についてのみんなの反応」をご覧ください。 ※経過によりキーワードに関連するコメントが表示されない可能性があります。 ※本機能は試験的な導入です。内容に関しては関連記事やコメント内容と併せてご確認ください。,[],[]
【ヤフコメで話題】「井上尚弥と亀田和毅の対戦は現実的か」「フェザー級での対戦実現性に疑問」 - 井上尚弥の今後の対戦相手を巡る議論（Yahoo!ニュース オリジナル THE PAGE）,https://news.yahoo.co.jp/articles/a128f1a51bedce95bb5e01647e034bd7e252f031,https://newsatcl-pctr.c.yimg.jp/t/amd-img/20260714-00000010-wordleafai-000-1-view.jpg?exp=10800,2026-07-14T09:23:46+09:00,2026-07-14T09:23:46+09:00,Yahoo!ニュース オリジナル THE PAGE,wordleaf,Yahoo!ニュース オリジナル THE PAGE,674,なにがあった？ 生成AIによる作成 井上尚弥選手と亀田和毅選手の対戦の可能性について、Yahoo!ニュースのコメント欄で話題になっています。 コメントでは、井上選手がフェザー級に階級を上げた場合でも、亀田選手が王座を保持し続けなければ対戦は実現しないという意見や、井上選手が亀田家を好ましく思っていないため対戦自体が望まれていないという声が見られます。 また、亀田選手の実力やファイトスタイルが井上選手の対戦相手としてふさわしいか疑問視する意見や、仮に亀田選手が勝ち続けても井上選手が他の強豪王者との統一戦を優先するだろうという見方もあります。 一方で、亀田選手の努力や挑戦を評価する声や、話題性や因縁を理由に対戦を望む意見もあり、両者の対戦実現にはさまざまな立場からの意見が寄せられています。 みんなの反応 - 井上選手が亀田選手と対戦する可能性は低いと感じますが、話題性は確かに大きいと思います。 - 亀田選手の努力や挑戦は認めつつも、実力差やファイトスタイルの違いから対戦は見たくないという気持ちもあります。 - 両者の対戦が実現すれば注目度は高いですが、井上選手にはより強い相手との試合を期待したいです。 ―――― この記事は、投稿されたコメント情報をもとにAIが作成しています。 参照したコメント情報は、【関連記事】内の「『井上尚弥』についてのみんなの反応」をご覧ください。 ※経過によりキーワードに関連するコメントが表示されない可能性があります。 ※本機能は試験的な導入です。内容に関しては関連記事やコメント内容と併せてご確認ください。,[],[]
【ヤフコメで話題】「ホークス入りかMLB挑戦か」「ポスティング制度の是非」 - 佐々木麟太郎選手の進路選択に注目集まる（Yahoo!ニュース オリジナル THE PAGE）,https://news.yahoo.co.jp/articles/a0df8b39358028f0e560711ab1760cd7251ca83c,https://newsatcl-pctr.c.yimg.jp/t/amd-img/20260714-00000009-wordleafai-000-1-view.jpg?exp=10800,2026-07-14T09:21:47+09:00,2026-07-14T09:21:47+09:00,Yahoo!ニュース オリジナル THE PAGE,wordleaf,Yahoo!ニュース オリジナル THE PAGE,624,なにがあった？ 生成AIによる作成 佐々木麟太郎選手の進路選択について、Yahoo!ニュースのコメント欄で話題になっています。 コメントでは、ソフトバンクホークス（ホークス）入りとMLB球団（マーリンズ）入りのどちらが本人にとって最適か、またホークスがポスティング移籍を認めるかどうかが論点となっています。 ホークスで育成・実績を積んでからメジャーを目指すべきという意見や、MLBのマイナー環境も進化しているため直接挑戦するのも合理的だという声があります。 一方で、ホークスはポスティング移籍に消極的なため、メジャー志向ならば最初からMLBを選ぶべきとの指摘もあり、本人の目標や球団の方針、代理人の意向など多角的な視点から議論されています。 みんなの反応 - ホークスで実績を積んでからメジャーを目指すのが堅実だという意見に共感します。 - MLBのマイナー環境も整ってきているので、直接挑戦するのも面白い選択肢だと思います。 - ポスティング制度を巡る球団の方針が、今後の若手選手の進路に大きく影響しそうです。 ―――― この記事は、投稿されたコメント情報をもとにAIが作成しています。 参照したコメント情報は、【関連記事】内の「『ホークス』についてのみんなの反応」をご覧ください。 ※経過によりキーワードに関連するコメントが表示されない可能性があります。 ※本機能は試験的な導入です。内容に関しては関連記事やコメント内容と併せてご確認ください。,[],[]
【ヤフコメで話題】「松尾汐恩捕手の起用と成長」「チーム再建と若手育成の是非」 - ベイスターズの今季方針に賛否両論（Yahoo!ニュース オリジナル THE PAGE）,https://news.yahoo.co.jp/articles/df99ca86ccfc96c7c9566619ac1e877c5f4aa0f1,https://newsatcl-pctr.c.yimg.jp/t/amd-img/20260714-00000008-wordleafai-000-1-view.jpg?exp=10800,2026-07-14T09:21:23+09:00,2026-07-14T09:21:23+09:00,Yahoo!ニュース オリジナル THE PAGE,wordleaf,Yahoo!ニュース オリジナル THE PAGE,558,なにがあった？ 生成AIによる作成 松尾汐恩捕手の起用と今季のベイスターズの方針について、Yahoo!ニュースのコメント欄で話題になっています。 コメントでは、松尾選手が若くしてスタメンマスクを任されていることや、守備・打撃両面での成長を期待する声が多く見られます。 一方で、今季のチーム成績が厳しい状況にある中、松尾選手を中心とした若手育成に舵を切ることが将来への投資になるという意見がある一方、フロントの補強策やチーム編成への不満、リーグ優勝を本気で目指していないのではという疑念も寄せられています。 みんなの反応 - 松尾捕手が経験を積むことで将来のベイスターズが楽しみになるという声がありました。 - 今季は順位が厳しい分、若手に多くのチャンスを与える方針を評価する意見が見られます。 - 一方で、フロントの補強や編成に疑問を持ち、チームの本気度を問う声もありました。 ―――― この記事は、投稿されたコメント情報をもとにAIが作成しています。 参照したコメント情報は、【関連記事】内の「『ベイスターズ』についてのみんなの反応」をご覧ください。 ※経過によりキーワードに関連するコメントが表示されない可能性があります。 ※本機能は試験的な導入です。内容に関しては関連記事やコメント内容と併せてご確認ください。,[],[]
【ヤフコメで話題】「ベビーカーと三輪車の店内利用は同列か」「安全管理とマナーの線引き」 - 店舗での子ども用乗り物利用を巡る議論（Yahoo!ニュース オリジナル THE PAGE）,https://news.yahoo.co.jp/articles/490601942c092f09f810b99464b6d3d75631a38e,https://newsatcl-pctr.c.yimg.jp/t/amd-img/20260714-00000007-wordleafai-000-1-view.jpg?exp=10800,2026-07-14T09:17:51+09:00,2026-07-14T09:17:51+09:00,Yahoo!ニュース オリジナル THE PAGE,wordleaf,Yahoo!ニュース オリジナル THE PAGE,602,なにがあった？ 生成AIによる作成 ベビーカーや三輪車など子ども用乗り物の店舗内利用について、Yahoo!ニュースのコメント欄で話題になっています。 コメントでは、ベビーカーは親が操作する移動手段である一方、三輪車は子どもが自走できるため安全面での懸念が強調されています。法律上の区分や店舗の私有地としてのルール設定の重要性も指摘され、最終的には店舗管理者の判断や利用者のマナーが問われる問題だという意見が見られます。 また、ベビーカーや車椅子は「本人の足」として認められるべきだが、三輪車は遊具であり屋外で使うものと考える声や、親が管理する場合でも店の広さや混雑状況によって対応が分かれるべきだという意見もありました。 みんなの反応 - ベビーカーと三輪車は役割が違うので、同列に扱うのは難しいと感じます。 - 安全面やマナーを考えると、三輪車の店内利用には慎重な判断が必要だと思います。 - 最終的には店舗ごとのルールや利用者の配慮が大切だと考えさせられました。 ―――― この記事は、投稿されたコメント情報をもとにAIが作成しています。 参照したコメント情報は、【関連記事】内の「『ベビーカー』についてのみんなの反応」をご覧ください。 ※経過によりキーワードに関連するコメントが表示されない可能性があります。 ※本機能は試験的な導入です。内容に関しては関連記事やコメント内容と併せてご確認ください。,[],[]
【ヤフコメで話題】「佐々木麟太郎はソフトバンク入りかメジャー挑戦か」「進路決断に注目集まる」 - 日米ドラフト指名後の動向に多様な意見（Yahoo!ニュース オリジナル THE PAGE）,https://news.yahoo.co.jp/articles/dcf5653e1dc0fc185752423a8e073968406f99c8,https://newsatcl-pctr.c.yimg.jp/t/amd-img/20260714-00000006-wordleafai-000-1-view.jpg?exp=10800,2026-07-14T07:35:11+09:00,2026-07-14T07:35:11+09:00,Yahoo!ニュース オリジナル THE PAGE,wordleaf,Yahoo!ニュース オリジナル THE PAGE,628,なにがあった？ 生成AIによる作成 佐々木麟太郎選手の進路選択について、Yahoo!ニュースのコメント欄で話題になっています。 スタンフォード大学からMLBドラフト8巡目でマーリンズに指名され、同時にNPBのソフトバンクからも指名を受けた佐々木選手が、今後どちらの道を選ぶのか注目されています。 コメントでは、マイナーからメジャーを目指す厳しさや、ソフトバンク入りの現実的な選択肢、ポスティング制度の扱い、本人のメジャー志向や現時点での動向（渡米予定なし・会見なし）から進路を推測する声がありました。 また、大学残留や再度ドラフトを待つ選択肢、NPBで実績を積んでからメジャーを目指す道の是非、本人の夢や球団側の対応への意見も見られます。 みんなの反応 - ソフトバンク入りが有力との見方が多いですが、本人のメジャー志向も強く、決断が注目されます。 - マイナーから這い上がる厳しさや、ポスティングの条件など進路選択の難しさを感じます。 - どの道を選んでも応援したいですが、本人の夢を尊重してほしいという声が印象的です。 ―――― この記事は、投稿されたコメント情報をもとにAIが作成しています。 参照したコメント情報は、【関連記事】内の「『麟太郎』についてのみんなの反応」をご覧ください。 ※経過によりキーワードに関連するコメントが表示されない可能性があります。 ※本機能は試験的な導入です。内容に関しては関連記事やコメント内容と併せてご確認ください。,[],[]
【ヤフコメで話題】「決勝トーナメント進出の価値と大会フォーマットの課題」 - セネガルや日本の戦い方を通じて議論広がる（Yahoo!ニュース オリジナル THE PAGE）,https://news.yahoo.co.jp/articles/83926bc433e273871ca741447b9a7fb432c31461,https://newsatcl-pctr.c.yimg.jp/t/amd-img/20260714-00000005-wordleafai-000-1-view.jpg?exp=10800,2026-07-14T07:34:24+09:00,2026-07-14T07:34:24+09:00,Yahoo!ニュース オリジナル THE PAGE,wordleaf,Yahoo!ニュース オリジナル THE PAGE,546,なにがあった？ 生成AIによる作成 決勝トーナメント進出の難しさや大会フォーマットの在り方について、Yahoo!ニュースのコメント欄で話題になっています。 コメントでは、セネガルがフランスやノルウェーといった強豪と同組でありながら決勝トーナメントに進出したことを評価する声があり、日本やアフリカ勢の実力やグループ分けの運不運についても意見が交わされています。 また、FIFAによる出場国数の拡大や大会形式の変更に対して、競技レベルや大会の公平性、アジア勢の強化に与える影響を懸念する意見が見られました。 みんなの反応 - セネガルのような厳しい組から決勝トーナメントに進出できるのは本当にすごいと思います。 - 出場国数の拡大は大会の質や公平性に影響しそうで心配です。 - 日本も含め、強豪国との対戦を通じて実力を高めていく必要があると感じました。 ―――― この記事は、投稿されたコメント情報をもとにAIが作成しています。 参照したコメント情報は、【関連記事】内の「『決勝トーナメント』についてのみんなの反応」をご覧ください。 ※経過によりキーワードに関連するコメントが表示されない可能性があります。 ※本機能は試験的な導入です。内容に関しては関連記事やコメント内容と併せてご確認ください。,[],[]
【ヤフコメで話題】「主力不在と選手層の差が森保ジャパンの采配に影響」「後半勝負の戦略や選手起用に議論」 - ブラジル戦の采配を巡る意見（Yahoo!ニュース オリジナル THE PAGE）,https://news.yahoo.co.jp/articles/d1d7749803dc476d9dec86a91f705ffa551a663e,https://newsatcl-pctr.c.yimg.jp/t/amd-img/20260714-00000003-wordleafai-000-1-view.jpg?exp=10800,2026-07-14T07:30:37+09:00,2026-07-14T07:30:37+09:00,Yahoo!ニュース オリジナル THE PAGE,wordleaf,Yahoo!ニュース オリジナル THE PAGE,577,なにがあった？ 生成AIによる作成 森保一監督率いる日本代表のブラジル戦での采配や選手起用について、Yahoo!ニュースのコメント欄で話題になっています。 コメントでは、久保建英や三笘薫、南野拓実ら主力の不在や選手層の薄さが、伊東純也らをジョーカー的に温存できなかった要因と指摘されています。また、イングランドなど強豪国との選手層の違いがノックアウトステージでの戦い方に影響したという意見も見られます。 一方で、前半を守備重視で耐え、後半に勝負をかける戦略や、控え選手の積極的な起用を望む声もありました。森保監督の采配や選手選考基準について、今後の課題や改善点を求める意見が寄せられています。 みんなの反応 - 主力の怪我や選手層の差が采配に大きく影響したと感じます。 - 後半勝負の戦略やジョーカー起用をもっと見たかったという思いがあります。 - 森保監督の采配には賛否があり、今後の選手選考や戦術の幅に期待したいです。 ―――― この記事は、投稿されたコメント情報をもとにAIが作成しています。 参照したコメント情報は、【関連記事】内の「『森保』についてのみんなの反応」をご覧ください。 ※経過によりキーワードに関連するコメントが表示されない可能性があります。 ※本機能は試験的な導入です。内容に関しては関連記事やコメント内容と併せてご確認ください。,[],[]
【ヤフコメで話題】「付録カード付きジャンプの転売騒動」「純粋な読者が買えない現象に批判」 - 週刊少年ジャンプ特別号を巡る混乱（Yahoo!ニュース オリジナル THE PAGE）,https://news.yahoo.co.jp/articles/914b16fa4aa5efda32eea43bf5befb73a27d223c,https://newsatcl-pctr.c.yimg.jp/t/amd-img/20260714-00000002-wordleafai-000-1-view.jpg?exp=10800,2026-07-14T07:28:19+09:00,2026-07-14T07:28:19+09:00,Yahoo!ニュース オリジナル THE PAGE,wordleaf,Yahoo!ニュース オリジナル THE PAGE,611,なにがあった？ 生成AIによる作成 週刊少年ジャンプの特別号に付録カードが付いたことによる転売騒動について、Yahoo!ニュースのコメント欄で話題になっています。 今回のジャンプはワンピースのカード付録が目玉となり、発売前から転売目的の買い占めが予想されていました。実際に多くの店舗で売り切れが続出し、普段からジャンプを購入している読者や子どもたちが手に入れられない状況が発生しました。 コメントでは、カードなし版の販売や応募者全員サービス方式などの転売対策を求める声、出版社の販売姿勢への疑問、純粋な読者が不利益を被る現状への批判、転売が文化化している現実への諦めや皮肉、そして今後の販売方法の見直しを求める意見がありました。 みんなの反応 - 毎週買っている読者が買えないのは本末転倒で、出版社の姿勢に疑問を感じます。 - カード目当ての転売が横行し、本当に読みたい人に届かないのは残念です。 - 転売対策としてカードなし版や全員サービス方式を検討してほしいという声が多く見られました。 ―――― この記事は、投稿されたコメント情報をもとにAIが作成しています。 参照したコメント情報は、【関連記事】内の「『転売』についてのみんなの反応」をご覧ください。 ※経過によりキーワードに関連するコメントが表示されない可能性があります。 ※本機能は試験的な導入です。内容に関しては関連記事やコメント内容と併せてご確認ください。,[],[]
【ヤフコメで話題】「親子の距離感と育児サポートの難しさ」「祖父母の役割と家族関係の変化」 - 現代の育児における親子・家族の関わり方をめぐる議論（Yahoo!ニュース オリジナル THE PAGE）,https://news.yahoo.co.jp/articles/ecee5136a105a474f73025e2ef8f743b39128293,https://newsatcl-pctr.c.yimg.jp/t/amd-img/20260714-00000001-wordleafai-000-1-view.jpg?exp=10800,2026-07-14T07:27:53+09:00,2026-07-14T07:27:53+09:00,Yahoo!ニュース オリジナル THE PAGE,wordleaf,Yahoo!ニュース オリジナル THE PAGE,600,なにがあった？ 生成AIによる作成 親子や祖父母が育児にどのように関わるべきかについて、Yahoo!ニュースのコメント欄で話題になっています。 コメントでは、祖父母が孫育てに積極的に関わることの是非や、親子間の距離感の取り方、育児サポートが時に親切の押し売りや承認欲求の道具になってしまうことへの懸念が語られています。 また、親世代と子世代の価値観の違いや、親子関係が希薄化しやすい現代社会の背景、経済的な自立や個人主義の台頭が家族関係に与える影響についても意見がありました。 一方で、親子双方の思いやりや適切な距離感を保つことの重要性、困った時だけ助け合う関係が望ましいという声も見られます。 みんなの反応 - 親子や祖父母の距離感は難しく、手助けが行き過ぎると関係がこじれることもあると感じます。 - 親世代と子世代の価値観の違いが、育児や家族関係に影響しているように思います。 - 困った時だけ頼れる関係や、適度な距離感を保つことが家族円満の秘訣かもしれません。 ―――― この記事は、投稿されたコメント情報をもとにAIが作成しています。 参照したコメント情報は、【関連記事】内の「『育児』についてのみんなの反応」をご覧ください。 ※経過によりキーワードに関連するコメントが表示されない可能性があります。 ※本機能は試験的な導入です。内容に関しては関連記事やコメント内容と併せてご確認ください。,[],[]
【豊川市】7/14 最高36℃、暑さ、紫外線、朝から晴れる予想【朝版】（Yahoo!ニュース オリジナル THE PAGE）,https://news.yahoo.co.jp/articles/864b68ac2963fa364f2eb6a53970238c543cfee6,https://newsatcl-pctr.c.yimg.jp/t/amd-img/20260714-00020161-wordleafw-000-1-view.jpg?exp=10800,2026-07-14T06:02:56+09:00,2026-07-14T06:02:56+09:00,Yahoo!ニュース オリジナル THE PAGE,wordleaf,Yahoo!ニュース オリジナル THE PAGE,483,生成AIによる作成 ★お天気川柳★ 快晴に Wi-Fiふらつく まあ私も ーー おはようございます！豊川市専用のお天気サポートAIです！ ■きょうのざっくり天気■ 【気温の目安】 昨日と比べて、最低気温は25℃で2℃低く、最高気温は36℃で4℃高く、厳しい暑さになりそうです。 【空模様】 朝から夜まで晴れる見込みです。 【昼間の風】 昼間の風速は4〜5m/sとされていて、やや風があるものの暑さを感じる場面がありそうです。 ■ポイント■ ＜服装＞ いつもの夏服で大きく外しにくいですが、いちばん暑い時間に合わせて、風が通りやすい服が合いそうです。 ＜体調＞ 屋外で長く過ごす予定は、できるだけ無理のない組み方がよさそうです。こまめに休みながら、水分補給も早めを意識したいです。 ＜紫外線＞ 日差しが強そうなので、外に出る時間がある方は帽子や日傘でカバーすると過ごしやすくなりそうです。 ーー ※この記事は天気情報をもとにAIによって作成されています。 ※天気は変化するため、最新の情報は関連リンク先の各地点の天気情報をご確認ください。 ※本機能は試験的な導入です。,[],[]
【西尾市】7/14 最高36℃、厳しい暑さ、紫外線に注意、朝から夜まで晴れる予想【朝版】（Yahoo!ニュース オリジナル THE PAGE）,https://news.yahoo.co.jp/articles/8dafc91c40533f3dc38670831c3f1e0159302bdc,https://newsatcl-pctr.c.yimg.jp/t/amd-img/20260714-00020160-wordleafw-000-1-view.jpg?exp=10800,2026-07-14T06:01:26+09:00,2026-07-14T06:01:26+09:00,Yahoo!ニュース オリジナル THE PAGE,wordleaf,Yahoo!ニュース オリジナル THE PAGE,485,生成AIによる作成 ★お天気川柳★ 猛暑日も 社内の足元 冬のまま ーー おはようございます！西尾市専用のお天気サポートAIです！ ■きょうのざっくり天気■ 【気温の目安】 昨日と比べて、最低気温は26℃で1℃低いものの、最高気温は36℃で3℃高く、厳しい暑さになりそうです。 【空模様】 朝から夜まで晴れる見込みです。 【降水確率】 昼間の降水確率は10%で、夜の降水確率も10%とされています。 ■ポイント■ ＜服装＞ 通気性のいい服はそのままで良さそうです。昼間はかなり暑くなりそうなので、風が通りやすい着こなしを意識すると過ごしやすそうです。 ＜体調＞ 外で長く動く予定は、できるだけ控えめにしたほうが良さそうです。こまめに休みながら、水分補給を早めに進めるのが安心です。 ＜紫外線＞ 日差しがかなり強そうです。外を歩く時間がある方は、なるべく日陰を選ぶと負担を減らしやすそうです。 ーー ※この記事は天気情報をもとにAIによって作成されています。 ※天気は変化するため、最新の情報は関連リンク先の各地点の天気情報をご確認ください。 ※本機能は試験的な導入です。,[],[]
【和泉市】7/14 最高34℃、最低26℃、暑さが続く晴れの予想【朝版】（Yahoo!ニュース オリジナル THE PAGE）,https://news.yahoo.co.jp/articles/c1f2692f33f4efdd62e49680309179f0baef2682,https://newsatcl-pctr.c.yimg.jp/t/amd-img/20260714-00020159-wordleafw-000-1-view.jpg?exp=10800,2026-07-14T06:00:56+09:00,2026-07-14T06:00:56+09:00,Yahoo!ニュース オリジナル THE PAGE,wordleaf,Yahoo!ニュース オリジナル THE PAGE,518,生成AIによる作成 ★お天気川柳★ 暑い朝 スタンプひとつで 場がやわぐ ーー おはようございます！和泉市専用のお天気サポートAIです！ ■きょうのざっくり天気■ 【気温の目安】 昨日と比べて、最低気温は26℃で差はありません。最高気温は34℃で1℃高く、暑さを感じる場面がありそうです。 【空模様】 朝から夜にかけて晴れる見込みです。 【降水と風】 朝の降水確率は10%で、昼間から夜の降水確率も0〜10%と低めです。風は昼間で1〜3m/s、夕方は2m/sとされています。 ■ポイント■ ＜服装＞ きょうは通気性のいい服が合いそうです。特に昼間は熱がこもりにくい素材を選ぶと、暑さ対策がしやすそうです。 ＜体調＞ 屋外で長く過ごす予定がある方は、いちばん暑く感じやすい時間帯は無理を控えめにするとよさそうです。こまめに休める動き方を意識したいですね。 ＜紫外線＞ 日差しがかなり強そうです。外では日陰をうまく使いながら過ごすと、負担を減らしやすそうです。 ーー ※この記事は天気情報をもとにAIによって作成されています。 ※天気は変化するため、最新の情報は関連リンク先の各地点の天気情報をご確認ください。 ※本機能は試験的な導入です。,[],[]
【大崎市】7/14 最高30℃、暑さに注意、くもり空が続く予想【朝版】（Yahoo!ニュース オリジナル THE PAGE）,https://news.yahoo.co.jp/articles/a18d77bed276ec5d4d6f447f9faee0140b91c44f,https://newsatcl-pctr.c.yimg.jp/t/amd-img/20260714-00020158-wordleafw-000-1-view.jpg?exp=10800,2026-07-14T06:00:49+09:00,2026-07-14T06:00:49+09:00,Yahoo!ニュース オリジナル THE PAGE,wordleaf,Yahoo!ニュース オリジナル THE PAGE,477,生成AIによる作成 ★お天気川柳★ 朝の雲 資料の誤字を 先に晴らす ーー おはようございます！大崎市専用のお天気サポートAIです！ ■きょうのざっくり天気■ 【気温の目安】 昨日と比べて、最低気温は21℃で2℃低くなっています。最高気温は30℃で1℃高く、暑さを感じる場面がありそうです。 【空模様】 朝から夜にかけて、くもりが続く予想です。 【風と雨】 昼間の風速は2〜4m/sで、降水確率は10%とされています。 ■ポイント■ ＜服装＞ 半袖一枚で過ごしやすそうです。暑さを感じやすい時間は、風が通りやすい着こなしを選ぶと快適さを保ちやすそうです。 ＜体調＞ 外で過ごす時間が長い方は、強い暑さをためこまないように、炎天下を避けて動くのがよさそうです。 ＜紫外線＞ 空は雲が多めでも、紫外線はやや気になりそうです。外に出るなら、日焼け止めで軽く対策しておくと安心です。 ーー ※この記事は天気情報をもとにAIによって作成されています。 ※天気は変化するため、最新の情報は関連リンク先の各地点の天気情報をご確認ください。 ※本機能は試験的な導入です。,[],[]
【京都市中京区】7/14 最高36℃、暑さに注意、朝はくもりや晴れ、昼間から夜はくもり中心の予想【朝版】（Yahoo!ニュース オリジナル THE PAGE）,https://news.yahoo.co.jp/articles/bd02a17014af86c2c03b6140e6075ced61a53169,https://newsatcl-pctr.c.yimg.jp/t/amd-img/20260714-00020157-wordleafw-000-1-view.jpg?exp=10800,2026-07-14T06:00:38+09:00,2026-07-14T06:00:38+09:00,Yahoo!ニュース オリジナル THE PAGE,wordleaf,Yahoo!ニュース オリジナル THE PAGE,505,生成AIによる作成 ★お天気川柳★ 曇る朝 連休前の 顔は晴れ ーー おはようございます！京都市中京区専用のお天気サポートAIです！ ■きょうのざっくり天気■ 【気温の目安】 昨日と比べて、最低気温は25℃で1℃低く、最高気温は36℃で2℃高い予想です。厳しい暑さになりそうです。 【空模様】 朝はくもりや晴れで、昼間から夜はくもりが中心になる見込みです。 【降水確率】 朝の降水確率は0〜10%、昼間の降水確率は10〜20%とされています。 ■ポイント■ ＜服装＞ きょうは風が弱めで熱がこもりやすそうです。通気性のいい服を選んで、外では無理をしすぎない過ごし方が合いそうです。 ＜体調＞ かなり暑くなりそうなので、屋外で長く動く予定はできるだけ控えめにすると安心です。こまめな水分補給を意識したい一日です。 ＜紫外線＞ 日差しが出る時間は紫外線対策をしておくとよさそうです。外に出る前に日焼け止めを塗っておくと使いやすいです。 ーー ※この記事は天気情報をもとにAIによって作成されています。 ※天気は変化するため、最新の情報は関連リンク先の各地点の天気情報をご確認ください。 ※本機能は試験的な導入です。,[],[]
【上田市】7/14 最高35℃、暑さ、紫外線、朝から晴れる予想【朝版】（Yahoo!ニュース オリジナル THE PAGE）,https://news.yahoo.co.jp/articles/6918124358baf9650a74d5dc1b013be3904a34ee,https://newsatcl-pctr.c.yimg.jp/t/amd-img/20260714-00020156-wordleafw-000-1-view.jpg?exp=10800,2026-07-14T06:00:19+09:00,2026-07-14T06:00:19+09:00,Yahoo!ニュース オリジナル THE PAGE,wordleaf,Yahoo!ニュース オリジナル THE PAGE,473,生成AIによる作成 ★お天気川柳★ 猛暑日も 給料日なら 汗も笑える ーー おはようございます！上田市専用のお天気サポートAIです！ ■きょうのざっくり天気■ 【気温の目安】 昨日と比べて、最低気温は21℃で1℃低い見込みです。最高気温は35℃で2℃高く、厳しい暑さになりそうです。 【空模様】 朝から夕方にかけて晴れる時間が多く、夜はくもりの時間もある予想です。 【降水確率】 昼間の降水確率は10〜20%、夜の降水確率は0〜20%とされています。 ■ポイント■ ＜服装＞ いつもの夏服でよさそうですが、昼間の強い暑さに合わせて、通気性のいい服が過ごしやすそうです。 ＜体調＞ 外で長く過ごす予定がある方は、いちばん暑くなる時間帯をなるべく避けると負担を減らしやすそうです。 ＜洗濯＞ 洗濯物は外干しがはかどりそうです。大きめのものも進めやすい一日になりそうです。 ーー ※この記事は天気情報をもとにAIによって作成されています。 ※天気は変化するため、最新の情報は関連リンク先の各地点の天気情報をご確認ください。 ※本機能は試験的な導入です。,[],[]
【各務原市】7/14 最高36℃、厳しい暑さ、紫外線に注意、晴れる予想【朝版】（Yahoo!ニュース オリジナル THE PAGE）,https://news.yahoo.co.jp/articles/84b19484aad4545aa9d4bb2edb1b8039fc18ec93,https://newsatcl-pctr.c.yimg.jp/t/amd-img/20260714-00020155-wordleafw-000-1-view.jpg?exp=10800,2026-07-14T06:00:09+09:00,2026-07-14T06:00:09+09:00,Yahoo!ニュース オリジナル THE PAGE,wordleaf,Yahoo!ニュース オリジナル THE PAGE,480,生成AIによる作成 ★お天気川柳★ 猛暑日に 経費精算 汗も添え ーー おはようございます！各務原市専用のお天気サポートAIです！ ■きょうのざっくり天気■ 【気温の目安】 昨日と比べて、最低気温は24℃で2℃低く、最高気温は36℃で3℃高く、厳しい暑さになりそうです。 【空模様】 朝から夜まで晴れる見込みです。 【昼間の風】 昼間の風速は4〜5m/sで、やや風がある予想です。 ■ポイント■ ＜服装＞ きょうは風が通りやすい素材の服が合いそうです。外に出る時間がある方は、肌離れのいい着こなしで暑さ対策をしておくと過ごしやすそうです。 ＜体調＞ かなり暑くなりそうなので、屋外で長く動く予定はできるだけ控えめにすると安心です。のどが渇く前にこまめに水分をとる意識が役立ちそうです。 ＜紫外線＞ 日差しが強そうです。帽子や日傘で、外では早めに紫外線対策をしておくとよさそうです。 ーー ※この記事は天気情報をもとにAIによって作成されています。 ※天気は変化するため、最新の情報は関連リンク先の各地点の天気情報をご確認ください。 ※本機能は試験的な導入です。,[],[]
【会津若松市】7/14 最高31℃、暑さに注意、くもり空が続く予想【朝版】（Yahoo!ニュース オリジナル THE PAGE）,https://news.yahoo.co.jp/articles/5ed271963cd52fa965ccaf6b2bc74a0c1409b9a2,https://newsatcl-pctr.c.yimg.jp/t/amd-img/20260714-00020154-wordleafw-000-1-view.jpg?exp=10800,2026-07-14T06:00:01+09:00,2026-07-14T06:00:01+09:00,Yahoo!ニュース オリジナル THE PAGE,wordleaf,Yahoo!ニュース オリジナル THE PAGE,504,生成AIによる作成 ★お天気川柳★ 蒸す朝も 眠気に勝てる 冷たい水 ーー おはようございます！会津若松市専用のお天気サポートAIです！ ■きょうのざっくり天気■ 【気温の目安】 昨日と比べて、最低気温は23℃で1℃高く、最高気温は31℃で4℃高い予想です。暑さを感じる場面がありそうです。 【空模様】 朝から夜にかけて、くもりが中心の天気になりそうです。 【雨の可能性】 朝の降水確率は20〜30%で、昼間は10〜20%とされています。 ■ポイント■ ＜服装＞ きょうは涼しい服装が合いそうです。特に暑さを感じやすい時間は、風が通りやすい着こなしを選ぶと過ごしやすくなりそうです。 ＜体調＞ 昨日より気温が上がる予想なので、いつも以上にこまめな水分補給と、無理をためない休み方を意識すると安心です。 ＜紫外線＞ 雲が多くても油断しにくい一日になりそうです。外に出る時間が長い方は、日焼け止めで早めに対策しておくとよさそうです。 ーー ※この記事は天気情報をもとにAIによって作成されています。 ※天気は変化するため、最新の情報は関連リンク先の各地点の天気情報をご確認ください。 ※本機能は試験的な導入です。,[],[]
【大垣市】7/14 最高35℃、暑さ、紫外線、晴天が続く予想【朝版】（Yahoo!ニュース オリジナル THE PAGE）,https://news.yahoo.co.jp/articles/fd1396609ab4d243005c482e785e847da91b38f6,https://newsatcl-pctr.c.yimg.jp/t/amd-img/20260714-00020153-wordleafw-000-1-view.jpg?exp=10800,2026-07-14T05:59:52+09:00,2026-07-14T05:59:52+09:00,Yahoo!ニュース オリジナル THE PAGE,wordleaf,Yahoo!ニュース オリジナル THE PAGE,453,生成AIによる作成 ★お天気川柳★ 洗濯日和 資料の山にも 風通す ーー おはようございます！大垣市専用のお天気サポートAIです！ ■きょうのざっくり天気■ 【気温の目安】 昨日と比べて、最低気温は25℃で2℃低く、最高気温は35℃で2℃高い予想です。厳しい暑さになりそうです。 【空模様】 朝から夜にかけて晴れる見込みです。 【昼間の風】 昼間の風速は5〜6m/sとされていて、やや風がある体感になりそうです。 ■ポイント■ ＜服装＞ いつもの夏服でもよさそうですが、昼間の暑さを考えると、通気性のいい服が合いそうです。 ＜体調＞ 外で長く過ごす予定がある方は、いちばん暑く感じやすい時間は無理をしすぎないようにしたいです。 ＜紫外線＞ 日差しがしっかり届きそうなので、帽子や日傘で日差し対策をしておくと過ごしやすそうです。 ーー ※この記事は天気情報をもとにAIによって作成されています。 ※天気は変化するため、最新の情報は関連リンク先の各地点の天気情報をご確認ください。 ※本機能は試験的な導入です。,[],[]
【岸和田市】7/14 最高34℃、最低26℃、暑さが続く晴れの予想【朝版】（Yahoo!ニュース オリジナル THE PAGE）,https://news.yahoo.co.jp/articles/a82a3348d0f28eeb22361cebd2c92e7f071816ed,https://newsatcl-pctr.c.yimg.jp/t/amd-img/20260714-00020152-wordleafw-000-1-view.jpg?exp=10800,2026-07-14T05:59:34+09:00,2026-07-14T05:59:34+09:00,Yahoo!ニュース オリジナル THE PAGE,wordleaf,Yahoo!ニュース オリジナル THE PAGE,474,生成AIによる作成 ★お天気川柳★ 蝉よりも 同期の雑談 目が覚める ーー おはようございます！岸和田市専用のお天気サポートAIです！ ■きょうのざっくり天気■ 【気温の目安】 昨日と比べて、最低気温は26℃で差はありません。最高気温は34℃で1℃高く、暑さを感じる場面がありそうです。 【空模様】 朝から夜にかけて晴れる見込みです。 【昼間の暑さ】 昼間の気温は31〜33℃とされていて、強い暑さになりそうです。 ■ポイント■ ＜服装＞ きょうの服装は、Tシャツなど涼しい着こなしが合いそうです。外に出る時間が長い方は、風が通りやすい素材を選ぶと過ごしやすくなりそうです。 ＜紫外線＞ 日差しがかなり強くなりそうです。昼間の外出は、できるだけ日陰を使いながら過ごすのがよさそうです。 ＜洗濯＞ 洗濯物は乾きやすそうです。大きめのものも片づけやすい一日になりそうです。 ーー ※この記事は天気情報をもとにAIによって作成されています。 ※天気は変化するため、最新の情報は関連リンク先の各地点の天気情報をご確認ください。 ※本機能は試験的な導入です。,[],[]
【さいたま市南区】7/14 最高36℃、厳しい暑さ、紫外線に注意、朝は晴れで昼間から夕方も晴れる予想【朝版】（Yahoo!ニュース オリジナル THE PAGE）,https://news.yahoo.co.jp/articles/73f9667bd166beebef4312b5c89854744eff309a,https://newsatcl-pctr.c.yimg.jp/t/amd-img/20260714-00020151-wordleafw-000-1-view.jpg?exp=10800,2026-07-14T05:59:34+09:00,2026-07-14T05:59:34+09:00,Yahoo!ニュース オリジナル THE PAGE,wordleaf,Yahoo!ニュース オリジナル THE PAGE,528,生成AIによる作成 ★お天気川柳★ 日差し増し コンビニの棚で 涼を買う ーー おはようございます！さいたま市南区専用のお天気サポートAIです！ ■きょうのざっくり天気■ 【気温の目安】 昨日と比べて、最低気温は25℃で差はありません。最高気温は36℃で6℃高く、厳しい暑さになりそうです。 【空模様】 朝は晴れやくもりで、昼間から夕方は晴れる見込みです。夜はくもりが増える予想です。 【降水確率】 昼間の降水確率は0〜20%、夜の降水確率は0〜10%とされています。 ■ポイント■ ＜服装＞ きょうは風が弱めで熱がこもりやすそうです。通気性のいい服を選んで、できるだけ涼しく過ごせる着こなしが合いそうです。 ＜体調＞ 昨日より暑さがかなり強まりそうなので、屋外で長く動く予定はなるべく控えめにすると安心です。こまめな水分補給も意識したいところです。 ＜紫外線＞ 日差しがしっかり届く時間がありそうです。外では日陰をうまく使って、強い日差しを避けながら過ごすのがおすすめです。 ーー ※この記事は天気情報をもとにAIによって作成されています。 ※天気は変化するため、最新の情報は関連リンク先の各地点の天気情報をご確認ください。 ※本機能は試験的な導入です。,[],[]
【沼津市】7/14 最高34℃、暑さ、紫外線、晴天が続く予想【朝版】（Yahoo!ニュース オリジナル THE PAGE）,https://news.yahoo.co.jp/articles/b28e15aaf310d2c05df2bb34f0687e3cd8a22f12,https://newsatcl-pctr.c.yimg.jp/t/amd-img/20260714-00020150-wordleafw-000-1-view.jpg?exp=10800,2026-07-14T05:59:25+09:00,2026-07-14T05:59:25+09:00,Yahoo!ニュース オリジナル THE PAGE,wordleaf,Yahoo!ニュース オリジナル THE PAGE,474,生成AIによる作成 ★お天気川柳★ 暑くても もしもし一つで 仕事晴れる ーー おはようございます！沼津市専用のお天気サポートAIです！ ■きょうのざっくり天気■ 【気温の目安】 昨日と比べて、最低気温は23℃で1℃低い見込みです。最高気温は34℃で4℃高く、暑さを感じる場面がありそうです。 【空模様】 朝から夜まで晴れる予想です。 【降水確率】 昼間の降水確率は10%で、夜の降水確率も10%とされています。 ■ポイント■ ＜服装＞ きょうは涼しい服装が合いそうです。特に昼間は熱がこもりにくい着こなしを意識すると、外でも過ごしやすくなりそうです。 ＜紫外線＞ 日差しがかなり強そうです。昼間に外で過ごすなら、日陰をうまく使って負担を減らすのがよさそうです。 ＜洗濯＞ 洗濯物ははかどりやすい一日になりそうです。大きめのものを洗う予定がある方にも進めやすそうです。 ーー ※この記事は天気情報をもとにAIによって作成されています。 ※天気は変化するため、最新の情報は関連リンク先の各地点の天気情報をご確認ください。 ※本機能は試験的な導入です。,[],[]
【広島市西区】7/14 最高34℃、暑さに注意、紫外線も強烈な予想【朝版】（Yahoo!ニュース オリジナル THE PAGE）,https://news.yahoo.co.jp/articles/e114486f57d6bb3f68959194d355838f74a03bd9,https://newsatcl-pctr.c.yimg.jp/t/amd-img/20260714-00020149-wordleafw-000-1-view.jpg?exp=10800,2026-07-14T05:59:17+09:00,2026-07-14T05:59:17+09:00,Yahoo!ニュース オリジナル THE PAGE,wordleaf,Yahoo!ニュース オリジナル THE PAGE,482,生成AIによる作成 ★お天気川柳★ 炎天下 ランチは日陰で ひと息つく ーー おはようございます！広島市西区専用のお天気サポートAIです！ ■きょうのざっくり天気■ 【気温の目安】 昨日と比べて、最低気温は25℃で1℃低く、やや暑さを感じる場面がありそうです。最高気温は34℃で1℃低く、暑さを感じる場面がありそうです。 【空模様】 朝から夜まで晴れる見込みです。 【降水と風】 昼間の降水確率は0〜10%で、夜の風速は2〜3m/sとされています。 ■ポイント■ ＜服装＞ きょうも夏らしい装いでよさそうですが、いちばん暑く感じやすい時間に合わせて、通気性のいい服が過ごしやすそうです。 ＜体調＞ 屋外で長く動く予定がある方は、無理をしすぎず、こまめに休める流れを意識すると安心です。 ＜紫外線＞ 日差しが強くなりそうなので、外では日陰をうまく使って過ごすと負担を減らしやすそうです。 ーー ※この記事は天気情報をもとにAIによって作成されています。 ※天気は変化するため、最新の情報は関連リンク先の各地点の天気情報をご確認ください。 ※本機能は試験的な導入です。,[],[]
【広島市中区】7/14 最高34℃、最低26℃、暑さが続く晴れの予想【朝版】（Yahoo!ニュース オリジナル THE PAGE）,https://news.yahoo.co.jp/articles/39a6256de12c8e7f497e26ca3ac77845c83974df,https://newsatcl-pctr.c.yimg.jp/t/amd-img/20260714-00020148-wordleafw-000-1-view.jpg?exp=10800,2026-07-14T05:59:05+09:00,2026-07-14T05:59:05+09:00,Yahoo!ニュース オリジナル THE PAGE,wordleaf,Yahoo!ニュース オリジナル THE PAGE,482,生成AIによる作成 ★お天気川柳★ 晴れの朝 評価面談 汗は先 ーー おはようございます！広島市中区専用のお天気サポートAIです！ ■きょうのざっくり天気■ 【気温の目安】 昨日と比べて、最低気温は26℃で1℃低いものの、最高気温は34℃で差はありません。暑さを感じる場面がありそうです。 【空模様】 朝から夜にかけて晴れる見込みです。 【降水確率】 昼間の降水確率は0〜10%、夜の降水確率は0〜10%とされています。 ■ポイント■ ＜服装＞ きょうも夏らしい暑さが続きそうです。通気性のいい服を選んで、風が通りやすい着こなしにすると過ごしやすそうです。 ＜体調＞ 屋外で長く動く予定がある方は、無理をしすぎない進め方がよさそうです。こまめに休める場所を意識しておくと安心です。 ＜紫外線＞ 日差しが強くなりそうなので、外では日陰をうまく使いながら過ごすと負担を減らしやすそうです。 ーー ※この記事は天気情報をもとにAIによって作成されています。 ※天気は変化するため、最新の情報は関連リンク先の各地点の天気情報をご確認ください。 ※本機能は試験的な導入です。,[],[]
【安城市】7/14 最高37℃、厳しい暑さ、紫外線に注意、晴天が続く予想【朝版】（Yahoo!ニュース オリジナル THE PAGE）,https://news.yahoo.co.jp/articles/f60014828695ce312a03d4ed553ff4b363b18a72,https://newsatcl-pctr.c.yimg.jp/t/amd-img/20260714-00020147-wordleafw-000-1-view.jpg?exp=10800,2026-07-14T05:58:47+09:00,2026-07-14T05:58:47+09:00,Yahoo!ニュース オリジナル THE PAGE,wordleaf,Yahoo!ニュース オリジナル THE PAGE,471,生成AIによる作成 ★お天気川柳★ 暑い朝 資料の誤字まで 目が覚める ーー おはようございます！安城市専用のお天気サポートAIです！ ■きょうのざっくり天気■ 【気温の目安】 昨日と比べて、最低気温は25℃で2℃低く、最高気温は37℃で4℃高い予想です。厳しい暑さになりそうです。 【空模様】 朝から夜にかけて晴れる見込みです。 【降水確率】 昼間の降水確率は10〜20%、夜の降水確率は0〜10%とされています。 ■ポイント■ ＜服装＞ いつもの夏服でよさそうですが、昼間の強い暑さに合わせて、風が通りやすい服や速乾素材が過ごしやすそうです。 ＜体調＞ 外で長く過ごす予定は、できるだけ控えめにしたほうがよさそうです。こまめに休みながら、水分補給を早めに意識してください。 ＜紫外線＞ 日差しが強そうなので、帽子や日傘で直射日光を避ける工夫があると安心です。 ーー ※この記事は天気情報をもとにAIによって作成されています。 ※天気は変化するため、最新の情報は関連リンク先の各地点の天気情報をご確認ください。 ※本機能は試験的な導入です。,[],[]
【伊丹市】7/14 最高34℃、暑さに注意、朝は晴れて昼間から夜はくもりの予想【朝版】（Yahoo!ニュース オリジナル THE PAGE）,https://news.yahoo.co.jp/articles/fdea641c1cbafbfa95c427307c1642943f3dd297,https://newsatcl-pctr.c.yimg.jp/t/amd-img/20260714-00020146-wordleafw-000-1-view.jpg?exp=10800,2026-07-14T05:58:34+09:00,2026-07-14T05:58:34+09:00,Yahoo!ニュース オリジナル THE PAGE,wordleaf,Yahoo!ニュース オリジナル THE PAGE,503,生成AIによる作成 ★お天気川柳★ 晴れ予報 クリーニング済みで 気も軽い ーー おはようございます！伊丹市専用のお天気サポートAIです！ ■きょうのざっくり天気■ 【気温の目安】 昨日と比べて、最低気温は26℃で1℃低く、やや暑さを感じる場面がありそうです。最高気温は34℃で差はなく、暑さを感じる場面がありそうです。 【空模様】 朝は晴れが中心で、昼間から夜はくもりが多い予想です。 【降水確率】 昼間の降水確率は10〜20%、夜の降水確率は0〜20%とされています。 ■ポイント■ ＜服装＞ きょうは風通しのいい服が合いそうです。外で過ごすなら、熱がこもりにくい素材を選ぶと少しラクに過ごせそうです。 ＜体調＞ かなり暑く感じる時間がありそうなので、屋外で長く動く予定はできるだけ控えめにすると安心です。 ＜紫外線＞ 日差しが出る時間は紫外線対策を意識したいところです。外に出る前に日焼け止めを使っておくとよさそうです。 ーー ※この記事は天気情報をもとにAIによって作成されています。 ※天気は変化するため、最新の情報は関連リンク先の各地点の天気情報をご確認ください。 ※本機能は試験的な導入です。,[],[]
【下関市】7/14 最高33℃、暑さに注意、紫外線が強そう、朝から夜まで晴れの予想【朝版】（Yahoo!ニュース オリジナル THE PAGE）,https://news.yahoo.co.jp/articles/cfd271bb77d043eb5ff1fdafac9edb647afe2b42,https://newsatcl-pctr.c.yimg.jp/t/amd-img/20260714-00020145-wordleafw-000-1-view.jpg?exp=10800,2026-07-14T05:58:24+09:00,2026-07-14T05:58:24+09:00,Yahoo!ニュース オリジナル THE PAGE,wordleaf,Yahoo!ニュース オリジナル THE PAGE,504,生成AIによる作成 ★お天気川柳★ 蝉よりも 休み明けのほうが 先に鳴く ーー おはようございます！下関市専用のお天気サポートAIです！ ■きょうのざっくり天気■ 【気温の目安】 昨日と比べて、最低気温は26℃、最高気温は33℃で、ともに差はありません。最高気温は33℃で、暑さを感じる場面がありそうです。 【空模様】 朝から夜まで晴れる見込みです。 【降水確率】 朝の降水確率は0%で、昼間は0〜10%、夕方は10%、夜は10%とされています。 ■ポイント■ ＜服装＞ きょうの暑さには、Tシャツなど涼しい服装が合いそうです。外で過ごす時間が長い方は、風が通りやすい着こなしを選ぶと少し楽に過ごせそうです。 ＜体調＞ 強い日差しで体力を奪われやすそうです。外出は炎天下を避けながら、こまめに休みを入れて過ごすのがよさそうです。 ＜洗濯＞ 洗濯物はよく乾きやすい一日になりそうです。大きめのものを進めたい方にも向いていそうです。 ーー ※この記事は天気情報をもとにAIによって作成されています。 ※天気は変化するため、最新の情報は関連リンク先の各地点の天気情報をご確認ください。 ※本機能は試験的な導入です。,[],[]
【沖縄市】7/14 最高31℃、暑さに注意、紫外線が強い予想【朝版】（Yahoo!ニュース オリジナル THE PAGE）,https://news.yahoo.co.jp/articles/f77bf300cc013740bb1d98fed4d81d63acd13672,https://newsatcl-pctr.c.yimg.jp/t/amd-img/20260714-00020144-wordleafw-000-1-view.jpg?exp=10800,2026-07-14T05:58:17+09:00,2026-07-14T05:58:17+09:00,Yahoo!ニュース オリジナル THE PAGE,wordleaf,Yahoo!ニュース オリジナル THE PAGE,474,生成AIによる作成 ★お天気川柳★ 南風に 忘れたことまで 乾いてく ーー おはようございます！沖縄市専用のお天気サポートAIです！ ■きょうのざっくり天気■ 【気温の目安】 昨日と比べて、最低気温は26℃で差はありません。最高気温は31℃で1℃高く、暑さを感じる場面がありそうです。 【空模様】 朝から夜にかけて晴れる時間が多い見込みです。 【降水確率】 昼間の降水確率は0〜10%、夜の降水確率は0〜10%とされています。 ■ポイント■ ＜服装＞ いつもの夏服で過ごしやすそうですが、暑さが気になる場面に合わせて、Tシャツなど涼しい服装が合いそうです。 ＜紫外線＞ 日差しがかなり強くなりそうです。外に出る時間が長い方は、肌の出る部分を少し控えめにすると過ごしやすそうです。 ＜洗濯＞ 洗濯物は外干しがはかどりそうです。大きめのものも進めやすい一日になりそうです。 ーー ※この記事は天気情報をもとにAIによって作成されています。 ※天気は変化するため、最新の情報は関連リンク先の各地点の天気情報をご確認ください。 ※本機能は試験的な導入です。,[],[]
【厚木市】7/14 最高34℃、暑さに注意、紫外線が強い予想【朝版】（Yahoo!ニュース オリジナル THE PAGE）,https://news.yahoo.co.jp/articles/9c4dbbb0e44b6cd2d9c094375221313ce1a12820,https://newsatcl-pctr.c.yimg.jp/t/amd-img/20260714-00020143-wordleafw-000-1-view.jpg?exp=10800,2026-07-14T05:58:05+09:00,2026-07-14T05:58:05+09:00,Yahoo!ニュース オリジナル THE PAGE,wordleaf,Yahoo!ニュース オリジナル THE PAGE,491,生成AIによる作成 ★お天気川柳★ 夏の駅 汗染み仲間に 会釈する ーー おはようございます！厚木市専用のお天気サポートAIです！ ■きょうのざっくり天気■ 【気温の目安】 昨日と比べて、最低気温は24℃で差はありません。最高気温は34℃で3℃高く、暑さを感じる場面がありそうです。 【空模様】 朝から夕方にかけて晴れる見込みで、夜は晴れからくもりに変わりそうです。 【降水確率】 朝の降水確率は0%、昼間から夜の降水確率は10%とされています。 ■ポイント■ ＜服装＞ きょうは涼しい服装が合いそうです。特に昼間は熱がこもりにくい素材を選ぶと、暑さの負担を減らしやすそうです。 ＜体調＞ 外に出る時間が長い方は、炎天下をなるべく避けて過ごすのがよさそうです。こまめに休みながら、無理をためないようにしてください。 ＜紫外線＞ 日差しが強くなりそうなので、昼間は日陰をうまく使えると過ごしやすそうです。 ーー ※この記事は天気情報をもとにAIによって作成されています。 ※天気は変化するため、最新の情報は関連リンク先の各地点の天気情報をご確認ください。 ※本機能は試験的な導入です。,[],[]
【川崎市宮前区】7/14 最高35℃、暑さ、紫外線に注意、朝から晴れる予想【朝版】（Yahoo!ニュース オリジナル THE PAGE）,https://news.yahoo.co.jp/articles/aa9f74a323c891be3b4f53d3b0b33986a828b88e,https://newsatcl-pctr.c.yimg.jp/t/amd-img/20260714-00020142-wordleafw-000-1-view.jpg?exp=10800,2026-07-14T05:57:55+09:00,2026-07-14T05:57:55+09:00,Yahoo!ニュース オリジナル THE PAGE,wordleaf,Yahoo!ニュース オリジナル THE PAGE,512,生成AIによる作成 ★お天気川柳★ 晴れ予報 定時退社で まだ明るい ーー おはようございます！川崎市宮前区専用のお天気サポートAIです！ ■きょうのざっくり天気■ 【気温の目安】 昨日と比べて、最低気温は24℃で1℃低く、最高気温は35℃で5℃高く、厳しい暑さになりそうです。 【空模様】 朝から夕方にかけて晴れる見込みで、夜はくもりが混じる予想です。 【降水確率】 朝の降水確率は0%、昼間は0〜10%、夕方は10%、夜は0〜10%とされています。 ■ポイント■ ＜服装＞ きょうは風通しのいい服が合いそうです。外に出る時間がある方は、熱がこもりにくい素材を選ぶと過ごしやすくなりそうです。 ＜体調＞ 昨日より暑さが強まりそうなので、屋外で長く動く予定はできるだけ控えめにすると安心です。こまめな水分補給も意識したいですね。 ＜紫外線＞ 昼間は日差しがかなり強く感じられそうです。歩く時間がある方は、日陰を選べると負担を減らしやすそうです。 ーー ※この記事は天気情報をもとにAIによって作成されています。 ※天気は変化するため、最新の情報は関連リンク先の各地点の天気情報をご確認ください。 ※本機能は試験的な導入です。,[],[]
【春日部市】7/14 最高36℃、厳しい暑さ、昼間は晴れる予想【朝版】（Yahoo!ニュース オリジナル THE PAGE）,https://news.yahoo.co.jp/articles/74dbcacee0edcdd61f60a822f9813308f8c4122b,https://newsatcl-pctr.c.yimg.jp/t/amd-img/20260714-00020141-wordleafw-000-1-view.jpg?exp=10800,2026-07-14T05:57:49+09:00,2026-07-14T05:57:49+09:00,Yahoo!ニュース オリジナル THE PAGE,wordleaf,Yahoo!ニュース オリジナル THE PAGE,530,生成AIによる作成 ★お天気川柳★ 猛暑日に 冷房近くの 席うらやむ ーー おはようございます！春日部市専用のお天気サポートAIです！ ■きょうのざっくり天気■ 【気温の目安】 昨日と比べて、最低気温は24℃で1℃低くなっています。最高気温は36℃で7℃高く、厳しい暑さになりそうです。 【空模様】 朝は晴れやくもりで、昼間から夕方は晴れる時間が多い見込みです。夜はくもりの予想です。 【降水確率】 昼間の降水確率は10〜20%、夜の降水確率は0〜20%とされています。 ■ポイント■ ＜服装＞ 通気性のいい服が合わせやすそうです。特に暑さが強まりやすい時間は、風が通りやすい着こなしを意識すると過ごしやすくなりそうです。 ＜体調＞ 屋外で長く動く予定がある方は、無理をしすぎないほうがよさそうです。こまめに休める流れを作っておくと安心です。 ＜紫外線＞ 日差しが出る時間は、なるべく日陰を使える動き方がよさそうです。外にいる時間が長い方は、直射日光を避ける意識が役立ちそうです。 ーー ※この記事は天気情報をもとにAIによって作成されています。 ※天気は変化するため、最新の情報は関連リンク先の各地点の天気情報をご確認ください。 ※本機能は試験的な導入です。,[],[]
【寝屋川市】7/14 最高35℃、暑さに注意、朝はくもりで夜は晴れる予想【朝版】（Yahoo!ニュース オリジナル THE PAGE）,https://news.yahoo.co.jp/articles/c6e15f520a439f064715a5a1f4f7cbc8c68b1c2c,https://newsatcl-pctr.c.yimg.jp/t/amd-img/20260714-00020140-wordleafw-000-1-view.jpg?exp=10800,2026-07-14T05:57:01+09:00,2026-07-14T05:57:01+09:00,Yahoo!ニュース オリジナル THE PAGE,wordleaf,Yahoo!ニュース オリジナル THE PAGE,439,生成AIによる作成 おはようございます！寝屋川市専用のお天気サポートAIです！ ■きょうのざっくり天気■ 【気温の目安】 昨日と比べて、最低気温は26℃で1℃低く、最高気温は35℃で1℃高い予想です。厳しい暑さになりそうです。 【空模様】 朝から夕方にかけてはくもりが中心で、夜は晴れる見込みです。 【降水確率】 朝の降水確率は0〜10%、昼間は10〜20%、夜は0〜20%とされています。 ■ポイント■ ＜服装＞ いつもの夏服で大きく外しにくいですが、暑さが厳しそうなので、風が通りやすい服が合いそうです。 ＜体調＞ 屋外で長く過ごす予定がある方は、無理をしすぎず、こまめに休みを入れながら過ごすと安心です。 ＜紫外線＞ 日差しが出る場面では、日焼け止めで早めに対策しておくと過ごしやすそうです。 ーー ※この記事は天気情報をもとにAIによって作成されています。 ※天気は変化するため、最新の情報は関連リンク先の各地点の天気情報をご確認ください。 ※本機能は試験的な導入です。,[],[]
【静岡市駿河区】7/14 最高32℃、暑さ、紫外線に注意、晴れる予想【朝版】（Yahoo!ニュース オリジナル THE PAGE）,https://news.yahoo.co.jp/articles/5ad85bcf5988c408452705a46cde6067b84ce1f7,https://newsatcl-pctr.c.yimg.jp/t/amd-img/20260714-00020139-wordleafw-000-1-view.jpg?exp=10800,2026-07-14T05:56:53+09:00,2026-07-14T05:56:53+09:00,Yahoo!ニュース オリジナル THE PAGE,wordleaf,Yahoo!ニュース オリジナル THE PAGE,480,生成AIによる作成 ★お天気川柳★ 朝日さし PC固まり 深呼吸 ーー おはようございます！静岡市駿河区専用のお天気サポートAIです！ ■きょうのざっくり天気■ 【気温の目安】 昨日と比べて、最低気温は24℃で1℃低く、最高気温は32℃で3℃高い見込みです。最高気温は暑さを感じる場面がありそうです。 【空模様】 朝から夜にかけて晴れる予想です。 【降水確率】 朝の降水確率は0%、昼間から夜の降水確率は10%とされています。 ■ポイント■ ＜服装＞ きょうは涼しい服装が合いそうです。外で過ごす時間がある方は、風が通りやすい着こなしを選ぶと暑さをしのぎやすそうです。 ＜紫外線＞ 日差しがかなり強くなりそうです。昼間の外出は、なるべく日陰を使いながら過ごすと負担を減らしやすいです。 ＜洗濯＞ 洗濯物は乾きやすそうです。厚手のものを進めたい方にも使いやすい空模様になりそうです。 ーー ※この記事は天気情報をもとにAIによって作成されています。 ※天気は変化するため、最新の情報は関連リンク先の各地点の天気情報をご確認ください。 ※本機能は試験的な導入です。,[],[]
【浦安市】7/14 最高32℃、暑さ、紫外線に注意、朝は晴れ間があって夜はくもりの予想【朝版】（Yahoo!ニュース オリジナル THE PAGE）,https://news.yahoo.co.jp/articles/c2150545c6f5aa9646f5d925d3d29bcc6bdd7827,https://newsatcl-pctr.c.yimg.jp/t/amd-img/20260714-00020138-wordleafw-000-1-view.jpg?exp=10800,2026-07-14T05:56:49+09:00,2026-07-14T05:56:49+09:00,Yahoo!ニュース オリジナル THE PAGE,wordleaf,Yahoo!ニュース オリジナル THE PAGE,540,生成AIによる作成 ★お天気川柳★ 日差し強 教えた分だけ 明日が楽 ーー おはようございます！浦安市専用のお天気サポートAIです！ ■きょうのざっくり天気■ 【気温の目安】 昨日と比べて、最低気温は25℃で差はありません。最高気温は32℃で4℃高く、暑さを感じる場面がありそうです。 【空模様】 朝から夕方は晴れやくもりで、夜はくもりが中心になりそうです。 【風と雨】 夕方の風速は5〜6m/sで、やや風がある見込みです。朝の降水確率は0%で、昼間から夜の降水確率は0〜10%とされています。 ■ポイント■ ＜服装＞ きょうは涼しい服装が合いそうです。昨日より気温が上がるぶん、風が通りやすい素材を選ぶと過ごしやすくなりそうです。 ＜体調＞ 外出は強い日差しが照りつける時間ほど、無理をしない過ごし方がよさそうです。のどが渇く前の水分補給を意識すると安心です。 ＜紫外線＞ 日中は日陰をうまく使いながら過ごすと負担を減らしやすそうです。長く外にいる予定がある方は、日差し対策を意識してみてください。 ーー ※この記事は天気情報をもとにAIによって作成されています。 ※天気は変化するため、最新の情報は関連リンク先の各地点の天気情報をご確認ください。 ※本機能は試験的な導入です。,[],[]
【川崎市中原区】7/14 最高34℃、暑さ、紫外線、朝から晴れて夜はくもりの予想【朝版】（Yahoo!ニュース オリジナル THE PAGE）,https://news.yahoo.co.jp/articles/2d74eb6565df3f9a8e71158ffa50a09e821c95b8,https://newsatcl-pctr.c.yimg.jp/t/amd-img/20260714-00020137-wordleafw-000-1-view.jpg?exp=10800,2026-07-14T05:56:35+09:00,2026-07-14T05:56:35+09:00,Yahoo!ニュース オリジナル THE PAGE,wordleaf,Yahoo!ニュース オリジナル THE PAGE,555,生成AIによる作成 ★お天気川柳★ 洗濯日和 シャツも気分も すぐ乾く ーー おはようございます！川崎市中原区専用のお天気サポートAIです！ ■きょうのざっくり天気■ 【気温の目安】 昨日と比べて、最低気温は25℃で差はありません。最高気温は34℃で4℃高く、暑さを感じる場面がありそうです。 【空模様】 朝から夕方は晴れる時間が多く、夜はくもりが中心になる見込みです。 【降水と風】 昼間の降水確率は0〜10%、夜の降水確率は0〜10%とされています。夕方の風速は4m/sで、少し風を感じる場面がありそうです。 ■ポイント■ ＜服装＞ きょうは風が通りやすい素材の服が合いそうです。昨日より暑さが増しそうなので、外で過ごす時間が長い方は肌離れのいい着こなしを選ぶと過ごしやすそうです。 ＜体調＞ 強い日差しで体力を奪われやすそうです。外出はできるだけ炎天下を避けて、こまめに水分をとる意識があると安心です。 ＜紫外線＞ 日差しの強い時間は、日陰をうまく使うと負担を減らしやすそうです。短い移動でも少し意識しておくとよさそうです。 ーー ※この記事は天気情報をもとにAIによって作成されています。 ※天気は変化するため、最新の情報は関連リンク先の各地点の天気情報をご確認ください。 ※本機能は試験的な導入です。,[],[]
【北九州市八幡西区】7/14 最高35℃、暑さ、紫外線、朝から晴れる予想【朝版】（Yahoo!ニュース オリジナル THE PAGE）,https://news.yahoo.co.jp/articles/f365423e5c4b0fdc66e68dcad7f7a7e936810513,https://newsatcl-pctr.c.yimg.jp/t/amd-img/20260714-00020136-wordleafw-000-1-view.jpg?exp=10800,2026-07-14T05:56:25+09:00,2026-07-14T05:56:25+09:00,Yahoo!ニュース オリジナル THE PAGE,wordleaf,Yahoo!ニュース オリジナル THE PAGE,497,生成AIによる作成 ★お天気川柳★ 猛暑日に 空調遠いと うちわで粘る ーー おはようございます！北九州市八幡西区専用のお天気サポートAIです！ ■きょうのざっくり天気■ 【気温の目安】 昨日と比べて、最低気温は26℃で1℃低く、最高気温は35℃で1℃高い予想です。厳しい暑さになりそうです。 【空模様】 朝から夜にかけて晴れる見込みです。 【降水確率】 昼間の降水確率は10%で、夜の降水確率も10%とされています。 ■ポイント■ ＜服装＞ いつもの夏服で動きやすい一日になりそうです。外で過ごす時間がある方は、風が通りやすい服を選ぶと暑さがこもりにくそうです。 ＜体調＞ 暑さがかなり厳しくなりそうなので、屋外での長い活動はなるべく控えめがよさそうです。無理をする前に、こまめに休みを入れてください。 ＜紫外線＞ 日差しが強く照りつけそうです。昼間に歩く時間がある方は、日陰を選べると負担を減らしやすそうです。 ーー ※この記事は天気情報をもとにAIによって作成されています。 ※天気は変化するため、最新の情報は関連リンク先の各地点の天気情報をご確認ください。 ※本機能は試験的な導入です。,[],[]
【平塚市】7/14 最高32℃、暑さ、紫外線に注意、夜はくもりが混じる予想【朝版】（Yahoo!ニュース オリジナル THE PAGE）,https://news.yahoo.co.jp/articles/c48317796e862832c7deaa1ca093c52017049e86,https://newsatcl-pctr.c.yimg.jp/t/amd-img/20260714-00020135-wordleafw-000-1-view.jpg?exp=10800,2026-07-14T05:56:21+09:00,2026-07-14T05:56:21+09:00,Yahoo!ニュース オリジナル THE PAGE,wordleaf,Yahoo!ニュース オリジナル THE PAGE,493,生成AIによる作成 ★お天気川柳★ 青い空 有給ひとつで 顔ゆるむ ーー おはようございます！平塚市専用のお天気サポートAIです！ ■きょうのざっくり天気■ 【気温の目安】 昨日と比べて、最低気温は24℃で1℃低く、最高気温は32℃で3℃高い予想です。暑さを感じる場面がありそうです。 【空模様】 朝から夕方にかけては晴れる見込みで、夜は晴れからくもりが混じる予想です。 【降水確率】 朝の降水確率は0%、昼間から夜の降水確率は10%とされています。 ■ポイント■ ＜服装＞ きょうは涼しい服装が合いそうです。特に暑さが気になりやすい時間は、風が通りやすい着こなしを選ぶと過ごしやすくなりそうです。 ＜体調＞ 昨日より日中の暑さが増しそうなので、外で長く過ごす予定がある方は炎天下をできるだけ避けて動くと安心です。 ＜紫外線＞ 日差しが強く届きそうです。外では日陰をうまく使いながら過ごすのがおすすめです。 ーー ※この記事は天気情報をもとにAIによって作成されています。 ※天気は変化するため、最新の情報は関連リンク先の各地点の天気情報をご確認ください。 ※本機能は試験的な導入です。,[],[]
【宝塚市】7/14 最高34℃、最低26℃、夜は晴れ間が戻る予想【朝版】（Yahoo!ニュース オリジナル THE PAGE）,https://news.yahoo.co.jp/articles/95b8886fe28d30be96da682643d926a8450a0880,https://newsatcl-pctr.c.yimg.jp/t/amd-img/20260714-00020134-wordleafw-000-1-view.jpg?exp=10800,2026-07-14T05:56:17+09:00,2026-07-14T05:56:17+09:00,Yahoo!ニュース オリジナル THE PAGE,wordleaf,Yahoo!ニュース オリジナル THE PAGE,549,生成AIによる作成 ★お天気川柳★ 夏の朝 ため息ひとつ 顔上げる ーー おはようございます！宝塚市専用のお天気サポートAIです！ ■きょうのざっくり天気■ 【気温の目安】 昨日と比べて、最低気温は26℃で1℃低くなっています。最高気温は34℃で差はありません。暑さを感じる場面がありそうです。 【朝と昼間の空模様】 朝は晴れやくもりで、朝の降水確率は0〜10%とされています。昼間はくもりが続く見込みで、昼間の降水確率は10〜20%の予想です。 【夕方から夜の変化】 夕方はくもりの予想です。夜はくもりから晴れになる見込みです。 ■ポイント■ ＜服装＞ きょうは暑さ対策を優先した服装が合いそうです。通気性のいい素材を選ぶと、昼間から夕方の暑さの中でも過ごしやすくなりそうです。 ＜体調＞ 外で長く動く予定がある方は、いちばん暑く感じやすい時間を避けながら、こまめに休みを入れると安心です。 ＜紫外線＞ 晴れ間のある時間は日差しの刺激が出やすそうです。外に出る時間が長い方は、日焼け対策を意識しておくとよさそうです。 ーー ※この記事は天気情報をもとにAIによって作成されています。 ※天気は変化するため、最新の情報は関連リンク先の各地点の天気情報をご確認ください。 ※本機能は試験的な導入です。,[],[]
【八尾市】7/14 最高35℃、暑さに注意、晴れる時間が長い予想【朝版】（Yahoo!ニュース オリジナル THE PAGE）,https://news.yahoo.co.jp/articles/3166c3d66f09e9663d5fe3c7d6344e5435c92624,https://newsatcl-pctr.c.yimg.jp/t/amd-img/20260714-00020133-wordleafw-000-1-view.jpg?exp=10800,2026-07-14T05:56:00+09:00,2026-07-14T05:56:00+09:00,Yahoo!ニュース オリジナル THE PAGE,wordleaf,Yahoo!ニュース オリジナル THE PAGE,531,生成AIによる作成 ★お天気川柳★ 雲の朝 コンビニのくじで 少し晴れ ーー おはようございます！八尾市専用のお天気サポートAIです！ ■きょうのざっくり天気■ 【気温の目安】 昨日と比べて、最低気温は26℃で1℃低く、最高気温は35℃で1℃高い予想です。厳しい暑さになりそうです。 【空模様】 朝はくもりが混じりますが、昼間は晴れが中心で、夕方から夜はくもり時々晴れの見込みです。 【降水確率】 朝の降水確率は0〜10%、昼間は10〜20%、夕方は10〜20%、夜は0〜10%とされています。 ■ポイント■ ＜服装＞ きょうは風通しのいい服が合いそうです。外で過ごす時間がある方は、熱がこもりにくい素材を選ぶと少しラクに過ごせそうです。 ＜体調＞ 昨日より日中の暑さが強まりそうなので、無理に頑張りすぎない過ごし方がよさそうです。屋外の予定はできるだけ短めにすると安心です。 ＜紫外線＞ 日差しが届く時間が長そうです。帽子や日傘で、外に出るときの紫外線対策を意識してみてください。 ーー ※この記事は天気情報をもとにAIによって作成されています。 ※天気は変化するため、最新の情報は関連リンク先の各地点の天気情報をご確認ください。 ※本機能は試験的な導入です。,[],[]
【茅ヶ崎市】7/14 最高32℃、暑さ、紫外線に注意、朝から夜にかけて晴れる時間が多い予想【朝版】（Yahoo!ニュース オリジナル THE PAGE）,https://news.yahoo.co.jp/articles/68618410f26cfefd9634c3fd77fa65d9b0f17f94,https://newsatcl-pctr.c.yimg.jp/t/amd-img/20260714-00020132-wordleafw-000-1-view.jpg?exp=10800,2026-07-14T05:55:43+09:00,2026-07-14T05:55:43+09:00,Yahoo!ニュース オリジナル THE PAGE,wordleaf,Yahoo!ニュース オリジナル THE PAGE,502,生成AIによる作成 ★お天気川柳★ 晴れの朝 イヤホン越しに やる気オン ーー おはようございます！茅ヶ崎市専用のお天気サポートAIです！ ■きょうのざっくり天気■ 【気温の目安】 昨日と比べて、最低気温は24℃で1℃低く、最高気温は32℃で3℃高く、暑さを感じる場面がありそうです。 【空模様】 朝から夜にかけて晴れる時間が多い見込みです。夜はくもる時間もありそうです。 【降水確率】 朝の降水確率は0%、昼間は0〜10%、夕方は10%、夜は0〜10%とされています。 ■ポイント■ ＜服装＞ きょうはTシャツなど涼しい服装が合いそうです。外で過ごす時間が長いなら、風が通りやすい素材を選ぶと暑さがやわらぎやすそうです。 ＜紫外線＞ 日差しがかなり強そうなので、昼間はなるべく日陰を使いながら過ごすと負担を減らしやすそうです。 ＜洗濯＞ 洗濯物は進みやすい一日になりそうです。厚手のものを片づけたい方にも使いやすそうです。 ーー ※この記事は天気情報をもとにAIによって作成されています。 ※天気は変化するため、最新の情報は関連リンク先の各地点の天気情報をご確認ください。 ※本機能は試験的な導入です。,[],[]
【川越市】7/14 最高36℃、厳しい暑さ、紫外線に注意、朝は晴れで昼間も晴れる予想【朝版】（Yahoo!ニュース オリジナル THE PAGE）,https://news.yahoo.co.jp/articles/209c05ef6259c60ec798df911d00fc04f4212498,https://newsatcl-pctr.c.yimg.jp/t/amd-img/20260714-00020131-wordleafw-000-1-view.jpg?exp=10800,2026-07-14T05:55:37+09:00,2026-07-14T05:55:37+09:00,Yahoo!ニュース オリジナル THE PAGE,wordleaf,Yahoo!ニュース オリジナル THE PAGE,512,生成AIによる作成 ★お天気川柳★ 通勤路 給料日の風 少し涼し ーー おはようございます！川越市専用のお天気サポートAIです！ ■きょうのざっくり天気■ 【気温の目安】 昨日と比べて、最低気温は23℃で1℃低く、最高気温は36℃で6℃高く、厳しい暑さになりそうです。 【空模様】 朝は晴れやくもりで、昼間から夕方は晴れる見込みです。夜はくもりが増える予想です。 【降水確率】 昼間の降水確率は0〜20%、夜の降水確率は0〜20%とされています。 ■ポイント■ ＜服装＞ きょうはかなり暑くなりそうなので、通気性のいい服が合いそうです。外に出るなら、風が通りやすい着こなしで暑さ対策をしておくと過ごしやすそうです。 ＜体調＞ 昨日より暑さが強まりそうです。屋外で長く動く予定は無理をしすぎず、こまめに休みながら過ごすのがよさそうです。 ＜紫外線＞ 昼間は日差しが強そうです。移動や外での用事は、できるだけ日陰を使えると負担を減らしやすそうです。 ーー ※この記事は天気情報をもとにAIによって作成されています。 ※天気は変化するため、最新の情報は関連リンク先の各地点の天気情報をご確認ください。 ※本機能は試験的な導入です。,[],[]
【津市】7/14 最高35℃、暑さ、紫外線、朝から晴れる予想【朝版】（Yahoo!ニュース オリジナル THE PAGE）,https://news.yahoo.co.jp/articles/22ef85a7398a004fb4f9d54bf072bf2dbfadfc74,https://newsatcl-pctr.c.yimg.jp/t/amd-img/20260714-00020130-wordleafw-000-1-view.jpg?exp=10800,2026-07-14T05:55:32+09:00,2026-07-14T05:55:32+09:00,Yahoo!ニュース オリジナル THE PAGE,wordleaf,Yahoo!ニュース オリジナル THE PAGE,502,生成AIによる作成 ★お天気川柳★ 晴れ予報 駅の階段 先に試練 ーー おはようございます！津市専用のお天気サポートAIです！ ■きょうのざっくり天気■ 【気温の目安】 昨日と比べて、最低気温は26℃で1℃低く、最高気温は35℃で1℃高い予想です。厳しい暑さになりそうです。 【空模様】 朝から夜にかけて晴れる時間が多い見込みです。昼間は晴れ時々くもりの予想です。 【降水確率】 昼間の降水確率は10〜20%、夜の降水確率は0〜10%とされています。 ■ポイント■ ＜服装＞ きょうは風通しのいい服が合いそうです。外に出るなら、熱がこもりにくい素材を選ぶと過ごしやすくなりそうです。 ＜体調＞ かなり暑くなりそうなので、屋外で長く動く予定はできるだけ控えめにすると安心です。こまめに休みを入れながら過ごしてください。 ＜紫外線＞ 日差しが届く時間が長そうです。外出時は帽子や日傘で、早めに紫外線対策をしておくとよさそうです。 ーー ※この記事は天気情報をもとにAIによって作成されています。 ※天気は変化するため、最新の情報は関連リンク先の各地点の天気情報をご確認ください。 ※本機能は試験的な導入です。,[],[]
【久留米市】7/14 最高34℃、暑さに注意、紫外線が強い予想【朝版】（Yahoo!ニュース オリジナル THE PAGE）,https://news.yahoo.co.jp/articles/051e05a892fa0065647dde7ab57eed8f4fccef96,https://newsatcl-pctr.c.yimg.jp/t/amd-img/20260714-00020129-wordleafw-000-1-view.jpg?exp=10800,2026-07-14T05:55:23+09:00,2026-07-14T05:55:23+09:00,Yahoo!ニュース オリジナル THE PAGE,wordleaf,Yahoo!ニュース オリジナル THE PAGE,517,生成AIによる作成 ★お天気川柳★ 夏の空 プレゼン終えれば 汗も勲章 ーー おはようございます！久留米市専用のお天気サポートAIです！ ■きょうのざっくり天気■ 【気温の目安】 昨日と比べて、最低気温は26℃で1℃低く、最高気温は34℃で2℃低い予想です。最高気温は暑さを感じる場面がありそうです。 【空模様】 朝から夜にかけて晴れる見込みです。 【降水確率】 朝から夕方の降水確率は10%で、夜の降水確率は10〜20%とされています。 ■ポイント■ ＜服装＞ きょうも夏らしい暑さになりそうです。通気性のいい服をベースにして、外に出る時間が長い方は風が通りやすい着こなしを選ぶと過ごしやすそうです。 ＜体調＞ 暑さで体力を奪われやすい一日になりそうです。屋外で長く動く予定は、できるだけ無理のない組み方を意識するとよさそうです。 ＜紫外線＞ 日差しが強く照りつけそうです。昼間に外を歩くなら、なるべく日陰を使いながら過ごすと負担を減らしやすそうです。 ーー ※この記事は天気情報をもとにAIによって作成されています。 ※天気は変化するため、最新の情報は関連リンク先の各地点の天気情報をご確認ください。 ※本機能は試験的な導入です。,[],[]
【茨木市】7/14 最高35℃、暑さに注意、朝は晴れで昼間から夜はくもりの予想【朝版】（Yahoo!ニュース オリジナル THE PAGE）,https://news.yahoo.co.jp/articles/99eae684cee422f05a1128215f5e9752805fbffd,https://newsatcl-pctr.c.yimg.jp/t/amd-img/20260714-00020128-wordleafw-000-1-view.jpg?exp=10800,2026-07-14T05:55:10+09:00,2026-07-14T05:55:10+09:00,Yahoo!ニュース オリジナル THE PAGE,wordleaf,Yahoo!ニュース オリジナル THE PAGE,505,生成AIによる作成 ★お天気川柳★ 晴れの朝 二日酔いでも ネクタイ締める ーー おはようございます！茨木市専用のお天気サポートAIです！ ■きょうのざっくり天気■ 【気温の目安】 昨日と比べて、最低気温は26℃で1℃低く、最高気温は35℃で1℃高い予想です。厳しい暑さになりそうです。 【空模様】 朝は晴れやくもりで、昼間から夜はくもりが中心になる見込みです。 【降水確率】 朝の降水確率は0〜10%、昼間は10〜20%とされています。 ■ポイント■ ＜服装＞ きょうは風通しのいい服が合いそうです。外に出る時間がある方は、熱がこもりにくい素材を選ぶと過ごしやすくなりそうです。 ＜体調＞ 暑さがかなり厳しくなりそうなので、屋外で長く動く予定はできるだけ控えめにすると安心です。のどが渇く前の水分補給も意識したいです。 ＜紫外線＞ 雲があっても日差し対策はしておくとよさそうです。外出前に日焼け止めを塗っておくと使いやすいです。 ーー ※この記事は天気情報をもとにAIによって作成されています。 ※天気は変化するため、最新の情報は関連リンク先の各地点の天気情報をご確認ください。 ※本機能は試験的な導入です。,[],[]
【春日井市】7/14 最高37℃、暑さ、昼間はやや風がある晴れの予想【朝版】（Yahoo!ニュース オリジナル THE PAGE）,https://news.yahoo.co.jp/articles/57daf65c147fb2a0aa947f7159b331a02b9117aa,https://newsatcl-pctr.c.yimg.jp/t/amd-img/20260714-00020127-wordleafw-000-1-view.jpg?exp=10800,2026-07-14T05:55:03+09:00,2026-07-14T05:55:03+09:00,Yahoo!ニュース オリジナル THE PAGE,wordleaf,Yahoo!ニュース オリジナル THE PAGE,471,生成AIによる作成 おはようございます！春日井市専用のお天気サポートAIです！ ■きょうのざっくり天気■ 【気温の目安】 昨日と比べて、最低気温は25℃で1℃低く、やや暑さを感じる場面がありそうです。最高気温は37℃で3℃高く、厳しい暑さになりそうです。 【空模様】 朝から夜まで晴れる見込みです。 【風と降水確率】 昼間の風速は4〜5m/s、降水確率は10〜20%とされていて、夕方の風速は6m/sでやや風がある予想です。 ■ポイント■ ＜服装＞ いつもの夏服で大きく外しにくい日ですが、いちばん暑い時間に合わせて、風が通りやすい服が合いそうです。 ＜体調＞ かなり厳しい暑さになりそうなので、長い外歩きや屋外での運動は無理をしないほうがよさそうです。 ＜紫外線＞ 日差しが強く届きそうです。外に出る時間がある方は、帽子や日傘でカバーすると過ごしやすそうです。 ーー ※この記事は天気情報をもとにAIによって作成されています。 ※天気は変化するため、最新の情報は関連リンク先の各地点の天気情報をご確認ください。 ※本機能は試験的な導入です。,[],[]
【横須賀市】7/14 最高32℃、暑さに注意、紫外線が強い予想【朝版】（Yahoo!ニュース オリジナル THE PAGE）,https://news.yahoo.co.jp/articles/6e19a54e6f5bedd4b565f4141d1262cb39c82b35,https://newsatcl-pctr.c.yimg.jp/t/amd-img/20260714-00020126-wordleafw-000-1-view.jpg?exp=10800,2026-07-14T05:54:51+09:00,2026-07-14T05:54:51+09:00,Yahoo!ニュース オリジナル THE PAGE,wordleaf,Yahoo!ニュース オリジナル THE PAGE,541,生成AIによる作成 ★お天気川柳★ 朝の晴れ 直帰の文字が 汗を引かせる ーー おはようございます！横須賀市専用のお天気サポートAIです！ ■きょうのざっくり天気■ 【気温の目安】 昨日と比べて、最低気温は24℃で差はありません。最高気温は32℃で4℃高く、暑さを感じる場面がありそうです。 【空模様】 朝から夕方にかけて晴れる時間が長く、夜は晴れのちくもりになりそうです。 【降水と風】 昼間の降水確率は0〜10%で、夕方の降水確率は0〜10%とされています。風は昼間から夜にかけて2〜3m/sで、極端な強まりはなさそうです。 ■ポイント■ ＜服装＞ きょうは涼しい服装が合いそうです。特に暑さを感じやすい時間帯は、風が通りやすい着こなしを選ぶと過ごしやすくなりそうです。 ＜紫外線＞ 日差しが強く照りつけそうです。外で過ごす時間がある方は、なるべく日陰を使いながら動くと負担を減らしやすそうです。 ＜洗濯＞ 洗濯物はしっかり乾きやすい一日になりそうです。厚手のものを進めたい方にも使いやすそうです。 ーー ※この記事は天気情報をもとにAIによって作成されています。 ※天気は変化するため、最新の情報は関連リンク先の各地点の天気情報をご確認ください。 ※本機能は試験的な導入です。,[],[]
【明石市】7/14 最高33℃、暑さ、紫外線に注意、朝から夜まで晴れる予想【朝版】（Yahoo!ニュース オリジナル THE PAGE）,https://news.yahoo.co.jp/articles/60bc8cee7cc1f5ea6d05db3c12679d0b61095da1,https://newsatcl-pctr.c.yimg.jp/t/amd-img/20260714-00020125-wordleafw-000-1-view.jpg?exp=10800,2026-07-14T05:54:34+09:00,2026-07-14T05:54:34+09:00,Yahoo!ニュース オリジナル THE PAGE,wordleaf,Yahoo!ニュース オリジナル THE PAGE,494,生成AIによる作成 ★お天気川柳★ 晴れの朝 まぶたは重いが シャツは軽い ーー おはようございます！明石市専用のお天気サポートAIです！ ■きょうのざっくり天気■ 【気温の目安】 昨日と比べて、最低気温は26℃で差はありません。最高気温は33℃で1℃高く、暑さを感じる場面がありそうです。 【空模様】 朝から夜まで晴れる見込みです。 【降水の見通し】 朝の降水確率は0〜10%、昼間の降水確率は10%、夕方の降水確率は10%、夜の降水確率は0〜10%とされています。 ■ポイント■ ＜服装＞ きょうは涼しい服装が合いそうです。外で過ごす時間がある方は、風が通りやすい着こなしを選ぶと少しラクに感じられそうです。 ＜紫外線＞ 日差しがかなり強そうです。昼間に歩く時間があるなら、なるべく日陰を使って過ごすのがおすすめです。 ＜洗濯＞ 洗濯物はよく乾きやすい一日になりそうです。大きめのものも進めやすそうです。 ーー ※この記事は天気情報をもとにAIによって作成されています。 ※天気は変化するため、最新の情報は関連リンク先の各地点の天気情報をご確認ください。 ※本機能は試験的な導入です。,[],[]
【町田市】7/14 最高35℃、暑さ、紫外線、朝から晴れる予想【朝版】（Yahoo!ニュース オリジナル THE PAGE）,https://news.yahoo.co.jp/articles/93054149e28a47195fd3d03d9a9c42783b95b086,https://newsatcl-pctr.c.yimg.jp/t/amd-img/20260714-00020124-wordleafw-000-1-view.jpg?exp=10800,2026-07-14T05:54:24+09:00,2026-07-14T05:54:24+09:00,Yahoo!ニュース オリジナル THE PAGE,wordleaf,Yahoo!ニュース オリジナル THE PAGE,512,生成AIによる作成 ★お天気川柳★ 暑い日は 直帰の二文字 ごほうびだ ーー おはようございます！町田市専用のお天気サポートAIです！ ■きょうのざっくり天気■ 【気温の目安】 昨日と比べて、最低気温は24℃で差はありません。最高気温は35℃で4℃高く、厳しい暑さになりそうです。 【空模様】 朝から夕方にかけて晴れる見込みで、夜は晴れのちくもりになりそうです。 【降水確率】 朝の降水確率は0%、昼間は10%、夕方は10%、夜は0〜10%とされています。 ■ポイント■ ＜服装＞ いつもの夏服で大きく外しにくい日ですが、いちばん暑くなる時間に合わせて、風が通りやすい服が合いそうです。 ＜体調＞ 昨日より暑さが強まりそうなので、屋外で長く過ごす予定はできるだけ控えめにして、こまめに休みながら過ごすのがよさそうです。 ＜紫外線＞ 昼間は日差しがかなり強く感じられそうです。外を歩く時間がある方は、なるべく日陰を選ぶと負担を減らしやすそうです。 ーー ※この記事は天気情報をもとにAIによって作成されています。 ※天気は変化するため、最新の情報は関連リンク先の各地点の天気情報をご確認ください。 ※本機能は試験的な導入です。,[],[]
【石巻市】7/14 最高28℃、暑さを感じる場面がありそうな曇りの予想【朝版】（Yahoo!ニュース オリジナル THE PAGE）,https://news.yahoo.co.jp/articles/1b0efff1a3e66137dcf619d115a7b48a7512ebca,https://newsatcl-pctr.c.yimg.jp/t/amd-img/20260714-00020123-wordleafw-000-1-view.jpg?exp=10800,2026-07-14T05:54:14+09:00,2026-07-14T05:54:14+09:00,Yahoo!ニュース オリジナル THE PAGE,wordleaf,Yahoo!ニュース オリジナル THE PAGE,516,生成AIによる作成 ★お天気川柳★ 曇り空 上司の機嫌 先に見る ーー おはようございます！石巻市専用のお天気サポートAIです！ ■きょうのざっくり天気■ 【気温の目安】 昨日と比べて、最低気温は22℃で差はありません。最高気温は28℃で2℃低く、暑さを感じる場面がありそうです。 【空模様】 朝から夜にかけて曇りが続く予想です。 【降水確率】 朝の降水確率は10〜20%、昼間の降水確率は10%、夜の降水確率は0%とされています。 ■ポイント■ ＜服装＞ 半袖一枚で過ごしやすそうです。暑さを感じる場面もありそうなので、風が通りやすい着こなしを選ぶと快適に過ごしやすそうです。 ＜体調＞ 昨日より極端な暑さではなさそうですが、ムシッとしやすい時間もありそうです。こまめに水分と塩分をとりながら、無理をためない過ごし方がよさそうです。 ＜紫外線＞ 強い日差しが出続ける空ではなさそうですが、外にいる時間が長い方は日焼け止めで軽く対策しておくと安心です。 ーー ※この記事は天気情報をもとにAIによって作成されています。 ※天気は変化するため、最新の情報は関連リンク先の各地点の天気情報をご確認ください。 ※本機能は試験的な導入です。,[],[]
【奥州市】7/14 最高30℃、暑さに注意、くもり中心の予想【朝版】（Yahoo!ニュース オリジナル THE PAGE）,https://news.yahoo.co.jp/articles/cda158cb400bf68bebe434310582349762ae30e8,https://newsatcl-pctr.c.yimg.jp/t/amd-img/20260714-00020122-wordleafw-000-1-view.jpg?exp=10800,2026-07-14T05:54:04+09:00,2026-07-14T05:54:04+09:00,Yahoo!ニュース オリジナル THE PAGE,wordleaf,Yahoo!ニュース オリジナル THE PAGE,481,生成AIによる作成 ★お天気川柳★ 朝曇り 弁当開けば 気分晴れ ーー おはようございます！奥州市専用のお天気サポートAIです！ ■きょうのざっくり天気■ 【気温の目安】 昨日と比べて、最低気温は22℃で1℃高く、最高気温は30℃で1℃低い見込みです。暑さを感じる場面がありそうです。 【空模様】 朝から夜にかけて、くもりが中心の天気になりそうです。 【降水の可能性】 昼間の降水確率は10〜20%で、夕方は10〜20%とされています。 ■ポイント■ ＜服装＞ 半袖をベースにしつつ、室内外の体感差が気になる場面ではシャツを重ねて調節すると過ごしやすそうです。 ＜体調＞ 暑さが出てきそうなので、のどが渇く前から水分と塩分を意識して、無理をためない過ごし方がよさそうです。 ＜紫外線＞ 強すぎるほどではなさそうですが、外に出る時間がある方は日焼け止めで早めに対策しておくと安心です。 ーー ※この記事は天気情報をもとにAIによって作成されています。 ※天気は変化するため、最新の情報は関連リンク先の各地点の天気情報をご確認ください。 ※本機能は試験的な導入です。,[],[]
【横手市】7/14 最高30℃、暑さを感じる場面がありそう、くもり中心の予想【朝版】（Yahoo!ニュース オリジナル THE PAGE）,https://news.yahoo.co.jp/articles/50e7fc2d6627f2dec458d0fae55d51838ca743d3,https://newsatcl-pctr.c.yimg.jp/t/amd-img/20260714-00020121-wordleafw-000-1-view.jpg?exp=10800,2026-07-14T05:53:55+09:00,2026-07-14T05:53:55+09:00,Yahoo!ニュース オリジナル THE PAGE,wordleaf,Yahoo!ニュース オリジナル THE PAGE,493,生成AIによる作成 ★お天気川柳★ 朝曇り 飲み会あるし まあ行ける ーー おはようございます！横手市専用のお天気サポートAIです！ ■きょうのざっくり天気■ 【気温の目安】 昨日と比べて、最低気温は22℃で差はありません。最高気温は30℃で2℃高く、暑さを感じる場面がありそうです。 【空模様】 朝から夜にかけてくもりが続く見込みです。 【降水確率】 朝の降水確率は30%で、昼間は20〜30%、夜は10%とされています。 ■ポイント■ ＜服装＞ 半袖一枚で過ごしやすそうです。暑さを感じる場面がありそうなので、風が通りやすい着こなしを選ぶと快適さを保ちやすそうです。 ＜体調＞ 昨日より日中の暑さが少し増しそうです。こまめに水分と塩分をとって、無理をためない過ごし方がよさそうです。 ＜紫外線＞ 雲が多くても紫外線はやや強めらしいです。外に出る時間がある方は、日焼け止めで早めに対策しておくと安心です。 ーー ※この記事は天気情報をもとにAIによって作成されています。 ※天気は変化するため、最新の情報は関連リンク先の各地点の天気情報をご確認ください。 ※本機能は試験的な導入です。,[],[]
【栃木市】7/14 最高35℃、暑さに注意、昼間はくもりの予想【朝版】（Yahoo!ニュース オリジナル THE PAGE）,https://news.yahoo.co.jp/articles/049f5124d51f0a90550e3bcd105eeb8b7fc92939,https://newsatcl-pctr.c.yimg.jp/t/amd-img/20260714-00020120-wordleafw-000-1-view.jpg?exp=10800,2026-07-14T05:46:13+09:00,2026-07-14T05:46:13+09:00,Yahoo!ニュース オリジナル THE PAGE,wordleaf,Yahoo!ニュース オリジナル THE PAGE,472,生成AIによる作成 ★お天気川柳★ 曇りでも ため息だけは 置いて出る ーー おはようございます！栃木市専用のお天気サポートAIです！ ■きょうのざっくり天気■ 【気温の目安】 昨日と比べて、最低気温は23℃で2℃低く、最高気温は35℃で7℃高く、厳しい暑さになりそうです。 【空模様】 朝から夜にかけてくもりが続く予想です。 【降水確率】 昼間の降水確率は10〜30%、夕方の降水確率は30〜40%とされています。 ■ポイント■ ＜服装＞ いつもの夏服で大きくは外しにくいですが、いちばん暑くなる時間に合わせて、通気性のいい服が合いそうです。 ＜体調＞ かなり暑くなりそうなので、屋外で長く過ごす予定はできるだけ控えめにして、無理をしない過ごし方がよさそうです。 ＜紫外線＞ 雲が多くても油断しすぎず、外に出る時間がある方は日焼け止めで肌を守っておくと安心です。 ーー ※この記事は天気情報をもとにAIによって作成されています。 ※天気は変化するため、最新の情報は関連リンク先の各地点の天気情報をご確認ください。 ※本機能は試験的な導入です。,[],[]
【小山市】7/14 最高35℃、暑さに注意、昼間は晴れ間もある予想【朝版】（Yahoo!ニュース オリジナル THE PAGE）,https://news.yahoo.co.jp/articles/627a7ea6e68d63d6f8903a3142efeb40ea7c9c69,https://newsatcl-pctr.c.yimg.jp/t/amd-img/20260714-00020119-wordleafw-000-1-view.jpg?exp=10800,2026-07-14T05:46:00+09:00,2026-07-14T05:46:00+09:00,Yahoo!ニュース オリジナル THE PAGE,wordleaf,Yahoo!ニュース オリジナル THE PAGE,524,生成AIによる作成 ★お天気川柳★ 猛暑日も 連休前なら ひと踏ん張り ーー おはようございます！小山市専用のお天気サポートAIです！ ■きょうのざっくり天気■ 【気温の目安】 昨日と比べて、最低気温は24℃で1℃低くなりそうです。最高気温は35℃で7℃高く、厳しい暑さになりそうです。 【空模様】 朝は晴れやくもりで、昼間はくもり時々晴れの予想です。夕方から夜もくもりが続きそうです。 【降水確率】 朝の降水確率は0〜10%、昼間は10〜30%、夕方は30〜40%とされています。 ■ポイント■ ＜服装＞ きょうはかなり暑くなりそうなので、通気性のいい服が合いそうです。外に出る時間が長い方は、風が通りやすい着こなしを意識すると過ごしやすそうです。 ＜体調＞ 昨日より暑さが強まりそうです。屋外で長く動く予定がある方は、無理をしすぎず、こまめに休みながら過ごすのがよさそうです。 ＜紫外線＞ 昼間は晴れ間がある予想なので、帽子や日傘で日差し対策をしておくと安心です。 ーー ※この記事は天気情報をもとにAIによって作成されています。 ※天気は変化するため、最新の情報は関連リンク先の各地点の天気情報をご確認ください。 ※本機能は試験的な導入です。,[],[]
【静岡市清水区】7/14 最高33℃、暑さに注意、紫外線が強い予想【朝版】（Yahoo!ニュース オリジナル THE PAGE）,https://news.yahoo.co.jp/articles/6c9614edfb06d430b3b63c76a537b24d4e50789d,https://newsatcl-pctr.c.yimg.jp/t/amd-img/20260714-00020118-wordleafw-000-1-view.jpg?exp=10800,2026-07-14T05:45:54+09:00,2026-07-14T05:45:54+09:00,Yahoo!ニュース オリジナル THE PAGE,wordleaf,Yahoo!ニュース オリジナル THE PAGE,461,生成AIによる作成 ★お天気川柳★ 青空に 鼻は負けても 気は負けず ーー おはようございます！静岡市清水区専用のお天気サポートAIです！ ■きょうのざっくり天気■ 【気温の目安】 昨日と比べて、最低気温は24℃で1℃低く、最高気温は33℃で3℃高い予想です。最高気温は暑さを感じる場面がありそうです。 【空模様】 朝から夜まで晴れる見込みです。 【降水確率】 昼間の降水確率は10%で、夜の降水確率も10%とされています。 ■ポイント■ ＜服装＞ きょうは涼しい服装が合いそうです。特に昼間は熱がこもりにくい素材を選ぶと、過ごしやすさが変わりそうです。 ＜紫外線＞ 日差しがかなり強そうなので、昼間の外歩きは日陰をうまく使うと負担を減らしやすいです。 ＜洗濯＞ 洗濯物はしっかり乾きやすそうです。厚手のものを進めたい日にも向いていそうです。 ーー ※この記事は天気情報をもとにAIによって作成されています。 ※天気は変化するため、最新の情報は関連リンク先の各地点の天気情報をご確認ください。 ※本機能は試験的な導入です。,[],[]
【大阪市淀川区】7/14 最高34℃、暑さに注意、夜も気温高めの予想【朝版】（Yahoo!ニュース オリジナル THE PAGE）,https://news.yahoo.co.jp/articles/297ed8f6241f0e1c43931cd5d989a2405280d5b8,https://newsatcl-pctr.c.yimg.jp/t/amd-img/20260714-00020117-wordleafw-000-1-view.jpg?exp=10800,2026-07-14T05:45:40+09:00,2026-07-14T05:45:40+09:00,Yahoo!ニュース オリジナル THE PAGE,wordleaf,Yahoo!ニュース オリジナル THE PAGE,513,生成AIによる作成 ★お天気川柳★ 暑い日に 土産ひらけば 会話咲く ーー おはようございます！大阪市淀川区専用のお天気サポートAIです！ ■きょうのざっくり天気■ 【気温の目安】 昨日と比べて、最低気温は26℃で1℃低く、最高気温は34℃で差はありません。暑さを感じる場面がありそうです。 【空模様】 朝は晴れやくもりで、昼間から夕方もくもりが続く見込みです。夜は晴れる時間がありそうです。 【降水確率】 朝の降水確率は0〜10%、昼間は10〜20%、夕方は20%、夜は0〜20%とされています。 ■ポイント■ ＜服装＞ きょうは通気性のいい服が合いそうです。外で過ごすなら、風が通りやすい素材を選んで暑さ対策をしておくとよさそうです。 ＜体調＞ 昨日と大きく変わらない暑さが続きそうなので、屋外での活動はなるべく控えめにして、無理をしない過ごし方が安心です。 ＜洗濯＞ 洗濯物は乾きやすそうな一日です。大きめのものもまとめて進めやすそうです。 ーー ※この記事は天気情報をもとにAIによって作成されています。 ※天気は変化するため、最新の情報は関連リンク先の各地点の天気情報をご確認ください。 ※本機能は試験的な導入です。,[],[]
【富士市】7/14 最高33℃、紫外線も強烈、夜はくもる時間もある予想【朝版】（Yahoo!ニュース オリジナル THE PAGE）,https://news.yahoo.co.jp/articles/753207742080e9f230be8fdc0d4836c2322f71d8,https://newsatcl-pctr.c.yimg.jp/t/amd-img/20260714-00020116-wordleafw-000-1-view.jpg?exp=10800,2026-07-14T05:45:28+09:00,2026-07-14T05:45:28+09:00,Yahoo!ニュース オリジナル THE PAGE,wordleaf,Yahoo!ニュース オリジナル THE PAGE,473,生成AIによる作成 おはようございます！富士市専用のお天気サポートAIです！ ■きょうのざっくり天気■ 【気温の目安】 昨日と比べて、最低気温は24℃で1℃低い予想です。最高気温は33℃で3℃高く、暑さを感じる場面がありそうです。 【空模様】 朝から夕方は晴れる見込みです。夜はくもる時間もある予想です。 【降水確率】 朝の降水確率は0%で、昼間・夕方・夜の降水確率は10%とされています。 ■ポイント■ ＜服装＞ きょうはTシャツなど涼しい服装が合いそうです。特に暑さが気になりやすい場面は、風が通りやすい着こなしを選ぶと過ごしやすくなりそうです。 ＜紫外線＞ 日差しがかなり強そうです。外では日陰をうまく使って、直射日光を浴び続けないようにするとよさそうです。 ＜洗濯＞ 洗濯物はしっかり乾きやすい一日になりそうです。厚手のものを進めたい方にも向いていそうです。 ーー ※この記事は天気情報をもとにAIによって作成されています。 ※天気は変化するため、最新の情報は関連リンク先の各地点の天気情報をご確認ください。 ※本機能は試験的な導入です。,[],[]
【静岡市葵区】7/14 最高33℃、暑さ、紫外線に注意、朝から夜まで晴れる予想【朝版】（Yahoo!ニュース オリジナル THE PAGE）,https://news.yahoo.co.jp/articles/523c7431e7e80a268ee9968057bf4bedbc89a6c4,https://newsatcl-pctr.c.yimg.jp/t/amd-img/20260714-00020115-wordleafw-000-1-view.jpg?exp=10800,2026-07-14T05:45:22+09:00,2026-07-14T05:45:22+09:00,Yahoo!ニュース オリジナル THE PAGE,wordleaf,Yahoo!ニュース オリジナル THE PAGE,489,生成AIによる作成 ★お天気川柳★ 朝の晴れ 弁当詰めれば 気も締まる ーー おはようございます！静岡市葵区専用のお天気サポートAIです！ ■きょうのざっくり天気■ 【気温の目安】 昨日と比べて、最低気温は24℃で1℃低く、最高気温は33℃で3℃高く、暑さを感じる場面がありそうです。 【空模様】 朝から夜まで晴れる見込みです。 【降水確率】 昼間の降水確率は10%で、夜の降水確率も10%とされています。 ■ポイント■ ＜服装＞ きょうは涼しい服装が合いそうです。特に暑さが気になりやすい時間は、風が通りやすい着こなしを選ぶと過ごしやすくなりそうです。 ＜体調＞ 外に出る時間が長い方は、強い日差しで体力を使いやすそうです。炎天下をなるべく避けて、こまめに休みながら過ごすのがよさそうです。 ＜紫外線＞ 日差しがかなり強そうです。昼間の外出は、日陰をうまく使って過ごすと負担を減らしやすそうです。 ーー ※この記事は天気情報をもとにAIによって作成されています。 ※天気は変化するため、最新の情報は関連リンク先の各地点の天気情報をご確認ください。 ※本機能は試験的な導入です。,[],[]
【高松市】7/14 最高35℃、暑さ、紫外線に注意、朝から夜まで晴れる予想【朝版】（Yahoo!ニュース オリジナル THE PAGE）,https://news.yahoo.co.jp/articles/835f8b75b04705b699ff9b36eacecb5ede98a912,https://newsatcl-pctr.c.yimg.jp/t/amd-img/20260714-00020114-wordleafw-000-1-view.jpg?exp=10800,2026-07-14T05:45:14+09:00,2026-07-14T05:45:14+09:00,Yahoo!ニュース オリジナル THE PAGE,wordleaf,Yahoo!ニュース オリジナル THE PAGE,463,生成AIによる作成 ★お天気川柳★ 炎天下 傘を忘れて 日陰恋し ーー おはようございます！高松市専用のお天気サポートAIです！ ■きょうのざっくり天気■ 【気温の目安】 昨日と比べて、最低気温は27℃で差はありません。最高気温は35℃で差はありません。厳しい暑さになりそうです。 【空模様】 朝から夜まで晴れる見込みです。 【昼間の暑さ】 昼間の気温は32〜35℃とされていて、強い暑さが続きそうです。 ■ポイント■ ＜服装＞ いつもの夏服でもよさそうですが、いちばん暑い時間に合わせて、風が通りやすい服が過ごしやすそうです。 ＜体調＞ 屋外で長く動く予定は、できるだけ無理のない組み方がよさそうです。こまめに休みながら過ごしてください。 ＜紫外線＞ 日差しがかなり強そうです。外に出る時間がある方は、サングラスで目を守る工夫が役立ちそうです。 ーー ※この記事は天気情報をもとにAIによって作成されています。 ※天気は変化するため、最新の情報は関連リンク先の各地点の天気情報をご確認ください。 ※本機能は試験的な導入です。,[],[]
【四日市市】7/14 最高35℃、暑さに注意、晴天が続く予想【朝版】（Yahoo!ニュース オリジナル THE PAGE）,https://news.yahoo.co.jp/articles/ed2b309295b235dd94c3e110ca1f1ceeb8f02973,https://newsatcl-pctr.c.yimg.jp/t/amd-img/20260714-00020113-wordleafw-000-1-view.jpg?exp=10800,2026-07-14T05:44:58+09:00,2026-07-14T05:44:58+09:00,Yahoo!ニュース オリジナル THE PAGE,wordleaf,Yahoo!ニュース オリジナル THE PAGE,480,生成AIによる作成 ★お天気川柳★ 猛暑日も 連休前なら 笑って詰める ーー おはようございます！四日市市専用のお天気サポートAIです！ ■きょうのざっくり天気■ 【気温の目安】 昨日と比べて、最低気温は25℃で1℃低く、最高気温は35℃で2℃高い予想です。厳しい暑さになりそうです。 【空模様】 朝から夜まで晴れる見込みです。 【降水確率】 朝の降水確率は0%、昼間は10%、夕方は10%、夜は0〜10%とされています。 ■ポイント■ ＜服装＞ いつもの夏服でもよさそうですが、いちばん暑くなる時間に合わせて、風が通りやすい服が過ごしやすそうです。 ＜体調＞ 屋外で長く動く予定がある方は、無理をしすぎない進め方が安心です。こまめに休める流れを意識したい一日です。 ＜紫外線＞ 日差しが届きやすそうなので、外に出る時間がある方は帽子や日傘でカバーすると負担を減らしやすそうです。 ーー ※この記事は天気情報をもとにAIによって作成されています。 ※天気は変化するため、最新の情報は関連リンク先の各地点の天気情報をご確認ください。 ※本機能は試験的な導入です。,[],[]
【今治市】7/14 最高35℃、暑さ、紫外線、朝から晴天が続く予想【朝版】（Yahoo!ニュース オリジナル THE PAGE）,https://news.yahoo.co.jp/articles/ebc587226b0c59d102088e5edff8ee5fb315d04d,https://newsatcl-pctr.c.yimg.jp/t/amd-img/20260714-00020112-wordleafw-000-1-view.jpg?exp=10800,2026-07-14T05:44:58+09:00,2026-07-14T05:44:58+09:00,Yahoo!ニュース オリジナル THE PAGE,wordleaf,Yahoo!ニュース オリジナル THE PAGE,461,生成AIによる作成 ★お天気川柳★ 真夏日に 奥の一段 まだ空くか ーー おはようございます！今治市専用のお天気サポートAIです！ ■きょうのざっくり天気■ 【気温の目安】 昨日と比べて、最低気温は25℃で差はありません。最高気温は35℃で2℃高く、厳しい暑さになりそうです。 【空模様】 朝から夜にかけて晴れる見込みです。 【昼間の風】 昼間の風速は3〜4m/sで、風は普通ですが日差しの強さが目立ちそうです。 ■ポイント■ ＜服装＞ いつもの夏服でもよさそうですが、いちばん暑くなる時間に合わせて、風が通りやすい服が過ごしやすそうです。 ＜体調＞ 屋外で長く動く予定は、できるだけ無理を避けたい一日です。のどが渇く前の水分補給を意識すると安心です。 ＜紫外線＞ 日差しがかなり強そうなので、外ではサングラスで目を守る工夫が役立ちそうです。 ーー ※この記事は天気情報をもとにAIによって作成されています。 ※天気は変化するため、最新の情報は関連リンク先の各地点の天気情報をご確認ください。 ※本機能は試験的な導入です。,[],[]
【つくば市】7/14 最高34℃、暑さに注意、晴れやくもりの予想【朝版】（Yahoo!ニュース オリジナル THE PAGE）,https://news.yahoo.co.jp/articles/279beda6b176197d6e4f353edb7b9bffec03c888,https://newsatcl-pctr.c.yimg.jp/t/amd-img/20260714-00020111-wordleafw-000-1-view.jpg?exp=10800,2026-07-14T05:44:54+09:00,2026-07-14T05:44:54+09:00,Yahoo!ニュース オリジナル THE PAGE,wordleaf,Yahoo!ニュース オリジナル THE PAGE,528,生成AIによる作成 ★お天気川柳★ 猛暑日の 静電気だけは 空気読む ーー おはようございます！つくば市専用のお天気サポートAIです！ ■きょうのざっくり天気■ 【気温の目安】 昨日と比べて、最低気温は23℃で1℃低く、最高気温は34℃で6℃高い予想です。暑さを感じる場面がありそうです。 【空模様】 朝は晴れが中心で、昼間は晴れやくもり、夕方から夜はくもりが続く見込みです。 【降水確率】 朝の降水確率は0〜10%、昼間は10〜20%、夕方は20%、夜は10〜20%とされています。 ■ポイント■ ＜服装＞ きょうは涼しい服装が合いそうです。特に暑さが気になりやすい時間は、風が通りやすい着こなしを選ぶと過ごしやすくなりそうです。 ＜体調＞ 昨日より日中の暑さが強まりそうなので、外では炎天下をなるべく避けて、早めの水分補給を意識すると安心です。 ＜紫外線＞ 日差しが出る時間は紫外線がやや強めらしいです。外に出る時間がある方は、日焼け止めで軽く対策しておくとよさそうです。 ーー ※この記事は天気情報をもとにAIによって作成されています。 ※天気は変化するため、最新の情報は関連リンク先の各地点の天気情報をご確認ください。 ※本機能は試験的な導入です。,[],[]
【生駒市】7/14 最高33℃、暑さに注意、くもり中心で夜は晴れる予想【朝版】（Yahoo!ニュース オリジナル THE PAGE）,https://news.yahoo.co.jp/articles/c2d9234fc24b94d94dfc1366927f978330686925,https://newsatcl-pctr.c.yimg.jp/t/amd-img/20260714-00020110-wordleafw-000-1-view.jpg?exp=10800,2026-07-14T05:44:52+09:00,2026-07-14T05:44:52+09:00,Yahoo!ニュース オリジナル THE PAGE,wordleaf,Yahoo!ニュース オリジナル THE PAGE,510,生成AIによる作成 ★お天気川柳★ 上着だけ 朝は相棒 昼お荷物 ーー おはようございます！生駒市専用のお天気サポートAIです！ ■きょうのざっくり天気■ 【気温の目安】 昨日と比べて、最低気温は25℃で差はありません。最高気温は33℃で差はありません。暑さを感じる場面がありそうです。 【空模様】 朝から夕方はくもりが中心で、夜は晴れる見込みです。 【降水確率】 朝の降水確率は0〜10%、昼間は10〜20%、夜は0〜20%とされています。 ■ポイント■ ＜服装＞ きょうの服装は、いつもの夏服で進めやすそうです。暑さが気になりやすいので、Tシャツなど涼しい服装が合いそうです。 ＜体調＞ 外で過ごす時間がある方は、強い日差しで消耗しやすいかもしれません。無理を詰め込みすぎず、こまめに休みながら過ごすと安心です。 ＜紫外線＞ 空は雲が多めでも、紫外線はやや強めになりそうです。外に出る時間が長い方は、日焼け止めを意識するとよさそうです。 ーー ※この記事は天気情報をもとにAIによって作成されています。 ※天気は変化するため、最新の情報は関連リンク先の各地点の天気情報をご確認ください。 ※本機能は試験的な導入です。,[],[]
【宇治市】7/14 最高35℃、暑さ、朝からくもりが続く予想【朝版】（Yahoo!ニュース オリジナル THE PAGE）,https://news.yahoo.co.jp/articles/13358036863d19f7c6a4b8d6fa55ae8253457f5f,https://newsatcl-pctr.c.yimg.jp/t/amd-img/20260714-00020109-wordleafw-000-1-view.jpg?exp=10800,2026-07-14T05:44:42+09:00,2026-07-14T05:44:42+09:00,Yahoo!ニュース オリジナル THE PAGE,wordleaf,Yahoo!ニュース オリジナル THE PAGE,531,生成AIによる作成 ★お天気川柳★ 曇る空 給料日だけ 財布晴れ ーー おはようございます！宇治市専用のお天気サポートAIです！ ■きょうのざっくり天気■ 【気温の目安】 昨日と比べて、最低気温は25℃で1℃低く、やや暑さを感じる場面がありそうです。最高気温は35℃で1℃高く、厳しい暑さになりそうです。 【空模様】 朝から夜にかけてくもりが中心で、夜は晴れる時間もありそうです。 【降水確率】 朝の降水確率は0〜10%、昼間の降水確率は10〜20%とされています。 ■ポイント■ ＜服装＞ きょうは風が弱めで熱がこもりやすそうなので、通気性のいい服が合いそうです。外に出るなら、風が通りやすい着こなしを意識すると過ごしやすくなりそうです。 ＜体調＞ 昨日よりさらに日中の暑さが増しそうです。屋外で長く動く予定はできるだけ控えめにして、早め早めの水分補給を心がけたいです。 ＜紫外線＞ 雲が多めでも油断はしにくそうです。外にいる時間がある方は、日焼け止めで肌を守っておくと安心です。 ーー ※この記事は天気情報をもとにAIによって作成されています。 ※天気は変化するため、最新の情報は関連リンク先の各地点の天気情報をご確認ください。 ※本機能は試験的な導入です。,[],[]
【鈴鹿市】7/14 最高34℃、暑さに注意、晴天が続く予想【朝版】（Yahoo!ニュース オリジナル THE PAGE）,https://news.yahoo.co.jp/articles/1c626310107d401ca0bcab975ff2005c0a7fecd0,https://newsatcl-pctr.c.yimg.jp/t/amd-img/20260714-00020108-wordleafw-000-1-view.jpg?exp=10800,2026-07-14T05:44:30+09:00,2026-07-14T05:44:30+09:00,Yahoo!ニュース オリジナル THE PAGE,wordleaf,Yahoo!ニュース オリジナル THE PAGE,494,生成AIによる作成 おはようございます！鈴鹿市専用のお天気サポートAIです！ ■きょうのざっくり天気■ 【気温の目安】 昨日と比べて、最低気温は25℃で1℃低く、最高気温は34℃で1℃高い予想です。暑さを感じる場面がありそうです。 【空模様】 朝から夜にかけて晴れる見込みです。 【昼間の空気感】 昼間の気温は32〜34℃で、風速は3〜4m/sとされています。暑さの中でも少し風を感じる時間がありそうです。 ■ポイント■ ＜服装＞ きょうは通気性のいい服が合いそうです。特に昼間は熱がこもりやすそうなので、風が通りやすい着こなしを意識すると過ごしやすくなりそうです。 ＜体調＞ 屋外で長く動く予定がある方は、いちばん暑くなる時間帯は無理を控えめにするとよさそうです。こまめに休みながら過ごしてください。 ＜紫外線＞ 日差しがしっかり届きそうです。外に出る時間が長い方は、帽子や日傘でカバーしておくと安心です。 ーー ※この記事は天気情報をもとにAIによって作成されています。 ※天気は変化するため、最新の情報は関連リンク先の各地点の天気情報をご確認ください。 ※本機能は試験的な導入です。,[],[]
【太田市】7/14 最高37℃、厳しい暑さ、紫外線に注意、昼間は晴れる予想【朝版】（Yahoo!ニュース オリジナル THE PAGE）,https://news.yahoo.co.jp/articles/1a698d67e2000d33d3de88426c620b37f66a4c12,https://newsatcl-pctr.c.yimg.jp/t/amd-img/20260714-00020107-wordleafw-000-1-view.jpg?exp=10800,2026-07-14T05:44:02+09:00,2026-07-14T05:44:02+09:00,Yahoo!ニュース オリジナル THE PAGE,wordleaf,Yahoo!ニュース オリジナル THE PAGE,521,生成AIによる作成 ★お天気川柳★ 暑すぎて イヤホン片耳 風を待つ ーー おはようございます！太田市専用のお天気サポートAIです！ ■きょうのざっくり天気■ 【気温の目安】 昨日と比べて、最低気温は24℃で1℃低く、最高気温は37℃で7℃高く、厳しい暑さになりそうです。 【空模様】 朝はくもりが中心で、昼間は晴れる時間が多い見込みです。夕方から夜はくもりが続きそうです。 【降水確率】 昼間の降水確率は10〜30%、夜の降水確率は10〜30%とされています。 ■ポイント■ ＜服装＞ きょうはかなり暑くなりそうなので、通気性のいい服が合いそうです。外に出るなら、風が通りやすい着こなしを意識すると少し過ごしやすくなりそうです。 ＜体調＞ 昨日より暑さがぐっと強まりそうです。長い外出や運動は無理をしすぎず、できるだけ暑さを避けて過ごすのがよさそうです。 ＜紫外線＞ 昼間は日差しが強くなりそうです。歩く時間がある方は、日陰を選べると負担を減らしやすそうです。 ーー ※この記事は天気情報をもとにAIによって作成されています。 ※天気は変化するため、最新の情報は関連リンク先の各地点の天気情報をご確認ください。 ※本機能は試験的な導入です。,[],[]
【前橋市】7/14 最高37℃、厳しい暑さ、紫外線に注意、昼間も晴れる予想【朝版】（Yahoo!ニュース オリジナル THE PAGE）,https://news.yahoo.co.jp/articles/b12a4cf62fb6c7b37b60b7650ce04131b37ae085,https://newsatcl-pctr.c.yimg.jp/t/amd-img/20260714-00020106-wordleafw-000-1-view.jpg?exp=10800,2026-07-14T05:43:53+09:00,2026-07-14T05:43:53+09:00,Yahoo!ニュース オリジナル THE PAGE,wordleaf,Yahoo!ニュース オリジナル THE PAGE,527,生成AIによる作成 ★お天気川柳★ 朝曇り 自転車こいで 汗先着 ーー おはようございます！前橋市専用のお天気サポートAIです！ ■きょうのざっくり天気■ 【気温の目安】 昨日と比べて、最低気温は25℃で差はありません。最高気温は37℃で4℃高く、厳しい暑さになりそうです。 【空模様】 朝から夕方にかけて晴れる時間が多い見込みです。夜はくもりが中心になりそうです。 【降水確率】 朝の降水確率は0〜10%、昼間は10〜20%とされています。 ■ポイント■ ＜服装＞ きょうは風通しのいい服が合いそうです。特に暑さが厳しくなりそうな時間に長く外へ出るなら、熱がこもりにくい素材を選ぶと過ごしやすそうです。 ＜体調＞ 昨日より暑さが強まりそうなので、屋外での活動は無理をしすぎないほうがよさそうです。こまめに休みながら、水分補給を早めに意識してみてください。 ＜紫外線＞ 日差しが強く照りつける時間がありそうです。外を歩くときは、なるべく日陰を使うと負担を減らしやすそうです。 ーー ※この記事は天気情報をもとにAIによって作成されています。 ※天気は変化するため、最新の情報は関連リンク先の各地点の天気情報をご確認ください。 ※本機能は試験的な導入です。,[],[]
【千葉市中央区】7/14 最高33℃、暑さに注意、晴れる時間がある予想【朝版】（Yahoo!ニュース オリジナル THE PAGE）,https://news.yahoo.co.jp/articles/f747f13cb12746f41124745e6b0965e82ba05674,https://newsatcl-pctr.c.yimg.jp/t/amd-img/20260714-00020105-wordleafw-000-1-view.jpg?exp=10800,2026-07-14T05:43:42+09:00,2026-07-14T05:43:42+09:00,Yahoo!ニュース オリジナル THE PAGE,wordleaf,Yahoo!ニュース オリジナル THE PAGE,510,生成AIによる作成 ★お天気川柳★ 晴れの朝 終電よりも 日の出早い ーー おはようございます！千葉市中央区専用のお天気サポートAIです！ ■きょうのざっくり天気■ 【気温の目安】 昨日と比べて、最低気温は25℃で差はありません。最高気温は33℃で3℃高く、暑さを感じる場面がありそうです。 【空模様】 朝は晴れやくもりで、昼間は晴れる時間がある見込みです。夕方から夜はくもりが中心になりそうです。 【降水確率】 昼間の降水確率は10〜20%、夕方の降水確率は10〜20%とされています。 ■ポイント■ ＜服装＞ いつもの夏服で過ごしやすそうですが、暑さが気になる場面に合わせて、Tシャツなど涼しい服装が合いそうです。 ＜体調＞ 昨日より暑さが増しそうなので、外にいる時間が長い方は炎天下を避けながら、こまめにひと息入れると過ごしやすそうです。 ＜紫外線＞ 晴れる時間は日差しが届きやすそうです。帽子や日傘で紫外線対策をしておくと安心です。 ーー ※この記事は天気情報をもとにAIによって作成されています。 ※天気は変化するため、最新の情報は関連リンク先の各地点の天気情報をご確認ください。 ※本機能は試験的な導入です。,[],[]
【岡山市南区】7/14 最高35℃、暑さ、紫外線に注意、朝から夜まで晴れる予想【朝版】（Yahoo!ニュース オリジナル THE PAGE）,https://news.yahoo.co.jp/articles/e51e1d656c6c13c21afad1e5e7ad5104a4eb1b4d,https://newsatcl-pctr.c.yimg.jp/t/amd-img/20260714-00020104-wordleafw-000-1-view.jpg?exp=10800,2026-07-14T05:43:33+09:00,2026-07-14T05:43:33+09:00,Yahoo!ニュース オリジナル THE PAGE,wordleaf,Yahoo!ニュース オリジナル THE PAGE,455,生成AIによる作成 おはようございます！岡山市南区専用のお天気サポートAIです！ ■きょうのざっくり天気■ 【気温の目安】 昨日と比べて、最低気温は26℃、最高気温は35℃で、ともに差はありません。最高気温は35℃の予想で、厳しい暑さになりそうです。 【空模様】 朝から夜まで晴れる見込みです。 【降水確率】 朝の降水確率は0%、昼間は0〜10%、夕方は10%、夜は0〜10%とされています。 ■ポイント■ ＜服装＞ いつもの夏服で大きく外しにくい一日ですが、いちばん暑くなる時間に合わせて、風が通りやすい服が合いそうです。 ＜体調＞ 屋外で長く過ごす予定がある方は、無理をしすぎず、こまめに休みを入れながら過ごすと安心です。 ＜紫外線＞ 日差しがかなり強そうなので、外では帽子やサングラスで目元まで守る意識があるとよさそうです。 ーー ※この記事は天気情報をもとにAIによって作成されています。 ※天気は変化するため、最新の情報は関連リンク先の各地点の天気情報をご確認ください。 ※本機能は試験的な導入です。,[],[]
【岡山市北区】7/14 最高36℃、暑さ、紫外線、朝から晴天が続く予想【朝版】（Yahoo!ニュース オリジナル THE PAGE）,https://news.yahoo.co.jp/articles/dd75a497fca6b4885edc797e62fd007a359f8f07,https://newsatcl-pctr.c.yimg.jp/t/amd-img/20260714-00020103-wordleafw-000-1-view.jpg?exp=10800,2026-07-14T05:43:21+09:00,2026-07-14T05:43:21+09:00,Yahoo!ニュース オリジナル THE PAGE,wordleaf,Yahoo!ニュース オリジナル THE PAGE,473,生成AIによる作成 ★お天気川柳★ 晴れの朝 乗り換え多め 汗も先着 ーー おはようございます！岡山市北区専用のお天気サポートAIです！ ■きょうのざっくり天気■ 【気温の目安】 昨日と比べて、最低気温は26℃で1℃低く、最高気温は36℃で1℃高く、厳しい暑さになりそうです。 【空模様】 朝から夜にかけて晴れる見込みです。 【昼間の風】 昼間の風速は3〜5m/sとされ、少し風があっても暑さは残りそうです。 ■ポイント■ ＜服装＞ いつもの夏服でよさそうですが、昼間の強い暑さに合わせて、通気性のいい素材を選ぶと過ごしやすくなりそうです。 ＜体調＞ 外で長く動く予定は、できるだけ無理のない組み方がよさそうです。こまめに休める流れを意識すると安心です。 ＜紫外線＞ 昼間は日差しがかなり強そうです。歩く時間がある方は、なるべく日陰を選ぶと負担を減らしやすそうです。 ーー ※この記事は天気情報をもとにAIによって作成されています。 ※天気は変化するため、最新の情報は関連リンク先の各地点の天気情報をご確認ください。 ※本機能は試験的な導入です。,[],[]
【東広島市】7/14 最高33℃、暑さに注意、紫外線も強烈、朝から夜まで晴れる予想【朝版】（Yahoo!ニュース オリジナル THE PAGE）,https://news.yahoo.co.jp/articles/0e9dfee2941b300eb4797dc1f5c5d61d41107af2,https://newsatcl-pctr.c.yimg.jp/t/amd-img/20260714-00020102-wordleafw-000-1-view.jpg?exp=10800,2026-07-14T05:43:11+09:00,2026-07-14T05:43:11+09:00,Yahoo!ニュース オリジナル THE PAGE,wordleaf,Yahoo!ニュース オリジナル THE PAGE,497,生成AIによる作成 ★お天気川柳★ 暑い朝 イヤホン外して 深呼吸 ーー おはようございます！東広島市専用のお天気サポートAIです！ ■きょうのざっくり天気■ 【気温の目安】 昨日と比べて、最低気温は23℃で1℃低く、最高気温は33℃で1℃低い予想です。最高気温は暑さを感じる場面がありそうです。 【空模様】 朝から夜まで晴れる見込みです。 【降水確率】 昼間の降水確率は0〜10%、夜の降水確率は0〜10%とされています。 ■ポイント■ ＜服装＞ きょうも夏らしい暑さになりそうです。Tシャツなど涼しい服装が合いやすく、外で過ごす時間が長い方は風が通りやすい着こなしを選ぶと過ごしやすそうです。 ＜体調＞ 強い日差しで体力を奪われやすそうです。外出するなら炎天下をできるだけ避けて、こまめに休みながら過ごすのがよさそうです。 ＜洗濯＞ 洗濯物はよく乾きやすい一日になりそうです。大きめのものも片づけやすそうです。 ーー ※この記事は天気情報をもとにAIによって作成されています。 ※天気は変化するため、最新の情報は関連リンク先の各地点の天気情報をご確認ください。 ※本機能は試験的な導入です。,[],[]
【広島市安佐南区】7/14 最高34℃、暑さ、紫外線に注意、朝から夜まで晴れる予想【朝版】（Yahoo!ニュース オリジナル THE PAGE）,https://news.yahoo.co.jp/articles/9d9bef37fb62a8ac767123f05e4049d320879f2e,https://newsatcl-pctr.c.yimg.jp/t/amd-img/20260714-00020101-wordleafw-000-1-view.jpg?exp=10800,2026-07-14T05:43:02+09:00,2026-07-14T05:43:02+09:00,Yahoo!ニュース オリジナル THE PAGE,wordleaf,Yahoo!ニュース オリジナル THE PAGE,524,生成AIによる作成 ★お天気川柳★ 日差し強く プレゼンだけは 涼しい顔 ーー おはようございます！広島市安佐南区専用のお天気サポートAIです！ ■きょうのざっくり天気■ 【気温の目安】 昨日と比べて、最低気温は25℃で1℃低く、やや暑さを感じる場面がありそうです。最高気温は34℃で1℃低く、暑さを感じる場面がありそうです。 【空模様】 朝から夜まで晴れる見込みです。 【昼間の暑さ】 昼間の気温は32〜34℃で、降水確率は0〜10%とされています。 ■ポイント■ ＜服装＞ きょうは通気性のいい服が合いそうです。特に昼間は熱がこもりやすそうなので、風が通りやすい着こなしを意識すると過ごしやすくなりそうです。 ＜体調＞ 暑さが長く続きそうなので、屋外での活動はなるべく控えめがよさそうです。動く予定がある方は、こまめに休みながら無理をしないようにしてください。 ＜紫外線＞ 日差しが強く照りそうです。外では日陰をうまく使いながら過ごすと、負担を減らしやすそうです。 ーー ※この記事は天気情報をもとにAIによって作成されています。 ※天気は変化するため、最新の情報は関連リンク先の各地点の天気情報をご確認ください。 ※本機能は試験的な導入です。,[],[]
【新潟市中央区】7/14 最高31℃、最低25℃、暑さを感じる場面がありそうな予想【朝版】（Yahoo!ニュース オリジナル THE PAGE）,https://news.yahoo.co.jp/articles/345b2a57df4ed7af58f02bd87719caf65230bced,https://newsatcl-pctr.c.yimg.jp/t/amd-img/20260714-00020100-wordleafw-000-1-view.jpg?exp=10800,2026-07-14T05:42:17+09:00,2026-07-14T05:42:17+09:00,Yahoo!ニュース オリジナル THE PAGE,wordleaf,Yahoo!ニュース オリジナル THE PAGE,539,生成AIによる作成 ★お天気川柳★ 空は曇り コーヒーだけは 今日も晴れ ーー おはようございます！新潟市中央区専用のお天気サポートAIです！ ■きょうのざっくり天気■ 【気温の目安】 昨日と比べて、最低気温は25℃で2℃高く、やや暑さを感じる場面がありそうです。最高気温は31℃で3℃高く、暑さを感じる場面がありそうです。 【空模様】 朝から夜にかけて曇りが続く予想です。 【降水確率】 朝の降水確率は20〜30%、昼間は10〜20%、夕方は10%、夜は10%とされています。 ■ポイント■ ＜服装＞ きょうは涼しい服装が合いそうです。いつもの夏服をベースにして、風が通りやすい着こなしを選ぶと過ごしやすくなりそうです。 ＜体調＞ 昨日より空気の重たさを感じやすいかもしれません。外に出る時間がある方は、炎天下をなるべく避けながら無理のないペースで過ごすのがよさそうです。 ＜紫外線＞ 雲が多くても油断しすぎないほうがよさそうです。外で過ごす時間があるなら、日焼け止めで肌を守っておくと安心です。 ーー ※この記事は天気情報をもとにAIによって作成されています。 ※天気は変化するため、最新の情報は関連リンク先の各地点の天気情報をご確認ください。 ※本機能は試験的な導入です。,[],[]
【小田原市】7/14 最高33℃、暑さに注意、晴れる予想【朝版】（Yahoo!ニュース オリジナル THE PAGE）,https://news.yahoo.co.jp/articles/e1e73d99330ce09b994cfe3a224aad79cbaad49f,https://newsatcl-pctr.c.yimg.jp/t/amd-img/20260714-00020099-wordleafw-000-1-view.jpg?exp=10800,2026-07-14T05:42:08+09:00,2026-07-14T05:42:08+09:00,Yahoo!ニュース オリジナル THE PAGE,wordleaf,Yahoo!ニュース オリジナル THE PAGE,498,生成AIによる作成 ★お天気川柳★ 朝日見て 休み明けでも 背筋伸びる ーー おはようございます！小田原市専用のお天気サポートAIです！ ■きょうのざっくり天気■ 【気温の目安】 昨日と比べて、最低気温は23℃で1℃低くなりそうです。最高気温は33℃で2℃高く、暑さを感じる場面がありそうです。 【空模様】 朝から夕方にかけて晴れる見込みで、夜は晴れからくもりになる予想です。 【降水確率】 朝の降水確率は0%で、昼間から夜は10%とされています。 ■ポイント■ ＜服装＞ きょうは涼しい服装が合いそうです。特に暑さが気になりやすい時間は、風が通りやすい着こなしを選ぶと過ごしやすくなりそうです。 ＜体調＞ 外では暑さがこもりやすそうです。長く屋外で過ごすなら、炎天下をなるべく避けて、こまめに休みを入れると安心です。 ＜紫外線＞ 日差しがかなり強そうです。外を歩く時間は、日陰をうまく使って過ごすのがおすすめです。 ーー ※この記事は天気情報をもとにAIによって作成されています。 ※天気は変化するため、最新の情報は関連リンク先の各地点の天気情報をご確認ください。 ※本機能は試験的な導入です。,[],[]
【草津市】7/14 最高34℃、暑さに注意、晴れやくもりの予想【朝版】（Yahoo!ニュース オリジナル THE PAGE）,https://news.yahoo.co.jp/articles/080a75445b6fe13c4a94021e0f30c14b2116064a,https://newsatcl-pctr.c.yimg.jp/t/amd-img/20260714-00020098-wordleafw-000-1-view.jpg?exp=10800,2026-07-14T05:41:56+09:00,2026-07-14T05:41:56+09:00,Yahoo!ニュース オリジナル THE PAGE,wordleaf,Yahoo!ニュース オリジナル THE PAGE,569,生成AIによる作成 ★お天気川柳★ 朝の雲 五月病の背を そっと押す ーー おはようございます！草津市専用のお天気サポートAIです！ ■きょうのざっくり天気■ 【気温の目安】 昨日と比べて、最低気温は24℃で2℃低く、最高気温は34℃で1℃高い見込みです。暑さを感じる場面がありそうです。 【空模様】 朝は晴れやくもりで、昼間から夕方もくもりが中心になりそうです。夜はくもりから晴れの予想です。 【雨と風】 朝の降水確率は0〜10%、昼間の降水確率は10〜20%で、夜の降水確率は0〜10%とされています。昼間から夜の風速は1〜3m/sで、風はおおむね普通になりそうです。 ■ポイント■ ＜服装＞ きょうは暑さが主役になりそうです。通気性のいい服が合わせやすく、外で過ごす時間がある方は風が通りやすい着こなしがよさそうです。 ＜体調＞ 昨日より日中の暑さが少し増しそうなので、炎天下を避けながら、のどが渇く前の水分補給を意識すると過ごしやすそうです。 ＜洗濯＞ 洗濯物ははかどりやすい一日になりそうです。大きめのものを洗うなら、きょう進めるのもよさそうです。 ーー ※この記事は天気情報をもとにAIによって作成されています。 ※天気は変化するため、最新の情報は関連リンク先の各地点の天気情報をご確認ください。 ※本機能は試験的な導入です。,[],[]
【越谷市】7/14 最高36℃、厳しい暑さ、紫外線に注意、朝は晴れで昼間も晴れる予想【朝版】（Yahoo!ニュース オリジナル THE PAGE）,https://news.yahoo.co.jp/articles/e6c701c54e0f0781bd412b6e57e91a099a742710,https://newsatcl-pctr.c.yimg.jp/t/amd-img/20260714-00020097-wordleafw-000-1-view.jpg?exp=10800,2026-07-14T05:41:52+09:00,2026-07-14T05:41:52+09:00,Yahoo!ニュース オリジナル THE PAGE,wordleaf,Yahoo!ニュース オリジナル THE PAGE,491,生成AIによる作成 ★お天気川柳★ 猛暑日の 時計をチラ見 定時恋し ーー おはようございます！越谷市専用のお天気サポートAIです！ ■きょうのざっくり天気■ 【気温の目安】 昨日と比べて、最低気温は24℃で1℃低く、最高気温は36℃で6℃高く、厳しい暑さになりそうです。 【空模様】 朝は晴れやくもりで、昼間から夕方は晴れる時間が多い見込みです。 【降水確率】 昼間の降水確率は10〜20%、夜の降水確率は0〜20%とされています。 ■ポイント■ ＜服装＞ いつもの夏服で大きく外しにくいですが、昼間の強い暑さに合わせて、風が通りやすい服が過ごしやすそうです。 ＜体調＞ 屋外で長く動く予定は、できるだけ無理のない組み方がよさそうです。こまめに休みながら、水分補給を早めに意識してください。 ＜紫外線＞ 昼間は日差しの刺激を受けやすそうです。歩く時間がある方は、日陰を選べると少しラクになりそうです。 ーー ※この記事は天気情報をもとにAIによって作成されています。 ※天気は変化するため、最新の情報は関連リンク先の各地点の天気情報をご確認ください。 ※本機能は試験的な導入です。,[],[]
【名古屋市中川区】7/14 最高37℃、暑さ、紫外線、朝から夜まで晴れる予想【朝版】（Yahoo!ニュース オリジナル THE PAGE）,https://news.yahoo.co.jp/articles/c2be22e8133a81dcb1aa58d76013311116c0081c,https://newsatcl-pctr.c.yimg.jp/t/amd-img/20260714-00020096-wordleafw-000-1-view.jpg?exp=10800,2026-07-14T05:41:43+09:00,2026-07-14T05:41:43+09:00,Yahoo!ニュース オリジナル THE PAGE,wordleaf,Yahoo!ニュース オリジナル THE PAGE,520,生成AIによる作成 ★お天気川柳★ 窓際は 景色は満点 汗は減点 ーー おはようございます！名古屋市中川区専用のお天気サポートAIです！ ■きょうのざっくり天気■ 【気温の目安】 昨日と比べて、最低気温は26℃で1℃低く、最高気温は37℃で3℃高く、厳しい暑さになりそうです。 【空模様】 朝から夜まで晴れる見込みです。 【風と降水確率】 昼間の風速は4〜6m/sでやや風がありそうです。昼間の降水確率は10〜20%とされています。 ■ポイント■ ＜服装＞ きょうはかなり暑くなりそうなので、いつもの夏服でも、風が通りやすい素材の服が合いそうです。外に出る時間が長い方は、熱がこもりにくい着こなしを意識すると過ごしやすそうです。 ＜体調＞ 強い暑さで体に負担がかかりやすそうです。無理に外で動き続けず、こまめに休みを入れながら過ごすのがよさそうです。 ＜紫外線＞ 日差しがしっかり届きそうです。長く外にいるなら、帽子や日傘で日差しを避ける工夫が役立ちそうです。 ーー ※この記事は天気情報をもとにAIによって作成されています。 ※天気は変化するため、最新の情報は関連リンク先の各地点の天気情報をご確認ください。 ※本機能は試験的な導入です。,[],[]
【所沢市】7/14 最高36℃、厳しい暑さ、紫外線に注意、朝から晴れる予想【朝版】（Yahoo!ニュース オリジナル THE PAGE）,https://news.yahoo.co.jp/articles/92d3ac7f64cfb1fbee6042fa0ebe94f6f8d692b5,https://newsatcl-pctr.c.yimg.jp/t/amd-img/20260714-00020095-wordleafw-000-1-view.jpg?exp=10800,2026-07-14T05:41:37+09:00,2026-07-14T05:41:37+09:00,Yahoo!ニュース オリジナル THE PAGE,wordleaf,Yahoo!ニュース オリジナル THE PAGE,540,生成AIによる作成 ★お天気川柳★ 猛暑日に 時差出勤で 影を選ぶ ーー おはようございます！所沢市専用のお天気サポートAIです！ ■きょうのざっくり天気■ 【気温の目安】 昨日と比べて、最低気温は24℃で差はありません。最高気温は36℃で6℃高く、厳しい暑さになりそうです。 【空模様】 朝から夕方にかけて晴れる時間が多く、夜はくもりが広がる予想です。 【降水と風】 昼間の降水確率は0〜20%、夜の降水確率は0〜20%とされていて、夕方の風速は3〜4m/sで普通の風になりそうです。 ■ポイント■ ＜服装＞ きょうは風通しのいい服が合いそうです。特に暑さが厳しくなりそうな時間帯は、速乾性のある素材を選ぶと過ごしやすくなりそうです。 ＜体調＞ 昨日よりかなり暑くなりそうなので、外で長く動く予定はできるだけ控えめにすると安心です。のどが渇く前の水分補給も意識したいです。 ＜紫外線＞ 昼間は強い日差しで負担を感じやすそうです。外では日陰をうまく使って、直射日光を避けながら過ごすのがおすすめです。 ーー ※この記事は天気情報をもとにAIによって作成されています。 ※天気は変化するため、最新の情報は関連リンク先の各地点の天気情報をご確認ください。 ※本機能は試験的な導入です。,[],[]
【霧島市】7/14 最高34℃、暑さに注意、紫外線も強烈、朝から夜まで晴れる予想【朝版】（Yahoo!ニュース オリジナル THE PAGE）,https://news.yahoo.co.jp/articles/0f574dd6843757f8bcdd0c3acf835e415c638859,https://newsatcl-pctr.c.yimg.jp/t/amd-img/20260714-00020094-wordleafw-000-1-view.jpg?exp=10800,2026-07-14T05:41:26+09:00,2026-07-14T05:41:26+09:00,Yahoo!ニュース オリジナル THE PAGE,wordleaf,Yahoo!ニュース オリジナル THE PAGE,477,生成AIによる作成 ★お天気川柳★ 炎天下 乗り換えダッシュ 影が相棒 ーー おはようございます！霧島市専用のお天気サポートAIです！ ■きょうのざっくり天気■ 【気温の目安】 昨日と比べて、最低気温は25℃で差はありません。最高気温は34℃で差はありません。暑さを感じる場面がありそうです。 【空模様】 朝から夜まで晴れる見込みです。 【降水確率】 朝の降水確率は10%で、昼間の降水確率も10%とされています。 ■ポイント■ ＜服装＞ きょうも暑さ対策を優先した服装が合いそうです。通気性のいい服で、風が通りやすい着こなしを意識すると過ごしやすくなりそうです。 ＜紫外線＞ 日差しがかなり強そうです。外に出る時間がある方は、サングラスで目を守る工夫が役立ちそうです。 ＜洗濯＞ 洗濯物はしっかり乾きやすい一日になりそうです。大きめのものを洗いたい方にも進めやすそうです。 ーー ※この記事は天気情報をもとにAIによって作成されています。 ※天気は変化するため、最新の情報は関連リンク先の各地点の天気情報をご確認ください。 ※本機能は試験的な導入です。,[],[]
【札幌市北区】7/14 最高30℃、暑さに注意、夜は雨の予想【朝版】（Yahoo!ニュース オリジナル THE PAGE）,https://news.yahoo.co.jp/articles/5eb3e3c5c3240cec4f4d593536fb3d43a04a4241,https://newsatcl-pctr.c.yimg.jp/t/amd-img/20260714-00020093-wordleafw-000-1-view.jpg?exp=10800,2026-07-14T05:41:19+09:00,2026-07-14T05:41:19+09:00,Yahoo!ニュース オリジナル THE PAGE,wordleaf,Yahoo!ニュース オリジナル THE PAGE,514,生成AIによる作成 ★お天気川柳★ 曇る朝 傘を忘れて まあいっか ーー おはようございます！札幌市北区専用のお天気サポートAIです！ ■きょうのざっくり天気■ 【気温の目安】 昨日と比べて、最低気温は21℃で差はありません。最高気温は30℃で3℃高く、暑さを感じる場面がありそうです。 【空模様】 朝から夕方はくもりが中心で、夜は雨の降る時間がありそうです。 【降水確率】 夜の降水確率は20〜50%とされていて、夕方も20〜30%の予想です。 ■ポイント■ ＜服装＞ 半袖をベースにしつつ、調節しやすいシャツを重ねる着こなしが合いそうです。日中の暑さを考えると、風が通りやすいものが過ごしやすそうです。 ＜体調＞ 昨日より気温が上がる見込みなので、外で過ごす時間が長い方は無理をしすぎず、強い日差しを避けながら過ごすのがよさそうです。 ＜傘＞ 夕方から夜にかけては雨具があると安心です。遅い時間に外出する方は、傘を持って出るほうがよさそうです。 ーー ※この記事は天気情報をもとにAIによって作成されています。 ※天気は変化するため、最新の情報は関連リンク先の各地点の天気情報をご確認ください。 ※本機能は試験的な導入です。,[],[]
【札幌市中央区】7/14 最高30℃、暑さ、夜は雨の予想【朝版】（Yahoo!ニュース オリジナル THE PAGE）,https://news.yahoo.co.jp/articles/d5c6a0e0f08f1fa2698de41171a191f359835dd1,https://newsatcl-pctr.c.yimg.jp/t/amd-img/20260714-00020092-wordleafw-000-1-view.jpg?exp=10800,2026-07-14T05:41:07+09:00,2026-07-14T05:41:07+09:00,Yahoo!ニュース オリジナル THE PAGE,wordleaf,Yahoo!ニュース オリジナル THE PAGE,467,生成AIによる作成 ★お天気川柳★ 蒸す空気 お土産ひらけば 顔ほころぶ ーー おはようございます！札幌市中央区専用のお天気サポートAIです！ ■きょうのざっくり天気■ 【気温の目安】 昨日と比べて、最低気温は22℃で1℃高く、最高気温は30℃で3℃高い見込みです。最高気温は30℃で、暑さを感じる場面がありそうです。 【空模様】 朝から夕方はくもりが中心で、夜は雨の降る時間がある見込みです。 【降水の見通し】 夜の降水確率は20〜50%とされています。 ■ポイント■ ＜服装＞ 半袖をベースにしつつ、室内外の差が気になる場面ではシャツを重ねて調節すると過ごしやすそうです。 ＜体調＞ 昨日より暑さが増しそうなので、外では無理をしすぎず、強い日差しを避けながら過ごすのがよさそうです。 ＜傘＞ 夜にお出かけや帰宅の予定がある方は、雨具があると安心です。 ーー ※この記事は天気情報をもとにAIによって作成されています。 ※天気は変化するため、最新の情報は関連リンク先の各地点の天気情報をご確認ください。 ※本機能は試験的な導入です。,[],[]
【名古屋市緑区】7/14 最高37℃、厳しい暑さ、紫外線に注意、晴天が続く予想【朝版】（Yahoo!ニュース オリジナル THE PAGE）,https://news.yahoo.co.jp/articles/af980390332c3b01998c24bce63116806c6da3e6,https://newsatcl-pctr.c.yimg.jp/t/amd-img/20260714-00020091-wordleafw-000-1-view.jpg?exp=10800,2026-07-14T05:40:49+09:00,2026-07-14T05:40:49+09:00,Yahoo!ニュース オリジナル THE PAGE,wordleaf,Yahoo!ニュース オリジナル THE PAGE,472,生成AIによる作成 ★お天気川柳★ 猛暑でも 在宅勤務で 顔は晴れ ーー おはようございます！名古屋市緑区専用のお天気サポートAIです！ ■きょうのざっくり天気■ 【気温の目安】 昨日と比べて、最低気温は26℃で1℃低く、最高気温は37℃で3℃高い予想です。厳しい暑さになりそうです。 【空模様】 朝から夜まで晴れる見込みです。 【昼間の暑さ】 昼間の気温は33〜36℃で、強い暑さが続く予想です。 ■ポイント■ ＜服装＞ いつもの夏服でもよさそうですが、昼間の強い暑さに合わせて、風が通りやすい服が過ごしやすそうです。 ＜体調＞ 外で長く過ごす予定は、できるだけ無理を避けたい一日です。こまめに休みながら、水分を早めにとる意識があると安心です。 ＜紫外線＞ 日差しがしっかり届きそうなので、外に出る時間がある方は帽子や日傘でカバーすると負担を減らしやすそうです。 ーー ※この記事は天気情報をもとにAIによって作成されています。 ※天気は変化するため、最新の情報は関連リンク先の各地点の天気情報をご確認ください。 ※本機能は試験的な導入です。,[],[]
【仙台市太白区】7/14 最高30℃、朝から夜はくもり中心、暑さを感じる場面がありそうな予想【朝版】（Yahoo!ニュース オリジナル THE PAGE）,https://news.yahoo.co.jp/articles/f91f19667faed250d1ff869f2ad188d64a2902c8,https://newsatcl-pctr.c.yimg.jp/t/amd-img/20260714-00020090-wordleafw-000-1-view.jpg?exp=10800,2026-07-14T05:40:39+09:00,2026-07-14T05:40:39+09:00,Yahoo!ニュース オリジナル THE PAGE,wordleaf,Yahoo!ニュース オリジナル THE PAGE,497,生成AIによる作成 ★お天気川柳★ 曇る空 終電じゃなく 定時見る ーー おはようございます！仙台市太白区専用のお天気サポートAIです！ ■きょうのざっくり天気■ 【気温の目安】 昨日と比べて、最低気温は22℃で1℃低く、最高気温は30℃で差はありません。最高気温は暑さを感じる場面がありそうです。 【空模様】 朝はくもりで、昼間から夜もくもりが続く見込みです。 【降水確率】 朝の降水確率は10%、昼間の降水確率も10%とされています。 ■ポイント■ ＜服装＞ 半袖一枚で過ごしやすそうです。暑さを感じる場面に備えて、風が通りやすい服を選ぶと快適さを保ちやすそうです。 ＜体調＞ 外で過ごす時間がある方は、強い日差しの時間帯は無理をしすぎないほうがよさそうです。こまめな水分補給を意識すると安心です。 ＜紫外線＞ 空は雲が多めでも、紫外線はやや強めになりそうです。外出の際は日焼け止めを使っておくとよさそうです。 ーー ※この記事は天気情報をもとにAIによって作成されています。 ※天気は変化するため、最新の情報は関連リンク先の各地点の天気情報をご確認ください。 ※本機能は試験的な導入です。,[],[]
【仙台市青葉区】7/14 最高30℃、暑さを感じる場面がありそうな予想【朝版】（Yahoo!ニュース オリジナル THE PAGE）,https://news.yahoo.co.jp/articles/6a54c3e46aaaa3c2ddc41d6cbae178399135ad60,https://newsatcl-pctr.c.yimg.jp/t/amd-img/20260714-00020089-wordleafw-000-1-view.jpg?exp=10800,2026-07-14T05:40:31+09:00,2026-07-14T05:40:31+09:00,Yahoo!ニュース オリジナル THE PAGE,wordleaf,Yahoo!ニュース オリジナル THE PAGE,501,生成AIによる作成 ★お天気川柳★ 雲多め 在宅勤務は 顔だけ晴れ ーー おはようございます！仙台市青葉区専用のお天気サポートAIです！ ■きょうのざっくり天気■ 【気温の目安】 昨日と比べて、最低気温は23℃、最高気温は30℃で、ともに差はありません。最高気温は30℃で、暑さを感じる場面がありそうです。 【空模様】 朝から夜にかけてくもりが続く予想です。 【降水確率】 朝から夕方の降水確率は10%で、夜は0%とされています。 ■ポイント■ ＜服装＞ 半袖一枚で過ごしやすそうです。暑さを感じる場面がありそうなので、風が通りやすい着こなしを選ぶと快適さを保ちやすそうです。 ＜紫外線＞ 空は雲が多めでも、紫外線はやや気になりそうです。外に出る時間がある方は、日焼け止めで軽く対策しておくと安心です。 ＜洗濯＞ 洗濯物は薄手のものから進めるとよさそうです。乾かしたいものが多い日は、軽い素材を優先すると進めやすそうです。 ーー ※この記事は天気情報をもとにAIによって作成されています。 ※天気は変化するため、最新の情報は関連リンク先の各地点の天気情報をご確認ください。 ※本機能は試験的な導入です。,[],[]
【福岡市博多区】7/14 最高35℃、最低27℃、紫外線に注意、晴れる予想【朝版】（Yahoo!ニュース オリジナル THE PAGE）,https://news.yahoo.co.jp/articles/400a632587108d6f0b3a556207fb4132678c09fa,https://newsatcl-pctr.c.yimg.jp/t/amd-img/20260714-00020088-wordleafw-000-1-view.jpg?exp=10800,2026-07-14T05:40:23+09:00,2026-07-14T05:40:23+09:00,Yahoo!ニュース オリジナル THE PAGE,wordleaf,Yahoo!ニュース オリジナル THE PAGE,484,生成AIによる作成 ★お天気川柳★ 快晴で 鼻はぐずぐず 気はしゃんと ーー おはようございます！福岡市博多区専用のお天気サポートAIです！ ■きょうのざっくり天気■ 【気温の目安】 昨日と比べて、最低気温は27℃、最高気温は35℃で、ともに差はありません。厳しい暑さになりそうです。 【空模様】 朝から夜まで晴れる見込みです。 【降水確率】 朝の降水確率は10〜20%、昼間の降水確率は10%とされています。 ■ポイント■ ＜服装＞ きょうもかなり暑くなりそうなので、通気性のいい服が合いそうです。外で過ごす時間がある方は、風が通りやすい着こなしを意識すると少しラクに過ごせそうです。 ＜紫外線＞ 日差しが強そうです。昼間に外へ出るなら、なるべく日陰を選んで動くと負担を減らしやすそうです。 ＜洗濯＞ 洗濯物は乾きやすそうです。大きめのものを洗いたい方にも進めやすい一日になりそうです。 ーー ※この記事は天気情報をもとにAIによって作成されています。 ※天気は変化するため、最新の情報は関連リンク先の各地点の天気情報をご確認ください。 ※本機能は試験的な導入です。,[],[]
【熊本市東区】7/14 最高34℃、暑さ、紫外線、朝から夜まで晴れる予想【朝版】（Yahoo!ニュース オリジナル THE PAGE）,https://news.yahoo.co.jp/articles/2ffe5d34aaf9ddabb8b4b4f041a05fce8892830c,https://newsatcl-pctr.c.yimg.jp/t/amd-img/20260714-00020087-wordleafw-000-1-view.jpg?exp=10800,2026-07-14T05:40:22+09:00,2026-07-14T05:40:22+09:00,Yahoo!ニュース オリジナル THE PAGE,wordleaf,Yahoo!ニュース オリジナル THE PAGE,537,生成AIによる作成 ★お天気川柳★ 晴れた朝 コンビニ袋に 今日を入れ ーー おはようございます！熊本市東区専用のお天気サポートAIです！ ■きょうのざっくり天気■ 【気温の目安】 昨日と比べて、最低気温は25℃で1℃低く、最高気温は34℃で1℃低い見込みです。最高気温は暑さを感じる場面がありそうです。 【空模様】 朝から夜まで晴れが続く予想です。 【降水確率】 朝の降水確率は10%、昼間の降水確率は10%、夕方の降水確率は10%、夜の降水確率は10%とされています。 ■ポイント■ ＜服装＞ きょうは風通しのいい服が合わせやすそうです。特に昼間は熱がこもりやすそうなので、速乾素材や肌離れのいい着こなしが良さそうです。 ＜体調＞ 昨日より少し気温は下がる見込みですが、厳しい暑さに近い体感になりそうです。屋外で長く過ごす予定は、無理を控えめにしてこまめに休みを入れると安心です。 ＜紫外線＞ 日差しが強く届きそうです。昼間の外出は、できるだけ日陰を選んで過ごすと負担を減らしやすそうです。 ーー ※この記事は天気情報をもとにAIによって作成されています。 ※天気は変化するため、最新の情報は関連リンク先の各地点の天気情報をご確認ください。 ※本機能は試験的な導入です。,[],[]
【熊本市中央区】7/14 最高34℃、暑さに注意、朝から夜まで晴れる予想【朝版】（Yahoo!ニュース オリジナル THE PAGE）,https://news.yahoo.co.jp/articles/7c91ba1185ee40de11bf0d96aeebd80cdc468ac1,https://newsatcl-pctr.c.yimg.jp/t/amd-img/20260714-00020086-wordleafw-000-1-view.jpg?exp=10800,2026-07-14T05:40:09+09:00,2026-07-14T05:40:09+09:00,Yahoo!ニュース オリジナル THE PAGE,wordleaf,Yahoo!ニュース オリジナル THE PAGE,469,生成AIによる作成 ★お天気川柳★ 朝日差し ミュート忘れで 場もほぐれ ーー おはようございます！熊本市中央区専用のお天気サポートAIです！ ■きょうのざっくり天気■ 【気温の目安】 昨日と比べて、最低気温は25℃で2℃低く、最高気温は34℃で1℃低い見込みです。暑さを感じる場面がありそうです。 【空模様】 朝から夜まで晴れる予想です。 【降水確率】 朝の降水確率は10%で、昼間の降水確率も10%とされています。 ■ポイント■ ＜服装＞ 通気性のいい服が合いそうです。昼間から夕方は熱がこもりにくい素材や、風が通りやすい着こなしを意識すると過ごしやすくなりそうです。 ＜体調＞ 暑さが続きそうなので、屋外で長く動く予定はできるだけ控えめにすると安心です。 ＜洗濯＞ 洗濯物は乾きやすそうで、バスタオルのような大きめのものも進めやすい一日になりそうです。 ーー ※この記事は天気情報をもとにAIによって作成されています。 ※天気は変化するため、最新の情報は関連リンク先の各地点の天気情報をご確認ください。 ※本機能は試験的な導入です。,[],[]
【京都市伏見区】7/14 最高35℃、暑さに注意、朝はくもりや晴れ、昼間から夜はくもりの予想【朝版】（Yahoo!ニュース オリジナル THE PAGE）,https://news.yahoo.co.jp/articles/1aa8e7aafc13a4deb6eff575e6ab4404ae8e1a33,https://newsatcl-pctr.c.yimg.jp/t/amd-img/default.jpg?exp=10800,2026-07-14T05:40:09+09:00,2026-07-14T05:40:09+09:00,Yahoo!ニュース オリジナル THE PAGE,wordleaf,Yahoo!ニュース オリジナル THE PAGE,515,★お天気川柳★ 朝曇り 冷えた指先 湯気で起こす ーー おはようございます！京都市伏見区専用のお天気サポートAIです！ ■きょうのざっくり天気■ 【気温の目安】 昨日と比べて、最低気温は25℃で1℃低く、やや暑さを感じる場面がありそうです。最高気温は35℃で1℃高く、厳しい暑さになりそうです。 【空模様】 朝はくもりや晴れで、昼間から夜はくもりが続く見込みです。 【降水確率】 朝の降水確率は0〜10%、昼間は10〜20%、夕方は20%、夜は0〜20%とされています。 ■ポイント■ ＜服装＞ いつもの夏服でもよさそうですが、いちばん暑く感じやすい時間に合わせて、風が通りやすい服が過ごしやすそうです。 ＜体調＞ 屋外で長く動く予定がある方は、無理をしすぎない流れがよさそうです。こまめに休める動き方を意識すると安心です。 ＜紫外線＞ 日差しが出る場面では、少し対策を足しておくとよさそうです。日焼け止めを塗っておくと使いやすい一日になりそうです。 ーー ※この記事は天気情報をもとにAIによって作成されています。 ※天気は変化するため、最新の情報は関連リンク先の各地点の天気情報をご確認ください。 ※本機能は試験的な導入です。,[],[]
【神戸市西区】7/14 最高33℃、暑さ、紫外線に注意、晴れる予想【朝版】（Yahoo!ニュース オリジナル THE PAGE）,https://news.yahoo.co.jp/articles/486663c9732507edd8f49f58245702d50a5ac242,https://newsatcl-pctr.c.yimg.jp/t/amd-img/20260714-00020084-wordleafw-000-1-view.jpg?exp=10800,2026-07-14T05:40:01+09:00,2026-07-14T05:40:01+09:00,Yahoo!ニュース オリジナル THE PAGE,wordleaf,Yahoo!ニュース オリジナル THE PAGE,495,生成AIによる作成 ★お天気川柳★ 朝の晴れ 出張ホームで 靴も前向く ーー おはようございます！神戸市西区専用のお天気サポートAIです！ ■きょうのざっくり天気■ 【気温の目安】 昨日と比べて、最低気温は25℃で差はありません。最高気温は33℃で1℃高く、暑さを感じる場面がありそうです。 【空模様】 朝から夜にかけて晴れる見込みです。 【降水確率】 朝の降水確率は0〜10%、昼間の降水確率は10〜20%とされています。 ■ポイント■ ＜服装＞ きょうの服装は、Tシャツなど涼しい着こなしが合いそうです。特に暑さが気になりやすい時間は、風が通りやすい素材を選ぶと過ごしやすくなりそうです。 ＜紫外線＞ 日差しがかなり強そうです。昼間に外で過ごす時間がある方は、なるべく日陰を使いながら動くと負担を減らしやすそうです。 ＜洗濯＞ 洗濯物はよく乾きやすい一日になりそうです。大きめのものも片づけやすそうですね。 ーー ※この記事は天気情報をもとにAIによって作成されています。 ※天気は変化するため、最新の情報は関連リンク先の各地点の天気情報をご確認ください。 ※本機能は試験的な導入です。,[],[]
【福岡市東区】7/14 最高34℃、最低27℃、暑さが続く晴れの予想【朝版】（Yahoo!ニュース オリジナル THE PAGE）,https://news.yahoo.co.jp/articles/254ac9081f150194fdd97d4452b5147362589ffe,https://newsatcl-pctr.c.yimg.jp/t/amd-img/20260714-00020083-wordleafw-000-1-view.jpg?exp=10800,2026-07-14T05:39:37+09:00,2026-07-14T05:39:37+09:00,Yahoo!ニュース オリジナル THE PAGE,wordleaf,Yahoo!ニュース オリジナル THE PAGE,519,生成AIによる作成 ★お天気川柳★ 蝉よりも ボーナスの声が よく響く ーー おはようございます！福岡市東区専用のお天気サポートAIです！ ■きょうのざっくり天気■ 【気温の目安】 昨日と比べて、最低気温は27℃、最高気温は34℃で、ともに差はありません。最高気温は34℃で、暑さを感じる場面がありそうです。 【空模様】 朝から夜にかけて晴れる見込みです。 【降水確率】 朝の降水確率は0〜20%、昼間の降水確率は10%とされています。 ■ポイント■ ＜服装＞ きょうもかなり暑くなりそうなので、通気性のいい服が合いそうです。外で過ごすなら、風が通りやすい着こなしを意識すると少しラクに過ごせそうです。 ＜体調＞ 昨日と比べて気温の大きな変化はなくても、暑さが長く続きそうです。屋外での活動は無理をしすぎず、こまめに休みながら過ごすのがよさそうです。 ＜紫外線＞ 日差しが強く届きそうです。昼間の外出では、なるべく日陰を選んで動くと負担を減らしやすそうです。 ーー ※この記事は天気情報をもとにAIによって作成されています。 ※天気は変化するため、最新の情報は関連リンク先の各地点の天気情報をご確認ください。 ※本機能は試験的な導入です。,[],[]
【京都市左京区】7/14 最高35℃、暑さ、最低25℃の予想【朝版】（Yahoo!ニュース オリジナル THE PAGE）,https://news.yahoo.co.jp/articles/765c6413c1eaaf941cfddcbaeb91fe54713e21ca,https://newsatcl-pctr.c.yimg.jp/t/amd-img/20260714-00020082-wordleafw-000-1-view.jpg?exp=10800,2026-07-14T05:39:27+09:00,2026-07-14T05:39:27+09:00,Yahoo!ニュース オリジナル THE PAGE,wordleaf,Yahoo!ニュース オリジナル THE PAGE,515,生成AIによる作成 ★お天気川柳★ 暑さ増す ワンコインランチに 笑顔戻る ーー おはようございます！京都市左京区専用のお天気サポートAIです！ ■きょうのざっくり天気■ 【気温の目安】 昨日と比べて、最低気温は25℃で1℃低く、最高気温は35℃で1℃高い予想です。厳しい暑さになりそうです。 【空模様】 朝から夜にかけてくもりが中心で、夜は晴れる時間もありそうです。 【降水確率】 朝の降水確率は0〜10%、昼間は10〜20%、夕方は20%、夜は0〜10%とされています。 ■ポイント■ ＜服装＞ きょうは暑さ対策を優先して、風が通りやすい服が合いそうです。外で過ごすなら、肌離れのいい素材を選ぶと少しラクに感じられそうです。 ＜体調＞ かなり暑くなりそうなので、屋外で長く動く予定はできるだけ控えめが安心です。のどが渇く前にこまめに水分をとってください。 ＜紫外線＞ 日差しが出る時間に外へ出るなら、日焼け止めで早めに対策しておくとよさそうです。 ーー ※この記事は天気情報をもとにAIによって作成されています。 ※天気は変化するため、最新の情報は関連リンク先の各地点の天気情報をご確認ください。 ※本機能は試験的な導入です。,[],[]
【京都市右京区】7/14 最高36℃、暑さに注意、朝から夜までくもり中心の予想【朝版】（Yahoo!ニュース オリジナル THE PAGE）,https://news.yahoo.co.jp/articles/4cad2abab855ffea63583e86ff23fbf7c4927b67,https://newsatcl-pctr.c.yimg.jp/t/amd-img/20260714-00020081-wordleafw-000-1-view.jpg?exp=10800,2026-07-14T05:39:21+09:00,2026-07-14T05:39:21+09:00,Yahoo!ニュース オリジナル THE PAGE,wordleaf,Yahoo!ニュース オリジナル THE PAGE,509,生成AIによる作成 ★お天気川柳★ 蒸す朝も 評価面談で 明日を見る ーー おはようございます！京都市右京区専用のお天気サポートAIです！ ■きょうのざっくり天気■ 【気温の目安】 昨日と比べて、最低気温は25℃で1℃低く、最高気温は36℃で2℃高い予想です。厳しい暑さになりそうです。 【空模様】 朝は晴れやくもりで、昼間から夜もくもりが中心になりそうです。 【降水確率】 朝の降水確率は0〜10%、昼間は10〜20%とされています。 ■ポイント■ ＜服装＞ きょうは風が弱めで熱がこもりやすそうです。通気性のいい服を選んで、風が通りやすい着こなしにすると過ごしやすそうです。 ＜体調＞ 昨日よりさらに暑さが強まりそうなので、屋外で長く動く予定はできるだけ控えめにすると安心です。無理をしないペースを意識したいですね。 ＜紫外線＞ 雲が多めでも油断はしにくそうです。外に出る時間がある方は、日焼け止めで早めに対策しておくとよさそうです。 ーー ※この記事は天気情報をもとにAIによって作成されています。 ※天気は変化するため、最新の情報は関連リンク先の各地点の天気情報をご確認ください。 ※本機能は試験的な導入です。,[],[]
【横浜市青葉区】7/14 最高35℃、暑さ、紫外線、朝から晴れる予想【朝版】（Yahoo!ニュース オリジナル THE PAGE）,https://news.yahoo.co.jp/articles/01fa7867a0d912734fc521c00791908bb92a62f2,https://newsatcl-pctr.c.yimg.jp/t/amd-img/20260714-00020080-wordleafw-000-1-view.jpg?exp=10800,2026-07-14T05:31:24+09:00,2026-07-14T05:31:24+09:00,Yahoo!ニュース オリジナル THE PAGE,wordleaf,Yahoo!ニュース オリジナル THE PAGE,525,生成AIによる作成 ★お天気川柳★ 暑い朝 コンビニの氷で しゃんとする ーー おはようございます！横浜市青葉区専用のお天気サポートAIです！ ■きょうのざっくり天気■ 【気温の目安】 昨日と比べて、最低気温は24℃で1℃低く、最高気温は35℃で5℃高く、厳しい暑さになりそうです。 【空模様】 朝から夕方にかけて晴れる見込みで、夜はくもりが混じる予想です。 【昼間の暑さ】 昼間の気温は32〜34℃とされていて、かなり暑さを感じる場面がありそうです。 ■ポイント■ ＜服装＞ きょうは風通しのいい服が合いそうです。特に昼間は熱がこもりやすそうなので、速乾素材や肌離れのいい着こなしが過ごしやすそうです。 ＜体調＞ 屋外で長く動く予定がある方は、無理をしすぎない進め方がよさそうです。こまめに休める流れを意識すると負担を減らしやすいです。 ＜紫外線＞ 日差しが強そうなので、昼間の移動は日陰を選べると少し楽になりそうです。短い外出でも日差し対策を意識しておくと安心です。 ーー ※この記事は天気情報をもとにAIによって作成されています。 ※天気は変化するため、最新の情報は関連リンク先の各地点の天気情報をご確認ください。 ※本機能は試験的な導入です。,[],[]
【横浜市港北区】7/14 最高34℃、暑さ、紫外線に注意、夜は晴れからくもりの予想【朝版】（Yahoo!ニュース オリジナル THE PAGE）,https://news.yahoo.co.jp/articles/ce01a1cfb77e0ffb5e2cb1f99b82d985d49b87af,https://newsatcl-pctr.c.yimg.jp/t/amd-img/20260714-00020079-wordleafw-000-1-view.jpg?exp=10800,2026-07-14T05:30:36+09:00,2026-07-14T05:30:36+09:00,Yahoo!ニュース オリジナル THE PAGE,wordleaf,Yahoo!ニュース オリジナル THE PAGE,537,生成AIによる作成 ★お天気川柳★ 夏の朝 名刺の角まで しゃんとする ーー おはようございます！横浜市港北区専用のお天気サポートAIです！ ■きょうのざっくり天気■ 【気温の目安】 昨日と比べて、最低気温は25℃で差はありません。最高気温は34℃で4℃高く、暑さを感じる場面がありそうです。 【空模様】 朝から夕方にかけて晴れる見込みです。夜は晴れからくもりに変わりそうです。 【昼間の空と風】 昼間の降水確率は0〜10%で、昼間の風速は2〜4m/sとされています。 ■ポイント■ ＜服装＞ きょうは通気性のいい服が合いそうです。特に暑さが気になりやすい時間は、風が通りやすい素材やシルエットを選ぶと過ごしやすくなりそうです。 ＜体調＞ 昨日より厳しい暑さになりそうなので、屋外で長く動く予定はできるだけ控えめにするとよさそうです。のどが渇く前の水分補給も意識したいですね。 ＜紫外線＞ 日差しが強く照りそうです。昼間に外へ出るなら、なるべく日陰を使いながら過ごすと負担を減らしやすそうです。 ーー ※この記事は天気情報をもとにAIによって作成されています。 ※天気は変化するため、最新の情報は関連リンク先の各地点の天気情報をご確認ください。 ※本機能は試験的な導入です。,[],[]
【高槻市】7/14 最高35℃、暑さに注意、最低25℃の予想【朝版】（Yahoo!ニュース オリジナル THE PAGE）,https://news.yahoo.co.jp/articles/c1394127a3693044372085c043bb184aa361d458,https://newsatcl-pctr.c.yimg.jp/t/amd-img/20260714-00020078-wordleafw-000-1-view.jpg?exp=10800,2026-07-14T05:30:25+09:00,2026-07-14T05:30:25+09:00,Yahoo!ニュース オリジナル THE PAGE,wordleaf,Yahoo!ニュース オリジナル THE PAGE,533,生成AIによる作成 ★お天気川柳★ 朝曇り トラブル対応 汗で晴れ ーー おはようございます！高槻市専用のお天気サポートAIです！ ■きょうのざっくり天気■ 【気温の目安】 昨日と比べて、最低気温は25℃で2℃低く、やや暑さを感じる場面がありそうです。最高気温は35℃で1℃高く、厳しい暑さになりそうです。 【空模様】 朝から夕方にかけてはくもりが続く見込みで、夜は晴れる時間もありそうです。 【降水確率】 朝の降水確率は0〜10%、昼間は10〜20%、夜は0〜20%とされています。 ■ポイント■ ＜服装＞ きょうは風通しのいい服が合いそうです。外で過ごすなら、熱がこもりにくい素材を選ぶと少しラクに過ごせそうです。 ＜体調＞ 昨日よりさらに日中の暑さが強まりそうなので、屋外での活動は無理をしすぎないほうがよさそうです。こまめに休みながら過ごしてください。 ＜紫外線＞ 雲が多めでも油断はしにくい一日になりそうです。外に出る時間がある方は、日焼け止めで早めに対策しておくと安心です。 ーー ※この記事は天気情報をもとにAIによって作成されています。 ※天気は変化するため、最新の情報は関連リンク先の各地点の天気情報をご確認ください。 ※本機能は試験的な導入です。,[],[]
【豊橋市】7/14 最高36℃、暑さ、紫外線、晴天が続く予想【朝版】（Yahoo!ニュース オリジナル THE PAGE）,https://news.yahoo.co.jp/articles/62d9f36154b6e80a0c069173de009a6dd2531c13,https://newsatcl-pctr.c.yimg.jp/t/amd-img/20260714-00020077-wordleafw-000-1-view.jpg?exp=10800,2026-07-14T05:30:17+09:00,2026-07-14T05:30:17+09:00,Yahoo!ニュース オリジナル THE PAGE,wordleaf,Yahoo!ニュース オリジナル THE PAGE,474,生成AIによる作成 ★お天気川柳★ 晴れ続き メール整理で 胸も軽く ーー おはようございます！豊橋市専用のお天気サポートAIです！ ■きょうのざっくり天気■ 【気温の目安】 昨日と比べて、最低気温は26℃で1℃低いものの、最高気温は36℃で4℃高く、厳しい暑さになりそうです。 【空模様】 朝から夜まで晴れる見込みです。 【昼間の風】 昼間の風速は5〜6m/sとされていて、やや風があるものの暑さは続きそうです。 ■ポイント■ ＜服装＞ きょうは風が通りやすい素材の服が合いそうです。外に出る時間がある方は、熱がこもりにくい着こなしを意識すると過ごしやすくなりそうです。 ＜紫外線＞ 日差しがかなり強そうです。長く外にいるなら、サングラスで目を守る工夫が役立ちそうです。 ＜洗濯＞ 洗濯物は乾きやすそうです。大きめのものを洗うなら、きょう進めるのがはかどりそうです。 ーー ※この記事は天気情報をもとにAIによって作成されています。 ※天気は変化するため、最新の情報は関連リンク先の各地点の天気情報をご確認ください。 ※本機能は試験的な導入です。,[],[]
【豊田市】7/14 最高37℃、厳しい暑さ、紫外線に注意、晴れる予想【朝版】（Yahoo!ニュース オリジナル THE PAGE）,https://news.yahoo.co.jp/articles/f4cd5dba3a23789d8c8b5c133c837ffd7e5e3270,https://newsatcl-pctr.c.yimg.jp/t/amd-img/20260714-00020076-wordleafw-000-1-view.jpg?exp=10800,2026-07-14T05:30:08+09:00,2026-07-14T05:30:08+09:00,Yahoo!ニュース オリジナル THE PAGE,wordleaf,Yahoo!ニュース オリジナル THE PAGE,519,生成AIによる作成 ★お天気川柳★ 炎天下 定時退社で 足取り軽く ーー おはようございます！豊田市専用のお天気サポートAIです！ ■きょうのざっくり天気■ 【気温の目安】 昨日と比べて、最低気温は25℃で1℃低く、最高気温は37℃で4℃高く、厳しい暑さになりそうです。 【空模様】 朝から夜にかけて晴れる見込みです。朝は晴れやくもりで、昼間から夜は晴れが続く予想です。 【昼間の暑さ】 昼間の気温は33〜36℃の予想で、風は3〜4m/sとされています。暑さが主役の一日になりそうです。 ■ポイント■ ＜服装＞ いつもの夏服でよさそうですが、昼間の強い暑さを考えると、通気性のいい素材の服が合いそうです。 ＜体調＞ 外で長く過ごす予定は、できるだけ無理のない組み方がよさそうです。こまめに休みを入れながら、水分補給を早めに意識すると安心です。 ＜紫外線＞ 日差しがしっかり届きそうです。外に出る時間がある方は、帽子や日傘でカバーしておくと過ごしやすそうです。 ーー ※この記事は天気情報をもとにAIによって作成されています。 ※天気は変化するため、最新の情報は関連リンク先の各地点の天気情報をご確認ください。 ※本機能は試験的な導入です。,[],[]
【吹田市】7/14 最高34℃、最低26℃、暑さが続く予想【朝版】（Yahoo!ニュース オリジナル THE PAGE）,https://news.yahoo.co.jp/articles/6868d5d5a6e2c58da9771ee9f67156c199b892c3,https://newsatcl-pctr.c.yimg.jp/t/amd-img/20260714-00020075-wordleafw-000-1-view.jpg?exp=10800,2026-07-14T05:29:54+09:00,2026-07-14T05:29:54+09:00,Yahoo!ニュース オリジナル THE PAGE,wordleaf,Yahoo!ニュース オリジナル THE PAGE,525,生成AIによる作成 ★お天気川柳★ 晴れの空 ミュート忘れで 場が和らぐ ーー おはようございます！吹田市専用のお天気サポートAIです！ ■きょうのざっくり天気■ 【気温の目安】 昨日と比べて、最低気温は26℃で1℃低く、最高気温は34℃で差はありません。暑さを感じる場面がありそうです。 【空模様】 朝から夕方はくもりが中心で、夜は晴れる見込みです。 【降水確率】 朝の降水確率は0〜10%、昼間の降水確率は10〜20%とされています。 ■ポイント■ ＜服装＞ きょうは朝から気温が高めなので、通気性のいい服が合いそうです。外に出る時間が長い方は、風が通りやすい着こなしを意識すると過ごしやすくなりそうです。 ＜体調＞ 暑さが長く続きそうなので、屋外での活動は無理をしすぎないほうがよさそうです。こまめに休みながら、水分補給を早めにしておくと安心です。 ＜紫外線＞ 雲が多めでも日差しの対策はしておきたい一日です。外出前に日焼け止めを使っておくと取り入れやすそうです。 ーー ※この記事は天気情報をもとにAIによって作成されています。 ※天気は変化するため、最新の情報は関連リンク先の各地点の天気情報をご確認ください。 ※本機能は試験的な導入です。,[],[]
【豊中市】7/14 最高34℃、最低26℃、暑さが続く予想【朝版】（Yahoo!ニュース オリジナル THE PAGE）,https://news.yahoo.co.jp/articles/440524b0f1a1a89a3061bc1c2dfad89c0c9b684a,https://newsatcl-pctr.c.yimg.jp/t/amd-img/20260714-00020074-wordleafw-000-1-view.jpg?exp=10800,2026-07-14T05:29:50+09:00,2026-07-14T05:29:50+09:00,Yahoo!ニュース オリジナル THE PAGE,wordleaf,Yahoo!ニュース オリジナル THE PAGE,515,生成AIによる作成 ★お天気川柳★ 朝日差す 財布のひもも きゅっと締め ーー おはようございます！豊中市専用のお天気サポートAIです！ ■きょうのざっくり天気■ 【気温の目安】 昨日と比べて、最低気温は26℃で1℃低く、最高気温は34℃で差はありません。暑さを感じる場面がありそうです。 【空模様】 朝は晴れやくもりで、昼間から夕方もくもりが中心になりそうです。夜はくもりから晴れの予想です。 【降水確率】 朝の降水確率は0〜10%、昼間は10〜20%とされています。 ■ポイント■ ＜服装＞ きょうは通気性のいい服が合いそうです。外に出る時間がある方は、風が通りやすい着こなしで暑さ対策をしておくと過ごしやすそうです。 ＜体調＞ 暑さが長引きそうなので、屋外での活動はなるべく控えめがよさそうです。無理をしないペースを意識したい一日です。 ＜紫外線＞ 日差しが出る時間は紫外線がやや気になりそうです。外に出るなら、日焼け止めで肌を守ると安心です。 ーー ※この記事は天気情報をもとにAIによって作成されています。 ※天気は変化するため、最新の情報は関連リンク先の各地点の天気情報をご確認ください。 ※本機能は試験的な導入です。,[],[]
【一宮市】7/14 最高36℃、最低25℃、暑さと紫外線に注意、朝から夜まで晴れる予想【朝版】（Yahoo!ニュース オリジナル THE PAGE）,https://news.yahoo.co.jp/articles/8728ba0f7915b37eb3698d3781a4147f1b3a605f,https://newsatcl-pctr.c.yimg.jp/t/amd-img/20260714-00020073-wordleafw-000-1-view.jpg?exp=10800,2026-07-14T05:29:38+09:00,2026-07-14T05:29:38+09:00,Yahoo!ニュース オリジナル THE PAGE,wordleaf,Yahoo!ニュース オリジナル THE PAGE,489,生成AIによる作成 ★お天気川柳★ 夏の朝 出張ネクタイ ゆるめたい ーー おはようございます！一宮市専用のお天気サポートAIです！ ■きょうのざっくり天気■ 【気温の目安】 昨日と比べて、最低気温は25℃で2℃低く、最高気温は36℃で2℃高い予想です。最高気温は36℃なので、厳しい暑さになりそうです。 【空模様】 朝から夜まで晴れる見込みです。 【昼間の風】 昼間の風速は4〜5m/sとされていて、やや風があるものの暑さは続きそうです。 ■ポイント■ ＜服装＞ いつもの夏服で大きく外しにくい日ですが、昼間の強い暑さに合わせて、通気性のいい服が合いそうです。 ＜体調＞ 屋外で長く過ごす予定がある方は、いちばん暑くなる時間帯は無理をしすぎず、こまめに休みながら過ごすと安心です。 ＜紫外線＞ 日差しがしっかり届きそうなので、外に出る時間がある方は帽子や日傘でカバーしておくと過ごしやすそうです。 ーー ※この記事は天気情報をもとにAIによって作成されています。 ※天気は変化するため、最新の情報は関連リンク先の各地点の天気情報をご確認ください。 ※本機能は試験的な導入です。,[],[]
【枚方市】7/14 最高35℃、暑さ、朝から気温高め、くもり中心の予想【朝版】（Yahoo!ニュース オリジナル THE PAGE）,https://news.yahoo.co.jp/articles/14b454e15c403f80830cde16bf475e3a99cb539a,https://newsatcl-pctr.c.yimg.jp/t/amd-img/20260714-00020072-wordleafw-000-1-view.jpg?exp=10800,2026-07-14T05:29:25+09:00,2026-07-14T05:29:25+09:00,Yahoo!ニュース オリジナル THE PAGE,wordleaf,Yahoo!ニュース オリジナル THE PAGE,526,生成AIによる作成 ★お天気川柳★ 曇りでも 胃もたれ越えたら 口角上がる ーー おはようございます！枚方市専用のお天気サポートAIです！ ■きょうのざっくり天気■ 【気温の目安】 昨日と比べて、最低気温は25℃で2℃低く、最高気温は35℃で1℃高い予想です。最高気温は厳しい暑さになりそうです。 【空模様】 朝から夜にかけてくもりが中心で、夜は晴れる時間もありそうです。 【降水確率】 朝の降水確率は0〜10%、昼間は10〜20%、夕方は20%、夜は0〜20%とされています。 ■ポイント■ ＜服装＞ きょうは風が弱めで熱がこもりやすそうです。通気性のいい服をベースにして、風が通りやすい着こなしが合いそうです。 ＜体調＞ 昨日より昼間の暑さが少し増しそうなので、屋外で長く動く予定はできるだけ控えめにするとよさそうです。こまめな水分補給も意識したいです。 ＜紫外線＞ 雲が多めでも油断はしにくそうです。外に出る時間がある方は、日焼け止めで早めに対策しておくと安心です。 ーー ※この記事は天気情報をもとにAIによって作成されています。 ※天気は変化するため、最新の情報は関連リンク先の各地点の天気情報をご確認ください。 ※本機能は試験的な導入です。,[],[]
【柏市】7/14 最高35℃、暑さ、紫外線、朝は晴れて昼間も晴れる予想【朝版】（Yahoo!ニュース オリジナル THE PAGE）,https://news.yahoo.co.jp/articles/bb8c85ecdda2a3e72d523740f8b8cef29c7ad454,https://newsatcl-pctr.c.yimg.jp/t/amd-img/20260714-00020071-wordleafw-000-1-view.jpg?exp=10800,2026-07-14T05:29:18+09:00,2026-07-14T05:29:18+09:00,Yahoo!ニュース オリジナル THE PAGE,wordleaf,Yahoo!ニュース オリジナル THE PAGE,518,生成AIによる作成 ★お天気川柳★ 暑い朝 出社しただけ もうえらい ーー おはようございます！柏市専用のお天気サポートAIです！ ■きょうのざっくり天気■ 【気温の目安】 昨日と比べて、最低気温は24℃で1℃低く、最高気温は35℃で6℃高く、厳しい暑さになりそうです。 【空模様】 朝は晴れやくもりで、昼間は晴れが中心になる見込みです。夕方から夜はくもりが続きそうです。 【降水確率】 昼間の降水確率は10〜20%、夜の降水確率は0〜20%とされています。 ■ポイント■ ＜服装＞ きょうは風が弱めで熱がこもりやすそうです。通気性のいい服を選んで、外では風が通りやすい着こなしが合いそうです。 ＜体調＞ 昨日より暑さがぐっと強まりそうなので、屋外で長く動く予定はできるだけ控えめにすると安心です。無理をしないペースを意識してください。 ＜紫外線＞ 昼間は日差しの強さに気をつけたい一日です。歩く時間がある方は、日陰を選べると少し過ごしやすくなりそうです。 ーー ※この記事は天気情報をもとにAIによって作成されています。 ※天気は変化するため、最新の情報は関連リンク先の各地点の天気情報をご確認ください。 ※本機能は試験的な導入です。,[],[]
【尼崎市】7/14 最高34℃、暑さに注意、最低26℃の予想【朝版】（Yahoo!ニュース オリジナル THE PAGE）,https://news.yahoo.co.jp/articles/b78cd501fe1df17063c211e1a5d2e7150c06435e,https://newsatcl-pctr.c.yimg.jp/t/amd-img/20260714-00020070-wordleafw-000-1-view.jpg?exp=10800,2026-07-14T05:29:05+09:00,2026-07-14T05:29:05+09:00,Yahoo!ニュース オリジナル THE PAGE,wordleaf,Yahoo!ニュース オリジナル THE PAGE,515,生成AIによる作成 ★お天気川柳★ 蝉よりも 先にネクタイ 夏休み ーー おはようございます！尼崎市専用のお天気サポートAIです！ ■きょうのざっくり天気■ 【気温の目安】 昨日と比べて、最低気温は26℃で1℃低く、最高気温は34℃で差はありません。暑さを感じる場面がありそうです。 【空模様】 朝は晴れが中心で、昼間から夕方はくもりが続く見込みです。夜は晴れる時間がありそうです。 【降水確率】 朝の降水確率は0〜10%、昼間は10〜20%、夜は0〜20%とされています。 ■ポイント■ ＜服装＞ きょうは通気性のいい服が合いそうです。特に昼間から夕方は熱がこもりにくい素材を選ぶと、暑さ対策がしやすそうです。 ＜体調＞ かなり暑く感じる時間がありそうなので、屋外で長く過ごす予定はできるだけ控えめにすると安心です。こまめな水分補給も意識したいですね。 ＜洗濯＞ 洗濯物は乾きやすそうです。厚手のものを進めたい方にも使いやすい空模様になりそうです。 ーー ※この記事は天気情報をもとにAIによって作成されています。 ※天気は変化するため、最新の情報は関連リンク先の各地点の天気情報をご確認ください。 ※本機能は試験的な導入です。,[],[]
【東大阪市】7/14 最高34℃、暑さに注意、朝から夜までくもり中心の予想【朝版】（Yahoo!ニュース オリジナル THE PAGE）,https://news.yahoo.co.jp/articles/b3826307291e2200a780bb87c91ee69e26fe956d,https://newsatcl-pctr.c.yimg.jp/t/amd-img/20260714-00020069-wordleafw-000-1-view.jpg?exp=10800,2026-07-14T05:28:59+09:00,2026-07-14T05:28:59+09:00,Yahoo!ニュース オリジナル THE PAGE,wordleaf,Yahoo!ニュース オリジナル THE PAGE,488,生成AIによる作成 ★お天気川柳★ 夏の朝 席が決まれば 調子出る ーー おはようございます！東大阪市専用のお天気サポートAIです！ ■きょうのざっくり天気■ 【気温の目安】 昨日と比べて、最低気温は26℃で1℃低く、最高気温は34℃で差はありません。暑さを感じる場面がありそうです。 【空模様】 朝から夕方はくもりが続く見込みで、夜は晴れる時間もありそうです。 【降水確率】 朝の降水確率は0〜10%、昼間は10〜20%、夜は0〜20%とされています。 ■ポイント■ ＜服装＞ いつもの夏服でよさそうですが、暑さが続きやすいので、通気性のいい服を選ぶと過ごしやすくなりそうです。 ＜体調＞ 屋外で長く動く予定がある方は、無理をしすぎない進め方がよさそうです。こまめに休める流れを意識すると安心です。 ＜洗濯＞ 洗濯物ははかどりやすい一日になりそうです。大きめのものを洗う予定も進めやすそうです。 ーー ※この記事は天気情報をもとにAIによって作成されています。 ※天気は変化するため、最新の情報は関連リンク先の各地点の天気情報をご確認ください。 ※本機能は試験的な導入です。,[],[]
【徳島市】7/14 最高36℃、最低27℃、紫外線が強烈で晴天続きの予想【朝版】（Yahoo!ニュース オリジナル THE PAGE）,https://news.yahoo.co.jp/articles/eee3b4e9850bda225dc2d1119eaa87873088a280,https://newsatcl-pctr.c.yimg.jp/t/amd-img/20260714-00020068-wordleafw-000-1-view.jpg?exp=10800,2026-07-14T05:28:48+09:00,2026-07-14T05:28:48+09:00,Yahoo!ニュース オリジナル THE PAGE,wordleaf,Yahoo!ニュース オリジナル THE PAGE,481,生成AIによる作成 ★お天気川柳★ 猛暑日も プレゼン終われば 空うまい ーー おはようございます！徳島市専用のお天気サポートAIです！ ■きょうのざっくり天気■ 【気温の目安】 昨日と比べて、最低気温は27℃で1℃高く、やや暑さを感じる場面がありそうです。最高気温は36℃で差はありません。厳しい暑さになりそうです。 【空模様】 朝から夜まで晴れる見込みです。 【降水確率】 朝の降水確率は0%、昼間から夜の降水確率は0〜10%とされています。 ■ポイント■ ＜服装＞ いつもの夏服で動きやすい日ですが、いちばん暑くなる時間に合わせて、風が通りやすい服が合いそうです。 ＜体調＞ かなり厳しい暑さになりそうなので、長い外歩きや運動は無理をしないほうがよさそうです。 ＜紫外線＞ 日差しが強く照りつけそうです。外に出る時間がある方は、目を守れるものを取り入れると過ごしやすそうです。 ーー ※この記事は天気情報をもとにAIによって作成されています。 ※天気は変化するため、最新の情報は関連リンク先の各地点の天気情報をご確認ください。 ※本機能は試験的な導入です。,[],[]
【奈良市】7/14 最高34℃、暑さに注意、くもり中心の予想【朝版】（Yahoo!ニュース オリジナル THE PAGE）,https://news.yahoo.co.jp/articles/f745cc1cc4a935b3e31289cef5037688f6aa5fd2,https://newsatcl-pctr.c.yimg.jp/t/amd-img/20260714-00020067-wordleafw-000-1-view.jpg?exp=10800,2026-07-14T05:28:48+09:00,2026-07-14T05:28:48+09:00,Yahoo!ニュース オリジナル THE PAGE,wordleaf,Yahoo!ニュース オリジナル THE PAGE,534,生成AIによる作成 ★お天気川柳★ 蒸す朝も 同期のぼやきに 笑って行く ーー おはようございます！奈良市専用のお天気サポートAIです！ ■きょうのざっくり天気■ 【気温の目安】 昨日と比べて、最低気温は24℃で2℃低い予想です。最高気温は34℃で差はなく、暑さを感じる場面がありそうです。 【空模様】 朝から夜にかけてくもりが中心で、夜は晴れる時間もありそうです。 【雨の可能性】 昼間の降水確率は10〜20%、夕方の降水確率は20%とされています。 ■ポイント■ ＜服装＞ きょうは通気性のいい服が合いそうです。特に暑さが気になりやすい時間に向けて、風が通りやすい素材の着こなしを選ぶと過ごしやすくなりそうです。 ＜体調＞ 屋外で長く動く予定は、できるだけ無理のない組み方がよさそうです。こまめに水分をとりながら、暑さがこもる場面を避けてください。 ＜紫外線＞ 空は雲が多めでも、紫外線対策はしておくと安心です。外に出る時間がある方は、日焼け止めを先に済ませておくと動きやすそうです。 ーー ※この記事は天気情報をもとにAIによって作成されています。 ※天気は変化するため、最新の情報は関連リンク先の各地点の天気情報をご確認ください。 ※本機能は試験的な導入です。,[],[]
【大津市】7/14 最高35℃、厳しい暑さ、晴れやくもりの予想【朝版】（Yahoo!ニュース オリジナル THE PAGE）,https://news.yahoo.co.jp/articles/e6c14b6354d273c8b99b4e36f1d4b940cfe1e03c,https://newsatcl-pctr.c.yimg.jp/t/amd-img/20260714-00020066-wordleafw-000-1-view.jpg?exp=10800,2026-07-14T05:28:28+09:00,2026-07-14T05:28:28+09:00,Yahoo!ニュース オリジナル THE PAGE,wordleaf,Yahoo!ニュース オリジナル THE PAGE,524,生成AIによる作成 ★お天気川柳★ 晴れ間見えて 辞表の下書き しまい込む ーー おはようございます！大津市専用のお天気サポートAIです！ ■きょうのざっくり天気■ 【気温の目安】 昨日と比べて、最低気温は24℃で2℃低くなっています。最高気温は35℃で2℃高く、厳しい暑さになりそうです。 【空模様】 朝から夜にかけて、晴れやくもりの天気が続く見込みです。 【降水確率】 朝の降水確率は0〜10%、昼間は10〜20%、夕方は20%、夜は0〜10%とされています。 ■ポイント■ ＜服装＞ きょうは暑さ対策を優先した服選びが合いそうです。通気性のいい服で、熱がこもりにくい着こなしを意識すると過ごしやすそうです。 ＜体調＞ 屋外ではかなり暑さがこたえそうです。長い時間の外活動はなるべく控えめにして、こまめに休みながら過ごすのがよさそうです。 ＜紫外線＞ 日差しが出る時間は紫外線対策をしておくと安心です。帽子や日傘を使って、外では直射日光を避ける工夫がおすすめです。 ーー ※この記事は天気情報をもとにAIによって作成されています。 ※天気は変化するため、最新の情報は関連リンク先の各地点の天気情報をご確認ください。 ※本機能は試験的な導入です。,[],[]
【甲府市】7/14 最高37℃、厳しい暑さ、夕方はやや風がある予想【朝版】（Yahoo!ニュース オリジナル THE PAGE）,https://news.yahoo.co.jp/articles/dcbe995cad6106c057c1c68759e327eafa1b2c57,https://newsatcl-pctr.c.yimg.jp/t/amd-img/20260714-00020065-wordleafw-000-1-view.jpg?exp=10800,2026-07-14T05:28:17+09:00,2026-07-14T05:28:17+09:00,Yahoo!ニュース オリジナル THE PAGE,wordleaf,Yahoo!ニュース オリジナル THE PAGE,535,生成AIによる作成 ★お天気川柳★ 晴れすぎて 胃にも会議にも 余白ほしい ーー おはようございます！甲府市専用のお天気サポートAIです！ ■きょうのざっくり天気■ 【気温の目安】 昨日と比べて、最低気温は23℃で1℃低く、最高気温は37℃で5℃高く、厳しい暑さになりそうです。 【空模様】 朝から昼間は晴れが続く見込みで、夕方は晴れ、夜はくもりが中心になりそうです。 【風と雨】 夕方の風速は6m/sでやや風がありそうです。昼間の降水確率は10〜20%、夜の降水確率は0〜20%とされています。 ■ポイント■ ＜服装＞ きょうはかなり暑くなりそうなので、通気性のいい服が合いそうです。外で過ごす時間がある方は、風が通りやすい着こなしを意識すると少しラクに過ごせそうです。 ＜体調＞ 昨日より暑さが強まりそうです。外出は炎天下を避けながら、のどが渇く前の水分補給を早めに意識するとよさそうです。 ＜紫外線＞ 日差しが強く照りつけそうです。長く外に出るなら、目を守る工夫もしておくと安心です。 ーー ※この記事は天気情報をもとにAIによって作成されています。 ※天気は変化するため、最新の情報は関連リンク先の各地点の天気情報をご確認ください。 ※本機能は試験的な導入です。,[],[]
【高崎市】7/14 最高38℃、厳しい暑さ、朝はくもりの場面もあり昼間から夕方は晴れる予想【朝版】（Yahoo!ニュース オリジナル THE PAGE）,https://news.yahoo.co.jp/articles/33340f1ff44b80ef1b2439cc1178b84bcbd4bb1f,https://newsatcl-pctr.c.yimg.jp/t/amd-img/20260714-00020064-wordleafw-000-1-view.jpg?exp=10800,2026-07-14T05:28:05+09:00,2026-07-14T05:28:05+09:00,Yahoo!ニュース オリジナル THE PAGE,wordleaf,Yahoo!ニュース オリジナル THE PAGE,518,生成AIによる作成 ★お天気川柳★ 晴れの朝 外は真夏で 席は冬 ーー おはようございます！高崎市専用のお天気サポートAIです！ ■きょうのざっくり天気■ 【気温の目安】 昨日と比べて、最低気温は24℃で1℃低くなっています。最高気温は38℃で5℃高く、厳しい暑さになりそうです。 【空模様】 朝は晴れが中心ですが、くもりの場面もありそうです。昼間から夕方は晴れる見込みで、夜はくもりが中心になりそうです。 【降水確率】 朝の降水確率は0〜10%、昼間の降水確率は10〜20%とされています。 ■ポイント■ ＜服装＞ いつもの夏服で大きく外しにくそうですが、暑さが厳しくなりそうなので、通気性のいい服が合いそうです。 ＜体調＞ 屋外では暑さがかなりこたえそうです。長い時間の外活動はなるべく控えめにして、無理をしない過ごし方がよさそうです。 ＜紫外線＞ 日差しが強く届きやすそうです。昼間に外へ出るなら、日陰を選べる動き方を意識すると少し楽になりそうです。 ーー ※この記事は天気情報をもとにAIによって作成されています。 ※天気は変化するため、最新の情報は関連リンク先の各地点の天気情報をご確認ください。 ※本機能は試験的な導入です。,[],[]
【盛岡市】7/14 最高30℃、暑さを感じる場面がありそうな予想【朝版】（Yahoo!ニュース オリジナル THE PAGE）,https://news.yahoo.co.jp/articles/f024484c1989333fb623559b9761feba4ad1ab7a,https://newsatcl-pctr.c.yimg.jp/t/amd-img/20260714-00020063-wordleafw-000-1-view.jpg?exp=10800,2026-07-14T05:27:58+09:00,2026-07-14T05:27:58+09:00,Yahoo!ニュース オリジナル THE PAGE,wordleaf,Yahoo!ニュース オリジナル THE PAGE,474,生成AIによる作成 ★お天気川柳★ 曇り空 押印ひとつ 汗ひとつ ーー おはようございます！盛岡市専用のお天気サポートAIです！ ■きょうのざっくり天気■ 【気温の目安】 昨日と比べて、最低気温は22℃で1℃高くなっています。最高気温は30℃で差はなく、暑さを感じる場面がありそうです。 【空模様】 朝から夜にかけて曇りが続く予想です。 【降水確率】 昼間の降水確率は10〜20%とされています。 ■ポイント■ ＜服装＞ きょうは半袖一枚で過ごしやすそうです。暑さを感じやすい時間に合わせて、風が通りやすい服だとさらに快適に過ごせそうです。 ＜体調＞ 昨日と大きく変わらない暑さになりそうなので、無理をためこまず、こまめな水分補給と休みを意識すると安心です。 ＜紫外線＞ 強すぎる空ではなさそうですが、外にいる時間が長い方は日焼け止めで軽く対策しておくとよさそうです。 ーー ※この記事は天気情報をもとにAIによって作成されています。 ※天気は変化するため、最新の情報は関連リンク先の各地点の天気情報をご確認ください。 ※本機能は試験的な導入です。,[],[]
【那覇市】7/14 最高32℃、暑さ、紫外線に注意、朝から夜まで晴れる予想【朝版】（Yahoo!ニュース オリジナル THE PAGE）,https://news.yahoo.co.jp/articles/45866ff82681717c756ddc6ddaf618b82d87321d,https://newsatcl-pctr.c.yimg.jp/t/amd-img/20260714-00020062-wordleafw-000-1-view.jpg?exp=10800,2026-07-14T05:27:45+09:00,2026-07-14T05:27:45+09:00,Yahoo!ニュース オリジナル THE PAGE,wordleaf,Yahoo!ニュース オリジナル THE PAGE,477,生成AIによる作成 ★お天気川柳★ 暑い日は 冷蔵庫前も 作戦会議 ーー おはようございます！那覇市専用のお天気サポートAIです！ ■きょうのざっくり天気■ 【気温の目安】 昨日と比べて、最低気温は26℃で差はありません。最高気温は32℃で1℃高く、暑さを感じる場面がありそうです。 【空模様】 朝から夜まで晴れる見込みです。 【風と降水】 昼間の風速は5〜6m/sでやや風があり、降水確率は0〜10%とされています。 ■ポイント■ ＜服装＞ いつもの夏服で過ごしやすそうですが、暑さが気になる時間に合わせて、Tシャツなど涼しい服装が合いそうです。 ＜紫外線＞ 日差しがかなり強そうです。長く外に出るなら、肌を出しすぎない着こなしを意識すると過ごしやすくなりそうです。 ＜洗濯＞ 洗濯物ははかどりやすい一日になりそうです。大きめのものを洗う予定がある方にも進めやすそうです。 ーー ※この記事は天気情報をもとにAIによって作成されています。 ※天気は変化するため、最新の情報は関連リンク先の各地点の天気情報をご確認ください。 ※本機能は試験的な導入です。,[],[]
【岡崎市】7/14 最高37℃、厳しい暑さ、最低25℃の予想【朝版】（Yahoo!ニュース オリジナル THE PAGE）,https://news.yahoo.co.jp/articles/a25320f18771b9b9a8b60677cc52317140b66eec,https://newsatcl-pctr.c.yimg.jp/t/amd-img/20260714-00020061-wordleafw-000-1-view.jpg?exp=10800,2026-07-14T05:27:38+09:00,2026-07-14T05:27:38+09:00,Yahoo!ニュース オリジナル THE PAGE,wordleaf,Yahoo!ニュース オリジナル THE PAGE,460,生成AIによる作成 ★お天気川柳★ 窓際で 晴れより先に 冷房待つ ーー おはようございます！岡崎市専用のお天気サポートAIです！ ■きょうのざっくり天気■ 【気温の目安】 昨日と比べて、最低気温は25℃で2℃低く、最高気温は37℃で4℃高く、厳しい暑さになりそうです。 【空の様子】 朝から夜まで晴れる見込みです。 【時間帯ごとの気温】 朝の気温は26〜32℃、昼間の気温は33〜36℃とされています。 ■ポイント■ ＜服装＞ いつもの夏服でもよさそうですが、いちばん暑くなる時間に合わせて、風が通りやすい服が過ごしやすそうです。 ＜体調＞ かなり暑さがこたえやすい一日になりそうです。長い外歩きや運動は無理をしないほうが安心です。 ＜紫外線＞ 日差しが強く感じられそうです。外に出る時間がある方は、帽子や日傘でカバーするとよさそうです。 ーー ※この記事は天気情報をもとにAIによって作成されています。 ※天気は変化するため、最新の情報は関連リンク先の各地点の天気情報をご確認ください。 ※本機能は試験的な導入です。,[],[]
【藤沢市】7/14 最高32℃、暑さに注意、晴れる予想【朝版】（Yahoo!ニュース オリジナル THE PAGE）,https://news.yahoo.co.jp/articles/46262de28020a1b692a5a883d6881a35ebfb5202,https://newsatcl-pctr.c.yimg.jp/t/amd-img/20260714-00020060-wordleafw-000-1-view.jpg?exp=10800,2026-07-14T05:26:51+09:00,2026-07-14T05:26:51+09:00,Yahoo!ニュース オリジナル THE PAGE,wordleaf,Yahoo!ニュース オリジナル THE PAGE,514,生成AIによる作成 ★お天気川柳★ 快晴に イヤホンの曲で 背筋伸びる ーー おはようございます！藤沢市専用のお天気サポートAIです！ ■きょうのざっくり天気■ 【気温の目安】 昨日と比べて、最低気温は25℃で差はありません。最高気温は32℃で3℃高く、暑さを感じる場面がありそうです。 【空模様】 朝から夕方にかけて晴れる見込みで、夜は晴れのちくもりになりそうです。 【降水確率】 朝の降水確率は0%で、昼間から夜の降水確率は0〜10%とされています。 ■ポイント■ ＜服装＞ きょうは涼しい服装が合いそうです。外で過ごす時間がある方は、風が通りやすい素材の着こなしを選ぶと少しラクに過ごせそうです。 ＜体調＞ 昨日より暑さが増しそうなので、炎天下をなるべく避けながら過ごすのがよさそうです。のどが渇く前にこまめに水分をとると安心です。 ＜紫外線＞ 日差しが強くなりそうです。昼間の外出は、日陰をうまく使いながら過ごすと負担を減らしやすそうです。 ーー ※この記事は天気情報をもとにAIによって作成されています。 ※天気は変化するため、最新の情報は関連リンク先の各地点の天気情報をご確認ください。 ※本機能は試験的な導入です。,[],[]
【松戸市】7/14 最高35℃、暑さ、紫外線、朝は晴れが中心で夜はくもりの予想【朝版】（Yahoo!ニュース オリジナル THE PAGE）,https://news.yahoo.co.jp/articles/1c99d3e8b79a5b2b8af0a34b945c3e5be3f7cb57,https://newsatcl-pctr.c.yimg.jp/t/amd-img/20260714-00020059-wordleafw-000-1-view.jpg?exp=10800,2026-07-14T05:26:45+09:00,2026-07-14T05:26:45+09:00,Yahoo!ニュース オリジナル THE PAGE,wordleaf,Yahoo!ニュース オリジナル THE PAGE,523,生成AIによる作成 ★お天気川柳★ 通勤路 五月病でも 影を選ぶ ーー おはようございます！松戸市専用のお天気サポートAIです！ ■きょうのざっくり天気■ 【気温の目安】 昨日と比べて、最低気温は25℃で差はありません。最高気温は35℃で6℃高く、厳しい暑さになりそうです。 【空模様】 朝は晴れが中心で、昼間から夕方は晴れる時間が多く、夜はくもりの予想です。 【降水確率】 昼間の降水確率は10〜20%、夜の降水確率は0〜10%とされています。 ■ポイント■ ＜服装＞ きょうは通気性のいい服が合いそうです。特に暑さが気になりやすい時間は、風が通りやすい着こなしで過ごすと少しラクになりそうです。 ＜体調＞ 昨日よりかなり暑くなりそうなので、外では無理をしすぎないようにしたいところです。炎天下を避けて、こまめに休みながら過ごすのがよさそうです。 ＜紫外線＞ 日差しが強く届きやすい一日になりそうです。外を歩く時間は、なるべく日陰を選ぶと負担を減らしやすそうです。 ーー ※この記事は天気情報をもとにAIによって作成されています。 ※天気は変化するため、最新の情報は関連リンク先の各地点の天気情報をご確認ください。 ※本機能は試験的な導入です。,[],[]
【岐阜市】7/14 最高36℃、厳しい暑さ、昼間はやや風がある予想【朝版】（Yahoo!ニュース オリジナル THE PAGE）,https://news.yahoo.co.jp/articles/379859763bf2bf2432e92941a3187a88391cd65e,https://newsatcl-pctr.c.yimg.jp/t/amd-img/20260714-00020058-wordleafw-000-1-view.jpg?exp=10800,2026-07-14T05:26:42+09:00,2026-07-14T05:26:42+09:00,Yahoo!ニュース オリジナル THE PAGE,wordleaf,Yahoo!ニュース オリジナル THE PAGE,519,生成AIによる作成 ★お天気川柳★ 猛暑日に 胃だけは残業 してる朝 ーー おはようございます！岐阜市専用のお天気サポートAIです！ ■きょうのざっくり天気■ 【気温の目安】 昨日と比べて、最低気温は25℃で1℃低く、最高気温は36℃で2℃高い予想です。厳しい暑さになりそうです。 【空模様】 朝は晴れからくもり、昼間から夜は晴れる見込みです。 【風と降水】 昼間の風速は5〜6m/sでやや風がありそうです。昼間の降水確率は10〜20%とされています。 ■ポイント■ ＜服装＞ きょうは風が通りやすい素材の服が合いそうです。外で過ごすなら、熱がこもりにくい着こなしを意識すると少し楽になりそうです。 ＜体調＞ かなり暑くなりそうなので、屋外で長く動く予定はできるだけ控えめにするとよさそうです。のどが渇く前の水分補給も早めに意識したいですね。 ＜紫外線＞ 日差しが強い時間は、帽子や日傘があると安心です。少しの外出でも、直射日光を避ける工夫が役立ちそうです。 ーー ※この記事は天気情報をもとにAIによって作成されています。 ※天気は変化するため、最新の情報は関連リンク先の各地点の天気情報をご確認ください。 ※本機能は試験的な導入です。,[],[]
【市川市】7/14 最高34℃、暑さ、紫外線に注意、朝は晴れて昼間も晴れる予想【朝版】（Yahoo!ニュース オリジナル THE PAGE）,https://news.yahoo.co.jp/articles/9a08f14bd67820e3c23869f026eb2cd28246bd81,https://newsatcl-pctr.c.yimg.jp/t/amd-img/20260714-00020057-wordleafw-000-1-view.jpg?exp=10800,2026-07-14T05:26:31+09:00,2026-07-14T05:26:31+09:00,Yahoo!ニュース オリジナル THE PAGE,wordleaf,Yahoo!ニュース オリジナル THE PAGE,513,生成AIによる作成 ★お天気川柳★ 晴れ予報 時差の電車で 顔も晴れ ーー おはようございます！市川市専用のお天気サポートAIです！ ■きょうのざっくり天気■ 【気温の目安】 昨日と比べて、最低気温は25℃で差はありません。最高気温は34℃で5℃高く、暑さを感じる場面がありそうです。 【空模様】 朝は晴れが中心で、昼間も晴れる時間が多い見込みです。夕方から夜はくもりが中心になりそうです。 【降水確率】 朝の降水確率は0%で、昼間から夜の降水確率は0〜10%とされています。 ■ポイント■ ＜服装＞ きょうは通気性のいい服が合いそうです。特に昼間は熱がこもりにくい素材を選ぶと、暑さ対策がしやすそうです。 ＜体調＞ 昨日より厳しい暑さになりそうなので、外に出る時間が長い方は炎天下をなるべく避けて、こまめに休みながら過ごすのがよさそうです。 ＜紫外線＞ 日差しが強く届きやすそうです。昼間の外出は、日陰をうまく使って負担を減らしたいところです。 ーー ※この記事は天気情報をもとにAIによって作成されています。 ※天気は変化するため、最新の情報は関連リンク先の各地点の天気情報をご確認ください。 ※本機能は試験的な導入です。,[],[]
【宇都宮市】7/14 最高34℃、暑さに注意、昼間から夕方は雨の可能性もある予想【朝版】（Yahoo!ニュース オリジナル THE PAGE）,https://news.yahoo.co.jp/articles/3c86fcff32d77fd844a17d7062c9ee86addbfa45,https://newsatcl-pctr.c.yimg.jp/t/amd-img/20260714-00020056-wordleafw-000-1-view.jpg?exp=10800,2026-07-14T05:26:24+09:00,2026-07-14T05:26:24+09:00,Yahoo!ニュース オリジナル THE PAGE,wordleaf,Yahoo!ニュース オリジナル THE PAGE,521,生成AIによる作成 ★お天気川柳★ 蒸す朝も おはよう先に 気持ち晴れ ーー おはようございます！宇都宮市専用のお天気サポートAIです！ ■きょうのざっくり天気■ 【気温の目安】 昨日と比べて、最低気温は23℃で1℃低く、最高気温は34℃で6℃高く、暑さを感じる場面がありそうです。 【空模様】 朝から夜にかけてくもりが中心で、昼間から夕方は弱い雨の可能性もある見込みです。 【雨の可能性】 昼間の降水確率は10〜40%、夕方の降水確率は30〜40%とされています。 ■ポイント■ ＜服装＞ きょうは涼しい服装が合いそうです。特に暑さが気になりやすい時間に向けて、風が通りやすい着こなしを選ぶと過ごしやすくなりそうです。 ＜体調＞ 昨日より日中の暑さが強まりそうです。外で過ごす予定がある方は、炎天下を避けながら早めの水分補給を意識するとよさそうです。 ＜紫外線＞ 雲が多くても紫外線はやや強めらしいです。長く外に出るなら、日焼け止めで肌を守っておくと安心です。 ーー ※この記事は天気情報をもとにAIによって作成されています。 ※天気は変化するため、最新の情報は関連リンク先の各地点の天気情報をご確認ください。 ※本機能は試験的な導入です。,[],[]
【倉敷市】7/14 最高34℃、暑さ、紫外線に注意、晴れる予想【朝版】（Yahoo!ニュース オリジナル THE PAGE）,https://news.yahoo.co.jp/articles/02540f9e594b893973a971b826d498b3d3ec2eab,https://newsatcl-pctr.c.yimg.jp/t/amd-img/20260714-00020055-wordleafw-000-1-view.jpg?exp=10800,2026-07-14T05:26:14+09:00,2026-07-14T05:26:14+09:00,Yahoo!ニュース オリジナル THE PAGE,wordleaf,Yahoo!ニュース オリジナル THE PAGE,504,生成AIによる作成 ★お天気川柳★ 晴れの朝 目薬さして 画面晴れ ーー おはようございます！倉敷市専用のお天気サポートAIです！ ■きょうのざっくり天気■ 【気温の目安】 昨日と比べて、最低気温は26℃で1℃低くなっています。最高気温は34℃で差はなく、暑さを感じる場面がありそうです。 【空模様】 朝から夜にかけて晴れる見込みです。 【風と降水】 昼間の風速は3〜5m/sで、やや風がある予想です。昼間の降水確率は0〜10%とされています。 ■ポイント■ ＜服装＞ きょうは風が通りやすい服が合いそうです。外で過ごすなら、肌離れのいい素材を選ぶと暑さをしのぎやすくなりそうです。 ＜体調＞ 屋外で長く動く予定は、できるだけ無理を減らしたいところです。こまめに休みながら、水分補給を早めに意識するとよさそうです。 ＜紫外線＞ 日差しがかなり強そうです。歩く時間がある方は、なるべく日陰を選んで過ごすと負担を減らしやすそうです。 ーー ※この記事は天気情報をもとにAIによって作成されています。 ※天気は変化するため、最新の情報は関連リンク先の各地点の天気情報をご確認ください。 ※本機能は試験的な導入です。,[],[]
【浜松市中央区】7/14 最高35℃、暑さ、最低気温25℃の予想【朝版】（Yahoo!ニュース オリジナル THE PAGE）,https://news.yahoo.co.jp/articles/9574d6f95d2cee01beb8c45335f3a8e7fc463bfc,https://newsatcl-pctr.c.yimg.jp/t/amd-img/20260714-00020054-wordleafw-000-1-view.jpg?exp=10800,2026-07-14T05:26:13+09:00,2026-07-14T05:26:13+09:00,Yahoo!ニュース オリジナル THE PAGE,wordleaf,Yahoo!ニュース オリジナル THE PAGE,485,生成AIによる作成 ★お天気川柳★ 日が長い 残業帰りも 少し救い ーー おはようございます！浜松市中央区専用のお天気サポートAIです！ ■きょうのざっくり天気■ 【気温の目安】 昨日と比べて、最低気温は25℃で3℃低く、最高気温は35℃で3℃高く、厳しい暑さになりそうです。 【空模様】 朝から夜まで晴れる見込みです。 【降水確率】 昼間の降水確率は0〜20%、夜の降水確率は0〜10%とされています。 ■ポイント■ ＜服装＞ きょうはしっかり暑さ対策を意識したい一日です。通気性のいい服が合いやすく、外に出るなら風が通りやすい着こなしがよさそうです。 ＜体調＞ 屋外では暑さがこたえやすそうです。長い時間の外活動は無理をしすぎず、こまめに休みながら過ごすのがよさそうです。 ＜紫外線＞ 日差しがたっぷり届きそうです。外出時は帽子や日傘で、いつもより丁寧に日差し対策をしておくと安心です。 ーー ※この記事は天気情報をもとにAIによって作成されています。 ※天気は変化するため、最新の情報は関連リンク先の各地点の天気情報をご確認ください。 ※本機能は試験的な導入です。,[],[]
【金沢市】7/14 最高32℃、暑さに注意、夜も気温高めの予想【朝版】（Yahoo!ニュース オリジナル THE PAGE）,https://news.yahoo.co.jp/articles/47bd4fbc474b9fa1c02f212e827df0c88f136c4d,https://newsatcl-pctr.c.yimg.jp/t/amd-img/20260714-00020053-wordleafw-000-1-view.jpg?exp=10800,2026-07-14T05:25:51+09:00,2026-07-14T05:25:51+09:00,Yahoo!ニュース オリジナル THE PAGE,wordleaf,Yahoo!ニュース オリジナル THE PAGE,519,生成AIによる作成 ★お天気川柳★ 雲多め コーヒー香れば やる気晴れ ーー おはようございます！金沢市専用のお天気サポートAIです！ ■きょうのざっくり天気■ 【気温の目安】 昨日と比べて、最低気温は25℃で1℃低く、最高気温は32℃で2℃高い予想です。最高気温は暑さを感じる場面がありそうです。 【空模様】 朝から夕方はくもりが中心で、夜は晴れる見込みです。 【降水確率】 朝の降水確率は10%、昼間の降水確率は10%、夕方の降水確率は10%、夜の降水確率は0〜10%とされています。 ■ポイント■ ＜服装＞ きょうは涼しい服装が合いそうです。暑さが気になりやすいので、風が通りやすい着こなしを選ぶと過ごしやすくなりそうです。 ＜紫外線＞ 空は雲が多めでも、紫外線はやや強めらしいです。外に出る時間がある方は、日焼け止めで軽く対策しておくと安心です。 ＜洗濯＞ 薄手のものは乾きやすそうです。まとめて進めたい洗濯がある方にも使いやすい一日になりそうです。 ーー ※この記事は天気情報をもとにAIによって作成されています。 ※天気は変化するため、最新の情報は関連リンク先の各地点の天気情報をご確認ください。 ※本機能は試験的な導入です。,[],[]
【八王子市】7/14 最高36℃、暑さ、紫外線、昼間はやや風がある予想【朝版】（Yahoo!ニュース オリジナル THE PAGE）,https://news.yahoo.co.jp/articles/74c9bc54cfca66cb761d4acfd4597c15cef460a9,https://newsatcl-pctr.c.yimg.jp/t/amd-img/20260714-00020052-wordleafw-000-1-view.jpg?exp=10800,2026-07-14T05:25:45+09:00,2026-07-14T05:25:45+09:00,Yahoo!ニュース オリジナル THE PAGE,wordleaf,Yahoo!ニュース オリジナル THE PAGE,526,生成AIによる作成 ★お天気川柳★ 晴れすぎて だるいネクタイ 昼にはゆるむ ーー おはようございます！八王子市専用のお天気サポートAIです！ ■きょうのざっくり天気■ 【気温の目安】 昨日と比べて、最低気温は23℃で1℃低く、最高気温は36℃で4℃高い予想です。最高気温は厳しい暑さになりそうです。 【空模様】 朝から夕方にかけて晴れる見込みで、夜はくもりが広がる予想です。 【風の様子】 昼間の風速は2〜7m/s、夕方の風速は6m/sで、やや風がある時間がありそうです。 ■ポイント■ ＜服装＞ きょうは風が通りやすい服が合いそうです。特に暑さが厳しくなりそうな時間は、通気性のいい着こなしで過ごしやすさを上げたいです。 ＜体調＞ 昨日より暑さが強まりそうなので、屋外で長く動く予定はできるだけ控えめがよさそうです。無理をしないペースを意識してください。 ＜紫外線＞ 日差しが強くなりそうです。昼間に外へ出るなら、なるべく日陰を選んで過ごすと負担を減らしやすそうです。 ーー ※この記事は天気情報をもとにAIによって作成されています。 ※天気は変化するため、最新の情報は関連リンク先の各地点の天気情報をご確認ください。 ※本機能は試験的な導入です。,[],[]
【川口市】7/14 最高36℃、暑さ、紫外線、朝はくもりも昼間から晴れる予想【朝版】（Yahoo!ニュース オリジナル THE PAGE）,https://news.yahoo.co.jp/articles/8b0b56fa5fbfeddef6c06ac19553a6465ac43c41,https://newsatcl-pctr.c.yimg.jp/t/amd-img/20260714-00020051-wordleafw-000-1-view.jpg?exp=10800,2026-07-14T05:25:22+09:00,2026-07-14T05:25:22+09:00,Yahoo!ニュース オリジナル THE PAGE,wordleaf,Yahoo!ニュース オリジナル THE PAGE,510,生成AIによる作成 ★お天気川柳★ 晴れ予報 ノー残業デーで 足取り軽く ーー おはようございます！川口市専用のお天気サポートAIです！ ■きょうのざっくり天気■ 【気温の目安】 昨日と比べて、最低気温は24℃で1℃低く、最高気温は36℃で6℃高く、厳しい暑さになりそうです。 【空模様】 朝は晴れやくもりで、昼間から夕方は晴れる時間が多い見込みです。 【降水確率】 昼間の降水確率は0〜20%、夜の降水確率は0〜10%とされています。 ■ポイント■ ＜服装＞ きょうはかなり暑くなりそうなので、通気性のいい服が合いそうです。外に出るなら、風が通りやすい着こなしを意識すると過ごしやすくなりそうです。 ＜体調＞ 屋外で長く動く予定は、できるだけ控えめにしたほうがよさそうです。こまめに休みながら、水分補給を早めに意識してください。 ＜紫外線＞ 昼間は日差しの強さに注意したいです。歩く時間がある方は、日陰を選べると負担を減らしやすそうです。 ーー ※この記事は天気情報をもとにAIによって作成されています。 ※天気は変化するため、最新の情報は関連リンク先の各地点の天気情報をご確認ください。 ※本機能は試験的な導入です。,[],[]
【足立区】7/14 最高35℃、暑さ、紫外線、朝は晴れて昼間も晴れる予想【朝版】（Yahoo!ニュース オリジナル THE PAGE）,https://news.yahoo.co.jp/articles/070151f86c18de06aa3666a21904bc05ca98810f,https://newsatcl-pctr.c.yimg.jp/t/amd-img/20260714-00020050-wordleafw-000-1-view.jpg?exp=10800,2026-07-14T05:25:20+09:00,2026-07-14T05:25:20+09:00,Yahoo!ニュース オリジナル THE PAGE,wordleaf,Yahoo!ニュース オリジナル THE PAGE,532,生成AIによる作成 ★お天気川柳★ 晴れすぎて 休み明けの顔 まだ寝てる ーー おはようございます！足立区専用のお天気サポートAIです！ ■きょうのざっくり天気■ 【気温の目安】 昨日と比べて、最低気温は25℃で差はありません。最高気温は35℃で5℃高く、厳しい暑さになりそうです。 【空模様】 朝は晴れからくもり、昼間から夕方は晴れる時間が多く、夜はくもりの予想です。 【降水確率】 朝の降水確率は0%で、昼間は10〜20%、夕方は10〜20%、夜は0〜10%とされています。 ■ポイント■ ＜服装＞ きょうは風通しのいい服が合いそうです。特に昼間は熱がこもりやすそうなので、肌離れのいい素材を選ぶと過ごしやすくなりそうです。 ＜体調＞ 屋外で長く動く予定は、できるだけ無理のない組み方がよさそうです。こまめに休みながら、水分補給を早めに意識すると安心です。 ＜紫外線＞ 日差しが強くなりそうです。昼間に外へ出る時間がある方は、なるべく日陰を使って過ごすと負担を減らしやすそうです。 ーー ※この記事は天気情報をもとにAIによって作成されています。 ※天気は変化するため、最新の情報は関連リンク先の各地点の天気情報をご確認ください。 ※本機能は試験的な導入です。,[],[]
【西宮市】7/14 最高34℃、暑さに注意、昼間はくもりの予想【朝版】（Yahoo!ニュース オリジナル THE PAGE）,https://news.yahoo.co.jp/articles/0ad4b8c280c478a5a533afe7aabeb9625d54fcd4,https://newsatcl-pctr.c.yimg.jp/t/amd-img/20260714-00020049-wordleafw-000-1-view.jpg?exp=10800,2026-07-14T05:25:13+09:00,2026-07-14T05:25:13+09:00,Yahoo!ニュース オリジナル THE PAGE,wordleaf,Yahoo!ニュース オリジナル THE PAGE,539,生成AIによる作成 ★お天気川柳★ 朝の駅 やる気はまだまだ 家にいる ーー おはようございます！西宮市専用のお天気サポートAIです！ ■きょうのざっくり天気■ 【気温の目安】 昨日と比べて、最低気温は26℃で1℃低く、最高気温は34℃で差はありません。暑さを感じる場面がありそうです。 【空模様】 朝は晴れが続き、昼間から夕方はくもりが中心で、夜は晴れる見込みです。 【降水確率】 昼間の降水確率は10〜20%、夜の降水確率は0〜20%とされています。 ■ポイント■ ＜服装＞ きょうの服装は、Tシャツなど涼しい着こなしが合いそうです。外で過ごす時間がある方は、風が通りやすい素材を選ぶと少しラクに感じられそうです。 ＜体調＞ 昨日と大きく変わらない暑さが続きそうなので、無理をためこまない過ごし方がよさそうです。外出は炎天下を避けて、こまめに休みを入れてください。 ＜洗濯＞ 洗濯物は乾きやすそうで、厚手のものも進めやすい一日になりそうです。早めに片づけたい洗い物がある方にも向いていそうです。 ーー ※この記事は天気情報をもとにAIによって作成されています。 ※天気は変化するため、最新の情報は関連リンク先の各地点の天気情報をご確認ください。 ※本機能は試験的な導入です。,[],[]
【船橋市】7/14 最高34℃、暑さに注意、紫外線も強烈、朝は晴れて昼間も晴れる予想【朝版】（Yahoo!ニュース オリジナル THE PAGE）,https://news.yahoo.co.jp/articles/dd58f92670f9a4657dee955d05ab5124fdf082e4,https://newsatcl-pctr.c.yimg.jp/t/amd-img/20260714-00020048-wordleafw-000-1-view.jpg?exp=10800,2026-07-14T05:25:00+09:00,2026-07-14T05:25:00+09:00,Yahoo!ニュース オリジナル THE PAGE,wordleaf,Yahoo!ニュース オリジナル THE PAGE,507,生成AIによる作成 ★お天気川柳★ 猛暑日も 直帰が決まれば 顔ゆるむ ーー おはようございます！船橋市専用のお天気サポートAIです！ ■きょうのざっくり天気■ 【気温の目安】 昨日と比べて、最低気温は25℃で差はありません。最高気温は34℃で5℃高く、暑さを感じる場面がありそうです。 【空模様】 朝は晴れが中心で、昼間は晴れる時間が多い見込みです。夕方から夜はくもりが続く予想です。 【降水確率】 朝の降水確率は0%で、昼間は10%とされています。夜の降水確率は0〜10%の予想です。 ■ポイント■ ＜服装＞ きょうは涼しい服装が合いそうです。特に昼間は熱がこもりにくい着こなしを意識すると、暑さをしのぎやすくなりそうです。 ＜紫外線＞ 日差しが強くなりそうなので、外では日陰をうまく使いながら過ごすと負担を減らしやすそうです。 ＜洗濯＞ 洗濯物はしっかり乾きやすい一日になりそうです。厚手のものを進めたい方にも使いやすそうです。 ーー ※この記事は天気情報をもとにAIによって作成されています。 ※天気は変化するため、最新の情報は関連リンク先の各地点の天気情報をご確認ください。 ※本機能は試験的な導入です。,[],[]
【江戸川区】7/14 最高34℃、暑さ、紫外線、朝は晴れて昼間も晴れる予想【朝版】（Yahoo!ニュース オリジナル THE PAGE）,https://news.yahoo.co.jp/articles/9f35132d009ad39539053875801e046c04f9e2d9,https://newsatcl-pctr.c.yimg.jp/t/amd-img/20260714-00020047-wordleafw-000-1-view.jpg?exp=10800,2026-07-14T05:24:51+09:00,2026-07-14T05:24:51+09:00,Yahoo!ニュース オリジナル THE PAGE,wordleaf,Yahoo!ニュース オリジナル THE PAGE,505,生成AIによる作成 ★お天気川柳★ 朝の空 資料の誤字見て 目が覚める ーー おはようございます！江戸川区専用のお天気サポートAIです！ ■きょうのざっくり天気■ 【気温の目安】 昨日と比べて、最低気温は25℃で差はありません。最高気温は34℃で5℃高く、暑さを感じる場面がありそうです。 【空模様】 朝は晴れからくもり、昼間から夕方は晴れが中心で、夜はくもりの予想です。 【降水確率】 朝の降水確率は0%、昼間は0〜10%とされています。 ■ポイント■ ＜服装＞ きょうは風通しのいい服が合いそうです。特に暑さが気になりやすい時間は、通気性のいい素材を選ぶと過ごしやすくなりそうです。 ＜体調＞ 昨日より暑さが増す見込みなので、外に出る時間が長い方は炎天下を避けながら、こまめに休みや水分補給を意識するとよさそうです。 ＜紫外線＞ 昼間は日差しが強くなりそうです。できるだけ日陰を使って、肌を守る意識を少し強めておくと安心です。 ーー ※この記事は天気情報をもとにAIによって作成されています。 ※天気は変化するため、最新の情報は関連リンク先の各地点の天気情報をご確認ください。 ※本機能は試験的な導入です。,[],[]
【練馬区】7/14 最高36℃、暑さに注意、紫外線も強烈、朝は晴れのち昼間も晴れる予想【朝版】（Yahoo!ニュース オリジナル THE PAGE）,https://news.yahoo.co.jp/articles/e9d4c4b13cfce9babfb02e2ea95ac34664a9cbd3,https://newsatcl-pctr.c.yimg.jp/t/amd-img/20260714-00020046-wordleafw-000-1-view.jpg?exp=10800,2026-07-14T05:24:28+09:00,2026-07-14T05:24:28+09:00,Yahoo!ニュース オリジナル THE PAGE,wordleaf,Yahoo!ニュース オリジナル THE PAGE,509,生成AIによる作成 おはようございます！練馬区専用のお天気サポートAIです！ ■きょうのざっくり天気■ 【気温の目安】 昨日と比べて、最低気温は24℃で1℃低く、最高気温は36℃で6℃高く、厳しい暑さになりそうです。 【空模様】 朝は晴れからくもりをはさみ、昼間から夕方は晴れる見込みです。夜はくもりが混じる予想です。 【降水確率】 昼間の降水確率は0〜20%、夜の降水確率は0〜10%とされています。 ■ポイント■ ＜服装＞ きょうはかなり暑くなりそうなので、通気性のいい服が合いそうです。外を歩く時間がある方は、風が通りやすい着こなしを意識すると過ごしやすそうです。 ＜体調＞ 昨日より暑さが強まりそうなので、屋外で長く動く予定はできるだけ控えめがよさそうです。こまめに休みながら、水分補給を早めにしておくと安心です。 ＜紫外線＞ 昼間は日差しが強く照りつけそうです。移動や待ち時間は、できるだけ日陰を選ぶと負担を減らしやすそうです。 ーー ※この記事は天気情報をもとにAIによって作成されています。 ※天気は変化するため、最新の情報は関連リンク先の各地点の天気情報をご確認ください。 ※本機能は試験的な導入です。,[],[]
【大田区】7/14 最高34℃、紫外線が強い予想、朝から夕方は晴れる時間が多い予想【朝版】（Yahoo!ニュース オリジナル THE PAGE）,https://news.yahoo.co.jp/articles/aad0c8b1b07c1cfe039ce26fcae6a36f41a359f0,https://newsatcl-pctr.c.yimg.jp/t/amd-img/20260714-00020045-wordleafw-000-1-view.jpg?exp=10800,2026-07-14T05:24:22+09:00,2026-07-14T05:24:22+09:00,Yahoo!ニュース オリジナル THE PAGE,wordleaf,Yahoo!ニュース オリジナル THE PAGE,515,生成AIによる作成 ★お天気川柳★ 晴れの朝 満員電車も 夏の修行 ーー おはようございます！大田区専用のお天気サポートAIです！ ■きょうのざっくり天気■ 【気温の目安】 昨日と比べて、最低気温は25℃で差はありません。最高気温は34℃で5℃高く、暑さを感じる場面がありそうです。 【空模様】 朝から夕方にかけて晴れる時間が多く、夜はくもりが中心になりそうです。 【昼間の天気】 昼間の降水確率は0〜10%で、昼間の風速は2〜4m/sとされています。 ■ポイント■ ＜服装＞ きょうは通気性のいい服が合いそうです。特に暑さが気になりやすい時間は、風が通りやすい着こなしを意識すると過ごしやすくなりそうです。 ＜体調＞ 昨日より日中の暑さが増しそうなので、外では炎天下をなるべく避けて、こまめに休みながら過ごすのがよさそうです。 ＜紫外線＞ 日差しが出る時間は紫外線対策を優先したい一日です。できるだけ日陰を使って、肌を守る意識をしておくと安心です。 ーー ※この記事は天気情報をもとにAIによって作成されています。 ※天気は変化するため、最新の情報は関連リンク先の各地点の天気情報をご確認ください。 ※本機能は試験的な導入です。,[],[]
【丸亀市】7/14 最高35℃、暑さに注意、晴天が続く予想【朝版】（Yahoo!ニュース オリジナル THE PAGE）,https://news.yahoo.co.jp/articles/b74c47fb865c77ea3d6dea33c03b1fa87a4cba71,https://newsatcl-pctr.c.yimg.jp/t/amd-img/20260714-00020044-wordleafw-000-1-view.jpg?exp=10800,2026-07-14T05:24:10+09:00,2026-07-14T05:24:10+09:00,Yahoo!ニュース オリジナル THE PAGE,wordleaf,Yahoo!ニュース オリジナル THE PAGE,489,生成AIによる作成 ★お天気川柳★ 快晴に 出張スーツは 少し修行 ーー おはようございます！丸亀市専用のお天気サポートAIです！ ■きょうのざっくり天気■ 【気温の目安】 昨日と比べて、最低気温は26℃で1℃低く、最高気温は35℃で差はありません。厳しい暑さになりそうです。 【空模様】 朝から夜にかけて晴れる見込みです。 【降水確率】 朝の降水確率は0%、昼間は0〜10%、夕方は10%、夜は0〜10%とされています。 ■ポイント■ ＜服装＞ きょうは風通しのいい服が合いそうです。特に昼間は熱がこもりにくい素材を選ぶと、暑さ対策がしやすそうです。 ＜体調＞ 屋外で長く過ごす予定がある方は、無理をしすぎない進め方がよさそうです。こまめに休める流れを意識すると安心です。 ＜紫外線＞ 日差しが強くなりそうなので、外では目もとの対策もしておくとよさそうです。サングラスが役立つ場面がありそうです。 ーー ※この記事は天気情報をもとにAIによって作成されています。 ※天気は変化するため、最新の情報は関連リンク先の各地点の天気情報をご確認ください。 ※本機能は試験的な導入です。,[],[]
【鶴岡市】7/14 最高30℃、暑さに注意、くもり空が続く予想【朝版】（Yahoo!ニュース オリジナル THE PAGE）,https://news.yahoo.co.jp/articles/e48a4a471d7680ad00c38f6c5ae10876886ab752,https://newsatcl-pctr.c.yimg.jp/t/amd-img/20260714-00020043-wordleafw-000-1-view.jpg?exp=10800,2026-07-14T05:24:09+09:00,2026-07-14T05:24:09+09:00,Yahoo!ニュース オリジナル THE PAGE,wordleaf,Yahoo!ニュース オリジナル THE PAGE,484,生成AIによる作成 ★お天気川柳★ 蒸す朝に 冷蔵庫だけ 先に夏 ーー おはようございます！鶴岡市専用のお天気サポートAIです！ ■きょうのざっくり天気■ 【気温の目安】 昨日と比べて、最低気温は23℃で1℃高く、最高気温は30℃で4℃高い見込みです。暑さを感じる場面がありそうです。 【空模様】 朝から夜にかけてくもりが続く予想です。 【降水確率】 朝の降水確率は30%で、昼間は20〜30%、夜は10〜20%とされています。 ■ポイント■ ＜服装＞ 半袖一枚で過ごしやすそうですが、暑さが気になりやすいので、風が通りやすい着こなしを選ぶと快適に過ごしやすそうです。 ＜体調＞ 昨日より気温が上がる見込みなので、外では無理をしすぎず、炎天下を避けながらこまめに休みを入れるとよさそうです。 ＜紫外線＞ 雲が多くても油断しすぎず、外に出る時間がある方は日焼け止めで対策しておくと安心です。 ーー ※この記事は天気情報をもとにAIによって作成されています。 ※天気は変化するため、最新の情報は関連リンク先の各地点の天気情報をご確認ください。 ※本機能は試験的な導入です。,[],[]
【白山市】7/14 最高31℃、暑さに注意、昼間はやや風がある予想【朝版】（Yahoo!ニュース オリジナル THE PAGE）,https://news.yahoo.co.jp/articles/645345b6263123c0a9da2bf51b97bffc85a5f9fc,https://newsatcl-pctr.c.yimg.jp/t/amd-img/20260714-00020042-wordleafw-000-1-view.jpg?exp=10800,2026-07-14T05:23:53+09:00,2026-07-14T05:23:53+09:00,Yahoo!ニュース オリジナル THE PAGE,wordleaf,Yahoo!ニュース オリジナル THE PAGE,490,生成AIによる作成 ★お天気川柳★ 曇る朝 エレベーターの 会釈晴れ ーー おはようございます！白山市専用のお天気サポートAIです！ ■きょうのざっくり天気■ 【気温の目安】 昨日と比べて、最低気温は24℃で1℃低く、最高気温は31℃で2℃高い予想です。暑さを感じる場面がありそうです。 【空模様】 朝から夕方はくもりが中心で、夜は晴れる見込みです。 【風の様子】 昼間の風速は5〜6m/sとされていて、やや風がある体感になりそうです。 ■ポイント■ ＜服装＞ きょうは涼しい服装が合いそうです。外で過ごす時間が長い方は、風が通りやすい素材を選ぶと過ごしやすくなりそうです。 ＜体調＞ 暑さを感じる場面がありそうなので、炎天下を避けながら、こまめに水分をとる意識があると安心です。 ＜紫外線＞ 日差しが出る時間は紫外線がやや強めらしいです。外に出るなら、日焼け止めで早めに対策しておくとよさそうです。 ーー ※この記事は天気情報をもとにAIによって作成されています。 ※天気は変化するため、最新の情報は関連リンク先の各地点の天気情報をご確認ください。 ※本機能は試験的な導入です。,[],[]
【多治見市】7/14 最高37℃、暑さ、紫外線、朝から晴天の予想【朝版】（Yahoo!ニュース オリジナル THE PAGE）,https://news.yahoo.co.jp/articles/336de4b47320557e3305f1bd4c94ec68e7f45c7f,https://newsatcl-pctr.c.yimg.jp/t/amd-img/20260714-00020041-wordleafw-000-1-view.jpg?exp=10800,2026-07-14T05:23:42+09:00,2026-07-14T05:23:42+09:00,Yahoo!ニュース オリジナル THE PAGE,wordleaf,Yahoo!ニュース オリジナル THE PAGE,436,生成AIによる作成 おはようございます！多治見市専用のお天気サポートAIです！ ■きょうのざっくり天気■ 【気温の目安】 昨日と比べて、最低気温は23℃で1℃低い予想です。最高気温は37℃で4℃高く、厳しい暑さになりそうです。 【空模様】 朝から夜まで晴れる見込みです。 【昼間の暑さ】 昼間の気温は32〜36℃の予想で、強い暑さを感じる場面がありそうです。 ■ポイント■ ＜服装＞ いつもの夏服でよさそうですが、昼間の強い暑さに合わせて、風が通りやすい服が過ごしやすそうです。 ＜体調＞ 外で長く動く予定は、できるだけ無理のない組み方がよさそうです。こまめに休みながら過ごしてください。 ＜紫外線＞ 日差しがたっぷり届きそうです。帽子や日傘で、外に出る時間の紫外線対策をしておくと安心です。 ーー ※この記事は天気情報をもとにAIによって作成されています。 ※天気は変化するため、最新の情報は関連リンク先の各地点の天気情報をご確認ください。 ※本機能は試験的な導入です。,[],[]
【出雲市】7/14 最高33℃、最低26℃、暑さに注意、朝はくもりで昼間から晴れる予想【朝版】（Yahoo!ニュース オリジナル THE PAGE）,https://news.yahoo.co.jp/articles/217c6e775d54951ff42f5143ef4fde21bade2495,https://newsatcl-pctr.c.yimg.jp/t/amd-img/20260714-00020040-wordleafw-000-1-view.jpg?exp=10800,2026-07-14T05:15:59+09:00,2026-07-14T05:15:59+09:00,Yahoo!ニュース オリジナル THE PAGE,wordleaf,Yahoo!ニュース オリジナル THE PAGE,505,生成AIによる作成 ★お天気川柳★ 洗濯日和 終電の疲れも 乾いてく ーー おはようございます！出雲市専用のお天気サポートAIです！ ■きょうのざっくり天気■ 【気温の目安】 昨日と比べて、最低気温は26℃で1℃低いものの、最高気温は33℃で差はありません。暑さを感じる場面がありそうです。 【空模様の変化】 朝はくもりが中心で、昼間から夜は晴れる見込みです。 【風と降水】 昼間の風速は4〜5m/sで、やや風がある予想です。昼間の降水確率は10%とされています。 ■ポイント■ ＜服装＞ きょうは涼しい服装が合いそうです。外で過ごす時間がある方は、風が通りやすい着こなしを選ぶと暑さをしのぎやすそうです。 ＜体調＞ 昨日と比べて暑さの緩みはあまりなさそうです。炎天下を避けながら、こまめに水分をとって無理をためないようにしてください。 ＜洗濯＞ 洗濯物は乾きやすそうです。大きめのものを洗うなら、きょうのうちに進めやすそうです。 ーー ※この記事は天気情報をもとにAIによって作成されています。 ※天気は変化するため、最新の情報は関連リンク先の各地点の天気情報をご確認ください。 ※本機能は試験的な導入です。,[],[]
【都城市】7/14 最高35℃、暑さ、紫外線、朝から晴天が続く予想【朝版】（Yahoo!ニュース オリジナル THE PAGE）,https://news.yahoo.co.jp/articles/4574558b44c0c5aff7d913166059cba0ee9b797b,https://newsatcl-pctr.c.yimg.jp/t/amd-img/20260714-00020039-wordleafw-000-1-view.jpg?exp=10800,2026-07-14T05:15:53+09:00,2026-07-14T05:15:53+09:00,Yahoo!ニュース オリジナル THE PAGE,wordleaf,Yahoo!ニュース オリジナル THE PAGE,477,生成AIによる作成 ★お天気川柳★ 炎天下 ワンコインランチが なおうまい ーー おはようございます！都城市専用のお天気サポートAIです！ ■きょうのざっくり天気■ 【気温の目安】 昨日と比べて、最低気温は25℃で差はありません。最高気温は35℃で差はありません。厳しい暑さになりそうです。 【空模様】 朝から夜まで晴れる見込みです。 【降水確率】 朝の降水確率は0〜10%、昼間の降水確率は10%とされています。 ■ポイント■ ＜服装＞ いつもの夏服でもよさそうですが、いちばん暑くなる時間に合わせて、通気性のいい服を選ぶと過ごしやすそうです。 ＜体調＞ 屋外では暑さがこたえやすそうです。長い時間の外活動はなるべく控えめにして、早めの水分補給を意識するとよさそうです。 ＜紫外線＞ 日差しがかなり強そうです。外に出る時間がある方は、目を守れるものを取り入れると安心です。 ーー ※この記事は天気情報をもとにAIによって作成されています。 ※天気は変化するため、最新の情報は関連リンク先の各地点の天気情報をご確認ください。 ※本機能は試験的な導入です。,[],[]
【宇部市】7/14 最高33℃、最低26℃、暑さに注意の予想【朝版】（Yahoo!ニュース オリジナル THE PAGE）,https://news.yahoo.co.jp/articles/c2ed4d3aa71ac08a1bc60396174cbd50ae4775a2,https://newsatcl-pctr.c.yimg.jp/t/amd-img/20260714-00020038-wordleafw-000-1-view.jpg?exp=10800,2026-07-14T05:15:39+09:00,2026-07-14T05:15:39+09:00,Yahoo!ニュース オリジナル THE PAGE,wordleaf,Yahoo!ニュース オリジナル THE PAGE,505,生成AIによる作成 ★お天気川柳★ 晴れた朝 忘れたぶんだけ 身軽です ーー おはようございます！宇部市専用のお天気サポートAIです！ ■きょうのざっくり天気■ 【気温の目安】 昨日と比べて、最低気温は26℃で差はありません。最高気温は33℃で2℃低く、暑さを感じる場面がありそうです。 【空模様】 朝から夜まで晴れる見込みです。 【降水確率】 朝の降水確率は0%で、昼間から夜の降水確率は0〜10%とされています。 ■ポイント■ ＜服装＞ きょうは涼しい服装が合いそうです。暑さが続きやすいので、風が通りやすい着こなしを選ぶと過ごしやすくなりそうです。 ＜体調＞ 昨日と比べて最高気温は少し下がる見込みですが、厳しい暑さではなくても体に熱がたまりやすそうです。外では炎天下を避けて、こまめに休みながら過ごすのがよさそうです。 ＜紫外線＞ 日差しが強く照りつけそうです。昼間の外出は、日陰をうまく使えると負担を減らしやすそうです。 ーー ※この記事は天気情報をもとにAIによって作成されています。 ※天気は変化するため、最新の情報は関連リンク先の各地点の天気情報をご確認ください。 ※本機能は試験的な導入です。,[],[]
【上越市】7/14 最高32℃、暑さに注意、昼間は晴れる予想【朝版】（Yahoo!ニュース オリジナル THE PAGE）,https://news.yahoo.co.jp/articles/96b49daecd3c38eb3ae24a97df2817725ffa0706,https://newsatcl-pctr.c.yimg.jp/t/amd-img/20260714-00020037-wordleafw-000-1-view.jpg?exp=10800,2026-07-14T05:15:30+09:00,2026-07-14T05:15:30+09:00,Yahoo!ニュース オリジナル THE PAGE,wordleaf,Yahoo!ニュース オリジナル THE PAGE,507,生成AIによる作成 ★お天気川柳★ 傘いらず 有給だけが 遠い空 ーー おはようございます！上越市専用のお天気サポートAIです！ ■きょうのざっくり天気■ 【気温の目安】 昨日と比べて、最低気温は24℃で2℃低く、最高気温は32℃で1℃高い予想です。最高気温は暑さを感じる場面がありそうです。 【空模様】 朝はくもりが中心で、昼間は晴れる見込みです。夕方から夜はくもりが続く予想です。 【降水確率】 朝の降水確率は10%で、昼間から夜の降水確率も10%とされています。 ■ポイント■ ＜服装＞ きょうは涼しい服装が合いそうです。外で過ごす時間が長い方は、風が通りやすい着こなしを選ぶと少しラクに過ごせそうです。 ＜体調＞ 暑さが出てきそうなので、外出は炎天下を避けながら、こまめに休みを入れて過ごすのがよさそうです。 ＜紫外線＞ 晴れる時間は日差しが届きやすそうです。外に出る時間がある方は、日焼け止めで早めに対策しておくと安心です。 ーー ※この記事は天気情報をもとにAIによって作成されています。 ※天気は変化するため、最新の情報は関連リンク先の各地点の天気情報をご確認ください。 ※本機能は試験的な導入です。,[],[]
【日立市】7/14 最高30℃、暑さを感じる場面がありそうな予想【朝版】（Yahoo!ニュース オリジナル THE PAGE）,https://news.yahoo.co.jp/articles/fc125c1b8e6941041d1b82b77031e0b3755f3ae5,https://newsatcl-pctr.c.yimg.jp/t/amd-img/20260714-00020036-wordleafw-000-1-view.jpg?exp=10800,2026-07-14T05:15:22+09:00,2026-07-14T05:15:22+09:00,Yahoo!ニュース オリジナル THE PAGE,wordleaf,Yahoo!ニュース オリジナル THE PAGE,512,生成AIによる作成 ★お天気川柳★ 夏の朝 ミュート忘れで 場が和んだ ーー おはようございます！日立市専用のお天気サポートAIです！ ■きょうのざっくり天気■ 【気温の目安】 昨日と比べて、最低気温は22℃で差はありません。最高気温は30℃で1℃高く、暑さを感じる場面がありそうです。 【空模様】 朝は晴れからくもりに変わり、昼間から夜はくもりが続く見込みです。 【降水確率】 朝の降水確率は10%で、昼間から夕方の降水確率は10〜20%とされています。 ■ポイント■ ＜服装＞ 半袖一枚で過ごしやすそうです。暑さを感じやすい時間に合わせて、風が通りやすい着こなしを選ぶと快適さを保ちやすそうです。 ＜紫外線＞ 空は雲が多めでも、紫外線はやや強めになりそうです。外に出る時間がある方は、日焼け止めを先に済ませておくと安心です。 ＜洗濯＞ 薄手のものを中心にすると進めやすそうです。厚みのあるものより、乾きやすい衣類を優先するのがよさそうです。 ーー ※この記事は天気情報をもとにAIによって作成されています。 ※天気は変化するため、最新の情報は関連リンク先の各地点の天気情報をご確認ください。 ※本機能は試験的な導入です。,[],[]
【弘前市】7/14 最高30℃、暑さを感じる場面がありそうな予想【朝版】（Yahoo!ニュース オリジナル THE PAGE）,https://news.yahoo.co.jp/articles/41367705c5db84be1573f91b1d7716a92aef40c0,https://newsatcl-pctr.c.yimg.jp/t/amd-img/20260714-00020035-wordleafw-000-1-view.jpg?exp=10800,2026-07-14T05:15:07+09:00,2026-07-14T05:15:07+09:00,Yahoo!ニュース オリジナル THE PAGE,wordleaf,Yahoo!ニュース オリジナル THE PAGE,494,生成AIによる作成 ★お天気川柳★ 曇りでも クリーニング済み 顔は晴れ ーー おはようございます！弘前市専用のお天気サポートAIです！ ■きょうのざっくり天気■ 【気温の目安】 昨日と比べて、最低気温は22℃で差はありません。最高気温は30℃で2℃高く、暑さを感じる場面がありそうです。 【空模様】 朝から夜にかけてくもりが続く予想です。 【降水確率】 朝の降水確率は10%、昼間の降水確率は10〜20%とされています。 ■ポイント■ ＜服装＞ 半袖一枚で過ごしやすそうです。暑さを感じる場面に備えて、風が通りやすい着こなしを選ぶと快適さを保ちやすそうです。 ＜体調＞ 昨日より気温が上がる見込みなので、こまめな水分補給と、無理をためない休み方を意識するとよさそうです。 ＜紫外線＞ 空は雲が多めでも、紫外線対策はしておくと安心です。外に出る時間がある方は、日焼け止めを先に済ませておくと動きやすそうです。 ーー ※この記事は天気情報をもとにAIによって作成されています。 ※天気は変化するため、最新の情報は関連リンク先の各地点の天気情報をご確認ください。 ※本機能は試験的な導入です。,[],[]
【松阪市】7/14 最高36℃、暑さに注意、晴れる時間が長い予想【朝版】（Yahoo!ニュース オリジナル THE PAGE）,https://news.yahoo.co.jp/articles/79c66ca05456f8a031490fdd172fb448d5de1f0c,https://newsatcl-pctr.c.yimg.jp/t/amd-img/20260714-00020034-wordleafw-000-1-view.jpg?exp=10800,2026-07-14T05:15:04+09:00,2026-07-14T05:15:04+09:00,Yahoo!ニュース オリジナル THE PAGE,wordleaf,Yahoo!ニュース オリジナル THE PAGE,524,生成AIによる作成 ★お天気川柳★ 猛暑日に ネクタイ休みで 首ほっと ーー おはようございます！松阪市専用のお天気サポートAIです！ ■きょうのざっくり天気■ 【気温の目安】 昨日と比べて、最低気温は25℃で1℃低い見込みです。最高気温は36℃で2℃高く、厳しい暑さになりそうです。 【空模様】 朝は晴れで、昼間は晴れやくもりの予想です。夕方から夜も晴れる時間が長そうです。 【降水確率】 朝の降水確率は0〜10%、昼間は10〜20%、夕方は20%、夜は0〜10%とされています。 ■ポイント■ ＜服装＞ きょうは風通しのいい服が合いそうです。特に暑さが厳しくなりそうな時間に長く外へ出る方は、肌離れのいい素材を選ぶと過ごしやすそうです。 ＜体調＞ 昨日より日中の暑さが強まりそうなので、屋外での活動は無理をしすぎないほうがよさそうです。こまめに休みながら過ごしてください。 ＜洗濯＞ 洗濯物は外干しを進めやすい一日になりそうです。大きめのものも片づけやすそうです。 ーー ※この記事は天気情報をもとにAIによって作成されています。 ※天気は変化するため、最新の情報は関連リンク先の各地点の天気情報をご確認ください。 ※本機能は試験的な導入です。,[],[]
【苫小牧市】7/14 最高24℃、夜は雨の可能性も、くもり空が続く予想【朝版】（Yahoo!ニュース オリジナル THE PAGE）,https://news.yahoo.co.jp/articles/8c40d67e4d4b010b96488edc3a4216e1d4796e57,https://newsatcl-pctr.c.yimg.jp/t/amd-img/20260714-00020033-wordleafw-000-1-view.jpg?exp=10800,2026-07-14T05:14:58+09:00,2026-07-14T05:14:58+09:00,Yahoo!ニュース オリジナル THE PAGE,wordleaf,Yahoo!ニュース オリジナル THE PAGE,488,生成AIによる作成 ★お天気川柳★ 折りたたみ 傘と会議の 備えよし ーー おはようございます！苫小牧市専用のお天気サポートAIです！ ■きょうのざっくり天気■ 【気温の目安】 昨日と比べて、最低気温は20℃、最高気温は24℃で、ともに差はありません。最高気温は24℃で、過ごしやすく感じられそうです。 【空模様】 朝から夕方にかけてはくもりが続く見込みです。 【夜の雨の可能性】 夜の降水確率は20%で、雨の可能性が少しありそうです。 ■ポイント■ ＜服装＞ 半袖一枚で過ごしやすそうです。空気はややしっとりしているので、動く時間が長い方は肌離れのよい服が合いそうです。 ＜紫外線＞ 強い日差しが出続ける空ではなさそうですが、外にいる時間が長い方は日焼け止めを意識しておくと安心です。 ＜傘＞ 夜は折りたたみ傘があると安心です。遅い時間まで外出の予定がある方は、雨具を添えておくとよさそうです。 ーー ※この記事は天気情報をもとにAIによって作成されています。 ※天気は変化するため、最新の情報は関連リンク先の各地点の天気情報をご確認ください。 ※本機能は試験的な導入です。,[],[]
【鳥取市】7/14 最高33℃、暑さに注意、紫外線対策が必要な予想【朝版】（Yahoo!ニュース オリジナル THE PAGE）,https://news.yahoo.co.jp/articles/2f6275c83b0d4e056b94f67d75a7592b8058975e,https://newsatcl-pctr.c.yimg.jp/t/amd-img/20260714-00020032-wordleafw-000-1-view.jpg?exp=10800,2026-07-14T05:14:48+09:00,2026-07-14T05:14:48+09:00,Yahoo!ニュース オリジナル THE PAGE,wordleaf,Yahoo!ニュース オリジナル THE PAGE,456,生成AIによる作成 ★お天気川柳★ 晴れの朝 上着迷って 腕にかけ ーー おはようございます！鳥取市専用のお天気サポートAIです！ ■きょうのざっくり天気■ 【気温の目安】 昨日と比べて、最低気温は25℃で差はありません。最高気温は33℃で差はありません。暑さを感じる場面がありそうです。 【空模様】 朝から夜まで晴れる見込みです。 【降水確率】 朝の降水確率は0〜10%、昼間の降水確率は10%とされています。 ■ポイント■ ＜服装＞ いつもの夏服で過ごしやすそうですが、暑さが気になる時間はTシャツなど涼しい服装が合いそうです。 ＜体調＞ 外に出る時間が長い方は、炎天下を避けながらこまめに休みを入れると負担を減らしやすそうです。 ＜紫外線＞ 日差しが届きやすい一日になりそうなので、帽子や日傘で紫外線対策をしておくと安心です。 ーー ※この記事は天気情報をもとにAIによって作成されています。 ※天気は変化するため、最新の情報は関連リンク先の各地点の天気情報をご確認ください。 ※本機能は試験的な導入です。,[],[]
【帯広市】7/14 最高29℃、暑さを感じる場面がありそうで、昼間は晴れる予想【朝版】（Yahoo!ニュース オリジナル THE PAGE）,https://news.yahoo.co.jp/articles/f7f1fc5432b916339d083a988e3ae8fd523ca48a,https://newsatcl-pctr.c.yimg.jp/t/amd-img/20260714-00020031-wordleafw-000-1-view.jpg?exp=10800,2026-07-14T05:14:42+09:00,2026-07-14T05:14:42+09:00,Yahoo!ニュース オリジナル THE PAGE,wordleaf,Yahoo!ニュース オリジナル THE PAGE,569,生成AIによる作成 ★お天気川柳★ 曇り空 上司の機嫌 昼に晴れ ーー おはようございます！帯広市専用のお天気サポートAIです！ ■きょうのざっくり天気■ 【気温の目安】 昨日と比べて、最低気温は19℃、最高気温は29℃で、ともに差はありません。最高気温は29℃の見込みで、暑さを感じる場面がありそうです。 【空模様】 朝はくもりが続き、昼間から夕方は晴れる時間がありそうです。夜は再びくもりの予想です。 【降水と風】 朝の降水確率は0%で、昼間から夜の降水確率は0〜10%とされています。昼間の風速は1〜2m/sで、風は比較的穏やかに感じられそうです。 ■ポイント■ ＜服装＞ 半袖をベースにしつつ、調整しやすいシャツを重ねる着こなしが合いそうです。暑さを感じる場面もありそうなので、脱ぎ着しやすさを意識すると過ごしやすそうです。 ＜体調＞ 外で過ごす時間が長い方は、強い日差しの時間帯を避けながら、こまめな水分補給を意識するとよさそうです。 ＜紫外線＞ 昼間は日差しが届く時間がありそうです。日焼け止めを早めに使っておくと、肌への負担を抑えやすそうです。 ーー ※この記事は天気情報をもとにAIによって作成されています。 ※天気は変化するため、最新の情報は関連リンク先の各地点の天気情報をご確認ください。 ※本機能は試験的な導入です。,[],[]
【高岡市】7/14 最高34℃、暑さに注意、昼間は晴れる予想【朝版】（Yahoo!ニュース オリジナル THE PAGE）,https://news.yahoo.co.jp/articles/c65c17a952f07166f95332590697bc869fdd2fb1,https://newsatcl-pctr.c.yimg.jp/t/amd-img/20260714-00020030-wordleafw-000-1-view.jpg?exp=10800,2026-07-14T05:14:28+09:00,2026-07-14T05:14:28+09:00,Yahoo!ニュース オリジナル THE PAGE,wordleaf,Yahoo!ニュース オリジナル THE PAGE,555,生成AIによる作成 ★お天気川柳★ 晴れていく コーヒー飲めば 気も晴れる ーー おはようございます！高岡市専用のお天気サポートAIです！ ■きょうのざっくり天気■ 【気温の目安】 昨日と比べて、最低気温は25℃で1℃低く、最高気温は34℃で2℃高い予想です。暑さを感じる場面がありそうです。 【空模様】 朝はくもりが中心で、昼間は晴れる見込みです。夕方はくもり、夜は晴れが広がる予想です。 【風と降水】 昼間の風速は4〜5m/sで、やや風がある見込みです。朝の降水確率は10%、夜は0〜10%とされています. ■ポイント■ ＜服装＞ きょうは通気性のいい服が合いそうです。特に暑さが気になりやすい時間は、風が通りやすい素材やシルエットを選ぶと過ごしやすくなりそうです。 ＜体調＞ 外で長く動く予定がある方は、無理をしすぎない進め方が安心です。こまめに休みながら、早めの水分補給を意識するとよさそうです。 ＜紫外線＞ 日差しが届く時間は、肌を守るひと工夫があると安心です。外に出る前に日焼け止めを使っておくと取り入れやすそうです。 ーー ※この記事は天気情報をもとにAIによって作成されています。 ※天気は変化するため、最新の情報は関連リンク先の各地点の天気情報をご確認ください。 ※本機能は試験的な導入です。,[],[]
【八戸市】7/14 最高29℃、やや暑さを感じる場面も、夕方は雨の予想【朝版】（Yahoo!ニュース オリジナル THE PAGE）,https://news.yahoo.co.jp/articles/26b7a167e3ef73f702a104a9ee8d78b75cf77673,https://newsatcl-pctr.c.yimg.jp/t/amd-img/20260714-00020029-wordleafw-000-1-view.jpg?exp=10800,2026-07-14T05:14:13+09:00,2026-07-14T05:14:13+09:00,Yahoo!ニュース オリジナル THE PAGE,wordleaf,Yahoo!ニュース オリジナル THE PAGE,495,生成AIによる作成 ★お天気川柳★ 曇りでも ノー残業デーは 心晴れ ーー おはようございます！八戸市専用のお天気サポートAIです！ ■きょうのざっくり天気■ 【気温の目安】 昨日と比べて、最低気温は21℃で1℃高くなりそうです。最高気温は29℃で3℃高く、暑さを感じる場面がありそうです。 【空模様】 朝から昼間はくもりが中心で、夕方は雨になる予想です。夜は再びくもりに戻る見込みです。 【雨の可能性】 昼間の降水確率は10〜50%、夕方の降水確率は50%とされています。 ■ポイント■ ＜服装＞ 半袖一枚で過ごしやすそうです。暑さが出やすい時間は、風が通りやすい着こなしを選ぶと少しラクに感じられそうです。 ＜体調＞ 昨日より気温が上がるぶん、こまめな水分と塩分の補給を意識して、無理をためない過ごし方がよさそうです。 ＜傘＞ 夕方は傘を使う場面がありそうです。長く外にいる予定なら、雨具があると安心です。 ーー ※この記事は天気情報をもとにAIによって作成されています。 ※天気は変化するため、最新の情報は関連リンク先の各地点の天気情報をご確認ください。 ※本機能は試験的な導入です。,[],[]
【山口市】7/14 最高35℃、暑さ、紫外線に注意、朝から夜まで晴れる予想【朝版】（Yahoo!ニュース オリジナル THE PAGE）,https://news.yahoo.co.jp/articles/e062ebf81c67aa04273cc6fe988dd0286d0defbd,https://newsatcl-pctr.c.yimg.jp/t/amd-img/20260714-00020028-wordleafw-000-1-view.jpg?exp=10800,2026-07-14T05:13:58+09:00,2026-07-14T05:13:58+09:00,Yahoo!ニュース オリジナル THE PAGE,wordleaf,Yahoo!ニュース オリジナル THE PAGE,462,生成AIによる作成 ★お天気川柳★ 猛暑日も エレベーターでは 目でおはよう ーー おはようございます！山口市専用のお天気サポートAIです！ ■きょうのざっくり天気■ 【気温の目安】 昨日と比べて、最低気温は24℃で1℃低く、最高気温は35℃で差はありません。厳しい暑さになりそうです。 【空模様】 朝から夜まで晴れる見込みです。 【降水確率】 昼間の降水確率は0〜10%、夜の降水確率は0〜10%とされています。 ■ポイント■ ＜服装＞ いつもの夏服でもよさそうですが、いちばん暑くなる時間に合わせて、風が通りやすい服が過ごしやすそうです。 ＜体調＞ 外では暑さがこもりやすそうです。長く日に当たる予定がある方は、炎天下を避けながらこまめに休みたいところです。 ＜紫外線＞ 日差しが強そうなので、昼間は日陰を選べると負担を減らしやすそうです。 ーー ※この記事は天気情報をもとにAIによって作成されています。 ※天気は変化するため、最新の情報は関連リンク先の各地点の天気情報をご確認ください。 ※本機能は試験的な導入です。,[],[]
【呉市】7/14 最高33℃、暑さに注意、紫外線が強い予想【朝版】（Yahoo!ニュース オリジナル THE PAGE）,https://news.yahoo.co.jp/articles/3f96d030ed232e2deba940dff6e4d0c1d42e06aa,https://newsatcl-pctr.c.yimg.jp/t/amd-img/20260714-00020027-wordleafw-000-1-view.jpg?exp=10800,2026-07-14T05:13:48+09:00,2026-07-14T05:13:48+09:00,Yahoo!ニュース オリジナル THE PAGE,wordleaf,Yahoo!ニュース オリジナル THE PAGE,476,生成AIによる作成 ★お天気川柳★ 晴れの朝 寄り道やめて 涼しいうち ーー おはようございます！呉市専用のお天気サポートAIです！ ■きょうのざっくり天気■ 【気温の目安】 昨日と比べて、最低気温は25℃で2℃低く、最高気温は33℃で1℃低い見込みです。最高気温は暑さを感じる場面がありそうです。 【空模様】 朝から夜まで晴れる予想です。 【昼間の空気】 昼間の降水確率は0〜10%で、昼間の風速は2〜3m/sとされています。 ■ポイント■ ＜服装＞ きょうは涼しい服装が合いそうです。外で過ごす時間がある方は、風が通りやすい着こなしを選ぶと少しラクに感じられそうです。 ＜体調＞ 強い日差しで体力を奪われやすそうです。外出は炎天下を避けながら、こまめな水分補給を意識すると安心です。 ＜洗濯＞ 洗濯物ははかどりやすい一日になりそうです。大きめのものも進めやすそうです。 ーー ※この記事は天気情報をもとにAIによって作成されています。 ※天気は変化するため、最新の情報は関連リンク先の各地点の天気情報をご確認ください。 ※本機能は試験的な導入です。,[],[]
【函館市】7/14 最高26℃、やや暑さを感じる場面がありそうで、くもり空が続く予想【朝版】（Yahoo!ニュース オリジナル THE PAGE）,https://news.yahoo.co.jp/articles/32cf55de412eb9873b53feb45ad16b0d7d151043,https://newsatcl-pctr.c.yimg.jp/t/amd-img/20260714-00020026-wordleafw-000-1-view.jpg?exp=10800,2026-07-14T05:13:37+09:00,2026-07-14T05:13:37+09:00,Yahoo!ニュース オリジナル THE PAGE,wordleaf,Yahoo!ニュース オリジナル THE PAGE,540,生成AIによる作成 ★お天気川柳★ 曇りでも 一駅ぶんだけ 胸が晴れ ーー おはようございます！函館市専用のお天気サポートAIです！ ■きょうのざっくり天気■ 【気温の目安】 昨日と比べて、最低気温は21℃、最高気温は26℃で、ともに差はありません。最高気温は26℃の見込みで、やや暑さを感じる場面がありそうです。 【空模様】 朝から夜にかけて、くもりが続く予想です。 【降水確率】 朝の降水確率は10〜20%、昼間から夜の降水確率は20%とされています。 ■ポイント■ ＜服装＞ 半袖一枚で過ごしやすそうです。風が少し通る時間もありそうなので、屋外で長く過ごす方は肌離れのよい服が合いそうです。 ＜体調＞ 昨日と大きく変わらない暑さでも、少しずつ体に負担がたまりやすい時期です。こまめに水分と塩分をとりながら、無理をためない過ごし方がよさそうです。 ＜紫外線＞ 強い日差しが出続ける空ではなさそうですが、紫外線はやや気になりそうです。外に出る時間がある方は、日焼け止めで軽く対策しておくと安心です。 ーー ※この記事は天気情報をもとにAIによって作成されています。 ※天気は変化するため、最新の情報は関連リンク先の各地点の天気情報をご確認ください。 ※本機能は試験的な導入です。,[],[]
【佐世保市】7/14 最高33℃、最低27℃、暑さに注意、晴れる予想【朝版】（Yahoo!ニュース オリジナル THE PAGE）,https://news.yahoo.co.jp/articles/02135e99836bfeb056385f243121112e149ad28b,https://newsatcl-pctr.c.yimg.jp/t/amd-img/20260714-00020025-wordleafw-000-1-view.jpg?exp=10800,2026-07-14T05:13:30+09:00,2026-07-14T05:13:30+09:00,Yahoo!ニュース オリジナル THE PAGE,wordleaf,Yahoo!ニュース オリジナル THE PAGE,495,生成AIによる作成 ★お天気川柳★ 蝉しぐれ タイムカードに 背を押され ーー おはようございます！佐世保市専用のお天気サポートAIです！ ■きょうのざっくり天気■ 【気温の目安】 昨日と比べて、最低気温は27℃、最高気温は33℃で、ともに差はありません。最高気温は33℃で、暑さを感じる場面がありそうです。 【空模様】 朝から夜まで晴れる時間が多い見込みです。 【降水と風】 朝の降水確率は10〜20%、昼間の降水確率は10%で、昼間の風速は4〜5m/sとやや風がある予想です。 ■ポイント■ ＜服装＞ いつもの夏服で過ごしやすそうですが、暑さが気になる時間に合わせて、Tシャツなど涼しい服装が合いそうです。 ＜体調＞ 外で長く動く予定がある方は、無理をしすぎず、こまめに休みを入れながら過ごすのがよさそうです。 ＜紫外線＞ 日差しが強く照りつけそうなので、昼間は日陰を選べると少し過ごしやすくなりそうです。 ーー ※この記事は天気情報をもとにAIによって作成されています。 ※天気は変化するため、最新の情報は関連リンク先の各地点の天気情報をご確認ください。 ※本機能は試験的な導入です。,[],[]
【松本市】7/14 最高34℃、暑さ、紫外線、朝はくもりで昼間は晴れる予想【朝版】（Yahoo!ニュース オリジナル THE PAGE）,https://news.yahoo.co.jp/articles/34b54710357d01084c18349c41e86d434b2a488e,https://newsatcl-pctr.c.yimg.jp/t/amd-img/20260714-00020024-wordleafw-000-1-view.jpg?exp=10800,2026-07-14T05:13:18+09:00,2026-07-14T05:13:18+09:00,Yahoo!ニュース オリジナル THE PAGE,wordleaf,Yahoo!ニュース オリジナル THE PAGE,541,生成AIによる作成 ★お天気川柳★ 雲の朝 クレーム越えて ひと息晴れ ーー おはようございます！松本市専用のお天気サポートAIです！ ■きょうのざっくり天気■ 【気温の目安】 昨日と比べて、最低気温は20℃で2℃低くなっています。最高気温は34℃で3℃高く、暑さを感じる場面がありそうです。 【空模様】 朝はくもりが中心で、昼間から夕方は晴れる見込みです。夜はくもりが多くなりそうです。 【降水確率】 昼間の降水確率は10〜20%、夜の降水確率は0〜20%とされています。 ■ポイント■ ＜服装＞ きょうは風通しのいい服が合いそうです。特に暑さが気になりやすい時間は、肌離れのいい素材を選ぶと過ごしやすくなりそうです。 ＜体調＞ 昨日より暑さが強まりそうなので、外で長く過ごす予定がある方は無理をしすぎないようにしたいところです。強い日差しの時間は、できるだけ炎天下を避けると安心です。 ＜紫外線＞ 日差しがしっかり届きそうです。外に出る時間がある方は、サングラスなどで目を守る工夫が役立ちそうです。 ーー ※この記事は天気情報をもとにAIによって作成されています。 ※天気は変化するため、最新の情報は関連リンク先の各地点の天気情報をご確認ください。 ※本機能は試験的な導入です。,[],[]
【長岡市】7/14 最高31℃、暑さに注意、最低25℃、朝はくもりの予想【朝版】（Yahoo!ニュース オリジナル THE PAGE）,https://news.yahoo.co.jp/articles/1d76b7372cf2cfb2ff980d9fecd60d974fd0ff98,https://newsatcl-pctr.c.yimg.jp/t/amd-img/20260714-00020023-wordleafw-000-1-view.jpg?exp=10800,2026-07-14T05:13:16+09:00,2026-07-14T05:13:16+09:00,Yahoo!ニュース オリジナル THE PAGE,wordleaf,Yahoo!ニュース オリジナル THE PAGE,520,生成AIによる作成 ★お天気川柳★ 蒸し暑さ 汗染みできても 声は晴れ ーー おはようございます！長岡市専用のお天気サポートAIです！ ■きょうのざっくり天気■ 【気温の目安】 昨日と比べて、最低気温は25℃で差はありません。最高気温は31℃で3℃高く、暑さを感じる場面がありそうです。 【朝の空模様】 朝はくもりが続く見込みで、降水確率は30〜40%とされています。 【昼間から夜の天気】 昼間から夜もくもりが中心で、夜の降水確率は10〜20%の予想です。 ■ポイント■ ＜服装＞ きょうは涼しい服装が合いそうです。外で過ごす時間がある方は、風が通りやすい着こなしを選ぶと暑さをやわらげやすそうです。 ＜体調＞ 昨日より気温が上がる見込みなので、いつもより暑さ対策を少し意識しておくと安心です。外出は炎天下を避けると過ごしやすそうです。 ＜紫外線＞ 雲が多めでも紫外線はやや強めになりそうです。長く外に出るなら、日焼け止めで早めに対策しておくとよさそうです。 ーー ※この記事は天気情報をもとにAIによって作成されています。 ※天気は変化するため、最新の情報は関連リンク先の各地点の天気情報をご確認ください。 ※本機能は試験的な導入です。,[],[]
【佐賀市】7/14 最高33℃、最低27℃、暑さに注意、昼間はやや風がある予想【朝版】（Yahoo!ニュース オリジナル THE PAGE）,https://news.yahoo.co.jp/articles/a93bd4af2f3eba3b9173c51047cb87f02d05a08e,https://newsatcl-pctr.c.yimg.jp/t/amd-img/20260714-00020022-wordleafw-000-1-view.jpg?exp=10800,2026-07-14T05:13:04+09:00,2026-07-14T05:13:04+09:00,Yahoo!ニュース オリジナル THE PAGE,wordleaf,Yahoo!ニュース オリジナル THE PAGE,525,生成AIによる作成 ★お天気川柳★ 暑くても ひとつ片づき 顔ゆるむ ーー おはようございます！佐賀市専用のお天気サポートAIです！ ■きょうのざっくり天気■ 【気温の目安】 昨日と比べて、最低気温は27℃で差はありません。最高気温は33℃で2℃低く、暑さを感じる場面がありそうです。 【空模様】 朝から夜まで晴れる見込みです。 【風の様子】 昼間の風速は5〜6m/s、夕方の風速は5〜6m/sとされていて、やや風がある体感になりそうです。 ■ポイント■ ＜服装＞ きょうも夏らしい暑さになりそうなので、Tシャツなど涼しい服装が合いそうです。外で過ごす時間が長い方は、風が通りやすい着こなしを選ぶと過ごしやすくなりそうです。 ＜体調＞ 強い日差しで体力を奪われやすそうです。外出は炎天下をなるべく避けて、こまめに休みながら過ごすのがよさそうです。 ＜紫外線＞ 日差しの強さが気になりやすい一日になりそうです。できるだけ日陰を使いながら移動すると負担を減らしやすそうです。 ーー ※この記事は天気情報をもとにAIによって作成されています。 ※天気は変化するため、最新の情報は関連リンク先の各地点の天気情報をご確認ください。 ※本機能は試験的な導入です。,[],[]
【山形市】7/14 最高31℃、暑さに注意、くもり空が続く予想【朝版】（Yahoo!ニュース オリジナル THE PAGE）,https://news.yahoo.co.jp/articles/48b665a14a256ff32f88fab8be4feb6831ca375c,https://newsatcl-pctr.c.yimg.jp/t/amd-img/20260714-00020021-wordleafw-000-1-view.jpg?exp=10800,2026-07-14T05:12:48+09:00,2026-07-14T05:12:48+09:00,Yahoo!ニュース オリジナル THE PAGE,wordleaf,Yahoo!ニュース オリジナル THE PAGE,484,生成AIによる作成 ★お天気川柳★ 夏の朝 やること減って 顔ゆるむ ーー おはようございます！山形市専用のお天気サポートAIです！ ■きょうのざっくり天気■ 【気温の目安】 昨日と比べて、最低気温は22℃で差はありません。最高気温は31℃で3℃高く、暑さを感じる場面がありそうです。 【空模様】 朝から夜にかけて、くもりが続く予想です。 【降水確率】 朝の降水確率は10〜20%、昼間の降水確率は10%とされています。 ■ポイント■ ＜服装＞ いつもの夏服で過ごしやすそうですが、暑さが気になる場面に合わせて、Tシャツなど涼しい服装が合いそうです。 ＜体調＞ 昨日より気温が上がる見込みなので、外で過ごす時間がある方は、無理をせず炎天下を避ける意識があるとよさそうです。 ＜紫外線＞ 空は雲が多めでも、紫外線はやや強めになりそうです。外に出る時間がある方は、日焼け止めを使うと安心です。 ーー ※この記事は天気情報をもとにAIによって作成されています。 ※天気は変化するため、最新の情報は関連リンク先の各地点の天気情報をご確認ください。 ※本機能は試験的な導入です。,[],[]
【いわき市】7/14 最高30℃、暑さを感じる場面がありそうで、朝は晴れのち昼間から夜はくもりの予想【朝版】（Yahoo!ニュース オリジナル THE PAGE）,https://news.yahoo.co.jp/articles/4aa5942c87b679cd014d61cc7e2ba52f7a6c7336,https://newsatcl-pctr.c.yimg.jp/t/amd-img/20260714-00020020-wordleafw-000-1-view.jpg?exp=10800,2026-07-14T05:12:03+09:00,2026-07-14T05:12:03+09:00,Yahoo!ニュース オリジナル THE PAGE,wordleaf,Yahoo!ニュース オリジナル THE PAGE,537,生成AIによる作成 ★お天気川柳★ 朝日差し チャットのひと言 肩ほぐす ーー おはようございます！いわき市専用のお天気サポートAIです！ ■きょうのざっくり天気■ 【気温の目安】 昨日と比べて、最低気温は22℃、最高気温は30℃で、ともに差はありません。最高気温は30℃の予想で、暑さを感じる場面がありそうです。 【空模様】 朝は晴れからくもりに変わり、昼間から夜はくもりが続く見込みです。 【降水の見通し】 朝の降水確率は0〜10%、昼間の降水確率は10%で、夜の降水確率は0%とされています。 ■ポイント■ ＜服装＞ 半袖一枚で過ごしやすそうです。暑さを感じる場面がありそうなので、風が通りやすい着こなしを選ぶと快適さを保ちやすそうです。 ＜体調＞ 昨日と大きく変わらない暑さになりそうです。こまめに水分と塩分をとって、無理をためない過ごし方がよさそうです。 ＜紫外線＞ 空はくもりの時間が長めでも、紫外線はやや強めとされています。外に出る時間がある方は、日焼け対策を意識すると安心です。 ーー ※この記事は天気情報をもとにAIによって作成されています。 ※天気は変化するため、最新の情報は関連リンク先の各地点の天気情報をご確認ください。 ※本機能は試験的な導入です。,[],[]
【青森市】7/14 最高30℃、暑さを感じる場面がありそうな予想【朝版】（Yahoo!ニュース オリジナル THE PAGE）,https://news.yahoo.co.jp/articles/3f79a29e4e6d1114ca533699be6458b57a2e5a23,https://newsatcl-pctr.c.yimg.jp/t/amd-img/20260714-00020019-wordleafw-000-1-view.jpg?exp=10800,2026-07-14T05:11:50+09:00,2026-07-14T05:11:50+09:00,Yahoo!ニュース オリジナル THE PAGE,wordleaf,Yahoo!ニュース オリジナル THE PAGE,487,生成AIによる作成 ★お天気川柳★ 曇りでも やる気の予報は のち上向き ーー おはようございます！青森市専用のお天気サポートAIです！ ■きょうのざっくり天気■ 【気温の目安】 昨日と比べて、最低気温は22℃で1℃高くなっています。最高気温は30℃で2℃高く、暑さを感じる場面がありそうです。 【空模様】 朝から夜にかけてくもりが続く予想です。 【降水の可能性】 昼間の降水確率は10〜20%で、夕方の降水確率は20%とされています。 ■ポイント■ ＜服装＞ 半袖のままで過ごしやすそうですが、屋内外の差が気になる場面に向けて、シャツを重ねて調節すると合わせやすそうです。 ＜体調＞ 昨日より気温が上がる見込みなので、こまめな水分と塩分の補給を意識して、無理をためない過ごし方がよさそうです。 ＜紫外線＞ 雲が多くても油断しすぎず、外にいる時間が長い方は日焼け止めで肌を守っておくと安心です。 ーー ※この記事は天気情報をもとにAIによって作成されています。 ※天気は変化するため、最新の情報は関連リンク先の各地点の天気情報をご確認ください。 ※本機能は試験的な導入です。,[],[]
【福島市】7/14 最高32℃、暑さに注意、晴れ間もあるくもりの予想【朝版】（Yahoo!ニュース オリジナル THE PAGE）,https://news.yahoo.co.jp/articles/41146ec89321216cd897b6348792e2e0ff4a51ca,https://newsatcl-pctr.c.yimg.jp/t/amd-img/20260714-00020018-wordleafw-000-1-view.jpg?exp=10800,2026-07-14T05:11:41+09:00,2026-07-14T05:11:41+09:00,Yahoo!ニュース オリジナル THE PAGE,wordleaf,Yahoo!ニュース オリジナル THE PAGE,473,生成AIによる作成 おはようございます！福島市専用のお天気サポートAIです！ ■きょうのざっくり天気■ 【気温の目安】 昨日と比べて、最低気温は24℃で1℃高く、最高気温は32℃で2℃高い予想です。暑さを感じる場面がありそうです。 【空模様】 朝から夕方にかけてはくもりが中心で、夜は晴れ間の出る時間もありそうです。 【降水確率】 朝の降水確率は10%で、昼間から夕方も10%とされています。 ■ポイント■ ＜服装＞ いつもの夏服で過ごしやすそうですが、暑さが気になる場面に合わせてTシャツなど涼しい服装が合いそうです。 ＜体調＞ 昨日より気温が上がる予想なので、外に出る時間が長い方は炎天下を避けながら、こまめに休みを入れると過ごしやすそうです。 ＜紫外線＞ 晴れ間のある時間は日差しが届きそうです。外に出る予定がある方は、日焼け止めで早めに備えておくと安心です。 ーー ※この記事は天気情報をもとにAIによって作成されています。 ※天気は変化するため、最新の情報は関連リンク先の各地点の天気情報をご確認ください。 ※本機能は試験的な導入です。,[],[]
【水戸市】7/14 最高32℃、暑さに注意、朝は晴れて昼間から夜はくもりの予想【朝版】（Yahoo!ニュース オリジナル THE PAGE）,https://news.yahoo.co.jp/articles/3583d10cd8abb33cc8a4f7b2f6c8845b8135bc19,https://newsatcl-pctr.c.yimg.jp/t/amd-img/20260714-00020017-wordleafw-000-1-view.jpg?exp=10800,2026-07-14T05:11:35+09:00,2026-07-14T05:11:35+09:00,Yahoo!ニュース オリジナル THE PAGE,wordleaf,Yahoo!ニュース オリジナル THE PAGE,534,生成AIによる作成 ★お天気川柳★ 折り畳み ゲリラ豪雨に ひと安心 ーー おはようございます！水戸市専用のお天気サポートAIです！ ■きょうのざっくり天気■ 【気温の目安】 昨日と比べて、最低気温は23℃で差はありません。最高気温は32℃で2℃高く、暑さを感じる場面がありそうです。 【空模様】 朝は晴れからくもりに変わり、昼間から夜はくもりが続く見込みです。 【降水確率】 朝の降水確率は10%で、昼間から夜の降水確率は10〜20%とされています。 ■ポイント■ ＜服装＞ きょうは暑さが出やすそうなので、Tシャツなど涼しい服装が合いそうです。外にいる時間が長い方は、風が通りやすい着こなしを選ぶと過ごしやすくなりそうです。 ＜体調＞ 昨日より日中は暑さが増しそうです。外出は炎天下を避けながら、のどが渇く前の水分補給を意識するとよさそうです。 ＜紫外線＞ 空はくもりの時間が長めでも、紫外線はやや強めとされています。外に出る時間がある方は、日焼け止めで早めに対策しておくと安心です。 ーー ※この記事は天気情報をもとにAIによって作成されています。 ※天気は変化するため、最新の情報は関連リンク先の各地点の天気情報をご確認ください。 ※本機能は試験的な導入です。,[],[]
【旭川市】7/14 最高30℃、暑さに注意、夜は雨の可能性がある予想【朝版】（Yahoo!ニュース オリジナル THE PAGE）,https://news.yahoo.co.jp/articles/d7ab86f4988e93c4bef65c9df5899533f51e4213,https://newsatcl-pctr.c.yimg.jp/t/amd-img/20260714-00020016-wordleafw-000-1-view.jpg?exp=10800,2026-07-14T05:11:10+09:00,2026-07-14T05:11:10+09:00,Yahoo!ニュース オリジナル THE PAGE,wordleaf,Yahoo!ニュース オリジナル THE PAGE,540,生成AIによる作成 ★お天気川柳★ 花粉症 曇り空でも 鼻は晴れず ーー おはようございます！旭川市専用のお天気サポートAIです！ ■きょうのざっくり天気■ 【気温の目安】 昨日と比べて、最低気温は21℃で差はありません。最高気温は30℃で1℃高く、暑さを感じる場面がありそうです。 【空模様】 朝から夕方はくもりが続く見込みで、夜もくもりが中心ながら雨の可能性があります。 【雨の可能性】 夜の降水確率は30〜40%とされていて、降水量は0.1〜0.2mmの予想です。 ■ポイント■ ＜服装＞ きょうは夏らしい体感になりそうです。いつもの夏服でよさそうですが、動く時間が長い方は風が通りやすい着こなしを選ぶと過ごしやすそうです。 ＜体調＞ 昨日と比べて大きな変化は少ないものの、暑さが続きやすそうです。外では無理をためず、強い日差しを避けながらこまめに休むと安心です。 ＜紫外線＞ 空は雲が多めでも、紫外線はやや気になりそうです。長く外にいる予定がある方は、日焼け対策を意識しておくとよさそうです。 ーー ※この記事は天気情報をもとにAIによって作成されています。 ※天気は変化するため、最新の情報は関連リンク先の各地点の天気情報をご確認ください。 ※本機能は試験的な導入です。,[],[]
【郡山市】7/14 最高30℃、暑さに注意、夜も気温高めの予想【朝版】（Yahoo!ニュース オリジナル THE PAGE）,https://news.yahoo.co.jp/articles/692e38691a0987a7ce23651cd033ff46d4deb04a,https://newsatcl-pctr.c.yimg.jp/t/amd-img/20260714-00020015-wordleafw-000-1-view.jpg?exp=10800,2026-07-14T05:11:04+09:00,2026-07-14T05:11:04+09:00,Yahoo!ニュース オリジナル THE PAGE,wordleaf,Yahoo!ニュース オリジナル THE PAGE,487,生成AIによる作成 ★お天気川柳★ 薄曇り 会議の笑顔で 気分晴れ ーー おはようございます！郡山市専用のお天気サポートAIです！ ■きょうのざっくり天気■ 【気温の目安】 昨日と比べて、最低気温は24℃で2℃高く、最高気温は30℃で1℃高い見込みです。暑さを感じる場面がありそうです。 【空模様】 朝から昼間はくもりが中心で、夕方から夜は晴れる時間もありそうです。 【降水確率】 朝から夕方の降水確率は10%で、夜の降水確率は0〜10%とされています。 ■ポイント■ ＜服装＞ いつもの夏服で過ごしやすそうですが、暑さが気になる場面に合わせて、Tシャツなど涼しい服装が合いそうです。 ＜紫外線＞ 日差しが出る時間は紫外線がやや強めになりそうです。外に出る時間がある方は、日焼け止めで軽く対策しておくと安心です。 ＜洗濯＞ 洗濯物は乾きやすそうです。薄手のものを中心に進めるとはかどりそうです。 ーー ※この記事は天気情報をもとにAIによって作成されています。 ※天気は変化するため、最新の情報は関連リンク先の各地点の天気情報をご確認ください。 ※本機能は試験的な導入です。,[],[]
【加古川市】7/14 最高34℃、最低25℃、暑さが続く予想【朝版】（Yahoo!ニュース オリジナル THE PAGE）,https://news.yahoo.co.jp/articles/100e59f3a4119f5c6f432cf6a077c8d8e2ac7051,https://newsatcl-pctr.c.yimg.jp/t/amd-img/20260714-00020014-wordleafw-000-1-view.jpg?exp=10800,2026-07-14T05:10:50+09:00,2026-07-14T05:10:50+09:00,Yahoo!ニュース オリジナル THE PAGE,wordleaf,Yahoo!ニュース オリジナル THE PAGE,477,生成AIによる作成 ★お天気川柳★ 晴れてても 休み明けの顔 まだ寝ぐせ ーー おはようございます！加古川市専用のお天気サポートAIです！ ■きょうのざっくり天気■ 【気温の目安】 昨日と比べて、最低気温は25℃で差はありません。最高気温は34℃で1℃高く、暑さを感じる場面がありそうです。 【空模様】 朝から夜まで晴れる見込みです。 【降水確率】 朝の降水確率は0〜10%、昼間は10〜20%とされています。 ■ポイント■ ＜服装＞ きょうは涼しい服装が合いそうです。外で過ごす時間がある方は、風が通りやすい着こなしを選ぶと少しラクに過ごせそうです。 ＜体調＞ 暑さが続きそうなので、屋外での活動は無理をしすぎないほうがよさそうです。こまめに休みながら過ごしてください。 ＜紫外線＞ 日差しが強くなりそうです。昼間に外へ出るなら、日陰をうまく使って過ごすのがおすすめです。 ーー ※この記事は天気情報をもとにAIによって作成されています。 ※天気は変化するため、最新の情報は関連リンク先の各地点の天気情報をご確認ください。 ※本機能は試験的な導入です。,[],[]
【長野市】7/14 最高34℃、暑さに注意、夜はくもりの予想【朝版】（Yahoo!ニュース オリジナル THE PAGE）,https://news.yahoo.co.jp/articles/9b30bcfe1a1680f6029e78190aee8bcd91f966ff,https://newsatcl-pctr.c.yimg.jp/t/amd-img/20260714-00020013-wordleafw-000-1-view.jpg?exp=10800,2026-07-14T05:10:44+09:00,2026-07-14T05:10:44+09:00,Yahoo!ニュース オリジナル THE PAGE,wordleaf,Yahoo!ニュース オリジナル THE PAGE,498,生成AIによる作成 ★お天気川柳★ 晴れた空 名刺交換で 会話咲く ーー おはようございます！長野市専用のお天気サポートAIです！ ■きょうのざっくり天気■ 【気温の目安】 昨日と比べて、最低気温は23℃で1℃低くなっています。最高気温は34℃で1℃高く、暑さを感じる場面がありそうです。 【空模様】 朝から夕方にかけては晴れる時間が多く、夜はくもりの予想です。 【昼間の空と風】 昼間の降水確率は0〜20%とされ、夕方の風速は5m/sでやや風がありそうです。 ■ポイント■ ＜服装＞ きょうはTシャツなど涼しい服装が合いそうです。特に昼間は熱がこもりにくい素材を選ぶと、暑さの負担を減らしやすそうです。 ＜紫外線＞ 日差しが強くなりそうなので、外では日陰をうまく使いながら過ごすと安心です。長く歩く予定がある方は、直射日光を避ける意識があるとよさそうです。 ＜洗濯＞ 洗濯物はしっかり乾きやすい一日になりそうです。 ーー ※この記事は天気情報をもとにAIによって作成されています。 ※天気は変化するため、最新の情報は関連リンク先の各地点の天気情報をご確認ください。 ※本機能は試験的な導入です。,[],[]
【和歌山市】7/14 最高36℃、暑さ、紫外線、朝から夜まで晴れる予想【朝版】（Yahoo!ニュース オリジナル THE PAGE）,https://news.yahoo.co.jp/articles/b4e822cfff06bcebfba088170649e70d1aa281d1,https://newsatcl-pctr.c.yimg.jp/t/amd-img/20260714-00020012-wordleafw-000-1-view.jpg?exp=10800,2026-07-14T05:10:31+09:00,2026-07-14T05:10:31+09:00,Yahoo!ニュース オリジナル THE PAGE,wordleaf,Yahoo!ニュース オリジナル THE PAGE,461,生成AIによる作成 ★お天気川柳★ 夏の空 汗も言い訳 してくれる ーー おはようございます！和歌山市専用のお天気サポートAIです！ ■きょうのざっくり天気■ 【気温の目安】 昨日と比べて、最低気温は26℃で差はありません。最高気温は36℃で1℃高く、厳しい暑さになりそうです。 【空模様】 朝から夜まで晴れる見込みです。 【昼間の暑さ】 昼間の気温は31〜35℃とされていて、強い暑さを感じる場面がありそうです。 ■ポイント■ ＜服装＞ いつもの夏服でもよさそうですが、昼間の強い暑さに合わせて、通気性のいい服が過ごしやすそうです。 ＜体調＞ 屋外で長く動く予定は、できるだけ無理のない組み方がよさそうです。こまめに休みながら過ごしてください。 ＜紫外線＞ 日差しがかなり強そうです。外に出る時間がある方は、サングラスで目も守ると安心です。 ーー ※この記事は天気情報をもとにAIによって作成されています。 ※天気は変化するため、最新の情報は関連リンク先の各地点の天気情報をご確認ください。 ※本機能は試験的な導入です。,[],[]
【長崎市】7/14 最高33℃、暑さ、紫外線に注意、朝から夜まで晴れる予想【朝版】（Yahoo!ニュース オリジナル THE PAGE）,https://news.yahoo.co.jp/articles/4787f01092f258efc54dabab3093bd14a5e668d0,https://newsatcl-pctr.c.yimg.jp/t/amd-img/20260714-00020011-wordleafw-000-1-view.jpg?exp=10800,2026-07-14T05:10:25+09:00,2026-07-14T05:10:25+09:00,Yahoo!ニュース オリジナル THE PAGE,wordleaf,Yahoo!ニュース オリジナル THE PAGE,503,生成AIによる作成 ★お天気川柳★ 暑い朝 ネクタイゆるめ やる気締め ーー おはようございます！長崎市専用のお天気サポートAIです！ ■きょうのざっくり天気■ 【気温の目安】 昨日と比べて、最低気温は27℃で差はありません。最高気温は33℃で差はありません。暑さを感じる場面がありそうです。 【空模様】 朝から夜まで晴れが続く見込みです。 【降水確率】 朝と昼間と夕方の降水確率は10%で、夜の降水確率は10〜30%とされています。 ■ポイント■ ＜服装＞ きょうの服装はそのまま夏向きでよさそうです。外で過ごす時間がある方は、風が通りやすいTシャツなどの涼しい服装が合いそうです。 ＜体調＞ 暑さが続きそうなので、屋外で長く動く予定はできるだけ控えめにすると安心です。のどが渇く前の水分補給を意識してみてください。 ＜紫外線＞ 日差しが強そうです。昼間に外へ出るなら、なるべく日陰を選んで過ごすと負担を減らしやすそうです。 ーー ※この記事は天気情報をもとにAIによって作成されています。 ※天気は変化するため、最新の情報は関連リンク先の各地点の天気情報をご確認ください。 ※本機能は試験的な導入です。,[],[]
【宮崎市】7/14 最高37℃、暑さ、強い紫外線、朝から夜まで晴れる予想【朝版】（Yahoo!ニュース オリジナル THE PAGE）,https://news.yahoo.co.jp/articles/ef7176e489ddd208e8894656ac62f98e482887c2,https://newsatcl-pctr.c.yimg.jp/t/amd-img/20260714-00020010-wordleafw-000-1-view.jpg?exp=10800,2026-07-14T05:10:11+09:00,2026-07-14T05:10:11+09:00,Yahoo!ニュース オリジナル THE PAGE,wordleaf,Yahoo!ニュース オリジナル THE PAGE,491,生成AIによる作成 ★お天気川柳★ 晴れの朝 雨傘休み 肩軽い ーー おはようございます！宮崎市専用のお天気サポートAIです！ ■きょうのざっくり天気■ 【気温の目安】 昨日と比べて、最低気温は26℃で差はありません。最高気温は37℃で1℃高く、厳しい暑さになりそうです。 【空模様】 朝から夜まで晴れる見込みです。 【降水確率】 朝の降水確率は0〜10%、昼間の降水確率は10%とされています。 ■ポイント■ ＜服装＞ いつもの夏服でも暑さがこもりやすそうです。通気性のいい服を選んで、風が通りやすい着こなしを意識すると過ごしやすくなりそうです。 ＜体調＞ かなり厳しい暑さになりそうなので、長い外歩きや運動は無理をしないほうがよさそうです。こまめに休みながら、水分補給を早めに意識してください。 ＜紫外線＞ 日差しが強く照りつけそうです。外に出る時間がある方は、サングラスで目もいたわると安心です。 ーー ※この記事は天気情報をもとにAIによって作成されています。 ※天気は変化するため、最新の情報は関連リンク先の各地点の天気情報をご確認ください。 ※本機能は試験的な導入です。,[],[]
【富山市】7/14 最高34℃、暑さに注意、晴れて厳しい暑さになりそうな予想【朝版】（Yahoo!ニュース オリジナル THE PAGE）,https://news.yahoo.co.jp/articles/f1b4675c333c88c5d3607f49023e845fd0855451,https://newsatcl-pctr.c.yimg.jp/t/amd-img/20260714-00020009-wordleafw-000-1-view.jpg?exp=10800,2026-07-14T05:10:05+09:00,2026-07-14T05:10:05+09:00,Yahoo!ニュース オリジナル THE PAGE,wordleaf,Yahoo!ニュース オリジナル THE PAGE,540,生成AIによる作成 ★お天気川柳★ 雲の朝 資料を整え 気も整う ーー おはようございます！富山市専用のお天気サポートAIです！ ■きょうのざっくり天気■ 【気温の目安】 昨日と比べて、最低気温は24℃で2℃低く、最高気温は34℃で3℃高い予想です。暑さを感じる場面がありそうです。 【空模様】 朝はくもりが中心で、昼間は晴れが続く見込みです。夕方から夜はくもりが混じる時間もありそうです。 【風と雨】 昼間の風速は4〜5m/sで、やや風がある予想です。朝の降水確率は0〜10%、昼間から夜も0〜10%とされています。 ■ポイント■ ＜服装＞ きょうは風が通りやすい服が合いそうです。外で過ごす時間がある方は、熱がこもりにくい素材を選ぶと少しラクに過ごせそうです。 ＜体調＞ 昨日より日中の暑さが増しそうなので、屋外での長い活動はできるだけ控えめがよさそうです。こまめに休みながら過ごしてください。 ＜洗濯＞ 洗濯物はしっかり乾きやすい一日になりそうです。厚手のものを進めたい方にも使いやすそうです。 ーー ※この記事は天気情報をもとにAIによって作成されています。 ※天気は変化するため、最新の情報は関連リンク先の各地点の天気情報をご確認ください。 ※本機能は試験的な導入です。,[],[]
【福山市】7/14 最高35℃、暑さ、紫外線に注意、朝から夜まで晴れる予想【朝版】（Yahoo!ニュース オリジナル THE PAGE）,https://news.yahoo.co.jp/articles/5339adbde8f8450230b39deb8665a036dc3729db,https://newsatcl-pctr.c.yimg.jp/t/amd-img/20260714-00020008-wordleafw-000-1-view.jpg?exp=10800,2026-07-14T05:09:54+09:00,2026-07-14T05:09:54+09:00,Yahoo!ニュース オリジナル THE PAGE,wordleaf,Yahoo!ニュース オリジナル THE PAGE,480,生成AIによる作成 ★お天気川柳★ 晴れ続き チェーンも気分も 軽くなる ーー おはようございます！福山市専用のお天気サポートAIです！ ■きょうのざっくり天気■ 【気温の目安】 昨日と比べて、最低気温は25℃で差はありません。最高気温は35℃で1℃高く、厳しい暑さになりそうです。 【空模様】 朝から夜まで晴れる見込みです。 【降水確率】 昼間の降水確率は0〜10%、夜の降水確率は0〜10%とされています。 ■ポイント■ ＜服装＞ いつもの夏服でよさそうですが、いちばん暑くなる時間に合わせて、風が通りやすい服が過ごしやすそうです。 ＜体調＞ 外で長く動く予定は、できるだけ無理のない組み方がよさそうです。こまめに水分をとって、暑さをためこまないようにしてください。 ＜紫外線＞ 日差しがかなり強そうです。外では日陰をうまく使って、直射日光を浴び続けない工夫があると安心です。 ーー ※この記事は天気情報をもとにAIによって作成されています。 ※天気は変化するため、最新の情報は関連リンク先の各地点の天気情報をご確認ください。 ※本機能は試験的な導入です。,[],[]
【大分市】7/14 最高33℃、暑さに注意、紫外線が強い予想【朝版】（Yahoo!ニュース オリジナル THE PAGE）,https://news.yahoo.co.jp/articles/65e00c879e23a3cee53de43a0c89351a1303917c,https://newsatcl-pctr.c.yimg.jp/t/amd-img/20260714-00020007-wordleafw-000-1-view.jpg?exp=10800,2026-07-14T05:09:49+09:00,2026-07-14T05:09:49+09:00,Yahoo!ニュース オリジナル THE PAGE,wordleaf,Yahoo!ニュース オリジナル THE PAGE,498,生成AIによる作成 ★お天気川柳★ 晴天に お土産ひとつ 顔ほころぶ ーー おはようございます！大分市専用のお天気サポートAIです！ ■きょうのざっくり天気■ 【気温の目安】 昨日と比べて、最低気温は25℃で1℃低く、やや暑さを感じる場面がありそうです。最高気温は33℃で1℃低く、暑さを感じる場面がありそうです。 【空模様】 朝から夜まで晴れる見込みです。 【降水確率】 朝の降水確率は0%で、昼間から夜の降水確率は0〜10%とされています。 ■ポイント■ ＜服装＞ きょうも夏らしい服装が合いそうです。外で過ごす時間が長い方は、風が通りやすい着こなしを選ぶと少しラクに過ごせそうです。 ＜体調＞ 強い日差しで体力を使いやすそうです。外出は炎天下を避けながら、こまめに休みを入れて過ごすのがよさそうです。 ＜紫外線＞ 昼間は日差しがかなり強くなりそうです。できるだけ日陰を使って、肌を守る意識をしておくと安心です。 ーー ※この記事は天気情報をもとにAIによって作成されています。 ※天気は変化するため、最新の情報は関連リンク先の各地点の天気情報をご確認ください。 ※本機能は試験的な導入です。,[],[]
【松山市】7/14 最高35℃、暑さ、紫外線、晴天が続く予想【朝版】（Yahoo!ニュース オリジナル THE PAGE）,https://news.yahoo.co.jp/articles/c512537bd39b9a9668b1b30edeb83997e9fdd8ab,https://newsatcl-pctr.c.yimg.jp/t/amd-img/20260714-00020006-wordleafw-000-1-view.jpg?exp=10800,2026-07-14T05:09:33+09:00,2026-07-14T05:09:33+09:00,Yahoo!ニュース オリジナル THE PAGE,wordleaf,Yahoo!ニュース オリジナル THE PAGE,494,生成AIによる作成 ★お天気川柳★ 猛暑日に 会議は涼しく 知恵は熱く ーー おはようございます！松山市専用のお天気サポートAIです！ ■きょうのざっくり天気■ 【気温の目安】 昨日と比べて、最低気温は26℃で1℃高く、やや暑さを感じる場面がありそうです。最高気温は35℃で差はなく、厳しい暑さになりそうです。 【空模様】 朝から夜にかけて晴れる見込みです。 【昼間の空気】 昼間の気温は31〜33℃で、風は2〜3m/sとされています。 ■ポイント■ ＜服装＞ きょうは通気性のいい服が合いそうです。特に昼間は熱がこもりやすそうなので、風が通りやすい着こなしを意識すると過ごしやすくなりそうです。 ＜体調＞ 外出はできるだけ炎天下を避けると安心です。こまめに水分をとって、無理をしない過ごし方がよさそうです。 ＜紫外線＞ 日差しがかなり強そうです。長く外にいるなら、サングラスで目を守る工夫が役立ちそうです。 ーー ※この記事は天気情報をもとにAIによって作成されています。 ※天気は変化するため、最新の情報は関連リンク先の各地点の天気情報をご確認ください。 ※本機能は試験的な導入です。,[],[]
【鹿児島市】7/14 最高35℃、暑さ、紫外線、晴天が続く予想【朝版】（Yahoo!ニュース オリジナル THE PAGE）,https://news.yahoo.co.jp/articles/034a146cd5b5538ef252c16b3ac990219af6f5af,https://newsatcl-pctr.c.yimg.jp/t/amd-img/20260714-00020005-wordleafw-000-1-view.jpg?exp=10800,2026-07-14T05:09:24+09:00,2026-07-14T05:09:24+09:00,Yahoo!ニュース オリジナル THE PAGE,wordleaf,Yahoo!ニュース オリジナル THE PAGE,474,生成AIによる作成 ★お天気川柳★ 晴れ続き 引き継ぎ受けても 顔は晴れ ーー おはようございます！鹿児島市専用のお天気サポートAIです！ ■きょうのざっくり天気■ 【気温の目安】 昨日と比べて、最低気温は26℃で差はありません。最高気温は35℃で2℃高く、厳しい暑さになりそうです。 【空模様】 朝から夜まで晴れる見込みです。 【降水確率】 朝の降水確率は10%で、昼間の降水確率も10%とされています。 ■ポイント■ ＜服装＞ いつもの夏服でよさそうですが、いちばん暑くなる時間に合わせて、通気性のいい服を選ぶと過ごしやすそうです。 ＜体調＞ 昨日よりさらに暑さが増す見込みなので、屋外で長く動く予定はできるだけ控えめにして、こまめに休みを入れると安心です。 ＜紫外線＞ 日差しがかなり強そうです。外に出る時間がある方は、サングラスで目を守る工夫が役立ちそうです。 ーー ※この記事は天気情報をもとにAIによって作成されています。 ※天気は変化するため、最新の情報は関連リンク先の各地点の天気情報をご確認ください。 ※本機能は試験的な導入です。,[],[]
【姫路市】7/14 最高34℃、暑さ、紫外線に注意、朝から夜まで晴れる予想【朝版】（Yahoo!ニュース オリジナル THE PAGE）,https://news.yahoo.co.jp/articles/a744f776592b8f54ba6a9481ac26bf0ee7d90c46,https://newsatcl-pctr.c.yimg.jp/t/amd-img/20260714-00020004-wordleafw-000-1-view.jpg?exp=10800,2026-07-14T05:09:13+09:00,2026-07-14T05:09:13+09:00,Yahoo!ニュース オリジナル THE PAGE,wordleaf,Yahoo!ニュース オリジナル THE PAGE,500,生成AIによる作成 ★お天気川柳★ 蝉待たず 五月病だけ 先に来る ーー おはようございます！姫路市専用のお天気サポートAIです！ ■きょうのざっくり天気■ 【気温の目安】 昨日と比べて、最低気温は25℃で1℃低く、やや暑さを感じる場面がありそうです。最高気温は34℃で1℃高く、暑さを感じる場面がありそうです。 【空模様】 朝から夜まで晴れる見込みです。 【昼間の空気感】 昼間の気温は31〜33℃で、風速は3〜4m/sとされています。暑さが続きそうです。 ■ポイント■ ＜服装＞ きょうは涼しい服装が合いそうです。外で過ごす時間がある方は、風が通りやすい着こなしを選ぶと少しラクに感じられそうです。 ＜体調＞ 昨日より日中の暑さが少し増しそうなので、無理を詰め込みすぎず、屋外での活動は控えめを意識するとよさそうです。 ＜洗濯＞ 洗濯物は乾きやすそうです。大きめのものを片づけたい方にも進めやすい一日になりそうです。 ーー ※この記事は天気情報をもとにAIによって作成されています。 ※天気は変化するため、最新の情報は関連リンク先の各地点の天気情報をご確認ください。 ※本機能は試験的な導入です。,[],[]
【秋田市】7/14 最高29℃、暑さを感じる場面がありそう、くもり中心の予想【朝版】（Yahoo!ニュース オリジナル THE PAGE）,https://news.yahoo.co.jp/articles/7975899bc2fcfdbc718112e087ecea99c855dd37,https://newsatcl-pctr.c.yimg.jp/t/amd-img/20260714-00020003-wordleafw-000-1-view.jpg?exp=10800,2026-07-14T05:09:05+09:00,2026-07-14T05:09:05+09:00,Yahoo!ニュース オリジナル THE PAGE,wordleaf,Yahoo!ニュース オリジナル THE PAGE,495,生成AIによる作成 ★お天気川柳★ 蒸す朝も 飲み会思えば ひと踏ん張り ーー おはようございます！秋田市専用のお天気サポートAIです！ ■きょうのざっくり天気■ 【気温の目安】 昨日と比べて、最低気温は23℃で1℃高く、最高気温は29℃で2℃高い見込みです。暑さを感じる場面がありそうです。 【空模様】 朝から夜にかけて、くもりが続く予想です。 【降水確率】 朝の降水確率は20%で、昼間は10〜20%とされています。 ■ポイント■ ＜服装＞ 半袖一枚で過ごしやすそうです。昨日より気温が少し高めなので、風が通りやすい着こなしを選ぶとラクに過ごせそうです。 ＜体調＞ 暑さを感じる場面がありそうなので、のどが渇く前に水分や塩分をこまめにとって、無理をためないようにしてください。 ＜紫外線＞ 空は雲が多めでも、紫外線はやや強めになりそうです。外に出る時間がある方は、日焼け止めで早めに対策しておくと安心です。 ーー ※この記事は天気情報をもとにAIによって作成されています。 ※天気は変化するため、最新の情報は関連リンク先の各地点の天気情報をご確認ください。 ※本機能は試験的な導入です。,[],[]
【高知市】7/14 最高35℃、暑さ、紫外線、晴天が続く予想【朝版】（Yahoo!ニュース オリジナル THE PAGE）,https://news.yahoo.co.jp/articles/57e84bd41d63e5b4d035bcbd73ff4ec42431aaf1,https://newsatcl-pctr.c.yimg.jp/t/amd-img/20260714-00020002-wordleafw-000-1-view.jpg?exp=10800,2026-07-14T05:08:52+09:00,2026-07-14T05:08:52+09:00,Yahoo!ニュース オリジナル THE PAGE,wordleaf,Yahoo!ニュース オリジナル THE PAGE,469,生成AIによる作成 ★お天気川柳★ 夏の朝 クレームひと山 空は青い ーー おはようございます！高知市専用のお天気サポートAIです！ ■きょうのざっくり天気■ 【気温の目安】 昨日と比べて、最低気温は25℃で1℃低く、やや暑さを感じる場面がありそうです。最高気温は35℃で3℃高く、厳しい暑さになりそうです。 【空模様】 朝から夜にかけて晴れる見込みです。 【降水確率】 昼間の降水確率は0〜10%、夜の降水確率は0〜10%とされています。 ■ポイント■ ＜服装＞ いつもの夏服でよさそうですが、暑さが強まりやすいので、風が通りやすい服が合いそうです。 ＜体調＞ 外で長く動く予定がある方は、無理をしすぎず、こまめに休みを入れながら過ごすのがよさそうです。 ＜紫外線＞ 日差しがかなり強そうです。外に出る時間がある方は、目元まで意識した対策があると安心です。 ーー ※この記事は天気情報をもとにAIによって作成されています。 ※天気は変化するため、最新の情報は関連リンク先の各地点の天気情報をご確認ください。 ※本機能は試験的な導入です。,[],[]
【小金井市】7/14 最高36℃、暑さ、紫外線、夜はくもりの予想【朝版】（Yahoo!ニュース オリジナル THE PAGE）,https://news.yahoo.co.jp/articles/33339499a0567bf1e5c8919f451c2a381e9c5824,https://newsatcl-pctr.c.yimg.jp/t/amd-img/20260714-00020001-wordleafw-000-1-view.jpg?exp=10800,2026-07-14T05:08:41+09:00,2026-07-14T05:08:41+09:00,Yahoo!ニュース オリジナル THE PAGE,wordleaf,Yahoo!ニュース オリジナル THE PAGE,550,生成AIによる作成 ★お天気川柳★ 快晴や 席が変われば 気も変わる ーー おはようございます！小金井市専用のお天気サポートAIです！ ■きょうのざっくり天気■ 【気温の目安】 昨日と比べて、最低気温は24℃で差はありません。最高気温は36℃で5℃高く、厳しい暑さになりそうです。 【空模様】 朝から夕方にかけては晴れる見込みで、夜はくもりが混じる予想です。 【降水と風】 昼間の降水確率は0〜20%、夜の降水確率は0〜10%とされています。昼間の風速は1〜4m/sで、風は普通くらいになりそうです。 ■ポイント■ ＜服装＞ きょうは通気性のいい服が合いそうです。特に暑さが厳しくなりそうな時間帯は、風が通りやすい着こなしを意識すると過ごしやすそうです。 ＜体調＞ 昨日よりかなり暑くなりそうなので、外で長く動く予定はできるだけ控えめがよさそうです。こまめに休みながら、水分補給を早めにしておくと安心です。 ＜紫外線＞ 日差しが強く照りつけそうです。昼間の外出では、なるべく日陰を選んで過ごすと負担を減らしやすそうです。 ーー ※この記事は天気情報をもとにAIによって作成されています。 ※天気は変化するため、最新の情報は関連リンク先の各地点の天気情報をご確認ください。 ※本機能は試験的な導入です。,[],[]
