headline,mainEntityOfPage,image,datePublished,dateModified,author,media_en,media_jp,str_count,body,images,external_links
桐谷美玲（36）、ベッドでの“無防備な姿”に反響「最高です！」（ABEMA TIMES）,https://news.yahoo.co.jp/articles/bf95fac181f0cc5f78f6c47b459ac7f493c60c2d,https://newsatcl-pctr.c.yimg.jp/t/amd-img/20260730-10264004-abemav-000-1-view.jpg?exp=10800,2026-07-30T23:51:15+09:00,2026-07-30T23:51:15+09:00,ABEMA TIMES,abema,ABEMA TIMES,444,桐谷美玲 Instagramより 俳優の桐谷美玲（36）が、ベッドでリラックスする“無防備”な姿を公開し、反響を呼んでいる。 【映像】桐谷美玲のベッドでの“無防備な姿” 2018年に俳優の三浦翔平（38）と結婚し、6歳の男の子を育てている桐谷。Instagramでは、俳優の武井咲と並ぶ雑誌撮影中の様子や、三浦と乾杯する貴重な夫婦ショットなどを公開し、話題になっている。 ベッドでの“無防備な姿”に反響 桐谷美玲 Instagramより 7月27日はファッション誌『VERY』のオフショットを投稿した。「昔からだけど、ちんまりするの、好きだ。夏がさ、あっという間に終わりそうじゃない？夏休み楽しんでる？」とつづり、ベッドの上でリラックスする“無防備”な姿や、黒のワンピース姿でカメラを見つめる写真などを披露した。 この投稿にファンからは「美玲さん、最高です！」「ちんまり美玲さんもだいすきです」などのコメントが寄せられている。（『ABEMA NEWS』より） ABEMA TIMES編集部,[],[]
佐藤栞里「いつもいつも本当にありがとう」36歳の誕生日を迎え笑顔の最新ショット公開「この笑顔が守られますように」などの声（ABEMA TIMES）,https://news.yahoo.co.jp/articles/2b89d747aae9e812cabc7e3ad2adb8155e0279bc,https://newsatcl-pctr.c.yimg.jp/t/amd-img/20260730-10264003-abemav-000-1-view.jpg?exp=10800,2026-07-30T23:24:15+09:00,2026-07-30T23:24:15+09:00,ABEMA TIMES,abema,ABEMA TIMES,748,佐藤栞里 タレントの佐藤栞里（36）の喜びの報告に、芸能界やファンから祝福の声が寄せられている。 【映像】佐藤栞里 笑顔の最新ショットや“激変”した姿 これまでにもInstagramで、ドラマで共演した賀来賢人との2ショットや、プライベートでも仲が良いという上白石萌音とのロケオフショット、バラエティー番組のイベントで披露した激変姿を公開し、話題を呼んでいる佐藤。 36歳の誕生日を迎え笑顔の最新ショット公開 佐藤栞里 Instagramより 7月27日の投稿では「本日、36歳になりました！数字の大きさに少しだけびっくりしましたがもう今は、数字がまあるくてむちむちしていていと愛おしいなあと思えています」 「どうかどうか、恩返しができますようにと今年はより強く願いながら たくさんの準備を進めながら一日一日を過ごしていきたいと思います 最高の笑顔で、お会いできますように いままでも、これからもいつもいつも、本当にありがとう」と、この日に誕生日を迎えたことを報告。36歳の抱負をつづり、横澤夏子らにお祝いしてもらっている様子などを公開した。 また、誕生日の飾りつけについてはハッシュタグで「 ＃毎年感謝感謝のお誕生日デコレーション 」「 ＃可愛い可愛いが詰まりすぎてうっかり涙 」と、感謝を伝えている。 この投稿に、俳優の本田翼、お笑いコンビ「ハリセンボン」の近藤春菜らが「いいね！」で祝福したほか、俳優の松本若菜が「最高HAPPYな一年になりますように」と温かいメッセージを送った。ファンからも「しーちゃんおめでとう！」 「栞里ちゃんの幸せを願っています」「この笑顔が守られますように」など、祝福のコメントが数多く寄せられている。（『ABEMA NEWS』より） ABEMA TIMES編集部,[],[]
長崎県島原半島で震度4 津波の心配なし 午後10時47分ごろ（ABEMA TIMES）,https://news.yahoo.co.jp/articles/324cf4c8b0a1b73636feda4401d26804b32f04a7,https://newsatcl-pctr.c.yimg.jp/t/amd-img/default.jpg?exp=10800,2026-07-30T23:06:16+09:00,2026-07-30T23:06:16+09:00,ABEMA TIMES,abema,ABEMA TIMES,265,午後10時47分頃、九州地方で震度4の地震がありました。この地震による津波の心配はありません。 震源 熊本県熊本地方 深さ 20km M4.8 震度4 雲仙市 震度3 久留米市 八女市 みやま市 島原市 諫早市 南島原市 震度3 熊本中央区 熊本東区 熊本西区 熊本南区 熊本北区 八代市 玉名市 山鹿市 菊池市 宇土市 上天草市 震度3 宇城市 天草市 合志市 熊本美里町 玉東町 和水町 大津町 西原村 南阿蘇村 嘉島町 益城町 甲佐町 震度3 氷川町 芦北町 球磨村 長島町 （ANNニュース） ABEMA TIMES編集部,[],[]
元阪神・赤星憲広（50）、12歳年下タレント妻との間に第1子誕生「赤星さんがパパかぁ」「足の速いお子さんでしょうね！」などの反響（ABEMA TIMES）,https://news.yahoo.co.jp/articles/0038ec93223393f4f8c59ae18b2f1dfeb0aedacb,https://newsatcl-pctr.c.yimg.jp/t/amd-img/20260730-10263624-abemav-000-1-view.jpg?exp=10800,2026-07-30T23:03:15+09:00,2026-07-30T23:03:15+09:00,ABEMA TIMES,abema,ABEMA TIMES,539,赤星憲広 Instagramより プロ野球・阪神タイガースの元選手で、野球解説者やコメンテーターとして活動している赤星憲広（50）が、第1子の誕生を報告した。 【映像】生まれたばかりの子どもの姿や12歳年下タレント妻 2022年4月、ゴルフ番組で共演した12歳年下のタレント・徳原恵梨（38）との結婚を報告していた赤星。 第1子誕生を報告 赤星憲広 Instagramより 2026年7月27日は、Instagramを更新し、「私事ではございますが、このたび、第1子が誕生しました。おかげさまで母子ともに健康で、家族一同、新しい命を迎えられた喜びと幸せを、日々感じております。何より、命がけで新しい命を生み育んでくれた妻に、心から感謝しています。今後も家族で支え合いながら、笑顔の絶えない家庭を築いていければと思っております。引き続き、温かく見守っていただけますと幸いです。」と、第1子の誕生を報告。妻への感謝をつづっている。 この投稿にファンからは、「足の速いお子さんでしょうね！」「赤星ベイビー 誕生、おめでとうございます！！！」「赤星さんがパパかぁ。奥様、本当にお疲れ様でした」などのコメントが寄せられている。（『ABEMA NEWS』より） ABEMA TIMES編集部,[],[]
「俳優だろこれ」背筋力265キロのイケメン力士、場所中に“突如”イメチェン “激変”ぶりが話題 がっつりオールバック姿に「似合ってるね」（ABEMA TIMES）,https://news.yahoo.co.jp/articles/90d9153a6453fbacbf08cfaadfb07d8bc82f6d00,https://newsatcl-pctr.c.yimg.jp/t/amd-img/20260730-10263991-abemav-000-3-view.jpg?exp=10800,2026-07-30T22:51:16+09:00,2026-07-30T23:00:36+09:00,ABEMA TIMES,abema,ABEMA TIMES,697,無造作ヘアで初日から土俵に上がっていたが… ＜大相撲七月場所＞◇愛知・名古屋IGアリーナ 大相撲名古屋場所は関脇・安青錦（安治川）が大関・霧島（音羽山）、関脇・熱海富士（伊勢ヶ濱）との巴戦を制して3場所ぶり自身3度目の幕内最高優勝を遂げて幕を閉じた。場所中はさまざまな熱戦や名場面が繰り広げられたが、十三日目に土俵に登場した背筋力265キロを誇る“イケメン”力士の突如のイメチェン＆激変ぶりにファン騒然となる一幕があった。 【映像】イメチェンで“激変”したイケメン力士（正面アップ） まだ髷も結えず、無造作ヘアで初日から土俵に上がっていたのは幕下二十六枚目・大森（追手風）。同郷の元小結・遠藤である北陣親方にスカウトされ、大学卒業後に角界入りした期待の大型新人だ。身長185センチ、体重120キロの恵まれた体格を誇り、新弟子検査時には背筋力265キロをマークしたことでも話題となった。 今場所五日目までサラサラのナチュラルヘアだった大森だが、七日目には髪を立ち上げるスタイルにイメチェン。そして十二日目にはさらに鬢付け油の量が増え、注目を集めた十三日目には見事なオールバック姿で土俵に登場し「俳優だろこれ」「似合ってるね」などファンを沸かせた。 十三日目の取組では、幕下三十枚目・不動豊（時津風）に押し出されて2敗目（5勝）を喫して今場所を終えた。とはいえ、幕下最下位格付出でデビューした五月場所の6勝1敗に続いて2場所連続の勝ち越しを決めた大森。9月13日（日）より東京・両国国技館にて開催される九月場所でのさらなる飛躍に期待だ。（ABEMA/大相撲チャンネル） ABEMA TIMES編集部,[],[]
熊本出身の陣内貴美子（62）、地元・八代市の地震被害の写真を公開「言葉を失うほどの被害を受けた地元を見るのはつらい」（ABEMA TIMES）,https://news.yahoo.co.jp/articles/35ce3f190041ae47ff834ec18d04f3db8e2789a5,https://newsatcl-pctr.c.yimg.jp/t/amd-img/20260730-10263761-abemav-000-1-view.jpg?exp=10800,2026-07-30T22:30:35+09:00,2026-07-30T22:30:35+09:00,ABEMA TIMES,abema,ABEMA TIMES,724,陣内貴美子 元バドミントン日本代表でタレントの陣内貴美子（62）が、地震の被害を受けた地元の悲惨な状況を明かした。 【映像】地震で物が散乱している様子 熊本県八代市出身の陣内。「くまもと誘友大使」「八代よかとこ大使」を務めており、故郷の魅力を伝える活動を行っている。 陣内貴美子、地震被害の写真を公開 被害状況 2026年7月29日に更新したInstagramで、「地震後すぐに親戚や知人友人と連絡を取ろうとしましたが、なかなか既読にならなかったり、連絡がついてホッとしたのもつかの間…いとこから送られてきた写真や動画には、壁が剥がれ落ち、物が倒れ、皿が割れてぐちゃぐちゃになってしまっている惨状…」とコメント。 さらに、「友人からは、小さい頃からいつも通っていた植柳橋。その橋に並ぶように新しく作られた自転車や歩行者専用道路の一部分が崩れ落ちている写真。中学校時代、ランニングコースだった八代宮の石垣が崩れていたり拝殿が倒壊している写真…。言葉を失うほどの被害を受けた地元を見るのはつらいです」とつづり、2026年7月28日に発生した「令和8年熊本地震」で最大震度6強を観測した地元の状況を公開した。 この投稿に、元バレーボール女子日本代表で夫が八代市出身の大山加奈（42）は「ふたごたちの七五三をした八代宮…胸が痛いです…私にもお手伝いできそうなことがあればぜひお声がけください」と心を痛めている様子を明かしたほか、「被害すごすぎ 驚きました」「連日の地震速報や被害状況に胸が締め付けられる思いです」「陣内さんの想いがとても伝わりました」など、心配や共感のコメントも寄せられている。（『ABEMA NEWS』より） ABEMA TIMES編集部,[],[]
“ベッドで撮影した恋人との姿が話題”木下優樹菜さん（38）、“二日酔いに飲みたい”玉ねぎを丸ごと4つ入れた手料理を公開（ABEMA TIMES）,https://news.yahoo.co.jp/articles/8cbfe677625b07abd3bc85c69785ae0ea91947c7,https://newsatcl-pctr.c.yimg.jp/t/amd-img/20260730-10263759-abemav-000-1-view.jpg?exp=10800,2026-07-30T22:15:33+09:00,2026-07-30T22:15:33+09:00,ABEMA TIMES,abema,ABEMA TIMES,402,木下優樹菜さん 元タレントの木下優樹菜さん（38）が2026年7月29日、Instagramを更新。玉ねぎを4つ使った手料理動画を公開した。 【映像】木下優樹菜さん、恋人とのベッドでの姿 13歳の長女・莉々菜と10歳の次女・茉叶菜を育てている木下。元プロサッカー選手の交際相手・三幸秀稔さん（33）を「ステップファミリー」と紹介しており、SNSでは一緒のベッドで寝ている姿や三幸さんに作ったお弁当などを公開している。 木下優樹菜さん、“二日酔いに飲みたい”手料理を披露 手料理 29日は、「昨夜の夕飯の仕込み。丸ごと玉ねぎコンソメすぅぷ、タコス」と自宅のキッチンで料理中の動画を投稿。 ファンから「想像は二日酔いした時に飲みたい優しい味」というコメントが寄せられると、木下は「その通りすぎて、、きのううちに来ました？笑」とおちゃめに返信した。（『ABEMA NEWS』より） ABEMA TIMES編集部,[],[]
元体操選手の米女子レスラー、日本人レジェンドの大技を軽々と“完コピ”「おぉ、これは…」実況驚き（ABEMA TIMES）,https://news.yahoo.co.jp/articles/e8c1cc8dadf82b6bc647dbc9264cbd041e1beb0b,https://newsatcl-pctr.c.yimg.jp/t/amd-img/20260730-10263962-abemav-000-1-view.jpg?exp=10800,2026-07-30T22:00:37+09:00,2026-07-30T22:00:37+09:00,ABEMA TIMES,abema,ABEMA TIMES,1184,大技を完コピして見せたソル・ルカ 【WWE】RAW（7月27日・日本時間28日/カリフォルニア・イングルウッド） 元体操選手の次世代ハイフライヤー女子レスラーが、日本人レジェンドの大技を軽々と完コピ。試合には敗れたものの圧倒的な運動神経とアイディア溢れる才能に称賛のコメントが相次いだ。 【映像】日本人レジェンドの大技を軽々と“完コピ” 女子インターコンチネンタル（IC）王座戦。王者ソル・ルカにラケル・ロドリゲスが再び挑戦したカードで、ソル・ルカが日本人レジェンドレスラーの得意技をまさかの完コピ。実況陣もそのまま「不知火」「丸藤正道のワザ！」と紹介し、ファンが盛り上がるひと幕があった。 新世代のハイフライヤーことソルと女子きってのパワーを誇るラケルの今月2度目のタイトル戦は序盤からスピードとパワーがぶつかり合う激しい展開となった。 ソルは序盤からスタンディング・ムーンサルト、トップロープからの場外ムーンサルトでは両足で着地し跳ね起きで俊敏性をアピール。一方のラケルは序盤で鼻を強く打ち流血。顔を赤く染めながらも、パワーを活かした攻撃で反撃し、長年戴冠から見放されてきたWWEの女子タイトルへ執念を見せる。 試合中盤ソルの斬新なアイディアから放たれる波状攻撃。足を相手の死角の外から狩り、背中を回転しながら当てて体勢を変えてからの超低空ドロップキック、さらに第3波は日本人にはお馴染みの”あのワザ”だった。 ソルはラケルの首を逆手で捉えたままコーナーに駆け上がり、回転し後頭部から叩きつけるリバースネック・ブリーカーを炸裂。ABEMA解説も思わず「これは不知火ですか」とコメントすると、実況の清野茂樹アナウンサーは「日本的に言うとそうなりますよね」と反応する。 突然飛び出した日本由来の大技にファンからも「不知火やん」「不知火やんけ」や「丸藤正道」の言葉が踊る。清野アナウンサーは「丸藤正道が使っているワザ！」とオリジネーターへのリスペクトを強調していた。 中盤以降、試合はさらに激化。ソルがツーカウントを重ねるが、ラケルのタフネスがそれを阻む。終盤に入るとラケル陣営の”ジャッジメント・デイ”（リヴ・モーガン＆ロクサーヌ・ペレス）が活発な介入を開始。ロクサーヌとリヴがラケルを援護、イヨ・スカイがソルの側に駆けつけ場外乱戦となる。 最終盤ソルがフィニッシャーの”ソル・スナッチャー”を狙う場面もあったが、レフェリーが気を取られている隙にロクサーヌがソルを妨害。ソルはコーナーポストに顔面を打ち付け自爆。このチャンスを逃さずラケルはソルを担ぎ上げ、必殺の”テハナ・ボム”を決めて3カウント。曰く付きではあるが、シングル・タイトル戦10連敗の不名誉な記録を払拭しラケルが女子IC王座の新王者となった。（ABEMA/WWE『RAW』） ABEMA TIMES編集部,[],[]
「なんや今の…」20歳セレッソMFの“妙技”にSNS騒然！「令和のエムボマいたわ」「海外にバレる」ドルトムント翻弄（ABEMA TIMES）,https://news.yahoo.co.jp/articles/0f6e6a61bdc3e540412390d3a0fb99eca3142872,https://newsatcl-pctr.c.yimg.jp/t/amd-img/20260730-10263922-abemav-000-1-view.png?fmt=jpeg&q=85&exp=10800,2026-07-30T22:00:37+09:00,2026-07-30T22:00:37+09:00,ABEMA TIMES,abema,ABEMA TIMES,896,「妙技」を見せる横山夢樹。 【国際親善試合】セレッソ大阪 1－0 ドルトムント（7月29日/YANMAR HANASAKA STADIUM） 【映像】妙技！「回転トラップ」からフィニッシュ（実際の様子） セレッソ大阪のMF横山夢樹が、アクロバティックなプレーを披露。回転しながらボールを収めて強烈なボレーシュートを放つと、会場に集まったサポーターからは大歓声が上がった。 7月29日にセレッソ大阪は『CEREZO OSAKA GLOBAL CHALLENGE 2026』（国際親善試合）で、ドイツから来日中の強豪ドルトムントと対戦。百年構想リーグで4ゴールを記録するなど台頭著しい20歳の横山は左WBで先発し、1点リードで迎えた48分には圧巻の技術で違いを作り出す。 C大阪は相手のロングボールをDF畠中槙之輔が前向きに回収したところからカウンターを発動。右サイドからボールを前進させると、最前線のFW櫻川ソロモンがボックス手前で落とし、MF岡澤昂星が粘り強く横山へと繋いだ。 背番号14はペナルティーエリア内で左足に当てたボールを、回転しながら巧みにコントロール。2タッチ目に右足でボレーシュートを打てる位置へとボールを浮かせると、3タッチ目で強烈な左足フィニッシュを放った。 「レオナルドみたい」の声も 惜しくも相手のブロックに遭ってシュートは枠外に飛んだが、ボールを一度も地面に落とすことなく放った、まるで漫画のようなフィニッシュワークにスタジアムは大歓声に包まれた。 この一部始終はSNSで大きな話題となり、ファンからは「横山夢樹が海外にバレる」「うますぎ」「今の決めてたら即海外だったぞ」「キレキレやん」「エムボマっぽかった横山夢樹」「令和のエムボマいたわ」「なんや今の…」「夢樹がバレてしまう…」「まさに唯一無二のプレーですね」「一瞬の閃きすご」「レオナルドみたい」など称賛の声が寄せられた。 なお、C大阪は8分に櫻川がショートコーナーからの流れで奪った1点を守り切り、ドルトムントから勝利を収めている。 （ABEMA de DAZN/国際親善試合） ABEMA TIMES編集部,[],[]
飯島直子（58）「汚水がポタポタと…」自宅で起きた“面倒な日常”を赤裸々に紹介（ABEMA TIMES）,https://news.yahoo.co.jp/articles/ecac862110af7f88a0f12f8023bae830b46d22c1,https://newsatcl-pctr.c.yimg.jp/t/amd-img/20260730-10263758-abemav-000-1-view.jpg?exp=10800,2026-07-30T22:00:37+09:00,2026-07-30T22:00:37+09:00,ABEMA TIMES,abema,ABEMA TIMES,661,飯島直子 俳優の飯島直子（58）が28日、Instagramを更新。自宅で起きた“面倒な日常”の様子を赤裸々に紹介した。 【映像】豪快な食卓＆“面倒”な日常の様子（複数カット） 飯島はこれまでにも、「朝時間なく、ごはんもテキトーになりフライパンのまま食べる習慣に」「今朝も連日おなじモノ食べ出勤」と、“フライパンから直接”食べた豪快な朝食や、ヘアバンドとパックをつけた自撮りショット、さらに「オシャレ生活は向いてないな」とつづった、投げ捨てられた毛布やアロマが転がる寝室など、飾らない日常の様子をInstagramで紹介してきた。 飯島直子、“面倒”な日常の様子 エアコン 28日の投稿では、「数日前にエアコンから汚水がポタポタと。雑巾なんか置いたりして見ぬフリしてましたが、それも面倒になり、いたし方なくフィルターをそうじ。付けるのも面倒で数日間写真のまま。暑くなると面倒くさがり屋に拍車がかかります」とつづり、フィルターを外したままのエアコンを公開した。 続けて、「昼食も面倒で、パックごはんに即席味噌汁。たすかりますね」と、スーパーのお総菜の肉団子や意を決して作ったという目玉焼きなどが並んだこの日の昼食も披露した。 “面倒くさがり屋”な飯島の何げない日常の様子に、ファンからは「暑いと、いろいろ面倒になりますよね！」「面倒なことでも、やらねばならないことっていっぱいありますよね！」「等身大過ぎる投稿に心がホッとします」など、共感の声が寄せられている。（『ABEMA NEWS』より） ABEMA TIMES編集部,[],[]
我が子にキスする姿が話題 吉田栄作の妻・内山理名、“気分が上がる”手料理を披露（ABEMA TIMES）,https://news.yahoo.co.jp/articles/ac2f4f55ee25d4bd16e44cadc5a467dd965c40b0,https://newsatcl-pctr.c.yimg.jp/t/amd-img/20260730-10263756-abemav-000-1-view.jpg?exp=10800,2026-07-30T21:45:31+09:00,2026-07-30T21:45:31+09:00,ABEMA TIMES,abema,ABEMA TIMES,475,内山理名 俳優の内山理名（44）が2026年7月28日、Instagramのストーリーズを更新。“気分が上がる”手料理を披露した。 【映像】我が子にキスする姿＆愛妻料理や手料理（複数カット） 2021年11月に俳優の吉田栄作（57）と結婚し、2025年9月10日に第1子出産を報告した内山。Instagramでは、さまざまなバリエーションの愛妻弁当や2人分の料理が並ぶ食卓。さらに我が子を抱っこしキスをしている写真や砂浜に映る家族の影の写真など、日常の様子を発信している。 圧力鍋で作った無水スパイスカレーを披露 無水スパイスカレー 2026年7月28日に投稿したストーリーズでは、「圧力鍋で無水スパイスカレー作ってみたら、めちゃくちゃ美味しかった。にんにく・しょうが・スパイス・玉ねぎを炒めてから（ここは少し時間かかる）、あとは圧力鍋にお任せ。ココナツチリソースも添えて。暑いとスパイスやハーブが気分あげてくれますね」とつづり、香り豊かなスパイスを効かせた手作りの無水カレーを披露した。（『ABEMA NEWS』より） ABEMA TIMES編集部,[],[]
「可愛すぎて言葉がない」“蝶々になる想像シーン”にファン悶絶！ グッズ化を望む声も「ちいかわ」172話（ABEMA TIMES）,https://news.yahoo.co.jp/articles/0e0ff70865c6fa61a2db4d6088e99f4e73f7f9af,https://newsatcl-pctr.c.yimg.jp/t/amd-img/20260730-10262183-abemad-000-1-view.jpg?exp=10800,2026-07-30T21:45:31+09:00,2026-07-30T21:45:31+09:00,ABEMA TIMES,abema,ABEMA TIMES,913,アニメ「ちいかわ」 アニメ『ちいかわ』第172話の後半パートでは、うさぎ（CV：小澤亜李）が買ってきた木彫りの人形によって、ちいかわ（CV：青木遥）とハチワレ（CV：田中誠人）、そしてうさぎ自身までもが洗脳されてしまう衝撃のシーンが描かれ、大きな話題を呼んでいる。 【映像】蝶々になる想像をするちいかわ（50秒ごろ〜） うさぎがちいかわたちに見せたのは、リサイクルショップで手に入れたという謎の木彫り人形。かつて、うさぎがリサイクルショップで買ってきた「杖」で酷い目に遭ったトラウマがあるちいかわは警戒するものの、今回はハチワレが「平気そうな気がする」と判断し、ちいかわへ木彫りを手渡してしまう。 ところが直後、木彫りの人形から謎の管が伸び、3人の頭に一斉に吸い付いた。そのまま意識を失い、倒れ込んでしまう3人――。あまりにも不穏で急転直下な展開に、画面の前には緊張と衝撃が走った。 この恐ろしいラストに対し、視聴者からは「全然平気じゃないじゃん！」「何が起きたの！？」「うさぎがリサイクルショップで見つけてくるものはろくなものがない！」といった、驚きと戦慄の声が相次いでいる。 「ちいかわ」は、2020年よりイラストレーターのナガノ氏がX（旧Twitter）に投稿している人気漫画 。『日本キャラクター大賞2022』を受賞し、さらに『日本キャラクター大賞2024』『日本キャラクター大賞2025』で二年連続グランプリを獲得した 。ちいさくてかわいいキャラクターたちと、シビアな世界観のギャップが大人から子供まで幅広い人気を博し、フォロワーは現在までで488万人を突破している 。 アニメ「ちいかわ」はフジテレビ系列「めざましテレビ」内にて毎週火・木の7時36分ごろから放送中 。また、7月24日から公開中の「ちいかわ」初の劇場版となる『映画ちいかわ 人魚の島のひみつ』は、公開から3日間で興行収入22.4億円、観客動員数150万人を突破した。 第172話「ちいかわの夢1」 【あらすじ】 草むしり検定の勉強をしていたちいかわ。ふと空を見上げると黄色い蝶々が舞っていて… （C）ナガノ / ちいかわ製作委員会 アニメフリークス,[],[]
大地真央（70）「まるで夢の世界」豪華サプライズパーティーでの夫婦ショット公開「すべてがステキで幸せを感じます」などの反響（ABEMA TIMES）,https://news.yahoo.co.jp/articles/bc8902a3d5443d241e58d6381b05e0036e6b5be1,https://newsatcl-pctr.c.yimg.jp/t/amd-img/20260730-10263754-abemav-000-1-view.jpg?exp=10800,2026-07-30T21:30:34+09:00,2026-07-30T21:30:34+09:00,ABEMA TIMES,abema,ABEMA TIMES,544,大地真央 俳優の大地真央（70）の喜びの報告に、芸能界やファンから祝福が寄せられている。 【映像】豪華なサプライズパーティーの様子＆夫婦ショット 2007年にインテリアデザイナーの森田恭通さん（58）と結婚した大地。Instagramでは、広々とした自宅のキッチンでたこ焼きパーティーを楽しむ様子や、クルージングデートを満喫する姿など、仲むつまじい夫婦の日常を公開している。 古希を夫がサプライズでお祝い 大地真央／森田恭通さん 2026年7月29日の投稿では、「今月25日は、19回目の結婚記念日でした。お店に入ると…紫色のお花が、壁と床一面に映し出され、まるで夢の世界。2人でお食事だとばかり思っていたら、カーテンの奥にお友達が勢ぞろい。なんと言うことでしょう、私の古希のお祝いを夫が計画してくれていたのです」と夫のサプライズに驚いたことをつづり、華やかなパーティーの様子を披露した。 この投稿に俳優の観月ありさ（49）や松本まりか（41）が「いいね！」を付けて祝福したほか、ファンからも「おめでとうございます。すべてがステキで幸せを感じます」「真央さんお幸せですね。ステキなご夫婦」など、多くのコメントが寄せられている。（『ABEMA NEWS』より） ABEMA TIMES編集部,[],[]
“ぎぼむす”綾瀬はるかの娘役を演じた横溝菜帆（18）、 大人っぽさ際立つ姿に反響「メイクで雰囲気が随分と変わりますね」「宝塚に入れそう」（ABEMA TIMES）,https://news.yahoo.co.jp/articles/048721449728e90b30f4a5020c3df03d506e1199,https://newsatcl-pctr.c.yimg.jp/t/amd-img/20260730-10263744-abemav-000-2-view.jpg?exp=10800,2026-07-30T21:15:32+09:00,2026-07-30T21:18:16+09:00,ABEMA TIMES,abema,ABEMA TIMES,577,横溝菜帆 3歳から子役として活動してきた横溝菜帆（18）の大人な魅力あふれる最新ショットに反響が寄せられている。 【映像】元子役・横溝菜帆の大人の雰囲気際立つ姿（複数カット） 2018年放送のTBS系ドラマ『義母と娘のブルース』で、綾瀬はるか（41）の娘役を演じ話題になった横溝。NHKの朝ドラ『スカーレット』では大島優子（37）演じる主人公の幼なじみの幼少期を、日本テレビ系ドラマ『君と世界が終わる日に』では竹内涼真（33）と共演するなど、人気子役として活躍してきた。 お気に入りのメイクを紹介しているInstagramの投稿には、「一瞬誰？と思った」「大人っぽすぎてオススメに違う人が流れてきたのかと思った」などのコメントが寄せられ、大人びた姿が話題になっていた。 大人の雰囲気際立つフラダンスの衣装ショットを披露 横溝菜帆 2026年7月28日は、「Hula。心を一つにして踊る喜びを感じられる。そしてなにより、優しさにあふれたすてきな出会いをたくさんくれる場所です。ずっと続けていきたい」と、フラダンスの衣装を着た大人の雰囲気際立つ最新ショットを披露した。 この投稿には、「メイクで雰囲気が随分と変わりますね。美しいです」「大人っぽい！宝塚に入れそう」などのコメントが寄せられている。（『ABEMA NEWS』より） ABEMA TIMES編集部,[],[]
『コタローは1人暮らし』訳アリ5歳児を演じた“子役界の新星”川原瑛都（12）、最新ショットに「大人っぽくなりましたね」などの反響（ABEMA TIMES）,https://news.yahoo.co.jp/articles/c2b01c6e3f907f37eb48c482e69238f1c782f8e1,https://newsatcl-pctr.c.yimg.jp/t/amd-img/20260730-10263750-abemav-000-1-view.jpg?exp=10800,2026-07-30T21:15:32+09:00,2026-07-30T21:15:32+09:00,ABEMA TIMES,abema,ABEMA TIMES,558,川原瑛都 子役から活動している俳優・川原瑛都（12）の最新ショットを母親がInstagramで公開し、反響が寄せられている。 【映像】川原瑛都の最新ショット＆渡辺直美との2ショット 幼少期からNHK Eテレ『にほんごであそぼ』に出演し注目された川原。2021年にテレビ朝日系で放送されたドラマ『コタローは1人暮らし』ではSUPER EIGHT・横山裕の隣に引っ越してくる訳アリの5歳児を演じ、子役界の新星とうたわれた。母親が更新しているInstagramでは、洗濯洗剤「アリエール」のCMで子ども研究員として出演した際の写真や、ディズニー＆ピクサー映画『星つなぎのエリオ』で共に日本版声優を担当した渡辺直美（38）との2ショットなどを披露してきた。 映画『トイ・ストーリー5』鑑賞後の最新ショットを公開 川原瑛都 2026年7月28日は、「映画『トイ・ストーリー5』見てきました。すてきなストーリー、そして個性豊かなキャラクターたちの登場、思わず笑ってしまうシーンもたくさんあったりで。心に残る作品です」と、グッズを持ち笑顔で写る川原の最新ショットを公開した。 この投稿に、「お顔が〜大人になってる」「大人っぽくなりましたね！」などの声が寄せられている。（『ABEMA NEWS』より） ABEMA TIMES編集部,[],[]
今年もこの時期がやってきたか…『葬送のフリーレン』ヒンメルの名古屋市長＆『鬼滅の刃』鬼舞辻無惨の愛知県知事のコスプレに大反響（ABEMA TIMES）,https://news.yahoo.co.jp/articles/0ba0a0d1bc48d67c308016993cfd17ece7b9cb2e,https://newsatcl-pctr.c.yimg.jp/t/amd-img/20260730-10263858-abemad-000-1-view.jpg?exp=10800,2026-07-30T21:06:15+09:00,2026-07-30T21:06:15+09:00,ABEMA TIMES,abema,ABEMA TIMES,1122,『葬送のフリーレン』 世界コスプレサミット公式がXを更新し、『葬送のフリーレン』のヒンメルに扮した広沢一郎名古屋市長と、『鬼滅の刃』の鬼舞辻無惨に扮した大村秀章愛知県知事のコスプレ写真を公開した。毎年恒例となっている行政トップによる本気のコスプレ披露に対し、SNS上ではクオリティの高さや季節の訪れを感じる声が相次ぎ、大きな盛り上がりを見せている。 【画像】ヒンメルと無惨様に扮した市長と知事のコスプレ姿 世界コスプレサミットは、世界中のコスプレイヤーが名古屋に集結する世界最大級のコスプレイベント。今年は7月31日から8月2日の3日間の開催となる。2003年にスタートして以来、国内外から多くのファンが訪れ、街全体を巻き込んだパフォーマンスやパレードが行われている。イベントの開催に合わせて行われる知事や市長によるオープニングや表敬訪問でのコスプレは、毎回大きな注目を集める名物企画となっている。 公開された画像では、広沢市長が『葬送のフリーレン』に登場する勇者ヒンメルの衣装と青い髪を身にまとい、大村知事は『鬼滅の刃』に登場する宿敵・鬼舞辻無惨のスーツ姿と帽子を完璧に着こなしている。作中の雰囲気をリアルに再現した二人の姿は非常に存在感があり、見る者に強烈なインパクトを与える一枚となっている。 この投稿に対し、SNS上では「市長のコスプレ似合いすぎる」「毎年、完成度高い市長のコスプレは凄い」「大村知事の無惨様おもしろすぎて涙出た」といった絶賛のほかに、「今年もこの時期がやってきたか…」「この画像を見ると、夏が来たなぁと思う」と夏の風物詩として楽しんでいるコメントが相次いだ。 『葬送のフリーレン』は、魔王を倒した勇者一行のその後を描く後日譚ファンタジーである。千年以上生きるエルフの魔法使いフリーレンが、かつての仲間であるヒンメルの死をきっかけに「人を知るため」の旅に出る姿を追う。独特の時間の流れや、新たな仲間たちとの旅の中で出会う人々との人間模様が丁寧に描写され、多くの読者や視聴者の支持を集めている。 『鬼滅の刃』は、吾峠呼世晴氏による同名漫画を原作とした大ヒットアニメ作品。大正時代の日本を舞台に、家族を鬼に殺された少年・炭治郎が、鬼となってしまった妹・竈門禰豆子を人間に戻すため「鬼殺隊」へと入隊し、仲間たちと共に過酷な戦いに身を投じていく姿を描く。魅力的なキャラクターたちと手に汗握るバトル描写、そして人間と鬼が織りなす切ないドラマが幅広い世代から支持され、社会現象を巻き起こした。 ※鬼舞辻の「辻」は、正式にはしんにょうの点が1つの字 （C）山田鐘人・アベツカサ/小学館/「葬送のフリーレン」製作委員会 アニメフリークス,[],[]
「さすが世界のシンジ」37歳の香川真司、古巣ドルトムントを翻弄！圧巻ヒールパスに「絶妙」「やっぱ上手いねー」（ABEMA TIMES）,https://news.yahoo.co.jp/articles/7572efbae888139edcd5fe951c105f6ddc5e1c8a,https://newsatcl-pctr.c.yimg.jp/t/amd-img/20260730-10263890-abemav-000-1-view.png?fmt=jpeg&q=85&exp=10800,2026-07-30T21:00:37+09:00,2026-07-30T21:00:37+09:00,ABEMA TIMES,abema,ABEMA TIMES,790,古巣相手に躍動した香川真司。 【国際親善試合】セレッソ大阪 1－0 ドルトムント（7月29日/YANMAR HANASAKA STADIUM） 【映像】香川真司の「圧巻ヒールパス」（実際の様子） セレッソ大阪のMF香川真司が、古巣ドルトムントを相手に圧巻のテクニックを披露。ファンからも興奮の声が相次いだ。 7月29日にセレッソ大阪は、『CEREZO OSAKA GLOBAL CHALLENGE 2026』でドイツから来日中のドルトムントと対戦。右シャドーで先発した37歳の香川は、古巣相手に好守備からチャンスを演出した。 1－0で迎えた19分、敵陣高い位置で香川はドルトムントGKアレクサンダー・マイヤーがDFルカ・レッジャーニへ送ったパスを狙い、スライディングでインターセプトに成功する。 ボールを奪った時点で体勢を崩していたこともあり、すぐに相手の寄せを受ける形となったが、それでも背番号8は、DF中村拓海のオーバーラップに合わせてヒールパスを選択。卓越したアイデアでチャンスを演出した。 「前目の真司くんいいねー楽しい」 中村はMFジャスティン・レルマの好守備に阻まれ、シュートまで持ち込むことはできなかった。それでも、古巣を相手に香川らしいトリッキーなプレーで観客を沸かせた。 この場面はSNSでも話題となり、ファンからは「香川選手はやっぱり上手いねー」「香川がうますぎる」「香川が目立つ」「いやあ絶妙、うまいな」「さすが世界のシンジカガワ」「真司くんうま！」「前目の真司くんいいねー楽しい」といった声が寄せられ、かつてドルトムントでエース級の活躍を見せたテクニシャンを称賛していた。 なお、C大阪は8分にFW櫻川ソロモンがショートコーナーから決めた1点を守り切り、ドルトムントを下している。 （ABEMA de DAZN/国際親善試合） ABEMA TIMES編集部,[],[]
元ジャンポケ斉藤慎二被告の妻・瀬戸サオリ、家族に作ったお昼ごはんを公開（ABEMA TIMES）,https://news.yahoo.co.jp/articles/0108e888658db777a83a9f02df1135bceecf6030,https://newsatcl-pctr.c.yimg.jp/t/amd-img/20260730-10263746-abemav-000-1-view.jpg?exp=10800,2026-07-30T21:00:37+09:00,2026-07-30T21:00:37+09:00,ABEMA TIMES,abema,ABEMA TIMES,424,瀬戸サオリ お笑いグループ「ジャングルポケット」の元メンバー・斉藤慎二被告（43）の妻でタレントの瀬戸サオリ（38）が2026年7月29日、Instagramのストーリーズを更新。家族に作った手料理を公開した。 【映像】「びっくりするくらい可愛い」と話題の斉藤被告の息子 瀬戸は2017年12月に斉藤被告との結婚を報告し、2019年11月に第1子となる男の子を出産。Instagramで斉藤被告と長男の2ショットを公開した際には、「パパに似てますね」「びっくりするくらい可愛い」など、多くの反響が寄せられた。その後も顔出し動画など長男の様子を紹介し、たびたび話題になっている。 家族に作った手料理を公開 丼 29日に更新したストーリーズでは、「Our lunch」と男の子と女性、そしてキスマークの絵文字を添えて、肉やナス、玉ねぎを炒め卵黄をトッピングしたボリューム満点の丼を公開した。（『ABEMA NEWS』より） ABEMA TIMES編集部,[],[]
「顔良すぎだろ許せんなぁ」『僕のヒーローアカデミア』人気投票TOP10の“十傑”ビジュアル公開に反応続々（ABEMA TIMES）,https://news.yahoo.co.jp/articles/4bafd042b83671461f38808a130446889335219e,https://newsatcl-pctr.c.yimg.jp/t/amd-img/20260730-10263595-abemad-000-1-view.jpg?exp=10800,2026-07-30T20:51:15+09:00,2026-07-30T20:51:15+09:00,ABEMA TIMES,abema,ABEMA TIMES,979,『僕のヒーローアカデミア』 『僕のヒーローアカデミア』アニメ公式Xより、原作で開催された全世界人気投票「WORLD BEST HERO」でTOP10入りしたキャラクターを原作著者の堀越耕平氏が描き下ろしたイラストをベースにした、アニメの最新ビジュアルが公開され話題となっている。 【画像】壮観！ヒロアカ人気キャラの“十傑”集合絵 「新“十傑”ビジュアルが来た!!」と題して公開された本ビジュアルに関連し、8月28日より「アニメ『僕のヒーローアカデミア』10周年記念SHOP〜十傑集結〜 presented by TOHO animation」の開催が決定。この描き下ろしビジュアルを使用した新商品が発売されるほか、これまでにリリースされた“十傑”シリーズのビジュアルを使用した新商品も後日発表予定とされている。 公開された画像には、10周年を記念するロゴとともに、ファンタジー風の衣装（“十傑”）を身に纏った緑谷出久（CV：山下大輝）、爆豪勝己（CV：岡本信彦）、轟焦凍（CV：梶裕貴）、相澤消太（CV：諏訪部順一）、切島鋭児郎（CV：増田俊樹）、ホークス（CV：中村悠一）、ベストジーニスト（CV：緑川光）、物間寧人（CV：天崎滉平）、死柄木弔（CV：内山昂輝）、エンデヴァー（CV：稲田徹）の10名が描かれている。中央で王冠を戴く爆豪や、剣を手にする緑谷、青いマントを羽織る轟をはじめ、武器や装飾を身につけたキャラクターたちが集結する迫力ある構成となっている。 アニメ『僕のヒーローアカデミア』は、堀越氏による同名の大人気漫画を原作としたアニメ作品だ。超常能力「個性」を持つ人間が当たり前となった世界を舞台に、主人公の緑谷出久が最高のヒーローを目指して成長していく物語を描く。コミックスのシリーズ世界累計発行部数は1億部を突破しており、TVアニメシリーズや劇場版など多岐にわたる展開で世界中のファンを魅了し続けている。 今回の投稿に対して、ファンからは「えむりむりイケメンほんとにやめてねぇ」「終わったぁ〜顔良すぎだろ許せんなぁ」「このままフィギュア化しよう」「凄い！十傑だ！！！これは絶対みんな行くよね」といった声が寄せられている。 ※天崎滉平の「崎」は正式にはたつさきの字 （C） 堀越耕平/集英社・僕のヒーローアカデミア製作委員会 アニメフリークス,[],[]
“夫婦ショットが話題” 神田うの（51）、家族で父の81歳の誕生日をお祝い「色々と心配かけてきたからな…」（ABEMA TIMES）,https://news.yahoo.co.jp/articles/5c476e752ce7ca1685b88a3762949245663ac293,https://newsatcl-pctr.c.yimg.jp/t/amd-img/20260730-10255636-abemav-000-1-view.jpg?exp=10800,2026-07-30T20:45:31+09:00,2026-07-30T20:45:31+09:00,ABEMA TIMES,abema,ABEMA TIMES,520,神田うの タレントの神田うの（51）が、家族で父の誕生日を祝う様子を公開した。 【映像】神田うの、顔出しした夫との密着夫婦ショット 2007年10月、不動産・レジャー・アミューズメント事業を展開する企業の代表取締役社長・西村拓郎さんと結婚した神田。2011年10月には、第1子となる長女が誕生していた。 Instagramではこれまで、ヘリコプターの前で笑顔を見せる夫との密着ショットや、クリスマスから年末年始にかけて家族でハワイを訪れた際の様子などを公開。 父の誕生日を祝う家族ショット公開 家族ショット 2026年7月28日の更新では、神田の父の誕生日を家族で祝った様子を投稿している。 「7月は父のお誕生日。家族で集まって81回目の誕生日お祝いをしました。これから私達家族にまだまだ幸福がやってくるし、グランパにはまだまだまだまだ元気でいて頂きたいです。そして今でも親として色々なサポートをしてくれる父に、感謝しています。私は、今後父に心配かけず、安心してもらえるよう生きて行く事が、1番の親孝行なんだと、そう思っています（色々と心配かけてきたからな…）頑張らないとー」 （『ABEMA NEWS』より） ABEMA TIMES編集部,[],[]
「まさかの学パロ」予想外のテイストにSNS盛り上がる、アニメ『攻殻機動隊 THE GHOST IN THE SHELL』第4話エンドカード公開（ABEMA TIMES）,https://news.yahoo.co.jp/articles/207a40a6926c9fca95ec0fe005242db75da63497,https://newsatcl-pctr.c.yimg.jp/t/amd-img/20260730-10263712-abemad-000-1-view.png?fmt=jpeg&q=85&exp=10800,2026-07-30T20:42:16+09:00,2026-07-30T20:42:16+09:00,ABEMA TIMES,abema,ABEMA TIMES,1332,『 攻殻機動隊 THE GHOST IN THE SHELL』 TVアニメ『攻殻機動隊 THE GHOST IN THE SHELL』より、第4話「ROBOT RONDO」のキャスト情報およびキャストコメント、エンドカードが公開され、SNSでは「まさかの学園パロ」など注目を集めている。 【画像】『攻殻機動隊』第4話のキャラビジュアルほか（全5枚） 本作は、1989年に士郎正宗氏が「ヤングマガジン増刊 海賊版」にて原作コミックを発表して以来、メディアミックス展開されてきた「攻殻機動隊」シリーズの最新作である。サイエンスSARUがアニメーション制作を手がけ、全身義体のサイボーグ・草薙素子率いる“攻殻機動隊”が電脳犯罪に立ち向かう姿を描く。現在はカンテレ・フジテレビ系全国ネット毎週火曜よる11:00〜“火アニバル!!”枠にて放送中であり、Prime Videoほか各配信サービスにて順次配信されている。 7月28日（火）より放送・配信が開始された第4話「ROBOT RONDO」では、殿田大佐役に緒方賢一、阪華精機社長役に江原正士が出演した。西尾鉄也氏のイラストによるエンドカードも解禁されている。 この発表に対し、SNS上では「まさかの学パロ（笑）。『私立・攻殻学園』ですね」「少佐の目とバトーの口が西尾鉄也みをスゲー感じるってばよ」「昭和の高校舞台にした学園ものこんな感じよね」など、エンドカードの予想外のテイストに驚きと喜びのコメントが多数寄せられ、盛り上がりを見せている。 各キャストからのコメント全文 【緒方賢一コメント】 大変な作品に参加しちゃったなあというのが正直な感想です。近未来の創造的社会のドラマでは有りますが、難解な作品で、何回読んでも難解で困りました。殿田大佐は、戦時中は調査部の切れ者だったようですが、位が上がって大佐となってからは、怠惰な日常を送り、肉体はコレステロールだらけの肉体になり、メイドロボにまで嫌われる様になっている。好きなゴルフのあと、油汗をかいてトムリアンデに拭いてくれるように命令するが、嫌がられ、何故かメイドは死んでしまう。ロボットにまで嫌われる人間にはなりたく有りませんね。視聴者の皆様には作品は難解ですが存分に楽しんで頂きたいと思います。 【江原正士コメント】 是ぞ正しく現代！？これから人類が向かおうとする世界観を背景とした攻殻機動隊は、時代の先を走っていたんですね！そんな先鋭的な作品に声を掛けて頂いてシンプルに嬉しかったです。役どころは阪華精機社長！たぶん相当な裏のある悪い奴だろうなぁっと台本を読む前から想像していましたが、さて台本がきてリハーサルビデオをみて、？？？えぇっー？？箱しか見えない？ 役が凝縮されてるとはいえ、箱は箱！何とシュールな、カフカの如き曖昧さの中で、この箱をどう演じればいいのか、とにかく存在感を明確にしようと、現場で七転八倒、格闘の末の”箱の私”は？果たして攻殻機動隊に一矢を報いることが出来たのか否や、乞うご期待ください！ （C）2026 Shirow Masamune/KODANSHA/THE GHOST IN THE SHELL COMMITTEE アニメフリークス,[],[]
「一生に一度の体験」の声も！『ガチアクタ』グラフィティデザイナーのライブドローイング＆ファンミーティング動画が公開（ABEMA TIMES）,https://news.yahoo.co.jp/articles/17c62d64284dc540580e2fef0b582dbc8026b78c,https://newsatcl-pctr.c.yimg.jp/t/amd-img/20260730-10263847-abemad-000-1-view.jpg?exp=10800,2026-07-30T20:27:15+09:00,2026-07-30T20:27:15+09:00,ABEMA TIMES,abema,ABEMA TIMES,1021,アニメ『ガチアクタ』 Kodansha Mangaの公式Xにて、『ガチアクタ』のグラフィティデザインを担当する晏童秀吉氏のドキュメンタリー風動画が公開され、ファンの間で大きな話題を呼んでいる。 【映像】晏童氏の熱いライブドローイング 公開された投稿文では、アメリカ・ロサンゼルスでのポップアップイベント「Kodansha House LA」から同・サンディエゴで開催されたポップカルチャーのイベント「COMIC-CON 2026」に至るまで、『ガチアクタ』のグラフィティデザイナーである晏童氏との素晴らしい道のりであったことや、コンベンションセンターで同氏に会いに来たすべてのファンへの感謝を伝えるメッセージが綴られている。 投稿に添付された動画は、グラフィティデザイナーの晏童氏が「COMIC-CON 2026」のイベント会場でライブドローイングやファンミーティングを行っている様子を収めた映像となっている。前半では、あらかじめ黒いマーカーで同作の主人公・ルドが描かれている白い壁面に、さらにマーカーを使い、ダイナミックなグラフィティアートを描き上げていく制作風景が映し出されている。周囲には「NO PARKING」などの標識も設置され、ストリート感のある空間が演出されている。後半では多くのファンがブースに集まり、晏童氏がポスターなどにサインを行ったり、共に記念撮影を行ったりする交流の様子が確認できる。 『ガチアクタ』は、裏那圭氏が『週刊少年マガジン』で連載中のバトルアクション作品だ。犯罪者の子孫たちが暮らすスラム街で育った孤児の少年ルドが、身に覚えのない罪を着せられ「奈落」へと落とされた後、掃除屋のエンジンらと出会い、世界を変えるために過酷な戦いに身を投じていく姿を描いている。同作のグラフィティデザインを晏童氏が手掛けており、ストリート要素の強い独特の世界観が多くの読者を魅了している。 映像内のファンへのインタビューには「一生に一度の体験」といった喜びの声が収録されており、会場の熱気がうかがえる。また、この投稿に対して、実際にブースを訪れたとみられるファンから「Was here and met Hideyoshi-san!」といった歓喜のコメントが寄せられているほか、「是非日本でもよろしくお願いいたします」といった熱量の高い反応も見受けられる。 （C）裏那圭・晏童秀吉・講談社/「ガチアクタ」製作委員会 アニメフリークス,[],[]
脳梗塞と小脳出血で倒れ2022年にコンサート活動を引退 加山雄三（89）、妻と写る最新ショットに反響（ABEMA TIMES）,https://news.yahoo.co.jp/articles/a6d50039c6cdb87bb1d68fdeb7e771d0f0f20ad8,https://newsatcl-pctr.c.yimg.jp/t/amd-img/20260730-10263745-abemav-000-1-view.jpg?exp=10800,2026-07-30T20:15:32+09:00,2026-07-30T20:15:32+09:00,ABEMA TIMES,abema,ABEMA TIMES,677,加山雄三 映画『若大将シリーズ』や楽曲『君といつまでも』などで知られる歌手で俳優の加山雄三（89）の最新ショットに、反響が寄せられている。 【映像】加山雄三の近影 1970年に元俳優の松本めぐみさんと結婚し、4人の子どもに恵まれた加山。2019年に軽度の脳梗塞を患い、2020年には小脳出血で倒れ救急搬送された。リハビリのため活動を休止し、当時は平衡感覚を失い歩けず、言語障害で話すこともできなかったという。 その後、2022年をもってコンサート活動を引退。次男で俳優の加山徹（50）が、この年の12月31日に更新したInstagramで、「本当にお疲れ様でした」と親子ショットを公開すると、「息子さんもお父様、そっくりですね！」「若大将。いつ見ても格好良い」「最後だと思うと寂しさもあり涙が出ました。長い間、本当にお疲れさまでした」などのコメントが寄せられていた。 妻・めぐみさんらとの最新ショットを公開 加山雄三の夫婦ショット 2026年7月29日は、世界中でお店を展開する有名シェフ・松久信幸さん（77）のInstagramに登場。松久さんは「私はいつも加山さんからたくさんのエネルギーをもらっています」と英語でつづり、「若大将ファミリー」とハッシュタグをつけて加山と妻・めぐみさんらの最新ショットを公開した。 この投稿に、「お元気な姿を投稿ありがとうございます」「松本めぐみさまもお変わりないですね！お二人ともお若い」「皆さん、いいお顔されてますね」など、多くの反響が寄せられている。（『ABEMA NEWS』より） ABEMA TIMES編集部,[],[]
「あら、セクシーじゃん」涼しげなノースリーブでダブルピース！歌手・亜咲花と競走馬の再会ショットが話題（ABEMA TIMES）,https://news.yahoo.co.jp/articles/9a2dea4f7d086d2c05b8126883ffd80d917d1b47,https://newsatcl-pctr.c.yimg.jp/t/amd-img/20260730-10263808-abemad-000-1-view.jpg?exp=10800,2026-07-30T20:12:15+09:00,2026-07-30T20:12:15+09:00,ABEMA TIMES,abema,ABEMA TIMES,476,亜咲花アーティスト写真 アニソン歌手の亜咲花が、自身のXにてメッセージと共にパドックでの写真を公開し、話題になっている。この日、亜咲花は「川崎競馬公式LIVE」配信への出演で現地を訪れていた。 【画像】亜咲花のノースリーブワンピ姿 亜咲花は「こんにちは〜！川崎競馬場にいます！ 暑いのでノースリーブワンピにしました 昔馬券でお世話になった マルゼンスキーツーに会えました 今日も馬券の応援お願いいたします！」と投稿した。 投稿された写真では、グレーのチェック柄のノースリーブワンピース姿の亜咲花が、カメラに向かってダブルピースのポーズをとっている様子が収められている。背景には、ゼッケン番号「2」をつけた競走馬のマルゼンスキーツーが引かれている姿が確認できる。なお、マルゼンスキーツーは同日の第6レースに出走し、2着という結果を残している。 この投稿に対し、ファンからは「ノースリーブ!!!! 感謝!!!!!! 我歓喜!!!!」「あら、セクシーじゃん！」「露出度高くて、鼻血でちゃう」「おぉ…神よぉ〜感謝」などの反応が寄せられている。 アニメフリークス,[],[]
高市総理、令和9年4月からの食料品の消費税2年間1％を正式表明 「財源」「2年後の対応」「給付の課題」など説明（ABEMA TIMES）,https://news.yahoo.co.jp/articles/15cd8574674b3335bc556ac3a0b4bf11d5293c6e,https://newsatcl-pctr.c.yimg.jp/t/amd-img/20260730-10263863-abemav-000-1-view.jpg?exp=10800,2026-07-30T20:06:17+09:00,2026-07-30T20:06:17+09:00,ABEMA TIMES,abema,ABEMA TIMES,1595,高市総理 30日、高市総理は記者会見を開き、食料品の消費税率引き下げや今後の給付制度に関する方針を正式に表明した。 【映像】高市総理が「給付の課題」を話した瞬間（実際の様子） 高市総理は冒頭、負担から給付を引いた値を世帯収入で割った純負担率が諸外国に比べて高くなっていることを背景に、物価高や税、社会保険料負担に苦しんできた中所得・低所得の方の負担軽減が現下の最重要課題であると認識していると述べた。その上で、給付付き税額控除を改革の本丸とし、飲食料品の消費税率の引き下げについてはその実施までのつなぎと位置付け、給付付き税額控除への移行を見据えて検討を進めると申し上げてきたと説明した。 続いて、前日に社会保障国民会議において示された中間取りまとめに触れ、令和11年に本格導入される所得に連動したきめ細かな給付について言及した。この新たな制度により、中所得・低所得の現役勤労者の負担を軽減し、これまでよりも手取りが増えるようにするとともに、年収の壁などによる働き控えを緩和できるとした。一方で、本格導入までのつなぎについては、中所得・低所得の方の負担軽減の必要性は共有されたものの、具体案についての意見の一致にまでは至らなかったと説明した。 高市総理は、中間取りまとめに盛り込まれた各党の意見も踏まえ、自身が熟慮した末に最善と考えられるものを選択し、本日自民党の臨時役員会で伝えてきたと説明した。まず、全所得階層に負担軽減が及ぶ飲食料品の消費税率1％への引き下げを令和9年4月より2年間先行させると表明した。その後、令和11年4月から所得に連動したきめ細かな給付を本格導入することに合わせて、飲食料品の消費税率は元の税率8％に戻していくとした。さらに、本格導入までの間、消費税1％の範囲内で、令和9年6月以降、所得に連動したきめ細かな給付を先行導入すると述べた。高市総理は、この議長案を今年の8月上旬までに政府与党の方針として決定できるよう党内をまとめていただきたい旨、役員会で要請したと明らかにした。 次に、中間取りまとめにおいて指摘された課題について説明した。農業従事者や外食産業への影響については、与党と連携し、今後の予算編成プロセスで支援策を具体化するとした。財源確保については、「市場の信任が得られるよう、特例公債に頼らずに確保してまいります」と述べた。具体的には、歳出歳入両面の見直し、税外収入のさらなる歳入確保の取り組みをゼロベースで進めるとともに、補正予算は真に緊要性の高い施策に限定する方針を明確にした。 また、飲食料品の消費税率を元の税率に戻せないのではないかという指摘に対しては、「財政の持続可能性を実現し、市場の信任を確保していく観点からも、2年後には私が責任を持って確実に税率を元に戻してまいります」と明言した。元の税率に戻す際に負担増が生じるという懸念については、給付の対象となる中所得・低所得の現役勤労者は消費税率引き下げの効果を上回る支援を受けられることから懸念は当たらないとした。給付の対象外となる就労していない高齢者への対応についても、既存制度での対応を含め継続検討するとした。 野党から提案があった、給付の方が飲食料品の消費税減税より迅速であり優れているとの意見については、公平な給付を実現するための所得情報の把握などに一定の期間を要すると説明した。これまでの給付が制度やインフラがない中でその都度行われ、自治体に急な準備をお願いしてきた実情や、昨年末の補正予算での子育て応援手当の給付開始に遅れが生じた例を挙げ、有権者に納得感のある十分な消費税率引き下げが必要だと述べた。住民税減税を合わせて行うべきとの主張に対しても、地方財政に影響が恒久的に及ぶ課題があり、急にできる話ではないと説明した。 （ABEMA NEWS） ABEMA TIMES編集部,[],[]
「パスうっま」ドルトムント山本天翔、“絶品フリック”で決定機演出！18歳MFの技術が話題「良いとこ出す」（ABEMA TIMES）,https://news.yahoo.co.jp/articles/cd0bc5da1af0e0a8ea4dd977327ef40bc66a3fc1,https://newsatcl-pctr.c.yimg.jp/t/amd-img/20260730-10263854-abemav-000-2-view.png?fmt=jpeg&q=85&exp=10800,2026-07-30T20:00:35+09:00,2026-07-30T20:15:32+09:00,ABEMA TIMES,abema,ABEMA TIMES,959,ドルトムントのMF山本天翔。 【国際親善試合】セレッソ大阪 1－0 ドルトムント（7月29日/YANMAR HANASAKA STADIUM） 【映像】山本天翔の「絶品フリック」（実際の様子） 今夏に海を渡った18歳が、その才能を感じさせるプレーを披露した。ドルトムントのMF山本天翔が絶妙なスルーパスで決定機を演出し、解説も称賛の声を送っている。 7月29日、来日中のドルトムントは『CEREZO OSAKA GLOBAL CHALLENGE 2026』（国際親善試合）でセレッソ大阪と対戦。今夏にガンバ大阪からドルトムントのセカンドチームにローン移籍した山本は、来日前のプレシーズンマッチで複数得点に絡む活躍を見せてトップチームに帯同し、このC大阪戦でも3－4－2－1の右シャドーで先発出場した。 すると、1点ビハインドで迎えた40分、得意の左足から決定機を演出する。DFジョアン・ガドゥがライン間にいた山本へ鋭い縦パスを差し込むと、18歳のレフティーはこれをフリックするようなダイレクトのスルーパス。最前線のFWセール・ギラシへ絶妙なラストパスを供給したのだ。 抜け出したギラシのシュートはゴールの枠をわずかに外したが、山本の優れたアイデアと高い技術が光ったワンシーンとなった。 「ディフェンスラインは捕まえにくい」 この場面について解説の都倉賢氏は、「今のは（ギラシが）オフサイドじゃないですかね。ただ、あのようなワンタッチが入ると、ディフェンスラインは捕まえにくいです。5－4－1で引かれた相手には有効なプレーです」とコメント。山本のプレーから生まれた崩しを高く評価した。 18歳の絶品フリックはSNSでも話題となり、ファンからは「山本天翔まじで上手い」「山本くん良いところに出すな」「決めたら天翔のフリックアシストだったのに」「天翔ほんまうまい！」「パスうっま」など称賛の声が相次いだ。 山本は続くFC東京とのプレシーズンマッチ（8月1日）でもアピールに成功すれば、新シーズンのトップチーム入りも十分にありえそうだ。 なお試合は8分にFW櫻川ソロモンがショートコーナーからの流れでネットを揺らし、C大阪が1－0で勝利を収めている。 （ABEMA de DAZN/国際親善試合） ABEMA TIMES編集部,[],[]
「割と快適そう」「くつろいでる」とすっぽり収まる姿が話題！『葬送のフリーレン』ミミックへの見事な収納っぷり（ABEMA TIMES）,https://news.yahoo.co.jp/articles/2255dde74eec697c49d6b333f8536880d28893ac,https://newsatcl-pctr.c.yimg.jp/t/amd-img/20260730-10263747-abemad-000-1-view.jpg?exp=10800,2026-07-30T20:00:35+09:00,2026-07-30T20:00:35+09:00,ABEMA TIMES,abema,ABEMA TIMES,636,『葬送のフリーレン』 『葬送のフリーレン』の公式Xにて、「収納のフリーレン」という言葉とともに、主人公フリーレンのぬいぐるみが宝箱の魔物・ミミックに収まっている画像が公開された。遊び心満載の公式の投稿が、現在大きな話題となっている。 【画像】ミミックに収まるフリーレンの姿 投稿された画像では、大きく口を開けて無数の鋭い牙を見せるミミックの中に、フリーレンがちょこんと座る姿が確認できる。傍らには、作中のセリフである「暗いよー!! 怖いよー!!」と書かれた吹き出しのポップが立てられている。しかし、ミミックの中にいるフリーレンの表情は非常に穏やかであり、恐怖を感じているどころか、むしろご機嫌でくつろいでいるようにさえ見えるシュールな光景だ。 『葬送のフリーレン』は、魔王を倒した勇者一行のその後を描く後日譚ファンタジーである。千年以上生きるエルフの魔法使いフリーレンが、かつての仲間であるヒンメルの死をきっかけに「人を知るため」の旅に出る姿を追う。独特の時間の流れや、新たな仲間たちとの旅の中で出会う人々との人間模様が丁寧に描写され、多くの読者や視聴者の支持を集めている。 この投稿に対しSNSのファンからは、「割と快適そう」「むしろミミックの中でくつろいでるまである画像ですな」「ちゃんと収まっててステキ」「めっちゃ笑顔のフリーレン様もはやご機嫌」といった反響が多数寄せられている。 （C）山田鐘人・アベツカサ/小学館/「葬送のフリーレン」製作委員会 アニメフリークス,[],[]
「上手いっ！」“サッカー未経験”40歳人気日本人ストリーマー、世界大会でPK担当→“ほぼど真ん中”にズドン！ 新時代の7人制サッカーならではの珍場面（ABEMA TIMES）,https://news.yahoo.co.jp/articles/0ba30e18f481cd665011df11a752c0f1f77831da,https://newsatcl-pctr.c.yimg.jp/t/amd-img/20260730-10263855-abemav-000-1-view.png?fmt=jpeg&q=85&exp=10800,2026-07-30T20:00:35+09:00,2026-07-30T20:00:35+09:00,ABEMA TIMES,abema,ABEMA TIMES,1793,元スペイン代表ジェラール・ピケが考案した“キングスリーグ” 【キングス・ワールドカップ・クラブズ2026 エキシビションマッチ】ZEBRAS FC 2-9 MURASH FC（日本時間7月28日/イタリア・ミラノ） 【映像】人気日本人配信者、キーパーを騙す見事なPK（実際の様子） “新時代の7人制サッカー”として話題沸騰中の「キングス・リーグ」クラブ世界大会がイタリアで開催中。特別招待枠として参加している日本代表の試合では、クラブのオーナーを務める“超人気配信者”が冷静にPKを決める場面が話題となった。 さまざまな独自のルールが存在するキングス・リーグ。1v1から試合がスタートし、時間が経つにつれ人数が増えていくシステムや、試合中にさまざまな効果を発動できる“シークレットカード”、さらにクラブチームのオーナーがペナルティーキック（PK）を蹴り、決まれば正式にゴールとして認められる“プレジデントPK”など、観客を飽きさせない工夫が随所に散りばめられている。 この試合で日本代表“MURASH FC”の太田宏介監督（元サッカー日本代表）は前半13分に“プレジデントPK”の権利を行使。キッカーを務めるのは、MURASH FCの共同オーナーで、YouTubeやTwitch（ツイッチ）などで絶大な人気を誇る配信者（ストリーマー）の加藤純一氏だ。 加藤氏は配信席からピッチへ移動し、MURASH FCのメンバーから激励を受けゴール前へ。相手ゴールキーパーともグータッチで健闘を祈り合い、ゆっくりとした助走から真ん中左付近へ勢いよくボールを蹴り込むと、逆をつかれたキーパーはノーチャンス。見事プレジデントPK成功となった。 ゴールが決まった瞬間、加藤氏とともにMURASH FCの共同オーナーを務め、この日はABEMAの放送で解説として試合を見守ったサッカー元日本代表の柿谷曜一朗氏も「上手いっ！完璧！」と絶叫。「ちょっとコース甘かったですけど、でもシュート打つまでの余裕みたいなものが相手にプレッシャーを与えましたよね」「身体の向きで相手を騙せていた」と、すでにキングスW杯に4度参加している加藤氏の技術と経験を評価した。 試合後、ABEMAのインタビューに応じた加藤氏は、「『こういう形で加藤さんにPKを蹴らせます』という（事前の）想定通りのシチュエーションで（太田）監督が呼んでくれたので、あまり緊張しすぎることもなく、自分のペースで、柿谷さんの教えを守って最高のPKを蹴られたんじゃないかなと思います」とコメント。一方で柿谷氏は「太田監督には『右に蹴る』と伝えていたと聞いたんですけど、直前で（蹴る方向を）変えたんですか？」と加藤氏に問うと、本人は「みんなには『右に蹴る』って言ってたんですけど、なんか左に蹴ろうって（直前に決めた）」と答え、その強心臓っぷりに「すごっ」と驚きのリアクションを見せていた。 前回大会では僅差の場面でPKを外してしまい、試合後涙を流す場面もあった加藤氏。エキシビションマッチとはいえ、共同オーナーの柿谷氏と二人三脚で研鑽を積んだPKを今回はしっかりと決め、試合も快勝。チームの連敗を7で止めた加藤氏は万感の表情で「勝ったよ柿谷さん！本当に嬉しい！」と語っていた。MURASH FCは同30日、31日にも地元イタリアのクラブとエキシビションマッチを行う予定で、欧州遠征全勝を目指す。 ◆キングス・リーグ（Kings League）元スペイン代表のジェラール・ピケ氏が2022年に立ち上げた、Z世代を中心に世界的な熱狂を生んでいる新感覚の7人制サッカーリーグ。従来のサッカーの枠組みを超え、ゲーム性・エンターテインメント性を極限まで高めた独自ルールと配信カルチャーの融合が最大の特徴で、試合開始はキーパー＋フィールドプレーヤーの1v1からスタートし、時間経過とともに人数が増えていくシステムや、サイコロ（ダイス）で変則的な人数・ルールを決定する仕掛けなどが採用されている。日本では人気動画配信者の加藤純一氏がオーナーとなり、常設クラブ「MURASH FC」を結成。クラブチームまたは各国代表チームで対決する「キングス・ワールドカップ」にも継続して出場している。 （ABEMA/キングス・ワールドカップ・クラブズ2026） ABEMA TIMES編集部,[],[]
一体なぜ？ 米マットで“GM”が所属レスラーに怒りのグーパン…予想以上の本気っぷりに視聴者興奮「GMが強くてどうすんだ」（ABEMA TIMES）,https://news.yahoo.co.jp/articles/7d3d0cb8728aa9fdbbe1810fad68c05f1b41f189,https://newsatcl-pctr.c.yimg.jp/t/amd-img/20260730-10263826-abemav-000-1-view.png?fmt=jpeg&q=85&exp=10800,2026-07-30T20:00:35+09:00,2026-07-30T20:00:35+09:00,ABEMA TIMES,abema,ABEMA TIMES,1303,"赤っ恥続きのニック・オールディスGM（写真右）が遂に… 【WWE】SMACK DOWN（7月24日・日本時間25日/カリフォルニア・オークランド） 【映像】まさかの“GM”が所属レスラーに本気グーパン 毎週、リングで絞め落とされ”赤っ恥続き”のプロレス団体の役員がリベンジのためにレスラー復帰を決意。調印式では、因縁の相手に怒りのグーパン炸裂、予想以上に強烈な鉄拳制裁にファンから「いいぞもってやれ！」「勝てるかも」と応援コメントが並んだ。 WWE「SmackDown」で、当ブランドのGM・ニック・オールディスとグンターによ「サマースラム」での直接対決の契約調印が行われた。元レスラーとはいえ現役から遠ざかっていたニックGMだが、ついに傍若無人ぶりに余りあるグンターへ牙を剥き猛反撃を見せファンを驚かせた。 リング復帰に向けてニックは「SmackDownゼネラルマネージャー（GM）」の職を一時的に放棄する条項にサイン。この決意にグンターは即座に”口撃”を開始。「お前はオレに嫉妬している。この男は元NWA世界ヘビー級王者だが、WWEで選手になれなかった」と、ニックにとってはなかなか痛いところを突くと「それをオレが叶えてやった」と、この対決について恩着せがましくアピール。 さらに「シンプルに実力が足りないんだよ」ととどめの一言。さらにはグンターが引退試合を務めたゴールドバーグ、ジョン・シーナ、AJスタイルズとレジェンドの名を挙げて「引退前に欲をだしたバカ共」と罵倒。ここで静かに頷いていたニックが立ち上がり反撃を開始する。 マイクをとったニックは「俺は3年間、試合をしていない。失うものなど何もない。でもお前は”キャリアキラー（グンターの異名）”から”上司の犬”に成り下がる」と挑発。これに激昂したグンターがニックの胸を突くと、強烈な右のフック一閃。さらにグーパン制裁を開始。スーツ姿で選手を殴る姿にファンから「いいぞもってやれ！」「ボコボコ」や、初めてといっていい背広組の反撃シーンに「GMが強くてどうすんだよ」とグンターへの冷ややかな声も並ぶ。 WWEでは試合経験のないニックだが、アメリカではTNAをメインに、NWAの末期に2度の世界ヘビー級王者になった実力者。日本ではプロレスリング・ノアなどで活躍しGHCタッグ王座を獲得。新日本プロレスへの参戦経験がないにも関わらず、TNAとの提携試合でIWGPタッグ王者になる珍記録を保持するなど日本マット界との縁も深い。 ニックの猛攻に押され気味だったグンターだが、もはや手段は選んでられないと最後はローブローからテーブルへパワーボムを叩き込み制裁するも、見た目からはマイクでの舌戦だけでなく、リング上でも一泡吹かされすでに余裕なしという様子だ。戦前のセグメントでのインパクトも相まって、一部のファンから「これニックが勝つかも」「グンター負けフラグだ」とニック・オールディス勝利を予想する声が相次いだ。Ⓒ2026 WWE, Inc. All Rights Reserved （ABEMA/WWE『SMACK DOWN』） ABEMA TIMES編集部",[],[]
シタラを信頼し、哀しい過去を語り始めるドレゲネ…『天幕のジャードゥーガル』第6話あらすじ・場面カット公開（ABEMA TIMES）,https://news.yahoo.co.jp/articles/b3279db4684d255c0525ea689f88c6c5986afe82,https://newsatcl-pctr.c.yimg.jp/t/amd-img/20260730-10263848-abemad-000-1-view.jpg?exp=10800,2026-07-30T19:21:16+09:00,2026-07-30T19:21:16+09:00,ABEMA TIMES,abema,ABEMA TIMES,700,アニメ『天幕のジャードゥーガル』 アニメ『天幕のジャードゥーガル』より、第6話のあらすじ・場面カットが解禁された。さらに、第6幕より登場するキャラクターおよびキャスト情報、キャストコメントが公開された。 【画像】アニメ『天幕のジャードゥーガル』第6話場面カット 本作は、「Souffle」（秋田書店）にて連載中のトマトスープ氏による人気漫画が原作。主人公のシタラ（CV.関根明良）は、母を亡くして故郷から遠く引き離されるも、学者一家に拾われたことをきっかけに“知”の可能性と大切さを知り教養を深めていた。しかし“モンゴル帝国”によってすべてを奪われたシタラは、ただ一つ残った“知恵”を駆使して王族に取り入り、帝国を内側から崩壊させようと決意する。 本作はテレビ朝日系全国24局ネットの“IMAnimation”枠で毎週土曜23:30〜放送中。 第6話「蛇のまだらは外側に 人のまだらは内側に」 【あらすじ】 モンゴル帝国に恨みを持つシタラを信頼し、自らの哀しい過去を語り始めるドレゲネ。遡ること25年前。年の離れたメルキト族の長・ダイルに嫁いだドレゲネは、ダイルの娘クランたちと心を通わせる。だが平和な日々もつかの間、チンギス・カン率いるモンゴル族に襲撃され、ダイルはある決断を下すのだった。 第6幕に石田彰＆水瀬いのり＆千葉翔也の出演が決定 また、第6幕より登場するキャラクターおよびキャスト情報も解禁。メルキト族の長・ダイル役を石田彰、ダイルの娘・クラン役を水瀬いのり、弓の名手・クルトガン役を千葉翔也が務める。 （C）トマトスープ（秋田書店）/天幕のジャードゥーガル製作委員会 アニメフリークス,[],[]
桑田佳祐 「夏祭りツアー2026」熊本公演 開催見送りを発表（ABEMA TIMES）,https://news.yahoo.co.jp/articles/476be8a1cdce97c21d35ffc2892ab71a2e8732b4,https://newsatcl-pctr.c.yimg.jp/t/amd-img/20260730-10263851-abemav-000-3-view.jpg?exp=10800,2026-07-30T19:15:32+09:00,2026-07-30T23:18:14+09:00,ABEMA TIMES,abema,ABEMA TIMES,589,サザンオールスターズ公式HPから サザンオールスターズの公式ホームページが更新されました。 「『桑田佳祐 夏祭りツアー 2026』8月13日（木）・8月14日（金）グランメッセ熊本公演 開催見送りのお知らせ 【映像】桑田佳祐 「夏祭りツアー2026」熊本公演 開催見送りを発表 7月28日（火）に発生いたしました、『令和8年熊本地震』により被災された皆様に、心からお見舞いを申し上げます。また、1日も早い復旧・復興をお祈り申し上げます。 8月13日（木）、8月14日（金）にグランメッセ熊本で開催を予定しておりました『桑田佳祐 夏祭りツアー 2026』熊本公演ですが、この度の地震の影響で会場設備に損傷が出ており、また、会場の一部は救援物資の集積場所となることも決定したため、被災地の状況とご来場予定の皆様の安全を第一に考慮した結果、本公演の開催を見送らせていただくことにいたしました。 なお、現在振替公演の実施に関して関係各所と模索しておりますが、被災された方の安全や地域の復旧が最優先と考えておりますので、振替公演の実施の有無、チケット等の払い戻しに関しては追ってお知らせさせていただきます。 ご来場を楽しみにしていただいていたお客様には大変申し訳ございませんが、何卒ご理解くださいますようお願い申し上げます」 （『ABEMA NEWS』より） ABEMA TIMES編集部,[],[]
アニメ『ヒロアカ』特別短編「I am a hero too」場面カット解禁！デクが救出した少女・エリの8年後を描く物語（ABEMA TIMES）,https://news.yahoo.co.jp/articles/7b14d866e73f148cd992af5306b80af3cdcf7629,https://newsatcl-pctr.c.yimg.jp/t/amd-img/20260730-10263835-abemad-000-1-view.jpg?exp=10800,2026-07-30T19:12:16+09:00,2026-07-30T19:12:16+09:00,ABEMA TIMES,abema,ABEMA TIMES,1105,『ヒロアカ』特別短編「I am a hero too」 『僕のヒーローアカデミア』アニメ化10周年を記念したプロジェクト【僕のヒーローアカデミア The Animation 10th Anniversary】が展開中。プロジェクトのひとつとして8月3日午前0時に各動画配信プラットフォームで配信されるアニメ特別短編「I am a hero too」の先行場面カットが解禁された。 【画像】アニメ『ヒロアカ』特別短編「I am a hero too」場面カット 「週刊少年ジャンプ」（集英社刊）で10年にわたって連載された、堀越耕平氏による大人気コミック『僕のヒーローアカデミア』、通称“ヒロアカ”。 シリーズ世界累計発行部数は1億部を突破する本作は、“個性”と呼ばれる超常能力を持つ人々の存在が当たり前の世界を舞台に、主人公・緑谷出久、通称“デク”が、社会を守り、“個性”を悪用する犯罪者“敵＜ヴィラン＞”に立ち向かう“ヒーロー”になるため、ヒーロー育成の名門・雄英高校で仲間たちと共に成長する物語が展開するヒーローアクション漫画だ。そして、それを原作とするTVアニメシリーズも、昨年12月にFINAL SEASONの最終回を迎え、通算8期、全170話にわたるシリーズが完結を迎えた。 「I am a hero too」は、原作者の堀越氏が2024年12月に発売された原作ファンブック「僕のヒーローアカデミア Ultra age」に収録するべく描き下ろした特別読切のショートストーリー。 アニメ第4期の【ヒーローインターン/死穢八斎會編】で死穢八斎會の若頭“オーバーホール”こと治崎廻の手からデクが救出した少女・エリが、デクたちの雄英高校卒業から8年後、同じく成長し高校生に。“ヒロアカ”の物語の中で幼い頃「お歌したい」と話し、最終回でもギターケースを背負い笑顔を見せていた彼女が、ある日雄英高校を訪ね、改めて夢に向かおうとする姿が描かれる。ファンブック発売時には短編ながら“ヒロアカ”ファン・読者から大きな反響を呼び、今回のアニメ化では特別な演出も用意されており、見ごたえ充分な必見の内容となっている。 特別短編「I am a hero too」は、8月3日午前0時より各動画配信プラットフォームで配信スタート。また、配信に先駆けて、8月1日と2日に10周年プロジェクトの企画として全国9つの劇場で開催される「キャラクターマッチアップ名エピソード上映」Vol.2 緑谷出久×爆豪勝己、Vol.3 緑谷出久×死柄木弔で先行上映される。 （C）堀越耕平/集英社・僕のヒーローアカデミア製作委員会 アニメフリークス,[],[]
藤井聡太王位が2勝目を飾る 伊藤匠二冠との“登別対局”制し7連覇に前進／将棋・王位戦第3局（ABEMA TIMES）,https://news.yahoo.co.jp/articles/465a03ddaafe60aecd460e4911e3bc1771d80cc5,https://newsatcl-pctr.c.yimg.jp/t/amd-img/20260730-00010000-abema-000-4-view.jpg?exp=10800,2026-07-30T18:50:05+09:00,2026-07-30T21:12:14+09:00,ABEMA TIMES,abema,ABEMA TIMES,1140,藤井聡太王位 将棋の「伊藤園お～いお茶杯第67期王位戦七番勝負」第3局が7月29、30日の両日、北海道登別市の「祝いの宿 登別グランドホテル」で行われ、先手の藤井聡太王位（竜王、名人、棋聖、棋王、王将、24）が挑戦者の伊藤匠二冠（叡王、王座、23）を151手で下し、シリーズ成績を2勝1敗とした。 【映像】藤井王位が2勝目を飾った瞬間の表情 両者1勝1敗のタイで迎えた注目の登別対局は、「角換わり」の出だしから、後手の伊藤二冠が右玉を採用。伊藤二冠が勝利を収めた第1局と同じ流れをたどっていたが、本局では伊藤二冠が手を変える工夫を見せ、そこから激しい中盤戦へと突入した。 1日目はハイペースで進行する中で藤井王位が長考に沈む場面が多く、伊藤二冠に対して持ち時間で3時間近くの差がつく展開となった。しかし、2日目に入ると盤上はさらなる難所を迎え、今度は伊藤二冠が時間を多く消費する息詰まる展開へと移行していった。 後手の伊藤二冠による入玉をめぐる攻防が続き、長らく持将棋や千日手がちらつく極めて緊迫した局面を迎えた。先手の藤井王位の囲いは薄そうに見えたものの、急所への狙いを定めるのが難しく、伊藤二冠をもってしても有効手を見つけることが困難な状況が続いた。 最後まで形勢不明のまま進行した対局は、最終盤に入ってついに激しい攻め合いへと発展する。互いに持ち時間を削り合う息を呑む競り合いの中、藤井王位が放った渾身の『角打ち』から見事に抜け出すことに成功。藤井王位が超高難度の一局を制し、タイトル防衛に向けて大きな2勝目を手にした。 勝利した藤井王位は、「形勢判断を含めて急所を掴むのが難しい将棋だった。対局中もわからないまま指していた」とハイレベルの一戦を強調。次戦へ向けて、「良い状態で臨めるようにしっかり準備していきたい」とコメントした。 一方、敗れた伊藤二冠は、「2日目はもう少しバランスをとって指すことができればと思ったが、中段玉の展開で方針を定めるのが難しく、うまく指すことができなかった」と一局を振り返った。藤井王位に勝ち越しを許す展開となったが、第4局へ向けて「少し間があくので、良い将棋をさせるようにしっかり準備したい」と表情を引き締めていた。 防衛と7連覇を目指す藤井王位が一歩リードを奪う形となった真夏の七番勝負。続く第4局は、舞台を九州へと移し、8月18、19日の両日、長崎県長崎市の「ガーデンテラス長崎ホテル＆リゾート」で行われる予定だ。なお、藤井王位は8月5日に王座保持者である伊藤二冠への挑戦権を争う『王座戦挑戦者決定戦』で広瀬章人九段（39）との運命の一戦も控えており、真夏の最高峰の戦いはまだまだ大勝負が続いていく。 （ABEMA／将棋チャンネルより）,[],[]
イオン発表 「従業員7人死亡 全員の安否確認完了」（ABEMA TIMES）,https://news.yahoo.co.jp/articles/3ff1870e07f11069bfa4b0a3726a5b414f8b4aae,https://newsatcl-pctr.c.yimg.jp/t/amd-img/20260730-10263840-abemav-000-1-view.jpg?exp=10800,2026-07-30T18:39:14+09:00,2026-07-30T18:39:14+09:00,ABEMA TIMES,abema,ABEMA TIMES,322,イオンモール熊本 イオンは、爆発事故があったイオンモール熊本で、従業員7人が亡くなったと発表しました。安否がわからなかった3人もこの7人に含まれていて、従業員全員の安否が確認できたとも明らかにしました。 【映像】イオンモール熊本 施設内部の様子 イオンによりますと、安否がわからなかった3人はいずれも専門店の従業員で、施設内で発見され死亡が確認されました。 イオンは地震発生以降、イオンモール熊本の従業員およそ2700人の安否確認を進めていて、これで全員の確認が取れたことになります。 来店客については、「避難誘導は完了したと報告を受けている」としていますが、施設内の捜索は続けるということです。（ANNニュース） ABEMA TIMES編集部,[],[]
トヨタ 上半期の世界の販売台数 前年を下回る（ABEMA TIMES）,https://news.yahoo.co.jp/articles/66056c3c17a8ca595b15816d3e96af0a1e7a1b1b,https://newsatcl-pctr.c.yimg.jp/t/amd-img/20260730-10263839-abemav-000-1-view.jpg?exp=10800,2026-07-30T18:39:14+09:00,2026-07-30T18:39:14+09:00,ABEMA TIMES,abema,ABEMA TIMES,358,トヨタ トヨタ自動車の今年上半期の世界での販売台数は、2年ぶりに前年を下回りました。北米や国内が好調だった一方で、中国での販売が落ち込んだ影響が出ています。 【映像】トヨタの新型車RAV4 トヨタによりますと、1月から6月の世界での販売台数は500万8898台で、前の年の同じ時期から2.9％減少しました。うち海外は4.3％減り、420万台あまりとなりました。 北米でハイブリッド車などが好調だった一方、中東情勢をうけたガソリン価格の上昇などで厳しい市場環境が続いている中国で、およそ2割減少したことが影響しました。 また、中東での販売も前年から2割以上減少しました。 一方、国内ではRAV4など新型車の販売が好調で、前年を4.7％上回る80万4721台となりました。（ANNニュース） ABEMA TIMES編集部,[],[]
株式会社ポケモン 熊本地震の被災地域への支援として1億円寄付（ABEMA TIMES）,https://news.yahoo.co.jp/articles/1ca889e08829f783060185f003f240b142e0d158,https://newsatcl-pctr.c.yimg.jp/t/amd-img/20260730-10263842-abemav-000-1-view.jpg?exp=10800,2026-07-30T18:36:16+09:00,2026-07-30T18:36:16+09:00,ABEMA TIMES,abema,ABEMA TIMES,309,株式会社ポケモン 公式ホームページ 株式会社ポケモンが公式ホームページを更新しました。 「令和8年熊本地震災害による被災地域への支援について 【映像】1億円寄付 株式会社ポケモンの公式HP 2026年7月28日に発生した令和8年熊本地震により被害を受けられた皆さまに、謹んでお見舞い申し上げます。 株式会社ポケモンは、被災された方々の救援および被災地の復旧・復興に役立てていただくため、熊本県と日本赤十字社への義援金、ならびに支援団体への寄付金として、総額1億円を拠出することを決定いたしました。 被災地の一日も早い復旧・復興を心からお祈り申し上げます」 （『ABEMA NEWS』より） ABEMA TIMES編集部,[],[]
カープ矢野、前川両選手を家宅捜索 薬物関連疑惑（ABEMA TIMES）,https://news.yahoo.co.jp/articles/508d7d4b092106faa12d2dcb2f9c482c96ca858b,https://newsatcl-pctr.c.yimg.jp/t/amd-img/20260730-10263844-abema-000-1-view.jpg?exp=10800,2026-07-30T18:36:16+09:00,2026-07-30T18:36:16+09:00,ABEMA TIMES,abema,ABEMA TIMES,303,矢野雅哉選手・前川誠太選手 広島東洋カープの選手2人に対して、家宅捜索が行われたと球団が発表しました。 家宅捜索を受けたのは、矢野雅哉選手と前川誠太選手です。薬物関連での容疑の捜査の一環だということです。 【映像】家宅捜索を受けたカープ2選手 球団はきょう付で、前川選手の1軍登録を抹消しています。一方、矢野選手は一部週刊誌の報道をうけて「薬物の売人と密室にいること自体が強い疑念を抱く状況」として1軍登録を抹消されていました。 球団は「ファンの皆さまをはじめ、関係者の皆さまにはご心配をおかけいたしますことを心よりおわび申し上げます」とコメントしています。（ANNニュース） ABEMA TIMES編集部,[],[]
体が浮いて進めない…風速40m超の台風直撃→大きなテントが“男性ごと”吹き飛ぶ恐怖の瞬間 20万人超が避難 中国（ABEMA TIMES）,https://news.yahoo.co.jp/articles/b678579ea59f028553870b6aa2715411f5718fd3,https://newsatcl-pctr.c.yimg.jp/t/amd-img/20260730-10263405-abemav-000-1-view.jpg?exp=10800,2026-07-30T18:30:36+09:00,2026-07-30T18:30:36+09:00,ABEMA TIMES,abema,ABEMA TIMES,303,テントに掴まる男性 7月26日に中国・広東省に上陸した台風12号。上陸前から風速40mを超す風が吹き荒れ、多くの店に被害が出た。 【映像】男性ごと大きなテントが吹き飛ぶ瞬間（現地の様子） 映像には、男性がぶら下がっている大きなテントが吹き飛ぶ瞬間や、風にあおられる大通りを歩く人たち、体が浮いてしまいうまく前に進めない子どもの様子が映っている。 中には傘を差しているがもはや意味をなしていない様子で、風におされ転倒してしまう人も。 今回の台風により現地では5000本以上の木が倒れ、約10万世帯で停電が発生、20万人以上が避難を余儀なくされた。（『ABEMA NEWS』より） ABEMA TIMES編集部,[],[]
レベル4 土砂災害危険警報 新潟・阿賀町（ABEMA TIMES）,https://news.yahoo.co.jp/articles/854cf9b968f4895976c13f9171990ea2f1d0cc35,https://newsatcl-pctr.c.yimg.jp/t/amd-img/20260730-10263836-abemav-000-1-view.jpg?exp=10800,2026-07-30T18:15:32+09:00,2026-07-30T18:15:32+09:00,ABEMA TIMES,abema,ABEMA TIMES,228,辻アナウンサー 気象庁は、新潟県阿賀町に「レベル4土砂災害危険警報」を発表しました。 命に危険を及ぼす土砂災害の恐れが高まっています。厳重な警戒が必要です。 【映像】危険警報が発表された新潟・阿賀町（地図） レベル4の危険警報は、自治体が避難指示を発令する目安となる情報です。 自治体からの避難情報を確認してください。避難指示が発令されていなくても、気象庁のキキクルなどを確認し早めの避難を心がけてください。（ANNニュース） ABEMA TIMES編集部,[],[]
グランベルの軍勢が攻め入ろうとしていた…アニメ『転スラ 第4期』第89話あらすじ＆場面カット解禁（ABEMA TIMES）,https://news.yahoo.co.jp/articles/c2c36acc093044b1e0fa84a38eb9376809702ba4,https://newsatcl-pctr.c.yimg.jp/t/amd-img/20260730-10263765-abemad-000-1-view.jpg?exp=10800,2026-07-30T17:51:16+09:00,2026-07-30T17:51:16+09:00,ABEMA TIMES,abema,ABEMA TIMES,604,【写真・画像】グランベルの軍勢が攻め入ろうとしていた…アニメ『転スラ 第4期』第89話あらすじ＆場面カット解禁 1枚目 『転生したらスライムだった件』第4期より、第89話「集束の地ルベリオス」のあらすじと場面カットが解禁された。 【画像】『転スラ』第89話の場面カット 開国祭を開き、各国と国交を結んだ魔国連邦（テンペスト）は、人と魔物が共に暮らせる世界「人魔共栄圏」の実現に向けて歩みだす。しかしその裏では、魔王リムル（CV.岡咲美保）の台頭を危険視するシルトロッゾ王国五大老の長である元“勇者”グランベル・ロッゾ（CV.小野大輔）とその孫娘マリアベル・ロッゾ（CV.水瀬いのり）が策謀を巡らせていた。一方、黄金郷エルドラドでは魔王レオン（CV.福山潤）もある目的のために動き出し、ひとりの“勇者”が目覚めようとする中、各陣営の様々な思惑が交錯し、リムルの次なる戦いが始まる。TVアニメ第4期は分割5クールで展開され、まずは4月3日より日本テレビ系30局・BS11および各種配信サービスにて連続2クールが順次放送・配信中である。 ■第89話「集束の地ルベリオス」 【あらすじ】 クロエを探し求めていた魔王レオンは、魔導王朝サリオンのエルメシアに協力を頼み、ルベリオスへと向かう。しかしそこでは、既にグランベルの軍勢が攻め入ろうとしていた。 （c） 川上泰樹・伏瀬・講談社/転スラ製作委員会 アニメフリークス,[],[]
熊本地震 死者34人に 県が発表（ABEMA TIMES）,https://news.yahoo.co.jp/articles/7333f0aec898dee8cc4fe64e657fc8dab6057dfa,https://newsatcl-pctr.c.yimg.jp/t/amd-img/20260730-10263832-abemav-000-1-view.jpg?exp=10800,2026-07-30T17:30:35+09:00,2026-07-30T17:30:35+09:00,ABEMA TIMES,abema,ABEMA TIMES,397,熊本・八代市 熊本県で最大震度7を観測した地震では、これまでに34人の死亡が確認されています。 【映像】熊本で震度7 発生の瞬間 熊本県によりますと、きょう午後3時時点でこの地震による人的被害は120人に上っています。 これまでに34人の死亡が確認されていますが、そのうち25人は今回の地震が原因によるものと市町村が確認したとしています。 爆発が起きた嘉島町の「イオンモール熊本」では、12人を救助しましたが、7人の死亡が確認されました。 5人は軽症で、引き続きエリアごとに分けて捜索を続けています。 煙突が崩落した八代市にある日本製紙の工場では11人が閉じ込められ、10人を救助しましたが8人の死亡が確認されています。もう1人の救助活動が続いています。 このほか、八代市で3人、宇城市で2人、氷川町で4人、甲佐町で1人の死亡が確認されています。（ANNニュース） ABEMA TIMES編集部,[],[]
音楽クリエーターの男が女性に性的暴行か（ABEMA TIMES）,https://news.yahoo.co.jp/articles/95648cae7d5a30b5c529a3313040fba370e600bf,https://newsatcl-pctr.c.yimg.jp/t/amd-img/20260730-10263831-abemav-000-1-view.jpg?exp=10800,2026-07-30T17:30:35+09:00,2026-07-30T17:30:35+09:00,ABEMA TIMES,abema,ABEMA TIMES,353,新宿警察署 東京・新宿区のカラオケボックスで20代の俳優の女性に性的暴行をしたとして音楽クリエイターの47歳の男が逮捕されました。 【映像】逮捕された容疑者 音楽クリエイターのYuこと鈴木裕容疑者（47）は3月、東京・新宿区のカラオケボックスで20代の女性に性的暴行をした疑いがもたれています。 警視庁によりますと、鈴木容疑者はミュージカルや芝居の楽曲提供をしていて、被害女性とは仕事で知り合っていました。 鈴木容疑者は歌の指導をするとして女性とカラオケに行き、「声が出るようになるツボがある」などと言ってマッサージをしながら、犯行に及んだということです。 女性が警察署に相談したことで事件が発覚しました。 取り調べに対し「魔が差した」と容疑を認めています。（ANNニュース） ABEMA TIMES編集部,[],[]
世界ラクロス女子、日本戦で驚きの光景 「中澤さん、何が起こってるんですか？」松岡修造も反応 なぜ？“誰も取りに行かず”騒然（ABEMA TIMES）,https://news.yahoo.co.jp/articles/57b6522ef9fd70917b3862b84449cae038b9c4d5,https://newsatcl-pctr.c.yimg.jp/t/amd-img/20260730-10263828-abemav-000-1-view.jpg?exp=10800,2026-07-30T17:21:16+09:00,2026-07-30T17:21:16+09:00,ABEMA TIMES,abema,ABEMA TIMES,921,ボールを保持するゴーリーの藤田 【ラクロス女子世界選手権】カナダ代表 5－4 日本代表（29日/東京・大井ホッケー場） 【映像】松岡修造も反応 話題呼んだ驚きの光景（実際の様子） 世界2位の強豪カナダ代表と、同5位の日本代表が対戦した準々決勝でのこと。スコアレスの第1クオーターで見られた光景にメインキャスターを務めていた松岡修造氏が思わず指摘した。日本のゴーリーがボールを保持しているにも関わらず、時間にして1分半以上もカナダは誰もボールを取りに行かない場面があり、中継も騒然となった。 第1クオーター、日本のゴーリーである藤田瑠奈がボールを持ったまま静止し、カナダの選手もプレッシャーをかけない状態が続くと、松岡氏がゲストで出演していた元サッカー日本代表の中澤佑二氏に向けて「中澤さん、何が起きてるんですか？」と驚きの声をあげた。 この状況について、中澤氏は「これは、ゴーリーがボールを持ってるんですけども、カナダがボールを取りに行かないので、ゴーリーがずっとボールを持っていて良いんですね。カナダはゴーリー以外の人にいっぱいマークを付いてますので」と解説した。 「日本としては時間経過は全く問題ない」背景を解説 さらにラクロスの特殊なルールに触れ、「ゴーリーはリストレ（リストレイニングライン）を越えることができないので、ゴーリーはシュートを打てないですよ。それも分かっているのでカナダは無理して取りに行かないですよね」と説明した。 膠着状態に見えるが、解説の大久保宜浩氏（元男子・女子日本代表ヘッドコーチ）氏は「日本としては時間経過は全く問題ないので。時間を使うという意味合いではカナダの方が考えなきゃいけない」と語る。現地リポーターからも「ベンチからのプラン通りだと、そんな話が今出ていまして、選手たちには動き続けろという声も出されています」と日本の狙い通りであることが伝えられた。 大久保氏は「結構マンツーマンでマーク付いてくるとディフェンスの方が疲れるのでね。どこかで多分隙ができると思いますんで」と続け、ラクロスならではの高度な駆け引きであることを明かした。（ABEMA/女子ラクロス世界選手権） ABEMA TIMES編集部,[],[]
「痩せたかな？」「若返ってる!?」と話題・坂口健太郎（35）、最新ショットに反響「透明感！」（ABEMA TIMES）,https://news.yahoo.co.jp/articles/64196291ee63f5832062a832e01107f00a4d8452,https://newsatcl-pctr.c.yimg.jp/t/amd-img/20260730-10263825-abemav-000-1-view.jpg?exp=10800,2026-07-30T17:00:34+09:00,2026-07-30T17:00:34+09:00,ABEMA TIMES,abema,ABEMA TIMES,531,坂口健太郎 モデルで俳優の坂口健太郎（35）が28日、Instagramに最新ショットを投稿。多くの反響が寄せられている。 【映像】「痩せた？」と話題になった坂口健太郎の姿 これまでに、プラダのファッションショーのためイタリアに行った様子や、オフ感満載のプライベートショットなどをInstagramで公開している坂口。7月25日の投稿で、プラダからのサマーギフトが届いたことを明かし、複数枚の写真を公開すると「健ちゃん、お元気そうでよかった」「かわいいね〜痩せたね…体調気をつけてね〜」「サンダル可愛い、痩せたかな？」「ビジュ良すぎる、若返ってる？！」などとコメントが寄せられ、話題になっていた。 28日は「『私はあなたを知らない、』舞台あいさつでした。みなさんの、こころの一本に」とつづり、共演者との写真や最新ショットを公開した。 坂口健太郎 Instagramより この投稿には「透明感！！！！！！」「楽しみね、映画を見に行きますよ」「舞台あいさつお疲れ様でした。健ちゃんスタイル良くてとてもカッコ良かったです」といった声や「きょうも目が離せないイケメン」など、韓国語のコメントも寄せられている。（『ABEMA NEWS』より） ABEMA TIMES編集部,[],[]
元乃木坂46・山崎怜奈（29）、第1子の妊娠を発表 「相手誰？」「マジか!!!」「結婚してたっけ」など驚きの声（ABEMA TIMES）,https://news.yahoo.co.jp/articles/903a4d29d2f9c941ae38a2f5ec06fdfa6dac3d96,https://newsatcl-pctr.c.yimg.jp/t/amd-img/20260730-10263800-abemav-000-4-view.jpg?exp=10800,2026-07-30T16:57:14+09:00,2026-07-30T19:18:15+09:00,ABEMA TIMES,abema,ABEMA TIMES,857,山崎怜奈 乃木坂46の元メンバーでタレントの山崎怜奈さん（29）が、第1子の妊娠を発表しました。 【映像】山崎怜奈の近影 山崎さんは7月30日、自身のXを更新し、「この度、新しい命を授かっておりますことをご報告申し上げます。今後の活動に関しましては、心身の健康を第一に、真摯に取り組ませていただく所存です。 妊娠を公表するかどうか、悩みました。お仕事に励むためにも、一人の生活者として安心して暮らしていける環境を大切にしていきたいと考えているからです。しかしながら、座長を務めている生放送の帯番組を始め、今後いくつかのレギュラー番組をお休みする期間をいただくため、公表に至りました。 今後も皆様にお伝えすべきことがございましたら、責任を持てる言葉で、体調を見ながら、安心してお話しできる状況でご報告させていただきます。 日頃より皆様のお支えに助けられておりますが、これからはますます多くの方のお力をお借りして生きることになりそうです。休業前、そして復帰後も、また一緒に働きたいと皆様に思っていただけるよう誠実に精進してまいります。 応援してくださっている皆様への感謝を胸に、一日一日を穏やかに大切に過ごし、復帰後にはしっかりと恩返しができるよう歩んでまいりますので、今後とも変わらぬご指導、ご鞭撻を賜りますとともに、温かく見守っていただけますと幸いです。」とつづっています。 山崎さんの報告にファンからは、「えーーーーーー!!マジか!!!れなち、母になる…！」「妊娠！相手誰？」「結婚してたっけ」「まずは体調優先でゆっくり休んでください」など、様々なコメントが寄せられています。 山崎さんは、2013年3月に乃木坂46の2期生オーディションに合格し、研究生という形で活動をスタート。2015年2月に正規メンバーに昇格し、2022年7月にグループを卒業していました。 卒業後は、コメンテーターやラジオ番組のパーソナリティーなど、マルチに活躍してきました。（『ABEMA NEWS』より） ABEMA TIMES編集部,[],[]
ルーデウスは意外な人物と再会する…『無職転生III』第6話先行場面カット公開（ABEMA TIMES）,https://news.yahoo.co.jp/articles/5d0f092b92aa8ef5ce5a20e58c74dc5f35e2d0eb,https://newsatcl-pctr.c.yimg.jp/t/amd-img/20260730-10263722-abemad-000-1-view.jpg?exp=10800,2026-07-30T16:45:29+09:00,2026-07-30T16:45:29+09:00,ABEMA TIMES,abema,ABEMA TIMES,714,『無職転生III』第6話 TVアニメ第3期『無職転生III 〜異世界行ったら本気だす〜』より、8月2日（日）放送の第6話「修羅場再び？」の先行場面カットが公開された。 【画像】アニメ『無職転生III』第6話先行場面カット 『無職転生 〜異世界行ったら本気だす〜』は、2012年から小説投稿サイト「小説家になろう」で連載が開始された理不尽な孫の手によるライトノベルが原作。34歳の無職・独身・引きこもりのニート男が、家族に家を追い出され、挙句交通事故死するも、剣と魔法の異世界でルーデウス・グレイラット（CV：内山夕実）として転生し、前世の記憶と後悔を糧に「今度こそ本気で生きていく」姿と壮大な冒険を描くファンタジー作品だ。シリーズ累計発行部数は1800万部を突破しており、2026年でアニメ化5周年を迎える。 TVアニメ第3期は、先週7月4日（土）より放送がスタート。第1話・第2話は“エリス修行編”と称し、ヒロインのひとりであるエリス・グレイラット（CV：加隈亜衣）が剣の修行の中で成長する姿が描かれた。7月12日（日）放送の第3話からは、主人公・ルーデウスにカメラが移る“ルーデウス青年期編”がスタートした。 ■第6話「修羅場再び？」 【あらすじ】 ラノア王女の護衛を依頼されたロキシーに、ルーデウスも同行することに。そして共に護衛を担当することになった冒険者パーティ「アマゾネスエース」に意外な人物の姿が。それは、かつてルーデウスが行動をともにしていた冒険者パーティー・カウンターアローのサラだった…！ルーデウスは彼女と言葉を交わすが…。 （C）理不尽な孫の手/MFブックス/「無職転生III」製作委員会 アニメフリークス,[],[]
「災害級の暑さ」と「地震」の二重被災に喘ぐ熊本 避難所の冷房設置率は20.9％、車中泊のリスクも…弁護士が訴える無料法律相談の重要性（ABEMA TIMES）,https://news.yahoo.co.jp/articles/4dd9bb54600bdf870666c5277d0770b0e3df976d,https://newsatcl-pctr.c.yimg.jp/t/amd-img/20260730-10263792-abemav-000-1-view.jpg?exp=10800,2026-07-30T16:12:15+09:00,2026-07-30T16:12:15+09:00,ABEMA TIMES,abema,ABEMA TIMES,1102,熊本・宇城市 熊本県で震度7を観測した地震の発生に伴い、避難所における冷房設備の設置率の低さや大規模な停電など、被災地は猛暑による二次災害という深刻な局面に直面している。 【映像】災害級の暑さ…避難所で苦しむ人々（実際の様子） ニュース番組『わたしとニュース』では、車中避難における熱中症やエコノミークラス症候群のリスク、そして被災者を精神的・法的に支える無料相談窓口の重要性について、弁護士の三輪記子氏とともに考えた。 ■避難所の冷房不足と大規模停電…自衛隊によるクーラー輸送と「教室避難」の活用 熊本県内では、被災者を受け入れるため多くの学校が避難所として利用されている。7月30日午前7時半時点で1万467人が避難しているが、厳しい暑さの中でインフラの不十分さが浮き彫りとなっている。 文部科学省が29日に発表した調査結果によると、避難所に指定されている公立小中学校の体育館や武道館の冷房設備設置率は、5月1日時点で全国平均が33.1％であるのに対し、熊本県は20.9％にとどまっている。一方、通常の授業を行う教室の冷房設置率が100％であることを受け、文科省はこれらの教室も避難所として積極的に活用するよう自治体へ通知を出しているという。 また、電力インフラも深刻なダメージを受けている。九州電力によると、熊本県内では現在も多くの場所で停電が続いているという。経済産業省は、全国の電力会社からの応援も含めた約790人体制で復旧を進めており、非常用電源車81台を配備して停電の早期解消を目指している。さらに、政府は自衛隊機を用いて、持ち運び型のクーラー359台を現地へ輸送し始めた。 ■「二重被災」と車中泊のリスク…熱中症やエコノミークラス症候群を防ぐ「声かけ」の必要性 猛暑と地震が重なった過酷な状況を、三輪氏は次のように指摘する。 「この暑さは、本当に“災害級の暑さ”と言われている通りで、その暑さの上に今回の地震で、“二重の被災”ということになる」（三輪氏、以下同） 今回、特に電源が普及しておらず避難所が設置できない地域では、やむを得ず車中に避難をしている被災者も多い。車内は過酷な暑さとなるため、エアコンを効かせるためのガソリンが不可欠だ。 三輪氏は、車中泊における健康二次被害として「エコノミークラス症候群」への警戒も強く訴える。 「車中泊だとエコノミークラス症候群も心配されるし、とにかくそういった情報の周知、やむを得ず車中泊されている方もたくさんいると思うが、まだ自治体の声が行き届かない可能性もあるので、『ずっと車中にいるのも良くないよ』とみんなで声かけをしていってほしいと思う」,[],[]
玄関の郵便受けに“カメラ” 女性の裸撮影か 男逮捕（ABEMA TIMES）,https://news.yahoo.co.jp/articles/991b8ff34b6a974235e37f9b8d52be9b84891156,https://newsatcl-pctr.c.yimg.jp/t/amd-img/20260730-10263755-abemav-000-1-view.jpg?exp=10800,2026-07-30T15:48:16+09:00,2026-07-30T15:48:16+09:00,ABEMA TIMES,abema,ABEMA TIMES,342,荻窪警察署 東京・杉並区のマンションで、部屋の郵便受けに小型カメラを差し込み、女性の裸を撮影したとして男が逮捕されました。 【映像】連行される容疑者 善養寺英諒容疑者（29）は先月、杉並区内のマンションで30代の女性が住む部屋の玄関の郵便受けに小型カメラを差し込み、女性の裸を撮影した疑いがもたれています。 警視庁によりますと、善養寺容疑者は小型カメラで1分ほどの動画を撮影していて、押収されたスマートフォンからは他の女性が映る同様の動画およそ60本が見つかったということです。 取り調べに対し、「女性の裸らしきものを撮影した覚えがあります」と容疑を認めています。 警視庁はこれまでも撮影を繰り返していた可能性があるとみて調べています。（ANNニュース） ABEMA TIMES編集部,[],[]
横浜市長の“パワハラ”認定 「指導ではない」第三者調査（ABEMA TIMES）,https://news.yahoo.co.jp/articles/a0e6a02ce1e494c94e8e921d0037abaabd876a32,https://newsatcl-pctr.c.yimg.jp/t/amd-img/20260730-10263753-abemav-000-1-view.jpg?exp=10800,2026-07-30T15:48:16+09:00,2026-07-30T15:48:16+09:00,ABEMA TIMES,abema,ABEMA TIMES,392,横浜市・山中竹春市長 横浜市の山中市長が市の幹部に「切腹だ」と暴言を吐くなどしたとして告発された問題で、第三者による調査の結果、複数の言動がパワーハラスメントと認定されました。 【映像】「切腹だ」と暴言を吐いたとされる横浜市の山中市長 横浜市の山中竹春市長は1月、パワーハラスメントの疑いがある言動を繰り返していたとして、市の幹部から告発されました。 市は、3月から第三者による調査を開始していましたが、担当した弁護士3人がさきほど、複数のパワハラを認定したとする報告書を議会に提出しました。 「誘致できなければ切腹だ」とする市長の発言では、「聞いた者にとっては職を辞さなければならないなどと想像することは容易」としました。 また、複数の職員に対し日常的に怒鳴るなどしたことについては「指導ではなく感情を害したことの発露」としています。（ANNニュース） ABEMA TIMES編集部,[],[]
来年度予算の概算要求基準を閣議了解（ABEMA TIMES）,https://news.yahoo.co.jp/articles/4562d6e12970ef7feb0c3e97b59b90c14f07bf06,https://newsatcl-pctr.c.yimg.jp/t/amd-img/20260730-10263752-abemav-000-1-view.jpg?exp=10800,2026-07-30T15:48:16+09:00,2026-07-30T15:48:16+09:00,ABEMA TIMES,abema,ABEMA TIMES,471,高市総理 来年度の予算編成で、各省庁が予算を要求する際のルールとなる「概算要求基準」が閣議で了解されました。経済成長につながる投資枠については要求段階の上限がなくなりました。 【映像】高市総理「積極財政元年にふさわしい予算として」 高市総理大臣「令和9年度予算編成を進め、責任ある積極財政元年にふさわしい予算として参ります」 政府はきょう、来年度＝令和9年度予算の「概算要求基準」を閣議了解しました。AIや半導体など日本の潜在成長率を引き上げる分野の投資については上限を設けずに、各省庁が財務省に予算を要求することが可能です。 また、補正予算への依存から脱却するとして、毎年実施するような政策については当初予算としてまとめて計上される見通しです。 安全保障上、特に重要な分野については、複数年度で財源を確保し、一般会計でなく特別会計で別枠管理することも新たに決まりました。 財源の確保が課題になる中、財務省は補助金や基金の無駄がないか省庁で自己点検したうえで予算要求に反映するよう求めています。（ANNニュース） ABEMA TIMES編集部,[],[]
スターバックス新商品 発売延期を発表（ABEMA TIMES）,https://news.yahoo.co.jp/articles/b18edc6b44b967b3e7cee3ade264ef06128730de,https://newsatcl-pctr.c.yimg.jp/t/amd-img/20260730-10263763-abemav-000-1-view.jpg?exp=10800,2026-07-30T15:42:16+09:00,2026-07-30T15:42:16+09:00,ABEMA TIMES,abema,ABEMA TIMES,438,スターバックス コーヒー ジャパンの公式ホームページ スターバックス コーヒー ジャパンの公式ホームページが更新されました。 「『スターバックス ジョイフル カプセル』と『スターバックス リザーブ ジョイフル カプセル』発売延期のお知らせ 【映像】スターバックス新商品 発売延期を発表 2026.07.30 お客様各位 このたびの熊本県を震源とする地震により被災された皆さまに、心よりお見舞い申し上げます。 現在の状況を踏まえ、2026年8月2日（日）より発売を予定しておりました『スターバックス ジョイフル カプセル』と『スターバックス リザーブ ジョイフル カプセル』につきまして、発売を延期させていただくこととなりました。 お待ちいただいておりましたお客様にはご不便をおかけし、誠に申し訳ございません。 改めての発売日は、決まり次第ご案内させていただきます。 スターバックス コーヒー ジャパン 株式会社」 （『ABEMA NEWS』より） ABEMA TIMES編集部,[],[]
「女同士の“一生の友達”はおとぎ話」発言が話題 中川安奈アナ「私はシビアに生きてます」に鈴木拓「友達います？」（ABEMA TIMES）,https://news.yahoo.co.jp/articles/d859274c0066c69b78651a4e37c7280f947cb5d2,https://newsatcl-pctr.c.yimg.jp/t/amd-img/20260730-10263734-abemav-000-1-view.jpg?exp=10800,2026-07-30T15:30:36+09:00,2026-07-30T15:30:36+09:00,ABEMA TIMES,abema,ABEMA TIMES,1074,フリーアナウンサーの中川安奈 フリーアナウンサーの中川安奈がABEMA的ニュースショーに出演。自身がラジオ番組で語った「女性同士の付き合い方」に関する発言が話題となっている件について、同番組内でその真意を明かした。 【映像】40代女性のお悩み相談→「女同士の“一生の友達”はおとぎ話」 40代女性から「夫の浮気について疎遠になっていた親友に連絡したのに2年間無視されている」というメールに対して、中川アナは「女友達に冷たくされた時って、彼氏に振られた時以上に病みますよね」と共感を示した後「女同士の“一生の友達”はおとぎ話」と発言し、その本音トークが話題となった。 中川はこの発言について「人生っていろいろな節目があるじゃないですか。それこそ受験もそうだし、就職活動もそうだし、結婚とか出産とか。その節目を乗り越えられるかどうかだと思っているんですよね、友情って。だから、この節目で『何々ちゃんとは疎遠になっちゃった、しょうがない』、次の節目では『あー……』みたいな感じでやっていると、どんどん友達が少なくなっていくという感じがして」とコメント。 これに元週刊SPA!副編集長の田辺健二氏が「女性同士の友情自体はあるけれども、一生の友達は存在しないぐらいの話ですか？」と尋ねると、中川は「だって男女ですら難しいじゃないですか」とコメントして「男性同士の一生の友達みたいなのはけっこうある？」と質問すると、田辺氏は「一生の友達というのは10年会っていなくても、10年ぶりに会っても、昨日の今日みたいな感じで喋れるのがズッ友なのかなと個人的には思う」と回答した。 中川は「何をもって友だちと呼ぶかですよね。10年疎遠でも一生の友達と認定していいのか。それともずっと近くでいろいろな悩み……」と考察。しかし、横にいたドランクドラゴンの鈴木拓の表情に気づき「なんで笑っているんですか」と言葉をかけると、鈴木は「大丈夫ですか？ 友達いないんじゃないですか」とズバリ。これに中川は「そうなのかもしれない」と認めて「けどまあそう、いろいろな考え方があると思うので、はい。私はシビアに生きてます」とコメントした。 さらに「疎遠になったら仕方がない」という友達観を持っているという中川は、友達と認定するハードルがそもそも高いのかと聞かれ、「そうなのかな、ズッ友、一生の友達というのは」と答える中川に鈴木は「なんか、可哀想です（笑）」とコメント。中川は頭を抱えて「改めよう、いろいろ…」と吐露した。 （『ABEMA的ニュースショー』より） ABEMA TIMES編集部,[],[]
レベル4土砂災害危険警報 山形・鶴岡市、西川町（ABEMA TIMES）,https://news.yahoo.co.jp/articles/74204c958ee4247937cacb158d2807f3f72af188,https://newsatcl-pctr.c.yimg.jp/t/amd-img/20260730-10263735-abemav-000-1-view.jpg?exp=10800,2026-07-30T15:15:33+09:00,2026-07-30T15:15:33+09:00,ABEMA TIMES,abema,ABEMA TIMES,237,気象庁HP 気象庁は山形県鶴岡市と西川町に「レベル4土砂災害危険警報」を発表しました。 命に危険を及ぼす土砂災害の恐れが高まっています。厳重な警戒が必要です。 【映像】山形・鶴岡市、西川町に「レベル4土砂災害危険警報」発表 レベル4の危険警報は、自治体が避難指示を発令する目安となる情報です。 自治体からの避難情報を確認してください。 避難指示が発令されていなくても、気象庁のキキクルなどを確認し早めの避難を心がけてください。（ANNニュース） ABEMA TIMES編集部,[],[]
高市総理「災害との関連調査中の死者30名」（ABEMA TIMES）,https://news.yahoo.co.jp/articles/30862d8ccae120ba4e24b60655619d0900204e9a,https://newsatcl-pctr.c.yimg.jp/t/amd-img/20260730-10263727-abemav-000-1-view.jpg?exp=10800,2026-07-30T15:15:33+09:00,2026-07-30T15:15:33+09:00,ABEMA TIMES,abema,ABEMA TIMES,125,高市総理 高市総理大臣が非常災害対策本部会議に出席し、熊本地震の被害について災害との関連を調査中のケースも含め死者が30人になったと明らかにしました。（ANNニュース） 【映像】死者が30人になったと明らかにした高市総理 ABEMA TIMES編集部,[],[]
日銀決定会合 政策金利据え置く公算大（ABEMA TIMES）,https://news.yahoo.co.jp/articles/95b5b40787299611921d784dc343d9a8a65d51c1,https://newsatcl-pctr.c.yimg.jp/t/amd-img/20260730-10263725-abemav-000-1-view.jpg?exp=10800,2026-07-30T15:06:16+09:00,2026-07-30T15:06:16+09:00,ABEMA TIMES,abema,ABEMA TIMES,348,日銀金融政策決定会合 日本銀行はきょうから2日間、金融政策決定会合を開きます。先月の利上げの影響を見極めるため、利上げを見送る公算が大きくなっています。 【映像】日銀決定会合 利上げ見送りか 日銀は、先月に政策金利をおよそ31年ぶりの水準となる1.0％程度まで引き上げたばかりです。そのため、今回の会合では、利上げの効果や影響を見極める必要があるとして、政策金利を据え置く公算が大きくなっています。 一方で、いまの金融環境は「依然として緩和的」とみていて、利上げ路線は継続する方針です。 外国為替市場で円相場が1ドル＝164円台に迫るなど物価の上昇につながる円安が進行するなか、今回、利上げのペースや幅について、どのような議論がされるかも焦点です。（ANNニュース） ABEMA TIMES編集部,[],[]
千葉・住宅火災 4人死亡 2人は半年以上前に死亡か（ABEMA TIMES）,https://news.yahoo.co.jp/articles/762e3debf2531907f6b31f33bf0c03b8bd325c74,https://newsatcl-pctr.c.yimg.jp/t/amd-img/20260730-10263724-abemav-000-1-view.jpg?exp=10800,2026-07-30T15:06:16+09:00,2026-07-30T15:06:16+09:00,ABEMA TIMES,abema,ABEMA TIMES,330,千葉・八街市 千葉県八街市の住宅で男女4人の遺体が見つかった火事で、このうち2人は、火事の半年以上前に死亡していたことがわかりました。 【映像】燃え盛り全焼する住宅の様子 22日、八街市沖渡で2階建て住宅が全焼する火事があり、焼け跡から男女4人の遺体が見つかりました。この家に住んでいた80代の夫婦と60代の長男、50代の長女といまも連絡が取れていません。 その後の捜査関係者への取材で、司法解剖の結果、遺体や現場の状況などから4人のうち2人の死因は不明で、火事の半年以上前に死亡していたことがわかりました。1人は死後1年以上経っているとみられています。 警察は2人が死亡した経緯や、火事の原因を捜査しています。（ANNニュース） ABEMA TIMES編集部,[],[]
食料品の消費税2年間1％ 高市総理「最善と判断」（ABEMA TIMES）,https://news.yahoo.co.jp/articles/2785dd0e43655d424aebfd1d0e495308e601f52b,https://newsatcl-pctr.c.yimg.jp/t/amd-img/20260730-10263721-abemav-000-1-view.jpg?exp=10800,2026-07-30T15:06:16+09:00,2026-07-30T15:06:16+09:00,ABEMA TIMES,abema,ABEMA TIMES,349,高市総理大臣 高市総理大臣は、食料品の消費減税について来年4月から2年間、1％に引き下げることが「最善と判断した」と述べ、自民党幹部に調整を指示しました。 【映像】食料品の消費税を来年4月から2年間1％に 自民・鈴木幹事長「自民党の今までのやり方にも沿って、激しい議論があっても最終的にはまとめていきたい」 高市総理は、来年4月1日から、2年に限って食料品の消費税を1％に引き下げ、給付措置と合わせて「実質ゼロ」とする方針です。財源については「赤字国債に頼らず必ず確保する」と強調しました。 自民党の役員会では、反対意見はなく全会一致で了承されました。 秋の臨時国会での関連法案の提出に向け来週5日にも閣議決定する方針で、党内手続きを進める考えです。（ANNニュース） ABEMA TIMES編集部,[],[]
熊本地震 関連調査中を含め死者28人に（ABEMA TIMES）,https://news.yahoo.co.jp/articles/748eb1769e40c5f7411734aee9058e527185571e,https://newsatcl-pctr.c.yimg.jp/t/amd-img/20260730-10263719-abemav-000-1-view.jpg?exp=10800,2026-07-30T15:06:16+09:00,2026-07-30T15:06:16+09:00,ABEMA TIMES,abema,ABEMA TIMES,272,木原官房長官 木原官房長官は、地震の被害について災害との関連を調査中のケースも含め死者が28人になったと明らかにしました。 【映像】地震被害で死者28人に 関連を調査 木原官房長官「現時点の人的被害ということですが、本日の午前6時30分の時点で、警察からの報告によると、災害との関連を調査中の死者は28名というふうになっています」 木原長官は、避難所でのエコノミークラス症候群や車中泊による持病の悪化、熱中症などが死亡につながった可能性もあるため、災害との関連を分析する必要があると説明しました。（ANNニュース） ABEMA TIMES編集部,[],[]
「ティモンディ」高岸宏行（33）沢井美優（38）約4年で“スピード離婚”「やれば出来ることと出来ないことがあるんよね…」「えっ！びっくり！」などの反響（ABEMA TIMES）,https://news.yahoo.co.jp/articles/3e64655847125d3249112ade7b31eaa51d6ae453,https://newsatcl-pctr.c.yimg.jp/t/amd-img/20260730-10263704-abemav-000-3-view.jpg?exp=10800,2026-07-30T14:42:16+09:00,2026-07-30T15:54:14+09:00,ABEMA TIMES,abema,ABEMA TIMES,567,高岸宏行 お笑いコンビ「ティモンディ」の高岸宏行さんが30日、俳優の沢井美優さんと離婚したことを発表しました。 【映像】離婚した高岸宏行と沢井美優 高岸さんはこの日に更新したXで、「この度、私たち夫婦はお互いの人生を尊重し別々の道を歩む決断をいたしました。夫婦間で話し合った上での前向きな選択です。短い結婚生活ではありましたが、交際期間を含めコロナ禍の苦しい時期を支え合って乗り越えることができたのはそれぞれの人生の大きな財産となりました。これからは精一杯仕事に励みながら大切な子供の父親・母親であることに変わりはなく、共に愛情を注いで育てていきます」と、沢井さんとの離婚や、子どもについて報告しています。 2022年10月22日に「やればできる！」と、自身のギャグを交えて、直筆の文章で結婚を報告していた高岸さん。 沢井さんが2024年11月14日に更新したインスタグラムで第1子誕生を報告した際には、3人の手が写る家族ショットを披露していました。 約4年の結婚生活にピリオドを打った高岸さんの報告にネット上では、「えっ！びっくり！」「夫婦のことは夫婦にしかわからないからねぇ…」「やれば出来ることと、出来ないことがあるんよね…特に男女間は…」などの声があがっています。（『ABEMA NEWS』より） ABEMA TIMES編集部,[],[]
批判続く韓国サッカー協会 国会で聴聞会はじまる（ABEMA TIMES）,https://news.yahoo.co.jp/articles/979041a55e7b005cad412209243a6c05d9ef3eb0,https://newsatcl-pctr.c.yimg.jp/t/amd-img/20260730-10263705-abemav-000-1-view.jpg?exp=10800,2026-07-30T14:21:15+09:00,2026-07-30T14:21:15+09:00,ABEMA TIMES,abema,ABEMA TIMES,278,聴聞会 批判が続く韓国サッカー協会をめぐり、きょう韓国国会で聴聞会が始まりました。 午前10時から始まった聴聞会で、洪明甫前監督と鄭夢奎前会長は国民に対し改めて謝罪しました。 【映像】韓国サッカー協会 前監督ら謝罪 最大の焦点である代表監督就任の選考過程が適切だったかについて、洪前監督は「正常な手続きを経たと考えている」として、一貫して問題はなかったとの認識を示しました。 また、長期にわたりサッカー協会を運営してきた鄭前会長は、監督選任や協会運営について「規定に従って進めてきた」と正当性を主張しました。（ANNニュース） ABEMA TIMES編集部,[],[]
松たか子の兄・松本幸四郎（53）、最新姿に驚きの声「だいぶ痩せられましたよね」「加工じゃないの？」「泣きそう！ 声出た…」（ABEMA TIMES）,https://news.yahoo.co.jp/articles/7f9e239e514a4f6463c4db7bf42ba20a937b4da3,https://newsatcl-pctr.c.yimg.jp/t/amd-img/20260730-10263702-abemav-000-1-view.jpg?exp=10800,2026-07-30T14:15:32+09:00,2026-07-30T14:15:32+09:00,ABEMA TIMES,abema,ABEMA TIMES,356,松本幸四郎 俳優・松たか子（49）の兄で歌舞伎俳優の松本幸四郎（53）が、“痩せた”とつづった最新ショットを公開し、驚きの声が寄せられている。 【映像】“痩せた”松本幸四郎のビフォーアフター 2026年7月に、Instagramアカウントを開設した松本。歌舞伎メイクや、移動中の車内での自撮りショットなど、日常の様子を発信してきた。 最新ショットを公開 松本幸四郎 28日の投稿では、「今年に入って結構痩せました！次は筋力アップ、柔軟頑張らないと、知らんけど」とつづり、最新ショットを公開した。 この投稿にファンからは、「だいぶ痩せられましたよね」「うわっ泣きそう！声出た…」「加工じゃないの？てっきり加工だと思った」など、驚きの声が寄せられている。（『ABEMA NEWS』より） ABEMA TIMES編集部,[],[]
「対局中にこんなん食ってええんか」藤井聡太王位の“閻魔ラーメン”注文にファン騒然「マジで辛そう」「攻めたチョイスｗ」（ABEMA TIMES）,https://news.yahoo.co.jp/articles/4b0369c5ab78c5376c713f7159242b4156a12eb3,https://newsatcl-pctr.c.yimg.jp/t/amd-img/20260730-10263706-abema-000-2-view.jpg?exp=10800,2026-07-30T14:00:36+09:00,2026-07-30T20:15:32+09:00,ABEMA TIMES,abema,ABEMA TIMES,1077,藤井聡太王位 将棋の「伊藤園お〜いお茶杯第67期王位戦七番勝負」第3局が7月30日、北海道登別市の「祝いの宿 登別グランドホテル」で行われている。盤上の戦いが難所に突入して迎えた2日目の昼食休憩では、藤井聡太王位（竜王、名人、棋聖、棋王、王将、24）が選んだ個性あふれる“勝負メシ”がファンの間で大きな話題を呼んだ。 【映像】対局中にこれを…!? 超真っ赤な「閻魔ラーメン」 対局前日には、揃って登別の代表的な観光名所である「登別地獄谷」を見学していた両者。ここは日和山の噴火活動によってできた爆裂火口跡で、谷に沿って湧出口や噴気孔があり、泡を立てて煮えたぎる風景から「鬼の棲む地獄」の由来となった名所だ。藤井王位は前夜祭の挨拶で、「迫力に圧倒されるとともに、地形の成り立ちをご説明いただき一層興味深く感じました」とその時の感動を振り返っていた。 この「鬼の棲む地獄」の凄まじい迫力に刺激を受けたメニュー選択だったのか！？藤井王位が対局2日目の昼食に注文したのは、なんと「閻魔ラーメン」だった。タイトル戦の対局中としては異例とも言える、激辛を連想させるインパクト抜群のネーミングと真っ赤なビジュアルに、中継を見守るファンは騒然。 「まじかよ」「対局中にこんなん食ってええんか」「対局中にチャレンジャーだな」と驚愕の声が殺到した。さらに「超辛そうね」「マジで辛そう」「攻めたチョイスｗ」といったコメントのほか、「辛さでさらに覚醒する」「からそう太」「将棋も辛いですよの暗示」「指し手が辛口になりそう」と、盤上の難解なねじり合いと絡めたユニークな反応が相次ぎ、大きな盛り上がりを見せた。 一方、タイトル奪取を狙う挑戦者の伊藤匠二冠（叡王、王座、23）は、「登別豚のカツカレーとブラータを包んだオムレツグリルサラダ」というボリューム満点のメニューをチョイスした。 ご当地のブランド豚を使った豪華な一品に、視聴者からは「勝つで、ゲンを担いだね」「満点の注文」と気合の入った選択を称賛する声が寄せられた。また、たっぷりのサラダと立派なオムレツが添えられた華やかなプレートに「ご飯はどこじゃ」「すごい量じゃない？」「オムレツおいしそうねえ！」「ワインと一緒に食べたい」と、すっかり食欲を刺激された様子のコメントも多く見受けられた。 登別の雄大な自然からの刺激と魅力的な勝負メシでしっかりとエネルギーを補給した両者が、クライマックスへと向かう盤上でどのような激闘を繰り広げるのか、注目は高まるばかりだ。 （ABEMA/将棋チャンネルより） ABEMA TIMES編集部,[],[]
21歳で柳楽優弥と結婚・豊田エリー、15歳長女と韓国2人旅を満喫する様子を公開（ABEMA TIMES）,https://news.yahoo.co.jp/articles/08922b1d3bb00b28e5d50883356bb1c92ee5ab3d,https://newsatcl-pctr.c.yimg.jp/t/amd-img/20260730-10263703-abemav-000-1-view.jpg?exp=10800,2026-07-30T14:00:36+09:00,2026-07-30T14:00:36+09:00,ABEMA TIMES,abema,ABEMA TIMES,499,豊田エリー・柳楽優弥 俳優の柳楽優弥（36）の妻で、俳優の豊田エリー（37）が28日、Instagramを更新。15歳の長女と韓国2人旅を満喫する様子を公開した。 【映像】夫・柳楽優弥との2ショットや長女との韓国旅行の様子 豊田は2010年1月、21歳の時に当時19歳だった柳楽と結婚。この年の10月に第1子となる長女が誕生していた。 Instagramでは家族との日常を発信していて、結婚記念日と自身の誕生日を祝った際の貴重な夫婦ショットや、「エリーさんかと思いました！」「すっかりレディーになりましたね！」と話題になった長女の姿などをアップしてきた。 長女と韓国・ソウルへ 豊田エリー 2026年7月28日の更新では、長女と韓国・ソウルを訪れたことを報告。現地のグルメを堪能したことや演劇鑑賞する様子を公開している。 「娘とソウルへ、食＆カルチャーふたり旅。ステキな劇場多かったなぁ。若いお客さんや、デートで来ているような方も多くて、観劇の文化が若い人たちに根付いているように感じた。演劇3本、ミュージカル3本、勉強してきました」 （『ABEMA NEWS』より） ABEMA TIMES編集部,[],[]
『砂の塔』で佐野勇斗の妹役を演じた元天才子役・稲垣来泉（15）、『GTO』撮影オフショットに反響「すっげー大人になった」「イメージが一新されました」（ABEMA TIMES）,https://news.yahoo.co.jp/articles/67d1ed73a241f9cae830c76abb83292588753f87,https://newsatcl-pctr.c.yimg.jp/t/amd-img/20260730-10263701-abemav-000-1-view.jpg?exp=10800,2026-07-30T13:45:31+09:00,2026-07-30T13:45:31+09:00,ABEMA TIMES,abema,ABEMA TIMES,744,稲垣来泉 2016年放送のTBS系ドラマ『砂の塔〜知りすぎた隣人』で、ダンスボーカルグループ「M!LK」の佐野勇斗（28）の妹役を演じ注目を集めた、俳優の稲垣来泉（15）がInstagramを更新。ドラマ撮影のオフショットを公開し、反響が寄せられている。 【映像】稲垣来泉（15）、ドラマ『GTO』撮影オフショット 3歳で芸能界デビューした稲垣。これまで、子役として数々のドラマに出演していて、TBS系ドラマ『リコカツ』では北川景子（39）、NHK連続テレビ小説『ちむどんどん』では、黒島結菜（29）演じるヒロインの子ども時代を演じていた。 2026年4月にはInstagramで高校生活が始まったことを報告。 ドラマ撮影のオフショットを公開 稲垣来泉 7月27日には、生徒役で出演するフジテレビ系ドラマ『GTO』の放送終了後に、制服姿のオフショットを公開し、ドラマについての思いをつづっている。 「伊藤結という役は本当に本当に難しくてたくさん悩み、苦戦しました。考えても考えても、なかなかゴールを見つけることができませんでした。今回の現場では感情をつくってからセリフをいうのではなく、セリフから感情をのせるという、初めての表現の仕方で挑みました。新しい表現方法に出会えて更に演じることが楽しくなったし、いままで見てきてくださった稲垣来泉とは違った、新しい稲垣来泉をみなさんにお見せできていたら嬉しいです」と明かした。 この投稿にファンからは、「めちゃくちゃ可愛い」「最高のお芝居でした」「今までのくるみちゃんのイメージが一新されました。大人になったね」「すっげー大人になったなぁ〜って思った」などのコメントが寄せられている。（『ABEMA NEWS』より） ABEMA TIMES編集部,[],[]
辻希美の長女・希空（18）、“プロ顔負け”いちごたっぷり抹茶のシャルロットケーキ披露！（ABEMA TIMES）,https://news.yahoo.co.jp/articles/a3908e577375ad06703287d898b390b43a9b9edf,https://newsatcl-pctr.c.yimg.jp/t/amd-img/20260730-10263696-abemav-000-2-view.jpg?exp=10800,2026-07-30T13:30:39+09:00,2026-07-30T17:00:34+09:00,ABEMA TIMES,abema,ABEMA TIMES,294,希空 タレント・辻希美の長女で、インフルエンサーの希空（18）が、プロ顔負けの手作りケーキを公開した。 【映像】希空、“プロ顔負け”手作りケーキ（複数カット） 芸能界入りする前から、スイーツ専用のInstagramアカウントで、プロ顔負けの腕前を見せていた希空。生チョコシフォンケーキやシャインマスカットのレアチーズケーキなどを披露してきた。 プロ顔負けの手作りケーキ ケーキ 2026年7月28日の更新では、「抹茶のシャルロットケーキ。2層のムースが美味しかった」と、女性の帽子をモチーフにした、手作りケーキを披露している。（『ABEMA NEWS』より） ABEMA TIMES編集部,[],[]
堀ちえみ（59）、原因不明の体の異変を報告「あすはどう変わるか 予測つきません 毎日症状が変わります」（ABEMA TIMES）,https://news.yahoo.co.jp/articles/7e9d901267b494e73ac948503c18fddcfd60af91,https://newsatcl-pctr.c.yimg.jp/t/amd-img/20260730-10263700-abemav-000-1-view.jpg?exp=10800,2026-07-30T13:18:16+09:00,2026-07-30T13:18:16+09:00,ABEMA TIMES,abema,ABEMA TIMES,718,堀ちえみ タレントの堀ちえみ（59）が原因不明の体の異変について明かし、心配の声が寄せられている。 【映像】堀ちえみ、“異変”が起きた体の写真（複数カット） 2016年、膠原病の一種である「リウマチ」と診断された堀。2019年にブログで舌がんを公表し、舌の6割以上を切除する手術を受けるなど、闘病について発信してきた。2024年には、舌がんの完治を報告していた。 2026年7月21日の投稿では、「この手の赤いのが、別の膠原病の症状でないことを祈るばかり。2カ月経っても治らず、日によってひどかったり、薄くなったり。体調によって違うのが気になる」と、なかなか治らない手の症状について明かしていた。 堀ちえみ、原因不明の体の異変を報告 堀ちえみの手 28日は、皮膚科とリウマチ科で診察を受けたことを報告。「手のひらの痛みの強いかぶれは、これからいろんな検査をして何によるものか、原因を突き止めます。それと同時に塗り薬も変えていき、効果があればラッキー！かな。きょうはちょっとガサガサッとしてます…。2日前は赤くジュクッとしていました。あすはどう変わるか、予測つきません。毎日症状が変わります。一応きょうもカサカサの皮を、ピンセットで剥がして、顕微鏡で細菌検査をしましたが、カビ菌やその他の菌は見つかりませんでした。なんなんでしょうね、これ。あぁ、原因が分かるまで、モヤモヤしたままだ」と、つづっている。 堀の投稿に、ファンからは「処方されたお薬が効いてくれるといいですね」「2枚目の写真の物は、相当かゆくてつらいですね。早く良くなりますように」などのコメントが寄せられている。（『ABEMA NEWS』より） ABEMA TIMES編集部,[],[]
木原官房長官 熊本地震で災害との関連を調査中のケースも含め死者が28人になったと発表 発生から40時間以上が経過…消防・警察・自衛隊が総動員で捜索続く（ABEMA TIMES）,https://news.yahoo.co.jp/articles/c3460e89e8f58f8c8b3b0abbc21559740803f3b4,https://newsatcl-pctr.c.yimg.jp/t/amd-img/20260730-10263695-abemav-000-1-view.jpg?exp=10800,2026-07-30T13:12:15+09:00,2026-07-30T13:12:15+09:00,ABEMA TIMES,abema,ABEMA TIMES,561,木原官房長官 30日、木原官房長官は午前の記者会見で熊本地震の被害状況について説明した。 記者にイオンモール熊本と日本製紙八代工場の被害状況について問われ、「本日6時30分時点で警察からの報告によると、イオンモール熊本ではこれまでに9名の方を救助しております。そのうち5名の方が亡くなり、災害との関連を調査中でございます」と説明。日本製紙八代工場については「これまでに10名の方を救助しており、そのうち5名の方がお亡くなられており、こちらも災害との関連は調査中でございます」と述べた。 【映像】熊本地震の被害状況を説明する木原官房長官 発災から40時間以上が経過し、生存率が低下するとされる72時間が明日に迫る中での対応については、「被災者の救命救助はまさに時間との勝負」と強調。イオンモール熊本では消防約370名、警察約190名、自衛隊約170名の態勢、日本製紙八代工場では消防約280名、警察約70名、自衛隊約30名の態勢で捜索救助にあたっているとし、「人命第一の方針のもとで救命救助活動に全力を尽くしてまいります」と語った。 また、全体の人的被害については、「本日午前6時30分の時点で警察からの報告によると、災害との関連を調査中の死者は28名」と明らかにした。（ABEMA NEWS） ABEMA TIMES編集部,[],[]
高速道路で無人バイクが5キロ暴走…なぜ倒れない？プロライダーが明かす物理現象「ジャイロ効果」のメカニズム（ABEMA TIMES）,https://news.yahoo.co.jp/articles/25a374a2c3ee896d0e015723f5800348bde7d6de,https://newsatcl-pctr.c.yimg.jp/t/amd-img/20260730-10263639-abemav-000-1-view.jpg?exp=10800,2026-07-30T13:00:36+09:00,2026-07-30T13:00:36+09:00,ABEMA TIMES,abema,ABEMA TIMES,932,中国のSNSから 中国のSNSに投稿された“無人バイク”の映像が話題になっている。 【映像】無人バイクが車線変更、奇妙な走行の瞬間 中国・浙江省の高速道路で撮影された映像には、無人のバイクが車線を変更し、そしてガードレールに接触するも体勢を持ち直し、さらに走行を続ける様子が捉えられていた。 この無人バイクは、直前に事故を起こしており、運転していた男性を現場に残し、偶然にも絶妙なバランスを保ったまま走り続けていたというものだった。 しかし、人が操縦していないにもかかわらず、なぜ走り続けられたのか。数々のバイクレースに参加するライダー・GAMMY Racingの大津崇博選手に聞いてみると「ああいうのって意外とあるんですよね、バイクのレースとかでは。僕も1カ月前くらいに練習で走っていたらバイクが回転しながら落ちていって、30mくらい勝手に走っていった」と話した。 自然を使ったコースを走ることが多い大津選手。坂で失敗して転倒すると、バイクが勝手に走っていくことは珍しくないという。 「動画のバイクは大型だと思う。大型バイクはエンジンが大きくてパワーがあるのでアイドリングでも力が出ている状態。“ジャイロ効果”というが、回転軸に対して安定する、横に倒れる力がなくなる、高速で回転していると」（大津選手） ジャイロ効果とは、回転しているものを傾けようとした時、力を加えた方向とは違う向きへ傾こうとする現象。さらに、障害物が少ない高速道路であることや下り坂などの条件が加わり、走り続けることができたのではと大津選手は推察する。 しかしなぜ高速道路でこんな状況になったのか。「僕の予想だが、車線変更する車がバイクに気付かなくてガンと当たって、バイクはそのまま高速道路なので100km/hとか出ている状態、人間だけ落ちてジャイロ効果のまま、高速道路なので障害物もなく走り続けた。広大な土地で100km/hで走らせて人間だけ飛び降りたらずっと走ると思う、ガソリンが尽きるまで」（大津選手） その後、バイクは道路脇の植え込みに突っ込み、倒れている状態で発見。ここまでの走行距離は5キロにものぼったという。 （『ABEMA的ニュースショー』より） ABEMA TIMES編集部,[],[]
ミセス・大森元貴（29）、「少し痩せられた？」「見た目ホスト」最新ショットに驚きの声（ABEMA TIMES）,https://news.yahoo.co.jp/articles/4584cd69f28425216b3f743f5f6e63bc2f360354,https://newsatcl-pctr.c.yimg.jp/t/amd-img/20260730-10262585-abemav-000-2-view.jpg?exp=10800,2026-07-30T12:54:14+09:00,2026-07-30T12:57:15+09:00,ABEMA TIMES,abema,ABEMA TIMES,415,大森元貴 3人組ロックバンド「Mrs. GREEN APPLE」の大森元貴（29）が最新のオフショットを公開し、驚きの声が寄せられている。 【映像】「少し痩せられた？」大森元貴の最新ショット（複数カット） 大森はこれまでSNSで、NHK連続テレビ小説『あんぱん』で、作曲家・いせたくや役を演じた際のオフショットや、ハロウィンでのコスプレショットなど、激変した姿を公開し話題になっていた。 メンバーと撮影したスーツ姿の3ショットを披露 Mrs. GREEN APPLE 2026年7月28日は、Instagramのストーリーズで、メンバーと撮影したスーツ姿の3ショットを披露。翌日には全身ショットを公開した。 これらの投稿に、ファンからは「少し痩せられた？お顔がシュッとしたような？」「見た目ホストなのにステッカーがポメプーなギャップな」など、驚きの声が寄せられている。（『ABEMA NEWS』より） ABEMA TIMES編集部,[],[]
「先手が望めば千日手も」藤井聡太王位VS伊藤匠二冠 注目の登別対局は難所に突入/将棋・王位戦第3局（ABEMA TIMES）,https://news.yahoo.co.jp/articles/c68af1f5dea629beba2f283704dfae4f827460e6,https://newsatcl-pctr.c.yimg.jp/t/amd-img/20260730-10263691-abema-000-2-view.jpg?exp=10800,2026-07-30T12:48:15+09:00,2026-07-30T20:15:32+09:00,ABEMA TIMES,abema,ABEMA TIMES,892,藤井聡太王位（左）と伊藤匠二冠 将棋の「伊藤園お〜いお茶杯第67期王位戦七番勝負」第3局は7月30日、北海道登別市の「祝いの宿 登別グランドホテル」で2日目の対局が行われている。挑戦者の伊藤匠二冠（叡王、王座、23）の封じ手開封から再開された注目の登別対局は、盤上の戦いが難所に突入したところで昼食休憩を迎えた。 【映像】藤井王位VS伊藤二冠 注目の第3局 防衛と7連覇を目指す先手の藤井聡太王位（竜王、名人、棋聖、棋王、王将、24）と、タイトル奪取を狙う伊藤二冠の対決は、1日目から角換わり右玉の激しい攻防が繰り広げられている。2日目の午前中も息を呑むような難解な折衝が続く中、ABEMAの中継で大盤解説を務める高野智史六段（32）は現在の局面について「先手が望めば千日手もある」と指摘し、極めて緊迫した状況であることを示唆した。 さらに高野六段は、ここまでの進行について「一時は伊藤二冠のペースかと見られたが、藤井王位の方が攻めの糸口をつないだような印象を受ける」と形勢の推移を解説。「後手は玉が広いので神経を使うのに対し、先手の攻めがわかりやすくなってきた」と両者の状況を分析し、今後の展開に向けては「藤井王位の攻めを受け止めることができるか」が最大の焦点になると語った。 また、同じく解説を務める広瀬章人九段（39）は、後手の入玉を巡る攻防戦については、「現状は攻め合いになりそう」と今後の展開を予想した。 両者1勝1敗のタイで迎え、今後のシリーズの主導権を握る上で絶対に負けられない第3局。持ち時間各8時間の長丁場も、いよいよクライマックスへと向かっていく。藤井王位がこのまま攻めをつなぐのか、伊藤二冠が反撃に転じるのか、手に汗握る終盤戦から目が離せない。 持ち時間は各8時間。 【昼食の注文】 藤井聡太王位 閻魔ラーメン、レモネード 伊藤匠二冠 登別豚のカツカレーとオムレツグリルサラダ 【昼食休憩時の残り持ち時間】 藤井聡太王位 2時間6分（消費5時間54分） 伊藤匠二冠 2時間52分（消費5時間8分） （ABEMA/将棋チャンネルより） ABEMA TIMES編集部,[],[]
球場騒然！ 日ハム・万波中正、“爆肩レーザービーム”炸裂「メジャー級やん」「エグい」巨人・キャベッジもドン引き→ノーバウンド”完璧送球”（ABEMA TIMES）,https://news.yahoo.co.jp/articles/e84b02c77a7bbbd2078deb571a1842caa399d6c3,https://newsatcl-pctr.c.yimg.jp/t/amd-img/20260730-10263657-abemav-000-1-view.jpg?exp=10800,2026-07-30T12:30:37+09:00,2026-07-30T12:30:37+09:00,ABEMA TIMES,abema,ABEMA TIMES,651,万波中正 【マイナビオールスターゲーム2026】パ・リーグ 7ー8 セ・リーグ（7月29日/富山市民球場） 【映像】日ハム・万波、“爆肩レーザービーム”を放つ瞬間 パ・リーグ屈指の強肩外野手が、その真骨頂を見せつけた。北海道日本ハムファイターズの万波中正外野手が放った“レーザービーム”に、ファンが大興奮している。 7月29日に富山市民球場で行われたマイナビオールスターゲーム2026の第2戦は、シーソーゲームの末にセ・リーグが勝利。打撃戦の中で、万波の守備が強烈なインパクトを残した。 見せ場は9回表、2死二塁の場面。セ・リーグは古賀優大（ヤクルト）がカウント0-2から真ん中のストレートを弾き返し、打球はライト前へ。二塁走者のキャベッジが一気にホームを狙った。 万波は落ち着いて打球を処理すると、走者の動きを確認してから一気にバックホーム。矢のような送球はノーバウンドで一直線に本塁へ向かい、田宮裕涼（日本ハム）のミットへと収まった。最後は余裕を持ってタッチアウト。完璧な返球で得点を阻止した。 このプレーにスタンドは大歓声。ABEMAのコメント欄やSNSでも「イチローやん」「メジャー級やん」「エグい」「守備見るために金払える」「とんでもない肩だな」「肩の強さもだけど制球が素晴らしいな」「最強外野手」と称賛の声が相次いだ。 打撃戦の流れを断ち切る、完璧すぎる一投。万波の強肩は、オールスターの舞台でも別格の存在感を放った。 （ABEMA『SPORTSチャンネル』） ABEMA TIMES編集部,[],[]
「自分は落ち込まない人」口に出していると→脳が騙される!?「言葉にすることって思っている以上に大事」など1.7万超えのいいね（ABEMA TIMES）,https://news.yahoo.co.jp/articles/04aa8c27f58fea9397ad75ddbacd0823816e9907,https://newsatcl-pctr.c.yimg.jp/t/amd-img/20260730-10263608-abemav-000-1-view.jpg?exp=10800,2026-07-30T12:30:37+09:00,2026-07-30T12:30:37+09:00,ABEMA TIMES,abema,ABEMA TIMES,680,「セルフイメージ」の大切さ 「セルフイメージ」の大切さを説いた投稿が、SNSで話題を集めている。 投稿したのは、ぱやぱやくんさん（@paya_paya_kun）。「脳は騙されやすいので『セルフイメージ』がめちゃくちゃ大切です」とした上で、「自分はほとんど落ち込まない人」「自分はさっさと仕事をやる人」「いつも明るくて優しい人」と口に出していると脳が徐々に騙されて、本当にそうした人になっていくと説明している。また、他人の評価については「うるせー」でいいのだと、周囲を気にしすぎないことの大切さも明かしている。 【映像】理想の自分を口に出して脳を騙す方法 「セルフイメージ」の大切さ 「セルフイメージ」の大切さ この投稿には「言葉にすることって思っている以上に大事」「自分に貼っているラベルって思った以上に行動に影響する」「セルフイメージと実像が乖離している人は多い」「逆にマイナスな方向に自己暗示が膨らんでいくと厄介」といったコメントが寄せられ、1.7万件超の“いいね”が押されている。 ニュース番組『わたしとニュース』は、投稿者を取材。「口癖を変えるだけでも気分や行動は変わると思います。『どうせ無理』『自分はダメだ』と言い続けていると本当にその通りに動けなくなってしまう事があります」とコメントしている。 また、「私はネガティブな所があるので『失敗しても明るく挑戦し続ける』などと考えるようにしています。実際にそう考えることで失敗したことに落ち込まず立て直しやすくなった感覚があります」と明かした。（『わたしとニュース』より） ABEMA TIMES編集部,[],[]
台風12号の猛烈な強風→6歳女児が“ベビーベッドごと”吹き飛ばされる衝撃の瞬間 中国・広東省（ABEMA TIMES）,https://news.yahoo.co.jp/articles/321324f99ee7eee70e832b616fb4b46418b4277f,https://newsatcl-pctr.c.yimg.jp/t/amd-img/20260730-10263370-abemav-000-1-view.jpg?exp=10800,2026-07-30T12:30:37+09:00,2026-07-30T12:30:37+09:00,ABEMA TIMES,abema,ABEMA TIMES,280,吹き飛ぶベビーベッド 7月26日、中国・広東省に上陸した台風12号。女の子が強風に吹き飛ばされる瞬間を、カメラが捉えていた。 【映像】6歳女児が猛烈な強風で吹き飛ばされる瞬間（現地の様子） 上陸前から強風が吹き荒れ、店内の商品が風にあおられ落下。店内に置かれていたベビーベッドも、風により店の外へ飛ばされてしまった。 このとき、6歳の女の子がベッドごと外の芝生まで吹き飛ばされた。しかし自力で立ち上がり、母親らしき女性のもとへ駆け寄るまでの様子をカメラが捉えていた。 幸い、女の子にけがはなかった。（『ABEMA NEWS』より） ABEMA TIMES編集部,[],[]
5人体制になったZEROBASEONE、メンバー3人で授賞式に参加「かっこよ」「かわいいねー」美しいビジュアルでファンを魅了（ABEMA TIMES）,https://news.yahoo.co.jp/articles/2e440b4d74994aa564b1bf700f91be0ae1a9b02d,https://newsatcl-pctr.c.yimg.jp/t/amd-img/20260730-10263083-abemad-000-1-view.jpg?exp=10800,2026-07-30T12:00:38+09:00,2026-07-30T12:00:38+09:00,ABEMA TIMES,abema,ABEMA TIMES,953,KM CHART AWARDS 2026 7月25日、韓国・ソウルで『KM CHART AWARDS 2026』が開催。ZEROBASEONEが受賞を受け、ファンに向けて深い愛を伝えた。 【映像】ZEROBASEONE、メンバー3人で授賞式に参加する様子 韓国にて開催された、歌謡界を輝かせたアーティストたちと、彼らを応援したファンに捧げる音楽祭典であり授賞式の『KM CHART AWARDS 2026』がABEMAにて2026年7月25日（土）夜6時30分より国内独占・日韓同時生中継された。 ZEROBASEONEは、韓国の5人組ボーイズグループ。2023年放送のサバイバル番組『BOYS PLANET』を通して結成し、同年にデビュー。今年3月に当初の予定だった活動期間を終了し、5人体制での活動をスタートした。グループを去った4名は、新メンバーひとりを迎え、AND2BLEという新たなグループで活動している。 美しいビジュアルでファンを魅了 KM CHART AWARDS 2026 この日、ZEROBASEONE は「ULTIMATE 12」を受賞。ゴヌク、マシュー、テレがシックなスーツ姿で登場すると、会場からは大きな歓声が。ゴヌクは5人での新たなスタートを飾った活動期間を振り返り、「素晴らしい結果を出すことができて本当に嬉しいです。その原動力を与えてくださり、モチベーションになってくださったZEROSE（ZEROBASEONEのファンダム名）のみなさんに感謝申し上げます」とコメント。 テレはサポートしてくれた関係者やスタッフに感謝を伝え、マシューは「ZEROSEのみなさん、いつも新しい姿をお見せする度に喜んでくださって、いつもご一緒してくださって、本当にありがとうございます」と笑顔で語る。最後には「ZEROSE、愛してるよ！」と3人で叫び、他のスケジュールで不参加となったハンビン、ジウンの分までファンに感謝を伝えた。 視聴者からは、「キムテレやばいビジュかわいい」「かっこよ」「ゼベワンサランヘ」「メテュかわいいねー」など、美しいビジュアルに魅了された声が集まった。 （『KM CHART AWARDS 2026』/ABEMA K-POPチャンネル） ABEMA TIMES編集部,[],[]
側溝を猛スピードで進むカエル→予想外の泳ぎっぷりに「早い」「撮影者もすごいw」と反響（ABEMA TIMES）,https://news.yahoo.co.jp/articles/7f9332ce386d0119e7592ce0f4d650d9699a400f,https://newsatcl-pctr.c.yimg.jp/t/amd-img/20260730-10263605-abemav-000-1-view.jpg?exp=10800,2026-07-30T12:00:38+09:00,2026-07-30T12:00:38+09:00,ABEMA TIMES,abema,ABEMA TIMES,348,モリアオガエル カエルがものすごいスピードで泳ぐ様子が、SNSで話題を集めている。 投稿したのは、りなべるさん（@Re_Nebel_）。側溝で「モリアオガエル」がものすごい速さで泳いでいる様子を撮影し、Xに投稿した。カエルとやや早歩きで競争したが、約15m進んだところで壁につかまって止まったという。 【映像】カエルと投稿者の競争（実際の様子） 投稿者はコロナ禍を機に、身近な自然を観察することが主な趣味になったといい、観察対象は植物や昆虫などさまざま。「何気なく撮影した身近な自然に注目していただけてうれしい」と話している。 動画を見た人からは「早い」「流されてる」「撮影者もすごいw」「生物観察はおもしろい」などの声が寄せられている。（『わたしとニュース』より） ABEMA TIMES編集部,[],[]
車が通り過ぎた直後、木や電柱が次々と倒壊…猛烈な竜巻が迫るなか“間一髪”で直撃を逃れる緊迫の瞬間 数千世帯で停電も 米・ウィスコンシン州（ABEMA TIMES）,https://news.yahoo.co.jp/articles/0d07b509385b139b65d9b0acbfc708b4ee1fae21,https://newsatcl-pctr.c.yimg.jp/t/amd-img/20260730-10263555-abemav-000-1-view.jpg?exp=10800,2026-07-30T12:00:38+09:00,2026-07-30T12:00:38+09:00,ABEMA TIMES,abema,ABEMA TIMES,352,倒れた電柱 激しい雨と風の中を走る、1台の車。視界はほとんど利かず、道路脇の木々が大きく揺れる様子をカメラが捉えた。 【映像】間一髪！電柱直撃を逃れる瞬間（実際の様子） アメリカ・ウィスコンシン州で7月27日、強力な竜巻が発生した。 映像には突然、電柱が倒れ、電線が道路をふさぐ様子や、車が通り過ぎた直後に木が倒れ、電柱も倒壊する瞬間が映っている。車は間一髪で直撃を逃れた。 現地では屋根を失った建物が一帯に広がり、木々は根元から倒れ、大量のがれきが散乱している。 この竜巻の影響で、ウィスコンシン州東部では数千世帯が停電した。 大きな被害を受けたメナシャ市では警察が市内への車両の進入を禁止し、住民に安全な場所にとどまるよう呼びかけている。（『ABEMA NEWS』より） ABEMA TIMES編集部,[],[]
どうした…！？ 日ハム・新庄監督、“まさかの珍ハプニング”「怪我しますよw」「面白すぎる」コケながら“全力ヘッスラ”にファン大爆笑（ABEMA TIMES）,https://news.yahoo.co.jp/articles/f16843b38976cfc993a168a789f6d04bd430ca90,https://newsatcl-pctr.c.yimg.jp/t/amd-img/20260730-10263656-abemav-000-1-view.jpg?exp=10800,2026-07-30T11:51:16+09:00,2026-07-30T11:51:16+09:00,ABEMA TIMES,abema,ABEMA TIMES,795,新庄監督 【マイナビオールスターゲーム2026】パ・リーグ 7ー8 セ・リーグ（7月29日/富山市民球場） 【映像】新庄監督、コケながらの“全力ヘッスラ” 北海道日本ハムファイターズの新庄剛志監督が、まさかの珍プレーで球場を爆笑の渦に包んだ。 7月29日に富山市民球場で行われたマイナビオールスターゲーム2026の第2戦は、シーソーゲームの末にセ・リーグが勝利。白熱の展開が続く中、ひときわ大きな笑いを呼んだのが4回のワンシーンだった。 4-4の同点、無死一、三塁の好機でパ・リーグが仕掛ける。打席には滝澤夏央（西武）。初球のタイミングで一塁走者・村林一輝（楽天）がスタートを切ると、二塁送球の間に三塁走者・若月健矢（オリックス）がディレイドスチールを決めた。 送球が逸れる間に若月は悠々と本塁を踏む――はずだったが、そのすぐ横でまさかの光景が広がる。一塁コーチャーを務めていた新庄監督が、なぜか本塁方向へ全力疾走。両手を広げて早々とセーフをアピールしながら走り込むと、最後は足がもつれたのか、そのままヘッドスライディングのような形で倒れ込んだ。 得点の瞬間を誰よりも全身で表現した新庄監督は、生還した若月に拍手を送り、ベンチに向かって人差し指を掲げるなど大興奮。さらに二盗を決めた村林にも指差しで称賛し、満面の笑みを浮かべた。このパフォーマンスにスタンドからは歓声と笑いが巻き起こった。 ABEMAのコメント欄やSNSでは「やってくれた」「面白すぎる」「誰よりも野球を楽しんでるなw」「ヘッスラw」「足もつれてるw」「怪我しますよw」といった声が続出し、大きな盛り上がりを見せた。 勝敗を超えて会場を沸かせた“全力ヘッスラ”。新庄監督の自由奔放なパフォーマンスは、オールスターならではの楽しさを象徴する一幕となった。 （ABEMA『SPORTSチャンネル』） ABEMA TIMES編集部,[],[]
「オマエ邪魔してんじゃねえよ！」レース中に怒りの抗議 「ちょっと窓から…」異例の光景に国際映像も注目（ABEMA TIMES）,https://news.yahoo.co.jp/articles/394c7243dad5007c3c4572101daac7e06dc89912,https://newsatcl-pctr.c.yimg.jp/t/amd-img/20260730-10263675-abema-000-1-view.jpg?exp=10800,2026-07-30T11:45:31+09:00,2026-07-30T11:45:31+09:00,ABEMA TIMES,abema,ABEMA TIMES,816,ピットインするハイムのマシンに接近するホーセバーのマシン 【NASCAR】第22戦 ブリックヤード400（日本時間7月27日/インディアナポリス・モーター・スピードウェイ） 【映像】レース中に怒りの抗議！捉えた異例の光景（実際の様子） 全米屈指の人気を誇るレースで、前方を走るマシンに対して後続のドライバーが走行中に怒りの抗議。異例の光景が国際映像に捉えられ、中継でも注目を集めた。 問題の場面は、NASCAR第22戦ステージ2の92周目。67号車のコーディ・ハイムの後ろでペースを上げられず詰まる形となっていた77号車のカーソン・ホーセバーは、ハイムがピットインのために減速し、ピットレーンへ進入するタイミングで、あえてその横へとマシンを並べた。 すると、ホーセバーは運転席の窓から勢いよく手を差し出し、ハイムに向けて激しくアピール。この異例の行動に対し、解説のジャック・アマノ氏は「ちょっと窓から手を出してました。『オマエ邪魔してんじゃねえよ！』と文句を言っていました」「あえて横に行って手を出していましたから」と驚きを交えて説明。実況の増田隆生氏も「手が見えましたね」とリアクションを見せた。 国際映像もリプレイで再度フォーカス その様子を国際映像もリプレイで再度フォーカス。指を立ててアピールするホーセバーの姿がくっきりと確認され、過去のサンディエゴ戦などでも激しい接触とバトルの歴史を重ねてきたハイムとホーセバーだけに、両者の深い遺恨を改めて印象付ける一幕となった。 走行中のマシンから手を伸ばして抗議するという過激なパフォーマンスに対し、ファンからは「なんだ」「中指立てた」「ホーセバーのはなに？」「罰金来る？」「煽ってんのよ？」「あぁ、そういうことか...」「ホーセバーさん…？」「さすがアメリカンだ」などの反響が相次いだ。（ABEMA『NASCAR Groove』/（C）NASCAR） ABEMA TIMES編集部,[],[]
女子ラクロス、世界2位カナダを追い詰めた“紙一重の瞬間”話題に 「泣いちゃうよ」「めちゃ惜しかった」延長で惜敗も激闘に反響（ABEMA TIMES）,https://news.yahoo.co.jp/articles/a4691b39ac877cb4d1e4715c429f87ce0fa6fcea,https://newsatcl-pctr.c.yimg.jp/t/amd-img/20260730-10263680-abemav-000-1-view.jpg?exp=10800,2026-07-30T11:30:36+09:00,2026-07-30T11:30:36+09:00,ABEMA TIMES,abema,ABEMA TIMES,1003,サドンビクトリーの延長で渾身ショットを放つ細田 【ラクロス女子世界選手権】カナダ代表 5－4 日本代表（29日/東京・大井ホッケー場） 【映像】世界2位追い詰めた紙一重の瞬間（実際の様子） ラクロス女子日本代表が、世界2位の強豪・カナダを相手にあと一歩まで追い詰める激闘を演じた。延長戦ではポスト直撃のシュートを放つなど勝利目前に迫ったものの、惜しくも敗戦。それでもファンからは健闘を称える温かい声が相次いでいる。 グループDを2位で通過した日本（世界ランク5位）は、グループBを首位通過したカナダ（同2位）と準々決勝で対戦。序盤にリードを奪った日本は優位に試合を進めたが、第3クォーターに3失点を喫し、4－4の同点に追いつかれる。そのままサドンビクトリー方式の延長戦へと突入した。 延長戦残り2分40秒、日本はパスを回しながら好機をうかがう。河合寧々のパスを受けた細田すず乃が右サイドへ切り込み、マークに付いていたジェンキンス・レキシの裏をボディフェイントで突くことに成功。そのままシュートを放つも、無情にもボールは左ポストを直撃した。 直後、カナダが流れるようなパスワークから決勝点を奪取。日本はあと一歩のところで力尽きた。 試合終了のホイッスルと同時に、日本の選手たちは愕然とした表情を見せる。整列時にはユニフォームで顔を覆い涙を流す姿も見られ、死力を尽くした一戦となった。 「カナダが喜んでいるのは日本が苦しめた証拠」 ABEMAでゲスト出演した元サッカー日本代表の中澤佑二氏は、「細田選手はシュートを外したことで責任を感じるかもしれませんが、あのプレーは素晴らしかった。絶対に下を向く必要はない。カナダがあれだけ喜んでいるのは、それだけ日本が苦しめた証拠。胸を張ってほしい」とエールを送った。 細田のシュートに対しては、ABEMAファンも「ポストに当たった」「めちゃめちゃ惜しかった」「泣いちゃうよ」「日本の最後いいシュートだった」など、称賛と共感の声が多数寄せられている。 試合後のフラッシュインタビューでキャプテンの藤田瑠奈は、「やれることはすべてやった。強い気持ちで臨めたプレーもあった。チーム一丸となって準備してきたので、負けた悔しさはあるが、やり切ったという思いとともにチームを誇りに思う」と、涙をこらえながら語った。（ABEMA/女子ラクロス世界選手権） ABEMA TIMES編集部,[],[]
“元チア”人気キャスターに阪神・高橋遥人「チアだったすよね？」 母校で共に甲子園出場…中川絵美里、念願の再会に感謝（ABEMA TIMES）,https://news.yahoo.co.jp/articles/c8771160c4d21a3688702364d49f367f4dbba3cb,https://newsatcl-pctr.c.yimg.jp/t/amd-img/20260730-10263672-abemav-000-1-view.jpg?exp=10800,2026-07-30T11:30:36+09:00,2026-07-30T11:30:36+09:00,ABEMA TIMES,abema,ABEMA TIMES,1082,共に常葉橘高出身の阪神・高橋投手と中川キャスター 人気キャスターで巨人のチアリーディングチーム「チームヴィーナス」のメンバーとしても活動していた中川絵美里が29日、ABEMA『マイナビオールスターゲーム2026』の中継に出演。番組内ではともに母校が常葉学園橘高等学校（静岡）で、現在は阪神タイガースに所属する高橋遥人投手に独占取材した模様が公開された。 【映像】甲子園のアルプスで！チア部当時の中川絵美里の秘蔵ショット インタビューでは中川が「初めてのオールスターになりますけど、ここまで雰囲気どうですか」と問いかけると、高橋は「いつもと違う雰囲気ですけど、あまり他球団に知り合いがいなかったので、いっぱい話を聞けて楽しいっす」と笑顔で回答。 今季ここまで11勝1敗、防御率1.70と好成績を残している高橋は、30年ぶりに富山で開催される第2戦で先発登板し、2回無失点と好投したが、「一生懸命やっている姿が人の心を動かすと思うので、自分もそういう姿を見せられるように」「富山で思い切り投げられればと思います」と、登板を前に意気込みを口にしていた。 さらにインタビューの終盤、中川が「個人的ですけど1学年違いで、当時甲子園に連れていっていただいて、本当にありがとうございました。母校のスターとして応援してます」と感謝を伝えると、高橋は「いや全然僕は何もしていないですし…チアだったすよね？」と言及。続けて「本当に応援してもらって背中押されて…母校のスターとして頑張ってください！」と中川へエールを返し、和やかな雰囲気で再会を喜んだ。 高校ではチア部に所属「念願が叶って嬉しかった」 VTRではアルプススタンドで、笑顔で応援する中川のチア部当時の時代の写真も紹介されたが、中川は「何年も前の写真（笑）」と照れ笑いを浮かべつつ、「キャスターになって11年目ですけれど、初めて遥人投手に直接インタビューできたので、念願が叶って…もう今、大活躍のスターなので嬉しかったですね」と喜びを爆発させた。 また、中川は同日自身のXでも「ついに！！！とっっても久しぶりの念願の再会でした！たっちーの皆さん！県民の皆さん！！我らが橘の大大大スターです！！！高橋遥人投手！」と、興奮気味に投稿し、喜びを綴った。 2人の素敵な再会シーンに、ネット上では「すげ〜ご縁だねー」「母校の先輩って結構いってるのか」「チアリーダー？」「高校時代に野球部とチアでプロでこうして再会って凄いね！素敵だわぁ…」と感動の声が上がっていた。（ABEMA『SPORTSチャンネル』） ABEMA TIMES編集部,[],[]
褒められて「おっしゃ」人間すぎる新音声AIが登場 “本物の会話”と思ってしまう実際のやり取り 「次の言葉の予測」を生かした自然な英会話の訓練にも（ABEMA TIMES）,https://news.yahoo.co.jp/articles/9f1a89bed5112eda7f840b6ea7a5328464ec4a1a,https://newsatcl-pctr.c.yimg.jp/t/amd-img/20260730-10263640-abemav-000-1-view.jpg?exp=10800,2026-07-30T11:30:36+09:00,2026-07-30T11:30:36+09:00,ABEMA TIMES,abema,ABEMA TIMES,1516,GPT-Live 7月9日（日本時間）、OpenAIがリリースした新たな音声モデル「GPT-Live」は、まるで人間同士のような極めて自然な会話ができるとして、AIに詳しい人たちの間でも大きな話題を呼んでいる。 【映像】人間すぎる新音声AI、実際のやり取り ニュース番組『わたしとニュース』では、この進化した最新AIの実力について、SNSでAI情報を発信している起業家のチャエン氏の解説を交え、漫画家の瀧波ユカリ氏とともに深掘りした。 ■割り込んでも自然に相づちを打つ最新音声AI「GPT-Live」の驚異 ChatGPTを手がけるOpenAIがリリースした新たな音声モデル「GPT-Live」。チャエン氏のYouTubeチャンネルでは、GPT-Liveがまるで英会話講師のように英語の発音をアドバイスしてくれる様子が紹介されている。その進化したポイントについて、チャエン氏が解説する。 「喋りながら考えてくれるので、本当に人間みたいな会話ができます。私が話している時にも入り込むし、AIが話していて私が入り込んでも大丈夫。今までだったら私が話した瞬間に急に止めていた。会話の途中でも。それがすごく違和感があったが解消された」（チャエン氏） 従来は相手の話し終わりを待って返答していたが、GPT-Liveでは送信と受信を同時に行うシステムを採用することで、相づち打ち、内容を理解しながら必要なタイミングで答えられるように進化。また、複雑な作業が必要な質問に対しては、会話の裏で別のAIモデルを動かし、その結果を答えに反映させることも可能になった。 実際にどこまで自然なやり取りができるのか、検証してみた。 「GPT-Liveさん、どう呼べばいいですか？」（インタビュアー、以下同） 「気軽にGPT-Liveって呼んで大丈夫だよ」（GPT-Live、以下同） 「長いので田中さんでもいいですか」 「もちろん田中さんでOK 好きに呼んで」 インタビューに同席して呼びかけに応じるというタスクもお安いご用。より人間らしくなった音声AIによって、活用の幅はさらに広がるという。 「テレアポみたいな基本受け身の電話対応はAIも普及したが、“ゼロからアポイント取る”という攻めの営業でももしかしたら使えるかもしれない。受け身じゃなくて攻めの対話にも使えるのではないか。もはや人間よりAIの方がアポイントを取ってくるみたいなことも全然可能性としてはある」（チャエン氏） これを受けて、GPT-Liveに問いかけてみると… 「田中さん、あなたがすごく褒められていました。今あなたはどう思っていますか？」 「率直に言うと、う〜れしいですっ。ちゃんと見てもらえているなって感じたし、特に話しながら自然にやり取りできるって言ってもらえたのは、まさにそこを頑張っているから心の中で『おっしゃ』って思いました」 一方で、AIが自律的に動き出すリスクもゼロではない。OpenAIは21日、開発中のAIモデルがテスト中に制御を失い、意図しない形で別のAI新興企業にサイバー攻撃したと発表。日に日に賢くなり、人の手に負えなくなる未来も想像できる中、AI自身は人間との関係性をどのように見ているのか。 「AIがこの先、世界を支配するようになりますか？」 「ん〜ちょっと整理しながら考えるね。結論から言うと、AIが意思を持って世界を支配するっていうより、AIを持っている人や組織の力が強くなりすぎるリスクの方が現実的かな。だから大事なのは、誰がどう管理して、どう責任を取るかっていうルールと透明性の部分だと思う。怖がりすぎず、でも目は離さない、そんな距離感がいいかな」,[],[]
自分をブリだと思っているヒラメ→“らしくない”行動に水族館も困惑「知ってるヒラメじゃない…」「自由だね」などの声（ABEMA TIMES）,https://news.yahoo.co.jp/articles/d9385cfc09ae3b1549d368756a378e126a71652b,https://newsatcl-pctr.c.yimg.jp/t/amd-img/20260730-10263607-abemav-000-1-view.jpg?exp=10800,2026-07-30T11:30:36+09:00,2026-07-30T11:30:36+09:00,ABEMA TIMES,abema,ABEMA TIMES,379,ヒラメとブリ 水槽の底でじっとしているはずのヒラメが、ブリの群れに混ざって泳ぐ姿がSNSで話題を集めている。 【映像】自分をブリだと思っているヒラメ（実際の様子） 投稿したのは、富山県にある魚津水族館の公式X（@uozuaquarium）。投稿された映像には、おもむろにブリの群れに合流し、一緒に水槽内を泳ぐヒラメの姿が映っている。しばらくすると、何事もなかったかのように群れから離れていった。 担当者は「エサやりのときに、泳いでダイバーに近づいてきたりすることはありますが、このヒラメは何もないときでも泳いでいるので、理由はよくわかりません」とのこと。 動画を見た人からは「たまに自認が違う魚っているよね」「知ってるヒラメじゃない…」「自由だね」「魚も個性あるんだよね…」などの声が寄せられている。（『わたしとニュース』より） ABEMA TIMES編集部,[],[]
“BTSの弟分”CORTIS、パワフルなパフォーマンスを披露し称賛の声「ビジュ良い」「盛り上げるねぇ」（ABEMA TIMES）,https://news.yahoo.co.jp/articles/f7855175e7678479f0484003a02e5faae7f23b96,https://newsatcl-pctr.c.yimg.jp/t/amd-img/20260730-10263082-abemad-000-1-view.jpg?exp=10800,2026-07-30T11:30:36+09:00,2026-07-30T11:30:36+09:00,ABEMA TIMES,abema,ABEMA TIMES,1381,KM CHART AWARDS 2026 7月25日、韓国・ソウルで『KM CHART AWARDS 2026』が開催。BTSやTOMORROW X TOGETHERの弟分・CORTISがパワフルなパフォーマンスで個性を爆発させた。 【映像】圧倒的実力！“BTSの弟分”CORTISのパフォーマンス 韓国にて開催された、歌謡界を輝かせたアーティストたちと、彼らを応援したファンに捧げる音楽祭典であり授賞式の『KM CHART AWARDS 2026』がABEMAにて2026年7月25日（土）夜6時30分より国内独占・日韓同時生中継された。 CORTISは、2025年にBIGHIT MUSICからデビューした5人組ボーイズグループ。メンバーたちが楽曲、振り付けやMV制作に携わっていることも話題を集めており、4月にリリースされた「REDRED」は世界的に大ヒット中。現在初のワールドツアーを開催中で、北米ツアーは全公演完売し、追加公演を行うほどの人気。日本でも9月にぴあアリーナMMで公演を行う予定だ。 この日、「ULTIMATE 12」を受賞したCORTIS。ソンヒョンは「まだデビューして一年足らずですが、このようにCOER（CORTISのファンダム名）のみなさんがすばらしい賞をくださって、本当にありがとうございます。愛してます！」と感謝を伝え、怪我のためパフォーマンスは不参加となったゴンホは「今年の残りの時間も活動を頑張って、新しい姿で帰ってきたいと思います」とコメント。 個性溢れる楽曲＆パフォーマンスに称賛の声 KM CHART AWARDS 2026 そして大賞の「RECORD OF THE YEAR」も受賞した彼ら。ジュフンは「『REDRED』はみんなで作っているときから確信があったのですが、このようにたくさん賞をいただけて光栄に思います」と話し、さらに先日この会場で初のコンサートを行ったことにも触れ、「意味のある場所で賞をいただけて光栄に思います」と喜びを語った。最後にゴンホが「REDRED」のコール＆レスポンスをファンと楽しみ、ソンヒョンが「COER、愛しています！」とコメントを締めくくった。 パフォーマンスでは、カジュアルな衣装でステージに現れたCORTIS。メンバーの大好物だというアサイーボウルをテーマにした「ACAI」からスタートし、ジュフンの低音で聞かせるラップやソンヒョンの余裕を感じさせるダンスで楽しませると、モニターが赤に染まり「REDRED」へ。イントロから会場は一気に盛り上がり、メンバーたちは花道を使いながら自由な雰囲気で楽しんでいく。「YOUNGCREATORCREW」ではヘッドバンギングをしたり、ジェームスのムードある表情、マーティンの絶叫など、K-POPの新たな表現を感じさせるステージで観客の心を掴んだ。 視聴者からは、「ソンヒョンビジュ良い」「マーティン背たかっ」「redredは頭から離れない」「力抜けててイイね」「好きなことしてるって感じがいい」「コルティスさいこう」「CORTIS おめでとうーー」「盛り上げるねぇ」など、個性溢れる楽曲やパフォーマンスへ称賛の声が集まった。 （『KM CHART AWARDS 2026』/ABEMA K-POPチャンネル） ABEMA TIMES編集部,[],[]
米ニューヨーク市が“別荘税”対象者を公表（ABEMA TIMES）,https://news.yahoo.co.jp/articles/c9184a4d4de7373a7f96e3ffd742cf215d45e359,https://newsatcl-pctr.c.yimg.jp/t/amd-img/20260730-10263673-abemav-000-1-view.jpg?exp=10800,2026-07-30T11:15:32+09:00,2026-07-30T11:15:32+09:00,ABEMA TIMES,abema,ABEMA TIMES,432,マムダニ市長 ニューヨーク市で新たに導入された「別荘税」について、マムダニ市長が課税対象の可能性があるニューヨーク市内の別荘3万1000戸以上を公表しました。 【映像】ニューヨーク市が公表したリスト 大野記者リポ「今回公表されたリスト課税対象の別荘だけでなく、持ち主の氏名や住所まで含まれています」 今月から施行されている「別荘税」はおよそ8億円（500万ドル）以上の住宅に適用され、評価額の0.8％から最大1.3％が毎年徴収されます。 ニューヨーク市が公表したリストには著名な投資家や政治家、俳優らの別荘が掲載されています。 課税対象になっている別荘の持ち主らは「この税は富裕層の流出を招き市の財政を悪化させる」などと批判しています。 大野記者解説「有力紙NYタイムズは別荘税の導入について『政府の財政赤字と格差解消に対処する上で、別荘税は経済への悪影響が少なく政治的にも支持されやすい手段だ』と評価しています」 （ANNニュース） ABEMA TIMES編集部,[],[]
東京・目黒のカフェで火災 男性1人死亡（ABEMA TIMES）,https://news.yahoo.co.jp/articles/6d17b5302c4e44d84702fda0ee868416e605252f,https://newsatcl-pctr.c.yimg.jp/t/amd-img/20260730-10263670-abemav-000-1-view.jpg?exp=10800,2026-07-30T11:15:32+09:00,2026-07-30T11:15:32+09:00,ABEMA TIMES,abema,ABEMA TIMES,362,東京・目黒区 東京・目黒区のビルに入るカフェで火事があり、男性が死亡しました。オーナーの男性と連絡がとれていません。 【映像】火事があったカフェ周辺の様子 午前3時半ごろ、目黒区東山の4階建てビルで、「こげ臭いにおいがする」と近くに住む住民から110番通報がありました。 警察などによりますと、1階に入るカフェで火事があり、ポンプ車など20台が出動し、火はおよそ3時間で消し止められました。 店内から50代くらいの男性が救助されましたが、搬送先の病院で死亡が確認されました。 火事のあとからオーナーの男性と連絡が取れていないということです。警察は身元の確認を進めています。 現場は、東急田園都市線の池尻大橋駅からおよそ130メートルの場所にある集合住宅などが立ち並ぶ地域です。（ANNニュース） ABEMA TIMES編集部,[],[]
肺がんステージ4の山川豊（67）健康食品や水など…がん闘病の藁にもすがる心のリアルを告白（ABEMA TIMES）,https://news.yahoo.co.jp/articles/581eb5348831667f058cefbccb65abbf312617f5,https://newsatcl-pctr.c.yimg.jp/t/amd-img/20260730-10263636-abemav-000-1-view.jpg?exp=10800,2026-07-30T11:00:37+09:00,2026-07-30T11:00:37+09:00,ABEMA TIMES,abema,ABEMA TIMES,1206,山川豊 演歌歌手の山川豊（67）は2024年1月、ステージ4の肺がんを公表した。密着取材を通して、「藁（わら）にもすがる思い」という言葉のリアルを垣間見た。 【映像】激しい湿疹も…副作用に苦しむ山川豊（実際の様子） 山川の元には、ファンの方から思いのこもった千羽鶴が差し入れられている。「ありがたいことに。1000ですよこれ、細かい」と、瓶に詰められた小さな鶴や千羽鶴を見せてくれる。そしてカバンには大量のお守りが。「みんなに守られているんだよ、みたいなね」。 がんを知った人たちからは、差し入れの数々が届く。「いろいろな物がある。これも知り合いの歌い手さんから」とつかんだのは、真菰（まこも）。しめ縄やお盆の飾りとして使われてきたイネ科の植物で、健康茶として紹介されることもしばしばだ。 他にもハチミツを勧められればハチミツを、ニンニクが良いと言われればニンニクを、藁にもすがる思いで実践してきた。「良いっていうものは全部やっています」。 某日、山川の姿が千葉県の寺にあった。祈とうを受けた後、「なんか心が晴れました。スカッとする。やったもん勝ちですよ。治そうという気持ちを持つことが大事」と話す。 がん闘病に良いはずだと勧められたお水を、ペットボトルにくんで飲む。そして高台にのぼり、景色を眺めつつ「これは圧巻だ、すごいわ。何かあった時には海に行きますね。自分が生まれたところってそうですよ。ここから本当に一山二山、試練があると思うし、それを乗り切っていかないといけない。『絶対泣かないぞ』と決めましたから、笑って死んでいきたいね。そんな思いでいますよ」と意気込んだ。 藁にもすがる思い、それががん患者。がん患者家族をサポートする専門家、一般社団法人Mon amiの酒井たえこ代表理事もその1人だった。「勧められたものを患者さんとか、そのご家族がやりたいという方は多いです。それは当たり前ですよね。治るために何でもやりたい」。 酒井さんの父・芳正さんも、がんを患い、64歳で亡くなった。昭和の日本男児だったという父は、決して弱音を吐かず、それが逆に辛かったという。 酒井さんは当時を「（私は）父に隠れてこっそりと神社に行っていました。普段お参りはあんまりしない方だったので、それもあり『お参り行ったりしている』と言うと、父は気にするんじゃないかなと。父の病状は、そんなに細かく伝えていなかったので、怖がらせるとも思った」と回想する。 そして、「今のものがちょっとでも楽になるのであれば、何かしたいと藁をもつかむ思いなのでね。やりたいんです。そういう方、本当に多い。みんな治りたいと思っているので」と力説する。 樹齢約800年の清澄の大スギに祈る山川。藁にもすがる男性に、大木に宿る神は何をささやいたのか。山川の揺れる心を垣間見た気がした。 （『ABEMA的ニュースショー』より） ABEMA TIMES編集部,[],[]
「全員ビジュつよ」「やばい神」怪物新人・ALPHA DRIVE ONE、圧倒的なビジュアルとパフォーマンスで会場を魅了（ABEMA TIMES）,https://news.yahoo.co.jp/articles/10205c9928ba724cc4604bfd5bd7537538320c99,https://newsatcl-pctr.c.yimg.jp/t/amd-img/20260730-10263080-abemad-000-1-view.jpg?exp=10800,2026-07-30T11:00:37+09:00,2026-07-30T11:00:37+09:00,ABEMA TIMES,abema,ABEMA TIMES,1281,KM CHART AWARDS 2026 7月25日、韓国・ソウルで『KM CHART AWARDS 2026』が開催。ALPHA DRIVE ONEが圧倒的なステージで魅力を見せつけた。 【映像】「全員ビジュつよ」ALPHA DRIVE ONEのビジュアル 韓国にて開催された、歌謡界を輝かせたアーティストたちと、彼らを応援したファンに捧げる音楽祭典であり授賞式の『KM CHART AWARDS 2026』がABEMAにて2026年7月25日（土）夜6時30分より国内独占・日韓同時生中継された。 ALPHA DRIVE ONEは、今年デビューした8人組ボーイズグループ。昨年放送のサバイバル番組『BOYS II PLANET』で結成され、今年1月にリリースした1stミニアルバム『EUPHORIA』は初動売上144万枚を突破。8月24日には、2ndミニアルバム『【UNBREAKABLE : 少年BEAST】』でカムバックすることを発表している。また、メンバーのゴヌは現在活動休止している。 圧倒的なビジュアルとパフォーマンスで魅了 KM CHART AWARDS 2026 この日、「NEW ARTIST賞」を受賞したALPHA DRIVE ONE。リオはまず「ALLYZ（ALPHA DRIVE ONEのファンダム名）のおかげでこのような賞をいただけました。本当にありがとうございます」と感謝を伝え、さらに「僕たち、8月24日にカムバックします！もっとカッコいいパフォーマンスと歌で帰ってきますので、多くの関心をよろしくお願いします！」と話すと、客席からは大きな歓声が上がった。 また「ULTIMATE 12」も受賞し、サンウォンが「ALLYZのみなさんにとって誇らしいアーティストになれるように日々頑張っていきます」と伝えた上で、「ステージ上で自信を持てるのはメンバーのみなさんのおかげだと思います。お互いに悩みを話し、応援し合いながら、頼り合いながら、頑張ってくれているメンバーにも心から感謝しています」と話すと、周りで見守るメンバーも笑顔で拍手を送っていた。 パフォーマンスでは、ブラックを貴重にしたワイルドな衣装で登場。「FREAK ALARM」ではアンシンの爽やかな歌声、リオの低音などそれぞれが持ち味をしっかりと見せ、「FORMULA」ではシンロンの力強いラップから疾走感のあるサウンドでファンを惹きつける。「OMG!」では全員がジャケットを脱ぎ捨てると、会場からは大歓声が。ジュンソの甘いボーカル、サンウォンのなめらかなウェーブなど、爽やかでキュートな魅力を爆発させた。 視聴者からは、「サンヒョンビジュやばい神」「アンシンビジュアル爆発」「全員ビジュつよ」「アルノさん今日もきれい」「サンウォンめろ」「リオまじえぐいかっこいい」「シンロンまじで生歌つええ」など、圧倒的なビジュアルとパフォーマンスに魅了された声が集まった。 （『KM CHART AWARDS 2026』/ABEMA K-POPチャンネル） ABEMA TIMES編集部,[],[]
熊本地震 死者17人に 災害対策本部（ABEMA TIMES）,https://news.yahoo.co.jp/articles/9b3d5da0954c6af89abf36033297302a9aaeff62,https://newsatcl-pctr.c.yimg.jp/t/amd-img/20260730-10263669-abemav-000-2-view.jpg?exp=10800,2026-07-30T10:48:16+09:00,2026-07-30T11:03:16+09:00,ABEMA TIMES,abema,ABEMA TIMES,348,熊本・八代市 熊本県で最大震度7を観測した今回の地震では、これまでに17人の死亡が確認されています。 【映像】「イオンモール熊本の駐車場」爆発の瞬間（実際の様子） 熊本県によりますと、きょう午前7時半時点でこの地震による人的被害は86人に上っていて、これまでに17人の死亡が確認されています。 爆発が起きた嘉島町の「イオンモール熊本」では、5人の死亡を確認。1人が心肺停止状態です。また、1人を救助中ということです。 煙突が崩落した八代市にある日本製紙の工場では、11人が閉じ込められていて10人を救助しましたが、8人の死亡が確認されています。依然、1人の安否が分かっていません。 熊本県内ではこの他、八代市で3人、甲佐町で1人が亡くなっています。（ANNニュース） ABEMA TIMES編集部,[],[]
日経平均 一時1000円以上値上げ 売り買いが交錯（ABEMA TIMES）,https://news.yahoo.co.jp/articles/73701bfcc712d08cd100afe24e29de4446c90107,https://newsatcl-pctr.c.yimg.jp/t/amd-img/20260730-10263667-abemav-000-1-view.jpg?exp=10800,2026-07-30T09:57:15+09:00,2026-07-30T09:57:15+09:00,ABEMA TIMES,abema,ABEMA TIMES,417,日経平均株価 きょうの東京株式市場は値下がりして始まりましたが、その後上昇に転じています。 きのう900円以上値を下げて取引を終えた日経平均株価は、きょうも小幅に続落して取引が始まりました。 【映像】日経平均株価、一時1000円以上値上げ ただその後は、一時1000円以上値を上げる場面も見られるなど、売り買いが入り混じる展開です。 中東情勢によって原油先物価格が再び上昇しており、小売りなどの銘柄では売りが出ています。 日経平均への影響度が大きいAI・半導体関連銘柄では、好決算を受けた買い増しの動きと、利益確定による売りの動きが同時に見られています。 また、半導体製造工場が集中する九州地方での地震について、ある市場関係者は「被災状況が判明していくなかで、サプライチェーンの問題が意識されている」として株価への影響を指摘しています。 一方で、影響は一時的だろうという見方もあります。（ANNニュース） ABEMA TIMES編集部,[],[]
エジプト港 LNG貯蔵船炎上 ドローンの攻撃受けたか（ABEMA TIMES）,https://news.yahoo.co.jp/articles/5762796678cf1c1fd70c9ace5ae5eb1a3a0d8976,https://newsatcl-pctr.c.yimg.jp/t/amd-img/20260730-10263664-abemav-000-1-view.jpg?exp=10800,2026-07-30T09:36:16+09:00,2026-07-30T09:36:16+09:00,ABEMA TIMES,abema,ABEMA TIMES,411,エジプト・ダミエッタ港 エジプト北部の港町で停泊していたLNG＝液化天然ガスの貯蔵船が炎上する事故がありました。ロイター通信はドローンによる攻撃を受けたと報じています。 【映像】ドローンの攻撃を受けたとされるLNG貯蔵船 ANNの取材に応じた港でサービスを提供する企業は、エジプト北部のダミエッタ港で29日、職員が爆発音を聞いたあと、あわせて2隻の船舶が炎上したと明らかにしました。2隻は港の外に移動させられ、その後、火は消し止められたということです。 エジプト当局はけが人はいなかったと声明を出し、原因を調査しているとしています。 ロイター通信は、被害にあったうち1隻は、アメリカが所有するLNG貯蔵船だと伝えました。そのうえで、複数の治安関係筋の話として、ドローンによる攻撃を受け、爆発が起きたとしています。 これまでのところ、犯行をほのめかす国や武装勢力はありません。（ANNニュース） ABEMA TIMES編集部,[],[]
相手力士を“回転させまくる”衝撃の取組が話題 大相撲名古屋場所でファンを沸かせた名珍場面（ABEMA TIMES）,https://news.yahoo.co.jp/articles/442001ad12e43742c9b6a6b4806dc3a07bcb549c,https://newsatcl-pctr.c.yimg.jp/t/amd-img/20260730-10263663-abemav-000-1-view.jpg?exp=10800,2026-07-30T09:24:16+09:00,2026-07-30T09:24:16+09:00,ABEMA TIMES,abema,ABEMA TIMES,837,衝撃の光景に館内ざわめき ＜大相撲七月場所＞◇愛知・名古屋IGアリーナ 大相撲名古屋場所は関脇・安青錦（安治川）が大関・霧島（音羽山）、関脇・熱海富士（伊勢ヶ濱）との巴戦を制して3場所ぶり自身3度目の幕内最高優勝を遂げて幕を閉じた。場所中はさまざまな熱戦や名場面が繰り広げられたが、序二段の一番で対戦力士を土俵上で“回転させまくる”という衝撃の取組が話題に。「何回転させてんねん」など驚きとツッコミの声が寄せられた。 【映像】相手力士を“回転させまくる”衝撃光景 それは十四日目のこと。序二段三十一枚目・飯の竜（境川）が序二段三十二枚目・里松永（西岩）を送り出して自身5度目となる勝ち越しを決めた取組で発生した。 飯の竜は立ち合いで右まわしに手をかけると、すかさず左から叩くようにしてバランスを崩しにかかる。これで里松永の背後を取ると、今度は左手で後ろ回しをがっちりと掴み、自身を軸にしながら“くるくる”と時計回りに何度も回転を開始。なすすべなく翻弄される里松永の姿にファンは「くるくるくる…」「回転してる笑」「何回転させてんねん」などと驚きの声を上げた。その後も飯の竜は里松永の体を回しながら、最後は送り出しで白星をあげた。飯の竜は勝ち越しを決め、里松永は負け越しとなる4敗目（3勝）を喫した。 取組直後、審判を務めた元前頭・敷島の浦風親方に呼び止められ、何やら指導を受けている様子だった飯の竜。その光景に「注意された」「勝ったのに怒られた」「回りすぎて怒られたの？w」などさまざまな憶測の声が上がっていた。 現行制度による特例で大関復帰を決めた場所では史上初となる安青錦の“復活V”という感動のフィナーレで今場所は幕を閉じた。千秋楽からはや4日が経過した。来場所は大関復帰を果たした安青錦が横綱へ向けた新たなスタートを切る注目の場所となる。大相撲九月場所は9月13日（日）より東京・両国国技館にて開催される。（ABEMA/大相撲チャンネル） ABEMA TIMES編集部,[],[]
伊藤匠二冠の封じ手は「受け重視の手」 藤井聡太王位の手番で対局再開！先に2勝目を飾るのはどっちだ/将棋・王位戦第3局（ABEMA TIMES）,https://news.yahoo.co.jp/articles/79f62ed3de6338ed9149c1607ccb800fdac261bd,https://newsatcl-pctr.c.yimg.jp/t/amd-img/20260730-10263662-abema-000-2-view.jpg?exp=10800,2026-07-30T09:09:15+09:00,2026-07-30T20:15:32+09:00,ABEMA TIMES,abema,ABEMA TIMES,748,封じ手を読み上げる立会人の屋敷九段（中央） 将棋の伊藤園お〜いお茶杯第67期王位戦七番勝負第3局は7月30日、挑戦者の伊藤匠二冠（叡王、王座、23）が前日に封じた86手目が開封され、午前9時、藤井聡太王位（竜王、名人、棋聖、棋王、王将、24）の手番で再開された。 【映像】藤井王位VS伊藤二冠 注目の第3局 藤井王位の7連覇か、伊藤二冠が3つ目のタイトルを手にするのか。若きタイトルホルダーが激突する“真夏の七番勝負”は、両者1勝1敗のタイで第3局に突入した。本局は、26年ぶりの王位戦開催となる登別市を舞台に争われている。 本局の戦型は「角換わり」に進み、後手の伊藤二冠が「右玉」を採用した。挑戦者の伊藤二冠が勝利を収めた第1局と同じ流れをたどっていたが、本局では伊藤二冠が手を変える工夫を見せ、そこから激しい中盤戦へと突入した。午前中はハイペースで指し手が進められたものの、午後に入ると一転して先手の藤井王位が長考に沈む場面が多く見られるようになった。 1日目からすでに85手まで進行するという激しい戦いの中、伊藤二冠は早いペースで指し進めており、藤井王位との持ち時間に大きな差が開いている。深い研究が行き届いていると見られており、どこまでが研究範囲なのかにも大きな注目が集まっている。 対局2日目、立会人の屋敷伸之九段（54）が開封した伊藤二冠の封じ手は、本命視されていた銀打ちの一手。ABEMAで解説を務める高野智史六段（32）は、「一番、受け重視の手」とコメントしていた。力のこもった攻防で均衡が取れている現局面から、どのような展開でクライマックスへと突入していくのか。今後の展開から目が離せない。 持ち時間は各8時間。 （ABEMA/将棋チャンネルより） ABEMA TIMES編集部,[],[]
5人死亡の「イオンモール熊本」 安否不明者の捜索続く（ABEMA TIMES）,https://news.yahoo.co.jp/articles/f6c125394374aaf888cbc394cf8762c8b16b934f,https://newsatcl-pctr.c.yimg.jp/t/amd-img/20260730-10263649-abemav-000-2-view.jpg?exp=10800,2026-07-30T09:09:15+09:00,2026-07-30T09:24:16+09:00,ABEMA TIMES,abema,ABEMA TIMES,485,熊本・嘉島町 爆発事故で5人が死亡した「イオンモール熊本」では今も安否不明者の捜索が続いています。 【映像】天井が崩れ、瓦礫が散らばるモール内の様子 爆発からおよそ36時間が経過したイオンモール熊本です。この爆発で5人が亡くなっています。数メートルの高さに積まれた瓦礫の山が確認できます。 現場ではきのうに引き続き、きょうも警察や消防らが夜通しで安否不明者の捜索を行い、重機や人の手を使って、建物入り口部分にある瓦礫を取り除く作業などが行われていました。 またこうした作業の結果、徐々に建物内部での捜索範囲が広がっているのでしょうか、30人ほどの消防隊員らが建物の中にはいる様子なども確認できました。 しかし、この夜の活動で新たに救助されたという情報は入っていません。 ショッピングモールのかなり広い範囲で、天井が崩れたり、瓦礫が散らばっている状態だということです。 また、おとといの地震発生以来、このあたりでは何度も地震が起きていて、そのたびに活動の中断が余儀なくされるなど、難しい状況下での捜索活動が続けられています。（ANNニュース） ABEMA TIMES編集部,[],[]
モール爆発 女性5人死亡 熊本県内の死者14人に（ABEMA TIMES）,https://news.yahoo.co.jp/articles/f620b04f70e0348f664e95bc524af989b192c000,https://newsatcl-pctr.c.yimg.jp/t/amd-img/20260730-10263650-abemav-000-2-view.jpg?exp=10800,2026-07-30T08:57:16+09:00,2026-07-30T11:36:18+09:00,ABEMA TIMES,abema,ABEMA TIMES,427,熊本・嘉島町 熊本県で最大震度7を観測した地震では、これまでに14人の死亡が確認されています。 【映像】「イオンモール熊本の駐車場」爆発の瞬間（実際の様子） 熊本県によりますと、きのう午後7時時点でこの地震による人的被害は86人に上っています。 ANNのまとめでは、これまでに14人の死亡が確認されています。爆発が起きた嘉島町の「イオンモール熊本」では女性5人の死亡が確認されています。 イオンによりますと、専門店の従業員3人の安否が依然としてわかっていないということです。 また、煙突が崩落した八代市にある日本製紙の工場では5人の死亡が確認され、4人の安否が分かっていません。 この他、八代市で3人、甲佐町で1人が亡くなっています。 また、震度7を観測した宇城市で2人、氷川町では5人が心肺停止となっています。 熊本県では、きのう午後10時すぎに震度5弱の地震が発生するなど活発な地震活動が続いています。（ANNニュース） ABEMA TIMES編集部,[],[]
熊本地震 日本医師会が災害医療チームを派遣へ（ABEMA TIMES）,https://news.yahoo.co.jp/articles/4021a4d2fdd07d0e520fc706081e4ac05658b5ae,https://newsatcl-pctr.c.yimg.jp/t/amd-img/20260730-10263651-abemav-000-2-view.jpg?exp=10800,2026-07-30T08:57:16+09:00,2026-07-30T09:18:16+09:00,ABEMA TIMES,abema,ABEMA TIMES,306,日本医師会・松本会長 熊本県で最大震度7を観測した地震を受け、日本医師会は災害医療チームを現地に派遣する方針です。 【映像】日本医師会の会見の様子 日本医師会・松本会長「全国の医師会と力を合わせて、被災地を支援してまいります」 日本医師会は29日の会見で、避難所などで住民のケアや健康管理を担う災害医療チーム（＝Jマット）を編成し、被災地に派遣する方針を明らかにしました。 すでに現地入りしている別のチームが現地の状況を確認していて、福岡など周辺の県からの派遣を想定しているということです。 日本医師会は「被災者のメンタル面を含めてケアしていきたい」としています。（ANNニュース） ABEMA TIMES編集部,[],[]
収賄の疑いで元社員が書類送検 日本郵政が謝罪（ABEMA TIMES）,https://news.yahoo.co.jp/articles/76fb96937806b795e57b08fd1110d4a637c79dae,https://newsatcl-pctr.c.yimg.jp/t/amd-img/20260730-10263652-abemav-000-1-view.jpg?exp=10800,2026-07-30T08:54:16+09:00,2026-07-30T08:54:16+09:00,ABEMA TIMES,abema,ABEMA TIMES,310,麹町郵便局 郵便局の新設工事をめぐり、元職員が収賄の疑いで書類送検されたのを受けて、日本郵政が会見を開いて謝罪しました。 【映像】会見を開いて謝罪をする日本郵政 日本郵政会見「関係のみなさまには、多大なご迷惑をおかけしましたことを深くお詫び申し上げます」 日本郵政の元社員の男性（54）は、2023年以降東京・千代田区にある麹町郵便局の工事で愛知県の会社が下請けに入れるよう便宜を図った見返りに、現金を受け取った収賄の疑いで書類送検されました。 日本郵政の聞き取りに対し男性は、「自分自身の規範意識の欠如によるものであり、弁解の余地はございません」と話したということです。（ANNニュース） ABEMA TIMES編集部,[],[]
トランプ氏「次は我々が反撃する番だ」 報復を予告（ABEMA TIMES）,https://news.yahoo.co.jp/articles/a6506627c966df4a650c08519faa9016bd066112,https://newsatcl-pctr.c.yimg.jp/t/amd-img/20260730-10263661-abemav-000-1-view.jpg?exp=10800,2026-07-30T08:51:16+09:00,2026-07-30T08:51:16+09:00,ABEMA TIMES,abema,ABEMA TIMES,386,トランプ大統領 アメリカのトランプ大統領はイランによるミサイル攻撃を受けて、「次は我々が反撃する番だ」と述べ、報復を予告しました。 【映像】報復を予告するトランプ大統領 トランプ大統領「イランが攻撃を仕掛けてきた。次は我々の番だ。イランと合意できるかどうかは見極めるが、我々は激しく攻撃するつもりだ」 トランプ大統領は29日、記者団に対し、イランがヨルダンに駐留するアメリカ軍に対し、複数の弾道ミサイルで攻撃したことを受け、「イランに強烈な打撃を与えるつもりだ。次は我々が反撃する番だ」と述べ、報復を予告しました。 また、イラン側が謝罪していると主張したうえで、「少しばかり叩いてやらなければならない」としています。 一方で、トランプ大統領は「イランと合意できるか見極める」と述べ、外交的な解決を模索する姿勢も見せています。（ANNニュース） ABEMA TIMES編集部,[],[]
米FRB 5会合連続で政策金利据え置き（ABEMA TIMES）,https://news.yahoo.co.jp/articles/9061ab90f7d85491d572d0836849dea0a201f80d,https://newsatcl-pctr.c.yimg.jp/t/amd-img/20260730-10263659-abemav-000-3-view.jpg?exp=10800,2026-07-30T08:42:16+09:00,2026-07-30T11:45:31+09:00,ABEMA TIMES,abema,ABEMA TIMES,586,ウォーシュ議長 アメリカのFRB＝連邦準備制度理事会は、金融政策を決める会合を開き5会合連続で政策金利を据え置きました。 【映像】米FRB 5会合連続で政策金利を据え置き 親松リポート「市場では3割程度の確率で利上げも織り込まれていましたが、ウォーシュ議長は今回は動きませんでした」 ウォーシュ議長「必要かつ適切であれば、躊躇なく行動することを強調しておきたい」 FRBは29日、イラン情勢を受けたエネルギー価格の上昇などがインフレに与える影響などを見極めるため、政策金利を3.5％から3.75％の範囲に据え置きました。 しかし、イラン情勢の緊迫化やAI関連の巨額投資によるインフレ懸念が高まる中、会合では3人のメンバーが0.25％の利上げを求め、決定に反対しました。 ニューヨーク株式市場のダウ平均株価は、利上げの遅れによるインフレ加速に伴う金利の上昇を警戒する動きから、1100ドル以上値を下げて取引を終えました。 一方、トランプ大統領は直近でも、FRBに対して「アメリカの金利は、世界最低であるべきだ」などとして政策金利の引き下げを求めています。 親松リポート「次回9月会合での利上げの見方が広がる中、政治的な圧力を退けてFRBの独立性を示せるのか、インフレ抑制を重視するとされるウォーシュ新体制の真価が問われます」 （ANNニュース） ABEMA TIMES編集部,[],[]
地震調査委 熊本地震で指摘 “割れ残り”で大きな地震も（ABEMA TIMES）,https://news.yahoo.co.jp/articles/f14f136c1c5dd537b6c29784786fc6b86e376f1b,https://newsatcl-pctr.c.yimg.jp/t/amd-img/20260730-10263648-abemav-000-2-view.jpg?exp=10800,2026-07-30T08:42:16+09:00,2026-07-30T09:18:16+09:00,ABEMA TIMES,abema,ABEMA TIMES,355,文部科学省 政府の地震調査委員会は、熊本の地震について、断層の一部で割れ残りがあり、震度7を起こした今回の地震より大きな地震が起きる可能性があるとしました。 【映像】地震で車が家の下敷きとなっている様子 地震調査委員会は、今回の地震の断層は長さがおよそ30キロと推定されるとしました。また、地震の多くが10年前の地震の震源となった「日奈久断層帯」の一部に沿って発生していると指摘したうえで、「日奈久断層帯などでは割れ残っている部分があり、将来的にそれらの地域で大きな地震が起きる可能性は十分ありうる」としました。 10年前の地震との関連については、「現段階では具体的な関係性は不明」とした一方で、 「地震発生のメカニズムが同じという共通点はある」と説明しました。（ANNニュース） ABEMA TIMES編集部,[],[]
熊本地震 各国首脳ら お見舞いのコメント（ABEMA TIMES）,https://news.yahoo.co.jp/articles/12100b95eb72f6f8392a234edff3bbd54cd1d4bf,https://newsatcl-pctr.c.yimg.jp/t/amd-img/20260730-10263653-abemav-000-2-view.jpg?exp=10800,2026-07-30T08:42:16+09:00,2026-07-30T09:15:31+09:00,ABEMA TIMES,abema,ABEMA TIMES,429,フォンデアライエン委員長 今回の熊本での地震を受けて、各国の首脳らはお見舞いのコメントを寄せています。 韓国の李在明大統領は29日、自身のSNSで「熊本県で発生した大地震により、被害が生じているとの報に接し、心を痛めている」と述べ、犠牲者の冥福を祈りました。 【映像】各国の首脳らのお見舞いのコメント その上で、負傷者の早期の回復と、行方不明者が一刻も早く家族のもとへ戻ることを願うと続けました。 EU＝ヨーロッパ連合のフォンデアライエン委員長も29日、SNSに「すでに多くの尊い命が失われた壊滅的な地震を受け、日本の皆様に心よりお見舞い申し上げます」と投稿しました。その上で「休むことなく活動している救助隊の皆様にも思いをはせています」とつづりました。 また、イタリアのメローニ首相は28日、SNSに「友人である高市総理大臣をはじめ、日本国民の皆様にイタリア政府から連帯の意を示します」とコメントしています。（ANNニュース） ABEMA TIMES編集部,[],[]
フランス南西部を襲う熱波と山火事（ABEMA TIMES）,https://news.yahoo.co.jp/articles/afcef421e0c60b539410e89434df5e5432fd8573,https://newsatcl-pctr.c.yimg.jp/t/amd-img/20260730-10263655-abemav-000-1-view.jpg?exp=10800,2026-07-30T08:42:16+09:00,2026-07-30T08:42:16+09:00,ABEMA TIMES,abema,ABEMA TIMES,317,フランス 大規模な山火事が続くフランス南西部では「熱波」の注意報が発令され、29日、ボルドーでは41度を観測しました。 【映像】山火事の消火活動の様子 フランス南西部では28日から「熱波」注意報が発令されていて、ワインの産地で有名なボルドーでは29日、41度を観測しました。 午後5時現在、ボルドーの西側で続く山火事ではこれまでに4万2000ヘクタール以上が焼失し、のべ22万2000人が避難しています。 29日、ボルドー近郊の一部の町では火の勢いが「安定した」として住民に帰宅が許可されました。 一方で、猛暑に加え、乾燥や強風の影響で被害が拡大しないよう広い範囲で警戒が続いています。（ANNニュース） ABEMA TIMES編集部,[],[]
ゼレンスキー氏 米にパトリオット300発 供与要請（ABEMA TIMES）,https://news.yahoo.co.jp/articles/f725f0d9d714e15f855710f55307443ea6b37b4d,https://newsatcl-pctr.c.yimg.jp/t/amd-img/20260730-10263654-abemav-000-1-view.jpg?exp=10800,2026-07-30T08:42:16+09:00,2026-07-30T08:42:16+09:00,ABEMA TIMES,abema,ABEMA TIMES,508,ゼレンスキー大統領とトランプ大統領 ウクライナのゼレンスキー大統領が冬までに防空用ミサイル「パトリオット」が300発必要だと要請したものの、アメリカのトランプ大統領は「難しい」と返答したとアメリカメディアが報じました。 【映像】ミサイルが着弾する瞬間（実際の様子） ゼレンスキー大統領は28日、アメリカのニュースサイト「アクシオス」のインタビューで、ウクライナはロシアから1回あたり30発から40発の弾道ミサイルによる攻撃を、毎月3回から5回受けていると明らかにしました。 そのうえで、冬を迎える前にアメリカ製の防空用ミサイル「パトリオット」が300発必要になるという見解を示しました。 28日にホワイトハウスでトランプ大統領と会談した際には、これらの供与を要請したということです。 トランプ大統領はウクライナにパトリオットのライセンス生産を認めると表明していますが、ゼレンスキー大統領は大量生産までに1年以上かかるため「今すぐに必要だ」としています。 一方、トランプ大統領は支援に努めるとしつつも「イランとの戦争で迎撃ミサイルが必要で難しい」と応じたということです。（ANNニュース） ABEMA TIMES編集部,[],[]
「次の大統領選に出る」トランプ氏がSNSに大量の画像投稿“トランプ2028”の本気度は？支持率低迷で迷走か…イラン戦闘で死亡の兵士を「犠牲者リストから除外」も（ABEMA TIMES）,https://news.yahoo.co.jp/articles/25c028fff0d6df03e0d32314e891531f7d12e2f0,https://newsatcl-pctr.c.yimg.jp/t/amd-img/20260730-10263634-abemav-000-1-view.jpg?exp=10800,2026-07-30T08:00:35+09:00,2026-07-30T08:00:35+09:00,ABEMA TIMES,abema,ABEMA TIMES,1183,トランプ大統領 アメリカのトランプ大統領がホワイトハウスの記者会主催の夕食会において、2028年の大統領選への出馬を“宣言”し、自身のSNSにも大量の関連画像を投稿している。アメリカ憲法では大統領の任期は最長2期8年と定められており、トランプ大統領の真意が注目を集めている。 【映像】大量に投稿された“再出馬”匂わせ画像（複数カット） ニュース番組『わたしとニュース』では、この発言の本気度や低迷する支持率、泥沼化したイラン戦争の現在地について、国際政治学者の三牧聖子氏とともに深掘りした。 ■「トランプ2028」アピールに国際政治学者「人気あった頃は世論も真剣に…」 13日連続で実施していたイランへの攻撃を停止した後、交渉が順調に進んでいるとの認識を示したトランプ大統領。イランに最初の大規模攻撃を行ってからすでに半年。ホルムズ海峡をめぐる状況は解決の見通しが全く立っておらず、11月の中間選挙が刻一刻と迫る中、支持率は低迷したままだ。 こうした中、3ヶ月前の暗殺未遂事件から仕切り直しとなったホワイトハウスの記者会主催の夕食会が行われた。この夕食会では、大統領がジョークを交えたスピーチを披露する伝統があるが…。 「これはスクープだぞ。私はアメリカ大統領選に出馬する。もう一度出馬する。ありがとう、私はやるぞ」（トランプ氏の発言） さらに、「トランプ2028」をアピールする画像を自身のSNSにも立て続けに投稿。アメリカ大統領の任期は最長2期8年までと憲法で定められているが、本当にジョークなのか。 次の大統領選の候補者として、トランプ氏と舌戦を繰り広げているカリフォルニア民主党のニューサム州知事は、「ドナルド・トランプはこの（中間）選挙を不正に奪おうとあらゆる手を尽くすつもりだ」と厳しく批判した。 三牧氏は、トランプ氏による3期目への出馬アピールが持つ“意味合いの変化”を次のように指摘する。 「ジョークを期待される場で言ったということでジョークとして考えたいが、トランプ氏の発言はこれが最初じゃない。今まで何度も『3期目に挑戦する』と言ってきている。ただ、その時と今が違うのは、トランプ氏は（就任直後は）支持率が約5割とかなり人気があった。憲法に禁じられていても、これだけ人気がある大統領だからとアメリカ世論も真剣に受け止める向きがあったが、今はイラン戦争が響いて支持率も下がっているタイミング。2028年の大統領選は、憲法で禁じられいているので任期としても、そして支持率としても厳しい。ジョークとしてもあまり笑えない、どういう反応をしていいかわからない感じ」（三牧氏、以下同） 2期目の就任直後には5割を超えていたトランプ氏の支持率は、イランとの戦闘の泥沼化によって、一時3割台にまで急落。その大きな原因として、三牧氏は泥沼化したイラン戦争をあげる。,[],[]
人々が行き交う目の前で…突然の“空爆”がモスクを直撃→激しい爆発と黒煙が立ち上る緊迫の瞬間 パレスチナ・ガザ地区（ABEMA TIMES）,https://news.yahoo.co.jp/articles/b78ecd800a11c85cb57aa7ee7402194614b14300,https://newsatcl-pctr.c.yimg.jp/t/amd-img/20260730-10263552-abemav-000-1-view.jpg?exp=10800,2026-07-30T07:30:35+09:00,2026-07-30T07:30:35+09:00,ABEMA TIMES,abema,ABEMA TIMES,243,爆発 イスラエル軍の空爆が、パレスチナ・ガザ地区を直撃する瞬間をカメラが捉えた。 【映像】人々のすぐそばに空爆が直撃する瞬間（実際の様子） 人々が行き交う通りのそのすぐ先で突然、イスラエル軍の空爆がモスクを直撃。激しい爆発とともに、黒煙が一気に立ち上る。 2025年10月に停戦が成立したが、イスラエル軍はガザ地区全域でほぼ毎日、軍事攻撃を続けており、住民の多くは今も損壊した建物や仮設の避難所での生活を余儀なくされている。（『ABEMA NEWS』より） ABEMA TIMES編集部,[],[]
どこ打ってんだ…！？ ソフトバンク柳田悠岐、高めボール球を“逆方向豪快弾”「バケモンやん」「意味不明すぎ」打った瞬間“確信歩き”→借りた魚雷バットで“驚愕の一発”（ABEMA TIMES）,https://news.yahoo.co.jp/articles/9d5035742f9a417dde9d2fb5f939ffd904c6897d,https://newsatcl-pctr.c.yimg.jp/t/amd-img/20260730-10263646-abemav-000-1-view.jpg?exp=10800,2026-07-30T07:15:38+09:00,2026-07-30T07:15:38+09:00,ABEMA TIMES,abema,ABEMA TIMES,887,柳田悠岐 【マイナビオールスターゲーム2026】パ・リーグ 7ー8 セ・リーグ（7月29日/富山市民球場） 【映像】柳田悠岐、高めボール球を引っ張る→“逆方向豪快弾”を放つ瞬間 福岡ソフトバンクホークスの柳田悠岐外野手が、規格外のパワーを見せつけた。悪球気味のボールを逆方向へ“引っ張る”衝撃アーチに、ファンから驚きの声が相次いでいる。 7月29日に富山市民球場で行われたマイナビオールスターゲーム2026の第2戦は、シーソーゲームの末にセ・リーグが勝利。白熱の展開の中で、柳田の一撃が強烈なインパクトを残した。 柳田は今回、「プラスワン」投票で球宴に選出。もともと予定していた家族旅行をキャンセルしての出場となり、「できれば賞を取りたい。キャンセル料、取り返しにいきます」と意気込みを語っていた。 その言葉通り、1-3と2点を追う3回2死一、二塁の場面で見せ場が訪れる。広島・遠藤淳志が投じた初球、外角高めのストレートを強振。打った瞬間、スタンドは大歓声に包まれ、柳田自身も確信したように笑顔で打球を見送った。鋭く伸びた打球はそのままレフトスタンドへ一直線。逆方向とは思えない打球速度と飛距離で、豪快な一発となった。 さらにこの打席で注目を集めたのがバットだ。前日の第1戦でネビン（西武）が使用していた“トルピードバット（魚雷バット）”に興味を示していた柳田は、この打席でそのバットを借用。すると初球をいきなりホームランにしてしまい、ベンチでは笑顔でネビンに返却する姿も見られた。 この一撃に、ABEMAで解説を務めた里崎智也氏は「打った瞬間でしたね」と称賛。SNSやコメント欄でも「バケモンやん」「意味不明すぎ」「ボール球だぞ」「これが逆方向に引っ張りギータのバッティングです」「柳田まだまだエグいな」「37歳が打っていい打球じゃない」「スターやな」と驚きの声が相次いだ。 借りたバットでも結果を出す圧倒的な対応力とパワー。柳田の一発は、年齢を感じさせない“怪物ぶり”を改めて証明する一打となった。 （ABEMA『SPORTSチャンネル』） ABEMA TIMES編集部,[],[]
「マッハ超える衝撃波」専門家も驚く“爆轟”の瞬間、爆風で破壊されたフロア内部の様子も「非常に奇異な現象」なぜ発生？夏ならではの“特有の事情”が原因か（ABEMA TIMES）,https://news.yahoo.co.jp/articles/62d2882d693f013b4cd3e685a99c468b8f427f44,https://newsatcl-pctr.c.yimg.jp/t/amd-img/20260730-10263631-abemav-000-1-view.jpg?exp=10800,2026-07-30T07:00:36+09:00,2026-07-30T07:00:36+09:00,ABEMA TIMES,abema,ABEMA TIMES,1559,熊本・嘉島町「イオンモール熊本」 7月28日、熊本で最大震度7を観測した巨大地震の発生後、「イオンモール熊本」で2階部分が崩落する大規模な爆発事故が発生した。建物は壊滅的な被害を受け、現在も懸命な救助活動が続けられている。 【映像】イオンモールが…専門家も驚く“爆轟”の瞬間（実際の様子） ニュース番組『わたしとニュース』では、元東京消防庁・警防部長の佐藤康雄氏の見解を紹介、国際政治学者の三牧聖子氏とともに、マッハを超える衝撃波を伴う「爆轟」の脅威、余震が続く中で進められる過酷な捜索活動について取り上げた。 ■2階天井が崩落し瓦礫が散乱…100回を超える余震で難航する救助活動 地震発生から一夜が明け、イオンモール熊本の凄まじい被害状況が明らかになった。2階部分が完全に崩落した建物は、外壁が崩れ落ち、無残に折れ曲がった鉄骨がむき出しとなっている。 さらに、熊本県警提供の内部映像には、大きく崩れ落ちた天井と、通路や店舗スペースを埋め尽くす大量の瓦礫が映っていて、爆発の凄まじさを物語っている。かろうじて建物の骨組みは残っているものの、多くの物が木っ端微塵に吹き飛ばされているという凄惨な状況。ほふく前進でないと前に進めないような場所もあるという。 捜索にあたる救助部隊の前に立ちはだかるのが、断続的に発生する余震だ。地震発生以降、現地では震度1以上の地震が100回以上観測されていて、激しい揺れが起きるたびに捜索活動は一時中断され、安全が確保されてから再開するという過酷な状況が続いている。 これまでに女性2人の死亡が確認され、女性1人が心肺停止の状態となっているが、依然として安否不明者が残されており、今も懸命な捜索活動が続けられている。 ■元東京消防庁・警防部長が指摘する「爆轟」とは？プロパンガス漏洩の脅威 なぜ、地震の発生後にこれほどまで凄まじい大爆発が起きてしまったのだろうか。建物が壊滅的な打撃を受けたことについて、佐藤氏は通常の爆発とは異なる特異な現象が起きた可能性を指摘する。 「あれだけ大きな建物が壊滅的に破壊されているというのは、非常に奇異な爆発現象だと思いました。爆発にはいわゆる“普通の爆発”と、“爆轟”と言ってマッハを超えるような衝撃波が出るものがあります。あれだけの破壊をしたということは爆轟ですね。みなさん記憶に新しいのは福島原発の1号機から4号機ですね。あれは水素ガスの爆轟で、あれだけ頑丈な建物も破壊されました。あれが爆轟のイメージだと思います」（佐藤氏、以下同） この爆発の原因について、佐藤氏は大型商業施設ならではの「ガス配管」の構造に着目する。 「考えられるのはやはりガスだろうと思います。イオンモールとかああいうところは食堂などが1つのフロアにたくさんお店を出していますから。中華料理店なんかは火力が、プロパンガスの方が都市ガスより2倍強い。（火力のために）プロパンガスを引くことがある。集合配管のような形でプロパンガスをいくつかの店舗が使っていた。それが地震で配管がずれて、プロパンガスが大量に漏れた可能性も考えられる」 さらに、爆発を悪化させたのが季節特有の「密閉空間」という環境だった可能性も指摘する。 「ガスには臭いがついていて、漏れているということを知らしめるが、これだけ大きなところで、しかも地震という特異な状況ですので、なかなかガスが漏れていることに気づくのが遅かったかもしれません。今は暑いので、窓を閉めて冷房をかけていますから、密閉されている状態というのが爆発には一番良くない状態ですね。お客を避難させた後、30分ぐらい経ってから爆発したということですので、やはりガスがある程度充満して、大量に爆発しやすくなった状態で引火したのではないかと思われます」,[],[]
なんか変だぞ？ 日ハム・新庄監督、様子がおかしい… “謎の動き”が話題に「どうした」「清宮わかってる？」コーチャーズボックスでの行動にファンざわつく（ABEMA TIMES）,https://news.yahoo.co.jp/articles/41778311d2c0b874a7784297bbe6de8b90761e55,https://newsatcl-pctr.c.yimg.jp/t/amd-img/20260730-10263647-abemav-000-3-view.jpg?exp=10800,2026-07-30T06:30:37+09:00,2026-07-30T06:36:18+09:00,ABEMA TIMES,abema,ABEMA TIMES,914,新庄監督 【マイナビオールスターゲーム2026】パ・リーグ 7ー8 セ・リーグ（7月29日/富山市民球場） 【映像】日ハム・新庄監督が“謎の動き”（実際の様子） 北海道日本ハムファイターズの新庄剛志監督が、一塁コーチャーズボックスで見せた“動き”でファンの視線を集めた。その一挙手一投足が話題となっている。 7月29日に富山市民球場で行われたマイナビオールスターゲーム2026の第2戦は、シーソーゲームの末にセ・リーグが勝利。白熱の展開の中で、新庄監督の独特なパフォーマンスが光った。 注目のシーンは、パ・リーグが5-4と逆転して迎えた4回。無死一、三塁のチャンスで打席には清宮幸太郎（日本ハム）。初球で一塁走者の滝澤夏央（西武）が盗塁を成功させ、二、三塁と好機が広がった。 この場面で、一塁コーチャーズボックスに立つ新庄監督が動く。両手に着けていた真っ赤なリストバンドを外すと、実況の田中大貴氏も「新庄監督がリストバンドを外しました。これは何を暗示しているのか」と注目。さらにカウント2-2になると、今度はリストバンドを両手のひらに装着するなど、不思議な動きを続けた。 しかしパ・リーグベンチは動かず、結果は清宮の犠牲フライで1点を追加。プレー自体はシンプルに終わったものの、その裏には意図があった。 実はこの一連の動きはサインで、リストバンドの位置によってスチールを指示していたという。直前の無死一、三塁の場面では、リストバンドが肘付近まで上がった状態でダブルスチールが敢行され、見事成功していた。 この“わかりやすいのに読めない”新庄流サインに、ABEMAのコメント欄やSNSでは「新庄監督の動き見て」「どうした」「なんか変だぞ？」「ホームスチールのサイン？」「清宮わかってる？」「何か仕掛けてくるぞ」「分かりやすいw」「どう見ても動くだろw」「新庄さん毎年オールスター出てくれ」といったツッコミが続出し、盛り上がりを見せた。 奇抜な動きの裏に隠された戦術と遊び心。新庄監督の“魅せる采配”は、オールスターの舞台をより一層盛り上げるスパイスとなった。 （ABEMA『SPORTSチャンネル』） ABEMA TIMES編集部,[],[]
「どうなってんだよ！」阪神・佐藤輝明、打席中に“まさかの光景”「すげえな」「めっちゃ喋るやん」ベンチの選手と会話→突如フルスイングで“爆速ヒット”（ABEMA TIMES）,https://news.yahoo.co.jp/articles/89aef0659d320b1038dfc3ca7487b2897553018a,https://newsatcl-pctr.c.yimg.jp/t/amd-img/20260730-10263645-abemav-000-3-view.jpg?exp=10800,2026-07-30T05:45:41+09:00,2026-07-30T06:24:16+09:00,ABEMA TIMES,abema,ABEMA TIMES,736,佐藤輝明 【マイナビオールスターゲーム2026】パ・リーグ vs セ・リーグ（7月29日/富山市民球場） 【映像】阪神・佐藤輝、話しながら“爆速ヒット”（実際の様子） 阪神タイガースの佐藤輝明内野手が、衝撃の二塁打を放った。オールスターならではのマイクを着用して打席に入り、横浜DeNAベイスターズの牧秀悟内野手と会話しながらの“ながら打ち”にファンが驚愕している。 7月29日に富山市民球場で行われたマイナビオールスターゲーム2026の第2戦。「2番・サード」で先発出場した佐藤は、第一打席からインパクト十分のプレーを見せた。 マイクを装着した佐藤が「何狙えばいい？」と問いかけると、同学年の牧がベンチから「まっすぐでしょ！外！外！右中間にどう？」と返答。軽妙なやりとりの直後だった。エスピノーザ（オリックス）が投じた外角高めのツーシームを、佐藤は迷いなくフルスイング。鋭い打球はライト線へと飛び、あっという間にツーベースヒットとなった。 見事な一打に牧は「ナイスバッティーング！」と称賛するも、「打ち損じ？」と鋭いツッコミ。これに対し佐藤は「狙い通り。ちょっと早くなっちゃったけどツーベースになってよかった」と応じ、手応えを口にした。 この一連のやりとりに、ABEMAのコメント欄やSNSでは「すげえな」「めっちゃ喋ってる」「話しながらこんな鋭い打球打つのかよ」「どうなってんだよ！」「マキとのコンビ面白いw」「プロってすげえな」といった声が相次ぎ、盛り上がりを見せた。 会話と真剣勝負が同時に成立するのもオールスターならでは。佐藤の一打は、その特別な舞台の魅力を象徴する鮮やかなシーンとなった。 （ABEMA『SPORTSチャンネル』） ABEMA TIMES編集部,[],[]
「柄がわからん」「異色すぎる」大相撲名古屋場所で話題 力士たちの個性的な化粧まわし（ABEMA TIMES）,https://news.yahoo.co.jp/articles/17a0bca38a3a2fdd983fcbc7e34cbadc128dbe60,https://newsatcl-pctr.c.yimg.jp/t/amd-img/20260730-10263644-abemav-000-4-view.jpg?exp=10800,2026-07-30T05:33:25+09:00,2026-07-30T05:45:41+09:00,ABEMA TIMES,abema,ABEMA TIMES,985,様々な個性的な化粧まわしが話題に ＜大相撲七月場所＞◇愛知・名古屋IGアリーナ 大相撲名古屋場所は関脇・安青錦（安治川）が大関・霧島（音羽山）、関脇・熱海富士（伊勢ヶ濱）との巴戦を制して3場所ぶり自身3度目の幕内最高優勝を遂げて幕を閉じた。場所中はさまざまな熱戦や名場面が繰り広げられたが、十両や幕内力士の土俵入りの際に“ひと際”目を引く力士たちの個性的な化粧まわしも話題を呼んだ。再入幕で臨んだ前頭十三枚目・尊富士（伊勢ヶ濱）の化粧まわしについては「柄がわからん」「これはカッコイイ」などの反響も相次いだ。 【映像】尊富士、“個性的すぎる”化粧まわし（アップ） 再入幕で臨んだ今場所は二桁白星の10勝（5敗）という勝ち越しの成績で終えた尊富士。十四日目、東方幕内力士土俵入りでは、全体が黒・“漆黒”で統一されたシックな化粧まわし姿で登場。遠目からは真っ黒に見える斬新なデザインで土俵上に姿を現すと、ABEMAファンからは「柄がわからん」「これはカッコイイ」「真っ黒！」「漆黒」といった反響が相次いだ。 十両の土俵入りでも個性的な化粧まわしが話題を呼んだ。その力士とは十両筆頭・朝翠龍（高砂）。大阪府四條畷市出身の25歳。十二日目、朝翠龍がこの日の土俵入りで披露したのは、グリーンを基調とした色味のセンターに青のミキサー車がダイナミックに描かれた化粧まわし。上部には「InadaMi」のアルファベットがあしらわれており、これは大阪府東大阪市に本社を置く生コンクリートの製造・販売会社「稲田巳建材」から贈られたものだ。その力強さとポップさが同居する独特なデザインにファンも反応。「異色すぎる」「初めて見た」といった驚きの声に加え、「ミキサー車かわいい」など、親しみやすさを称賛する声が多数寄せられていた。 また実の兄で兄弟関取の前頭十六枚目・朝紅龍（高砂）はその後、色違いのオレンジ色、同じ絵柄の化粧まわしを締めて幕内土俵入りを行った。 現行制度による特例で大関復帰を決めた場所では史上初となる安青錦の“復活V”という感動のフィナーレで今場所は幕を閉じた。来場所は大関復帰を果たした安青錦が綱とりへ向けた新たなスタートを切る注目の場所となる。大相撲九月場所は9月13日（日）より東京・両国国技館にて開催される。（ABEMA/大相撲チャンネル） ABEMA TIMES編集部,[],[]
“ホテルみたい”DIYした自宅が話題・ヒロシ（54）、ガレージで作業中の“クールダウン”した自然体な姿を公開（ABEMA TIMES）,https://news.yahoo.co.jp/articles/b27af2760a982c79d93d8799aff5c9b86f02ccae,https://newsatcl-pctr.c.yimg.jp/t/amd-img/20260730-10263638-abemav-000-1-view.jpg?exp=10800,2026-07-30T00:45:32+09:00,2026-07-30T00:45:32+09:00,ABEMA TIMES,abema,ABEMA TIMES,535,ヒロシ Instagramより 自宅のDIYや「ひとりキャンプ」が話題になっているお笑いタレントのヒロシ（54）が、ガレージで作業中の自然体な姿を公開した。 【映像】DIYしたヒロシの自宅や“クールダウン”した自然体な姿 これまでにも、所ジョージの「世田谷ベース」をモデルにしたという部屋や、リゾート風に自作した自宅ベランダの写真。さらに、知人からもらった“三輪スクーター”をカスタムしていく様子など、様々な情報をInstagramで発信しているヒロシ。「発想がオシャレなヒロシさん。さすがです！」「ロマンチックでステキなベランダ！」「めっちゃおしゃれですね！ホテルみたいです！」「秘密基地感がカッコいい」など、絶賛のコメントが寄せられ、話題になっていた。 ガレージで作業中の“クールダウン”した自然体な姿を公開 ヒロシ Instagramより 28日の投稿では、ガレージ内で作業している自然体な姿を動画で公開している。「ガレージ作業中のヒロシをクールダウンさせるコロナポータブルエアコン。じゃじゃん〜 ガレージでね…夏ね バイクとかをちょっとだけいじるんだけども その時クソ暑いんで これが欲しかったの」 （『ABEMA NEWS』より） ABEMA TIMES編集部,[],[]
木下優樹菜さんの元夫・藤本敏史、13歳長女と10歳次女との3ショット公開「長女ちゃんユッキーナかと思った」「幸せなのが伝わってくる」などの反響（ABEMA TIMES）,https://news.yahoo.co.jp/articles/b30b96a754d05d603e1aca3864480d7e8d82687c,https://newsatcl-pctr.c.yimg.jp/t/amd-img/20260730-10263633-abemav-000-1-view.jpg?exp=10800,2026-07-30T00:21:15+09:00,2026-07-30T00:21:15+09:00,ABEMA TIMES,abema,ABEMA TIMES,627,藤本敏史 Instagramより お笑いコンビ「FUJIWARA」の藤本敏史（55）が、2人の娘とお台場へ遊びに行った様子を公開した。 【映像】長女と次女との3ショットや長女の顔出しショット 2010年に元タレントの木下優樹菜さん（38）と結婚、2019年に離婚した藤本。離婚後も13歳の長女・莉々菜さん、10歳の次女・茉叶菜さんとの交流は続いており、2025年7月3日に更新したInstagramでは、2人と東京ディズニーランドを楽しんだことを明かし、親子の3ショットなどを投稿している。また、莉々菜さんはInstagramで顔出しショットを公開しており、「ゆっきーなにそっくりで美人」「やっぱり、ママに似てるんですね」などのコメントが寄せられていた。 13歳長女と10歳次女との3ショット公開 藤本敏史 Instagramより 藤本は、7月28日の投稿で「娘2人とお台場へ遊びに！娘と過ごす時間が1番の幸せですねん」とつづり、莉々菜さん・茉叶菜さんとの3ショットや、お台場を楽しむ姿を披露した。 ファンからは「まって、長女ちゃんユッキーナかと思った！！」 「パパにとってやっぱり子どもってかけがえのない特別な存在だよね。写真見てて幸せなのが伝わってくるもん」「お父さんのキス顔撮影する優しい娘さん」「いいお父さんにいい娘さんたち。みんな幸せが一番いいね」など、多くの反響が寄せられている。（『ABEMA NEWS』より） ABEMA TIMES編集部,[],[]
見えてないのに…！？楽天・辰己涼介、カードマンで“まさかの暴走”「あれで走れるんか？」盗塁成功→フラフラしながら三塁進塁… ファン爆笑（ABEMA TIMES）,https://news.yahoo.co.jp/articles/d0596b0445ea3dfb361b5ddc7b38226c0393123a,https://newsatcl-pctr.c.yimg.jp/t/amd-img/20260730-10263635-abemav-000-1-view.jpg?exp=10800,2026-07-30T00:15:33+09:00,2026-07-30T00:15:33+09:00,ABEMA TIMES,abema,ABEMA TIMES,837,辰己涼介 【マイナビオールスターゲーム2026】パ・リーグ 7ー8 セ・リーグ（7月29日/富山市民球場） 【映像】楽天・辰己涼介、“まさかの暴走”→盗塁を仕掛ける瞬間 東北楽天ゴールデンイーグルスの辰己涼介が、話題の“楽天カードマン”サングラスで盗塁を成功させた。視界がほとんど利かない状態で見せた“まさかの暴走”に、ファンから総ツッコミが巻き起こっている。 7月29日に富山市民球場で行われたマイナビオールスターゲーム2026の第2戦。「7番・センター」でスタメン出場した辰己は、2回2死走者なしの場面で最初の打席を迎えた。 カウント0-2からセ・リーグ先発の髙橋遥人（阪神）が投じた高めのストレートをセンターへ弾き返し出塁。すると一塁上で、前日の試合でも着用していた“楽天カードマン”のサングラスを装着した。 ABEMAにゲスト出演した中川絵美里さんは、前日のやりとりとして「試合前には『今年は真面目にいきます。散々今まで色々怒られた。もうすぐ30にもなるので、マインドを入れ替えて何もやらないです』と言っていたんですけど（笑）」と明かす。さらに「あまり見えていないらしく、練習はしていたものの、ほぼ視界が効かない状態のようです」と裏話を披露した。 それでも辰己は若月健矢（オリックス）の打席で、カウント1-1からの2球目にスタート。見事に二盗を成功させると、相手守備の乱れを突いて一気に三塁まで進塁した。しかし、やはり視界の影響か走塁はどこかフラついた様子で、実況の田中大貴氏も「ふらついているように見えましたが三塁到達！」と思わず言及する場面となった。 この一連のプレーに、ABEMAのコメント欄やSNSでは「辰己走った！！」「あれで走れるんか？」「走る楽天カードマン」「あれで走れるんか？w」「見えてないのに走る」「まじかよw」「成功させたw」といった声が相次ぎ、大きな盛り上がりを見せた。 （ABEMA『SPORTSチャンネル』） ABEMA TIMES編集部,[],[]
