headline,mainEntityOfPage,image,datePublished,dateModified,author,media_en,media_jp,str_count,body,images,external_links
結婚発表の福原遥＆久保建英、直筆署名に注目集まる「似てる」「人柄が滲み出てる」（モデルプレス）,https://news.yahoo.co.jp/articles/993da7e5699a3171bccc2ae9367cca997786b8c3,https://newsatcl-pctr.c.yimg.jp/t/amd-img/20261002-04853394-mdpr-000-3-view.jpg?exp=10800,2026-10-02T22:43:03+09:00,2026-10-02T22:54:42+09:00,モデルプレス,mdpr,モデルプレス,596,福原遥、久保建英／Photo by Getty Images（（C）モデルプレス） 【モデルプレス＝2026/10/02】女優の福原遥（28）とサッカー日本代表・久保建英（25）は10月2日、双方のInstagramにて結婚を発表。文書に添えられた直筆署名に注目が集まっている。 【写真】28歳朝ドラ女優＆25歳サッカー日本代表「似てる」と話題の直筆美文字 ◆福原遥＆久保建英、直筆署名に注目集まる 2人は、連名で結婚を発表。「お互い幼い頃から沢山の方の支えがあって今があります。まだまだ未熟な私たちですが、皆様への感謝の気持ちを忘れることなく、共に助け合い、笑顔あふれる温かい家庭を築いていきたいと思っております」と伝え、指輪を輝かせた2ショットを披露していた。 その文書の末尾には福原と久保2人の直筆署名が記載されていた。SNS上では「達筆」「似てる」「人柄が滲み出てる」「綺麗な字」「丁寧さが伝わる」などの反響が寄せられている。 ◆福原遥＆久保建英、結婚を発表 2人は、双方のInstagramにて「この度、私共、久保建英と福原遥は結婚致しましたことをご報告させていただきます」と文書を添えて結婚を報告。文書の末尾には連名で直筆の署名を添えたほか、投稿では指輪を輝かせた2ショットも披露していた。（modelpress編集部） 【Not Sponsored 記事】 modelpress,[],[]
久保建英と電撃結婚・福原遥、“まいんちゃん”で一躍話題に 朝ドラヒロインへと羽ばたいたキャリアの軌跡【略歴】（モデルプレス）,https://news.yahoo.co.jp/articles/91893258ace09503b37dfb93fd8b4dd823ace81b,https://newsatcl-pctr.c.yimg.jp/t/amd-img/20261002-04853372-mdpr-000-4-view.jpg?exp=10800,2026-10-02T22:22:12+09:00,2026-10-02T22:54:09+09:00,モデルプレス,mdpr,モデルプレス,803,福原遥（（C）モデルプレス） 【モデルプレス＝2026/10/02】女優の福原遥（28）とサッカー日本代表・久保建英（25）は2026年10月2日、双方のInstagramにて結婚を発表。ここでは、福原の経歴をまとめる。 【写真】28歳朝ドラ女優＆25歳サッカー日本代表、指輪輝く寄り添いショット ◆福原遥「クッキンアイドル アイ！マイ！まいん！」出演 1998年8月28日生まれ、埼玉県出身。2009年から2013年にかけて放送された料理アニメ「クッキンアイドル アイ！マイ！まいん！」（NHK Eテレ）で主人公・柊まいんを演じ、一躍注目を集めた。結婚発表後には、X（旧Twitter）で「まいんちゃん」がトレンド入り（2026年10月2日21時50分時点）するなど、同作を通じて長年親しまれてきたことがうかがえる。また、ファッション誌『ピチレモン』の専属モデルを務めるなど、女優業にとどまらず幅広い分野で経験を重ねてきた。 ◆福原遥、朝ドラ「舞いあがれ！」ではヒロインに その後も女優として数々の作品に出演。連続テレビ小説「舞いあがれ！」（NHK／2022）では主人公を務めたほか、ドラマ「正直不動産」シリーズ（NHK／2022・2024）、「マル秘の密子さん」（日本テレビ／2024）、大河ドラマ「べらぼう～蔦重栄華乃夢噺～」（NHK総合／2025年）、映画『あの花が丘で、君とまた出会えたら。』（2023年）など、幅広い作品に出演している。 ◆福原遥＆久保建英、結婚を発表 2人は、双方のInstagramにて「この度、私共、久保建英と福原遥は結婚致しましたことをご報告させていただきます」と文書を添えて結婚を報告。文書の末尾には連名で直筆の署名を添えたほか、投稿では指輪を輝かせた2ショットも披露していた。（modelpress編集部） 【Not Sponsored 記事】 modelpress,[],[]
福原遥＆久保建英、電撃結婚にトレンド入りの反響「びっくり」「おめでたい」（モデルプレス）,https://news.yahoo.co.jp/articles/68e3d7f80e7a1ce36bb7fa68b211e57ada69798a,https://newsatcl-pctr.c.yimg.jp/t/amd-img/20261002-04853371-mdpr-000-3-view.jpg?exp=10800,2026-10-02T21:57:00+09:00,2026-10-02T22:53:16+09:00,モデルプレス,mdpr,モデルプレス,478,福原遥、久保建英／Photo by Getty Images（（C）モデルプレス） 【モデルプレス＝2026/10/02】女優の福原遥（28）とサッカー日本代表・久保建英（25）は10月2日、双方のInstagramにて結婚を発表。ファンからは驚きの声が続々と寄せられている。 【写真】28歳朝ドラ女優＆25歳サッカー日本代表、指輪輝く寄り添いショット ◆福原遥＆久保建英、電撃結婚に驚きの声 2人は「この度、私共、久保建英と福原遥は結婚致しましたことをご報告させていただきます」と文書を添えて結婚を報告。文書の末尾には連名で直筆の署名を添えたほか、投稿では指輪を輝かせた2ショットも披露していた。 ◆福原遥＆久保建英の結婚発表にトレンド入りの反響 この報告を受け、X（旧Twitter）では「まいんちゃん」「電撃発表」「久保選手」など関連ワードがトレンド入り（2026年10月2日21時50分時点）。「びっくり」「おめでたい」などと祝福や驚きの声が寄せられている。（modelpress編集部） 【Not Sponsored 記事】 modelpress,[],[]
元日向坂46加藤史帆「かとしの夏休み」私服ノースリショットで抜群スタイル「思い出共有ありがとう」「夏休み楽しそう」の声（モデルプレス）,https://news.yahoo.co.jp/articles/de8fe1f84ffb24f4586bd60091e9ea111b2edcbd,https://newsatcl-pctr.c.yimg.jp/t/amd-img/20261002-04851811-mdpr-000-2-view.jpg?exp=10800,2026-10-02T21:29:37+09:00,2026-10-02T21:30:11+09:00,モデルプレス,mdpr,モデルプレス,400,加藤史帆（（C）モデルプレス） 【モデルプレス＝2026/10/02】元日向坂46の加藤史帆が9月29日、自身のInstagramを更新。ノースリーブの私服姿を公開し、反響が寄せられている。 【写真】28歳元人気坂道メンバー「可愛すぎ」二の腕スラリコーデ ◆加藤史帆、夏休みのプライベートショット公開 加藤は「かとしの夏休み2026 in岐阜県」とつづり、初めて訪れたという岐阜での写真を投稿。滝の前で振り返る加藤がサングラスをかけたノースリーブ姿や、ドットのノースリーブを合わせ足湯に浸かる姿、クマ牧場での姿など、旅を満喫している様子を披露している。 ◆加藤史帆の投稿が話題 この投稿には「思い出共有ありがとう」「夏休み楽しそう」「素敵な思い出」「良い写真ですね」「可愛すぎ」などとコメントが寄せられている。（modelpress編集部） 【Not Sponsored 記事】 modelpress,[],[]
秋野暢子「タンパク質がたっぷり」鶏ささみのあおさ炒め他夕飯披露に反響「参考になる」「バリエーション凄い」の声（モデルプレス）,https://news.yahoo.co.jp/articles/85d0e6c7e0dd9ee512f9a13ae0b61686f5620f8a,https://newsatcl-pctr.c.yimg.jp/t/amd-img/20261002-04851801-mdpr-000-1-view.jpg?exp=10800,2026-10-02T21:27:52+09:00,2026-10-02T21:27:52+09:00,モデルプレス,mdpr,モデルプレス,492,秋野暢子Instagramより（（C）モデルプレス） 【モデルプレス＝2026/10/02】俳優の秋野暢子が9月29日、自身のInstagramを更新。タンパク質を意識した夕食を公開した。 【写真】69歳ベテラン女優「バリエーション凄い」こだわり料理のうちの1つ ◆秋野暢子、タンパク質たっぷりの手料理公開 秋野は「今夜は、タンパク質がたっぷりです」とつづり、夕食の写真を投稿。あおさをまぶした鶏ささみの炒め物や、輪切りのナスの上に豚バラ肉を盛り付けてネギを散らした一皿、ブロッコリーの白あえ、お刺身などを披露している。 さらに、「炊飯器で玉ねぎスープ」と紹介し、炊飯器に丸ごとの玉ねぎが入ったスープの写真も公開。「タンパク質！！大切です」とつづっている。 ◆秋野暢子の投稿に反響 この投稿に、ファンからは「品数豊富で美味しそう」「タンパク質をしっかり摂れますね」「参考になる」「バリエーション凄い」「ささみのあおさ炒め真似したい」「丸ごとの玉ねぎスープが気になる」などの反響が寄せられている。（modelpress編集部） 【Not Sponsored 記事】 modelpress,[],[]
TWICEサナ、美腕＆美ボディ輝くノースリブラックドレス姿披露「眩しいほどのオーラ」「気品凄い」と反響（モデルプレス）,https://news.yahoo.co.jp/articles/9198c50286671efb3dc3476e743245727f46fb37,https://newsatcl-pctr.c.yimg.jp/t/amd-img/20261002-04851787-mdpr-000-1-view.jpg?exp=10800,2026-10-02T21:24:17+09:00,2026-10-02T21:24:17+09:00,モデルプレス,mdpr,モデルプレス,467,サナ（（C）モデルプレス） 【モデルプレス＝2026/10/02】韓国の9人組ガールズグループ・TWICE（トゥワイス）のSANA（サナ）が9月29日、自身のInstagramを更新。ノースリーブのドレスを身に着けた姿を公開し、反響を呼んでいる。 【写真】29歳TWICEメンバー「肩のラインが綺麗」ほっそり二の腕 ◆サナ、美腕輝くノースリドレス サナは、自身がアンバサダーを務めるPRADA（プラダ）のハッシュタグをつけ、写真を複数枚投稿。同ブランドの本店である「Prada Galleria」を訪れていることをコメントに添え、ブラックのノースリーブドレスを身に着け髪を高く結んだスタイルを見せている。 ドレスからはほっそりとした華奢な肩のラインと、すらりと美しい腕がのぞいている。 ◆サナの投稿に反響 この投稿は「眩しいほどのオーラ」「気品凄い」「スタイル抜群」「肩のラインが綺麗」「上品で素敵」「まとめ髪も可愛い」などと話題となっている。（modelpress編集部） 【Not Sponsored 記事】 modelpress,[],[]
田村淳「パパのコスプレを見ても全く動じない」娘たちとの3ショット公開「幸せな親子時間」「父の愛にほっこり」と反響（モデルプレス）,https://news.yahoo.co.jp/articles/57726257c6fcb44a3e7ee9e31af0dd2428a334e9,https://newsatcl-pctr.c.yimg.jp/t/amd-img/20261002-04851786-mdpr-000-1-view.jpg?exp=10800,2026-10-02T21:22:07+09:00,2026-10-02T21:22:07+09:00,モデルプレス,mdpr,モデルプレス,629,田村淳（（C）モデルプレス） 【モデルプレス＝2026/10/02】お笑いタレントの田村淳が9月29日、自身のInstagramを更新。娘2人との3ショットを公開し、話題となっている。 【写真】「動じない娘さんたちが可愛い」娘2人に挟まれた“ウォーリー”52歳大物タレント ◆田村淳、娘たちとの3ショット公開 田村は「娘たちへ この投稿をあなた達が見る頃にはパパはこの世にいません」と遺書風のコメントを添えて、自身のオンラインコミュニティ「田村淳の大人の小学校」の活動 である「ウォーリーの日」の様子を複数枚投稿。 同イベントは「1日中ウォーリーの格好で過ごす日イベント」だといい、「毎年恒例なので、パパのコスプレを見ても全く動じない2人が面白かった」と娘たちの反応もつづり、ウォーリー姿の田村が娘2人と並んでテレビを見る後ろ姿も投稿している。 投稿の最後には「あなたが大人になって、ウォーリーの日を継いで欲しいなぁ 楽しいから」と、娘たちへメッセージも記している。 ◆田村淳の投稿に反響 この投稿に、ファンからは「幸せな親子時間」「父の愛にほっこり」「動じない娘さんたちが可愛い」「後ろ姿にほっこり」「楽しい恒例行事ですね」「遺書風びっくりした」などの反響が寄せられている。 田村は、2013年に一般女性との結婚を発表。2016年に長女、2020年に次女が誕生した。（modelpress編集部） 【Not Sponsored 記事】 modelpress,[],[]
3児の母・滝沢眞規子、五目炊き込みご飯＆竹輪天の豪華和風弁当公開「食べ応え抜群」「彩り鮮やかで美味しそう」と反響（モデルプレス）,https://news.yahoo.co.jp/articles/33e6bb6e4d79371d9313424256cec5627f322154,https://newsatcl-pctr.c.yimg.jp/t/amd-img/20261002-04851785-mdpr-000-1-view.jpg?exp=10800,2026-10-02T21:19:53+09:00,2026-10-02T21:19:53+09:00,モデルプレス,mdpr,モデルプレス,647,滝沢眞規子（（C）モデルプレス） 【モデルプレス＝2026/10/02】モデルの滝沢眞規子が9月29日、自身のInstagramを更新。手作りの弁当を公開し、話題となっている。 【写真】47歳3児の母モデル「冷凍食材の活用が上手」夫好物も入った手作り弁当 ◆滝沢眞規子、五目炊き込みご飯弁当を公開 滝沢は「今日は五目炊き込みご飯がメインで竹輪天も添えといたよ」とつづり、手作り弁当を投稿。枝豆やニンジンなどが入った具だくさんの炊き込みご飯に、竹輪天や焼いたトウモロコシ、ブロッコリー、紫キャベツなどのおかずを詰めている。 炊き込みご飯については「唐揚げ用の鶏肉、蓮根きんぴらの蓮根、きのこ類は適当に冷凍しておいたもの、枝豆も少しあったのでご飯にして新しく生まれ変わらせてあげたつもりです」と説明。また、竹輪天について「青のりがなくてただの竹輪天になってしまった」とつづり、夫の大好物だというトウモロコシも焼いて入れたことを紹介している。 ◆滝沢眞規子の投稿に反響 この投稿に、ファンからは「彩りが綺麗」「食べ応え抜群」「彩り鮮やかで美味しそう」「冷凍食材の活用が上手」「具だくさんで美味しそう」「旦那さんの好物も入っていて素敵」などの反響が寄せられている。 滝沢は2001年、ファッションデザイナーの滝沢伸介氏と結婚。2003年に第1子長女、2007年に第2子長男、2008年に第3子次女を出産している。（modelpress編集部） 【Not Sponsored 記事】 modelpress,[],[]
Snow Man向井康二、イギリス滞在で肉体美披露 タンクトップ姿に「海外の俳優さんみたい」「絵になる」と反響（モデルプレス）,https://news.yahoo.co.jp/articles/02ad9f09102e34dd33298d45cfa2c3de5320b031,https://newsatcl-pctr.c.yimg.jp/t/amd-img/20261002-04851784-mdpr-000-1-view.jpg?exp=10800,2026-10-02T21:16:16+09:00,2026-10-02T21:16:16+09:00,モデルプレス,mdpr,モデルプレス,504,（C）モデルプレス 【モデルプレス＝2026/10/02】Snow Manの向井康二が9月29日、自身のInstagramを更新。滞在中のイギリスでタンクトップ姿を公開し、反響を呼んでいる。 【写真】スノメンバー「黒タンクトップかっこよすぎる」肉体美 ◆向井康二、タンクトップ姿でアリゾナ降臨 バーバリー（BURBERRY）のブランドアンバサダーをつとめる向井は、同ブランドのショーのため英国に滞在中の様子を複数枚公開。イギリスらしい室内でタンクトップ姿でくつろぐ様子や、「フル・イングリッシュ・ブレックファスト イギリスの伝統的な朝食らしいよ」と言葉を添えた食事や、肉を切り分けたり乾杯をしたりする動画なども投稿している。 黒いタンクトップとキャップでくつろぐショットでは、逞しい腕の筋肉と鍛え上げられた肩の筋肉が際立っている。 ◆向井康二の投稿に反響 この投稿に、「海外の俳優さんみたい」「絵になる」「黒タンクトップかっこよすぎる」「英国滞在楽しんで」「食事美味しそう」「体仕上がってる」など反響が寄せられている。（modelpress編集部） 【Not Sponsored 記事】 modelpress,[],[]
2児の母・安田美沙子、手作りの“麻婆なすどうふ”披露「いいとこ取りで美味しそう」「ご飯がどんどん進むやつ」と反響（モデルプレス）,https://news.yahoo.co.jp/articles/4aedfb8af378f4d8a2d260ad23dfa8e852dec195,https://newsatcl-pctr.c.yimg.jp/t/amd-img/20261002-04851756-mdpr-000-1-view.jpg?exp=10800,2026-10-02T21:13:33+09:00,2026-10-02T21:13:33+09:00,モデルプレス,mdpr,モデルプレス,429,安田美沙子／2018年撮影（（C）モデルプレス） 【モデルプレス＝2026/10/02】タレントの安田美沙子が9月28日、自身のInstagramストーリーズを更新。手料理を披露した。 【写真】44歳2児のママタレ「麻婆茄子と麻婆豆腐のいいとこ取り」と話題の斬新料理 ◆安田美沙子「麻婆なすどうふ」公開 安田は「 ＃麻婆なすどうふ 」とつづり、写真を投稿。フライパンの中にたっぷりのなすと豆腐、ひき肉が煮込まれた具だくさんな手料理を披露している。 ◆安田美沙子の投稿に反響 この投稿には「麻婆茄子と麻婆豆腐のいいとこ取りで美味しそう」「ご飯がどんどん進むやつ」「具だくさんで栄養たっぷり」「真似したい」「辛いのかな」といった声が上がっている。 安田は、2014年にファッションデザイナーの下鳥直之氏と結婚。2017年に第1子長男、2020年に第2子次男を出産している。（modelpress編集部） 【Not Sponsored 記事】 modelpress,[],[]
福原遥＆久保建英、結婚発表 指輪輝く寄り添いショット披露「共に助け合い笑顔あふれる温かい家庭を築いていきたい」（モデルプレス）,https://news.yahoo.co.jp/articles/d50512e74224d39c06deccd692cdfe75cec40a9b,https://newsatcl-pctr.c.yimg.jp/t/amd-img/20261002-04853350-mdpr-000-9-view.jpg?exp=10800,2026-10-02T21:13:04+09:00,2026-10-03T09:59:48+09:00,モデルプレス,mdpr,モデルプレス,1093,福原遥、久保建英／Photo by Getty Images（（C）モデルプレス） 【モデルプレス＝2026/10/02】女優の福原遥（28）とサッカー日本代表・久保建英（25）は10月2日、双方のInstagramを更新。結婚を発表した。福原の所属事務所によると、福原は妊娠しておらず、今後も仕事は続けるという。 【写真】28歳朝ドラ女優＆25歳サッカー日本代表、指輪輝く寄り添いショット ◆福原遥＆久保建英、結婚発表 2人は「この度、私共、久保建英と福原遥は結婚致しましたことをご報告させていただきます」と文書を添えて報告。「お互い幼い頃から沢山の方の支えがあって今があります。まだまだ未熟な私たちですが、皆様への感謝の気持ちを忘れることなく、共に助け合い、笑顔あふれる温かい家庭を築いていきたいと思っております」とつづり、「夫婦共々温かく見守って頂けると幸いです。今後ともどうぞ宜しくお願い致します」と呼びかけた。 文書の末尾には連名で直筆の署名を添えたほか、投稿では指輪を輝かせた2ショットも披露している。（modelpress編集部） ◆福原遥（ふくはら・はるか）プロフィール 1998年8月28日生まれ、埼玉県出身。2009年から2013年にかけて放送された料理アニメ「クッキンアイドル アイ！マイ！まいん！」（NHK Eテレ）で主人公・柊まいんを演じ、一躍注目を集めた。連続テレビ小説「舞いあがれ！」（NHK／2022）では主人公を務めたほか、ドラマ「正直不動産」シリーズ（NHK／2022・2024）、「マル秘の密子さん」（日本テレビ／2024）、大河ドラマ「べらぼう～蔦重栄華乃夢噺～」（NHK総合／2025年）、映画『あの花が丘で、君とまた出会えたら。』（2023年）など、幅広い作品に出演している。 ◆久保建英（くぼ・たけふさ）プロフィール 2001年6月4日、神奈川県出身。川崎フロンターレU-12を経て、FCバルセロナ、レアル・マドリードCFなどに所属。現在はレアル・ソシエダード（スペイン）でプレーしている。 ◆全文 いつも応援してくださる皆様へ この度、私共、久保建英と福原遥は結婚致しましたことをご報告させていただきます。 お互い幼い頃から沢山の方の支えがあって今があります。 まだまだ未熟な私たちですが、皆様への感謝の気持ちを忘れることなく、共に助け合い、笑顔あふれる温かい家庭を築いていきたいと思っております。 夫婦共々温かく見守って頂けると幸いです。 今後ともどうぞ宜しくお願い致します。 【Not Sponsored 記事】 modelpress,[],[]
2児の母・青木裕子、手作り“ブリの甘辛胡麻和え”海苔弁当公開「毎日食べたい」「料理上手」と反響（モデルプレス）,https://news.yahoo.co.jp/articles/1c616ed6dc092b2c814620ace0fd1816569fc5ee,https://newsatcl-pctr.c.yimg.jp/t/amd-img/20261002-04851754-mdpr-000-1-view.jpg?exp=10800,2026-10-02T21:08:10+09:00,2026-10-02T21:08:10+09:00,モデルプレス,mdpr,モデルプレス,478,青木裕子（（C）モデルプレス） 【モデルプレス＝2026/10/02】フリーアナウンサーの青木裕子が9月29日、自身のInstagramストーリーズを更新。手作り弁当を公開した。 【写真】ナイナイ矢部の妻「ご飯が進みそうなおかず」ボリューム満点弁当 ◆青木裕子、ブリの甘辛胡麻和え弁当公開 青木は「お弁当」「そろそろスープジャーが使える季節になるかしら」とつづり、手作り弁当の写真を投稿。ブリの甘辛胡麻和えをメインに、玉子焼きやピーマンのおかず、細いパスタを使った副菜をバランスよく詰めた、ボリュームたっぷりの海苔弁当を披露した。 ◆青木裕子の投稿に反響 この投稿に、ファンからは「ご飯が進みそうなおかず」「海苔弁は嬉しすぎる」「彩りが良くて美味しそう」「愛情もボリュームも満点」「料理上手で尊敬」「こんな弁当毎日食べたい」などの声が寄せられている。 青木は、お笑いコンビ・ナインティナインの矢部浩之と2013年に結婚。2014年に長男、2016年に次男を出産した。（modelpress編集部） 【Not Sponsored 記事】 modelpress,[],[]
3児の母・近藤千尋「子供バクバク食べるよ」カット野菜の炒め物公開「時短で助かる」「美味しそう」と反響（モデルプレス）,https://news.yahoo.co.jp/articles/46a36de15b5df93d9d52a101d36d7450f846a72f,https://newsatcl-pctr.c.yimg.jp/t/amd-img/20261002-04851753-mdpr-000-1-view.jpg?exp=10800,2026-10-02T21:06:08+09:00,2026-10-02T21:06:08+09:00,モデルプレス,mdpr,モデルプレス,562,近藤千尋（（C）モデルプレス） 【モデルプレス＝2026/10/02】モデルの近藤千尋が9月28日、自身のInstagramストーリーズを更新。カット野菜を使った手料理を公開し、反響が寄せられている。 【写真】36歳3児の母モデル「カット野菜使うアイデア真似したい」時短手料理 ◆近藤千尋、カット野菜を使ったおかず紹介 近藤は「子供バクバク食べるよ」とつづり、フライパンで作った炒め物の写真を投稿。ひき肉ともやし、にんじん、ニラ入りのカット野菜をごま油で炒め、乾燥したままの春雨と水、醤油、鶏ガラスープの素、にんにく、生姜、砂糖、みりん、酒を加えて味付けするという手軽なレシピを紹介している。 ◆近藤千尋の投稿が話題 この投稿には「とっても美味しそう」「カット野菜使うアイデア真似したい」「春雨をそのまま入れるの時短で助かる」「子供が食べてくれるレシピありがたい」「忙しい日の晩ごはんにピッタリ」といった声が寄せられている。 近藤は、お笑いコンビ・ジャングルポケットの太田博久と2015年9月に結婚し、2017年5月に第1子となる長女、2019年10月に第2子となる次女を出産。2024年8月26日に第3子となる三女の出産を発表した。（modelpress編集部） 【Not Sponsored 記事】 modelpress,[],[]
さまぁ～ず大竹の妻、ダイニングテーブルに自作ネット設置し卓球 広々自宅公開「素敵なお部屋」「アイデアがすごい」と反響（モデルプレス）,https://news.yahoo.co.jp/articles/5a7db52d5a2d74f69a50ba8f5f46ad361ccbc9fd,https://newsatcl-pctr.c.yimg.jp/t/amd-img/20261002-04851752-mdpr-000-1-view.jpg?exp=10800,2026-10-02T21:04:24+09:00,2026-10-02T21:04:24+09:00,モデルプレス,mdpr,モデルプレス,555,中村仁美アナウンサー（（C）モデルプレス） 【モデルプレス＝2026/10/02】フリーアナウンサーの中村仁美が9月29日、自身のInstagramを更新。自宅ダイニングの様子を公開し、反響を呼んでいる。 【写真】さまぁ～ず大竹一家の自宅「ダイニングテーブルの大きさにびっくり」 ◆中村仁美、広々自宅ダイニングで卓球 中村アナは「長雨でスケジュール変更ばかりの日々」「iPadや携帯から 少しだけ離れ 家族時間を楽しんでいます」とつづり、複数枚の写真を投稿。長男が購入してきたゲームで家族で対戦したり、ダイニングテーブルで卓球をして過ごしていることを明かした。大きなダイニングテーブルには段ボールとテープで作った自作ネットが設置されており、卓球のラケットと球も並べられている。 ◆中村仁美の投稿に反響 この投稿には「ダイニングテーブルの大きさにびっくり」「手作り卓球ネットが可愛い」「アイデアがすごい」「仲良し家族」「広々とした素敵な部屋」などの反響が寄せられている。 中村アナは、お笑いコンビ・さまぁ～ずの大竹一樹と2011年3月に結婚。2012年3月に長男、2015年9月に次男、2019年6月に三男の誕生を伝えた。（modelpress編集部） 【Not Sponsored 記事】 modelpress,[],[]
元アイドルの学校教員＆元子役の慶應大学院生、山崎育三郎オーディション「OK！Diamonds」が映し出した人生…気づけば独りに（モデルプレス）,https://news.yahoo.co.jp/articles/fa0c16b3ea5664ac361d93788176009021c410e8,https://newsatcl-pctr.c.yimg.jp/t/amd-img/20261002-04853104-mdpr-000-1-view.jpg?exp=10800,2026-10-02T21:00:05+09:00,2026-10-02T21:00:05+09:00,モデルプレス,mdpr,モデルプレス,3449,岩出光世「OK！Diamonds」（提供写真）（（C）モデルプレス） 【モデルプレス＝2026/10/02】俳優の山崎育三郎がプロデュースするミュージカル×ボーイズグループオーディション「OK！Diamonds」（通称：オケダイ）の「第三幕」「第四幕」が、10月2日に公開された。 【写真】山崎育三郎ボーイズグループオーディション11人の候補者 ◆山崎育三郎、独自の“全肯定型”オーディション 9月26日に初回配信がスタートした、本オーディション。山崎が、まだ眠っているダイヤモンドのような才能の原石を見つけ、ミュージカルだけにとどまらず、あらゆるエンタテインメントのステージで輝くボーイズグループの誕生を夢見て立ち上げたオーディションプロジェクトだ。初回配信では、本オーディションの全貌に迫る「開幕編」、有名オーディション番組に挑戦し続けてきた男澤直樹（ナオキ）を追う「第一幕」、歴史ある早稲田大学グリークラブで指揮者を務める大倉光琉（ヒカル）を追う「第二幕」の全3話が公開された。 最終候補者11人を冒頭から明かす構成や、一人ひとりの人生に迫るドキュメンタリースタイル、そして“歌”に重きを置いた審査など、これまでのオーディション番組とは異なるアプローチにも注目が集まっている。中でも反響を集めているのが、本オーディションの主宰者であり、プロデューサーを務める山崎の独自のスタイルだ。 2次審査では、候補者と一緒に歌い、身体を動かし、言葉をかけながら緊張をほぐし、本来の歌声や魅力を引き出していく。3次審査では「自己解放」をテーマに、一人ひとりが抱えてきた想いに耳を傾ける。時には手を握り、その言葉を真正面から受け止める姿は、単なる“候補者と審査員”という関係を超え、家族のようでもあり、友人のようでもあり、教師のようでもある。 誰かを否定してふるい落とすのではなく、その人だけが持つ輝きを見つける。「OK！Diamonds」が掲げる“全肯定型”オーディションの輪郭が、少しずつ見え始めている。 ◆元子役・相澤侑我の悩み そして10月2日に公開されたのは、郷ひろみを敬愛し、詩吟師範代でもある慶應大学院生・相澤侑我（ユウガ）を追う「第三幕」と、元アイドルで現在は高校で音楽指導を行う学校職員・岩出光世（コウセイ）を追う「第四幕」の2本。年齢も、経歴も、歩んできた道も違う11人。抱えてきた悩みも、乗り越えなければならない壁も、それぞれ違う。夢を追う11人が、自分自身と向き合い、仲間と出会い、少しずつ変わっていく。「OK！Diamonds」だからこそ、それぞれの人生の物語が映し出される。 郷ひろみを敬愛する詩吟師範代で、元子役。昭和を感じさせる佇まいと、圧倒的な個性を持つユウガ。しかし、その個性の裏で、彼は「人とどう繋がればいいのか」に悩んできた。輪の中に入ることが苦手で、気づけば独りになってしまう。そんな自分を変えることも、このオーディションに挑戦した理由の1つだった。 そんなユウガに、山崎は「もっとみんなに甘えていいんだ」と伝える。周囲に無理に合わせるのではなく、自分だけが持つ“昭和の雰囲気”を武器にすればいい。少しずつ仲間に自分をさらけ出し、自分なりの関わり方を見つけていくユウガ。「OK！Diamonds」随一の個性派は、自分らしさを失うことなく、仲間とともに夢を叶えることができるのか。 ◆元アイドル・岩出光世“不器用”な自分探し 元アイドルで、現在は高校で音楽指導を行う学校職員という異色の経歴を持つコウセイ。セルフプロデュース力とキュートさを併せ持ち、持ち前の明るさと音楽的な知識で仲間を支えるコウセイは、自然とチームを引っ張る存在になっていく。 しかし、自分自身の悩みを尋ねられると、返ってきたのは「大丈夫」「落ち込むことはあまりない」という言葉。その答えに、山崎はある違和感を抱く。周囲に気を配り、求められることには器用に応えられる。だからこそ、自分自身と深く向き合う機会が少なかったのではないか。自分に足りないものと向き合い、必死に“自分の色”を探し始めるコウセイ。何でも器用にこなしてきた若者の、“不器用”な自分探しが、今始まる。（modelpress編集部） ◆「OK！Diamonds」最終候補者11人プロフィール ※あいうえお順／※オーディション参加時点の年齢 相澤侑我（アイザワユウガ） 「慶応ボーイは郷ひろみな詩吟師範代」 生年月日：2002年12月2日 年齢：23 身長：178cm 出身地：東京都 16Personalities：ENTJ 岩出光世（イワデコウセイ） 「キュートなアイドルオペラ学校職員」 生年月日：2000年11月1日 年齢：25 身長：174cm 出身地：三重県 16Personalities：ENFP 大倉光琉（オオクラヒカル） 「日本一の合唱団を指揮するド真面目早大生」 生年月日：2005年1月18日 年齢：21 身長：176cm 出身地：山口県 16Personalities：ENFP 男澤直樹（オザワナオキ） 「大激変したオーディション常連男」 生年月日：1998年12月5日 年齢：27 身長：172cm 出身地：福岡県 16Personalities：ENFP 金子勝洋（カネコマサヒロ） 「優男は世界の有名音大バークリー出身」 生年月日：2001年1月10日 年齢：25 身長：166cm 出身地：埼玉県 16Personalities：ENFP 木谷太祐（キタニタイスケ） 「韓国大手事務所で鍛え上げられた精鋭」 生年月日：2005年3月14日 年齢：21 身長：183cm 出身地：神奈川県 16Personalities：ENFJ 北西竜弥（キタニシリョウヤ） 「ロックで硬派な関西人」 生年月日：2003年12月11日 年齢：22 身長：177cm 出身地：大阪府 16Personalities：ENFP 佐藤颯太（サトウソウタ） 「ミュージカルスターに憧れる現役高校生」 生年月日：2008年11月4日 年齢：17 身長：177cm 出身地：宮城県 16Personalities：ENFP 澤田朋希（サワダトモキ） 「東京藝術大学出身の筋肉テノール」 生年月日：2002年7月16日 年齢：23 身長：167cm 出身地：千葉県 16Personalities：ENFP 廣瀬至彦（ヒロセジゲン） 「保育士を目指すのど自慢チャンピオン」 生年月日：2001年8月22日 年齢：24 身長：182cm 出身地：岩手県 16Personalities：ESFP 三木治人（ミキハルヒト） 「帝劇を忘れられない元子役」 生年月日：2011年10月28日 年齢：14 身長：172cm 出身地：東京都 16Personalities：ENTP ◆山崎育三郎ステートメント ミュージカルを愛している。だからこそ、このままでは終われない。 いつか、日本発のミュージカルを世界へ羽ばたかせたい。その起爆剤となるボーイズグループを生み出したい。 とにかく歌が好き。 その気持ちがあるなら、それだけでOK。 ミュージカルを知らなくてもOK。経験がなくてもOK。遠回りしてきた人生でもOK。 ここは、あなたをジャッジする場所じゃない。あなたの輝きを見つける場所。 あなたがあなたらしくそこに存在するだけでOK。 どうしても輝いてしまう、みんなに会いたい。 OK？ OK！Diamonds。 ◆山崎育三郎プロフィール 2007年にミュージカル「レ・ミゼラブル」のマリウス役に抜擢され、「ミス・サイゴン」「モーツァルト！」「エリザベート」など甘く気品のある歌声と抜群の演技力で数々のミュージカル作品に出演。2025年には自身が企画して実現したミュージカル「昭和元禄落語心中」が10万人を動員。 TBS系日曜劇場「下町ロケット」（2018年）の出演をきっかけにNHK連続テレビ小説「エール」（2020年）・NHK大河ドラマ「青天を衝け」（2021年）にも出演し、映画、ドラマ、声優、アーティストなど活躍の場を多岐にわたり広げている。 2026年、新たなチャレンジとして、日本初のミュージカル×ボーイズグループオーディション「OK！Diamonds」を始動する。 【Not Sponsored 記事】 modelpress,[],[]
坂口健太郎ら豪華キャスト、レッドカーペット集結 イ・ジュンギは流暢な日本語で挨拶【kiDnap GAME】（モデルプレス）,https://news.yahoo.co.jp/articles/8c6661703ea65927e80f40ebc448cf3e2054c1f3,https://newsatcl-pctr.c.yimg.jp/t/amd-img/20261002-04853331-mdpr-000-6-view.jpg?exp=10800,2026-10-02T20:47:24+09:00,2026-10-03T00:25:18+09:00,モデルプレス,mdpr,モデルプレス,1138,「kiDnap GAME」ワールドプレミアに出席した坂口健太郎、イ・ジュンギ（（C）モデルプレス） 【モデルプレス＝2026/10/02】俳優の坂口健太郎が2日、都内で開催されたフジテレビ系ドラマ 『kiDnap GAME』（10月6日スタート／毎週火曜21時～※初回15分拡大）ワールドプレミアに出席。豪華キャストとともにレッドカーペットを彩った。 【写真】坂口健太郎、短髪＆ひげ姿で雰囲気ガラリ ◆坂口健太郎ら、レッドカーペット集結 本作は、香港・韓国のパートナー会社と共に、日本と海外複数都市で撮影が行われ、すでに28（※9／25時点）の国と地域で同時放送・配信が決定している大型プロジェクトドラマ。アジア7都市で同時誘拐事件が発生したことをきっかけに、極限状態の中で繰り広げられる命懸けのゲーム「kiDnap GAME」を描く。 この日は共演したイ・ジュンギ、岡崎紗絵、満島真之介、アリス・クー、スタンリー・ヤウ、キャリー・ウォン、ジョエル・トーレ、プレーオ・ナルポーンカモン・チャイセーン、加藤裕将監督も出席。キャストは華やかな衣装に身を包んでレッドカーペットを彩り、ファンの歓声に応えていた。 4年ぶりフジドラマ単独主演となる本作で、正義感が強く高い検挙率を誇る優秀な刑事・新出敏郎を演じる坂口は、イベントの時間に東京では37日連続で続いていた雨に見舞われなかったことを踏まえて、「こういう日を迎える今日、雨が降らずにこうやって皆様のもとで会えたのが本当に嬉しく思います」と笑顔を見せた。 ジュンギは「視聴者の立場で、本当に緊張します。視聴者の立場に戻って。俳優から。本当に緊張します。みなさん応援してください！ぜひご覧ください。ありがとうございます」と通訳要らずの流暢な日本語で会場を沸かせていた。 ◆坂口健太郎＆イ・ジュンギ、映画をアピール 坂口は「長らく続いていた雨も止んで、こうやって今日この劇場で舞台挨拶させていただけることを、とても嬉しく思います。僕らも、ここまでのこういう大きいスクリーンで今回の作品を見ることって、ないんですね。一応、宣伝のためにデータをいただいて、それをちっちゃい画面で見ることはあったんですけど、ここまで大きいサイズ感で見れるっていうことは、ある意味羨ましいなと思いつつ、1話ですけど、このドラマの世界観を十分に堪能していただけたら嬉しいなと思います」とコメント。ジュンギは「各国のみんな、スタッフたちが頑張ったので。一生懸命頑張って作った作品なので、皆さんぜひ、どうぞ楽しんで、最後まで、最後までご覧ください」と日本語で呼びかけていた。（modelpress編集部） 【Not Sponsored 記事】 modelpress,[],[]
辻希美、第5子・夢空ちゃんとの“ガチャ活”ショット公開「後ろ姿が可愛すぎる」「どれにしようか吟味してるみたい」の声（モデルプレス）,https://news.yahoo.co.jp/articles/3bc93340599355186d472fc05ec42550174141d2,https://newsatcl-pctr.c.yimg.jp/t/amd-img/20261002-04851743-mdpr-000-1-view.jpg?exp=10800,2026-10-02T20:24:59+09:00,2026-10-02T20:24:59+09:00,モデルプレス,mdpr,モデルプレス,561,辻希美（（C）モデルプレス） 【モデルプレス＝2026/10/02】タレントの辻希美が9月29日、自身のInstagramストーリーズを更新。第5子・夢空（ゆめあ）ちゃんとの“ガチャ活”ショットを公開し、反響が寄せられている。 【写真】39歳5児のママタレ、次女の「バッグを持って歩いてる後ろ姿が可愛すぎる」 ◆辻希美、第5子・夢空ちゃんとガチャ活ショット公開 辻は「最近ガチャガチャにハマり 今日もガチャ活行って来た」とつづり、写真を投稿。ずらりと並ぶガチャガチャを前に、小さなバッグを手に提げて歩く夢空ちゃんの後ろ姿を披露している。 ◆辻希美の投稿に反響 この投稿にファンからは「バッグを持って歩いてる後ろ姿が可愛すぎる」「どれにしようか吟味してるみたい」「ガチャ活楽しそう」「しっかり歩いてて成長を感じる」「ガチャガチャより小さなお客様」などの声が寄せられている。 辻は、タレントの杉浦太陽と2007年6月に結婚。同年11月に長女・希空（のあ）、2010年に長男・青空（せいあ）くん、2013年3月に次男・昊空（そら）くん、2018年12月に三男・幸空（こあ）くん、そして2025年8月8日に第5子次女・夢空ちゃんが誕生した。（modelpress編集部） 【Not Sponsored 記事】 modelpress,[],[]
横田真悠、美ウエストちらりの白Tシャツ姿公開「お団子ヘア似合いすぎ」「大人っぽくてセクシー」と反響（モデルプレス）,https://news.yahoo.co.jp/articles/325ebc68672b2bcbdeaf5ef01a134ec2a5035c5d,https://newsatcl-pctr.c.yimg.jp/t/amd-img/20261002-04851742-mdpr-000-1-view.jpg?exp=10800,2026-10-02T20:22:19+09:00,2026-10-02T20:22:19+09:00,モデルプレス,mdpr,モデルプレス,549,横田真悠（（C）モデルプレス） 【モデルプレス＝2026/10/02】モデルで女優の横田真悠が9月29日、自身のInstagramを更新。ミニ丈Tシャツ姿を公開し、反響を呼んでいる。 【写真】「ラヴィット！」出演27歳モデル「スタイルの良さが異次元」ウエストちらりの白Tシャツ姿 ◆横田真悠、ミニ丈Tシャツで美ウエストちらり 横田は「素敵なお誕生日プレゼントありがとうございます」とつづり、「＠louisvuitton」とルイ・ヴィトンのアカウントをメンションし、複数枚の写真を投稿。白いミニ丈のTシャツを着用した鏡越しの自撮りショットでは、髪をアップスタイルにし、引き締まった綺麗なウエストがちらりと見えている。また、チェック柄のトップスに黒ボトムスを合わせ、プレゼントされたバッグを手にしたショットも披露している。 ◆横田真悠の投稿に反響 この投稿に、ファンからは「ウエストが細くてスタイル抜群」「お団子ヘア似合いすぎ」「チラ見えするお腹が綺麗すぎる」「大人っぽくてセクシー」「スタイルの良さが異次元」「私服もおしゃれ」「素敵なプレゼント」「3ヶ月遅れの誕生日会だったのかな」などと反響が寄せられている。（modelpress編集部） 【Not Sponsored 記事】 modelpress,[],[]
1児の母・神田うの、豚の唐揚げを手作り「衣の材料もこだわってて素敵」「アレンジレシピが凄い」（モデルプレス）,https://news.yahoo.co.jp/articles/6b81592c60a95fbd87fc7f0bb766227fd50e106a,https://newsatcl-pctr.c.yimg.jp/t/amd-img/20261002-04851735-mdpr-000-1-view.jpg?exp=10800,2026-10-02T20:20:18+09:00,2026-10-02T20:20:18+09:00,モデルプレス,mdpr,モデルプレス,467,神田うのInstagramより（（C）モデルプレス） 【モデルプレス＝2026/10/02】タレントの神田うのが9月29日までに自身のInstagramストーリーズを更新。手作り料理を公開し、反響を呼んでいる。 【写真】51歳美人タレント「斬新」「お家で真似してみます」こだわり手料理 ◆神田うの、豚の唐揚げ披露 神田は「今回の衣は有機小麦粉オンリー。片栗粉と半々の時もあるよ」とつづり、写真を複数枚投稿。材料の豚肉に小麦粉をまぶしたショットや、豚の唐揚げを揚げているショットなどを披露した。また、衣がさっくり揚がるまで火を通して完成した唐揚げの写真も載せ「おいしー」と嬉しそうにコメントを添えている。 ◆神田うのの投稿に反響 この投稿に「美味しそう」「豚の唐揚げって斬新」「衣の材料もこだわってて素敵」「お家で真似してみます」「アレンジレシピが凄い」など反響が寄せられている。 神田は2007年に結婚。2011年に第1子となる長女を出産した。（modelpress編集部） 【Not Sponsored 記事】 modelpress,[],[]
本田紗来、美デコルテ際立つオフショル姿公開「大人っぽくて素敵」「圧倒的なビジュ」と絶賛の声（モデルプレス）,https://news.yahoo.co.jp/articles/7d29f86951c429373c42c8801a0a132cd1b44361,https://newsatcl-pctr.c.yimg.jp/t/amd-img/20261002-04851741-mdpr-000-1-view.jpg?exp=10800,2026-10-02T20:17:35+09:00,2026-10-02T20:17:35+09:00,モデルプレス,mdpr,モデルプレス,430,本田紗来（（C）モデルプレス） 【モデルプレス＝2026/10/02】タレント・モデルの本田紗来が9月29日、自身のInstagramを更新。黒のオフショルダー姿を公開し、話題となっている。 【写真】芸能三姉妹の19歳末っ子「美しすぎる」「透明感ヤバい」絶賛の声相次ぐオフショル姿 ◆本田紗来、オフショル姿披露 本田は「ぴーすぴーす」とコメントし、美容誌「MAQUIA」（集英社刊）の公式Instagramアカウントのメンションをつけ、写真を投稿。顔の横でピースサインを作った本田は、黒のオフショルダートップスで、スラリとした肩が際立つスタイルとなっている。 ◆本田紗来の投稿に反響 この投稿には「大人っぽくて素敵」「笑顔に癒される」「めちゃくちゃ可愛いですね」「オフショル似合ってる」「圧倒的なビジュ」「美しすぎる」「透明感ヤバい」などとコメントが寄せられている。（modelpress編集部） 【Not Sponsored 記事】 modelpress,[],[]
中川翔子「双子0歳最後の日」写真一挙公開に「成長に感動」「言葉にできない可愛さ」と反響（モデルプレス）,https://news.yahoo.co.jp/articles/bdd45102f64c14c390e520a247f65076cd4fb413,https://newsatcl-pctr.c.yimg.jp/t/amd-img/20261002-04851737-mdpr-000-1-view.jpg?exp=10800,2026-10-02T20:13:50+09:00,2026-10-02T20:13:50+09:00,モデルプレス,mdpr,モデルプレス,548,中川翔子（（C）モデルプレス） 【モデルプレス＝2026/10/02】歌手でタレントの中川翔子が9月29日、自身のInstagramを更新。双子の息子たちの写真を公開し、話題となっている。 【写真】双子の母・41歳美人歌手「幸せが溢れてる」自宅での子どもとの3ショット ◆中川翔子、双子息子の写真公開 中川は「双子0歳最後の日」「あんなにちいちゃかったのに はやいよお尊かったよー0歳赤ちゃん」とつづり、写真を複数枚投稿。中川の足元で仲良くポーズをとる双子の姿を披露した。また、2人でおもちゃで遊ぶ動画や仲良くお昼寝をする姿、ベビーカーに乗る姿などを公開している。中川は「あしたは1歳になるよ！お祝いしなくちゃ！無事に1年スクスク可愛く育ってくれてありがとう双子」とメッセージを送っている。 ◆中川翔子の投稿に反響 この投稿には「成長に感動」「幸せが溢れてる」「しょこたんも素敵」「言葉にできない可愛さがありますね」「1年が早い」「幸せな姿」などとコメントが寄せられている。 中川は、2023年4月に同年代のお相手との結婚を発表。2025年5月5日に妊娠を公表し、9月30日に双子男児を帝王切開で出産した。（modelpress編集部） 【Not Sponsored 記事】 modelpress,[],[]
広瀬アリス、映画撮影中に減量していた 食事制限の内容振り返る【沖晴くんの涙を殺して】（モデルプレス）,https://news.yahoo.co.jp/articles/0bec1c1710bac77787237058cc920e4efcc2e8a5,https://newsatcl-pctr.c.yimg.jp/t/amd-img/20261002-04853315-mdpr-000-1-view.jpg?exp=10800,2026-10-02T20:08:49+09:00,2026-10-02T20:08:49+09:00,モデルプレス,mdpr,モデルプレス,916,「沖晴くんの涙を殺して」初日舞台あいさつに出席した広瀬アリス（（C）モデルプレス） 【モデルプレス＝2026/10/02】女優の広瀬アリスが10月2日、都内で開催された映画『沖晴くんの涙を殺して』初日舞台あいさつに、共演の木戸大聖、根岸季衣、矢崎仁司監督とともに出席。本作の撮影中に減量していたことを明かした。 【写真】「食事制限をしていた」31歳美人女優、美肩輝くオフショルドレス姿披露 ◆広瀬アリス、撮影中は減量していた 広瀬は「やっと初日を迎えることができました。本当にうれしいです。めちゃめちゃ緊張しています」と口にし「広島でも舞台あいさつをやらせていただいたんですけど、やっぱり初日というものは緊張しますね。手が震えているんですけど」と告白。撮影地の広島での舞台あいさつを広瀬は「めちゃめちゃ人が集まってくださって。私はパレードも参加させていただいたんですけど、予想以上の人が来てくださったので純粋に楽しかったです」と振り返った。 また、広瀬は「余命1年（の役）ということで、撮影中は減量を、ちょっと食事制限をしていたので、もやしとかブロッコリーとかばっかりだった」と回想。「この前やっと広島のおいしいものをいただきました」と笑みを浮かべていた。 ◆広瀬アリス、木戸大聖の演技を称賛 また、撮影を振り返り「今回の作品は悲しい顔をちょっとでもしたらすぐNGなので、そこが本当に難しかったです」と口に。「死が近いシーンもとても多いのでどうしても悲しい顔になるんですけど、悲しい顔をするとNGになる」と明かし「探り探りで監督と話し合いながら撮影をしていました」と振り返った。 さらに、木戸の演技について「ずっと集中されているので本当にすごいなと思いました。尊敬する俳優さんです」と絶賛。木戸は「ありがとうございます。うれしいですね」と笑顔を見せ、広瀬は「今年30歳だもんね！ようこそようこそ！」と反応した。木戸は「言わなくていいのよ（笑）」とツッコみつつ「うれしいです、本当に。30歳目前にしてこの作品が無事に公開されて」と口にしていた。（modelpress編集部） 【Not Sponsored 記事】 modelpress,[],[]
元NHK中川安奈アナ、美ボディ際立つピッタリワンピ姿 妹との2ショット公開に「爆美女姉妹」「ディズニープリンセスみたい」の声（モデルプレス）,https://news.yahoo.co.jp/articles/f4cc488c7ac6a8b92efd042839b522be93b8b3f6,https://newsatcl-pctr.c.yimg.jp/t/amd-img/20261002-04851734-mdpr-000-1-view.jpg?exp=10800,2026-10-02T20:08:37+09:00,2026-10-02T20:08:37+09:00,モデルプレス,mdpr,モデルプレス,472,中川安奈（（C）モデルプレス） 【モデルプレス＝2026/10/02】元NHKで現在はフリーで活躍する中川安奈アナウンサーが9月29日、自身のInstagramを更新。お出かけ先でのショットを公開し反響を呼んでいる。 【写真】32歳元NHKアナ「ボディライン綺麗」と話題 美ボディ際立つピッタリワンピ姿 ◆中川安奈、美ボディライン映えるピッタリワンピ＆妹とのショット 中川は「丸1日たっぷり楽しんできた。毎年恒例の妹とのディズニー！6年連続6回目」とつづり、写真を複数枚投稿。ディズニーリゾートでの妹とのショットなどを披露した。お揃いのカチューシャを付け鏡で自撮りをする姿や、ブラウンカラーのタイトなワンピース姿を公開し、ワンピースからは引き締まったボディラインが際立っている。 ◆中川安奈の投稿に反響 この投稿に「美しすぎる」「ボディライン綺麗で素敵」「爆美女姉妹ですね」「カチューシャも可愛い」「ディズニープリンセスみたい」など反響が寄せられている。（modelpress編集部） 【Not Sponsored 記事】 modelpress,[],[]
LE SSERAFIMサクラ、レースキャミコーデで二の腕スラリ「透明感凄い」「オーラが半端ない」と反響（モデルプレス）,https://news.yahoo.co.jp/articles/de5f114818f05daed6cd730c239d6b09103dc96f,https://newsatcl-pctr.c.yimg.jp/t/amd-img/20261002-04851533-mdpr-000-1-view.jpg?exp=10800,2026-10-02T20:05:10+09:00,2026-10-02T20:05:10+09:00,モデルプレス,mdpr,モデルプレス,471,SAKURA（（C）モデルプレス） 【モデルプレス＝2026/10/02】5人組ガールグループ・LE SSERAFIM（ルセラフィム）のSAKURA（サクラ）が10月2日までに、自身のInstagramを更新。レースキャミソールのコーディネートを披露し、話題となっている。 【写真】28歳人気K-POPメン「肌がめっちゃ綺麗」「透明感凄い」キャミ姿 ◆サクラ、美デコルテ＆美腕際立つレースキャミコーデ サクラは、デジタルカメラを構えた鏡越しのセルフショットなどを多数投稿。美しいデコルテやスラリと長い腕が際立つ、黒いレースで縁取られたキャミソール姿を公開した。また、キャミソールの上にベージュのジャケットを羽織り、デニムパンツを合わせたコーディネートも披露している。 ◆サクラの投稿に反響 この投稿に、ファンからは「オシャレな着こなし」「めっちゃ美人」「肌がめっちゃ綺麗」「透明感凄い」「オーラが半端ない」「スタイルレベチ」などと反響が寄せられている。（modelpress編集部） 【Not Sponsored 記事】 modelpress,[],[]
aespaカリナ、美デコルテ＆美肌際立つ水着ショットに反響「透明感が半端ない」「圧倒的なビジュ」（モデルプレス）,https://news.yahoo.co.jp/articles/9c3b603d364d9f1e68f984f5030191a9a8206b93,https://newsatcl-pctr.c.yimg.jp/t/amd-img/20261002-04851586-mdpr-000-1-view.jpg?exp=10800,2026-10-02T20:04:32+09:00,2026-10-02T20:04:32+09:00,モデルプレス,mdpr,モデルプレス,478,カリナ（（C）モデルプレス） 【モデルプレス＝2026/10/02】4人組ガールズグループ・aespa（エスパ）のKARINA（カリナ）が9月29日、自身のInstagramを更新。水着姿を公開した。 【写真】紅白出場人気K-POP美女「どのショットも見惚れる」海辺ショット ◆カリナ、美デコルテ＆美肌際立つ水着ショット披露 カリナは、海をバックに撮影した写真を複数枚投稿。ピンクのキャップにドット柄の赤いレイヤードビキニトップを身につけて微笑む姿や、カメラに向かってウィンクをする姿が収められており、美しいデコルテや素肌が際立つショットとなっている。 他にも、シュノーケリングを楽しむ様子や、キャミソールトップスにハーフパンツを合わせたスタイルでポーズをとる姿なども載せている。 ◆カリナの投稿に「透明感が半端ない」と反響 この投稿は「どのショットも見惚れる」「透明感が半端ない」「絵になるとはこのこと」「圧倒的なビジュ」「美の破壊力がすごい」と反響を呼んでいる。（modelpress編集部） 【Not Sponsored 記事】 modelpress,[],[]
「今日好き」五十嵐蓮＆日向袮音“れんねね”カップル、破局を報告「お互いに話し合った上でそれぞれの道を歩むことを決めました」（モデルプレス）,https://news.yahoo.co.jp/articles/f83984f57047443c91dc8a8cbd3a44d16eb97160,https://newsatcl-pctr.c.yimg.jp/t/amd-img/20261002-04853305-mdpr-000-2-view.jpg?exp=10800,2026-10-02T19:41:56+09:00,2026-10-02T19:48:27+09:00,モデルプレス,mdpr,モデルプレス,794,五十嵐蓮、日向袮音（（C）モデルプレス） 【モデルプレス＝2026/10/02】高校生による青春恋愛リアリティーショー「今日、好きになりました。」（ABEMA／毎週月曜21時～）に参加していた“れん”こと五十嵐蓮、“ねね”こと日向袮音が2026年10月2日、双方のInstagramストーリーズを更新。破局を報告した。 【写真】「今日好き」美男美女カップル、約2ヶ月前の密着腕組みランウェイ ◆れんねねカップル、破局報告 五十嵐は「この度、『今日、好きになりました。ラヨーン編』で成立し、お付き合いさせていただいておりました日向祢音さんと、お別れすることになりました」と破局を報告。「突然のご報告となりましたが、お互いに話し合った上で、それぞれの道を歩むことを決めました」と説明し、これまで応援してきたファンへの感謝を伝えた。また「これまで一緒に過ごした時間や思い出を大切にしながら、これからはそれぞれの活動に励んでいきたいと思っています」と、今後についてつづっている。 日向も同じく破局を報告し、「突然のご報告となりましたが、お互い話し合った上でそれぞれの道を歩むことを決めました」「これまで一緒に過ごした時間や思い出を大切にしながらこれからはそれぞれの活動に励んでいきたいと思っています」と説明。最後には「今まで応援してくださった皆様、本当にありがとうございました」と、ファンへの感謝を記した。 ◆れんねねカップル、「ラヨーン編」でカップル成立 「今日、好きになりました。」シリーズは、「恋の修学旅行」をテーマとして、2泊3日の中で巻き起こる、現役高校生たちのリアルで等身大な本気の恋と青春の模様を追いかけた、恋愛リアリティーショー。2人は、2026年放送の「ラヨーン編」にてカップル成立した。（modelpress編集部） 【Not Sponsored 記事】 modelpress,[],[]
広瀬アリス「バッサリいっちゃいました」新ヘアでイベント登場 共演俳優がイメチェン後の変化語る【沖晴くんの涙を殺して】（モデルプレス）,https://news.yahoo.co.jp/articles/4da2c4704694f3e9afebf0d12eea96c19c0df286,https://newsatcl-pctr.c.yimg.jp/t/amd-img/20261002-04853286-mdpr-000-3-view.jpg?exp=10800,2026-10-02T19:22:29+09:00,2026-10-02T20:12:07+09:00,モデルプレス,mdpr,モデルプレス,1117,「沖晴くんの涙を殺して」初日舞台あいさつに出席した広瀬アリス（（C）モデルプレス） 【モデルプレス＝2026/10/02】女優の広瀬アリスが10月2日、都内で開催された映画『沖晴くんの涙を殺して』初日舞台あいさつに、共演の木戸大聖、根岸季衣、矢崎仁司監督とともに出席。イメージチェンジした姿を披露した。 【写真】31歳美人女優、雰囲気ガラリのショートヘア×オフショルドレス姿 ◆広瀬アリス、新ヘア披露 本作で広瀬は余命1年を宣告され故郷に戻ってきた音楽教師・踊場京香を演じる。故郷で死と引き替えに「喜び」以外の感情を失った高校生・沖晴（木戸）と出会うことにより、2人は死を抱える者同士として、自身の限りある人生に「生きる」をもたらしていき、次第に心を通わせていく。 最近涙したエピソードを話す場面で木戸はSNSで見た動画のことを挙げ「結婚式で役者さんが新郎新婦の子どもの頃から今になるまでをお芝居で見せるやつがあるんです。親御さんが（それを見て）涙を流されているのを見るとすごく感動する」とコメント。木戸が「改めて『お芝居の力はあるんだな』と実感した動画でした。それを見て泣いてる自分がいました」と明かすと、広瀬は「かっこいい。『泣いてる自分がいました』。かっけ〜！やっぱ30歳になるとかっこいいっすね！」と反応した。木戸は笑いながら「イジるな！（笑）」とツッコんでいた。 そこで根岸が「髪短くなったらちょっとべらんめえ調になった」と広瀬の口調を笑うと、イメージチェンジした姿を披露した広瀬は「バッサリいっちゃいましたよ。切っちゃいましたバッサリ！」とニッコリ。木戸は「似合ってる、すごく」と広瀬のヘアスタイルを褒めていた。 また、広瀬は木戸の演技について「ずっと集中されているので本当にすごいなと思いました。尊敬する俳優さんです」と絶賛。木戸は「ありがとうございます。うれしいですね」と笑顔を見せ、広瀬は「今年30歳だもんね！ようこそようこそ！」と反応した。木戸は「言わなくていいのよ（笑）」とツッコみつつ「うれしいです、本当に。30歳目前にしてこの作品が無事に公開されて」と口にした。 ◆広瀬アリス「私、めちゃめちゃ雨女なんですね」 広瀬は「私、めちゃめちゃ雨女なんですね」と切り出し「この前まで作品を撮っていたんですけど、私のシーンだけ毎回雨で飛ぶんです」と告白。結局雨の中撮影をしたと言い「しかも泣きのシーンでした。情けなくて泣きました」と明かした。広瀬は「天気良くても曇天、みたいな。ちょっとよくないんですよね、運が…」と話していた。（modelpress編集部） 【Not Sponsored 記事】 modelpress,[],[]
活動終了のWEST.、冠バラエティ番組「リア突WEST.レボリューション」放送終了 10月3日放送をもって（モデルプレス）,https://news.yahoo.co.jp/articles/9683ccd2e2a8285c5a10e6a5654d43717f227481,https://newsatcl-pctr.c.yimg.jp/t/amd-img/20261002-04853268-mdpr-000-2-view.jpg?exp=10800,2026-10-02T18:17:49+09:00,2026-10-02T18:58:47+09:00,モデルプレス,mdpr,モデルプレス,607,（C）モデルプレス 【モデルプレス＝2026/10/02】9月30日をもってグループ活動を終了したWEST.のレギュラー番組「リア突WEST.レボリューション」（ABCテレビ／毎週土曜深夜1時～）が放送終了することが分かった。10月2日、番組の公式X（旧Twitter）にて発表された。 【写真】WEST.重岡大毅、活動終了発表3日前に見せた笑顔 ◆「リア突WEST.レボリューション」放送終了 番組公式SNSにて、「10月3日（土） の放送をもって、 WEST. が出演する『リア突WEST.レボリューション』は最後となります。これまで応援していただいた皆さま、本当にありがとうございました」と発表された。 2020年から放送されていた同番組は、2021年にはWEST.（旧ジャニーズWEST）初の全国ネットレギュラー番組化。WEST.が活動終了することを受け、ABCテレビは9月24日、モデルプレスの取材に対し「現時点で決まっていることはございません」と回答していた。 ◆WEST.、グループ活動終了 2014年4月23日に「ええじゃないか」をリリースし、CDデビューしたWEST.は2026年8月30日、藤井流星と小瀧望のグループ脱退を発表。同年9月24日には、9月30日をもってグループ活動を終了することを報告した。（modelpress編集部） 【Not Sponsored 記事】 modelpress,[],[]
なにわ男子・西畑大吾、“死神＝DEATH NOTE”連想で小澤征悦から「どこまで言うねん！？」時給300円に「最低賃金は欲しい」【時給三〇〇円の死神】（モデルプレス）,https://news.yahoo.co.jp/articles/ce61c8cab279a649d7b8e4c83f28665922e4bf1e,https://newsatcl-pctr.c.yimg.jp/t/amd-img/20261002-04853247-mdpr-000-2-view.jpg?exp=10800,2026-10-02T18:05:02+09:00,2026-10-02T21:50:07+09:00,モデルプレス,mdpr,モデルプレス,1308,ポケットに手を突っ込みながら「僕も皆さんの笑顔だけでいいと思ってます」と明後日の方向を見つめる西畑大吾（（C）モデルプレス） 【モデルプレス＝2026/10/02】なにわ男子の西畑大吾と俳優の福本莉子がW主演を務める映画『時給三〇〇円の死神』初日舞台挨拶が10月2日に都内で行われ、西畑、福本をはじめ、共演の渋谷凪咲、泉谷星奈、佐津川愛美、小澤征悦、メガホンをとった酒井麻衣監督が出席。西畑の発言に小澤がツッコむ場面があった。 【写真】アイドルのようにファンに手を振る泉谷星奈 ◆西畑大吾、“死神＝DEATH NOTE”連想で小澤征悦からツッコミ 公開初日を迎えた心境について、西畑は「今日という日を迎えられることをすごく嬉しく思いますし、すごくホッとしております」と率直な思いを吐露。「この作品をたくさんの方に観ていただけるということで、どんなふうに受け取っていただけるのか、すごく楽しみ」と期待を寄せた。 福本は「もうすでにXとかでも、観てくださった方の感想がたくさん上がっていて、それを見て、いろんな受け取り方をしてくださっているんだなと思いました」と、公開後の反響に触れた。 “死神”のイメージについてトークする中で、西畑は「死神って聞くと怖いイメージがありますけど、そんな感じの役でもない」と役柄を説明。続けて「死神って聞くと、死神のノートみたいなの持ってたりとか、名前書くと…」と話し始め、『DEATH NOTE』を思わせるイメージを次々と口にすると、小澤から「どこまで言うねん！？」とツッコミが飛び出し、会場は笑いに包まれた。 本作では、死神のアルバイトの時給が「300円」という設定。西畑は「しかも時給300円ですからね！？」と改めて驚きを口にすると、福本は「このプロモーション中、ずっとそれ言ってますよね（笑）。また言ってるって思って笑っちゃいました」とツッコミ。小澤から「いくらだったらいい？」と聞かれると、西畑は「最低賃金は欲しいんじゃないですか？300円って、国の最低賃金の下ですから」と回答した。 これに渋谷から「私はお金じゃないと思います」と声が上がると、西畑は思わぬ方向からの意見に笑いを見せ、「僕も皆さんの笑顔だけでいいと思ってます」と明後日の方向を見つめながらコメント。キャスト陣の軽快な掛け合いで会場を沸かせていた。 ◆西畑大吾＆福本莉子W主演「時給三〇〇円の死神」 本作は作家・藤まる氏による累計発行部数36万部突破の同名小説を実写映画化。『美しい彼』シリーズや、映画『ストロベリームーン 余命半年の恋』などを手掛けた酒井監督と、映画『366日』製作陣が、切なくも美しいヒューマンストーリーを描く。 物語の舞台は、未練を残して死んだ者に与えられる人生の“ロスタイム”。父が起こした事件をきっかけに希望を失った大学生・佐倉真司（西畑）が、天真爛漫な同級生・花森雪希（福本）に誘われ、“死神のアルバイト”を始める。2人は“死神バディ”として、死者たちの心残りに寄り添い、あの世へと導いていく。（modelpress編集部） 【Not Sponsored 記事】 modelpress,[],[]
元日向坂46松田好花、“憧れの先輩”元乃木坂46齋藤飛鳥とグループ在籍時代の思い出・卒業後の今を語り合う「人生で忘れられない1日」（モデルプレス）,https://news.yahoo.co.jp/articles/de041357db283e673b2a98316eb585d79384c114,https://newsatcl-pctr.c.yimg.jp/t/amd-img/20261002-04853159-mdpr-000-1-view.jpg?exp=10800,2026-10-02T18:00:06+09:00,2026-10-02T18:00:06+09:00,モデルプレス,mdpr,モデルプレス,1018,松田好花、齋藤飛鳥（C）テレビ東京（（C）モデルプレス） 【モデルプレス＝2026/10/02】元日向坂46の松田好花が放送作家として企画から番組作りに挑戦するプロジェクトの第3弾となる「放送作家松田好花リスタート」が、テレビ東京にて10月10日深夜1時50分から放送スタートする。 【写真】27歳元坂道アイドル、ハワイでの黒ノースリ姿 ◆松田好花、“憧れの先輩”齋藤飛鳥と初2ショットロケ 第3弾のお題は、松田が日向坂46を卒業した今、人間・松田好花として、自分自身と向き合うこと。そこで第1回（10月10日放送）、第2回（10月17日放送）は松田がアイドルになるきっかけとなった憧れの先輩・元乃木坂46の齋藤飛鳥との初めての2ショットロケが実現した。 まずは、ミシュランガイド・ビブグルマンに選出されている名店の蕎麦屋で修業を積み腕に磨きをかけた松田が、手打ち蕎麦で齋藤をおもてなし。お酒を飲みながら、グループ在籍時代の思い出や卒業後の今について語り合う。同じ坂道グループで、それぞれチームを牽引してきた2人は、何を見つめ、何を考えながら歩んできたのか。そして今、何に頭を悩ませ、何を思い描いているのか。距離が縮まるにつれて、これまで明かされなかった思いが見えてくる。後半は、より仲を深めるため、松田が齋藤を連れ回す。お寺やテーマパークを巡るなか、松田は憧れの先輩にどんな思いを伝えるのか。残る2本の企画と放送日時は、後日解禁となる。（modelpress編集部） ◆松田好花コメント 日向坂46を卒業して半年。今、誰に感謝を伝えたいか、誰と話したいかと改めて考えたときに、一番に思い浮かんだのが私がアイドルになるきっかけをくださった齋藤飛鳥さんでした。ただお会いしてお話しさせてくださいというわけにはいかないので、何か自分にできる最大限のおもてなしができないかと考え、得意の蕎麦打ちにさらに磨きをかけて振る舞う代わりに、お話しさせてくださいという企画を考えました。 後半は、せっかくご一緒させていただくならということで、自分の弱さと向き合うことをテーマに、普段はなかなか話さない深い部分を伺うべく、飛鳥さんを連れ回させていただきました。グループに加入する前の自分が聞いたら、到底信じないであろう夢のような時間でした。人生で忘れられない1日になったので、ぜひご覧ください。 【Not Sponsored 記事】 modelpress,[],[]
若月佑美、一度スランプに陥った過去「人の役に立って生きていきたいとずっと願っていて」（モデルプレス）,https://news.yahoo.co.jp/articles/54ed78d044731e0a7d0769baca6a9c79bb39fbd4,https://newsatcl-pctr.c.yimg.jp/t/amd-img/20261002-04853189-mdpr-000-1-view.jpg?exp=10800,2026-10-02T18:00:05+09:00,2026-10-02T18:00:05+09:00,モデルプレス,mdpr,モデルプレス,2789,"「FIRST EGOISM」合同取材に出席した若月佑美（（C）モデルプレス） 【モデルプレス＝2026/10/02】女優の若月佑美が10月2日、都内で開催されたデビュー15周年記念作品展『FIRST EGOISM』合同取材に出席。絵を描く上でスランプに陥った過去を明かした。 【写真】32歳元乃木坂「スタイル良すぎ」デニムショーパンから美脚＆美ウエスト際立つ ◆若月佑美「FIRST EGOISM」夢の個展開催に喜び 『FIRST EGOISM』は、女優・モデルとして活動する若月のデビュー15周年を記念した初の作品展。タイトルに込めたのは、""本当に、自分がやりたかったことをやってみる。その原点に戻りたい""という思い。今回が初タッグとなる写真家・武井宏員による撮り下ろし写真、これまで描きためてきた絵画作品、そして写真と絵画を融合させた新たな表現まで、若月の創作活動を立体的に体感できるものとなっている。会場には、9月18日発売の同名作品集に収録された撮り下ろしカットや未収録カットに加え、若月の新規制作作品、これまで発表してきた作品群、二科展で特選入賞した作品も展示。絵画作品は、展示のみならず現物販売も実施する。 幼稚園の頃に絵を描き始めたという若月は「そのときにはまだ夢としては掲げてはいなかったんですけど、人に見てもらうことが喜びとしてあって」と振り返り「趣味として続けてきて、アイドル活動をしていく時にもファンの方に見ていただく機会はあったんですけど、個展として開催することはなかったので、ずっと小さな自分の中の夢として『個展がいつかできたらいいな』『自分だけの作品展ができたらいいな』と思っていました」としみじみ。「ようやく叶うことになって、人生やってきてよかったなと、大げさですけど思っています」と喜びをかみしめた。 作品の現物販売しようと思った理由を若月は「プライベートで美術館巡りをよくしているんですけど、作品の説明のところに誰が持っていたか名前が書いてあるときがあるんです。親族が持っている場合もありますし、描かれた方のご友人が持っている可能性もあって。それを見たときに『絵って自分が持っているだけでは、もしかしたら後世に伝わらないかもしれない』と思って」と説明。「私の絵を見て『大切にしたい、引き継いでいきたい』と思ってくださる方がいたら、その方に託して、いつか未来で私がいなくなっても私の絵が残っていたら素敵なことだなと思って。そんな夢も叶えてみたいなと思って今回は販売を決めました」と語った。 作品が手元から旅立って行くことに寂しさはあるかと聞かれると「寂しさもありますが、実家では飾りきれなかったので。飾ってある絵もあるんですけど、しまってあるだけだったりもしたので」と口にし「今度は自分の知らないところで、SNSで見かけることができるのかな？とか、もしかしたらお店をやられている方が買ってくれて、お店に飾られている自分の絵をたまたま見かけることもあるかもしれない…そんな奇跡が起きるかもしれない、というワクワクの方が大きくて」とニッコリ。「寂しさは最初はちょっとあったんですけど、喜びの方が勝っています。どこかで見たいですね！」と声を弾ませた。 実家には幼稚園の頃に描いた絵も飾ってあるそうで「二科展の絵とかは大きいので場所がないって言われて。中学校の課題で描いたものまで全部飾ってくれているので、かなりの点数があって、クレームが来てます（笑）。『倉庫に入り切らないんですけど、あなたの家では飾れませんか？』って連絡があるくらい（笑）」と告白。「実家を美術館として出せるんじゃないかな、と思うくらいです」と口にした。 ◆若月佑美「FIRST EGOISM」に込めた想い 『FIRST EGOISM』というタイトルについて話す場面で若月は「自分は性格的に『人の役に立って生きていきたい』とずっと願っていて。願いすぎた結果、芸術という本当はエゴで描いていいものに対しても『人のためになるのだろうか』『どんな絵が喜ばれるだろうか』と、自分がどういうものを描きたいかではなく、そういう方に行ってしまって。一度スランプに陥って何を描いたらいいかわからないという時があった」と吐露。その時期を経て、芸術に関してはエゴイズムでよかったのではないかと思えるようになったと話し「初心に返って、小さい頃にクレヨンで適当に絵を描いていた時のような気持ちでやりたいなと思って、すべてエゴイズムでやらせてもらいました」と明かした。 自分が自分に問いかけていた言葉が「自分らしく生きてる？」というものだったそうで、本作品展の入口にも「自分らしく生きていますか？」という言葉が書かれている。若月は「今はいろんなSNSとかで発信が簡単になった分、いろんな人の個性が見やすくなったので『自分って個性がないのかな？』とか『何が武器だったんだろ？』と考えることが多くなっている気がして。そうなったときに、自分らしく生きることが正解で、それだけでいい、って肯定してあげたいなと思ってこの言葉を描いて。一周回っていただいた後、最後に言葉として私のアンサーを書かせていただきました」と説明した。 ◆若月佑美、作品展の企画・制作など0から参加 今回の作品展に0から参加したという若月は「企画・制作って楽しいんだな」と感じたという。若月は「自分の頭の中をすべてさらけ出すことから始めていて。どんなものにしたい、とかではなく、『私という人間はこういう人間で、普段こういうことを思っていて、こんな性格をしていて、こういうことを世の中に伝えてみたいですよね』ということを形にしたものだった」と回想。続けて「それが違う場面でも、例えば舞台やドラマの企画をしてみる、プロデュースをしてみる、とか、コンセプトを一緒に作るところから始めることもやってみたい」と目を輝かせ「表現者として前に立たせていただいて表現することの楽しさは知れたので、その人たちを支えてみることもクリエイティブなんだなって。そういう方もチャレンジしてみたいです」と意気込んだ。 将来の理想像について若月は「やりたいことが多すぎてひとつに絞りきれないんですけど『あの人何者なの？』って言われるのが目標かな、と思っています。自分を表現するというもの、どんな分野に行ってもいいな、と思っているので」とコメント。作詞やプロデュース業などの例を挙げ「人の助けになることができるのであればどんな分野でも100％がんばってみたいと思う」と意気込み「『いろいろやってるけど結局あの人何者？』っていい意味で言われる人になりたいな、と思っています」と笑みを浮かべた。（modelpress編集部） 【Not Sponsored 記事】 modelpress",[],[]
Hulu×日本テレビ新恋愛番組「星の見える町で」参加女性5人のプロフィール解禁 “恋活移住”で地方在住男性と出会う（モデルプレス）,https://news.yahoo.co.jp/articles/c97c0ef253d86a9b6253e5635b953b288e6ca587,https://newsatcl-pctr.c.yimg.jp/t/amd-img/20261002-04853169-mdpr-000-1-view.jpg?exp=10800,2026-10-02T18:00:05+09:00,2026-10-02T18:00:05+09:00,モデルプレス,mdpr,モデルプレス,856,ふみか（C）日本テレビ（（C）モデルプレス） 【モデルプレス＝2026/10/02】新恋愛番組「星の見える町で」が、10月16日よりHuluにてオリジナル版を独占配信、日本テレビにて放送開始することが決定。このたび、参加女性5人のビジュアルとプロフィールが解禁された。 【写真】「恋活移住」体験する俳優・元アイドルの美人女性 ◆Hulu＆日本テレビ、新恋愛番組「星の見える町で」 本作は「恋」と「移住」をテーマにした新しい形の恋愛番組。ライフスタイルが多様化する現代、「自然豊かな場所で暮らしたい」と移住に憧れを抱く人が増えていると言われている。舞台は、満天の星空と豊かな自然に包まれた美しい地方の町。 東京で多忙な日々を送る5人の女性たちがこの町を訪れ、その土地で地に足をつけ、力強く生きる男性たちと出会い「恋活移住」を体験する。日常を離れた環境で繰り広げられる出会いは、ドキドキとワクワクの連続。果たして彼女たちは、この町で「運命の恋」と「新しい生き方」を見つけることができるのか。 ◆「星の見える町」“意外な”スタジオ出演者は近日公開 参加する女性たちは、それぞれ「悩み」や「想い」を胸にこの町へやってきた。共同生活を送る中で明かされる、ついつい共感してしまうリアルな本音から、思わず胸が熱くなる衝撃の告白も。時には共に涙し、時には笑顔で支え合いながら、彼女たちは「星の見える町」でかけがえのない時間を紡いでいく。 単なる「恋愛」にとどまらず、女性同士の深まる友情や、ひとりの人間として成長していく姿を丁寧に映し出す、「大人の青春」のような時間は温かくも胸を打つ。本作はHuluにてオリジナル版を独占配信、さらに日本テレビ（地上波）にてTV版の放送を予定している。 また、彼女たちの恋模様をスタジオから見守る「見届人」が、視聴者と一緒に星の見える町での生活を見守る。そこには“意外”な出演者も。続報は近日公開となる。（modelpress編集部） 【Not Sponsored 記事】 modelpress,[],[]
吉田仁人（M!LK）主演ドラマ、スーツ姿に包帯を巻いたキービジュアル解禁 主人公取り巻く追加キャスト解禁も【溺愛 ～ 実は、最強ヒーロー ～】（モデルプレス）,https://news.yahoo.co.jp/articles/1535efa7bec143c75a01fd82b8d702643b604082,https://newsatcl-pctr.c.yimg.jp/t/amd-img/20261002-04853088-mdpr-000-1-view.jpg?exp=10800,2026-10-02T18:00:05+09:00,2026-10-02T18:00:05+09:00,モデルプレス,mdpr,モデルプレス,2223,"「溺愛 ～ 実は、最強ヒーロー ～」キービジュアル（C）一城れもん・海咲ねむる／DPN ブックス（C）TOKYO MX（（C）モデルプレス） 【モデルプレス＝2026/10/02】吉田仁人（M!LK）が主演を務めるTOKYO MXの新金曜ドラマ『溺愛 ～ 実は、最強ヒーロー ～』（10月30日スタート／毎週金曜23時～）より、キービジュアルと追加キャストが発表された。 【写真】M!LK吉田仁人、弾き語り披露する貴重な姿 ◆吉田仁人、スーツ姿に包帯のキービジュアル公開 夜景をバックに、スーツ姿に包帯を巻いた腕で鋭い眼光を向ける主人公・真白（吉田）。その背後でどこか切ない表情を浮かべる悲劇のヒロイン・高原皐月（桃月なしこ）の姿が印象的なビジュアルとなっている。「悪役は去り際がかっこ良くないと」というキャッチコピーとともに、“最強ヒーロー”真白のクールさと内に秘めた正義感溢れる表情が際立つ、ドラマ本編への期待が高まる仕上がりだ。オフィスラブコメにアクション・ヒーロー要素が加わり、どんな展開を魅せるのか。そして、ひときわ目を引く真白の右腕の包帯が意味するものとは。キービジュアルの解禁にあわせて、公式HPもリニューアルされている。 ◆吉田仁人主演ドラマ、追加キャスト解禁 真白や皐月の周囲を取り巻く個性豊かなキャラクターを演じる追加キャストとして、西原亜希、日比茉鈴、野口千優の出演が解禁となった。皐月と同じ総務部の先輩、井上あさ美（いのうえ・あさみ）役には、連続ドラマ『花より男子』『渡る世間は鬼ばかり』『ラストフレンズ』などの代表作をはじめ、数々のドラマや映画で深みのある演技を見せ、高い表現力で作品を支えてきた実力派俳優・西原が決定。あさ美は皐月の良き理解者であり、職場を温かく包み込む母のような存在。悲劇に立ち向かう皐月を優しく導き、真白との恋を後押しする頼もしい姿が見どころだ。 皐月のクズ彼氏・相川樹（池田彪馬）の浮気相手、吉澤佳奈（よしざわ・かな）役には『不適切にもほどがある！』（TBS）に丸刈り姿で出演し話題を呼び、ドラマや舞台、CMなど多方面で活躍する日比が決定。自分が一番じゃないと気が済まない“承認欲求モンスター”として、皐月を敵対視し、激しくマウントをとる悪女を演じる。 真白の同期社員である川島百合香（かわしま・ゆりか）役には、山崎貴監督の『海賊とよばれた男』で映画デビュー後、様々な映画やドラマ、CM、MVに出演し着実に存在感を示している野口が決定。百合香は真白の“素”の一面を知る存在で、持ち前のコミュニケーション力の高さから、真白に対してもバグ級の距離感で接していく。クールな真白とのテンポの良いやり取りや、職場の日常感を彩るリアルな空気感が見どころとなる。個性的なキャラクターたちが絡み合うドロ沼な四角関係の行方はどうなるのか。 ◆吉田仁人主演「溺愛 ～ 実は、最強ヒーロー ～」 本作は、シリーズ累計3,400万ダウンロードを突破したヒットコミック『実は私、溺愛されてました！？ ～最低彼氏から最強彼氏へ～』（一城れもん・海咲ねむる／DPNブックス）を原作とした実写ドラマ。吉田演じるハイスペック年下男子・藤崎真白（ふじさき・ましろ）が、クズ彼氏の浮気やモラハラにより悲劇のどん底に突き落とされたヒロインを一途に“溺愛”し守り続ける、痛快最強ヒーロー恋愛譚となっている。 9月25日、ヒロインの皐月役を桃月が、皐月のクズ彼氏・樹役をSUPER★DRAGONの池田が演じることが解禁となり、樹のキャラクターを表現した「クズ界のラスボス」がXでトレンド入りを果たすなど、SNSを中心に盛り上がりを見せていた。（modelpress編集部） ◆西原亜希（井上あさ美役）コメント 企画書を読んでいた段階で、共演は初めてにも関わらず、吉田仁人さんが演じられる藤崎真白のイメージがすぐに思い浮かび…「これは楽しみだなぁ」と率直に感じました。私が演じる井上あさ美は、原作には出てこないキャラクターですが、先輩、姉、ときどき、母のように藤崎君とはまた違う目線で皐月を見守る存在です。ヒーローって守るだけじゃなく、その存在が近くに居ることで相手の心をも強くさせるパワーがあるんだ、と2人を近くで見ながら感じていました。葛藤しながら何を選び、決めていくのか、ヒロインの姿にも、きっと共感していただけるかと思います。放送をお楽しみに！ ◆日比茉鈴（吉澤佳奈役）コメント お話をいただいた時は、嬉しさと同時にかなり身が引き締まる思いでした。佳奈の大胆さに引っ張ってもらいながら、周りの皆さんに支えていただき、のびやかに佳奈と過ごせた撮影期間だったと思います。たくさんの方に受け取っていただけたら嬉しいです。 ◆野口千優（川島百合香役）コメント 藤崎真白の同期・川島百合香を演じました、野口千優です。お話を頂いた時は素敵な方々とお仕事が出来る事に感謝と嬉しさで胸が一杯になりました。私が演じる百合香は原作には無い役柄です。どんな時も明るくパワフルな百合香がどんな風に真白や皐月たちと関わっていくのか楽しみにして頂けると嬉しいです。ドラマの中での女性陣の服装にも是非注目してほしいです！ドラマ『溺愛』を観ながら一緒にドキドキ、ハラハラ、きゅんきゅん、スカッとしましょう！ 【Not Sponsored 記事】 modelpress",[],[]
BUDDiiS小川史記、EBiDAN旋風で超特急から感じた「地盤の強さ」佐野勇斗主催“タクヤ会”秘話も【インタビュー】（モデルプレス）,https://news.yahoo.co.jp/articles/89e750b06d98ad414b2e86684c7b591fda32126e,https://newsatcl-pctr.c.yimg.jp/t/amd-img/20261002-04852720-mdpr-000-1-view.jpg?exp=10800,2026-10-02T18:00:05+09:00,2026-10-02T18:00:05+09:00,モデルプレス,mdpr,モデルプレス,3910,モデルプレスのインタビューに応じた小川史記（（C）モデルプレス） 【モデルプレス＝2026/10/02】BUDDiiSの小川史記（FUMINORI／31）が、「第43回 マイナビ 東京ガールズコレクション 2026 AUTUMN/WINTER」（9月19日＠横浜アリーナ）に出演。舞台裏でモデルプレスのインタビューに応じ、ランウェイの感想や私服のこだわり、BUDDiiS＆EBiDANとしての活動の反響などを語ってくれた。 【写真】“奇跡の31歳”で話題のEBiDANメンバー ◆小川史記、TGCならではの自分を表現 ― まずはTGC出演の感想をお願いします。 小川：ありがたいことに何度か出させていただいているんですけど、今回はメンバーの（高尾）楓弥と歩くことになって。直前まで、いつも通りの空気感で楓弥と喋っていたので、あまり気を張らず、リラックスした状態でランウェイに臨めました！ ― クールなランウェイも素敵でした！ 小川：いつもランウェイで見せているような、キラキラ可愛い雰囲気とは違って、クールで強めの“FUMINORI”を皆さんにお届けできたのが、自分としてもすごく嬉しかったです！TGCのランウェイならではの自分を見せられるステージだったと思うので、改めて今回呼んでいただいたことに感謝しています。 ― 舞台裏ではどのように過ごされているのでしょうか？ 小川：僕は内弁慶なので、当たり前のように楓弥とずっと2人でキャッキャしていました（笑）。楓弥は10個下の21歳で若いから、それでいいんですよ。僕はもう31歳なので、キャッキャしたいんですけど、知らない皆さんがいるところではやっぱりしづらいのもあって…。でも今日は恥ずかしながら、ちょっとキャッキャしてしまいました！周りの人にこんな自分を見られたら嫌だなと思いながら、裏では過ごしていました（笑）。 ― 楽しそうですね（笑）。 小川：楓弥は平気で「写真撮りましょう！」って。声を掛けてくれるのは嬉しいし、僕も「うぇ〜い！」って撮りたいんですけど、その瞬間だけちょっとスカしました（笑）。「はい、ピースね」みたいな。スカしちゃったなって思います（笑）。 ◆小川史記、私服のこだわりは？ ― ご自身のファッションのこだわりを教えてください。 小川：サイズ感と色味は、こだわりがありますね。実際に着たり履いたりしてみて、ちゃんと自分の骨格に合う洋服を選んで買うようにしています。色味は年々落ち着いてきていて、ネイビー・黒・白・ベージュ。あと、もう1つこだわりがありました…シンプル！とにかく普通の格好をしています。 ― 昔はテイストが違ったのでしょうか？ 小川：昔はもうちょっと柄物とか派手なものが好きでした。でも、ここ最近は普通の服が好きです。Instagramとかにも私服を載せているんですけど、デニムにシャツ1枚とか、黒のスラックスにTシャツ1枚とか。夏はそれぐらいシンプルに決めるのが僕のこだわりです。 ◆BUDDiiS「キミは都市伝説」の広がりとEBiDANの反響 ― BUDDiiSとしては「キミは都市伝説」のMVが400万回再生を突破し話題を集めていますが、その広がりを実感することはありますか？ 小川：めちゃくちゃ感じます。ファンの皆さんはもちろんですけど、ワンマンじゃないイベントで、他のアーティストさんのファンの方がいらっしゃるところで披露しても、イントロがかかった瞬間に声援が上がるというか。そういう時に「『キミ都市』っていろんな方に知っていただけているんだな」と感じました。 ― 実際に声が届くと嬉しいですね！ 小川：めちゃくちゃ嬉しいです！バディ（ファンの呼称）が先導してコールしてくれるので、2番とかラスサビで他のファンの皆さんも「好きでした」って声を出してくださって。終盤の盛り上がりはやばかったです！ ― 先ほどのステージでもEBiDANについてお話しされていましたが、15周年記念シングル「Yes! 東京」がミリオンを突破するなど旋風を巻き起こしている中、そうした熱狂の声はご自身の耳にも届いていますでしょうか？ 小川：EBiDAN選抜での歌番組には9割ぐらい参加させていただいたこともあり、より反響を直にいただけて。「あの黄色い制服で踊っていた子は誰？」という声を目にするようになったし、メッセージも届くようになりました。ずっと応援してくれているバディも、EBiDANという名前、BUDDiiSという名前が広がることにすごく喜びを感じてくれているのが素直に嬉しいです。ただ、EBiDANとして出た時の反響が大きすぎて、良くも悪くも実感が湧いてこないというか。活動している時はただただ「EBiDANで番組に出られる！嬉しい！」みたいな感じなんです。「エビライ（EBiDAN THE LIVE）」は毎年やっているし、ずっとみんなといるので、先輩や後輩と一緒に踊ることは不思議に感じていないんですけど、終わった後に反響を見たり、「Yes! 東京」が1位をとっている映像を見たりした時に、ふと我に返って「EBiDANすごっ！」って思います。これは本当に先輩たちのおかげです。先輩たちに感謝です！ ◆小川史記が明かす“タクヤ会”の楽しいひととき ― 今年の「エビライ」では、かつて所属されていたPRIZMAXの楽曲を披露する場面もありましたね。改めてパフォーマンスしてみていかがでしたか？ 小川：エモかったですね〜。エモかったんですけど…エモさに浸るには、ちょっと短いなって（笑）。「ミステリー♪」で曲が終わって、「あ、僕捌けますよ？」みたいな（※実際に踊りながら当時の心境を再現）。浸るにはちょっと短い。でも僕みたいなド後輩がやらせていただけるだけで、ありがたいです！ ― （笑）。もう少し長尺だったら、より嬉しかった？ 小川：5曲ぐらい…いや、こんなこと言うとユーキ（超特急）に怒られるので、ここまで（笑）！ ― 「エビライ」後には、EBiDANメンバー（超特急・タクヤ／M!LK・佐野勇斗／SUPER★DRAGON・田中洸希／原因は自分にある。・杢代和人）とのご飯会に参加されたとか。 小川：佐野主催の“タクヤ会”みたいになりました。名前は“タクヤ会”らしいです。「タクヤくん一派にしましょう！」って（笑）。 ― どなたがメンバーを集めたのでしょうか？ 小川：タクヤくんとはやてぃー（佐野※呼び方は迷走中）が2人でご飯に行くことになって、どうせならみんなを呼ぼうという流れになったみたいで。当日の夕方に佐野から「ふみくん、タクヤくんとご飯行くけど来れるよね？場所は◯◯」って連絡が来たんです。“来れるよね”という言葉に「やばっ！」と思いつつ、まさかの予定が空いていたので、二つ返事で「行く」と答えました（笑）。 ― “タクヤ会”で印象に残っているエピソードを教えてください！ 小川：タクヤくんがSNSに疎すぎて（笑）。みんなが知っている情報を知らないことが多い！流行りとかもそうですし、「これが今ホットな話題だよね」って話していても、「へ〜そうなんだ。おかわりください！」みたいな。それに佐野が「ちょっ、タクヤくんおじさんすぎる！」ってツッコんでいました（笑）。「タクヤくんは、とにかくもっと世の中の情報を知りましょう！」って話していました。 ― （笑）。皆さんで最新情報を教えていた？ 小川：流行っているものを教えたり、SNSのやり方を教えたり（笑）。めちゃくちゃ楽しかったです！ ◆小川史記、先輩・超特急から感じた“地盤の強さ” ― EBiDANとして活動する機会も増えたと思いますが、改めて刺激を受けたグループやメンバーはいらっしゃいますか？ 小川：超特急先輩です。「Yes! 東京」で一緒に活動させていただく中で、リハーサルのふとした佇まいとかから、先頭を走ってくれているなと感じる瞬間が何度もあって。挨拶も率先してやってくれるし、リハーサルから全力で取り組む姿を見て、後輩の僕らも自然と「ついていこう」と思えるんです。「ちゃんと場数を踏んできたんだな」という地盤の強さも感じられて、この期間で改めて超特急さんはすごいなと思いました。 ― 実際に超特急さんにその思いを伝えたことは？ 小川：ここまでは伝えてないですけど、「超特急、最高！」って日頃から言っています（笑）。シューヤとかにも。 ― 同い年なんですよね。 小川：そうです！超特急さんには同い年のメンバーも多いです。僕もまさかのEBiDAN最年長組の一員なんですけど、後輩ムーブしてズルしてます（笑）。 ― 小川さんならではの立ち位置ですね（笑）。 小川：ありがたいです（笑）！ ― ありがとうございました！ （modelpress編集部） ◆小川史記（おがわ・ふみのり）プロフィール 1994年11月21日生まれ、埼玉県出身。2020年9月16日に結成された“DIY”ダンス＆ボーカルグループ・BUDDiiSでリーダーを務める。2026年10月から東名阪を巡る「BUDDiiS vol.12 Hall Tour - LiMiT -」を開催し、11月18日にはメジャー2ndシングル「無限大LOVE!!!」の発売も控えている。個人としては、ドラマ「しもべの王子様」（2026／TOKYO MX）でW主演を務めたほか、「悪いのはあなたです」（2025／読売テレビ）に出演するなど、活躍の場を広げている。 【Not Sponsored 記事】 modelpress,[],[]
M!LK吉田仁人、自宅に“30～40個”ぬいぐるみの内訳とは「ホワイトタイガーはベッド脇に」（モデルプレス）,https://news.yahoo.co.jp/articles/a9af5689dd92c0bd5161438bc63a070edb43b269,https://newsatcl-pctr.c.yimg.jp/t/amd-img/20261002-04853166-mdpr-000-1-view.jpg?exp=10800,2026-10-02T17:49:38+09:00,2026-10-02T17:49:38+09:00,モデルプレス,mdpr,モデルプレス,1083,吉田仁人（（C）モデルプレス） 【モデルプレス＝2026/10/02】5人組ダンスボーカルグループ・M!LKの吉田仁人が10月2日、自身がパーソナリティを務める文化放送「M!LK 吉田仁人のレコメン！」（毎週木曜22時〜25時）に出演。自宅にある大量のぬいぐるみの内訳について語った。 【写真】M!LK吉田仁人、東武動物公園で開催した「レコメン！」イベント ◆吉田仁人、ぬいぐるみ集めのきっかけ 9月22日にNHK AMで放送されたラジオ番組「M!LKのみんなをキミを日本を元気にするラジオ！」（9月22日20時5分~20時55分・21時5分〜21時55分）にて、自宅にあるぬいぐるみの数が30～40個に及ぶことが明らかになった吉田。今回の放送では、その内訳を知りたいというお便りが寄せられた。 この質問を受け、吉田はぬいぐるみ集めのきっかけは「M!LK 吉田仁人のレコメン！」のメンバーとオンラインクレーンゲームを行ったことだと回答。景品の配送を依頼したところ、大量のぬいぐるみが段ボールに入って届いたのだと説明した。吉田はクレーンゲームで獲得したぬいぐるみについて「基本はサンリオさんのもですし、ポケモンさんのもそうですし…」と話した。 ◆吉田仁人、“ベッド脇”に置いているぬいぐるみ明かす 一方、クレーンゲームの景品以外のぬいぐるみも複数あるという。置いてあるぬいぐるみの種類は「メ～テレ」（名古屋テレビ）のキャラクター・ウルフィや「めざましテレビ」（フジテレビ系）のキャラクター・めざましくんなどテレビ局に出演した際にもらったものから北海道のシマエナガまで多岐にわたるとし「イベントごとに置いてある、とかいただく、とか。そういったぬいぐるみがいっぱいあるって感じですね」と述べた。 また、コーナー終了直前「ホワイトタイガーはベッド脇に置いてますよ」と話した吉田。東武動物公園でもらったというホワイトタイガーのぬいぐるみが気に入ってることをうかがわせた。 ◆吉田仁人のぬいぐるみトークに反響 放送を受けて、SNS上では「可愛すぎる」「貰い物大事にしてるの尊敬」「仁人くんにぬいぐるみ事情聞いてくれた人ありがとう」と反響が相次いだ。また、同番組内で吉田が「いつ何時でも絶対に可愛い」「何をしていても可愛い 」という理由でサンリオのキャラクター・シナモロールが好きであると話したことについて言及し「愛が重い」「面接みたいに流暢」とするコメントも寄せられている。（modelpres編集部） 情報：文化放送 【Not Sponsored 記事】 modelpress,[],[]
なにわ男子・西畑大吾、子役・泉谷星奈の願いを即実現「らなちゃーん！」大歓声に「今度うちのライブ出よう！」【時給三〇〇円の死神】（モデルプレス）,https://news.yahoo.co.jp/articles/c51ade11f84bcf1f917bef0d5a9ad54cbf8f1bd5,https://newsatcl-pctr.c.yimg.jp/t/amd-img/20261002-04853175-mdpr-000-5-view.jpg?exp=10800,2026-10-02T17:45:32+09:00,2026-10-02T21:53:41+09:00,モデルプレス,mdpr,モデルプレス,1434,「朝になると浮腫む」「暴飲暴食しても大丈夫な体質になりたい」と切実に願うも泉谷星奈に笑われてしまった西畑大吾（（C）モデルプレス） 【モデルプレス＝2026/10/02】なにわ男子の西畑大吾と俳優の福本莉子がW主演を務める映画『時給三〇〇円の死神』初日舞台挨拶が10月2日に都内で行われ、西畑、福本をはじめ、共演の渋谷凪咲、泉谷星奈、佐津川愛美、小澤征悦、メガホンをとった酒井麻衣監督が出席。西畑が、泉谷の願いを叶える場面があった。 【写真】アイドルのようにファンに手を振る泉谷星奈 ◆西畑大吾、子役・泉谷星奈の願いを即実現「らなちゃーん！」 映画では、時給300円の死神のアルバイトを半年間終えると、どんな願いでも1つ叶えてもらえるという設定にちなみ、キャスト陣がそれぞれの「叶えたい願い」を発表。 泉谷が「西畑さんと福本さんは出てきたらいつも『キャー！』って言ってもらえて、福本さんは『莉子ちゃーん！』とか呼ばれていて、いつも羨ましそうに聞いていた」と明かし、「一度だけでいいので、みんなに『キャー！』って言ってもらいたいです」と可愛らしい願いを告白した。 すると西畑はすかさず、「そんなのすぐ叶うよ！」と反応。客席に向かって「せーの！って言ったら『らなちゃーん！』って言ってもらっていいですか」と呼びかけると、会場から「らなちゃーん！」の大歓声が。泉谷は「はーい！」と全力で手を振りながら応え、「叶いました！」とにっこり。 西畑は頭を抱えて悶絶しながら「よかったぁ」と微笑み、さらに「今度、うちのライブ一緒に出よ！すごい量の『キャー』がもらえるから」となにわ男子のライブに招待。すると、なぜか小澤が「えー、いいんですかぁ！？」と乗っかり、会場を笑わせていた。 一方、西畑自身が挙げた切なる願いは、「どんだけ食べて、どんだけ飲んでも太らない、むくまない」体質になること。「僕、むくみやすくて、朝とかすごいんですよ」と明かし、「ツアーとかでいろんな場所に行って、名産のものをいっぱい食べて、気にせずいっぱい飲んでみたい」と語るも、「次の日のことを考えると、歳を重ねるごとに抑えて抑えての生活になってる」と切実な悩みを告白した。 さらに西畑が「もう暴食しまくっても大丈夫、みたいな体質になりたい」と話すと、泉谷からは「あっ…（笑）」と思わず笑いが。西畑は「らなちゃんはちょっとまだわからないかもしれないけど、だいたい20代後半くらいになってくると、お腹とか戻らなくなってくるの」と、泉谷に“20代後半の体の変化”を説明。無邪気に笑う泉谷と、真剣に悩みを語る西畑のやり取りに、会場は和やかな笑いに包まれた。 ◆西畑大吾＆福本莉子W主演「時給三〇〇円の死神」 本作は作家・藤まる氏による累計発行部数36万部突破の同名小説を実写映画化。『美しい彼』シリーズや、映画『ストロベリームーン 余命半年の恋』などを手掛けた酒井監督と、映画『366日』製作陣が、切なくも美しいヒューマンストーリーを描く。 物語の舞台は、未練を残して死んだ者に与えられる人生の“ロスタイム”。父が起こした事件をきっかけに希望を失った大学生・佐倉真司（西畑）が、天真爛漫な同級生・花森雪希（福本）に誘われ、“死神のアルバイト”を始める。2人は“死神バディ”として、死者たちの心残りに寄り添い、あの世へと導いていく。（modelpress編集部） 【Not Sponsored 記事】 modelpress,[],[]
&TEAM・K「anan」初ソロ表紙“王子の甘美なご自愛”グラビア披露 就寝前ルーティーンなどリアルなプライベートトークも（モデルプレス）,https://news.yahoo.co.jp/articles/97fd9c385654b351cd21166a3f7d46908304590d,https://newsatcl-pctr.c.yimg.jp/t/amd-img/20261002-04853128-mdpr-000-1-view.jpg?exp=10800,2026-10-02T17:30:04+09:00,2026-10-02T17:30:04+09:00,モデルプレス,mdpr,モデルプレス,1240,K「anan」2514号スペシャルエディション（2026年10月7日発売）（C）マガジンハウス（（C）モデルプレス） 【モデルプレス＝2026/10/02】グローバルグループ・&TEAM（エンティーム）のK（ケイ）が、10月7日発売の「anan」2514号スペシャルエディション版（マガジンハウス）表紙に登場する。 【写真】&TEAM・「ブルーロック」で演じたキャラとのプリクラ ◆K「anan」スペシャルエディション表紙登場 2514号は「上質なご自愛。」特集。最近では映画『ブルーロック』での凪役があまりにもハマりすぎていることで話題を呼んだKが、“かわいい”と“かっこいい”のギャップが満載の誌面を見せている。普段はクールで艶っぽい圧倒的なパフォーマンスで魅せるKが、表紙ではぬいぐるみをハグしながら自然体の甘え顔を披露。まるで隣にいるかのような距離感にドキドキするビジュアルになっている。 その異次元の頭身、そして甘すぎるマスク、艶っぽいパフォーマンスで“リアル王子”と称させるK。今回のグラビアは特集にあわせ「王子の甘美なご自愛」をテーマに撮影された。ハーフパンツにボウタイの甘々なスタイルの“Sweet Prince”パートでは無邪気にパフェを頬張り、こちらを挑発するような笑顔を、素肌にセットアップ＋リムレス眼鏡の少しナルシスティックなスタイルの“Bitter Prince”パートでは革グローブで花をもてあそぶ小悪魔的な表情を披露。小田切ヒロとの初セッションで魅せるこれまでとは違うヘアスタイル、メイクも見どころだ。 ◆K、寝る前のルーティーンなどリアルな“ご自愛”語る 特集に合わせ普段のリアルな「ご自愛」を食、美容、買い物、マインドとセキララに語ってくれたK。インタビューではLUNE（ファンネーム／※「E」はエキュートアクセント付き）やメンバーに対する愛も炸裂。ヘアメイクを担当した小田切との対談では、寝る前のルーティンや最近のこだわりも披露。ストイックなイメージのKに思わず親近感を抱いてしまうようなプライベート感たっぷりなインタビューとなっている。 「上質なご自愛のススメ」をテーマにしたKと小田切との対談は誌面のほか、ananのYouTubeチャンネルにて動画でも近日公開予定。「一番搾り ホワイトビール」を手に、小田切とのセッションで普段は見られないKの表情とトークを見ることができる。 ◆「anan」2514号「上質なご自愛。」特集内容 花をいけたり、編み物を楽しんだり、船の旅に出てみたり。たまには自分をいたわり、ゆったりとした時間を過ごしたいもの。忙しない日常で疲れた心と体をリセットするための、ちょっと上質なご自愛のアイデアを集めた特集。スペシャルグラビアにはMrs. GREEN APPLEが登場する他、『新テニスの王子様』スペシャルも掲載している。（modelpress編集部） 【Not Sponsored 記事】 modelpress,[],[]
乃木坂46、6期生の撮り下ろしグラビア企画スタート トップバッター・大越ひなのの写真公開 残る10人は10月3日から毎日1人ずつ掲載【6期生グラビア Nogizaka Colors】（モデルプレス）,https://news.yahoo.co.jp/articles/b798c44f90aa795b8ebc2d0b57f66b4b6362beb2,https://newsatcl-pctr.c.yimg.jp/t/amd-img/20261002-04853218-mdpr-000-4-view.jpg?exp=10800,2026-10-02T17:10:35+09:00,2026-10-02T18:19:27+09:00,モデルプレス,mdpr,モデルプレス,389,"大越ひなの（提供写真）（（C）モデルプレス） 【モデルプレス＝2026/10/02】乃木坂46の6期生にフォーカスした撮り下ろしグラビア企画「6期生グラビア Nogizaka Colors」が、乃木坂46の公式サイトにてスタートした。 【写真】24歳乃木坂メンバー「ドキドキするほど綺麗」圧巻美脚際立つ ◆乃木坂46・6期生、撮り下ろしグラビア企画スタート 本企画は、加入してから2年目を迎えた6期生メンバーそれぞれの""色（個性）""を引き出す、撮り下ろしグラビア企画。トップバッターとして大越ひなのの写真が公開された。 ◆撮り下ろしグラビア企画、明日から1人ずつ毎日公開 残る6期生10人の写真は、明日から1人ずつ毎日公開される予定。次はどのメンバーのどのような写真が公開されていくのか。（modelpress編集部） 【Not Sponsored 記事】 modelpress",[],[]
鈴鹿央士、増量の影響で舞台挨拶中に“ハプニング”「ほぼすっぴんなので」【ファーストボイス】（モデルプレス）,https://news.yahoo.co.jp/articles/6bab64f793dce4d53f3f222a54889d7f77cf82d3,https://newsatcl-pctr.c.yimg.jp/t/amd-img/20261002-04853217-mdpr-000-3-view.jpg?exp=10800,2026-10-02T17:04:08+09:00,2026-10-02T17:28:25+09:00,モデルプレス,mdpr,モデルプレス,2019,「ファーストボイス」初日舞台挨拶に出席した﻿鈴鹿央士（（C）モデルプレス） 【モデルプレス＝2026/10/02】俳優の鈴鹿央士が2日、都内で開催された映画「ファーストボイス」初日舞台挨拶に出席。イベント中、ある“ハプニング”が生じた。 【写真】26歳人気俳優「すごい鳥肌が立って」演技力に驚いた25歳女優 ◆鈴鹿央士、増量中で舞台挨拶に“ハプニング” 本作は、お金にならない案件ばかり引き受けてしまうお人好し弁護士・朝日道子（綾瀬はるか）が、会社と上司を相手に提訴をしたいと相談に訪れた女性・恵（ファーストサマーウイカ）と出会い、社会の理不尽に立ち向かっていく痛快リーガルエンターテインメント。この日は綾瀬、ウイカ、松本穂香、水川かたまり（空気階段）、鈴鹿央士、前田哲監督も出席していた。 自身の演技について、水川は「裁判のシーンが結構長かったんですけれども、被告として被告人席に座っているので、一応相対しているので、ずっとふてぶてしい表情をしていたんですよ。というのも、役柄で眼鏡をかけていたんですけど、衣装だったので度が入っていなくて。もし度が入っていたら…かなり怖い顔をしていらっしゃったので。対面した時に、ウイカさんとか。ずっとウイカさんは、こういう目で見てたんですけど、実際にスクリーンで見たら、『めっちゃ怖い顔してる』と思って。実際に度が入った眼鏡で演技をしていたら、泣いていたと思います。だから、度が入ってなくてよかったです。撮影の時は裸眼だったので、ぼんやりしていたので、ふてぶてしい表情ができました」と振り返って会場を沸かせていた。 一方、恵が勤めていた出版社でアルバイトとして一緒に働いていた後輩・吉井隆を演じた鈴鹿は、しきりにハンカチで汗をぬぐって「熱すぎて汗が止まらないんです（笑）。体重を増やしたりしていて、代謝がめっちゃいいんですよ。ヘアメイクさんに申し訳ないんですけど、ほぼすっぴんなので。ごめんなさい。ほぼすっぴんというか、メイクが落ちちゃったかもしれない」と照れ笑い。綾瀬が「でもつるつる」と美肌を褒めると、鈴鹿は「ありがとうございます。肌綺麗なんです」と笑顔で返していた。 ◆水川かたまり、綾瀬はるかの発言に「報われました」 この日は、物語にちなんでそれぞれが始めたことを発表する一幕があった。綾瀬は「私のファーストもち米です。もち米はもちろん食べたことがありますし、年末にいつも家族でお餅を作っているので、食べたことはあったのですが、もち米で麻婆豆腐を食べたんですね。すごくおいしかったんです。蒸したもち米と、麻婆豆腐。すごくおいしかったです。麻婆豆腐もおいしかったから、余計においしかったんだと思うんです」と紹介。「やっぱり食感？より麻婆豆腐のとろみと、もち米のもちもち感があいまって、すごくおいしかったです」とポイントを明かし、「これを作った人が、もち米だったらおいしいんじゃないかって、開発っていうことでもないんですけど（笑）、合わせてみようって作ってくれて。すごくおいしかったです。ぜひやってみてください」とおすすめしていた。 水川は「僕のファーストワイヤーアクション。ドラマでちょっとワイヤーアクションのシーンが。ワイヤーアクションといいますか、高いところから落ちるみたいなシーンで。この映画館の天井くらい、5m～10mくらいのところから、ハーネスを付けてワイヤーで吊るされて、（寝転んで体勢を再現しながら）こう落ちていく。下でハーネスを付けて上まで持ち上げられて、ばーんと落とされるみたいな。だいぶ怖いシーンで。『これは本当に怖いと思うので、できれば一発本番でやろうと思います』みたいなことを言っていただいて」と回想。「『分かりました。よろしくお願いします』って言って、いざ吊るされて本番でばーんって落ちたら、『カット！ちょっと蛙みたいで気持ち悪い』って（笑）。『蛙みたいで気持ち悪かったです』って。もう一回行きましょうって言って、もう一回吊るされて、持ち上げられて落とされて。『カット！めっちゃ蛙みたい！』って言われて。一発本番っていう約束だったのに、8回撮らされまして。本当に気絶するかと思いました。皆さん、ワイヤーアクションをする際は気を付けてください」と呼びかけた。 続けて、どのような役だったのか聞かれた水川は「悪い役です」と明かし、綾瀬は「それもう放送したドラマですか？分かりました。なんのシーンか。観ました」とコメント。水川は「え、見てくれたんですか！嬉しい！」と興奮気味の様子で、綾瀬は「1話ですよね？見ました。『あれどうやって撮ってるんだろう？』って思いました。観てて。ワイヤーで落ちたんですね。えぇ！素晴らしかったです！」と笑顔で絶賛し、水川は「報われました」と安堵していた。（modelpress編集部） 【Not Sponsored 記事】 modelpress,[],[]
窪塚愛流は「ほっとけない弟系愛嬌俳優」山元環監督が印象明かす「呪いのスマホ」独占カット解禁（モデルプレス）,https://news.yahoo.co.jp/articles/a38be021eae9bdc15b915832ba62895d382dd21f,https://newsatcl-pctr.c.yimg.jp/t/amd-img/20261002-04853057-mdpr-000-1-view.jpg?exp=10800,2026-10-02T17:00:05+09:00,2026-10-02T17:00:05+09:00,モデルプレス,mdpr,モデルプレス,1940,窪塚愛流（C）「呪いのスマホ」製作委員会（（C）モデルプレス） 【モデルプレス＝2026/10/02】山元環監督による完全オリジナルホラー『呪いのスマホ』が2026年11月13日（金）より全国公開。このたび、窪塚愛流の独占カットと山元監督のコメントが解禁された。 【写真】窪塚洋介のイケメン息子「唯一無二の雰囲気」と話題のド派手ヘア ◆完全オリジナルホラー「呪いのスマホ」次世代担うキャスト集結 映画『この夏の星を見る』（25）で中高生の瑞々しい青春を切り取り、第17回TAMA映画賞最優秀新進監督賞や第39回高崎映画祭新進監督グランプリを受賞した新鋭・山元環監督。そんな俊英が次にカメラを向けたのは、私たちが毎日片時も離さず見つめ続ける「スマホ」だ。 コロナ禍の“つながり”を描いた監督が、今度はその“つながり”そのものが牙を剥く現代の呪縛と深遠な恐怖を描き出す完全オリジナルホラー『呪いのスマホ』。本作は「学校」を舞台に、今年最後の“13日の金曜日”となる11月13日（金）より全国公開となる。 瑞々しく描かれる「リアルな青春の質感」、そして「容赦ない死の恐怖」──それらがノンストップで交差し、誰も体感したことのない新時代ホラーエンタテインメントが完成した。1シーンごとに畳みかける恐怖と、美しく鮮烈な映像で駆け抜ける102分間。ドーパミンが止まらない、息つく暇もないジェットコースター級の〈絶恐劇場体験〉が待ち受ける。 キャストには次世代を担うフレッシュな才能が集結した。主人公・榊ユラを演じるのは、話題作への出演が続き、本作で映画単独初主演を飾る早瀬憩。そして、彼女と共に死の連鎖に巻き込まれていく同級生たちには、話題のキャスト陣が顔を揃える。 日下部理恩役には数々の映画やドラマなど注目作での好演が光る窪塚。篠宮かおる役にはモデル・タレントとして多角的に活躍し本作で映画初出演を果たす井手上漠。さらに、風見千明役には特撮やドラマで存在感を示す坂巻有紗、高月颯馬役には映画やドラマで着実に実績を重ねる演技派・萩原護、林流星役にはダンス＆ボーカルグループ「BALLISTIK BOYZ」のメンバーとして活躍する砂田将宏、花井琴葉役にはSNSで絶大な支持を集め本作が映画初出演となる平松想乃ら勢いある若手俳優陣が名を連ねる。熱量あふれる演技合戦が、青春と恐怖のコントラストをより高めている。 主人公・ユラ（早瀬）の同級生・日下部理恩を演じるのは、主演映画『ハピネス』をはじめ、『恋を知らない僕たちは』やドラマ「最高の教師 1年後、私は生徒に■された」、ドラマ「御上先生」など、青春群像劇から重厚な社会派ドラマまで話題作への出演が相次ぎ、確かな演技力で急速に躍進を遂げる若手俳優・窪塚。 彼が演じる理恩は、生徒会として冷静にクラスをまとめるリーダー的存在でありながら、旧校舎で見つかったボロボロのスマホに端を発する死の連鎖に巻き込まれていく人物だ。仲間たちが次々と異様な最期を遂げていく惨劇の中、非現実的な恐怖を前にしてもなお、リーダーとしての理性と仲間への情の間で必死に踏み止まろうとする。頼もしかったはずの冷静な理性が徐々に絶望へと塗り替えられていく過酷なプロセスを、過剰な演出に頼らず、息遣いや立ち姿の些細な変化といった等身大の演技で緻密に描き出している。（modelpress編集部） ◆山元環監督コメント全文 クールだと思いきや、とても親近感のある距離で人と接する俳優です。どうすればいいか、どう考えているかを素直に話してくれるし、芝居の考え方がとてもポジティブで、その場でのチャレンジ精神とバイタリティが高い印象でした。あと「どうだった？」と芝居の感想を求めてくるところも愛嬌がありました笑 ほっとけない弟系愛嬌俳優です。 ◆早瀬憩主演「呪いのスマホ」 事故で親友を亡くしたことをきっかけに“視える”ようになってしまった孤独な女子高生・榊ユラは、同級生たちと立入禁止の旧校舎を掃除することになった。そこで彼らが見つけたのは、ボロボロになった1台のスマホ。突如起動した画面から流れる〈不気味な動画〉を見てしまったユラたちは、呪いのスマホと繋がってしまう。 そして届き始める【自分が死ぬAI動画】――それを受け取った者から順番に、“同じ最期”を辿っていく――。同級生たちが次々と殺されていく中、ユラは呪いの元凶【木の下さん】の存在を知る。しかし、それはさらなる恐怖の幕開けに過ぎなかった――。果たしてユラは、この呪いとのつながりを断ち切ることができるのか？そして、その先に待ち受ける【恐るべき結末】とは――。 【Not Sponsored 記事】 modelpress,[],[]
「それスノ」2時間SP、ACEes浮所飛貴がダンス完コピ企画初参加 ＝LOVE全員と「絶対アイドル辞めないで」コラボも（モデルプレス）,https://news.yahoo.co.jp/articles/61c1b648afa1975d8da97947e0afda0b4892ec72,https://newsatcl-pctr.c.yimg.jp/t/amd-img/20261002-04853056-mdpr-000-1-view.jpg?exp=10800,2026-10-02T17:00:05+09:00,2026-10-02T17:00:05+09:00,モデルプレス,mdpr,モデルプレス,810,「それSnow Manにやらせて下さいSP」（C）TBS（（C）モデルプレス） 【モデルプレス＝2026/10/02】TBSで毎週金曜に放送中の「それSnow Manにやらせて下さい」。10月9日よる7時からの2時間スペシャルは、人気企画「ダンスノ完コピレボリューション」を放送する。 【写真】「それスノ」初参加のSTARTO人気ジュニア、激メロショット ◆「それスノ」2時間SP、キスマイ千賀健永＆ACEes浮所飛貴ら 誰もが一度は見たことのある振り付けをその場で完璧にコピーし、間違えることなく踊り切ることができるかを競う「ダンスノ完コピレボリューション」。今回はSnow Man vs 完コピ歴代MVPチーム vs STARTOダンス選抜チームの三つ巴対決となる。 宮舘涼太率いる完コピ歴代MVPチームは、韓国から緊急参加のILLITのIROHA、E-girlsの元メンバーの佐藤晴美、石井杏奈、そしてラウールと共に“BUMPY”としてダンスの世界大会へ出場した柚乃の歴代MVPが集結。STARTOダンス選抜チームは、河合郁人、Kis-My-Ft2の千賀健永、Travis Japanの宮近海斗と松倉海斗、そしてACEesの浮所飛貴がジュニアから初参加。ダンスに定評のあるメンバーがグループの垣根を越え、“打倒Snow Man”を掲げて火花を散らす。 ◆「それスノ」本人コラボ、＝LOVEが全員で登場 今回の完コピバトルも、平成を彩った懐かしの名曲から令和の最新バズり曲まで、激うまダンスが続出。そして、本人コラボのゲストには＝LOVEがメンバー全員そろって登場する。バズリ曲「絶対アイドル辞めないで」で豪華コラボが実現。キュートなコラボダンスは見どころだ。プライドを懸けた熱い戦いを制するのは果たしてどのチームになるのか。（modelpress編集部） 【Not Sponsored 記事】 modelpress,[],[]
ゴールデンボンバー喜矢武豊、エイベックスとエージェント契約 俳優活動のサポート受ける体制へ（モデルプレス）,https://news.yahoo.co.jp/articles/05ff418105475b6493c6208880b97c98bd0c0f76,https://newsatcl-pctr.c.yimg.jp/t/amd-img/20261002-04853045-mdpr-000-1-view.jpg?exp=10800,2026-10-02T17:00:05+09:00,2026-10-02T17:00:05+09:00,モデルプレス,mdpr,モデルプレス,514,喜矢武豊（提供写真）（（C）モデルプレス） 【モデルプレス＝2026/10/02】ゴールデンボンバーの喜矢武 豊が、エイベックス・マネジメント・エージェンシー株式会社とエージェント契約を締結した。 【写真】45歳金爆メンバー「ケツやけど」ショット公開「痛そう」 ◆喜矢武豊、エイベックスとエージェント契約 喜矢武は、ゴールデンボンバーのエアーギター担当で“キャン様”の愛称で親しまれる。エアーギターを武器にしながら、舞台や映画、バラエティでも活躍するなど多彩な才能を発揮。ユニークな発想と愛されキャラで幅広い層から支持を集めている。 以前より俳優として活動していた喜矢武は、2026年に公開された「日本統一」シリーズスピンオフ映画『劇場版 山崎一門Ⅱ～日本統一～』の主演を務めるなど、ここ数年、より積極的に活動し開花している。そして10月2日19時オンエアの日本テレビ「金曜ミステリークラブ！！！」では、再現VTRにて交渉人・小西靖之役で出演する。 エイベックス・マネジメント・エージェンシーは今後、俳優活動を中心に芸能のサポートをする。（modelpress編集部） 【Not Sponsored 記事】 modelpress,[],[]
綾瀬はるか、天然発言炸裂で会場和ます 訪問エピソードに自らツッコミ「すみません（笑）」【ファーストボイス】（モデルプレス）,https://news.yahoo.co.jp/articles/a8020c597dc787d628f29dd9c102451e4ce0e31b,https://newsatcl-pctr.c.yimg.jp/t/amd-img/20261002-04853204-mdpr-000-4-view.jpg?exp=10800,2026-10-02T16:37:14+09:00,2026-10-02T17:27:38+09:00,モデルプレス,mdpr,モデルプレス,1215,「ファーストボイス」初日舞台挨拶に出席した﻿綾瀬はるか（（C）モデルプレス） 【モデルプレス＝2026/10/02】女優の綾瀬はるかが2日、都内で開催された映画「ファーストボイス」初日舞台挨拶に出席。天然発言で会場を和ませた。 【写真】41歳大河女優「首筋まで綺麗」大胆肩出しドレス姿 ◆水川かたまり、作中の演技を弁明「僕はすごく優しい人間」 本作は、お金にならない案件ばかり引き受けてしまうお人好し弁護士・朝日道子（綾瀬）が、会社と上司を相手に提訴をしたいと相談に訪れた女性・恵（ファーストサマーウイカ）と出会い、社会の理不尽に立ち向かっていく痛快リーガルエンターテインメント。この日はウイカ、松本穂香、水川かたまり（空気階段）、鈴鹿央士、前田哲監督も出席していた。 綾瀬は「いよいよ本日から公開ということで、ようやく公開されるんだなと、嬉しくほっとしております」と笑顔。恵が勤めていた出版社の担当雑誌の編集長・澤口裕人を演じた水川は「まず皆さん、申し訳ございませんでした（笑）。劇中では謝罪はなかったんですけど、私本人としては、非常に謝罪したいなという気持ちがありましたので、まず先に謝罪の方をさせていただきます。役ということなので、皆さん映画をご覧いただいた後で、僕に対して腹立たしいような感情を抱いていたりすると思うんですけれども、僕はすごく優しい人間で。田舎で育ちまして、本当に愛というものを深く考えている人間なので」と謝罪交じりに語った。 ◆綾瀬はるか、天然発言炸裂で会場和ます 改めて公開後の心境を聞かれた綾瀬は「本当に恵さんの第一歩が、朝日先生もそうですけど、こうして周りだったり、世の中を変えていくという、その一人の勇気がすごく皆さんに伝わったのかなと思って。嬉しい感想をたくさんいただき、ありがとうございます」と喜びのコメント。先日、福岡を訪れて道子のモデルとなった2人の弁護士と対面したことに関しては「どうして弁護士になられたのかとか、今の差別に対してどう思いますかとか、いろんなお話を聞かせていただいたんですけど…本当にかっこよくて。監督も一緒に。あ、監督はいなかったか。監督はいなかったです。すみません（笑）。1人でした（笑）」と天然ぶりを見せて笑いを呼んだ。 そして「お二人の先生を1人にして、朝日道子先生っていうイメージの先生にしたんですよね。実際の先生方も3人お子さんがいらっしゃって。本当に大変な中。自分たちが女性だからっていう風に育ってきてないって」「先生たちも、この作品を見て大変喜んでくださったので、映画化できてよかったなっていうのも思いましたし、あんな先生が近くにいたら、どれほど心強いんだろうということも感じるくらい。優しくてあったかくて強くて、本当にかっこいい先生でした」と印象を明かしていた。（modelpress編集部） 【Not Sponsored 記事】 modelpress,[],[]
2児の母・石川梨華、タラのアクアパッツァ・ポトフ…「家族に大好評な献立」豪華メニュー並ぶ食卓披露「美味しそう」「ゴージャスなメニュー」の声（モデルプレス）,https://news.yahoo.co.jp/articles/6cb19af7fdb9f3584015388056907f528fe56256,https://newsatcl-pctr.c.yimg.jp/t/amd-img/20261002-04851551-mdpr-000-1-view.jpg?exp=10800,2026-10-02T16:14:28+09:00,2026-10-02T16:14:28+09:00,モデルプレス,mdpr,モデルプレス,586,石川梨華（（C）モデルプレス） 【モデルプレス＝2026/10/02】元モーニング娘。でタレントの石川梨華が9月29日、自身のInstagramを更新。品数豊富な食卓を公開し、話題となっている。 【写真】2児の母・41歳元モー娘。「ゴージャスなメニュー」タラのアクアパッツアァなど豪華メニュー並ぶ食卓披露 ◆石川梨華、豪華手料理公開 石川は「チャーミークッキング」「家族に大好評な献立でした」とつづり、写真を投稿。アサリやミニトマトが入ったタラのアクアパッツァ、ウインナーやベーコン、キャベツ、ニンジンがたっぷり入ったポトフ、ブロッコリーとミニトマト、ゆで卵のサラダ、海苔を散らしたたらこパスタ、スライスしてトーストしたフランスパンが並ぶ食卓を披露した。 また同投稿では、調理中のポトフやアクアパッツァの写真も見ることができる。 ◆石川梨華の投稿に反響 この投稿に、ファンからは「美味しそう」「ゴージャスなメニュー」「パーティーみたい」「これはテンション上がるごはん」「レシピ教えてほしい」といったコメントが寄せられている。 石川は2017年3月にプロ野球・埼玉西武ライオンズの野上亮磨投手（当時）と入籍。2018年4月に第1子長男、2020年1月に第2子次男の出産を報告している。（modelpress編集部） 【Not Sponsored 記事】 modelpress,[],[]
AKB48メンバー「サプライズピンク髪」電撃イメチェンに絶賛の声「可愛さが爆発してる」「お人形さんみたい」（モデルプレス）,https://news.yahoo.co.jp/articles/5e36c05219034d0d36fe74f6fc2719798854c926,https://newsatcl-pctr.c.yimg.jp/t/amd-img/20261002-04851538-mdpr-000-1-view.jpg?exp=10800,2026-10-02T16:11:00+09:00,2026-10-02T16:11:00+09:00,モデルプレス,mdpr,モデルプレス,376,久保姫菜乃（（C）モデルプレス） 【モデルプレス＝2026/10/02】AKB48の久保姫菜乃が9月29日までに自身のX（旧Twitter）を更新。イメージチェンジした姿を公開した。 【写真】AKBメンバー「可愛さが爆発」雰囲気ガラリのピンクヘア ◆久保姫菜乃、ピンク髪披露 久保は「サプライズピンク髪」とつづり、チェック柄の衣装を着用したショットを投稿。透明感のあるピンクのロングヘアに大きなリボンを合わせ、毛先を指でつまみながらカメラを見つめて微笑む姿が収められている。 ◆久保姫菜乃の投稿に「可愛さが爆発してる」と反響 この投稿は「お人形さんみたい」「破壊力がすごい」「ピンクが似合いすぎる」「一瞬で目を奪われた」「可愛さが爆発してる」と反響を呼んでいる。（modelpress編集部） 【Not Sponsored 記事】 modelpress,[],[]
JO1白岩瑠姫、韓国発スキンケアブランドアンバサダー就任「これからも一緒に自分らしく輝いていきましょう」【コメント】（モデルプレス）,https://news.yahoo.co.jp/articles/f0c3c00750ad65132da87559744be2a33ed717b0,https://newsatcl-pctr.c.yimg.jp/t/amd-img/20261002-04853190-mdpr-000-1-view.jpg?exp=10800,2026-10-02T16:08:52+09:00,2026-10-02T16:08:52+09:00,モデルプレス,mdpr,モデルプレス,962,白岩瑠姫（提供写真）（（C）モデルプレス） 【モデルプレス＝2026/10/02】グローバルボーイズグループ・JO1（ジェイオーワン）の白岩瑠姫が韓国オリーブヤング発の高機能スキンケアブランド「BIOHEAL BOH（バイオヒールボ）」3Dリフティングラインのアンバサダーに就任した。 【写真】LAPONEアイドル、サラサラ金髪で登場 ◆白岩瑠姫、アンバサダー就任 ブランドアンバサダー就任を記念し、「プロバイオダーム（TM）3Dリフティングクレンジングオイル」「プロバイオダーム（TM）3Dリフティング クリームインバブルセラム」のビジュアルと動画を公開。ビジュアルは「白岩のON／OFF」「忙しいアイドルのスキンケアルーティン」「朝のハリ感は、夜のケアから。」「翌日の輝き」をベースに、忙しいスケジュールの中で“朝からハリのあるお肌”を保つ秘訣を教えるコンセプトで、白岩ならではの世界観で表現した。 ◆白岩瑠姫アンバサダー就任背景 ステージ上では圧倒的な存在感を放ち、“王子様”と称される一方、作詞・作曲やセルフプロデュースなど、日々のトレーニングや自己管理を怠らないストイックさとプロ意識を持っている白岩。その「完成された姿」の裏側にある、日々の小さな努力や積み重ねに着目した。スキンケアもまた、1日で結果をつくるものではなく、毎日の積み重ねによって未来のお肌をつくるもの。“輝いて見える人ほど、見えないところで努力している”、そんな白岩の姿勢と、毎日のケアを通じて理想のお肌を目指すブランドの価値を重ね合わせ、単なるイメージモデルではなく、「日々の積み重ねが、自信と輝きをつくる」ことを体現する存在として起用した。（modelpress編集部） ◆白岩瑠姫コメント JO1の白岩瑠姫です。この度、「BIOHEAL BOH」3Dリフティングラインのアンバサダーに就任させていただくことになりました！今回このような素敵な機会をいただけて、とても嬉しく思っています！BIOHEAL BOHの魅力をたくさんの方に知っていただけるように、僕自身も楽しみながら、皆さんにお届けしていきたいと思います！これからも一緒に自分らしく輝いていきましょう！よろしくお願いします！ 【Not Sponsored 記事】 modelpress,[],[]
JO1、全米デビュー作タイトル曲「ANIMAL」MV公開 川西拓実が作曲参加・ワイルドに踊り狂う（モデルプレス）,https://news.yahoo.co.jp/articles/f64a9fdc8194b9922655e05ec985aea599adf86c,https://newsatcl-pctr.c.yimg.jp/t/amd-img/20261002-04853138-mdpr-000-1-view.jpg?exp=10800,2026-10-02T15:51:03+09:00,2026-10-02T15:51:03+09:00,モデルプレス,mdpr,モデルプレス,912,JO1（C）LAPONE ENTERTAINMENT（（C）モデルプレス） 【モデルプレス＝2026/10/02】グローバルボーイズグループ・JO1（ジェイオーワン）の全米デビュー作として10月2日にリリースとなったUSオリジナルEP『ANIMAL』のタイトル曲「ANIMAL」のミュージックビデオが公開された。 【写真】全米デビューアイドルの凛々しい立ち姿 ◆川西拓実「ANIMAL」で作曲参加 『ANIMAL』は、音楽業界最高峰のグラミー賞を複数回受賞している世界的音楽プロデューサーでソングライターのデム・ジョインツ（Dem Jointz）氏が収録される全6曲のプロデュースを担当。JO1の全米デビューを飾る作品として、多彩な魅力を詰め込んだ1作となっている。 タイトル曲の「ANIMAL」にはメンバーの川西拓実も作曲に参加した。「誰もが心に秘めている野生（ANIMAL）を自分らしく解き放つ」というメッセージが込められており、檻を破り解き放つようなエネルギーに満ちたダンス・アンセムで、EPのテーマをまさに象徴した1曲だ。 ◆JO1、MVで踊り狂う MVでは、日本という“檻”を越え、世界という“ジャングル”へ。衝動を叩きつけるように一瞬の迷いもなく、本能のまま突き進む様子を表現し、猛々しさを表すダンスパフォーマンスと、ミニマルな世界から解き放たれる個性を表現。振付には、動物を模した野生的なしぐさとアフリカの伝統舞踊をベースにしたアフロスタイルが取り入れられており、ワイルドに踊り狂うJO1の新たな姿が、公開前から大きな話題を呼んでいる。 すでに「KCON LA 2026」や「ROCK IN JAPAN FESTIVAL 2026」などの大型ステージで先行披露され、その圧倒的な熱量で観客を魅了してきた。特に圧巻なのはアウトロのパフォーマンス。総勢30人ものダンサーを従え、自らを縛り付けていた「檻」から解放されて踊り明かす大団円の構成となっており、本作を通じて伝えたいメッセージを象徴する、最大の見どころとなっている。（modelpress編集部） 【Not Sponsored 記事】 modelpress,[],[]
飯島直子、とろろご飯・かぼちゃの煮物…健康的な手料理公開「野菜もしっかりとれて理想的」「お手本にしたい」と反響（モデルプレス）,https://news.yahoo.co.jp/articles/4048941bb80b216599ea86be88347813bd6cdb09,https://newsatcl-pctr.c.yimg.jp/t/amd-img/20261002-04851531-mdpr-000-1-view.jpg?exp=10800,2026-10-02T15:14:35+09:00,2026-10-02T15:14:35+09:00,モデルプレス,mdpr,モデルプレス,636,"飯島直子（（C）モデルプレス） 【モデルプレス＝2026/10/02】女優の飯島直子が9月29日、自身のInstagramを更新。手料理を公開した。 【写真】58歳女優「理想的」おかずの種類豊富な手料理公開 ◆飯島直子、手料理披露 飯島は、手料理が並んだ食卓の写真を投稿。刻み海苔をのせたとろろご飯をはじめ、かぼちゃの煮物、なすとピーマンの炒め物、味噌汁など、野菜をたっぷりと使った健康的な食卓を披露している。 また、パンをメインにした食卓の写真も公開。チーズとサラダをたっぷりとのせたパンに、かぼちゃサラダ、スープが並び、「チーズかければ なんとかなりますね」とユーモアを交えてつづっている。 さらに、女優の小泉今日子が全国ツアー「KK60〜コイズミ記念館〜KYOKO KOIZUMI TOUR 2026」で着用したTシャツを展示する展覧会「ONCE ON - KK ON STAGE, Ed ON TEE -」を訪れたことも報告。「時に猛ダッシュ 時にゆっくりと 一歩一歩確実に 媚びない 力まない 自分らしく そんな生き方に毎度感銘を受ける」と小泉への思いを記している。 ◆飯島直子の投稿に「野菜もしっかりとれて理想的」と反響 この投稿は「野菜もしっかりとれて理想的」「体が喜びそうなご飯」「栄養バランスも完璧」「お腹も心も満たされそう」「お手本にしたい」と反響を呼んでいる。（modelpress編集部） 【Not Sponsored 記事】 modelpress",[],[]
押切もえ、20代に過度な食事制限で10kg減「夜ご飯が怖くて食べられなかった」【エイジレスボーイズ】（モデルプレス）,https://news.yahoo.co.jp/articles/05aa1188df926d5b4bd8883fe43f111ccd535b0b,https://newsatcl-pctr.c.yimg.jp/t/amd-img/20261002-04853163-mdpr-000-1-view.jpg?exp=10800,2026-10-02T14:51:18+09:00,2026-10-02T14:51:18+09:00,モデルプレス,mdpr,モデルプレス,2530,"押切もえ「エイジレスボーイズ」（C）AbemaTV, Inc.（（C）モデルプレス） 【モデルプレス＝2026/10/02】ABEMAのオリジナルバラエティ番組「エイジレスボーイズ」 ＃5が 、10月1日に放送された。モデルの押切もえに密着した。 【写真】46歳人気モデル、10kg痩せた絶食期の様子「怖くて食べられなかった」 ◆ABEMA「エイジレスボーイズ」 「エイジレスボーイズ」は、「いくつになっても老けない」「本当にその年齢！？」と思ってしまう“年齢不詳な人”＝“エイジレスな人”たちに注目し、その「老けない秘密」を探っていく“アンチエイジングバラエティ”である。MCを務めるのは、令和の美のカリスマとして注目を集めるヘア＆メイクアップアーティスト・小田切ヒロ、美容男子芸人・レインボーの池田直人、そして美を学びたいアイドル・Aぇ! groupの小島健。美容のプロ、美容オタク芸人、美容初心者アイドルという、それぞれ異なる知識レベルの3人が集い、コアな美容層からライト層まで幅広く楽しめる内容を届ける。 ◆押切もえ、20代の頃に食事制限で“失敗” 現在は「いっぱい食べてよく動く」 今回は、女性ファッション誌『CanCam』『AneCan』の専属モデルを務め、約20年前に蛯原友里と共に“エビもえブーム”を巻き起こした押切（46）に密着した。2016年にプロ野球選手の涌井秀章と結婚し、現在2児の母である押切は「“タンパク質を摂らないと”と、いつも思っていて」「食ってすごく大事」と話す。しかし、20代の頃、「10kgくらい痩せた時はほぼ絶食」「夜ご飯が怖くて食べられなかったり。無茶苦茶なことをやっていた」と言い、その結果「肌にハリが少なくなったり、いまいち笑顔に輝きがなかった」と当時の失敗を振り返った。今では、「我慢して犠牲にしすぎちゃってる人は、この年齢になるとギスギスして見える」と気づき、「一番良いのは健康で、いっぱい食べてよく動くこと」だと、大切にしているモットーを明かした。これに対して、池田は「失敗があるからこうやってたどり着いた」、小田切は「失敗をさらけ出せるのも強さ」「失敗を自分のものにして素晴らしい」と絶賛した。 また、1人目の出産後から抜け毛が気になっているという押切が、髪と頭皮のサロンへ通う姿にも密着。押切は「もっと（髪が）薄かったときもある」と打ち明け、「髪がキレイな人に憧れるから、今のうちにケアしておこうと思って」と、サロンに通う理由を話す。それに対し小田切も、「産後はやっぱり頭皮！髪の毛は再生させるのがすごく難しい」と、産後の髪の毛ケアの重要性を力強く語った。 また、押切は30代で抱えていた悩みも告白。「若い時に成功したヘアスタイルやメイクを変えられないのが悩みになりがち。私もそれに陥っていた時があって、写真を撮っていて『自分古いな』って」と感じたことがあったという。「メイクはちょっと濃いと浮いちゃうから、薄く、年相応に」と話し、「そんなに（メイク）しなくても素敵な人は素敵。年齢を受け入れつつ、その人らしく輝く」「引き算を覚える」と、メイクの変化についても明かした。 ◆“戦友”蛯原友里からのメッセージに涙 さらに、“戦友”蛯原からのメッセージVTRも公開された。蛯原は押切について、「当時から美意識がすごく高かった」「いろいろ勉強させてもらって、まねして岩盤浴に行ってました」とコメント。これを見た押切は目頭を押さえ、涙声になりながら「すごく濃い毎日を（一緒に）過ごさせてもらって感謝してます」「友里がいたから頑張れたし、今でも尊敬してるし、美しい思い出と感謝の気持ちが詰まってるから、これからも大丈夫って思える」と蛯原への思いを口にした。 また、当時について押切は「自分に自信がなかった」と話し、「『順風満帆だね』と言ってくださる人もいるんですけど、わりとそうでもなくて…。何だったらみんな認めてくれるかなっていうのを探して、“この角度だったら勝負できる”とか、結構探してました」と明かした。小島は「すごい良いインタビュー」としみじみ語り、小田切は「感動しちゃって。当時を知ってるから…」と胸が熱くなった様子を見せた。 ◆小島健の“シャワーの使い方”に小田切ヒロ＆レインボー池田がドン引き？ さらに、SNSで話題の美容トレンドを紹介する新コーナー「美のシャワータイム」では“お風呂美容”を取り上げ、その中で小田切のお風呂でのこだわりが明らかになった。お風呂は「何もしない時間」と語る小田切は、浴槽に重曹や塩化マグネシウム、クエン酸などを入れてグツグツする音を聞くことでリラックスしているそうで、それだけでなく入浴中に日本酒も浴びていると話すと、小島は「明らかにやりすぎじゃないですか？」、池田は「ヒロにぃのお風呂美味そう」とツッコミを入れた。また、“グツグツ”を保つため、重曹などを多めに入れているという小田切が「気をつけなきゃいけないのは、一気に入れるとボーンって爆発しちゃうの」と明かすと、池田は大笑いし「何その危険な風呂！」、小島は「リスキーな毎日！」「次元が違いすぎて、フィクションやと思ってます」と驚いた様子を見せた。 続いて、シャワーヘッドのこだわりの話になると、小島は最初から付いているシャワーヘッドを使っていると話す。ヘッドを変えるのも「ちょっと面倒くさい」と言う小島について、池田が「まさかシャワーで顔洗ってないやろな…？」と疑ってかかると、小島がすぐさま「洗ってるよ」と返答。さらに小田切が「（シャワーを顔に）当ててるの！？」と尋ねると、当たり前のように小島は「当てますよ、そりゃ」と答え、池田が「何してんのよ…」、小田切は「それはダメ…」とドン引きする一幕もあった。（modelpress編集部） ◆ ＃5出演者愛用の美容アイテム エリクシールデーケアレボリューションブライトニング be my flora PanasonicバイタリフトブラシEH－SP60 PanasonicヘアドライヤーナノケアEH－NA0K 【Not Sponsored 記事】 modelpress",[],[]
2児の母・潮田玲子、11歳の息子を顔出し公開「すっかりお兄さん」「あっという間に大きく」と反響（モデルプレス）,https://news.yahoo.co.jp/articles/f43304d944780908d11417ba8ad03f26ffb7cc40,https://newsatcl-pctr.c.yimg.jp/t/amd-img/20261002-04851530-mdpr-000-1-view.jpg?exp=10800,2026-10-02T14:47:22+09:00,2026-10-02T14:47:22+09:00,モデルプレス,mdpr,モデルプレス,623,潮田玲子（（C）モデルプレス） 【モデルプレス＝2026/10/02】元バドミントン選手でタレントの潮田玲子が9月29日、自身のInstagramを更新。11歳の誕生日を迎えた息子の姿を公開した。 【写真】42歳元バド日本代表「すっかりお兄さん」11歳の息子を顔出し公開 ◆潮田玲子、11歳の誕生日迎えた息子の姿披露 潮田は「息子の誕生日 11歳おめでとーーう」と祝福のメッセージを添え、息子のソロショットを投稿。青と黒のバルーンやガーランドが飾り付けられた部屋で、年齢を表す「11」のバルーンを手に笑顔を見せる姿が収められている。「娘の横やりもあり？！まともに写真撮らせてくれない笑 そんなお年頃」と撮影時のエピソードを明かしている。 また、大きく口を開けて笑う息子のショットも披露。「誕生日にこんな笑顔が見れて母ちゃん幸せ 来年は小学生ラストかぁ〜あっという間に大きくなるね」と息子の成長を喜び、「素敵な年になりますように」とつづっている。 ◆潮田玲子の投稿に「すっかりお兄さん」と反響 この投稿は「素敵な親子関係」「あっという間に大きくなりましたね」「元気いっぱいの笑顔が最高すぎる」「すっかりお兄さん」「楽しそうな姿にほっこり」と反響を呼んでいる。 潮田は2012年に元サッカー選手の増嶋竜也氏と結婚。2015年に長男、2017年に長女を出産した。（modelpress編集部） 【Not Sponsored 記事】 modelpress,[],[]
3児の父・TBS蓮見孝之アナ、手作り弁当公開「お肉の焼き色が食欲をそそる」「詰め方も綺麗」と反響（モデルプレス）,https://news.yahoo.co.jp/articles/57ff7882da08fa143d22a4aed35b22e910181100,https://newsatcl-pctr.c.yimg.jp/t/amd-img/20261002-04851520-mdpr-000-1-view.jpg?exp=10800,2026-10-02T14:31:18+09:00,2026-10-02T14:31:18+09:00,モデルプレス,mdpr,モデルプレス,533,蓮見孝之アナウンサー（（C）モデルプレス） 【モデルプレス＝2026/10/02】TBSの蓮見孝之アナウンサーが9月29日、自身のInstagramを更新。手作り弁当を公開した。 【写真】3児の父・45歳男性アナ「お肉の焼き色が食欲をそそる」手作り弁当公開 ◆蓮見孝之アナ、手作り弁当披露 蓮見アナは、朝の挨拶とともに「 ＃お弁当の記録 」「 ＃パパの家事 」とハッシュタグを添え、手作りしたお弁当の写真を投稿。ふっくらとした白ごはんをはじめ、こんがりと焼き色がついた大ぶりの肉、にんじんと昆布の煮物、ブロッコリーなどが詰められたボリューム感のあるお弁当を披露している。 また「なんだか今日の雨は私には合わない」とコメント。「今日はいつもより力を抜いていこう。そんな日があってもいいよね」とつづっている。 ◆蓮見孝之アナの投稿に「お肉の焼き色が食欲をそそる」と反響 この投稿は「ボリューム満点で美味しそう」「お肉の焼き色が食欲をそそる」「見てるだけでお腹が空く」「白ごはんが進みそう」「お弁当の詰め方も綺麗」と反響を呼んでいる。 蓮見アナは2008年に結婚。3人の息子がいる。（modelpress編集部） 【Not Sponsored 記事】 modelpress,[],[]
「ニカゲーム」放送再開へ レギュラー出演のキスマイ二階堂高嗣が感謝「松井ケムリさん、スタッフさんと一丸となってお届けします」（モデルプレス）,https://news.yahoo.co.jp/articles/7b6773ae5cbd7a52b6115e3995b39c0cf38c25d7,https://newsatcl-pctr.c.yimg.jp/t/amd-img/20261002-04853123-mdpr-000-1-view.jpg?exp=10800,2026-10-02T13:35:24+09:00,2026-10-02T13:35:24+09:00,モデルプレス,mdpr,モデルプレス,809,テレビ朝日外観（（C）モデルプレス） 【モデルプレス＝2026/10/02】傷害の疑いで逮捕され、9月30日付で所属事務所との専属契約終了およびグループ脱退が発表された猪俣周杜がレギュラー出演していた「ニカゲーム」（テレビ朝日系／毎週水曜25時55分～）が放送再開されることがわかった。10月1日、番組の公式X（旧Twitter）を通じて発表された。 【写真】timelesz、メンバー逮捕受け頭下げる ◆「ニカゲーム」放送休止 同アカウントは9月23日、同日放送予定だった「放送50回記念SP」の放送を休止すると発表していた。そして今回、「いつも番組をご覧いただきありがとうございます」「次回の放送は10月7日（水）を予定しております」と報告した。 また、翌2日、同番組にレギュラー出演しているKis-My-Ft2・二階堂高嗣も自身のXを更新し、「ニカゲームが来週10月7日（水）から放送再開されます」と発表。続けて「番組を楽しみにしていてくれる方々には感謝しかありません、松井ケムリさん、スタッフさんと一丸となってお届けします」とつづった。 ◆猪俣周杜、傷害の疑いで逮捕 報道によると、猪俣容疑者は18日夜、東京・江東区辰巳のコンビニエンスストアの駐車場の車内で、知人の女性（26）の顔を殴るなど暴行を加え、ケガをさせた疑いで逮捕され、20日に送検された。女性が鼻から出血した状態でコンビニに駆け込み事件が発覚したという。猪俣容疑者は「手が当たってしまったかもしれません」と容疑を否認する一方で、「口論になってパニックになった」とも供述しているという。 猪俣については10月1日、公式サイトを通じ、9月30日付で所属事務所との専属契約終了およびグループからの脱退が発表された。同日、メンバー7人が囲み取材を実施し、謝罪した。（modelpress編集部） 【Not Sponsored 記事】 modelpress,[],[]
東海オンエア・ゆめまる「髪色変わりました」ピンク髪に反響「思いきったイメチェン」「雰囲気変わった」（モデルプレス）,https://news.yahoo.co.jp/articles/53dcfc5ad4519c05a1bf270286e5fe8a96ab5cf4,https://newsatcl-pctr.c.yimg.jp/t/amd-img/20261002-04851517-mdpr-000-1-view.jpg?exp=10800,2026-10-02T13:18:59+09:00,2026-10-02T13:18:59+09:00,モデルプレス,mdpr,モデルプレス,451,ゆめまる（（C）モデルプレス） 【モデルプレス＝2026/10/02】東海オンエア・ゆめまるが9月28日、自身のInstagramを更新。新しいヘアカラーを公開し、話題を呼んでいる。 【写真】東海オンエアメンバー「思いきったイメチェン」「雰囲気変わった」劇的チェンジのピンク髪 ◆ゆめまる、鮮やかなピンクヘア披露 ゆめまるは「髪色変わりました」とつづり、以前の黒髪から打って変わった鮮やかなピンク色の髪色となった姿を投稿。大きなパエリアを前に、首から頭を出すとビールの形になるかぶりものを身に着けて笑顔を見せている。 ◆ゆめまるの投稿に反響 この投稿に、ファンからは「意外と似合う」「可愛いかも」「思いきったイメチェン」「綺麗な色」「笑顔にぴったり」「雰囲気変わった」などの反響が寄せられている。 ゆめまるは2021年6月、結婚と妻の妊娠を発表。同年10月には第1子、2024年12月には第2子の誕生を報告した。（modelpress編集部） 【Not Sponsored 記事】 modelpress,[],[]
「仮面ライダーガッチャード」坂巻有紗、Tシャツからウエストちらり 奈良お出かけコーデ披露「頭身凄い」「着こなし完璧」の声（モデルプレス）,https://news.yahoo.co.jp/articles/33211a0c23b78f8b69d47eef51c2bf3d4cd75eba,https://newsatcl-pctr.c.yimg.jp/t/amd-img/20261002-04851509-mdpr-000-1-view.jpg?exp=10800,2026-10-02T13:16:53+09:00,2026-10-02T13:16:53+09:00,モデルプレス,mdpr,モデルプレス,494,坂巻有紗Instagramより（（C）モデルプレス） 【モデルプレス＝2026/10/02】特撮ドラマ「仮面ライダーガッチャード」（テレビ朝日系／2023年～2024年）のラケシス役を演じた女優で歌手の坂巻有紗が9月28日、自身のInstagramを更新。奈良に出かけた際のコーディネートを公開し、反響を呼んでいる。 【写真】26歳仮面ライダー女優「頭身凄い」「着こなし完璧」Tシャツからウエストちらり ◆坂巻有紗、奈良で美ウエスト際立つコーデ披露 坂巻は「おともだち」と鹿の絵文字を添え、「 ＃奈良 」「 ＃東大寺 」のハッシュタグとともに鹿とともに写った写真など複数枚を投稿。白のショート丈トップスにブルゾンとハーフパンツ、黒のブーツを合わせたコーディネートで、Tシャツからは引き締まったウエストがのぞいている。 ◆坂巻有紗の投稿に反響 この投稿に、ファンからは「コーデがおしゃれ」「頭身凄い」「着こなし完璧」「ウエストが綺麗」「鹿とのショット可愛い」「夕空も素敵」などの反響が寄せられている。（modelpress編集部） 【Not Sponsored 記事】 modelpress,[],[]
篠田麻里子、キャミワンピから肌見せ ギリシャショットに「女神様みたい」「オーラが凄い」の声（モデルプレス）,https://news.yahoo.co.jp/articles/821c034a77f83617ed456e5c58be8721e9450518,https://newsatcl-pctr.c.yimg.jp/t/amd-img/20261002-04851506-mdpr-000-1-view.jpg?exp=10800,2026-10-02T13:15:02+09:00,2026-10-02T13:15:02+09:00,モデルプレス,mdpr,モデルプレス,589,篠田麻里子（（C）モデルプレス） 【モデルプレス＝2026/10/02】女優の篠田麻里子が9月29日、自身のInstagramを更新。ギリシャでのプライベートショットを公開し、話題となっている。 【写真】40歳元AKB「女神様みたい」「オーラが凄い」キャミワンピから肌見せ ◆篠田麻里子、美ウエストチラリのノースリワンピ かねてより、友人の結婚式に出席するためギリシャを訪れていることを報告していた篠田。この日は「ギリシャ思い出 ギリシャヨーグルト大好きだから本場で食べれたヨーグルト 美味しかった」とつづり、写真を多数投稿。美しい腕やデコルテが際立つ、ウエスト部分に大胆なカットアウトの入った花柄のリゾートワンピース姿でギリシャの街を楽しむ様子を披露した。 また、背中部分が大胆に開いた白いワンピース姿でクルージングを楽しんでいる様子も見ることができる。 ◆篠田麻里子の投稿に反響 この投稿には「女神様みたい」「着こなしててすごい」「ずっと綺麗なまま」「オーラが凄い」「等身バランスハンパない」といった声が寄せられている。 篠田は、2019年2月に一般男性と結婚し、2020年4月に第1子女児の出産を発表。2023年3月に離婚を報告していた。2026年3月に一般男性との再婚を発表した。（modelpress編集部） 【Not Sponsored 記事】 modelpress,[],[]
AKB48小栗有以、美脚際立つミニ丈衣装姿公開「脚長すぎ」「スタイル抜群」と反響（モデルプレス）,https://news.yahoo.co.jp/articles/208240f81949aba6106ca9894fa96ef9e48740a6,https://newsatcl-pctr.c.yimg.jp/t/amd-img/20261002-04851504-mdpr-000-1-view.jpg?exp=10800,2026-10-02T13:12:35+09:00,2026-10-02T13:12:35+09:00,モデルプレス,mdpr,モデルプレス,469,小栗有以（（C）モデルプレス） 【モデルプレス＝2026/10/02】AKB48の小栗有以が9月28日、自身のInstagramを更新。ミニ丈の衣装を身に着けた姿を公開し、話題を呼んでいる。 【写真】24歳AKB人気メンバー「脚長すぎ」「スタイル抜群」美脚際立つミニ丈衣装姿 ◆小栗有以、美脚際立つセットアップ姿 ◆小栗有以、ミニ丈衣装で美脚披露 小栗は「好きishから大好きになってもらえたかな…？」と、AKB48の楽曲「好きish」とコメントを絡め、複数枚の写真を投稿。つづり、AKBらしい赤いチェック柄に金色の装飾が施されたミニ丈の衣装に黒の編み上げブーツを合わせており、すらりと伸びた美しい脚が際立っている。またその他の衣装でのショットや、ステージで踊るショットも公開されている。 ◆小栗有以の投稿に反響 この投稿に、ファンからは「衣装がとても似合ってる」「スタイル抜群」「目の保養」「脚長すぎ」「スタイル抜群」などの反響が寄せられている。（modelpress編集部） 【Not Sponsored 記事】 modelpress,[],[]
辻希美「今日からあったか弁当」彩り豊かなおかず＆汁物に「蓋閉まる？」「参考にしたい」と反響（モデルプレス）,https://news.yahoo.co.jp/articles/58a0c2853f2d7c935eeab0a422f9657d66549344,https://newsatcl-pctr.c.yimg.jp/t/amd-img/20261002-04851489-mdpr-000-1-view.jpg?exp=10800,2026-10-02T13:10:48+09:00,2026-10-02T13:10:48+09:00,モデルプレス,mdpr,モデルプレス,616,辻希美（（C）モデルプレス） 【モデルプレス＝2026/10/02】タレントの辻希美が9月29日、自身のInstagramストーリーズを更新。手作り弁当を公開した。 【写真】39歳5児のママタレ「蓋閉まる？」「参考にしたい」おかずたっぷりあったか弁当 ◆辻希美、手作り弁当披露 辻は「今日からあったか弁当 始めてみました」と記し、手作りした弁当の写真を投稿。3段になった弁当箱には、黒ごまを散らしたご飯、卵焼きやミートボール、飾り切りされたウインナーなどの彩り豊かなおかず、卵とわかめの汁物がそれぞれ盛り付けられており、皮を剥いたぶどうが入った保存容器も並べられている。「なんかドキドキ… そしておかずが全然入らなかった」とも明かしている。 ◆辻希美の投稿に「寒い日に嬉しすぎる」の声 この投稿に、ファンからは「寒い日に嬉しすぎる」「汁物まであるのが最高」「朝から準備するのすごい」「満足感ありそう」「これからの季節に参考にしたい」「蓋閉まる？」などの声が上がっている。 辻は、タレントの杉浦太陽と2007年6月に結婚。同年11月に長女・希空（のあ）、2010年に長男・青空（せいあ）くん、2013年3月に次男・昊空（そら）くん、2018年12月に三男・幸空（こあ）くん、そして2025年8月8日に第5子次女・夢空（ゆめあ）ちゃんが誕生した。（modelpress編集部） 【Not Sponsored 記事】 modelpress,[],[]
小沢仁志、ロールキャベツのスープで煮込んだカレーに反響続々「ボリューム満点」「今度うちもやってみよう」（モデルプレス）,https://news.yahoo.co.jp/articles/10715a616a7b13c16a2f43281f361075aff434fd,https://newsatcl-pctr.c.yimg.jp/t/amd-img/20261002-04851492-mdpr-000-1-view.jpg?exp=10800,2026-10-02T13:03:02+09:00,2026-10-02T13:03:02+09:00,モデルプレス,mdpr,モデルプレス,471,小沢仁志（（C）モデルプレス） 【モデルプレス＝2026/10/02】俳優の小沢仁志が9月29日、自身のInstagramを更新。手作りのカレーを公開し、話題となっている。 【写真】64歳ベテラン俳優「ボリューム満点」「今度うちもやってみよう」ロールキャベツのスープで煮込んだカレー ◆小沢仁志、朝カレー披露 小沢は「おはようさん！今朝は時間ないので ロールキャベツのスープでカレーを煮込んでみたが やはり、カレーはどんな出汁で作るかによって味が変わる 奥の深い食い物だな！これも」とつづり、写真を投稿。カレー皿に盛り付けられたロールキャベツのスープで煮込んだというカレーに、輪切りにしたゆで卵をたっぷりとトッピングした朝食を公開した。 ◆小沢仁志の投稿に反響 この投稿に、ファンからは「どんな味かめちゃくちゃ気になる」「今度うちもやってみよう」「お肉は何肉ですか？」「美味しそうすぎる」「ボリューム満点」「お腹鳴ってきた」などと反響が寄せられている。（modelpress編集部） 【Not Sponsored 記事】 modelpress,[],[]
元TBS海保知里アナ、中1男子弁当公開「お肉たっぷりで満足感ありそう」「彩りが完璧すぎる」と反響（モデルプレス）,https://news.yahoo.co.jp/articles/64cb88ec3707c2c24b9472bbaa838b87e810ad4a,https://newsatcl-pctr.c.yimg.jp/t/amd-img/20261002-04851491-mdpr-000-1-view.jpg?exp=10800,2026-10-02T12:59:56+09:00,2026-10-02T12:59:56+09:00,モデルプレス,mdpr,モデルプレス,637,海保知里Instagramより（（C）モデルプレス） 【モデルプレス＝2026/10/02】元TBSアナウンサーで現在はフリーで活躍する海保知里アナウンサーが9月29日、自身のInstagramを更新。息子への手作り弁当を公開した。 【写真】50歳元TBSアナ「お肉たっぷりで満足感ありそう」「彩りが完璧すぎる」中1男子弁当 ◆海保知里アナ、息子への手作り弁当披露 海保アナは「 ＃中1男子弁当 」と添えるとともに「今日もお弁当は息子のみ」と記し、中学1年生の息子のために作ったお弁当の写真を投稿。わかめを混ぜ込み、梅干しを添えたご飯をはじめ、紅しょうがとネギをのせた肉と玉ねぎの煮物、卵焼き、ぶどうなどが彩りよく盛り付けられたお弁当を披露している。 また、2026年4月から大学で非常勤講師を務めている海保アナは「さて今日から大学後期の授業がスタート。ゲストスピーカーを招いてのクラス、ワクワク」ともつづっている。 ◆海保知里アナの投稿に「お肉たっぷりで満足感ありそう」と反響 この投稿は「ご飯が進みそう」「いつも彩りが完璧すぎる」「愛情たっぷりなのが伝わる」「お肉たっぷりで満足感ありそう」「お昼が待ち遠しくなる」と反響を呼んでいる。 海保アナは1999年にTBSに入社。2007年に一般男性と結婚し、2008年に退職。2012年7月に長女、2014年3月に長男の出産を発表した。（modelpress編集部） 【Not Sponsored 記事】 modelpress,[],[]
＝LOVE大谷映美里、前髪なしのかき上げヘアで雰囲気ガラリ「めっちゃ大人っぽい」「ドキッとした」（モデルプレス）,https://news.yahoo.co.jp/articles/75bcd627022e7075fb3ccb50aad6cbbcbbf3da7f,https://newsatcl-pctr.c.yimg.jp/t/amd-img/20261002-04851490-mdpr-000-1-view.jpg?exp=10800,2026-10-02T12:53:13+09:00,2026-10-02T12:53:13+09:00,モデルプレス,mdpr,モデルプレス,461,大谷映美里（（C）モデルプレス） 【モデルプレス＝2026/10/02】指原莉乃プロデュースのアイドルグループ＝LOVE（イコールラブ）の大谷映美里が9月28日、自身のInstagramストーリーズを更新。普段とは雰囲気が一変するヘアスタイルを披露し、話題となっている。 【写真】指原プロデュース28歳美女「めっちゃ大人っぽい」「ドキッとした」かき上げヘアで雰囲気ガラリ ◆大谷映美里、かき上げヘアで雰囲気ガラリ 大谷は白地に黒いドット柄の、リボンやレースをたっぷりあしらったドレス姿の写真を投稿。普段の前髪を下ろしたヘアスタイルとは雰囲気が一変するおでこを出したかき上げヘアで、ポーズを決めてウインクをしたり、カメラを見つめる様子を公開している。 ◆大谷映美里の投稿に反響 この投稿に、ファンからは「めっちゃ大人っぽい」「美人が際立ってる」「ため息が出るくらい美しい」「ドキッとした」「お姫さま感凄い」などの反響が寄せられている。（modelpress編集部） 【Not Sponsored 記事】 modelpress,[],[]
辻希美、次女・夢空（ゆめあ）ちゃんのハート型サングラス姿披露「可愛すぎて癒される」「サイズ感がたまらない」と反響（モデルプレス）,https://news.yahoo.co.jp/articles/5842312ebbc5241c628b5607248c13b334b57894,https://newsatcl-pctr.c.yimg.jp/t/amd-img/20261002-04851461-mdpr-000-1-view.jpg?exp=10800,2026-10-02T12:45:13+09:00,2026-10-02T12:45:13+09:00,モデルプレス,mdpr,モデルプレス,552,辻希美（（C）モデルプレス） 【モデルプレス＝2026/10/02】タレントの辻希美が9月28日、自身のInstagramストーリーズを更新。次女・夢空（ゆめあ）ちゃんがサングラスを身につけた姿を公開した。 【写真】39歳5児のママタレ「可愛すぎて癒される」「サイズ感がたまらない」1歳次女のハート型サングラス姿 ◆辻希美、サングラス姿の夢空ちゃん披露 辻は「おやすみ」とコメントを添え、室内で撮影した4枚の写真を1枚にまとめて投稿。白のベビー服とピンクのスタイを着用した夢空ちゃんが、ハート型のサングラスをかけ、カメラに近づいてくる様子が収められている。 ◆辻希美の投稿に「可愛すぎて癒される」の声 この投稿に、ファンからは「可愛すぎて癒される」「おしゃれさん発見」「様になってる」「サイズ感がたまらない」「思わず笑顔になる」などの声が上がっている。 辻は、タレントの杉浦太陽と2007年6月に結婚。同年11月に長女・希空（のあ）、2010年に長男・青空（せいあ）くん、2013年3月に次男・昊空（そら）くん、2018年12月に三男・幸空（こあ）くん、そして2025年8月8日に第5子次女・夢空ちゃんが誕生した。（modelpress編集部） 【Not Sponsored 記事】 modelpress,[],[]
仮面女子・猪狩ともか、グループ卒業を発表「たくさん悩み、この決断をしました」2018年以降車いすでアイドル活動（モデルプレス）,https://news.yahoo.co.jp/articles/9e62cedbe4a31924babadfac318a3c5f480a6fc7,https://newsatcl-pctr.c.yimg.jp/t/amd-img/20261002-04853073-mdpr-000-1-view.jpg?exp=10800,2026-10-02T12:44:48+09:00,2026-10-02T12:44:48+09:00,モデルプレス,mdpr,モデルプレス,1053,猪狩ともかInstagramより（（C）モデルプレス） 【モデルプレス＝2026/10/02】事故で脊髄を損傷し、車いすで活動する仮面女子の猪狩ともか（34）が2026年10月1日、自身のX（旧Twitter）を更新。グループを卒業すると発表した。 【写真】“車いすでアイドル活動”34歳アイドル、ステージ上での笑顔ショット ◆猪狩ともか、グループ卒業を発表 猪狩は「私、猪狩ともかは来春 仮面女子を卒業します」と報告。「たくさん悩み、この決断をしました」と卒業を決めるまでの胸中を明かし、「卒業に伴い私にとっての仮面女子 ワンマンライブは11月19日（木）Zepp Shinjukuが最後となります」と伝えた。 また「2014年にこの世界に入り、2018年以降車いす生活になっても仮面女子の猪狩ともかとして生きることができたのは、支えてくださった皆様のおかげです」と、これまで支えてきたファンらへの感謝を表した。今後については「卒業後はクリーブラッツ所属タレントとして活動します。仮面を外す日まで、その先も応援よろしくお願いします！」と、卒業後も芸能活動を続けることを明かしている。 仮面女子の公式Xでも同日、猪狩のグループ卒業を報告。「猪狩ともかは仮面女子の一員として長きにわたり活動し、ステージをはじめさまざまな場面でグループを支えてくれました。仮面女子の歩みに力を尽くし大きく貢献してくれたことに運営一同心より感謝しております」とこれまでの活動に感謝し、「本人が思い描くこれからの未来を大切にしたいと考えております」と説明した。さらに「本人の意思を尊重し、卒業後に歩んでいく新たな道も運営一同応援してまいります」と、卒業後の活動も支えていく考えを示している。 2018年に強風にあおられた看板の下敷きとなり、脊髄損傷で車椅子生活となった猪狩。事故後、リハビリに励み車椅子でアイドル活動を続けていた。（modelpress編集部） ◆グループ卒業を発表・猪狩ともかって？ 猪狩は、1991年12月9日生まれ、埼玉県出身。NHK「パラマニア」に2年間レギュラー出演していたほか、東京2020パラリンピックではNHK中継番組のスタジオゲストとして出演。さらに、仮面女子の代表曲「ファンファーレ☆」の作詞を担当するなど、執筆・作詞活動も行い、幅広く活動している。 仮面女子は「仮面を被った舞闘派アイドル」をコンセプトに活動するアイドルグループだ。 【Not Sponsored 記事】 modelpress,[],[]
TBS近藤夏子アナ、父親の誕生日祝福＆幼少期の写真公開「小さい頃から可愛い」「ご両親も美男美女」と反響（モデルプレス）,https://news.yahoo.co.jp/articles/687cc527e2115d7195b51bf40724254a560a46ad,https://newsatcl-pctr.c.yimg.jp/t/amd-img/20261002-04851488-mdpr-000-1-view.jpg?exp=10800,2026-10-02T12:41:41+09:00,2026-10-02T12:41:41+09:00,モデルプレス,mdpr,モデルプレス,586,近藤夏子Instagramより（（C）モデルプレス） 【モデルプレス＝2026/10/02】TBSアナウンサーの近藤夏子が9月28日、自身のInstagramストーリーズを更新。父親の誕生日を祝う様子や、幼少期の写真を公開し反響を呼んでいる。 【写真】30歳TBSアナ「ご両親も美男美女」可愛すぎる幼少期 ◆近藤夏子、父の誕生日を祝福 近藤は「お誕生日おめでとうお父さん」とつづり、父親が大きなプレゼントの包装を開ける様子を公開。また、幼少期の自身に父が寄り添い、母が後ろから顔を寄せる家族ショットや、父の隣で電話を耳に当てて笑う幼い頃の写真も披露している。 また、父親について「母と子供達と、孫のことがだーーーーーーい好きなのが日々伝わってきます」とつづり、プレゼントがワインセラーだったことも紹介している。 ◆近藤夏子の投稿に反響 この投稿に、ファンからは「お父様お誕生日おめでとうございます」「素敵な家族写真」「小さい頃から可愛い」「ご家族の仲の良さが伝わる」「ご両親も美男美女」などの反響が寄せられている。 近藤アナは2024年10月、社会人になってから出会ったという大学の同級生との結婚を発表。2026年1月24日に自身のInstagramを通じ、第1子の出産を報告した。（modelpress編集部） 【Not Sponsored 記事】 modelpress,[],[]
辻ちゃん長女・希空（のあ）「やっぱり暗い色が落ち着くね」ダークカラーにイメチェンした新ヘアに反響「透明感増した」「秋っぽくてよき」（モデルプレス）,https://news.yahoo.co.jp/articles/178764a8e504790802207524f9b0946db8eb799f,https://newsatcl-pctr.c.yimg.jp/t/amd-img/20261002-04851480-mdpr-000-1-view.jpg?exp=10800,2026-10-02T12:37:31+09:00,2026-10-02T12:37:31+09:00,モデルプレス,mdpr,モデルプレス,381,希空（（C）モデルプレス） 【モデルプレス＝2026/10/02】タレントの杉浦太陽と辻希美の長女・希空（のあ）が9月28日、自身のInstagramを更新。新しいヘアカラーを公開し、話題となっている。 【写真】辻ちゃん18歳長女「透明感増した」「秋っぽくてよき」ダークカラーにイメチェンした新ヘア ◆希空、イメチェンショット披露 希空は「やっぱり暗い色が落ち着くね」とコメントを添え、写真を投稿。それまでのハイトーンカラーとは印象がガラリと変わる、ダークトーンのヘアカラーにイメージチェンジした姿を公開した。 ◆希空の投稿に反響 この投稿に、ファンからは「めっちゃ可愛い」「秋っぽくてよき」「どっちも似合ってる」「透明感増した」「オーラが出てる」などの声が上がっている。（modelpress編集部） 【Not Sponsored 記事】 modelpress,[],[]
赤西仁「今宵は僕の彼女達と」豪華ショットが話題「エリカ様美しい」「美男美女揃ってる」（モデルプレス）,https://news.yahoo.co.jp/articles/faf6390683db122a72bb92036117f48eeef8a24c,https://newsatcl-pctr.c.yimg.jp/t/amd-img/20261002-04853024-mdpr-000-1-view.jpg?exp=10800,2026-10-02T12:36:17+09:00,2026-10-02T12:36:17+09:00,モデルプレス,mdpr,モデルプレス,692,赤西仁、沢尻エリカ、山田孝之（（C）モデルプレス） 【モデルプレス＝2026/10/02】歌手の赤西仁が10月1日、自身のInstagramを更新。俳優の沢尻エリカ、山田孝之と映る写真を公開し、話題となっている。 【写真】赤西仁「美男美女すぎる」大物俳優と密着3ショット ◆赤西仁、沢尻エリカ＆山田孝之と仲良しショット公開 投稿は「今宵は僕の彼女達と」とつづり、グラスを持ち目線を外す赤西の肩に沢尻と山田が顔を寄せ合う密着ショットが公開された。また「 ＃エリカと孝之 ＃最高時代継続 」と添えられ、3人の親しい関係がうかがえる。 赤西は9月9日にも自身のInstagramに沢尻との2ショットを投稿。「色々お仕事に対しての想いを共有できた日でした。いつか近いうち作品一緒にやりたいねって」と仕事に対する思いを共有していたことを明かしていた。 赤西と山田は2016年に期間限定のユニット「JINTAKA」を結成し、2人が作詞・作曲を務めたデビューシングル『Choo Choo SHITAIN』（2016年9月21日発売）をリリースした。また、2026年10月から配信予定で、山田がメインパートナーを務める俳優オーディション番組「THE OPEN CALL -MAIN PARTNER 山田孝之-」に赤西はゲストパートナーとして出演することが発表されている。 ◆赤西仁の投稿に反響 この投稿に「美男美女揃ってる」「飲み会豪華すぎ」「エリカ様美しい」「3人の共演が見たい」とコメントが寄せられている。（modelpress編集部） 【Not Sponsored 記事】 modelpress,[],[]
アグネス・チャン「案外美味しかったです」野菜中心の夕飯披露「栄養満点で素晴らしい」「色合いが綺麗」（モデルプレス）,https://news.yahoo.co.jp/articles/892454a218566a3e33ddde48b5a857b14bdf536b,https://newsatcl-pctr.c.yimg.jp/t/amd-img/20261002-04851479-mdpr-000-1-view.jpg?exp=10800,2026-10-02T12:32:01+09:00,2026-10-02T12:32:01+09:00,モデルプレス,mdpr,モデルプレス,420,アグネス・チャンInstagramより（（C）モデルプレス） 【モデルプレス＝2026/10/02】歌手のアグネス・チャンが9月29日、自身のInstagramを更新。彩りが美しい野菜メニューを公開し、話題となっている。 【写真】71歳人気歌手「栄養満点で素晴らしい」「色合いが綺麗」野菜中心の夕飯 ◆アグネス・チャン、野菜料理披露 アグネスは「今日の夕飯は野菜中心です。ピーマン、アスパラガス、卵とチーズでした。案外美味しかったです」とつづり、写真を投稿。皿に広げられた一口サイズの赤ピーマンの上に、アスパラガスと卵とチーズを乗せた料理を公開している。 ◆アグネス・チャンの投稿に反響 この投稿に、ファンからは「栄養満点で素晴らしい」「レシピ知りたい」「味付けは何だろう」「お腹いっぱいになりそう」「色合いが綺麗」といったコメントが寄せられている。（modelpress編集部） 【Not Sponsored 記事】 modelpress,[],[]
辻希美、高校生長男への手作り弁当に反響「顔になっているのが可愛い」「飾り切りするの尊敬」（モデルプレス）,https://news.yahoo.co.jp/articles/bab410496fc8a51477e5d020ceab0194538d8731,https://newsatcl-pctr.c.yimg.jp/t/amd-img/20261002-04851459-mdpr-000-1-view.jpg?exp=10800,2026-10-02T12:29:52+09:00,2026-10-02T12:29:52+09:00,モデルプレス,mdpr,モデルプレス,666,辻希美（（C）モデルプレス） 【モデルプレス＝2026/10/02】タレントの辻希美が9月28日、自身のInstagramストーリーズを更新。手作り弁当を公開した。 【写真】39歳5児のママタレ「顔になっているのが可愛い」「飾り切りするの尊敬」高校生長男への手作り弁当 ◆辻希美、長男への手作り弁当披露 辻は「こんな時間だけど 今日のお弁当 でした」とコメントを添え、高校1年生の長男・青空（せいあ）くんのために作ったお弁当の写真を投稿。黒ごまを散らしたご飯をはじめ、春巻き、にっこりとした顔が描かれた卵焼き、タコの形に飾り切りされたウインナー、炒め物、ブロッコリーなど、彩り豊かなおかずを隙間なく詰めたボリューム感のあるお弁当を披露している。また、2種類のぶどうが入ったフルーツケースも添えられている。 ◆辻希美の投稿に「おかずたっぷりで美味しそう」の声 この投稿に、ファンからは「おかずたっぷりで美味しそう」「顔になっているのが可愛い」「飾り切りするの尊敬」「開けた瞬間嬉しいやつ」「ボリューム満点すぎる」「食べ応えありそう」「フルーツまでついて完璧」などの声が上がっている。 辻は、タレントの杉浦太陽と2007年6月に結婚。同年11月に長女・希空（のあ）、2010年に長男・青空くん、2013年3月に次男・昊空（そら）くん、2018年12月に三男・幸空（こあ）くん、そして2025年8月8日に第5子次女・夢空（ゆめあ）ちゃんが誕生した。（modelpress編集部） 【Not Sponsored 記事】 modelpress,[],[]
ほしのあき「初めてかな？？」結婚式のお色直しドレス姿披露「旦那さんイケメン」「美の塊」（モデルプレス）,https://news.yahoo.co.jp/articles/bafa4ba60cc937c161343d1ce68c6bae1bfcd613,https://newsatcl-pctr.c.yimg.jp/t/amd-img/20261002-04851460-mdpr-000-1-view.jpg?exp=10800,2026-10-02T12:27:11+09:00,2026-10-02T12:27:11+09:00,モデルプレス,mdpr,モデルプレス,559,ほしのあきInstagramより（（C）モデルプレス） 【モデルプレス＝2026/10/02】タレントのほしのあきが月29日、自身のInstagramを更新。結婚16年目を迎え、結婚式の写真を公開して話題となっている。 【写真】一斉風靡した49歳美女「旦那さんイケメン」「美の塊」結婚式のお色直しドレス姿初披露 ◆ほしのあき、初出しお色直しドレス姿披露 ほしのは「先日結婚記念日迎えました 今年で16年目 早いな〜」とつづり、写真を複数枚投稿。純白のウエディングドレスにヴェールを被った花嫁姿を公開した。また「お色直しのドレスの写真を出すのは初めてかな？？」と続け、ピンクの花柄のガーリーな印象のカラードレス姿で夫でJRAの三浦皇成騎手とウエディングケーキに入刀している姿や、黒をベースにしたドレス姿なども併せて披露している。 ◆ほしのあきの投稿に反響 この投稿は「全部似合ってる」「清楚な白も可愛いピンクもオシャレな黒もどれも素敵」「美の塊」「旦那さんイケメン」「キュートな花嫁さん」「めちゃくちゃ綺麗」「全然変わってなくて凄い」と反響を呼んでいる。 ほしのは2011年10月に三浦騎手と結婚。2012年に長女を出産している。（modelpress編集部） 【Not Sponsored 記事】 modelpress,[],[]
杉浦太陽「夫婦でキッチンタイムが好きな時間」料理中ショットが話題「本当に仲良しで憧れ」「量がすごい」（モデルプレス）,https://news.yahoo.co.jp/articles/b6a858f8f207bbde83f5882d173025169e3569c4,https://newsatcl-pctr.c.yimg.jp/t/amd-img/20261002-04851270-mdpr-000-1-view.jpg?exp=10800,2026-10-02T12:24:46+09:00,2026-10-02T12:24:46+09:00,モデルプレス,mdpr,モデルプレス,569,杉浦太陽（（C）モデルプレス） 【モデルプレス＝2026/10/02】俳優の杉浦太陽が9月28日、自身のInstagramストーリーズを更新。料理中のショットを投稿し、反響が寄せられている。 【写真】辻ちゃん夫「本当に仲良しで憧れ」「量がすごい」夫婦で料理中ショット ◆杉浦太陽、妻・辻希美との料理中ショット 杉浦は「今夜はカレーとグラタンにしましょ～」「夫婦でキッチンタイムが好きな時間」とつづり、妻でタレントの辻希美との料理中のショットを公開。大きなフライパンで玉ねぎと鶏肉を炒めている様子と、カレー用と思われる具材を煮込んでいる様子を投稿している。 ◆杉浦太陽の投稿に反響 この投稿には「本当に仲良しで憧れ」「料理時間が好きなんて素敵すぎる」「子どもたちも大好きで最高」「絶対に美味しいし栄養バランスも良い」「量がすごい」「ダブルメインは豪華すぎる」などといった反響が寄せられている。 杉浦は、辻と2007年6月に結婚。同年11月に長女・希空（のあ）、2010年に長男・青空（せいあ）くん、2013年3月に次男・昊空（そら）くん、2018年12月に三男・幸空（こあ）くん、そして2025年8月8日に第5子次女・夢空（ゆめあ）ちゃんが誕生した。（modelpress編集部） 【Not Sponsored 記事】 modelpress,[],[]
齊藤京子、ウエストチラ見えショットに反響「透明感がすごすぎる」「スタイル抜群」（モデルプレス）,https://news.yahoo.co.jp/articles/9c48ba9889b84003b5bc6b5f552b97cc845186aa,https://newsatcl-pctr.c.yimg.jp/t/amd-img/20261002-04851264-mdpr-000-1-view.jpg?exp=10800,2026-10-02T12:22:09+09:00,2026-10-02T12:22:09+09:00,モデルプレス,mdpr,モデルプレス,475,齊藤京子（（C）モデルプレス） 【モデルプレス＝2026/10/02】元日向坂46の齊藤京子が9月28日、自身のInstagramを更新。海辺で撮影したショットを公開し、反響が寄せられている。 【写真】29歳元日向坂「透明感がすごすぎる」「スタイル抜群」ウエストチラ見え ◆齊藤京子、シンプル衣装ショット披露 齊藤は「今年も東宝カレンダーに参加させていただきました！今回のテーマは『ネイチャー』ということで、私は7月の『海』を担当させていただきました」とつづり、10月1日から発売となる東宝カレンダーからのカットを公開。シンプルなジーンズに白のTシャツを合わせたコーディネートで、チラリと見えるウエストが際立っている。 ◆齊藤京子の投稿が話題 この投稿にファンからは「今から7月が待ち遠しい！」「チラ見えするウエストが綺麗でスタイル抜群」「ヘルシーな可愛さと美しさに見とれる」「シンプルな衣装が似合いすぎ」「透明感がすごすぎる」などといった声が寄せられている。（modelpress編集部） 【Not Sponsored 記事】 modelpress,[],[]
杉浦太陽、帰宅時の脚にへばりつく次女・夢空ちゃんショットが話題「仕事終わりの最高の癒やしですね」「すぽっとハマってて可愛い」（モデルプレス）,https://news.yahoo.co.jp/articles/48302e134844c2f4ef9e82853e9fedd51c5f6eed,https://newsatcl-pctr.c.yimg.jp/t/amd-img/20261002-04851263-mdpr-000-2-view.jpg?exp=10800,2026-10-02T12:18:55+09:00,2026-10-02T12:19:59+09:00,モデルプレス,mdpr,モデルプレス,544,杉浦太陽（（C）モデルプレス） 【モデルプレス＝2026/10/02】俳優の杉浦太陽が9月28日、自身のInstagramストーリーズを更新。帰宅時の次女・夢空（ゆめあ）ちゃんのショットを公開し、話題になっている。 【写真】辻ちゃん夫「仕事終わりの最高の癒やしですね」「すぽっとハマってて可愛い」脚にへばりつく1歳次女 ◆杉浦太陽、帰宅時のショット披露 杉浦は「ただいまー笑笑」とつづり、帰宅時のショットを投稿。夢空ちゃんが杉浦の脚を掴み、脚の間に突っ込んでいる様子が公開されている。 ◆杉浦太陽の投稿に反響 この投稿にファンからは「幸せな空間にほっこり」「仕事終わりの最高の癒やしですね」「脚に突っ込んでいく夢空ちゃんが愛おしい」「可愛すぎて疲れ吹っ飛ぶ」「デレデレになっちゃう」「すぽっとハマってて可愛い」などといった反響が寄せられている。 杉浦は、タレントの辻希美と2007年6月に結婚。同年11月に長女・希空（のあ）、2010年に長男・青空（せいあ）くん、2013年3月に次男・昊空（そら）くん、2018年12月に三男・幸空くん、そして2025年8月8日に第5子次女・夢空ちゃんが誕生した。（modelpress編集部） 【Not Sponsored 記事】 modelpress,[],[]
原日出子、早起きして調理した野菜たっぷり手作り朝食メニュー公開「身体が喜びそう」「お皿が素敵」の声（モデルプレス）,https://news.yahoo.co.jp/articles/a05945dff51ddfeb1100b60be5d69da709ccce1e,https://newsatcl-pctr.c.yimg.jp/t/amd-img/20261002-04851262-mdpr-000-1-view.jpg?exp=10800,2026-10-02T12:06:44+09:00,2026-10-02T12:06:44+09:00,モデルプレス,mdpr,モデルプレス,412,原日出子（（C）モデルプレス） 【モデルプレス＝2026/10/02】女優の原日出子が9月28日、自身のInstagramを更新。野菜いっぱいの朝食を公開し、話題となっている。 【写真】66歳女優「身体が喜びそう」「お皿が素敵」早起きして調理した野菜たっぷり手作り朝食メニュー ◆原日出子、野菜たっぷりの手料理公開 原は「早起きしたので 朝からお野菜を せっせと調理」とつづり、写真を投稿。ごまがたっぷり乗った翡翠茄子や、小松菜と椎茸を炒めたもの、アイコトマトとモッツァレラを和えたもの、ちりめんじゃこが入った胡瓜とレタスのサラダなどの盛り付けられた写真を披露している。 ◆原日出子の投稿に反響 この投稿には「美味しそう」「お皿が素敵」「身体が喜びそうなメニュー」「ヘルシーな食卓」「野菜たっぷりで嬉しい」などと反響が寄せられている。（modelpress編集部） 【Not Sponsored 記事】 modelpress,[],[]
高橋大輔＆草川拓弥（超特急）、初演劇舞台主演決定 演出は「みなしょー」共演の福士誠治【「ウルフムーン」―狼月に昇る―】（モデルプレス）,https://news.yahoo.co.jp/articles/c5aaa86898a235aac278acf53087d6427e351a2d,https://newsatcl-pctr.c.yimg.jp/t/amd-img/20261002-04853015-mdpr-000-2-view.jpg?exp=10800,2026-10-02T12:00:04+09:00,2026-10-02T12:39:43+09:00,モデルプレス,mdpr,モデルプレス,2720,高橋大輔、草川拓弥（提供写真）（（C）モデルプレス） 【モデルプレス＝2026/10/02】2027年1月に、東京と大阪にて、舞台「『ウルフムーン』―狼月に昇る―」を上演することが決定。プロフィギュアスケーターの高橋大輔、超特急の草川拓弥が主演を務める。 【写真】超特急メンバー「お目々がくりくり」ぬいぐるみぎゅっと抱きしめた可愛すぎる幼少期 ◆高橋大輔＆草川拓弥、初演劇舞台主演決定 主演には、世界を舞台に活躍を続け、数々の日本男子初の快挙を成し遂げてきたフィギュアスケート界の先駆者的存在であり、『氷艶』などの新たな表現活動も広げる高橋と、「超特急」のメンバーとして音楽シーンだけにとどまらず、俳優として今年だけでも6作品のドラマ出演という人気も実績も併せ持つ草川を迎えた。演出は数々の舞台に出演し俳優として培った現場感覚を生かしながら登場人物の感情の動きが伝わる舞台をつくる演出家としても実績を重ねる福士誠治が担い、さらに脚本には、氷上で、ドラマでとそれぞれ共演を重ねた福士誠治の呼びかけに映画、ドラマ、アニメ、舞台と様々なジャンルで作品を発表している脚本家・坂口理子が参加。奇跡のような組み合わせによる新しい舞台が2027年1月ウルフムーンと共に幕を開ける。 フィギュアスケートの氷上ならではの美しくしなやかな演技と感情表現を通じて今までにない舞台を創ってきた進化し続けるエンターテイナー高橋と音楽シーンで培った高い知名度とドラマでの実績を併せ持ち、来月には東京ドーム公演も控えている人気グループ「超特急」の草川の2人が演劇舞台に初挑戦。脚本はスタジオジブリ作品映画、高畑勲監督「かぐや姫の物語」やミュージカル『梨泰院クラス』や『四月は君の嘘』、近作では吉永小百合主演映画『てっぺんの向こうにあなたがいる』の脚本も手掛ける坂口。演出は俳優としてストレートプレイからミュージカル、アングラ演劇から大劇場と幅広く数々の舞台に出演するだけでなく、演出家としても確かな実績を重ねる福士。 ◆「ウルフムーン」主演2人を彩る個性豊かなキャスト陣が決定 元クライマーで真面目で物静かな性格。アルバイトで生活をしながら学生時代からの山登りを続けていたが、今は山から遠ざかっている灰原丈二役を高橋。灰原のパートナーで抜群のクライミングセンスがあるがお調子者で明るく朗らかな性格な片丘鐘役を草川。そんな片丘の妹、片丘絵梨沙役を今作が12年ぶりの舞台出演となる田辺桃子が演じる。 灰原や片丘の大学のOB森田守役を劇団SET（スーパー・エキセントリック・シアター）所属のおおたけこういち、森田の後輩で警察の山岳警備隊の岩沢真一役に清水優、絵梨沙の恋人の村上健司役に星野勇太、灰原や片丘の大学の後輩の木村邦彦役に百瀬朔、現役の山岳部員の長谷川恭介役には吉田晴雄が演じ脇を固める。（modelpress編集部） ◆コメント 脚本：坂口理子 様々なご縁で今回、脚本を書かせていただけること、本当に嬉しい限りです。ありがとうございます。不思議な何かに導かれるように思えてなりません。えん、縁、つながり……約束。エン、円、丸い……月。月と言えば狼、狼といえば、走る。オオカミが海へ向かって走る、大好きだったあの絵本……そんな色々がつながって出来上がっていく物語。そして、そこからさらに先のつながりへ―――観て下さった皆様にも、その環につながっていただけるような、そんな芝居を書きたいと思います。 演出：福士誠治 演出の福士誠治です。今回の作品は多くの出逢いにより実現しました。まず、高橋大輔くんとの出逢いがなければこの企画はなかったことでしょう。氷の上から板の上での表現も見てみたいという想い。そして草川拓弥くんとのドラマでの共演。この出逢いがなければ一緒にモノ作りが出来ることもなかったように感じます。この大好きなおふたりをバディにした物語。田辺桃子さんをはじめ、頼もしい俳優陣。個人的にはもう幸せです！また、プロフェッショナルなスタッフのみなさまの力は偉大です。こちらも新しい出逢いに感謝です。この新しい出逢いと新しい作品を楽しみにしていてください。きっと僕が1番楽しみにしていますけどね（笑） 主演：高橋大輔 この度、福士誠治さんが演出を務める舞台「ウルフムーン」に出演させていただくことになりました。アイスショーでご一緒させていただいた福士さんと、今度は舞台という新たな表現の場で作品に参加出来ることを大変嬉しく思っています。灰原は、過去の出来事を抱えながらも、葛藤や苦しみと向き合い、再び前へ進もうとする人物です。これまでとは異なる環境の中で、役と真摯に向き合いながら、舞台に挑戦したいと思います。ご覧いただく皆様の心に何かを残せる作品となるよう、精一杯努めてまいります。ぜひ、会場でお待ちしております。 主演：草川拓弥 片丘を演じます。草川拓弥です。舞台 ウルフムーン。人生で初めて舞台に挑戦させていただきます。演出は約4年前のドラマ、みなと商事コインランドリーでお世話になった福士誠治さん。今まではカメラの前で断続的なお芝居に向き合っていく日々でしたが、今回は、よーいはい！とカチンコが鳴れば、最後まで物語りが途切れません。しかもその姿をお客さんの前で披露する。当たり前のことなのかもしれませんが、自分にとっては初めてなので胸が高鳴っております。たくさんの刺激をいただけそうです。ウルフムーンの夜、願い事が叶うと言われています。僕自身は願ったことはありませんが、この作品で、昔からの夢であった舞台は叶うかもしれません。 ◆ストーリー 大学時代から登山のクライミングパートナーとして“バディ”を組んでいた灰原（高橋）と片丘（草川）。人気者で抜群のクライミングセンスのある片丘と、物静かだが堅実で確実な登山技術を持つ灰原。正反対のふたりだが、互いに強い信頼で結ばれていた。卒業後も“バディ”を続けるふたり……。しかし、一年前のとある出来事により山から遠ざかる。あの夜のふたりの約束を果たすため、ひとり海へ向かう灰原。海原の上に浮かぶのはウルフムーンだったー ◆公演概要 【東京公演】 日程：2027年1月29日（金）〜2月7日（日） 劇場：サンシャイン劇場（〒170-8630東京都豊島区東池袋3-1-4 サンシャインシティ 文化会館4F） 【大阪公演】 日程：2027年2月11日（木・祝）〜2月14日（日） 劇場：森ノ宮ピロティホール（〒540-0003 大阪市中央区森ノ宮中央1-17-5） 【Not Sponsored 記事】 modelpress,[],[]
Mrs. GREEN APPLE、ジェラピケと初コラボ オリジナルキャラ“グリベア”があしらわれたルームウェア・ルームシューズなど展開（モデルプレス）,https://news.yahoo.co.jp/articles/3b1f5a1d3e375543acd2d9e511e14f130ab76885,https://newsatcl-pctr.c.yimg.jp/t/amd-img/20261002-04853012-mdpr-000-1-view.jpg?exp=10800,2026-10-02T12:00:04+09:00,2026-10-02T12:00:04+09:00,モデルプレス,mdpr,モデルプレス,1778,"Mrs. GREEN APPLE（提供写真）（（C）モデルプレス） 【モデルプレス＝2026/10/02】ルームウェアブランド「gelato pique（ジェラート ピケ）」は2026年10月20日（火）より、3人組バンド・Mrs. GREEN APPLE（ミセス・グリーンアップル）との初コラボレーションによる新作コレクション「Mrs. GREEN APPLE with GELATO PIQUE」を「全国のジェラート ピケ店舗」、「ジェラート ピケ公式オンラインストア」、「ジェラート ピケ オム公式オンラインストア」、マッシュグループ公式アプリ「MASH STORE」、ECデパートメントストア「USAGI ONLINE」にて発売する。 【写真】3人組人気バンド、“ジェラピケと初コラボ”青りんごあしらわれたルームウェア ◆Mrs. GREEN APPLE、ジェラピケと初コラボ この秋、Mrs. GREEN APPLEとgelato piqueが贈る、スペシャルなコラボレーションが実現。青リンゴをモチーフにしたコラボレーションオリジナルキャラクターの“グリベア”がやさしくおうち時間を彩る。 爽やかなカラーリングに包まれたルームウェアと雑貨には、Mrs. GREEN APPLEらしい遊び心と、gelato piqueならではの心地よさがぎゅっと詰め込まれている。（modelpress編集部） ◆商品紹介 〈ニットシリーズ〉 「Mrs. GREEN APPLE」とgelato piqueのコラボレーションより誕生した、ジェラート ピケのベアが青リンゴになったオリジナルキャラクター“グリベア”を主役にしたルームウェアが登場。“グリベア”をジャガードで施したプルオーバーにチェック柄のロングパンツをコーディネートしたセットアップはユニセックスサイズで用意している。プルオーバーは“パウダー”素材、ロングパンツは“ベビモコ”素材を使用し、やわらかで心地よく仕上げた。ゆったり羽織れるカーディガンは、青リンゴモチーフのボタンや胸元のPのサガラ刺繍がポイント。背面に大きな“グリベア”をジャガードであしらっている。 【ユニセックス】パウダージャガードプルオーバー＆ベビモコチェックロングパンツセット ￥19,580 カラー：オフホワイト／ピンク／グリーン／ネイビー サイズ：（S－M）、（M－L） 【ユニセックス】パウダージャガードカーディガン ￥15,290 カラー：オフホワイト／ピンク／グリーン／ネイビー サイズ：（S－M）、（M－L） 〈カットソーシリーズ〉 寝ていたり、ストレッチをしたり、色々なポーズと表情の“グリベア”を描いた、ロンTと総柄ロングパンツのユニセックスサイズのセットアップ。フロントにはMrs. GREEN APPLEのロゴとGELATO PIQUEのロゴをあしらっている。男女問わず着用できるゆとりのあるサイズ感で、ピンク、グリーン、ネイビーの3色展開。同シリーズのカーディガンと合わせたり、パートナーとのお揃いはもちろん、友達とのリンクコーディネートも楽しめる。 【Mrs. GREEN APPLE】【ユニセックス】ワンポイントロンT＆ロングパンツセット ￥15,290 カラー：ピンク／グリーン／ネイビー サイズ：（S－M）、（M－L） ◆雑貨 立体的な“グリベア”のお顔がデザインされたお部屋の中で楽しめるルームシューズやヘアバンドがラインアップ。お出かけなど幅広いシーンで楽しむことができるトートバッグやハンドタオル、チャームやポーチも豊富に揃う。 ベアポーチ ￥4,950 カラー：グリーン サイズ：フリー ベアチャーム ￥4,290 カラー：グリーン サイズ：フリー 【ユニセックス】ベアヘアバンド ￥4,290 カラー：グリーン サイズ：フリー 【ユニセックス】ベアルームシューズ ￥7,920 カラー：グリーン 総柄ポーチ ￥5,390 カラー：ピンク／グリーン サイズ：フリー ワンポイントトートバッグ ￥4,950 カラー：ピンク／グリーン／ネイビー サイズ：フリー ベアハンドタオル ￥1,540 カラー：ピンク／グリーン サイズ：フリー 【Not Sponsored 記事】 modelpress",[],[]
グラビア人気絶頂→引退→復帰の真相、日沖りほが独占告白 今後のグラビア活動についても語る（モデルプレス）,https://news.yahoo.co.jp/articles/636998b5469970ea45ec719941106bc685471cce,https://newsatcl-pctr.c.yimg.jp/t/amd-img/20261002-04852152-mdpr-000-1-view.jpg?exp=10800,2026-10-02T12:00:04+09:00,2026-10-02T12:00:04+09:00,モデルプレス,mdpr,モデルプレス,2808,日沖りほ（（C）モデルプレス） 【モデルプレス＝2026/10/02】グラビア・アイドル活動で注目を集めながら、人気絶頂の2026年4月に芸能界引退を発表した日沖りほ（奥村梨穂）が、9月に芸能生活再開を発表して話題を呼んでいる。 【写真】抜群スタイル！ノースリーブワンピの日沖りほ このほど、モデルプレスのインタビューに応じ、1度は表舞台を離れる決断をした理由から復帰に至る心境の変化、そしてグラビアを含む活動の展望まで語った。 ◆日沖りほ、芸能界引退の理由 ― 大学卒業の時に引退を発表。元々そのタイミングで引退する予定だったのでしょうか？ 最初から芸能の道を離れようと決めていたわけではなくて、卒業前の2月に部屋にこもってこれからの人生についてじっくり考えた1日があったんです。その時に私はやりたいことが人よりもすごく多くて、そのために1度社会人経験というものを積みたいと思って就職を決めました。 ― 大学4年生の2月に就職を決意して、4月には就職先が決まっていたのですね。 思い立ったその日のうちにエージェントさんに登録して、1〜2週間は毎日面接に行っていました。結果6社から内定をいただきました。 ― 周囲の反応はいかがでしたか？ 両親は自分がやりたいことをやりなさいというスタンスなので、就職が決まってからちゃんと伝えて、応援してくれました。ファンの方からはたくさんコメントやDMをいただいて、まだ迷いがありながらも引退するという流れだったので、私自身もとても悲しい気持ちになりました。 ― 引退を決めた当初は、芸能界に戻ってくる予定はあったのでしょうか？ 将来的にやりたいことがあるので、それを叶えると同時に戻れたらなと思っていました。 ― 社会人をやりながら芸能活動を両立するという選択肢はあったのでしょうか？ 当時はなかったです。大学生の時でさえ学業と仕事の両立が大変でしたし、社会人になるともっと責任も大きくなって大変だろうなと思っていました。どちらかが疎かになるのは嫌だったので、一度仕事に集中しようと決めました。 ◆日沖りほ、活動復帰のきっかけは？ ― 現在社会人になって約半年経ちましたが、経験してみてどうですか？ 楽しいです。毎日勉強していて、社会人になって人との関わりも増えたのもありますし、仕事に対しての責任がすごく大きくなって、色々学びも多いです。芸能界に戻ったのもありますが、私は表現することが好きだということにも気づくことができました。 ― 今回芸能界に戻ってきたのはどんな経緯で？ お声がけいただいたのと、自分を表現したいという気持ちが出てきたことが大きいです。 ― 9月に再開を発表してから、どんな反響がありましたか？ ネットニュースにしていただいたり、ファンの方からもたくさん喜びの言葉をいただきました。すごく嬉しかったです！ ◆日沖りほ、グラビア活動が転機に ― そもそも日沖さんが芸能活動を始めたきっかけをお聞きしたいです。 小学4年生のときからモデルになりたいと思っていて、海外の雑誌を買ってお洋服を見るのがすごく好きでした。中学2年生から事務所のオーディションを受け始めたんですが、26社ほど落ちたんです。高校3年生のときに唯一受かった事務所に所属させていただいて、1年間養成所に通って上京してきたタイミングでアイドル活動を始めました。 ― 当時を振り返って、経験できてよかったなと思うことはなんですか？ グラビアです。ありがたいことにグラビアをきっかけにたくさんの方に知っていただいて色んな経験ができたので、学びがありました。 グラビアはずっとやりたかったことで、母からもグラビアやってみたらと勧めてもらったこともありました。SNSでもグラビアができるように発信を頑張っていたので、グラビア雑誌の掲載が決まったときは、すごく嬉しかったです。 ― 復帰した今、今後のグラビア活動については？ 主にファンクラブでやっていきたいと思っています。色々お話もいただいているので、皆さんの期待に応えられるようにお仕事ができたらなと思います。 ファンの方とは2年ほど直接お会いできていないので、ファンクラブはグラビア以外にも、イベントをやったり密にコミュニケーションが取れる場所にしていきたいです。 ◆日沖りほ、挫折経験振り返る ― 19歳で芸能活動を始めて、現在もやりたい夢に挑戦されている日沖さんですが、やりたいことには果敢に挑戦できるタイプなようですね。 挑戦はできますが、挫折経験もたくさんあります。それこそ大学4年が大厄年みたいな1年でした（笑）。フリーになってちょうど1年経つくらいで、芸能でもっと頑張りたいと思っていた時期でもあり、あちこちにプロモーションをかけていたのですが、思った通りにいかず。この経験があったからこそ今こうやって活動再開できているので、振り返ると幸運だったかなと思います。 ― 大変な時期を乗り越えることができた理由をあげるとしたら？ 今の職業にも通ずるものはありますが、私は5年後とか先のことを考えて、逆算してそれに向かって頑張ることが多いです。達成していく過程が好きなので、大変な時期も乗り越えられたのかなと思います。 ― 大変なときは、誰かに相談するタイプですか？ 私は1人で抱え込んでしまうことが多いです。元々ポジティブな家庭で、怒られる原因がネガティブなことを言ったらみたいな感じでした。友達でも相談役になることが多いです。だから自分でルールを作って、深く考える時間は1日まで、悲しいことがあっても5分以内には“バイバイ”することにしています。 ◆日沖りほ、今後の展望は？ ― 今後は、具体的にどういうことに挑戦していきたいですか？ 私は歌うことが好きなので歌のお仕事に挑戦したいです。あとお芝居や、小さい頃から夢のモデルもやりたいですし、欲張りなのでどんどん実現させていきたいです。 ― ありがとうございました。 （modelpress編集部） ◆日沖りほ（ひおき・りほ）プロフィール 2003年5月9日生まれ、熊本県出身。2022年にアイドルグループ「IIIIIIIDIOM」メンバーとしてデビュー。2023年8月にグループ脱退を発表し、同年11月にグラビアアイドルとして活動開始。2026年4月に芸能界を引退。同年9月に芸能活動再開を発表し、ファンクラブプラットフォーム「ミーミューズ（Mi-muse by Mi-glamu）」でファンクラブ「り〜ちゃんのEggs.」を開設した。 {日沖りほファンクラブ（SNSでは見ることができないファンだけの動画、写真、メッセージ） |https://mi-muse.mi-glamu.com/rihohioki|button} 【Not Sponsored 記事】 modelpress,[],[]
中山秀征の妻・白城あやか「家族にお祝いしてもらいました」誕生日での家族ショット公開「美しすぎる50代です」「美形揃い」の声（モデルプレス）,https://news.yahoo.co.jp/articles/f137603c96612a611dd76e7992fe984d3399c9a3,https://newsatcl-pctr.c.yimg.jp/t/amd-img/20261002-04851261-mdpr-000-1-view.jpg?exp=10800,2026-10-02T11:59:26+09:00,2026-10-02T11:59:26+09:00,モデルプレス,mdpr,モデルプレス,469,白城あやかInstagramより（（C）モデルプレス） 【モデルプレス＝2026/10/02】タレントの中山秀征の妻で元宝塚歌劇団星組トップ娘役の白城あやかが9月28日、自身のInstagramを更新。家族に祝ってもらったという誕生日ショットを公開し、話題となっている。 【写真】59歳元宝塚「美形揃い」誕生日での家族ショット ◆白城あやか、家族での誕生日ショット披露 白城は「昨日は50代最後の誕生日でした」「少し早めに家族にお祝いしてもらいました」とつづり、写真を投稿。誕生日のプレートを前に、花束を持つ白城と家族での姿や、白城に寄り添う中山との夫婦2ショットも披露している。 ◆白城あやかの投稿に反響 この投稿には「素敵すぎる家族」「おめでとうございます」「美しすぎる」「最高の誕生日ですね」「尊い時間」「美形揃い」などと反響が寄せられている。 白城は1998年に中山と結婚。長男で俳優の中山翔貴、次男で俳優の中山脩悟を含め4人の息子がいる。（modelpress編集部） 【Not Sponsored 記事】 modelpress,[],[]
朝ドラ「ブラッサム」主人公・石橋静河が本格登場 初回と重なる演出に「粋なバトンタッチ」「子役の子と雰囲気が激似」の声【ネタバレあり】（モデルプレス）,https://news.yahoo.co.jp/articles/83c5c6a07dec6a01bb50fe59691a05620fe99b25,https://newsatcl-pctr.c.yimg.jp/t/amd-img/20261002-04852985-mdpr-000-1-view.jpg?exp=10800,2026-10-02T11:50:37+09:00,2026-10-02T11:50:37+09:00,モデルプレス,mdpr,モデルプレス,833,村上蘭、国仲涼子「ブラッサム」第5話（C）NHK（（C）モデルプレス） 【モデルプレス＝2026/10/02】女優の石橋静河が主演を務める連続テレビ小説「ブラッサム」（NHK総合・毎週月～土あさ8時～ほか）の第5話が、10月2日に放送された。主人公・葉野珠が、子役・村上蘭から石橋へバトンタッチし、反響が寄せられている。＜※ネタバレあり＞ 【写真】朝ドラ「ブラッサム」主人公の幼少期を好演した子役「雰囲気が激似」 ◆石橋静河主演「ブラッサム」 連続テレビ小説第115作目となる本作は、明治、大正、昭和を駆け抜け自由を求め続けた作家・宇野千代をモデルとした物語。好奇心旺盛で即行動する、パワフルでチャーミングな小説家・葉野珠（はの・たま）が、小説を書きたいという幼き日の夢を諦めず、故郷の山口・岩国を飛び出し魅力的な人々との出会いによって、夢を手繰り寄せ、大正・昭和の激動の時代へと突き進んでいく。 ◆「ブラッサム」石橋静河が本格登場 この日の放送では、父・清治（渡部篤郎）が大切にしていたカナリアを逃してしまったことで家を出た継母・リョウ（国仲涼子）を、珠（村上）が迎えに行く姿が描かれた。珠が懸命に清治に訴えかけたことで、リョウは家に戻り、再び家族5人で暮らせることになった。 それから5年後の1913年（大正2年）春、珠（石橋）は高等女学校の4年生に。錦帯橋から満開の桜を眺め、珠は「きれいじゃ！」と満面の笑みを浮かべた。この場面は、初回（9月28日放送）の珠（村上）と同じ台詞、同じ構図で描かれ、村上から石橋への交代を印象づけた。これを受け、SNS上では「ついに石橋静河が本格登場！」「子役の子と雰囲気が激似」「初回と同じ台詞＆構図だ」「リフレインしてる」「最高に粋なバトンタッチ」「鳥肌立った」「絵がきれい」「ますます楽しみ」といった声が寄せられている。（modelpress編集部） 情報：NHK 【Not Sponsored 記事】 modelpress,[],[]
M!LK塩崎太智「mini」関西フィーチャー号表紙に登場 吉田仁人とのYouTubeチャンネル・ライブ演出…素顔から仕事人の顔まで深掘り（モデルプレス）,https://news.yahoo.co.jp/articles/912b340eb3529a50d6448eb7f54ca98a7fe8cbd3,https://newsatcl-pctr.c.yimg.jp/t/amd-img/20261002-04853013-mdpr-000-1-view.jpg?exp=10800,2026-10-02T11:45:06+09:00,2026-10-02T11:45:06+09:00,モデルプレス,mdpr,モデルプレス,1094,塩崎太智（提供写真）（（C）モデルプレス） 【モデルプレス＝2026/10/02】『mini 11月号増刊 塩崎太智（M!LK）WONDER EDITION』が10月9日に発売される。5人組アイドルグループ・M!LKの塩崎太智（※「崎」は正式には「たつさき」）が表紙を飾ることが決定した。 【写真】M!LKメンバー、メンカラの爽やか衣装でにっこり ◆塩崎太智「mini」表紙に登場 10月9日に『mini 11月号増刊 塩崎太智（M!LK）WONDER EDITION』を発売。11月号は、miniが“まるっと1冊関西号！”と称して不定期で実施している、関西フィーチャー号。和歌山県出身で観光大使も務めている塩崎に表紙をオファーし、塩崎のA3両面ピンナップ付きの“WONDER EDITION”の発売が決定した。 担当カラーのサファイアブルーに染まった表紙は、今のM!LKにぴったりなメタリックカラーが輝くスペシャルな仕上がり。インタビューでは、地元・和歌山についてはもちろん、ライブの演出やメンバーの吉田仁人とのYouTube『じんだいチャンネル』など、塩崎のパーソナルな部分から仕事人の顔まで深掘り。1万字超えで届ける。（modelpress編集部） ◆編集部コメント 今回で第5弾となる“まるっと1冊関西号”ということで、どうしても塩﨑くん表紙の1冊を作りたく、貴重なお時間をいただき実現しました。たくさんの魅力的な顔をお持ちの塩崎くんですが、miniではやっぱり、きゅるるん笑顔をお届けしたく、思わず「この笑顔、守りたい…！」という言葉が漏れそうな、多幸感溢れる表紙に仕上げました。初めてメタリックの特色を使ったのもこだわりです。 もふもふの帽子やねこ耳ニット帽、そして可愛いまゆげを全出しにしたベレー帽をかぶった全3コーデをご着用。メガネやサングラスにも挑戦！はじける笑顔からゆるっとしたメロ表情まで、詳細はぜひ誌面でご確認ください。 取材中、“『じんだいチャンネル』で、吉田くんが頼んだかき氷に黒蜜をかけたがる無邪気な塩崎くんと、ツッコミながらも受け入れる吉田くんとのやりとり、めっちゃよかったです”とお伝えすると、「そんなこと言ってたっけ！？」と言いながらも、「吉田さんね、紳士だからね。ふふふふ、イケメンですね（笑）。しかもそれをぼそっと言うタイプだからね、吉田さん」と塩﨑くん。そんな2人の関係性が垣間見えた、『mini 9月号』の相関図の振り返りもしていますので、ぜひインタビューもチェックお願いいたします！ 【Not Sponsored 記事】 modelpress,[],[]
渡辺直美「朝4時からしょうが焼き作り始めた」手料理公開「いい焼き色してる」「白米が進みそうな組み合わせ」の声（モデルプレス）,https://news.yahoo.co.jp/articles/5e35dc56544c6fd311f3ee96b81f2efba6bdd5eb,https://newsatcl-pctr.c.yimg.jp/t/amd-img/20261002-04851260-mdpr-000-1-view.jpg?exp=10800,2026-10-02T11:41:41+09:00,2026-10-02T11:41:41+09:00,モデルプレス,mdpr,モデルプレス,546,渡辺直美（（C）モデルプレス） 【モデルプレス＝2026/10/02】お笑いタレントの渡辺直美が9月28日までに、自身のInstagramストーリーズを更新。朝4時からの手料理を公開し、話題となっている。 【写真】38歳お笑いタレント「いい焼き色してる」「白米が進みそうな組み合わせ」朝4時から作り始めたしょうが焼き ◆渡辺直美、朝4時から作った手料理公開 渡辺は「時差ボケおおかまし大先生」と自分を表し、写真を投稿。「朝4時からしょうが焼き作り始めた」とコメントを入れた画像では、玉ねぎを切っている様子を公開した。 また次の写真では「牛皿つゆだくができた」と記したものの、牛皿のような豚肉と、白米を乗せた皿を披露し「味は生姜焼きだったよ」とつづっている。 ◆渡辺直美の投稿に反響 この投稿には「時差ボケなのに朝4時から手料理はすごい」「いい焼き色してる」「私も生姜焼き食べたい」「生姜焼きと牛皿、どっちも食べられるなんて最高じゃないですか！笑」「さすが直美ちゃん！茶目っ気たっぷりで可愛い」「家庭的で素敵」「こういう気取らないごはんがいいな」「白米が進みそうな組み合わせ」などと反響が寄せられている。（modelpress編集部） 【Not Sponsored 記事】 modelpress,[],[]
QuizKnock「anan」表紙・スペシャルエディション初登場 創刊56年の歴史で初の試みも（モデルプレス）,https://news.yahoo.co.jp/articles/52d8e3f10fc07fd9254a68cfe167addd36d5b332,https://newsatcl-pctr.c.yimg.jp/t/amd-img/20261002-04852832-mdpr-000-1-view.jpg?exp=10800,2026-10-02T11:30:03+09:00,2026-10-02T11:30:03+09:00,モデルプレス,mdpr,モデルプレス,1361,026年10月14日発売）（C）マガジンハウス（（C）モデルプレス） 【モデルプレス＝2026/10/02】QuizKnockが、10月14日発売の「anan 2515号QuizKnocスペシャルエディション」（マガジンハウス）表紙に登場。「ananスペシャルエディション」表紙は初となる。 【写真】QuizKnock・timelesz・今田美桜ら「anan AWARD」豪華集結 ◆QuizKnockメンバー8人が表紙に登場 物事を考える力を身につける方法をレクチャーする「思考力の高め方」特集。そのスペシャルエディション表紙を、10月2日に10周年を迎えるQuizKnockメンバーが飾る。登場するのは、QuizKnockのYouTubeチャンネルでも活躍する伊沢拓司、ふくらP、河村拓哉、須貝駿貴、山本祥彰、鶴崎修功、東問、東言の8人。昨年から実施してきた「QuizKnock10周年プロジェクト」のフィナーレとなるタイミングにふさわしい、特別感漂う世界観で撮影を実施した。 スペシャルエディション表紙になっている、額縁に囲まれたクラシカルなセットとジャケットスタイルが華やかなシチュエーションに加え、まるでトリックアートのようなページ、モノクロ写真でトランプの絵柄になっているカット、そして原色をちりばめたカラフルなセットにデニムの衣装が映えるフレッシュな写真。メンバーたちの、いつもとはひと味違うananらしい表情と、普段通りの笑顔を両方切り取ったアニバーサリーグラビアとなっている。 ◆QuizKnock、anan56年の歴史で初の試み ビジュアル面だけでなく、8人のソロインタビュー＆クロストーク＆座談会も充実。「これまでの人生で、特に印象に残っているクイズの問題は？」「2人でクイズ大会に出るなら、チーム名は何にする？」「今のQuizKnockを表す創作漢字を考えてみてください」「10年後、20年後のQuizKnockはどうなっていると思う」など、見逃せない話題がたっぷり。彼らの脳内を覗くような文章となっている。 さらに今回は、創刊より56年となるanan史上初の試みとして「誌面謎解き」企画を実施。誌面に仕掛けられたギミックは、QuizKnockの謎解き制作チームNazoLockが制作したもの。スペシャルエディション版に付録する厚紙を利用すると、隠された暗号が明らかに。そしてその答えをキット内のQRコードから入力すると…。 ◆QuizKnock、スペシャルコンテンツ 2016年、動画に先んじてWebメディアとしてスタートしたQuizKnock。今回は特別に、日々の記事更新を担っている編集部の片山智氏、浅沼佳奈恵氏、石田武蔵氏、志賀玲太氏の4人も登場。普段の仕事内容を通じて、学びの深め方や情報との向き合い方が浮かび上がってくる。 スペシャルコンテンツはまだまだ盛りだくさん。巻頭のトビラページには、今号のため書き下ろした「QuizKnock×anan 50問ペーパークイズ」も。「ananを読んでいると有利に解けるけれど、普段は読まない人も考えれば解ける」という絶妙なバランス感覚の問題がずらりと並ぶ。（modelpress編集部） 【Not Sponsored 記事】 modelpress,[],[]
元SKE48北野瑠華、第1子出産を発表 赤ちゃんの写真公開・妊娠非公表だった理由明かす（モデルプレス）,https://news.yahoo.co.jp/articles/f655eb595babc257081249151328731f85cefb6b,https://newsatcl-pctr.c.yimg.jp/t/amd-img/20261002-04853025-mdpr-000-1-view.jpg?exp=10800,2026-10-02T11:03:10+09:00,2026-10-02T11:03:10+09:00,モデルプレス,mdpr,モデルプレス,709,北野瑠華Instagramより（（C）モデルプレス） 【モデルプレス＝2026/10/02】元SKE48の北野瑠華（27）が10月1日、自身のInstagramを更新。第1子を出産したことを報告した。 【写真】第1子出産発表の27歳元48メンバー、赤ちゃんの愛らしい姿 ◆元SKE48北野瑠華、第1子出産を発表 北野は「私事ではございますが、先日、第一子を出産いたしました」と報告。「妊娠中は、自分自身とお腹の中の小さな命との時間を大切にしたいという思いから、あえて公表せずに過ごしておりました。突然のご報告となってしまい、申し訳ありません」と妊娠していることを非公表にしていた理由を説明した。 続けて「初めての子育てに奮闘する毎日ですが、母子ともに元気に過ごしています」と近況を明かし、「新しい家族を迎えられたことに感謝し、これから家族3人で幸せな時間を重ねていきたいと思います。どうか温かく見守っていただけたら嬉しいです」とつづった。投稿では、生まれたばかりの赤ちゃんが、北野と思われる大人の指を愛らしく握りしめている写真も公開されている。 ◆北野瑠華プロフィール 1999年5月25日生まれ、岐阜県出身。2013年にSKE48の6期生として加入し、2014年2月に正規メンバーに昇格した。2017年リリースの21stシングル「意外にマンゴー」で初の選抜メンバー入り。2024年6月29日に愛知県・SKE48劇場にて卒業公演をおこなった。プライベートでは2026年3月31日に自身のSNSを通じて結婚したことを報告していた。（modelpress編集部） 【Not Sponsored 記事】 modelpress,[],[]
なにわ男子、初ドームLIVE「VoyAGE」映像化決定・11月12日リリース サプライズ発表映像の撮影裏側＆ソロアングル3曲収録も（モデルプレス）,https://news.yahoo.co.jp/articles/1824ac57a5a421d63dcc6d24507edfef1514af33,https://newsatcl-pctr.c.yimg.jp/t/amd-img/20261002-04852831-mdpr-000-1-view.jpg?exp=10800,2026-10-02T11:00:02+09:00,2026-10-02T11:00:02+09:00,モデルプレス,mdpr,モデルプレス,2208,なにわ男子（提供写真）（（C）モデルプレス） 【モデルプレス＝2026/10/02】なにわ男子が11月12日に、LIVE Blu-ray＆DVD「なにわ男子 1st DOME LIVE ‘VoyAGE’」をリリースすることが決定した。 【写真】なにわ男子、初ドームLIVEで巨大バルーンのド派手演出 ◆なにわ男子、夢のステージ映像化 なにわ男子の“これまで”と“今”、そして“これから”の旅路をともに歩む、夢のステージを映像化。2026年1月から2月にかけて、東京ドームで2日間、さらに京セラドーム大阪では史上初となる6日間連続で開催された、なにわ男子念願の初ドームLIVE「なにわ男子 1st DOME LIVE ‘VoyAGE’」より1月13日の東京ドーム公演を映像化した。 CDデビュー5周年イヤーとなる2026年の幕開けを華やかに彩った約3時間のメモリアルなステージを余すところなく収録。なにわ男子の代表曲をふんだんに詰め込んだセットリストに、お客さんの頭上を通るムービングステージや巨大バルーンで空飛ぶ自転車などドーム会場ならではの演出が盛りだくさんの夢のステージ。初回限定盤の特典映像には、1月12日の東京ドーム初日公演から、SPECIAL SELECTIONとして「ダイヤモンドスマイル -Anniversary ver-」「Over The Horizon!」「Poppin’ Hoppin’ Lovin’」「NANIWA’n WAY」「Time View～果てなく続く道～」の映像を収録。待ちに待ったドームLIVE初日を迎え、約5万5千人のファンの皆さんが作る光の海を目の前にしたメンバーの喜びと感動に溢れた表情をそのまま届ける。さらに、「ダイヤモンドスマイル -Anniversary ver-」「2 Faced」「君に恋をした」のソロアングル映像も収録されている。 通常盤の特典映像は、初のドーム公演サプライズ発表映像の撮影の裏側から始まり、コンサートリハーサルや打ち合わせ、ドーム公演無事完走まで。なにわ男子7人の、夢の舞台への道のりを辿った「The Greatest VoyAGE to “1st DOME LIVE”」を収録。ドームLIVEにかけるメンバーのリアルな感情が映し出された、約2時間弱にわたる大満足ボリュームのドキュメンタリー映像となっている。（modelpress編集部） ◆LIVE Blu-ray＆DVD「なにわ男子 1st DOME LIVE ‘VoyAGE’」 ※ジャケットのビジュアルや商品仕様は、初回限定盤、通常盤でそれぞれ異なる ※初回限定盤・通常盤それぞれ、Blu-rayとDVDの収録内容は共通 初回限定盤 ・「なにわ男子 1st DOME LIVE ‘VoyAGE’」 LIVE本編 ・特典映像 ・東京ドーム公演（Day1）SPECIAL SELECTION 「ダイヤモンドスマイル -Anniversary ver-」「Over The Horizon!」「Poppin’ Hoppin’ Lovin’」「NANIWA’n WAY」「Time View～果てなく続く道～」 ・ ソロアングル映像 「ダイヤモンドスマイル -Anniversary ver-」「2 Faced」「君に恋をした」 ・くるみ三方背BOX仕様 ・ライブフォトブックレット（60P）封入 通常盤 ・「なにわ男子 1st DOME LIVE ‘VoyAGE’」 LIVE本編 ・The Greatest VoyAGE to “1st DOME LIVE” ・トールケース仕様 ・ライブフォトブックレット（16P）封入 LIVE本編詳細（初回限定盤・通常盤共通） 東京ドーム 1月13日公演収録 Overture ダイヤモンドスマイル -Anniversary ver- Over The Horizon! Poppin’ Hoppin’ Lovin’ NANIWA’n WAY I Wish ありふれた恋じゃ、もう満たされない Make Up Day Seven Stars 2025 アシンメトリー Black Nightmare Melody Special Kiss ちゅきちゅきハネムーン 勇気100％ アホ新世界 なにわの男子やねん！ Because I just love you Never Romantic MC Happy Happy Lucky You!!（ジュニア） The Greatest Voyage Happy Happy Birthday!! 月火水木君曜日 YUUWAKU DANCE Doki it #MerryChristmas ハッピーサプライズ 君に恋をした The Answe Circus Night Live in the moment 初心LOVE（うぶらぶ） サチアレ Soda Pop Love ちゅきちゅきハリケーン 妄想っちゅーDiscooooooo!! 2Faced Blue Story Alpha 僕空～足跡のない未来～ Time View～果てなく続く道～ 〈ENCORE〉 ギラギラサマー ボンボンボヤージュ コイスルヒカリ なにわLucky Boy!! 【Not Sponsored 記事】 modelpress,[],[]
Snow Man阿部亮平、猪俣周杜の契約解除に言及 timelesz会見受け「然るべき処分が下された」（モデルプレス）,https://news.yahoo.co.jp/articles/fa98cc6fe06fffb69301396584909dc84eec7367,https://newsatcl-pctr.c.yimg.jp/t/amd-img/20261002-04853014-mdpr-000-1-view.jpg?exp=10800,2026-10-02T10:53:56+09:00,2026-10-02T10:53:56+09:00,モデルプレス,mdpr,モデルプレス,813,（C）モデルプレス 【モデルプレス＝2026/10/02】Snow Manの阿部亮平が10月2日、日本テレビ系朝の情報番組「ZIP！」（月曜～金曜あさ5時50分～）に生出演。前日に行われたtimeleszの会見に言及した。 【写真】メンバー逮捕受け涙ながらに会見に臨むtimelesz ◆阿部亮平、猪俣周杜の処分に言及 傷害の疑いで逮捕され、9月30日付で所属事務所との専属契約終了およびグループ脱退が発表された猪俣周杜について、10月1日、メンバー7人が囲み取材にて謝罪。同番組では、その会見の映像が流れ、阿部は「刑事処分が確定していない段階での契約解除ということだったんですが、第一にファンの皆様、関係者の皆様、そしてスポンサーの皆様への不義理になってしまったこと、社会に与えた影響の大きさも考えてみますとやはり看過できるものではないなと思っております。ということで然るべき処分が下されたのかなと思いますね」とコメント。続けて「被害を受けられた方の一刻も早い心身の回復を願うとともに、timeleszのメンバーそれぞれしっかりと受け止めて、これからの活動、ファンの方々が安心して応援できるような、そんな状況を作っていってほしいなと切に思います」と被害者への思いやりとtimeleszメンバーへのエールを語った。 ◆timelesz、猪俣周杜の逮捕受け謝罪 猪俣は9月18日夜、東京・江東区辰巳のコンビニエンスストアの駐車場の車内で、知人の女性（26）の顔を殴るなど暴行を加え、ケガをさせた疑いで逮捕され、20日に送検された。女性が鼻から出血した状態でコンビニに駆け込み事件が発覚したという。猪俣は「手が当たってしまったかもしれません」と容疑を否認する一方で、「口論になってパニックになった」とも供述していたという。（modelpress編集部） 情報：日本テレビ 【Not Sponsored 記事】 modelpress,[],[]
「ラヴ上等」りんりん＆カマケンカップル、ラブラブ2ショット公開「美男美女」「見ていて癒される」（モデルプレス）,https://news.yahoo.co.jp/articles/949c2ebdeee1d49a5f2f514b5ba725d45ea342af,https://newsatcl-pctr.c.yimg.jp/t/amd-img/20261002-04850785-mdpr-000-1-view.jpg?exp=10800,2026-10-02T10:16:37+09:00,2026-10-02T10:16:37+09:00,モデルプレス,mdpr,モデルプレス,716,カマケン、りんりん（（C）モデルプレス） 【モデルプレス＝2026/10/01】Netflix恋愛リアリティシリーズ「ラヴ上等」シーズン2に出演していたりんりん（堀越凛）と格闘家・建設業経営のカマケンカップルが9月27日、自身のTikTokを更新。2ショットを公開し反響を読んでいる。 【写真】「ラヴ上等」出演キャバ嬢＆格闘家カップル「見ていて癒される」「美男美女」ラブラブショット ◆りんりん＆カマケンカップル、2ショット公開 りんりんは「りんかま？かまりん？やっと載せれる」とつづり、TikTokに動画を投稿。仲良くダンスを踊る様子を公開した。りんりんは動画に「 ＃りんかま 」「 ＃かまりん 」とハッシュタグを付け、「みんなかまけんもフォローしてねっ」とコメントを添えている。 ◆りんりん＆カマケンカップル動画に反響 この投稿に「カップル成立おめでとう」「見ていて癒される」「美男美女ですね」「りんかまの方がしっくりくるかも」「理想のカップルです」「これからもお幸せに」など反響が寄せられている。 Netflixが挑む新境地、日本初・ヤンキーの男女たちが血気盛んに繰り広げる純愛リアリティショーとして生まれた「ラヴ上等」。8月4日に配信がスタートしたシーズン2（二期構成）では、沖縄の碧い海を望む新たな学校「羅武上等マリーンアカデミー」を舞台に、元暴走族総長、元ヤクザ、少年院出身者など、社会の“はみ出し者”として生きてきたヤンキー男女総勢22人が参加し、それぞれ14日間の共同生活を送りながら、喧嘩も恋も本気（ガチ）でぶつかり合った。（modelpress編集部） 【Not Sponsored 記事】 modelpress,[],[]
元乃木坂46能條愛未、第1子妊娠を報告 夫は歌舞伎俳優・中村橋之助（モデルプレス）,https://news.yahoo.co.jp/articles/81cf81bbb539671ae8716ca00f8a3c5535bf541f,https://newsatcl-pctr.c.yimg.jp/t/amd-img/20261002-04853011-mdpr-000-4-view.jpg?exp=10800,2026-10-02T10:13:31+09:00,2026-10-02T10:22:36+09:00,モデルプレス,mdpr,モデルプレス,517,能條愛未（（C）モデルプレス） 【モデルプレス＝2026/10/02】元乃木坂46で女優の能條愛未が10月1日、自身のInstagramを更新。第1子を妊娠したことを報告した。 【写真】妊娠中の31歳元乃木坂、ふっくらお腹 ◆能條愛未、第1子妊娠を報告 能條はふっくらとしたお腹に手を添えた写真とともに「このたび、私たちのもとに新しい命を授かりました」と報告。「小さな命が日々成長していく喜びを感じながら、夫婦で穏やかな時間を過ごしております。新しい家族を迎えられる日を心待ちにしながら、これからも一日一日を大切に過ごしてまいります」と心境を伝えた。 「これまで支えてくださった皆様への感謝を胸に、これからは三人で歩んでいけることを楽しみにしております」と周囲への感謝とともにつづり「今後とも温かく見守っていただけましたら幸いです」と結んでいる。 ◆能條愛未、4月に入籍 能條は、2025年11月10日に歌舞伎俳優の中村橋之助との婚約を発表し、2026年4月3日に自身のYouTubeチャンネルを通じて入籍を報告。5月30日には披露宴を行った。（modelpress編集部） 【Not Sponsored 記事】 modelpress,[],[]
新川優愛、朝日奈央とのドラマ初共演は「撮影に入る前からワクワクしていた」バラエティ番組での印象明かす【妻を引退します】（モデルプレス）,https://news.yahoo.co.jp/articles/635eb72bcd7421461b6d5640490562462c75fefa,https://newsatcl-pctr.c.yimg.jp/t/amd-img/20261002-04852777-mdpr-000-1-view.jpg?exp=10800,2026-10-02T07:00:04+09:00,2026-10-02T07:00:04+09:00,モデルプレス,mdpr,モデルプレス,2347,「妻を引退します」記者会見に出席した朝日奈央、新川優愛（（C）モデルプレス） 【モデルプレス＝2026/10/02】女優の新川優愛とタレントの朝日奈央がこのほど、都内で行われた10月5日スタートのテレビ東京ドラマプレミア23「妻を引退します」（毎週月曜よる11時6分〜）の記者会見に、共演のB&ZAIの本高克樹（※「高」は正式には「はしごだか」）、時任勇気、犬飼貴丈、松田好花とともに出席。新川が、ドラマで共演する前に抱いていた朝日の印象を明かした。 【写真】32歳元アイドル「小顔際立つ」前髪ありの新ヘアが可愛い ◆新川優愛、朝日奈央との初共演は「ワクワク」 原作は、LINEマンガにて総合ランキング1位を獲得した赤石真菜原作のWebtoonフルカラー電子漫画『妻を引退します』。2024年7月に同枠にて放送し、テレ東ドラマ史上最高の見逃し配信総再生数3500万回を記録した「夫の家庭を壊すまで」の原作陣とテレ東が再びタッグを組み、実写ドラマ化。かつて天才子役として一世を風靡した主人公が夫の不倫相手から自分の幸せを守るため“完璧な妻”の仮面を脱ぎ捨て修羅の女となり芸能界へ再び戻る…。幸せとは、大切なものとは何なのか。復讐・不倫ドラマに定評のあるテレ東が届ける痛快復讐エンタメ劇となっている。 原作を読んだ時の感想や、出演が決まった時の気持ちを聞かれると、元天才子役で、俳優を目指す娘を全力でサポートしている鮎川穂奈未役を演じる朝日は「普段、バラエティで活動している私を信じてお話をくださったスタッフの皆さんに本当に感謝申し上げたいと思います。ありがとうございます」と頭を下げ、「初めて原作を読んだ時に、原作の本編50話ぐらいあるんですけど、気がついたら一気読みしてしまって、気がつけば課金・課金で（笑）、全部読んでしまったっていうくらい引き込まれる作品です」と語った。 「私は結構ハードルの高い元天才子役という役なんですけど（笑）、あることをきっかけに嫌気がさしてこの世界を引退するわけなんですけど、大切な人を守るために一度やめた芸能界にまた戻るという選択をするんですけど、そんな穂奈未がどう前に進んでいくのかっていうのはひとつ注目ポイントでもありますし、私以外のキャストの皆さんも本当に個性豊かで魅力あふれるキャラクターばかりですので、皆さんに楽しみにしていただけたらなと思います」アピールした。 イズマイの愛称で老若男女から支持を集める人気俳優・泉舞花役を演じる新川は「朝日さんと初めて共演させていただくと聞いて、バラエティ番組では何度かお会いしていたんですけども、今回がっつり一緒にやらせていただくのが本当に楽しみで、普段、バラエティ番組でご一緒させていただいた時のお人柄がとても素敵な方だなと見ていたので、“どんな方なのかな、おしゃべりしてみたいな”と、撮影に入る前からワクワクしていたのと同時に、原作も本当に面白いですし、私も気づいたら読み終わってる感じだったので、周りのキャストの皆さんもどんな方が演じてくださるんだろうっていうワクワクから始まりましたね」と目を輝かせた。 泉舞花の元付き人兼マネージャーで俳優志望だった影山淳役を演じる本高は「影山という役は原作にはなくてドラマオリジナルキャラクターということで、非常に明るいキャラクターで、僕自身も髪を明るくさせていただいたりとしてるので、彩りをこの作品にもたらせたらなと思っております」と意気込んだ。 ◆新川優愛＆朝日奈央、互いの呼び名は？ また、撮影現場の様子を尋ねられると、朝日は「本番が始まるとバチバチで、笑顔も見せないくらいのシーンが多いんですけど、『カット』ってなった瞬間、本当に和やかな雰囲気で頭が混乱するという（笑）。スタッフさんもキャストの皆さんも本当に温かい人ばかりで、温かい人たちがいるからこそ頑張れるというのもあるんですけど、現実世界とのギャップで混乱して、それも楽しんじゃおうみたいな。すごく楽しく撮影の日々を送らせていただいてます」と声を弾ませた。 泉舞花のマネージャー・大沢鈴子役を演じる松田もギャップを感じているそうで「新川優愛さん演じる泉舞花にすごくぞんざいな扱いを受けるんですけど、カメラが回ってない時とかは逆に助けてもらっちゃったりして、私のマネージャーをしていただいてるんじゃないかっていうぐらいの気配りというか（笑）、マイクつける時に私が手に荷物いっぱいになっちゃった時に全部預かってくださったりとか、“どっちがマネージャーなんだ？”みたいな、頭が混乱するような状況もあるくらいで（笑）、みんな和気あいあいと、カメラが回ってない時はすごく仲良くさせていただいているなと思います」とにっこり。本高も「作中だと影山がこの中で言うと一番明るいキャラだと思うんですけど、裏ではその影山が霞むぐらいみんな明るいですね」とコメントした。 一方、朝日との共演シーンが多いという新川は「一緒にいる時間が長いんですけど、リアルな年齢が私が1つ上なんですけど、生まれたのが半年ぐらいしか変わらなくて、朝日さんから『タメ語でお願いします』って言ってくれたので、『じゃあ、ヨーイドンで今からタメ口にしよう』って言って、なんて呼び合うかってことになって、今は“なおちゃん”って呼んでいます」と明かすと、朝日は「私は周りのお友達だちに“なおリン”って呼ばれることもあるので、『なおリンはどうですか？』って提示させていただいたんですけど、すぐ『なおちゃん』って言われて、まだちょっとそこの距離感は…（笑）」と笑顔を見せた。（modelpress編集部） 【Not Sponsored 記事】 modelpress,[],[]
B&ZAI本高克樹、論文受賞後に事務所から言われた言葉とは「呼び出しくらいまして」【妻を引退します】（モデルプレス）,https://news.yahoo.co.jp/articles/a0120f5d2c08ea1eeb9d57072c8959e87dd2d3bf,https://newsatcl-pctr.c.yimg.jp/t/amd-img/20261002-04852794-mdpr-000-2-view.jpg?exp=10800,2026-10-02T07:00:03+09:00,2026-10-02T11:25:56+09:00,モデルプレス,mdpr,モデルプレス,2411,「妻を引退します」記者会見に出席した本高克樹（（C）モデルプレス） 【モデルプレス＝2026/10/02】B&ZAIの本高克樹（※「高」は正式には「はしごだか」）がこのほど、都内で行われた10月5日スタートのテレビ東京ドラマプレミア23「妻を引退します」（毎週月曜よる11時6分〜）の記者会見に、共演の新川優愛、朝日奈央、時任勇気、犬飼貴丈、松田好花とともに出席。論文受賞後のエピソードを明かした。 【写真】女の復讐描いた不気味なポスタービジュアル ◆本高克樹「国際論文誌のほうで栄誉ある賞をいただきまして」 本作の内容にちなみ、『過去の自分にひとつだけアドバイスをするなら何を伝えるか』という質問に、本高は“先に報告しなさい”と回答。続けて「『報告っていうのは大事だな』と思った出来事が4年前ぐらいにございまして」と切り出し「とある論文の発表で賞をいただいたんですよ。その時、学業のことだし事務所さんに報告しなくてもいいかなって放置していたんです。数ヶ月したところでファンの方がホームページで見つけまして、ちょっと話題になったところで事務所さんに呼び出しくらいまして、『こういうのは先に報告しなさい』と注意を受けまして」と説明した。 そして「内容もチケット販売に関することが書いてあったので、“事務所への当てつけなんじゃないか”みたいな憶測も出ちゃいまして、『そんなことではないんですよ』と報告をしました」とエピソードを明かし、「先日、わたくし事なんですけども、国際論文誌のほうで栄誉ある賞をいただきまして、その時はちゃんと事前に報告をしまして、そしたら記念の受賞写真も撮っていただき、なんなら発表のタイミングもこのドラマの情報解禁の前日の盛り上がるような日にしていただいて、昔の教訓がこの作品にも生きたなというエピソードでした」とにっこり。今回受賞した論文の内容を追及されると「チケット販売に関する実証実験なんですけど、2023年から2024年に書かれた414本のうちの2本に（選ばれました）」と告白し、キャスト陣からは「すごい！」と感嘆の声が上がった。 加えて、朝日が「これを撮影現場で口頭で教えていただいたんですよ。私が勉強不足でその時に知らなくて、口頭で丁寧に話していただいたんですけど、一言もわからなくて、ちゃんとそのあとネット調べました。ものすごい方なんですよね、本当にお忙しい中…」とコメントすると、本高は「こっちが本業なので。研究者がこの作品に紛れ込んだわけではないので。一応アイドルとして活動しているので。研究者特別出演じゃないんで。一応アイドルとして地上波初レギュラーなので。頑張っていますのでよろしくお願いします」とツッコみ、会場の笑いを誘った。 ◆新川優愛「この現場でも誰にも負けないんじゃないかな」 そして、作品の内容にちなみ、絶対に負けなくたいものを聞かれると、朝日は「普段、バラエティの現場で活動させていただいているので『バラエティ力』と言いたかったんですけど、撮影で時任さんとご一緒する機会が多くて、お話をしていく中で、すごくシャキッとして見えて、和久井というかっこいいキャラクターなんですけど、ちょっと天然というか、昨日も撮影のあとに『今日、家で夜ご飯何食べる？」みたいな、本当に他愛もない話をしていて、今朝『昨日何食べた？』って話をした時に、昨日食べたものも忘れてますし、ちょこちょこ出る天然さ、かわいらしさみたいなのがあって」と明かした。 そして「本当にしょうもないので使わなくていいんですけど、スタジオの近くにすごく素敵なカフェがあって『私、行ったことがあるんですよ』ってお話ししたら、『僕もあります』って言っていて、そこのハンバーガーがおいしいという話をしてたら、ハンバーガーを『バーガー』って呼んでいて（笑）、“ギャル男がいる”と思ったんですよね。この上品な風貌からはピンとこないワードとか言い回しをたまに小さい声で喋るので、これはもうちょっと探っていけば面白い時任さんが見れるんじゃないかなって思っています。“負けない”と思ったけど負けてる部分でした」と笑顔を見せた。 一方、新川は「長くお仕事させていただく中で、撮影が終わって『新川さん、今日は以上です。お疲れ様でした』って言ってもらってから、現場出るまでめちゃくちゃ早いんですよ」と打ち明け、松田は「それに本当に驚かされて、撮影が終わって気づいたらもう新川さんがいなくなっていて、着替えの順番待ちみたいのが発生するんですけど、それがまったく案内されて、新川さんがサーッて帰っていかれて。忍者みたいな速さで（笑）」と目を丸くすると、新川は「ありがたいことにドラマの撮影とか色々やらせていただくと、現場入った時に『バラシが早いて聞いたんですけど』って言っていただけることが増えてきて（笑）、本当に早くバラさないといけないみたいな、負けちゃいけないっていうプレッシャーもありつつ、でも急いでるわけじゃないんですけど、着替えが本当に早いので、この現場でも誰にも負けないんじゃないかなって思って過ごしてますね」と胸を張った。 同じ質問に、本高は「魚に心と書いて魚心（うおごころ）なんですけど、さっきみんなでSNS撮影で『肉を引退するか、魚を引退するか』というのをやって、僕は肉の引退を選んだので、今後、僕は魚と一生に付き合っていくしかないんですけど、もともとお魚が好きで、日本さかな検定1級を取るぐらい好きなんですけど、肉を引退するってなった時も、今までお世話になった肉のことも思い浮かべながら泣く泣く切りましたけど、そこは魚好きとしては選ばなきゃなっていうところで、（魚に対する思いは）この皆さんには負けないかなと思っています」と語った。（modelpress編集部） 【Not Sponsored 記事】 modelpress,[],[]
中島健人・上白石萌音・山中柔太朗・猪狩蒼弥らがクイズ出題者「超タッグ祭」生放送決定「オールスター感謝祭’26秋」前夜に2時間（モデルプレス）,https://news.yahoo.co.jp/articles/673e5ff87859cccec184155b4bbb14b68518a3df,https://newsatcl-pctr.c.yimg.jp/t/amd-img/20261002-04852775-mdpr-000-1-view.jpg?exp=10800,2026-10-02T06:00:06+09:00,2026-10-02T06:00:06+09:00,モデルプレス,mdpr,モデルプレス,1720,「超タッグ祭」（C）TBS（（C）モデルプレス） 【モデルプレス＝2026/10/02】TBSでは、10月9日よる8時55分から、視聴者参加型の大型生放送特番『超タッグ祭』の第2弾を放送する。 【写真】「超タッグ祭」に登場するSTARTOジュニア ◆ハライチ澤部MC「超タッグ祭」 3月に放送された第1弾に続く今回は、10月10日に放送される『オールスター感謝祭’26秋 放送70回記念SP』の前夜を盛り上げる2時間の生放送となる。本番組は、豪華有名人と視聴者がリアルタイムで“タッグ”を組み、賞金獲得を目指す新感覚の生放送バラエティ。視聴者はスマートフォンでボタン連打や投票で番組に参加し、“有名人だけではクリアできない”番組オリジナルゲームに挑戦する“視聴者総参加型の生放送イベント”だ。 今回MCはハライチ・澤部佑、進行は同局アナウンサーの杉山真也と南後杏子が務める。スタジオには、梅沢富美男、あの、松田好花に加え、小杉竜一（ブラックマヨネーズ）、いとうあさこ、アンガールズ、とにかく明るい安村、タイムマシーン3号、近藤春菜（ハリセンボン）、向井慧（パンサー）、横澤夏子、紅しょうが、荒川（エルフ）、ジャンボたかお（レインボー）、ラパルフェら人気芸人が集結。さらに、東京2020オリンピック卓球混合ダブルス金メダリストの水谷隼、デビュー曲「ほんまやで☆なんでやねん☆しらんけど」で社会現象を巻き起こしたモナキも参戦し、ジャンルの垣根を越えたにぎやかな顔ぶれが揃う。 ◆中島健人・山中柔太朗ら、クイズ出題者として登場 本番組で、豪華有名人と視聴者がタッグを組んで挑戦するゲームは全4種。視聴者がスマホでクイズに答え、正解するほど景品が獲得口に近づく【クイズに正解して協力！賞金クレーンゲーム】や、視聴者がスマホの画面を連打する数に応じてカメラのズームが変わる【完コピダンスクイズ】では、遠くでヒット曲を仮装して踊る有名人の正体に迫る。 また、【ウソの演技を見破れ！本当に〇〇しているのは誰？】では、中島健人、上白石萌音、山中柔太朗、猪狩蒼弥（KEY TO LIT）らがVTRでクイズ出題者として登場。視聴者の予想を手がかりに、有名人たちは“ウソの演技”を見破ることができるのか。さらに有名人が口ずさんだイントロを視聴者が連続正解で賞金を目指す【重圧口ずさみイントロクイズ】など視聴者参加型ならではのゲームが続々登場する。 ◆「超タッグ祭」“視聴者参加型のゲームシステム” そして、本番組の大きな特徴が“視聴者参加型のゲームシステム”。視聴者は番組内で表示される2次元コードを読み取り、専用の視聴者参加WEBサイトにアクセスすることで、リアルタイムでゲームに参加できる。ゲームの成否を握るのは、テレビの前の視聴者の力。1人でも多くの視聴者が参加することが、有名人チームにとって何よりの力となる。家族や友人と一緒にスマホを片手に“超タッグ”を組み、生放送ならではの一体感を味わえる。 ゲームをクリアすればするほど、有名人チームが獲得する賞金は加算され、さらに番組に参加した視聴者にも、貢献度などに応じてQUOカードが当たるチャンスが用意されている。賞金とQUOカードをあわせた総額は200万円超え！ 有名人と視聴者が“タッグ”を組んで賞金獲得を目指す、生放送ならではの一体感溢れる大型生放送特番となっている。（modelpress編集部） ◆出演者 MC 澤部佑（ハライチ） 進行（※50音順） 杉山真也（TBSアナウンサー） 南後杏子（TBSアナウンサー） 出演者（※50音順） あの 荒川（エルフ） アンガールズ いとうあさこ 梅沢富美男 小杉竜一（ブラックマヨネーズ） 近藤春菜（ハリセンボン） ジャンボたかお（レインボー） タイムマシーン3号 とにかく明るい安村 紅しょうが 松田好花 水谷隼 向井慧（パンサー） モナキ 横澤夏子 ラパルフェ他 VTR出演（※50音順） あばれる君 猪狩蒼弥（KEY TO LIT） 尾形貴弘（パンサー） 上白石萌音 中島健人 山中柔太朗 【Not Sponsored 記事】 modelpress,[],[]
柄本佑・吉岡里帆・今田美桜・出口夏希ら「第18回TAMA映画賞」受賞作品＆受賞者発表【一覧】（モデルプレス）,https://news.yahoo.co.jp/articles/b5fd3a74a2f31b00942fb8e81666bf18ef335b93,https://newsatcl-pctr.c.yimg.jp/t/amd-img/20261002-04852764-mdpr-000-1-view.jpg?exp=10800,2026-10-02T06:00:06+09:00,2026-10-02T06:00:06+09:00,モデルプレス,mdpr,モデルプレス,3246,（上段左から）本木雅弘、吉岡里帆、今田美桜、柄本佑（下段左から）黒崎煌代、出口夏希、山時聡真、南琴奈（（C）モデルプレス） 【モデルプレス＝2026/10/02】「第18回TAMA映画賞」の受賞作品及び受賞者が発表され、柄本佑、吉岡里帆、今田美桜、出口夏希らが受賞した。 【写真】最優秀女優賞受賞の人気女優、ぱっつん前髪で雰囲気ガラリ ◆柄本佑・吉岡里帆・今田美桜・出口夏希らが受賞 このたび国内映画賞のトップバッターとして注目を集める「第18回TAMA映画賞」の受賞作品及び受賞者が決定。本年度最も活力溢れる作品の監督及びスタッフ・キャストを表彰する最優秀作品賞には『急に具合が悪くなる』と『さとこはいつも』が選出。さらに、本年度最も心に残った男優を表彰する最優秀男優賞を本木雅弘と柄本、本年度最も心に残った女優を表彰する最優秀女優賞を吉岡と今田、本年度最も飛躍した監督もしくは顕著な活躍をした新人監督を表彰する最優秀新進監督賞を中川駿監督と孫明雅監督が受賞した。 そして、本年度最も飛躍した男優もしくは顕著な活躍をした新人男優を表彰する最優秀新進男優賞を黒崎煌代、山時聡真、本年度最も飛躍した女優もしくは顕著な活躍をした新人女優を表彰する最優秀新進女優を出口、南琴奈が受賞した。 映画ファンを魅了した事象に対し表彰する特別賞には、塚本晋也監督及びスタッフ・キャスト一同と、河合健監督及びスタッフ・キャスト一同が選出された。 ◆「TAMA映画賞」 TAMA映画賞は、2009年にスタートし、前年10月から当年9月に一般劇場で公開された作品及び監督・キャスト・スタッフを対象に、市民ボランティアの実行委員が選考。「明日への元気を与えてくれる・夢をみせてくれる活力溢れる＜いきのいい＞作品・監督・俳優」を、映画ファンの立場から感謝をこめて表彰している。（modelpress編集部） ◆「第18回TAMA映画賞」受賞作品及び受賞者 【最優秀作品賞】 ・『急に具合が悪くなる』（濱口竜介監督及びスタッフ・キャスト一同） ・『さとこはいつも』（沖田修一監督及びスタッフ・キャスト一同） 【特別賞】 ・塚本晋也監督及びスタッフ・キャスト一同（『ネルソンさん、あなたは人を殺しましたか？』） ・河合健監督及びスタッフ・キャスト一同（『みんな、おしゃべり！』） 【最優秀男優賞】 ・本木雅弘（『黒牢城』『八月の声を運ぶ男』） ・柄本佑（『メモリィズ』『星と月は天の穴』『木挽町のあだ討ち』『黒牢城』『白鳥とコウモリ』） 【最優秀女優賞】 ・吉岡里帆（『ストリート・キングダム 自分の音を鳴らせ。』『シャドウワーク』） ・今田美桜（『白鳥とコウモリ』『映画ラストマン -FIRST LOVE-』） 【最優秀新進監督賞】 ・中川駿監督（『90メートル』） ・孫明雅監督（『トロフィー』） 【最優秀新進男優賞】 ・黒崎煌代（『急に具合が悪くなる』『アフター・ザ・クエイク』『見はらし世代』『ストロベリームーン 余命半年の恋』『万事快調』『脛擦りの森』） ・山時聡真（『90メートル』『ブルーロック』） 【最優秀新進女優賞】 ・出口夏希（『ルックバック』『万事快調 』『あの星が降る丘で、君とまた出会いたい。』） ・南琴奈（『90メートル』『ミーツ・ザ・ワールド』『終点のあの子』『夜勤事件』） ◆「第18回TAMA映画賞」各賞受賞理由 【最優秀作品賞】 『急に具合が悪くなる』：運命的な出会いによって惹かれ合い、互いを特別な存在と認め合った2人。忍び寄る死に抗いながらも、言葉を尽くした丁寧な対話で濃密な時間を積み重ねていくその姿は、「人が人と向き合うとはどういうことか」を観客に深く問いかけた。 『さとこはいつも』：年齢も境遇も違う3人の“さとこ”が、自分の物語を書くことで凝り固まった日々から自分を解き放っていく姿を、可笑しく愛おしい人間模様として描いた。誰の人生も語るに足る1冊なのだと高らかに肯定し、観客一人ひとりの毎日をそっと祝福した。 【特別賞】 戦地にいるかのような眼前に迫る映像によって、その傷跡の大きさを観客に知らしめた『ネルソンさん、あなたは人を殺しましたか？』に対して：戦争が1人の人間を加害者へと変えてしまう恐怖と、罪を背負って生き続けることの重さを真正面から描いた。少女の純粋な問いやカウンセリングを通して自らの加害と向き合い、その記憶を語り続けるネルソン氏の姿に、再生へと向かう人間の力を描き出した。 ろう者とクルド人、言語の壁の向こうにいる他者とどう分かり合うかを、唯一無二のユーモアで描いた『みんな、おしゃべり！』に対して：言語も立場も違う隣人同士が、譲れないものを抱えたままぶつかり合う姿を緩やかなユーモアで描いた。分かりやすい和解へ着地させることなく、他者と分かり合うことの難しさと可能性を、痛快な笑いのなかに示してみせた。 【最優秀男優賞】 本木雅弘：『黒牢城』において、荒木村重の威厳、知性、滑稽さ、もの哀しさを併せ持つ人間像を創出した。官兵衛との対話を重ねるなかで、内面が次第に揺らいでいく過程を背中、間合い、声の変化で表現し、威厳の奥にある脆さを浮かび上がらせた。 柄本佑：現代劇から時代劇まで多彩な作品において、相手との間や呼吸を丁寧に積み重ねて場面に奥行きと余韻をもたらした。『メモリィズ』においては、飄々（ひょうひょう）とした佇まいのなかに人間味のある温かさを滲ませて、家族の記憶と記録の物語を優しく紡ぎ出した。 【最優秀女優賞】 吉岡里帆：『ストリート・キングダム』では、完成したレコードを手に朝の街を駆ける姿に、自ら表現を形にする喜びと躍動感を溢れさせた。『シャドウワーク』では、暴力で傷ついた人物の痛みと危うさを抑制の利いた演技で滲ませ、鮮やかな「陽」と深い「陰」の両極に確かな実在感を与えた。 今田美桜：『白鳥とコウモリ』において、澄んだ瞳に怒りや戸惑い、真実を知りたいという強い思いを宿らせた。台詞に頼らず、眼差しと全身で揺れ動く感情を伝え、抑制の利いた表現のなかに芯の強さを備えたヒロインを創り出し、確かな演技力を示した。 【最優秀新進監督賞】 中川駿監督：人生の岐路に立つ息子と難病を抱える母親、2人とつながる人々の、一人ひとりの心の距離を静かに丁寧に描き出した。やがて迎えたその日、想いが重なる瞬間に溢れ出す涙が、観る者を深く温かな感動で包み込んだ。 孫明雅監督：思春期の少女が、自分の世界を広げながら自身のルーツに深く関わる「朝鮮舞踊」を通じてアイデンティティに向き合う様子をみずみずしく描いた。家族や友達と過ごす日常を丁寧に描写し、観客に他者へ想いをめぐらす想像力を喚起させた。 【最優秀新進男優賞】 黒崎煌代：『急に具合が悪くなる』において、舞台と客席をはじめ、人を隔てるあらゆるものを軽やかに越えていく青年・智樹を演じ、2人の主人公を結びつける要となった。3時間を超える物語の重心を静かに支えたその存在感は、今後のさらなる飛躍を確信させた。 山時聡真：『90メートル』において、難病の母への想いに揺れ動く心優しい少年を、情感を細やかに込めて、真っすぐに演じ切った。母への尊敬と自分の胸の内を真摯に語る、一点の曇りもない眼差しに、背筋が伸びる思いがした。 【最優秀新進女優賞】 出口夏希：『ルックバック』において、創作の力を信じひたむきに描き続ける藤野を天真爛漫に体現した。のびやかに自由に生み出される表現は作品の魅力を加速させる。 南琴奈：凛とした佇まいのなかに、心の深い奥行きを感じさせる演技で、多彩な役柄を自然な空気感で表現した。『90メートル』においては、何気ない日常のやり取りの隅々に優しさを滲ませ、飾らない言葉でそっと主人公の背中を押す姿に、観る者も心をほどかれた。 【Not Sponsored 記事】 modelpress,[],[]
佐藤大樹・松田元太・鈴木愛理・櫻井優衣「ベンザブロック」新CM出演…仲良し2組の特別コンテンツも公開予定 綾瀬はるかは15年目（モデルプレス）,https://news.yahoo.co.jp/articles/2b1a0cb077b305b303f806bdfcf094de06273924,https://newsatcl-pctr.c.yimg.jp/t/amd-img/20261002-04852761-mdpr-000-1-view.jpg?exp=10800,2026-10-02T04:00:02+09:00,2026-10-02T04:00:02+09:00,モデルプレス,mdpr,モデルプレス,2529,（左から）佐藤大樹、松田元太、鈴木愛理、櫻井優衣「ベンザブロック プレミアムDX」シリーズ新TVCM（提供写真）（（C）モデルプレス） 【モデルプレス＝2026/10/02】女優の綾瀬はるか、FANTASTICSの佐藤大樹、Travis Japanの松田元太、歌手で俳優の鈴木愛理、FRUITS ZIPPERの櫻井優衣が出演するアリナミン製薬株式会社「ベンザブロック プレミアムDX」シリーズの新TVCMに出演。10月2日より順次全国で放映される。 【写真】ふるっぱーが「アイドル人生における憧れ」と語る人物 ◆松田元太ら「ベンザブロック」新CM登場 新TVCM では、CM出演15年目となる綾瀬とともに、今シリーズは佐藤、松田、鈴木、櫻井が症状別に登場。「瞬速」をテーマに、佐藤、松田、鈴木、櫻井がそれぞれ“鼻・のど・熱・せき”の症状を担当し、風邪のつらい症状に立ち向かう姿をパワフルかつ先進的に描く。綾瀬の15年目ならではの安定感と明るい笑顔と新たに加わった4人それぞれの魅力を通して、“症状別”の世界観を表現している。 新TVCMの公開に合わせて、X・Instagram・TikTokそれぞれの「ベンザブロック」公式アカウントでは、CMと連動したキャンペーンをはじめ、各出演者による特別コンテンツや、撮影時のオフショットなどを順次公開予定。以前から親交のある佐藤と松田、鈴木と櫻井のそれぞれの仲の良さが垣間見える特別コンテンツも公開される。 ◆綾瀬はるか、15年目CMの撮影で息ぴったり CM出演15 年目の綾瀬。撮影はスタッフとも息の合った様子でスムーズに進行した。細やかな表情の演技にはスタッフから思わず絶賛の声が上がった。終始、綾瀬の笑顔で明るい雰囲気に包まれた現場では、「瞬速」を「しゅんしょく」と言い間違えてしまい、本人もスタッフも思わず笑顔になる和やかな一幕もあった。 ◆佐藤大樹＆松田元太、半年ぶりの再会喜ぶ 佐藤と松田は以前から親交があり、撮影当日は約半月ぶりの再会を喜ぶ姿も見られた。松田にとって佐藤は「お兄ちゃんのような存在」とのことで、撮影中も安心感のあるリラックスした様子。一方、佐藤は、松田について「本当に普段からこのまま。いつも楽しんでいて微笑ましい」と語るなど、お互いの親しい関係性が垣間見えた。佐藤は撮影トップバッターとして朝から現場入り。黄色のベンザ「鼻」の症状を担当し、鼻がムズムズする仕草にもこだわりながら、細かな表現を重ねて撮影に臨んだ。松田は爽やかな笑顔でスタッフに挨拶し、和やかに撮影スタート。銀のベンザで「のど」の痛みを表現するシーンでは一転、キリッとした表情を見せ、演技に入り込む切り替えの速さが印象的だった。 ◆鈴木愛理、櫻井優衣に“フライング”報告 櫻井にとって、鈴木は「アイドル人生における憧れ」と語るほどの存在だが、CMでの共演は初めて。普段から連絡は取り合っているものの、実際に会うのは久しぶりだったそう。マネージャーからCM共演を聞く前に、鈴木が思わず“フライング”で櫻井に連絡してしまったという微笑ましいエピソードも明かした。初の単独CM出演となる櫻井は、「その“初めて”を鈴木さんと一緒に迎えられることが宝物ですし、本当に幸せです」と喜びをコメント。鈴木も、親交のある櫻井との共演に「安心感もありますし、親心のような気持ちもあって、とても嬉しかったです」と語り、お互いへの信頼と親しさが伝わった。 櫻井は現場入りからお決まりの挨拶でスタッフを笑顔にし、撮影中も終始ニコニコと明るい雰囲気に。緑のベンザ「せき」のシーンでは、顔の角度、手の位置など細かな調整にも丁寧に応えながら撮影に臨んだ。鈴木はキラキラの笑顔でスタッフと談笑しながら、和やかに撮影をスタート。青のベンザ「熱」の症状でつらそうな表情から爽快感のある演技までスムーズにこなし、撮影の合間にも笑顔と気遣いを見せるなど、楽しい雰囲気の中で撮影を終えた。（modelpress編集部） ◆綾瀬はるかインタビュー ― 撮影を終えての感想を教えてください。 綾瀬：今回も楽しくスムーズに撮影でき、またこの季節が来たなと感じました。 ― 「ベンザブロック」のCM 出演は15年目となりますが、振り返ってみてのお気持ちを教えてください。 綾瀬：15年もお世話になっていると思うと、すごく長かったなと驚きの気持ちです。毎年撮影できることが嬉しいですし、15年の間に様々な撮影をさせていただくなかで、どんどん進化を遂げてきているので、毎年どんなCMになるのかが楽しみです。 ― 風邪をひかないための体調管理ルーティーンはありますか？ 綾瀬：身体を冷やさないこと、よく寝ること、できれば湯船につかるということです。 ― 「瞬速」で時間が過ぎてしまうほど夢中になっていることはありますか？ 綾瀬：映画やドラマを見ていると瞬速ですね。最近は海外のスパイ系のドラマにハマっています。家族や友達とお食事を楽しく囲む時間もあっという間に過ぎるなと感じています。 ◆佐藤大樹＆松田元太インタビュー ― 風邪をひきそうだなと感じた時にすぐに元気になる秘訣はありますか？ 松田：「風邪っぽいな」と思ったら、まずは一度受け入れて、“免疫を高めるポーズ”をします（笑）。そうすると元気になるんです！やっぱりメンタルが大事ですね。 佐藤：体調を崩しそうだなと思った時は、サウナに行きます！3セット入るのがお決まりで、12分・8分・8分。（松田へ）一緒に行きたいね！ ◆鈴木愛理＆櫻井優衣インタビュー ― 風邪をひきそうだなと感じた時にすぐに元気になる秘訣はありますか？ 櫻井：ライブをすると無敵！風邪をひきそうだなと思ってもライブをしたら元気になります。 鈴木：いつ、どんな時に体調を崩しても大丈夫なように、常備薬は準備しています。自分でも体調の変化には敏感な方だと思っていて、体調を崩しそうだなと感じる一歩手前から、自分を労るようにしています。よく寝る、よく笑うなど、早めに対処することが大切だと思います。 【Not Sponsored 記事】 modelpress,[],[]
櫻坂46藤吉夏鈴「ほろよい」新WEBムービー出演決定 思わず踊り出す若手社員を熱演で“ダサカワ”ダンス披露（モデルプレス）,https://news.yahoo.co.jp/articles/770e8101e4fc8d6e9e047eaaf32f545244854167,https://newsatcl-pctr.c.yimg.jp/t/amd-img/20261002-04852759-mdpr-000-1-view.jpg?exp=10800,2026-10-02T00:00:04+09:00,2026-10-02T00:00:04+09:00,モデルプレス,mdpr,モデルプレス,2425,藤吉夏鈴「ほろよい」新WEBムービー「ほめられた」篇（提供写真）（（C）モデルプレス） 【モデルプレス＝2026/10/02】櫻坂46の藤吉夏鈴が出演する「ほろよい」の新WEBムービー「ほめられた」篇が公開。仕事に奮闘する若手社員を演じる。 【写真】櫻坂人気メン「スタイル神」ハーフデニムコーデ ◆藤吉夏鈴「ほろよい」WEBムービー出演 今回、藤吉が演じるのは、仕事に奮闘する若手社員。慣れない環境の中で失敗したり戸惑ったりしながらも、先輩からの何気ない一言でほめられたことを実感し、少しずつ気持ちが前向きになっていく一日を描く。 見どころは、普段のステージで見せるクールで力強いパフォーマンスとは一味違う、藤吉のコミカルな表情と“ダサカワ”なダンスだ。オリジナル楽曲に合わせて、オフィスや街中、バス停、コンビニ、公園などを舞台に、嬉しくて思わず心が弾む主人公の姿をリズミカルに表現している。 仕事を終えた主人公が帰宅途中にコンビニで「ほろよい」を手に取り、一日の出来事を振り返るラストシーンにも注目。頑張った自分を少しだけほめながら、一日の締めくくりに、「ほろよい」とともに心地よく過ごすひとときを描いている。 ◆藤吉夏鈴、“ダサカワ”ダンス披露 毎日を頑張る中で、思うようにいかず落ち込んだり、自信をなくしたりする瞬間は少なくない。そんなとき、誰かからの何気ない一言や、自分の頑張りに気づいてもらえた瞬間など、気持ちがふっと軽くなるような出来事がある。 本ムービーでは、そうした日常の中にある“ほめられた”瞬間に着目。仕事の中で感じる戸惑いや緊張だけでなく、周囲からの何気ない一言をきっかけに「今日も頑張ってよかった」と思える若手社員の一日を描いた。そして、そんな主人公の感情を表現するのが、オリジナル楽曲と“ダサカワ”なダンス。藤吉が普段のステージではなかなか見せない、ちょっぴりコミカルで親しみやすい姿を楽しめるWEBムービーとなっている。新しい環境で頑張る人が、一日の終わりに自分自身を少しだけ認められるような心地よい時間を、「ほろよい」とともに届ける。 ◆藤吉夏鈴出演、WEBムービーストーリー 仕事にも少しずつ慣れてきたものの、まだまだ若手社員として奮闘する主人公。ある日も、仕事でミスをしてしまったり、先輩とのやり取りに戸惑ったりと、なかなか思うようにはいかない。そんな中、先輩社員から「頼りになるなぁ」と何気ない行動をほめてもらい、思わずうれしくなる出来事が続く。「私、今日ちょっとほめられちゃったかも」そんな気持ちがふっと弾み、思わず踊りながら歩いてしまう主人公。一日の終わり、帰宅途中にコンビニへ立ち寄り「ほろよい」を手に取って、今日一日の出来事を振り返る。頑張った自分を少しだけほめながら、「ほろよい」とともに心地よい時間を過ごす、日常の中にある、ちょっとうれしい瞬間を描いた物語だ。（modelpress編集部） ◆藤吉夏鈴インタビューコメント Q. 今日の撮影の感想を教えてください。 藤吉：コミカルな動きやダンスが多くて、普段ダンスをやらせてもらっているので「上手くできすぎちゃったらどうしよう」と思っていたのですが（笑）、意外と上手くできなくて、良いコミカル具合が出せたんじゃないかと思います。 Q. 今回の新WEBムービーの出演が決まったときのお気持ちはいかがでしたか？ 藤吉：私自身お酒が好きで、普段から「ほろよい〈白いサワー〉」などをよく飲ませていただいています。出演が決まったときはとても嬉しかったです！ Q. 今回は踊りながら歩く、“ダサカワ”なダンスが印象的でした。普段の迫力のあるステージダンスと違った、日常のウキウキ感を表現するダンスで、意識したポイントや難しかったところはありますか？ 藤吉：普段、表情が真顔な人なので、茶目っ気のある表情を現場の皆さんとつくることができて楽しかったです。 Q. 普段「ほろよい」をどのようなシーンで飲むことが多いですか？また、おすすめのフレーバーやおすすめの楽しみ方があれば教えてください。 藤吉：フルーツ系など甘いフレーバーが多いので、ご飯を食べ終わった後のデザートとして飲むことが多いです。おすすめのフレーバーは、私がはじめて飲んだお酒が「ほろよい〈白いサワー〉」だったので、今でも思い出深くおすすめです。おうちでリラックスしたい時や、チョコレートなどと一緒にデザートタイムとして楽しんでください！ Q. WEBムービーのテーマは「ほめられた日」ですが、藤吉さんが最近、だれかにほめられて思わず踊りたくなるくらい嬉しくなったエピソードはありますか。 藤吉：櫻坂46に所属して8年目になりますが、キャリアを重ねるとほめられる機会が減ってくるので、寂しいなと思うこともあります。でも、ファンの方々はずっとほめ続けてくれます。ライブでファンの皆さんがタオルや「ピースして」と持ってくれていて、私が手を振ったら、「かわいい！」とほめられて、舞い上がっちゃいました。 Q. 櫻坂46のメンバー内で「お互いをほめ合う習慣」や、グループ独特の「ほめ文化」はありますか？ 藤吉：あります！ツアーの時はみんな髪型をアレンジしたりするので、「可愛いね」と言い合ったり、リクエストし合ったりしています。特に田村保乃や山﨑天はすごくほめてくれるので、私も2人にほめられた髪型を参考にしたりしています。 Q．今回演じられた若手社員のように、新しい環境で頑張っているみなさんへ、メッセージをお願いいたします。 藤吉：覚えることも多く、環境に慣れるまでは大変なことばかりだと思います。そんな時こそ、おうちに帰った時に「ほろよい」を飲んだり音楽を聴いたりしてほっと一息ついて、自分をちゃんとほめながら頑張ってください。応援しています！ 【Not Sponsored 記事】 modelpress,[],[]
