headline,mainEntityOfPage,image,datePublished,dateModified,author,media_en,media_jp,str_count,body,images,external_links
〔米株式〕ダウもみ合い、64ドル安＝ナスダックは高い（16日午前）（時事通信）,https://news.yahoo.co.jp/articles/2fb3c7477ecbb89d53c8574fe4d0ec847af859df,https://newsatcl-pctr.c.yimg.jp/t/amd-img/default.jpg?exp=10800,2026-09-16T23:30:14+09:00,2026-09-16T23:34:09+09:00,時事通信,jij,時事通信,546,"【ニューヨーク時事】16日午前のニューヨーク株式相場は、午後の米金融政策決定が注目される中、もみ合いとなっている。優良株で構成するダウ工業株30種平均は午前10時現在、前日終値比64．07ドル安の5万2029．04ドル。ハイテク株中心のナスダック総合指数は187．44ポイント高の2万6169．01。
　米連邦準備制度理事会（FRB）はこの日午後に連邦公開市場委員会（FOMC）の協議結果を公表する。市場ではFRBが今会合で利上げに動くとほぼ織り込み済み。会合後に発表されるFOMC声明やウォーシュFRB議長の記者会見が注視される中、相場は売りがやや先行している。
　一方、米商務省が朝方発表した8月の小売売上高は前月比1．2％増加と、市場予想（0．8％増加＝ロイター通信調べ）を上回った。変動の激しい自動車・同部品を除くと1．4％増加となり、予想（0．5％増加）を上回った。米消費の底堅さが示唆され、株の下値を支えている。
　米原油先物相場や米長期金利の上昇が一服していることも投資家心理の改善につながっている。
　ダウ構成銘柄では、アメリカン・エキスプレスやIBMがそれぞれ2％超安。シェブロン、マクドナルドも安い。一方、ハネウェル・テクノロジーズやエヌビディアなどが堅調に推移している。",[],[]
〔米株式〕ダウもみ合い、42ドル安＝ナスダックは高い（16日朝）（時事通信）,https://news.yahoo.co.jp/articles/89e6cf6ca18c5abe0a9869c01ee46212db4581f5,https://newsatcl-pctr.c.yimg.jp/t/amd-img/default.jpg?exp=10800,2026-09-16T23:00:24+09:00,2026-09-16T23:26:10+09:00,時事通信,jij,時事通信,149,【ニューヨーク時事】16日のニューヨーク株式相場は、午後の米金融政策決定が注目される中、もみ合いで始まった。優良株で構成するダウ工業株30種平均は午前9時35分現在、前日終値比42．89ドル安の5万2050．22ドル。ハイテク株中心のナスダック総合指数は122．93ポイント高の2万6104．50。,[],[]
マリアナ諸島付近で台風25号発生　北上し、小笠原諸島に接近か　気象庁（時事通信）,https://news.yahoo.co.jp/articles/b02f2a2cda80b97b27c02b19e301b758efe63dd7,https://newsatcl-pctr.c.yimg.jp/t/amd-img/default.jpg?exp=10800,2026-09-16T22:51:19+09:00,2026-09-17T00:02:58+09:00,時事通信,jij,時事通信,180,"気象庁は16日、マリアナ諸島付近の海上で午後9時に大型の台風25号が発生したと発表した。

　今後北上し、18日にかけて小笠原諸島に接近する恐れがある。

　25号は16日午後9時、マリアナ諸島付近の海上を時速15キロで北北東へ進んだ。中心気圧は998ヘクトパスカル、最大風速18メートル。北側950キロ以内と南側440キロ以内が風速15メートル以上の強風域。",[],[]
オリックス、Bクラス確定　プロ野球（時事通信）,https://news.yahoo.co.jp/articles/fc01e879c4ce42c61c7ef68a5c563939a28b6f23,https://newsatcl-pctr.c.yimg.jp/t/amd-img/20260916-00000223-jij-000-6-view.jpg?exp=10800,2026-09-16T22:49:42+09:00,2026-09-17T00:02:58+09:00,時事通信,jij,時事通信,244,"力投するオリックス先発の九里＝１６日、京セラドーム
オリックスは2年ぶりのBクラスが確定した。

　先発の九里が6回無失点。救援陣も踏ん張り0―0の延長戦に持ち込んだが、十回にソフトバンク打線に捕まった。
【写真特集】プロ野球の歴代首位打者
好スタートを切り春先は上位で戦った。だが、エースの宮城が負傷離脱するなど戦力が整わず、交流戦から徐々に順位が後退。借金も膨らんだ。

　山中や来田ら力を伸ばしている若手もいる。岸田監督は「現状を受け止め、立て直していかなければいけない」と話した。",[],[]
ソフトバンク、ついにM2　投手陣ゼロでつなぐ―プロ野球（時事通信）,https://news.yahoo.co.jp/articles/cf754319731ea3e912350bc5cceb4eeb67299ee1,https://newsatcl-pctr.c.yimg.jp/t/amd-img/20260916-00000222-jij-000-5-view.jpg?exp=10800,2026-09-16T22:42:14+09:00,2026-09-16T23:01:07+09:00,時事通信,jij,時事通信,455,"６回、ピンチを抑えて雄たけびを上げるソフトバンク先発の上沢＝１６日、京セラドーム
苦しい展開を乗り越え、ソフトバンクが優勝マジックを2とした。

　0―0の延長十回無死一、二塁で、4番栗原が決勝打。小久保監督は「よく打ってくれた」とたたえた。
【写真特集】プロ野球の歴代首位打者
毎回のように走者を出しながらも、あと一本が出なかった。四回は先頭の柳町の安打と敵失で無死一、二塁としたが、谷川原が送りバントを決められず三振。牧原大、庄子も倒れ、一、三回に続いて好機を生かせなかった。

　打線の援護がない中で、先発の上沢が粘った。毎回安打を許しながらも、6回無失点。四回は2死満塁、六回は2死一、三塁のピンチを切り抜けて雄たけびを上げ、「無失点で投げ終えることができてよかった」と一息ついた。七回以降は救援陣もゼロを並べ、勝利を手繰り寄せた。

　17日の試合に勝ち、西武が負ければ3連覇が決まる。「僕らは僕らのやることをやるだけ」と小久保監督。シーズンの佳境で今季最長の8連勝。勢いのまま、歓喜の瞬間に向かう。",[],[]
サチ元大統領に禁錮２５年（時事通信）,https://news.yahoo.co.jp/articles/7422298c1291ce2def2cfdacaee267d59a597115,https://newsatcl-pctr.c.yimg.jp/t/amd-img/20260916-00000221-jij-000-2-view.jpg?exp=10800,2026-09-16T22:34:28+09:00,2026-09-16T22:37:38+09:00,時事通信,jij,時事通信,114,"写真：時事通信社
写真説明：１９９０年代末の旧ユーゴスラビア・コソボ紛争を巡り、オランダ・ハーグの特別法廷は１６日、戦争犯罪などに問われたコソボのサチ元大統領（５８）に禁錮２５年の判決を言い渡した＝２０２０年撮影　【AFP時事】",[],[]
〔NY外為〕円、155円台前半（16日朝）（時事通信）,https://news.yahoo.co.jp/articles/fb1030bbda030dab59709d4961bd7a3f510232f8,https://newsatcl-pctr.c.yimg.jp/t/amd-img/default.jpg?exp=10800,2026-09-16T22:30:19+09:00,2026-09-16T22:34:33+09:00,時事通信,jij,時事通信,491,"【ニューヨーク時事】16日午前のニューヨーク外国為替市場では、米連邦準備制度理事会（FRB）の金融政策決定を午後に控えて、円相場は1ドル＝155円台前半で小動きとなっている。午前9時現在は155円20～30銭と、前日午後5時（155円05～15銭）比15銭の円安・ドル高。
　米利上げ観測の高まりを背景とした米長期金利の上昇が一服し、円は海外市場を通じて底堅く推移。ニューヨーク市場入り後に発表された8月の米小売売上高は前月比1．2％増と、市場予想の0．8％増を上回ったが、相場の反応は限られている。
　FRBは午後、連邦公開市場委員会（FOMC）の協議結果を公表する。市場は既に約3年ぶりの利上げを広く織り込んでおり、ウォーシュFRB議長の記者会見での発言や、会合参加者が示す最新の政策金利見通し分布「ドットプロット」から、今後の金利動向を探りたいとの思惑が広がっている。
　ユーロは同時刻現在、対ドルで1ユーロ＝1．1530～1540ドル（前日午後5時は1．1536～1546ドル）、対円では同179円00～10銭（同178円93銭～179円03銭）と、07銭の円安・ユーロ高。",[],[]
マウンドに集まるオリックスナイン（時事通信）,https://news.yahoo.co.jp/articles/dcf2d82ba35a6d9e54305e1edd436e89b8d0e428,https://newsatcl-pctr.c.yimg.jp/t/amd-img/20260916-00000220-jij-000-2-view.jpg?exp=10800,2026-09-16T22:23:49+09:00,2026-09-16T22:26:14+09:00,時事通信,jij,時事通信,89,"写真：時事通信社
写真説明：プロ野球。延長１０回、ソフトバンクの栗原に先制適時打を許し、マウンドに集まるオリックスナイン。中央は５番手の岩崎＝１６日、京セラドーム　【時事通信社】",[],[]
高井幸大「たくさん試合に出る」　ベルギー・サッカー（時事通信）,https://news.yahoo.co.jp/articles/bbacbc512372c55a9e124f84b5ed004f44cca241,https://newsatcl-pctr.c.yimg.jp/t/amd-img/default.jpg?exp=10800,2026-09-16T22:17:08+09:00,2026-09-16T22:23:44+09:00,時事通信,jij,時事通信,264,"サッカーのイングランド・プレミアリーグ、トットナムからベルギー1部リーグのシントトロイデンに期限付き移籍したDF高井幸大が16日、オンラインで記者会見した。

　出場機会を求めた決断と明かし、「今季はたくさん試合に出て、いいシーズンを送れるように頑張りたい」と意気込みを語った。

　昨年7月にJ1川崎からトットナムへ渡り、途中からボルシアMG（ドイツ）へ期限付き移籍したものの、出場機会には恵まれなかった。「ここでは必ず試合に出ないといけない。たくさんチームに貢献したい」と気持ちを新たにし、日本代表復帰にも意欲をにじませた。",[],[]
香港に勝利した日本代表　アジア大会（時事通信）,https://news.yahoo.co.jp/articles/c560fa91b5c1bea8756c90d063ce1b3701fc7c98,https://newsatcl-pctr.c.yimg.jp/t/amd-img/20260916-00000218-jij-000-2-view.jpg?exp=10800,2026-09-16T22:13:34+09:00,2026-09-16T22:16:12+09:00,時事通信,jij,時事通信,65,"写真：時事通信社
写真説明：サッカー男子１次リーグで香港に勝利した日本代表の選手たち＝１６日、愛知・豊田スタジアム　【時事通信社】",[],[]
喜ぶソフトバンクナイン　プロ野球（時事通信）,https://news.yahoo.co.jp/articles/7160cecb68ec52dba59abecd8e733be482e05478,https://newsatcl-pctr.c.yimg.jp/t/amd-img/20260916-00000217-jij-000-2-view.jpg?exp=10800,2026-09-16T22:13:34+09:00,2026-09-16T22:16:11+09:00,時事通信,jij,時事通信,54,"写真：時事通信社
写真説明：オリックスに勝利し、喜ぶソフトバンクナイン＝１６日、京セラドーム　【時事通信社】",[],[]
「よど号」赤木容疑者死亡か（時事通信）,https://news.yahoo.co.jp/articles/6c7457ff484d97ee4ee16f3f312a4983274df03f,https://newsatcl-pctr.c.yimg.jp/t/amd-img/20260916-00000216-jij-000-4-view.jpg?exp=10800,2026-09-16T22:13:33+09:00,2026-09-16T22:28:39+09:00,時事通信,jij,時事通信,121,"写真：時事通信社
写真説明：１９７０年の「よど号」ハイジャック事件の実行メンバーで、国際手配されていた赤木志郎容疑者が、滞在先の北朝鮮で死亡したとみられることが１６日、支援者への取材で分かった＝よど号グループのウェブサイトより　【時事通信社】",[],[]
「よど号」赤木容疑者死亡か　国際手配中、滞在先の北朝鮮で（時事通信）,https://news.yahoo.co.jp/articles/cdcb65066e2178e37d803226c22658a746f876d8,https://newsatcl-pctr.c.yimg.jp/t/amd-img/20260916-00000215-jij-000-17-view.jpg?exp=10800,2026-09-16T22:08:41+09:00,2026-09-16T22:38:29+09:00,時事通信,jij,時事通信,665,"赤木志郎容疑者（よど号グループのウェブサイトより）
1970年の日航機「よど号」ハイジャック事件の実行メンバーで、国際手配されていた赤木志郎容疑者（78）が、滞在先の北朝鮮で死亡したとみられることが16日、支援者への取材で分かった。
【写真】国際手配中の日本赤軍（警視庁のホームページから）
警察当局もこうした情報を把握しており、確認を進めている模様。

　支援者によると、赤木容疑者は平壌郊外で、魚本（旧姓安部）公博容疑者（78）ら実行メンバーや、赤軍派の故田宮高麿元幹部の妻ら計5人と一緒に生活していた。持病を抱え入退院を繰り返していたが、12日に心不全のため平壌の病院で死亡した。現地から関係者を通じて連絡があったという。

　事件では、田宮元幹部ら9人が70年3月、日本刀などで武装し、羽田発福岡行きのよど号（乗員乗客129人）を乗っ取った。福岡空港と韓国・金浦空港で乗客らを解放後、北朝鮮に渡った。

　警察当局は、国外移送略取容疑などで国際手配しているが、実行メンバーで現在も北朝鮮に残るのは魚本容疑者と、小西隆裕（82）、若林盛亮（79）両容疑者の計3人とみられる。田宮元幹部ら2人は北朝鮮で病死し、田中義三元受刑者ら2人は逮捕されて服役し、その後死亡した。岡本武容疑者については北朝鮮で死亡したとの情報があるが、警察は生死不明として国際手配を継続している。

　田宮元幹部の妻ら2人と魚本容疑者は、有本恵子さん＝失踪当時（23）＝や石岡亨さん＝同（22）＝らを拉致したとして、結婚目的誘拐容疑で国際手配されている。",[],[]
シュートを放つ黒川　アジア大会（時事通信）,https://news.yahoo.co.jp/articles/a5d6ac87e5d49e8a88e44d64dd1be27f489ae067,https://newsatcl-pctr.c.yimg.jp/t/amd-img/20260916-00000214-jij-000-2-view.jpg?exp=10800,2026-09-16T22:03:45+09:00,2026-09-16T22:05:51+09:00,時事通信,jij,時事通信,72,"写真：時事通信社
写真説明：バスケットボール男子準々決勝、台湾戦の第４クオーター、シュートを放つ黒川＝１６日、愛知・ＩＧアリーナ　【時事通信社】",[],[]
攻め込む黒川　アジア大会（時事通信）,https://news.yahoo.co.jp/articles/112cd6fc1db55785a451cd53bc66115fb30b4fb6,https://newsatcl-pctr.c.yimg.jp/t/amd-img/20260916-00000213-jij-000-2-view.jpg?exp=10800,2026-09-16T22:03:45+09:00,2026-09-16T22:05:51+09:00,時事通信,jij,時事通信,77,"写真：時事通信社
写真説明：バスケットボール男子準々決勝、台湾戦の第４クオーター、ドリブルで攻め込む黒川（左）＝１６日、愛知・ＩＧアリーナ　【時事通信社】",[],[]
迎えられる栗原　プロ野球（時事通信）,https://news.yahoo.co.jp/articles/116012091efd72aeb2ff79a8a9b7da19e60186d8,https://newsatcl-pctr.c.yimg.jp/t/amd-img/20260916-00000212-jij-000-2-view.jpg?exp=10800,2026-09-16T22:03:44+09:00,2026-09-16T22:05:51+09:00,時事通信,jij,時事通信,92,"写真：時事通信社
写真説明：オリックス―ソフトバンク。延長１０回、山本祐の犠飛で生還し、チームメートに迎えられるソフトバンク三塁走者の栗原（中央）＝１６日、京セラドーム　【時事通信社】",[],[]
ソフトバンク、今季初8連勝　プロ野球・オリックス0―4ソフトバンク（時事通信）,https://news.yahoo.co.jp/articles/779469fbac47c23a9fd45ddb200752ffcbf7b215,https://newsatcl-pctr.c.yimg.jp/t/amd-img/20260916-00000211-jij-000-6-view.jpg?exp=10800,2026-09-16T22:01:40+09:00,2026-09-16T22:13:08+09:00,時事通信,jij,時事通信,160,"延長１０回、先制の適時打を放つソフトバンクの栗原＝１６日、京セラドーム
ソフトバンクが延長戦を制し、今季初の8連勝。

　0―0の十回に均衡を破る4点。栗原、柳町が連続適時打を放ち、山本祐と代打川瀬の犠飛で畳み掛けた。4番手のヘルナンデスが今季初勝利。オリックスは4位以下が確定した。
【写真特集】プロ野球の歴代首位打者",[],[]
雄たけびを上げる上沢　プロ野球（時事通信）,https://news.yahoo.co.jp/articles/25a22e2c21810bccba392403e3f21b25f3aaa08b,https://newsatcl-pctr.c.yimg.jp/t/amd-img/20260916-00000210-jij-000-2-view.jpg?exp=10800,2026-09-16T21:58:00+09:00,2026-09-16T22:00:34+09:00,時事通信,jij,時事通信,75,"写真：時事通信社
写真説明：オリックス―ソフトバンク。６回、ピンチを抑えて雄たけびを上げるソフトバンク先発の上沢＝１６日、京セラドーム　【時事通信社】",[],[]
サッカーは白星発進　アジア大会（時事通信）,https://news.yahoo.co.jp/articles/0017254008ff713aacf41c5351a7acd77b7e3fb4,https://newsatcl-pctr.c.yimg.jp/t/amd-img/20260916-00000209-jij-000-2-view.jpg?exp=10800,2026-09-16T21:57:59+09:00,2026-09-16T22:00:34+09:00,時事通信,jij,時事通信,110,"写真：時事通信社
写真説明：サッカー男子の１次リーグＡ組は、Ｕ２１（２１歳以下）代表の日本が香港を２―０で退け、白星発進した。写真は前半、先制のゴールを決め、喜ぶ石井（中央）＝１６日、愛知・豊田スタジアム　【時事通信社】",[],[]
11、12月にブラジル戦　なでしこジャパン（時事通信）,https://news.yahoo.co.jp/articles/2a28573cc6ef529d6beb792f30acb3d1b2ae1214,https://newsatcl-pctr.c.yimg.jp/t/amd-img/default.jpg?exp=10800,2026-09-16T21:53:18+09:00,2026-09-16T22:13:07+09:00,時事通信,jij,時事通信,144,"日本サッカー協会は16日、日本女子代表（なでしこジャパン）が11月と12月に予定していた国際親善試合の相手が、いずれもブラジル女子代表に決まったと発表した。

　11月29日はエディオンピースウイング広島で午後1時55分、12月5日は岡山・JFE晴れの国スタジアムで午後3時にキックオフ。",[],[]
適時二塁打を放つ柳町　プロ野球（時事通信）,https://news.yahoo.co.jp/articles/d56566787549f7894e12fd7843d34b83e2cf7264,https://newsatcl-pctr.c.yimg.jp/t/amd-img/20260916-00000207-jij-000-2-view.jpg?exp=10800,2026-09-16T21:48:33+09:00,2026-09-16T21:52:24+09:00,時事通信,jij,時事通信,69,"写真：時事通信社
写真説明：オリックス―ソフトバンク。延長１０回、適時二塁打を放つソフトバンクの柳町＝１６日、京セラドーム　【時事通信社】",[],[]
ゴールを決め喜ぶ永野　アジア大会（時事通信）,https://news.yahoo.co.jp/articles/4b9108969b5fb98f77ed22b07586752cb299e63e,https://newsatcl-pctr.c.yimg.jp/t/amd-img/20260916-00000206-jij-000-2-view.jpg?exp=10800,2026-09-16T21:48:33+09:00,2026-09-16T21:52:24+09:00,時事通信,jij,時事通信,70,"写真：時事通信社
写真説明：サッカー男子１次リーグ、香港戦の後半、ゴールを決め、喜ぶ永野（右）＝１６日、愛知・豊田スタジアム　【時事通信社】",[],[]
オリックス０―４ソフトバンク（時事通信）,https://news.yahoo.co.jp/articles/b8956514425ca33f8f93540fa95864810daa37ac,https://newsatcl-pctr.c.yimg.jp/t/amd-img/20260916-00000205-jij-000-3-view.jpg?exp=10800,2026-09-16T21:48:32+09:00,2026-09-16T22:16:12+09:00,時事通信,jij,時事通信,112,"写真：時事通信社
写真説明：プロ野球。ソフトバンクが延長戦を制し、今季初の８連勝。０―０の１０回に均衡を破る４点。栗原（写真）、柳町が連続適時打を放ち、山本祐と代打川瀬の犠飛で畳み掛けた＝１６日、京セラドーム　【時事通信社】",[],[]
バスケット男子が4強入り　サッカー、バレーは白星発進―愛知・名古屋アジア大会（時事通信）,https://news.yahoo.co.jp/articles/128114871c3b1d0dbff347444a214c89aa82e912,https://newsatcl-pctr.c.yimg.jp/t/amd-img/20260916-00000204-jij-000-4-view.jpg?exp=10800,2026-09-16T21:37:35+09:00,2026-09-16T22:13:07+09:00,時事通信,jij,時事通信,270,"バスケットボール男子準々決勝、台湾戦の第２クオーター、シュートする小川（右）＝１６日、愛知・ＩＧアリーナ
愛知・名古屋アジア大会（19日開幕）は16日、開幕前の競技が行われ、バスケットボール男子準々決勝で日本は台湾を85―78で下した。
【写真特集】サッカー・ワールドカップ　歴代日本代表全選手～ゴン・井原から久保建英まで～
18日の準決勝で中国と対戦する。

　サッカー男子の1次リーグA組は、U21（21歳以下）代表の日本が香港を2―0で退け、白星発進した。バレーボールは女子1次リーグが始まり、A組の日本はネパールに3―0で快勝した。",[],[]
写真撮影するネパールの選手たち（時事通信）,https://news.yahoo.co.jp/articles/eae2e4446d32df3b0fa6c20673187f493de6e946,https://newsatcl-pctr.c.yimg.jp/t/amd-img/20260916-00000203-jij-000-2-view.jpg?exp=10800,2026-09-16T21:32:59+09:00,2026-09-16T21:36:19+09:00,時事通信,jij,時事通信,85,"写真：時事通信社
写真説明：アジア大会。バレーボール女子１次リーグ、日本戦を前に写真撮影するネパールの選手たち＝１６日、愛知・小牧市スポーツ公園総合体育館　【時事通信社】",[],[]
指示を出す大岩監督　アジア大会（時事通信）,https://news.yahoo.co.jp/articles/44551d9f5657de1eae455aaf52b9b8fa6c91e31e,https://newsatcl-pctr.c.yimg.jp/t/amd-img/20260916-00000202-jij-000-2-view.jpg?exp=10800,2026-09-16T21:32:59+09:00,2026-09-16T21:36:19+09:00,時事通信,jij,時事通信,65,"写真：時事通信社
写真説明：サッカー男子１次リーグ、香港戦の後半、指示を出す大岩監督＝１６日、愛知・豊田スタジアム　【時事通信社】",[],[]
ガザ、住宅ビル倒壊で２０人死亡（時事通信）,https://news.yahoo.co.jp/articles/7d8ca481af7aa35c8029d2b27e0e1499a5a29407,https://newsatcl-pctr.c.yimg.jp/t/amd-img/20260916-00000201-jij-000-3-view.jpg?exp=10800,2026-09-16T21:31:37+09:00,2026-09-16T22:37:00+09:00,時事通信,jij,時事通信,97,"写真：時事通信社
写真説明：パレスチナ自治区ガザの中心都市ガザ市で住宅ビルが倒壊し、ガザ当局は１６日、少なくとも２０人が死亡したと発表した。写真は、がれきを取り除く救助隊員＝同日　【AFP時事】",[],[]
陸自ヘリが消火活動　インドネシア（時事通信）,https://news.yahoo.co.jp/articles/26be0fee77225f7236895bf20286b1a54874e786,https://newsatcl-pctr.c.yimg.jp/t/amd-img/20260916-00000200-jij-000-2-view.jpg?exp=10800,2026-09-16T21:31:02+09:00,2026-09-16T21:34:18+09:00,時事通信,jij,時事通信,97,"写真：時事通信社
写真説明：インドネシアのカリマンタン島西部で１６日、陸上自衛隊のＣＨ４７輸送ヘリコプターによる森林火災の消火活動が始まった。写真は、離陸する陸自ヘリ＝防衛省提供　【時事通信社】",[],[]
〔NY外為〕円、155円近辺（16日午前8時）（時事通信）,https://news.yahoo.co.jp/articles/b2751e0608bbed94aaaf61495aafe2a90081676f,https://newsatcl-pctr.c.yimg.jp/t/amd-img/default.jpg?exp=10800,2026-09-16T21:30:22+09:00,2026-09-16T21:34:36+09:00,時事通信,jij,時事通信,187,"【ニューヨーク時事】16日のニューヨーク外国為替市場の円相場は、午前8時現在1ドル＝154円99銭～155円09銭と、前日午後5時（155円05～15銭）比06銭の円高・ドル安で推移している。
　ユーロは同時刻現在、対ドルで1ユーロ＝1．1531～1541ドル（前日午後5時は1．1536～1546ドル）、対円では同178円79～89銭（同178円93銭～179円03銭）。",[],[]
北朝鮮労働者、海外に10万人　中ロに集中、最大1240億円獲得（時事通信）,https://news.yahoo.co.jp/articles/501e623c3df88ea98cc7a9374fc2d1cff0b96751,https://newsatcl-pctr.c.yimg.jp/t/amd-img/20260916-00000199-jij-000-7-view.jpg?exp=10800,2026-09-16T21:11:18+09:00,2026-09-16T22:13:09+09:00,時事通信,jij,時事通信,579,"中国・北京の天安門広場に向かって歩く北朝鮮の金正恩朝鮮労働党総書記（右端）と習近平国家主席（右から２人目）、ロシアのプーチン大統領（同３人目）＝２０２５年９月（朝鮮通信・時事）
国連安全保障理事会の対北朝鮮制裁決議の履行状況を監視する「多国間制裁監視チーム（MSMT）」は16日、北朝鮮の海外労働者に関する報告書を公表した。
【写真特集】北朝鮮の軍事力～知られざる実力～
少なくとも17カ国に推定3万5600～10万1280人の労働者を送り、大半は中国とロシアに集中していると指摘した。

　報告書によると、2025年に獲得した収入は推計4億5千万～8億ドル（700億～1240億円）に上る。賃金の8～9割を北朝鮮当局が没収し、核・ミサイル開発の資金源になったとみている。

　中国では2万～7万人が、地理的に近い東北部の遼寧省、吉林省、黒竜江省を中心に製造、建設、IT、飲食などに従事。25年1月～26年1月に約1万人が新たに入国したという。

　ロシアには1万5千～3万人が派遣され、軍事用ドローン製造にも携わっていると分析。労働者を学生として偽装する仕組みがあると説明した。

　その他、東南アジアやアフリカの15カ国でそれぞれ10～数百人が就労している。安保理決議は加盟国に、自国内の北朝鮮労働者の送還を義務付けており、報告書はその即時履行を求めた。",[],[]
荘司康誠、節目の六回に奮起　初の規定到達も初完封も―プロ野球・楽天（時事通信）,https://news.yahoo.co.jp/articles/caaa4c7673edfd909aebc8aeff465428b60fadf9,https://newsatcl-pctr.c.yimg.jp/t/amd-img/20260916-00000198-jij-000-5-view.jpg?exp=10800,2026-09-16T21:01:31+09:00,2026-09-16T22:14:31+09:00,時事通信,jij,時事通信,551,"荘司康誠選手（球団提供）
プロ4年目での初完投を完封で飾った楽天の荘司は、節目のイニングでヤマ場を迎えた。
【写真特集】プロ野球の歴代首位打者
初の規定投球回（143）到達まで、あと6として臨んだ先発マウンドの六回にピンチを背負った。

　先頭の山口はバットを折りながらも左翼線に運ばれる二塁打。藤原は二ゴロで1死三塁となり、中軸を迎えた。3番西川はファウルで粘られたものの、最後は内角高めに150キロ超の速球を投げ込んで三振を奪った。

　4番の佐藤は、内角低めの厳しいコースへの落ちる球で空振り三振。143イニング目を無失点で踏ん張ると、グラブをたたいて雄たけびを上げた。「そこ（規定投球回）を一番の目標に掲げて今年は臨んでいた。達成できてすごくうれしい」
　新潟明訓高から立大を経て、ロッテとの競合の末にドラフト1位で2023年に楽天入り。昨季までは109回3分の2を投げて5勝を挙げた1年目が自己最高と、思うような成績ではなかった。

　ヒーローインタビューでは楽天ファンの陣取る左翼席に向け、「やっと皆さんが望んでいたような結果を残すことができた。これを続けていけるように頑張っていきたい」と誓った。規定投球回をクリアし、155奪三振は目下リーグトップ。25歳の右腕が一皮むけようとしている。",[],[]
柏、黒星スタート　神戸はアウェーで勝利―ACLサッカー（時事通信）,https://news.yahoo.co.jp/articles/e52af75aacb12e91103b78216c366c5f05071d82,https://newsatcl-pctr.c.yimg.jp/t/amd-img/default.jpg?exp=10800,2026-09-16T21:01:30+09:00,2026-09-16T23:19:06+09:00,時事通信,jij,時事通信,163,"【全州（韓国）時事】サッカーのアジア・チャンピオンズリーグ・エリート（ACLE）は16日、韓国の全州などで東地区1次リーグの第1戦が行われ、柏は敵地で全北（韓国）に1―2で敗れた。

　神戸はアウェーでポート（タイ）を2―1で下した。

　柏は前半に弓場のゴールで先制したが、後半に逆転された。神戸は同点の後半に武藤が決勝点。",[],[]
ネパールに勝利し喜ぶ日本　アジア大会（時事通信）,https://news.yahoo.co.jp/articles/27cec1c05d86db6f0bf5606ccb4b6937ad519a78,https://newsatcl-pctr.c.yimg.jp/t/amd-img/20260916-00000196-jij-000-2-view.jpg?exp=10800,2026-09-16T20:59:54+09:00,2026-09-16T21:02:03+09:00,時事通信,jij,時事通信,70,"写真：時事通信社
写真説明：バレーボール女子１次リーグ、ネパールに勝利し喜ぶ日本＝１６日、愛知・小牧市スポーツ公園総合体育館　【時事通信社】",[],[]
荘司がプロ初完封　プロ野球・ロッテ0―4楽天（時事通信）,https://news.yahoo.co.jp/articles/349fa46608bcd3ad6146aa341972edba335039de,https://newsatcl-pctr.c.yimg.jp/t/amd-img/default.jpg?exp=10800,2026-09-16T20:59:18+09:00,2026-09-16T22:11:47+09:00,時事通信,jij,時事通信,109,"楽天の荘司がプロ初完封で8勝目を挙げた。

　制球が安定して6安打、7奪三振、無四球。打線は一回、マッカスカーの二塁打で先制し、YG安田と繁永の適時打も出るなど計4点。ロッテは毛利が痛打を浴び、打線も援護できなかった。",[],[]
日本GPでスプリント初実施　来年は4月9～11日開催―F1（時事通信）,https://news.yahoo.co.jp/articles/e14a786fe2e424dae85a8b68763285af628d6ad0,https://newsatcl-pctr.c.yimg.jp/t/amd-img/default.jpg?exp=10800,2026-09-16T20:56:31+09:00,2026-09-16T22:11:47+09:00,時事通信,jij,時事通信,157,"自動車F1シリーズの2027年日程が16日に発表され、第4戦に入った日本グランプリ（GP、三重・鈴鹿サーキット）は4月9～11日に開催されることが決まった。

　約100キロの距離で争うスプリントを日本GPで初めて実施する。

　来季は3月中旬のバーレーンGPで開幕し、12月のアブダビGPまで計24戦が行われる。",[],[]
男女平等、日本117位　G7最下位続く　国際調査（時事通信）,https://news.yahoo.co.jp/articles/2afc9ea8c25b1bcb6d5f838533deaa7d142f2fe3,https://newsatcl-pctr.c.yimg.jp/t/amd-img/20260916-00000193-jij-000-5-view.jpg?exp=10800,2026-09-16T20:55:29+09:00,2026-09-16T22:11:56+09:00,時事通信,jij,時事通信,512,"世界経済フォーラム（ＷＥＦ）のロゴマーク（ＡＦＰ時事）
【ロンドン時事】世界経済フォーラム（WEF）は16日、世界各国の男女平等度を示す「ジェンダーギャップ指数」の2026年版を発表した。
【写真特集】サッカー・ワールドカップ　歴代日本代表全選手～ゴン・井原から久保建英まで～
日本の総合ランキングは調査対象145カ国のうち117位だった。前年から順位を一つ上げたものの、引き続き先進7カ国（G7）で最下位にとどまった。

　ランキングは政治、経済、教育、健康の4分野での平等度を指数化して比較。指数は完全に男女が平等な状態を100％とする。日本の総合指数は67．0％と、前年（66．6％）からわずかに改善した。「政治」分野は2ポイント上昇の10．5％。議員や閣僚の女性比率のほか、国家元首の在任年数などが反映されるため、高市早苗首相が就任したことがプラスに寄与した。

　一方、労働参加率や収入格差などを加味する「経済」分野は60．9％と、前年（61．3％）から低下した。

　総合首位は17年連続でアイスランド。フィンランド、ノルウェーが続き、上位3カ国は前年から変わっていない。ナミビアが順位を四つ上げ、4位に入った。",[],[]
陸自ヘリが消火活動　国外初、森林火災で　インドネシア（時事通信）,https://news.yahoo.co.jp/articles/04bf1adc8c33b772abc5566fb1c6f23140494484,https://newsatcl-pctr.c.yimg.jp/t/amd-img/20260916-00000192-jij-000-5-view.jpg?exp=10800,2026-09-16T20:52:57+09:00,2026-09-16T21:02:18+09:00,時事通信,jij,時事通信,279,"１６日、インドネシア西カリマンタン州で、消火活動のため離陸する陸上自衛隊のＣＨ４７輸送ヘリコプター（防衛省提供・時事）
【ジャカルタ時事】インドネシアのカリマンタン島西部で16日、陸上自衛隊のCH47輸送ヘリコプターによる森林火災の消火活動が始まった。

　同島では8月ごろから火災が深刻化。日本との防衛協力取り決めに基づき、インドネシア側から協力要請があった。

　防衛省によると、自衛隊による国外での消火活動は初めて。ヘリを使って大型のバケツに川の水をくみ、空中から投下した。13日の活動開始を予定していたが、火災の煙による視界不良のためずれ込んでいた。",[],[]
笑顔の鴫原ら　アジア大会（時事通信）,https://news.yahoo.co.jp/articles/8a1715a403edd2f0fd195c7005420c571bacef69,https://newsatcl-pctr.c.yimg.jp/t/amd-img/20260916-00000191-jij-000-2-view.jpg?exp=10800,2026-09-16T20:48:24+09:00,2026-09-16T20:50:20+09:00,時事通信,jij,時事通信,94,"写真：時事通信社
写真説明：バレーボール女子１次リーグ、ネパール戦の第１セットでポイントを奪い笑顔を見せる鴫原（右から２人目）ら＝１６日、愛知・小牧市スポーツ公園総合体育館　【時事通信社】",[],[]
住宅ビル倒壊で20人死亡　イスラエルの攻撃で損傷　ガザ（時事通信）,https://news.yahoo.co.jp/articles/11704b2da349837c765eda2a4d0d0047cf9ddac8,https://newsatcl-pctr.c.yimg.jp/t/amd-img/20260916-00000190-jij-000-7-view.jpg?exp=10800,2026-09-16T20:47:16+09:00,2026-09-16T21:03:25+09:00,時事通信,jij,時事通信,287,"１６日、パレスチナ自治区ガザ市で倒壊したビルのがれきを取り除く救助隊員（ＡＦＰ時事）
【カイロ時事】パレスチナ自治区ガザの中心都市ガザ市で住宅ビルが倒壊し、ガザ当局は16日、少なくとも20人が死亡したと発表した。

　AFP通信などが伝えた。約100人と連絡が取れないとの情報があり、犠牲者が増える恐れがある。

　ガザ当局の説明によると、ビルは15日夜から16日未明にかけて周囲の住宅や避難テントを巻き込む形で崩れた。2023年10月にイスラエルとイスラム組織ハマスの戦闘が始まり、ビルはイスラエル軍の攻撃を受けて損傷していたが、現在も多くの住民が暮らしていたとみられる。",[],[]
バスケット男子が４強入り　アジア大会（時事通信）,https://news.yahoo.co.jp/articles/6bb5260d62d3151e4a3a27592e82c4e90f6500fb,https://newsatcl-pctr.c.yimg.jp/t/amd-img/20260916-00000189-jij-000-4-view.jpg?exp=10800,2026-09-16T20:47:11+09:00,2026-09-16T22:20:37+09:00,時事通信,jij,時事通信,90,"写真：時事通信社
写真説明：バスケットボール男子準々決勝で、日本は台湾を８５―７８で下した。写真は第２クオーター、シュートする小川（右）＝１６日、愛知・ＩＧアリーナ　【時事通信社】",[],[]
高安、2日連続の殊勲　大の里撃破、力強い当たり―大相撲秋場所（時事通信）,https://news.yahoo.co.jp/articles/8b5719ca4bc432d96cc5e64ba051fd73bbe09ccc,https://newsatcl-pctr.c.yimg.jp/t/amd-img/20260916-00000188-jij-000-5-view.jpg?exp=10800,2026-09-16T20:32:15+09:00,2026-09-16T20:56:31+09:00,時事通信,jij,時事通信,469,"大の里（左）を攻める高安＝１６日、東京・両国国技館
結びの一番で波乱を起こし、館内のファンをどっと沸かせた。

　36歳の高安は大の里を真っ向勝負で撃破し、「これだけの歓声を浴びるのは気持ちいい。やりがいがある」と余韻に浸った。
〔写真特集〕日本人力士の優勝
力強い当たりで横綱をひるませ、突っ張って追い詰める。土俵際まで攻めを緩めず、自身も一回転するほどの勢いの中、大の里が土俵下へと飛び出した。「踏み込みも良く、当たった後の流れも良い」と充実感をにじませた。

　3日目は、横綱昇進が懸かる霧島に圧力で勝り、土をつけた。8月の夏巡業では稽古中に左脚を負傷して離脱。慢性的な腰痛も抱え、場所前の鍛錬に不安を残したが、2日連続の殊勲に八角理事長（元横綱北勝海）を「立派だ」とうならせた。

　自身よりも若い上位陣との手合わせに心を躍らせ、糧としてきた。「長くやっている分、いろいろなスター力士と真剣勝負ができる。とても幸せなこと。昭和のお相撲さんとは戦えないので」。令和の相撲界を引っ張る最高位に土をつけ、秋の土俵で確かな存在感を示した。",[],[]
過半数の政党なし、連立交渉へ　自治地域初の議会選　フィリピン南部（時事通信）,https://news.yahoo.co.jp/articles/87804dd9918ef87b86494e1ef274e35df65727da,https://newsatcl-pctr.c.yimg.jp/t/amd-img/20260916-00000187-jij-000-7-view.jpg?exp=10800,2026-09-16T20:28:28+09:00,2026-09-16T20:58:14+09:00,時事通信,jij,時事通信,323,"フィリピン南部コタバト近郊の投票所で、投票用紙に記入する女性＝１４日
【マニラ時事】フィリピンメディアは16日、南部ミンダナオ島の一部などからなるバンサモロ自治地域で14日に行われた初の議会選挙で、いずれの政党も単独過半数の41議席に届かなかったと伝えた。

　今後、政党間の連立交渉が行われる見通し。

　第1党は、31議席を獲得したマカクア暫定首相率いるバンサモロ連邦主義党（BFP）。かつて分離独立闘争を主導した「モロ・イスラム解放戦線（MILF）」のムラド議長の統一バンサモロ正義党（UBJP）は30議席で第2党となった。

　有権者は約240万人で、投票率は84．3％。議員任期が始まる10月末に議会が招集され、首相が選出される見込み。",[],[]
バレーは白星発進　アジア大会（時事通信）,https://news.yahoo.co.jp/articles/2f8607406036834dba4bf88c10dea285c0648f75,https://newsatcl-pctr.c.yimg.jp/t/amd-img/20260916-00000186-jij-000-3-view.jpg?exp=10800,2026-09-16T20:24:51+09:00,2026-09-16T22:02:26+09:00,時事通信,jij,時事通信,105,"写真：時事通信社
写真説明：バレーボールは女子１次リーグが始まり、Ａ組の日本はネパールに３―０で快勝した。写真は第２セット、スパイクを放つ佐藤（中央）＝１６日、愛知・小牧市スポーツ公園総合体育館　【時事通信社】",[],[]
シュートを放つ川島　アジア大会（時事通信）,https://news.yahoo.co.jp/articles/610120b48fcf46c13e50e5affa9675d2517a631b,https://newsatcl-pctr.c.yimg.jp/t/amd-img/20260916-00000185-jij-000-2-view.jpg?exp=10800,2026-09-16T20:24:51+09:00,2026-09-16T20:28:01+09:00,時事通信,jij,時事通信,75,"写真：時事通信社
写真説明：バスケットボール男子準々決勝、台湾戦の第１クオーター、シュートを放つ川島（右）＝１６日、愛知・ＩＧアリーナ　【時事通信社】",[],[]
攻め込む小川　アジア大会（時事通信）,https://news.yahoo.co.jp/articles/10227b851621dc2610db622597dc4e7e1497e45c,https://newsatcl-pctr.c.yimg.jp/t/amd-img/20260916-00000184-jij-000-2-view.jpg?exp=10800,2026-09-16T20:24:51+09:00,2026-09-16T20:28:00+09:00,時事通信,jij,時事通信,77,"写真：時事通信社
写真説明：バスケットボール男子準々決勝、台湾戦の第１クオーター、ドリブルで攻め込む小川（左）＝１６日、愛知・ＩＧアリーナ　【時事通信社】",[],[]
タッチする上沢と山本祐　プロ野球（時事通信）,https://news.yahoo.co.jp/articles/6c134c75ff22ae0b0026e2702516450a46e904ff,https://newsatcl-pctr.c.yimg.jp/t/amd-img/20260916-00000183-jij-000-2-view.jpg?exp=10800,2026-09-16T20:22:27+09:00,2026-09-16T20:26:13+09:00,時事通信,jij,時事通信,87,"写真：時事通信社
写真説明：オリックス―ソフトバンク。４回、２死満塁のピンチを抑え、捕手の山本祐（右）とタッチするソフトバンク先発の上沢＝１６日、京セラドーム　【時事通信社】",[],[]
競り合う森　アジア大会（時事通信）,https://news.yahoo.co.jp/articles/6a3bde902857a33af62627c3d32d4970c2c920a1,https://newsatcl-pctr.c.yimg.jp/t/amd-img/20260916-00000182-jij-000-2-view.jpg?exp=10800,2026-09-16T20:22:27+09:00,2026-09-16T20:26:13+09:00,時事通信,jij,時事通信,69,"写真：時事通信社
写真説明：サッカー男子１次リーグ、香港戦の前半、相手選手と競り合う森（左）＝１６日、愛知・豊田スタジアム　【時事通信社】",[],[]
霧島、連敗せず　大相撲秋場所（時事通信）,https://news.yahoo.co.jp/articles/7ba328c6badc3d9897bca1aaa70496e96487821f,https://newsatcl-pctr.c.yimg.jp/t/amd-img/20260916-00000180-jij-000-4-view.jpg?exp=10800,2026-09-16T20:21:39+09:00,2026-09-16T20:56:02+09:00,時事通信,jij,時事通信,222,"琴栄峰（左）を攻める霧島＝１６日、東京・両国国技館
横綱昇進が懸かる霧島は、3日目の初黒星を引きずらなかった。

　左でまわしを取り、右を巻き替えると、力強く琴栄峰を寄り切った。「（前日の負けを）あまり考えずに土俵に上がったことがよかった」と振り返った。
〔写真特集〕珍しい決まり手
高安戦では足が出ずに引き落とされたが、この日は本来の鋭い踏み込みが戻った。「しっかり自分の相撲を取ることが一番」。強みを見失うことなく、白星を重ねていく決意だ。",[],[]
記者会見する中道の渡辺新代表（時事通信）,https://news.yahoo.co.jp/articles/59a7d498a2fc7701a93af7be5753a3c6074edccc,https://newsatcl-pctr.c.yimg.jp/t/amd-img/20260916-00000179-jij-000-2-view.jpg?exp=10800,2026-09-16T20:21:23+09:00,2026-09-16T20:23:40+09:00,時事通信,jij,時事通信,51,"写真：時事通信社
写真説明：記者会見する中道改革連合の渡辺創新代表＝１６日午後、国会内　【時事通信社】",[],[]
次期コミッショナーに飯島氏　プロ野球（時事通信）,https://news.yahoo.co.jp/articles/53122111f416e04721c74abf5f49790a62ee8e04,https://newsatcl-pctr.c.yimg.jp/t/amd-img/20260916-00000178-jij-000-2-view.jpg?exp=10800,2026-09-16T20:21:23+09:00,2026-09-16T20:23:40+09:00,時事通信,jij,時事通信,122,"写真：時事通信社
写真説明：プロ野球の１２球団オーナー会議が１６日、東京都内で開かれ、榊原定征コミッショナーの後任に、飯島彰己氏（写真）の就任が内定した。１１月１８日の定時社員総会兼オーナー会議で正式決定し、１２月７日に就任する　【時事通信社】",[],[]
新党名「民主改革の会」　（時事通信）,https://news.yahoo.co.jp/articles/e36f8e921f1ff4569be448c1f0cbc4c3b5f036ec,https://newsatcl-pctr.c.yimg.jp/t/amd-img/20260916-00000177-jij-000-3-view.jpg?exp=10800,2026-09-16T20:21:22+09:00,2026-09-16T22:19:51+09:00,時事通信,jij,時事通信,120,"写真：時事通信社
写真説明：中道改革連合（衆院議員４９人）は１６日、国会内で議員総会を開き、立憲民主党系２０人と公明党系２８人の離党を了承した。小川淳也代表（写真）は立民系議員による新党の名称を「民主改革の会」にすると表明。　【時事通信社】",[],[]
伯乃富士、懸命に初白星　大相撲（時事通信）,https://news.yahoo.co.jp/articles/a22411622718c7dbfdceacd581a529ea307bdeab,https://newsatcl-pctr.c.yimg.jp/t/amd-img/20260916-00000176-jij-000-3-view.jpg?exp=10800,2026-09-16T20:21:13+09:00,2026-09-16T20:55:31+09:00,時事通信,jij,時事通信,254,"安青錦（右）を攻める伯乃富士＝１６日、東京・両国国技館
新小結の伯乃富士が懸命な相撲で初白星をつかんだ。

　激しい当たりから、安青錦の投げをこらえると、最後は倒れ込みながら押し出した。過去6戦全敗だった相手に持ち味を発揮し、「強い大関に前に出る相撲で勝てた」と、汗だくになった一番を終え、感慨深く言った。
〔写真特集〕珍しい決まり手
3連敗発進の苦しい状況の中、師匠の伊勢ケ浜親方（元横綱照ノ富士）から叱咤（しった）激励を受けたという。「構わず思い切りやってやろうと。あしたからも必死にやり切る」と誓った。",[],[]
スパイクを放つ和田　アジア大会（時事通信）,https://news.yahoo.co.jp/articles/043068a42509faa765b95b23e23ab5db492be0d4,https://newsatcl-pctr.c.yimg.jp/t/amd-img/20260916-00000175-jij-000-2-view.jpg?exp=10800,2026-09-16T20:14:53+09:00,2026-09-16T20:18:04+09:00,時事通信,jij,時事通信,82,"写真：時事通信社
写真説明：バレーボール女子１次リーグ、ネパール戦の第１セット、スパイクを放つ和田（右）＝１６日、愛知・小牧市スポーツ公園総合体育館　【時事通信社】",[],[]
LINEヤフー、TOB価格再引き上げ　カカクコム争奪戦（時事通信）,https://news.yahoo.co.jp/articles/0ad9aefaf42702fe8724af6714dffa53ef57ad5e,https://newsatcl-pctr.c.yimg.jp/t/amd-img/20260916-00000174-jij-000-6-view.jpg?exp=10800,2026-09-16T20:12:09+09:00,2026-09-16T21:30:01+09:00,時事通信,jij,時事通信,265,"グルメサイト「食べログ」のスマートフォンアプリ
LINEヤフーと米投資ファンドのベインキャピタルは16日、グルメサイト「食べログ」を運営するカカクコムへのTOB（株式公開買い付け）価格を引き上げたと発表した。

　従来の1株3520～3640円から、3597～3720円に変更。スウェーデンの投資ファンドEQTが3680円でTOBを進めており、価格を上積みした。

　カカクコムの争奪戦を巡っては、EQTが5月にTOBの実施を公表。7月1日にLINEヤフーが正式な買収を提案した後、両陣営ともTOB価格の引き上げを繰り返している。",[],[]
中国「イランの利益守る」　アラグチ外相と会談　北京（時事通信）,https://news.yahoo.co.jp/articles/4a2c4a6b9157b5afe31299d7921b9865d9592ad9,https://newsatcl-pctr.c.yimg.jp/t/amd-img/20260916-00000173-jij-000-6-view.jpg?exp=10800,2026-09-16T20:02:27+09:00,2026-09-16T20:55:03+09:00,時事通信,jij,時事通信,429,"中国の王毅共産党政治局員兼外相（写真左、ＥＰＡ時事）とイランのアラグチ外相（ＡＦＰ時事）
【北京時事】中国の王毅共産党政治局員兼外相は16日、イランのアラグチ外相と北京で会談した。

　王氏は「国連安全保障理事会の常任理事国として、紛争解決に建設的役割を果たす用意がある」とした上で、「イランの正当な権利と利益を守りたい」と伝えた。今月の習近平国家主席の訪米を前に、イランを巡る問題ですり合わせをした。

　中国外務省によると、王氏は「米国との戦闘長期化は国際社会の利益に沿わない」と強調。湾岸諸国との対話を進めるよう促した。イランなどは13日、原油輸送の要衝ホルムズ海峡の通航管理を巡り、湾岸諸国の外相らを集めオマーンで14日に開催予定だった会議の延期を発表している。

　アラグチ氏は、イラン側の今後の対応を説明した上で「衝突の継続を望んでいない」と主張。戦闘終結に向けて6月に米国と交わした覚書などを踏まえ、「米側は約束を着実に履行すべきだ」と訴えた。",[],[]
JR北海道、「上下分離方式」提案を撤回（時事通信）,https://news.yahoo.co.jp/articles/6653217778f1e2dfde230adbcdce766292552d60,https://newsatcl-pctr.c.yimg.jp/t/amd-img/default.jpg?exp=10800,2026-09-16T20:01:05+09:00,2026-09-16T20:06:24+09:00,時事通信,jij,時事通信,152,JR北海道は16日、同社単独では維持困難とする赤字8線区の存続を巡り、鉄道運行を同社、線路など施設の保有・管理を自治体が担う「上下分離方式」の提案を撤回すると発表した。今後は国が主導する形で新たな協議会を設け、北海道にも参加を要請する。沿線自治体の反発が強かった上下分離案を外し、協議を前進させたい考え。,[],[]
日立、鉄道の介助申請を一元化へ（時事通信）,https://news.yahoo.co.jp/articles/cd8cd5f0dae189fa390aee54a55303fed2e6c77a,https://newsatcl-pctr.c.yimg.jp/t/amd-img/default.jpg?exp=10800,2026-09-16T20:01:05+09:00,2026-09-16T20:05:58+09:00,時事通信,jij,時事通信,127,"日立製作所
<6501>
は16日、デジタル障害者手帳を提供するミライロ（大阪市）と共同で、車いす利用者らの鉄道での介助申請一元化に向けた検討を始めると発表した。鉄道会社ごとに異なっていた介助の申請を、ミライロが提供するアプリから一括で行えるようにする。",[],[]
名証、エスポアの上場廃止決定（時事通信）,https://news.yahoo.co.jp/articles/eb8537fb5021cdbac2cc851b9c29a7532c89fec6,https://newsatcl-pctr.c.yimg.jp/t/amd-img/default.jpg?exp=10800,2026-09-16T20:01:05+09:00,2026-09-16T20:06:23+09:00,時事通信,jij,時事通信,185,"名古屋証券取引所は16日、不動産事業を手掛けるエスポア
<3260>
について、ネクスト市場での上場廃止を決定し、整理銘柄に指定すると発表した。2026年2月期決算で上場廃止基準の「2期連続の債務超過」になっていたかどうか確認できない状態が続いており、上場を維持すれば市場秩序の維持が困難になると判断した。10月16日まで整理銘柄として指定し、翌17日に上場を廃止する。",[],[]
中国電、島根2号機の営業運転再開（時事通信）,https://news.yahoo.co.jp/articles/1ed1fc3fd9c78592aff0e8ca065a5528a7d5f844,https://newsatcl-pctr.c.yimg.jp/t/amd-img/default.jpg?exp=10800,2026-09-16T20:01:04+09:00,2026-09-16T20:26:32+09:00,時事通信,jij,時事通信,77,"中国電力
<9504>
は16日、島根原発2号機（松江市）の定期検査を終了し、営業運転を再開したと発表した。島根原発2号機は2月から定期検査に入っていた。",[],[]
強制連行、日本企業6社に賠償請求（時事通信）,https://news.yahoo.co.jp/articles/3100cd59db0c154e3dd6f52763c770288fc429a5,https://newsatcl-pctr.c.yimg.jp/t/amd-img/default.jpg?exp=10800,2026-09-16T20:01:04+09:00,2026-09-16T20:26:31+09:00,時事通信,jij,時事通信,151,"【北京時事】戦時中に日本に強制連行され労働を強いられたとして、中国人元労働者の遺族50人が16日、鹿島建設
<1812>
や日鉄鉱業
<1515>
など日本企業6社に対し、1人当たり約37万元（約850万円）の損害賠償を求める訴状を河北省石家荘市の高級人民法院（高裁）に提出した。原告団が明らかにした。",[],[]
八木地銀協会長：金融市場への影響は限定的（時事通信）,https://news.yahoo.co.jp/articles/7d910ae46f13a0d46dd0246f639628b3c3bd5c6a,https://newsatcl-pctr.c.yimg.jp/t/amd-img/default.jpg?exp=10800,2026-09-16T20:01:04+09:00,2026-09-16T20:05:57+09:00,時事通信,jij,時事通信,172,全国地方銀行協会の八木稔会長（静岡銀行頭取）は16日の記者会見で、日銀が17日から開く金融政策決定会合で追加利上げに踏み切ることが確実視されていることを巡り、「最近の物価や為替動向を踏まえれば、利上げの判断をされることに違和感はない」と述べた。利上げとなった場合でも、「事前の織り込みが進んでおり、金融市場への影響は限定的だ」との認識を示した。,[],[]
ドンキ、999円フリース発売（時事通信）,https://news.yahoo.co.jp/articles/911214809472f34b6ee9f8a284d09c29ade10f95,https://newsatcl-pctr.c.yimg.jp/t/amd-img/default.jpg?exp=10800,2026-09-16T20:01:04+09:00,2026-09-16T20:05:57+09:00,時事通信,jij,時事通信,102,ドン・キホーテ（東京）は16日、税抜き999円のフリースを10月上旬から全国のドン・キホーテ系列店舗で順次発売すると発表した。物価高で節約志向が高まる中、価格を抑えた商品を投入し、来店客の獲得につなげる。,[],[]
関電と東北電が参画意向（時事通信）,https://news.yahoo.co.jp/articles/c3fa58f55293e481fe19d0c7704578bd1722c5ce,https://newsatcl-pctr.c.yimg.jp/t/amd-img/default.jpg?exp=10800,2026-09-16T20:01:04+09:00,2026-09-16T20:05:57+09:00,時事通信,jij,時事通信,121,"原発から出た使用済み核燃料を一時保管する青森県むつ市の中間貯蔵施設を巡り、東京電力ホールディングス
<9501>
と日本原子力発電の2社以外に、関西電力
<9503>
と東北電力
<9506>
が参画の意向を示していることが16日、分かった。",[],[]
エーザイのアルツハイマー治療薬、皮下注製剤も承認取得（時事通信）,https://news.yahoo.co.jp/articles/5b4b37e15d3f74ce4ee6f33a621be8d5723382e7,https://newsatcl-pctr.c.yimg.jp/t/amd-img/default.jpg?exp=10800,2026-09-16T20:01:04+09:00,2026-09-16T20:05:56+09:00,時事通信,jij,時事通信,152,"エーザイ
<4523>
と米バイオジェンは16日、アルツハイマー型認知症の治療薬「レカネマブ」（商品名・レケンビ）の皮下注製剤「レケンビ皮下注250mgペン」について、厚生労働省から製造、販売の承認を受けたと発表した。在宅で投与できるようになることから、患者の治療時の負担が大きく軽減できると期待される。",[],[]
りそなHD、個人向け新サービス開始（時事通信）,https://news.yahoo.co.jp/articles/d7a0da0d03bf0a827d048c5aafd967119fb6c4b0,https://newsatcl-pctr.c.yimg.jp/t/amd-img/default.jpg?exp=10800,2026-09-16T20:01:03+09:00,2026-09-16T20:05:56+09:00,時事通信,jij,時事通信,173,"りそなホールディングス（HD）
<8308>
は16日、個人向け新サービス「りそなプラス」の提供開始を発表した。取り組みの第1弾として、りそなHD傘下4銀行のいずれかの口座があれば、アプリを通じて、飲食店やレジャー施設などで使える割引クーポン約10万件を利用できるようにする。今後サービスを拡大する予定で、利便性を高め、新規顧客の獲得につなげる。",[],[]
貸金業法改正へ議論スタート（時事通信）,https://news.yahoo.co.jp/articles/9ea7784864e9c8249381020e9ea292f6a7f77647,https://newsatcl-pctr.c.yimg.jp/t/amd-img/default.jpg?exp=10800,2026-09-16T20:01:03+09:00,2026-09-16T20:05:56+09:00,時事通信,jij,時事通信,152,金融審議会（首相の諮問機関）は16日、約20年ぶりとなる貸金業法改正に向けた作業部会の初会合を開いた。金融庁は、外国銀行が国内で組成された協調融資（シンジケートローン）に参加しやすくするための要件緩和に向けた論点を提示。邦銀だけでは賄えない資金需要の伸びに対応するため、海外から資金を呼び込みたい考えだ。,[],[]
三菱重工、プリファードネットと資本業務提携（時事通信）,https://news.yahoo.co.jp/articles/b3dd1189681ebf53084745c695ae7b07238229a9,https://newsatcl-pctr.c.yimg.jp/t/amd-img/default.jpg?exp=10800,2026-09-16T20:01:03+09:00,2026-09-16T20:05:55+09:00,時事通信,jij,時事通信,125,"三菱重工業
<7011>
は16日、人工知能（AI）開発企業のプリファードネットワークス（東京）と資本業務提携契約を締結したと発表した。三菱重工がプリファードネットに総額100億円を出資。社会インフラ・防衛分野での国産AI技術の共同開発を本格化する。",[],[]
難病・長期服用は対象外（時事通信）,https://news.yahoo.co.jp/articles/cf3ee79cb722fbb771d135a4c60f7c4851699d44,https://newsatcl-pctr.c.yimg.jp/t/amd-img/default.jpg?exp=10800,2026-09-16T20:01:03+09:00,2026-09-16T20:05:55+09:00,時事通信,jij,時事通信,120,厚生労働省は16日、市販薬と成分や効能が似た「OTC類似薬」を処方された患者に追加負担を求める新制度の運用方針案をまとめた。難病治療や飲み薬を長期服用するケースなどは追加負担の対象から外す内容で、同省は今後、医療機関や薬局に周知する考えだ。,[],[]
「オーシャンサクラ」19日就航（時事通信）,https://news.yahoo.co.jp/articles/d351a26d68d32d1924dc8e8dbd9e5e3b62179fc5,https://newsatcl-pctr.c.yimg.jp/t/amd-img/default.jpg?exp=10800,2026-09-16T20:01:03+09:00,2026-09-16T20:05:55+09:00,時事通信,jij,時事通信,135,"商船三井
<9104>
傘下の商船三井クルーズ（東京）は16日、新規就航する「MITSUI　OCEAN　SAKURA（三井オーシャンサクラ）」の船内を報道陣に公開した。全229室がスイート仕様で19日に就航する。約35年の歴史に幕を下ろした「にっぽん丸」の後継船となる。",[],[]
楽天G、通販出店誘致へ中国・杭州市に新会社（時事通信）,https://news.yahoo.co.jp/articles/5fdb5e7c83e3254d02ac48525427f25200d12784,https://newsatcl-pctr.c.yimg.jp/t/amd-img/default.jpg?exp=10800,2026-09-16T20:01:02+09:00,2026-09-16T20:05:55+09:00,時事通信,jij,時事通信,126,"楽天グループ
<4755>
は16日、通販サイト「楽天市場」に中国事業者の出店を誘致するため、中国浙江省杭州市に新会社「楽天越境EC（中国）有限公司」を設立したと発表した。日本市場の特性などを学ぶセミナーを開催するほか、出店後の販売促進なども支援する。",[],[]
米メタ、AIのサブスク全面提供（時事通信）,https://news.yahoo.co.jp/articles/405fef98dabe93e56a180145a29406a7a632b57d,https://newsatcl-pctr.c.yimg.jp/t/amd-img/default.jpg?exp=10800,2026-09-16T20:01:02+09:00,2026-09-16T20:05:54+09:00,時事通信,jij,時事通信,166,【シリコンバレー時事】米メタ（旧フェイスブック）は15日、新たなサブスクリプション（定額制）サービス「メタ・ワン」の全面的な提供を開始したと発表した。対話型AI（人工知能）「メタAI」や、運営するSNS「インスタグラム」などのAI機能をより多く使えるようになるプランが目玉。個人向けは米国で月額7．99ドル、日本では同949円から。,[],[]
日経新聞が広告料過大請求（時事通信）,https://news.yahoo.co.jp/articles/f3d9a226c5346aa3acda7fa18dddd9d6639c390e,https://newsatcl-pctr.c.yimg.jp/t/amd-img/default.jpg?exp=10800,2026-09-16T20:01:02+09:00,2026-09-16T20:05:54+09:00,時事通信,jij,時事通信,102,日本経済新聞社は16日までに、営業担当者が広告冊子の部数を多く伝え、2社から数千万円ずつ不正に広告料を受領していたと発表した。日経新聞社は動機や組織的関与の有無を調べるため、外部の弁護士に調査を委任した。,[],[]
米中、「AI危機管理」が議題に浮上（時事通信）,https://news.yahoo.co.jp/articles/561ba33721dfd9f6af9773779d327a5f8a9f0aa2,https://newsatcl-pctr.c.yimg.jp/t/amd-img/default.jpg?exp=10800,2026-09-16T20:01:02+09:00,2026-09-16T20:05:54+09:00,時事通信,jij,時事通信,184,【ワシントン、北京時事】激しさを増す人工知能（AI）開発競争と安全性をどう両立させるか。24日に見込まれる米中首脳会談を前に、AIの暴走や悪用を防ぐ「AI危機管理」を巡る論争が世界に広がっている。米有力AI企業トップが唱えた脅威論がきっかけだ。英メディアによると、両国は閣僚級で20日にAIについて協議する見通しで、ハイテク覇権を争う二大国が歩み寄れるかも焦点となる。,[],[]
日本製鉄、スロバキア拠点に約1600億円投資（時事通信）,https://news.yahoo.co.jp/articles/595f7ccee241ff97e5bbfd08ee0525eb3e47f65a,https://newsatcl-pctr.c.yimg.jp/t/amd-img/default.jpg?exp=10800,2026-09-16T20:01:01+09:00,2026-09-16T20:05:53+09:00,時事通信,jij,時事通信,155,"日本製鉄
<5401>
は16日、欧州主要拠点の一つであるスロバキアのコシツェ製鉄所（コシツェ県）に約9億ユーロ（約1600億円）を投資すると発表した。2030年から稼働予定の電気炉建設や、酸素プラント更新を行う。欧州での低炭素鉄鋼需要に対応し、高品質鋼材の安定供給と大幅な二酸化炭素（CO2）削減につなげる。",[],[]
富士通、35年度に売上収益7兆～8兆円（時事通信）,https://news.yahoo.co.jp/articles/3ccb942bdf3556e5df62ed6dff9df723b156de0a,https://newsatcl-pctr.c.yimg.jp/t/amd-img/default.jpg?exp=10800,2026-09-16T20:01:01+09:00,2026-09-16T20:05:54+09:00,時事通信,jij,時事通信,186,"富士通
<6702>
の磯部武司副社長は16日開いた投資家向けの説明会で、2035年度の売上収益について、「25年度のおよそ倍の7兆～8兆円を目指す」と述べた。今年販売を開始する、国産の人工知能（AI）向け先端半導体「MONAKA（モナカ）」や、AI活用で業務を変革するAIトランスフォーメーション（AX）支援事業「UVANCE（ユーバンス）」が成長をけん引すると見込む。",[],[]
関電・東北電が参画意向（時事通信）,https://news.yahoo.co.jp/articles/7538922698ec25dd743bdd4bd583ed685f052693,https://newsatcl-pctr.c.yimg.jp/t/amd-img/default.jpg?exp=10800,2026-09-16T20:01:01+09:00,2026-09-16T20:05:10+09:00,時事通信,jij,時事通信,125,"原発から出た使用済み核燃料を一時保管する青森県むつ市の中間貯蔵施設を巡り、東京電力ホールディングス（HD）
<9501>
と日本原子力発電の2社以外に、関西電力
<9503>
と東北電力
<9506>
が参画の意向を示していることが16日、分かった。",[],[]
日証協、証券2社に過怠金支払い命じる（時事通信）,https://news.yahoo.co.jp/articles/875dcd68f3e64bb252f10691b42ea73fff1a60b8,https://newsatcl-pctr.c.yimg.jp/t/amd-img/default.jpg?exp=10800,2026-09-16T20:01:01+09:00,2026-09-16T20:05:10+09:00,時事通信,jij,時事通信,112,日本証券業協会は16日、少額投資非課税制度（NISA）に関して顧客に虚偽の説明を行ったmoomoo証券（東京）に過怠金5000万円、外債の不適切販売があったキャピタル・パートナーズ証券（同）に同3000万円の支払いを命じた。,[],[]
こども家庭庁、子育て支援企業に投融資（時事通信）,https://news.yahoo.co.jp/articles/d87a88116406f6828f6eddb9d8f92aa87dc2fd16,https://newsatcl-pctr.c.yimg.jp/t/amd-img/default.jpg?exp=10800,2026-09-16T20:01:01+09:00,2026-09-16T20:05:09+09:00,時事通信,jij,時事通信,126,こども家庭庁は16日、あいち銀行など8地域金融機関を「こどもまんなかリーディングバンク」のモデル事業対象に選んだと発表した。育休取得や仕事と子育てを両立しやすい社内環境の整備などに取り組む企業に対し、金融機関が国の補助金を活用して投融資などで支援する。,[],[]
ドコモ、顧客情報をアマゾン日本法人に無断提供（時事通信）,https://news.yahoo.co.jp/articles/165254f80819770306f342a047fdc0a00b63cbbb,https://newsatcl-pctr.c.yimg.jp/t/amd-img/default.jpg?exp=10800,2026-09-16T20:01:00+09:00,2026-09-16T20:05:09+09:00,時事通信,jij,時事通信,97,NTTドコモは16日、契約者の個人情報約34万4000人分を無断で米アマゾン・ドット・コムの日本法人に提供していたと明らかにした。すでに提供された個人情報は削除されており、利用はなかったという。,[],[]
日立、米国に変圧器新工場（時事通信）,https://news.yahoo.co.jp/articles/9c4d7ae43b6aca0566eef912a00aa77b6f68e1b3,https://newsatcl-pctr.c.yimg.jp/t/amd-img/default.jpg?exp=10800,2026-09-16T20:01:00+09:00,2026-09-16T20:05:08+09:00,時事通信,jij,時事通信,177,"日立製作所
<6501>
傘下の日立エナジー（スイス）は16日、5億2800万ドル（約820億円）を投じ、米南部ミシシッピ州に変圧器製造工場を新たに建設すると発表した。人工知能（AI）普及に伴い米国で急速に拡大する電力需要に対応するため、電力インフラの生産を強化する。日米関税交渉で決まった総額5500億ドル（約85兆円）の対米投融資の一部となる見込み。",[],[]
欧州で水素トラック普及へ連携（時事通信）,https://news.yahoo.co.jp/articles/36b3876683c49ca0ade7c0fc6aebec9429ae2622,https://newsatcl-pctr.c.yimg.jp/t/amd-img/default.jpg?exp=10800,2026-09-16T20:01:00+09:00,2026-09-16T20:05:08+09:00,時事通信,jij,時事通信,158,"【ブリュッセル時事】トヨタ自動車
<7203>
など自動車・エネルギー大手8社は15日、水素を燃料とする大型トラックの欧州での普及を目指し、車両の開発・生産から水素供給、充填（じゅうてん）インフラまで幅広い分野で連携すると発表した。ドイツで2030年までの本格展開を目指す。構築した事業モデルは欧州全体に広げる方針。",[],[]
プロ野球次期コミッショナーに飯島氏　元三井物産会長、12月就任へ（時事通信）,https://news.yahoo.co.jp/articles/669d7ba4d343fe86acb57fec0d8bc0ddced2bee3,https://newsatcl-pctr.c.yimg.jp/t/amd-img/20260916-00000172-jij-000-7-view.jpg?exp=10800,2026-09-16T19:59:00+09:00,2026-09-16T20:55:30+09:00,時事通信,jij,時事通信,450,"飯島彰己氏
プロ野球の12球団オーナー会議が16日、東京都内で開かれ、榊原定征コミッショナー（83）の後任に、元三井物産会長の飯島彰己氏（75）の就任が内定した。
【写真特集】プロ野球の歴代首位打者
11月18日の定時社員総会兼オーナー会議で正式決定し、12月7日に就任する。10月から就任までは、日本野球機構（NPB）で顧問を務める。

　巨人、阪神、DeNA、オリックス、西武、日本ハムの各球団オーナー6人からなるコミッショナー選考委員会で選考を進め、この日のオーナー会議で飯島氏の内定が決議された。

　飯島氏は三井物産で社長、会長を歴任し、2015～19年は経団連副会長。23年11月には旭日大綬章を受章した。オーナー会議で議長を務めたDeNAの南場智子オーナーは「NPBは大きな課題に直面している。一つは国際化。有望な選手が最初からMLB（米大リーグ）を目指すような事態などが起こっている。（飯島氏は）課題を解決する力量があり、適任者。プロ野球に理解と愛情があることも重視した」と説明した。",[],[]
武藤大使、ロシア次官と意見交換　北方領土問題も議論（時事通信）,https://news.yahoo.co.jp/articles/03c347d32b5e63369d769749862bf799df721673,https://newsatcl-pctr.c.yimg.jp/t/amd-img/20260916-00000171-jij-000-6-view.jpg?exp=10800,2026-09-16T19:58:59+09:00,2026-09-16T21:16:48+09:00,時事通信,jij,時事通信,372,"武藤顕駐ロシア大使＝２０２４年２月、モスクワ
武藤顕駐ロシア大使は16日、モスクワのロシア外務省でルデンコ次官（アジア担当）と会談し、日ロ関係について意見交換した。

　在ロ日本大使館によれば、ロシアが実効支配する北方領土についても議論し、武藤氏は日本側の立場を適切に説明した。

　日本大使館は、日ロ関係の悪化を踏まえ「両国関係を適切にマネージする観点から2国間の諸課題を含め議論した」と発表。文化交流が果たす役割についても協議したという。

　一方、ロシア外務省によれば、ルデンコ氏はプーチン大統領の北方領土訪問に対する日本側の抗議やウクライナへの軍事支援拡大が「対話正常化の展望をさらに遠ざけている」と主張。日米などの合同軍事訓練の拡大や日本への中距離ミサイル配備にも言及したとし、「こうした活動が続けば必要な対抗措置を取る」と警告した。",[],[]
報道ヘリが墜落、3人死亡　米ロサンゼルス（時事通信）,https://news.yahoo.co.jp/articles/4e85842945da775c3b49afb050083fa50f88fef4,https://newsatcl-pctr.c.yimg.jp/t/amd-img/20260916-00000170-jij-000-6-view.jpg?exp=10800,2026-09-16T19:57:48+09:00,2026-09-16T20:56:45+09:00,時事通信,jij,時事通信,254,"米カリフォルニア州のニューサム知事＝５月１９日、ワシントン（ＡＦＰ時事）
米カリフォルニア州ロサンゼルスで15日、NBCニュース系列の報道ヘリコプターが墜落し、少なくとも3人が死亡した。

　ヘリは同日、市内で発生したバス事故を取材していた。墜落の原因は明らかになっていない。

　地元消防当局や報道によると、3人のうち2人は記者と操縦士で、もう1人は地上にいた。このほか、2人が病院に搬送されたという。カリフォルニア州のニューサム知事は「事故の犠牲者に心からお悔やみ申し上げる」と述べた。（ロイター時事）。",[],[]
決済代行154社、取扱高30兆円　全東信破産で実態調査　経産省（時事通信）,https://news.yahoo.co.jp/articles/ba8f0278e1ab836b4a0e712dbe64657658752d75,https://newsatcl-pctr.c.yimg.jp/t/amd-img/20260916-00000169-jij-000-7-view.jpg?exp=10800,2026-09-16T19:53:57+09:00,2026-09-16T21:35:00+09:00,時事通信,jij,時事通信,403,"破産手続きが開始されたクレジットカード決済代行サービス「全東信」の本社ビルの看板＝７月１０日、大阪市中央区
経済産業省は16日、全東信（大阪市）の破産手続き開始を受けて実施した、クレジットカードの決済代行業者に関する実態調査を公表した。

　2025年時点の事業者数は154社で、年間取扱高は計約30兆円に上ることが判明した。決済代行業者は割賦販売法の対象外だったため、これまでは事業者数などの全容を把握できていなかった。

　調査は7月下旬から8月上旬にかけて実施し、カード会社266社に回答を求めた。決済代行業者との契約があるカード会社は108社に及び、このうち16％が契約前後に決済代行業者の財務状況などを審査していなかった。

　経産省はカード会社に対し、決済代行業者の審査を行うよう要請。また、決済代行業者との契約を解除する際に加盟店への未払い金が発生しないよう、社内ルールを整備するよう求めた。",[],[]
会見する筒井会長（時事通信）,https://news.yahoo.co.jp/articles/9f69880b7d7d051e31abfe2b6df1cba9b76681bf,https://newsatcl-pctr.c.yimg.jp/t/amd-img/20260916-00000168-jij-000-2-view.jpg?exp=10800,2026-09-16T19:48:59+09:00,2026-09-16T19:52:12+09:00,時事通信,jij,時事通信,110,"写真：時事通信社
写真説明：経団連の筒井義信会長は１６日、仙台市内で記者会見し、１７日に予定される高市内閣の内閣改造に関し「（高市政権は）強い経済を強く発信し、その中で予算や法案を成立させてきた」と評価。　【時事通信社】",[],[]
レイエスが右脚負傷　プロ野球・日本ハム（時事通信）,https://news.yahoo.co.jp/articles/3829d17185c639b818993c75bb62e69e38004cc1,https://newsatcl-pctr.c.yimg.jp/t/amd-img/default.jpg?exp=10800,2026-09-16T19:44:13+09:00,2026-09-16T20:54:25+09:00,時事通信,jij,時事通信,171,"日本ハムは16日、フランミル・レイエス外野手が右太もも裏の肉離れと診断されたと発表した。

　試合復帰まで約2週間の見込み。同日、本拠地エスコンフィールド北海道で行われた練習中に負傷したとみられる。新庄監督は「良くないね。仕方ない」と話した。今季は128試合に出場し、15日時点でリーグトップの打率3割1分3厘、同2位の32本塁打、82打点。",[],[]
EU委員長、「自立した欧州」へ結束訴え　カナダ「準加盟国」構想表明（時事通信）,https://news.yahoo.co.jp/articles/716d522c5cc8685ce65880e67f202ca4009b4795,https://newsatcl-pctr.c.yimg.jp/t/amd-img/20260916-00000166-jij-000-5-view.jpg?exp=10800,2026-09-16T19:43:13+09:00,2026-09-16T20:54:19+09:00,時事通信,jij,時事通信,362,"１６日、仏ストラスブールの欧州議会で演説する欧州連合（ＥＵ）のフォンデアライエン欧州委員長（ＥＰＡ時事）
【ブリュッセル時事】欧州連合（EU）のフォンデアライエン欧州委員長は16日、仏ストラスブールの欧州議会で施政方針演説を行い、「より強く、自立した欧州」の構築へ結束を訴えた。
【地図で見る】ウクライナ戦況マップ
ロシアの侵攻が続くウクライナへの支援を続け、対ロ圧力を強めるほか、域内市場改革やエネルギーの安定供給、防衛力強化を進める方針を示した。

　演説にはカナダのカーニー首相が外国政府首脳として初めて出席した。フォンデアライエン氏は、先端技術や防衛、エネルギー、重要鉱物などの分野で連携を深め、カナダをEU初の「準加盟国」とする構想を打ち出した。カナダなどEU域外国も加わる「欧州安全保障理事会」の創設も表明した。",[],[]
サウジ、メッカ南方で無人機迎撃　フーシ派は聖地攻撃を否定（時事通信）,https://news.yahoo.co.jp/articles/016e46e165b354c01c95389d49de86650eb81ba9,https://newsatcl-pctr.c.yimg.jp/t/amd-img/default.jpg?exp=10800,2026-09-16T19:34:33+09:00,2026-09-16T20:50:27+09:00,時事通信,jij,時事通信,352,"【カイロ時事】サウジアラビア主導の連合軍は16日、サウジ西部のイスラム教聖地メッカ南方でイエメンの親イラン武装組織フーシ派が発射した無人機を迎撃したと発表した。

　フーシ派は聖地への攻撃を否定しているが、アラブ諸国からの反発は必至。サウジとフーシ派の対立が一層深刻化する恐れもある。

　攻撃は15日にあった。連合軍によると、メッカがフーシ派の標的となったのは2017年以来。無人機がメッカ上空の禁止区域に侵入する前に破壊したという。連合軍報道官は、聖地の安全は「譲れない一線だ」と述べ、「抑止力となる必要な措置は、ためらわず行使する」と警告した。

　一方、フーシ派側は「メッカを標的にしたという主張は使い古されたうそだ」と反論した。7月以降、サウジとフーシ派の衝突が再燃し、攻撃の応酬が続いている。",[],[]
「強い経済」実行期待　内閣改造を前に　経団連会長（時事通信）,https://news.yahoo.co.jp/articles/1c690ef27f6d504c09b77f10d4c8f2857f006f26,https://newsatcl-pctr.c.yimg.jp/t/amd-img/20260916-00000164-jij-000-6-view.jpg?exp=10800,2026-09-16T19:33:37+09:00,2026-09-16T20:54:37+09:00,時事通信,jij,時事通信,294,"会見する経団連の筒井義信会長＝１６日午後、仙台市青葉区
経団連の筒井義信会長は16日、仙台市内で記者会見し、17日に予定される高市内閣の内閣改造に関し「（高市政権は）強い経済を強く発信し、その中で予算や法案を成立させてきた」と評価。
【ひと目でわかる】内閣支持率の推移
その上で、「これまで打ち出された政策の継続性と実行力を兼ね備えた体制が構築されることを期待したい」と話した。

　高市政権について「官民一体での国内投資拡大の道筋を明示し、経団連とも軌を一にするベクトルを示して大きな成果を上げてきた」と述べた。また、経団連としても投資けん引型経済の確立に向けてまい進する考えを示した。",[],[]
「上下分離方式」提案を撤回（時事通信）,https://news.yahoo.co.jp/articles/278fe29712674e298a77b4d5ff1945f9db047a4b,https://newsatcl-pctr.c.yimg.jp/t/amd-img/20260916-00000163-jij-000-2-view.jpg?exp=10800,2026-09-16T19:27:09+09:00,2026-09-16T19:30:12+09:00,時事通信,jij,時事通信,122,"写真：時事通信社
写真説明：ＪＲ北海道は１６日、同社単独では維持困難とする赤字８線区の存続を巡り、鉄道運行を同社、線路など施設の保有・管理を自治体が担う「上下分離方式」の提案を撤回すると発表。写真は、会見する綿貫泰之社長＝札幌市　【時事通信社】",[],[]
JR北海道、「上下分離方式」提案を撤回　国主導で赤字線区の協議会設置へ（時事通信）,https://news.yahoo.co.jp/articles/3a45120b4ffe37cb038ac2ef22198c8f232f0da7,https://newsatcl-pctr.c.yimg.jp/t/amd-img/20260916-00000162-jij-000-9-view.jpg?exp=10800,2026-09-16T19:15:56+09:00,2026-09-16T20:50:27+09:00,時事通信,jij,時事通信,544,"記者会見するＪＲ北海道の綿貫泰之社長＝１６日午後、札幌市
JR北海道は16日、同社単独では維持困難とする赤字8線区の存続を巡り、鉄道運行を同社、線路など施設の保有・管理を自治体が担う「上下分離方式」の提案を撤回すると発表した。

　今後は国が主導する形で新たな協議会を設け、北海道にも参加を要請する。沿線自治体の反発が強かった上下分離案を外し、協議を前進させたい考え。

　国は同社に対し、8線区の抜本的な改善策を2026年度末までに策定するよう求めている。同社は4月、上下分離を含む4案を示したが、負担増を懸念する沿線自治体が難色を示していた。

　綿貫泰之社長は16日、札幌市内で記者会見し、「上下分離を協議のテーマとした結果、各方面から厳しい意見を頂戴することになり、おわび申し上げる」と陳謝した。新たな協議会では、観光列車を活用した線区の価値向上策や、駅舎といった鉄道資産の自治体譲渡などを検討し、改善策の策定を目指す。

　綿貫氏と北海道運輸局の石塚智之局長は同日、鈴木直道知事と道庁で面会し、協議会に事務局として参加するよう求めた。鈴木氏は「（改善策を）残り半年の間にまとめるのは率直に厳しいと言わざるを得ない。拙速な取りまとめにならないよう、丁寧に進めてほしい」と指摘した。",[],[]
攻める高安（時事通信）,https://news.yahoo.co.jp/articles/c385394d062e52c1a6a9b74e38cd4375cfac3e70,https://newsatcl-pctr.c.yimg.jp/t/amd-img/20260916-00000161-jij-000-2-view.jpg?exp=10800,2026-09-16T19:15:01+09:00,2026-09-16T19:18:15+09:00,時事通信,jij,時事通信,57,"写真：時事通信社
写真説明：大相撲秋場所４日目。大の里（左）を攻める高安＝１６日、東京・両国国技館　【時事通信社】",[],[]
攻める伯乃富士（時事通信）,https://news.yahoo.co.jp/articles/e07d93fefcf7fbf9cfa2aabe3787e2e13f10e7de,https://newsatcl-pctr.c.yimg.jp/t/amd-img/20260916-00000160-jij-000-2-view.jpg?exp=10800,2026-09-16T19:12:34+09:00,2026-09-16T19:16:26+09:00,時事通信,jij,時事通信,59,"写真：時事通信社
写真説明：大相撲秋場所４日目。安青錦（右）を攻める伯乃富士＝１６日、東京・両国国技館　【時事通信社】",[],[]
攻める霧島（時事通信）,https://news.yahoo.co.jp/articles/a662262ed7d6bac60516b09c968c9d2ffa533299,https://newsatcl-pctr.c.yimg.jp/t/amd-img/20260916-00000159-jij-000-2-view.jpg?exp=10800,2026-09-16T19:12:34+09:00,2026-09-16T19:16:25+09:00,時事通信,jij,時事通信,57,"写真：時事通信社
写真説明：大相撲秋場所４日目。琴栄峰（左）を攻める霧島＝１６日、東京・両国国技館　【時事通信社】",[],[]
「レカネマブ」注射剤も承認（時事通信）,https://news.yahoo.co.jp/articles/6e694489c80db1f65ee49b6010c9d4a643a4f69f,https://newsatcl-pctr.c.yimg.jp/t/amd-img/20260916-00000158-jij-000-2-view.jpg?exp=10800,2026-09-16T19:06:56+09:00,2026-09-16T19:09:59+09:00,時事通信,jij,時事通信,114,"写真：時事通信社
写真説明：エーザイと米医薬品大手バイオジェンは１６日、アルツハイマー型認知症の治療薬「レカネマブ」（商品名・レケンビ）の皮下注製剤が、厚生労働省から製造販売の承認を受けたと発表した＝エーザイ提供　【時事通信社】",[],[]
エーザイ「レカネマブ」注射剤も厚労省承認　認知症治療薬、在宅投与可能に（時事通信）,https://news.yahoo.co.jp/articles/df7297a62a0fd3c0e1fff65a987cccbd98c224e2,https://newsatcl-pctr.c.yimg.jp/t/amd-img/20260916-00000157-jij-000-5-view.jpg?exp=10800,2026-09-16T19:06:53+09:00,2026-09-16T19:12:24+09:00,時事通信,jij,時事通信,405,"アルツハイマー型認知症の治療薬「レカネマブ」の皮下注製剤（エーザイ提供）
エーザイと米医薬品大手バイオジェンは16日、アルツハイマー型認知症の治療薬「レカネマブ」（商品名・レケンビ）の皮下注製剤が、厚生労働省から製造販売の承認を受けたと発表した。
【写真】アルツハイマー病治療薬「レカネマブ」
在宅で投与できるため、患者の治療時の負担の大幅な軽減につながると期待される。

　商品名は「レケンビ皮下注250mgペン」。1本当たり約15秒での投与が可能で、1回で2本使用する。これまでは2週間に一度、病院で点滴による投与が必要だったが、皮下注製剤は週に一度、在宅で自己投与できるようになる。医師による処方や、安全性確認のための通院は必要。

　中央社会保険医療協議会（厚労相の諮問機関）での審議・了承を経て、11月半ばから12月半ばにかけて処方が開始される見込み。皮下注タイプの承認は、米国、中国に次ぎ3カ国目。",[],[]
日本ハムオーナー、新庄監督去就に言及　「ノーの理由あまりない」　プロ野球（時事通信）,https://news.yahoo.co.jp/articles/18da20c721c230b83686d86607e88e58b4f69076,https://newsatcl-pctr.c.yimg.jp/t/amd-img/20260916-00000156-jij-000-10-view.jpg?exp=10800,2026-09-16T19:02:10+09:00,2026-09-16T19:58:00+09:00,時事通信,jij,時事通信,327,"日本ハムの新庄剛志監督＝９月１３日、埼玉・ベルーナドーム
日本ハムの井川伸久オーナーは16日、東京都内で行われたオーナー会議後に取材に応じ、新庄剛志監督の去就について「『ノーだ』という理由はあまり見当たらない」と、続投に前向きな意見を示した。
【写真】日本ハムの新庄監督と談笑する「侍ジャパン」の井口監督
新庄監督は今季が就任5年目。

　昨季まで2年連続2位の日本ハムは現在3位と苦戦しているが、井川氏は「評価はしている。他のチームが明らかに強くなっている。われわれは伸びているが、他もやはり伸びている」と説明。一方で、「個人的には評価しているが（球団）全体としてどうしていくかというのはシーズンが終わってから」と、監督人事が未定であることを強調した。",[],[]
敗れた安青錦（時事通信）,https://news.yahoo.co.jp/articles/62f0ccc225396035531fb7a069d84e5ad41ce4aa,https://newsatcl-pctr.c.yimg.jp/t/amd-img/20260916-00000155-jij-000-2-view.jpg?exp=10800,2026-09-16T18:58:31+09:00,2026-09-16T19:02:46+09:00,時事通信,jij,時事通信,65,"写真：時事通信社
写真説明：大相撲秋場所４日目。安青錦（奥）は伯乃富士に押し出しで敗れる＝１６日、東京・両国国技館　【時事通信社】",[],[]
サチ元大統領に禁錮25年　コソボ紛争で戦争犯罪　特別法廷（時事通信）,https://news.yahoo.co.jp/articles/db76943f62415de5871b17eb5d0e64043efce785,https://newsatcl-pctr.c.yimg.jp/t/amd-img/20260916-00000154-jij-000-8-view.jpg?exp=10800,2026-09-16T18:54:46+09:00,2026-09-16T21:33:14+09:00,時事通信,jij,時事通信,380,"コソボのサチ元大統領＝２０２０年７月、プリシュティナ（ＡＦＰ時事）
【ブリュッセル時事】1990年代末の旧ユーゴスラビア・コソボ紛争を巡り、オランダ・ハーグの特別法廷は16日、戦争犯罪などに問われたコソボのサチ元大統領（58）に禁錮25年の判決を言い渡した。

　共に起訴された3人も同13～25年とした。検察は4人に禁錮45年を求刑していた。

　4人は紛争当時、旧ユーゴからのコソボ独立を目指したアルバニア系武装組織「コソボ解放軍（KLA）」の幹部だった。特別法廷は、KLAに反対していると見なされた人々ら96人の殺害や、数百人の拘束、拷問などについて4人の刑事責任を認定。戦争犯罪4件で全員を有罪とした。

　一方、被害者の多くはKLAへの反対などを理由に個別に標的にされており、人道に対する罪の成立要件を満たさないとして、同罪6件では全員を無罪とした。",[],[]
聖火リレー走者を務めた「りくりゅう」（時事通信）,https://news.yahoo.co.jp/articles/d8f7d82b96e4b128b006dd6b14070f52a231278e,https://newsatcl-pctr.c.yimg.jp/t/amd-img/20260916-00000153-jij-000-2-view.jpg?exp=10800,2026-09-16T18:47:30+09:00,2026-09-16T18:49:57+09:00,時事通信,jij,時事通信,116,"写真：時事通信社
写真説明：愛知・名古屋アジア大会の聖火リレーで走者を務めたフィギュアスケートのペアで、ミラノ・コルティナ五輪金メダリストの三浦璃来さん（左）と木原龍一さん（中央）＝１６日、名古屋市瑞穂区（代表撮影）　【時事通信社】",[],[]
聖火リレー走者を務めた「りくりゅう」（時事通信）,https://news.yahoo.co.jp/articles/5759086808582ef733330fa26edb442244edee51,https://newsatcl-pctr.c.yimg.jp/t/amd-img/20260916-00000152-jij-000-2-view.jpg?exp=10800,2026-09-16T18:43:39+09:00,2026-09-16T18:46:13+09:00,時事通信,jij,時事通信,113,"写真：時事通信社
写真説明：愛知・名古屋アジア大会の聖火リレーで走者を務めたフィギュアスケートのペアで、ミラノ・コルティナ五輪金メダリストの三浦璃来さん（奥中央右）と木原龍一さん（同左）＝１６日、名古屋市瑞穂区　【時事通信社】",[],[]
りくりゅうが「大役」　聖火リレーで祝福の声―愛知・名古屋アジア大会（時事通信）,https://news.yahoo.co.jp/articles/87033c52f94b5cefec444a0ffbb2e174cc201f87,https://newsatcl-pctr.c.yimg.jp/t/amd-img/20260916-00000151-jij-000-7-view.jpg?exp=10800,2026-09-16T18:43:06+09:00,2026-09-16T19:06:07+09:00,時事通信,jij,時事通信,401,"愛知・名古屋アジア大会の聖火リレーで走者を務めたフィギュアスケートのペアで、ミラノ・コルティナ五輪金メダリストの三浦璃来さん（奥中央右）と木原龍一さん（同左）＝１６日、名古屋市瑞穂区
19日に開幕する愛知・名古屋アジア大会の聖火リレーは16日、名古屋市瑞穂区で行われ、フィギュアスケートのペアでミラノ・コルティナ五輪金メダルの三浦璃来さんと木原龍一さんが聖火ランナーとして登場した。
【写真特集】フィギュアペア「りくりゅう」三浦璃来＆木原龍一
8月に婚約を発表した「りくりゅう」に、スタート地点の会場で観衆から祝福の声が上がった。

　小雨が降る中、三浦さんは「雨に負けず、聖火のバトンと思いを届けられるよう走り抜きたい」とあいさつ。木原さんは「璃来ちゃんは本気で走るものだと思っていたみたい。置いていかれないように、しっかり走りたい」と話し、2人で出発。沿道の人々に手を振るなど、笑顔で大役を務めた。",[],[]
大の里と安青錦に土　霧島は連敗免れる―大相撲秋場所4日目（時事通信）,https://news.yahoo.co.jp/articles/61a8f283b6dc57489c206bcebdbbdbd68ba71e8c,https://newsatcl-pctr.c.yimg.jp/t/amd-img/20260916-00000150-jij-000-8-view.jpg?exp=10800,2026-09-16T18:37:30+09:00,2026-09-16T19:11:28+09:00,時事通信,jij,時事通信,189,"安青錦（奥）は伯乃富士に押し出しで敗れる＝１６日、東京・両国国技館
大相撲秋場所4日目（16日、東京・両国国技館）
　横綱大の里は高安に突き倒され、大関安青錦は新小結の伯乃富士に屈し、共に土がついた。高安は7個目の金星、伯乃富士は初白星。横綱昇進が懸かる霧島は琴栄峰を下し、連敗を免れて3勝目。大関琴桜がただ一人の4連勝。大関昇進に挑む熱海富士は2日ぶりの白星で3勝目を挙げた。",[],[]
HIV報告、890人　過去20年で2番目に少なく　厚労省（時事通信）,https://news.yahoo.co.jp/articles/fdafaa606e6bad45e9066928306651902da530ed,https://newsatcl-pctr.c.yimg.jp/t/amd-img/20260916-00000149-jij-000-12-view.jpg?exp=10800,2026-09-16T18:30:55+09:00,2026-09-16T19:09:15+09:00,時事通信,jij,時事通信,385,"厚生労働省＝東京都千代田区
厚生労働省は16日、2025年に判明したエイズウイルス（HIV）感染者とエイズ患者の確定値が計890人だったと発表した。
【写真特集】エイズウイルスの顕微鏡写真
前年から104人減り、884人だった22年に次いで過去20年で2番目に少なかった。HIV感染者は過去20年で最少だった。

　同省によると、HIV感染者は前年比38人減の624人、エイズ患者は66人減の266人だった。

　感染経路は同性間の性的接触が最も多く、HIV感染者で404人、エイズ患者で139人だった。

　年代別では、HIV感染者は20代が最も多く219人、30代が216人と続いた。エイズ患者は50歳以上が最多の86人、次いで30代が73人だった。

　保健所などでのHIV抗体検査数は10万7083件と減少した。相談件数は7万3359件となり、2年連続で減った。",[],[]
〔ロンドン外為〕円、155円台前半（16日午前10時）（時事通信）,https://news.yahoo.co.jp/articles/afa409f1c64cb51537b0ab5b2bb32c82e531115d,https://newsatcl-pctr.c.yimg.jp/t/amd-img/default.jpg?exp=10800,2026-09-16T18:30:18+09:00,2026-09-16T18:34:31+09:00,時事通信,jij,時事通信,543,"【ロンドン時事】16日午前のロンドン外国為替市場の円相場は、1ドル＝155円台前半で推移した。原油価格の上昇を背景に、ドル買い・円売り地合いが続いているものの、米連邦公開市場委員会（FOMC）の結果公表を控えて様子見ムードも出ている。午前10時現在は155円06～16銭と、前日午後4時（155円04～14銭）比02銭の小幅な円安・ドル高。
　海外時間の円相場は、原油高と米長期金利上昇を背景に155円台前半で推移した。東京時間には円売り・ドル買いが強まり、155円40銭台まで下落。一巡後はドルを売って円を買い戻す動きでじりじりと値を戻し154円台後半に上昇した。
　ロンドン時間は、海外市場の流れを引き継ぎ154円90銭台で始まった。154円80銭台まで上昇した後は円売り・ドル買いが優勢となって155円10銭台に上昇した。FOMCの結果公表を控えた様子見ムードも広がっている。
　対ユーロは1ユーロ＝178円94～179円04銭（前日午後4時は178円96～179円06銭）と、02銭の小幅な円高・ユーロ安。ユーロの対ドル相場は1ユーロ＝1．1535～1545ドル（同1．1537～1547ドル）。
　ポンドは1ポンド＝1．3465～3475ドル（同1．3483～3493ドル）。",[],[]
【図解】大きな地震増加時、マグマ噴火も＝北海道・十勝岳で―政府火山調査委（時事通信）,https://news.yahoo.co.jp/articles/8e914acf304864241053eaa53d45ce2ad97713eb,https://newsatcl-pctr.c.yimg.jp/t/amd-img/20260916-00000008-jij_graph-000-4-view.jpg?exp=10800,2026-09-16T18:30:02+09:00,2026-09-16T19:11:12+09:00,時事通信,jij,時事通信,121,"十勝岳
政府の火山調査委員会は16日、噴火警戒レベル3（入山規制）となった北海道の十勝岳について臨時会合を文部科学省で開き、「今後、規模の大きな火山性地震の明瞭な増加が認められた場合には、マグマ噴火が発生する可能性がある」との評価をまとめた。",[],[]
大きな地震増加時、マグマ噴火も　北海道・十勝岳で　政府火山調査委（時事通信）,https://news.yahoo.co.jp/articles/015a371669e8296b3af462798f8b7492a4d19a34,https://newsatcl-pctr.c.yimg.jp/t/amd-img/20260916-00000148-jij-000-17-view.jpg?exp=10800,2026-09-16T18:25:09+09:00,2026-09-16T19:11:19+09:00,時事通信,jij,時事通信,686,"北海道・十勝岳の活動について記者会見する火山調査委員会の清水洋委員長（中央）＝１６日午後、文部科学省
政府の火山調査委員会は16日、噴火警戒レベル3（入山規制）となった北海道の十勝岳について臨時会合を文部科学省で開き、「今後、規模の大きな火山性地震の明瞭な増加が認められた場合には、マグマ噴火が発生する可能性がある」との評価をまとめた。
【写真特集】The　Volcano　世界の火山　～立ち上る噴煙、流れ出す溶岩～
十勝岳で前回マグマ噴火が起きたのは1988～89年で、人的被害はなかった。

　清水洋委員長（九州大名誉教授）は記者会見で、「切迫性は分からないが、本格的な噴火が起きる可能性が高まっている」と指摘。その上で「現状では（人的被害があった）62年のマグマ噴火の規模にはならないが、88～89年のような噴火のポテンシャルはある」との見方を示した。

　十勝岳は7月22日にごく小規模な噴火が22年ぶりに発生し、8月5、6両日にも同規模の噴火があった。今月12日に規模の比較的大きな地震（マグニチュード＝M1．8）が起き、噴火警戒レベルが2（火口周辺規制）から3に初めて引き上げられた。62年の噴火前にはM3．6、88～89年の噴火前にはM2．7の地震がそれぞれ起きていた。

　レベル3では火口から約3キロの範囲で大きな噴石の飛散などに警戒が呼び掛けられているが、積雪期に本格的な噴火が起きた場合、より広範囲に影響を及ぼす「融雪型泥流」の発生が懸念されている。気象庁は現状の活動状況のまま積雪期に入ったと判断した場合、レベル4（高齢者等避難）に引き上げる方針。",[],[]
力投する上沢　プロ野球（時事通信）,https://news.yahoo.co.jp/articles/d960a7c554f267b37892de17c8361c1ad83f85e4,https://newsatcl-pctr.c.yimg.jp/t/amd-img/20260916-00000147-jij-000-2-view.jpg?exp=10800,2026-09-16T18:25:06+09:00,2026-09-16T18:28:16+09:00,時事通信,jij,時事通信,61,"写真：時事通信社
写真説明：オリックス―ソフトバンク。力投するソフトバンク先発の上沢＝１６日、京セラドーム　【時事通信社】",[],[]
オリックス先発の九里　プロ野球（時事通信）,https://news.yahoo.co.jp/articles/ba8716171523a2ff35c1fd6c6d5fb21117e65aba,https://newsatcl-pctr.c.yimg.jp/t/amd-img/20260916-00000146-jij-000-2-view.jpg?exp=10800,2026-09-16T18:18:49+09:00,2026-09-16T18:22:07+09:00,時事通信,jij,時事通信,60,"写真：時事通信社
写真説明：オリックス―ソフトバンク。力投するオリックス先発の九里＝１６日、京セラドーム　【時事通信社】",[],[]
マイナ保険証義務化、二審も「適法」　医師らの訴え退ける　東京高裁（時事通信）,https://news.yahoo.co.jp/articles/b969a41f88c3db0b4a306e4268661325e80fb4a5,https://newsatcl-pctr.c.yimg.jp/t/amd-img/20260916-00000145-jij-000-14-view.jpg?exp=10800,2026-09-16T18:16:14+09:00,2026-09-16T19:08:20+09:00,時事通信,jij,時事通信,400,"マイナンバーカードと健康保険証（資料写真）
マイナンバーカードに健康保険証の機能を持たせた「マイナ保険証」が利用できる体制の整備などを医療機関に義務付けたのは違法として、医師ら1230人が国に義務の無効確認と1人当たり10万円の損害賠償を求めた訴訟の控訴審判決が16日、東京高裁であった。
【写真特集】歴史に残る衝撃事件10～3億円強奪、グリコ・森永…～
三木素子裁判長は、請求を棄却した一審東京地裁判決を支持し、原告側の控訴を棄却した。原告側は上告する方針。

　判決で三木裁判長は「健康保険法は医療サービスだけでなく、保険給付に関する事務も省令で義務付けることを認めていると解するのが相当だ」と指摘。一審に続き、義務付けを明確に認めていないとする原告側の主張を退けた。

　医療機関の負担増加で廃業が増えているとする原告側主張についても、「義務付けに起因して増加しているとは認められない」とした。",[],[]
スノーピーク管理の複合施設が開業　群馬県〔地域〕（時事通信）,https://news.yahoo.co.jp/articles/2a4161f629172fda9b2a6cd7a5fe5ea60f7924db,https://newsatcl-pctr.c.yimg.jp/t/amd-img/20260916-00000144-jij-000-7-view.jpg?exp=10800,2026-09-16T18:16:03+09:00,2026-09-16T19:06:08+09:00,時事通信,jij,時事通信,475,"１９日に開業する「赤城ビジターセンター（スノーピークランドステーション赤城）」＝１６日、前橋市
群馬県が県立赤城公園（前橋市）で整備を進めていた複合施設「赤城ビジターセンター（スノーピークランドステーション赤城）」の竣工（しゅんこう）式が16日に開かれた。19日に開業する。アウトドアビジネスを手がけるスノーピークが指定管理を担う。同社の水口貴文社長は「赤城を訪れた人の玄関口にしたい」と話した。

　施設には、赤城山頂エリアを紹介する観光案内や24時間使えるトイレ、コインシャワーなどを設けた。地元物産品などを販売する同社直営のショップ、室内に66席あるカフェも入る。

　県は赤城公園の活性化に取り組んでおり、4月末には同社が指定管理者として運営するキャンプフィールドが開業した。両拠点の整備事業費は約37億円。それぞれの施設で出る利益の一部は県に還元される。

　県自然環境課によると、赤城公園は1970～80年代には年間100万人を超える人が訪れたが、近年は落ち込み、25年度は約70万人。両拠点の開業で年間来場者計10万人の上積みを目指す。",[],[]
ドンキ、９９９円フリース発売（時事通信）,https://news.yahoo.co.jp/articles/116ff9eb450c4ee8c8199a95c444cc9521fc5910,https://newsatcl-pctr.c.yimg.jp/t/amd-img/20260916-00000143-jij-000-2-view.jpg?exp=10800,2026-09-16T18:13:57+09:00,2026-09-16T18:16:33+09:00,時事通信,jij,時事通信,122,"写真：時事通信社
写真説明：ドン・キホーテは１６日、税抜き９９９円のフリースを１０月上旬から全国のドン・キホーテ系列店舗で順次発売すると発表。物価高で節約志向が高まる中、価格を抑えた商品を投入し、来店客の獲得につなげる＝同社提供　【時事通信社】",[],[]
エヌビディアのフアンＣＥＯ（時事通信）,https://news.yahoo.co.jp/articles/04511958313d133d2f363f75a482c82c8d47e56e,https://newsatcl-pctr.c.yimg.jp/t/amd-img/20260916-00000142-jij-000-2-view.jpg?exp=10800,2026-09-16T18:09:26+09:00,2026-09-16T18:12:04+09:00,時事通信,jij,時事通信,116,"写真：時事通信社
写真説明：１５日、米サンフランシスコで開かれた米顧客管理ソフトウエア大手セールスフォースの技術イベントで、同社のベニオフ最高経営責任者（ＣＥＯ、左）と対談する米半導体大手エヌビディアのフアンＣＥＯ。　【時事通信社】",[],[]
大の里と安青錦に土（時事通信）,https://news.yahoo.co.jp/articles/dd23249fe5e915e7d0be1be602d4707c7fe590f2,https://newsatcl-pctr.c.yimg.jp/t/amd-img/20260916-00000141-jij-000-3-view.jpg?exp=10800,2026-09-16T18:05:45+09:00,2026-09-16T19:01:32+09:00,時事通信,jij,時事通信,107,"写真：時事通信社
写真説明：大相撲秋場所４日目。横綱大の里（右）は高安に突き倒され、大関安青錦は新小結の伯乃富士に屈し、共に土がついた。高安は７個目の金星、伯乃富士は初白星＝１６日、東京・両国国技館　【時事通信社】",[],[]
琴桜の上手投げ（時事通信）,https://news.yahoo.co.jp/articles/df6f6cf78ea20cda936558b249878e758115149a,https://newsatcl-pctr.c.yimg.jp/t/amd-img/20260916-00000140-jij-000-2-view.jpg?exp=10800,2026-09-16T18:05:44+09:00,2026-09-16T18:08:11+09:00,時事通信,jij,時事通信,62,"写真：時事通信社
写真説明：大相撲秋場所４日目。琴桜（左）は豪ノ山を上手投げで下す＝１６日、東京・両国国技館　【時事通信社】",[],[]
ドンキ、999円フリース発売　低価格衣料品で集客狙う（時事通信）,https://news.yahoo.co.jp/articles/181a82c0dec77ed88faac3590f9973f85f01aced,https://newsatcl-pctr.c.yimg.jp/t/amd-img/20260916-00000139-jij-000-5-view.jpg?exp=10800,2026-09-16T18:03:33+09:00,2026-09-16T18:14:03+09:00,時事通信,jij,時事通信,312,"ドン・キホーテが発売する999円のフリース。写真の色はブルー（同社提供）
ドン・キホーテ（東京）は16日、税抜き999円のフリースを10月上旬から全国のドン・キホーテ系列店舗で順次発売すると発表した。
【ひと目でわかる】企業の景況感
物価高で節約志向が高まる中、価格を抑えた商品を投入し、来店客の獲得につなげる。

　生産や物流にかかるコストを見直し、低価格を実現。同社は「今後も継続してこの価格でお届けできる体制を整えていく」としている。

　21日から北海道と東北地域で先行して発売し、10月上旬から全国に拡大する。サイズは男女兼用で6サイズを展開し、子ども用も用意した。色はブラックやベージュなど17色を取りそろえた。",[],[]
京都・八幡市長が女児出産（時事通信）,https://news.yahoo.co.jp/articles/4effc54c8d6429f0ededfc7dd2a3d09a99b730b0,https://newsatcl-pctr.c.yimg.jp/t/amd-img/20260916-00000138-jij-000-2-view.jpg?exp=10800,2026-09-16T17:54:50+09:00,2026-09-16T17:58:28+09:00,時事通信,jij,時事通信,79,"写真：時事通信社
写真説明：京都府八幡市は１６日、産休中の川田翔子市長（３６）が１５日に第１子となる女児を出産したと明らかにした。（家族提供）　【時事通信社】",[],[]
労働時間規制、見直し議論始動（時事通信）,https://news.yahoo.co.jp/articles/71a1743ecf720cd3a1386979aa5f70a7f16b6094,https://newsatcl-pctr.c.yimg.jp/t/amd-img/20260916-00000137-jij-000-2-view.jpg?exp=10800,2026-09-16T17:48:52+09:00,2026-09-16T17:52:05+09:00,時事通信,jij,時事通信,115,"写真：時事通信社
写真説明：厚生労働省は１６日、労働政策審議会（厚生労働相の諮問機関）の分科会を開き、政府が７月に閣議決定した「日本成長戦略」などを踏まえ、労働時間規制の見直しを巡る議論を始動させた＝東京都千代田区　【時事通信社】",[],[]
野村気象庁長官「予測高度化に取り組む」　線状降水帯の的中、想定下回る（時事通信）,https://news.yahoo.co.jp/articles/c2457bcb8cc258067b6207e0397c35278c9363e9,https://newsatcl-pctr.c.yimg.jp/t/amd-img/20260916-00000136-jij-000-13-view.jpg?exp=10800,2026-09-16T17:42:37+09:00,2026-09-16T18:13:23+09:00,時事通信,jij,時事通信,331,"豪雨でアンダーパスが冠水し、水没した車＝８月１４日、千葉県鎌ケ谷市
気象庁の野村竜一長官は16日の定例記者会見で、千葉豪雨をはじめ各地で発生した一連の大雨災害を受け、「予測技術の開発を進め、気象予測の高度化に取り組んでいきたい」と話した。
【写真特集】台風・大雨被害2026　～千葉県で記録的豪雨～
5月に運用が始まった線状降水帯の「直前予測」の的中率が当初の想定を下回った点について、「率直に残念だ。今年の事例を分析し、改善につなげたい」と述べた。

　直前予測は、3時間以内に線状降水帯発生の危険性が高まった際に発表している。的中率は50％程度と想定されたが、8月30日時点で53回発表され、このうち実際に発生したのは16回と、的中率は約30％にとどまった。",[],[]
「オーシャンサクラ」１９日就航（時事通信）,https://news.yahoo.co.jp/articles/ccb7c2d257d387fed9f8e02578798b1bb11b39ea,https://newsatcl-pctr.c.yimg.jp/t/amd-img/20260916-00000135-jij-000-2-view.jpg?exp=10800,2026-09-16T17:39:30+09:00,2026-09-16T17:41:59+09:00,時事通信,jij,時事通信,119,"写真：時事通信社
写真説明：商船三井傘下の商船三井クルーズは１６日、新規就航する「ＭＩＴＳＵＩ　ＯＣＥＡＮ　ＳＡＫＵＲＡ（三井オーシャンサクラ）」の船内を報道陣に公開した。全２２９室がスイート仕様で１９日に就航する＝横浜市　【時事通信社】",[],[]
「オーシャンサクラ」１９日就航（時事通信）,https://news.yahoo.co.jp/articles/1de0b84e27153f8349a3cc5adb030976eeb5f721,https://newsatcl-pctr.c.yimg.jp/t/amd-img/20260916-00000134-jij-000-2-view.jpg?exp=10800,2026-09-16T17:39:30+09:00,2026-09-16T17:41:59+09:00,時事通信,jij,時事通信,119,"写真：時事通信社
写真説明：商船三井傘下の商船三井クルーズは１６日、新規就航する「ＭＩＴＳＵＩ　ＯＣＥＡＮ　ＳＡＫＵＲＡ（三井オーシャンサクラ）」の船内を報道陣に公開した。全２２９室がスイート仕様で１９日に就航する＝横浜市　【時事通信社】",[],[]
維新の新役員（時事通信）,https://news.yahoo.co.jp/articles/1b92824a2048e0f0b51c948b86357cbbad35ebfd,https://newsatcl-pctr.c.yimg.jp/t/amd-img/20260916-00000133-jij-000-2-view.jpg?exp=10800,2026-09-16T17:33:17+09:00,2026-09-16T17:36:25+09:00,時事通信,jij,時事通信,89,"写真：時事通信社
写真説明：撮影に応じる日本維新の会の（左から）梅村聡政調会長、柴田巧幹事長、吉村洋文代表、藤田文武共同代表、金村龍那総務会長＝１６日午後、国会内　【時事通信社】",[],[]
強制連行、中国で日本企業6社に賠償請求　元労働者遺族50人、訴状提出（時事通信）,https://news.yahoo.co.jp/articles/96a01bb1fbfb13a594e3d386799240c838778c28,https://newsatcl-pctr.c.yimg.jp/t/amd-img/20260916-00000132-jij-000-6-view.jpg?exp=10800,2026-09-16T17:33:01+09:00,2026-09-16T18:12:04+09:00,時事通信,jij,時事通信,431,"中国外務省の郭嘉昆副報道局長＝２０２５年５月、北京（ＥＰＡ時事）
【北京時事】戦時中に日本に強制連行され労働を強いられたとして、中国人元労働者の遺族50人が16日、鹿島建設や日鉄鉱業など日本企業6社に対し、1人当たり約37万元（約850万円）の損害賠償を求める訴状を河北省石家荘市の高級人民法院（高裁）に提出した。
【ひと目でわかる】最近の日中関係
原告団が明らかにした。

　原告団は、日中両国の少なくとも10の主要メディアに謝罪文を掲載することも求めている。訴状では、強制連行が「労働者本人に甚大な苦難をもたらし、遺族にも永続的な精神的苦痛を与えている」としている。

　中国人の強制連行を巡っては、日本政府は中国が戦争賠償の請求を放棄した日中共同声明（1972年）で解決済みとの立場をとっている。中国外務省の郭嘉昆副報道局長は16日の記者会見で、「日本側が歴史を直視し、アジアで被害を受けた国の人々の正当で合理的な要求に真剣に向き合うよう求める」と述べた。",[],[]
〔東京外為〕ドル、155円近辺＝終盤は原油安で伸び悩み（16日午後5時）（時事通信）,https://news.yahoo.co.jp/articles/dc82556744648e1e64a2ca2ab7031af87a0d50f2,https://newsatcl-pctr.c.yimg.jp/t/amd-img/default.jpg?exp=10800,2026-09-16T17:30:22+09:00,2026-09-16T17:33:49+09:00,時事通信,jij,時事通信,679,"16日の東京外国為替市場のドルの対円相場（気配値）は終盤、原油先物相場の水準切り下げや米連邦公開市場委員会（FOMC）の結果発表を控えたポジション調整などで、1ドル＝155円近辺に伸び悩んだ。午後5時現在、154円96～99銭と前日（午後5時、154円87～88銭）比09銭の小幅ドル高・円安。
　前日の海外市場では、欧州時間序盤に154円80銭近辺から155円20銭台に上伸する場面もあったが、すぐに戻り売りに押され、米国時間の序盤には154円70銭前後に下落。その後は原油先物相場の上昇と米長期金利の高止まりを背景に買い戻され、終盤は155円10銭台に水準を切り上げた。
　東京時間早朝もこの水準を引き継いで推移。その後、買いが強まり、午前9時前には155円40銭台に急伸した。一巡後はいったん155円10銭近辺まで伸び悩み。仲値公示にかけては「国内輸入企業などのドル買い・円売りが優勢だった」（外為仲介業者）といい、一時は155円50銭近辺まで値を上げた。正午に向けては155円20銭近辺まで緩んだ。
　午後も155円20～40銭程度でもみ合ったが、その後はじりじりと下落。午後3時すぎには155円を割り込んだ。「原油先物相場が下落基調となったことがドル売り要因につながった上、FOMC結果を控えての持ち高調整が入った」（シンクタンク）との見方があった。
　ユーロは、対円で上昇、対ドルでは横ばい。午後5時現在、1ユーロ＝178円96～97銭（前日午後5時、178円73～74銭）、対ドルでは1．1547～1547ドル（同1．1540～1540ドル）。",[],[]
米エヌビディアCEO、新しい規制「必要ない」　AI開発減速論巡り（時事通信）,https://news.yahoo.co.jp/articles/2624820d74a02710fc55a930f16c36651eb68011,https://newsatcl-pctr.c.yimg.jp/t/amd-img/20260916-00000131-jij-000-7-view.jpg?exp=10800,2026-09-16T17:28:47+09:00,2026-09-16T18:13:12+09:00,時事通信,jij,時事通信,618,"１５日、米サンフランシスコで開かれた米顧客管理ソフトウエア大手セールスフォースの技術イベントで、同社のベニオフ最高経営責任者（ＣＥＯ、左）と対談する米半導体大手エヌビディアのフアンＣＥＯ
【サンフランシスコ時事】米半導体大手エヌビディアのフアン最高経営責任者（CEO）は15日、人工知能（AI）開発に「新しい法律も新しい規制も必要ない」と述べた。
【グラフ】AI先端モデルの進化
米国で安全性のためにAIの開発を減速させるべきだとの声が上がる中、政府による一律の規制の導入などに反対の立場を示した。

　米顧客管理ソフトウエア大手セールスフォースが米西部カリフォルニア州サンフランシスコで開いた技術イベントで、同社のベニオフCEOと対談した。フアン氏は、AI開発企業は安全性に自信の持てないAIモデルを公開すべきでないと指摘した上で、「市場が評価してくれるものを公開できると確信するまで、（各企業が）自分のペースで進めばいい」と語った。

　イベントには自身のブログで最先端モデルの開発減速を呼び掛けた米AI企業アンソロピックのアモデイCEOも登壇。「私たちは完璧ではない」と強調。改めて業界全体での基準の策定や国家間での取り組みなどを訴えた。

　イベントには、アモデイ氏に賛同した米オープンAIのアルトマンCEOも登場。安全に開発を進めるため、十分な時間の確保に向けて業界として団結して声を上げることは「素晴らしいことだ」と述べた。",[],[]
現金奪い車で逃走、男性振り落とす　強殺未遂容疑で18、19歳逮捕　広島県警（時事通信）,https://news.yahoo.co.jp/articles/1a9520411e365fa763819db0405b833afb50d06e,https://newsatcl-pctr.c.yimg.jp/t/amd-img/20260916-00000130-jij-000-12-view.jpg?exp=10800,2026-09-16T17:26:03+09:00,2026-09-16T17:57:15+09:00,時事通信,jij,時事通信,272,"広島県警本部＝広島市中区
現金を強奪後、被害男性が車にしがみついたまま約260メートル逃走し、振り落としてけがをさせたとして、広島県警広島東署は16日、強盗殺人未遂容疑で、いずれも広島市安佐北区の19歳と18歳の会社員の男を逮捕した。
〔写真特集〕未解決事件10～3億円強奪から東電女性社員殺害まで～
認否は明らかにしていない。

　逮捕容疑は3月10日午後9時5分ごろ、同市東区の路上で、会社役員の男性（30）がネックレス代として差し出した現金40万円を奪って車で逃走。1人が窓ガラスを蹴って男性を路上に落下させ、約2週間のけがをさせた疑い。",[],[]
葉山莞児さん死去　元大成建設社長（時事通信）,https://news.yahoo.co.jp/articles/4bfc04a01cafb6e744b51b6647f2d7648cf2ab6a,https://newsatcl-pctr.c.yimg.jp/t/amd-img/default.jpg?exp=10800,2026-09-16T17:24:04+09:00,2026-09-16T18:12:05+09:00,時事通信,jij,時事通信,93,"葉山　莞児さん（はやま・かんじ＝元大成建設社長）11日死去、89歳。

　神奈川県出身。葬儀は近親者で済ませた。喪主は妻千恵子（ちえこ）さん。お別れの会の予定はない。連絡先は同社秘書部。",[],[]
労働時間規制、見直し議論始動　成長戦略受け　労政審分科会（時事通信）,https://news.yahoo.co.jp/articles/382231137f93820a292e69a6eb8ab6c401b2f9dc,https://newsatcl-pctr.c.yimg.jp/t/amd-img/20260916-00000128-jij-000-4-view.jpg?exp=10800,2026-09-16T17:17:08+09:00,2026-09-16T18:10:04+09:00,時事通信,jij,時事通信,303,"厚生労働省で開かれた労働政策審議会分科会＝16日、東京都千代田区
厚生労働省は16日、労働政策審議会（厚生労働相の諮問機関）の分科会を開き、政府が7月に閣議決定した「日本成長戦略」などを踏まえ、労働時間規制の見直しを巡る議論を始動させた。
【ひと目でわかる】高市早苗氏はこんな人
今後、月2～3回程度のペースで分科会を開き、来年の通常国会への労働基準法改正案提出を視野に議論を深める。労使の大きな意見の隔たりを埋められるかが焦点だ。

　高市早苗首相は昨年秋の就任後、労働時間規制の緩和検討を指示。今年3月以降、日本成長戦略会議の分科会で議論したが、労使の意見対立で結論が出せず、労政審に議論を委ねていた。",[],[]
【図解】新党名「民主改革の会」＝中道、立・公系に分裂（時事通信）,https://news.yahoo.co.jp/articles/71f87752f7e55c8ba136f6301d2258f70115f2af,https://newsatcl-pctr.c.yimg.jp/t/amd-img/20260916-00000007-jij_graph-000-5-view.jpg?exp=10800,2026-09-16T17:12:12+09:00,2026-09-16T20:06:06+09:00,時事通信,jij,時事通信,71,"近年の野党再編の主な動き
中道改革連合（衆院議員49人）は16日、国会内で議員総会を開き、立憲民主党系20人と公明党系28人の離党を了承した。",[],[]
商船三井、クルーズ船「オーシャンサクラ」19日就航　全室スイート（時事通信）,https://news.yahoo.co.jp/articles/de579a6e857212c2bc40329dec44eb26bdcde208,https://newsatcl-pctr.c.yimg.jp/t/amd-img/20260916-00000127-jij-000-5-view.jpg?exp=10800,2026-09-16T17:10:50+09:00,2026-09-16T18:09:09+09:00,時事通信,jij,時事通信,369,"クルーズ船「三井オーシャンサクラ」＝16日、横浜市
商船三井傘下の商船三井クルーズ（東京）は16日、新規就航する「MITSUI　OCEAN　SAKURA（三井オーシャンサクラ）」の船内を報道陣に公開した。
【ひと目でわかる】企業の景況感
全229室がスイート仕様で19日に就航する。約35年の歴史に幕を下ろした「にっぽん丸」の後継船となる。

　船内には五つのレストランに加え、グランドプールには足湯も設けた。最大客室の「シグネチャースイート」は87平方メートルの広さで、大きな窓から開放感に満ちた海の眺めを楽しめる。

　日本船籍で、1～3泊の短期クルーズを中心に運航する。全長200メートル以下の小回りが利く船体を生かし、離島を含むさまざまな寄港地を巡る。神戸港発着の「新春の瀬戸内海クルーズ」（3日間）は、1人19万4000円から。",[],[]
【図解】8月訪日客、9．6％減＝2カ月ぶりマイナス、中国6割減―政府観光局（時事通信）,https://news.yahoo.co.jp/articles/0871c7e05a3563874d94f1fa13cfc97feaedf500,https://newsatcl-pctr.c.yimg.jp/t/amd-img/20260916-00000006-jij_graph-000-5-view.jpg?exp=10800,2026-09-16T17:09:45+09:00,2026-09-16T18:12:08+09:00,時事通信,jij,時事通信,66,"訪日外国人数の推移
日本政府観光局は16日、8月の訪日外国人数（推計値）が前年同月比9．6％減の309万8900人だったと発表した。",[],[]
円相場、154円96～99銭　16日午後5時現在（時事通信）,https://news.yahoo.co.jp/articles/8adfc3fc3b9e0c6a81a14b85b84d59c819769d72,https://newsatcl-pctr.c.yimg.jp/t/amd-img/default.jpg?exp=10800,2026-09-16T17:09:32+09:00,2026-09-16T18:13:23+09:00,時事通信,jij,時事通信,72,16日の東京外国為替市場の円相場は、午後5時現在1ドル＝154円96～99銭と、前日（154円87～88銭）に比べ09銭の円安・ドル高となった。,[],[]
8月訪日客、9．6％減　2カ月ぶりマイナス、中国6割減　政府観光局（時事通信）,https://news.yahoo.co.jp/articles/422ef3384008bec952df5068a7ab9f90a7cd789c,https://newsatcl-pctr.c.yimg.jp/t/amd-img/20260916-00000125-jij-000-9-view.jpg?exp=10800,2026-09-16T17:04:01+09:00,2026-09-16T18:12:04+09:00,時事通信,jij,時事通信,339,"訪日外国人客らでにぎわう東京・浅草寺の雷門＝８月１９日、東京都台東区（ＥＰＡ時事）
日本政府観光局は16日、8月の訪日外国人数（推計値）が前年同月比9．6％減の309万8900人だったと発表した。
【ひと目でわかる】訪日外国人数と消費額の推移
2カ月ぶりにマイナスに転じた。中国政府による渡航自粛要請が続いているほか、台風に伴う欠航の影響も響いた。

　中国人客は59．0％減少し、9カ月連続の前年割れだった。昨年好調だったオーストラリアも7．4％減り、2カ月連続のマイナス。現地での物価高騰で海外旅行を敬遠する動きが出ているという。

　一方、メキシコやインドネシア、インドなど14の国・地域で8月として過去最高となり、このうちイタリアとスペインは単月としても最多を更新した。",[],[]
金融審、貸金業法改正へ議論スタート　海外から資金呼び込み（時事通信）,https://news.yahoo.co.jp/articles/7fbee70178df181cc1219d59df630a58490c84b8,https://newsatcl-pctr.c.yimg.jp/t/amd-img/20260916-00000124-jij-000-7-view.jpg?exp=10800,2026-09-16T16:59:16+09:00,2026-09-16T18:12:04+09:00,時事通信,jij,時事通信,405,"金融庁＝東京都千代田区
金融審議会（首相の諮問機関）は16日、約20年ぶりとなる貸金業法改正に向けた作業部会の初会合を開いた。

　金融庁は、外国銀行が国内で組成された協調融資（シンジケートローン）に参加しやすくするための要件緩和に向けた論点を提示。邦銀だけでは賄えない資金需要の伸びに対応するため、海外から資金を呼び込みたい考えだ。

　大型M＆A（合併・買収）などの成長資金を供給する主体を増やすことが狙い。法人向け、個人向けを問わず、ほぼ一律に課されている規制を借り手の特性など実態に応じた形に柔軟化する。今後作業部会での議論を本格化させ、2027年の通常国会に貸金業法改正案の提出を目指す。

　現行の貸金業法では、国内で銀行免許を持たない外国の金融機関が協調融資に参加するには、日本に営業所を設置する必要がある。貸出先が交渉力のある大企業の場合などに限り、外銀の参入要件を緩和する方向で議論を進める。",[],[]
香港、初の５カ年計画（時事通信）,https://news.yahoo.co.jp/articles/e92ab80fac40677ce189d091e8e15cebf6f30e0c,https://newsatcl-pctr.c.yimg.jp/t/amd-img/20260916-00000123-jij-000-2-view.jpg?exp=10800,2026-09-16T16:58:38+09:00,2026-09-16T17:02:02+09:00,時事通信,jij,時事通信,122,"写真：時事通信社
写真説明：香港政府は１６日、経済と社会発展に関する２０２６年からの５カ年計画を公表。策定は初めてで、「香港が国家全体の戦略に貢献するための計画だ」と明記。写真は香港立法会で５カ年計画を読み上げる李家超行政長官。　【EPA時事】",[],[]
京都・八幡市長が女児出産　産休中、「応援に感謝」（時事通信）,https://news.yahoo.co.jp/articles/c53a78dd3db7c9e97a610838f8f68be327c512f7,https://newsatcl-pctr.c.yimg.jp/t/amd-img/20260916-00000122-jij-000-5-view.jpg?exp=10800,2026-09-16T16:55:36+09:00,2026-09-16T18:11:30+09:00,時事通信,jij,時事通信,177,"第一子となる女児を出産した京都府八幡市の川田翔子市長（家族提供）
京都府八幡市は16日、産休中の川田翔子市長（36）が15日に第1子となる女児を出産したと明らかにした。

　母子ともに健康といい、川田氏は市を通じて「応援のお言葉をくださった皆さま、仕事のフォローをしてくださっている市役所の皆さま、関係者の皆さまに心より感謝申し上げます」とコメントした。",[],[]
香港、初の5カ年計画　「国家に貢献」、本土と一体化加速（時事通信）,https://news.yahoo.co.jp/articles/6b5ae0f65b889f542e5ccc0bb3a6b544550aa40c,https://newsatcl-pctr.c.yimg.jp/t/amd-img/20260916-00000121-jij-000-6-view.jpg?exp=10800,2026-09-16T16:54:19+09:00,2026-09-16T16:59:33+09:00,時事通信,jij,時事通信,433,"１６日、香港立法会で５カ年計画を読み上げる李家超行政長官（ＥＰＡ時事）
【香港時事】香港政府は16日、経済と社会発展に関する2026年からの5カ年計画を公表した。

　策定は初めてで、「香港が国家全体の戦略に貢献するための計画だ」と明記。中国政府が3月に採択した5カ年計画と足並みをそろえる形となり、本土との一体化が加速しそうだ。

　香港では19年に民主活動家らが反政府デモを展開。中国政府は20年、統制強化を目的に国家安全維持法（国安法）を施行し、民主派への有罪判決が相次いだ。計画は「（国安法の下で）混乱から秩序、繁栄へと移行した」と主張。「愛国教育」を徹底する考えも示した。

　中国政府は、香港とマカオ、広東省9都市の経済圏を一体化させる「大湾区構想」を掲げる。これに関しては「国家の新たな発展の拠点だ」と指摘し、科学技術やインフラなどの分野で協力を深める方針を示した。計画は人民元の国際流通や、本土企業による海外資金の調達に香港を生かすことも盛り込んだ。",[],[]
立民、宮崎知事選で現職推薦（時事通信）,https://news.yahoo.co.jp/articles/1af86766e3166047087ffffd9ee6df6e8b0672e6,https://newsatcl-pctr.c.yimg.jp/t/amd-img/default.jpg?exp=10800,2026-09-16T16:54:00+09:00,2026-09-16T16:59:45+09:00,時事通信,jij,時事通信,69,立憲民主党は16日、任期満了に伴う宮崎県知事選（12月10日告示、同27日投開票）で、5選を目指す現職の河野俊嗣氏（62）の推薦を決めた。,[],[]
新党名「民主改革の会」（時事通信）,https://news.yahoo.co.jp/articles/5bc85ef77107878089265c6015b0f437068df8c1,https://newsatcl-pctr.c.yimg.jp/t/amd-img/20260916-00000119-jij-000-2-view.jpg?exp=10800,2026-09-16T16:53:34+09:00,2026-09-16T16:56:11+09:00,時事通信,jij,時事通信,116,"写真：時事通信社
写真説明：中道改革連合（衆院議員４９人）は１６日、国会内で議員総会を開き、立憲民主党系２０人と公明党系２８人の離党を了承した。小川淳也代表は立民系議員による新党の名称を「民主改革の会」にすると表明。　【時事通信社】",[],[]
【図解】難病・長期服用は対象外＝OTC類似薬追加負担で―厚労省（時事通信）,https://news.yahoo.co.jp/articles/e14bd4e238d2eb0ea3f7b3e391603b575928801c,https://newsatcl-pctr.c.yimg.jp/t/amd-img/20260916-00000005-jij_graph-000-3-view.jpg?exp=10800,2026-09-16T16:48:35+09:00,2026-09-16T16:59:12+09:00,時事通信,jij,時事通信,78,"新制度で追加負担対象外の主な例
厚生労働省は16日、市販薬と成分や効能が似た「OTC類似薬」を処方された患者に追加負担を求める新制度の運用方針案をまとめた。",[],[]
現職が再選出馬表明　奈良県知事選（時事通信）,https://news.yahoo.co.jp/articles/8a2c651e9861d012f252843e2341698ac6a8a962,https://newsatcl-pctr.c.yimg.jp/t/amd-img/20260916-00000118-jij-000-7-view.jpg?exp=10800,2026-09-16T16:34:52+09:00,2026-09-16T17:07:28+09:00,時事通信,jij,時事通信,196,"奈良県の山下真知事
奈良県の山下真知事（58）は16日の県議会本会議で、来春の任期満了に伴う知事選に再選を目指して出馬すると表明した。

　知事選への立候補表明は山下氏が初めて。

　山下氏は「1期目で始めた取り組みを着実に進め、県民の暮らしを豊かに、誇りを持てる奈良県へと発展させる」と述べた。

　山下氏は同県生駒市長などを経て、2023年の知事選に日本維新の会公認で出馬し、初当選した。",[],[]
新党名「民主改革の会」　中道、立・公系に分裂（時事通信）,https://news.yahoo.co.jp/articles/36d7864d3d358595f49902edb5398b1d049108f2,https://newsatcl-pctr.c.yimg.jp/t/amd-img/20260916-00000117-jij-000-12-view.jpg?exp=10800,2026-09-16T16:33:52+09:00,2026-09-16T20:05:40+09:00,時事通信,jij,時事通信,659,"中道改革連合の議員総会であいさつする小川淳也代表＝１６日午後、国会内
中道改革連合（衆院議員49人）は16日、国会内で議員総会を開き、立憲民主党系20人と公明党系28人の離党を了承した。
【ひと目でわかる】政党支持率の推移
小川淳也代表は立民系議員による新党の名称を「民主改革の会」にすると表明。17日に総務省へ結成を届け出る。公明系は来週中に復党する運びとなり、中道は事実上解体した。

　小川氏は議員総会で、新党について「既得権と対峙（たいじ）する改革勢力」と位置付け、綱領に「民主中道」の文言を盛り込むと述べた。新党と公明が衆院統一会派「中道」を結成し「力を合わせ行動する」と強調。「『中道第2幕』の幕開けへ共に頑張ろう」と涙声で呼び掛けた。

　新党代表には小川氏が就任する。小川氏らは立民系に結束して新党に移るよう呼び掛けているが、無所属での活動を模索する向きもあり、足並みがそろうか微妙だ。小川氏は記者団に「（参加者は）申し上げられる段階にない」と述べた。

　中道には立民系の渡辺創氏（48）が残留。議員総会では小川氏の中道代表辞任と渡辺氏の新代表就任も了承された。渡辺氏は記者会見で、残る債務や党組織の整理を進めると説明。最終的な解党は年明け以降になるとの見通しを示した。

　公明党は16日の中央幹事会で、党大会を10月3日に東京都内で開くと決定。来週中に公明系の復党手続きを完了させることも確認した。竹谷とし子代表の任期満了に伴う新代表の選出手続きも決めたが、党内には竹谷氏の続投を求める声がある。",[],[]
ニュースワード「OTC類似薬」（時事通信）,https://news.yahoo.co.jp/articles/0de81b5df32e1a9469f1b4519b5c83731ca4ce07,https://newsatcl-pctr.c.yimg.jp/t/amd-img/default.jpg?exp=10800,2026-09-16T16:33:48+09:00,2026-09-16T16:36:59+09:00,時事通信,jij,時事通信,220,"OTC類似薬　医師の処方箋が必要な医療用医薬品のうち、ドラッグストアで買える市販薬「OTC医薬品」と有効成分や効能が似ているもの。市販薬より割安で手に入る。
　政府は医療費削減と患者間の公平性確保のため、市販薬で代替可能な77成分約1000品目を対象に、追加負担を求める新制度を2027年3月に始める。薬代の25％を追加負担として患者が全額支払い、残りは保険適用で1～3割を払う。対象品目には解熱鎮痛剤や花粉症薬など身近な薬が多く含まれる。",[],[]
難病・長期服用は対象外　OTC類似薬追加負担で　厚労省（時事通信）,https://news.yahoo.co.jp/articles/c1f4357d7129bd780ea10e8ec6333a5b03aa2db2,https://newsatcl-pctr.c.yimg.jp/t/amd-img/default.jpg?exp=10800,2026-09-16T16:33:34+09:00,2026-09-16T16:59:26+09:00,時事通信,jij,時事通信,652,"厚生労働省は16日、市販薬と成分や効能が似た「OTC類似薬」を処方された患者に追加負担を求める新制度の運用方針案をまとめた。

　難病治療や飲み薬を長期服用するケースなどは追加負担の対象から外す内容で、同省は今後、医療機関や薬局に周知する考えだ。

　新制度は医療費抑制が狙いで、2027年3月に開始する。市販薬で代替可能な77成分約1000品目について、薬代の25％を保険適用外の追加負担として患者が全額支払う。残りの75％は保険適用で1～3割を払う。

　自己負担3割の現役世代が1000円のOTC類似薬を処方された場合、現在は300円を支払う。制度開始後は追加負担分250円と保険適用分225円を合わせた475円となる。

　社会保障審議会（厚労相の諮問機関）医療保険部会に示した運用方針案によると、アトピー性皮膚炎の再発予防のため長期的に保湿剤やステロイド塗り薬を使う患者は追加負担の対象外とする。

　アトピー以外で保湿剤を長期使用する重い皮膚疾患の患者にも、28年度末まで対象外とする経過措置を設ける。痛み止め湿布は、重度の変形性膝関節症患者が長期使用する場合のみ同年度末まで追加負担を求めない。

　長期使用の目安は、初診から約6カ月の使用実績があり、継続使用が必要と医師が判断した場合などと定めた。

　がんや指定難病の患者は、それらの病気の治療に使う薬のみ負担対象外とし、花粉症や虫歯など無関係の症状には負担を求める。入院患者や「高校生年代」までの子ども、生活保護受給者は対象外とする。",[],[]
参院人事、首相の介入否定（時事通信）,https://news.yahoo.co.jp/articles/e85b51a0c53286e8befe82c823a390a41fcbae8c,https://newsatcl-pctr.c.yimg.jp/t/amd-img/20260916-00000115-jij-000-2-view.jpg?exp=10800,2026-09-16T16:29:14+09:00,2026-09-16T16:32:18+09:00,時事通信,jij,時事通信,122,"写真：時事通信社
写真説明：自民党の松山政司参院議員会長は１６日、高市早苗首相（党総裁）が参院自民の人事に介入し、参院幹事長だった石井準一氏を交代させたとの見方について「総合的に私が判断した。首相官邸がどうこうではない」と否定。　【時事通信社】",[],[]
ガソリン、169円90銭　補助金、過去最高51円に（時事通信）,https://news.yahoo.co.jp/articles/9f714315df0bbf44ed55f0f1b1543b977626363f,https://newsatcl-pctr.c.yimg.jp/t/amd-img/20260916-00000114-jij-000-7-view.jpg?exp=10800,2026-09-16T16:18:04+09:00,2026-09-16T16:59:25+09:00,時事通信,jij,時事通信,279,"ガソリンスタンドでの給油（資料写真、ＡＦＰ時事）
経済産業省が16日発表したレギュラーガソリン1リットル当たりの店頭価格（14日時点）は、全国平均で前週比10銭安の169円90銭だった。
【随時更新】日本の石油備蓄の状況とガソリン価格　2026年
価格を170円前後に抑え込む補助金の影響が大きい。翌週の想定価格に基づき決定される補助金は、17日から過去最高の51円となる。

　最近の原油高を反映し、補助額は16日までの36円から上昇。これまでの最高額だった4月上旬の49円80銭を超える。来週は連休で調査が行われないため、最高額での支給は30日まで続く。",[],[]
2軍西はソフトバンク優勝　プロ野球（時事通信）,https://news.yahoo.co.jp/articles/b91892de49e5049ad6d38dd4bed6e607670eefa7,https://newsatcl-pctr.c.yimg.jp/t/amd-img/default.jpg?exp=10800,2026-09-16T16:17:55+09:00,2026-09-16T16:59:09+09:00,時事通信,jij,時事通信,216,"プロ野球の2軍、ファーム・リーグ西地区は16日、ソフトバンクが優勝した。

　昨年までのイースタン、ウエスタンの両リーグが今季、東、中、西の1リーグ3地区制に再編された。ソフトバンクは2軍の日本一を決めるファーム日本選手権（10月3、4日、静岡・しずてつスタジアム草薙）に進む。

　同選手権には、各地区で優勝した3チームと、各地区2位の中で最も勝率が高い1チームを合わせた4チームが出場。10月3日に準決勝、4日に決勝が行われる。",[],[]
参院人事、高市首相の介入否定　松山会長「私が判断」（時事通信）,https://news.yahoo.co.jp/articles/9287b493fab41dcdb09985d069662d466c11e445,https://newsatcl-pctr.c.yimg.jp/t/amd-img/20260916-00000111-jij-000-7-view.jpg?exp=10800,2026-09-16T16:08:26+09:00,2026-09-16T16:18:11+09:00,時事通信,jij,時事通信,271,"記者団の取材に応じる自民党の松山政司参院議員会長＝１６日午前、国会内
自民党の松山政司参院議員会長は16日、高市早苗首相（党総裁）が参院自民の人事に介入し、参院幹事長だった石井準一氏を交代させたとの見方について、「総合的に私が判断した。別に首相官邸がどうこうではない」と否定した。
【主な経歴】松山　政司（まつやま　まさじ）氏
参院執行部の人事を同日実施したことを受け、国会内で記者団の取材に応じた。

　党役員と異なり、参院自民の実質的な人事権は参院会長が持つ。首相は、石井氏が主導した2026年度予算の参院審議に不満を抱えていたとされる。",[],[]
藤光賢・天台座主死去（時事通信）,https://news.yahoo.co.jp/articles/8d5aae84991311bda1ddc6a1fae9970beadeb5d3,https://newsatcl-pctr.c.yimg.jp/t/amd-img/default.jpg?exp=10800,2026-09-16T16:02:56+09:00,2026-09-16T16:18:19+09:00,時事通信,jij,時事通信,173,"藤　光賢さん（ふじ・こうけん＝第259代天台座主）15日午後10時57分、老衰のため死去、94歳。

　長崎県出身。密葬は延暦寺葬として22日正午から大津市坂本4の6の1の滋賀院門跡で。葬儀委員長・喪主は獅子王円明延暦寺執行。本葬は天台宗葬として11月17日午後1時から同市坂本4の6の2の天台宗務庁で。葬儀委員長・喪主は細野舜海天台宗宗務総長。",[],[]
〔東京株式〕4日ぶり反発＝値がさ株中心に買い（16日）☆差替（時事通信）,https://news.yahoo.co.jp/articles/a95b1b26ceeddc5d16f41a0d54ded63d6f6b2461,https://newsatcl-pctr.c.yimg.jp/t/amd-img/default.jpg?exp=10800,2026-09-16T16:00:28+09:00,2026-09-16T16:26:47+09:00,時事通信,jij,時事通信,342,"【プライム】日経平均株価の終値は前日比438円90銭高の6万3923円00銭と4営業日ぶりに反発した。米連邦公開市場委員会（FOMC）の結果発表を控え様子見ムードが広がる中、国内長期金利の低下や円安進行を好感。後場にかけて値がさ株を中心に幅広い銘柄で買いが広がった。東証株価指数（TOPIX）は24．56ポイント高の4061．72。
　67％の銘柄が値上がりし、値下がりは29％。出来高は17億6909万株、売買代金は6兆7075億円。
　業種別株価指数（33業種）は石油・石炭製品、鉱業、繊維製品などが上昇。医薬品、情報・通信業、空運業などは下落した。
　【スタンダード】スタンダードTOP20は続伸。出来高4億5636万株。
　【グロース】グロースCore、グロース250は下落。",[],[]
日経平均、438円90銭高の6万3923円00銭で終了＝東京株式（時事通信）,https://news.yahoo.co.jp/articles/a96db7dab32f764f4021ac399fe058b200cb8e11,https://newsatcl-pctr.c.yimg.jp/t/amd-img/default.jpg?exp=10800,2026-09-16T16:00:28+09:00,2026-09-16T16:26:47+09:00,時事通信,jij,時事通信,90,"16日の東京株式市場の日経平均株価は、前営業日比438円90銭高の6万3923円00銭で終了した。
　東証株価指数（TOPIX）は、24．56ポイント高の4061．72で終了した。",[],[]
日経平均、400円超高＝東京株式（時事通信）,https://news.yahoo.co.jp/articles/c46a95e72e27bf9eb25730e1bcbeaa064fb73e9c,https://newsatcl-pctr.c.yimg.jp/t/amd-img/default.jpg?exp=10800,2026-09-16T16:00:27+09:00,2026-09-16T16:26:46+09:00,時事通信,jij,時事通信,35,16日の東京株式市場で、日経平均株価が前営業日比400円超高となった。,[],[]
尹錫悦被告に二審も無罪　閣議開催巡る偽証罪　韓国高裁（時事通信）,https://news.yahoo.co.jp/articles/1e7d51ba884e60908516c3fb0d0c6cd2c2921415,https://newsatcl-pctr.c.yimg.jp/t/amd-img/20260916-00000108-jij-000-7-view.jpg?exp=10800,2026-09-16T15:57:05+09:00,2026-09-16T16:25:42+09:00,時事通信,jij,時事通信,435,"韓国の尹錫悦前大統領＝２０２５年７月、ソウル（ＥＰＡ時事）
【ソウル時事】韓国のソウル高裁は16日、韓悳洙元首相の裁判で偽証した罪に問われた前大統領の尹錫悦被告に対し、一審に続き無罪を言い渡した。

　
　特別検察官は、2024年12月の「非常戒厳」宣言の際、尹被告が当初は閣議を開くつもりがなかったが、韓氏の建議を受けて招集したと判断。昨年11月、内乱行為に加担した罪などに問われた韓氏の裁判で、尹被告が「建議の前から閣議を開く計画だった」と述べたのは虚偽だとして起訴していた。

　韓国メディアによると、高裁は「被告が非常戒厳宣言に閣議の審議が必要と知らなかったとみるのは難しく、むしろ、最小限の要件を満たそうとしたと思われる」と指摘。偽証と断定できないと結論付けた。

　尹被告の弁護団は判決後、「非常戒厳の要件である閣議が尹大統領の計画に沿って正当に行われたことを確認した点で大きな意味がある。今後の内乱罪の裁判へ重要な道しるべとなることを期待する」と表明した。",[],[]
小島瑠璃子さん「飛び込み営業が適職」（時事通信）,https://news.yahoo.co.jp/articles/b10e1de04035840b331afd1991e31e6ae856da27,https://newsatcl-pctr.c.yimg.jp/t/amd-img/20260916-00000107-jij-000-2-view.jpg?exp=10800,2026-09-16T15:56:30+09:00,2026-09-16T16:00:12+09:00,時事通信,jij,時事通信,119,"写真：時事通信社
写真説明：ＡＩを活用した転職エージェント「ＪｏＢｉｎｓ」の発表会に小島瑠璃子さんが登壇。留学や出産を経て事業を立ち上げた小島さんは自身の適職は「ハートが強く体力もあるので営業職」と笑った＝１６日、都内　【時事通信フォト】",[],[]
【速報】維新、臨時国会で衆院定数削減（時事通信）,https://news.yahoo.co.jp/articles/f4dba1927087c804c1de7d4769e2f624343b62f4,https://newsatcl-pctr.c.yimg.jp/t/amd-img/default.jpg?exp=10800,2026-09-16T15:56:08+09:00,2026-09-16T17:23:41+09:00,時事通信,jij,時事通信,62,日本維新の会の吉村洋文代表は16日、高市早苗首相に対し、臨時国会で消費税減税と衆院議員定数の削減を実現するとの考えを伝えた。,[],[]
高市首相と吉村代表（時事通信）,https://news.yahoo.co.jp/articles/4a942cb8c2d406992646931ff406e1703113d866,https://newsatcl-pctr.c.yimg.jp/t/amd-img/20260916-00000105-jij-000-3-view.jpg?exp=10800,2026-09-16T15:55:48+09:00,2026-09-16T17:50:04+09:00,時事通信,jij,時事通信,64,"写真：時事通信社
写真説明：会談前に握手する高市早苗首相（右）と日本維新の会の吉村洋文代表＝１６日午後、首相官邸　【時事通信社】",[],[]
記者会見する鈴木エイトさん（時事通信）,https://news.yahoo.co.jp/articles/028bffbb22ca283dcf0ec01a58722c31fbc39dbb,https://newsatcl-pctr.c.yimg.jp/t/amd-img/20260916-00000104-jij-000-2-view.jpg?exp=10800,2026-09-16T15:45:50+09:00,2026-09-16T15:48:15+09:00,時事通信,jij,時事通信,82,"写真：時事通信社
写真説明：侮辱罪に問われた旧統一教会顧問弁護士の無罪判決後、記者会見するジャーナリストの鈴木エイトさん＝１６日午前、東京都千代田区　【時事通信社】",[],[]
438円高の6万3923円00銭　16日の平均株価（時事通信）,https://news.yahoo.co.jp/articles/d728034ced5c4f322ad43d850c32b2d66725f86e,https://newsatcl-pctr.c.yimg.jp/t/amd-img/default.jpg?exp=10800,2026-09-16T15:44:59+09:00,2026-09-16T16:16:25+09:00,時事通信,jij,時事通信,66,16日の東京株式市場の日経平均株価は、6万3923円00銭と前日終値比438円90銭高で終わった。出来高は概算で17億6900万株。,[],[]
【速報】与党党首、維新「閣内協力」を確認（時事通信）,https://news.yahoo.co.jp/articles/31068bc008cc83a2d7e7b809aec20daec11a6bdf,https://newsatcl-pctr.c.yimg.jp/t/amd-img/default.jpg?exp=10800,2026-09-16T15:41:01+09:00,2026-09-16T17:23:12+09:00,時事通信,jij,時事通信,56,高市早苗首相（自民党総裁）は16日、日本維新の会の吉村洋文代表との会談で、維新が閣内協力に転じることを確認した。,[],[]
練習する坪井（時事通信）,https://news.yahoo.co.jp/articles/b57557fb05e6dc1b7adb27541369e659d84464fd,https://newsatcl-pctr.c.yimg.jp/t/amd-img/20260916-00000101-jij-000-2-view.jpg?exp=10800,2026-09-16T15:40:57+09:00,2026-09-16T15:44:12+09:00,時事通信,jij,時事通信,95,"写真：時事通信社
写真説明：世界ボクシング評議会（ＷＢＣ）スーパーフライ級の王座決定戦（２７日、トヨタアリーナ東京）に臨む坪井智也（帝拳）は１６日、東京都内で練習を公開した。　【時事通信社】",[],[]
自民の鈴木幹事長、重ねて期待（時事通信）,https://news.yahoo.co.jp/articles/5c73161f3e8544a0f3e145f8fb840cccce2c1569,https://newsatcl-pctr.c.yimg.jp/t/amd-img/20260916-00000100-jij-000-2-view.jpg?exp=10800,2026-09-16T15:38:56+09:00,2026-09-16T15:42:12+09:00,時事通信,jij,時事通信,115,"写真：時事通信社
写真説明：自民党の鈴木俊一幹事長は１６日の記者会見で、国民民主党に対し「協力関係を得るための前提となる信頼関係は、今後も継続してつくっていきたい」と述べ、将来の連立政権入りへの期待を重ねて示した。　【時事通信社】",[],[]
日経新聞が広告料過大請求　2社から数千万円ずつ不正受領（時事通信）,https://news.yahoo.co.jp/articles/25749e34c42ab71384c9969ac56fc9b8a5a1113e,https://newsatcl-pctr.c.yimg.jp/t/amd-img/20260916-00000099-jij-000-12-view.jpg?exp=10800,2026-09-16T15:37:14+09:00,2026-09-16T16:17:53+09:00,時事通信,jij,時事通信,406,"日本経済新聞社＝東京都千代田区
日本経済新聞社は16日までに、営業担当者が広告冊子の部数を多く伝え、2社から数千万円ずつ不正に広告料を受領していたと発表した。

　日経新聞社は動機や組織的関与の有無を調べるため、外部の弁護士に調査を委任した。

　同社によると、過大請求していたのは、朝刊に折り込んで配布する広告冊子「THE　NIKKEI　MAGAZINE」のうち、2022～26年に首都圏や関西圏で配布された計29冊。1冊に付き本来より約1万5000～25万部多い部数を広告主に伝え、それを基に広告料を請求していた。

　過大に提示した部数は4年間で計約250万部に及ぶ。広告主から指定された地域以外に配布したり、古い部数を提示したりしていたという。広告主から指摘を受け、発覚した。

　日経新聞社広報室の話　広告主や読者の信頼を損なう事態で深刻に受け止めている。再発防止策を策定し、信頼回復に全力で取り組む。",[],[]
米メタ、AIのサブスク全面提供　日本では949円から（時事通信）,https://news.yahoo.co.jp/articles/770413cd01da3093ca882c04ccc88d1cfc451a1a,https://newsatcl-pctr.c.yimg.jp/t/amd-img/20260916-00000098-jij-000-8-view.jpg?exp=10800,2026-09-16T15:34:40+09:00,2026-09-16T16:15:21+09:00,時事通信,jij,時事通信,351,"米メタのロゴマーク（ＥＰＡ時事）
【シリコンバレー時事】米メタ（旧フェイスブック）は15日、新たなサブスクリプション（定額制）サービス「メタ・ワン」の全面的な提供を開始したと発表した。
【グラフ】AI先端モデルの進化
対話型AI（人工知能）「メタAI」や、運営するSNS「インスタグラム」などのAI機能をより多く使えるようになるプランが目玉。個人向けは米国で月額7．99ドル、日本では同949円から。

　先行して一部のユーザーが利用できるようになっていた。個人向けでは、メタAIで生成できる画像や動画の数が増える。法人やクリエーター向けのプランも月額14．99ドル（日本では2000円）から用意し、アカウントの高度な管理機能が使えたり、ビジネス向けの自律型AIエージェントの利用枠を拡大できたりする。",[],[]
歓迎セレモニーに出席した日本選手団（時事通信）,https://news.yahoo.co.jp/articles/f7b8767164c303ff2f9466725371b1d2606bd728,https://newsatcl-pctr.c.yimg.jp/t/amd-img/20260916-00000097-jij-000-2-view.jpg?exp=10800,2026-09-16T15:31:33+09:00,2026-09-16T15:34:29+09:00,時事通信,jij,時事通信,78,"写真：時事通信社
写真説明：愛知・名古屋アジア大会の歓迎セレモニーに参加した日本選手団の井上康生団長（左から２人目）ら＝１６日、名古屋市港区　【時事通信社】",[],[]
日本選手団、歓迎式典に参加（時事通信）,https://news.yahoo.co.jp/articles/0cb0d5d1f55a155573f9c68607d1ab0b3e74540d,https://newsatcl-pctr.c.yimg.jp/t/amd-img/20260916-00000096-jij-000-2-view.jpg?exp=10800,2026-09-16T15:31:32+09:00,2026-09-16T15:34:29+09:00,時事通信,jij,時事通信,107,"写真：時事通信社
写真説明：１９日に開幕する愛知・名古屋アジア大会で、コンテナ型の移動式宿泊施設が設けられた名古屋港で１６日に歓迎セレモニーが行われた。日本選手団は井上康生団長ら約２０人が参加した。　【時事通信社】",[],[]
旧統一教会顧問弁護士に無罪　侮辱罪「論評逸脱せず」　東京地裁（時事通信）,https://news.yahoo.co.jp/articles/26351593ff66ae27fd0b0b57b734347b3e132e1d,https://newsatcl-pctr.c.yimg.jp/t/amd-img/20260916-00000095-jij-000-13-view.jpg?exp=10800,2026-09-16T15:30:47+09:00,2026-09-16T16:17:27+09:00,時事通信,jij,時事通信,614,"侮辱罪に問われた旧統一教会顧問弁護士の無罪判決後、記者会見するジャーナリストの鈴木エイトさん＝１６日午前、東京都千代田区
世界平和統一家庭連合（旧統一教会）への追及で知られるジャーナリスト鈴木エイトさんをブログ上で侮辱したとして、侮辱罪に問われた元教団顧問弁護士の中山達樹被告（51）の判決が16日、東京地裁であった。
【写真特集】歴史に残る衝撃事件10～3億円強奪、グリコ・森永…～
高森宣裕裁判官は「論評としての域を逸脱しているとは言えない」と述べ、無罪（求刑罰金10万円）を言い渡した。

　高森裁判官は「いじり人格」などの表現について、「独善的な印象を与え、鈴木さんの社会的評価を下げる危険があった」と指摘。一方、全文を読めば、ジャーナリストのペンネーム使用の弊害に関する論評が主題と理解でき、「人格の中傷を主題としたものとは言いがたい」と判断した。

　これまでの公判で被告は「カジュアルな表現を使えば広く読まれると期待した。反省している」と述べていた。

　被告は2023年8月、「シコシコ書いて独り留飲を下げていた。いじり人格。おちょくり坊主」などと投稿し、鈴木さんを侮辱したとして在宅起訴された。

　判決後、記者会見した鈴木さんは「私の社会的評価を下げる危険性が認定された。結論としての無罪は残念だが、ある程度納得している」と話した。

　佐藤剛・東京地検次席検事の話　判決内容を十分検討して適切に対処したい。",[],[]
〔東京外為〕ドル、155円台前半＝FOMC結果待ちでもみ合い（16日午後3時）（時事通信）,https://news.yahoo.co.jp/articles/e3575390ba9c2e68c72bc438153d8459200b99f2,https://newsatcl-pctr.c.yimg.jp/t/amd-img/default.jpg?exp=10800,2026-09-16T15:30:16+09:00,2026-09-16T15:34:17+09:00,時事通信,jij,時事通信,729,"16日午後の東京外国為替市場のドルの対円相場（気配値）は、米連邦公開市場委員会（FOMC）の結果を見極めたいとのムードが広がる中、1ドル＝155円台前半でもみ合っている。午後3時現在、155円17～17銭と前日（午後5時、154円87～88銭）比30銭のドル高・円安。
　前日の海外市場では、欧州時間序盤に154円80銭近辺から155円20銭台に上伸する場面もあったが、すぐに戻り売りに押され、米国時間の序盤には154円70銭前後に反落。その後は原油先物相場の上昇と米長期金利の高止まりを背景に買い戻しが優勢となり、終盤は155円10銭台に水準を切り上げた。
　東京時間早朝もこの水準を引き継いで推移。その後、買いが強まり、午前9時前には155円40銭台に急伸した。一巡後はいったん155円10銭近辺まで伸び悩み。仲値公示にかけては「国内輸入企業などのドル買い・円売りが優勢だった」（外為仲介業者）といい、一時は155円50銭近辺まで値を上げた。正午に向けては155円20銭近辺まで緩んだ。
　午後は、155円20～40銭程度で小動き。「米国の原油先物と金利の上昇一服がドル円の落ち着きにつながっている」（邦銀）との見方があった。
　全般は様子見ムードが強い。日本時間17日未明のFOMCの声明公表やウォーシュ米連邦準備制度理事会（FRB）議長の記者会見の後、「相場がどう動くか想定しづらい」（国内証券）ため、足元では積極的な取引は手控えられているとみられる。
　ユーロは正午以降、対円、対ドルで小動き。午後3時現在、1ユーロ＝179円22～23銭（前日午後5時、178円73～74銭）、対ドルでは1．1550～1550ドル（同1．1540～1540ドル）。",[],[]
超党派議連が設立総会（時事通信）,https://news.yahoo.co.jp/articles/2a9549b4f73a9c69abda8b63e3368dc5b5f1935d,https://newsatcl-pctr.c.yimg.jp/t/amd-img/20260916-00000094-jij-000-2-view.jpg?exp=10800,2026-09-16T15:27:11+09:00,2026-09-16T15:30:34+09:00,時事通信,jij,時事通信,105,"写真：時事通信社
写真説明：２０２７年３月に横浜市で開幕する国際園芸博覧会（花博）の成功に向け、超党派の議員連盟が１６日、国会内で設立総会を開いた。写真は、撮影に応じる高市早苗首相（前列右）ら。　【時事通信社】",[],[]
坪井智也「どう圧倒するか」　WBCスーパーフライ級―ボクシング世界戦（時事通信）,https://news.yahoo.co.jp/articles/d7add9edcbce7f15a5f3d3c24249a2b0701fe94b,https://newsatcl-pctr.c.yimg.jp/t/amd-img/20260916-00000093-jij-000-6-view.jpg?exp=10800,2026-09-16T15:22:35+09:00,2026-09-16T16:16:02+09:00,時事通信,jij,時事通信,218,"ＷＢＣスーパーフライ級王座決定戦に向け、練習する坪井智也＝１６日、東京都新宿区
世界ボクシング評議会（WBC）スーパーフライ級の王座決定戦（27日、トヨタアリーナ東京）に臨む坪井智也（帝拳）は16日、東京都内で練習を公開した。
【写真特集】ボクシング世界王者になった金メダリスト
勝てば日本男子最速タイの5戦目での世界王座獲得となるが、「記録に関しては、何も（思いは）ない。強い相手に対して、どう圧倒するか見てもらいたい」と意気込んだ。",[],[]
日本選手団、歓迎式典に参加　アジア大会（時事通信）,https://news.yahoo.co.jp/articles/530ddff58afc1c90665710f08c272690e0bf0e73,https://newsatcl-pctr.c.yimg.jp/t/amd-img/20260916-00000092-jij-000-8-view.jpg?exp=10800,2026-09-16T15:16:48+09:00,2026-09-16T16:17:00+09:00,時事通信,jij,時事通信,323,"愛知・名古屋アジア大会の歓迎セレモニーに参加した日本選手団＝16日、名古屋市港区
19日に開幕する愛知・名古屋アジア大会で、コンテナ型の移動式宿泊施設が設けられた名古屋港で16日に歓迎セレモニーが行われた。

　日本選手団は井上康生団長ら約20人が参加。アフガニスタン、サウジアラビアの選手団とともにオリーブの苗木を植樹し、太鼓の演奏などで迎えられた。

　大会組織委員会会長を務める愛知県の大村秀章知事も出席。式典の途中で雨脚が強まり、一時中断するハプニングも。井上団長は「身の引き締まる思い。宿泊施設は非常に快適。チーム一丸となって、競技で全力を尽くしていきたい」と語った。

　今大会は選手村を設けず、既存のホテルやクルーズ船が活用される。",[],[]
高市首相、花博成功へ「力合わせて」（時事通信）,https://news.yahoo.co.jp/articles/c916f9abc73b5fdfd4556ae176362be1bce94760,https://newsatcl-pctr.c.yimg.jp/t/amd-img/20260916-00000091-jij-000-2-view.jpg?exp=10800,2026-09-16T15:09:25+09:00,2026-09-16T15:12:30+09:00,時事通信,jij,時事通信,119,"写真：時事通信社
写真説明：２０２７年３月に横浜市で開幕する国際園芸博覧会（花博）の成功に向け、超党派の議員連盟が設立総会を開いた。あいさつした高市早苗首相は「みんなで力を合わせて成功させよう」と出席者に呼び掛けた＝１６日　【時事通信社】",[],[]
紙の切符にお別れ（時事通信）,https://news.yahoo.co.jp/articles/cb7f35a9ab489cb470b433d221fbd0d99d149750,https://newsatcl-pctr.c.yimg.jp/t/amd-img/20260916-00000090-jij-000-2-view.jpg?exp=10800,2026-09-16T15:05:44+09:00,2026-09-16T15:08:17+09:00,時事通信,jij,時事通信,105,"写真：時事通信社
写真説明：１４日、パリ交通公団本社で展示された、歴代のパリ地下鉄の切符。紙の切符は今年１２月に利用終了となる予定で、１２５年以上にわたり市民の移動を支えてきた歴史に幕を下ろす。　【AFP時事】",[],[]
第2次高市改造内閣、17日発足　古川氏起用で調整、林氏の処遇焦点（時事通信）,https://news.yahoo.co.jp/articles/90022daa8336b7fe3ebf939e6ef94e5dba2b6e33,https://newsatcl-pctr.c.yimg.jp/t/amd-img/20260916-00000089-jij-000-15-view.jpg?exp=10800,2026-09-16T15:04:07+09:00,2026-09-16T21:08:01+09:00,時事通信,jij,時事通信,498,"記者団の取材に応じる高市早苗首相＝１６日、首相官邸
高市早苗首相（自民党総裁）は17日、就任後初となる内閣改造を行う。

　木原稔官房長官（57）、茂木敏充外相（70）、片山さつき財務相（67）、小泉進次郎防衛相（45）を続投させ、内閣の「骨格」は維持する方針。参院自民が入閣候補として推す古川俊治参院議員（63）についても受け入れる方向で調整する。第2次高市改造内閣は同日中に発足する。

　日本維新の会は今回の改造から閣内協力に転じ、前幹事長の中司宏衆院議員（70）が初入閣する。昨年の自民党総裁選で首相と争った林芳正総務相（65）の処遇が焦点となる。

　首相は16日、維新の吉村洋文代表（大阪府知事）と首相官邸で会談し、「閣内に入ってもらいたい」と正式に要請した。吉村氏は「内閣に入って責任を共有し、政策を前に進めていく」と了承。両氏は、10月上旬にも召集される臨時国会で消費税減税と衆院議員定数削減の関連法案の成立を期す方針を確認した。

　会談後、吉村氏は記者会見で「規制改革や行財政改革はわれわれの強みだ。自民だけではできないところで役割を果たす」と閣内協力に向けた決意を強調した。",[],[]
グローバルホーク、墜落断定　捜索続行、調査委立ち上げ　空自（時事通信）,https://news.yahoo.co.jp/articles/6fbe20683b094b652d8c013d88ff22da9ba39bfa,https://newsatcl-pctr.c.yimg.jp/t/amd-img/20260916-00000088-jij-000-17-view.jpg?exp=10800,2026-09-16T15:02:32+09:00,2026-09-16T18:51:32+09:00,時事通信,jij,時事通信,473,"空自の米国製大型無人偵察機グローバルホーク＝２０２３年１月、青森県三沢市
航空自衛隊の大型無人偵察機グローバルホークとの通信が鳥取県沖で途絶えた事故で、空自は16日、機体が墜落したと断定した。

　事故調査委員会を立ち上げ、周辺海域の捜索を続けるとともに、緊急時のアラートの作動状況などを調べている。

　空自によると、グローバルホークは15日午前10時20分ごろ、三沢基地（青森県）を離陸。午後0時55分に通信不良が発生し、3分後にレーダーから航跡が消失した。同基地の隊員が衛星通信で操縦していたという。

　付近の海上を捜索していた海上保安庁の巡視船が、機体の一部を発見。空自が機体の写真を確認し、墜落したと断定した。

　機体には有人機と同様、トラブル発生を操縦者に知らせるアラートが搭載されている。空自は通信不良前にアラートが作動し、基地の操縦者が状況を把握できていたかなどについても調査を進めている。

　空自は任務中の飛行だったと説明しているが、任務内容や飛行経路などは明らかにしていない。事故後は訓練での飛行を見合わせているという。",[],[]
高市首相、花博成功へ「力合わせて」　超党派議連が設立総会（時事通信）,https://news.yahoo.co.jp/articles/d22b7e0b3066ef2a6109eb1713dd763b83c547d8,https://newsatcl-pctr.c.yimg.jp/t/amd-img/20260916-00000087-jij-000-7-view.jpg?exp=10800,2026-09-16T14:58:49+09:00,2026-09-16T15:56:31+09:00,時事通信,jij,時事通信,345,"国際園芸博覧会（花博）の成功に向けた超党派議員連盟の設立総会で発言する高市早苗首相＝１６日午後、国会内
2027年3月に横浜市で開幕する国際園芸博覧会（花博）の成功に向け、超党派の議員連盟が16日、国会内で設立総会を開いた。
【ひと目でわかる】高市早苗氏はこんな人
あいさつした高市早苗首相は、先進的な環境技術や参加自治体の魅力を国内外に発信する貴重な機会になると強調。「みんなで力を合わせて成功させよう」と出席者に呼び掛けた。

　総会には与野党の国会議員のほか、神奈川県や横浜市などの関係者が参加。会長に就任した自民党の浜田靖一元防衛相は「日本の未来を担う国家プロジェクトとして、必ず成功させなければならない」と述べ、課題となっている認知度の向上などに議連としても取り組む考えを示した。",[],[]
水戸の大森渚生、鹿島へ完全移籍　J1（時事通信）,https://news.yahoo.co.jp/articles/992c1bbb710da66d703f1bd81965104ea1eb60d3,https://newsatcl-pctr.c.yimg.jp/t/amd-img/default.jpg?exp=10800,2026-09-16T14:56:03+09:00,2026-09-16T15:56:27+09:00,時事通信,jij,時事通信,129,"J1水戸のDF大森渚生（27）が鹿島へ完全移籍することが決まり、16日に両クラブが発表した。

　クロスを得意とする左サイドバックで、J1初挑戦の今季は開幕から7試合連続でフル出場。鹿島はDF安西幸輝が大けがで離脱し、このポジションが手薄な状況となっていた。",[],[]
国民民主と「究極的には連立」　自民の鈴木幹事長、重ねて期待（時事通信）,https://news.yahoo.co.jp/articles/357e7c0fc5350cea041bbfa7b1f471c19dc7aad1,https://newsatcl-pctr.c.yimg.jp/t/amd-img/20260916-00000085-jij-000-6-view.jpg?exp=10800,2026-09-16T14:53:13+09:00,2026-09-16T15:55:01+09:00,時事通信,jij,時事通信,187,"自民党の新執行部が発足し、記者会見する鈴木俊一幹事長＝１６日、東京・永田町の同党本部
自民党の鈴木俊一幹事長は16日の記者会見で、国民民主党に対し「協力関係を得るための前提となる信頼関係は、今後も継続してつくっていきたい」と述べ、将来の連立政権入りへの期待を重ねて示した。

　「協力とは、政策ごとに協力いただくことから、究極的には連立を組むところまでいくと思う」と語った。",[],[]
北朝鮮、政府高官を7年ぶり派遣　中国主催の安全保障会議（時事通信）,https://news.yahoo.co.jp/articles/62a44e8c02a5bea906ef671aa01e90426b64f653,https://newsatcl-pctr.c.yimg.jp/t/amd-img/20260916-00000084-jij-000-6-view.jpg?exp=10800,2026-09-16T14:48:45+09:00,2026-09-16T15:54:06+09:00,時事通信,jij,時事通信,233,"中国の習近平国家主席（左）と北朝鮮の金正恩朝鮮労働党総書記＝６月８日、平壌（ＥＰＡ時事）
【北京時事】朝鮮中央通信は16日、北朝鮮がキム・ガンイル国防次官を団長とする代表団を、中国・北京で開催中の安全保障に関する国際会議「香山フォーラム」に派遣したと報じた。

　北朝鮮の国防次官級の同フォーラム出席は7年ぶり。

　習近平国家主席は6月に訪朝し、金正恩朝鮮労働党総書記と会談。軍隊同士の交流を呼び掛けており、今回の派遣が中朝の軍事分野の連携につながるか注目される。",[],[]
米ロ外相、NYで会談へ（時事通信）,https://news.yahoo.co.jp/articles/e28200ba766d2950e3f8b5676ec46f60a41419da,https://newsatcl-pctr.c.yimg.jp/t/amd-img/20260916-00000083-jij-000-6-view.jpg?exp=10800,2026-09-16T14:37:20+09:00,2026-09-16T15:54:18+09:00,時事通信,jij,時事通信,151,"ルビオ米国務長官（左）とロシアのラブロフ外相（ＡＦＰ時事）
ロシアのラブロフ外相は15日、国連総会に合わせてニューヨークを訪問し、ルビオ米国務長官と会談すると明らかにした。

　各国大使を集めた会議で述べた。ウクライナ情勢について協議する見通しで、ラブロフ氏は「米国務省の考えを把握したい」と説明した。",[],[]
巨額報酬、球団が不正仲介　クリッパーズに刑事捜査―NBA（時事通信）,https://news.yahoo.co.jp/articles/b4882291ac57aeb164964b37ab47d516535e6aa9,https://newsatcl-pctr.c.yimg.jp/t/amd-img/20260916-00000082-jij-000-6-view.jpg?exp=10800,2026-09-16T14:33:12+09:00,2026-09-16T15:53:59+09:00,時事通信,jij,時事通信,818,"クリッパーズのレナード＝２０２５年９月２９日、ロサンゼルス（ＥＰＡ時事）
【ロサンゼルス時事】米プロバスケットボール協会（NBA）のクリッパーズがカワイ・レナードのスポンサー契約を不正に仲介し、サラリーキャップ（報酬総額上限）の規定違反を回避したとされる問題が波紋を広げている。

　球団が取引先を介し、スター選手側へ巨額報酬を与えていた事実が明らかになった。

　NBAが2日に公表した外部調査資料によると、球団は取引先4社とレナードの契約を不正仲介。球団の仕事を発注することで各社にレナードとの契約を促したほか、本人や関係者の個人的経費を負担したケースもあったと認定された。これにより、選手の年俸自体は増やさず、上限を超えないようにしていたということだ。

　本拠地のスコアボードを受注した企業との取引は典型例。球団が当該企業との取引額を増やす一方、レナードへの報酬増も求めたという。スポンサー料は年300万ドル（約4億6200万円）から500万ドル（約7億7000万円）に増えた。

　ロサンゼルス・タイムズ紙によると、レナードが4社から得るとみられた総額は6600万ドル（約102億円）。NBAは球団に5年分のドラフト1巡目指名権剥奪と3000万ドル（約46億2000万円）の罰金を科し、アダム・シルバー・コミッショナーは「深く失望している」と述べた。

　事態はリーグ内部にとどまらない。ロイター通信によると、米司法省が刑事捜査を進め、ニューヨークの連邦検察が少なくとも1件の召喚状を出した。捜査はNBAが処分を発表する前から始まっており、起訴に至るかは不明だ。

　クリッパーズには八村塁が今季加入し、河村勇輝もNBA入りが保証されない「エキシビット10」契約を結んでいる。当初はリーグに異議を申し立てる意向を示したオーナーのスティーブ・バルマー氏は一転して処分を受け入れた。このまま幕引きを図りたいとの思惑も見え隠れする。",[],[]
青山華依、試練乗り越え再起　2度の靱帯断裂克服―陸上（時事通信）,https://news.yahoo.co.jp/articles/93a70202cdbf5a7c4765c00ab43ba7997c4350a7,https://newsatcl-pctr.c.yimg.jp/t/amd-img/20260916-00000081-jij-000-6-view.jpg?exp=10800,2026-09-16T14:33:11+09:00,2026-09-16T15:50:09+09:00,時事通信,jij,時事通信,773,"ナイトゲームズ・イン福井の女子１００メートル予備予選を走り終えた青山華依＝８月１４日、福井県営陸上競技場
18歳で2021年東京五輪に出場した陸上女子短距離の青山華依（ミキハウス）が、2度の左膝前十字靱帯（じんたい）断裂と手術を乗り越え、再起を期している。
【写真】東京五輪陸上女子400メートルリレー予選のレースを終えた鶴田玲美、児玉芽生、斎藤愛美、青山華依
9月、復帰後の自己最高記録となる11秒71をマーク。男子100メートル元日本記録保持者で甲南大女子陸上部顧問の伊東浩司さんから指導を受け、着実に歩を進めている。

　大阪高2年時の19年日本選手権100メートルで3位に入り、脚光を浴びた。甲南大1年時に東京五輪女子400メートルリレーで日本代表の1走を務め、大舞台を駆け抜けた。自己ベストは11秒47。しなやかでダイナミックな走りが特長だ。

　順風満帆に見えた競技人生はその後暗転した。23年、練習中に1度目の靱帯断裂。手術とリハビリを経て同年11月に復帰したものの、25年に再び同じ箇所を断裂する悲劇に見舞われた。「絶望だった」。折れそうな心を奮い立たせ、不屈の精神ではい上がった。

　伊東さんは青山の最初の手術から復帰までの約8カ月間、「少しでも寄り添いたい」との思いで自らに禁酒を課した。2度目の靱帯断裂を泣きながら電話で報告してきた教え子の声は、今も忘れない。現在は人工知能（AI）も駆使して練習メニューを考えている。

　懸命な努力は実を結びつつある。9月の近畿選手権は11秒71で優勝。確かな一歩を刻んだ。今春から母校の大学院で国際経営学を学びながら、練習に励んでいる。

　幾多の試練を乗り越えた24歳は「日本選手権で表彰台に立ちたい。もう一度、日の丸を背負いたい」。再びトラックで輝く日を信じ、前だけを向いている。",[],[]
【図解】玉城氏巡る虚偽拡散、ほぼ県外から＝東京が6割―沖縄知事選（時事通信）,https://news.yahoo.co.jp/articles/ad39f218158430107e0d9494d1fa5f7153695274,https://newsatcl-pctr.c.yimg.jp/t/amd-img/20260916-00000004-jij_graph-000-6-view.jpg?exp=10800,2026-09-16T14:32:53+09:00,2026-09-16T15:55:30+09:00,時事通信,jij,時事通信,123,"虚偽情報拡散ポストの発信地
沖縄県知事選を巡るSNSの虚偽投稿のうち、敗れた現職の玉城デニー氏に関連する1事例の拡散状況を分析したところ、発信地域を都道府県単位で推定できたリポスト（再投稿）の98．8％が沖縄県外からだったことが16日、分かった。",[],[]
玉城氏巡る虚偽拡散、ほぼ県外から　東京が6割　沖縄知事選（時事通信）,https://news.yahoo.co.jp/articles/f2a2ff967a0aec7f35f3475c2ef413eb2784d669,https://newsatcl-pctr.c.yimg.jp/t/amd-img/20260916-00000080-jij-000-6-view.jpg?exp=10800,2026-09-16T14:32:46+09:00,2026-09-16T15:55:00+09:00,時事通信,jij,時事通信,808,"落選が確実な情勢となり、厳しい表情を見せる玉城デニー氏（手前）＝１３日、那覇市
沖縄県知事選を巡るSNSの虚偽投稿のうち、敗れた現職の玉城デニー氏に関連する1事例の拡散状況を分析したところ、発信地域を都道府県単位で推定できたリポスト（再投稿）の98．8％が沖縄県外からだったことが16日、分かった。
【ひと目でわかる】沖縄県知事選の出口調査結果
リポストは24時間で9千件超と急拡大した。

　「辺野古移設を決めた張本人は玉城デニー」「反対運動は自作自演」。7月26日午前10時すぎに上がったX（旧ツイッター）の投稿は一見すると、玉城氏自身が米軍普天間飛行場の移設決定を「すばらしい英断」と評価したように見える構成だった。

　SNS分析ツール「ブランドウォッチ」で調べると、最初の1時間で54件だったリポストは、3時間で累計1300件超、6時間で3600件超に膨らんだ。

　プロフィルや投稿内容、位置情報などから所在地を推定できたリポストは24時間で1927件。東京都が6割超を占め、沖縄県は24件（1．2％）にとどまった。

　しかし、玉城氏が辺野古移設を決めた事実はなく、投稿の内容は事実と異なっていた。「すばらしい英断」という発言も、辺野古移設を評価したものではなかった。

　翌日から誤りを指摘する投稿も現れたが、最も広がったものでも、24時間のリポストは600件余りにとどまった。民間団体「日本ファクトチェックセンター」は8月、元になった投稿を「誤り」と判定した。

　知事選では、当選した新人の古謝玄太氏についても「国益にかなう沖縄をつくる」と書かれたポスター風画像がX上に出回り、陣営が作成を否定した。

　8月27日～9月13日の選挙期間中、「沖縄県知事選」「沖縄知事選」の単語を含むXの投稿は約167万件に上った。発信地を都道府県単位で推定できた約36万件のうち、約95％が沖縄県外からだった。",[],[]
高市首相「政策実現へ総力」　自民、新執行部スタート（時事通信）,https://news.yahoo.co.jp/articles/445cec33e62cdddd14d61fd2908e1b9497c73a1f,https://newsatcl-pctr.c.yimg.jp/t/amd-img/20260916-00000079-jij-000-6-view.jpg?exp=10800,2026-09-16T14:32:14+09:00,2026-09-16T15:54:28+09:00,時事通信,jij,時事通信,433,"自民党の臨時総務会を終え、撮影に応じる（左から）西村康稔選対委員長、梶山弘志総務会長、高市早苗首相、麻生太郎副総裁、鈴木俊一幹事長、小林鷹之政調会長、松山政司参院議員会長、青木一彦参院幹事長＝１６日午前、東京・永田町の同党本部
自民党は16日午前、役員人事を行い新体制をスタートさせた。

　高市早苗首相（党総裁）は総務会で、今回の人事について「政権公約に掲げた重要な政策転換の実現に向けて、党、政府の総力を挙げた実行体制とすべく指名した」と強調した。
【ひと目でわかる】高市早苗氏はこんな人
首相は午前9時40分ごろ、党本部に到着。党四役で唯一の新任となった梶山弘志総務会長を含む役員らと顔合わせを行った後、総務会と役員会に臨んだ。

　鈴木俊一幹事長は総務会で「党内融和を図り、党の力を十分に発揮したい」とあいさつ。梶山氏は「合意形成に汗をかき、党の考え方をまとめたい」と抱負を述べた。閣僚未経験で異例の起用となった村井英樹国対委員長は「大変な重責だ」と語った。",[],[]
〔東京株式〕しっかり＝値がさ株が押し上げ（16日後場中盤）（時事通信）,https://news.yahoo.co.jp/articles/12a0ec3eb067b742523246e9fffe1bb403530f54,https://newsatcl-pctr.c.yimg.jp/t/amd-img/default.jpg?exp=10800,2026-09-16T14:30:30+09:00,2026-09-16T14:34:09+09:00,時事通信,jij,時事通信,757,"（13時52分）日経平均株価は、しっかり。この日の高値圏で推移している。国内長期金利が低下していることや、米株先物が上昇していることなどから、値がさ株を中心に幅広い銘柄で買いが先行している。

　（後場寄り）後場の日経平均株価は前日比278円73銭高の6万3762円83銭と切り返した。前場に値下がりしていた値がさの人工知能（AI）・半導体関連株の一角が売り一巡後に買い戻された。

　（前引け）【プライム】日経平均株価の午前の終値は前日比88円10銭安の6万3396円00銭と小幅続落した。米連邦公開市場委員会（FOMC）の結果発表を前に、人工知能（AI）関連株の一角に利益確定の売りが出た。原油高や長期金利の高止まりを嫌った売りも出た。一方、前日までの下落が大きかったことによる反動の買いも入り、東証株価指数（TOPIX）は20．28ポイント高の4057．44となった。
　28％の銘柄が値下がりし、値上がりは68％。出来高は8億1078万株、売買代金は3兆2816億円。
　業種別株価指数（33業種）は医薬品、情報・通信業、小売業などが下落。石油・石炭製品、鉱業、電気・ガス業などは上昇した。
　【スタンダード】スタンダードTOP20は下落。出来高2億7752万株。
　【グロース】グロースCore、グロース250は反落。

　（9時55分）日経平均株価は前日の終値を挟んで一進一退の動きとなっている。原油高や長期金利の高止まりなどから売りが出ている一方、昨日までの下落が大きかったことから反動の買いも入っている。

　（寄り付き）日経平均株価は前日比188円03銭高の6万3672円13銭と反発して始まった。円安から小高く始まったが、原油高や金利の高止まりで下落した米国市場の流れを引き継ぎ、値を消す展開。",[],[]
市立美術館がオープン　埼玉県川口市〔地域〕（時事通信）,https://news.yahoo.co.jp/articles/662e16eee1131c989e19f25e0f85899c7355e712,https://newsatcl-pctr.c.yimg.jp/t/amd-img/20260916-00000078-jij-000-6-view.jpg?exp=10800,2026-09-16T14:23:05+09:00,2026-09-16T15:53:31+09:00,時事通信,jij,時事通信,416,"「蜷川実花展　はじまりの光」の展示風景＝９日午後、埼玉県川口市
埼玉県川口市の市立美術館が9月、オープンした。JR川口駅から徒歩2分の場所に位置し、展示室やギャラリーのほか、レストランやミュージアムショップも備える。開館記念特別展では、写真家・映画監督蜷川実花さんの「蜷川実花展　はじまりの光」を11月29日まで開催している。

　同展は、蜷川さんが幼少期を過ごした川口で、約30年にわたる写真作品や家族の記憶を紹介。1階ではモノクロ写真や日常の風景、セルフポートレートなどを展示し、地下では父で演出家の蜷川幸雄さんの書斎を移設・再現したほか、母・蜷川宏子さんのキルトなどを組み合わせている。

　建畠晢館長は「敷居の低い美術館にしたい」と話し、展示品の鑑賞だけでなく、待ち合わせや食事などでも気軽に利用できる場所を目指す。川口に根付く鋳物などのものづくりの文化にも目を向け、地元ゆかりの作家紹介や若手作家の育成にも取り組むという。",[],[]
鈴木福、ミュージカル「ＲＥＮＴ」は「僕の生きがい」　製作発表で意欲、「エネルギー値がすごい作品」（時事通信）,https://news.yahoo.co.jp/articles/5dc49035c74d1c509fcbae05acf95d8d34c89a05,https://newsatcl-pctr.c.yimg.jp/t/amd-img/20260916-00000077-jij-000-5-view.jpg?exp=10800,2026-09-16T14:01:26+09:00,2026-09-16T15:53:23+09:00,時事通信,jij,時事通信,741,"ミュージカル「ＲＥＮＴ」の製作発表記者会見で撮影に臨むキャストたち＝１５日、東京
１０月に開幕するミュージカル「ＲＥＮＴ」の製作発表記者会見が東京都内で行われ、キャストの鈴木福、木原瑠生、ＲＩＫＵ（ＴＨＥ　ＲＡＭＰＡＧＥ）らが出席した。

　「ＲＥＮＴ」は１９９６年の世界初演以来、４０カ国以上で上演されている名作ミュージカル。２０世紀末の米ニューヨーク・イーストビレッジを舞台に、家賃（レント）を払えない若者たちが、エイズやドラッグなどの問題に直面しながらも、夢を追い続ける姿が描かれる。東宝が製作する同作の上演は、２０２３年春の公演以来、約３年半ぶりとなる。

　製作発表では「Ｎｏ　ｄａｙ　ｂｕｔ　ｔｏｄａｙ（きょうという日しかない）」との作品のテーマにちなみ、「今を全力で生きられると感じる大切なものは？」という質問がキャストたちに向けられた。

　映像作家志望のマーク役を演じる鈴木は「僕は今、『ＲＥＮＴ』が最高に楽しくて」と回答。「製作発表の場にいられることも、稽古していても楽しい。他に嫌なことがあっても、ここにいる間はとにかく楽しくて、『ＲＥＮＴ』が僕の生きがいになっている」と思いを語った。

　内容に関しては「夢を見ること、何かに向かって一生懸命やることについて考えさせてくれるし、感じさせてもくれる」と話し、「エネルギー値がすごいミュージカルなので、まだまだ稽古を重ねて、（そのエネルギーを）皆さんにお届けできるように頑張りたいと思っています」と意気込んでいた。

　この日、キャストたちは劇中歌の「Ｓｅａｓｏｎｓ　ｏｆ　Ｌｏｖｅ」などを披露した。

　東京・シアタークリエで１０月１５日から１１月１３日まで。その後、広島、福岡、愛知、大阪の各公演が行われる。",[],[]
マインクラフトの田んぼアートが見頃　埼玉県行田市〔地域〕（時事通信）,https://news.yahoo.co.jp/articles/6b1d9ca78b2a3c75d103cef693bc5ec09b984eda,https://newsatcl-pctr.c.yimg.jp/t/amd-img/20260916-00000076-jij-000-8-view.jpg?exp=10800,2026-09-16T14:01:16+09:00,2026-09-16T15:53:31+09:00,時事通信,jij,時事通信,320,"見頃を迎えたマインクラフトの田んぼアート＝１１日午後、埼玉県行田市
埼玉県行田市の世界最大の田んぼアートが、見頃を迎えている。今年のテーマは、同じくギネス世界記録に認定されている人気ゲーム「マインクラフト」とのコラボレーション。マイクラの人気キャラクターと共に、中央に行田タワーが配置されている。見頃は10月中旬ごろまで。

　市の田んぼアートは2008年に始まり、今年で18作品目。今回の稲には、緑は「彩のきずな」、白は「ゆきあそび」、黒は「紫905」、赤は「べにあそび」が使用されている。

　田植えは2日間にわたって行われ、ボランティアや市内小学生、一般参加者ら延べ1000人が参加した。今後は一般参加者による稲刈りが予定されている。",[],[]
〔東京株式〕切り返す＝半導体関連の一角に買い戻し（16日後場寄り付き）（時事通信）,https://news.yahoo.co.jp/articles/7ead4ca9b2742c41569af7596ed9aaeaaeea0d0d,https://newsatcl-pctr.c.yimg.jp/t/amd-img/default.jpg?exp=10800,2026-09-16T13:00:26+09:00,2026-09-16T14:03:15+09:00,時事通信,jij,時事通信,659,"（後場寄り）後場の日経平均株価は前日比278円73銭高の6万3762円83銭と切り返した。前場に値下がりしていた値がさの人工知能（AI）・半導体関連株の一角が売り一巡後に買い戻された。

　（前引け）【プライム】日経平均株価の午前の終値は前日比88円10銭安の6万3396円00銭と小幅続落した。米連邦公開市場委員会（FOMC）の結果発表を前に、人工知能（AI）関連株の一角に利益確定の売りが出た。原油高や長期金利の高止まりを嫌った売りも出た。一方、前日までの下落が大きかったことによる反動の買いも入り、東証株価指数（TOPIX）は20．28ポイント高の4057．44となった。
　28％の銘柄が値下がりし、値上がりは68％。出来高は8億1078万株、売買代金は3兆2816億円。
　業種別株価指数（33業種）は医薬品、情報・通信業、小売業などが下落。石油・石炭製品、鉱業、電気・ガス業などは上昇した。
　【スタンダード】スタンダードTOP20は下落。出来高2億7752万株。
　【グロース】グロースCore、グロース250は反落。

　（9時55分）日経平均株価は前日の終値を挟んで一進一退の動きとなっている。原油高や長期金利の高止まりなどから売りが出ている一方、昨日までの下落が大きかったことから反動の買いも入っている。

　（寄り付き）日経平均株価は前日比188円03銭高の6万3672円13銭と反発して始まった。円安から小高く始まったが、原油高や金利の高止まりで下落した米国市場の流れを引き継ぎ、値を消す展開。",[],[]
日経平均、278円73銭高の6万3762円83銭で始まる＝東京株式後場（時事通信）,https://news.yahoo.co.jp/articles/4ded5a8517d7ddf97934af8cca11da10d090320d,https://newsatcl-pctr.c.yimg.jp/t/amd-img/default.jpg?exp=10800,2026-09-16T13:00:25+09:00,2026-09-16T13:26:57+09:00,時事通信,jij,時事通信,92,"16日午後の東京株式市場の日経平均株価は、前営業日比278円73銭高の6万3762円83銭で始まった。
　東証株価指数（TOPIX）は、30．09ポイント高の4067．25で始まった。",[],[]
日経平均、300円超高＝東京株式（時事通信）,https://news.yahoo.co.jp/articles/97ddc7d51f920d88e757670c4b2a6e3c72eabe38,https://newsatcl-pctr.c.yimg.jp/t/amd-img/default.jpg?exp=10800,2026-09-16T13:00:25+09:00,2026-09-16T13:26:57+09:00,時事通信,jij,時事通信,35,16日の東京株式市場で、日経平均株価が前営業日比300円超高となった。,[],[]
臨時執行役員会に臨む階幹事長（時事通信）,https://news.yahoo.co.jp/articles/488d52666c205401c0b853bf7456f884c735fd75,https://newsatcl-pctr.c.yimg.jp/t/amd-img/20260916-00000075-jij-000-2-view.jpg?exp=10800,2026-09-16T12:58:13+09:00,2026-09-16T12:59:57+09:00,時事通信,jij,時事通信,54,"写真：時事通信社
写真説明：臨時執行役員会に臨む中道改革連合の階猛幹事長＝１６日午前、国会内　【時事通信社】",[],[]
関電と東北電が参画意向　青森県むつ市の中間貯蔵施設　18日にも伝達へ（時事通信）,https://news.yahoo.co.jp/articles/40436131c838c020b2e3ada21803817cfbb51af8,https://newsatcl-pctr.c.yimg.jp/t/amd-img/20260916-00000074-jij-000-8-view.jpg?exp=10800,2026-09-16T12:48:15+09:00,2026-09-16T18:03:02+09:00,時事通信,jij,時事通信,466,"トレーラーに載せられ、中間貯蔵施設の貯蔵建屋に運ばれる使用済み核燃料の入った金属製容器（キャスク）＝２０２４年９月、青森県むつ市
原発から出た使用済み核燃料を一時保管する青森県むつ市の中間貯蔵施設を巡り、東京電力ホールディングスと日本原子力発電の2社以外に、関西電力と東北電力が参画の意向を示していることが16日、分かった。

　
　原発の再稼働が進む中、増え続ける使用済み燃料の保管場所の確保は喫緊の課題だが、むつ市の中間貯蔵施設では東電と原電以外からの搬入は認められていない。東電が18日に関係自治体に報告するとみられるが、実現するかは不透明だ。

　東電と原電は昨年12月、使用済み燃料が当初計画の搬入量に満たないとして、他社原発からも受け入れる「事業者間連携」の検討を始めたいとの考えを表明。今年8月、むつ市の山本知也市長が容認したことを受け、両社は原発を持つ他の電力8社に参画意向を確認していた。

　一方、青森県の宮下宗一郎知事は「（地元自治体との）立地協定では想定されていない」としており、議論は難航する可能性もある。",[],[]
撮影に応じる自民党の新四役（時事通信）,https://news.yahoo.co.jp/articles/5266e167983c6e8db8c1eb0cdc3783ec42ec73f2,https://newsatcl-pctr.c.yimg.jp/t/amd-img/20260916-00000073-jij-000-2-view.jpg?exp=10800,2026-09-16T12:38:03+09:00,2026-09-16T12:40:02+09:00,時事通信,jij,時事通信,99,"写真：時事通信社
写真説明：自民党の新執行部が発足し、撮影に応じる（左から）小林鷹之政調会長、鈴木俊一幹事長、梶山弘志総務会長、西村康稔選対委員長＝１６日午前、東京・永田町の同党本部　【時事通信社】",[],[]
大阪2校でスプレー噴射相次ぐ　計48人症状、生徒ら「遊び感覚」（時事通信）,https://news.yahoo.co.jp/articles/62045143123e2822b951a7f326dc64d37bface28,https://newsatcl-pctr.c.yimg.jp/t/amd-img/20260916-00000072-jij-000-15-view.jpg?exp=10800,2026-09-16T12:34:01+09:00,2026-09-16T19:47:05+09:00,時事通信,jij,時事通信,410,"大阪府警本部＝大阪市中央区
大阪府内の高校と中学校で16日、在校生によるスプレー噴射が相次いだ。

　府警などによると、両校で計48人が喉の痛みやせきの症状などを訴えた。それぞれ男子高校生と男子中学生が傷害容疑で現行犯逮捕され、「遊び感覚」「遊び半分」などと供述した。

　堺市中区堀上町の大阪商業大学堺高校で午前10時40分ごろ、「催涙スプレーがまかれた」と119番があった。中堺署などによると、休み時間中に2階教室で2年生の男子生徒がまき、生徒24人がせきなどの症状を訴えた。男子生徒は逮捕前に「遊び感覚でスプレーをまいたら大ごとになった」と話した。

　午後2時20分ごろには貝塚市加神の市立第一中学校でも、2年の男子生徒（14）が廊下でスプレーをまいた。貝塚署によると、生徒や職員ら24人が目や喉の痛みを訴え、病院に搬送された。逮捕された男子生徒は「友達と遊んでいて、遊び半分で噴射してしまった」と説明している。",[],[]
自民幹事長「党内融和図る」　新四役が会見（時事通信）,https://news.yahoo.co.jp/articles/51ad12954cbe9a2b73b365b2238e0d81ea716ffe,https://newsatcl-pctr.c.yimg.jp/t/amd-img/20260916-00000071-jij-000-6-view.jpg?exp=10800,2026-09-16T12:33:55+09:00,2026-09-16T12:57:05+09:00,時事通信,jij,時事通信,451,"自民党の新執行部が発足し、撮影に応じる（左から）小林鷹之政調会長、鈴木俊一幹事長、梶山弘志総務会長、西村康稔選対委員長＝１６日午前、東京・永田町の同党本部
自民党の新四役は16日、党本部で共同記者会見を行った。

　続投の鈴木俊一幹事長は与党が参院で過半数を割り込んでいることに触れ、「政策転換を遂行するに当たり一番大切なのは政治の安定だ。党内融和を図って一致団結する」と強調。連立政権を組む日本維新の会や野党との連携強化にも意欲を示した。
【主な経歴】鈴木　俊一（すずき　しゅんいち）氏
唯一の新任となった梶山弘志総務会長は「自民は激しい議論が行われても、党として決定したことには従う良き伝統を受け継いできた」と指摘。「活発ながら円滑な党運営を通じ、高市早苗総裁（首相）を結束して支えていく」と語った。

　小林鷹之政調会長は近く召集される臨時国会に関し、「消費税減税法案を必ず成立させる」と抱負を述べた。西村康稔選対委員長は「来春の統一地方選、2年後の参院選に向け準備、調整を進めていく」と語った。",[],[]
〔東京外為〕ドル、155円台前半＝買い一巡後はやや伸び悩む（16日正午）（時事通信）,https://news.yahoo.co.jp/articles/401ddd2f54a3882014b48bfd3ca02b7df1cc342c,https://newsatcl-pctr.c.yimg.jp/t/amd-img/default.jpg?exp=10800,2026-09-16T12:30:31+09:00,2026-09-16T12:33:53+09:00,時事通信,jij,時事通信,682,"16日午前の東京外国為替市場のドルの対円相場（気配値）は、原油高や米長期金利の上昇など受けた買いが一巡した後は1ドル＝155円台前半でやや伸び悩んでいる。一時155円50銭近くまで買われる場面もあった。正午現在、1ドル＝155円24～24銭と前日（午後5時、154円87～88銭）比37銭のドル高・円安。
　前日の海外市場では、欧州時間序盤に一時155円20銭台に浮上する場面もあったが、すぐに戻り売りに押され、米国時間の序盤には154円70銭前後に反落。その後は原油高と米長期金利の上昇を背景に買い戻しが優勢となり、終盤は155円10銭台に水準を切り上げた。
　東京早朝は155円05～10銭前後で推移した後、買いが優勢となり、午前9時前に155円40銭台に浮上。午前9時以降、いったん売り戻されたが、仲値前後は実需筋の買いで155円30銭台に持ち直した。その後も買いが継続して155円50銭近くに上値を伸ばしたものの、正午にかけてはやや水準を下げた。
　午前中は「原油高と米金利上昇を受けた買いが先行した」（為替ブローカー）ものの、「時間外取引で米金利上昇が一服し、正午前は戻り売りに押された」（同）という。午後は、日本時間の明日未明にFOMCの結果公表とウォーシュFRB議長の会見を控えているため、「様子見ムードが強まるだろう」（大手邦銀）との声が聞かれる。
　ユーロは午前9時以降、対円、対ドルでもみ合い。正午現在、1ユーロ＝179円18～19銭（前日午後5時、178円73～74銭）、対ドルでは1．1542～1542ドル（同1．1540～1540ドル）。",[],[]
コカイン所持容疑で女逮捕（時事通信）,https://news.yahoo.co.jp/articles/1b4e910d4becc4a7bd81f59de0e7a112db880ca8,https://newsatcl-pctr.c.yimg.jp/t/amd-img/20260916-00000070-jij-000-8-view.jpg?exp=10800,2026-09-16T12:28:37+09:00,2026-09-16T14:57:59+09:00,時事通信,jij,時事通信,121,"写真：時事通信社
写真説明：コカインを所持したとして、警視庁は１６日までに、麻薬取締法違反容疑で、キャバクラ店従業員で会社役員田沢梨乃容疑者（写真）と、同居する交際相手で会社役員福本康太容疑者を現行犯逮捕した＝本人のＳＮＳより　【時事通信社】",[],[]
ドコモ、顧客情報を無断提供　34万人分、アマゾン日本法人に（時事通信）,https://news.yahoo.co.jp/articles/87d0e1bfe7ecd438ebdf53f4117ca577df0f904c,https://newsatcl-pctr.c.yimg.jp/t/amd-img/20260916-00000069-jij-000-6-view.jpg?exp=10800,2026-09-16T12:26:35+09:00,2026-09-16T13:41:23+09:00,時事通信,jij,時事通信,250,"ＮＴＴドコモのロゴ
NTTドコモは16日、契約者の個人情報約34万4000人分を無断で米アマゾン・ドット・コムの日本法人に提供していたと明らかにした。

　すでに提供された個人情報は削除されており、利用はなかったという。

　ドコモによると、4月21日～8月20日にオンラインで料金プランの変更手続きをした契約者らの電話番号や料金プラン名がアマゾン側に提供されていた。ドコモ側の設定ミスで、個人情報の提供の同意を得る文言が削除されていた。8月18日に文言の削除が判明し、9月15日に対象者に通知した。",[],[]
コカイン所持容疑で女逮捕　「ヤマトリノ」の名で活動　警視庁（時事通信）,https://news.yahoo.co.jp/articles/01d804f399adea92a59c37106f7729f656ee9f6b,https://newsatcl-pctr.c.yimg.jp/t/amd-img/20260916-00000068-jij-000-14-view.jpg?exp=10800,2026-09-16T12:25:33+09:00,2026-09-16T12:59:21+09:00,時事通信,jij,時事通信,440,"コカイン所持容疑で警視庁に逮捕された「ヤマトリノ」こと田沢梨乃容疑者（本人のＳＮＳより）
コカインを所持したとして、警視庁は16日までに、麻薬取締法違反容疑で、キャバクラ店従業員で会社役員田沢梨乃容疑者（27）＝東京都港区六本木＝と、同居する交際相手で会社役員福本康太容疑者（28）を現行犯逮捕した。
【写真特集】違法薬物の実態
捜査関係者への取材で分かった。

　田沢容疑者はユーチューブのオーディション番組などで「ヤマトリノ」の名前で活動しており、「2人で一緒に使っていました」と容疑を認めている。福本容疑者は「自分のものではありません」と否認している。

　逮捕容疑は15日、同居する自宅マンションで袋に入れたコカイン約0．4グラムを所持した疑い。

　捜査関係者によると、今年に入り、田沢容疑者がコカインを使用しているという情報を入手。自宅からは、ほかにも白い粉末が入った袋21袋と、吸引に使ったとみられるストローなどが見つかっており、同庁は使用した疑いについても調べる。",[],[]
山本が１４勝目　大リーグ（時事通信）,https://news.yahoo.co.jp/articles/a7dc4536919514e932984b082de388df74e37844,https://newsatcl-pctr.c.yimg.jp/t/amd-img/20260916-00000067-jij-000-2-view.jpg?exp=10800,2026-09-16T12:15:40+09:00,2026-09-16T12:18:02+09:00,時事通信,jij,時事通信,66,"写真：時事通信社
写真説明：レッズ戦に先発登板し、７回無失点で１４勝目を挙げたドジャースの山本＝１５日、シンシナティ　【時事通信社】",[],[]
円相場、155円24～24銭　16日正午現在（時事通信）,https://news.yahoo.co.jp/articles/80d490faa82b5dc77022f8f2cce74fb070c59029,https://newsatcl-pctr.c.yimg.jp/t/amd-img/default.jpg?exp=10800,2026-09-16T12:12:19+09:00,2026-09-16T14:26:37+09:00,時事通信,jij,時事通信,70,16日の東京外国為替市場の円相場は、正午現在1ドル＝155円24～24銭と、前日（154円87～88銭）に比べ37銭の円安・ドル高となった。,[],[]
教え子と民家で窃盗未遂容疑　26歳の都立高教諭逮捕　警視庁（時事通信）,https://news.yahoo.co.jp/articles/3be4eb96cec8aa382e2dacc921f3f8d44b3831d9,https://newsatcl-pctr.c.yimg.jp/t/amd-img/20260916-00000065-jij-000-11-view.jpg?exp=10800,2026-09-16T12:07:09+09:00,2026-09-16T12:50:25+09:00,時事通信,jij,時事通信,437,"警視庁本部＝東京都千代田区
教え子と民家に侵入し金品を盗もうとしたとして、警視庁少年事件課は16日までに、窃盗未遂と住居侵入の疑いで、都立高校教諭の木村涼介容疑者（26）＝東京都大島町元町＝を逮捕した。
【写真特集】日本の重大事件・事故（2000年以降）
「肝試し感覚だった」と容疑を一部否認している。

　同課によると、木村容疑者は高校の教え子が空き巣を繰り返していることを知りながら、盗品の売り方のほか、「純金は高く売れる」などと指南。教え子から誘われると自らも加担し、無施錠の窓から侵入したが物音が聞こえたため何も取らずに逃走したという。

　逮捕容疑は2月2日午後8時ごろ、教え子2人と共謀し、大島町の70代男性の民家に侵入し、室内を物色した疑い。

　大島町内では1～2月、空き巣被害が複数発生。同町がSNSなどで注意喚起したところ、4月になって教え子の1人が大島署に出頭した。同課は6～8月、窃盗容疑などで教え子6人を逮捕。うち4人は保護観察処分となったという。",[],[]
山本、7回無失点で14勝目　岡本は1安打―米大リーグ（時事通信）,https://news.yahoo.co.jp/articles/807a7f55564d4ff88c9fca39cb1014ddb926dde5,https://newsatcl-pctr.c.yimg.jp/t/amd-img/20260916-00000064-jij-000-7-view.jpg?exp=10800,2026-09-16T12:03:07+09:00,2026-09-16T15:43:40+09:00,時事通信,jij,時事通信,373,"レッズ戦に先発し力投するドジャースの山本＝１５日、シンシナティ（ロイター時事）
【シンシナティ時事】米大リーグは15日、各地で行われ、ドジャースの山本はレッズ戦に先発し、7回1安打無失点、7奪三振の好投でメジャー自己最多を更新する14勝目（8敗）を挙げた。
【写真特集】米大リーグ　きょうの日本人選手
スコアは4―0。

　ブルージェイズの岡本はタイガース戦に6番三塁で出場し、4打数1安打。チームは1―10で大敗した。ホワイトソックスの村上はガーディアンズ戦に4番一塁で出て、4打数無安打4三振。チームは6―7で逆転サヨナラ負けした。カブスの鈴木はブレーブス戦に2番右翼で出場して4打数1安打。カブスは3―6で敗れた。

　メッツの千賀はオリオールズ戦の九回に登板し、同点ソロを浴びて1回1失点。

　ブルワーズはナ・リーグ中地区優勝を決めた。",[],[]
〔東京株式〕小幅続落＝FOMC控え利益確定の売り（16日前場）☆差替（時事通信）,https://news.yahoo.co.jp/articles/3397c157f36701ba34efb614ef6e801171717fa0,https://newsatcl-pctr.c.yimg.jp/t/amd-img/default.jpg?exp=10800,2026-09-16T12:00:35+09:00,2026-09-16T12:26:39+09:00,時事通信,jij,時事通信,564,"（前引け）【プライム】日経平均株価の午前の終値は前日比88円10銭安の6万3396円00銭と小幅続落した。米連邦公開市場委員会（FOMC）の結果発表を前に、人工知能（AI）関連株の一角に利益確定の売りが出た。原油高や長期金利の高止まりを嫌った売りも出た。一方、前日までの下落が大きかったことによる反動の買いも入り、東証株価指数（TOPIX）は20．28ポイント高の4057．44となった。
　28％の銘柄が値下がりし、値上がりは68％。出来高は8億1078万株、売買代金は3兆2816億円。
　業種別株価指数（33業種）は医薬品、情報・通信業、小売業などが下落。石油・石炭製品、鉱業、電気・ガス業などは上昇した。
　【スタンダード】スタンダードTOP20は下落。出来高2億7752万株。
　【グロース】グロースCore、グロース250は反落。

　（9時55分）日経平均株価は前日の終値を挟んで一進一退の動きとなっている。原油高や長期金利の高止まりなどから売りが出ている一方、昨日までの下落が大きかったことから反動の買いも入っている。

　（寄り付き）日経平均株価は前日比188円03銭高の6万3672円13銭と反発して始まった。円安から小高く始まったが、原油高や金利の高止まりで下落した米国市場の流れを引き継ぎ、値を消す展開。",[],[]
日経平均、88円10銭安の6万3396円00銭で終了＝東京株式前場（時事通信）,https://news.yahoo.co.jp/articles/48a3c9d2a90276950ae4cab1c1205c2ea37e6609,https://newsatcl-pctr.c.yimg.jp/t/amd-img/default.jpg?exp=10800,2026-09-16T12:00:34+09:00,2026-09-16T12:26:39+09:00,時事通信,jij,時事通信,91,"16日午前の東京株式市場の日経平均株価は、前営業日比88円10銭安の6万3396円00銭で終了した。
　東証株価指数（TOPIX）は、20．28ポイント高の4057．44で終了した。",[],[]
取材に応じる高市首相（時事通信）,https://news.yahoo.co.jp/articles/58bf1a6a3c4792e73c65c6b21da9c76a24d9ea9c,https://newsatcl-pctr.c.yimg.jp/t/amd-img/20260916-00000063-jij-000-2-view.jpg?exp=10800,2026-09-16T11:56:15+09:00,2026-09-16T11:58:27+09:00,時事通信,jij,時事通信,82,"写真：時事通信社
写真説明：高市早苗首相（自民党総裁）は１６日午前、新しい党執行部を発足させた。写真は記者団の取材に応じる高市氏＝同日午前、首相官邸　【時事通信社】",[],[]
88円安の6万3396円00銭　16日午前の平均株価（時事通信）,https://news.yahoo.co.jp/articles/c357de6718bc498dd22b6012e52c3cfb2f958368,https://newsatcl-pctr.c.yimg.jp/t/amd-img/default.jpg?exp=10800,2026-09-16T11:53:19+09:00,2026-09-16T12:47:09+09:00,時事通信,jij,時事通信,66,16日午前の東京株式市場の日経平均株価は、6万3396円00銭と前日終値比88円10銭安で終わった。出来高は概算で8億1000万株。,[],[]
広告代理店を告発　1億8000万円脱税容疑　東京国税局（時事通信）,https://news.yahoo.co.jp/articles/a3cbb062d1d6dee934bfaeed70f9368854d9b601,https://newsatcl-pctr.c.yimg.jp/t/amd-img/20260916-00000061-jij-000-12-view.jpg?exp=10800,2026-09-16T11:49:03+09:00,2026-09-16T14:41:41+09:00,時事通信,jij,時事通信,408,"東京国税局＝東京都中央区
法人税など計約1億8600万円を脱税したとして、東京国税局査察部が、法人税法違反などの容疑で広告代理店と長谷川敏弘代表取締役（48）を東京地検に告発したことが16日、関係者への取材で分かった。

　
　告発されたのは、スポーツチームのオリジナルグッズ製作やイベント企画を手掛ける「Full　Commit　Creative　and　Strategy　Partners」（大阪府吹田市）。当時は東京都目黒区に本店を置いていた。

　関係者によると、同社は2024年4月期までの3年間に、架空の仕入れを計上し所得を圧縮する手口で所得計約5億1900万円を隠し、法人税や消費税など約1億8600万円を脱税した疑いが持たれている。

　脱税した資金は証券口座で管理し、投資などに充てていたという。

　同社は代理人弁護士を通じ「既に修正申告と納付を済ませた。今後は適正な申告に努める」とコメントした。",[],[]
高市首相「政策実現へ総力」（時事通信）,https://news.yahoo.co.jp/articles/80fb23ac6f1b1bea07522672be85cdc381154011,https://newsatcl-pctr.c.yimg.jp/t/amd-img/20260916-00000060-jij-000-2-view.jpg?exp=10800,2026-09-16T11:48:37+09:00,2026-09-16T11:51:39+09:00,時事通信,jij,時事通信,121,"写真：時事通信社
写真説明：自民党は１６日午前、役員人事を行い新体制をスタートさせた。高市早苗首相は総務会で、人事について「政権公約に掲げた重要な政策転換の実現に向けて、党、政府の総力を挙げた実行体制とすべく指名した」と強調。　【時事通信社】",[],[]
維新幹事長に柴田巧氏（時事通信）,https://news.yahoo.co.jp/articles/ab7e6aea47435d2bffe1da9ef5af44e0060797b6,https://newsatcl-pctr.c.yimg.jp/t/amd-img/20260916-00000059-jij-000-3-view.jpg?exp=10800,2026-09-16T11:37:48+09:00,2026-09-16T12:25:02+09:00,時事通信,jij,時事通信,108,"写真：時事通信社
写真説明：日本維新の会は１６日、国会内で両院議員総会を開き、幹事長に柴田巧氏（６５）、政調会長に梅村聡氏（５１）を充てる人事を決定した。写真は握手する藤田文武共同代表（左）と柴田氏。　【時事通信社】",[],[]
臨時執行役員会に臨む小川代表（時事通信）,https://news.yahoo.co.jp/articles/b71bbf4061c0b88d8d3f841f9b589985f4f31f58,https://newsatcl-pctr.c.yimg.jp/t/amd-img/20260916-00000058-jij-000-2-view.jpg?exp=10800,2026-09-16T11:31:52+09:00,2026-09-16T11:34:16+09:00,時事通信,jij,時事通信,55,"写真：時事通信社
写真説明：臨時執行役員会に臨む中道改革連合の小川淳也代表＝１６日午前、国会内　【時事通信社】",[],[]
北朝鮮に５０億円の賠償命令（時事通信）,https://news.yahoo.co.jp/articles/97789f9297149b9475a6712892fc042389a2ae37,https://newsatcl-pctr.c.yimg.jp/t/amd-img/20260916-00000057-jij-000-4-view.jpg?exp=10800,2026-09-16T11:27:40+09:00,2026-09-16T13:42:29+09:00,時事通信,jij,時事通信,124,"写真：時事通信社
写真説明：韓国のソウル中央地裁は１６日、北朝鮮の開城工業団地内にあった南北共同連絡事務所（写真）を爆破したとして、北朝鮮に対し約４４６億ウォン（約５０億円）の賠償を韓国政府に支払うよう命じた＝２０２０年６月撮影　【朝鮮通信・時事】",[],[]
維新幹事長に柴田巧氏　役員人事を決定（時事通信）,https://news.yahoo.co.jp/articles/fe5c92898d60a54c9fc7d288656dd62a48ae04ef,https://newsatcl-pctr.c.yimg.jp/t/amd-img/20260916-00000056-jij-000-9-view.jpg?exp=10800,2026-09-16T11:07:13+09:00,2026-09-16T19:33:44+09:00,時事通信,jij,時事通信,153,"日本維新の会の両院議員総会後、握手する藤田文武共同代表（左）と柴田巧幹事長＝１６日午前、国会内
日本維新の会は16日、国会内で両院議員総会を開き、幹事長に柴田巧氏（65）、政調会長に梅村聡氏（51）を充てる人事を決定した。
【主な経歴】柴田　巧（しばた　たくみ）氏
総務会長には金村龍那氏（47）が就いた。",[],[]
【図解】8月貿易赤字、1兆1056億円＝原油高で輸入額拡大―財務省（時事通信）,https://news.yahoo.co.jp/articles/0aa31adbcbfefe38d17a1d3bf13bedfd4958f9aa,https://newsatcl-pctr.c.yimg.jp/t/amd-img/20260916-00000003-jij_graph-000-7-view.jpg?exp=10800,2026-09-16T10:57:42+09:00,2026-09-16T15:44:28+09:00,時事通信,jij,時事通信,74,"貿易収支の推移
財務省が16日発表した8月の貿易統計速報（通関ベース）によると、輸出額から輸入額を差し引いた貿易収支は1兆1056億円の赤字だった。",[],[]
薬師寺保栄被告に有罪　元世界王者、養子縁組届偽造　名古屋地裁（時事通信）,https://news.yahoo.co.jp/articles/1b17f46d236876f4f61e9d113ff525cbe4222a21,https://newsatcl-pctr.c.yimg.jp/t/amd-img/20260916-00000055-jij-000-43-view.jpg?exp=10800,2026-09-16T10:56:16+09:00,2026-09-16T14:03:25+09:00,時事通信,jij,時事通信,389,"名古屋地裁＝名古屋市中区
養子縁組届を偽造して提出したとして、有印私文書偽造・同行使などの罪に問われた元プロボクシング世界王者の薬師寺保栄被告（58）と、交際相手の女（29）の判決が16日、名古屋地裁であった。
【写真】現役時代の薬師寺保栄氏
平手健太郎裁判官はいずれも懲役1年、執行猶予3年（求刑懲役1年）を言い渡した。

　平手裁判官は、薬師寺被告が当時の妻との離婚協議がまとまらない中、自身の財産を女に相続させるため、養子縁組を企てたと指摘。「戸籍の信用や制度を揺るがしかねない」とした上で「安易に犯罪行為に及んだことは厳しく非難すべきだ」と述べた。一方、訂正の意向を示していることや、反省の態度を考慮して執行猶予とした。

　判決によると、両被告は2024年11月、養子縁組届の養母署名押印欄に当時の妻の名前を無断で書き、印鑑を押して偽造。名古屋市内の区役所に提出した。",[],[]
自民執行部が発足（時事通信）,https://news.yahoo.co.jp/articles/fb9defddcb2a1bc48eafcaa38b985893bbff2f57,https://newsatcl-pctr.c.yimg.jp/t/amd-img/20260916-00000054-jij-000-3-view.jpg?exp=10800,2026-09-16T10:55:07+09:00,2026-09-16T11:34:53+09:00,時事通信,jij,時事通信,122,"写真：時事通信社
写真説明：高市早苗首相（自民党総裁）は１６日午前、新しい党執行部を発足させた。麻生太郎副総裁、鈴木俊一幹事長を続投させ、党の骨格を維持。来年の党総裁選をにらみ麻生派の両氏を引き続き処遇し、政権基盤の安定を図る。　【時事通信社】",[],[]
サンダース、バノン氏が演説（時事通信）,https://news.yahoo.co.jp/articles/93bd5f1138e9f0e47cf058ffab08e687b1cdb834,https://newsatcl-pctr.c.yimg.jp/t/amd-img/20260916-00000052-jij-000-3-view.jpg?exp=10800,2026-09-16T10:49:38+09:00,2026-09-16T11:40:33+09:00,時事通信,jij,時事通信,105,"写真：時事通信社
写真説明：人工知能（ＡＩ）の急速な発展に警鐘を鳴らすイベントが１５日、米首都ワシントン市内で開かれ、サンダース上院議員（写真）と、バノン元大統領府首席戦略官が相次いで登壇した。　【AFP時事】",[],[]
演説するバノン氏（時事通信）,https://news.yahoo.co.jp/articles/6fbaf1f430c5bc582025ac424ac818d98b1cef58,https://newsatcl-pctr.c.yimg.jp/t/amd-img/20260916-00000053-jij-000-2-view.jpg?exp=10800,2026-09-16T10:49:38+09:00,2026-09-16T10:52:50+09:00,時事通信,jij,時事通信,105,"写真：時事通信社
写真説明：人工知能（ＡＩ）の急速な発展に警鐘を鳴らすイベントが１５日、米首都ワシントン市内で開かれ、サンダース上院議員と、バノン元大統領府首席戦略官（写真）が相次いで登壇した。　【AFP時事】",[],[]
米共和議員、国防長官の弾劾要求　イラン作戦で「権限乱用」（時事通信）,https://news.yahoo.co.jp/articles/b9bf3e91689c95bc7289129e9abbd788135fd905,https://newsatcl-pctr.c.yimg.jp/t/amd-img/20260916-00000051-jij-000-7-view.jpg?exp=10800,2026-09-16T10:48:39+09:00,2026-09-16T15:44:21+09:00,時事通信,jij,時事通信,164,"ヘグセス米国防長官＝７月２１日、ワシントン（ＥＰＡ時事）
【ワシントン時事】米与党共和党のマシー下院議員は15日、ヘグセス国防長官に対する弾劾訴追決議案を提出した。
【ひと目でわかる】イラン攻撃を巡る各国の構図
連邦議会の承認を得ずに対イラン軍事作戦を継続していることは違法だと非難し、「国防総省の権限を乱用している」と訴えた。",[],[]
「ゾンビたばこ」譲渡で有罪判決　38歳男、元カープ選手に　広島地裁（時事通信）,https://news.yahoo.co.jp/articles/5d2201de6520e37dcadca8676e9cbfdbdef52399,https://newsatcl-pctr.c.yimg.jp/t/amd-img/20260916-00000050-jij-000-15-view.jpg?exp=10800,2026-09-16T10:44:09+09:00,2026-09-16T14:50:27+09:00,時事通信,jij,時事通信,455,"広島地裁＝広島市中区
プロ野球広島カープの羽月隆太郎元選手（26）＝有罪確定＝に「ゾンビたばこ」と呼ばれる指定薬物エトミデートを譲渡したなどとして、医薬品医療機器法違反罪に問われた滝口涼介被告（38）の初公判が16日、広島地裁であった。
【写真】プロ野球広島カープの羽月隆太郎選手
滝口被告は起訴内容を認め、即日結審。佐藤智彦裁判官は拘禁刑2年、執行猶予4年（求刑拘禁刑2年）の判決を言い渡した。

　被告人質問で検察側は、滝口被告のスマートフォンに第三者への譲渡を疑わせるメッセージがあるとしたが、被告は「（元選手以外に）渡したことはない」と否定。元選手には昨年4月ごろ、東京都内のバーで自身が吸っていたエトミデートに興味を示したため渡し、その後も依頼を受けて3～4回直接渡したと述べた。

　判決によると、滝口被告は昨年11月15～17日、都内からエトミデート入りカートリッジ5本をレターパックで送り、広島県内の羽月元選手に譲渡。同19日には都内の路上でエトミデートを含む液体約0．907グラムを所持した。",[],[]
左派とMAGA、AIで「共闘」　サンダース、バノン氏が演説　米（時事通信）,https://news.yahoo.co.jp/articles/e92d3487bfe729d84c31cc26deb8245c2a3aa369,https://newsatcl-pctr.c.yimg.jp/t/amd-img/20260916-00000049-jij-000-8-view.jpg?exp=10800,2026-09-16T10:40:52+09:00,2026-09-16T15:44:21+09:00,時事通信,jij,時事通信,249,"１５日、ワシントンでイベントに登壇にした急進左派の代表格サンダース上院議員（ＡＦＰ時事）
【ワシントン時事】人工知能（AI）の急速な発展に警鐘を鳴らすイベントが15日、米首都ワシントン市内で開かれ、急進左派の代表格サンダース上院議員と、トランプ大統領の岩盤支持層「MAGA（マガ）」の中心人物バノン元大統領府首席戦略官が相次いで登壇した。
【写真】15日、ワシントンで演説するバノン元大統領府首席戦略官
政治的立場が対極にある両氏は、AIに対する統制強化をそろって訴え、左右の「共闘」を印象付けた。",[],[]
四球で出塁した村上　大リーグ（時事通信）,https://news.yahoo.co.jp/articles/af9ca9fc2922927decc65a992423ae38b763f1de,https://newsatcl-pctr.c.yimg.jp/t/amd-img/20260916-00000048-jij-000-3-view.jpg?exp=10800,2026-09-16T10:33:41+09:00,2026-09-16T12:00:07+09:00,時事通信,jij,時事通信,101,"写真：時事通信社
写真説明：ガーディアンズ戦の５回、四球で出塁したホワイトソックスの村上。４番一塁で出て、４打数無安打４三振。チームは６―７で逆転サヨナラ負けした＝１５日、クリーブランド　【時事通信社】",[],[]
自民党本部に入る高市首相（時事通信）,https://news.yahoo.co.jp/articles/bd5ca68d69189033124cba11ac8ea5294e3f7fc2,https://newsatcl-pctr.c.yimg.jp/t/amd-img/20260916-00000047-jij-000-2-view.jpg?exp=10800,2026-09-16T10:33:40+09:00,2026-09-16T10:36:04+09:00,時事通信,jij,時事通信,82,"写真：時事通信社
写真説明：高市早苗首相（自民党総裁）は１６日午前、新しい党執行部を発足させた。写真は自民党本部に入る高市氏＝同日午前、東京・永田町　【時事通信社】",[],[]
北朝鮮に50億円の賠償命令　南北連絡事務所爆破で　韓国地裁（時事通信）,https://news.yahoo.co.jp/articles/b1342b85d8da3722aca13f8089803dd6fcc1772d,https://newsatcl-pctr.c.yimg.jp/t/amd-img/20260916-00000046-jij-000-9-view.jpg?exp=10800,2026-09-16T10:33:22+09:00,2026-09-16T14:52:39+09:00,時事通信,jij,時事通信,383,"爆破された南北共同連絡事務所＝２０２０年６月、開城（朝鮮通信・時事）
【ソウル時事】韓国のソウル中央地裁は16日、北朝鮮南西部の開城工業団地内にあった南北共同連絡事務所を爆破したとして、北朝鮮に対し約446億ウォン（約50億円）の賠償を韓国政府に支払うよう命じた。

　韓国政府が北朝鮮当局を相手取った訴訟で判決が出るのは初めて。

　ただ、北朝鮮は裁判に参加しておらず、判決が確定したとしても賠償の支払いには応じないとみられる。韓国統一省は判決を受け、「裁判所の判断を尊重し、必要な措置を検討していく」とのコメントを出した。

　北朝鮮は2020年6月、韓国の脱北者団体が金正恩朝鮮労働党委員長（現総書記）を批判するビラを散布したことに反発し、同事務所を爆破。韓国政府は23年6月、爆破から3年を迎え、「損害賠償請求権の消滅時効を中断するため」として提訴していた。",[],[]
〔東京株式〕一進一退＝FOMC控え売り買い交錯（16日前場中盤）（時事通信）,https://news.yahoo.co.jp/articles/a27b1a09afcdd8ba97a377a12e6e035b84ef82b8,https://newsatcl-pctr.c.yimg.jp/t/amd-img/default.jpg?exp=10800,2026-09-16T10:30:29+09:00,2026-09-16T10:33:57+09:00,時事通信,jij,時事通信,190,"（9時55分）日経平均株価は前日の終値を挟んで一進一退の動きとなっている。原油高や長期金利の高止まりなどから売りが出ている一方、昨日までの下落が大きかったことから反動の買いも入っている。

　（寄り付き）日経平均株価は前日比188円03銭高の6万3672円13銭と反発して始まった。円安から小高く始まったが、原油高や金利の高止まりで下落した米国市場の流れを引き継ぎ、値を消す展開。",[],[]
力投する山本　大リーグ（時事通信）,https://news.yahoo.co.jp/articles/04ba2390551b63e76d0d64b2cb84a211060ee9b7,https://newsatcl-pctr.c.yimg.jp/t/amd-img/20260916-00000045-jij-000-2-view.jpg?exp=10800,2026-09-16T10:28:48+09:00,2026-09-16T10:31:57+09:00,時事通信,jij,時事通信,53,"写真：時事通信社
写真説明：レッズ戦に先発し力投するドジャースの山本＝１５日、シンシナティ　【AFP時事】",[],[]
「世界最年少の君主」死去（時事通信）,https://news.yahoo.co.jp/articles/9a1ac7ba9012540e83d26be454f70f14f66a3436,https://newsatcl-pctr.c.yimg.jp/t/amd-img/20260916-00000044-jij-000-3-view.jpg?exp=10800,2026-09-16T10:27:40+09:00,2026-09-16T11:06:16+09:00,時事通信,jij,時事通信,119,"写真：時事通信社
写真説明：アフリカ東部ウガンダの「世界最年少の君主」として知られた西部トロ王国のオヨ国王（写真）が８月、米国で死去した。３４歳だった。ロイター通信が報じた。がんの治療を受けていたという＝２０１０年４月撮影　【AFP時事】",[],[]
運航団体「誠実に事実と向き合う」　辺野古転覆から半年、謝罪声明（時事通信）,https://news.yahoo.co.jp/articles/95e8b9d227ebdffba900467b389c0b480c005cb8,https://newsatcl-pctr.c.yimg.jp/t/amd-img/20260916-00000043-jij-000-13-view.jpg?exp=10800,2026-09-16T10:25:42+09:00,2026-09-16T11:28:12+09:00,時事通信,jij,時事通信,252,"ヘリ基地反対協議会の拠点に置かれた転覆した小型船＝３月２０日、沖縄県名護市辺野古
沖縄県名護市の辺野古沖で小型船が転覆し、研修旅行中の同志社国際高校（京都府）の女子生徒（17）ら2人が死亡した事故から半年となった16日、運航していた市民団体「ヘリ基地反対協議会」はホームページ上で謝罪声明を公表した。

　「失われた命の重さを忘れることなく、誠実に事実と向き合い、責任を全うする」とした。

　声明では、研修旅行に関わった教員が死亡したことに触れ、「事実から目をそらさず、全員で責任と向き合う」と記した。",[],[]
「世界最年少の君主」死去　3歳で即位、ウガンダの伝統王国（時事通信）,https://news.yahoo.co.jp/articles/7e69774b120786ef7b541b5beea18247f1355034,https://newsatcl-pctr.c.yimg.jp/t/amd-img/20260916-00000042-jij-000-9-view.jpg?exp=10800,2026-09-16T10:22:53+09:00,2026-09-16T15:43:58+09:00,時事通信,jij,時事通信,394,"ウガンダの「世界最年少の君主」として知られたトロ王国のオヨ国王＝２０１０年４月、フォートポータル（ＡＦＰ時事）
アフリカ東部ウガンダの「世界最年少の君主」として知られた西部トロ王国のオヨ国王が8月、米国で死去した。
【写真特集】追悼2026
34歳だった。ロイター通信が報じた。がんの治療を受けていたという。

　オヨ氏は1995年、トロ王国の国王に3歳で即位。ウガンダはムセベニ大統領が国家元首として長期支配する一方、伝統的な王国が複数存在している。トロ王国の公式サイトによると、独立した王国として1830年ごろ成立した。

　王族会議は今月9日、国営放送でニュースキャスターを務めるオヨ氏のいとこ（56）を後継者に選んだ。近親者は遺言に基づき、これまで公表されていなかったオヨ氏の息子が王位を継承すべきだと主張していたが、12日の埋葬に合わせ、いとこを新国王とする儀式が執り行われた。",[],[]
自民執行部が発足　麻生・鈴木氏ら骨格維持（時事通信）,https://news.yahoo.co.jp/articles/b33ac73d57fff1130309967dc69ff448aa4ee670,https://newsatcl-pctr.c.yimg.jp/t/amd-img/20260916-00000041-jij-000-22-view.jpg?exp=10800,2026-09-16T10:22:23+09:00,2026-09-16T20:14:05+09:00,時事通信,jij,時事通信,685,"自民党の臨時総務会を終え、撮影に応じる（左から）西村康稔選対委員長、梶山弘志総務会長、高市早苗首相、麻生太郎副総裁、鈴木俊一幹事長、小林鷹之政調会長＝１６日午前、東京・永田町の同党本部
高市早苗首相（自民党総裁）は16日、新しい党執行部を発足させた。

　麻生太郎副総裁（85）、鈴木俊一幹事長（73）を続投させ、党の骨格を維持。来年の党総裁選をにらみ、自身の後ろ盾になっている麻生派の両氏を引き続き処遇し、政権基盤の安定を図る。
【主な経歴】鈴木　俊一（すずき　しゅんいち）氏
首相は「国民に経済成長による豊かさと安心を実感していただけるまで政策で未来を切り開いていく」と決意を示した。首相官邸で記者団の取材に応じた。

　昨年の総裁選を争った小林鷹之政調会長（51）と、いずれも旧安倍派の西村康稔選対委員長（63）、萩生田光一幹事長代行（63）も留任。総務会長に梶山弘志前国対委員長（70）を起用し、後任の国対委員長に村井英樹元官房副長官（46）を充てた。総務会で人事が了承され、新たな体制で初の役員会を開いた。

　新体制発足に合わせ、松山政司参院議員会長は参院自民の幹部人事を実施。石井準一参院幹事長（68）を交代させ、後任に青木一彦前参院議院運営委員長（65）を就けた。参院政審会長には末松信介元文部科学相（70）が就任。磯崎仁彦参院国対委員長（69）は再任された。

　石井氏退任には、首相の意向が反映されたとの見方が出ている。首相は記者団に「参院の人事権は私にはない」と説明した。

　松野博一組織運動本部長（64）、鈴木貴子広報本部長（40）は留任した。",[],[]
【図解】7月機械受注、3．7％減＝大型受注の反動―内閣府（時事通信）,https://news.yahoo.co.jp/articles/5c0fdba0c62c8e6a04a87fefae54b13daacc8250,https://newsatcl-pctr.c.yimg.jp/t/amd-img/20260916-00000002-jij_graph-000-9-view.jpg?exp=10800,2026-09-16T10:17:03+09:00,2026-09-16T15:44:29+09:00,時事通信,jij,時事通信,101,"機械受注の推移
内閣府が16日発表した7月の機械受注統計（季節調整値）によると、企業の設備投資の先行指標となる民間需要（変動の大きい船舶・電力を除く）の受注額は前月比3．7％減の1兆169億円となった。",[],[]
18日に米韓外相会談　ホルムズ軍派遣など議論か（時事通信）,https://news.yahoo.co.jp/articles/d505e30bd66efc9ef15f965bed217f56c0a7914f,https://newsatcl-pctr.c.yimg.jp/t/amd-img/20260916-00000040-jij-000-8-view.jpg?exp=10800,2026-09-16T10:13:44+09:00,2026-09-16T15:43:55+09:00,時事通信,jij,時事通信,254,"韓国の趙顕外相＝８月１９日、ソウル（ＥＰＡ時事）
【ソウル時事】韓国外務省関係者は16日、趙顕外相が17～19日の日程で米ワシントンを訪問し、18日にルビオ国務長官と会談すると明らかにした。

　
　関係者は「韓米関係、朝鮮半島、地域とグローバルな問題などを幅広く協議する」と説明した。トランプ政権の圧力で韓国政府が検討するホルムズ海峡への軍派遣問題や、調整が難航している対米投資案件、韓国の原子力潜水艦導入などが話題に上るとみられる。

　トランプ大統領が意欲を見せる米朝首脳会談も取り上げられる見通しだ。",[],[]
国連安保理、フーシ派の支配拡大巡り緊急会合　イエメンが対応求める（時事通信）,https://news.yahoo.co.jp/articles/97378c247a7a36087aee3cea0e54664d0c6dcb81,https://newsatcl-pctr.c.yimg.jp/t/amd-img/20260916-00000039-jij-000-9-view.jpg?exp=10800,2026-09-16T10:13:31+09:00,2026-09-16T15:54:18+09:00,時事通信,jij,時事通信,420,"紅海の要衝バベルマンデブ海峡＝７月２４日、イエメン沖（ＡＦＰ時事）
【ニューヨーク時事】国連安全保障理事会は15日、緊急会合を開き、イエメンの親イラン武装組織フーシ派による紅海の要衝バベルマンデブ海峡での支配拡大を巡って協議した。

　会合は英仏など6カ国が要請し、理事国からフーシ派に対する非難の声が相次いだ。

　イエメン暫定政権のサーディ国連大使は海峡の現状について「世界で最も重要な貿易とエネルギーの玄関口の一つが、テロ組織の『脅迫のカード』になっている」と強調。世界全体に影響を及ぼすとして、フーシ派の責任追及や武器禁輸などの制裁の履行を求めた。

　また、米代表はイランがフーシ派に武器や資金の供与を続けていると指摘。こうした援助への対処が「フーシ派の能力を排除するためには不可欠」と訴えた。

　バベルマンデブ海峡は、事実上封鎖されたホルムズ海峡に代わる重要航路となっているが、フーシ派が今月に入って次々と要衝を制圧している。",[],[]
イベント会社に罰金1．5億円　五輪談合、6社すべて有罪　東京地裁（時事通信）,https://news.yahoo.co.jp/articles/245ad811be3014f0603ac37c139ef2292ee7ad0a,https://newsatcl-pctr.c.yimg.jp/t/amd-img/20260916-00000038-jij-000-15-view.jpg?exp=10800,2026-09-16T10:11:14+09:00,2026-09-16T11:46:05+09:00,時事通信,jij,時事通信,508,"東京地裁＝東京都千代田区（ＡＦＰ時事）
東京五輪・パラリンピックを巡る談合事件で、独禁法違反（不当な取引制限）罪に問われたイベント会社「セイムトゥー」前社長の海野雅生被告（59）と、法人としての同社の判決が16日、東京地裁であった。
【写真特集】2020年東京五輪招致
宮田祥次裁判長は、海野被告に懲役1年6月、執行猶予3年（求刑懲役1年6月）、同社に求刑通り罰金1億5000万円を言い渡した。

　これで起訴された法人6社の一審判決が出そろい、すべて有罪となった。

　宮田裁判長は、広告最大手「電通グループ」側との面談で、水泳などへの入札を求められたことから、「大会組織委員会や電通グループの意向に沿った行動をすれば受注の可能性が高まると認識していた」と認定。「会社の利益を図るため安易な選択をした」と述べ、談合を否定した弁護側の無罪主張を退けた。

　判決によると、海野被告は発注側の組織委元次長（59）＝有罪確定＝らと共謀し、2018年2～7月ごろ、テスト大会の計画立案と実施、本大会運営の各業務で受注予定企業を決めるなどした。

　電通グループは罰金3億円が最高裁で確定し、他の4社は上告するなどしている。",[],[]
在宅取り調べ可視化1万3500件　試行後の半年で、初公表　最高検（時事通信）,https://news.yahoo.co.jp/articles/4b3ea39fea70dcc0863aabe28a31a26becb3b2a6,https://newsatcl-pctr.c.yimg.jp/t/amd-img/20260916-00000037-jij-000-11-view.jpg?exp=10800,2026-09-16T10:08:35+09:00,2026-09-16T10:57:13+09:00,時事通信,jij,時事通信,280,"検察庁などが入る中央合同庁舎第６号館＝東京都千代田区
最高検は16日、容疑者を逮捕せず任意で捜査した在宅事件で取り調べ録音・録画（可視化）を実施した件数について、昨年10月～今年3月の半年間で約1万3500件だったと発表した。

　このうち約9000件を在宅起訴したという。昨年4月の試行開始以来、件数を公表するのは初めて。

　昨年10月までに機材の配備など全庁的に環境が整ったという。在宅事件全体に占める可視化の実施割合は明らかにしなかった。取材に応じた最高検の新河隆志次長検事は「件数はかなり少ないが、積極的に取り組もうという機運になっている」と語った。",[],[]
賭博参加の永久禁止要請　米主要スポーツ団体（時事通信）,https://news.yahoo.co.jp/articles/760b4a91498a487495636c284fec964f18bb0024,https://newsatcl-pctr.c.yimg.jp/t/amd-img/default.jpg?exp=10800,2026-09-16T10:05:40+09:00,2026-09-16T10:50:05+09:00,時事通信,jij,時事通信,222,"【ロサンゼルス時事】米大リーグなど主要プロスポーツ5団体と選手会は15日、選手らに脅迫行為をしたスポーツ賭博利用者の賭博参加を永久に禁止するよう、各州の規制当局に共同で要請した。

　ロイター通信などが報じた。近年は選手個人の成績を対象とする賭けが普及し、賭けに負けた利用者による選手や監督、その家族への脅迫や嫌がらせが相次いでいる。

　ある州で追放された利用者を他州でも排除する仕組みや、証拠を当局に提出する統一的な報告制度の整備も求めた。",[],[]
〔東京外為〕ドル、155円台前半＝原油高や米金利上昇で上伸（16日午前9時）（時事通信）,https://news.yahoo.co.jp/articles/617bf376dfcef71782d291cdf2afc5a573045f3f,https://newsatcl-pctr.c.yimg.jp/t/amd-img/default.jpg?exp=10800,2026-09-16T09:30:19+09:00,2026-09-16T09:34:28+09:00,時事通信,jij,時事通信,676,"16日朝の東京外国為替市場のドルの対円相場（気配値）は、原油高や米長期金利の上昇などに支援され、1ドル＝155円台前半に上伸している。午前9時現在、1ドル＝155円28～29銭と前日（午後5時、154円87～88銭）比41銭のドル高・円安。
　前日の海外市場では、欧州時間序盤に一時155円20銭台に浮上する場面もあったが、すぐに戻り売りに押され、米国時間の序盤には154円70銭前後に反落。その後は原油高と米長期金利の上昇を背景に買い戻しが優勢となり、終盤は155円10銭台に水準を切り上げた。
　前日の米国市場では、中東産原油の供給混乱が長引く中、原油先物相場が大幅続伸。WTIは、前日比4．38％高の1バレル＝105．83ドルで引けた。原油高でインフレ懸念が広がり、米長期金利は5％台に乗せる動きとなった。
　東京早朝は155円05～10銭前後で推移した後、改めて買いが強まっている。市場では「原油高と米金利上昇を受けた買いのフローが入り、朝方から上値を切り上げる展開になった」（為替ブローカー）と指摘される。
　ただ、「155円台では戻り売りが依然として厚いことから、一段の上昇余地は限られる」（大手邦銀）という。日本時間の明日未明にはFOMCの結果公表とウォーシュFRB議長の会見を控え、「徐々に様子見になるのではないか」（同）との声が聞かれる。
　ユーロも対円は上昇。対ドルはもみ合い。午前9時現在、1ユーロ＝179円14～15銭（前日午後5時、178円73～74銭）、対ドルでは1．1536～1536ドル（同1．1540～1540ドル）。",[],[]
〔東京株式〕反発＝円安で上昇も値を消す（16日前場寄り付き）（時事通信）,https://news.yahoo.co.jp/articles/cb674d1965abd75bd8292d66acc536c565425d6a,https://newsatcl-pctr.c.yimg.jp/t/amd-img/default.jpg?exp=10800,2026-09-16T09:30:19+09:00,2026-09-16T09:34:29+09:00,時事通信,jij,時事通信,94,（寄り付き）日経平均株価は前日比188円03銭高の6万3672円13銭と反発して始まった。円安から小高く始まったが、原油高や金利の高止まりで下落した米国市場の流れを引き継ぎ、値を消す展開。,[],[]
日経平均、188円03銭高の6万3672円13銭で始まる＝東京株式前場（時事通信）,https://news.yahoo.co.jp/articles/7cfcb09c4dda216db2003bd93ea7c7153f2ead33,https://newsatcl-pctr.c.yimg.jp/t/amd-img/default.jpg?exp=10800,2026-09-16T09:30:19+09:00,2026-09-16T09:34:28+09:00,時事通信,jij,時事通信,92,"16日午前の東京株式市場の日経平均株価は、前営業日比188円03銭高の6万3672円13銭で始まった。
　東証株価指数（TOPIX）は、19．61ポイント高の4056．77で始まった。",[],[]
ハメス・ロドリゲスが代表引退　コロンビア・サッカー（時事通信）,https://news.yahoo.co.jp/articles/fc312bd284314160bc65af9287a6fe225f583124,https://newsatcl-pctr.c.yimg.jp/t/amd-img/default.jpg?exp=10800,2026-09-16T09:29:16+09:00,2026-09-16T09:34:19+09:00,時事通信,jij,時事通信,184,"サッカーのコロンビア代表として活躍し、ワールドカップ（W杯）2014年ブラジル大会で得点王に輝いたMFハメス・ロドリゲス（35）が15日、代表引退を発表した。

　自身のSNSに投稿した動画で「代表のユニホームを着て戦えたことは人生で最大の名誉の一つ」と語った。

　W杯は今年の北中米3カ国大会を含む3大会に出場。代表通算131試合に出て31得点。（ロイター時事）。",[],[]
山本、７回無失点で１４勝目　大リーグ（時事通信）,https://news.yahoo.co.jp/articles/17c541b1abfb907ecb244012d1df0e689000dad9,https://newsatcl-pctr.c.yimg.jp/t/amd-img/20260916-00000034-jij-000-3-view.jpg?exp=10800,2026-09-16T09:21:53+09:00,2026-09-16T11:59:02+09:00,時事通信,jij,時事通信,105,"写真：時事通信社
写真説明：レッズ戦に先発し力投するドジャースの山本。７回１安打無失点、７奪三振の好投でメジャー自己最多を更新する１４勝目（８敗）を挙げた。スコアは４―０＝１５日、シンシナティ　【ロイター時事】",[],[]
円相場、155円28～29銭　16日午前9時現在（時事通信）,https://news.yahoo.co.jp/articles/09ccb7148c2e211b338b6223c2300cfa770fecee,https://newsatcl-pctr.c.yimg.jp/t/amd-img/default.jpg?exp=10800,2026-09-16T09:18:22+09:00,2026-09-16T09:24:01+09:00,時事通信,jij,時事通信,72,16日の東京外国為替市場の円相場は、午前9時現在1ドル＝155円28～29銭と、前日（154円87～88銭）に比べ41銭の円安・ドル高となった。,[],[]
中止の大学野球（16日）（時事通信）,https://news.yahoo.co.jp/articles/37dd4c20747929cbe016b255cb15f90bd87f69bc,https://newsatcl-pctr.c.yimg.jp/t/amd-img/default.jpg?exp=10800,2026-09-16T09:08:12+09:00,2026-09-16T09:23:58+09:00,時事通信,jij,時事通信,29,▽東都大学　青学大―東洋大、亜大―立正大、国学院大―中大。,[],[]
7月機械受注、3．7％減　大型受注の反動　内閣府（時事通信）,https://news.yahoo.co.jp/articles/0ab018b3e8e745aeafb8b0eab5f47f0c504ba4a8,https://newsatcl-pctr.c.yimg.jp/t/amd-img/20260916-00000031-jij-000-16-view.jpg?exp=10800,2026-09-16T09:01:45+09:00,2026-09-16T15:44:13+09:00,時事通信,jij,時事通信,213,"自動車部品大手の矢崎総業が生産現場への投入を目指す人型ロボット＝７月１５日、静岡県裾野市の研究開発拠点「Ｙ―ＣＩＴＹ」内
内閣府が16日発表した7月の機械受注統計（季節調整値）によると、企業の設備投資の先行指標となる民間需要（変動の大きい船舶・電力を除く）の受注額は前月比3．7％減の1兆169億円となった。

　前月に大型案件があった反動で、2カ月ぶりにマイナスとなった。基調判断は「持ち直しの動きがみられる」に据え置いた。",[],[]
8月貿易赤字、1兆1056億円　原油高で輸入額拡大　財務省（時事通信）,https://news.yahoo.co.jp/articles/cce8585b1d1f2b1a54e99f5d58136cfe856b7d73,https://newsatcl-pctr.c.yimg.jp/t/amd-img/20260916-00000030-jij-000-15-view.jpg?exp=10800,2026-09-16T08:58:59+09:00,2026-09-16T15:43:46+09:00,時事通信,jij,時事通信,309,"港に接岸し、積み込み作業が行われるコンテナ船＝８月１０日、東京都内（ＥＰＡ時事）
財務省が16日発表した8月の貿易統計速報（通関ベース）によると、輸出額から輸入額を差し引いた貿易収支は1兆1056億円の赤字だった。

　赤字は4カ月連続。中東情勢の緊迫化に伴う原油高や円安を背景に輸入額が大きく膨らみ、赤字は前年同月の4倍近くに拡大した。

　輸入額は前年同月比28．0％増の11兆1540億円と、8月として過去最大を更新した。イラン情勢悪化を受け、原粗油が58．7％増と全体を押し上げた。中東からの輸入数量は30．9％減少した一方、代替調達先となった米国からは7倍超に急増した。半導体等電子部品も82．1％増だった。",[],[]
メッシ、10月に代表最後の一戦　サッカー（時事通信）,https://news.yahoo.co.jp/articles/99aebd01ce37b2774bfa0a6b4d0350ffda66f431,https://newsatcl-pctr.c.yimg.jp/t/amd-img/default.jpg?exp=10800,2026-09-16T08:48:44+09:00,2026-09-16T15:43:41+09:00,時事通信,jij,時事通信,281,"【ロサンゼルス時事】アルゼンチン・サッカー協会は15日、同国の代表活動から退く意向を表明したFWリオネル・メッシ（マイアミ）を10月6日にブエノスアイレスで行われるベナン代表との国際親善試合のメンバーに選出したと発表した。

　39歳のメッシにとって、代表最後の一戦となる。

　2005年に18歳で代表デビューし、ワールドカップ（W杯）は今年の北中米3カ国大会まで6大会連続出場。22年カタール大会では自身初の優勝を遂げ、大会最優秀選手に選ばれた。アルゼンチン協会のタピア会長はX（旧ツイッター）に動画を投稿し、「彼にふさわしい別れの場を用意したい」と語った。",[],[]
ウクライナ大統領機、２回標的か（時事通信）,https://news.yahoo.co.jp/articles/3ab7ea6ce04c3f2aa92310ec29a06c18aeab5fc7,https://newsatcl-pctr.c.yimg.jp/t/amd-img/20260916-00000028-jij-000-2-view.jpg?exp=10800,2026-09-16T08:46:53+09:00,2026-09-16T08:49:57+09:00,時事通信,jij,時事通信,103,"写真：時事通信社
写真説明：ウクライナのゼレンスキー大統領は１５日、米ＣＢＳテレビのインタビューで、ロシアが過去数週間で２回、ウクライナ大統領専用機を攻撃しようとしたと明らかにした＝６日撮影　【EPA時事】",[],[]
米英首脳が来週初会談へ　中東、ウクライナ情勢協議　報道（時事通信）,https://news.yahoo.co.jp/articles/81d737342ffb430db492896fcb0c6b45740d78b1,https://newsatcl-pctr.c.yimg.jp/t/amd-img/20260916-00000027-jij-000-9-view.jpg?exp=10800,2026-09-16T08:45:58+09:00,2026-09-16T16:54:02+09:00,時事通信,jij,時事通信,248,"トランプ米大統領（写真左）とバーナム英首相（いずれもＥＰＡ時事）
【ロンドン時事】英紙タイムズ（電子版）は15日、ニューヨークで来週開かれる国連総会に合わせ、トランプ米大統領とバーナム英首相が初の首脳会談を行うと報じた。

　中東やウクライナ情勢、エネルギー問題などが話し合われる見通し。

　同紙によると、会談は「両首脳が出席する22日の国連総会の際に実施する方向」という。7月に就任したバーナム氏にとっては、対イラン軍事作戦支援を巡りぎくしゃくした米英関係の改善につなげられるかが課題になる。",[],[]
森衆院議長とエネルギー支援協議（時事通信）,https://news.yahoo.co.jp/articles/691d7e0b6b362a88a44c1eb5b3c39d917b6ee9bc,https://newsatcl-pctr.c.yimg.jp/t/amd-img/20260916-00000026-jij-000-2-view.jpg?exp=10800,2026-09-16T08:44:36+09:00,2026-09-16T08:47:57+09:00,時事通信,jij,時事通信,102,"写真：時事通信社
写真説明：ウクライナのゼレンスキー大統領は１５日、首都キーウを訪問した森英介衆院議長と会談し、エネルギー支援や防衛協力について協議した。写真は同日、キーウで演説する森氏。　【EPA時事】",[],[]
経済効果、最大6兆円　28年ロス五輪（時事通信）,https://news.yahoo.co.jp/articles/4324290ab15e7376f750724d5d6f214f583a04b5,https://newsatcl-pctr.c.yimg.jp/t/amd-img/default.jpg?exp=10800,2026-09-16T08:32:30+09:00,2026-09-16T15:43:41+09:00,時事通信,jij,時事通信,206,"【ロサンゼルス時事】2028年ロサンゼルス五輪・パラリンピック組織委員会は15日、五輪による地元への経済効果が最大406億ドル（約6兆円）に上る可能性があると発表した。

　組織委の委託調査による試算。最大22万4000人の雇用を支えると分析している。

　調査はロサンゼルス郡経済開発公社が実施。観光消費などを含めた経済効果は205億～406億ドル、12万6000～22万4000人の雇用に影響すると推計した。",[],[]
日立、米国に変圧器新工場　820億円投じ増産（時事通信）,https://news.yahoo.co.jp/articles/ed04606185dadc8265df151a3eb546941306cc90,https://newsatcl-pctr.c.yimg.jp/t/amd-img/20260916-00000024-jij-000-9-view.jpg?exp=10800,2026-09-16T08:20:06+09:00,2026-09-16T15:44:13+09:00,時事通信,jij,時事通信,237,"日立製作所のロゴ
日立製作所傘下の日立エナジー（スイス）は16日、5億2800万ドル（約820億円）を投じ、米南部ミシシッピ州に変圧器製造工場を新たに建設すると発表した。

　人工知能（AI）普及に伴い米国で急速に拡大する電力需要に対応するため、電力インフラの生産を強化する。日米関税交渉で決まった総額5500億ドル（約85兆円）の対米投融資の一部となる見込み。

　年内に建設を始め、2029年に変圧器の生産を開始する予定。生産能力はこれまでの2倍以上に拡大する見通しだ。",[],[]
佐々木朗希、救援起用も　大谷翔平は打撃練習再開―MLB・ドジャース（時事通信）,https://news.yahoo.co.jp/articles/29d137125f7884fba6517500c4bfa08edab66834,https://newsatcl-pctr.c.yimg.jp/t/amd-img/default.jpg?exp=10800,2026-09-16T08:19:07+09:00,2026-09-16T09:41:48+09:00,時事通信,jij,時事通信,304,"【シンシナティ時事】米大リーグ、ドジャースのロバーツ監督は15日、遠征先のオハイオ州シンシナティで取材に応じ、右手中指にまめができた影響で負傷者リスト（IL）に入っている佐々木について、復帰後は救援での起用も視野に入れていることを示唆した。

　先発で復帰するかと問われ、「まだ結論を出していない。週末にかけて話し合い、役割を決める」と述べた。

　同監督は、16日に佐々木を実戦形式の打撃練習に登板させ、状態を確認すると説明した。

　右上腕の炎症でIL入りしている大谷は15日に打撃練習を再開し、ティー打撃を行った。今後について、指揮官は「レギュラーシーズン中に何試合か出場すると見込んでいる」と語った。",[],[]
アジア大会開幕前で庁舎にデジタルアート　愛知県・名古屋市〔地域〕（時事通信）,https://news.yahoo.co.jp/articles/41040af53f53f3a5db3dbd0987597ed0af9b06fd,https://newsatcl-pctr.c.yimg.jp/t/amd-img/20260916-00000022-jij-000-6-view.jpg?exp=10800,2026-09-16T08:02:57+09:00,2026-09-16T09:43:07+09:00,時事通信,jij,時事通信,330,"点灯式で庁舎に映されたデジタルアート＝１５日午後、愛知県庁
19日の愛知・名古屋アジア大会の開幕を前に、愛知県と名古屋市の各本庁舎で15日、デジタルアートの点灯式が行われた。デジタルアートの投影は17日から、アジア・パラ大会が閉会する10月24日まで。毎日午後6時半～午後9時に、両庁舎の壁面に愛知の歴史や文化をモチーフとした色鮮やかな映像が浮かび上がる。

　デジタルアートのテーマは、県庁舎が「広域・伝統」、市庁舎は「都市・動・革新（未来）」。両庁舎はいずれも国の重要文化財に指定されており、投影面は両庁舎とも幅80メートル以上、高さ約25メートルに及ぶ。観覧料は無料。

　大会組織委員会会長を務める大村秀章知事は「夜の名古屋を楽しんでほしい」と話した。",[],[]
米中、20日に閣僚級協議　首脳会談調整、イラン制裁議論（時事通信）,https://news.yahoo.co.jp/articles/984daa846a35d3bc229bfc4cf13a3ab398d133ce,https://newsatcl-pctr.c.yimg.jp/t/amd-img/20260916-00000021-jij-000-10-view.jpg?exp=10800,2026-09-16T07:58:04+09:00,2026-09-16T15:43:50+09:00,時事通信,jij,時事通信,374,"ジュネーブで行われた会談で、握手を交わす米国のベセント財務長官（左）と中国の何立峰副首相＝２０２５年５月、スイス外務省提供（ＡＦＰ時事）
【ワシントン時事】ベセント米財務長官は15日、下院金融サービス委員会で、中国の何立峰副首相と週末に会談する意向を示した。
【ひと目でわかる】イラン攻撃を巡る各国の構図
24日に予定される米中首脳会談に向けた詰めの調整を進める見通しだ。イランに対する制裁などについて協議すると説明した。

　英紙フィナンシャル・タイムズによると、両氏は20日、米ニューヨークで会談し、人工知能（AI）について議論するという。

　ベセント氏は制裁に関し、「中国と非常に良い非公開の協議を行ってきた」と指摘。「習近平中国国家主席が国賓訪問している間も継続すると確信している」と強調した。具体的な開催日時や場所は明らかにしなかった。",[],[]
遠藤ら出番なし　欧州サッカー（時事通信）,https://news.yahoo.co.jp/articles/bf7967831b9d9f113957e0cf4d0c38397887678e,https://newsatcl-pctr.c.yimg.jp/t/amd-img/default.jpg?exp=10800,2026-09-16T07:55:34+09:00,2026-09-16T12:55:03+09:00,時事通信,jij,時事通信,190,"【ロンドン時事】サッカーのイングランド・リーグカップ3回戦で15日、リバプールの遠藤航はホームのトットナム戦でベンチ入りしたが、出番はなかった。

　チームは3―1で勝った。イプスウィッチの前田大然は2―4で敗れたアーセナル戦で、控えのまま出場せず。

　スペイン1部リーグ、バレンシアの佐藤龍之介は敵地のアラベス戦でベンチに入ったが、出場しなかった。チームは1―0で競り勝った。",[],[]
イスラエルとアラブ諸国が異例の会合　米軍高官も、イラン情勢協議か（時事通信）,https://news.yahoo.co.jp/articles/dda5c926d4b02038f2ba69ebf5d2af084080d206,https://newsatcl-pctr.c.yimg.jp/t/amd-img/20260916-00000019-jij-000-12-view.jpg?exp=10800,2026-09-16T07:11:15+09:00,2026-09-16T15:43:21+09:00,時事通信,jij,時事通信,419,"イスラエル軍のザミール参謀総長＝６月２５日、同国南部ミツペラモン近郊（ＥＰＡ時事）
【ワシントン、カイロ時事】米ニュースサイト「アクシオス」は15日、米国とイスラエル、アラブ諸国の軍幹部が先週、ドイツで対イラン軍事作戦について秘密裏に会合を開いたと報じた。
【ひと目でわかる】イラン攻撃を巡る各国の構図
イスラエルと国交のないアラブ諸国の高官が、イスラエル側と同席するのは異例。

　出席したのは、米中央軍のクーパー司令官やイスラエル軍のザミール参謀総長のほか、サウジアラビア、アラブ首長国連邦（UAE）、バーレーン、クウェート、カタール、ヨルダン、エジプト各国の参謀総長。サウジ、クウェート、カタール3カ国はイスラエルと外交関係がない。

　イランの攻撃にさらされるアラブ諸国とイスラエルの間では情報共有が拡大している。イスラエルは、イエメンの親イラン武装組織フーシ派を巡っても、サウジ側と軍事作戦支援などについて話し合っているという。",[],[]
拡大する舞台、何を残せるか　「32年ぶり」アジア大会―アジア版五輪の現在地（2）（時事通信）,https://news.yahoo.co.jp/articles/6fabaee6b3672e7b51d3c7e09061b51840c73c05,https://newsatcl-pctr.c.yimg.jp/t/amd-img/20260916-00000018-jij-000-5-view.jpg?exp=10800,2026-09-16T07:11:09+09:00,2026-09-16T09:12:03+09:00,時事通信,jij,時事通信,731,"広島アジア大会の開会式で日の丸の小旗が振られる中、入場行進する日本選手団＝１９９４年１０月２日、広島市
夏季大会として日本で32年ぶりの開催となるアジア大会は、前回の1994年広島大会から大きく姿を変えた。

　近年は国内で総合大会の注目度低下が指摘される中、「アジア版五輪」は巨大化と多様化を重ね、20回目の節目を迎える。

　1951年の第1回ニューデリー大会の参加選手数は500人足らず。その後はアジアの経済発展とともに拡大し、現在は1万人を超える。愛知・名古屋大会の開催費用は、パラ大会と合わせて約3700億円。資材や人件費の高騰で当初の計画から3．5倍以上となり、開催地に重くのしかかる。選手村を建設しないといった苦肉の策や、既存施設の活用で負担軽減を図ったものの、大会組織委員会会長を務める愛知県の大村秀章知事は「取り巻く状況は非常に厳しい」と認める。肥大化の抑制は五輪とも共通する課題だ。

　時代とともに、大会の意義も変化した。参加国・地域の競技力が年々高まり、アジアの頂点を争う舞台は五輪での活躍を見据えた場に。五輪で実施されない競技にとっては、普及や新たなファンを獲得する貴重な機会にも位置付けられる。カバディ男子の阿部哲朗は「競技を知ってもらい、次の世代につなげたい」。自国開催の大会が持つ意味はとりわけ大きい。

　32年前の広島大会では競技施設やインフラの整備に加え、市民の国際交流が開催地の「レガシー」になった。巨額の費用を投じる愛知・名古屋大会は何を残すのか。日本オリンピック委員会（JOC）の橋本聖子会長は「やって終わったという達成感だけでなく、次に向かって前向きな思いになれる大会にしたい」。規模だけでは測れない価値が問われる。",[],[]
ライバル出現が後押しに　女子やり投げ日本新の北口榛花―陸上（時事通信）,https://news.yahoo.co.jp/articles/2116e6b5bb10f27f9a6064fd346d266dad607a77,https://newsatcl-pctr.c.yimg.jp/t/amd-img/20260916-00000017-jij-000-6-view.jpg?exp=10800,2026-09-16T07:09:47+09:00,2026-09-16T09:11:16+09:00,時事通信,jij,時事通信,648,"陸上のアルティメット選手権で優勝し、喜ぶ北口榛花＝１２日、ブダペスト（ＡＦＰ時事）
【パリ時事】陸上のトップ選手が集まる新設大会のアルティメット選手権がブダペストで行われ、12日の女子やり投げで北口榛花（JAL）が68メートル92の日本新記録で優勝した。
【写真】陸上のアルティメット選手権で優勝し、笑顔を見せる北口榛花
自身が2023年に出した67メートル38を3年ぶりに大幅更新した。

　右肘のけがを抱えた昨季は不本意な形で終わり、今季も前半は納得のいく結果を残せなかった。それが後半に一転、新コーチと取り組んできた成果が出始めた。新たに出現したライバルが闘志に火を付ける形となった。

　5月に中国の18歳、厳子怡が世界歴代2位の71メートル74を記録。以降の大会でも好記録をマークし、一躍トップの存在となった。パリ五輪女王の北口は、今は追う立場。結果的にはこれがプラスに働いた。「守っているものが多そうに見えて、そんなにはない。常に目の前に目標があるのはいいこと」と話す。

　9月5日のダイヤモンドリーグ・ファイナルは2位。厳子怡に敗れたものの、今季初めて65メートルを超え、手応えを感じていた。アルティメット選手権ではそのライバルが1回目に68メートル05を出したことで、スイッチが入ったという。

　五輪金メダル、世界選手権優勝などビッグタイトルを手にしてきた中、今は「常に彼女と勝負したいと思って試合に臨んでいる」と北口。強敵がいるからこそ、高いモチベーションを維持できている。",[],[]
認知度上昇も、なお課題　国内初開催1年で調査―デフリンピック（時事通信）,https://news.yahoo.co.jp/articles/f0d8709a72f41dfb6a643b5e52550b110c15bab0,https://newsatcl-pctr.c.yimg.jp/t/amd-img/20260916-00000016-jij-000-5-view.jpg?exp=10800,2026-09-16T07:08:33+09:00,2026-09-16T09:10:23+09:00,時事通信,jij,時事通信,794,"デフリンピック東京大会について意見を述べる同大会テニス女子金メダリストの菰方里菜＝５日、東京都内（ヤマハ発動機スポーツ振興財団提供）
昨年11月に国内で初開催された聴覚障害者の国際大会、デフリンピック東京大会は何をもたらしたか。
【写真】太平洋戦争の激戦地、硫黄島を訪れた小田島誠慈さん
ヤマハ発動機スポーツ振興財団は20歳以上の男女を対象に大会認知度の調査を実施。東京都内で開かれた報道向けのセミナーで、テニス女子の金メダリスト、菰方里菜（島津製作所）らが社会の変化などについて意見を交わした。

　東京大会の認知度は2025年の大会前時点で24．3％だったが、26年には55．4％に。東京都内を対象にすると、大会前の33．3％から大会後には72．4％まで上昇した。菰方は「大会が近づくにつれて知ってくれる方が増え、驚くくらい多くの観客がいた。納得の結果だと思う」とうなずく。

　共生社会実現に向けて意義のある大会だったが、厳しい現実も浮き彫りとなった。「聴覚障害者への偏見がなくなった、身近な存在に感じた」との調査項目では、45．7％から大会後に約5％低下。「手話を覚えたい」「聴覚障害の有無にかかわらずスポーツを一緒にできる」などへの回答も数字を落とした。

　筑波大の斉藤まゆみ教授は「関心を高めるために開催はプラスに働いた。一方で、態度の変容にはつながっていない」と指摘し、その要因の一つにデフリンピックの競技レベルの低さを挙げる。「期待が高く、見たものとのギャップがあったのかもしれない」と推測する。

　競技発展や聴覚障害への理解につなげるため、地道な取り組みが必要と菰方は訴える。テニスの全豪オープンではデフテニス部門も行われていることを踏まえ、「障害がある人が活躍できる場所をつくってもらうことで興味を持ってもらえる。そういうきっかけが少しでも増えればいい」と願った。",[],[]
藤波朱理、アジア大会へ強い決意　旗手務める主役候補―レスリング女子（時事通信）,https://news.yahoo.co.jp/articles/60a0c165eed4ca2c3cad53604926e6d52fde1804,https://newsatcl-pctr.c.yimg.jp/t/amd-img/20260916-00000015-jij-000-6-view.jpg?exp=10800,2026-09-16T07:07:46+09:00,2026-09-16T09:10:22+09:00,時事通信,jij,時事通信,766,"アジア大会日本選手団の結団式で、団旗を受け取ったレスリング女子の藤波朱理（右）。中央は日本選手団の井上康生団長。左は日本オリンピック委員会（ＪＯＣ）の橋本聖子会長＝８月１９日、東京都港区
レスリング女子57キロ級の藤波朱理（レスター）は、愛知・名古屋アジア大会に並々ならぬ思いを持っている。
【写真】レスリングの明治杯全日本選抜選手権、女子57キロ級で優勝し、喜ぶ藤波朱理
開催地に近い三重県四日市市出身。2024年パリ五輪53キロ級金メダリストは、19日の開会式で日本の旗手を務める。「わくわくしている。最高のパフォーマンスを出して、競技を通して（周囲の方へ）感謝を伝えたい」と力強く意気込む。

　パリ五輪後、減量苦により28年ロサンゼルス五輪へ向けて階級を上げた。過酷なトレーニングで体づくりを行う中、2大会連続の金メダルが懸かるアジア大会を大きなモチベーションとしてきた。世界の頂点に立ったことで重圧に苦しんだ時期もあったというが、「レスリングを楽しむ」と原点回帰。今はチャレンジャーとの気構えで臨んでいる。

　現階級では昨年のU23（23歳以下）世界選手権を制したが、シニアの国際大会は今回が初めて。ロスを見据えて力を試す貴重な機会となる。五輪とは異なり初戦から決勝までを1日で終えるため、約10種類のメニューを連続して行うサーキットトレーニングなどでスタミナを重点的に強化した。153連勝中の女王は「厳しい戦いになるという覚悟はできている。全てを出し切りたい」ときっぱり。

　自身の出番は閉会式前日の10月3日。パリ五輪も大会終盤に試合があり、「自分の前に行われる競技を見て刺激を受けたのが大きかった。アジア大会も、いろいろな選手の活躍を見て気持ちを高められたら」。大会の主役候補は、晴れ舞台を存分に味わうつもりだ。",[],[]
【図解】市町村、給付事務に不安も＝人手不足が課題に―消費税（時事通信）,https://news.yahoo.co.jp/articles/4a45432d65677833e61f7d2cc2f83b9764944765,https://newsatcl-pctr.c.yimg.jp/t/amd-img/20260916-00000001-jij_graph-000-14-view.jpg?exp=10800,2026-09-16T07:07:06+09:00,2026-09-16T09:43:07+09:00,時事通信,jij,時事通信,59,"所得連動給付のイメージ
政府が閣議決定した税制改正大綱には、減税と合わせ所得に連動した給付制度の導入が位置付けられた。",[],[]
市町村、給付事務に不安も　人手不足が課題に　消費税（時事通信）,https://news.yahoo.co.jp/articles/d3a4009cf2d01b18594aa29d4d9723e1c3bc6337,https://newsatcl-pctr.c.yimg.jp/t/amd-img/20260916-00000014-jij-000-14-view.jpg?exp=10800,2026-09-16T07:06:32+09:00,2026-09-16T09:43:13+09:00,時事通信,jij,時事通信,646,"臨時閣議に臨む高市早苗首相（中央）ら＝１５日、首相官邸
政府が閣議決定した税制改正大綱には、減税と合わせ所得に連動した給付制度の導入が位置付けられた。
【ひと目でわかる】所得連動給付のイメージ
給付の事務は、市町村が担うことも明記。住民税額などのデータを基に毎年対象者を抽出し、所得や子どもの数に応じた支給額を口座に振り込む流れだが、市町村からは「人手不足で、必要な人材を確保できるか分からない」と不安視する声も漏れる。

　給付制度は一定の勤労所得がある人を支給対象とし、所得水準に応じて給付額を増減させる仕組み。正式名称は「就業者負担軽減支援金」とした。給付額や対象者の詳細は今後詰める。子どもの数に応じた加算や、「年収の壁」で手取りが減少する人に対する上乗せ措置も設ける方針だ。

　政府はコロナ禍以降、経済対策などで毎年のように住民向け給付を実施。給付事務は市町村が担ったが、自治体関係者は「これまではその時限りと腹をくくって、臨時に職員をかき集めて対応した。新たな給付は恒久施策で、毎年無理を重ねるわけにはいかない」と危機感を強める。

　政府は自治体の意見を踏まえ、国によるコールセンターの設置や給付金算定ツールの提供といった負担軽減策を講じる方針。ただ、制度の詳細が見えない中での懸念は根強く、地方側の代表として政府との協議に当たった阿部守一全国知事会長（長野県知事）は「市町村からすれば、具体的な事務処理にどれだけ人的労力が必要なのか、まだまだ詰めないといけない」と指摘した。",[],[]
ウクライナ大統領機、2回標的か　モルドバ上空で帰国時も（時事通信）,https://news.yahoo.co.jp/articles/eb01e3996d54eb9760f16c46e787dd9c8d6e31a1,https://newsatcl-pctr.c.yimg.jp/t/amd-img/20260916-00000013-jij-000-9-view.jpg?exp=10800,2026-09-16T07:06:19+09:00,2026-09-16T12:55:00+09:00,時事通信,jij,時事通信,283,"ウクライナのゼレンスキー大統領＝６日、キーウ（ＥＰＡ時事）
ウクライナのゼレンスキー大統領は15日、米CBSテレビのインタビューで、ロシアが過去数週間で2回、ウクライナ大統領専用機を攻撃しようとしたと明らかにした。
【地図で見る】ウクライナ戦況マップ
いずれもモルドバの領空で起きたという。

　ノルウェーのストーレ首相が9日、同国に向かうゼレンスキー氏の搭乗機が「モルドバを離陸する際、ドローンと衝突しそうになった」と述べていた。ゼレンスキー氏によれば、この数日後にモルドバ経由で帰国した際にも同様の攻撃があった。1、2機のドローンがモルドバ領空に侵入したという。",[],[]
半導体工場周辺、住宅・商業は一服　工業地の上昇続く　基準地価（時事通信）,https://news.yahoo.co.jp/articles/014fe10534bc6da38d0398b0ab41b7d2e4abd295,https://newsatcl-pctr.c.yimg.jp/t/amd-img/20260916-00000012-jij-000-10-view.jpg?exp=10800,2026-09-16T07:06:01+09:00,2026-09-16T12:55:02+09:00,時事通信,jij,時事通信,950,"ラピダスの最先端半導体工場＝２０２５年７月１８日、北海道千歳市
国土交通省が15日発表した基準地価は、政府が支援するラピダス（東京）が進出した北海道千歳市、台湾積体電路製造（TSMC）がある熊本県菊陽町など、半導体工場周辺の住宅地や商業地の上昇幅が縮小した。
【写真】半導体受託生産世界最大手、台湾積体電路製造（TSMC）の熊本工場
建築費の高騰や供給過剰が背景にあるとみられる。ただ、半導体需要の追い風は続いており、工業地は上げ幅の拡大が目立つ。

　千歳市では住宅価格が高騰し、割安な恵庭市などに引っ越す人が出ている。この結果、JR千歳駅に近い住宅地の伸び率は15．4％（前年23．2％）に鈍化。上昇率の高い商業地の顔ぶれも様変わりした。昨年は全国の上位10地点のうち3位までを千歳市が独占したが、今年は5位の1地点（前年比25．2％上昇）にとどまった。

　一方、同市の工業地上昇率は20．0％（前年14．3％）に拡大。ラピダスは2027年度に最先端半導体の量産開始を目指しており、第2工場の建設も検討している。23年2月の立地表明以降、関連企業の進出は50社（7月末時点）まで増え、ホテル開業も相次ぐ。JR南千歳駅周辺では28年度から工業団地の分譲が始まる予定だ。

　TSMCの第1工場周辺地域は「共同住宅が供給過剰になっている」（国交省担当者）という。菊陽町のある地点では住宅地が5．7％（前年12．9％）、商業地が7．0％（19．9％）の上昇にとどまった。しかし、千歳市と同様に工業地は強く、上昇率の高い工業地の全国上位10位に近隣の3地点が入った。菊陽町ではTSMCが第2工場を建設中で、一帯は半導体産業の集積が進む。

　全国平均では、商業地は2．9％上昇し5年連続のプラスだった。都道府県庁所在地別の上昇率でみると、東京23区が13．3％上昇し1位。大阪市が12．3％上がり2位だった。いずれも中心部や再開発エリアの強さが際立つ。

　オフィス仲介大手の三鬼商事（東京）によると、8月の都心5区の平均空室率は前月から0．08ポイント下がって1．87％となり、需給均衡の目安となる5％を25カ月連続で下回った。三菱地所の中島篤社長は「賃料上昇サイクルは継続している」との見方を示す。",[],[]
進まぬ租特・補助金見直し　国債増発、予断許さず　消費税減税（時事通信）,https://news.yahoo.co.jp/articles/fe61b5a7b98487af037184dcddc8df584dc474a4,https://newsatcl-pctr.c.yimg.jp/t/amd-img/20260916-00000011-jij-000-10-view.jpg?exp=10800,2026-09-16T07:04:47+09:00,2026-09-16T07:31:32+09:00,時事通信,jij,時事通信,922,"記者会見する片山さつき財務相＝１５日午後、東京都千代田区
政府は税制改正大綱で、来年度からの食料品消費税減税と給付措置に必要となる年約5兆円の財源を示さず、その具体策は年末の予算編成に見送った。
【ひと目でわかる】消費税減税の財源候補
大綱は「特例公債（赤字国債）に頼らず」確保する方針を示したが、財源候補となる租税特別措置（租特）や補助金の見直しは進んでいない。高市政権が掲げる「責任ある積極財政」の下、歳出圧力が高まる中、赤字国債の増発を回避できるかは予断を許さない。

　企業などを特例的に税優遇する租特を巡っては、連立を組む日本維新の会が120件中65件の「即時廃止」を主張。7000億円超の捻出が可能と訴える。ただ、トランプ米政権にならった「日本版DOGE」による無駄削減の取り組みでは、各省庁の廃止判断は3件にとどまる。

　補助金や基金も、各省庁が示した削減額は約20件で170億円程度。概算要求や税制改正要望では、逆に補助金や租特の拡充要望が相次いだ。片山さつき財務相は「ここからが腕の見せどころだ」と強調するが、今後の査定でどこまで切り込めるかは不透明だ。

　毎年の補正予算で計上してきた約3兆円の物価高対策も見直し対象に挙がる。ただ、電気・ガス代補助などに使われており、削減は容易ではない。税外収入も外国為替資金特別会計の剰余金は防衛力強化の財源などに回り、活用余地は乏しい。

　大綱には、減税で経営が圧迫される小規模農家や外食業界への支援も盛り込んだ。数千億円が見込まれ、必要経費はさらに膨らむ。また、来年度予算の概算要求額は143兆円超と過去最大となった。防衛費や成長投資など要求額を明示しない「事項要求」も多く、歳出がさらに数兆円単位で膨らむ恐れもある。

　高市政権は市場の信認を維持するため、通年の新規国債発行額は前年度までと同水準の40兆円程度に抑える考えだ。好調な企業業績を背景に「かなり上振れする」（経済官庁幹部）見通しの税収増を当てにする。

　減税など積極財政を賄う財源を十分に確保できず、国債の大量増発につながれば長期金利の上昇を招き、国債の利払い負担は一段と膨らむ。政権の財政運営は綱渡りが続く。",[],[]
【図解】進まぬ租特・補助金見直し＝国債増発、予断許さず―消費税減税（時事通信）,https://news.yahoo.co.jp/articles/927e27f821c8a1353e11001d9c9b935060f41ea4,https://newsatcl-pctr.c.yimg.jp/t/amd-img/20260916-00000000-jij_graph-000-10-view.jpg?exp=10800,2026-09-16T07:04:39+09:00,2026-09-16T07:31:43+09:00,時事通信,jij,時事通信,79,"消費税減税の財源候補
政府は税制改正大綱で、来年度からの食料品消費税減税と給付措置に必要となる年約5兆円の財源を示さず、その具体策は年末の予算編成に見送った。",[],[]
高市首相「聖域」に介入か　参院幹事長交代、政権火種に（時事通信）,https://news.yahoo.co.jp/articles/febe5057ed118fa14a79cd56ffeb35b8d58bc70d,https://newsatcl-pctr.c.yimg.jp/t/amd-img/20260916-00000010-jij-000-17-view.jpg?exp=10800,2026-09-16T07:04:11+09:00,2026-09-16T10:38:04+09:00,時事通信,jij,時事通信,1029,"自民党の総務会に臨む石井準一参院幹事長＝１５日午後、東京・永田町の同党本部
自民党の石井準一参院幹事長（68）が近く行われる党参院人事で交代する見通しとなった。
【主な経歴】石井　準一（いしい　じゅんいち）
人事権者は松山政司参院議員会長だが、確執があった高市早苗首相（党総裁）の意向が働いたとの見方が党内では大勢だ。「聖域」とされてきた参院人事に首相が手を突っ込んだ形で、与党の過半数割れが続く参院の国会運営に響く可能性がある。

　「交代だ」。首相が人事に一任を取り付けた15日の総務会の直後、松山氏は石井氏と党本部で向き合い、参院幹事長の役職を解くと伝えた。

　通常の党役員人事と異なり、参院幹事長、参院国対委員長など党参院人事の実質的決定権を持つのは参院議員会長だ。松山氏は周辺に「体調を考慮した」と説明。首相側近も「官邸から何も言っていない」と圧力を否定したが、党内には「首相が放逐した」（関係者）との見方が広がる。

　関係者によると、首相は石井氏への不信感を強めている。先の特別国会で首相が2026年度予算の年度内成立を指示したにもかかわらず、参院審議に時間を要し、暫定予算の編成に追い込まれたのがきっかけだ。国会終盤には集中審議などにも応ぜざるを得なくなり、首相の目には「野党と一緒に嫌がらせしている」（周辺）と映った。

　石井氏が40人以上とされるグループ「自民党参院クラブ」を旗揚げしたことも首相の警戒心をあおった。首相はグループの所属議員に直接電話し、真意を確かめたこともあったという。

　もっとも、党参院人事は歴代首相が手を出したくても出せなかった聖域だ。石井氏は昨年10月に参院幹事長に就いたばかりだけに、参院サイドの抵抗感は強く、有村治子総務会長ら複数の議員が「ポスト石井」の打診を断ったという。

　参院国対委員長などを歴任してきた石井氏は国会運営に精通。野党とパイプが太く、先の国会で「副首都」関連法成立に水面下で道筋を付けたのも石井氏だったとされる。秋の臨時国会では複数の与野党対立法案の審議が見込まれ、国対関係者からは「国会が回らなくなる」との声も漏れる。

　国会運営以外に影響が広がる可能性も否定できない。首相が今回の内閣改造・党役員人事で狙うのは党内基盤の安定化だが、石井氏が首相に対する反発を強めれば、来年の党総裁選に向けて火種になる恐れもある。党関係者は「党内は来年の総裁選に向けて走り始める」と予言した。",[],[]
沖縄知事選「刷新」を選択　普天間移設巡る空気変化　返還時期明確化焦点に〔深層探訪〕（時事通信）,https://news.yahoo.co.jp/articles/deaf0e7b8b81dd6982230ec625cb3dbe251500d1,https://newsatcl-pctr.c.yimg.jp/t/amd-img/20260916-00000009-jij-000-3-view.jpg?exp=10800,2026-09-16T07:00:38+09:00,2026-09-16T07:06:16+09:00,時事通信,jij,時事通信,1760,"沖縄県知事選で当選確実の報を受け、花束を受け取る古謝玄太氏（左手前）＝１３日午後、那覇市
沖縄県知事選で県民が選んだのは「刷新」だった。米軍普天間飛行場（宜野湾市）の名護市辺野古への移設工事が着々と進み、物価高が県民生活を圧迫する中、「県民所得の倍増」を公約した新人が移設反対派の現職の3選を阻んだ。ただ、過重な基地負担の軽減を願う県民世論が変わったわけではなく、保守勢力による12年ぶりの県政奪還を成し遂げた高市政権の姿勢が問われそうだ。

　◇「びっくりした」
　「びっくりした。こんなに差がつくとは。新しい風を県民が求めた面はあると思う」。投開票から一夜明けた14日午前、初当選した古謝玄太氏（42）は選挙戦をこう振り返り、笑顔を見せた。

　古謝氏が獲得したのは42万3124票。現職の玉城デニー氏（66）が2018年に得た39万6632票を抜いて過去最多だった。古謝氏は玉城氏を14万票以上突き放し、1972年の本土復帰後生まれ初の知事に就任することになった。

　96年の普天間飛行場返還合意以降、沖縄の知事選の争点は県内移設の是非であり続けた。特に14年からは、保守・革新の垣根を越えて辺野古移設に反対する「オール沖縄」の運動が盛り上がり、移設反対派の候補が3回連続で勝利した。

　しかし、そうした空気は変わりつつある。県民投票で辺野古移設反対が7割を超えても日本政府は移設工事を強引に推し進め、県民の間には諦めムードが徐々に醸成された。近海で軍事的威圧を強める中国への警戒感も拡大。今年3月の小型船転覆事故で女子高生らが死亡すると、運航していた移設反対派への風当たりが強まった。

　一方、沖縄の1人当たりの県民所得は全国最低水準の231万5000円（23年度）にとどまり、街頭では物価高対策の訴えに聞き入る女性や若者の姿が目立った。本土の国政・地方選挙と同様に「SNSでの宣伝合戦が大きく影響した」（玉城陣営関係者）との声もある。

　投票が終わった13日午後8時すぎ、古謝氏当選確実と一斉に報じられると、玉城氏は「これが結果であれば受け止める」と淡々と語った。

　◇首相は電話作戦
　「新しい知事としっかり連携しながら、沖縄経済を強くするために私も力を尽くしたい」。高市早苗首相（自民党総裁）は14日午前、首相公邸から官邸に移る際、こう表情を引き締めた。

　高市政権は今回の知事選を「政権基盤を占う」（首相）と位置付け、本土の介入を嫌う沖縄の選挙では珍しい「総力戦」で臨んだ。それだけに政権内には「来年の統一地方選にプラスに働く」（自民幹部）と高揚感が漂っている。

　首相は「できることは全てやる」とハッパをかけ、日本維新の会、国民民主党、参政党、日本保守党の保守勢力を古謝陣営に糾合。公明党県本部からも推薦を取り付けた。かつて自民に所属した元衆院議員に出馬を見送らせた背景にも「首相の指示があった」（ベテラン）とされる。

　周辺によると、首相は最終日の12日も、内閣改造・党役員人事の調整をよそに、沖縄の有力者への「電話作戦」を続けた。大差での勝利に政府高官は「政策を進めやすくなる」と語った。

　とはいえ、国土面積の0．6％にすぎない沖縄に在日米軍専用施設・区域の約7割が集中する現実は変わらない。古謝氏も複雑な県民世論は意識しており、13日夜、知事選で容認を掲げた辺野古移設について「直ちに県民の多数が容認したとは考えていない」と述べ、公約通り普天間返還期日の明示を政府に求めていく考えを示した。

　返還期日の明示は難題だ。96年以降、返還にはさまざまな障害が立ちふさがり、日米両政府は「5～7年以内」「14年」「14年より後」「22年度またはその後」と期日を先延ばしにしてきた。現在は「30年代半ば以降」とされるが、辺野古より長い滑走路を日本政府が選定しなければ普天間は「返還されない」と記した米公文書の存在が明らかになるなど、不透明感を増している。

　首相は14日、基地問題について「新知事の意見を聴きながら対応する」と述べるにとどめ、木原稔官房長官も返還期日を明示するか明言しなかった。古謝氏の求めに高市政権が納得のいく答えを示せなければ、県民の反発が強まる可能性もある。",[],[]
NY円、155円台前半（時事通信）,https://news.yahoo.co.jp/articles/4ba49625117b6d8c6c39c5a7143de85e6304f832,https://newsatcl-pctr.c.yimg.jp/t/amd-img/default.jpg?exp=10800,2026-09-16T06:53:21+09:00,2026-09-16T09:09:02+09:00,時事通信,jij,時事通信,149,"【ニューヨーク時事】15日のニューヨーク外国為替市場では、米連邦公開市場委員会（FOMC）の結果待ちとなる中、原油高や米長期金利の高止まりなどを眺めて円売り・ドル買いが優勢となり、円相場は1ドル155円台前半に下落した。

　午後5時現在は155円05～15銭と、前日同時刻比78銭の円安・ドル高。",[],[]
サウジ拠点港で原油積み込み停止　パイプライン停止影響か　報道（時事通信）,https://news.yahoo.co.jp/articles/1af131d6cf0ec051cc40dcde520a6b692ebfea2a,https://newsatcl-pctr.c.yimg.jp/t/amd-img/20260916-00000007-jij-000-9-view.jpg?exp=10800,2026-09-16T06:49:46+09:00,2026-09-16T12:55:41+09:00,時事通信,jij,時事通信,362,"サウジアラビア西部の紅海沿岸にあるヤンブー港の石油関連施設の衛星画像＝３月４日、米プラネットラブズ社撮影（ＡＦＰ時事）
【カイロ時事】ロイター通信は15日、紅海に面したサウジアラビア西部ヤンブー港で原油の積み込みが停止したと報じた。
【ひと目でわかる】原油輸送代替ルート
ヤンブーは原油輸送の要衝ホルムズ海峡が事実上封鎖された後、サウジ産原油の代替輸出拠点となった。しかし、サウジの東西を結ぶパイプラインが攻撃を受け稼働を停止し、備蓄量の減少が懸念されていた。

　パイプライン攻撃に関しては、中東情勢を巡るサウジとイランの対立を背景に、イラクの親イラン組織が関与した可能性が取り沙汰されている。また、イエメンの親イラン武装組織フーシ派は紅海の要衝を次々に制圧。サウジ船舶に対して宣言した「海上封鎖」と共に圧力を強めている。",[],[]
協調介入の米側コストは小規模　円高「米国に好ましい」　ベセント米財務長官（時事通信）,https://news.yahoo.co.jp/articles/8322ea331ae4048b286a96473cb1264dcf974cf8,https://newsatcl-pctr.c.yimg.jp/t/amd-img/20260916-00000006-jij-000-11-view.jpg?exp=10800,2026-09-16T06:38:18+09:00,2026-09-16T15:43:33+09:00,時事通信,jij,時事通信,336,"米下院金融サービス委員会で証言するベセント財務長官＝１５日、ワシントン（ＡＦＰ時事）
【ワシントン時事】ベセント米財務長官は15日、議会下院金融サービス委員会で証言し、円安是正を目的とした日米通貨当局による円買い協調介入を巡る米側のコストについて、「小規模だった」と明らかにした。
【ひと目でわかる】円買いの為替介入実績
円高進行は米国の輸出拡大につながり「好ましい」と強調。円高が持続すれば為替介入が不要になるとして、「日本が財源確保のために（米国債を）売却する必要がなくなる」と訴えた。

　日本の為替介入に関し「（日本）財務省の透明性は高い」と改めて評価した。日米通貨当局は7月末、約28年ぶりとなる円買い協調介入に踏み切り、過度な円安を容認しない姿勢を鮮明にした。",[],[]
イラン戦費5．8兆円　インフレ0．5％押し上げ　米議会予算局（時事通信）,https://news.yahoo.co.jp/articles/308f50735cf015dcaa808f4829f0fb6a333f562f,https://newsatcl-pctr.c.yimg.jp/t/amd-img/20260916-00000005-jij-000-12-view.jpg?exp=10800,2026-09-16T06:31:20+09:00,2026-09-16T15:43:20+09:00,時事通信,jij,時事通信,397,"空母「エイブラハム・リンカーン」の飛行甲板で戦闘準備をする米兵＝３月６日に米中央軍が公開（ＡＦＰ時事）
【ワシントン時事】米議会予算局（CBO）は15日、対イラン戦費が8月1日時点で380億ドル（約5兆8900億円）に達したとの試算を公表した。

　7月と同規模で戦闘が続いた場合、月間30億ドルの追加戦費が生じると説明。イラン側の攻撃で損壊した米軍施設の損害額などは含まれていないため、さらなる戦費拡大は避けられない。

　海上輸送の要衝ホルムズ海峡が事実上封鎖されたことによるエネルギー高が響き、ガソリン価格や生産コストが上昇していると指摘。2027年1～3月期のインフレ率は26年2月時点の推計から0．5％跳ね上がると見込んだ。

　戦費の大半は弾薬やミサイルが占める。足元の低水準の生産ペースなどを踏まえ、CBOは「国防総省の（武器弾薬の）在庫回復には少なくとも5年かかる」と分析した。",[],[]
〔NY外為〕円、155円台前半（15日）（時事通信）,https://news.yahoo.co.jp/articles/b467ca1cdbdff987d2cc2651fe16ba3088e823fc,https://newsatcl-pctr.c.yimg.jp/t/amd-img/default.jpg?exp=10800,2026-09-16T06:30:17+09:00,2026-09-16T06:34:18+09:00,時事通信,jij,時事通信,768,"【ニューヨーク時事】15日のニューヨーク外国為替市場では、米連邦公開市場委員会（FOMC）の結果待ちとなる中、原油高や米長期金利の高止まりなどを眺めて円売り・ドル買いが優勢となり、円相場は1ドル＝155円台前半に下落した。午後5時現在は155円05～15銭と、前日同時刻（154円27～37銭）比78銭の円安・ドル高。
　米連邦準備制度理事会（FRB）はこの日から2日間の日程で開催しているFOMCの結果を翌16日に公表する。市場ではFRBが同会合で政策金利を引き上げるとの見方が大勢となっているほか、今週以降、複数回の利上げを余儀なくされるとの観測も拡大。中東情勢の混乱を背景とした原油価格高騰を受けインフレ懸念が強まる中、15日のニューヨーク金融・債券市場で、米長期金利の指標である10年債利回りが一時5．04％台に上昇し、2007年以来約19年ぶりの高水準を付けた。米原油先物相場や米長期金利の高止まりを背景に、相場は終日、円売り・ドル買いの流れが続いた。市場では、FOMC声明やウォーシュFRB議長の記者会見から今後の金融政策の方向性を見極めたいとの思惑も強かった。
　一方、ベセント米財務長官は15日、下院金融サービス委員会で証言し、日本の為替介入に関し、「われわれに対する日本財務省の透明性は高い」と評価。ベセント氏は円高が進めば、「為替介入のため日本が米国資産を売却する必要がなくなる」と述べた。
　日銀が17日から2日間の日程で開く金融政策決定会合では、1．25％への追加利上げに動くことがほぼ確実視されている。
　ユーロは同時刻現在、対ドルで1ユーロ＝1．1536～1546ドル（前日午後5時は1．1544～1554ドル）、対円では同178円93銭～179円03銭（同178円21～31銭）と、72銭の円安・ユーロ高。",[],[]
熊本で震度4（時事通信）,https://news.yahoo.co.jp/articles/a99cd37ac37b610340f966e22ba159fc00eeb1c5,https://newsatcl-pctr.c.yimg.jp/t/amd-img/default.jpg?exp=10800,2026-09-16T06:25:04+09:00,2026-09-16T07:17:34+09:00,時事通信,jij,時事通信,168,"16日午前6時9分ごろ、熊本県天草・芦北地方を震源とする地震があり、熊本県水俣市で震度4の揺れを観測した。

　気象庁によると、震源の深さは約10キロ。地震の規模（マグニチュード）は4．0と推定される。主な各地の震度は次の通り。

　震度4＝熊本県水俣市
　震度3＝熊本県芦北町、鹿児島県伊佐市
　震度2＝熊本県美里町、鹿児島県出水市。",[],[]
日米議員、対中抑止で一致　自民の親台湾有志（時事通信）,https://news.yahoo.co.jp/articles/01194c20b57138255882065b03dfa20084cb39d1,https://newsatcl-pctr.c.yimg.jp/t/amd-img/20260916-00000003-jij-000-7-view.jpg?exp=10800,2026-09-16T06:06:13+09:00,2026-09-16T15:43:20+09:00,時事通信,jij,時事通信,271,"滝波宏文 自民党参院議員
【ワシントン時事】自民党の親台湾有志の滝波宏文参院議員らは15日、米首都ワシントンで、米上院台湾議員連盟共同議長を務める共和党のティリス上院議員らと会談した。
【主な経歴】滝波　宏文（たきなみ　ひろふみ）氏
今月下旬の米中首脳会談を控える中、台湾有事を防ぐため対中抑止が重要だとの認識で一致した。

　滝波氏は会談後、記者団に「台湾有事はまさに日本有事であり、日米同盟有事だとの認識を共有できた」と強調した。会談では、昨年11月の高市早苗首相の台湾有事を巡る国会答弁について、米側から「支持する」との発言が相次いだ。",[],[]
〔米株式〕ダウ続落、328ドル安＝原油高や金利上昇が重荷（15日）☆差替（時事通信）,https://news.yahoo.co.jp/articles/dc4228cb475c109cdc712940df3862a4b523376c,https://newsatcl-pctr.c.yimg.jp/t/amd-img/default.jpg?exp=10800,2026-09-16T06:00:27+09:00,2026-09-16T06:26:01+09:00,時事通信,jij,時事通信,743,"【ニューヨーク時事】15日のニューヨーク株式相場は、原油高と米金利上昇が重荷となって続落した。優良株で構成するダウ工業株30種平均は前日終値比328．09ドル安の5万2093．11ドルで終了。ハイテク株中心のナスダック総合指数は204．84ポイント安の2万5981．57で引けた。
　ニューヨーク証券取引所の出来高は前日比985万株減の11億8458万株。
　中東情勢の緊迫化でエネルギー供給混乱の長期化懸念が強まり、投資家心理を圧迫した。ロイター通信は15日、紅海に面したサウジアラビア西部のヤンブー港で原油の積み込みが停止したと報じた。サウジの重要な東西パイプラインは稼働停止に追い込まれており、エネルギー供給の一段の不安定化が懸念されている。
　ニューヨーク商業取引所（NYMEX）の原油先物相場は大幅続伸し、米国産標準油種WTIは、前日比4．38％高の1バレル＝105．83ドルで引けた。一時は106．75セントと約4カ月ぶりの高値を付けた。
　米債券市場では、長期金利の指標となる10年債利回りが15日未明には一時5．04％台に上昇し、2007年以来約19年ぶりの高水準を付けた。その後も5％前後で推移した。原油高で米国のインフレが加速するとの見方が強まっている。
　市場では米連邦準備制度理事会（FRB）は15、16日開催の金融政策決定会合で、利上げを決定するとの予想が優勢だ。
　ダウ構成銘柄では、アマゾン・ドット・コムやウォルト・ディズニー、ユナイテッドヘルス・グループは約2％安と軟調さが目立った。一方で、米人工知能（AI）企業のトップらが開発の減速を呼びかけたことが嫌気されて前日売られていたエヌビディアは0．7％高。原油高を好感してシェブロンは2．6％高となった。",[],[]
浜岡原発、地域との対話を強化（時事通信）,https://news.yahoo.co.jp/articles/a9a75a9bcb5ab181ce62ec39dd7848acef822aee,https://newsatcl-pctr.c.yimg.jp/t/amd-img/default.jpg?exp=10800,2026-09-16T06:00:26+09:00,2026-09-16T06:03:32+09:00,時事通信,jij,時事通信,183,"中部電力
<9502>
の林欣吾社長は15日、浜岡原発が立地する静岡県御前崎市議会の原子力対策特別委員会で、データ不正に関する調査委員会の報告書を踏まえた再発防止の考え方などを説明した。林氏は「地域との対話を重ねることが何より大切だという原点に立ち戻り、地域対応組織も見直したい」と述べ、浜岡地域事務所を発電所の区域外に移転し、地域住民との接点を増やす方針を示した。",[],[]
森衆院議長とエネルギー支援を協議　ウクライナ大統領、高市首相の訪問招請（時事通信）,https://news.yahoo.co.jp/articles/22c858551c17a3a6ee8d65b0160b42bf8ad61cf6,https://newsatcl-pctr.c.yimg.jp/t/amd-img/20260916-00000002-jij-000-10-view.jpg?exp=10800,2026-09-16T05:56:08+09:00,2026-09-16T15:43:13+09:00,時事通信,jij,時事通信,370,"１５日、キーウで演説する森英介衆院議長（ＥＰＡ時事）
ウクライナのゼレンスキー大統領は15日、首都キーウを訪問した森英介衆院議長と会談し、エネルギー支援や防衛協力について協議した。
【地図で見る】ウクライナ戦況マップ
大統領府が発表した。ゼレンスキー氏は高市早苗首相のウクライナ訪問も招請した。

　ゼレンスキー氏は、2022年のロシアによる侵攻開始以来、日本がウクライナを一貫して支持してきたことに謝意を示した。日本が北大西洋条約機構（NATO）の装備品調達の枠組み「ウクライナの優先必要品リスト（PURL）」に参加したことを特に評価した。

　また、ロシアのプーチン大統領が8月に北方領土を訪問したことに触れ、「日本の主権と領土一体性を支持する」と強調した。森氏は「日本は常にウクライナの主権、領土一体性、独立を支持している」と応じた。",[],[]
NY原油、4カ月ぶり高値　金利上昇、ダウは続落（時事通信）,https://news.yahoo.co.jp/articles/fb37147950e395e14b10b8fbfb59f49dbbcb63eb,https://newsatcl-pctr.c.yimg.jp/t/amd-img/20260916-00000001-jij-000-12-view.jpg?exp=10800,2026-09-16T05:38:07+09:00,2026-09-16T15:43:33+09:00,時事通信,jij,時事通信,555,"サウジアラビアの東西を結ぶ原油パイプラインのルート沿いにあるポンプ場の衛星画像。１１日に攻撃を受け、甚大な被害が出た＝１３日、米バンター社公開（ＡＦＰ時事）
【ニューヨーク時事】15日のニューヨーク商業取引所（NYMEX）の原油先物相場は、中東産の供給停滞懸念を背景に、大幅続伸した。

　米国産標準油種WTIは、前日比4．38％高の1バレル＝105．83ドルで引けた。一時は106．75ドルと約4カ月ぶりの高値を付けた。

　ロイター通信は、紅海に面したサウジアラビア西部のヤンブー港で原油の積み込みが停止したと報じた。サウジの重要な東西パイプラインは稼働停止に追い込まれており、エネルギー供給の一段の不安定化が警戒されている。

　米債券市場では、長期金利の指標となる10年債利回りが15日未明に一時5．04％台に上昇し、2007年以来約19年ぶりの高水準を付けた。その後も5％前後で推移した。エネルギー高で米国のインフレが加速するとの見方が強まっている。

　原油高と金利上昇が重荷となり、ニューヨーク株式相場は続落。優良株で構成するダウ工業株30種平均は前日終値比328．09ドル安の5万2093．11ドルで終了。ハイテク株中心のナスダック総合指数は204．84ポイント安の2万5981．57で引けた。",[],[]
〔米株式〕ダウ続落、328ドル安＝原油高や金利上昇が重荷（15日）（時事通信）,https://news.yahoo.co.jp/articles/050e9594b252827d81ee4071f6884ac4af8cf450,https://newsatcl-pctr.c.yimg.jp/t/amd-img/default.jpg?exp=10800,2026-09-16T05:30:16+09:00,2026-09-16T05:33:57+09:00,時事通信,jij,時事通信,145,【ニューヨーク時事】15日のニューヨーク株式相場は、原油高と米金利上昇が重荷となって続落した。優良株で構成するダウ工業株30種平均は前日終値比328．09ドル安の5万2093．11ドル（暫定値）で終了。ハイテク株中心のナスダック総合指数は204．84ポイント安の2万5981．57で引けた。,[],[]
首相動静（9月15日）（時事通信）,https://news.yahoo.co.jp/articles/c101ae018332722538abd84baf62e060cc383787,https://newsatcl-pctr.c.yimg.jp/t/amd-img/default.jpg?exp=10800,2026-09-16T05:00:39+09:00,2026-09-16T05:00:39+09:00,時事通信,jij,時事通信,244,"午前8時現在、公邸。
　同10時15分、公邸発。同17分、自民党本部着。同19分から同27分まで、古謝玄太次期沖縄県知事。同33分から同46分まで、党役員会。同48分から同49分まで、鈴木貴子同党広報本部長。同50分、同所発。同53分、官邸着。同59分から同11時4分まで、閣議。同5分から同6分まで、茂木敏充外相。
　午後3時1分から同19分まで、防災功労者表彰式。記念撮影。
　同4時から同6分まで、臨時閣議。
　同7時16分、官邸発。同18分、公邸着。
　同10時現在、公邸。（了）",[],[]
ニュースワード「障害者雇用ビジネス」（時事通信）,https://news.yahoo.co.jp/articles/56141f1c27a0dc29518648e1f100c8de4a6f07a5,https://newsatcl-pctr.c.yimg.jp/t/amd-img/default.jpg?exp=10800,2026-09-16T04:56:51+09:00,2026-09-17T04:57:25+09:00,時事通信,jij,時事通信,243,"障害者を雇用する企業に代わり、就労場所や業務を提供する事業。企業に義務付けられる障害者の法定雇用率の段階的な引き上げに伴い、利用が広がる。厚生労働省によると、2025年10月末時点で提供事業者は46あり、利用企業は少なくとも1802社に上る。
　障害者を本業とは直接関係のない農園などで作業させ、一般社員との接点が少ないとの問題があり、雇用管理を事業者に丸投げするといった不適切な事例も報告されている。厚労省は事業開始の届け出義務化など規制導入に向け、障害者雇用促進法の改正を検討する。",[],[]
〔欧州株式〕軒並み下落＝英0．37％安、独0．15％安（15日）（時事通信）,https://news.yahoo.co.jp/articles/bdfe1e28dee90b66b872f8de2301b02b10836945,https://newsatcl-pctr.c.yimg.jp/t/amd-img/default.jpg?exp=10800,2026-09-16T02:30:19+09:00,2026-09-16T02:34:08+09:00,時事通信,jij,時事通信,287,"【ブリュッセル時事】15日の欧州株式市場は軒並み下落した。英FT100種平均株価指数（FTSE100）は前日終値比39．44ポイント（0．37％）安の1万0658．13で引けた。
　ドイツ主要40銘柄指数（DAX）は0．15％安、フランスCAC40種指数は0．34％安、ストックス欧州600指数は0．28％安だった。
　中東情勢の緊迫化を背景に原油価格が上昇し、インフレ再燃への警戒感が一段と強まった。欧米の国債利回りが上昇したほか、米連邦準備制度理事会（FRB）の利上げ観測も株価の重しとなった。米金融大手の収益見通しへの懸念から、銀行株が売られたことも相場を押し下げた。",[],[]
〔米株式〕ダウ大幅続落、一時500ドル超安（15日午前10時25分）（時事通信）,https://news.yahoo.co.jp/articles/bc7c040f54b53e05c2bdcd7f3d5781c0ef3ab777,https://newsatcl-pctr.c.yimg.jp/t/amd-img/default.jpg?exp=10800,2026-09-16T00:00:20+09:00,2026-09-16T00:26:13+09:00,時事通信,jij,時事通信,451,"【ニューヨーク時事】15日午前のニューヨーク株式相場は、原油高や米金利の上昇に圧迫され、大幅続落している。優良株で構成するダウ工業株30種平均の下げ幅は、前日終値比で一時500ドルを超えた。午前10時25分現在、前日終値比508．90ドル安の5万1912．30ドル。ハイテク株中心のナスダック総合指数は152．07ポイント安の2万6034．34。
　中東情勢の緊迫化を背景とした原油高に加え、米長期金利の上昇が相場の重しとなっている。15日の米債券市場では、10年債利回りが一時約19年ぶりの水準に上昇した。
　また、米人工知能（AI）開発企業のトップらがAI開発の減速を呼び掛けたことを受け、AI関連の設備投資が鈍化するとの懸念が広がっていることも投資家心理を圧迫している。
　米連邦準備制度理事会（FRB）はこの日から2日間の日程で連邦公開市場委員会（FOMC）を開く。市場では利上げ観測が強まる中、FOMC声明やウォーシュFRB議長の記者会見から今後の金融政策の方向性を見極めたいとの思惑も強い。",[],[]
