headline,mainEntityOfPage,image,datePublished,dateModified,author,media_en,media_jp,str_count,body,images,external_links
J1清水が京都MF平戸太貴を獲得へ　移籍期間終了間際の駆け込み移籍が成立（スポニチアネックス）,https://news.yahoo.co.jp/articles/89c036c2e146f629ce3b642caf75a16ea792e5c5,https://newsatcl-pctr.c.yimg.jp/t/amd-img/20260915-00000142-spnannex-000-2-view.jpg?exp=10800,2026-09-15T23:30:00+09:00,2026-09-15T23:30:00+09:00,スポニチアネックス,spnannex,スポニチアネックス,533,"京都MF平戸太貴
J1清水が京都MF平戸太貴（29）を獲得することが15日、分かった。近日中に正式発表。16日の移籍期間終了間際の駆け込み移籍が成立した。

　基本技術のレベルが高く、両足から放たれる高精度キックを武器とする司令塔は、リーグ開幕から3試合連続でスタメン出場をしていた。J2町田所属時に3年間師事し、今季から京都指揮官に就任したランコ・ポポヴィッチ監督の信頼を得ていたが、8月29日・福岡戦以降はベンチ外の状態が続いていた。

　清水はインサイドMFを務めることが多かったFW千葉寛汰（23）が、J2横浜FCに完全移籍。7試合4得点と得点力不足に苦しむ中、中盤の構成力と得点演出能力を併せ持つ即戦力の確保が急務となっていた。複数ポジションをこなす平戸は、攻守をつなぐ潤滑油としての期待が高まる。

　◇平戸　太貴（ひらと・たいき）　1997年（平9）4月18日生まれ、茨城県ひたちなか市出身の29歳。鹿島アカデミーを経て16年にトップ昇格。町田への期限付き移籍、鹿島復帰を経て、19年途中から町田に完全移籍。23年から京都へ完全移籍した。J1通算77試合2得点14アシスト、J2通算203試合39得点41アシスト。1メートル77、70キロ。利き足は右。",[],[]
【ACLE】G大阪MF安部柊斗「前で引っ掛けるシーンが多かった」切り替えと連動したプレスに手応え（スポニチアネックス）,https://news.yahoo.co.jp/articles/2b23a89988b05e37eecd28389377a00d5dbce5c2,https://newsatcl-pctr.c.yimg.jp/t/amd-img/20260915-00000421-spnannex-000-3-view.jpg?exp=10800,2026-09-15T23:17:34+09:00,2026-09-15T23:24:24+09:00,スポニチアネックス,spnannex,スポニチアネックス,557,"G大阪・安部柊斗
◇アジア・チャンピオンズリーグエリート第1節　G大阪4―1コンアンハノイ（2026年9月15日　パナスタ）

　充実のパフォーマンスで、G大阪は公式戦5試合ぶりの勝利を手にした。ACLE開幕での4発快勝を支えたのは連動したプレス。MF安部柊斗が「前で引っ掛けるシーンが多かったのは良かった」といえば、MF美藤倫も「ボランチで取り切れていた。そこからチャンスになった」と手応えを口にした。

　前半29分の宇佐美の先制点に繋がるボール奪取をしたのは美藤だが、複数人がプレー強度高く囲い込んで相手を前進させなかったことが要因。後半13分の追加点は安部が左サイドでセカンドボールを回収して、素速く右サイドに展開したことから生まれた。4得点中3得点が敵陣でのボール奪回が起点。これまでは前線からのプレスがハマらず、ズルズルとやられるシーンが多かったが「皆で意識していました」（安部）と攻撃→守備の素速い切り替えが機能した。

　次戦はリーグ神戸戦。美藤が「次、勝たないと意味がない」と気を引き締めれば、安部も「蹴らせないくらいのプレスを掛けること、蹴られた後のセカンドボールの奪い合いになる」と力を込める。この日のような強度と献身性を継続することができれば、開幕・浦和戦以来のリーグ戦勝利も近づくはずだ。",[],[]
中川翔子　“唇が5倍”に腫れた原因はまさかの大好物!?「無理、無理、無理、無理！」と悲鳴（スポニチアネックス）,https://news.yahoo.co.jp/articles/8035f66de75a217f20052fa2fdf0694039656240,https://newsatcl-pctr.c.yimg.jp/t/amd-img/20260915-00000420-spnannex-000-6-view.jpg?exp=10800,2026-09-15T23:12:39+09:00,2026-09-15T23:45:54+09:00,スポニチアネックス,spnannex,スポニチアネックス,536,"中川翔子
タレントの中川翔子が15日放送の日本テレビ系「ザ！世界仰天ニュース」（火曜後9・00）に出演。大好物という食品がアレルギーの原因の可能性があると指摘され、悲鳴を上げた。
【写真あり】2年前に唇が腫れあがった中川翔子
中川は2024年7月に唇が腫れあがった様子を公開。何かしらのアレルギーからの反応ではないかと推測していた。

　だが、番組でアレルギーの検査をしたところ、反応した項目はひとつもなしで、中川は「なんで？凄い！いっぱいあると思った！」と驚いた。そのためパッチテストも行い、ニッケルに陽性反応が見られた。

　ニッケルはマイクなどにも入っているため、反応が起こることがあり、食品でも豆類やカカオにも入っているため、チョコレートを大量に食べるとニッケルが体内に加算されると説明された。

　中川は自身の好物について、番組冒頭で「スイカ、ホルモン、溶けたチョコレート。湯煎で溶かして、ガバっていって…。大人って自由！て感じ」と言っていただけに、チョコレートと聞き「無理、無理、無理、無理！」と悲鳴。「チョコレートは人生ですよ。好きすぎてMVでチョコレート風呂に入った事も」と語った。

　だが、食べ過ぎなければ大丈夫、と言われ、ほっとした様子を見せていた。",[],[]
鹿島　リーグ3連敗から奮起…鬼木監督「このままではいけないと」ACLE初戦で7発ゴールラッシュ（スポニチアネックス）,https://news.yahoo.co.jp/articles/62f921353b429e5f4fc57c2b09e295985aee8ffe,https://newsatcl-pctr.c.yimg.jp/t/amd-img/20260915-00000419-spnannex-000-3-view.jpg?exp=10800,2026-09-15T22:57:47+09:00,2026-09-15T22:58:49+09:00,スポニチアネックス,spnannex,スポニチアネックス,530,"＜ACLE　鹿島・ニューカッスル＞勝利を喜ぶ鹿島・鬼木監督（中）＝撮影・西海健太郎
◇アジア・チャンピオンズリーグ・エリート（ACLE）1次リーグ第1節　鹿島7―1ニューカッスル（2026年9月15日　カシマサッカースタジアム）

　J王者の鹿島が、豪州王者のニューカッスルを一蹴した。FWチャヴリッチが前半だけでハットトリックを達成。11分の先制ミドルを皮切りに、巧みなシュート技術でゴールネットを揺らした。「チームとしていい試合運びができた」。ハイプレスが機能した序盤から敵陣で押し込み、2トップを組んだ19歳のFW徳田も2得点と続いた。鬼木監督は「ACLへの気持ちが出たゲームだった。全員の素晴らしいハードワークによる勝利だと思う」と満足げに振り返った。

　リーグ戦は4連勝スタートから一転、3連敗と失速した。前節神戸戦から中3日で迎えたACLE初戦。鬼木監督は「このままではいけないと、昨日の練習後も自分の思いを話した。全員で勝つきっかけをつくろうという思いで挑んだ」とチームを締め直した。チャヴリッチも「チーム全員で勝ちたいという意欲を出し続けたことが良かった」と強調。鬱憤（うっぷん）を晴らすゴールラッシュで、18年以来のアジア制覇へ好発進した。",[],[]
武井壮、“やったもの勝ち”の現代を嘆く「暴力にも嘘にも、迷惑にも無価値なものまで表の金が集まる」（スポニチアネックス）,https://news.yahoo.co.jp/articles/ad122996e39c1e24a22984119dec3e4744b78703,https://newsatcl-pctr.c.yimg.jp/t/amd-img/20260915-00000418-spnannex-000-4-view.jpg?exp=10800,2026-09-15T22:52:58+09:00,2026-09-16T04:16:17+09:00,スポニチアネックス,spnannex,スポニチアネックス,304,"武井壮
タレント・武井壮（53）が15日までに自身のX（旧ツイッター）を更新し「なんとも悲しい時代だ」と嘆きをつづった。

　武井は「悪も善もない世の中になってきた　暴力にも嘘にも、迷惑にも無価値なものまで表の金が集まる狂った時代になってきた」と切り出す。

　「正しさも、研鑽も、誠実さも学びもまるで必要としない、方法を問わず耳目を集めれば金になる装置が　なんの見境もない亡者にすら　知名度を与え、世の中に必要な他者を支える者達を嘲笑う　なんとも悲しい時代だ」

　また「そんなものには何も与えねえぞっていう心と知性が必要な時代だ　社会が崩壊する前に建て直さないと大変なことになるぜ」と警鐘を鳴らしていた。",[],[]
坂道グループ卒業報告相次ぐ…櫻坂46・田村保乃の卒業発表で今年9人目　櫻坂46は最多4人目（スポニチアネックス）,https://news.yahoo.co.jp/articles/6dee292754e2e70b089326e83ec18078b3ac8479,https://newsatcl-pctr.c.yimg.jp/t/amd-img/20260915-00000417-spnannex-000-5-view.jpg?exp=10800,2026-09-15T22:47:36+09:00,2026-09-15T22:53:10+09:00,スポニチアネックス,spnannex,スポニチアネックス,798,"櫻坂46の田村保乃
櫻坂46の田村保乃（27）が15日、公式ブログを更新。10月発売の16枚目シングルの活動をもってグループから卒業すると発表した。坂道グループでは田村で今年9人目の卒業報告となった。
【写真あり】櫻坂46・田村保乃　初写真集は大満足の出来「100点満点中200点」
グループの公式サイトで「田村保乃ですが、先ほど本人のブログにて発表させていただいた通り、10月14日(水)発売の16th　Single『愛MUST　BE』の活動をもって櫻坂46から卒業することになりました」と発表。具体的な卒業時期については決定次第報告するという。

　1998年10月21日生まれ、大阪府出身の田村は、18年11月に二期生としてグループに加入。21年10月発売のシングル「流れ弾」でセンターを務めるなど、グループの中心として活躍。その美ぼうを活かし、美容誌「VOCE」のレギュラーモデルを務めている。

　櫻坂46は2月に武元唯衣が3月11日発売のグループの14枚目シングルの活動をもって卒業を発表。5月には増本綺良が6月10日発売の15枚目シングルの活動をもってグループからの卒業を発表。さらに今月9日に松田里奈が「年内の活動をもちまして、櫻坂46を卒業します」と電撃発表。田村の卒業発表により、今年4人目の卒業報告となった。

　乃木坂46は4期生・佐藤璃果が2月16日に公式ブログで41枚目シングルを最後にグループから卒業することを発表。さらに9日後の25日には3代目キャプテンだった梅澤美波が卒業を発表し、5月21日に東京ドームで卒業コンサートが行われた。5月にはグループ最年長の吉田綾乃クリスティーが8月9日に卒業することを発表した。

　日向坂46は今年4月に山口陽世が卒業を発表。9月8日に森本茉莉が同月30日発売の18枚目シングルの活動をもってグループを卒業すると発表している。",[],[]
ロッテ・ジャクソンが再来日　家族の出産立ち会いで一時帰国、16日にチーム合流（スポニチアネックス）,https://news.yahoo.co.jp/articles/f3bd017dac82c427af131b0015d8b534c50a8254,https://newsatcl-pctr.c.yimg.jp/t/amd-img/20260915-00000416-spnannex-000-8-view.jpg?exp=10800,2026-09-15T22:46:12+09:00,2026-09-16T03:48:43+09:00,スポニチアネックス,spnannex,スポニチアネックス,154,"ロッテ・ジャクソン
ロッテは15日、アンドレ・ジャクソン投手が同日、羽田着の航空機で再来日したと発表した。16日にZOZOマリンスタジアムでチームに合流する。

　ジャクソンは今季23試合に登板して9勝8敗、防御率3・43。今月7日に家族の出産立ち会いのために一時帰国し、同日、出場選手登録を抹消されていた。",[],[]
広島　中村奨成が2回に豪快今季初アーチ　左翼へ1号2ラン　「やっと出た。ホッとしている」（スポニチアネックス）,https://news.yahoo.co.jp/articles/4fcf08ed8d727bbffae06ba3d55d93c5f8e79009,https://newsatcl-pctr.c.yimg.jp/t/amd-img/20260915-00000415-spnannex-000-5-view.jpg?exp=10800,2026-09-15T22:44:42+09:00,2026-09-15T22:48:04+09:00,スポニチアネックス,spnannex,スポニチアネックス,329,"＜ヤ・広24＞2回、2ランを放った中村奨（撮影・尾崎　有希）
◇セ・リーグ　広島9―4ヤクルト（2026年9月15日　神宮）

　広島の9年目・中村奨成が豪快な今季初アーチを放った。
【写真あり】超人気タレントがカープ入団会見？
4―0の2回2死一塁。ヤクルト先発・吉村の初球のカーブを捉え、左翼へ飛距離121メートルの1号2ラン。「やっと出た。遅いぐらいだけど、本当にホッとしている」と笑みを浮かべた。

　昨季は104試合に出場して打率・282、9本塁打と頭角を現した。今季は9月上旬に1軍昇格して以降は力強い打撃で存在感を示し、この日は9回にも適時二塁打をマーク。

　2安打3打点で勝利に貢献し「お客さんにいい試合を見せないといけない」と力を込めた。",[],[]
巨人　戸郷翔征「責任を果たせなかった」　自己ワースト4被弾で2回9失点KO　次回登板は未定（スポニチアネックス）,https://news.yahoo.co.jp/articles/8375431783c03bd67c5a33b553b859423d95e626,https://newsatcl-pctr.c.yimg.jp/t/amd-img/20260915-00000414-spnannex-000-5-view.jpg?exp=10800,2026-09-15T22:42:50+09:00,2026-09-15T22:46:08+09:00,スポニチアネックス,spnannex,スポニチアネックス,638,"＜D・巨24＞2回までに9失点しガックリの戸郷（撮影・光山　貴大）
◇セ・リーグ　巨人2―13DeNA（2026年9月15日　横浜）

　巨人・戸郷翔征投手（26）が、自己ワースト4被弾で、2回で72球を投げて7安打9失点（自責点5）と炎上。3敗目を喫し「責任を果たせなかった。本当に申し訳ないピッチングだった」と悔しがった。
【写真あり】初回に4失点を喫した戸郷
左太股裏の肉離れから復帰し、3度目の先発マウンド。「復帰してからはいい投球がなかなか続けられないので、そこは凄く反省点」と振り返る。1―0の初回1死から牧に左越え同点ソロを浴びた。さらに佐野、筒香に連続四球を与えて1死一、二塁とし、宮崎にゴロを打たせるも三塁・石塚がファンブル。併殺かと思われたが一転、満塁にピンチが拡大した。その後に林に中前2点打、古市に左前適時打を許し、初回に一挙4失点した。

　2回も先頭・度会のゴロを遊撃・泉口が失策。牧にも中前打を許し、無死一、二塁から佐野に右越え3ランを浴びた。続く筒香にも2者連続となる右越えソロを被弾し、6番・蝦名にも左越えソロと流れを止められず。2回も5失点し、無念の降板となった。

　杉内投手チーフコーチは「本人は大事な試合ってのはわかってるし。あそこで勝てるピッチャーになってほしい。打たれてるボールは全部甘いので。課題が残るピッチングかなと思います」と指摘。次回以降の登板については「もう1回、確認します。僕だけじゃ決めれないので」と語るにとどめた。",[],[]
阪神・神宮僚介が火消し成功　5試合連続無失点「場面を想定して準備できた」（スポニチアネックス）,https://news.yahoo.co.jp/articles/6dbcb451c8379f19f26c49ed51342e3bb1ef7e57,https://newsatcl-pctr.c.yimg.jp/t/amd-img/20260915-00000413-spnannex-000-3-view.jpg?exp=10800,2026-09-15T22:40:19+09:00,2026-09-15T22:44:43+09:00,スポニチアネックス,spnannex,スポニチアネックス,275,"＜神・中25＞4回、ピンチをしのぎ雄叫びを上げる神宮（撮影・大森　寛明）
◇セ・リーグ　阪神1―4中日（2026年9月15日　甲子園）

　阪神・神宮僚介投手が、火消しに成功した。
【写真あり】小籔千豊、新幹線で「目が合った」人物が…虎の超人気選手だった
1点ビハインドの4回1死三塁から2番手として救援登板。石川昂を得意の食い込む内角直球で仕留め、2死一、二塁では花田を空振り三振とした。

　「場面を想定して準備できました」

　これで5試合連続無失点。火消しや回跨ぎなど様々な起用法にも応えている。「結果として抑えられて良かった」と力を込めた。",[],[]
【ACLE】G大阪FW土信田悠生「点を取るために来た。その覚悟を決めて来た」移籍後初Gに絶叫（スポニチアネックス）,https://news.yahoo.co.jp/articles/ce74f0bd31321403e1962581bfb900dc49cea948,https://newsatcl-pctr.c.yimg.jp/t/amd-img/20260915-00000412-spnannex-000-4-view.jpg?exp=10800,2026-09-15T22:38:57+09:00,2026-09-15T22:57:38+09:00,スポニチアネックス,spnannex,スポニチアネックス,513,"G大阪・土信田悠生
◇アジア・チャンピオンズリーグエリート第1節　G大阪4―1コンアンハノイ（2026年9月15日　パナスタ）
【写真】中川安奈アナ“サッカーW杯仕様”のブラトップ、ユニ姿公開
J2宮崎から9月9日に加入したG大阪FW土信田悠生が、移籍後初得点を挙げた。1点リードの後半13分、MF山下諒也のクロスを頭で合わせて追加点。ゴール裏サポーターの前で、ユニホームの胸のエンブレムを掲げて雄叫びを挙げた。

　「嬉しかったです。あの瞬間を何回もできるように頑張りたい」

　12日のリーグFC東京戦で移籍後初出場となるJ1デビューを果たすと、この日はスタメンでACLEデビュー。「前線で体を張ることと、守備をすることは特徴の一つでもあるので、それを出すこと」を意識した。綺麗にキープしきれたわけではないが泥臭くボールに食らい付き、守備でもサボらずに最前線からプレスを掛け続けた。チーム3点目も「自分が欲しかった」（土信田）と笑うが、逆サイドに走り込んで相手の意識を引きつけたことが一因となった。

　「点を取るためにこのチームに来た。その覚悟を決めて来た」。雑踏魂を持つストライカーは、よりチームのために身を粉にする。",[],[]
ACEes浮所飛貴　好きな食べ物がアレルギーと分かり「うそでしょ！」と悲鳴（スポニチアネックス）,https://news.yahoo.co.jp/articles/19c05355be60a64a7dc82c43ea3f5cb9ac292ab5,https://newsatcl-pctr.c.yimg.jp/t/amd-img/20260915-00000411-spnannex-000-3-view.jpg?exp=10800,2026-09-15T22:37:24+09:00,2026-09-15T22:39:34+09:00,スポニチアネックス,spnannex,スポニチアネックス,566,"ACEes
「ACEes」の浮所飛貴（24）が15日放送の日本テレビ系「ザ！世界仰天ニュース」（火曜後9・00）に出演。好物にアレルギーがあると分かり、悲鳴を上げた。
【写真あり】フォトセッションで笑顔を見せる浮所飛貴ら
浮所はかねてから、自身のアレルギーについて「犬を実家で飼っているんですけど、犬アレルギーで。毛が生えた動物がアレルギーなんですけど、実家の犬は大丈夫なんです。もう一つはニンニク、これは本当におなかをこわしがちなんです。本当に好きなので、アレルギーなのか気になっていました」と語っていた。

　番組ではゲストたちのアレルギー検査を実施し、番組内で発表。浮所については、ハウスダストや気になっていた犬、猫のほか、アヒル、そしてニンニクにも反応が。

　犬や猫については「テレビ局のメークさんにメークしてもらっている時に、顔が真っ赤になったりすることが何度かあって、聞くと犬か猫を買っていらっしゃる…」と思い当たることも多かったという。

　だが、ニンニクの項目に反応があるのを見ると「うそでしょ！うわあああああ」と悲鳴。さらに同じヒガンバナ科ネギ属の玉ネギにもアレルギー反応が出ているため、ネギ、ラッキョウにも反応が起きてしまう可能性もあると説明され「え～！知らなかった…。大好きです…」と驚いた表情を見せていた。",[],[]
櫻坂46激震　最年長メンバー田村保乃が卒業発表　キャプテン松田里奈に続き今月2人目の卒業報告（スポニチアネックス）,https://news.yahoo.co.jp/articles/6c509ea79525279bd5bb4a3aa9f1b219a235c8d1,https://newsatcl-pctr.c.yimg.jp/t/amd-img/20260915-00000410-spnannex-000-18-view.jpg?exp=10800,2026-09-15T22:36:39+09:00,2026-09-15T22:50:22+09:00,スポニチアネックス,spnannex,スポニチアネックス,568,"櫻坂46の田村保乃
櫻坂46の田村保乃（27）が15日、公式ブログを更新。10月発売の16枚目シングルの活動をもってグループから卒業すると発表した。
【写真あり】田村保乃　初写真集は大満足の出来「100点満点中200点」
グループ公式サイトで「田村保乃ですが、先ほど本人のブログにて発表させていただいた通り、10月14日(水)発売の16th Single『愛MUST BE』の活動をもって櫻坂46から卒業することになりました」と発表。具体的な卒業時期については決定次第報告するという。

　田村はブログを通じて卒業を報告。「加入してから同期とは特にたくさんの夢を語り合い、夢見ました。叶った夢も、叶わなかった願いもありました。いつもお互いに支え合い、皆がいたから、どんな時も前向きにここまでやって来ることができました」と感謝を記した。

　1998年10月21日生まれ、大阪府出身の田村は、18年11月に二期生としてグループに加入。21年10月発売のシングル「流れ弾」でセンターを務めるなど、グループの中心として活躍。その美ぼうを活かし、美容誌「VOCE」のレギュラーモデルを務めている。

　今月9日には2代目キャプテン松田里奈がグループからの卒業を発表したばかり。最年長メンバーの田村も巣立ちを発表し、櫻坂46が転換期を迎えている。",[],[]
阪神・石井大智「サインに首を振って、後悔なく投げた一球。自分の実力不足」連続無失点試合52でストップ（スポニチアネックス）,https://news.yahoo.co.jp/articles/0ade3ad43ac8eed2de744fd41157186e31f1732e,https://newsatcl-pctr.c.yimg.jp/t/amd-img/20260915-00000409-spnannex-000-3-view.jpg?exp=10800,2026-09-15T22:36:27+09:00,2026-09-15T22:37:58+09:00,スポニチアネックス,spnannex,スポニチアネックス,385,"＜神・中25＞6回、2ランをサノーに許した石井（撮影・岸　良祐）
◇セ・リーグ　阪神1─4中日（2026年9月15日　甲子園）

　昨季から続いた阪神・石井大智投手の連続無失点試合が52でストップした。同点の6回、サノーに決勝2ランを浴びた。
【写真あり】小籔千豊、新幹線で「目が合った」人物が…虎の超人気選手だった
「誠志郎（坂本）さんのサインに首を振って、後悔なく投げた一球。それを打たれたので、自分の実力不足です」

　左アキレス腱断裂から復帰し、今季3試合目で敗戦投手となった。失点するのは昨年4月4日の巨人戦以来。「野手が点を取ってくれた後だったので、本当に抑えたかった。申し訳ないです」と悔しい形で大記録が途絶えたが、試合後には「しっかり反省して。明日からまた自分が進化していくために、試される立場になると思う。切り替えて次の試合に向かいたい」と前を向いた。",[],[]
天童よしみ　松原のぶえさんを追悼　突然の別れにショック隠せず「もう一度会いたい…信じられない」（スポニチアネックス）,https://news.yahoo.co.jp/articles/7bb13e65e3d371408860c4dcaba02016bc4a17bc,https://newsatcl-pctr.c.yimg.jp/t/amd-img/20260915-00000408-spnannex-000-3-view.jpg?exp=10800,2026-09-15T22:34:46+09:00,2026-09-15T22:44:19+09:00,スポニチアネックス,spnannex,スポニチアネックス,448,"松原のぶえさん（1993年撮影）
演歌歌手・天童よしみ(71)が15日、自身のインスタグラムを更新。13日に病気のため65歳で死去した歌手の松原のぶえさんを追悼した。
【写真あり】紅白歌合戦で歌う松原のぶえさん
天童は「松原のぶえちゃん　番組で会うたび　よしみ先輩　ご飯たべに連れてって！にっこり笑顔で　笑う　のぶえちゃん　もう一度　会いたいです　信じられないです」と悲痛な胸中をつづった。

　1961年7月18日生まれ、大分県出身の松原さんは、1979年に「おんなの出船」でデビュー。同年に日本レコード大賞新人賞や日本有線大賞新人賞など賞レースを総なめにした。「蛍」「朝顔」などのヒット曲を歌い、NHK紅白歌合戦には1985年の初出場以降7回出場した。2000年には日本文化振興会から国際芸術文化賞を受賞した。

　松原さんは幼少期から腎臓が悪く、2009年には腎不全のため生体腎移植を受けた。闘病後も楽曲制作やコンサートなど精力的に活動を続け、昨年には新曲「通天閣の空の下」を発表していた。",[],[]
頭部死球を受け担架で運ばれた広島・勝田成は「右側頭部打撲」の診断　交代後は自力での歩行も　　（スポニチアネックス）,https://news.yahoo.co.jp/articles/62741fbb0099bf3018d65fb536cad6d49319ba83,https://newsatcl-pctr.c.yimg.jp/t/amd-img/20260915-00000407-spnannex-000-4-view.jpg?exp=10800,2026-09-15T22:29:25+09:00,2026-09-15T22:35:38+09:00,スポニチアネックス,spnannex,スポニチアネックス,199,"＜ヤ・広24＞6回、頭部死球を受ける勝田（撮影・尾崎　有希）
◇セ・リーグ　広島9―4ヤクルト（2026年9月15日　神宮）

　6回の打席でヤクルト・石原から頭部に死球を受け、担架で運ばれ交代した広島・勝田は都内の病院で受診し「右側頭部打撲」の診断を受けた。
【写真あり】超人気タレントがカープ入団会見？
トレーナーによると自力で歩行しており、今後の練習等については経過を見ながら進めていく予定。",[],[]
声優・上坂すみれ　SNS活動を当面休止　脅迫行為受け「安全確保を最優先とする観点から」（スポニチアネックス）,https://news.yahoo.co.jp/articles/9b986beaf9c25cf4893aad82cfd561500253dc17,https://newsatcl-pctr.c.yimg.jp/t/amd-img/20260915-00000406-spnannex-000-9-view.jpg?exp=10800,2026-09-15T22:23:38+09:00,2026-09-15T22:35:15+09:00,スポニチアネックス,spnannex,スポニチアネックス,597,"上坂すみれ
声優・上坂すみれが15日、公式Xを更新。上坂に対する脅迫行為が確認されたことを受け、当面の間、各種SNSでの上坂本人による発信を控えると発表した。
【写真あり】上坂すみれ　10年越しのビフォアフSが話題
同Xで「昨日お知らせいたしました内容および現在の状況を踏まえ、本人の安全確保を最優先とする観点から、当面の間、各種SNSでの上坂本人による発信を控えさせていただきます」と伝えた。なお、スタッフからの発信は継続するという。

　上坂の所属事務所「ボイスキット」はこの日、上坂に対する脅迫行為が確認されたことを公表。脅迫文には「9月27日までに複数名で誘拐し、殺害する」などとする具体的な殺害予告が確認されたとした。そのため、27日までに予定されているイベントや公演への出演について、主催者や関係各所と協議しながら可否を慎重に検討していると伝えた。

　ファンや関係者に向けては「ご心配をおかけいたしますが、安全確保を最優先とした対応にご理解いただけますと幸いです」と呼びかけ、本件を巡り「憶測や、対象となる人物・アカウントの特定、拡散等はお控えくださいますようお願い申し上げます」と注意を呼びかけた。

　上坂は「スター☆トゥインクルプリキュア」ユニ／キュアコスモ役、「アイドルマスター シンデレラガールズ」アナスタシア役、「うる星やつら」ラム役(2代目)などで知られる人気声優。",[],[]
「令和の虎」林社長、現在の口座残高は？あっさり告白に「いいなー」「それしかないの？」の声（スポニチアネックス）,https://news.yahoo.co.jp/articles/71f0c4ce9455c7c3ec7f46b3bf886328f1d0e4b6,https://newsatcl-pctr.c.yimg.jp/t/amd-img/20260915-00000405-spnannex-000-4-view.jpg?exp=10800,2026-09-15T22:17:34+09:00,2026-09-15T22:27:20+09:00,スポニチアネックス,spnannex,スポニチアネックス,330,"林尚弘氏のX（@hayashinaohiro）から
「令和の虎」二代目主宰・林尚弘氏（41）が15日に自身のX（旧ツイッター）を更新し、現在の口座残高を明かした。
【写真あり】林社長「令和の虎」の制作費はいくら？まさかのぶっちゃけ
「ひまなう　質問あるひといますか」とユーザーに呼びかけた林氏。そこで「今の口座残高は?」といった投稿が寄せられると、林氏は「2163万」と回答していた。

　ユーザーからは「いいなー」「それしかないの？」「俺よりあるやん」といったコメントが寄せられていた。

　なお林氏は今年3月にXで、自身の資産について「A.何十億円分かはあると思いますが、百億まであるかはわかんないです。数億円のマンションとかももってます」と明かしている。",[],[]
ヤクルトが4年連続シーズン負け越し　池山監督「応援してくれるファンの方がいる。気を抜くことなく戦う」（スポニチアネックス）,https://news.yahoo.co.jp/articles/e861242a4ec086c16b6b7ca6e1ff1f35f315a8ba,https://newsatcl-pctr.c.yimg.jp/t/amd-img/20260915-00000404-spnannex-000-7-view.jpg?exp=10800,2026-09-15T22:17:21+09:00,2026-09-15T22:45:03+09:00,スポニチアネックス,spnannex,スポニチアネックス,381,"＜ヤ・広23＞選手交代を告げる池山監督（撮影・尾崎　有希）
◇セ・リーグ　ヤクルト4―9広島（2026年9月15日　神宮）

　ヤクルトはプロ初の中4日で先発した吉村が2回6失点でKO。両リーグワーストの12敗目を喫した。
【写真あり】WBCで来日した“奇跡の美少女”　渋谷でのプラベショット
打線は3回に高卒2年目の田中が左翼にプロ初アーチを放つなど追い上げたが、その後は広島のリリーフ陣に反撃を封じられた。

　チームは71敗目。残り14試合に全勝しても70敗止まりで、4年連続のシーズン負け越しが確定した。05年～09年の5年連続以来となる。

　試合後、池山監督は「一戦一戦、応援してくれるお客さん、ファンの方がいますので。そこをしっかり、気を抜くことなく今日は今日、また明日は明日で。あさってからまた、いい準備をして戦いたいなと思っています」と話した。",[],[]
ヤクルト　中4日先発の吉村は両リーグワーストの12敗目　4戦連続で6失点以上となり「悔しい」（スポニチアネックス）,https://news.yahoo.co.jp/articles/aaa13633d725190e0eab7cf2f9c3d1e20441f0a3,https://newsatcl-pctr.c.yimg.jp/t/amd-img/20260915-00000403-spnannex-000-4-view.jpg?exp=10800,2026-09-15T22:10:15+09:00,2026-09-15T22:12:35+09:00,スポニチアネックス,spnannex,スポニチアネックス,487,"＜ヤ・広24＞2回までに6失点した吉村（中央）（撮影・尾崎　有希）
◇セ・リーグ　ヤクルト4―9広島（2026年9月15日　神宮）

　プロ初の中4日で先発したヤクルト・吉村貢司郎は2回を5安打6失点（自責3）でKO。
【写真あり】WBCで来日した“奇跡の美少女”　渋谷でのプラベショット
両リーグワーストの今季12敗目（4勝）を喫し「試合をつくれずチームに申し訳ない。チャンスをもらった中で応えられず悔しい」と唇を噛んだ。

　初回にいきなり3失点。2回にも中村奨の2ランなどで3点を失った。初回の失点はここ8試合で7度目。シーズン68失点のうち初回は最も多い18失点となっている。

　「しっかり初回からゼロで抑えられるように頑張っていかないと…」と吉村。

　開幕投手も務めた右腕だが、6失点以上は4試合連続。シーズン12敗は球団では19年の小川以来となった。

　奮起を期待して中4日で起用した池山監督は「もう、技術的というところではなくなっている。気持ち、メンタル。（初回の失点は）自分でも分かっているところだろうと思うけど、修正がなかなかできなかった」と話した。",[],[]
イジリー岡田　持参したお宝の査定額に衝撃　予想を大きく上回る金額に「ウソでしょ!?」スタジオも騒然（スポニチアネックス）,https://news.yahoo.co.jp/articles/e3402f30f2dea33fa5d5b746a048711bbb310393,https://newsatcl-pctr.c.yimg.jp/t/amd-img/20260915-00000402-spnannex-000-4-view.jpg?exp=10800,2026-09-15T22:10:02+09:00,2026-09-15T22:15:26+09:00,スポニチアネックス,spnannex,スポニチアネックス,744,"イジリー岡田
タレントのイジリー岡田（61）が15日放送のテレビ東京の「開運！なんでも鑑定団」（火曜後8・54）に出演。持ち込んだ“お宝”に驚きの鑑定額が付けられた。
【写真あり】イジリー岡田　アイドル水泳大会「ポロリ」の裏側暴露
イジリーが持ち込んだのは「ジャンボマシンダー　カメバズーカ」。この“お宝”にMCでフリーアナウンサーの福澤朗は「当時、小さいフィギュアはともかくとして、この大きさは鮮烈でしたよね」と懐かしんだ。

　この怪人について、イジリーは「この怪人は仮面ライダーV3の第1話、第2話に登場し、人気の怪人です」と説明。続けて、入手経緯については35年前の26歳の時に「なじみのショップで購入しました」とし、「1973年の時の販売価格は2000円。私が買った時（1991年）は8万円」と明かした。

　購入した決め手については「これは凄いキレイだし、箱もあるよっていうことで」と、保存状態の良さなどを挙げた。購入後は「太陽の光とかも絶対ダメだし、暗い場所に保管している。買ってから立たせたのは2度目です」と徹底した管理ぶりを明かした。

　本人評価額は「当時8万円で買ったので…10倍にはなってほしい」との願いを込めて「80万円」に設定。しかし、鑑定士から提示された査定額は、予想を大きく上回る「350万円」だった。これにはイジリーも「えぇー!? ウソでしょ!?」と驚がくし、スタジオは騒然となった。

　鑑定士は「この状態の良い『カメバズーカ』は初めて見ました。箱の状態の良さ、ビニールも入っている。このビニールがあるかないかで値段が違う」と絶賛。イジリーは「こんなにいくとは思わなかったので…帰りは電車をやめて、タクシーを呼びます」と笑顔で語り、スタジオを笑わせた。",[],[]
杏　愛用バッグにフランスならではの機能「メトロとか街中を歩く時にカチッと」（スポニチアネックス）,https://news.yahoo.co.jp/articles/4fa37208868d74bb1c744c655b1c0efcc4ecb0f9,https://newsatcl-pctr.c.yimg.jp/t/amd-img/20260915-00000401-spnannex-000-4-view.jpg?exp=10800,2026-09-15T22:06:47+09:00,2026-09-15T22:11:57+09:00,スポニチアネックス,spnannex,スポニチアネックス,447,"杏
女優・杏(40)が15日、自身のYouTubeチャンネルを更新。愛用のバッグに備わっているフランス発のブランドならではの機能を紹介した。
【写真あり】杏　父・渡辺謙とイタリア旅行　貴重2ショット公開
杏は「マキシマリスト杏のバッグの中身」と題した動画を投稿。その冒頭で「私はミニマリストの逆でマキシマリスト」と荷物が多いタイプであると明かし、カバンは小さいものと大きいものの“2個持ち”だと語った。

　愛用しているカバンはいずれもフランスのアウトドアブランド「AIGLE（エーグル）」のもの。チャック付近に小さな2つの部品がついており、その部品を互いにひっかけることでチャックが開かなくなるという機能を紹介し、「スリ対策に特化したバッグ。さすがフランスのブランドだなと。メトロ(地下鉄)とか気をつけたい時や、街中を歩く時にカチッとしておくと便利で、良い機能だなって」と実感を込めて語った。

　杏は2022年にフランス・パリへ移住。YouTubeなどで現地での生活スタイルを発信している。",[],[]
ACEes作間龍斗「甘いものが好き」も…糖分摂取の方法に浮所飛貴「マジヤバい。心配になっちゃう」（スポニチアネックス）,https://news.yahoo.co.jp/articles/968498552f53457c3480d47b848e1d444c044be7,https://newsatcl-pctr.c.yimg.jp/t/amd-img/20260915-00000400-spnannex-000-4-view.jpg?exp=10800,2026-09-15T22:03:56+09:00,2026-09-15T22:07:18+09:00,スポニチアネックス,spnannex,スポニチアネックス,354,"ACEes
「ACEes」の作間龍斗（23）が15日放送の日本テレビ系「ザ！世界仰天ニュース」（火曜後9・00）に出演。大好きな食べ物を明かすと共演者から驚きの声が上がった。
【写真あり】のれんをくぐる作間龍斗
「好きな食べ物、どうしてもやめられない食べ物」を聞かれた作間は「僕、とにかく甘いものが好きで、糖分を欲しています。常に」と答えた。

　さらに「頭を起こす時とか、撮影が長い時とかは、とりあえず糖分が欲しいので砂糖をじかにいったりとか…」と話した。

　「ACEes」の浮所飛貴も「マジヤバいんですよ。シュガースティックをそのまま…」と言うと、作間も「一番手っ取り早いです」とうなずいた。さらに浮所が「心配になっちゃうよ」と心配するが「いろいろ試しましたけど、あれが一番効きます」とうなずいていた。",[],[]
広島・辰見鴻之介「大事にしているのは覚悟、準備、ホームに還ること」代走でシーズン26盗塁の日本新記録（スポニチアネックス）,https://news.yahoo.co.jp/articles/c870048aeec20d652dd01ff242f5207c1c5189ce,https://newsatcl-pctr.c.yimg.jp/t/amd-img/20260915-00000399-spnannex-000-4-view.jpg?exp=10800,2026-09-15T22:01:44+09:00,2026-09-15T22:12:20+09:00,スポニチアネックス,spnannex,スポニチアネックス,486,"＜ヤ・広24＞シーズン代走盗塁数の日本新記録を達成した辰見（撮影・尾崎　有希）
◇セ・リーグ　広島9─4ヤクルト（2026年9月15日　神宮）

　広島がヤクルトに快勝した。9回に代走で出場して二盗に成功し、プロ野球新記録となる代走でのシーズン26個目の盗塁を決めてダメ押しの本塁生還を果たして貢献した辰見鴻之介内野手内野手（25）はヒーローインタビューで喜びを語った。以下は一問一答。
【写真あり】超人気タレントがカープ入団会見？
――日本新記録。達成時の気持ちは？

　「相手の守備の人と頭がぶつかっちゃって。痛いなというのが一番でした」

　――9回に登場。新記録への意識は？

　「はい。ありました」

　――スタートの感触は？

　「まあまあ、勝負できるスタートだったので、行きました」

　――今年から広島に加入、役どころを得た？

　「自分のやれることをしっかり出せるように、毎日、準備して、全力を出して取り組んでいます」

　――代走とは？大事にしていることは？

　「大事にしているのは、覚悟をもってやること、最高の準備をすること、ホームに還ることです」",[],[]
オリックス　16日にもCS完全消滅　岸田監督「一戦一戦大事にやっていくしかない」（スポニチアネックス）,https://news.yahoo.co.jp/articles/f82aed7c62549b8d81e2ad2adf089e338467e5fe,https://newsatcl-pctr.c.yimg.jp/t/amd-img/20260915-00000398-spnannex-000-4-view.jpg?exp=10800,2026-09-15T21:57:46+09:00,2026-09-15T22:02:10+09:00,スポニチアネックス,spnannex,スポニチアネックス,269,"＜オ・ソ21＞　7回、交代を告げる岸田監督　（撮影・平嶋　理子）
◇パ・リーグ　オリックス3―5ソフトバンク（2026年9月15日　京セラドーム大阪）
【写真あり】人気投手の女優妹、美人母顔出し！
オリックスは追い上げ及ばず敗れ、6月9～12日以来の3連勝を逃した。

　日本ハムも敗れたためこの日のCS完全消滅は免れたが、16日のソフトバンク戦で敗れると岸田政権2年目で初のBクラスが確定する。

　岸田監督はこの日のソフトバンク戦後、「勝ちを目指してやるしかないので。一戦一戦大事にやっていくしかない」と今後に向けて言葉を振り絞った。",[],[]
落合以来の日本人30発のロッテ・山口航輝「いろんなこと言われてきたけど。無理とか」夢かなえ感無量（スポニチアネックス）,https://news.yahoo.co.jp/articles/adba3821a6d02da615c240dae171da7993b97837,https://newsatcl-pctr.c.yimg.jp/t/amd-img/20260915-00000397-spnannex-000-6-view.jpg?exp=10800,2026-09-15T21:57:33+09:00,2026-09-15T22:40:32+09:00,スポニチアネックス,spnannex,スポニチアネックス,443,"＜日・ロ22＞30号本塁打のポーズを決める山口（撮影・高橋　茂夫）
◇パ・リーグ　ロッテ7―6日本ハム（2026年9月15日　エスコンＦ）

　ロッテの山口航輝外野手（26）が球団の日本人選手では86年落合博満以来、実に40年ぶりとなる30号を放った。6―6の9回先頭で左中間へ価千金の決勝ソロ。6回にも29号2ランを放ち、1試合2発で大台に到達させた。
【写真あり】WBCで来日した“奇跡の美少女”　渋谷でのプラベショット
「めっちゃうれしいっす。はい。夢かなったっていう感じっすね。もうそこしか見てなかったんで」

　試合後は喜び爆発。3冠王3度の偉大すぎる先輩に並んだことには「入ってきた時から僕、“30本”って言ってきて。まあ、いろんなこと言われてきましたけど、無理とか。今日こうやって達成できてうれしいなと思いますし、なんすかね、落合さんっていう凄い方に、まあ落合さん、50何本打ってるんで追いついてはいないっすけど、その次に名前を刻めたので、良かった」と感無量の様子だった。",[],[]
日本ハム　ロッテに競り負け貯金15　2位西武も敗れるもお付き合いで1.5ゲーム差変わらず（スポニチアネックス）,https://news.yahoo.co.jp/articles/ead9eb67cbfda5ea079359266546bb0e7eb89e5b,https://newsatcl-pctr.c.yimg.jp/t/amd-img/20260915-00000396-spnannex-000-3-view.jpg?exp=10800,2026-09-15T21:53:16+09:00,2026-09-15T21:54:12+09:00,スポニチアネックス,spnannex,スポニチアネックス,347,"＜日・ロ22＞8回、ソロを放つ万波（撮影・高橋　茂夫）
◇パ・リーグ　日本ハム6―7ロッテ（2026年9月15日　エスコンF）

　日本ハムはロッテに敗れ、貯金は「15」に減少。2位・西武も敗れたため1・5ゲーム差のままだが、首位・ソフトバンクとは11ゲーム差に拡大した。
【写真あり】超人気アナ、ミニスカコスできつねダンスに大反響「可愛すぎ！」
先発した北山が4回2/3を5安打4失点で4敗目。序盤に2点の援護をもらいながら、5回に安田に走者一掃の3点二塁打を許すなど踏ん張れなかった。

　打線は2点を追う7回に、この日昇格したばかりのベテラン・西川の適時三塁打で1点差。8回には同じくこの日に復帰した万波が右越え21号同点ソロを放つも、9回に登板した柳川が山口に左中間へ決勝ソロを浴びた。",[],[]
DeNA　宮下朝陽が今季絶望…14日の巨人戦のヘッスラで負傷し「今季はもう難しい状況」と相川監督（スポニチアネックス）,https://news.yahoo.co.jp/articles/dea6ce817173275f197cbeef0b4e3555dbaf7017,https://newsatcl-pctr.c.yimg.jp/t/amd-img/20260915-00000395-spnannex-000-5-view.jpg?exp=10800,2026-09-15T21:52:06+09:00,2026-09-15T21:59:53+09:00,スポニチアネックス,spnannex,スポニチアネックス,333,"DeNA・宮下
DeNAのドラフト3位・宮下朝陽内野手（22）が15日、コンディション不良で出場選手登録を抹消された。14日の巨人戦はベンチスタートで、7回に代打で出場。投ゴロに打ち取られ、一塁にヘッドスライディングした際に負傷したという。相川監督は「今シーズンはもう難しいのかなという状態です。ヘッドスライディングした時にプレーができない状態になりました」と明かした。
【写真あり】DeNA人気選手　元アイドルの交際相手と2ショット
1年目の今季は71試合に出場して打率・258、8本塁打、26打点。9月は10試合で打率・333、1本塁打、4打点と好成績を残していた。「打てる遊撃手」として新人ながら攻守で存在感を示していたが、シーズン最終盤で無念の離脱となった。",[],[]
竜党熱狂！中日が痛快首位叩きで虎に3連勝　4番・サノーが石井撃ちV弾　柳は6回1失点で7勝目（スポニチアネックス）,https://news.yahoo.co.jp/articles/0f5a687c758e5552d9c8215b2ee8be2873c5b32e,https://newsatcl-pctr.c.yimg.jp/t/amd-img/20260915-00000394-spnannex-000-4-view.jpg?exp=10800,2026-09-15T21:48:13+09:00,2026-09-15T21:53:54+09:00,スポニチアネックス,spnannex,スポニチアネックス,504,"＜神・中25＞6回、2ランを放つサノー（撮影・岸　良祐）
◇セ・リーグ　中日4─1阪神（2026年9月15日　甲子園）

　中日が痛快すぎる首位叩きで虎に会心の3連勝だ。主役は、4番のサノー。1―1同点の6回に左中間席へ決勝の22号2ランを放った。
【写真】＜神・中25＞6回、勝ち越し2ランのサノーを迎える柳
「良いスイングができた。柳さんが頑張っているので援護できて良かったよ」

　1死一塁で阪神4番手・石井の外角直球を左中間席へ放り込んだ。飛距離120メートルの22号2ランで先発の柳裕也を強力援護した。

　4回には先頭の村松が四球で出塁。続く細川が左翼へ二塁打を放った。無死二、三塁の好機で、サノーの遊ゴロの間に先制点を奪った。サノーは3打点の勝負強さで打線を引っ張った。

　先発・柳裕也は6回1失点の力投だった。1点リードの5回1死二塁で3番・森下に外の直球を右前へ運ばれて同点にされたが、6回は3者凡退に封じて後続にマウンドを託した。

　阪神戦は22年から自身7連敗中（今季2敗）で、甲子園では19年から8連敗中と相性が悪かったが、負のデータをすべて払しょくする力投で今季7勝目を挙げた。",[],[]
阪神　中日に完敗でドロ沼7連敗　4番手・石井大智が痛恨被弾　3位・DeNAが5・5差に急接近（スポニチアネックス）,https://news.yahoo.co.jp/articles/7436cd761fc3651d05c240048a831b7754e9f488,https://newsatcl-pctr.c.yimg.jp/t/amd-img/20260915-00000393-spnannex-000-7-view.jpg?exp=10800,2026-09-15T21:47:59+09:00,2026-09-15T21:52:39+09:00,スポニチアネックス,spnannex,スポニチアネックス,495,"＜神・中25＞7回を終えて選手交代を伝える藤川監督（右は空振り三振に倒れた佐藤輝）（撮影・岸　良祐）
◇セ・リーグ　阪神1―4中日（2026年9月15日　甲子園）

　阪神は中日に敗れ、7連敗を喫した。4回無死二、三塁からサノーの遊ゴロの間に先制を許すも5回1死二塁から森下の右前適時打で同点に追いついた。この一打が実にチーム61イニングぶりの適時打だった。
【写真あり】小籔千豊、新幹線で「目が合った」人物が…虎の超人気選手だった
しかし、6回から4番手でマウンドに上がった石井が1死から細川に四球を与えると、続くサノーに左中間へ勝ち越し2ランをたたきこまれた。7回にも及川が3連打で1点を失った。9回、中日守護神の松山から代打・豊田の死球、近本の安打で無死一、二塁と一発が出たら同点のチャンスを作ったが、中野、森下、佐藤輝がいずれも三振に打ち取られた。

　チームは中日に同一カード3連敗。マジックナンバー対象チームの2位・巨人もDeNAに3連敗を喫したことでマジックは一つ減って14となったが7連勝を飾った3位・DeNAとの差は5・5まで縮まった。阪神はDeNAと5試合を残している。",[],[]
Cocomiが不機嫌になる瞬間とは？Kokiがまさかの“ぶっちゃけ”　工藤静香も「ヤバいよ！」（スポニチアネックス）,https://news.yahoo.co.jp/articles/c940ad88076c316fcc38ba0b99b282c9e5f03b78,https://newsatcl-pctr.c.yimg.jp/t/amd-img/20260915-00000392-spnannex-000-4-view.jpg?exp=10800,2026-09-15T21:44:07+09:00,2026-09-15T21:56:46+09:00,スポニチアネックス,spnannex,スポニチアネックス,327,"Cocomi
モデルでフルート奏者・Cocomi（25）が14日に自身のインスタグラムのストーリーズを更新。女優でモデルの妹・Koki,（23）が登場し、Cocomiが不機嫌になる瞬間について語った。
【写真あり】Cocomi　妹Koki，とペアルック2ショット
ファンからの質問に答える企画で「メンタルが強そうなCocoちゃんですが、どんなときにメンタルが落ちますか?」といった投稿が寄せられた。

　この件について、話を振られたKoki,は「麻辣湯を頼んで、味付け玉子がなかったとき。本当に不機嫌になるの!なんか、イライラされる。あははは!」と笑いながらぶっちゃけ。

　この会話を聞いていた母で歌手・工藤静香は「ヤバいよ!」とツッコミを入れていた。",[],[]
江川卓氏が私見　ドジャース・大谷翔平のIL入りの原因と改善策「スイーパーを投げようとして…」（スポニチアネックス）,https://news.yahoo.co.jp/articles/f8437d45d116fd7673b4a62fc33cc06fcf75667d,https://newsatcl-pctr.c.yimg.jp/t/amd-img/20260915-00000391-spnannex-000-4-view.jpg?exp=10800,2026-09-15T21:41:47+09:00,2026-09-15T21:47:17+09:00,スポニチアネックス,spnannex,スポニチアネックス,616,"江川卓氏
元巨人エースの江川卓氏（71）が自身のYouTube「江川卓のたかされ」を更新。ドジャース・大谷翔平投手（32）が負傷者リスト（IL）入りすることになったと思われる要因を時系列で的確に解説し、改善策も提示した。
【写真あり】真美子さんも応援！「Ohtani」Tシャツ姿が話題
満身創痍（そうい）の状態でIL入りとなった大谷。6月に左膝の炎症、7月に右上腕部の違和感を訴え、夏場には首の不調も起こった。

　江川氏は「言葉は違うかもしれないですけど、普通の、というか、こうなればこうなるという流れだと思う」と指摘した。

　6月の段階で、江川氏は大谷の投球フォームの“ズレ”を指摘していた。

　「スイーパーを大きく曲げようとして右肘が下がっていた。大谷くんのフォームは横投げじゃない。上から投げるのが彼の軸のあり方。そこがズレてきた」と説明した。

　そのズレが踏み込む右脚の膝に負担となって違和感が出た。下半身で踏ん張れないと上半身で投げようとするので今度は右肘に痛みが出る。それが最後は首まで来た。

　江川氏は「彼がバッティングのときに痛みが出たと発言したので打撃が原因と思われているかもしれませんが、僕はピッチングフォームが原因だと思います」と私見を語った。

　そして、「今年はもう投げないということなので、来年になったら少しフォームを戻すことが一番の修正だと思ってます」と、投球時の肘の高さを戻すことを勧めた。",[],[]
楽天・辰己涼介が決勝13号ソロ　今季ワースト7連敗止め「やっぱりファンのみなさんに勝ちを届けたい」（スポニチアネックス）,https://news.yahoo.co.jp/articles/37ec3992bf6acc5b18ecc8d2dbafeb94e72ec181,https://newsatcl-pctr.c.yimg.jp/t/amd-img/20260915-00000390-spnannex-000-6-view.jpg?exp=10800,2026-09-15T21:40:07+09:00,2026-09-16T03:51:46+09:00,スポニチアネックス,spnannex,スポニチアネックス,433,"＜楽・西23＞ヒーローインタビューを終えてポーズを取る辰己（撮影・篠原岳夫）
◇パ・リーグ　楽天1―0西武（2026年9月15日　楽天モバイル　最強パーク）

　楽天が0―0の8回1死で辰己涼介外野手（29）が決勝の13号ソロを放ち、今季ワーストの連敗を7で止めた。

　お立ち台に上がった辰己は連敗中に行われたミーティングの一コマを回想。「“残りの試合、なんのためにやる？”という話になって“やっぱりファンのみなさんに勝ちを届けたい”と全員が言っていた。ベンチでも“ファンのみなさんのために勝とう”という声出しをみんなしていたし、きょうはホンマ勝てて良かった」と笑顔を見せた。

　西武は森脇が先発し、2回から平良がマウンドに上がった。この起用法に、辰己も「想定外ですね。ブルペンデーって聞いてたんで」と苦笑い。それでも「3打席とも同じピッチャー（平良）だったんで、良かったのか悪かったんか分からないですけど、何も考えずにいけるんで、僕の場合は良かった」と語った。",[],[]
【王座戦】伊藤匠王座　「逆転の宿」で名作のような27手詰　大逆転勝利で1勝1敗（スポニチアネックス）,https://news.yahoo.co.jp/articles/75db6a2d1f0da9daf3ddc8e4dde58bc0a2c37eb2,https://newsatcl-pctr.c.yimg.jp/t/amd-img/20260915-00000389-spnannex-000-5-view.jpg?exp=10800,2026-09-15T21:35:56+09:00,2026-09-15T21:38:19+09:00,スポニチアネックス,spnannex,スポニチアネックス,797,"王座戦第2局に臨む伊藤匠王座（日本将棋連盟提供）
伊藤匠王座（23）＝叡王との2冠＝に広瀬章人九段（39）が挑む第74期王座戦5番勝負第2局は15日、名古屋市の名古屋マリオットアソシアホテルで指され、午後8時半、先手・伊藤が115手で勝利した。対戦成績を1勝1敗のタイへ戻した。
【写真あり】外観も凄い！新将棋会館が堂々完成　千駄ケ谷駅から徒歩2分　対局室8→12　特別対局室も“拡大”
終盤の大逆転劇だった。広瀬が勝勢で進めた100手目、9筋に飛車を放って6筋の伊藤王へ王手をかけた。これに伊藤は駒台から角で合駒をする。続く102手目、広瀬は7筋へ銀を打って王手をかけるのが正着だったが歩で攻めた。広瀬王に逆に、27手詰の詰めろがかかった。

　もし102手目が銀での王手だったなら、手順に合駒に使った伊藤角を確保できたため、広瀬はその角を使った受けが利いて詰めろではなかった。午前9時の対局開始から11時間半後の奇跡。公式戦、しかもタイトル戦に出現した名作のような詰将棋を解けなかったとして、誰が非難されるべきだろうか。

　「耐える展開になった。少しずつ自信がなくなっていた。終盤も際どいが少し足りないと思っていた」

　伊藤は大逆転劇に似つかわしくない、控えめな言葉で名局を振り返った。第1局を落としたのに続き8、9日の第67期王位戦第6局では藤井聡太王位＝王将など6冠＝に敗れ、2勝4敗で敗退した。負ければ4連敗で早くもカド番の瀬戸際だった。

　同ホテルでは23年度王座戦第3局も指され、藤井が当時の永瀬拓矢王座に勝利して2勝1敗とした。「終盤は負けの形でした」。藤井が語ったように、AI評価値は10％対90％からの逆転劇。第4局での勝利、そして史上初の全8冠独占へつなげた「逆転の宿」だった。

　第3局は10月2日、札幌市出身の広瀬にとっての凱旋対局、北海道ニセコ町で指される。",[],[]
寺田心　高校卒業後の進路で真剣な悩み告白に元宇宙飛行士・野口聡一氏「マジレスしていいですか?」（スポニチアネックス）,https://news.yahoo.co.jp/articles/def5ba2b7d8dbc2bd7b6c06bc19f820224eb9e5a,https://newsatcl-pctr.c.yimg.jp/t/amd-img/20260915-00000388-spnannex-000-4-view.jpg?exp=10800,2026-09-15T21:35:43+09:00,2026-09-15T21:38:37+09:00,スポニチアネックス,spnannex,スポニチアネックス,704,"寺田心
俳優の寺田心（18）が15日放送の日本テレビ系「踊る！さんま御殿！！」（火曜後8・00）に出演。卒業後の進路に関する真剣な悩みを打ち明けた。
【写真あり】寺田心　人気タレントと「ドラマで会って以来」10年ぶりの再会
今回は「インテリ軍団VS受験生のパパママ　私の合格必勝法教えますSP」と題して放送。高校3年生で受験を控えている寺田は「進路についてのお話もありまして……」と切り出した。

　将来的に「犬と猫の保護施設を造りたくて」という夢を持つ寺田。その施設には病院を併設したいという考えもあり、「どんな医療事態が発生しても自分でできる。そこで僕が動物の医療関係のことをできる学部に行かなきゃいけないんじゃないかなと思ってた」と、獣医師免許の取得を視野に入れていることを明かした。

　しかし、保護施設を継続的に運営するためには「お金っていう問題が発生してくるじゃないですか。経営学知らなくて大丈夫かなってめちゃくちゃ思っちゃって…」と告白。高校卒業後、獣医学と経営学のどちらを優先して学ぶべきか揺れる心境を明かした。

　これに対し、元宇宙飛行士の野口聡一氏が「マジレスしていいですか?オンエアでカットしていいので」と挙手。「両方大事だと思う」としつつも「18歳でいったん文系に行ってしまうと、理系に戻るのむちゃくちゃ大変。僕は獣医を先に取った上で、経営学は結構大人になってから学べるっていうか、社会人になって経営学に戻って来る人もいるので。今、この18歳からの6年間でしょ。それはね、獣医取った方がいいと思う」と自身の考えを伝えた。寺田は真剣な表情で何度もうなずき、アドバイスをかみ締めていた。",[],[]
ロッテ・山口航輝が球団日本人では落合博満以来40年ぶり30号！　1試合2発で大台到達（スポニチアネックス）,https://news.yahoo.co.jp/articles/cb0cdf06f5cffa3e92101acf9d06cc04279fa826,https://newsatcl-pctr.c.yimg.jp/t/amd-img/20260915-00000387-spnannex-000-7-view.jpg?exp=10800,2026-09-15T21:32:45+09:00,2026-09-15T21:41:48+09:00,スポニチアネックス,spnannex,スポニチアネックス,252,"＜日・ロ22＞6回、2ランを放つ山口（撮影・高橋　茂夫）
◇パ・リーグ　ロッテ―日本ハム（2026年9月15日　エスコンＦ）

　ロッテの山口航輝外野手（26）が球団の日本人選手では86年落合博満以来、実に40年ぶりとなる30号を放った。
【写真】＜日・ロ22＞6回、2ランを放った山口を出迎える田中
6―6の9回先頭で価千金の勝ち越しソロを左中間に運んだ。

　6回には北山から左翼へ会心の29号2ラン。「真っすぐがいい投手だったので真っすぐに絞って、1球で仕留めることができてよかった」と振り返った。",[],[]
楽天・伊藤樹はプロ初勝利から3連勝ならずも本拠地初先発で6回無失点の好投（スポニチアネックス）,https://news.yahoo.co.jp/articles/b241d2264263d70c02fe0873542c7c100fd72178,https://newsatcl-pctr.c.yimg.jp/t/amd-img/20260915-00000386-spnannex-000-8-view.jpg?exp=10800,2026-09-15T21:28:46+09:00,2026-09-16T03:51:43+09:00,スポニチアネックス,spnannex,スポニチアネックス,396,"＜楽・西23＞楽天先発の伊藤樹（撮影・篠原岳夫）
◇パ・リーグ　楽天1―0西武（2026年9月15日　楽天モバイル　最強パーク）

　楽天の伊藤樹投手（23）が6回6安打無失点。プロ初勝利から2連勝中だったドラフト2位右腕は、本拠地初先発で3連勝を逃したが、「今年の僕の中での念願というか、ホームでしっかりと1軍で投げる姿を見せられたのは良かったなと思います」とうなずいた。

　スタンドで仙台育英の後輩たちが見守る中、2回から登板した平良と白熱の投手戦を展開。6安打を浴びながらも得点は許さず、「ランナーを出しながらなんとか粘るのがスタイルだと思っている。結果的にゼロであれば良いかな」と振り返った。

　吉井監督も「1軍で（先発の）3試合、本当に安定したピッチングをしてくれている。細かいことをいえば、やってほしいこともいっぱいあるんですけど、結果から見れば最高のできでした」と称賛した。",[],[]
DeNA　巨人を4発粉砕で今季初7連勝！　4カ月ぶりの貯金1　2位の巨人には5ゲーム差に接近（スポニチアネックス）,https://news.yahoo.co.jp/articles/47a3579a97ac7d57225494e1cc536a4cf8e2f232,https://newsatcl-pctr.c.yimg.jp/t/amd-img/20260915-00000385-spnannex-000-3-view.jpg?exp=10800,2026-09-15T21:25:43+09:00,2026-09-15T21:29:41+09:00,スポニチアネックス,spnannex,スポニチアネックス,535,"＜D・巨24＞2回、ナインに迎えられる筒香（撮影・島崎忠彦）
◇セ・リーグ　DeNA13―2巨人（2026年9月15日　横浜）

　DeNAが本拠地で巨人を投打で圧倒し、同一カード3連勝を飾った。今季初の7連勝で、5月15日以来の貯金1とした。
【写真あり】DeNA人気選手　元アイドルの交際相手と2ショット
初回から打線が爆発した。牧が2戦連発となる26号ソロを放って反撃ののろしを上げると、この回一挙4得点。2回には佐野の3ランや筒香の通算250号となるソロ、さらにプロ野球「令和1万号」となる蝦名の5号ソロも飛び出して5点を追加した。最後まで攻撃の手を緩めず、17安打で13点を奪った。

　投げては先発のエース・東が6回8安打2失点の力投で試合をつくった。初回の先頭・平山に先制ソロを浴びたが、大崩れすることなく「ランナーを出しても粘りの投球で最少失点に終えたことは良かったところ」と振り返った。7回以降はブルペン陣が無失点リレーでつなぎ、危なげない試合運びで快勝。東はリーグ2位となる11勝目を手にした。

　チームは直近6カードで13勝2敗と快進撃が止まらない。この日も勢いを示すような勝ちっぷりで、CS進出にまた一歩前進し、2位巨人にも5ゲーム差に迫った。",[],[]
広島　打線つながり9得点で2連勝！中村奨成が1号2ラン含む2安打3打点の活躍で打線けん引（スポニチアネックス）,https://news.yahoo.co.jp/articles/9e563d46791c84d3f790c14ac341974a12ffb55f,https://newsatcl-pctr.c.yimg.jp/t/amd-img/20260915-00000384-spnannex-000-7-view.jpg?exp=10800,2026-09-15T21:23:42+09:00,2026-09-15T21:27:22+09:00,スポニチアネックス,spnannex,スポニチアネックス,251,"＜ヤ・広24＞9回、適時二塁打を放つ中村奨（撮影・尾崎　有希）
◇セ・リーグ　広島9─4ヤクルト（2026年9月15日　神宮）

　広島がヤクルトに快勝し、2連勝とした。
【写真あり】超人気タレントがカープ入団会見？
初回に坂倉の適時打などで3点を先制すると、2回にも中村奨の1号2ランなどで3点を奪い、リードを広げた。

　2点リードの9回には中村奨の適時二塁打などで3点を追加して突き放した。

　投げては先発の鈴木が大量援護に守られ5回4失点。その後は小刻みな継投でヤクルトに反撃を許さなかった。",[],[]
朝倉未来、BD出場者の驚きのスポンサー収入明かす「全然勝ってないけど超有名な子たちは…」（スポニチアネックス）,https://news.yahoo.co.jp/articles/df2a49cc3dcf392c97e15bf40b980facbcda1b5c,https://newsatcl-pctr.c.yimg.jp/t/amd-img/20260915-00000383-spnannex-000-6-view.jpg?exp=10800,2026-09-15T21:21:30+09:00,2026-09-15T21:43:16+09:00,スポニチアネックス,spnannex,スポニチアネックス,437,"朝倉未来
ユーチューバー・ヒカル（35）が15日までに公式YouTubeチャンネルを更新。
【写真あり】朝倉未来　人気歌手＆女優と異色3ショット！
格闘家・朝倉未来がゲスト出演し、自身がCEOを務める格闘技大会「BreakingDown（ブレイキングダウン）」出場者の驚きのスポンサー収入を明かす場面があった。

　「メンバーの収入は?」という話題になると、朝倉は「せいやはたまに俳優とかやったり『BreakingDown』にも出てるんで。ほぼ全試合参戦してて、スポンサーとかも1試合100万円とかで」とまさかの告白。

　また「『BreakingDown』やばいっすよ。『RIZIN』のタイトルマッチとかやってる人でもファイトマネーが300万、400万の人っているんですよ。名前が売れてない選手だと。でも『BreakingDown』で全然勝ってないけど超有名な子たちとかは、スポンサー1試合で1500万円とかいくらしいですよ」と言うと、ヒカルも「すげぇな!」と驚いていた。",[],[]
西武・林安可が右膝に自打球で負傷交代　西口監督は心配「状態次第でどうなるか」（スポニチアネックス）,https://news.yahoo.co.jp/articles/fa9351e7a93003b9f2806cb149cd4c9da2955bc4,https://newsatcl-pctr.c.yimg.jp/t/amd-img/20260915-00000382-spnannex-000-4-view.jpg?exp=10800,2026-09-15T21:21:23+09:00,2026-09-15T21:24:23+09:00,スポニチアネックス,spnannex,スポニチアネックス,329,"＜楽・西23＞9回、林安可が自打球を足に当てて退場（撮影・篠原岳夫）
◇パ・リーグ　西武0―1楽天（2026年9月15日　楽天モバイル　最強パーク宮城）
【写真あり】森香澄“あざと可愛い”始球式　ポニテ＆ミニスカでノーバン惜しい！
西武の林安可（リン・アンコー）外野手（29）が9回に自打球を右膝に当てて負傷交代した。

　「6番・DH」で先発し0―1の9回1死二塁と一打同点のチャンスに打席に立った。藤平の152キロ直球をスイングしたが、右膝付近に打球が直撃。もん絶して打席に崩れ落ちると、通訳やコーチに抱えられながら負傷交代。病院に直行した。

　試合後に取材に応じた西口監督は「膝の上に当たったみたい。状態次第でどうなるか」と心配そうな表情を浮かべた。",[],[]
巨人　今季ワースト13失点で阪神以外には初の同一カード3連敗　戸郷が大炎上で逆転Vへ痛恨足踏み（スポニチアネックス）,https://news.yahoo.co.jp/articles/3d6a9149de3f31e1829d5a8f6fc964f0aa33441e,https://newsatcl-pctr.c.yimg.jp/t/amd-img/20260915-00000381-spnannex-000-4-view.jpg?exp=10800,2026-09-15T21:21:16+09:00,2026-09-15T21:24:05+09:00,スポニチアネックス,spnannex,スポニチアネックス,303,"＜D・巨24＞初回、4失点を喫した戸郷（撮影・光山　貴大）
◇セ・リーグ　巨人2―13DeNA（2026年9月15日　横浜）

　巨人は今季6度目の2桁失点、ワースト13失点を喫して大敗。今季4度目の同一カード3連敗を喫した。阪神以外に同一カード3連敗するのは今季初めてだった。
【写真あり】WBCで来日した“奇跡の美少女”　渋谷でのプラベショット
1番で起用された平山が今季2本目の先頭打者弾で先制も、先発の戸郷が大誤算だった。初回に牧に同点ソロを浴び、味方の失策も絡んで4失点。2回にも佐野、筒香、蝦名に本塁打を許した。自己ワースト4被弾で9失点（自責点5）し、2回で降板した。序盤で勝負を決められた。",[],[]
山本美憂のボクシング初勝利にWBCライトフライ級王者・岩田翔吉も大興奮「いいもの見せてもらいました」（スポニチアネックス）,https://news.yahoo.co.jp/articles/3101dad4a187762e8a8afcba865eaf99913eb808,https://newsatcl-pctr.c.yimg.jp/t/amd-img/20260915-00000380-spnannex-000-4-view.jpg?exp=10800,2026-09-15T21:19:35+09:00,2026-09-15T21:21:42+09:00,スポニチアネックス,spnannex,スポニチアネックス,599,"＜女子ボクシングフライ級4回戦　田口智香・山本美憂＞勝利を喜ぶ山本陣営（撮影・会津　智海）
◇プロボクシング女子フライ級4回戦　山本美憂（日本/カナダ）《TKO3回1分51秒》田口智香（花形）（2026年9月15日　東京・後楽園ホール）
【写真】TKO勝ちし涙する山本美憂
元レスリング世界女王で総合格闘家の山本美憂（52＝日本/カナダ）がプロボクシングの国内デビュー戦で田口智香（33＝花形）を3回TKOで下し、プロボクシング初勝利を挙げた。

　大歓声を浴びてリングに立った山本は初回からエンジン全開。いきなり左フック、左オーバーハンドを強振。3回には左カウンターでダウンを奪うと、再開後もパンチをまとめて二度目のダウンをたところで、相手陣営がタオルを投入し、棄権を申し出た。

　親交のある、WBC世界ライトフライ級王者・岩田翔吉（30＝帝拳）も会場に駆けつけた。岩田はボクシングに打ち込む前の小4時、山本“KID”徳郁さんの「KILLER　BEE」に入門。総合格闘技の指導を受けていた縁から、KIDさんの姉・山本美憂は今でも岩田の世界戦に訪れるなど親交が深い。

　この日、ダウンシーンでは立ち上がって声援を送った岩田は控室で「美憂ちゃんおめでとう」と祝福。抱擁を交わすと「マジで最高だった。感動した。やっぱりフック系のパンチは強い。いいもの見せてもらいました」と興奮気味に振り返っていた。",[],[]
ヤクルトは先発・吉村が2回6失点で12敗目　チームは71敗目で4年連続のシーズン負け越しが決定（スポニチアネックス）,https://news.yahoo.co.jp/articles/8740db996378c4a31a11678ec1a37d94f4d766c9,https://newsatcl-pctr.c.yimg.jp/t/amd-img/20260915-00000379-spnannex-000-4-view.jpg?exp=10800,2026-09-15T21:18:49+09:00,2026-09-15T21:23:34+09:00,スポニチアネックス,spnannex,スポニチアネックス,283,"＜ヤ・広24＞2回までに6失点した吉村（中央）（撮影・尾崎　有希）
◇セ・リーグ　ヤクルト4―9広島（2026年9月15日　神宮）

　ヤクルトはプロ初の中4日で先発した吉村が2回6安打6失点でKO。リーグワーストで、球団では19年の小川以来となる12敗目を喫した。
【写真あり】WBCで来日した“奇跡の美少女”　渋谷でのプラベショット
打線は3回に高卒2年目の田中が左翼へプロ初アーチとなる1号ソロを放つなど追い上げたが、広島の継投にかわされた。

　チームは連敗で今季71敗目。残り14試合に全勝しても70敗止まりのため、4年連続でのシーズン負け越しが決定した。",[],[]
山本美憂　涙のボクシング初勝利　2度ダウン奪い3回TKO　長谷川穂積会長は「何かしらのタイトルに…」（スポニチアネックス）,https://news.yahoo.co.jp/articles/4f4a128d5584f9ce045af75e0ffb3c7cb6da328b,https://newsatcl-pctr.c.yimg.jp/t/amd-img/20260915-00000378-spnannex-000-9-view.jpg?exp=10800,2026-09-15T21:10:37+09:00,2026-09-15T21:21:20+09:00,スポニチアネックス,spnannex,スポニチアネックス,1097,"＜女子ボクシングフライ級4回戦　田口智香・山本美憂＞TKO勝ちし涙する山本美憂（撮影・会津　智海）
◇プロボクシング女子フライ級4回戦　山本美憂（日本/カナダ）《TKO3回1分51秒》田口智香（花形）（2026年9月15日　東京・後楽園ホール）
【写真】3回、田口からダウンを奪う山本
元レスリング世界女王で総合格闘家の山本美憂（52＝日本/カナダ）がプロボクシングの国内デビュー戦で田口智香（33＝花形）を3回TKOで下し、プロボクシング初勝利。52歳27日で国内公式戦出場を果たした元WBO女子アトム級王者・池山直の記録を抜く、52歳42日で日本人最年長記録更新となった。

　大歓声を浴びてリングに立った山本は初回からエンジン全開。いきなり左フック、左オーバーハンドを強振。3回には左カウンターでダウンを奪うと、再開後もパンチをまとめて二度目のダウンをたところで、相手陣営がタオルを投入し、棄権を申し出た。

　「やっているときは死に物狂い。楽しくなかった」と振り返りながら「自分がリングに立てて幸せ。夢のようです。たくさんの人が動いてくれてリングに立つことができた。感謝しています。長谷川さんやチームのみんなが支えてくれたので、チームのために勝ちたかった」とリング上では涙を浮かべた。18日は弟・山本“KID”徳郁さんの命日ということもあり「KIDができなかったことができた。自慢したい」と天を見上げ、ボクシング初勝利の余韻に浸っていた。

　3月のオーストラリアでのデビュー戦は試合3カ月前に左腕を骨折、手術した影響で1―2で判定負け。不完全燃焼に終わったが、今回は元世界3階級制覇王者・長谷川穂積氏のもとで、スパーリングを重ねるなど、万全の対策を重ねてきた。3回にダウンを奪ったパンチはスパーでも相手を倒していたいう。「自分では分からなかったが、2回終了後に（長谷川）会長から“タイミングあっている”と言われて」。練習通りの必殺パンチで格闘技初のKO勝利を呼び込んだ。

　それでも「スローモーションのような試合をしてしまったので全部で成長したい」と苦笑い。ただ長谷川会長は「ボクシングの素質はめちゃくちゃある」と大絶賛。3戦目の予定は未定であることを強調した上で「記念でやるのはボクシングに失礼。やるからには何かしらのタイトルに挑戦させたい」と今後のプランを明かした。

　国内では年齢制限でライセンスが取れないため、カナダでライセンスを取得。初めて聖地・後楽園ホールのリングに立った52歳は「（これからも）ずっとボクシング。次の試合も楽しみにしていてください」と呼び掛けていた。",[],[]
マレーシア移住の菊地亜美　現地の教育事情明かす　次女がプリスクール入園「凄く細かい」（スポニチアネックス）,https://news.yahoo.co.jp/articles/65edf1b147e0c1657a7bf709694e6d3873d8ed29,https://newsatcl-pctr.c.yimg.jp/t/amd-img/20260915-00000377-spnannex-000-4-view.jpg?exp=10800,2026-09-15T21:08:12+09:00,2026-09-15T21:17:41+09:00,スポニチアネックス,spnannex,スポニチアネックス,353,"菊地亜美
タレント・菊地亜美（36）が15日、自身のYouTubeチャンネルを更新し、移住先のマレーシアの教育事情について語る場面があった。
【写真あり】マレーシアでポーズを決める菊地亜美
菊地は8月にマレーシア移住を公表。動画では現地に到着後1週間が経過した際の様子を紹介した。

　その中で次女のスクールが決定したことを明かし、「最初に見学に行った園が凄くよかったんですね。例えば0歳児と1歳児はどうやって分かれてますかとか、スペースをちゃんと見せてほしいですとかご飯の種類だったりとか、お昼寝タイムのことだったりとか」と気に入り、即決したという。

　さらに、手厚いサポート体制にも触れ、「毎日、写真もたくさん送られてくるし、“何時に寝た”とかも凄く細かく書いてくれるから安心できるなって」と語った。",[],[]
山崎怜奈　両親から「勉強の大切さ」教わった　「勉強しろ」とセットで伝えられた「理由」とは（スポニチアネックス）,https://news.yahoo.co.jp/articles/9f3d3dd05b5b55026cffdb18fc0329a22bac2d2b,https://newsatcl-pctr.c.yimg.jp/t/amd-img/20260915-00000376-spnannex-000-3-view.jpg?exp=10800,2026-09-15T21:03:29+09:00,2026-09-15T21:05:33+09:00,スポニチアネックス,spnannex,スポニチアネックス,624,"山崎怜奈
元乃木坂46でタレントの山崎怜奈（29）が15日放送の日本テレビ系「踊る！さんま御殿！！」（火曜後8・00）に出演。両親から教わった「勉強の大切さ」について振り返った。
【写真あり】山崎怜奈　2歳当時の父娘ショット公開
今回は「インテリ軍団VS受験生のパパママ　私の合格必勝法教えますSP」と題して放送。俳優の金子貴俊が高校3年生の息子に対して「受験のアドバイスができない」と悩みを打ち明けた。

　これに対し、東大卒のタレントでユーチューバー・河野玄斗は、親が受験生の子供に対して「受験の専門家ぶるアドバイスをすること」の弊害を指摘。河野の助言に、金子は安心した様子で胸をなで下ろした。

　そんな中、慶應義塾大学卒業の経歴を持つ山崎は「私、親に“勉強しろ”って大学受かるまで言われてきた」と両親に口酸っぱく言われてきたと回想。ただ「それが“勉強しろ”って言うだけじゃなくて、何で“勉強しろ”っていうのかっていう理由までセットで言われてて」と、両親の明確な意図も教えられた。

　両親からは「やりたい仕事とかが見つかるのが遅かった。ってことは、やりたいことが見つかった時に、いろんな選択肢を選べた方がいいんだから。だったら、勉強して損はないよって言われて。見つかるまではとりあえず勉強だけためときなさいって言われました」と説明されたという。将来の可能性を広げるための準備として勉強を捉える考え方に、スタジオからは感心の声が上がっていた。",[],[]
【柔道】柔道界のアイドル「こったん」こと藤城心　アジア大会へ「実力もあるとアピールしたい」（スポニチアネックス）,https://news.yahoo.co.jp/articles/378493b6906c426480437c240f1b03f91695be25,https://newsatcl-pctr.c.yimg.jp/t/amd-img/20260915-00000375-spnannex-000-5-view.jpg?exp=10800,2026-09-15T21:02:00+09:00,2026-09-15T21:04:29+09:00,スポニチアネックス,spnannex,スポニチアネックス,804,"＜柔道女子日本代表練習公開＞鋭い眼差しで練習に臨む藤城（撮影・五島　佑一郎）
柔道女子日本代表は15日、東京都北区の味の素ナショナルトレーニングセンターで強化合宿を報道陣に公開。19日に開幕する愛知・名古屋アジア大会代表の藤城心（25＝三井住友海上）は、「4年に一度しかないし、日本開催は32年ぶり。注目度の高い大会だと思うので、しっかり圧倒的な実力で優勝して、自分もいるんだっていうことをアピールできたらと思う」と話した。
【写真】囲み取材で笑顔を見せる藤城
昨年のグランドスラム・ウランバートル大会でシニアの国際大会初優勝を果たし、28年ロサンゼルス五輪代表戦線に本格的に名乗りを上げた藤城は、今年に入っても国際大会で2連勝中。だが同級には21年東京五輪王者の阿部詩が君臨しており、序列を覆すのは容易ではない。それだけに優勝はもちろん、内容面でも実力を証明することが求められており、「いろんな場面を想定して練習している」と話した。

　ひとたび畳を離れれば、アイドルに憧れる柔道家「こったん」としてその名を知られる。小学生の頃にAKB48に憧れ、アイドルになることを志望。オーディションを受けることも本格的に考えたというが、柔道で頭角を現し多忙となったため、泣く泣く応募を断念した経緯がある。社会人になってからは時間的にも金銭的にも余裕ができ、今はロリータファッション姿で写真館で撮影し、自身のSNSに投稿することが趣味。「どっちも自分の素です」と柔道家とアイドルの二刀流を目指している。

　アジア大会代表に決定後はさまざまな取材も受けており、アイドル活動も相まってプチバズり中。それだけに「今はどうしてもキャラクターで注目してもらってる気がするんですけど、ちゃんと実力もあるんだということをアピールしたい」と宣言。まずはアジアを制し、ロス五輪代表争いに向けて、阿部詩に挑戦状を叩き付ける覚悟を示した。",[],[]
【蒲郡ボート　ルーキーシリーズ第17戦】上野俊樹「足をつけたい」（スポニチアネックス）,https://news.yahoo.co.jp/articles/1288f2691b86b301d237a9006b37a13f06bb6330,https://newsatcl-pctr.c.yimg.jp/t/amd-img/default.jpg?exp=10800,2026-09-15T20:58:02+09:00,2026-09-15T20:58:22+09:00,スポニチアネックス,spnannex,スポニチアネックス,244,"ボートレース蒲郡の「ルーキーシリーズ第17戦スカパー！・JLC杯」が3日目を終えた。

　上野俊樹が2、2、3、2着と粘り強い走りを見せる。実は蒲郡では昨年6月戦の最終日2走、4月戦の3走（途中帰郷）、今節の4走と9走連続で3連対。6コースからも2回の3連対がある。「3日目4Rのメンバーの中では足はいい方だった。でも、上はいますね。4日目はダッシュ枠なので足をつけたい。本体を割ってみたい」と出番の終了後は整備室で汗を流した。出番は4、8R。準優の内枠、あわよくば1枠を狙って集中する。",[],[]
【ACLE】G大阪は4発快勝！FW宇佐美貴史2発！！FW土信田悠生とMF角昂志郎は移籍後初得点！！！（スポニチアネックス）,https://news.yahoo.co.jp/articles/186d96a93aa49db0ab34f5ed8ed6689fb49ec960,https://newsatcl-pctr.c.yimg.jp/t/amd-img/20260915-00000373-spnannex-000-8-view.jpg?exp=10800,2026-09-15T20:56:52+09:00,2026-09-15T21:27:54+09:00,スポニチアネックス,spnannex,スポニチアネックス,653,"G大阪・宇佐美貴史
◇アジア・チャンピオンズリーグエリート第1節　G大阪4―1コンアンハノイ（2026年9月15日　パナスタ）
【写真】中川安奈アナ“サッカーW杯仕様”のブラトップ、ユニ姿公開に「カッコいい」「ステキ」
G大阪が開幕白星を手にした。勝ち点3の口火を切ったのがFW宇佐美貴史の一撃だ。

　前半29分だった。コンアン・ハノイ陣内で素速い守備への切り替えを敢行。MF安部柊斗やDF岸本武流がボールホルダーへ厳しくチェックして相手ビルドアップを封じると、MF美藤倫がボールを引っかけて、そのこぼれ球をMF山下諒也が宇佐美へつないだ。そして宇佐美が強烈な左ミドルを叩き込んだ。リーグ戦は6試合勝ち星なく2連敗中。苦しい時を過ごすが、前日14日に安部が「基本に立ち返る。もう一度徹底した姿を見せたい」と口にしていたように“切り替え”や“球際の戦い”“走る”などベースの部分で強さを発揮した。

　後半13分には安部がこぼれ球を拾って岸本→山下とつなぎ、最後は今夏新加入のFW土信田悠生が移籍後初得点となるヘディング弾。厚みのある攻撃を見せると、さらに同22分にも山下が高い位置でボールを奪い、宇佐美のこの日2点目をお膳立てした。そして試合終了間際に同じく今夏加入のMF角昂志郎が移籍後初得点で突き放した。

　1失点はもったいないが、4得点中3得点が高い位置でのボール奪回から生まれるなど手応えを感じる内容。次戦は好調・神戸との一戦が待ち受ける。この公式戦5試合ぶりの勝利を、リーグ戦にもつなげたい。",[],[]
鹿島　豪王者に7得点でACLE大勝スタート　FWチャヴリッチが前半だけでハットトリック達成（スポニチアネックス）,https://news.yahoo.co.jp/articles/70b5666fa351cd8576733800d75bc521429d6547,https://newsatcl-pctr.c.yimg.jp/t/amd-img/20260915-00000372-spnannex-000-3-view.jpg?exp=10800,2026-09-15T20:56:39+09:00,2026-09-15T21:05:53+09:00,スポニチアネックス,spnannex,スポニチアネックス,576,"＜鹿島・ニューカッスル＞後半、ゴールを決め喜ぶ鹿島・田川（中）（撮影・西海健太郎）
◇アジア・チャンピオンズリーグ・エリート（ACLE）1次リーグ第1節　鹿島7―1ニューカッスル（2026年9月15日　カシマサッカースタジアム）
【写真あり】「中継に映り込んだ美女は誰？」韓国メディアも大注目した日本代表の美人妻
鹿島はホームでニューカッスル（オーストラリア）との初戦に臨み、7―1と大勝して白星発進した。

　先発したFWチャヴリッチが前半だけでハットトリックの大暴れ。11分、右足でミドルシュートを沈めて先制点を挙げると、5分後にはMF松村優太のパスで最終ラインの背後に抜け出し、鮮やかなループシュートを流し込んだ。オウンゴールとFW徳田誉の今季公式戦1号で4―0とした42分には、ゴール左から右足でGKの逆を突いてゴールネットを揺らした。

　後半は徳田がこの日2点目を決め、途中出場のFW田川亨介にも今季初ゴールが生まれた。終盤に1点を返されたが、リーグ3連敗中の鬱憤（うっぷん）を晴らすゴールラッシュで昨季のオーストラリア王者を圧倒した。

　鹿島がアジアの戦いに臨むのは19年以来。現行の大会方式では初出場となる。東西16チームに分かれる1次リーグはホームとアウェーで4試合ずつ計8チームと対戦。東西の上位8チームが決勝トーナメントに進む。",[],[]
広島・辰見鴻之介がプロ野球新記録　代走でシーズン最多26個目の盗塁成功（スポニチアネックス）,https://news.yahoo.co.jp/articles/77ea228c6c1f166e9d765b84b1a81a63fe7e99e2,https://newsatcl-pctr.c.yimg.jp/t/amd-img/20260915-00000371-spnannex-000-12-view.jpg?exp=10800,2026-09-15T20:54:27+09:00,2026-09-15T21:09:48+09:00,スポニチアネックス,spnannex,スポニチアネックス,594,"＜ヤ・広24＞9回、シーズン代走盗塁数の日本記録を達成した辰見（撮影・尾崎　有希）
◇セ・リーグ　広島─ヤクルト（2026年9月15日　神宮）

　広島・辰見鴻之介内野手（25）が15日に神宮球場で行われたヤクルト戦で代走でのシーズン新記録となる26個目の盗塁をマークした。
【写真】鮮やかなヘッドスライディングでプロ野球新記録を樹立した辰見
9回に先頭で四球を選んだ佐藤啓の代走で出場し、1死から中村奨の初球に今季27個目、代走では26個目となる二盗を決めた。

　辰見は3日の中日戦で7回に代走で二盗を決め、藤瀬史朗（近鉄）が1979年に樹立した代走でのシーズン最多盗塁記録25に並んだ。3日はリプレー検証でアウト判定が覆っての成功。9月5日の巨人戦以来の出場となったこの日は、鮮やかなスタートからのヘッドスライディングで決めた。赤松コーチが認める「絶対的なスピード」を武器にどこまで記録を伸ばすか注目だ。

　◇辰見　鴻之介（たつみ・こうのすけ）2000年（平12）11月24日生まれ、福岡県出身の25歳。香住丘では甲子園出場なし。西南学院大を経て22年育成ドラフト1位で楽天入り。23年7月に支配下選手へ昇格。24年オフに育成契約となり25年7月に再び支配下登録。25年はイースタン・リーグ最多31盗塁。25年オフの現役ドラフトで広島移籍。1メートル76、67キロ。右投げ右打ち。",[],[]
ソフトバンクが今季最長タイ7連勝でついに「M3」　柳田が豪快3ラン　17日にも3連覇（スポニチアネックス）,https://news.yahoo.co.jp/articles/d2a937657fe3b14ada8175cbb2b5975bf8dc48cd,https://newsatcl-pctr.c.yimg.jp/t/amd-img/20260915-00000370-spnannex-000-4-view.jpg?exp=10800,2026-09-15T20:50:02+09:00,2026-09-15T21:03:46+09:00,スポニチアネックス,spnannex,スポニチアネックス,311,"＜オ・ソ21＞　5回、3点本塁打を放った柳田（左）を迎える小久保監督　（撮影・平嶋　理子）
◇パ・リーグ　ソフトバンク5―3オリックス（2026年9月15日　京セラD）

　ソフトバンクが今季最長タイとなる7連勝を飾り、優勝マジックを3とした。
【写真あり】小久保監督長女は長身美女！今季初観戦で「優勝の瞬間も胴上げも」
3回に柳町の左翼線への適時二塁打で先制。1―0の4回に柳田がジェリーの低めのスライダーを捉え右翼席に運ぶ。「少しバットの先でしたがいいスイングができました」。豪快な17号3ランでリードを広げた。

　先発・モイネロは4回までをパーフェクトに抑える。6回を投げて3安打2失点（自責1）で5勝目を挙げた。",[],[]
オリックス　3カ月ぶり3連勝ならず…10試合勝ちなしのジェリーが10敗目「大事な場面で…」（スポニチアネックス）,https://news.yahoo.co.jp/articles/649ee7baf1a378989ff5d007de75180fc6180ae8,https://newsatcl-pctr.c.yimg.jp/t/amd-img/20260915-00000369-spnannex-000-4-view.jpg?exp=10800,2026-09-15T20:49:23+09:00,2026-09-15T21:04:01+09:00,スポニチアネックス,spnannex,スポニチアネックス,287,"＜オ・ソ21＞マウンドで先発のジェリーをねぎらうオリックス・岸田監督（中央）（撮影・長谷川　柚香）
◇パ・リーグ　オリックス3─5ソフトバンク（2026年9月15日　京セラドーム）
【写真あり】人気投手の女優妹、美人母顔出し！
オリックスが敗れ、6月9～12日の4連勝以来となる3連勝を逃した。

　先発のジェリーが5回1/3を7安打5失点で10敗目（3勝）。10試合勝ちなしとなった身長2メートル13右腕は「大事な場面でしっかり投げきれなかったことが悔しい」と肩を落とした。

　打線もモイネロを前に4回まで完全投球を許し、太田の9号ソロなどで3点を返すのがやっとだった。",[],[]
朝倉未来、自身の運転手の月給をぶっちゃけ！　太っ腹な金額にヒカルも思わず「凄いな」（スポニチアネックス）,https://news.yahoo.co.jp/articles/1fed6a369619d9aae5d8cd85a6a71ddc2c707c70,https://newsatcl-pctr.c.yimg.jp/t/amd-img/20260915-00000368-spnannex-000-5-view.jpg?exp=10800,2026-09-15T20:45:06+09:00,2026-09-15T22:28:36+09:00,スポニチアネックス,spnannex,スポニチアネックス,456,"朝倉未来
ユーチューバー・ヒカル（35）が15日までに自身の公式YouTubeチャンネルを更新。格闘家・朝倉未来（33）がゲスト出演し、運転手の月給をぶっちゃける場面があった。
【写真あり】朝倉未来　人気歌手＆女優と異色3ショット！
「仕事量に応じてメンバー全員の給料を見直すことにしました」というタイトルでアップされた動画。そこで経営者友達でもある朝倉に意見を求めることとなったが、「運転手の給料は?」という話題になると、朝倉は「毎月80万円ぐらいです」と回答。

　ヒカルが「凄いな!初期からもう80万?」と驚くと、朝倉は「初期からです。大体早く帰らせますけどね、飲むときとかは帰らせるし」と返した。

　ヒカルが「未来くんは一人で行動しているイメージがあるけどな」と言うと、朝倉は「運転手はずっといますね。もう5年ぐらいの付き合いで。最初インスタで募集して、タクシー運転手をずっとやってる人で。お酒飲まなくて、家族がいる人で選びましたね。いろんな有名人が乗るので、口が堅い人がいいかなって」と説明していた。",[],[]
こたけ正義感　司法試験の時に両親の接し方が「一番助かった」ワケ　「それが一番うれしかった」（スポニチアネックス）,https://news.yahoo.co.jp/articles/3d9ae22884035fe2a6fc9f40703bc15bbaa7969b,https://newsatcl-pctr.c.yimg.jp/t/amd-img/20260915-00000367-spnannex-000-4-view.jpg?exp=10800,2026-09-15T20:36:56+09:00,2026-09-15T20:39:22+09:00,スポニチアネックス,spnannex,スポニチアネックス,651,"こたけ正義感
弁護士資格を持つお笑いタレント・こたけ正義感（40）が15日放送の日本テレビ系「踊る！さんま御殿！！」（火曜後8・00）に出演。自身が司法試験を受験した際、家族の接し方に救われた経験を振り返った。
【写真あり】弁護士芸人・こたけ正義感、妻のスゴすぎるキャリア明かす
今回は「インテリ軍団VS受験生のパパママ　私の合格必勝法教えますSP」と題して放送。お笑いタレントの青木さやかが、高校2年生の娘の学力とやる気のないことが心配だと悩みを打ち明けた。

　これに対して、3人の子供を育てた元宇宙飛行士の野口聡一氏は「親が影響できるって中学校ぐらいまでだと思う。高校生、大学になる時って、結局本人がやる気になるとか、これをやりたいから自分は頑張ろうっていうのがないと、親が言っても変わらない」と持論を述べた。

　すると、こたけは「僕、司法試験の時は、むしろ親は“勉強しろ”とも言わなかったし、試験どうだったかも聞かなかった。当たり前に生活して、何も言わないでくれたことが一番助かった。それが一番うれしかった」と、両親からのプレッシャーを感じることなく受験できたことを振り返った。

　続けて「試験の結果がどうなろうと、別にここで受け入れてくれる居場所があるってだけでうれしい。子供として安心する」と受験生側の心境を代弁した。青木が「でも、何も言わないと本当に何もやらない人っているから」と不安を口にすると、こたけは「それでも、別に子供が幸せになる可能性は十分あるじゃないですか」と語りかけた。",[],[]
広島　遠藤淳志がけん制球でありえないミス　一塁走者はリードせず一塁手も見ていない時に投げ…（スポニチアネックス）,https://news.yahoo.co.jp/articles/b0f0ab44a879d399f7a3dbcc19d633f1d5579faf,https://newsatcl-pctr.c.yimg.jp/t/amd-img/20260915-00000366-spnannex-000-4-view.jpg?exp=10800,2026-09-15T20:31:54+09:00,2026-09-15T20:34:50+09:00,スポニチアネックス,spnannex,スポニチアネックス,318,"＜ヤ・広24＞6回から登板する遠藤（撮影・尾崎　有希）
◇セ・リーグ　広島―ヤクルト（2026年9月15日　神宮）

　広島の珍しいミスに神宮球場のスタンドが思わずどよめいた。
【写真あり】超人気タレントがカープ入団会見？
4―6の6回、2番手・遠藤は先頭の増田に中前打を許した。

　この無死一塁の場面で一塁にけん制球。しかし投げた時点で走者の増田はリードをしておらず、一塁手のモンテロも投手の方を向いていなかった。

　突然投げられたボールにモンテロは慌てて頭を下げ、増田も思わず避けたほど。そのボールが一塁ファウルゾーンを転々とする間に、増田は三塁に進んだ。

　遠藤はその後2死満塁としたが、長岡を左飛に抑えて無失点でしのいだ。",[],[]
榊原郁恵がGREEN×EXPOの魅力をPR　「実りの一日体験して」　囲碁将棋らも出席（スポニチアネックス）,https://news.yahoo.co.jp/articles/4c984e3f610408303d7118055ee6567e63f4740b,https://newsatcl-pctr.c.yimg.jp/t/amd-img/20260915-00000365-spnannex-000-5-view.jpg?exp=10800,2026-09-15T20:30:30+09:00,2026-09-15T20:33:30+09:00,スポニチアネックス,spnannex,スポニチアネックス,527,"＜「GREEN　EXPO　2027」開催半年前記者発表会＞プレゼンテーションを行う榊原郁恵
タレントの榊原郁恵（67）が15日、都内で来年3月19日に横浜市で開幕する国際園芸博覧会「GREEN×EXPO　2027」（9月26日まで）の開催半年前記者発表会に出席した。

　鈴木憲和農水相らも出席。日本で行われた歴代万博のマスコットキャラクターもそろい踏みし、開催の気運を盛り上げた。

　榊原はお笑いコンビ「囲碁将棋」らとともにプレゼンで博覧会の魅力をPRした。

　自身は日本の自給率の低さに感化されて13年ほど前から野菜作りに取り組んでいる。「スーパーに行くと、当たり前のように野菜が置かれていて、ありがたいけど、どうやって作られるか知った時に奥深さを感じた。子育てをしているような気づき、学びがあった。感謝するようにもなった」と野菜作りから学んだことを話した。「野菜への感謝の思いを皆さんにも感じてほしい。実りの1日を体感していただけたら」」と博覧会へ来場する人へ呼びかけた。

　会場には三上真史、頭脳集団「QuizKnock」のふくらP、鶴崎修功、「NMB48」塩月希依音、平山真衣、気象予報士資格を持つ「ネイビーズアフロ」みながわも出席した。",[],[]
楽天が辰己涼介の決勝ソロで今季ワーストの連敗を7でストップ（スポニチアネックス）,https://news.yahoo.co.jp/articles/2bc4be29e376e93b09bc4e56ac6cd0b2ac5f569a,https://newsatcl-pctr.c.yimg.jp/t/amd-img/20260915-00000364-spnannex-000-4-view.jpg?exp=10800,2026-09-15T20:27:40+09:00,2026-09-15T20:42:41+09:00,スポニチアネックス,spnannex,スポニチアネックス,259,"＜楽・西23＞楽天先発の伊藤樹（撮影・篠原岳夫）
◇パ・リーグ　楽天1―0西武（2026年9月15日　楽天モバイル　最強パーク）

　楽天が0―0の8回1死で辰己涼介外野手（29）が決勝の13号ソロを放ち、今季ワーストの連敗を7で止めた。
【写真】＜楽・西23＞8回、辰己がソロを放つ
先発の伊藤樹が6回6安打無失点。プロ初勝利から2連勝中だったドラフト2位右腕は「ランナーを出すことで、球数は多くなってしまいましたが、なんとか粘ることができました。」とホッとした表情で話した。

　9回は守護神の藤平が試合を締めた。",[],[]
西武　最下位に痛恨の黒星　試合終了間際に林安可が負傷交代の痛手も（スポニチアネックス）,https://news.yahoo.co.jp/articles/5885da048027fa4ce4a4cfd823c6dd9dfb3ac0d2,https://newsatcl-pctr.c.yimg.jp/t/amd-img/20260915-00000363-spnannex-000-6-view.jpg?exp=10800,2026-09-15T20:25:58+09:00,2026-09-15T20:34:26+09:00,スポニチアネックス,spnannex,スポニチアネックス,468,"＜楽・西23＞2回から2番手で平良が登板（撮影・篠原岳夫）
◇パ・リーグ　西武0―1楽天（2026年9月15日　楽天モバイル　最強パーク）

　西武が最下位・楽天に痛恨の黒星を喫した。
【写真あり】WBCで来日した“奇跡の美少女”　渋谷でのプラベショット
2回から2番手として登板した平良が8回1死から辰己に左越えソロを浴びて先制点を許した。

　平良は楽天戦での先発に向けて調整をしていたが、首の張りで先発を回避。予告先発では森脇が発表されていた。プロ初先発となった森脇は初回を3者凡退で抑えて平良と交代した。

　4番・マッカスカーから始まった2回は3者凡退。3回は堀内に右前打を許したが、吉野、中島を連続三振に仕留めた。4回は1死後に宗山に左前打を打たれたが、マッカスカーを三併殺。5～7回をいずれも3者凡退としたが、8回に楽天打線につかまった。

　9回には1死二塁から林安可が自打球を左膝付近に当てもん絶。そのまま交代するアクシデントがあった。カウント1―2から代打した平沢が1球目を空振りし、林安可の三振となる珍事もあった。",[],[]
スギちゃん、電車でよろめいている人が…それに舌打ちをする乗客に嘆き「もぉ終わってるぜぇ」（スポニチアネックス）,https://news.yahoo.co.jp/articles/60d0c08c6b08bb08a8a579f6ceda702e38809ed4,https://newsatcl-pctr.c.yimg.jp/t/amd-img/20260915-00000362-spnannex-000-4-view.jpg?exp=10800,2026-09-15T20:21:39+09:00,2026-09-16T04:20:23+09:00,スポニチアネックス,spnannex,スポニチアネックス,285,"スギちゃん
お笑いタレント・スギちゃん（53）が15日に自身のX（旧ツイッター）を更新。

　電車で見かけたまさかの光景についてつづった。

　スギちゃんは「電車でよろめいた人に舌打ちしてる奴いたぜぇ　もぉ終わってるぜぇ」と嘆きの投稿。

　ユーザーからは「短気な人が増えたよね」「外でバシバシ舌打ちする人ほんま凄い」「『大丈夫ですか？』『この席、座りますか？』みんなが人に優しい世の中にしたいぜぇ」「自動改札機タッチミスで引っ掛かるだけでも　後ろから舌打ちされる世の中嘆いてたけどもっと悪化してるぜぇ」「皆んな貧困で心の余裕ないぜぇ」といったコメントが寄せられていた。",[],[]
M！LK曽野舜太　ファンミに親子で参加していた人気タレント　娘の影響で大ファンに（スポニチアネックス）,https://news.yahoo.co.jp/articles/e531905044a875117405d0d1e38619fef319e9c6,https://newsatcl-pctr.c.yimg.jp/t/amd-img/20260915-00000361-spnannex-000-4-view.jpg?exp=10800,2026-09-15T20:20:55+09:00,2026-09-15T20:26:33+09:00,スポニチアネックス,spnannex,スポニチアネックス,487,"「M！LK」の曽野舜太
男性5人組「M！LK」の曽野舜太（24）が15日放送の日本テレビ系「踊る！さんま御殿！！」（火曜後8・00）に出演。グループのファンミーティングに親子で参加していた人気タレントを明かした。
【写真あり】ファンミに親子で参加していた人気タレント
今回は「インテリ軍団VS受験生のパパママ　私の合格必勝法教えますSP」と題して放送。スタジオで「推し」の話題となり、MCの明石家さんまがタレントの山口もえに「推しがいるの?今、まだ」と尋ねた。

　これに山口は「もちろんです」として「滅!」とポーズを披露して「ねっ!」と曽野にアイコンタクト。続けて「親子でめちゃめちゃハマってます」と明かした。

　すると、曽野が「そうなんですよ。僕らファンミーティングしたんですけど、その時に親子で」と、親子で参加していたことを告白。スタジオが驚きに包まれる中、山口は「どちらかというと私からじゃなくて、娘からファンになった」と娘の影響で大ファンになった経緯を説明。さらに「もう本当…夫（爆笑問題・田中裕二）いらないぐらい」とぶっちゃけ、スタジオを爆笑の渦に巻き込んだ。",[],[]
竹原ピストル　体調不良で2公演の開催延期を発表　ファン、関係者に謝罪「皆さん申し訳ありません」（スポニチアネックス）,https://news.yahoo.co.jp/articles/39913efab55fd8f8bac40eed5c4d9da2a1ba2822,https://newsatcl-pctr.c.yimg.jp/t/amd-img/20260915-00000360-spnannex-000-11-view.jpg?exp=10800,2026-09-15T20:19:45+09:00,2026-09-15T20:38:07+09:00,スポニチアネックス,spnannex,スポニチアネックス,391,"竹原ピストル
シンガー・ソングライターの竹原ピストル(49)が15日、公式サイトを更新。体調不良のため、15日の大阪公演および17日の京都公演を延期すると発表した。
【写真あり】竹原ピストルのライブに訪れた人気芸能人夫婦
竹原はこの日午前に大阪・心斎橋で開催予定だったワンマンライブを延期すると発表。その後、夜に17日の京都公演も延期するとした。いずれも体調不良が理由と説明した。

　大阪公演は12月1日、京都公演は12月9日に延期予定。竹原はXを更新し、「しっかり治して、振替公演に臨みます。ご予約下さっていた皆さん、会場スタッフの皆さん、ご迷惑をお掛けいたします。申し訳ありません」と謝罪した。

　また、体調については「1週間ほど前から風邪気味だったのですが、いよいよこじらせてしまいました」と明かし、「検査の結果、コロナやインフルエンザではありませんでした」とも説明した。",[],[]
中日・サノー　阪神・石井の無失点記録止めた！6回に左中間へ勝ち越し22号2ラン（スポニチアネックス）,https://news.yahoo.co.jp/articles/35069cf7cc71d34af0f3568bacb38278d6604979,https://newsatcl-pctr.c.yimg.jp/t/amd-img/20260915-00000359-spnannex-000-6-view.jpg?exp=10800,2026-09-15T20:19:38+09:00,2026-09-15T20:24:23+09:00,スポニチアネックス,spnannex,スポニチアネックス,333,"＜神・中25＞6回、勝ち越し2点本塁打を放ち、ナインとハイタッチをかわすサノー（撮影・北條　貴史）
◇セ・リーグ　中日―阪神（2026年9月15日　甲子園）

　中日の4番・サノーが1―1同点の6回に勝ち越しの2ランを放った。
【写真あり】“ビキニの女王”安井友梨　白いショーパン姿で感無量の始球式
1死一塁で阪神4番手・石井の直球を左中間席へ放り込んだ。「良いスイングができた。柳さんが頑張っているので援護できて良かったよ」と、値千金の2ランで先発の柳裕也を援護できたことを喜んだ。

　4回には先頭の村松が四球で出塁。続く細川が左翼へ二塁打を放った。無死二、三塁の好機で、サノーの遊ゴロの間に先制点を奪った。

　サノーは6回までの全得点に絡む勝負強さを見せた。",[],[]
阪神・石井大智の無失点記録がついに止まる　6回にサノーに被弾し昨年4・4以来53試合ぶり失点（スポニチアネックス）,https://news.yahoo.co.jp/articles/78629f90e07f2cc57bdcf6869c869eec5742b74d,https://newsatcl-pctr.c.yimg.jp/t/amd-img/20260915-00000358-spnannex-000-11-view.jpg?exp=10800,2026-09-15T20:10:39+09:00,2026-09-15T20:18:20+09:00,スポニチアネックス,spnannex,スポニチアネックス,330,"＜神・中25＞6回、2ランをサノーに許した石井（撮影・岸　良祐）
◇セ・リーグ　阪神―中日（2026年9月15日　甲子園）

　阪神・石井大智投手の「無失点記録」がついに止まった。
【写真あり】小籔千豊、新幹線で「目が合った」人物が…虎の超人気選手だった
1―1で迎えた6回、1死一塁からサノーに左中間スタンドへ叩き込まれ、25年4月5日巨人戦から続いていた連続試合無失点が52試合でストップした。

　被弾自体も、23年7月13日DeNA戦で牧に喫して以来、3年2カ月ぶりとなった。

　石井は昨秋、ソフトバンクとの日本シリーズ第5戦で柳田から本塁打を浴びているため、「レギュラーシーズン」という条件が付くが、地道に築いてきた偉大な記録にピリオドが打たれた。",[],[]
中村ゆりさん　共演者から追悼の声やまず　松本幸四郎、鈴木亮平、井川遥ら悲痛「言葉がありません」（スポニチアネックス）,https://news.yahoo.co.jp/articles/576046502dfb58983f86e2929819e9e390b2c396,https://newsatcl-pctr.c.yimg.jp/t/amd-img/20260915-00000357-spnannex-000-4-view.jpg?exp=10800,2026-09-15T20:08:51+09:00,2026-09-15T20:12:19+09:00,スポニチアネックス,spnannex,スポニチアネックス,810,"中村ゆりさん
女優の中村ゆりさんが1日、直腸がんのため死去した。44歳だった。14日に所属事務所が公表した。訃報から一夜明けた15日もドラマ、映画での共演者から中村さんを偲ぶ声が相次いだ。
【写真あり】中村ゆりさん　44歳バースデーに“盟友”と仲良し2ショット
歌舞伎俳優・松本幸四郎は「中村ゆりさんの突然の訃報に言葉がありません」と絶句。中村さんとは人気シリーズ「鬼平犯科帳」で共演しており、「『鬼平犯科帳』でおまさを演じられ毎年、京都の撮影所でお会いできることを楽しみしていました」と振り返り、「毎年お会いできるものだと思っていました。現場では自分をしっかり持たれていて、さらにチャーミングでいるゆりさんが現場を優しい色合いにしてくれていました。心からご冥福をお祈り申し上げます」と追悼した。

　2014年に放送されたNHK連続テレビ小説「花子とアン」で夫婦を演じた俳優・鈴木亮平はXに「突然の訃報に心がまとまりません」と悲痛な思いを投稿。「中村ゆりさんとは、20年前に演技学校で出会い、その後も何度も共演させていただきました」と思い出を記した。

　女優・井川遥は2025年公開の映画「平場の月」で中村さんと共演。姉妹役を演じた。井川はインスタグラムを通じ「人懐っこい笑顔　鈴が鳴るような柔らかな笑い声　時折見せるきりっと凛々しい眼差し　ついこの間のことのように近くにあります」とし、「人知れず乗り越えてきたんだと思うと胸が痛みます」と早すぎる別れを惜しんだ。

　2018年放送のフジテレビ系ドラマ「グッド・ドクター」で中村さんと共演した女優・上野樹里はXで「また共演したかった。本当に悔しいです」と無念さをにじませた。上野は兵庫県、中村さんは大阪府とともに関西出身という共通点もあり、「いつも気さくな笑顔で関西弁でお話したのが印象的です。本番では若くして、理事長を見事に優美に演じられていました」と明かした。",[],[]
ソフトバンク・柳田悠岐が豪快17号「少しバットの先でしたが…」　直近5試合で4本塁打（スポニチアネックス）,https://news.yahoo.co.jp/articles/faf21af9479f91b8eb810e18cbd55b349a2f64ce,https://newsatcl-pctr.c.yimg.jp/t/amd-img/20260915-00000356-spnannex-000-4-view.jpg?exp=10800,2026-09-15T20:03:48+09:00,2026-09-15T20:13:01+09:00,スポニチアネックス,spnannex,スポニチアネックス,288,"＜オ・ソ21＞5回、3ランを放ち、ベンチでハイタッチをするソフトバンク・柳田（撮影・長谷川　柚香）
◇パ・リーグ　ソフトバンク―オリックス（2026年9月15日　京セラＤ）

　ソフトバンクの柳田悠岐外野手が右翼席に豪快な一発を放った。
【写真あり】小久保監督長女は長身美女！今季初観戦で「優勝の瞬間も胴上げも」
1―0の5回1死一、二塁でジェリーの低めのスライダーを振り抜いた。「チャンスで回してもらったので何とかしようと思いました。少しバットの先でしたが、いいスイングができました」

　直近5試合で4本塁打目。リーグ優勝へカウントダウン態勢に入る中で存在感を示している。",[],[]
【アジア大会】U21代表FW古谷柊介、3G3Aで優勝貢献から始まる「30年W杯」へのロードマップ歩む（スポニチアネックス）,https://news.yahoo.co.jp/articles/f5ca088e634aa382e4fe98933b7b0cf4aa84d4b1,https://newsatcl-pctr.c.yimg.jp/t/amd-img/20260915-00000355-spnannex-000-6-view.jpg?exp=10800,2026-09-15T20:02:59+09:00,2026-09-15T20:15:15+09:00,スポニチアネックス,spnannex,スポニチアネックス,869,"愛知・名古屋アジア大会＜サッカー男子　練習＞練習に汗を流す古谷（撮影・河野　光希）
愛知・名古屋アジア大会のサッカー男子に出場する28年ロサンゼルス五輪世代のU―21日本代表は16日に1次リーグA組初戦でU―23香港代表と対戦する。15日は豊田市内で全体練習を行い、J1柏への加入が内定している大学生FW古谷柊介（21＝東京国際大）も軽快に調整。今大会の目標に3得点3アシストを掲げ、30年W杯までのロードマップも宣言した。
【写真あり】「中継に映り込んだ美女は誰？」韓国メディアも大注目した日本代表の美人妻
古谷は取材エリアで今大会の目標を問われると、明確に語った。「優勝することが目標。数字は3ゴール、3アシストはしたいと決めている。毎試合いい準備をして、毎試合何かしら結果で示せるようにしていきたい」。報道公開された冒頭15分間の練習ではパス＆コントロールなどで軽快に動いた。

　スピードを武器にロス五輪世代の4―3―3布陣では右ウイングが主戦場とし、高い決定力も誇る。1月のU―23アジア杯では、MF大関と並んでチーム2位の3得点で優勝に貢献。来年から柏へ加入することが内定している有望株だ。

　最大のターゲットを「30年W杯」とし、中長期で目標設定しながらサッカーキャリアを思い描く。U―23代表で臨むロス五輪はもちろん、A代表が国内組のみで編成されることが基本の東アジアE―1選手権も視野にステップアップを目指す。

　「28年ロス五輪もそうだし、まずはE―1に行くためにJリーグで出場時間を増やす。早く試合に絡んでスタメンを取って結果を出すことが大事。加入初年度で2桁ゴールを取ることができたらベスト。Jでの結果、ロス五輪、E―1、その後のW杯へ徐々に段階を踏んでいきたい」

　来年3月からA代表の指揮も執る大岩剛監督（54）の下でプレーできる今大会は絶好のアピール機会でもある。「見てもらえるのは大きい。自分の良さを結果で示すためにも大きな大会」と古谷。まずは今大会の頂点に立ち、夢へと続くロードマップを歩んでいく。",[],[]
元レスリング世界女王・山本美憂　国内デビュー戦でボクシング初勝利　2度のダウン奪い涙の3回TKO勝ち（スポニチアネックス）,https://news.yahoo.co.jp/articles/fffad406c11ac6117c3037e17f7c7cc150c511d8,https://newsatcl-pctr.c.yimg.jp/t/amd-img/20260915-00000354-spnannex-000-6-view.jpg?exp=10800,2026-09-15T20:02:03+09:00,2026-09-15T20:10:01+09:00,スポニチアネックス,spnannex,スポニチアネックス,662,"＜女子ボクシングフライ級4回戦　田口智香・山本美憂＞3回、田口からダウンを奪う山本（撮影・会津　智海）
◇プロボクシング女子フライ級4回戦　山本美憂（日本/カナダ）《TKO3回1分51秒》田口智香（花形）（2026年9月15日　東京・後楽園ホール）
【写真】笑顔でポーズ！勝利を喜ぶ山本陣営
元レスリング世界女王で総合格闘家の山本美憂（52＝日本/カナダ）がプロボクシングの国内デビュー戦で田口智香（33＝花形）を3回TKOで下し、プロボクシング初勝利を挙げた。

　大歓声を浴びてリングに立った山本は初回からエンジン全開。いきなり左フック、左オーバーハンドを強振。3回にはタイミング抜群のカウンターの左ストレートでダウンを奪取し、再開後もパンチをまとめて二度目のダウンをたところで、相手陣営がタオルを投入し、棄権を申し出た。

　3月のオーストラリアでのデビュー戦は試合3カ月前に左腕を骨折、手術した影響で1―2で判定負け。不完全燃焼に終わったが、今回は元世界3階級制覇王者・長谷川穂積氏のもとで、スパーリングを重ねるなど、万全の対策を重ねてきた。

　国内では年齢制限でライセンスが取れないため、カナダでライセンスを取得。初めて聖地・後楽園ホールのリングに立った52歳は「自分がリングに立てて幸せ。夢のようです。たくさんの人が動いてくれてリングに立つことができた。感謝しています。長谷川さんやチームのみんなが支えてくれたので、チームのために勝ちたかった。次の試合も楽しみにしていてください」と涙ながらに喜びをかみしめた。",[],[]
井川遥　中村ゆりさんを追悼　映画「平場の月」で姉妹役　共演振り返り「ついこの間のことのように近くに」（スポニチアネックス）,https://news.yahoo.co.jp/articles/91a8b0c84a760b93aa9b82a9f986554fe5266b09,https://newsatcl-pctr.c.yimg.jp/t/amd-img/20260915-00000353-spnannex-000-4-view.jpg?exp=10800,2026-09-15T19:56:35+09:00,2026-09-15T20:04:21+09:00,スポニチアネックス,spnannex,スポニチアネックス,323,"井川遥
女優・井川遥(50)が15日、自身のインスタグラムを更新。1日に直腸がんのため44歳で死去した女優・中村ゆりさんを追悼した。
【写真あり】中村ゆりさん　44歳バースデーに“盟友”と仲良し2ショット
井川と中村さんは、2025年公開の映画『平場の月』で共演。中村さんは井川演じるヒロインの妹を好演した。

　井川は「映画　平場の月ではゆりちゃんとは姉妹でした」と切り出し、「人懐っこい笑顔　鈴が鳴るような柔らかな笑い声　時折見せるきりっと凛々しい眼差し　ついこの間のことのように近くにあります」と故人との思い出をつづった。

　「人知れず乗り越えてきたんだと思うと胸が痛みます」と早すぎる別れを惜しみ、「どうかゆりちゃん安らかに」と偲んだ。",[],[]
広島・鈴木健矢が2発被弾　中2日先発、5回被安打6の4失点も2勝目の権利残して降板（スポニチアネックス）,https://news.yahoo.co.jp/articles/8d27e8d0d8593b8ea4af0c446880200623f676b4,https://newsatcl-pctr.c.yimg.jp/t/amd-img/20260915-00000352-spnannex-000-4-view.jpg?exp=10800,2026-09-15T19:54:23+09:00,2026-09-15T19:58:33+09:00,スポニチアネックス,spnannex,スポニチアネックス,356,"＜ヤ・広24＞3回、田中（右）にソロを打たれた鈴木（撮影・尾崎　有希）
◇セ・リーグ　広島―ヤクルト（2026年9月15日　神宮）

　　広島の先発マウンドに上がった鈴木は2回までに6点のリードをもらったが、2回以降に失点を重ねた。
【写真あり】超人気タレントがカープ入団会見？
2回2死から丸山和に右越えソロを浴び、3回先頭の田中には左翼席へのソロ本塁打を浴びた。5回には長岡とサンタナの適時打で2点差に迫られた。

　先発は2日の中日戦以来だが、12日のDeNA戦にリリーフで2回を投げており、中2日での先発。13日のヤクルト戦でもベンチ入りしてブルペンで肩を作っていた。難しい調整を強いられた登板になったが、6回の打席で代打・ファビアンが告げられ、8月19日の中日戦以来となる2勝目の権利を残して交代した。",[],[]
中日・柳裕也　5回につかまる　自身7連敗中の阪神戦で森下に同点打献上（スポニチアネックス）,https://news.yahoo.co.jp/articles/741f81a24f887936d75d0eee07e9584cf9c7356d,https://newsatcl-pctr.c.yimg.jp/t/amd-img/20260915-00000351-spnannex-000-6-view.jpg?exp=10800,2026-09-15T19:54:10+09:00,2026-09-16T03:53:45+09:00,スポニチアネックス,spnannex,スポニチアネックス,334,"＜神・中25＞中日先発の柳（撮影・北條　貴史）
◇セ・リーグ　中日─阪神（2026年9月15日　甲子園）

　中日先発・柳裕也投手が1点リードの5回につかまった。先頭の近本に右前打を浴びると、続く中野の犠打で二塁に走者を背負った。3番・森下には外の直球を右前へ運ばれ、同点にされた。

　4回は1死満塁のピンチを背負ったが、代打・糸原を二ゴロ併殺に封じた。スコアボードに快調に0を並べただけに、先頭打者を出した5回は悔やまれる形となった。

　阪神戦は22年から自身7連敗中（今季2敗）。甲子園では19年から8連敗中と相性が悪い。

　打線は4回に先頭の村松が四球で出塁。続く細川が左翼へ二塁打を放った。無死二、三塁の好機で、4番・サノーの遊ゴロの間に先制点を奪った。",[],[]
武田一浩氏　ブルージェイズ岡本和真のMLB日本人4人目の快挙に注目「それも楽しみだね」（スポニチアネックス）,https://news.yahoo.co.jp/articles/f61015ca24c66dc5fd4231922e6167b4c425405a,https://newsatcl-pctr.c.yimg.jp/t/amd-img/20260915-00000350-spnannex-000-6-view.jpg?exp=10800,2026-09-15T19:53:26+09:00,2026-09-16T03:54:52+09:00,スポニチアネックス,spnannex,スポニチアネックス,528,"武田一浩氏
野球評論家の武田一浩氏（61）が自身のYouTube「武田一浩チャンネル」を更新。ブルージェイズ・岡本和真内野手（30）のMLB新人王獲得の可能性について言及した。

　日本選手の活躍を振り返る中で、武田氏は「新人王の権利あるんだよ。名前挙がってくるだろうな」と日本人野球の活躍に目を細めた。

　岡本が14日（日本時間15日）時点で、145試合で打率・236、本塁打はア・リーグ5位の33本、打点はリーグ6位タイの88。

　ライバルはタイガースのケビン・マゴニクル内野手（22）で、145試合に出場し、打率はリーグ14位の・273、17本塁打、65打点、12盗塁。

　さらにホワイトソックス・村上宗隆内野手（26）が115試合、打率・204、31本塁打、65打点。OPSは岡本をしのぐリーグ12位の・810と健闘している。

　村上も候補には挙がってくるが、現時点では岡本とマゴニクルの一騎打ちの様相だ。

　日本人の新人王獲得なら2000年の佐々木主浩（マリナーズ）、2001年のイチロー（マリナーズ）、2018年の大谷翔平（エンゼルス）に続いて4人目の快挙となる。

　武田氏も「（新人王）ありうる。それも楽しみだね」と注目していた。",[],[]
ヤクルト・石原勇輝が危険球退場　頭部死球の広島・勝田は立ち上がれずに担架に乗せられて退場（スポニチアネックス）,https://news.yahoo.co.jp/articles/357e9b4cc1c931f5ee4d38e11ff0b48e97b208d8,https://newsatcl-pctr.c.yimg.jp/t/amd-img/20260915-00000349-spnannex-000-17-view.jpg?exp=10800,2026-09-15T19:47:27+09:00,2026-09-15T20:07:20+09:00,スポニチアネックス,spnannex,スポニチアネックス,277,"＜ヤ・広24＞6回、勝田に頭部死球を当てて謝罪する石原（右）（撮影・尾崎　有希）
◇セ・リーグ　ヤクルト―広島（2026年9月15日　神宮）

　ヤクルトの3番手・石原勇輝投手（25）が危険球により退場となった。
【写真あり】WBCで来日した“奇跡の美少女”　渋谷でのプラベショット
3年目の左腕は6―4の6回にマウンドへ。1死から勝田への初球ストレートがヘルメットを直撃。退場となった。

　勝田は打席付近に倒れ込んで動けず、周囲にはブルーシートが張られた。そのまま担架に乗せられて退場。

　ヤクルトは投手が阪口に交代。勝田には代走・二俣が送られた。",[],[]
阪神・森下翔太が止めた！61イニングぶり適時打で同点　3戦ノーヒットの主砲が5回までに3安打（スポニチアネックス）,https://news.yahoo.co.jp/articles/870c9e63b30373d732425cf368e430cb89dd4f37,https://newsatcl-pctr.c.yimg.jp/t/amd-img/20260915-00000348-spnannex-000-6-view.jpg?exp=10800,2026-09-15T19:47:07+09:00,2026-09-15T19:54:54+09:00,スポニチアネックス,spnannex,スポニチアネックス,520,"＜神・中25＞5回、適時打を放つ森下（撮影・岸　良祐）
◇セ・リーグ　阪神―中日（2026年9月15日　甲子園）

　ついに出た！阪神に61イニングぶりのタイムリーが飛び出し、試合を振り出しに戻した。1―1の1死二塁から、森下翔太が右前適時打。中日先発・柳裕也からこの日3安打目となる一打を放ち、虎党を熱狂させた。
【写真あり】小籔千豊、新幹線で「目が合った」人物が…虎の超人気選手だった
4回まではあと一本が出ない展開が続いていた。初回2死一塁、2回1死一、二塁、3回2死一塁、4回1死満塁と毎回ランナーを出すも、本塁を踏むことができない。これで60イニング連続で適時打なしとなった。

　特に4回は悪夢だった。先頭・大山悠輔が四球、続く前川右京が右前打で無死一、二塁とし、続く元山飛優が犠打を決め、坂本誠志郎も四球でつないでフルベース。ここで代打・糸原健斗が起用されるも、まさかの二ゴロ併殺打に終わった。

　60イニングに渡るタイムリー欠乏症は、22年8月以来だった。当時も連敗中で、7連敗目を喫した8月16日ヤクルト戦（神宮）の9回に島田海吏が適時打を放ち、61イニングぶりにタイムリーを記録し、負の連鎖に終止符を打った過去がある。",[],[]
Mr.シャチホコ、アッコの超太っ腹エピソード明かす　ボートレース的中で「すれ違う人たちにお年玉を…」（スポニチアネックス）,https://news.yahoo.co.jp/articles/4cde17f99b3232ffe80ced725c8e96945cc44efc,https://newsatcl-pctr.c.yimg.jp/t/amd-img/20260915-00000347-spnannex-000-4-view.jpg?exp=10800,2026-09-15T19:45:25+09:00,2026-09-16T04:21:23+09:00,スポニチアネックス,spnannex,スポニチアネックス,408,"Mr.シャチホコ
TOKYO　MXによるYouTubeチャンネル「和田アキ子、AIスマホと親友になる。」が15日までに更新。歌手・和田アキ子（76）のものまねで知られるタレント・Mr.シャチホコ（33）がゲスト出演し、アッコの超太っ腹エピソードを明かす場面があった。

　実は大のボートレース好きだというシャチホコ。先日、アッコと一緒に行ったというが「6レースぐらい的中して、もう大万歳で!」とホクホク顔をみせた。

　また「アッコさんが当たりすぎちゃって。お正月に行ったんですけど、僕とかなえなのちゃんにお年玉をくださって。最初は関係者の方とかに“いつもありがとう”って配っていたのが、最後は気持ちよくなっちゃったのか、街中ですれ違う人たちにもお年玉を配るっていう」と驚きのエピソードを紹介。

　「車の窓から配ってたんですよ!」と言うと、アッコは「それぐらい的中率が凄いのよ」と、シャチホコの予想を絶賛していた。",[],[]
オリックス・ジェリー　遠い白星…10試合白星なし　柳田に特大の3ラン献上（スポニチアネックス）,https://news.yahoo.co.jp/articles/6394d442350a8e3afef88665f0212c74d62e710a,https://newsatcl-pctr.c.yimg.jp/t/amd-img/20260915-00000346-spnannex-000-6-view.jpg?exp=10800,2026-09-15T19:43:44+09:00,2026-09-16T03:54:49+09:00,スポニチアネックス,spnannex,スポニチアネックス,280,"＜オ・ソ21＞　6回、降板するジェリー（右から2人目）　（撮影・平嶋　理子）
◇パ・リーグ　オリックス─ソフトバンク（2026年9月15日　京セラドーム）

　オリックス・ジェリーの白星が遠い。

　3回まで無失点投球も、4回2死から失策と安打で一、二塁を招き、柳町に左翼線へ先制の適時二塁打を献上。続く5回には柳田に右翼へ特大の3ランを献上した。

　6回1死一、三塁を背負ったところで岸田監督が2番手・富山への継投を決断。6試合連続で援護点が2点以下と味方打線の援護にも恵まれず、6月23日のソフトバンク戦で挙げた3勝目を最後に、10試合勝ちなしとなった。",[],[]
阪神が4回1死満塁逸機で60回連続適時打なし　22年8月の悪夢に並ぶ　当時は島田海吏が打破（スポニチアネックス）,https://news.yahoo.co.jp/articles/ed141e1696b3ccc6ee5c137aad76e512ab68da89,https://newsatcl-pctr.c.yimg.jp/t/amd-img/20260915-00000345-spnannex-000-4-view.jpg?exp=10800,2026-09-15T19:38:38+09:00,2026-09-15T19:42:57+09:00,スポニチアネックス,spnannex,スポニチアネックス,423,"＜神・中25＞4回1死満塁の好機も無得点に終わり肩を落とす藤川監督（撮影・大森　寛明）
◇セ・リーグ　阪神―中日（2026年9月15日　甲子園）

　　阪神にあと一本が出ない。初回2死一塁、2回1死一、二塁、3回2死一塁、4回1死満塁と毎回ランナーを出すも、本塁を踏むことができない。これで60イニング連続で適時打なしとなった。
【写真あり】小籔千豊、新幹線で「目が合った」人物が…虎の超人気選手だった
特に4回は悪夢だった。先頭・大山悠輔が四球、続く前川右京が右前打で無死一、二塁とし、続く元山飛優が犠打を決め、坂本誠志郎も四球でつないでフルベース。ここで代打・糸原健斗が起用されるも、まさかの二ゴロ併殺打に終わった。

　60イニングに渡るタイムリー欠乏症は、22年8月以来。当時も連敗中で、7連敗目を喫した8月16日ヤクルト戦（神宮）の9回に島田海吏が適時打を放ち、61イニングぶりにタイムリーを記録し、負の連鎖に終止符を打った過去がある。",[],[]
益若つばさ「みちょぱベビーかわいいーーー」みちょぱ＆大倉士門家族と集合S「親戚気分でした」（スポニチアネックス）,https://news.yahoo.co.jp/articles/aa422910326e526eaa781ad6e5f30062dbc02900,https://newsatcl-pctr.c.yimg.jp/t/amd-img/20260915-00000344-spnannex-000-4-view.jpg?exp=10800,2026-09-15T19:37:54+09:00,2026-09-15T19:42:29+09:00,スポニチアネックス,spnannex,スポニチアネックス,492,"益若つばさの公式インスタグラム（＠tsubasamasuwaka1013）から
モデルの益若つばさ（40）が15日、自身のインスタグラムを更新。7月に第1子出産を発表していたタレントの“みちょぱ”こと池田美優（27）と大倉士門（33）家族とのショットを投稿した。
【写真】益若つばさ、みちょぱ＆大倉士門と家族集合ショット！
益若は「みちょぱと士門夫婦が赤ちゃんと遊びに来てくれたよ」と、みちょぱ・大倉家族に加え、鈴木奈々との集合写真を投稿。7月に誕生したみちょぱの子供に「みちょぱベビーかわいいーーー」とデレデレの様子を記した。

　また「2人が10代の頃から知ってるから親戚気分でした」と心境を明かし「みちょぱは本当に1人目？ってくらい貫禄と余裕があって、益々素敵なママになりそうな予感。士門も育児頑張ってて微笑ましかった」と振り返った。

　さらに、鈴木について「なーちゃんはずっと『いいなー赤ちゃんー』とイメトレしてました笑」と暴露。この日は「私の家族もきててみんなで楽しくご飯食べました」とし「本当におめでとう」と祝福。そして「次はにこるんベビーも会いに行かねば」とつづった。",[],[]
阪神　1死満塁の絶好機で代打・糸原健斗が痛恨の併殺打　4回終了時点で33イニング連続無得点（スポニチアネックス）,https://news.yahoo.co.jp/articles/2947684815bc57b9cda09d07cf98ce5e01d6cad4,https://newsatcl-pctr.c.yimg.jp/t/amd-img/20260915-00000343-spnannex-000-3-view.jpg?exp=10800,2026-09-15T19:36:38+09:00,2026-09-15T19:38:55+09:00,スポニチアネックス,spnannex,スポニチアネックス,253,"＜神・中25＞4回、代打で出場の糸原は併殺に倒れる（撮影・岸　良祐）
◇セ・リーグ　阪神─中日（2026年9月15日　甲子園）

　阪神が33イニングぶりの得点を逃した。
【写真あり】小籔千豊、新幹線で「目が合った」人物が…虎の超人気選手だった
1点ビハインドで迎えた4回に四球と安打で1死満塁つくった。ここで代打・糸原が起用され甲子園のボールテージも上がったが1ストライクから柳の直球に詰まらされて二ゴロ併殺。球場からは大きなため息が漏れた。

　阪神はこの回を終えて適時打がなしが60イニングに達した。",[],[]
DeNA・筒香が通算250本塁打を達成　左打者では球団初の快挙に「節目のホームランを打ててうれしい」（スポニチアネックス）,https://news.yahoo.co.jp/articles/82a06a45c8cb2808246aca81b6aa5fee451bbc62,https://newsatcl-pctr.c.yimg.jp/t/amd-img/20260915-00000342-spnannex-000-3-view.jpg?exp=10800,2026-09-15T19:28:42+09:00,2026-09-15T19:30:52+09:00,スポニチアネックス,spnannex,スポニチアネックス,594,"＜D・巨24＞2回、NPB通算250号となるソロを放ちパネルを掲げる筒香（撮影・光山　貴大）
◇セ・リーグ　DeNA―巨人（2026年9月15日　横浜）

　DeNAの筒香嘉智内野手（34）が15日の巨人戦で通算250本塁打を達成した。
【写真】＜D・巨24＞2回、ナインに迎えられる筒香
2回に先頭・佐野が8号ソロを放ってリードを4点に広げた直後だった。「4番・一塁」で先発出場した筒香が、戸郷の投じた初球の145キロ直球を“ベイ党”が埋め尽くした右翼席に豪快に叩き込んだ。記念ボードを高々と掲げ、球場全体を包み込んだ大きな拍手と歓声を全身で受け止めた。

　ルーキーイヤーだった10年10月7日の阪神戦（横浜）でプロ初本塁打を放ち、球界屈指のスラッガーとしての歩みをスタートさせた。あれから16年。大きな節目に到達し「NPB通算250号という節目のホームランを打ててうれしいです」と喜びを口にした。

　今季はすでに18本塁打をマーク。12日の広島戦ではセ・リーグの通算5万5000号となる2ランを放ち、通算250号に王手をかけていた。球団の通算本塁打上位3人は松原誠（330本）、田代富雄（278本）、村田修一（251本）で、左打者で250本塁打に到達したのは筒香が初となる。

　本拠・横浜スタジアムでの通算本塁打は148本となり、村田修一の147本を抜いて単独トップに躍り出た。",[],[]
小林幸子　松原のぶえさん追悼「又会えるから、それまで待っていてね」（スポニチアネックス）,https://news.yahoo.co.jp/articles/27614c1c50877158671808673fb2064a2a59e2a9,https://newsatcl-pctr.c.yimg.jp/t/amd-img/20260915-00000341-spnannex-000-3-view.jpg?exp=10800,2026-09-15T19:27:32+09:00,2026-09-15T19:31:36+09:00,スポニチアネックス,spnannex,スポニチアネックス,315,"松原のぶえさん（1993年撮影）
歌手の松原のぶえさん（享年65）の訃報から一夜明けた15日、演歌歌手の小林幸子（72）が自身のインスタグラムのストーリーズで追悼した。

　小林は「妹のような、松原のぶえちゃんが亡くなった知らせが入りました。突然すぎて、驚きました」と振り返り「サッコ姉、サッコ姉と甘えて慕ってくれたあの声は、もう聞けない。悲しすぎます」と沈痛な思いをつづった。

　「紆余曲折、色々あったね。いっぱい話もしたね。皆んなに可愛がられたのぶえちゃん。一本気な、のぶえちゃん。寂しいです」と松原さんとの思い出を回顧。

　そして「でも大丈夫!」とし「又会えるから、それまで待っていてね。サッコ姉より　合掌」と追悼した。",[],[]
メルカリ　ポケカ新商品を一定期間出品禁止へ　違反には利用制限を含む厳格対処も　各社が転売対策強化（スポニチアネックス）,https://news.yahoo.co.jp/articles/c2f40472ea744167de7501474f71c0230c756e72,https://newsatcl-pctr.c.yimg.jp/t/amd-img/20260915-00000340-spnannex-000-18-view.jpg?exp=10800,2026-09-15T19:24:25+09:00,2026-09-15T21:24:15+09:00,スポニチアネックス,spnannex,スポニチアネックス,590,"メルカリ
メルカリは15日、公式サイトを更新。16日に販売開始となるポケモンカードゲームの関連商品を一定期間、出品禁止にすると発表した。
【写真あり】タカトシ・タカ　10年以上前にもらったポケモンカードの査定額にビックリ
出品禁止の対象となるのは、9月16日に発売を予定している「拡張パック『30th CELEBRATION』」の未開封品および「30th CELEBRATION カードセット」。開封済みのシングルカードは出品できるという。

　メルカリは「『マーケットプレイスの基本原則』および2025年に定めた新たな対応方針に基づき、株式会社ポケモン（以下、ポケモン社）が販売するポケモンカードゲーム「30th CELEBRATION」関連商品について、2026年9月16日（水）より、安心・安全な取引環境が確保できないと考えられる期間、出品禁止にすることをお知らせいたします」と発表した。

　また、当該期間中は、当該商品の出品監視、削除対応を実施するとし、「繰り返し不適切な出品を行うアカウントに対しては、利用制限を含む厳格な対処を行います」と強調した。

　ポケカを巡っては、国内外での需要の高まりから新商品が販売されるたびに高額転売問題が話題に。ポケモン社も同社公式サイトでの抽選販売時にマイナンバーカードを用いた本人確認制度を導入するなど、各社が対策を強化している。",[],[]
ヤクルト　高卒2年目の田中陽翔がプロ初アーチ！　逆方向の左翼へ　健大高崎で24年春の選抜V（スポニチアネックス）,https://news.yahoo.co.jp/articles/67a462ad34cf8c4b8508ad6d03c186c3a92001e1,https://newsatcl-pctr.c.yimg.jp/t/amd-img/20260915-00000339-spnannex-000-6-view.jpg?exp=10800,2026-09-15T19:22:56+09:00,2026-09-15T19:32:02+09:00,スポニチアネックス,spnannex,スポニチアネックス,383,"＜ヤ・広24＞3回、ソロを放った田中（撮影・尾崎　有希）
◇セ・リーグ　ヤクルト―広島（2026年9月15日　神宮）

　ヤクルトの高卒2年目・田中陽翔内野手（20）が、2回にうれしいプロ初アーチを放った。
【写真あり】WBCで来日した“奇跡の美少女”　渋谷でのプラベショット
5月14日に出場選手登録を抹消されて以来、約4カ月ぶりにこの日1軍に昇格。「8番・二塁」でスタメン出場し、迎えた3回の第1打席だ。

　広島先発のサブマリン・鈴木のシンカーを捉え、逆方向の左翼スタンド最前列へ1号ソロ。「しっかり強いスイングができました。次も打てるようにしっかり準備していきます」と喜んだ。

　健大高崎では3年春の選抜で全国制覇。22年のドラフト4位で入団した。池山監督が「（25年ドラフト1位の）松下選手同様、未来のヤクルトを背負ってくれることを願って」と話す大器だ。",[],[]
【びわこボート　スポニチ杯争奪八景賞】“地元デー”の口火切った！　上田洋平　実戦向きの舟足に（スポニチアネックス）,https://news.yahoo.co.jp/articles/dbc08d9d50874d5e7614f72b6697621e66722cab,https://newsatcl-pctr.c.yimg.jp/t/amd-img/20260915-00000338-spnannex-000-3-view.jpg?exp=10800,2026-09-15T19:18:06+09:00,2026-09-15T19:21:10+09:00,スポニチアネックス,spnannex,スポニチアネックス,423,"得点率12位につける上田洋平
ボートレースびわこの「スポーツニッポン新聞社杯争奪第51回八景賞」は15日、3日目が行われた。

　この日は1Rの上田洋平（50）から始まり5Rを逃げた川島圭司（43）、9Rを押し切った中村有裕（46）、1周2マーク逆転で10Rを制し2日目から3連勝の深井利寿（52）、そして11Rを捲った川島と地元勢全員が白星をゲットした。

　3コース捲りで“滋賀支部デー”の口火を切ったの上田は気配一息の初日から新ペラ交換にキャブ、クランクシャフト交換と整備を続けた結果「出足は上向き。ただ伸びは落ちたけどね」の仕上がりとなり、「展示ではカカリが悪くて乗り味が良くないんだけど、レースに行くとそうでもない」と実戦向きになった。

　4日目の出番は5号艇の2Rと2号艇の9R。現在の得点率は6.75の12位で準優勝戦進出ボーダーを6.00とすればノルマは9点。達成で予選突破はもちろん、準優の好枠を視野に入れる2走となりそうだ。",[],[]
ふかわりょう、平成バラエティーの“激アツ”番組表を語る「おしゃれカンケイ、電波少年、ガキ使」（スポニチアネックス）,https://news.yahoo.co.jp/articles/281ae7aa0ea4d4bd5176e58ac95e6a631f99da83,https://newsatcl-pctr.c.yimg.jp/t/amd-img/20260915-00000337-spnannex-000-4-view.jpg?exp=10800,2026-09-15T19:17:59+09:00,2026-09-15T19:24:39+09:00,スポニチアネックス,spnannex,スポニチアネックス,485,"ふかわりょう
お笑いタレント・ふかわりょう（52）が15日までに更新されたテレビ朝日の公式YouTubeチャンネル「動画、はじめてみました」に出演し、平成バラエティーの“激アツ”番組表を語る場面があった。
【写真あり】ふかわりょう　髪形イメチェン！田中みな実が驚き
「まいにち大喜利」のお題で「平成の芸能界はよかったなぁ。何を思い出した?」というお題が出された。これにふかわは「日曜夜のテレビの番組表。おしゃれカンケイ、電波少年、ガキ使。これで（視聴率）32％とかいってるんですよ」と答えると、スタジオは大盛り上がり。

　この回は、落語家・月亭方正との“死闘”を繰り広げていた「モリマン」のホルスタイン・モリ夫もゲスト出演していたが、ふかわから「出てたとき、30％いってたよね?」と聞かれると「知らないですけど、周りの視聴率は100％でしたね」と振り返った。

　ふかわは「これを毎週叩き出していたっていう。今で30％なんて、それこそＷ杯ぐらい」と驚きを口にすると、テレビっ子のMC「モグライダー」芝大輔は「皆見てるから、見てなきゃ話に入れなかった」と懐かしんでいた。",[],[]
阪神　先発・ルーカスが先制点を許すも4回途中の早めスイッチ　神宮僚介が好救援で追加点許さず（スポニチアネックス）,https://news.yahoo.co.jp/articles/658fe947ea25c197bec7998ec71bf440e040ff83,https://newsatcl-pctr.c.yimg.jp/t/amd-img/20260915-00000336-spnannex-000-4-view.jpg?exp=10800,2026-09-15T19:16:03+09:00,2026-09-15T19:22:11+09:00,スポニチアネックス,spnannex,スポニチアネックス,314,"＜神・中25＞4回途中で降板するルーカス（撮影・大森　寛明）
◇セ・リーグ　阪神―中日（2026年9月15日　甲子園）

　阪神・先発のルーカスは4回途中で降板となった。
【写真あり】小籔千豊、新幹線で「目が合った」人物が…虎の超人気選手だった
3回まで1四球と好投を続けながら、4回先頭の2番・村松に四球を与えると、続く細川に左翼線への二塁打を浴びた。続くサノーの遊ゴロの間に先制点を許した。

　ここで藤川監督が51球で早めのスイッチを選択。2番手でマウンドに上がった神宮が石川昂を遊ゴロに仕留め、本塁を狙った細川をアウトにした。

　次打者・福元には内野安打で出塁を許したが、なおも一、二塁では花田を空振り三振に料理した。",[],[]
ヤクルト　今季初の中4日先発の吉村貢司郎は「鬼門」の初回に3失点　2回6失点で無念のKO（スポニチアネックス）,https://news.yahoo.co.jp/articles/a054ee1cdf7bfb636fb217b96e3acc48f9d1549c,https://newsatcl-pctr.c.yimg.jp/t/amd-img/20260915-00000335-spnannex-000-4-view.jpg?exp=10800,2026-09-15T19:14:22+09:00,2026-09-15T19:22:30+09:00,スポニチアネックス,spnannex,スポニチアネックス,548,"＜ヤ・広24＞ヤクルト先発・吉村（撮影・尾崎　有希）
◇セ・リーグ　ヤクルト―広島（2026年9月15日　神宮）

　今季初めて中4日で先発したヤクルト・吉村貢司郎が、「鬼門」の初回にまたも失点した。
【写真あり】WBCで来日した“奇跡の美少女”　渋谷でのプラベショット
先頭・佐藤啓にいきなりストレートの四球。菊池の右前打などで1死一、三塁とされ、4番・坂倉に先制の右前適時打を許した。

　さらにモンテロの左中間二塁打などで3点を失った。

　吉村はこれでシーズン65失点のうち初回の失点が18点と、全体の3割弱を占める。これで直近8試合のうち7試合で初回に失点したことになる。

　さらに2回には中村奨の2ランなどで再び3失点。2イニングで49球を投げて5安打6失点（自責3）でKOされた。

　今季は開幕投手を務めたが、この試合まで19試合で4勝11敗、防御率4・82。池山監督は中4日起用の理由について「間隔を空けてもだらしない投球ばかりなので。（間隔が）短くなって、ああだこうだと考えずにいけるのかな、と」と説明。

　「後がないっていうね。中6日、中8日でいって駄目、駄目で、中4日で駄目だったらもう投げる場所がなくなってくるからね」と話していたが、右腕にとって無念のKOとなった。",[],[]
巨人　戸郷翔征が大炎上…　自己ワースト4被弾9失点で2回KO　味方の失策も重なる不運も（スポニチアネックス）,https://news.yahoo.co.jp/articles/851ceb2ca4cc5d75fc0dfa1ddd88d82ae4d14d5a,https://newsatcl-pctr.c.yimg.jp/t/amd-img/20260915-00000334-spnannex-000-5-view.jpg?exp=10800,2026-09-15T19:11:57+09:00,2026-09-15T19:13:05+09:00,スポニチアネックス,spnannex,スポニチアネックス,508,"＜D・巨24＞2回、蝦名（左）にこの回3本目の本塁打を浴びる戸郷（撮影・光山　貴大）
◇セ・リーグ　巨人―DeNA（2026年9月15日　横浜）

　巨人・戸郷翔征投手（26）がまさかの自己ワースト4被弾を喫し、2回で72球を投げて7安打9失点（自責点5）と炎上し、KOされた。
【写真】＜D・巨24＞初回、宮崎の打球を失策する石塚
平山の先頭弾で先制した後の初回1死から牧に左越え同点ソロを浴びた。さらに佐野、筒香に連続四球を与えて1死一、二塁とし、宮崎にゴロを打たせるも三塁・石塚がファンブル。併殺かと思われたが一転、満塁にピンチが拡大した。その後に林に中前2点打、古市に左前適時打を許し、初回に一挙4失点した。

　2回も先頭・度会のゴロを遊撃・泉口が失策。牧にも中前打を許し、無死一、二塁から佐野に右越え3ランを浴びた。続く筒香にもNPB通算250号となる右越えソロを被弾し、6番・蝦名にも左越えソロと流れを止められず。2回も5失点し、無念の降板となった。

　左太もも裏の肉離れから復帰後では初白星を目指し「自分のピッチングを心がけて、もちろん勝ちがつけば一番」と意気込んでいた中で、まさかの結果となった。",[],[]
J2仙台　マスコットに異例の謹慎処分　試合会場でクマ被害をやゆ　クラブが謝罪「心よりお詫び」（スポニチアネックス）,https://news.yahoo.co.jp/articles/59e705407fd12ea3f238b42960417a258f6bbf91,https://newsatcl-pctr.c.yimg.jp/t/amd-img/20260915-00000333-spnannex-000-10-view.jpg?exp=10800,2026-09-15T19:09:03+09:00,2026-09-15T21:29:10+09:00,スポニチアネックス,spnannex,スポニチアネックス,550,"ベガッ太
J2仙台は15日、公式サイトを更新。クラブマスコットの「ベガッ太」ついて、同日付で1カ月の出演停止処分を科すことを発表した。ベガッ太を巡っては、13日のリーグ札幌戦において不適切な言動が確認されていた。
【写真】中川安奈アナ“サッカーW杯仕様”のブラトップ、ユニ姿公開に「カッコいい」「ステキ」
クラブは「先般お伝えしております、9月13日 ユアテックスタジアム仙台にて開催した明治安田J2リーグ 第6節 北海道コンサドーレ札幌戦におけるクラブマスコットのベガッ太による不適切な行動に対し、当クラブは本件を重く受け止め、当該マスコットに対し、9月15日付で1か月の出演停止処分を科すことといたしました。併せて、教育の徹底、管理体制の見直し等の再発防止策を速やかに実施してまいります」と説明。Jリーグのマスコットに対する謹慎処分は過去に例がなく、異例といえる。

　そして「このたび、クラブマスコット ベガッ太による不適切な行動により、多くのみなさまにご不快な思いとご迷惑をおかけしましたことを、心よりお詫び申し上げます」と謝罪した。

　札幌戦の会場ではベガッ太が札幌のサポーターに向けて「ヒグマにおそわれたことある？」と書かれたボードを見せた事が明らかになり、SNS上で物議を醸していた。",[],[]
6連勝中のDeNAが初回4得点の猛攻　牧の2試合連続アーチが皮切り（スポニチアネックス）,https://news.yahoo.co.jp/articles/28418456756909eb54bba7e3796b0ae2cd8fabc8,https://newsatcl-pctr.c.yimg.jp/t/amd-img/20260915-00000332-spnannex-000-3-view.jpg?exp=10800,2026-09-15T19:08:50+09:00,2026-09-15T19:10:30+09:00,スポニチアネックス,spnannex,スポニチアネックス,423,"＜D・巨24＞初回、ソロを放つ牧（撮影・島崎忠彦）
◇セ・リーグ　DeNA―巨人（2026年9月15日　横浜）

　6連勝中と勢いに乗るDeNAが、初回から一挙4得点の猛攻をみせた。
【写真あり】DeNA人気選手　元アイドルの交際相手と2ショット
先発のエース・東が先頭打者本塁打を浴びて1点を先制された直後の攻撃だ。牧の豪快なアーチが反撃の号砲だった。初回1死走者なしで、4球目のフォークを左翼席に運ぶ26号ソロで試合を振り出しに戻し「早い段階で追いつきたかったので、初回に追いつけてうれしい」と胸を張った。

　主砲の2試合連続弾で流れを引き寄せた。佐野、筒香が四球を選んで、宮崎の三ゴロが相手失策となり1死満塁。続く蝦名は三振に倒れたが、林の中前への2点適時打で勝ち越しに成功すると、古市も中前適時打で続いてたたみ掛けた。

　チームは前夜に延長12回の末にサヨナラ勝ち。連勝を6に伸ばし、5月16日以来、121日ぶりに勝率5割に復帰した。",[],[]
【平和島ボート　東京・大阪・福岡三都市対抗戦】折下寛法　エンジンで前に進んでいた（スポニチアネックス）,https://news.yahoo.co.jp/articles/94acacd36d2c42da7b9922a6626f38839d9ea53d,https://newsatcl-pctr.c.yimg.jp/t/amd-img/20260915-00000331-spnannex-000-3-view.jpg?exp=10800,2026-09-15T19:06:56+09:00,2026-09-15T19:15:53+09:00,スポニチアネックス,spnannex,スポニチアネックス,376,"勢いが光る折下寛法に注目だ
ボートレース平和島の「東京・大阪・福岡三都市対抗戦」は予選2日間を終えた。勢いがもっとも光っているのは、東京支部の折下寛法（52＝東京）だ。

　初日は2コース捲りと4コースから捲り差して、ただ一人連勝を飾った折下。2日目は6Rに1号艇で出走。インからコンマ12のトップスタートを決めて1マークは先マイを果たした。山田丈が差してバックで迫って来たが、抑えて逃げ切りに成功。3月11～16日の児島一般戦以来となる3連勝を飾った。

　「エンジンで前に進んでいました。出足、回り足寄りなのかな。伸びは伸び型の人に対してどうかだけど、その伸び型の人に対しても持たせられるかも」と舟足の感触は申し分ない。

　元来、速攻力が最大の武器で1着型のタイプ。3日目は7、12Rに6、5号艇で登場。外枠2走だが、緩めずに1マーク突破を図る。",[],[]
渡邊渚さん　「この時は珍しく…」タイ・バンコクでのミニワンピS公開（スポニチアネックス）,https://news.yahoo.co.jp/articles/028512af6e8a37b6aa67b2634942b541718ec3c0,https://newsatcl-pctr.c.yimg.jp/t/amd-img/20260915-00000330-spnannex-000-4-view.jpg?exp=10800,2026-09-15T19:03:00+09:00,2026-09-15T19:08:24+09:00,スポニチアネックス,spnannex,スポニチアネックス,259,"渡邊渚さんの公式インスタグラム（＠watanabenagisa_）から
元フジテレビアナウンサーで、現在はフリーで活躍する渡邊渚さん（29）が15日までに自身のインスタグラムを更新。タイ・バンコクでのショットを公開した。

　「普段一切運動しないし、一段でも段差を登りたくなくて、絶対エスカレーター派なのだけど、この時は珍しく登ってる」とつづった渡邊さん。

　赤と白のボーダーのミニワンピースで階段を上っている写真をアップした。

　「昔はジムに通って、運動してたのにな～笑」と振り返り、「
#バンコク
」と添えた。",[],[]
「令和10000号」はDeNA・蝦名達夫！　筒香の通算250号の「令和9999号」に続き節目弾連発（スポニチアネックス）,https://news.yahoo.co.jp/articles/e035812eb1f74e524e23d61c389f0b80e57b2551,https://newsatcl-pctr.c.yimg.jp/t/amd-img/20260915-00000329-spnannex-000-21-view.jpg?exp=10800,2026-09-15T19:02:09+09:00,2026-09-15T19:18:20+09:00,スポニチアネックス,spnannex,スポニチアネックス,522,"＜D・巨24＞2回、ソロを放ち吠える蝦名（撮影・光山　貴大）
DeNAの蝦名達夫が15日、プロ野球の「令和10000万号」を放った。4―1の2回、佐野の3ラン、筒香のソロに続き、この回、チーム3発目となる左越え5号ソロで一気に節目に到達した。
【写真あり】DeNA人気選手　元アイドルの交際相手と2ショット
なお、筒香が放った「令和9999号」となる右越え18号ソロは、自身通算250号。節目の一発が立て続けに飛び出し、横浜スタジアムはお祭り騒ぎだった。

▼令和の主な節目の本塁打

1号　　坂本勇人（巨人）　19年5月1日

1000号　栗山巧（西武）　19年8月17日

2000号　山田哲人（ヤクルト）　20年8月26日

3000号　浅村栄斗（楽天）　21年5月9日

4000号　塩見泰隆（ヤクルト）　21年10月10日

5000号　西川龍馬（広島）　22年8月7日

6000号　近本光司（阪神）　23年6月30日

7000号　オースティン（DeNA）　24年6月12日

8000号　万波中正（日本ハム）　25年6月8日

9000号　土田龍空（中日）　26年5月5日

10000号　蝦名達夫（DeNA）　26年9月15日",[],[]
コロッケ　明治座で「コロッケサンバ」披露、松平健ファンの優しさに「乗っかりました」今年10月発売予定（スポニチアネックス）,https://news.yahoo.co.jp/articles/859406dd9e8af9f13d8934504a6430f46bfda349,https://newsatcl-pctr.c.yimg.jp/t/amd-img/20260915-00000328-spnannex-000-5-view.jpg?exp=10800,2026-09-15T18:58:59+09:00,2026-09-15T19:01:52+09:00,スポニチアネックス,spnannex,スポニチアネックス,633,"フォトセッションに応じる（左から）辰巳ゆうと、松平健、コロッケ（撮影・松尾　知香）
ものまねタレントのコロッケ（66）と俳優の松平健（72）が15日、東京・明治座で45周年特別公演を行った。

　今年1月に上演した周年の公演が早くも再演。時代劇「暴れん坊将軍　THE　STAGE2　狙われた将軍」と、エンタメショー「マツケン・コロッケのゴールデンパラダイスショー」の2部構成で上演する。歴代最長尺となる松平の殺陣も見どころで、この日の公演では「初めて滑りました。勢いがつきすぎちゃった」と恥ずかしそうに打ち明けた。

　今年で芸能生活45周年を迎えたコロッケは、今年10月に発売予定の「コロッケサンバ」を披露する。「マツケンサンバ2」を超えるヒットは「難しいと思う」としながらも「松平さんのファンは出演者全員を応援してくれる。温かい感じになるのが素敵。だから乗っかりました」と話して笑わせた。

　共演する演歌歌手の辰巳ゆうとは松平のオーラに圧倒されたようで、「健さんと目が合うだけでセリフが飛びそうになる」とメロメロ。コロッケも「松平さんは人間じゃない。絶対に宇宙人ですよ」と続け、大ヒット曲「マツケンサンバ2」についても「大体みなさん幼稚園や小学校で踊ったことがあるので、客席が総立ちになる時があるんですけど、みんな踊れるんですよね」と熱弁。「今の芸能界で、そういったみんな踊れる曲は意外とない。それが凄い」と松平の偉大さを実感していた。公演は同所で30日まで。",[],[]
オリックス　守備の名手・宗佑磨に思わぬアクシデント　左翼線の打球に反応しそのまま三塁塁審に激突（スポニチアネックス）,https://news.yahoo.co.jp/articles/cba13706b581cf08a474381d9d22f97aa76037e0,https://newsatcl-pctr.c.yimg.jp/t/amd-img/20260915-00000327-spnannex-000-6-view.jpg?exp=10800,2026-09-15T18:58:14+09:00,2026-09-15T19:02:08+09:00,スポニチアネックス,spnannex,スポニチアネックス,255,"＜オ・ソ21＞4回、三塁の塁審とぶつかったオリックス・宗はしゃがみ込む（撮影・長谷川　柚香）
◇パ・リーグ　オリックス─ソフトバンク（2026年9月15日　京セラドーム）

　オリックス・宗が、思わぬ形で痛いアクシデントに見舞われた。
【写真あり】人気投手の女優妹、美人母顔出し！
4回2死一、二塁で柳町の左翼線への打球に反応も届かず、勢いそのまま嶋田三塁塁審に激突。思わずその場に倒れ込んだ。

　チームとして先制点を献上し、何より状態が心配されたが、何とか起き上がってプレー続行。場内からは拍手が送られた。",[],[]
テレ東　中村ゆりさんを追悼「ASAYAN」出演、BSで主演ドラマも「多くの人々に愛されていました」（スポニチアネックス）,https://news.yahoo.co.jp/articles/6794155a42775db9a0de3d8bc061e08478876a4a,https://newsatcl-pctr.c.yimg.jp/t/amd-img/20260915-00000326-spnannex-000-8-view.jpg?exp=10800,2026-09-15T18:57:23+09:00,2026-09-16T04:22:24+09:00,スポニチアネックス,spnannex,スポニチアネックス,464,"テレビ東京社屋
テレビ東京は15日、直腸がんで死去した女優の中村ゆりさんについて、「数々の作品で大変お世話になりました」と追悼のコメントを発表した。

　同局のコメントは以下の通り。

　俳優の中村ゆりさんの訃報に接し、謹んでお悔やみ申し上げます。中村さんには、テレビ東京で放送していた「ASAYAN」から1998年に「YURIMARI」としてデビューされて以来、BSテレ東にて主演を務められた「今夜はコの字で」シリーズ（2020年・2022年）をはじめ、テレビ東京のドラマ『ただ離婚してないだけ』（2021年）、『セレぶり3』（2009年）など、長年にわたり両局の数々の作品で大変お世話になりました。

　強い信念と温かい愛情をもって作品に向き合う姿や、いつも現場を和ませてくださる穏やかな人柄は、キャスト・スタッフをはじめ多くの人々に愛されていました。

　デビュー当時から今日に至るまで、作品へ注いでいただいた真摯な情熱と温かい人柄に深く感謝するとともに、これまでのご功績を偲び、安らかなご永眠を心よりお祈り申し上げます。",[],[]
神戸スキッベ監督「選手に休息を与えつつ、高いレベルで戦える選手を起用する」　16日にACLEポート戦（スポニチアネックス）,https://news.yahoo.co.jp/articles/438e3cafc99de30988ce762534b01c2c45752f14,https://newsatcl-pctr.c.yimg.jp/t/amd-img/20260915-00000325-spnannex-000-3-view.jpg?exp=10800,2026-09-15T18:55:43+09:00,2026-09-15T18:57:24+09:00,スポニチアネックス,spnannex,スポニチアネックス,422,"ACLE開幕ポート戦の前日会見に臨む神戸GK権田修一とスキッベ監督
神戸は16日、敵地でアジア・チャンピオンズリーグエリート（ACLE）開幕ポート戦（タイ）を迎える。前日会見に応じたミヒャエル・スキッベ監督は「昨季大会は準決勝で負けてしまったが今年は昨年より良い結果を残したい」と、アジア初制覇へ向けた強い意気込みを語った。

　ここからはJ1リーグ、天皇杯、ルヴァン杯を含めて4つのコンペティションに参加する。過密日程が待ち受ける中、この試合では「ここまで非常に良いプレーをしてきた選手たちに休息を与えつつ、高いレベルで戦える選手を起用する」とメンバーの入れ替えを示唆。FW大迫勇也やFW武藤嘉紀ら主軸が不在でも、FW小松蓮やMF飯野七聖らが躍動してリーグ戦で連勝してきた。MFエリキも完全移籍で加入した。

　GK権田修一も「自分たちのやってきた試合をして勝ちたい」。厚い選手層を武器に、悲願のアジアナンバー1へ向けた新たな一歩を踏み出す。",[],[]
巨人　戸郷翔征　石塚裕惺の失策も絡んで初回に4失点（スポニチアネックス）,https://news.yahoo.co.jp/articles/c7980e081311b759ae4658b6c872f0f7d7fd4a8a,https://newsatcl-pctr.c.yimg.jp/t/amd-img/20260915-00000324-spnannex-000-8-view.jpg?exp=10800,2026-09-15T18:53:56+09:00,2026-09-15T19:19:23+09:00,スポニチアネックス,spnannex,スポニチアネックス,300,"＜D・巨24＞初回、4失点を喫した戸郷（撮影・光山　貴大）
◇セ・リーグ　DeNA―巨人（2026年9月15日　横浜）

　先発の巨人・戸郷翔征投手（26）が初回から4失点した。
【写真】＜D・巨24＞初回、宮崎の打球を失策する石塚
1―0の初回。1死から牧に左越え同点ソロを被弾した。さらに佐野、筒香に連続四球を与えて1死一、二塁。宮崎にゴロを打たせるも三塁・石塚裕惺内野手（20）がまさかの“お手玉”。併殺かと思われたが一転、満塁にピンチが拡大した。

　続く蝦名は見逃し三振に打ち取るも、林に中前2点打、古市に左前適時打を許した。

　初回だけで43球を投げ4失点の立ち上がりとなってしまった。",[],[]
広島　2回までに6得点と打線爆発　初回に坂倉が2試合連続の先制打　2回は中村奨成が特大1号2ラン（スポニチアネックス）,https://news.yahoo.co.jp/articles/f16c82a7086e0beed98fe694c1a8c45e6f38276d,https://newsatcl-pctr.c.yimg.jp/t/amd-img/20260915-00000323-spnannex-000-4-view.jpg?exp=10800,2026-09-15T18:52:21+09:00,2026-09-15T19:03:58+09:00,スポニチアネックス,spnannex,スポニチアネックス,283,"＜ヤ・広24＞初回、先制適時打を放った坂倉（撮影・尾崎　有希）
◇セ・リーグ　広島─ヤクルト（2026年9月15日　神宮）

　前日連敗を「3」で止めた広島打線が先発の吉村を攻め、序盤に大量リードを奪った。
【写真あり】超人気タレントがカープ入団会見？
初回1死一、二塁から坂倉が前日14日に続く先制打となる右前適時打。佐々木の遊ゴロ併殺崩れの間に2点目を挙げると、続くモンテロの適時二塁打でこの回3点を挙げた。

　続く2回には敵失も絡んだ1死一、三塁から、菊池の三ゴロ併殺崩れの間に4点目。さらに中村奨が左翼席中段へ運ぶ1号2ランを放ち、6―0とリードを広げた。",[],[]
【徳山ボート　G1ダイヤモンドカップ】山口剛「本体の底上げが必要」（スポニチアネックス）,https://news.yahoo.co.jp/articles/6307e6463e4226a78c56a8cc7ceb4791789cfe7e,https://newsatcl-pctr.c.yimg.jp/t/amd-img/20260915-00000322-spnannex-000-2-view.jpg?exp=10800,2026-09-15T18:51:06+09:00,2026-09-15T18:51:34+09:00,スポニチアネックス,spnannex,スポニチアネックス,276,"山口剛
ボートレース徳山のG1「ダイヤモンドカップ」は4日目を終えた。

　山口剛が待望の初白星をつかんだ。4日目11R、インからコンマ12の負けないスタートで逃走。それでも「このままでは競ったらやられる。試運転以上にレースでの感触が悪い」と実戦足の鈍さを痛感。準優での好走に向け、整備に踏み切る公算だ。「エンジンが温まったら良くないってことなので、本体の底上げが必要。異常がないのに部品を換えるわけだから、もっと悪くなる可能性もあります」。リスクを負ってでもやるだけやる。この判断が吉と出るか凶と出るか。2号艇で迎える11Rの直前気配から注目しよう。",[],[]
モリ夫、飯島愛さんの優しさに感動した出来事とは？「これは皆に言って歩きたいです」（スポニチアネックス）,https://news.yahoo.co.jp/articles/8e6f60fa45fa4be5ed296e4cb7ea7cb232ff1a9c,https://newsatcl-pctr.c.yimg.jp/t/amd-img/20260915-00000321-spnannex-000-4-view.jpg?exp=10800,2026-09-15T18:50:53+09:00,2026-09-15T19:14:45+09:00,スポニチアネックス,spnannex,スポニチアネックス,513,"「モリマン」のホルスタイン・モリ夫
お笑いコンビ「モリマン」のホルスタイン・モリ夫（53）が15日までに更新されたテレビ朝日の公式YouTubeチャンネル「動画、はじめてみました」に出演し、あの人気タレントの優しさに感動したエピソードを明かす場面があった。
【写真あり】金スマ、飯島愛さんへ5分40秒の追悼メッセージ
「まいにち大喜利」のお題で「平成っぽいなぁーと思うドッキリのタイトルとは?」というお題が出された。

　これにモリ夫が「若手芸人が数組集められて、財布を奪われて、飲食店に行ってくじを引いて当たらなければ、3日間ごはんが食べられないドッキリ」と答えてスタジオをざわつかせたが、なんと「リアルにあったことなんですよ」と明かした。

　「何も聞かされないんで怖かったですよ。夜はホテル監禁で、本当にごはんも買いに行けなくて」と言い「アシスタントが飯島愛さんで。ディレクターが“飯島愛さんが『女の子は（無理をさせたら）絶対にダメ』って、おじやの差し入れです”って。これは皆に言って歩きたいです、感動しましたね。（企画の趣旨を壊さないように）量も少なくてほどよいんですよ、あげすぎでもないっていう」と感謝を語っていた。",[],[]
【徳山ボート　G1ダイヤモンドカップ】春園功太「ギリギリ」表情は曇る（スポニチアネックス）,https://news.yahoo.co.jp/articles/677cd19feb5b4aed29ae1968629adcbe38c32b2f,https://newsatcl-pctr.c.yimg.jp/t/amd-img/20260915-00000320-spnannex-000-2-view.jpg?exp=10800,2026-09-15T18:47:07+09:00,2026-09-15T18:47:35+09:00,スポニチアネックス,spnannex,スポニチアネックス,280,"春園功太
ボートレース徳山のG1「ダイヤモンドカップ」は4日目を終えた。

　3日目後半は4カド捲り、4日目は7R1走で青木のツケマイに耐えての逃げ。日またぎの連勝で予選突破を遂げた春園功太だが、成績とは裏腹に表情は曇っていた。「ギリギリ。青木さんが良くないので。ダメな勝ち方」と厳しいジャッジ。「石野さんがだいぶ伸びていた」と好機力者との差も明確で、良化を求めて11R発売中まで試運転に励んでいた。くしくも準優は白井、大峯、柳生と地元勢のそろう12Rに入ったが、この相手で優出すれば話題を呼ぶこと間違いなし。3枠からの激走で3回目のG1ファイナル入りを狙う。",[],[]
麻木久仁子　10月から放送大学2学期がスタート　将来の目標を掲げ「還暦女子の野望」（スポニチアネックス）,https://news.yahoo.co.jp/articles/7913fa29974693085e185411a7216a217ed67176,https://newsatcl-pctr.c.yimg.jp/t/amd-img/20260915-00000319-spnannex-000-5-view.jpg?exp=10800,2026-09-15T18:44:01+09:00,2026-09-15T18:45:35+09:00,スポニチアネックス,spnannex,スポニチアネックス,923,"10月から放送大学2学期がスタートする麻木久仁子
タレントで国際薬膳師の麻木久仁子（63）が、10月からスタートする放送大学での2学期への思いを明かした。将来的に生涯学習に関するコミュニティー作りへの構想も飛び出した。

　48歳で脳梗塞、50歳で乳がんを経験した麻木は、還暦を迎えたタイミングで2023年4月に放送大学に入学。自分の好きな科目を選択できる「選科履修生」となった。

　26年1学期は、「生涯学習支援の理論と実践」「災害社会学」「社会学概論」「都市と地域の社会学」「『方丈記』と『徒然草』」「生涯学習を考える」の6つの科目を選択。すべて「マルA」か「A」という高い評価で単位を取得した。

　生涯学習をテーマとする2つの科目について「子育てを終え定年退職した後に何を考えるかというと、“これからの自分自身の人生をどう彩っていくのか”という自己実現だと思った」と自身の経験を吐露。「学ぶことで喜びを感じるようになり、学んだことによってボランティア活動を始めたり、もう一度働き始めたりなど社会貢献につながっていけば、まだまだ自分を活かせると思います。そう考えたときに“何のために学ぶのか？”ということに対して、何かが見えてきたように感じました」と話した。

　10月から始まる2学期では「ライフサイクルの心理臨床」「社会・集団・家族心理学」「レジリエンスの科学」「現代国際社会と有機農業」「暮らしに役立つバイオサイエンス」の5科目を受講する。「放送大学で学んだことを活かして新しく挑戦してみたいことはありますか？」と質問されると、TBSのポッドキャスト「麻木久仁子の薬膳のある暮らし～心と体、ちょっと良い感じ～」を3月から始めたことを紹介。「私と同じように生涯学習に取り組んでいる人たちが、自己実現欲求みたいなものを持ち寄って、ポッドキャストから飛び出して、リアルにみんなで集まることができるプラットフォームみたいなものを作ることができたらいいなと思っています」と構想を語った。「放送大学に入学しなかったら、そんなことは思いもつかなかったと思いますが、それが、放送大学で3年半学んできた還暦女子の野望です（笑）」と笑顔をはじけさせた。",[],[]
DeNA・東克樹にアクシデント　鈴木大和の打球が右足甲を強襲　一度、ベンチに下がる（スポニチアネックス）,https://news.yahoo.co.jp/articles/796bcdb153c9584f875a3af114ff77331e092bcf,https://newsatcl-pctr.c.yimg.jp/t/amd-img/20260915-00000318-spnannex-000-18-view.jpg?exp=10800,2026-09-15T18:42:46+09:00,2026-09-15T19:21:47+09:00,スポニチアネックス,spnannex,スポニチアネックス,235,"＜D・巨24＞2回、足に打球が当たった東（撮影・島崎忠彦）
DeNAの東克樹投手が打球が右足に当たるアクシデントに見舞われた。

　4―1の2回1死、巨人・鈴木大のゴロが右足甲付近を強襲。その場でうずくまり、トレーナーに付き添われてベンチに下がった。
【写真】＜D・巨24＞2回、ダルベックを打ち取った東
東に当たって方向が変わった打球は、遊撃・林の前に転がり、鈴木大はアウトに。左腕もベンチで状態を確認後にマウンドに戻り、増田陸を打ち取ってこの回、無失点で切り抜けた。",[],[]
勝俣州和「誰にも言ってないけど」　ロケでその“技”をマネているタレント実名告白「やるときあります」（スポニチアネックス）,https://news.yahoo.co.jp/articles/8c869a9497da42097ee794696bd3119a4816d645,https://newsatcl-pctr.c.yimg.jp/t/amd-img/20260915-00000317-spnannex-000-4-view.jpg?exp=10800,2026-09-15T18:38:10+09:00,2026-09-15T18:41:26+09:00,スポニチアネックス,spnannex,スポニチアネックス,881,"勝俣州和
タレントの勝俣州和（61）が14日深夜放送のTOKYO　FM「TOKYO　SPEAKEASY」（月～木曜深夜1・00）に出演。実はロケでマネをしているというタレントを実名で明かす場面があった。
【写真あり】ロケでその“技”をマネているタレント
この日は俳優の柳沢慎吾とともに出演。昨年、還暦を迎えた勝俣だが、「僕、本当に40（歳）ぐらいだと思われてるんですよ。20代の頃から写真見ても、なーんにも変わってない。芸能界の位置的にも、なんかいつまでもトップバッターだし。普通ならもうベテラン」としつつ「同い年の人たちとか、だいたいVTR見てる。（でも）VTRの中にいる」と笑った。

　そんな中、勝俣は「誰にも言ってないけど、慎吾さんのロケを見てて、意外とマネているところがあるんですよ」と告白。「慎吾さんのロケで凄い好きなのは、例えば商店街とか行くと、おばさんは何も手を出してないのに“何！？”って握手しに行く。あたかも、そのおばさんが“握手して”って言ったかのごとく、近づいていってって握手して、握手して、ハグもして、“離せよ！”って。俺、凄い好き。あれを俺、意外とやるときありますよ」と明かした。

　「慎吾イズムですよ、僕。だから、それは誰も知らない。柳沢慎吾のファンだったら“あ、あれ慎吾さんだ”って。笑ってくれると思う」とニヤリ。

　柳沢も「この間もいっぱい売ってるところで“わー！ 慎吾ちゃーん！！”とかね。自分から行ってるんだよね。スタッフには（他のタレントにいってるところは）“カットしとけ”って。向こうは何も来ないんだよ。映像を見れば“凄い人気なんだ”っていう」とぶっちゃけた。

　勝俣は「女子大生とか高校生ってもう知らないじゃないですか。その子たち見て“キャー！！”って言うと、向こうも“キャー！！”って言うんですよ。“キャー！！”から使えばいいんですよ」と裏技も暴露。「言うと、向こうが反応するんです。で、そこから使うんです。向こうの反応から。テンション上がる仕掛けをやると、みんな“わー！！”って盛り上がるんです」と明かした。",[],[]
ヤクルト　今季初の中4日で先発の吉村貢司郎は「鬼門」の初回に3失点　池山監督「間隔を空けても…」（スポニチアネックス）,https://news.yahoo.co.jp/articles/ec5c99289d591ebb663f4a56b91805309097cd31,https://newsatcl-pctr.c.yimg.jp/t/amd-img/20260915-00000316-spnannex-000-6-view.jpg?exp=10800,2026-09-15T18:38:02+09:00,2026-09-15T18:40:44+09:00,スポニチアネックス,spnannex,スポニチアネックス,493,"＜ヤ・広24＞ヤクルト先発・吉村（撮影・尾崎　有希）
◇セ・リーグ　ヤクルト―広島（2026年9月15日　神宮）

　今季初めて中4日で先発したヤクルト・吉村貢司郎が「鬼門」の初回にまたも失点した。
【写真あり】WBCで来日した“奇跡の美少女”　渋谷でのプラベショット
先頭・佐藤啓にいきなりストレートの四球。菊池の右前打などで1死一、三塁とされ、4番・坂倉に先制の右前適時打を許した。

　さらにモンテロの左中間二塁打などで3点を失った。

　吉村はこれでシーズン65失点のうち初回の失点が18点と、全体の3割弱を占める。これで直近8試合のうち7試合で初回に失点したことになる。

　今季は開幕投手を務めたが、この試合まで19試合で4勝11敗、防御率4・82。池山監督は中4日起用の理由について「間隔を空けてもだらしない投球ばかりなので。（間隔が）短くなって、ああだこうだと考えずにいけるのかな、と」と説明。

　「後がないっていうね。中6日、中8日でいって駄目、駄目で、中4日で駄目だったらもう投げる場所がなくなってくるからね」と話していたが、右腕にとって苦しい立ち上がりとなった。",[],[]
西武　先発回避の平良海馬が2番手で異例の登板　初回はプロ初先発の森脇が3者凡退（スポニチアネックス）,https://news.yahoo.co.jp/articles/e98ed75f05567a6053fcaa9aff4e22b43d0601a0,https://newsatcl-pctr.c.yimg.jp/t/amd-img/20260915-00000315-spnannex-000-6-view.jpg?exp=10800,2026-09-15T18:34:41+09:00,2026-09-15T18:38:14+09:00,スポニチアネックス,spnannex,スポニチアネックス,245,"＜楽・西23＞2回から2番手で平良が登板（撮影・篠原岳夫）
◇パ・リーグ　西武―楽天（2026年9月15日　楽天モバイル　最強パーク宮城）

　先発予定だった平良海馬投手（26）が2回から2番手として登板した。
【写真あり】森香澄“あざと可愛い”始球式　ポニテ＆ミニスカでノーバン惜しい！
平良は楽天戦に登板予定だったが首の張りで回避し、森脇が予告先発として発表されていた。15日の試合前練習ではブルペンに入るなどして調整。2回にはYG安田との対戦で157キロを計測。2回を3者凡退とした。",[],[]
島田珠代　鉄板ネタが東京でも大ウケ「東京の方はパンティーが好きなんでしょうね」（スポニチアネックス）,https://news.yahoo.co.jp/articles/6ff2c9cae8a375539d06407f95a9282293995dc5,https://newsatcl-pctr.c.yimg.jp/t/amd-img/20260915-00000314-spnannex-000-6-view.jpg?exp=10800,2026-09-15T18:33:50+09:00,2026-09-16T04:24:25+09:00,スポニチアネックス,spnannex,スポニチアネックス,316,"「東京グランド花月」の初日を迎えた島田珠代
吉本新喜劇の島田珠代（56）が15日、東京・水道橋のIMM　THEATERで初日を迎えた「東京グランド花月」（21日まで）に出演した。

　同公演は大阪の劇場・なんばグランド花月で行われている看板寄席の東京版。珠代は「出張版と言わず、毎日毎日公演ができて、東京の方も通ってくれたらいいなと思います」と充実した表情を浮かべた。

　鉄板ネタ「パンティーテックス」を披露し「大阪よりも盛り上がってくれている。東京の方はパンティーが好きなんでしょうね」とニヤリ。東京で「パンティーテックス」を見せたい芸能人を聞かれると「菊池風磨さんとか、timeleszのメンバーに見てほしい」と野望を語った。",[],[]
高橋藍、ロスまでフル回転宣言「常に勝ちにこだわる」欧州CL＆ポーランドL制覇の新挑戦（スポニチアネックス）,https://news.yahoo.co.jp/articles/1aa2ce569afc30e586972c7d2bb7aa400c801b47,https://newsatcl-pctr.c.yimg.jp/t/amd-img/20260915-00000313-spnannex-000-6-view.jpg?exp=10800,2026-09-15T18:24:05+09:00,2026-09-16T00:26:13+09:00,スポニチアネックス,spnannex,スポニチアネックス,860,"＜サントリースポーツ新プロジェクト発表会＞トークする高橋藍（撮影・大城　有生希）
バレーボール男子日本代表のエース高橋藍（25＝ルブリン）が15日、都内で会見し、サントリースポーツ株式会社とアンバサダー契約を結んだ。今月29日から「乾杯までがスポーツだ！」プロジェクトも始動する。

　日本代表は28年ロサンゼルス五輪切符を獲得し、本大会でのメダル獲得に向けたフェーズに移る。高橋は今季から新天地ポーランドリーグに初挑戦。イタリアやトルコと並ぶ世界最高峰のリーグで「一番成長できる環境を求めてやっていきたい。どれだけ力が通用するか。自分のバレーボールスタイルで挑戦したい」と語った。

　五輪までの残り2年も「あまり時間がない」と危機感も隠さない。強豪ルブリンでは「欧州チャンピオンズリーグが経験できるので優勝、リーグ優勝を目指す。五輪が決まって、常に勝ちにこだわってやっていきたい」と決意を込める。

　ポーランドのイメージは「イタリアより高さやパワーがある」と言い、自身の武器については「ディフェンスができて、うまさやブロックを使うスパイク。かしこさ、技術、精度の高さで戦っていきたい」と語った。

　代表シーズンに目を移せば、来年はW杯の戦いも待つ。「自分の考えは常に高いレベル、バレーボールに身を置きたい」と強調。「戦い方はチームが決める」と前置きした上で「やっぱり常に日本代表で世界の選手と戦っていきたい」とフル回転を誓った。まずはポーランドで結果を残すために全力を注ぐ。

　連覇を果たしたアジア選手権後には祝勝会を開いたという。選手たちは決勝戦の激闘を振り返りながら「何が良かったのか、何ができなかったのか。振り返りをすることが多かった」と会話を振り返る。「乾杯までがスポーツだ！」プロジェクトにちなんで「飲める選手はビールで乾杯しました」と笑顔で明かした。

　この日は大人気ドラマ「VIVANT」でも話題の神田明神近くで会見を行った。商売の神様でもあり、縁起の良い場所からロス五輪へ再スタートを切った。",[],[]
結婚&妊娠公表の川口春奈「家族とゆるゆる旅行」　飾らない姿に反響「親近感湧いて嬉しい！」（スポニチアネックス）,https://news.yahoo.co.jp/articles/27334ed167495fe508ee2342896a316ba704e35c,https://newsatcl-pctr.c.yimg.jp/t/amd-img/20260915-00000312-spnannex-000-4-view.jpg?exp=10800,2026-09-15T18:22:18+09:00,2026-09-15T18:30:37+09:00,スポニチアネックス,spnannex,スポニチアネックス,382,"川口春奈
女優・川口春奈(31)が15日までに公式YouTubeを更新。家族旅行の様子を公開した。
【写真あり】川口春奈おなかふっくら！　結婚＆妊娠発表後初の公の場に登場
川口は「家族とゆるゆる旅行」と題した動画を投稿。姉一家と千葉を旅行したようで、海辺を散策したり、愛犬と散歩したり、甥っ子と遊ぶ様子が公開された。

　動画では、風呂上がりの“すっぴんショット”など飾らない姿を披露。「はーちゃん大切なプライベート時間で動画回してくれて私たちに共有してくれてありがとう」「甥っ子とのやりとりが姉弟みたい」「こんな寝っ転がりながらUNOしてる女優初めて見た　親近感湧いて嬉しい！」等のコメントが寄せられた。

　川口は8月2日にサッカー日本代表DF板倉滉との結婚と、第1子妊娠を発表。結婚&妊娠報告後初の動画更新だっただけに、祝福のコメントも多数書き込まれていた。",[],[]
声優事務所　所属タレントに対する肖像の無断使用・転載を注意喚起　速水奨ら所属「Rush　Style」（スポニチアネックス）,https://news.yahoo.co.jp/articles/5babe555f48fae9845d3d127700b0dca62a3ea96,https://newsatcl-pctr.c.yimg.jp/t/amd-img/20260915-00000311-spnannex-000-4-view.jpg?exp=10800,2026-09-15T18:22:05+09:00,2026-09-16T04:24:31+09:00,スポニチアネックス,spnannex,スポニチアネックス,283,"事務所「Rush　Style」のX（@RUSHSTYLE_J）から
声優の速水奨、中村カンナらが所属する事務所「Rush　Style」が15日、所属タレントに関する肖像の無断使用・転載について公式サイトで注意喚起した。

　同事務所は「弊社所属タレントに関する肖像の無断転載について」として公式サイトを更新し「弊社所属タレントに対する肖像の無断使用・転載が一部SNSやインターネット上において確認されました」と報告。

　無断使用・転載に対して「画像や動画等の無断使用・転載はおやめ下さい」と注意喚起し「ご理解ご協力の程、何卒よろしくお願いいたします」と呼びかけた。",[],[]
楽天―西武戦の試合前に仙台89ERSがBプレミア開幕に向けた壮行式を開催（スポニチアネックス）,https://news.yahoo.co.jp/articles/1e684bf17456e883c311260554579234e8c7d49a,https://newsatcl-pctr.c.yimg.jp/t/amd-img/20260915-00000310-spnannex-000-9-view.jpg?exp=10800,2026-09-15T18:21:52+09:00,2026-09-16T03:54:45+09:00,スポニチアネックス,spnannex,スポニチアネックス,595,"＜楽・西23＞まもなく開幕するBリーグプレミアの仙台89ersの壮行会が行われる（撮影・篠原岳夫）
Bリーグの仙台89ERSが15日、楽天―仙台戦（楽天モバイル　最強パーク）の試合前にBプレミア開幕に向けた壮行会を開催した。

　選手を代表してキャプテンを務める渡辺翔太が「一緒に宮城を盛り上げていきたいので、応援よろしくお願いします」とあいさつ。セレモニアルピッチではジャレット・カルバー、片岡大晴の両選手が見事なノーバウンド投球を披露した。

　仙台89ERSは26日に秋田ノーザンハピネッツと開幕戦を戦う。

　▼ジャレット・カルバー　速いボールを投げることだけに集中しすぎて、ローボールになってしまいましたが、初めての野球のスタジアムで、バスケットボールとは違った雰囲気の中投げることができて本当に楽しかったです。今月開幕するBプレミアファーストシーズンでは、仙台のファンに優勝を届けるために全力で戦っていきます！

▼片岡大晴　自分の知らない世界を体験できてすごく楽しかったです。かなり高めの球になったので、届きすぎたかなと思います（笑）楽天イーグルスも仙台89ERSも、この東北、宮城、仙台への想いを持って頑張っている仲間なので、楽天イーグルスファンの皆さんにも、同じ仲間としてぜひ僕たちを「黄援」してほしいです。僕も仙台出身の選手として盛り上げられる存在になりたいと思います。",[],[]
巨人・平山功太　今季2本目の先頭弾　14日に1軍昇格しスタメン起用に応える（スポニチアネックス）,https://news.yahoo.co.jp/articles/22b2a873c191c31068c989b5846e7d17c87abb46,https://newsatcl-pctr.c.yimg.jp/t/amd-img/20260915-00000309-spnannex-000-6-view.jpg?exp=10800,2026-09-15T18:17:21+09:00,2026-09-15T18:28:10+09:00,スポニチアネックス,spnannex,スポニチアネックス,397,"＜D・巨24＞初回、先頭打者弾を放ちナインに迎えられる平山（撮影・光山　貴大）
◇セ・リーグ　巨人―DeNA（2026年9月15日　横浜）

　巨人の育成出身の3年目・平山功太内野手（22）が今季2本目の先頭打者アーチを放った。
【写真あり】WBCで来日した“奇跡の美少女”　渋谷でのプラベショット
この日は、浦田が前日の二塁守備で右肘を強打した影響でベンチ外となり、代わって「1番・右翼」に入った。初回に東の2球目のツーシームを捉え、逆方向の右翼席へ運ぶ3号先制弾。5月19日のヤクルト戦（いわき）以来4カ月ぶりの一発で、先頭打者弾も同戦以来のプロ通算2本目となり、スタメン起用にいきなり応えた。

　14日に1軍昇格したばかりで、12日のファーム・リーグのハヤテ戦で満塁本塁打を放つなど、状態を上げており「緊張はするけど、あまり気負いすぎずに自分ができることをやっていきたい」と話していた。",[],[]
勝俣州和　美輪明宏さんは「凄い良くしてくれた」　20枚のうちの1枚をもらった金色の名刺「なんで僕に」（スポニチアネックス）,https://news.yahoo.co.jp/articles/1c33ebf50bbcbd9a55d56efe9fa383a8a1cd7de1,https://newsatcl-pctr.c.yimg.jp/t/amd-img/20260915-00000308-spnannex-000-4-view.jpg?exp=10800,2026-09-15T18:11:28+09:00,2026-09-15T18:37:51+09:00,スポニチアネックス,spnannex,スポニチアネックス,689,"勝俣州和
タレントの勝俣州和（61）が14日深夜放送のTOKYO　FM「TOKYO　SPEAKEASY」（月～木曜深夜1・00）に出演。6月20日に死去した歌手で俳優・美輪明宏さん（享年91）との交流を明かす場面があった。
【写真あり】「凄い良くしてくれた」大物
この日は俳優の柳沢慎吾とともに出演。芸能界の先輩たちも次々にこの世を去っているという話題から、勝俣は「僕、美輪明宏さん。凄い良くしてもらって」と美輪さんについて言及した。

　「全然売れていない時ですよ。テレビのゲストで呼ばれてたんで、楽屋いると緊張するんで、20分ぐらい前から袖にいたんですよ。そしたら、たまたま美輪さんもゲストで袖に来て」と回顧。「僕一人だったんで美輪さんに“あ、おはようございます”って言ったら、“あなたのことを何回かテレビで見たけど、あなたのその優しさは凄く大切に育てていきなさい”って言って、金色の名刺をくれた。“美輪明宏”って書いてある。“何かあったらいつでも私が相談に乗るし、力になるわよ”って言ってもらって」と振り返った。

　「それを今でもずっと持ってるんですけど。後々何十年後かに聞いたら、その金色の名刺って20枚しか作ってないんですって。そのうちの1枚を、なんで売れもしない僕にくれたのかって」と勝俣。「それからテレビで美輪さんと一緒になる機会が凄く増えていって。

いつも褒めてくれて、ライブとか見に行っても楽屋で1人で行くと、抱きしめてくれたりとか。凄い良くしてくれた。“あなたの根っこにあるものを変えちゃダメよ”って。いろんなお話をめっちゃもらってましたよ」と感謝した。",[],[]
舟山久美子　家族5人で初の記念写真披露「今回はさすがに難しいかな…と半分諦めていた」けど（スポニチアネックス）,https://news.yahoo.co.jp/articles/f99e58e8c525e702b0f9349ce177a3ae1bf2ed2e,https://newsatcl-pctr.c.yimg.jp/t/amd-img/20260915-00000307-spnannex-000-4-view.jpg?exp=10800,2026-09-15T18:09:41+09:00,2026-09-15T18:15:52+09:00,スポニチアネックス,spnannex,スポニチアネックス,610,"舟山久美子の公式インスタグラム（@kumikofunayama)から
モデルでタレントの「くみっきー」こと舟山久美子（35）が15日、自身のインスタグラムを更新。家族5人で初めての記念写真を投稿した。
【写真】家族5人で寄り添う幸せいっぱいの一枚
8日にシンガポールで第3子男児を出産したことを報告している舟山は「家族5人で、初めての記念写真」と家族5人での写真を投稿。「改めて、たくさんのお祝いのコメントを本当にありがとうございます　みなさんの温かい言葉に、心から感謝しています」と感謝を記した。

　5人での撮影に「5歳の長男と、イヤイヤ期に差しかかってきた2歳間近の長女、そして、生まれたばかりの次男。今回はさすがに難しいかな…と半分諦めていたのですが、そこはさすがのプロのカメラマンさん。体感5分ほどで、大切な一瞬を収めてくださいました」と振り返った。

　現在の生活については「家族5人になってからの生活は、驚くほどあっという間に過ぎています」とし「貴重な新生児の時期もあっという間なので『もう少しゆっくり大きくなってね』と、すでに寂しい気持ちになっています」とつづった。

　また「とはいえ、現実は毎日バタバタ。子供達はかわいくてたまらないのに、いつもニコニコのママではいられない笑」とし「余裕がなくなる日もあるけれど、子どもたちと触れ合う時間を大切にしながら、にぎやかな毎日を楽しんでいます」などと伝えた。",[],[]
ジョイマン高木、平成バラエティーの太っ腹企画を回顧　驚きの景品を「もらいましたね」（スポニチアネックス）,https://news.yahoo.co.jp/articles/04213a785dac624fde95dd54818eb7f54ec0f2bc,https://newsatcl-pctr.c.yimg.jp/t/amd-img/20260915-00000306-spnannex-000-4-view.jpg?exp=10800,2026-09-15T18:07:53+09:00,2026-09-16T04:25:34+09:00,スポニチアネックス,spnannex,スポニチアネックス,318,"「ジョイマン」高木晋哉
お笑いコンビ「ジョイマン」の高木晋哉（46）が15日までに更新されたテレビ朝日の公式YouTubeチャンネル「動画、はじめてみました」に出演し、今では考えられない平成バラエティー太っ腹企画を語る場面があった。

　「まいにち大喜利」のお題で「平成の芸能界はよかったなぁ。何を思い出した?」というお題が出された。

　そこで高木が「何かよく分からないけど、ゲームをやったら車がもらえた」と回答すると、共演者から「たしかに!」の声が。

　高木が「18メートル上から小さい球を小さい筒に入れて、車をもらいましたね」と実体験だと明かすと、テレビっ子のMC「モグライダー」芝大輔は「すぐもらってたなぁ」と懐かしんでいた。",[],[]
長崎がブラジル人FWジョナタン・ジュニオール獲得を発表「この素晴らしい機会に感謝」（スポニチアネックス）,https://news.yahoo.co.jp/articles/73909da73d04b6009cba0a95e4cfbc947d015dd9,https://newsatcl-pctr.c.yimg.jp/t/amd-img/default.jpg?exp=10800,2026-09-15T18:06:44+09:00,2026-09-15T18:07:47+09:00,スポニチアネックス,spnannex,スポニチアネックス,509,"サッカーのJ1長崎は15日、ポーランド2部スタル・ジェシュフからブラジル人FWジョナタン・ジュニオール（27）を完全移籍で獲得したと発表した。

　身長178cmのジョナタン・ジュニオールは、センターフォワードを主戦場とするストライカー。母国ブラジルのアヴァイFCやアトレチコ・パラナエンセなどでプレーした後、ポーランドへ渡り、コトヴィツァ・コウォブジェク時代にはリーグ戦で23ゴールを挙げるなど高い得点力を発揮。昨季はスタル・ジェシュフでリーグ戦33試合12ゴール3アシストを記録した。

　現在14位からの巻き返しを図る長崎にとって、前線の起爆剤として大きな期待が懸かる。

　ジョナタン・ジュニオールはクラブを通じて以下のようにコメントを発表した。

　「V・ファーレン長崎のファン・サポーターの皆さん、こんにちは。ジョナタン・ジュニオールです。このクラブの一員になれたことをとてもうれしく思っています。この素晴らしい機会に感謝しています。チームの目標を達成するために、毎日全力を尽くします。皆さんと一緒にたくさんの喜びを分かち合えるよう頑張りますので、応援よろしくお願いします！スタジアムでお会いしましょう！」",[],[]
「こんな鳥谷敬が………好きだぁぁぁぁぁ！！！」阪神時代の後輩が明かした“カッコ良すぎる行動”（スポニチアネックス）,https://news.yahoo.co.jp/articles/a0337e69fa37e26fd122e017c33204550ffa9c24,https://newsatcl-pctr.c.yimg.jp/t/amd-img/20260915-00000304-spnannex-000-6-view.jpg?exp=10800,2026-09-15T17:59:56+09:00,2026-09-15T18:03:35+09:00,スポニチアネックス,spnannex,スポニチアネックス,1249,"今成亮太氏（阪神提供）
日本ハムと阪神でプレーした今成亮太氏（38）が14日に放送されたBS10の野球トークバラエティー「ダグアウト!!!」（月曜後9・00）にゲスト出演し、憧れの先輩について語った。
【写真】憧れの先輩から送球のアドバイスもらう今成氏
この日は元広島投手の中田廉氏（36）とともに出演。3学年違いで所属した球団も現役時代のポジションも違うが、仲がいいということでそろってゲストに招かれた。

　そのなかで「カッコ良すぎる先輩の行動」というトークテーマになった時だった。

　今成氏は阪神時代の先輩である福留孝介氏（49）について話したのだが、2つのエピソードを話したところで福留氏のPL学園野球部の後輩でもあるMCの上重聡（46）が「あの…今成さん。大変申し訳ないですけど、前回もその話を…」と2024年11月28日の放送回でも同じ話をしていたと指摘され、「えっ？やっぱり…」と真顔になって絶句。直後に背後のセットもタイミング良く？崩れて落下するというハプニングもあり「セットも激怒」のテロップまで出されて盛大にいじられた。

　ショックの色が隠せない今成氏だったが、「鳥谷さんの話、しました？僕」と確認してから鳥谷敬氏（45）についてのトークに即座に切り替える。

　「鳥谷さんってどちらかというと皆さんのイメージでいうと無口、クールだと思うんですけど、僕らとしてはそんなイメージは一切ないです。普通にしゃべってくれますし、飲みに行ったら“おぉ～いぃぃぃ！！！”みたいなことも言ってくれる」と気さくな人柄について語り出した。

　そして、「僕らの世代って、廉ちゃんもそうだと思うんですけど、上がバンッ！と言うじゃないですか。指導したがる先輩、結構多いんですよ。でも、鳥谷さんは一言もしゃべらない。カッコいいなと思ったのは“なんか困ったことあったらいつでも話して来いよ”って言われました。で、“鳥谷さん、最近バッティングが全然ダメで”って言ったらずーーーっと僕のこと見てくれて。“お前のいい時はこうなって、こうなって…”って。“今悪いのはこうなってるから、こうやったほうがいい”“トレーニングはこれとこれとこれをやると改善されると思うよ。やってみな”って言われるんです」とやりとりを明かした。

　「それをやった次の日にパーーーン！！！と打って。チラッと（鳥谷先輩のほうを）見るじゃないですか。普通だったら“ホラ、言ったやろ”ってなるじゃないですか。でも、パッと見たら…」

　鳥谷先輩のほうに視線を送ると、笑みを浮かべながら無言でこちらを小さく指差してくる、当時も今も“男前”の鳥谷敬。

　今成氏は「こんな鳥谷敬が………好きだぁぁぁぁぁ！！！」と声を限りに叫んだあとで「これ話してない？大丈夫？」と再度確認し、上重に「話してない！」と言われるとホッと胸をなで下ろしつつ「でも、使うのは福留さんの話」と言われて「やめろ！！！ダグアウトやめてくれ！！！」と反省しつつ苦笑いだった。",[],[]
綱獲りに挑む霧島は3日目に土　大の里は盤石の3連勝　安青錦も難敵・琴勝峰を下して全勝守る（スポニチアネックス）,https://news.yahoo.co.jp/articles/2d20e94341e667557afaa3b7585f43c7470d5599,https://newsatcl-pctr.c.yimg.jp/t/amd-img/20260915-00000303-spnannex-000-8-view.jpg?exp=10800,2026-09-15T17:53:50+09:00,2026-09-15T18:01:46+09:00,スポニチアネックス,spnannex,スポニチアネックス,550,"＜秋場所3日目＞霧島（左）を引き落としで破る高安（撮影・郡司　修）
◇大相撲秋場所3日目（2026年9月15日　東京・両国国技館）

　大相撲秋場所は15日、3日目を迎え、横綱・大の里（26＝二所ノ関部屋）は結びで西前頭筆頭の琴栄峰（23＝佐渡ケ嶽部屋）を下して初日から3連勝とした。初対戦の相手を立ち合いから圧倒し、一気に土俵の外へ押し出す盤石の相撲だった。
【画像あり】著名人映り込みが話題！溜席に大物俳優と女優が「めっちゃ目立つ」
大関に復帰し、2場所連続優勝を狙う安青錦（22＝安治川部屋）は東前頭筆頭・琴勝峰（27＝佐渡ケ嶽部屋）を渡し込みで下して3連勝。過去1勝3敗と分が悪い相手に立ち合いから攻勢をかけられ、もろ手突きからのいなしで後ろを向く場面もあったが、素早く体勢を立て直して勝ちきった。

　綱獲りに挑む大関・霧島（30＝音羽山部屋）は大関経験者の東前頭2枚目・高安（36＝田子ノ浦部屋）に引き落としで敗れ、初黒星を喫した。立ち合いで押し込まれ、離れてから前に出たところで引かれ、土俵に手をついた。

　大関・琴桜（28＝佐渡ケ嶽部屋）は小結・大栄翔（32＝追手風部屋）をはたき込みで破り3連勝とした。激しい攻めを受けて後退したが、土俵際で前に出る相手を左から冷静にはたき込んだ。",[],[]
高岡早紀　4姉妹演じた中村ゆりさんを追悼「こいさんもお空に…」24年には“長女”中山美穂さんが急逝（スポニチアネックス）,https://news.yahoo.co.jp/articles/a7d0edbfed42ae98d118d428dba5212c282d5de9,https://newsatcl-pctr.c.yimg.jp/t/amd-img/20260915-00000302-spnannex-000-3-view.jpg?exp=10800,2026-09-15T17:40:09+09:00,2026-09-15T17:44:16+09:00,スポニチアネックス,spnannex,スポニチアネックス,348,"高岡早紀
女優の高岡早紀（53）が15日、自身のインスタグラムを更新。1日に直腸がんのため44歳で死去した女優・中村ゆりさんを追悼した。
【写真あり】中山美穂さんの急逝に中村ゆりさんが伝えていたこととは
高岡は「こいさんもお空に逝っちゃったんだね。。寂しい。心よりご冥福をお祈りします」と投稿。「なかんちゃんより」と続け、ハッシュタグで「平成細雪」と添えた。

　「平成細雪」は2018年1月に放送されたドラマ。谷崎潤一郎の名作「細雪」の舞台を戦前からバブル崩壊後に置き換え、中山美穂さん、高岡、伊藤歩、中村さんが名家の4姉妹を演じた。

　24年に中山さんが急逝した際、同ドラマのクランクアップでの写真を公開していた高岡。「とてもとても懐かしい…大切にしたい思い出がたくさん。。」と偲んでいた。",[],[]
高橋藍「もっとバレー界を盛り上げたい」サントリースポーツのアンバサダー就任　新企画も始動（スポニチアネックス）,https://news.yahoo.co.jp/articles/d7254bfbc2c5a2f65af99d219a01a23ec7a151ab,https://newsatcl-pctr.c.yimg.jp/t/amd-img/20260915-00000301-spnannex-000-5-view.jpg?exp=10800,2026-09-15T17:38:48+09:00,2026-09-16T00:28:15+09:00,スポニチアネックス,spnannex,スポニチアネックス,403,"サインを書いたバレーボールを手にフォトセッションに臨むサントリースポーツ株式会社森田壮一代表取締役社長と高橋藍（右）（撮影・大城　有生希）
バレーボール男子日本代表のエース高橋藍（25＝ルブリン）が15日、都内で会見し、サントリースポーツ株式会社とアンバサダー契約を結んだ。今月29日から「乾杯までがスポーツだ！」プロジェクトも始動する。

　2連覇したアジア選手権でMVPに輝き、日本の28年ロサンゼルス五輪切符獲得に貢献した高橋は「非常にうれしく思っている。サントリ―スポーツさんとともにバレーボールをもっともっとたくさんの方に知ってもらえるように一緒に力を合わせて頑張っていきたい」と語った。

　「高い目標を持って、言葉にすることで責任が生まれる」と言う高橋は「バレーを広めていくために、挑戦という気持ちを持っていろいろな活動をしたい。もっともっとバレーボール界を盛り上げたい」と言葉に力を込めた。",[],[]
【津ボート　にっぽん未来プロジェクト競走in津】渡辺雄斗「ゾーンにはいましたけど」（スポニチアネックス）,https://news.yahoo.co.jp/articles/dec4c3ea3a56202f76e886c79ee2e05c55ee0b18,https://newsatcl-pctr.c.yimg.jp/t/amd-img/20260915-00000300-spnannex-000-5-view.jpg?exp=10800,2026-09-15T17:38:41+09:00,2026-09-15T17:45:03+09:00,スポニチアネックス,spnannex,スポニチアネックス,320,"渡辺雄斗
ボートレース津の「にっぽん未来プロジェクト競走in津」は15日、4日目を終えた。

　地元初優出を目指し再調整を施す。渡辺雄斗は予選最終走の4日目4Rを5着に終わり、得点率は6・33で走り終えた。「ゾーンにはいましたけど、調整はちょっと合っていなかった。3日目後半が一番良かったです」。レース後はペラを確認して5日目に備えた。

　今年7月に多摩川のスポニチ杯でデビュー初優出して準V。若者にとって結果はなによりも自信になる。来期はA級を狙える力をつけてきた。きょうの準優勝戦は4号艇で12Rに出走する。「もうちょっと良くしたい。合えばターン回りがいいです。そろそろ地元で優出したいので」と意気込む。万全の準備をしてレースに臨む。",[],[]
ロッテ・毛利海大　16日の楽天戦に「早い回で失点しないようテンポよく」（スポニチアネックス）,https://news.yahoo.co.jp/articles/c87242d0c5482f5d54f395d5b34e7af52609413e,https://newsatcl-pctr.c.yimg.jp/t/amd-img/20260915-00000299-spnannex-000-6-view.jpg?exp=10800,2026-09-15T17:34:48+09:00,2026-09-16T03:57:53+09:00,スポニチアネックス,spnannex,スポニチアネックス,264,"ロッテ・毛利
ロッテの毛利海大投手が16日の楽天戦（ZOZOマリンスタジアム）に先発することが発表された。楽天は荘司康誠投手が先発する。

　球団新人では76年ぶりに開幕投手を務めたドラフト2位の毛利は、ここまで16試合に登板して3勝5敗、防御率5・21。前回9日の楽天戦は4回4失点と不本意な投球だった。

　そこから中6日でのマウンド。左腕は「前回の反省を生かし、早い回で失点しないようテンポよく投げることを心がけたいです。久しぶりの中6日ですが、コンデションもしっかり回復しているのでしっかり投げていきます」と意気込んだ。",[],[]
尾上松也　「何にでもとりあえず入れる」大好物とは　冷蔵庫に複数常備「めっちゃあります」（スポニチアネックス）,https://news.yahoo.co.jp/articles/67bfbcac0c6bdd6ebcb190f9d9fc7d579a6e2180,https://newsatcl-pctr.c.yimg.jp/t/amd-img/20260915-00000298-spnannex-000-6-view.jpg?exp=10800,2026-09-15T17:34:41+09:00,2026-09-15T17:44:59+09:00,スポニチアネックス,spnannex,スポニチアネックス,342,"尾上松也
歌舞伎俳優の尾上松也（41）が14日放送のTBSの料理番組「滝沢カレン＆和田明日香のフィーリンきっちん」（月～金曜前9・55）に出演。大好物を明かした。

　週ごとのテーマ食材とゲストの好物を使ってMCのフィーリングで料理する番組。この週は和田明日香がMCを務め、テーマ食材のカツオを料理した。

　松也の好きな食材が詰まった「夢の冷蔵庫」を開けると、目に飛び込んできたのはニンニク。「ニンニク大好きですね～」と話す松也をよそに、和田は「この辺がニンニクなのかな」と庫内のサイドポケットに並んだチューブにも注目。

　アシスタントの「ロッチ」コカドに「2個あるやん」とつっこまれると「めっちゃありますニンニクチューブ。何にでもとりあえずブチューって入れちゃうんで」と話した。",[],[]
大関昇進を目指す熱海富士は3日目に土　隆の勝に逆転の突き落としを食らう（スポニチアネックス）,https://news.yahoo.co.jp/articles/105f44f2e0d2c85b6fd2371b83431140274ee32a,https://newsatcl-pctr.c.yimg.jp/t/amd-img/20260915-00000297-spnannex-000-3-view.jpg?exp=10800,2026-09-15T17:34:34+09:00,2026-09-15T17:36:57+09:00,スポニチアネックス,spnannex,スポニチアネックス,270,"＜秋場所3日目＞熱海富士（右）を突き落としで破る隆の勝（撮影・郡司　修）
◇大相撲秋場所3日目（2026年9月15日　東京・両国国技館）

　大相撲秋場所は15日、3日目を迎え、場所後の大関昇進を目指す関脇・熱海富士（24＝伊勢ケ浜部屋）は東前頭4枚目・隆の勝（31＝湊川部屋）に突き落としで敗れて初黒星を喫した。

　立ち合いで激しく当たり、圧力をかけて前に出たが、土俵際で逆転の突き落としを食らい、外に飛び出した。これで隆の勝には3連敗となった。

　熱海富士は直近2場所で21勝。昇進の目安となる12勝へ向け、序盤で痛い１敗となった。",[],[]
ヤクルト　宮本丈が左大腿裏を痛めて出場選手登録抹消（スポニチアネックス）,https://news.yahoo.co.jp/articles/b28d1684136a635c183479888bf5673da2eeee2b,https://newsatcl-pctr.c.yimg.jp/t/amd-img/20260915-00000296-spnannex-000-9-view.jpg?exp=10800,2026-09-15T17:32:41+09:00,2026-09-16T03:57:50+09:00,スポニチアネックス,spnannex,スポニチアネックス,94,"ヤクルト・宮本
ヤクルト・宮本丈内野手（31）が15日、出場選手登録を抹消された。

　前日の広島戦の9回に代打で出場したが、試合中に左大腿裏を痛めたという。都内の医療機関で診察を受けた。",[],[]
【多摩川ボート　G1ウェイキーカップ】中山将　F2の重荷を背負うも目指すはG1初勝利（スポニチアネックス）,https://news.yahoo.co.jp/articles/1ab4d0c382835c5ae1cd17bcdac919a4e1bacc59,https://newsatcl-pctr.c.yimg.jp/t/amd-img/20260915-00000295-spnannex-000-2-view.jpg?exp=10800,2026-09-15T17:31:56+09:00,2026-09-15T17:32:22+09:00,スポニチアネックス,spnannex,スポニチアネックス,327,"中山将
ボートレース多摩川の「開設72周年記念ウェイキーカップ」が16日に開幕する。

　中山将（34＝三重）は今節がG1デビュー。目指すはG1初勝利だがF2の重荷を背負っての参戦に「スタートは頑張ってコンマ15は行きたい。ただ、無理はできない」とスリット勝負は封印せざるを得ない。

　だが、コンビを組む55号機は連対率40％超と素性はいい。多摩川は前回5月に10戦オール3連対の活躍で優勝しており、相性も悪くない。「伸びは普通で、特訓で誰が出て行くというのはなかった。手前の方で合わせたい。多摩川はイメージが凄くいい。広くて気持ち良くターンができる」と語る。

　16日の初日は4Rに6号艇、8Rに3号艇で登場。ターン勝負で水神祭を挙げたいところだ。",[],[]
横浜高校の元木大介Jr.デビュー　フリーアナの母・大神いずみさん観戦「幸せです」「今日は第一歩」（スポニチアネックス）,https://news.yahoo.co.jp/articles/1109bbf81c116bf2e7deea6fdf7220cdfa0cf303,https://newsatcl-pctr.c.yimg.jp/t/amd-img/20260915-00000294-spnannex-000-4-view.jpg?exp=10800,2026-09-15T17:30:47+09:00,2026-09-15T17:46:51+09:00,スポニチアネックス,spnannex,スポニチアネックス,500,"笑顔咲く元木（撮影・柳内　遼平）
◇秋季高校野球神奈川県大会3回戦　横浜18―4横浜栄（2026年9月15日　保土ケ谷）
【写真】横浜・元木瑛介のバッティング
秋季高校野球の神奈川県大会3回戦が行われ、横浜は18―4で横浜栄に7回コールド勝利した。

　10―3の7回には背番号24の元木瑛介（1年）が代打で公式戦初出場を飾った。

　遊撃手の失策で初出塁すると、その後に初得点。さらに打者一巡で再び打席が回ると、2度目の打席では左翼線に適時二塁打を放ち、初打点をマークし「「1年生なのでフレッシュに、思い切って打席に入ろうと思っていました。2打席目はタイミングを合わせてフルスイングできたらなと思っていて、ああいう結果が出ました。やっと横浜高校の一選手として活躍できてうれしかったと思っていました」と笑った。

　一塁側内野席ではフリーアナウンサーの母・大神いずみさんが見守った。「本当にホッとしています。ベンチに入れていただいて、横浜高校で野球ができていることが幸せです。（卒業する時に）“入ってよかったな”と最後に言えたらいいなと思います。今日はその第一歩だと思っています」と喜びを言葉にした。",[],[]
ヤクルト　ドラ1・松下歩叶、2年目・田中陽翔が1軍昇格で先発　池山監督「未来のヤクルトを背負って」（スポニチアネックス）,https://news.yahoo.co.jp/articles/f8a2e2bf46304bcfdf9aaaec5839279c283249df,https://newsatcl-pctr.c.yimg.jp/t/amd-img/20260915-00000293-spnannex-000-5-view.jpg?exp=10800,2026-09-15T17:29:01+09:00,2026-09-16T03:57:46+09:00,スポニチアネックス,spnannex,スポニチアネックス,314,"ヤクルト・松下
ヤクルトは15日、ドラフト1位・松下歩叶内野手（23＝法大）と、高卒2年目の田中陽翔内野手（20）を出場選手登録した。

　松下は今季ここまで24試合で打率・212、1本塁打、4打点。2軍調整を経ての1軍再昇格となり、池山監督は「2軍でもずいぶん試合に出て、スイングも大分戻ってきている」。1年目のシーズンは残り少ないが「いろいろな壁にぶちあたって、大きくなっていってもらえれば」と期待した。

　田中は今季22試合で打率・209、0本塁打、3打点。指揮官は「松下選手同様、未来のヤクルトを背負ってくれることを願っている」という大器だ。

　試合では松下が「7番・三塁」、田中が「8番・二塁」でスタメン出場する。",[],[]
新小結の伯乃富士は初日から3連敗　藤凌駕の圧力に後退…押し倒される（スポニチアネックス）,https://news.yahoo.co.jp/articles/62284a121a3dc203ed533ab879cc533de693c67b,https://newsatcl-pctr.c.yimg.jp/t/amd-img/20260915-00000292-spnannex-000-4-view.jpg?exp=10800,2026-09-15T17:25:15+09:00,2026-09-15T17:27:41+09:00,スポニチアネックス,spnannex,スポニチアネックス,238,"伯乃富士
◇大相撲秋場所3日目（2026年9月15日　東京・両国国技館）

　大相撲秋場所は15日、3日目を迎え、新小結の伯乃富士（23＝伊勢ヶ浜部屋）は西前頭4枚目・藤凌駕（23＝藤島部屋）に押し倒しで敗れた。
【画像あり】著名人映り込みが話題！溜席に大物俳優と女優が「めっちゃ目立つ」
低く当たって右ののど輪で攻めたが、相手の圧力にじわじわと後退し、土俵際で押し倒された。

　新三役の場所は、これで初日から3連敗と苦しいスタートになった。藤凌駕は3日目で初白星を挙げた。",[],[]
見上愛　中村ゆりさんを追悼「これからも、憧れの大好きな先輩です」　「エマージェンシーコール」で共演（スポニチアネックス）,https://news.yahoo.co.jp/articles/11f6d002754a9405d1fceafdd36ad7dc3ca9ecd7,https://newsatcl-pctr.c.yimg.jp/t/amd-img/20260915-00000291-spnannex-000-4-view.jpg?exp=10800,2026-09-15T17:22:37+09:00,2026-09-15T17:32:08+09:00,スポニチアネックス,spnannex,スポニチアネックス,302,"見上愛
女優の中村ゆりさんが1日、直腸がんのため死去した。44歳。女優の見上愛（25）が15日、自身のインスタグラムのストーリーズで追悼した。

　2人は2025年のフジテレビドラマ「119エマージェンシーコール」で共演していた。

　見上は「ゆりさん　いつも朗らかで優しくて、少しおっちょこちょいで、お茶目で。大先輩なのに、当たり前のように同じ目線に立ってお話ししてくださっていました」と振り返った。

　「そんなゆりさんの温かさに触れるたびに、いつかこんな人になりたいな、と尊敬していましたし、これからも、憧れの大好きな先輩です」としのび、「どうか、安らかに……ご冥福をお祈りいたします」と追悼した。",[],[]
ソフトバンク・周東佑京は試合前練習に参加　小久保監督「痛いのは痛いでしょうけど」（スポニチアネックス）,https://news.yahoo.co.jp/articles/7babc6924e736f17dbf8a8b60d8e8c801da46595,https://newsatcl-pctr.c.yimg.jp/t/amd-img/20260915-00000290-spnannex-000-8-view.jpg?exp=10800,2026-09-15T17:22:31+09:00,2026-09-16T03:58:50+09:00,スポニチアネックス,spnannex,スポニチアネックス,186,"＜ソ・ロ22＞9回　西川の2点適時二塁打の打球で足を負傷して交代する周東　（撮影・成瀬　徹）
ソフトバンクの周東佑京外野手が、15日のオリックス戦（京セラドーム）の試合前練習に参加。最後の組で打撃練習を行った。

　12日のロッテ戦で左膝裏を痛め、翌日の同カードはベンチからも外れ欠場していた。

　小久保監督は「本人の強い希望で。痛いのは痛いでしょうけどね」と説明した。",[],[]
北山たけし　4年ぶりに師匠・北島三郎が手がける新曲に手応え　「自分なりに成長した」（スポニチアネックス）,https://news.yahoo.co.jp/articles/23322ef1160a30258dcea3ec9743708b980b3ad9,https://newsatcl-pctr.c.yimg.jp/t/amd-img/20260915-00000289-spnannex-000-4-view.jpg?exp=10800,2026-09-15T17:21:21+09:00,2026-09-16T04:26:37+09:00,スポニチアネックス,spnannex,スポニチアネックス,473,"師匠の北島三郎が手がけた新曲「北の港」の発売記念取材会を開いた北山たけし
歌手の北山たけし（52）が15日、都内で新曲「北の港」の発売記念取材会を開いた。4年ぶりに師匠・北島三郎（89）が手がけた新曲で、「自分なりに成長したのかな」と手応えを語った。

　成長を実感した作品となった。2018年に提供を受けた「津軽おとこ節」ではレコーディング中に歌い方など多岐にわたる指導を受けていた。しかし、今回は歌い方についての指導は「吐息を使って歌え」と息使いを言われただけだったという。

　「50歳を過ぎてさらに演歌を深めていくポイントを教わって、自分も成長したなと思いました。でももっと叱ってほしかった…」とニヤリ。さらに「これまでは指導を受けるだけだったけど、自分からアレンジを意見できるようになった」と成長を実感できる場面があったという。

　シングルのA面は師匠の曲。B面は自身が作曲した「遠い故郷（）」が収録されている。「『A面に師匠、B面に北山たけし』と並ぶのが夢だった。実現したけど、師匠に伝えた時はすごい嫌な顔をしていた」と振り返った。",[],[]
“北島ファミリー”北山たけし　姉弟子・松原のぶえさんを偲ぶ　「優しい姉のような存在」（スポニチアネックス）,https://news.yahoo.co.jp/articles/dd381cfdfd6d59521d37ba3669149a1a72616135,https://newsatcl-pctr.c.yimg.jp/t/amd-img/20260915-00000288-spnannex-000-6-view.jpg?exp=10800,2026-09-15T17:20:56+09:00,2026-09-16T04:26:34+09:00,スポニチアネックス,spnannex,スポニチアネックス,368,"松原のぶえさん（1993年撮影）
歌手の松原のぶえさん（享年65）の訃報から一夜明けた15日、“北島ファミリー”の北山たけし（52）が追悼した。本紙などの取材に「すごく優しい姉のような存在だった」としのんだ

　松原さんは北島ファミリーの姉弟子という存在。自身が北島三郎（89）に弟子入りした当時に付き人としてつくこともあったという。「21歳頃からステージのお手伝いとかさせてもらって、その時からずっと“たけちゃん”って優しくしてもらっていた。本当に姉のような存在でした」と懐かしんだ。

　

　最後に顔を合わせたのは6月に行われた日本歌手協会主催のイベント。「その時に大江裕とのユニット『北島兄弟』と松原さんと3人で11月に行う予定だったライブが“楽しみ”という言葉をもらっていた。それが最後だったと思うと、非常に残念…」と悼んだ。",[],[]
吉本新喜劇座長・酒井藍　恩師との再会を報告　ほっこりエピにファン「柔道やってたのビックリ」「最高」（スポニチアネックス）,https://news.yahoo.co.jp/articles/7edf04a3c4e8cb20c80b90943a7907a20df07e92,https://newsatcl-pctr.c.yimg.jp/t/amd-img/20260915-00000287-spnannex-000-4-view.jpg?exp=10800,2026-09-15T17:18:43+09:00,2026-09-15T17:21:59+09:00,スポニチアネックス,spnannex,スポニチアネックス,579,"酒井藍のインスタグラム（@sakaiaisakaiai）から
吉本新喜劇座長の酒井藍（39）が15日、自身のインスタグラムを更新。恩師との再会を伝えた。
【写真】仲良し！恩師を“一本背負い”中の酒井
柔道2段の腕前を持ち、奈良県警の交通課で窓口業務を担当した経歴を持つ酒井。この日は「この前、柔道部の顧問の先生と10年以上ぶりに会って飲みに行ったよー」と報告。恩師との2ショット写真を披露した。

　そして「座長になった頃から、私の週の公演をこっそり立ち見で見に来てくれてたらしい」と明かし、「この日、初めて知りました　泣けました」と打ち明けた。

　また「先生に一本背負いをしたら、姿勢が悪いと指導されました」と、“指導中”の姿も。「そういえば足腰強化の為に、毎日5キロのダンベルをカバンに入れて通学させられてたなー　巨人の星みたいなトレーニングの仕方です」と懐かしんだ。

　その後、酒井を駅で見送る写真に「先生は、私が見えなくなるまでお見送りをしてくれました」とのコメントを添え、「泣けました　私はこれからも、先生ラブですーーーーーー」とつづった。

　この投稿にフォロワーからは「柔道やってたのビックリ！」「藍ちゃんいい笑顔です」「なんて素敵なの」「素敵な先生すぎます」「会えて良かったですね～」「ステキなエピソードだね」「最高」などの声が集まった。",[],[]
小腸がんステージ4公表の永島龍さん死去　24時間テレビで共演の志尊淳が追悼「ゆっくり休んでね」（スポニチアネックス）,https://news.yahoo.co.jp/articles/747979e7427eb63ef53fa4b5d6d4348ce952cff9,https://newsatcl-pctr.c.yimg.jp/t/amd-img/20260915-00000286-spnannex-000-4-view.jpg?exp=10800,2026-09-15T17:18:05+09:00,2026-09-15T17:29:53+09:00,スポニチアネックス,spnannex,スポニチアネックス,496,"俳優の志尊淳
俳優の志尊淳(31)が15日、自身のインスタグラムのストーリーズを更新。2025年放送の日本テレビ系「24時間テレビ48－愛は地球を救う－」で共演した永島龍さんの訃報を受け、故人を追悼した。
【写真あり】永島龍さんと笑顔で写真に納まる志尊淳
志尊は24時間テレビのチャリティーパートナーを務め、発症率が10万人に1人とされる小腸がんでステージ4と診断されながらも、SNSで闘病の日々を前向きに発信する永島さんを取材していた。

　永島さんのインスタグラムでは、親族が「突然のご報告となりますが9月10日7：47永島龍が安らかに永眠いたしました。これまで病気と向き合いながら家族との時間を大切にし そしてたくさんの方に『生きること』や『家族の大切さ』を伝え続けてきました」と伝えていた。

　訃報を受け、志尊は当該投稿を引用して「龍くん。龍くんの頑張る姿に、言葉に、笑顔に何回も背中を押されました。どんな時も前を向き続ける姿に、心配になる時もあったけど　それでも戦い続ける龍くんが残したもの、忘れません。本当に本当にありがとう。天国でゆっくり休んでね」とつづり、永島さんを偲んだ。",[],[]
堀内恒夫さんが絶賛「完璧だった…しっかり評価してあげなくちゃな」　サヨナラ負けの巨人でキラリ（スポニチアネックス）,https://news.yahoo.co.jp/articles/5025f3d0dd52ce26494d7783803dcb29fdcc35ff,https://newsatcl-pctr.c.yimg.jp/t/amd-img/20260915-00000285-spnannex-000-6-view.jpg?exp=10800,2026-09-15T17:17:12+09:00,2026-09-15T17:27:23+09:00,スポニチアネックス,spnannex,スポニチアネックス,545,"堀内恒夫氏
元巨人監督の堀内恒夫さん（78）が15日、自身のブログを更新。巨人がサヨナラ負けを喫した前日14日のDeNA戦（横浜）を振り返り、中山礼都外野手（24）のプレーを絶賛した。
【写真】延長12回、古市の犠打を悪送球する巨人・マルティネス
「中山礼都のバックアップが完璧だった件」のタイトルでエントリー。

　巨人は3―3で迎えた延長12回、無死一、二塁から古市の投前バントを処理したマルティネスが三塁ベースを見てから一塁に悪送球。その間に二走・松尾の本塁生還を許して今季5度目のサヨナラ負けを喫した。

　堀内さんはこの場面を振り返り、「このときライトの中山がいいところにバックアップして守っていたんだよ。マルティネスの悪送球を一塁後方で直接キャッチして本塁にもいいボール返してんだよね。これ、本塁にアウトにできるタイミングだった」と本塁セーフにはなったもののクロスプレーにした中山のバックアップと好返球を絶賛。

　「二塁走者の走りも褒めたいけど、こういう守備もしっかり評価してあげなくちゃな」と続けた。

　中山は中京大中京から2020年ドラフト3位で巨人入りし、今季がプロ6年目。それまで内野手だったが、昨季途中から外野手にも挑戦し、今季から登録も外野手に変更となっている。",[],[]
江川卓氏　2位・巨人に肉薄されても阪神が心理的に有利な理由「直接対決は1試合しかない」（スポニチアネックス）,https://news.yahoo.co.jp/articles/8a0af951be62c210020b30e5688177b2a4f8588f,https://newsatcl-pctr.c.yimg.jp/t/amd-img/20260915-00000284-spnannex-000-6-view.jpg?exp=10800,2026-09-15T17:13:50+09:00,2026-09-16T03:58:46+09:00,スポニチアネックス,spnannex,スポニチアネックス,496,"江川卓氏
元巨人エースの江川卓氏（71）が自身のYouTube「江川卓のたかされ」を更新。2位・巨人に0・5ゲーム差に肉薄されている阪神。それでも精神的に有利な理由を明かした。

　14日消化時点で阪神は優勝マジック15ながら2位・巨人と0・5ゲーム差。6連敗という現状もあって連覇が危うい印象を抱かせる。

　だが、江川氏は「残り4試合、今のところ阪神の方が多いの。そこがやってる選手がどう思うかというと、日程はきつくなるんだけど、試合数が残ってるっていうのは若干有利に働くんだよね」と説明した。

　阪神は残り17試合、巨人は13試合。

　江川氏は「直接対決は1試合しかない。残りの試合は試合は来年を考えたチームと対戦する」と指摘。優勝がなくなり、順位争いも落ち着いたチームは若手重用のゲームとなる。

　「そういうゲームを（4試合多く）できるタイガースの方が（実際のゲーム差より）1ゲームか1・5ゲーム（多い）差に感じてるんじゃないでしょうか」と心理的な有利を説明した。

　「（阪神が）試合数残してる方がジャイアンツは怖いんですよ」と、追われる立場ながら阪神が有利な理由を解説した。",[],[]
【PPP TOKYOプロレス】11・26後楽園でハヤブサが飯伏の愛弟子と激突「勝って飯伏と戦いたい」（スポニチアネックス）,https://news.yahoo.co.jp/articles/258e7269ad666c00af41e08585795d679efc0a19,https://newsatcl-pctr.c.yimg.jp/t/amd-img/20260915-00000283-spnannex-000-4-view.jpg?exp=10800,2026-09-15T17:12:33+09:00,2026-09-16T00:32:21+09:00,スポニチアネックス,spnannex,スポニチアネックス,1476,"11月26日、「PPP TOKYO」後楽園大会でハヤブサが飯伏の愛弟子・高橋と対戦する（主催者提供）
プロレス団体「PPP TOKYO」は15日、創業98年を迎えた新宿の水たき「玄海」で記者発表会を開催。11月26日の後楽園ホール大会の対戦カードを発表した。

　飯伏幸太の愛弟子・高橋幸光はZERO1のハヤブサと激突する。世代を超えたドリームカードが実現。飯伏幸太の正統後継者・高橋幸光とハヤブサによるドリームカードが決定した。高橋は飯伏の愛弟子であり、PPP TOKYOでも「8分間最強」の王座「エンペラーオブパーティー」に約1年間君臨した実績を持つ。

　今回の対戦は、飯伏自身の推薦によって実現。初代ハヤブサに憧れた飯伏の弟子が、その名を受け継ぐハヤブサと対峙（たいじ）する。飯伏と初代ハヤブサの対戦はかなわなかったが、その思いは世代を超え、令和のリングへ。当日は飯伏もセコンドとして登場する予定だ。会見したハヤブサは「高橋選手に勝って、復帰した飯伏選手と対戦したい」と発言。一方、挑発を受けた高橋は「そのカードは自分もファンとして見たいです」と天然ぶりをのぞかせた。ムエタイとプロレスの二刀流で活躍する天才ファイターが、師匠の思いを背負い大一番に臨む。

　また、PPP TOKYO初となるタッグ王座「FLAMES　OF　PARTY　－The　Twin　Souls　Championship－」の創設が発表された。名称には、勇気と情熱を象徴するタッグチームという意味が込められている。9月11日のTOKYO　SQUARE　in　Itabashi公演で開催されたワンデータッグトーナメントで優勝した八須拳太郎＆土肥こうじ組の希望を受け、同王座の創設が決定。トーナメント決勝と同一の対戦カードで、初代王者決定戦が行われる。

　女子最高峰の王座「ヴィーナスオブパーティー」のタイトルマッチも決定。初代王者・ちゃんよたが、3度目の防衛戦の相手としてマリーゴールド所属の山中絵里奈を逆指名した。

　両者は過去にもシングルマッチで対戦しているが、その際はフルタイムドローに終わっている。ちゃんよたは、今回の指名について抱負を語った。「このベルトは強さだけではなく、生き様をかけて闘う王座。私も絵里奈様も、王道のプロレスキャリアを歩んでいないからこそ、様々なキャリアを背負って闘う意味がある」。これを受け、挑戦者の山中も決意を表明した。「ちゃんよたも人生や団体を背負っているけれども、私もヨガスタジオを経営して、そこで働くスタッフの人生も、そして所属したマリーゴールドも背負って戦う」。異色の経歴を持つ2人が、それぞれの人生と背負うものを懸けて王座を争う。

　さらに、PPP TOKYO所属のエチカ・ミヤビが会社に希望の対戦カードを打診し「PREMIUM　WOMEN’S　BOUT　－最強域－　エチカ・ミヤビ＆HANAKO　vs　VENY＆彩羽匠」の一戦が決定した。エチカは、ちゃんよたの持つベルトを目指す一方で、自身にしかできない女子プロレスを追求し、「最強」への道を探求したいと語った。対戦相手は、エチカがレギュラー参戦するマーベラスで師と仰ぐ彩羽匠と、女子プロレス界のトップの一角を担うVENY。パートナーには、かつてしのぎを削った永遠のライバルであるスターダム所属のHANAKOを指名した。1メートル78のエチカと1メートル81のHANAKOによる長身タッグで、女子プロレス界の最強格を相手に「勝負論のある試合を見せたい」と意気込みを語った。",[],[]
尾上松也　本名明かす　幕末の偉人に由来「歴史の授業で出てくると…」（スポニチアネックス）,https://news.yahoo.co.jp/articles/616a5de60c18d5e34e567ade4477d76d7d4530b1,https://newsatcl-pctr.c.yimg.jp/t/amd-img/20260915-00000282-spnannex-000-5-view.jpg?exp=10800,2026-09-15T17:11:54+09:00,2026-09-15T17:16:13+09:00,スポニチアネックス,spnannex,スポニチアネックス,380,"尾上松也
歌舞伎俳優の尾上松也（41）が14日放送のTBSの料理番組「滝沢カレン＆和田明日香のフィーリンきっちん」（月～金曜前9・55）に出演。本名を明かす場面があった。
【写真あり】尾上松也　高校同級生の人気女優と2S
週ごとのテーマ食材を使ってMCのフィーリングで料理する番組。この週は和田明日香がMCを務め、テーマ食材のカツオを料理した。

　カツオといえば高知県。高知県とのゆかりを聞かれた松也は「僕、本名が龍一っていうんですけど、坂本龍馬からとってるんです」と告白。「うちの父親と母親が坂本龍馬を題材にした『寺田屋お登勢』っていう舞台で出会って結婚したんで」と由来を説明した。

　そのため坂本龍馬への思い入れは強いといい「小学校の頃とか、歴史の授業で坂本龍馬が出てくると、何かちょっと親戚のお兄さんが出てきたみたいな感覚にはなりましたね」と話した。",[],[]
勝俣州和　自ら有名大学を中退したワケ「その日に辞めたんです」　アイドルデビュー前の仕事も明かす（スポニチアネックス）,https://news.yahoo.co.jp/articles/2db8681b0d4c9e44bc8c6b173c18cc5aa96605a3,https://newsatcl-pctr.c.yimg.jp/t/amd-img/20260915-00000281-spnannex-000-4-view.jpg?exp=10800,2026-09-15T17:08:39+09:00,2026-09-15T17:41:31+09:00,スポニチアネックス,spnannex,スポニチアネックス,909,"勝俣州和
タレントの勝俣州和（61）が14日深夜放送のTOKYO　FM「TOKYO　SPEAKEASY」（月～木曜深夜1・00）に出演。教師を目指し通っていた大学を中退した意外な理由を明かす場面があった。
【写真あり】勝俣州和　「CHA-CHA」メンバー集合ショットに反響
この日は俳優の柳沢慎吾とともに出演。「劇男一世風靡」を経て、アイドルグループ「CHA-CHA」としてデビュー。芸能生活は38年となる。

　芸能界入りについて話をする中、勝俣は「僕は目指してなかったんで、芸能界」とさらり。「学校の先生になろうと思って日大に行ってたんですから。日本大学文理学部国文学科。桜上水の校舎に通ってたんですよ」と通っていた学校も明かした。

　学園ドラマを見て「教師になろう」と決意。「“生徒の相談に乗る”とか、“不良学生の悩みに乗る”とか、“親と仲悪いのを直しに行く先生になろう”と思って、日大に行ってたんですよ」と勝俣。それでも、大学4年春、教職員に「あと1年通ったら、先生になれますか？」と聞くと、「お前成績が真ん中ぐらいだからなれない」「成績が上位3人じゃないと無理」と言われてしまったという。「その日に辞めたんです」と明かした。

　柳沢が「え～！」と驚く中、「スパッと辞めたんですよ」と柳沢。「親父に電話して“仕送りはもういいです”って。“あと今年の授業料払わないでください”“先生になることを辞めます”って。“でも何か東京で残していく。自分で身につけていくので、ちょっと待っててください”って言って、一世風靡（劇男一世風靡）をやったんです。入って“根性つけよう”と思って」と振り返った。

　ただ、そもそも「（一世風靡に入っても）タレントになろうと思ってなくて、お弁当屋さんの店長やってたんで」とも。「大学に行ってる時から店長やってたんですよ。午前5時からの。大学辞めたんで店長は午前5時から夕方の4時までやって、その後一世風靡の稽古に行ってた」とした。

　その後、「“欽ちゃんの番組が始まるからオーディションに行け”って言われて行って、受かったんです、たまたま。今年で38年、芸能界入って」ともらした。",[],[]
巨人・前日守備で右肘負傷の浦田俊輔は欠場へ　橋上監督代行「ちょっと今日もあまり良くない」（スポニチアネックス）,https://news.yahoo.co.jp/articles/a09ea4ee6e3c4764fbb08eba719320516334a540,https://newsatcl-pctr.c.yimg.jp/t/amd-img/20260915-00000280-spnannex-000-6-view.jpg?exp=10800,2026-09-15T17:06:58+09:00,2026-09-15T17:16:30+09:00,スポニチアネックス,spnannex,スポニチアネックス,421,"＜D・巨23＞延長10回、蝦名の打球を好捕する浦田（撮影・須田　麻祐子）
前日の守備で右肘を痛めて途中交代した巨人・浦田俊輔内野手（24）について橋上秀樹監督代行（60）が15日、「ちょっと今日もあまり良くない。明日、明後日ゲームがないので、この期間を利用して、様子を見る形にしております。（今日は）あがりにしています」ときょう15日のDeNA戦（横浜）は欠場させる方針だと説明した。
【写真あり】中川安奈「ひとめぼれ！」巨人のジョーダンユニでヘソ出しコーデ披露
浦田は前日のDeNA戦の10回2死の守備で蝦名の二飛をスライディングキャッチした際に右腕をグラウンドに打ちつけて負傷。11回の打席に立ち中前打を放ち二盗も決めたが、直後の守備から退いていた。

　この日はウォーミングアップには姿を現したが、打撃練習などは行わず別メニュー調整だった。

　2年目の浦田は今季118試合の出場で、打率・271、リーグトップ36盗塁をマークしていた。",[],[]
【ファーム情報】5試合が中止　西武・仲三は地区トップ20号2ラン　ドラ5・横田は2安打で打率・311（スポニチアネックス）,https://news.yahoo.co.jp/articles/ad72b3eb3cf47ad7c9792a5bddf3d2271ba22ad2,https://newsatcl-pctr.c.yimg.jp/t/amd-img/20260915-00000279-spnannex-000-10-view.jpg?exp=10800,2026-09-15T17:05:31+09:00,2026-09-16T03:56:46+09:00,スポニチアネックス,spnannex,スポニチアネックス,377,"NPBロゴ
プロ野球のファーム・リーグは15日、東地区のロッテ―楽天戦（ロッテ浦和）、日本ハム―ヤクルト戦（鎌ケ谷）、交流戦のオイシックス―巨人戦（七尾城山）、西地区の阪神―広島戦（日鉄鋼板SGLスタジアム尼崎）が雨天中止。オリックス―ソフトバンク戦（杉本商事バファローズスタジアム舞洲）は4回表2死で降雨ノーゲームとなり、ナイターを含めて残り2試合が行われた。

　中地区の西武は中日戦（ナゴヤ）に8―4。先発・冨士が7回を5安打9奪三振2失点で5勝目（9敗）を挙げた。石井が3回の2号3ランなど2安打、仲三が5回に地区トップの20号2ラン。若林が2安打2打点、ドラフト5位・横田（山村学園）が2安打1打点。中日先発・松葉は2回を2安打2奪三振無失点で、2番手・高橋幸が2回4安打5失点で4敗目（4勝）。川上が2安打2打点、辻本と津田が2安打を放った。",[],[]
【高校野球】横浜の元木瑛介が初出場でいきなり適時二塁打「1年生なのでフレッシュに」　父は元木大介氏（スポニチアネックス）,https://news.yahoo.co.jp/articles/f4f6657ce698406d10b9b97680bdd88ce9aa68cf,https://newsatcl-pctr.c.yimg.jp/t/amd-img/20260915-00000278-spnannex-000-6-view.jpg?exp=10800,2026-09-15T17:02:02+09:00,2026-09-15T17:08:54+09:00,スポニチアネックス,spnannex,スポニチアネックス,521,"笑顔咲く元木（撮影・柳内　遼平）
◇秋季高校野球神奈川県大会3回戦　横浜18―4横浜栄（2026年9月15日　保土ケ谷）
【写真】横浜・元木瑛介のバッティング
秋季高校野球の神奈川県大会3回戦が行われ、横浜は18―4で横浜栄に7回コールド勝利した。

　10―3の7回には背番号24の元木瑛介（1年）が代打で公式戦初出場を飾った。遊撃手の失策で初出塁を飾ると、その後に初得点。さらに打者一巡で再び打席が回ると、2度目の打席では左翼線に適時二塁打を放ち、初打点をマーク。フリーアナウンサーの母・大神いずみさんが見守る前で見事に結果を残した。

　父は上宮で甲子園のスターとして活躍し、巨人で長らく活躍した元木大介氏。長男の翔大さんも大阪の強豪・履正社でプレーした。抜群の野球センスで“くせ者”とも呼ばれた名選手のDNAを持つ1年生が、名門校で大きな一歩を踏み出した。

　上々のデビューを飾ったジュニアは「1年生なのでフレッシュに、思い切って打席に入ろうと思っていました。2打席目はタイミングを合わせてフルスイングできたらなと思っていて、ああいう結果が出ました。やっと横浜高校の一選手として活躍できてうれしかったと思っていました」と振り返った。",[],[]
【多摩川ボート　G1ウェイキーカップ】須藤博倫　節目の2000勝まであと1勝（スポニチアネックス）,https://news.yahoo.co.jp/articles/4fc8784caf692ed7dd67aa665f7fff9d04ae59e7,https://newsatcl-pctr.c.yimg.jp/t/amd-img/20260915-00000277-spnannex-000-3-view.jpg?exp=10800,2026-09-15T17:00:52+09:00,2026-09-15T17:01:46+09:00,スポニチアネックス,spnannex,スポニチアネックス,323,"通算2000勝へ王手をかけている須藤博倫
ボートレース多摩川の「開設72周年記念ウェイキーカップ」が16日に開幕する。

　須藤博倫（48＝埼玉）は通算1999勝で今節に挑む。「もちろん意識している。前節の大村で達成つもりだったので、反省して勝てるように頑張りたい。準優、優勝戦を目標に、まずは2000勝達成を目指す」と気持ちを込めた。

　手にした56号機は近況の動きが芳しくないものの「前回の多摩川で良かった形にした。行き足は悪くない。スタートしてからも大丈夫。ターンの違和感もなかった」と手応えを得ていた。

　16日の初日は10Rに3号艇で登場。たっぷりある調整時間を生かして、さらなる底上げを図り、いきなりの記録達成といきたいところだ。",[],[]
「プロ野球　レジェン堂」15日午後10時から「追悼・張本勲さん」を放送　昨年3月放送回を再放送（スポニチアネックス）,https://news.yahoo.co.jp/articles/1e1f4338e9afc83057df264a40f82020e731241f,https://newsatcl-pctr.c.yimg.jp/t/amd-img/20260915-00000276-spnannex-000-4-view.jpg?exp=10800,2026-09-15T17:00:14+09:00,2026-09-15T17:10:35+09:00,スポニチアネックス,spnannex,スポニチアネックス,425,"張本勲さん
BSフジ「プロ野球　レジェン堂」（火曜後10・00）は15日の放送内容を変更し、「追悼・張本勲さん」として9日に86歳で亡くなった張本勲さんが出演した昨年3月11日の放送回を再放送する。
【写真】家族と写真に納まる少年時代の張本さん
前回8日は、7月21日に東京都内で公開収録された「第2回生トークイベント」の様子を放送。元阪神の掛布雅之氏（71）、元巨人の定岡正二氏（69）と篠塚和典氏（69）がゲストで、15日はその後編を放送すると予告されていた。

　張本さんは東映（現日本ハム）や巨人、ロッテで活躍。プロ野球歴代最多の3085安打をマークし、首位打者7度、最多安打3度、最高出塁率9度、ベストナイン16度を記録。首位打者7度はプロ野球記録で、1990年に野球殿堂入りしている。

　同番組は2023年11月に放送開始。フリーアナウンサーの徳光和夫（85）がMC、フジテレビの遠藤玲子アナウンサー（44）がアシスタントを務めている。",[],[]
鈴木えみ　41歳誕生日迎えた近影にファン「年々綺麗さが増すのはなぜでしょうか」「世界で1番かわいい」（スポニチアネックス）,https://news.yahoo.co.jp/articles/e6662dad32b5efd5f1d9e6ae28e573e4004160ee,https://newsatcl-pctr.c.yimg.jp/t/amd-img/20260915-00000275-spnannex-000-4-view.jpg?exp=10800,2026-09-15T16:58:59+09:00,2026-09-15T17:05:41+09:00,スポニチアネックス,spnannex,スポニチアネックス,383,"鈴木えみインスタグラム（@emisuzuki_official）から
モデルの鈴木えみ（41）が15日、自身のインスタグラムを更新。13日に41歳の誕生日を迎えたことを報告した。
【写真】13日に41歳誕生日を迎えた鈴木えみのアップショット
鈴木は「お誕生日近辺の写真たち」と書き出して「13日でレベルアップして41になりました！愛おしすぎる仲間たちにたくさんたくさんお祝いしてもらえました」と特製の誕生日ケーキを手にするショットなどを投稿した。

　誕生日を祝われたことに「地球に生まれてよかった」と実感し「いつもサポートしてくれるみんな、ありがとう」と感謝を伝えた。

　この投稿にフォロワーからは「年々綺麗さが増すのはなぜでしょうか」「こんな可愛い41!!」「お誕生日おめでとうございます」「カッコ良いなあ」「世界で1番かわいい」といったコメントが寄せられた。",[],[]
業師が本領発揮！宇良がとったりで王鵬を撃破　激しい攻防に国技館大歓声（スポニチアネックス）,https://news.yahoo.co.jp/articles/f93e1bf1742dd6af0f45cbf2a6fe222848dfc678,https://newsatcl-pctr.c.yimg.jp/t/amd-img/20260915-00000274-spnannex-000-4-view.jpg?exp=10800,2026-09-15T16:51:25+09:00,2026-09-16T00:33:25+09:00,スポニチアネックス,spnannex,スポニチアネックス,242,"＜秋場所3日目＞王鵬（右）をとったりで破る宇良（撮影・郡司　修）
◇大相撲秋場所3日目（2026年9月15日　東京・両国国技館）

　大相撲秋場所は15日、3日目を迎え、人気業師で東前頭9枚目の宇良（34＝木瀬部屋）は東前頭10枚目・王鵬（26＝大嶽部屋）をとったりで下し、2勝1敗と白星が先行した。

　低く当たり、王鵬の激しい突っ張りをこらえると、頭をつけて勝機をうかがい、最後は相手の右手をつかんで土俵に転がした。

　攻守が何度も入れ替わる激しい相撲に館内は大歓声に包まれた。",[],[]
柳沢慎吾　芸能界入りの秘話明かす「向いてないって」　自身に憧れて同じ劇団に入った意外な人物も（スポニチアネックス）,https://news.yahoo.co.jp/articles/33a2da1d0884cfd0472f70f014cb16c7056f2781,https://newsatcl-pctr.c.yimg.jp/t/amd-img/20260915-00000273-spnannex-000-4-view.jpg?exp=10800,2026-09-15T16:49:43+09:00,2026-09-15T18:38:53+09:00,スポニチアネックス,spnannex,スポニチアネックス,935,"柳沢慎吾
俳優の柳沢慎吾（64）が14日深夜放送のTOKYO　FM「TOKYO　SPEAKEASY」（月～木曜深夜1・00）に出演。自身に憧れて芸能界入りした意外な人物を明かす場面があった。
【写真あり】 柳沢慎吾に憧れて同じ劇団に入った人気タレント
この日はタレントの勝俣州和とともに出演。芸能界入りについての話題で、柳沢は「映画とか見てなかったんであんまり」とぶっちゃけ。それでも、役者を目指したきっかけは「ゆうひが丘の総理大臣」や「飛び出せ!青春」といった「青春ドラマ」だったといい、「出たい！と思ったの」と明かした。

　「ゆうひが丘の総理大臣」では小田原から大磯まで最終回のロケを見に行ったこともあったといい、雨の中での名シーンに思わず感情移入してしまい、「そうだ！行くな総理！」を声をかけてしまい、「助監督がすっ飛んできて、首根っこ捕まえられて、“君はこっちおいで”ってどかされたの。高3の時。憧れてたのよ」と笑った。

　そんな次の日に学校で「俺やっぱり俳優になってああいう青春ドラマに出る」と先生に宣言したというが、「お前には向いてない」と言われてしまったという。「勉強できないし、通信簿が小・中・高と3つあって、“落ち着きない”“集中力足りない”“物事把握できない”って。それで芸能界には向いてないって言われたの」と苦笑。

　それでも「俺、暗記力は良かったの」と柳沢。「そうやってコツコツやってきたのよ」としつつ、その後、劇団ひまわりに入り、役者を目指したという。

　当時は劇団ひまわりからキャリアをスタートする人も多かったといい、柳葉敏郎もその1人だったという。「石塚さんも」と「ホンジャマカ」の石塚英彦の名前も。「石ちゃんも昔『翔んだカップル』を見てて、憧れて、“柳沢慎吾さんどこにいるんだ？”って調べて、劇団ひまわりに自分で応募して、劇団ひまわりに入ったんだって。で、演技の勉強したって言ってたよ」と明かした。

　勝俣が「慎吾さんに憧れて入ったんですか？」と驚くも、柳沢は「そうだって言ってた、本人が」ときっぱり。「石ちゃん、同じ年なの。18歳の頃。応募して、行ったけど、水死体の役だったって。“浮いてくるな！”って怒られたって」と笑った。",[],[]
夏帆のお相手・甫木元空氏も結婚報告　ボーカルバンド「Bialystocks」サイトで直筆署名添え（スポニチアネックス）,https://news.yahoo.co.jp/articles/b12023fead4b3a7dbbf59448bcfb00e37c264a19,https://newsatcl-pctr.c.yimg.jp/t/amd-img/20260915-00000272-spnannex-000-4-view.jpg?exp=10800,2026-09-15T16:48:33+09:00,2026-09-15T16:57:24+09:00,スポニチアネックス,spnannex,スポニチアネックス,567,"映画「ＢＡＵＳ　映画から船出した映画館」の舞台あいさつに登場した夏帆、甫木元空氏
俳優の夏帆（35）が15日、公式サイトを通じて結婚を発表した。お相手の映画監督・音楽家・小説家として活躍する甫木元空氏（34）も所属バンド「Bialystocks（ビアリストックス）」の公式サイトで結婚を発表した。
【写真あり】2026年は主演級女優の結婚ラッシュ
公式サイトで「皆様へ　この度、わたくし甫木元空は夏帆さんと結婚する運びとなりました。これまでの道のりで出会い、関わってくださった皆様に深く感謝申し上げます」と報告。

　「これからは家族としてお互いの健康を第一に考え、一つ一つのご縁を大切にしながら、より一層創作活動に励んでまいります。皆様には温かく見守っていただけますよう、今後ともよろしくお願い申し上げます」と、夏帆が発表したものと同じ文章で伝え、直筆の署名を添えた。

　「Bialystocks」は2019年に結成された2人組バンド。甫木元がボーカルを務め、キーボードの菊池剛と2人で活動している。映画「はるねこ」の生演奏上映をきっかけに結成された。2022年にはメジャー1stアルバム「Quicksand」を発表した。また、24年にリリースされたテレビ東京系ドラマ「RoOT/ルート」主題歌の「近頃」MVに夏帆が出演している。",[],[]
江川卓氏も驚いた！　最終順位を巡る阪神と巨人の意外なトリビア「へ～知らなかった！」（スポニチアネックス）,https://news.yahoo.co.jp/articles/7e58a1bf49a3edd9c9b131b4e9db8fe7c1da1a93,https://newsatcl-pctr.c.yimg.jp/t/amd-img/20260915-00000271-spnannex-000-4-view.jpg?exp=10800,2026-09-15T16:41:22+09:00,2026-09-15T16:44:30+09:00,スポニチアネックス,spnannex,スポニチアネックス,426,"江川卓氏
元巨人エースの江川卓氏（71）が自身のYouTube「江川卓のたかされ」を更新。阪神と巨人の順位を巡るトリビアに驚きの声を挙げた。
【写真あり】WBCで来日した“奇跡の美少女”　渋谷でのプラベショット
初のリーグ連覇に向けてマジックが点灯しながら足踏みする阪神と0・5ゲーム差で追う巨人。

　巨人は1リーグ制時代に9回、2リーグ制以降は39回優勝している。

　一方の阪神は1リーグ制時代に4回、2リーグ制以降は7回優勝している。

　過去巨人が優勝し、阪神が2位のシーズンはあるが、その逆、阪神が優勝して、巨人が2位になったシーズンはない。

　その情報を聞いた江川氏は「あ、ないの？　それ知らないです。初めて聞きました」と驚きを隠さなかった。

　現在もし烈な優勝争いを演じる伝統の2チームが長い歴史の中でもなかった“組み合わせ”。

　江川氏は「へ～知らなかった！でもね、どこも話題にしてないよ、それ」と意外なトリビアに感心していた。",[],[]
上野樹里　中村ゆりさんを追悼　早すぎる別れに「本当に悔しい」　ドラマ「グッド・ドクター」で共演（スポニチアネックス）,https://news.yahoo.co.jp/articles/02e72242674a810cc4b34b1d771d08c4eb82666f,https://newsatcl-pctr.c.yimg.jp/t/amd-img/20260915-00000270-spnannex-000-8-view.jpg?exp=10800,2026-09-15T16:40:07+09:00,2026-09-15T20:04:45+09:00,スポニチアネックス,spnannex,スポニチアネックス,358,"上野樹里
女優・上野樹里(40)が15日、自身のXを更新。1日に直腸がんのため44歳で死去した女優・中村ゆりさんを追悼した。
【写真あり】中村ゆりさん　44歳バースデーに“盟友”と仲良し2ショット
上野と中村さんは2018年放送のフジテレビ系ドラマ「グッド・ドクター」で共演していた。

　上野は兵庫県、中村さんは大阪府とともに関西出身という共通点もある。共演時を振り返り、「中村ゆりさん。『グッド・ドクター』共演時、いつも気さくな笑顔で関西弁でお話したのが印象的です。本番では若くして、理事長を見事に優美に演じられていました」と言及した。

　そして「また共演したかった。本当に悔しいです」と無念さをにじませ、「最期まで明るく生き抜かれた中村さん。ご家族の皆様のお心を想い、謹んでご冥福をお祈り致します」と偲んだ。",[],[]
山内健司　人生初ハワイの思い出浸るも…“結局”「めちゃくちゃ美味しかった」食べ物ぶっちゃけ（スポニチアネックス）,https://news.yahoo.co.jp/articles/be3fb9195d1bec4fd046d67b2b6a40ea0be25c88,https://newsatcl-pctr.c.yimg.jp/t/amd-img/20260915-00000269-spnannex-000-3-view.jpg?exp=10800,2026-09-15T16:34:26+09:00,2026-09-15T16:36:42+09:00,スポニチアネックス,spnannex,スポニチアネックス,435,"「かまいたち」山内健司のインスタグラム（@sneakerkenji0117）から
お笑いコンビ「かまいたち」の山内健司（45）が15日までに、自身のインスタグラムを更新。ハワイで食し、“結局おいしかった物”を明かした。
【写真】結局コレ！ホテルで堪能する山内
8日放送の日本テレビ系「一茂×かまいたち　ゲンバ　2時間SP」で、人生初というハワイを訪れていた山内。ロケ冒頭で「こんなことあるんすか？」と、自身らの夏休みに撮影スタッフが便乗したことを明かし、「全自腹で来てるんです。こんなこと、あるんすか？」とボヤいていた。

　この日はインスタグラムで「まだ忘れられないハワイ」と、思い出の写真を投稿。「かき氷みたいなん売ってたなあ　美味しかったなぁ　ハワイで食べるかき氷はまた別格だったなぁ」と懐かしんだ。

　しかし「でも結局高級ホテルで食べたどん兵衛の蕎麦、めちゃくちゃ美味かったなぁ」とぶっちゃけ。カップ麺を堪能する姿を披露し、「ハワイでも美味すぎる」とつづった。",[],[]
矢部浩之　主催サッカー大会からJリーガー誕生を報告「夢が一つかなった」森保一監督が試合視察も？（スポニチアネックス）,https://news.yahoo.co.jp/articles/29462bd424b58cf74908342dd1e351ca8d5bf4e8,https://newsatcl-pctr.c.yimg.jp/t/amd-img/20260915-00000268-spnannex-000-9-view.jpg?exp=10800,2026-09-15T16:33:48+09:00,2026-09-16T04:25:30+09:00,スポニチアネックス,spnannex,スポニチアネックス,683,"＜「やべっちCUP2026」開催決定取材会＞出席した見取り図・盛山晋太郎（左）とナインティナイン・矢部浩之（中央）（撮影・井利　萌弥）
お笑いコンビ「ナインティナイン」の矢部浩之（54）とお笑いコンビ「見取り図」の盛山晋太郎（40）が15日、東京・新宿の吉本興業本社で、「やべっちCUP　2026」開催決定取材会に出席した。

　やべっちCUPは、矢部プロデュースのサッカー大会。矢部は、登壇するなり「今年で9回目。うれしいお知らせがあって、2019年に参加した小学生がついにJリーグデビューをしました。J2・いわきFCの中野陽斗選手がやべっちCUP出身者」と笑顔で報告した。

　「やっと夢が一つかなったと思ってます。これからもどんどん、プロ、海外に挑戦していくちびっ子が出てきてくれたら」と矢部。「可能性を感じましたね。地方で頑張ってる人たちの夢になれば。中野選手に会ったら“どんどん言っていけ！やべっちCUP出身者ですと広めろ！”と必ず伝えたい」と喜びをにじませた。

　自身で創設したサッカーチーム「もりちゃんずユナイテッド」を率いる盛山は「僕もやべっちCUPのような大会をいずれしたいという思いで、矢部さんにぴったりマークして勉強させてもらってる」というが「サッカーは月3～4回やってますけど、3年間であばらも3回折ってます」と笑った。

　盛山によると、日本代表の森保一監督が見に来たこともあったという。「僕そのとき、目の前で2点決めたんですよ。パッと森保監督を見たらペン動いてたんですよ。ワンチャンあるんかなと思ったけど、代表招集なかった」と笑わせた。",[],[]
ドゥレッツァがバーレーン国際トロフィーに登録へ　23年菊花賞V　今後の選択肢の一つとして（スポニチアネックス）,https://news.yahoo.co.jp/articles/7f52441cb8e345151b376574c806f0ad55d66147,https://newsatcl-pctr.c.yimg.jp/t/amd-img/20260915-00000267-spnannex-000-3-view.jpg?exp=10800,2026-09-15T16:33:41+09:00,2026-09-15T16:38:07+09:00,スポニチアネックス,spnannex,スポニチアネックス,436,"ドゥレッツァ
8月30日に新潟記念に出走し、6着だった23年菊花賞馬ドゥレッツァ（牡6＝尾関、父ドゥラメンテ）はバーレーン国際トロフィー（G1、11月13日、サヒール芝2000メートル）に登録する予定。15日、キャロットクラブが発表した。今後の選択肢の一つとして、としている。出走すれば24年英インターナショナルS5着、25年ドバイシーマクラシック3着に続き、3度目の海外遠征。前走後は福島県のノーザンファーム天栄で調整を進めている。

　同レースは今年、G2からG1に昇格。それに伴って総賞金が増額され、1着賞金は昨年までの60万ドルから90万ドル（約1億3950万円）にアップした。登録料は無料。農林水産大臣が認可し、JRAの海外馬券発売が可能な指定116競走には含まれていない。

　札幌記念4着ローシャムパーク（牡7＝田中博、父ハービンジャー）、新潟記念5着アーバンシック（牡5＝武井、父スワーヴリチャード）も同レースに登録するとオーナーサイドが既に発表している。",[],[]
【アジア大会】U21日本代表、初戦香港戦へ最終調整　大関、ピサノらが軽快な動き披露（スポニチアネックス）,https://news.yahoo.co.jp/articles/a6096d5c407b729884151ca5ba6a4d13fedb955f,https://newsatcl-pctr.c.yimg.jp/t/amd-img/20260915-00000266-spnannex-000-9-view.jpg?exp=10800,2026-09-15T16:32:05+09:00,2026-09-15T16:39:47+09:00,スポニチアネックス,spnannex,スポニチアネックス,796,"練習開始前、選手たちに言葉をかける大岩監督（右から4人目）＝撮影・河野　光希
愛知・名古屋アジア大会のサッカー男子に出場する28年ロサンゼルス五輪世代のU―21日本代表は16日に1次リーグA組初戦で香港戦（豊田スタジアム）に臨む。15日は豊田市内のグラウンドで全体練習を行い、冒頭15分間以外は非公開で調整した。
【写真あり】「中継に映り込んだ美女は誰？」韓国メディアも大注目した日本代表の美人妻
報道公開された15分間では、円陣で大岩剛監督（54）の声掛けからスタート。MF大関らフィールドプレーヤーはパス＆コントロール、ピサノと小林のGK陣はGK練習で軽快に動いた。

　所属クラブの試合日程の関係で招集全23人はそろっておらず、現状18人が合流。GK荒木は16日、DF市原、DF小杉、MF石渡、FWンワディケの海外組4人は1次リーグ最終第3戦タイ戦（23日、豊田スタジアム）からの参戦に向け、21日以降に順次合流する。

　▽アジア大会のU―21日本代表招集メンバー

【GK】小林将天（20＝松本）、ピサノアレクサンドレ幸冬堀尾（20＝名古屋）、荒木琉偉（18＝G大阪）

【DF】市原吏音（21＝AZアルクマール）、梅木怜（21＝今治）、小杉啓太（20＝Eフランクフルト）、永野修都（20＝FC東京）、土屋櫂大（20＝福島）、岡部タリクカナイ颯斗（20＝東洋大）、佐藤海宏（19＝新潟）、森壮一朗（19＝岡山）

【MF】大関友翔（21＝川崎F）、保田堅心（21＝長崎）、石渡ネルソン（21＝シントトロイデン）、石井久継（21＝湘南）、中島洋太朗（20＝広島）、嶋本悠大（19＝清水）

【FW】古谷柊介（21＝東京国際大）、ンワディケ・ウチェブライアン世雄（21＝オールボーBK）、福永裕也（21＝京産大）、横山夢樹（20＝C大阪）、道脇豊（20＝いわき）、石橋瀬凪（20＝湘南）",[],[]
新入幕対決は寿之富士の勝利　朝翠龍との土俵際での投げの打ち合いを制す（スポニチアネックス）,https://news.yahoo.co.jp/articles/fe382d9547f4b4f9dc29d1a4a7c3e1429f0bac2e,https://newsatcl-pctr.c.yimg.jp/t/amd-img/20260915-00000265-spnannex-000-4-view.jpg?exp=10800,2026-09-15T16:28:05+09:00,2026-09-16T00:38:16+09:00,スポニチアネックス,spnannex,スポニチアネックス,206,"寿之富士
◇大相撲秋場所3日目（2026年9月15日　東京・両国国技館）

　大相撲秋場所は15日、3日目を迎え、東前頭15枚目・朝翠龍（26＝高砂部屋）と西前頭16枚目・寿之富士（26＝伊勢ヶ浜）の新入幕同士の対戦は寿之富士に軍配が上がった。

　激しい攻防から最後は土俵際で投げの打ち合いとなり、体格で勝る寿之富士の上手投げが決まった。

　2人は同じ2000年の8月生まれ。これで両者とも2勝1敗となった。",[],[]
渡邊渚さん、友人たちは結婚＆出産も…自身は「過去のトラウマから抜け出せずにいる、、、」（スポニチアネックス）,https://news.yahoo.co.jp/articles/49b46aa7b7a494363ca0d69a35ff06deadf2c9c7,https://newsatcl-pctr.c.yimg.jp/t/amd-img/20260915-00000264-spnannex-000-4-view.jpg?exp=10800,2026-09-15T16:27:52+09:00,2026-09-15T16:37:16+09:00,スポニチアネックス,spnannex,スポニチアネックス,465,"渡邊渚さんのインスタグラム（@watanabenagisa_）から
元フジテレビアナウンサーで、現在はフリーで活動する渡邊渚さん（29）が15日までに自身のインスタグラムを更新し、「過去のトラウマから抜け出せずにいる」と吐露した。
【写真あり】渡邊渚さん　デコルテ全開＆腹ちょい見せののぞき見S披露
渡邊さんは「連載中の『ひたむきに咲く』。最新のエッセイを更新しました。友人の結婚式に参加して、その後ぽっかり心に穴が空いてしまって、それを突き詰めて考えてみたお話です。今の私が恋愛や結婚などについてどう思っているのか、ものすごく赤裸々に書いてみました」と告知。

　「友人たちがどんどん結婚したり子どもを産んだりして、人生のステップを駆け上がっていくのに、私は過去のトラウマから抜け出せずにいる、、、何の疑いもなく未来を楽しみにする感覚が、うらやましい」

　また「自分には無くなってしまったその感覚に、涙が止まらなくなりながら書きました」と吐露すると「ぜひ読んでください。ストーリーにリンクを貼っておきますね」と呼びかけていた。",[],[]
ABEMAアニメ祭　無料整理券がSNS上で不正転売　公式が警告「入場をお断りする場合がございます」（スポニチアネックス）,https://news.yahoo.co.jp/articles/234474856022f5e55f6ba122f65246faaab456fe,https://newsatcl-pctr.c.yimg.jp/t/amd-img/20260915-00000263-spnannex-000-4-view.jpg?exp=10800,2026-09-15T16:26:43+09:00,2026-09-15T16:28:42+09:00,スポニチアネックス,spnannex,スポニチアネックス,445,"ABEMAアニメ祭公式X(@ABEMA_Animefes)から
アニメイベント「ABEMAアニメ祭」が15日、公式Xを更新。東京・渋谷のMIYASHITA PARKで開催予定で声優らが出演を予定している屋上ステージにおいて、無料整理券がSNS上で不正に転売されているとして注意喚起した。

　同Xで「『ABEMAアニメ祭 2026』屋上ステージにおきまして、無料整理券が第三者によってSNS上で不正に転売されている事例が確認されております」と報告。

　「整理券は主催者が正規に配布するものであり、転売行為は固く禁止されております。転売された整理券のご使用は一切認められず、入場をお断りする場合がございますので、十分にご留意くださいますようお願い申し上げます。なお、当日は入場の際に身分証を確認させていただく場合がございますので、ご準備いただきますようお願いいたします」と呼びかけた。

　屋上ステージは19、20日に開催予定で、小野賢章、悠木碧らアニメの出演声優らの登壇が発表されている。",[],[]
柳沢慎吾　NGにしている仕事ぶっちゃけ「あれ以来、一切出ない」「向いてない、自分で思ったの」（スポニチアネックス）,https://news.yahoo.co.jp/articles/f28ccec7df77f0c333e2e41d9c4ea11f9469acd1,https://newsatcl-pctr.c.yimg.jp/t/amd-img/20260915-00000262-spnannex-000-4-view.jpg?exp=10800,2026-09-15T16:26:05+09:00,2026-09-15T16:57:11+09:00,スポニチアネックス,spnannex,スポニチアネックス,794,"柳沢慎吾
俳優の柳沢慎吾（64）が14日深夜放送のTOKYO　FM「TOKYO　SPEAKEASY」（月～木曜深夜1・00）に出演。NGにしている仕事を明かす場面があった。
【写真あり】飯島直子「駅構内を歩いていたらイケメン警部に遭遇」
この日はタレントの勝俣州和とともに出演。若手の頃についてトークする中、勝俣が「最初、大御所とやったドラマとか映画って何ですか？」と聞くと、時代劇の「遠山の金さん」を挙げた柳沢。昭和の名優、松方弘樹さんから声をかけてもらったといい、当時、松方さんが日本テレビ「天才・たけしの元気が出るテレビ!!」にも出演し、バラエティーでも大活躍していた頃。「ドラマをやり、クイズ番組をやり、レポーターをやり、時代劇もやり、引き出しいっぱい作っとけ」とアドバイスを受けたという。

　そんな中で、かつてTBS系で放送され、人気を博したクイズ番組「アップダウンクイズ」に出演。「クイズ番組もやったんだけど、アップもしなきゃダウンもしない。何もしゃべんないで帰ってきちゃった。あれ以来、クイズ番組一切出ない」と笑った。

　勝俣が「自分がノーなんですか？」と聞くと、「そう、ノーなの」と柳沢。「うちのかあちゃんがテレビ見てて、“お前もうクイズ番組出るな”って。あれから出てないの」と笑った。

　勝俣は「確かに感謝祭とかも、いてもいいのにいないですもんね」とTBS「オールスター感謝祭」にも出ていないと指摘。柳沢は「最初出てたの。途中からもういない。向いてない、自分で思ったの。クイズ番組」とした。

　かつてプロデューサーから答えを教えてもらったこともぶっちゃけ。2問目の答えを教えてもらうも、「答え知ってるじゃない？焦っちゃって、（1問目で）2問目の答え言ったらさ、“なんで言ってんだよお前”って怒られちゃって。“もう教えない”ってなって、それで出てないの」と笑った。",[],[]
大悟　「だいぶイカれてる」と言い放った芸人とは　売れっ子の“じゃない方”の素顔に大爆笑（スポニチアネックス）,https://news.yahoo.co.jp/articles/aad52e096ef86c1ff16a0a1b449ecbd86b61cdc7,https://newsatcl-pctr.c.yimg.jp/t/amd-img/20260915-00000261-spnannex-000-4-view.jpg?exp=10800,2026-09-15T16:21:34+09:00,2026-09-15T16:28:23+09:00,スポニチアネックス,spnannex,スポニチアネックス,489,"「千鳥」の大悟
お笑いコンビ「納言」の薄幸（33）が14日放送の日本テレビ「大悟の芸人領収書」（月曜深夜11・59）に出演。相方・安部紀克（34）への不満をぶちまけた。
【写真あり】大悟が「だいぶイカれてる」と大爆笑した芸人
幸がピンで活躍の幅を広げる一方、露出が少なくアルバイトも続けている安部。幸は日々感じている安部への不満エピソードを次々と披露した。

　幸が「安部って自費で写真集を出したんですね。どこにも販売しない」と明かすと、スタジオは「えぇっ！？」と驚き苦笑い。モデルさながらのキメ顔カットが公開されると、MCの「千鳥」大悟も「あぁ～、だいぶイカれてるんだ」と大笑いだった。

　幸いわく「普通にこっそり出そうとしていた」という。売れるための手段ではないのかと聞かれた安部が「全くプライベートで。一番若い状態の自分を形に残しておきたいなと思って」と説明すると、大悟は「宮沢りえか！」とつっこんだ。

　「なので別に相方に言う必要はない、お笑いじゃないからこれは」と続ける安部に、大悟は「これをお笑いじゃないと思ってるこいつの感覚が面白いのよ、多分」とフォローした。",[],[]
63歳の川崎麻世「俺が一番若造」イケオジだらけの飲み会ショット公開「まるでいぶし銀のよう」（スポニチアネックス）,https://news.yahoo.co.jp/articles/253205288248259d4943bd6515f3223dbfd753ff,https://newsatcl-pctr.c.yimg.jp/t/amd-img/20260915-00000260-spnannex-000-4-view.jpg?exp=10800,2026-09-15T16:18:24+09:00,2026-09-15T16:22:08+09:00,スポニチアネックス,spnannex,スポニチアネックス,366,"川崎麻世のインスタグラム（@mayokawasaki）から
俳優の川崎麻世（63）が15日、自身のインスタグラムを更新。飲み会での写真を披露した。
【写真あり】「妻と義母も幸せそう」誕生日の3ショット
川崎は「渋いメンバーで乾杯」と書き出し、酒の席での写真をアップ。「まるで燻し銀のように深い味わいと魅力的な方々ばかり」と伝えた。

　そのメンバーを「左からドン小西さん　75歳」「高橋ジョージさん　68歳」「デューク更家さん　72歳」「俺　63歳」と明かし、「平均年齢69.5歳」と自虐気味にツッコんだ。

　そして「俺が一番若造になれた何でもない夜　ド昭和トークが妙に癒される」と感激。2025年に再婚した妻で料理研究家・花音さんも同席しており、「かなり気を遣ってお酒を注いでくれた妻にも優しい燻し銀メンバーでした」とつづった。",[],[]
「ドリカム」ロゴ無断使用に警告　中村正人「ファンだから、推し活だから…で許されない」厳しく指摘（スポニチアネックス）,https://news.yahoo.co.jp/articles/0ed235e3b5ed02d10477097f8acaccea6e0e89ed,https://newsatcl-pctr.c.yimg.jp/t/amd-img/20260915-00000259-spnannex-000-6-view.jpg?exp=10800,2026-09-15T16:17:46+09:00,2026-09-15T19:31:45+09:00,スポニチアネックス,spnannex,スポニチアネックス,439,"DREAMS　COME　TRUE
音楽ユニット「DREAMS　COME　TRUE」は15日、スタッフ公式Xを通じ、ロゴやデザインを無断使用したグッズの販売・配布などが横行しているとして声明を発表した。中村正人もX更新し、「厳重警告です」と厳しく追及した。
【写真あり】元ドリカム西川隆宏「5度の処置と2度の大きな手術を受けました」現状明かす
ドリカムはこの日、株式会社ディーシーティーエンタテインメント名義で「個人で楽しむ範囲を越えて、複製・改変して使用した上で販売やプレゼントをする行為やSNSに掲示する行為」は権利を侵害すると説明。「侵害行為停止の申入れや法的措置の対象となる可能性があります」と警告した。

　中村も「この件は、お願いではなく、権利関係の法律に基づく厳重警告です」と主張。

　「ファンだから、推し活だから、無料だから、という言い訳で許される可能性はありません」とし「直ちに行為をやめなければ法律に基づきその責任を問われるという意味です」と厳しく指摘した。",[],[]
ミキハウス・田中秀政　3年連続の日本選手権出場へ「勝つために良いところで一本打ちたい」（スポニチアネックス）,https://news.yahoo.co.jp/articles/ea37baf1e370828eb5355e7986fc90b795f40c70,https://newsatcl-pctr.c.yimg.jp/t/amd-img/20260915-00000258-spnannex-000-7-view.jpg?exp=10800,2026-09-15T16:14:55+09:00,2026-09-16T03:59:54+09:00,スポニチアネックス,spnannex,スポニチアネックス,983,"日本選手権近畿地区最終予選での活躍を誓うミキハウス・田中
社会人野球のミキハウスが3年連続の日本選手権出場をかけて、近畿地区最終予選に臨む。16日の初戦は、わかさスタジアム京都でムラチグループと対戦。主砲の田中秀政内野手（29）が今大会にかける意気込みを明かした。

　「何番を打つか分かりませんが、打点にこだわってやります。どういう形でも良いので、チームが勝つために良いところで一本打ちたいと思います」

　NTT西日本の補強選手として出場した今夏の都市対抗野球大会。全5試合で5番を任されると、20打数8安打の打率・400、3打点の活躍を見せ、準優勝の一翼を担った。特筆すべきは全5試合で安打を放ったこと。ミキハウスを何度も2大大会に導いた広角打法を発揮し、創部以来初めて本大会の優秀選手にも選出された。

　そんな田中にとって忘れられない試合は、初戦の日本通運戦だった。0―0で迎えた6回1死満塁の守備。一塁・田中の捕球ミスがあり先制点を献上したが、ベンチへ戻ると周りの選手から励まされた。

　「やっと試合が動いた。大丈夫、ここからが勝負やから」

　8回に同点に追いつくと、延長10回には同じ補強選手だった山路将太郎（パナソニック）が決勝の2点二塁打を放った。「山路のタイムリーはめちゃくちゃうれしくて。勝ったことで救われましたし、自分の力で取り返す機会も与えてもらいました」。その言葉を体現するかのように、2回戦以降は攻守で躍動した。

　「ミキハウスでは“自分が決めなければ”という思いから空回りすることが多かったんですが、初めて補強に選んでいただき、つなぐことの重要性を改めて知ることができた。ましてや、自分は都市対抗予選で打てていなかったので、なおさら意気に感じましたし、選んでいただき感謝しています。そういう意味では自分の中で凄く成長できたと思いますし、NTT西日本さんの良い部分をチームに還元したいと考えています」

　持ち帰った財産は少なくない。NTT西日本の各打者はスイングの際、低く、強いライナーを徹底。その意識が粘り強い打線のつながりを生んでいることを肌で感じた。チームに合流してからは、補強の期間で学んだ部分を積極的に発信することを心がける。

　

　「とにかく勝てばいい。それだけです」

　田中は短い言葉に揺るがぬ決意を込めた。",[],[]
オリックス　糸井嘉男氏と吉村洋文大阪府知事が17日ソフトバンク戦でセレモニアルピッチ実施（スポニチアネックス）,https://news.yahoo.co.jp/articles/376db57b6dc5bf967b0c70b798fb01969fe95c01,https://newsatcl-pctr.c.yimg.jp/t/amd-img/20260915-00000257-spnannex-000-7-view.jpg?exp=10800,2026-09-15T16:13:14+09:00,2026-09-16T03:59:48+09:00,スポニチアネックス,spnannex,スポニチアネックス,190,"京セラドーム大阪
オリックスは15日、17日のソフトバンク戦（京セラドーム）で球団OBの糸井嘉男氏と、吉村洋文大阪府知事によるセレモニアルピッチを実施すると発表した。

　大阪府は特定健診やがん検診の受診率アップをはじめとした府民の健康づくりを推進する「おおさか健活大使」として、糸井氏を起用。健康づくりの大切さを広く発信する活動の一環として、今回のセレモニアルピッチが実現した。",[],[]
【15日の公示】西武・中村剛也が感染症特例で登録抹消　日本ハムが万波中正らを登録（スポニチアネックス）,https://news.yahoo.co.jp/articles/14f7296a57339b025e82be24e8d68bba57b7e72e,https://newsatcl-pctr.c.yimg.jp/t/amd-img/20260915-00000256-spnannex-000-9-view.jpg?exp=10800,2026-09-15T16:13:01+09:00,2026-09-16T03:56:52+09:00,スポニチアネックス,spnannex,スポニチアネックス,258,"西武・中村剛也
◇出場選手登録

【日本ハム】北山亘基投手（先発要員）、西川遥輝外野手（打線強化）、万波中正外野手（右膝負傷完治）

【楽天】伊藤樹投手（先発要員）、繁永晟内野手（内野強化）

【阪神】ルーカス投手（先発要員）

【DeNA】成瀬脩人内野手（内野強化）

【ヤクルト】松下歩叶内野手（内野強化）、田中陽翔内野手（内野強化）

◇同抹消

【西武】中村剛也内野手（感染症特例対象選手）

【DeNA】宮下朝陽内野手（コンディション不良）

【ヤクルト】増居翔太投手（再調整）、宮本丈内野手（左太腿裏痛）",[],[]
【追憶の柴田善臣　G1・2勝目】93年天皇賞・秋ヤマニンゼファー「いい馬に巡り合え…」（スポニチアネックス）,https://news.yahoo.co.jp/articles/9c7622e0318618a7cddcfdf1557f92976438c386,https://newsatcl-pctr.c.yimg.jp/t/amd-img/20260915-00000238-spnannex-000-2-view.jpg?exp=10800,2026-09-15T16:05:00+09:00,2026-09-16T05:12:10+09:00,スポニチアネックス,spnannex,スポニチアネックス,979,"93年、第108回天皇賞秋でゴール前300メートルからの壮絶な競り合いは柴田善臣騎手のヤマニンゼファー（右）が田中勝春騎手のセキテイリュウオーを鼻差かわし初の天皇賞制覇
JRA騎手の柴田善臣（60）が15日、現役引退を表明した。デビュー42年でJRA・G1勝利は9回。当時の“ヒーロー原稿”をもとに振り返る。G1・2勝目は93年の天皇賞・秋。ヤマニンゼファーとのコンビだった。当時のスポニチ東京版はフロント面で勝利を伝えた。（馬齢は現在の表記）

1着　ヤマニンゼファー　　牡5　58柴田善

2着　セキテイリュウオー　牡4　58田中勝

3着　ウィッシュドリーム　牡4　58藤　田

　手に汗にぎる死闘とは、まさにこのことをいうのだろう。盾舞台・府中の杜の東京競馬場。栄光の天皇賞馬へと続く直線500メートルでその激闘は繰り広げられた。

　逃げたツインターボのエンジンが止まり一団となった馬群が4コーナーを回る。その中から抜け出した柴田善・ヤマニンゼファー。するともう1頭、外めから白い帽子の田中勝・セキテイリュウオーが猛然と追い出した。

　ゴール前300メートル。この2頭がぴたりと馬体を合わせての激しい叩き合いだ。セキテイリュウオーが一度かわした。しかし、ヤマニンゼファーがもう一度食い下がる。勝利というたった一つの真実へ突き進む2人の若武者の必死な姿に17万の大観衆は酔いしれた。

　あと200メートル。あと100メートル。50メートル…。どちらも譲らない。どちらもあきらめない。「ヨシトミだ」「いや、カツハルか…」。17万人の興奮のボルテージが頂点に達した時、2頭は文字通り鼻面を並べてゴールへ飛び込んだ。

　長い写真判定。そして、勝利の女神はヤマニンゼファーにほほえんだ。「本当にうれしいです。まだまだと思っていたビッグタイトル。いい馬に巡り合えてプレゼントしてもらったようなもの」と振り返った。また、栗田（博憲）師も「昨年に続いて今年の安田記念を勝った時から天皇賞挑戦を考えてきましたが、ゼファーがよく応えてくれました」と興奮気味に喜びを語った。

　未知の距離2000メートルを克服して天皇賞馬となるととともにG1・3勝目を挙げたヤマニンゼファー。獲得賞金も5億5800万円余となり、メジロマックイーン引退後の現役賞金王の座についた。",[],[]
【追憶の柴田善臣　G1・5勝目】00年高松宮記念キングヘイロー　「気分損なわないように」（スポニチアネックス）,https://news.yahoo.co.jp/articles/27b1681a7abd0033379a9878abd787d163699662,https://newsatcl-pctr.c.yimg.jp/t/amd-img/20260915-00000244-spnannex-000-2-view.jpg?exp=10800,2026-09-15T16:05:00+09:00,2026-09-16T05:11:17+09:00,スポニチアネックス,spnannex,スポニチアネックス,992,"00年、第30回高松宮記念で優勝したキングヘイローをいたわる柴田善臣騎手
JRA騎手の柴田善臣（60）が15日、現役引退を表明した。デビュー42年目でJRA・G1勝利は9回。当時の“ヒーロー原稿”をもとに振り返る。G1・5勝目は00年の高松宮記念。キングヘイローとのコンビだった。東京競馬場以外で初めてのJRA・G1勝利でもあった。（馬齢は現在の表記）

1着　キングヘイロー　　　牡5　57柴田善

2着　ディヴァインライト　牡5　57福　永

3着　アグネスワールド　　牡5　57武　豊

　キングヘイローのゼッケンと鞍を手に引き揚げてきた柴田善の笑顔を見たら、もうこらえきれない。がっちり握手をかわし、坂口（正大）師はあふれてくる歓喜の涙をぬぐおうともしなかった。G1挑戦11度目にしてやっとつかんだ悲願のタイトル。喉元につかえていた言いようのない思いが一瞬にして溶け、これまでの苦労が脳裏を駆けめぐった。「こんなにうれしいことで涙を流せるんだから、これが男泣きなんですね」と言って、また白いハンカチで目頭を押さえた。

　レース上がりが35秒5もかかるサバイバル戦。先に抜け出したディヴァインライト、アグネスワールドを最後のひと伸びでゴール前きっちり捉えたのも坂口（正大）師の執念だったに違いない。

　

　一昨年のクラシック戦線ではスペシャルウィーク、セイウンスカイとともに3強と目されたが、ただ1頭無冠。その後もG1をあと一歩で勝てず、期待と失望を繰り返してきた。「これだけの良血馬、とにかくタイトルを取らせたい、いや勝たせるのが私の使命だ」との決意を胸にスプリンターズSからフェブラリーSにも出走させベストディスタンスを求め続けた。そんな使い方を中傷する手紙も厩舎に舞い込んだ。苦悩の日々に耐え抜いた末の勲章だった。

　悲願をもたらせたのは柴田善。一昨年の天皇賞・秋（オフサイドトラップ）以来4度目のG1制覇、完璧な騎乗だ。「スタート前からいい感じで燃えていたので、気分を損ねないことだけを心掛けた。3、4コーナーで外に振られてヒヤッとしたが、馬の気持ちが切れなかった」と白い歯を見せた。外枠も味方した。「外から馬が来ると走るのをやめてしまう。だから外に馬を置かないでレースをしてくれ」。パドックで師からこんな指示を受けていた。注文通りの騎乗がVゴールを引き寄せた。",[],[]
【追憶の柴田善臣　G1・4勝目】98年天皇賞・秋オフサイドトラップ　初コンビV「完璧な走りだった」（スポニチアネックス）,https://news.yahoo.co.jp/articles/8ebae866cb9b9f606a3d2ceebc5e495505e65b6c,https://newsatcl-pctr.c.yimg.jp/t/amd-img/20260915-00000241-spnannex-000-3-view.jpg?exp=10800,2026-09-15T16:05:00+09:00,2026-09-16T05:11:15+09:00,スポニチアネックス,spnannex,スポニチアネックス,825,"98年、第118回天皇賞・秋でゴール前の叩き合いを制し8歳馬初の天皇賞馬となったオフサイドトラップの鞍上でガッツポーズの柴田善臣騎手
JRA騎手の柴田善臣（60）が15日、現役引退を表明した。デビュー42年目でJRA・G1勝利は9回。当時の“ヒーロー原稿”をもとに振り返る。G1・4勝目は98年の天皇賞・秋。オフサイドトラップとのコンビだった。レース翌日のフロント面に掲載されたのはこの馬ではなく、サイレンススズカ。4角手前で故障、左手根骨粉砕骨折と診断されて、安楽死処分となった。（馬齢は現在の表記）

1着　オフサイドトラップ　牡7　58柴田善

2着　ステイゴールド　　　牡4　58蛯　名

3着　サンライズフラッグ　牡4　58安田康

　ゴールに飛び込むオフサイドトラップの姿はとても7歳馬とは思えないパワーに満ちあふれていた。この日が初コンビだった柴田善が「スタートから道中、そして最後の詰め。完璧な走りだった」と絶賛するG1初Vの走りだった。

　「2度あることは、と思っていたが、まさか…」。表彰式の後、顔を紅潮させた加藤（修甫）師がつぶやく。同師はアイネスフウジン（90年）でダービーを勝っているが、天皇賞は2着が2度。アサヒエンペラー（87年春）とカリブソング（91年秋）、そのどちらもが失格、降着での繰り上がりだった。

　アクシデントは起きた。大本命馬サイレンススズカが競走中止しての優勝。しかし、加藤（修甫）師は「これが勝負。本当は2着かもしれないが、そこまで走った馬をたたえてほしい。根気よく世話したスタッフをほめてやってほしい」と胸を張った。

　オフサイドトラップは98年9月27日に急死したナリタブライアンと同期。3歳春、ダービーで8着した後に屈腱炎を発症し、それからは両前脚を交互に襲う病との闘い。椎名厩務員と大崎助手が普通の馬の3倍も4倍も手間をかけて世話をする日々が4年も続いた。その末につかんだタイトルだった。",[],[]
【追憶の柴田善臣　G1・3勝目】96年NHKマイルCタイキフォーチュン　頑張るところ「僕と似ている」（スポニチアネックス）,https://news.yahoo.co.jp/articles/0ea9d015f72e941161ac2510706e5216baf41b35,https://newsatcl-pctr.c.yimg.jp/t/amd-img/20260915-00000240-spnannex-000-2-view.jpg?exp=10800,2026-09-15T16:05:00+09:00,2026-09-16T05:11:10+09:00,スポニチアネックス,spnannex,スポニチアネックス,805,"96年、第1回NHKマイルCで4番人気のタイキフォーチュンが制し、鞍上の柴田善臣騎手は会心のガッツポーズ
JRA騎手の柴田善臣（60）が15日、現役引退を表明した。デビュー42年でJRA・G1勝利は9回。当時の“ヒーロー原稿”をもとに振り返る。G1・3勝目は96年のNHKマイルC。タイキフォーチュンとのコンビだった。外国産馬の“ダービー”としてスタートした第1回。G1・9勝のうち3歳馬での勝利はこの1回だけだった。（馬齢は現在の表記）

1着　タイキフォーチュン　牡3　57柴田善

2着　ツクバシンフォニー　牡3　57横山典

3着　ゼネラリスト　　　　牡3　57ロバーツ

　ハイペースでレースを引っ張ったバンブーピノ、ファビラスラフインなど先行勢の脚色が直線で鈍った瞬間、柴田善の気合に応えタイキフォーチュンが力強いストライドで抜け出してくる。大外からツクバシンフォニーが強襲するが、3/4馬身差を保ったままゴール。NHKマイルCの初代チャンピオンに輝いた。

　「馬がリラックスしていたのでスタートもスムーズ。4コーナーまでは馬任せでした。少し抜け出すのが早いかなと思ったが、よく辛抱してくれた」と会心のレースを振り返る柴田善。「この馬のセールスポイントは、普段はボーッとしていてもレースでは一生懸命に頑張るところ。何か僕と似ているね」。ヤマニンゼファーでの安田記念、天皇賞・秋に続くG1・3勝目に笑みが絶えなかった。

　「東京の2400メートル？走らせたいね。いつかはダービー馬と対決してみたい」と高橋（祥泰）師。外国産馬のため残念ながらクラシックの出走権はない。勝ち時計の1分32秒6はオグリキャップが90年、安田記念でマークしたレコード（当時）に0秒2差迫る好時計。それも3歳のこの時期にマークしたものだから、能力は計り知れない。どこまでも夢が広がっていくタイキフォーチュンの快走劇だった。",[],[]
【追憶の柴田善臣　G1・8勝目】12年エリザベス女王杯レインボーダリア　「いいイメージで臨んだ」（スポニチアネックス）,https://news.yahoo.co.jp/articles/0222492b245c5e308d35e816ab72823761849053,https://newsatcl-pctr.c.yimg.jp/t/amd-img/20260915-00000250-spnannex-000-2-view.jpg?exp=10800,2026-09-15T16:05:00+09:00,2026-09-16T05:10:09+09:00,スポニチアネックス,spnannex,スポニチアネックス,982,"12年、第37回エリザベス女王杯で降りしきる雨の中、ヴィルシーナ（左、牝３）との叩き合いを首差制し、G1初制覇を飾ったレインボーダリア（牝５）と鞍上の柴田善臣騎手
JRA騎手の柴田善臣（60）が15日、現役引退を表明した。デビュー42年目でJRA・G1勝利は9回。当時の“ヒーロー原稿”をもとに振り返る。G1・8勝目は12年のエリザベス女王杯。レインボーダリアとのコンビだった。京都競馬場でのG1Vは初めて。G1・9勝のうち牝馬での優勝はこの1回となった。

1着　レインボーダリア　　牝5　56柴田善

2着　ヴィルシーナ　　　　牝3　54内　田

3着　ピクシープリンセス　牝4　56Mデムーロ

　柴田善には勝てる予感があった。頭にあったのは10年の宝塚記念。関西のG1、レインボーダリアと同じ二ノ宮（敬宇）厩舎の馬（ナカヤマフェスタ＝8番人気）とのコンビ、圧倒的1番人気馬（ブエナビスタ）が相手。「あの時も外から2番目のゲート（8枠17番）だった。いいイメージを持ち、プラス思考で臨んだ」。28年目のベテランは自らに暗示を掛け、7番人気の伏兵をVに導いた。

　降り続く雨、馬場は重。道中は11番手を追走。3角過ぎで流れが一気に速くなったが、無理に追いかけなかった。自分のペースを保ったまま、直線は外へ。前にいたヴィルシーナに、力強く襲いかかった。残り150メートルは2頭の一騎打ち。必死に食い下がる3歳馬を、外から首差ねじ伏せた。

　「馬のリズムを崩さなければ何とかなると思った。ヴィルシーナとの叩き合いでも、こちらの勢いの方が上。抑え込めると思った」。普段は重賞を勝っても眉ひとつ動かさない柴田善がゴール後、馬上で小さく2度ガッツポーズ。さらに、横山典ともハイタッチで喜びを分かち合った。珍しく、喜びがあふれ出た。

　二ノ宮師も10年宝塚記念以来のG1制覇。指揮官は好騎乗を称賛した。「うちの厩舎のいろいろな馬に乗ってもらっているが、馬の感情、気持ちをくんでくれる。熟練の域に達している」。重賞未勝利ながらG1は4度目の挑戦。格上の相手と戦い続け、地力を養った。「実が入って、後肢の力が強くなっているとパドックで思った。踏み込みが良くなり、力が前肢にも伝わっている。目立つ馬ではないが、こつこつと段階を踏んで力を付けた」としみじみ成長を振り返った。",[],[]
【追憶の柴田善臣　G1・7勝目】10年宝塚記念ナカヤマフェスタ　4年3カ月ぶりG1V「忘れた頃に…」（スポニチアネックス）,https://news.yahoo.co.jp/articles/a00df567a12fce442feeb01f938ee1905b6ffd68,https://newsatcl-pctr.c.yimg.jp/t/amd-img/20260915-00000249-spnannex-000-3-view.jpg?exp=10800,2026-09-15T16:05:00+09:00,2026-09-16T05:10:06+09:00,スポニチアネックス,spnannex,スポニチアネックス,1011,"10年、第51回宝塚記念で、ナカヤマフェスタ（牡４）でレースを制し、口取り式で馬主の和泉信一氏（右）と笑顔で話す柴田善臣騎手
JRA騎手の柴田善臣（60）が15日、現役引退を表明した。デビュー42年目でJRA・G1勝利は9回。当時の“ヒーロー原稿”をもとに振り返る。G1・7勝目は10年の宝塚記念。ナカヤマフェスタとのコンビだった。阪神競馬場でのG1Vは初、実に4年3カ月ぶりのG1勝利。4歳馬でのG1勝利はこの馬だけだった。

1着　ナカヤマフェスタ　　牡4　58柴田善

2着　ブエナビスタ　　　　牝4　56横山典

3着　アーネストリー　　　牡5　58佐　藤

　執念が実った。夏の太陽が戻った仁川の夢舞台でナカヤマフェスタが完全復活。ゲート入りを嫌がり騎手が下馬したのはご愛きょう。中団につけて最終4コーナーで一気に前団へ。残り200メートル、5万観衆の誰もがブエナビスタとアーネストリーの一騎打ちと思った瞬間、未完の剛脚が火を噴いた。豪快に2頭をまとめて抜き去った。

　大仕事を終えた柴田善は心地良い笑顔。G1は06年高松宮記念（オレハマッテルゼ）以来7勝目。09年1月、腰ついヘルニアの手術を乗り越え、今年初めから円熟技はさえわたっていた。「4年ぶり？忘れた頃にやりますね。昨年は腰の手術でリズムに乗り切れなかった。同じ二ノ宮（敬宇）厩舎のアクシオンがすぐ前で引っ張ってくれたので、4コーナーでもスムーズに外に出せた。気の悪さも見せず、気分良く走ってくれた。スタッフの方に感謝したい」

　チーム力の勝利だ。2度の遠征（菊花賞12着、中日新聞杯13着）で敗戦。試行錯誤の上、出した結論が“栗東滞在”。6月17日に美浦から栗東へ。コース入りを嫌がったり鞍上を振り落としたこともある性格も配慮し、僚馬ナカヤマスウェプトを帯同させた上に、堀内、佐々木助手の2人を送り込んだ。

　「G1の喜び？久しぶりなんで忘れちゃったよ」。あのエルコンドルパサーで制した98年ジャパンC以来、12年ぶりG1制覇となった二ノ宮師は“戦術”を問われると真顔になった。「どうしたら馬にストレスがかからないやり方ができるか？最善の方法ができた。栗東入りは厩舎のみんなで決めた案。結果は後からついてくるので過程が重要だと思う。調教自体は美浦でも変わりないが、フェスタに関しては輸送とメンタルな面で栗東に移って良かったと思う」と振り返った。",[],[]
【追憶の柴田善臣　G1・6勝目】06年高松宮記念オレハマッテルゼ　初の6F起用進言ハマった（スポニチアネックス）,https://news.yahoo.co.jp/articles/858ff674139512b7403ace3cb21af400a7c729da,https://newsatcl-pctr.c.yimg.jp/t/amd-img/20260915-00000246-spnannex-000-2-view.jpg?exp=10800,2026-09-15T16:05:00+09:00,2026-09-16T05:10:12+09:00,スポニチアネックス,spnannex,スポニチアネックス,956,"06年、第36回高松宮記念でG1初制覇を果たしたオレハマッテルゼとファンの声援に応える柴田善臣騎手
JRA騎手の柴田善臣（60）が15日、現役引退を表明した。デビュー42年目でJRA・G1勝利は9回。当時の“ヒーロー原稿”をもとに振り返る。G1・6勝目は06年の高松宮記念。オレハマッテルゼとのコンビだった。実に6年ぶりのJRA・G1勝ちとなった。

1着　オレハマッテルゼ　　牡6　57柴田善

2着　ラインクラフト　　　牝4　55福　永

3着　シーイズトウショウ　牝6　55池　添

　オレハマッテルゼとともに、脱鞍所に引き揚げてきた柴田善は出迎えた音無師を見つけると「バッチリでした。すべてがうまくいった」と喜びを爆発させた。同騎手にとっては丸6年ぶりのG1制覇。くしくも、前回の優勝も高松宮記念（00年キングヘイロー）で、人気（4番人気）まで同じだった。「長かったね。また、ここで勝てたのもうれしい」。先行勢のすぐ後ろにつけて折り合い、直線でラインクラフトとの一騎打ちに持ち込んだ。最後は首差競り落としての栄冠。「前走（阪急杯3着）は脚をタメるべきところで前に壁をつくれなかった」との反省を生かした。

　騎手はただレースに乗るばかりではない。自作自演でつかんだ栄冠だ。オレハマッテルゼに騎乗するのは7度目。1400～1600メートルの3度の重賞挑戦で2、2、3着と惜敗を繰り返したが、その間に柴田善は同馬の特徴を完全につかみ取った。「最後で詰めが甘くなっている。距離が短い方がいい」。馬上の感覚だった。同じ頃、小田切有一オーナーから「短いところで使えないか」と打診を受けていた音無師が、柴田善にローテーションについて相談。「1200メートルのG1に行きましょう」と、未経験の距離を勧めた柴田善の判断は大正解だった。

　音無師は95年の開業以来、66回目の挑戦で初のG1タイトル。「リンカーンでチャンスが何度かあったけど、なかなか勝てずに…。長かった」。同師が騎手時代に制した思い出のG1は85年オークス。同じ小田切オーナーのノアノハコブネだった。21年の時を経て、再び同じコンビで勝ち取ったタイトル。前日にリンカーンで日経賞を制した師は、ゲンをかつぐため同じ紫色のネクタイを2日続けて着用していた。",[],[]
【追憶の柴田善臣　G1・9勝目】14年安田記念ジャスタウェイ　須貝師との同期愛　代役騎乗9センチ差V（スポニチアネックス）,https://news.yahoo.co.jp/articles/6feb7e648d3b56905d1aa420da764d64c40ae48d,https://newsatcl-pctr.c.yimg.jp/t/amd-img/20260915-00000252-spnannex-000-2-view.jpg?exp=10800,2026-09-15T16:05:00+09:00,2026-09-16T05:09:02+09:00,スポニチアネックス,spnannex,スポニチアネックス,905,"14年、第64回安田記念でジャスタウェイ（牡５）でレースを制し、ファンの声援に応える柴田善臣騎手
JRA騎手の柴田善臣（60）が15日、現役引退を表明した。デビュー42年目でJRA・G1勝利は9回。当時の“ヒーロー原稿”をもとに振り返る。9勝目は14年の安田記念。ジャスタウェイとのコンビだった。これまでG1・8勝の単勝人気を勝利順に並べると2、5、4、6、4、4、8、7番人気。最初で最後の1番人気での勝利となった。

1着　ジャスタウェイ　　　牡5　58柴田善

2着　グランプリボス　　　牡6　58三　浦

3着　ショウナンマイティ　牡6　58北村宏

　全身泥んこで飛び込んだゴール板。ジャスタウェイの馬上で、デビュー30年目の柴田善も確信を持てずにいた。「届いたとは感じたけど…。ゴーグルが汚れ過ぎ、はっきりとは分からなくて」

　最終4角で馬群の中の12番手。馬場の良い外に出したくても、外は馬群の壁。やむなく内に切り替え、魂の左ステッキで追いまくった。先に抜け出したグランプリボスを、最後の最後で捉えた。わずか9センチの鼻差。絶体絶命の大ピンチから世界の鬼脚が火を噴いた。

　柴田善と須貝（尚介）師は、競馬学校騎手課程1期の同期。「同期で、G1を獲りたいね」。騎乗停止中の福永に代わるピンチヒッターのオファーに巧腕で応じた。13年毎日王冠2着以来の騎乗となった柴田善は「体力は元々あった。パドックでも以前より落ち着いていたし、精神的な部分の成長が凄い。道悪に何度も脚を取られ、普通なら諦めるようなところから、馬が最後まで抜かそう…と諦めなかった。偉い馬です。本当に偉い。世界一の馬に悪い成績を付けず、ホッとしてます」と精神力を称えた。

　13年天皇賞・秋、前走ドバイデューティフリーに続くG1機会3連勝。悪馬場をはねのけ、1番人気の重圧から解放された須貝師は胸をなで下ろし、笑顔を見せた。「（検量室の）着順掲示板を見て、初めて勝ったんだ、と。ゴールの瞬間は分からなかった。ホッとしました。ドバイであれだけのパフォーマンスをした馬。安田記念を選んだ以上は負けるわけにいかなかった」と振り返った。",[],[]
【追憶の柴田善臣　G1初勝利】93年安田記念ヤマニンゼファー　「ゴールまでが本当に長かった」（スポニチアネックス）,https://news.yahoo.co.jp/articles/a63bb5c212f4768826215734e2c41a3e022a6c83,https://newsatcl-pctr.c.yimg.jp/t/amd-img/20260915-00000237-spnannex-000-13-view.jpg?exp=10800,2026-09-15T16:05:00+09:00,2026-09-15T18:39:25+09:00,スポニチアネックス,spnannex,スポニチアネックス,956,"93年、　第43回安田記念でG1初勝利を挙げ、鞍上の柴田善臣騎手はゴールの瞬間ガッツポーズ
JRA騎手の柴田善臣（60）が15日、現役引退を表明した。デビュー42年でJRA・G1勝利は9回。当時の“ヒーロー原稿”をもとに振り返る。G1初勝利は93年の安田記念。ヤマニンゼファーとのコンビだった。（馬齢は現在の表記）
【写真あり】超人気騎手、驚きの交友録！人気タレント、プロ野球選手…飲み会での意外な顔合わせに「頭が追いつきません」
1着　ヤマニンゼファー　牡5　57柴田善

2着　イクノディクタス　牝6　55村　本

3着　シンコウラブリイ　牝4　55岡　部

　「早めに先頭に立ったが、ゴールまでが本当に長かったです」。柴田善がファンの前で喜びを語る。悲願のG1制覇だ。それも普段から「G1でも特にマイルのレースで勝ちたいんだ」と、しきりに漏らしていただけに格別だ。派手なガッツポーズが飛び出したのも無理はない。ホクトヘリオス（安田記念4、4、5着、マイルCS2着）、ホクトビーナス、ヤマノカサブランカ（ともに桜花賞2着）とあと一歩のところまで追い詰めながら勝てなかった。

　柴田善のヤマニンゼファーは好スタートを切り早々と2番手をキープ。4コーナーで前を行くマイネルヨースに並びかけた時も「馬の力を信じ切って、それしかない」と割り切っていた。

　し烈な2着争い。米、仏からやってきたロータスプールもキットウッドもその中に加わっている。それだけに堂々たる勝ちっぷり。昨年に続く連覇だが、今年のVの方がはるかに重みがある。

　「本当によくやってくれた。今後のことはじっくり考えるよ」。栗田（博憲）師も興奮気味だ。そんな同師にロータスプールのロメロ騎手が声をかける。「強い馬だ。日本にも素晴らしい馬がいることがわかった」と。彼はおそらくヤマニンゼファーの父が日本産馬（ニホンピロウイナー）であることを知らないはず。

　実質的な国際化元年、12回を数える招待競走のジャパンC以外に初めて外国に開放されたメモリアルレースが安田記念だった。これからも続々とレースが開放され、外国馬が乗り込んでくるだろう。

　

　しかし、外国馬を恐れることはない。ヨシトミが、ヤマニンゼファーが、日本馬に大きな勇気を与えた。",[],[]
安蘭けい　過去最高齢81歳のピアノ教師役「亡くなった母が降りてくるかも」（スポニチアネックス）,https://news.yahoo.co.jp/articles/94a0f23c4db9378107f7da856cd073d63ff6e4f0,https://newsatcl-pctr.c.yimg.jp/t/amd-img/20260915-00000255-spnannex-000-5-view.jpg?exp=10800,2026-09-15T16:04:03+09:00,2026-09-15T16:10:14+09:00,スポニチアネックス,spnannex,スポニチアネックス,645,"過去最高齢、81歳の女性役に挑む安蘭けい
女優の安蘭けい（55）が15日、大阪市内で主演ミュージカル「FOUR　MINUTES　4分間のピアニスト」（12月7～27日＝東京・シアターウエスト、来年1月10、11日＝大阪シアター・ドラマシティ）の取材会に出席した。

　刑務所にピアノを教えにきた教師と、類い希なるピアノの素質を持った受刑者の、激しくも熱い交流を描いたドイツ映画「4分間の…」をベースにしたミュージカル。

　同映画に感動した韓国のミュージカル俳優、ヤン・ジュンモが韓国ミュージカルとして立ち上げ、そのヤン自ら安蘭にオファーが届き、日本初上演が決まった。「ステキな台本で、読み合わせした時には涙がポロポロこぼれてきた。すごく切なくて、これはかなり期待してもらって問題ない」などと胸を張った。

　安蘭が演じるのは、第2次世界大戦後のドイツで、暗い過去を抱えて生きてきた81歳のピアノ教師。「過去最高齢の女性役で“どうなるんだ？“とか思いますが、うちの母が生きていたら81歳。偶然を感じるし、これをやる時には母が降りてくるんじゃないかな？と思います」と静かに語った。

　宝塚歌劇団で初舞台を踏んで35年。3回受験に失敗しラストチャンス、4度目の受験に挑戦するかどうか「人生で一番悩んだ」末に宝塚音楽学校に合格し星組トップスターにまで昇り詰めた。「ひたすらに“好き“という気持ちでここまでやってこれた。この人生を選んで良かったな、と思っています」などと舞台人生を振り返っていた。",[],[]
ラーメン二郎・亀戸店、「ちいかわ」作者の色紙は一切撮影NGと告知「あまり言いたくないのですが…」（スポニチアネックス）,https://news.yahoo.co.jp/articles/504acaff5bb5abd94130df62dede17842ccbb3f0,https://newsatcl-pctr.c.yimg.jp/t/amd-img/20260915-00000254-spnannex-000-4-view.jpg?exp=10800,2026-09-15T16:02:10+09:00,2026-09-15T16:45:47+09:00,スポニチアネックス,spnannex,スポニチアネックス,523,"ラーメン二郎亀戸店のX@jiro_kameから
「ラーメン二郎亀戸店」の公式X（旧ツイッター）が15日までに更新。店舗に飾られている人気マンガ「ちいかわ」の作者・ナガノ氏のイラスト色紙が一切撮影NGである理由を説明した。
【写真あり】ラーメン二郎・京都店、近隣での迷惑行為報告
店舗の公式Xでは「お世話になってます。最近劇場版ちいかわの影響でちいかわファンのお客さんの来店が増えました！ありがとうございます　それでたまにナガノ先生の色紙を見つけられなかったという書き込みを見かけるのですが　ナガノ先生の色紙は入り口入ってすぐ左上にあります！良かったら参考にしてください」と告知。

　現在、撮影はNGとなっているが「あまり言いたくないのですが、よく飾ってあるのだから写真くらいいいだろという方がいらっしゃるのですが以前は写真OKにしていました」とする。

　しかし「ただ一つお店側から『写真を撮る際はスタッフに一声かけてください』と張り紙でアナウンスしていても勝手に写真撮る方があまりに多くスタッフが声がけした際にも結構な暴言吐かれる方がいたので一律写真お断りさせていただいています。ご理解よろしくお願いします」と、禁止にした理由を説明していた。",[],[]
【追憶の柴田善臣】JRA重賞96勝　最も勝った重賞レースは？　一番重賞を獲った馬は？（スポニチアネックス）,https://news.yahoo.co.jp/articles/9adeb565f6769e6d8f13b7aeb3b64bb097181a0f,https://newsatcl-pctr.c.yimg.jp/t/amd-img/20260915-00000228-spnannex-000-2-view.jpg?exp=10800,2026-09-15T16:01:00+09:00,2026-09-16T05:13:16+09:00,スポニチアネックス,spnannex,スポニチアネックス,525,"柴田善臣騎手
JRA騎手の柴田善臣（60）が15日、現役引退を表明した。デビュー42年目でJRA重賞96勝（9月14日現在）。データで改めて振り返る。

　芝が86勝でダート10勝、圧倒的に芝での勝ち星が多かった。競馬場別で見ると中山36勝で東京は33勝。合わせて69勝と多数を占める。全10場で函館のみ、勝利を挙げることができなかった。

　性別では牡馬で75勝と圧倒的に勝ち星が多い。牝馬19勝、セン馬で2勝を挙げている。

　最も勝ったJRA重賞レースは目黒記念、中山記念、フラワーCで共に4勝。目黒記念は96年ユウセンショウ、01年ホットシークレット、03年トシザブイ、04年チャクラで勝利。

　中山記念は90年ホクトヘリオス、97年キングオブダイヤ、99年キングヘイロー、13年ナカヤマナイトでVを飾っている。

　フラワーCは91年フラッシュシャワー、99年サヤカ、00年マルターズスパーブ、07年ショウナンタレントで勝った。

　JRAダート重賞10勝ながら、馬別のJRA重賞勝利数で一番勝っているのがワシントンカラーの4勝。97年クリスタルCこそ芝のレースだったが、その後97＆98年根岸S、99年ガーネットSとダート重賞を制した。",[],[]
劇団四季「BTTF」東京公演、16日から再開　機材トラブルで急きょ中止から3日で再開へ（スポニチアネックス）,https://news.yahoo.co.jp/articles/1ce80f52e0ad884bf2ceccb6343283111292ba98,https://newsatcl-pctr.c.yimg.jp/t/amd-img/20260915-00000253-spnannex-000-3-view.jpg?exp=10800,2026-09-15T16:00:29+09:00,2026-09-15T16:02:07+09:00,スポニチアネックス,spnannex,スポニチアネックス,431,"劇団四季のX（@shiki_jp）から
劇団四季は15日、公式サイトを更新。13日に公演中止が発表されたミュージカル「バック・トゥ・ザ・フューチャー」東京公演について、16日から公演を再開すると発表した。

　東京・JR東日本四季劇場「秋」で上演中の同公演は、13日午後1時開演の公演が舞台機構トラブルのため中止となっていた。

　劇団はこの日、「『バック・トゥ・ザ・フューチャー』東京公演（JR東日本四季劇場［秋］）につきまして、下記のとおり、公演を中止とさせていただいておりましたが、9月16日（水）より再開させていただきます」と発表。「このたびの休演に際しまして、ご観劇を楽しみにお待ちくださっていたお客様に多大なご迷惑をおかけしましたことを、あらためまして心よりお詫び申し上げます」と改めて謝罪した。

　13日の公演については、舞台機構トラブルが発生し、復旧に至らなかったことから「安全に上演することが難しい」と判断。やむを得ず中止すると発表していた。",[],[]
柴田善臣騎手が現役引退　現役最年長60歳決断　JRA通算2341勝、G1・9勝　右肩負傷復帰かなわず（スポニチアネックス）,https://news.yahoo.co.jp/articles/d114536923202bb51b132701e4b34d4ccb2a85d8,https://newsatcl-pctr.c.yimg.jp/t/amd-img/20260915-00000226-spnannex-000-15-view.jpg?exp=10800,2026-09-15T16:00:00+09:00,2026-09-15T20:08:33+09:00,スポニチアネックス,spnannex,スポニチアネックス,1169,"柴田善臣騎手
JRAは15日、現役最年長騎手の柴田善臣（60＝美浦・フリー）が現役を引退すると発表した。85年3月デビュー。JRA通算2341勝（15日現在）を積み重ね、14年安田記念（ジャスタウェイ）などJRA・G1・9勝を挙げた。右肩の負傷により今年4月から長期休養に入り、7月30日に60歳の誕生日を迎えたが、JRA所属としては初の“還暦騎乗”はかなわなかった。18日付で騎手免許を取り消し、引退式は天皇賞・秋当日の11月1日(日)に東京競馬場で行われる。引退後はJRAアドバイザーに就任する予定。引退会見は16日、午前10時からJRA美浦トレーニングセンターで行われる。
【写真あり】【追憶の柴田善臣　G1初勝利】93年安田記念ヤマニンゼファー
JRA現役最年長ジョッキーの柴田善が、ムチを置く決断をした。82年にスタートしたJRA競馬学校騎手課程の第1期生だった。85年に騎手免許を取得、同年3月にデビュー。1年目は新人トップの12勝を挙げ、新人賞にあたる民放競馬記者クラブ賞を受賞した。

　デビュー4年目の88年、中山牝馬Sをソウシンホウジュで制して重賞初制覇。G1初制覇は93年安田記念のヤマニンゼファーで、同年秋の天皇賞でも同馬をVに導いた。90年代半ばから00年代にかけては年齢が近い横山典弘、蛯名正義（現調教師）、田中勝春（同）らと共に関東のトップジョッキーとして大活躍。優秀騎手賞のタイトルを10回受賞しており、02～04年には3年連続で関東騎手リーディング。クリーンな騎乗ぶりでも知られ、フェアプレー賞は11回受賞している。

　JRA通算成績は2万2311戦2341勝、重賞96勝。G1はヤマニンゼファーでの2勝のほか、創設初年度だった96年NHKマイルCのタイキフォーチュンなど9勝を挙げた。05年3月から10年4月までは日本騎手クラブ会長の要職を務め、退任後も現在まで相談役として同クラブの運営に大きく貢献している。

　22年春の褒章では、中央競馬の発展や畜産業の振興に多大なる貢献を果たしたことが認められ、JRAの現役騎手として史上初の黄綬褒章を受章した。また同年11月5日の福島1Rでビルカールに騎乗して56歳3カ月7日での勝利を飾り、岡部幸雄（引退）が保持していたJRA最年長勝利記録（56歳2カ月24日）を更新。同年のJRA賞特別賞を受賞した。

　24年に左肩のケガによる長期休養があったものの、復帰後はさらに勝利を重ねて自身の記録を何度も塗り替えた。現在の記録は今年1月31日の東京5R（リッツパーティー）でマークした59歳6カ月2日。7月30日に60歳を迎えたが、4月12日の福島での騎乗を最後に右肩の負傷で休養に入っていたため、JRA騎手としては初めてとなる還暦での騎乗は実現しなかった。",[],[]
北山宏光「突然のこと過ぎて整理がついてない」　中村ゆりさん訃報にショック「悲しい。とっても悲しい」（スポニチアネックス）,https://news.yahoo.co.jp/articles/333201065164f5bd9d0c3eb6e3cef6c2537c5e8e,https://newsatcl-pctr.c.yimg.jp/t/amd-img/20260915-00000251-spnannex-000-3-view.jpg?exp=10800,2026-09-15T15:59:51+09:00,2026-09-15T16:02:04+09:00,スポニチアネックス,spnannex,スポニチアネックス,280,"中村ゆりさん
歌手で俳優の北山宏光（40）が15日までに自身のX（旧ツイッター）を更新。1日に直腸がんによって44歳で死去した女優・中村ゆりさんを追悼した。

　テレビ東京系連続ドラマ「ただ離婚してないだけ」で中村さんと夫婦役を演じた北山。

　自身のXで「突然のこと過ぎて整理がついてないです」とつづり始めた。

　「中村ゆりさんとは、ただ離婚してないだけで共演させていただきました。大変なシーンを一緒に乗り越えた戦友でした。いつも、本当にいつも笑顔で素敵な素晴らしい方。早過ぎます」と追悼した。

　最後に「悲しい。とっても悲しい」と悲痛な思いを吐露した。",[],[]
24時間テレビ、豪雨4県に各1000万円の義援金　公式サイトで発表　「自然災害緊急支援」拠出（スポニチアネックス）,https://news.yahoo.co.jp/articles/f669d2c21678450489585522f114ef04912e0e5a,https://newsatcl-pctr.c.yimg.jp/t/amd-img/20260915-00000248-spnannex-000-4-view.jpg?exp=10800,2026-09-15T15:52:23+09:00,2026-09-16T04:31:42+09:00,スポニチアネックス,spnannex,スポニチアネックス,590,"日本テレビ社屋
公益社団法人24時間テレビチャリティー委員会は14日、8月から相次いだ大雨による被害を受け、千葉、富山、石川、福井の4県にそれぞれ1000万円、計4000万円の義援金を拠出することを決定したと発表した。

　千葉県では8月13日から14日にかけて線状降水帯が発生し、各地で警戒レベル最上位の5に当たる「大雨特別警報」が発表された。記録的な水害により、死者13人、重軽傷者46人の被害が発生。床上・床下浸水などの住宅被害は4150軒以上、冠水によって水没した車両は2700台に及んだ。千葉県は国に激甚災害の指定を要請した。

　富山、石川両県では8月27日に線状降水帯が発生し、各地に大雨特別警報が発表された。河川の氾濫などにより、床上・床下浸水などの住宅被害は富山県で623軒、石川県で300軒以上に上ったほか、収穫を控えた稲作など農業にも大きな被害が出た。

　福井県でも8月29日から30日にかけて線状降水帯が発生し、大雨特別警報が発表された。床上・床下浸水は100軒以上に及んだ。

　同委員会は、こうした被害を受け「自然災害緊急支援」として4県への義援金拠出を決定したと伝え「日本テレビなど放送事業者31社で構成される公益社団法人24時間テレビチャリティー委員会では、皆さまからお預かりした寄付金を福祉・環境・災害復興などに活用しております」と呼びかけた。",[],[]
24時間テレビ　熊本地震緊急募金の総額「8119万円」超と発表「被災者の支援に全て使用」（スポニチアネックス）,https://news.yahoo.co.jp/articles/d29d13dd888f3ee7f40bed283a094b9fbfbfa55d,https://newsatcl-pctr.c.yimg.jp/t/amd-img/20260915-00000247-spnannex-000-5-view.jpg?exp=10800,2026-09-15T15:50:29+09:00,2026-09-16T04:31:39+09:00,スポニチアネックス,spnannex,スポニチアネックス,237,"日本テレビ社屋
公益社団法人24時間テレビチャリティー委員会は14日、令和8年熊本地震の被災者を支援するため実施した緊急募金について、寄付金額が8119万1600円になったと発表した。

　募金は7月30日から9月7日まで実施。委員会は「みなさまのご協力とご支援に感謝申し上げます」と感謝を伝えた。寄付金は、すでに拠出を決めている1000万円の義援金と合わせ、被災者の支援に全て使用するという。

　同委員会は「引き続き被災地の復興支援に取り組んでまいります」と呼びかけた。",[],[]
バービー　幸せ家族写真のはずなのに…「私は夫を信じていいのでしょうか？」“真相”にファン「最高」（スポニチアネックス）,https://news.yahoo.co.jp/articles/d2a3b1957b4270d5e42ca1a642e2742bc26dca4c,https://newsatcl-pctr.c.yimg.jp/t/amd-img/20260915-00000245-spnannex-000-3-view.jpg?exp=10800,2026-09-15T15:49:44+09:00,2026-09-15T15:55:29+09:00,スポニチアネックス,spnannex,スポニチアネックス,411,"「フォーリンラブ」バービーのインスタグラム（@fallin.love.barbie）から
お笑いコンビ「フォーリンラブ」のバービー（42）が15日までに、自身のインスタグラムを更新。誰もいない海辺での家族写真が反響を呼んでいる。
【写真】こ、これは…「短パン買ってきてあげる」だったはず
バービーは「『浜辺歩くなら短パン買ってきてあげる』と夫が言うのでお願いしたら手渡されたのはトランクスでした」と告白。しかし「履きました」と、愛犬を交えた家族写真を披露した。

　そして「私は夫を信じていいのでしょうか？　40代女性」と悩み相談風に締め、ハッシュタグで「トランクス履いてるとは思えない笑顔」と添えた。

　この投稿に夫“つーたん”が「なんでも似合っちゃうばびたんさすが！！！」とコメント。他にファンからは「お写真は素敵家族」「最高ーーです」「さすが旦那様」「旦那さん最高です」「違和感なく素晴らしい」などの声が集まった。",[],[]
金村義明氏　6連敗中の阪神ベンチに今こそ必要な選手の名前「老婆心ながら言わせて…」（スポニチアネックス）,https://news.yahoo.co.jp/articles/bcf5d84ea088ed2c1e943e9a0363d59f0d30a88e,https://newsatcl-pctr.c.yimg.jp/t/amd-img/20260915-00000243-spnannex-000-3-view.jpg?exp=10800,2026-09-15T15:48:10+09:00,2026-09-15T15:54:15+09:00,スポニチアネックス,spnannex,スポニチアネックス,540,"金村義明氏
近鉄、中日、西武の3球団でプレーした金村義明氏（63）が14日放送のMBSラジオ「金村義明のええかげんにせえ～！」（月曜後6・00）に出演。リーグ連覇を前にして6連敗中の阪神で今こそ使うべき選手の名前を挙げた。
【写真あり】金村義明氏が今の阪神に必要だとする選手
一時は2位・巨人に5ゲーム差をつけて優勝マジックも点灯した阪神だが、まさかの6連敗。巨人に0・5ゲーム差と肉薄されている。

　金村氏は「冷や汗やんか、0・5やって」と急ブレーキに苦笑い。

　まさに筋書きのないドラマ。金村氏は「こういうときに何が一番必要ってベテランの力やねん。ベテランがベンチに1人でもおってね、落ち着かせてくれるわけ」と、経験豊富な野手によるプレー面だけではない精神的サポートの重要性を主張した。

　そして、「森下、佐藤って勢いあるけどベテランじゃないのよ。老婆心ながら言わせてもらうと木浪や糸原。優勝経験あるバッターをうまく使ってほしい」と、32歳の木浪聖也、33歳の糸原健斗の存在が現状打破に生きると訴えた。

　追う巨人は丸、坂本のベテラン勢がここに来て存在感を見せている。

　金村氏は「でもヒヤヒヤしてこれで勝ったら喜ぶからな」と、この難局を乗り越えての歓喜に期待した。",[],[]
ドリカム、ロゴ無断使用グッズに警告　販売・配布に加えSNS掲示も「権利を侵害」法的措置の対象に（スポニチアネックス）,https://news.yahoo.co.jp/articles/fed2a5a82215bb38cc7200b7ae1ec11498c43750,https://newsatcl-pctr.c.yimg.jp/t/amd-img/20260915-00000242-spnannex-000-10-view.jpg?exp=10800,2026-09-15T15:45:45+09:00,2026-09-15T18:56:00+09:00,スポニチアネックス,spnannex,スポニチアネックス,612,"DREAMS　COME　TRUE
音楽ユニット「DREAMS　COME　TRUE」は15日、スタッフ公式Xを通じ、ロゴやデザインを無断使用したグッズの販売・配布などが横行しているとして声明を発表した。
【写真あり】元ドリカム西川隆宏「5度の処置と2度の大きな手術を受けました」現状明かす
スタッフ公式は、株式会社ディーシーティーエンタテインメント名義で文書を掲載。「DREAMS COME TRUEに関するロゴやデザインを無断で使用してグッズ等を作成し、コンサート会場などで販売・配布したり、SNS上に掲示したりする行為が横行しております」と現状を報告。「弊社はDREAMS COME TRUEの所属プロダクションであり、これらの図形ロゴ・デザインについての著作権等の権利は、弊社において管理しております」と主張した。

　その上で、ロゴやデザインについて「個人で楽しむ範囲を越えて、複製・改変して使用した上で販売やプレゼントをする行為やSNSに掲示する行為は、弊社の権利を侵害し、DREAMS COME TRUEの活動を阻害する行為にあたる」と指摘。「侵害行為停止の申入れや法的措置の対象となる可能性があります」と警告した。

　さらに「有償・無償を問わず、これらの図形ロゴ・デザインの無断使用行為を行わず、また、これらを無断使用したグッズ等の購入や受け取りなどの行為もお控えいただけるようお願いいたします」と呼びかけた。",[],[]
エンゼルス・デトマーズが22年大谷翔平以来の球団投手シーズン200奪三振に王手！6回3失点で6勝目（スポニチアネックス）,https://news.yahoo.co.jp/articles/2e26df6587c84ead7fb7ca6dd5e27251b591e269,https://newsatcl-pctr.c.yimg.jp/t/amd-img/20260915-00000239-spnannex-000-3-view.jpg?exp=10800,2026-09-15T15:42:02+09:00,2026-09-15T15:44:39+09:00,スポニチアネックス,spnannex,スポニチアネックス,700,"マリナーズ戦に先発したエンゼルス・デトマーズ（AP）
◇ア・リーグ　エンゼルス6－4マリナーズ（2026年9月14日　シアトル）

　エンゼルスのリード・デトマーズ投手（27）が14日（日本時間15日）、敵地でのマリナーズ戦に先発。6回7安打3失点で6勝目を挙げ、シーズン200奪三振に王手をかけた。
【写真あり】デトマーズ　大谷翔平への顔面付近の投球に「ごめんなさい」すれ違う際は両者笑顔
立ち上がり、先頭・クロフォードに左前打を浴びると、続くアロザレーナには左中間を破られたが、味方守備陣の素早い中継プレーで生還を狙った一塁走者・クロフォードを本塁でタッチアウト。この回を無失点で切り抜けると、3回までに5三振を奪った。

　4点リードの4回、アロザレーナ、カンゾーンに連打を浴びると、続くローリーに3ランを被弾。1点差に迫られたもののリードだけは死守。6回まで3失点と粘り、8三振を奪った。打線も5回までに6点を奪ってデトマーズを援護し、今季6勝目を手にした。

　デトマーズはこの登板で7試合連続、クオリティースタート（QS＝6回以上、自責点3以下）を達成。シーズン199奪三振と大台に王手をかけた。

　シーズン200奪三振に達すれば、エンゼルスでは22年に219奪三振を記録した大谷翔平（現ドジャース）以来、4年ぶり球団史上11人目となる。左腕に限れば、1999年チャック・フィンリー以来、27年ぶりの快挙となる。

　デトマーズは21年にエンゼルスでメジャーデビュー。22年5月のレイズ戦ではノーヒットノーランを達成し、当時、チームメートだった大谷もマルチ安打で左腕をバックアップした。",[],[]
幕内復帰を目指す玉鷲は初日から3連敗　立ち合いで阿武剋を押し込むも逆襲に遭い寄り切られる（スポニチアネックス）,https://news.yahoo.co.jp/articles/3bdd28cbf1f92602586753ea4261448c8d1fca82,https://newsatcl-pctr.c.yimg.jp/t/amd-img/20260915-00000236-spnannex-000-6-view.jpg?exp=10800,2026-09-15T15:39:42+09:00,2026-09-16T00:38:11+09:00,スポニチアネックス,spnannex,スポニチアネックス,241,"玉鷲
◇大相撲秋場所3日目（2026年9月15日　東京・両国国技館）

　大相撲秋場所は15日、3日目を迎え、東十両3枚目・玉鷲（41＝片男波部屋）は西十両3枚目の阿武剋（26＝阿武松部屋）に敗れて初日から3連敗となった。

　鋭い立ち合いで押し込んだが、左を差されたあとは劣勢となり、寄り切られた。

　関取最年長の41歳は13年ぶりに幕内から十両に陥落した先場所は東7枚目で9勝6敗と勝ち越した。幕内復帰へ向け、苦しいスタートとなったが、ここから白星を伸ばしていきたいところだ。",[],[]
MBSラジオ秋改編の肝は夜帯！平日は「ヤンタン＋ヤンタンA」で、新たな若者世代の取り込み狙う（スポニチアネックス）,https://news.yahoo.co.jp/articles/f4649e1dcbc9f0301c56ee8b6235c3fef200f7a2,https://newsatcl-pctr.c.yimg.jp/t/amd-img/20260915-00000235-spnannex-000-5-view.jpg?exp=10800,2026-09-15T15:37:56+09:00,2026-09-16T04:31:36+09:00,スポニチアネックス,spnannex,スポニチアネックス,589,"MBS社屋
MBSラジオが15日、大阪市北区の同局で秋の改編会見を実施。改編率は20・0％、制作率は96・4％と発表した。

　田中良樹常務取締役は、改編で掲げたテーマを「夜帯のリブランディング」と説明。若い世代の意見を取り入れることを目的に、若手社員のプロジェクトチームを約1年前に立ち上げ、夜帯のタイムテーブルを再考。中でも同局の看板番組のひとつ「ヤングタウン」を軸に置き、見直しを進めたという。

　これまで明石家さんまらが出演する「ヤンタン」、人気芸人が多数出演する「アッパレ！やってま～す」が帯番組として夜帯を引っ張ってきたが、ヤンタンを軸にして、アッパレを土日のみの放送に。平日のアッパレ枠には新番組「ヤングタウンA（エース）」が登場する。

　ヤンタン、ヤンタンAともに金曜日は新メンバーが登場することになりそうだ。ヤンタンは今回の改編会見でNovel Coreが新たに担当することが発表され、ヤンタンAの金曜出演者は後日発表される。

　ヤンタンの他曜日出演者は変わらず、ヤンタンAの出演者も、アッパレの人気メンバーが中心で、水曜日も他番組からの流れを引き継ぐ形だ。

　出演者の目新しさはそこまでないが、“ヤンタンのMBS”を印象づける新たな編成に。同局の長い歴史を支える看板番組・ヤンタンで、未来を握る若者世代を取り込めるか、リスナーの反応にも注目が集まる。",[],[]
中村獅童　長男＆次男交えた“幸せ家族ショット”公開　54歳の誕生日迎え「皆様へ心より感謝」（スポニチアネックス）,https://news.yahoo.co.jp/articles/fdbaf7e2164188f6ff9ed46e1eb55f50f04b5f62,https://newsatcl-pctr.c.yimg.jp/t/amd-img/20260915-00000234-spnannex-000-3-view.jpg?exp=10800,2026-09-15T15:36:40+09:00,2026-09-15T15:38:26+09:00,スポニチアネックス,spnannex,スポニチアネックス,391,"中村獅童のインスタグラム（@shido_nakamura）から
歌舞伎俳優の中村獅童が15日、自身のインスタグラムを更新。14日に54歳の誕生日を迎えたことを伝えた。
【写真】変顔もかわいい！家族の“乾杯ショット”
獅童は「昨日9月14日に54歳の誕生日を迎えさせていただきました、沢山のお祝いメッセージそして遊びに来てくださった皆様へ心より感謝御礼申し上げます」と感謝。長男の陽喜、次男の夏幹との家族写真を披露した。

　この投稿を受け、女性デュオ「PUFFY」大貫亜美、俳優の松田翔太、鈴木一真、浅野忠信、モデルの佐田真由美、歌舞伎俳優仲間ら多数の友人、知人がコメント欄で祝福。他にファンからは「子連れ狼、最高でまた見たいです」「これからもご活躍を期待しております」などの声が集まった。

　獅童は2015年に、沙織さんと結婚。17年に長男の陽喜、20年に次男・夏幹が誕生した。",[],[]
【高校野球】元木大介氏の次男、横浜・元木瑛介が公式戦デビュー　父は甲子園スター＆巨人で活躍（スポニチアネックス）,https://news.yahoo.co.jp/articles/78e3f592bc18525f8cea1ad49d91545faadea2b8,https://newsatcl-pctr.c.yimg.jp/t/amd-img/20260915-00000233-spnannex-000-21-view.jpg?exp=10800,2026-09-15T15:36:02+09:00,2026-09-15T17:14:06+09:00,スポニチアネックス,spnannex,スポニチアネックス,342,"横浜・元木瑛介
秋季高校野球の神奈川県大会が15日行われ、横浜は初戦の3回戦で横浜栄と対戦した。
【写真あり】人気女優が！「今年も甲子園の熱気を感じてきました」現地報告にファンびっくり
10―3と大きくリードして迎えた7回に背番号24の元木瑛介（1年）が代打で公式戦初出場を飾った。

　結果は遊撃手の失策で公式戦初打席で塁に出ると、初得点も記録した。さらにこの回、打者一巡の猛攻となり、2度目の打席では左翼線適時二塁打。うれしい初安打＆初打点もマークした。

　父は上宮で甲子園のスターとして活躍し、巨人で長らく活躍した元木大介氏。長男の翔大さんも大阪の強豪・履正社でプレーした。抜群の野球センスで“くせ者”とも呼ばれた名選手のDNAを持つ1年生が、名門校で大きな一歩を踏み出した。",[],[]
Cocomi　妹Koki，とペアルック2ショット　「脚の置き方聞いてました」（スポニチアネックス）,https://news.yahoo.co.jp/articles/d606ee24d9fa4b3bc346cc079b0885b138814465,https://newsatcl-pctr.c.yimg.jp/t/amd-img/20260915-00000232-spnannex-000-4-view.jpg?exp=10800,2026-09-15T15:32:40+09:00,2026-09-15T15:38:23+09:00,スポニチアネックス,spnannex,スポニチアネックス,258,"Cocomiインスタグラム（@cocomi_553_official）から
モデルでフルート奏者・Cocomi（25）が15日、自身のインスタグラムを更新。妹で女優でモデルのKoki，（23）とのペアルック2ショットを投稿した。
【写真】Cocomi＆Koki，　後ろから見ると…どっちがどっち？
Cocomiは「姉妹ルックin　Venice」とKoki，とおそろいの服装の2ショットを投稿した。

　この2ショットに「脚の置き方聞いてました」とし「骨格ナチュラル（妹）と骨格ウェーブThank you」とつづった。",[],[]
くわばたりえ　「クワバタオハラ」コンビ結成のきっかけ明かす「楽屋で落ち込んでいたら…」（スポニチアネックス）,https://news.yahoo.co.jp/articles/0455eb2ebc4009d6d258941422a1795ea8ab9596,https://newsatcl-pctr.c.yimg.jp/t/amd-img/20260915-00000231-spnannex-000-7-view.jpg?exp=10800,2026-09-15T15:30:57+09:00,2026-09-15T16:02:01+09:00,スポニチアネックス,spnannex,スポニチアネックス,451,"くわばたりえ
お笑いコンビ「クワバタオハラ」くわばたりえ（50）が14日放送のニッポン放送「大沢あかね LUCKY 7」（月～金曜後9・50）に出演。コンビ結成のきっかけについて明かした。

　2000年に結成した同コンビ。当時について「このときは女芸人っていう言葉がそんなになかったよね。楽屋とかも大広間みたいなところの端っこで、そこで着替えるのが当たり前。隠れて着替えることもしないような時代やったもんね」と振り返った。

　「NSC13期生で他のコンビでいたの。解散してひとりで東京に出てきてホリプロ入って、ピンでやってたの」と明かした、くわばた。相方・小原正子との出会いについて「そこで初めて小原さんと会ってって感じ。東京で出会ってんねん、クワバタオハラは」と打ち明けた。

　続けて「私がひとりで舞台に立っているときにダダスベりしたの。人っ子一人笑わなくて楽屋で落ち込んでいたら小原さんが来て“私と組まない？”ってなったのよ。その前から飲み友達にはなっていたからそれきっかけかな」と明かした。",[],[]
【陸上】女子1万m・広中璃梨佳、アジア大会の出場を辞退　コンディション調整に遅れ（スポニチアネックス）,https://news.yahoo.co.jp/articles/c09309890d0b0b2211ddf83816d736ac51cab9c4,https://newsatcl-pctr.c.yimg.jp/t/amd-img/20260915-00000230-spnannex-000-4-view.jpg?exp=10800,2026-09-15T15:30:14+09:00,2026-09-16T00:38:08+09:00,スポニチアネックス,spnannex,スポニチアネックス,126,"広中璃梨佳
日本陸連は15日、愛知・名古屋アジア大会の女子1万メートルで日本代表に決まっていた広中璃梨佳（ユニクロ）が出場を辞退すると発表した。

　理由は「コンディション調整の遅れ」とされた。

　今回の出場辞退による代表選手の入れ替えや追加はない。",[],[]
キンコン西野、“指示待ち”のホワイトカラーに警鐘「かなり耳の痛い話…必要とされなくなる」（スポニチアネックス）,https://news.yahoo.co.jp/articles/6ba698b135d67fc47b0a4c9e1373b4d98e69201c,https://newsatcl-pctr.c.yimg.jp/t/amd-img/20260915-00000229-spnannex-000-5-view.jpg?exp=10800,2026-09-15T15:30:01+09:00,2026-09-16T04:32:35+09:00,スポニチアネックス,spnannex,スポニチアネックス,540,"「キングコング」西野亮廣
お笑いコンビ「キングコング」の西野亮廣（46）が15日までに自身のX（旧ツイッター）を更新し、“指示待ち”のホワイトカラーについて厳しい見解を示した。

　西野は「僕らは、学校教育の中で長いあいだ、『与えられた問いに正解すること』『先生の指示に従うこと』『決められた課題をこなすこと』を評価されてきました。つまり、『指示を受けて、正確に処理する人』を育てるプログラムで育ってきた」と切り出す。

　「ところが、その『正確に処理する』という部分を、AIが猛烈な速度で代替し始めている。かなり耳の痛い話になるけれど、『指示待ちのホワイトカラー（人材）』は必要とされなくなる。
#すでに大部分が削られはじめているこれから価値が上がるのは
、『そもそも何をするのか』を決められる人。

　「これは、『仕事をAIに奪われる』というより、これまで社会が求めてきた人材像そのものが、AIによって書き換えられているという話なんだと思う。そして、その変化に一番戸惑うのは、決して能力が低い人ではなく、これまでのルールを真面目に守ってきた人なのが皮肉です」とし「学校には、『国語』や『算数』だけじゃなくて、『覚悟』とか『決断』みたいな授業があるといいのかな」とつづっていた。",[],[]
林家ぺー　パー子は「意外と重症」車いすの近影公開　昨年9月に自宅全焼、明かしていた認知症兆候（スポニチアネックス）,https://news.yahoo.co.jp/articles/caafbbaa006f1d8fa427678467249666ea489451,https://newsatcl-pctr.c.yimg.jp/t/amd-img/20260915-00000227-spnannex-000-4-view.jpg?exp=10800,2026-09-15T15:26:38+09:00,2026-09-15T15:36:26+09:00,スポニチアネックス,spnannex,スポニチアネックス,429,"林家ペー公式X(@8848pee)から
タレント・林家ペー（84）が13日、自身のXを更新。妻・パー子（78）の近影を公開した。
【写真あり】パー子が歩行困難に「突然、脚が痛み」ベッドに横たわる姿
ペー、パー子夫妻を巡っては、昨年9月に東京・赤羽の自宅マンションから出火。軽度のやけどを負ったパー子を含む、3人が負傷した。ペーは8月配信のABEMA「NO　MAKE」に出演した際、パー子について「本人も自覚していますよ。“私、認知症かな?”って」と、認知症の兆候があることを明かしていた。

　また、8月25日には「或る日突然！？パー子が　歩く事が出来ない程脚が痛み」と明かし、パー子がかかりつけの病院で治療を受けたことを報告していた。

　この日は「余談ですが・ご存知の通り！？パー子は意外と重症！」とつづり、空港搭乗口での車いすに座るパー子の近影を公開。優先登場の案内を受けたことも明かし「受付から搭乗までエスコートありがとう　林家三平師匠」とつづった。",[],[]
池袋の映画館、SNS疑惑の社内調査を報告　「ちいかわ」入場特典の不正流出の事実は確認されず（スポニチアネックス）,https://news.yahoo.co.jp/articles/563310e15156350001f54e3ede5291577b7bc617,https://newsatcl-pctr.c.yimg.jp/t/amd-img/20260915-00000225-spnannex-000-6-view.jpg?exp=10800,2026-09-15T15:19:01+09:00,2026-09-16T04:33:45+09:00,スポニチアネックス,spnannex,スポニチアネックス,771,"グランドシネマサンシャイン池袋公式X（@cs_ikebukuro）から
東京・池袋の映画館「グランドシネマサンシャイン池袋」は15日、公式Xを更新。SNS上で拡散されている同店に関する投稿についての社内調査の途中経過を報告した。

　同店は「『映画ちいかわ　人魚の島のひみつ』入場者特典に関するSNS投稿についての社内調査の途中経過報告」として文書の画像を投稿した。

　文書には「グランドシネマサンシャイン　池袋における『映画ちいかわ　人魚の島のひみつ』の入場者特典に関し、SNS上において不正流出を疑わせる内容の投稿がなされた件につき、当社で社内調査を実施いたしました」とし「調査の結果、当該入場者特典については、総納品数から在庫数を差し引いた数と、動員数（配布数）との間に差異は確認されておらず、数量管理上の整合性が取れていることが確認されました。そのため、当社が管理する入場者特典が不正に流出したことを裏付ける事実は確認されておりません」と報告。

　また「当該SNSアカウントが記載されているような、当社と投稿者又はその関係者とのやりとりも存在しません。当社といたしましては、引き続き、弁護士を通じて発信者情報開示請求等の法的手続を進めております。今後も事実に基づき適切かつ厳正に対応してまいります」と伝えた。

　そして「なお、本件につきましては現在も法的手続を進めていることから、個別のお問い合わせおよび調査状況の詳細については回答を差し控えさせていただきます。何卒ご理解のほどお願い申し上げます」としている。

　グランドシネマサンシャイン池袋を巡っては、同店従業員の関係者を名乗る人物によるSNS投稿が物議を醸していた。「映画ちいかわ　人魚の島のひみつ」の入場者特典について、横流しなどの疑惑がSNS上で取り沙汰されていた。",[],[]
竹原ピストル　ライブ当日に延期を発表「体調不良」　1週間前から風邪気味「コロナやインフルではない」（スポニチアネックス）,https://news.yahoo.co.jp/articles/8c2b5dadbb3ce31b231d0f4645dd3dbd2a0066ed,https://newsatcl-pctr.c.yimg.jp/t/amd-img/20260915-00000224-spnannex-000-7-view.jpg?exp=10800,2026-09-15T15:18:23+09:00,2026-09-15T15:28:21+09:00,スポニチアネックス,spnannex,スポニチアネックス,428,"竹原ピストル
シンガー・ソングライターの竹原ピストル（49）が15日、同日に大阪・心斎橋で開催予定だったワンマンライブ「歌う、魚のように。-竹原ピストルワンマン-」を体調不良のため延期すると発表した。
【写真あり】藤本美貴　夫・庄司と竹原ピストルのライブ「出産前の最後のデートかな？」
竹原は自身のSNSを通じ「公演延期のお知らせ」を発表。「本日、9月15日の大阪／心斎橋歌う魚での公演は体調不良により延期とさせていただくことになりました」と報告し「ご予約下さっていた皆さん、会場様、ご迷惑をお掛けします。本当に申し訳ありません」と謝罪した。

　体調については「1週間ほど前から風邪気味だったのですが、いよいよこじらせてしまいました」と説明。「検査の結果、コロナやインフルエンザではありませんでした」と明かした。

　「しっかり治して、振替公演に臨ませていただきます」とし、「当日のアナウンスとなってしまい、重ねて大変申し訳ありません」と改めて謝罪した。",[],[]
趣里　共演の織田裕二から受けた影響を明かす「何事も楽しむという精神を取り入れました」（スポニチアネックス）,https://news.yahoo.co.jp/articles/64490c10f232be566f2f749c914f0f7d7330ab29,https://newsatcl-pctr.c.yimg.jp/t/amd-img/20260915-00000223-spnannex-000-5-view.jpg?exp=10800,2026-09-15T15:18:16+09:00,2026-09-16T04:33:39+09:00,スポニチアネックス,spnannex,スポニチアネックス,403,"趣里
女優の趣里（35）が15日放送のフジテレビ「ノンストップ!」（月～金曜前9・00）にVTR出演。俳優の織田裕二（58）から受けた影響について話した。

　映画「踊る大捜査線 N.E.W. メトロポリスを駆け抜けろ！」（18日公開、監督本広克行）に新キャストとして出演する趣里、白洲迅、増田貴久の3人がトークを展開した。

　主人公・青島俊作演じる織田について白洲は「とにかくフラット。皆さんに明るくて太陽みたいな存在」と表現。「織田さんがいるだけで現場が明るくなる。あと意外だったのがこんなにおしゃべりなんだって」と明かした。

　趣里は「ずっとお話してくれて、しかも雑談もそうですけど、お芝居のこともずっと考えてらっしゃる中でお話もしてくれるし、楽しませてくれる。だから私、織田さんと共演してから、何事も楽しむという精神を取り入れました」と明かし、「尊敬して、こうでありたいなって」と敬意を払った。",[],[]
NTT西日本・小泉航平　日本選手権近畿地区最終予選に向け「自分がやってきたことを100％出す」（スポニチアネックス）,https://news.yahoo.co.jp/articles/2ca8d62c6983a4eddb847c72bdf98d1abc0f8658,https://newsatcl-pctr.c.yimg.jp/t/amd-img/20260915-00000222-spnannex-000-7-view.jpg?exp=10800,2026-09-15T15:15:14+09:00,2026-09-16T04:00:53+09:00,スポニチアネックス,spnannex,スポニチアネックス,1072,"日本選手権近畿地区最終予選での活躍が期待されるNTT西日本・小泉（提供写真）
今夏の都市対抗野球大会で準優勝したNTT西日本が16日に、日本選手権近畿地区最終予選の1回戦・SUNホールディングスWEST戦（わかさスタジアム京都）に臨む。21日からのアジア競技大会に出場する侍ジャパン社会人代表に選出された辻本勇樹捕手（30）に代わって、小泉航平捕手（26）のスタメン起用が濃厚。小泉が予選に臨む意気込みをスポニチアネックスの取材に明かした。

　

　「準優勝してすぐの大会。その勢いというか、何としても3連勝して代表権を獲得しないといけない。辻本さんが抜けて大丈夫か？と思われる方もいると思いますが、自分は今までやってきたことを100％出して、チームに貢献したいと思います」

　控え捕手とはいえ、その経験値は高い。大阪桐蔭では高3時に甲子園大会で春夏連覇。NTT西日本に入社後も1年目から公式戦でスタメンマスクを被ってきた。昨年の日本選手権準々決勝・Honda熊本戦では延長タイブレークから途中出場。難局を何度も乗り越え、チームを勝利へと導いた。スタメン出場した今季のJABA大会でも3戦3勝。投手陣をリードする際の引き出しの多さは、関西地区でも屈指だ。

　「都市対抗が終わってからも社内で、いろいろな声をかけていただいて。いつも以上にプレッシャーは感じますが、そうやって言ってもらえた方が気持ちも入る。自分にとっては大きなチャンスでもありますし」

　今季は抑え捕手としてのスキルも磨いてきたが、都市対抗期間中は“サポート役”に徹していた。正捕手の辻本は大会が進むに連れて打撃の状態を上げただけでなく、守っては8度の盗塁企図に対して盗塁阻止率10割をマーク。「この流れでキャッチャーを変えることはほぼない」という視点に立ち、従来以上に相手打者のデータ分析に多くの時間を割いたという。

　「田中コーチがデータを出してくださるんですが、そこに“自分ならこう抑えます”という視点を加えるようにしました」

　バッテリーミーティングでは夏目大とともに積極的に発言。特に2回戦から決勝までは4連戦だったこともあり、辻本の負担を少しでも軽くできることを心がけた。準優勝に終わった試合後。辻本からは労いの言葉をかけられたという。

　「（小泉と夏目がいてくれて）本当に助かった。ありがとう。俺がいない間も、ああいうミーティングは絶対に続けてほしい」

　辻本から託された思いとともに臨む近畿地区最終予選。小泉は「死ぬ気で頑張ります」と必勝を誓った。",[],[]
こめお、食中毒事件の補償に関して言及「対応までにお時間を…心よりお詫び申し上げます」（スポニチアネックス）,https://news.yahoo.co.jp/articles/766ab82db10fe461e66b6dbb0f5607e25042a514,https://newsatcl-pctr.c.yimg.jp/t/amd-img/20260915-00000221-spnannex-000-4-view.jpg?exp=10800,2026-09-15T15:13:59+09:00,2026-09-15T15:33:45+09:00,スポニチアネックス,spnannex,スポニチアネックス,552,"こめおのインスタグラム＠comeo_comelから
「BreakingDown」に多数出場した経験を持つ“闘う料理人”こめおが14日に公式X（旧ツイッター）を更新。8月22日、23日に東京・港区で開催された「麻布十番納涼まつり」における食中毒事件の補償について言及した。
【写真あり】こめお、衛生講習を受講「衛生管理を改めて見直しました」
この日「現在、一部正常にメールを受信できない状況を確認しております」とし、補償に関する問い合わせ先のメールアドレスを変更したと報告したこめお。

　「体調面でご不安やご負担がある中、対応までにお時間をいただいておりますこと、心よりお詫び申し上げます。現在、9月中を目途に、いただいているお問い合わせへの対応を進め、補償対応についても完了のご報告ができるよう取り組んでおります」と説明していた。

　「一件ずつ内容を確認したうえで対応を進めておりますため、誠に申し訳ございませんが、今しばらくお待ちいただけますようお願い申し上げます」とし、また「今後も、いただいているご連絡を確認のうえ、一件一件誠実に対応してまいります。改めまして、この度は多大なるご迷惑とご心配、ならびにお問い合わせに際してご不便をおかけしておりますこと、深くお詫び申し上げます」と謝罪していた。",[],[]
サッカー日本代表が2050年までの目標…優勝で必要なことは？岡田武史氏「優勝は簡単じゃないと思う」（スポニチアネックス）,https://news.yahoo.co.jp/articles/669f3acce34345d213244d47e9e39c95b8761c5c,https://newsatcl-pctr.c.yimg.jp/t/amd-img/20260915-00000220-spnannex-000-3-view.jpg?exp=10800,2026-09-15T15:13:52+09:00,2026-09-15T15:14:49+09:00,スポニチアネックス,spnannex,スポニチアネックス,862,"サッカー日本代表
サッカー元日本代表監督の岡田武史氏（69）が25日までに更新されたサッカー元日本代表の鈴木啓太氏（45）のYouTubeチャンネルにゲスト出演。2050年までにサッカー日本代表がワールドカップ（W杯）で優勝するために必要なことについて言及した。

　鈴木氏は「2050年までにサッカー日本代表がワールドカップ（W杯）優勝に必要なことはどんなことですか？」と切り出した。

　岡田氏は「今の代表チームが強いのは、そのスタンダードが高いというか、経験値が高いんだよ」と語り始めた。「あいつら全員ヨーロッパでやってて、オランダ代表といえ日頃やってる相手が仲間なんだよ。だからJリーグの東西対抗をやるようなイメージなんだ。俺らの時だったらさ、やっべえオランダに先制点取られたって（なるけど）、いや、あいつら『いや、あいつらに点取られたこともあるし、逆転したこともありますよ』って。もうその目線が違うんで、それが今の代表チームの強さなのね」と説明した。

　しかしW杯決勝トーナメント1回戦で激突したブラジル戦では1―2で敗れた。「やっぱり何が違うかといったら、ブラジルの選手はサブまでトップクラブのレギュラーだよ。日本はトップクラブのレギュラーで、やっぱりまだ少ないと。そうすると1―0になって相手が攻めてくるはずじゃん。“後ろで回してな、来たらポンと裏狙おうぜ”とか“もっとみんな下げといてスペース真ん中に作って”とかもできた。しかし守りたいってなってしまった」と振り返った。

　W杯優勝の目標に向けて「確かに選手のケガで攻めの手がなかったとかね、いろんな理由はあるにしろ、やっぱりそこがまだ経験値が少なかった。だからヨーロッパのトップリーグで何人か選手がこうプレーするようになんないと、優勝っていうのは簡単じゃないと思う」と必要なことを提言した。

　最後に「2050年までに優勝する可能性はあると思うよ」と期待師ながらも「ま、俺生きてないから知ったことじゃねえけど」とジョークを飛ばして、この話題を締めた。",[],[]
長友佑都「宇宙一の妻と愛おしい4人の子供たち」誕生日の“幸せショット”に義妹も祝福「素敵だっ」（スポニチアネックス）,https://news.yahoo.co.jp/articles/68c291888cd1bab35875fad56369d0f85e8baf19,https://newsatcl-pctr.c.yimg.jp/t/amd-img/20260915-00000219-spnannex-000-3-view.jpg?exp=10800,2026-09-15T15:11:40+09:00,2026-09-15T15:18:28+09:00,スポニチアネックス,spnannex,スポニチアネックス,464,"長友佑都のインスタグラム（@yutonagatomo55）から
サッカー日本代表DF長友佑都が15日、自身のインスタグラムを更新。12日に40歳の誕生日を迎えたことを伝えた。
【写真】素敵！誕生日ケーキに書かれたメッセージとは
長友は「9月12日40歳の誕生日でした」と、家族に囲まれた写真や誕生日ケーキの写真をアップ。「宇宙一の妻と愛おしい4人の子どもたちに出会えて幸せなオヤジです」とし、「支えてくださる皆さん、応援してくださる皆さんのおかげで今があることに心から感謝をして、これからも日々精進していきます」とつづった。

　この投稿に、妻・平愛梨の妹で女優の祐奈が「宇宙一の妻　素敵だっ　これからもマンマミーアなファミリーで居てね」とコメント。他にファンからは「長友ファミリー最高です」「ブラボー！！凱旋試合楽しみにしてます」「幸せな写真ですね」「めでたい！」などの声が集まった。

　長友は2017年1月にタレント・平愛梨との結婚を発表。18年2月に長男、19年8月に次男、21年4月に三男、23年4月に四男が誕生した。",[],[]
安達祐実が45歳に！自然体の“誕生日ショット”にファン「この若々しさは奇跡」「好感しかない」（スポニチアネックス）,https://news.yahoo.co.jp/articles/502fefcff69a73dafc5984d063b80d0f02b45382,https://newsatcl-pctr.c.yimg.jp/t/amd-img/20260915-00000218-spnannex-000-4-view.jpg?exp=10800,2026-09-15T15:04:05+09:00,2026-09-15T15:12:13+09:00,スポニチアネックス,spnannex,スポニチアネックス,447,"安達祐実のインスタグラム（@_yumi_adachi）から
女優の安達祐実が15日までに、自身のインスタグラムを更新。14日に45歳の誕生日を迎えたことを伝えた。
【写真あり】かわいすぎ！愛猫とのお昼寝ショット
安達は「9月14日、誕生日」と書き出し、45歳の誕生日を迎えたことを報告。「たるみ始めたほほのお肉を持ち上げ、大笑いし、リップを塗るなどする」と、自身の写真を公開した。

　この投稿にフォロワーからは「かれこれ30年来の大ファンです」「全然たるんでもないし加工してないというか素で飾ってないところが好感しかない」「いつまでたってもかわいい」「この若々しさは奇跡の45歳というべきだ！」「素敵な1年になりますように」などの声が集まった。

　安達は05年にお笑いコンビ「スピードワゴン」の井戸田潤と結婚。06年4月に長女を出産したが、09年1月に離婚。14年11月に2歳年上のカメラマンの桑島智輝氏と再婚し、16年7月に第2子となる長男を出産したが、23年12月に離婚を発表していた。",[],[]
ラッパーedhiii boiが活動再開　コンプラ違反で自粛から1年「ご心配をおかけし深くお詫び」（スポニチアネックス）,https://news.yahoo.co.jp/articles/cdc6c3faa2507441a5e7423cd8d736d4fdb1eabb,https://newsatcl-pctr.c.yimg.jp/t/amd-img/20260915-00000217-spnannex-000-8-view.jpg?exp=10800,2026-09-15T15:02:56+09:00,2026-09-15T16:12:16+09:00,スポニチアネックス,spnannex,スポニチアネックス,486,"edhiii boi
ラッパーで音楽プロデューサーのSKY―HI率いる芸能事務所「BMSG」の公式サイトが15日に更新され、ラッパー・edhiii boi（エディボーイ＝19）の活動再開を発表した。

　BMSG公式サイトで「活動自粛をしておりました弊社所属アーティストedhiii boiが、2026年9月15日より活動再開させていただくこととなりましたので、ご報告いたします」と発表。

　「改めまして、日頃より応援してくださっているファンの皆様、ならびに関係者の皆様に対して多大なるご迷惑とご心配をおかけしましたことを、深くお詫び申し上げます」と謝罪した。

　edhiii boiを巡っては、昨年9月にコンプライアンス違反に該当する事実が判明したとし、無期限で活動を自粛することが発表されていた。

　edhiii boiは19歳のラッパー、シンガーソングライター。小学校5年生からラップをはじめ、2021年にオーディション企画「THE FIRST」に参加。3次審査で落選も、SKY-HIにデモ曲を送り、14歳でアーティスト契約。2022年にメジャーデビューした。",[],[]
鳥谷敬氏が推す“もっと評価されるべき”虎戦士の名前「これは抜けない」「今後出てこない」（スポニチアネックス）,https://news.yahoo.co.jp/articles/926edb75dc7fcd12311ebc1e3c200ded6d6059ae,https://newsatcl-pctr.c.yimg.jp/t/amd-img/20260915-00000216-spnannex-000-4-view.jpg?exp=10800,2026-09-15T15:02:36+09:00,2026-09-15T15:28:17+09:00,スポニチアネックス,spnannex,スポニチアネックス,460,"鳥谷敬氏
元阪神、ロッテの鳥谷敬氏(45)が、古田敦也氏（61）のYouTube「フルタの方程式」に出演。「もっと評価されていい選手」に阪神の現コーチの名前を挙げた。
【写真】鳥谷氏が推す“もっと評価されるべき”虎戦士
鳥谷氏は前田智徳氏、川上憲伸氏、和田毅氏、五十嵐亮太氏らと一緒に同番組が7月に主催した「伝説の野球人AWARDS」に出演。その様子が動画として公開された。

　鳥谷氏が名前を挙げたのは久保田智之現阪神2軍投手チーフコーチ（45）。現役時代は勝利の方程式“JFK”の一角として最優秀中継ぎ投手を2回受賞している。

　中でも2007年シーズンの90試合登板はNPB記録であり、前人未到の大記録だ。

　鳥谷氏は「90試合で108イニング投げている。1試合1イニング以上。1アウトだけで90試合でも凄いのに」と、称賛した。

　古田氏も「これからの時代、これは抜けないよね」と賛同。日米通算906試合登板を誇る五十嵐氏でさえ「シーズン90試合なんて無理です。今後絶対出てこない」と不滅の大記録をたたえた。",[],[]
NHK　武井壮の「ファミリーヒストリー」22日に放送　豪雨ニュース拡大で放送延期（スポニチアネックス）,https://news.yahoo.co.jp/articles/50b14ecd68d23b9680f780235fd95261c2e035f1,https://newsatcl-pctr.c.yimg.jp/t/amd-img/20260915-00000215-spnannex-000-4-view.jpg?exp=10800,2026-09-15T15:01:22+09:00,2026-09-15T16:14:43+09:00,スポニチアネックス,spnannex,スポニチアネックス,461,"東京・渋谷のNHK
NHKは15日までに、8月13日に放送予定も豪雨ニュース拡大で延期となっていた「ファミリーヒストリー」を22日に放送すると発表した。

　同局は公式サイトで「延期となった『ファミリーヒストリー　武井壮　～生き別れた母の行方～』が72分に拡大して9月22日（火・祝）夜7:30から放送！」と発表。

　8月13日に放送予定だった同番組は「武井壮　～生き別れた母の行方」と題して、タレント・武井壮の半生に迫る内容。しかし、当日は千葉県にレベル5の大雨特別警報が発令されるなど記録的豪雨に見舞われた。

　これを受けて同局は「ニュースウオッチ9」の放送時間を拡大し、「武井壮　～生き別れた母の行方　は大雨で今晩の放送は休止になりました」と番組変更を発表していた。

　放送休止に武井は自身のXで「本日の22時から放送予定だったNHK『ファミリーヒストリー』ですが、大雨警報のため放送延期だそうです。。楽しみにしていてくれた皆様、また放送の時にお知らせします。。大雨で皆さん無事なことを祈ります」と伝えていた。",[],[]
増田貴久　「ママ」「パパ」呼びする人気芸能人を明かす「なんか運命感じちゃって」（スポニチアネックス）,https://news.yahoo.co.jp/articles/fdf3fdfc07b0bf236ce847a8f53277d5dd7c22f6,https://newsatcl-pctr.c.yimg.jp/t/amd-img/20260915-00000214-spnannex-000-3-view.jpg?exp=10800,2026-09-15T15:00:00+09:00,2026-09-15T15:02:28+09:00,スポニチアネックス,spnannex,スポニチアネックス,516,"NEWS・増田貴久
「NEWS」の増田貴久(40)が15日放送のフジテレビ「ノンストップ!」（月～金曜前9・00）にVTR出演。「ママ」「パパ」と呼ぶ人気芸能人を明かした。
【写真】増田貴久が「ママ」「パパ」呼びする人気芸能人
増田は映画「踊る大捜査線 N.E.W. メトロポリスを駆け抜けろ！」（18日公開、監督本広克行）に新キャストとして出演。俳優のユースケ・サンタマリア演じる真下正義と女優の水野美紀演じる真下雪乃の子供・真下勇気を演じる。

　「（2人の）息子役というオファーをもらって、ほんとたまたまテレビ局でユースケさんにも水野さんにも撮影インする前に会えた。“勇気やらせてもらいます”って言ったら、2人とも“わー”って喜んでくださった」と振り返った。

　ユースケと水野は、増田と共演していないシーンについても「こんな感じでこのセリフは言ったから」と教えてくれたという。増田は「“ちょっとそれ録音していいですか？”って。録音させてもらった」と明かした。

　「撮影とかだと会えずに始まることとかある」とし、撮影前に関係性を築けたことに感謝。「なんか運命感じちゃって。ママ、パパって呼んでいます」と明かし、笑いを誘った。",[],[]
38歳女優　結婚を報告　お相手も俳優「すごく尊敬」「心から安心できる人」（スポニチアネックス）,https://news.yahoo.co.jp/articles/e5c3c95759ef4dacefca1409fc508abacd2cd23d,https://newsatcl-pctr.c.yimg.jp/t/amd-img/20260915-00000213-spnannex-000-6-view.jpg?exp=10800,2026-09-15T14:50:38+09:00,2026-09-15T15:04:14+09:00,スポニチアネックス,spnannex,スポニチアネックス,467,"高橋明日香インスタグラム（＠asuka_takahashi1019）から
女優やモデルにお笑い芸人とマルチに活動する高橋明日香（38）が俳優の丸山正吾と結婚したことを15日、自身のSNSで発表した。
【写真】丸山正吾も自身のXで結婚を発表
高橋は「ご報告」として「私事で大変恐縮ですがこの度、わたくし高橋明日香は丸山正吾さんと結婚しました事をご報告させていただきます」と結婚したことを報告した。

　丸山について「俳優としてすごく尊敬してますし誰にでも平等に優しく毎日たくさん笑わせてくれて一緒にいると心から安心できる人です」と伝えた。

　結婚報告に「こうして人生の節目の大切なご報告ができるのもこれまで応援してくれたファンの皆様そして私と出会い支えてくれた関係者の皆様のおかげです。本当にありがとうございます」と感謝した。

　そして「感謝の気持ちを忘れずに女優としても一人の人間としても成長していけるよう一層精進してまいります」と誓い「まだまだ未熟な二人ではありますがどうかあたたかく見守っていただけると嬉しいです」とつづった。",[],[]
UTA　祖母・樹木希林さんとの幼少期秘蔵ショット公開　希林さん命日に（スポニチアネックス）,https://news.yahoo.co.jp/articles/2b0fbc304ca86ae745b1f56187ccf98298d4d3b1,https://newsatcl-pctr.c.yimg.jp/t/amd-img/20260915-00000212-spnannex-000-4-view.jpg?exp=10800,2026-09-15T14:49:54+09:00,2026-09-15T15:04:00+09:00,スポニチアネックス,spnannex,スポニチアネックス,244,"UTAインスタグラム（＠utauuu）から
モデルで俳優のUTA（28）が15日、自身のインスタグラムを更新。幼少期の秘蔵ショットを披露した。
【写真あり】UTA　本木雅弘＆内田也哉子、妹との家族ショット
この日は祖母・樹木希林さんも命日。UTAはストーリーズに「9/15」とつづり、幼少期の自身と希林さんとの2ショットを投稿した。

　UTAの父は俳優の本木雅弘、母がエッセイストで女優の内田也哉子さん。母方の祖父はロック歌手の内田裕也さん、祖母は樹木希林さんという芸能一家に生まれた。",[],[]
ヤンタン直後枠で平日帯番組「ヤングタウンA」スタート！ぼる塾らが水曜レギュラー　Mラジ改編（スポニチアネックス）,https://news.yahoo.co.jp/articles/ace4a684c7cd3384c80cfa1fc7cb556b7b49df8e,https://newsatcl-pctr.c.yimg.jp/t/amd-img/20260915-00000211-spnannex-000-3-view.jpg?exp=10800,2026-09-15T14:46:57+09:00,2026-09-15T14:54:30+09:00,スポニチアネックス,spnannex,スポニチアネックス,766,"ぼる塾の（左から）きりやはるか、あんり、田辺智加（吉本興業の公式サイトから）
MBSラジオが15日、大阪市北区の同局で10月改編会見を開催。人気帯番組「ヤングタウン」の直後枠で新番組「ヤングタウンA（エース）」（月～金曜後11・30）をスタートさせると発表した。

　これまで「アッパレやってまーす！」（月～金曜後11:30、土曜深夜0・00）を放送していたが、月～金曜を「ヤングタウンA」、土、日曜に「アッパレやってま～す！」（深夜0・00）を放送する。

　ヤングタウンAには、アッパレ出演メンバーの多くが引き続き出演するが、水曜は、「イマドキッ　ドゥフドゥフナイト」（火曜深夜1・00）のメンバーであるよゐこ・浜口優、お笑いカルテット「ぼる塾」のあんり、田辺智加、きりやはるか、がレギュラーに。金曜メンバーは後日発表となる。

　アッパレ土曜は変わらず極楽とんぼや河合郁人らが出演。日曜はケンドーコバヤシ、アンガールズら現水曜レギュラーが“お引っ越し”する。

　改編後の出演メンバーは以下の通り。なお、同局の秋の改編率は20％。

　◎「ヤングタウンA」（月～金曜後11・30）

月曜：安田大サーカス・クロちゃん、我が家・坪倉由幸、Kis-My-Ft2・二階堂高嗣、矢吹奈子ほか

火曜：野性爆弾・くっきー！、ハリウッドザコシショウ、みなみかわ、AKB48・小栗有以、青山なぎさ

水曜：よゐこ・濱口優、ぼる塾、伊波杏樹ほか

木曜：城島茂、鳥居みゆき、鈴木美羽、AKB48・秋山由奈ほか

金曜：後日発表

　◎「アッパレやってまーす！」（土、日曜深夜0・00）

土曜：極楽とんぼ、なすなかにし（隔週出演）、トム・ブラウン（隔週出演）、河合郁人ほか

日曜：ケンドーコバヤシ、アンガールズ、柏木由紀、≒JOY・江角怜音",[],[]
増田貴久　映画「踊る大捜査線」の撮影中に思わず触ったものとは？「見ただけでも震えるくらい」（スポニチアネックス）,https://news.yahoo.co.jp/articles/d490d04f32911eedd4f122c83fdcffd9052e5481,https://newsatcl-pctr.c.yimg.jp/t/amd-img/20260915-00000210-spnannex-000-5-view.jpg?exp=10800,2026-09-15T14:46:45+09:00,2026-09-15T14:59:56+09:00,スポニチアネックス,spnannex,スポニチアネックス,440,"NEWS・増田貴久
「NEWS」の増田貴久(40)が15日放送のフジテレビ「ノンストップ!」（月～金曜前9・00）にVTR出演。映画「踊る大捜査線 N.E.W. メトロポリスを駆け抜けろ！」（18日公開、監督本広克行）の撮影中に思わず触ったものを明かした。

　俳優の織田裕二演じる主人公・青島俊作はモッズコート姿でおなじみとなっている。

　最新作に新キャストとして出演する増田は「初めてお会いした時に（コートを）着てない状態だったんですよ。ごあいさつさせてもらった時に着てない状態で、その後に衣装部屋をのぞいたら、青島コートが何種類かかかってて…。触った。こっそり触らせてもらった」と明かして、笑いを誘った。

　「あれ見ただけでも震えるくらい。“これだ！”って。あのコートにもオーラが乗り移ってる」と大興奮。「だんだん準備されて、青島さんになっていく瞬間を隣で見ていて、ドキドキしちゃって。だから『踊る』ファンであることは1回捨ててやらせてもらいました」と撮影を振り返った。",[],[]
MBSヤングタウン・金曜担当にBMSG所属ラッパーNovel Coreが就任「まさか自分が」（スポニチアネックス）,https://news.yahoo.co.jp/articles/a66ce1186f77a7823942321153ed49cb2f9f121f,https://newsatcl-pctr.c.yimg.jp/t/amd-img/20260915-00000209-spnannex-000-5-view.jpg?exp=10800,2026-09-15T14:45:54+09:00,2026-09-15T16:16:45+09:00,スポニチアネックス,spnannex,スポニチアネックス,538,"Novel Core（公式サイトから）
MBSラジオが15日、大阪市北区の同局で10月改編会見を実施。人気帯番組「ヤングタウン」の金曜新パーソナリティーにNovel Core（25）が就任すると発表した。

　ヤンタンの金曜担当を女優・伊原六花から引き継ぐことになったラッパーでシンガー・ソングライターのNovel Coreは、「まさか自分がレギュラーで参加する日が来るとは」と驚きのコメントを寄せた。

　「大先輩たちが築いてきたこの場所に敬意を持ちつつ、怒られないギリギリまで好き勝手やらせていただきます！」と宣言。「音楽家としてはもちろん、25歳のただの兄ちゃんとして、くだらない話も本音も全部持ち込むつもりです」と意気込み、古くからのヤンタンリスナーには「最初は『誰やねん』で全然構いません。金曜の夜、少しずつ仲良くしてください」と呼びかけた。

　Novel Coreは同局でナイターオフシーズン番組「Novel Coreの独創フライデー」に4年に渡り出演した。等身大で親しみやすいトークとリスナーに真正面から向き合う熱量が受け、ついにヤンタンに進出。所属事務所BMSGのアーティスト仲間やさまざまなジャンルの個性豊かなパートナーを迎え、トレンドやカルチャーを語る。",[],[]
MBS退社組・大吉洋平＆武川智美両アナが古巣でタッグ！新番組に「辞めたからこその話を」（スポニチアネックス）,https://news.yahoo.co.jp/articles/d48e968a826863826b3a406bf82164fae1cb59e3,https://newsatcl-pctr.c.yimg.jp/t/amd-img/20260915-00000208-spnannex-000-8-view.jpg?exp=10800,2026-09-15T14:44:50+09:00,2026-09-15T16:22:57+09:00,スポニチアネックス,spnannex,スポニチアネックス,610,"（左から）大吉洋平アナ（レプロエンタテインメントの公式サイトから）、武川智美アナ（公式サイトから）
MBSラジオが15日、大阪市北区の同局で10月改編会見を実施。同局を退社しフリーに転身した大吉洋平（41）、武川智美（58）両アナによる新番組「大吉・武川のHello,Weekend」（土曜前6・00）の放送開始を発表した。
【写真あり】 52年の歴史に幕…「ありがとう浜村淳です」後番組の担当は福島暢啓アナ
「おはよう、自由時間。」をキャッチコピーに、フリーという新たな世界に飛び出したふたりの元同局アナがパーソナリティーとして初タッグ！エンタメや地域情報などはもちろん、2人の“大人の開放感”に満ちた自由なトークを届ける。

　同局によると、5月に特番で共演したのを受け、今回のレギュラー放送が決まったという。

　

　大吉アナは、同局ラジオで初担当したのも朝の番組だったとし、「夜人間を自認する私ですが、Mラジの朝にご縁が!?感謝を胸に夜のニオイを消して（？）快活に！と」コメントを寄せた。

　武川アナは「まさかまさか、MBSを辞めたアナウンサーふたりを使った番組をしていただけるなんて！」と驚き、「“辞めたからこそ”の話や、土曜の早朝、週末が始まるワクワク感をお伝えできたら」と抱負を寄せた。

　同枠でこれまで放送してきた「福島暢啓のサタデーモーニングリゾート」は土曜午前8時に移り、3時間半に拡大される。",[],[]
【アジア大会】U21大岩監督、初戦は海外組4人不在も「層の厚さ、関わりの強さを見せながら」（スポニチアネックス）,https://news.yahoo.co.jp/articles/83fc85df5bf8743aaed98fc991020544f9ca90d9,https://newsatcl-pctr.c.yimg.jp/t/amd-img/20260915-00000207-spnannex-000-8-view.jpg?exp=10800,2026-09-15T14:44:43+09:00,2026-09-15T15:12:05+09:00,スポニチアネックス,spnannex,スポニチアネックス,587,"質問に答えるU-21日本代表の大岩監督（撮影・河野　光希）
愛知・名古屋アジア大会のサッカー男子に出場する28年ロサンゼルス五輪世代のU―21日本代表は16日に1次リーグA組初戦で香港戦に臨む。前日15日は試合会場の豊田スタジアムでA組の公式会見が行われ、10年広州大会以来4大会ぶりの優勝を狙う日本は大岩剛監督（54）が意気込みを語った。

　「我々の目的はロス五輪。ロス五輪に出場して、本大会で勝ち上がって金メダルを獲ることが最終目標。それに向かっていく途中のロードマップで重要な大会になる」

　今大会に向けてチームが始動したのは13日だが、所属クラブの試合日程の関係で招集全23人はそろっておらず、現状18人が合流。GK荒木琉偉（18＝G大阪）は16日、DF市原吏音（21＝AZアルクマール）、DF小杉啓太（20＝Eフランクフルト）、MF石渡ネルソン（21＝シントトロイデン）、FWンワディケ・ウチェブライアン世雄（21＝オールボーBK）の海外組4人は1次リーグ最終第3戦タイ戦（23日、豊田スタジアム）からの参戦に向け、21日以降に順次合流する。指揮官は「（初戦から）可能な限り全員そろうことが理想だけど、そういう（初戦は海外組在で戦う）選択をした。初戦からプレーできる選手たちに期待し、我々のグループの層の厚さ、関わりの強さを見せながら戦っていきたい」と語った。",[],[]
浜村淳からバトン！MBS福島アナ、新番組「短命に終わらぬよう」昭和歌謡通、M-1準決勝2回進出（スポニチアネックス）,https://news.yahoo.co.jp/articles/83d077ea0dd26fe8ae6f3500765440eba966f967,https://newsatcl-pctr.c.yimg.jp/t/amd-img/20260915-00000206-spnannex-000-9-view.jpg?exp=10800,2026-09-15T14:43:58+09:00,2026-09-15T15:35:22+09:00,スポニチアネックス,spnannex,スポニチアネックス,741,"改編会見に登場したMBS・福島暢啓アナウンサー
MBSラジオが15日、大阪市北区の同局で秋の改編会見を行い、同局・福島暢啓アナウンサー（39）が登場した。

　52年の歴史に幕を閉じる同局の看板番組「ありがとう浜村淳です」からバトンを受け、「福島暢啓のサタデーモーニングリゾート」（土曜前8・00）が10月3日、スタートする。もともとは土曜午前6時に放送していた番組が、伝統ある放送枠に、しかも2時間放送時間が拡大という“昇格”を遂げる。

　福島アナは「“新装開店”と申しますか、新たな形にして、また浜村さんが大事にされてこられたエッセンスを受け継ぎながら、新たなリスナーさんたちに聴いていただけるような番組作りをしたい」と意気込んだ。

　「大体、老舗番組が終わったあと出てくる番組っていうのは、短命に終わることが多いんですけども、そういう運命に逆らうように頑張ろうと」と力を込めた。

　浜村に“後継者”となる報告はまだだといい、「そうだ、言わなきゃいけないですね。ちょっと報告まだしてなかったんで…しときます。何か反応があったら、またご連絡します」と報道陣に伝え、笑わせた。

　福島アナといえば、学生時代は落語研究会に所属し、M-1グランプリに出場。07年と09年に準決勝まで進出した。MBS入社後も落語家・銀笑亭満堂とコンビ「ヤングタウン」を組んで同大会に出場し、23年に準々決勝進出。昭和歌謡にも精通し、年齢に見合わぬ落ち着きと博識ぶりで人気を集めている。

　◆福島暢啓（ふくしま・のぶひろ）1987年（昭和62）2月6日、宮崎県出身の39歳。龍谷大卒。2011年、MBSに入社。担当番組は「よんチャンTV」（金曜）、「サタプラ」（土曜）、「住人十色」（土曜）など。",[],[]
52年の歴史に幕…「ありがとう浜村淳です」後番組の担当は福島暢啓アナ　局が期待「朝の顔に」（スポニチアネックス）,https://news.yahoo.co.jp/articles/99b1320379999f54ba392fc0b213bc6027c2c563,https://newsatcl-pctr.c.yimg.jp/t/amd-img/20260915-00000205-spnannex-000-9-view.jpg?exp=10800,2026-09-15T14:43:20+09:00,2026-09-16T04:30:36+09:00,スポニチアネックス,spnannex,スポニチアネックス,610,"MBS・福島暢啓アナウンサー（同局公式サイトから）
MBSラジオが15日、大阪市北区の同局で秋の改編会見を行い、52年の歴史に幕を閉じる「ありがとう浜村淳です」の放送枠で、「福島暢啓のサタデーモーニングリゾート」（土曜前8・00）を放送すると発表した。

　同局・福島暢啓アナウンサー（39）がパーソナリティーを担当し、現在土曜午前6時に放送されている番組が、放送枠を移動し、放送時間も2時間拡大となる。「アナタのお耳にバカンスをお届け」をキャッチコピーに、福島アナとフリーアナウンサー・出世凪沙の心地よい掛け合いや音楽を届ける。

　同局・虎松英樹編成局長は「浜村さんの後を継ぐのは、福島君であるという風にずっと考えておりました」と明かした。起用理由について「サタデーモーニング～」のリスナー支持が高まっていることと、浜村が「ありがとう～」を休演時に代役を務めた実績などを挙げ、「土曜日の朝の顔に、MBSラジオの朝の顔になってもらいたい」と期待した。

　偉大な番組からバトンを受け継ぐ福島アナは「伝統と進取の精神を持ちながら自由闊達（かったつ）に。粉骨砕身、不惜身命の覚悟で臨みます」とコメントを寄せた。

　◆福島暢啓（ふくしま・のぶひろ）1987年（昭和62）2月6日、宮崎県出身の39歳。龍谷大卒。2011年、MBSに入社。担当番組は「よんチャンTV」（金曜）、「サタプラ」（土曜）、「住人十色」（土曜）など。",[],[]
那須川天心陣営　井上拓真は「やっぱり速い」公開練習視察「天心は行かなくちゃいけない。倒したい」（スポニチアネックス）,https://news.yahoo.co.jp/articles/741ae1f5ebf3754dbe1703276839a8ef4368e7c6,https://newsatcl-pctr.c.yimg.jp/t/amd-img/20260915-00000204-spnannex-000-3-view.jpg?exp=10800,2026-09-15T14:43:13+09:00,2026-09-15T14:53:22+09:00,スポニチアネックス,spnannex,スポニチアネックス,1213,"＜井上拓真公開練習＞調整する井上拓真（撮影・会津　智海）
◇Prime Video Boxing16　WBC世界バンタム級タイトルマッチ　王者・井上拓真（大橋）＜12回戦＞同級1位・那須川天心（帝拳）（2026年9月27日　トヨタアリーナ東京）
【写真あり】那須川天心　“月イチで会う”仲良し芸人明かす
プロボクシングWBC世界バンタム級王者の井上拓真（30＝大橋、22勝5KO2敗）が15日、横浜市内の所属ジムで、同級1位・那須川天心（28＝帝拳、8勝3KO1敗）との約10カ月ぶりの再戦（27日、トヨタアリーナ東京）へ向けた公開練習を行った。井上拓は昨年11月24日、同じ会場で行われたWBC同級王座決定戦で那須川に3―0で判定勝ちし、3度目の世界王座獲得に成功していた。

　帝拳プロモーションの浜田剛史代表、那須川を指導する葛西裕一トレーナーが視察に訪れた中、井上拓が披露したのはシャドーボクシング1ラウンドとミット打ち1ラウンドのみ。ミット打ちはほぼジャブとワンツーに終始し、手の内を見せなかった。

　葛西トレーナーは自身のスマホで練習の様子を撮影。「撮れるから一応撮っておいて。本人が見るか見ないかは別ですけど。見なくてもいいとは思うんですけど、でも本人が見たいって見るかもしれない」と説明し、「軽い内容でしたけど、やっぱり速いですよね。スピードだけじゃなくテンポも。チャンピオンのボクシングですよね。良い練習をしたと思うので、そのまま（天心には）伝えようかと思ってる」と印象を述べた。

　練習前の質疑応答を含めた井上拓の様子は「あまり変わってないと思う」と言いながらも、「2回じゃ分からないです。汗の出方とかあるじゃないですか？」と正直にコメント。5月に元世界4階級制覇王者・井岡一翔（志成）に完勝した井上拓を「百戦錬磨のスーパーチャンピオンからダウンを取ってるので木を漬けないといけない」と評し、「2回目なのでお互い手の内は知っている。でも、本当に挑戦者なので。完璧な崖っ縁だし、天心は行かざるを得ないというか、行かなくちゃいけないです。挑戦者として胸を借りるつもりでどんどん挑んでいくという、分かりやすい構図ですから」と話した。

　ポイント争いになるのか？と問われると「なったらなったですよね。でも、できたら倒したいですよね。ボクシングは必ずKOを狙わないとダメと思うので。僕もKO狙いのボクサーをつくるの好きなんで。KOしないと楽しくないじゃないですか」と葛西トレーナーなりのKOへのこだわりを強調。初戦の序盤、那須川にポイントを取られた井上拓が「あの展開にはならない」と話したことには「そりゃそうですよね。同じことをやってしまったら、選手としていけない」と反応し、「でも、もし1ラウンド目からバンと行ってこっちのペースになれば、それは逃さないでいきたいですよね」と主導権を握り続ける重要性を説いた。",[],[]
五十嵐亮太氏　もっと評価されるべきあのプロ野球監督の現役時代「投手のスタイルが変わる」（スポニチアネックス）,https://news.yahoo.co.jp/articles/9a8109f003c290f378479ab30173b44659a45573,https://newsatcl-pctr.c.yimg.jp/t/amd-img/20260915-00000203-spnannex-000-4-view.jpg?exp=10800,2026-09-15T14:42:03+09:00,2026-09-15T16:43:44+09:00,スポニチアネックス,spnannex,スポニチアネックス,710,"五十嵐亮太氏
ヤクルト、ソフトバンクやメジャーで活躍した五十嵐亮太氏（47）が、古田敦也氏（61）のYouTube「フルタの方程式」に出演。自身が考える「もっと評価されていい選手」に現西武監督の西口文也氏（53）を挙げた。
【写真】五十嵐氏が選んだ「もっと評価されていい選手」
五十嵐氏は前田智徳氏、川上憲伸氏、和田毅氏、鳥谷敬氏らと一緒に同番組が7月に主催した「伝説の野球人AWARDS」に出演。その様子が動画として公開された。

　通算182勝、最多勝2回、沢村賞1回と、もちろん西口氏の実績は十分に評価されている。

　五十嵐氏が“もっと評価されるべき”と主張したのはその活躍年数だった。「ケガをしないで長い年数、常に投げ続けたのは凄い」と強調した。

　西口氏は通算21年で7年連続を含む10度の2桁勝利を挙げている。最初の2桁勝利は1996年の16勝で、最後は2011年の11勝とエース級の活躍年数が長いのが特徴だ。

　その間に9回2死までノーヒットノーランを2度記録。あと1人で大記録を逃している。さらに2005年8月27日の楽天戦では9回まで完全試合。0―0の延長10回先頭打者に安打を浴びた。

　すべて「28人目の打者」に打たれた3度の大記録未遂は逆に記憶に残る結果となった。

　五十嵐氏が注目したのはその細身のしなやかな体。「今はトレーニングで体大きくしてるけど、あんな細い体でバネのあるピッチングでもこんなに持つんだっていう凄さ。こういったスタイルで長くできることが証明されていけば今後のピッチャーのスタイルも変わっていくんじゃないかな」とトレーニングの在り方にも一石を投じる存在だと説明した。",[],[]
TBS近藤夏子アナ　産後初の人間ドックで「要精密検査」に　検診の重要性指摘「行く時間ないけれど…」（スポニチアネックス）,https://news.yahoo.co.jp/articles/3c887349a519e94df2c736bcf629909db86f7461,https://newsatcl-pctr.c.yimg.jp/t/amd-img/20260915-00000202-spnannex-000-4-view.jpg?exp=10800,2026-09-15T14:36:43+09:00,2026-09-15T14:44:30+09:00,スポニチアネックス,spnannex,スポニチアネックス,307,"TBS・近藤夏子アナウンサー
TBSの近藤夏子アナウンサー(30)が15日、自身のXを更新。人間ドックを受け「要精密検査」との結果が出たことを報告。検査の重要性を伝えた。
【写真あり】赤ちゃん連れての「お出かけ練習」
近藤アナは今年1月にインスタグラムを通じ、第1子出産を公表していた。

　出産後、初めて人間ドックを受けたとし、「引っかかり要精密検査に」と告白。「出産を経て体質が大きく変わる人もいるらしい」とした。

　その上で「自分のことなんて後回しで育児に必死で検診とか行く時間ないけれど、いったんママさんたち検査行って欲しい！！！何もないって分かることも大事だから！」と定期健診の重要性を呼びかけていた。",[],[]
「夜ふかし」3年連続人気ミューシャンと遭遇「去年までとは違う」　その近況にマツコ「アホだ、コイツ」（スポニチアネックス）,https://news.yahoo.co.jp/articles/6d5ab733a933a0d9df97aec975f233e097ef2a5d,https://newsatcl-pctr.c.yimg.jp/t/amd-img/20260915-00000201-spnannex-000-4-view.jpg?exp=10800,2026-09-15T14:36:05+09:00,2026-09-15T14:43:19+09:00,スポニチアネックス,spnannex,スポニチアネックス,797,"マツコ・デラックス
日本テレビ「月曜から夜ふかし」（月曜後10・00）が14日に放送され、ロケで人気ミュージシャンと遭遇する場面が放送された。
【写真あり】3年連続でロケで遭遇した人気ミュージシャン
この日は「海辺で個人的ニュースを聞いてみた件」と放送。その中で神奈川の江ノ島の海辺で3年連続となる人気ミュージシャンと遭遇。

　その人物はダンスボーカルグループ「GENERATIONS」の数原龍友。スタッフに声をかけられ「出たよ！ウソだろ？」とニヤリ。「去年はマツコさんが“DJ KOOさんみたい”って言うから、バッサリ切りましたよ、髪の毛」と笑った。

　3年連続での遭遇。昨年はサングラスに茶髪のロン毛となった数原にマツコが「チャラいにしてもって感じ。あと3年ぐらいでDJ KOOさんぐらいになるぞ」と指摘していた。

　数原は1カ月ほど前に髪を切ったといい、「夏来ますから。ギャル男にならないといけないなと。インバウンドもありますから、海外のボンキュッボンの方もいらっしゃいますから」と笑った。

　数原に、マツコは思わず「ちょっとファンだもん」と笑った。

　そんな中、「個人的ニュース」を聞かれた数原は「個人的ニュースあります。ついに、3年目にして、自分の海の家をオープンしました！」と告白。マツコも「マジで？アホだ、コイツ」とツッコミ。

　数原は「自分でも接客してるんですから。去年まではその辺うろうろしてるギャル探してるただのあんちゃんでしたけど、今年の僕は去年までの僕とは違う！」と胸を張った。

　マツコは「今年も彷徨っててほしかった」とポツリ。村上信五が「自分で隠さず“ナンパしに来ました”っていうのを赤裸々に言ってたのが最初やもん」と指摘すると、マツコは「それを続けてほしかったの。他、誰もいないじゃない。私たちが望んでいる湘南を具現化してくれている人が…」と嘆いた。",[],[]
ロッテ・山口航輝がスカパー！サヨナラ賞を初受賞　年間大賞も「打球のエグさで言ったらワンチャン…」（スポニチアネックス）,https://news.yahoo.co.jp/articles/51636b931064c62d9141d7a8166d430c4de58154,https://newsatcl-pctr.c.yimg.jp/t/amd-img/20260915-00000200-spnannex-000-6-view.jpg?exp=10800,2026-09-15T14:35:53+09:00,2026-09-16T04:00:48+09:00,スポニチアネックス,spnannex,スポニチアネックス,589,"月間「スカパー！サヨナラ賞」を受賞した山口（撮影・長久保　豊）
セ、パ両リーグは15日、月間「スカパー！サヨナラ賞」の8月度受賞選手を発表した。パ・リーグでは、8月26日のソフトバンク戦（ZOZOマリンスタジアムマリン）でプロ8年目で初めてのサヨナラ本塁打を放ったロッテ・山口航輝外野手（26）が初受賞した。

　山口は8月21日の日本ハム戦でプロ初のサヨナラ打を放ち、その5日後に初のサヨナラ本塁打。「まずサヨナラ自体が初めてで、続けてサヨナラホームランということで、本当にうれしく思います」と喜びを語った。

　今月9日の楽天戦でもサヨナラ打を放ち、3週間で3度ヒーローになった背番号51は「サヨナラの味っていうのを知ってしまったんで。チャンスで来いっていう思いで打席立てると思いますし、まだまだ、たくさん打ちたい」と、新たな「幕張のサヨナラ男」として地位を固めつつある。

　今回受賞の一発は打球角度17度、打球速度181・5キロ、高到達点12メートルという超低空の弾丸ライナーで左翼スタンドに飛び込んだ。山口は年間大賞にも「打球のエグさで言ったら、ワンチャン取れるんじゃないかなと思ってます。まあ、他の人がどういう場面で打つかも分からないですし、こればかりは運、運もあると思うんでアレですけど、まあ打球の内容だけで言ったら、チャンスあるのかなと思います」と色気を見せた。",[],[]
Dバックス　劇的逆転サヨナラ弾でWC3位・パドレスとのゲーム差2.5に維持　キャロル「最高な気分」（スポニチアネックス）,https://news.yahoo.co.jp/articles/ccf9e7983120eed06b8bd7dbbc7b3b5579a5ded0,https://newsatcl-pctr.c.yimg.jp/t/amd-img/20260915-00000199-spnannex-000-8-view.jpg?exp=10800,2026-09-15T14:29:58+09:00,2026-09-16T04:01:57+09:00,スポニチアネックス,spnannex,スポニチアネックス,932,"逆転サヨナラ2ランを放ち、三塁を回った時点でペルドモからの祝福のシャワーを浴びるダイヤモンドバックスのコービン・キャロル（AP）
◇ナ・リーグ　ダイヤモンドバックス8―7マーリンズ（2026年9月14日　フェニックス）

　ダイヤモンドバックスは14日（日本時間15日）、本拠でマーリンズと対戦し、劇的な逆転サヨナラ勝利を収めて連敗を2でストップ。ワイルドカード争い3位のパドレスとのゲーム差を2.5にとどめた。

　選手も観客も、一瞬で球場は興奮の渦に巻き込まれた。6―7の9回、先頭のモレノがマーリンズ守護神のフェアバンクスから四球を選んで出塁。次打者・ペルドモの際に、フェアバンクスは故障を発生して途中降板し、対戦相手は今季メジャーデビューし、この日が11試合目の登板となったラルストンとなった。

　ペルドモはキッチリと三塁前への犠打を決めて、同点の走者を得点圏へと送る。そして打席には昨季、30本塁打30盗塁以上の「30―30」を達成したキャロルが向かった。直前で対戦相手が代わったが、冷静に打席へ。そして最高の結果を導き出した。

　カウント2―1から真ん中に入ってきたスプリットを強振。打球は大歓声を乗せ、右翼ポール際のスタンドへと飛び込んだ。打球速度108.4マイル（約174.4キロ）、飛距離423フィート（約128.9メートル）、角度28度の打った瞬間それと分かる21号逆転サヨナラ2ラン。三塁を回った時点でペルドモから祝福のシャワーを浴びせられた。

　試合後、中継局のインタビュー受けたキャロルは「最高な気分です。こういう試合こそ、シーズンの初めに僕たちがプレーすることを夢見ていたものなんです。9月の意味のある試合で、あのような重要な場面に立てたこと、本当に素晴らしかったです」と興奮気味に話した。

　敗れれば、ワイルドカード圏内とは3.5差になっていたが、劇的勝利で3位・パドレスに食らいついた。シーズン残り11試合。パドレスとの直接対決はシーズン最終カードとなる25日（同26日）からの、敵地・サンディエゴでの3連戦。ここまでの対戦成績は5勝5敗と全くの互角。最後の最後までしぶとく食らいついて、3年ぶりのポストシーズン進出を狙う。",[],[]
星野真里、実は“お嬢様”だった　実家は売上日本一！共演者衝撃の稼業明かす　現在も兄が継ぎ営業中（スポニチアネックス）,https://news.yahoo.co.jp/articles/dcb8f0d2e3ffe0e3ddfa9966e14682f23859a654,https://newsatcl-pctr.c.yimg.jp/t/amd-img/20260915-00000198-spnannex-000-4-view.jpg?exp=10800,2026-09-15T14:28:42+09:00,2026-09-15T14:35:19+09:00,スポニチアネックス,spnannex,スポニチアネックス,434,"星野真里
女優の星野真里（45）が、14日放送の日本テレビ系「しゃべくり007」（月曜後9・00）にゲスト出演。実家の稼業について明かす場面があった。
【写真あり】マラソン完走の星野真里　家族との夏の思い出ショット
番組では星野の生い立ちをまとめたアルバムに沿ってトーク。「星野家」の項目では「売り上げ日本一！！たばこ店の娘として誕生」と紹介され、共演者を驚かせた。

　星野は「凄く小さな店舗なんですけど、かなりの種類を取り扱っていたみたいで、売り上げはだいぶあったっていうことを聞いたことがあります」と説明。

　「ものすごい種類が今でも床から天井まで。兄が主にやってるんですけど、父も手伝って家族でずっとやってます」と兄が継ぎ現在も営業中であることを明かした。

　番組内では星野の幼少期のホームビデオも公開。自宅の映像に有田哲平は「庭といい、家とかもさ、お金持ちだね？」。上田晋也が「だって日本一売れてるたばこ屋さん」とつっこむも、星野は否定せず苦笑いだった。",[],[]
【アジア大会】U21代表・大岩監督　公式会見で抱負「ロードマップで重要な大会」　16日に初戦香港戦（スポニチアネックス）,https://news.yahoo.co.jp/articles/f14575d668d0d646283a2167fc373246d518eab6,https://newsatcl-pctr.c.yimg.jp/t/amd-img/20260915-00000197-spnannex-000-10-view.jpg?exp=10800,2026-09-15T14:23:03+09:00,2026-09-15T14:56:18+09:00,スポニチアネックス,spnannex,スポニチアネックス,581,"会見で笑顔を見せるU-21日本代表の大岩監督（撮影・河野　光希）
愛知・名古屋アジア大会のサッカー男子に出場する28年ロサンゼルス五輪世代のU―21日本代表は16日に1次リーグA組初戦で香港戦に臨む。前日15日は試合会場の豊田スタジアムでA組の公式会見が行われ、10年広州大会以来4大会ぶりの優勝を狙う日本は大岩剛監督（54）が意気込みを語った。

　「アジア大会特有の緊張感、他競技も含めたアジアン・オリンピックという大会に敬意を持ちながらサッカーの日本代表として結果を出していきたいし、一つ一つ勝っていきたい」

　来年3月からのA代表指揮兼務が決定後初の公式戦となる。香港戦に向けては「初戦の難しさを認識しながら自分たちの力を発揮できるようにしたい」と話した。

　アジア大会のサッカー男子は五輪と同様に23歳以下の年齢制限があり、オーバーエージ（OA）枠は3人まで選手登録できる。香港などはOA枠を登録しているが、日本は招集全23人をロス五輪世代の21歳以下で編成した。上位2チームがロス五輪出場権を獲得するU―23アジア杯（28年日本開催）に向けても貴重なシミュレーション。指揮官は「我々の目的はロス五輪。ロス五輪に出場して、本大会で勝ち上がって金メダルを獲ることが最終目標。それに向かっていく途中のロードマップで重要な大会になる」と言葉に力を込めた。",[],[]
KEY TO LIT猪狩蒼弥　実弟の高校卒業記念で訪れた場所とは　家族で10日間満喫も「危なかった」（スポニチアネックス）,https://news.yahoo.co.jp/articles/22a010bf60ac8038c3955de21781ff632cc13463,https://newsatcl-pctr.c.yimg.jp/t/amd-img/20260915-00000196-spnannex-000-4-view.jpg?exp=10800,2026-09-15T14:19:12+09:00,2026-09-15T14:22:45+09:00,スポニチアネックス,spnannex,スポニチアネックス,431,"KEY　TO　LIT
ジュニアの5人組「KEY　TO　LIT（キテレツ）」猪狩蒼弥（23）が15日放送のテレビ朝日系「徹子の部屋」（月～金曜後1・00）にゲスト出演。家族旅行でのエピソードを披露した。
【写真あり】一問一答！メンバーで一番キテレツな人は
司会の黒柳徹子が「最近親孝行はしましたか？」と聞くと、猪狩は「今年の2月にお休みをいただいて、家族5人でフロリダのほうに旅行に行って来まして」と告白。「フロリダのディズニーに」と明かした。

　旅行先に選んだ理由を「両親の新婚旅行がフロリダのディズニーランドだった」と説明。「弟の高校卒業記念だったんですけど、そのタイミングで家族5人で行こうということで、いろいろ手配をして」と振り返った。

　両親は喜んでくれたものの、「ただ10日間も大人になって旅行をした経験がないんで、4日目ぐらいで結構大きめのケンカになって、危なかったです」とも。とはいえ「結局仲良くなったんですけど、楽しかったです」と語っていた。",[],[]
中村ゆりさん死去　出演作公式からの追悼相次ぐ　鬼平犯科帳、主演ドラマが声明「いまだ信じられない」（スポニチアネックス）,https://news.yahoo.co.jp/articles/8ec17c99accb22f5da15dba26de3872c1d3d15f9,https://newsatcl-pctr.c.yimg.jp/t/amd-img/20260915-00000195-spnannex-000-11-view.jpg?exp=10800,2026-09-15T14:17:56+09:00,2026-09-15T15:02:54+09:00,スポニチアネックス,spnannex,スポニチアネックス,1326,"中村ゆりさん
女優・中村ゆりさんが9月1日に直腸がんのため死去した。44歳だった。突然の訃報を受け、中村さんの出演作など関係者から追悼が相次いだ。
【写真あり】中村ゆりさん　44歳バースデーの際には“盟友”と仲良し2ショットを投稿
時代劇「鬼平犯科帳」シリーズは公式SNSなどを通じて中村さんを追悼。「その繊細な表現と凛とした佇まいで、おまさの強さと優しさ、そして胸の内に秘めた想いを丁寧に演じ、新たな「鬼平犯科帳」に欠かすことのできない存在となってくださいました」「“おまさ”という人物に新たな命を吹き込んでくださった中村ゆりさんに、心より感謝申し上げます」としのんだ。中村さんは松本幸四郎演じる主人公を支える密偵おまさを好演していた。

　テレビ東京系ドラマ「今夜はコの字で」も公式Xで中村さんを追悼。「コの字酒場でお酒を楽しむ恵子先輩の、幸せそうな笑顔が今も鮮明に目に浮かびます。心よりご冥福をお祈り申し上げます」と伝えた。同作は「コの字酒場」と呼ばれるコの字型のカウンターのある居酒屋で常連や店主とのやり取りを描いており、中村さんは浅香航大とW主演を務めた。

　フジテレビ「119エマージェンシーコール」は公式Xで「中村ゆりさんの訃報に接し、いまだ信じられない思いでおります。撮影現場ではいつも司令課3係の真ん中にいて、仲間たちを温かく、力強く、笑顔で支えてくださいました」と感謝をつづった。同作は2025年1月クールに“月9”ドラマとして放送され、中村さんは横浜市消防局司令課3係の係長を演じた。ドイツの国際映像祭「ワールド・メディア・フェスティバル2026」で金賞を受賞するなど評価を得た。

　中村さんがヒロイン役で出演したカンテレ・フジテレビ系ドラマ「終幕のロンド―もう二度と、会えないあなたに―」公式Xは「中村ゆりさんの突然の訃報に言葉を失っています。飾らないお人柄で、いつも笑顔で冗談を言いながら撮影現場を明るく元気にしてくださいました。 心よりご冥福をお祈り申し上げます」と追悼コメントを寄せた。

　中村さんは今年7月、腸閉塞のため来年1月放送のNHKドラマ10「デンジャラス」を降板すると発表しており、所属事務所は「9月1日　中村ゆりが直腸がんのため永眠いたしました。生前のご厚誼に感謝いたしますとともに謹んでお知らせ申し上げます。近親者、弊社俳優とスタッフで葬儀を済ませましたことをご報告いたします」と訃報を伝えた。今年8月に再び腸閉塞を起こし、突然余命わずかと告知を受けたという。

　中村さんは1982年3月15日生まれ、大阪府出身。1996年にテレビ東京系オーディション番組「ASAYAN」で開催された歌手オーディションに合格し、伊澤真理とデュオ「YURIMARI」を結成し、歌手デビューを果たした。

　1999年のYURIMARI解散後、活動休止期間を経て2003年に女優として活動を開始。2007年公開の映画「パッチギ！LOVE&PEACE」で、家族を支えるためにひたむきに生きるヒロイン・キョンジャ役を好演。同年の全国映連賞女優賞、第3回おおさかシネマフェスティバル新人賞を受賞し、演技派として評価を高めた。",[],[]
オリックス　平野佳寿投手兼任コーチが1軍合流　今季限りで現役引退、今月25日には引退セレモニー（スポニチアネックス）,https://news.yahoo.co.jp/articles/e529becabc7c385497a4b84bdd6ccb303f01a55b,https://newsatcl-pctr.c.yimg.jp/t/amd-img/20260915-00000194-spnannex-000-8-view.jpg?exp=10800,2026-09-15T14:15:06+09:00,2026-09-16T04:01:53+09:00,スポニチアネックス,spnannex,スポニチアネックス,222,"オリックスの平野佳寿投手兼任コーチ
オリックス・平野佳寿投手兼任コーチが15日、京セラドームでソフトバンク戦を戦う1軍本隊に合流した。

　4月16日に出場選手登録を抹消されて以来の1軍合流となる。

　プロ21年目のレジェンド右腕は下半身のコンディション不良を理由に、7月9日のファーム・リーグ阪神戦を最後に実戦登板から遠ざかっている。8月9日には今季限りでの現役引退を球団が発表。今月25日のソフトバンク戦で引退セレモニーが予定されている。",[],[]
IL入りエンリケスは「腹斜筋あたり」負傷か…ブルペン不安定でPSには「戻ってきて」とロバーツ監督（スポニチアネックス）,https://news.yahoo.co.jp/articles/c7577619fd1931d3323389e87d3a6796e0b35d93,https://newsatcl-pctr.c.yimg.jp/t/amd-img/20260915-00000193-spnannex-000-4-view.jpg?exp=10800,2026-09-15T14:14:54+09:00,2026-09-15T14:19:54+09:00,スポニチアネックス,spnannex,スポニチアネックス,840,"ドジャースのエドガルド・エンリケス（ロイター）
◇ナ・リーグ　ドジャース4ー1レッズ（2026年9月14日　シンシナティ）

　ドジャースは14日（日本時間15日）、敵地でのレッズ戦に勝利し、MLB史上最長タイ記録となる14年連続でポストシーズン（PS）進出を決めた。ただ、エドガルド・エンリケス投手（24）が負傷者リスト（IL）入りし、デーブ・ロバーツ監督（54）も顔を曇らせた。
【写真あり】身長168cmの女性アナ、佐々木朗希との2ショットが反響「身長差がお似合い」「美男美女」
エンリケスは前日13日（同14日）のマーリンズ戦で2/3回を2失点で登板12試合ぶりに失点。メジャー3年目のエンリケスは今季、球団最速103・6マイル（約166・7キロ）を記録するなど剛速球を武器にブルペンに定着していたが、この日の試合前に腰痛のためIL入りが発表された。

　試合後、ロバーツ監督はエンリケスについて「背中から脇腹あたりに問題が出た。LAに戻ってからか、もしかしたらここで画像検査を受ける。そこはまだ分からない。『腹斜筋』だとはまだ言いたくないけど、そのあたりに何か問題がある」と具体的な患部の部位を明かし、精密検査を受ける予定とした。

　続けて「レギュラーシーズンはこれで終わりになる」とレギュラーシーズン中の復帰は絶望的と断言。その上で「ただ、ポストシーズンには戻ってきてもらいたいと思っている」と切望した。

　ブルペンをめぐっては守護神として期待し、3年総額6900万ドル（約108億3300万円）の大型契約で獲得したディアスが今季は乱調続きで、8月中旬には首を痛めてIL入り。前日に傘下3AでIL入り後、4度目のリハビリ登板も1回持たず5失点で降板と不安を残した。

　代役として9回を任されているスコットも盤石とは言えず、今季もブルペン運用が困難を極めている。それだけに勝ちパターンの一角を担っていたエンリケスの離脱はワールドシリーズ3連覇へ大きな痛手となった。",[],[]
井上拓真も公開練習で手の内見せず　天心連破へ自信「これで最後。自分に負けて他団対へ行くのでは」（スポニチアネックス）,https://news.yahoo.co.jp/articles/5b230efc11d4cf63f53e859dd0fd26b63a277d52,https://newsatcl-pctr.c.yimg.jp/t/amd-img/20260915-00000192-spnannex-000-7-view.jpg?exp=10800,2026-09-15T14:12:36+09:00,2026-09-15T14:51:43+09:00,スポニチアネックス,spnannex,スポニチアネックス,1120,"＜井上拓真公開練習＞調整する井上拓真（撮影・会津　智海）
◇Prime Video Boxing16　WBC世界バンタム級タイトルマッチ　王者・井上拓真（大橋）＜12回戦＞同級1位・那須川天心（帝拳）（2026年9月27日　トヨタアリーナ東京）
【写真あり】那須川天心は壮絶な打ち合いに来る　和気慎吾氏「でも拓真は接近戦強い」
プロボクシングWBC世界バンタム級王者の井上拓真（30＝大橋、22勝5KO2敗）が15日、横浜市内の所属ジムで、同級1位・那須川天心（28＝帝拳、8勝3KO1敗）との約10カ月ぶりの再戦（27日、トヨタアリーナ東京）へ向けた公開練習を行った。

　帝拳プロモーションの浜田剛史代表、那須川を指導する葛西裕一トレーナーが視察に訪れた中、井上拓が披露したのはシャドーボクシング1ラウンドとミット打ち1ラウンドのみ。ミット打ちはほぼジャブとワンツーに終始し、手の内を見せなかった。

　井上拓は昨年11月24日、同じ会場で行われたWBC同級王座決定戦で那須川に3―0で判定勝ちし、3度目の世界王座獲得に成功。5月2日の東京ドーム興行では元世界4階級制覇王者・井岡一翔（志成）から2度のダウンを奪って3―0判定で完勝し、初防衛を果たしていた。

　「合宿から始まって、スパーリングも結構うまくいって、コンディション的にも凄く良い状態で仕上がっている」と状況を報告した井上拓は、再戦となる試合の意味について問われ「自分にとっては防衛戦。その中でも相手は相当な気持ちで来ると思うので、しっかり返り討ちにするだけ」と答えた。

　那須川は試合の発表会見で「負けて預けたものはかなりデカい」と話していたが、「自分の中で別に預かっているものはない」と冷静そのもの。下馬評で不利の那須川が「世界をひっくり返す」と発言していることにも「簡単にはひっくり返らない。井上拓真という壁は大きいぞというのを見せつけていきたい」と一蹴した。

　那須川が9回TKO勝ちで再起を果たした4月のフアンフランシスコ・エストラダ（メキシコ）戦の印象について「より攻撃になったのかなという部分はありました」と言いながらも、「再戦だからといって別に変わらず、1戦目の時のように全部に集中して、全部に対応して、緊張感を持ってしっかり倒すだけ。自分にしかできないボクシング、打たせないで打つというのをしっかりつくり上げて、何回やっても勝てないんだぞっていう内容で返り討ちにしたい」と自信満々。試合のキャッチコピーは「これで最後だ」となっているが、「これで最後、自分に負けて他の団体に行くんじゃないですか。（もう1回やれと）言えないぐらいにしたい」と言い切った。",[],[]
紅しょうが・熊元プロレス　イケメンと体の関係を持った直後に言われた衝撃の言葉とは？スタジオ驚き（スポニチアネックス）,https://news.yahoo.co.jp/articles/6fa510f5e3e9cdf6407ddd7d7b64c38252b9d30b,https://newsatcl-pctr.c.yimg.jp/t/amd-img/20260915-00000191-spnannex-000-4-view.jpg?exp=10800,2026-09-15T14:09:52+09:00,2026-09-15T16:03:27+09:00,スポニチアネックス,spnannex,スポニチアネックス,923,"「紅しょうが」の熊元プロレス
お笑いコンビ「紅しょうが」の熊元プロレスが13日配信のABEMA「チャンスの時間」に出演。イケメンの先輩と体の関係を持った直後に言われた衝撃の言葉を明かす場面があった。
【写真あり】人気女性芸人コンビ、夢のNANAなりきりS
この日は、さまざまなハラスメントでキレづらくなった世の中に、史上最強のブチギレ軍団がベストなキレ方をアドバイスする「行列のできるブチギレ相談所 史上最強のブチギレ軍団キレ納め」を配信。

　相談者として熊元が登場すると、大阪時代に経験した今でも忘れられないプチギレられなかったエピソードを語り始めた。

　当時、飲食店でアルバイトをしていたという。そのバイト先で、3歳上のめちゃくちゃイケメンの先輩に恋をした。ある日、宅飲みをしていると、イケメンの先輩から「今度引越しすんねん」と伝えられると、熊元は「手伝おうか？」と申し出た。

　「最初は私だけが一方的に好きな感じで向こうに気持ちがある感じはなかった」と当時の心境を吐露した。

　引越し当日に手伝っていると、イケメンの先輩は「ちょっと買い出し行ってくるわ。歯ブラシ2本買っておこうか？」と笑顔で伝えてきたという。

　「冗談なんですけど、期待させるようなことを言ってきたりとか、もしかしたら向こうも0ではないんじゃないかって」と相手に期待した。

　その夜に熊元は勇気を出して「疲れたし、泊まって帰っちゃおうかな～」と冗談っぽく申し出ると、先輩は真面目な表情で「泊まっていきなよ」と即答。そのまま2人は体の関係を持って、熱い夜を過ごした。

　コトを終えてすごく幸せな気持ちになってると、先輩から「これ何の時間？」という衝撃的な言葉が飛び出した。さらに「ホンマ意味わからんよな」と笑いながら言い放ったそうだ。この言葉を受けて熊元は「これ何の時間？ってお笑いの世界では『何してんねん』っていうときに言われるイメージがあった。でも彼に嫌われたくないから、何も言えず…向こうから“付き合って”という言葉もなくそのまま1年間ぐらいバイトして終わった」とキレることもできなかったと明かした。

　このエピソードにスタジオから驚きの声があがった。",[],[]
繁昌亭開場20年記念式典に吉村知事も登場　桂文枝がやりとり回想「24区落語作ってたら“5区に”って」（スポニチアネックス）,https://news.yahoo.co.jp/articles/64061bee1441197220876ebb77981015fa08d360,https://newsatcl-pctr.c.yimg.jp/t/amd-img/20260915-00000190-spnannex-000-4-view.jpg?exp=10800,2026-09-15T14:03:49+09:00,2026-09-15T16:17:48+09:00,スポニチアネックス,spnannex,スポニチアネックス,702,"「天満天神繁昌亭開場20周年記念特別公演」の鏡開きに登場した桂文枝（左から2人目）、吉村洋文知事（同3人目）、笑福亭仁智（同4人目）ら
上方落語協会最高顧問の桂文枝（83）は15日、開場から20年を迎えた天満天神繁昌亭（大阪市北区）の記念式典で鏡開きに登場。あいさつの中で、参列したゲストに大阪府・吉村洋文知事（51）との過去のやりとりを暴露し、笑いをさらった。

　鏡割りの直前のあいさつで文枝は、自身が手がけた大阪市24区落語について言及。「吉村さんが（大阪）市長の時に“24区の落語を作って下さい”というから作っていたら、その途中で“大阪を5区にしたい”って。なにを言うねん、まだ途中やっちゅうねんと。そしたら“まだまだ5区になるには時間がかかるから、その間に作ってくれ”と。だいぶ時間はかかりましたが、作らせていただきました」と明かした。

　さらに吉村知事とは大阪に別の寄席小屋を作る構想があったことを披露。「繁昌亭ができて180人の噺家が新たにはいってきました。演じる場所がないと言いましたが、いつの間にか…」と新施設の建設が立ち消えになったことを明かした。

　一方、吉村知事は「20周年おめでとうございます」と祝辞。「私は繁昌亭から歩いて行ける場所に住んでますが」と地元をアピール。「大阪を元気にするようますます盛り上がることを期待してます」と語った。

　この日スタートした「開場20周年記念特別公演」は桂文枝がプロデュース。23日までの9日間、連日4時間近い高座となる。初日は桂源太がトップを務め、桂二葉、桂吉弥ら人気噺家が出演。噺家によるモノマネ漫才もあり、大トリは桂文枝が勤める。",[],[]
KEY TO LIT猪狩蒼弥「ここで焼肉をやるから」地図を見て驚がく　誘った本人ケロリ「楽しかった」（スポニチアネックス）,https://news.yahoo.co.jp/articles/c52d345f3d63fa829d9a79ef4e2f6ac42f36b060,https://newsatcl-pctr.c.yimg.jp/t/amd-img/20260915-00000189-spnannex-000-4-view.jpg?exp=10800,2026-09-15T14:03:03+09:00,2026-09-15T14:08:17+09:00,スポニチアネックス,spnannex,スポニチアネックス,500,"KEY　TO　LIT
ジュニアの5人組「KEY　TO　LIT（キテレツ）」猪狩蒼弥（23）が15日放送のテレビ朝日系「徹子の部屋」（月～金曜後1・00）にゲスト出演。自身の実家での驚きの体験を語った。
【写真あり】はじめまして「KEY TO LIT」です
司会の黒柳徹子から親孝行をした経験を聞かれると、メンバーの佐々木大光は「僕は自分の親じゃないんですけど、猪狩の親に“親孝行”をした」と告白。「猪狩の実家で焼肉を、僕が開催しまして」と打ち明けた。

　すると猪狩は「急に連絡が来て」と回想。「“いついつ空いてる？”って。僕らスケジュールを共有してるんで、空いてるのは分かってるんですけど」と説明しながら、「“ここで焼肉をやるから来て”って、地図を見たら俺んちだった」と振り返った。

　そして「当日恐る恐る行ったら、俺の家族…両親と大光が仲よさげに鉄板を敷いて、“座って座って”みたいな感じで」と猪狩。「自分の実家で初めてもてなされた」と笑いを誘うと、大光は「楽しかったです、めちゃくちゃ」とニッコリ。黒柳は「でも良かったですよね」とフォローしたが、猪狩は「自分の家でやれよ！」とツッコんでいた。",[],[]
WEST.　音楽フェスの出演を取りやめ　7人での参加が困難　公式サイトで発表「出演はございません」（スポニチアネックス）,https://news.yahoo.co.jp/articles/44fb5b2ef3bd8cefb3940889d0c4396e9f0b0835,https://newsatcl-pctr.c.yimg.jp/t/amd-img/20260915-00000188-spnannex-000-14-view.jpg?exp=10800,2026-09-15T13:56:14+09:00,2026-09-15T14:26:21+09:00,スポニチアネックス,spnannex,スポニチアネックス,415,"WEST.
WEST.が、10月31日、11月1日に大阪・万博記念公園で開催される音楽イベント「KAMIGATA EXPO PARK FES 2026」への出演を取りやめることが分かった。同イベントの公式サイトで発表された。
【写真あり】WEST.重岡大毅「話し合いは進んでいます」
イベント公式サイトが15日までに更新され、「WEST.の出演はございません」とアナウンスされた。

　WEST.は、濱田崇裕と重岡大毅がそれぞれ結婚したことを先月9日に発表。重岡は第1子が誕生していることも発表した。その後、わずか3週間後の30日に藤井流星と小瀧望の脱退が発表された。脱退の時期は未定。残った5人でのグループ活動については「協議中」と伝えていた。

　これを受け、「KAMIGATA EXPO PARK FES 2026」については、「WEST.7名としての出演が困難であるためチケットの返金対応を実施いたします」と発表していた。",[],[]
文化放送　前立腺がん手術公表の大竹まこと　ラジオ欠席について説明（スポニチアネックス）,https://news.yahoo.co.jp/articles/6a2c131b47c36a25f9b3ba8a03011b5f923cfcca,https://newsatcl-pctr.c.yimg.jp/t/amd-img/20260915-00000187-spnannex-000-7-view.jpg?exp=10800,2026-09-15T13:51:43+09:00,2026-09-15T15:34:39+09:00,スポニチアネックス,spnannex,スポニチアネックス,444,"大竹まこと
文化放送は15日、東京・浜松町の同局で定例会見を行った。前立腺がんと診断され手術を受けたタレントの大竹まことに言及した。大竹は、同局の「大竹まこと　ゴールデンラジオ！」でパーソナリティーを務めている。
【写真あり】がん手術から復帰の大竹まこと　近影にネット上で熱いエール
大竹は頻尿が理由で受診したところ、7月ごろにがんと判明し、先月上旬に前立腺の摘出手術を行った。同17日、番組に復帰したが、その後再び欠席している。

　田中博之社長は「ご本人から“長時間座っているのが少しきつい”と訴えがあった。冗談で他の出演者の方は“寝っ転がってやればいいじゃないか”と言うけど、そういうわけにもいかない」と説明。3時間半の生放送に加え、打ち合わせ含めるとかなり長時間座っての仕事となる。「座って業務していただくことは、避けようがない。ご本人は体力が回復するまでもう少しと。プラスで1か月後まで待てばご本人もいけそうだ、ということで1カ月後に復帰いただく形で話を進めている」と明かした。",[],[]
本並健治氏の家にはサッカーボールない！？3歳の長女は「サッカー選手にはならせません」　その理由とは（スポニチアネックス）,https://news.yahoo.co.jp/articles/b89d1484772fe2ba97fce33a4aaa8699ff7e03c9,https://newsatcl-pctr.c.yimg.jp/t/amd-img/20260915-00000186-spnannex-000-5-view.jpg?exp=10800,2026-09-15T13:47:18+09:00,2026-09-16T04:39:46+09:00,スポニチアネックス,spnannex,スポニチアネックス,384,"本並健治氏
サッカー元日本代表GKの本並健治氏（62）が13日配信のABEMA「秘密のママ園 season3」にゲスト出演。3歳長女の将来への本音を明かした。

　この日は「たぶんイケてるパパ園」を配信した。

　MCの峯岸みなみから「お子さんにアスリート、サッカー選手になってほしいなって気持ちは？」と聞かれた本並氏は「サッカー選手にはならせません」とキッパリ言い切った。

　そして「危ないっす。怪我するんですよ。2人とも大怪我してるんで」と説明した。

　さらに家にサッカーボールも置いていないと告白すると、スタジオから驚きの声があがった。「ボール蹴り出したら“これは蹴ったらダメだよ。投げるんだよ”と説明してる」と明かした。

　最後に「妻（丸山桂里奈）は芸人にさせたい。僕はモデルとか俳優にならせたいんですよ」と娘にはメディアで活躍してほしい思いも吐露した。",[],[]
和田明日香　「めっちゃ面白くて」昨年2月からハマっている趣味明かす「毎月一回は行きたいなと思って」（スポニチアネックス）,https://news.yahoo.co.jp/articles/ebe7acfb4519159d2d344ff89ee06484abcb0d5c,https://newsatcl-pctr.c.yimg.jp/t/amd-img/20260915-00000185-spnannex-000-4-view.jpg?exp=10800,2026-09-15T13:44:11+09:00,2026-09-15T14:30:04+09:00,スポニチアネックス,spnannex,スポニチアネックス,926,"和田明日香
料理家でタレントの和田明日香（39）が15日放送のTBS「滝沢カレン＆和田明日香のフィーリンきっちん」（月～金曜前9・55）に出演。昨年からハマっている趣味を明かす場面があった。
【写真あり】ネイルをしていると批判される？AIの回答明かし「料理家に求めることって…」
今週のゲストは歌舞伎俳優の尾上松也。進行の「ロッチ」コカドケンタロウが「明日香さん、歌舞伎はどういう頻度で行っておるんですか？」と聞くと、和田は「そんな歌舞伎のお話をさせていただいていいんですか？」と笑顔。

　「見始めたのは去年の2月。歌舞伎もずっと見に行ってみたいけどタイミングないなと思っていた」と和田。「その時に、『鞘當（さやあて）』っていう凄い様式美的な感じの演目と、あと松也さんの『寿式（三番叟）』がめっちゃ面白くて。なんか“戦隊ヒーローが踊ってるみたい！”って。5色メンバーカラーみたいな方たちが凄い動きもコミカルな部分があったり、ダイナミックな部分があったり、見てるだけで本当に“寿”が目から入ってくるみたいな。でハマりまして」と明かした。

　「そこから毎月一回は行きたいなと思って、だいたい毎月歌舞伎座に（行っています）」とした。

　コカドが「松也さんを見てハマったみたいなもの？」と投げかけると、和田は「凄くイメージが変わりました。“歌舞伎って、こんなのも見れるんだ”みたいな。なんかやっぱり“古いお話を古い言葉遣いで、凄い様式的な感じでやっている伝統芸能だ”と思ってたんですけど、“超楽しいじゃん！”みたいな」と熱弁。「全然理解できないお話とかもあるんですよ。“上司のために死ぬ”とか、“一生仲直りしない”とか。でも、“それが当時の男の価値観なんだろうな”みたいな。今との違いを楽しめるっていうのも、凄く面白い。イヤホンガイドが解説してくれるので、本当に分からない人も突然全然来て大丈夫なんだなーって」と声を弾ませた。

　「歌舞伎役者の方の前で歌舞伎のこと話すっていうなかなかない」と和田。グッズなども集めているようで「歌舞伎座の下に木挽町広場っていうグッズショップがあって、そこでいっぱい買って」と愛用のストラップやカレンダーなども披露した。",[],[]
中村ゆりさん「病と闘う母」演じたCMが話題…広告賞も受賞　日本生命が追悼「素敵な笑顔と温かいお人柄」（スポニチアネックス）,https://news.yahoo.co.jp/articles/bb15b2f8029cc80695483e8efce4daae3c0b5d62,https://newsatcl-pctr.c.yimg.jp/t/amd-img/20260915-00000184-spnannex-000-4-view.jpg?exp=10800,2026-09-15T13:41:48+09:00,2026-09-15T13:57:46+09:00,スポニチアネックス,spnannex,スポニチアネックス,445,"中村ゆりさん
◇中村ゆりさん死去

　女優の中村ゆりさんが1日、直腸がんのため死去した。44歳。生前にテレビCMなどに起用していた日本生命は15日、訃報を受け、公式Xで追悼コメントを発表した。
【写真あり】MARI　盟友・中村ゆりさん死去に沈痛
同社は、2019年に放送されたCMに中村さんを起用。「笑顔が大好き篇」に出演した。同CMで中村さんは、病と闘うシングルマザー役を演じた。

　同作は「第58回JAA広告賞　消費者が選んだ広告コンクール」にも選出。大きな反響を集めていた。

　同社は「中村ゆりさんの訃報に接し、心よりお悔やみ申し上げます」とし、「中村さんには、当社のCMにご出演いただくなど、これまでさまざまな場面でお力添えをいただきました」と振り返った。

　さらに「撮影やイベントを通じて、素敵な笑顔と温かいお人柄に触れさせていただいたことを、私たちも大切な思い出として心に刻んでおります」とし、「これまでのご活躍に敬意を表するとともに、謹んで哀悼の意を表します」と悼んだ。",[],[]
KEY TO LIT　徹子の部屋で“恒例”ムチャぶりに奮闘　自己紹介で「やって」に「早速ですか！？」（スポニチアネックス）,https://news.yahoo.co.jp/articles/ad563081a4fc6d6d2e3e1c2c59e1ea4647bce5b0,https://newsatcl-pctr.c.yimg.jp/t/amd-img/20260915-00000183-spnannex-000-5-view.jpg?exp=10800,2026-09-15T13:40:33+09:00,2026-09-15T13:49:54+09:00,スポニチアネックス,spnannex,スポニチアネックス,971,"KEY　TO　LIT
ジュニアの5人組「KEY　TO　LIT（キテレツ）」が15日放送のテレビ朝日系「徹子の部屋」（月～金曜後1・00）にゲスト出演。司会の女優・黒柳徹子（93）の“ムチャぶり”がさく裂した。
【写真あり】今冬CDデビュー決定に涙「びっくりした」
番組冒頭スーツ姿で登場したメンバーに、黒柳は「白いのをお召しになって、どうもありがとうございます」と感謝。まずはメンバーの猪狩蒼弥が「グループでラップと演出を担当してます」と自己紹介すると、黒柳は「凄い。やってやって！“徹子”でやって」とムチャぶり。猪狩は「早速ですか！？」と驚きながらもアドリブで対応。黒柳は「そういうふうにしてやるのね、なるほど」と納得した。

　続いて岩﨑大昇が「特技は好きな歌ということで、ボーカルを。洋楽から邦楽、いろいろ聞くんですけど、昭和歌謡を歌わせていただくことが多くて」と明かすと、黒柳は「誰かのものまねとかできる？」と質問。岩崎が歌手・玉置浩二の歌まねを披露すると、口元を押さえて大笑いしながら、黒柳は「いや、なんだか分からないから。まあ似てるっちゃ似てるかな」と、やや辛口にコメント。

　また「特技はアクロバットです」と伝えた井上瑞稀に対し、黒柳は「“やって”ってわけにはいかないですよね」と迷いを見せたが、部屋の後方で井上がバック宙を決めると「凄～い！凄い凄い！凄いね」と感激。「それだけできれば随分いいよね」と褒めちぎった。

　さらに佐々木大光は「食べるのが大好きです」と、3・8キロの天ぷらそばに挑戦した時のエピソードを紹介。「3キロも食べたの？」「でもその割に太らない」と指摘した黒柳に、佐々木は「結構太ってますね」とぶっちゃけ、笑いを誘った。

　最後に「スケートボードとアートが得意」という中村嶺亜は、今回の出演を記念して黒柳の似顔絵を進呈。「和風のアメリカンテイスト」というその絵には、パンダのブローチをつけた着物姿の黒柳が描かれており、黒柳は「あら、かわいい～。上手！」「いただきますね、ありがとう！かわいいね」と感心しきり。「絵はがきなんかにして、みんなにお手紙を書く時とかにいいかもね」と提案しつつ「なかなかね、私の顔は簡単そうでちょっと難しいんですよ」と続け、「いいですよね、似てる。大事にしますね」と語っていた。",[],[]
武田鉄矢「好きだったな」「可愛い」　モテまくっていた金八生徒とは　共演俳優も証言「みんな好きだった」（スポニチアネックス）,https://news.yahoo.co.jp/articles/d3c751d9d7ecce400de64ac8ceb5287fc1a5d8f5,https://newsatcl-pctr.c.yimg.jp/t/amd-img/20260915-00000182-spnannex-000-6-view.jpg?exp=10800,2026-09-15T13:24:41+09:00,2026-09-15T14:39:01+09:00,スポニチアネックス,spnannex,スポニチアネックス,742,"武田鉄矢
俳優の武田鉄矢（77）が、14日放送の日本テレビ系「しゃべくり007」（月曜後9・00）にサプライズゲストとして出演。「3年B組金八先生」生徒役女優の印象を明かす場面があった。
【写真あり】武田鉄矢も「好きだった」3年B組のマドンナ女優
「金八先生」は1979年に放送スタート。武田演じる中学校教諭の坂本金八が、問題や悩みを抱えた思春期の生徒たちを、愛情たっぷりの指導で自立させていく学園ドラマの金字塔。この日は、娘・乙女役の星野真里のため、息子・幸作役の佐野泰臣、B組生徒・安井ちはる役の岡あゆみらと共に出演した。

　生徒役の俳優陣にとって、本当の学校のようだったという撮影。クラス内で恋が始まることも度々あったといい、恋愛禁止のルールがあったことも明かされた。

　しゃべくりメンバーは岡に「誰か好きになりました？」と質問。岡は「いないです」と応じ「向こうから好きっていうのはありました？」と聞かれると「ないと思います」。すると、星野は「うそだ！」と反応し、佐野も「みんな好きだったと思いますよ。お父ちゃん（武田）も好きでしたから」。MCの上田晋也が「お父ちゃんも！？何をやってるんですか！！」と鋭くつっこむと、武田は苦笑いで頭を抱え、笑いを誘った。

　さらに番組内では、卒業式のシーンで上戸彩が演じた性同一性障害に悩む生徒・鶴本直へのアドリブセリフ「あなたのことが好きでした」がカットされたと秘話を披露。演出家から「先生はみんなが好きです」と指摘があったと明かすと、佐野から「でも、ちはるのことは好きだった？」と突っ込まれた。武田は「ちはるは好きだったな」と噴き出しながら応じ「可愛い子に向かっては可愛いって態度でいいんじゃないですか！？」と主張して笑いを誘った。",[],[]
レッズPS進出の可能性が完全消滅…デラクルス27号も空砲　昨季5年ぶり進出も今季ここまで借金10（スポニチアネックス）,https://news.yahoo.co.jp/articles/8db44f677625bdab80acca1d2bb8be65d4cf893b,https://newsatcl-pctr.c.yimg.jp/t/amd-img/20260915-00000181-spnannex-000-3-view.jpg?exp=10800,2026-09-15T13:18:20+09:00,2026-09-15T13:21:30+09:00,スポニチアネックス,spnannex,スポニチアネックス,593,"ドジャース戦の9回、27号ソロを放ったレッズ・デラクルスはベンチで笑顔（AP）
◇ナ・リーグ　レッズ1－4ドジャース（2026年9月14日　シンシナティ）

　レッズは14日（日本時間15日）、本拠でのドジャース戦に敗れ、ポストシーズン（PS）進出の可能性が完全消滅した。
【写真あり】“大谷マニア”デラクルスが試合中に大谷翔平と談笑するほっこりシーン
先発・ロドロがタッカー、T・ヘルナンデスに2被弾も7回4失点と粘投。ただ、打線が相手先発・スクバルを攻略できず7回まで無得点に抑え込まれた。

　0－4の9回にデラクルスが相手3番手・フィリップスから27号ソロを放ったが焼け石に水。ワールドシリーズ連覇中のドジャースが14年連続でPS進出を決めた一方で、悔しい結果が待ち受けていた。

　昨季はレギュラーシーズン最終戦でワイルドカード3位に滑り込み、5年ぶりにPS進出を決めたが、ワイルドカードでドジャースに連敗し、敗退した。今季は13日（同14日）終了時点でチーム打率・230は両リーグワーストと打線の不振が深刻。ここまで70勝80敗と負け越している。ワールドシリーズ2度の制覇を誇る名将・フランコナ監督にとっても就任2年目は厳しいシーズンとなった。

　ただ、大リーグ公式サイト「MLB.com」によると、編成責任者のニック・クラル氏はフランコナ監督の続投を示唆しているという。",[],[]
PS進出の可能性消滅も好投続けるメッツ千賀滉大　ブルペン、先発…自身の思いを明かす（スポニチアネックス）,https://news.yahoo.co.jp/articles/a47d0b122bbcf7b9bb39819310188260e457858f,https://newsatcl-pctr.c.yimg.jp/t/amd-img/20260915-00000180-spnannex-000-6-view.jpg?exp=10800,2026-09-15T13:16:58+09:00,2026-09-15T14:25:17+09:00,スポニチアネックス,spnannex,スポニチアネックス,934,"好投を続けているメッツの千賀滉大（AP）
メッツは14日（日本時間15日）、ホームでのオリオールズ戦に2－1で敗れ、今季は69勝81敗。この敗戦でポストシーズン進出の可能性が消滅した。その中でもリリーフに配置転換した千賀滉大投手（33）は好投を続けている。
【動画】超かわいい！デコピンの始球式に“捕手”大谷翔平もニッコリ
この日も1点をリードされた9回表に登場し、2安打と味方の失策で一死1、3塁のピンチを招いたものの、バサロ、ビーバーズを連続三振。得意の“お化けフォーク”を多投して見事に後続を絶ち、「追い込んだらどんな場面でも（三振を）狙いにはいくんですけど、今日は本当にうまく何とかって感じ」と納得の表情だった。

　最新の登板は1回2安打無失点3奪三振。8月4日（同5日）の15試合では14回1/3を投げて18奪三振、防御率1.88と好投を継続している。オリオールズ戦でも新たな登場曲となったマイケル・ジャクソンの「Beat　it」に乗って千賀が登場するとファンから大歓声が沸き起こった。リリーフでの貢献が認められている証であり、それに関しては千賀も「それに相応しいピッチング、パフォーマンスをしていければいいなと、それはいつも思います」と喜びを隠さなかった。

　2027年も残り13試合。千賀は今後も重要な場面で起用されそうだ。今日の試合後、クローザーの素養もあるのではと問われると、千賀は「後々はそうなりたいと思う。自分の中でアメリカに来る時、リリーフっていうのは頭の中にもちろんあった」と返答。「（救援も）やってみたいというか、やりたかった気持ちもあった」と続け、ブルペン登場への意外な希望を吐露した。もっとも、その一方で「（リリーフをやるなら）先発でダメだからとかじゃなくて、自分で手を挙げて（やりたかった）。先発としてまだ自分がやり残したこと、自分が先発としてまだ何も成し遂げてないという（気持ち）のが頭の中にある」ともともとの役割へのこだわりにも言及している。5年契約最終年となる来季、千賀にどんな役割が任されるのかは未知数ではある。シーズン残り試合でのパフォーマンスが来季以降につながることは間違いなさそうだ。（ニューヨーク・杉浦大介通信員）",[],[]
和田明日香　自宅で一番よく作るカツオ料理明かす「お刺し身のちょっと食べ方アレンジみたいな感じ」（スポニチアネックス）,https://news.yahoo.co.jp/articles/c3440c11c629767537d224e5302a853b14037b30,https://newsatcl-pctr.c.yimg.jp/t/amd-img/20260915-00000179-spnannex-000-4-view.jpg?exp=10800,2026-09-15T13:16:14+09:00,2026-09-15T14:31:50+09:00,スポニチアネックス,spnannex,スポニチアネックス,403,"和田明日香
料理家でタレントの和田明日香（39）が15日放送のTBS「滝沢カレン＆和田明日香のフィーリンきっちん」（月～金曜前9・55）に出演。自宅で一番よく作るカツオ料理を明かした。
【写真あり】イルをしていると批判される？AIの回答明かし「料理家に求めることって…」
今週のゲストは歌舞伎俳優の尾上松也。テーマ食材はカツオ。この日は松也が愛用の土鍋を持参し、お米を自ら炊くことに。そんな炊き立てのご飯で合うカツオ料理を作ることに。

　和田は松也の大好きな食材が詰まった冷蔵庫から2種類のネギをチョイス。この日の料理は「一番カツオ料理の中で家でよく作ってる『カツオのネギまみれ』」と明かし、「カツオをネギまみれにして食べるっていう。お刺し身のちょっと食べ方アレンジみたいな感じ」とした。

　カツオの刺し身に白髪ねぎなどの大量のネギをかけ、にんにくのスライス、熱したごま油をざっとかけるものを披露した。",[],[]
JRA新監事に慶大大学院教授の岩波敦子氏、弁護士の野口彩子氏が就任　小谷実可子氏らは退任（スポニチアネックス）,https://news.yahoo.co.jp/articles/f21908739bbc743bf6d3e2522fcb899d2e74df71,https://newsatcl-pctr.c.yimg.jp/t/amd-img/20260915-00000178-spnannex-000-6-view.jpg?exp=10800,2026-09-15T13:16:08+09:00,2026-09-16T05:14:16+09:00,スポニチアネックス,spnannex,スポニチアネックス,452,"JRA
日本中央競馬会（JRA）は15日、農林水産大臣より16日付で発令される新任監事（非常勤）の人事を発表した。新たに慶応大大学院理工学研究科教授の岩波敦子氏(64)と弁護士の野口彩子氏(50)が就任する。

　なお、ソウル五輪アーティスティックスイミング（旧シンクロナイズドスイミング）銅メダリストの小谷実可子氏と田中佐知子氏の非常勤監事2人は15日付で退任した。

　新任監事の略歴は以下の通り。

　◇岩波　敦子（いわなみ・あつこ）1962年(昭37)6月20日生まれ、埼玉県出身の64歳。96年慶応大理工学部専任講師、08年同教授を経て、13年5月から同法人常任理事を2期務めた。26年4月から慶応大大学院理工学研究科教授（現職）。

　◇野口　彩子（のぐち・あやこ）1975年(昭50)11月7日生まれ、佐賀県出身の50歳。06年司法試験合格、07年弁護士登録。19年公認不正検査士資格取得。ひかり総合法律事務所、シグマ法律会計事務所を経て、24年4月から大江・田中・大宅法律事務所（現職）。",[],[]
「呪術廻戦」ゲーム、発売延期　「より満足いただける作品をお届けするため」来年に変更（スポニチアネックス）,https://news.yahoo.co.jp/articles/5c57520ac05faae677e0b8da6aaacc3a5d77747f,https://newsatcl-pctr.c.yimg.jp/t/amd-img/20260915-00000177-spnannex-000-5-view.jpg?exp=10800,2026-09-15T13:14:59+09:00,2026-09-16T04:42:48+09:00,スポニチアネックス,spnannex,スポニチアネックス,386,"呪術廻戦 RUMBLE: SURVIVATON Official（@JJKRS_JP）から
人気漫画・アニメ「呪術廻戦」を題材としたゲーム「呪術廻戦 RUMBLE: SURVIVATON」の発売時期が2027年に変更されることが15日、公式Xで発表された。

　「呪術廻戦 Rumble: SURVIVATON」は、今年発売を予定していたサバイバルゲーム。「呪術廻戦」に登場するキャラクターとなり、あまたの呪霊やライバルたちと争う内容で期待が高まっていた。

　この日、公式は「より満足いただける作品をお届けするために、発売時期を2027年に変更させていただくこととなりました」と報告。「楽しみにお待ちいただいている皆様には心よりお詫び申し上げます」と謝罪した。

　今後については「チーム一丸となって開発を進めてまいりますので、今後の続報にご期待ください」と呼びかけた。",[],[]
藤井隆　54歳になりセリフが「全然覚えられない」と悔しがる　「正直賭けなんですけど」睡眠の重要性語る（スポニチアネックス）,https://news.yahoo.co.jp/articles/f09040786484788e837196cb906387fb0bd3f5f7,https://newsatcl-pctr.c.yimg.jp/t/amd-img/20260915-00000176-spnannex-000-5-view.jpg?exp=10800,2026-09-15T13:09:39+09:00,2026-09-16T04:42:44+09:00,スポニチアネックス,spnannex,スポニチアネックス,857,"＜「SLEEP　ACTION　LAB」メディア発表会＞フォトセッションに応じる藤井隆（撮影・松尾　知香）
お笑いタレントの藤井隆（54）が15日、都内で行われた寝具メーカー「ブレインスリープ」の新プロジェクト「SLEEP　ACTION　LAB」のメディア発表会に出席した。

　ジャーナリストの安藤優子氏、歌手のきゃりーぱみゅぱみゅとともに睡眠クリエイターに就任。任命状を贈呈され「子供の頃から眠るのが大好き。どこか後ろめたいくらい、怠け者なんじゃないかと思っていたんですけれども、睡眠クリエイターという肩書きを頂き、光栄に思っています」と笑顔を見せた。

　かつてはセリフを覚えるのが早く、よく褒められたというが「もう全然覚えられなくなってしまいました。今54歳なんですけど、こんなにも覚えられないのかと」と悔しそうな表情。セリフを頭にたたき込むために睡眠時間を削るしかないと思うこともあるというが、実際に睡眠時間を削っても覚えた実感がないという。その上で「でも、寝たら定着する気がする」と説明。「正直賭けなんですけど、もう“ここで覚えたでしょ、じゃあもう寝ます”と。寝たら定着している時があるので、睡眠時間は削りすぎないようにしています」と語った。

　ブレインスリープ創業者で医学博士の西野精治氏らとのトークセッションでは「おなかいっぱいの状態で寝るのが好き」と打ち明け、「寝る前にご飯食べちゃいけないってよく言われますけど、実際のところどうなんですか？」と質問。西野氏から「逆におなかが空いてたら寝られないですよ。寝る前にお茶漬けなどの消化にいいものを食べて、ある程度満足感を持たせて寝るのがいいです」とアドバイスを受けた。

　続けて「寝る前のお酒は？」「おすすめは？」と質問。西野氏は「少量であればリラックスして入眠までの時間が早くなる。節制できるなら毎日晩酌してもいいのでは」と回答し、おすすめのお酒についても「ビールはトイレに行きたくなるので…。強めのお酒をくいっと飲む方もいますね」と述べていた。",[],[]
「BUDDiiS」森英寿、年内活動休止　腰椎椎間板ヘルニアで療養継続　今後は8人で出演（スポニチアネックス）,https://news.yahoo.co.jp/articles/0e3ed70ec4724e219edbcf8951d589f642e7b09d,https://newsatcl-pctr.c.yimg.jp/t/amd-img/20260915-00000175-spnannex-000-9-view.jpg?exp=10800,2026-09-15T13:06:36+09:00,2026-09-15T19:00:45+09:00,スポニチアネックス,spnannex,スポニチアネックス,702,"森英寿
ダンス＆ボーカルグループ「BUDDiiS」のMORRIEこと森英寿が、年内の活動を引き続き休止することが15日、所属事務所「SDR」から発表された。腰椎椎間板ヘルニアの治療・リハビリを続けているが、現時点では一定期間の十分な休養と療養が必要との診断を受けたため。
【写真あり】ダンス＆ボーカルグループ「BUDDiiS」
この日、「現在活動を休止しておりますメンバーMORRIEにつきまして、現状ならびに今後の活動についてご報告申し上げます」と公式サイトで発表。MORRIEは現在、「主治医およびトレーナーの指導のもと、腰椎椎間板ヘルニアの治療・リハビリに日々取り組んでおります」とした。

　また「本人もツアーへの復帰を目標に、一日も早い回復を目指して治療に努めてまいりましたが、現時点では、引き続き一定期間の十分な休養と療養が必要との診断を受けております」と説明。「本人とも今後について慎重に話し合いを重ねた結果、何よりもMORRIEの体調回復を最優先とし、年内での活動を引き続き休止させていただくことにいたしました」と伝えた。

　年内に予定されているイベント出演および単独公演については「MORRIEの出演を見合わせ、メンバー8人での出演とさせていただきます」とした。

　MORRIE本人については「再び皆様の前で元気な姿をお見せできるよう、焦ることなく治療とリハビリに専念してまいります」と説明。活動再開の時期については「今後の治療経過を慎重に見守りつつ、主治医の判断のもと決定してまいります」とし、「活動再開の許可が得られました際には、改めて公式よりご案内申し上げます」と呼びかけた。",[],[]
【近畿学生野球】奈良学園大、接戦を制し1勝1敗のタイ　チーム1の俊足米井が4出塁3得点2盗塁の活躍（スポニチアネックス）,https://news.yahoo.co.jp/articles/1317951555b5022bcb58306902a3c40c73e9843d,https://newsatcl-pctr.c.yimg.jp/t/amd-img/20260915-00000174-spnannex-000-10-view.jpg?exp=10800,2026-09-15T13:03:39+09:00,2026-09-16T04:03:00+09:00,スポニチアネックス,spnannex,スポニチアネックス,843,"＜奈良学園大・大阪工業大＞5回、内野安打を放つ奈良学園大・米井（撮影・中辻　颯太）
◇近畿学生野球秋季リーグ第2節1回戦　奈良学園大5―4大阪工業大（2026年9月15日　大阪シティ信金スタジアム）

　今春リーグ覇者の奈良学園大が1敗で迎えた大阪工業大との2戦目を制し、1勝1敗のタイとした。

　1回裏2死二塁で4番・森大輔（4年、市和歌山）の左前適時打で先制。3回表に先発・中西大馳（3年、京都国際）の4与四球などで3点を失い勝ち越しを許すも、その裏すかさず同点に。5回裏に1点勝ち越し、失策で同点に追いつかれた直後の7回裏、無死1，3塁のチャンスに途中出場の3番・北峯嵩流（4年、奈良大付）のセフティスクイズで再び勝ち越し。8回から登板した岩井琉輝（3年、福井工大福井）の4奪三振パーフェクト投球で接戦をものにした。　

　2番右翼で先発出場の米井風雅（4年、大商大堺）は、この日全打席・4出塁、3得点2盗塁とチームの勝利に貢献した。

　「これまでチャンスに打てない打席が続いていたので、今日は結果が出て嬉しい」と清々しい笑顔でインタビューに答えた米井。盗塁も「行けるときに行け」の“グリーンライト”が出されているようで、「酒井監督にも『アウトになってもいいからどんどんいけ』と言われています」と、チーム内でも信頼されているチーム1の俊足だ。

　高校時代は、スタメン出場は少なく代走要員だったが、大学入学後は1年春からメンバー入り、2年時からレギュラーで活躍する米井は「明日（3回戦）も得点に絡む活躍をして、チーム一丸で戦い、絶対勝ちたい」と次戦に向けて意欲を語った。

　酒井真二監督は、接戦での勝利に「今日負けたら優勝の目は無くなっていたので、この勝ちは大きいです」と安どの表情を見せた。「選手たちもこの苦しい状況をよく分かって試合に臨んでくれました。明日も自分たちのやることをしっかりすれば勝機はあると思う」と、リーグ戦序盤での大一番に気合いの入ったコメントを残した。",[],[]
【明日16日の風、薫る】第123話　ある日“意外な人物”の派出看護の依頼があり…（スポニチアネックス）,https://news.yahoo.co.jp/articles/4cd1de9dc655933d1cb93b2dcad5219e096e04ba,https://newsatcl-pctr.c.yimg.jp/t/amd-img/20260915-00000103-spnannex-000-4-view.jpg?exp=10800,2026-09-15T13:00:00+09:00,2026-09-16T04:52:57+09:00,スポニチアネックス,spnannex,スポニチアネックス,464,"連続テレビ小説「風、薫る」第123話。寛太（藤原季節）と話す直美（上坂樹里・左）（C）NHK
女優の見上愛（25）と上坂樹里（21）がヒロインを務めるNHK連続テレビ小説「風、薫る」（月～土曜前8・00、土曜は1週間振り返り）は16日、第123話が放送される。

　東京府看護婦規則ができるという掲示が出るが、内容に納得のいかないりん（見上）と直美（上坂）は柳生（中村倫也）に会いに行く。そんなある日、意外な人物の派出看護の依頼があって…。

　吉澤智子氏が脚本を手掛ける朝ドラ通算114作目。田中ひかる氏の「明治のナイチンゲール　大関和物語」を原案とし、文明開化が進むもまだ女性の職業が確立されていない明治時代に、看護の世界に飛び込み日本初の「トレインドナース」と呼ばれた大関和（ちか）と鈴木雅（まさ）をモチーフにした2人の女性の活躍を描くバディ劇。見上は大関がモデルの一ノ瀬りん、上坂は鈴木がモデルの大家直美を演じる。

　主題歌は3人組バンド「Mrs. GREEN APPLE」の「風と町」。語りは歌手の研ナオコが務める。",[],[]
阪神・大山悠輔が8月度スカパー！サヨナラ賞受賞　「チームが勝利する瞬間はうれしい」（スポニチアネックス）,https://news.yahoo.co.jp/articles/c333c039e81b1eda3fec09b8086257210a982541,https://newsatcl-pctr.c.yimg.jp/t/amd-img/20260915-00000152-spnannex-000-7-view.jpg?exp=10800,2026-09-15T13:00:00+09:00,2026-09-15T16:22:05+09:00,スポニチアネックス,spnannex,スポニチアネックス,370,"8月度スカパー！サヨナラ賞を受賞した大山（撮影・亀井　直樹）
阪神・大山悠輔内野手が8月度のスカパー！サヨナラ賞を受賞した。大山は8月18日のヤクルト戦で1ー1の9回に左翼席へサヨナラアーチを放った。さらに、翌19日の同戦でも10回1死満塁の場面でサヨナラ犠飛。2夜連続でチームを勝利に導いた。
【写真あり】小籔千豊、新幹線で「目が合った」人物が…虎の超人気選手だった
「こういう賞を受賞できたということは、その日チームが勝利したということ。そこが一番うれしい」

　18日の試合では、1点ビハインドから前を打つ佐藤輝が同点弾。直後に連発という形でサヨナラアーチを架けた。「いつも（佐藤輝を）ネクストで見ている。打つんだろうなと思っていた。そこの想像をしていたので、冷静に打席に入れた」と後輩スラッガーをたたえつつ、歓喜の一発を振り返った。",[],[]
「EBiDAN」の「ICEx」　冠レギュラーラジオがスタート（スポニチアネックス）,https://news.yahoo.co.jp/articles/dce4a5ab027b46813f25a9da432961e2ef999002,https://newsatcl-pctr.c.yimg.jp/t/amd-img/20260915-00000173-spnannex-000-5-view.jpg?exp=10800,2026-09-15T12:54:46+09:00,2026-09-16T04:43:46+09:00,スポニチアネックス,spnannex,スポニチアネックス,434,"「ICEx」の（左から）中村旺太郎、山本龍人、八神遼介、阿久根温世、志賀李玖、竹野世梛、筒井俊旭、千田波空斗
大手芸能事務所「スターダストプロモーション」の男性タレント集団「EBiDAN」の8人組「ICEx」の冠番組「ICExの愛すべきラジオ」（木曜深夜1・30）が文化放送で10月1日にスタートする。

　メンバーが週替わりで出演していく。メンバー同士のトークやリスナーから寄せられたメッセージ、さまざまな企画を通じてステージや映像では伝わらない8人の個性や関係性、“素”の表情を届ける。10月1日、8日はメンバー全員が出演する。

　八神遼介は「光栄なことに、このたびICExが文化放送さんのラジオ番組をやらせていただくことになりました！聴いていただけるリスナーの皆さんにとっての毎週のほんのささやかな幸せになれればという気持ちでみんなでワイワイ楽しく頑張っていきます！番組と一緒にぼくらも成長していきますので、あたたかいお耳でお聴きくださいませ！」と意気込んだ。",[],[]
櫻井翔　嵐の結成記念日に会見登壇し笑顔「いい1日ですね」（スポニチアネックス）,https://news.yahoo.co.jp/articles/44270b57437ddde774c5214584ae27879c377e5c,https://newsatcl-pctr.c.yimg.jp/t/amd-img/20260915-00000172-spnannex-000-5-view.jpg?exp=10800,2026-09-15T12:54:39+09:00,2026-09-16T04:44:47+09:00,スポニチアネックス,spnannex,スポニチアネックス,426,"フジテレビのコンテンツラインアップ発表会に登場した櫻井翔
俳優の櫻井翔（44）が15日、東京・台場のフジテレビで行われた「FUJI　FUTURE　UPDATE第8弾～コンテンツラインナップ発表会2026秋～」に出席した。

　同局の新番組や注目番組を紹介する同会見。各番組の担当者が登壇し番組のプレゼンをする中、今年4月から始まったバラエティー「真剣遊戯！　THE　バトル　SHOW」（月曜後8・00）のMCを務める櫻井は、同番組の“コンテンツ担当者”として登壇。「私は“出演者”としてではなくコンテンツの“責任者”？」と苦笑いした。

　同番組の放送開始から半年がたち「慣れてきましたね」と胸を張った櫻井。「ここフジテレビで長く育てていただいた身なので。そういった意味でいうと、本日9月15日は嵐の結成記念日。ハワイで会見をやったこの日に、皆さんの前に立ち、長くゲームをやってきたフジテレビでゲームのお話ができるのは、いい1日ですね」と笑顔を見せた。",[],[]
文化放送　新番組開始のジュニア「ACEes」に期待、10・2スタート、毎週2人が週替わりで登場（スポニチアネックス）,https://news.yahoo.co.jp/articles/a82b1f258ab2b74c15a1d85da8782e3945ee9357,https://newsatcl-pctr.c.yimg.jp/t/amd-img/20260915-00000171-spnannex-000-7-view.jpg?exp=10800,2026-09-15T12:53:41+09:00,2026-09-16T04:39:42+09:00,スポニチアネックス,spnannex,スポニチアネックス,567,"ACEes
文化放送は15日、東京・浜松町の同局で定例会見を行った。ジュニアの5人組「ACEes」にとって初のレギュラーラジオとなる「レコメン！ROAD　TO　ACEes！！！！！」（金曜深夜0・00）が10月2日にスタートすることに言及した。

　同局は10月の番組改編を発表。田中博之社長は「この改編で、熱いファンの方々を持った方々にご出演いただくということを考えている。ボーイズグループに力を入れていく。特に期待しているのがACEes」とコメントした。

　7月に同局で特別番組「ROAD　TO　ACE！！！！！」に5人全員で登場し、1時間の生放送に挑戦した。田中社長は「特番を実施したときに非常に好反応をちょうだいしたことがレギュラー起用の要因」と明かした。本人たちの思いにも胸を打たれた。「ご本人たちにお会いしたときに、特番の感想をお聞きしようと思ったら、“レギュラーでやりたい”と5人全員が熱意を持っていた」とした。「デビュー前にもかかわらずアリーナツアーができている方々。できれば文化放送でレギュラーをやっているところで、彼らがメジャーデビューという良い発表をできることを望む」と期待を込めた。

　ラジオ界の“ACE”を目指していくことをコンセプトに、毎週2人が週替わりで登場。近況や活動の裏側などのトークを展開する。",[],[]
文化放送社長　相葉雅紀に感謝　9月末で「レコメン！リミックス」終了（スポニチアネックス）,https://news.yahoo.co.jp/articles/318eead48c13bd9516d1e25384d448eeaf3340e6,https://newsatcl-pctr.c.yimg.jp/t/amd-img/20260915-00000170-spnannex-000-7-view.jpg?exp=10800,2026-09-15T12:52:55+09:00,2026-09-16T04:41:44+09:00,スポニチアネックス,spnannex,スポニチアネックス,453,"相葉雅紀
文化放送は15日、東京・浜松町の同局で定例会見を行った。

　俳優の相葉雅紀がパーソナリティーを務める同局の「相葉雅紀のレコメン！リミックス」（金曜深夜0・00）が9月末で終了する。田中博之社長は「タイトルは変われども、25年間ご出演をいただいた。そのことには感謝しかない。これからもご縁があればいろんな形で番組をやっていただきたい希望がある」とした。

　番組を担当したことはないが、局内で遭遇したときのことが印象に残っているという。「エレベーターに乗ってこられた。扉が閉まったらマネジャーさんの方を振り向いて、録音した番組のことを“きょう良かったよね！”などものすごく楽しそうにお話されていた。番組について（収録が）終わった後でも事務所の方とそういうふうにお話をする、思いを持って出ていただいたんだと強く感じた。重ねて感謝しかない。これからもご縁があればご一緒したい」と相葉の姿勢に感銘を受けていた。

　嵐活動終了と近いタイミングでの終了については「たまたまタイミングがこうなった」とした。",[],[]
夏帆　結婚を発表　2026年は主演級女優の結婚ラッシュ　長澤まさみ、満島ひかり、新木優子、川口春奈（スポニチアネックス）,https://news.yahoo.co.jp/articles/56bd01a8c3f7a819989a216d04b304807352669f,https://newsatcl-pctr.c.yimg.jp/t/amd-img/20260915-00000169-spnannex-000-11-view.jpg?exp=10800,2026-09-15T12:50:42+09:00,2026-09-15T13:06:50+09:00,スポニチアネックス,spnannex,スポニチアネックス,839,"夏帆
女優の夏帆（35）が15日、自身の公式サイトを更新。結婚を発表した。お相手は映画監督・音楽家・小説家として活躍する甫木元空氏（34）。2026年は主演級の人気女優の結婚ラッシュとなっている。
【写真あり】夏帆が結婚発表！　お相手は…
夏帆は「この度、わたくし夏帆は甫木元空さんと結婚する運びとなりました」と報告。「これまでの道のりで出会い、関わってくださった皆様に深く感謝申し上げます」と感謝の言葉をつづった。

　元日には女優の長澤まさみと映画監督・福永壮志氏が結婚を発表。日本映画界を代表する女優と世界で活躍する映像作家のゴールインとして注目を集めた。

　2月には「欅坂46」元メンバーで女優の平手友梨奈が俳優の神尾楓珠と結婚を発表。人気若手俳優と元トップアイドルの組み合わせは大きな反響を呼び、電撃婚として芸能ニュースをにぎわせた。

　3月には、女優の満島ひかりとモデルの浅野啓介が結婚と第1子妊娠を発表。祝福の声が相次いだ。満島は8月に第1子出産を発表した。

　4月には、長年事実婚状態とされてきた女優の内田有紀と元俳優で自身のマネジャーを務めている柏原崇氏が正式に結婚。約20年にわたるパートナー関係を経てのゴールインに、「理想の夫婦」と祝福する声が相次いだ。

　さらに同月、女優の新木優子と俳優の中島裕翔が結婚。フジテレビドラマ「SUITS／スーツ」シリーズで共演し、「ゆとゆこ」コンビとしてファンに親しまれていた2人の結婚となった。

　6月にはフリーアナウンサーで女優の田中みな実が歌手で俳優の亀梨和也との結婚を発表。第1子を妊娠していることも明かした。ビッグカップルの誕生に大きな反響が寄せられた。

　8月には女優の川口春奈がサッカーW杯北中米大会で日本代表の主将を務めたDF板倉滉との結婚と第1子妊娠を発表。オランダ1部の名門アヤックスで活躍する板倉と、CMを国内トップの17社と契約していることから「CM女王」と呼ばれる川口の結婚となった。",[],[]
Bジェイズ　岡本33号で球団が「日本」にも敬意　メジャー「日本人最強右打者」誕生を称えSNSで紹介（スポニチアネックス）,https://news.yahoo.co.jp/articles/73fcf90a6a014af460145f6bb9560db8b61c383e,https://newsatcl-pctr.c.yimg.jp/t/amd-img/20260915-00000168-spnannex-000-9-view.jpg?exp=10800,2026-09-15T12:49:27+09:00,2026-09-16T04:02:58+09:00,スポニチアネックス,spnannex,スポニチアネックス,490,"岡本の33号を称えるブルージェイズ「X」（球団公式「X」より）
◇ア・リーグ　ブルージェイズ5-6タイガース（2026年9月14日　トロント）

　ブルージェイズは14日（日本時間15日）、本拠地でのタイガース戦に5-6で逆転で敗れた。連勝は2で止まり借金1に逆戻り。ワイルドカード争いでは、上位3チームに肉薄している。

　岡本和真内野手（30）は、「6番・三塁」で先発出場。2-4の7回2死一、二塁で一時逆転となる左越え33号3ラン放ち、4打数1安打、1本塁打、3打点。「空砲」となったが、これで打点も88とした。

　この一発で、昨季鈴木誠也（カブス）が記録した32本塁打を抜き、「日本人右打者最多本塁打」にも浮上。日本人新人&球団新人最多本塁打、さらに球団新人最多打点と数字を次々塗り替えている。

　球団公式「X」はこれまでも岡本の球団記録更新の節目に背番号7の「称賛写真」を掲載してきたが、この日は「日本人最強右打者」となったことにも敬意を表した。

　「X」は「JAPANESE-BORN　RIGHT-HANDED　HITTER」として記録を紹介。快挙を称えていた、",[],[]
ドジャース地区5連覇へ最短Vは日本時間17日に　パドレス勝利でマジック「3」（スポニチアネックス）,https://news.yahoo.co.jp/articles/71a005446dfa7ad23b535caca7ec86ec5e1f537d,https://newsatcl-pctr.c.yimg.jp/t/amd-img/20260915-00000167-spnannex-000-5-view.jpg?exp=10800,2026-09-15T12:45:15+09:00,2026-09-15T12:47:19+09:00,スポニチアネックス,spnannex,スポニチアネックス,501,"ドジャースのデーブ・ロバーツ監督
ドジャースは14日（日本時間15日）、敵地でのレッズ戦に勝利。MLB史上最長タイ記録となる14年連続でポストシーズン（PS）進出を決めた。パドレスがこの日、ロッキーズに勝利したため、ナ・リーグ西地区優勝へのマジックナンバーは1減の「3」に。地区5連覇は最短で16日（同17日）となった。
【写真あり】「ホント大谷さん好きだよねー」ゲレロが大谷翔平を発見→帽子取り深々お辞儀
ドジャースは2回にタッカー、4回にT・ヘルナンデスが本塁打を放つなど一発攻勢で4点を奪取。先発したスクバルも7回3安打無失点、毎回の9奪三振と快投し、レッズに勝利。14年連続でPS進出を決めた。

　一方、ドジャースの試合から2時間後にプレーボールとなった同地区パドレスもロッキーズに辛勝。3回までに6点を奪い試合を優位に進めていたが、ロッキーズの反撃に遭い、一時1点差に。それでも終盤に得点を重ねて振り切り、8連勝を飾った。

　ドジャース、パドレスともに勝利したため、ドジャースの地区優勝へのマジックナンバーは4から1つ減って3に。ドジャースの最短での地区優勝は16日（同17日）となった。",[],[]
菅野智之　自身5連敗で2年連続の2桁10敗目　5回8安打6失点、チームは今季ワースト泥沼の8連敗（スポニチアネックス）,https://news.yahoo.co.jp/articles/3624ac4918c5c0e80919c26c971d572ce5a5cd99,https://newsatcl-pctr.c.yimg.jp/t/amd-img/20260915-00000166-spnannex-000-8-view.jpg?exp=10800,2026-09-15T12:45:08+09:00,2026-09-16T04:02:55+09:00,スポニチアネックス,spnannex,スポニチアネックス,691,"ロッキーズ先発の菅野智之（AP）
◇ナ・リーグ　ロッキーズ7―8パドレス（2026年9月14日　デンバー）

　ロッキーズの菅野智之投手（36）が14日（日本時間15日）、本拠でのパドレス戦に先発。5回8安打6失点で降板し、自身5連敗で2年連続となる2桁10敗目を喫した。チームは今季ワーストの8連敗となった。

　7連勝中のパドレスの勢いを止めることはできなかった。菅野は初回、先頭のタティスをシンカーで右飛、続くハリスをスプリットで二ゴロに打ち取って簡単に2死を取ったが、3番・マチャドにカウント1―2から投じたカーブを捉えられ、左越えに先制ソロを被弾。マウンド上で厳しい表情を浮かべ、わずかに首をひねった。

　味方が同点に追いついた直後の2回、先頭のメリルに右前安打を許し、1死後の四球で一、二塁とピンチを広げると、クロネンワースに勝ち越しの右前打を許し、1死一、三塁からフェルミンの中犠飛で失点を重ねた。さらに2死一塁からタティスに中越えの2点弾を被弾。この回大量4点を失い、試合の主導権を握られた。

　4、5回はともに無失点で終えたが、毎回の8安打を許し、常に塁上に走者を置く苦しい投球を強いられた。先発投手としての責任投球回は投げ抜いたが、8月11日（同12日）ダイヤモンドバックス戦以来、登板6試合ぶりとなる今季13勝目はならなかった。

　この日の敗戦で8月17日（同18日）ドジャース戦から自身5連敗となった。6月2日（同3日）エンゼルス戦から7連勝を記録し、昨季を上回る12個の白星を積み重ねてきた菅野だが、シーズン最終盤に来て、苦しいマウンドが続いている。",[],[]
パドレス　勝負強さ示す今季2度目8連勝　マチャド＆タティスの豪快一発、ミラーはリーグ最多タイ37S（スポニチアネックス）,https://news.yahoo.co.jp/articles/d5476bb671d4ae950521353d6a672e3dd5a4fc7c,https://newsatcl-pctr.c.yimg.jp/t/amd-img/20260915-00000165-spnannex-000-11-view.jpg?exp=10800,2026-09-15T12:44:54+09:00,2026-09-16T04:02:52+09:00,スポニチアネックス,spnannex,スポニチアネックス,849,"2回、中越えに22号2ランを放ったパドレスのフェルナンド・タティス（AP）
◇ナ・リーグ　パドレス8―7ロッキーズ（2026年9月14日　デンバー）

　パドレスは14日（日本時間15日）、敵地で同地区のロッキーズ相手に快勝。今季2度目の8連勝で今季最多を更新する貯金14とした。ロッキーズ先発・菅野智之投手（36）を攻略し、序盤に得点を積み重ね、リードを継投で守り切った。

　打線の破壊力を見せつけた。初回2死、3番・マチャドは菅野がカウント1―2から投じたカーブを強振。左翼席に28号先制ソロを打ち込んだ。打球速度94.1マイル（約151.4キロ）、飛距離388フィート（約118.3メートル）、角度29度の放物線。チームに勢いをもたらすチームリーダーの一振りだった。

　直後に同点に追いつかれたが、すぐさま突き放す。2回1死一、二塁、クロネンワースの右前打で勝ち越すと、1死一、三塁からフェルミンの中犠飛で1点を追加。そして試合の主導権を力強く引き寄せたのは1番・タティスだった。

　カウント2―2からの92.8マイル（約149.3キロ）直球を捉えると打球は快音を残し、中堅フェンスを越える22号2ランとなった。打球速度111.1マイル（約178.8キロ）、飛距離449フィート（約136.9メートル）、角度35度の完璧な放物線だった。

　先発のマイズは毎回の8安打を浴びながらも粘りの投球で、5回2失点でリリーフ陣にバトンをつないだ。6―2の6回から登板した2番手・ハートが3失点、3番手・ロドリゲスも1点を失ったが、リードを保ったまま最終回へ。最後は絶対的守護神のミラーが1点差を守り切って、リーグ最多タイ37セーブ目を記録した。

　ワイルドカード圏内3位に位置するパドレス。8連勝でまた一歩、ポストシーズン（PS）進出へと近付いた。8連勝のうち7勝が2点差以内と、シーズン終盤戦に来て勝負強さを見せつけるパドレス。シーズン残り12試合、勢いを維持したまま秋の戦いへと突入する。",[],[]
「踊る大捜査線」に人気女優がチョイ役で出演していた　設楽統も驚き「知らなかった」（スポニチアネックス）,https://news.yahoo.co.jp/articles/2d2ca9d17cfb0cff821886a6dabe25a9e47ff787,https://newsatcl-pctr.c.yimg.jp/t/amd-img/20260915-00000164-spnannex-000-4-view.jpg?exp=10800,2026-09-15T12:39:10+09:00,2026-09-15T13:04:08+09:00,スポニチアネックス,spnannex,スポニチアネックス,446,"フジテレビ社屋
フジテレビ「ノンストップ!」（月～金曜前9・00）が15日、放送され、1997年に同局で放送されたドラマ「踊る大捜査線」が人気女優のドラマデビュー作だったことが明かされた。
【写真あり】再放送で人気女優が登場し騒然
映画「踊る大捜査線 N.E.W. メトロポリスを駆け抜けろ！」（18日公開、監督本広克行）の公開に向け、「踊る大捜査線SP」を放送。「踊る大捜査線」シリーズに過去に出演した豪華出演者を特集した。

　ドラマ「踊る大捜査線」の第5話「彼女の悲鳴が聞こえない」で俳優のきたろう演じるサラリーマンから愛人契約をもちかけられた女子高生を演じていたのが女優の小池栄子であることが明かされた。小池は当時16歳。今作でドラマデビューを果たした。目立ったセリフはないものの存在感を発揮していた。

　小池と親交のあるMCのお笑いコンビ「バナナマン」の設楽統は「知らなかったですね。小池さん出ていたんだ」と驚きつつ、「皆さんそうですけど、若かりし頃から輝いていますね」と話した。",[],[]
鳥取城北高出身の松の里が前相撲で快勝デビュー「親方の顔に泥を塗らないように精進したい」（スポニチアネックス）,https://news.yahoo.co.jp/articles/9cea60a3e3dfd9bd1569871d09b44e6679bb1825,https://newsatcl-pctr.c.yimg.jp/t/amd-img/20260915-00000163-spnannex-000-6-view.jpg?exp=10800,2026-09-15T12:39:03+09:00,2026-09-16T00:56:15+09:00,スポニチアネックス,spnannex,スポニチアネックス,498,"＜秋場所3日目＞新道（左）と前相撲に臨んだ松の里（撮影・郡司　修）
◇大相撲秋場所3日目（2026年9月15日　東京・両国国技館）

　新弟子らによる前相撲が始まり、鳥取城北高出身の松の里（19＝二所ノ関部屋）がデビュー戦を勝利で飾った。

　相手は57キロの体重で話題を集めた運動能力検査出身の新道（15＝高田川部屋）。立ち合いで懐に入られても動じることなく右から突き落とし「緊張は多少ありましたが、落ち着いて取れました」と振り返った。

　四股名は師匠・二所ノ関親方（元横綱・稀勢の里）の四股名と本名「梅太」のイメージから「松の里」に決まった。「まつのさと」と言えば、1940年代には双葉山の連勝を36で止めるなど活躍した元幕内力士の「松ノ里」がいる。「大ノ里さんの弟子で右四つで自分と取り口が似ていると聞かされました。師匠から“の里”をいただいたので、親方の顔に泥を塗らないよう、もっと稽古をして精進したい」

　高校時代は個人でのタイトルはなかったが、団体戦の大将として活躍。1メートル86、165キロの恵まれた体格は将来性十分。「2年で関取に上がれるように頑張りたい」と抱負を口にした。",[],[]
美女と野獣！糸井嘉男氏が大人気モデルとジャージー2Sにネット反響！「デコルテもかっこいい！」（スポニチアネックス）,https://news.yahoo.co.jp/articles/fc31ad4179d985245bbe700a5aac42182c23198a,https://newsatcl-pctr.c.yimg.jp/t/amd-img/20260915-00000162-spnannex-000-4-view.jpg?exp=10800,2026-09-15T12:37:47+09:00,2026-09-15T15:39:34+09:00,スポニチアネックス,spnannex,スポニチアネックス,262,"糸井嘉男氏の公式インスタグラム（@itoiyoshio_7）から
元プロ野球選手で、阪神のスペシャル・アンバサダー（SA）を務める糸井嘉男氏（45）が15日までに、自身のインスタグラムを更新。大人気モデルとの2ショットを投稿した。
【写真あり】糸井嘉男氏　チアに転身！？超人の“変身姿”にファン「可愛すぎやろ」
自身のインスタグラムでピースの絵文字をつづった。

　そして黒木メイサとのジャージー姿の2ショットを投稿した。

　ネットでは「かっこよすぎ！」「最高」「美女と野獣」「デコルテもかっこいい！」などの声があがった。",[],[]
【王座戦】広瀬章人九段　伊藤匠王座の早繰り銀に定跡通り腰掛け銀　勝てば8年ぶりタイトルに王手の第2局（スポニチアネックス）,https://news.yahoo.co.jp/articles/a49c8f4a81e75fb4c042f71384bb34bc2492e1fd,https://newsatcl-pctr.c.yimg.jp/t/amd-img/20260915-00000161-spnannex-000-5-view.jpg?exp=10800,2026-09-15T12:37:40+09:00,2026-09-15T16:27:24+09:00,スポニチアネックス,spnannex,スポニチアネックス,614,"王座戦第2局で対局した伊藤匠王座（中）と広瀬章人九段（右）＝日本将棋連盟提供
伊藤匠王座（23）＝叡王との2冠＝に広瀬章人九段（39）が挑む第74期王座戦5番勝負第2局は15日午前9時、名古屋市の名古屋マリオットアソシアホテルで始まり、戦型は先手・伊藤の角換わりへ進んだ。伊藤が右銀を3筋から進出させる早繰り銀、広瀬は6筋から活用する腰掛け銀で対抗した。
【写真あり】外観も凄い！新将棋会館が堂々完成　千駄ケ谷駅から徒歩2分　対局室8→12　特別対局室も“拡大”
17手目までは伊藤が2勝4敗で敗退した今月8、9日の王位戦第6局と同じ進行となった。後手・藤井聡太王位＝王将など6冠＝は7筋から右銀を活用する早繰り銀を採用して競り勝った。中5日で同じ先手番の伊藤は前例をたどったが、広瀬が「早繰り銀には腰掛け銀」の定跡を踏襲して手を変えた。伊藤の準備を警戒したのかも知れない。伊藤は王を7筋で手早く囲い、広瀬は中住まいに構えた。

　広瀬の先勝で迎え、伊藤が勝てば1勝1敗のタイ、広瀬なら羽生善治九段（55）のタイトル通算100期を阻止した18年度竜王戦以来8年ぶりのタイトルへ王手をかける。

　午前12時10分、39手まで進んで昼食休憩に入った。持ち時間5時間から伊藤は2時間12分、広瀬は57分消費した。昼食メニューは伊藤がみそかつ御膳（ご飯大盛り）、広瀬は三河一色産うなぎのひつまぶしとフルーツ盛り合わせ、アイスコーヒー。",[],[]
夏帆が結婚発表！お相手・甫木元空氏とは　映画監督・音楽家・小説家と多彩な才能　映画「BAUS」で共演（スポニチアネックス）,https://news.yahoo.co.jp/articles/d3a5f1b94a45ce6d0f39283029d3445d3c440245,https://newsatcl-pctr.c.yimg.jp/t/amd-img/20260915-00000160-spnannex-000-25-view.jpg?exp=10800,2026-09-15T12:35:14+09:00,2026-09-15T14:48:37+09:00,スポニチアネックス,spnannex,スポニチアネックス,950,"映画「ＢＡＵＳ　映画から船出した映画館」の舞台あいさつに登場した夏帆、甫木元空氏
俳優の夏帆（35）が15日結婚を発表した。お相手は、映画監督・音楽家・小説家として活躍する甫木元空氏（34）。夏帆は、甫木元氏がメガホンをとった映画「BAUS 映画から船出した映画館」に出演していた。
【写真あり】2026年は主演級女優の結婚ラッシュ
甫木元空（ほきもと・そら）氏は、1992年2月9日生まれ、埼玉県出身の34歳。舞台演出家の父親とピアノ講師の母親のもとで育ち、幼い頃からクリエイティブに親しんできた。多摩美術大学映像演劇学科を卒業後、現在まで映画を軸に音楽や文学などジャンルを横断した表現活動を続けている。

　大学時代に教授だった映画監督の青山真治氏の指導を受け、2016年、青山氏と仙頭武則氏の共同プロデュースによる「はるねこ」で長編映画監督デビュー。甫木元自身が監督、脚本、音楽を担当した。同作は第46回ロッテルダム国際映画祭コンペティション部門に出品されたほか、イタリアやニューヨークなど複数の映画祭にも招待された。

　映像だけでなく音楽にも活動の幅を広げ、2019年には2人組バンド「Bialystocks（ビアリストックス）」を結成。甫木元がボーカルを務め、キーボードの菊池剛と2人で活動している。映画「はるねこ」の生演奏上映をきっかけに結成された。2022年にはメジャー1stアルバム「Quicksand」を発表した。また、24年にリリースされたテレビ東京系ドラマ「RoOT/ルート」主題歌の「近頃」MVに夏帆が出演している。

　映画監督としては、2022年に「はだかのゆめ」を発表。同作は第35回東京国際映画祭のNippon Cinema Now部門に選出された。また、同作と同名の小説を2023年に発表し、小説家としても活動を始めた。

　さらに2025年には、吉祥寺の映画館「バウスシアター」を題材にした映画「BAUS 映画から船出した映画館」を監督・脚本。師と仰ぐ青山真治氏が温めていた企画を引き継いだ作品で、映画と映画館の歴史を描いた。夏帆は「BAUS」に出演していた。

　現在も映画、音楽、文学を行き来しながら活動。一つの肩書に収まらない表現者として注目を集めている。",[],[]
19歳の人気女子レスラー“美脚”ショーパン姿！夏休み思い出ショットにファンくぎづけ！「美しすぎる」（スポニチアネックス）,https://news.yahoo.co.jp/articles/43391f9598993acd3be88f901742a7ff0347fbdd,https://newsatcl-pctr.c.yimg.jp/t/amd-img/20260915-00000159-spnannex-000-3-view.jpg?exp=10800,2026-09-15T12:34:05+09:00,2026-09-15T12:36:52+09:00,スポニチアネックス,spnannex,スポニチアネックス,259,"妃南のインスタグラム（＠hina_stardom）から
「スターダム」で活躍する人気女子プロレスラーの妃南（19）が15日までに自身のインスタグラムを更新。夏休みの思い出ショットを投稿した。

　自身のインスタグラムで「夏休みの写真」と題してつづり始めた。

　「恐竜のたまごとわたし」とTシャツ＆ショーパン記念ショットを投稿した。

　そして「試着すると買っちゃう」とサングラス着用のセットアップ姿の自撮りショットも公開した。

　ネットでは「大人っぽくて素敵」「めちゃくちゃ美人」「美しすぎる」などの声があがった。",[],[]
武田鉄矢が激白　「大嫌い」普段からキツく当たっていた金八生徒とは　本人も証言「話しかけんな！って」（スポニチアネックス）,https://news.yahoo.co.jp/articles/6ed3bf5723ac6e0427036ffa08e7ee4272ec53d5,https://newsatcl-pctr.c.yimg.jp/t/amd-img/20260915-00000158-spnannex-000-5-view.jpg?exp=10800,2026-09-15T12:33:22+09:00,2026-09-15T12:52:21+09:00,スポニチアネックス,spnannex,スポニチアネックス,459,"武田鉄矢
俳優の武田鉄矢（77）が、14日放送の日本テレビ系「しゃべくり007」（月曜後9・00）にサプライズゲストとして出演し、「3年B組金八先生」共演者とのエピソードを明かした。
【写真あり】3年B組同窓会！豪華集合ショット
「金八先生」は1979年に放送スタート。武田演じる中学校教諭の坂本金八が、問題や悩みを抱えた思春期の生徒たちを、愛情たっぷりの指導で自立させていく学園ドラマの金字塔。この日は金八の娘・乙女役を演じた星野真里のため、B組生徒を演じた佐々木卓馬、岡あゆみらとともにサプライズで登場した。

　生徒に対して「役をやらせるために、その役の接し方で接する」と心がけていたという武田。娘・乙女に恋をしている杉山修一役を演じた佐々木について「修一には当たりまくって。乙女にほれてるから大嫌いな生徒ということで、普段から“触るな！”って」と打ち明け、スタジオを爆笑させた。

　MCの上田晋也に「そんな厳しくやられてた？」と聞かれた佐々木は「そうですよ。“話しかけんな！”って」と証言。再び笑いを誘った。",[],[]
【アジア大会】サッカー男子U23タイ指揮官「最高のパフォーマンスを発揮したい」　23日に日本と対戦（スポニチアネックス）,https://news.yahoo.co.jp/articles/2ceedf4eefc4c02664c0aaec3259aa9a28d5908e,https://newsatcl-pctr.c.yimg.jp/t/amd-img/20260915-00000157-spnannex-000-7-view.jpg?exp=10800,2026-09-15T12:33:16+09:00,2026-09-15T13:01:56+09:00,スポニチアネックス,spnannex,スポニチアネックス,285,"＜愛知・名古屋アジア大会サッカー男子＞公式会見に出席したU―23タイ代表のタワチャイ監督
愛知・名古屋アジア大会のサッカー男子は15日、豊田スタジアムで1次リーグA組の公式会見が行われた。

　U―23タイ代表はタワチャイ・ダムロンオントラクン監督が登壇し「この大会では、可能な限り勝ち進むことを目指し、どの対戦相手に対してもチームの最高のパフォーマンスを発揮したい」と意気込んだ。

　23日には1次リーグ最終第3戦でU―23日本代表と対戦する。指揮官は「日本は間違いなく素晴らしいチーム。そのような強豪と対戦できることは私たちにとって絶好の機会となる」と待ち望んだ。",[],[]
Wソックス　首位攻防初戦快勝で歴史的「18球」四球　指揮官MVP指名ピータースは「ヘトヘトだった」（スポニチアネックス）,https://news.yahoo.co.jp/articles/42e7fb7ff93d9c14f5543cc5d89ed827d59dcd74,https://newsatcl-pctr.c.yimg.jp/t/amd-img/20260915-00000156-spnannex-000-9-view.jpg?exp=10800,2026-09-15T12:32:01+09:00,2026-09-16T04:03:57+09:00,スポニチアネックス,spnannex,スポニチアネックス,879,"18球の粘りで四球をつかんだホワイトソックス・ピータース（AP）
◇ア・リーグ　ホワイトソックス7-3ガーディアンズ（2026年9月14日　クリーブランド）

　ア・リーグ中地区首位のホワイトソックスは14日（日本時間15日）、同地区2位で0．5ゲーム差に迫るガーディアンズとの敵地「首位攻防3連戦」初戦に7-3で快勝した。

　これでゲーム差を1．5に広げ、ガーディアンスとの今季通算成績を7勝4敗とし勝ち越しを決めた。直接対決の勝ち越しは、プレーオフ争いで両軍が争った時に「優先権」を持つ大きなアドバテージとなる。ベナブル監督は「まずは初戦が取れてよかった」と笑顔を見せた。

　

　0-0の6回にバルガスの31号左越え2ランなど5本の長短打などで、大量6得点。一気に試合を決めた。そして、指揮官はこの試合の「MVP」に、6得点に絡む四球で出塁した「6番・中堅」のピータースの名を挙げた。

　まだ0-0だったこの回無死一塁で、「18球」粘って四球をつかんだ。相手先発ウイリアムズ相手に初球ボールの後は、2ストライクを奪われ3球で追い込まれたが、その後ファウル12本と驚異的な粘りを見せて18球目にボールを選んで出塁した。

　試合を放送した地元放送局「CHSN」は、この打席に注目。試合後には「74年以降では球団では相手に最多の投球を投げさせた」と歴史的打席だったことを紹介した。ピータースは、さらにその後も好走塁を披露し本塁に生還。大量得点に一役かった。

　指揮官は「途中で（ピータースの打席の）投球数を数えるのを止めた」と苦笑い。だが「あらゆる球種を見極め、ファウルで粘った。これが我々のチームの強みだ」と本人以上に胸を張った。

　ピータースも試合後に取材対応。「正直ヘトヘトだったよ。8球目くらいに〝これは結構長くなるな〟と思った。そこからは気力で打席に立っていた。とにかく〝ファイトモード〟に入っていたよ」と声を弾ませた。

　指揮官も絶賛した「18球」。試合に貢献する形は、快投、快打だけではないことを証明するピータースの打席となった。",[],[]
夏帆　結婚を発表「より一層創作活動に励んでまいります」　お相手は映画監督・甫木元空氏（スポニチアネックス）,https://news.yahoo.co.jp/articles/beefa5c368d2408f244b6e1e198f28d2bfe3f978,https://newsatcl-pctr.c.yimg.jp/t/amd-img/20260915-00000155-spnannex-000-22-view.jpg?exp=10800,2026-09-15T12:31:54+09:00,2026-09-15T14:00:13+09:00,スポニチアネックス,spnannex,スポニチアネックス,554,"夏帆
女優の夏帆（35）が15日、自身の公式サイトを更新。結婚を発表した。お相手は映画監督・音楽家・小説家として活躍する甫木元空氏（34）。夏帆は、甫木元氏がメガホンをとった映画「BAUS 映画から船出した映画館」に出演していた。
【写真あり】お相手・甫木元空氏とは…
「皆様へ　この度、わたくし夏帆は甫木元空さんと結婚する運びとなりました」と報告。「これまでの道のりで出会い、関わってくださった皆様に深く感謝申し上げます」と感謝の言葉をつづった。

　「これからは家族としてお互いの健康を第一に考え、一つ一つのご縁を大切にしながら、より一層創作活動に励んでまいります」と決意を新たにし、「皆様には温かく見守っていただけますよう、今後ともよろしくお願い申し上げます」と呼びかけた。文章の最後に直筆の名前を添えた。

　夏帆は1991年6月30日生まれ、東京都出身の35歳。小学5年生の時にスカウトされ芸能界入り。若手女優の登竜門として知られる「三井のリハウス」11代目リハウスガールに選ばれた。07年の映画「天然コケッコー」で初主演し、数々の新人賞を受賞。映画「海街diary」、フジテレビ「silent」、TBS「じゃあ、あんたが作ってみろよ」、TBS「Tシャツが乾くまで」など数々の話題作に出演している。",[],[]
ギタリスト・三原綱木さん死去　80歳　「ジャッキー吉川とブルー・コメッツ」（スポニチアネックス）,https://news.yahoo.co.jp/articles/6814e59c432df402814d72d531c831638c24aab7,https://newsatcl-pctr.c.yimg.jp/t/amd-img/20260915-00000154-spnannex-000-3-view.jpg?exp=10800,2026-09-15T12:30:00+09:00,2026-09-15T12:31:24+09:00,スポニチアネックス,spnannex,スポニチアネックス,321,"三原綱木さん死去
ギタリストの三原綱木（みはら・つなき）さんが死去したことが分かった。80歳だった。関係者が認めた。

　1945年11月3日生まれ。小学校4年からクラシックギターを習う。高校1年からジャズギターを勉強した。64年にバンド「ジャッキー吉川とブルー・コメッツ」に加入。ブルコメは、「青い渚」「ブルー・シャトウ」などで一世を風靡（ふうび）し、67年には美空ひばりさんの希望で「真赤な太陽」のレコーディングに参加した。グループ脱退後は76年から8年間、郷ひろみバンドのリーダーを務め、86年からは「三原綱木とザ・ニューブリード」のバンドマスターを務めた。「NHK歌謡コンサート」、「NHK紅白歌合戦」などで指揮やアレンジを担当した。",[],[]
【女子ゴルフ】神谷桃歌がTDIとスポンサー契約（スポニチアネックス）,https://news.yahoo.co.jp/articles/3296b785d26398b515f4e9817398933d54f75adf,https://newsatcl-pctr.c.yimg.jp/t/amd-img/20260915-00000153-spnannex-000-4-view.jpg?exp=10800,2026-09-15T12:28:45+09:00,2026-09-16T00:56:13+09:00,スポニチアネックス,spnannex,スポニチアネックス,377,"神谷桃歌（提供写真）
女子ゴルフの神谷桃歌（20＝伊藤園）は、ソフトウエア開発などを手掛けるTDI株式会社（本社・東京）とスポンサー契約を締結した。15日に同社から発表された。

　神谷は愛知県高浜市出身でプロ2年目の現役女子大学生（中京大在学中）。学業とゴルフを両立しながら初シード入りとツアー初優勝を目指している。地元愛知で18日から開催される住友生命レディース東海クラシックからウエアの右胸に同社のロゴを掲出する。

　神谷は「TDI様は、思いやりや誠実さ、志、情熱、粘り強さといった“心”を大切にされています。私も思いやりと誠実さを忘れず、ゴルフへの志と情熱を持って、粘り強く挑戦し続けたいと思います。これから、TDI様が大切にされている“心”を胸に1打1打に思いを込め、初優勝を目指して頑張ります。応援よろしくお願いいたします」とコメントした。",[],[]
中山功太「この人は凄い」思わず感動した言葉とは　共演者はかつての売れ方回想「エリートやった」（スポニチアネックス）,https://news.yahoo.co.jp/articles/0140d63275aad065273053d308721e5da5be34de,https://newsatcl-pctr.c.yimg.jp/t/amd-img/20260915-00000151-spnannex-000-5-view.jpg?exp=10800,2026-09-15T12:22:48+09:00,2026-09-15T12:29:44+09:00,スポニチアネックス,spnannex,スポニチアネックス,905,"中山功太
お笑いタレントの中山功太（46）が14日深夜放送のテレビ朝日「耳の穴かっぽじって聞け！」（月曜深夜1・55）にゲスト出演。自身がグッときたお笑い芸人の言葉を明かした。
【写真あり】中山功太の近影にファンがザワついたワケ
同番組で開催された「真夏の毒出しノートSP　in　サマフェス」に、MCの「とろサーモン」久保田かずのぶ、「ウエストランド」井口浩之に加え、「モグライダー」ともしげ、お見送り芸人しんいち、中山功太が登場。2009年にひとり芸日本一決定戦「R-1グランプリ」王者となった中山のかつての売れ方について、久保田は「エリートやった」と切り出した。

　「同期がいっぱいいるんですけど、南海キャンディーズとかキングコングとか。でも飛び抜けてた、頭一つぐらい」と回想。「単独（ライブ）をやればチケット即完。R-1で優勝した時にまさかのNHKの朝の帯（番組）。月から金まで。考えられない」と振り返った。

　これに自身も2022年に同グランプリで優勝したしんいちは「ずっとカッコイイと思ってて」と告白。この日、中山が披露したメッセージ「すべてのピン芸人を志す後輩に言いたい。エンタ芸人ぐらいキャラをつけたほうが早い」との一文に触れ、「この文に僕はシビれた。確かに早いかもしれないですけど、そこからの地肩も求められるよっていうのも全部入ってる。“それだけじゃダメだよ”って、功太さんは言いたいのかなって」と推測した。

　すると中山は、ネット記事で見たというお笑い芸人・ひょっこりはんの言葉を引用。「ピン芸人っていうのは、自分がピンになった瞬間に商品なんで、どう売れるかを考えた」と紹介し、「僕は全然そういう考えがなかったから、この人は凄いわと思って」と打ち明けた。

　しかし久保田から「どういうキャラクターをつけたほうが…」と今後の方向性を聞かれると、中山は「振り切って“ハゲおじさん”とか」とポロリ。「それぐらいバカバカしいほうがいいと思う」とぶっちゃけた。「しんいちから中山君に、今足りないのは？」と話を振られたしんいちは、「言っていいこととアカンことのライン」と助言し、笑いを誘っていた。",[],[]
ヤンキース3年連続PS進出決定！ジャッジ復帰後初HR！首位レイズと3・5G差で来週には直接対決4連戦（スポニチアネックス）,https://news.yahoo.co.jp/articles/143e9fc9bfa119fcbd4b34575bf636a97dd397b8,https://newsatcl-pctr.c.yimg.jp/t/amd-img/20260915-00000150-spnannex-000-9-view.jpg?exp=10800,2026-09-15T12:20:05+09:00,2026-09-15T12:27:11+09:00,スポニチアネックス,spnannex,スポニチアネックス,633,"ツインズ戦の8回に復帰後初アーチとなる3ランを放ち笑顔のヤンキース・ジャッジ（AP）
◇ア・リーグ　ヤンキース8－3ツインズ（2026年9月14日　ミネアポリス）

　ヤンキースは14日（日本時間15日）、敵地でのツインズ戦に逆転勝利。主砲のアーロン・ジャッジ外野手（34）が右肋骨の疲労骨折から復帰後、初本塁打を放つなど、打線が奮起して連勝を飾り、3年連続となるポストシーズン（PS）進出を決めた。
【写真あり】身長168cmの女性アナ、佐々木朗希との2ショットが反響「身長差がお似合い」「美男美女」
1－2の8回、カバジェロ、ライスの適時打で4－2と逆転し、なおも1死一、二塁で迎えた第4打席で相手6番手のAJ・ミンターの高めカットボールを捉えて、左翼席中段まで運ぶ飛距離415フィート（約126・4メートル）の特大18号3ランを放った。

　右肋骨の疲労骨折で6月上旬から負傷者リスト（IL）入りしていたジャッジは今月8日（同9日）のロッキーズ戦で3カ月ぶりに戦列復帰。この一発が復帰後、6試合、22打席目で待望の初アーチとなった。復帰後は22打席で11三振と本調子ではなかったが、ようやく主砲に大きな当たりが飛び出し、ベンチでナインもお祭り騒ぎとなった。

　チームは8回に一挙6得点でツインズに逆転勝ち。ア・リーグ東地区首位を走るレイズとのゲーム差を3・5に縮めた。22日（同23日）からは本拠で直接対決4連戦が控えているだけにまだ諦めるわけにはいかない。",[],[]
お見送り芸人しんいち　モグライダーともしげの“本性”を暴露！？本人の持論は「ピエロこそ芸人」（スポニチアネックス）,https://news.yahoo.co.jp/articles/55f223e3f9fbf97136dc8bd5afdf514836a71ebd,https://newsatcl-pctr.c.yimg.jp/t/amd-img/20260915-00000149-spnannex-000-5-view.jpg?exp=10800,2026-09-15T12:15:16+09:00,2026-09-15T12:19:50+09:00,スポニチアネックス,spnannex,スポニチアネックス,896,"お見送り芸人しんいち
お笑いタレント・お見送り芸人しんいち（41）が14日深夜放送のテレビ朝日「耳の穴かっぽじって聞け！」（月曜深夜1・55）にゲスト出演。人気芸人の“本性”を暴露した。
【写真あり】妻との出会いは「ディーレクトメッセージで」
同番組で開催された「真夏の毒出しノートSP　in　サマフェス」に、MCの「とろサーモン」久保田かずのぶ、「ウエストランド」井口浩之に加え、「モグライダー」ともしげ、お見送り芸人しんいち、中山功太が登場。自身が思う芸人像について、ともしげは「ピエロこそ芸人だと思うんで、ちょっと見下されてたほうが得することが多いんじゃないかな」と打ち明けた。

　共演者からは「でも後輩にバカにされたらブチ切れるんでしょ？」とツッコまれたが、ともしげは「最近どうしてもネットで判断するというか」と、世間からの見られ方にも不満がある様子。「水ダウとか出たとしても、ネットでバズったやつしか本編を見に来てくれない。炎上したから、炎上してるってことは面白そうって見に来る」と嘆いた。

　そしてネットニュースについても「間違ってる記事もある。ネットに支配されすぎなんじゃないか」というともしげだったが、久保田は「でもそういう話、凄い好きやん」と苦笑い。「飲み会でも人が炎上した話とか、場外乱闘の話が好きなクセに、カメラが回ったらプロレスのリングの話をすんのか」と笑わせた。

　これを受けてしんいちは、世の中の声に対し「“踊ったれ！”って思ってる」とぶっちゃけ。ともしげの言い分も認めつつ「踊ったほうが楽かなと思ってる」といい、「久保田さんとともしげさんと、1年ぐらい前に焼肉に行った」と切り出した。

　当時のともしげの振る舞いを「人の悪口というかウワサ話とか、“あれ、ダメだよね”ってポンと置いて、俺らに話をさせる」と回想。「悪口だけ聞きたいみたいなことをやりよる」といい、その結果食事はおろそかになってしまったようで「ほんでお肉真っ黒！それぐらいあなたはネット記事とか好きやん」と笑いを誘うと、一連の指摘に「そう言われたらそう」と肯定していたともしげは苦笑いだった。",[],[]
お見送り芸人しんいち　後輩芸人への“パワハラ”激白　理由釈明「順番がある」「経済の流れが見えてない」（スポニチアネックス）,https://news.yahoo.co.jp/articles/f595c82f466ed133e3563679ad5b9c133db84834,https://newsatcl-pctr.c.yimg.jp/t/amd-img/20260915-00000148-spnannex-000-4-view.jpg?exp=10800,2026-09-15T12:10:28+09:00,2026-09-15T12:13:05+09:00,スポニチアネックス,spnannex,スポニチアネックス,771,"お見送り芸人しんいち
お笑いタレント・お見送り芸人しんいち（41）が14日深夜放送のテレビ朝日「耳の穴かっぽじって聞け！」（月曜深夜1・55）にゲスト出演。所属事務所の後輩芸人への不満をぶちまけた。
【写真あり】「伊達さんに会えたー！！」事務所の“ボス”との1枚
同番組で開催された「真夏の毒出しノートSP　in　サマフェス」に、MCの「とろサーモン」久保田かずのぶ、「ウエストランド」井口浩之に加え、「モグライダー」ともしげ、お見送り芸人しんいち、中山功太が登場した。

　その中で、事務所の後輩芸人に対する不満をぶちまけたしんいちは「うちの事務所で言うたら、サンドウィッチマンが一番上」と切り出した。

　そして「サンドウィッチマンに簡単にしゃべれるような距離感ちゃうぞ、とか」といい、「なんで（自分との）この間をすっ飛ばして、サンドさんとしゃべってるねん、“もっと緊張せえ”っていうのが凄いある」とぶっちゃけ。「ハッキリ言いますけど、事務所でめっちゃパワハラしてるんですよ、後輩たちに」と告白。共演者からは笑いが起こった。

　さらに「俺は後輩たちにめっちゃパワハラしてます」と強調したしんいちは「稽古場がある。サンドさんのおかげで潤ってきた。その稽古場を8時間とか平気で押さえる（芸歴）2年目とか3年目がおる」と説明。「お前ら、（事務所に）金を落としてないのに稽古場を使うな」と嘆いた。

　その上で「俺は順番があると思ってる。タイタンとかで言うたら、爆笑（問題）さんがいて、M-1チャンピオンになったウエストランドがお金を落としてる。この経済の流れが見えてない後輩がいる」との指摘に、井口も共感。「吉本の若手も、当たり前のように劇場に来てネタをやって、“ダリぃな”とか言うけど、先輩方がずっとやってきたから劇場がある」と語っていた。",[],[]
T・ヘルナンデス「戦い続けるだけ」14年連続PS進出の一方で大谷ら欠く“野戦病院化”に「準備」強調（スポニチアネックス）,https://news.yahoo.co.jp/articles/16160d43159c2cb5167760394060ed1fabe22993,https://newsatcl-pctr.c.yimg.jp/t/amd-img/20260915-00000147-spnannex-000-4-view.jpg?exp=10800,2026-09-15T12:08:47+09:00,2026-09-15T12:14:08+09:00,スポニチアネックス,spnannex,スポニチアネックス,1280,"レッズ戦の4回に2ランを放ってポーズを決めるドジャースのT・ヘルナンデス（ロイター）
◇ナ・リーグ　ドジャース4ー1レッズ（2026年9月14日　シンシナティ）

　ドジャースのテオスカー・ヘルナンデス外野手（33）が14日（日本時間15日）、敵地でのレッズ戦に「5番・左翼」で先発出場。14号2ランを放ち、チームの14年連続ポストシーズン（PS）進出に貢献した。
【写真あり】「ホント大谷さん好きだよねー」ゲレロが大谷翔平を発見→帽子取り深々お辞儀
1－0の4回2死一塁、それまでタッカーのソロによる1安打のみに抑えられていた相手先発左腕・ロドロの初球、内寄りの直球を狙い澄ますと、打球は逆方向の右中間席へ一直線。リードを広げる14号2ランで試合を優位に進めた。

　7回の第3打席も先頭で四球を選ぶと、2死二塁からE・ヘルナンデスの中前適時打で生還。貴重な4点目のホームを踏んだ。9月の月間打率は・405と絶好調でPSに向けて明るい話題を届けている。

　T・ヘルナンデスの一発もあり、チームはレッズに勝利。14年連続でPS進出を決め「ポストシーズンに戻ることは、すべてのチーム、すべての選手が望んでいること。このチームは14年続けてポストシーズンに進んでいるけど、それは簡単なことではない。選手、コーチ、周りのすべての人たち、いろいろなものがあって成し遂げられる。今この位置にいることは大切だけど、シーズンの最後に達成したいことに集中し続けないといけない」と“第1関門”突破を喜びつつも最終目標のワールドシリーズ3連覇へ気を引き締め直した。

　PS進出を決めた一方で野手陣では大谷をはじめパヘスが負傷者リスト（IL）に入っており、フリーマンも右膝痛でこの日の試合はスタメンから外れた。それでも「年齢の高いチームだから、シーズンを通してこういうことが起きるのは分かっている。だから準備しておかないといけないし、チームはそれに対応する準備ができていた」と主力に30代が多いからこそ、球団が対策を取っていたと称賛した。

　ただ、ロバーツ監督はこの日の試合後、「まだベストの野球ができていない」とチームとして「完全体」でないことを強調。T・ヘルナンデス自身も「自分たちができると分かっている野球を、まだできていないと思う。誰かがケガをして、戻ってきたら別の選手がケガをする。今季はまだ、全員が健康な状態でそろって、自分たちができるプレーをできた時期がないと思う」と認め、その上で「でも、それも野球。いろいろなことが起きる。今季も昨季も、苦しい時にやってきたように、お互いを支え合っていかないといけない」と補い、支え合うのがチームと主張した。

　仮にPSでもケガ人がいる状況になっても「その時が来て、もしそういう状況なら、戦い続けるだけ。出場できる選手はベストを尽くすし、もしケガを抱えている選手がいたとしても、できる限りフィールドに立ってチームと一緒に戦い、ベストを尽くそうとすると思う。そうやって、もう一度チャンピオンになるために戦う」と覚悟を口にした。",[],[]
ウエストランド井口　人気芸人がR-1優勝後に売れたワケ「全芸人の中で一番ある」“能力”とは（スポニチアネックス）,https://news.yahoo.co.jp/articles/204dc8de291cccc0e4e714718cf0e0792b9be419,https://newsatcl-pctr.c.yimg.jp/t/amd-img/20260915-00000146-spnannex-000-5-view.jpg?exp=10800,2026-09-15T12:07:26+09:00,2026-09-15T12:15:42+09:00,スポニチアネックス,spnannex,スポニチアネックス,644,"「ウエストランド」井口浩之
お笑いコンビ「ウエストランド」の井口浩之（43）が14日深夜放送のテレビ朝日「耳の穴かっぽじって聞け！」（月曜深夜1・55）に出演。ひとり芸日本一決定戦「R－1グランプリ」王者となった人気芸人の“才能”を絶賛した。
【写真あり】サスガ！人気芸人の愛車は「スターが乗る車」
同番組で開催された「真夏の毒出しノートSP　in　サマフェス」に、MCの「とろサーモン」久保田かずのぶ、井口に加え、「モグライダー」ともしげ、お見送り芸人しんいち、中山功太が登場。「R-1グランプリ」優勝後の売れ方の話題になると、しんいちに対し、中山は「R-1で、キャラクターとかじゃなくて優勝して売れたのはこの人だけやと思う」と指摘した。

　そして「（ハリウッド）ザコシショウさんもむちゃくちゃ面白いですけど、キャラクターが強い。“ただの男”でテレビでこれだけ売れるのはマジで凄い」と感心したが、しんいちの芸風について井口は「しんいちは“1ページ目”を忠実にやり続けて」といい、「どう考えてもセンスは功太さんのほうがあって、でも（しんいちは）1ページ目をやる能力が全芸人の中で一番あるんだと思う」と感心した。

　するとしんいちは漫画に例え、「でもジャンプでもマガジンでも1ページ目が一番大事やと思ってるから、1ページ目をめっちゃやってる」と告白。中山が「お前の第1話だけで言うたら、ワンピースよりもオモロイもんな」と絶賛すると、しんいちは「褒められてるんかな、これ」と苦笑いだった。",[],[]
フジ「119エマージェンシーコール」公式が中村ゆりさん追悼「いまだ信じられない思いでおります」（スポニチアネックス）,https://news.yahoo.co.jp/articles/ba0826e877826d2449e3383e4d1efc03ef72485a,https://newsatcl-pctr.c.yimg.jp/t/amd-img/20260915-00000145-spnannex-000-3-view.jpg?exp=10800,2026-09-15T12:06:16+09:00,2026-09-15T12:10:17+09:00,スポニチアネックス,spnannex,スポニチアネックス,670,"中村ゆりさん
フジテレビ「119エマージェンシーコール」の公式Xが15日までに更新され、44歳の若さで死去した女優の中村ゆりさんを追悼した。

　同作は2025年1月クールに“月9”ドラマとして放送され、中村さんは横浜市消防局司令課3係の係長を演じた。ドイツの国際映像祭「ワールド・メディア・フェスティバル2026」で金賞を受賞するなど評価を得た。同作は今年1月にも「119エマージェンシーコール 2026新春SP-横浜BLACKOUT」としてスペシャルドラマが放送された。

　「中村ゆりさんの訃報に接し、いまだ信じられない思いでおります」と投稿。「撮影現場ではいつも司令課3係の真ん中にいて、仲間たちを温かく、力強く、笑顔で支えてくださいました」と感謝した。

　「ともにこの作品をつくることができた時間を、スタッフ・キャスト一同、決して忘れません。心よりご冥福をお祈り申し上げます」と追悼した。

　中村さんの所属事務所は14日に中村さんが直腸がんのため死去したことを公表。多くのドラマや映画に引っ張りだこの名バイプレーヤーだった。

　事務所によると夏前まで仕事をしており、10月放送の「鬼平犯科帳」シリーズの最新作にも出演する予定。他に未発表の作品もあるという。ただ撮影を終えた今年7月、来年1月に出演予定だったNHK「デンジャラス」を腸閉塞のため降板した。そのまま入院し8月には余命宣告も受けた。晩年について事務所は「美しく優しさにあふれた笑顔を絶やさず、ご家族や近しい方々と共に最後の時を大切に過ごすことができました」とした。",[],[]
豊ノ島「横綱と同じ101でした！笑」　豪華ゴルフコンペS！「素敵2ショット」「ゲッツ！」の声（スポニチアネックス）,https://news.yahoo.co.jp/articles/96a4f9d5a162ce1ca99dc5f3270f519e71466720,https://newsatcl-pctr.c.yimg.jp/t/amd-img/20260915-00000144-spnannex-000-7-view.jpg?exp=10800,2026-09-15T12:05:07+09:00,2026-09-16T04:46:51+09:00,スポニチアネックス,spnannex,スポニチアネックス,375,"豊ノ島のインスタグラム（@toyonoshima_daik）から
大相撲の元関脇でタレントの豊ノ島（42）が15日までに自身のインスタグラムを更新。元プロ野球選手のゴルフコンペに出席した様子を投稿した。

　自身のインスタグラムでは「ラミレスさん主催のゴルフコンペ」と題してつづり始めた。

　「第二回GOLDEN LEGACYに参加してきました！」とヤクルト、巨人などで通算2017安打を記録し、23年に野球殿堂入りも果たしたアレックス・ラミレス氏との2ショットを投稿。

　そして「久しぶりに白鵬さんにも会って少し話もできました！」と元横綱・白鵬翔氏と2ショットも公開した。

　最後に「ちなみにスコアは横綱と同じ101でした！笑」と締めた。

　ネットでは「素敵2ショット」「癒されます」「ゲッツ！ラミちゃん！お元気そう！」などの声があがった。",[],[]
Bジェイズ指揮官　7戦5発33号&88打点の岡本を大絶賛　「本当に見事。期待を上まわり不可欠な存在」（スポニチアネックス）,https://news.yahoo.co.jp/articles/f3b71a9b1598eb60a3c57768e50a5b4a68f4b4b3,https://newsatcl-pctr.c.yimg.jp/t/amd-img/20260915-00000143-spnannex-000-9-view.jpg?exp=10800,2026-09-15T12:05:00+09:00,2026-09-16T04:04:02+09:00,スポニチアネックス,spnannex,スポニチアネックス,563,"33号を放つブルージェイズ・岡本（ロイター）
◇ア・リーグ　ブルージェイズ5-6タイガース（2026年9月14日　トロント）

　ブルージェイズは14日（日本時間15日）、本拠地でのタイガース戦に5-6で逆転で敗れた。連勝は2で止まり借金1に逆戻り。それでもワイルドカード争いでは、上位3チームに肉薄している。

　岡本和真内野手（30）は、「6番・三塁」で先発出場。2-4の7回2死一、二塁で一時逆転となる左越え33号3ラン放ち、4打数1安打、1本塁打、3打点。「空砲」となったが、これで打点も88とした。

　この一発で、昨季鈴木誠也（カブス）が記録した32本塁打を抜き、「日本人右打者最多本塁打」にも浮上。日本人新人&球団新人最多本塁打、さらに球団新人最多打点と数字を次々塗り替えている。

　痛恨の敗戦となったが、試合後にシュナイダー監督はここ7戦5発の岡本を大絶賛。「素晴らしい活躍を見せている。彼は今、非常に良いリズムに乗り勢いをもたらしてくれる存在。打撃面での期待を大きく上まわる結果を残し、チームにとって不欠可な存在となっている。本当に見事だ」と賛辞が止まらなかった。

　そして「契約したときから30本は打てると思っていたが、私の予想よりは、8本塁打、18打点ほど多い」と冗談めかして、その存在感を強調した。",[],[]
TBS火曜ドラマ「君の好きは無敵」ついに最終回　松本若菜＆佐野勇斗らクランクアップ「みんな好き！」（スポニチアネックス）,https://news.yahoo.co.jp/articles/604fe97808f1c64c74839177cd5267afd01ee849,https://newsatcl-pctr.c.yimg.jp/t/amd-img/20260915-00000104-spnannex-000-4-view.jpg?exp=10800,2026-09-15T12:00:00+09:00,2026-09-16T04:52:54+09:00,スポニチアネックス,spnannex,スポニチアネックス,1863,"火曜ドラマ「君の好きは無敵」約4カ月に渡る撮影を無事にオールアップした主演・松本若菜と佐野勇斗（C）TBS
TBS火曜ドラマ「君の好きは無敵」が、きょう15日に最終回を迎える。最終回の放送を目前に、主演を務めた女優・松本若菜と初共演した佐野勇斗らキャスト陣が次々とオールアップ。約4カ月にわたる撮影を無事に締めくくり、2人は和気あいあいとした現場に「感謝」とコメントを寄せた。

　同作はキャラクタービジネス業界を舞台に、「かわいい」も「好き」もよくわからない元コンサル・草壁杏奈（松本若菜）と、偏屈変人で訳ありなキャラクターデザイナー・瀬尾深月（佐野勇斗）が、たった2人で世界的大人気キャラクターの誕生を目指す姿を描く“かわいい”と“好き”があふれるポジティブ＆パワフルラブコメディー。

　最後のカットを撮り終えると、現場からは大きな拍手が起こった。

　主演を務めた松本は、「スタッフ・キャスト一丸となり走り抜け、大変なこともありましたけど居心地のいい空間を作っていただき感謝しきれません」と、座長として作品を走り抜けた心境を明かした。さらに、「4カ月間で皆さんと過ごした日々はまた1つ私の宝物になりました」と共演者やスタッフへの感謝を述べると、笑顔でオールアップを迎えた。

　瀬尾深月を演じた佐野は「最後に一言言わせていただきます。みんな好き！」と最後には名残惜しさをにじませながらも晴れやかな表情を見せ、笑顔でオールアップした。

　本編では、何かとぶつかり合いながらも、互いに刺激を与え合う“ちぐはぐコンビ”を演じた松本と佐野。しかし撮影現場では、息の合った掛け合いでたびたび笑いを巻き起こし、和気あいあいとした空気で共演者やスタッフを笑顔にしてきた。

　シリアスなシーンからコミカルなシーンまで、幅広い表情を見せながら杏奈と瀬尾の物語を紡いできた2人。クランクアップ当日も、最後の最後まで笑いの絶えない明るい現場となった。

　最後のカットを撮り終えると、2人は互いに笑顔を見せ、約4カ月にわたって“杏奈と瀬尾”として走り続けた物語に、大きな一区切りをつけた。

＜草壁杏奈役　松本若菜　コメント全文＞

　皆さん4カ月間お疲れ様でした。この暑い中皆さんと走り抜けて、大変な日もありましたが、今思い返してみるといつもスタッフとキャストの皆さんに笑わせてもらって。居心地のいい空間を作ってくださった皆さんには本当に感謝してもしきれないです。先ほど、最後のシーンを撮影していて、“好き”なものや人に出会うことはそれこそ“無敵”になったり、ものすごいパワーを持っているんだなと思いました。そういう“好き”を皆さんと作り上げることができて本当に楽しかったです。この4カ月間、皆さんと過ごした日々はまた1つ私の宝物になりました。またどこかでお会いできたらうれしいです。ありがとうございました。

＜瀬尾深月役　佐野勇斗　コメント全文＞

　まずは4カ月間ありがとうございました。顔合わせ・本読みの時に岩崎プロデューサーがおっしゃった「この組は“好き”と“かわいい”であふれる現場にしたい。みんなでたくさん言っていきましょう！」という言葉をすごく覚えていて。皆さん言いましたか！？僕はちょっと恥ずかしくてあまり言えなかったです…。でもみんなのいいところをたくさん見つけられて、すごく思い入れのある作品になりました。最後に一言言わせていただきます。みんな好き！

■最終回あらすじ

　杏奈（松本）が去ったデザイン瀬尾。瀬尾（佐野）は杏奈への思いを断ち切れずに涙を流していた。佐々岡（小野花梨）はそんな瀬尾を叱咤（しった）！ハッとした瀬尾は、チュチュチュエラを再び人気者にし、デザイン瀬尾を立て直すことができたら、杏奈が戻ってきてくれるのではと考え、チュエラの復活を誓う。

　そして大三島（本郷奏多）を仲間に迎え、新たなスタートを切ったデザイン瀬尾は、キャラクターが持つ特別な力を信じ、チュチュチュエラの人気と可能性を拡大すべく、次なる一歩を踏み出し始める。

　その頃、姿を消した杏奈は、隙間バイト生活に逆戻りし、日々を過ごしていた。ところが、そんな杏奈の前に思わぬ人物が現れ、とんでもない依頼をされる。

　そしてその依頼が、杏奈と瀬尾を再び巡り合わせ、キャラクター業界全体を動かす大きな事件へとつながっていくことに──。

　好きが故にすれ違う2人の心、そして変わらぬチュエラへの想い。それぞれの「好き」の行方は。",[],[]
来年「逆賊の幕臣」眞栄田郷敦4年ぶり2回目の大河！開国“待った”孝明天皇役　朝廷の新キャスト4人発表（スポニチアネックス）,https://news.yahoo.co.jp/articles/811233e628a8ebfee66b205f3a9dd4cdf58137de,https://newsatcl-pctr.c.yimg.jp/t/amd-img/20260915-00000120-spnannex-000-4-view.jpg?exp=10800,2026-09-15T12:00:00+09:00,2026-09-16T04:50:52+09:00,スポニチアネックス,spnannex,スポニチアネックス,2831,"松坂桃李（左）が主演を務める来年2027年のNHK大河ドラマ「逆賊の幕臣」に（上段左から）眞栄田郷敦、奥野壮（下段左から）山中崇、長塚京三のレギュラー出演が決定
俳優の松坂桃李（37）が主演を務める来年2027年のNHK大河ドラマ「逆賊の幕臣」（1月10日スタート、日曜後8・00）に、俳優の眞栄田郷敦（26）が孝明天皇役でレギュラー出演することが決定し15日、同局から発表された。大河出演は、戦国武将・武田勝頼役を好演した2023年「どうする家康」以来4年ぶり2回目。この日は江戸幕府に京からプレッシャーをかける「朝廷の人々」を演じる新キャスト4人が発表された。俳優の奥野壮（26）が明治天皇役、俳優の山中崇（48）が岩倉具視役、俳優の長塚京三（81）が鷹司政通役を演じる。

　NHK連続テレビ小説「おかえりモネ」などの安達奈緒子氏がオリジナル脚本を手掛ける大河ドラマ通算66作目。主人公は江戸幕府の天才官僚・小栗忠順（ただまさ）。明治新政府から「逆賊」とされ、歴史の闇に葬られた幕臣を通じて激動の幕末を描く。

　制作統括の勝田夏子チーフ・プロデューサーは「今回は、日本の西側から江戸の幕府に大きなプレッシャーを与える朝廷周りの皆さんです。幕末史の混迷の大きな発端の一つは、幕府が踏み切った開国に孝明天皇が“待った”をかけたことでした。主人公・小栗がアメリカまで行って批准してきた通商条約を、西洋列強は“守れ”と言い、朝廷や攘夷派は“破れ”と言う、この板挟みが幕府を追い詰めていきます。そんなわけで、当ドラマの朝廷は“はんなり”というより、むしろ“強そう”です」と時代背景を解説。

　「眞栄田郷敦さん演じる孝明天皇の、ナイーブさを併せ持ちながらも力強い瞳。奥野壮さん演じる明治天皇の、若々しさ、清新さの中にある品格。山中崇さん演じる岩倉具視の、忠臣的振る舞いの裏にある隠しきれない策士ぶり。そして長塚京三さん演じる鷹司政通の、朝廷のドンとしての老獪さと風格。小栗さんと幕臣たちは大ピンチです。どうぞお楽しみに！」とアピールしている。

　◇眞栄田郷敦（4年ぶり2回目の大河出演）孝明天皇役

　【役紹介】激動の幕末前夜に即位し、数え年23歳の年（嘉永6年・1853年）にペリーが来航。折しも御所が火事に見舞われ、避難時に京の町と民衆の姿を初めて目にする。国の安寧を守ろうと慣例を破って幕政に意見し「攘夷」を要求していくが、幕府が通商条約を無断で調印したため激怒。天皇の不満が大義名分となり、過激な尊王攘夷派が勢いを増し始める。それを抑え切れない幕府は、開国を進めながらも朝廷に対しては攘夷のポーズを取り、天皇の威光に頼るように…。やがて倒幕の炎が自らの意図に反して燃え広がり、天皇は苦悩を深めていく。

　【コメント】孝明天皇は、強い好奇心と「神の国である日の本」への誇りと信念を持ちながらも、御所の中で育ち、外の世界を直接知らない若き帝だと感じています。大きく時代が動いていく中で、異国への恐れや怒りだけではなく、初めて民の姿を見たことで「自分が守るべき国」の実感が変わっていく。その繊細な変化と自分の言葉一つが政治を揺らし、人々を動かしてしまう。その重さと危うさも丁寧に演じていきたいです。

　◇奥野壮（大河初出演）明治天皇役

　【役紹介】孝明天皇の第二皇子。ペリー来航の前年（嘉永5年・1852年）に生まれる。物心ついた時には、父帝の威を借りた急進的な攘夷派が京を席巻していた。慶応3年（1867年）、父の孝明天皇の急死により、まだ元服前でありながら数え年16歳で天皇となる。ここから倒幕派と幕府の綱引きがピークを迎え、「大政奉還」「王政復古の大号令」を経て新政府が発足。少年天皇は、やがて戊辰戦争を経て訪れる新時代「明治」のシンボルとなり、無血開城された江戸城（現・皇居）にその居を移す。

　【コメント】歴史ある大河ドラマに出演させていただけること、それだけでも大変光栄なことですが、今回、明治天皇を演じさせていただくことに、身の引き締まる思いと同時に、大変恐縮しております。時代の大きな転換期に、若くして即位され、幕末から明治維新へと至る激動の時代を歩まれた明治天皇。そのお姿を私なりに解釈し、歴史に寄り添いながら、丁寧に演じられればと思っております。大河ドラマ「逆賊の幕臣」、是非お楽しみに。

　◇山中崇（5年ぶり4回目の大河出演）岩倉具視（いわくら・ともみ） 役

　【役紹介】貧しい下級公家の次男として生まれるが、子どもの頃より弁が立ち、公家らしからぬ言動で異彩を放つ。野心家の岩倉は、外交問題を幕府に任せ切りにせず、朝廷も主体的に関わるべきだと考えた。幕府が通商条約に対する孝明天皇の勅許（許可）を得ようとした際、天皇の攘夷の意志を後押しするべく公家88人が起こしたデモを牽引。この時に出した意見書が認められ、孝明天皇に頼られるように。天皇の妹・和宮と将軍・徳川家茂との婚儀を後押ししたのも岩倉であり、孝明天皇の下でフィクサーとなっていく。

　【コメント】歴史の裏で暗躍した野心家。岩倉具視という人物を知れば知るほど、この役を担当できることにとてもワクワクしています。下級の貧しい公家出身でありながら、ゆくゆくは500円札の肖像にまでなった人物。きっと時流を読む鋭い嗅覚を持っていたのではないでしょうか。幕末という歴史の大きな変革期に、何を見つめ、どんなあしたを夢見ていたのか。今に響く作品となるよう、しっかりと務めます。どうぞお楽しみに。

　◇長塚京三（12年ぶり8回目の大河出演）鷹司政通（たかつかさ・まさみち）役

　【役紹介】30年以上もの間、准摂政・関白・太閤として朝廷に君臨。10代で即位した孝明天皇を導く。義弟の水戸藩・徳川斉昭から黒船来航の予告情報など非公式の幕政情報を入手できた事情通で、幕府寄りの立場を保つことで巧く朝廷を牛耳ってきた。実は開国容認派だった鷹司は、異国人を忌み嫌う天皇の発言を手のひらで転がすが如く老獪に受け流し、天皇にとって目の上のコブとなっていく。やがて天皇は岩倉など下級公家の声も聞くようになり、鷹司の時代は終わりを告げる。

　【コメント】捕らぬ狸の皮算用で済むならまだしも、虎の尾を踏んでは敵わないので、軽々に口にしがたい「意気込み」です。ただ公武の二重構造の中で、オポチュニスト（日和見主義者）を自認して恥じることのないこの作品の政通さんは、ただ処世術に長けていただけではなさそうだ。既存の体制を最終形態として、何とか保守するという「忠誠心」もあるのではないですか。それが政通さんの中では「政（まつりごと）」から「お上」をお守りすることに通じていた。宮廷言葉に上方言葉、幾分下世話な「ぼやき」の散りばめられた安達先生の台詞が素晴らしい。もちろん、そのままやらせていただきます。",[],[]
「りくりゅうのありがとうツアー」開催決定　来年1月から全国10都市で感謝の舞い（スポニチアネックス）,https://news.yahoo.co.jp/articles/decd004e32406c23e68004a928a07e9d87f2e535,https://newsatcl-pctr.c.yimg.jp/t/amd-img/20260915-00000139-spnannex-000-3-view.jpg?exp=10800,2026-09-15T12:00:00+09:00,2026-09-16T00:56:07+09:00,スポニチアネックス,spnannex,スポニチアネックス,617,"会見を終えフォトセッションで笑顔の三浦璃来さん、木原龍一さん（撮影・長久保　豊）
フィギュアスケート・ペアでミラノ・コルティナ五輪金メダルの“りくりゅう”こと三浦璃来さん、木原龍一さん組が15日、都内で会見し、感謝を伝えるアイスショー「りくりゅうのありがとうツアー　presented　by　木下グループ」の開催を発表した。

　開催時期は来年1月～9月頃まで。全国10都市を予定しており、各都市4公演ずつを予定。五輪サイズのリンクにこだわり、ペアのダイナミックさ、スピード感を存分に味わってもらう。木原さんは「ペアの素晴らしさを知っていただきたい。直接お礼をお伝えできないかと思った」と開催経緯を語り、五輪サイズで滑るだけに三浦さんは「試合同様の魅力を多くの方に伝えたい」と話した。

　2人の意向もあり、値段設定も抑える予定という。既に10人ほどの出演者も決まっており、これから本格的な準備に入る。また、8月に完走した自身プロデュースのアイスショー「THE　DESTINY」を来年も開催することを明らかにした。スケート教室も企画中という。

　「りくりゅうのありがとうツアー」開催都市の発表第1弾は以下の通り。

【大阪】2027年1月8日～10日:東和薬品RACTABドーム

【広島】1月29日～31日:ひろしんビッグウェーブ

【旭川】2月19日～21日:旭川大雪アリーナ

【熊本】3月19日～21日:アクアドームくまもと",[],[]
りくりゅう、婚約発表に「心からうれしい」「大きな変化はなく今まで通り」今後は全国ツアー（スポニチアネックス）,https://news.yahoo.co.jp/articles/0fa8e02af374af963b690c4f3bdaf39a828fdadf,https://newsatcl-pctr.c.yimg.jp/t/amd-img/20260915-00000138-spnannex-000-2-view.jpg?exp=10800,2026-09-15T12:00:00+09:00,2026-09-15T12:00:00+09:00,スポニチアネックス,spnannex,スポニチアネックス,437,"質問に答える三浦璃来さんの横で、ささやき女将のように助ける木原龍一さん（撮影・長久保　豊）
フィギュアスケート・ペアでミラノ・コルティナ五輪金メダルの“りくりゅう”こと三浦璃来さん、木原龍一さん組が15日、来年1月から9月まで感謝を伝えるアイスショー「りくりゅうのありがとうツアー　presented　by　木下グループ」の開催を発表した。

　この日都内で会見し、冒頭、木原さんは婚約を発表したことに触れ「ようやく皆さまに発表でき、心からうれしく思っております。婚約したからと言って大きな変化はなく、今まで通りのりくりゅうになっています」と語った。

　金メダルからプロ転向、自身がプロデュースしたアイスショーも完走。新たに全国ツアーと激動の時間を過ごしているが、三浦さんは「ペアの魅力をもっと伝えたい思いもある。競技と同じくらい動かせると思っている」と話し、木原さんも「五輪後に注目していただけるようになった。ペアへの注目を今の一瞬で終わらせたくない」と思いを明かした。",[],[]
【アジア大会】サッカー男子キルギス代表指揮官「情熱と努力を注ぐ準備できている」　日本と20日に対戦（スポニチアネックス）,https://news.yahoo.co.jp/articles/c121f742348709ffb0ca635dd0f5b4c3f3e94c48,https://newsatcl-pctr.c.yimg.jp/t/amd-img/20260915-00000141-spnannex-000-3-view.jpg?exp=10800,2026-09-15T11:48:56+09:00,2026-09-15T11:50:25+09:00,スポニチアネックス,spnannex,スポニチアネックス,263,"＜愛知・名古屋アジア大会サッカー男子＞公式会見に出席したキルギスのママダリエフ監督
愛知・名古屋アジア大会のサッカー男子は15日、豊田スタジアムで1次リーグA組の公式会見が行われた。

　U―23キルギス代表はナディルベク・ママダリエフ監督が登壇し「良い結果を残すための情熱と努力を注ぐ準備ができている。今は初戦のタイ戦に向けた準備にフォーカスしている」と意気込んだ。

　20日の第2戦では日本と対戦する。指揮官は「日本はトップクラスのチーム。相手にプレッシャーをかけながら守備を固め、しっかりと対応してきたい」と見据えた。",[],[]
カブス・PCA　球団左打者史上最多タイの42号「最高にクール」　自身初の100打点越えでMVPへ前進（スポニチアネックス）,https://news.yahoo.co.jp/articles/f1e11c8d899f6f379475ecfe8e85deedfdbd81f6,https://newsatcl-pctr.c.yimg.jp/t/amd-img/20260915-00000140-spnannex-000-9-view.jpg?exp=10800,2026-09-15T11:48:17+09:00,2026-09-16T04:04:00+09:00,スポニチアネックス,spnannex,スポニチアネックス,1034,"6回、右越えに42号2ランを放ち、ケリーと喜びを分かち合うカブスのピート・クローアームストロング（AP）
◇ナ・リーグ　カブス7―3ブレーブス（2026年9月14日　シカゴ）

　カブスは14日（日本時間15日）、本拠でナ・リーグ東地区首位のブレーブスと対戦。投打のかみ合う快勝でワイルドカードでのポストシーズン進出にまた一歩、前進した。「PCA」ことピート・クローアームストロング外野手（24）が42号2ランを含む5打数4安打4打点の活躍で打線をけん引した。

　PCAがバットでチームを勢いづけた。先制した直後の2回2死一、三塁。ブレーブス先発・ロペスの外角チェンジアップを巧みなバットコントロールで捉え、右翼線に運んだ。塁上の2人を本塁に迎え入れる貴重な2点二塁打。3試合、10打席ぶりの安打で貴重な追加点をたたき出し、この時点で今季の打点を100とした。

　5―0の4回1死、右前打で出塁すると次打者・鈴木の3球目にスタート。二塁へ勢いよくヘッドスライディングし、今季37個目の盗塁を成功させた。24年の大谷翔平以来、メジャー史上7人目となる40本塁打、40盗塁の「40―40」まで、あと3に迫る盗塁成功に、本拠には大歓声が渦巻く。

　さらに5―0の6回2死からは球場のボルテージをまた一段上げた。2死一塁からブレーブス2番手・スミスシャバ―が投じた96.9マイル（約155.9キロ）直球を完璧に捉え、右越えに貴重な追加点となる42号2ランをたたき込むと、球場は大熱狂に包まれた。

　1970年にビリー・ウィリアムズが記録した球団の左打者最多本塁打記録に、53年ぶりに肩を並べ、打点も102まで伸ばした。試合後、中継局「マーキースポーツ・ネットワーク」のインタビューに応じたPCAは「ビリーはこの街全体にとって、明らかに大きな意味を持つ存在です」と尊敬を口にする。通算2711安打、426本塁打。そのうち2510安打、392本塁打をカブスで記録した“レジェンド”。「彼は間違いなくカブス史上最高の左打者ですからね。そんな彼と並んで名前が出るなんて最高にクールです」と笑顔を見せた。

　投打のかみ合う快勝に「今日は打線として非常に良い遂行ができました。塁上にたくさんのランナーがいましたし、全員が大きな役割を果たしたと感じられる試合でした」と手応えを口にしたPCA。シーズン最終盤、さらにポストシーズンでも、走攻守3拍子の全力プレーでチームをけん引する。",[],[]
梅沢富美男　40年前の宣材写真公開に反響「35歳でこの貫禄なの？！」「色気ありますね」（スポニチアネックス）,https://news.yahoo.co.jp/articles/9778aa9741c362b11af5e187037beb399ae92fe9,https://newsatcl-pctr.c.yimg.jp/t/amd-img/20260915-00000137-spnannex-000-4-view.jpg?exp=10800,2026-09-15T11:34:19+09:00,2026-09-15T11:54:07+09:00,スポニチアネックス,spnannex,スポニチアネックス,367,"梅沢富美男の公式インスタグラム（@tomioumezawa）から
俳優の梅沢富美男（75）が15日までに自身のX（旧ツイッター）とインスタグラムを更新。40年前の宣材写真を公開し、反響が寄せられている。
【写真あり】梅沢富美男「夕日を捕まえた！」　人気女性芸人とのハートポーズSにネット反響！「こんなのやってみたい」
「事務所のデスクを片付けていたら40年前の宣材写真がでて来ました」とつづり、40年前の宣材写真を投稿。

　「この頃は髪の毛が多かったなぁ」とユーモアたっぷりに回想。「今も、こうしてこの世界で生きてられるのはありがたいなぁ。皆さんに感謝です」と感謝した。

　この投稿に「35歳でこの貫禄なの？！」「今と変わらず、40年前も色気ありますね」「全然変わらない。凄いな～」「カッコいい！！」「素敵」などの声が寄せられた。",[],[]
やっと出た！ヤンキース・ジャッジが復帰後6試合＆22打席目で待望初アーチ！右肋骨骨折から今月帰還（スポニチアネックス）,https://news.yahoo.co.jp/articles/fa53df02ed03ea402080e934f1d980c7085c7481,https://newsatcl-pctr.c.yimg.jp/t/amd-img/20260915-00000136-spnannex-000-14-view.jpg?exp=10800,2026-09-15T11:31:18+09:00,2026-09-15T12:32:11+09:00,スポニチアネックス,spnannex,スポニチアネックス,531,"ツインズ戦の8回に復帰後初アーチとなる3ランを放ち笑顔のヤンキース・ジャッジ（AP）
◇ア・リーグ　ヤンキース8－3ツインズ（2026年9月14日　ミネアポリス）

　ヤンキースのアーロン・ジャッジ外野手（34）が14日（日本時間15日）、敵地でのツインズ戦に「3番・右翼」で先発出場。右肋骨の疲労骨折から復帰後、初アーチを放った。
【写真あり】ヤンキース・ジャッジが夫人、愛娘との貴重3ショット公開！
8回、カバジェロ、ライスの適時打で4－2と逆転に成功し、なおも1死一、二塁で迎えた第4打席で相手6番手のAJ・ミンターの高めカットボールを捉えて、左翼席中段まで運ぶ飛距離415フィート（約126・4メートル）の特大18号3ランを放った。

　右肋骨の疲労骨折で6月上旬から負傷者リスト（IL）入りしていたジャッジは今月8日（同9日）のロッキーズ戦で3カ月ぶりに戦列復帰。この一発が復帰後、6試合、22打席目で待望の初アーチとなった。

　復帰後は22打席で11三振と本調子ではなかったが、ようやく主砲に大きな当たりが飛び出し、ベンチでナインもお祭り騒ぎとなった。

　チームはジャッジの3ランもあり、ツインズに逆転勝利。3年連続でポストシーズン進出を決めた。",[],[]
武田鉄矢をビンタした「金八」女優　撮影後に謝罪に行くも…衝撃の返答明かす（スポニチアネックス）,https://news.yahoo.co.jp/articles/caa95b6ae8728c03a47046f35dbbe81d2854524a,https://newsatcl-pctr.c.yimg.jp/t/amd-img/20260915-00000135-spnannex-000-6-view.jpg?exp=10800,2026-09-15T11:30:07+09:00,2026-09-15T13:45:46+09:00,スポニチアネックス,spnannex,スポニチアネックス,536,"武田鉄矢
元女優の小高早紀さん（43）が、14日放送の日本テレビ系「しゃべくり007」（月曜後9・00）に武田鉄矢（77）らとともにサプライズゲストとして出演。「3年B組金八先生」の裏話を披露した。
【写真あり】3年B組同窓会！豪華集合ショット
「金八先生」は1979年に放送スタート。武田演じる中学校教諭の坂本金八が、問題や悩みを抱えた思春期の生徒たちを、愛情たっぷりの指導で自立させていく学園ドラマの金字塔。小高さんは桜田友子役として出演した。

　武田は小高さんを役名の「友子」と呼び「金八先生はこの子の出たシリーズで怒っちゃってね、子供並べてビンタかますんです。そしたら本番突然流れが変わって、5人ひっぱたいたら友子が出てくるんですよ。俺全く聞いてない、俺の顔バチーーーン」と小高さんに突然ビンタされたと回顧。

　スタジオが騒然の中、小高さんは「先生アドリブっておっしゃってるんですけど、台本あります」とケロリ。武田が「あったか！」と応じスタジオを爆笑させた。

　台本に記載されていたビンタだったが、小高さんは撮影後武田に謝罪。「“すみません、大丈夫でしたか？”って言ったら“全然大丈夫じゃない！！！”」と、語気を強めて武田の返答を再現。スタジオを爆笑させた。",[],[]
遠征経験豊富なローシャムパークがバーレーン国際トロフィーに登録　今年G1昇格　選択肢を広げるため（スポニチアネックス）,https://news.yahoo.co.jp/articles/f336b1e75feb037bd990d3878dee858b91187b12,https://newsatcl-pctr.c.yimg.jp/t/amd-img/20260915-00000134-spnannex-000-2-view.jpg?exp=10800,2026-09-15T11:30:00+09:00,2026-09-16T05:17:20+09:00,スポニチアネックス,spnannex,スポニチアネックス,467,"バーレーンの首都マナマ市内の街並み(撮影・西海　健太郎)
8月16日に札幌記念に出走し、4着だったローシャムパーク(牡7＝田中博、父ハービンジャー)がバーレーン国際トロフィー(G1、11月13日、サヒール芝2000メートル)に登録した。

　15日、サンデーサラブレッドクラブが発表。今後の選択肢を広げるため、としている。出走すれば23年香港C8着、24年BCターフ(米国)2着、25年クイーンエリザベスS(オーストラリア)6着、香港C5着、今春のチャンピオンズ＆チャターC(香港)6着に続き、6度目の海外遠征となる。

　同レースは今年、G2からG1に昇格。それに伴って総賞金が増額され、1着賞金は昨年までの60万ドルから90万ドル(約1億3950万円)にアップした。登録料は無料。農林水産大臣が認可し、JRAの海外馬券発売が可能な指定116競走には含まれていない。

　8月30日の前走新潟記念で5着の24年菊花賞馬アーバンシック(牡5＝武井、父スワーヴリチャード)も同レースに登録するとシルクホースクラブが11日に発表している。",[],[]
岡本和真痛恨　7戦5発の逆転弾33号は「空砲」に　直後に同点さらに勝ち越し許し連勝2で止まる（スポニチアネックス）,https://news.yahoo.co.jp/articles/966d05c3be319400fcbd3c58e2413ed885fe6fd1,https://newsatcl-pctr.c.yimg.jp/t/amd-img/20260915-00000133-spnannex-000-9-view.jpg?exp=10800,2026-09-15T11:22:53+09:00,2026-09-16T04:05:04+09:00,スポニチアネックス,spnannex,スポニチアネックス,531,"33号を放つブルージェイズ・岡本（ロイター）
◇ア・リーグ　ブルージェイズ5-6タイガース（2026年9月14日　トロント）

　ブルージェイズの岡本和真内野手（30）が14日（日本時間15日）、本拠地でのタイガース戦に「6番・三塁」で先発出場。2-4の7回2死一、二塁で一時逆転となる左越え33号3ランを放ったが、チームは9回に相手に勝ち越しを許し、5-6で敗れた。これで連勝は2で止まり借金1に逆戻りした。

　痛恨の敗戦だった。岡本のアーチで本拠地も大熱狂。チームも勢いに乗ったと思われたが、8回に追いつかれ5-5の9回に守備のミスで決勝点を献上した。

　ワイルドカード争いでは、プレーオフに進出する権利を得られる上位3チームに肉薄している。この日は、3位のガーディアンズがホワイトソックスに敗れ、圏内突入の絶好機だったが、好機を逃した。

　岡本は4打数1安打、1本塁打、3打点。これで打点も88打点とした。33号で、昨季鈴木誠也（カブス）が記録した32本塁打を抜き、「日本人右打者最多本塁打」に浮上したが「空砲」に。それでも、日本人新人&球団新人最多本塁打、そして球団新人最多打点の数字も次々と塗り替えている。背番号7は必死にバットを振り続けている。",[],[]
カブス快勝でWC前進　PCAが42号2ラン含む4打点の大活躍、史上7人目「40―40」にもあと3盗塁（スポニチアネックス）,https://news.yahoo.co.jp/articles/55479c45a2e7970b804451faca962fb89dc12f82,https://newsatcl-pctr.c.yimg.jp/t/amd-img/20260915-00000132-spnannex-000-9-view.jpg?exp=10800,2026-09-15T11:21:13+09:00,2026-09-16T04:05:00+09:00,スポニチアネックス,spnannex,スポニチアネックス,1171,"6回、右越えに42号2ランを放ち、ケリーと喜びを分かち合うカブスのピート・クローアームストロング（AP）
◇ナ・リーグ　カブス7―3ブレーブス（2026年9月14日　シカゴ）

　カブスは14日（日本時間15日）、本拠でナ・リーグ東地区首位のブレーブスと対戦。投打のかみ合う快勝でワイルドカードでのポストシーズン進出にまた一歩、前進した。「PCA」ことピート・クローアームストロング外野手（24）が42号2ランを含む5打数4安打4打点の活躍。鈴木誠也外野手（32）は5打数1安打だった。

　PCAがバットでチームを勢いづけた。先制した直後の2回2死一、三塁。ブレーブス先発・ロペスの外角チェンジアップを巧みなバットコントロールで捉え、右翼線に運んだ。塁上の2人を本塁に迎え入れる貴重な2点二塁打。3試合、10打席ぶりの安打で貴重な追加点をたたき出した。

　5―0の4回1死、右前打で出塁すると次打者・鈴木の3球目にスタート。二塁へ勢いよくヘッドスライディングし、今季37個目の盗塁を成功させた。24年の大谷翔平以来、メジャー史上7人目となる40本塁打、40盗塁の「40―40」まで、あと3盗塁に迫る盗塁成功に、本拠には大歓声が渦巻く。さらに5―0の6回2死からは球場のボルテージをまた一段上げた。2死一塁からブレーブス2番手・スミスシャバ―が投じた96.9マイル（約155.9キロ）直球を完璧に捉え、右越えに貴重な追加点となる42号2ランをたたき込むと、球場は大熱狂に包まれた。

　6日（同7日）のマーリンズ戦で今季40号を放ち、カブス史上初となる「40本塁打、30盗塁」を達成した。盗塁を記録するのは8日（同9日）のブルワーズ戦以来、5試合ぶり。MVPの最有力候補と目されるPCAが、走攻守で実力を存分に発揮した。

　鈴木は初回1死、ブレーブス先発・ロペスの93マイル（約149.7キロ）直球を捉え、中前打で出塁。3試合ぶりの安打を放ったが、2打席目以降は凡退。本塁打を打った8月31日（同9月1日）ブルワーズ戦の翌試合からこの日まで、43打数7安打の打率.163、0本塁打、1打点と低迷している。

　この日は自身のボブルヘッドデーで、侍をイメージした首振り人形が先着1万人に配布された。試合前、中継局「マーキースポーツ・ネットワーク」のインタビューに応じ、ボブルヘッドを手に「いいクオリティーですね」と笑顔。握ったバットが外れる“アクシデント”にも「緩いですね。皆さん気をつけてください」と呼びかけ、白目で首振り人形のまねをする“変顔”も披露して、インタビュアーの爆笑を誘っていた。

　先発のピーターソンは6回0/3を3安打1失点の好投。投打のかみ合う快勝で、カブスがワイルドカードでのポストシーズン進出にまた一歩、前進した。",[],[]
松本幸四郎　中村ゆりさん訃報に絶句「言葉がありません」鬼平犯科帳で共演（スポニチアネックス）,https://news.yahoo.co.jp/articles/99120c47a6bb23c1e0a818ff8e8fd72ba8941542,https://newsatcl-pctr.c.yimg.jp/t/amd-img/20260915-00000131-spnannex-000-4-view.jpg?exp=10800,2026-09-15T11:16:24+09:00,2026-09-15T11:22:22+09:00,スポニチアネックス,spnannex,スポニチアネックス,272,"松本幸四郎
歌舞伎俳優・松本幸四郎（53）が15日、今月1日に直腸がんのため44歳で死去した女優の中村ゆりさんを追悼した
【写真あり】MARI　盟友・中村ゆりさん死去に沈痛
幸四郎は「中村ゆりさんの突然の訃報に言葉がありません」と絶句。

　「『鬼平犯科帳』でおまさを演じられ毎年、京都の撮影所でお会いできることを楽しみしていました」と振り返り、「毎年お会いできるものだと思っていました。現場では自分をしっかり持たれていて、さらにチャーミングでいるゆりさんが現場を優しい色合いにしてくれていました。心からご冥福をお祈り申し上げます」としのんだ。",[],[]
菅野智之　5回8安打6失点で6登板ぶり13勝目ならず　マチャド、タティスに痛恨被弾（スポニチアネックス）,https://news.yahoo.co.jp/articles/59ad84590120b976ecde079c4e00f13b61cfd8ca,https://newsatcl-pctr.c.yimg.jp/t/amd-img/20260915-00000130-spnannex-000-12-view.jpg?exp=10800,2026-09-15T11:14:05+09:00,2026-09-16T04:03:54+09:00,スポニチアネックス,spnannex,スポニチアネックス,707,"菅野智之（AP）
◇ナ・リーグ　ロッキーズ―パドレス（2026年9月14日　デンバー）

　ロッキーズの菅野智之投手（36）が14日（日本時間15日）、本拠でのパドレス戦に先発。5回8安打6失点で降板し、8月11日（同12日）ダイヤモンドバックス戦以来、登板6試合ぶりとなる今季13勝目はならなかった。

　この試合まで7連敗中のロッキーズと7連勝中のパドレス。対照的なチーム状況の中、自軍の悪循環を止めるためベテランはマウンドへ向かった。先頭のタティスをシンカーで右飛、続くハリスをスプリットで二ゴロに打ち取り、簡単に2死を取ったが、2死から3番・マチャドにカウント1―2から投じたカーブを捉えられ、左越えに先制ソロを被弾。菅野はマウンド上で厳しい表情を浮かべ、わずかに首をひねった。

　リズムを取り戻すことは容易ではなかった。味方が同点に追いついた直後の2回、先頭のメリルに右前安打を許し、1死後の四球で一、二塁とピンチを広げると、クロネンワースに勝ち越しの右前打を許した。これだけでは終わらない。1死一、三塁からフェルミンの中犠飛で失点を重ね、2死一塁からタティスに中越えの2点弾を被弾。この回大量4点を失った。

　4、5回はともに無失点で終えたが、毎回の8安打を許し、常に塁上に走者を置く苦しい投球を強いられた。

　前回登板の9日（日本時間10日）ヤンキース戦では6回4安打5失点で9敗目。8月17日（同18日）のドジャース戦から自身5連敗となった。6月2日（同3日）エンゼルス戦から7連勝を記録し、昨季を上回る12個の白星を積み重ねてきた菅野だが、シーズン最終盤に来て、苦しいマウンドが続いている。",[],[]
渡辺元智さん　大阪桐蔭・西谷浩一監督への思い「公立校の監督になってくれんかなあ」（スポニチアネックス）,https://news.yahoo.co.jp/articles/0fee43b51a8f630eb1f628890da040ebcba4cc49,https://newsatcl-pctr.c.yimg.jp/t/amd-img/20260915-00000129-spnannex-000-8-view.jpg?exp=10800,2026-09-15T11:09:17+09:00,2026-09-16T04:04:56+09:00,スポニチアネックス,spnannex,スポニチアネックス,705,"渡辺元智さんお別れの会の祭壇（撮影・小海途　良幹）
横浜高校で春夏通算5度の全国制覇を果たした渡辺元智さんのお別れ会が14日、横浜市内で行われた。教え子や県内＆甲子園で対戦した監督ら1500人の野球関係者が集まり、渡辺さんの人徳を感じさせた。

　渡辺さんは神奈川を制し甲子園に乗り込む際、PL学園との対戦を楽しみにしていた。「西の横綱と戦える。ワクワクする気持ちで新幹線に乗りましたよ」と言う。手塩に育てた選手がPL相手にどこまで通用するのか、通用しないのか。全国基準を知れる戦いだった。松坂大輔投手を擁した98年夏の準々決勝、延長17回の死闘は夏の甲子園ベストゲームの一つ。そして時代は移りPLに変わって出てきたのが大阪桐蔭だった。

　渡辺さんは西谷浩一監督を尊敬していた。春夏合わせ9度の全国制覇。常勝チームと言われるプレッシャーを理解しているからこそ、その偉業を心から称えていた。夏の甲子園、大阪桐蔭が優勝した決勝戦の観戦記をスポニチ紙面で掲載させてもらった。翌朝、渡辺さんの携帯が鳴った。「拝読させてもらいました。勉強になります」と。声の主は他ならぬ西谷監督だった。

　渡辺さんは大阪桐蔭が優勝するたびに西谷監督にネクタイをお祝いに贈っていた。出場すれば「優勝候補」と言われる西の横綱。渡辺さんは「西谷君が公立校の監督になってくれんかなあ。そしてそのチームを甲子園に連れてきて優勝したらすごいけどなあ」と楽しそうに話した。

　若い頃は原貢監督率いる東海大相模打倒に心血を注ぎ、甲子園常連になったらPL学園、大阪桐蔭という西の横綱に挑み続けた。好敵手に恵まれた監督人生だったと思う。（落合　紳哉）",[],[]
「経験したものと違った」ドジャース新加入スクバルがPS進出決定で驚いたことは？「ちょっと乾杯して…」（スポニチアネックス）,https://news.yahoo.co.jp/articles/bad514be5d7d4e6fc3c4fa7382c0994b8a255e86,https://newsatcl-pctr.c.yimg.jp/t/amd-img/20260915-00000128-spnannex-000-4-view.jpg?exp=10800,2026-09-15T11:08:08+09:00,2026-09-15T11:09:41+09:00,スポニチアネックス,spnannex,スポニチアネックス,1186,"レッズ戦に先発したドジャース・スクバル（AP）
◇ナ・リーグ　ドジャース4ー1レッズ（2026年9月14日　シンシナティ）

　ドジャースのタリク・スクバル投手（29）が14日（日本時間15日）、敵地でのレッズ戦に先発。7回3安打無失点、毎回の9三振を奪う好投で今季10勝目を挙げ、チームをMLB最長タイ記録となる14年連続のポストシーズン（PS）進出に導いた。
【写真あり】スネル＆スクバル　ドジャースが誇る“最強左腕コンビ”の仲良し自撮りに反響「かわいいサイヤング達」
立ち上がりから制球良く相手打線に立ち向かい、初回1死でデラクルスをフルカウントからの6球目、低め直球で見逃し三振。4回無死一塁でも直球で空振り三振を奪うなど、仕事をさせなかった。

　5回に安打と四球で初めて2人の走者を背負ったが、後続を2者連続三振に仕留めるなど、奪った三振は毎回の9つ。7回まで許した安打はわずか3本で、90球と“省エネ”投球で相手打線をねじ伏せた。

　試合後は「捕手の配球を本当に信頼している。今日は首を振ったのは1回だけだったと思う。それくらい上手くかみ合っていた」とこの日が3度目のバッテリーとなった正捕手・スミスとの相性の良さを誇り、PSに向けて効率の良い投球が好材料となるのかという質問にも「100球未満で7回まで効率よく投げて、8回にも行けるくらいの感覚があるなら、いつだって歓迎する」と笑みを見せた。

　PS進出が決まる大事な一戦で好投し、ドジャースの選手として初めてシャンパンでお祝いをしたことに「自分がこれまで経験してきたものとは間違いなく違った。でも、それはこの部屋にいる人たちがどういう人たちなのか、そしてこのチームに何を期待しているのかを表していると思う。良かったよ。ちょっと乾杯して、それで終わり。次に進む。まだ成し遂げないといけないことがあるからね」とワールドシリーズ3連覇という大きな目標を掲げているチームだからこそ、PS進出という“第1関門”突破で大はしゃぎしないことに驚きつつも勝利への貪欲な姿勢を歓迎した。

　ドジャース移籍後、最初の4登板は失点する試合が目立ったが9月に入って3戦2勝と「リズムをつかんできたことだと思う」と自己分析。「苦しんでいた部分の多くは『自分対自分』だった。マウンドで考えすぎて、自分が知っているような勝負ができていなかった。なぜか球種の選択について考えすぎたり、コースを狙いすぎたりして、単純に打者に向かっていけていなかった」と反省。「自分のような球があるなら、完璧なところに投げようとしすぎるのではなく、もっとストライクゾーンの真ん中付近で打者に向かって、自分の球の力を生かせばいい時もある」と改めて気付かされ「本来の自分の投球、そのリズムを取り戻そうとしているところ」とここからさらに上向くと力を込めた。",[],[]
中村江里子　浴衣コーデ投稿への“指摘”で弁明「ご心配、お手数おかけしてしまいごめんなさい」（スポニチアネックス）,https://news.yahoo.co.jp/articles/6e04e099f54933aef0dac3bb43a4cb993503d54b,https://newsatcl-pctr.c.yimg.jp/t/amd-img/20260915-00000127-spnannex-000-4-view.jpg?exp=10800,2026-09-15T11:02:11+09:00,2026-09-15T11:18:35+09:00,スポニチアネックス,spnannex,スポニチアネックス,1037,"中村江里子インスタグラム（@eriko.nakamuraofficial）から
フリーアナウンサーの中村江里子（57）が14日、自身のインスタグラムを更新。自身の投稿への指摘に弁明した。
【写真あり】フランス人夫と「再々結婚式」　57歳ウエディングドレス姿
夫でフランス人実業家のシャルル・エドゥアール・バルト氏（55）との「再々結婚式」の様子を公開してきた中村。リールで「最終日の日曜日はブランチ」として浴衣姿で踊る様子もアップした。

　この投稿には「動画で反転してしまっていますが、ちゃんと着ているからご安心下さいね」と補足があったものの、「浴衣が左前」など着合わせが逆であるとの指摘が多く寄せられた。

　これに、「リール投稿した浴衣姿、『合わせが違いますよ！』とコメントいただき、それに対して『動画で反転しているだけで間違えていないですよ！』とお返事をしてくださっている方々がいらっしゃり。ご心配、お手数おかけしてしまいごめんなさい。そしてありがとうございます」と感謝。「多分、ご指摘あると思い　反転している旨、お伝えはしていたのですが」と弁明した。

　「こちらの写真だと大丈夫かな？　式に着物で参列してくれた方々にもちゃんと確認してもらっていたから安心」と暗転していない夫とのツーショットをあらためて投稿した。

　「仲良し達と夫の叔父さんGeorgesと　素敵でしょう？」とも。「最後は本当にヘロヘロの私達　あ、よく見るとGeorgesと夫のスタイルが色違いだ」とつづった。

　「帯は帯ベルトだから自分でさっと巻いただけ。だから気楽に着られたのです。草履は鼻緒の部分がふわふわなのです」と中村。「しかし私はある意味、着物初心者だから簡単に着られるとはいえ大緊張しました」と記した。

　「
#yukata
」「
#前回の投稿
」「
#動画反転
」「
#フランス暮らし
」と添えた。

　この投稿に、フォロワーからは「ご主人様との素敵なツーショットですね」「浴衣にも、違和感なくて素敵」「スッゴく綺麗です」「お着物なんですが、まるでドレスのような雰囲気を感じます」「着物の合わせよりも、江里子さんが鮮やかに着こなされているのが素敵です」「反面とかそんなことは関係なく　グリーンの浴衣姿、とっても素敵です」などと添えた。

　中村は元フジテレビのアナウンサーで、00年にバルト氏と結婚。04年に第1子長女、07年に第2子長男、10年に第3子次女を出産している。",[],[]
張本勲さんが韓国プロ野球の発足と発展に果たした役割（スポニチアネックス）,https://news.yahoo.co.jp/articles/88c67ae56c3fb69598c29c0c555d4010ea16f1e1,https://newsatcl-pctr.c.yimg.jp/t/amd-img/20260915-00000009-spnannex-000-5-view.jpg?exp=10800,2026-09-15T11:00:00+09:00,2026-09-15T11:00:00+09:00,スポニチアネックス,spnannex,スポニチアネックス,914,"1962年、張本勲さん（右）と同年来日しキャンプに参加した白仁天さん（Photo　by　スポニチ）
【室井昌也コラム　月に2回は韓情移入】

　張本勲さんが亡くなった（享年86歳）。通算3000安打の選手としての実績はもちろん、在日コリアン2世の野球人として現役引退の翌年、1982年に発足した韓国プロ野球の発展にも大きな役割を果たした。その一つが人的交流だ。
【写真あり】7月に86歳で「代打出場」していた張本さん　最後の打席は「申告敬遠」
1982年3月27日、ソウル・東大門（トンデムン）野球場で行われた韓国プロ野球開幕戦の式典。当時の写真には張本さんとともにNPB下田武三コミッショナー（当時）と、長嶋茂雄さんの姿がある。長嶋さんは張本さんからの要請で開幕戦参列だけではなく、前年には技術指導、同年は講演を行った。

　また張本さんは韓国プロ野球のレベルアップのため、韓国にルーツのある日本のプロ選手を送り込んだ。張本さんから声を掛けられた1人が元投手の宇田東植さんだ。宇田さんは張本さんの東映、日拓、日本ハムの後輩でもある。1983年のことだった。

　「張本さんから“韓国のプロ野球が2年目だから向こうでやらないか？”と誘われました。阪神に移籍して2年目の契約後だったので『もうハンコを押してます』と言ったんですが、張本さんが『何とかするから』ということで韓国でプレーすることになりました」（宇田さん）

　宇田さんは1983、84年の2シーズンで4完封を含む13勝を挙げた。宇田さんら在外僑胞選手たちは韓国プロ野球に外国人選手制度が導入される1998年まで、リーグの発展に寄与した。

　今年8月、韓国出身で張本さんの東映、ロッテの後輩でもあった白仁天さんが亡くなった（享年82歳）。白仁天さんを韓国プロ野球初年度のMBC（現LG）の選手兼監督に推薦したのも張本さんだった。

　発足から四十数年を経て、総観客数が1200万人を超えるなど大きく発展した韓国プロ野球。来年2027年にはリーグ悲願の「名誉の殿堂（博物館）」の開館を予定している。その歩みに貢献した張本さんが、歴史を刻む館を訪れることはかなわなかった。",[],[]
氷川きよし「芸能界、辞めた方がいいかな」パニックになったとき…「毎日祈ってくれた」恩人と2ショット（スポニチアネックス）,https://news.yahoo.co.jp/articles/f0321052ddc18ee9dcabf90f60d995be1efd47dc,https://newsatcl-pctr.c.yimg.jp/t/amd-img/20260915-00000126-spnannex-000-4-view.jpg?exp=10800,2026-09-15T10:58:31+09:00,2026-09-15T11:01:57+09:00,スポニチアネックス,spnannex,スポニチアネックス,583,"氷川きよし公式インスタグラム（@kiina_kiyoshi_hikawa）から
歌手の氷川きよし（49）が、15日までに自身のインスタグラムを更新。15日に60歳の誕生日を迎えたグルメリポーターでタレントの彦摩呂を祝福した。
【写真】彦摩呂やせてる！氷川きよし若い！過去の2ショット
氷川は「2026年9月15日　彦にいお誕生日おめでとう」と、“彦にい”と親しみを込めて投稿。

　「2001年から芸能界の荒波や慣れない世界にパニックになって向いてないなあ、辞めた方がいいのかな？とひとりぽっちで泣いていた時、いつも力強く励ましてくれました」と振り返った。

　「忙しい中、雨の日も風の日も駆けつけてくれて背中を押してくれてキー！大丈夫やで！乗り越えられるで！あきらめたらあかんで！自分らしくキーらしく歌える日が来るから！って心に寄り添ってくれました」といい、「毎日毎日祈ってくれたこと　一生、真心とご恩は忘れません！」と感謝した。

　「身体に気をつけてこれからもたくさんの人に　明るい元気の出る声で悲観や暗闇を希望と明るさでみんなが輝いて生きる力を届けてください！」とメッセージを送り、彦摩呂の決めぜりふをもじり「ううわあーっ！！！人生の宝石箱や」と続け、「うちは今日神戸コンサートがんばりまっせ！」と報告。最後に「彦にいなんか泣ける」と、改めて感謝をつづった。",[],[]
“金八の娘”星野真里　撮影の合間に武田鉄矢が「エッチな雑誌を…」　“父”大喜びだった星野の対応とは（スポニチアネックス）,https://news.yahoo.co.jp/articles/005a22e41d0115d59eab7152519d43ddbd606375,https://newsatcl-pctr.c.yimg.jp/t/amd-img/20260915-00000125-spnannex-000-5-view.jpg?exp=10800,2026-09-15T10:57:47+09:00,2026-09-15T11:18:12+09:00,スポニチアネックス,spnannex,スポニチアネックス,617,"星野真里
女優の星野真里（45）が、14日放送の日本テレビ系「しゃべくり007」（月曜後9・00）にゲスト出演し、代表作の大人気ドラマ「3年B組金八先生」で共演した武田鉄矢（77）との秘話を明かした。
【写真あり】マラソン完走の星野真里　家族との夏の思い出ショット
1979年に放送をスタート。武田鉄矢演じる中学校教諭の坂本金八が、問題や悩みを抱えた思春期の生徒たちを、愛情たっぷりの指導で自立させていく学園ドラマの金字塔。星野は、金八の愛娘・乙女を16年にわたり演じた。

　武田との印象深いシーンを聞かれた星野は「別の作品でまたご一緒させていただくことがあって、ロケの合間に皆さんでコンビニに立ち寄った」と切り出し「コンビニで武田さんがちょっとエッチな雑誌をお読みになられて…」と暴露。これにスタジオは大爆笑。武田は無言でカメラに向かって頭を下げた。

　星野は「それを見た時に、娘だから勇気を持ってお父ちゃんのお尻をパンッとたたいたんです」と武田の尻をたたいて注意したと説明。「そしたら、それが思いのほかうれしかったってことをマネジャーさんから後でお聞きして」と打ち明け、再びスタジオを爆笑させた。

　タジタジの武田をよそに「お父ちゃんかわいいなぁって思ったエピソード」とまとめる星野。武田は「そういう家族だよね！教室では立派な先生だけど、家庭ではだらしないお父さん。そういうギャップをこの子たちと作りたかった」と振り返った。",[],[]
Wソックス　首位攻防初戦快勝　「まるで高校球児」の熱血ナインが躍動　村上は「ヘッスラ」で気迫示す（スポニチアネックス）,https://news.yahoo.co.jp/articles/0d04ac57411dc594a8555fe812c6d2712b391a39,https://newsatcl-pctr.c.yimg.jp/t/amd-img/20260915-00000124-spnannex-000-14-view.jpg?exp=10800,2026-09-15T10:54:25+09:00,2026-09-15T14:20:31+09:00,スポニチアネックス,spnannex,スポニチアネックス,681,"三塁にヘッドスライディングするホワイトソックス・村上（ロイター）
◇ア・リーグ　ホワイトソックス7-3ガーディアンズ（2026年9月14日　クリーブランド）
【写真あり】人気美人アナ、村上宗隆の“歴史的瞬間”を現地観戦！
ア・リーグ中地区首位のホワイトソックスは14日（日本時間15日）、同地区2位で0．5ゲーム差に迫るガーディアンズとの敵地「首位攻防3連戦」初戦に7-3で快勝した。これでゲーム差を1．5に広げ、ガーディアンスとの今季通算成績を7勝4敗として、勝ち越しを決めた。直接対決の勝ち越しは、プレーオフ争いで両軍が争った時に「優先権」を持つことができる大きなアドバテージとなる。

　0-0の6回にバルガスの31号左越え2ランなど5本の長短打に四球などを絡めて、大量6得点。一気に試合を決めた。ナインは、0-0の緊迫した展開の中でも「負けられない戦い」で闘志を前面にだして「高校球児」のように戦った。

　6回に8番マイドロスが左前適時打を放つと、マイドロスは打った瞬間に拳を握り、ナインはベンチで両手を挙げてガッツポーズをつくった。

　「4番・一塁」で先発出場した村上宗隆内野手は3打数無安打3三振も2四死球。4回は死球で出塁すると、次打者ベニンテンディの中前打で三塁まで激走し「ヘッドスライディング」で間一髪セーフになった。こちらも闘志むき出しの好走塁で、チームを鼓舞した。

　3年間100敗上の弱小球団だったが、今季は快進撃で5年ぶり地区Vを見据える。ここまでの戦いをムダにしないため、「ミラクルホワイトソックス」が必死に前を向き続けている。",[],[]
「ヴェルネの天使は…」電子コミック配信停止　トーハンが新潮社と作家に謝罪「弊社の責任と判断のもと」（スポニチアネックス）,https://news.yahoo.co.jp/articles/b6e7ad91ba83e1f8bca2396c77757539e378989a,https://newsatcl-pctr.c.yimg.jp/t/amd-img/20260915-00000123-spnannex-000-4-view.jpg?exp=10800,2026-09-15T10:48:47+09:00,2026-09-15T16:30:59+09:00,スポニチアネックス,spnannex,スポニチアネックス,1015,"コミック『ヴェルネの天使は死を歌う』公式X(@comic_vernet)から
株式会社トーハンは14日、公式サイトを更新。電子書籍サイト「Freedia」で8月25日から配信を開始した電子コミックス「ヴェルネの天使は死を歌う」について、配信停止を発表した。また経緯を説明し、謝罪した。

　同作は、エモクロアTRPGシナリオ「ヴェルネの天使は死を歌う」を原作としたコミカライズ作品。8月25日に電子コミックとして配信を開始した。

　だが8月27日以降、配信を停止。同社は「本作品の配信を停止した経緯等につき、ご説明をさせていただきます」として長文を掲載した。

　以下、同社の説明文。

本作品は、TRPGシナリオ版『ヴェルネの天使は死を歌う』（以下「本シナリオ」といいます。）を原作としたコミカライズ作品です。

　本シナリオは、新潮社様から出版されているコミック『MAMA』（以下「本コミック」といいます。）における世界観から着想を得た設定が含まれており、弊社は、本作品の企画・制作を進めるにあたり、本作品の原作者様から、その旨について、事前に説明・相談を受けておりました。

　そのため、本コミックから着想を得た設定を含む本シナリオを原作として、これを新たにコミックとして商業作品化するにあたっては、このような背景も踏まえて、弊社において、より慎重な検討を行うべきであったところ、かかる検討が不十分なまま、本作品の企画・制作を進め、配信の開始に至りました。

　弊社としましては、本作品の企画・制作について、改めて慎重な検討を行う必要があるものと認識し、本作品の配信を停止させていただいたものとなります。

　弊社は、この度の一件を反省するとともに、本コミックの著者である作家様および新潮社様はもとより、読者の皆様ならびに関係者の皆様にも、多大なるご心配とご迷惑をおかけしていることを、お詫び申し上げます。

　また、本作品の今後の取扱いにつきましては、関係各所と協議のうえ、改めて本サイト上でお知らせをさせていただく予定です。

　なお、本作の企画・制作・配信は、すべて弊社の責任と判断のもとで進めたものです。そのため、本作品の原作者様、漫画家様およびその他関係者様への直接のお問い合わせや、SNS等での憶測に基づく誹謗中傷などはお控えくださいますよう、何卒お願い申し上げます。

2026年9月14日　株式会社トーハン",[],[]
中山秀征の妻・白城あやか　そっくり！夫婦の似顔絵ラテアートを公開「すてきな家族旅行」の声（スポニチアネックス）,https://news.yahoo.co.jp/articles/8859eecc1db8257fba7fd4cf35c8dfe18d551380,https://newsatcl-pctr.c.yimg.jp/t/amd-img/20260915-00000122-spnannex-000-4-view.jpg?exp=10800,2026-09-15T10:48:09+09:00,2026-09-15T11:09:45+09:00,スポニチアネックス,spnannex,スポニチアネックス,503,"白城あやか公式インスタグラム（＠ayaka.shiraki）から
タレント・中山秀征（59）の妻で元宝塚歌劇団星組トップ娘役の白城あやか（58）が15日までに自身のインスタグラムを更新。家族旅行の様子を公開した。
【写真あり】中山秀征「あっという間に29年目」　妻・白城あやかとの結婚記念日2S公開に「素敵なご夫婦」の声
「
#京都旅
」とつづり、家族ショットを投稿。「先日のこと　今回は初！
#陶芸体験いたしました
」と明かした。「手取り足取り教えて頂き手伝って頂きなんとか形に　出来上がりは少し先」と大満足の様子だった。

　「
#帝国ホテル京都のカフェにもオジャマしました
以前も秀ッチョの顔のラテアートをサプライズでいただきましたが今回はナント二人の顔」とつづり、夫婦の顔が描かれたラテアートを前に笑顔のツーショットを公開した。「嬉しいおもてなし　温かいお心遣いにこの度も感激しました」と感謝した。

　「雨の京都でしたがいつもより木の香りが一層感じられて癒しの旅になりました」と振り返った。

　この投稿に「すてきな家族旅行」「ご家族で楽しそう」「ラテアート素晴らしいです」などの声が寄せられた。",[],[]
PS進出決める一戦で好投のスクバルに「誇りに思っていい」とド軍監督「本当の意味でチームの一員なった」（スポニチアネックス）,https://news.yahoo.co.jp/articles/5eb06d58e9f986d054865b6283d548b9666440c8,https://newsatcl-pctr.c.yimg.jp/t/amd-img/20260915-00000121-spnannex-000-4-view.jpg?exp=10800,2026-09-15T10:44:36+09:00,2026-09-15T10:46:36+09:00,スポニチアネックス,spnannex,スポニチアネックス,806,"レッズ戦に先発したドジャース・スクバル（AP）
◇ナ・リーグ　ドジャース4ー1レッズ（2026年9月14日　シンシナティ）

　ドジャースは14日（日本時間15日）、敵地でのレッズ戦に勝利し、MLB史上最長タイとなる14年連続でポストシーズン（PS）進出を決めた。試合終了時点でナ・リーグ西地区優勝へのマジックナンバーを「3」まで減らした。試合後、デーブ・ロバーツ監督は好投した先発のタリク・スクバル投手（29）を称えた。
【写真あり】スネル＆スクバル　ドジャースが誇る“最強左腕コンビ”の仲良し自撮りに反響「かわいいサイヤング達」
スクバルは立ち上がり、デラクルスを見逃し三振に仕留めるなど初回だけで2奪三振。5回は安打と四球で初めて二人の走者を背負ったが、8番・ヘイズ、9番・ロドリゲスを2者連続三振に仕留めた。7回まで毎回の9奪三振で本塁だけは踏ませず、スコアボードに7個の「ゼロ」を並べて相手打線をねじ伏せた。

　試合後、ロバーツ監督は「今日はスクバルが素晴らしかった。非常に効率的で、積極的に打者と勝負していた」と大絶賛。トレード期限の7月末に勝利を求められて加入した左腕だけに「彼はここ数年、ポストシーズンを経験していると思うけど、トレードでここに来て、本当の意味でこのチームの一員になったと感じていると思う」とこの日、スクバルの快投でPS進出を決めたことの意義を強調した。

　そして「チームメートとの関係づくりも素晴らしいし、投球でも結果を残している。ポストシーズン進出を決めるチャンスがある日にマウンドに上がって、実際に決めることができた。それは彼自身も誇りに思っていいことだと思う」とし「彼にもチームにも、これからもっと多くの勝利を期待している。もちろん、まだ先は長い。でも、この素晴らしい機会をきちんと喜ぶことも大切だ」とまずはPS進出をスクバルはじめチーム全体で喜びたいと目尻を下げた。",[],[]
吉瀬美智子　全身ブラック！意外な場所でのショットに反響「乗られるんですね」「何でも似合ってて素敵」（スポニチアネックス）,https://news.yahoo.co.jp/articles/c91a2a6b23a3c271144af7fa153e7bd5189a4c8f,https://newsatcl-pctr.c.yimg.jp/t/amd-img/20260915-00000119-spnannex-000-4-view.jpg?exp=10800,2026-09-15T10:41:06+09:00,2026-09-15T10:47:22+09:00,スポニチアネックス,spnannex,スポニチアネックス,433,"吉瀬美智子のインスタグラム（@michikokichise）から
女優の吉瀬美智子（51）が15日、自身のインスタグラムを更新。全身黒づくめのコーデで、意外な場所でのプライベートショットを公開し、ファンを驚かせている。
【写真あり】吉瀬美智子　「すっかりハマった」お祭り満喫Sに披露「最高に楽しい締めくくり」
「六本木駅にて」と記し、黒のセットアップに、黒のキャップ、黒のサンダル、カバンも黒といった黒ずくめのスタイルでホームに立つショットを披露した。

　地下鉄日比谷線の六本木駅と思われ、誰もいないホームに笑顔を見せている。

　この投稿に、ファンからは「電車に乗られるんですね」「見かけました　似ている方かと思いましたがやはりご本人でしたか」「えーーー駅にいらっしゃるんですね」「何でも似合ってて素敵」「黒装束の爽やか美魔女」「かっこいい」「ブラックコーデでも駅で見かけたらオーラ出て目立っちゃいますよ」「全身黒コーデカッコいいです」などの声が寄せられている。",[],[]
米遠征フォーエバーヤング断然1番人気1.6倍！ジョッキークラブゴールドC主催者想定オッズ発表（スポニチアネックス）,https://news.yahoo.co.jp/articles/d7fb04682e4b018c296306383ae021625afbd9b4,https://newsatcl-pctr.c.yimg.jp/t/amd-img/20260915-00000118-spnannex-000-13-view.jpg?exp=10800,2026-09-15T10:40:00+09:00,2026-09-15T10:53:04+09:00,スポニチアネックス,spnannex,スポニチアネックス,1285,"荒木助手を背にベルモントパークのダートコースで体を動かすフォーエバーヤング(Ｃ)Dom Napolitano
米ニューヨークの競馬を統括するニューヨーク競馬協会は13日、ジョッキークラブゴールドC（G1、18日16時14分発走＝日本時間19日午前5時14分、ベルモントパーク、ダート2000メートル）のモーニングライン（主催者の想定オッズ）を発表した。

　4度目の米遠征で、ここをステップにBCクラシック（G1、10月31日、キーンランド、ダート2000メートル）連覇を目指すフォーエバーヤング（牡5＝矢作、父リアルスティール）は1.6倍で1番人気。7月4日にサラトガの前走サバーバンS（G2、ダート2000メートル）連覇を飾ったフィリアスフォッグ（セン6＝米G・ロドリゲス、父アスターン）が5倍で2番人気に設定されている。

　同レースはJRAが馬券を発売する。出走馬（馬番とゲート番は同じ）と負担重量、騎手、モーニングラインは以下の通り。

1　バエザ　57　J・アルバラード　5.5倍

2　スターズアンドストライプス　57　J・ヴェラスケス　16.0倍

3　チャンクオブゴールド　57　J・トーレス　13.0倍

4　フィリアスフォッグ　57　K・カームーシュ　5.0倍

5　バニシング　57　J・ロザリオ　13.0倍

6　レンダージャッジメント　57　M・フランコ　21.0倍

7　フォーエバーヤング　57　坂井瑠星　1.6倍

　◆発売要項　ジョッキークラブゴールドCの馬券発売はインターネット投票（即PAT）で18日午後6時30分（日本時間）から、締め切りは発走予定時刻の2分前。競馬場・ウインズなどでは発売されない(UMACA・UMACAスマートの発売もなし)。

　▽ベルモントパーク競馬場　米国ニューヨーク州エルモントにある競馬場。クラシック3冠最終戦のベルモントＳをはじめ、多くのG1競走が行われる。1905年に開場。コースは楕円（だえん）形で内側に芝コース、外側にダートコースがある。ダートコースは１周2400メートル（左回り）。23年７月の開催を最後に改修工事に入り、総工費約5億5000万ドル（約870億円）をかけてリニューアル。スタンド、パドックの施設のほか、芝コースの内側に1周1600メートルのオールウエザー（タペタ）コースが新設され、18日がオープン日となる。来年のBC開催は22年ぶりに同競馬場で行われることが決定。

　▽ジョッキークラブゴールドC　創設は1919年で、凱旋門賞より１年早い。当初は「ジョッキークラブステークス」の名称でベルモントパーク競馬場のダート2400メートルを舞台とし、90年から現在の2000メートル戦に定着した。創設当初からニューヨーク秋開催におけるメインレースに位置づけられていたが、84年にブリーダーズカップが立ち上げられると、その前哨戦へと様変わり。歴代の勝ち馬にはシガー、カーリンなどがいる。21年から25年までは番組再編や競馬場の改装工事により、サラトガ競馬場が代替地となっていた。",[],[]
14年連続PS進出は最長タイ記録も「知らなかった」とド軍監督「簡単でない」と選手のハングリー精神称賛（スポニチアネックス）,https://news.yahoo.co.jp/articles/02f201441e64133423cfbfb0c2f56511efb4e649,https://newsatcl-pctr.c.yimg.jp/t/amd-img/20260915-00000117-spnannex-000-8-view.jpg?exp=10800,2026-09-15T10:32:59+09:00,2026-09-15T10:48:26+09:00,スポニチアネックス,spnannex,スポニチアネックス,1123,"レッズ戦に勝利し、14年連続でPS進出を決めた試合後に取材に応じるドジャース・ロバーツ監督（撮影・柳原　直之）
◇ナ・リーグ　ドジャース4ー1レッズ（2026年9月14日　シンシナティ）

　ドジャースは14日（日本時間15日）、敵地でのレッズ戦に勝利し、MLB史上最長タイとなる14年連続でポストシーズン（PS）進出を決めた。試合終了時点でナ・リーグ西地区優勝へのマジックナンバーを「3」まで減らした。
【写真あり】「ホント大谷さん好きだよねー」ゲレロが大谷翔平を発見→帽子取り深々お辞儀
ワールドシリーズ3連覇を目指す上で、PS進出とまずは“第1関門”を突破したロバーツ監督は「素晴らしいことだ。ポストシーズンでプレーできることを決して当たり前だと思ってはいけない。特別なことだからね。何度も経験している選手もいれば、こういう経験をしたことがない選手もいる」と安堵した。

　その上で「今日伝えたのは、まだベストの野球に近いものすらできていないということ。それでも残り12試合でポストシーズンへの切符を手にした。それは、この球団全体について多くを物語っていると思う」とまだ「完全体」なチームとは言えないが、PS切符を手にしたことがチーム力の高さと称え「あとは最後まで強く戦うこと」と力強く語った。

　14年連続でのPS進出は1991年～2005年まで「14季連続」で進出したブレーブスに並び、MLB最長記録で「本当に素晴らしい。これが歴代最多に並ぶ記録だとは知らなかった」と自身のチームを自賛。「私が最も誇りに思うのは、長期間にわたって勝ち続けていること。どんなチーム、どんな組織でも、すべてがかみ合えばある1年に勝つことはできる。でも、毎年それを期待されながら、毎年やり続ける。それは、この組織全体がどれだけ優れているかを示している」と継続することの難しさを訴え、ドジャースの組織力の高さに胸を張った。

　14年の間に選手は多く入れ替わり、勝利への“慣れ”も出てくる。それだけにロバーツ監督は「簡単ではない。みんなが思っているより、ずっと難しいと思う」と繰り返し「人間の本質として、何かに飢えて、それを追いかけている時の方がモチベーションを持ちやすい。一度成し遂げてしまうと、『もうやったことだ』となって、新鮮さがなくなってくる」と力説。「それでも選手たちを熱意のある状態にして、集中させ、ハングリーでいさせ続けるのは難しい。でも、選手たちはそれを続けてきた。我々は24年、25年と同じくらい今もハングリーだ。今季はまた別のシーズンで、選手たちもそれを理解している」と3連覇に向けて、今年も選手たちはハングリーさを失っていないと称えた。",[],[]
岡本和真7戦5発の逆転33号　止まらぬバットで昨季鈴木の32発抜き「日本人右打者最多本塁打」に浮上（スポニチアネックス）,https://news.yahoo.co.jp/articles/38398c3c893ede74be63ae414830ced90681c813,https://newsatcl-pctr.c.yimg.jp/t/amd-img/20260915-00000116-spnannex-000-10-view.jpg?exp=10800,2026-09-15T10:27:28+09:00,2026-09-15T11:21:17+09:00,スポニチアネックス,spnannex,スポニチアネックス,655,"33号を放つブルージェイズ・岡本（ロイター）
◇ア・リーグ　ブルージェイズ-タイガース（2026年9月14日　トロント）

　日本人最強右打者に踊り出た!ブルージェイズの岡本和真内野手（30）が14日（日本時間15日）、本拠地でのタイガース戦に「6番・三塁」で先発出場。2-4の7回2死一、二塁第4打席で、フィネガンから2戦連発となる33号左越え逆転3ランをマークした。
【写真】【動画】超かわいい！デコピンの始球式
本拠地がその打球に一斉に熱狂する。打った岡本も柵越えを確信する豪快弾。右腕が投じた95マイル（約153キロ）の直球を真芯で捉えて振り抜くと、打球速度107．3マイル（約173キロ）、飛距離390フィート（約118．9メートル）、打球速度31度の一撃は左翼席に突き刺さった。

　ここ7戦5発目と「アーチ量産」を続ける背番号7。そして、この一発で昨季鈴木誠也（カブス）が記録した32本塁打を抜き、「日本人右打者最多本塁打」に浮上した。日本人新人&球団新人最多本塁打、そして球団新人最多打点の数字も次々と塗り替える背番号7に、シュナイダー監督も絶大の信頼を寄せている。

　前日13日（同14日）の32号は、5回の第3打席。スプリンガー、ゲレロに続く3者連続弾となった。この一発で、古巣巨人の大先輩、松井秀喜（ヤンキース）の最多本塁打31を抜く「ゴジラ超え」も達成していた。

　ワイルドカードでのプレーオフ進出を目指した戦いのまっただ中。勢いが止まらない岡本のバットが、チームをけん引している。",[],[]
「9月の勢い」は10月に通用しない？　過去30年を徹底検証　26勝4敗でもPS初戦敗退（スポニチアネックス）,https://news.yahoo.co.jp/articles/4753553fc1a59355be5b3e7daae7233734e2118a,https://newsatcl-pctr.c.yimg.jp/t/amd-img/20260915-00000115-spnannex-000-12-view.jpg?exp=10800,2026-09-15T10:26:39+09:00,2026-09-16T04:06:07+09:00,スポニチアネックス,spnannex,スポニチアネックス,771,"MLBロゴ
「9月の勢い」は10月の短期決戦に持ち越されるのか。米野球専門サイト「ベースボール・プロスペクタス」でロブ・メインズ記者が、1995年以降の地区シリーズ進出240チーム（2020年を除く）を対象に検証したところ、興味深い結論が出た。

　象徴的なのが2001年のアスレチックスと17年のインディアンスだ。アスレチックスは9月23勝4敗、インディアンスに至っては26勝4敗と圧倒的な勢いでレギュラーシーズンを終えながら、ともに地区シリーズでヤンキースに2勝3敗で敗退した。逆に98年のパドレスは9月9勝15敗と負け越しながらワールドシリーズまで勝ち上がった。さらに00年のヤンキースはシーズン終盤に大失速しながら、10月に入ると一変。地区シリーズでアスレチックス、リーグ優勝決定シリーズでマリナーズ、ワールドシリーズではメッツを破り、世界一に輝いた。

　こうした現象を数字でも検証した。相関係数は二つのデータがどの程度連動しているかを示し、1に近ければ強い正の関係、マイナス1に近ければ逆の関係、0に近ければほとんど関係がないことを意味する。9月の勝率とポストシーズンでの成功度との相関係数は、地区シリーズ0.04、リーグ優勝決定シリーズがマイナス0.15、ワールドシリーズ0.06。いずれもほぼゼロだった。つまり「9月に強かったチームほど10月にも強い」という、よく語られる“勢い”を裏付けるデータはほとんどなかったことになる。実際、1995年以降のワールドシリーズでは、9月の成績が良かった側が12勝16敗と、むしろ負け越している。

　筆者の結論は明快だ。プレーオフ進出チームは9月に負け込んだからといって悲観する必要はなく、連勝しているからといって安心もできない。「9月の成績は10月の成功も失敗も予告しない」としている。",[],[]
今年も「落語大相撲圓雀場所」開催　角界から押尾川親方、世話人錦風も出演（スポニチアネックス）,https://news.yahoo.co.jp/articles/e0f12f3d0e8414da32eb0b301f4a0830026fc01f,https://newsatcl-pctr.c.yimg.jp/t/amd-img/20260915-00000114-spnannex-000-6-view.jpg?exp=10800,2026-09-15T10:26:32+09:00,2026-09-16T00:59:03+09:00,スポニチアネックス,spnannex,スポニチアネックス,402,"落語大相撲圓雀場所を開催する三遊亭圓雀
好角家で知られる落語家の三遊亭圓雀が今年も「落語大相撲圓雀場所」を開催する。会場は深川江戸資料館小劇場で、開演は10月5日午後6時15分。今年の三遊亭圓雀は大相撲落語の新作を2席演じる。

　ゲストには、笑点などでもおなじみの師匠・三遊亭小遊三（千早ふる）、講談の神田紅希さん（雷電の初土俵）を迎え、さらに角界からも昨年同様に押尾川親方（元関脇・豪風）、世話人の錦風が出演し、スー女レスラーDASH・チサコ、相撲ライターの佐藤祥子（どす恋花子）と対談する。

　また、今年も浴衣生地で作製した品物が当たる抽選会を実施。三遊亭圓雀は「今年も落語大相撲圓雀場所の季節がやって来ました。江戸時代から現代に続く国技・大相撲をやはり江戸時代から現代に続いている古典芸能である落語・講談で今昔の大相撲を噺で楽しませんか！？　多くの方々のご来場をお待ちしております」とPRした。",[],[]
M!LK佐野勇斗　両親との「みずいらず」仲良しS公開に反響「仲良すぎてびびる」「めっちゃオシャレ」（スポニチアネックス）,https://news.yahoo.co.jp/articles/e9b933d737492c1df87ec107629fdcc0b663d474,https://newsatcl-pctr.c.yimg.jp/t/amd-img/20260915-00000113-spnannex-000-4-view.jpg?exp=10800,2026-09-15T10:21:06+09:00,2026-09-15T10:46:19+09:00,スポニチアネックス,spnannex,スポニチアネックス,425,"「M！LK」佐野勇斗の公式インスタグラム（sanohayato_milk）から
5人組ダンスボーカルグループ「M!LK」の佐野勇斗（28）が14日、自身のインスタグラムを更新。両親との“水入らず”肩組みショットを公開した。
【写真あり】「best friends」メンバー5人の集合Sにファン歓喜「素敵」「ありがとう」
「みずいらず」と記し、ジャケットを着た2人とのスリーショットを披露した。

　さらに「両親のジャケットは両方僕のです」とも添え、2人が両親であり、ジャケットも佐野の物であることを明かした。

　この投稿に、24万を超える「いいね！」が集まる大反響。ファンからは「かっっっこ良すぎる」「めっちゃオシャレ」「仲良すぎてびびる」「素敵すぎる親子」「最高のショット」「ゆっくりできて良かったね」「家族と仲良すぎるの可愛い」「佐野家ほんと仲良しで素敵　いい写真」「ほんとにいつまででも仲良しだねえ　いい家族」などのコメントが寄せられている。",[],[]
レインボー池田「おもろいやつだなと思って…」　妻・佐藤佳奈に最近キュンキュンしたこととは？（スポニチアネックス）,https://news.yahoo.co.jp/articles/ec0dee3abcbf0b864440864c03b725a1440096b4,https://newsatcl-pctr.c.yimg.jp/t/amd-img/20260915-00000112-spnannex-000-4-view.jpg?exp=10800,2026-09-15T10:17:52+09:00,2026-09-15T10:32:29+09:00,スポニチアネックス,spnannex,スポニチアネックス,417,"お笑いコンビ「レインボー」の池田直人
お笑いコンビ「レインボー」の池田直人（32）が10日配信のABEMA「めるぷち選抜決定戦2026」に出演。妻で元読売テレビアナウンサーの佐藤佳奈に最近キュンキュンしたエピソードを明かした。
【写真あり】左手薬指には指輪がキラリ
この番組は、女子小中高生に大人気のYouTubeメディア「めるぷち」が送るTEENインフルエンサーのオーディションを配信。この日は番組終盤に「めるぷち」で活躍するTEENインフルエンサーたちが、池田に突撃して結婚を祝福した。

　TEENインフルエンサーたちから「最近キュンキュンしたエピソードはありますか？」という質問が飛んだ。

　池田は「レッスンとか学ばないといけないこともあるんやって…」と語り始めた。「そのレッスンを一番最初に披露してくれた。家でダンスや歌をやってる時に、おもろいやつだなと思ってキュンとしました」と妻の愛おしい一面を恥ずかしそうに明かした。",[],[]
「よくやった！」14年連続PS進出決めロバーツ監督がシャンパン片手に乾杯音頭「最高の野球はこれから」（スポニチアネックス）,https://news.yahoo.co.jp/articles/c89d52c97e3f48a64396ea3fc9112e9106d9ad88,https://newsatcl-pctr.c.yimg.jp/t/amd-img/20260915-00000111-spnannex-000-5-view.jpg?exp=10800,2026-09-15T10:17:14+09:00,2026-09-15T10:22:34+09:00,スポニチアネックス,spnannex,スポニチアネックス,857,"ドジャースのデーブ・ロバーツ監督
◇ナ・リーグ　ドジャース4ー1レッズ（2026年9月14日　シンシナティ）

　ドジャースは14日（日本時間15日）、敵地でのレッズ戦に勝利し、MLB史上最長タイとなる14年連続でポストシーズン（PS）進出を決めた。試合終了時点でナ・リーグ西地区優勝へのマジックナンバーを「3」まで減らした。
【写真あり】「ホント大谷さん好きだよねー」ゲレロが大谷翔平を発見→帽子取り深々お辞儀
試合後、ロバーツ監督をはじめ選手らはシャンパンで乾杯し、PS進出を祝った。指揮官はシャンパングラスを片手に「まずは、おめでとう。選手たち、ここにいない選手たち、コーチ陣、スタッフ、みんな、本当におめでとう」とPS進出を祝福。「残り12試合の時点で今のこの位置にいるということ自体が、我々の底力を物語っている。残り12試合、よそ見をせずに突き進もう」とレギュラーシーズン最後まで完走しようと選手を激励した。

　そして「これからもお互いのためにプレーし続けよう。まだ試合はたくさん残っているし、先ほども言ったように、我々の『最高の野球』はこれからなんだから」と3連覇に向けた激しい戦いはこれから始まると覚悟。「だから、今夜は楽しんで、この瞬間を祝おう」と呼びかけた。

　その上で「でも明日は勝たなければならない。明日はヤマモト（山本由伸）が投げる。勝たなきゃならないんだ。我々は進み続けなければならない」と祝うのはこの日限りとし、まずは次戦の必勝を誓った。

　続けて「とにかく、この瞬間を楽しんでくれ。ポストシーズンに進出できるのは最高のことだ。ポストシーズンの野球に勝るものはない。そしてもう一度言うが、私はこの部屋にいる君たち以上の素晴らしい仲間と一緒に戦いたいとは思わない。よそ見をせず、自分たちの野球を続けよう。さっきも言ったように、我々の『最高の野球』はこれからだ。それを肝に銘じておいてくれ。みんなでグラスを掲げよう。おめでとう、みんな。よくやった！」と力強く語り、乾杯の音頭を取った。",[],[]
レインボー池田　本当はパラグライダーに乗りながらプロポーズ予定だった！？「雨が降って出来なかった」（スポニチアネックス）,https://news.yahoo.co.jp/articles/2cd5748cb01c0f08f29fcf8d88f48d1a855b43e6,https://newsatcl-pctr.c.yimg.jp/t/amd-img/20260915-00000110-spnannex-000-4-view.jpg?exp=10800,2026-09-15T10:16:05+09:00,2026-09-15T10:29:46+09:00,スポニチアネックス,spnannex,スポニチアネックス,466,"お笑いコンビ「レインボー」の池田直人
お笑いコンビ「レインボー」の池田直人（32）が10日配信のABEMA「めるぷち選抜決定戦2026」に出演。妻で元読売テレビアナウンサーの佐藤佳奈へのプロポーズについて明かした。
【写真あり】左手薬指には指輪がキラリ
この番組は、女子小中高生に大人気のYouTubeメディア「めるぷち」が送るTEENインフルエンサーのオーディションを配信。この日は番組終盤に「めるぷち」で活躍するTEENインフルエンサーたちが、池田に突撃して結婚を祝福した。

　TEENインフルエンサーたちから「プロポーズした場所は？」という質問が飛んだ。

　池田は「ホテルのひと部屋」とひと言で回答した。

　そして本当はパラグライダーに乗りながらプロポーズする予定だったと明かした。「パラグライダー乗りながらバラの花束を持って、相手が降りているところにプロポーズしようと思っていた。いろいろ手配はしてたんだけど、雨が降って出来なくなった」と断念したという。

　「渋々ホテルでプロポーズすることになりました」と回想した。",[],[]
中村ゆりさん　制作側から厚い信頼　岩井俊二監督「君を想定して考えていた企画が…」名演技で作品支える（スポニチアネックス）,https://news.yahoo.co.jp/articles/c4f82e5a380d2c5db4d64547bbc3c68233a53097,https://newsatcl-pctr.c.yimg.jp/t/amd-img/20260915-00000109-spnannex-000-6-view.jpg?exp=10800,2026-09-15T10:00:02+09:00,2026-09-15T10:08:06+09:00,スポニチアネックス,spnannex,スポニチアネックス,1147,"中村ゆりさん
◇中村ゆりさん死去

　女優の中村ゆりさんが1日、直腸がんのため死去した。44歳。大阪府出身。数多くのドラマや映画に出演し、確かな演技力で作品を支えた中村さん。訃報を受け、これまで作品をともに作ってきた監督や脚本家から追悼の声が寄せられた。中でも、映画監督や脚本家の言葉からは、俳優としての実力だけでなく、制作側から寄せられていた厚い信頼が浮かび上がった。
【写真あり】盟友・中村ゆりさん死去に沈痛
2016年公開の映画「リップヴァンウィンクルの花嫁」で中村さんを起用した岩井俊二監督は、中村さんの訃報を受け「中村ゆりさん、信じられない。君を想定して考えていた企画がありました」と投稿。中村さんを念頭に置いて企画を考えていたことを明かした。

　さらに「『リップヴァンウィンクルの花嫁』ではウェディングドレス姿がほんとに美しかった」と撮影を振り返り、「ご冥福をお祈りします。いや…まだこの現実が受け入れがたい」と悲痛な思いをつづった。

　一方、脚本家の長田育恵氏も「中村ゆりさんの訃報に接し、言葉を失っております」と追悼。「順調に回復なさっているとお伺いしていただけに、ただただ驚きと悲しみで胸が詰まる思いです」と驚きを示した。

　長田氏がメインライターを務め、2027年1月期に放送予定のNHKドラマ10「デンジャラス」でも中村さんを起用。今年7月、腸閉塞のため降板することが発表され、代役は菊地凛子が務めることになっていた。

　長田氏は「『デンジャラス』の制作にあたっても、大変な熱意を持って取り組んでくださり、台本も楽しみにお読みくださっていました」と回想。降板理由が「腸閉塞」と発表されていたことから、「今回、事務所の発表を通じ、闘病の経緯を初めて知りました」と明かした。

　続けて「最後まで強く、美しく、気丈に闘病されたお姿に心から敬意を表します。中村ゆりさんの作品に対する思いを受け継ぎ、現場一丸となって良い作品を届けることが、私たちにできることだと感じています。まだ心の整理はつきませんが…心よりご冥福をお祈り申し上げます」と、強い使命感を示し追悼した。

　脚本家・清水友佳子氏は「言葉が見つからないのですが…」と吐露し「中村さんとは2度ほどご一緒して、特に主役を演じて下さったWOWOW『ポイズンドーター・ホーリーマザー』の中の一編『ベストフレンド』は個人的にとても思い入れのある作品でした」と回顧。「脚本家の卵の女性の役だったのですが、かつての自分の心情が蘇ってくるような喜怒哀楽の表現が本当に素晴らしくて、試写を見た時泣きました。また絶対ご一緒したかった。残念です。寂しいです。。」と、自身の経験がよみがえるような演技だったと振り返り、故人を偲んだ。",[],[]
ドジャース史上最長タイ14年連続PS進出決定！地区5連覇への優勝マジックも「3」（スポニチアネックス）,https://news.yahoo.co.jp/articles/2647f3de3183933e56a4e9a8614f1c6e94e222ba,https://newsatcl-pctr.c.yimg.jp/t/amd-img/20260915-00000108-spnannex-000-11-view.jpg?exp=10800,2026-09-15T09:57:00+09:00,2026-09-15T10:10:00+09:00,スポニチアネックス,spnannex,スポニチアネックス,640,"ドジャースのデーブ・ロバーツ監督
◇ナ・リーグ　ドジャース4ー1レッズ（2026年9月14日　シンシナティ）

　ドジャースは14日（日本時間15日）、敵地でのレッズ戦に勝利し、MLB史上最長タイとなる14年連続でポストシーズン（PS）進出を決めた。試合終了時点でナ・リーグ西地区優勝へのマジックナンバーを「3」とし、他チームの勝敗次第ながら、最短で15日（同16日）にも地区5連覇が決まる。
【写真あり】ドジャースMVPトリオ夫人3ショット！夫人会の集合写真に真美子さんも！
2回にタッカーが相手先発・ロドロの高め直球を振り抜き、右翼ポール際へ先制の15号ソロ。4年総額2億4000万ドル（約381億6000万円、当時）の大型契約で加入もなかなか調子が上がらなかったが、9月に入って3発目とPSに向けて好材料となった。

　4回には2死一塁からT・ヘルナンデスが相手左腕の初球、内寄りの直球を逆方向の右中間席に運ぶ14号2ランでリードを拡大。こちらは9月に入って月間打率4割超えと絶好調でPSへ頼もしい存在となっている。

　先発したスクバルは7回3安打無失点、毎回の9奪三振を奪う圧巻投球で相手打線をねじ伏せた。後を継いだ救援陣もリードを守り切って勝利をつかんだ。

　ドジャースの14年連続PS進出はMLB最長記録タイ。ブレーブスも1991年から2005年まで「14季連続」でPS進出を果たしているが、94年はストライキの影響でポストシーズンがなかったため、15年を要した。",[],[]
Bジェイズ　ソリアーノが6回まで「ノーヒッター」　6回1死で「完全」途切れるも本拠地ざわつき始める（スポニチアネックス）,https://news.yahoo.co.jp/articles/1bd7a33dd1f0f0aff002bf1a30ca998a761c0871,https://newsatcl-pctr.c.yimg.jp/t/amd-img/20260915-00000107-spnannex-000-8-view.jpg?exp=10800,2026-09-15T09:54:18+09:00,2026-09-16T04:06:03+09:00,スポニチアネックス,spnannex,スポニチアネックス,359,"快投を続けるブルージェイズ・ソリアーノ（ロイター）
ブルージェイズのホセ・ソリアーノ投手（27）が14日（日本時間15日）、本拠地でのタイガース戦に先発登板し、6回まで無安打無得点投球の快投を披露している。

　6回1死までは、打者16人で封じる完全投球。17人目の打者のマキンストリーに四球を与えたが、それでもこの回無安打に封じ「ノーヒッター」は続いている。

　ここまでは、6回69球の「省エネ」投球。150キロを超えるシンカーを中心に組み立て、ナックルカーブなども織りまぜタイガース打線を抑え続けている。チームも2-0でリードしている。

　右腕は、今季シーズン途中にエンゼルスからトレード移籍で加入。今季ここまで通算12勝7敗、防御率3．42で、移籍後も3勝1敗とワイルドカード争いを続けるチームを支えている。",[],[]
レインボー池田「幸せな気持ちになる」　妻・佐藤佳奈アナの好きなところ赤裸々告白「とてもすてきな方」（スポニチアネックス）,https://news.yahoo.co.jp/articles/71883f38aba4eeb9b056f26e72e33ccd7579794e,https://newsatcl-pctr.c.yimg.jp/t/amd-img/20260915-00000106-spnannex-000-4-view.jpg?exp=10800,2026-09-15T09:53:40+09:00,2026-09-15T10:09:33+09:00,スポニチアネックス,spnannex,スポニチアネックス,421,"お笑いコンビ「レインボー」の池田直人
お笑いコンビ「レインボー」の池田直人（32）が10日配信のABEMA「めるぷち選抜決定戦2026」に出演。妻で元読売テレビアナウンサーの佐藤佳奈の好きなところを赤裸々告白した。
【写真あり】結婚発表アナ「人生でやりたかったことの1つ」かなえた！
この番組は、女子小中高生に大人気のYouTubeメディア「めるぷち」が送るTEENインフルエンサーのオーディションを配信。この日は番組終盤に「めるぷち」で活躍するTEENインフルエンサーたちが、池田に突撃して結婚を祝福した。

　いきなり「奥さんの好きなところはどこですか？」という質問が飛ぶと、池田は「めるぷちのみんなにスカすわけにはいかんからな～」と口にしたうえで、「物事を楽しむ気持ちがとてもすてきな方」と明かした。

　「“今日はお風呂入りながらアイスを楽しもう”みたいなこととかそういうの見てるだけでも幸せな気持ちになる」と恥ずかしそうに明かした。",[],[]
カブスPCA　大谷翔平以来、史上7人目の偉業に前進　「40―40」にあと3盗塁、本拠に大歓声渦巻く（スポニチアネックス）,https://news.yahoo.co.jp/articles/6b77706b332b43aa8f3e045f62ecd5a29bdd46f5,https://newsatcl-pctr.c.yimg.jp/t/amd-img/20260915-00000105-spnannex-000-10-view.jpg?exp=10800,2026-09-15T09:48:06+09:00,2026-09-16T04:05:58+09:00,スポニチアネックス,spnannex,スポニチアネックス,547,"カブスのクロ―アームストロング（AP）
◇ナ・リーグ　カブス―ブレーブス（2026年9月14日　シカゴ）

　カブスの「PCA」ことピート・クローアームストロング外野手（24）が14日（日本時間15日）、敵地でのブルワーズ戦に「1番・中堅」で先発出場。今季37個目の盗塁を記録し、24年の大谷翔平以来、メジャー史上7人目となる「40―40」まであと3盗塁に迫った。

　まずはバットでチームを勢いづけた。先制した直後の2回2死一、三塁。ブレーブス先発・ロペスの外角チェンジアップを巧みなバットコントロールで捉え、右翼線に運んだ。塁上の2人を本塁に迎え入れる貴重な2点二塁打。3試合、10打席ぶりの安打で貴重な追加点をたたき出した。

　5―0の4回1死、右前打で出塁すると次打者・鈴木の3球目にスタート。二塁へ勢いよくヘッドスライディングし、今季37個目の盗塁を成功させた。偉業へ近付く盗塁成功に、本拠には大歓声が渦巻いた。

　6日（同7日）のマーリンズ戦で今季40号を放ち、カブス史上初となる「40本塁打、30盗塁」を達成した。盗塁を記録するのは8日（同9日）のブルワーズ戦以来、5試合ぶり。この日を入れてシーズン残りは12試合。MVPの最有力候補と目されるPCAが、偉業に向けて突き進む。",[],[]
本当に強いのか？　村上宗隆のWソックス、終盤失速も米メディアが注目する「予想外の躍進」の正体（スポニチアネックス）,https://news.yahoo.co.jp/articles/2b86822806584f768f5e6883d799092777c3937b,https://newsatcl-pctr.c.yimg.jp/t/amd-img/20260915-00000102-spnannex-000-6-view.jpg?exp=10800,2026-09-15T09:35:11+09:00,2026-09-15T18:40:11+09:00,スポニチアネックス,spnannex,スポニチアネックス,1125,"ホワイトソックスのトリスタン・ピーターズ（AP）
村上宗隆を擁するホワイトソックスの快進撃は本物なのか。シーズン最終盤に失速し、ア・リーグ中地区の優勝争いは混戦となっている。そんな中、米移籍情報サイト「MLBトレード・ルーマーズ」は14日、「ホワイトソックスのあり得ないブレーク」と題した特集を掲載。今季の躍進を支える「最大のサプライズ」として26歳の外野手トリスタン・ピーターズを取り上げた。
【写真あり】人気美人アナ、村上宗隆の“歴史的瞬間”を現地観戦！
ホワイトソックスは大補強で首位争いに加わったわけではない。村上を現在では格安といえる2年契約で獲得した一方、他のFA補強は比較的小規模。それでも村上、コルソン・モンゴメリー、ミゲル・バルガスがそろって30本塁打を突破するなど、複数の選手が一斉にブレークした。その象徴がピーターズだ。2021年ドラフト7巡目でブルワーズ入りし、ジャイアンツ、レイズと渡り歩いたが、一度も所属球団の有望株トップ30に入らなかった。昨季レイズでメジャーデビューして12打席無安打。オフにはDFA（事実上の戦力外）となり、ホワイトソックスが金銭トレードで獲得した。

　異色なのはプロ入り前の経歴だ。2021年のドラフト前に、ジョージア州サバンナを本拠とする「サバンナ・バナナズ」でプレーした経験がある。同球団は通常の野球にダンスなどのショー的演出を融合させ、現在は試合時間の短縮など独自ルールを採用した「バナナ・ボール」で全米的人気を集めるエンターテインメント球団。ピーターズは今季の活躍から、バナナズと本塁打王バリー・ボンズを掛けた「バナナ・ボンズ」の愛称まで付いた。

　ところが、その“元バナナズの無名選手”が今季は球宴にも選出された。後半戦に入って数字を落とした時期もあったが、直近104打席では打率・333、出塁率・404、長打率・634と再び上昇。守備でもStatcastのOAA（平均を上回るアウト獲得数）でプラス11を記録するなど、中堅手として高い価値を示している。

　もちろん、チームには不安もある。シーズン終盤に入って黒星が増え、地区優勝は予断を許さない。それでも今季の躍進が一人のスターだけによるものではなく、村上、モンゴメリー、バルガス、ピーターズら複数の選手の台頭によって生まれたことは確かだ。

　「トレード・ルーマーズ」はピーターズについて「DFAで拾われた選手から、4球団目で正真正銘の中核選手に見える存在になった」と評価した。失速を乗り越えて地区優勝までたどり着けるのか。“バナナ・ボンズ”に象徴されるホワイトソックスの予想外の快進撃が本物かどうか、最後の2週間で答えが出る。",[],[]
Bジェイズ　エンゼルスから移籍のソリアーノが5回まで「完全投球」　ワイルドカード争い中に価値ある快投（スポニチアネックス）,https://news.yahoo.co.jp/articles/3a5cffd78011cdd768d76100df924290a19b1d40,https://newsatcl-pctr.c.yimg.jp/t/amd-img/20260915-00000101-spnannex-000-8-view.jpg?exp=10800,2026-09-15T09:35:04+09:00,2026-09-16T04:07:03+09:00,スポニチアネックス,spnannex,スポニチアネックス,329,"快投を続けるブルージェイズ・ソリアーノ（ロイター）
◇ア・リーグ　ブルージェイズ-タイガース（2026年9月14日　トロント）

　ブルージェイズのホセ・ソリアーノ投手（27）が14日（日本時間15日）、本拠地でのタイガース戦に先発登板し、5回まで打者15人で封じる「完全投球」を披露している。150キロを超えるシンカーを中心に組み立て、ナックルカーブなども織りまぜタイガース打線を手玉に取っている。チームはここまで2-0でリードしている。

　右腕は、今季シーズン途中にエンゼルスからトレード移籍で加入した。今季ここまで両軍通算12勝7敗、防御率3．42。ブルージェイズに移籍後も3勝1敗と先発の役目を果たし、ワイルドカード争いを続けるチームを支えている。",[],[]
メッツが手放したアロンソ、35発＆100打点で古巣凱旋　PS絶望の本拠地で大歓迎（スポニチアネックス）,https://news.yahoo.co.jp/articles/da7c62699de50eb9f87ccbfdb84690fdca5f1204,https://newsatcl-pctr.c.yimg.jp/t/amd-img/20260915-00000100-spnannex-000-9-view.jpg?exp=10800,2026-09-15T09:31:43+09:00,2026-09-16T04:07:09+09:00,スポニチアネックス,spnannex,スポニチアネックス,807,"古巣のメッツ本拠地シティ・フィールドに凱旋し、ファンから温かい歓迎を受けるオリオールズのアロンソ（AP）
昨オフにメッツをFAで離れたオリオールズのピート・アロンソ内野手（31）が14日（日本時間15日）、古巣の本拠地シティ・フィールドに凱旋し、ファンから温かい歓迎を受けたとAP通信が報じた。

　アロンソはメッツ時代の背番号20のユニホームを着たファンから、打撃練習中に名前を連呼されるなど大歓声を浴びた。「ここには本当にたくさんの素晴らしい思い出がある。素晴らしい人たち、才能ある選手たちと一緒にプレーした。どんな感情が湧き上がってくるのか興味深い」と語った。

　メッツからドラフト指名され、7年間で球団最多の264本塁打を放った主砲。しかし球団は昨オフ、再契約に積極的に動かず、アロンソはオリオールズと5年総額1億5500万ドルで契約した。皮肉にも明暗は分かれた。アロンソは最下位オリオールズで打率・269、35本塁打、ア・リーグ最多の100打点、OPS・863、WAR4・1。

　一方、メッツでその穴を埋めた選手たちのWARは合計マイナス0・4で、チームもポストシーズン進出の可能性が消滅寸前となっている。それでもアロンソは古巣へのわだかまりを見せなかった。「球団の決断を尊重している。運営する人たちには、自分たちにとって何が最善かを決める権利がある」とした上で、「二つのことは同時に成り立つ。メッツで過ごした時間にとても感謝しているし、オリオールズにも心から感謝している」と話した。

　さらに凱旋試合には特別な意味がある。アロンソは通算299本塁打で、節目の300号まであと1本。古巣メッツ戦で達成すれば、1000試合以上出場した古巣を相手に通算300号を放った史上3人目となる。同じく299本塁打の元同僚フランシスコ・リンドアについて「同じ試合で2人とも達成できたら本当にクールだね」と笑った。",[],[]
ドジャースは本命じゃない！球界幹部＆スカウトらが選んだV候補1位はブルワーズ「ミズなら誰とでも互角」（スポニチアネックス）,https://news.yahoo.co.jp/articles/7b3e3a35f5a05e9e83d465cb732d0d9135dd7b17,https://newsatcl-pctr.c.yimg.jp/t/amd-img/20260915-00000099-spnannex-000-9-view.jpg?exp=10800,2026-09-15T09:24:12+09:00,2026-09-16T04:07:07+09:00,スポニチアネックス,spnannex,スポニチアネックス,809,"ブルワーズ先発のジェーコブ・ミジオロウスキー（AP）
大谷翔平を擁するドジャースはナ・リーグの優勝候補筆頭ではない？米スポーツ専門局「ESPN」電子版が、ポストシーズンを前に球界の幹部、スカウト計16人を対象に「各リーグの優勝候補の筆頭はどこか」とアンケートを実施。ナ・リーグではブルワーズが最多の6票を集め、ドジャースの5票を上回った。フィリーズが4票、カブスが1票だった。公平性を保つため、優勝争いをしている球団の関係者は投票から除外したという。

　昨年も同様の調査でブルワーズがナ・リーグのトップだった。実際のポストシーズンではリーグ優勝決定シリーズでドジャースに敗れたが、球界関係者の評価は落ちていない。最大の理由は投手力だ。チーム防御率は昨季とほぼ同水準ながら、先発陣の上位とブルペンを含めた投手力はメジャーでも屈指と評価されている。

　特に注目されたのが若手右腕ジェイコブ・ミジオロウスキーとローガン・ヘンダーソン。ナ・リーグのスカウトは「ミジオロウスキーとヘンダーソンが、昨年よりブルワーズを推せる理由だ。このワンツーパンチならドジャースとも渡り合える」と評価した。

　別のナ・リーグ球団幹部も「ブルワーズの若手は大舞台でも動じない」と指摘。一方、ドジャースについては「もし大谷が本来の状態ではなく、投げられないのであれば弱点が生まれる可能性がある」とした。その上で「ミルウォーキーはあらゆる面で昨年より少しずつ良くなり、投手力も増した。ミズ（ミジオロウスキー）なら誰が相手でも互角に勝負できる」と話した。

　ESPNは今季、ナ・リーグの方がア・リーグより強豪がそろっていると分析。その中でブルワーズ、ドジャース、フィリーズへの票はわずか2票差に集中した。絶対的な本命が不在の混戦模様だが、球界内部では強力な投手陣を擁するブルワーズが、ドジャースをわずかに上回る「優勝候補の筆頭」と見られている。",[],[]
クリッパーズ　公式SNSで八村塁＆河村勇輝の練習公開！ファン興奮「熱い」「一緒プレーするのが見たい」（スポニチアネックス）,https://news.yahoo.co.jp/articles/e298893466a9a924fe2b7b9fccda467b5ea46fd7,https://newsatcl-pctr.c.yimg.jp/t/amd-img/20260915-00000098-spnannex-000-4-view.jpg?exp=10800,2026-09-15T09:23:28+09:00,2026-09-15T10:14:18+09:00,スポニチアネックス,spnannex,スポニチアネックス,415,"クリッパーズの公式インスタグラム（＠laclippers）から
NBAクリッパーズは、14日（日本時間15日）に公式SNSを更新。八村塁や河村勇輝のトレーニングショットを投稿した。
【写真あり】念願スター選手との2ショット
公式インスタグラムでは「Putting in the work（努力を重ねる）」と選手たちのトレーニングショットを公開した。

　さらに公式X（旧ツイッター）では「Rui and Yuki with the squad（塁と勇輝がチームメートと一緒に）」と今季からクリッパーズに新加入した八村と現在「エグジビット10」契約中である河村のシューティングショットを投稿した。

　ネットでは「今シーズンはこのチームを見ていて楽しくなりそうだ！」「一緒にプレーするのが楽しみだ」「頑張れ！」「熱すぎる！」「クリッパーズのSNS班もわかってるなｗ」「NBAで一緒にプレーするところも見たいな！」などの声があがった。",[],[]
声優・上坂すみれ　誘拐・殺害予告　所属事務所が声名　イベントや公演巡り「出演可否を検討中」（スポニチアネックス）,https://news.yahoo.co.jp/articles/67e98dc869a9d2bfe2f09490f15af86c52a72197,https://newsatcl-pctr.c.yimg.jp/t/amd-img/20260915-00000097-spnannex-000-7-view.jpg?exp=10800,2026-09-15T09:21:17+09:00,2026-09-15T09:58:32+09:00,スポニチアネックス,spnannex,スポニチアネックス,602,"上坂すみれ
声優・上坂すみれ（34）の所属事務所「ボイスキット」は15日、上坂に対する脅迫行為が確認されているとして対応などに関する声名を発表した。脅迫文には「9月27日までに複数名で誘拐し、殺害する」などとする具体的な殺害予告が確認されているという。同日までに予定されているイベントや公演への出演について、主催者や関係各所と協議しながら可否を慎重に検討していると伝えた。
【写真あり】人気美人声優「吹雪ちゃん」10年越しのビフォアフS
事務所は脅迫文について「現在、『9月27日までに複数名で誘拐し、殺害する』といった内容、本人の現住所を把握し自宅付近での誘拐を示唆する内容を含む、具体的かつ悪質な殺害予告が確認されております」と報告。

　その上で「予告内容の具体性および危険性を踏まえ、本人および関係者の安全を最優先に考える」とし、9月27日までに予定されているイベント・公演などへの出演について「現在、主催者および関係各所と協議のうえ、出演の可否を慎重に検討しております」と対応を発表した。出演予定に変更が生じた場合は、改めて報告するという。

　ファンや関係者に向けては「ご心配をおかけいたしますが、安全確保を最優先とした対応にご理解いただけますと幸いです」と呼びかけ、本件を巡り「憶測や、対象となる人物・アカウントの特定、拡散等はお控えくださいますようお願い申し上げます」と注意を呼びかけた。",[],[]
エレカシ冨永義之、執行猶予付き判決　謝罪　被害者と示談成立　バンドの今後の活動は「決定次第…」（スポニチアネックス）,https://news.yahoo.co.jp/articles/cfac0ed3f290164458e0b19f6f45744b189cb772,https://newsatcl-pctr.c.yimg.jp/t/amd-img/20260915-00000096-spnannex-000-4-view.jpg?exp=10800,2026-09-15T09:17:23+09:00,2026-09-15T09:55:50+09:00,スポニチアネックス,spnannex,スポニチアネックス,545,"エレファントカシマシ（バンドの公式サイトから）
ロックバンド「エレファントカシマシ」は14日、ドラム・冨永義之について、昨年起こした道路交通法違反について8月31日に執行猶予付きの判決を受けたと公式サイトを通じて発表した。あわせて、被害者との示談が成立したことも報告した。
【写真あり】人気バンドメンバーの不祥事相次ぐ
事務所は「エレファントカシマシ ドラム 冨永義之が昨年起こしました道路交通法違反につきまして、8月31日 執行猶予付きの判決を受けました」と説明。「あわせて、被害者の方との示談が成立しておりますことをご報告申し上げます」とした。

　被害者に対して「事務所として改めまして心よりお詫び申し上げます」と謝罪。さらに「ファンの皆様ならびに関係者の皆様に多大なるご迷惑とご心配をおかけいたしましたことを深くお詫び申し上げます」とした。

　今後については「弊社はこの事態を重く受け止め、所属アーティストおよび社員に対する法令遵守の指導を徹底し、再発防止に全力で努めてまいります」とコメント。

　また、エレファントカシマシの今後の活動については「決定次第、エレファントカシマシオフィシャルサイトおよびオフィシャルファンクラブ『PAO』会員サイトにてお知らせいたします」とした。",[],[]
鈴木亮平　中村ゆりさん死去に悲痛「悔しい」　朝ドラ「花子とアン」で夫婦役　演技学校で出会い何度も共演（スポニチアネックス）,https://news.yahoo.co.jp/articles/35b364016f23a626bfdf58785fd4bb45290e0bc4,https://newsatcl-pctr.c.yimg.jp/t/amd-img/20260915-00000095-spnannex-000-4-view.jpg?exp=10800,2026-09-15T09:07:49+09:00,2026-09-15T09:46:46+09:00,スポニチアネックス,spnannex,スポニチアネックス,353,"鈴木亮平
俳優の鈴木亮平（43）が14日、自身のXを更新。今月1日に直腸がんのため44歳で死去した女優の中村ゆりさんを追悼した。鈴木は中村さんと2014年に放送されたNHK連続テレビ小説「花子とアン」で夫婦を演じるなど、何度も共演を重ねてきた。
【写真あり】44歳バースデーに“盟友”と仲良し2S見せていた
鈴木は「突然の訃報に心がまとまりません」と悲痛な思いを投稿。「中村ゆりさんとは、20年前に演技学校で出会い、その後も何度も共演させていただきました」とこれまでの歩みを振り返った。

　続けて「強く柔らかく、誇り高く美しく、まさに百合のような人でした」としのび、「悔しい」と思いを吐露した。

　中村さんの訃報は14日に所属事務所が発表した。多くのドラマや映画に引っ張りだこの名バイプレーヤーだった。",[],[]
愛魚家アイドル・佐々木ひまわり　テレビ初出演で「ファンも知らない一面」（スポニチアネックス）,https://news.yahoo.co.jp/articles/0b811a3149924268ff49b09cf85e43d144d71a17,https://newsatcl-pctr.c.yimg.jp/t/amd-img/20260915-00000090-spnannex-000-5-view.jpg?exp=10800,2026-09-15T09:00:00+09:00,2026-09-15T14:03:21+09:00,スポニチアネックス,spnannex,スポニチアネックス,1527,"カメラに向かってほほ笑む佐々木ひまわり
【牧　元一の孤人焦点】アイドルグループ「Hey！Mommy！（ヘイマミー）」の佐々木ひまわり（27）が9月17日放送の読売テレビ・日本テレビ系のバラエティー番組「ウチの子なにしてる？」（後11・59）に出演する。
【写真】船上でニッコリ！タチウオ釣りに初挑戦した佐々木ひまわり
佐々木は愛魚家として「幼魚サミット」に参加したり、スポニチ本紙の釣りコーナーでタチウオ釣りに挑むなど、アイドルの枠を超えた活動にもいそしんでいる。

　地上波のテレビ番組に個人で出演するのは初めてで「決まった瞬間、ルンルンでした。テレビに出演することが私の大きな目標の一つだったんです。どんな反響があるのか、今からワクワク、ドキドキしています」と瞳を輝かす。

　「ウチの子なにしてる？」は家族参観バラエティー。都会の「ちょっと特殊な世界」で活動する若者に密着し、その活動にまつわるクイズに地方の両親や親族らが答える。MCは「20th　Century」の井ノ原快彦（50）と「野性爆弾」のくっきー！（50）。

　佐々木は「6月の終わりごろから密着してもらいました。生誕祭やライブ、控室、特典会、自宅…。最初はどう振る舞えばいいのか分からなくて緊張したけれど、続けて行くうちにカメラの女性スタッフと仲良くなって、いい雰囲気になりました。ファンの皆さんも知らない私の一面が映っていると思います」と語る。

　鳥取県出身で、静岡県の大学に進学して海の環境問題を専攻。海洋生物の生態を研究するサークルに入会し、家の近くの海で魚を採取して飼育する日々を送った。

　魚を観賞するのが好きで「かわいくて、見ている時は熱中して全てを忘れられる。癒やし効果がある」という。

　大学4年生だった2021年、振付師の槙田紗子さんによるアイドルオーディションに合格。7人組グループ「ヘイマミー」（現在は6人組）のメンバーとして同年のライブでデビューを果たした。

　「槙田紗子さんの募集を見てビビビッと来ました。小さい頃からアイドルが大好きでした。キラキラしていて、憧れの存在だったんです。でも、他のオーディションを受けようとは考えていなかったので、あの時の直感がなければアイドルになっていなかったと思います。不思議です」

　ヘイマミーのコンセプトは「いつまでも子ども心を忘れずに、日常に大きなHAPPYを！」。ライブ活動に力を入れ、昨年は年間204回に到達。最近はバンドの生演奏で歌い踊るステージに挑んでおり、さらに躍動感を増している。

　「皆さんにHAPPYを届けるために活動しています。ライブはHAPPY感満載で、見るだけで元気になって頂けます。そのためには私たち自身がHAPPYじゃないといけない。子ども心を忘れちゃいけない。どんな場所、どんな状況でも楽しむことを心がけています。周りからは『景気がいいアイドル』と言われ、パフォーマンス面ではダンスをゴリゴリに踊るので『アイドル界のアスリート』と言われます」

　11月15日に東京・飛行船シアターで5周年記念ライブを開催する予定。将来的な目標は東京・日本武道館のステージに立つことで、それらに向けて少しでもファンを拡大するため、佐々木のテレビ出演は力になりそうだ。

　「多くの方々に知ってもらえるチャンスです。テレビを見てもらって、ヘイマミーのことを検索してもらえるとうれしい。メンバーの個性がバラバラなので、きっと誰か刺さる子がいると思います」

　今後の躍進に期待する。

　◆牧　元一（まき・もとかず）　スポーツニッポン新聞社編集局文化社会部。テレビやラジオ、音楽、釣りなどを担当。",[],[]
「気づいた人いる？」VIVANT、公式が“黒幕”ネタバレ？　鋭い視聴者から指摘続々「違和感しかない」（スポニチアネックス）,https://news.yahoo.co.jp/articles/f13d53cad28220bbbae1f72c7074334e4599bce5,https://newsatcl-pctr.c.yimg.jp/t/amd-img/20260915-00000094-spnannex-000-8-view.jpg?exp=10800,2026-09-15T08:59:45+09:00,2026-09-15T09:08:53+09:00,スポニチアネックス,spnannex,スポニチアネックス,1589,"9月14日更新の「VIVANT」最新人物チャート（C）TBS
TBS系日曜劇場「VIVANT」第2シーズン（日曜後9・00）の第8話（第18話）が13日に放送された。20、27日は「アジア大会　愛知・名古屋2026」中継のため2週連続で放送休止。次回10月4日放送の第19話から「別班員奪還作戦」が本格始動する中、後半戦に向けて公開されたポスタービジュアルを巡り、視聴者の間である“違和感”が注目を集めている。
【写真】VIVANT、公式が公開したポスター　よ～く見ると…
＜※以下、ネタバレ有＞

　自衛隊の秘密部隊「別班」に所属する乃木憂助（堺雅人）が、謎の組織を巡る巨大な陰謀に迫る物語。第2シーズンでは、テロ組織「テント」への潜入作戦に参加していた黒須駿（松坂桃李）ら別班員5人が拉致され、乃木らが真相を追っている。

　第18話では、“中国の別班”ともいえる多国籍の民間情報機関「Xinxi（シンシー）」に拘束された別班員を巡り、救出作戦が始動。乃木や義弟・ノコル（二宮和也）率いるテント、タイの実業家チョッキー・テーパーニット（オーム・タナパック）、さらに生存が判明した新庄浩太郎（竜星涼）らが作戦に加わった。

　番組公式は放送後、「前半戦最終回、いかがでしたか？？ついに奪還作戦が動き出し物語も後半戦へ突入します」と告知。次回第19話について「放送は3週間後の10月4日(日)です」と伝えた。

　そんな中、後半戦に向けて公開されたポスタービジュアルに、視聴者から注目が集まった。

　乃木、ノコル、新庄、Y2Kら作戦に関わる主要人物が並ぶ中、作中で重要な役割を担ってきたアリ（山中崇）の姿が見当たらないことを指摘する声がSNS上で続出。

　Xでは「アリがいないの、確かに気になる」「主要メンバーがそろっている中で、アリだけいないとなると、むしろ何か重要な役割を任されている可能性もありそう」などの投稿がみられた。

　さらに「日本に行くなら、柚木薫とジャミーンに面識があるのもアリ」「ここまで条件が揃うと、後半でアリが何をするのか気になって仕方ない」と、今後の展開を予想する声も上がっている。

　第18話の次回予告では、ノコルが「裏切り者は必ず現れる」と発言。この言葉とポスターの“アリ不在”を結びつけ、「重大な伏線なのでは」と見る視聴者もおり、2週間の休止期間を前に考察が過熱している。

　鋭い視聴者は「VIVANTまたも謎解き？これ、気づいた人いる？集合写真に“まさかの人物”がいない…乃木、ノコル、新庄、Y2Kらが勢揃いしているのに第18話で作戦会議に参加していた“あの人物”の姿だけが見当たらないしかも次回予告には“裏切り者は必ず現れる”偶然なのか、それとも重大な伏線なのか…」「『VIVANT』後半戦ポスターに“アリがいない”この違和感、さすがに気になる」「後半にむけて新たなポスタービジュアルが公開今回の作戦会議の主要メンバーが揃ってるが、アリ（山中崇）の姿が見当たらない作中後半に乃木から長野専務の名刺を受取り、新庄の安否を気遣うアリおそらく1人だけ別行動してるのか可能性があるとしたら日本、柚木薫とジャミーンと面識があるのはアリだけだとしたら何故アリだけを向かわせたのか、現地でジャミーンのチカラが必要になるかもしれない」「アリがいないの、確かに気になる。主要メンバーが揃っている中で、アリだけいないとなると、むしろ何か重要な役割を任されている可能性もありそう。しかも日本に行くなら、柚木薫とジャミーンに面識があるのもアリ。ここまで条件が揃うと、後半でアリが何をするのか気になって仕方ない」と、さまざまなコメントが上がった。

　第19話では、いよいよ捕らわれた別班員の奪還作戦が始まる。アリを含めた登場人物の動向にも注目が集まりそうだ。",[],[]
勝てば14年連続PS進出決定のドジャースは一発攻勢！タッカー＆テオに豪快弾　スクバルも5回まで無失点（スポニチアネックス）,https://news.yahoo.co.jp/articles/1e7469dfb4d4a042483ddf03fde7b4e4b36a713c,https://newsatcl-pctr.c.yimg.jp/t/amd-img/20260915-00000093-spnannex-000-4-view.jpg?exp=10800,2026-09-15T08:57:03+09:00,2026-09-15T08:59:26+09:00,スポニチアネックス,spnannex,スポニチアネックス,533,"レッズ戦の2回に先制ソロを放ったドジャース・タッカー（AP）
◇ナ・リーグ　ドジャースーレッズ（2026年9月14日　シンシナティ）

　ドジャースは14日（日本時間15日）、敵地でのレッズ戦で一発攻勢を繰り広げ、試合を優位に進めた。
【写真あり】マニア垂涎…大谷翔平が“ルフィ”激レアフィギュア公開！
2回にタッカーが相手先発・ロドロの高め直球を振り抜き、右翼ポール際へ先制の15号ソロ。4年総額2億4000万ドル（約381億6000万円、当時）の大型契約で加入もなかなか調子が上がらなかったが、9月に入って3発目とポストシーズンに向けて好材料となった。

　4回には2死一塁からT・ヘルナンデスが相手左腕の初球、内寄りの直球を逆方向の右中間席に運ぶ14号2ランでリードを拡大。こちらは9月に入って月間打率4割超えと絶好調でPSへ頼もしい存在となっている。

　先発・スクバルも5回まで走者を出しながらも無失点。5回は1死一、二塁と初めて走者二人を背負ったが、後続を2者連続三振に仕留めた。

　ドジャースはこの試合に勝てば、14年連続でポストシーズン進出が決定する。負けた場合はパドレス、ダイヤモンドバックスの両軍がこの日の試合に敗れた場合、PS進出が決定する。",[],[]
朝比奈彩「撮影頑張ります！」　仲良し女優とのランチ2Sにネット反響！「可愛い！」「美しすぎる」（スポニチアネックス）,https://news.yahoo.co.jp/articles/6d6ae2ca1f128c7cefba655282a710ed0ce4c5b7,https://newsatcl-pctr.c.yimg.jp/t/amd-img/20260915-00000092-spnannex-000-4-view.jpg?exp=10800,2026-09-15T08:54:46+09:00,2026-09-15T09:12:52+09:00,スポニチアネックス,spnannex,スポニチアネックス,263,"朝比奈彩の公式インスタグラム（＠asahina_aya）から
モデルで女優の朝比奈彩（32）が15日までに自身のインスタグラムを更新。仲良し女優とのランチショットなどを投稿した。
【写真あり】「気分が上がる」トレーニングウエア姿
「ハカマイちゃんとランチ。本当にずーっと仲良くしてもらってて、嬉しい」と葉加瀬マイとの2ショットを投稿した。

　その他にもドット柄トップスでの自撮りショットなども公開し、最後は「明日から撮影頑張ります！」と締めた。

　ネットでは「美人2ショット」「可愛い！」「美しすぎる」などの声があがった。",[],[]
村上宗隆　首位攻防3連戦で気迫の激走ヘッスラ披露　一塁から三塁への走塁で闘志示す（スポニチアネックス）,https://news.yahoo.co.jp/articles/ec60a7b0ff4c4b038b1e18343b38163407386f63,https://newsatcl-pctr.c.yimg.jp/t/amd-img/20260915-00000091-spnannex-000-17-view.jpg?exp=10800,2026-09-15T08:48:20+09:00,2026-09-16T04:01:48+09:00,スポニチアネックス,spnannex,スポニチアネックス,317,"三塁にヘッドスライディングするホワイトソックス・村上（ロイター）
◇ア・リーグ　ホワイトソックスーガーディアンズ（2026年9月14日　クリーブランド）

　ホワイトソックスの村上宗隆内野手（26）が14日（日本時間15日）、敵地でのガーディアンズ戦に「4番・一塁」で先発出場。0-0の4回無死第2打席で死球で出塁すると、次打者ベニンテンディの中前打で三塁に激走し、「ヘッドスライディング」で滑り込んで間一髪セーフとした。

　だが気迫は示したが、この回は無得点だった。この日からア・リーグ中地区首位のチームは、0．5ゲーム差に迫る同地区2位の相手と天王山3連戦。負けられない戦いで、現在31本塁打の大砲「村神様」が足でも魅せている。",[],[]
「ベストの投手を選ばないと」ドジャースに迫る決断　マイナーで炎上の守護神ディアスPSロースター外も？（スポニチアネックス）,https://news.yahoo.co.jp/articles/a0706e2debaa39b824ba1880103cc4ede89523c1,https://newsatcl-pctr.c.yimg.jp/t/amd-img/20260915-00000089-spnannex-000-6-view.jpg?exp=10800,2026-09-15T08:41:59+09:00,2026-09-15T08:45:42+09:00,スポニチアネックス,spnannex,スポニチアネックス,754,"ドジャースのエドウィン・ディアス
ドジャースのデーブ・ロバーツ監督（54）が14日（日本時間15日）、敵地でのレッズ戦の試合前会見に臨み、首痛で負傷者リスト（IL）入りしている守護神のエドウィン・ディアス投手（32）に言及した。
【写真あり】メッツ→ドジャース移籍の守護神ディアス　息子たちが大谷翔平と記念撮影に“成功”満面の笑みで…
ディアスは前日13日（同14日）に傘下3AでIL入り後、4度目のリハビリ登板に臨んだが、4四死球と制球に苦しみ、2/3回を2安打5失点と1回持たずに降板した。

　ロバーツ監督は「もっといい投球をしないといけない。ここまでは良くない」と右腕の状態の悪さを認め「水曜日（日本時間17日）に登板する予定なので、そこでまた評価する」とした。

　続けて「私は彼を非常に高く評価しているし、これまでの実績は素晴らしい。ただ、今の状況を考えれば、信頼するための何かを見せてもらわないといけない。本人もそれは分かっているし、いい投球をしたいと思っている。水曜日は注意深く見ることになる」と次回登板が大事になると強調した。

　このまま状態が悪ければ、ポストシーズン（PS）のロースターに入らない可能性もあるのかと問われると「ある」と認め「パフォーマンス、能力、すべてを含めて、ベストの投手を選ばないといけない」とロバーツ監督。その上で「私としては彼が入る方に賭ける。ただ、もう一度言うけど、彼を信頼するための根拠になるものを見せてもらう必要がある。何かを見せてもらわないといけない」とマイナーでの登板が鍵とした。

　次回登板では「アウトを取ること。四球を出さないこと。効率よく投げること。彼がキャリアを通して8年間やってきたような投球をすることだ」と求める姿を見せて欲しいと語った。",[],[]
坂井真紀「今でも大切な仲間」　フジ番組で共演していた俳優たちとの再会3Sにネット反響！「懐かしい」（スポニチアネックス）,https://news.yahoo.co.jp/articles/4b6d8b465b99719b436014798f910822472a85a4,https://newsatcl-pctr.c.yimg.jp/t/amd-img/20260915-00000088-spnannex-000-7-view.jpg?exp=10800,2026-09-15T08:39:47+09:00,2026-09-15T08:50:36+09:00,スポニチアネックス,spnannex,スポニチアネックス,302,"坂井真紀のインスタグラム（@sakaimaki_of）から
女優の坂井真紀（56）が15日までに自身のインスタグラムを更新。約6年間バラエティー番組で共演した俳優たちとの再会3ショットを投稿した。
【写真あり】人気女優とのキュートな“母娘”ショット
「約6年間同じ番組でご一緒した松下さん、やっしーは今でも大切な仲間です」と01年4月からフジテレビ「ココリコミラクルタイプ」で共演していた松下由樹、八嶋智人との再会3ショットを投稿した。

　ハッシュタグでも「
#ココリコミラクルタイプ
」と記した。

　ネットでは「素敵！」「復活してほしいな！」「懐かしすぎる」「うわぁ～すごい！」などの声があがった。",[],[]
田中碧“ピンボール”弾を演出　先制オウンゴール誘発で快勝貢献　リーズは3位浮上（スポニチアネックス）,https://news.yahoo.co.jp/articles/b15d85331cfac66dbff59c2149041a240fcff9a5,https://newsatcl-pctr.c.yimg.jp/t/amd-img/20260915-00000087-spnannex-000-6-view.jpg?exp=10800,2026-09-15T08:36:33+09:00,2026-09-15T10:13:09+09:00,スポニチアネックス,spnannex,スポニチアネックス,742,"＜リーズ・ニューカッスル＞先制のオウンゴールを誘発し、笑顔の田中碧（ロイター）
◇イングランド・プレミアリーグ　リーズ4―1ニューカッスル（2026年9月21日　英国・リーズ）
【写真あり】なでしこ美女2人がW杯日本VSオランダ戦を生観戦
リーズの日本代表MF田中碧がホームのニューカッスル戦で先制のオウンゴールを誘発し、4―1の快勝に貢献した。

　プレミアリーグで2試合連続の先発を果たすと、前半32分に左から折り返しを受け、ペナルティーエリア手前から右足で鋭いシュート。ボールは相手選手2人に当たってピンボールのように次々とコースを変え、ゴール右に吸い込まれた。田中は膝からスライディングして喜びを表現し、駆け寄ってきたチームメートも祝福。記録はオウンゴールとなったものの、満員の3万6993人が観戦したスタンドから「エーオー（AO）」コールを浴びた。

　田中は4―0の後半27分まで出場。地元メディア「ヨークシャー・イブニング・ポスト」ではチーム最高に並ぶ9点の高評価で「ハイプレスをかけてくる相手に対しても非常に正確。ピッチくまなく動き回った。シュートが2度方向が変わってオウンゴールと判定されたが、田中はゴールに完全に値する働きだった。リズムに乗っている時の彼のプレーを見るのは本当に楽しい。交代する際には大歓声が沸き起こるほどの素晴らしいパフォーマンスだった」と絶賛した。田中は1―1で引き分けた前節5日のブライトン戦でもプレミアリーグ初アシストを記録するなど存在感を示し、2戦連続の活躍で先発定着に向けてアピールを続けている。

　2勝2分けで勝ち点8としたチームは前節9位から3位に浮上。4戦全勝発進の首位アーセナル、2位マンチェスターCに続く好位置につけている。",[],[]
宇野実彩子「おめでとう」　AAA21周年で黒Tシャツ＆ショーパンコーデ笑顔S！「一生大好き」の声（スポニチアネックス）,https://news.yahoo.co.jp/articles/be9a3a666a2eb1cf23f6a7def26f289e24b42f5e,https://newsatcl-pctr.c.yimg.jp/t/amd-img/20260915-00000086-spnannex-000-5-view.jpg?exp=10800,2026-09-15T08:26:34+09:00,2026-09-15T08:41:36+09:00,スポニチアネックス,spnannex,スポニチアネックス,321,"宇野実彩子の公式インスタグラム（＠misako_uno_aaa）から
男女ユニット「AAA」の宇野実彩子（40）が15日までに自身のインスタグラムを更新。黒Tシャツ＆ショートパンツコーデショットを投稿した。
【写真あり】與真司郎とのオフショ公開にファン歓喜
「AAA」は9月14日にデビュー21周年を迎えた。

　自身のインスタグラムで「ありがとう。おめでとう。だいすき」とつづり、黒Tシャツ＆“超”ショートパンツコーデ笑顔ショットを公開した。

　ハッシュタグでは「
#AAA21周年
」と記した。

　ネットでは「一生大好き」「21周年おめでとう！」「AAAを守り続けてくれてありがとう」「笑顔がずっと続きますように」などの声があがった。",[],[]
ドジャース痛手…剛腕エンリケスが腰痛でIL入り　守護神ディアスも離脱中でPSへブルペン不安残す（スポニチアネックス）,https://news.yahoo.co.jp/articles/a005c6e6b99399bcb9bf4b090849ab74d53bc795,https://newsatcl-pctr.c.yimg.jp/t/amd-img/20260915-00000085-spnannex-000-4-view.jpg?exp=10800,2026-09-15T08:14:28+09:00,2026-09-15T08:17:10+09:00,スポニチアネックス,spnannex,スポニチアネックス,631,"ドジャースのエドガルド・エンリケス（ロイター）
ドジャースは14日（日本時間15日）、ロースターの変更を発表。エドガルド・エンリケス投手（24）が腰痛で負傷者リスト（IL）入り、エメ・シーハン投手（26）がマイナーに降格した。両者に代わってボビー・ミラー投手（27）、ポール・ガーベス投手（26）がメジャー昇格した。
【写真あり】メッツ→ドジャース移籍の守護神ディアス　息子たちが大谷翔平と記念撮影に“成功”満面の笑みで…
メジャー3年目のエンリケスは今季、球団最速103・6マイル（約166・7キロ）を記録するなど剛速球を武器にブルペンに定着。勝ち試合でも多く投げていたが、前日13日（同14日）のマーリンズ戦で2/3回を2失点で登板12試合ぶりに失点していた。

　チームでは守護神のディアスも首を痛めてIL入りしており、前日に傘下3Aでのリハビリ登板で1回持たず5失点と炎上。さらに、代役守護神・スコットも前日のマーリンズ戦で9回に失点し、チームは逆転サヨナラ負けした。それだけにポストシーズンに向けて、エンリケスの離脱は痛手となる。

　シーハンは前日のマーリンズ戦で6回2安打無失点と好投。マイナー降格について、ロバーツ監督は試合前に「直近2試合は本当に素晴らしかった。今後どうなるかはまだ分からない。朗希の状況にもある程度、左右されるだろうし、今後ブルペンゲームのような形になる試合もある」と佐々木の復帰に目途が付いたこともあって決断したと説明した。",[],[]
内田理央「グアムご飯編」おなか“チラ見せ”ノースリーブ＆デニムコーデでのカフェS！「美味しかった！」（スポニチアネックス）,https://news.yahoo.co.jp/articles/40e7f76349c090b2ab365b3a07c44bef7c350625,https://newsatcl-pctr.c.yimg.jp/t/amd-img/20260915-00000084-spnannex-000-4-view.jpg?exp=10800,2026-09-15T08:05:57+09:00,2026-09-15T08:13:07+09:00,スポニチアネックス,spnannex,スポニチアネックス,381,"内田理央の公式インスタグラム（@rio_uchida）から
女優の内田理央（34）が15日までに自身のインスタグラムを更新。グアムでの食事堪能ショットを投稿した。
【写真あり】夏休みでグアムの海満喫ショット
自身のインスタグラムで「グアムご飯編」と題してつづり始めた。

　「今回一番楽しみにしていたデュシタニの中にあるタイ料理の『SOI』へ。私タイ料理がめちゃくちゃ好きで、中でもグリーンカレーが大好物なんだけど、結論、はちゃめちゃに美味しかった…！！」と黒ドット柄ノースリーブトップス姿でタイ料理を食べる様子を公開した。

　その他にもおなか“チラ見せ”のノースリーブ＆デニムコーデでのカフェショットやホテルでのワンピースショットやグアムステーキを堪能する様子を投稿した。

　ハッシュタグでは「
#guam
」「
#グアム
」「
#内田旅行記
」と記した。",[],[]
【15日のプロ野球見どころ】中日　2年ぶりの3試合連続完封勝利なるか（スポニチアネックス）,https://news.yahoo.co.jp/articles/5f1f7d3ba0e1fe2c7fee2b0f6e785cff58bb9f71,https://newsatcl-pctr.c.yimg.jp/t/amd-img/20260915-00000054-spnannex-000-6-view.jpg?exp=10800,2026-09-15T08:00:00+09:00,2026-09-15T08:00:00+09:00,スポニチアネックス,spnannex,スポニチアネックス,340,"中日・柳裕也
中日が24年5月以来2年ぶりの3試合連続完封勝利を狙う。

　同一カード3連戦3連続完封となれば24年4月5～7日の広島戦以来。阪神戦では01年4月13～15日に記録しているがこの時はホーム・バンテリンドームが舞台。敵地・甲子園での達成となればフランチャイズ制が定着した52年以降では球団初となる。
【写真あり】LiSA、魅せた…ドラゴンズ＆鬼滅愛の鮮やかネイルアートで始球式「ビッシーも連れて全力投球」
きょう15日の先発は柳。阪神戦は今季0勝2敗、通算でも6勝15敗で22年9月12日から7連敗中と苦戦中。甲子園で勝てば19年5月11日以来7年ぶりとなる。

　一方の阪神は今季ワーストの6連敗中。負ければ首位陥落の可能性もあり負の流れを断ち切ることはできるか。",[],[]
【内田雅也の追球】谷底から見上げる希望（スポニチアネックス）,https://news.yahoo.co.jp/articles/4e32db92d7984db070da91fbd2f409ce2c23948b,https://newsatcl-pctr.c.yimg.jp/t/amd-img/20260915-00000024-spnannex-000-4-view.jpg?exp=10800,2026-09-15T08:00:00+09:00,2026-09-15T08:00:00+09:00,スポニチアネックス,spnannex,スポニチアネックス,1008,"7回、好機で凡退した坂本
◇セ・リーグ　阪神0―6中日（2026年9月14日　甲子園）

　甲子園球場に何度かざわめきが起きた。歓声でも悲鳴でもヤジでもなく、ざわめきである。
【写真あり】【内田雅也の追球】「迷宮」の「出口」
3回終了時に「巨人0―2DeNA」、7回終了時に「巨人2―2DeNA」と途中経過が伝わった時。それから最後の打者、佐藤輝明が二ゴロに倒れた時。もう一度は7回裏2死二、三塁で坂本誠志郎が打席に向かった時だった。

　あれは監督・藤川球児への用兵、采配への抗議でもあったろう。9月無安打。前夜も好機で打席に送り凡退していた。

　坂本が放った左中間寄り飛球は捕らえられ、今度はため息が起きた。坂本は珍しくヘルメットをたたきつけた。連続無安打は27打席に伸びた。

　今季初の6連敗だが、得点は2、1、1、0、0、0と3戦連続の零敗で貧打も極まった。

　シーズン終盤も山あり谷ありだと何度か書いてきた。そして「悲しい話だが、いま負けたばかりの試合が谷底かなどわかりはしない」と大リーグの名フロントマン、サンディ・アルダーソンが語っている＝ジョージ・F・ウィル『野球術』（文春文庫＝。「いつだって一寸先は闇」なのだ。

　哲学に「偶有性」という言葉がある。「ある程度は予想できるが、予想できない部分もあること」を言う。偶然性とは異なる。代表的な一つにスポーツがある。戦う前にある程度予想できるが、時折、想像もできないことが起きる。56イニング連続で適時打なしという今の阪神だろう。

　脳科学者・茂木健一郎は著書『「赤毛のアン」に学ぶ幸福になる方法』（講談社文庫）で偶有性について、アンの「人生の曲がり角」というセリフを引用している。「曲がり角のむこうに何があるか、今はわからないけど、きっとすばらしいものが待ってると信じることにしたわ」。ファンも希望を持って信じたい。

　「必ずこちらに向くときが来ます」と敗戦後、藤川も話した。「それがペナントレースですから。常に顔を上げて戦い続ける。そうすると必ず見えてくると思います」

　試合後、阪神園芸が内野にシートをかぶせていた。雨が降ろうがきょうも試合はある。

　つらい夜を越えたアンは言う。「あたし今朝は絶望のどん底にはいないの。朝はそんなところにはいられないわ。朝があるってほんとうにすばらしいことじゃない？」　＝敬称略＝

　（編集委員）",[],[]
【阪神見どころ　15日】47年ぶり4戦連続完封負けの危機　救世主は「柳キラー」大山悠輔＆森下翔太（スポニチアネックス）,https://news.yahoo.co.jp/articles/c94bf727153f81289dfb8dbc476fad5e124eb62f,https://newsatcl-pctr.c.yimg.jp/t/amd-img/20260915-00000010-spnannex-000-5-view.jpg?exp=10800,2026-09-15T08:00:00+09:00,2026-09-15T08:00:00+09:00,スポニチアネックス,spnannex,スポニチアネックス,390,"14日の試合で7回に二塁打を放った大山
チームは泥沼の6連敗で、3試合連続零封負け。4試合連続零封負けとなれば、1979年8月25日～29日（大洋、広島戦）以来47年ぶりの屈辱となる。連敗脱出には虎打線の奮起に期待したい。
【写真あり】掛布雅之氏　バース、掛布、岡田より森下、佐藤、大山のほうが「上」断言も「ちょっと」気になるのは
好材料は阪神に苦戦中の相手先発・柳だ。22年から阪神戦7連敗中で、通算成績は6勝15敗と大きく負け越し。甲子園での対戦に限れば19年から8連敗中と鬼門になっている。

　柳と今季好相性なのが打率.357の大山（14打数5安打）、同.333の前川（9打数3安打）で、森下と近本も同.308と打っている。特に森下は、7月2日の対戦では初回に先制弾をマークした。

　直近3試合では安打の出ていない背番号1だが、ここぞのバットでチームを危機から救えるか。",[],[]
日テレドラマで共演中！佐々木希＆岡崎紗絵の笑顔オフSにネット反響！「眼福すぎる」「美人姉妹みたい」（スポニチアネックス）,https://news.yahoo.co.jp/articles/e70db7f36598432ca2964dbdc4f3dd54b71ffa45,https://newsatcl-pctr.c.yimg.jp/t/amd-img/20260915-00000083-spnannex-000-4-view.jpg?exp=10800,2026-09-15T07:47:08+09:00,2026-09-15T07:55:14+09:00,スポニチアネックス,spnannex,スポニチアネックス,314,"日本テレビドラマ「告白―25年目の秘密―」のインスタグラム（＠kokuhaku_ntv）から
日本テレビドラマ「告白―25年目の秘密―」の公式インスタグラムが15日までに更新された。大人気モデルによる笑顔オフショットを投稿した。
【写真あり】家族で箱根旅行満喫！　湯上り“すっぴん”濡れ髪浴衣姿
公式インスタグラムでは「『それはもう運命ですね』恋バナ中の麻里子（
#岡崎紗絵
）と泉（
#佐々木希
）」とつづった。

　さらに「offshot」と佐々木希＆岡崎紗絵の笑顔の2ショットを投稿した。

　ネットでは「かわいすぎる」「美人2ショット」「素敵」「眼福すぎる」「美しすぎて画面割れる」「美人姉妹みたい」などの声があがった。",[],[]
高島礼子「桜並木と醍醐桜」　映画ロケ地での大人気歌舞伎俳優との2S！「素敵な2人」「老婆楽しみ」の声（スポニチアネックス）,https://news.yahoo.co.jp/articles/405d314c13bc8a66302ac79c42d0087a0dd97fca,https://newsatcl-pctr.c.yimg.jp/t/amd-img/20260915-00000082-spnannex-000-4-view.jpg?exp=10800,2026-09-15T07:45:27+09:00,2026-09-15T07:49:54+09:00,スポニチアネックス,spnannex,スポニチアネックス,311,"高島礼子の公式インスタグラム（@reico.official）から
女優・高島礼子（62）が、15日までに自身のインスタグラムを更新。大人気歌舞伎俳優との2ショットを投稿した。
【写真あり】人気女子プロゴルファーとのゴルフ満喫2S
自身のインスタグラムで「『八つ墓村』より」と題してつづり始めた。

　「金田一耕助（尾上松也さん）と滝藤賢一さんの名演技のロケ地の桜並木と醍醐桜。推定樹齢700～1,000年だそうです」と映画「八つ墓村」で共演した尾上松也との2ショットを投稿した。

　ネットでは「素晴らしいロケーション」「素敵な2人」「礼子さんの老婆楽しみ～」「お着物姿素敵」「醍醐桜は貫禄あるね～」などの声があがった。",[],[]
右膝痛でスタメン外のフリーマンは「10日間休ませる必要ない」ドジャース監督はIL入り「選択肢でない」（スポニチアネックス）,https://news.yahoo.co.jp/articles/7fe6f9d4a80ae4e977f980b7d95c4a8c5d5677e1,https://newsatcl-pctr.c.yimg.jp/t/amd-img/20260915-00000081-spnannex-000-4-view.jpg?exp=10800,2026-09-15T07:41:06+09:00,2026-09-15T07:47:12+09:00,スポニチアネックス,spnannex,スポニチアネックス,958,"ドジャースのフレディ・フリーマン
ドジャースのデーブ・ロバーツ監督（54）が14日（日本時間15日）、敵地でのレッズ戦の試合前会見に臨み、右膝痛でスタメンを外れたフレディ・フリーマン内野手（37）に言及した。
【写真あり】フリーマンがレッドカーペットで“父の顔”！4月誕生の愛娘抱き「ロンドンです」名前も紹介
右膝痛を抱えているフリーマンは9日（同10日）のレッズ戦、休養日を挟んだ11日（同12日）のマーリンズ戦を欠場し、3日間の休養を設け、12日（同13日）のマーリンズ戦からスタメンに復帰。前日13日（同14日）のマーリンズ戦も「2番・一塁」で先発出場したが、2併殺打など4打数無安打に終わり、4試合連続ノーヒットで打率は10日前の・303から・293まで下降した。

　守備でも4－2の9回、先頭・エドワーズのゴロを捕球後、一塁ベースカバーに入ったスコットへの送球が少し逸れてしまい、記録は内野安打となったものの、このミスがサヨナラ負けに直結した。

　ロバーツ監督はフリーマンについて「痛みはある。ただ、今日は出場できる状態にあることが大事だと思うし、本人も出たいと思っている」と説明した。

　大谷は試合を欠場させて休養日を設け、状態を見極めたものの最終的に負傷者リスト（IL）入りした。それだけにフリーマンの同じような流れになるのか懸念する声に「もっともな質問だと思う」とした上で「ただ、今のシーズンの時期を考えると、ILは選択肢ではないと思っている。個人的には、そこまでの状態ではないと思う」とIL入りを否定。「10日間休ませる必要はないと思うけど、1日より長く休ませる可能性はある。それは十分にあり得る。トレーニングスタッフ、フレディと話して最終的に判断する。ただ、ILに入れることが合理的だとは思わない」と続けた。

　ポストシーズンも痛みを抱えながらプレーが続くのかという質問にも「そうは思わない。うまく管理できればと思っている。シーズンがどう進むかによって回復させる時間も変わってくるし、ポストシーズンに入れば休養日も増える。まずは今の状態を落ち着かせること。それが一番大事。あとは、どの程度積極的に休ませるかということになる」と10月頃には患部の状態も落ち着いているだろうと見通しを示した。",[],[]
「アナログナース」看護師長に江口のりこ「あんぱん」に続く中園ドラマに「喜び」松下奈緒と15年ぶり共演（スポニチアネックス）,https://news.yahoo.co.jp/articles/869be5fa36d12bf323d78ecea36dbd0307ef1abf,https://newsatcl-pctr.c.yimg.jp/t/amd-img/20260915-00000080-spnannex-000-4-view.jpg?exp=10800,2026-09-15T07:30:00+09:00,2026-09-15T07:41:48+09:00,スポニチアネックス,spnannex,スポニチアネックス,1596,"松下奈緒が主演を務める木曜ドラマ「アナログナース～デジタルってなんなんだよ!?」に江口のりこ（右）の出演が決定（C）テレビ朝日
女優の松下奈緒（41）が主演を務めるテレビ朝日の木曜ドラマ「アナログナース～デジタルってなんなんだよ!?」（10月22日スタート、木曜後9・00）に、女優の江口のりこ（46）がレギュラー出演することが決定した。主人公のフリーランス看護師が派遣される病院の看護師長役。昨年度前期のNHK連続テレビ小説「あんぱん」に続く中園ミホ氏の脚本作品に「また中園先生の脚本でお芝居ができることに、うれしさと喜びを感じました」とコメント。松下とは実に15年ぶりの共演となる。
【写真】松下奈緒が主演を務める木曜ドラマ「アナログナース～デジタルってなんなんだよ!?」に（中段左から）津田健次郎、原菜乃華（下段左から）井上祐貴、平祐奈、高橋英樹の出演が決定（C）テレビ朝日
中園氏と同局の医療ドラマ「ドクターX～外科医・大門未知子～」「ザ・トラベルナース」チームが再び強力タッグを組む3部作の集大成。主人公は「ドクターX」シーズン7・第5話（2021年11月11日）のみに登場し“ナース版・大門未知子”と話題を集めた最強のフリーランス看護師・那須田灯（なすだ・あかり）。デジタル改革が推し進められる医療現場で、五感と直感という“アナログの力”を駆使する姿を描く。

　江口が演じるのは、灯が派遣される「百井メディカルセンター」のベテラン看護師長・田中一二三（たなか・ひふみ）役。個性豊かなナースたちをテキパキと束ねるが、感情が高ぶると、生まれ育った関西弁がポロッと出ることもある。突如現れた風変わりな灯に不審の目を向けながらも、超一流の腕前に一目置くように。そして、灯の存在が一二三の人生にも大きな影響を与える。

　江口は「あんぱん」で10年半ぶり2回目の朝ドラ出演を果たし、ヒロイン・のぶ（今田美桜）の母・朝田羽多子役を好演。「中園先生の脚本とうかがって、きっと面白い作品になるだろうと、すぐに“やらなきゃ！”と思いました。また中園先生の脚本でお芝居ができることに、うれしさと喜びがありました」とオファーを快諾したことを明かした。

　今作への出演が決まった「あんぱん」キャストは津田健次郎（のぶの高知新報時代の上司・東海林明）、原菜乃華（朝田家の三女・朝田メイコ）に続いて3人目。津田は百井メディカルセンターの外科医・神戸大五郎（かんべ・だいごろう）役、原は新米ナース・若松実来（わかまつ・みく）役を演じる。

　――役柄について。

　「仕事を一生懸命してきた現場叩き上げの看護師長で、仕事に対して自分の信念を持っている人だと思います。最初は見えない一二三の個人的な部分が徐々に見えてくると思います。各話の監督と話し合いながら、丁寧に作っていけたらなと思っています」

　――松下とは11年1月期のフジテレビ「CONTROL～犯罪心理捜査～」以来15年ぶりの共演。

　「前回共演させていただいた際、打ち上げで松下さんがピアノを弾いてくださったことをよく覚えています。ただ、その時はあまり会話をする機会がなかったので、今回はお話しできたらいいなと思っています」

　――原とは「あんぱん」の母子役に続く再共演。

　「かわいくてたまらないです。芝居中の菜乃華ちゃんを見ていても、どうしても母親目線になってしまうんです。もう、これはしょうがない！」

　――視聴者へのメッセージ。

　「医療シーンは緊迫感があって、見ている人もドキドキハラハラしながら見られると思いますし、また中園先生らしい人間味あふれるユーモアのあるシーンもあり、温かい人間模様もしっかりと描かれています。子供からお年寄りまで楽しんで見ていただけるドラマになるんじゃないかなと思いますので、是非ご覧ください」",[],[]
【奥野史子　我が道14】後にも先にも夫が私の前で涙を見せたのはあの時一度だけ（スポニチアネックス）,https://news.yahoo.co.jp/articles/b113031cd6f0bd2c31c2d1b8743ce9295e186408,https://newsatcl-pctr.c.yimg.jp/t/amd-img/20260915-00000002-spnannex-000-7-view.jpg?exp=10800,2026-09-15T07:00:00+09:00,2026-09-16T01:37:16+09:00,スポニチアネックス,spnannex,スポニチアネックス,1347,"日本選手権のデュエットは小谷さん(右)とのペアで優勝しました
バルセロナ五輪の代表に決まった時、家族はみんな大喜びしてくれました。ただ五輪の開催期間がちょうど8月のお盆の時期と重なっていたので、古風な母は「毎年やっていることをやらないでオリンピックに行ったらきっとバチが当たる」と言って早々に現地には行かないことを決めました。父も京都に残ることになり、現地には一番上の姉と母の妹のおばさんが応援に来てくれることになりました。もちろん、夫の朝原も凄く喜んでくれましたよ。

　代表決定後、最初の試合となった5月の日本選手権には小谷さんの素敵な演技に負けない私らしい魅力、力強さを評価してもらえるような演技をしなくてはいけないと思って臨みました。1年休んでいた小谷さんがどんな演技をしてどんな評価をされるのか。もちろんそれも気にはなりましたが、この時は世界女王のシルビー・フレシェット（カナダ）がソロにオープン参加していたので、とにかく「シルビーに勝つ」ということが一番の目標でした。

　でも、やはりシルビーは強かった。結果はシルビーが1位で私が2位。小谷さんは3位でした。全然記憶にはないのですが、この時私は泣いて悔しがったようなので、それこそが本気でシルビーに勝ちにいった何よりの証明だと思います。デュエットは小谷さんとのペアで優勝しました。

　日本選手権が終わると、五輪本番までいよいよあと3カ月。合宿地の日本サイクルスポーツセンター（静岡）に入った時のことは今でも鮮明に覚えています。合宿所の「サイテル」に全員が集合した時、小谷さんは私と目も合わせてくれませんでした。ソロは私が代表に決まり、残るデュエットに出場できるのは高山さんも含めて3人のうち2人だけ。凄くピリピリした雰囲気でした。

　その頃、夫の朝原も私と同じようにやはりバルセロナ五輪を目指していました。陸上の最終選考会は6月の日本選手権でしたが、当時の彼はケガが多くて残念ながら代表には選ばれませんでした。

　私が先に代表切符を手にしていたこともあって「一緒に行こうね」と約束していたのに、自分だけが行けなかった。本当に悔しかったのだと思います。後にも先にも彼が「悔しい」と私の前で涙を見せたのはあの時一度だけです。

　でも彼は高校から陸上を始めたばかりでいきなりインターハイで優勝。小学1年でシンクロを始めてからずっと練習漬けの毎日を送ってきて、やっとここまでたどり着いた私よりもはるかにポテンシャルがあることは分かっていました。

　だから、今回は私が出るけど、この人はこの先もっと凄い人になると確信していました。実際に翌年の93年に彼は100メートルの日本新記録を出しているので、いい意味で火が付いたのかもしれませんね。

　◇奥野　史子（おくの・ふみこ）1972年（昭47）4月14日生まれ、京都市出身の54歳。6歳から「京都踏水会」でシンクロを始め、同志社大2年の時に出場した92年バルセロナ五輪のソロとデュエットでともに銅メダルを獲得。94年世界選手権では「笑わないシンクロ」で史上初の芸術点オール10点満点を記録した。引退後は日本人で初めてシルク・ドゥ・ソレイユに出演。02年に陸上の朝原宣治と結婚した。",[],[]
中島歩　長編映画で初の単独主演　来年公開「旅する練習」（スポニチアネックス）,https://news.yahoo.co.jp/articles/7e6a0c95e18e6d5e692143b56553caa36045f5ce,https://newsatcl-pctr.c.yimg.jp/t/amd-img/20260915-00000006-spnannex-000-6-view.jpg?exp=10800,2026-09-15T07:00:00+09:00,2026-09-15T16:53:13+09:00,スポニチアネックス,spnannex,スポニチアネックス,343,"映画「旅する練習」に主演する中島歩
俳優の中島歩（37）が、来年公開の映画「旅する練習」（監督眞田康平）で長編映画では初の単独主演を務める。芥川賞候補にもなった乗代雄介氏の小説が原作。中島演じるスランプ気味の小説家が、サッカー少女のめいと千葉・我孫子から鹿島アントラーズの本拠地に向かって利根川沿いを歩いて旅するロードムービー。

　11日に最終回が放送されたTBSドラマ「Tシャツが乾くまで」では、つかみどころがない独特な雰囲気をまとった演技で注目を集めた中島。「美しく、偶発的な瞬間が幾つもあり、それをカメラが美しく捉えています」と期待をあおった。旅の“相棒”となるめい役は、藤本タツキ氏の人気漫画を実写映画化した「ルックバック」（公開中）でデビューした七瀬ふうり（12）が務める。",[],[]
大谷翔平、現地15日から打撃再開へ　ロバーツ監督「ティー打撃をする」IL入り後初スイング（スポニチアネックス）,https://news.yahoo.co.jp/articles/9917be5ddd4d8e72e809e0890d422225d604bf2d,https://newsatcl-pctr.c.yimg.jp/t/amd-img/20260915-00000079-spnannex-000-4-view.jpg?exp=10800,2026-09-15T06:44:32+09:00,2026-09-15T06:47:04+09:00,スポニチアネックス,spnannex,スポニチアネックス,450,"試合前の囲み取材に応じるロバーツ監督（撮影・柳原 直之）
◇ナ・リーグ　ドジャースーレッズ（2026年9月14日　シンシナティ）

　ドジャースのデーブ・ロバーツ監督が14日（日本時間15日）、敵地でのレッズ戦前に取材対応し、右上腕二頭筋の炎症で15日間の負傷者リスト（IL）入りしている大谷が、15日（同16日）から打撃練習を再開すると明かした。
【画像あり】人気モデルが絶賛！真美子夫人のシースルー“ブラックコーデ”
指揮官は大谷について「明日、ティー打撃をする。明日がバットを振る最初の日になる」と説明。ここ数日はウエートトレーニングや体を動かすトレーニング、治療などに取り組み、バットを振っていなかった。打撃再開の時期については「これは翔平とトレーニングスタッフが話し合って決めていた予定だ」とした。

　大谷は右上腕二頭筋の炎症のため、8日にさかのぼってIL入り。最短では23日（同24日）のパドレス戦から復帰できる。チームは大谷の状態を見極めながら、復帰へ向けて段階的に強度を上げていく。",[],[]
ロバーツ監督　佐々木朗希が18日レッズ戦で復帰の可能性に言及　“マメ対策”で医療用の皮膚接着剤使用（スポニチアネックス）,https://news.yahoo.co.jp/articles/6c16bdbbc188c954e34bdfe808609264925f235c,https://newsatcl-pctr.c.yimg.jp/t/amd-img/20260915-00000078-spnannex-000-4-view.jpg?exp=10800,2026-09-15T06:38:43+09:00,2026-09-15T06:47:48+09:00,スポニチアネックス,spnannex,スポニチアネックス,856,"試合前の囲み取材に応じるロバーツ監督（撮影・柳原 直之）
◇ナ・リーグ　ドジャースーレッズ（2026年9月14日　シンシナティ）

　ドジャースのデーブ・ロバーツ監督（54）が14日（日本時間15日）、敵地でのマーリンズ戦の試合前会見に臨み、佐々木朗希投手（24）に言及した。
【写真あり】身長168cmの近藤夏子アナ、佐々木朗希との2ショットが反響「身長差がお似合い」「美男美女」
佐々木はこの日の試合前練習でブルペン入り。右指を何度も気にするしぐさを見せて、トレーナー、投手コーチらと話し込む場面もあった。

　指揮官は「今日ブルペンに入って、マーク（プライアー投手コーチ）からは良かったと聞いている」とした上で「それが木曜日の登板にどうつながるかはまだ分からない」と17日（日本時間18日）のレッズ戦で復帰する可能性に言及した。

　さらに「患部をダーマボンドで覆って投げた」とブルペン投球でマメ対策として医療用の皮膚接着剤を使用したことを明かし「まずは今日の投球後にどういう状態になるかを見る必要がある。われわれとしては、再び状態を悪化させるような状況には絶対に置けない」と慎重な姿勢を示した。

　「木曜日という可能性を考える人がいるのは分かる。でも、最後まで登板を終えられて、状態を悪化させないという確信がなければ、やる価値はない。今はまだ選択肢を残している」と明言は避けた。

　ロバーツ監督は前日13日（同14日）に佐々木の復帰登板について「シンシナティでは先発しない。ホームに戻ってから先発する可能性はある」と説明していた。ドジャースは17日（同18日）まで敵地でレッズとの4連戦後、ホームに戻って18日（同19日）からジャイアンツとの3連戦に臨む。

　佐々木は右手中指のマメをつぶし8月27日（同28日）から負傷者リスト（IL）に入った。今月9日（同10日）の実戦形式のライブBPで最速98マイル（約157・7キロ）を計測し、計75球を投げて11三振を奪うなど復帰へ向けて調整を続けていた。",[],[]
マツコ「減った…年に1、2回よ」今でも食事をおごってもらえる貴重な先輩「ちょっと楽しみだもん」（スポニチアネックス）,https://news.yahoo.co.jp/articles/931be83289d411320b299e3c70fcd6f8fa362f47,https://newsatcl-pctr.c.yimg.jp/t/amd-img/20260915-00000077-spnannex-000-6-view.jpg?exp=10800,2026-09-15T06:11:57+09:00,2026-09-15T06:16:34+09:00,スポニチアネックス,spnannex,スポニチアネックス,447,"マツコ・デラックス
タレントのマツコ・デラックス（53）が14日放送の日本テレビ系「月曜から夜ふかし」（月曜後10・00）に出演し、食事をおごってもらえる先輩に言及した。
【写真あり】マツコが食事をおごってもらえる貴重な先輩
食事の会計の話題で、マツコは「先輩がいたら出していただくけど、そうじゃない限り、どう考えても私が一番ババアなんだからさ。じゃあ割り勘で、とはちょっと言えないわよね」

　「でもなんか、あの感じが懐かしいな、まだちょっと若かった頃が。今（おごってもらう事は）もう無いもん」とした上で「今でも（明石家）さんまさんとか、（黒柳）徹子さんとか、それくらいの方と一緒の時はおごってもらう。もうそれぐらいよ。減った…年に1、2回よ」とボヤいた。

　「今度、上田さん（くりぃむしちゅー上田晋也）とご飯行くからさ、その時は絶対払ってくれるから。ちょっと楽しみだもん、パタン（会計票）が上田さんのところに行くのが。私、“パタン恐怖症”になってるから」と先輩との食事を心待ちにしていた。",[],[]
8位大泉洋「どこまで上げていけるか」　ドラマを通じ「理想の上司」目指す（スポニチアネックス）,https://news.yahoo.co.jp/articles/e6e78dbd888656a128d5273d399ef5fca2b20a09,https://newsatcl-pctr.c.yimg.jp/t/amd-img/20260915-00000016-spnannex-000-5-view.jpg?exp=10800,2026-09-15T06:00:00+09:00,2026-09-15T16:47:40+09:00,スポニチアネックス,spnannex,スポニチアネックス,380,"イベントに参加した（左から）伊藤沙莉、大泉洋、山下智久
俳優の大泉洋（53）が14日、東京・よみうり大手町ホールで主演する日本テレビドラマ「俺たちの箱根駅伝」（10月10日スタート、土曜後9・00）の第1話完成披露試写会に出席した。原作は池井戸潤氏の同名小説で、正月の風物詩箱根駅伝を走る側、中継の両面から描く青春群像劇。「予選会もあり、1話から見逃せないシーンばかり。我々テレビ局のパートも含めて見どころだらけ。自信を持っています」と手応えを口にした。

　本作では「理想の上司」を目指しているという。今年発表の明治安田生命「理想の上司」ランキングでは8位。「前回8位でどこまで上げていけるか。目指しているという役者を見たことがない。それがどう影響をしていくか」と語り、会場を沸かせた。

　伊藤沙莉（32）、山下智久（41）、高橋克典（61）らも登壇した。",[],[]
高橋克典　大の駅伝ファンなのに…自身と正反対の編成局長役に恨み節「1話はきっと嫌われる」（スポニチアネックス）,https://news.yahoo.co.jp/articles/ef0ce7a7c7edbf148757df4223a8045cfecae24a,https://newsatcl-pctr.c.yimg.jp/t/amd-img/20260915-00000019-spnannex-000-5-view.jpg?exp=10800,2026-09-15T06:00:00+09:00,2026-09-15T16:46:36+09:00,スポニチアネックス,spnannex,スポニチアネックス,601,"「俺たちの箱根駅伝」の第1話完成試写会に出席した（左から）大泉洋、山下智久、高橋克典
高橋克典（61）が14日、東京・よみうり大手町ホールで出演する日本テレビドラマ「俺たちの箱根駅伝」（10月10日スタート、土曜後9・00）の第1話完成披露試写会に出席した。

　原作は池井戸潤氏の同名小説で、正月の風物詩箱根駅伝を走る側、中継の両面から描く青春群像劇。高橋は大泉洋演じる箱根駅伝の中継に心血を注ぐチーフプロデューサーの主人公に無理難題を押しつける編成局長、黒石武を演じる。第1話でも「デストロイヤー」の異名通りの前例をぶち壊す改革で主人公を悩ませる。

　役柄について「試写を終えると、きっと嫌われてお客さんが帰っていく。それを楽しみにしておりますので、ドラマをお楽しみください」と苦笑い。大泉からは「後ろ向きなあいさつはやめてください」と突っ込まれていた。

　自身は10年間で7度箱根を制した王者・青山学院に初等部から通い、大の駅伝ファン。沿道に応援に行くなど、その熱意は筋金入りだ。「（編成局長として）視聴率、視聴率という立場を取るのがしんどい」と胸中を明かした。

　一方の大泉は今年まで、あまり箱根駅伝を見たことがなく、今年見たことでファンとなった。互いに私生活と対照的な役柄に、高橋は「なのにこの役。僕は何年も前から見ている」と不満げ。大泉も「本当は逆が良かったかもしれない」と口にした。",[],[]
19日最終回の日テレ「告白」　撮了コメント続々　田中要次「かつらふかわりょうくんみたいだって（笑）」（スポニチアネックス）,https://news.yahoo.co.jp/articles/2b6e441c0e9333d13867c202f43d48c9ddd8de28,https://newsatcl-pctr.c.yimg.jp/t/amd-img/20260915-00000027-spnannex-000-6-view.jpg?exp=10800,2026-09-15T06:00:00+09:00,2026-09-15T16:45:33+09:00,スポニチアネックス,spnannex,スポニチアネックス,1103,"クランクアップを迎えた（左上から時計回りに）水野美紀、田中要次、石黒賢、夙川アトム、谷恭輔、丘みつ子、石山順征、丸山智己
SixTONESの松村北斗が主演している日本テレビドラマ「告白―25年目の秘密―」（土曜後9・00）が19日にいよいよ最終回を迎える。

　今作は25年間片思いを続ける主人公（松村）とヒロイン（岡崎紗絵）を軸に、純愛と狂気、そして25年前に起きた事件の真相が交錯するラブサスペンスを描いている。最終話では、25年間続いた片思いと、25年前の事件からつながる物語に終止符がついに打たれる。主人公とヒロインの恋はどんな結末を迎えるのか、目が離せない。

　最終話を前に、ヒロインの家族、25年前の事件に関わってきた役を演じる水野美紀、石黒賢、田中要次、丘みつ子、夙川アトム、丸山智己、谷恭輔、石山順征らが続々とクランクアップを迎えていった。

　各キャストのクランクアップ時のコメント

▼水野美紀「暑い中、まだまだ撮影が続くと思いますので、体調に気を付けて最後まで完走してください。応援しています。ありがとうございました」

▼石黒賢「居心地のいい現場でした。暑い中、本当にご苦労さまですが、残りの撮影を頑張ってください」

▼田中要次「25年前という設定でこのかつらをかぶりました。イメージは映画『ノーカントリー』のハビエル・バルデムさんだったのですが、ネット上ではふかわりょうくんみたいだって（笑い）。まさか、このシーンが最後になるとは（笑い）」

▼丘みつ子「この現場はものすごく明るかったです。私、こんな現場は初めてかな。あと少し、頑張ってください」

▼夙川アトム「最初にこのドラマのお話をいただいたときに、監禁されるかもということは聞いていて、もうちょっと生ぬるい監禁かと思っていたのですが、こんなにハードになるとは思っていませんでした（笑い）。でも、その方が張り合いがあって、楽しい撮影でした」

▼丸山智己「なんか僕が死んだ後にいろんなことが起こるらしくて、オンエアを楽しみにしています。暑いですけど、体調に気を付けて皆さん頑張ってください。お疲れさまでした」

▼谷恭輔「台風が来たり、暑かったり、寒かったり、あと、コウモリもいました（笑い）。撮影が大変な中、いつも居心地のいい場所を作ってくださって、ここに来ることが本当に楽しみでした」

▼石山順征「（ヒロイン一家の）野瀬家にいることが多かったのですが、共演者の温かいみなさんと、すばらしいスタッフのみなさんと一緒にお仕事ができたことがすごくうれしいです。またみなさんと一緒に仕事ができるように頑張ろうと思います」",[],[]
山下智久　「俺たちの箱根駅伝」学生役と焼肉に　小林虎之介ら興奮「忘れられない」　結束ぶりに大泉が嫉妬（スポニチアネックス）,https://news.yahoo.co.jp/articles/f7b5c7402596c6be907daec085791d0b2c8ba32e,https://newsatcl-pctr.c.yimg.jp/t/amd-img/20260915-00000011-spnannex-000-7-view.jpg?exp=10800,2026-09-15T06:00:00+09:00,2026-09-15T16:45:40+09:00,スポニチアネックス,spnannex,スポニチアネックス,939,"日本テレビドラマ「俺たちの箱根駅伝」の第1話完成試写会に出席した（前列左から）竹中直人、山田杏奈、伊藤沙莉、大泉洋、山下智久、高橋克典、猪股隆一監督（後列左から）林裕太、庄司浩平、水沢林太郎、小林虎之介、奥智哉、菅生新樹、荒木飛羽（撮影・望月　清香）
俳優の大泉洋（53）、伊藤沙莉（32）、山下智久（41）、小林虎之介（28）、菅生新樹（27）、林裕太（25）らが14日、東京・よみうり大手町ホールで日本テレビドラマ「俺たちの箱根駅伝」（10月10日スタート、土曜後9・00）の第1話完成披露試写会に出席した。

　小説家の池井戸潤氏の同名小説が原作。正月の風物詩箱根駅伝を走る側、中継の両面から描く青春群像劇。

　小林、菅生、林らランナー役は厳しい減量やトレーニングに全身全霊で挑んだ。菅生は「確実に駅伝の楽しさとか興奮、熱量が伝わっていると思う」と胸を張った。ランナー役の頑張りを間近で見てきた明誠学院大学・陸上競技部の新監督役の山下は「彼らが命をかけて撮影しているのを目の当たりにしていたので、始まりを見届けていただけるのはとてもうれしい」と笑顔。「僕自身、燃え尽き症候群だったんじゃないかなって時期が撮影入るか入らないかの時にあった。グラウンドで走っている彼らの姿を見て、自分の情熱に火を灯していただいた」と刺激を受けていた。

　撮影後には学生役のキャストを焼肉に連れて行ったという。「撮影中は減量もあって食べたいものを食べられる環境じゃない。僕も（役柄上）距離を置いていたので、終わってから楽しい時間を過ごさせていただきました」と回想。小林は「めちゃくちゃ楽しかったです。海老が食べたことないくらいプリプリ。忘れられないです」と興奮げに話した。

　終始、和気あいあいとした掛け合いを見せた学生役のキャストたち。林が「僕たち学生連合チームは撮影外でも仲良くなってプライベートでも走りに行ったり、ディズニーランドに行ったりした」と明かすと、大泉は「そんな暇あったら走ってろよ！」とツッコミ。あまりの結束ぶりに「何かにつけて学生連合の絆を言う！山Pは焼肉連れて行ってくれたとか言うと、こいつ（伊藤）らは俺に連れて行ってもらってないって話になるから！」と嫉妬していた。",[],[]
日本ハム・北山　15日に先発　ロッテ打線を警戒「きちんと投げたい」　（スポニチアネックス）,https://news.yahoo.co.jp/articles/dfe7f8e0aa97c4091bdf5399caf3286bbbb7733e,https://newsatcl-pctr.c.yimg.jp/t/amd-img/20260915-00000053-spnannex-000-5-view.jpg?exp=10800,2026-09-15T06:00:00+09:00,2026-09-15T06:00:00+09:00,スポニチアネックス,spnannex,スポニチアネックス,346,"登板に備える日本ハム・北山（右）
日本ハム・北山は本拠地で行われた投手練習に参加し、15日のロッテ戦（エスコン）先発登板に備えた。「ロッテ打線はかなりいいと思っている。個々の力があり、線としてもしっかり機能している。若い選手の中で調子を上げている選手もいて、集中を切らさずに一球一球きちんと投げていきたい」と警戒を強めた。
【写真あり】超人気アナ、ミニスカコスできつねダンスに大反響「可愛すぎ！」
前回4日の楽天戦では8回3安打2失点の好投で11勝目を挙げ、最多勝争いでリーグトップのソフトバンク前田悠、オリックス・エスピノーザに1勝差に迫る。「もちろんチームのためが前提ですけど、勝ち星もありがたいことにいい位置にいますし、規定（投球回）もあと少し。そこも合わせて頑張りたい」と力を込めた。",[],[]
日本ハム・清宮が現役引退する中島に惜別の誓い！「卓さんを優勝旅行に連れて行きたい」（スポニチアネックス）,https://news.yahoo.co.jp/articles/dde1e81889a5114e6afea620abae1710c1b01074,https://newsatcl-pctr.c.yimg.jp/t/amd-img/20260915-00000052-spnannex-000-5-view.jpg?exp=10800,2026-09-15T06:00:00+09:00,2026-09-15T06:00:00+09:00,スポニチアネックス,spnannex,スポニチアネックス,675,"（前列左から）日本ハムの野村、清宮（後列同）鈴木、中島
今季から選手会長を務める日本ハム・清宮幸太郎内野手（27）が、今季限りで現役引退する中島卓也内野手（35）に「優勝旅行」のプレゼントを誓った。清宮幸にとっては、「僕が入ったときの選手会長でした」と打ち明けるように、特別な思い入れがある先輩だ。
【写真あり】超人気アナ、ミニスカコスできつねダンスに大反響「可愛すぎ！」
「常に自分の決めたことをやり抜く姿勢だったり、そういうところはみんなも見ていたと思います。僕もずっとそういう姿を見て、育ってきました」

　高校通算111本塁打をマークし、注目されたプロ1年目は18年だった。すでに、当時の中島はタイトルも獲得し、侍ジャパンの選出経験もあった。そんなスタープレーヤーでも、堅守と俊足を生かしながら、打席の中で粘る独自のスタイルで献身的にチームを支えていた。そのための準備を欠かさないことも、周囲は知っていた。

　だからこそ、清宮幸は「今のファイターズのお手本」と元選手会長を尊敬する。そんな先輩に恩返しをしたい。思い描いているのは、ポストシーズンを勝ち上がって日本一になることだ。もちろん、その先には具体的なプランもある。チームにとっては、日本一に輝いた16年以来となる「優勝旅行」だ。

　「卓さんも行きたがっていると思っているので。今は僕が選手会長なので、卓さんを連れて行ってあげたい」。そうなれば、有力候補にハワイなどが浮上するだろう。目標を達成するためにも、残りのレギュラーシーズンだけでなく、CSも日本シリーズも清宮幸は打ちまくる。",[],[]
【M5】ソフトバンク　球団誕生の地・大阪で胴上げだ！モイネロ先陣、3連勝なら最短17日（スポニチアネックス）,https://news.yahoo.co.jp/articles/bb3e3ef3fa5f152ac62c4b7c3c770a99f580265d,https://newsatcl-pctr.c.yimg.jp/t/amd-img/20260915-00000007-spnannex-000-7-view.jpg?exp=10800,2026-09-15T06:00:00+09:00,2026-09-15T06:00:00+09:00,スポニチアネックス,spnannex,スポニチアネックス,1021,"投手練習に参加したモイネロ（撮影・成瀬　徹）
優勝マジック5のソフトバンクは、15日からオリックスとの3連戦に臨む。先週は日本ハム、ロッテを2カード連続で3連戦スイープし、現在6連勝と勢いに乗って敵地に乗り込む。京セラドームでは24年に就任1年目だった小久保裕紀監督（54）が優勝の胴上げをされた。球団誕生の地でもある大阪での最短17日Vの可能性も残す中、一戦必勝で白星を積み重ねていく。
【写真あり】新スタイルで奪三振「1」の完投
現在、優勝マジックは5。着実に歓喜の瞬間が近づく中、15日からは京セラドームでのオリックス3連戦に臨む。

　先週は本拠地6連戦で6連勝して大きく前進した。マジックを一気に9も減らし、小久保監督も「いい1週間だった。切り替えてまた備えていきたいと思います」とうなずく戦いぶりだった。最短Vは3戦目が行われる17日だ。

　リーグ3連覇を成し遂げれば、大阪を本拠地としていた南海時代の1964～66年以来で福岡移転後では初となる。今季は栄光の歴史を振り返り、8月4日の日本ハム戦で当時のユニホームを着用して京セラドームで戦った。オリックス戦で3連勝を飾れば、ライバル球団の勝敗次第だが球団誕生の地での胴上げも見えてくる。

　先陣を切るのはモイネロだ。8月中旬の合流後、5試合登板で4勝1敗、防御率0・76と抜群の安定感を誇っている。チームの上げ潮ムードに「今だけじゃなく、チーム全体でシーズン通していい雰囲気でやってきたことが、さらに結果が出て良くなっていると思う」とコメント。「自分の全力を出していきたい。オリックス戦は久しぶりになるがアグレッシブな感じで投げていきたい」と腕をぶした。2戦目は上沢、3戦目は松本晴が先発する見込みとなっている。

　9月のチーム防御率は11試合で2・14。シーズン序盤はモイネロの不在に加え、開幕投手を務めた上沢の離脱などもあり不安定な時期もあったが、ペナントレースが進むごとに安定感を増してきた。リーグトップタイ12勝の前田悠、11勝の大津、10勝の松本晴は、いずれも初の2桁勝利となっている。「シーズン通して成長していってくれているピッチャーが多い」と倉野投手コーチ。勝ち頭の前田悠については「うまくいって5勝かなという計算だった。全くハズレでした」と明かし最敬礼した。

　9月に入り盤石の戦いぶりを見せている小久保ホークス。歓喜のゴールは目前だ。

（木下　大一）",[],[]
【昼間里紗　ひるまのマル秘】ソフトバンク・広瀬隆太内野手の「捨てられない物」（スポニチアネックス）,https://news.yahoo.co.jp/articles/f88fc67f70878eb43e61dadc388c07c726ef7997,https://newsatcl-pctr.c.yimg.jp/t/amd-img/20260915-00000005-spnannex-000-4-view.jpg?exp=10800,2026-09-15T06:00:00+09:00,2026-09-15T06:00:00+09:00,スポニチアネックス,spnannex,スポニチアネックス,414,"守備練習をする広瀬隆（撮影・昼間　里紗）
筑後で頑張るソフトバンク選手の、知られていない「マル秘」を探るこのコーナー。第62回は「広瀬隆太内野手の　捨てられない物」。
【写真あり】ソフトバンク・東浜巨投手の「繰り返し読んだ本」
整理整頓、断捨離。そんな言葉がぴったりな広瀬隆はチーム屈指のきれい好きだ。「1年間使っていなかったら捨てます。思い入れがあるなら使っているはずじゃないですか」と淡々と語る。部屋はモノトーンカラーで統一しており、最近はグレーのカーペットを即断即決で購入。寮を出て1年目の自身の部屋は、シンプルで落ち着く空間だという。

　そんな広瀬隆にも捨てられない物がある。それはお守りだ。「ちょっと怖い。お守り捨てるのは、ちょっと怖い」。自分で購入する機会は少ないというが、それでもお守りが持つパワーは信じている。何でもゴミ箱に入れられると話した25歳の“例外”だった。

　＜ちなみに＞いま欲しいものは“幸せ”。",[],[]
【筑後鷹】モレノ　素質は“今宮級”　モイネロに憧れ同じキューバから海渡り、走攻守磨いて目指す1軍（スポニチアネックス）,https://news.yahoo.co.jp/articles/47f745782496bf42c50e8d672c59949555701867,https://newsatcl-pctr.c.yimg.jp/t/amd-img/20260915-00000004-spnannex-000-4-view.jpg?exp=10800,2026-09-15T06:00:00+09:00,2026-09-15T06:00:00+09:00,スポニチアネックス,spnannex,スポニチアネックス,1301,"守備練習をするモレノ（撮影・昼間　里紗）
ソフトバンクの来日1年目、ジョナサン・モレノ内野手（18）が憧れを抱くのは、同じキューバ出身のモイネロだ。昨年9月、沖縄県で開催されたU―18W杯で左腕に初対面。人柄やスター性にほれ、メジャー球団も注目する中で日本でのプレーを決意した。ポテンシャルの高さが魅せる俊敏な守備は「ポスト今宮」との呼び声高い。1軍レギュラーも夢ではない有望株の魅力に迫った。
【写真あり】モレノ「同じように活躍したい」キューバ出身の育成外国人“モイネロロード”歩む
キューバ出身のモレノが入団を決めたきっかけは、モイネロとの出会いだった。「球場の中でも外でも振る舞いが凄かったです。こういう選手になりたいと感じました」。昨年9月に開催されたU―18W杯のキューバ代表に選出されて沖縄で試合をしていると、モイネロが母国の代表チームへのあいさつに訪れた。

　以前からスーパースターとして認識しており、初対面のこの日一気に目標の存在になった。「モイネロがいる日本でプレーしたい、モイネロがいるソフトバンクでプレーしたい、そう思いました」。W杯のために来日した時には所属チームを迷っていたが、3年前から連絡をもらい続けていた萩原健太スカウトの猛アプローチもあり、入団を決意した。

　メジャー4球団、国内3球団が争奪戦を繰り広げた18歳の最大の魅力は、俊敏かつ堅実な守備だ。高田知季3軍内野守備走塁コーチは「バネやスピード感が若い時の今宮に似ている」と評価。明石健志R＆Dグループスキルコーチも「18歳の時の今宮と、守備範囲の広さもポテンシャルも良い勝負。動き出しの速さも球に追いつける速さもある」と素質を認めている。それぞれ、今宮と遊撃の定位置を競った2人の証言だけに期待も高まる。

　モレノ自身は目指す姿を「身体能力を生かした守備範囲の広さと確実性の高さを見せたい」と描いている。強みの守備はもちろんのこと、打撃にも期待が寄せられている。引っ張った打球だけでなく逆方向にライナー性の打球を打てるなど、評価は高い。アベレージヒッターを目指してコンタクト率のアップに努めており、実際の投手映像と球筋を再現可能な「トラジェクトアーク」などの最先端マシンを積極的に使って実力をつけている。

　1年目の今季は3軍戦に26試合出場して、89打数36安打、打率・404をマーク。俊足を生かして18盗塁を決めている。6月5日には2軍公式戦デビューを果たして5試合に出場した。左太腿裏の肉離れで7月下旬から約2カ月間リハビリ組で過ごしてきたが、実戦復帰は近い。

　「モイネロのように有名になりたい」そうモレノは目を輝かせる。まずは1軍でのプレーを目指し、打つ、守る、走る、全てを妥協せず追求を続ける。（昼間　里紗）

　◇ジョナサン・モレノ　2007年9月26日生まれ、キューバ出身の18歳。5歳で野球を始め、25年に沖縄で行われたU―18野球W杯ではキューバ代表として8試合に出場した。好きな食べ物は白米と黒豆、好きな日本食は豚骨ラーメン。背番号174。1メートル78、70キロ。右投げ右打ち。",[],[]
ソフトバンク・徐若熙　PSの戦力に向けて順調ステップ　13日ファームで最速158キロ＆2K（スポニチアネックス）,https://news.yahoo.co.jp/articles/158ad5f0aa469bf52c74075bdb406a6cd223c141,https://newsatcl-pctr.c.yimg.jp/t/amd-img/20260915-00000003-spnannex-000-4-view.jpg?exp=10800,2026-09-15T06:00:00+09:00,2026-09-15T06:00:00+09:00,スポニチアネックス,spnannex,スポニチアネックス,254,"キャッチボールを行う徐若熙（撮影・成瀬　徹）
7月中旬に腰の手術を受けたソフトバンクの徐若熙（シュー・ルオシー）が、ポストシーズンでの登板に向けて順調にステップを踏んでいる。
【写真あり】　腰の手術後初のライブBP　安打性のあたりはゼロ　「感触は良いです」
13日のファーム・リーグ広島戦で実戦復帰し、1回2安打1失点も最速158キロで2三振を奪った。

　倉野投手コーチは「しっかり出力が出ていた。これからまた試合を重ねていくと思う。ポストシーズンに向けても戦力として見ていきたいと思っています」と話した。",[],[]
マツコ「“パタン恐怖症”になってる」最近の食事支払いでボヤキ「私が一番ババア…割り勘でとは言えない」（スポニチアネックス）,https://news.yahoo.co.jp/articles/5dfe2958eeba1e1d82674729200293dd07911e2c,https://newsatcl-pctr.c.yimg.jp/t/amd-img/20260915-00000076-spnannex-000-6-view.jpg?exp=10800,2026-09-15T05:56:15+09:00,2026-09-15T07:57:15+09:00,スポニチアネックス,spnannex,スポニチアネックス,402,"マツコ・デラックス
タレントのマツコ・デラックス（53）が14日放送の日本テレビ系「月曜から夜ふかし」（月曜後10・00）に出演し、食事の支払いについてボヤキを連発した。
【写真あり】ネット衝撃「初めて見た」「スッピン貴重」なマツコ登場
食事の会計の話題で、マツコは「先輩がいたら出していただくけど、そうじゃない限り、どう考えても私が一番ババアなんだからさ。じゃあ割り勘で、とはちょっと言えないわよね」

　「でもなんか、あの感じが懐かしいな、まだちょっと若かった頃が。今、（おごってもらう事は）もう無いもん。どう考えても（食事が）始まった瞬間から毎回、私持ちだもん」と嘆いた。

　「今度、上田さん（くりぃむしちゅー上田晋也）とご飯行くからさ、その時は絶対払ってくれるから。ちょっと楽しみだもん、パタン（勘定票）が上田さんのところに行くのが。私、“パタン恐怖症”になってるから」と独特の表現でボヤいた。",[],[]
M!LK　TBS秋改編で冠番組が深夜から土曜昼に“昇格”　内容・タイトルは特番ベースか　旋風止まらず（スポニチアネックス）,https://news.yahoo.co.jp/articles/5828952e5bd43febb36fe7d5f06dd9241d303449,https://newsatcl-pctr.c.yimg.jp/t/amd-img/20260915-00000051-spnannex-000-4-view.jpg?exp=10800,2026-09-15T05:30:00+09:00,2026-09-15T07:40:37+09:00,スポニチアネックス,spnannex,スポニチアネックス,805,"冠番組が土曜午後2時枠に“昇格”するM！LK
TBSの10月期改編で男性5人組「M！LK」の冠バラエティーが週末の昼の顔になることが14日、分かった。
【写真あり】佐野勇斗　M!LKメンバーと露天風呂満喫ショット！
2024年10月に深夜帯で始まり昨年10月からシーズン2が放送されている「限界突破！やってM！LK」（木曜深夜0・59）が、現在単発の特番を放送中の土曜午後2時枠に“昇格”する。話題曲を連発し、昨年はNHK紅白歌合戦に初出場するなど人気爆発中のグループが、土曜昼のお茶の間に笑顔を届ける。

　関係者によると、放送時間は現在の深夜枠の30分から1時間に拡大予定。番組タイトルと内容については7月7日午後10時放送でメンバーが視聴者から募集したミッションに挑戦した特番「M！LKの爆裂ミッション」をベースに調整されているという。

　「M！LKの爆裂ミッション」はゴールデン・プライム（GP、午後7～11時）帯初の冠番組として注目を集め、世帯視聴率も6.0％（関東地区、ビデオリサーチ調べ）を記録した。好評を受け、10月6日午後10時から2回目の放送が編成されている。

　TBS関係者は「深夜帯から休日昼帯への移動は局の大きな期待の表れ。今のM！LKの人気や番組の反響を考えれば既定路線」と“昇格”理由を指摘。そして、「その先はGP帯も見据えているはず」とも語った。

　同局の「それSnow　Manにやらせて下さい」（金曜後8・00）も、Snow　Man初の冠番組として動画配信サービス「Paravi」の深夜帯で開始。その後、地上波で日曜昼帯でのレギュラー化を経て現在の枠へと移り、局の看板番組の一つとなるまでになった。同局関係者は「勢いのあるM！LKの番組も大事に育てるつもりでしょう」と話した。

　同局は本紙取材に「個別の番組の編成・制作過程については従来お答えしておりません」とした。",[],[]
【神戸新聞杯】ロブチェン　心身ともに成長　房野助手「トモの張りがさらに増した」（スポニチアネックス）,https://news.yahoo.co.jp/articles/8a97e2a64c469df7e35f96a69070db9f83a64284,https://newsatcl-pctr.c.yimg.jp/t/amd-img/20260915-00000018-spnannex-000-2-view.jpg?exp=10800,2026-09-15T05:30:00+09:00,2026-09-15T05:30:00+09:00,スポニチアネックス,spnannex,スポニチアネックス,239,"春の2冠馬ロブチェン
皐月賞、ダービーの春2冠を制したロブチェンは全休日の月曜朝、馬房で静養に努めた。房野助手は「トモの張りがさらに増していますね。ハミ受けも良くなって、体もしっかりしてきました」と成長に目を細める。

　13日は坂路を軽快に駆け上がり、4F56秒6～1F13秒1をマーク。「以前は乗るのも苦労したが、コントロールが利いて乗っているのが楽しい。先週追い切りに騎乗した松山ジョッキーも“凄く乗りやすくなっている”と言ってくれましたからね」と順調ぶりをアピールした。",[],[]
【新馬Vリスト】スローブギ切れ味絶品!良馬場でさらに　サトノハクマイも好センス示す（スポニチアネックス）,https://news.yahoo.co.jp/articles/f1124999bf7abf4d736f23724db31daca3767709,https://newsatcl-pctr.c.yimg.jp/t/amd-img/20260915-00000017-spnannex-000-1-view.jpg?exp=10800,2026-09-15T05:30:00+09:00,2026-09-15T05:30:00+09:00,スポニチアネックス,spnannex,スポニチアネックス,364,"新馬Vリスト
先週は2場で6鞍。中山デビュー組では芝1800メートル戦のスローブギの勝ちっぷりが光った。好発から先団につけ、外々を回らされながらも切れ味の違いで先頭へ。強襲した2着馬を半馬身振り切った。母が19＆20年の京成杯AHを連覇したトロワゼトワルの良血。良馬場でさらにパフォーマンスを上げそうだ。芝1600メートル戦のサトノハクマイも好センスを示すV。鋭いダッシュ力で2番手で運び、滑らかに四肢を回転させて抜け出した。兄姉が堅実に走っており、昇級しても楽しみな素材だ。

　阪神ではダート1800メートルを勝ち上がったエピドゥブレが評判にたがわぬ強さを見せた。発馬で後手に回るも、道中で無理なく進出。馬なりのまま先頭に立って追い出されると、あっさり勝負を決めた。ゴールドドリーム産駒の3世代目から期待の大物候補が現れた。",[],[]
【野路菊S】ジーティーサクラ　連勝街道を歩む　吉岡師「10キロ増で順調に成長」（スポニチアネックス）,https://news.yahoo.co.jp/articles/24357e69b3efb62f575c4482acbbda84d081242b,https://newsatcl-pctr.c.yimg.jp/t/amd-img/20260915-00000014-spnannex-000-2-view.jpg?exp=10800,2026-09-15T05:30:00+09:00,2026-09-15T05:30:00+09:00,スポニチアネックス,spnannex,スポニチアネックス,681,"入念に稽古を積み重ねたジーティーサクラ
今週の「Road　to　2027」は注目の牝馬2頭を取り上げる。土曜阪神9R・野路菊S（芝1600メートル）に登場するジーティーサクラ（吉岡、父キタサンブラック）は同舞台の新馬戦を上がり3F32秒4で差し切った素質馬。2連勝で大舞台へ羽ばたくか。また、偉大なる父の名を受け継いだフライトライン産駒レインボーフライト（林）は土曜中山5R（芝1800メートル）で注目のデビュー戦を迎える。

　衝撃の走りを見せた舞台で連勝街道を歩む。6月の阪神新馬戦を鮮やかに差し切ったジーティーサクラが出世レースの野路菊Sで秋始動する。初戦でマークした上がり3F32秒4は阪神2歳戦史上最速。吉岡師は「調教からセンスが良く、ゲートをしっかり出てくれればと思っていた。人気馬を見ながら、しまいの反応も良かった」と振り返る。

　夏場は栗東近郊のチャンピオンヒルズへ放牧。先月中旬に帰厩後は入念に稽古を積み重ねた。吉岡厩舎は1週前の週末が実質的な最終追いで12日にはCWコースでいっぱいに追われ、6F82秒5～1F11秒5をマーク。指揮官は「しっかり調整した上で動きもいい。メンタルが安定しているのが何より。体は10キロぐらい増えていて、順調に成長しています」と目を細めた。

　野路菊Sの勝ち馬は05年メイショウサムソン、17年ワグネリアンが翌年のダービーを制覇。昨年、牝馬で制したアランカールもG1で上位争いを演じた。ここで結果を出せば、同舞台の阪神JF、桜花賞の牝馬G1にもつながる。ジーティーサクラも出世レースを制し、大舞台へ突き進む。",[],[]
【中山新馬戦】レインボーフライト　父の背中追う　林師「シュッとした脚を使えそう」（スポニチアネックス）,https://news.yahoo.co.jp/articles/213cb3c2cb376da0f08677c7ca0c4a022b1f689a,https://newsatcl-pctr.c.yimg.jp/t/amd-img/20260915-00000015-spnannex-000-2-view.jpg?exp=10800,2026-09-15T05:30:00+09:00,2026-09-15T05:30:00+09:00,スポニチアネックス,spnannex,スポニチアネックス,455,"レインボーフライト
レインボーフライトはフライトライン産駒として初めて中山に出走する。父は現役6戦で計71馬身差をつけた米の怪物。同産駒はこれまで4頭がデビューし、延べ6戦で3勝、2着3回と驚異のオール連対。5日の札幌2歳Sではショウナンガレオンが産駒初の重賞Vを飾った。林師は「動きも素軽いし、動かしてもしっかり動ける。2歳牝馬なりの繊細さはあるけど、攻め馬は順調にできている」と、ここまでの調整過程に納得の表情を浮かべる。
【写真あり】超人気騎手、驚きの交友録！人気タレント、プロ野球選手…飲み会での意外な顔合わせに「頭が追いつきません」
9日の1週前追いに騎乗した津村の手応えも上々だ。父は全6戦がダートだが「ダートっぽさはなくて素軽い動き。折り合いもつくし、距離は大丈夫。追ってシュッとした脚を使えそう」と芝適性の高さを予測した。

　日本でデビュー予定の初年度産駒は19頭いるが、父の名の一部を冠しているのはレインボーフライトのみ。期待を一身に背負う。まずはデビュー戦。虹色の競走馬生活が幕を開ける。",[],[]
【米ジョッキークラブゴールドC】フォーエバーヤング　心身とも完成形「能力を見せつけたい」（スポニチアネックス）,https://news.yahoo.co.jp/articles/b648f03189bfef6d57c719116459bcd3458c7ab1,https://newsatcl-pctr.c.yimg.jp/t/amd-img/20260915-00000012-spnannex-000-2-view.jpg?exp=10800,2026-09-15T05:30:00+09:00,2026-09-15T05:30:00+09:00,スポニチアネックス,spnannex,スポニチアネックス,1903,"調教を終えリラックスムードで草をはむフォーエバーヤングと渋田助手（C）The　New　York　Racing　Association
JRAが馬券を発売する米G1「ジョッキークラブゴールドC」（18日＝日本時間19日午前5時14分発走、ベルモントパーク）に、フォーエバーヤング（牡5＝矢作）が出走する。実力馬が続々と回避したことにより、7頭立ての少頭数。連覇に挑むBCクラシック（10月31日、キーンランド）に向けても、落とせない前哨戦だ。日本調教馬初の海外G1・4勝目を目指して、注目の秋初戦を迎える。

　23年秋にスタートさせた競走馬生活の集大成へ――。年内引退が決まっているフォーエバーヤングにとって最後の秋の戦いが始まる。昨秋は日本調教馬として、初めてBCクラシックを制した。00＆01年に連覇したティズナウ以来、2頭目の快挙を目指し、4度目の渡米。週末のレースに向け、ベルモントパーク競馬場で順調に調整を進めている。

　24年ケンタッキーダービー（3着）から始まった米国遠征。今秋もダートの本場に戻ってきた。連覇が懸かる大一番を前に選んだステップレースは昨年の米国年度代表馬ソヴリンティなど有力馬が回避し、7頭立て。メンバー的にも落とせない一戦となった。前年のBCクラシック覇者が当レースを勝てば、08年カーリン以来となる。調整役を務める荒木助手は「馬に走りたい気持ちがあって、自分の能力を見せつけたいと思っているんでしょうね」と自信を持って送り出す。

　今年初戦のサウジCは史上初となる連覇を達成し、続くドバイワールドCも2着に奮闘した。夏場は函館競馬場に入って調整し、栗東へ帰厩。出国前の国内最終追いでも圧巻のパフォーマンスを見せた。同助手は「検疫に入った時に、これから競馬へ行くということが分かったのか、勝手に状態が上がっていきました」と充実ぶりに目を細める。

　5歳秋を迎えて心身ともに完成形だ。「函館での追い切りを見ていてもバランスが良く、走り方も成長。完成してきた印象を持ちました」とパワーアップに目を細める。「出発前の馬体重は560キロ台。相変わらず、いい体つきです。昔できなかったことが何でもできるようになっていますし、馬に経験値が備わっている分、調整もしやすいですね」と好調ぶりを伝えた。

　現役生活も残りわずか。秋初戦に向けて、チーム一丸で万全の態勢を整えてきた。日本時間の15日には主戦の坂井を背に最終追い切りを行う予定。荒木助手は「この馬に携わることができて感動しています。ヤング自身もまだやれると思っているでしょう。僕もこの馬の走りをまだまだ見ていたい。ファンの方々にも、そう思っていただけるレースをお見せできるように頑張ります」と力強く結んだ。勝てば日本調教馬で史上初となる海外G1・4勝目。数々の歴史を塗り替えた世界の“YAHAGI”の挑戦が始まる。

　≪計3勝トップタイ≫フォーエバーヤングは海外G1を7戦し、25＆26年サウジC連覇、25年BCクラシックの計3勝。日本調教馬の海外G1勝利数はエイシンプレストン、モーリス、ラヴズオンリーユーと並んでトップタイ。また、JRA所属馬が米G1を勝てば今年のチャーチルダウンズS（テーオーエルビス）に続く6勝目となる。

　▽ジョッキークラブゴールドC　創設は1919年で、凱旋門賞より1年早い。当初は「ジョッキークラブステークス」の名称でベルモントパーク競馬場のダート2400メートルを舞台とし、1990年から現在の2000メートル戦に定着した。創設当初からニューヨーク秋開催におけるメインレースに位置づけられていたが、1984年にブリーダーズカップが立ち上げられると、その前哨戦へと様変わり。歴代の勝ち馬にはシガー、カーリンなどがいる。21年から25年までは番組再編や競馬場の改装工事により、サラトガ競馬場が代替地となっていた。

　▽ベルモントパーク競馬場　米国ニューヨーク州エルモントにある競馬場。クラシック3冠最終戦のベルモントSをはじめ、多くのG1競走が行われる。1905年に開場。コースは楕円（だえん）形で内側に芝コース、外側にダートコースがある。ダートコースは1周2400メートル（左回り）。23年7月の開催を最後に改修工事に入り、総工費約5億5000万ドル（約870億円）をかけてリニューアル。スタンド、パドックの施設のほか、芝コースの内側に1周1600メートルのオールウェザー（タペタ）コースが新設され、18日がオープン日となる。来年のBC開催は22年ぶりに同競馬場で行われることが決定。",[],[]
【オールカマー】伏兵ヴーレヴー勢い十分　充実期4歳牝馬、重賞初V期待（スポニチアネックス）,https://news.yahoo.co.jp/articles/7945a8ea94963a59db5bc7a6c3c715b3318753f6,https://newsatcl-pctr.c.yimg.jp/t/amd-img/20260915-00000013-spnannex-000-1-view.jpg?exp=10800,2026-09-15T05:30:00+09:00,2026-09-15T05:30:00+09:00,スポニチアネックス,spnannex,スポニチアネックス,789,"オールカマーでの牝馬の好走
過去10年の傾向から勝ち馬を探る「up　to　データ」。今週は1着馬に天皇賞・秋の優先出走権が与えられる「第72回オールカマー」を分析する。今年もフルゲート割れとなるが、粒ぞろいのメンバーが集まり混戦模様。難解な一戦で主役に浮上したのはあの伏兵だ。

　【性齢】

　4歳の信頼度が圧倒的だ。【6・3・3・14】（勝率23・1％、連対率34・6％、複勝率46・2％）の活躍で、8年連続の馬券絡み。21年から5年連続で優勝馬を出している勢いも見逃せない。対抗は5歳で【4・3・5・35】（勝率8・5％、連対率14・9％、複勝率25・5％）。6歳は【0・4・1・26】と勝ち切れていない。7歳以上は【0・0・1・25】と基本軽視でいい。牝馬は出走頭数こそ少ないが【5・2・1・12】（勝率25・0％、連対率35・0％、複勝率40・0％）の好成績だ。

　【前走クラス】

　最多6勝を挙げているG1組（海外含む）が中心となる。G1組の内訳は天皇賞・春、宝塚記念がそれぞれ2勝。ヴィクトリアマイル、ドバイシーマクラシックが1勝だった。近6年で4頭の勝ち馬を出しているG3組も警戒は必要。オープン競走組は【0・0・2・15】、条件戦組は【0・1・0・3】。

　【ポジション】

　4角4番手以内は【5・7・4・33】、同5番手以内は【6・8・6・40】、同7番手以内は【9・8・7・47】。同10番手以下は【0・0・0・32】で一度も馬券内がない。直線がそこまで長くない中山コースらしく、ある程度の位置を取れる馬に分がある。

　【結論】

　4歳牝馬の伏兵ヴーレヴーの重賞初制覇に期待した。前々走の巴賞は3馬身半差の快勝、前走クイーンSは4角2番手から粘って3着と充実期に入った印象。今の勢いなら、初の中山、牡馬相手でも十分勝負になるとみた。（データ班）",[],[]
DeNA　サヨナラ勝ちで121日ぶり勝率5割復帰　9月は9勝2敗　相川監督「粘りが結果につながった」（スポニチアネックス）,https://news.yahoo.co.jp/articles/fed1e47cf49c8e4f3d0831ca9018776fcd246e76,https://newsatcl-pctr.c.yimg.jp/t/amd-img/20260915-00000058-spnannex-000-4-view.jpg?exp=10800,2026-09-15T05:30:00+09:00,2026-09-15T05:30:00+09:00,スポニチアネックス,spnannex,スポニチアネックス,892,"＜D・巨＞12回、敵失でサヨナラとなり歓喜の古市（中央）らDeNAナイン（撮影・光山　貴大）
◇セ・リーグ　DeNA4―3巨人（2026年9月14日　横浜）

　DeNAは14日、巨人に4―3でサヨナラ勝ちを収め、6連勝を飾った。最大15あった借金を完済し5月16日以来、121日ぶりに勝率5割に復帰した。3―3の延長12回に先頭の代打・松尾汐恩捕手（22）が二塁打で出塁。無死一、二塁から古市尊捕手（24）の犠打が敵失を誘い、松尾が生還した。
【写真あり】DeNA人気選手　元アイドルの交際相手と2ショット
負けはなくなった延長12回。先頭の松尾が、マルティネスから右中間を破る二塁打を放った。林が申告敬遠で歩かされ一、二塁。続く古市の犠打をマルティネスが一塁へ悪送球し、その間に松尾がホームに滑り込んだ。

　まさかの幕切れでの6連勝。相川監督は「守備の方で本当に粘り倒して、最後の1点につながった。粘りが結果につながった」と4時間43分の激闘を制したナインを称えた。

　守護神攻略へ、大きな一打を放った松尾は「とにかく後ろにつなごうという強い気持ちで打席に入った。（走塁は）ミスがあれば行ってやろうと思っていた」。必死にバットに当てた古市も「何とか気持ちで前に転がそうと。何が何だか分からなくて、オーッ！って感じです」と喜んだ。

　投手陣は9人の継投で3失点で踏ん張った。両軍合わせて投手19人登板は、プロ野球タイ記録だった。10回から8番手で登板し2回1安打無失点の石田健は「一番は勝てて良かった」。9番手の佐々木は今季初登板が同点の12回のマウンドだった。「何とかチームの力になりたい」と無失点で抑えて、白星をつかんだ。

　9月は9勝2敗の快進撃。決勝打をマークしたのは全て異なる選手だ。投手も野手も、まさに全員野球で日替わりヒーローが生まれている。7月2日に最大15あった借金は、約2カ月で全てなくなった。それでも、相川監督は「目指しているところは（勝率）5割ではない」と引き締めた。首位・阪神とのゲーム差は6・5に縮まった。残り14試合。勢いのまま、最後まで戦う。",[],[]
日本ハム　万波＆西川が1軍昇格　15日のロッテ戦から（スポニチアネックス）,https://news.yahoo.co.jp/articles/e2f4976e4a43a9074118311d86595ab3ce134d66,https://newsatcl-pctr.c.yimg.jp/t/amd-img/20260915-00000055-spnannex-000-4-view.jpg?exp=10800,2026-09-15T05:30:00+09:00,2026-09-15T05:30:00+09:00,スポニチアネックス,spnannex,スポニチアネックス,358,"日本ハム・万波(左)と西川
日本ハム・万波と西川が、15日のロッテ戦（エスコン）から1軍昇格する。

　万波は今季序盤から長打力を発揮し、8月5日には2年連続20本塁打に到達したが、右膝痛のため同21日に出場選手登録を抹消された。順調にリハビリを消化し、今月13日のファーム・リーグ、ロッテ戦では「4番・右翼」で復帰し、河村から左中間アーチを放つなど、4安打と完全復調を印象づけていた。
【写真あり】超人気アナ、ミニスカコスできつねダンスに大反響「可愛すぎ！」
また、今季5年ぶりに古巣復帰した西川は開幕1軍入り。4月下旬から2軍調整となったが、9月に入ってからファーム・リーグで打率3割を記録。22日の楽天戦では、ともに16年の日本一に貢献した中島の引退セレモニーが開催されるだけに、1軍で最後の共演も期待される。",[],[]
中村ゆりさん　44歳の若さで直腸がんのため死去　手術も転移見つかり根治難しく…（スポニチアネックス）,https://news.yahoo.co.jp/articles/72130a07a4f565b8ad02591738044a7d96e56460,https://newsatcl-pctr.c.yimg.jp/t/amd-img/20260915-00000068-spnannex-000-4-view.jpg?exp=10800,2026-09-15T05:29:00+09:00,2026-09-15T07:10:09+09:00,スポニチアネックス,spnannex,スポニチアネックス,1064,"中村ゆりさん
女優の中村ゆり（なかむら・ゆり）さんが1日、直腸がんのため死去した。44歳。大阪府出身。葬儀は近親者で行った。14日に所属事務所が発表した。多くのドラマや映画に引っ張りだこの名バイプレーヤーだった。
【写真あり】中村ゆりさん　今年3月の44歳誕生日に“盟友”MARIと仲良しショット
病気を知られることなく、最後まで女優を貫いた。事務所によると13年前にもがんを患っていたという。だが周囲に心配をかけないよう公にしなかった。その後寛解したが、昨年1月に再びがんが発覚。手術は成功したが術後に転移が見つかった。根治が難しい状況で、治療しながら仕事を続ける道を選んだ。

　事務所によると夏前まで仕事をしており、10月放送の「鬼平犯科帳」シリーズの最新作にも出演する予定。他に未発表の作品もあるという。ただ撮影を終えた今年7月、来年1月に出演予定だったNHK「デンジャラス」を腸閉塞のため降板した。そのまま入院し8月には余命宣告も受けた。晩年について事務所は「美しく優しさにあふれた笑顔を絶やさず、ご家族や近しい方々と共に最後の時を大切に過ごすことができました」とした。

　中村さんは1996年にテレビ東京「ASAYAN」の歌手オーディションに合格し、女性デュオ「YURIMARI」のメンバーとして98年にデビュー。翌99年に解散したが、03年から女優として活動を始めた。07年に映画「パッチギ！LOVE＆PEACE」の主要キャストに抜てきされ、役者としての才能が花開いた。

　その後は悪女から温かい母親まで幅広い演技で多くの作品に出演。20年にはBSテレ東「今夜はコの字で」で、37歳にして初めて民放の連続ドラマで主演を務めたことも話題になった。

　30、40代はがんと闘病しながらの仕事だった。それでも弱みを見せることなく生涯で実に150本以上のドラマや映画に出演してきたが、あまりにも早い旅立ちとなった。

　▽直腸がん　大腸の最も肛門に近い部分にある約15センチの直腸にできる悪性の腫瘍。大腸がんの中でも日本人は直腸にがんができやすいといわれている。発見しやすいがんで、早期に発見できれば内視鏡で切除できる。

　中村　ゆり（なかむら・ゆり）1982年（昭57）3月15日生まれ、大阪府出身。98年2月「スーパースター☆ハムスター」で歌手デビュー。女優としてNHK連続テレビ小説「花子とアン」、NHK大河ドラマ「龍馬伝」「鬼平犯科帳」シリーズなど国民的作品で存在感を放った。10年にセミヌード写真集発売。",[],[]
巨人・マルティネス　セーブ王確定の日に悪送球で痛恨サヨナラ負け（スポニチアネックス）,https://news.yahoo.co.jp/articles/d47bfabfa40202ebdbb3f3bab5c0d6cc435ec923,https://newsatcl-pctr.c.yimg.jp/t/amd-img/20260915-00000059-spnannex-000-4-view.jpg?exp=10800,2026-09-15T05:29:00+09:00,2026-09-15T05:29:00+09:00,スポニチアネックス,spnannex,スポニチアネックス,432,"＜D・巨＞延長12回、マルティネスの送球が暴投となり、DeNAがサヨナラ勝利（撮影・須田　麻祐子）
◇セ・リーグ　巨人3―4DeNA（2026年9月14日　横浜）

　まさかの結末が待っていた。3―3で迎えた延長12回。巨人は守護神・マルティネスを送り込むも先頭の代打・松尾に右中間への二塁打を浴びると無死一、二塁から古市の投手前の犠打を一塁へ悪送球。二塁走者の本塁生還を許し、サヨナラ負けを喫した。
【写真あり】中川安奈「ひとめぼれ！」巨人のジョーダンユニでヘソ出しコーデ披露
ベンチ入り投手を総動員する魂の計10人継投も一歩及ばなかった。橋上監督代行は「12回まで行ったので勝ちはなかったので最後しっかり守ってというふうに思いましたけど。全てのメンバーはよくやってくれたので仕方がない」と振り返った。

　4敗目を喫したマルティネスはここまで39セーブを挙げており、残りの試合で他の選手に上回られる可能性がなくなり、3年連続4度目のセーブのタイトルが決まった。",[],[]
復帰間近の佐々木朗希、ブルペン投球中に右指を気にするしぐさ　指揮官が医療用の皮膚接着剤使用を明かす（スポニチアネックス）,https://news.yahoo.co.jp/articles/e08ca85f946946277a6be35e3589f738184352ee,https://newsatcl-pctr.c.yimg.jp/t/amd-img/20260915-00000075-spnannex-000-17-view.jpg?exp=10800,2026-09-15T05:28:03+09:00,2026-09-15T06:55:49+09:00,スポニチアネックス,spnannex,スポニチアネックス,555,"キャッチボールを行う佐々木朗希（撮影・柳原 直之）
◇ナ・リーグ　ドジャースーレッズ（2026年9月14日　シンシナティ）

　ドジャースの佐々木朗希投手（24）が14日（日本時間15日）、敵地でのレッズ戦前の練習でブルペン入りした。
【写真あり】身長168cmの近藤夏子アナ、佐々木朗希との2ショットが反響「身長差がお似合い」「美男美女」
外野でキャッチボールをした後、ブルペンでの投球でクイックモーションを試した。また、右指を何度も気にするしぐさを見せて、トレーナー、投手コーチらと話し込む場面もあった。

　ロバーツ監督はこの日の試合前会見で、佐々木について「今日ブルペンに入って、マーク（プライアー投手コーチ）からは良かったと聞いている」とした上で「それが木曜日の登板にどうつながるかはまだ分からない」と17日（日本時間18日）のレッズ戦で復帰する可能性に言及。「患部をダーマボンドで覆って投げた」とマメ対策として医療用の皮膚接着剤を使用したことを明かした。

　佐々木は右手中指のマメをつぶし8月27日（同28日）から負傷者リスト（IL）に入った。今月9日（同10日）の実戦形式のライブBPで最速98マイル（約157・7キロ）を計測し、計75球を投げて11三振を奪うなど復帰へ向けて調整を続けていた。",[],[]
中村ゆりさん　女優志しNYで勉強「今に見とけ」の思いでブレーク（スポニチアネックス）,https://news.yahoo.co.jp/articles/7deb635d5e799bb7666dd1f04cc25a9bf74a4041,https://newsatcl-pctr.c.yimg.jp/t/amd-img/20260915-00000069-spnannex-000-8-view.jpg?exp=10800,2026-09-15T05:28:00+09:00,2026-09-15T07:09:35+09:00,スポニチアネックス,spnannex,スポニチアネックス,566,"中村ゆりさん
◇中村ゆりさん死去

　透明感ある涼やかな見た目ながら、明るく気さくな性格だったという中村さん。酒やラーメンが好きで、長年の趣味としてスキューバダイビングをするなどアクティブな一面もあった。事務所関係者は「いつもニコニコしていて、周りの人を笑顔にするような人だった」と話した。
【写真あり】中村ゆりさん　今年3月の44歳誕生日に“盟友”MARIと仲良しショット
15歳で芸能界入りし、YURIMARI解散後は3年ほど休養。「メッセージ性のある映画に関わりたい」と女優を志し、米ニューヨークで演技レッスンを受けるなど、さまざまな経験を積んだ。オーディションに挑戦するも落ち続ける日々もあったが、持ち前の負けん気を発揮。「今に見とけ」との思いを持って過ごしていたという。

　女優としてブレークのきっかけとなった「パッチギ！LOVE＆PEACE」。自身の父が在日3世、母が韓国生まれであることを明かしており、自身と重なる部分が多いヒロインを演じきった。メガホンを握った井筒和幸監督は過去のインタビューで起用理由について「熱意、熱情、激情。“続編は私が演じる”と勝手に決め込んでいたのが良かった」と話していた。

　あふれんばかりの演技への熱い思いを持ち、さまざまな役どころを幅広く演じて視聴者の心に残る演技を披露し続けた。",[],[]
ヤクルト　好機を生かせず零敗　池山監督「なかなか乗れなかった」（スポニチアネックス）,https://news.yahoo.co.jp/articles/6008012a5a128f19f0bb8b0366ad934b0da7f7ec,https://newsatcl-pctr.c.yimg.jp/t/amd-img/20260915-00000060-spnannex-000-5-view.jpg?exp=10800,2026-09-15T05:28:00+09:00,2026-09-15T05:28:00+09:00,スポニチアネックス,spnannex,スポニチアネックス,279,"＜ヤ・広＞選手交代を告げる池山監督（撮影・尾崎　有希）
◇セ・リーグ　ヤクルト0―3広島（2026年9月14日　神宮）

　ヤクルトは再三の好機を生かせず零敗で、連勝は2で止まった。
【写真あり】キムタク似だった元ヤクルトの剛腕　懐かしい男前“三銃士”
4回2死満塁では赤羽が、6回2死三塁では岩田が見逃し三振に倒れており、池山監督は「チャンスで見逃し三振が2回。ベンチもそうですけど、なかなか乗れなかった」と苦言。逆転CSへ負けられない中で、4回2失点の先発・増居から早めの継投に入るなど執念を見せたが及ばず。痛い敗戦となったが「何とか明日」と前を向いた。",[],[]
中村ゆりさん死去　所属事務所がコメント　13年前にもがん患い、今年8月に突然…（スポニチアネックス）,https://news.yahoo.co.jp/articles/f37993f881f4586380cdd2225767213f521fc984,https://newsatcl-pctr.c.yimg.jp/t/amd-img/20260915-00000070-spnannex-000-3-view.jpg?exp=10800,2026-09-15T05:27:00+09:00,2026-09-15T05:27:00+09:00,スポニチアネックス,spnannex,スポニチアネックス,711,"中村ゆりさん
◇中村ゆりさん死去

　【所属事務所コメント】9月1日　中村ゆりが直腸がんのため永眠いたしました。生前のご厚誼（こうぎ）に感謝いたしますとともに謹んでお知らせ申し上げます。
【写真あり】中村ゆりさん　今年3月の44歳誕生日に“盟友”MARIと仲良しショット
近親者、弊社俳優とスタッフで葬儀を済ませましたことをご報告いたします。

　中村ゆりは、13年前にもがんを患いました。その時、社長と彼女は、「病名は、仕事の方々には余計な心配をおかけしてしまうので、言わないようにしましょう」と話し、その後寛解、元気に大好きな仕事を続け、検査も欠かさずに受けておりました。

　しかし昨年1月再びがんが見つかり、手術は成功したものの、術後に転移が見つかりました。その時点で根治・寛解を目指すことは難しく、がんとうまく付き合っていくための治療を続けながら、より長く、生き生きと良い人生を歩むことを目指すことになりました。彼女はこの病気についてとても熱心に勉強し、主治医からも仕事を続けることを勧めていただいておりました。しかし、今年8月、復帰に向け回復に努めていた中、再び腸閉塞を起こし、突然余命わずかと告知を受けました。

　彼女は落ち着き、美しく優しさにあふれた笑顔を絶やさず、ご家族や近しい方々と共に最後の時を大切に過ごすことができました。

　彼女の30代、40代は病とたたかい、持ち前の強い気力で乗りきることも多い日々でしたが、素敵な出会いと幸せ、充実もまたたくさんありました。

　これまであたたかく応援してくださったファンの皆さま、お世話になりましたスタッフ、共演者の皆さまに改めて心より感謝申し上げます。",[],[]
西武・森脇　プロ初先発へ「役割が変わってもやるべきことは変わらない」（スポニチアネックス）,https://news.yahoo.co.jp/articles/f5fc8ec99588c0e205bc3c7c2ee5173c0971f8a8,https://newsatcl-pctr.c.yimg.jp/t/amd-img/20260915-00000061-spnannex-000-4-view.jpg?exp=10800,2026-09-15T05:27:00+09:00,2026-09-15T05:27:00+09:00,スポニチアネックス,spnannex,スポニチアネックス,206,"西武・森脇
15日の敵地での楽天戦に34歳の西武・森脇がプロ初先発する。当初は平良が先発予定だったが、軽い首の張りのため先発は見送った。
【写真あり】西武ファンの人気女優　サウスポーからノーバン投球！
8年目の森脇は通算215試合全てが救援登板。チームの緊急事態に「急きょ先発することになったが、役割が変わってもやるべきことは変わらない。一つずつアウトを積み重ねて勝利につながる投球をしたい」と意気込みを語った。",[],[]
楽天ドラ2・伊藤樹 本拠地初先発へ「ここで勝つことが一番」（スポニチアネックス）,https://news.yahoo.co.jp/articles/22a7d338fe7a31a1245f32ba9738a4eb326d50e4,https://newsatcl-pctr.c.yimg.jp/t/amd-img/20260915-00000062-spnannex-000-4-view.jpg?exp=10800,2026-09-15T05:26:00+09:00,2026-09-15T05:26:00+09:00,スポニチアネックス,spnannex,スポニチアネックス,299,"キャッチボールで調整する楽天・伊藤樹（撮影・花里　雄太）
楽天ドラフト2位・伊藤樹が、15日の西武戦で本拠地初先発する。キャッチボールなどで調整し「（プロ初勝利から）3連勝できるようにしたい」と笑顔を見せた。
【写真あり】大の鷲党アイドル　ミニスカ始球式でノーバン投球！
中学、高校を仙台で過ごし、本拠では何度も試合を観戦。「うれしい気持ちが強いですし、楽天に来た以上はここで勝つことが一番」と意気込んだ。

　早大ではリーグ戦通算22勝。相手打線には同学年で明大出身の小島がおり「大学ではあまり相性は良くない。六大学で一番いいバッターだと思っていたので抑えられればいい」とライバル心をにじませた。",[],[]
松原のぶえさん　急死　65歳　10日までコンサート出演「元気そうに歌っていたのに…」（スポニチアネックス）,https://news.yahoo.co.jp/articles/17591ece3c05ce9e379beff18fe6940bb7d32429,https://newsatcl-pctr.c.yimg.jp/t/amd-img/20260915-00000071-spnannex-000-3-view.jpg?exp=10800,2026-09-15T05:25:00+09:00,2026-09-15T07:45:12+09:00,スポニチアネックス,spnannex,スポニチアネックス,1272,"90年、全国赤十字大会記念音楽会で歌う松原のぶえさん
「おんなの出船」などで知られる演歌歌手の松原のぶえ（まつばら・のぶえ、本名広原伸恵＝ひろはら・のぶえ）さんが13日午前5時24分、都内の病院で死去した。65歳。大分県出身。葬儀は近親者で行う。お別れの会については検討中。3日前までコンサートに出演するなど元気な姿を見せており、突然の旅立ちに歌手仲間や音楽関係者の間に動揺が広がった。
【写真あり】23年、テレビ番組に出演した北島三郎（手前）と（左から）松原のぶえさん、山本譲二、原田悠里
関係者によると、松原さんは13日未明、東京都品川区のマンションから病院に搬送された。弟で所属事務所社長の広原伸輝氏が見守る中、死亡が確認された。事件性はなく病死とみられる。

　今月10日、長崎県内で行われたコンサートにゲスト出演し、力強い歌声を響かせたばかりだった。17日放送予定のBSフジ「昭和歌謡パレード」には北島ファミリーの一員として収録に参加し、11月27日には「令和・歌の祭典」への出演も予定していた。新曲のレコーディングも行っているさなかだったといい、音楽関係者は「元気そうに歌っていたのに…」とショックを隠せずにいる。

　幼少期から腎臓が悪く慢性腎不全を抱えていた。利尿剤を服用するなど仕事をしながら闘病し2007年からは人工透析を始めた。09年に伸輝氏から左腎臓の提供を受け8時間に及ぶ移植手術を敢行。無事に成功し、その後も精力的に歌手活動を続けた。

　松原さんは大分県の山間部で育ち、歌が大好きな子供だった。中学生の時には、片道4時間半かけて福岡県のタレント養成所に通い、中学3年の時に北島音楽事務所にスカウトされ上京。北島ファミリーのアイドル的な存在で丁寧に育てられ“箱入り娘”と称されることもあった。

　79年に「おんなの出船」でデビューすると演歌界の新星としてたちまち話題に。ファルセット（裏声）を利かせながら♪涙、涙、涙枯れても――と失恋の痛みを歌う歌詞が人気を集め、その年の日本レコード大賞の新人賞など各賞を総なめした。

　85年に同曲でNHK紅白歌合戦に出場。「蛍」などのヒット曲にも恵まれ、92年まで7回出場した。89年には女性演歌歌手に贈られるレコ大の美空ひばり賞の第1回受賞者になった。

　私生活では92年に当時のマネジャーと結婚。02年にはその夫を社長にして北島音楽事務所から独立したが、03年に離婚。その後は伸輝氏が社長を務める現在の事務所で、歌手活動を行っていた。精力的に各地でコンサートを行い、カラオケ教室で受講者に指導も行うなど生涯を歌にささげた。

　松原　のぶえ（まつばら・のぶえ、本名広原伸恵＝ひろはら・のぶえ）1961年（昭36）7月18日生まれ、大分県出身。79年に「おんなの出船」でデビュー。87年に森昌子さんのカバー曲「なみだの桟橋」がヒット。90年に「蛍」で日本レコード大賞で最優秀歌唱賞を受賞。99年にカナダのトロントでチャリティーコンサートを開催。趣味はキャンプ。血液型O。",[],[]
イチロー氏　武豊と対談　人生の節目は引退試合「終わり方って凄く難しい」（スポニチアネックス）,https://news.yahoo.co.jp/articles/2120c1f8db378f4e0c9c1ee69e7e59359f121c60,https://newsatcl-pctr.c.yimg.jp/t/amd-img/20260915-00000063-spnannex-000-3-view.jpg?exp=10800,2026-09-15T05:25:00+09:00,2026-09-15T05:25:00+09:00,スポニチアネックス,spnannex,スポニチアネックス,351,"JRAのイベントに登壇したイチロー氏（左）と武豊
マリナーズ球団会長付特別補佐兼インストラクターのイチロー氏（52）が14日、「競馬の日ウィークに届ける“9.21JRAアニバーサリー”PR発表会」に参加し、武豊（57）と対談した。
【写真あり】イチロー氏　殿堂入りセレモニー後に観客席で弓子夫人と思い出のデート再現　球団SNSも感動「凄く心が温まるね」
年間プロモーションキャラクターを務める女優の長澤まさみ（39）も映像で登場し「人生の節目となった日を教えてください」と野球界のレジェンドへ質問。イチロー氏は19年3月の東京ドームでの自身の引退試合を挙げ「終わり方って凄く難しい。僕は幸いにも皆さんのおかげでああいう場をつくっていただいた。そこからまたスタートを切るために凄く大事な日」と振り返った。",[],[]
15日ACLE1次リーグ日本勢初戦　鹿島・鬼木監督「気持ちのこもったゲームでスタートしたい」（スポニチアネックス）,https://news.yahoo.co.jp/articles/5ea55c9ccabed80c58556bbbdd2181815af3f064,https://newsatcl-pctr.c.yimg.jp/t/amd-img/20260915-00000033-spnannex-000-5-view.jpg?exp=10800,2026-09-15T05:25:00+09:00,2026-09-15T05:25:00+09:00,スポニチアネックス,spnannex,スポニチアネックス,335,"前日会見に出席した鹿島・鬼木監督
アジア・チャンピオンズリーグ・エリート（ACLE）は15日、日本勢が1次リーグ初戦に登場する。
【写真あり】「かっこいい！」と話題の日本代表のアウェーユニホーム！“三つ葉”ロゴが復活
18年以来のアジア制覇を狙う鹿島はホームでニューカッスル（オーストラリア）と対戦。前日会見に臨んだ鬼木監督は「自分自身も非常に興奮している。気持ちのこもったゲームでスタートしたい」と意気込んだ。

　G大阪はホームでベトナム王者コンアン・ハノイを迎え撃つ。昨季ACL2で優勝したことでACLEプレーオフ（PO）出場権を獲得し、POでは江原（韓国）を延長戦の末に撃破。MF安部は「その努力を無駄にしたくない。内容よりも結果にこだわりたい」と気合を入れた。",[],[]
ヌルヌル那須川天心　雪辱メラメラ「KOしたい」　独特ステップの新スタイルで因縁の井上拓真討ち必ず（スポニチアネックス）,https://news.yahoo.co.jp/articles/906f1ea6c6d3ad48bf23e13d5549ebe218bcf544,https://newsatcl-pctr.c.yimg.jp/t/amd-img/20260915-00000029-spnannex-000-4-view.jpg?exp=10800,2026-09-15T05:25:00+09:00,2026-09-15T05:25:00+09:00,スポニチアネックス,spnannex,スポニチアネックス,1181,"＜那須川天心公開練習＞調整する那須川天心（撮影・会津　智海）
◇Prime Video Boxing16　WBC世界バンタム級タイトルマッチ　王者・井上拓真（大橋）＜12回戦＞同級1位・那須川天心（帝拳）（2026年9月27日　トヨタアリーナ東京）
【写真あり】ボクシング世界戦で注目のピュアすぎるアイドル！　検索急浮上ランク1位のワケ
WBC世界バンタム級1位の那須川天心（28＝帝拳）が14日、都内の所属ジムで王者・井上拓真（30＝大橋）との約10カ月ぶりの再戦に向けた練習を公開した。4月のエストラダ戦前に続き公開スパーリングは封印したが、独特なステップワークを組み込んだ新スタイル、“ヌルヌル天心”を披露。一瞬の隙も与えない新たな武器で、因縁の相手にリベンジを果たす。

　　抜群のスピードを誇る那須川がスローモーションのように動いた。これまでの軽やかなステップとは異なり、低い重心からべた足気味のシャドーボクシングでリングを動き回った。それでも一瞬のスピードと切れは健在。ミット打ちではゆったりとした動きから強烈なワンツーを叩き込むなど、獲物を狙う野獣のような動きを披露。「今までは無駄な動きが多く、節目があった。今回は“ヌルヌル”していたと思うが、ずっとつながっているのがポイント」。一瞬でパンチに最大限の力を伝える、新スタイルの真意を説明した。

　動き続けることで隙を見せない狙いもある。拓真戦のテーマは「集中」。格闘技人生初黒星を喫した昨年11月の一戦は序盤に圧倒するも、プレスを強められた3回以降は一気に相手にペースを奪われ初の世界王座奪取を逃した。「集中が途切れるとまた（スイッチを）入れるのが難しい。ずっと抜かないことを常日頃からやっている」。1ラウンド終了後には手をクルクルと回し優勢をアピールしたが「もう二度とやらないと思う」とパフォーマンス封印も宣言。前戦の反省を生かし、わずかな隙も与えるつもりはない。

　因縁の相手との再戦へ「KOしたい。そのつもりで毎日やっている」と改めてリベンジ宣言。世界戦2連敗となれば「一番崖っ縁でピンチな状況」と重圧もあるというが「だからこそひっくり返った時に面白いもんが生まれる。世界をひっくり返してやろうと思う」と強気に話した。格闘技人生初のリベンジ戦。ベルトを奪う準備は整った。

　《拓真陣営は返り討ち自信》拓真陣営3人が視察に訪れた中、那須川は「だいぶ見せたんで、もういいかな」と恒例の公開スパーは行わなかった。手の内を隠したが、拓真のいとこの井上浩樹氏は「いろんな意味で地に足がついた印象。格好良くなったと思う。負けて覚悟が凄く強くなった印象」とメンタル面での成長を感じ取った。それでも12年ロンドン五輪代表の鈴木トレーナーは「めちゃくちゃ今、拓真は強いです」と返り討ちへ自信満々だった。",[],[]
北島三郎「弟子というより親子同然」　川中美幸「のぶえの笑顔が恋しい」（スポニチアネックス）,https://news.yahoo.co.jp/articles/74d2225e4acbbbb8838319c4a8d36c0e3e3d898f,https://newsatcl-pctr.c.yimg.jp/t/amd-img/20260915-00000072-spnannex-000-3-view.jpg?exp=10800,2026-09-15T05:24:00+09:00,2026-09-15T07:43:40+09:00,スポニチアネックス,spnannex,スポニチアネックス,901,"23年、テレビ番組に出演した北島三郎（手前）と（左から）松原のぶえさん、山本譲二、原田悠里
◇松原のぶえさん死去

　松原さんが「先生」と慕った北島三郎（89）は「突然の悲しい知らせを聞き、予期せぬ別れに胸が痛みます」と悼んだ。
【写真】90年、全国赤十字大会記念音楽会で歌う松原のぶえさん
“北島ファミリー”として15歳のときから北島音楽事務所で大切に育ててきただけに、ショックは大きい。

　「彼女が高校生の頃に出会い、それからは弟子というより親子同然と思ってきました。泣き上戸で朗らかで…会えば、いつも私の心配をしてくれる心優しき娘でした。あまたの思い出とともに、あの愛くるしい笑顔が忘れられません」

　65歳という若さでの別れとなり「まだ若い仲間たちに先立たれるほど寂しいことはありません。のぶえとも、また一緒に舞台に立つ約束をしていたのに…」と消沈した様子だった。

　歌手・坂本冬美（59）は14日、大阪・フェスティバルホールで開かれた「デビュー40周年記念リサイタル大阪公演」の公演後、本紙などの取材に応じ、松原さんの死去について「公演前に聞きました。ホントに驚きました。まだ、65歳。こんなに若くして亡くなるとは信じられません」と厳しい表情で語った。

　自身がデビューを目指していた頃「おんなの出船」を練習していたといい、尊敬する先輩。前回会ったのはBS朝日「人生、歌がある」だといい「いつもと変わらず優しい声をかけてくださったのに…」と何度も驚きの顔を見せていた。

　▼川中美幸（演歌歌手仲間）今、のぶえさんからの最後のLINEを見ています。「美幸姉（ね～）の笑顔が恋しい～。」と…。私は今、のぶえの笑顔が恋しいです。「のぶえ！少しサヨナラです」。

　▼新沼謙治（「めぐり逢い赤坂」でデュエット）私にとっては彼女は可愛い妹のような存在で、いつも私のことを「お兄ちゃん、お兄ちゃん」と呼んで慕ってくれました。「また会おうね」、今はそのような気持ちでいっぱいです。

　▼山本譲二（北島音楽事務所の兄弟子）　言葉がありません。どうしたんだよ。早すぎるだろ。今は何も考えられません。",[],[]
横浜高校元監督・渡辺元智さん　お別れ会に1500人　名コンビ・小倉氏「よく“夫婦げんか”しましたよ」（スポニチアネックス）,https://news.yahoo.co.jp/articles/c46a6ba5a57a481086f7f945abd27039142da984,https://newsatcl-pctr.c.yimg.jp/t/amd-img/20260915-00000066-spnannex-000-3-view.jpg?exp=10800,2026-09-15T05:24:00+09:00,2026-09-15T05:24:00+09:00,スポニチアネックス,spnannex,スポニチアネックス,763,"渡辺元智さんお別れの会の祭壇（撮影・小海途　良幹）
先月17日に81歳で亡くなった横浜（神奈川）の元監督・渡辺元智さんのお別れの会が14日、横浜市内で開かれ、OBや球界関係者ら約1500人が参列した。同校の元野球部長・小倉清一郎氏と、教え子の村田浩明監督が弔辞を読み、春夏合わせて5度の全国制覇、歴代5位タイの甲子園通算51勝を挙げた名将に感謝の思いを伝えた。
【写真】松坂大輔の投球を見守る横浜・渡辺元智監督
ここ数日の空模様がうそのように、この日は青空が広がった。渡辺さんと長年にわたって名コンビを組んだ小倉元野球部長は「俺が先だと思ったんだけどね。なぜかあの人は一番が好きなんだ」と盟友を悼んだ。

　98年には松坂大輔（本紙評論家）を擁し、甲子園で春夏連覇を達成。当時を振り返り、「よく“夫婦げんか”しましたよ。1週間くらい口を利かないことはしょっちゅう。私の好きなようにやらせてくれたので感謝しています」と懐かしんだ。2人の指導法は明確だった。主に技術を小倉氏、人間教育を渡辺さんが担いながら常勝チームをつくり、多くのプロ野球選手を輩出した。

　数々の教え子も、恩師に別れを告げた。中学時代は軟式でプレーし、一般入試を経て横浜に入学したソフトバンク・近藤は「横浜高校に入っていなかったら、今もこうなっていない。監督さんには人として成長させてもらった」と感謝した。「僕もいろいろな選手に影響を与えられるようにやっていかないといけない。もっと頑張って恩返しできるように」と空に誓った。

　グラウンドに見立てた祭壇の中央には、ユニホーム姿の渡辺さんの写真とともに、花々で形づくられた横浜高校野球部のロゴマークが配された。野球界に大きな功績を残した名将の旅立ちは、青空の下、最後まで野球一色に彩られていた。（片山　和香）",[],[]
松原のぶえさん　忘れられない大きな笑い声と笑顔　青春時代を過ごした級友が突然逝ってしまったような…（スポニチアネックス）,https://news.yahoo.co.jp/articles/27002a1d57283c048d1225a5644ff77aab6fa4b7,https://newsatcl-pctr.c.yimg.jp/t/amd-img/20260915-00000073-spnannex-000-3-view.jpg?exp=10800,2026-09-15T05:23:00+09:00,2026-09-15T07:42:21+09:00,スポニチアネックス,spnannex,スポニチアネックス,615,"松原のぶえさん（1993年撮影）
◇松原のぶえさん死去

　【悼む】北島三郎さんを「オヤジ」と尊敬する「北島ファミリー」のアイドル的な存在だった。いつも明るい笑顔を振りまき、大声で笑っていた。まさに屈託のないキャラクターの一方、ファルセットが見事な実力派歌手だった。
【写真】90年、全国赤十字大会記念音楽会で歌う松原のぶえさん
新曲キャンペーンで彼女の故郷・大分県耶馬渓にお邪魔した。恐ろしく山の中。「よくこんな田舎から出てきたと思ったでしょ。顔に書いてある。（山の中）だから大きな声が出るようになったの、ガハハハ」と笑った姿が脳裏にこびりついている。別の旅先でゲームを一緒にすると、生来の「負けず嫌い」が顔を出した。「普通、マスコミ相手だったら多少は気を使うものでしょう？」と文句を言っても「仕事は仕事。勝負は勝負」と情け容赦ない。彼女らしい真っすぐさだった。

　しばらく、私の仕事の関係で、疎遠な時期が続いていた。一昨年1月に早逝した、同じ事務所だった後輩歌手・小金沢昇司さん（享年65）を送る会で久しぶりに彼女と再会した。少し痩せた気がした。「元気？私は元気よ！」と力いっぱい笑ってみせてくれた。本当に元気だったのか、空元気だったのか？それが最後になってしまった。栄えある「第1回美空ひばり賞」を受賞した歌手に対して失礼な表現だが、一緒に同じ青春時代を過ごした級友が突然逝ってしまったような喪失感しかない。（元尾　哲也）",[],[]
高校球界の名将も渡辺元智さんに別れ　明徳義塾・馬淵監督　甲子園で3度対戦「格好よかった」（スポニチアネックス）,https://news.yahoo.co.jp/articles/af5b2bf0ea6649454a0875be5beb90e0208c150c,https://newsatcl-pctr.c.yimg.jp/t/amd-img/20260915-00000065-spnannex-000-3-view.jpg?exp=10800,2026-09-15T05:23:00+09:00,2026-09-15T05:23:00+09:00,スポニチアネックス,spnannex,スポニチアネックス,290,"参列した馬淵氏（撮影・小海途　良幹）
◇横浜高校元監督　渡辺元智さんお別れの会

　高校野球界の名将も多く参列し、渡辺元智さんとの別れを惜しんだ。
【写真】松坂大輔の投球を見守る横浜・渡辺元智監督
甲子園で通算3度対戦し、いずれも敗戦した明徳義塾（高知）の馬淵史郎監督は「格好よかったです。（自分は）ああなれないんですけど」と振り返った。

　渡辺さんを「大目標の監督」と語る大阪桐蔭・西谷浩一監督は、横浜が今夏の甲子園出場を決めた際、「日本一になってから“おめでとうございます”と言うべきかなと、（連絡をするのを）あえてやめた」と明かし「メールをしておけばよかった」と悔やんだ。",[],[]
横浜高校元監督　渡辺元智さんお別れの会　主な参列者（スポニチアネックス）,https://news.yahoo.co.jp/articles/5dca8206c68bbbb7d62a3d289295a03ded10196d,https://newsatcl-pctr.c.yimg.jp/t/amd-img/20260915-00000064-spnannex-000-3-view.jpg?exp=10800,2026-09-15T05:22:00+09:00,2026-09-15T05:22:00+09:00,スポニチアネックス,spnannex,スポニチアネックス,411,"参列した愛甲猛氏（撮影・小海途　良幹）
◇横浜高校元監督　渡辺元智さんお別れの会

　▽主な参列者　愛甲猛、浅間大基、安藤寧則、岩井隆、大久保秀昭、小倉全由、後藤武敏、佐々木正雄、鈴木尚典、高嶋仁、成瀬善久、野呂雅之、長谷川国利、堀井哲也、前田三夫、松本隆之介、万波中正、元木大介、森士、門馬敬治、山中正竹、吉田洸二、涌井秀章、度会隆輝（敬称略）
【写真】松坂大輔の投球を見守る横浜・渡辺元智監督
▼愛甲猛氏（80年夏に甲子園優勝）監督さんの野球人生の中で、僕が一番迷惑かけたと思う。お礼のしようがないぐらいお世話になりました。

　▼DeNA筒香　感謝の気持ちで参列させてもらった。あれだけ凄くたくさんの方々が参列されていて、改めて渡辺監督の功績の大きさを感じた。

　▼日本ハム栗山英樹チーフ・ベースボール・オフィサー（高校時代の横浜との対戦が）大きなきっかけであり学び。直接教わることはないのですが、本当に恩人です。",[],[]
法大　6点差逆転勝ち　救援で4回1失点の山床“感謝”の2勝目（スポニチアネックス）,https://news.yahoo.co.jp/articles/3b440393105f300112f9af79406d59e5f9ec1f9f,https://newsatcl-pctr.c.yimg.jp/t/amd-img/20260915-00000067-spnannex-000-9-view.jpg?exp=10800,2026-09-15T05:21:00+09:00,2026-09-16T04:08:02+09:00,スポニチアネックス,spnannex,スポニチアネックス,527,"＜早大・法大＞逆転勝利に喜ぶ山床（左から3人目）ら法大ナイン
◇東京六大学野球秋季リーグ―戦第1週　法大9―8早大（2026年9月14日　神宮）

　3回戦1試合が行われ、法大が早大に9―8で逆転勝ちし、2勝1敗で勝ち点を挙げた。5回まで1―7も、6回から登板した山床志郎投手（3年）が4回1失点の好投で、終盤の猛打を呼び込んだ。

　絶対諦めない。1―7の6回から登板した山床は懸命に左腕を振った。「流れは悪かったけど、テンポよく打たせて取るのが自分の特長。それを生かしたかった」。2イニング連続で3者凡退に抑えると、打線が6回に2点、7回に2本塁打で4点を挙げ同点に。8回にソロを浴びたが、その裏に再逆転。12日の開幕戦でのリーグ戦初白星から今季2勝目を手にし「僕だけの力じゃない。野手が打ってくれたおかげで、本当にありがとうございます」と照れた。

　劇的勝利に大島公一監督も「想像以上に相手の流れを止めた」と山床の好投を称えた。20年春から遠ざかるリーグ制覇へ。リリーフエースの山床がフル回転すれば、浮上も見えてくる。　（伊藤　幸男）

　▼早大小宮山悟監督（6投手で10四死球9失点に）情けない限り。この敗戦をどれほど大きく受け止めていけるか。",[],[]
52歳・山本美憂　聖地後楽園で「沸かせる試合を」　15日プロボクシング国内デビュー戦（スポニチアネックス）,https://news.yahoo.co.jp/articles/24506335bce150cab74a76920b32cb2411fdf017,https://newsatcl-pctr.c.yimg.jp/t/amd-img/20260915-00000028-spnannex-000-8-view.jpg?exp=10800,2026-09-15T05:20:00+09:00,2026-09-16T01:08:23+09:00,スポニチアネックス,spnannex,スポニチアネックス,280,"計量をクリアして笑顔を見せる山本美憂
元レスリング世界女王で総合格闘家の山本美憂（52）は15日、プロボクシングの国内デビュー戦となる女子フライ級4回戦を東京・後楽園ホールで行う。14日は前日計量を都内で行い、50.2キロでパスした。

　国内の年齢制限のため、海外でライセンスを取得した山本は、3月にオーストラリアでデビュー戦を行い、1―2の判定負け。2戦目の今回は逆輸入選手として初勝利を目指す。「（総合格闘技時代を含めても）一番、緊張するだろうな」と話した。自身初の聖地のリングで「プロとしてお客さんを沸かせる試合を。まずは勝つこと」と笑顔で意気込んだ。",[],[]
PSV・佐野航大が移籍初ゴール！　地元メディア称賛「オランダ1部屈指のMFの一人」（スポニチアネックス）,https://news.yahoo.co.jp/articles/df08a279f4712d08602495964c089d398cde4db5,https://newsatcl-pctr.c.yimg.jp/t/amd-img/20260915-00000035-spnannex-000-3-view.jpg?exp=10800,2026-09-15T05:20:00+09:00,2026-09-15T07:45:25+09:00,スポニチアネックス,spnannex,スポニチアネックス,326,"PSVアイントホーフェンの佐野航大（右）
◇オランダ1部　PSVアイントホーフェン4―1スパルタ（2026年9月13日　アイントホーフェン）
【写真あり】なでしこ美女2人がW杯日本VSオランダ戦を生観戦「すごい試合だった」
PSVアイントホーフェンのMF佐野航大がフル出場したスパルタ戦で移籍初ゴールとなる決勝点を決めた。

　1―1の前半39分、中央右寄りでゴールまで約20メートルの位置から右足で鋭いミドル弾。圧巻の一発がGKの足元で弾んで吸い込まれた。

　中2日の試合でも公式戦5試合連続となる先発で送り出したボス監督の期待に応え、リーグ戦5連勝と首位浮上に貢献。地元メディア「VP」の動画番組では「オランダ1部屈指のMFの一人」と称賛された。",[],[]
森田望智「素を出せるような…と考えるのは初めてかも」　来春NHK朝ドラ「巡るスワン」　諏訪湖畔で撮影（スポニチアネックス）,https://news.yahoo.co.jp/articles/64375baf8f906f860ce755812b90ed506cdd0b8e,https://newsatcl-pctr.c.yimg.jp/t/amd-img/20260915-00000074-spnannex-000-4-view.jpg?exp=10800,2026-09-15T05:20:00+09:00,2026-09-15T07:41:24+09:00,スポニチアネックス,spnannex,スポニチアネックス,1127,"「巡るスワン」ロケ地の諏訪湖で取材に応じた森田望智
女優の森田望智（30）が14日、長野県諏訪市の諏訪湖畔で来春スタートのNHK連続テレビ小説「巡（まわ）るスワン」の撮影を行い、取材に応じた。「濃い日々を送れている」と充実した表情を浮かべた。
【写真あり】森田望智　「麗しの」超人気女優とのドレッシーな2ショット
舞台は諏訪市をモデルとした架空の町。警察署の生活安全課で働く20代後半の巡査が、地域の人々と交流を重ねていく様子をコミカルに描く。脚本はお笑い芸人・バカリズム（50）が務める。

　2日に諏訪市でクランクインし、この日は主人公が古川琴音（29）、富田望生（26）が演じる幼なじみと足湯に入り談笑する休日の一幕が撮影された。人生初体験という足湯に「めっちゃ熱くてびっくりしちゃった。アチチチチって感じ」と笑って振り返り、報道陣を和ませた。

　制作統括の桑野智宏氏が「柔らかい」と評する人柄。作品の世界観と相性が良いようだ。これまで多くの難役を演じ分け、森田自身も「役を作る方が得意なタイプ」と話す。だが、今作は「素を出せるようなお芝居をできたらと考えるのは初めてかも。自由に羽を広げてみようかな」と、かつてない意識で臨んでいる。森田にシリアスやハードな役柄が多い印象を抱いていた桑野氏は、素顔を生かした演技を目の当たりにし「めっちゃコメディエンヌです」と新たな一面を感じている。

　その背景には自然な会話劇が特徴的なバカリズム脚本の妙がある。森田は「せりふが本当に言いやすい。普段、口語でしゃべっている言葉がズラッと並んでいてリアル。役もキャストが演じる素の部分を乗せて色づく」と印象を述べた。

　何げない日常を描く今作は表立ったテーマがない。森田はその意味を「何も起こってないと思ってるものが、実は“起こってるんだよ”って伝えられるドラマ」とひもとく。「日常生活が意外な発見や幸せにあふれていることを、気付いたり楽しんでもらえたら」と優しく呼びかけた。

　終始笑顔で醸し出す温かい空気感を、来春からお茶の間にも広げていく。　　（山内　健司）

　《30歳決意は「富士山登る」》取材会前日の13日は30歳の誕生日だった。朝ドラヒロインとして撮影しながら迎えたことに「今も信じられていないぐらい結構現実味がない」とほほ笑んだ。24年度前期の「虎に翼」で伊藤沙莉（32）が30歳の節目にヒロインを演じる様子を素敵に思ったというが「まさか自分も同じように素敵な場所で迎えられるとは」と、ひたすら驚いている様子。「本当に人生何があるか分からないなって思って、まだまだふわふわした気持ち」とも続けた。30歳の決意は「富士山に登る」とも明かした。",[],[]
広島・大瀬良大地が魂の火消し　6球で10年ぶりホールド　3日連続登板「生半可な練習はしてないんで」（スポニチアネックス）,https://news.yahoo.co.jp/articles/51287784872b832e9ecd7c2f833befdad0ae5d09,https://newsatcl-pctr.c.yimg.jp/t/amd-img/20260915-00000034-spnannex-000-4-view.jpg?exp=10800,2026-09-15T05:05:00+09:00,2026-09-15T05:05:00+09:00,スポニチアネックス,spnannex,スポニチアネックス,1065,"6回、岩田を見逃し三振に仕留めガッツポーズする大瀬良
◇セ・リーグ　広島3─0ヤクルト（2026年9月14日　神宮）

　まだまだ熱い戦いを見せる。広島は14日、ヤクルトに3―0で快勝し、連敗を3で止めた。2点リードの6回1死三塁で玉村を救援した大瀬良大地投手（35）が6球で打者2人を封じ2016年9月15日以来、10年ぶりのホールドを記録。チーム最年長投手は、残り18試合を完全燃焼する意気を示した。
【写真あり】大瀬良　2億円突破！黒田＆マエケンに続いた
相手に傾きかけた流れを再び引き寄せる“大瀬良の6球”だった。6回1死三塁。マウンドに立ったベテランは完璧なまでにミッションを遂行した。増田を1―1から149キロ真っすぐで詰まらせ捕飛に仕留めると、岩田はファウル2球で追い込み3球勝負で見逃し三振。直後の7回にモンテロのソロで突き放し、優位は不動のものになった。起用した新井監督も、魂の火消しに最敬礼で称えた。

　「あそこは大きかったよね。増田はタマ（玉村）に（2安打と）合ってたんで。1点はしょうがないと思っていたんだけど、ゼロで帰ってきてくれてグッと締まった。本当にナイスピッチングだった」

　ホールドを記録するのは16年9月15日の巨人戦以来。「そうなんですか。全然気にしていなかった」と振り返った大瀬良だが「玉村のランナーを還したくなかったんで」と期する思いを持って臨んだマウンドだった。

　10年ぶりに中継ぎ転向し8月30日の1軍昇格以来、前日まで3連投を含む6試合に登板した。流れを変えたい劣勢の展開での登板が多かったが、唯一リードした場面で登板したのが5日の巨人戦。この時先発したのが玉村だった。3―2の5回に登板し増田陸に同点ソロを被弾。チームは逆転負けを喫した。

　翌6日から4試合連続の無失点。12日DeNA戦から2度目の3日連続登板とフル回転が続くが、新しい自分を見せる喜びと意気を感じながらマウンドに向かっている。

　「案外いけるもんですね。生半可な練習はしてないんで。体も元気だし全く問題ないです。今日はリリーフになって初めてシュート（岩田への初球）を使った。全然違う球種も使えるところを見せられたんで」

　リーグ優勝の可能性はなくなり、クライマックスシリーズ進出という目標が厳しいことも分かっている。それでも「たくさんのファンが球場に駆けつけてくれたり、テレビ越しで応援してくれていると思うんで。シーズンをしっかりやり抜く姿を見せないといけない」と口元を引き締めた。　（石塚　徹）",[],[]
広島・森下暢仁　国内FA権取得「関わっていただいた全ての方に感謝」　今季ここまで6勝10敗（スポニチアネックス）,https://news.yahoo.co.jp/articles/1dabc1d9372193e1e198353a60bb9b86b2a9a992,https://newsatcl-pctr.c.yimg.jp/t/amd-img/20260915-00000032-spnannex-000-4-view.jpg?exp=10800,2026-09-15T05:05:00+09:00,2026-09-15T05:05:00+09:00,スポニチアネックス,spnannex,スポニチアネックス,352,"国内FA権を取得した広島・森下
広島・森下暢仁投手（29）は14日、国内フリーエージェント（FA）権の資格取得条件を満たした。マツダスタジアムでの投手練習後「素直にうれしい。使ってもらった佐々岡監督や新井監督をはじめ、関わっていただいた全ての方に感謝したい」と語った。
【写真あり】堀内恒夫さん　3年連続2桁敗戦の広島・森下暢仁にエール「そういうピッチャーじゃない」「自信を持って」
権利の行使については「いまはチームの勝利に貢献することに集中し、シーズンが終わってから考えたい」と話すにとどめた。

　大分商、明大を経て19年ドラフト1位で入団。今季はここまで6勝10敗も通算154試合に先発し59勝58敗、防御率2・82。20年に新人王に輝き、21年の東京五輪では侍ジャパンの金メダル獲得に貢献した。",[],[]
広島・佐々木泰　効果的2点目タイムリー　「タマさん（玉村）も1点じゃ心細かったと思うので」（スポニチアネックス）,https://news.yahoo.co.jp/articles/bf9f2403d000023158120ed4d1d18954cd9f4db9,https://newsatcl-pctr.c.yimg.jp/t/amd-img/20260915-00000031-spnannex-000-4-view.jpg?exp=10800,2026-09-15T05:05:00+09:00,2026-09-15T05:05:00+09:00,スポニチアネックス,spnannex,スポニチアネックス,299,"＜ヤ・広23＞初回、適時打を放つ佐々木（撮影・尾崎　有希）
◇セ・リーグ　広島3─0ヤクルト（2026年9月14日　神宮）

　広島の佐々木が効果的な2点目を叩き出した。初回、1点を先制しなおも2死二塁で初球を左前適時打。
【写真あり】佐々木泰「森下さんが投げた時に打ったら家を買ってあげると」　4号ソロで貢献し“おねだり”
「タマさん（玉村）も1点じゃ心細かったと思うので2点目を取れたのは良かった」

　4回に左翼線二塁打、8回に投手強襲安打で7月26日以来の3安打。　　

　「応援に来てくれるファンがたくさんいる。勝利を見せられるようにという気持ちだけは忘れないように」と一打席に集中する。",[],[]
広島・坂倉将吾　4試合12打席ぶりの安打が決勝打　「順位に関係なくやるべきことをやる」（スポニチアネックス）,https://news.yahoo.co.jp/articles/a2fd767ed3825af6017c386315bd64675d74b67e,https://newsatcl-pctr.c.yimg.jp/t/amd-img/20260915-00000030-spnannex-000-3-view.jpg?exp=10800,2026-09-15T05:05:00+09:00,2026-09-15T05:05:00+09:00,スポニチアネックス,spnannex,スポニチアネックス,431,"初回、先制適時二塁打を放ち、ポーズを決める坂倉
◇セ・リーグ　広島3─0ヤクルト（2026年9月14日　神宮）

　2試合ぶりに4番で先発した広島の坂倉が先制打を放った。初回2死二塁から左翼フェンス直撃の適時二塁打。
【写真あり】広島・坂倉将吾　2試合ぶりスタメン復帰で即先制タイムリー　「最近得点圏で打ててなかったので…」
9日阪神戦以来、4試合12打席ぶりの安打が8月15日以来の決勝打となった。「昨日（先発で）試合に出ていなかったので、良い入りをしたいと思った。良いスイングができた」。

　9日の阪神戦では3度の得点圏で凡退するなど4番の仕事を果たせない場面が目立ち適時打も3日以来。前日13日にシーズン負け越しも決まったが「順位に関係なくやるべきことをやる」と最後まで仕事を全うする。

　▼広島モンテロ（4日以来の先発。7回先頭で8月20日以来の12号ソロで3点目）初球から積極的にいこうと思っていた。追加点が欲しい展開で一発で仕留めることができた。",[],[]
広島・玉村昇悟　116日ぶり2勝目　4回2死満塁で赤羽をK斬り「絶対に負けない気持ちだった」（スポニチアネックス）,https://news.yahoo.co.jp/articles/0004e054a1efe3b261a862434b914240df05fc05,https://newsatcl-pctr.c.yimg.jp/t/amd-img/20260915-00000026-spnannex-000-3-view.jpg?exp=10800,2026-09-15T05:05:00+09:00,2026-09-15T05:05:00+09:00,スポニチアネックス,spnannex,スポニチアネックス,324,"＜ヤ・広23＞116日ぶりの２勝目を挙げた広島先発・玉村（撮影・尾崎　有希）
◇セ・リーグ　広島3―0ヤクルト（2026年9月14日　神宮）

　広島の玉村が5回1/3を5安打無失点で5月21日以来、116日ぶりの2勝目を挙げ、チームの連敗を3で止めた。4回2死満塁で赤羽に粘られたが12球目のスライダーで見逃し三振に仕留めた。
【写真あり】玉村昇悟　地方球場も問題なし！マウンドの形状など「あまり気にしない」
「（4回は）絶対に負けない気持ちだった。（6回は）（大瀬良）大地さんに感謝です」。

　6回1死三塁で大瀬良の救援を仰ぎ「イニングを投げられていない。そこも含めて良い投球ができるように」と反省も忘れず、残り試合でのさらなる快投を誓った。",[],[]
中日・マラー　完封！バックスクリーン弾！4打点！　甲子園で“松坂大輔超え”の大仕事（スポニチアネックス）,https://news.yahoo.co.jp/articles/10b170e13b2d0905438b3db527db415472f53543,https://newsatcl-pctr.c.yimg.jp/t/amd-img/20260915-00000025-spnannex-000-4-view.jpg?exp=10800,2026-09-15T05:05:00+09:00,2026-09-15T05:05:00+09:00,スポニチアネックス,spnannex,スポニチアネックス,929,"4打点完封勝利に笑顔のマラー
◇セ・リーグ　中日6―0阪神（2026年9月14日　甲子園）

　助っ人左腕のバットが、甲子園に痛烈な衝撃音を響かせた。中日・マラーが打撃で魅せた。5回1死一塁、伊藤将の真ん中140キロ直球をフルスイング。バックスクリーンに突き刺す2号2ランだ。
【写真あり】甲子園のバックスクリーンへ豪快弾！竜投22年ぶりのシーズン2本塁打
「最高の気分だよ。凄くいい感触だった」

　身長2メートル1、体重118キロの体格から放たれた驚がくの打球速度は169キロ、飛距離は124メートル。5月20日の同戦（甲子園）での来日初アーチに続く一発で、2リーグ制以降、ビジター球団投手の甲子園でのシーズン複数本塁打は1950年藤本英雄（巨人3本）以来76年ぶり2人目、外国人では初の快挙となった。

　4―0の9回2死二、三塁では左翼フェンス直撃の2点二塁打を放ち自己最多4打点。直後にマウンドへ戻り最後まで、その左腕を振った。150キロ超の直球にカットボールやナックルカーブを織り交ぜて来日初完封7勝目。完封＆本塁打はメジャー時代も含め自身初で、06年に松坂大輔が甲子園で記録した完投＆本塁打を超える存在感を示し、井上監督から「パーフェクト・ジョブ」と称えられた。

　来季はセ・リーグもDH制が導入され、最後に本塁打を記録した投手になる可能性がある。「自分が最後になるよ」とマラー。二刀流助っ人は次回登板も投打でフル回転する構えだ。（湯澤　涼）

　○…マラー（中）が来日初完封で7勝目。甲子園では5月20日に続いて今季2本目の本塁打。ビジター球団の投手が同一シーズンに甲子園で複数本塁打は、1950年藤本英雄（巨＝3本）に次ぎ76年ぶり2人目。また、投手の本塁打＆完封は、川上憲伸が05年7月29日の巨人戦（東京ドーム）でマークして以来、球団21年ぶり。

　▽西武・松坂大輔の甲子園完投＆本塁打　06年6月9日の阪神戦で松坂は毎回の14三振を奪い1失点完投勝利。交流戦初年度だった前年に甲子園で完投敗戦したリベンジを果たした。8回には左中間へプロ1号2ラン。聖地では横浜高3年夏以来の一発に「他のどの球場で打つよりもうれしい」と振り返った。",[],[]
【記者の目】日本男子バレー　警戒すべきデータの蓄積　B代表の突き上げに期待（スポニチアネックス）,https://news.yahoo.co.jp/articles/2c48c18da5d1284cc54b4f865f9e5b14138eb20e,https://newsatcl-pctr.c.yimg.jp/t/amd-img/20260915-00000038-spnannex-000-5-view.jpg?exp=10800,2026-09-15T05:00:00+09:00,2026-09-15T10:00:41+09:00,スポニチアネックス,spnannex,スポニチアネックス,581,"バレー男子アジア選手権＜日本・イラン＞笑顔で写真に収まる日本の選手たち（撮影・岡田　丈靖）
◇日本男子バレー　アジア選手権V2一夜明け

　主力を継続起用して成熟度を高めていく中で、警戒すべきなのはデータの蓄積だろう。全ての試合に本気でぶつかれば、その分だけライバル国に有益な分析データを採取されることにつながる。ピーキングも大局的な視点で行う必要がある。今年のネーションズリーグ（VNL）では1次リーグ12連勝ながら準決勝で敗退し、3位決定戦でも敗れた。今年は結果が出たが、シーズン全体を見据えた戦略が必要だ。
【写真あり】高橋藍　美人いとこと2ショットに大反響！
パリ五輪直前のVNLで準優勝。ただ、そこにピーキングを持っていった強豪国はなかった。チーム内で金メダルへの機運が高くなったが、結果的に五輪本番では研究し尽くされて8強止まり。戦術や起用法の多様性も兼ね備えることで他国のデータ分析の先に行くことができる。だからこそ、今回アジア大会に出場するB代表の継続的な突き上げを期待したい。今の最強布陣を緊張させることが全体の底上げにもつながる。

　主力の中では昨季代表活動を休養して個を磨いた西田が、今季輝きを増して戻った好例もできた。「1年休んだ結果が優勝。それが全て」と西田。主力が大胆な時間の使い方をすることがあってもいい。（五輪担当・大和　弘明）",[],[]
【バレー】日本男子　仏流でメダル獲りだ　五輪切符獲得もティリ監督“ガチメン”継続を示唆（スポニチアネックス）,https://news.yahoo.co.jp/articles/acace6d6f66a2ce02e95792eab0f6ebf26985689,https://newsatcl-pctr.c.yimg.jp/t/amd-img/20260915-00000036-spnannex-000-7-view.jpg?exp=10800,2026-09-15T05:00:00+09:00,2026-09-15T10:00:22+09:00,スポニチアネックス,spnannex,スポニチアネックス,1215,"都内で会見を行ったバレーボール男子代表の（前列左から）西田、石川、高橋ら
アジア選手権で優勝し、最短で28年ロサンゼルス五輪の出場権を獲得したバレーボール男子日本代表が一夜明けた14日、都内で会見を行った。決勝はイランを3―0のストレートで下して大会2連覇。ロラン・ティリ監督（62）は、今後も主力起用を継続してチームを熟成させる構え。フランス代表を率いて21年東京五輪を制した成功体験を基に石川祐希（30＝ジラート）や高橋藍（25＝ルブリン）ら“ガチメンバー”を率い、全大会で表彰台を目指す。
【写真あり】高橋藍　美人いとこと2ショットに大反響！
ロスへと向かう強化方針が、早くも定まった。アジアを連覇した最強布陣の継続。ティリ監督は「リスタートではなく継続が大事。このチームで生まれた自信をこの先もキープする。メダルを獲りたいのであれば、同じチームが全ての試合に出て全ての経験を重ね、イタリア、トルコ、米国などに勝っていかないとロス五輪ではメダルを獲れない」と力強く語った。

　大黒柱の石川や、アジア選手権でも大量に得点を稼いだ高橋や西田。さらに小野寺やラリーのミドル勢、小川、山本のリベロ二枚看板も存在感が光った。もちろん故障や「スタメンを超える選手が出てくる動きもある」と一部の組み替えも想定しているが、あくまでロスへの軸は今回のメンバー。「毎回、どの大会でも表彰台に乗ることを目標にする」と宣言した。

　その発想の源は、21年東京五輪だ。母国フランス代表を初の金メダルに導いた裏に「8年計画」があったという。12年に同代表の指揮官に就任し「同じチームで勝って負けてを繰り返して進んできた」。メダルを獲得できなかった選手時代に痛感した「大きな志」を共有し続けたことで、栄冠にたどり着いた実績がある。日本は21年東京五輪後に急成長を遂げ、本気でメダルを目指したパリ五輪は準々決勝で敗退。指揮官は「パリでの悔しさがロスにつながっていく。長い年月をかけて、大きな志を強く持ってやっていく」と力説した。

　日本が五輪で表彰台に立ったのは、金メダルを獲得した72年ミュンヘン大会が最後。石川は「ゴールはここではない。メダルを獲ることが最終目標。とにかく強くなる、成長することが一番重要」と言い、高橋も「常にメダルだけを考えたい」と強調した。一枚岩になった最強布陣が、50年以上もの空白をこじ開ける。

　▽21年東京五輪のフランス代表　同国史上初の金メダルを獲得。1次リーグをボーダーラインのB組4位で通過すると、決勝トーナメントを勝ち上がり決勝はROC（ロシア・オリンピック委員会）を3―2で破った。大会MVPを受賞したエースのヌガペトを筆頭にミドルブロッカーのチネニェズとルゴフ、オポジットのパトリ、リベロのグレベニコフが初戦から全8試合に先発。不動の5人に加え、アウトサイドヒッターのクレベノも大会を通してフル回転した。",[],[]
【大学野球】プロ注目の大経大・常深「絶対に上位で指名されたい」　勝利に導く好救援（スポニチアネックス）,https://news.yahoo.co.jp/articles/0c84dfdd51547e4268d7db1d5e8879d0f138c61a,https://newsatcl-pctr.c.yimg.jp/t/amd-img/20260915-00000020-spnannex-000-6-view.jpg?exp=10800,2026-09-15T05:00:00+09:00,2026-09-15T05:00:00+09:00,スポニチアネックス,spnannex,スポニチアネックス,536,"＜大経大・神院大＞4回1失点の好救援を見せた大経大・常深（撮影・河合　洋介）
◇関西六大学野球第2節第3日　大経大6―1神院大（2026年9月14日　わかさスタジアム京都）
【写真あり】9球団の前で熱投　自己最速タイ148キロ計測、代表合宿前日にアピール
3回戦1試合が行われ、大経大が神院大を6―1の9回表降雨コールドで下して勝ち点1とした。最速148キロ左腕でプロ注目の常深颯大投手（4年）が救援し、4回1失点で導いた。

　大経大の常深には流れを変えられる力がある。0―0の5回無死一、二塁で救援登板。その後の1死満塁を二直併殺で脱すると、無得点だった打線が計6得点と目覚めた。「（5回は）相手に流れを渡さないように無失点にこだわりました」。120球を投じた1回戦から中1日。8回の犠飛が唯一の失点で、被安打2に抑える好投を演じた。

　現4年生が入学した23年に監督に就任した高代延博さんが昨年12月に死去。阪神や侍ジャパンのコーチなどを歴任した恩師にささげるドラフト指名を目指し、この日にプロ志望届を提出した。救援待機が濃厚だった一戦でもNPBスカウトが視察したように注目度は高く、「プロで長く続けるためにも絶対に上位で指名されたい」と決意した。　（河合　洋介）",[],[]
【バレー】日本女子の石川主将　男子Vに「悔しさ凄く感じた」　新天地トルコに出発で決意（スポニチアネックス）,https://news.yahoo.co.jp/articles/0b13c560047a5ba44b46bfbcb7db89bac73b2538,https://newsatcl-pctr.c.yimg.jp/t/amd-img/20260915-00000043-spnannex-000-5-view.jpg?exp=10800,2026-09-15T04:55:00+09:00,2026-09-15T10:00:54+09:00,スポニチアネックス,spnannex,スポニチアネックス,291,"新天地のトルコに出発した石川真佑
バレーボール女子日本代表の石川真佑主将（26）が14日、羽田空港から新天地のトルコに出発した。今季から同国リーグのエジザジュバシュでプレー。「また新しい挑戦ができて凄く楽しみ」と笑顔を見せた。
【写真あり】石川真佑、応援に駆けつけてくれた親友と密着2S！
8月のアジア選手権では準決勝でタイに敗れ、28年ロサンゼルス五輪切符は持ち越しに。13日には兄・祐希が主将を務める男子代表が優勝を果たし「自分たちが（五輪切符を）獲れなかった悔しさを凄く感じた」と率直な思いを吐露。「だからこそトルコリーグでしっかり成長して、また帰ってきたい」と決意を込めた。",[],[]
【徳山ボート　G1ダイヤモンドカップ　4日目】12Rは石野貴之　入魂の逃げを打つ（スポニチアネックス）,https://news.yahoo.co.jp/articles/0dfe7dff9fa2434c105175213363dba5aab2906a,https://newsatcl-pctr.c.yimg.jp/t/amd-img/20260915-00000001-spnannex-000-2-view.jpg?exp=10800,2026-09-15T04:30:00+09:00,2026-09-15T04:30:00+09:00,スポニチアネックス,spnannex,スポニチアネックス,580,"石野貴之
ボートレース徳山のG1「ダイヤモンドカップ」が4日目を迎える。注目は12Rだ。

　石野を中心視する。着順の出入りは激しいが、1号艇なら負けられない。また前半の結果次第では準優勝負にもなる。入魂の逃げを打つ。井上が差して大阪両立が本線。地元の白井も機敏な立ち回りで肉薄か。中田は強攻策。

　＜1＞石野貴之　3日目はペラを失敗していた。でも、合えばターンはしっかりくると思うので、探り探りやっていきます。

　＜2＞井上一輝　回り足、レース足寄りで足は悪くない。石野さんにアドバイスをもらって、だいぶターン回りが良くなっている。あとは微調整で。

　＜3＞中田竜太　直線やグリップ感は良かった。でも、少し後伸びというか、レースに生かせるような伸びではない。

　＜4＞白井英治　ターン回りがスムーズなのがいいところ。あまり足合わせをしていないので、伸びの比較がどうかは分からない。2連対率を考えれば悪くなくて、このあたりで合わせるのがいいのかな。

　＜5＞羽野直也　整備して普通にはなりました。でも、強いて言えば誰かと比較するとレース足は弱い。ペラを煮詰めて、思い切って行けるような仕上がりにはしていきたい。

　＜6＞今泉友吾　日に日に良くなっているし、いい調整はできている。重さが取れてきて、バランスが取れた感じ。ターン回りも軽快になってきた。",[],[]
【競輪コラム】緒方詩央里　1メートル47の小兵　大事なことは「気持ちを強く持つ、努力する」（スポニチアネックス）,https://news.yahoo.co.jp/articles/ce9d2258d2e96ea0365cce16f43de8340152a3ee,https://newsatcl-pctr.c.yimg.jp/t/amd-img/20260915-00000000-spnannex-000-2-view.jpg?exp=10800,2026-09-15T04:30:00+09:00,2026-09-15T04:30:00+09:00,スポニチアネックス,spnannex,スポニチアネックス,773,"小柄でも果敢なレースを見せる緒方詩央里
小兵の活躍は盛り上がりに一役買う要素だろう。

　たとえば13日に秋場所が初日を迎えた大相撲には「技のデパート」と呼ばれた舞の海がいた。身長1メートル71、体重は100キロ未満。それでも機敏な動きから三所攻めや切り返し、猫だましなど多彩な技を繰り出して横綱や大型力士に立ち向かい、ファンを魅了した。

　競輪ではガールズのルーキー、緒方詩央里（27＝福岡、130期）が1メートル47と小柄だが奮闘している。

　東京富士大卒業後は4年間、介護福祉士として働いた。選手募集の広告「未経験でも挑戦できる」を見て一念発起し、この世界に飛びこんだ。

　小5から大学まで12年間、卓球に励み、正智深谷高では団体戦で全国ベスト8に貢献した。心のどこかに「スポーツ選手になりたい」との思いがあった。体格基準はなく、大柄な選手とも競う。「実際に自転車に乗るまでは“体格は関係ない”と思っていました」。上背は無理でも、今後はウエートトレーニングを採り入れ、体を大きくすることを検討する。

　競技は異なっても強豪校で、もまれた経験があるだけに「気持ちを強く持つこと、努力することを学べたと思います」。その言葉は果敢に先制するレースぶりにも表れる。

　デビューから9場所（単発のルーキーシリーズプラスを含む）で1着こそないものの、全て決勝に進んだ。「まず自分のレースをすること。勝ちきれないのは力が足りないから」。“負け戦”へ回らないため常に強敵に挑む。

　前回大垣の初日は加藤舞（29＝沖縄）の捲りに屈したとはいえ、打鐘カマシで後続を引き離し最終2角付近は初勝利の可能性を感じさせた。「最後にタレているのは課題です。最後の踏み直し、トップスピードも上げて、一回り大きくなりたい」。挑戦は始まったばかりだ。（原口　公博）",[],[]
31年無休の“鉄人”翔傑　50歳になって初白星　30歳差対決制した「土俵に上がったら歳は関係ない」（スポニチアネックス）,https://news.yahoo.co.jp/articles/7f46a96868ead4e0303986ca8004ecfaeb88337a,https://newsatcl-pctr.c.yimg.jp/t/amd-img/20260915-00000046-spnannex-000-4-view.jpg?exp=10800,2026-09-15T04:30:00+09:00,2026-09-15T04:30:00+09:00,スポニチアネックス,spnannex,スポニチアネックス,922,"＜大相撲秋場所2日目＞駒ノ富士（右）を極め倒しで破る翔傑（撮影・木村　揚輔）
◇大相撲秋場所2日目（2026年9月14日　両国国技館）

　現役最年長で初土俵以来31年無休の序二段・翔傑（芝田山部屋）が50歳になって初めて土俵に上がり、30歳下の序二段・駒ノ富士（20＝伊勢ケ浜部屋）をきめ倒しで破り白星発進した。昭和以降では51歳7カ月で引退した華吹に次いで2人目の50代力士。95年春場所の初土俵から31年無休の鉄人が健在ぶりをアピールした。幕内は横綱・大の里が琴勝峰を退けるなど、2日連続で上位安泰だった。
【画像あり】著名人映り込みが話題！溜席に大物俳優と女優が「めっちゃ目立つ」
観客の姿もまばらな午前11時前、序二段の取組でも土俵下には多くのカメラマンが控えた。無数のフラッシュがスポットライトのように輝くなかで、翔傑は30歳年下を力ずくで退けた。相手の当たりを受け止めると右から抱えて力任せにきめ倒し。「土俵に上がったらイーブン。何歳差とかは勝とうが負けようが関係ない」と言い放った。

　5日に50歳の誕生日を迎えた。50歳で本場所の土俵に上がったのは昭和以降では2人目。初土俵から一度も休まず歴代最長の187場所連続皆勤の鉄人だ。入門時の師匠、元放駒親方（元大関・魁傑）の「休場は職場放棄」の言葉を大事にし「それが仕事ですから」と稽古も取り組みも休まない。「諦めきれない自分がいる。だから負けても悔しい気持ちがある」と胸を張った。

　華吹の戦後最高齢記録まであと1年7カ月だが「記録のために相撲を取っていない。土俵に上がって相撲を取るのが最大の務め」と自信満々に話す。重みのある言葉に力士としての矜持（きょうじ）を垣間見た。

　◇翔傑　喜昭（しょうけつ・よしあき＝本名・仲原克明）1976年（昭51）9月5日生まれ、静岡県天城湯ケ島町（現伊豆市）出身の50歳。三島高（現知徳高）卒業後に元大関・魁傑が師匠を務める放駒部屋に入門し、95年春場所「仲原」で初土俵。師匠の定年に伴い2013年2月に芝田山部屋に転籍。横綱・稀勢の里の付け人も務めた。得意は押し。趣味はぶらり散歩。通算652勝651敗。1メートル83、165キロ。",[],[]
【二所ノ関親方　真眼】初日の反省生かせた大の里　勝つことで流れつかめる（スポニチアネックス）,https://news.yahoo.co.jp/articles/7c88d573b24c650990377137955d0d85ef808277,https://newsatcl-pctr.c.yimg.jp/t/amd-img/20260915-00000048-spnannex-000-3-view.jpg?exp=10800,2026-09-15T04:29:00+09:00,2026-09-15T04:29:00+09:00,スポニチアネックス,spnannex,スポニチアネックス,520,"＜大相撲秋場所2日日＞琴勝峰（右）を押し出しで下し、その勢いのままジャンプする大の里（撮影・木村　揚輔）
◇大相撲秋場所2日目（2026年9月14日　両国国技館）

　入りが大事と指摘してきた大の里は内容はともかく連勝発進。琴勝峰戦は初日の反省を生かせた相撲だったと思います。立ち合いは右は差せませんでしたが、一度体勢をつくって前に出ていった。この日の内容からは日に日に良くなっていく期待は持てました。
【画像あり】著名人映り込みが話題！溜席に大物俳優と女優が「めっちゃ目立つ」
初日は右を差せずにはたいて後退。緊張もあったとはいえ、最初から終始相手のペースになってしまった。大栄翔は実力者ですから、押し込むくらいの気持ちでいかないと後手後手になってしまいます。自分がどうやって（番付を）上がってきたかをもう一度思い出すことも必要です。

　前夜は珍しく、横綱にはいろいろ言いました。気持ちは分かるし、私もそういう状況になったこともあります。自分の経験も踏まえて話はしました。いずれにせよ、良薬は勝つことしかありません。勝つことで流れはつかめるし、自分の相撲を思い出せる。貪欲に勝ちにこだわる姿を見せてほしいところです。（元横綱・稀勢の里）",[],[]
大の里　攻めて連勝発進　内容に満足顔「今日のような相撲が続けばいいかな」（スポニチアネックス）,https://news.yahoo.co.jp/articles/70154ab29a75453ab13002c66302d3abb50f4a35,https://newsatcl-pctr.c.yimg.jp/t/amd-img/20260915-00000047-spnannex-000-4-view.jpg?exp=10800,2026-09-15T04:25:00+09:00,2026-09-15T04:25:00+09:00,スポニチアネックス,spnannex,スポニチアネックス,276,"琴勝峰（右）を押し出しで下す大の里（撮影・木村　揚輔）
◇大相撲秋場所2日目（2026年9月14日　両国国技館）

　大の里は琴勝峰を退け連勝発進した。立ち合いでは右を差せなかったものの、相手の突き押しにもひるまず応戦。逆に相手の引きに乗じて前傾姿勢で出て押し出した。
【画像あり】著名人映り込みが話題！溜席に大物俳優と女優が「めっちゃ目立つ」
はたいて苦戦した初日とは別人のような内容に「攻めという意識が昨日より出ていた」と満足顔。横綱、大関が2日間安泰。結びを締める横綱は「自分のことで精いっぱい。今日のような相撲が続けばいいかな」と前向きだった。",[],[]
【体操】日本代表・16歳西山実沙　都内で練習公開　アジア大会団体金へ闘志「一番貢献できたら」（スポニチアネックス）,https://news.yahoo.co.jp/articles/c6949b910607f94eb7a8de0505a98a4054508627,https://newsatcl-pctr.c.yimg.jp/t/amd-img/20260915-00000050-spnannex-000-6-view.jpg?exp=10800,2026-09-15T04:05:00+09:00,2026-09-15T10:01:34+09:00,スポニチアネックス,spnannex,スポニチアネックス,363,"体操女子日本代表の公開練習でゆかの演技を披露する西山実沙
体操女子日本代表が14日、東京都内で公開練習を実施。開幕が5日後に迫った愛知・名古屋アジア大会に向け、今年の全日本、NHK杯の2冠を制した西山実沙（なんばク）は「コンスタントに練習が積めているので、いい感じ。目標は団体優勝。一番貢献できたら」と話した。
【写真あり】体操女子選手　アイタードで超開脚ストレッチS！
6月のアジア選手権でシニアの国際大会デビューを果たし、今月7日には16歳の誕生日を迎えたばかり。大人の階段を一段上がったばかりのホープは得意のゆかの曲も変更し「みんながやっていない雰囲気の演技をしたくて変えた。いいねと言ってくれる先生も多い」と手応え。アジア大会の女子団体は中国が13連覇中だが、「一体感が好き」という種目で地元の声援を背に頂点を目指す。",[],[]
Matt 「今回のパパの姿はめちゃくちゃレア」　父・桑田真澄氏とCMで共演（スポニチアネックス）,https://news.yahoo.co.jp/articles/89628b289de88689fcad98ca49e3cc68d208994e,https://newsatcl-pctr.c.yimg.jp/t/amd-img/20260915-00000008-spnannex-000-5-view.jpg?exp=10800,2026-09-15T04:00:00+09:00,2026-09-15T16:51:14+09:00,スポニチアネックス,spnannex,スポニチアネックス,284,"新CMに出演する（左から）timelesz菊池風磨、Matt、桑田真澄氏
タレントのMatt（32）と、元巨人の桑田真澄氏（58）が父子で共演したテレビCMが、17日から全国で放送される。

　timeleszの菊池風磨（31）が“洗濯大名”に扮する衣料用洗剤「ボールド」の新CMで、桑田氏はちょんまげにはかま姿、Mattはピンクの鳥のかぶり物を着けて出演。Mattは「今回のパパの姿はめちゃくちゃレア。大河ドラマに出られるんじゃないかな」。桑田氏は「そろそろ僕も子離れしなきゃいけないなと思いながらも、共演させていただいて本当にうれしく思っています」と感想を述べた。",[],[]
りくりゅう“幸せリフト”でイベント登場　婚約発表後初の公の舞台「素敵に年を重ねたい」（スポニチアネックス）,https://news.yahoo.co.jp/articles/0ef2c29237f51ee254c7db6bf9ffdb2c8a4811dd,https://newsatcl-pctr.c.yimg.jp/t/amd-img/20260915-00000049-spnannex-000-3-view.jpg?exp=10800,2026-09-15T04:00:00+09:00,2026-09-15T04:00:00+09:00,スポニチアネックス,spnannex,スポニチアネックス,405,"資生堂のイベントに出席した「りくりゅう」こと三浦璃来さん、木原龍一さん
2月のミラノ・コルティナ五輪フィギュアスケート・ペアで日本勢初の金メダルを獲得した「りくりゅう」こと三浦璃来さん、木原龍一さんが14日、東京都内で開かれたイベントに出席した。8月の婚約発表後、公の場に姿を現すのは初で、幸せムードを漂わせリフトを披露して登場。木原さんは「りくりゅうとして、この先10年、20年、30年、40年、50年、60年、素敵に年を重ねたい」と“永遠の愛”を誓った。
【写真あり】りくりゅう　まるでトリックアートな記念2Sに反響「これは凄い」「信頼関係を表すベストショット」
2人は10年後の自分に向けての手紙も披露。三浦さんは「日本から世界に通じるペアスケーターを育てる指導者になっていたい」と34歳になっている自分に宛てた。2人は16日、名古屋市内でアジア大会の聖火ランナーを務めることも大会組織委から発表された。",[],[]
ブルージェイズ・岡本　ゴジラ超え32号力こぶ弾　日本選手右打者最多タイ　（スポニチアネックス）,https://news.yahoo.co.jp/articles/32846c91be94a3eed857bbe4e3b54e021c300bd2,https://newsatcl-pctr.c.yimg.jp/t/amd-img/20260915-00000056-spnannex-000-5-view.jpg?exp=10800,2026-09-15T02:30:00+09:00,2026-09-15T02:41:19+09:00,スポニチアネックス,spnannex,スポニチアネックス,949,"ブルージェイズ・岡本和真（AP）
◇ア・リーグ　ブルージェイズ8―1オリオールズ（2026年9月13日　トロント）
【写真あり】ブルージェイズの躍進支える日本人管理栄養士・讃井友香さん
記録ずくめの豪快弾だ。ブルージェイズの岡本和真内野手（30）が13日（日本時間14日）、本拠地のオリオールズ戦に「4番・三塁」で先発。5回の第3打席、スプリンガー、ゲレロに続き3者連続弾となる左越え32号ソロを放った。32本は巨人の先輩・松井秀喜（ヤンキースなど）のMLB最多31本を超え、日本選手右打者では昨年の鈴木誠也（カブス）に並んで最多。85打点は球団新人の最多打点を更新した。

　「俺のパワーを見たか！」とばかりに力こぶをつくった。左翼スタンドに文句なしの一発を突き刺した岡本は、二塁ベースを回ると丸太のような右手を曲げ、筋肉のこぶをポンポンと叩いた。

　1―1で迎えた5回。2死からスプリンガーが右中間へ勝ち越し15号ソロを運ぶと、続くゲレロも待望の本拠地1号となる左越え9号を放った。スタンド大盛り上がりの中で打席に立った背番号7は、フルカウントからファウルで3球粘って9球目。相手左腕の甘く入った真っすぐを完璧に捉えた。

　打球速度107・9マイル（約173・6キロ）、飛距離410フィート（約125メートル）。2試合ぶりの32号はまさに記録ずくめの豪快弾だ。古巣・巨人の大先輩、松井秀喜がヤンキース2年目の04年にマークした31本の自己最多を渡米1年目で超えた。さらに日本選手の右打者では昨年のカブス・鈴木誠也に並ぶ最多。ホワイトソックス・村上を1本上回り、日本選手の1年目の最多記録もさらに更新した。

　チームに目を向ければ、すでに球団記録を更新し続けている新人最多本塁打数に加え、打点も「85」に到達。02年にエリック・ヒンスキーがマークした「84」の新人最多打点記録を塗り替えた。ジョン・シュナイダー監督は「彼は物凄いパワーを持っている」と脱帽。「左投手で相性がいい時は、間違いなく彼が中心になって活躍するだろう」と賛辞を惜しまなかった。

　9月の月間打率・325でここ6戦4発。ア・リーグのワイルドカード進出圏内まで1ゲーム差で踏ん張るチームを、自慢のパワーでけん引している。",[],[]
ドジャース　IL入りの大谷が打撃練習再開へ　ロバーツ監督「月曜か火曜にはスイングを再開できれば」（スポニチアネックス）,https://news.yahoo.co.jp/articles/06827840ea1069730e39793141c22608b2eccfd6,https://newsatcl-pctr.c.yimg.jp/t/amd-img/20260915-00000057-spnannex-000-6-view.jpg?exp=10800,2026-09-15T02:24:38+09:00,2026-09-15T03:03:49+09:00,スポニチアネックス,spnannex,スポニチアネックス,579,"ドジャース・大谷（AP)
◇ナ・リーグ　ドジャース4-6マーリンズ（2026年9月13日　マイアミ）

　ドジャースは2点リードを守れずサヨナラ負けを喫し、ポストシーズン（PS）進出決定は14日（日本時間15日）以降にお預けとなった。
【画像あり】人気モデルが絶賛！真美子夫人のシースルー“ブラックコーデ”
右上腕二頭筋の炎症で負傷者リスト（IL）入りした大谷の代役で11日にメジャー初昇格した有望株のデパウラが、4回にメジャー初安打の先制3ラン。しかし、2点リードの9回に左腕スコットが同点2点打を浴び、後を受けた右腕スチュワートがサヨナラ2ランを浴びた。デーブ・ロバーツ監督は「つらい敗戦だけど、これも野球の一部」と淡々と振り返った。

　パドレス、ダイヤモンドバックスが勝利し、地区5連覇への優勝マジックは「4」のまま。最短で23日（日本時間24日）に復帰が可能な大谷について、指揮官は「まだバットは振っていない。月曜（14日＝同15日）か火曜（15日＝同16日）にはスイングを再開できればと思っている。今はトレーニングと治療を続けている」と現状を説明した。（柳原　直之）

　▼ドジャース・デパウラ（4回にメジャー初安打の先制3ランを含む2安打3打点）家族も見に来ていた。あんな瞬間は二度とない。最高だった。自分にとって初めての本塁打。一生忘れない。",[],[]
阪神、快音響かず…　佐藤輝明＆森下翔太は9月初そろって無安打　背番号1「……」無言貫く　　（スポニチアネックス）,https://news.yahoo.co.jp/articles/b86d993a53853941873f8f05c119932a1c5e1ae1,https://newsatcl-pctr.c.yimg.jp/t/amd-img/20260915-00000045-spnannex-000-5-view.jpg?exp=10800,2026-09-15T01:15:00+09:00,2026-09-15T01:15:00+09:00,スポニチアネックス,spnannex,スポニチアネックス,897,"＜神・中24＞7回、遊ゴロに倒れた森下（撮影・亀井　直樹）
◇セ・リーグ　阪神0―6中日（2026年9月14日　甲子園）

　快音が響かない。勝利が遠い。クラブハウスへと引き揚げる阪神ナインの表情は、一様に沈痛だった。これまで、どんな劣勢でも難なくはね返してきた猛虎の勇姿がウソのように、完全な沈黙を続ける。
【写真あり】【内田雅也の追球】無死一塁「打て」の無念
この日も中日・マラーにシャットアウトされ、悪夢の3試合連続零敗だ。連敗中の6試合で奪った得点は「4」。その手段は本塁打3本（森下2、佐藤輝1）と内野ゴロ1本（中野）。タイムリーヒットは、3日ヤクルト戦の9回に大山が放って以降、6試合計56イニングも出ていない。藤川監督政権下では最長記録を更新してしまった。

　「また明日（15日）ですね。（チーム一丸で？）もちろん」

　不動の4番に座り、3打数無安打2三振に終わった佐藤輝は、必死に言葉を絞り出した。3試合連続零敗の最中は、計11打数2安打で、長打はない。3番・森下も4打数無安打1三振。2点を先制された直後の初回1死一塁では初球を打ち損じ、遊ゴロ併殺打に沈んだ。12日巨人戦から3試合連続ノーヒットとなり、9月の月間打率は何と・152（33打数5安打）。同・364を誇り、月間MVPの有力候補にも挙げられた8月とは、もはや別人と言える。

　「……」

　背番号1は、報道陣の問いかけに無言を貫いた。森下と佐藤輝がそろって無安打なのは、9月初。1日ヤクルト戦から5戦5発と量産態勢だった佐藤輝。負けじと5日DeNA戦、9日広島戦でアーチをかけた森下。このコンビの完全復活なくして、チームの浮上もない。

　この日は近本、中野、大山がそれぞれ安打を放ち、チャンスメークした。虎の枢軸と言える5人が機能してこそ、得点シーンが増える。球団初のリーグ連覇へ向け、最後のヤマ場。巨人との差や優勝マジックに意識は置かず、目の前の一戦を全力で勝ちにいく。

　やまない雨はない。春の来ない冬もない。暗く長いトンネルの先に、最高の景色が待つ。栄光へ、今こそ奮い立つ。　

　　（八木　勇磨）",[],[]
阪神・神宮僚介が4戦連続無失点　わずか7球で3人斬り「とにかく自分が3人で抑えて…」（スポニチアネックス）,https://news.yahoo.co.jp/articles/d0e51666459d11d30db8902a129c7a5e5c9d3799,https://newsatcl-pctr.c.yimg.jp/t/amd-img/20260915-00000042-spnannex-000-4-view.jpg?exp=10800,2026-09-15T01:15:00+09:00,2026-09-15T01:15:00+09:00,スポニチアネックス,spnannex,スポニチアネックス,299,"＜神・中24＞3番手で力投する神宮（撮影・大森　寛明）
◇セ・リーグ　阪神0―6中日（2026年9月14日　甲子園）

　悔しい敗戦の中で阪神・神宮の存在感が光った。
【写真あり】神宮僚介　初参加の「ブルペン会」憧れの大先輩の前で見せた意外な素顔とは…
7回から3番手として登板。わずか7球で打者3人をテンポよく料理した。

　「とにかく自分が3人で抑えて流れを持って来られればいいなと思って投げました」

　これで8月26日の中日戦から4試合連続無失点をマーク。投げるたびに頼もしさが増す、育成出身のルーキー右腕は「気負うことなく1試合1試合準備して、これからもやっていきたい」と冷静に見据えた。",[],[]
阪神・伊藤将司　悔し2被弾、投手のマラーにも打たれ「バッティングがいいのは分かっていた」（スポニチアネックス）,https://news.yahoo.co.jp/articles/a3b3c4e75d90164dfe4708431320fba8738d2ffc,https://newsatcl-pctr.c.yimg.jp/t/amd-img/20260915-00000041-spnannex-000-4-view.jpg?exp=10800,2026-09-15T01:15:00+09:00,2026-09-15T01:15:00+09:00,スポニチアネックス,spnannex,スポニチアネックス,339,"5回、マラーに2ランを浴びる伊藤将
◇セ・リーグ　阪神0―6中日（2026年9月14日　甲子園）

　阪神・伊藤将が2発に泣いた。立ち上がりから苦しみ5回4失点で3敗目。初回1死から村松に内野安打を許すと、続く細川には左翼席への2ランを被弾した。
【写真あり】阪神・伊藤将司　5回4失点で今季3敗目　悔しい2被弾を献上「細川にうまく打たれた」
「コースは良かったんで、細川にうまく打たれたなと思います」

　5回には再び試練が待っていた。花田に中前打を浴びて1死一塁。打席にマラーを迎えると、痛恨の2ランを献上した。8月26日の中日戦から登板3戦連続被弾。23年5月18日以来の中日戦勝利投手はお預けとなり「（マラーが）バッティングいいのは分かってたんで」と悔しげに唇をかんだ。",[],[]
【阪神・藤川監督語録】投手のマラーに4打点献上「非常に警戒はしていたが…」（スポニチアネックス）,https://news.yahoo.co.jp/articles/acea02cf5cc455d695579e69422ff8459f0dbb24,https://newsatcl-pctr.c.yimg.jp/t/amd-img/20260915-00000040-spnannex-000-4-view.jpg?exp=10800,2026-09-15T01:15:00+09:00,2026-09-15T01:15:00+09:00,スポニチアネックス,spnannex,スポニチアネックス,225,"＜神・中24＞敗戦に肩を落とす藤川監督（撮影・大森　寛明）
◇セ・リーグ　阪神0―6中日（2026年9月14日　甲子園）

　▼伊藤将が2発　ホームランはもったいないところはあった。投手に打たれたところもそう。大胆にいきながら繊細にいくのも難しい。ベストを尽くそうとはしていると思うけど。
【写真あり】マラー“1人”で虎退治
▼投手のマラーに4打点献上　バッテリー部門を含め、非常に警戒はしていたが、これはもう勝負の中のこと。ゲーム中の1つの出来事。",[],[]
阪神・坂本誠志郎「苦しいけど報われる時が必ず来る」　通路に響いたナイン全員の気持ち代弁（スポニチアネックス）,https://news.yahoo.co.jp/articles/48d17091341298580a0ac6fac9ca47262713e90c,https://newsatcl-pctr.c.yimg.jp/t/amd-img/20260915-00000039-spnannex-000-3-view.jpg?exp=10800,2026-09-15T01:15:00+09:00,2026-09-15T01:15:00+09:00,スポニチアネックス,spnannex,スポニチアネックス,511,"＜神・中24＞　7回、好機で凡退の坂本　（撮影・亀井　直樹）
◇セ・リーグ　阪神0―6中日（2026年9月14日　甲子園）

　悔しい。情けない。戦う虎戦士全員の気持ちをキャプテン坂本が口にした。「悔しいっすね。勝てないし、思うようにいかない。苦しいですけど、その苦しさが報われる時が必ず来る」。敗戦に沈む甲子園の通路に声が響いた。
【写真あり】阪神　藤川球児監督、7回好機も動かず、1死二、三塁で立石正広、坂本誠志郎が凡退
坂本も苦しさを背負っている。好機の7回2死二、三塁では左飛に倒れた。絶好調だった8月から一転。9月は27打席無安打で、まだヒットが一本も出ていない。守っても投手マラーに4打点を許した。敗戦の責任を感じるからこそ、自らにもハッパをかけた。

　「みんながきっかけをつくりたいと思っている。つくりたいと思ってるやつにしかつくり出せない。待ってても変わらない。みんなであがいているのは見えている。いつ生まれるか分からないきっかけを全員でつかみにいくだけ」

　初回に左前打の中野も坂本の言葉に「切り替えしかない。引きずっててもしようがない」と呼応した。窮地の中でも熱い闘志は消えていない。　（鈴木　光）",[],[]
阪神なんでやねん！9月甲子園全敗　29回連続無得点で今季ワースト6連敗　藤川監督「とにかく…」（スポニチアネックス）,https://news.yahoo.co.jp/articles/d6459474fe632137395a97071f6c97eee157bd43,https://newsatcl-pctr.c.yimg.jp/t/amd-img/20260915-00000037-spnannex-000-3-view.jpg?exp=10800,2026-09-15T01:15:00+09:00,2026-09-15T01:15:00+09:00,スポニチアネックス,spnannex,スポニチアネックス,1190,"＜神・中24＞2回、三振に倒れた佐藤輝（8）と藤川監督（右）　（撮影・亀井　直樹）
◇セ・リーグ　阪神0―6中日（2026年9月14日　甲子園）

　阪神は14日の中日戦でマラーに4安打完封を許し、今季ワーストを更新する泥沼の6連敗を喫した。深刻な打撃不振から抜け出せず、20年以来6年ぶりに3試合連続の零敗。甲子園は9月5戦全敗で、通算でも24勝26敗1分けと負け越している。藤川球児監督（46）は「とにかく顔を上げて戦う。必ずこちらに向く」と前を向いた。0・5ゲーム差の2位巨人がDeNAに敗れたため、優勝マジックは1つ減って15になった。
【写真あり】阪神　3試合連続の零敗で6連敗も2位・巨人がDeNAにサヨナラ負けで優勝マジックは「15」に
観客が一斉に席を立ったのは、9回にドリスがマラーに2点二塁打を浴びた直後だった。スコアボードの中日の得点は6に伸び、猛虎は0が並んだまま。直近の打線低迷を踏まえれば、6点差は虎党の諦めを誘うのに十分すぎた。結局、マラーの前に無抵抗のまま1点も奪えず。球団6年ぶりの3試合連続零敗を喫した。

　「ゲームにどう向かうのか、内部で議論を重ねている。だけど、結果が問われる世界ですから」

　藤川監督はコーチ会議で時間を費やして打開策を練っていることを明かした。しかし、打線は上向かない。8月のセ・リーグ月間MVPに輝いた竜の助っ人左腕の直球に押し込まれ、落差あるカーブにタイミングを外され、鋭いスライダーに手を焼いた。甲子園が唯一沸いたのは、1死二、三塁の好機をつくった7回のみ。しかし立石が三ゴロ、続く坂本が左飛に倒れ、最後までホームベースが遠かった。

　これで今季ワーストを更新する6連敗。そのうち甲子園での敗戦が5試合で、9月に入ってから本拠地でいまだに勝ち星がない。目立つのは、四球の少なさ。6連敗中は1試合平均1・3個にとどまり、今季平均の3・0個を下回る。これがチャンスの少なさに直結している。

　もちろん、マラーのような好投手相手には、早いカウントから打って出る姿勢が求められる。指揮官も「やっぱり仕掛けなければいけない。バットを振らずに待ってるほど（マラーは）簡単な投手ではない」と語る。その一方で、今季24勝26敗1分けと負け越す広い甲子園で得点を積み上げるには、泥くさい粘りも不可欠。近年の猛虎を支えてきた、単なる待球作戦ではない「つなぎの意識」を取り戻すことが、ポストシーズンに向けてもヒントになる可能性はある。

　「ゲームの中でうまくいかないことはあるが、とにかく顔を上げて戦う、と。必ずこちらに向くと信じながら戦うことが重要ですから」

　連敗中も失策は6試合でわずか2つ。投手を中心とした守りの野球は崩れていない。長いトンネルを抜ける1つのきっかけを、チーム全員が探している。

　（倉世古　洋平）",[],[]
阪神・坂本誠志郎「最後まで気を引き締めて戦う」　セ・リーグAWARD8月度大賞表彰式で決意（スポニチアネックス）,https://news.yahoo.co.jp/articles/2044edf0eafdb03c5cb6084f3951af6a0ed005a2,https://newsatcl-pctr.c.yimg.jp/t/amd-img/20260915-00000023-spnannex-000-4-view.jpg?exp=10800,2026-09-15T01:15:00+09:00,2026-09-15T01:15:00+09:00,スポニチアネックス,spnannex,スポニチアネックス,311,"記念のボードを手に、連覇へ決意を示した坂本
「月間JERAセ・リーグAWARD」8月度の大賞を受賞した阪神・坂本誠志郎捕手（32）の表彰式が西宮市内の球団施設で行われた。
【写真あり】V争い佳境も“普段着野球”の必要性を訴え　「急激に技術が上がることはない」
8月に月間打率・284、7本塁打、16打点と活躍。選考に当たったOBの鳥谷敬氏から表彰され、「うまくなりたいと思って、やってきたことが形になった8月だった。最後まで気を引き締めて戦う」と終盤戦に向け決意を示した。

　巨人との優勝争いはし烈だが「日程的にも厳しくなったと言われたけど、それは鳥谷さんなりの激励だと思ってやっていく」と球団初の連覇への思いを強めた。",[],[]
阪神・ルーカス　5カ月ぶり甲子園登板へ「広さに助けてもらいたい」　調整登板での裂傷も完治（スポニチアネックス）,https://news.yahoo.co.jp/articles/7b5eb94a8d9a7b3b18cf5ecb5b6388ad964ceaef,https://newsatcl-pctr.c.yimg.jp/t/amd-img/20260915-00000022-spnannex-000-5-view.jpg?exp=10800,2026-09-15T01:15:00+09:00,2026-09-15T01:15:00+09:00,スポニチアネックス,spnannex,スポニチアネックス,307,"＜神・中24＞　キャッチボールを行うルーカス　（撮影・亀井　直樹）
阪神のルーカスがアクシデントを乗り越え、2連勝を狙う。

　15日の中日戦（甲子園）に先発。来日初勝利を挙げた前回8月21日のDeNA戦から間隔が空いたのは、調整登板となった2日の2軍戦で左手中指から出血し2回で降板したため。
【写真あり】【阪神・藤川監督語録】ルーカスが1勝「想定していた通りに間に合ってくれたのは、非常に大きい」
裂傷は完治し「もう大丈夫。攻めの投球を心がけたい」と初対戦の竜打線を抑えるべく気合十分だ。4月16日の巨人戦以来、約5カ月ぶりの甲子園での登板には「楽しみ。広さにも助けてもらいたい」とリラックスした表情を見せた。",[],[]
阪神・大山悠輔　前日5タコから雪辱のマルチ！「明日、全員で勝てるように頑張ります」（スポニチアネックス）,https://news.yahoo.co.jp/articles/801c5d5712c4b44c181f5e42f32cc3701f17d361,https://newsatcl-pctr.c.yimg.jp/t/amd-img/20260915-00000021-spnannex-000-5-view.jpg?exp=10800,2026-09-15T01:15:00+09:00,2026-09-15T01:15:00+09:00,スポニチアネックス,spnannex,スポニチアネックス,313,"＜神・中24＞7回、大山は左中間二塁打を放つ（撮影・大森　寛明）
◇セ・リーグ　阪神0―6中日（2026年9月14日　甲子園）

　阪神・大山が雪辱のマルチ安打をマークした。
【写真あり】掛布雅之氏　バース、掛布、岡田より森下、佐藤、大山のほうが「上」断言も「ちょっと」気になるのは
4点劣勢の5回1死無走者の2打席目にマラーから中前打を放つと、続く7回1死一塁では左翼線への二塁打で好機を拡大させた。

　前日13日の中日戦では0―0の9回1死二、三塁の場面で空振り三振に倒れるなど5打数無安打。2本の安打を記録しても「（試合は）勝つか負けるか。明日（15日）全員で勝てるように頑張ります」と勝利につながる一本を追い求める。",[],[]
【ラグビー日本代表】コストリー「世界でベストのハイブリッド」選手目指す　本職FLもBKにも挑戦中（スポニチアネックス）,https://news.yahoo.co.jp/articles/dc4d40b6d97afef2333ef739e47c7a4b1caa57a6,https://newsatcl-pctr.c.yimg.jp/t/amd-img/20260915-00000044-spnannex-000-7-view.jpg?exp=10800,2026-09-15T00:22:10+09:00,2026-09-15T03:48:43+09:00,スポニチアネックス,spnannex,スポニチアネックス,814,"ティエナン・コストリー
ラグビー日本代表のFLティエナン・コストリー（神戸）が14日、滞在中の大阪市内からオンライン取材に応じた。チームはパシフィック・ネーションズカップ（PNC）準決勝の米国戦に63―14で快勝。昨年からBKとにも活躍の場を広げているコストリーは、米国戦でもWTBで途中出場。持ち味のスピードを生かしてトライもアシストしており、「大変だけど、全員ができることではない。光栄というか、期待されているのはうれしい」と話した。
【写真あり】鷲見玲奈　スタイル抜群！ラグビーウエア姿に「見惚れてノックオンしました」
BK顔負けのスピードを誇るコストリーは、エディー・ジョーンズ・ヘッドコーチに買われ、代表ではBKの練習にも参加。昨年11月の南アフリカ戦で途中出場からWTBでプレーすると、今年7月のアイルランド戦ではCTBでもプレー。貴重なハイブリッドプレーヤーとして存在感を増しており、本人も「経験を重ねて、無意識に考えるスピードや判断力はどんどん良くなっている。（米国戦は）南アフリカ戦よりも、自信を持ってプレーできた」と手応えを示した。

　現状で所属の神戸では二刀流の継続は不透明で、本職のFW第3列のみでプレーする可能性が高い。来年のW杯に向けてBKでの実戦や練習を重ねておきたいところだが、その点に関しては「BKでも役立つスキルの練習は取り組んでいる。オールラウンドの選手として、強くなる練習をしている」とキッパリ。「ただ、それをやるのではなく、世界でベストのハイブリッドを狙いたい」と不退転の決意を示した。

　19日のPNC決勝（東京・秩父宮ラグビー場）では、世界ランキング9位（日本は12位）と格上のフィジーと対戦する。現在、2年連続で決勝で敗れている相手はフィジカルとスピードが持ち味の選手が多いだけに、「アタックは脅威。ターンオーバーやトランジション、横とのコネクションが重要になる」と警戒した。",[],[]
中野英雄　中村ゆりさん死去に悲痛　約束かなわず「残念で残念で残念でなりません」（スポニチアネックス）,https://news.yahoo.co.jp/articles/32ebb8e3bd34df8f2320a9dfda26d756bf5d2bd1,https://newsatcl-pctr.c.yimg.jp/t/amd-img/20260914-00000384-spnannex-000-4-view.jpg?exp=10800,2026-09-15T00:00:40+09:00,2026-09-15T00:07:58+09:00,スポニチアネックス,spnannex,スポニチアネックス,936,"中野英雄
女優・中村ゆりさんが9月1日、直腸がんのため死去した。44歳だった。大阪府出身。所属事務所「アルファエージェンシー」が14日、公式サイトを通じて公表した。俳優の中野英雄（61）が自身のインスタグラムで追悼した。
【写真】06年、スポニチ本社に来社したYURIMARI
中野は「中村ゆりさん　ユリマリを解散した時期に出会いましたね」と中村さんとの出会いを回顧。また「私の事務所の斜め下にある飲食店でアルバイトをしていたよね」と懐かしんだ。

　「まだ女優の仕事はしてなかったのかな？　その後、数年で人気女優になられた気がします！頑張りましたね」と労いの言葉をつづり「私が初めて作った映画［影に抱かれ眠れ]ではヒロインを受けてくれて素敵なお芝居を披露してくれたね感謝しています」と感謝を記した。

　その際に「あの撮影の時もいつか芝居しようねと約束しましたが叶わなくなってしまった…」と明かし「残念で残念で残念でなりません」と悲痛な思いを吐露。

　そして「向こうで…必ず芝居しようね」と約束し「また会いましょう　ご冥福をお祈り致します」と追悼した。

　所属事務所は「9月1日　中村ゆりが直腸がんのため永眠いたしました。生前のご厚誼に感謝いたしますとともに謹んでお知らせ申し上げます。近親者、弊社俳優とスタッフで葬儀を済ませましたことをご報告いたします」と伝えた。中村さんは今年7月、腸閉塞のため来年1月放送のNHKドラマ10「デンジャラス」を降板すると発表していた。

　また、中村さんは13年前にがんを発症。その後寛解したものの、昨年1月にがんが再発したという。その際に手術を行い、成功したものの術後に転移が見つかったとし、「その時点で根治・寛解を目指すことは難しく、がんとうまく付き合っていくための治療を続けながら、より長く、生き生きと良い人生を歩むことを目指すことになりました」と説明した。

　闘病を続けていたが、「デンジャラス」からの降板発表後の今年8月に腸閉塞が再発。この時点で「余命わずかと告知を受けました」と公表し、「彼女は落ち着き、美しく優しさにあふれた笑顔を絶やさず、ご家族や近しい方々と共に最後の時を大切に過ごすことができました」と伝えた。",[],[]
