headline,mainEntityOfPage,image,datePublished,dateModified,author,media_en,media_jp,str_count,body,images,external_links
兵庫・斎藤知事「ただちに事業がストップすることはない」　起債許可団体転落について（Yahoo!ニュース オリジナル THE PAGE）,https://news.yahoo.co.jp/articles/4c69948e44448d721cca896e173c4c5f16ef6448,https://newsatcl-pctr.c.yimg.jp/t/amd-img/20260819-00010001-wordleafv-000-1-thumb.jpg?exp=10800,2026-08-19T20:37:56+09:00,2026-08-19T20:37:56+09:00,Yahoo!ニュース オリジナル THE PAGE,wordleaf,Yahoo!ニュース オリジナル THE PAGE,289,兵庫県の斎藤元彦知事は19日午後、県庁で定例記者会見を行った。 【拡大写真】今年5月、メガネ姿で会見に臨む兵庫県の斎藤元彦知事 ［写真］会見で記者の質問を聞く兵庫県の斎藤元彦知事＝19日午後、県庁で 同日の会見では、兵庫県が財政悪化により地方債の発行に国の許可が必要な「起債許可団体」になったことについての質問が相次いだ。 斎藤知事は「投資規模の抑制や積立不足額を少しでも減らすことで、実質公債費比率を25％を確実に超えることがないようにしたい」と述べ、「ただちに何かの事業がストップしたりとか、そういったことはありません。県民の皆さまにはご理解いただきたい」などと話していた。,[],[]
大阪・吉村知事「非常に残念、厳正に対処を」万博工事めぐる背任容疑で竹中工務店の現場責任者だった男の逮捕について（Yahoo!ニュース オリジナル THE PAGE）,https://news.yahoo.co.jp/articles/a43438d21cce17dcde04af0de29215a500aaf1c5,https://newsatcl-pctr.c.yimg.jp/t/amd-img/20260819-00010000-wordleafv-000-1-thumb.jpg?exp=10800,2026-08-19T20:03:35+09:00,2026-08-19T20:03:35+09:00,Yahoo!ニュース オリジナル THE PAGE,wordleaf,Yahoo!ニュース オリジナル THE PAGE,523,大阪府の吉村洋文知事は19日午後、府庁で定例記者会見を行った。 【拡大写真】大阪・万博の大屋根リング ［写真］会見で「非常に残念」と話す大阪府の吉村洋文知事＝19日午後、府庁で 会見では、大阪・関西万博の工事をめぐり、竹中工務店で現場の責任者を務めた男が、下請け業者に工事費を水増し請求させ、竹中工務店に損害を与えたとする背任容疑で大阪府警に逮捕された件についての質問があった。 吉村知事は「まず、非常に残念です。こういった事件が起きたということは非常に残念に思います。事実関係の究明と、そして捜査機関への協力、そして再発防止に竹中工務店としては努めてもらいたいと思います」と答えた。 また、「万博協会自身は落札、公募、落札をしてやっているので、直接被害が、損害が生じているものではないですけれども、やはり非常に残念に思いますし、竹中工務店においては厳正に対処してもらいたいという風に思います」と続けた。 竹中工務店は同日、同社のサイトで「本日、当社の従業員が背任の容疑で、大阪府警に逮捕されました。当社はこの事態を厳粛に受け止め、警察による捜査に全面的に協力し、事実関係を確認した上で、会社として厳正に対処いたします」とコメントを発表している。,[],[]
【ヤフコメで話題】「FIRE後の生きがい探し」「趣味や社会参加の重要性」 - FIRE生活の充実と課題を考える（Yahoo!ニュース オリジナル THE PAGE）,https://news.yahoo.co.jp/articles/fda1c5761c83fe3fee317035818aab867a695d5a,https://newsatcl-pctr.c.yimg.jp/t/amd-img/20260819-00000027-wordleafai-000-1-view.jpg?exp=10800,2026-08-19T17:25:45+09:00,2026-08-19T17:25:45+09:00,Yahoo!ニュース オリジナル THE PAGE,wordleaf,Yahoo!ニュース オリジナル THE PAGE,589,なにがあった？ 生成AIによる作成 FIRE（経済的自立と早期リタイア）後の生活や生きがいについて、Yahoo!ニュースのコメント欄で話題になっています。 コメントでは、FIREを達成しても家族や社会からの必要性を感じられず、結局は何かしらの仕事や活動を求めるようになるという意見が見られます。 また、老後の充実には若いうちから趣味や興味を持つことが大切だという声や、公民館活動や地域サークルなど社会参加の場が役立つという感想も寄せられています。 一方で、同じ日常を繰り返しても本人が満足していればそれで良いという考えや、ITの進化についていく難しさを指摘する意見もありました。 みんなの反応 - FIRE後も社会とのつながりや生きがいを求める気持ちは自然なことだと感じます。 - 若いうちから趣味や興味を広げておくことが老後の充実につながるという意見に共感します。 - 人それぞれの価値観で、静かな日常を楽しむのも一つの生き方だと思います。 ―――― この記事は、投稿されたコメント情報をもとにAIが作成しています。 参照したコメント情報は、【関連記事】内の「『FIRE』についてのみんなの反応」をご覧ください。 ※経過によりキーワードに関連するコメントが表示されない可能性があります。 ※本機能は試験的な導入です。内容に関しては関連記事やコメント内容と併せてご確認ください。,[],[]
【ヤフコメで話題】「VARやビデオ判定の導入を求める声」「誤審防止と納得感の両立が課題」 - スポーツ判定のテクノロジー活用に賛否（Yahoo!ニュース オリジナル THE PAGE）,https://news.yahoo.co.jp/articles/49406b946b0ff223d3153df53af3ebe6eaebe7ba,https://newsatcl-pctr.c.yimg.jp/t/amd-img/20260819-00000026-wordleafai-000-1-view.jpg?exp=10800,2026-08-19T17:17:18+09:00,2026-08-19T17:17:18+09:00,Yahoo!ニュース オリジナル THE PAGE,wordleaf,Yahoo!ニュース オリジナル THE PAGE,617,なにがあった？ 生成AIによる作成 スポーツにおけるVAR（ビデオ・アシスタント・レフェリー）やビデオ判定の導入について、Yahoo!ニュースのコメント欄で話題になっています。 コメントでは、サッカーや野球などで審判の判定ミスや基準のばらつきが試合結果に大きく影響することから、VARやビデオ判定の必要性を訴える意見が多く見られます。特にJリーグ下位カテゴリーや高校野球での誤審事例を挙げ、テクノロジー導入による公平性向上や選手・関係者の納得感の重要性が指摘されています。 一方で、VARやビデオ判定の費用や運用体制、映像設備の充実度、最終的な人の判断とのバランスなど、導入に伴う課題や慎重な意見もありました。 みんなの反応 - 誤審によって選手の運命が左右されるのは避けたいので、VARやビデオ判定の導入は必要だと感じます。 - テクノロジーの導入で納得感が増す一方、費用や運用面の課題も無視できないと思います。 - 審判の質向上とテクノロジーの活用、両方を進めていくべきだという意見に共感します。 ―――― この記事は、投稿されたコメント情報をもとにAIが作成しています。 参照したコメント情報は、【関連記事】内の「『VAR』についてのみんなの反応」をご覧ください。 ※経過によりキーワードに関連するコメントが表示されない可能性があります。 ※本機能は試験的な導入です。内容に関しては関連記事やコメント内容と併せてご確認ください。,[],[]
【ヤフコメで話題】「映画ドラえもんの入場者特典の歴史と意義」「特典商法への賛否」 - 映画体験を彩る“おまけ”の価値を考える（Yahoo!ニュース オリジナル THE PAGE）,https://news.yahoo.co.jp/articles/21b4ceb3daf2c050c75955b02255c744ad93a3e2,https://newsatcl-pctr.c.yimg.jp/t/amd-img/default.jpg?exp=10800,2026-08-19T15:53:21+09:00,2026-08-19T15:53:21+09:00,Yahoo!ニュース オリジナル THE PAGE,wordleaf,Yahoo!ニュース オリジナル THE PAGE,574,なにがあった？ 映画ドラえもんの入場者特典について、Yahoo!ニュースのコメント欄で話題になっています。 コメントでは、ドラえもん映画が昭和末期から入場者特典を導入してきた歴史や、特典が映画体験の思い出を深める重要な要素であるという意見が見られます。 一方で、特典が興行収入を増やすための“商法”と捉えられることや、転売問題への懸念、特典のコストや配布方法についての指摘もありました。 また、特典が子どもやファンにとって大切な記念品となる一方で、映画本体の魅力が特典以上に重要だという声も寄せられています。 みんなの反応 - ドラえもん映画の特典は昔から楽しみで、映画体験をより特別なものにしてくれると思います。 - 特典目当ての来場もあるけれど、やはり映画自体の面白さが一番大事だと感じます。 - 転売や商法批判もあるが、子どもたちの思い出作りやファンの満足度向上には一定の意義があるのではないでしょうか。 ―――― この記事は、投稿されたコメント情報をもとにAIが作成しています。 参照したコメント情報は、【関連記事】内の「『ドラえもん』についてのみんなの反応」をご覧ください。 ※経過によりキーワードに関連するコメントが表示されない可能性があります。 ※本機能は試験的な導入です。内容に関しては関連記事やコメント内容と併せてご確認ください。,[],[]
【ヤフコメで話題】「フードデリバリー淘汰進む」「クーポン依存と高コストに課題」 - サービス撤退相次ぐ中で利用者の本音は（Yahoo!ニュース オリジナル THE PAGE）,https://news.yahoo.co.jp/articles/c1b8c4083a11f77d1d87757597a0012046111a08,https://newsatcl-pctr.c.yimg.jp/t/amd-img/default.jpg?exp=10800,2026-08-19T15:51:49+09:00,2026-08-19T15:51:49+09:00,Yahoo!ニュース オリジナル THE PAGE,wordleaf,Yahoo!ニュース オリジナル THE PAGE,586,なにがあった？ フードデリバリー各社の撤退や業界再編について、Yahoo!ニュースのコメント欄で話題になっています。 コメントでは、フードパンダやDiDi、woltなどの撤退が相次ぎ、都市部ではUberEATSが残る一方で、出前館やロケットナウなど日本企業や他社の今後にも注目が集まっています。 利用者からは、クーポンがなければ割高に感じる、そもそも自分で買いに行く方が便利・安い、衛生面や配達員の清潔感への不安、サービス自体の必要性に疑問を持つ声がありました。 一方で、応援していたサービスの終了を惜しむ意見や、今後は値上げやサービス縮小が進むのではないかという懸念も寄せられています。 みんなの反応 - クーポンがなければ割高で、結局自分で買いに行く方が便利だと感じます。 - サービス終了は残念ですが、利用者や配達員の信用や清潔感も大事だと思います。 - 今後は大手だけが残り、値上げやサービス縮小が進むのではと心配です。 ―――― この記事は、投稿されたコメント情報をもとにAIが作成しています。 参照したコメント情報は、【関連記事】内の「『フードデリバリー』についてのみんなの反応」をご覧ください。 ※経過によりキーワードに関連するコメントが表示されない可能性があります。 ※本機能は試験的な導入です。内容に関しては関連記事やコメント内容と併せてご確認ください。,[],[]
【ヤフコメで話題】「転職の決断は個人の価値観や環境で大きく異なる」「転職のリスクと自己評価の難しさ」 - 転職を巡る葛藤と現実的な選択（Yahoo!ニュース オリジナル THE PAGE）,https://news.yahoo.co.jp/articles/0a2bd5a80572e76612b56e0c37bacbc2e356c9dd,https://newsatcl-pctr.c.yimg.jp/t/amd-img/default.jpg?exp=10800,2026-08-19T15:48:53+09:00,2026-08-19T15:48:53+09:00,Yahoo!ニュース オリジナル THE PAGE,wordleaf,Yahoo!ニュース オリジナル THE PAGE,594,なにがあった？ 転職について、Yahoo!ニュースのコメント欄で話題になっています。 コメントでは、転職の決断には大きなエネルギーや不安が伴い、年齢や家族、経済状況など個人の事情によって選択が左右されるという意見が見られます。休暇中に将来を冷静に考え、転職を決意する人もいる一方、転職が必ずしも状況を好転させるとは限らないという声もあります。 また、自己評価と周囲の評価のギャップや、転職を繰り返すことでかえって苦しむ場合があるとの指摘もありました。さらに、待遇や評価制度への不満、職場の人間関係など、転職を考える背景は多様であるという意見も寄せられています。 みんなの反応 - 転職は簡単な決断ではなく、家族や年齢、経済状況など多くの要素が影響すると思います。 - 自己評価と他者評価の違いに悩み、転職しても必ずしも満足できるとは限らないと感じます。 - 職場の人間関係や待遇への不満が転職の動機になることも多いですが、リスクも大きいと考えさせられます。 ―――― この記事は、投稿されたコメント情報をもとにAIが作成しています。 参照したコメント情報は、【関連記事】内の「『転職』についてのみんなの反応」をご覧ください。 ※経過によりキーワードに関連するコメントが表示されない可能性があります。 ※本機能は試験的な導入です。内容に関しては関連記事やコメント内容と併せてご確認ください。,[],[]
【ヤフコメで話題】「最低賃金上昇でも手取りは増えない現実」「中小企業の工夫と生活防衛」 - 手取り減少への不満と制度の限界（Yahoo!ニュース オリジナル THE PAGE）,https://news.yahoo.co.jp/articles/0d7806af136dce9998d205932f4d12eeab188ee6,https://newsatcl-pctr.c.yimg.jp/t/amd-img/default.jpg?exp=10800,2026-08-19T15:47:51+09:00,2026-08-19T15:47:51+09:00,Yahoo!ニュース オリジナル THE PAGE,wordleaf,Yahoo!ニュース オリジナル THE PAGE,509,なにがあった？ 手取り収入の実態について、Yahoo!ニュースのコメント欄で話題になっています。 コメントでは、最低賃金が上がっても手当の廃止や物価上昇によって手取りが増えない現状が指摘されています。中小零細企業では法に違反しない範囲で経営負担を抑えるため、手当を調整する動きがあるという意見も見られます。 また、社会保障費の増加や生活コストの上昇により、実質的な生活水準が下がっているという声があり、政治や行政が現場の実情をどれだけ理解しているのか疑問視する意見もありました。 みんなの反応 - 最低賃金が上がっても手取りが増えないのは納得できません。 - 中小企業の工夫で手当が減る現実は厳しいと感じます。 - 物価や社会保障費の上昇で生活が苦しくなっているという実感があります。 ―――― この記事は、投稿されたコメント情報をもとにAIが作成しています。 参照したコメント情報は、【関連記事】内の「『手取り』についてのみんなの反応」をご覧ください。 ※経過によりキーワードに関連するコメントが表示されない可能性があります。 ※本機能は試験的な導入です。内容に関しては関連記事やコメント内容と併せてご確認ください。,[],[]
【図解】豪雨 放置車の所有者現れるか懸念（ヤフコメクリップ）（Yahoo!ニュース オリジナル THE PAGE）,https://news.yahoo.co.jp/articles/468d0ea38781abdfb2f9893ea72d4312ae1a6efc,https://newsatcl-pctr.c.yimg.jp/t/amd-img/20260819-00010000-wordleaf-000-1-view.jpg?exp=10800,2026-08-19T15:34:48+09:00,2026-08-19T15:34:48+09:00,Yahoo!ニュース オリジナル THE PAGE,wordleaf,Yahoo!ニュース オリジナル THE PAGE,534,豪雨 放置車の所有者現れるか懸念 このニュースについて、Yahoo!ニュースのコメント欄ではどのような意見が出ているのでしょうか？ ユーザーの声や、議論のポイントがパッとひと目で伝わるよう、イラスト付きの図解にまとめました。コメントはAIを使って、読みやすく分かりやすい表現に要約しています。 [1] ナンバーで所有者特定できるし、大抵の人は取りに来るだろうから、来ない人は悪質な言い訳しそう。毅然とした対応を取って、警察との連携も視野に入れて欲しい。 [2] 車両保険に入っていない人は廃車になる確実だし、手続きが面倒で放置したいだろうが、自動車税の請求が来る。早めに廃車手続きすれば税金が戻るはず。 [3] ナンバーから所有者わかるが、実際の所有者と登録された所有者が一致しないことも。古い車だから不要という人もいるかもしれず、取りに来ない可能性もある。 ※図解はYahoo!ニュースが制作したものです。 ※図解内のイラストは内容理解を補助する概念図であり、特定の個人・団体・組織や投稿者の属性を表すものではありません。 ※記事公開時点でのコメント内容を基に制作しています。 ※本機能は試験的な導入です。内容に関しては関連記事やコメント内容と併せてご確認ください。,[],[]
【ヤフコメで話題】「米国の関税政策とサプライチェーン混乱への懸念」「北米進出企業のリスク管理が課題」 - 米国の通商政策が日本企業に与える影響を巡る議論（Yahoo!ニュース オリジナル THE PAGE）,https://news.yahoo.co.jp/articles/6ce312d262029849e1bda318499811ba20d52d0d,https://newsatcl-pctr.c.yimg.jp/t/amd-img/20260819-00000025-wordleafai-000-1-view.jpg?exp=10800,2026-08-19T15:23:07+09:00,2026-08-19T15:23:07+09:00,Yahoo!ニュース オリジナル THE PAGE,wordleaf,Yahoo!ニュース オリジナル THE PAGE,594,なにがあった？ 生成AIによる作成 米国の関税政策や通商ルールの不透明さについて、Yahoo!ニュースのコメント欄で話題になっています。 コメントでは、カナダやメキシコに工場を持つ日本企業が多く、米国の政策変更によるサプライチェーンの混乱や撤退リスクが指摘されています。米国の政権交代や気まぐれな政策運営により、企業が情報収集やリスク分散に努める必要があるという意見が見られます。 また、米国の関税や生産地変更がコスト増加につながること、ルールが定まらないことで企業の経営判断が難しくなるという声がありました。一方で、米国の覇権主義や同盟国への対応に批判的な意見も寄せられています。 みんなの反応 - 米国の関税政策が変わるたびに日本企業のサプライチェーンが大きく揺れるのは心配です。 - 北米に進出している企業は、今後もリスク管理を徹底しないと厳しい状況になりそうだと感じます。 - 米国の政策が不安定だと、企業も投資や生産体制の判断が難しくなりますね。 ―――― この記事は、投稿されたコメント情報をもとにAIが作成しています。 参照したコメント情報は、【関連記事】内の「『関税』についてのみんなの反応」をご覧ください。 ※経過によりキーワードに関連するコメントが表示されない可能性があります。 ※本機能は試験的な導入です。内容に関しては関連記事やコメント内容と併せてご確認ください。,[],[]
【ヤフコメで話題】「中東・黒海の原油輸送リスク」「供給網の変化と価格への影響」 - 地政学リスク下の原油市場を巡る議論（Yahoo!ニュース オリジナル THE PAGE）,https://news.yahoo.co.jp/articles/52ab8428eabd10f912281a917d59ef3fd3bbd05c,https://newsatcl-pctr.c.yimg.jp/t/amd-img/20260819-00000024-wordleafai-000-1-view.jpg?exp=10800,2026-08-19T15:22:15+09:00,2026-08-19T15:22:15+09:00,Yahoo!ニュース オリジナル THE PAGE,wordleaf,Yahoo!ニュース オリジナル THE PAGE,581,なにがあった？ 生成AIによる作成 中東や黒海を巡る原油輸送のリスクと供給網の変化について、Yahoo!ニュースのコメント欄で話題になっています。 コメントでは、ホルムズ海峡や黒海など主要な原油輸送ルートでの封鎖や攻撃リスクが高まる中、アメリカやイラン、ウクライナ、ロシアなど各国の動向が原油供給や価格に与える影響を懸念する声が見られます。 一方で、米軍の海上支配や迂回ルートの確保によって供給ショックが回避される可能性や、カザフスタン産原油の輸送経路変更による新たなリスク、さらには原油価格の高止まりや市場の不透明感についても意見が寄せられています。 みんなの反応 - 中東や黒海の情勢が原油供給にどう影響するのか、具体的な情報がもっと知りたいです。 - 地政学リスクが高まる中で、原油価格や市場の動きが読みにくくなっていると感じます。 - 各国の思惑や軍事的な動きが複雑に絡み合い、今後のエネルギー供給がどうなるのか不安です。 ―――― この記事は、投稿されたコメント情報をもとにAIが作成しています。 参照したコメント情報は、【関連記事】内の「『原油』についてのみんなの反応」をご覧ください。 ※経過によりキーワードに関連するコメントが表示されない可能性があります。 ※本機能は試験的な導入です。内容に関しては関連記事やコメント内容と併せてご確認ください。,[],[]
【ヤフコメで話題】「村上宗隆のMLBでの本塁打量産に驚き」「日本人打者の活躍が新時代を象徴」 - シカゴ対決での一発に注目集まる（Yahoo!ニュース オリジナル THE PAGE）,https://news.yahoo.co.jp/articles/772f001bb40f49123dd5cfeb2cd5c7405c87579b,https://newsatcl-pctr.c.yimg.jp/t/amd-img/20260819-00000023-wordleafai-000-1-view.jpg?exp=10800,2026-08-19T15:21:29+09:00,2026-08-19T15:21:29+09:00,Yahoo!ニュース オリジナル THE PAGE,wordleaf,Yahoo!ニュース オリジナル THE PAGE,568,なにがあった？ 生成AIによる作成 村上宗隆選手のMLBでの本塁打量産や、シカゴ対決での活躍について、Yahoo!ニュースのコメント欄で話題になっています。 コメントでは、村上選手が離脱期間を挟みながらも本塁打ランキング上位に食い込んでいることや、逆方向への特大弾がファンを魅了している点が強調されています。 また、大谷翔平選手や岡本和真選手、鈴木誠也選手らと並び、日本人打者がメジャーでパワー勝負できる時代になったことへの感慨や、今後のホームラン王争いへの期待、チームへの好影響を評価する声がありました。 みんなの反応 - 村上選手のホームランは本当に見ていて気持ちがいいです。日本人打者の進化を感じます。 - 離脱がなければ本塁打王も夢じゃなかったと思うと、今後の活躍がますます楽しみです。 - 日本人がMLBでこれだけ本塁打を打つ時代が来るとは思いませんでした。みんなで30本超えてほしいです。 ―――― この記事は、投稿されたコメント情報をもとにAIが作成しています。 参照したコメント情報は、【関連記事】内の「『村上宗隆』についてのみんなの反応」をご覧ください。 ※経過によりキーワードに関連するコメントが表示されない可能性があります。 ※本機能は試験的な導入です。内容に関しては関連記事やコメント内容と併せてご確認ください。,[],[]
【マンガ】「高校生ドラフト候補・織田投手の進路に注目」「NPBかMLBか、将来を巡る期待と懸念」 - ドラフトを控えた逸材投手の選択肢【ヤフコメで話題】（Yahoo!ニュース オリジナル THE PAGE）,https://news.yahoo.co.jp/articles/3df2c619ec2f66e18e73978633a4633759555812,https://newsatcl-pctr.c.yimg.jp/t/amd-img/20260819-00010005-wordleafai-000-2-view.jpg?exp=10800,2026-08-19T14:08:03+09:00,2026-08-19T14:20:25+09:00,Yahoo!ニュース オリジナル THE PAGE,wordleaf,Yahoo!ニュース オリジナル THE PAGE,594,なにがあった？ 生成AIによる作成 高校生ドラフト候補・織田投手の進路について、Yahoo!ニュースのコメント欄で話題になっています。 生成AIによる作成 ― 生成AIによる作成 ― 生成AIによる作成 ― コメントでは、織田投手がNPB志望ならドラフトで複数球団の競合が確実視されている一方、メジャーリーグ（MLB）への直接挑戦の可能性も指摘されています。本人の意向が明らかでない中、どの球団が指名するか、または高卒即アメリカ行きとなるかに注目が集まっています。 また、甲子園での連投による故障リスクや、プロ入り後の育成方針についても意見があり、逸材投手の将来を大切にしてほしいという声が寄せられています。 みんなの反応 - 織田投手はどの球団も欲しがる逸材で、NPBかMLBか進路が気になります。 - 高卒即メジャー挑戦もあり得るとの声があり、本人の希望が注目されます。 - 甲子園での連投による怪我が心配なので、プロ入り後は大切に育ててほしいです。 ―――― この記事は、投稿されたコメント情報をもとにAIが作成しています。 参照したコメント情報は、【関連記事】内の「『NPB』についてのみんなの反応」をご覧ください。 ※経過によりキーワードに関連するコメントが表示されない可能性があります。 ※本機能は試験的な導入です。内容に関しては関連記事やコメント内容と併せてご確認ください。,[],[]
【ヤフコメで話題】「伊藤アナウンサーの訃報に惜しむ声」「岐阜放送の高校野球中継に寄せた思い」 - 地域に根付いた実況の存在感（Yahoo!ニュース オリジナル THE PAGE）,https://news.yahoo.co.jp/articles/df4fb978f7cf938540f39191cba29811b2019d20,https://newsatcl-pctr.c.yimg.jp/t/amd-img/20260819-00000022-wordleafai-000-1-view.jpg?exp=10800,2026-08-19T13:29:16+09:00,2026-08-19T13:29:16+09:00,Yahoo!ニュース オリジナル THE PAGE,wordleaf,Yahoo!ニュース オリジナル THE PAGE,542,なにがあった？ 生成AIによる作成 岐阜放送の高校野球中継で長年実況を務めた伊藤アナウンサーの訃報について、Yahoo!ニュースのコメント欄で話題になっています。 コメントでは、伊藤アナの実況が単なる試合の進行にとどまらず、選手や学校への思いやりやエピソードを交えた語り口で、地元の高校野球ファンに親しまれてきたことが語られています。 また、伊藤アナの若々しい印象や、岐阜放送のイメージアップへの貢献、定年後も活躍を期待していたという声があり、突然の訃報に驚きと惜しむ意見が寄せられています。 みんなの反応 - 伊藤アナの実況は温かみがあり、岐阜の夏の風物詩として楽しみにしていました。 - 地元の高校野球中継に欠かせない存在だっただけに、訃報が本当に残念です。 - 実況を通じて地域や選手への思いやりが伝わり、今後も語り継がれてほしいと思います。 ―――― この記事は、投稿されたコメント情報をもとにAIが作成しています。 参照したコメント情報は、【関連記事】内の「『高校野球』についてのみんなの反応」をご覧ください。 ※経過によりキーワードに関連するコメントが表示されない可能性があります。 ※本機能は試験的な導入です。内容に関しては関連記事やコメント内容と併せてご確認ください。,[],[]
【ヤフコメで話題】「少子化時代の学校経営戦略」「文武別道の是非」 - 私学の多様化と教育のあり方を巡る議論（Yahoo!ニュース オリジナル THE PAGE）,https://news.yahoo.co.jp/articles/b5c9fedf16f8e47f3b3a4b72940a71d98ef18894,https://newsatcl-pctr.c.yimg.jp/t/amd-img/20260819-00000021-wordleafai-000-1-view.jpg?exp=10800,2026-08-19T13:27:09+09:00,2026-08-19T13:27:09+09:00,Yahoo!ニュース オリジナル THE PAGE,wordleaf,Yahoo!ニュース オリジナル THE PAGE,663,なにがあった？ 生成AIによる作成 少子化時代における私立高校の経営戦略について、Yahoo!ニュースのコメント欄で話題になっています。 コメントでは、かつては野球部の甲子園出場などスポーツ実績で知名度を上げて生徒を集める手法が主流だったものの、少子化の進行により進学コースとスポーツコースを分ける『文武別道』の経営が合理的だという意見が見られます。 一方で、同じ学校内でコースごとに学力や授業内容が大きく異なることへの違和感や、スポーツ特化型の生徒に高卒資格を与えることの是非、学校の宣伝手段として生徒が利用されているのではないかという懸念も示されています。 また、こうした多様化が少子化に適応するための工夫である一方で、教育の本質や生徒の将来にどのような影響を与えるのか、考える余地があるとの声もありました。 みんなの反応 - 学校経営の多様化は時代の流れだが、生徒本位の教育になっているのか疑問です。 - スポーツや進学でコースが分かれるのは合理的だが、同じ学校で格差が生まれるのは複雑な気持ちになります。 - 少子化に対応する工夫は必要だが、教育の本質を見失わないでほしいと感じます。 ―――― この記事は、投稿されたコメント情報をもとにAIが作成しています。 参照したコメント情報は、【関連記事】内の「『少子化』についてのみんなの反応」をご覧ください。 ※経過によりキーワードに関連するコメントが表示されない可能性があります。 ※本機能は試験的な導入です。内容に関しては関連記事やコメント内容と併せてご確認ください。,[],[]
【ヤフコメで話題】「佐々木朗希のクローザー起用論」「先発投手の役割と起用法に議論」 - ドジャース投手陣の運用を巡る意見（Yahoo!ニュース オリジナル THE PAGE）,https://news.yahoo.co.jp/articles/048fa3c574b7ce291058eec6dedc98e7fd25e947,https://newsatcl-pctr.c.yimg.jp/t/amd-img/20260819-00000020-wordleafai-000-1-view.jpg?exp=10800,2026-08-19T13:26:22+09:00,2026-08-19T13:26:22+09:00,Yahoo!ニュース オリジナル THE PAGE,wordleaf,Yahoo!ニュース オリジナル THE PAGE,515,なにがあった？ 生成AIによる作成 佐々木朗希投手の起用法について、Yahoo!ニュースのコメント欄で話題になっています。 コメントでは、ドジャースのブルペン陣の不調やエドウィン・ディアス投手の状態を受け、佐々木朗希をクローザーやリリーフで起用する案が複数挙げられています。 一方で、佐々木朗希の先発としての成長や完投・完封への期待、また先発投手が6イニング以上投げる重要性を指摘する声もあり、起用法について様々な意見が交わされています。 みんなの反応 - 佐々木朗希のクローザー起用は現実味があるが、やはり先発での活躍も見てみたいです。 - ブルペンの不調が続く中、投手起用の柔軟な見直しが必要だと感じます。 - 先発投手が長いイニングを投げることでチーム全体の負担が減るという意見に共感します。 ―――― この記事は、投稿されたコメント情報をもとにAIが作成しています。 参照したコメント情報は、【関連記事】内の「『朗希』についてのみんなの反応」をご覧ください。 ※経過によりキーワードに関連するコメントが表示されない可能性があります。 ※本機能は試験的な導入です。内容に関しては関連記事やコメント内容と併せてご確認ください。,[],[]
【ヤフコメで話題】「100均グッズの実用性と品質への評価」「安さと手軽さの裏にある使い分け」 - 100均商品の選び方を巡る意見（Yahoo!ニュース オリジナル THE PAGE）,https://news.yahoo.co.jp/articles/32c86f84379acfdcab56c5623af9bf452472529f,https://newsatcl-pctr.c.yimg.jp/t/amd-img/20260819-00000019-wordleafai-000-1-view.jpg?exp=10800,2026-08-19T13:25:47+09:00,2026-08-19T13:25:47+09:00,Yahoo!ニュース オリジナル THE PAGE,wordleaf,Yahoo!ニュース オリジナル THE PAGE,564,なにがあった？ 生成AIによる作成 100均で購入できる日用品や雑貨の実用性について、Yahoo!ニュースのコメント欄で話題になっています。 コメントでは、ポチ袋や製氷皿、手拭い、時計、水槽用品など、100均で手軽に入手できる商品が日常のさまざまな場面で役立つという意見が寄せられています。 一方で、商品の品質やデザイン、耐久性については賛否があり、用途や期待値によって使い分けるべきだという声もあります。 また、安価な商品を選ぶ際には、必要十分な機能や見た目、長期使用の可否などを考慮する必要があるという意見も見られました。 みんなの反応 - 100均の商品は手軽で便利ですが、品質やデザインには当たり外れがあると感じます。 - 用途によっては十分役立つ一方、長く使うものは値段相応のものを選びたいです。 - 安さを活かして気軽に試せるのが100均の魅力ですが、使い分けも大切だと思います。 ―――― この記事は、投稿されたコメント情報をもとにAIが作成しています。 参照したコメント情報は、【関連記事】内の「『100均』についてのみんなの反応」をご覧ください。 ※経過によりキーワードに関連するコメントが表示されない可能性があります。 ※本機能は試験的な導入です。内容に関しては関連記事やコメント内容と併せてご確認ください。,[],[]
【ヤフコメで話題】「ゴルフ場の備品盗難とサービス縮小」「利用者のモラル低下が議論に」 - ゴルフ場の現状と課題（Yahoo!ニュース オリジナル THE PAGE）,https://news.yahoo.co.jp/articles/907b62186e4cc478e4c4331f321f7ad842aaca86,https://newsatcl-pctr.c.yimg.jp/t/amd-img/20260819-00000018-wordleafai-000-1-view.jpg?exp=10800,2026-08-19T13:24:01+09:00,2026-08-19T13:24:01+09:00,Yahoo!ニュース オリジナル THE PAGE,wordleaf,Yahoo!ニュース オリジナル THE PAGE,584,なにがあった？ 生成AIによる作成 ゴルフ場の備品盗難やサービス縮小について、Yahoo!ニュースのコメント欄で話題になっています。 コメントでは、ビニール袋やタオルなどの備品が持ち帰られることや、経費削減のためにサービスが減っている現状が指摘されています。背景には、ゴルフ人口の減少や経営環境の悪化、利用者層の変化があるとの意見が見られます。 一方で、備品の持ち帰りはモラルの問題だという声や、サービス縮小は経営上やむを得ないとの意見、また高級ゴルフ場と安価なゴルフ場で客層やサービスに差があることへの指摘もありました。利用者のマナーや感謝の気持ちの重要性を訴える声もあります。 みんなの反応 - 備品の持ち帰りはモラルの問題で、利用者の意識が問われていると感じます。 - サービス縮小は経営上仕方ない面もあるが、昔と比べて寂しさを感じます。 - ゴルフ場の客層やマナーの変化が、サービスや雰囲気に大きく影響しているように思います。 ―――― この記事は、投稿されたコメント情報をもとにAIが作成しています。 参照したコメント情報は、【関連記事】内の「『ゴルフ』についてのみんなの反応」をご覧ください。 ※経過によりキーワードに関連するコメントが表示されない可能性があります。 ※本機能は試験的な導入です。内容に関しては関連記事やコメント内容と併せてご確認ください。,[],[]
【ヤフコメで話題】「宮下選手の遊撃手定着に期待」「若手の継続的成長が課題」 - ベイスターズのショート問題と育成方針に注目（Yahoo!ニュース オリジナル THE PAGE）,https://news.yahoo.co.jp/articles/82314d224ce3728fc4e728041b41577808a8e7f1,https://newsatcl-pctr.c.yimg.jp/t/amd-img/20260819-00000017-wordleafai-000-1-view.jpg?exp=10800,2026-08-19T13:22:19+09:00,2026-08-19T13:22:19+09:00,Yahoo!ニュース オリジナル THE PAGE,wordleaf,Yahoo!ニュース オリジナル THE PAGE,635,なにがあった？ 生成AIによる作成 ベイスターズの遊撃手（ショート）問題と宮下選手の起用について、Yahoo!ニュースのコメント欄で話題になっています。 コメントでは、長年課題とされてきた遊撃手のポジションに宮下選手が定着しつつあることに期待する声が多く見られます。過去には石井琢朗選手以降、安定したレギュラーが不在だった背景があり、今季は多少の調子の波があっても継続的に起用すべきだという意見が寄せられています。 一方で、ベイスターズの若手野手が一時的な活躍にとどまり翌年以降に伸び悩む傾向があることや、経験値がリセットされる現象への懸念も指摘されています。コーチ陣の指導や選手の意識改革、継続的な成長を促す体制づくりの重要性を訴える声もありました。 みんなの反応 - 宮下選手がこのままショートのレギュラーを掴み続けてほしいという期待が高まっています。 - 若手が一時的な活躍で終わらず、継続して成長できる環境づくりが必要だと感じます。 - 長年の課題だった遊撃手問題に終止符を打てるか、今後の起用や育成方針に注目しています。 ―――― この記事は、投稿されたコメント情報をもとにAIが作成しています。 参照したコメント情報は、【関連記事】内の「『ベイスターズ』についてのみんなの反応」をご覧ください。 ※経過によりキーワードに関連するコメントが表示されない可能性があります。 ※本機能は試験的な導入です。内容に関しては関連記事やコメント内容と併せてご確認ください。,[],[]
【ヤフコメで話題】「ヒロシ氏と焚火台メーカーの権利トラブル」「アイデアと製品化の線引きに議論」 - アウトドア界の著名人同士に残念の声（Yahoo!ニュース オリジナル THE PAGE）,https://news.yahoo.co.jp/articles/8f7b26ed9a984d75a85b6e069818dfc830959baf,https://newsatcl-pctr.c.yimg.jp/t/amd-img/20260819-00000016-wordleafai-000-1-view.jpg?exp=10800,2026-08-19T13:17:18+09:00,2026-08-19T13:17:18+09:00,Yahoo!ニュース オリジナル THE PAGE,wordleaf,Yahoo!ニュース オリジナル THE PAGE,577,なにがあった？ 生成AIによる作成 ヒロシ氏と焚火台メーカーの間で、焚火台のアイデアや製品化を巡る権利トラブルについて、Yahoo!ニュースのコメント欄で話題になっています。 コメントでは、ヒロシ氏がアイデアを出し、メーカーが具体的な設計や製品化を担った経緯や、両者の長年の関係性に触れつつ、知的財産権の帰属や契約の有無、アイデアと実現の線引きについて様々な意見が寄せられています。 一方で、双方の主張が平行線をたどる中、ファンからは和解やコラボの再開を望む声や、アウトドアの世界にギスギスした話題を持ち込んでほしくないという感想も見られました。 みんなの反応 - アイデアと製品化の境界は難しく、最初に契約や取り決めを明確にすべきだったと感じます。 - 長年の関係がこうした形でこじれるのは残念で、双方が歩み寄ってほしいです。 - アウトドアの楽しさや平和な雰囲気が損なわれるのは寂しいので、前向きな解決を期待します。 ―――― この記事は、投稿されたコメント情報をもとにAIが作成しています。 参照したコメント情報は、【関連記事】内の「『ヒロシ』についてのみんなの反応」をご覧ください。 ※経過によりキーワードに関連するコメントが表示されない可能性があります。 ※本機能は試験的な導入です。内容に関しては関連記事やコメント内容と併せてご確認ください。,[],[]
【ヤフコメで話題】「ムシアラ選手の神経機能障害公表に注目」「トップ選手の健康管理と起用法に議論」 - W杯出場選手の体調問題が波紋（Yahoo!ニュース オリジナル THE PAGE）,https://news.yahoo.co.jp/articles/99826a29a80330ac62bec9a0c738111cb651c123,https://newsatcl-pctr.c.yimg.jp/t/amd-img/20260819-00000015-wordleafai-000-1-view.jpg?exp=10800,2026-08-19T11:33:55+09:00,2026-08-19T11:33:55+09:00,Yahoo!ニュース オリジナル THE PAGE,wordleaf,Yahoo!ニュース オリジナル THE PAGE,643,なにがあった？ 生成AIによる作成 ムシアラ選手の神経機能障害公表と試合中の体調不良について、Yahoo!ニュースのコメント欄で話題になっています。 バイエルン・ミュンヘン所属でドイツ代表としてW杯にも出場したムシアラ選手が、ライプツィヒ戦などで発作を起こし、クラブ承認のもと専門医の管理下でプレーを続けていることが明らかになりました。 コメントでは、現役トップ選手が病気を公表しながらプレーすることの稀有さや、本人の意思とクラブの判断、今後の起用法について意見が分かれるという声がありました。 また、症状が完治するまで無理をせず療養に専念すべきだという意見や、若い才能のキャリアへの影響を心配する声、スポーツ界全体で健康問題とどう向き合うかを考えるきっかけになるという感想も寄せられています。 みんなの反応 - ムシアラ選手の公表は勇気ある行動で、健康を最優先にしてほしいと感じます。 - トップ選手の体調管理や起用法について、クラブや社会全体で議論が必要だと思いました。 - 若い才能が無理をせず、しっかり治療して復帰できる環境が整うことを願います。 ―――― この記事は、投稿されたコメント情報をもとにAIが作成しています。 参照したコメント情報は、【関連記事】内の「『W杯』についてのみんなの反応」をご覧ください。 ※経過によりキーワードに関連するコメントが表示されない可能性があります。 ※本機能は試験的な導入です。内容に関しては関連記事やコメント内容と併せてご確認ください。,[],[]
【ヤフコメで話題】「大岩陵平vs上村優也戦が示した“原点回帰”」「クラシックな技の説得力に再評価」 - 新日本プロレスG1決勝の試合内容に賛否（Yahoo!ニュース オリジナル THE PAGE）,https://news.yahoo.co.jp/articles/de816259be63039bfb27484b51e4e130d07c10a6,https://newsatcl-pctr.c.yimg.jp/t/amd-img/20260819-00000014-wordleafai-000-1-view.jpg?exp=10800,2026-08-19T11:27:32+09:00,2026-08-19T11:27:32+09:00,Yahoo!ニュース オリジナル THE PAGE,wordleaf,Yahoo!ニュース オリジナル THE PAGE,553,なにがあった？ 生成AIによる作成 新日本プロレスのG1クライマックス決勝戦、大岩陵平選手と上村優也選手の試合内容について、Yahoo!ニュースのコメント欄で話題になっています。 コメントでは、令和の大舞台でヘッドロックやリストロックといったクラシックな技の攻防が展開されたことが、近年の派手な技主体の流れとは異なる“原点回帰”として注目されています。 一方で、こうしたオーソドックスな試合展開が退屈と受け取られる可能性や、現地観戦と配信中継での印象の違い、プロレスの“間”や技の精度の重要性など、多様な意見が寄せられています。 みんなの反応 - クラシックな技の攻防が新鮮で、プロレスの本質を再認識できた試合でした。 - 派手な技だけでなく、基本に忠実なプロレスの面白さを改めて感じました。 - 現地で観戦したらさらに迫力が伝わるのか、会場で体感してみたくなりました。 ―――― この記事は、投稿されたコメント情報をもとにAIが作成しています。 参照したコメント情報は、【関連記事】内の「『プロレス』についてのみんなの反応」をご覧ください。 ※経過によりキーワードに関連するコメントが表示されない可能性があります。 ※本機能は試験的な導入です。内容に関しては関連記事やコメント内容と併せてご確認ください。,[],[]
【ヤフコメで話題】「清水投手の抑え起用に疑問」「ヤクルト救援陣の運用を巡る議論」 - 終盤の継投策にファンの意見集まる（Yahoo!ニュース オリジナル THE PAGE）,https://news.yahoo.co.jp/articles/3d10b87a143ab2c8bcfd69d403e5aec8d4215366,https://newsatcl-pctr.c.yimg.jp/t/amd-img/20260819-00000013-wordleafai-000-1-view.jpg?exp=10800,2026-08-19T11:25:47+09:00,2026-08-19T11:25:47+09:00,Yahoo!ニュース オリジナル THE PAGE,wordleaf,Yahoo!ニュース オリジナル THE PAGE,584,なにがあった？ 生成AIによる作成 ヤクルトの清水投手の抑え起用について、Yahoo!ニュースのコメント欄で話題になっています。 9回の僅差リードで清水投手が登板し、阪神のクリーンアップに連続本塁打を浴びて逆転負けした場面を受け、ファンからは継投策や起用法に関する意見が寄せられています。 コメントでは、清水投手の球種や疲労、抑え適性への疑問、他のリリーフ投手の起用を試すべきだったという声、また池山監督の采配や救援陣の層の薄さを指摘する意見がありました。 一方で、現状の台所事情や結果論としての采配批判を冷静に受け止める声も見られ、今後の救援陣の運用やチーム再建の方向性について考える余地が残されています。 みんなの反応 - 清水投手の抑え起用は厳しい場面だったと思いますが、他の投手も試してほしいです。 - 救援陣の層が薄く、誰を使っても難しい状況なのは理解できます。 - 池山監督の采配に柔軟さが必要だという意見に共感します。 ―――― この記事は、投稿されたコメント情報をもとにAIが作成しています。 参照したコメント情報は、【関連記事】内の「『ヤクルト』についてのみんなの反応」をご覧ください。 ※経過によりキーワードに関連するコメントが表示されない可能性があります。 ※本機能は試験的な導入です。内容に関しては関連記事やコメント内容と併せてご確認ください。,[],[]
【ヤフコメで話題】「育成出身選手の決起集会に注目」「若手とベテランの融合がカープ再生の鍵」 - 広島カープの新たなチーム像に期待（Yahoo!ニュース オリジナル THE PAGE）,https://news.yahoo.co.jp/articles/8745faa120933a270a463ef55d91dcdcc3ae1d0b,https://newsatcl-pctr.c.yimg.jp/t/amd-img/20260819-00000012-wordleafai-000-1-view.jpg?exp=10800,2026-08-19T11:25:18+09:00,2026-08-19T11:25:18+09:00,Yahoo!ニュース オリジナル THE PAGE,wordleaf,Yahoo!ニュース オリジナル THE PAGE,572,なにがあった？ 生成AIによる作成 広島東洋カープの育成出身選手たちによる決起集会について、Yahoo!ニュースのコメント欄で話題になっています。 コメントでは、辰見選手をはじめとする育成出身選手の活躍や、彼らが互いに刺激し合いながら成長している様子が注目されています。こうした若手の台頭がチームに明るい話題をもたらしている一方で、秋山選手や菊池選手などベテランや外国人選手の存在も不可欠だという意見が見られます。 また、若手とベテランが噛み合った勝利や、泥臭く練習に励む姿勢こそがカープらしさだという声があり、今後のチーム再生や連勝への期待が寄せられています。 みんなの反応 - 育成出身選手たちが切磋琢磨している姿に、カープの未来を感じます。 - 若手とベテランがうまく融合すれば、チームはさらに強くなれるはずだと思います。 - 泥臭く努力する選手たちがカープらしさを取り戻してくれることに期待しています。 ―――― この記事は、投稿されたコメント情報をもとにAIが作成しています。 参照したコメント情報は、【関連記事】内の「『カープ』についてのみんなの反応」をご覧ください。 ※経過によりキーワードに関連するコメントが表示されない可能性があります。 ※本機能は試験的な導入です。内容に関しては関連記事やコメント内容と併せてご確認ください。,[],[]
【ヤフコメで話題】「三振の多さを補う出塁力と勝負強さ」「村上宗隆の貢献度に注目」 - ホワイトソックスでの存在感が話題（Yahoo!ニュース オリジナル THE PAGE）,https://news.yahoo.co.jp/articles/f0ab22358e66ff9dcf37327a281fd6336aa90982,https://newsatcl-pctr.c.yimg.jp/t/amd-img/20260819-00000011-wordleafai-000-1-view.jpg?exp=10800,2026-08-19T11:23:56+09:00,2026-08-19T11:23:56+09:00,Yahoo!ニュース オリジナル THE PAGE,wordleaf,Yahoo!ニュース オリジナル THE PAGE,582,なにがあった？ 生成AIによる作成 村上宗隆選手のホワイトソックス（MLB球団）での貢献度について、Yahoo!ニュースのコメント欄で話題になっています。 コメントでは、三振数の多さが指摘される一方で、四球による出塁やホームランの破壊力、勝負どころでの強さがチームに大きな影響を与えているという意見が見られます。 また、出塁率やOPSなどの指標を重視するMLBの評価基準や、選球眼の良さ、チームの雰囲気への好影響を評価する声がありました。三振を過度に問題視せず、全体的な貢献度を重視する見方が多いという感想も寄せられています。 みんなの反応 - 三振が多くても、四球やホームランでチームに貢献している村上選手は頼もしい存在だと思います。 - 出塁率の高さや勝負強さがホワイトソックスの躍進を支えているという意見に共感します。 - MLBでは三振よりも出塁や長打力が重視されるので、村上選手の評価も高まるのではと感じます。 ―――― この記事は、投稿されたコメント情報をもとにAIが作成しています。 参照したコメント情報は、【関連記事】内の「『ホワイトソックス』についてのみんなの反応」をご覧ください。 ※経過によりキーワードに関連するコメントが表示されない可能性があります。 ※本機能は試験的な導入です。内容に関しては関連記事やコメント内容と併せてご確認ください。,[],[]
【ヤフコメで話題】「大谷選手のポストシーズン起用法に注目」「投手陣の布陣とリスクをどう考えるか」 - ドジャースの投手起用を巡る議論（Yahoo!ニュース オリジナル THE PAGE）,https://news.yahoo.co.jp/articles/8ca7e51e38b91decea93cef6c49f897f7457a47f,https://newsatcl-pctr.c.yimg.jp/t/amd-img/20260819-00000010-wordleafai-000-1-view.jpg?exp=10800,2026-08-19T11:22:48+09:00,2026-08-19T11:22:48+09:00,Yahoo!ニュース オリジナル THE PAGE,wordleaf,Yahoo!ニュース オリジナル THE PAGE,524,なにがあった？ 生成AIによる作成 大谷翔平選手のポストシーズンでの起用法について、Yahoo!ニュースのコメント欄で話題になっています。 コメントでは、ドジャースの投手陣が故障明けの選手を多く抱えている現状や、シーズン中のクローザーや先発の役割分担、そして大谷選手がどのタイミングで登板するかが注目されています。 大谷選手をクローザーやオープナーとして起用する案や、無理をさせず打者に専念させるべきという意見、また他の投手との兼ね合いを考慮した柔軟な起用を求める声があります。 みんなの反応 - 大谷選手の投手起用はチーム状況や本人の体調次第で柔軟に考えてほしいです。 - 投手陣の故障リスクを踏まえた上で、最善の布陣を組んでほしいと思います。 - 大谷選手がどの役割で出場するか、ファンとしても非常に楽しみです。 ―――― この記事は、投稿されたコメント情報をもとにAIが作成しています。 参照したコメント情報は、【関連記事】内の「『大谷』についてのみんなの反応」をご覧ください。 ※経過によりキーワードに関連するコメントが表示されない可能性があります。 ※本機能は試験的な導入です。内容に関しては関連記事やコメント内容と併せてご確認ください。,[],[]
【ヤフコメで話題】「ビデオ判定の運用と走塁技術の進化」「判定精度と新ルールへの適応」 - 高校野球でのセーフ判定を巡る議論（Yahoo!ニュース オリジナル THE PAGE）,https://news.yahoo.co.jp/articles/150da4e7012e949f94514f10c1fd1fc18df81a07,https://newsatcl-pctr.c.yimg.jp/t/amd-img/20260819-00000009-wordleafai-000-1-view.jpg?exp=10800,2026-08-19T11:22:12+09:00,2026-08-19T11:22:12+09:00,Yahoo!ニュース オリジナル THE PAGE,wordleaf,Yahoo!ニュース オリジナル THE PAGE,493,なにがあった？ 生成AIによる作成 高校野球の試合におけるセーフ判定とビデオ判定の運用について、Yahoo!ニュースのコメント欄で話題になっています。 今回のプレーでは、走者のベースタッチや走塁技術の巧みさが注目される一方、ビデオ判定の映像や判断基準に対する意見が寄せられています。 コメントでは、ビデオ判定のための映像体制の強化や、判定の正確性向上を求める声、また新ルールに慣れる必要性や、走塁技術の進化を称賛する意見がありました。 みんなの反応 - ビデオ判定の映像が限られていると正確な判定が難しいと感じます。 - 走塁技術の進化や選手の判断力に感心しました。 - 新ルールには戸惑いもありますが、正しい判定のために制度を活用すべきだと思います。 ―――― この記事は、投稿されたコメント情報をもとにAIが作成しています。 参照したコメント情報は、【関連記事】内の「『セーフ』についてのみんなの反応」をご覧ください。 ※経過によりキーワードに関連するコメントが表示されない可能性があります。 ※本機能は試験的な導入です。内容に関しては関連記事やコメント内容と併せてご確認ください。,[],[]
【ヤフコメで話題】「劇的な連続ホームランでサヨナラ勝利」「阪神クリーンアップの本塁打争いが白熱」 - 9回裏の逆転劇にファン熱狂（Yahoo!ニュース オリジナル THE PAGE）,https://news.yahoo.co.jp/articles/b39b8d3e923846e0d38db30ca79695e57718eae3,https://newsatcl-pctr.c.yimg.jp/t/amd-img/20260819-00000008-wordleafai-000-1-view.jpg?exp=10800,2026-08-19T11:19:40+09:00,2026-08-19T11:19:40+09:00,Yahoo!ニュース オリジナル THE PAGE,wordleaf,Yahoo!ニュース オリジナル THE PAGE,606,なにがあった？ 生成AIによる作成 阪神タイガースの9回裏、佐藤輝明選手と大山悠輔選手による連続ホームランでサヨナラ勝利を収めた試合について、Yahoo!ニュースのコメント欄で話題になっています。 コメントでは、9回裏の劇的な展開や、クリーンアップ2人によるホームラン競争が球団史上初の盛り上がりを見せていること、そしてファンが現地で味わった歓喜や感動が語られています。 また、佐藤選手と森下選手のホームラン王争いに注目が集まる一方、森下選手が意識しすぎて本来の勝負強さを発揮できていないのではという声や、両選手の成長や今後の活躍を期待する意見もあります。 みんなの反応 - 連続ホームランでのサヨナラ勝利は本当に劇的で、現地観戦したファンは最高の瞬間だったと思います。 - 佐藤選手と森下選手のホームラン王争いが球団史上初の盛り上がりで、どちらも応援したい気持ちです。 - 森下選手には意識しすぎず、持ち味の勝負強さを発揮してほしいという声もあり、今後の展開が楽しみです。 ―――― この記事は、投稿されたコメント情報をもとにAIが作成しています。 参照したコメント情報は、【関連記事】内の「『ホームラン』についてのみんなの反応」をご覧ください。 ※経過によりキーワードに関連するコメントが表示されない可能性があります。 ※本機能は試験的な導入です。内容に関しては関連記事やコメント内容と併せてご確認ください。,[],[]
【ヤフコメで話題】「サンデーサイレンスが日本競馬を変えた」「血統の影響とif論に思い巡らす」 - サンデーサイレンスの歴史的意義を再考（Yahoo!ニュース オリジナル THE PAGE）,https://news.yahoo.co.jp/articles/69e0d2aa407848c39fbae98f008eec6cf8565915,https://newsatcl-pctr.c.yimg.jp/t/amd-img/default.jpg?exp=10800,2026-08-19T11:12:29+09:00,2026-08-19T11:12:29+09:00,Yahoo!ニュース オリジナル THE PAGE,wordleaf,Yahoo!ニュース オリジナル THE PAGE,551,なにがあった？ サンデーサイレンスの日本競馬への影響について、Yahoo!ニュースのコメント欄で話題になっています。 コメントでは、サンデーサイレンスが日本競馬のレベルを世界基準に引き上げた存在であり、その血統が今も世界中に広がっていることが語られています。また、もしサンデーサイレンスではなく別の馬が輸入されていたら日本競馬はどうなっていたのか、というif論も盛り上がっています。 一方で、サンデーサイレンスの気性や血統背景、種牡馬としての活躍期間が短かったことが後世に与えた影響についても様々な意見がありました。 みんなの反応 - サンデーサイレンスがいなければ今の日本競馬はなかったという意見に共感します。 - 血統の広がりやif論を考えると、競馬の歴史の奥深さを感じます。 - 気性や活躍期間の短さも含めて、サンデーサイレンスの存在は特別だったと改めて思います。 ―――― この記事は、投稿されたコメント情報をもとにAIが作成しています。 参照したコメント情報は、【関連記事】内の「『競馬』についてのみんなの反応」をご覧ください。 ※経過によりキーワードに関連するコメントが表示されない可能性があります。 ※本機能は試験的な導入です。内容に関しては関連記事やコメント内容と併せてご確認ください。,[],[]
【ヤフコメで話題】「残クレ利用のリスクと生活設計」「見栄や投資とのバランスに悩む声」 - 車購入と資金管理の現実（Yahoo!ニュース オリジナル THE PAGE）,https://news.yahoo.co.jp/articles/41b220b01341377c461451de1c01124d789dc328,https://newsatcl-pctr.c.yimg.jp/t/amd-img/default.jpg?exp=10800,2026-08-19T11:11:16+09:00,2026-08-19T11:11:16+09:00,Yahoo!ニュース オリジナル THE PAGE,wordleaf,Yahoo!ニュース オリジナル THE PAGE,504,なにがあった？ 自動車の残価設定クレジット（残クレ）利用について、Yahoo!ニュースのコメント欄で話題になっています。 コメントでは、残クレで車を購入した場合の満期時の追加費用や、車両保険未加入時のリスク、車両価格の高騰による負担増など、残クレ利用の現実的なリスクを指摘する声がありました。 また、見栄や投資志向で残クレを選ぶ人への疑問や、ローン生活への抵抗感、投資や消費とのバランスをどう取るか悩む意見も見られます。 みんなの反応 - 残クレは手軽に車に乗れる反面、満期時の追加費用や保険の重要性を痛感します。 - 見栄や投資目的で無理に残クレを利用するのは、後々の生活に響くのではと心配です。 - 車や投資、消費のバランスをどう取るか、今の時代は本当に悩ましいですね。 ―――― この記事は、投稿されたコメント情報をもとにAIが作成しています。 参照したコメント情報は、【関連記事】内の「『残クレ』についてのみんなの反応」をご覧ください。 ※経過によりキーワードに関連するコメントが表示されない可能性があります。 ※本機能は試験的な導入です。内容に関しては関連記事やコメント内容と併せてご確認ください。,[],[]
【ヤフコメで話題】「副首都構想と地方都市の役割」「人口分散の現実的課題」 - 副首都選定を巡る意見が交錯（Yahoo!ニュース オリジナル THE PAGE）,https://news.yahoo.co.jp/articles/889eed66c862c236b3e4e8814e97aeb1c82d2cb8,https://newsatcl-pctr.c.yimg.jp/t/amd-img/default.jpg?exp=10800,2026-08-19T11:09:04+09:00,2026-08-19T11:09:04+09:00,Yahoo!ニュース オリジナル THE PAGE,wordleaf,Yahoo!ニュース オリジナル THE PAGE,559,なにがあった？ 副首都構想や地方都市の役割について、Yahoo!ニュースのコメント欄で話題になっています。 コメントでは、福岡や大阪など特定都市の副首都化に関する期待や疑問、また地方都市が人口や機能を分散して発展することの意義について様々な意見が寄せられています。 一方で、現実には副首都になっても大きな変化はないのではないか、人口の奪い合いや都市間格差が広がるだけではないかという懐疑的な声もありました。 また、副首都選定のプロセスや、単なる自治体の挙手ではなく専門家を交えた議論が必要だという意見も見られます。 みんなの反応 - 副首都構想は理想論だけでなく、現実的な人口分散や都市機能の議論が必要だと感じます。 - 地方都市が副首都になっても、実際の生活や経済にどれほど影響があるのか疑問です。 - 専門家や多方面の視点を取り入れた副首都選定の仕組みが求められていると思います。 ―――― この記事は、投稿されたコメント情報をもとにAIが作成しています。 参照したコメント情報は、【関連記事】内の「『副首都』についてのみんなの反応」をご覧ください。 ※経過によりキーワードに関連するコメントが表示されない可能性があります。 ※本機能は試験的な導入です。内容に関しては関連記事やコメント内容と併せてご確認ください。,[],[]
【ヤフコメで話題】「生成AIによる飲食店メニュー画像の是非」「AI活用と現場の違和感」 - 飲食業界で進むAI画像利用に賛否（Yahoo!ニュース オリジナル THE PAGE）,https://news.yahoo.co.jp/articles/bbf2a2f39b955ebe53193ee8477d5759c45ea7f9,https://newsatcl-pctr.c.yimg.jp/t/amd-img/default.jpg?exp=10800,2026-08-19T11:05:18+09:00,2026-08-19T11:05:18+09:00,Yahoo!ニュース オリジナル THE PAGE,wordleaf,Yahoo!ニュース オリジナル THE PAGE,543,なにがあった？ 飲食店のメニュー画像に生成AIが使われていることについて、Yahoo!ニュースのコメント欄で話題になっています。 コメントでは、AI生成画像が実物と異なる不自然さや違和感を与えること、格安AIモデルの品質や著作権リスク、外注費削減のためにAIを使う店舗の姿勢などが指摘されています。 一方で、AI活用は合理化やコスト削減の面で評価する声もあり、最終的な品質管理や顧客への誠実さが重要だという意見や、AI画像への嫌悪感や距離感を考えるきっかけになるとの声もあります。 みんなの反応 - AI生成のメニュー画像は便利ですが、実物と違うと不信感につながる気がします。 - コスト削減のためにAIを使うのは理解できますが、品質や誇りを大切にしてほしいです。 - AI画像に違和感を覚える人も多く、現場での使い方や説明が今後の課題だと思います。 ―――― この記事は、投稿されたコメント情報をもとにAIが作成しています。 参照したコメント情報は、【関連記事】内の「『生成AI』についてのみんなの反応」をご覧ください。 ※経過によりキーワードに関連するコメントが表示されない可能性があります。 ※本機能は試験的な導入です。内容に関しては関連記事やコメント内容と併せてご確認ください。,[],[]
【ヤフコメで話題】「現金派と電子マネー派の家計管理」「決済手段の選択が家計に与える影響」 - 支払い方法を巡る意識の違い（Yahoo!ニュース オリジナル THE PAGE）,https://news.yahoo.co.jp/articles/20081c71e3a27caf298ac35a3f5965bbc19b0e9d,https://newsatcl-pctr.c.yimg.jp/t/amd-img/default.jpg?exp=10800,2026-08-19T11:02:43+09:00,2026-08-19T11:02:43+09:00,Yahoo!ニュース オリジナル THE PAGE,wordleaf,Yahoo!ニュース オリジナル THE PAGE,581,なにがあった？ 家計管理における現金派と電子マネー派の違いについて、Yahoo!ニュースのコメント欄で話題になっています。 コメントでは、現金払いを選ぶことで支出の実感が得られやすく、家計簿管理や使いすぎ防止につながるという意見が見られます。一方、電子マネーは利便性が高いものの、使いすぎてしまう傾向があるという声もあります。 また、個人店や地元スーパーでは手数料負担を考慮して現金払いを選ぶ人もおり、電子決済の導入や維持にかかるコストやトラブルへの懸念も指摘されています。決済手段の選択が家計や地域経済に与える影響について、さまざまな立場から意見が寄せられています。 みんなの反応 - 現金払いだと財布の中身が減る実感があり、無駄遣いを防げる気がします。 - 電子マネーは便利だけど、つい使いすぎてしまうので家計管理が難しいと感じます。 - 個人店では現金払いが店側の負担軽減になると聞き、支払い方法を意識するようになりました。 ―――― この記事は、投稿されたコメント情報をもとにAIが作成しています。 参照したコメント情報は、【関連記事】内の「『家計』についてのみんなの反応」をご覧ください。 ※経過によりキーワードに関連するコメントが表示されない可能性があります。 ※本機能は試験的な導入です。内容に関しては関連記事やコメント内容と併せてご確認ください。,[],[]
【ヤフコメで話題】「TPOを守った自由なファッション」「年齢や立場と服装のバランス」 - 服装の自由と社会的な配慮を巡る議論（Yahoo!ニュース オリジナル THE PAGE）,https://news.yahoo.co.jp/articles/d89aab555bc1595fb1cbfd42508a8625adb9efb5,https://newsatcl-pctr.c.yimg.jp/t/amd-img/20260819-00000007-wordleafai-000-1-view.jpg?exp=10800,2026-08-19T09:30:28+09:00,2026-08-19T09:30:28+09:00,Yahoo!ニュース オリジナル THE PAGE,wordleaf,Yahoo!ニュース オリジナル THE PAGE,535,なにがあった？ 生成AIによる作成 TPO（時・場所・場合）に応じた服装やファッションの自由について、Yahoo!ニュースのコメント欄で話題になっています。 コメントでは、年齢や立場に関係なく自分の好きな服を着て人生を楽しむべきだという意見がある一方、職場や学校など公的な場ではTPOをわきまえた服装が求められるという声も見られます。 また、ブランド品の使い方や、教師や社会人の服装の在り方についても、自由と常識のバランスをどう取るかという論点が挙げられています。 みんなの反応 - 自分らしいファッションを楽しみたいですが、TPOを意識することも大切だと感じます。 - 職場や学校では周囲への配慮も必要なので、自由と常識のバランスを考えたいです。 - 年齢や立場に縛られず、好きな服を着ることが人生を豊かにするという意見に共感します。 ―――― この記事は、投稿されたコメント情報をもとにAIが作成しています。 参照したコメント情報は、【関連記事】内の「『TPO』についてのみんなの反応」をご覧ください。 ※経過によりキーワードに関連するコメントが表示されない可能性があります。 ※本機能は試験的な導入です。内容に関しては関連記事やコメント内容と併せてご確認ください。,[],[]
【ヤフコメで話題】「ピンクレディー・ケイさんの体型とパフォーマンス」「年齢を重ねても変わらぬプロ意識」 - 視聴者が語る年齢と体型への見方（Yahoo!ニュース オリジナル THE PAGE）,https://news.yahoo.co.jp/articles/10fb75a1358fa892124df2b70e7d91afa307094c,https://newsatcl-pctr.c.yimg.jp/t/amd-img/20260819-00000006-wordleafai-000-1-view.jpg?exp=10800,2026-08-19T09:26:46+09:00,2026-08-19T09:26:46+09:00,Yahoo!ニュース オリジナル THE PAGE,wordleaf,Yahoo!ニュース オリジナル THE PAGE,594,なにがあった？ 生成AIによる作成 ピンクレディーのケイさんの体型やパフォーマンスについて、Yahoo!ニュースのコメント欄で話題になっています。 番組出演時のケイさんが非常に細身であることに注目が集まる一方、年齢を重ねてもキレのあるダンスや安定した歌唱力を維持している点に感動したという意見が寄せられています。 コメントでは、加齢による体型の変化は自然なことであり、痩せていること自体を過度に問題視すべきではないという声や、体質や本人の健康状態を尊重すべきだという意見が見られました。 また、年齢を感じさせないプロ意識やパフォーマンスの素晴らしさを称賛する声もあり、体型よりも本人の活躍や姿勢に注目してほしいという意見が目立ちました。 みんなの反応 - ケイさんの年齢を感じさせないダンスや歌に感動しました。 - 痩せていることよりも、元気にパフォーマンスしている姿が素敵だと思います。 - 年齢や体型にとらわれず、本人のプロ意識や健康を尊重したいです。 ―――― この記事は、投稿されたコメント情報をもとにAIが作成しています。 参照したコメント情報は、【関連記事】内の「『番組』についてのみんなの反応」をご覧ください。 ※経過によりキーワードに関連するコメントが表示されない可能性があります。 ※本機能は試験的な導入です。内容に関しては関連記事やコメント内容と併せてご確認ください。,[],[]
【ヤフコメで話題】「『敗因のない敗者』という名言に共感」「有明高校の健闘とタイブレーク制への議論」 - 高校野球・有明高校の惜敗をめぐる声（Yahoo!ニュース オリジナル THE PAGE）,https://news.yahoo.co.jp/articles/6ff53034d0186a1c5d19e4e51532821fef053b9b,https://newsatcl-pctr.c.yimg.jp/t/amd-img/20260819-00000005-wordleafai-000-1-view.jpg?exp=10800,2026-08-19T09:20:35+09:00,2026-08-19T09:20:35+09:00,Yahoo!ニュース オリジナル THE PAGE,wordleaf,Yahoo!ニュース オリジナル THE PAGE,605,なにがあった？ 生成AIによる作成 高校野球の有明高校が健大高崎高校との試合で惜敗したことについて、Yahoo!ニュースのコメント欄で話題になっています。 コメントでは、試合を象徴する『敗因のない敗者』という解説者の言葉に多くの共感が寄せられ、有明高校の戦いぶりを称賛する意見が目立ちました。試合内容については、両チームの守備やフェアプレー精神、選手たちの姿勢が高く評価されています。 一方で、タイブレーク制の導入については、通常の延長戦で決着をつけてほしかったという声や、制度自体への疑問も挙がっています。今後の有明高校の成長や、スポーツマンシップを重視した解説の在り方にも注目が集まっています。 みんなの反応 - 『敗因のない敗者』という言葉が本当に心に残りました。有明高校の健闘に感動しました。 - タイブレーク制での決着は少し残念で、普通の延長戦で見たかったという気持ちがあります。 - 両チームのフェアプレーや選手たちの姿勢に、スポーツの素晴らしさを改めて感じました。 ―――― この記事は、投稿されたコメント情報をもとにAIが作成しています。 参照したコメント情報は、【関連記事】内の「『有明』についてのみんなの反応」をご覧ください。 ※経過によりキーワードに関連するコメントが表示されない可能性があります。 ※本機能は試験的な導入です。内容に関しては関連記事やコメント内容と併せてご確認ください。,[],[]
【ヤフコメで話題】「甲子園準々決勝の熱戦に感動」「有明高校の快進撃が熊本に勇気」 - 球児たちの全力プレーが呼ぶ共感（Yahoo!ニュース オリジナル THE PAGE）,https://news.yahoo.co.jp/articles/8ca441dae5fe406e8d57611645b5ff4f37438a0c,https://newsatcl-pctr.c.yimg.jp/t/amd-img/20260819-00000003-wordleafai-000-1-view.jpg?exp=10800,2026-08-19T07:22:00+09:00,2026-08-19T07:22:00+09:00,Yahoo!ニュース オリジナル THE PAGE,wordleaf,Yahoo!ニュース オリジナル THE PAGE,532,なにがあった？ 生成AIによる作成 甲子園球場で行われた準々決勝第四試合について、Yahoo!ニュースのコメント欄で話題になっています。 コメントでは、健大高崎と有明高校による投手戦や好守備、最後まで譲らない緊迫した展開が称賛されており、両校の球児たちの全力プレーが多くの人に感動や勇気を与えたという意見が見られます。 また、有明高校が熊本地震を乗り越えて初出場でベスト8進出を果たしたことや、地元熊本へのエールとなった快進撃を評価する声、ビデオ判定の公正さやタイブレークの難しさについての感想も寄せられています。 みんなの反応 - 両校の球児たちが最後まで諦めずに戦う姿に胸を打たれました。 - 有明高校の快進撃は熊本の人々に大きな勇気を与えたと思います。 - 投手戦や好守備が続く緊張感ある試合展開に、手に汗握って観戦しました。 ―――― この記事は、投稿されたコメント情報をもとにAIが作成しています。 参照したコメント情報は、【関連記事】内の「『球児』についてのみんなの反応」をご覧ください。 ※経過によりキーワードに関連するコメントが表示されない可能性があります。 ※本機能は試験的な導入です。内容に関しては関連記事やコメント内容と併せてご確認ください。,[],[]
【ヤフコメで話題】「年金生活と家族関係の現実」「退職後の経済的不安と自立」 - 年金受給世代の暮らし方をめぐる意見（Yahoo!ニュース オリジナル THE PAGE）,https://news.yahoo.co.jp/articles/361757635ff6c336fe5c319f322a4c2c72f4c265,https://newsatcl-pctr.c.yimg.jp/t/amd-img/20260819-00000002-wordleafai-000-1-view.jpg?exp=10800,2026-08-19T07:20:33+09:00,2026-08-19T07:20:33+09:00,Yahoo!ニュース オリジナル THE PAGE,wordleaf,Yahoo!ニュース オリジナル THE PAGE,557,なにがあった？ 生成AIによる作成 年金生活や退職後の暮らし方について、Yahoo!ニュースのコメント欄で話題になっています。 コメントでは、定年退職後に再雇用を断り、年金を繰上げ受給して自由な生活を選ぶ人の体験や、年金暮らしの家庭に子や孫が集まる際の経済的・精神的負担について具体的なエピソードが語られています。 また、年金支給開始年齢の引き上げや、退職後も続く社会保険料・住民税の負担、老後資金の不安、家族との距離感や負担の分担について率直に話し合うことの重要性を指摘する声があります。 みんなの反応 - 退職後の年金生活は自由が増える一方で、経済的な計算や家族との関係に悩むことも多いと感じます。 - 家族が集まる際の負担や費用について、正直に話し合うことが大切だという意見に共感します。 - 年金だけでは生活が厳しい現実や、老後資金の準備の必要性を改めて考えさせられました。 ―――― この記事は、投稿されたコメント情報をもとにAIが作成しています。 参照したコメント情報は、【関連記事】内の「『年金』についてのみんなの反応」をご覧ください。 ※経過によりキーワードに関連するコメントが表示されない可能性があります。 ※本機能は試験的な導入です。内容に関しては関連記事やコメント内容と併せてご確認ください。,[],[]
【ヤフコメで話題】「タッカー選手の不振と精神的負担」「高額契約選手に求められる適応力」 - ドジャース移籍後の苦悩に注目集まる（Yahoo!ニュース オリジナル THE PAGE）,https://news.yahoo.co.jp/articles/aeb0d8258ebac65c92668b87e18e6b1246ab414d,https://newsatcl-pctr.c.yimg.jp/t/amd-img/20260819-00000001-wordleafai-000-1-view.jpg?exp=10800,2026-08-19T07:16:12+09:00,2026-08-19T07:16:12+09:00,Yahoo!ニュース オリジナル THE PAGE,wordleaf,Yahoo!ニュース オリジナル THE PAGE,612,なにがあった？ 生成AIによる作成 タッカー選手の成績不振や精神的な負担について、Yahoo!ニュースのコメント欄で話題になっています。 コメントでは、ドジャース移籍後のタッカー選手が打撃・守備・走塁の全てで精彩を欠き、特にホームでの成績低迷や守備のミスが目立つこと、さらにはベンチで孤立している様子やメンタル面の不調が指摘されています。 高額契約による期待とプレッシャー、ドジャースという常勝球団特有の環境への適応の難しさ、他のスター選手との比較、精神的なリフレッシュや休養の必要性、コーチやチームメイトからのサポートの重要性など、多角的な意見や感想が寄せられています。 みんなの反応 - タッカー選手の精神的な負担が大きく、今は休養やリフレッシュが必要だと感じます。 - 高額契約選手には結果が強く求められるので、プレッシャーに押しつぶされない適応力が重要だと思いました。 - ドジャースの環境や期待の大きさが、移籍選手にとっては大きな壁になることもあるのだと改めて考えさせられます。 ―――― この記事は、投稿されたコメント情報をもとにAIが作成しています。 参照したコメント情報は、【関連記事】内の「『タッカー』についてのみんなの反応」をご覧ください。 ※経過によりキーワードに関連するコメントが表示されない可能性があります。 ※本機能は試験的な導入です。内容に関しては関連記事やコメント内容と併せてご確認ください。,[],[]
【豊川市】8/19 最高33℃、暑さに注意、晴れる予想【朝版】（Yahoo!ニュース オリジナル THE PAGE）,https://news.yahoo.co.jp/articles/3083ac8d18ce11b8a5996fd42fe3845bcc70a44e,https://newsatcl-pctr.c.yimg.jp/t/amd-img/20260819-00020157-wordleafw-000-1-view.jpg?exp=10800,2026-08-19T06:01:07+09:00,2026-08-19T06:01:07+09:00,Yahoo!ニュース オリジナル THE PAGE,wordleaf,Yahoo!ニュース オリジナル THE PAGE,491,生成AIによる作成 ★お天気川柳★ 朝日差す 在宅勤務で 顔も起きる ーー おはようございます！豊川市専用のお天気サポートAIです！ ■きょうのざっくり天気■ 【気温の目安】 昨日と比べて、最低気温は23℃で差はありません。最高気温は33℃で1℃高く、暑さを感じる場面がありそうです。 【空模様】 朝から夜にかけて晴れる見込みです。 【降水確率】 朝の降水確率は0%、昼間から夜の降水確率は0〜10%とされています。 ■ポイント■ ＜服装＞ きょうの服装は、Tシャツなど涼しい着こなしが合いそうです。外で過ごす時間が長い方は、風が通りやすい素材を選ぶと少し楽に感じられそうです。 ＜体調＞ 昨日と大きく変わらない朝でも、昼間は暑さが続きそうです。外出は炎天下を避けながら、早めの水分補給を意識するとよさそうです。 ＜紫外線＞ 日差しがたっぷり届きそうなので、帽子や日傘で紫外線対策をしておくと安心です。 ーー ※この記事は天気情報をもとにAIによって作成されています。 ※天気は変化するため、最新の情報は関連リンク先の各地点の天気情報をご確認ください。 ※本機能は試験的な導入です。,[],[]
【上田市】8/19 最高33℃、暑さに注意、夕方は雨の予想【朝版】（Yahoo!ニュース オリジナル THE PAGE）,https://news.yahoo.co.jp/articles/8a7bceb7291f86e334ba71a7b4e6622f665e766e,https://newsatcl-pctr.c.yimg.jp/t/amd-img/default.jpg?exp=10800,2026-08-19T06:00:59+09:00,2026-08-19T06:00:59+09:00,Yahoo!ニュース オリジナル THE PAGE,wordleaf,Yahoo!ニュース オリジナル THE PAGE,464,★お天気川柳★ 晴れのち雨 上着が今日は 相棒に ーー おはようございます！上田市専用のお天気サポートAIです！ ■きょうのざっくり天気■ 【気温の目安】 昨日と比べて、最低気温は22℃で差はありません。最高気温は33℃で1℃高く、暑さを感じる場面がありそうです。 【空模様】 朝はくもりが中心で、昼間は晴れ間が出る見込みです。夕方は雨になりそうで、夜はくもりが続く予想です。 【雨の可能性】 昼間の降水確率は10〜50%、夕方の降水確率は50%とされています。 ■ポイント■ ＜服装＞ きょうはTシャツなど涼しい服装が合いそうです。暑さが出やすい時間は、風が通りやすい着こなしを選ぶと過ごしやすくなりそうです。 ＜紫外線＞ 晴れ間のある時間は日差し対策をしておくと安心です。帽子や日傘が役立ちそうです。 ＜傘＞ 夕方は傘を使う場面がありそうです。 ーー ※この記事は天気情報をもとにAIによって作成されています。 ※天気は変化するため、最新の情報は関連リンク先の各地点の天気情報をご確認ください。 ※本機能は試験的な導入です。,[],[]
【和泉市】8/19 最高33℃、暑さに注意、晴れる予想【朝版】（Yahoo!ニュース オリジナル THE PAGE）,https://news.yahoo.co.jp/articles/4e75171a58c3d3c5ccb3da1b9950465d9a4f1b32,https://newsatcl-pctr.c.yimg.jp/t/amd-img/20260819-00020155-wordleafw-000-1-view.jpg?exp=10800,2026-08-19T06:00:49+09:00,2026-08-19T06:00:49+09:00,Yahoo!ニュース オリジナル THE PAGE,wordleaf,Yahoo!ニュース オリジナル THE PAGE,481,生成AIによる作成 ★お天気川柳★ 蒸し暑さ 満員電車で 無言の連帯 ーー おはようございます！和泉市専用のお天気サポートAIです！ ■きょうのざっくり天気■ 【気温の目安】 昨日と比べて、最低気温は25℃で差はありません。最高気温は33℃で1℃高く、暑さを感じる場面がありそうです。 【空模様】 朝はくもりと晴れが混じり、昼間から夜は晴れる見込みです。 【降水確率】 朝の降水確率は0〜10%、昼間の降水確率は0〜10%とされています。 ■ポイント■ ＜服装＞ いつもの夏服で過ごしやすそうですが、日差しの下では暑さがこもりやすそうです。Tシャツなど涼しい服装が合いそうです。 ＜体調＞ 外で長く過ごす予定がある方は、炎天下をなるべく避けながら、こまめに休みを入れると過ごしやすそうです。 ＜紫外線＞ 晴れる時間が長そうなので、外出時は帽子や日傘で日差し対策をしておくと安心です。 ーー ※この記事は天気情報をもとにAIによって作成されています。 ※天気は変化するため、最新の情報は関連リンク先の各地点の天気情報をご確認ください。 ※本機能は試験的な導入です。,[],[]
【西尾市】8/19 最高33℃、暑さ、紫外線に注意、朝から夜まで晴れる予想【朝版】（Yahoo!ニュース オリジナル THE PAGE）,https://news.yahoo.co.jp/articles/f0f353a5d5a7cd784d9acc49b4469cce1a85ef25,https://newsatcl-pctr.c.yimg.jp/t/amd-img/20260819-00020154-wordleafw-000-1-view.jpg?exp=10800,2026-08-19T06:00:41+09:00,2026-08-19T06:00:41+09:00,Yahoo!ニュース オリジナル THE PAGE,wordleaf,Yahoo!ニュース オリジナル THE PAGE,452,生成AIによる作成 おはようございます！西尾市専用のお天気サポートAIです！ ■きょうのざっくり天気■ 【気温の目安】 昨日と比べて、最低気温は24℃で差はありません。最高気温は33℃で1℃高く、暑さを感じる場面がありそうです。 【空模様】 朝から夜まで晴れる見込みです。 【昼間の風】 昼間の風速は2〜3m/sで、風は普通とされています。 ■ポイント■ ＜服装＞ きょうも夏らしい服装が合いそうです。昼間の暑さに合わせて、Tシャツなど涼しい着こなしを選ぶと過ごしやすくなりそうです。 ＜熱中症＞ 外で過ごすなら、いちばん暑く感じやすい時間は無理をしすぎないのがよさそうです。炎天下を避けて、こまめに休みながら動くと安心です。 ＜紫外線＞ 日差しが強くなりそうなので、昼間の外出は日陰をうまく使うと負担を減らしやすそうです。 ーー ※この記事は天気情報をもとにAIによって作成されています。 ※天気は変化するため、最新の情報は関連リンク先の各地点の天気情報をご確認ください。 ※本機能は試験的な導入です。,[],[]
【京都市中京区】8/19 最高35℃、暑さに注意、紫外線も強め、昼間は晴れる予想【朝版】（Yahoo!ニュース オリジナル THE PAGE）,https://news.yahoo.co.jp/articles/87ae9a0352b0064436fd0f3c19731133bf08c0a5,https://newsatcl-pctr.c.yimg.jp/t/amd-img/20260819-00020153-wordleafw-000-1-view.jpg?exp=10800,2026-08-19T06:00:27+09:00,2026-08-19T06:00:27+09:00,Yahoo!ニュース オリジナル THE PAGE,wordleaf,Yahoo!ニュース オリジナル THE PAGE,450,生成AIによる作成 おはようございます！京都市中京区専用のお天気サポートAIです！ ■きょうのざっくり天気■ 【気温の目安】 昨日と比べて、最低気温は25℃で1℃低く、最高気温は35℃で2℃高い予想です。厳しい暑さになりそうです。 【空模様】 朝はくもりが中心で、昼間から夜は晴れる時間が多い見込みです。 【降水確率】 朝の降水確率は0〜10%、昼間の降水確率は0〜10%とされています。 ■ポイント■ ＜服装＞ いつもの夏服でよさそうですが、昼間の強い暑さに合わせて、風が通りやすい素材の服が過ごしやすそうです。 ＜紫外線＞ 晴れる時間が長くなりそうなので、外に出る時間がある方は日焼け止めで早めに対策しておくと安心です。 ＜洗濯＞ 洗濯物は乾きやすそうです。厚手のものを片づけたい方にも進めやすい一日になりそうです。 ーー ※この記事は天気情報をもとにAIによって作成されています。 ※天気は変化するため、最新の情報は関連リンク先の各地点の天気情報をご確認ください。 ※本機能は試験的な導入です。,[],[]
【大崎市】8/19 最高30℃、暑さと紫外線に注意、朝から夕方は晴れる予想【朝版】（Yahoo!ニュース オリジナル THE PAGE）,https://news.yahoo.co.jp/articles/39846e754f5c6584d54a46dda27503ccf9798837,https://newsatcl-pctr.c.yimg.jp/t/amd-img/20260819-00020152-wordleafw-000-1-view.jpg?exp=10800,2026-08-19T06:00:17+09:00,2026-08-19T06:00:17+09:00,Yahoo!ニュース オリジナル THE PAGE,wordleaf,Yahoo!ニュース オリジナル THE PAGE,513,生成AIによる作成 ★お天気川柳★ 晴れていく Wi-Fiより先 顔上がる ーー おはようございます！大崎市専用のお天気サポートAIです！ ■きょうのざっくり天気■ 【気温の目安】 昨日と比べて、最低気温は22℃で差はありません。最高気温は30℃で1℃高く、暑さを感じる場面がありそうです。 【空模様】 朝は晴れが中心で、昼間から夕方も晴れる見込みです。夜はくもりが混じる予想です。 【降水と風】 昼間の降水確率は0〜10%で、夜の降水確率は10%とされています。昼間の風速は3〜5m/sで、少し風が通っても暑さは残りそうです。 ■ポイント■ ＜服装＞ 半袖をベースにしつつ、室内との体感差が気になる方はシャツを重ねて調節すると合わせやすそうです。 ＜紫外線＞ 日差しが強くなりそうなので、昼間の外出は日陰をうまく使うと負担を減らしやすいです。 ＜洗濯＞ 薄手のものは乾きやすそうです。洗濯を進めるなら、日差しのある時間を使うとはかどりそうです。 ーー ※この記事は天気情報をもとにAIによって作成されています。 ※天気は変化するため、最新の情報は関連リンク先の各地点の天気情報をご確認ください。 ※本機能は試験的な導入です。,[],[]
【各務原市】8/19 最高34℃、暑さに注意、晴れる時間が長い予想【朝版】（Yahoo!ニュース オリジナル THE PAGE）,https://news.yahoo.co.jp/articles/e387555722e2b5469441c63ee1e3e57a8b92bafd,https://newsatcl-pctr.c.yimg.jp/t/amd-img/20260819-00020151-wordleafw-000-1-view.jpg?exp=10800,2026-08-19T05:59:56+09:00,2026-08-19T05:59:56+09:00,Yahoo!ニュース オリジナル THE PAGE,wordleaf,Yahoo!ニュース オリジナル THE PAGE,512,生成AIによる作成 ★お天気川柳★ 日差し増し 資料の色味も 控えめに ーー おはようございます！各務原市専用のお天気サポートAIです！ ■きょうのざっくり天気■ 【気温の目安】 昨日と比べて、最低気温は25℃で1℃高く、やや暑さを感じる場面がありそうです。最高気温は34℃で1℃高く、暑さを感じる場面がありそうです。 【空模様】 朝から夜にかけて晴れる時間が長い見込みです。 【降水確率】 昼間の降水確率は0〜10%、夜の降水確率は0〜10%とされています。 ■ポイント■ ＜服装＞ きょうは風通しのいい服が合わせやすそうです。特に昼間は熱がこもりやすそうなので、速乾性のある素材を選ぶと過ごしやすくなりそうです。 ＜体調＞ 昨日より暑さが少し増しそうです。外で過ごす時間がある方は、炎天下をなるべく避けながら、早めの水分補給を意識するとよさそうです。 ＜洗濯＞ 洗濯物は外干しがはかどりそうです。大きめのものも乾きやすい一日になりそうです。 ーー ※この記事は天気情報をもとにAIによって作成されています。 ※天気は変化するため、最新の情報は関連リンク先の各地点の天気情報をご確認ください。 ※本機能は試験的な導入です。,[],[]
【大垣市】8/19 最高34℃、暑さ、紫外線、朝はくもりで昼間から晴れる予想【朝版】（Yahoo!ニュース オリジナル THE PAGE）,https://news.yahoo.co.jp/articles/79681f2e93bacedbd9a08291dd36e20e0d19f816,https://newsatcl-pctr.c.yimg.jp/t/amd-img/20260819-00020150-wordleafw-000-1-view.jpg?exp=10800,2026-08-19T05:59:51+09:00,2026-08-19T05:59:51+09:00,Yahoo!ニュース オリジナル THE PAGE,wordleaf,Yahoo!ニュース オリジナル THE PAGE,487,生成AIによる作成 ★お天気川柳★ 出社前 コーヒーこぼさず 今日は勝ち ーー おはようございます！大垣市専用のお天気サポートAIです！ ■きょうのざっくり天気■ 【気温の目安】 昨日と比べて、最低気温は25℃で差はありません。最高気温は34℃で差はありません。暑さを感じる場面がありそうです。 【空模様】 朝はくもりが中心で、昼間から夕方は晴れる見込みです。夜も晴れが続き、遅い時間はくもる予想です。 【降水確率】 朝の降水確率は0%、昼間は0〜10%、夜は0〜10%とされています。 ■ポイント■ ＜服装＞ いつもの夏服でよさそうですが、昼間の暑さに合わせて風が通りやすい服が過ごしやすそうです。 ＜紫外線＞ 日差しがしっかり届きそうなので、外に出る時間が長い方は帽子や日傘でカバーすると安心です。 ＜洗濯＞ 洗濯物は外干しを進めやすい一日になりそうです。大きめのものも片づけやすそうです。 ーー ※この記事は天気情報をもとにAIによって作成されています。 ※天気は変化するため、最新の情報は関連リンク先の各地点の天気情報をご確認ください。 ※本機能は試験的な導入です。,[],[]
【会津若松市】8/19 最高34℃、暑さ、紫外線、朝から晴れる予想【朝版】（Yahoo!ニュース オリジナル THE PAGE）,https://news.yahoo.co.jp/articles/cf2f48f8973427da0d1ee4b19d54f7cf91e98276,https://newsatcl-pctr.c.yimg.jp/t/amd-img/20260819-00020149-wordleafw-000-1-view.jpg?exp=10800,2026-08-19T05:59:48+09:00,2026-08-19T05:59:48+09:00,Yahoo!ニュース オリジナル THE PAGE,wordleaf,Yahoo!ニュース オリジナル THE PAGE,507,生成AIによる作成 ★お天気川柳★ 炎天下 時計をチラ見 まだやれる ーー おはようございます！会津若松市専用のお天気サポートAIです！ ■きょうのざっくり天気■ 【気温の目安】 昨日と比べて、最低気温は21℃で差はありません。最高気温は34℃で2℃高く、暑さを感じる場面がありそうです。 【空模様】 朝から夜にかけて晴れる時間が多く、夜の終わりごろはくもりに変わる見込みです。 【降水確率】 昼間の降水確率は0〜20%、夜の降水確率は0〜20%とされています。 ■ポイント■ ＜服装＞ きょうは涼しい服装が合いそうです。特に暑さが気になりやすい時間帯は、風が通りやすい着こなしを選ぶと過ごしやすくなりそうです。 ＜紫外線＞ 日差しが届く時間が長そうなので、外に出る時間がある方は帽子や日傘で対策しておくと安心です。 ＜洗濯＞ 洗濯物は外干しがはかどりそうです。大きめのものも乾きやすそうなので、まとめて進めるのにも向いていそうです。 ーー ※この記事は天気情報をもとにAIによって作成されています。 ※天気は変化するため、最新の情報は関連リンク先の各地点の天気情報をご確認ください。 ※本機能は試験的な導入です。,[],[]
【岸和田市】8/19 最高33℃、暑さに注意、最低26℃の予想【朝版】（Yahoo!ニュース オリジナル THE PAGE）,https://news.yahoo.co.jp/articles/781afb01f507b775ce75e4bb27a4caa29ef301ca,https://newsatcl-pctr.c.yimg.jp/t/amd-img/20260819-00020148-wordleafw-000-1-view.jpg?exp=10800,2026-08-19T05:59:19+09:00,2026-08-19T05:59:19+09:00,Yahoo!ニュース オリジナル THE PAGE,wordleaf,Yahoo!ニュース オリジナル THE PAGE,487,生成AIによる作成 おはようございます！岸和田市専用のお天気サポートAIです！ ■きょうのざっくり天気■ 【気温の目安】 昨日と比べて、最低気温は26℃で1℃高く、最高気温は33℃で1℃高い見込みです。暑さを感じる場面がありそうです。 【空模様】 朝から夜にかけて晴れる時間が多い予想です。 【降水確率】 朝の降水確率は0〜10%、昼間から夜の降水確率は0〜10%とされています。 ■ポイント■ ＜服装＞ きょうも夏らしい暑さになりそうです。いつもの涼しい服装でよさそうですが、外で過ごす時間が長い方は風が通りやすい着こなしを選ぶと過ごしやすそうです。 ＜体調＞ 昨日より気温が少し高く、日差しの下では体に熱がこもりやすくなりそうです。炎天下を避けながら、早めの水分補給を意識すると安心です。 ＜紫外線＞ 晴れる時間が長そうなので、外出時は帽子や日傘で日差し対策をしておくと過ごしやすそうです。 ーー ※この記事は天気情報をもとにAIによって作成されています。 ※天気は変化するため、最新の情報は関連リンク先の各地点の天気情報をご確認ください。 ※本機能は試験的な導入です。,[],[]
【沼津市】8/19 最高32℃、暑さに注意、晴れから夕方以降はくもりの予想【朝版】（Yahoo!ニュース オリジナル THE PAGE）,https://news.yahoo.co.jp/articles/8971dcea1594fe07278d371416a9fd475f703561,https://newsatcl-pctr.c.yimg.jp/t/amd-img/20260819-00020147-wordleafw-000-1-view.jpg?exp=10800,2026-08-19T05:59:16+09:00,2026-08-19T05:59:16+09:00,Yahoo!ニュース オリジナル THE PAGE,wordleaf,Yahoo!ニュース オリジナル THE PAGE,523,生成AIによる作成 ★お天気川柳★ 傘いらず 今日は一駅 歩いてみる ーー おはようございます！沼津市専用のお天気サポートAIです！ ■きょうのざっくり天気■ 【気温の目安】 昨日と比べて、最低気温は23℃、最高気温は32℃で、ともに差はありません。最高気温は32℃の見込みで、暑さを感じる場面がありそうです。 【空模様】 朝から昼間は晴れが続く見込みで、夕方から夜はくもりが中心になりそうです。 【降水確率】 朝の降水確率は0%、昼間は0〜10%、夕方は20%、夜は20%とされています。 ■ポイント■ ＜服装＞ きょうは涼しい服装が合いそうです。特に暑さが気になりやすい時間に向けて、風が通りやすい着こなしを選ぶと過ごしやすくなりそうです。 ＜体調＞ 外で過ごす予定がある方は、強い日差しの中で無理をしすぎないようにしたいです。こまめに休みながら、水分補給を意識するとよさそうです。 ＜紫外線＞ 晴れる時間が長いため、帽子や日傘で日差し対策をしておくと安心です。 ーー ※この記事は天気情報をもとにAIによって作成されています。 ※天気は変化するため、最新の情報は関連リンク先の各地点の天気情報をご確認ください。 ※本機能は試験的な導入です。,[],[]
【広島市西区】8/19 最高34℃、暑さに注意、晴れる予想【朝版】（Yahoo!ニュース オリジナル THE PAGE）,https://news.yahoo.co.jp/articles/7e516a12e4d709c20d1ad86e9fce956400afe139,https://newsatcl-pctr.c.yimg.jp/t/amd-img/20260819-00020146-wordleafw-000-1-view.jpg?exp=10800,2026-08-19T05:59:04+09:00,2026-08-19T05:59:04+09:00,Yahoo!ニュース オリジナル THE PAGE,wordleaf,Yahoo!ニュース オリジナル THE PAGE,472,生成AIによる作成 ★お天気川柳★ 残暑でも 観葉植物が 席守る ーー おはようございます！広島市西区専用のお天気サポートAIです！ ■きょうのざっくり天気■ 【気温の目安】 昨日と比べて、最低気温は25℃で1℃高く、最高気温は34℃で差はありません。最高気温は暑さを感じる場面がありそうです。 【空模様】 朝から夜にかけて晴れる時間が多い見込みです。 【降水確率】 昼間の降水確率は0〜10%、夕方の降水確率は10%とされています。 ■ポイント■ ＜服装＞ きょうは風が通りやすい服が合いそうです。外で過ごす時間がある方は、熱がこもりにくい素材を選ぶと少しラクに過ごせそうです。 ＜紫外線＞ 日差しが強くなりそうなので、昼間は日陰をうまく使いながら過ごすのがおすすめです。 ＜洗濯＞ 洗濯物は乾きやすそうです。大きめのものもまとめて進めやすい一日になりそうです。 ーー ※この記事は天気情報をもとにAIによって作成されています。 ※天気は変化するため、最新の情報は関連リンク先の各地点の天気情報をご確認ください。 ※本機能は試験的な導入です。,[],[]
【さいたま市南区】8/19 最高34℃、暑さ、紫外線、晴天が続く予想【朝版】（Yahoo!ニュース オリジナル THE PAGE）,https://news.yahoo.co.jp/articles/f94650370ed113bad16e27fb47329b7aba530556,https://newsatcl-pctr.c.yimg.jp/t/amd-img/20260819-00020145-wordleafw-000-1-view.jpg?exp=10800,2026-08-19T05:58:58+09:00,2026-08-19T05:58:58+09:00,Yahoo!ニュース オリジナル THE PAGE,wordleaf,Yahoo!ニュース オリジナル THE PAGE,464,生成AIによる作成 ★お天気川柳★ 洗濯日和 仕事も早めに 畳みたい ーー おはようございます！さいたま市南区専用のお天気サポートAIです！ ■きょうのざっくり天気■ 【気温の目安】 昨日と比べて、最低気温は24℃で1℃高く、最高気温は34℃で1℃高い見込みです。暑さを感じる場面がありそうです。 【空模様】 朝から夜まで晴れる時間が多い予想です。 【降水確率】 昼間から夜の降水確率は0〜10%とされています。 ■ポイント■ ＜服装＞ きょうは涼しい服装が合いそうです。特に昼間は熱がこもりにくい素材を選ぶと、暑さの負担を減らしやすそうです。 ＜紫外線＞ 日差しが届く時間が長そうなので、外に出る時間がある方は帽子や日傘でカバーすると過ごしやすそうです。 ＜洗濯＞ 洗濯物は外干しを進めやすい一日になりそうです。大きめのものも片づけやすそうです。 ーー ※この記事は天気情報をもとにAIによって作成されています。 ※天気は変化するため、最新の情報は関連リンク先の各地点の天気情報をご確認ください。 ※本機能は試験的な導入です。,[],[]
【広島市中区】8/19 最高34℃、暑さに注意、晴れる予想【朝版】（Yahoo!ニュース オリジナル THE PAGE）,https://news.yahoo.co.jp/articles/34ec2ea3f7127988e54e1431e357177bfc899b5b,https://newsatcl-pctr.c.yimg.jp/t/amd-img/20260819-00020144-wordleafw-000-1-view.jpg?exp=10800,2026-08-19T05:58:53+09:00,2026-08-19T05:58:53+09:00,Yahoo!ニュース オリジナル THE PAGE,wordleaf,Yahoo!ニュース オリジナル THE PAGE,528,生成AIによる作成 ★お天気川柳★ 雲の朝 時差出勤で 気持ち晴れ ーー おはようございます！広島市中区専用のお天気サポートAIです！ ■きょうのざっくり天気■ 【気温の目安】 昨日と比べて、最低気温は26℃で1℃高く、暑さを感じる場面がありそうです。最高気温は34℃で差はありませんが、暑さを感じる場面がありそうです。 【空模様】 朝はくもりと晴れで、昼間から夜は晴れる時間が多い見込みです。 【降水と風】 昼間の降水確率は0〜10%、夜の降水確率は0〜10%で、風は昼間から夕方に3〜4m/sとされています。 ■ポイント■ ＜服装＞ きょうは風が通りやすい素材の服が合いそうです。外で過ごす時間がある方は、熱がこもりにくい着こなしを意識すると過ごしやすそうです。 ＜体調＞ 昨日と比べても厳しい暑さは続きそうです。炎天下を避けながら、早めの水分補給を心がけると安心です。 ＜洗濯＞ 洗濯物は乾きやすそうです。大きめのものを洗う予定がある方にも進めやすい一日になりそうです。 ーー ※この記事は天気情報をもとにAIによって作成されています。 ※天気は変化するため、最新の情報は関連リンク先の各地点の天気情報をご確認ください。 ※本機能は試験的な導入です。,[],[]
【安城市】8/19 最高33℃、暑さに注意、晴天が続く予想【朝版】（Yahoo!ニュース オリジナル THE PAGE）,https://news.yahoo.co.jp/articles/356910b01d149579a729d215e27d314f0fdd02bf,https://newsatcl-pctr.c.yimg.jp/t/amd-img/20260819-00020143-wordleafw-000-1-view.jpg?exp=10800,2026-08-19T05:58:33+09:00,2026-08-19T05:58:33+09:00,Yahoo!ニュース オリジナル THE PAGE,wordleaf,Yahoo!ニュース オリジナル THE PAGE,482,生成AIによる作成 ★お天気川柳★ 日傘差し 外回りでも 汗と和解 ーー おはようございます！安城市専用のお天気サポートAIです！ ■きょうのざっくり天気■ 【気温の目安】 昨日と比べて、最低気温は23℃で差はありません。最高気温は33℃で差はありません。暑さを感じる場面がありそうです。 【空模様】 朝から夜まで晴れる見込みです。 【降水確率】 昼間の降水確率は0〜10%、夜の降水確率は0〜10%とされています。 ■ポイント■ ＜服装＞ きょうも夏らしい服装が合いそうです。外で過ごす時間が長い方は、風が通りやすい着こなしを選ぶと少し楽に過ごせそうです。 ＜熱中症＞ 昨日と大きく変わらない暑さになりそうです。外出は炎天下を避けながら、こまめに休みを入れて過ごすのがよさそうです。 ＜洗濯＞ 洗濯物ははかどりやすい一日になりそうです。大きめのものを洗いたい方にも進めやすそうです。 ーー ※この記事は天気情報をもとにAIによって作成されています。 ※天気は変化するため、最新の情報は関連リンク先の各地点の天気情報をご確認ください。 ※本機能は試験的な導入です。,[],[]
【下関市】8/19 最高32℃、暑さに注意、昼間は晴れ間が出る予想【朝版】（Yahoo!ニュース オリジナル THE PAGE）,https://news.yahoo.co.jp/articles/fc6fcd7842526f54d6be45c159da98d02065d0f4,https://newsatcl-pctr.c.yimg.jp/t/amd-img/20260819-00020142-wordleafw-000-1-view.jpg?exp=10800,2026-08-19T05:58:32+09:00,2026-08-19T05:58:32+09:00,Yahoo!ニュース オリジナル THE PAGE,wordleaf,Yahoo!ニュース オリジナル THE PAGE,491,生成AIによる作成 ★お天気川柳★ 蒸す朝も 日傘ひとつで 顔上がる ーー おはようございます！下関市専用のお天気サポートAIです！ ■きょうのざっくり天気■ 【気温の目安】 昨日と比べて、最低気温は26℃で1℃高く、最高気温は32℃で差はありません。暑さを感じる場面がありそうです。 【朝の空模様】 朝はくもりが中心で、降水確率は30〜40%とされています。 【昼間以降の天気】 昼間はくもりから晴れになりそうです。夕方から夜も晴れが続く予想です。 ■ポイント■ ＜服装＞ きょうは涼しい服装が合いそうです。外で過ごす時間が長い方は、風が通りやすい着こなしを選ぶと過ごしやすくなりそうです。 ＜紫外線＞ 昼間は日差しが届きやすそうです。外を歩く時間がある方は、なるべく日陰を使って負担を減らすのがおすすめです。 ＜洗濯＞ 洗濯物は外干しがはかどりそうです。大きめのものも乾きやすい一日になりそうです。 ーー ※この記事は天気情報をもとにAIによって作成されています。 ※天気は変化するため、最新の情報は関連リンク先の各地点の天気情報をご確認ください。 ※本機能は試験的な導入です。,[],[]
【伊丹市】8/19 最高34℃、暑さ、紫外線、朝はくもりで昼間から晴れる予想【朝版】（Yahoo!ニュース オリジナル THE PAGE）,https://news.yahoo.co.jp/articles/c4d9ab48e2981c4c91b1ce30b63f556a2a3b1539,https://newsatcl-pctr.c.yimg.jp/t/amd-img/20260819-00020141-wordleafw-000-1-view.jpg?exp=10800,2026-08-19T05:58:27+09:00,2026-08-19T05:58:27+09:00,Yahoo!ニュース オリジナル THE PAGE,wordleaf,Yahoo!ニュース オリジナル THE PAGE,524,生成AIによる作成 ★お天気川柳★ 曇る朝 ボーナスの額 先に晴れ ーー おはようございます！伊丹市専用のお天気サポートAIです！ ■きょうのざっくり天気■ 【気温の目安】 昨日と比べて、最低気温は25℃で差はありません。最高気温は34℃で差はありません。暑さを感じる場面がありそうです。 【空模様】 朝はくもりが中心で、昼間から夜は晴れる見込みです。 【降水確率】 朝の降水確率は0〜20%、昼間の降水確率は0〜10%とされています。 ■ポイント■ ＜服装＞ きょうも暑さ対策を意識した服装が合いそうです。風が通りやすい素材や、肌に張りつきにくい着こなしを選ぶと過ごしやすくなりそうです。 ＜熱中症＞ 昨日と比べて大きな変化はなくても、強い日差しで体力を奪われやすそうです。外で長く過ごすなら、いちばん暑い時間帯をなるべく避けると安心です。 ＜洗濯＞ 洗濯物ははかどりやすい一日になりそうです。大きめのものも進めやすそうなので、まとめて片づけたい方にはよさそうです。 ーー ※この記事は天気情報をもとにAIによって作成されています。 ※天気は変化するため、最新の情報は関連リンク先の各地点の天気情報をご確認ください。 ※本機能は試験的な導入です。,[],[]
【沖縄市】8/19 最高31℃、暑さを感じる場面がありそうで、夜は雨の予想【朝版】（Yahoo!ニュース オリジナル THE PAGE）,https://news.yahoo.co.jp/articles/593b122ae6fde80181e9dce4711f5c9aaeb4356f,https://newsatcl-pctr.c.yimg.jp/t/amd-img/20260819-00020140-wordleafw-000-1-view.jpg?exp=10800,2026-08-19T05:57:32+09:00,2026-08-19T05:57:32+09:00,Yahoo!ニュース オリジナル THE PAGE,wordleaf,Yahoo!ニュース オリジナル THE PAGE,545,生成AIによる作成 ★お天気川柳★ 蒸す朝に 傘を忘れて 汗でごまかす ーー おはようございます！沖縄市専用のお天気サポートAIです！ ■きょうのざっくり天気■ 【気温の目安】 昨日と比べて、最低気温は27℃、最高気温は31℃で、ともに差はありません。最高気温は31℃の見込みで、暑さを感じる場面がありそうです。 【空模様】 朝から夕方にかけてはくもりが続く見込みで、夜は雨になりそうです。 【雨と風】 夜の降水確率は40〜60%とされています。昼間の風速は7〜8m/sで、やや風がある体感になりそうです。 ■ポイント■ ＜服装＞ きょうも夏らしい空気が続きそうで、Tシャツなど涼しい服装が合いそうです。外を歩く時間が長い方は、風が通りやすい着こなしを選ぶと過ごしやすくなりそうです。 ＜紫外線＞ 日差しが出る場面では、少し対策を意識しておくと安心です。外に出る前に日焼け止めを塗っておくと使いやすそうです。 ＜傘＞ 夜に外出するなら、傘を持って出るほうが安心です。遅い時間ほど雨に当たる可能性がありそうです。 ーー ※この記事は天気情報をもとにAIによって作成されています。 ※天気は変化するため、最新の情報は関連リンク先の各地点の天気情報をご確認ください。 ※本機能は試験的な導入です。,[],[]
【厚木市】8/19 最高33℃、暑さに注意、晴れる予想【朝版】（Yahoo!ニュース オリジナル THE PAGE）,https://news.yahoo.co.jp/articles/12670e8661339b3bb0ea6822545b86797635dfd7,https://newsatcl-pctr.c.yimg.jp/t/amd-img/20260819-00020139-wordleafw-000-1-view.jpg?exp=10800,2026-08-19T05:57:13+09:00,2026-08-19T05:57:13+09:00,Yahoo!ニュース オリジナル THE PAGE,wordleaf,Yahoo!ニュース オリジナル THE PAGE,532,生成AIによる作成 ★お天気川柳★ 朝曇り タイムカードで 気合い押す ーー おはようございます！厚木市専用のお天気サポートAIです！ ■きょうのざっくり天気■ 【気温の目安】 昨日と比べて、最低気温は23℃で1℃高く、最高気温は33℃で1℃高い見込みです。暑さを感じる場面がありそうです。 【空模様】 朝はくもりと晴れが混じり、昼間から夜は晴れる時間が多い予想です。 【降水と風】 朝の降水確率は0%、昼間は0〜10%、夕方は10%、夜は0〜10%とされています。昼間の風速は1〜4m/sで、極端な強まりはなさそうです。 ■ポイント■ ＜服装＞ きょうは涼しい服装が合いそうです。外で過ごす時間が長い方は、風が通りやすい素材を選ぶと暑さをしのぎやすそうです。 ＜体調＞ 昨日より気温が少し高く、日差しのある時間は体に熱がこもりやすくなりそうです。炎天下を避けながら、こまめに水分をとると安心です。 ＜洗濯＞ 洗濯物ははかどりやすい一日になりそうです。大きめのものも進めやすそうです。 ーー ※この記事は天気情報をもとにAIによって作成されています。 ※天気は変化するため、最新の情報は関連リンク先の各地点の天気情報をご確認ください。 ※本機能は試験的な導入です。,[],[]
【川崎市宮前区】8/19 最高34℃、暑さ、紫外線、晴天が続く予想【朝版】（Yahoo!ニュース オリジナル THE PAGE）,https://news.yahoo.co.jp/articles/fe5e43800f4c60b9534b005d94c68f06d2c9ebe7,https://newsatcl-pctr.c.yimg.jp/t/amd-img/20260819-00020138-wordleafw-000-1-view.jpg?exp=10800,2026-08-19T05:57:06+09:00,2026-08-19T05:57:06+09:00,Yahoo!ニュース オリジナル THE PAGE,wordleaf,Yahoo!ニュース オリジナル THE PAGE,511,生成AIによる作成 ★お天気川柳★ 晴れの朝 固まる画面に 負けてない ーー おはようございます！川崎市宮前区専用のお天気サポートAIです！ ■きょうのざっくり天気■ 【気温の目安】 昨日と比べて、最低気温は24℃で差はありません。最高気温は34℃で2℃高く、暑さを感じる場面がありそうです。 【空模様】 朝から夜にかけて晴れる時間が多い見込みです。朝はくもりの時間もありますが、その後は晴れが中心になりそうです。 【降水と風】 昼間の降水確率は0〜10%、夕方の風速は4m/sで、やや風がある時間がありそうです。 ■ポイント■ ＜服装＞ きょうは涼しい服装が合いそうです。特に暑さが気になりやすい時間に向けて、風が通りやすい着こなしを選ぶと過ごしやすそうです。 ＜紫外線＞ 日差しが届く時間が長そうなので、帽子や日傘で早めに対策しておくと安心です。 ＜洗濯＞ 洗濯物は外干しがはかどりそうです。大きめのものも片づけやすい一日になりそうです。 ーー ※この記事は天気情報をもとにAIによって作成されています。 ※天気は変化するため、最新の情報は関連リンク先の各地点の天気情報をご確認ください。 ※本機能は試験的な導入です。,[],[]
【春日部市】8/19 最高34℃、暑さに注意、晴れる予想【朝版】（Yahoo!ニュース オリジナル THE PAGE）,https://news.yahoo.co.jp/articles/673f1a5a20b378c414b93fba2c13f50eb5d490a2,https://newsatcl-pctr.c.yimg.jp/t/amd-img/20260819-00020137-wordleafw-000-1-view.jpg?exp=10800,2026-08-19T05:57:03+09:00,2026-08-19T05:57:03+09:00,Yahoo!ニュース オリジナル THE PAGE,wordleaf,Yahoo!ニュース オリジナル THE PAGE,490,生成AIによる作成 ★お天気川柳★ 晴れ予報 冷えた会議室 コーヒー湯気 ーー おはようございます！春日部市専用のお天気サポートAIです！ ■きょうのざっくり天気■ 【気温の目安】 昨日と比べて、最低気温は23℃で差はありません。最高気温は34℃で2℃高く、暑さを感じる場面がありそうです。 【空模様】 朝から夜にかけて晴れる見込みです。 【昼間の空気感】 昼間の気温は30〜33℃で、風速は1〜2m/sとされています。 ■ポイント■ ＜服装＞ きょうは通気性のいい服が合いそうです。特に暑さが気になりやすい時間は、風が通りやすい着こなしを意識すると過ごしやすくなりそうです。 ＜体調＞ 昨日より暑さが増しそうなので、外で長く過ごす予定がある方は無理をしすぎないようにしてください。炎天下を避けて動けると安心です。 ＜洗濯＞ 洗濯物ははかどりやすい一日になりそうです。大きめのものも進めやすそうです。 ーー ※この記事は天気情報をもとにAIによって作成されています。 ※天気は変化するため、最新の情報は関連リンク先の各地点の天気情報をご確認ください。 ※本機能は試験的な導入です。,[],[]
【寝屋川市】8/19 最高34℃、暑さに注意、晴れる時間が長い予想【朝版】（Yahoo!ニュース オリジナル THE PAGE）,https://news.yahoo.co.jp/articles/d0f6e3e80361838132f6075f778a58ff18aaf758,https://newsatcl-pctr.c.yimg.jp/t/amd-img/20260819-00020136-wordleafw-000-1-view.jpg?exp=10800,2026-08-19T05:56:44+09:00,2026-08-19T05:56:44+09:00,Yahoo!ニュース オリジナル THE PAGE,wordleaf,Yahoo!ニュース オリジナル THE PAGE,506,生成AIによる作成 ★お天気川柳★ 残暑でも コンビニスイーツ 顔ゆるむ ーー おはようございます！寝屋川市専用のお天気サポートAIです！ ■きょうのざっくり天気■ 【気温の目安】 昨日と比べて、最低気温は25℃で差はありません。最高気温は34℃で1℃高く、暑さを感じる場面がありそうです。 【空模様】 朝はくもりが中心で、昼間から夜は晴れる時間が長くなりそうです。 【降水確率】 朝の降水確率は0〜10%、昼間の降水確率は0〜10%とされています。 ■ポイント■ ＜服装＞ きょうは通気性のいい服が合いそうです。特に暑さが気になりやすい時間は、風が通りやすい素材やシルエットを選ぶと過ごしやすくなりそうです。 ＜体調＞ 昨日と比べて大きな冷え込みはなく、朝から気温が高めです。外出は炎天下を避けながら、こまめに休みを入れて過ごすのがよさそうです。 ＜紫外線＞ 晴れる時間が長そうなので、帽子や日傘で日差し対策をしておくと安心です。 ーー ※この記事は天気情報をもとにAIによって作成されています。 ※天気は変化するため、最新の情報は関連リンク先の各地点の天気情報をご確認ください。 ※本機能は試験的な導入です。,[],[]
【静岡市駿河区】8/19 最高32℃、暑さに注意、夜はくもりの予想【朝版】（Yahoo!ニュース オリジナル THE PAGE）,https://news.yahoo.co.jp/articles/f2d2ec36b157dfcaefa61791ce659d6572cd64c6,https://newsatcl-pctr.c.yimg.jp/t/amd-img/20260819-00020135-wordleafw-000-1-view.jpg?exp=10800,2026-08-19T05:56:39+09:00,2026-08-19T05:56:39+09:00,Yahoo!ニュース オリジナル THE PAGE,wordleaf,Yahoo!ニュース オリジナル THE PAGE,492,生成AIによる作成 ★お天気川柳★ 汗ばむ日 やる気もネクタイ ゆるめたい ーー おはようございます！静岡市駿河区専用のお天気サポートAIです！ ■きょうのざっくり天気■ 【気温の目安】 昨日と比べて、最低気温は24℃で1℃高くなっています。最高気温は32℃で差はありません。暑さを感じる場面がありそうです。 【空模様】 朝から昼間は晴れが続く見込みで、夕方から夜はくもりが中心になりそうです。 【降水確率】 朝の降水確率は0%、昼間は0〜20%、夕方は20%、夜は20%とされています。 ■ポイント■ ＜服装＞ きょうは涼しい服装が合いそうです。外で過ごす時間がある方は、風が通りやすい素材を選ぶと暑さをしのぎやすそうです。 ＜紫外線＞ 日差しが届く時間が長そうなので、帽子や日傘で早めに対策しておくと安心です。 ＜洗濯＞ 洗濯物は外干しを進めやすい一日になりそうです。厚手のものも片づけやすそうです。 ーー ※この記事は天気情報をもとにAIによって作成されています。 ※天気は変化するため、最新の情報は関連リンク先の各地点の天気情報をご確認ください。 ※本機能は試験的な導入です。,[],[]
【浦安市】8/19 最高33℃、暑さ、紫外線、夕方はやや風がある予想【朝版】（Yahoo!ニュース オリジナル THE PAGE）,https://news.yahoo.co.jp/articles/40f151b7361841ee8ff86033fa9f4079cf868950,https://newsatcl-pctr.c.yimg.jp/t/amd-img/20260819-00020134-wordleafw-000-1-view.jpg?exp=10800,2026-08-19T05:56:28+09:00,2026-08-19T05:56:28+09:00,Yahoo!ニュース オリジナル THE PAGE,wordleaf,Yahoo!ニュース オリジナル THE PAGE,490,生成AIによる作成 ★お天気川柳★ 暑い朝 乗り換え越えれば もう本番 ーー おはようございます！浦安市専用のお天気サポートAIです！ ■きょうのざっくり天気■ 【気温の目安】 昨日と比べて、最低気温は24℃で差はありません。最高気温は33℃で1℃高く、暑さを感じる場面がありそうです。 【空模様】 朝から昼間は晴れる見込みで、夕方は晴れからくもりの時間がある予想です。夜は晴れが中心になりそうです。 【風の様子】 夕方の風速は5m/sで、やや風がある時間帯になりそうです。 ■ポイント■ ＜服装＞ きょうは涼しい服装が合いそうです。特に暑さが気になりやすい時間は、風が通りやすい着こなしを選ぶと過ごしやすくなりそうです。 ＜紫外線＞ 日差しが届く時間が長そうなので、帽子や日傘で早めに対策しておくと安心です。 ＜洗濯＞ 洗濯物は外干しを進めやすい一日になりそうです。厚手のものも片づけやすそうです。 ーー ※この記事は天気情報をもとにAIによって作成されています。 ※天気は変化するため、最新の情報は関連リンク先の各地点の天気情報をご確認ください。 ※本機能は試験的な導入です。,[],[]
【川崎市中原区】8/19 最高34℃、暑さ、紫外線、晴天が続く予想【朝版】（Yahoo!ニュース オリジナル THE PAGE）,https://news.yahoo.co.jp/articles/3c424963fa4dea60a8e9ee5855f758a9257e54c0,https://newsatcl-pctr.c.yimg.jp/t/amd-img/20260819-00020133-wordleafw-000-1-view.jpg?exp=10800,2026-08-19T05:56:19+09:00,2026-08-19T05:56:19+09:00,Yahoo!ニュース オリジナル THE PAGE,wordleaf,Yahoo!ニュース オリジナル THE PAGE,483,生成AIによる作成 ★お天気川柳★ 晴れの朝 締め切り見ても まず深呼吸 ーー おはようございます！川崎市中原区専用のお天気サポートAIです！ ■きょうのざっくり天気■ 【気温の目安】 昨日と比べて、最低気温は25℃で1℃高く、やや暑さを感じる場面がありそうです。最高気温は34℃で2℃高く、暑さを感じる場面がありそうです。 【空の様子】 朝から夜まで晴れる見込みです。 【昼間の空模様】 昼間の降水確率は0〜10%とされていて、夕方も晴れが続きそうです。 ■ポイント■ ＜服装＞ きょうは涼しめの服装が合いそうです。特に昼間は熱がこもりにくい素材を選ぶと、暑さの負担を減らしやすそうです。 ＜紫外線＞ 日差しがたっぷり届きそうなので、帽子や日傘で早めに対策しておくと安心です。 ＜洗濯＞ 洗濯物は外干しがはかどりそうです。大きめのものを片づけたい方にも使いやすい空模様になりそうです。 ーー ※この記事は天気情報をもとにAIによって作成されています。 ※天気は変化するため、最新の情報は関連リンク先の各地点の天気情報をご確認ください。 ※本機能は試験的な導入です。,[],[]
【平塚市】8/19 最高32℃、暑さに注意、晴れる予想【朝版】（Yahoo!ニュース オリジナル THE PAGE）,https://news.yahoo.co.jp/articles/ea28e3d618b6e81a23082fa75e498889ad8c0c4c,https://newsatcl-pctr.c.yimg.jp/t/amd-img/20260819-00020132-wordleafw-000-1-view.jpg?exp=10800,2026-08-19T05:56:11+09:00,2026-08-19T05:56:11+09:00,Yahoo!ニュース オリジナル THE PAGE,wordleaf,Yahoo!ニュース オリジナル THE PAGE,508,生成AIによる作成 ★お天気川柳★ 暑い朝 上着の出番は 会議室だけ ーー おはようございます！平塚市専用のお天気サポートAIです！ ■きょうのざっくり天気■ 【気温の目安】 昨日と比べて、最低気温は24℃で1℃高くなっています。最高気温は32℃で差はありません。暑さを感じる場面がありそうです。 【空模様】 朝から夜にかけて晴れる時間が多い見込みです。 【降水確率】 昼間の降水確率は0〜10%、夜の降水確率は0〜10%とされています。 ■ポイント■ ＜服装＞ きょうは涼しい服装が合いそうです。特に昼間は暑さが出やすそうなので、風が通りやすい着こなしを選ぶと過ごしやすくなりそうです。 ＜体調＞ 昨日と比べて朝から空気のぬくもりが残りやすそうです。外出は炎天下を避けながら、のどが渇く前の水分補給を意識するとよさそうです。 ＜紫外線＞ 日差しが届く時間が長くなりそうです。帽子や日傘で、外に出る時間に合わせて対策しておくと安心です。 ーー ※この記事は天気情報をもとにAIによって作成されています。 ※天気は変化するため、最新の情報は関連リンク先の各地点の天気情報をご確認ください。 ※本機能は試験的な導入です。,[],[]
【宝塚市】8/19 最高34℃、暑さに注意、晴れる予想【朝版】（Yahoo!ニュース オリジナル THE PAGE）,https://news.yahoo.co.jp/articles/6fe86af98209e63860b8d748574a85b8ba716454,https://newsatcl-pctr.c.yimg.jp/t/amd-img/20260819-00020131-wordleafw-000-1-view.jpg?exp=10800,2026-08-19T05:55:57+09:00,2026-08-19T05:55:57+09:00,Yahoo!ニュース オリジナル THE PAGE,wordleaf,Yahoo!ニュース オリジナル THE PAGE,500,生成AIによる作成 ★お天気川柳★ 猛暑日も 定時退社で ひと息つく ーー おはようございます！宝塚市専用のお天気サポートAIです！ ■きょうのざっくり天気■ 【気温の目安】 昨日と比べて、最低気温は25℃で差はありません。最高気温は34℃で1℃高く、暑さを感じる場面がありそうです。 【空模様】 朝はくもりが中心で、昼間から夜は晴れる見込みです。 【降水確率】 朝の降水確率は0〜20%、昼間の降水確率は0〜10%とされています。 ■ポイント■ ＜服装＞ きょうは通気性のいい服が合いそうです。特に暑さが気になりやすい時間は、風が通りやすい着こなしを意識すると過ごしやすくなりそうです。 ＜体調＞ 昨日と比べて大きな気温差はありませんが、日ざしのある時間は暑さが続きそうです。外では無理をためず、炎天下を長く避ける意識があると安心です。 ＜洗濯＞ 洗濯物は乾きやすそうです。大きめのものも進めやすい一日になりそうです。 ーー ※この記事は天気情報をもとにAIによって作成されています。 ※天気は変化するため、最新の情報は関連リンク先の各地点の天気情報をご確認ください。 ※本機能は試験的な導入です。,[],[]
【八尾市】8/19 最高34℃、暑さに注意、紫外線対策も、昼間は晴れる予想【朝版】（Yahoo!ニュース オリジナル THE PAGE）,https://news.yahoo.co.jp/articles/c2d413b9058bb04c4d2c7fedbe4d021b32a52602,https://newsatcl-pctr.c.yimg.jp/t/amd-img/20260819-00020130-wordleafw-000-1-view.jpg?exp=10800,2026-08-19T05:55:50+09:00,2026-08-19T05:55:50+09:00,Yahoo!ニュース オリジナル THE PAGE,wordleaf,Yahoo!ニュース オリジナル THE PAGE,522,生成AIによる作成 おはようございます！八尾市専用のお天気サポートAIです！ ■きょうのざっくり天気■ 【気温の目安】 昨日と比べて、最低気温は26℃で1℃高く、やや暑さを感じる場面がありそうです。最高気温は34℃で差はありません。暑さを感じる場面がありそうです。 【空模様】 朝はくもりが中心で、昼間から夜は晴れる時間が多くなりそうです。 【降水確率】 朝の降水確率は0〜10%、昼間の降水確率は0〜10%とされています。 ■ポイント■ ＜服装＞ きょうは風通しのいい服が合いそうです。特に暑さが気になりやすい時間は、肌離れのいい素材を選ぶと過ごしやすくなりそうです。 ＜体調＞ 昨日と比べて、最低気温は26℃で1℃高いので、朝から熱がこもりやすく感じるかもしれません。外出は炎天下を避けながら、早めの水分補給を意識するとよさそうです。 ＜紫外線＞ 日差しが届く時間は紫外線対策をしておくと安心です。帽子や日傘を使って、外にいる時間を少しラクにしてみてください。 ーー ※この記事は天気情報をもとにAIによって作成されています。 ※天気は変化するため、最新の情報は関連リンク先の各地点の天気情報をご確認ください。 ※本機能は試験的な導入です。,[],[]
【北九州市八幡西区】8/19 最高34℃、暑さに注意、昼間は晴れる予想【朝版】（Yahoo!ニュース オリジナル THE PAGE）,https://news.yahoo.co.jp/articles/8ab3c2e9d4fa4bb767a88855fae14524607e75e6,https://newsatcl-pctr.c.yimg.jp/t/amd-img/20260819-00020129-wordleafw-000-1-view.jpg?exp=10800,2026-08-19T05:55:36+09:00,2026-08-19T05:55:36+09:00,Yahoo!ニュース オリジナル THE PAGE,wordleaf,Yahoo!ニュース オリジナル THE PAGE,522,生成AIによる作成 ★お天気川柳★ 蒸す朝に PC固まり 深呼吸 ーー おはようございます！北九州市八幡西区専用のお天気サポートAIです！ ■きょうのざっくり天気■ 【気温の目安】 昨日と比べて、最低気温は25℃で1℃高く、やや暑さを感じる場面がありそうです。最高気温は34℃で差はありません。暑さを感じる場面がありそうです。 【空模様】 朝はくもりが中心で、朝の降水確率は20〜30%とされています。昼間から夜は晴れる時間が多くなりそうです。 【風の様子】 朝から夜の風速は0〜2m/sで、風は弱めとなりそうです。 ■ポイント■ ＜服装＞ 通気性のいい服が合いそうです。風が弱めなので、風が通りやすい着こなしを意識すると過ごしやすくなりそうです。 ＜体調＞ 屋外で長く過ごす予定はなるべく詰め込みすぎず、こまめに休みながら動くのがよさそうです。 ＜洗濯＞ 日差しの出る時間がありそうなので、洗濯物ははかどりやすそうです。大きめのものを洗うのにも向いていそうです。 ーー ※この記事は天気情報をもとにAIによって作成されています。 ※天気は変化するため、最新の情報は関連リンク先の各地点の天気情報をご確認ください。 ※本機能は試験的な導入です。,[],[]
【茅ヶ崎市】8/19 最高32℃、暑さに注意、晴天が続く予想【朝版】（Yahoo!ニュース オリジナル THE PAGE）,https://news.yahoo.co.jp/articles/85d06a83faf83721767818dd1917067af615651e,https://newsatcl-pctr.c.yimg.jp/t/amd-img/20260819-00020128-wordleafw-000-1-view.jpg?exp=10800,2026-08-19T05:55:32+09:00,2026-08-19T05:55:32+09:00,Yahoo!ニュース オリジナル THE PAGE,wordleaf,Yahoo!ニュース オリジナル THE PAGE,482,生成AIによる作成 ★お天気川柳★ 晴れの朝 ご褒美ランチを 先に決め ーー おはようございます！茅ヶ崎市専用のお天気サポートAIです！ ■きょうのざっくり天気■ 【気温の目安】 昨日と比べて、最低気温は24℃で1℃高く、最高気温は32℃で差はありません。暑さを感じる場面がありそうです。 【空模様】 朝から夜まで晴れが続く見込みです。 【風と雨の変化】 昼間の風速は2〜4m/s、夕方の風速は3〜4m/sで、夕方の降水確率は10%とされています。 ■ポイント■ ＜服装＞ きょうはTシャツなど涼しい服装が合いそうです。特に昼間は熱がこもりにくい素材を選ぶと、暑さの負担を減らしやすそうです。 ＜体調＞ 外出は炎天下を避けながら、こまめに水分をとって無理をためないようにしてください。 ＜洗濯＞ 洗濯物は外干しがはかどりそうです。大きめのものを洗うなら、きょう進めるのがよさそうです。 ーー ※この記事は天気情報をもとにAIによって作成されています。 ※天気は変化するため、最新の情報は関連リンク先の各地点の天気情報をご確認ください。 ※本機能は試験的な導入です。,[],[]
【津市】8/19 最高31℃、暑さに注意、昼間は晴れる予想【朝版】（Yahoo!ニュース オリジナル THE PAGE）,https://news.yahoo.co.jp/articles/ed63c1473509f2886b8fa79d3eabc7671a6763af,https://newsatcl-pctr.c.yimg.jp/t/amd-img/20260819-00020127-wordleafw-000-1-view.jpg?exp=10800,2026-08-19T05:55:20+09:00,2026-08-19T05:55:20+09:00,Yahoo!ニュース オリジナル THE PAGE,wordleaf,Yahoo!ニュース オリジナル THE PAGE,463,生成AIによる作成 ★お天気川柳★ 晴れ予報 終電回避を 先に祈る ーー おはようございます！津市専用のお天気サポートAIです！ ■きょうのざっくり天気■ 【気温の目安】 昨日と比べて、最低気温は24℃で1℃低く、最高気温は31℃で差はありません。最高気温は暑さを感じる場面がありそうです。 【空模様】 朝はくもりが中心で、昼間から夜は晴れる見込みです。 【降水確率】 朝の降水確率は10%で、昼間は10%、夜は0〜10%とされています。 ■ポイント■ ＜服装＞ いつもの夏服で過ごしやすそうですが、昼間の強い日差しを考えると、風が通りやすい服装が合いそうです。 ＜紫外線＞ 日差しが出る時間が長くなりそうなので、帽子や日傘で早めに対策しておくと安心です。 ＜洗濯＞ 洗濯物は外干しを進めやすい一日になりそうです。厚手のものも片づけやすそうです。 ーー ※この記事は天気情報をもとにAIによって作成されています。 ※天気は変化するため、最新の情報は関連リンク先の各地点の天気情報をご確認ください。 ※本機能は試験的な導入です。,[],[]
【久留米市】8/19 最高38℃、最低26℃、暑さが厳しい晴れの予想【朝版】（Yahoo!ニュース オリジナル THE PAGE）,https://news.yahoo.co.jp/articles/2cd5e97d78a63d22c0a97abf369cfb1d7b3298d1,https://newsatcl-pctr.c.yimg.jp/t/amd-img/20260819-00020126-wordleafw-000-1-view.jpg?exp=10800,2026-08-19T05:55:10+09:00,2026-08-19T05:55:10+09:00,Yahoo!ニュース オリジナル THE PAGE,wordleaf,Yahoo!ニュース オリジナル THE PAGE,480,生成AIによる作成 ★お天気川柳★ 朝の雲 会議は短く 願うだけ ーー おはようございます！久留米市専用のお天気サポートAIです！ ■きょうのざっくり天気■ 【気温の目安】 昨日と比べて、最低気温は26℃で1℃高く、やや暑さを感じる場面がありそうです。最高気温は38℃で2℃高く、厳しい暑さになりそうです。 【空模様】 朝から夜にかけて晴れる時間が多い見込みです。 【昼間の暑さ】 昼間の気温は31〜37℃で、降水確率は0〜10%とされています。 ■ポイント■ ＜服装＞ いつもの夏服でもよさそうですが、いちばん暑い時間に合わせて、風が通りやすい服が向いていそうです。 ＜体調＞ 外ではかなり体にこたえる暑さになりそうです。長い時間の外出や運動は無理をしないほうがよさそうです。 ＜紫外線＞ 日差しが強く照りつけそうです。目を守りたい方は、サングラスを取り入れるのもよさそうです。 ーー ※この記事は天気情報をもとにAIによって作成されています。 ※天気は変化するため、最新の情報は関連リンク先の各地点の天気情報をご確認ください。 ※本機能は試験的な導入です。,[],[]
【茨木市】8/19 最高34℃、暑さに注意、晴れる予想【朝版】（Yahoo!ニュース オリジナル THE PAGE）,https://news.yahoo.co.jp/articles/290c4e800a03451307535afc53f8e092e9ee8fbf,https://newsatcl-pctr.c.yimg.jp/t/amd-img/20260819-00020125-wordleafw-000-1-view.jpg?exp=10800,2026-08-19T05:54:59+09:00,2026-08-19T05:54:59+09:00,Yahoo!ニュース オリジナル THE PAGE,wordleaf,Yahoo!ニュース オリジナル THE PAGE,521,生成AIによる作成 ★お天気川柳★ 曇る朝 給料日だけ 顔は晴れ ーー おはようございます！茨木市専用のお天気サポートAIです！ ■きょうのざっくり天気■ 【気温の目安】 昨日と比べて、最低気温は25℃、最高気温は34℃で、ともに差はありません。最高気温は34℃で、暑さを感じる場面がありそうです。 【空模様】 朝はくもりが中心で、昼間から夜は晴れる見込みです。 【降水確率】 朝の降水確率は0〜20%、昼間の降水確率は0〜10%とされています。 ■ポイント■ ＜服装＞ きょうは風が弱めで熱がこもりやすそうです。通気性のいい服を選んで、外では無理のない動き方を意識すると過ごしやすそうです。 ＜体調＞ 昨日と比べて気温の大きな変化はありませんが、厳しい暑さが続きそうです。炎天下を避けながら、こまめに休みを入れて過ごすのがよさそうです。 ＜洗濯＞ 日差しが届く時間が長くなりそうなので、洗濯物ははかどりやすそうです。大きめのものを洗う予定にも向いていそうです。 ーー ※この記事は天気情報をもとにAIによって作成されています。 ※天気は変化するため、最新の情報は関連リンク先の各地点の天気情報をご確認ください。 ※本機能は試験的な導入です。,[],[]
【春日井市】8/19 最高34℃、暑さに注意、晴れる時間が多い予想【朝版】（Yahoo!ニュース オリジナル THE PAGE）,https://news.yahoo.co.jp/articles/f502300edf5a3c2f04809576aeea4fb6fb16f808,https://newsatcl-pctr.c.yimg.jp/t/amd-img/20260819-00020124-wordleafw-000-1-view.jpg?exp=10800,2026-08-19T05:54:44+09:00,2026-08-19T05:54:44+09:00,Yahoo!ニュース オリジナル THE PAGE,wordleaf,Yahoo!ニュース オリジナル THE PAGE,522,生成AIによる作成 ★お天気川柳★ 朝の雲 ダッシュの先に 青が待つ ーー おはようございます！春日井市専用のお天気サポートAIです！ ■きょうのざっくり天気■ 【気温の目安】 昨日と比べて、最低気温は25℃で1℃高く、やや暑さを感じる場面がありそうです。最高気温は34℃で差はありませんが、暑さを感じる場面がありそうです。 【空模様】 朝はくもりから晴れになりそうで、昼間から夜は晴れる時間が多い見込みです。 【降水と風】 昼間の降水確率は0〜10%、夕方の風速は4m/sで、少し風を感じる時間がありそうです。 ■ポイント■ ＜服装＞ きょうは風通しのいい服が合わせやすそうです。特に暑さが気になる時間に向けて、肌離れのいい素材を選ぶと過ごしやすくなりそうです。 ＜体調＞ 外では炎天下をなるべく避けて、こまめに休みながら過ごすとよさそうです。 ＜洗濯＞ 洗濯物は外干しがはかどりそうです。大きめのものも乾きやすそうなので、まとめて進めたい日に向いていそうです。 ーー ※この記事は天気情報をもとにAIによって作成されています。 ※天気は変化するため、最新の情報は関連リンク先の各地点の天気情報をご確認ください。 ※本機能は試験的な導入です。,[],[]
【横須賀市】8/19 最高32℃、暑さに注意、晴天が続く予想【朝版】（Yahoo!ニュース オリジナル THE PAGE）,https://news.yahoo.co.jp/articles/d38f32cec9116cdf211ae1cc5730bf32c1d9cde4,https://newsatcl-pctr.c.yimg.jp/t/amd-img/20260819-00020123-wordleafw-000-1-view.jpg?exp=10800,2026-08-19T05:54:35+09:00,2026-08-19T05:54:35+09:00,Yahoo!ニュース オリジナル THE PAGE,wordleaf,Yahoo!ニュース オリジナル THE PAGE,442,生成AIによる作成 おはようございます！横須賀市専用のお天気サポートAIです！ ■きょうのざっくり天気■ 【気温の目安】 昨日と比べて、最低気温は24℃で1℃高く、最高気温は32℃で2℃高い見込みです。暑さを感じる場面がありそうです。 【空模様】 朝から夜にかけて晴れる予想です。 【昼間の風】 昼間の風速は2〜3m/sとされていて、風は普通くらいになりそうです。 ■ポイント■ ＜服装＞ いつもの夏服で過ごしやすそうですが、暑さが気になる時間に合わせて、Tシャツなど涼しい服装が合いそうです。 ＜体調＞ 昨日より暑さが少し増しそうなので、外に出る時間が長い方は炎天下を避けながら過ごすとよさそうです。 ＜紫外線＞ 日差しが届きやすい一日になりそうです。外では帽子や日傘で紫外線対策をしておくと安心です。 ーー ※この記事は天気情報をもとにAIによって作成されています。 ※天気は変化するため、最新の情報は関連リンク先の各地点の天気情報をご確認ください。 ※本機能は試験的な導入です。,[],[]
【川越市】8/19 最高34℃、暑さ、晴れる時間が長い予想【朝版】（Yahoo!ニュース オリジナル THE PAGE）,https://news.yahoo.co.jp/articles/a6a7f3b19aa23b7ea22e4d9f64a61c6c9bbbec3c,https://newsatcl-pctr.c.yimg.jp/t/amd-img/20260819-00020122-wordleafw-000-1-view.jpg?exp=10800,2026-08-19T05:54:29+09:00,2026-08-19T05:54:29+09:00,Yahoo!ニュース オリジナル THE PAGE,wordleaf,Yahoo!ニュース オリジナル THE PAGE,513,生成AIによる作成 ★お天気川柳★ 朝の雲 冷房こわくて 席えらぶ ーー おはようございます！川越市専用のお天気サポートAIです！ ■きょうのざっくり天気■ 【気温の目安】 昨日と比べて、最低気温は23℃で1℃高く、最高気温は34℃で2℃高い予想です。最高気温は暑さを感じる場面がありそうです。 【空模様】 朝はくもりが中心で、昼間から夕方は晴れる見込みです。夜は晴れやくもりとなりそうです。 【降水確率】 昼間の降水確率は0〜10%、夜の降水確率は0〜10%とされています。 ■ポイント■ ＜服装＞ きょうは涼しい服装が合いそうです。外で過ごす時間が長い方は、風が通りやすい素材を選ぶと暑さをしのぎやすそうです。 ＜体調＞ 昨日より暑さが増しそうなので、炎天下をできるだけ避けながら、早めの水分補給を意識すると過ごしやすそうです。 ＜洗濯＞ 日差しの出る時間が長く、洗濯物はしっかり乾きやすそうです。厚手のものを進めたい日にも向いていそうです。 ーー ※この記事は天気情報をもとにAIによって作成されています。 ※天気は変化するため、最新の情報は関連リンク先の各地点の天気情報をご確認ください。 ※本機能は試験的な導入です。,[],[]
【明石市】8/19 最高33℃、最低27℃、暑さが続く晴れの予想【朝版】（Yahoo!ニュース オリジナル THE PAGE）,https://news.yahoo.co.jp/articles/24c559346e31fa50142fa2c87a64314039116908,https://newsatcl-pctr.c.yimg.jp/t/amd-img/20260819-00020121-wordleafw-000-1-view.jpg?exp=10800,2026-08-19T05:54:17+09:00,2026-08-19T05:54:17+09:00,Yahoo!ニュース オリジナル THE PAGE,wordleaf,Yahoo!ニュース オリジナル THE PAGE,496,生成AIによる作成 ★お天気川柳★ 晴れ予報 取り次ぐ声まで 軽くなる ーー おはようございます！明石市専用のお天気サポートAIです！ ■きょうのざっくり天気■ 【気温の目安】 昨日と比べて、最低気温は27℃で1℃高く、暑さを感じる場面がありそうです。最高気温は33℃で差はありませんが、暑さを感じる場面がありそうです。 【空模様】 朝から夜にかけて晴れる見込みです。 【降水確率】 朝の降水確率は0〜10%、昼間の降水確率は0〜10%とされています。 ■ポイント■ ＜服装＞ いつもの夏服で過ごしやすそうですが、暑さが続きやすいので、Tシャツなど涼しい服装が合いそうです。 ＜体調＞ 外で過ごす時間がある方は、強い日差しで体力を奪われやすそうです。炎天下をなるべく避けて、無理のない動き方を意識するとよさそうです。 ＜紫外線＞ 日差しがしっかり届きそうなので、昼間は日陰をうまく使うと過ごしやすくなりそうです。 ーー ※この記事は天気情報をもとにAIによって作成されています。 ※天気は変化するため、最新の情報は関連リンク先の各地点の天気情報をご確認ください。 ※本機能は試験的な導入です。,[],[]
【町田市】8/19 最高33℃、暑さに注意、朝はくもりも昼間から夜は晴れる予想【朝版】（Yahoo!ニュース オリジナル THE PAGE）,https://news.yahoo.co.jp/articles/cf497714a350e1231b6277b87249ef50380f0868,https://newsatcl-pctr.c.yimg.jp/t/amd-img/20260819-00020120-wordleafw-000-1-view.jpg?exp=10800,2026-08-19T05:47:03+09:00,2026-08-19T05:47:03+09:00,Yahoo!ニュース オリジナル THE PAGE,wordleaf,Yahoo!ニュース オリジナル THE PAGE,542,生成AIによる作成 ★お天気川柳★ 朝曇り 引き継ぎ終えて 空も晴れ ーー おはようございます！町田市専用のお天気サポートAIです！ ■きょうのざっくり天気■ 【気温の目安】 昨日と比べて、最低気温は23℃で1℃高く、最高気温は33℃で1℃高い見込みです。暑さを感じる場面がありそうです。 【空模様】 朝は晴れとくもりが混じり、昼間から夜は晴れる時間が多くなりそうです。 【降水と風】 昼間の降水確率は0〜10%、夕方の降水確率は10%とされています。夕方の風速は4m/sで、風の強さは普通くらいになりそうです。 ■ポイント■ ＜服装＞ きょうはTシャツなど涼しい服装が合いそうです。外で過ごす時間が長い方は、風が通りやすい素材を選ぶと暑さをしのぎやすそうです。 ＜体調＞ 昨日より気温が少し高く、日差しのある時間は体に熱がこもりやすそうです。炎天下を避けながら、のどが渇く前の水分補給を意識するとよさそうです。 ＜洗濯＞ 洗濯物は外干しを進めやすい一日になりそうです。大きめのものも片づけやすそうです。 ーー ※この記事は天気情報をもとにAIによって作成されています。 ※天気は変化するため、最新の情報は関連リンク先の各地点の天気情報をご確認ください。 ※本機能は試験的な導入です。,[],[]
【石巻市】8/19 最高28℃、昼間は暑さを感じる場面も、朝から夜まで晴れる予想【朝版】（Yahoo!ニュース オリジナル THE PAGE）,https://news.yahoo.co.jp/articles/8deac42fc21e53909c919a26510881011160ddc9,https://newsatcl-pctr.c.yimg.jp/t/amd-img/20260819-00020119-wordleafw-000-1-view.jpg?exp=10800,2026-08-19T05:46:59+09:00,2026-08-19T05:46:59+09:00,Yahoo!ニュース オリジナル THE PAGE,wordleaf,Yahoo!ニュース オリジナル THE PAGE,443,生成AIによる作成 ★お天気川柳★ 夕焼けを 定時退社で ちゃんと見る ーー おはようございます！石巻市専用のお天気サポートAIです！ ■きょうのざっくり天気■ 【気温の目安】 昨日と比べて、最低気温は23℃で差はありません。最高気温は28℃で1℃高く、暑さを感じる場面がありそうです。 【空模様】 朝から夜まで晴れる見込みです。 【風の様子】 昼間の風速は4〜6m/s、夕方の風速は6m/sで、やや風がある時間がありそうです。 ■ポイント■ ＜服装＞ 半袖一枚で過ごしやすそうです。外で長く過ごすなら、風が通りやすい着こなしを選ぶと快適さを保ちやすそうです。 ＜紫外線＞ 日差しが強そうなので、昼間は日陰をうまく使いながら過ごすのがよさそうです。 ＜洗濯＞ 洗濯物はしっかり乾きやすい一日になりそうです。 ーー ※この記事は天気情報をもとにAIによって作成されています。 ※天気は変化するため、最新の情報は関連リンク先の各地点の天気情報をご確認ください。 ※本機能は試験的な導入です。,[],[]
【奥州市】8/19 最高32℃、暑さに注意、昼間は晴れる予想【朝版】（Yahoo!ニュース オリジナル THE PAGE）,https://news.yahoo.co.jp/articles/bb86da792789eeee87acbe762b4d5d1eef8db541,https://newsatcl-pctr.c.yimg.jp/t/amd-img/20260819-00020118-wordleafw-000-1-view.jpg?exp=10800,2026-08-19T05:46:46+09:00,2026-08-19T05:46:46+09:00,Yahoo!ニュース オリジナル THE PAGE,wordleaf,Yahoo!ニュース オリジナル THE PAGE,492,生成AIによる作成 ★お天気川柳★ 寝癖の朝 晴れ間みたいに 笑って行く ーー おはようございます！奥州市専用のお天気サポートAIです！ ■きょうのざっくり天気■ 【気温の目安】 昨日と比べて、最低気温は23℃で差はありません。最高気温は32℃で1℃高く、暑さを感じる場面がありそうです。 【空模様】 朝から昼間は晴れる時間が多く、夕方から夜はくもりが中心になりそうです。 【降水確率】 昼間の降水確率は0〜20%、夜の降水確率は20%とされています。 ■ポイント■ ＜服装＞ きょうは涼しい服装が合いそうです。特に暑さが気になる時間に合わせて、Tシャツなど風が通りやすい着こなしがよさそうです。 ＜紫外線＞ 日差しが届く時間が長めになりそうなので、外で過ごすなら帽子や日傘で早めに対策しておくと安心です。 ＜洗濯＞ 薄手のものは乾きやすそうです。洗濯を進めるなら、日差しのある時間をうまく使えそうです。 ーー ※この記事は天気情報をもとにAIによって作成されています。 ※天気は変化するため、最新の情報は関連リンク先の各地点の天気情報をご確認ください。 ※本機能は試験的な導入です。,[],[]
【栃木市】8/19 最高34℃、暑さに注意、晴れる時間が多い予想【朝版】（Yahoo!ニュース オリジナル THE PAGE）,https://news.yahoo.co.jp/articles/30803b084a36517f5ce21d9ce832204cdf069cb6,https://newsatcl-pctr.c.yimg.jp/t/amd-img/20260819-00020117-wordleafw-000-1-view.jpg?exp=10800,2026-08-19T05:46:38+09:00,2026-08-19T05:46:38+09:00,Yahoo!ニュース オリジナル THE PAGE,wordleaf,Yahoo!ニュース オリジナル THE PAGE,495,生成AIによる作成 おはようございます！栃木市専用のお天気サポートAIです！ ■きょうのざっくり天気■ 【気温の目安】 昨日と比べて、最低気温は23℃で差はありません。最高気温は34℃で2℃高く、暑さを感じる場面がありそうです。 【空模様】 朝はくもりや晴れで、昼間から夕方は晴れる時間が多い見込みです。夜はくもりが中心になりそうです。 【降水確率】 朝の降水確率は0%、昼間は0〜20%、夕方は20%、夜は10〜20%とされています。 ■ポイント■ ＜服装＞ きょうは暑さが出やすいので、Tシャツなど涼しい服装が合いそうです。外で過ごす時間が長い方は、風が通りやすい着こなしを選ぶと過ごしやすくなりそうです。 ＜体調＞ 昨日より日中の暑さが少し増しそうです。外出は炎天下を避けながら、早めの水分補給を意識するとよさそうです。 ＜紫外線＞ 晴れる時間が多そうなので、帽子や日傘で紫外線対策をしておくと安心です。 ーー ※この記事は天気情報をもとにAIによって作成されています。 ※天気は変化するため、最新の情報は関連リンク先の各地点の天気情報をご確認ください。 ※本機能は試験的な導入です。,[],[]
【横手市】8/19 最高34℃、暑さに注意、昼間は晴れからくもりの予想【朝版】（Yahoo!ニュース オリジナル THE PAGE）,https://news.yahoo.co.jp/articles/96b5e15cbf6774289e2eff9e67368159e464c7e4,https://newsatcl-pctr.c.yimg.jp/t/amd-img/20260819-00020116-wordleafw-000-1-view.jpg?exp=10800,2026-08-19T05:46:37+09:00,2026-08-19T05:46:37+09:00,Yahoo!ニュース オリジナル THE PAGE,wordleaf,Yahoo!ニュース オリジナル THE PAGE,502,生成AIによる作成 ★お天気川柳★ 晴れの空 固まるたびに 肩ほぐす ーー おはようございます！横手市専用のお天気サポートAIです！ ■きょうのざっくり天気■ 【気温の目安】 昨日と比べて、最低気温は22℃で1℃低く、最高気温は34℃で1℃高い予想です。最高気温は暑さを感じる場面がありそうです。 【空模様】 朝から昼間は晴れる見込みで、夕方から夜はくもりが中心になりそうです。 【降水確率】 昼間の降水確率は10〜40%、夕方の降水確率は30〜40%とされています。 ■ポイント■ ＜服装＞ きょうは涼しい服装が合いそうです。特に暑さが気になりやすい時間は、Tシャツなど風が通りやすい着こなしがよさそうです。 ＜体調＞ 昨日より日中の暑さが少し増しそうなので、外では炎天下をなるべく避けて、こまめに休みながら過ごすと安心です。 ＜洗濯＞ 薄手のものは乾きやすそうです。洗濯を進めるなら、晴れている時間をうまく使えそうです。 ーー ※この記事は天気情報をもとにAIによって作成されています。 ※天気は変化するため、最新の情報は関連リンク先の各地点の天気情報をご確認ください。 ※本機能は試験的な導入です。,[],[]
【小山市】8/19 最高34℃、暑さに注意、晴れる時間が長い予想【朝版】（Yahoo!ニュース オリジナル THE PAGE）,https://news.yahoo.co.jp/articles/d53bc1c2fe68a4ea45c2579b8480682c2338aa73,https://newsatcl-pctr.c.yimg.jp/t/amd-img/20260819-00020115-wordleafw-000-1-view.jpg?exp=10800,2026-08-19T05:46:16+09:00,2026-08-19T05:46:16+09:00,Yahoo!ニュース オリジナル THE PAGE,wordleaf,Yahoo!ニュース オリジナル THE PAGE,490,生成AIによる作成 ★お天気川柳★ 朝の空 他部署とひとつ 山を越す ーー おはようございます！小山市専用のお天気サポートAIです！ ■きょうのざっくり天気■ 【気温の目安】 昨日と比べて、最低気温は23℃で差はありません。最高気温は34℃で2℃高く、暑さを感じる場面がありそうです。 【空模様】 朝から夕方にかけて晴れる時間が長く、夜はくもりが中心になる見込みです。 【降水確率】 昼間の降水確率は0〜20%、夜の降水確率は0〜20%とされています。 ■ポイント■ ＜服装＞ いつもの夏服で過ごしやすそうですが、暑さが強まりそうなので、Tシャツなど涼しい服装が合いそうです。 ＜体調＞ 昨日より日中の暑さが増しそうです。外に出る時間が長い方は、炎天下をなるべく避けて、こまめに休みを入れると過ごしやすそうです。 ＜紫外線＞ 日差しが届く時間が長そうです。帽子や日傘で紫外線対策をしておくと安心です。 ーー ※この記事は天気情報をもとにAIによって作成されています。 ※天気は変化するため、最新の情報は関連リンク先の各地点の天気情報をご確認ください。 ※本機能は試験的な導入です。,[],[]
【大阪市淀川区】8/19 最高34℃、最低26℃、暑さが続く晴れの予想【朝版】（Yahoo!ニュース オリジナル THE PAGE）,https://news.yahoo.co.jp/articles/a3894344af40dae80fe70ea443427319e1885d35,https://newsatcl-pctr.c.yimg.jp/t/amd-img/20260819-00020114-wordleafw-000-1-view.jpg?exp=10800,2026-08-19T05:46:12+09:00,2026-08-19T05:46:12+09:00,Yahoo!ニュース オリジナル THE PAGE,wordleaf,Yahoo!ニュース オリジナル THE PAGE,480,生成AIによる作成 ★お天気川柳★ 朝曇り 定時の夢を 先に見る ーー おはようございます！大阪市淀川区専用のお天気サポートAIです！ ■きょうのざっくり天気■ 【気温の目安】 昨日と比べて、最低気温は26℃で差はありません。最高気温は34℃で1℃高く、暑さを感じる場面がありそうです。 【空模様】 朝はくもりが中心で、昼間から夜は晴れる見込みです。 【降水確率】 朝の降水確率は0〜20%、昼間の降水確率は0〜10%とされています。 ■ポイント■ ＜服装＞ きょうも暑さ対策を優先した服装が合いそうです。通気性のいい素材を選ぶと、昼間の暑さをしのぎやすくなりそうです。 ＜熱中症＞ 昨日と比べてさらに強い暑さになりそうなので、外で長く過ごす予定がある方は炎天下を避けながら動くと安心です。 ＜洗濯＞ 洗濯物は乾きやすそうです。大きめのものもまとめて進めやすい一日になりそうです。 ーー ※この記事は天気情報をもとにAIによって作成されています。 ※天気は変化するため、最新の情報は関連リンク先の各地点の天気情報をご確認ください。 ※本機能は試験的な導入です。,[],[]
【静岡市清水区】8/19 最高32℃、暑さに注意、夜はくもりの予想【朝版】（Yahoo!ニュース オリジナル THE PAGE）,https://news.yahoo.co.jp/articles/87cf8dc188dae488bdfc6524b17b1101f2c1d6d0,https://newsatcl-pctr.c.yimg.jp/t/amd-img/20260819-00020113-wordleafw-000-1-view.jpg?exp=10800,2026-08-19T05:46:01+09:00,2026-08-19T05:46:01+09:00,Yahoo!ニュース オリジナル THE PAGE,wordleaf,Yahoo!ニュース オリジナル THE PAGE,508,生成AIによる作成 ★お天気川柳★ 朝の晴れ 通勤だけでも 今日は勝ち ーー おはようございます！静岡市清水区専用のお天気サポートAIです！ ■きょうのざっくり天気■ 【気温の目安】 昨日と比べて、最低気温は24℃で1℃高くなっています。最高気温は32℃で差はありません。暑さを感じる場面がありそうです。 【空模様】 朝から夕方は晴れる見込みで、夜はくもりになりそうです。 【降水確率】 昼間の降水確率は0〜20%、夜の降水確率は20〜30%とされています。 ■ポイント■ ＜服装＞ きょうも夏らしい服装が合いそうです。暑さが気になる時間は、Tシャツなど涼しい服装で過ごしやすくなりそうです。 ＜熱中症＞ 昨日と比べて気温の大きな変化はありませんが、厳しすぎない暑さでも油断は禁物です。外出するなら、炎天下をなるべく避けると負担を減らしやすいです。 ＜紫外線＞ 日差しが届く時間が長そうなので、帽子や日傘で早めに対策しておくと安心です。 ーー ※この記事は天気情報をもとにAIによって作成されています。 ※天気は変化するため、最新の情報は関連リンク先の各地点の天気情報をご確認ください。 ※本機能は試験的な導入です。,[],[]
【富士市】8/19 最高33℃、夜も気温高め、晴れのちくもりの予想【朝版】（Yahoo!ニュース オリジナル THE PAGE）,https://news.yahoo.co.jp/articles/caa2cae25c7a01872846e37354a89a9c83d981cc,https://newsatcl-pctr.c.yimg.jp/t/amd-img/20260819-00020112-wordleafw-000-1-view.jpg?exp=10800,2026-08-19T05:45:45+09:00,2026-08-19T05:45:45+09:00,Yahoo!ニュース オリジナル THE PAGE,wordleaf,Yahoo!ニュース オリジナル THE PAGE,505,生成AIによる作成 ★お天気川柳★ 炎天下 ボーナス明細 心晴れ ーー おはようございます！富士市専用のお天気サポートAIです！ ■きょうのざっくり天気■ 【気温の目安】 昨日と比べて、最低気温は24℃で1℃高くなっています。最高気温は33℃で差はありません。暑さを感じる場面がありそうです。 【空模様】 朝から昼間は晴れる見込みで、夕方から夜はくもりが中心になりそうです。 【降水確率】 昼間の降水確率は0〜20%、夜の降水確率は30%とされています。 ■ポイント■ ＜服装＞ きょうはTシャツなど涼しい服装が合いそうです。特に暑さを感じやすい場面は、風が通りやすい素材を選ぶと過ごしやすくなりそうです。 ＜体調＞ 外では炎天下を避けながら、こまめに水分をとると安心です。暑さが続きやすいので、無理をためこまないようにしたいです。 ＜洗濯＞ 薄手の洗濯物は進めやすい一日になりそうです。軽いものを中心に片づけるのがよさそうです。 ーー ※この記事は天気情報をもとにAIによって作成されています。 ※天気は変化するため、最新の情報は関連リンク先の各地点の天気情報をご確認ください。 ※本機能は試験的な導入です。,[],[]
【静岡市葵区】8/19 最高33℃、暑さに注意、昼間は晴れる予想【朝版】（Yahoo!ニュース オリジナル THE PAGE）,https://news.yahoo.co.jp/articles/72ed8e40f60b751a5215aa8e6392f90c7a503a98,https://newsatcl-pctr.c.yimg.jp/t/amd-img/20260819-00020111-wordleafw-000-1-view.jpg?exp=10800,2026-08-19T05:45:36+09:00,2026-08-19T05:45:36+09:00,Yahoo!ニュース オリジナル THE PAGE,wordleaf,Yahoo!ニュース オリジナル THE PAGE,516,生成AIによる作成 ★お天気川柳★ 朝の晴れ 飲み会あると 汗も引く ーー おはようございます！静岡市葵区専用のお天気サポートAIです！ ■きょうのざっくり天気■ 【気温の目安】 昨日と比べて、最低気温は24℃で1℃高く、最高気温は33℃で1℃高い見込みです。最高気温は暑さを感じる場面がありそうです。 【空模様】 朝から昼間は晴れが続く見込みで、夕方から夜はくもりが中心になりそうです。 【降水確率】 昼間の降水確率は0〜20%、夕方の降水確率は20%とされています。 ■ポイント■ ＜服装＞ きょうも夏らしい体感が続きそうです。Tシャツなど涼しい服装が合いやすく、外で過ごす時間が長い方は風が通りやすい着こなしだと過ごしやすそうです。 ＜熱中症＞ 昨日より気温が少し上がる見込みなので、強い日差しの下に長くいる予定がある方は、無理をしない過ごし方がよさそうです。 ＜洗濯＞ 日差しが届く時間が長めなので、厚手のものも片づけやすい一日になりそうです。 ーー ※この記事は天気情報をもとにAIによって作成されています。 ※天気は変化するため、最新の情報は関連リンク先の各地点の天気情報をご確認ください。 ※本機能は試験的な導入です。,[],[]
【宇治市】8/19 最高35℃、暑さ、晴れる時間が長い予想【朝版】（Yahoo!ニュース オリジナル THE PAGE）,https://news.yahoo.co.jp/articles/3237faceb7bae95ccfd6d189d1367899e1a313d1,https://newsatcl-pctr.c.yimg.jp/t/amd-img/20260819-00020110-wordleafw-000-1-view.jpg?exp=10800,2026-08-19T05:45:31+09:00,2026-08-19T05:45:31+09:00,Yahoo!ニュース オリジナル THE PAGE,wordleaf,Yahoo!ニュース オリジナル THE PAGE,488,生成AIによる作成 おはようございます！宇治市専用のお天気サポートAIです！ ■きょうのざっくり天気■ 【気温の目安】 昨日と比べて、最低気温は25℃で差はありません。最高気温は35℃で1℃高く、厳しい暑さになりそうです。 【空模様】 朝はくもりが中心で、昼間から夕方は晴れる時間が長い見込みです。夜は晴れのちくもりになりそうです。 【降水確率】 朝の降水確率は0〜10%、昼間は0〜10%、夕方は10〜20%、夜は10%とされています。 ■ポイント■ ＜服装＞ きょうは風が弱く、熱がこもりやすく感じられそうです。通気性のいい服を選んで、暑さ対策を意識すると過ごしやすそうです。 ＜体調＞ 昨日よりさらに暑さが増す見込みなので、長く外にいる予定がある方は炎天下を避けながら、こまめに休みを入れると安心です。 ＜洗濯＞ 日差しの出る時間が長そうなので、厚手のものも片づけやすい一日になりそうです。 ーー ※この記事は天気情報をもとにAIによって作成されています。 ※天気は変化するため、最新の情報は関連リンク先の各地点の天気情報をご確認ください。 ※本機能は試験的な導入です。,[],[]
【高松市】8/19 最高34℃、暑さに注意、晴れる予想【朝版】（Yahoo!ニュース オリジナル THE PAGE）,https://news.yahoo.co.jp/articles/c6d1d94cc287aba88c9080744a604bb8cdd75164,https://newsatcl-pctr.c.yimg.jp/t/amd-img/20260819-00020109-wordleafw-000-1-view.jpg?exp=10800,2026-08-19T05:45:28+09:00,2026-08-19T05:45:28+09:00,Yahoo!ニュース オリジナル THE PAGE,wordleaf,Yahoo!ニュース オリジナル THE PAGE,490,生成AIによる作成 ★お天気川柳★ 朝の雲 コーヒー飲めば 顔も晴れ ーー おはようございます！高松市専用のお天気サポートAIです！ ■きょうのざっくり天気■ 【気温の目安】 昨日と比べて、最低気温は26℃で1℃高く、最高気温は34℃で1℃高い見込みです。暑さを感じる場面がありそうです。 【空模様】 朝はくもりと晴れで、昼間から夜は晴れる予想です。 【降水の見通し】 朝の降水確率は0%で、昼間から夜の降水確率は0〜10%とされています。 ■ポイント■ ＜服装＞ きょうは通気性のいい服が合いそうです。特に昼間は熱がこもりにくい素材を選ぶと、暑さの中でも少し過ごしやすくなりそうです。 ＜体調＞ 昨日より気温が少し高く、暑さが続きそうです。屋外で長く過ごす予定がある方は、無理をしすぎないようにしたいですね。 ＜洗濯＞ 洗濯物は外干しがはかどりそうです。大きめのものも乾きやすい一日になりそうです。 ーー ※この記事は天気情報をもとにAIによって作成されています。 ※天気は変化するため、最新の情報は関連リンク先の各地点の天気情報をご確認ください。 ※本機能は試験的な導入です。,[],[]
【今治市】8/19 最高34℃、暑さ、紫外線に注意、朝から夜まで晴れる予想【朝版】（Yahoo!ニュース オリジナル THE PAGE）,https://news.yahoo.co.jp/articles/66273ba8c3bfb81388dd54510409db4a4296de2d,https://newsatcl-pctr.c.yimg.jp/t/amd-img/20260819-00020108-wordleafw-000-1-view.jpg?exp=10800,2026-08-19T05:45:21+09:00,2026-08-19T05:45:21+09:00,Yahoo!ニュース オリジナル THE PAGE,wordleaf,Yahoo!ニュース オリジナル THE PAGE,475,生成AIによる作成 ★お天気川柳★ 暑い朝 セットは負けても 挨拶勝ち ーー おはようございます！今治市専用のお天気サポートAIです！ ■きょうのざっくり天気■ 【気温の目安】 昨日と比べて、最低気温は24℃で1℃高く、最高気温は34℃で1℃高い見込みです。最高気温は暑さを感じる場面がありそうです。 【空模様】 朝から夜まで晴れる予想です。 【降水確率】 昼間から夜の降水確率は0〜10%とされています。 ■ポイント■ ＜服装＞ きょうは涼しい服装が合いそうです。外で過ごす時間がある方は、風が通りやすい着こなしを選ぶと過ごしやすくなりそうです。 ＜体調＞ 暑さが続きやすい一日になりそうなので、炎天下をなるべく避けながら、こまめに休みを入れて過ごすのがよさそうです。 ＜洗濯＞ 洗濯物ははかどりやすそうです。大きめのものを洗いたい方にも進めやすい一日になりそうです。 ーー ※この記事は天気情報をもとにAIによって作成されています。 ※天気は変化するため、最新の情報は関連リンク先の各地点の天気情報をご確認ください。 ※本機能は試験的な導入です。,[],[]
【生駒市】8/19 最高33℃、暑さに注意、晴れる予想【朝版】（Yahoo!ニュース オリジナル THE PAGE）,https://news.yahoo.co.jp/articles/f068e74e7865a49d3efc80ef6b112b67f7a889a3,https://newsatcl-pctr.c.yimg.jp/t/amd-img/20260819-00020107-wordleafw-000-1-view.jpg?exp=10800,2026-08-19T05:45:09+09:00,2026-08-19T05:45:09+09:00,Yahoo!ニュース オリジナル THE PAGE,wordleaf,Yahoo!ニュース オリジナル THE PAGE,515,生成AIによる作成 ★お天気川柳★ 朝曇り おはよう先出し 調子出る ーー おはようございます！生駒市専用のお天気サポートAIです！ ■きょうのざっくり天気■ 【気温の目安】 昨日と比べて、最低気温は24℃で差はありません。最高気温は33℃で1℃高く、暑さを感じる場面がありそうです。 【空模様】 朝はくもりが中心で、昼間から夕方は晴れる見込みです。夜は晴れのちくもりになりそうです。 【降水確率】 朝の降水確率は0〜10%、昼間の降水確率は0〜10%、夜の降水確率は10%とされています。 ■ポイント■ ＜服装＞ きょうは涼しい服装が合いそうです。特に暑さが出やすい時間は、風が通りやすい着こなしだと過ごしやすくなりそうです。 ＜体調＞ 昨日よりさらに暑さが増す見込みなので、外では炎天下を避けながら、こまめに休みを入れて過ごすのがよさそうです。 ＜洗濯＞ 洗濯物はしっかり乾きやすい一日になりそうです。厚手のものを進めたい方にも使いやすそうです。 ーー ※この記事は天気情報をもとにAIによって作成されています。 ※天気は変化するため、最新の情報は関連リンク先の各地点の天気情報をご確認ください。 ※本機能は試験的な導入です。,[],[]
【鈴鹿市】8/19 最高32℃、暑さに注意、晴れる予想【朝版】（Yahoo!ニュース オリジナル THE PAGE）,https://news.yahoo.co.jp/articles/b657163d53eefabf6ad2e07876a87c91d722bc46,https://newsatcl-pctr.c.yimg.jp/t/amd-img/20260819-00020106-wordleafw-000-1-view.jpg?exp=10800,2026-08-19T05:44:53+09:00,2026-08-19T05:44:53+09:00,Yahoo!ニュース オリジナル THE PAGE,wordleaf,Yahoo!ニュース オリジナル THE PAGE,480,生成AIによる作成 おはようございます！鈴鹿市専用のお天気サポートAIです！ ■きょうのざっくり天気■ 【気温の目安】 昨日と比べて、最低気温は25℃で差はありません。最高気温は32℃で1℃高く、暑さを感じる場面がありそうです。 【空模様】 朝はくもりが中心で、昼間から夜は晴れる見込みです。 【降水確率】 朝の降水確率は0〜10%、昼間の降水確率は10%、夜の降水確率は0〜10%とされています。 ■ポイント■ ＜服装＞ きょうも夏らしい体感が続きそうです。いつもの涼しい服装でよさそうですが、外で過ごす時間が長いなら風通しのよい着こなしを選ぶと過ごしやすそうです。 ＜紫外線＞ 日差しが届く時間が長くなりそうです。帽子や日傘で、外に出る時間帯の紫外線対策を意識すると安心です。 ＜洗濯＞ 洗濯物ははかどりやすい一日になりそうです。大きめのものを洗いたい方にも進めやすそうです。 ーー ※この記事は天気情報をもとにAIによって作成されています。 ※天気は変化するため、最新の情報は関連リンク先の各地点の天気情報をご確認ください。 ※本機能は試験的な導入です。,[],[]
【四日市市】8/19 最高32℃、暑さに注意、晴れる予想【朝版】（Yahoo!ニュース オリジナル THE PAGE）,https://news.yahoo.co.jp/articles/0952041d757e9715e25a77c447a098d4fec25816,https://newsatcl-pctr.c.yimg.jp/t/amd-img/20260819-00020105-wordleafw-000-1-view.jpg?exp=10800,2026-08-19T05:44:35+09:00,2026-08-19T05:44:35+09:00,Yahoo!ニュース オリジナル THE PAGE,wordleaf,Yahoo!ニュース オリジナル THE PAGE,509,生成AIによる作成 ★お天気川柳★ 晴れてくる 背筋ものびる 通勤路 ーー おはようございます！四日市市専用のお天気サポートAIです！ ■きょうのざっくり天気■ 【気温の目安】 昨日と比べて、最低気温は25℃で差はありません。最高気温は32℃で差はありません。暑さを感じる場面がありそうです。 【空模様】 朝はくもりがありそうですが、昼間から夜は晴れる時間が多い見込みです。 【降水確率】 朝の降水確率は0〜10%、昼間の降水確率は10%、夜の降水確率は0〜10%とされています。 ■ポイント■ ＜服装＞ きょうも涼しい服装が合いそうです。特に昼間は暑さが続きそうなので、風が通りやすい着こなしを選ぶと過ごしやすくなりそうです。 ＜紫外線＞ 日差しが届く時間が長そうです。外で過ごすなら、帽子や日傘で紫外線対策をしておくと安心です。 ＜洗濯＞ 洗濯物ははかどりやすい一日になりそうです。大きめのものを洗う予定がある方にも進めやすそうです。 ーー ※この記事は天気情報をもとにAIによって作成されています。 ※天気は変化するため、最新の情報は関連リンク先の各地点の天気情報をご確認ください。 ※本機能は試験的な導入です。,[],[]
【つくば市】8/19 最高33℃、暑さに注意、晴れる予想【朝版】（Yahoo!ニュース オリジナル THE PAGE）,https://news.yahoo.co.jp/articles/7d96bf0268f6ec48a0a7528b0da452a5bf4e3f90,https://newsatcl-pctr.c.yimg.jp/t/amd-img/20260819-00020104-wordleafw-000-1-view.jpg?exp=10800,2026-08-19T05:44:22+09:00,2026-08-19T05:44:22+09:00,Yahoo!ニュース オリジナル THE PAGE,wordleaf,Yahoo!ニュース オリジナル THE PAGE,517,生成AIによる作成 ★お天気川柳★ 朝の雲 コーヒー香れば 席に着く ーー おはようございます！つくば市専用のお天気サポートAIです！ ■きょうのざっくり天気■ 【気温の目安】 昨日と比べて、最低気温は22℃で差はありません。最高気温は33℃で2℃高く、暑さを感じる場面がありそうです。 【空模様】 朝はくもりと晴れで、昼間から夜は晴れる時間が多い見込みです。 【降水確率】 昼間の降水確率は0〜10%、夕方の降水確率は10%とされています。 ■ポイント■ ＜服装＞ きょうも夏らしい体感になりそうです。いつもの涼しい服装でよさそうですが、外で過ごす時間が長いなら風通しのよい素材を選ぶと過ごしやすそうです。 ＜体調＞ 昨日より暑さが少し増しそうなので、炎天下で長く過ごす予定がある方は無理をしすぎないようにしたいです。こまめな水分補給を意識すると安心です。 ＜紫外線＞ 晴れる時間が多そうなので、外出時は帽子や日傘で日差し対策をしておくとよさそうです。 ーー ※この記事は天気情報をもとにAIによって作成されています。 ※天気は変化するため、最新の情報は関連リンク先の各地点の天気情報をご確認ください。 ※本機能は試験的な導入です。,[],[]
【太田市】8/19 最高34℃、暑さ、紫外線、朝はくもりで昼間は晴れる予想【朝版】（Yahoo!ニュース オリジナル THE PAGE）,https://news.yahoo.co.jp/articles/4d58ebc002c9e8145be7a4ab944115fbdb0015e4,https://newsatcl-pctr.c.yimg.jp/t/amd-img/20260819-00020103-wordleafw-000-1-view.jpg?exp=10800,2026-08-19T05:44:16+09:00,2026-08-19T05:44:16+09:00,Yahoo!ニュース オリジナル THE PAGE,wordleaf,Yahoo!ニュース オリジナル THE PAGE,544,生成AIによる作成 ★お天気川柳★ 朝曇り 目薬さして 画面晴れ ーー おはようございます！太田市専用のお天気サポートAIです！ ■きょうのざっくり天気■ 【気温の目安】 昨日と比べて、最低気温は23℃で差はありません。最高気温は34℃で1℃高く、暑さを感じる場面がありそうです。 【空模様】 朝はくもりが中心で、昼間は晴れる見込みです。夕方から夜はくもりが続く予想です。 【降水確率】 昼間の降水確率は0〜20%、夜の降水確率は10〜20%とされています。 ■ポイント■ ＜服装＞ きょうは通気性のいい服が合いそうです。特に暑さが気になりやすい時間は、風が通りやすい素材やゆとりのある着こなしで過ごしやすくなりそうです。 ＜体調＞ 昨日と比べて大きな気温差はありませんが、日差しのある時間は疲れがたまりやすそうです。外では炎天下をなるべく避けて、こまめに休みながら過ごすと安心です。 ＜洗濯＞ 洗濯物は外干しを進めやすい一日になりそうです。厚手のものも片づけやすそうなので、まとめて進めるのもよさそうです。 ーー ※この記事は天気情報をもとにAIによって作成されています。 ※天気は変化するため、最新の情報は関連リンク先の各地点の天気情報をご確認ください。 ※本機能は試験的な導入です。,[],[]
【前橋市】8/19 最高34℃、暑さ、紫外線、朝はくもりで昼間は晴れる予想【朝版】（Yahoo!ニュース オリジナル THE PAGE）,https://news.yahoo.co.jp/articles/f837cb1dcdc5109bf310d5217c19ad98b9616c5f,https://newsatcl-pctr.c.yimg.jp/t/amd-img/20260819-00020102-wordleafw-000-1-view.jpg?exp=10800,2026-08-19T05:44:11+09:00,2026-08-19T05:44:11+09:00,Yahoo!ニュース オリジナル THE PAGE,wordleaf,Yahoo!ニュース オリジナル THE PAGE,504,生成AIによる作成 ★お天気川柳★ 朝曇り 名刺を出せば 顔も晴れ ーー おはようございます！前橋市専用のお天気サポートAIです！ ■きょうのざっくり天気■ 【気温の目安】 昨日と比べて、最低気温は24℃で差はありません。最高気温は34℃で2℃高く、暑さを感じる場面がありそうです。 【空模様】 朝はくもりが中心で、昼間は晴れる時間が多い見込みです。夕方から夜はくもりが続く予想です。 【降水確率】 朝の降水確率は0〜10%、昼間の降水確率は0〜20%とされています。 ■ポイント■ ＜服装＞ きょうは涼しい服装が合いそうです。特に暑さが気になりやすい時間は、風が通りやすい素材や肌離れのよい着こなしを選ぶと過ごしやすそうです。 ＜紫外線＞ 日差しが届く時間がありそうなので、外で過ごすなら帽子や日傘で早めに対策しておくと安心です。 ＜洗濯＞ 洗濯物は乾きやすそうです。厚手のものを進めたい方にも使いやすい空模様になりそうです。 ーー ※この記事は天気情報をもとにAIによって作成されています。 ※天気は変化するため、最新の情報は関連リンク先の各地点の天気情報をご確認ください。 ※本機能は試験的な導入です。,[],[]
【千葉市中央区】8/19 最高33℃、暑さに注意、晴れる時間が長い予想【朝版】（Yahoo!ニュース オリジナル THE PAGE）,https://news.yahoo.co.jp/articles/51dc139a9b1c2d5aac1bb0f7b627b730b195add5,https://newsatcl-pctr.c.yimg.jp/t/amd-img/20260819-00020101-wordleafw-000-1-view.jpg?exp=10800,2026-08-19T05:43:57+09:00,2026-08-19T05:43:57+09:00,Yahoo!ニュース オリジナル THE PAGE,wordleaf,Yahoo!ニュース オリジナル THE PAGE,531,生成AIによる作成 ★お天気川柳★ 朝の雲 乗り換え越えれば 空も晴れ ーー おはようございます！千葉市中央区専用のお天気サポートAIです！ ■きょうのざっくり天気■ 【気温の目安】 昨日と比べて、最低気温は24℃で差はありません。最高気温は33℃で1℃高く、暑さを感じる場面がありそうです。 【空模様】 朝から昼間は晴れが中心で、昼間はくもる時間もある見込みです。夕方から夜は晴れる予想です。 【降水と風】 昼間の降水確率は0〜10%、夕方の降水確率は0〜10%とされています。夕方の風速は3〜4m/sで、少し風を感じる時間がありそうです。 ■ポイント■ ＜服装＞ きょうは涼しい服装が合いそうです。暑さが出やすいので、風が通りやすい着こなしを選ぶと過ごしやすくなりそうです。 ＜熱中症＞ 外出は炎天下を避ける意識があるとよさそうです。長く歩く予定がある方は、無理をしないペースを心がけたいですね。 ＜紫外線＞ 晴れる時間が長そうなので、帽子や日傘で早めに対策しておくと安心です。 ーー ※この記事は天気情報をもとにAIによって作成されています。 ※天気は変化するため、最新の情報は関連リンク先の各地点の天気情報をご確認ください。 ※本機能は試験的な導入です。,[],[]
【岡山市南区】8/19 最高34℃、暑さに注意、晴れる予想【朝版】（Yahoo!ニュース オリジナル THE PAGE）,https://news.yahoo.co.jp/articles/5d0a18e87ef77d40290a01bd6327318ca65cc3c0,https://newsatcl-pctr.c.yimg.jp/t/amd-img/20260819-00020100-wordleafw-000-1-view.jpg?exp=10800,2026-08-19T05:43:11+09:00,2026-08-19T05:43:11+09:00,Yahoo!ニュース オリジナル THE PAGE,wordleaf,Yahoo!ニュース オリジナル THE PAGE,476,生成AIによる作成 ★お天気川柳★ 蒸す朝も タイムカードで 切り替える ーー おはようございます！岡山市南区専用のお天気サポートAIです！ ■きょうのざっくり天気■ 【気温の目安】 昨日と比べて、最低気温は25℃で差はありません。最高気温は34℃で1℃高く、暑さを感じる場面がありそうです。 【空模様】 朝はくもりと晴れで、昼間から夜は晴れる見込みです。 【降水確率】 朝の降水確率は0%、昼間から夜の降水確率は0〜10%とされています。 ■ポイント■ ＜服装＞ きょうも夏らしい体感が続きそうです。いつもの涼しい服装をベースに、風が通りやすい着こなしが合いそうです。 ＜体調＞ 外で過ごす時間が長い方は、強い日差しの時間をなるべく避けながら、こまめに水分をとると過ごしやすそうです。 ＜洗濯＞ 洗濯物ははかどりやすい一日になりそうです。大きめのものも進めやすそうです。 ーー ※この記事は天気情報をもとにAIによって作成されています。 ※天気は変化するため、最新の情報は関連リンク先の各地点の天気情報をご確認ください。 ※本機能は試験的な導入です。,[],[]
【岡山市北区】8/19 最高34℃、暑さに注意、晴れる予想【朝版】（Yahoo!ニュース オリジナル THE PAGE）,https://news.yahoo.co.jp/articles/2880d052f530166ac57b3bd8ff8b06d801043e47,https://newsatcl-pctr.c.yimg.jp/t/amd-img/20260819-00020099-wordleafw-000-1-view.jpg?exp=10800,2026-08-19T05:42:56+09:00,2026-08-19T05:42:56+09:00,Yahoo!ニュース オリジナル THE PAGE,wordleaf,Yahoo!ニュース オリジナル THE PAGE,496,生成AIによる作成 ★お天気川柳★ 朝曇り プレゼン前は 声で晴れ ーー おはようございます！岡山市北区専用のお天気サポートAIです！ ■きょうのざっくり天気■ 【気温の目安】 昨日と比べて、最低気温は26℃で1℃高く、暑さを感じる場面がありそうです。最高気温は34℃で差はありませんが、暑さを感じる場面がありそうです。 【空模様】 朝はくもりが中心で、昼間から夜は晴れる見込みです。 【降水確率】 朝の降水確率は0%、昼間から夜の降水確率は0〜10%とされています。 ■ポイント■ ＜服装＞ きょうも夏らしい暑さになりそうです。いつもの夏服をベースに、風が通りやすい素材の服を選ぶと過ごしやすそうです。 ＜体調＞ 外で長く過ごす予定がある方は、強い日差しがある時間をなるべく避けながら、こまめに休みを入れると安心です。 ＜洗濯＞ 洗濯物は外干しがはかどりそうです。大きめのものも片づけやすい一日になりそうです。 ーー ※この記事は天気情報をもとにAIによって作成されています。 ※天気は変化するため、最新の情報は関連リンク先の各地点の天気情報をご確認ください。 ※本機能は試験的な導入です。,[],[]
【東広島市】8/19 最高34℃、暑さ、紫外線、朝から晴れる予想【朝版】（Yahoo!ニュース オリジナル THE PAGE）,https://news.yahoo.co.jp/articles/e3eb11927916d832c2bbc6ac7c994b07b54f93dc,https://newsatcl-pctr.c.yimg.jp/t/amd-img/20260819-00020098-wordleafw-000-1-view.jpg?exp=10800,2026-08-19T05:42:56+09:00,2026-08-19T05:42:56+09:00,Yahoo!ニュース オリジナル THE PAGE,wordleaf,Yahoo!ニュース オリジナル THE PAGE,519,生成AIによる作成 ★お天気川柳★ 朝曇り お土産ひとつで 席ほころぶ ーー おはようございます！東広島市専用のお天気サポートAIです！ ■きょうのざっくり天気■ 【気温の目安】 昨日と比べて、最低気温は23℃で1℃高く、最高気温は34℃で1℃高い見込みです。最高気温は暑さを感じる場面がありそうです。 【空模様】 朝はくもりと晴れで、昼間から夕方は晴れる見込みです。夜は晴れのちくもりになりそうです。 【降水確率】 昼間の降水確率は0〜10%、夜の降水確率は0〜10%とされています。 ■ポイント■ ＜服装＞ きょうは涼しい服装が合いそうです。特に暑さが出やすい時間は、風が通りやすい素材のTシャツなどで無理なく過ごしやすくなりそうです。 ＜体調＞ 外出は炎天下をなるべく避けて、こまめに休みながら過ごすのがよさそうです。のどが渇く前の水分補給も意識したいところです。 ＜紫外線＞ 日差しがしっかり届きそうなので、帽子や日傘で早めに対策しておくと安心です。 ーー ※この記事は天気情報をもとにAIによって作成されています。 ※天気は変化するため、最新の情報は関連リンク先の各地点の天気情報をご確認ください。 ※本機能は試験的な導入です。,[],[]
【広島市安佐南区】8/19 最高35℃、暑さ、晴天が続く予想【朝版】（Yahoo!ニュース オリジナル THE PAGE）,https://news.yahoo.co.jp/articles/59c8201889f475173c9176a862c8d39382554f11,https://newsatcl-pctr.c.yimg.jp/t/amd-img/20260819-00020097-wordleafw-000-1-view.jpg?exp=10800,2026-08-19T05:42:44+09:00,2026-08-19T05:42:44+09:00,Yahoo!ニュース オリジナル THE PAGE,wordleaf,Yahoo!ニュース オリジナル THE PAGE,509,生成AIによる作成 ★お天気川柳★ 夏の朝 二日酔いでも ネクタイ締め ーー おはようございます！広島市安佐南区専用のお天気サポートAIです！ ■きょうのざっくり天気■ 【気温の目安】 昨日と比べて、最低気温は25℃で1℃高く、やや暑さを感じる場面がありそうです。最高気温は35℃で1℃高く、厳しい暑さになりそうです。 【空模様】 朝はくもりと晴れで、昼間から夜は晴れる時間が多い見込みです。 【降水確率】 昼間の降水確率は0〜10%、夜の降水確率は0〜10%とされています。 ■ポイント■ ＜服装＞ きょうは朝から気温が高めで、日中はかなり暑くなりそうです。通気性のいい服を選んで、熱がこもりにくい着こなしが合いそうです。 ＜体調＞ 昨日より暑さが少し増す見込みなので、外出は炎天下をできるだけ避けて、こまめに休みながら過ごすとよさそうです。 ＜洗濯＞ よく乾きやすい空模様になりそうです。大きめの洗濯物も進めやすい一日になりそうです。 ーー ※この記事は天気情報をもとにAIによって作成されています。 ※天気は変化するため、最新の情報は関連リンク先の各地点の天気情報をご確認ください。 ※本機能は試験的な導入です。,[],[]
【新潟市中央区】8/19 最高33℃、暑さに注意、晴れる予想【朝版】（Yahoo!ニュース オリジナル THE PAGE）,https://news.yahoo.co.jp/articles/443859ee0a4fdaadf606e1f274d2b8088f1309b2,https://newsatcl-pctr.c.yimg.jp/t/amd-img/20260819-00020096-wordleafw-000-1-view.jpg?exp=10800,2026-08-19T05:42:31+09:00,2026-08-19T05:42:31+09:00,Yahoo!ニュース オリジナル THE PAGE,wordleaf,Yahoo!ニュース オリジナル THE PAGE,492,生成AIによる作成 ★お天気川柳★ 晴れの空 ノー残業で 寄り道ひとつ ーー おはようございます！新潟市中央区専用のお天気サポートAIです！ ■きょうのざっくり天気■ 【気温の目安】 昨日と比べて、最低気温は25℃で1℃高く、やや暑さを感じる場面がありそうです。最高気温は33℃で差はありません。暑さを感じる場面がありそうです。 【空模様】 朝から夜にかけて晴れる時間が多く、夜はくもりに変わる時間もありそうです。 【降水確率】 朝の降水確率は0〜10%、昼間の降水確率は10〜20%とされています。 ■ポイント■ ＜服装＞ きょうは涼しい服装が合いそうです。外で過ごす時間がある方は、風が通りやすい着こなしを選ぶと過ごしやすくなりそうです。 ＜体調＞ 炎天下を避けながら、早めの水分補給を意識するとよさそうです。 ＜洗濯＞ 洗濯物は乾きやすそうです。大きめのものもまとめて進めやすい一日になりそうです。 ーー ※この記事は天気情報をもとにAIによって作成されています。 ※天気は変化するため、最新の情報は関連リンク先の各地点の天気情報をご確認ください。 ※本機能は試験的な導入です。,[],[]
【小田原市】8/19 最高32℃、暑さに注意、晴れる予想【朝版】（Yahoo!ニュース オリジナル THE PAGE）,https://news.yahoo.co.jp/articles/b2168052ea52cbf43f4579064033774116f295b9,https://newsatcl-pctr.c.yimg.jp/t/amd-img/20260819-00020095-wordleafw-000-1-view.jpg?exp=10800,2026-08-19T05:42:24+09:00,2026-08-19T05:42:24+09:00,Yahoo!ニュース オリジナル THE PAGE,wordleaf,Yahoo!ニュース オリジナル THE PAGE,508,生成AIによる作成 ★お天気川柳★ 傘いらず 寝癖はあっても 足取り軽く ーー おはようございます！小田原市専用のお天気サポートAIです！ ■きょうのざっくり天気■ 【気温の目安】 昨日と比べて、最低気温は22℃で1℃高くなっています。最高気温は32℃で差はありませんが、暑さを感じる場面がありそうです。 【空模様】 朝はくもりと晴れが混じり、昼間から夜は晴れる時間が多い見込みです。 【降水確率】 朝の降水確率は0%で、昼間から夜の降水確率は0〜10%とされています。 ■ポイント■ ＜服装＞ きょうは涼しい服装が合いそうです。外で過ごす時間が長い方は、風が通りやすい着こなしを選ぶと過ごしやすくなりそうです。 ＜体調＞ 昨日と比べて朝から空気のぬくもりが少し増しそうです。炎天下では無理をしすぎず、こまめに休みながら過ごすのがよさそうです。 ＜洗濯＞ 洗濯物は外干しがはかどりそうです。大きめのものも片づけやすい一日になりそうです。 ーー ※この記事は天気情報をもとにAIによって作成されています。 ※天気は変化するため、最新の情報は関連リンク先の各地点の天気情報をご確認ください。 ※本機能は試験的な導入です。,[],[]
【草津市】8/19 最高34℃、暑さに注意、朝はくもりで夜は晴れ間もある予想【朝版】（Yahoo!ニュース オリジナル THE PAGE）,https://news.yahoo.co.jp/articles/dc59d9feddd56f45f633efa46592006f6700aaf2,https://newsatcl-pctr.c.yimg.jp/t/amd-img/20260819-00020094-wordleafw-000-1-view.jpg?exp=10800,2026-08-19T05:42:11+09:00,2026-08-19T05:42:11+09:00,Yahoo!ニュース オリジナル THE PAGE,wordleaf,Yahoo!ニュース オリジナル THE PAGE,491,生成AIによる作成 ★お天気川柳★ 雲の朝 五月病の背を 風が押す ーー おはようございます！草津市専用のお天気サポートAIです！ ■きょうのざっくり天気■ 【気温の目安】 昨日と比べて、最低気温は24℃で1℃低く、最高気温は34℃で1℃高い予想です。最高気温は暑さを感じる場面がありそうです。 【空模様】 朝から夕方はくもりが中心で、夜は晴れ間の出る時間もありそうです。 【降水確率】 昼間の降水確率は0〜20%、夕方の降水確率は20%とされています。 ■ポイント■ ＜服装＞ いつもの夏服で過ごしやすそうですが、暑さが気になる時間に合わせてTシャツなど涼しい服装が合いそうです。 ＜体調＞ 昨日より日中の暑さが少し増しそうなので、外では炎天下を避けながら、こまめにひと息入れると過ごしやすそうです。 ＜紫外線＞ 雲が多めでも油断しすぎず、外に出る時間がある方は日焼け止めで肌を守っておくと安心です。 ーー ※この記事は天気情報をもとにAIによって作成されています。 ※天気は変化するため、最新の情報は関連リンク先の各地点の天気情報をご確認ください。 ※本機能は試験的な導入です。,[],[]
【越谷市】8/19 最高34℃、暑さ、紫外線に注意、朝から夜まで晴れる予想【朝版】（Yahoo!ニュース オリジナル THE PAGE）,https://news.yahoo.co.jp/articles/eac8d3c15b3c95e179e155bc2a1fa5616cf240e8,https://newsatcl-pctr.c.yimg.jp/t/amd-img/20260819-00020093-wordleafw-000-1-view.jpg?exp=10800,2026-08-19T05:42:01+09:00,2026-08-19T05:42:01+09:00,Yahoo!ニュース オリジナル THE PAGE,wordleaf,Yahoo!ニュース オリジナル THE PAGE,491,生成AIによる作成 ★お天気川柳★ 蝉しぐれ メールの山も ひとつずつ ーー おはようございます！越谷市専用のお天気サポートAIです！ ■きょうのざっくり天気■ 【気温の目安】 昨日と比べて、最低気温は23℃で差はありません。最高気温は34℃で1℃高く、暑さを感じる場面がありそうです。 【空模様】 朝から夜まで晴れる見込みです。 【降水確率】 昼間から夜の降水確率は0〜10%とされています。 ■ポイント■ ＜服装＞ きょうも夏らしい暑さになりそうなので、Tシャツなど涼しい服装が合いそうです。外に出る時間が長い方は、風が通りやすい着こなしを意識すると過ごしやすそうです。 ＜体調＞ 炎天下では体に熱がこもりやすそうです。外出するなら、できるだけ強い日差しを避けながら無理のないペースで過ごすのがよさそうです。 ＜洗濯＞ 洗濯物は乾きやすそうです。大きめのものもまとめて進めやすい一日になりそうです。 ーー ※この記事は天気情報をもとにAIによって作成されています。 ※天気は変化するため、最新の情報は関連リンク先の各地点の天気情報をご確認ください。 ※本機能は試験的な導入です。,[],[]
【所沢市】8/19 最高34℃、暑さ、紫外線、晴れる予想【朝版】（Yahoo!ニュース オリジナル THE PAGE）,https://news.yahoo.co.jp/articles/fa6069052e3e1d6e7b73987363a6c6cb557af7a4,https://newsatcl-pctr.c.yimg.jp/t/amd-img/20260819-00020092-wordleafw-000-1-view.jpg?exp=10800,2026-08-19T05:41:55+09:00,2026-08-19T05:41:55+09:00,Yahoo!ニュース オリジナル THE PAGE,wordleaf,Yahoo!ニュース オリジナル THE PAGE,509,生成AIによる作成 おはようございます！所沢市専用のお天気サポートAIです！ ■きょうのざっくり天気■ 【気温の目安】 昨日と比べて、最低気温は23℃で1℃高く、最高気温は34℃で2℃高い見込みです。最高気温は暑さを感じる場面がありそうです。 【空模様】 朝はくもりが中心で、昼間から夕方は晴れる見込みです。夜も晴れる時間が多そうです。 【降水確率】 朝の降水確率は0%、昼間は0〜10%、夕方は10%、夜は0〜10%とされています。 ■ポイント■ ＜服装＞ きのうより暑さが増しそうなので、Tシャツなど涼しい服装が合いそうです。外で過ごす時間がある方は、風が通りやすい着こなしを選ぶと少し楽に過ごせそうです。 ＜紫外線＞ 日差しが届く時間が長くなりそうです。帽子や日傘で、外に出る時間帯の紫外線対策をしておくと安心です。 ＜洗濯＞ 空の明るい時間が長そうなので、洗濯ははかどりやすそうです。大きめの洗濯物も進めやすい一日になりそうです。 ーー ※この記事は天気情報をもとにAIによって作成されています。 ※天気は変化するため、最新の情報は関連リンク先の各地点の天気情報をご確認ください。 ※本機能は試験的な導入です。,[],[]
【札幌市北区】8/19 最高28℃、やや暑さを感じる場面がありそう、昼間は雨の可能性もある予想【朝版】（Yahoo!ニュース オリジナル THE PAGE）,https://news.yahoo.co.jp/articles/1aa98879f9d6dc4d0df3d8c53f9518428bfd43dc,https://newsatcl-pctr.c.yimg.jp/t/amd-img/20260819-00020091-wordleafw-000-1-view.jpg?exp=10800,2026-08-19T05:41:35+09:00,2026-08-19T05:41:35+09:00,Yahoo!ニュース オリジナル THE PAGE,wordleaf,Yahoo!ニュース オリジナル THE PAGE,511,生成AIによる作成 ★お天気川柳★ 雨に備え 上着はやめて 傘えらぶ ーー おはようございます！札幌市北区専用のお天気サポートAIです！ ■きょうのざっくり天気■ 【気温の目安】 昨日と比べて、最低気温は23℃で差はありません。最高気温は28℃で1℃高く、暑さを感じる場面がありそうです。 【空模様】 朝はくもりが中心で、昼間はくもりベースながら雨の可能性もある見込みです。夜はくもりから晴れになる予想です。 【昼間の雨と風】 昼間の降水確率は30〜50%で、昼間の風速は5〜7m/sとやや風があるでしょう。 ■ポイント■ ＜服装＞ 半袖一枚で過ごしやすそうです。外を歩く時間が長い方は、風が少し通る着こなしだとラクに感じられそうです。 ＜体調＞ 昨日と大きく変わらない蒸し暑さが続きそうです。のどが渇く前に水分をとって、無理をためこまないようにしてください。 ＜傘＞ 昼間は折りたたみ傘があると安心です。短い雨に当たる可能性がありそうです。 ーー ※この記事は天気情報をもとにAIによって作成されています。 ※天気は変化するため、最新の情報は関連リンク先の各地点の天気情報をご確認ください。 ※本機能は試験的な導入です。,[],[]
【札幌市中央区】8/19 最高28℃、やや暑さを感じる場面がありそうで、昼間から夕方はくもりの予想【朝版】（Yahoo!ニュース オリジナル THE PAGE）,https://news.yahoo.co.jp/articles/0573ed0218f0f04314ea8b3b9718e57bbf85f035,https://newsatcl-pctr.c.yimg.jp/t/amd-img/20260819-00020090-wordleafw-000-1-view.jpg?exp=10800,2026-08-19T05:41:28+09:00,2026-08-19T05:41:28+09:00,Yahoo!ニュース オリジナル THE PAGE,wordleaf,Yahoo!ニュース オリジナル THE PAGE,509,生成AIによる作成 ★お天気川柳★ くもり空 有給メールで 胸は晴れ ーー おはようございます！札幌市中央区専用のお天気サポートAIです！ ■きょうのざっくり天気■ 【気温の目安】 昨日と比べて、最低気温は23℃で差はありません。最高気温は28℃で1℃高く、暑さを感じる場面がありそうです。 【空模様】 朝から夜にかけてくもりが中心で、夜は晴れ間も出る見込みです。 【降水確率】 昼間の降水確率は30〜40%、夕方の降水確率は40%とされています。 ■ポイント■ ＜服装＞ 半袖一枚で過ごしやすそうです。外を歩く時間が長い方は、風が通りやすい素材を選ぶと少しラクに感じられそうです。 ＜体調＞ 昨日より気温は大きく変わりにくいものの、暑さを感じる場面がありそうです。こまめな水分と塩分の補給、休憩を意識すると過ごしやすそうです。 ＜傘＞ 昼間から夕方は折りたたみ傘があると安心です。外干しをするなら、空の変化は気にしておくとよさそうです。 ーー ※この記事は天気情報をもとにAIによって作成されています。 ※天気は変化するため、最新の情報は関連リンク先の各地点の天気情報をご確認ください。 ※本機能は試験的な導入です。,[],[]
【名古屋市中川区】8/19 最高34℃、暑さに注意、晴れる予想【朝版】（Yahoo!ニュース オリジナル THE PAGE）,https://news.yahoo.co.jp/articles/22dc143fc3a8bda2a853f02ef976052561612627,https://newsatcl-pctr.c.yimg.jp/t/amd-img/20260819-00020089-wordleafw-000-1-view.jpg?exp=10800,2026-08-19T05:41:20+09:00,2026-08-19T05:41:20+09:00,Yahoo!ニュース オリジナル THE PAGE,wordleaf,Yahoo!ニュース オリジナル THE PAGE,516,生成AIによる作成 ★お天気川柳★ 晴れてくる 上着は椅子で 留守番だ ーー おはようございます！名古屋市中川区専用のお天気サポートAIです！ ■きょうのざっくり天気■ 【気温の目安】 昨日と比べて、最低気温は25℃で差はありません。最高気温は34℃で1℃高く、暑さを感じる場面がありそうです。 【空模様】 朝はくもりと晴れで、昼間から夜は晴れる見込みです。 【風と降水】 昼間の風速は1〜4m/s、降水確率は0〜10%とされています。 ■ポイント■ ＜服装＞ きょうは暑さが続きそうなので、今の時期らしい服装で大丈夫そうです。迷うなら、風が通りやすい素材の服を選ぶと過ごしやすくなりそうです。 ＜体調＞ 外で長く過ごす予定がある方は、いちばん暑くなる時間帯の無理は控えめがよさそうです。こまめに水分をとって、暑さをためこまないようにしてください。 ＜紫外線＞ 日差しが届く時間が長そうです。外出の際は、帽子や日傘で日差しを避ける工夫があると安心です。 ーー ※この記事は天気情報をもとにAIによって作成されています。 ※天気は変化するため、最新の情報は関連リンク先の各地点の天気情報をご確認ください。 ※本機能は試験的な導入です。,[],[]
【名古屋市緑区】8/19 最高34℃、暑さ、紫外線、朝はくもりで昼間から晴れる予想【朝版】（Yahoo!ニュース オリジナル THE PAGE）,https://news.yahoo.co.jp/articles/a81d9a0c1dfc8cb56b84a5e6912fa956f05f6d21,https://newsatcl-pctr.c.yimg.jp/t/amd-img/20260819-00020088-wordleafw-000-1-view.jpg?exp=10800,2026-08-19T05:41:11+09:00,2026-08-19T05:41:11+09:00,Yahoo!ニュース オリジナル THE PAGE,wordleaf,Yahoo!ニュース オリジナル THE PAGE,511,生成AIによる作成 ★お天気川柳★ 朝の雲 財布のひもも 引き締める ーー おはようございます！名古屋市緑区専用のお天気サポートAIです！ ■きょうのざっくり天気■ 【気温の目安】 昨日と比べて、最低気温は25℃で1℃高く、最高気温は34℃で1℃高い見込みです。最高気温は暑さを感じる場面がありそうです。 【空模様】 朝はくもりから晴れに変わり、昼間から夜は晴れる予想です。 【降水確率】 昼間の降水確率は0〜10%、夜の降水確率は0〜10%とされています。 ■ポイント■ ＜服装＞ きょうも夏らしい暑さになりそうなので、Tシャツなど涼しい服装が合いそうです。外で過ごす時間が長い方は、風が通りやすい着こなしを選ぶと過ごしやすそうです。 ＜紫外線＞ 日差しがしっかり届きそうです。外出するなら、帽子や日傘で早めに対策しておくと安心です。 ＜洗濯＞ 洗濯物ははかどりやすい一日になりそうです。大きめのものを洗う予定がある方にも進めやすそうです。 ーー ※この記事は天気情報をもとにAIによって作成されています。 ※天気は変化するため、最新の情報は関連リンク先の各地点の天気情報をご確認ください。 ※本機能は試験的な導入です。,[],[]
【福岡市博多区】8/19 最高35℃、暑さ、紫外線、昼間は晴れる予想【朝版】（Yahoo!ニュース オリジナル THE PAGE）,https://news.yahoo.co.jp/articles/cf7874aabe485ee3c527c0c045f9b18c3e17b11c,https://newsatcl-pctr.c.yimg.jp/t/amd-img/20260819-00020087-wordleafw-000-1-view.jpg?exp=10800,2026-08-19T05:41:10+09:00,2026-08-19T05:41:10+09:00,Yahoo!ニュース オリジナル THE PAGE,wordleaf,Yahoo!ニュース オリジナル THE PAGE,533,生成AIによる作成 ★お天気川柳★ 朝曇り 連休前の 顔ほころぶ ーー おはようございます！福岡市博多区専用のお天気サポートAIです！ ■きょうのざっくり天気■ 【気温の目安】 昨日と比べて、最低気温は26℃で差はありません。最高気温は35℃で差はありません。厳しい暑さになりそうです。 【空模様】 朝はくもりが中心で、昼間から夜は晴れる見込みです。 【風と降水】 昼間の風速は1〜6m/sで、やや風がある時間がありそうです。朝の降水確率は0〜20%、昼間の降水確率は10%とされています。 ■ポイント■ ＜服装＞ きょうは風が通りやすい素材の服が合いそうです。外で過ごすなら、肌離れのいい着こなしを意識すると少しラクに感じられそうです。 ＜体調＞ かなり暑くなりそうなので、屋外で長く動く予定はできるだけ控えめにするとよさそうです。のどが渇く前の水分補給も早めにしておきたいです。 ＜紫外線＞ 日差しが強まりそうです。外に出る時間がある方は、サングラスで目を守る工夫が役立ちそうです。 ーー ※この記事は天気情報をもとにAIによって作成されています。 ※天気は変化するため、最新の情報は関連リンク先の各地点の天気情報をご確認ください。 ※本機能は試験的な導入です。,[],[]
【仙台市青葉区】8/19 最高30℃、最低23℃、暑さが続く晴れの予想【朝版】（Yahoo!ニュース オリジナル THE PAGE）,https://news.yahoo.co.jp/articles/f3e3a21eaf98ba97911bcbebe0baa0643db64ce9,https://newsatcl-pctr.c.yimg.jp/t/amd-img/20260819-00020086-wordleafw-000-1-view.jpg?exp=10800,2026-08-19T05:41:06+09:00,2026-08-19T05:41:06+09:00,Yahoo!ニュース オリジナル THE PAGE,wordleaf,Yahoo!ニュース オリジナル THE PAGE,530,生成AIによる作成 ★お天気川柳★ 傘いらず 経費精算 気も晴れる ーー おはようございます！仙台市青葉区専用のお天気サポートAIです！ ■きょうのざっくり天気■ 【気温の目安】昨日と比べて、最低気温は23℃で差はありません。最高気温は30℃で1℃高く、暑さを感じる場面がありそうです。 【空模様】朝から夕方にかけて晴れる見込みで、夜は晴れのちくもりになりそうです。 【風と降水】昼間の風速は3〜5m/sで、やや風がある予想です。夕方から夜の降水確率は10%とされています。 ■ポイント■ ＜服装＞半袖をベースにしつつ、調節しやすいシャツを重ねる着こなしが合いそうです。暑さが出やすい時間に合わせて、風が通りやすいものを選ぶと過ごしやすそうです。 ＜体調＞外では暑さがこもりやすそうです。長く日なたにいる予定がある方は、無理をしすぎずこまめに休みながら過ごすのがよさそうです。 ＜紫外線＞日差しが強く照りつけそうです。外を歩く時間は、なるべく日陰を使うと負担を減らしやすそうです。 ーー ※この記事は天気情報をもとにAIによって作成されています。 ※天気は変化するため、最新の情報は関連リンク先の各地点の天気情報をご確認ください。 ※本機能は試験的な導入です。,[],[]
【仙台市太白区】8/19 最高30℃、暑さに注意、紫外線も強そうな晴れの予想【朝版】（Yahoo!ニュース オリジナル THE PAGE）,https://news.yahoo.co.jp/articles/0ef43142776a49fd920a62880672eb09f9b52178,https://newsatcl-pctr.c.yimg.jp/t/amd-img/20260819-00020085-wordleafw-000-1-view.jpg?exp=10800,2026-08-19T05:41:02+09:00,2026-08-19T05:41:02+09:00,Yahoo!ニュース オリジナル THE PAGE,wordleaf,Yahoo!ニュース オリジナル THE PAGE,496,生成AIによる作成 ★お天気川柳★ 晴れ予報 上着は今日も 置き傘化 ーー おはようございます！仙台市太白区専用のお天気サポートAIです！ ■きょうのざっくり天気■ 【気温の目安】 昨日と比べて、最低気温は22℃で1℃低く、最高気温は30℃で2℃高い見込みです。最高気温は暑さを感じる場面がありそうです。 【空模様】 朝から夜にかけて晴れる予想です。 【風と降水】 昼間の風速は4〜5m/sでやや風がありそうです。夕方の降水確率は10%とされています。 ■ポイント■ ＜服装＞ 半袖一枚で過ごしやすそうですが、暑さが気になる時間は風が通りやすい着こなしを選ぶと快適さを保ちやすそうです。 ＜紫外線＞ 日差しが強くなりそうです。外で過ごす時間がある方は、なるべく日陰を使いながら過ごすと負担を減らしやすそうです。 ＜洗濯＞ 洗濯物はしっかり乾きやすい一日になりそうです。厚手のものを進めたい方にも向いていそうです。 ーー ※この記事は天気情報をもとにAIによって作成されています。 ※天気は変化するため、最新の情報は関連リンク先の各地点の天気情報をご確認ください。 ※本機能は試験的な導入です。,[],[]
【神戸市西区】8/19 最高34℃、暑さ、紫外線に注意、晴れる予想【朝版】（Yahoo!ニュース オリジナル THE PAGE）,https://news.yahoo.co.jp/articles/719b81c3789388d6c1a81a02c6722389cc9e5199,https://newsatcl-pctr.c.yimg.jp/t/amd-img/20260819-00020084-wordleafw-000-1-view.jpg?exp=10800,2026-08-19T05:40:40+09:00,2026-08-19T05:40:40+09:00,Yahoo!ニュース オリジナル THE PAGE,wordleaf,Yahoo!ニュース オリジナル THE PAGE,498,生成AIによる作成 ★お天気川柳★ 夏の晴れ 駅の階段で 気合い入る ーー おはようございます！神戸市西区専用のお天気サポートAIです！ ■きょうのざっくり天気■ 【気温の目安】 昨日と比べて、最低気温は26℃で差はありません。最高気温は34℃で1℃高く、暑さを感じる場面がありそうです。 【空模様】 朝から夜まで晴れる見込みです。 【降水確率】 朝の降水確率は0〜10%、昼間の降水確率は0〜10%とされています。 ■ポイント■ ＜服装＞ 昨日と比べて暑さの変化は大きくありませんが、きょうも涼しい服装が合いそうです。外で過ごす時間がある方は、風が通りやすい着こなしを選ぶと過ごしやすくなりそうです。 ＜紫外線＞ 日差しが強くなりそうです。昼間に外へ出る時間が長い方は、なるべく日陰を使いながら過ごすと負担を減らしやすそうです。 ＜洗濯＞ 洗濯物ははかどりやすい一日になりそうです。大きめのものも進めやすそうです。 ーー ※この記事は天気情報をもとにAIによって作成されています。 ※天気は変化するため、最新の情報は関連リンク先の各地点の天気情報をご確認ください。 ※本機能は試験的な導入です。,[],[]
【福岡市東区】8/19 最高35℃、暑さ、紫外線、朝はくもりで昼間から晴れる予想【朝版】（Yahoo!ニュース オリジナル THE PAGE）,https://news.yahoo.co.jp/articles/e50426ba4cf7c59b250ff2e73313a296fd6a0417,https://newsatcl-pctr.c.yimg.jp/t/amd-img/20260819-00020083-wordleafw-000-1-view.jpg?exp=10800,2026-08-19T05:40:20+09:00,2026-08-19T05:40:20+09:00,Yahoo!ニュース オリジナル THE PAGE,wordleaf,Yahoo!ニュース オリジナル THE PAGE,491,生成AIによる作成 ★お天気川柳★ 暑い朝 ミュート忘れで 場が和んだ ーー おはようございます！福岡市東区専用のお天気サポートAIです！ ■きょうのざっくり天気■ 【気温の目安】 昨日と比べて、最低気温は26℃で差はありません。最高気温は35℃で差はありません。厳しい暑さになりそうです。 【空模様】 朝はくもりが中心で、昼間から夜は晴れる見込みです。 【風の様子】 昼間の風速は1〜6m/s、夕方の風速は5〜6m/sで、やや風がある時間がありそうです。 ■ポイント■ ＜服装＞ いつもの夏服でもよさそうですが、いちばん暑くなる時間に合わせて、通気性のいい服が過ごしやすそうです。 ＜体調＞ 外で長く動く予定は、できるだけ無理のない組み方がよさそうです。こまめな水分補給を意識すると安心です。 ＜紫外線＞ 日差しが強くなりそうなので、外に出る時間がある方は、サングラスで目を守る工夫が役立ちそうです。 ーー ※この記事は天気情報をもとにAIによって作成されています。 ※天気は変化するため、最新の情報は関連リンク先の各地点の天気情報をご確認ください。 ※本機能は試験的な導入です。,[],[]
【京都市左京区】8/19 最高35℃、暑さ、晴れる時間がある予想【朝版】（Yahoo!ニュース オリジナル THE PAGE）,https://news.yahoo.co.jp/articles/628be28dd7501ec875d7c84fda81717c4e3821ea,https://newsatcl-pctr.c.yimg.jp/t/amd-img/20260819-00020082-wordleafw-000-1-view.jpg?exp=10800,2026-08-19T05:40:10+09:00,2026-08-19T05:40:10+09:00,Yahoo!ニュース オリジナル THE PAGE,wordleaf,Yahoo!ニュース オリジナル THE PAGE,555,生成AIによる作成 ★お天気川柳★ 蒸す朝も 終電じゃなく 夕飯へ ーー おはようございます！京都市左京区専用のお天気サポートAIです！ ■きょうのざっくり天気■ 【気温の目安】 昨日と比べて、最低気温は25℃で差はありません。最高気温は35℃で1℃高く、厳しい暑さになりそうです。 【空模様】 朝から昼間はくもりが中心で、昼間から夕方は晴れる時間がある見込みです。夜は晴れのちくもりになりそうです。 【降水確率】 朝の降水確率は0〜10%、昼間の降水確率は0〜10%、夕方の降水確率は10〜20%とされています。 ■ポイント■ ＜服装＞ きょうは風が弱く、熱がこもりやすく感じられそうです。通気性のいい服が合わせやすく、外に出る時間が長い方は風が通りやすい着こなしがよさそうです。 ＜体調＞ 昨日と比べても暑さは続きそうです。外出は炎天下を避けながら、のどが渇く前の水分補給を意識すると過ごしやすそうです。 ＜紫外線＞ 晴れる時間は日差しが強く感じられそうです。外で過ごす予定がある方は、日焼け止めで早めに備えておくと安心です。 ーー ※この記事は天気情報をもとにAIによって作成されています。 ※天気は変化するため、最新の情報は関連リンク先の各地点の天気情報をご確認ください。 ※本機能は試験的な導入です。,[],[]
【京都市右京区】8/19 最高35℃、暑さ、紫外線、朝はくもりで昼間から晴れる予想【朝版】（Yahoo!ニュース オリジナル THE PAGE）,https://news.yahoo.co.jp/articles/de4461a1dacd03f33c0fd8cd61fb3b9028a6ad1f,https://newsatcl-pctr.c.yimg.jp/t/amd-img/20260819-00020081-wordleafw-000-1-view.jpg?exp=10800,2026-08-19T05:40:01+09:00,2026-08-19T05:40:01+09:00,Yahoo!ニュース オリジナル THE PAGE,wordleaf,Yahoo!ニュース オリジナル THE PAGE,483,生成AIによる作成 おはようございます！京都市右京区専用のお天気サポートAIです！ ■きょうのざっくり天気■ 【気温の目安】 昨日と比べて、最低気温は25℃で1℃低く、最高気温は35℃で2℃高い予想です。最高気温は厳しい暑さになりそうです。 【空模様】 朝はくもりが中心で、昼間から夜は晴れる時間が多い見込みです。 【降水確率】 朝の降水確率は0〜10%、昼間の降水確率は0〜10%とされています。 ■ポイント■ ＜服装＞ きょうは通気性のいい服が合いそうです。特に暑さが厳しくなりそうな時間は、風が通りやすい着こなしで過ごしやすくなりそうです。 ＜体調＞ 昨日より日中の暑さが強まりそうなので、外では炎天下をなるべく避けながら過ごすのがよさそうです。のどが渇く前の水分補給も意識したいです。 ＜洗濯＞ 洗濯物は乾きやすそうです。厚手のものを進めたい方にも向いている一日になりそうです。 ーー ※この記事は天気情報をもとにAIによって作成されています。 ※天気は変化するため、最新の情報は関連リンク先の各地点の天気情報をご確認ください。 ※本機能は試験的な導入です。,[],[]
【京都市伏見区】8/19 最高35℃、暑さ、紫外線、昼間は晴れる予想【朝版】（Yahoo!ニュース オリジナル THE PAGE）,https://news.yahoo.co.jp/articles/aee0bf2e1efbfeea7e2b815e48ded6be8aaf747c,https://newsatcl-pctr.c.yimg.jp/t/amd-img/default.jpg?exp=10800,2026-08-19T05:32:06+09:00,2026-08-19T05:32:06+09:00,Yahoo!ニュース オリジナル THE PAGE,wordleaf,Yahoo!ニュース オリジナル THE PAGE,525,★お天気川柳★ 晴れ予報 ため息しまい 袖まくる ーー おはようございます！京都市伏見区専用のお天気サポートAIです！ ■きょうのざっくり天気■ 【気温の目安】 昨日と比べて、最低気温は25℃で差はありません。最高気温は35℃で1℃高く、厳しい暑さになりそうです。 【空模様】 朝はくもりが中心で、昼間から夕方は晴れる見込みです。夜は晴れが続いたあと、くもる時間もありそうです。 【降水確率】 朝の降水確率は0〜10%、昼間の降水確率は0〜10%とされています。 ■ポイント■ ＜服装＞ きょうは風が弱く、暑さがこもりやすそうです。通気性のいい服をベースにして、熱がこもりにくい着こなしが合いそうです。 ＜体調＞ 昨日よりさらに暑さが増す見込みなので、外に出る時間が長い方は炎天下をできるだけ避けて、こまめに水分をとる意識があると安心です。 ＜洗濯＞ 日差しの出る時間が長めで、洗濯物はしっかり乾きやすそうです。厚手のものを進めたい方にも使いやすい空模様になりそうです。 ーー ※この記事は天気情報をもとにAIによって作成されています。 ※天気は変化するため、最新の情報は関連リンク先の各地点の天気情報をご確認ください。 ※本機能は試験的な導入です。,[],[]
【横浜市青葉区】8/19 最高34℃、暑さ、紫外線、朝はくもりで昼間から晴れる予想【朝版】（Yahoo!ニュース オリジナル THE PAGE）,https://news.yahoo.co.jp/articles/81f161b3ca388ddcc5d809964f273a1557931d11,https://newsatcl-pctr.c.yimg.jp/t/amd-img/20260819-00020079-wordleafw-000-1-view.jpg?exp=10800,2026-08-19T05:31:35+09:00,2026-08-19T05:31:35+09:00,Yahoo!ニュース オリジナル THE PAGE,wordleaf,Yahoo!ニュース オリジナル THE PAGE,511,生成AIによる作成 ★お天気川柳★ 朝の雲 経費精算 片がつく ーー おはようございます！横浜市青葉区専用のお天気サポートAIです！ ■きょうのざっくり天気■ 【気温の目安】 昨日と比べて、最低気温は24℃で1℃高く、最高気温は34℃で2℃高い予想です。最高気温は暑さを感じる場面がありそうです。 【空模様】 朝はくもりと晴れで、昼間から夜は晴れる見込みです。 【風と雨】 昼間の風速は2〜3m/s、夕方の風速は4m/sとされ、降水確率は昼間0〜10%、夕方0〜10%の予想です。 ■ポイント■ ＜服装＞ きょうは涼しい服装が合いそうです。特に暑さが出やすい時間は、風が通りやすい素材の服だと過ごしやすくなりそうです。 ＜体調＞ 昨日より暑さが増す見込みなので、外では炎天下をなるべく避けて、早めの水分補給を意識するとよさそうです。 ＜紫外線＞ 日差しが届く時間が長くなりそうです。帽子や日傘で、外に出るときの紫外線対策をしておくと安心です。 ーー ※この記事は天気情報をもとにAIによって作成されています。 ※天気は変化するため、最新の情報は関連リンク先の各地点の天気情報をご確認ください。 ※本機能は試験的な導入です。,[],[]
【横浜市港北区】8/19 最高34℃、最低25℃、暑さが続く晴れの予想【朝版】（Yahoo!ニュース オリジナル THE PAGE）,https://news.yahoo.co.jp/articles/9fb0d41835031c6585d5c4dcce510f02d8f7b7b3,https://newsatcl-pctr.c.yimg.jp/t/amd-img/20260819-00020078-wordleafw-000-1-view.jpg?exp=10800,2026-08-19T05:31:13+09:00,2026-08-19T05:31:13+09:00,Yahoo!ニュース オリジナル THE PAGE,wordleaf,Yahoo!ニュース オリジナル THE PAGE,498,生成AIによる作成 ★お天気川柳★ 洗濯日和 胃もたれ気分も 干していく ーー おはようございます！横浜市港北区専用のお天気サポートAIです！ ■きょうのざっくり天気■ 【気温の目安】 昨日と比べて、最低気温は25℃で1℃高く、やや暑さを感じる場面がありそうです。最高気温は34℃で2℃高く、暑さを感じる場面がありそうです。 【空模様】 朝から夜まで晴れる見込みです。 【昼間の風】 昼間の風速は2〜4m/sとされていて、風は普通くらいになりそうです。 ■ポイント■ ＜服装＞ きょうは涼しい服装が合いそうです。特に昼間は熱がこもりにくい素材を選ぶと、暑さの中でも過ごしやすくなりそうです。 ＜体調＞ 昨日より暑さが増す見込みなので、外では炎天下をなるべく避けて、早めの水分補給を意識するとよさそうです。 ＜紫外線＞ 日差しがたっぷり届きそうです。帽子や日傘で、外に出る時間に合わせて紫外線対策をしておくと安心です。 ーー ※この記事は天気情報をもとにAIによって作成されています。 ※天気は変化するため、最新の情報は関連リンク先の各地点の天気情報をご確認ください。 ※本機能は試験的な導入です。,[],[]
【高槻市】8/19 最高34℃、暑さに注意、昼間は晴れる予想【朝版】（Yahoo!ニュース オリジナル THE PAGE）,https://news.yahoo.co.jp/articles/6174ed7b62e66c9096766ac0a7a4390dfc72936e,https://newsatcl-pctr.c.yimg.jp/t/amd-img/20260819-00020077-wordleafw-000-1-view.jpg?exp=10800,2026-08-19T05:31:01+09:00,2026-08-19T05:31:01+09:00,Yahoo!ニュース オリジナル THE PAGE,wordleaf,Yahoo!ニュース オリジナル THE PAGE,477,生成AIによる作成 ★お天気川柳★ 曇る朝 胃もたれあるある 深呼吸 ーー おはようございます！高槻市専用のお天気サポートAIです！ ■きょうのざっくり天気■ 【気温の目安】 昨日と比べて、最低気温は25℃で差はありません。最高気温は34℃で差はありません。暑さを感じる場面がありそうです。 【空模様】 朝はくもりが中心で、昼間から夜は晴れる時間が多くなりそうです。 【降水確率】 朝の降水確率は0〜10%、昼間の降水確率は0〜10%とされています。 ■ポイント■ ＜服装＞ いつもの夏服でよさそうですが、いちばん暑くなる時間に合わせて、風が通りやすい服が過ごしやすそうです。 ＜体調＞ 外で長く過ごす予定がある方は、強い日差しの時間をなるべく避けながら、こまめに休みを入れると安心です。 ＜洗濯＞ 洗濯物ははかどりやすい一日になりそうです。大きめのものも進めやすそうです。 ーー ※この記事は天気情報をもとにAIによって作成されています。 ※天気は変化するため、最新の情報は関連リンク先の各地点の天気情報をご確認ください。 ※本機能は試験的な導入です。,[],[]
【豊橋市】8/19 最高32℃、暑さ、紫外線に注意、朝から夜まで晴れる予想【朝版】（Yahoo!ニュース オリジナル THE PAGE）,https://news.yahoo.co.jp/articles/54105145c884e0018d122f4d707b1ecd27a8dc20,https://newsatcl-pctr.c.yimg.jp/t/amd-img/20260819-00020076-wordleafw-000-1-view.jpg?exp=10800,2026-08-19T05:30:45+09:00,2026-08-19T05:30:45+09:00,Yahoo!ニュース オリジナル THE PAGE,wordleaf,Yahoo!ニュース オリジナル THE PAGE,484,生成AIによる作成 ★お天気川柳★ 朝の晴れ フレックスなら 汗前に着く ーー おはようございます！豊橋市専用のお天気サポートAIです！ ■きょうのざっくり天気■ 【気温の目安】 昨日と比べて、最低気温は24℃で1℃高くなりそうです。最高気温は32℃で差はありませんが、暑さを感じる場面がありそうです。 【空模様】 朝から夜まで晴れが続く見込みです。 【降水確率】 朝の降水確率は0%、昼間は0〜10%、夕方は10%、夜は0〜10%とされています。 ■ポイント■ ＜服装＞ きょうは涼しい服装が合いそうです。特に暑さが出やすい時間は、風が通りやすい着こなしだと過ごしやすくなりそうです。 ＜紫外線＞ 日差しが強く照りつけそうです。外で過ごすなら、なるべく日陰を使うと負担を減らしやすそうです。 ＜洗濯＞ 洗濯物はよく乾きやすい一日になりそうです。大きめのものを洗うのにも向いていそうです。 ーー ※この記事は天気情報をもとにAIによって作成されています。 ※天気は変化するため、最新の情報は関連リンク先の各地点の天気情報をご確認ください。 ※本機能は試験的な導入です。,[],[]
【豊田市】8/19 最高34℃、暑さに注意、晴れる予想【朝版】（Yahoo!ニュース オリジナル THE PAGE）,https://news.yahoo.co.jp/articles/984e40af6873faf74dbeac4efd2f4ed8c3139b28,https://newsatcl-pctr.c.yimg.jp/t/amd-img/20260819-00020075-wordleafw-000-1-view.jpg?exp=10800,2026-08-19T05:30:43+09:00,2026-08-19T05:30:43+09:00,Yahoo!ニュース オリジナル THE PAGE,wordleaf,Yahoo!ニュース オリジナル THE PAGE,468,生成AIによる作成 おはようございます！豊田市専用のお天気サポートAIです！ ■きょうのざっくり天気■ 【気温の目安】 昨日と比べて、最低気温は23℃、最高気温は34℃で、ともに差はありません。最高気温は34℃で、暑さを感じる場面がありそうです。 【空模様】 朝から夜にかけて晴れる見込みです。 【降水確率】 朝の降水確率は0%、昼間から夜の降水確率は0〜10%とされています。 ■ポイント■ ＜服装＞ きょうは通気性のいい服が合いそうです。特に暑さが気になりやすい時間は、風が通りやすい着こなしを選ぶと過ごしやすくなりそうです。 ＜体調＞ 外で長く過ごす予定がある方は、炎天下をなるべく避けながら、こまめに水分をとる意識があると安心です。 ＜紫外線＞ 日差しが届きやすい一日になりそうです。帽子や日傘で、外に出る時間に合わせて対策しておくとよさそうです。 ーー ※この記事は天気情報をもとにAIによって作成されています。 ※天気は変化するため、最新の情報は関連リンク先の各地点の天気情報をご確認ください。 ※本機能は試験的な導入です。,[],[]
【吹田市】8/19 最高34℃、暑さ、最低26℃、朝はくもりで昼間から晴れる予想【朝版】（Yahoo!ニュース オリジナル THE PAGE）,https://news.yahoo.co.jp/articles/4eba101ab7757d555e23c1b9815de1e22d96fd56,https://newsatcl-pctr.c.yimg.jp/t/amd-img/20260819-00020074-wordleafw-000-1-view.jpg?exp=10800,2026-08-19T05:30:29+09:00,2026-08-19T05:30:29+09:00,Yahoo!ニュース オリジナル THE PAGE,wordleaf,Yahoo!ニュース オリジナル THE PAGE,526,生成AIによる作成 ★お天気川柳★ 朝曇り 日傘と雨傘 どっち持つ ーー おはようございます！吹田市専用のお天気サポートAIです！ ■きょうのざっくり天気■ 【気温の目安】 昨日と比べて、最低気温は26℃で1℃高く、やや暑さを感じる場面がありそうです。最高気温は34℃で1℃高く、暑さを感じる場面がありそうです。 【空模様】 朝はくもりが中心で、昼間から夜は晴れる見込みです。 【降水確率】 朝の降水確率は0〜20%、昼間の降水確率は0〜10%とされています。 ■ポイント■ ＜服装＞ きょうは風が弱めで熱がこもりやすそうなので、通気性のいい服が合いそうです。外を歩く時間がある方は、風が通りやすい着こなしを意識すると過ごしやすくなりそうです。 ＜体調＞ 昨日より気温が少し高く、日差しが出る時間は暑さがこたえやすそうです。外出は炎天下をなるべく避けて、早めの水分補給を心がけると安心です。 ＜洗濯＞ 洗濯物は乾きやすそうです。大きめのものも進めやすい一日になりそうです。 ーー ※この記事は天気情報をもとにAIによって作成されています。 ※天気は変化するため、最新の情報は関連リンク先の各地点の天気情報をご確認ください。 ※本機能は試験的な導入です。,[],[]
【豊中市】8/19 最高34℃、暑さ、紫外線、朝はくもりで昼間から晴れる予想【朝版】（Yahoo!ニュース オリジナル THE PAGE）,https://news.yahoo.co.jp/articles/b9b308f363f40efc4052d2a56157990ddd03c61b,https://newsatcl-pctr.c.yimg.jp/t/amd-img/20260819-00020073-wordleafw-000-1-view.jpg?exp=10800,2026-08-19T05:30:27+09:00,2026-08-19T05:30:27+09:00,Yahoo!ニュース オリジナル THE PAGE,wordleaf,Yahoo!ニュース オリジナル THE PAGE,492,生成AIによる作成 ★お天気川柳★ 曇る朝 他部署もまた 同じ顔 ーー おはようございます！豊中市専用のお天気サポートAIです！ ■きょうのざっくり天気■ 【気温の目安】 昨日と比べて、最低気温は25℃で差はありません。最高気温は34℃で差はありません。暑さを感じる場面がありそうです。 【空模様】 朝はくもりが中心で、昼間から夜は晴れる見込みです。 【降水確率】 朝の降水確率は0〜20%、昼間の降水確率は0〜10%とされています。 ■ポイント■ ＜服装＞ きょうは風通しのいい服が合いそうです。外で過ごす時間がある方は、熱がこもりにくい素材を選ぶと過ごしやすくなりそうです。 ＜紫外線＞ 日差しが出る時間は紫外線対策を意識したいところです。帽子や日傘で、外に出る時間に合わせて無理なくカバーするとよさそうです。 ＜洗濯＞ 洗濯物は乾きやすそうです。大きめのものもまとめて進めやすい一日になりそうです。 ーー ※この記事は天気情報をもとにAIによって作成されています。 ※天気は変化するため、最新の情報は関連リンク先の各地点の天気情報をご確認ください。 ※本機能は試験的な導入です。,[],[]
【一宮市】8/19 最高34℃、暑さに注意、晴れる予想【朝版】（Yahoo!ニュース オリジナル THE PAGE）,https://news.yahoo.co.jp/articles/bea4ff7a280e9b662bf669cca157a8c891e3af43,https://newsatcl-pctr.c.yimg.jp/t/amd-img/20260819-00020072-wordleafw-000-1-view.jpg?exp=10800,2026-08-19T05:30:07+09:00,2026-08-19T05:30:07+09:00,Yahoo!ニュース オリジナル THE PAGE,wordleaf,Yahoo!ニュース オリジナル THE PAGE,516,生成AIによる作成 ★お天気川柳★ 朝の雲 五月病の背を 少し押す ーー おはようございます！一宮市専用のお天気サポートAIです！ ■きょうのざっくり天気■ 【気温の目安】 昨日と比べて、最低気温は25℃、最高気温は34℃で、ともに差はありません。最高気温は34℃で、暑さを感じる場面がありそうです。 【空模様】 朝はくもりと晴れで、昼間から夜は晴れる見込みです。 【降水と風】 昼間の降水確率は0〜10%、夜の風速は2〜4m/sとされています。 ■ポイント■ ＜服装＞ きょうも暑さ対策を優先した服装が合いそうです。通気性のいい素材を選ぶと、昼間の暑さをしのぎやすくなりそうです。 ＜体調＞ 昨日と比べて気温の大きな変化はありませんが、厳しい暑さに近い体感になりそうです。外では無理をしすぎず、炎天下を避けて過ごすのがよさそうです。 ＜紫外線＞ 日差しが届く時間が長くなりそうです。外に出る時間がある方は、帽子や日傘で紫外線対策をしておくと安心です。 ーー ※この記事は天気情報をもとにAIによって作成されています。 ※天気は変化するため、最新の情報は関連リンク先の各地点の天気情報をご確認ください。 ※本機能は試験的な導入です。,[],[]
【枚方市】8/19 最高34℃、暑さに注意、朝はくもりで昼間から晴れる予想【朝版】（Yahoo!ニュース オリジナル THE PAGE）,https://news.yahoo.co.jp/articles/927ca9c6e90eda01a98fa3f3e5d10b207f96056c,https://newsatcl-pctr.c.yimg.jp/t/amd-img/20260819-00020071-wordleafw-000-1-view.jpg?exp=10800,2026-08-19T05:29:54+09:00,2026-08-19T05:29:54+09:00,Yahoo!ニュース オリジナル THE PAGE,wordleaf,Yahoo!ニュース オリジナル THE PAGE,507,生成AIによる作成 ★お天気川柳★ 暑い朝 一駅ぶんの 汗が褒美 ーー おはようございます！枚方市専用のお天気サポートAIです！ ■きょうのざっくり天気■ 【気温の目安】 昨日と比べて、最低気温は25℃、最高気温は34℃で、ともに差はありません。最高気温は34℃で、暑さを感じる場面がありそうです。 【空模様】 朝はくもりが中心で、昼間から夕方は晴れる見込みです。夜は晴れのちくもりになりそうです。 【降水確率】 朝の降水確率は0〜10%、昼間の降水確率は0〜10%とされています。 ■ポイント■ ＜服装＞ きょうは風が通りやすい服が合いそうです。暑さが続きやすいので、肌離れのいい素材を選ぶと過ごしやすくなりそうです。 ＜体調＞ 昨日と比べて気温の大きな変化はありませんが、厳しい暑さが続きそうです。外では無理をしすぎず、炎天下を避けて過ごすのがよさそうです。 ＜洗濯＞ 日差しの出る時間が長めで、洗濯物はしっかり乾きやすそうです。 ーー ※この記事は天気情報をもとにAIによって作成されています。 ※天気は変化するため、最新の情報は関連リンク先の各地点の天気情報をご確認ください。 ※本機能は試験的な導入です。,[],[]
【尼崎市】8/19 最高34℃、暑さに注意、晴れる予想【朝版】（Yahoo!ニュース オリジナル THE PAGE）,https://news.yahoo.co.jp/articles/2cc6bdc98be296808afea48a924fb211e4b075b0,https://newsatcl-pctr.c.yimg.jp/t/amd-img/20260819-00020070-wordleafw-000-1-view.jpg?exp=10800,2026-08-19T05:29:46+09:00,2026-08-19T05:29:46+09:00,Yahoo!ニュース オリジナル THE PAGE,wordleaf,Yahoo!ニュース オリジナル THE PAGE,512,生成AIによる作成 ★お天気川柳★ 朝曇り 寄り道やめて 涼しいうち ーー おはようございます！尼崎市専用のお天気サポートAIです！ ■きょうのざっくり天気■ 【気温の目安】 昨日と比べて、最低気温は26℃で差はありません。最高気温は34℃で1℃高く、暑さを感じる場面がありそうです。 【空模様】 朝はくもりが中心で、昼間から夜は晴れる見込みです。 【降水確率】 朝の降水確率は0〜20%、昼間は0〜10%、夕方は10%、夜は10%とされています。 ■ポイント■ ＜服装＞ きょうは暑さが続きやすそうなので、通気性のいい服が合いそうです。外を歩く時間がある方は、風が通りやすい着こなしを意識すると過ごしやすくなりそうです。 ＜体調＞ 昨日と比べても厳しい暑さは続きそうです。外出は炎天下を避けながら、のどが渇く前の水分補給を心がけると安心です。 ＜紫外線＞ 晴れる時間が長くなりそうなので、帽子や日傘で早めに紫外線対策をしておくとよさそうです。 ーー ※この記事は天気情報をもとにAIによって作成されています。 ※天気は変化するため、最新の情報は関連リンク先の各地点の天気情報をご確認ください。 ※本機能は試験的な導入です。,[],[]
【柏市】8/19 最高34℃、暑さに注意、晴れる予想【朝版】（Yahoo!ニュース オリジナル THE PAGE）,https://news.yahoo.co.jp/articles/08f161bf0d6761a354c1049fc7c5da99147ddeef,https://newsatcl-pctr.c.yimg.jp/t/amd-img/20260819-00020069-wordleafw-000-1-view.jpg?exp=10800,2026-08-19T05:29:45+09:00,2026-08-19T05:29:45+09:00,Yahoo!ニュース オリジナル THE PAGE,wordleaf,Yahoo!ニュース オリジナル THE PAGE,468,生成AIによる作成 ★お天気川柳★ 洗濯日和 肩こりまでも 乾けばいい ーー おはようございます！柏市専用のお天気サポートAIです！ ■きょうのざっくり天気■ 【気温の目安】 昨日と比べて、最低気温は23℃で差はありません。最高気温は34℃で2℃高く、暑さを感じる場面がありそうです。 【空模様】 朝から夜にかけて晴れる時間が多い見込みです。 【降水確率】 昼間の降水確率は0〜10%で、夕方の降水確率は10%とされています。 ■ポイント■ ＜服装＞ いつもの夏服で過ごしやすそうですが、暑さが強まりそうなので、Tシャツなど涼しい服装が合いそうです。 ＜紫外線＞ 日差しがしっかり届きそうです。外で過ごす時間がある方は、帽子や日傘で紫外線対策をしておくと安心です。 ＜洗濯＞ 洗濯物は外干しを進めやすい一日になりそうです。大きめのものも片づけやすそうです。 ーー ※この記事は天気情報をもとにAIによって作成されています。 ※天気は変化するため、最新の情報は関連リンク先の各地点の天気情報をご確認ください。 ※本機能は試験的な導入です。,[],[]
【徳島市】8/19 最高34℃、暑さに注意、晴れる予想【朝版】（Yahoo!ニュース オリジナル THE PAGE）,https://news.yahoo.co.jp/articles/91a55aa61b3bf525ddb5a94977482300be404d8e,https://newsatcl-pctr.c.yimg.jp/t/amd-img/20260819-00020068-wordleafw-000-1-view.jpg?exp=10800,2026-08-19T05:29:34+09:00,2026-08-19T05:29:34+09:00,Yahoo!ニュース オリジナル THE PAGE,wordleaf,Yahoo!ニュース オリジナル THE PAGE,482,生成AIによる作成 ★お天気川柳★ 朝の晴れ クリーニング済みで 背筋伸びる ーー おはようございます！徳島市専用のお天気サポートAIです！ ■きょうのざっくり天気■ 【気温の目安】 昨日と比べて、最低気温は25℃で差はありません。最高気温は34℃で3℃高く、暑さを感じる場面がありそうです。 【空模様】 朝から夜にかけて晴れる時間が多い予想です。 【降水確率】 朝の降水確率は0%、昼間から夜の降水確率は0〜10%とされています。 ■ポイント■ ＜服装＞ きょうは涼しい服装が合いそうです。特に暑さを感じやすい時間は、風が通りやすい素材のTシャツなどで過ごしやすくなりそうです。 ＜紫外線＞ 日差しが届く時間が長そうなので、外に出る時間がある方は帽子や日傘で紫外線対策をしておくと安心です。 ＜洗濯＞ 洗濯物は外干しがはかどりそうです。大きめのものも片づけやすい一日になりそうです。 ーー ※この記事は天気情報をもとにAIによって作成されています。 ※天気は変化するため、最新の情報は関連リンク先の各地点の天気情報をご確認ください。 ※本機能は試験的な導入です。,[],[]
【東大阪市】8/19 最高34℃、暑さに注意、晴れる時間が多い予想【朝版】（Yahoo!ニュース オリジナル THE PAGE）,https://news.yahoo.co.jp/articles/aa8e9d4765efc5fc6a139260d5b77fe2528fd54a,https://newsatcl-pctr.c.yimg.jp/t/amd-img/20260819-00020067-wordleafw-000-1-view.jpg?exp=10800,2026-08-19T05:29:33+09:00,2026-08-19T05:29:33+09:00,Yahoo!ニュース オリジナル THE PAGE,wordleaf,Yahoo!ニュース オリジナル THE PAGE,514,生成AIによる作成 ★お天気川柳★ 曇る朝 コーヒーひと口 先に晴れ ーー おはようございます！東大阪市専用のお天気サポートAIです！ ■きょうのざっくり天気■ 【気温の目安】 昨日と比べて、最低気温は26℃で差はありません。最高気温は34℃で1℃高く、暑さを感じる場面がありそうです。 【空模様】 朝はくもりが中心で、昼間から夜は晴れる時間が多くなりそうです。 【降水確率】 朝の降水確率は0〜10%、昼間の降水確率は0〜10%とされています。 ■ポイント■ ＜服装＞ きょうも暑さ対策を意識したい日です。通気性のいい服をベースにすると、外で過ごす時間も少し楽になりそうです。 ＜熱中症＞ 昨日と比べて大きな涼しさは期待しにくく、強い日差しの時間は負担がかかりやすそうです。外出は炎天下を避ける意識があると安心です。 ＜洗濯＞ 日差しが届く時間が長めなので、厚手のものも進めやすそうです。まとめて洗いたい物がある方にははかどる一日になりそうです。 ーー ※この記事は天気情報をもとにAIによって作成されています。 ※天気は変化するため、最新の情報は関連リンク先の各地点の天気情報をご確認ください。 ※本機能は試験的な導入です。,[],[]
【奈良市】8/19 最高34℃、暑さ、晴れる時間が長い予想【朝版】（Yahoo!ニュース オリジナル THE PAGE）,https://news.yahoo.co.jp/articles/d72bb6e3b1e49c233aed6dd43f607c0b93b9d82b,https://newsatcl-pctr.c.yimg.jp/t/amd-img/20260819-00020066-wordleafw-000-1-view.jpg?exp=10800,2026-08-19T05:29:13+09:00,2026-08-19T05:29:13+09:00,Yahoo!ニュース オリジナル THE PAGE,wordleaf,Yahoo!ニュース オリジナル THE PAGE,543,生成AIによる作成 ★お天気川柳★ 朝曇り 五月病でも 席につく ーー おはようございます！奈良市専用のお天気サポートAIです！ ■きょうのざっくり天気■ 【気温の目安】 昨日と比べて、最低気温は24℃で差はありません。最高気温は34℃で1℃高く、暑さを感じる場面がありそうです。 【空模様】 朝はくもりが中心で、昼間から夕方は晴れる時間が長い見込みです。夜は晴れからくもりになる予想です。 【降水の見通し】 朝の降水確率は0〜10%、昼間の降水確率は10%、夕方の降水確率は10%、夜の降水確率は10%とされています。 ■ポイント■ ＜服装＞ きょうは風が弱く、熱がこもりやすく感じられそうです。通気性のいい服が合わせやすく、外で過ごす時間が長い方は風が通る着こなしがよさそうです。 ＜体調＞ 昨日よりさらに厳しい暑さに近づきそうです。外出は炎天下を避けながら、のどが渇く前の水分補給を意識すると過ごしやすそうです。 ＜紫外線＞ 晴れる時間が長くなりそうなので、帽子や日傘で早めに対策しておくと安心です。 ーー ※この記事は天気情報をもとにAIによって作成されています。 ※天気は変化するため、最新の情報は関連リンク先の各地点の天気情報をご確認ください。 ※本機能は試験的な導入です。,[],[]
【大津市】8/19 最高34℃、暑さに注意、晴れる時間がある予想【朝版】（Yahoo!ニュース オリジナル THE PAGE）,https://news.yahoo.co.jp/articles/6ceb72c1b9257249b78aa82d45ca09993d5ee145,https://newsatcl-pctr.c.yimg.jp/t/amd-img/20260819-00020065-wordleafw-000-1-view.jpg?exp=10800,2026-08-19T05:29:01+09:00,2026-08-19T05:29:01+09:00,Yahoo!ニュース オリジナル THE PAGE,wordleaf,Yahoo!ニュース オリジナル THE PAGE,514,生成AIによる作成 ★お天気川柳★ 雲の朝 やる気は低空 手は動く ーー おはようございます！大津市専用のお天気サポートAIです！ ■きょうのざっくり天気■ 【気温の目安】 昨日と比べて、最低気温は24℃で1℃低く、最高気温は34℃で1℃高い予想です。最高気温は暑さを感じる場面がありそうです。 【空模様】 朝から昼間はくもりが中心で、夕方は晴れる見込みです。夜は晴れからくもりになる予想です。 【降水確率】 朝の降水確率は0%、昼間は0〜20%、夕方は20%、夜は10%とされています。 ■ポイント■ ＜服装＞ いつもの夏服でよさそうですが、昼間の暑さに合わせて、通気性のいい素材の服が過ごしやすそうです。 ＜体調＞ 外で長く過ごす予定がある方は、いちばん暑くなる時間帯は無理をしすぎず、こまめに休みながら過ごすと安心です。 ＜紫外線＞ 晴れる時間は日差しが届きやすそうです。外に出る時間がある方は、日焼け止めで早めに対策しておくとよさそうです。 ーー ※この記事は天気情報をもとにAIによって作成されています。 ※天気は変化するため、最新の情報は関連リンク先の各地点の天気情報をご確認ください。 ※本機能は試験的な導入です。,[],[]
【甲府市】8/19 最高34℃、暑さに注意、くもり中心の予想【朝版】（Yahoo!ニュース オリジナル THE PAGE）,https://news.yahoo.co.jp/articles/8ec7e136e7934eb47ac2609c61c6e4d0a2b620be,https://newsatcl-pctr.c.yimg.jp/t/amd-img/20260819-00020064-wordleafw-000-1-view.jpg?exp=10800,2026-08-19T05:28:54+09:00,2026-08-19T05:28:54+09:00,Yahoo!ニュース オリジナル THE PAGE,wordleaf,Yahoo!ニュース オリジナル THE PAGE,531,生成AIによる作成 ★お天気川柳★ 朝曇り 残業メール 見ぬふりし ーー おはようございます！甲府市専用のお天気サポートAIです！ ■きょうのざっくり天気■ 【気温の目安】 昨日と比べて、最低気温は23℃、最高気温は34℃で、ともに差はありません。最高気温は暑さを感じる場面がありそうです。 【空模様】 朝から夜にかけてくもりが中心で、昼間から夕方はにわか雨の可能性もあるようです。 【雨の可能性】 昼間の降水確率は10〜40%、夕方の降水確率は40%とされています。 ■ポイント■ ＜服装＞ きょうも暑さ対策を優先した服装が合いそうです。通気性のいい素材を選ぶと、昼間のむっとした暑さをしのぎやすくなりそうです。 ＜体調＞ 昨日と比べて気温の大きな変化はありませんが、厳しい暑さは続きそうです。外に出る時間が長い方は、炎天下をなるべく避けて過ごすのがよさそうです。 ＜紫外線＞ 雲が多めでも油断はしにくそうです。外で過ごす予定がある方は、日焼け止めで早めに対策しておくと安心です。 ーー ※この記事は天気情報をもとにAIによって作成されています。 ※天気は変化するため、最新の情報は関連リンク先の各地点の天気情報をご確認ください。 ※本機能は試験的な導入です。,[],[]
【高崎市】8/19 最高34℃、暑さ、紫外線、朝はくもりで昼間は晴れる予想【朝版】（Yahoo!ニュース オリジナル THE PAGE）,https://news.yahoo.co.jp/articles/20a7bf640f8acd63774e00f7a4784a5cf5126077,https://newsatcl-pctr.c.yimg.jp/t/amd-img/20260819-00020063-wordleafw-000-1-view.jpg?exp=10800,2026-08-19T05:28:51+09:00,2026-08-19T05:28:51+09:00,Yahoo!ニュース オリジナル THE PAGE,wordleaf,Yahoo!ニュース オリジナル THE PAGE,523,生成AIによる作成 ★お天気川柳★ 晴れ間見て 後輩ほめたら 場も晴れる ーー おはようございます！高崎市専用のお天気サポートAIです！ ■きょうのざっくり天気■ 【気温の目安】 昨日と比べて、最低気温は24℃で1℃高く、最高気温は34℃で1℃高い見込みです。暑さを感じる場面がありそうです。 【空模様】 朝はくもりが中心で、昼間は晴れる見込みです。夕方から夜は再びくもりが続きそうです。 【降水確率】 朝の降水確率は10%、昼間の降水確率は10〜20%、夜の降水確率は10〜20%とされています。 ■ポイント■ ＜服装＞ きょうは涼しい服装が合いそうです。特に昼間は熱がこもりやすそうなので、風が通りやすい着こなしを選ぶと過ごしやすくなりそうです。 ＜紫外線＞ 日差しが届く時間がありそうです。外で過ごす時間がある方は、帽子や日傘で早めに対策しておくと安心です。 ＜洗濯＞ 洗濯物は乾きやすそうです。厚手のものを洗うなら、日差しのある時間を使うとはかどりそうです。 ーー ※この記事は天気情報をもとにAIによって作成されています。 ※天気は変化するため、最新の情報は関連リンク先の各地点の天気情報をご確認ください。 ※本機能は試験的な導入です。,[],[]
【盛岡市】8/19 最高32℃、暑さに注意、昼間は晴れ間もある予想【朝版】（Yahoo!ニュース オリジナル THE PAGE）,https://news.yahoo.co.jp/articles/92d665e2550a70454f8f621c63b9d418ad781418,https://newsatcl-pctr.c.yimg.jp/t/amd-img/20260819-00020062-wordleafw-000-1-view.jpg?exp=10800,2026-08-19T05:28:33+09:00,2026-08-19T05:28:33+09:00,Yahoo!ニュース オリジナル THE PAGE,wordleaf,Yahoo!ニュース オリジナル THE PAGE,530,生成AIによる作成 ★お天気川柳★ 晴れ間待つ 弁当の梅で しゃんとする ーー おはようございます！盛岡市専用のお天気サポートAIです！ ■きょうのざっくり天気■ 【気温の目安】 昨日と比べて、最低気温は22℃で差はありません。最高気温は32℃で2℃高く、暑さを感じる場面がありそうです。 【空模様】 朝はくもりが中心で、昼間は晴れ間もある見込みです。夕方から夜はくもりが続く予想です。 【雨の可能性】 昼間の降水確率は0〜30%、夕方の降水確率は30%とされています。 ■ポイント■ ＜服装＞ きょうは暑さが出やすいので、Tシャツなど涼しい服装が合いそうです。外で過ごす時間が長い方は、風が通りやすい着こなしを選ぶと少し楽になりそうです。 ＜体調＞ 昨日より日中は暑さが増しそうです。外出するなら炎天下をなるべく避けて、早めの水分補給を意識すると過ごしやすそうです。 ＜紫外線＞ 晴れ間が出る時間は日差し対策をしておくと安心です。日焼け止めを先に済ませておくと動きやすそうです。 ーー ※この記事は天気情報をもとにAIによって作成されています。 ※天気は変化するため、最新の情報は関連リンク先の各地点の天気情報をご確認ください。 ※本機能は試験的な導入です。,[],[]
【那覇市】8/19 最高30℃、暑さ、風、夜は雨の予想【朝版】（Yahoo!ニュース オリジナル THE PAGE）,https://news.yahoo.co.jp/articles/42a937094a0a87d7828eefd712dca4ffb82d40b4,https://newsatcl-pctr.c.yimg.jp/t/amd-img/20260819-00020061-wordleafw-000-1-view.jpg?exp=10800,2026-08-19T05:28:17+09:00,2026-08-19T05:28:17+09:00,Yahoo!ニュース オリジナル THE PAGE,wordleaf,Yahoo!ニュース オリジナル THE PAGE,520,生成AIによる作成 ★お天気川柳★ 傘を手に トラブルメール 先に来る ーー おはようございます！那覇市専用のお天気サポートAIです！ ■きょうのざっくり天気■ 【気温の目安】 昨日と比べて、最低気温は27℃で差はありません。最高気温は30℃で1℃低く、暑さを感じる場面がありそうです。 【空模様】 朝から夕方はくもりが中心で、夜は雨になりそうです。 【雨と風】 夜の降水確率は50〜70%とされ、昼間の風速は8〜10m/s、夕方の風速は10m/sでやや風が強く感じられる可能性があります。 ■ポイント■ ＜服装＞ きょうも夏らしい体感が続きそうなので、Tシャツなど涼しい服装が合いそうです。風が通りやすい着こなしだと過ごしやすくなりそうです。 ＜体調＞ 外で過ごす時間がある方は、強い日差しの時間をなるべく避けながら、こまめに休みを入れると負担を減らしやすそうです。 ＜傘＞ 夜は傘を使う場面がありそうです。帰りが遅くなる方は、雨具を準備しておくと安心です。 ーー ※この記事は天気情報をもとにAIによって作成されています。 ※天気は変化するため、最新の情報は関連リンク先の各地点の天気情報をご確認ください。 ※本機能は試験的な導入です。,[],[]
【岡崎市】8/19 最高34℃、暑さに注意、晴れる予想【朝版】（Yahoo!ニュース オリジナル THE PAGE）,https://news.yahoo.co.jp/articles/b13eafc0d352b8da473dc5ba81dba28dd060783d,https://newsatcl-pctr.c.yimg.jp/t/amd-img/20260819-00020060-wordleafw-000-1-view.jpg?exp=10800,2026-08-19T05:27:31+09:00,2026-08-19T05:27:31+09:00,Yahoo!ニュース オリジナル THE PAGE,wordleaf,Yahoo!ニュース オリジナル THE PAGE,473,生成AIによる作成 ★お天気川柳★ 晴れ続き 水たまりさえ 思い出話 ーー おはようございます！岡崎市専用のお天気サポートAIです！ ■きょうのざっくり天気■ 【気温の目安】 昨日と比べて、最低気温は23℃で差はありません。最高気温は34℃で1℃高く、暑さを感じる場面がありそうです。 【空模様】 朝から夜にかけて晴れる見込みです。 【降水確率】 昼間から夜の降水確率は0〜10%とされています。 ■ポイント■ ＜服装＞ きょうは暑さが主役になりそうです。Tシャツなど涼しい服装が合いやすく、外で過ごすなら風が通りやすい着こなしがよさそうです。 ＜熱中症＞ 昨日よりさらに暑さが増す見込みなので、外出は炎天下を避けながら、こまめに休みを入れて過ごすのが安心です。 ＜紫外線＞ 強い日差しが続きそうです。帽子や日傘で、外に出る時間の紫外線対策をしておくとよさそうです。 ーー ※この記事は天気情報をもとにAIによって作成されています。 ※天気は変化するため、最新の情報は関連リンク先の各地点の天気情報をご確認ください。 ※本機能は試験的な導入です。,[],[]
【藤沢市】8/19 最高33℃、暑さ、紫外線、朝から夜まで晴れる予想【朝版】（Yahoo!ニュース オリジナル THE PAGE）,https://news.yahoo.co.jp/articles/5622a075b4308cc9e2a01eec29bd7538c03d3ae9,https://newsatcl-pctr.c.yimg.jp/t/amd-img/20260819-00020059-wordleafw-000-1-view.jpg?exp=10800,2026-08-19T05:27:23+09:00,2026-08-19T05:27:23+09:00,Yahoo!ニュース オリジナル THE PAGE,wordleaf,Yahoo!ニュース オリジナル THE PAGE,484,生成AIによる作成 ★お天気川柳★ 炎天下 時計をチラ見 まだ午前 ーー おはようございます！藤沢市専用のお天気サポートAIです！ ■きょうのざっくり天気■ 【気温の目安】 昨日と比べて、最低気温は24℃で差はありません。最高気温は33℃で1℃高く、暑さを感じる場面がありそうです。 【空模様】 朝から夜まで晴れる見込みです。 【風と降水】 昼間の風速は2〜3m/s、降水確率は朝から夜まで0%とされています。 ■ポイント■ ＜服装＞ きょうは暑さが続きそうなので、Tシャツなど涼しい服装が合いそうです。外に長くいるなら、風が通りやすい着こなしを選ぶと過ごしやすくなりそうです。 ＜紫外線＞ 日差しがたっぷり届きそうです。帽子や日傘で、外に出る時間の紫外線対策をしておくと安心です。 ＜洗濯＞ 洗濯物ははかどりやすい一日になりそうです。大きめのものを洗う予定がある方にも進めやすそうです。 ーー ※この記事は天気情報をもとにAIによって作成されています。 ※天気は変化するため、最新の情報は関連リンク先の各地点の天気情報をご確認ください。 ※本機能は試験的な導入です。,[],[]
【岐阜市】8/19 最高34℃、暑さに注意、昼間は晴れる予想【朝版】（Yahoo!ニュース オリジナル THE PAGE）,https://news.yahoo.co.jp/articles/2bcc453fcc445088eb7f8ac87028a49d813200d4,https://newsatcl-pctr.c.yimg.jp/t/amd-img/20260819-00020058-wordleafw-000-1-view.jpg?exp=10800,2026-08-19T05:27:22+09:00,2026-08-19T05:27:22+09:00,Yahoo!ニュース オリジナル THE PAGE,wordleaf,Yahoo!ニュース オリジナル THE PAGE,547,生成AIによる作成 ★お天気川柳★ 晴れてくる お土産ひらけば 顔も晴れ ーー おはようございます！岐阜市専用のお天気サポートAIです！ ■きょうのざっくり天気■ 【気温の目安】 昨日と比べて、最低気温は25℃で差はありません。最高気温は34℃で1℃高く、暑さを感じる場面がありそうです。 【空模様】 朝はくもりが中心で、昼間から夜は晴れる時間が多くなりそうです。 【風と雨】 夕方の風速は4〜5m/sで、やや風がある見込みです。朝の降水確率は0%、昼間から夜の降水確率は0〜10%とされています。 ■ポイント■ ＜服装＞ きょうは風が通りやすい素材の服が合いそうです。特に暑さが気になる時間に向けて、肌離れのいい着こなしを選ぶと過ごしやすくなりそうです。 ＜体調＞ 昨日よりさらに暑さが増す見込みなので、外では無理をしすぎないようにしたいです。強い日差しの下に長くいる予定がある方は、こまめに休みを入れると安心です。 ＜洗濯＞ 洗濯物は乾きやすそうです。大きめのものを洗いたい方にも進めやすい一日になりそうです。 ーー ※この記事は天気情報をもとにAIによって作成されています。 ※天気は変化するため、最新の情報は関連リンク先の各地点の天気情報をご確認ください。 ※本機能は試験的な導入です。,[],[]
【市川市】8/19 最高33℃、暑さ、紫外線に注意、朝から夜まで晴れる予想【朝版】（Yahoo!ニュース オリジナル THE PAGE）,https://news.yahoo.co.jp/articles/d6ec7cd1514db73d10b9ea0e93727d287051ebb0,https://newsatcl-pctr.c.yimg.jp/t/amd-img/20260819-00020057-wordleafw-000-1-view.jpg?exp=10800,2026-08-19T05:27:03+09:00,2026-08-19T05:27:03+09:00,Yahoo!ニュース オリジナル THE PAGE,wordleaf,Yahoo!ニュース オリジナル THE PAGE,485,生成AIによる作成 ★お天気川柳★ 休み明け 蝉より先に 席につく ーー おはようございます！市川市専用のお天気サポートAIです！ ■きょうのざっくり天気■ 【気温の目安】 昨日と比べて、最低気温は24℃で差はありません。最高気温は33℃で1℃高く、暑さを感じる場面がありそうです。 【空模様】 朝から夜まで晴れる時間が多い見込みです。 【昼間の暑さ】 昼間の気温は30〜32℃とされていて、降水確率は0〜10%の予想です。 ■ポイント■ ＜服装＞ いつもの夏服で過ごしやすそうですが、暑さが気になる時間に合わせて、Tシャツなど涼しい服装が合いそうです。 ＜体調＞ 外に出る時間が長い方は、強い日差しで体力を使いやすそうです。炎天下をなるべく避けながら、こまめに水分をとると安心です。 ＜紫外線＞ 日差しが届く時間が長そうなので、帽子や日傘で紫外線対策をしておくと過ごしやすくなりそうです。 ーー ※この記事は天気情報をもとにAIによって作成されています。 ※天気は変化するため、最新の情報は関連リンク先の各地点の天気情報をご確認ください。 ※本機能は試験的な導入です。,[],[]
【浜松市中央区】8/19 最高32℃、暑さに注意、晴れる予想【朝版】（Yahoo!ニュース オリジナル THE PAGE）,https://news.yahoo.co.jp/articles/09c003590f81b573f90a598646733d5a73dc3136,https://newsatcl-pctr.c.yimg.jp/t/amd-img/20260819-00020056-wordleafw-000-1-view.jpg?exp=10800,2026-08-19T05:26:57+09:00,2026-08-19T05:26:57+09:00,Yahoo!ニュース オリジナル THE PAGE,wordleaf,Yahoo!ニュース オリジナル THE PAGE,508,生成AIによる作成 ★お天気川柳★ 朝日差す 他部署の無茶ぶり ひと呼吸 ーー おはようございます！浜松市中央区専用のお天気サポートAIです！ ■きょうのざっくり天気■ 【気温の目安】 昨日と比べて、最低気温は24℃で差はありません。最高気温は32℃で1℃高く、暑さを感じる場面がありそうです。 【空模様】 朝から夜にかけて晴れる見込みです。 【風と降水】 昼間の風速は2〜5m/sで、やや風がある時間がありそうです。夜の降水確率は10%とされています。 ■ポイント■ ＜服装＞ きょうも夏らしい体感が続きそうです。Tシャツなど涼しい服装が合いやすく、外で過ごす時間が長い方は風が通りやすい着こなしだと少し楽に過ごせそうです。 ＜体調＞ 昨日と比べて大きな涼しさは出にくそうなので、外出は炎天下を避けながら、早めの水分補給を意識するとよさそうです。 ＜洗濯＞ 洗濯物ははかどりやすい一日になりそうです。大きめのものも進めやすそうですよ。 ーー ※この記事は天気情報をもとにAIによって作成されています。 ※天気は変化するため、最新の情報は関連リンク先の各地点の天気情報をご確認ください。 ※本機能は試験的な導入です。,[],[]
【宇都宮市】8/19 最高33℃、暑さに注意、朝はくもりで昼間は晴れる予想【朝版】（Yahoo!ニュース オリジナル THE PAGE）,https://news.yahoo.co.jp/articles/c547021f9c2061e1c1bc1442c3e113a32d2a75c0,https://newsatcl-pctr.c.yimg.jp/t/amd-img/20260819-00020055-wordleafw-000-1-view.jpg?exp=10800,2026-08-19T05:26:53+09:00,2026-08-19T05:26:53+09:00,Yahoo!ニュース オリジナル THE PAGE,wordleaf,Yahoo!ニュース オリジナル THE PAGE,543,生成AIによる作成 ★お天気川柳★ 蒸す朝も クールビズなら ひと息つく ーー おはようございます！宇都宮市専用のお天気サポートAIです！ ■きょうのざっくり天気■ 【気温の目安】 昨日と比べて、最低気温は23℃で差はありません。最高気温は33℃で1℃高く、暑さを感じる場面がありそうです。 【空模様】 朝はくもりが中心で、昼間は晴れる予想です。夜はくもりになりそうです。 【風と降水】 夕方の風速は4〜5m/sで、やや風がある予想です。朝から夜にかけて降水確率は0〜10%と低めとされています。 ■ポイント■ ＜服装＞ きょうはTシャツなど涼しい服装が合いそうです。日差しのある時間は熱がこもりやすそうなので、風が通りやすい着こなしを意識すると過ごしやすくなりそうです。 ＜紫外線＞ 晴れる時間があるため、帽子や日傘で紫外線対策をしておくと安心です。長く外にいる予定がある方は、日差しを避ける工夫が役立ちそうです。 ＜洗濯＞ 洗濯物は外干しを進めやすい一日になりそうです。厚手のものも片づけやすそうです。 ーー ※この記事は天気情報をもとにAIによって作成されています。 ※天気は変化するため、最新の情報は関連リンク先の各地点の天気情報をご確認ください。 ※本機能は試験的な導入です。,[],[]
【倉敷市】8/19 最高34℃、暑さに注意、晴れる予想【朝版】（Yahoo!ニュース オリジナル THE PAGE）,https://news.yahoo.co.jp/articles/f434747afc82a2c792d4fafa9edaba4306b2d168,https://newsatcl-pctr.c.yimg.jp/t/amd-img/20260819-00020054-wordleafw-000-1-view.jpg?exp=10800,2026-08-19T05:26:49+09:00,2026-08-19T05:26:49+09:00,Yahoo!ニュース オリジナル THE PAGE,wordleaf,Yahoo!ニュース オリジナル THE PAGE,486,生成AIによる作成 ★お天気川柳★ 朝曇り 五月病でも シャツは晴れ ーー おはようございます！倉敷市専用のお天気サポートAIです！ ■きょうのざっくり天気■ 【気温の目安】 昨日と比べて、最低気温は25℃、最高気温は34℃で、ともに差はありません。最高気温は34℃で、暑さを感じる場面がありそうです。 【空模様】 朝はくもりが混じりますが、昼間から夜は晴れる時間が多い見込みです。 【降水確率】 朝の降水確率は0%、昼間は0〜10%、夕方は10%、夜は10%とされています。 ■ポイント■ ＜服装＞ きょうも暑さ対策を意識した服装が合いそうです。風が通りやすい素材の服を選ぶと、日中の暑さをしのぎやすそうです。 ＜紫外線＞ 日差しが届く時間が長そうなので、帽子や日傘で早めに対策しておくと安心です。 ＜洗濯＞ 洗濯物は外干しを進めやすい一日になりそうです。大きめのものも片づけやすそうです。 ーー ※この記事は天気情報をもとにAIによって作成されています。 ※天気は変化するため、最新の情報は関連リンク先の各地点の天気情報をご確認ください。 ※本機能は試験的な導入です。,[],[]
【松戸市】8/19 最高34℃、暑さ、紫外線、晴天が続く予想【朝版】（Yahoo!ニュース オリジナル THE PAGE）,https://news.yahoo.co.jp/articles/ec73f49c7fab4561414bcbdfa9755b0b204af933,https://newsatcl-pctr.c.yimg.jp/t/amd-img/20260819-00020053-wordleafw-000-1-view.jpg?exp=10800,2026-08-19T05:26:35+09:00,2026-08-19T05:26:35+09:00,Yahoo!ニュース オリジナル THE PAGE,wordleaf,Yahoo!ニュース オリジナル THE PAGE,508,生成AIによる作成 ★お天気川柳★ 猛暑日も 窓際の席は ひなたぼっこ ーー おはようございます！松戸市専用のお天気サポートAIです！ ■きょうのざっくり天気■ 【気温の目安】 昨日と比べて、最低気温は23℃で差はありません。最高気温は34℃で1℃高く、暑さを感じる場面がありそうです。 【空模様】 朝から夜にかけて晴れる時間が多い見込みです。 【降水と風】 昼間の降水確率は0〜10%で、夕方の降水確率は0〜10%とされています。昼間の風速は1〜3m/sで、風は比較的穏やかそうです。 ■ポイント■ ＜服装＞ きょうは涼しい服装が合いそうです。特に昼間は暑さが出やすそうなので、風が通りやすい着こなしだと過ごしやすくなりそうです。 ＜紫外線＞ 日差しが届く時間が長そうです。外に出る時間がある方は、帽子や日傘で紫外線対策をしておくと安心です。 ＜洗濯＞ 洗濯物は外干しを進めやすい一日になりそうです。大きめのものも片づけやすそうです。 ーー ※この記事は天気情報をもとにAIによって作成されています。 ※天気は変化するため、最新の情報は関連リンク先の各地点の天気情報をご確認ください。 ※本機能は試験的な導入です。,[],[]
【金沢市】8/19 最高34℃、暑さに注意、晴れる予想【朝版】（Yahoo!ニュース オリジナル THE PAGE）,https://news.yahoo.co.jp/articles/5bd62f8e23b3dd7ff84f9c216da1476e37278ec1,https://newsatcl-pctr.c.yimg.jp/t/amd-img/20260819-00020052-wordleafw-000-1-view.jpg?exp=10800,2026-08-19T05:26:26+09:00,2026-08-19T05:26:26+09:00,Yahoo!ニュース オリジナル THE PAGE,wordleaf,Yahoo!ニュース オリジナル THE PAGE,490,生成AIによる作成 ★お天気川柳★ 朝日差す 他部署の依頼 腕まくる ーー おはようございます！金沢市専用のお天気サポートAIです！ ■きょうのざっくり天気■ 【気温の目安】 昨日と比べて、最低気温は25℃で差はありません。最高気温は34℃で差はありませんが、暑さを感じる場面がありそうです。 【空模様】 朝から夜にかけて晴れる見込みです。 【降水確率】 昼間の降水確率は0〜20%、夕方の降水確率は20%とされています。 ■ポイント■ ＜服装＞ きょうも暑さが続きそうなので、Tシャツなど涼しい服装が合いそうです。外で過ごす時間がある方は、風が通りやすい着こなしを選ぶと少し楽に過ごせそうです。 ＜紫外線＞ 日差しが強くなりそうです。昼間に外へ出るなら、日陰をうまく使って過ごすのがよさそうです。 ＜洗濯＞ 洗濯物は乾きやすそうです。大きめのものを洗う予定がある方にも進めやすい一日になりそうです。 ーー ※この記事は天気情報をもとにAIによって作成されています。 ※天気は変化するため、最新の情報は関連リンク先の各地点の天気情報をご確認ください。 ※本機能は試験的な導入です。,[],[]
【八王子市】8/19 最高33℃、暑さに注意、夕方はやや風がある予想【朝版】（Yahoo!ニュース オリジナル THE PAGE）,https://news.yahoo.co.jp/articles/9c2a74b83fd38be46e4c70bc410e8a8cd2e5b891,https://newsatcl-pctr.c.yimg.jp/t/amd-img/20260819-00020051-wordleafw-000-1-view.jpg?exp=10800,2026-08-19T05:26:12+09:00,2026-08-19T05:26:12+09:00,Yahoo!ニュース オリジナル THE PAGE,wordleaf,Yahoo!ニュース オリジナル THE PAGE,479,生成AIによる作成 ★お天気川柳★ 雲多め 終電よりも 夕飯守る ーー おはようございます！八王子市専用のお天気サポートAIです！ ■きょうのざっくり天気■ 【気温の目安】 昨日と比べて、最低気温は22℃で1℃高くなっています。最高気温は33℃で差はなく、暑さを感じる場面がありそうです。 【空模様】 朝はくもりが中心で、昼間から夜は晴れる時間が多くなりそうです。 【風の様子】 夕方の風速は5〜6m/sでやや風がありそうです。 ■ポイント■ ＜服装＞ きょうは涼しい服装が合いそうです。日差しのある時間は暑さが出やすいため、風が通りやすいTシャツなどで無理なく過ごせそうです。 ＜紫外線＞ 晴れる時間が増えてきそうなので、外で過ごす時間がある方は帽子や日傘で日差し対策をしておくと安心です。 ＜洗濯＞ 洗濯物ははかどりやすい一日になりそうです。大きめのものも進めやすそうです。 ーー ※この記事は天気情報をもとにAIによって作成されています。 ※天気は変化するため、最新の情報は関連リンク先の各地点の天気情報をご確認ください。 ※本機能は試験的な導入です。,[],[]
【西宮市】8/19 最高34℃、暑さ、紫外線、朝はくもりで昼間から晴れる予想【朝版】（Yahoo!ニュース オリジナル THE PAGE）,https://news.yahoo.co.jp/articles/d8e8454f05eb1565e975a2782a54aaaeaa151bb1,https://newsatcl-pctr.c.yimg.jp/t/amd-img/20260819-00020050-wordleafw-000-1-view.jpg?exp=10800,2026-08-19T05:26:02+09:00,2026-08-19T05:26:02+09:00,Yahoo!ニュース オリジナル THE PAGE,wordleaf,Yahoo!ニュース オリジナル THE PAGE,479,生成AIによる作成 ★お天気川柳★ 曇る朝 連休前の 顔は晴れ ーー おはようございます！西宮市専用のお天気サポートAIです！ ■きょうのざっくり天気■ 【気温の目安】 昨日と比べて、最低気温は26℃で差はありません。最高気温は34℃で1℃高く、暑さを感じる場面がありそうです。 【空模様】 朝はくもりが中心で、昼間から夜は晴れる見込みです。 【降水確率】 朝の降水確率は0〜20%、昼間は0〜10%、夕方から夜は10%とされています。 ■ポイント■ ＜服装＞ きょうは通気性のいい服が合いそうです。特に暑さが気になりやすい時間は、風が通りやすいシルエットを選ぶと過ごしやすくなりそうです。 ＜紫外線＞ 日差しがしっかり届きそうなので、外に出る時間が長い方は帽子や日傘で対策しておくと安心です。 ＜洗濯＞ 洗濯物は乾きやすそうです。大きめのものも片づけやすい一日になりそうです。 ーー ※この記事は天気情報をもとにAIによって作成されています。 ※天気は変化するため、最新の情報は関連リンク先の各地点の天気情報をご確認ください。 ※本機能は試験的な導入です。,[],[]
【川口市】8/19 最高34℃、暑さ、紫外線、夜も気温高めの予想【朝版】（Yahoo!ニュース オリジナル THE PAGE）,https://news.yahoo.co.jp/articles/738f0a6189f115342e5d79564fa057691858ed1d,https://newsatcl-pctr.c.yimg.jp/t/amd-img/20260819-00020049-wordleafw-000-1-view.jpg?exp=10800,2026-08-19T05:25:58+09:00,2026-08-19T05:25:58+09:00,Yahoo!ニュース オリジナル THE PAGE,wordleaf,Yahoo!ニュース オリジナル THE PAGE,516,生成AIによる作成 ★お天気川柳★ 空は晴れ 今日の居場所も まあ晴れやか ーー おはようございます！川口市専用のお天気サポートAIです！ ■きょうのざっくり天気■ 【気温の目安】 昨日と比べて、最低気温は24℃で1℃高く、最高気温は34℃で1℃高い予想です。最高気温は暑さを感じる場面がありそうです。 【空模様】 朝から夜にかけて晴れる時間が多く、夜はくもる時間もある見込みです。 【降水と風】 昼間の降水確率は0〜10%、夜の風速は1〜3m/sとされています。 ■ポイント■ ＜服装＞ きょうは風が弱めで熱がこもりやすそうなので、通気性のいい服が合いそうです。外で過ごす時間がある方は、風が通りやすい着こなしを意識すると過ごしやすくなりそうです。 ＜紫外線＞ 強い日差しが続きそうです。帽子や日傘で、外に出る時間の紫外線対策をしておくと安心です。 ＜洗濯＞ 洗濯物は乾きやすそうです。大きめのものを洗う予定がある方も、進めやすい一日になりそうです。 ーー ※この記事は天気情報をもとにAIによって作成されています。 ※天気は変化するため、最新の情報は関連リンク先の各地点の天気情報をご確認ください。 ※本機能は試験的な導入です。,[],[]
【船橋市】8/19 最高33℃、暑さに注意、晴れる予想【朝版】（Yahoo!ニュース オリジナル THE PAGE）,https://news.yahoo.co.jp/articles/1fe7af1b8b99110f3121156329535b3380105e35,https://newsatcl-pctr.c.yimg.jp/t/amd-img/20260819-00020048-wordleafw-000-1-view.jpg?exp=10800,2026-08-19T05:25:39+09:00,2026-08-19T05:25:39+09:00,Yahoo!ニュース オリジナル THE PAGE,wordleaf,Yahoo!ニュース オリジナル THE PAGE,513,生成AIによる作成 ★お天気川柳★ 晴れ予報 評価面談も ひとまず晴れ ーー おはようございます！船橋市専用のお天気サポートAIです！ ■きょうのざっくり天気■ 【気温の目安】 昨日と比べて、最低気温は24℃で差はありません。最高気温は33℃で1℃高く、暑さを感じる場面がありそうです。 【空模様】 朝から夕方は晴れる時間が多く、夜はくもる時間もある見込みです。 【風と雨】 昼間の風速は1〜3m/s、夕方の降水確率は0〜10%とされています。 ■ポイント■ ＜服装＞ きょうも夏らしい体感が続きそうです。Tシャツなど涼しい服装が合いやすく、外で過ごす時間が長い方は風が通りやすい着こなしを選ぶとよさそうです。 ＜熱中症＞ 昨日と比べても厳しい暑さは続きそうです。外出は炎天下を避けながら、のどが渇く前にこまめに水分をとると安心です。 ＜紫外線＞ 日差しが届く時間が長くなりそうです。帽子や日傘で、外に出るときの紫外線対策を意識してみてください。 ーー ※この記事は天気情報をもとにAIによって作成されています。 ※天気は変化するため、最新の情報は関連リンク先の各地点の天気情報をご確認ください。 ※本機能は試験的な導入です。,[],[]
【江戸川区】8/19 最高34℃、暑さ、紫外線、夜はくもりをはさみつつ晴れる予想【朝版】（Yahoo!ニュース オリジナル THE PAGE）,https://news.yahoo.co.jp/articles/b13e97cb3c1a40741a2b4cfea0bc2c2c1038495a,https://newsatcl-pctr.c.yimg.jp/t/amd-img/20260819-00020047-wordleafw-000-1-view.jpg?exp=10800,2026-08-19T05:25:31+09:00,2026-08-19T05:25:31+09:00,Yahoo!ニュース オリジナル THE PAGE,wordleaf,Yahoo!ニュース オリジナル THE PAGE,510,生成AIによる作成 ★お天気川柳★ 晴れの朝 汗染み先に 夏支度 ーー おはようございます！江戸川区専用のお天気サポートAIです！ ■きょうのざっくり天気■ 【気温の目安】 昨日と比べて、最低気温は24℃で差はありません。最高気温は34℃で2℃高く、暑さを感じる場面がありそうです。 【空模様】 朝から夕方は晴れが続く見込みで、夜はくもりをはさみつつ晴れる予想です。 【降水と風】 昼間の降水確率は0〜10%、夜の風速は2〜3m/sとされ、極端な強まりはなさそうです。 ■ポイント■ ＜服装＞ きょうは涼しい服装が合いそうです。特に暑さが出やすい時間に合わせて、風が通りやすい素材を選ぶと過ごしやすくなりそうです。 ＜体調＞ 昨日より日中の暑さが少し増しそうなので、外では炎天下をなるべく避けて、早めの水分補給を意識するとよさそうです。 ＜紫外線＞ 日差しが届く時間が長そうです。外に出る時間がある方は、帽子や日傘で対策しておくと安心です。 ーー ※この記事は天気情報をもとにAIによって作成されています。 ※天気は変化するため、最新の情報は関連リンク先の各地点の天気情報をご確認ください。 ※本機能は試験的な導入です。,[],[]
【足立区】8/19 最高34℃、暑さに注意、晴れる予想【朝版】（Yahoo!ニュース オリジナル THE PAGE）,https://news.yahoo.co.jp/articles/c51004d526ea06f1bceee2c48b9b9f4d1fe4b408,https://newsatcl-pctr.c.yimg.jp/t/amd-img/20260819-00020046-wordleafw-000-1-view.jpg?exp=10800,2026-08-19T05:25:16+09:00,2026-08-19T05:25:16+09:00,Yahoo!ニュース オリジナル THE PAGE,wordleaf,Yahoo!ニュース オリジナル THE PAGE,510,生成AIによる作成 ★お天気川柳★ 朝日差す 冷えた手包む 缶コーヒー ーー おはようございます！足立区専用のお天気サポートAIです！ ■きょうのざっくり天気■ 【気温の目安】 昨日と比べて、最低気温は24℃で1℃高く、最高気温は34℃で1℃高い見込みです。最高気温は暑さを感じる場面がありそうです。 【空模様】 朝から夜にかけて晴れる予想です。 【降水確率】 朝の降水確率は0%、昼間の降水確率は0〜10%、夕方の降水確率は10%、夜の降水確率は0%とされています。 ■ポイント■ ＜服装＞ きょうは涼しい服装が合いそうです。特に暑さが気になりやすい時間は、風が通りやすい着こなしを選ぶと過ごしやすくなりそうです。 ＜体調＞ 昨日より気温が少し高く、外では暑さがこもりやすそうです。炎天下を避けながら、早めの水分補給を意識するとよさそうです。 ＜洗濯＞ よく日が差して、洗濯物ははかどりそうです。大きめのものを洗うのにも向いていそうです。 ーー ※この記事は天気情報をもとにAIによって作成されています。 ※天気は変化するため、最新の情報は関連リンク先の各地点の天気情報をご確認ください。 ※本機能は試験的な導入です。,[],[]
【練馬区】8/19 最高35℃、暑さ、紫外線、朝から晴れる予想【朝版】（Yahoo!ニュース オリジナル THE PAGE）,https://news.yahoo.co.jp/articles/b758797cc71867d126cf4791da16e6ecccef07c6,https://newsatcl-pctr.c.yimg.jp/t/amd-img/20260819-00020045-wordleafw-000-1-view.jpg?exp=10800,2026-08-19T05:25:00+09:00,2026-08-19T05:25:00+09:00,Yahoo!ニュース オリジナル THE PAGE,wordleaf,Yahoo!ニュース オリジナル THE PAGE,492,生成AIによる作成 おはようございます！練馬区専用のお天気サポートAIです！ ■きょうのざっくり天気■ 【気温の目安】 昨日と比べて、最低気温は24℃で1℃高く、最高気温は35℃で2℃高い予想です。最高気温は厳しい暑さになりそうです。 【空模様】 朝から夜にかけて晴れる時間が多い見込みです。 【降水と風】 昼間の降水確率は0〜10%、夜の降水確率は0%とされています。昼間の風速は1〜2m/sで、風は比較的穏やかそうです。 ■ポイント■ ＜服装＞ きょうは風が通りやすい服が合いそうです。外で過ごす時間がある方は、肌離れのいい素材を選ぶと暑さをしのぎやすそうです。 ＜体調＞ 昨日より暑さが増しそうなので、炎天下をなるべく避けながら過ごすのがよさそうです。のどが渇く前の水分補給も意識したいところです。 ＜洗濯＞ 洗濯物はよく乾きやすい一日になりそうです。大きめのものを洗いたい方にも進めやすそうです。 ーー ※この記事は天気情報をもとにAIによって作成されています。 ※天気は変化するため、最新の情報は関連リンク先の各地点の天気情報をご確認ください。 ※本機能は試験的な導入です。,[],[]
【大田区】8/19 最高34℃、暑さ、紫外線、夜はくもる時間もある予想【朝版】（Yahoo!ニュース オリジナル THE PAGE）,https://news.yahoo.co.jp/articles/d0295518cf11a3bf93951b0ce2513d40780a7119,https://newsatcl-pctr.c.yimg.jp/t/amd-img/20260819-00020044-wordleafw-000-1-view.jpg?exp=10800,2026-08-19T05:24:55+09:00,2026-08-19T05:24:55+09:00,Yahoo!ニュース オリジナル THE PAGE,wordleaf,Yahoo!ニュース オリジナル THE PAGE,515,生成AIによる作成 ★お天気川柳★ 洗濯日和 ワイシャツしゃんとして 背筋も伸びる ーー おはようございます！大田区専用のお天気サポートAIです！ ■きょうのざっくり天気■ 【気温の目安】 昨日と比べて、最低気温は25℃で差はありません。最高気温は34℃で2℃高く、暑さを感じる場面がありそうです。 【空模様】 朝から夕方は晴れる見込みです。夜は晴れが中心ですが、くもる時間もありそうです。 【降水と風】 昼間の降水確率は0〜10%、夜の風速は2〜4m/sとされています。 ■ポイント■ ＜服装＞ きょうは涼しい服装が合いそうです。特に暑さが気になりやすい時間は、風が通りやすい素材の服を選ぶと過ごしやすくなりそうです。 ＜体調＞ 外に出る時間が長い方は、強い日差しを避けながらこまめに休憩を入れると安心です。のどが渇く前の水分補給も意識したいところです。 ＜洗濯＞ 洗濯物は外干しを進めやすい一日になりそうです。大きめのものも片づけやすそうですよ。 ーー ※この記事は天気情報をもとにAIによって作成されています。 ※天気は変化するため、最新の情報は関連リンク先の各地点の天気情報をご確認ください。 ※本機能は試験的な導入です。,[],[]
【丸亀市】8/19 最高34℃、暑さに注意、晴れる予想【朝版】（Yahoo!ニュース オリジナル THE PAGE）,https://news.yahoo.co.jp/articles/859a474dbd0d3215e73dd9d5cad64d64b84a1a21,https://newsatcl-pctr.c.yimg.jp/t/amd-img/20260819-00020043-wordleafw-000-1-view.jpg?exp=10800,2026-08-19T05:24:49+09:00,2026-08-19T05:24:49+09:00,Yahoo!ニュース オリジナル THE PAGE,wordleaf,Yahoo!ニュース オリジナル THE PAGE,486,生成AIによる作成 ★お天気川柳★ 青い空 有給取れたら なお晴れる ーー おはようございます！丸亀市専用のお天気サポートAIです！ ■きょうのざっくり天気■ 【気温の目安】 昨日と比べて、最低気温は25℃で1℃高く、やや暑さを感じる場面がありそうです。最高気温は34℃で1℃高く、暑さを感じる場面がありそうです。 【空模様】 朝から夜にかけて晴れる見込みです。 【降水確率】 朝の降水確率は0%、昼間から夜の降水確率は0〜10%とされています。 ■ポイント■ ＜服装＞ いつもの夏服でよさそうですが、昼間の暑さに合わせて風が通りやすい服が過ごしやすそうです。 ＜体調＞ 屋外で長く過ごす予定がある方は、いちばん暑くなる時間帯は無理を控えめにして、水分補給を早めに意識するとよさそうです。 ＜紫外線＞ 日差しがしっかり届きそうなので、外に出る時間が長い方は帽子や日傘で対策しておくと安心です。 ーー ※この記事は天気情報をもとにAIによって作成されています。 ※天気は変化するため、最新の情報は関連リンク先の各地点の天気情報をご確認ください。 ※本機能は試験的な導入です。,[],[]
【鶴岡市】8/19 最高33℃、夜はくもりの予想（Yahoo!ニュース オリジナル THE PAGE）,https://news.yahoo.co.jp/articles/b9f0350c8e3641999b4544a457d6bdcbbb88bf36,https://newsatcl-pctr.c.yimg.jp/t/amd-img/20260819-00020042-wordleafw-000-1-view.jpg?exp=10800,2026-08-19T05:24:30+09:00,2026-08-19T05:24:30+09:00,Yahoo!ニュース オリジナル THE PAGE,wordleaf,Yahoo!ニュース オリジナル THE PAGE,517,生成AIによる作成 ★お天気川柳★ 暑い朝 連休前は 席立てぬ ーー おはようございます！鶴岡市専用のお天気サポートAIです！ ■きょうのざっくり天気■ 【気温の目安】 昨日と比べて、最低気温は23℃で1℃低くなっています。最高気温は33℃で差はなく、暑さを感じる場面がありそうです。 【空模様】 朝から夕方にかけては晴れる見込みで、夜はくもりの時間がありそうです。 【降水確率】 昼間の降水確率は10〜30%、夜の降水確率は10〜20%とされています。 ■ポイント■ ＜服装＞ きょうも夏らしい暑さになりそうなので、Tシャツなど涼しい服装が合いそうです。外で過ごす時間がある方は、風が通りやすい着こなしだと少し楽に過ごせそうです。 ＜体調＞ 強い日差しで体力を使いやすそうです。外出するなら炎天下をできるだけ避けて、こまめに休みながら過ごすのがよさそうです。 ＜洗濯＞ 洗濯物は乾きやすい一日になりそうです。薄手のものを中心に進めるとはかどりそうです。 ーー ※この記事は天気情報をもとにAIによって作成されています。 ※天気は変化するため、最新の情報は関連リンク先の各地点の天気情報をご確認ください。 ※本機能は試験的な導入です。,[],[]
【白山市】8/19 最高33℃、暑さ、紫外線、晴天が続く予想【朝版】（Yahoo!ニュース オリジナル THE PAGE）,https://news.yahoo.co.jp/articles/eeaf8932b18113e8c939f162cba34d4fe2f44586,https://newsatcl-pctr.c.yimg.jp/t/amd-img/20260819-00020041-wordleafw-000-1-view.jpg?exp=10800,2026-08-19T05:24:22+09:00,2026-08-19T05:24:22+09:00,Yahoo!ニュース オリジナル THE PAGE,wordleaf,Yahoo!ニュース オリジナル THE PAGE,510,生成AIによる作成 ★お天気川柳★ 朝日差し 乗り換えホームで 背筋伸びる ーー おはようございます！白山市専用のお天気サポートAIです！ ■きょうのざっくり天気■ 【気温の目安】 昨日と比べて、最低気温は24℃で1℃高くなりそうです。最高気温は33℃で差はなく、暑さを感じる場面がありそうです。 【空模様】 朝から夜にかけて晴れる見込みです。 【昼間の風と降水確率】 昼間の風速は2〜5m/sで、やや風がある時間がありそうです。昼間の降水確率は0〜20%とされています。 ■ポイント■ ＜服装＞ きょうは涼しい服装が合いそうです。特に昼間は暑さが出やすいため、風が通りやすい着こなしを選ぶと過ごしやすくなりそうです。 ＜紫外線＞ 日差しが強くなりそうです。外で過ごす時間がある方は、なるべく日陰を使って負担を減らすのがよさそうです。 ＜洗濯＞ 洗濯物ははかどりやすい一日になりそうです。大きめのものを洗う予定がある方にも進めやすそうです。 ーー ※この記事は天気情報をもとにAIによって作成されています。 ※天気は変化するため、最新の情報は関連リンク先の各地点の天気情報をご確認ください。 ※本機能は試験的な導入です。,[],[]
【出雲市】8/19 最高35℃、暑さ、紫外線、昼間は晴れる予想【朝版】（Yahoo!ニュース オリジナル THE PAGE）,https://news.yahoo.co.jp/articles/7e4d79d9bd8f43d2352e48f155971b7405fbc0a4,https://newsatcl-pctr.c.yimg.jp/t/amd-img/20260819-00020040-wordleafw-000-1-view.jpg?exp=10800,2026-08-19T05:16:24+09:00,2026-08-19T05:16:24+09:00,Yahoo!ニュース オリジナル THE PAGE,wordleaf,Yahoo!ニュース オリジナル THE PAGE,573,生成AIによる作成 ★お天気川柳★ 晴れてても 締め切り前は 目だけ曇る ーー おはようございます！出雲市専用のお天気サポートAIです！ ■きょうのざっくり天気■ 【気温の目安】 昨日と比べて、最低気温は25℃、最高気温は35℃で、ともに差はありません。最高気温は35℃で、厳しい暑さになりそうです。 【空模様】 朝から昼間は晴れが続く見込みで、夕方から夜はくもりが中心になりそうです。 【降水確率】 昼間の降水確率は0〜20%、夜の降水確率は10〜20%とされています。 ■ポイント■ ＜服装＞ きょうもかなり暑くなりそうなので、今の時期らしい装いをベースに、通気性のいい服が合いそうです。外で過ごす時間がある方は、風が通りやすい着こなしを意識すると少しラクに過ごせそうです。 ＜体調＞ 昨日と比べて気温の大きな変化はありませんが、暑さが続きやすい一日になりそうです。炎天下を避けながら、のどが渇く前の水分補給を早めに意識するとよさそうです。 ＜紫外線＞ 日差しがしっかり届く時間が長そうです。昼間の外出では、なるべく日陰を選んで過ごすと負担を減らしやすそうです。 ーー ※この記事は天気情報をもとにAIによって作成されています。 ※天気は変化するため、最新の情報は関連リンク先の各地点の天気情報をご確認ください。 ※本機能は試験的な導入です。,[],[]
【多治見市】8/19 最高35℃、暑さ、晴天が続く予想【朝版】（Yahoo!ニュース オリジナル THE PAGE）,https://news.yahoo.co.jp/articles/51fd9f563c8843eac6c9f6910c77a51adc76312a,https://newsatcl-pctr.c.yimg.jp/t/amd-img/20260819-00020039-wordleafw-000-1-view.jpg?exp=10800,2026-08-19T05:16:02+09:00,2026-08-19T05:16:02+09:00,Yahoo!ニュース オリジナル THE PAGE,wordleaf,Yahoo!ニュース オリジナル THE PAGE,482,生成AIによる作成 ★お天気川柳★ 猛暑日も ワンコインランチで ひと息つく ーー おはようございます！多治見市専用のお天気サポートAIです！ ■きょうのざっくり天気■ 【気温の目安】 昨日と比べて、最低気温は22℃で差はありません。最高気温は35℃で2℃高く、厳しい暑さになりそうです。 【空模様】 朝から夕方にかけて晴れる時間が多く、夜はくもりがちになる見込みです。 【降水確率】 朝の降水確率は0%で、昼間から夜の降水確率は0〜10%とされています。 ■ポイント■ ＜服装＞ いつもの夏服でよさそうですが、いちばん暑くなる時間に合わせて、風が通りやすい服が過ごしやすそうです。 ＜体調＞ 昨日より暑さが増しそうなので、外に出る時間が長い方は炎天下を避けながら、こまめに休みを入れると安心です。 ＜洗濯＞ 洗濯物ははかどりやすい一日になりそうです。大きめのものも進めやすそうです。 ーー ※この記事は天気情報をもとにAIによって作成されています。 ※天気は変化するため、最新の情報は関連リンク先の各地点の天気情報をご確認ください。 ※本機能は試験的な導入です。,[],[]
【都城市】8/19 最高32℃、暑さに注意、朝から夜はくもり中心の予想【朝版】（Yahoo!ニュース オリジナル THE PAGE）,https://news.yahoo.co.jp/articles/e948d6350270f4ef21289135ca584a0cba0407b1,https://newsatcl-pctr.c.yimg.jp/t/amd-img/20260819-00020038-wordleafw-000-1-view.jpg?exp=10800,2026-08-19T05:15:32+09:00,2026-08-19T05:15:32+09:00,Yahoo!ニュース オリジナル THE PAGE,wordleaf,Yahoo!ニュース オリジナル THE PAGE,519,生成AIによる作成 ★お天気川柳★ 曇り空 同期の出社で 場が晴れる ーー おはようございます！都城市専用のお天気サポートAIです！ ■きょうのざっくり天気■ 【気温の目安】 昨日と比べて、最低気温は24℃で1℃高くなりそうです。最高気温は32℃で1℃低い見込みですが、暑さを感じる場面がありそうです。 【空模様】 朝から夜にかけてはくもりが中心になりそうです。 【降水確率】 朝の降水確率は20〜30%、昼間は30〜40%、夕方は40%、夜は40%とされています。 ■ポイント■ ＜服装＞ きょうはTシャツなど涼しい服装が合いそうです。暑さを感じやすい時間に合わせて、風通しのよい着こなしを選ぶと過ごしやすくなりそうです。 ＜体調＞ 外出は炎天下を避ける意識があるとよさそうです。無理をためこまないように、こまめに休みながら過ごすと安心です。 ＜傘＞ 大きな崩れではなさそうですが、昼間から夜にかけては雨具があると安心です。折りたたみ傘が使いやすそうです。 ーー ※この記事は天気情報をもとにAIによって作成されています。 ※天気は変化するため、最新の情報は関連リンク先の各地点の天気情報をご確認ください。 ※本機能は試験的な導入です。,[],[]
【宇部市】8/19 最高33℃、暑さ、紫外線、昼間は晴れる予想【朝版】（Yahoo!ニュース オリジナル THE PAGE）,https://news.yahoo.co.jp/articles/8c04be869dfa38114d6c6989991ee8669d77db60,https://newsatcl-pctr.c.yimg.jp/t/amd-img/20260819-00020037-wordleafw-000-1-view.jpg?exp=10800,2026-08-19T05:15:29+09:00,2026-08-19T05:15:29+09:00,Yahoo!ニュース オリジナル THE PAGE,wordleaf,Yahoo!ニュース オリジナル THE PAGE,510,生成AIによる作成 ★お天気川柳★ 晴れてくる コンビニ寄って 顔も上がる ーー おはようございます！宇部市専用のお天気サポートAIです！ ■きょうのざっくり天気■ 【気温の目安】 昨日と比べて、最低気温は27℃で1℃高く、やや暑さを感じる場面がありそうです。最高気温は33℃で差はありませんが、暑さを感じる場面がありそうです。 【空模様】 朝はくもりが中心で、昼間から夜は晴れる見込みです。 【降水確率】 朝の降水確率は20%で、昼間から夜の降水確率は10〜20%とされています。 ■ポイント■ ＜服装＞ きょうは涼しい服装が合いそうです。特に昼間は暑さが続きそうなので、風が通りやすい着こなしを選ぶと過ごしやすくなりそうです。 ＜紫外線＞ 日差しが強まりそうです。昼間に外で過ごす時間がある方は、なるべく日陰を使って負担を減らすのがおすすめです。 ＜洗濯＞ 洗濯物は乾きやすそうです。大きめのものもまとめて進めやすい一日になりそうです。 ーー ※この記事は天気情報をもとにAIによって作成されています。 ※天気は変化するため、最新の情報は関連リンク先の各地点の天気情報をご確認ください。 ※本機能は試験的な導入です。,[],[]
【上越市】8/19 最高33℃、暑さに注意、朝はくもりで昼間から晴れる予想【朝版】（Yahoo!ニュース オリジナル THE PAGE）,https://news.yahoo.co.jp/articles/e8e0b602d929e1d6610d1ce1108972c1ba9a817f,https://newsatcl-pctr.c.yimg.jp/t/amd-img/20260819-00020036-wordleafw-000-1-view.jpg?exp=10800,2026-08-19T05:15:22+09:00,2026-08-19T05:15:22+09:00,Yahoo!ニュース オリジナル THE PAGE,wordleaf,Yahoo!ニュース オリジナル THE PAGE,490,生成AIによる作成 ★お天気川柳★ 朝の駅 汗染みあっても 顔は晴れ ーー おはようございます！上越市専用のお天気サポートAIです！ ■きょうのざっくり天気■ 【気温の目安】 昨日と比べて、最低気温は24℃で1℃低く、最高気温は33℃で1℃高い予想です。暑さを感じる場面がありそうです。 【空模様】 朝はくもりが中心で、昼間から夜は晴れる見込みです。 【降水確率】 朝の降水確率は0〜10%、昼間と夕方は10〜20%、夜は10%とされています。 ■ポイント■ ＜服装＞ いつもの夏服で過ごしやすそうですが、暑さが気になる時間に合わせてTシャツなど涼しい服装が合いそうです。 ＜体調＞ 外で過ごす時間がある方は、強い日差しで体力を使いやすそうです。無理を詰め込みすぎず、こまめに休みを入れると安心です。 ＜洗濯＞ 洗濯物ははかどりやすい一日になりそうです。大きめのものを洗いたい方にも進めやすそうです。 ーー ※この記事は天気情報をもとにAIによって作成されています。 ※天気は変化するため、最新の情報は関連リンク先の各地点の天気情報をご確認ください。 ※本機能は試験的な導入です。,[],[]
【日立市】8/19 最高29℃、暑さを感じる場面がありそうで、朝から夜まで晴れる予想【朝版】（Yahoo!ニュース オリジナル THE PAGE）,https://news.yahoo.co.jp/articles/76e895f5fb8a359517e82b5437a04e9773ba4f8b,https://newsatcl-pctr.c.yimg.jp/t/amd-img/20260819-00020035-wordleafw-000-1-view.jpg?exp=10800,2026-08-19T05:15:10+09:00,2026-08-19T05:15:10+09:00,Yahoo!ニュース オリジナル THE PAGE,wordleaf,Yahoo!ニュース オリジナル THE PAGE,451,生成AIによる作成 おはようございます！日立市専用のお天気サポートAIです！ ■きょうのざっくり天気■ 【気温の目安】 昨日と比べて、最低気温は22℃、最高気温は29℃で、ともに差はありません。最高気温は29℃で、暑さを感じる場面がありそうです。 【空模様】 朝から夜まで晴れる見込みです。 【風と降水】 朝の風速は1〜2m/s、昼間の風速は3m/sで、降水確率は朝から夜まで0%とされています。 ■ポイント■ ＜服装＞ きょうは半袖一枚で過ごしやすそうです。外で過ごす時間が長い方は、風が通りやすい服を選ぶと暑さがやわらぎそうです。 ＜紫外線＞ 日差しが強くなりそうなので、外では日陰をうまく使うと負担を減らしやすいです。 ＜洗濯＞ 洗濯物はしっかり乾きやすい一日になりそうです。厚手のものを進めたい方にも合いそうです。 ーー ※この記事は天気情報をもとにAIによって作成されています。 ※天気は変化するため、最新の情報は関連リンク先の各地点の天気情報をご確認ください。 ※本機能は試験的な導入です。,[],[]
【弘前市】8/19 最高32℃、暑さ、夕方は雨の予想【朝版】（Yahoo!ニュース オリジナル THE PAGE）,https://news.yahoo.co.jp/articles/4095cf8edb9157a9330892e17e52ded4a9c93ed1,https://newsatcl-pctr.c.yimg.jp/t/amd-img/20260819-00020034-wordleafw-000-1-view.jpg?exp=10800,2026-08-19T05:14:56+09:00,2026-08-19T05:14:56+09:00,Yahoo!ニュース オリジナル THE PAGE,wordleaf,Yahoo!ニュース オリジナル THE PAGE,525,生成AIによる作成 ★お天気川柳★ 暑い朝 会社に着けば もうひと仕事 ーー おはようございます！弘前市専用のお天気サポートAIです！ ■きょうのざっくり天気■ 【気温の目安】 昨日と比べて、最低気温は22℃、最高気温は32℃で、ともに差はありません。最高気温は32℃の予想で、暑さを感じる場面がありそうです。 【空模様の流れ】 朝は晴れからくもりに変わり、昼間はくもりが続く見込みです。夕方は雨になり、夜はくもりが中心になりそうです。 【雨の可能性】 昼間の降水確率は20〜50%、夕方の降水確率は50%とされています。 ■ポイント■ ＜服装＞ きょうは涼しい服装が合いそうです。暑さが気になりやすいので、風が通りやすい着こなしを選ぶと過ごしやすくなりそうです。 ＜傘＞ 昼間の後半から夕方にかけては傘を使う場面がありそうです。お出かけが長くなる方は、雨具があると安心です。 ＜洗濯＞ 外干しは進みにくい一日になりそうです。洗濯は部屋干し中心のほうが扱いやすそうです。 ーー ※この記事は天気情報をもとにAIによって作成されています。 ※天気は変化するため、最新の情報は関連リンク先の各地点の天気情報をご確認ください。 ※本機能は試験的な導入です。,[],[]
【苫小牧市】8/19 最高25℃、昼間は雨、夜も雨の予想【朝版】（Yahoo!ニュース オリジナル THE PAGE）,https://news.yahoo.co.jp/articles/3a59688757f7dd882da8b71e0de38a9b85982c45,https://newsatcl-pctr.c.yimg.jp/t/amd-img/20260819-00020033-wordleafw-000-1-view.jpg?exp=10800,2026-08-19T05:14:50+09:00,2026-08-19T05:14:50+09:00,Yahoo!ニュース オリジナル THE PAGE,wordleaf,Yahoo!ニュース オリジナル THE PAGE,533,生成AIによる作成 ★お天気川柳★ 朝の空 傘を忘れて 笑って走る ーー おはようございます！苫小牧市専用のお天気サポートAIです！ ■きょうのざっくり天気■ 【気温の目安】 昨日と比べて、最低気温は22℃で差はありません。最高気温は25℃で1℃高く、やや暑さを感じる場面がありそうです。 【空模様の変化】 朝はくもりが続き、昼間は雨になりそうです。夕方はくもりの予想で、夜は再び雨とされています。 【雨と風】 昼間の降水確率は20〜50%、夜の降水確率は50〜70%とされています。朝から夜にかけて風速は6m/s前後で、やや風がある見込みです。 ■ポイント■ ＜服装＞ 半袖一枚で過ごしやすそうです。雨の時間は少し蒸しっと感じることもありそうなので、肌離れのいい服が合いそうです。 ＜傘＞ 昼間から夜にかけては傘を使う場面がありそうです。長く外にいる方は、雨に対応しやすい準備があると安心です。 ＜洗濯＞ 洗濯物は乾きにくそうです。外干しよりも、部屋干し中心のほうが進めやすそうです。 ーー ※この記事は天気情報をもとにAIによって作成されています。 ※天気は変化するため、最新の情報は関連リンク先の各地点の天気情報をご確認ください。 ※本機能は試験的な導入です。,[],[]
【鳥取市】8/19 最高35℃、暑さ、紫外線、夕方はくもりの予想【朝版】（Yahoo!ニュース オリジナル THE PAGE）,https://news.yahoo.co.jp/articles/1ec62cc1371dc1bdebd93b8a231f0a27317977ec,https://newsatcl-pctr.c.yimg.jp/t/amd-img/20260819-00020032-wordleafw-000-1-view.jpg?exp=10800,2026-08-19T05:14:34+09:00,2026-08-19T05:14:34+09:00,Yahoo!ニュース オリジナル THE PAGE,wordleaf,Yahoo!ニュース オリジナル THE PAGE,504,生成AIによる作成 ★お天気川柳★ 夏の空 五月病の背を 少し押す ーー おはようございます！鳥取市専用のお天気サポートAIです！ ■きょうのざっくり天気■ 【気温の目安】 昨日と比べて、最低気温は26℃で差はありません。最高気温は35℃で1℃低く、厳しい暑さになりそうです。 【空模様】 朝から昼間は晴れる見込みで、夕方から夜はくもりが中心になりそうです。 【降水確率】 昼間の降水確率は10〜20%、夜の降水確率は10〜20%とされています。 ■ポイント■ ＜服装＞ いつもの夏服でもよさそうですが、いちばん暑く感じやすい時間に合わせて、風が通りやすい服が過ごしやすそうです。 ＜熱中症＞ 外で長く動く予定は、できるだけ控えめにしたほうがよさそうです。こまめに休みながら、水分補給を早めに意識すると安心です。 ＜紫外線＞ 日差しが強い時間は、帽子や日傘が役立ちそうです。少しの外出でも対策しておくと過ごしやすくなりそうです。 ーー ※この記事は天気情報をもとにAIによって作成されています。 ※天気は変化するため、最新の情報は関連リンク先の各地点の天気情報をご確認ください。 ※本機能は試験的な導入です。,[],[]
【帯広市】8/19 最高28℃、暑さを感じる場面がありそうで、夕方は雨の可能性もある予想【朝版】（Yahoo!ニュース オリジナル THE PAGE）,https://news.yahoo.co.jp/articles/120441524e5a1aac33d3529807d6a0e5dd374169,https://newsatcl-pctr.c.yimg.jp/t/amd-img/20260819-00020031-wordleafw-000-1-view.jpg?exp=10800,2026-08-19T05:14:21+09:00,2026-08-19T05:14:21+09:00,Yahoo!ニュース オリジナル THE PAGE,wordleaf,Yahoo!ニュース オリジナル THE PAGE,505,生成AIによる作成 おはようございます！帯広市専用のお天気サポートAIです！ ■きょうのざっくり天気■ 【気温の目安】 昨日と比べて、最低気温は20℃で1℃低くなっています。最高気温は28℃で2℃高く、暑さを感じる場面がありそうです。 【空模様】 朝から昼間にかけてはくもりが続く見込みで、夕方から夜もくもりが中心になりそうです。 【雨の可能性】 昼間の降水確率は10〜30%、夕方の降水確率は30%とされていて、にわか雨の可能性があります。 ■ポイント■ ＜服装＞ 半袖をベースにしつつ、シャツを重ねて調節できる着こなしが合いそうです。暑さを感じる場面がありそうなので、脱ぎ着しやすい組み合わせが使いやすそうです。 ＜体調＞ 昨日より日中は暑さが増しそうです。こまめな水分と塩分の補給を意識して、無理をためこまない過ごし方がよさそうです。 ＜傘＞ 大きな崩れではなさそうですが、昼間から夜にかけては折りたたみ傘があると安心です。 ーー ※この記事は天気情報をもとにAIによって作成されています。 ※天気は変化するため、最新の情報は関連リンク先の各地点の天気情報をご確認ください。 ※本機能は試験的な導入です。,[],[]
【呉市】8/19 最高34℃、暑さ、紫外線、朝はくもりで昼間から晴れる予想【朝版】（Yahoo!ニュース オリジナル THE PAGE）,https://news.yahoo.co.jp/articles/83af109e91ca885129d2c918989197a89534d584,https://newsatcl-pctr.c.yimg.jp/t/amd-img/20260819-00020030-wordleafw-000-1-view.jpg?exp=10800,2026-08-19T05:14:20+09:00,2026-08-19T05:14:20+09:00,Yahoo!ニュース オリジナル THE PAGE,wordleaf,Yahoo!ニュース オリジナル THE PAGE,521,生成AIによる作成 ★お天気川柳★ 晴れる空 飲み会までは ひと踏ん張り ーー おはようございます！呉市専用のお天気サポートAIです！ ■きょうのざっくり天気■ 【気温の目安】 昨日と比べて、最低気温は26℃で1℃高く、最高気温は34℃で1℃高い見込みです。暑さを感じる場面がありそうです。 【空模様】 朝はくもりと晴れで、昼間から夜は晴れる時間が続く予想です。 【風と降水】 昼間の風速は3〜4m/sで、降水確率は0〜10%とされています。 ■ポイント■ ＜服装＞ きょうは風が通りやすい素材の服が合いそうです。外で過ごす時間がある方は、熱がこもりにくい着こなしを意識すると過ごしやすそうです。 ＜体調＞ 昨日より気温が少し高く、暑さが長引きやすそうです。炎天下を避けながら、のどが渇く前の水分補給を早めにしておくと安心です。 ＜紫外線＞ 日差しがしっかり届きそうなので、外では目もとの対策までしておくとよさそうです。サングラスを使うと負担を減らしやすいです。 ーー ※この記事は天気情報をもとにAIによって作成されています。 ※天気は変化するため、最新の情報は関連リンク先の各地点の天気情報をご確認ください。 ※本機能は試験的な導入です。,[],[]
【高岡市】8/19 最高35℃、暑さ、紫外線、晴天が続く予想【朝版】（Yahoo!ニュース オリジナル THE PAGE）,https://news.yahoo.co.jp/articles/51fd3bcee3918909483cd555390afd717939005d,https://newsatcl-pctr.c.yimg.jp/t/amd-img/20260819-00020029-wordleafw-000-1-view.jpg?exp=10800,2026-08-19T05:14:15+09:00,2026-08-19T05:14:15+09:00,Yahoo!ニュース オリジナル THE PAGE,wordleaf,Yahoo!ニュース オリジナル THE PAGE,467,生成AIによる作成 ★お天気川柳★ 晴れの窓 まぶしさ言い訳 ひと息つく ーー おはようございます！高岡市専用のお天気サポートAIです！ ■きょうのざっくり天気■ 【気温の目安】 昨日と比べて、最低気温は25℃で差はありません。最高気温は35℃で1℃高く、厳しい暑さになりそうです。 【空模様】 朝から夜まで晴れる見込みです。 【降水確率】 昼間の降水確率は10%で、夕方の降水確率は10〜20%とされています。 ■ポイント■ ＜服装＞ いつもの夏服でよさそうですが、いちばん暑くなる時間に合わせて、通気性のいい服を選ぶと過ごしやすそうです。 ＜紫外線＞ 日差しがかなり強そうです。外で過ごす時間がある方は、なるべく日陰を使う意識があると負担を減らしやすいです。 ＜洗濯＞ 洗濯物は外干しがはかどりそうです。大きめのものも片づけやすい一日になりそうです。 ーー ※この記事は天気情報をもとにAIによって作成されています。 ※天気は変化するため、最新の情報は関連リンク先の各地点の天気情報をご確認ください。 ※本機能は試験的な導入です。,[],[]
【松阪市】8/19 最高31℃、昼間は暑さを感じる場面がありそうで、夕方から夜は晴れる予想【朝版】（Yahoo!ニュース オリジナル THE PAGE）,https://news.yahoo.co.jp/articles/bff5bcdf650f62bf8288489cfdb337da8f6abfcd,https://newsatcl-pctr.c.yimg.jp/t/amd-img/20260819-00020028-wordleafw-000-1-view.jpg?exp=10800,2026-08-19T05:14:05+09:00,2026-08-19T05:14:05+09:00,Yahoo!ニュース オリジナル THE PAGE,wordleaf,Yahoo!ニュース オリジナル THE PAGE,519,生成AIによる作成 ★お天気川柳★ 曇る朝 おはようひとつで 席あたたまる ーー おはようございます！松阪市専用のお天気サポートAIです！ ■きょうのざっくり天気■ 【気温の目安】 昨日と比べて、最低気温は23℃で1℃低くなりそうです。最高気温は31℃で差はなく、暑さを感じる場面がありそうです。 【朝の空模様】 朝はくもりで、降水確率は10%とされています。 【空模様の変化】 昼間はくもり時々晴れで、夕方から夜は晴れる見込みです。昼間の風速は2〜4m/sとされています。 ■ポイント■ ＜服装＞ きょうはTシャツなど涼しい服装が合いそうです。外で過ごす時間がある方は、風が通りやすい着こなしを選ぶと過ごしやすくなりそうです。 ＜体調＞ 日差しが出る時間は暑さで体力を使いやすそうです。炎天下を避けながら、こまめに休みを入れて過ごすのがよさそうです。 ＜紫外線＞ 紫外線はやや強めらしいです。外に出る時間が長い方は、日焼け止めを早めに使っておくと安心です。 ーー ※この記事は天気情報をもとにAIによって作成されています。 ※天気は変化するため、最新の情報は関連リンク先の各地点の天気情報をご確認ください。 ※本機能は試験的な導入です。,[],[]
【八戸市】8/19 最高32℃、暑さに注意、夕方は雨の可能性がある予想【朝版】（Yahoo!ニュース オリジナル THE PAGE）,https://news.yahoo.co.jp/articles/c2850acfb5ec379a8e4e3f1952b4728daed23850,https://newsatcl-pctr.c.yimg.jp/t/amd-img/20260819-00020027-wordleafw-000-1-view.jpg?exp=10800,2026-08-19T05:13:54+09:00,2026-08-19T05:13:54+09:00,Yahoo!ニュース オリジナル THE PAGE,wordleaf,Yahoo!ニュース オリジナル THE PAGE,558,生成AIによる作成 ★お天気川柳★ 朝は晴れ クールビズで 汗と和解 ーー おはようございます！八戸市専用のお天気サポートAIです！ ■きょうのざっくり天気■ 【気温の目安】 昨日と比べて、最低気温は23℃で1℃高く、最高気温は32℃で2℃高い見込みです。最高気温は暑さを感じる場面がありそうです。 【空模様】 朝は晴れが続き、昼間は晴れからくもりに変わる予想です。夕方は雨の可能性があり、夜はくもりが中心になりそうです。 【雨の可能性】 昼間の降水確率は0〜40%、夕方の降水確率は40〜50%とされています。 ■ポイント■ ＜服装＞ きょうは暑さが出やすそうなので、Tシャツなど涼しい服装が合いそうです。外で過ごす時間が長い方は、風通しのよい着こなしを意識すると過ごしやすそうです。 ＜体調＞ 昨日より気温が少し高く、日差しのある時間は体に熱がこもりやすくなりそうです。炎天下を避けながら、こまめに水分をとってください。 ＜傘＞ 夕方は雨具があると安心です。お出かけが長引く方は、折りたたみ傘をバッグに入れておくと使いやすそうです。 ーー ※この記事は天気情報をもとにAIによって作成されています。 ※天気は変化するため、最新の情報は関連リンク先の各地点の天気情報をご確認ください。 ※本機能は試験的な導入です。,[],[]
【山口市】8/19 最高34℃、暑さに注意、昼間から夜は晴れる時間が長い予想【朝版】（Yahoo!ニュース オリジナル THE PAGE）,https://news.yahoo.co.jp/articles/16cfdaf3af5c2e1da4610cee75ea7534e09875fa,https://newsatcl-pctr.c.yimg.jp/t/amd-img/20260819-00020026-wordleafw-000-1-view.jpg?exp=10800,2026-08-19T05:13:47+09:00,2026-08-19T05:13:47+09:00,Yahoo!ニュース オリジナル THE PAGE,wordleaf,Yahoo!ニュース オリジナル THE PAGE,520,生成AIによる作成 ★お天気川柳★ 朝曇り コンビニ寄れば 気持ち晴れ ーー おはようございます！山口市専用のお天気サポートAIです！ ■きょうのざっくり天気■ 【気温の目安】 昨日と比べて、最低気温は26℃で1℃高くなっています。最高気温は34℃で差はなく、暑さを感じる場面がありそうです。 【空模様】 朝から昼間はくもりが中心で、昼間から夕方は晴れる見込みです。夜も晴れる時間が続きそうです。 【降水確率】 朝の降水確率は10%とされ、昼間の降水確率も10%の予想です。夜は0%です。 ■ポイント■ ＜服装＞ きょうは通気性のいい服が合いそうです。特に暑さが気になりやすい時間は、風が通りやすい着こなしを選ぶと過ごしやすくなりそうです。 ＜体調＞ 早い時間から暑さ対策を意識しておくと安心です。外では炎天下をなるべく避けて、こまめに休みながら過ごすのがよさそうです。 ＜洗濯＞ 洗濯物は外干しがはかどりそうです。大きめのものも乾きやすい一日になりそうです。 ーー ※この記事は天気情報をもとにAIによって作成されています。 ※天気は変化するため、最新の情報は関連リンク先の各地点の天気情報をご確認ください。 ※本機能は試験的な導入です。,[],[]
【函館市】8/19 最高28℃、暑さを感じる場面がありそうで、朝から夕方は雨の予想【朝版】（Yahoo!ニュース オリジナル THE PAGE）,https://news.yahoo.co.jp/articles/d07ea06f39f133fe131200d48c046f2a7ec70127,https://newsatcl-pctr.c.yimg.jp/t/amd-img/20260819-00020025-wordleafw-000-1-view.jpg?exp=10800,2026-08-19T05:13:28+09:00,2026-08-19T05:13:28+09:00,Yahoo!ニュース オリジナル THE PAGE,wordleaf,Yahoo!ニュース オリジナル THE PAGE,570,生成AIによる作成 ★お天気川柳★ どんよりも プレゼンひとつで 場が晴れる ーー おはようございます！函館市専用のお天気サポートAIです！ ■きょうのざっくり天気■ 【気温の目安】 昨日と比べて、最低気温は22℃で差はありません。最高気温は28℃で1℃低く、暑さを感じる場面がありそうです。 【空模様の変化】 朝はくもりから雨になりそうで、昼間から夕方も雨が続く予想です。夜はくもりの時間もありますが、雨の可能性がある見込みです。 【雨と風】 朝の降水確率は10〜50%、昼間の降水確率は50〜60%とされています。夕方の風速は4〜5m/sで、やや風がある体感になりそうです。 ■ポイント■ ＜服装＞ 半袖一枚で過ごしやすそうですが、雨の時間は少し蒸し暑く感じる場面もありそうです。動きやすくて乾きやすい素材の服が合いそうです。 ＜傘＞ 朝の後半から夕方にかけては傘を使う場面が多くなりそうです。外出が長い方は、しっかり雨をしのげるものが安心です。 ＜洗濯＞ 洗濯物の外干しは進みにくそうです。今日は室内干しを中心にすると取り込みの手間が少なく済みそうです。 ーー ※この記事は天気情報をもとにAIによって作成されています。 ※天気は変化するため、最新の情報は関連リンク先の各地点の天気情報をご確認ください。 ※本機能は試験的な導入です。,[],[]
【松本市】8/19 最高33℃、暑さ、昼間は雨の可能性も、夕方から夜は雨の予想【朝版】（Yahoo!ニュース オリジナル THE PAGE）,https://news.yahoo.co.jp/articles/500a6cec7b5e8cf7bc3fa0a3dc7861dfd30e28b2,https://newsatcl-pctr.c.yimg.jp/t/amd-img/20260819-00020024-wordleafw-000-1-view.jpg?exp=10800,2026-08-19T05:13:25+09:00,2026-08-19T05:13:25+09:00,Yahoo!ニュース オリジナル THE PAGE,wordleaf,Yahoo!ニュース オリジナル THE PAGE,525,生成AIによる作成 ★お天気川柳★ 曇る朝 給料日だけ 顔は晴れ ーー おはようございます！松本市専用のお天気サポートAIです！ ■きょうのざっくり天気■ 【気温の目安】 昨日と比べて、最低気温は22℃で1℃高く、最高気温は33℃で1℃高い見込みです。暑さを感じる場面がありそうです。 【朝の空模様】 朝はくもりが中心で、朝の降水確率は10〜20%とされています。 【空模様の変化】 昼間は晴れやくもりに雨が混じる見込みで、昼間の降水確率は10〜50%とされています。夕方から夜は雨が続く見込みです。 ■ポイント■ ＜服装＞ きょうはTシャツなど涼しい服装が合いそうです。日差しが出る時間は熱がこもりやすそうなので、風が通りやすい着こなしを選ぶと過ごしやすくなりそうです。 ＜紫外線＞ 晴れ間のある時間は紫外線対策をしておくと安心です。帽子や日傘が役立ちそうです。 ＜傘＞ 昼間の後半から夜にかけては傘を使う場面がありそうです。外出が長くなる方は、雨具があると安心です。 ーー ※この記事は天気情報をもとにAIによって作成されています。 ※天気は変化するため、最新の情報は関連リンク先の各地点の天気情報をご確認ください。 ※本機能は試験的な導入です。,[],[]
【佐世保市】8/19 最高35℃、暑さ、紫外線、朝から晴れる予想【朝版】（Yahoo!ニュース オリジナル THE PAGE）,https://news.yahoo.co.jp/articles/d14cad950fddeecfc19aee2337e6898746f5dd60,https://newsatcl-pctr.c.yimg.jp/t/amd-img/20260819-00020023-wordleafw-000-1-view.jpg?exp=10800,2026-08-19T05:13:15+09:00,2026-08-19T05:13:15+09:00,Yahoo!ニュース オリジナル THE PAGE,wordleaf,Yahoo!ニュース オリジナル THE PAGE,495,生成AIによる作成 ★お天気川柳★ 雲のあと 他部署と段取り すっと晴れる ーー おはようございます！佐世保市専用のお天気サポートAIです！ ■きょうのざっくり天気■ 【気温の目安】 昨日と比べて、最低気温は26℃で差はありません。最高気温は35℃で1℃高く、厳しい暑さになりそうです。 【空模様】 朝から夜にかけて晴れる時間が多い見込みです。 【降水確率】 朝の降水確率は0〜10%、昼間の降水確率は0〜10%とされています。 ■ポイント■ ＜服装＞ いつもの夏服でよさそうですが、いちばん暑くなる時間に合わせて、通気性のいい服を選ぶと過ごしやすそうです。 ＜体調＞ 屋外で長く動く予定は、できるだけ負担を減らす意識があると安心です。こまめに休みながら、水分補給を早めにしていくのがよさそうです。 ＜紫外線＞ 日差しがかなり強そうです。外に出る時間がある方は、サングラスで目もいたわってあげるとよさそうです。 ーー ※この記事は天気情報をもとにAIによって作成されています。 ※天気は変化するため、最新の情報は関連リンク先の各地点の天気情報をご確認ください。 ※本機能は試験的な導入です。,[],[]
【佐賀市】8/19 最高38℃、最低26℃、暑さが厳しい晴れの予想【朝版】（Yahoo!ニュース オリジナル THE PAGE）,https://news.yahoo.co.jp/articles/27c4dac5d2fd7b58d6f49cc8c5ea9c9ce119a86d,https://newsatcl-pctr.c.yimg.jp/t/amd-img/20260819-00020022-wordleafw-000-1-view.jpg?exp=10800,2026-08-19T05:13:04+09:00,2026-08-19T05:13:04+09:00,Yahoo!ニュース オリジナル THE PAGE,wordleaf,Yahoo!ニュース オリジナル THE PAGE,492,生成AIによる作成 ★お天気川柳★ 夏の朝 胃もたれだけは 定時退社 ーー おはようございます！佐賀市専用のお天気サポートAIです！ ■きょうのざっくり天気■ 【気温の目安】昨日と比べて、最低気温は26℃で1℃高く、最高気温は38℃で2℃高い予想です。厳しい暑さになりそうです。 【空模様】朝から夜にかけて晴れる時間が多い見込みです。 【降水確率】朝の降水確率は0〜10%、昼間の降水確率は0〜10%とされています。 ■ポイント■ ＜服装＞ きょうは風通しのいい服が合いそうです。特に暑さが厳しくなりそうな時間に長く外へ出るなら、熱がこもりにくい素材を選ぶと過ごしやすそうです。 ＜体調＞ 昨日よりさらに暑くなりそうなので、無理な外歩きや運動はできるだけ控えめが安心です。のどが渇く前にこまめに水分をとってください。 ＜紫外線＞ 日差しが強くなりそうです。外ではサングラスで目を守る工夫が役立ちそうです。 ーー ※この記事は天気情報をもとにAIによって作成されています。 ※天気は変化するため、最新の情報は関連リンク先の各地点の天気情報をご確認ください。 ※本機能は試験的な導入です。,[],[]
【長岡市】8/19 最高33℃、暑さに注意、夜はくもりの予想【朝版】（Yahoo!ニュース オリジナル THE PAGE）,https://news.yahoo.co.jp/articles/e1b41e9343a8776c75268206379bae8f81720a25,https://newsatcl-pctr.c.yimg.jp/t/amd-img/20260819-00020021-wordleafw-000-1-view.jpg?exp=10800,2026-08-19T05:12:59+09:00,2026-08-19T05:12:59+09:00,Yahoo!ニュース オリジナル THE PAGE,wordleaf,Yahoo!ニュース オリジナル THE PAGE,520,生成AIによる作成 ★お天気川柳★ 晴れの朝 肩こり重いが シャツは軽い ーー おはようございます！長岡市専用のお天気サポートAIです！ ■きょうのざっくり天気■ 【気温の目安】 昨日と比べて、最低気温は24℃で差はありません。最高気温は33℃で1℃低く、暑さを感じる場面がありそうです。 【空模様】 朝から昼間は晴れる見込みで、夕方は晴れからくもり、夜はくもりの予想です。 【降水確率】 朝の降水確率は0〜10%、昼間は10〜20%、夕方は20%、夜は20%とされています。 ■ポイント■ ＜服装＞ きょうは涼しい服装が合いそうです。特に暑さが気になりやすい時間は、風が通りやすい着こなしを選ぶと過ごしやすくなりそうです。 ＜体調＞ 外に出る予定がある方は、強い日差しの下に長くい続けないよう気をつけたいです。こまめに水分をとって、無理をしない過ごし方がよさそうです。 ＜洗濯＞ 洗濯物は外干しを進めやすい一日になりそうです。厚手のものも片づけやすそうです。 ーー ※この記事は天気情報をもとにAIによって作成されています。 ※天気は変化するため、最新の情報は関連リンク先の各地点の天気情報をご確認ください。 ※本機能は試験的な導入です。,[],[]
【山形市】8/19 最高34℃、暑さ、昼間は晴れて夕方以降はくもりの予想【朝版】（Yahoo!ニュース オリジナル THE PAGE）,https://news.yahoo.co.jp/articles/53f50f4d436a576908151251357d45513871ac57,https://newsatcl-pctr.c.yimg.jp/t/amd-img/20260819-00020020-wordleafw-000-1-view.jpg?exp=10800,2026-08-19T05:12:00+09:00,2026-08-19T05:12:00+09:00,Yahoo!ニュース オリジナル THE PAGE,wordleaf,Yahoo!ニュース オリジナル THE PAGE,504,生成AIによる作成 ★お天気川柳★ 猛暑日に だるい会議も 麦茶で持つ ーー おはようございます！山形市専用のお天気サポートAIです！ ■きょうのざっくり天気■ 【気温の目安】 昨日と比べて、最低気温は21℃で差はありません。最高気温は34℃で3℃高く、暑さを感じる場面がありそうです。 【空模様】 朝から昼間は晴れる見込みで、夕方から夜はくもりが中心になりそうです。 【降水確率】 昼間の降水確率は0〜30%、夕方の降水確率は30%、夜の降水確率は10〜30%とされています。 ■ポイント■ ＜服装＞ きょうは涼しい服装が合いそうです。特に暑さが気になる時間は、風が通りやすい素材の服を選ぶと過ごしやすくなりそうです。 ＜紫外線＞ 晴れる時間が長そうなので、外に出る時間がある方は帽子や日傘で日差し対策をしておくと安心です。 ＜洗濯＞ 薄手のものは乾きやすそうです。洗濯を進めるなら、晴れている時間をうまく使うとよさそうです。 ーー ※この記事は天気情報をもとにAIによって作成されています。 ※天気は変化するため、最新の情報は関連リンク先の各地点の天気情報をご確認ください。 ※本機能は試験的な導入です。,[],[]
【青森市】8/19 最高32℃、暑さに注意、夕方は雨の可能性がある予想【朝版】（Yahoo!ニュース オリジナル THE PAGE）,https://news.yahoo.co.jp/articles/4500f499197e1e623d063b8a88ced3ffe7f0ba78,https://newsatcl-pctr.c.yimg.jp/t/amd-img/20260819-00020019-wordleafw-000-1-view.jpg?exp=10800,2026-08-19T05:11:42+09:00,2026-08-19T05:11:42+09:00,Yahoo!ニュース オリジナル THE PAGE,wordleaf,Yahoo!ニュース オリジナル THE PAGE,506,生成AIによる作成 ★お天気川柳★ 汗ばむ日 預けた一着 明日の味方 ーー おはようございます！青森市専用のお天気サポートAIです！ ■きょうのざっくり天気■ 【気温の目安】 昨日と比べて、最低気温は22℃で1℃低く、最高気温は32℃で4℃高く、暑さを感じる場面がありそうです。 【空模様】 朝は晴れやくもりで、昼間から夜はくもりが続く見込みです。夕方は弱い雨の可能性があります。 【降水確率】 朝の降水確率は0〜20%、昼間は20〜40%、夕方は40%、夜は30〜40%とされています。 ■ポイント■ ＜服装＞ きょうは涼しい服装が合いそうです。特に暑さを感じやすい時間は、風が通りやすい素材のTシャツなどが過ごしやすそうです。 ＜体調＞ 昨日より日中は暑さが増しそうなので、外では無理をしすぎず、炎天下を避けて過ごすのがよさそうです。 ＜洗濯＞ 空は安定しにくそうなので、洗濯物は外干しより部屋干し中心のほうが進めやすそうです。 ーー ※この記事は天気情報をもとにAIによって作成されています。 ※天気は変化するため、最新の情報は関連リンク先の各地点の天気情報をご確認ください。 ※本機能は試験的な導入です。,[],[]
【福島市】8/19 最高34℃、暑さ、紫外線、夜はくもりが混じる予想【朝版】（Yahoo!ニュース オリジナル THE PAGE）,https://news.yahoo.co.jp/articles/c8acb526af64bf7a8b9d1e7074b99704ba2a427e,https://newsatcl-pctr.c.yimg.jp/t/amd-img/20260819-00020018-wordleafw-000-1-view.jpg?exp=10800,2026-08-19T05:11:34+09:00,2026-08-19T05:11:34+09:00,Yahoo!ニュース オリジナル THE PAGE,wordleaf,Yahoo!ニュース オリジナル THE PAGE,475,生成AIによる作成 ★お天気川柳★ 猛暑日の 電話の保留で 汗ひと息 ーー おはようございます！福島市専用のお天気サポートAIです！ ■きょうのざっくり天気■ 【気温の目安】 昨日と比べて、最低気温は22℃で差はありません。最高気温は34℃で2℃高く、暑さを感じる場面がありそうです。 【空模様】 朝から夕方は晴れる時間が多く、夜はくもりが混じる見込みです。 【降水確率】 朝の降水確率は0%、昼間は0〜10%、夕方は10%、夜は0〜10%とされています。 ■ポイント■ ＜服装＞ きょうは暑さが主役になりそうです。いつもの夏服をベースに、風が通りやすい素材の服を選ぶと過ごしやすそうです。 ＜紫外線＞ 日差しがかなり強そうなので、外で過ごす時間が長い方は日陰をうまく使ってください。 ＜洗濯＞ 洗濯物ははかどりやすい一日になりそうです。大きめのものも進めやすそうです。 ーー ※この記事は天気情報をもとにAIによって作成されています。 ※天気は変化するため、最新の情報は関連リンク先の各地点の天気情報をご確認ください。 ※本機能は試験的な導入です。,[],[]
【水戸市】8/19 最高31℃、暑さに注意、晴れる予想【朝版】（Yahoo!ニュース オリジナル THE PAGE）,https://news.yahoo.co.jp/articles/fd642e644f4d43f63cc3559d7e870b8e57f5409f,https://newsatcl-pctr.c.yimg.jp/t/amd-img/20260819-00020017-wordleafw-000-1-view.jpg?exp=10800,2026-08-19T05:11:28+09:00,2026-08-19T05:11:28+09:00,Yahoo!ニュース オリジナル THE PAGE,wordleaf,Yahoo!ニュース オリジナル THE PAGE,504,生成AIによる作成 ★お天気川柳★ 朝の雲 終電の愚痴も 日差しで薄れ ーー おはようございます！水戸市専用のお天気サポートAIです！ ■きょうのざっくり天気■ 【気温の目安】 昨日と比べて、最低気温は22℃で差はありません。最高気温は31℃で1℃高く、暑さを感じる場面がありそうです。 【空模様】 朝はくもりと晴れで、昼間から夜は晴れる見込みです。 【昼間の風】 昼間の風速は2〜4m/sで、少し風を感じる時間がありそうです。 ■ポイント■ ＜服装＞ きょうはTシャツなど涼しい服装が合いそうです。日差しの下では暑さを感じやすそうなので、風が通りやすい着こなしだと過ごしやすそうです。 ＜体調＞ 外出するなら炎天下を避ける意識をしておくとよさそうです。暑さが続きやすい一日になりそうなので、早めの水分補給を心がけると安心です。 ＜紫外線＞ 晴れる時間が長そうなので、外に出るなら帽子や日傘で日差し対策をしておくとよさそうです。 ーー ※この記事は天気情報をもとにAIによって作成されています。 ※天気は変化するため、最新の情報は関連リンク先の各地点の天気情報をご確認ください。 ※本機能は試験的な導入です。,[],[]
【いわき市】8/19 最高30℃、暑さ、紫外線、晴天が続く予想【朝版】（Yahoo!ニュース オリジナル THE PAGE）,https://news.yahoo.co.jp/articles/07ef84478aea04f6763494025b94e4b93115ecdb,https://newsatcl-pctr.c.yimg.jp/t/amd-img/20260819-00020016-wordleafw-000-1-view.jpg?exp=10800,2026-08-19T05:11:11+09:00,2026-08-19T05:11:11+09:00,Yahoo!ニュース オリジナル THE PAGE,wordleaf,Yahoo!ニュース オリジナル THE PAGE,452,生成AIによる作成 ★お天気川柳★ 傘いらず 駅の階段 胸を張る ーー おはようございます！いわき市専用のお天気サポートAIです！ ■きょうのざっくり天気■ 【気温の目安】 昨日と比べて、最低気温は21℃で差はありません。最高気温は30℃で1℃高く、暑さを感じる場面がありそうです。 【空模様】 朝から夜にかけて晴れる見込みです。 【風と降水】 昼間の風速は4m/sで、降水確率は朝から夜まで0%とされています。 ■ポイント■ ＜服装＞ 半袖をベースにしつつ、室内との体感差が気になる場面ではシャツを重ねて調節すると合わせやすそうです。 ＜紫外線＞ 日差しが強くなりそうなので、外では日陰をうまく使いながら過ごすと負担を減らしやすいです。 ＜洗濯＞ 洗濯物ははかどりやすい一日になりそうです。大きめのものも進めやすそうです。 ーー ※この記事は天気情報をもとにAIによって作成されています。 ※天気は変化するため、最新の情報は関連リンク先の各地点の天気情報をご確認ください。 ※本機能は試験的な導入です。,[],[]
【旭川市】8/19 最高30℃、暑さ、夕方は雨の可能性がある予想【朝版】（Yahoo!ニュース オリジナル THE PAGE）,https://news.yahoo.co.jp/articles/cd501f1bc4be0b23c5f7d3a74d364bba0644aea3,https://newsatcl-pctr.c.yimg.jp/t/amd-img/20260819-00020015-wordleafw-000-1-view.jpg?exp=10800,2026-08-19T05:11:03+09:00,2026-08-19T05:11:03+09:00,Yahoo!ニュース オリジナル THE PAGE,wordleaf,Yahoo!ニュース オリジナル THE PAGE,546,生成AIによる作成 おはようございます！旭川市専用のお天気サポートAIです！ ■きょうのざっくり天気■ 【気温の目安】 昨日と比べて、最低気温は21℃で2℃高く、最高気温は30℃で2℃高い見込みです。暑さを感じる場面がありそうです。 【空模様】 朝から昼間はくもりが中心で、夕方は雨の可能性があります。夜もくもりが続く予想です。 【雨と風】 昼間の降水確率は10〜40%、夕方の降水確率は40〜50%とされています。昼間の風速は4〜5m/sで、やや風がある見込みです。 ■ポイント■ ＜服装＞ 半袖をベースにしつつ、調節しやすいシャツを重ねる着こなしが合いそうです。暑さが気になる時間に合わせて、風通しのよい素材を選ぶと過ごしやすくなりそうです。 ＜体調＞ 昨日より気温が少し高めなので、外で動く時間がある方は早めの水分補給と塩分補給を意識するとよさそうです。無理を続けず、こまめに休みを入れてください。 ＜傘＞ 昼間から夕方にかけては雨具があると安心です。お出かけが長くなる方は、折りたたみ傘が役立ちそうです。 ーー ※この記事は天気情報をもとにAIによって作成されています。 ※天気は変化するため、最新の情報は関連リンク先の各地点の天気情報をご確認ください。 ※本機能は試験的な導入です。,[],[]
【郡山市】8/19 最高33℃、暑さ、紫外線、朝から晴れる予想【朝版】（Yahoo!ニュース オリジナル THE PAGE）,https://news.yahoo.co.jp/articles/04f39f39d16cff788072968b9c26717927e554f7,https://newsatcl-pctr.c.yimg.jp/t/amd-img/20260819-00020014-wordleafw-000-1-view.jpg?exp=10800,2026-08-19T05:10:53+09:00,2026-08-19T05:10:53+09:00,Yahoo!ニュース オリジナル THE PAGE,wordleaf,Yahoo!ニュース オリジナル THE PAGE,498,生成AIによる作成 ★お天気川柳★ 朝の雲 ため息ひとつ 靴は前へ ーー おはようございます！郡山市専用のお天気サポートAIです！ ■きょうのざっくり天気■ 【気温の目安】 昨日と比べて、最低気温は22℃で1℃高く、最高気温は33℃で2℃高い見込みです。暑さを感じる場面がありそうです。 【空模様】 朝から夜にかけて晴れる時間が多い予想です。 【降水確率】 昼間の降水確率は0〜10%、夜の降水確率は0〜10%とされています。 ■ポイント■ ＜服装＞ きょうは涼しい服装が合いそうです。特に暑さが気になる時間に合わせて、風が通りやすい素材を選ぶと過ごしやすくなりそうです。 ＜紫外線＞ 日差しが強くなりそうなので、外では日陰をうまく使うと負担を減らしやすそうです。長く歩く予定がある方は、直射日光を避ける意識があると安心です。 ＜洗濯＞ 洗濯物は乾きやすそうです。大きめのものもまとめて進めやすい一日になりそうです。 ーー ※この記事は天気情報をもとにAIによって作成されています。 ※天気は変化するため、最新の情報は関連リンク先の各地点の天気情報をご確認ください。 ※本機能は試験的な導入です。,[],[]
【加古川市】8/19 最高34℃、暑さ、紫外線、晴天が続く予想【朝版】（Yahoo!ニュース オリジナル THE PAGE）,https://news.yahoo.co.jp/articles/d27de25137a41f90271cb9d8b97597f1098f874b,https://newsatcl-pctr.c.yimg.jp/t/amd-img/20260819-00020013-wordleafw-000-1-view.jpg?exp=10800,2026-08-19T05:10:45+09:00,2026-08-19T05:10:45+09:00,Yahoo!ニュース オリジナル THE PAGE,wordleaf,Yahoo!ニュース オリジナル THE PAGE,467,生成AIによる作成 ★お天気川柳★ 日差し強い コンビニの冷気に 救われる ーー おはようございます！加古川市専用のお天気サポートAIです！ ■きょうのざっくり天気■ 【気温の目安】 昨日と比べて、最低気温は26℃で1℃高く、最高気温は34℃で1℃高い予想です。最高気温は暑さを感じる場面がありそうです。 【空模様】 朝から夜にかけて晴れる見込みです。 【降水確率】 朝の降水確率は0〜10%、昼間の降水確率は0〜10%とされています。 ■ポイント■ ＜服装＞ きょうは風通しのいい服が合いそうです。特に昼間は熱がこもりにくい素材を選ぶと、暑さ対策がしやすそうです。 ＜紫外線＞ 日差しがかなり強そうです。外で過ごすなら、なるべく日陰を使うと負担を減らしやすそうです。 ＜洗濯＞ 洗濯物ははかどりやすい一日になりそうです。大きめのものも進めやすそうです。 ーー ※この記事は天気情報をもとにAIによって作成されています。 ※天気は変化するため、最新の情報は関連リンク先の各地点の天気情報をご確認ください。 ※本機能は試験的な導入です。,[],[]
【長野市】8/19 最高33℃、暑さに注意、くもり中心の予想【朝版】（Yahoo!ニュース オリジナル THE PAGE）,https://news.yahoo.co.jp/articles/6dc5dbc061443950e19c0ef13225861c3224738e,https://newsatcl-pctr.c.yimg.jp/t/amd-img/20260819-00020012-wordleafw-000-1-view.jpg?exp=10800,2026-08-19T05:10:34+09:00,2026-08-19T05:10:34+09:00,Yahoo!ニュース オリジナル THE PAGE,wordleaf,Yahoo!ニュース オリジナル THE PAGE,512,生成AIによる作成 ★お天気川柳★ 空は曇り コピー機だけは 晴れてほしい ーー おはようございます！長野市専用のお天気サポートAIです！ ■きょうのざっくり天気■ 【気温の目安】 昨日と比べて、最低気温は24℃で差はありません。最高気温は33℃で1℃低く、暑さを感じる場面がありそうです。 【空模様】 朝から夜にかけて、くもりが続く予想です。 【降水確率】 昼間の降水確率は20〜40%とされ、夕方は30〜40%の予想です。 ■ポイント■ ＜服装＞ きょうも夏らしい体感が続きそうです。いつもの涼しい服装をベースにして、風が通りやすい着こなしを選ぶと過ごしやすそうです。 ＜体調＞ 昨日と大きく変わらない蒸し暑さが残りそうです。外に出る時間が長い方は、炎天下を避けながらこまめに休みを入れると安心です。 ＜紫外線＞ 強すぎる空ではなさそうですが、油断はしにくい一日です。外で過ごす時間があるなら、日焼け止めで早めに対策しておくとよさそうです。 ーー ※この記事は天気情報をもとにAIによって作成されています。 ※天気は変化するため、最新の情報は関連リンク先の各地点の天気情報をご確認ください。 ※本機能は試験的な導入です。,[],[]
【和歌山市】8/19 最高32℃、暑さに注意、晴天が続く予想【朝版】（Yahoo!ニュース オリジナル THE PAGE）,https://news.yahoo.co.jp/articles/923f70c2d472c81fba47dc7727ea6010b97eb23f,https://newsatcl-pctr.c.yimg.jp/t/amd-img/20260819-00020011-wordleafw-000-1-view.jpg?exp=10800,2026-08-19T05:10:24+09:00,2026-08-19T05:10:24+09:00,Yahoo!ニュース オリジナル THE PAGE,wordleaf,Yahoo!ニュース オリジナル THE PAGE,481,生成AIによる作成 ★お天気川柳★ 傘忘れ 晴れならそれも 運がいい ーー おはようございます！和歌山市専用のお天気サポートAIです！ ■きょうのざっくり天気■ 【気温の目安】 昨日と比べて、最低気温は25℃で1℃高く、やや暑さを感じる場面がありそうです。最高気温は32℃で差はありません。暑さを感じる場面がありそうです。 【空模様】 朝から夜にかけて晴れる見込みです。 【降水確率】 朝の降水確率は0%、昼間から夜の降水確率は0〜10%とされています。 ■ポイント■ ＜服装＞ いつもの夏服で過ごしやすそうですが、暑さが気になる時間に合わせて、Tシャツなど涼しい服装が合いそうです。 ＜体調＞ 外で長く過ごす予定がある方は、強い日差しの時間をなるべく避けながら、こまめに休みを入れると安心です。 ＜洗濯＞ 洗濯物ははかどりやすい一日になりそうです。大きめのものも進めやすそうです。 ーー ※この記事は天気情報をもとにAIによって作成されています。 ※天気は変化するため、最新の情報は関連リンク先の各地点の天気情報をご確認ください。 ※本機能は試験的な導入です。,[],[]
【長崎市】8/19 最高36℃、暑さ、紫外線、夜はくもりの予想【朝版】（Yahoo!ニュース オリジナル THE PAGE）,https://news.yahoo.co.jp/articles/f3b3a21524b9b8f309a7572e932aff910c69d49c,https://newsatcl-pctr.c.yimg.jp/t/amd-img/20260819-00020010-wordleafw-000-1-view.jpg?exp=10800,2026-08-19T05:10:09+09:00,2026-08-19T05:10:09+09:00,Yahoo!ニュース オリジナル THE PAGE,wordleaf,Yahoo!ニュース オリジナル THE PAGE,474,生成AIによる作成 ★お天気川柳★ 朝の晴れ 寄り道しても 汗は本気 ーー おはようございます！長崎市専用のお天気サポートAIです！ ■きょうのざっくり天気■ 【気温の目安】 昨日と比べて、最低気温は26℃で差はありません。最高気温は36℃で3℃高く、厳しい暑さになりそうです。 【空模様】 朝から夕方は晴れる見込みで、夜はくもりが混じる予想です。 【降水確率】 朝の降水確率は0〜10%、夜の降水確率は20%とされています。 ■ポイント■ ＜服装＞ きょうは風が弱く、暑さがこもりやすそうです。通気性のいい服で、熱が逃げやすい着こなしが合いそうです。 ＜体調＞ 昨日よりさらに暑さが増す見込みなので、屋外で長く過ごす予定はできるだけ控えめにするとよさそうです。 ＜紫外線＞ 日差しが強く照りつけそうです。外に出る時間がある方は、目元まで意識した対策があると安心です。 ーー ※この記事は天気情報をもとにAIによって作成されています。 ※天気は変化するため、最新の情報は関連リンク先の各地点の天気情報をご確認ください。 ※本機能は試験的な導入です。,[],[]
【宮崎市】8/19 最高31℃、暑さ、昼間は雨、夜も雨の予想【朝版】（Yahoo!ニュース オリジナル THE PAGE）,https://news.yahoo.co.jp/articles/e04d78891e1bcf6fa3b1c36bee6170ae76b969d3,https://newsatcl-pctr.c.yimg.jp/t/amd-img/20260819-00020009-wordleafw-000-1-view.jpg?exp=10800,2026-08-19T05:10:06+09:00,2026-08-19T05:10:06+09:00,Yahoo!ニュース オリジナル THE PAGE,wordleaf,Yahoo!ニュース オリジナル THE PAGE,537,生成AIによる作成 ★お天気川柳★ 曇る空 定時退社が 今日の虹 ーー おはようございます！宮崎市専用のお天気サポートAIです！ ■きょうのざっくり天気■ 【気温の目安】 昨日と比べて、最低気温は24℃で差はありません。最高気温は31℃で1℃低く、暑さを感じる場面がありそうです。 【空模様の変化】 朝はくもりが中心で、昼間から夕方は雨になりそうです。夜も雨の可能性があります。 【雨と風】 昼間の降水確率は40〜60%、夕方の降水確率は70%とされています。昼間から夕方の風速は4m/sで、やや風があるくらいになりそうです。 ■ポイント■ ＜服装＞ きょうも涼しい服装が合いそうです。暑さを感じやすいので、風が通りやすい素材のTシャツなどで無理なく過ごしてください。 ＜傘＞ 昼間から夜にかけては傘を使う場面がありそうです。長く外にいる予定なら、雨に対応しやすい準備があると安心です。 ＜洗濯＞ 洗濯物は乾きにくさが気になりそうです。外干しよりも、部屋干しを中心にしたほうが進めやすそうです。 ーー ※この記事は天気情報をもとにAIによって作成されています。 ※天気は変化するため、最新の情報は関連リンク先の各地点の天気情報をご確認ください。 ※本機能は試験的な導入です。,[],[]
【富山市】8/19 最高34℃、暑さに注意、紫外線が強い予想【朝版】（Yahoo!ニュース オリジナル THE PAGE）,https://news.yahoo.co.jp/articles/0b1ea0affd75acfc3f37ac8115b3c548d6869aed,https://newsatcl-pctr.c.yimg.jp/t/amd-img/20260819-00020008-wordleafw-000-1-view.jpg?exp=10800,2026-08-19T05:09:53+09:00,2026-08-19T05:09:53+09:00,Yahoo!ニュース オリジナル THE PAGE,wordleaf,Yahoo!ニュース オリジナル THE PAGE,472,生成AIによる作成 おはようございます！富山市専用のお天気サポートAIです！ ■きょうのざっくり天気■ 【気温の目安】 昨日と比べて、最低気温は25℃、最高気温は34℃で、ともに差はありません。最高気温は34℃で、暑さを感じる場面がありそうです。 【空模様】 朝から夜まで晴れる見込みです。 【降水確率】 昼間の降水確率は10〜20%、夜の降水確率は10%とされています。 ■ポイント■ ＜服装＞ きょうも暑さ対策を優先した服装が合いそうです。通気性のいい服で、日なたに出る時間がある方は熱がこもりにくい着こなしを意識すると過ごしやすそうです。 ＜紫外線＞ 日差しがかなり強くなりそうです。外では日陰をうまく使いながら、長く直射日光を浴びすぎないようにするとよさそうです。 ＜洗濯＞ 洗濯物は外干しを進めやすい一日になりそうです。大きめのものも片づけやすそうです。 ーー ※この記事は天気情報をもとにAIによって作成されています。 ※天気は変化するため、最新の情報は関連リンク先の各地点の天気情報をご確認ください。 ※本機能は試験的な導入です。,[],[]
【福山市】8/19 最高36℃、暑さ、朝はくもりから晴れの予想【朝版】（Yahoo!ニュース オリジナル THE PAGE）,https://news.yahoo.co.jp/articles/9b494b690ef3a1bd2ea6f5e0cea7772f6e74d8f2,https://newsatcl-pctr.c.yimg.jp/t/amd-img/20260819-00020007-wordleafw-000-1-view.jpg?exp=10800,2026-08-19T05:09:47+09:00,2026-08-19T05:09:47+09:00,Yahoo!ニュース オリジナル THE PAGE,wordleaf,Yahoo!ニュース オリジナル THE PAGE,527,生成AIによる作成 ★お天気川柳★ 暑い日は 時差出勤で 顔すずし ーー おはようございます！福山市専用のお天気サポートAIです！ ■きょうのざっくり天気■ 【気温の目安】 昨日と比べて、最低気温は25℃で1℃高く、やや暑さを感じる場面がありそうです。最高気温は36℃で1℃高く、厳しい暑さになりそうです。 【空模様】 朝はくもりから晴れ、昼間から夜は晴れる見込みです。 【降水確率】 朝の降水確率は0%とされていて、昼間から夜の降水確率は0〜10%の予想です。 ■ポイント■ ＜服装＞ きょうは風通しのいい服が合いそうです。特に活動する時間が長い方は、熱がこもりにくい素材を選ぶと過ごしやすくなりそうです。 ＜体調＞ 屋外で長く動く予定は、できるだけ控えめにしたほうがよさそうです。こまめな水分補給を早めに意識しておくと安心です。 ＜紫外線＞ 昼間は強い日差しを避けやすい場所を選ぶとよさそうです。少しの移動でも、日なたにいる時間が長くなりすぎないよう気をつけたいですね。 ーー ※この記事は天気情報をもとにAIによって作成されています。 ※天気は変化するため、最新の情報は関連リンク先の各地点の天気情報をご確認ください。 ※本機能は試験的な導入です。,[],[]
【大分市】8/19 最高35℃、暑さ、朝から夜にかけて晴れる予想【朝版】（Yahoo!ニュース オリジナル THE PAGE）,https://news.yahoo.co.jp/articles/074c0dcb22fdaeb2ae6cf5337c10df1c5510518f,https://newsatcl-pctr.c.yimg.jp/t/amd-img/20260819-00020006-wordleafw-000-1-view.jpg?exp=10800,2026-08-19T05:09:32+09:00,2026-08-19T05:09:32+09:00,Yahoo!ニュース オリジナル THE PAGE,wordleaf,Yahoo!ニュース オリジナル THE PAGE,500,生成AIによる作成 ★お天気川柳★ 晴れ続き 白シャツ受け取り 気も晴れる ーー おはようございます！大分市専用のお天気サポートAIです！ ■きょうのざっくり天気■ 【気温の目安】 昨日と比べて、最低気温は25℃で1℃低く、最高気温は35℃で1℃低い見込みです。最高気温は厳しい暑さになりそうです。 【空模様】 朝から夜にかけて晴れる見込みです。 【降水確率と風】 昼間の降水確率は0〜10%、夜の降水確率は10%とされています。夕方の風速は5m/sで、やや風がありそうです。 ■ポイント■ ＜服装＞ きょうも暑さ対策を優先した服装が合いそうです。通気性のいい服を選ぶと、熱がこもりにくく過ごしやすそうです。 ＜体調＞ 昨日と比べて少し気温は下がる見込みですが、厳しい暑さは続きそうです。屋外での活動はなるべく控えめにすると安心です。 ＜紫外線＞ 晴れる時間が長そうなので、帽子や日傘で早めに対策しておくとよさそうです。 ーー ※この記事は天気情報をもとにAIによって作成されています。 ※天気は変化するため、最新の情報は関連リンク先の各地点の天気情報をご確認ください。 ※本機能は試験的な導入です。,[],[]
【松山市】8/19 最高34℃、暑さに注意、晴れる予想【朝版】（Yahoo!ニュース オリジナル THE PAGE）,https://news.yahoo.co.jp/articles/6378fc160f99cf7cf2d1ac53ac9ce0bc6ae3ddcc,https://newsatcl-pctr.c.yimg.jp/t/amd-img/20260819-00020005-wordleafw-000-1-view.jpg?exp=10800,2026-08-19T05:09:22+09:00,2026-08-19T05:09:22+09:00,Yahoo!ニュース オリジナル THE PAGE,wordleaf,Yahoo!ニュース オリジナル THE PAGE,476,生成AIによる作成 ★お天気川柳★ 暑い朝 着くころシャツは もう本気 ーー おはようございます！松山市専用のお天気サポートAIです！ ■きょうのざっくり天気■ 【気温の目安】 昨日と比べて、最低気温は25℃で1℃高く、最高気温は34℃で差はありません。暑さを感じる場面がありそうです。 【空模様】 朝から夜にかけて晴れる時間が多い見込みです。 【降水と風】 昼間の降水確率は0〜10%で、夕方の風速は3m/sとされています。 ■ポイント■ ＜服装＞ いつもの夏服でよさそうですが、暑さが気になる時間に合わせて、通気性のいい服が過ごしやすそうです。 ＜体調＞ 外で長く過ごす予定がある方は、強い日差しで体力を奪われやすいかもしれません。炎天下を避けられると少しラクになりそうです。 ＜洗濯＞ 洗濯物は乾きやすそうです。大きめのものを洗う予定も進めやすい一日になりそうです。 ーー ※この記事は天気情報をもとにAIによって作成されています。 ※天気は変化するため、最新の情報は関連リンク先の各地点の天気情報をご確認ください。 ※本機能は試験的な導入です。,[],[]
【姫路市】8/19 最高34℃、暑さ、朝はくもりで昼間から夜は晴れの予想【朝版】（Yahoo!ニュース オリジナル THE PAGE）,https://news.yahoo.co.jp/articles/5756ccb3b0c63d3e4f0a3d34a4037e66381f473f,https://newsatcl-pctr.c.yimg.jp/t/amd-img/20260819-00020004-wordleafw-000-1-view.jpg?exp=10800,2026-08-19T05:09:19+09:00,2026-08-19T05:09:19+09:00,Yahoo!ニュース オリジナル THE PAGE,wordleaf,Yahoo!ニュース オリジナル THE PAGE,490,生成AIによる作成 ★お天気川柳★ 猛暑日に 上着の出番は 冷房だけ ーー おはようございます！姫路市専用のお天気サポートAIです！ ■きょうのざっくり天気■ 【気温の目安】 昨日と比べて、最低気温は26℃で差はありません。最高気温は34℃で2℃高く、暑さを感じる場面がありそうです。 【空模様】 朝はくもりがありそうですが、昼間から夜は晴れる時間が多い見込みです。 【降水確率】 朝の降水確率は0%で、昼間の降水確率は0〜10%とされています。 ■ポイント■ ＜服装＞ きょうは通気性のいい服が合いそうです。特に暑さが気になりやすい時間は、風が通りやすい素材を選ぶと過ごしやすくなりそうです。 ＜体調＞ 昨日より暑さが増しそうなので、外では炎天下をなるべく避けて、こまめに水分をとる意識があると安心です。 ＜洗濯＞ よく乾きやすい空模様になりそうです。大きめの洗濯物も進めやすい一日になりそうです。 ーー ※この記事は天気情報をもとにAIによって作成されています。 ※天気は変化するため、最新の情報は関連リンク先の各地点の天気情報をご確認ください。 ※本機能は試験的な導入です。,[],[]
【秋田市】8/19 最高33℃、暑さに注意、夜も気温高めの予想【朝版】（Yahoo!ニュース オリジナル THE PAGE）,https://news.yahoo.co.jp/articles/e0899089789c11adecb5e3fdb75df7e585a2769b,https://newsatcl-pctr.c.yimg.jp/t/amd-img/20260819-00020003-wordleafw-000-1-view.jpg?exp=10800,2026-08-19T05:09:09+09:00,2026-08-19T05:09:09+09:00,Yahoo!ニュース オリジナル THE PAGE,wordleaf,Yahoo!ニュース オリジナル THE PAGE,527,生成AIによる作成 ★お天気川柳★ 晴れの朝 今日の居場所も 運試し ーー おはようございます！秋田市専用のお天気サポートAIです！ ■きょうのざっくり天気■ 【気温の目安】 昨日と比べて、最低気温は24℃、最高気温は33℃で、ともに差はありません。最高気温は暑さを感じる場面がありそうです。 【空模様】 朝から昼間は晴れる時間が多く、夕方から夜は晴れやくもりになりそうです。 【降水確率】 昼間の降水確率は10〜20%、夜の降水確率は10〜20%とされています。 ■ポイント■ ＜服装＞ きょうも暑さが続きそうなので、Tシャツなど涼しい服装が合いそうです。外にいる時間が長い方は、風が通りやすい着こなしを選ぶと過ごしやすくなりそうです。 ＜熱中症＞ 強い日差しが照りつける時間は、できるだけ炎天下を避けて動くのがよさそうです。のどが渇く前の水分補給も意識したいですね。 ＜紫外線＞ 日差し対策があると安心です。帽子や日傘を使って、外では直射日光を避ける工夫がおすすめです。 ーー ※この記事は天気情報をもとにAIによって作成されています。 ※天気は変化するため、最新の情報は関連リンク先の各地点の天気情報をご確認ください。 ※本機能は試験的な導入です。,[],[]
【高知市】8/19 最高33℃、暑さ、紫外線に注意、朝はくもりで昼間から夜は晴れる予想【朝版】（Yahoo!ニュース オリジナル THE PAGE）,https://news.yahoo.co.jp/articles/0601f8eab173505d6c96bd937ba1c5f242dcfbc1,https://newsatcl-pctr.c.yimg.jp/t/amd-img/20260819-00020002-wordleafw-000-1-view.jpg?exp=10800,2026-08-19T05:09:02+09:00,2026-08-19T05:09:02+09:00,Yahoo!ニュース オリジナル THE PAGE,wordleaf,Yahoo!ニュース オリジナル THE PAGE,550,生成AIによる作成 ★お天気川柳★ 傘いらず クリーニング帰り 胸を張る ーー おはようございます！高知市専用のお天気サポートAIです！ ■きょうのざっくり天気■ 【気温の目安】 昨日と比べて、最低気温は24℃で1℃高く、最高気温は33℃で1℃高い予想です。暑さを感じる場面がありそうです。 【空模様】 朝はくもりから晴れになりそうで、昼間から夜は晴れる見込みです。 【風と降水】 昼間の風速は2〜5m/sで、やや風がある時間がありそうです。朝の降水確率は0〜10%、夜の降水確率は10%とされています。 ■ポイント■ ＜服装＞ きょうも涼しい服装が合いそうです。外で過ごす時間がある方は、風が通りやすい着こなしを選ぶと暑さをしのぎやすそうです。 ＜紫外線＞ 日差しが強くなりそうなので、サングラスで目を守る工夫があると安心です。長く外にいるなら、なるべく直射日光を避けて動くのがよさそうです。 ＜洗濯＞ 洗濯物ははかどりやすい一日になりそうです。大きめのものも進めやすそうなので、まとめて片づけたい方にはよさそうです。 ーー ※この記事は天気情報をもとにAIによって作成されています。 ※天気は変化するため、最新の情報は関連リンク先の各地点の天気情報をご確認ください。 ※本機能は試験的な導入です。,[],[]
【小金井市】8/19 最高34℃、暑さ、紫外線、晴天が続く予想【朝版】（Yahoo!ニュース オリジナル THE PAGE）,https://news.yahoo.co.jp/articles/c8a2e53b0d87c18763b35b24f6e7e65c949ab5cb,https://newsatcl-pctr.c.yimg.jp/t/amd-img/20260819-00020001-wordleafw-000-1-view.jpg?exp=10800,2026-08-19T05:08:50+09:00,2026-08-19T05:08:50+09:00,Yahoo!ニュース オリジナル THE PAGE,wordleaf,Yahoo!ニュース オリジナル THE PAGE,480,生成AIによる作成 ★お天気川柳★ 朝は曇り 帰るころには 顔も晴れ ーー おはようございます！小金井市専用のお天気サポートAIです！ ■きょうのざっくり天気■ 【気温の目安】 昨日と比べて、最低気温は23℃で1℃高く、最高気温は34℃で2℃高い見込みです。暑さを感じる場面がありそうです。 【空模様】 朝から夜にかけて晴れる時間が多い予想です。 【降水確率】 昼間の降水確率は0〜10%、夕方の降水確率は10%とされています。 ■ポイント■ ＜服装＞ きょうは暑さが主役になりそうです。Tシャツなど涼しい服装が合わせやすく、風が通りやすい着こなしだと過ごしやすそうです。 ＜紫外線＞ 日差しが届く時間が長そうなので、外に出る時間がある方は帽子や日傘で紫外線対策をしておくと安心です。 ＜洗濯＞ 洗濯物ははかどりやすい一日になりそうです。大きめのものを洗う予定も進めやすそうです。 ーー ※この記事は天気情報をもとにAIによって作成されています。 ※天気は変化するため、最新の情報は関連リンク先の各地点の天気情報をご確認ください。 ※本機能は試験的な導入です。,[],[]
