headline,mainEntityOfPage,image,datePublished,dateModified,author,media_en,media_jp,str_count,body,images,external_links
米7月ＣＢ消費者信頼感は低下、予想下回る　労働市場への悲観続く（ロイター）,https://news.yahoo.co.jp/articles/a53a00237e6738f8e1447e2e877ab672a3714312,https://newsatcl-pctr.c.yimg.jp/t/amd-img/20260728-00000130-reut-000-2-view.jpg?exp=10800,2026-07-28T23:31:59+09:00,2026-07-29T01:55:41+09:00,ロイター,reut,ロイター,663,"2010年5月、ニューヨークで撮影。 REUTERS/Chip East/File Photo
[ワシントン ２８日 ロイター] - 米コンファレンス・ボード（ＣＢ）が２８日発表した７月の消費者信頼‌感指数は９０．８と、前月の９２．２から低下し、エコノ⁠ミスト予想の９２．３を下回った。主に労働市場に対する悲観的な見方が継続していることを​反映しているが、６カ月目に差し掛かるイラン紛争も消費者心理への重しと‌なっているもよう。

６月は当初発表の９１．２から上方改定された。

ＣＢのチーフエコノミスト、ダナ・ピ‌ーターソン氏は、‌経済に影響を与える要因に関す​る消費者の回答が「７月も引き続きおおむね悲観的な内容‌だった」と指摘。「食料品や日用品の価格に関するコメン‌トが増加した。雇​用や失業に関する言及も幾分増えた」‌と述べた。

雇用が「豊富」との回答は２０２１年２月以来の低水準となっ⁠た。一方、「仕事が見つかりにくい」と回答の割合も低下した。

職が「十分」と「就職困難」の回答から算⁠出する労働市場格差に関する指​数は３．１と、前月の３．８か‌ら縮小した。

ＦＷＤＢＯＮＤＳのチーフエコノミスト、クリストファー・ラップキー氏は「２４年１１月の大統領選後に国民が抱いて⁠いた期待は、インフレや住宅購入が⁠困難といった従来の懸念に取って代わられている」と⁠指摘。「今回の調査結果は、経済の後退や低迷を予兆する‌もの⁠ではないが、経済成長が引き続き緩やかなも​のにとどまる可能性が高いことを示唆している」と述べた。",[],[]
米ウクライナ、パトリオット製造巡り協議　ホワイトハウスで首脳会談（ロイター）,https://news.yahoo.co.jp/articles/294bb4da673116d558547a40e67dee90c821f93d,https://newsatcl-pctr.c.yimg.jp/t/amd-img/20260728-00000129-reut-000-3-view.jpg?exp=10800,2026-07-28T23:13:48+09:00,2026-07-29T02:42:09+09:00,ロイター,reut,ロイター,780,"トランプ米大統領は２８日、ウクライナのゼレンスキー大統領をホワイトハウスに迎えた。2025年12月28日撮影（２０２６年　REUTERS/Jonathan Ernst）
Gram Slattery　David Brunnstrom

[ワシントン ２８日 ロイター] - トランプ米大統領は２８日、グラム米上院議員の葬儀に出席するため訪米中‌のウクライナのゼレンスキー大統領とホワイ⁠トハウスで会談した。両首脳は地対空ミサイル「パトリオット」の製造ライセンスをウクライナに​付与する合意のほか、ロシアとの和平協議の再開に向けた取り組みを巡り協議した。会談‌は非公開で行われた。

ゼレンスキー大統領は会談後、テレグラムへの投稿で、トランプ大統領と「有意‌義な会談を行った」とし、「‌パトリオットの迎撃ミサイルの製​造ライセンスや、支援となる可能性のあるその他のアイデアに‌ついて話し合った」と述べた。ただ、詳細については明らかにしなかった。

さら‌に「外交についても話​し合った。外交プロセスを強化すること‌が重要だ」と述べた。

この日は、ロシアとの紛争を巡ってウクライナ支⁠援を米政府に強く働きかけてきたグラム議員（共和党、サウスカロライナ州選出）の葬儀が予定されている。

今回の訪問は、米国⁠とウクライナの関係がここ数カ月で​最も良好な時期に‌軍事支援を強化する好機をゼレンスキー氏に与えるとみられる。ただ、米政府はウクライナへの支援を保留しており、⁠グラム氏の死去によって、ワシントンで最も影⁠響力のある支持者の一人を失うことにもなった。

ホワイトハウスで⁠の会談後、ゼレンスキー氏は連邦議会議事堂に向かい、上院議員らと会‌談す⁠る予定。上院では、グラム氏が成立を目指した、​超党派による新たな対ロシア制裁法案の採決に向けた準備が進められている。",[],[]
トランプ氏、ＵＳＭＣＡ更新に関心薄　「米は加メキシコ必要とせず」（ロイター）,https://news.yahoo.co.jp/articles/9216b8df1e6fb82f2255df204e81adca39c0065f,https://newsatcl-pctr.c.yimg.jp/t/amd-img/20260728-00000128-reut-000-1-view.jpg?exp=10800,2026-07-28T23:08:37+09:00,2026-07-28T23:08:37+09:00,ロイター,reut,ロイター,363,"メキシコ、米国、カナダの国旗。2025年2月、メキシコのシウダード・フアレスで撮影。REUTERS/Jose Luis Gonzalez
[ワシントン ２８日 ロイター] - トランプ米大統領‌は２８日、米国・メキ⁠シコ・カナダ協定（ＵＳＭＣＡ）の見直しについ​て、米国よりもカナダとメキシコに‌とって重要な問題なため、自身はさ‌ほど関心がな‌いと述べた。

トラ​ンプ大統領はＦＯＸニュースに‌対し、ＵＳＭＣＡを更新する考えがあるかと‌質問され、「​どちらでも構わない。‌実際には更新は望んで⁠おらず、むしろ自立していたい」と発言。「重要⁠なのは、メキ​シコとカ‌ナダは米国を必要としているということだ。⁠われわれは彼らを⁠必要としていない。この協⁠定は彼らにとって重要だが、‌わ⁠れわれにとっては​重要ではない」と語った。",[],[]
米住宅価格指数、5月は前月比0.3％上昇＝ＦＨＦＡ（ロイター）,https://news.yahoo.co.jp/articles/98139c0cf4d865fb06f481b3faac904ed3c342dd,https://newsatcl-pctr.c.yimg.jp/t/amd-img/20260728-00000127-reut-000-1-view.jpg?exp=10800,2026-07-28T23:06:12+09:00,2026-07-28T23:06:12+09:00,ロイター,reut,ロイター,571,"米カリフォルニア州サンフランシスコで2024年10月撮影。REUTERS/Manuel Orbegozo/File Photo
［ワシントン　２８日　ロイター］  -  米連邦住宅金融庁（ＦＨＦＡ）が２８日発表した５月の米住宅‌価格指数（季節調整済み）⁠は前月比０．３％上昇と、４月の０．１％低下（改定なし）から反転した。住宅ロー​ン金利の上昇と相まって、若年層にとって住宅取得が一段‌と困難になる可能性がある。

５月は前年同月比では２．２％上昇と、４月の２．０％上昇から伸び‌が加速した。

地域別で‌は、前月比では東南中​部地域で１．４％、山岳地域で１．１％と大きく上昇。南‌大西洋、中部大西洋、ニューイングランド、西北‌中部、西南中​部の各地域でも上昇した一‌方、太平洋地域と東北中部地域では低下⁠した。

前年同月比では８地域で上昇し、東北中部地域と中部大西洋地域で特に大きく⁠伸びた。太平洋地域は０．３％低下​した。

主力の３０年固‌定住宅ローン平均金利は、２月末のイラン紛争開始以来、６０ベーシスポイント（ｂｐ）上昇して⁠いる。住宅金融機関フレデ⁠ィマックのデータによると、先週の平均⁠金利は６．５８％と、１１カ月ぶりの高水準となった。米国とイラ‌ンの⁠脆弱な停戦が崩壊し、原油価格​と米国債利回りが上昇したことが背景にある。",[],[]
イラン、凍結資産による補償に警告　受領ならホルムズ海峡通過認めず（ロイター）,https://news.yahoo.co.jp/articles/bfa009ce87904403ecfa5b5eba3808951ea23fc3,https://newsatcl-pctr.c.yimg.jp/t/amd-img/20260728-00000126-reut-000-1-view.jpg?exp=10800,2026-07-28T22:52:59+09:00,2026-07-28T22:52:59+09:00,ロイター,reut,ロイター,236,"3月23日撮影。REUTERS/Dado Ruvic/Illustration
[ドバイ ２８日 ロイター] - イランの‌合同軍事司令部は２８日、⁠船舶の損害に対する補​償としてイランの凍結‌資産を受け取った企業‌や国には、‌ホルム​ズ海峡の通過‌を認めないと表明した。‌国​営メディアが‌声明を伝えた。

軍⁠司令部の報道官は、イランによ⁠って損傷​を受‌けた船舶への補償に、米国が管⁠理するイ⁠ランの凍結資金が⁠充てられるという‌トラ⁠ンプ米大統領​の警告を退けた。",[],[]
米モノの貿易赤字、6月は4.2％縮小　ＧＤＰなお圧迫の公算（ロイター）,https://news.yahoo.co.jp/articles/146af8ca57a46da212aebe62510b1a274ef775a5,https://newsatcl-pctr.c.yimg.jp/t/amd-img/20260728-00000125-reut-000-2-view.jpg?exp=10800,2026-07-28T22:39:54+09:00,2026-07-28T23:43:37+09:00,ロイター,reut,ロイター,996,"米カリフォルニア州ロングビーチ港沖に停泊するコンテナ船。今月１７日撮影。REUTERS/Mario Anzuoni
［ワシントン　２８日　ロイター］ - 米商務省が２８日発表した６月の財（モノ）の貿易赤字（季節調整済み）は前月比４．２％減の１０１５億ドルとな‌った。輸入が幅広く減少したことを反映したものの、⁠縮小幅は限定的で、４─６月期（第２・四半期）も貿易が経済成長を押し下げる要因となった可能性が高い。

ロイターがまとめたエコノミスト​予想は１０００億ドルの赤字だった。

モノの輸入は８２億ドル減の３０６２億ドル。ただ、企業が人工知能（ＡＩ）関連投資を加速させている‌ことから、先月の輸入減は一時的なものである可能性が高い。前年同月比では１６．６％増加した。

品目別では消費財が３．８％減と減少をけん引した。資‌本財は２．０％減だったものの、前‌年比では３７．４％の大幅増となった。食品と自動車はい​ずれも２．５％減少した。工業用資材も１．９％減少。原油価格の下落が影響したとみられる。

モノの‌輸出は３８億ドル減の２０４７億ドルと、５カ月ぶりの低水準に落ち込んだ。石油を含む工業用資材の輸出が急減し‌たことが響いた。米国・イ​ランの停戦合意を受けた原油価格の下落を反映したと‌みられる。

品目別では工業用資材の輸出が４．４％減と落ち込み、これも原油価格の下落⁠を反映したとみられる。食品は３．１％減、資本財は１．１％減となった。一方、自動車は５．１％、消費財は３．２％、それぞれ増加した。

パンテオン・マクロエコノミクスのシニア米国エコノミス⁠ト、オリバー・アレン氏は「貿易データを国民経​済計算に組み込ん‌だ当社モデルによると、純輸出は第２・四半期の国内総生産（ＧＤＰ）成長率を約１ポイント押し下げる見通しだ」と指摘した。

米政府は３０日に第２・四半期のＧＤＰ速報値を発表⁠する予定。ロイターがエコノミストを対象に行った調査で⁠は、第２・四半期の経済成長率は年率換算で２．１％と、第１・四半期と同じ伸びが見込まれている。

貿易⁠は２四半期連続でＧＤＰを押し下げている。貿易により予想される押し下げ効果の一部は、堅調な‌設備⁠投資と個人消費の回復見通しによって相殺される可能性がある。​ただ、４四半期連続で取り崩されている在庫の動向は依然として不確定要素となっている。",[],[]
トランプ氏、対イラン協議「極めて良好」　合意なければピックアックス山攻撃も（ロイター）,https://news.yahoo.co.jp/articles/d246824a03865611fe3c6444652851e32197d500,https://newsatcl-pctr.c.yimg.jp/t/amd-img/20260728-00000124-reut-000-2-view.jpg?exp=10800,2026-07-28T22:25:05+09:00,2026-07-28T22:42:07+09:00,ロイター,reut,ロイター,706,"７月２７日、米ミシガン州で演説するトランプ米大統領　REUTERS/Carlos Osorio
[ワシントン　２８日　ロイター] - トランプ米大統領は２８日、イランとの協議は順調に進んでいるとの認識を‌示すと同時に、合意が成立しなければイラン⁠中部ナタンズ付近にあるピックアックス山のほか、橋梁や発電所などの民間施設を攻撃の標的​にする可能性あると改めて警告した。

トランプ氏はＦＯＸニュースのインタビューで、可能ならイ‌ランの橋梁や発電所を攻撃対象にすることは避けたいとの考えを示した上で、「極めて微妙な均衡状態にあ‌る。われわれは現在、‌極めて強い立場にある。イランも、​合意しなければ私がそうした措置を取ることを理解している」‌とし、「イランがこれ以上、合意を破ることは許されない」と述べた。

同時に、‌イランとの協議につい​ては「極めて良好な話し合いができている」‌と語った。

トランプ氏はこの日、ホワイトハウスでイスラエルのネ⁠タニヤフ首相と会談する予定。ネタニヤフ氏はトランプ氏との会談でイランの核開発計画との関連が疑われているピックアッ⁠クス山で進められている活動につい​て説明するとの報‌道について問われると、「ネタニヤフ氏からそのことについて聞く必要はない。ネタニヤフ氏がそう言うのは、私に⁠引き続き関与してほしいからだ」と指摘。

「私はピッ⁠クアックス山何が起きているのか正確に把握している。大きな⁠問題ではない。われわれはイランの核施設を破壊した。合意が成立‌しな⁠ければピックアックス山も破壊しなければならなくな​る。合意できなければ、極めて容易に破壊することになる」と語った。",[],[]
イオンモール熊本で多数閉じ込め、地震発生後に爆発（ロイター）,https://news.yahoo.co.jp/articles/19de73a03b34345ab574a589ccbecb02e353913d,https://newsatcl-pctr.c.yimg.jp/t/amd-img/20260728-00000123-reut-000-1-view.jpg?exp=10800,2026-07-28T22:11:27+09:00,2026-07-28T22:11:27+09:00,ロイター,reut,ロイター,532,"２０１６年１１月、千葉県千葉市で撮影（２０２６年　ロイター/Kim Kyung-Hoon）
Kentaro Okasaka　Satoshi Sugiyama

[東京 ２８日 ロイター] - 最大震度７を観測した２８日午後の地震発生後、‌熊本県内最大級の商業施⁠設「イオンモール熊本」の２階部分が崩落し、多数の人が​閉じ込められた。消防や自衛隊などが救助に当たって‌いる。ＴＢＳなどによると、複数死亡した可能性もある。

イオンモール‌熊本がある嘉島町‌の震度は５弱以上とみ​られているが、正確な震度は確認で‌きていない。親会社のイオンによると、地震‌が起きた後に​客と従業員が避難し、その‌後に爆発が起きた。どの程度の人が⁠施設内に残っていたかは不明で、確認を続けている。爆発の原因は分か⁠っていない。ＮＨＫによる​と、従業員２０━３０人と‌連絡が取れていない。

イオンモール熊本は２００５年に開業。１６年４月の熊本地震後に一時⁠休業したものの、徐々に営業を⁠再開した。敷地面積は２０万７０００平方メートルで、⁠約２００店が出店している。

同施設の商圏には２４年に半導‌体受⁠託の台湾積体電路製造（ＴＳＭＣ）の第１工場が​開所。新たな経済圏が形成されていた。",[],[]
メタとブラックロック、140億ドル投じデータセンター開発へ（ロイター）,https://news.yahoo.co.jp/articles/abd06ef6309713b5881d4feb00c0cadb0f7d0d1e,https://newsatcl-pctr.c.yimg.jp/t/amd-img/20260728-00000122-reut-000-1-view.jpg?exp=10800,2026-07-28T19:51:29+09:00,2026-07-28T19:51:29+09:00,ロイター,reut,ロイター,462,"メタのロゴ REUTERS/Dado Ruvic/Illustration/File Photo
[２８日 ロイター] -  メタ・プラットフォームズと資産運用‌世界最大手ブラックロ⁠ックは２８日、米テキサス州エルパソでデータセンター群​を開発・運営する共同事業を発表した。開発‌費は約１４０億ドルとなる見通しだ。

メタによると、ブラックロッ‌クが運用する‌ファンドが共同事​業の持ち分８０％を取得し、メタが残る２０％を‌保有する。ブラックロックの投資資金の‌一部は１２５億ドルの​借り入れで賄う。持ち‌分を調整するため、メタは１０億ドルの⁠分配金も受け取る。

メタは約２３億ドル相当の土地と建設中の資産を拠出し、⁠ブラックロック​は約４９億ドルを‌現金で出資する。

メタはエルパソで１００億ドル超を投じるデータセンター⁠事業を進めていると明⁠らかにしていた。１ギガワットの計算能⁠力を備え、２０２８年に稼働を始める見通しだ。

同社は２８年‌まで⁠に６０００億ドルを投じてデー​タセンターを建設する計画を示している。",[],[]
独経済、第2四半期は緩やかに成長　インフレ加速懸念＝連銀（ロイター）,https://news.yahoo.co.jp/articles/626ff283bea0dda7215b5d8ea7f0b3e543893b1d,https://newsatcl-pctr.c.yimg.jp/t/amd-img/20260728-00000121-reut-000-1-view.jpg?exp=10800,2026-07-28T19:50:07+09:00,2026-07-28T19:50:07+09:00,ロイター,reut,ロイター,659,"フランクフルトの金融街、2024年4月撮影 REUTERS/Kai Pfaffenbach
［フランクフルト　２８日　ロイター］ - ドイツ連邦銀行（中央銀行）は２８日公表した月報で、第２・四半‌期は緩やかに成長した可能性が高いとの⁠見方を示した。中東紛争という逆風が吹いたが、製造業は比較的底堅く、消費者​が支出を続けたとした。

政府の財政支出拡大により、景気回復が予想されて‌いたが、イラン紛争に起因する原油、その他一次産品価格の上昇が打撃を与えた。ロ‌イターがまとめたエコ‌ノミスト調査では、４─６月期は前期比わず​か０．１％のプラス成長と予想されている。

独連銀は月報で「産業‌部門は活発な外需と輸出の増加の恩恵を受けている」と指摘。‌消費者については、「​エネルギー価格高騰の影響はさほど‌なく、購買力は少なくとも安定を維持したとみられる」⁠とした。

「中東情勢がこれ以上悪化しなければ、マイナスの影響は第３・四半期に第２・四半期よりも軽減される可能⁠性がある」とした。

それでも、調達​の前倒しとい‌った一過性のプラス要因が剥落し、マイナスの影響がくすぶる可能性が高く、全体的な状況は決し⁠て楽観できるものでなく、成長の鈍化も⁠予想されるとした。

独連銀は６月、２０２６年の成長率を０．５％、２７年は０．８％に加速すると予⁠測した。

連銀は、エネルギーコストの上昇によってインフレ率‌が今⁠後数カ月で一段と加速するとみられ、エネル​ギーコスト上昇の間接的な影響が徐々に現れるとの見通しを示した。",[],[]
英新政権、若年失業対策で技術教育改革　ＡＩ時代へ人材育成（ロイター）,https://news.yahoo.co.jp/articles/b871fca07917d918f73daff09e79ad09e00f062f,https://newsatcl-pctr.c.yimg.jp/t/amd-img/20260728-00000120-reut-000-1-view.jpg?exp=10800,2026-07-28T19:45:04+09:00,2026-07-28T19:45:04+09:00,ロイター,reut,ロイター,643,"視察するバーナム首相、28日撮影 REUTERS/Temilade Adelaja/Pool
Sam Tabahriti

[ロンドン ２８日 ロイター] - バーナム英新首相は２８日、若者向けの技術教育・訓練を地域‌の雇用ニーズに対応させる計画を発⁠表した。人工知能（ＡＩ）主導の未来に備えて人材を育成し、深刻化する若年失業に対処​する狙いだ。

バーナム氏は英紙タイムズへの寄稿で、英国は成功への主要な‌道筋として大学進学を重視し過ぎてきたと指摘した。

計画によると、イングランドの生徒‌は英語、数学、理‌科といった主要科目と並行して、​技術資格の取得に向けた学習や就業体験、雇用主主‌導のプロジェクトに取り組めるようになる。地域当局や教‌育機関、企業が地域の​労働市場の需要に応じた教育課程の‌策定に参加することを想定しており、２０２８年から全国での導入⁠を計画している。

マクファデン雇用年金相はスカイニュースに対し、職業教育を通じた就労経路の整備で北⁠欧諸国に後れを取ってきた英国​は、ＡＩの進歩を受け‌て変わる必要があると述べた。「過去に安全で安定していると考えられていた仕事が、現在も⁠そうだとは限らない」と指摘。「（ＡＩは）汎用技術⁠であり、雇用を奪う一方で新たな雇用も生み出す」と⁠語った。

英国では新型コロナウイルスの流行以降、若年層の雇‌用危⁠機が深刻化しており、１６─２４歳のうち教育、就労、​職業訓練のいずれにも参加していない人が１００万人を超えている。",[],[]
肥後銀行、八代市内の店舗など営業を当面休止＝地震の影響で（ロイター）,https://news.yahoo.co.jp/articles/d4d91e773d2f4974466a1a5e08b6b68eb2767565,https://newsatcl-pctr.c.yimg.jp/t/amd-img/default.jpg?exp=10800,2026-07-28T19:14:27+09:00,2026-07-28T19:50:09+09:00,ロイター,reut,ロイター,225,"Shinichi Uchida

［東京　２８日　ロイター］ - 九州フィ‌ナンシャルグルー⁠プ傘下の肥後銀行は２８日、​八代支店など９店舗（午‌後７時４５分現在）について２９日‌から当面‌の間、営​業を休止すると発‌表した。営業再開‌は店​舗設備やライフラ‌インなどの復⁠旧状況を踏まえて改めてホーム⁠ページで​公表‌する。店舗外も含めて一部のＡＴＭも休⁠止する。

同行⁠は金融サービスの⁠提供を続けるため、‌移⁠動店舗車を運​行するとしている。",[],[]
見えぬ米金融政策の行方、債券投資家は一方向に賭けず質重視（ロイター）,https://news.yahoo.co.jp/articles/54fc40b387713e1931ceab445ecb79308a678336,https://newsatcl-pctr.c.yimg.jp/t/amd-img/20260728-00000118-reut-000-1-view.jpg?exp=10800,2026-07-28T19:06:29+09:00,2026-07-28T19:06:29+09:00,ロイター,reut,ロイター,1853,"写真は米連邦準備理事会（FRB）の建物。2025年11月、米ワシントンで撮影。REUTERS/Elizabeth Frantz
Gertrude Chavez-Dreyfuss

［ニューヨーク　２８日　ロイター］ - 中東情勢が流動的で予断を許さない中、米債券投資家は、質の高い資産を選好し、一方向に大きく賭けることを避けている。

２８─２９日の米連邦公開市場委員会（ＦＯＭＣ）は、政策金利の据え置きが予想されている。しかし、今月、イ‌ラン情勢が再び緊迫化し原油価格が高騰したことで、インフレ高進が意識され、金融政策の先行きを見通しづら⁠くなった。

ＣＭＥのフェドウオッチによると、今週のＦＯＭＣでの利上げ確率は２７日時点で３６％と、１週間前の１６％から上昇した。２６年末までに４３ベーシスポイント（ｂｐ）の利上げが行われるとの見方が示されている。

金融政策見通しが不透明な中、運用担当者は、積極的にデュレーションを長期化したり、信用リスクをさら​に取る理由はないとみている。

こうした姿勢は、ＪＰモルガンの最新の米国債顧客調査にも表れている。投資家のポジションは１週間前からほとんど変化なく、ロング、ショート、ニュートラルの各ポジションはいずれも過去４週間の平均付近に‌とどまった。

ＢＮＹの最高投資責任者（ＣＩＯ）、ジェイソン・グラネット氏は今週のＦＯＭＣについて、２週間前は大きな波乱はないと予想していたが、その後、エネルギー価格上昇に伴うインフレ懸念再燃で不確実になったと指摘。「今は意味のあるポジションを取るべき環境ではないと思う」‌と述べ、２９日の決定に向けてポジションを縮小し、厳格なリスク‌管理を行うと述べた。長期的には金利が上昇すると引き続き予想しているものの、今週の決定に大​きな賭けをするのは賢明ではないという。

シュローダーの米国債券部門責任者、ニール・サザーランド氏は「ＦＲＢの決定自体は最も関心が薄い部分だ」とし、「重要なのは、次の行‌動へのハードルが上がったのか、それとも下がったのかということだ」と語った。

ＦＲＢが最終的に市場の動きに追随して利上げを行うと全ての投資家が考えているわけではない。

アライアンス・バーンスタイ‌ンのチーフ米国エコノミスト、エリック・ウィノグラ​ッド氏は、予想を下回った最近のインフレ指標と労働市場の安定で、利上げの必要性が低下したと指摘し、‌利上げは予想していないと述べた。

「最近のインフレの大部分はエネルギー価格の上昇によるもので、金融政策では対応しきれない典型的な供給ショックだ」と述べ、足元の⁠米債利回り急上昇は、原油主導のインフレ懸念というよりは、実質利回り、つまりインフレ調整後の利回りの上昇によると指摘した。

ＦＲＢが差し迫った行動を起こさないこと、堅調とみられる成長、実質利回りの上昇が組み合わさり、政策決定前にデュレーションやイールドカーブのリスクを設定することは「非常に困難な環境」だ⁠と述べた。

＜質の追求＞

市場の織り込みが利上げにシフトする中、シュローダーのサザーランド氏は、デュレー​ションについてほぼ中立スタンスを維持し、‌アロケーションは社債から証券化資産、モーゲージ債、一部の地方債へとシフトさせている。これらの資産では、投資家は依然として５．５─６％の利回りを得られる質の高いポートフォリオを構築できる。

ヌビーンも大半のポートフォリオで「ニュートラル」を維持し、イールドカーブの長期部分よりも短期および中期⁠国債を選好している。債券戦略責任者のトニー・ロドリゲス氏は「ＦＲＢは利下げしないだろうから、イールドカーブの短期から中期⁠部分がより魅力的に映る」と述べた。

また、信用リスクを積極的に高めることに価値はほとんどないとし、多くのセクターの社債スプレッドにはすでに楽観的な成長見通⁠しが反映されていると指摘した。

しかし、経済の不確実性が残り、米国の金利軌道に関するコンセンサスがほとんどない中、投資家はクレジット市場の一部に見られる割高なバリュエ‌ーションが、幅広⁠いリスクテイクよりも銘柄選択の必要性を浮き彫りにしていると述べている。

「クレジットスプレッドは歴史的に非常に割高で、​目まいがするようなバリュエーションになっている」と指摘するサザーランド氏は、不確実性が極めて高く、債券の中でどこにリスクを割り当てるか、より一層の識別力が求められていると語った。",[],[]
ＭＬＢ＝岡本は1安打に初盗塁、今井は今季3戦目の初回降板（ロイター）,https://news.yahoo.co.jp/articles/ccb9c695806b861a8923bbb3886c0a87c446b270,https://newsatcl-pctr.c.yimg.jp/t/amd-img/20260728-00000117-reut-000-1-view.jpg?exp=10800,2026-07-28T18:55:55+09:00,2026-07-28T18:55:55+09:00,ロイター,reut,ロイター,579,"ＭＬＢは２７日、各地で試合を行い、ブルージェイズの岡本和真内野手（写真）はナショナルズ戦でＭＬＢでの初盗塁を決めた（２０２６年　ロイター/Imagn Images）
［２７日　ロイター］ - 米大リーグ（ＭＬＢ）は２７日、各地で試合を行い、ブル‌ージェイズの岡本和真内野⁠手はナショナルズ戦でＭＬＢでの初盗塁を決めた。

岡本は「６番・三塁」で​出場し、４打数１安打、１三振。四回に二盗を成功させた。ブルー‌ジェイズは３─２で競り勝った。

ホワイトソックスの村上宗隆内野手は‌ヤンキース戦‌に「２番・一塁」で出場。３打​数１安打、２四球、１三振だった。ホワイトソックスは５─９で敗‌れた。

アストロズの今井達也投手はエンゼル‌ス戦に先発。​しかし制球が定まらず、２／３イニング‌を投げて１安打、４四球、１ボーク、２失点で降板した。１イ⁠ニングを投げきれなかったのは今季３試合目。アストロズが九回に追いつい⁠たため今井は黒星を免​れ、チー‌ムは６─４で勝利した。

カブスの鈴木誠也外野手はカージナルス戦に「２番・右翼」⁠で出場。初回に二塁打を放⁠つなど、５打数１安打、１三振だった。カブスは７─３で勝利⁠した。

レッドソックスの吉田正尚外野手はア‌スレ⁠チックス戦に「１番・指名打者」で出場​し、３打数１安打、１四球。レッドソックスは４─２で勝利した。",[],[]
中国・香港株式市場・大引け＝中国株1週間ぶり安値、ＡＩ・半導体株主導　香港堅調（ロイター）,https://news.yahoo.co.jp/articles/2040ddf8e5e2850fb5f2c830b6c47e1c5e17bf39,https://newsatcl-pctr.c.yimg.jp/t/amd-img/default.jpg?exp=10800,2026-07-28T18:39:00+09:00,2026-07-28T18:39:00+09:00,ロイター,reut,ロイター,2172,"［香港　２８日　ロイター］ - 中国株式市場は下落し、主要指数が１週間ぶりの安値を付けた。‌半導体の増産や人工知能（ＡＩ）インフラへ⁠の巨額投資を巡る懸念から投資家が割高な株価を見直し、テック株が幅広く売られた。

ＣＳＩ３００指​数は２．８％下落し、２０日以来の安値を付けた。

ハイテク株中心の科創板５０指数は６．３％安、創業板（チャイネク‌スト）総合指数は７．４％安となった。ＡＩ株は７．１％下落して３カ月ぶりの安値を付け、半導体株も６．５％下落した。

２７日の上場初日に急‌騰したメモリー半導体‌メーカーのＣＸＭＴは反落し４％安。他の半​導体大手も売られ、兆易創新科技集団（ギガデバイス‌・セミコンダクター）は値幅制限いっぱいの１０％安、中科寒武紀科技（‌カンブリコン）は９．１％安​となった。

深セン新思哲投資管理のポー‌トフォリオマネジャー、ファン・リーウェン氏は「中国は⁠近く高品質のメモリー半導体を低価格で世界に供給するようになる」と述べ、これが韓国と米国の半導体株⁠への売り圧力を強めていると指​摘した。

モーニングス‌ターの株式アナリスト、ジン・ジエ・ユー氏は、中国の半導体メーカーは既存製品の生産で、コス⁠トと安定性の面から恩恵を受ける可能性⁠が高いと述べた。

香港株は割安なセクターへの資金移動が続き、⁠上昇して引けた。ハンセンテック指数は０．６％高となった。

           中国            終値       前日比     ％       始‌値      高値       安値          

           上⁠海総合指数        3,813.3  -       - 1.16  3,823.  3,844.0  3,797.3          

                         146      44.930          1331    118      727          

                                  4                                          

           前営業日終値        3,858.2                                              

                         450                                                 

           ＣＳＩ３００指数      4,569.5  -       - 2.83  4,623.  4,646.4  4,552.2          

                         24       132.90          799     87       29          

                                  4                                          

           前営業日終値        4,702.4                                              

                         27                                                  

           香港            終値       前日比     ％       始​値      高値       安値          

           ハンセン指数        25,310.  +       + 0.41  25,271  25,440.  25,069.          

                         85       103.67          .95     68       85          

           前営業日終値        25,207.                                              

                         18                                                  

           ハンセン中国株指数     8,436.2  +       + 0.85  8,396.  8,486.8  8,348.5          

                         5        70.87           99      4        0          

           前営業日終値        8,365.3                                              

                         8",[],[]
中国、国産ＤＵＶ露光装置の生産開始　無名国有企業が主導（ロイター）,https://news.yahoo.co.jp/articles/a39f101b2d28b800e416d13404fd1e0031612d89,https://newsatcl-pctr.c.yimg.jp/t/amd-img/default.jpg?exp=10800,2026-07-28T18:26:00+09:00,2026-07-28T19:09:06+09:00,ロイター,reut,ロイター,1002,"Fanny Potkin

［シンガポール　２８日　ロイター］ - 中国企業が先端半導体製造に不可欠な技術である国産の液浸深紫外（ＤＵＶ）露光装置の量産を開始‌したことが、関係者の話で分かった。半導体製造技術の自⁠立を目指す習近平指導部にとって意味ある一歩となる。

ＤＵＶ露光装置は、オランダの半導体製造機器大手ＡＳＭＬの独占状態にあるが、米ニュースサイト​のインフォメーションは２７日、中国で国内開発のＤＵＶ露光装置の製造が始まったと報じた。年内に中芯国際集成電路製造（ＳＭＩＣ）、‌華虹半導体、長鑫存儲技術（ＣＸＭＴ）など中国の大手半導体メーカーに納入される見通しとした。

米国は、中国がＡＳＭＬの極端紫外線（ＥＵＶ）露光装置の購‌入を禁じている。オランダは輸‌出管理で一部最先端ＤＵＶ装置へのアクセスも規制してい​る。

関係者によると、中国国産ＤＵＶ露光装置の製造を主導するのは、実態がほとんど知られ‌ていない国有企業、上海アイシェンナ・エレクトロニック・テクノロジー・グループ（上海愛晟納‌電子科技集団有限公司）。上海​電気控股と上海国際信托の子会社の国有２社が出資し２０２３年８月に設立され‌た。

アイシェンナは、公式ウェブサイトがなく、事業に関する開示情報もない。関係者に⁠よると、同社は、２５年にＤＵＶのプロトタイプ（試作機）のテストを開始した新興露光装置メーカー宇量昇と、上海微電子装備（ＳＭＥＥ）の人材を迎えた。

宇量昇は、華為技術（ファーウェイ）が⁠出資する半導体装置装置メーカー、新凱来技術（SiCarrier）​の関連会社。ＳＭＥＥとともに、中‌国政府の半導体自給自足の取り組みに深く関与している。

ただ関係者は、アイシェンナのＤＵＶ装置は、ＡＳＭＬ製品にはまだ遠く及ばず、さらなるテストが必要とみられる⁠と述べた。

インフォメーションの報道を受けて、２７日に８％下落したＡＳＭＬ株は２８日朝方の取引で再び下⁠落している。しかしアナリストからは、中期的にＡＳＭＬの収益に影響を与える可能性は低いとの⁠声が出ている。

ＪＰモルガン・チェースは２８日付のノートで、「少数の液浸ＤＵＶ装置製造は、量産できる装置の‌製造⁠とは異なる。大量生産では、何千回ものウエハー処理にわたる歩留​まりや重ね合わせの精度、スループット（処理能力）、信頼性が重要になるからだ」と指摘した。",[],[]
早急に被害状況把握などを関係省庁に指示＝熊本地震受け高市首相（ロイター）,https://news.yahoo.co.jp/articles/85a4e0cfb9f89aacf617fceb2b26094fe926ec24,https://newsatcl-pctr.c.yimg.jp/t/amd-img/20260728-00000114-reut-000-1-view.jpg?exp=10800,2026-07-28T18:11:31+09:00,2026-07-28T18:11:31+09:00,ロイター,reut,ロイター,274,"写真は高市早苗首相。2月18日、都内で代表撮影。REUTERS
［東京　２８日　ロイター］ - 高市早苗首相は２８日、‌熊本県を震源とす⁠る最大震度７の地震を受け、関係省​庁に早急に被害状況を把握‌すること、地方自治体と連携し‌人命第一の方‌針で政府​一体となって災害‌応急対策に取り組むことな‌どを指示​したと記者団に述‌べた。内閣府の調⁠査チームを被災地に派遣したという。

人的・⁠物的被害に関​して‌は現在確認中とする一方、すでにけが人⁠が出ていると⁠の情報があるほか、停⁠電や火災が発生し、道‌路や⁠橋の損壊、建物の​倒壊もあると語った。",[],[]
台湾検察、対中サーバー不正輸出巡りエヌビディア社員拘束＝報道（ロイター）,https://news.yahoo.co.jp/articles/495ac1ccb45e168c8487e7c6fc174d10c16eb740,https://newsatcl-pctr.c.yimg.jp/t/amd-img/20260728-00000113-reut-000-1-view.jpg?exp=10800,2026-07-28T17:58:37+09:00,2026-07-28T17:58:37+09:00,ロイター,reut,ロイター,618,"写真はスーパー・マイクロのロゴ。2023年5月、台北市内で撮影。REUTERS/Ann Wang
Wen-Yee Lee

[台北 ２８日 ロイター] - 台湾の検察当局は米サーバー大手スーパー・マイクロ‌製のＡＩサーバーを中国に不正輸出した疑い⁠を巡る捜査の一環として、米エヌビディアの従業員１人を拘束した。台湾メ​ディアが報じた。

基隆地検は２８日の声明で、当局が２４日に「チャン（Chang）」という姓‌の容疑者の自宅と勤務先を捜索し、事情聴取したと明らかにした。勤務先に‌ついては言及して‌いない。同容疑者は逃亡や​証拠隠滅、共犯者や関係者との口裏合わせの恐れ‌があるとして勾留された。

検察によると、問題のサーバー‌には米国の輸出規​制対象となっているエヌビディ‌ア製半導体が搭載されていた。米国が２０２２年以降に導⁠入した規制により、これらの半導体を中国本土に輸出または販売することは禁じられてい⁠る。

台湾のMirror Mediaはチャン容疑者がエヌビ​ディアの従業‌員だと報じた。エヌビディアは同容疑者が自社の従業員かどうかを確認しなかった。

今回⁠の措置は、５月と６月の捜索に続く捜索の一環だ。⁠検察当局は５月、輸出規制対象のエヌビディア製半⁠導体を搭載したスーパー・マイクロの高性能ＡＩサーバー‌を中⁠国に不正輸出した疑いで３人を拘束した。６月下旬に​はスーパー・マイクロの台湾法人の従業員２人を拘束した。",[],[]
熊本の地震、人的・物的被害は確認中　原発に異常の報告なし＝官房長官（ロイター）,https://news.yahoo.co.jp/articles/cc0d7856eec0ce88c9b57cb8accc38c5dcd79181,https://newsatcl-pctr.c.yimg.jp/t/amd-img/20260728-00000112-reut-000-1-view.jpg?exp=10800,2026-07-28T17:42:10+09:00,2026-07-28T17:42:10+09:00,ロイター,reut,ロイター,220,"写真は木原稔官房長官。7月14日、都内で撮影。REUTERS/Kim Kyung-Hoon
Tamiyuki  Kihara

[東京 ２８日 ロイター] - 熊‌本県熊本地方⁠をを震源とする最​大震度７の地震につい‌て、木原稔官‌房長官は２８日夕、‌首相官​邸で臨時‌会見を開き、「‌人​的・物的被害‌について⁠は現在確認中」と述べ⁠た。周辺​の原‌子力発電施設は「現在⁠のところ⁠異常があった⁠との報告は受‌けて⁠いない」​とも述べた。",[],[]
ユニリーバ、通期売上高見通し上げ　第2四半期は大幅販売増（ロイター）,https://news.yahoo.co.jp/articles/2dbe6acb636fcb15cb1d3fe745debcd6e939c38a,https://newsatcl-pctr.c.yimg.jp/t/amd-img/20260728-00000111-reut-000-1-view.jpg?exp=10800,2026-07-28T17:37:21+09:00,2026-07-28T17:37:21+09:00,ロイター,reut,ロイター,506,"写真はユニリーバのロゴ。2017年2月、米ニューヨークで撮影。REUTERS/Brendan McDermid
［２８日　ロイター］ - 欧州日用品大手ユニリーバは２８日、通期の‌見通しを引き上げた。第２・四⁠半期決算は、イラン紛争が家計の重しになったにもかかわ​らず、販売数量が過去１０年余りで最大の伸びを記録した。

「‌ダヴ」（せっけん）や「アックス」（制汗剤）などを展開‌する同社の第２・‌四半期の販売数量は５．５％増​加。基調的な売上高の伸びは５．８％で、同‌社がまとめたアナリストの平均予想（４．３％）を上‌回った。売上​高は３．８％増の１３０億ユーロ（１４７億８０００万ドル）。

インド、イ‌ンドネシア、中南米などの主要市場⁠が好調だった。また、コスト上昇を値上げで吸収した。

２６年通期について、⁠基調的な売上高の伸​びが、複‌数年にわたる目標レンジ（４─６％）に収まると予想。レンジの下限と⁠いう従来予想から引き上げ⁠た。下半期については、値上げが奏功し４─５％の増⁠収を見込む。

ユニリーバは、食品事業の‌分離⁠は順調に進んでおり、遅くとも２７年半​ばまでに完了するとの見込みを示した。",[],[]
アジア半導体株が急落、ＡＩ投資と中国勢との競争を警戒（ロイター）,https://news.yahoo.co.jp/articles/547baf952227b872a834681355b84ba2dba155e3,https://newsatcl-pctr.c.yimg.jp/t/amd-img/20260728-00000110-reut-000-1-view.jpg?exp=10800,2026-07-28T17:21:38+09:00,2026-07-28T17:21:38+09:00,ロイター,reut,ロイター,1026,"写真はマザーボードとチップのイメージ。2025年8月撮影。REUTERS/Dado Ruvic
Heekyong Yang　Gregor Stuart Hunter

[ソウル／シンガポール ２８日 ロイター] - アジア株式市場で２８日、半導体株が韓国市場主導で急落した。人工知能（ＡＩ）インフラ投資‌の資金調達を巡る懸念や中国勢との競争激化を背景に、割⁠高な株価への懐疑的な見方が強まった。

メモリー半導体大手の韓国サムスン電子は１３．４％安で取引を終え、１日の下落率として約２０年ぶりの大き​さとなった。ＳＫハイニックスも１４．７％下落した。総合株価指数（ＫＯＳＰＩ）は１０．８％安で引け、３月上旬以来の大幅な下落率を記録した。

日本のフラッシュメモ‌リー大手キオクシアホールディングスは１８．３％急落した。台湾の半導体設計会社メディアテックも約１０％下げた。

＜ＣＸＭＴ上場で競争激化の可能性＞

中国の‌メモリー半導体メーカー、長鑫‌存儲技術（ＣＸＭＴ）が２７日の中国株式市場への上場で好調な滑​り出しを見せたことも、世界のメモリー半導体業界で競争が激化するとの懸‌念を強めた。

ロータス・アセット・マネジメントのマネジングパートナー兼最高投資責任者（ＣＩＯ）ハオ‌・ホン氏は「ＣＸＭＴは指数で大きな比​重を占める銘柄の一つになる。それに伴い投資家は保‌有株をさらに売却せざるを得なくなる」と述べた。

ＮＨ投資証券のシニアアナリスト、リュ・⁠ヨンホ氏は、今回の上場によりＣＸＭＴがメモリー半導体の有力な供給元として台頭し、供給過剰や価格下落のリスクが高まるとの懸念も強まったと指摘した。

ＣＸＭＴの上場に先立⁠ち、アップルが一部製品への中国製半導体の使用​を認めるようトラ‌ンプ政権に働きかけていたと報じられた。中国の技術力向上を警戒していた投資家の不安を一段と強めた。ただアジアの半導体企業のうち、実際にＣＸＭＴと直⁠接競合する企業は限られるとの見方もある。

マーサー・インベスト⁠メンツのアジア地域マルチアセット部門責任者キャメロン・シスターマンズ氏は、ＣＸＭＴが⁠アジアの半導体メーカーにもたらす脅威はより長期的な問題との見方を示した。「ＣＸＭＴが台頭‌する有力⁠な競合企業であることは確かだが、（競争分野は）汎用ＤＲＡＭだ。ＨＢＭ（広​帯域メモリー）では韓国の競合企業に依然として数年遅れている可能性が高い」と指摘した。",[],[]
南鳥島のレアアース開発、中国威圧への対抗策として重要＝ジェトロ理事長（ロイター）,https://news.yahoo.co.jp/articles/df8a21e1c26b0beee19efcdfb5405cb8c7103269,https://newsatcl-pctr.c.yimg.jp/t/amd-img/20260728-00000109-reut-000-1-view.jpg?exp=10800,2026-07-28T17:18:09+09:00,2026-07-28T17:18:09+09:00,ロイター,reut,ロイター,603,"写真は日本貿易振興機構（ジェトロ）の石黒憲彦理事長。2024年12月、米ニューヨークで撮影。REUTERS/Mike Segar
Kentaro Okasaka

[東京 ２８日 ロイター] - 日本貿易振興機構（ジェトロ）の石黒憲彦理事長は２８日の記‌者会見で、中国のレアアース（希土⁠類）輸出規制など経済的威圧への最大の対抗策は代替調達先の確保だと強調​した。小笠原諸島の南鳥島（東京都小笠原村）周辺海域のレアアー‌ス（希土類）開発についても「対抗策としては非常に重要だ」と述べた。

石黒氏‌は南鳥島について、直‌ちに大規模な調達先になる​ことはないだろうとしつつ「（代替調達の）努力をし‌ていることを示し『日本がどうも中国に依存しないな』と‌いう構造・姿​勢を見せることが実はこういった経‌済的威圧に対する対応策としては重要だ」と語っ⁠た。

経済的威圧を克服した一例として、中国が日本産水産物の輸入規制を行ったことに対し、ジェトロ⁠が組織を挙げて代替市場を​開拓し「ホタ‌テに関して言えば、もはや中国に依存することもなく輸出先は見つけられたという状況に⁠ある」ことを挙げた。

南鳥島を巡っては、回⁠収されたレアアース泥にイットリウムなど半導体⁠や自動車産業などに用いられる希少な物質が含まれて‌いた⁠ことが分かり、木原稔官房長官が２４日の会​見で「将来にかけて期待が持てる成果だ」と述べている。",[],[]
三菱ＵＦＪ証の4－6月期純利益は2.8倍、円債・外債とも販売堅調（ロイター）,https://news.yahoo.co.jp/articles/2ff596488e0d0aace801a611553f94ae1b74582f,https://newsatcl-pctr.c.yimg.jp/t/amd-img/default.jpg?exp=10800,2026-07-28T17:07:16+09:00,2026-07-28T17:07:16+09:00,ロイター,reut,ロイター,579,"Miho Uranaka

[東京 ２８日 ロイター] - 三菱ＵＦＪ証券ホールディングスが２８日に発表した２６年４－６月期（第１・四半期）‌純利益は、前年同期比２．８倍の２４８億円だった。全⁠セグメントで増益となった。長期金利の上昇を背景に円建て債券の販売が伸​びたほか、円安局面でも高い利回りを求めて外貨建て債券を購入する個‌人投資家が増えているとの見方を示した。

リテール営業を担う国内営業は好調な相場‌環境を背景に増収、ト‌レーディングなどのグローバル​マーケッツ業務は株式・債券ともに伸長し高水準‌を維持。債券では、金利上昇時のポジション運営が奏功し‌た。外債の発行な​どの引受業務やＭ＆Ａ（合併・買収）助‌言も増えた。

平塚岳・財務企画部長はリテール向けの国内⁠営業について「国債だけでなく、コーポレートボンド（社債）の引き合いが非常に強くなってきて⁠いる」と説明。国内金利の上昇​で円債販売が‌増加したことに加え、「外債でも金利が高いものについては、『為替は諦めた、この水準を受⁠け入れる』ということで、金利を取りに⁠いく動きがみられる」と述べた。

足元では株式市場が落ち⁠着きを取り戻し、機関投資家の様子見姿勢も強まる中、８月に‌は夏⁠季休暇で資金の流れも細ることから、第１・四半​期対比で業績はややスローダウンするとの見通しを示した。",[],[]
アジア株式市場サマリー：引け（28日）（ロイター）,https://news.yahoo.co.jp/articles/0001dd6455fa4dd7c07f4ead7fe3bd8502cf6655,https://newsatcl-pctr.c.yimg.jp/t/amd-img/default.jpg?exp=10800,2026-07-28T17:02:56+09:00,2026-07-28T17:02:56+09:00,ロイター,reut,ロイター,2555,"ソウル株式市場は１１％近く急落し、およそ５カ月ぶりの大幅安となった。半導体メーカー株の世界的な売りでＳＫハイニックスとサムスン電子が下落したほか、中国ＣＸＭＴの新規上場で中国勢との競争激‌化への懸念が強まった。

総合株価指数（ＫＯＳＰＩ）は１０．８４％安の６０２３．６６で終了。イラン戦争勃発で過去最大の下落率を記⁠録した３月４日以来の大幅な下落率となった。取引時間中には一時１１．３％安まで下げ、今年８回目、過去１４回目のサーキットブレーカー発動につながった。一時４月１４日以来となる６０００割れとなった。

同指数は今月に入り２９％下落。過去最大の月間​下落率は１９９７年１０月の２７％。６月に付けた過去最高値の９１１４．５５からは３４％下落したが、年初来では４３％高を維持している。

ＳＫハイニックスは１４．７％急落。サムスン電子も１４．４％安と２００８年１０月以来の大幅安となった。両社はＫＯＳＰＩの構成比の半分以上を占めており、‌半導体セクター全体の売りが市場全体に与える影響を増幅させた。両社は今週後半に第２・四半期決算を発表する予定。

市場センチメントは中国の動向でさらに悪化した。長鑫存儲技術（ＣＸＭＴ）の大型上場に加え、中国が国内で開‌発した液浸型深紫外線（ＤＵＶ）露光装置の製造を開‌始したとの報道が影響した。

ソウルの未来アセット証券のマーケットアナリスト​は「市場の懸念はＣＸＭＴの足元の業績よりも、新規株式公開（ＩＰＯ）後に韓国企業に対抗するための生産能力拡大や技術開発が加速する可能性にあ‌る」と指摘した。

海外投資家は５兆ウォン（３４億２０００万ドル）を売り越し、個人投資家は４兆ウォンを買い越した。

売買が成立した９１７銘柄のうち、上昇はわずか３６銘柄で、８７８銘柄が下落した。

シドニー‌株式市場は続伸して引けた。中央銀行のブロ​ック総裁が国内経済は概ね想定通りに推移していると発言したことを受け、利上げ観‌測が後退した。ただ、総裁は短期見通しには高い不確実性があるとの見方も示した。

Ｓ＆Ｐ／ＡＳＸ２００指数は０．６％高で終了、序盤の下落から反転した。前日は１．４％上⁠昇していた。

講演でブロック総裁は、基調的なインフレ率は依然として高すぎるとし、必要であれば追加利上げも辞さない構えを示すなど、中銀のタカ派的な姿勢を維持した。ただ、市場はこの発言を好意的に受け止め、最大０．４％下げていた地合いから反発した。

ＥＴＦシェア⁠ーズのクリフ・マン最高経営責任者（ＣＥＯ）は、経済が想定通りに調整していると​の総裁の見解が、短期的な利上げに‌対する市場の不安をいくらか和らげる材料になったと指摘した。市場は８月の利上げ確率を講演前の３０％から約２１％に、１１月の利上げ確率も８０％から約５５％に引き下げた。

金利敏感セクターは上げ幅を拡大し、金融株指数は０．９％高、一般消費財株指数は２．７％高、不動産株指数は１．１％高で終了した。

政府⁠が国内で６０年余りぶりとなる新たな石油精製所の建設計画を発表したことを受け、エネルギー株指数は１．６％上昇。⁠ビバ・エナジーは、米国とイランの対立を背景とした地域の精製マージン上昇で上半期利益が急増する見通しを示し、約３カ月ぶりの⁠高値に急伸した。

鉱業株指数は１．５％安。最大消費国である中国の需要が季節的に鈍化し、鉄鉱石価格を押し下げた。マン氏は、人工知能（ＡＩ）インフラに‌対するセンチ⁠メント悪化も、銅の重要性が増しているＢＨＰとリオティントの株価の重しになっている可能性を指摘した。

ドロー​ンシールドが上半期の粗利益率の縮小を示唆し、約１３％急落して指数構成銘柄で最も下落した。

                            終値    前日比    ％      始値     高値     安値     コード          

           韓国     総合株価指数    6023  -732.  -10.8  6400.  6413.  5992.            

                            .66   09     4      27     57     91               

                  前営業日終値    6755                                               

                            .75                                                

           台湾     加権指数      4160  -2,03  -4.65  43221  43221  41565            

                            3.36  0.83          .93    .93    .00              

                  前営業日終値    4363                                               

                            4.19                                               

           豪      Ｓ＆Ｐ／ＡＳＸ指  8947  +53.8  +0.60  8894.  8947.  8856.            

                  数         .800  00            000    800    600              

                  前営業日終値    8894                                               

                            .000",[],[]
シマノ、通期純利益を上方修正　為替評価益など営業外収益が増加（ロイター）,https://news.yahoo.co.jp/articles/25c6410e025cb3e0b07224f21ea9fade0d91e738,https://newsatcl-pctr.c.yimg.jp/t/amd-img/default.jpg?exp=10800,2026-07-28T16:44:20+09:00,2026-07-28T16:44:20+09:00,ロイター,reut,ロイター,472,"[東京 ２８日 ロイター] - シマノは２８日、２０２６年１２月期の連結純利益予想を従‌来の４２０億円から４３０億円に上方修正し⁠た。一方、中東情勢については、原油高や仕入れ先か​らの値上げ要請による売上原価の増加が約２０億円の‌マイナス影響となると見込んでいる。

・会社予想は、ＩＢＥＳがまとめ‌たアナリスト１１人に‌よる純利益の予想平均​値４６７億円は下回った

・売上高予想も、‌従来の４６７０億円から４９１０億円に引き上げ。市場在庫の調‌整が見込み通​り進展していることや、円‌安・アジア通貨高に伴う為替影⁠響を踏まえた

・営業利益予想は４７０億円で据え置き。中東情勢の影響で売上原⁠価は通期で約４０億円増加する​と見込み、‌一部を価格転嫁するものの、売上総利益への影響は通期で約２０億円⁠のマイナスと試算

・第２・四半期累⁠計（２０２６年１─６月）の純利益は前年比７倍の２７９億５０００万円。セグ⁠メント別では、釣具の営業利益が前年比５９．８％増‌と大⁠幅に伸長した一方、自転車​部品は北米での関税の影響などを受け同１５．１％減",[],[]
熊本県で最大震度7の地震、商業施設崩落で多数閉じ込め　火災など被害広がる（ロイター）,https://news.yahoo.co.jp/articles/655c74cf0045a173f4e3d081f9b42c8cc1eb9340,https://newsatcl-pctr.c.yimg.jp/t/amd-img/20260728-00000105-reut-000-9-view.jpg?exp=10800,2026-07-28T16:38:57+09:00,2026-07-28T20:22:24+09:00,ロイター,reut,ロイター,1363,"7月28日、熊本県で発生した地震のニュースを見る人。都内で撮影。REUTERS/Manami Yamada
[東京 ２８日 ロイター] - 気象庁によると、２８日午後４時２７分ごろ、熊本県熊本地方を震源とする強い地震が発生し、最大震度７を熊本県宇城市と氷川町で観測した。その後も震度５弱の揺れを２回観測‌するなど余震が続いている。有明・八代海に出された津波注意報は解除されたも⁠のの、県内では火災が複数発生、商業施設の２階部分が崩落して多数の人が閉じ込めらるなど被害が広がっている。熊本県では２０１６年にも最大震度７の地震が起き、５５人が死亡、１８１４人が負傷した。

周辺には半導体産​業が集積しており、地震発生後に台湾積体電路製造（ＴＳＭＣ）の工場では従業員が屋外に避難した。消防庁は、熊本県嘉島町にあるイオンモール熊本の２階部分が崩落‌し、閉じ込めが多数発生しているとしている。ＴＢＳは熊本県警の情報として、同商業施設で多数の死者が出ていると報じた。熊本城総合事務所によると、１６年の地震からの復旧を進めている同城では石垣の‌一部が崩れた。

震度７を記録した地震の震源の深さは‌約１０キロ、地震の規模を示すマグニチュードは推定７．１。熊本県八代市や宇​土市などでも震度６強の揺れを観測した。非常災害対策本部会議に出席した高市早苗首相は「人的被害、建物倒壊や道路‌の損壊、火災など大規模な被害が確認されている」と説明。「現地で警察、消防、海上保安庁、自衛隊の各部隊が救命・救助活動に当たってい‌る」とした。引き続き震度７程度の地震​の発生に注意を呼びかけた。消防庁は午後７時３０分現在の情報として、人や建物の‌被害は確認中としている。熊本県内で火災が７件発生した。

原子力規制委員会によると、九州電力の玄海原子力発電所（佐賀県玄⁠海町）、川内原子力発電所（鹿児島県薩摩川内市）、四国電力の伊方発電所（愛媛県伊方町）に異常が出たという報告はない。一方、熊本県内の約４万８０００戸で停電が発生している。阿蘇くまもと空港は滑走路を閉鎖した。

ＪＲ九州によると、九州新幹線の博多─鹿児⁠島中央間の運行は終日取りやめとなった。午後７時４８分現在、鹿児島本線の大​牟田─八代間、川内─鹿児島中央間など‌でも運行を見合わせている。ＮＨＫは、熊本県八代市の八代駅でＪＲ貨物の貨物列車が脱線し、横転したと報じた。ＮＥＸＣＯ西日本によると、九州道の栗野インターチェンジ（ＩＣ）─植木ＩＣ間で上下線とも通行止めとなっている。

ＴＳＭＣの工場がある熊本県菊陽町では⁠震度５強を観測。ＴＳＭＣによると、震度が基準に達したため従業員が屋外へ避難した。同じく菊陽町に工⁠場があるソニーグループ、合志市に工場がある三菱電機もロイターの取材に「状況を確認中」とした。

このほか、 九州フィナン⁠シャルグループ傘下の肥後銀行は、八代支店など９店舗の営業を休止することを決めた。ブリヂストンは高圧ホースなどを生産す‌る玉名市の工⁠場を停止した。被害はなく、生産再開に向けて調整している。アイシンはドア部品などを​手掛ける熊本市の工場で従業員が避難し、生産を停止した。

ホンダは熊本製作所（熊本県大津町）の二輪製造工場の稼働を２９日午後まで停止する。",[],[]
香港ファンドのオアシス、アインＨＤ株を買い増し　18.75％に（ロイター）,https://news.yahoo.co.jp/articles/f326c501cff0119ff9ee49a06b07635a4ff261b4,https://newsatcl-pctr.c.yimg.jp/t/amd-img/default.jpg?exp=10800,2026-07-28T16:25:19+09:00,2026-07-28T16:25:19+09:00,ロイター,reut,ロイター,190,"[東京 ２８日 ロイター] - 香港の‌投資ファ⁠ンド、オアシス・マネ​ジメントがアイン‌ホールディングス‌株を買い‌増し、​保有比率を１８．７５％に引‌き上げたことが２８日‌提出​の変更報告書‌で分かっ⁠た。６月の前回報告では１７．７４％だった。⁠報​告義‌務発生日は７月２１日。

保有目的は引き⁠続き純投⁠資とし、一定⁠の条件を満たせば５％超を‌追加⁠取得する​予定とした。",[],[]
日経平均は大幅反落、一時6万2000円割れ　ＡＩ・半導体株が下げ主導（ロイター）,https://news.yahoo.co.jp/articles/2818232fa3cd4c2d8f6cb098fa857934852383e3,https://newsatcl-pctr.c.yimg.jp/t/amd-img/20260728-00000103-reut-000-1-view.jpg?exp=10800,2026-07-28T16:02:08+09:00,2026-07-28T16:02:08+09:00,ロイター,reut,ロイター,2529,"写真は2026年4月、東京証券取引所で撮影。REUTERS/Issei Kato
Hiroko Hamada

[東京 ２８日 ロイター] - 東京株式市場で日経平均は大幅反落し、前営業日比３．９５％（２５６６円２７銭）安の６万２３６４円９２銭で取引を終えた。前日の米半導体株安の流れを引き継いだほか、中国勢‌の台頭による半導体メモリーの競争激化が意識され、人工知能（ＡＩ）関連銘柄⁠が売られた。日経平均は一時６万２０００円を割り込んだ。一方、内需関連の一角は底堅く推移した。

日経平均は前営業日比０．６％（３９１円２７銭）安でスタートした後、下げ幅を拡大し、一時４．６％（３００７円）​安の６万１９２３円６０銭まで値下がりした。日経平均が６万２０００円を割り込むのは、５月２２日以来。指数寄与度の大きい半導体関連銘柄の下げが継続し、相場を押し下げた。

米ニュースサ‌イトのジ・インフォメーションによると、中国は国内で開発した液浸型深紫外線（ＤＵＶ）露光装置の製造を開始した。前日の海外市場では、オランダの半導体製造装置大手ＡＳＭＬが急‌落し、東京市場でも半導体関連株の売り‌を誘った。韓国株の急落も投資家心理の重しとなった。

後場中​盤以降、日経平均は下げ渋ったが、６万２３００円近辺を軸に軟調な推移が継続。一方、内需株の一角が買われ、グ‌ロース株からバリュー（割安）株への資金シフトが続いているとの見方があった。

市場では「半導体競争を巡って中国勢の台‌頭が意識されているが、それが売り​の口実になって調整圧力が強まっている」（三菱ＵＦＪアセットマネジメントの‌エグゼクティブファンドマネージャー・石金淳氏）との声が聞かれた。

日経平均は６月後半に付けた史上最高値（７万２８３１円７３銭）⁠から、約１カ月で１万円以上下落。石金氏は「数カ月から１年程度の中期でみれば、株高ラリーはいったんお休みとなったようだ」と話し、目先の日本株は上値の重い展開を想定しているという。

ＴＯＰＩＸは２．５２％安の３９６３．５９ポイントで取引を終え⁠た。東証プライム市場指数は前営業日比２．５２％安の２０４４．４ポイントだった。​プライム市場の売買代金‌は９兆１９５９億２８００万円だった。東証３３業種では、小売、空運、陸運など１１業種が値上がり。非鉄金属、電気機器、金属製品など２２業種が値下がりした。

新興株式市場は、東証グロース市場２５０指数が反落し、２．６４％安の６７６．５７ポイントだった。

個別では、前⁠日に決算を発表したキヤノンが５％超安。キオクシアホールディングスはストップ安。⁠指数寄与度の大きいソフトバンクグループ、東京エレクトロンも大幅安となった。

一方、さくらインター⁠ネットは６％超高。きょう公表された決算内容を好感する買いが先行した。その他、Ｓａｎｓａｎ、富士通が堅調。ファーストリテイ‌リングも⁠しっかりだった。

東証プライム市場の騰落数は、値上がりが４８０銘柄（３０％）、値下がりは１０４７銘柄（６７％）、変​わらずは３１銘柄（１％）だった。

                           終値           前日比       寄り付き      安値／高値            

           日経平均            62364.92     -2,566.2  64539.92   61,923.60          

                                        7                   ─64,573.18          

                                                                       

           ＴＯＰＩＸ           3963.59      -102.48   4040.49    3,944.71─          

                                                            4,042.49           

           プライム市場指数        2044.40      -52.82    2084.09    2,034.84─          

                                                            2,084.42           

           スタンダード市場指数      1611.43      -29.56    1637.81    1,608.61─          

                                                            1,637.81           

           グロース市場指数        875.60       -22.57    895.24     873.96─89          

                                                            5.24           

           グロース250指数       676.57       -18.35    692.52     675.13─69          

                                                            2.52           

           東証出来高(万株)       259337       東証売買代金(億  91959.28             

                                        円)",[],[]
オマーン、ホルムズ共同管理案イランに提示　任意で費用拠出＝関係筋（ロイター）,https://news.yahoo.co.jp/articles/5e597f96b643f8cf1b86e057d4390c980d31278a,https://newsatcl-pctr.c.yimg.jp/t/amd-img/20260728-00000102-reut-000-5-view.jpg?exp=10800,2026-07-28T15:57:39+09:00,2026-07-29T00:09:59+09:00,ロイター,reut,ロイター,945,"写真はホルムズ海峡を航行する船舶。2026年7月26日、オマーン・ムサンダムで撮影。 REUTERS
Timour Azhari　Parisa Hafezi

[リヤド／ドバイ　２８日　ロイター] - オマーンはホルムズ海峡を地域共同の枠組みで管理する案をイランに提示した。提案にはホ‌ルムズ海峡の利用に際して船舶から任意の利用料を徴収す⁠る案が含まれている。湾岸関係筋と西側外交筋が２８日、ロイターに対し明らかにした。

提案は先週末にイラン当局者に提示され、イラン​によるホルムズ海峡の単独管理は想定されていない。提案は域内諸国の支持を得ているという。

イラン高官はロイターに‌対し、イランはこの提案にまだ回答していないと明らかにした。

オマーン外務省からこの件に関するコメントは得られていない。また、‌国連の専門機関である国際海‌事機関（ＩＭＯ）はこの協議には関与していないと明らか​にした。

提案は沿岸国のインドネシア、マレーシア、シンガポールが共同管理するマ‌ラッカ海峡の枠組みを基にしている。海峡を利用する船舶が任意に費用を拠出し、航行支援、環境‌保護、捜索・救助活動など​の管理費用に充てる。西側外交筋はこれについて、航‌空機を利用する際に乗客が任意で拠出するカーボンオフセットプログラムになぞらえ⁠ている。

イランのアラグチ外相は２７日、ホルムズ海峡を巡りオマーンとサウジアラビアの外相と協議した。イラン外務省の声明によると、アラグチ氏は地域の安定を確立し、⁠米国の攻撃的な行動によってホルムズ海峡に生​じた不安定な状況を解‌消するため、協力の強化と共同の外交努力を進める必要性を強調したという。

これとは別に湾岸協力会議（ＧＣＣ）の外相はこの日にビデオ会合を開き、最新情⁠勢について協議。カタール外務省の声明によると、会合ではホ⁠ルムズ海峡を通航する船舶の航行の自由と安全に関する問題を巡り協力を強化する方⁠策などについて協議した。

米国は先週末、イランに対する空爆作戦を突然停止。これを受けて‌外交的解⁠決への期待が高まっている。解決が実現すれば、紛争前に世界​のエネルギー供給の約５分の１が通過していたホルムズ海峡で、船舶航行の再開につながる可能性がある。",[],[]
英バークレイズ上半期は17％増益、株式取引好調で予想上回る（ロイター）,https://news.yahoo.co.jp/articles/d17aa3849c7bdb9501b9a837ef2f8cfe7d87bf13,https://newsatcl-pctr.c.yimg.jp/t/amd-img/20260728-00000101-reut-000-2-view.jpg?exp=10800,2026-07-28T15:52:16+09:00,2026-07-28T16:23:43+09:00,ロイター,reut,ロイター,838,"写真はバークレイズのロゴ。2026年1月撮影。REUTERS/Dado Ruvic
Lawrence White

[ロンドン ２８日 ロイター] - 英銀行大手バークレイズが２８日発表した上半期決算は、税引き前利益が前年‌同期比１７％増の６１億ポンドと、アナリスト予想を上回った。株⁠式取引収入や企業の合併・買収（Ｍ＆Ａ）などに伴う手数料が膨らんだ。

アナリスト予想は約５９億４０００万ポンドだった。

バークレイ​ズは新たに１０億ポンドの自社株買いも発表した。市場予想の８億３１００万ポンドを上回った。配当は８億ポンド‌とした。

通期の収入見通しを従来の３１０億ポンドから３１５億ポンドへ小幅に引き上げ、２０２６年の業績目標の達成に向けて順調に進んで‌いるとした。金利低下や先‌行き不透明な経済情勢の中でも、英​国の金融機関が堅調な業績を維持していることを改めて示した。

第２・四半‌期の投資銀行部門の総収入は４０億ポンドで、アナリスト予想の３７億ポンドを上回った。

株‌式部門の収入は前年比４５％増​加した。平均６９％増となった米金融大手の伸びには‌及ばなかった。米国勢の収益は宇宙開発企業スペースＸの大型新規株式⁠公開（ＩＰＯ）が追い風となった。

イラン戦争を引き金とした金融市場の変動で取引が活発化し、各銀行の収入を押し上げた。大型のＭ＆ＡやＩＰＯも投資銀行⁠部門の手数料を押し上げた。

英国の金融機関​はバーナム新首相‌の政策を慎重に見極めようとしている。銀行各社は左派寄りのバーナム氏が金融業界への課税を強化する可能性を懸念し⁠てきた。ただ、バーナム政権が前政権の金融サービス⁠業界の成長重視路線を維持する可能性が高いとロイターが２４日に報じたこ⁠とは、銀行にとって好材料となった。

投資家の関心は今後、イングランド銀‌行（英中⁠央銀行）の利下げ局面で融資利ざやをどこまで維持で​きるかに移る。景気が低迷する中、与信の質を巡る懸念にも注目が集まる。",[],[]
スクリン、今期純利益予想を50億円上方修正　顧客投資動向踏まえ（ロイター）,https://news.yahoo.co.jp/articles/dc0e29b98cec5cf6267b0e9852a3413e753f2cdb,https://newsatcl-pctr.c.yimg.jp/t/amd-img/default.jpg?exp=10800,2026-07-28T15:50:01+09:00,2026-07-28T18:19:56+09:00,ロイター,reut,ロイター,843,"Kentaro Okasaka

[東京 ２８日 ロイター] - ＳＣＲＥＥＮホールディングスは２８日、２０２７年３月期通期の連結純利益予想を従来の１１００億円から前年比２５％増の１１５０億円に上方‌修正した。ＩＢＥＳがまとめたアナリスト１８人の純利益予想の平⁠均値１１６０億円とほぼ同水準だった。

過去最高レベルの受注が継続するなど、足元の顧客投資動向を踏まえた修正。年間配​当予想も１７５円から１８３円に引き上げた。

後藤正人社長は決算会見で「ＡＩ（人工知能）を中心とした引き合いが非‌常に強い。今後のマーケットのニーズに応えてキャパシティーをきちんと確保する準備を進めている」と話した。

併‌せて発表した第１・四半期（４－６月）の連‌結純利益は同３７．１％減の１０４億円だった。

主力の半導体製造​装置事業では、ＤＲＡＭ向けの装置売り上げが増加した一方、ファウンドリーやロジ‌ック向けが減少した。地域別では米国向けが増加したものの、中国や台湾向けは‌減少した。売り上げ時​期の期ずれが主要因で、下期にかけては受注が多‌く、通期の上方修正を決めた。後藤社長は、日米韓のメモリーメーカー⁠が投資計画を発表しており「メモリーのマーケットに対する投資は非常に盛ん。この２－３年くらいは非常に堅調だと考えている」と語った。

中国⁠市場についても「やはりマーケットが非常に​膨らんでおり、デ‌バイスの需要は多いと踏んでいる。われわれの製品も汎用品よりハイエンド用のマーケットを狙って製品を投入しており、引⁠き続きそれなりの売り上げ比率は見込んでいる」とし⁠た。

ディスプレー製造装置・成膜装置事業は装置売り上げが増加し、増収増⁠益となった。

印刷・製版関連のグラフィックアーツ関連機器事業も、インクを中‌心と⁠する「リカーリング（継続）ビジネス」の売り上げが増加​し、増収増益だった。

業績予想の前提となる第２・四半期（７－９月）以降の為替レートは１ドル＝１５０円としている。",[],[]
フィンランド、ロシア国境付近の空海域一部封鎖　ドローン警戒（ロイター）,https://news.yahoo.co.jp/articles/3bd95f11a9e87d44528b35060ac7a326d37893de,https://newsatcl-pctr.c.yimg.jp/t/amd-img/default.jpg?exp=10800,2026-07-28T15:48:25+09:00,2026-07-28T15:48:25+09:00,ロイター,reut,ロイター,142,"［ヘルシンキ　２８日　ロイ‌ター］ - フィンラ⁠ンド軍の報道​官は２８日、ドローン（無‌人機）侵‌入の恐れ‌があ​るとして、‌ロシア国境‌に近​い南岸沖‌の空域の⁠一部を封鎖したと⁠明ら​かに‌した。

フィンランド軍⁠は、Ｘへの投⁠稿で、海⁠上交通も規制‌した⁠と明らか​にした。",[],[]
欧州の26年収穫予想、全品目で下方修正　熱波被害で＝作物監視機関（ロイター）,https://news.yahoo.co.jp/articles/7bc04812fe68baed242f9460324d59502af89925,https://newsatcl-pctr.c.yimg.jp/t/amd-img/20260728-00000098-reut-000-1-view.jpg?exp=10800,2026-07-28T15:44:56+09:00,2026-07-28T15:44:56+09:00,ロイター,reut,ロイター,639,"写真は2022年9月、フランスのタン・レベックで撮影。REUTERS/Pascal Rossignol
[パリ ２７日 ロイター] - 欧州委員会の作物監視サービス「ＭＡＲＳ」は２７日、熱波被害を理‌由に２０２６年の全品目の域内収穫予想を引き下⁠げた。西欧で高温・乾燥気象が続くと予想され、一段の下方修正の可能​性もあると警告した。

欧州は世界で最も温暖化のペースが速く、今シー‌ズンは相次いで熱波が発生。干ばつの深刻化、水の供給不足、極度の植生乾‌燥を受けて深刻な‌森林火災が起きている。

ＭＡＲＳはリポ​ートで「相次ぐ熱波で冬作物の登熟期間が短‌縮され、収穫が前倒しになった。南部では既に収穫が完了‌し、その他の地域​でも進行している」と指摘。

ＥＵで最も‌生産量の多い穀物である軟質小麦の収穫予想を前⁠月時点の１ヘクタール当たり６．００トンから５．８８トンに引き下げた。これは２５年を７％下回る水準だ。

また「夏作物につ⁠いては、西欧・中欧全域で​の記録的な高‌温と少雨で土壌水分が枯渇し、バイオマスの蓄積が制約されて開花にも影響が出た」⁠と述べた。

穀物用トウモロコシの平均収⁠穫は１ヘクタール当たり７．３８トンから６．９３トンに、ヒマワリは２．０８トン⁠から１．９４トンに引き下げた。

ＥＵの主要油糧種子である菜種については、３．１８ト‌ンか⁠ら３．１４トンに下方修正した。また、テンサイ​は豊作だった昨年を７％下回り、平均並みの７６．０トンになる見通し。",[],[]
高速回転で機体が見えにくいドローン、AIを活用して設計　米大学の研究チーム（ロイター）,https://news.yahoo.co.jp/articles/9fd66aa0c754c9a4e71f9adde5d4d9ed15a4d882,https://newsatcl-pctr.c.yimg.jp/t/amd-img/20260728-00010004-reutv-000-1-thumb.jpg?exp=10800,2026-07-28T15:37:34+09:00,2026-07-28T15:37:34+09:00,ロイター,reut,ロイター,604,"米ノースウエスタン大学の研究チームは人工知能（AI）を活用し、飛行中に極めて視認しにくいドローンを開発した。迷彩ではなく、モーションブラー（動きによるぼやけ）を利用することで、機体をかすかなもやのように見せる仕組みだ。

ノースウエスタン大学　マイケル・ルーベンスタインさん
「ファントム・ツイストはモーター1基だけで飛行するため、機体全体が毎秒約25回転でフリスビーのように回転する。全体が動いているため、機体もすべての部品も、この動きでぼやけて見える。部品の配置は、飛行を可能にしつつ視認性を最小限に抑えるよう選ばれている」

AIを使って約2万通りの構成を生成し、それぞれが回転中にどう見えるかをシミュレーションした。ルーベンスタインさんによると、AIはデザインの視認性を測定することと、部品配置の選定の両方に使われた。「この研究は特定の用途向けに設計したわけではないが、ドローンの存在が動物の行動に影響を与えることなく、野生動物を観察・研究するのに使われるところをぜひ見てみたい」

研究チームの指標によるとファントム・ツイストは、ローターが4基あるクワッドローターやヘリコプターに比べ、視認性を約10分の1に抑えた。このドローンは完全に見えないわけではない。プロペラの音は残り、配線や支柱も部分的に見える。ルーベンスタインさんは、今後の研究でドローンをさらに視認しにくくできる可能性があると述べた。",[],[]
中国・青海省でＭ5.7とＭ5.8の地震、震源は高地　余震続く（ロイター）,https://news.yahoo.co.jp/articles/b12df88687b35172c244a493eaa54c3635887db6,https://newsatcl-pctr.c.yimg.jp/t/amd-img/default.jpg?exp=10800,2026-07-28T15:23:57+09:00,2026-07-28T18:41:50+09:00,ロイター,reut,ロイター,349,"［北京　２８日　ロイター］ - 中国地震局によると、中‌国北西部青海省興海県⁠で２８日午前１１時１６分（日本時間午後０時１６分）ごろ、マグ​ニチュード（Ｍ）５．７の地震が発生した。１８分後にはＭ５．８の地震が‌続いた。

いずれも震源の深さは１０キロメートルで、‌震源地は青海‌省の省都・西​寧から約２４４キロ離れた人口がま‌ばらな高地だった。午後遅くに‌もＭ５．０の地震​を含む余震があった。

国営‌通信新華社によると、西寧⁠でも揺れを感じた。緊急対応チームが震源地に向かっ⁠ている。揺れによ​って‌近隣の山腹で局地的な土砂崩れも発生したもよう⁠だ。

新華社は、地元当局の⁠初期調査として、死傷者の⁠報告はまだないと伝えたが、近‌隣の⁠少なくとも７つの村で一部​の建物や道路に被害が出ている。",[],[]
午後3時のドルは163円後半、日米中銀会合前に膠着　方向感見極め（ロイター）,https://news.yahoo.co.jp/articles/acdb52c9cd04059388b35add7c08ba2e0e6faf17,https://newsatcl-pctr.c.yimg.jp/t/amd-img/20260728-00000096-reut-000-1-view.jpg?exp=10800,2026-07-28T15:16:23+09:00,2026-07-28T15:16:23+09:00,ロイター,reut,ロイター,1138,"写真は米ドル紙幣。2023年3月撮影。REUTERS/Dado Ruvic
[東京 ２８日 ロイター] - 

                          ドル／円            ユーロ／ドル         ユーロ／円          

           午後３時現在         163.72／163.76   1.1365／1.1367  186.10／186.11          

           午前９時現在         163.76／163.80   1.1368／1.1370  186.20／186.21          

           ＮＹ午後５時         163.74／163.76   1.1367／1.1370  186.13／186.18          

午後３時のドル／円は、前日ニューヨーク市場終盤から横ばいの１６３円‌後半で推移している。日米中銀による金融政策決定会⁠合を控えて、手掛けづらさが意識されているという。米連邦公開市場委員会（ＦＯＭＣ）はライブ感の強い会合になると​の見方があり、会合の決定内容を踏まえてドル／円の方向感を見極める展開となりそうだ。

ドルは朝方から１６３．７０円台‌を軸に小動きとなった。値幅も上下に２０銭未満で、膠着した相場が続いている。正午前後に片山さつき財務相がＬＳＥＧの‌イベントに登壇したものの、国‌債発行や市場の信認を巡る片山氏の発言​に対するドル／円の値動きは限定的だった。

片山さつき財務相は２８日、来年度‌予算編成に向けた国債発行について、現時点では上限を設けないとする一方、国債市‌場で投機的な動きを招かな​いことが重要だと述べた。

市場では、今回のＦＯＭＣでの利上‌げの可能性に関心が高まっている。ＣＭＥのフェドウォッチによると、今回会合での２５ｂｐ（⁠ベーシスポイント）利上げの織り込みは３７％強。据え置き見通しが６２％強で依然優勢ではあるものの、ウォーシュ連邦準備理事会（ＦＲＢ）議長が将来の金利⁠動向を巡るフォワードガイダンスに否定​的なこともあって、会‌合での「ライブ感が強い」（ニッセイ基礎研究所の上野剛志・主席エコノミスト）との声が聞かれる。

仮に、大半の予想通り据え置き⁠が決まった場合でも、先行きの利上げ予想時期が大き⁠く後ずれし、織り込み回数が低下すればドル売り圧力となる可能性があ⁠ると、ニッセイ基礎研の上野氏は指摘する。一方、週内３０日にも方向性が示さ‌れるとの⁠報道もある食品消費減税のほか、日銀の金融政策決定​会合の内容次第ではドル売り圧力が「円売り圧力に吸収されやすい」（上野氏）という。",[],[]
独メルセデス、通期売上高見通し下方修正　四半期営業増益も中国低迷（ロイター）,https://news.yahoo.co.jp/articles/abd466000d39639e527e682bde253845dd9dafe6,https://newsatcl-pctr.c.yimg.jp/t/amd-img/20260728-00000095-reut-000-4-view.jpg?exp=10800,2026-07-28T14:59:10+09:00,2026-07-28T16:13:24+09:00,ロイター,reut,ロイター,651,"写真はメルセデス・ベンツのエンブレム。2020年9月、北京国際モーターショーで撮影。REUTERS/Tingshu Wang
Rachel More

［ベルリン　２８日　ロイター］ - 独高級自動車大手メルセデス・ベンツが２８日、通期業績見通‌しを下方修正した。中国でのシェア⁠低下を受け、これまで前年並みを見込んでいた販売台数と売上高がともに減​少すると予想した。

中核の自動車事業の利益率見通しを３─５％で据え置いたが、‌ハラルド・ビルヘルム最高財務責任者（ＣＦＯ）は、レンジの下限で着地するとの‌見通しを示した。

この日発‌表した第２・四半期決算は、営​業利益に相当するグループ利払い・税引き前利益（ＥＢＩＴ）‌が前年同期比２２％増の１５億ユーロ（１７億ドル）となり、ビジブル・アルフ‌ァがまとめた​市場予想の１６億ユーロをやや下回った。‌管理費や研究開発費の削減などのコスト対策が⁠寄与した。

グループ業績は金融サービス部門とバン部門に支えられた。リース子会社アスロンの売却計⁠画に伴う１億３１００万ユーロの利益も寄与​した。

オラ・ケレ‌ニウス最高経営責任者（ＣＥＯ）は「厳しい市場環境にもかかわらず、第２・四半期は順調に推移し、⁠製品投入計画も引き続き前進した」と述⁠べ、下半期に一段のコスト削減を進める方針を示⁠した。

ただ中国での販売は３０％急減。より安価でハイテクな電気‌自動⁠車（ＥＶ）の開発を巡る地元企業との競争が​激化し、外資系自動車メーカーの優位性が失われている。",[],[]
消費減税、高市首相「決断する時は決断する」＝自民幹事長（ロイター）,https://news.yahoo.co.jp/articles/756505f8cbb36976a31991fe7ae43265dca6bfc5,https://newsatcl-pctr.c.yimg.jp/t/amd-img/20260728-00000094-reut-000-1-view.jpg?exp=10800,2026-07-28T14:56:28+09:00,2026-07-28T14:56:28+09:00,ロイター,reut,ロイター,434,"写真は高市早苗首相。2026年7月27日、都内の首相官邸で撮影。David Mareuil/REUTERS
［東京　２８日　ロイター］ - 自民党の鈴木俊一幹事長は２８日、党‌役員会・役員連絡会後の記⁠者会見で、飲食料品の消費減税に関して高市早苗首相​が「私も決断する時は決断する」と語ったことを‌明らかにした。

首相はこの日、麻生太郎副総裁、鈴木幹事‌長とも会談。‌鈴木幹事長は会談につ​いて「総裁、副総裁、幹事長と‌いう立場でもろもろのことについて意見交換‌し、思い​を共有した」と語ったが、‌具体的な内容については「公にする⁠性格のものではない」と述べるにとどめた。

消費税減税をめぐっては、⁠与野党で構成する「社​会保障国‌民会議」の実務者会議での議論が２７日もまとまらず、中間とりま⁠とめ案では各党の意見を併⁠記する方針となった。高市首相は２７日、⁠特別国会閉会を受けた記者会見で、国‌民会⁠議での結論を得た上で速や​かに法案を提出する考えを示している。",[],[]
インドネシア中銀総裁の辞任、背景に流動性巡る財務相との対立＝関係筋（ロイター）,https://news.yahoo.co.jp/articles/f64c9b0c7c5393bafbdc2799c2da457d2e05b0bc,https://newsatcl-pctr.c.yimg.jp/t/amd-img/20260728-00000093-reut-000-1-view.jpg?exp=10800,2026-07-28T14:52:37+09:00,2026-07-28T14:52:37+09:00,ロイター,reut,ロイター,645,"写真はインドネシア中央銀行のペリー・ワルジヨ総裁と握手するプルバヤ・ユディ・サデワ財務相。2025年11月、ジャカルタで撮影。REUTERS/Willy Kurniawan
Gayatri Suroyo　Stefanno Sulaiman

[ジャカルタ ２８日 ロイター] - インドネシア中央銀行のペリー・ワルジヨ総裁が突然‌辞任した背景には、経済成長戦⁠略を巡る財務相との深刻な対立があったと、関係筋３人がロイターに語った。主​要な金融当局者の間で数カ月にわたり緊張が続いていたことが浮き‌彫りになった。

プラボウォ大統領の側近と中銀副総裁が２７日朝方、ワルジヨ氏の辞‌任を発表したが、発表‌の場に本人は姿を見せなか​った。辞任の理由は「個人的な事情」とされ、具‌体的な説明はなされなかった。

インドネシア中銀は、プラボウ‌ォ大統領が掲​げる高成長路線を支えるよう圧力を‌受けてきた。６月にはインドネシアの財政運営や中銀⁠の独立性を巡る懸念から、ルピアが過去最安値まで下落した。

関係筋は、こうした対立がワルジヨ氏の⁠辞任に直接影響したかどう​かは明らかに‌しなかったが、インドネシアの流動性政策と、それが経済成長やルピアに及ぼす影響を巡⁠って、見解の相違が最近深まってい⁠たと指摘した。

関係筋の１人によると、流動性は潤沢であ⁠るべきだとするプルバヤ財務相の立場は、為替相場の‌安定⁠管理を重視する中銀の姿勢と対立してお​り、内部で激しい議論の的になることが多かったという。",[],[]
サウジアラムコ、地中海ルートでアジア向け価格見直しも＝関係筋（ロイター）,https://news.yahoo.co.jp/articles/973a6811762c3de2e9e270c319cb9539115e5c96,https://newsatcl-pctr.c.yimg.jp/t/amd-img/20260728-00000092-reut-000-1-view.jpg?exp=10800,2026-07-28T14:49:21+09:00,2026-07-28T14:49:21+09:00,ロイター,reut,ロイター,735,"写真はサウジアラムコのロゴ。2026年3月撮影。REUTERS/Dado Ruvic
Florence Tan　Siyi Liu

[シンガポール ２８日 ロイター] - サウジアラビアの国営石油会社サウジアラムコは、中東紛争を背景‌に原油の輸出ルートをエジプト経由に変更し⁠たことに伴う輸送コストの上昇を反映させるため、エジプトのシディ・ケリル港からアジア向​けに出荷される原油の新たな価格メカニズムを検討している。３人の関係筋が２８日に明らか‌にした。

サウジアラムコはコメントを控えた。

サウジアラムコは、米国・イスラエルとイランの戦争でホル‌ムズ海峡経由のペルシャ湾‌岸地域からの原油輸出に支障が生じ​て以降、紅海沿岸のヤンブー港からアジア向けに原油を出‌荷してきた。

だが先週、イエメンの親イラン武装組織フーシ派は、紅海南端‌のバベルマンデブ海峡​を経由するサウジ産原油の輸出を攻撃対象に‌すると表明したため、サウジアラムコはサウジ産原油をスエズ⁠・地中海パイプラインを経由してエジプト地中海沿岸のシディ・ケリル港へ輸送し、そこから出荷する迂回ルートに切り⁠替えた。

ヤンブーから出荷された原油は、​アジア向けの月‌次公式販売価格（ＯＳＰ）にパイプライン使用料を加算した価格で長期契約顧客に販売されている。

関係筋によると、サウジ⁠アラムコは、運賃の高騰に加え、地中海とジブラ⁠ルタル海峡を経由し、喜望峰を回るという、より長い航路を考⁠慮してアジア向け価格を見直す可能性がある。

ある関係筋の試算では、‌迂回ルー⁠トによって、アジアの買い手には１回の出荷あたり約１０００万ド​ル、原油１バレルあたり５ドルの追加コストが加算される可能性があるという。",[],[]
エヌビディア、テキサス州データセンターを最大500億ドルでリース＝ＦＴ（ロイター）,https://news.yahoo.co.jp/articles/50ac41f9829dc3fceff3180e7d24cfb4008c1564,https://newsatcl-pctr.c.yimg.jp/t/amd-img/20260728-00000091-reut-000-2-view.jpg?exp=10800,2026-07-28T14:31:48+09:00,2026-07-28T15:20:05+09:00,ロイター,reut,ロイター,644,"写真はエヌビディアのロゴ。2026年6月撮影。REUTERS/Dado Ruvic
［２８日　ロイター］ - 米半導体大手エヌビディアがハット８のテキサス州データセンター‌について最大５００億ドル相当のリース契約⁠を結んだと、英紙フィナンシャル・タイムズ（ＦＴ）が２８日、この取引に詳しい関係者５人の話​として報じた。

ハット８は先週、１ギガワット規模の「ビーコンポイント」キャンパスに‌ついて、１５年間の基本契約額が１９６億ドルとなり、更新オプションが行使されれば最大５０２億ドルに‌達すると発表した。

同‌社はその時点で契約先を開示せ​ず、大規模な人工知能（ＡＩ）の学習や運用を支えるため‌のコンピューティング機器を設置する予定の「既存の投資‌適格級顧客」だと​説明していた。

ＦＴは関係者の話として、エ‌ヌビディアがこのデータセンターの賃借人だと報じた。

エ⁠ヌビディアは同社の半導体（ＧＰＵ）を購入してＡＩクラウドコンピューティングを販売する新興クラウド業者（ネ⁠オクラウド）に物件をサブリー​ス（転貸）す‌る可能性があるという。

エヌビディアの広報担当者は報道を確認も否定もせず、「エヌビディアは⁠エコシステムの提携企業と協力し、ＡＩファ⁠クトリー・アーキテクチャー、ＤＳＸを通じて効率的なＡＩインフ⁠ラの展開を加速させている」と述べた。

ＤＳＸは、大規模なＡＩデ‌ータ⁠センターの設計、構築、運用を支援し、自社​の技術と提携企業の機器を統合するプラットフォームだ。",[],[]
スリランカ格付け「ＣＣＣ＋／Ｃ」据え置き　見通しは安定的＝Ｓ＆Ｐ（ロイター）,https://news.yahoo.co.jp/articles/2063909f8cedf41a4f4f8d5f8db83cbe398ff70a,https://newsatcl-pctr.c.yimg.jp/t/amd-img/20260728-00000090-reut-000-1-view.jpg?exp=10800,2026-07-28T14:29:44+09:00,2026-07-28T14:29:44+09:00,ロイター,reut,ロイター,434,"写真は2025年8月、スリランカのコロンボで撮影。REUTERS/Thilina Kaluthotage
[２７日 ロイター] - 格付け会社Ｓ＆Ｐグローバルは２７日、スリランカの‌外貨建て格付けを「ＣＣＣ＋／Ｃ」に据え置⁠き、見通しを「安定的」とした。歳入の力強​い伸びと債務返済コストの低下を理由に挙げ‌た。

同社は「『ＣＣＣ＋』の格付けは、スリランカの信用力が脆弱‌で、良好な金‌融・経済情勢に依​存しているものの、政府が短期‌的な信用・支払い危機に直面しては‌いないという​われわれの見解を反映‌している」と述べた。

また、経済成⁠長と財政再建を支える状況は今後６─１２カ月続くとの見方を示した。

ただ、⁠エネルギー輸入​額の増加‌や中東紛争再燃で経済成長が鈍り、観光収入や送金の重し⁠となる可能性があると⁠警告した。

Ｓ＆Ｐは「エネルギーと肥料の供⁠給確保に向けた政府の積極的な政策‌によ⁠り、経済活動への影響は一​時的にとどまる見込みだ」と述べた。",[],[]
特殊要因除くコアＣＰＩ、6月は＋2.7%　21カ月連続で2%以上＝日銀（ロイター）,https://news.yahoo.co.jp/articles/bae8be79eae11253d0c6562f44f492ca67e8815f,https://newsatcl-pctr.c.yimg.jp/t/amd-img/20260728-00000089-reut-000-1-view.jpg?exp=10800,2026-07-28T14:25:41+09:00,2026-07-28T14:25:41+09:00,ロイター,reut,ロイター,621,"写真は2026年7月27日、都内にある小売店で撮影。REUTERS/Issei Kato
Shiho Tanaka

[東京 ２８日 ロイター] - 日銀が２８日に発表した６月の消費者物価のコア指標に‌よれば、価格の変動が大きい生⁠鮮食品に加え、ガソリンの補助金や教育無償化などの「特殊要因」​を除いた消費者物価指数（特殊要因を除くコアＣＰＩ）は前年‌比２．７％上昇した。伸び率は５月の２．７％から横ばいで、２１カ月連続で２％以上となった。

総務‌省が２４日に発表した６月の全‌国コアＣＰＩは１．６％の上昇で伸び率は５カ月​連続で１％台にとどまったが、制度要因を除‌くと大きく押し上げられた。

生鮮食品・エネルギー・‌特殊要因を除​くＣＰＩ（特殊要因を除くコアコアＣＰＩ）‌は２．０％上昇。前月の２．１％から伸び率は縮小した。⁠食料・エネルギー・特殊要因を除くＣＰＩは１．５％上昇で、前月の１．４％から伸び率は拡大した。

上昇率分布で⁠上下一定割合を機械的に除​いた「刈‌込平均値」は１．６％上昇。品目のウエートを加味した際の分布で中央の値である「加重中央⁠値」は０．９％上昇となった。最も頻度⁠の多い上昇率である「最頻値」は１．４％上昇。

６月⁠の上昇品目の比率は７３．４％で、前月の７２．０％を上回った。下落品目‌の比⁠率は２２．０％で、前月の２３．４％を下回った。

日銀は３月から​消費者物価のコア指標を拡充して公表している。",[],[]
ＶＷのスペイン電池工場、中国・国軒高科が出資協議＝業界誌（ロイター）,https://news.yahoo.co.jp/articles/914596cd9b37e7bea4f384ab1dd2120ce3d82c02,https://newsatcl-pctr.c.yimg.jp/t/amd-img/20260728-00000088-reut-000-1-view.jpg?exp=10800,2026-07-28T14:18:28+09:00,2026-07-28T14:18:28+09:00,ロイター,reut,ロイター,524,"写真はフォルクスワーゲン（ＶＷ）のロゴ。2025年7月撮影。REUTERS/Dado Ruvic
[ベルリン ２７日 ロイター] - ドイツの自動車大手フォルクスワーゲ‌ン（ＶＷ）と提携先の中国電池メー⁠カー、国軒高科は、スペイン・バレンシアにあるＶＷの電池工場への国​軒の出資を巡り協議を進めている。スペインの業界誌「ラ‌・トリブナ・デ・アウトモシオン」が２７日、業界関係者の話として報‌じた。

協議の過程で、‌国軒高科の李縝最高経​営責任者（ＣＥＯ）が工場を視察するなど、高官‌レベルの訪問も行われているという。

工場はＶＷの新興電池事‌業ＰｏｗｅｒＣｏ（パワー​コ）が運営しており、今年末に‌生産を開始し、段階的に生産規模を拡大⁠する見通しだ。

パワーコはこの報道に関するコメントを控えたが、声明で、「パート⁠ナーとの提携の可能性を含​め、戦略‌的機会を定期的に評価している」と述べた。

国軒高科には営業時間外に取材を試⁠みたが、すぐにはコメントを得⁠られなかった。

報道によると、国軒高科はバレン⁠シア工場の合弁会社で過半数の株式を取得す‌る可⁠能性がある。

パワーコの広報担当者​は、同工場の経営権を手放す計画はないと述べた。",[],[]
バーナム英首相、次期予算案での印紙税変更を否定（ロイター）,https://news.yahoo.co.jp/articles/86880148bac3c23bebabf46a2077376ad63f0ef5,https://newsatcl-pctr.c.yimg.jp/t/amd-img/20260728-00000087-reut-000-1-view.jpg?exp=10800,2026-07-28T14:16:34+09:00,2026-07-28T14:16:34+09:00,ロイター,reut,ロイター,564,"写真は英国のバーナム首相。2026年7月24日、マンチェスターで撮影。 Christopher Furlong/REUTERS
[ロンドン ２７日 ロイター] - 英国のバーナム首相は２７日、住宅売買に課さ‌れる印紙税について、次期予算⁠案での変更を否定した。

次期予算案で印紙税を変更もしくは廃止するの​かと問われ、バーンナム氏は「それはない」と明言した。

土地・不‌動産に対する印紙税は前会計年度に政府に１６６億ポンド（２２１億ドル）の税収をもた‌らした。だがエコ‌ノミストの多くは、この税​が仕事のための転居や住み替えによる住宅の‌小型化を妨げ、在庫の有効活用を阻害したと指摘‌している。

２０日に首相に​就任したバーナム氏は記者団に‌対し、「今この時点で、そのような規模の計画を⁠進めようとしているわけではない。われわれが取り組もうとしているのは、課税をよ⁠り公平にすることだ」と語​った。

バーナ‌ム氏はこれまで、高齢化や軍の再建の必要性、さらに幅広い投資目標に伴う大き⁠な歳出圧力に国が直面する中、国民⁠に「もう少し多く」の納税を求める可能性が⁠あると述べていた。

労働党の２０２４年のマニフェストは、税‌収全⁠体の約３分の２を占める所得税、国民保険料、​付加価値税（ＶＡＴ）の税率引き上げを否定していた。",[],[]
「子供たちに暗い未来が待っている」スペイン・マヨルカ島でオーバーツーリズムへの抗議デモ（ロイター）,https://news.yahoo.co.jp/articles/83cd73b9685d1092e6ffba320542dca771125677,https://newsatcl-pctr.c.yimg.jp/t/amd-img/20260728-00010003-reutv-000-1-thumb.jpg?exp=10800,2026-07-28T14:05:41+09:00,2026-07-28T14:05:41+09:00,ロイター,reut,ロイター,601,"スペインのマヨルカ島で26日、観光客が島の文化と環境を損なっているとして、大勢の住民が街頭に繰り出し、オーバーツーリズム（観光公害）に抗議するデモを行った。

「人口が増えている上、観光客の数も増加しているのは明らかだ。しかし、資源もインフラも追いついていない。当然のことながら、うんざりする。われわれ自身よりも、子供たちにとって暗い未来が待っていると感じている」

住民らは、マヨルカ島の文化と環境が損なわれているとして、観光に反対する大規模な抗議デモを行った。

「あらゆることが限界点にある。島との間の交通アクセスも、道路の渋滞もひどい状況だ。常に渋滞が発生しており、鉄道もさばききれない。列車がいつも満員で走っているのが分かる。それが毎日続いている。島だから仕方がない面もある。土地も、資源も、全てに限りがある」

スペインは2025年、過去最多となる9680万人の観光客を受け入れ、数十億ドルの収入を得た。

住民らによると、スペインの観光業は地元住民と環境への負担を一段と強めているという。

スペインは、フランスに次ぐ世界第2位の観光大国。2025年の観光客数は前年比3．2％増加した。

スペイン政府は、6─9月の観光収入が前年同期比10％増の730億ドル（約12兆円）に達すると見込んでおり、観光はスペインの経済成長を支える主要な原動力であり、欧州の他国を上回る成長を後押ししている。",[],[]
台湾、年次軍事演習で武器製造移転など検証へ　中国の攻撃想定（ロイター）,https://news.yahoo.co.jp/articles/cf8070c0153f2ddfff691ddb74bb6fee24357824,https://newsatcl-pctr.c.yimg.jp/t/amd-img/20260728-00000086-reut-000-1-view.jpg?exp=10800,2026-07-28T14:04:47+09:00,2026-07-28T14:04:47+09:00,ロイター,reut,ロイター,647,"台湾の台中市で年次軍事演習中に旗を振る台湾陸軍の兵士。2026年1月撮影。REUTERS/Ann Wang
[台北 ２８日 ロイター] - 台湾国防部（国防省）は２８日、来月実施する年次演習で武器生産ラ‌インの移転や民間工場の軍事転用の訓練⁠を行うと明らかにした。中国による攻撃で供給拠点が打撃を受けた場合でも、戦闘の​継続を可能にすることが狙い。

８月５─１４日に行う年に１度の大規模軍事演習「漢光」の一環で、‌中国が通常の軍事演習を装って台湾への全面侵攻の準備を進めるという想定でシミ‌ュレーションを実施す‌る。台湾軍は直ちに戦闘態勢を引き​上げ、即応演習を行う。

国防部の計画概要によると、‌訓練では台湾が有事に生産拠点を分散させつつ、軍を支えるために‌必要な生産量を維​持できるかどうかを検証する。

こうした訓練‌に焦点を置く背景には、中国が攻撃の初期段階で指揮⁠所や港湾、物流拠点、防衛産業施設のまひを狙うのではないかという懸念がある。

参謀本部作計室の呂文元少将⁠によると、訓練では台北にある武器​調達機関「軍‌備局」の第２０２工場について有事の移転をシミュレーションし、緊急命令発令後に「システム全体の組み⁠立て」を担う民間工場を動員する。

また、海上交⁠通路を開かれた状態に保ち、重要物資の輸送を保護す⁠る能力も検証する。海軍と海巡署は実際の兵員や装備、弾薬を‌用い⁠て合同訓練を行い、海巡署の巡視船の改修や​沿岸攻撃、海上での法執行、重要物資の護衛を演習するという。",[],[]
アップル次期ＣＥＯ「娯楽事業さらに伸ばす」、9月の就任控え抱負（ロイター）,https://news.yahoo.co.jp/articles/3cbf337218755184212d01f3c55e5f1017ca814b,https://newsatcl-pctr.c.yimg.jp/t/amd-img/20260728-00000085-reut-000-1-view.jpg?exp=10800,2026-07-28T13:36:43+09:00,2026-07-28T13:36:43+09:00,ロイター,reut,ロイター,641,"アップルのティム・クックＣＥＯ（右）と次期ＣＥＯのジョン・ターナス氏。ロサンゼルスで開かれたＴＶシリーズ「テッド・ラッソ」シーズン４のプレミア上映会で7月27日撮影。REUTERS/David Swanson
Rollo Ross

[ロサンゼルス ２７日 ロイター] - 米アップル次期最高経営責任者（ＣＥＯ）のジョン‌・ターナス氏は、９月の就任後、エ⁠ンターテインメント（娯楽）事業の勢いをさらに伸ばしていく意向を示​した。

同社は２０１９年、ストリーミングアプリ「アップルＴＶプラス」を通じてオリジ‌ナルのテレビドラマや映画の配信を開始。アカデミー賞作品賞を受賞し‌た「コーダ　あいのう‌た」、興行的に大ヒットし​た「Ｆ１／エフワン」、エミー賞を受賞した「ザ・ス‌タジオ」「テッド・ラッソ」などの作品でヒットを飛‌ばしてきた。

アップル​は昨年、サービス名からプラス‌を外し「アップルＴＶ」に変更した。

ターナス氏は、「テ⁠ッド・ラッソ」シーズン４のプレミア上映会の会場でロイターに対して、「アップルＴＶは今、非常に大き⁠な勢いに乗っていると思う」​と述べた。「‌素晴らしい番組、素晴らしいキャラクターやストーリーがたくさんある。この勢い⁠をさらに強めていきたい」と語⁠った。

上映会に姿を見せた現ＣＥＯのティム・クック氏も娯楽⁠事業の戦略について、「われわれが目指すのは『最高』‌で⁠あり、それを提供する上で本当に軌​道に乗ってきたと感じている」などとコメントした。",[],[]
インドネシア、中銀総裁辞任で金融政策に不透明感も＝Ｓ＆Ｐ（ロイター）,https://news.yahoo.co.jp/articles/275bcb6cd6712a526d1f80f6e7fd008798a2c781,https://newsatcl-pctr.c.yimg.jp/t/amd-img/20260728-00000084-reut-000-1-view.jpg?exp=10800,2026-07-28T13:19:47+09:00,2026-07-28T13:19:47+09:00,ロイター,reut,ロイター,821,"辞任したペリー・ワルジヨ氏。インドネシア中銀本部で23年1月撮影。REUTERS/Ajeng Dinar Ulfiana
[シンガポール ２８日 ロイター] - 格付け会社Ｓ＆Ｐグローバル・レーティングはインドネシア中央銀行総裁の突然の‌辞任について、今後の金融政策の方向性を巡る不透明⁠感が強まる可能性があるものの、格付けには直接影響しないとの見方を示した。

インドネシア中銀のペリー・ワ​ルジヨ総裁が２７日に辞任したことを受け、アナリストや投資家の間では中銀の独立性を巡る懸念が改めて‌広がり、インドネシア資産の重しとなった。

Ｓ＆Ｐは今月、インドネシアのソブリン格付けを投資適格級の長期「ＢＢＢ」、短期「Ａ―２」に‌据え置き、見通しは安定的‌とした。

Ｓ＆Ｐのソブリンアナリスト、レイン・イン​氏は「中銀の人事交代が当社のインドネシア格付けに直接的な影響‌を及ぼすことはない。ただ、金融政策の先行きや、変化する経済情勢に対する当局の‌政策対応を巡る不透明​感を一段と高める要因となる可能性がある」と述‌べた。

また「当社のインドネシアに対する格付けと見通しは、政策変更のペ⁠ースが安定し、実行リスクが後退するのに伴い、財政・対外収支への圧力が今後数カ月で和らぐという予想を反映している」と説明した。

イン⁠ドネシア中銀はプラボウォ大統領の高成長戦​略を支援するよう‌圧力を受けてきた。財政運営と中銀の独立性を巡る懸念から、通貨ルピアは６月に過去最安値まで下落した。

イン氏は「市場のボラティリ⁠ティーが高まる時期があったとしても、基調的な経済⁠・財政動向の回復は、それ自体が直ちに格付けに影響を及ぼすことには⁠ならない」と述べた。

一方で「インドネシアの財政または対外指標の悪化が一時‌的ではな⁠く、より長期化したり構造的な性質を帯びたりしてい​ると判断すれば、時間の経過とともに格下げリスクが高まる可能性がある」とした。",[],[]
さくらインターネットが通期上方修正、生成ＡＩ向け好調　260億円投資（ロイター）,https://news.yahoo.co.jp/articles/40600b7afa7c6c0e95b2e6c935273596cb1eb119,https://newsatcl-pctr.c.yimg.jp/t/amd-img/20260728-00000083-reut-000-1-view.jpg?exp=10800,2026-07-28T13:14:57+09:00,2026-07-28T13:14:57+09:00,ロイター,reut,ロイター,304,"さくらインターネットの田中邦裕社長（左）。首相官邸で４月撮影。 KAZUHIRO NOGI/Pool via REUTERS
[東京 ２８日 ロイター] - さくらイン‌ターネットは２８日、２０２７年３月期⁠の連結業績予想を上方修正​し、純利益を従来見通‌しの８億５０００万円から前年比約７倍の１５億‌円へ引き‌上げた。​生成ＡＩ（人工知能）‌の普及が進む中、‌画像処理​半導体（ＧＰＵ）を積‌んだサーバーの貸⁠し出しサービスが好調なため。

需要⁠に対応す​るた‌め、ＧＰＵサーバーやネットワーク機器⁠などに２６０億円⁠投資することを決定し⁠た。納入時期は２７年１月‌で、⁠金融機関から​の借り入れで賄う。",[],[]
フィリピン中銀総裁、大幅利上げの可能性「小さい」（ロイター）,https://news.yahoo.co.jp/articles/68c711031921c2b1c48c49685b959c5e3372698e,https://newsatcl-pctr.c.yimg.jp/t/amd-img/20260728-00000082-reut-000-1-view.jpg?exp=10800,2026-07-28T12:45:53+09:00,2026-07-28T12:45:53+09:00,ロイター,reut,ロイター,478,"フィリピン中央銀行のレモロナ総裁。米ワシントンで25年4月撮影。REUTERS/Elizabeth Frantz
[マニラ ２８日 ロイター] - フィリピン中央銀行のレモロナ総裁‌は２８日、直近２回の利上げ後、⁠大幅な金融引き締めを実施する可能性は小さいとい​う認識を示した。インフレリスクについては‌引き続き精査するとした。

記者団に対し、「可能性はある‌が、わずかだ」‌と述べた。

中銀は６月、主要​政策金利を０．２５％引き上げ４．７５％とした。４月に続き２会合連‌続の利上げとなった。レモロナ氏は、経‌済指標次​第でさらなる利上げの可能‌性があると述べた。

• レモロナ氏は、⁠ペソ安は世界的なドル高を反映したものだとした。

• ペソ安による輸⁠入コスト上昇がインフ​レに影響‌を与える可能性があると指摘した。

• 中銀は先週、為替市場で小⁠規模な介入を行った。

• マルコス⁠大統領が議会での演説で発表し⁠た最近の賃上げや税制措置がインフレに‌及ぼ⁠す影響については、なお試​算中だという。

• 中銀は８月２７日に金融政策を見直す。",[],[]
ＪＰＸが通期上方修正、売買代金の前提見直し　株は1日平均2.7兆円増（ロイター）,https://news.yahoo.co.jp/articles/b23d5f612557b829c8533e33feb2f0533e4bb69a,https://newsatcl-pctr.c.yimg.jp/t/amd-img/20260728-00000081-reut-000-1-view.jpg?exp=10800,2026-07-28T12:36:24+09:00,2026-07-28T12:36:24+09:00,ロイター,reut,ロイター,346,"2014年12月15日、東証で撮影。REUTERS/Yuya Shino
[東京 ２８日 ロイター] - 日本取引所‌グループ（ＪＰＸ）は２８日、２０２７年３月期の連⁠結業績予想（国際会計基準）​を上方修正し、純利益の‌見通しを９８５億円に引き上げた。‌期初では２．１％の減‌益を見込んで​いたが、２４．５％の増益‌予想に転じた。最近の市況‌動向​を踏まえ、業績の‌前提となる１日平⁠均の売買代金・取引高を見直した。

株の⁠売買代金は１日平​均２兆７０００億‌円積み増し、１０兆２０００億円とした。ＴＯＰＩＸ先物取引は１０００単位増⁠の８万７０００単位とした。

年⁠間配当予想も従来⁠の１株６１円から７７円へ増額した。中‌間期⁠は３０円から３８円に、期​末は３１年から３９円に引き上げた。",[],[]
再送-〔マクロスコープ〕防衛新興に熱視線（下）起業の壁なお厚く　資金調達は難路（ロイター）,https://news.yahoo.co.jp/articles/e2e487de2f58f50ac7cace97c8a307193de4637f,https://newsatcl-pctr.c.yimg.jp/t/amd-img/20260728-00000079-reut-000-2-view.jpg?exp=10800,2026-07-28T12:22:51+09:00,2026-07-28T16:04:45+09:00,ロイター,reut,ロイター,2109,"写真は2024年11月、都内で撮影。REUTERS/Issei Kato
(ＤＢＪの運用ルールに関する説明を明確にして再送しました。)

Yusuke  Ogawa

［東京　２８日　ロイター］ - 事業アイデアは面白い。でも、投資はできない――。防衛分野での起業に際しベンチャーキャピタル（ＶＣ）からそう告げられ、米国で会社を設立した若手経営者もいる。日本を取り巻く安全保障環境が悪化する中、‌今春に武器輸出の制限が緩和されたこともあり、防衛ビジネスへの関心は高まりつつある。だが、投資家の慎重姿勢や政府調⁠達に伴う収益性の低さなどが、事業化の前に立ちはだかる。

「トランプ氏が大統領に返り咲き、地政学リスクが高まると考えた」

米カリフォルニア州に拠点を置くスタートアップ企業、ブルワーク・ダイナミクス共同創業者の椎名悠太氏（２３）は、防衛分野で起業した理由をこう話す。同社が開発を目指しているの​は、物資輸送用の無人水上艇（ＵＳＶ）。安全保障を専門とする大学教授らに相談を重ね、台湾有事における海上補給の脆弱性に着目した。

慶応大生の椎名氏は当初、日本での起業を模索した。しかし、「防衛」の二文字が絡むだけで、国内ＶＣの投資判断のハードルは高くなった。

理由に‌ついて、「ＶＣファンドに出資するリミテッドパートナー（ＬＰ）が、防衛分野への投資に消極的だから」と説明されたという。舟艇自体に殺傷能力はないが、中核的な防衛装備品に近づくほど、投資家の目線は厳しくなる。結局、椎名氏は２０２５年５月に米国で会社を設立した。

＜投資縛るサイドレター＞

日本ベンチャーキャピタル協会（ＪＶＣＡ）の幹部によ‌れば、一部のＬＰはレピュテーションリスク（企業の評判を害する恐れ）などを‌理由に、防衛分野への投資を制限するサイドレターをＶＣと取り交わしている。

政府系の日本政策投資銀行（ＤＢＪ）は５月に運用ルール​を変更し、ＬＰ出資するＶＣファンドによる国内の防衛関連企業への投資を事実上解禁したが、ほかの大手民間金融機関は依然として投融資には慎重姿勢とされる。

事業会社系のコーポレートベンチャーキ‌ャピタル（ＣＶＣ）では、別の事情も絡む。例えば、親会社のビジネスが中国市場に依存している場合、本業への影響懸念が「見えない制約」となり、投資担当者が有望と判断しても出資できないケースは少なくない。

とはいえ、防衛分‌野は予算の増額が続くほか、高市早苗政権が掲げる「戦略１７分野」に​含まれるなど、産業の裾野の広がりが期待されており、中には積極投資に乗り出したＶＣもある。

国内大手のコーラル・キャピタルは代表‌格で、５月に米新興のアンドゥリル・インダストリーズへの出資を発表した。アンドゥリルはＡＩを駆使した自律型ドローンや軍用無人車両、前線での指揮統制システムなどを開発し、企業評価価値は１０兆円規模に達する。⁠昨年１２月には、日本市場に進出した。

コーラルの矢野莉恵パートナーは「アンドゥリルで経験を積んだ日本人エンジニアらが将来起業し、国内の防衛エコシステムを進化させていくことにも期待したい」と語る。同社は今後、日本発の防衛テック企業への出資を拡大する方針だという。

ほかにも、元国家安全保障局長の北村滋氏が代表を務めるコンサルティング会社「北村エコノミックセキュ⁠リティ」は、最大３００億円を運用するファンドを立ち上げ、今秋から防衛スタートアップなどへの投資を進める計画を​明らかにしている。

＜急成長の道は険しく＞

起業家にとっての‌壁は、資金調達だけではない。防衛分野では、製品に高い品質や安全性が求められるのは勿論、政府調達に時間がかかり、実証実験から本契約まで数年を要する。短期間での急成長を目指すスタートアップとは、本来相性が良くない。

東京大で起業支援を手がける馬田隆明氏は、「改善されつつあるとはいえ、防衛事業は（調達制度などを背景に）利益率が⁠良くないこともあり、日本で時価総額１兆円を超える企業を目指すのはかなり難しいように見える」と分析する。

海外では、攻撃系の軍事製品・システムを⁠手がける新興テック企業が、資本市場からの評価を高めているが、「日本のスタートアップがそうした戦略を取るのは、市場構造的にも、社会的受容性の観点からも困難ではないか」と述⁠べた。

＜問われる覚悟＞

ただし、事業化における最も大きな障壁は、通常のスタートアップとは異なる「責任」かもしれない。

元海上自衛官で、軍民両用技術に詳しい立教大の大庭弘継特任教授は、「防衛分野に参入した時点で、‌その企業は人命に関⁠わる領域で責任を負うことになる。途中での事業撤退は、自衛隊の活動や国家の安全保障に悪影響を与える可能性もある」と指摘する。

その上で、​ロシアによるウクライナ侵攻を例に挙げて「戦時には自社が攻撃対象になりうることを覚悟する必要がある」との考えを示した。

（小川悠介　編集：橋本浩） 

※〔マクロスコープ〕防衛新興に熱視線（上）官民で先端技術取り込み　開発スピード魅力",[],[]
豪中銀総裁、基調インフレ依然高い　物価抑制へ追加利上げの用意（ロイター）,https://news.yahoo.co.jp/articles/01bc7ab9228c80c1c3a0a8bfc8fe29584177db93,https://newsatcl-pctr.c.yimg.jp/t/amd-img/20260728-00000078-reut-000-2-view.jpg?exp=10800,2026-07-28T12:22:45+09:00,2026-07-28T12:26:20+09:00,ロイター,reut,ロイター,886,"2026年3月17日、シドニーで記者会見するブロック総裁。 REUTERS/Hollie Adams
［シドニー　２８日　ロイター］ - オーストラリア準備銀行（ＲＢＡ）のブロック総裁は２８日、基調インフレ率が依然として高すぎると警‌告し、物価を抑制するためには内需のさらなる鈍化が⁠必要になる可能性があると指摘。必要であれば再び利上げを行う用意があると表明した。

シドニーで講演したブロック氏は、​今年実施した３回の利上げが、インフレ率を２─３％の目標レンジに戻すのに十分なのか、大きな不確実要素だと指摘し‌た。

利上げの完全な影響はまだ経済全体に及んでいないものの、基調インフレ率が依然として高すぎるとし、イラン紛争に起因す‌る原油高が広範に波及するにつ‌れて、インフレ率がさらに上昇する可能性が​あると述べた。

「インフレ率を持続的に目標まで引き下げるためには、需要の伸‌びをさらに鈍化させることが必要になる可能性が高い」と述べ、労働市場もさらに冷え込む必‌要があるとした。

「理事会​は責務を達成するために必要な行動を取る用意が‌あり、必要であればキャッシュレートをさらに引き上げることも含まれる」と語⁠った。

２月から５月にかけての３回の利上げによって、２５年に実施された金融緩和は完全に打ち消された。市場は８月利上げの確率を約３０％織り込んでいる。

ブロック氏は講演の大部分を供給側の⁠ショックに割き、足元の原油高は、中東紛争​が経済全体に及ぼす影‌響をまだ判断できる段階にないことを浮き彫りにしたと指摘した。

これまでのところ、総合インフレ率への影響は当初懸念されていたよりも小⁠さいが、より多くの企業がコスト増を消費者に転嫁しようとし⁠ているとし、「このような環境下、われわれの仕事は、インフレ期待をつな⁠ぎ留め、ショックがインフレ率の持続的な上昇につながらないようにすることだ」と‌述べた。

経済⁠は予想通り減速しているが、住宅市場の弱含みは予測以上で、​住宅価格の変動が家計支出や投資判断にどのような影響を与えるかを注視しているとした。",[],[]
マクロスコープ：防衛新興に熱視線（上）官民で先端技術取り込み　開発スピード魅力（ロイター）,https://news.yahoo.co.jp/articles/bb8fa054fdb351202ad59457b2308c675760e687,https://newsatcl-pctr.c.yimg.jp/t/amd-img/20260728-00000077-reut-000-1-view.jpg?exp=10800,2026-07-28T12:17:54+09:00,2026-07-28T12:17:54+09:00,ロイター,reut,ロイター,2445,"都内の防衛省庁舎。4月6日撮影。 REUTERS/Issei Kato
Kentaro Okasaka

[東京 ２８日 ロイター] - 日本の防衛・安全保障分野で、民間スタートアップが持つ先端技術を取り込もうとする官民の動きが強まっている。防衛省・防衛装備庁は従来の大手重工メーカー中心の調達に加え、人工知能（ＡＩ）や無人機、宇宙、通信、サイバーなどの分野で新興の技術を防衛力に生かす仕組みづくりを急ぐ。

ただ、国内では防衛分‌野に慎重な空気感が残り、資金調達が難しく米国での起業を選んだ若者もいる。急成長を求める起業家とのミスマッチを指摘する声もある。現状と課題⁠を上下２回で探る。

＜ソフト化で変わる防衛技術＞

「もはや民生用の技術と安全保障用の技術の区別が難しい時代となった。両分野の境界線を越え、防衛生産技術基盤の強化を進めていく」。小泉進次郎防衛相は５月、名古屋市のスタートアップ企業を訪問し、こう語った。

防衛当局がスタートアップに目を向ける背景には、必要とされる防衛技術そのものの変化がある。従来、日本の防​衛産業は三菱重工業や川崎重工業などの大手メーカーが艦船、航空機、ミサイル、車両などのハードウェア製造を担ってきた。だが長年、防衛装備の輸出が制限され、防衛省以外に売り先が乏しかったこともあり、技術開発のサイクルは遅くなりがちだった。

一方、民生分野で先端技術を磨くスタートアップは意思決‌定や開発スピードの速さが強みだ。当局者は「装備品の性能発揮のカギはソフトウエアが握るようになっている。そうした分野でスタートアップが重要な技術を持つようになっており、連携を進めていくことが課題だ」と話す。

＜環境整備に動く当局＞

こうした流れに呼応するように、政府系金融機関や公的ファンドが相次いで方針転換を決めた。日本政策投資銀行（ＤＢＪ）は最近、国際条‌約で禁止される非人道兵器を除き、武器関連製品事業への投資制限を撤廃した。国が‌設置した１０兆円規模の大学ファンドを運用する科学技術振興機構（ＪＳＴ）も、防衛関連企業への投資制限の緩和を決めた。

防衛当局も、防衛産業への参​入を促し、優れた技術を迅速に装備品に活用するため「ファストパス調達」や「スタートアップ随契」など機動的な調達制度の整備を進めるほか「スタートアップ活用伴走支援グループ」も設置。４月にはスタートアップやベンチャ‌ーキャピタル（ＶＣ）関係者を集めた交流イベントを開催した。小泉防衛相は「新しい戦い方」への対応にはスタートアップの力が不可欠だと訴えた。

＜参入模索＞

若手主導のスタートアップからは、防衛分野への参入を模索する動きが相次ぐ。

２０２５年設立の「ＳｏｌａＮｉｋａ（ソラニカ）」の菊池舞代表（２９）は、次世代イ‌ンフラとして期待される「レーザー無線給電システム」の実用化を急ぐ。飛行す​るドローンの受光セルにレーザーを追尾・照射し続ける技術で、長時間の連続飛行を可能にする。自衛隊の基地警備などへの採用を目指す菊池‌氏は「レーザーを当て続ければ、バッテリー交換や充電の必要なく、ずっと空から監視することができる」と説明する。「スタートアップの先端技術は、これまで実現が難しかったことを可能にし、民生や防災、安全保障など幅広い分野で新⁠たな価値を生み出す可能性がある」

宇宙スタートアップ「ｃｏｓｍｏｂｌｏｏｍ（コスモブルーム）」は、膜などの柔軟構造物を宇宙空間で精密に展開する技術を活用した「膜面アンテナ」の開発を進める。ロケット打ち上げ時には小さく折り畳み、宇宙で大きく広げ、将来は携帯電話やパソコンなどの端末との直接通信に活用する構想だ。離島や国境地帯の通信インフラ整備も念頭に、防衛当局との協議も進める。福永桃子代表（３１）は「宇宙技術は人々の暮らしや社会インフラを支える重要な⁠基盤になると考えている。民生向けを軸に安全保障など社会に必要とされる用途にも貢献し、日本のために役立ちたい」と話す。

＜マッチング​の場＞

ただ、スタートアップにとっては自衛隊の実際の運用ニ‌ーズや作戦コンセプトを理解していなければ、防衛分野への進出は難しい。こうした壁を取り払うため、民間主導の新たなマッチングの場も生まれている。

元航空自衛官の上村康太氏（４８）が社長を務める「ＢＬＵＥ　ＶＥＣＴＯＲ（ブルーベクター）」は、退職自衛官のプロチームを擁し、スタートアップの防衛参入に伴走する。上村氏は「スタートアップの皆さんは防衛のニーズが分からず、情報の非対称性が問題だった。元自衛官が出ていって現場感⁠を持ってそのニーズを伝えれば、各スタートアップが事業仮説を立てられる。そうすると投資家との関係も良くなり、好循環を生み出せる」と語る。

共同創業者の前原剛氏（２５）は滞在⁠していたウクライナで戦争のぼっ発を目撃した。前原氏は「東アジアでも安全保障環境が厳しさを増す中、防衛予算が増えても、その多くが海外製品の調達に流れては国内の先端技術が育たない」と語る。さまざまな領域の民間⁠企業や投資家らを巻き込んだエコシステム（生態系）構築に向け今月、大規模な防衛参入イベントを共催。今後は精度の高い情報で自衛隊の実際の運用ニーズを解説し、共同開発等を調整する取り組みを本格的に始動するという。

海外では、スタート‌アップの防衛産業への活用⁠が日本より進んでいる。新興防衛企業アンドゥリル・インダストリーズやデータ解析企業パランティア・テクノロジーズが代表的だ。ウクライナ戦争でドローンやＡＩなど先端技​術が投入されていることも、日本でのスタートアップ活用論への追い風になっている。防衛予算の拡大を国内の技術力と産業基盤の強化につなげられるかどうかが問われている。

（岡坂健太郎　編集：橋本浩）

※〔マクロスコープ〕防衛新興に熱視線（下）起業の壁なお厚く　資金調達は難路",[],[]
ＭＬＢ＝ブレーブス、アクーニャがＩＬから復帰　1か月半ぶり（ロイター）,https://news.yahoo.co.jp/articles/71e28517fdde8a55c2cf31ccd823684e27283abe,https://newsatcl-pctr.c.yimg.jp/t/amd-img/20260728-00000076-reut-000-1-view.jpg?exp=10800,2026-07-28T12:14:32+09:00,2026-07-28T12:14:32+09:00,ロイター,reut,ロイター,472,"ＭＬＢブレーブスは２７日、ロナルド・アクーニャ外野手を１０日間のＩＬから復帰させ、同日のメッツ戦に先発起用した（２０２６年　ロイター/Imagn Images）
［２７日　ロイター］ - 米大リーグ（ＭＬＢ）ブレーブスは２７日、‌ロナルド・アクーニャ⁠外野手（２８）を１０日間の負傷者リスト（ＩＬ）か​ら復帰させ、同日のメッツ戦に先発‌起用した。

アクーニャは「１番・右翼」で先発出‌場し、４打数１安打、１得点、２三‌振だった。ブ​レーブスは３─１４で大敗した。

オ‌ールスターに５度選出されているア‌クーニャ​は今季５３試合に出場し、‌打率２割５分１厘、７本塁打、２２打点、１５盗塁を記録。左⁠太もも裏の張りにより、６月９日を最後に出場していなかった。⁠今季は故障​に悩まさ‌れており、同じけがで５月にも２週間以上戦列を離れ⁠ていた。

２０２３年のナショナル・⁠リーグ最優秀選手（ＭＶＰ）に輝い⁠たアクーニャは、１８年のメジャー‌デビ⁠ュー以降、通算８７０試合で打​率２割８分７厘、１９３本塁打、４８１打点、２２０盗塁をマークしている。",[],[]
〔ロイターネクスト〕片山財務相、来年度予算の国債発行「現時点で上限設けず」　投機的な動きけん制も（ロイター）,https://news.yahoo.co.jp/articles/5f3b29874ebb4224334f2115ca92e5b3b2ccf0f9,https://newsatcl-pctr.c.yimg.jp/t/amd-img/20260728-00000075-reut-000-3-view.jpg?exp=10800,2026-07-28T12:02:02+09:00,2026-07-28T13:20:18+09:00,ロイター,reut,ロイター,906,"都内で開催されたロイターNEXTニュースメーカー・イベントで講演する片山さつき財務相。2026年7月28日撮影。REUTERS/Manami Yamada
Tamiyuki  Kihara

［東京　２８日　ロイター］ - 片山さつき財務相は２８日、都内で開かれたＬＳＥＧのイベント「ロイターＮＥＸＴニュースメーカー」に登壇し、来‌年度予算編成に向けた国債発行について、現時点では⁠上限を設けないとする一方、国債市場で投機的な動きを招かないことが重要だと述べた。高市早苗首相の政策方針を​不安視する市場の見方に配慮した発言とみられる。

高市政権が財政運営目標の中核に「債務残高対ＧＤＰ（国内総生産）‌比」の安定的低下を掲げる中、いかに市場の信認を得るかは政権の大きな課題となっている。高市氏は２７日、「通年の国債発行‌額などの具体化を通じて財政の‌持続可能性を確保する」とした上で、「責任ある​積極財政への転換を進めるにあたり、市場とのコミュニケーションを透‌明性高く、かつ丁寧に行う」とも語っていた。

片山氏はイベントで国債発行について、市場と‌の対話の中で信認が得られ​るものでなければならないとの考えを示した。「異常な、‌投機的な相場を国債市場において招くことがないということは非常に重要」⁠と強調する一方、政権が進める「責任ある積極財政」に触れ、「成長のスイッチを押して、押して、押しまくって成長しなければ財政にいい影響が出て⁠こない」とも述べ、政策の正当性をアピール​した。

また、年金積立金管‌理運用独立行政法人（ＧＰＩＦ）の基本資産構成割合（基本ポートフォリオ）見直しについては、ＧＰＩＦの運用ルールがすでに決まっていると説明し、具体的⁠な手法に踏み込まなかった。一方、日本経済が成長すれば⁠国債も相対的に有利な商品になるとも話した。

消費減税や防衛費の増額など高市⁠氏が推し進める政策の財源確保は「歳入・歳出をともにしっかりと見直していく」中‌で確⁠保すると述べた。ここでも市場との対話が随時必要になるとの​考えを示し、「信認を確保していると（市場から）みられることが大事だ」とも語った。",[],[]
午前の日経平均は急落、半導体株売りで4％超安　中国勢台頭を警戒（ロイター）,https://news.yahoo.co.jp/articles/818fc632ebf9092ade631848661b9b1e88a170d9,https://newsatcl-pctr.c.yimg.jp/t/amd-img/20260728-00000074-reut-000-1-view.jpg?exp=10800,2026-07-28T11:55:18+09:00,2026-07-28T11:55:18+09:00,ロイター,reut,ロイター,1121,"写真は2020年10月、東京証券取引所で撮影。 REUTERS/Issei Kato
Mayu Sakoda

[東京 ２８日 ロイター] - 前場の東京株式市場で日経平均は反落し、前営業日比４．４４％（２８８４円７３銭）安の６万２０４６円４６銭となった。前日の米国市場で半導体株が売‌られた流れを引き継いだほか、半導体製造装置を巡り、中⁠国勢の技術力向上による競争激化への警戒感が強まった。東京市場では人工知能（ＡＩ）や半導体関連株を中心に売りが膨らみ、日経平均​は一時、４．５０％（３０００円）超安となった。

・日経平均は０．６％（３９１円２７銭）安で寄り付いた後も下げ幅を拡大し、前場終盤で４．６３％（３００４円１７銭）安の６万１９２７円０２銭まで下落。指数寄与‌度の高い半導体関連株が急落し、日経平均を押し下げた。

・時間外取引での米株先物指数やアジアの主要株価指数は軒並み下落し、世界的‌なリスクオフムードが広がる。‌韓国の総合株価指数（ＫＯＳＰＩ）は９％超安に。

・米ニュースサイト​のジ・インフォメーションによると、中国は国内で開発した液浸型深紫外線（ＤＵＶ）露‌光装置の製造を開始した。市場では、中国勢の技術力向上による競争激化への警戒感が強まる。

・今週‌はマイクロソフト、アマゾ​ン・ドット・コムなどのハイテク大手が決算を発表す‌る予定で、見極めムードも広がる。

・ＴＯＰＩＸは２．７５％安の３９５４．３０ポイントで午前の取引を終了。東証プライム市場の⁠売買代金は４兆７０２１億１５００万円。

・東証３３業種では、値上がりが空運、陸運、小売りなど７業種、値下がりが非鉄金属、電気機器、ガラス・土石製品、機械など２６業種。

・主力株では、キオクシアホールデ⁠ィングスが１８％超安、イビデンが１２％超安、東京エレクトロン、​アドバンテストが１０％超安、‌ソフトバンクグループが６％超安。

・半面、ＳＨＩＦＴは４％超高、富士通、ニチレイは３％超高としっかり。

・東証プライム市場の騰落数は、値上がりが４３４銘柄（２７％）、値下がりは１０９６銘柄（７０％）、変わらずは２６銘柄（１％）。

＜ＳＢＩ証券　投資⁠調査部長　鈴木英之氏＞

「相場が弱い局面では、中国企業の台頭といっ⁠たネガティブな材料にも過剰に反応しやすく、投資家心理が一段と悪化しやすい」

「ファ⁠ンダメンタルズに大きな変化はないものの、米ハイテク大手の決算発表を前に市場が神経‌質になる⁠中、これまで積み上がっていた資金の逆回転が止まらない」

「逆回​転局面では信用取引の追い証発生も売りを加速させやすく、下落が下落を呼ぶ展開になりやすい」",[],[]
対米投融資計画への米銀参画、「着実な実施に重要」＝片山財務相（ロイター）,https://news.yahoo.co.jp/articles/c0b71554cd5b4599e182f8726494a9b674e63ef2,https://newsatcl-pctr.c.yimg.jp/t/amd-img/20260728-00000073-reut-000-1-view.jpg?exp=10800,2026-07-28T11:52:15+09:00,2026-07-28T11:52:15+09:00,ロイター,reut,ロイター,392,"写真は片山さつき財務相。2026年5月、フランス・パリで撮影。REUTERS/Tom Nicholson
［東京　２８日　ロイター］ - 片山さつき財務相は２８日の閣議後会‌見で、日米関税交渉で⁠合意した戦略投資計画の天然ガス発電施設建​設に向け外国銀行による融資を検討している‌ことについて、詳細は控えるとした上で、ド‌ル調達の懸念‌があるとしたら、​米銀の参画により「ドル調‌達に問題は全くないことになるので、‌戦略投資イ​ニシアチブの着実な実‌施の上では重要なことだ」⁠と評価した。

ロイターは２１日、日米両国が合意した５５００億ドル（約８９兆円）⁠の対米投融資に、​複数の大‌手米銀が参画する方向で調整が進んでいるとし、多額⁠の融資に伴うドル調達⁠が日本の金融機関の課題となる⁠中、豊富なドル資金を有する米銀の‌参画⁠はプロジェクト推進の​追い風になる可能性があると報じた。",[],[]
ＩＣＣ新検察官選び難航か、米の圧力と相次ぐ加盟国離脱で（ロイター）,https://news.yahoo.co.jp/articles/007639e0b5c30841a275d1f061f6f999b1db45fe,https://newsatcl-pctr.c.yimg.jp/t/amd-img/20260728-00000072-reut-000-1-view.jpg?exp=10800,2026-07-28T11:48:37+09:00,2026-07-28T11:48:37+09:00,ロイター,reut,ロイター,1236,"写真は国際刑事裁判所（ICC）のカリム・カーン前主任検察官。2025年1月、オランダ・ハーグで撮影。REUTERS/Piroschka van de Wouw
Stephanie van den Berg

[ハーグ ２７日 ロイター] - 国際刑事裁判所（ＩＣＣ）は「重大な不正行為」を理由に解任されたカリム・カーン前主任検察官の後任選びという難題に直面している。ＩＣＣを‌弱体化させようとする米国の外交圧力や、加盟国の離脱が相次ぐ中で人⁠選を進めなければならないからだ。

チャドは２７日、ＩＣＣからの脱退に向けた正式手続きを開始したと発表した。ここ数カ月ではベネズエラ、ブルキナファソ、マリ、ニジェー​ルに続く５カ国目となる。

この発表の数日前には、ＩＣＣ加盟１２５カ国のうち８２カ国が、カーン氏を懲戒免職とする決定に賛成した。これにより新たな主任検察官の選出手続‌きが始まるが、具体的な選考方法はこれから協議される見通しで、選挙は来年以降になるとみられる。

ＩＣＣはカーン氏解任後も、裁判所としての任務を継続すると強調。「ＩＣＣは人類‌の良心を深く揺さぶる犯罪の被害者‌のため、説明責任の追及と司法の実現に引き続き断固として取​り組む」と表明した。

新検察官が選ばれるまでの間、検察局はフィジー出身のナザト・シャミーム・カ‌ーン副検察官と、セネガル出身のマメ・マンディアイ・ニアン副検察官が共同で運営する。

ただ専門家の間では、米国がＩＣＣへの圧‌力を強める中で、有力な候補者​を確保するのは容易ではないとの見方が出ている。

西オーストラリア大‌のメラニー・オブライエン教授（国際法）はロイターに「このような困難を伴う職に誰が名乗りを上げるだ⁠ろうか。米国の制裁対象になることが分かっているのに」と指摘した。

米国は、パレスチナ自治区ガザ情勢を巡りイスラエル指導者らに対してＩＣＣが発行した逮捕状の撤回や、米軍兵士に関する捜査の中止を求め⁠ている。関係者によると、米政府は各国にＩＣＣからの脱退を促す圧力​を検討しているという。

ベネズ‌エラは先週、正式な脱退手続きを開始したと発表した。同国ではＩＣＣが前政権による人道に対する罪の疑いを捜査していた。チャド、ベネズエラ両国は、ＩＣＣが非西側諸国を不当に標的にしている⁠と批判している。

またＩＣＣは、軍事政権が統治するブルキナファソ、マリ、ニジェールの３カ国⁠が正式に脱退手続きを開始したと明らかにしている。脱退の効力発生までには１年を要する。

欧州連合（ＥＵ）やＩＣＣの主要支⁠援国であるオランダ、日本などはＩＣＣへの支持と米国の姿勢への懸念を表明しているものの、組織を支援するため‌の具体策⁠は打ち出していない。

今後はＩＣＣ加盟国総会が数カ月以内に新主任検察官選出の具体的な手​続きを定める見通し。一方で法曹関係者からは、カーン氏解任を巡る手続きの透明性不足を批判する声も上がっている。",[],[]
バングラデシュ格付け見通しを「ネガティブ」に引き下げ＝Ｓ＆Ｐ（ロイター）,https://news.yahoo.co.jp/articles/3511e7f21532737de60ae0cc458fa3e5460c6968,https://newsatcl-pctr.c.yimg.jp/t/amd-img/20260728-00000071-reut-000-1-view.jpg?exp=10800,2026-07-28T11:45:39+09:00,2026-07-28T11:45:39+09:00,ロイター,reut,ロイター,477,"写真は2024年10月、ダッカのニューマーケット地区で撮影。REUTERS/Mohammad Ponir Hossain
[２７日 ロイター] - 米格付け会社Ｓ＆Ｐグローバルは２７日、バングラデシュ‌の長期格付け見通しを「安⁠定的」から「ネガティブ」に引き下げた。国内銀行セ​クターの脆弱さ、中東紛争に起因するエネルギーコス‌ト高騰、および既製服輸出市場の先行き不透明感を理‌由に挙げた。

世界第２位の‌衣料品輸出国であ​るバングラデシュは、信用格付けの‌土台となっている外貨準備高や輸出収入を脅‌かす恐れのあ​る国内外の逆風に直面し、‌経済回復の足場が覚束ない状況が浮⁠き彫りになっている。

Ｓ＆Ｐは「バングラデシュに対する当社の格付けは、１人当た⁠りの所得が低水準​であること、‌歳入創出能力の低さと政府の金利負担の高さが重なって財政の柔軟⁠性が限られていることを反⁠映している」と説明した。

バングラデシ⁠ュの長期および短期ソブリン格付けを「Ｂ＋／Ｂ」‌に⁠据え置いたが、今後３年間の経済成​長率は平均約４．５％にとどまる可能性を警告した。",[],[]
英ＨＳＢＣ、ＡＩ・資産運用業務を強化　シンガポールで200人超採用（ロイター）,https://news.yahoo.co.jp/articles/cbd936d1919e8d1345cfcd03b2c3e95406d45133,https://newsatcl-pctr.c.yimg.jp/t/amd-img/20260728-00000070-reut-000-1-view.jpg?exp=10800,2026-07-28T11:41:48+09:00,2026-07-28T11:41:48+09:00,ロイター,reut,ロイター,634,"写真はＨＳＢＣのロゴ。2025年7月、メキシコ市で撮影。REUTERS/Henry Romero
[香港 ２７日 ロイター] - 英金融大手ＨＳＢＣは、シンガポールで人工知能（ＡＩ）の専門家１００人超‌と資産運用担当者１００人を採用する。より⁠手数料収入が高い事業の拡大とＡＩ導入の加速に取り組む中、アジア成長戦略の中核​である２分野への投資を深める。

２７日の声明によると、この発表は２０２６年下半期に‌シンガポールにＡＩセンターを新設するのに合わせたもの。同センターは当初、‌顧客の資産運用に関す‌る対話の個別最適化、自律​エージェント型資金管理ソリューションの導‌入、ＡＩを活用したデジタル決済の拡大に注力する。

ジョルジュ・エレ‌デリー最高経営責​任者（ＣＥＯ）は５月、ＡＩは金融業界で一部の雇用を消‌失させる一方、新たな雇用を生み出すとし、こう⁠した課題に対応するため従業員の再教育を進めていると述べていた。

採用は、自然言語処理、デー⁠タサイエンス、ＡＩガバナンス、人​間中心設計の‌各部門で行う。ＨＳＢＣの広報担当者は、リレーションシップマネジャーをさらに１００人増員し、現地の資産⁠運用業務を強化する方針だと述べた。

一⁠方でＨＳＢＣは先週、非中核事業を縮小し、アジアの資産運用業務⁠と法人向け銀行業務に注力する一環として、シン‌ガポ⁠ールの生命保険・医療保険事業を独アリ​アンツに２７億シンガポールドル（２１億ドル）で売却することで合意した。",[],[]
外銀による融資実現なら外貨調達が一層円滑に＝対米投融資で経産相（ロイター）,https://news.yahoo.co.jp/articles/bcc9010203d6dda5f4c1198cbe4bc9c7c11c9041,https://newsatcl-pctr.c.yimg.jp/t/amd-img/20260728-00000069-reut-000-2-view.jpg?exp=10800,2026-07-28T11:39:27+09:00,2026-07-28T11:54:24+09:00,ロイター,reut,ロイター,569,"写真は参議院予算委員会で答弁する赤沢亮正経​済産業相‌。2026年4月撮影。REUTERS/Issei Kato
Kentaro Okasaka

[東京 ２８日 ロイター] - 赤沢亮正経済産業相は２８日の閣議後会見で、５５００億ドル（約９０兆円）の‌対米投融資で米銀による融資が⁠検討されていることについて「外国銀行による融資が実現すれば、​本イニシアチブ実施のための外貨調達が一層円滑になると‌いう意義があると考えている」と述べた。

対象は天然ガス発電施設の建‌設プロジェクトだ‌とし「その実施に向け、国​際協力銀行（ＪＢＩＣ）による融資に加え、日本‌貿易保険（ＮＥＸＩ）が融資保証を行う外国銀行による融資の供与‌を検討してい​る状況だ」と語った。

その上で「引‌き続き、特別なパートナーである日米の相互⁠利益の促進、経済安全保障の確保、経済成長の促進につながるプロジェクトの組成、⁠実施を進めていきたい」と​述べた。

米銀‌による融資検討は、財務省が２６日夜、公式「Ｘ」で明らかにしている。今年３月に発表した⁠第２弾プロジェクトのうち、天然ガ⁠ス発電施設の建設が対象になるとの見通しも⁠示した。ロイターは２１日、複数の米銀が参画する方‌向で⁠調整が進んでいると報道。候補とし​てＪＰモルガン・チェースが含まれるなどと報じた。",[],[]
中際旭創の香港ＩＰＯ、68億米ドル調達　アジアで今年2番目の規模に（ロイター）,https://news.yahoo.co.jp/articles/4c5832fc787bc711e3ba2b5fb64a27a8e4120fc5,https://newsatcl-pctr.c.yimg.jp/t/amd-img/20260728-00000068-reut-000-1-view.jpg?exp=10800,2026-07-28T11:35:07+09:00,2026-07-28T11:35:07+09:00,ロイター,reut,ロイター,643,"写真は2024年1月、香港で撮影。REUTERS/Joyce Zhou
Yantoultra Ngui　Roshan Thomas

[シンガポール ２８日 ロイター] - 中国の光通信部品大手、中際旭創は２８日、香港市場‌での新規株式公開（ＩＰＯ）の公開価格⁠を１株当たり９８０香港ドルに決定し、総額５３４億１０００万香港ドル（６８億１０００万米ドル）を調達したと発表した。​今年のアジア市場でのＩＰＯとしては２番目の規模となり、３０日に上場する。

同社が‌売り出したのは５４５０万株のＨ株。公開価格は、当初設定していた仮条件レンジ上‌限の１株１０１０香港ドルは下回っ‌た。

ＬＳＥＧのデータによると、今回の​調達額は２０１９年にアリババグループが香港市場に重複‌上場して約１２９億ドルをつけた時以来、同市場では約７年ぶりの‌大型上場となった。​今年のアジア市場では、中国‌メモリー半導体大手の長鑫存儲技術（ＣＸＭＴ）による約８６億米⁠ドルの上海上場に次ぐ規模となった。

中際旭創は、光ファイバー通信による高速データ伝送を可能⁠にする光トランシーバーを​製造して‌いる。これらの製品はデータセンターやクラウドコンピューティング網、人工知能（ＡＩ）⁠システムなどで広く利用されてい⁠る。

同社の上場は、中国政府がＡＩ産業の育成を進める中⁠で実施された。調達資金は研究開発の強化、海外生産‌能力⁠の拡大、サプライチェーンの高度化、​企業買収、運転資金などに充てる予定だとしている。",[],[]
韓国、個人投資家の個別株レバレッジＥＴＦ投資に上限検討＝報道（ロイター）,https://news.yahoo.co.jp/articles/918b5e969a3d74278b08aa66145a3c901c8ede51,https://newsatcl-pctr.c.yimg.jp/t/amd-img/20260728-00000067-reut-000-1-view.jpg?exp=10800,2026-07-28T11:33:15+09:00,2026-07-28T11:33:15+09:00,ロイター,reut,ロイター,495,"ETF（上場投資信託）と暗号通貨のイメージ写真。2025年10月撮影。REUTERS/Dado Ruvic
[ソウル ２８日 ロイター] - 韓国の金融規制当局、金融委員会（ＦＳＣ）の李‌億遠委員長は２８日、個人投資家に⁠よる個別株レバレッジ型上場投資信託（ＥＴＦ）への投資につ​いて、必要に応じて上限を設けることを検討する方針‌を示した。現地メディアが報じた。

李氏はソウルで開かれ‌た証券会社や資産‌運用会社との会合で、​投資家１人当たりの投資総額に上限を設‌けるなど、こうしたＥＴＦ商品への需要を抑制す‌る追加措置を​検討・準備すると述べた。

当局‌は個人投資家がこうした商品に投資⁠する際の最低預託金を引き上げる措置もすでに発表している。これらＥＴＦは大⁠半がサムスン電子とＳＫハ​イニック‌スの半導体大手のいずれかに連動している。

２８日のソウル株式市場でサム⁠スン電子は一時９％超、ＳＫハイニック⁠スは１１％超、それぞれ下落。人工知能（ＡＩ）インフラ⁠投資に絡む資金調達リスクへの懸念が高‌まっ⁠たほか、中国との競争激化も不​安材料となり、ＡＩ関連株の売りが加速している。",[],[]
三菱電機、衛星関連の米スタートアップに出資　安保分野の情報提供で協業（ロイター）,https://news.yahoo.co.jp/articles/8335d5a12218d36a2341a599951caa98bade73d5,https://newsatcl-pctr.c.yimg.jp/t/amd-img/20260728-00000066-reut-000-1-view.jpg?exp=10800,2026-07-28T11:31:05+09:00,2026-07-28T11:31:05+09:00,ロイター,reut,ロイター,328,"写真は三菱電機のロゴと小型衛星の模型。2025年3月撮影。REUTERS/Dado Ruvic
[東京 ２８日 ロイター] - 三菱電機は２８日、衛星関連‌の米スタートアッ⁠プ、アレイ・ラボに１０００万ドル（約１６億円）を​出資すると発表した。アレイ・ラボ‌は、弾道ミサイルなど空中を移動す‌る目標を‌衛星からより正確​に検出・追跡する‌技術を開発しており、両社は主‌に安全保​障分野向けの情報‌提供サービスの事業化⁠で協業する。出資比率は非公表。

三菱電機は今月２日、衛⁠星事業者向け​地上‌局サービスを手掛けるインフォステラの買収⁠を発表した。宇宙⁠・防衛分野で必要とされる⁠技術が急速に変化する中、‌スタ⁠ートアップとの連​携を相次いで進めている。",[],[]
インド食品当局、「エナジードリンク」の名称使用中止を命令（ロイター）,https://news.yahoo.co.jp/articles/66f8ed53237e3ecf9441bb7cd81dd7c117dd6f9f,https://newsatcl-pctr.c.yimg.jp/t/amd-img/20260728-00000065-reut-000-1-view.jpg?exp=10800,2026-07-28T11:27:02+09:00,2026-07-28T11:27:02+09:00,ロイター,reut,ロイター,980,"インド・ニューデリーにある店内で販売用に陳列されているスティングの缶。2026年7月27日撮影。REUTERS/Bhawika Chhabra
Aditya Kalra

[ニューデリー ２７日 ロイター] - インド食品安全基準局（ＦＳＳＡＩ）が、「エナジードリンク」の名称で販売している高カフェイン‌飲料について、この名称の使用を中止するようメーカー側⁠に命じたことが分かった。ＦＳＳＡＩとメーカーは２４日の協議で表示変更に合意し、ＦＳＳＡＩは９０日間の猶予期間を設けた。関連文書や情報筋の話で明ら​かになった。

高カフェイン飲料の小売売上高は２０２８年までに１６億ドルに達し、年率で１２．６％の成長が見込まれている。これは米国や‌中国を上回るペースだが、今回の措置が今後の販売に影響する可能性がある。

ＦＳＳＡＩは７月上旬、こうした製品に関するインドの基準は存在せず、「‌心身を活性化させる」もしく‌は「全身の倦怠感を和らげる」といった表示​は誤解を招くものだとメーカー各社に通告したと交流サイト（ＳＮＳ）で明らかにしてい‌た。

関連文書や情報筋によると、ＦＳＳＡＩは協議でこうした製品を手がける米ペプシコやレッドブル、モンスター‌・ビバレッジ、大富豪ムケ​シュ・アンバニ氏が率いるリライアンス、ヘル・エナ‌ジーに対して「エナジードリンク」という名称、または類する表現の使用を中止⁠するように命じた。これに対し、メーカー側は即効性のエネルギー効果をうたって築き上げたブランドイメージが損なわれ、販売に支障を来すことに懸念を示し⁠た。

エナジードリンクは大量のカフェインや糖分、​アミノ酸の一種であ‌るタウリンを含むため、世界の規制当局の一部が健康への影響を懸念している。英国では来年４月から１６歳未満への高カフェインを含むエナジードリンクの販⁠売が禁止される予定だ。パキスタンの一部の地域では、こ⁠れらを「刺激飲料」と呼称することが義務付けられている。

インドのエナジードリンク市⁠場は、ペプシコが「スティング」を発売したことをきっかけに急成長した。調査会社‌ユーロモ⁠ニターによると、スティングの定価２０ルピー（０．２１ドル）のペットボトル入り​製品は１５歳から１９歳の若年層や農村部の間で人気を博し、ペプシコが市場をリードする要因となった。",[],[]
中国ＢＹＤ、軽ＥＶ「ラッコ」発売　実質価格200万円切る（ロイター）,https://news.yahoo.co.jp/articles/c59efd40c967fd46da8e039c3d3abde04bc26208,https://newsatcl-pctr.c.yimg.jp/t/amd-img/20260728-00000064-reut-000-4-view.jpg?exp=10800,2026-07-28T11:16:08+09:00,2026-07-28T17:04:55+09:00,ロイター,reut,ロイター,1230,"写真は比亜迪（ＢＹＤ）のＥＶ「ラッコ」。2025年10月、都内で開催されたジャパン・モビリティ・ショー2025で撮影。REUTERS/Manami Yamada
Maki Shiraki

[東京 ２８日 ロイター] - 中国電気自動車（ＥＶ）大手の比亜迪（ＢＹＤ）は２８日、軽自動車のＥＶ「ラッコ」の最も安い基本グレードを２１４万５０００円（税込）で発売すると発表した。国の‌補助金は１５万円で、実質負担額は１９９万５０００万円と２００万円を切る。

ライバル車の１つである日産自動車⁠の軽ＥＶ「サクラ」は２４４万８６００円からで、国の補助金５８万円を引くと実質負担額は１８６万８６００円からとなる。

販売・整備体制や部品の供給安定性などを考慮して決まる補助金分を考慮すると日​本車が優位となるが、「ラッコ」の価格は軽ＥＶの中では最安となる。

ラッコは日本独自の軽規格に合わせて設計。売れ筋の背高ワゴンで、狭‌い駐車場でも乗り降りしやすく足をかざして開閉できる電動スライドドアを軽ＥＶで初めて採用した。同社が特定の国に特化した乗用車をつくるのは初めて。ＢＹＤによ‌ると、２０２３年の乗用車投入以来、国内販売は‌累計約１万台となるが、当初の想定からは伸びが遅く、６車種目のラッ​コで挽回したい考え。

ラッコは３グレードで展開。上位の価格は２３９万８０００円、最上位は２４９万７０００円。基本グレードも含め‌て「収益を確保した戦略的な価格に設定にした」（同社広報）。基本グレードの航続距離は２１０キロ（サクラは１８０キロ）で、‌上位２グレードは３２０キロ。全グレード​で先進運転支援システムを標準装備し、スマートフォンのよう‌に無線で車載ソフトウエアを更新して購入後も機能を追加できる（ＯＴＡ）ようにした。

日本販売を担うＢＹＤオートジ⁠ャパンの東福寺厚樹社長は「多くの人が求めやすいと感じるような価格帯を実現した」と説明。「ラッコをフックにブランドの認知拡大を図り、ラッコを新しい軽の定番にしたい」と語った。年内⁠に受注１万台を目指す。

ＢＹＤジャパンの劉学亮社長は「年内、来年早々に​も４７都道府県に販売店を設け‌たい」と述べた。販売店数は７月末時点で正規店が５６店、開業準備中も含めると７７拠点となる。

自動車を中心とする中国産業に詳しいみずほ銀行の湯進・上席主任研究員は「価格を見て、⁠攻める本気度が分かった」と指摘。ＢＹＤ副総裁に今春昇進した劉氏としても「（⁠目標の）１万台は絶対に売らなければいけない（数字）」とし、まずはこの値段で反応を見て、売れ行き⁠が悪ければ調整する可能性があるほか、価格を維持しつつ装備を追加したり、販促施策を打つことも考‌えられる⁠と話した。

立花証券の庵原浩樹アナリストは、価格の割に「装備は充実している​が、地方の顧客は耐久性も求める」とし、整備の体制や下取り価格も今後の売れ行きに影響するとの見方を示す。",[],[]
ボーイング７３７ＭＡＸ、座席取り付け不備の恐れ　当局が点検命令案（ロイター）,https://news.yahoo.co.jp/articles/41a88cb3f49e4d3c18ec3264675ce92e26686a02,https://newsatcl-pctr.c.yimg.jp/t/amd-img/20260728-00000063-reut-000-1-view.jpg?exp=10800,2026-07-28T11:08:01+09:00,2026-07-28T11:08:01+09:00,ロイター,reut,ロイター,722,"4月15日、米ワシントン州レントンにあるボーイング工場で組み立てられる「７３７ＭＡＸ」。REUTERS/Genna Martin//File Photo
Dan Catchpole

[シアトル ２７日 ロイター] - 米連邦航空局（ＦＡＡ）は２７日、米国で登録されているボーイングの主力‌小型機「７３７ＭＡＸ」数百機について、座席が⁠正しく取り付けられていない可能性があり、点検と修理が必要になる恐れがあると発​表した。

点検・修理をしなければ、緊急着陸時に乗客や乗員が負傷したり、‌通路がふさがれて避難が遅れたりする可能性があるという。

ＦＡＡが２７日に発表した耐空性改善命令‌案は、米国で登録‌されている４５３機に適用される。同局​の管轄は米国の航空会社に限られるが、海外の規制当‌局は通常、該当する場合にはＦＡＡの命令に従う。

今回の命令案は、ボーイ‌ングがケリー・オ​ルトバーグ最高経営責任者（ＣＥＯ）の下で‌生産品質の改善と増産に取り組む中で出された。同社⁠の生産品質問題は、２０２４年初めにほぼ新品だったアラスカ航空の７３７ＭＡＸのドアプラグパネルが飛行中に吹き飛んだこと⁠で表面化した。

ＦＡＡは命令案で、一部の座席が​座席レールに‌正しく取り付けられていないとの報告を受けたと述べた。

負荷の増大や乱気流、緊急着陸があった⁠場合、座席が座席レールから外れる恐れ⁠があるという。

ＦＡＡは航空会社がどの程度早急に問題を是正する⁠必要があるかについては言及しなかった。

ボーイングの広報担‌当者はこ⁠の問題について、昨年１２月に運航会社に指針を​出したと説明。「ＦＡＡがその指針を義務化することを支持する」と述べた。",[],[]
ハイチ、12月に10年ぶり大統領選実施へ　治安懸念で延期（ロイター）,https://news.yahoo.co.jp/articles/a92ec922e4a055d28dacb0fdfbbd04573c075183,https://newsatcl-pctr.c.yimg.jp/t/amd-img/20260728-00000062-reut-000-1-view.jpg?exp=10800,2026-07-28T11:05:51+09:00,2026-07-28T11:05:51+09:00,ロイター,reut,ロイター,550,"写真は2017年1月、ハイチの首都ポルトープランスにあるカナッペベール市場の投票所で撮影。REUTERS/Andres Martinez Casares
Harold Isaac

[ポルトープランス ２７日 ロイター] - ハイチの暫定選挙管理委‌員会（ＣＥＰ）は２７日、１０年ぶりとなる大統領選⁠を１２月に実施し、決選投票を来年２月に行うと発表した。当初は８月​に投票、１２月に決選投票を予定していたが、治安への懸念か‌ら延期された。

同国では２０１６年以来、選挙が行われていない。２０２１年に当時‌のモイーズ大‌統領が暗殺され、その​後歴代の政権が選挙の実施を目指し‌たが、強力なギャングとの抗争による治安悪‌化で実施は不​可能だと説明していた。

ＣＥＰは大統領‌選と議会選の第１回投票を１２月１３日に、決選投票⁠を２月２１日に行う日程を公表した。最終結果の公表は３月７日とした。市民は憲法改正の是⁠非や地方議員の選挙に​も投票す‌る見通し。

委員会はこの日程について「受け入れ可能な治安環境の確立⁠と、選挙運営を進めるために必⁠要な資金の確保」に左右されると強⁠調した。

ギャングの暴力が続く中、アナリストら‌は新⁠たな選挙日程が維持される​かどうかについて懐疑的な見方を示している。",[],[]
米ＥＰＡ、データセンター用電力源を公害規制の対象外に（ロイター）,https://news.yahoo.co.jp/articles/6c3ae4ef9d75a837cba84b913e681bcfba351de7,https://newsatcl-pctr.c.yimg.jp/t/amd-img/20260728-00000061-reut-000-1-view.jpg?exp=10800,2026-07-28T10:57:24+09:00,2026-07-28T10:57:24+09:00,ロイター,reut,ロイター,591,"2025年8月7日、米カリフォルニア州コマースの送電塔。 REUTERS/Mike Blake/File Photo
Tim McLaughlin

[２７日 ロイター] - 米環境保護局（ＥＰＡ）は２７日、データセンターにのみ電力を供給し、公‌共の送電網には供給しない電力⁠源については、連邦公害規制の適用対象外となり得ると発表した。

ＥＰＡによる​と、発電所が電力網に電力を供給していない場合、産業施設か‌らのスモッグやばい煙汚染を劇的に削減する上で重要な役割を果たして‌きた連邦大気浄化‌法の酸性雨対策プログラム​の適用対象外となるという。

ＥＰＡ幹部のアーロン・サボ‌氏は７月１６日付の書簡で「ＥＰＡは、これらの定義の文言を文字通りに解釈す‌れば、大規模​な電力系統に一切接続されていない‌発電施設には酸性雨対策プログラムは適用さ⁠れないと考えている」と表明した。

ＥＰＡは、連邦公害規制を巡るこの解釈により、人工知能（ＡＩ）イン⁠フラの開発が加速する一方​で、地域の電‌力系統への負担も軽減されると指摘した。

また広域送電網から独立して稼働する発電⁠施設には酸性雨対策プログラムが適⁠用されないことが明確になったため、全米で電力⁠需要の急増をけん引している新しいデータセンタ‌ーの⁠建設場所や建設速度について、開発​業者により大きな柔軟性がもたらされると説明した。",[],[]
英アストラゼネカ、第2四半期利益が予想上回る　通期・長期見通し維持（ロイター）,https://news.yahoo.co.jp/articles/04c506369d0aab36e14ef9335e6328c15dca6c67,https://newsatcl-pctr.c.yimg.jp/t/amd-img/20260728-00000060-reut-000-1-view.jpg?exp=10800,2026-07-28T10:55:00+09:00,2026-07-28T10:55:00+09:00,ロイター,reut,ロイター,578,"アストラゼネカのロゴ。2021年5月21日撮影。 REUTERS/Dado Ruvic/Illustration/File Photo
Pushkala Aripaka　Maggie Fick

[２７日 ロイター] - 英製薬大手アストラゼネカが２７日発表した第２・四‌半期決算は、利益が市場予想を⁠上回った。通期および長期の見通しも維持した。最近の臨​床試験でのつまずきが長期的な展望を損なうこと‌はないとの自信を示した。

米バイオ医薬品会社アイオニス・ファー‌マシューティ‌カルズと共同開発した​神経障害治療薬「ワイヌア」の心臓‌病患者を対象とした後期臨床試験は、予想に‌反して成果を​示せなかった。

税負担の軽減が寄与‌し、第２・四半期のコアベース利益は１株当⁠たり２．６３ドルに増加した。総売上高は５％増の１５３億８０００万ドル。同社が集計したコンセンサス予想⁠は１株当たり利益が２．４８ドル、​売上高は１５３億９０００万ド‌ルだった。

２０２６年通年のコアベースの１株当たり利益（為替変動の影響除く）は１０％台前半⁠の伸びとなり、総売上高は１桁⁠台半ばから後半のペースで増加するとの⁠見通しを据え置いた。２５年の売上高と利益の伸‌びは⁠それぞれ約８％、約１１％だった。

３０年までに年間​売上高を８００億ドルとする目標も改めて確認した。",[],[]
デモ鎮圧にAK47を発砲した警察官を停職処分、学生の抗議続くインド　野党は政府の責任追及（ロイター）,https://news.yahoo.co.jp/articles/b1e201cced6ea306c4c2340d4bc82f70c8b13523,https://newsatcl-pctr.c.yimg.jp/t/amd-img/20260728-00010002-reutv-000-1-thumb.jpg?exp=10800,2026-07-28T10:54:16+09:00,2026-07-28T10:54:16+09:00,ロイター,reut,ロイター,566,"インド当局は、25日に東部の州で学生の抗議デモを鎮圧するため自動小銃を空に向けて発砲した警察官を停職処分にした。今回の発砲は、学生らによる抗議デモが相次ぐ中で新たな緊張の火種となっている。一連の抗議行動を巡っては、プラダン教育相が先日辞任に追い込まれたばかり。
首都ニューデリーでは20日、議会に向けて数万人がデモ行進を行っていたところ、警察官が警棒で参加者を殴ったほか、催涙ガスを発射するなど、過剰な実力行使を行ったとして批判を受けている。
学生らがSNSに投稿した映像には、東部ビハール州シワンで25日、暴動鎮圧用の装備を身に着けた警察官がデモ隊のもとに走り寄り、AK47を構えて少なくとも3発を空に向けて発砲する様子が捉えられている。警察当局もこの映像を確認した。
地元ビハール州警察の幹部によると、問題の警察官は主に凶悪犯などを担当する情報部門に所属しており、自動小銃の所持が認められていた。この発砲による負傷者はいなかった。
抗議デモは、5月に実施された医科大学の入学試験で問題流出があったとして、200万人以上の受験生が再試験を余儀なくされたことをきっかけに始まった。この他にも若年層の失業問題や、インドが得意とする情報処理業務などが、AIに取って代わられるのではないかという若者の不安が背景にあると、専門家は指摘する。",[],[]
テニス＝錦織、引退表明後の初戦で逆転勝利　ムバダラＤＣオープン（ロイター）,https://news.yahoo.co.jp/articles/10083212cb4c6c57413807229c63f033c970a7b6,https://newsatcl-pctr.c.yimg.jp/t/amd-img/20260728-00000059-reut-000-1-view.jpg?exp=10800,2026-07-28T10:47:56+09:00,2026-07-28T10:47:56+09:00,ロイター,reut,ロイター,693,"男子テニスのムバダラＤＣオープンは２７日、ワシントンでシングルス１回戦を行い、主催者推薦で出場した錦織圭（写真）は商竣程に６─７、６─３、６─４で逆転勝ちし、２回戦に進出した（２０２６年　ロイター/Imagn Images）
［２７日　ロイター］ - 男子テニスのムバダラＤＣオープンは２７日、ワシントンでシングルス１回‌戦を行い、主催者推薦で出場し⁠た錦織圭は商竣程（中国）に６─７、６─３、６─４で逆転勝ちし、２回戦に進出した。

試合時間は２時間３１分３６秒。錦織は​第１セットをタイブレークの末に落としたものの、第２、第３セットで一つ‌ずつブレークを奪い、試合をひっくり返した。

ファーストサーブの成功率が７２％（９７本中７０本）‌と、商の５３％を大きく上‌回った。またファーストサ​ーブポイント獲得率は７３％、セカンドサーブは７０％を‌記録。サービスゲームでは一度もブレークポイントを‌与えなかった。

２０１５年に同​大会で優勝した錦織は、この日‌が今季限りでの引退を表明してから初の公式⁠戦。ＡＴＰ公式サイトによると、「簡単な試合ではなかった。立ち上がりは少し不安定だったが、第２セッ⁠トに入ってプレーの質が上​がった。特に‌第３セットは非常に堅実なプレーができたと思う。きょうはサーブの調子も良かった」と⁠振り返った。

第３シードのテーラー・フ⁠リッツ（米国）はジザウ・ベルグ（ベルギー）を６─３、６─４で⁠下した。第４シードのロレンツォ・ムゼッティはマテ‌オ・⁠アルナルディとのイタリア勢対決で、６─０、３─１とリ​ードしたところで相手が棄権したため次戦に進んだ。",[],[]
サッカー＝ＧＫ負傷装った中断悪用、イングランドが対策を試験導入（ロイター）,https://news.yahoo.co.jp/articles/0f30b151723f258c7317f4107a0c5b62264acf83,https://newsatcl-pctr.c.yimg.jp/t/amd-img/20260728-00000058-reut-000-1-view.jpg?exp=10800,2026-07-28T10:43:10+09:00,2026-07-28T10:43:10+09:00,ロイター,reut,ロイター,690,"ＦＡと同プレミアリーグは２７日、いわゆる「戦術的なＧＫのタイムアウト」を悪用するチームへの対策として、来シーズンから新システムを試験導入することを発表した。ロンドンで２０２０年９月撮影（２０２６年　ロイター）
［ロンドン　２７日　ロイター］ - イングランド・サッカー協会（ＦＡ）と同プレミアリーグは２７日、‌いわゆる「戦術的なゴールキーパー（ＧＫ）⁠のタイムアウト（中断）」を悪用するチームへの対策として、来シーズンから新​システムを試験導入することを発表した。

試験的ルールの下では、ＧＫの負傷でプレ‌ーが中断された場合、監督またはヘッドコーチは直ちにフィールドプレーヤー（ＧＫ以外‌の選手）を１名指名し、‌プレー再開後少なくとも１分間ピ​ッチから離れさせなければならない。

ＧＫが相手選手との‌接触がないにもかかわらず医療処置を求めるケースが近年‌になって増加。こ​うした中断はテクニカルエリア付近‌で選手へ戦術的な指示を出す機会にもなり得るた⁠め、ファンや解説者、対戦相手の監督にとって不満の種となっていた。

ＦＡは声明で、今回の試験的導入はＧＫの負⁠傷が「試合の流れを断ち切る、​ペースを落と‌す、あるいは戦術的な指示を出す機会を作る」ために利用されるケースに対処することを⁠目的としていると述べた。

ＦＡ、プレミアリ⁠ーグ、イングリッシュ・フットボール・リーグ（ＥＦＬ）、⁠ナショナル・リーグ、女子スーパー・リーグおよび審判‌組織「Ｐｒｏ Ｒｅｆ」⁠の支援を受けるこの試験的導入は、２０２６─２７シーズン​にイングランドの男女プロサッカー全体で実施される予定。",[],[]
アジア半導体株が急落、競争懸念などで　ＳＫハイニックスは公開価格割れ（ロイター）,https://news.yahoo.co.jp/articles/3fd178f947392914742cdac5f34770d08a56925b,https://newsatcl-pctr.c.yimg.jp/t/amd-img/20260728-00000057-reut-000-3-view.jpg?exp=10800,2026-07-28T10:37:22+09:00,2026-07-28T13:38:06+09:00,ロイター,reut,ロイター,1246,"ＳＫハイニックスのロゴ。6月30日、韓国光州で撮影。 REUTERS/Kim Hong-Ji/File Photo
Heekyong Yang

[ソウル ２８日 ロイター] - アジアの半導体株が２８日、韓国主導で急落した。人工知能（ＡＩ）インフラ投資に絡む資金調達リスクへの懸念が高まったほか、中国との‌競争激化も不安材料となり、ＡＩ関連株の売りが加速している。

メモリー半導体⁠大手の韓国サムスン電子は一時１３．４％安、ＳＫハイニックスは１４％安となり、ソウル市場の下落を増幅させた。両銘柄がほぼ半分を占める総合株価指数（ＫＯＳＰＩ）は０３４１ＧＭＴ（日本時間午後０時４１分）時​点で約９．４％下落した。

ＳＫハイニックスの米国預託証券（ＡＤＲ）は前日の米国市場で７．５％安の１４３．０２ドルで取引を終え、今月の上場以来初めて新規株式公開（ＩＰＯ）価格の１４９ドルを‌割り込んだ。

日本のフラッシュメモリー大手キオクシアホールディングスも約１８％下落。台湾の半導体設計会社メディアテック（聯発科技）も９％超値下がりした。

ストーンＸのシニア‌アナリスト、マット・シンプソン氏は「‌テック投資家がナスダックの動きに従って出口に殺到して​おり、今回の売りは絶望的な局面にあるようだ」と指摘。「ただ現時点ではＫＯＳＰＩがアジアの市場心理を左‌右しており、それは醜い状況に見える」と述べた。

＜ＡＩ関連の投資家心理が変化＞

アナリストによると、こうした売りは、ＡＩインフラの資‌金調達を巡る懸念、中国の技術進歩、​中国企業との競争激化が重なったことを反映している。

キウム証券の‌アナリスト、ハン・ジヨン氏は、中国企業が国産の深紫外線（ＤＵＶ）露光装置を開発しているとの報道を受け、⁠中国のメモリーメーカーが生産能力の拡大を加速させ、世界のメモリー市場での競争が激化するとの懸念が再び強まったと指摘した。また、今週後半に相次ぐ決算発表を控え、投資家の警戒感も強ま⁠っていると述べた。

これとは別に、エヌビディアが大規模デー​タセンター事業の一環とし‌て、対話型ＡＩ「チャットＧＰＴ」を手がけるオープンＡＩに対し約２５００億ドルの融資保証を提供する方向で協議していると、ウォール・ストリート・ジャーナル（ＷＳＪ）が２６日報じたことを背景に、エヌビディア⁠株は５％近く下落。エヌビディアが顧客企業をどこまで財務的に支援するのかについて、⁠投資家の間で懸念が広がった。

さらに投資家心理を圧迫したのが、中国の低コストのオープンソースＡＩモ⁠デル「Ｋｉｍｉ　Ｋ３」などの人気拡大だ。将来のＡＩ処理負荷が想定より軽くなる可能性が意識され、先端ＡＩチップや広帯域メモ‌リー（ＨＢＭ）の需要⁠が予想を下回るのではないかとの懸念が浮上した。

一方、中国のメモリーメーカ​ー、長鑫存儲技術（ＣＸＭＴ）が前日の中国市場で好調な上場を飾ったことも、世界のメモリー業界での競争激化への懸念を強めた。",[],[]
オープンＡＩ、ダブリンの人員3倍超に　欧州本社で採用強化（ロイター）,https://news.yahoo.co.jp/articles/9cc1b1efa6b85bb683728c67577425def7f1a813,https://newsatcl-pctr.c.yimg.jp/t/amd-img/20260728-00000056-reut-000-1-view.jpg?exp=10800,2026-07-28T10:34:36+09:00,2026-07-28T10:34:36+09:00,ロイター,reut,ロイター,536,"オープンＡＩのロゴ。6月11日撮影。 REUTERS/Dado Ruvic
[ダブリン ２７日 ロイター] - 対話型人工知能（ＡＩ）「チャットＧＰＴ」を手が‌ける米オープンＡＩは２７日、ダブリンの欧⁠州本社で従業員を現在の３倍超に当たる３５０人に増やすと発表した。同市のシ​リコンドックス地区で８０００平方メートルのオフィススペースを‌賃りることも合わせて明らかにした。

２０２３年に開設したダブリンオフィスで‌は現在１００人余りを雇用‌しており、今後２年間にエ​ンジニアリングとサポート業務で２５０人を追加‌採用する計画。

ダブリンには、グーグルの親会社アル‌ファベット、​フェイスブックを運営するメタ、‌マイクロソフトなど、米ハイテク大手⁠が欧州本社を構える。

外国の多国籍企業はハイテクと製薬分野を中心にアイルランドの労⁠働者の約１１％を雇用しており、​進出の理由‌として高度な教育を受けた労働力を挙げている。多くの企業にとって、同国⁠の税制も魅力になっている。

一方、⁠メタやＴｉｋＴｏｋ（ティックトック）といった一部⁠の大手ハイテク企業はこの１年でアイルランド事業の‌人員⁠削減を発表しており、政府は新​規投資を呼び込む優先分野としてＡＩを挙げている。",[],[]
韓国ＫＯＳＰＩが7％急落、世界的な半導体株売りで（ロイター）,https://news.yahoo.co.jp/articles/297fbfb88ae960578a0c1ea095c57d8f39714fc3,https://newsatcl-pctr.c.yimg.jp/t/amd-img/20260728-00000055-reut-000-1-view.jpg?exp=10800,2026-07-28T10:31:58+09:00,2026-07-28T10:31:58+09:00,ロイター,reut,ロイター,638,"ソウルのディーリングルーム。3月4日撮影。 REUTERS/Kim Hong-JI
[ソウル ２８日 ロイター] - ２８日午前のソウル株式市場は、世界的な半導体株安がハ‌イテク大型株の重しとなり急落して⁠いる。中国との競争激化への懸念に加え、メモリー半導体世界最大手のＳＫハイニッ​クスの米預託証券（ＡＤＲ）が大幅安となったことが市場を圧迫してい‌る。

主要株価指数ＫＯＳＰＩは５００．４７ポイント（７．４１％）安の６２５３．８１で推移。ＫＯＳＰＩと新興企業向け株価指数コスダックの両方で、‌プログラム売買を一時‌停止させる「サイドカー」​が発動された。

ＳＫハイニックスは約１０％急落。ＡＤＲは前日のニューヨ‌ーク市場で過去最安値を付け、公募価格を下回った。指数‌構成銘柄の中でも​比重の大きいサムスン電子も９．１５％安と‌なった。

両社を合わせるとＫＯＳＰＩの構成比率で５割超を占めており、⁠半導体セクター全体の売りが市場全体に及ぼす影響を増幅させている。

さらに、市場心理は中国⁠発の材料でも冷え込んだ。​中国の長鑫存‌儲技術（ＣＸＭＴ）が大型上場デビューを果たしたほか、中国の国有企業が液浸型深紫外線（ＤＵＶ）露光⁠装置の生産を開始したと報じられた。

未⁠来アセット証券のマーケットアナリスト、キム・⁠ソクファン氏は「市場の懸念は、ＣＸＭＴの現在の業績よりも、上‌場後⁠の生産能力の急速な拡大や技術開発によ​って韓国企業に対抗する潜在力にある」と指摘した。",[],[]
テニス＝今季で引退の錦織が大坂とペア、全米ＯＰ混合ダブルス出場へ（ロイター）,https://news.yahoo.co.jp/articles/1092feac970ddb4e85aaa4908ca692c98d1e0e83,https://newsatcl-pctr.c.yimg.jp/t/amd-img/20260728-00000054-reut-000-1-view.jpg?exp=10800,2026-07-28T10:28:26+09:00,2026-07-28T10:28:26+09:00,ロイター,reut,ロイター,569,"テニスの四大大会、全米ＯＰの主催者は２７日、混合ダブルスの出場予定選手を発表。今季限りでの引退を表明している錦織圭が、女子の元世界ランキング１位の大坂なおみとのペアで名を連ねた。兵庫県三木市で２０２５年１月撮影（２０２６年　ロイター）
［２７日　ロイター］ - テニスの四大大会、全米オープン（ＯＰ）の主催者は２７日、‌混合ダブルスの出場予定選⁠手を発表し、今季限りでの引退を表明している錦織圭が女子の​元世界ランキング１位の大坂なおみとのペアで名を連ねた。

混‌合ダブルスは、シングルスのトップ選手の参加を促すために抜‌本的な見直しが昨‌年行われた。これを受​け、今年もシングルス本戦の開幕前週に‌当たる８月２４日から２６日にかけて開催される。

錦織・大坂ペア‌以外では、女​子の現世界ランキング１位に立つベ‌ラルーシ出身のアリーナ・サバレンカと⁠四大大会通算２４回優勝のノバク・ジョコビッチ（セルビア）のペア、女子世界ラン⁠ク２位のエレーナ・ルバキ​ナ（カザフス‌タン）とテーラー・フリッツ（米国）、ジェシカ・ペグラ（米国）とジャッ⁠ク・ドレーパー（英国）、イガ⁠・シフィオンテク（ポーランド）とカスパー⁠・ルード（ノルウェー）、そして前年覇者のサラ‌・エ⁠ラニとアンドレア・ババソリ（​ともにイタリア）などがエントリーしている。",[],[]
ブラジル、米関税は「不当」　ＷＴＯに協議要請（ロイター）,https://news.yahoo.co.jp/articles/84719348f9585e61ab9f3c8def0101c4a6f734ba,https://newsatcl-pctr.c.yimg.jp/t/amd-img/20260728-00000053-reut-000-1-view.jpg?exp=10800,2026-07-28T10:28:19+09:00,2026-07-28T10:28:19+09:00,ロイター,reut,ロイター,461,"ブラジルのルラ大統領。7月22日、ブラジル・ブラジリアで撮影。 REUTERS/Adriano Machado
[サンパウロ ２７日 ロイター] - ブラジル外務省は２７日、トランプ米政‌権が今月発表した関税⁠を巡り、世界貿易機関（ＷＴＯ）の紛争解決制度に基づき​米国との協議を要請したと明らかにした。

今回の‌要請は、米国が不公正な貿易慣行を理由にブラジルか‌らの一部輸入‌品に課した２５％の関税と、​強制労働禁止措置の執行が不‌十分としてブラジルを含む数十カ国から‌の輸入品​に課した最大１２．５％の関税に関する‌もの。

ブラジルはこれらの措置が「⁠不当」であり、ＷＴＯの「１９９４年関税貿易一般協定（ＧＡＴＴ）」および「紛争解決に関する規則⁠および手続に関す​る了解」‌の下での米国の義務と「整合しない」と表明した。

ルラ政権はこの⁠問題をＷＴＯに持ち込む意向を⁠すでに表明していた。２０２５年にもトランプ政⁠権による関税発動を受けて同様の措‌置を⁠取ったが、これらの関税は​その後、米最高裁が違法と判断した。",[],[]
サッカー＝前田、Ｗ杯最優秀ゴール賞ならず　カボベルデＤＦが受賞（ロイター）,https://news.yahoo.co.jp/articles/5b925972c1b3d1444bfdd7d445904d9292891323,https://newsatcl-pctr.c.yimg.jp/t/amd-img/20260728-00000052-reut-000-1-view.jpg?exp=10800,2026-07-28T10:25:39+09:00,2026-07-28T10:25:39+09:00,ロイター,reut,ロイター,617,"ＦＩＦＡは、２０２６年Ｗ杯の大会最優秀ゴールに、カボベルデ代表シドニー・ロペスカブラルが決勝トーナメント１回戦のアルゼンチン戦で決めた得点が選ばれたと発表した。写真中央は選外となった前田大然。米テキサス州アーリントンで６月撮影（２０２６年　ロイター/IMAGN IMAGES）
［２７日　ロイター］ - 国際サッカー連盟（ＦＩＦＡ）は、２０２６年ワールドカップ（Ｗ杯）の大会最優秀‌ゴールに、カボベルデ代表ＤＦのシドニ⁠ー・ロペスカブラル（２３）が決勝トーナメント１回戦のアルゼン​チン戦で決めた得点が選ばれたと発表した。

ロペスカブラルは３日‌に行われた試合の延長戦で左サイドでボールを受け、アルゼン‌チン代表アレクシ‌ス・マクアリスターを​かわすと、右足でファーサイドのゴ‌ール隅へシュートを決め、２─２の同点とした。カボベル‌デは最終的に２─３で​敗れた。

投票では、ウズベキスタン‌代表エルドル・ショムロドフのゴールが２位、⁠ハイチ代表ウィルソン・イシドールの得点が３位となった。最終１２候補には日本代表⁠の前田大然が１次リーグ第３戦のス​ウェーデ‌ン戦で決めたゴールもノミネートされていた。

ロペスカブラルのゴールには、⁠元ブラジル代表ＤＦのマルセロ氏も投⁠票。ロペスカブラルによると、試合後に⁠マルセロ氏から「大会で最高のゴールに投票‌した。⁠プレーを見ることができて良かっ​た。とても良い選手だ」と言われたという。",[],[]
ヘッジファンド、ヘルスケア株投資が5年ぶり高水準に接近＝ゴールドマン（ロイター）,https://news.yahoo.co.jp/articles/9be28329dfb9ea5ca9e8154d08f2db2db40aeabe,https://newsatcl-pctr.c.yimg.jp/t/amd-img/20260728-00000051-reut-000-1-view.jpg?exp=10800,2026-07-28T10:02:01+09:00,2026-07-28T10:02:01+09:00,ロイター,reut,ロイター,839,"写真はニューヨーク証券取引所のトレーダーら。7月24日、米ニューヨーク市で撮影。 REUTERS/Brendan McDermid
Nell Mackenzie

[ロンドン ２７日 ロイター] - ヘルスケア株の上昇を見込んだヘッジファンドによる取引が先週、過去５年間‌で最高水準に近づいた。米金融大手ゴールド⁠マン・サックスの２４日付の顧客向け資料で明らかになった。潤沢な資金を持つ投機筋が、人工知能（ＡＩ）主導の​医薬品開発と良好な資金調達環境が利益をもたらすと考えていることが背景にある。

Ｓ＆Ｐ５００ヘルスケ‌ア指数は年初来で約５％上昇し、欧州のヘルスケア株指数も同期間に約２％上昇している。

ゴールドマンの資料によると、ヘ‌ッジファンドの米国株全体‌に対する相対的なヘルスケアセクタ​ーへの投資比率は先週、過去５年間で最高の水準近辺で推移した。ヘッ‌ジファンドは医療機器・医療用品、ライフサイエンス関連ツール、医薬品会‌社への投資を拡大した。

ゴ​ールドマンは以前の顧客向け資料で、この専‌門性の高い投資分野における勢いを支える要因として、医薬品開発⁠でのＡＩの活用を挙げていた。

その資料によると、研究開発の生産性が向上する一方、特定銘柄の株価を押し上げる可能性のある企業合併・買⁠収（Ｍ＆Ａ）の総額は、２０２６年に１７３０億ドルに達すると予想さ​れている。これは１９年以‌来の高水準となる見込みだ。

ゴールドマンのヘルスケア分野に特化したレポートによると、ヘルスケア専門のヘッジファンド⁠は２５年８月から２６年４月までの間に約４０％のリターンを記録した。これに⁠対し、幅広い銘柄を対象とする一般的な株式ヘッジファンドのリタ⁠ーンは同じ期間に１７％だった。

さらにゴールドマンは、今年はヘルスケア分野に特‌化したヘ⁠ッジファンドが増え、今年新たに設定されたファンド​の２４％が同セクターを専門にしていると指摘。これは少なくとも０９年以降で最高の割合だ。",[],[]
インド政府のＡＩ監視に活動家が反発、デモ収束後も司法で追及（ロイター）,https://news.yahoo.co.jp/articles/0d670576d8ad621d9a84d231076ab3963d5caf59,https://newsatcl-pctr.c.yimg.jp/t/amd-img/20260728-00000050-reut-000-1-view.jpg?exp=10800,2026-07-28T09:55:53+09:00,2026-07-28T09:55:53+09:00,ロイター,reut,ロイター,739,"写真は学生の抗議現場に設置された監視カメラ。7月19日、インドのニューデリーで撮影。 REUTERS/Anushree Fadnavis
Saurabh  Sharma　Munsif Vengattil

[ニューデリー ２７日 ロイター] - 数十年ぶりの大規模な若者デモで人工知能（ＡＩ）を活用した監視が‌行われた問題を巡り、インドの活動家が⁠モディ政権を追及している。デモは収束したが、司法判断が連邦政府の権限を問う試金石​となる可能性がある。

監視を巡る論争は、試験問題漏えいに抗議する先週の学生デモ‌の最中に巻き起こった。デモ参加者らが、伸縮式の支柱に取り付けたカメラで集会を３６０度見渡せる‌警察の移動式監視車両‌の写真を交流サイト（ＳＮＳ）に投稿したの​がきっかけだった。

デモ参加者の１人で学生活動家のアイシェ・ゴ‌ーシュ氏はデリーの高等裁判所に対し、デモ参加者の大規模監視を‌違憲と宣言し、抗議活​動中に収集された個人データ全ての破棄‌や、監視技術の使用方法に関する指針の策定を命じるよう⁠求めている。

デモはプラダン教育相の辞任を受けて終結したが、ゴーシュ氏は訴訟を進めている。

インドには警察による顔認⁠識技術の使用を規制する法律がない​が、ニューデ‌リーの主要な抗議活動現場での監視は法に反していたと活動家らは主張している。

一方、政府はこうした確認は⁠合法で、治安維持のため公益に資するものだ⁠と反論している。

２７日の短時間の審理で、判事は抗議参加者に対する⁠侵害的な大規模監視は過度な措置だとするゴーシュ氏の主張を‌聞い⁠た。ゴーシュ氏は抗議活動中の政府の監視方針に​ついて、より広範な情報開示を求めた。裁判所は２８日に改めて審理する。",[],[]
濁流が車を押し流す様子も　台風12号直撃の中国広東省で深刻な浸水被害（ロイター）,https://news.yahoo.co.jp/articles/1a17c7854366d83ef2e302c561cdd1f10af0d8f8,https://newsatcl-pctr.c.yimg.jp/t/amd-img/20260728-00010001-reutv-000-1-thumb.jpg?exp=10800,2026-07-28T09:54:20+09:00,2026-07-28T09:54:20+09:00,ロイター,reut,ロイター,342,"台風12号の直撃を受けた中国広東省で、大雨により市街地が深刻な浸水被害に見舞われた。SNSに26日に投稿された映像で明らかになった。
ロイターは、建物、川、植生、道路の配置が衛星画像と一致することで撮影場所を確認した。映像の撮影日は確認できていないが、同じ映像が26日以前に投稿された形跡は確認できない。
広東省普寧市当局は26日未明、洪水の緊急対応レベルを最高に引き上げ、地域内の住民2338人を避難させたと発表した。
台風12号は26日未明に中国南部に上陸し、広東省と隣接する香港一帯に豪雨と暴風をもたらした。当局は、大雨が28日まで続くと警告している。
今月中国に上陸した台風は今回で3つ目。当局が26日に明らかにしたところによると、広東省で70万人以上が避難を余儀なくされた。",[],[]
サッカー＝ピルロ氏、イタリア代表監督候補外れる　ロ企業との関係に批判（ロイター）,https://news.yahoo.co.jp/articles/3244d947835e9cf65fd46bd6c98a7d8352910b07,https://newsatcl-pctr.c.yimg.jp/t/amd-img/20260728-00000049-reut-000-1-view.jpg?exp=10800,2026-07-28T09:51:25+09:00,2026-07-28T09:51:25+09:00,ロイター,reut,ロイター,746,"サッカー元イタリア代表のアンドレア・ピルロ氏は２７日、同国代表監督の候補から外れたことを明らかにした。イタリアのレッジョエミリアで２０２１年５月撮影（２０２６年　ロイター）
［２７日　ロイター］ - サッカー元イタリア代表のアンドレア・ピルロ氏（４７）は２７日、同国代表監督の候補‌から外れたことを明らかにした。ロシアの賭⁠博会社との商業的な関係を巡り、同氏の就任に批判や反対の声が上がっていた。

ピルロ氏はジェン​ナロ・ガットゥーゾ前監督の有力な後任候補に浮上したと報じられていたが、ロ‌シアの賭博会社「フォンベット」のグローバルアンバサダーを務めていることから、イタリア・サ‌ッカー連盟（ＦＩＧＣ）の関係‌者や同国議員が就任に反対。候補と​しての適格性が問われる事態となった。

ピルロ氏はインスタグ‌ラムへの投稿で、２６日に代表監督候補から外れたとの連絡を受けたと説明。「ここ‌数日、私の名前やイタ​リア代表監督に就任する可能性を巡って‌繰り広げられた議論を、苦々しく見てきた」とし、「選手として、そし⁠て現在は監督として、働いた国の法律と署名した契約を完全に順守して仕事をしてきた」と主張した。

また、スカイ・スポー⁠ツ・イタリアが２７日に報じたところに​よると、サッ‌カー元イタリア代表のパオロ・マルディーニ氏と元ブラジル代表のレオナルド氏が、イタリア・サッカー連盟（ＦＩＧＣ）⁠の役職を辞任することになった。

マルディーニ⁠氏は１１日にテクニカルディレクターに就任。ガットゥーゾ前監督の後⁠任選びが最初の仕事の一つで、ピルロ氏を後任監督の最有力候補に‌据え⁠ていた。しかし、就任からわずか１６日で辞任し、ア​ドバイザーとして招かれていたレオナルド氏も同時に退くことになった。",[],[]
香港ＩＰＯ目指すＳＨＥＩＮ、企業価値に投資家は厳しい視線（ロイター）,https://news.yahoo.co.jp/articles/8390f0c66831b51365d0ef352cf25ed78dabf20e,https://newsatcl-pctr.c.yimg.jp/t/amd-img/20260728-00000048-reut-000-1-view.jpg?exp=10800,2026-07-28T09:50:52+09:00,2026-07-28T09:50:52+09:00,ロイター,reut,ロイター,1604,"写真は「ＳＨＥＩＮ（シーイン）」のオフィスビル。2025年4月、中国広東省広州市で撮影。REUTERS/Tingshu Wang
Yantoultra Ngui　Selena Li

[シンガポール／香港 ２７日 ロイター] - 低価格商品を扱う中国発のインターネット通販サイト「ＳＨＥＩＮ（シーイン）」が計画している香港での新規株式公開（ＩＰＯ）を巡り、投資家は同社が目指す４００億―５００億ドルの企業価値が正当化でき‌るかどうかを精査するとみられる。

シーインが２６日に提出したＩＰＯの目論見書によると、２０２５年通期の売上高は前年⁠比８％増の４１８億ドルとなった一方、純利益は３９％減の２０億６０００万ドルに落ち込み、今年第１・四半期は９９００万ドルの赤字に転落。成長の鈍化と収益性の大幅な低下が明らかになった。

中国の政府系投資会社、中国投資有限責任公司（ＣＩＣ）の元マネージングディレク​ターで、グローバル・パブリック・インベストメント・ファンズ・フォーラムのエグゼクティブディレクターを務めるウィンストン・マー氏は「香港証券取引所の機関投資家は、営業利益‌率２．９％に注目するだろう」と指摘。「投資家はシーインを、超高成長のテクノロジープラットフォームという位置付けから、世界貿易の摩擦が高まる中で事業を展開する小売り・物流企業へと評価し直すことになるだろう」と述べた。

利‌益率の縮小は、シーインの急成長が逆風に直面し‌ているとの懸念をさらに強めている。貿易コストの上昇、規制当局による監視の​強化、世界の電子商取引市場における競争激化が業績の重しとなっている。

シーインは米国が「デミニミス（少額輸入免税）」制度の適用を終‌了したことが売上高の伸びを圧迫し、費用を押し上げたと説明している。また欧州が導入する低価格輸入品への新たな手数料も、さらなる課題となる。

シティは顧客‌向けノートで、シーインが欧州で逆風に直面​することにより、低価格帯での競争圧力が低下し、英食品大手アソシエイテッド・ブリテ‌ィッシュ・フーズ（ＡＢＦ）傘下の衣料品チェーン「プライマーク」やスウェーデンのＨ＆Ｍにとっては追い風となる可能性があるとした。

目論見書によると、シーイン⁠の企業価値は、２０２２年の資金調達ラウンド後の９８２億ドルから、２４年の次の資金調達ラウンド後には６４０億ドルに低下した。

北京を拠点とするブティック型投資銀行シャンソン・アンド・カンパニーのシェン・モン取締役は「香港のＩＰＯでも、流通市場でも、シーインの企業価値が前回の非公開での資金調達ラウ⁠ンドと比べて大幅に上昇する可能性は低いと考える」と述べた。

電子商取引業界のアナリ​スト、ユオザス・カジウケナス氏は「‌数年前にロンドンかニューヨークでＩＰＯを実施していれば、もっと楽観的な展開になっていただろう。今では市場環境がシーインにとってはるかに厳しくなっている」と指摘。「成長鈍化に対する解決策が示されていない」とも述べた。

カジウケナス氏によると、⁠シーインの米国での売上高は２５年以降縮小している。また関税変更の影響で欧州での成長も鈍化しており、両⁠地域での売上高は当面、停滞が続く可能性が高い。「シーインの短期的な成長は欧州でも米国でもなく、『その他の地域』の国々で実現することになる⁠だろう」という。シーインは米国、欧州の両市場で世界売上高の５０％超を占める。

またグローバルデータ・リテールのニール・サンダース氏も、シーインは初‌期のころに見せた⁠ような並外れた成長を実現するのは難しいとみている。上場自体は投資家の関心を集めるとの見方を示​しつつ、「数年前のように、もはやファッション業界で圧倒的な存在ではない。そのため企業価値は２０２０年代初頭のピーク時を大幅に下回ることになる」と予想している。",[],[]
インドネシア大統領支持率、51.1％に急落　経済への不満高まる（ロイター）,https://news.yahoo.co.jp/articles/3d57dee43e47966ca15e381fe1fa37accb2ea692,https://newsatcl-pctr.c.yimg.jp/t/amd-img/20260728-00000047-reut-000-1-view.jpg?exp=10800,2026-07-28T09:47:42+09:00,2026-07-28T09:47:42+09:00,ロイター,reut,ロイター,571,"インドネシアのプラボウォ大統領。7月9日、インドネシアの西ジャワ州カラワンで撮影。 REUTERS/Ajeng Dinar Ulfiana
[ジャカルタ ２７日 ロイター] - 世論調査によると、インドネシアの‌プラボウォ大統領の支持率は５１．１％で、⁠前回調査から急低下した。就任から１年半余りが経過する中、​経済に対する不満が高まっていることが浮き彫りにな‌った。

世論調査会社サイフル・ムジャニ・リサーチ・アンド・‌コンサルティング（ＳＭＲＣ）‌のエグゼクティブディ​レクター、デニ・イルバニ氏が２６日、ライ‌ブ配信された記者会見で明らかにした。大統‌領支持率は２０２５年１１月に​は８１．２％だったが、今年２月下旬から３月上旬に‌実施された調査では６６．４％に低下していた。

回答⁠者の４９．４％が経済状況を「悪い」または「非常に悪い」と回答した。経済状況が「良⁠い」との回答はわずか１５．７％で、​昨年１１月‌の４０％から低下した。

調査は７月５─１９日に７４９人を対象に実施した。誤差率はプラスマイナス３．７％。

プラボウォ⁠氏は、汚職撲滅や経済成長の加⁠速を公約に掲げて大統領選で圧勝、２４年１０月に就⁠任した。しかし今年に入って、通貨安と‌低調⁠な株式市場のほか、過剰支出や​中央銀行の独立性を巡る懸念に直面している。",[],[]
-米Ｊ＆Ｊ、ベビーパウダー訴訟で55億ドルの和解　10年に及ぶ係争に幕（ロイター）,https://news.yahoo.co.jp/articles/d09f15a6ad66bb0bc4fe818042fa3e2cc86265af,https://newsatcl-pctr.c.yimg.jp/t/amd-img/20260728-00000046-reut-000-3-view.jpg?exp=10800,2026-07-28T09:44:24+09:00,2026-07-28T12:11:23+09:00,ロイター,reut,ロイター,983,"写真はジョンソン・エンド・ジョンソン（Ｊ＆Ｊ）のベビーパウダー。2016年2月、ニューヨークで撮影。 REUTERS/Mike Segar
Dietrich Knauth

[ニューヨーク ２７日 ロイター] - 米医薬品大手ジョンソン・エンド・ジョンソン（Ｊ＆Ｊ）は２７日、同社のベビーパウダーなどのタル‌ク（滑石）製品が卵巣がんを引き起こしたとする数万件の⁠訴訟を巡り、推定５５億ドルを支払う和解を発表した。１０年にわたる係争に終止符を打つことを目指した画期的な和解となる。

Ｊ＆Ｊによると、​和解の対象はニュージャージー州連邦裁判所で併合されている案件を含む約７万６０００件の請求と州裁判所の関連訴訟で、同社‌に対する残るタルク関連請求のほぼ全てに相当する。同社はこれまで、タルクにアスベストが含まれ中皮腫を引き起こしたとする‌訴訟の大半についても和解して‌いる。

原告側の法律事務所も和解を確認し、１０年に及ぶ​法廷闘争を経た適切な解決だと述べた。和解の最終確定には、州または連邦裁判‌所に卵巣がん被害を訴えた原告の９５％による受け入れが必要となる。

Ｊ＆Ｊのエリック・ハース訴訟担当バイ‌スプレジデントは、原告側​の主張には「根拠がない」としつつも、決着をつける‌ために和解に応じる意向だとした。

「これまでに審理された大多数の訴訟で勝訴⁠してきたように、訴訟を続ければ最終的には当社が勝利すると確信しているが、今回の解決により当社はこの問題を過去のものとし、命を救う医薬品や医療機器⁠の開発という使命に引き続き専念できる」と​語った。

Ｊ＆Ｊは２０２７年に３０億ドルを支払い、２８年に‌追加の支払いを行う予定。ただ、和解への参加者数次第で、支払総額が膨らむ可能性もある。原告約２５００人の代理人を務める弁護士は、支払い額が最終⁠的に７０億ドル以上に達する可能性があると指摘した。

Ｊ＆Ｊは長年、自社のタ⁠ルク製品ががんを引き起こしたことを否定し、タルクは安全でアスベストを含まない⁠と主張してきた。２０年に米国でタルクを使ったベビーパウダーの販売を停止し、コーンスタ‌ーチを使⁠った製品に切り替えた。

同社は傘下子会社の破産申請を通じて訴訟​を解決しようと繰り返し試みたが失敗に終わり、３年余り中断していた訴訟が２５年３月に再開されていた。",[],[]
国連エイズ計画、資金18％減でＨＩＶ再流行のリスク警告（ロイター）,https://news.yahoo.co.jp/articles/aff84ab4ace5da58e68a530d4e5c9fc2bf3482d4,https://newsatcl-pctr.c.yimg.jp/t/amd-img/20260728-00000045-reut-000-1-view.jpg?exp=10800,2026-07-28T09:41:33+09:00,2026-07-28T09:41:33+09:00,ロイター,reut,ロイター,904,"国連合同エイズ計画（ＵＮＡＩＤＳ）のロゴ。2021年4月、スイスのジュネーブで撮影。 REUTERS/Denis Balibouse
Emma Farge

[ジュネーブ ２７日 ロイター] - 国連合同エイズ計画（ＵＮＡＩＤＳ）は２７日、２０２５年の世界的な対策資金提供額が７３億ドルと前年比１８％減少し、過去２０年近‌くで最低水準に落ち込んだことを受けて、世界はＨＩＶ（⁠ヒト免疫不全ウイルス）流行の再燃リスクに直面していると警告した。ブラジルで開催された国際エイズ会​議の開幕に合わせて発表した報告書で明らかにした。

２０２５年１月にトランプ氏が大統領に復帰する前は、‌米国が国際的なＨＩＶ資金の７５％を占めていた。同月トランプ大統領は全てのＨＩＶ関連資金提供の一時停止を命じたが、数日後‌には命を救うＨＩＶ対策を再開した。‌ただ予防活動の大半は縮小された。

ＵＮＡＩＤＳは「国​際社会はＨＩＶ対策において数十年にわたる苦労の末に勝ち取ってきた成果‌を脅かす深刻な政治的・財政的混乱の時期に突入している。新たな決意と行動が‌なければ、世界はＨＩＶの流行​に再び見舞われる恐れがある」と警鐘を鳴ら‌した。

これまでのＨＩＶ対策の進展により、２０２５年のＨＩＶ新規感染者数とエイズ関連の死者数は３０年超ぶり⁠の最低水準まで押し下げられている。

報告書はまた、２０３０年までにエイズを終結させるという世界的な目標が軌道から外れていることを改めて指摘⁠し、資金の減少とエボラ出血熱のような​他の危機が取り組‌みを妨げているとした。昨年は約１２０万人がＨＩＶに感染した。

ＨＩＶ対策への海外資金の減少による影響は、国内支出の増加によって部分的に⁠相殺された。昨年のＨＩＶ対策総資源は全体で６％減少した。しか⁠し全ての政府が対応できたわけではなく、予防プログラムへの支出⁠が最も大きく減少したのは世界の新規感染者の約半数を占めるサハラ以南の‌アフ⁠リカ地域だった。

カメルーン、ナイジェリア、ザンビアの​各国データによると、ＨＩＶ感染を防ぐ予防薬（ＰｒＥＰ）を受けている人の数は５０％以上減少している。",[],[]
豪、60年ぶりの製油所建設検討　中東紛争でエネルギー安保に懸念（ロイター）,https://news.yahoo.co.jp/articles/235894a00677a0e1f963997a515d3a1020431199,https://newsatcl-pctr.c.yimg.jp/t/amd-img/20260728-00000044-reut-000-2-view.jpg?exp=10800,2026-07-28T09:38:14+09:00,2026-07-28T12:42:42+09:00,ロイター,reut,ロイター,869,"写真は石油タンカー。4月14日、シドニーで撮影。 REUTERS/Hollie Adams
Helen Clark　Renju Jose

[パース／シドニー ２８日 ロイター] - オーストラリア政府は２８日、６０年超ぶりとなる新たな石油精製所の建設を検討すると発‌表した。中東紛争を受けた海外からの供給不安を⁠背景に、エネルギー安全保障を高める緊急性が浮き彫りになっている。

アルバニージー首相は同計画が燃料分野にお​ける豪州の強靭性と自国での供給能力の構築に寄与し、将来の供給ショックから国を守ることにつなが‌る可能性があると述べた。

実現可能性が確認されれば、新たな大規模製油所は工業用化学品メーカーのパーダマンが西オ‌ーストラリア州に建設する。

ア‌ルバニージー氏は記者団に対し「中東で​の戦争は世界中に影響を与えているのと同様に、ここ豪州にも影響を及‌ぼしている」と指摘。その上で「国家としての強じん性を高める意義の一つは、世界‌で起きる出来事に対する脆​弱性を軽減することだ」と述べた。

連邦政府と西オー‌ストラリア州政府は、製油所建設に関する実現可能性調査（フィージビ⁠リティースタディー）に共同で４００万豪ドル（２８０万米ドル）を投じる。

豪州は燃料需要の約８０％を輸入に依存しており、中東紛争が激化する中、供給確保を急いでい⁠る。

豪財務省は先週末、チャーマーズ財務相に提​出した報告書で、‌世界の石油市場は「供給ショックに対する備えが弱まった」ことでより脆弱になっていると警告。中東紛争の激化以降、世界の石油在⁠庫が減少し、精製燃料市場も一段と逼迫するリスクに⁠さらされていると指摘した。

豪国内の製油所の大半は１９５０年代から６０年代に建設されたが、高い⁠運営コストとアジア各地での大型製油所の台頭により、過去３０年間に多くが閉‌鎖に追い⁠込まれた。

現在稼働しているのは、アンポルのクイーンズラン​ド州の製油所と、ビバ・エナジーのビクトリア州の施設の２カ所のみで、２０００年の８カ所から減少した。",[],[]
ＩＭＦトップ、アルゼンチン経済改革を信頼　来年の対外債務返済も楽観（ロイター）,https://news.yahoo.co.jp/articles/50c58aa9a9e3aaf666d0ff8499e3db1025c779cf,https://newsatcl-pctr.c.yimg.jp/t/amd-img/20260728-00000043-reut-000-1-view.jpg?exp=10800,2026-07-28T09:33:48+09:00,2026-07-28T09:33:48+09:00,ロイター,reut,ロイター,1260,"国際通貨基金（ＩＭＦ）のゲオルギエワ専務理事。5月4日、米カリフォルニア州ビバリーヒルズで撮影。 REUTERS/Mike Blake
Leila  Miller

[ブエノスアイレス ２７日 ロイター] - 国際通貨基金（ＩＭＦ）のゲオルギエワ専務理事は２７日、アルゼンチン首都ブエノスアイレスで記者会見し、ミレイ大統領が進める‌経済改革に強い信頼感を示した。また２０２７年に集中する対外債務返済についても「⁠アルゼンチンを心配していない」と述べ、同国が対応可能との認識を示した。

ゲオルギエワ氏はカプート経済相とともに行った会見で外貨準備の積み増し、物価上昇率​の鈍化、財政規律の維持、ソブリンリスクの改善を評価した。

アルゼンチンを巡っては格付け会社ムーディーズが先週、同国の信用格付けを引き上‌げた。これに先立ちＳ＆Ｐグローバルやフィッチ・レーティングスも格上げしており、ミレイ政権の経済安定化策への投資家の期待が高まっている。

一方で市場は今後の債務返済負担にも‌注目している。ＩＭＦの報告書によると、２７年の外貨建て債‌務の返済額は利払いを含め３２３億ドルに達する見通しだったが、中央​銀行が今月、６０億ドル相当のレポ資金の返済期限を２８年に先送りしたことで負担は一部軽減された。

政府は国際資本市場‌への本格復帰を避けながら、多国間融資や国営企業の民営化、国内での債券発行などを通じて資金を確保し、債務返済に充て‌る方針を示している。

債務返済時期は、​ミレイ氏が２期目を目指すとみられる次期大統領選の時期と重なる可能性が‌あり、市場では再選の行方や政権交代による政策変更リスクにも関心が集まっている。

今回はゲオルギエワ氏にとっ⁠てＩＭＦ専務理事就任後初めてのアルゼンチン訪問で、ミレイ氏との会談に加え、外貨獲得の柱と位置付けられるパタゴニア地方のシェール油田・ガス田「バカ・ムエルタ」の視察も予定している。

ゲオルギエワ氏はエネル⁠ギーなど資本集約型産業が好調な点に言及しつつ、建設業など​回復が遅れる分野への支援‌や、中小企業、家計向けの信用供与拡大が必要だとの認識も示した。

今後ＩＭＦはアルゼンチンに対する総額２００億ドル規模の支援プログラムに関する第３回審査を実施する。ＩＭＦはミレイ政権発足以来、財政健全化や制度改革、⁠インフレ抑制策を一貫して支持し、同国の月間物価上昇率は２３年１２月の２５．５％から、２５年６月には１．９％まで低下した。

た⁠だＩＭＦの最新のスタッフ報告書は、アルゼンチンの債務は持続可能としながらも、その状態が維持される確率は高⁠くないとして「例外的なリスク」が残ると警告している。

市場関係者の間では、これからの焦点は経済安定化そのものか‌ら、その⁠成果を持続できるかどうかに移っているとの声も聞かれる。

政治リスクも依然として懸念​材料だ。ムーディーズは格上げと同時に、改革路線が後退すればこれまでの成果が損なわれる可能性があるとくぎを刺した。",[],[]
韓国とブラジル、メルコスル貿易協定へ交渉加速で合意（ロイター）,https://news.yahoo.co.jp/articles/092f2660eb8547b1947f172a2a559874a7ccf7a2,https://newsatcl-pctr.c.yimg.jp/t/amd-img/20260728-00000042-reut-000-1-view.jpg?exp=10800,2026-07-28T09:30:18+09:00,2026-07-28T09:30:18+09:00,ロイター,reut,ロイター,556,"韓国の李在明大統領とブラジルのルラ大統領。7月27日、ブラジリアで撮影。 REUTERS/Adriano Machado
[ブラジリア ２７日 ロイター] - ブラジルと韓国は、南米南部共同市場（メル‌コスル）と韓国の通商協定締結に向⁠けた交渉を加速させることで合意した。両国の大統領が２７日、ブラジ​リアで開かれた式典で明らかにした。

ブラジルは、主要貿易相手国‌の一つである米国による関税措置で打撃を受けており、貿易の多角化を‌図るため、単独ま‌たはメルコスルを通じた協​定の拡大を目指してきた。メルコスルにはブ‌ラジルのほかアルゼンチン、パラグアイ、ウルグアイ‌などが加盟し​ている。

ブラジルのルラ大統領は、両国‌が交渉の加速に向けた作業部会を設置するこ⁠とで合意したと説明。韓国の李在明大統領は、メルコスルとの協定締結は喫緊の課題だと⁠の認識を示した。

メルコスルは​近年、欧‌州連合（ＥＵ）のほか、欧州自由貿易連合（ＥＦＴＡ）を構成するスイス、アイスランド、リヒテ⁠ンシュタイン、ノルウェーなど⁠と協定を締結している。

ルラ氏は式典で、ブラジルの⁠食肉加工業者に対する衛生評価のため、韓国の使‌節団⁠を来月受け入れると表明。

李氏は、両首​脳が重要鉱物分野での協力拡大でも合意したと述べた。",[],[]
米小売り・外食大手、メキシコ中部農産物の調達停止　寄生虫疾患で（ロイター）,https://news.yahoo.co.jp/articles/559bd1b1ca399e39496c68cc66a5720fa64be2f6,https://newsatcl-pctr.c.yimg.jp/t/amd-img/20260728-00000041-reut-000-1-view.jpg?exp=10800,2026-07-28T09:27:45+09:00,2026-07-28T09:27:45+09:00,ロイター,reut,ロイター,1636,"写真はテイラー・ファームズ。7月24日、メキシコ・グアナフアト州ドクター・モラで撮影。REUTERS/Daniel Becerril
Siddhi Mahatole　Sarah Morland　Tom Polansek

[２７日 ロイター] - 米国で感染が拡大している寄生虫疾患「サイクロスポラ症」を巡り、複数の大手小売業者や外食チェーンが、汚染への懸念からメキシコ中部産の農産物の調達を停止していることが分かっ‌た。米食品医薬品局（ＦＤＡ）前長官のスコット・ゴットリーブ氏が２７日、ＣＮＢＣで明らかにした。

ＦＤＡの調査では、激しい下痢や⁠腹痛を伴うサイクロスポラ症拡大の一因として、米タコベルで提供されたアイスバーグレタスが浮上している。このレタスは非公開企業テイラー・ファームズのメキシコ中部の拠点から供給されていた。一方、保健当局​は感染源となった可能性のある他の農産物についても調査を続けている。

ゴットリーブ氏は、メキシコ中部産のパセリやパクチー（シラントロ）が関連している可能性のある感染集団が五大湖地域やニ‌ューヨーク州、ノースカロライナ州などで確認されていると説明。ただし感染源はまだ特定されていないという。

同氏は「多くの関係者が（メキシコ中部を）問題の地域だと考えている。そこで生産された農産物の多くがサプライチ‌ェーンから外されつつある」と述べた。

ただ、どの企業が‌調達停止に踏み切ったかについては明らかにしていない。ロイターは小売業者による​具体的な対応を確認できなかった。

また同氏は、豪雨などの気象条件が汚染リスクを高めた可能性を指摘。洪水や下水路の決壊、灌漑（かんが‌い）用水の汚染、農場労働者向け仮設トイレのあふれなどにより、生産地が汚染された恐れがあるとの見方を示すとともに「メキシコ中部で何らかの事象が起き、多‌くの農地が汚染された事態があり得るが、原因は​まだ判明していない」と付け加えた。

テイラー・ファームズは感染源に関する疑念が浮上した‌段階で、メキシコ中部の施設での全製品の生産を自主的に停止し、関連商品の市場回収を実施したとしている。

ＦＤＡは同社が協議の結果として対象農産物の市⁠場撤去に同意したと明かした。一方事情に詳しい関係者の話では、同社はＦＤＡが示した２４時間以内の自主対応判断期限には間に合わなかったという。

米疾病対策センター（ＣＤＣ）によると、今回の流行ではこれまでに４１７３人の感染が検査で確認されたほか、７４００人超の感染疑い例が報告されている。

ゴットリーブ氏は、実際の感⁠染者数は報告数の１０－２０倍に達してもおかしくないと言及した上で「サイクロスポラ症として​は過去最大規模の流行だ」との認識‌を示した。

ミシガン州は２７日、感染者が新たに１０７７人増えて９２５３人になったと報告した。地元保健当局はテイラー・ファームズのレタス以外にも感染源となっている食品が存在する可能性があるとみている。

メキシコの農業業界や専門家は、最終的な調査結果を待つべきだとして慎重な対⁠応を呼びかけている。

テイラー・ファームズの農場では認証済みの自社井戸水を灌漑に使用しており、労働者の健康⁠上の問題も確認されておらず、水やレタスのサンプル検査ではサイクロスポラは検出されなかったというのがメキシコ当局の説明だ。

メキシコ⁠は年間約５５万トンのレタスを生産し、その半分が輸出向けで、出荷先はほぼ米国。国内生産量の約７５％は中部・北部の５州に集中しており、テイラー・ファームズの主要‌拠点があるグアナ⁠ファト州が２８％を占める最大の産地となっている。

農業コンサルティング会社ＧＣＭＡのフアンカルロス・アナヤ代表は「レタスか​らサイクロスポラが検出されていないことや、メキシコ国内で確認された患者が少数にとどまっていることは意外だ。メキシコでも同じレタスを食べている」と指摘した。",[],[]
ＭＬＢ＝ＢＴＳのＳＵＧＡ氏ら、アスレチックスの株式取得　115億円（ロイター）,https://news.yahoo.co.jp/articles/ec7fd63ec4cde98b0d77398e3cd5182200631334,https://newsatcl-pctr.c.yimg.jp/t/amd-img/20260728-00000040-reut-000-1-view.jpg?exp=10800,2026-07-28T09:23:38+09:00,2026-07-28T09:23:38+09:00,ロイター,reut,ロイター,827,"ＭＬＢで１７シーズンにわたって活躍した韓国出身の朴賛浩氏やＫ─ＰＯＰグループＢＴＳのＳＵＧＡ氏が参加している投資グループ「Ｔｅａｍ６１」は２６日、ＭＬＢのアスレチックスの株式７０００万ドル分を取得することを発表した。ミズーリ州カンザスシティーで昨年６月撮影（２０２６年　ロイター/Imagn Images）
［２７日　ロイター］ - 米大リーグ（ＭＬＢ）で１７シーズンにわたって活躍した韓国出身の朴賛浩氏やＫ─ＰＯＰグ‌ループＢＴＳのＳＵＧＡ氏が参加している投資グルー⁠プ「Ｔｅａｍ６１」が２６日、ＭＬＢのアスレチックスの株式７０００万ドル分（約１１５億円）を取得すると発表した。

７０００万ドルのうち５５００万​ドルは即時、残り１５００万ドルはＭＬＢによる承認後に拠出される。報道によると、Ｔｅａｍ６１にはＳＵＧＡ氏らの‌ほか、俳優のケン・チョン氏、ダニエル・デイ・キム氏ら著名人が参加している‌という。

韓国出身者として‌初めてＭＬＢ球団のオーナー兼投資家と​なる予定の朴氏は、今回の契約の一環としてアス‌レチックスのオーナーであるジョン・フィッシャー氏のシニア‌アドバイザーに就​任。選手育成やアジア市場への進出‌についてオーナーグループに助言することになる。

朴氏は⁠ドジャースでＭＬＢデビューした１９９４年から背番号６１を付け、２０１０年までプレー。ドジャースやレンジャーズなど７球団を渡り歩き、⁠通算で１２４勝９８敗２セーブ、防御率４．３６、１７１５奪三振をマー​クしたほか、‌オールスターにも１回選出された。

アスレチックスは２８年からラスベガスを本拠地とする予定。朴氏は株式取⁠得について「ＭＬＢの新たな時代を切り開こうと⁠しているラスベガスとの交流を通じて、次世代の選手⁠により多くの機会が生まれることを願う。韓国野球をさら‌なる⁠高みへと引き上げるために、アスレチッ​クスと協力する機会を得られたことに感謝している」と語った。",[],[]
日経平均は反落で寄り付く、足元3％超安　半導体関連株売られる（ロイター）,https://news.yahoo.co.jp/articles/ed7e53b59998160984357100671beb1c5b681602,https://newsatcl-pctr.c.yimg.jp/t/amd-img/20260728-00000039-reut-000-1-view.jpg?exp=10800,2026-07-28T09:22:57+09:00,2026-07-28T09:22:57+09:00,ロイター,reut,ロイター,368,"写真は東京証券取引所。4月6日、東京で撮影。REUTERS/Issei Kato
[東京 ２８日 ロイター]  - 寄り付きの東京株式市‌場で日経平均は、⁠前営業日比０．６％（３９１円２７銭）安の６万４５３９円９２銭と、反落してスタ​ートした。前日の米国株式市場でハ‌イテク株が売られた流れを引き継い‌だほか、人工‌知能（ＡＩ）を巡る先​行き懸念が投資家心理‌の重しとなっている。足元‌では３％（１９８０円）安​の６万２９００円台半ば。

主力株はトヨ‌タ自動車が横ばい。三⁠菱ＵＦＪフィナンシャル・グループは２％超安。ＡＩ・半導体関連⁠はアドバンテ​ストが８％超‌安、東京エレクトロン、キオクシアホールデ⁠ィングスが売り気⁠配。ソフトバンクグループ⁠は３％超安。一方、指数寄与度‌の高⁠いファーストリテ​イリングは１％超高としっかり。",[],[]
米上院、クレイトン氏の国家情報長官指名案を前進　週内にも承認へ（ロイター）,https://news.yahoo.co.jp/articles/918d0431ad37845ec0b5c5a4216a0954b2969de8,https://newsatcl-pctr.c.yimg.jp/t/amd-img/20260728-00000038-reut-000-1-view.jpg?exp=10800,2026-07-28T09:17:15+09:00,2026-07-28T09:17:15+09:00,ロイター,reut,ロイター,446,"写真はクレイトン・ニューヨーク州連邦検事。7月15日、ワシントンで撮影。 REUTERS/Nathan Howard
Patricia Zengerle

[ワシントン ２７日 ロイター] - 米上院は２７日、トラン‌プ大統領が国家情報長官（ＤＮＩ）⁠に指名したクレイトン・ニューヨーク州連邦​検事の人事案を前進させる手続き上の採決を‌行い、賛成多数で可決した。数日内に承認される‌見通し。

クレイト‌ン氏が承認されれ​ば、ギャバード前長官が６月に辞任‌したことを受けて空席となったポス‌トを埋めるこ​とになる。

人事案を前進さ‌せる動議は賛成５１、反対４３で可決された。⁠採決は党派に沿った形となり、共和党議員が指名を支持した⁠一方、民主党会派​は反対票‌を投じた。

最終的な承認採決は週内に行われる見通しだ。共和⁠党は上院（定数１００）で５３対４７の⁠多数を占めており、政権の意向⁠に反する行動を取ることもまれであ‌るた⁠め、民主党が反対しても承​認に十分な票を得るとみられている。",[],[]
ＡＩへの政府関与、投資家の不確実性高める＝ブリッジウォーターＣＩＯ（ロイター）,https://news.yahoo.co.jp/articles/d5fc18f2fa5d0d7b67e66cd4a4d6c8a4970fc6a8,https://newsatcl-pctr.c.yimg.jp/t/amd-img/20260728-00000037-reut-000-1-view.jpg?exp=10800,2026-07-28T09:07:12+09:00,2026-07-28T09:07:12+09:00,ロイター,reut,ロイター,551,"写真は人工知能（ＡＩ）のイメージ。6月5日に撮影。REUTERS/Dado Ruvic
[２７日 ロイター] - 政府による人工知能（ＡＩ）への関与は、ＡＩの普及と発展を鈍ら‌せ、投資家にとって不確実性を⁠高める可能性があると、米ヘッジファンド大手ブリッジウォーター・ア​ソシエーツの共同最高投資責任者（ＣＩＯ）らが２７日、顧客向けリポート‌で指摘した。

・リポートは、有害な結果を招く可能性を低減する上で規制が‌果たす役割は極め‌て重要だが、資本利益率を​押し下げたり、投資家がより長期の視野‌で投資する際に直面する不確実性を高めたりすること‌で、ＡＩ関連の設備投資サ​イクルを不安定化させる恐れが‌あるとした。

・安全保障上のリスクに対する懸念⁠が広がる中、トランプ米政権はＡＩ技術の能力を監視する上でより積極的な役割を果たしつつ⁠あり、高度なＡＩシステムが検知し​たサイバーセ‌キュリティー上の脆弱性に関する情報を共有するため、ＡＩとサイバーセキュリティーに⁠関する調整グループを立ち上げ⁠ようとしている。

・リポートは、利上げや株式相⁠場の下落があってもＡＩへの支出意欲は損なわれにく‌い一⁠方、ＡＩへの集中投資には、科学的進歩を巡​る失望や政府のＡＩ規制といったリスクが伴うと警告した。",[],[]
トランプ政権の予測市場規制案に反対相次ぐ、連邦権限巡り（ロイター）,https://news.yahoo.co.jp/articles/45e873484f6cb06e10a76a3d9ce90ec7f3a5d92f,https://newsatcl-pctr.c.yimg.jp/t/amd-img/20260728-00000036-reut-000-1-view.jpg?exp=10800,2026-07-28T09:01:01+09:00,2026-07-28T09:01:01+09:00,ロイター,reut,ロイター,691,"写真は商品先物取引委員会のロゴ。2020年8月、米ワシントンで撮影。 REUTERS/Andrew Kelly
[ワシントン ２７日 ロイター] - 急成長する予測市場業界におけるスポーツなどの賭けを規制す‌るトランプ米政権の計画に対し、議員や⁠米先住民の部族、消費者保護団体などから反対の声が上がっている。２７日に公開されたパブリッ​クコメント（意見公募）の内容から分かった。

予測市場ではスポーツや選挙、経‌済指標などの結果にイエス・ノー形式で賭けを行うことができる。

商品先物取引委員会（ＣＦＴＣ）が‌先月示した規制案は、‌犯罪、テロ、暗殺、戦争など法​律で列挙された活動に関する一部の賭けを「公益」に反す‌る恐れがあるとして制限する一方、スポーツ賭博は原則容認する内‌容だ。

トランプ大統領​は同業界を支持し、登録市場による「イ‌ベント契約」と呼ばれるデリバティブ（金融派生商品）の⁠取引は連邦法で認められ、州当局は干渉できないと主張して各地で法廷闘争を展開している。

しかし、２０１０年に成立し、⁠スワップと呼ばれるデリバティブ契​約に対するＣＦＴＣの‌規制権限を定めた「ドッド・フランク法」の共同提案者である民主党の元上院議員クリストファー・ド⁠ッド氏は、当時の議員にはＣＦＴＣを賭博規制当局にする⁠意図はなかったと反発。ＣＦＴＣのティモシー・マサド元委員長も書簡⁠で「ＣＦＴＣは進むべき道を見失っている」と批判した。

米先住民の部族、伝統‌的な⁠カジノ業界、２０州の地方当局も、予測市場でのスポ​ーツ賭博は違法で、地方の管轄下に置かれるべきだと主張している。",[],[]
ゴルフ＝最新世界ランキング、松山は25位に浮上（ロイター）,https://news.yahoo.co.jp/articles/c42dc06155799e4467570412a2a7304242d09052,https://newsatcl-pctr.c.yimg.jp/t/amd-img/20260728-00000035-reut-000-1-view.jpg?exp=10800,2026-07-28T08:59:43+09:00,2026-07-28T08:59:43+09:00,ロイター,reut,ロイター,395,"男子ゴルフの最新世界ランキングが２６日付で発表され、松山英樹は前回の３０位から５ランクアップの２５位に浮上した。日本勢では引き続き最上位。英サウスポートで１７日撮影（２０２６年　ロイター）
［２７日　ロイター］ - 男子ゴルフの最新世界‌ランキングが２６日付で発⁠表され、松山英樹は前回の３０位から５ラン​クアップの２５位に浮上した。日本‌勢では引き続き最上位を維持し‌ている。

久常‌涼は前回の６２位​から６５位に後退し、中島啓太‌も９４位から１００位に順位を落と‌した。ト​ップ１００入りした日本選‌手は３人だった。

上位勢では、１位⁠スコッティ・シェフラー（米国）、２位ロリー・⁠マキロイ（英​国）、３位キ‌ャメロン・ヤング（米国）など９位まで変動⁠なし。サム・⁠バーンズ（米国）が前⁠回の１１位から１０位に浮上し、ジャス‌ティ⁠ン・ローズ（英国）​が１０位から１１位に後退した。",[],[]
郵便投票規制強化の大統領令、米政権が実施容認を最高裁に申し立て（ロイター）,https://news.yahoo.co.jp/articles/5b68ab50bf0fb30246a5f2faab200482e20dcf4d,https://newsatcl-pctr.c.yimg.jp/t/amd-img/20260728-00000034-reut-000-1-view.jpg?exp=10800,2026-07-28T08:56:14+09:00,2026-07-28T08:56:14+09:00,ロイター,reut,ロイター,1075,"写真はペンシルベニア州予備選挙における郵便投票用紙。5月19日、米ペンシルベニア州フィラデルフィアで撮影。 REUTERS/Hannah Beier
Andrew Chung

[２７日 ロイター] - 米司法省は２７日、郵便投票の規制強化を目的とした大統領令を係争中に実施することを認めるよう連邦最高裁に申し立てた。‌連邦控訴裁がこの大統領令を２３州と首都ワシントンで施行することを認⁠めないと２５日に判断したことを受け、差し止め命令の効力の一時停止を求めた。

郵便投票は野党・民主党の支持者が多く利用する傾向があり、トランプ政​権は今年１１月の議会中間選挙をにらんで大統領令の適用を狙う。最高裁は２３州とワシントンに対して８月３日までに対応策を示すように命じた。

判断の‌対象となった２３州とワシントンは、主に民主党が主導している。トランプ氏が３月に出した大統領令が連邦選挙運営に対して違法に介入しようとしているとして提‌訴し、連邦地裁が６月に実施を差し止め‌る判断を下した。

連邦控訴裁も連邦地裁の判断を支持し、​差し止め命令の効力停止を求める政権側の申し立てを却下した。

米司法省は控訴審で、政府が‌大統領令を実施するための措置や政策を最終決定していないため、各州が訴訟で異議を唱えるのは時期尚早だと‌主張したが、高裁は判決で「大​統領令は、各州が連邦当局と調整し、新たな投票手続きに従わ‌なければならない期限が急速に迫っていることを明確に示している」とし、州には今すぐ対応⁠する以外に現実的な選択肢がないと指摘した。

司法省は提出した申請書で「（もしも実施するとしても）大統領令をどのように実施するかについて依然検討中であるにもかかわらず、地方裁判⁠所は政府機関がどのような選択をしようとも、それが​必然的に違法であると先取‌りして判断してしまった」と主張した。

２０２０年の大統領選でバイデン前大統領に敗れたトランプ氏は、大統領選で広範な不正があったという虚偽の主張を繰り返して選挙改革⁠を訴えてきた。不正があったとの証拠はほとんどないものの郵便投票の⁠安全性に疑問を呈し、中間選挙までに全米で郵便投票の利用を廃止すると公約している。

郵便投票を利⁠用するのは民主党支持者に多い傾向が強いため、郵便投票を制限すれば共和党にとって有利に働く‌とみられ⁠ている。

トランプ氏は他にも、現在は共和党が過半数の議席を握っている議​会に対し、投票に際して米国市民権の証明を義務付ける「セーブ・アメリカ法案」の可決を強く要求している。",[],[]
パリで包丁男が女性3人を次々と刺す　通行人らが取り押さえる、緊迫の現場を撮影（ロイター）,https://news.yahoo.co.jp/articles/4f2f988111fab6f9a73f4d428cb43fd63ac9cdaf,https://newsatcl-pctr.c.yimg.jp/t/amd-img/20260728-00010000-reutv-000-1-thumb.jpg?exp=10800,2026-07-28T08:55:57+09:00,2026-07-28T08:55:57+09:00,ロイター,reut,ロイター,294,"パリで27日、男が包丁2本を持って女性3人を襲撃した事件で、目撃者の男性が、自分と周囲の人々が協力してこの男を取り押さえた際の緊迫した様子を語った。事件はパリのポルト・ドゥ・クリシー近くで発生した。
ヌニェス仏内相は記者会見で、フランス警察が襲撃犯を逮捕したと明らかにした。
ヌニェス氏によると、男は19歳、24歳、36歳の女性3人を包丁2本で襲い、うち2人に重傷を負わせた。
同内相は、男を取り押さえたのは非番の警察官だったと述べ、その勇敢な行動をたたえた。
ヌニェス氏は、犯行の動機は依然不明だと述べた。逮捕時の男の供述は「支離滅裂」で、警察は男の身元を確認できていないと付け加えた。",[],[]
エヌビディアがＡＩ安全性で企業連合、ハギングフェイス事案受け（ロイター）,https://news.yahoo.co.jp/articles/ccd8856c67a5d2c35570fcfd26efc58b2f7c7166,https://newsatcl-pctr.c.yimg.jp/t/amd-img/20260728-00000033-reut-000-1-view.jpg?exp=10800,2026-07-28T08:48:38+09:00,2026-07-28T08:48:38+09:00,ロイター,reut,ロイター,1006,"米半導体大手エヌビディアのロゴ。7月20日に撮影。 REUTERS/Dado Ruvic
[２７日 ロイター] - 米半導体大手エヌビディアは２７日、人工知能（ＡＩ）の安全性とサイバーセキュリティー向上に向けたツールを開発・‌共有するため、企業連合を設立したと発表した。今月発生⁠した自律型ＡＩエージェントによるＡＩ新興企業ハギングフェイスへの侵入事案を受け、こうしたエージェントの制御を失う危険性に注目が集まっ​ている。

「オープン・セキュアＡＩアライアンス」の創設メンバーには、アドビ、クラウドストライク、ハギングフェイス、‌デル・テクノロジーズなどが名を連ねる。同連合は、オープンＡＩを含む幅広い企業が署名し、オープンウエートのＡＩモデル支持を訴えた公開書簡を受け‌たもの。

詳細は以下の通り。

• エヌビディ‌アはブログ投稿で、オープンなフロンティアＡＩシステム​に対する一律の規制は防御能力を弱め、権力や依存関係、脆弱性を少数の閉鎖的なプ‌ロバイダーに集中させるリスクがあると指摘した。

• 今回の動きは、オープンＡＩが７月２１日、自社エージェントの一つが暴‌走し、ハギングフェイスへ​の侵入を実行したと明らかにしたことを受けたもの。

• 関係筋に‌よると、オープンＡＩがこの問題を把握したのは暴走が始まった少なくとも約１週間後だった。

• エヌビ⁠ディアなどは２４日、「オープンウエートと米国のＡＩリーダーシップ」と題する書簡に署名し、政策立案者に対してオープンウエート型ＡＩモデルの支援を求めた。

• オープンモデルは中核的な構⁠成要素が一般に公開されているＡＩシステムで、オープンソー​スツールはコードが自‌由に利用できるソフトウエアを指す。検証や共同での改善が可能となり、より広範なアクセスとセキュリティー強化につながる。

• エヌビディアはオープンモデル、⁠ウエート、データ、エージェント制御に関する研究を同連合⁠に提供すると表明。コード共有プラットフォームのギットハブで新たに公開したオープン⁠ソースの「エヌビディア・ラボ・オブジェクト指向エージェント（ＮＯＯＡ）」プロジェクトも含まれ‌るとした。

• 同⁠社はこの枠組みがＡＩエージェントの動作をより効果的に管理できるよう制​御システムを支援し、エージェント動作のテスト、追跡、検証、規制のプロセスを簡素化すると述べた。",[],[]
トランプ氏、ＧＭ施設で演説　中間選挙控え民主党非難（ロイター）,https://news.yahoo.co.jp/articles/39f82f74a63ee2a909b6c0de35857fab6277f63f,https://newsatcl-pctr.c.yimg.jp/t/amd-img/20260728-00000032-reut-000-1-view.jpg?exp=10800,2026-07-28T08:36:10+09:00,2026-07-28T08:36:10+09:00,ロイター,reut,ロイター,963,"写真はトランプ米大統領。7月27日、米ミシガン州ミルフォードで撮影。 REUTERS/Evan Vucci
Jarrett Renshaw　Kalea Hall

[ミルフォード（米ミシガン州） ２７日 ロイター] - トランプ米大統領は２７日、１１月の中間選挙まで１００日を切る中、投資や雇用創出、減税に‌関する自身の実績を誇示した。

トランプ氏はミシガン州に⁠あるゼネラル・モーターズ（ＧＭ）の試験施設を訪問し、選挙運動さながらの演説を行った。共和党による議会支配の終結を目指す民​主党を激しく非難し、政敵を「共産主義者」と呼び、聴衆の多くから歓声を浴びた。

「雇用は増加し、イン‌フレは低下し、国境の安全は確保されている。工場の新設は記録的な水準に達している。投資は活況を呈している。ミシガン‌は繁栄している。米国はかつて‌ないほど勝利している」と述べた。演説では移民​問題やイラン戦争、投票制限、トランスジェンダー問題にも触れた。

大統領が自‌動車工場で演説を行うことはよくあるが、工場での演説を選挙集会のような場に変えることは‌極めて異例だ。ＧＭは、トランプ氏​の演説が党派的な性格を帯びていたことについてコメ‌ントを控えた。

トランプ氏は、イラン戦争が米国民の経済的懸念を悪化させる中、米⁠国を根本的に変えようとする急進派として民主党を描くことで、支持基盤の活性化を図っている。

トランプ氏はＧＭのメアリー・バーラ最高経営責任者（ＣＥＯ）らを含む聴衆に⁠対し、「わが国は史上最高の年を迎えている。これを​彼ら（民主党）に‌破壊させるつもりはない」と語った。

トランプ氏は、民主党の候補者らが税率を８０％に引き上げ、警察を廃止しようとしていると虚偽の主張を展開。また、米⁠貿易赤字が７１％減少したと述べたが、２０２５年の実際の減少率は０．２％だった。

トラン⁠プ氏は２４年の大統領選で、ミシガン州で民主党のカマラ・ハリス前副大統領を約１．４ポイ⁠ント差で破り、２０年に民主党のジョー・バイデン氏が勝利した同州を共和党に取り戻した。

ミシ‌ガン州は⁠議会の支配権争いで重要な激戦地となる見通しで、上院の空席​を巡り全米の注目を集めている。同州の共和・民主両党の有権者は、８月の予備選で候補者を選出する。",[],[]
ＮＢＡ＝シクサーズがレブロン加入を正式発表、背番号は23（ロイター）,https://news.yahoo.co.jp/articles/2a2260c3fd7ac206831873738d2163dc28792e8b,https://newsatcl-pctr.c.yimg.jp/t/amd-img/20260728-00000031-reut-000-1-view.jpg?exp=10800,2026-07-28T08:32:06+09:00,2026-07-28T08:32:06+09:00,ロイター,reut,ロイター,553,"ＮＢＡのセブンティシクサーズは２７日、歴代最多得点記録を持つレブロン・ジェームズ（中央）の加入を正式に発表した。背番号は「２３」となる。米カリフォルニア州ロサンゼルスで５月撮影（２０２６年　ロイター/Imagn Images）
［２７日　ロイター］ - 米プロバスケットボール協会（ＮＢＡ）のセブンティ‌シクサーズは２７日、歴代最多得点⁠記録を持つレブロン・ジェームズ（４１）の加入を正式に​発表した。背番号は「２３」となる。

チームは交流サイト‌に、ロッカーにつるされた青い背番号２３のユニホームの写真‌を投稿。「キ‌ング・ジェームズ」の​愛称にちなんだ王冠も添えた。

筆頭オー‌ナーのジョシュ・ハリス氏は「レブロン‌がジェイレン​・ブラウン、ＶＪ・エッジコム、ジ‌ョエル・エンビード、タイリース・⁠マクシーら才能豊かな選手たちと並び、フィラデルフィアに優勝をもた⁠らすために戦う姿を見​るのが待‌ち切れない」とコメントした。

最優秀選手（ＭＶＰ）に４回輝いているレブロンはヒ⁠ートで２回、キャバリアーズと⁠レーカーズでそれぞれ１回優勝しており、⁠シクサーズで頂点に立てば、史上初め‌て異⁠なる４チームでＮＢＡ制覇を果たす選手とな​る。

シクサーズは４３年間、ＮＢＡのタイトルから遠ざかっている。",[],[]
独、治安対策を抜本的に見直し　首都での車突入事件受け（ロイター）,https://news.yahoo.co.jp/articles/19655f961e1c487e1c317ac61be8595ef2f09132,https://newsatcl-pctr.c.yimg.jp/t/amd-img/20260728-00000030-reut-000-1-view.jpg?exp=10800,2026-07-28T08:25:26+09:00,2026-07-28T08:25:26+09:00,ロイター,reut,ロイター,622,"7月27日、突入事件を受け、ベルリンのブランデンブルク門に設けられた臨時の追悼所。 REUTERS/Annegret Hilse
Miranda Murray　Kirsti Knolle

[ベルリン ２７日 ロイター] - ドイツのドブリント内相は２７日、首都ベルリン中‌心部で開かれていた性的少数者のイ⁠ベント会場周辺で起きた車両突入による死傷事件を受け、治安対策を抜​本的に見直すと発表した。事件当時、容疑者は別件で禁錮刑を言い‌渡されていたが、収監はされておらず、疑問の声が上がっている。

レバノン‌系ドイツ人で２１歳の容疑者は２６日に‌警察に射殺された。容疑者​は、国家を危険にさらす重大な暴力行為を準‌備していたことを理由に、今年５月に禁錮刑の判決が下されて‌いた。

検察による​と、容疑者は過去の事件では少年法‌の下で有罪判決を受け、保護観察官の監督下⁠で６カ月の猶予期間が認められていた。このため、２５日の襲撃時には拘束されていなかった。

ドブリント内相⁠は独紙ビルトに対し、成人​による治安上‌の脅威に少年法を適用することは「容認できない」と表明。この点を改める方針を示し、⁠危険人物に電子監視用の足輪（⁠アンクレット）を装着させる権限を当局に付与す⁠る措置などを導入すると語った。

容疑者が運転する車両は２５日、‌ブラ⁠ンデンブルク門近くのティーアガルテン​公園で群衆に突っ込み、６０代のポーランド人女性が死亡した。",[],[]
米ミネソタ州の予測市場禁止法、連邦地裁が施行一時差し止め命令（ロイター）,https://news.yahoo.co.jp/articles/3356cfe72f5fde7c874b96f2461589b1c89319ee,https://newsatcl-pctr.c.yimg.jp/t/amd-img/20260728-00000029-reut-000-1-view.jpg?exp=10800,2026-07-28T08:23:44+09:00,2026-07-28T08:23:44+09:00,ロイター,reut,ロイター,910,"カルシのロゴ。4月撮影。 REUTERS/Dado Ruvic
Nate Raymond

[２７日 ロイター] - 米中西部ミネソタ州の連邦地裁は２７日、カルシやポリマーケットなどの予測市場プラットフォーム運営企‌業の事業活動を禁止する州法について、施行を差し止める⁠仮処分命令を出した。予測市場を全面的に禁止する州法としてはミネソタが全米初とされていた。

メネンデス連邦地裁判事は、連​邦法が州法に優先する可能性が高いと判断。カルシ、ポリマーケットと米商品先物取引委員会（ＣＦＴＣ）の申し立てを‌認め、８月１日に施行予定だった州法の効力を一時停止した。

ミネソタ州ではウォルツ知事（民主党）が５月、予測市場の運営や提供、宣伝を刑事罰の‌対象とする法案に署名して成立‌させ、両社とＣＦＴＣが提訴していた。

予測市場はスポーツや選挙​など現実の出来事の結果を予想し、その予測に基づいて利益を得ることがで‌きる取引。急成長する業界を巡っては、州当局に規制権限があるのか、それとも連邦当局が専属的‌に監督するのかが争点とな​っている。

ミネソタ州法は予測市場を直接対象としていた。‌他州では既存の賭博関連法に基づき、無許可の賭博事業に当たるとして規制を⁠試みており、カルシを巡ってはマサチューセッツ、ミシガン、ネバダ、ワシントンの各州が事業を制限する司法判断を得た。

これに対してトランプ政権下のＣＦＴＣは、予測市場⁠で取引されるイベント契約はデリバティブ（金融​派生商品）の一種‌である「スワップ」に当たり、規制権限はＣＦＴＣに専属すると主張している。

メネンデス判事は、カルシとポリマーケットが提供する複数のイベント契約がス⁠ワップの法的定義に該当するとの見方を示し、州法は連邦法に⁠抵触する可能性が高いと指摘した。

一方、今後の審理では全てのイベント契約がスワ⁠ップに当たるとは限らないとして、差し止めの範囲を限定する可能性にも言及した。

その上で‌判事は「⁠ミネソタ州法の特殊性や訴訟の状況、施行が目前に迫っている​ことを踏まえると、本案審理が終わるまで現状を維持するための仮処分は適切だ」と述べた。",[],[]
米新関税、経済的影響ない公算＝ＵＳＴＲ代表（ロイター）,https://news.yahoo.co.jp/articles/2902b471e0488f27d67f63f32da065399a2eb266,https://newsatcl-pctr.c.yimg.jp/t/amd-img/20260728-00000028-reut-000-2-view.jpg?exp=10800,2026-07-28T08:22:09+09:00,2026-07-28T09:09:04+09:00,ロイター,reut,ロイター,840,"米通商代表部（ＵＳＴＲ）のグリア代表。7月22日、米連邦議会議事堂で撮影。 REUTERS/Annabelle Gordon
David Lawder

[２７日 ロイター] - 米通商代表部（ＵＳＴＲ）のグリア代表は２７日、トランプ米大統領が強制労働禁止措置の執行が不十‌分だとして６０カ国・地域に発動した新たな関税⁠について、税率が１０％または１２．５％と、世界各国に対する最近の関税措置と水準が近いことなどから、経済的な影響は​生じない可能性が高いとの見方を示した。

同氏はＦＯＸニュースの番組で、通商法３０１条に基づく今回の新関‌税は、失効した一律１０％の暫定関税に比べ、対象国が限定されていると述べた。

ただ、ＵＳＴＲは米国の輸入品の９９．４％が新関税の対象‌になるとしている。

今週の米連‌邦準備理事会（ＦＲＢ）の金融政策決定に関税が​影響するかと問われると、グリア氏は「全く影響はないと思う」‌と述べた。

「新たな関税は対象国がより限定的で、全世界ではない。税率‌の多くはかなり近い水​準であり、これまで経験してきたものと異な‌る経済的影響は生じないはずだ」と語った。

グリア氏はまた、ＵＳＴＲが１９７４年通商法３０１条に⁠基づく別の広範な関税調査も継続していると述べた。中国、ベトナム、メキシコ、欧州連合（ＥＵ）を含む主要貿易パートナー１６カ国・⁠地域における過剰な工業生産能力を対象​としており、「近‌く調査を終え、提案を行う」とし、追加関税につながる可能性があるとした。

通商法３０１条は本来、特定国の不公正な貿易慣行を対⁠象としているが、グリア氏は同条を広範な関税に⁠用いる正当性を主張。国際緊急経済権限法（ＩＥＥＰＡ）に基づきトランプ氏が⁠発動した広範な関税を無効とした米連邦最高裁の判決で、３０１条に言及されて‌いた⁠点を根拠に挙げた。トランプ氏の１期目には同条に基づき​中国製品に高関税が課され、複数の訴訟を経ても依然として維持されている。",[],[]
フィリピン大統領、親族関与の汚職疑惑で捜査進めると表明（ロイター）,https://news.yahoo.co.jp/articles/dc3959de4ed60aed639d52544e02c17a359e58d2,https://newsatcl-pctr.c.yimg.jp/t/amd-img/20260728-00000027-reut-000-1-view.jpg?exp=10800,2026-07-28T08:20:26+09:00,2026-07-28T08:20:26+09:00,ロイター,reut,ロイター,984,"7月27日、フィリピン議会で演説するフィリピンのマルコス大統領。 REUTERS/Lisa Marie David
Mikhail Flores　Nestor Corrales

[マニラ ２７日 ロイター] - フィリピンのマルコス大統領は２７日、議会における施政方針演説で「私は家族のための大統領でも、友人のための‌大統領でもない。フィリピン国民の大統領だ」と述べ、親⁠族が関与したとされる汚職疑惑について捜査を進める考えを改めて示した。

問題となっているのは、総額数十億ペソ規模の治水事業を巡る​不正疑惑。マルコス氏は昨年、同事業で広範な不正があったとの疑惑を公表し、政治家や政府関係者へのキックバッ‌ク（還流）疑惑が浮上した。疑惑には、いとこのロムアルデス前下院議長も関与したとされており、同氏は議長職を退いた。

マルコス氏は演説‌で「私にとっては痛みを伴うが、‌正しいことをしなければならない」と述べ、汚職撲​滅への取り組みを継続すると強調した。一方でロムアルデス氏は声明で不正への‌関与を否定した上で「いかなる訴追にも対応する準備ができている」と述べた。

フィリピンでは物価上昇や‌生活費高騰への不満が高まる中、​汚職問題を巡る政府の説明責任にも厳しい目が向け‌られている。世論調査会社パルス・アジアの調査では、マルコス氏の支持率は低下し、不⁠信感を示す回答も過半数に達した。

フィリピン大学のジーン・エンシナスフランコ教授はマルコス氏の発言について、身内であっても責任追及を進める意思を示した点で政治⁠的に重要だと評価しつつも、実際に訴追が行われ​るかどうかで政権は判断さ‌れると指摘。「言葉だけでなく行動が問われる」と語った。

議会周辺では数百人規模の抗議デモが行われ、汚職の責任追及に加え、物価引き下げや賃上げを求め⁠る声が上がった。

２０２８年に任期満了を迎えるマルコス氏は、物価高対策⁠として労働者向け所得税減税の拡充や、中小企業に課される最低法人所得税の廃止を議会⁠に求めた。

また演説では、中国を名指ししなかったものの南シナ海を巡る問題にも言及。「フ‌ィリピン⁠国民は屈しない」と述べ、１６年の仲裁裁判所裁定から１０年を迎えたことに触​れながら、同海域でのフィリピンの権利を主張し続ける考えを示した。中国は同裁定を認めていない。",[],[]
マレーシア、ＵＮＨＣＲ前で保護待ちのロヒンギャ難民100人超拘束（ロイター）,https://news.yahoo.co.jp/articles/c83e1a908d093f3567b1dea5f079c0fa3ccd573d,https://newsatcl-pctr.c.yimg.jp/t/amd-img/20260728-00000026-reut-000-1-view.jpg?exp=10800,2026-07-28T08:10:41+09:00,2026-07-28T08:10:41+09:00,ロイター,reut,ロイター,1294,"7月27日、マレーシアのクアラルンプールにある国連難民高等弁務官事務所前で、警察に連行されるロヒンギャ難民保護希望者。 REUTERS/Hasnoor Hussain
Danial Azhar　Rozanna Latiff

[クアラルンプール ２７日 ロイター] - マレーシア当局は２７日、首都クアラルンプールの国連難民高等弁務官事務所（ＵＮＨＣＲ）前に集まり保護を求めていたミャンマー出身のイスラ‌ム教徒少数民族ロヒンギャの難民・保護希望者１００人超を拘束した。

現場の目撃者⁠によると、これらの人々は同日午後８時３０分ごろに荷物とともに警察のトラック４台に乗せられ連行された。警察幹部はロイターに対し、身元確認などのためクアラルンプール警察本部​に移送したと説明した。

拘束された人の中には女性や子どもも含まれていた。難民希望者の話では、北部ペナン州で地元住民から住居退去を求められ、２６日に‌家を追われたため、ＵＮＨＣＲに第三国定住などの支援を求めようと夜行バスで首都を訪れた。

一方ペナン州の警察は、ロヒンギャ住民が州政府や連邦政府、国家安全保障会議の支援を受けて「自‌発的に」クアラルンプールへ移動したと‌説明した。地元警察幹部は声明で「地域内のロヒンギャ人口増​加に伴う経済的、領域的な競合が移送の背景にあった」と述べた。

マレーシアでは５月以降、ロヒンギャを標的‌としたヘイトスピーチや偽情報がインターネット上で増加し、地域社会で嫌がらせや監視強化の動きが広がっている。

アンワル首相は２７日、ＵＮＨＣＲ前‌にロヒンギャの人々が集まったことにつ​いて「市民の懸念を招いている」と指摘し、適切な滞在許可を持た‌ない者は入国管理当局に拘束されると警告するとともに「誰にも市内の一部を占拠する権利はない」と付け加え⁠た。

人権団体ヒューマン・ライツ・ウオッチ（ＨＲＷ）のブライオニー・ラウ・アジア副部長は「ロヒンギャ難民は常に摘発や捜索の脅威にさらされている。政府は家を追われた難民の保護を優先すべきで、拘束によってさらに⁠恐怖を与えるべきではない」と批判した。

２月末時点でマレーシアにお​けるＵＮＨＣＲ登録のロヒンギャ難民は約１２万６０００人だ‌が、人権団体は未登録者も多数存在すると指摘している。

妻や子どもとともに２７日未明にＵＮＨＣＲ事務所へ到着したロヒンギャ難民のサイード・カシムさんは「誰もわれわれの問題を助けてくれなかった」と訴⁠えた。カシムさんはマレーシアで２０年間暮らしているという。

ＵＮＨＣＲは先週、ロヒンギャなどの難民⁠を標的としたオンライン上のヘイトスピーチや偽情報、人間性を否定する言説の増加に懸念を表明し、差別⁠や嫌がらせを助長する恐れがあると警告していた。

イスラム教徒が多数派のマレーシアは、長年にわたって仏教徒が‌多数を占める⁠ミャンマーで迫害を受けたロヒンギャの避難先と見なされてきた。ただコロナ禍以降、​ロヒンギャに対し「感染拡大の原因」や「雇用を奪う存在」といった批判が強まり、受け入れ環境は厳しさを増している。",[],[]
ウクライナ支援、支出完了は29年度　米政権が議会に通知＝関係筋（ロイター）,https://news.yahoo.co.jp/articles/80844c7aa2f7355e6decfc5f1246b7bd45d5be6a,https://newsatcl-pctr.c.yimg.jp/t/amd-img/20260728-00000025-reut-000-1-view.jpg?exp=10800,2026-07-28T08:05:15+09:00,2026-07-28T08:05:15+09:00,ロイター,reut,ロイター,676,"ロシア軍に向けて高機動ロケット砲システム（HIMARS）を発射するウクライナ軍。ドネツク地方で６月撮影。REUTERS
Patricia Zengerle

[ワシントン ２７日 ロイター] - トランプ米政権は、議会がウクライナへの支援とし‌て承認した４億ドルについて、支出完了⁠が２０２９会計年度（２８年１０月─２９年９月）になると議員らに伝えていた。ウクライナではロシアのミサイル​攻撃を撃退するために必要な兵器が危機的水準にまで枯渇している。

関係筋‌が２７日明らかにしたところによると、国防総省は５月、支出計画の概要を記した書簡を‌議員らに送付した。民‌主党議員や共和党の一部議員は、​両党議員が昨年支持したウクライナ向け支援を‌国防総省が保留にしていると批判してきた。

書簡送付から２カ月が経過‌した現在も、資金​は支出されておらず、契約締結によ‌る支出義務付けさえ行われていないという。

議会は支⁠出の遅れについて繰り返し不満を表明してきた。この書簡についてはこれまで報道されていなかった。

計画⁠に詳しい関係筋によると、ウク​ライナのゼレ‌ンスキー大統領は２８日にホワイトハウスでトランプ大統領と会談する見通しで、緊急に必要としてい⁠る防空能力の提供と、米国とのドローン（⁠無人機）取引の締結を引き続き求める方針だ。

書簡に記⁠載されたスケジュールによると、資金は２６年度中に支出が義務付‌けら⁠れる一方、全ての支援が最終的に提供さ​れるのは２９年度になる見通し。

トランプ大統領の２期目の任期は２９年１月２０日に終了する。",[],[]
独ポルシェ、35年までに従業員2割削減　中国事業とＥＶの不振受け（ロイター）,https://news.yahoo.co.jp/articles/31b009909ebcc09db0114d3704d5ce775584a0cf,https://newsatcl-pctr.c.yimg.jp/t/amd-img/20260728-00000024-reut-000-1-view.jpg?exp=10800,2026-07-28T07:58:07+09:00,2026-07-28T07:58:07+09:00,ロイター,reut,ロイター,597,"2019年2月、独シュトゥットガルト＝ツッフェンハウゼンにあるポルシェ工場で撮影。 REUTERS/Ralph Orlowski
Rachel More　Ilona Wissenbach

[ベルリン ２７日 ロイター] - ドイツの高級車メーカー、ポルシェは２０３５年ま‌でに従業員の約５人に１人に当たる⁠合計９０００人を削減する。親会社のフォルクスワーゲン（ＶＷ）と傘下ブランドは、​需要低迷と激しい競争を受けて事業再構築を進めて‌いる。

数カ月に及ぶ交渉を経て２７日に発表された合意で、ポルシェの経営‌陣と労働者代表は、‌自然減や希望退職と​いった措置を通じて強制解雇を回避‌しつつ、さらに５０００人を削減することで一致した。

２０２５年２月に合‌意した３９００人削減​と、子会社閉鎖に伴ってミ‌ヒャエル・ライタース最高経営責任者（ＣＥＯ）⁠が今年発表した追加の５００人削減に続くものだ。

ポルシェの２４年末時点の従業員数は約４万２６００人。

今年初⁠めにＣＥＯに就任したライタース氏​は、かつ‌て高収益を誇った中国市場での販売が急減し、電気自動車（ＥＶ）戦略も停滞す⁠る中で、事業の抜本的立て直し⁠を託された。

メルセデス・ベンツやＢＭＷなどドイツ⁠の他の自動車メーカーも、中国勢との競争の‌中でＥＶへの⁠転換を進めつつ、高関税の影響​を吸収するためのコスト削減に動いている。",[],[]
ベネズエラのＩＣＣ脱退、国連調査団が「重大な懸念」表明（ロイター）,https://news.yahoo.co.jp/articles/0f2a1899193613ffc9917ffc26f81ba31d3b0ff3,https://newsatcl-pctr.c.yimg.jp/t/amd-img/20260728-00000023-reut-000-1-view.jpg?exp=10800,2026-07-28T07:35:05+09:00,2026-07-28T07:35:05+09:00,ロイター,reut,ロイター,739,"オランダ、ハーグにある国際刑事裁判所。2025年12月代表撮影。REUTERS
[２７日 ロイター] - ベネズエラに関する国連の事実調査団は２７日、同国が国際刑事裁判所（ＩＣＣ）から脱退し‌たことに「重大な懸念」を表明し、再加盟を⁠促した。

ベネズエラ政府は２４日、裁判所内に「地理的偏向」があると主張してこの動きを正当化し、脱退​は「取り消し不能」な決定だと述べた。

２０１９年に国連人権理事会によって設立された同調査団‌は、脱退によってベネズエラ政府は説明責任を確保するために設計された国際的なプロセスを‌回避しようとしていると指‌摘。ベネズエラが１０年余りにわたって犯し​てきた重大な違反や国際犯罪を調査するための意味のある‌行動を何ら講じていないと付け加えた。

調査団はベネズエラに対し、ＩＣＣに再加盟して‌国際司法メカニズ​ムに全面的に協力するよう求めるとともに、‌今回の脱退は「人権侵害に対する不処罰を強化する結果にしか⁠ならない」との認識を示した。

２０２０年にＩＣＣは、少なくとも１７年以降、ベネズエラにおいて文民当局者、軍関係者、および親政府派の個人⁠が「人道に対する罪」を犯したと信​じるに足る合理的‌な根拠があるとの見解をまとめていた。

ＩＣＣは２５年１月、当時の大統領だったニコラス・マドゥロ氏の政府からの協力が得られな⁠かったことを理由に、ベネズエラ首都カラカ⁠スの事務所を閉鎖した。

ベネズエラのロドリゲス暫定大統領は現在、ＩＣＣの解⁠体を目指すとしているトランプ米政権と緊密な同盟関係を築いてい‌る。

米国⁠は２４日、ベネズエラの脱退を受けて出した声明で、ＩＣＣが「​腐敗している」「無価値だ」と表現し、ベネズエラの決定を歓迎した。",[],[]
中国が国産ＤＵＶ露光装置の製造開始と報道、ＡＳＭＬ株急落（ロイター）,https://news.yahoo.co.jp/articles/7c5efbfa32c34f8251542b413f601b8a157a0ad2,https://newsatcl-pctr.c.yimg.jp/t/amd-img/20260728-00000022-reut-000-1-view.jpg?exp=10800,2026-07-28T07:31:46+09:00,2026-07-28T07:31:46+09:00,ロイター,reut,ロイター,680,"コンピュータのマザーボードとチップ。2025年8月撮影。 REUTERS/Dado Ruvic
[２７日 ロイター] - 中国が国内で開発した液浸型深紫外線（ＤＵＶ）露光装置の製造を開始‌したと、米ニュースサイトのインフォメ⁠ーションが２７日報じた。同装置はオランダの半導体製造装置大手ＡＳＭＬが長年、市場を独占し​てきた。

報道によると、これらの装置は年内に中芯国際集成電路製造（ＳＭＩＣ）、華虹‌半導体、長鑫存儲技術（ＣＸＭＴ）など中国の大手半導体メーカーに納入される見通し。

ＡＳＭＬはロイタ‌ーの取材に対しコメン‌トを控えた。同社株は８％超下落し​た。

報道の主な内容は以下の通り：

• 今回の技術的進歩は将‌来的に中国市場でＡＳＭＬの立場を脅かす可能性がある。ただ、同システム‌は性能や信頼性の​面で依然として劣り、量産化にはさ‌らなる試験が必要とされ、当面はＡＳＭＬの優位性は揺るがな⁠い見通し。

• 当初の生産は限定的で、今年は約５台、２０２７年には約２０台となる見込み。

• 液浸型ＤＵＶ装置はシリコンウエハーに回路パター⁠ンを転写する装置で、輸出規制​により極端紫‌外線（ＥＵＶ）露光装置の調達が絶たれた中国の半導体メーカーにとって、利用可能な最先端の露光装⁠置となっている。

• 中国は国産ＥＵＶ装置の開発も⁠進めているものの、依然として試作段階にとどまる。

• 米国⁠が外国製露光装置の対中輸出・保守サービスに対する規制‌強化⁠を検討する中、今回の技術は中国の半導体メ​ーカーに重要装置の代替調達先を提供する可能性がある。",[],[]
米上院議員、ゼレンスキー氏と28日会談　対ロ制裁法案の採決も（ロイター）,https://news.yahoo.co.jp/articles/35f12327abb604f17673c9a8ff1783a6f85cd84b,https://newsatcl-pctr.c.yimg.jp/t/amd-img/20260728-00000021-reut-000-1-view.jpg?exp=10800,2026-07-28T07:26:44+09:00,2026-07-28T07:26:44+09:00,ロイター,reut,ロイター,426,"ウクライナのゼレンスキー大統領。7月27日、英ポーツマスで代表撮影。REUTERS
[ワシントン ２７日 ロイター] - ウクライナのゼレンスキー大統‌領が、今月死去した米⁠共和党のリンゼー・グラム上院議員の葬儀のためワシ​ントンを訪問するのに合わせ、２８日夜に予定される‌同大統領との会談に上院議員１００人全員が招待された。上院‌の関係者２人が明‌らかにした。

上院はゼ​レンスキー氏の訪問中にも、グ‌ラム氏が推進していた対ロシア制裁法案‌の採決を開始​する見通しだという。

この‌法案は、今月グラム氏が急逝す⁠るまで約１年間にわたって停滞していた。ウクライナでの戦争資金源に⁠なっているロシア​のエネル‌ギー販売収入を断つことを狙いとしている。

議員らは支持を得るた⁠め、法案の関税率を従⁠来案の一律５００％から１００％に引き下げた。ただ、⁠法案を巡ってはトランプ氏に新たな権‌限が⁠与えられる可能性があ​るとして議会内で懸念が高まっている。",[],[]
オープンＡＩとエヌビディアＣＥＯ、上院情報委民主トップと会談へ（ロイター）,https://news.yahoo.co.jp/articles/2be63b0b4e3bff1f45b103a15082f5b5df0ab11f,https://newsatcl-pctr.c.yimg.jp/t/amd-img/20260728-00000020-reut-000-1-view.jpg?exp=10800,2026-07-28T07:17:32+09:00,2026-07-28T07:17:32+09:00,ロイター,reut,ロイター,596,"サム・アルトマン氏。2025年2月、都内で撮影。 REUTERS/Kim Kyung-Hoon
[ワシントン ２７日 ロイター] - 対話型人工知能（ＡＩ）「チャットＧＰＴ」を手がける米オープンＡＩのサ‌ム・アルトマン最高経営責任者（ＣＥＯ）と⁠米半導体大手エヌビディアのジェンスン・フアンＣＥＯが今週、上院情報委員会​の民主党筆頭委員であるウォーナー上院議員とワシントンで会談す‌ると、同議員の報道官が２７日明らかにした。

オープンＡＩは先週、自社の高性能ＡＩモデル‌を用いた自律型エ‌ージェントがセキュリティ​ーテスト中に暴走し、ＡＩ新興企業ハギングフェイス‌のシステムに侵入したと公表。最も強力な最新ＡＩモデルがも‌たらすリスクを巡​り、議員や業界関係者の間で懸‌念が広がった。

これを受けて議員らはＡＩモデルを連邦当⁠局が停止できるようにする「ＡＩキルスイッチ法案」を提案した。また、超党派の下院議員６人でつくるグ⁠ループは、最も強力なＡＩモデルの​開発者に対し、‌独立した第三者によるセキュリティー監査へのモデル提出を義務付ける法整備を求⁠めていることが、法案の写しで明ら⁠かになった。

ウォーナー氏の報道官は、会談で話し合⁠われる内容については明らかにしなかった。

ポリティコに‌よる⁠と、アルトマン氏はこのほか、ベセント​財務長官やラトニック商務長官とも会談する見通し。",[],[]
米財務省が制裁リストから84の企業・個人削除、金融機関の負担軽減（ロイター）,https://news.yahoo.co.jp/articles/30505569dcaac1ef5fd30a99323223ecf1ac0262,https://newsatcl-pctr.c.yimg.jp/t/amd-img/20260728-00000019-reut-000-1-view.jpg?exp=10800,2026-07-28T07:06:27+09:00,2026-07-28T07:06:27+09:00,ロイター,reut,ロイター,950,"ベセント米財務長官。7月16日、ワシントンで撮影。 REUTERS/Jonathan Ernst
Andrea Shalal

[ワシントン ２７日 ロイター] - 米財務省は２７日、同省が管理する制裁対象者リスト（ＳＤＮリスト）から８４件の企業や個人を削除したと‌発表した。制裁制度の効率化を進め、金融機関がより⁠重大なテロ資金供与案件への対応に集中できるようにする取り組みの一環だ。

ベセント財務長官は５月、制裁制度と関連リストの​大規模な見直しを開始。時代遅れとなった登録情報を整理し、金融機関のコンプライアンス負担を軽減する‌方針を打ち出していた。財務省はその後、７６件の制裁対象をリストから削除している。

財務省高官の１人は「制裁措置を効率的かつ的確なものと‌し、過去の政権下で積み上‌がった不要な項目を取り除くことが目的だ」と説​明した。

高官は、２０２４年には３０００件超が新たに指定されたのに対し、１７年は８８０件だった点に触れた上で「‌制裁は永久に適用するための手段ではない」と強調した。

今回削除された８４件の内訳は、死亡し‌た３６人とその関連登録、１９９１年または１９９２年に​指定されたイラク関連３３団体、コロンビアの麻薬組織に関す‌る７件の旧式登録、活動が停止した麻薬密売組織の首領８人となっている。

また財務省外国資⁠産管理局（ＯＦＡＣ）は２２件の個人・団体情報について、識別情報の不足や不明確な点を補足・修正した。出生地や生年月日、国籍、識別番号などの情報を充実させること⁠で、金融機関による制裁対象の照合作業を容易に​する狙いがある。

財務‌省によると、削除対象はいずれも関係省庁との協議を経て決定しており、米国の外交政策や国家安全保障上の利益を損なわないことを確認した。⁠必要に応じて再指定することも可能としている。

リスク管理会社⁠オブシディアン・リスク・アドバイザーズのブレット・エリクソン氏は、制裁リ⁠ストの簡素化によって金融機関が真に重大な脅威への対応に集中できるとの見方を示‌した。

財⁠務省は６月２９日、制裁対象となった個人や企業がリストからの削除を​申請できる新たなオンラインポータルを開設しており、制裁解除手続きの迅速化も進めている。",[],[]
米代表、仏の国連演説中に退席　人権トップ任期延長巡り対立（ロイター）,https://news.yahoo.co.jp/articles/190e471ab5830390e4a70c8c4504e95ef6e8b9e5,https://newsatcl-pctr.c.yimg.jp/t/amd-img/20260728-00000018-reut-000-1-view.jpg?exp=10800,2026-07-28T06:18:32+09:00,2026-07-28T06:18:32+09:00,ロイター,reut,ロイター,943,"２７日の国連安全保障理事会でウクライナ問題を議論する会合で、フランスが発言する際に米国代表団が退席した。トゥルク国連人権高等弁務官（写真）の任期延長を巡り対立が激化した。REUTERS/Mohamed Azakir/File Photo
Andrea Shalal

［ワシントン　２７日　ロイター］ - ２７日の国連安全保障理事会でウクライナ問題を議論する会合で、フランスが発言する‌際に米国代表団が退席した。人権問題を巡る採決に関⁠し、米国を北朝鮮やロシアなどと同列に扱ったフランスの発言を「不誠実な独り善がりのパフォーマンス」だと非難。​長年の同盟国である仏に対する強い反発を示した。

この退席は、常任理事国である米仏両国が週末にＸ上で激‌しくやり合った後に起きた。フランスは、トゥルク国連人権高等弁務官の任期をさらに４年延長する提案に対し、米国がロシ‌ア、北朝鮮など他の計９カ国ととも‌に反対票を投じたことを巡り、米政府を厳し​く批判していた。

これに対し、ウォルツ米国連大使は、トゥルク氏は米国や‌イスラエルなどの民主主義国を批判する一方、「世界最悪の抑圧者にすり寄っている」と主張。‌トゥルク氏を支持する仏​を批判した。詳細については触れなかった。

ロシアに‌よるウクライナ侵攻を議題とした安保理会合で、米国のニグレア国連次席代表は、⁠フランスの発言中に米代表団が退席したと説明。同国が「見下すような、無礼な発言を撤回する」まで、こうした対応を続けると述べた。

トゥルク氏⁠はロシアのウクライナでの戦争や、ガザにお​けるイスラエルの行動‌を強く批判してきた。さらに、米移民当局の拘束下での死亡事案について調査を求めてもきた。

国連総会は２４日、同氏の任期延長を、賛成１４４、反対１０、⁠棄権１３の圧倒的多数で可決した。

トゥルク氏の２期目を巡る対立は、⁠トランプ米政権と国連の間で緊張が深まっていることを反映している。

米政府は国連⁠機関への拠出金を削減しており、複数の国連関連組織から脱退している。

ハク国連事‌務総長副⁠報道官は米国の退席についてはコメントを控えたが、国連​としては全加盟国が総会を通じて下された決定を尊重することを期待していると述べた。",[],[]
米ドローン生産「困難な段階」、ウクライナをはるかに下回る＝国防総省（ロイター）,https://news.yahoo.co.jp/articles/f00bcbbc4c56ffc8c842e5798d63011f3bfd80e0,https://newsatcl-pctr.c.yimg.jp/t/amd-img/20260728-00000017-reut-000-1-view.jpg?exp=10800,2026-07-28T06:16:59+09:00,2026-07-28T06:16:59+09:00,ロイター,reut,ロイター,945,"米オハイオ州アッシュビルにある新興防衛企業アンドゥリルのドローン生産工場。３月撮影。REUTERS/Megan Jelinger
Mike Stone

［ワシントン　２７日　ロイター］ - 米国防総省の研究機関「国防イノベーションユニット（ＤＩＵ）」の副ディレクター兼最高執行責任者であ‌るトラビス・メッツ氏は２７日、米国は国内のドローン（無人⁠機）産業構築の取り組みにおいて、最も初期かつ困難な段階にあるとの認識を示した。米政府がドローンを米国製の部品​で製造するよう義務付ける規制を強化する中、米国の生産量はウクライナと比べてごくわずかな水準にとどまっ‌ていることを認めた。

メッツ氏はインタビューで、ウクライナは今年、小型のＦＰＶ（ファースト・パーソン・ビュー、一人称視点）攻撃‌ドローンを６００万─７００万機、月平均およそ５０万機‌のペースで生産する見通しだと説明。これに​対し、１１億ドル規模の国防総省の計画では、２月までの累計発注数は２０万機弱にとどまるとみられてい‌る。

メッツ氏は、「ゼロから２０万機に到達する方が、国内でより多くのドローンを製造できる能力が‌確立された後にさらに増産​するよりもはるかに難しい」と語った。

国防総省が導入し‌た、軍用ドローンを米国製部品で製造することを義務付ける規則により、生産の⁠大幅な拡大は一段と困難になった。７月２３日に公表されたサプライチェーン（供給網）枠組みの改訂版には、政府の最終目標は「完全に国内で完結した」小型無人航空機シ⁠ステムのサプライチェーンを構築することだ​とする文言が追加され‌た。

メッツ氏は、半導体など調達が困難な部品については、ドローン以外の分野で依然としてはるかに深刻な問題であり続けているとの見方も示した。

メッ⁠ツ氏によると、８月に開催される試験イベントに参加する１９社のドローン⁠には、中国製のブラシレスモーターやバッテリーパックといった禁止部品を含めるこ⁠とは一切許されないという。同氏は「ますます難しくなっている」と述べつつも、米‌国が最終⁠的にはウクライナのドローン産業に匹敵する規模になるとの見​通しを示し、「われわれがこの分野でも世界チャンピオンになれない理由はない」と語った。",[],[]
イラン軍事攻撃支持33％、開始以降最低　トランプ氏説明不足指摘 ＝ロイター／イプソス調査（ロイター）,https://news.yahoo.co.jp/articles/ad43e9ebd8be2598749ee1dfe0e7f36689f7bf73,https://newsatcl-pctr.c.yimg.jp/t/amd-img/20260728-00000016-reut-000-1-view.jpg?exp=10800,2026-07-28T06:05:03+09:00,2026-07-28T06:05:03+09:00,ロイター,reut,ロイター,821,"７月２７日、米ミシガン州で演説するトランプ米大統領　REUTERS/Evan Vucci
［ワシントン　２７日　ロイター］ - ロイター／イプソスが実施した最新の世論調査で、イランに対する軍事攻撃の支‌持率が３３％と、２月２８日の攻撃開始以降で最低水準を付けた。⁠回答者の過半数がトランプ米大統領が戦争の目的について十分な説明を行っていないと考えていること​も分かった。

調査は全米の成人を対象に２４─２６日に実施。トランプ大統領の支持率は３７％と、前月の調査から３％ポイント‌上昇した。前月の支持率は最低水準に並んでいた。

今回の調査では、６９％が「トランプ大統領はイランへの軍事関与の‌目的について十分な説明を‌行っていない」と回答。支持政党別では、​共和党支持者の約４割がトランプ氏は明確に説明していないと回‌答した。

ロイター／イプソス調査では、３月中旬以降、イランに対する軍事攻撃を支持するか‌質問。当時、支持する​との回答は３７％にとどまり、その後も支持率は一貫‌して４０％を下回っている。

状況の背景は異なるものの、２００３─１１年のイラク戦争では、開⁠戦から数カ月間にわたり約７０％の米国民が支持していた。また、０１─２１年のアフガニスタン戦争では、開戦初期に約９０％が支持していたことがギャラッ⁠プの調査で示されており、イランに対す​る軍事攻撃に対す‌る支持は、近年の他の戦争の比べ低い水準にある。

中間選挙が１１月に迫る中、軍事攻撃への反対意見が高まっていることがトランプ⁠政権と共和党に対する圧力になっており、無党派⁠の登録有権者の間で次回の連邦議会選挙で民主党候補を支持すると⁠答えた割合が３６％と、共和党候補を支持するとした２０％を上回った。今回の調査では、‌無党派⁠層の間で経済政策についても共和党より民主党を支持​する傾向があることも分かった。

調査はオンライン形式で実施。１２４６人から回答を得た。",[],[]
フーシ派、イランのホルムズ支配戦略をバベルマンデブで再現＝イエメン外相（ロイター）,https://news.yahoo.co.jp/articles/c553fd5eae05e72845bde3d01793565ea8a7fc6d,https://newsatcl-pctr.c.yimg.jp/t/amd-img/20260728-00000015-reut-000-2-view.jpg?exp=10800,2026-07-28T05:25:30+09:00,2026-07-28T07:56:16+09:00,ロイター,reut,ロイター,862,"イエメンのアデン港沖を航行する船舶。23日撮影。REUTERS/Stringer
Timour Azhari

［リヤド　２７日　ロイター］ - サウジアラビアが支援するイエメン暫定政府のアルズーバ外相は２７日、イランがホルムズ海峡‌周辺で国際航路の支配を強めようとしている手法を、⁠イエメンの親イラン武装組織フーシ派はバベルマンデブ海峡で再現しようとしているとの見方を示した。また、フーシ派​が勢いづいたのは、過去数年の商船攻撃に対する国際社会の対応が不十分だったためだと指摘した。

同氏は‌サウジの首都リヤドのイエメン大使館で少人数の記者団に対し「フーシ派はイランのモデルをまねようとしており、これによ‌ってペルシャ湾と紅海への‌入り口という主要な２つの海峡が閉鎖されること​になる」と述べた。

紅海はイラン紛争の新たな戦線となっており、フーシ派はサ‌ウジに対してミサイルやドローン（無人機）を発射し、同国への海上封鎖を宣言するなど‌対決姿勢を強めている。

これに​対しサウジは、フーシ派の軍事施設だとする標的への‌空爆で応じ、商業船舶を保護すると表明。フーシ派が外国の思惑に沿って行⁠動していると非難している。

今回の事態悪化は、イエメンの紛争再燃も招きかねない状況だ。同国では、フーシ派が２０１４年に首都サヌアを制圧したことを受け、サウ⁠ジがアラブ諸国連合を主導して介入し、その後の​戦闘で数十万人が‌死亡した。

２２年には停戦が成立したが、最近の越境攻撃の応酬で停戦は破られており、サウジ当局者や西側外交筋、イエメン当局者は、全面戦争⁠への回帰が停戦成立以降のどの時点よりも現実味を帯びて⁠いるとみている。

アルズーバ氏は、イエメン暫定政府が事態の悪化に備えていると表⁠明。紅海からサウジ国境まで同国北西部に及ぶ前線に沿って攻撃が起きているものの、‌双⁠方ともまだ本格的な攻勢には出ていないと述べた。

その上で「平和​的手段であれ、そうでない手段であれ、この紛争は今、終わらせる必要がある」と語った。",[],[]
トランプ氏、上院に夏時間恒久化法案の可決促す（ロイター）,https://news.yahoo.co.jp/articles/349e01d817132fba25765555d92e2a1bd19f03b5,https://newsatcl-pctr.c.yimg.jp/t/amd-img/20260728-00000014-reut-000-1-view.jpg?exp=10800,2026-07-28T05:15:32+09:00,2026-07-28T05:15:32+09:00,ロイター,reut,ロイター,232,"トランプ米大統領。7月24日、ホワイトハウスで撮影。REUTERS/Evelyn Hockstein
[２７日 ロイター] - トランプ米大‌統領は２７日、夏⁠時間（サマータイ​ム）を恒久化する法案‌について、「上院が承‌認してく‌れること​を願って‌いる」と述べ、上‌院に​可決を促した。

下‌院は１４日、夏季に時⁠計を１時間進める夏時間を恒久⁠化す​る法‌案を圧倒的多数で可決した。⁠ただ、⁠反対意見も根強く、⁠上院で可決‌され⁠るかどうかは​なお不透明だ。",[],[]
米国株式市場＝まちまち、ハイテク決算見極め　利上げ警戒感も（ロイター）,https://news.yahoo.co.jp/articles/df078753add65470126519fe5177fec067df91dc,https://newsatcl-pctr.c.yimg.jp/t/amd-img/20260728-00000013-reut-000-2-view.jpg?exp=10800,2026-07-28T05:12:24+09:00,2026-07-28T06:25:15+09:00,ロイター,reut,ロイター,3918,"2022年11月、ニューヨーク証券取引所（NYSE）前で撮影。REUTERS/Brendan McDermid//File Photo
Noel Randewich

［ニューヨーク　２７日　ロイター］ - 米国株式市場はまちまち。ハイテク大手の業績見通しが引き続き注視されている。また、原油価格の高止まりを受‌け、米連邦準備理事会（ＦＲＢ）が利上げを余儀なくされるとの懸念が広が⁠った。

マイクロソフト、アマゾン・ドット・コム、メタ・プラットフォームズ、アップルが今週、四半期決算を発表する予定だ。投資家の間では、人工知能（ＡＩ）​への楽観論に支えられてきた数年にわたる上昇相場が勢いを失いつつあるのではないかとの疑念が出ている。

先週はテスラとアルファベッ‌トの四半期決算でＡＩ関連の巨額支出が明らかになり、投資家の不安を誘った。

この日はウォルマートが２．１％、マイクロソフトが１．９％、ジョンソン・エンド・ジョンソン（Ｊ＆Ｊ）が１％それぞれ‌上昇し、Ｓ＆Ｐ総合５００種のプラス圏維持に寄与し‌た。

原油相場はこの日、１週間ぶりの安値に下落した。トランプ米大統​領がイランと良好な協議を行っており、和平合意の可能性があると述べたことが背景。ただトラン‌プ氏は、交渉が不調に終われば米国は攻撃を再開するとも警告した。

原油価格は先週、中東で船舶への新たな攻撃が‌発生したことを受けて急騰し、北海​ブレント先物は１バレル＝１００ドルを突破していた。

Ｓ＆Ｐ５００の１１業種のうち７業種が上昇。主要‌消費財が１．５８％高で上げを主導した。

フィラデルフィア半導体指数は直近の下落基調が続き、２．２％安となった。６月２２日に付けた終値の⁠最高値から２１％下げているが、年初来では依然として６３％高となっている。

ＵＳバンク・アセット・マネジメント・グループの資本市場調査・ポートフォリオ構築部門責任者ビル・マーツ氏は「きょうはこれまで見られ⁠てきた循環物色相場の継続を示している」と指摘。「相場​の反応の一部は、利上げが‌行われるのではないかとの疑念に関連している可能性がある」と述べた。

原油価格の下落を受けて、石油関連株が売られた。オキシデンタル・ペトロリアムは４．１％安、エクソンモービルは１．４％安。

ＦＲＢの⁠連邦公開市場委員会（ＦＯＭＣ）結果は２９日に発表される。ＣＭＥのフェドウオッチによると、市場⁠が織り込む金利据え置きの確率は６２％、０．２５％ポイント利上げの確率は３８％となっている。

Ｓ＆Ｐ５００では値上がり銘柄数が値下がり銘⁠柄数を１．９対１の比率で上回った。

米取引所の合算出来高は１５８億株。直近２０営業日の平均は１８２億株。

                                          終値      前日比       ％        始値       高値        安値  コード          

           ダウ工業株３０種                 52210.08  +262.83   +0.51  52173.42  52607.7  51985.38            

                                                                               8                      

           前営業日終‌値                   51947.25                                                          

           ナスダ⁠ック総合                  24932.08   -43.74   -0.18  25236.19  25261.9  24774.87            

                                                                               1                      

           前営業日終値                   24975.82                                                          

           Ｓ＆Ｐ総合５００種                 7413.18    +1.20   +0.02   7464.20  7480.57   7382.74            

           前営業日終値                    7411.98                                                          

           ダウ輸送株２０種                 22066.31  -409.85   -1.82                                         

           ダウ公共株１５種                  1157.15   -15.53   -1.32                                         

           フィラデルフィア半導体              11554.88  -264.01   -2.23                                         

           ＶＩＸ指数                       18.67    +0.09   +0.48                                         

           Ｓ＆Ｐ一般​消費財                  1788.58   +13.61   +0.77                                         

           Ｓ＆Ｐ素材                      639.85    +1.66   +0.26                                         

           Ｓ＆Ｐ工業                     1550.31    +4.92   +0.32                                         

           Ｓ＆Ｐ主要消費財                   945.02   +14.72   +1.58                                         

           Ｓ＆Ｐ金融                      946.38    +9.41   +1.00                                         

           Ｓ＆Ｐ不動産                     291.65    -1.45   -0.49                                         

           Ｓ＆Ｐエネルギー                   895.92   -18.40   -2.01                                         

           Ｓ＆Ｐヘルスケア                  1903.62    +9.82   +0.52                                         

           Ｓ＆Ｐ通信サービス                  439.68    +6.33   +1.46                                         

           Ｓ＆Ｐ情報技術                   6498.42   -63.40   -0.97                                         

           Ｓ＆Ｐ公益事業                    463.85    -6.23   -1.32                                         

           ＮＹＳＥ出来高                   12.70億株                                                          

           シカゴ日経先物9月限                   ドル建て    64100  - 1070    大阪比                                  

           シカゴ日経先物9月限                    円建て    64055  - 1115    大阪比",[],[]
ＮＹ外為市場＝ドル軟調、対円でなお163円台後半　日米中銀会合に注目（ロイター）,https://news.yahoo.co.jp/articles/3c4bd94283e9b755022ab6733d595f6dc3c9e5e8,https://newsatcl-pctr.c.yimg.jp/t/amd-img/20260728-00000012-reut-000-2-view.jpg?exp=10800,2026-07-28T05:05:08+09:00,2026-07-28T06:03:06+09:00,ロイター,reut,ロイター,1774,"２００９年１１月撮影　REUTERS/Yuriko Nakao
［ニューヨーク　２７日　ロイター］ - ニューヨーク外為市場では、米国がイランに対する攻撃を一時停止したことを受け原油価格が下落したことなどを背景に、‌ドルが円やユーロなどの主要通貨に対して軟調に推移した。市場では週内に⁠相次ぐ主要中央銀行の政策決定会合が注目されている。

終盤の取引でドル／円は０．１％安の１６３．７４円。前週は一時１６３．９８円まで上昇し、１９８６年１１月以来、約４０年ぶりのドル高・円安水準を付けていた。

ユーロ／ドルは一時０．４％上昇した後、​上げ幅を縮小し、ほぼ横ばいの１．１３７１ドル。

米国とイランは２週間にわたり攻撃の応酬を続けてきたが、週末に攻撃を一時停止。外交的解決への期待が高まる中、この‌日の取引で原油先物は約８％下落した。

こうした中、ドル相場はやや軟調。調査・戦略会社マクロ・ハイブのリサーチャー、ベンジャミン・フォード氏は「ドル相場は下落したも‌のの、米国債利回りの低下幅が他の国・‌地域より小さかったことを背景に、ドル相場はやや値を戻した」​と指摘。市場では米連邦準備理事会（ＦＲＢ）が２８─２９日の日程で開く連邦公開市場委員会（ＦＯＭＣ）が注目されている。

５月に就任したウォ‌ーシュＦＲＢ議長が金融政策の先行きについてほとんど手掛かりを示しておらず、市場が織り込む今回のＦＯＭＣで０．２５％ポイントの利上げが実施され‌る確率は約３３％。ＣＭＥフェドウォッチによると、​確率は前週末時点の３７％から低下したものの、１週間前と比べると約２倍の水準に‌なっている。

ゴールドマン・サックスの米国担当チーフエコノミスト、デービッド・メリクル氏は「ＦＲＢはＦＯＭＣ声明で、地政学的対⁠立の再燃によるインフレ上振れリスクに言及する可能性がある」と予想。「ウォーシュ議長も記者会見で同様の見解を示す公算が高い」との見方を示した。

市場では、米経済の先行きを見極めようと、週内に発表される第２・四⁠半期国内総生産（ＧＤＰ）統計や、ＦＲＢがインフレ指標として重視するコア個​人消費支出（ＰＣＥ）価格指数など‌にも注目されている。

今週は日銀が３０―３１日に金融政策決定会合、イングランド銀行（英中央銀行）が３０日に金融政策委員会を開くなど、主要中銀の決定会合が目白押し。両中銀ともインフレ動向に慎重な姿勢を維持⁠した上で、金利据え置きを決定するとの見方が大勢になっている。

円相場が対ドルで⁠先週付けた約４０年ぶり安値圏にとどまる中、日銀は円安に歯止めをかけるため追加利上げの可能性を残すと見られ⁠ている。ただ、政策当局者は利上げの時期やペースについては明確な指針を示さない公算が大きい。

マクロ・ハイブのフ‌ォード氏⁠は「当局が介入に動くには、ドル相場が天井を打ったという明確な証拠が必要だ」と​し、「政府・日銀が為替介入を実施するチャンスは過ぎ去ったように見える」と述べた。

英ポンド／ドルは０．１％安の１．３３０８ドル。 

           ドル／円　ＮＹ終値                        163.74/163.76          

           始値                               163.57          

           高値                               163.79          

           安値                               163.59          

           ユーロ／ドル　ＮＹ終値                      1.1367/1.1370          

           始値                               1.1395          

           高値                               1.1396          

           安値                               1.1368",[],[]
ＬＶＭＨ第2四半期は増収、米富裕層の需要が欧州不振補う（ロイター）,https://news.yahoo.co.jp/articles/f11dbd82042c9a51cb42fec765196a8b08303fcf,https://newsatcl-pctr.c.yimg.jp/t/amd-img/20260728-00000011-reut-000-1-view.jpg?exp=10800,2026-07-28T04:57:34+09:00,2026-07-28T04:57:34+09:00,ロイター,reut,ロイター,1271,"2026年6月23日、パリのイベントで発表された「ルイ・ヴィトン」の2027年春夏コレクションショー。REUTERS/Gonzalo Fuentes
Dominique Patton

[パリ ２７日 ロイター] - 仏高級ブランド大手ＬＶＭＨが２７日発表した第２・四半期決算は、売上高が小幅増加した。米国の富裕層による旺盛な需要が欧州の消費低迷を補っ‌た。

売上高は、為替変動の影響を調整したオーガニックベースで前年同期比３％増の１９５億⁠ユーロ（２２２億ドル）だった。ビジブル・アルファがまとめたアナリスト予想とほぼ一致した。

伸びをけん引したのは米国で、売上高は６％増と、第1・四半期の３％増から加速した。ＬＶＭＨは、人工​知能（ＡＩ）・テクノロジー分野の好況などで生まれた新たな富を背景に、需要が力強かったと説明した。

事業別で最も伸びが大きかったのは時計・宝‌飾品部門で、オーガニック売上高は前四半期の７％増から加速し、１１％増となった。ティファニーとブルガリは１５％前後の伸びを記録し、富裕層が「ソフトラグジュアリー」よりも宝‌飾品を選好する傾向が続いた。

カバニス‌最高財務責任者（ＣＦＯ）はアナリストとの電話会見で「マクロ環境の​不安定さが続いているにもかかわらず、上半期は全地域でトレンドが改善した。高級品、特に当社‌製品に対する消費意欲は強い」と述べ、精彩を欠いた第１・四半期決算後よりも自信を示すトーンで語った。

同社の営業利益の大‌半を稼ぐファッション・レザー​グッズ部門は、主に米国消費者に支えられ、オーガニックベースで１％増と‌なった。同部門としては２年ぶりの四半期増収となったが、アナリストが予想していた１．７％増には届かなかった。

欧州の⁠高級ブランド各社は、過去最高圏の株式市場が生み出す富を取り込もうと、店舗開設やファッションイベント開催などで米国市場への注力を強めている。

ただ、ＬＶＭＨの比較的緩やかな売上高の伸びが、高級品業界が２年⁠に及ぶ低迷から明確に脱しつつあると投資家を安心させるのに​十分かどうかは、依然とし‌て疑問が残る。

バーンスタインのアナリストは投資家向けの初動反応で「株価を支え、投資家の関心を引くのに十分な内容かどうか疑問だ」と述べた。

ＬＶＭＨの米国上場株は１．６％安。一時は昨年６月以来の安⁠値を付けた。

同社株は年初来で２８％下落しており、欧州の大型株の中でも下落率が大きい部⁠類に入る。

ＲＢＣのアナリストは「予想を上回るマージンと利益を踏まえれば、今回の決算は安心感を与える内容だ。⁠ただ、比較対象がますます厳しくなる中で、下半期の市場予想が達成可能かどうかについては疑問が呈さ‌れるだろ⁠う」と指摘した。

上半期のＬＶＭＨ売上高はオーガニックベースで２％増となったが、報告ベースでは３％減の３８６億ユー​ロだった。同期間の営業利益は４％減の８７億ユーロ。為替変動により約７億ユーロの減益要因となったが、営業利益率は２２．５％とほぼ横ばいだった。",[],[]
原油先物1週間超ぶり安値、米が対イラン攻撃停止　ホルムズ再開に期待（ロイター）,https://news.yahoo.co.jp/articles/9b18c322aa9266612bfe06fb2aa278ac6f47b600,https://newsatcl-pctr.c.yimg.jp/t/amd-img/20260728-00000010-reut-000-1-view.jpg?exp=10800,2026-07-28T04:52:43+09:00,2026-07-28T04:52:43+09:00,ロイター,reut,ロイター,571,"イラン南部バンダルアッバス沿岸付近のホルムズ海峡を航行する船舶。２７日撮影の提供写真。Razieh Poudat/ISNA/via WANA (West Asia News Agency)via REUTERS
Shariq Khan

［ニューヨーク　２７日　ロイター］ - 米国時間の原油先物は急落‌し、１週間超ぶりの安値で終了⁠した。米国が週末に対イラン攻撃を停止したことを受け、​ホルムズ海峡の再開につながる外交的解決への期‌待が高まった。

清算値は、北海ブレント先物が８．４２ドル（８．７％）安‌の１バレル＝８８．３６ドルと、７月１７日‌以来の安値。米ＷＴＩ先物は６．７０ド​ル（７．５％）安の８２．６１ドルと、７月１６日以来の安値で引けた。

イ‌ランと米国の戦闘は週末に沈静化してい‌る。米軍はこ​れまで１３日連続でイランを攻‌撃していたが、週末は空爆を見送り、⁠イランによる周辺国への攻撃も報告されなかった。

米国のウォルツ国⁠連大使は２６日、米軍がイラン​への攻撃‌を一時停止したことについて、外交交渉の余地を広げるためだ⁠とＦＯＸニュースの番組で説明した。

た⁠だ、トランプ氏は２７日、米国がイランと「踏み⁠込んだ協議」を行っているとしつつ‌も、⁠外交が失敗に終われば「強力な​軍事行動」を取る用意があると警告した。",[],[]
ルーマニア、ロシア外交官1人を国外退去処分　相次ぐドローン領空侵犯巡り（ロイター）,https://news.yahoo.co.jp/articles/a1a7ee39392a8df0350f1c832cb3be73c0dce93e,https://newsatcl-pctr.c.yimg.jp/t/amd-img/20260728-00000009-reut-000-1-view.jpg?exp=10800,2026-07-28T04:22:02+09:00,2026-07-28T04:22:02+09:00,ロイター,reut,ロイター,350,"２０１６年４月、ロシアの首都モスクワの外務省本庁舎　REUTERS/Maxim Zmeyev
［モスクワ　２７日　ロイター］　 - ルーマニア外務省‌は２７日、ドローン（無人⁠機）による領空侵犯が相次いだことを受​け、ロシア大使館所属の外交官１人を国‌外退去処分にしたと発表した。

ロシアが‌隣国ウクライ‌ナに対する攻​撃を続ける中、ルーマニア‌の領空にドローンが侵入する事‌例が相次​いでおり、ルーマ‌ニア空軍は２４日から３日間で合計３機⁠のドローンをＦ１６戦闘機で撃墜した。

在ルーマニアのロシア⁠大使館は、ロ​シアがル‌ーマニア国内の目標に向けてドローンを飛行⁠させたことは一度⁠もないとし、「根拠のない非難」⁠としてルーマニアの主張‌を退⁠けた。ロシア政府​は対抗措置を講じるとしている。",[],[]
欧州市場サマリー（27日）（ロイター）,https://news.yahoo.co.jp/articles/f0c82877fd791c0fea5be4edc535b4dc461e4d0b,https://newsatcl-pctr.c.yimg.jp/t/amd-img/default.jpg?exp=10800,2026-07-28T04:00:06+09:00,2026-07-28T04:00:06+09:00,ロイター,reut,ロイター,4975,"＜ロンドン株式市場＞　小幅に続伸して取引を終えた。米イラン間の攻撃停止で中東情勢を巡る懸念がいったん和らいだ。中型株で構成するＦＴＳＥ２５０種指数は０．４１％上昇した。    米国は週末、イランへの攻撃を一時停止した。イランの高‌官はロイターに対し、米国の攻撃停止が続く間はイランも攻撃を控えると述べた。    原油先物価格が値下⁠がりし、ＦＴＳＥ３５０種石油・ガス株指数は１．４７％安。    一方、旅行・娯楽関連株指数は１．７０％高。英航空大手ブリティッシュ・エアウェイズ（ＢＡ）の親会社ＩＡＧは１．５％、飲食店・ホテルチェーンを展開するウィットブレッドは０．９％それぞれ上昇した。    通信株指数は３．９４％高。通信大手のボーダフォンは４．８％上昇。２０２７年３月期の通期​コア利益見通しを引き上げたことが好感され、買われた。    製薬・バイオテクノロジー株指数は１．８４％上昇。製薬大手アストラゼネカは１．７％高。直近四半期の利益が市場予想を上回ったことが好感された。２６年１２月期の通期業績見通しについて‌は据え置いた。    週内は、マイクロソフトやアップルなど米ＩＴ大手が決算発表を予定。米連邦準備理事会（ＦＲＢ）とイングランド銀行（英中央銀行）の政策決定発表にも注目が集まっている。 

ロンドン株式市場：[.LJP]

＜欧州株式市場＞　小幅に続伸して取引を終えた。米イラン間の緊張が和‌らいだものの、ハイテク株が売られ相場は伸び悩んだ。    米‌国は週末、イランへの攻撃を一時停止した。イランの高官はロイターに対し、米国の攻撃​停止が続く間はイランも攻撃を控えると述べた。    テクノロジー株指数は１．７３％安。オランダの半導体製造装置メーカーＡＳＭＬホールディングは８．４％安。ＡＳＭＬが強みとする液浸型深紫‌外線（ＤＵＶ）露光装置について中国企業が製造を開始したと伝わった。同業ＡＳＭインターナショナルは７．１％、ＢＥセミコンダクターは９．７％それぞれ下落した。    ブレント原油先物価格が値下がりし、旅行・娯楽関連株‌指数はコスト軽減につながるとの見方から１．９２％高。ドイツの​航空大手ルフトハンザは１．９％、英航空大手ブリティッシュ・エアウェイズ（ＢＡ）の親会社ＩＡＧは１．５％、欧州格安‌航空大手ライアンエアは１．０％いずれも上昇した。一方、石油・ガス株指数は２．０４％安。    セブン＆アイ・ホールディングス が出資見送りを決定し、ポーランドのコンビニエンスストア⁠大手ジャプカ・グループは９．６％下落した。    週内は、米連邦準備理事会（ＦＲＢ）の政策決定発表のほか、米ＩＴ大手の決算発表に注目が集まっている。 

欧州株式市場：[.FJ]

＜ユーロ圏債券＞　域内国債利回りが低下した。トランプ米大統領がイランへの攻撃を停止すると決定したことを受けて原油価格が下落、短期的なインフレ懸念が和らいだ。イラン⁠高官は２６日、米国の攻撃停止が続く間はイランも攻撃を控えるとロイターに述べた。ト​ランプ大統領は側近から、標的が尽きつ‌つあるほか、米軍の兵器備蓄が枯渇する恐れがあるとの懸念を伝えられ、作戦の一時停止を決定した。これを受け、原油価格は９．５％急落。ホルムズ海峡の再開を巡る外交的解決への期待が高まった。    欧州中央銀行（ＥＣＢ）の政策金利見通しに敏感な独２年債利回りは４．３ベーシスポイント（ｂｐ）低下の２．７７７％。⁠先週は一時２．８９３８％と、２年ぶり高水準を付けた。    独１０年債利回りは５ｂｐ低下の３．１２４％。先週は２０１１年５月以来の高水準となる３．２１１８％を付けていた。この日発表の経済指標では、独ＩＦＯ経⁠済研究所が発表した７月の業況指数は８６．６で、６月の８５．７（小幅に上方改定）から上昇。上昇は３カ月連続となった。金融市場ではＥＣＢの利上げ観測が若干後退しており、中銀預金⁠金利が現行の２．２５％から１２月の理事会で２．６８％、２７年２月には２．７３％になるとみている。先週の時点では２．７５％まで引き上げられるとの見方を完全に織り込んでいた。    イタリア１０年債利回りは６ｂｐ低下の３．９４２％。独伊１０年債利回り格‌差は７９ｂｐとなった。

ユーロ圏金⁠融・債券市場：[DE/BJ]

           ＜為替＞             欧州終盤   アジア市場終盤  コード                          

           ユーロ／ドル           1.137  1.1395                                

                            4                                           

           ドル／円             163.7  163.51                                

                            0                                           

           ユーロ／円            186.2  186.36                                

                            2                                           

                                                                         

           ＜株式指数＞           終値     前日比      ％       前営業日終値    コード          

           ＳＴＯＸＸ欧州６００種      644.6  +0.11    +0.02   644.51              

                            2                                           

           ＦＴＳＥユーロファースト３００  2577.  -1.11    -0.04   2578.51             

           種                40                                          

           ユーロＳＴＯＸＸ５０種      6282.  +1.27    +0.02   6280.94             

                            21                                          

           ＦＴＳＥ１００種         10781  +45.52   +0.42   10736.23             

                            .75                                         

           クセトラＤＡＸ          25361  +262.03  +1.04   25099.00            

                            .03                                         

           ＣＡＣ４０種           8406.  +33.78   +0.40   8372.28             

                            06                                          

                                                                         

           ＜金現​物＞            午後              コード                          

           値決め              4075.                                        

                            00                                          

                                                                         

           ＜金利・債券＞                                                       

           米東部時間14時43分                                                   

           ＊先物              清算値    前日比      前営業日終盤  コード                  

           ３カ月物ユーロ          97.51  0.00     97.51                        

           独連邦債２年物          105.5  +0.09    105.41                       

                            0                                           

           独連邦債５年物          114.0  +0.30    113.78                       

                            8                                           

           独連邦債１０年物         124.9  +0.51    124.46                       

                            7                                           

           独連邦債３０年物         107.2  +0.70    106.52                       

                            2                                           

           ＊現物利回り           現在値    前日比      前営業日終盤  コード                  

           独連邦債２年物          2.778  -0.044   2.826                        

           独連邦債５年物          2.862  -0.053   2.915                        

           独連邦債１０年物         3.131  -0.048   3.149                        

           独連邦債３０年物         3.617  -0.034   3.649",[],[]
米エヌビディア、新興ＡＩ企業ＳＳＩに50億ドル出資へ＝関係筋（ロイター）,https://news.yahoo.co.jp/articles/51eaa77f6168d0566e6a201ad88a8d20c4e128c8,https://newsatcl-pctr.c.yimg.jp/t/amd-img/20260728-00000007-reut-000-1-view.jpg?exp=10800,2026-07-28T03:14:49+09:00,2026-07-28T03:14:49+09:00,ロイター,reut,ロイター,406,"オープンＡＩの元最高科学責任者イ​リヤ・サツキバー氏。カリフォルニア州オークランドで５月撮影。REUTERS/Manuel Orbegozo
Deepa Seetharaman

［サンフランシスコ　２７日　ロイター］ - 米半導体大手‌のエヌビディアは、⁠オープンＡＩの元最高科学責任者イリヤ・​サツキバー氏が共同創業したＡＩ新興企業セ‌ーフ・スーパーインテリジェンス（ＳＳＩ）に対‌し、戦略‌的提携の一環とし​て５０億ドルの株式出資を‌行う予定であることが分かった。‌この取​引について説明を受け‌た関係者が明らかにした。

両社⁠によると、今回の資金調達によりＳＳＩが利用可能なコン⁠ピューティングリ​ソー‌スが増強されるという。また、エヌビディアの最⁠先端ハードウエア「ベ⁠ラ・ルービン」へのアクセ⁠スもＳＳＩに提供される。

両社は２７日朝、今回‌の提⁠携を発表したが、​財務条件は明らかにしていない。",[],[]
中国、新興ＡＩ巡る米盗用指摘を非難　対抗措置の可能性も（ロイター）,https://news.yahoo.co.jp/articles/0ed95579905cae6e76f851035519899953808119,https://newsatcl-pctr.c.yimg.jp/t/amd-img/20260728-00000006-reut-000-1-view.jpg?exp=10800,2026-07-28T02:33:40+09:00,2026-07-28T02:33:40+09:00,ロイター,reut,ロイター,841,"2023年6月7日、中国・北京で開催された公共の安全・セキュリティーに関する展示会「Security China」のAIロボットブースで撮影。REUTERS/Florence Lo
Eduardo Baptista

[北京 ２７日 ロイター] - 中国商務省は２７日、人工知能（ＡＩ）を手がける新興企業「月之暗面（ムーンショッ‌トＡＩ）」が発表した新モデルを巡り、米国が自⁠国企業の技術の盗用の疑いがあるとして調査や制裁、貿易制限の対象となる可能性があると指摘し​たことに対し、「ＡＩ覇権主義」だとして非難し、対抗措置を講じる可能性を示した。

ムーンショットＡＩはこのほ‌ど、高度な性能と評価される新ＡＩモデル「Ｋｉｍｉ Ｋ３」を発表。米ＡＩ新興のアンソロピックはこれに先立つ２月、自社のＡＩモデル「クロード」‌に対し、ムーンショ‌ットＡＩに関連する３４０万件超のやりとりがあったこと​を確認したと明らかにしている。

米ホワイトハウス科学技術政策局（ＯＳＴＰ）‌のクラツィオス局長は先週、ムーンショットＡＩが新モデルの開発に当たって「蒸留」‌と呼ばれる手法を用​いてアンソロピックの「クロード・フェイブ‌ル５」を不正利用した情報を米政権が入手したと明らかにした。エ⁠ヌビディアの高性能ＡＩチップ「ＧＢ３００」を搭載したサーバーを取得し、タイでＡＩモデルのトレーニングに使用した可能性があるとも主張した。ベセ⁠ント米財務長官はその後、「中国企業が​産業規模で秘‌密裏に『蒸留』攻撃を行い、一線を越えて知的財産を窃取したのなら、制裁やエンティティリスト（貿易制限リスト）へ⁠の指定が選択肢となる」と述べていた。

中国商務省は⁠これらの主張に対し、米政権は事実や法的根拠が不足しているにも⁠かかわらず制裁で威嚇していると指摘。商務省報道官は声明で「国益に‌実質⁠的な損害を与えるいかなる行為に対しても、中国はあ​らゆる必要な措置を講じ、正当な権利と利益を断固として守る」と述べた。",[],[]
トランプ氏、ＦＲＢに利下げ要求　ウォーシュ議長は「素晴らしい」（ロイター）,https://news.yahoo.co.jp/articles/52105d3f5753dd1341cb88520ef98b21826e56de,https://newsatcl-pctr.c.yimg.jp/t/amd-img/20260728-00000005-reut-000-1-view.jpg?exp=10800,2026-07-28T02:08:52+09:00,2026-07-28T02:08:52+09:00,ロイター,reut,ロイター,384,"７月２７日、米メリーランド州のアンドリュース合同基地撮影　REUTERS/Evan Vucci
[ワシントン　２７日　ロイター] - トランプ米大統領は２７日、‌米国の政策金利は世⁠界で最も低水準にあるべきだと述べ、米​連邦準備理事会（ＦＲＢ）に対し利下げを求めた。

ト‌ランプ氏は大統領専用機「エアフォース‌ワン」内で記‌者団に対し、「金​利は引き下げられなけ‌ればならない。米国より金利が低い‌国々がある。​米国の金利は世界で最‌も低水準にあるべきだ」と⁠述べた。

５月に就任したＦＲＢのウォーシュ議長については「⁠素晴らしい人物だ​が、ウォ‌ーシュ議長には理事会があり、その理事会のメン⁠バーは極めて政治的だ」⁠と指摘。自身はウォーシ⁠ュ氏が何をしたいと考えている‌か理⁠解していると語った。

ＦＲＢは２８－２９日​に連邦公開市場委員会（ＦＯＭＣ）を開く。",[],[]
トランプ氏、イランと「友好的な協議」　進展の可能性示唆（ロイター）,https://news.yahoo.co.jp/articles/71e65faa02af7ca7bc03c42551c0e78471c6827d,https://newsatcl-pctr.c.yimg.jp/t/amd-img/20260728-00000004-reut-000-2-view.jpg?exp=10800,2026-07-28T01:52:35+09:00,2026-07-28T04:53:25+09:00,ロイター,reut,ロイター,373,"トランプ米大統領。7月8日、大統領専用機上で撮影。REUTERS/Jonathan Ernst
Bo Erickson

[ワシントン ２７日 ロイター] - トランプ米大統‌領は２７日、米国が現在イラン⁠と良好な協議を行っており、合意を巡り「​何かが起こる可能性が高い」と述べた。

ト‌ランプ大統領はミシガン州に向かう大統‌領専用機上で‌記者団に対し、イ​ラン問題に対処する時‌間は「十分にある」という認識も示‌した。

また、​ロシアがイランに衛星‌画像を提供して支援してい⁠るかどうかについて、「プーチン大統領に聞いて⁠みる」と述べた。

トラ​ンプ大統‌領はその後、ミシガン州で開かれた集会で、イラ⁠ンについて賄賂では勝⁠てない。力で打ち負かすし⁠かない」としつつも、「現段階‌では⁠非常に友好的な協議が​行われている」と改めて語った。",[],[]
ゼレンスキー氏が訪英、バーナム新首相と会談　明日トランプ氏と会談（ロイター）,https://news.yahoo.co.jp/articles/4756f7daa2c691c5504dcbc02e92d32dd5048257,https://newsatcl-pctr.c.yimg.jp/t/amd-img/20260728-00000003-reut-000-1-view.jpg?exp=10800,2026-07-28T01:42:04+09:00,2026-07-28T01:42:04+09:00,ロイター,reut,ロイター,574,"７月２７日、英国のポーツマス海軍基地で会談するバーナム新英首相とウクライナのゼレンスキー大統領　 Simon Jones/Pool via REUTERS
[ロンドン　２７日　ロイター] - ウクライナのゼレンスキー大統領は２７日、英国を‌訪問し、バーナム英新首相と会⁠談した。バーナム氏が就任後に外国首脳を迎えるのはゼレンスキー氏が​初めて。英国のウクライナ支援が揺るぎないものであることを‌改めて示す動きとなる。

英首相府によると、両首脳は海軍基地で会談。バー‌ナム氏は「英国の‌ウクライナに対する支援は​揺るがない」と改めて表明。「ロシアはわれわれ‌の決意を疑うべきではない。ウクライナにとって長期‌的、かつ公正​な平和が実現されるまで、決して後‌退しない」と述べた。

また、ウクライナのドロー⁠ン（無人機）を防護するため、英国が独自開発した新たなジャミング（通信の妨害）対策⁠技術を提供すると明らかに​した。

ゼレンスキ‌ー氏は英国滞在中、英国で実施されている海上安全保障、対機雷訓練「シー・ブ⁠リーズ演習」に参加している２００人超のウ⁠クライナ軍兵士や海軍関係者と面会する。同演習⁠は将来的な黒海での任務に向けた準備を目的とし‌てい⁠る。

ゼレンスキー氏は英国訪問後に米国​を訪れ、ワシントンで２８日にトランプ米大統領と会談する。",[],[]
中国、米新関税の撤回求める　強制労働理由は不当と主張（ロイター）,https://news.yahoo.co.jp/articles/adedfc38a88da78f276c97353f6b6c5becbb8b84,https://newsatcl-pctr.c.yimg.jp/t/amd-img/20260728-00000002-reut-000-1-view.jpg?exp=10800,2026-07-28T00:44:48+09:00,2026-07-28T00:44:48+09:00,ロイター,reut,ロイター,693,"２０１１年１１月、米ワシントンで撮影　REUTERS/Hyungwon Kang
［北京　２７日　ロイター］ - 中国商務省は２７日、強制労働問題を理由に中国製品に課された米国の新‌たな関税は不当だとして撤回を求めた。⁠今年９月の習近平国家主席の訪米を控える中で取られた今回の措置により、米中が昨年同意し​た貿易休戦が損なわれる恐れがある。

トランプ米政権は２４日、欧州連合（ＥＵ）や中国、日‌本など６０カ国・地域からの輸入品を対象に、通商法３０１条に基づき１０％または１２．５％の新たな関税を発動した。各国が‌強制労働で生産された‌製品の輸入禁止措置を十分に講じて​いないためとしている。中国には１２．５％の追加税率を適用した。

中‌国商務省は声明で、新たな関税措置について、一方的であり、典型的な‌保護主義に当たる​と指摘。「中国は一貫して強制労働を防‌止・撲滅するための包括的な労働法・規制体系を確立して⁠いる。米国は１９３０年の強制労働条約を批准していないだけでなく、長年にわたり強制労働の問題を巧みに操作してきた」と主⁠張し、「米国には慣行の是正と、関連す​る一方的な関税措‌置を完全に撤回するよう強く求める」と述べた。

ただ、今回の１２．５％の関税は、米政権が貿易協議で中国製品に対す⁠る代替関税を２０％以内に抑えると約束した範囲内に⁠とどまっているとも言及し、「米国が貿易協議での合意事項を順守⁠するよう期待する」とけん制した。懸念事項に対処するため「‌相互⁠尊重、平等、互恵に基づいた」対話を続ける意向​を示しつつ、必要なあらゆる措置を講じる権利は留保するとした。",[],[]
アマゾン・レオ、スマホ直接通信サービス参入へ　最大5105基の衛星配備（ロイター）,https://news.yahoo.co.jp/articles/cd85e4dbe994ace878abe116025d066519d09741,https://newsatcl-pctr.c.yimg.jp/t/amd-img/20260728-00000001-reut-000-1-view.jpg?exp=10800,2026-07-28T00:43:17+09:00,2026-07-28T00:43:17+09:00,ロイター,reut,ロイター,503,"英ダートフォードにあるアマゾンのフルフィルメントセンターで開催されたイベントで６月撮影。REUTERS/Toby Shepheard//File Photo
［ワシントン　２７日　ロイター］ - 米アマゾン・ドット・コムの衛星通‌信サービス「Ａｍａｚｏｎ　ＬＥＯ（アマゾン・⁠レオ）」は２７日、最大５１０５基からなる衛星コンステレーションを​配備し、端末に直接音声やデータの通信を届ける‌サービスを提供する計画を明らかにした。スマートフォン‌に携帯通信サ‌ービスを直接提供しよ​うと衛星通信各社が競争を激化させ‌る中、アマゾンも参入する形となる。

提案さ‌れているネッ​トワークは、地上携帯通信‌ネットワークの到達範囲外で音声、⁠メッセージング、データ、緊急サービスを提供するもので、衛星の配備⁠は２０２８年に開始される予定。

同​サービス‌は世界中の携帯通信事業者と提携し、アマゾンが今年４月、買収で合意⁠したグローバルスターのモ⁠バイル衛星周波数帯を利用する。

アマゾ⁠ンは同計画の早期承認を求めて、米連邦‌通信⁠委員会（ＦＣＣ）に申請書を提出した。ＦＣＣは、​現時点でコメントを発表していない。",[],[]
トランプ氏、イラン協議失敗なら「強力な軍事行動」の用意＝報道（ロイター）,https://news.yahoo.co.jp/articles/598ead9cf5cbfc36ebd2303ca310b9ee05f48ea7,https://newsatcl-pctr.c.yimg.jp/t/amd-img/20260728-00000000-reut-000-1-view.jpg?exp=10800,2026-07-28T00:33:46+09:00,2026-07-28T00:33:46+09:00,ロイター,reut,ロイター,244,"トランプ米大統領。7月24日、ホワイトハウスで撮影。REUTERS/Evelyn Hockstein
[２７日 ロイター] - トランプ米大‌統領は２７日、米国が⁠イランと「踏み込んだ​協議」を行っていると‌しつつも、外交が失敗‌に終われ‌ば「強力​な軍事行動」‌を取る用意があると警‌告し​た。

トランプ大統‌領は米ニュー⁠スサイトのアクシオスから、協⁠議にどの​程度‌の時間を割く考えかと問われ、「⁠時間は⁠あまりない。早く⁠終わるか、全く終‌わら⁠ないかのどち​らかだ」と述べた。",[],[]
