headline,mainEntityOfPage,image,datePublished,dateModified,author,media_en,media_jp,str_count,body,images,external_links
〔米株式〕ダウ、ナスダックともに小動き（10日午前）（時事通信）,https://news.yahoo.co.jp/articles/e6b7749f8ef090681ad8f10faf4d17c51ef599d4,https://newsatcl-pctr.c.yimg.jp/t/amd-img/default.jpg?exp=10800,2026-07-10T23:30:10+09:00,2026-07-10T23:33:53+09:00,時事通信,jij,時事通信,728,"【ニューヨーク時事】週末10日午前のニューヨーク株式相場は、韓国半導体大手SKハイニックスの上場が注目される中、小動きとなっている。優良株で構成するダウ工業株30種平均は午前10時現在、前日終値比64．87ドル高の5万2552．28ドル。ハイテク株中心のナスダック総合指数は7．07ポイント高の2万6213．96。
　韓国のサムスン電子や米マイクロン・テクノロジーと並ぶ世界有数の半導体メモリーメーカーのSKハイニックスは10日、米ナスダック市場に上場。同社は9日、米国預託証券（ADR）の公募価格を149ドルに設定し、約265億ドルを調達すると発表した。韓国メディアによると、外国企業による米国での新規株式公開（IPO）としては、2014年に中国のIT大手アリババ集団が記録した250億ドルを上回り、過去最大級。SKハイニックスは、エヌビディアに高性能品を供給するほか、パソコンやスマートフォンなどにも製品が使われており、投資家の注目が集まる中、米株は小動きとなっている。
　一方、市場では、中東情勢の緊迫化を背景にインフレ懸念も再燃。来週14日発表される6月の米消費者物価指数（CPI）や米連邦準備制度理事会（FRB）のウォーシュ議長が同日予定する米下院金融サービス委員会での金融政策に関する証言を見極めたいとの思惑も強く、積極的な商いは手控えられているもよう。今後発表が本格化する米企業決算にも関心が寄せられている。
　ダウ構成銘柄では、エヌビディアやセールスフォースなどが上伸。一方、個別銘柄をみると、インテルやマイクロン・テクノロジーなど米半導体大手の一角が下落している。26年4～6月期決算で増収減益を計上したデルタ航空は2％超安となっている。",[],[]
益田、猛攻止める熱投　250セーブまであと1―プロ野球・ロッテ（時事通信）,https://news.yahoo.co.jp/articles/9905c0b1385750c14559e100419b4e2fd7c2e1c9,https://newsatcl-pctr.c.yimg.jp/t/amd-img/20260710-00000142-jij-000-6-view.jpg?exp=10800,2026-07-10T23:04:05+09:00,2026-07-10T23:45:04+09:00,時事通信,jij,時事通信,491,"オリックスに勝利し、通算２４９セーブを挙げて笑顔を見せるロッテの益田（右）＝１０日、ゾゾマリン
球場が大歓声に包まれた。

　4点リードの九回に2点差に迫られると、益田が7番手としてマウンドへ。追加点は許さず、通算250セーブにあと1に迫った。
【写真特集】プロ野球の歴代首位打者
抑えの横山が突然崩れ、快勝ムードが消えかかっていた。益田は、リリーフカーに乗っている間に「（気持ちを）落ち着かせた」。

　最初の打者は森友。直球を2球続けて一邪飛に打ち取った後、四球で2死一、二塁。次の紅林には150キロ近くの低めの直球を捉えられ、打球は右翼へ飛んでいった。あまりの大飛球に「かなりヒヤッとしたが、マリンの風に助けられた」。打球は藤原のグラブに収まり、ファンの悲鳴は大きな歓声に変わった。

　長く抑えを務めたが、15年目の今季は勝ちパターンの継投メンバーには入っていなかった。久々にセーブが懸かった場面でも「（準備は）間に合わせた。仕事なので」と頼もしさがにじむ。

　大記録を目前に「想像はしていないが、その時が来たらしっかり抑えて達成したいと思う」。36歳の準備はできている。",[],[]
〔米株式〕ダウもみ合い、45ドル高＝ナスダックは高い（10日朝）（時事通信）,https://news.yahoo.co.jp/articles/af44169eba69d9d1af3b7d0e4e84120bfe417d4a,https://newsatcl-pctr.c.yimg.jp/t/amd-img/default.jpg?exp=10800,2026-07-10T23:00:19+09:00,2026-07-10T23:26:21+09:00,時事通信,jij,時事通信,158,【ニューヨーク時事】週末10日のニューヨーク株式相場は、韓国半導体大手SKハイニックスの上場が注目される中、もみ合いで始まった。優良株で構成するダウ工業株30種平均は午前9時35分現在、前日終値比45．63ドル高の5万2533．04ドル。ハイテク株中心のナスダック総合指数は31．48ポイント高の2万6238．37。,[],[]
八木、また勝利呼び込む　プロ野球・ロッテ（時事通信）,https://news.yahoo.co.jp/articles/f7bf8cac5d2532241c4bdade18a420abdd050c90,https://newsatcl-pctr.c.yimg.jp/t/amd-img/20260710-00000141-jij-000-4-view.jpg?exp=10800,2026-07-10T22:54:55+09:00,2026-07-10T23:00:17+09:00,時事通信,jij,時事通信,275,"８勝目を挙げたロッテ３番手の八木＝１０日、ゾゾマリン
劣勢ムードが漂う試合でも、この男がマウンドに上がるとロッテに勝利の女神がほほ笑む。
【写真特集】プロ野球の歴代首位打者
八木が1点ビハインドの五回から3番手で登板し、2回1安打無失点。その間にチームが逆転し、中継ぎ投手ながらリーグ2位に並ぶ8勝目を挙げた。「信じられない感じ。テンポ良く投げられてよかった」と振り返った。

　150キロ近いツーシームを軸に打たせて取るスタイル。今季は先発投手が崩れた際に登板し、何度も相手打線の勢いを止めた。タフなリリーバーは、なくてはならない存在になっている。",[],[]
G大阪のビッシング監督が退任　Jリーグ（時事通信）,https://news.yahoo.co.jp/articles/6c5bf909fc03254d086ae6e1b634fae3ffad5335,https://newsatcl-pctr.c.yimg.jp/t/amd-img/default.jpg?exp=10800,2026-07-10T22:44:21+09:00,2026-07-10T23:00:17+09:00,時事通信,jij,時事通信,91,"J1のG大阪は10日、イェンス・ビッシング監督の退任が決まったと発表した。

　今年の百年構想リーグから指揮を執り、5月にはアジア・チャンピオンズリーグ2（ACL2）で優勝に導いた。",[],[]
高橋、自覚にじむ好投　10奪三振に充実感―プロ野球・ヤクルト（時事通信）,https://news.yahoo.co.jp/articles/5354f016a282cce811948c68593a1cf0d1203b4d,https://newsatcl-pctr.c.yimg.jp/t/amd-img/20260710-00000139-jij-000-5-view.jpg?exp=10800,2026-07-10T22:43:52+09:00,2026-07-10T23:00:16+09:00,時事通信,jij,時事通信,539,"７回、阪神の前川を併殺に仕留め、喜ぶヤクルト先発の高橋＝１０日、甲子園
打撃不振の今のヤクルトにあって、投手陣は踏ん張りどころ。

　11年目の高橋に、もちろんその自覚はあっただろう。7回4安打1失点。立ち上がりでつまずいても、崩れることはなかった。
【写真特集】プロ野球の歴代首位打者
一回に中野、森下に直球をはじき返されて連打を浴び、阪神に先制を許した。ここで配球にアクセントを加える。佐藤はスライダー、大山にはチェンジアップを決め球に連続三振。最少失点で切り抜けると、二回以降は堂々たる内容だった。

　計10奪三振。「チェンジアップがすごく良かった」と本人が言えば、池山監督も「三振が物語っているように、空振りが取れるボールが多かった」と好投をたたえた。無四球と制球も安定。ストライクゾーンに投げ込み、強力打線に真っ向勝負を挑んだ。

　前夜は継投での無安打無得点試合を達成し、投手力で今月初めての連勝をもぎ取った。若手が多い先発陣を引っ張る立場の高橋は「中継ぎに良い投手がそろっている。何とかそこにつなぐことを継続できれば、順位も上がってくる」。けがで出遅れ、登板は7試合にとどまるが、シーズンはまだ長い。混戦のセ・リーグを抜け出すためには、大車輪の働きが求められる。",[],[]
青山修子組、決勝進出ならず　ウィンブルドンテニス（時事通信）,https://news.yahoo.co.jp/articles/10051bb5e8741d0a1add41543d50b84cbd02911e,https://newsatcl-pctr.c.yimg.jp/t/amd-img/default.jpg?exp=10800,2026-07-10T22:42:57+09:00,2026-07-10T23:00:16+09:00,時事通信,jij,時事通信,142,【ウィンブルドン（英国）時事】テニスのウィンブルドン選手権は10日、ロンドン郊外のオールイングランド・クラブで行われ、女子ダブルス準決勝で青山修子（安藤証券）梁恩碩（台湾）組はガブリエラ・ダブロウスキー（カナダ）ルイザ・ステファニ（ブラジル）組に5―7、3―6で敗れ決勝進出を逃した。,[],[]
小田凱人、上地結衣が決勝進出　ウィンブルドンテニス車いす（時事通信）,https://news.yahoo.co.jp/articles/bc49e16e8b67bbf4e2ee797ada78859e4e870ef4,https://newsatcl-pctr.c.yimg.jp/t/amd-img/default.jpg?exp=10800,2026-07-10T22:34:14+09:00,2026-07-10T23:14:55+09:00,時事通信,jij,時事通信,164,"【ウィンブルドン（英国）時事】テニスのウィンブルドン選手権車いす部門は10日、ロンドン郊外のオールイングランド・クラブで行われ、シングルス準決勝で男子は連覇が懸かる小田凱人（東海理化）がマルティン・デラプエンテ（スペイン）にストレート勝ちし、決勝に進んだ。

　
　女子は上地結衣（三井住友銀行）が王紫瑩（中国）を下し決勝進出。",[],[]
〔NY外為〕円、161円台後半（10日朝）（時事通信）,https://news.yahoo.co.jp/articles/58081fef28abfa6136a879a6774e85a85f2524ed,https://newsatcl-pctr.c.yimg.jp/t/amd-img/default.jpg?exp=10800,2026-07-10T22:30:18+09:00,2026-07-10T22:34:39+09:00,時事通信,jij,時事通信,520,"【ニューヨーク時事】週末10日午前のニューヨーク外国為替市場では、片山さつき財務相による年金基金の運用見直しに関する発言を受けて円買いが活発化し、円相場は1ドル＝161円台後半に上伸している。午前9時現在は161円80～90銭と、前日午後5時（162円33～43銭）比53銭の円高・ドル安。
　片山財務相は10日、経済成長の果実が国民に波及するよう、「家計や年金積立金管理運用独立行政法人（GPIF）をはじめとする年金基金による、日本の金融資産にさらなる投資を後押しする方策を追求したい」と発言。これをきっかけに、海外市場で円は他の通貨に対して買われ、対ドルでは一時161円28銭前後まで急伸した。
　しかし、米国とイラン間の衝突が再燃する中で、エネルギー高に起因するインフレ高進観測は根強く、その後の円はじりじりと上げ幅を縮小。朝方のニューヨーク市場は経済指標の発表などの取引材料に乏しく、161円80銭付近で小動きとなっている。
　ユーロは同時刻現在、対ドルで1ユーロ＝1．1420～1430ドル（前日午後5時は1．1425～1435ドル）、対円では同184円90銭～185円00銭（同185円50～60銭）と、60銭の円高・ユーロ安。",[],[]
下村、初勝利逃すも収穫　プロ野球・阪神（時事通信）,https://news.yahoo.co.jp/articles/5449a3a0a43a285415e42b1acc49339f9ce828e9,https://newsatcl-pctr.c.yimg.jp/t/amd-img/20260710-00000136-jij-000-6-view.jpg?exp=10800,2026-07-10T22:11:02+09:00,2026-07-10T23:01:51+09:00,時事通信,jij,時事通信,295,"６回、ヤクルトの赤羽（左）に勝ち越しソロ本塁打を打たれた阪神先発の下村＝１０日、甲子園
プロ初勝利はまたも持ち越しとなった。

　阪神の下村は150キロを超える直球に鋭く曲がるカットボールがさえ、四回までゼロを並べた。不運だったのは五回。味方の2失策に足を引っ張られる形で同点を許し、「普段助けてもらっている分、粘りたかった」。六回は赤羽に甘い球を勝ち越しソロとされ、この回で降板した。
【写真特集】プロ野球の歴代首位打者
新人だった2024年に右肘を手術。地道なリハビリを乗り越え、2日の前回登板がデビュー戦だった。「前回に比べて相手に向かっていけた部分はある」と、収穫も感じ取っていた。",[],[]
DeNAが逆転勝ち　プロ野球・DeNA11―6巨人（時事通信）,https://news.yahoo.co.jp/articles/d6f0cd5ab62b03c4a99fe1358611cc27e6080487,https://newsatcl-pctr.c.yimg.jp/t/amd-img/default.jpg?exp=10800,2026-07-10T22:09:31+09:00,2026-07-10T22:16:03+09:00,時事通信,jij,時事通信,108,"DeNAが逆転勝ち。

　1点を追う六回、宮崎の同点二塁打や松尾の2点適時打など5安打を集め、一挙5点を奪った。七回は代打度会の3ランで加点。巨人はダルベックの先制満塁本塁打と大城の2ランを生かせず、3連敗を喫した。",[],[]
セブンに数千億円出資へ　ソフトバンクとペイペイ（時事通信）,https://news.yahoo.co.jp/articles/dcc2af3680699daf4ff2588bee8461847bf1dc0f,https://newsatcl-pctr.c.yimg.jp/t/amd-img/default.jpg?exp=10800,2026-07-10T22:04:57+09:00,2026-07-10T22:14:41+09:00,時事通信,jij,時事通信,144,"ソフトバンクグループ（SBG）傘下の通信大手ソフトバンクとスマートフォン決済大手PayPay（ペイペイ）が、セブン＆アイ・ホールディングスへの出資を検討していることが10日、明らかになった。

　出資額は数千億円規模とみられ、コンビニ最大手との資本連携で、「ポイント経済圏」の拡大を図る。",[],[]
ロッテ、六回に4点　プロ野球・ロッテ8―6オリックス（時事通信）,https://news.yahoo.co.jp/articles/34896a7fbad0704c9e6137061010c4bb5a7d0889,https://newsatcl-pctr.c.yimg.jp/t/amd-img/20260710-00000133-jij-000-6-view.jpg?exp=10800,2026-07-10T21:44:07+09:00,2026-07-10T22:16:03+09:00,時事通信,jij,時事通信,159,"６回、勝ち越しの適時打を放つロッテの藤原＝１０日、ゾゾマリン
ロッテは1点を追う六回、小川の同点適時打、藤原の適時打など4安打を集めて4点を奪った。
【写真特集】プロ野球の歴代首位打者
3番手の八木が、2回1安打無失点の好リリーフで8勝目。益田が今季初セーブ。オリックスは四回まで小刻みに得点したが、攻め切れなかった。",[],[]
「軍民両用」推進へ産学官連携　政府がイノベーション戦略（時事通信）,https://news.yahoo.co.jp/articles/71afb217cc442893149b493dcfe650a070d7c645,https://newsatcl-pctr.c.yimg.jp/t/amd-img/20260710-00000132-jij-000-6-view.jpg?exp=10800,2026-07-10T21:31:37+09:00,2026-07-10T22:15:51+09:00,時事通信,jij,時事通信,455,"総合科学技術・イノベーション会議で発言する高市早苗首相（左から２人目）＝１０日午後、首相官邸
政府は10日、総合科学技術・イノベーション会議（議長・高市早苗首相）を首相官邸で開き、「統合イノベーション戦略2026」をまとめた。
【ひと目でわかる】高市早苗氏はこんな人
「科学技術と国家安全保障の有機的連携」を掲げ、軍民両用（デュアルユース）技術の研究・開発を進めるため、大学や国の機関で防衛関連の研究基盤整備に取り組むなど産学官連携を加速させる方針を盛り込んだ。

　具体的には、大学の外に拠点を置く「オフキャンパス」を2030年度をめどに整える。各機関から多様な研究者を集めるのが狙い。技術や情報の流出を防ぐため、十分なセキュリティー対策を講じるとした。

　首相は「技術で勝ってビジネスでも勝つには科学研究と社会実装を一体的に推進していくことが必要だ」と指摘。政府が科学研究費助成を拡充していることなどに触れ、「企業、大学、国立研究開発法人に活用を働き掛けることで、官民の研究開発投資を推進する」と訴えた。",[],[]
〔NY外為〕円、161円台後半（10日午前8時）（時事通信）,https://news.yahoo.co.jp/articles/a68d656c942bd0a8615e72192e2b4235bbec90ea,https://newsatcl-pctr.c.yimg.jp/t/amd-img/default.jpg?exp=10800,2026-07-10T21:30:18+09:00,2026-07-10T21:34:22+09:00,時事通信,jij,時事通信,184,"【ニューヨーク時事】週末10日のニューヨーク外国為替市場の円相場は、午前8時現在1ドル＝161円81～91銭と、前日午後5時（162円33～43銭）比52銭の円高・ドル安で推移している。
　ユーロは同時刻現在、対ドルで1ユーロ＝1．1427～1437ドル（前日午後5時は1．1425～1435ドル）、対円では同184円98銭～185円08銭（同185円50～60銭）。",[],[]
ヤクルト競り勝つ　プロ野球・阪神1―2ヤクルト（時事通信）,https://news.yahoo.co.jp/articles/4f15f7e7c9a0179b9fb71cc3efee6fa8fcd4ab7f,https://newsatcl-pctr.c.yimg.jp/t/amd-img/20260710-00000131-jij-000-7-view.jpg?exp=10800,2026-07-10T21:27:03+09:00,2026-07-10T22:15:36+09:00,時事通信,jij,時事通信,158,"阪神に勝利し、ポーズを取るヤクルトの高橋＝１０日、甲子園
ヤクルトが競り勝った。

　0―1の五回に相手の失策で好機をつくり、山野辺の内野ゴロで同点。六回に赤羽のソロで勝ち越した。高橋は7回1失点、10奪三振で2勝目。キハダが20セーブ目。阪神は拙守が響き、追加点も奪えなかった。
【写真特集】プロ野球の歴代首位打者",[],[]
楽天のマッカスカーが3発　プロ野球・ソフトバンク3―5楽天（時事通信）,https://news.yahoo.co.jp/articles/5e282d2206fa6304d69bd094f2e151f4fe75d43b,https://newsatcl-pctr.c.yimg.jp/t/amd-img/default.jpg?exp=10800,2026-07-10T21:20:33+09:00,2026-07-10T22:14:54+09:00,時事通信,jij,時事通信,111,"楽天のマッカスカーが3本塁打を放った。

　0―1の二回に同点ソロ。四回に2打席連続でソロを放つと、3―3の八回に10号2ラン。早川は6回3失点と粘り、2番手の田中千が3年ぶりの白星。ソフトバンクは投打がかみ合わなかった。",[],[]
中国新車販売、日系3社が前年割れ　ガソリン高で冷え込み　1～6月（時事通信）,https://news.yahoo.co.jp/articles/2b4e110e17bf7dfc355ca707d14a7641e2146992,https://newsatcl-pctr.c.yimg.jp/t/amd-img/default.jpg?exp=10800,2026-07-10T21:17:24+09:00,2026-07-10T22:14:24+09:00,時事通信,jij,時事通信,264,"【北京時事】日系自動車大手3社の1～6月の中国新車販売台数が10日、出そろった。

　トヨタ自動車、日産自動車、ホンダはいずれも前年割れで、3社を合わせた販売台数は113万7536台と、前年同期に比べて2割減少した。

　電気自動車（EV）など新エネルギー車に対する税優遇の縮小や、中東情勢の混迷を受けたガソリン価格高騰の影響で市場が冷え込んだ。

　トヨタは17．1％減の69万4700台、日産は15．0％減の23万7018台、ホンダが34．7％減の20万5818台となった。ガソリン車の割合が多い日本勢の苦戦が際立っている。",[],[]
イランがトランプ氏暗殺計画　イスラエルが米に伝達と報道（時事通信）,https://news.yahoo.co.jp/articles/505321cd77e47e8fd913da2643c04f28220babe4,https://newsatcl-pctr.c.yimg.jp/t/amd-img/default.jpg?exp=10800,2026-07-10T21:15:36+09:00,2026-07-10T22:14:05+09:00,時事通信,jij,時事通信,341,"【ワシントンAFP時事】米メディアは9日、イスラエルが今週、イランによるトランプ米大統領暗殺計画を米側に伝えたと報じた。

　CNNテレビは関係筋の話として、イスラエルからの警告は「新しく、具体的な陰謀に関するものだった」と伝えた。

　トランプ氏は、トルコで開かれた北大西洋条約機構（NATO）首脳会議に出席した後、大統領専用機中で記者団に「彼ら（イラン）は米国の指導者、つまり私を排除したがっている」と指摘。「けさ見たあらゆる（暗殺）リストに私が載っていた」と述べた。

　トランプ氏はNATO首脳会議後、旧型の専用機でトルコを出発。その後、英国でカタールから贈られた新型機に乗り換えて米国に向かうというルートを取っており、安全上の懸念があったのではないかとの臆測を呼んでいた。",[],[]
西武が逆転勝ち　プロ野球・日本ハム1―2西武（時事通信）,https://news.yahoo.co.jp/articles/3a8e79abb628f59545a562589b68de204486f7e8,https://newsatcl-pctr.c.yimg.jp/t/amd-img/default.jpg?exp=10800,2026-07-10T21:11:30+09:00,2026-07-10T22:14:25+09:00,時事通信,jij,時事通信,111,"西武が逆転勝ち。

　1点を追う七回に桑原の3号ソロで追い付き、八回はネビンの犠飛で勝ち越した。先発の武内はテンポ良く投げ、7回1失点で6勝目。九回を締めた甲斐野が7セーブ目を挙げた。日本ハムは打線が好機を生かせなかった。",[],[]
山火事で11人死亡、19人不明　送電線落下し出火か　スペイン南部（時事通信）,https://news.yahoo.co.jp/articles/a2d78ee6024e3955944150a0b2f5a05dd5c9d97a,https://newsatcl-pctr.c.yimg.jp/t/amd-img/default.jpg?exp=10800,2026-07-10T21:03:59+09:00,2026-07-10T22:14:28+09:00,時事通信,jij,時事通信,291,"【パリ時事】スペイン南部のアンダルシア自治州で9日に山火事が発生し、モレノ州首相は10日、少なくとも11人が死亡、8人が重軽傷を負ったと明らかにした。

　ほかに19人が行方不明。地元メディアによると、火災で3150ヘクタールが焼失したが、消火活動は続いている。

　現場は同州東部のアルメリア県。送電線が落下して乾燥した草木から出火し、観光客に人気の小村を含む一帯に燃え広がったとみられている。車で避難中に炎に行く手を阻まれ、車内で遺体で見つかった犠牲者もいる。

　スペインでは1週間以上、最高気温が40度を超す酷暑に見舞われており、隣国のフランスと共に山林火災が相次いでいる。",[],[]
IOC、FIFA会長を調査か　人権団体が申し立て―W杯サッカー（時事通信）,https://news.yahoo.co.jp/articles/ec92d6d3589615e05ca0c19cf5eb0e781fd064d0,https://newsatcl-pctr.c.yimg.jp/t/amd-img/default.jpg?exp=10800,2026-07-10T21:02:41+09:00,2026-07-10T21:07:26+09:00,時事通信,jij,時事通信,239,"国際サッカー連盟（FIFA）のインファンティノ会長が政治的中立の規定に違反したとして、国際オリンピック委員会（IOC）の調査を受ける可能性があると、ロイター通信が10日までに報じた。

　人権団体「フェア・スクエア」が、IOCに申し立てる意向を明らかにした。

　開催中のワールドカップ（W杯）北中米3カ国大会では、トランプ米大統領がインファンティノ会長に見直しを求めた米国代表FWバログンの出場停止処分が猶予され、FIFAの対応が問題視されている。同会長はIOC委員でもある。",[],[]
中日が大勝　プロ野球・中日10―1広島（時事通信）,https://news.yahoo.co.jp/articles/2534a82728efce8efd38a6d5fb3200c4efebce32,https://newsatcl-pctr.c.yimg.jp/t/amd-img/default.jpg?exp=10800,2026-07-10T20:50:42+09:00,2026-07-10T21:03:10+09:00,時事通信,jij,時事通信,112,"中日が10得点で大勝。

　一回に細川のソロで先制。1―1となった直後の四回に石伊の適時二塁打などで3点を奪い、五回以降も得点を重ねた。大野は打たせて取り、7回1失点で7勝目。広島は森下が5回を5四球で6失点。拙守も響いた。",[],[]
「12月ごろ出頭計画」　インド逃亡のバングラデシュ前首相（時事通信）,https://news.yahoo.co.jp/articles/30063b0281094230fb3be60be3f1589992c5468c,https://newsatcl-pctr.c.yimg.jp/t/amd-img/20260710-00000123-jij-000-5-view.jpg?exp=10800,2026-07-10T20:49:01+09:00,2026-07-10T21:03:13+09:00,時事通信,jij,時事通信,280,"バングラデシュのハシナ前首相＝２０２４年６月、ニューデリー（ＥＰＡ時事）
【ニューデリー時事】インドに事実上亡命しているバングラデシュのハシナ前首相（78）は、自ら率いた前与党アワミ連盟（AL）幹部と共に12月ごろ帰国し、出頭する計画だと明らかにした。

　ハシナ氏は母国で死刑判決を受けている。ロイター通信が10日、電話インタビューの内容を報じた。

　ハシナ氏は、帰国すれば逮捕され、殺されるかもしれないとした上で「それでも、行かなければならない。私の党の指導者や党員はすさまじい弾圧にさらされている」と語った。ALはバングラデシュで活動が禁じられている。",[],[]
剛腕、マウンドに別れ　通算266勝バーランダーが引退へ―米大リーグ（時事通信）,https://news.yahoo.co.jp/articles/dc783caef20a6e9e108d41620e47b5a528a6e191,https://newsatcl-pctr.c.yimg.jp/t/amd-img/20260710-00000122-jij-000-5-view.jpg?exp=10800,2026-07-10T20:34:40+09:00,2026-07-10T21:07:26+09:00,時事通信,jij,時事通信,665,"今季限りでの引退を表明したタイガースのバーランダー＝２月１７日、米フロリダ州レークランド（ＡＦＰ時事）
米大リーグで現役最多の通算266勝、歴代8位の3554奪三振（7月9日時点）を挙げているタイガースのジャスティン・バーランダー投手（43）が8日、今季限りでの引退を表明した。
【写真特集】WBC歴代日本代表全選手～イチロー、松坂から大谷、村上まで～
将来の野球殿堂入りが確実視される剛腕投手は「自分が期待するレベルで競える限り、プレーし続けようと思ってきた。この数カ月で、その時が来たことを悟った」と心境を吐露した。

　2006年にタイガースで新人王に輝いた。11年には24勝5敗、防御率2．40、250奪三振と圧倒的な成績でア・リーグの最優秀選手（MVP）とサイ・ヤング賞（最優秀投手賞）に。アストロズでは2度のワールドシリーズ制覇に貢献した。

　160キロ前後の速球に加え、多彩な変化球を駆使した投球術も持ち合わせた。無安打無得点試合を3度記録するなど、打者を支配する投球がファンに強い印象を残した。全盛期に何度も対戦したイチロー（元マリナーズなど）は「それぞれが一級品」。ドジャースの大谷翔平はエンゼルスでの大リーグ1年目に打席に立った際、「すごく完成されている」と表現した。

　耐久力が抜群で、シーズン200投球回以上が12度。現在の大リーグでは以前より先発投手の登板間隔が広がる傾向にあり、登板数や投球回数を積み上げることが難しい。古い時代の香りを残していたバーランダーが最後の250勝投手になるかもしれない。",[],[]
バログン出場停止は「不公平」　トランプ流の物差し―W杯サッカー（時事通信）,https://news.yahoo.co.jp/articles/00220bd8c95ffc7cba46c1f222f87fae20ab74f2,https://newsatcl-pctr.c.yimg.jp/t/amd-img/20260710-00000121-jij-000-6-view.jpg?exp=10800,2026-07-10T20:34:09+09:00,2026-07-10T21:07:26+09:00,時事通信,jij,時事通信,802,"米国―ベルギー戦の会場を訪れたＦＩＦＡのインファンティノ会長（前列中央）＝６日、米シアトル（ＡＦＰ時事）
トランプ米大統領は「私は最初、レッドカードというものが何を意味するのかも知らなかった」と、同国代表FWバログンの出場停止を巡り、そう言った。
【写真特集】サッカー・ワールドカップ　歴代日本代表全選手～ゴン・井原から久保建英まで～
「まだ行われていない試合にどうやって処分を下せるというのか。極めて不公平だ」。その発言には、制度そのものへの違和感がにじむ。

　レッドカードによる次戦出場停止はサッカーでは世界共通の約束事。スター選手であるかどうかに関係なく適用される。トランプ氏は自らの物差しで判断し、ルールに疑問を投げ掛けた。「私はある非常に尊敬されている人物と話をした。ちなみに、その人物への私の敬意は10倍に高まった」
　「ある人物」が国際サッカー連盟（FIFA）のインファンティノ会長を指していることは明らか。ベルギー紙デ・スタンダール（電子版）は、バログンの退場直後から米ホワイトハウスのW杯タスクフォースが今回の対応を主導したと伝えた。

　米政治専門メディアのポリティコによると、インファンティノ会長とラトニック米商務長官は当該試合を並んで観戦。政権に近い弁護士らを集めて異議申し立ての道を探り、トランプ大統領がFIFAに連絡を取った。

　タスクフォースを率いるアンドリュー・ジュリアーニ氏は、トランプ氏の顧問弁護士だった元ニューヨーク市長ルディ氏の長男。わずか4日間で異例の処分猶予が決まった。

　トランプ氏は「仮に処分がそのままだったなら、大会に大きな汚点を残しただろう」と言った。同氏にとっては、不公平を正しただけという認識なのだろう。既存のルールに縛られず、自らが正しいと考えた方向へ周囲を動かす。その政治家としての一面が、この騒動にも色濃く表れた。（ロサンゼルス時事）。",[],[]
【図解】全東信破産、飲食業は「死活問題」＝早期入金で決済インフラ化（時事通信）,https://news.yahoo.co.jp/articles/23fea2ef3713d6f18eb3935efac04149bc3074dc,https://newsatcl-pctr.c.yimg.jp/t/amd-img/20260710-00000010-jij_graph-000-5-view.jpg?exp=10800,2026-07-10T20:34:01+09:00,2026-07-10T21:03:42+09:00,時事通信,jij,時事通信,76,"全東信の決済代行サービスのイメージ
クレジットカードの決済代行サービスを手掛ける全東信（大阪市）が破産手続きを開始し、飲食業界などに波紋が広がっている。",[],[]
全東信破産、飲食業は「死活問題」　早期入金で決済インフラ化（時事通信）,https://news.yahoo.co.jp/articles/13e412a4c5d30739a7fe0e0cebfbcf6d81808f7e,https://newsatcl-pctr.c.yimg.jp/t/amd-img/default.jpg?exp=10800,2026-07-10T20:33:32+09:00,2026-07-10T21:03:46+09:00,時事通信,jij,時事通信,702,"クレジットカードの決済代行サービスを手掛ける全東信（大阪市）が破産手続きを開始し、飲食業界などに波紋が広がっている。

　同社はクレジットカード会社からの支払いを立て替え、早期に入金することで、飲食店の決済インフラとなっていた。2018年時点で全国の約20万店が利用していたとされ、売上代金を回収できない事業者には死活問題となりかねない。

　クレジットカードは、消費者が代金の支払いに使用してから、店舗側に入金されるまでに時間差がある。入金は通常月1～2回で、店舗側はその間、日々の仕入れなどに充てる運転資金を確保しなければならない。ただ、小規模な店舗は銀行などから融資を受けにくく、安定的な資金繰りが常に課題となっている。

　全東信は、手数料を得る代わりに売り上げを立て替え、月6回や8回といった高い頻度で入金するサービスを展開。キャッシュレス化の流れで、カード決済の比率が高まったことを追い風に加盟店を増やしていった。

　しかし、新型コロナウイルス禍で、主要な顧客である飲食店の営業が制限されると業績が悪化。スマートフォン決済との競争も激化した。24年には、飲食店の加盟店契約を他人名義で結んだとして社員らが逮捕される事件が発生し、信用不安に陥っていた。

　今後は裁判所の監督の下、全ての資産を現金化して債権者に分配する手続きに入る。破産手続きの開始までに立て替え分の入金がなかった場合、従来の期限通りに受け取ることはできず、資金繰りに窮する飲食店が続出する懸念が出ている。政府系の日本政策金融公庫は、全国152支店に特別相談窓口を設置し、運転資金などを融資する制度を使って事業者を支援する。",[],[]
「拳銃のプレゼント」に首脳ら困惑　NATO首脳会議でトルコ大統領（時事通信）,https://news.yahoo.co.jp/articles/6f68b3c271827e39c12b9b3d3124a7c4f60d2ca5,https://newsatcl-pctr.c.yimg.jp/t/amd-img/20260710-00000119-jij-000-4-view.jpg?exp=10800,2026-07-10T20:33:25+09:00,2026-07-10T21:04:32+09:00,時事通信,jij,時事通信,617,"トルコのエルドアン大統領からリトアニアのナウセーダ大統領に贈られた回転式拳銃（リトアニア大統領府が９日提供・ＡＦＰ時事）
【ブリュッセルAFP時事】トルコのエルドアン大統領が、7、8両日に首都アンカラで開いた北大西洋条約機構（NATO）首脳会議に参加した各国首脳に、回転式拳銃を記念品として渡したことが波紋を広げている。
【地図で見る】ウクライナ戦況マップ
首脳会議などの場でのプレゼントのやりとりは珍しくないが、あまりに異例の贈り物に首脳らは真意を測りかねている。

　8日に最初に事実を公にしたスターマー英首相は、エルドアン氏から自らの名前入りの拳銃1丁を受け取ったと明かした。赤い箱には6発の銃弾が添えられ、武器の国外持ち出しの規制から除外する旨が記されていた。

　NATO加盟国の複数の当局者は、控えめに言っても驚きのプレゼントだと口をそろえる。ベルギーのデウェーフェル首相は帰国後に拳銃に気付いて驚き、「安全かつ関連手続きにのっとって処理されるよう、空港で警察当局に即座に手渡した」（当局者）という。

　また、欧州連合（EU）のフォンデアライエン欧州委員長は、エルドアン氏に「謝意」を伝えた上で、博物館に寄贈する考えを示した。カナダのカーニー首相は拳銃だけを受け取り、銃弾はトルコに残した。

　イランやウクライナ情勢を協議したNATO首脳会議を舞台に起きた今回の一件。当のトルコ政府はAFP通信の取材に回答していない。",[],[]
マハティール氏、101歳に　健在ぶり強調　マレーシア（時事通信）,https://news.yahoo.co.jp/articles/bf94d67216946d76a10ddd713b92f7b33ca1b1b1,https://newsatcl-pctr.c.yimg.jp/t/amd-img/20260710-00000118-jij-000-6-view.jpg?exp=10800,2026-07-10T20:33:03+09:00,2026-07-10T21:05:22+09:00,時事通信,jij,時事通信,292,"マレーシアのマハティール元首相＝２０２５年６月、クアラルンプール近郊（ＡＦＰ時事）
【クアラルンプール時事】マレーシアのマハティール元首相が10日、101歳の誕生日を迎えた。

　今年1月に自宅で骨折して入院したものの、3月には職務を再開。この日は30分近くのインタビュー動画をユーチューブに投稿し「（自身の）事務所にも通えている」と述べて、健在ぶりを強調した。

　マハティール氏は動画の中で「わが国には発展のための機会と資源がいくらでもあるのに、政府は分かっていない」とアンワル現政権を批判。「国を守るために努力を続けるのが誕生日の願いだ」と述べて、なお政治活動への意欲も示した。",[],[]
中古買い取り会社元代表を逮捕　株売却益7．8億円脱税か　東京地検（時事通信）,https://news.yahoo.co.jp/articles/5f837106cdcd88177fb11a2b21743e8a5f287645,https://newsatcl-pctr.c.yimg.jp/t/amd-img/20260710-00000117-jij-000-31-view.jpg?exp=10800,2026-07-10T20:30:21+09:00,2026-07-10T23:01:53+09:00,時事通信,jij,時事通信,416,"東京地検特捜部が入る中央合同庁舎第６号館＝東京都千代田区
保有する自社株の売却益を申告せず、所得税約7億8400万円を脱税したとして、東京地検特捜部は10日、所得税法違反容疑で、中古ブランド品買い取りサービスなどを運営する「STAYGOLD」（SG、東京都品川区）元代表取締役の藤原大介容疑者（42）＝住居不詳＝を逮捕した。
【写真特集】現金ざくざく！　脱税摘発
特捜部は認否を明らかにしていない。

　逮捕容疑は、SG社株を売却したことで得た2023年までの2年分の所得約52億5500万円を隠し、所得税約7億8400万円を脱税した疑い。

　関係者によると、藤原容疑者は非上場のSG社株を、自身が実質管理する匿名組合へ譲渡。株は匿名組合から知人や知人のファンドに売却され、売却益は匿名組合に送金されていた。その後、株は知人が社外取締役を務める東証スタンダード上場の投資会社に渡り、SG社は22年12月に投資会社の子会社となった。",[],[]
検察の体質「驚き、あきれた」　付審判請求の元社長、初公判傍聴　指定弁護士「有罪なら抑止力に」（時事通信）,https://news.yahoo.co.jp/articles/e00145834c80c03bd6513cb26c2e9d449008f12d,https://newsatcl-pctr.c.yimg.jp/t/amd-img/20260710-00000116-jij-000-15-view.jpg?exp=10800,2026-07-10T20:27:18+09:00,2026-07-10T21:34:51+09:00,時事通信,jij,時事通信,726,"田渕大輔検事の初公判を傍聴し、記者会見する山岸忍・元プレサンスコーポレーション社長＝１０日午後、大阪市北区
特別公務員暴行陵虐罪で田渕大輔検事（54）の付審判を申し立てた不動産会社「プレサンスコーポレーション」の山岸忍元社長（63）が10日、初公判を傍聴後、大阪市内で記者会見した。
【写真特集】歴史に残る衝撃事件10～3億円強奪、グリコ・森永…～
田渕検事の取り調べが検察内部で問題視されていなかったことについて、「驚き、あきれた。誰も違法で、ひどい取り調べだと思っておらず、特捜部内では当たり前のことだと思われている」と体質を批判した。

　公判では、関与を裏付ける証拠がない中、山岸氏が検事の間で「本当に悪いやつ」と称されていたことも判明。山岸氏は「何の客観証拠もないのに悪いやつと断定し私の逮捕に突っ走った。こんな人権侵害が本当にあるのかと驚いた」と述べた。

　検察官役の指定弁護士は公判の冒頭陳述で、「裁判の判断いかんで、わが国の警察と検察を含めた取り調べの在り方が根底から変わることになる」と意義を強調した。

　閉廷後に記者会見した指定弁護士の山口昌之弁護士は「取り調べの録音録画を見た複数の検事がこれぐらいは許されると判断し、大きな問題になることなく捜査が進んだ」と指摘。仮に有罪となれば違法な取り調べの「抑止力になる」と語った。

　高山巌弁護士も「取り調べが録音録画され、（捜査をチェックする）総括審査検察官がいると分かっていながら、検察官が何のちゅうちょもなく（違法な取り調べを）できてしまう現実がある」と問題提起した。

　取り調べの様子を録音録画した計1時間15分の映像は初公判で証拠採用され、次回15日の公判で再生される。",[],[]
〔決算〕イオン、3～5月期営業益が最高（時事通信）,https://news.yahoo.co.jp/articles/fc0218de29e49f1d2fef467a8225fa1b793ec88d,https://newsatcl-pctr.c.yimg.jp/t/amd-img/default.jpg?exp=10800,2026-07-10T20:00:38+09:00,2026-07-10T22:26:13+09:00,時事通信,jij,時事通信,198,"イオン
<8267>
が10日発表した2026年3～5月期連結決算は、本業のもうけを示す営業利益が前年同期比33．6％増の752億円だった。同期として2年連続で過去最高を更新した。主力の総合・食品スーパー事業は振るわなかったが、イオンモール <8905> のテナントの専門店が好調で、利益が大きく伸びた。1月にドラッグストア大手ツルハホールディングス
<3391>
を子会社化したことも寄与した。",[],[]
南都銀行、3億円引き当て処理へ（時事通信）,https://news.yahoo.co.jp/articles/c456cb3fef8f9cd60a538d3c29113966c9b7a32f,https://newsatcl-pctr.c.yimg.jp/t/amd-img/default.jpg?exp=10800,2026-07-10T20:00:38+09:00,2026-07-10T21:26:32+09:00,時事通信,jij,時事通信,91,"南都銀行
<8367>
は10日、クレジットカード決済代行サービスを手掛ける全東信（大阪市）が破産手続きを開始したことに伴い、2027年3月期に約3億円を引き当て処理すると発表した。",[],[]
電力8社、11月にも託送料金値上げへ（時事通信）,https://news.yahoo.co.jp/articles/6b339d487de541c719495f00f338a3617f0f56fc,https://newsatcl-pctr.c.yimg.jp/t/amd-img/default.jpg?exp=10800,2026-07-10T20:00:38+09:00,2026-07-10T21:25:57+09:00,時事通信,jij,時事通信,130,"東京電力や東北電力
<9506>
など電力大手7社の送配電会社と、沖縄電力
<9511>
の計8社は10日、電力小売りに負担を求める託送料金（電線使用料）の値上げを経済産業省に申請したと発表した。11月からの適用を目指しており、電気代の値上げにつながりそうだ。",[],[]
長沢船主協会会長：ホルムズ海峡、機雷の早期除去を（時事通信）,https://news.yahoo.co.jp/articles/9066a35ffdb85a33a20648bbe6b4cc2aa5e1d0dd,https://newsatcl-pctr.c.yimg.jp/t/amd-img/default.jpg?exp=10800,2026-07-10T20:00:37+09:00,2026-07-10T21:25:57+09:00,時事通信,jij,時事通信,113,"日本関係船舶22隻が新たにホルムズ海峡を通過したことを受け、日本船主協会の長沢仁志会長（日本郵船
<9101>
会長）は10日、海峡に敷設されているとされる機雷の早期・確実な除去など自由で安全な通航を求めるコメントを発表した。",[],[]
ウクライナ大統領、三菱重工との協力に関心（時事通信）,https://news.yahoo.co.jp/articles/914b4f063a75375df168ca4f4cfd9a308c5cb587,https://newsatcl-pctr.c.yimg.jp/t/amd-img/default.jpg?exp=10800,2026-07-10T20:00:37+09:00,2026-07-10T20:26:05+09:00,時事通信,jij,時事通信,131,"ウクライナのゼレンスキー大統領は9日、記者団に対し、米国製防空システム「パトリオット」の生産を巡り、日本の三菱重工業
<7011>
との協力に関心があると述べた。ウクライナメディアが報じた。先にトランプ米大統領がウクライナにライセンス生産を認める発言をしていた。",[],[]
江崎グリコ、ビスコなど値上げ（時事通信）,https://news.yahoo.co.jp/articles/12c1dde5f4324da5e5dbc037058b192edf666497,https://newsatcl-pctr.c.yimg.jp/t/amd-img/default.jpg?exp=10800,2026-07-10T20:00:37+09:00,2026-07-10T20:05:09+09:00,時事通信,jij,時事通信,103,"江崎グリコ
<2206>
は10日、ビスケット「ビスコ」など169品目を値上げすると発表した。10月1日から順次、出荷価格を3～15％引き上げる。中東情勢の混乱に伴う資材高騰や物流費の上昇が続いているため。",[],[]
公取委、ミネベア子会社に取適法で勧告（時事通信）,https://news.yahoo.co.jp/articles/f3d7d1b2ccbca214273e6baf0e94d63d6637aaeb,https://newsatcl-pctr.c.yimg.jp/t/amd-img/default.jpg?exp=10800,2026-07-10T20:00:36+09:00,2026-07-10T20:26:05+09:00,時事通信,jij,時事通信,157,"ベアリング大手ミネベアミツミ
<6479>
子会社の「ミネベアアクセスソリューションズ」（宮崎市）が、運送業者に積み下ろし作業などを無償でさせたとして、公正取引委員会は10日、中小受託取引適正化法（取適法）違反（不当な経済上の利益の提供要請）を認定し、再発防止などを求める勧告を出した。取適法に基づく勧告は初めて。",[],[]
楽天証券、札幌・福岡取引所に加入申請（時事通信）,https://news.yahoo.co.jp/articles/33f7439a613b2ea88bfcf56b589b9a7f8fd56c24,https://newsatcl-pctr.c.yimg.jp/t/amd-img/default.jpg?exp=10800,2026-07-10T20:00:36+09:00,2026-07-10T20:05:07+09:00,時事通信,jij,時事通信,91,楽天証券は10日、札幌と福岡の両取引所に加入申請したと発表した。東京と名古屋に限定していた現物取引を他の地域にも広げる。名古屋取引所での信用取引の対応も予定し、投資機会の拡充を図る。,[],[]
JR東日本のモバイルSuica障害、アクセス集中が原因（時事通信）,https://news.yahoo.co.jp/articles/bf60b87a5a2f736a5e75b881aa5d9ece2228211e,https://newsatcl-pctr.c.yimg.jp/t/amd-img/default.jpg?exp=10800,2026-07-10T20:00:36+09:00,2026-07-10T20:05:08+09:00,時事通信,jij,時事通信,126,"JR東日本
<9020>
は10日、スマートフォンのIC乗車券アプリ「モバイルSuica（スイカ）」で一時発生した障害について、アクセス数の増加でシステム全体が高負荷になったことが原因だと発表した。同社は、再発防止のため、処理性能の改善と向上を進める。",[],[]
三井住友信託、デジタル投信で実証実験（時事通信）,https://news.yahoo.co.jp/articles/a19ab1e747e947b273cb9690113f1b687def2e04,https://newsatcl-pctr.c.yimg.jp/t/amd-img/default.jpg?exp=10800,2026-07-10T20:00:35+09:00,2026-07-10T20:05:07+09:00,時事通信,jij,時事通信,129,三井住友信託銀行は10日、ブロックチェーン（分散型台帳）技術を活用して投資信託などの金融商品を流通させる実証実験を、2026年度内に始めると発表した。将来的には、ステーブルコインとの即時決済や、付利の自動化、24時間国境を越えた取引ができることなどを目指す。,[],[]
〔決算〕安川電、3～5月期は増収減益（時事通信）,https://news.yahoo.co.jp/articles/65f29c12a3c11858644c4a24a375f5edb75c7ccd,https://newsatcl-pctr.c.yimg.jp/t/amd-img/default.jpg?exp=10800,2026-07-10T20:00:35+09:00,2026-07-10T20:05:07+09:00,時事通信,jij,時事通信,116,"安川電機
<6506>
＝2026年3～5月期連結業績は増収減益。半導体やデータセンター（DC）関連投資を背景とした需要拡大で増収を確保した一方、ロボット事業の基幹システム移行や間接費増加、欧州での事業構造改革費用計上などが響いた。",[],[]
SBI、米ゴーントレット社に出資（時事通信）,https://news.yahoo.co.jp/articles/7f3d4201508376bda592d223f69a7a01f40419ab,https://newsatcl-pctr.c.yimg.jp/t/amd-img/default.jpg?exp=10800,2026-07-10T20:00:34+09:00,2026-07-10T20:05:07+09:00,時事通信,jij,時事通信,108,"SBIホールディングス
<8473>
は10日、オンチェーン市場における資本管理などを行う米ゴーントレット・ネットワークスの資金調達（シリーズCラウンド、計1億2500万ドル）にリード投資家として参画したと発表した。",[],[]
島津製、チェコの電子顕微鏡メーカーを買収（時事通信）,https://news.yahoo.co.jp/articles/1baf5c400769b2faa0d35df345b6af4951cef5d7,https://newsatcl-pctr.c.yimg.jp/t/amd-img/default.jpg?exp=10800,2026-07-10T20:00:34+09:00,2026-07-10T20:05:06+09:00,時事通信,jij,時事通信,192,"島津製作所
<7701>
は10日、チェコの電子顕微鏡メーカー「テスキャン」を買収し、完全子会社化したと発表した。買収金額は7億1100万ドル（1152億円）で、同社として過去最大のM＆A（合併・買収）となる。テスキャンは欧米を中心に世界80カ国で累計4000台以上を販売。島津の分析技術とテスキャンの表面観察技術を組み合わせ、半導体や生命科学、材料の分野で製品やサービスを提供する。",[],[]
〔新規公開〕チャットプラス、15日グロース上場（時事通信）,https://news.yahoo.co.jp/articles/1a780dfaa5d1d87fa7fea008925a211e62840ca3,https://newsatcl-pctr.c.yimg.jp/t/amd-img/default.jpg?exp=10800,2026-07-10T20:00:33+09:00,2026-07-10T20:05:06+09:00,時事通信,jij,時事通信,139,顧客からの問い合わせに自動で応答するチャットボットシステムを開発するチャットプラス（東京都千代田区、大江繭子社長）〈598A〉が15日、東証グロース市場に上場する。公募と第三者割当増資により、手取り概算額で8億0500万円を調達。研究開発費や新規採用のための人件費などに充てる。,[],[]
韓国SKハイニックス、10日に米上場（時事通信）,https://news.yahoo.co.jp/articles/e123e5a9a64499933b04c993b35134c9d8de0ca6,https://newsatcl-pctr.c.yimg.jp/t/amd-img/default.jpg?exp=10800,2026-07-10T20:00:33+09:00,2026-07-10T20:05:05+09:00,時事通信,jij,時事通信,165,【ニューヨーク、ソウル時事】韓国の半導体大手SKハイニックスは9日、米ナスダック市場への上場で約265億ドル（4兆3000億円）を調達すると発表した。上場日は10日で、ドル建ての株式に相当する米国預託証券（ADR）を発行する。公開価格は1ADR＝149ドル（約2万4000円）。世界の投資家から資金を集め、事業拡大に充てる計画だ。,[],[]
韓国半導体SKハイニックス、米上場（時事通信）,https://news.yahoo.co.jp/articles/da7aa5dc61cb82658dae44906ac11c241e5df265,https://newsatcl-pctr.c.yimg.jp/t/amd-img/default.jpg?exp=10800,2026-07-10T20:00:33+09:00,2026-07-10T20:05:06+09:00,時事通信,jij,時事通信,172,【ニューヨーク時事】韓国の半導体大手SKハイニックスは9日、米ナスダック市場への上場で約265億ドル（4兆3000億円）を調達すると発表した。上場日は10日で、ドル建ての株式に相当する米国預託証券（ADR）を発行する。公開価格は1ADR＝149ドル（約2万4000円）。世界の投資家から資金を集め、半導体工場への投資など事業拡大に充てる計画だ。,[],[]
韓国SKハイニックス、ADR価格149ドルに（時事通信）,https://news.yahoo.co.jp/articles/ad51df5760ddf56c52e4323b81fce971984f0f6c,https://newsatcl-pctr.c.yimg.jp/t/amd-img/default.jpg?exp=10800,2026-07-10T20:00:32+09:00,2026-07-10T20:05:05+09:00,時事通信,jij,時事通信,168,【ニューヨーク、ソウル時事】韓国の半導体大手SKハイニックスは9日、米ナスダック市場への上場で約265億ドル（4兆3000億円）を調達すると発表した。上場日は10日で、ドル建ての株式に相当する米国預託証券（ADR）を発行する。公開価格は1ADR＝149ドル（約2万4000円）とする。世界の投資家から資金を集め、事業拡大に当てる計画だ。,[],[]
安全保障で連携強化　日NZ外相が会談（時事通信）,https://news.yahoo.co.jp/articles/a52b2a51e8845f1f021c4a2ac298a76382fe403b,https://newsatcl-pctr.c.yimg.jp/t/amd-img/20260710-00000115-jij-000-7-view.jpg?exp=10800,2026-07-10T19:52:47+09:00,2026-07-10T20:03:13+09:00,時事通信,jij,時事通信,255,"握手する茂木敏充外相（右）とニュージーランドのピーターズ外相＝１０日午後、外務省
茂木敏充外相は10日、ニュージーランドのピーターズ外相と外務省で会談し、昨年12月の物品役務相互提供協定（ACSA）署名などを踏まえ、安全保障分野での協力を一層強化していくことで一致した。
【主な経歴】茂木　敏充（もてぎ　としみつ）氏
茂木氏は「『自由で開かれたインド太平洋』の要である太平洋島しょ国・地域での協力を含め、連携を深めたい」と強調。両外相は中国の海洋進出や北朝鮮の核・ミサイル問題、中東情勢について意見を交わした。",[],[]
検事の弁護人「分水嶺、厳密判断を」　特捜付審判（時事通信）,https://news.yahoo.co.jp/articles/42f949b62c4ee01501e4fe917e74e3ab257d0e9f,https://newsatcl-pctr.c.yimg.jp/t/amd-img/20260710-00000114-jij-000-18-view.jpg?exp=10800,2026-07-10T19:49:51+09:00,2026-07-10T20:29:52+09:00,時事通信,jij,時事通信,331,"田渕大輔検事の初公判後、記者会見する弁護人の森直也弁護士（右）と森田憲右弁護士＝１０日午後、大阪市北区
田渕大輔検事（54）の弁護人を務める森直也弁護士らは初公判後の記者会見で、「この裁判は刑法上、違法な取り調べになるのかの分水嶺（れい）になる。厳密に判断していただきたい」と訴えた。
【写真特集】歴史に残る衝撃事件10～3億円強奪、グリコ・森永…～
会見の冒頭、声明文を読み上げ、「取り調べは検察官の職務に基づいて行われた」と指摘。陵虐行為に当たるかどうかは、取り調べ全過程の状況、相手の男性が検事の言動をどう捉えたかなど、さまざまな観点から判断すべきだと主張した。

　森弁護士は「刑法の適用は厳格であるべきだ。曖昧なまま有罪になってはいけない」と強調した。",[],[]
山梨・寺田義彦県議が当て逃げ疑い　車追突し相手けが、書類送検　県警（時事通信）,https://news.yahoo.co.jp/articles/d263fc5bd60b629b4c2de121cbd80d9972725ec4,https://newsatcl-pctr.c.yimg.jp/t/amd-img/default.jpg?exp=10800,2026-07-10T19:41:31+09:00,2026-07-10T20:01:30+09:00,時事通信,jij,時事通信,303,"車で追突事故を起こして相手の運転手にけがをさせながら、そのまま立ち去ったとして、山梨県警は10日、自民党の寺田義彦県議（46）を自動車運転処罰法違反（過失運転致傷）と道交法違反（事故不申告）の疑いで書類送検した。

　捜査関係者への取材でわかった。

　送検容疑は1月14日未明、甲府市内を車で走行中、交差点で追突し、相手の運転手にけがをさせ、通報せず立ち去った疑い。追突相手の同乗者が通報し、県警が調べていた。

　寺田氏は取材に「事故のお相手に心からおわび申し上げる」と話し、進退に関しては「司法判断を待って説明する」と明言を避けた。

　寺田氏は甲府市議を経て2023年、県議に初当選し、現在1期目。",[],[]
イオン、営業益が最高　モール好調、スーパー不振補う　3～5月期（時事通信）,https://news.yahoo.co.jp/articles/c3cafc82c7eb1e97ab9a5713d035acf5a1fc9438,https://newsatcl-pctr.c.yimg.jp/t/amd-img/20260710-00000112-jij-000-5-view.jpg?exp=10800,2026-07-10T19:35:01+09:00,2026-07-10T20:02:31+09:00,時事通信,jij,時事通信,198,"イオンのロゴ
イオンが10日発表した2026年3～5月期連結決算は、本業のもうけを示す営業利益が前年同期比33．6％増の752億円だった。
【ひと目でわかる】企業の景況感
同期として2年連続で過去最高を更新した。主力の総合・食品スーパー事業は振るわなかったが、イオンモールのテナントの専門店が好調で、利益が大きく伸びた。1月にドラッグストア大手ツルハホールディングスを子会社化したことも寄与した。",[],[]
全東信、630億円粉飾　20年前から、破産詳細判明　スマホ決済普及で債務超過（時事通信）,https://news.yahoo.co.jp/articles/4ac0ea0a2a5e91a536d2812f8659def6bf572e13,https://newsatcl-pctr.c.yimg.jp/t/amd-img/default.jpg?exp=10800,2026-07-10T19:33:57+09:00,2026-07-10T20:13:58+09:00,時事通信,jij,時事通信,595,"破産手続きが開始されたクレジットカード決済代行サービスの全東信（大阪市）が、約630億円の粉飾決算を行っていたことが10日、明らかになった。

　金融機関からの融資を維持するため、架空預金を計上するなどの手口で実際の財務状況と異なる決算書を提出していた。粉飾は少なくとも20年前から行われ、2026年3月末時点で約605億円の債務超過に陥っていたとみられる。

　時事通信が入手した破産申立書で、破産に至る詳細な経緯が判明した。申立書によると、スマートフォン決済の普及を背景に同社は加盟店から受け取る手数料率の引き下げを余儀なくされ、15年ごろから急速に収益が悪化。資金繰りを維持するために(1)架空預金約170億円(2)架空債権約154億円(3)営業権の過大計上88億2000万円(4)加盟店への未払い立て替え精算金約217億円の未計上―の不正な会計処理を行っていた。

　近年は赤字が続き、26年3月期決算で約15億5000万円の純損失を計上。金融機関からの借り入れなどで資金繰りを継続していたが、5月時点で借入金と社債の総額は約1151億円に膨らんだ。申立書は粉飾の理由について「借り入れを維持・継続するため金融機関に良好な財務状況を示す必要があった」と説明した。

　帳簿上の純資産は約24億8000万円だが、粉飾額はこれを大きく上回り、債務の弁済が不可能だとして破産を申し立てた。",[],[]
【図解】コメ、1年半ぶり3500円割れ＝5キロ店頭価格―農水省（時事通信）,https://news.yahoo.co.jp/articles/9c800169ee86d3bcc956219d7cee1463711a2bce,https://newsatcl-pctr.c.yimg.jp/t/amd-img/20260710-00000009-jij_graph-000-2-view.jpg?exp=10800,2026-07-10T19:20:50+09:00,2026-07-10T19:22:31+09:00,時事通信,jij,時事通信,94,"スーパーでのコメの平均価格
農林水産省は10日、全国のスーパー約1000店舗で6月29日～7月5日に販売されたコメの5キロ当たりの平均価格が、前週より96円安い3458円だったと発表した。",[],[]
巡査部長と会計課職員を書類送検　児童買春容疑など　茨城県警（時事通信）,https://news.yahoo.co.jp/articles/013cc8c7eae8fff26a1cf55cd4cf0d8894776816,https://newsatcl-pctr.c.yimg.jp/t/amd-img/20260710-00000110-jij-000-11-view.jpg?exp=10800,2026-07-10T19:20:33+09:00,2026-07-10T19:52:05+09:00,時事通信,jij,時事通信,284,"茨城県警本部＝水戸市
16歳だった少女に現金を渡してホテルでみだらな行為をしたとして、茨城県警は10日、児童買春・ポルノ禁止法違反（児童買春）容疑で、公安課の男性巡査部長（30）を書類送検するとともに、停職6カ月の懲戒処分とした。

　「性的欲求を満たすためだった」と容疑を認めており、同日付で依願退職した。

　また、拾得物の現金約17万円を金庫から盗んだ窃盗容疑で、日立署会計課の男性主事（22）も書類送検し、懲戒免職処分とした。紛失者に返却したと上司にうその報告をし、パチスロなどの遊興費に充てていたという。

　堀越悌一首席監察官　誠に遺憾で、深くおわびする。",[],[]
中国主席、北朝鮮首相と会談　友好条約65年で（時事通信）,https://news.yahoo.co.jp/articles/52b28ca1201cb8baba76e0ac74e7b7e884e901b6,https://newsatcl-pctr.c.yimg.jp/t/amd-img/default.jpg?exp=10800,2026-07-10T19:10:58+09:00,2026-07-10T21:47:36+09:00,時事通信,jij,時事通信,321,"【北京時事】中国の習近平国家主席は10日、北朝鮮の朴泰成首相と北京の人民大会堂で会談した。

　中国国営新華社通信が伝えた。

　会談で習氏は、「世代を超えた友好や助け合いが中朝関係の特徴だ」と強調。朴氏は、金正恩朝鮮労働党総書記のメッセージを伝えた上で、6月の習氏の訪朝が「両国関係の新たな道しるべを打ち立てた」と応じた。朴氏は12日まで滞在し、中朝友好協力相互援助条約締結65年の記念行事などに出席する。

　同条約は1961年7月11日に締結された。相手国が攻撃を受けた際の軍事援助を定めており、「血で固めた友情」と表現される中朝関係の基盤の一つとなっている。締結65年の節目を共に祝うことで、強固な関係を誇示する狙いがあるとみられる。",[],[]
インスタとFB「依存設計」　デジタル法違反と暫定見解　EU（時事通信）,https://news.yahoo.co.jp/articles/13f932fcb048e493c73790e1c29893ae628518eb,https://newsatcl-pctr.c.yimg.jp/t/amd-img/20260710-00000108-jij-000-7-view.jpg?exp=10800,2026-07-10T19:01:08+09:00,2026-07-10T19:58:08+09:00,時事通信,jij,時事通信,573,"米メタのロゴ。背景は欧州旗（ＡＦＰ時事）
【ブリュッセル時事】欧州連合（EU）欧州委員会は10日、米メタ（旧フェイスブック）傘下のSNS「インスタグラム」と「フェイスブック（FB）」が依存を促す設計になっているとして、利用者保護を義務付けたEUのデジタルサービス法（DSA）違反に当たるとの暫定的な見解を示した。

　
　問題視されたのは、画面を下に動かすと新たな投稿が次々と表示される「無限スクロール」や動画の自動再生機能、プッシュ通知、高度に個人化されたコンテンツ推薦システムなど。

　欧州委は、メタが利用者の心身の健康に及ぼすリスクを十分に評価していなかったと指摘。特に未成年者への影響を懸念した。こうした機能は利用者に閲覧を続けたい衝動を与え、過度な利用につながる恐れがあるとした。

　メタには反論の機会が与えられるが、最終的に違反が確定すれば、世界年間売上高の最大6％の制裁金が科される可能性がある。欧州委は4月にも、13歳未満の子供の利用防止策が不十分だとして、両SNSがDSAに違反しているとの暫定見解を示していた。

　メタは声明で「暫定見解には同意できない。10代の若者を守る重要な措置が正確に考慮されていない」とコメント。保護者が夜間の利用などを制限できる機能を導入済みだと強調し、「欧州委と建設的な対話を続ける」とした。",[],[]
〔ロンドン外為〕円上昇、161円台後半（10日午前10時）（時事通信）,https://news.yahoo.co.jp/articles/90868f0b49017a18abc7f90bb907c38d3c126e4d,https://newsatcl-pctr.c.yimg.jp/t/amd-img/default.jpg?exp=10800,2026-07-10T19:00:18+09:00,2026-07-10T19:26:03+09:00,時事通信,jij,時事通信,478,"【ロンドン時事】10日午前のロンドン外国為替市場で、円相場は1ドル＝161円台後半で推移した。週末を控えたポジション調整などを背景に円買い・ドル売りが優勢となった。午前10時現在は161円64銭～74銭と、前日午後4時（162円32～42銭）比68銭の円高・ドル安。
　海外時間の円相場は、米長期金利の低下につれ、162円40銭台から162円20銭台に上昇。日本時間は162円30～40銭台前後で推移していたところ、片山さつき財務相の発言を受けて年金基金による日本国内の金融資産への投資が増えるとの思惑から161円20銭台まで水準を切り上げた。
　ロンドン時間は、161円50銭台で始まった後は、週末を控えたポジション調整などで161円60～70銭台にやや下落して推移した。
　対ユーロは1ユーロ＝184円77～87銭（前日午後4時は185円58～68銭）と、81銭の円高・ユーロ安。ユーロの対ドル相場は1ユーロ＝1．1425～1435ドル（同1．1428～1438ドル）。
　ポンドは1ポンド＝1．3418～3428ドル（同1．3386～3396ドル）。",[],[]
電力8社、託送料金値上げへ　11月にも、電気代に反映（時事通信）,https://news.yahoo.co.jp/articles/b801cd7d1dbc20444cbb5fe7cc03d603788ce6c9,https://newsatcl-pctr.c.yimg.jp/t/amd-img/default.jpg?exp=10800,2026-07-10T18:59:49+09:00,2026-07-10T19:35:01+09:00,時事通信,jij,時事通信,186,"東京電力や東北電力など電力大手7社の送配電会社と、沖縄電力の計8社は10日、電力小売りに負担を求める託送料金（電線使用料）の値上げを経済産業省に申請したと発表した。

　11月からの適用を目指しており、電気代の値上げにつながりそうだ。

　物価高や金利上昇の影響で費用が想定を上回る見通しとなったため。今後、国の審査などを経て承認を受ければ、新料金を設定して届け出を行う。",[],[]
女性2人殺害、28歳男に無期懲役　責任能力認定　名古屋地裁（時事通信）,https://news.yahoo.co.jp/articles/322b10f8ed1a0c735ae652134a66ca82a52b9f3a,https://newsatcl-pctr.c.yimg.jp/t/amd-img/default.jpg?exp=10800,2026-07-10T18:54:29+09:00,2026-07-10T19:00:08+09:00,時事通信,jij,時事通信,398,"名古屋市内のカラオケ店とマンションで2023年、女性2人が相次ぎ殺害された事件で、殺人罪に問われた元風俗店経営、曽我春暉被告（28）の裁判員裁判の判決が10日、名古屋地裁であった。

　石川貴司裁判長は責任能力を認め、求刑通り無期懲役を言い渡した。

　石川裁判長は、女性用風俗店の経営や接客でストレスを抱えてうつ病を発症し、他人を巻き添えにする「拡大自殺」を考えていたと指摘。事前に包丁を購入するなど計画的に行動していたことから責任能力があったと認定した上で、「密室で二人きりになれる相手を選んで殺害し、悪質で残忍。生涯をかけて罪を償うことが相当だ」と述べた。

　判決によると、曽我被告は23年12月25～26日、同居する長野汐里さん＝当時（30）＝を自宅マンションの浴槽に沈めて溺死させたほか、カラオケ店で自身の店の客だった女性＝同（20）＝の胸を包丁で複数回突き刺すなどして失血死させた。",[],[]
「南シナ海判決は違法」　中国、仲裁判断10年を前に比けん制（時事通信）,https://news.yahoo.co.jp/articles/9e6ec1eec7fe666f60999ef3dcc239fd7c0dd8e0,https://newsatcl-pctr.c.yimg.jp/t/amd-img/default.jpg?exp=10800,2026-07-10T18:51:49+09:00,2026-07-10T22:47:41+09:00,時事通信,jij,時事通信,184,"【北京、マニラ時事】オランダ・ハーグの仲裁裁判所が南シナ海での中国の領有権主張を退けた判決から12日で10年となるのを前に、中国外務省の毛寧報道局長は10日、定例記者会見で判決を受け入れない姿勢を改めて示した。

　判決は「違法かつ無効」と従来の立場を繰り返した。

　毛氏は「判決に基づくいかなる主張も行動も受け付けない」と強調。領有権を争うフィリピンをけん制した。",[],[]
井山碁聖勝ち1勝1敗　囲碁・碁聖戦（時事通信）,https://news.yahoo.co.jp/articles/c3df7a5337b871ffad35db80e6fe53a844f472cc,https://newsatcl-pctr.c.yimg.jp/t/amd-img/default.jpg?exp=10800,2026-07-10T18:46:38+09:00,2026-07-10T18:58:02+09:00,時事通信,jij,時事通信,105,"囲碁の井山裕太碁聖（37）に佐田篤史七段（30）が挑戦する第51期碁聖戦5番勝負の第2局が10日、大阪市で打たれ、井山碁聖が150手で白番中押し勝ちし、1勝1敗とした。

　第3局は21日に東京都内で打たれる。",[],[]
ホルムズ海峡、機雷の早期除去を　船主協会（時事通信）,https://news.yahoo.co.jp/articles/cc5673e67c9b40d10c47bb60eb96413d91d55b93,https://newsatcl-pctr.c.yimg.jp/t/amd-img/default.jpg?exp=10800,2026-07-10T18:40:20+09:00,2026-07-10T18:58:28+09:00,時事通信,jij,時事通信,195,"日本関係船舶22隻が新たにホルムズ海峡を通過したことを受け、日本船主協会の長沢仁志会長（日本郵船会長）は10日、海峡に敷設されているとされる機雷の早期・確実な除去など自由で安全な通航を求めるコメントを発表した。

　
　長沢氏は「ホルムズ海峡の通過準備が整った日本関係船舶は、全てペルシャ湾を出ることができた」と説明した。日本政府などに、海峡の通航料が課されることのないように支援を求めた。",[],[]
仲宗根澄香、トップ守る　ミネベア女子ゴルフ（時事通信）,https://news.yahoo.co.jp/articles/e818d3fb6c51e2da4a6ad99698f02efc5b36d74f,https://newsatcl-pctr.c.yimg.jp/t/amd-img/default.jpg?exp=10800,2026-07-10T18:35:56+09:00,2026-07-10T18:58:07+09:00,時事通信,jij,時事通信,234,"【女子ゴルフ・ミネベアミツミ・レディース・北海道新聞カップ】第2日（10日、北海道・真駒内CC空沼、6700ヤード＝パー72、賞金総額1億円、優勝1800万円）
　仲宗根澄香が7バーディー、ボギーなしでこの日ベストの65をマークし、通算14アンダーとして単独トップを守った。

　神谷桃歌、サイ・ペイイン（台湾）が通算10アンダーの2位に並び、三ケ島かなが9アンダーの4位。イーブンパーまでの62人が決勝ラウンドに進み、昨年優勝の内田ことこ、小祝さくらは予選落ちした。",[],[]
御嶽山噴火の遺族、気象庁長官らと意見交換　発生後初めて　「失望した」が続ける意向（時事通信）,https://news.yahoo.co.jp/articles/460b027d5699dd4e3a2a523ea14245ca93cf9296,https://newsatcl-pctr.c.yimg.jp/t/amd-img/20260710-00000101-jij-000-14-view.jpg?exp=10800,2026-07-10T18:24:13+09:00,2026-07-10T20:31:08+09:00,時事通信,jij,時事通信,461,"御嶽山噴火災害の遺族らと気象庁の意見交換＝１０日午後、東京都港区
58人が死亡し、戦後最悪の火山災害となった御嶽山（長野・岐阜県境）噴火の遺族らでつくる「山びこの会」のメンバーらが10日、気象庁（東京都港区）を訪れ、野村竜一長官らと意見交換した。
【写真特集】The　Volcano　世界の火山　～立ち上る噴煙、流れ出す溶岩～
同会の要望で実現したもので、2014年9月の発生以降、初めて。

　遺族ら14人が参加。冒頭以外は非公開で、約2時間半にわたって行われた。

　意見交換後、取材に応じた遺族の堀口純一さん（79）は、気象庁に対する訴訟が終了していることから「なぜ（噴火警戒レベルが）2に上がらなかったのかなど、もう少し話してくれると思っていた。その点では失望した」と話した。ただ、「積み重ねることが必要」として、今後も続けていきたい意向という。

　一方、野村長官は「ご遺族の率直な意見を聞けた。限られた時間で説明が足りなかったところもある」とした上で、「知見を重ね、適切な警報発表につなげていきたい」と述べた。",[],[]
リーチマイケル「自信持って戦える」　ラグビー日本代表、11日アイルランド戦（時事通信）,https://news.yahoo.co.jp/articles/4e53a209c08072e397caa934f7072700d66ab427,https://newsatcl-pctr.c.yimg.jp/t/amd-img/20260710-00000100-jij-000-8-view.jpg?exp=10800,2026-07-10T18:20:30+09:00,2026-07-10T19:56:00+09:00,時事通信,jij,時事通信,397,"アイルランド戦に備え、練習するラグビー日本代表のリーチ（左）＝１０日、オーストラリア・ニューカッスル（ＡＦＰ時事）
【ニューカッスル（オーストラリア）時事】ラグビー日本代表は10日、新大会ネーションズチャンピオンシップ第2戦のアイルランド代表戦に向け、オーストラリア・ニューカッスルの試合会場で前日練習を行った。

　初戦でイタリア代表を破ったこともあり、選手たちは明るい表情で体を動かした。

　第1戦に続いてベンチスタートとなるFWリーチ（BL東京）は「ティア1（強豪）に連勝するというのは、すごくいいチャレンジ。十分準備をしたので、自信を持って戦える」と意気盛ん。昨年11月の対戦では後半に圧倒されたこともあり、「後半の（最後の）20分がカギになる。そこの職人になりたい」と途中出場での貢献を誓った。

　CTBライリー（埼玉）は「われわれのDNAである超速ラグビーを見せたい」と話した。",[],[]
ロシア参加制限を継続　バイアスロン（時事通信）,https://news.yahoo.co.jp/articles/91d72ad5d4e0471c25d591fcdf442b7a22bb5792,https://newsatcl-pctr.c.yimg.jp/t/amd-img/default.jpg?exp=10800,2026-07-10T18:19:51+09:00,2026-07-10T18:28:22+09:00,時事通信,jij,時事通信,160,"国際バイアスロン連合（IBU）はロシア選手の国際大会への参加制限を継続すると明らかにした。

　ロイター通信が9日、報じた。

　国際オリンピック委員会（IOC）は7日、ウクライナ侵攻を続けるロシアの選手について、大会参加を制限するよう国際競技連盟に求めていた勧告を取り下げたが、IBUは制限する姿勢に変更はないとした。",[],[]
悠仁さま、8月広島へ　ボーイスカウト祭典、原爆慰霊碑も（時事通信）,https://news.yahoo.co.jp/articles/2b33735f4d2cf541557347f49788e7fc37d3ead5,https://newsatcl-pctr.c.yimg.jp/t/amd-img/default.jpg?exp=10800,2026-07-10T18:16:00+09:00,2026-07-10T18:28:07+09:00,時事通信,jij,時事通信,245,"宮内庁は10日、秋篠宮ご夫妻の長男悠仁さまが8月7～8日に広島県を訪問されると発表した。

　ボーイスカウト最大の祭典「日本スカウトジャンボリー」に出席し、公的行事で初めてあいさつする。悠仁さまが地方公務の全日程に単独で臨むのは初めて。

　同庁によると、7日午前に広島市の原爆死没者慰霊碑に供花。午後には原爆被害を受けた校舎の一部が保存されている本川小学校平和資料館も訪れる。その後、神石高原町で開かれる日本スカウトジャンボリーの大集会であいさつ。8日には福山市の県立歴史博物館を訪れる。",[],[]
江崎グリコ、ビスコなど値上げ　10月から169品目（時事通信）,https://news.yahoo.co.jp/articles/be458cbc2da16273bff096b92501312278eafb7a,https://newsatcl-pctr.c.yimg.jp/t/amd-img/20260710-00000097-jij-000-6-view.jpg?exp=10800,2026-07-10T18:14:37+09:00,2026-07-10T18:27:21+09:00,時事通信,jij,時事通信,209,"江崎グリコが値上げする「ビスコ」（同社提供）
江崎グリコは10日、ビスケット「ビスコ」など169品目を値上げすると発表した。

　10月1日から順次、出荷価格を3～15％引き上げる。中東情勢の混乱に伴う資材高騰や物流費の上昇が続いているため。
【随時更新】日本の石油備蓄の状況とガソリン価格　2026年
値上げ対象は「ビスコ」など菓子類58品目のほか、「Bigプッチンプリン」や「セブンティーンアイス　サイダー」など。",[],[]
「殺」「盗」など表現見直しへ　今秋に検討委設置―宮城県高校野球連盟（時事通信）,https://news.yahoo.co.jp/articles/e23573d8f5eaa5ac2c21939deea6517328744c0d,https://newsatcl-pctr.c.yimg.jp/t/amd-img/default.jpg?exp=10800,2026-07-10T18:10:58+09:00,2026-07-10T18:23:01+09:00,時事通信,jij,時事通信,208,"宮城県高校野球連盟が、「殺」「盗」「死」「犠」を含む野球用語の表現を見直す検討委員会を今秋に設置することが分かった。

　10日、松本嘉次理事長が明らかにした。指導現場での使用を避ける狙いがあり、検討結果は来春に県内の高校へ通達するという。

　県高野連は昨年7月から、公式サイト上で一般向けのアンケートを実施。過激な野球用語があるため「刺せ」「殺せ」といった言葉が試合中に出るとし、それに代わる用語を募集している。",[],[]
NISAに国債追加　国民民主が法案提出（時事通信）,https://news.yahoo.co.jp/articles/b06812eec4b7b43ef1c42ff562b2018f9897030e,https://newsatcl-pctr.c.yimg.jp/t/amd-img/default.jpg?exp=10800,2026-07-10T18:05:41+09:00,2026-07-10T18:21:03+09:00,時事通信,jij,時事通信,174,"国民民主党は10日、少額投資非課税制度（NISA）の対象に日本国債を加える法案を参院に提出した。

　家計の安定的な資産形成や円滑な国債発行、保有者増による金利急騰の抑止を図ることが狙い。玉木雄一郎代表は記者団に、NISA投資先の現状について「極端な選択肢しかない」と指摘し、法案の効果として「大変インパクトがあり、国民にプラスになる」と強調した。",[],[]
ウクライナ大統領、三菱重工との協力に関心　パトリオット生産で（時事通信）,https://news.yahoo.co.jp/articles/fa57e7024d62ad30478eb78e1f242fcd3c309edd,https://newsatcl-pctr.c.yimg.jp/t/amd-img/20260710-00000094-jij-000-6-view.jpg?exp=10800,2026-07-10T18:05:27+09:00,2026-07-10T18:30:58+09:00,時事通信,jij,時事通信,328,"地対空誘導弾パトリオット（ＰＡＣ３）＝２０２２年５月、大阪市此花区
ウクライナのゼレンスキー大統領は9日、記者団に対し、米国製防空システム「パトリオット」の生産を巡り、日本の三菱重工業との協力に関心があると述べた。

　ウクライナメディアが報じた。先にトランプ米大統領がウクライナにライセンス生産を認める発言をしていた。

　三菱重工は米防衛大手ロッキード・マーチンなどからライセンスを取得し、パトリオットを生産する数少ない企業の一つ。ゼレンスキー氏は三菱重工のミサイル生産能力を「非常に高い」と評価し、パートナーとして迎え入れ「経験を共有したい」と語った。パトリオットの国内生産に向けては、関係省庁が「技術的な問題」を迅速に解決する必要があると強調した。",[],[]
無罪決め手の証拠、検事5人把握　名古屋高検、「福井事件」で調査結果（時事通信）,https://news.yahoo.co.jp/articles/d5d44f11547f005d2324de4fe27b853723cb1f46,https://newsatcl-pctr.c.yimg.jp/t/amd-img/20260710-00000093-jij-000-15-view.jpg?exp=10800,2026-07-10T18:03:37+09:00,2026-07-10T20:45:21+09:00,時事通信,jij,時事通信,716,"再審判決で無罪を言い渡され、花束を受け取る前川彰司さん＝２０２５年７月１８日、金沢市
福井市で1986年に女子中学生＝当時（15）＝を殺害したとして、殺人罪で服役した前川彰司さん（61）の再審無罪が昨年確定したことを受け、名古屋高検は10日、確定審や再審請求審に関わった検察官への聞き取り調査結果を報告書にまとめ、公表した。

　少なくとも5人の検察官が1次請求審段階で、無罪の決め手となった証拠の存在を把握しており、開示していれば再審無罪が早期に確定していた可能性があったとした。

　報告書によると、聞き取りは検察官17人に実施。5人が証拠を把握していたが、関係者の供述を裏付けるものに過ぎず、判決に影響を及ぼすほどではないと判断し、開示などの適切な対応を取らなかったという。

　証拠が裁判所に提出されていれば、関係者供述の信用性が争点となり、再審開始が決まっていた可能性も十分に考えられると指摘。「再審手続きへの対応や開始決定に対する異議申し立てを通じ、一貫して反省すべきだ」と結論付けた。ただ、5人への処分は行わないという。

　今後、最高検が全国の検察庁へ内容を周知する。最高検は「国民の信頼に十分に応えることができるよう、適正な検察権行使に一層努める」とするコメントを出した。

　聞き取り調査は5月に開始。再審制度を見直す刑事訴訟法改正案を巡り、事件の検証を求める声が上がっていた。

　前川さんは95年に名古屋高裁金沢支部で懲役7年の逆転有罪判決を受け、最高裁で確定。服役後の2011年に再審開始決定が出たものの、名古屋高裁で覆された。2回目の再審請求で同支部が24年に再審開始を決定し、昨年8月に無罪が確定した。",[],[]
女性皇族の夫・子、政治活動可　「基本的人権、制限されず」　木原官房長官（時事通信）,https://news.yahoo.co.jp/articles/afb945ce793480e7524beb3756a2f5d5ac843c1b,https://newsatcl-pctr.c.yimg.jp/t/amd-img/20260710-00000092-jij-000-4-view.jpg?exp=10800,2026-07-10T18:02:55+09:00,2026-07-10T18:37:26+09:00,時事通信,jij,時事通信,270,"木原稔官房長官＝９日、首相官邸
木原稔官房長官は10日の衆院内閣委員会で、皇室典範改正案が成立して女性皇族が皇室に残る場合、その夫や子が政治活動を行うことは「可能だ」と明言した。

　中道改革連合の後藤祐一氏への答弁。

　木原氏は「配偶者や子は一般国民だ。基本的人権は制限されない」と説明。一方、女性皇族については「特殊な地位にある」と指摘し、基本的人権に一定の制約を受けるとの認識を示した。

　木原氏はまた、女性皇族の参加する皇室関連の行事に夫や子を同行できるか問われ、「可能だ。実際には活動の趣旨や内容に応じて判断される」と述べた。",[],[]
政府、ベネズエラ地震5．7億円支援（時事通信）,https://news.yahoo.co.jp/articles/05b39252c20d22b85f6ff5435bd6f5b31a0280e6,https://newsatcl-pctr.c.yimg.jp/t/amd-img/default.jpg?exp=10800,2026-07-10T17:57:29+09:00,2026-07-10T18:21:03+09:00,時事通信,jij,時事通信,157,"外務省は10日、ベネズエラで発生した地震の被災者を支援するため、350万ドル（約5億7000万円）の緊急無償資金協力を実施すると発表した。

　世界食糧計画（WFP）などの国際機関を通じ、食料やシェルター、生活必需品を供与する。併せて国際緊急援助隊・医療チームの第2陣の派遣も決定した。来週中に現地へ向かう予定だ。",[],[]
福岡・太宰府で37．8度　猛暑日40地点、今年最多　気象庁（時事通信）,https://news.yahoo.co.jp/articles/c8f97300af1586ca14b0b7d857978da1a5de2e0a,https://newsatcl-pctr.c.yimg.jp/t/amd-img/default.jpg?exp=10800,2026-07-10T17:42:44+09:00,2026-07-10T18:19:26+09:00,時事通信,jij,時事通信,218,"東北から九州にかけては10日、晴れて気温が上がり、35度以上の猛暑日になる所が続出した。

　気象庁によると、福岡県太宰府市で今年の全国最高気温となる37．8度を観測。岐阜県飛騨市・神岡は36．2度、長野県上田市は35．8度、新潟市秋葉区は35．6度、岩手県宮古市・川井は35．5度となった。

　全国で猛暑日になった所は今年最多の40地点。九州北部で多く、日差しが強かったほか、台風9号などの影響で南から暖かい空気が流れ込んだという。",[],[]
【図解】皇室典範改正案、今国会成立へ＝衆院通過、中道も賛成―旧宮家から養子、女性皇籍保持（時事通信）,https://news.yahoo.co.jp/articles/e10102207050816b3205fb2450c5c6098fd285d6,https://newsatcl-pctr.c.yimg.jp/t/amd-img/20260710-00000008-jij_graph-000-4-view.jpg?exp=10800,2026-07-10T17:41:37+09:00,2026-07-10T18:13:06+09:00,時事通信,jij,時事通信,53,"皇室典範改正案への賛否
皇族数確保のための皇室典範改正案は10日の衆院本会議で可決され、参院に送付された。",[],[]
皇室典範改正案、今国会成立へ　衆院通過、中道も賛成　旧宮家から養子、女性皇籍保持（時事通信）,https://news.yahoo.co.jp/articles/8c88cfaa3baa5954ef116cb4a0aee74be48bcf62,https://newsatcl-pctr.c.yimg.jp/t/amd-img/default.jpg?exp=10800,2026-07-10T17:41:25+09:00,2026-07-10T18:12:47+09:00,時事通信,jij,時事通信,727,"皇族数確保のための皇室典範改正案は10日の衆院本会議で可決され、参院に送付された。

　態度を保留していた中道改革連合も賛成に回った。参院の特別委員会の審議を経て、17日までの今国会の会期内に成立する見通し。1947年の皇室典範制定から初の本格改正が実現する。

　改正案は(1)旧宮家の男系男子を養子として皇室に迎える(2)女性皇族が結婚後も皇室に残る―が柱。自民党と日本維新の会の与党に加え、中道、国民民主、参政各党が賛成した。チームみらいは自主投票とし、共産党は反対した。中道の一部議員は採決で退席した。

　衆院本会議に先立つ衆院議院運営委員会では、将来の見直しに当たり、養子入りした旧宮家男系男子を取り巻く環境などを勘案することを求める付帯決議が採択された。

　中道は付帯決議の修正を求めてきたが、与党側は応じなかった。中道の小川淳也代表は記者会見で、政府案に賛成した理由について「（10日の政府）答弁によって一定の担保が取れた」と説明した。

　木原稔官房長官は議運委の答弁で、養子の子について「男子の場合は皇位継承資格を有する」と明言した。中道の中野洋昌幹事長代行は、与野党の「全体会議」で皇位継承は議論の対象ではなかったと指摘。木原氏は「立法府の将来の検討を先取りしたり、縛ったりするものではない」と述べ、将来の見直しを求める付帯決議の趣旨を尊重する考えを示した。

　共産党の塩川鉄也氏は「女性・女系天皇の道を閉ざそうというものであり、到底容認できない」と批判した。

　与党側は参院特別委で14、15両日に審議して採決し、17日までに成立させる日程を描く。参院野党第1党の立憲民主党は修正案を提出し、否決された場合は反対する方針だ。",[],[]
コメ、1年半ぶり3500円割れ　5キロ店頭価格　農水省（時事通信）,https://news.yahoo.co.jp/articles/b59d28a055e3d815f514738d0136c472c997fdf7,https://newsatcl-pctr.c.yimg.jp/t/amd-img/20260710-00000087-jij-000-11-view.jpg?exp=10800,2026-07-10T17:37:42+09:00,2026-07-10T19:22:33+09:00,時事通信,jij,時事通信,387,"東京のスーパーで販売されているコメ＝資料（ＡＦＰ時事）
農林水産省は10日、全国のスーパー約1000店舗で6月29日～7月5日に販売されたコメの5キロ当たりの平均価格が、前週より96円安い3458円だったと発表した。
【気になるデータ】お米の値段　スーパーでのコメの平均価格
2週連続で下落し、2024年12月下旬以来、1年半ぶりに3500円を下回った。

　販売数量の78％を占めた銘柄米の平均価格が3521円と、前週より87円下落した。ブレンド米も106円値下がりし、3237円だった。

　コメの価格は店頭で極端な品薄に陥った24年夏ごろから上昇し、25年3月に4000円を突破した。政府備蓄米の放出で昨年夏に一時3000円台へ値下がりした後、新米が高値で取引され、再び高騰。しかし、需要を大きく上回る生産量を受けてコメ余りが顕著になり、今年に入って下落基調に転じた。",[],[]
〔東京外為〕ドル、161円台後半＝終盤も買い戻し続く（10日午後5時）（時事通信）,https://news.yahoo.co.jp/articles/fbeaedb016ba2b9e38e3684e5732801f012d87a5,https://newsatcl-pctr.c.yimg.jp/t/amd-img/default.jpg?exp=10800,2026-07-10T17:30:24+09:00,2026-07-10T17:34:09+09:00,時事通信,jij,時事通信,644,"10日の東京外国為替市場のドルの対円相場（気配値）は、終盤も片山さつき財務相の発言を受けた売りが一巡した後の買い戻しが続き、1ドル＝161円台後半に持ち直している。午後5時現在は、161円69～70銭と前日（午後5時、162円33～36銭）比64銭のドル安・円高。
　9日の海外市場では、欧州時間は米長期金利の上昇に支援され、162円50銭近辺に上伸した。米国時間は、長期金利低下などで売りが先行し、中盤には162円20銭台に水準を切り下げた。終盤は、押し目買いが入り、162円40銭台へ切り返した。
　10日の東京早朝は、162円30～40銭程度で推移。その後、片山財務相が「GPIFをはじめとする年金基金による、日本の金融資産にさらなる投資を後押しする方策を追求したい」と発言。これを受け、債券と円を買い戻す動きが強まった。ドル円は昼前に161円30銭前後に急落。午後は「急落後の水準調整的な買い戻しが優勢になった」（為替ブローカー）と指摘される。
　GPIFの国債投資への期待から「債券と円が同時に売られる流れにはいったん歯止めがかる」（大手邦銀）ことになった。ただ、「実際にGPIFの運用が見直されるのかは未知数で、目先はその見極めの時間帯になる」（同）との声が聞かれた。
　ユーロは終盤、対円は下げ渋り、対ドルでは小動き。午後5時現在は、1ユーロ＝184円92～93銭（前日午後5時、185円63～67銭）、対ドルでは1．1436～1437ドル（同1．1435～1435ドル）。",[],[]
副首都法案、審議再開　14日にも衆院通過へ（時事通信）,https://news.yahoo.co.jp/articles/c5248207c25c4d4bad0f5deb0fef5456afbbc572,https://newsatcl-pctr.c.yimg.jp/t/amd-img/20260710-00000086-jij-000-7-view.jpg?exp=10800,2026-07-10T17:27:11+09:00,2026-07-10T20:15:02+09:00,時事通信,jij,時事通信,186,"衆院の地域活性化などに関する特別委員会で「副首都」創設法案の趣旨説明を行う自民党の簗和生氏（奥右端）＝１０日午後、首相官邸
与党提出の「副首都」創設法案は10日、衆院の地域活性化などに関する特別委員会で改めて趣旨説明が行われ、審議を再開した。
【ひと目でわかる】政党支持率の推移
これに先立つ理事会では13、14両日に質疑を行う日程を決定。与党は14日の衆院通過を目指す。",[],[]
2月衆院選「投票できず違憲」　海外在住有権者、国提訴　東京地裁（時事通信）,https://news.yahoo.co.jp/articles/6193882d5cd4ccfbeb5875433f4a4a91d53daf30,https://newsatcl-pctr.c.yimg.jp/t/amd-img/20260710-00000085-jij-000-18-view.jpg?exp=10800,2026-07-10T17:23:14+09:00,2026-07-10T18:48:48+09:00,時事通信,jij,時事通信,680,"２月衆院選の在外邦人の選挙権を巡り、国に損害賠償を求める訴訟を起こした後、記者会見する弁護団＝１０日午後、東京都千代田区
解散から投開票まで戦後最短となった2月の衆院選で、海外からの郵便投票が間に合わなかった海外在住の有権者4人が10日、適切な制度構築を怠ったのは憲法違反だとして、国に慰謝料計約5万円の損害賠償などを求める訴訟を東京地裁に起こした。

　
　原告はドイツ、フランス、オーストラリア、カナダに在住する40～70代の男女4人。2月の衆院選は、高市早苗首相が1月19日に衆院解散を表明し、解散から投開票までの日数は戦後最短の16日間だった。

　訴状によると、3人は自治体からの投票用紙の交付後、速やかに返送したが、投開票日までに到達しなかった。1人は選挙期間中に投票用紙が手元にすら届かず、いずれも衆院選と最高裁裁判官の国民審査の投票ができなかった。

　在外公館で投票する手段もあるが、長距離の移動や多額の費用が必要だという。原告側は「国は在外邦人が特別な負担なく選挙権を行使できるよう立法すべきだったのに怠った」と主張している。

　提訴後、原告の東田孝昭さん（72）はオンラインで記者会見し、「在外邦人の意見が国内政治に反映されることは、今の日本社会にとって大事なことだ」と訴えた。

　在外邦人の選挙権を巡っては、最高裁が2005年、国政選挙の選挙権行使を一切認めなかった改正前の公選法などを違憲と判断。22年には国民審査についても違憲と判断し、国はいずれも法改正した。

　林芳正総務相の話　訴状が到達しておらず、コメントは差し控える。",[],[]
アジア大会代表に藤沢涼介外野手（東京ガス）ら　野球（時事通信）,https://news.yahoo.co.jp/articles/7e1fe78de826326db215b794a7e1841b57e7edda,https://newsatcl-pctr.c.yimg.jp/t/amd-img/default.jpg?exp=10800,2026-07-10T17:17:30+09:00,2026-07-10T17:22:23+09:00,時事通信,jij,時事通信,159,"社会人野球を統括する日本野球連盟などは10日、今秋の愛知・名古屋アジア大会に臨む日本代表を発表し、今秋のドラフト上位候補の藤沢涼介外野手（東京ガス）、樋口新投手、柴崎聖人外野手（ともに王子）ら24人が名を連ねた。

　監督は元三菱自動車岡崎監督の川口朋保氏。

　野球は岡崎中央総合公園野球場と豊橋市民球場で行われる。",[],[]
近畿産業信組、124億円取り立て不能の恐れ　全東信破産、業績影響なし（時事通信）,https://news.yahoo.co.jp/articles/7d7a16851d1fcc0b29ab2dbdda068c20a7844998,https://newsatcl-pctr.c.yimg.jp/t/amd-img/default.jpg?exp=10800,2026-07-10T17:11:27+09:00,2026-07-10T17:49:12+09:00,時事通信,jij,時事通信,424,"近畿産業信用組合（大阪市）は10日までに、融資先のクレジットカード決済代行サービス、全東信（同）の破産手続き開始を受け、債権124億5600万円が取り立て不能または回収遅延の可能性があると発表した。

　2026年9月中間期に全額引き当て処理を行う。引当金は既に保有株の売却益で全額確保しており、業績計画に変更はないという。

　民間信用調査機関の東京商工リサーチによると、全東信に対する同信組の債権額は最多の219億円だったが、その後債権の回収が進んだ。

　26年9月中間期の純利益計画は73億100万円で据え置き。担当者は「引き続き最終黒字を確保できる見通しで、経営には全く問題がない」としている。

　東京スター銀行（東京）は10日、全東信向け債権40億円を4～6月期に引き当て処理すると発表した。破産手続きの開始決定時点の残高は80億円だったが、うち40億円は回収済み。引き当て処理が財務健全性に与える影響については「限定的」としている。",[],[]
円相場、161円69～70銭　10日午後5時現在（時事通信）,https://news.yahoo.co.jp/articles/4757ea4342ef907407fcba614e4335e6de683e72,https://newsatcl-pctr.c.yimg.jp/t/amd-img/default.jpg?exp=10800,2026-07-10T17:07:58+09:00,2026-07-10T18:13:57+09:00,時事通信,jij,時事通信,72,10日の東京外国為替市場の円相場は、午後5時現在1ドル＝161円69～70銭と、前日（162円33～36銭）に比べ64銭の円高・ドル安となった。,[],[]
日本、3勝1敗で終える　車いすバスケット男子（時事通信）,https://news.yahoo.co.jp/articles/98205e09daa79411fddb7541b64ebd5a0af14d65,https://newsatcl-pctr.c.yimg.jp/t/amd-img/20260710-00000081-jij-000-8-view.jpg?exp=10800,2026-07-10T17:04:49+09:00,2026-07-10T22:24:37+09:00,時事通信,jij,時事通信,194,"英国と対戦する車いすバスケットボール男子日本代表＝１０日、東京・ひがしんアリーナ
車いすバスケットボール男子の国際親善試合「SUMIDA　Nations　Cup」最終日は10日、東京・ひがしんアリーナで行われ、日本は2024年パリ・パラリンピック銀メダルの英国に61―57で勝ち、トルコを67―56で退け、通算3勝1敗で終えた。
【写真】トルコと対戦する車いすバスケットボール男子日本代表",[],[]
【図解】台風9号、先島諸島ほぼ直撃へ＝暴風大雨に厳重警戒―気象庁（時事通信）,https://news.yahoo.co.jp/articles/54b61905e97c081ccbf3939aaecb59d047699cf2,https://newsatcl-pctr.c.yimg.jp/t/amd-img/20260710-00000006-jij_graph-000-6-view.jpg?exp=10800,2026-07-10T17:03:11+09:00,2026-07-10T19:31:55+09:00,時事通信,jij,時事通信,77,"台風９号の予想進路（１０日１５時現在）
大型で非常に強い台風9号は10日、沖縄の南海上を北上し、11日朝に石垣島など先島諸島をほぼ直撃する見通しとなった。",[],[]
科料の略式命令「違法」と認定　簡裁ミス、検事総長が非常上告　最高裁（時事通信）,https://news.yahoo.co.jp/articles/23d03e1a6de938de24e7bd2b9f6af34b3ff36492,https://newsatcl-pctr.c.yimg.jp/t/amd-img/20260710-00000080-jij-000-13-view.jpg?exp=10800,2026-07-10T16:49:58+09:00,2026-07-10T18:44:36+09:00,時事通信,jij,時事通信,435,"最高裁＝東京都千代田区
所沢簡裁で昨年8月、性的姿態撮影処罰法違反（撮影未遂）の罪に問われた男性（30）に対し、法定刑にない科料40万円の略式命令が出されたとして、最高裁第2小法廷（高須順一裁判長）は10日、命令を違法と認め、科料の判断を破棄した。

　検察庁が今後、対応を検討する。

　同罪の法定刑は当時、3年以下の懲役か300万円以下の罰金で、科料はなかった。畝本直美検事総長が昨年12月、是正を求める非常上告を申し立てていた。

　同小法廷は「法令に違反していることが明らかだ」と認定。言い渡すべき判決は罰金40万円が相当としたが、刑事訴訟法は元の判決が被告に不利益な場合にのみ新たな判決を出すとしており、より軽い科料だったため破棄するにとどめた。

　判決によると、略式命令は昨年8月22日に出され、同9月10日に確定した。検察側は男性が命令に基づき納付したかどうかを明らかにしていない。

　北岡克哉・最高検公判部長の話　判決内容を精査して適切に対応したい。",[],[]
台風9号、先島諸島ほぼ直撃へ　暴風大雨に厳重警戒　気象庁（時事通信）,https://news.yahoo.co.jp/articles/b884c9239d2f164251b7ae59e8e3e87d446c7544,https://newsatcl-pctr.c.yimg.jp/t/amd-img/20260710-00000079-jij-000-19-view.jpg?exp=10800,2026-07-10T16:49:14+09:00,2026-07-10T19:31:37+09:00,時事通信,jij,時事通信,510,"台風９号の接近に備え、建物の前に積み上げられた土のう＝９日、台北（ＡＦＰ時事）
大型で非常に強い台風9号は10日、沖縄の南海上を北上し、11日朝に石垣島など先島諸島をほぼ直撃する見通しとなった。

　沖縄は風雨が強まり、猛烈な風やしけの恐れがある。気象庁は暴風や高波、高潮、大雨に厳重に警戒するよう呼び掛けた。

　沖縄県南城市や久米島町、石垣市、竹富町などには警戒レベル4の高潮危険警報が出された。先島諸島・宮古島では10日午後5時ごろに最大瞬間風速33．0メートル、石垣島では午後6時15分に同30．4メートルを観測した。9号は12日には中国大陸に上陸し、14日午後までに熱帯低気圧に変わる見込み。

　沖縄と奄美を発着する航空便は、日本航空が10日に59便、11日に51便の欠航が決定。全日空は10日に104便、11日も58便が欠航となった。

　9号は10日午後6時、宮古島の南南東約300キロの海上を時速20キロで北北西へ進んだ。中心気圧は935ヘクトパスカル、最大風速45メートル、最大瞬間風速60メートル。半径330キロ以内が風速25メートル以上の暴風域、半径750キロ以内が風速15メートル以上の強風域。",[],[]
最低賃金、議論本格化　労働側「大幅引き上げを」　中東影響も争点に・厚労審議会（時事通信）,https://news.yahoo.co.jp/articles/ab2d3a965a2a418da7ad091d7066b2eae340694e,https://newsatcl-pctr.c.yimg.jp/t/amd-img/20260710-00000078-jij-000-8-view.jpg?exp=10800,2026-07-10T16:41:04+09:00,2026-07-10T20:50:17+09:00,時事通信,jij,時事通信,459,"最低賃金の改定額の目安を議論する中央最低賃金審議会の小委員会＝１０日、東京都港区
2026年度の最低賃金改定に向け、中央最低賃金審議会（厚生労働相の諮問機関）は10日、小委員会を開き、改定額の「目安」に関する本格的な議論を始めた。

　労働者側は、26年春闘で実現した高い賃上げ率などを踏まえ「大幅な引き上げ」を要求。経営者側も一定の引き上げが必要との認識で一致するが、中東情勢の影響を踏まえて慎重に検討すべきだと主張、隔たりも見られた。

　最低賃金は、労働者の生計費、賃金、企業の支払い能力という三つの要素を総合的に考慮して決まり、現在は全国平均で1121円。中央審議会は月内にも目安を示す見通しで、これを参考に各都道府県の審議会が具体的な改定額を決定する。

　小委員会では、従業員数30人未満の企業の26年6月時点の賃金上昇率が前年比3．0％と、比較可能な02年以降で最大の伸びとなったことが示された。また、連合の集計によると、26年春闘の賃上げ率は全体で5．01％と、3年連続で5％台の高水準を維持している。",[],[]
西武のボー・タカハシ投手が退団　プロ野球（時事通信）,https://news.yahoo.co.jp/articles/fb4993bafb9a5dfddde87700ca1656370d498fac,https://newsatcl-pctr.c.yimg.jp/t/amd-img/default.jpg?exp=10800,2026-07-10T16:32:16+09:00,2026-07-10T17:32:33+09:00,時事通信,jij,時事通信,123,"西武のボー・タカハシ投手（29）の退団が決まり、球団は10日にウエーバー公示手続きを行ったと発表した。

　
　ブラジル出身の日系3世で、2022年から西武でプレー。通算92試合に登板し、2勝10敗、防御率3．28。今季の1軍での登板はなかった。",[],[]
愛子さま、11月にシンガポールへ　2度目の外国公式訪問（時事通信）,https://news.yahoo.co.jp/articles/a4fd3c9b1166f51569700f937066cd61b2d29ec4,https://newsatcl-pctr.c.yimg.jp/t/amd-img/20260710-00000076-jij-000-7-view.jpg?exp=10800,2026-07-10T16:31:03+09:00,2026-07-10T17:49:09+09:00,時事通信,jij,時事通信,219,"ラオス国家副主席主催の晩さん会で、乾杯のグラスを手にされる愛子さま＝２０２５年１１月１８日、ビエンチャン
宮内庁は10日、天皇、皇后両陛下の長女愛子さまが11月にシンガポールを公式訪問されることを検討していると発表した。
【写真特集】天皇ご一家
愛子さまの外国公式訪問は昨年11月のラオスに続き2度目。

　今年は日本との外交関係樹立60周年に当たり、シンガポールの大統領から5月に招待状が届いた。滞在中に大統領表敬などが検討されている。",[],[]
SNS選挙法案、13日成立　偽情報対策強化、参院委で可決（時事通信）,https://news.yahoo.co.jp/articles/3ddef1ab0abcf9674cdea47db4ee605439e45b8d,https://newsatcl-pctr.c.yimg.jp/t/amd-img/20260710-00000075-jij-000-6-view.jpg?exp=10800,2026-07-10T16:29:27+09:00,2026-07-10T17:26:04+09:00,時事通信,jij,時事通信,292,"選挙に関するＳＮＳ上の偽・誤情報対策を強化する公職選挙法と情報流通プラットフォーム対処法の改正案を可決した参院政治改革特別委員会＝１０日午後、国会内
参院政治改革特別委員会は10日、選挙に関するSNS上の偽・誤情報対策を強化する公職選挙法と情報流通プラットフォーム対処法の改正案を、与党と立憲民主党などの賛成多数で可決した。

　13日の参院本会議で可決、成立し、来春の統一地方選前に施行される見通しだ。

　改正案は、SNSの偽情報で選挙の公正を害さないようにする「利用者の責務」を明記。事業者に対し、選挙への悪影響を軽減する措置を講じる義務を課し、総務相が指針を定めると規定した。",[],[]
中村敬斗「4年後にリベンジ」　我孫子市を表敬訪問―W杯サッカー（時事通信）,https://news.yahoo.co.jp/articles/4629724dd8f8388048d5b4a036bb9abd8c15b037,https://newsatcl-pctr.c.yimg.jp/t/amd-img/20260710-00000074-jij-000-5-view.jpg?exp=10800,2026-07-10T16:28:37+09:00,2026-07-10T17:35:16+09:00,時事通信,jij,時事通信,399,"我孫子市の星野順一郎市長（右）を表敬訪問したサッカー日本代表の中村敬斗＝１０日、千葉県我孫子市
サッカーのワールドカップ（W杯）北中米3カ国大会に出場した日本代表のMF中村敬斗が10日、出身地の千葉・我孫子市の市役所を表敬訪問した。
【写真】決勝トーナメント1回戦のブラジル戦で、ボールを追う中村敬斗選手
ファンの大声援に迎えられ、星野順一郎市長と歓談。「望んでいる結果ではなかったが、4年後にリベンジできるように日々頑張りたい」と話した。

　チームは決勝トーナメント1回戦でブラジルに敗れたが、自身はW杯初出場で全4試合に先発し、1ゴール1アシスト。欧州の強豪クラブ移籍も取り沙汰され「W杯で活躍する夢はかなったが、新しい夢も出てきている。自分自身も楽しみ」。

　次回W杯に向けて「レベルの高い環境に身を置くことで精神的にも成長できる。4年間でどれだけ経験を積めるかに懸かっている」と話した。",[],[]
デュプランティエが退団　プロ野球・DeNA（時事通信）,https://news.yahoo.co.jp/articles/64f19b766b04b7bc2270e709d7a165966b9300bf,https://newsatcl-pctr.c.yimg.jp/t/amd-img/default.jpg?exp=10800,2026-07-10T16:19:34+09:00,2026-07-10T16:28:08+09:00,時事通信,jij,時事通信,178,"DeNAのジョン・デュプランティエ投手（31）の退団が決まり、球団は10日、ウエーバー公示手続きを行ったと発表した。

　米国で右肘関節内側側副靱帯（じんたい）再建術（インターナルブレース併用）の手術を受けたという。米国出身の右腕は阪神から今季加入し、2試合に先発して0勝2敗、防御率3．00。4月20日に上半身のコンディション不良で登録を抹消されていた。",[],[]
浜地真澄、支配下に復帰　プロ野球・DeNA（時事通信）,https://news.yahoo.co.jp/articles/41db86a4cd3828e9e80a0b8324e0ed0db72e9566,https://newsatcl-pctr.c.yimg.jp/t/amd-img/default.jpg?exp=10800,2026-07-10T16:19:33+09:00,2026-07-10T16:28:08+09:00,時事通信,jij,時事通信,112,"DeNAは10日、浜地真澄投手（28）と支配下選手契約を結ぶと発表した。

　背番号は052から52に変わる。現役ドラフトで阪神から移籍1年目の昨季は3試合に登板し、防御率6．00。昨秋に戦力外となり、育成選手となっていた。",[],[]
「特化型AI」実用化へ支援　政府、創薬・警察など19分野（時事通信）,https://news.yahoo.co.jp/articles/8c1ff56956a655a46a9a7508a477bc490bf88ce4,https://newsatcl-pctr.c.yimg.jp/t/amd-img/20260710-00000071-jij-000-8-view.jpg?exp=10800,2026-07-10T16:14:21+09:00,2026-07-10T16:30:45+09:00,時事通信,jij,時事通信,325,"人工知能戦略本部の会合で発言する高市早苗首相（右から２人目）。右は小野田紀美人工知能戦略担当相＝１０日、首相官邸
政府は10日、人工知能（AI）戦略本部の会合を首相官邸で開き、専門的な領域に特化した「バーティカルAI」の開発や実用化に関する戦略の中間取りまとめを公表した。
【グラフ】AI先端モデルの進化
創薬や警察など19分野を重点支援領域に設定。各分野で2030年までに取り組む施策を示した。

　人手不足に対応し、国力の強化を図るため、AIの活用を前提に業務の在り方を見直す「AIトランスフォーメーション（AX）」を目指す。本部長を務める高市早苗首相は、バーティカルAIについて「官民で集中投資を実施し、開発・実装を強力に推進する」と表明した。",[],[]
副議長経験者も「資金提供」　福岡の自民県議団幹部に　数カ月で800万円「慣例に従った」（時事通信）,https://news.yahoo.co.jp/articles/a6d9ae1bbe57b753a94c69aff2b8e28d6e8301f5,https://newsatcl-pctr.c.yimg.jp/t/amd-img/default.jpg?exp=10800,2026-07-10T16:07:53+09:00,2026-07-10T16:29:38+09:00,時事通信,jij,時事通信,256,"福岡県議会の金銭授受疑惑で、副議長を1年間務めた江藤秀之県議が10日、最大会派の自民党県議団の幹部に現金を渡していたと明らかにした。

　取材に対し書面で回答した。提供した金額は副議長に就任した2020年6月までの数カ月間で計約800万円に上るという。

　20年1月か2月ごろに500万円を当時の自民県議団幹事長の中尾正幸氏（現副議長）に渡した。このほか、4月に県議団幹部らの懇親会の車代125万円、6月に幹部らが参加するゴルフ会名目で200万円を負担したと説明した。「それぞれ慣例に従い支払った」としている。",[],[]
ビール類販売、上半期3％減　節約志向が影響（時事通信）,https://news.yahoo.co.jp/articles/f9dcea67164503c33a2c366abb83d3ab21888fd4,https://newsatcl-pctr.c.yimg.jp/t/amd-img/default.jpg?exp=10800,2026-07-10T16:02:32+09:00,2026-07-10T16:30:36+09:00,時事通信,jij,時事通信,226,"ビール大手4社は10日、2026年上半期（1～6月）のビール類（ビール、発泡酒、第三のビール）の販売実績を発表し、業界関係者の推計によると全体の販売数量は前年同期比3％減少した。

　マイナスは4年連続。物価高による節約志向が影響したとみられる。

　数量ベースで公表するサントリーは1％減、サッポロビールは横ばいだった。アサヒビールは昨年9月に発生したシステム障害で一時大きく落ち込んだが、金額ベースで1％減にとどまった。キリンビールは2％減少した。",[],[]
〔東京株式〕大幅続伸＝半導体関連が上昇（10日）☆差替（時事通信）,https://news.yahoo.co.jp/articles/097233940a3ba37b18af049a8d285034b2f6398b,https://newsatcl-pctr.c.yimg.jp/t/amd-img/default.jpg?exp=10800,2026-07-10T16:00:25+09:00,2026-07-10T16:26:06+09:00,時事通信,jij,時事通信,385,"【プライム】日経平均株価の終値は前日比813円88銭高の6万8557円73銭と大幅に続伸した。東証株価指数（TOPIX）は15．71ポイント高の4036．08。今週前半に下落した半導体関連株に自律反発を狙った買いが続いた。原油価格の上昇が一服し投資家心理が改善して、半導体以外にも買いが入った。日経平均は一時1600円超高まで買い進まれたが、上場投資信託（ETF）の分配金捻出に絡む換金売りなどに押された。
　52％の銘柄が値上がりし、45％が値下がりした。出来高は22億1193万株、売買代金は10兆4025億円。
　業種別株価指数（33業種）は金属製品、非鉄金属、情報・通信業などが上昇。海運業、小売業、保険業などは下落した。
　【スタンダード】スタンダードTOP20は続伸。出来高5億1421万株。
　【グロース】グロース250は続伸。グロースCoreは続落した。",[],[]
日経平均、813円88銭高の6万8557円73銭で終了＝東京株式（時事通信）,https://news.yahoo.co.jp/articles/dca635efad9f0f5032a8d87b4ba04feac152ac8a,https://newsatcl-pctr.c.yimg.jp/t/amd-img/default.jpg?exp=10800,2026-07-10T16:00:24+09:00,2026-07-10T16:26:06+09:00,時事通信,jij,時事通信,90,"10日の東京株式市場の日経平均株価は、前営業日比813円88銭高の6万8557円73銭で終了した。
　東証株価指数（TOPIX）は、15．71ポイント高の4036．08で終了した。",[],[]
オンラインカジノで賭博容疑　巡査長を書類送検、依願退職　愛媛県警（時事通信）,https://news.yahoo.co.jp/articles/347c5fdaba939d03dc6f9eb3b7c1c4ebc0a8b838,https://newsatcl-pctr.c.yimg.jp/t/amd-img/default.jpg?exp=10800,2026-07-10T15:51:41+09:00,2026-07-10T16:30:36+09:00,時事通信,jij,時事通信,280,"オンラインカジノで賭博をしたとして、愛媛県警は10日、常習賭博容疑で、30代男性巡査長を書類送検した。

　巡査長は同日付で停職6カ月の懲戒処分を受け、依願退職した。

　送検容疑は昨年11月下旬～今年2月中旬、スマートフォンからオンラインカジノに接続し、賭博をした疑い。

　県警によると、バスケットボールなどの試合の勝敗に関して、勤務時間中を含め約450回にわたり計約3000万円を賭けていた。容疑を認め、「違法だと分かっていたが、借金返済のために手っ取り早く金が欲しかった」と供述している。

　藤本隆文・首席監察官の話　指導を徹底し、再発防止に努める。",[],[]
サヨナラ賞に森下翔太と杉本裕太郎　プロ野球（時事通信）,https://news.yahoo.co.jp/articles/c85f77485741bed1f9b5e6a02b877442bc566ddb,https://newsatcl-pctr.c.yimg.jp/t/amd-img/default.jpg?exp=10800,2026-07-10T15:44:34+09:00,2026-07-10T15:48:59+09:00,時事通信,jij,時事通信,200,"セ、パ両リーグは10日、「スカパー！　　サヨナラ賞」の6月の受賞者が、セは森下翔太外野手（阪神）、パは杉本裕太郎外野手（オリックス）に決まったと発表した。

　森下は初受賞で、杉本は2度目。

　森下は6月30日の中日戦（甲子園）で2―2の延長十回に左越えの決勝ソロ本塁打を放った。杉本は同9日のヤクルト戦（京セラ）で1点差に迫った九回1死二、三塁から代打で出場し、左中間に逆転の2点二塁打を運んだ。",[],[]
歌舞伎町で訪日客狙い客引きか　ナイジェリア人逮捕、被害多発　警視庁（時事通信）,https://news.yahoo.co.jp/articles/2d43bedeea8691c9a42449aba50b7a190255fd6c,https://newsatcl-pctr.c.yimg.jp/t/amd-img/20260710-00000066-jij-000-16-view.jpg?exp=10800,2026-07-10T15:43:38+09:00,2026-07-10T16:27:21+09:00,時事通信,jij,時事通信,322,"東京・新宿の歌舞伎町＝２０２５年３月（ＡＦＰ時事）
東京・歌舞伎町でしつこく客引きをしたとして、警視庁は10日までに、都迷惑防止条例違反の疑いで、ナイジェリア国籍で職業不詳ワドゥク・シルヴェスタ・イケナ容疑者（53）＝杉並区下高井戸＝を現行犯逮捕した。

　歌舞伎町周辺では訪日旅行客からぼったくり被害の相談が相次いでおり、警視庁が警戒を強めるとともに実態を調べている。

　逮捕容疑は9日未明、歌舞伎町の路上で、不特定の通行人に「どうですか」「怖くない。アイラブユー」などと声を掛けて左手をつかみ、執拗（しつよう）に客引きをした疑い。

　生活安全特別捜査隊によると、客引き行為は認め、代金の一部を店側から受け取っていたと供述しているという。",[],[]
中小受託取引適正化法違反で初の勧告　ミネベアミツミ子会社　運送業者に550時間無償で作業させる（時事通信）,https://news.yahoo.co.jp/articles/b13b95118391690884ea9c12b6baf6a940cda65c,https://newsatcl-pctr.c.yimg.jp/t/amd-img/default.jpg?exp=10800,2026-07-10T15:40:01+09:00,2026-07-10T17:36:48+09:00,時事通信,jij,時事通信,474,"ベアリング大手ミネベアミツミ子会社の「ミネベアアクセスソリューションズ」（宮崎市）が、運送業者に積み下ろし作業などを無償でさせたとして、公正取引委員会は10日、中小受託取引適正化法（取適法）違反（不当な経済上の利益の提供要請）を認定し、再発防止などを求める勧告を出した。

　取適法に基づく勧告は初めて。

　取適法は今年1月、下請法が改正されて名称変更。荷主が自社製品などの運送を委託する「特定運送委託」が新たに規制対象となった。

　公取委によると、同社は1～4月、製造した自動車やバイクの部品を運ぶ運送業者1社に荷物の積み下ろしや固定作業などを計約550時間、無償で行わせた。

　公取委は、同社が遅くとも2024年1月～26年2月、部品製造に使う金型や固定具など計846個を下請け36社に無償で保管させていたとして、改正前の下請法違反も認定した。

　同社は公取委の調査後、無償で作業をさせた運送業者に約130万円、下請け36社には保管料として計約580万円を支払ったという。「勧告を厳粛に受け止め、法令順守と再発防止に努める」としている。",[],[]
813円高の6万8557円73銭　10日の平均株価（時事通信）,https://news.yahoo.co.jp/articles/4ebb34d1f76fc24383f1816b1f1b8158941ba9e1,https://newsatcl-pctr.c.yimg.jp/t/amd-img/default.jpg?exp=10800,2026-07-10T15:38:31+09:00,2026-07-10T15:48:34+09:00,時事通信,jij,時事通信,66,10日の東京株式市場の日経平均株価は、6万8557円73銭と前日終値比813円88銭高で終わった。出来高は概算で22億1100万株。,[],[]
〔東京外為〕ドル、161円台半ば＝売り一巡後は持ち直す（10日午後3時）（時事通信）,https://news.yahoo.co.jp/articles/8043ea8de619f5b87e4ebe536bbe5757edda1a8d,https://newsatcl-pctr.c.yimg.jp/t/amd-img/default.jpg?exp=10800,2026-07-10T15:30:18+09:00,2026-07-10T15:34:02+09:00,時事通信,jij,時事通信,686,"10日午後の東京外国為替市場のドルの対円相場（気配値）は、片山さつき財務相の発言を受けた売りが一巡した後は買い戻しが入り、1ドル＝161円台半ばに持ち直している。午後3時現在は、161円58～58銭と前日（午後5時、162円33～36銭）比75銭のドル安・円高。
　9日の海外市場では、欧州時間は米長期金利の上昇に支援され、162円50銭近辺に上伸した。米国時間は、長期金利低下などで売りが先行し、中盤には162円20銭台に水準を切り下げた。終盤は、押し目買いが入り、162円40銭台へ切り返した。
　10日の東京早朝は、162円30～40銭程度で推移。その後、片山財務相が「GPIFをはじめとする年金基金による、日本の金融資産にさらなる投資を後押しする方策を追求したい」と発言。これを受け、債券買いが活発化し、円を買い戻す動きが強まり、昼前に161円30銭前後にドル円は急落。午後は「急落の反動を受けた買い戻しが優勢になった」（為替ブローカー）と指摘される。
　これまで債券と円は同時に売られるケースが目立ったが、「GPIFの国債投資への期待から債券は急伸。為替市場は円の買い戻しになった」（運用会社エコノミスト）とされる。ただ、「GPIFの運用方針が簡単に変わるのかは疑問であり、債券と円の買い戻しは一時的な反応にすぎないのではないか」（同）との声も聞かれる。
　ユーロは午後に入って対円で弱含み、対ドルは下落。午後3時現在は、1ユーロ＝184円83～85銭（前日午後5時、185円63～67銭）、対ドルでは1．1439～1439ドル（同1．1435～1435ドル）。",[],[]
宅配ボックスで詐取金回収　十数カ所悪用、公務員宿舎も　特殊詐欺グループの男逮捕・警視庁（時事通信）,https://news.yahoo.co.jp/articles/36dd4b2a4be779e8764855fc7c987bcb3f19bbce,https://newsatcl-pctr.c.yimg.jp/t/amd-img/20260710-00000063-jij-000-11-view.jpg?exp=10800,2026-07-10T15:29:40+09:00,2026-07-10T15:41:42+09:00,時事通信,jij,時事通信,459,"警視庁本部＝東京都千代田区
うその電話で現金をだまし取り、公務員宿舎にある宅配ボックスで回収したとして、警視庁特別捜査課は10日までに、詐欺容疑で、住所不定無職津田雅斗容疑者（41）＝組織犯罪処罰法違反罪で公判中＝を逮捕した。

　認否を明らかにしていない。

　同課によると、津田容疑者は特殊詐欺グループのメンバーで、東京都や埼玉県の集合住宅などにある十数カ所の宅配ボックスを勝手に悪用し、昨年1～9月に40件、計約1億1260万円の詐取金を回収していたとみられる。悪用されていたのは周辺に防犯カメラがなく、利用者が暗証番号を設定できるタイプの宅配ボックスだった。

　逮捕容疑は共謀し、昨年8月、都内の80代女性に息子などを装って「のどの治療費を貸してほしい」などとうその電話をかけ、現金800万円をだまし取った疑い。

　800万円は受け子が練馬区の国家公務員宿舎にある宅配ボックスに入れ、津田容疑者が回収。受け子への報酬5万円も同時に受け渡しが行われ、秘匿性の高い通信アプリ「シグナル」で暗証番号を伝えていた。",[],[]
岩田翔吉「絶好調」　ボクシング（時事通信）,https://news.yahoo.co.jp/articles/697f675a1b855859fb5e7c9e4e015d4fbc2fb93a,https://newsatcl-pctr.c.yimg.jp/t/amd-img/20260710-00000062-jij-000-7-view.jpg?exp=10800,2026-07-10T15:08:30+09:00,2026-07-10T15:37:27+09:00,時事通信,jij,時事通信,287,"防衛戦に向け、練習する岩田翔吉＝１０日、東京都新宿区
世界ボクシング評議会（WBC）ライトフライ級タイトルマッチ（20日、東京・両国国技館）で初防衛を目指す王者の岩田翔吉（帝拳）が10日、東京都内で練習を公開し、「絶好調。体重も順調に落とせている」と抱負を述べた。
【写真】防衛戦に向け、練習する岩田翔吉
スパーリングなどを行い、切れのある動きと鋭いパンチを披露した。

　昨年3月、世界ボクシング機構（WBO）ライトフライ級の王座を失い、今年3月に王者に返り咲いた。2度目となる防衛戦に「去年、失敗したので絶対勝ちたい。これをクリアして真のチャンピオン」と闘志を燃やした。",[],[]
エボラ熱、死者600人に　感染拡大は「史上最速」　コンゴ（時事通信）,https://news.yahoo.co.jp/articles/ee72407d02d6780f8966e48a6f6bec805490502a,https://newsatcl-pctr.c.yimg.jp/t/amd-img/20260710-00000061-jij-000-6-view.jpg?exp=10800,2026-07-10T15:07:11+09:00,2026-07-10T16:03:21+09:00,時事通信,jij,時事通信,259,"エボラ出血熱の感染が拡大しているアフリカ中部コンゴ（旧ザイール）で活動する医療従事者＝６月２６日、イトゥリ州モングブワル（ＥＰＡ時事）
【ナイロビAFP時事】世界保健機関（WHO）によると、アフリカ中部コンゴ（旧ザイール）で感染拡大が続くエボラ出血熱による死者が600人に達した。

　アフリカ疾病予防管理センター（CDC）の幹部は9日、記者団に対し、コンゴでの感染が「史上最速」で広がっていると警告した。

　WHOが5月中旬に感染拡大を宣言して以来、コンゴ国内で1759件の感染が確認され、うち600人が死亡した。",[],[]
〔東京株式〕伸び悩む＝利益確定売りが重し（10日後場中盤）（時事通信）,https://news.yahoo.co.jp/articles/c94150373081cab49e94f65f22e07fc2364c33fc,https://newsatcl-pctr.c.yimg.jp/t/amd-img/default.jpg?exp=10800,2026-07-10T15:00:21+09:00,2026-07-10T15:26:16+09:00,時事通信,jij,時事通信,1019,"（14時31分）日経平均株価は伸び悩んでいる。引き続きハイテク株が高いが、「利益確定の売りが出ている」（国内運用会社）ことで日経平均の上値は重い。
　10日は大引けに上場投資信託（ETF）の分配金捻出に絡む換金売りも出るとされ、「後場にかけて上値を抑える要因の一つだ」（国内証券）とみる市場関係者もいる。

　（後場寄り）後場の日経平均株価は前日比1344円79銭高の6万9088円64銭で始まった。引き続き、半導体関連銘柄を中心に値上がりしているが、利益確定の売りも出ており、日経平均は高値圏でもみ合っている。

　（前引け）【プライム】日経平均株価の午前の終値は前日比1199円91銭高の6万8943円76銭と大幅に続伸した。東証株価指数（TOPIX）は28．20ポイント高4048．57。米国のハイテク株高を引き継ぎ、半導体関連銘柄が大きく上昇した。原油価格の上昇が一服して、投資家の不安心理が和らぎ、半導体以外にも買いが広がった。
　61％の銘柄が値上がりし、36％が値下がりした。出来高は10億0946万株、売買代金は5兆2842億円。
　業種別株価指数（33業種）は非鉄金属、金属製品、情報・通信業などが上昇。海運業、保険業、小売業などは下落した。
　【スタンダード】スタンダードTOP20は続伸。出来高2億9789万株。
　【グロース】グロース250とグロースCoreは上昇した。

　（10時26分）日経平均株価は一時前日比1400円超上昇するなど上げ幅を拡大している。相場のけん引役となっているのはハイテク銘柄で、ソフトバンクG
<9984>
、アドバンテス
<6857>
、東エレク
<8035>
の3銘柄で日経平均を1000円超押し上げている。前日の米市場で半導体企業に関する個別の好材料が重なり、フィラデルフィア半導体株指数（SOX）が3％超上昇した。「米市場で出た好材料が人工知能（AI）関連銘柄の買いを後押ししている」（大手証券）とされる。
　ハイテク株以外にも買いは広がり、プライム銘柄の5割超が上昇。東証株価指数（TOPIX）も続伸している。原油価格の上昇が止まり「景気敏感株にも資金が向かっている」（中堅証券）という。

　（寄り付き）日経平均株価は前日比782円87銭高の6万8526円72銭と、大幅に続伸して始まった。前日に米ハイテク株が上昇した流れを引き継ぎ、半導体関連銘柄などに買いが入っている。",[],[]
米アンソロピック、監督機関にバーナンキ氏を任命　元FRB議長（時事通信）,https://news.yahoo.co.jp/articles/cfdc4934408f5e3999a42fbd40d19f5e282d6b7f,https://newsatcl-pctr.c.yimg.jp/t/amd-img/default.jpg?exp=10800,2026-07-10T14:48:24+09:00,2026-07-10T16:27:10+09:00,時事通信,jij,時事通信,205,"【シリコンバレー時事】米人工知能（AI）開発新興アンソロピックは9日、同社の独立監督機関のメンバーとして、新たに米連邦準備制度理事会（FRB）元議長のベン・バーナンキ氏を任命したと発表した。

　AIが経済や雇用に与える影響が注目される中、ノーベル経済学賞も受賞した同氏の専門的な助言を得る。

　監督機関は経営陣や株主から独立してAI開発などに関する助言・監督を行う。また、取締役の一部を任命する権限も持つ。",[],[]
総連との接触、自由化推進　事前申告制廃止へ　韓国政府・与党（時事通信）,https://news.yahoo.co.jp/articles/82f761d384b9fae5593313b3f4dbb9022d97f1e5,https://newsatcl-pctr.c.yimg.jp/t/amd-img/20260710-00000059-jij-000-7-view.jpg?exp=10800,2026-07-10T14:42:57+09:00,2026-07-10T15:33:09+09:00,時事通信,jij,時事通信,477,"在日本朝鮮人総連合会本部＝２０１５年３月、東京都千代田区
【ソウル時事】韓国政府と与党「共に民主党」が、韓国人が在日本朝鮮人総連合会（朝鮮総連）と接触する際に義務付けられている統一相への事前申告制を廃止する法改正を進めていることが10日、分かった。

　実現すれば、国家保安法上の利敵行為に該当しない限り、自由に接触できるようになる。

　南北交流協力法は「北朝鮮の路線に従って活動する国外団体の構成員は北朝鮮の住民と見なす」と規定し、朝鮮総連構成員と接触する際には統一相に事前申告し許可を得ることを要求。事前が難しい場合も事後申告が必要としてきた。

　韓国メディアによると、過去には、申告なしに朝鮮学校の支援活動を行った韓国の俳優が過怠金を科されたケースなどがある。

　しかし、総連組織の衰退や南北関係の変化などに伴い、総連に所属しながらも韓国籍や日本への帰化者が増えていると言われ、国籍に関係なく北朝鮮住民と見なすことの妥当性が疑問視されてきた。相手が総連所属か判断するのが現実的に難しい場合も多く、申告なしの接触がほぼ黙認されている実態もある。",[],[]
イングランドDF退場処分に非難相次ぐ　「整合性がない」と元審判―W杯サッカー（時事通信）,https://news.yahoo.co.jp/articles/41441d925c57f0907d5b55acb70f2790284a2ccc,https://newsatcl-pctr.c.yimg.jp/t/amd-img/20260710-00000058-jij-000-13-view.jpg?exp=10800,2026-07-10T14:36:35+09:00,2026-07-10T16:27:07+09:00,時事通信,jij,時事通信,574,"決勝トーナメント２回戦のメキシコ戦、レッドカードを受けるイングランドのクアンサー（右）＝５日、メキシコ市（ＡＦＰ時事）
【マイアミ時事】レッドカードを巡る処遇について、国際サッカー連盟（FIFA）に厳しい目が向けられている。
【写真】決勝トーナメント1回戦のボスニア・ヘルツェゴビナ戦、相手の足を踏む米国のバログン。この行為で一発退場となった
危険なタックルによりイングランド代表のDFクアンサーに2試合の出場停止処分を科したFIFAの決定に対し、元国際審判員は「整合性がない」と主張した。ロイター通信が9日に伝えた。

　異議を唱えたのは2002年から16年間、国際審判を務めたヨナス・エリクソン氏。米国代表のFWバログンが退場となった行為が、足裏を見せる「著しく不正なプレー」と同等だった点に触れ、同じ出場停止処分が科されるべきとの見解を示した。

　トランプ米大統領が処分見直しを求めたバログンは、1試合の出場停止処分が1年間執行猶予となった一方、クアンサーは2試合の出場停止に。同氏は「誰もが審判に求めているのは、常に一貫性があることだ」と疑問を呈した。

　競技の根幹を揺るがす今回の事態。日本の元国際審判員もバログンの処遇について、「意図がなくても足裏で踏んでしまったのはレッドカードの対象。判定は正しく、理解に苦しむ」と首をかしげた。",[],[]
W杯サッカー「非公認マスコット」のアヒル、人気に　勝敗予想をする金魚も（時事通信）,https://news.yahoo.co.jp/articles/79e714abc776e6a27e934028dab15c5735c22125,https://newsatcl-pctr.c.yimg.jp/t/amd-img/20260710-00000057-jij-000-6-view.jpg?exp=10800,2026-07-10T14:31:46+09:00,2026-07-10T16:25:34+09:00,時事通信,jij,時事通信,646,"メキシコで注目を集めたアヒルの「マーリン」とシェインバウム大統領（右）＝６月２２日、メキシコ市（ＡＦＰ時事）
ワールドカップ（W杯）では、愛らしい生き物たちがたびたび話題を呼ぶ。

　今大会は開催国の一つメキシコでアヒルが注目を集めた。名前は「マーリン」。開幕戦が行われた6月11日に、メキシコ代表のユニホームを着せられて街を歩く姿が、SNSで拡散された。
【ひと目でわかる】今大会得点ランキング
路上で飲料販売を行う男性に飼われており、白い毛並みに黄色のくちばしが特徴。大きな話題となったことから、メキシコでは「非公認マスコット」と言われるほどの人気ぶりで、シェインバウム大統領の記者会見にまで招待された。

　今大会の公式マスコットはハクトウワシの「クラッチ」、ヘラジカの「メープル」、ジャガーの「ザユ」の3体。それぞれが米国、カナダ、メキシコを象徴していた。ただ、注目度は「マーリン」が上回っていたかもしれない。

　カナダのトロントでは勝敗予想をする金魚の「スイムバペ」が人気に。英語の「泳ぐ」とフランスのエース「エムバペ」をかけた名前。サッカー場を模した水槽内に対戦チームの旗を置き、どちらに泳ぐかで予想を立てた。

　過去にも2010年南アフリカ大会では、ドイツの水族館のタコ「パウル」が勝敗予想で有名に。1966年大会では、犬の「ピクルス」が大会前に盗難に遭った初代トロフィーを発見し、脚光を浴びた。熱戦が繰り広げられる裏で、今大会も生き物が関心を集めた。（ニューヨーク時事）。",[],[]
成田拡張、強制収用に同意　取得難航「やむを得ず」　地元自治体（時事通信）,https://news.yahoo.co.jp/articles/4861c7a70bf0f01a0461ad3ec6e85d96e1b6437c,https://newsatcl-pctr.c.yimg.jp/t/amd-img/20260710-00000056-jij-000-7-view.jpg?exp=10800,2026-07-10T14:17:58+09:00,2026-07-10T15:54:59+09:00,時事通信,jij,時事通信,393,"成田空港＝２０２０年９月、千葉県成田市
成田空港の滑走路の新設・延伸を柱とする拡張工事を巡り、千葉県と県内空港周辺9市町は10日、成田国際空港会社（同県成田市）が土地収用法に基づく「強制収用」の手続きを行うことに同意した。
【ひと目でわかる】土地収用の流れ
同空港では1978年の開港前に強制収用が行われて以降、対話を重視してきたが、拡張用地の取得が難航していることから方針を見直す。

　空港会社は同日、国、県、周辺9市町とともに構成する「四者協議会」で強制収用を含む土地収用法を活用する方針を表明。会合後、取材に応じた千葉県の熊谷俊人知事は、方針転換について「苦渋の決断ではあるが、やむを得ないものと受け止める」と述べた。

　同社は今後、国に同法に基づく事業認定を申請する見込み。事業の公益性が認定された後、県の収用委員会が裁決すれば、土地の所有権は同社に移る。任意取得も続ける。",[],[]
地方税収、初の50兆円超え　25年度、給与所得増で　総務省（時事通信）,https://news.yahoo.co.jp/articles/96c7805105ebea065a5aafe2544387518de8ec0f,https://newsatcl-pctr.c.yimg.jp/t/amd-img/20260710-00000055-jij-000-12-view.jpg?exp=10800,2026-07-10T14:06:26+09:00,2026-07-10T18:36:30+09:00,時事通信,jij,時事通信,421,"総務省＝東京都千代田区
総務省は10日、2025年度の地方税収決算見込み額（速報値）を発表した。

　特別法人事業譲与税を含む実質ベースは前年度決算額比5．2％増の50兆141億円。5年連続で過去最高を更新し、初めて50兆円を超えた。賃上げなどによる給与所得の増加で、個人住民税が伸びた。
【ひと目でわかる】国・地方の基礎的財政収支の推移
25年度地方財政計画での見込みを2兆円ほど上回った。個人住民税は、岸田政権下で実施した定額減税の影響がなくなったことも寄与し、12．9％増の15兆5225億円。株式市場の活況で、配当割や株式等譲渡所得割も増収となった。地方法人2税（法人事業税、法人住民税）は、企業収益の好調を背景に、3．2％増の10兆6077億円だった。

　固定資産税は、2．5％増の10兆2066億円。住宅の新増築が好調で、初めて10兆円を超えた。地方消費税は、物価高などで消費支出額が膨らみ、0．8％増の6兆9675億円だった。",[],[]
小児心身症の発症メカニズム ～なぜ子どもは身体で語るのか～【見えない不調を抱える子どもたち】（時事通信）,https://news.yahoo.co.jp/articles/34267187ac15f6c58e04359af642a6075fabc3b4,https://newsatcl-pctr.c.yimg.jp/t/amd-img/20260710-00010001-jij-000-1-view.jpg?exp=10800,2026-07-10T14:00:17+09:00,2026-07-10T14:00:17+09:00,時事通信,jij,時事通信,3567,"なぜ子どもたちは不安やストレス、葛藤といった心の負担を、身体症状という形で表現するのでしょうか。

　実は、子どもの心と身体の関係は、大人が考える以上に密接です。発達段階の特徴や家族との関わり、学校という社会環境、そして現代ならではのデジタル社会の影響など、さまざまな要因が複雑に絡み合いながら症状として現れます。

　今回のコラムでは、小児心身症の背景にある発症メカニズムについて、発達心理学や家族システム論、現代社会の視点から掘り下げていきます。子どもたちがなぜ「心ではなく身体で語る」のか。その理由を理解することは、症状の奥にある子どもからのメッセージに気付くための大切な第一歩となるでしょう。
◇発達段階特有の表現様式◇
子どもの心と身体の関係は、大人が考える以上に密接（イメージ）
子どもが心理的苦痛を身体症状として表現しやすいのには、発達心理学的な背景があります。

　第一に、言語化能力がまだまだ発達途上であるということです。大人であれば「人間関係でストレスを感じている」と言語化できる状況でも、子どもは「何となくもやもやする」「いやな感じ」といった曖昧な感覚としてしか体験できません。この言語化できない情動体験が、身体感覚として意識に上ってくるのです。

　ピアジェの認知発達理論によれば、抽象的思考が可能になる形式的操作期は11〜12歳ころから始まります。それ以前の子どもたちは、心理的な概念を具体的な身体感覚として理解する傾向があります。たとえば、「心が痛い」という比喩的表現が、子どもにとっては文字通り「胸が痛い」という身体感覚として体験されることもあるのです。

　第二に、具体的思考から抽象的思考への移行期であるということも背景です。小学生から中学生にかけては、具体的な思考から抽象的な思考へと認知発達が進む時期に当たります。しかし、この移行は一様ではなく、心理的な問題を抽象的に理解することがまだ困難な子どもも多くいます。その結果、「不安」や「緊張」といった抽象的な心理状態が、「おなかが痛い」「頭が痛い」という具体的な身体感覚として認識されやすくなるのです。
◇家族システムの中での症状の意味◇
小児心身症を理解する上で、家族システム論の視点も重要です。子どもの症状は、時として家族全体の問題を代弁していることがあります。

　例えば、両親の不和が続いている家庭で、子どもが頻繁に体調不良を訴える場合があります。子どもの病気をきっかけに両親が協力し合う姿を見て、無意識のうちに症状を維持してしまうこともあるでしょう。これは決して「仮病」ではなく、家族の安定を求める子どもの無意識の適応戦略と言えます。

　また、過度に心配性な親の存在も、症状の慢性化に影響することがあります。「大丈夫？　痛くない？」という頻繁な確認が、かえって子どもの身体感覚への過度な注目を促し、症状を増幅させてしまうこともあるのです。
◇学校という社会システムの中での適応◇
現代の学校教育システムは、子どもたちに高度な社会的適応を要求します。集団行動、同調圧力、人間関係の調整など、多岐にわたる課題に直面します。

　しばしば指摘されるように、日本の学校文化では、「みんなと同じ」であることが重視される傾向があります。個性的であることや、自分のペースで行動することが許容されにくい環境では、適応のために過度な努力を強いられる子どもたちが存在します。そして大人が要求する空気も読まねばなりません。例えば、教師が「自由に感想を述べて」と言いながら、実際には「良くない」感想には渋い顔をするといったダブルバインド的な環境も、たくさん存在しており、子どもたちの混乱を招きます。学校とは多くのわなが仕掛けられている怖い場所だと認識されれば、さまざまな身体症状として表現される場合もあるでしょう。
◇現代社会が生み出す新たな心身症◇
子どもたちを取り巻くデジタル環境は、新たな形の心理的ストレスを生み出している
21世紀に入り、子どもたちを取り巻く環境は大きく変化しています。スマートフォン、SNS、オンラインゲームなど、デジタル機器との関わりが日常化し、これまでにない形での心身への影響が懸念されています。

　これらのデジタル環境は、新たな形の心理的ストレスを生み出しています。SNSでの「いいね」の数への執着、既読スルーへの不安、オンライン上でのいじめなど、常時継続する社会的プレッシャーが、子どもたちの心身に影響を与えています。こうしたストレスは、従来の対人関係ストレスとは異なり、時間的・空間的な境界がないという特徴を持っています。

　この新しいストレスの形態を理解する上で、テクノストレスという概念が重要になります。情報過多による認知的負荷、常時接続による休息の欠如、バーチャルと現実の境界の曖昧化などが、新たな心身症状を生み出しています。これらの症状は、単純な疲労とは異なる複雑な病態を示すことが多くなっています。

　実際に、睡眠リズムの乱れ、眼精疲労、頭痛、肩こりなど、デジタル機器の使用に関連した身体症状も増加しています。しかし、これらは単なる使い過ぎの問題ではなく、デジタル空間での人間関係の葛藤や、現実逃避の手段としての過度な使用など、心理的要因が複雑に絡み合った結果として現れています。このような心身の相互作用を理解することが、適切な治療につながります。

　さらに、現代の子どもたちはFOMO（Fear Of Missing Out）と呼ばれる「取り残される恐怖」にも直面しています。SNS上で友人たちの楽しそうな投稿を見て、自分だけが楽しい経験から除外されているような感覚に陥り、不安や焦燥感を募らせることがあります。この現象は、デジタル時代特有の社会的比較がもたらす新たな心理的問題として、臨床現場でも注目を集めています。
◇症状には意味がある◇
小児心身症の理解において最も重要なことは、「症状には意味がある」という視点です。頭痛も、腹痛も、めまいも、それらはすべて子どもからの重要なメッセージと言えるでしょう。

　症状は、言葉にできない苦しみの表現であり、助けを求めるサインであり、時には家族や学校への無言の抗議でもあります。この視点に立つとき、私たちは症状を単に「消すべきもの」として捉えるのではなく、「理解すべきメッセージ」として受け止めることができるようになります。
◇症状の意味を理解することから始まる回復
では、このメッセージをどのように受け止め、対応していけばよいのでしょうか。実は、症状の意味を理解しようとする姿勢そのものが、回復への第一歩となります。

　たとえば、朝になると激しい腹痛を訴える小学生の場合を考えてみましょう。その痛みは確かに本物です。しかし同時に、その痛みが「学校に行きたくない」という言葉にできない思いの表現である可能性もあります。このとき必要なのは、痛みを否定することでも、無理に登校させることでもありません。まず痛みを認め、そのうえで「なぜ今、この子の体は痛みという形でSOSを発しているのか」を理解しようとすることから、真の回復が始まるのです。
◇回復への道筋 - 理解から対応へ
小児心身症は、このような適切な理解と対応により、多くの場合改善が期待できます。重要なのは、症状を通じて表現されている子どもの苦悩を理解し、その背景にある心理社会的要因に適切にアプローチすることです。

　これは決して「心の問題だから気持ちを変えれば治る」という単純な話ではありません。身体症状は確実に存在し、それによる苦痛も現実のものです。しかし同時に、その症状の背景にある心理的負担を軽減することで、身体症状も改善していく可能性があるということです。

　実際の臨床現場では、症状の意味を共に探り、理解を深めていく過程で、子どもたち自身が「そういえば、おなかが痛くなるのはいつも月曜日の朝だった」「頭痛がひどくなるのは、クラスで発表がある日だった」といった気付きを得ることがあります。このような気付きは、単なる自己理解にとどまらず、対処法を見いだす手掛かりとなっていきます。（了）
飯島医師
飯島慶郎（いいじま・よしろう）　精神科医・総合診療医・漢方医・臨床心理士。島根医科大学医学部医学科卒業後、同大学医学部附属病院第三内科、三重大学医学部付属病院総合診療科などを経て、18年不登校／こどもと大人の漢方・心療内科 出雲いいじまクリニックを開院。島根大学医学部附属病院にも勤務。これまで200人以上の不登校児を診療してきた経験を生かし、26年には著書「不登校は病気？」を出版。",[],[]
「かみ合わせ」は全身の姿勢を映す鏡  ～口の中に表れる〝身体の使い方〟～【口からはじまる全身ケア】（時事通信）,https://news.yahoo.co.jp/articles/fbc156c6f1fb0321d0a4b6f6c91378e6c5b7b438,https://newsatcl-pctr.c.yimg.jp/t/amd-img/20260710-00010000-jij-000-1-view.jpg?exp=10800,2026-07-10T14:00:03+09:00,2026-07-10T14:00:03+09:00,時事通信,jij,時事通信,2534,"私たちの頭の重さは、約5kgあると言われています。

　これは、ボウリングのボールほどの重さです。

　その重い頭を、細い首と顎で毎日支え続けています。

　つまり、「かみ合わせ」と「姿勢」は、密接につながっているのです。

　ところが、現代人は無意識のうちにそのバランスを崩しています。

　スマートフォンを見るときの前傾姿勢。

　片側だけでかむ癖。

　頰づえ。

　食いしばり。

　長時間のデスクワーク。

　こうした小さな習慣の積み重ねが、実は〝全身のゆがみ〟につながっています。
◇ 頭の位置が変わると、かみ合わせは変わる
本来、頭は背骨の真上にあることで、最も負担が少ない状態になります。

　しかし、スマホを見る姿勢が続くと、頭が前へ落ちます。

　すると首の後ろの筋肉は緊張し、顎の位置が後方へ引っ張られます。
スマホ首・前傾姿勢（右）だと、かみ合わせがズレ、肩こりや頭痛が起こる連鎖が起こる
（図の左）理想姿勢

　・頭が背骨の真上

　・鼻呼吸

　・舌が上顎についている

　・首肩がリラックス

　・顎（がく）関節への負担が少ない

　（図の右）スマホ首・前傾姿勢

　・頭が前へ出る

　・首肩が緊張する

　・顎が後方へ引かれる

　この状態が続くと、

　・口呼吸になりやすい


　・歯ぎしり・食いしばりが増える

　・顎関節に負担がかかる

　・かみ合わせがズレる

　・肩こりや頭痛が起こる

　という連鎖が始まります。

　つまり、 「かみ合わせの問題」は、口の中だけでは完結しないのです。
◇ 姿勢もかみ合わせをつくっている
歯科では「かみ合わせを整える」という言葉を使います。

　しかし本当は、かみ合わせは

　「全身の筋肉と重力バランスの結果」

　でもあるのです。

　たとえば、猫背になると頭が前へ出ます。

　すると、下顎は後ろへ押されます。

　逆に、胸が開き、骨盤が安定すると、舌の位置も整い、顎の動きもスムーズになります。

　つまり姿勢は、顎の位置だけでなく、呼吸や舌の位置、自律神経にまで影響しているのです。
◇「片かみ」が体をねじっていく
片側だけでかみ続けると、首・肩・背骨・骨盤までねじれが広がっていく
本来、かむ力は左右バランスよく使われることが理想です。

　しかし、いつも左側だけでかむ。無意識に同じ側で食事をしている。

　これは単なる癖では終わりません。

　片側だけでかみ続けると、使う筋肉が左右で偏り、首・肩・背骨・骨盤までねじれが広がっていきます。

　片側だけでかむ

　↓

　顔の筋肉バランスが偏る

　↓

　首・肩の緊張が高まる

　↓

　背骨のねじれ

　↓

　骨盤バランスの変化

　↓

　肩こり・頭痛・疲労感

　実際に、

　・片側の肩だけ凝る

　・顔の左右差がある

　・片方のエラだけ張る

　・片頭痛がある

　・片側だけ歯がすり減る

　という方は少なくありません。

　口は、小さな器官です。

　けれどそこには、全身の使い方の癖が表れています。
◇ 頰づえが、顎を押し続けている
日常の姿勢や癖は、かみ合わせにも影響している（イメージ）
頰づえも同じです。

　片側から顎に圧力をかけ続けることで、顎関節や歯列に偏った力が加わります。

　その状態が長く続くと、少しずつ左右差として表れてきます。

　特に成長期の子どもは、骨が軟らかいため、長期間続くと顎の成長方向にまで影響することがあります。

　大人でも、

　「なんとなくかみにくい」

　「顎が疲れる」

　「口が開けづらい」

　という症状の背景に、日常姿勢の癖が隠れていることは珍しくありません。
◇ 歯だけを見る医療ではない
私は診療の中で、患者さんの口だけではなく、

　・立ち方

　・座り方

　・呼吸

　・舌の位置

　・首や肩の緊張

　まで見るようにしています。

　なぜなら、口は「全身を映す入り口」だからです。

　かみ合わせを変えれば姿勢が変わることがある。

　姿勢を整えることで、かみ合わせが安定することもある。

　これはどちらか一方ではなく、双方向なのです。
◇ 今、確認してみてください
□ 上下の歯は接触していませんか？

   □ 片側だけに重心をかけていませんか？

   □ スマホを見る時、頭が前へ出ていませんか？

　□ 舌が下に落ちていませんか？

　本来、安静時に上下の歯は軽く離れているのが自然な状態です。

　実は、 「口の不調」は身体からのサインかもしれません。

　歯科は、歯を治す場所。

　そう思われがちです。

　けれど本当は、

　「どう生き、どう呼吸し、どう身体を使っているか」

　その人の生き方そのものが、口の中に表れているのです。

　呼吸も、舌も、姿勢も、日々の生き方さえも、静かに口に表れている。

　私は診療室で、みなさんのそんな「身体からの声」に耳を澄ませています。（了）
三上医師
三上　康代（みかみ・やすよ）　矯正歯科医・歯学博士／口腔ケアスペシャリスト 青山高橋矯正歯科医院 院長 株式会社SmileSmile1 創業者。日本大学歯学部卒業後、矯正歯科を専門に研さんを積み、90年日本矯正歯科学会認定医を取得。幼少期より歯科医である父の影響を受け、患者の根本原因に基づく矯正治療を追求してきた。04年東京・青山に青山高橋矯正歯科医院を開業。歯並びだけでなく、呼吸・そしゃく・姿勢・表情筋など全身のバランスを考慮した治療を実践し、「Functional-matrix」の考え方を取り入れながら、歯の機能と美しさを両立する矯正治療を提供している。
　30年以上にわたり約4000人の臨床に携わる中で、「口腔は身体の入り口であり、健康や美しさ、心の状態とも深く関わる」という考えに至る。22年には株式会社SmileSmile1を創業し、〝口から始める予防医療型セルフケア〟という新しい健康文化の普及に取り組む。25年「口の中をほぐせば小顔美人になれる。名医が教える30秒メソッド」（宝島社）を出版。",[],[]
〔東京株式〕高値もみ合い＝半導体関連が値上がり（10日後場寄り付き）（時事通信）,https://news.yahoo.co.jp/articles/2ae78494957c1ef0d6876a1f67446e089fe44dcc,https://newsatcl-pctr.c.yimg.jp/t/amd-img/default.jpg?exp=10800,2026-07-10T13:00:19+09:00,2026-07-10T13:27:08+09:00,時事通信,jij,時事通信,864,"（後場寄り）後場の日経平均株価は前日比1344円79銭高の6万9088円64銭で始まった。引き続き、半導体関連銘柄を中心に値上がりしているが、利益確定の売りも出ており、日経平均は高値圏でもみ合っている。

　（前引け）【プライム】日経平均株価の午前の終値は前日比1199円91銭高の6万8943円76銭と大幅に続伸した。東証株価指数（TOPIX）は28．20ポイント高4048．57。米国のハイテク株高を引き継ぎ、半導体関連銘柄が大きく上昇した。原油価格の上昇が一服して、投資家の不安心理が和らぎ、半導体以外にも買いが広がった。
　61％の銘柄が値上がりし、36％が値下がりした。出来高は10億0946万株、売買代金は5兆2842億円。
　業種別株価指数（33業種）は非鉄金属、金属製品、情報・通信業などが上昇。海運業、保険業、小売業などは下落した。
　【スタンダード】スタンダードTOP20は続伸。出来高2億9789万株。
　【グロース】グロース250とグロースCoreは上昇した。

　（10時26分）日経平均株価は一時前日比1400円超上昇するなど上げ幅を拡大している。相場のけん引役となっているのはハイテク銘柄で、ソフトバンクG
<9984>
、アドバンテス
<6857>
、東エレク
<8035>
の3銘柄で日経平均を1000円超押し上げている。前日の米市場で半導体企業に関する個別の好材料が重なり、フィラデルフィア半導体株指数（SOX）が3％超上昇した。「米市場で出た好材料が人工知能（AI）関連銘柄の買いを後押ししている」（大手証券）とされる。
　ハイテク株以外にも買いは広がり、プライム銘柄の5割超が上昇。東証株価指数（TOPIX）も続伸している。原油価格の上昇が止まり「景気敏感株にも資金が向かっている」（中堅証券）という。

　（寄り付き）日経平均株価は前日比782円87銭高の6万8526円72銭と、大幅に続伸して始まった。前日に米ハイテク株が上昇した流れを引き継ぎ、半導体関連銘柄などに買いが入っている。",[],[]
日経平均、1344円79銭高の6万9088円64銭で始まる＝東京株式後場（時事通信）,https://news.yahoo.co.jp/articles/1eec8231ad580060f0688e53ea6759b654c6d045,https://newsatcl-pctr.c.yimg.jp/t/amd-img/default.jpg?exp=10800,2026-07-10T13:00:17+09:00,2026-07-10T13:27:08+09:00,時事通信,jij,時事通信,93,"10日午後の東京株式市場の日経平均株価は、前営業日比1344円79銭高の6万9088円64銭で始まった。
　東証株価指数（TOPIX）は、35．48ポイント高の4055．85で始まった。",[],[]
旧統一教会総裁に懲役13年求刑　前政権との癒着巡り　韓国（時事通信）,https://news.yahoo.co.jp/articles/f42cb613d849ed0dbb996b74e5460eb9a595faab,https://newsatcl-pctr.c.yimg.jp/t/amd-img/20260710-00000054-jij-000-8-view.jpg?exp=10800,2026-07-10T12:34:40+09:00,2026-07-10T19:32:15+09:00,時事通信,jij,時事通信,636,"世界平和統一家庭連合（旧統一教会）総裁の韓鶴子被告＝２０２５年９月、ソウル（ＥＰＡ時事）
【ソウル時事】韓国の尹錫悦前政権から便宜を受ける目的で金品を提供したとして、請託禁止法違反や政治資金法違反の罪に問われた世界平和統一家庭連合（旧統一教会）総裁の韓鶴子被告（83）の論告求刑公判が10日、ソウル中央地裁であり、特別検察官は懲役13年を求刑した。

　弁護側は最終弁論で無罪を主張し、結審した。判決は8月31日に言い渡される。

　特別検察官側は論告で、韓被告らが旧統一教会の影響力拡大を目指し、「政教一致」を実現しようとしたと指摘。韓被告について「（教団の）最終意思決定者であり、政教癒着の受益者だ」と強調した。

　一方、弁護側は最終弁論で、教団元幹部の独断による犯行だと主張。特別検察官が起訴内容の根拠とする元幹部の供述に関し「証拠能力がない」と述べた。韓被告は最終意見陳述で「金で権力を手に入れようとはしていない」とし、「意図せず問題を起こしたことに指導者として深く謝罪する」と語った。

　韓被告は健康状態の悪化を訴え、一時的に釈放されている。この日の公判には、マスクを着用し、黒いジャケットを着て出廷した。

　特別検察官によれば、韓被告は2022年、教団元幹部と共謀し、教団への便宜供与を受けるため尹氏夫人に高級バッグなどを提供。同年、尹政権で与党だった現在の保守系最大野党「国民の力」の国会議員に対し、1億ウォン（約1075万円）を不正に渡したとされる。",[],[]
〔東京外為〕ドル、一時161円台前半＝財務相発言で急落（10日正午）（時事通信）,https://news.yahoo.co.jp/articles/01155023735a6b311f1eed9c87a602cca1fbf42d,https://newsatcl-pctr.c.yimg.jp/t/amd-img/default.jpg?exp=10800,2026-07-10T12:30:20+09:00,2026-07-10T12:34:41+09:00,時事通信,jij,時事通信,754,"10日午前の東京外国為替市場のドルの対円相場（気配値）は、片山さつき財務相の発言を受けて、1ドル＝161円台前半に急落した。正午現在、161円45～45銭と前日（午後5時、162円33～36銭）比88銭のドル安・円高。
　9日の海外市場では、欧州時間は米長期金利の上昇に支援され、162円50銭近辺に上伸した。米国時間は、長期金利低下などで売りが先行し、中盤には162円20銭台に水準を切り下げた。終盤は、押し目買いが入り、162円40銭台へ切り返した。
　10日の東京早朝は、162円30～40銭程度で推移。午前は、片山さつき財務相が「積極的な財政を持続可能性の下でやっていくということで、巡航的に金利が上がっていくことは予想している」などと述べたことから、日米金利差縮小が意識され、161円20銭台へ急落した。正午にかけては下げ止まり、161円40銭台へ上昇した。
　片山財務相は「『骨太の方針』については、与党の段階で調整をしている」「家計や年金積立金管理運用独立行政法人（GPIF）をはじめとする年金基金による、日本の金融資産にさらなる投資を後押しする方策を追求したい」などとも語った。日銀の利上げが遅れるとの見方がやや後退したほか、国内資産投資への思惑が広がり、円を買い戻す動きが活発化。市場関係者は「水準的に利益確定売りを出しやすいタイミングだったため、下げが大きくなった」（国内銀行）と説明した。
　午後は「売りは一巡したとみられ、買い戻される展開になるのではないか」（FX会社）との声が出ていた。
　ユーロは対円で下落、対ドルは上昇。正午現在、1ユーロ＝184円99～185円01銭（前日午後5時、185円63～67銭）、対ドルでは1．1458～1458ドル（同1．1435～1435ドル）。",[],[]
円相場、161円45～45銭　10日正午現在（時事通信）,https://news.yahoo.co.jp/articles/09802eada396d218eed5367a1cf63901ab39e02f,https://newsatcl-pctr.c.yimg.jp/t/amd-img/default.jpg?exp=10800,2026-07-10T12:09:04+09:00,2026-07-10T14:21:43+09:00,時事通信,jij,時事通信,70,10日の東京外国為替市場の円相場は、正午現在1ドル＝161円45～45銭と、前日（162円33～36銭）に比べ88銭の円高・ドル安となった。,[],[]
中小事業者の資金繰り支援　全東信破産で赤沢経産相（時事通信）,https://news.yahoo.co.jp/articles/a8606df301d73954a084e6d3dd4229b1762fa392,https://newsatcl-pctr.c.yimg.jp/t/amd-img/20260710-00000052-jij-000-9-view.jpg?exp=10800,2026-07-10T12:04:48+09:00,2026-07-10T19:16:05+09:00,時事通信,jij,時事通信,255,"赤沢亮正 経済産業相
クレジットカード決済代行の全東信（大阪市）の破産手続き開始決定を受け、赤沢亮正経済産業相は10日の閣議後記者会見で、飲食店など中小事業者の資金繰りを支援すると発表した。

　連鎖倒産の防止を目的とした「セーフティネット保証1号」に指定し、全額信用保証付きの融資を別枠で受けられるようにする。

　経産省が指定手続きに着手した。保証限度額は無担保の場合、8000万円。10日から信用保証協会で相談を受け付ける。赤沢氏は「資金繰りや事業継続に影響が出ないようにするために万全を期す」と語った。",[],[]
〔東京株式〕大幅続伸＝米ハイテク株高の流れ引き継ぐ（10日前場）☆差替（時事通信）,https://news.yahoo.co.jp/articles/df01878e8ca276b45742f15cfaf3ba24644968c6,https://newsatcl-pctr.c.yimg.jp/t/amd-img/default.jpg?exp=10800,2026-07-10T12:00:28+09:00,2026-07-10T12:26:19+09:00,時事通信,jij,時事通信,760,"（前引け）【プライム】日経平均株価の午前の終値は前日比1199円91銭高の6万8943円76銭と大幅に続伸した。東証株価指数（TOPIX）は28．20ポイント高4048．57。米国のハイテク株高を引き継ぎ、半導体関連銘柄が大きく上昇した。原油価格の上昇が一服して、投資家の不安心理が和らぎ、半導体以外にも買いが広がった。
　61％の銘柄が値上がりし、36％が値下がりした。出来高は10億0946万株、売買代金は5兆2842億円。
　業種別株価指数（33業種）は非鉄金属、金属製品、情報・通信業などが上昇。海運業、保険業、小売業などは下落した。
　【スタンダード】スタンダードTOP20は続伸。出来高2億9789万株。
　【グロース】グロース250とグロースCoreは上昇した。

　（10時26分）日経平均株価は一時前日比1400円超上昇するなど上げ幅を拡大している。相場のけん引役となっているのはハイテク銘柄で、ソフトバンクG
<9984>
、アドバンテス
<6857>
、東エレク
<8035>
の3銘柄で日経平均を1000円超押し上げている。前日の米市場で半導体企業に関する個別の好材料が重なり、フィラデルフィア半導体株指数（SOX）が3％超上昇した。「米市場で出た好材料が人工知能（AI）関連銘柄の買いを後押ししている」（大手証券）とされる。
　ハイテク株以外にも買いは広がり、プライム銘柄の5割超が上昇。東証株価指数（TOPIX）も続伸している。原油価格の上昇が止まり「景気敏感株にも資金が向かっている」（中堅証券）という。

　（寄り付き）日経平均株価は前日比782円87銭高の6万8526円72銭と、大幅に続伸して始まった。前日に米ハイテク株が上昇した流れを引き継ぎ、半導体関連銘柄などに買いが入っている。",[],[]
日経平均、1199円91銭高の6万8943円76銭で終了＝東京株式前場（時事通信）,https://news.yahoo.co.jp/articles/b115a16e1362b6ed90eedc92ac4d533f10b38491,https://newsatcl-pctr.c.yimg.jp/t/amd-img/default.jpg?exp=10800,2026-07-10T12:00:28+09:00,2026-07-10T12:26:19+09:00,時事通信,jij,時事通信,93,"10日午前の東京株式市場の日経平均株価は、前営業日比1199円91銭高の6万8943円76銭で終了した。
　東証株価指数（TOPIX）は、28．20ポイント高の4048．57で終了した。",[],[]
骨太原案、文言を再修正　日銀の独立性言及、市場反応受け　城内経財相（時事通信）,https://news.yahoo.co.jp/articles/6e0dcc4960e98ec0e1d954a6638dc4b6d2dfa8ce,https://newsatcl-pctr.c.yimg.jp/t/amd-img/20260710-00000051-jij-000-8-view.jpg?exp=10800,2026-07-10T11:50:48+09:00,2026-07-10T13:04:41+09:00,時事通信,jij,時事通信,356,"城内実 経済財政担当相
城内実経済財政担当相は10日の閣議後記者会見で、経済財政運営と改革の基本方針「骨太の方針」原案について「与党からの意見を踏まえ文案修正を調整している」と明らかにした。
【ひと目でわかる】日銀関連の今後の予定
金融政策に関する記述が日銀の利上げをけん制しているとの見方が広がったため表現を見直したが、再修正する。日銀の独立性を明確にする文章を盛り込む方向だ。

　6月末に公表した骨太方針の原案は「『強い経済』の実現に向けては、適切な金融政策運営が行われることも非常に重要」と明記した。市場では、日銀の利上げが遅れて物価高騰を招くとの懸念が広がり、長期金利が上昇。今月7日に「『安定的な物価上昇』の実現に資する適切な金融政策運営」と追記した修正版を与党に示したが、懸念払拭には至っていない。",[],[]
1199円高の6万8943円76銭　10日午前の平均株価（時事通信）,https://news.yahoo.co.jp/articles/1d33b9524461d81e40f043f59231f22927766a5f,https://newsatcl-pctr.c.yimg.jp/t/amd-img/default.jpg?exp=10800,2026-07-10T11:47:35+09:00,2026-07-10T12:41:45+09:00,時事通信,jij,時事通信,68,10日午前の東京株式市場の日経平均株価は、6万8943円76銭と前日終値比1199円91銭高で終わった。出来高は概算で10億900万株。,[],[]
防災庁設置法案、13日成立へ　参院委で可決（時事通信）,https://news.yahoo.co.jp/articles/6f6438e2c82dbdccb510ff5f312a0217e2dd38db,https://newsatcl-pctr.c.yimg.jp/t/amd-img/default.jpg?exp=10800,2026-07-10T11:37:41+09:00,2026-07-10T12:35:18+09:00,時事通信,jij,時事通信,271,"参院災害対策・東日本大震災復興特別委員会は10日、政府全体の防災・災害対応の司令塔となる「防災庁」の設置法案を可決した。

　13日に参院本会議で可決、成立する見通し。政府は今秋の設置を目指す。

　法案は、防災庁を内閣直属の組織とし、防災に関する基本方針策定や、大規模災害に対処するための企画立案・総合調整などを担うと規定。発災時の対処や、事前防災の推進などを担当する4部局で構成する。

　首相をトップとし、担当閣僚として各府省庁への勧告権を持つ防災相を置く。各府省庁は勧告を尊重する義務を負い、政府一体で防災対策に取り組めるようにする。",[],[]
ペルシャ湾の日本関係船、残り4隻に　過去最大22隻がホルムズ通過　国交相（時事通信）,https://news.yahoo.co.jp/articles/c18ca8f7e8abaddc744bffeaafc96a5c1a2c9949,https://newsatcl-pctr.c.yimg.jp/t/amd-img/20260710-00000048-jij-000-11-view.jpg?exp=10800,2026-07-10T11:36:18+09:00,2026-07-10T16:26:56+09:00,時事通信,jij,時事通信,171,"金子恭之 国土交通相
金子恭之国土交通相は10日の閣議後記者会見で、日本関係船舶22隻が新たにホルムズ海峡を通過したと発表した。

　この規模での脱出は過去最大。ペルシャ湾に残る日本関係船は4隻になった。

　同氏は「ホルムズ海峡の通過準備が整った船舶が順次通過できた」と説明した。国交省によると、22隻は7日から9日にかけて海峡を通過した。",[],[]
農水省、「日本茶」をGI保護登録　国内産全て対象、模倣品対策強化（時事通信）,https://news.yahoo.co.jp/articles/9b77ba45df2887c3921be597a824d6253ec7d980,https://newsatcl-pctr.c.yimg.jp/t/amd-img/20260710-00000047-jij-000-9-view.jpg?exp=10800,2026-07-10T11:33:22+09:00,2026-07-10T15:53:32+09:00,時事通信,jij,時事通信,356,"「日本茶」などを地理的表示（ＧＩ）保護制度に登録したと発表する鈴木憲和農林水産相＝１０日午前、農水省
農林水産省は10日、「日本茶」を地理的表示（GI）保護制度に登録したと発表した。
【ひと目でわかる】日本から世界への抹茶輸出量
世界的な抹茶ブームを背景に、海外産の模倣品による権利侵害への対策を強化する。産地を指定せず、日本で生産されたものが全て対象となるのは、同省が所管する農林水産物・食品では初めてで、国税庁が所管する「日本酒」に次いで2例目。

　GIは、地域と結びついた特性がある産品の名称を知的財産として保護する制度。緑茶の昨年の輸出額は約721億円と、農林水産物・食品の輸出拡大をけん引している。鈴木憲和農水相は同日の閣議後記者会見で、「好調な輸出がさらに後押しされることを期待している」と述べた。",[],[]
【図解】6月の企業物価、7．1％上昇＝3年3カ月ぶり上げ幅―日銀（時事通信）,https://news.yahoo.co.jp/articles/f20c0c23fa162c3a51503cb5d03588f94087a413,https://newsatcl-pctr.c.yimg.jp/t/amd-img/20260710-00000005-jij_graph-000-7-view.jpg?exp=10800,2026-07-10T11:24:35+09:00,2026-07-10T16:26:02+09:00,時事通信,jij,時事通信,75,"国内企業物価指数の伸び率
日銀が10日発表した6月の国内企業物価指数（速報値、2020年平均＝100）は135．4となり、前年同月比7．1％上昇した。",[],[]
与党、来週中にルート選定方針　「小浜・京都」「米原」案から　北陸新幹線延伸（時事通信）,https://news.yahoo.co.jp/articles/3e07e6b3b1a6122d02982895c72a431850a59c86,https://newsatcl-pctr.c.yimg.jp/t/amd-img/20260710-00000046-jij-000-6-view.jpg?exp=10800,2026-07-10T11:10:31+09:00,2026-07-10T12:39:00+09:00,時事通信,jij,時事通信,312,"福井市内を走行する北陸新幹線＝２０２４年３月
自民党と日本維新の会は10日、北陸新幹線の未着工区間（敦賀―新大阪）の延伸ルートに関する整備委員会を開いた。
【ひと目でわかる】北陸新幹線延伸8ルート案
会合では、これまで議論してきた8ルートの中から、福井県小浜市と京都駅を通る「小浜・京都ルート」と、滋賀県の米原駅で東海道新幹線に乗り入れる「米原ルート」に絞り込み、来週中に開く次回会合で選定する方針を確認。17日の会期末までの決定を目指す。

　小浜・京都ルートは、京都駅地下を南北に走る「南北案」と同駅西約5キロの桂川駅付近を通る「桂川案」の2案に分かれる。自民は南北案と桂川案を提示。維新は桂川案と米原ルートを主張した。",[],[]
ホワイトソックス村上宗隆、11日にメジャー復帰　MLB（時事通信）,https://news.yahoo.co.jp/articles/ec97542d709964212440aaceb1e13b4ecb0176cc,https://newsatcl-pctr.c.yimg.jp/t/amd-img/default.jpg?exp=10800,2026-07-10T11:02:03+09:00,2026-07-10T12:29:19+09:00,時事通信,jij,時事通信,234,"【ニューヨーク時事】米大リーグ、ホワイトソックスのベナブル監督は9日、右太もも裏の肉離れで負傷者リスト（IL）入りしている村上宗隆内野手が、10日（日本時間11日）のアスレチックス戦でメジャー復帰することを明らかにした。

　地元放送局CHSNなどが伝えた。先発出場する予定。

　5月下旬にILに入った村上は、7日からマイナー傘下3Aシャーロットで2試合続けてリハビリ出場。「久しぶりに出ているので疲れはあるが、順調にしっかりリハビリできた」と手応えを口にしていた。",[],[]
日経平均、1600円超高＝東京株式（時事通信）,https://news.yahoo.co.jp/articles/c05f192385e76037a6a0d712c1393669322af270,https://newsatcl-pctr.c.yimg.jp/t/amd-img/default.jpg?exp=10800,2026-07-10T11:00:22+09:00,2026-07-10T11:27:08+09:00,時事通信,jij,時事通信,36,10日の東京株式市場で、日経平均株価が前営業日比1600円超高となった。,[],[]
〔東京株式〕上げ幅拡大＝広く買い（10日前場中盤）（時事通信）,https://news.yahoo.co.jp/articles/d2c1e5ef9f5001bc8c55ef0f5c113ea3072d6a37,https://newsatcl-pctr.c.yimg.jp/t/amd-img/default.jpg?exp=10800,2026-07-10T11:00:21+09:00,2026-07-10T11:27:08+09:00,時事通信,jij,時事通信,419,"（10時26分）日経平均株価は一時前日比1400円超上昇するなど上げ幅を拡大している。相場のけん引役となっているのはハイテク銘柄で、ソフトバンクG
<9984>
、アドバンテス
<6857>
、東エレク
<8035>
の3銘柄で日経平均を1000円超押し上げている。前日の米市場で半導体企業に関する個別の好材料が重なり、フィラデルフィア半導体株指数（SOX）が3％超上昇した。「米市場で出た好材料が人工知能（AI）関連銘柄の買いを後押ししている」（大手証券）とされる。
　ハイテク株以外にも買いは広がり、プライム銘柄の5割超が上昇。東証株価指数（TOPIX）も続伸している。原油価格の上昇が止まり「景気敏感株にも資金が向かっている」（中堅証券）という。

　（寄り付き）日経平均株価は前日比782円87銭高の6万8526円72銭と、大幅に続伸して始まった。前日に米ハイテク株が上昇した流れを引き継ぎ、半導体関連銘柄などに買いが入っている。",[],[]
日経平均、1500円超高＝東京株式（時事通信）,https://news.yahoo.co.jp/articles/2f80ccfb59214318789fde76348862c81f9388c2,https://newsatcl-pctr.c.yimg.jp/t/amd-img/default.jpg?exp=10800,2026-07-10T11:00:20+09:00,2026-07-10T11:27:08+09:00,時事通信,jij,時事通信,36,10日の東京株式市場で、日経平均株価が前営業日比1500円超高となった。,[],[]
改正労災保険法が成立　遺族年金、男女差解消（時事通信）,https://news.yahoo.co.jp/articles/3f50168c017a58161992192c9a9a6078328b3f1d,https://newsatcl-pctr.c.yimg.jp/t/amd-img/20260710-00000044-jij-000-7-view.jpg?exp=10800,2026-07-10T10:58:29+09:00,2026-07-10T12:27:22+09:00,時事通信,jij,時事通信,373,"国会議事堂＝東京都千代田区
労災で亡くなった人の遺族が受け取る遺族補償年金を巡り、夫と妻で異なる支給要件を見直す改正労働者災害補償保険法が10日、参院本会議で可決、成立した。

　夫にのみ課せられた「55歳以上」などの支給要件を撤廃し、男女間の格差を解消する。これまで労災保険の加入を任意としてきた農林水産業の小規模事業者について、強制加入の対象とすることも盛り込んだ。

　遺族補償年金は現在、夫を亡くした妻は年齢に関係なく受け取れるが、妻を亡くした夫は55歳以上か、一定の障害があるとの要件を満たす必要がある。制度が創設された1965年当時と異なり、女性の労働参加や男女の賃金格差縮小が進んだことなどに対応する。

　また、遺族補償年金について、55歳以上か一定の障害がある妻に支給額を上乗せする「特別加算」を廃止し、給付水準の差も解消する。",[],[]
【図解】台風9号、先島諸島ほぼ直撃へ＝暴風大雨に厳重警戒―気象庁（時事通信）,https://news.yahoo.co.jp/articles/f5c3c301360f158527f25e38ca1e72e6d29e4e9d,https://newsatcl-pctr.c.yimg.jp/t/amd-img/20260710-00000004-jij_graph-000-4-view.jpg?exp=10800,2026-07-10T10:58:11+09:00,2026-07-10T13:44:08+09:00,時事通信,jij,時事通信,48,"台風９号の予想進路（１０日９時現在）
大型で非常に強い台風9号は10日、沖縄の南海上を北上した。",[],[]
豊昇龍、初日は小結王鵬　大の里は義ノ富士戦―大相撲名古屋場所（時事通信）,https://news.yahoo.co.jp/articles/0d200e0ea2412cb505cc8858be7d4848aaedb708,https://newsatcl-pctr.c.yimg.jp/t/amd-img/default.jpg?exp=10800,2026-07-10T10:57:06+09:00,2026-07-10T12:13:02+09:00,時事通信,jij,時事通信,276,"日本相撲協会は10日、大相撲名古屋場所（12日初日、愛知・IGアリーナ）の取組編成会議を開き、初日と2日目の幕内取組などを決めた。

　5月の夏場所を休場した両横綱は、豊昇龍が初日に小結王鵬、2日目に隆の勝の挑戦を受け、大の里は新小結の義ノ富士、藤ノ川の順に対戦。

　先場所は優勝同点で、名古屋場所で高いレベルの優勝なら横綱昇進が見える大関霧島は藤ノ川、王鵬の順に顔を合わせ、大関かど番の琴桜は隆の勝、義ノ富士と。2桁勝てば大関に復帰できる関脇安青錦は平戸海、美ノ海とぶつかる。

　関取では、夏場所優勝の関脇若隆景、十両の白鷹山が初日から休場する。",[],[]
ドジャースがホワイトハウス訪問　米大リーグ（時事通信）,https://news.yahoo.co.jp/articles/d36637f49f416c7730645f7bc65cf479b6935a51,https://newsatcl-pctr.c.yimg.jp/t/amd-img/default.jpg?exp=10800,2026-07-10T10:53:49+09:00,2026-07-10T11:30:37+09:00,時事通信,jij,時事通信,195,"【ロサンゼルス時事】米大リーグで大谷翔平選手、山本由伸投手、佐々木朗希投手が所属し、昨年ワールドシリーズを連覇したドジャースが、23日にホワイトハウスを訪問すると複数の米メディアが9日報じた。

　23日は東海岸遠征中のオフとなっている。

　米国では主要プロスポーツの優勝チームが大統領を表敬訪問するのが恒例となっている。ドジャースは、昨年4月にもホワイトハウスのトランプ大統領を訪れた。",[],[]
韓国半導体SKハイニックス、米上場　4．3兆円調達、外国企業で最大（時事通信）,https://news.yahoo.co.jp/articles/37268b910346872d7745e2a1b2131d940c3bba98,https://newsatcl-pctr.c.yimg.jp/t/amd-img/20260710-00000041-jij-000-10-view.jpg?exp=10800,2026-07-10T10:50:05+09:00,2026-07-10T16:26:29+09:00,時事通信,jij,時事通信,319,"ＳＫハイニックスのロゴ（ＡＦＰ時事）
【ニューヨーク時事】韓国の半導体大手SKハイニックスは9日、米ナスダック市場への上場で約265億ドル（4兆3000億円）を調達すると発表した。

　上場日は10日で、ドル建ての株式に相当する米国預託証券（ADR）を発行する。公開価格は1ADR＝149ドル（約2万4000円）。世界の投資家から資金を集め、半導体工場への投資など事業拡大に充てる計画だ。

　SKハイニックスのADRは韓国市場で取引されている普通株10分の1株に相当する。韓国メディアによると、外国企業による米国での新規株式公開（IPO）としては、2014年に中国のIT大手アリババ集団が記録した250億ドルを上回り、過去最大級となる。",[],[]
個人情報、AI開発へ規制緩和　改正法成立、データ活用促進（時事通信）,https://news.yahoo.co.jp/articles/4a3429f8d8de33ceb996afa9b065b6f01be4f778,https://newsatcl-pctr.c.yimg.jp/t/amd-img/20260710-00000040-jij-000-10-view.jpg?exp=10800,2026-07-10T10:46:04+09:00,2026-07-10T13:04:06+09:00,時事通信,jij,時事通信,386,"改正個人情報保護法が可決、成立した参院本会議＝１０日午前、国会内
個人情報の利用規制の緩和と悪用対策強化を盛り込んだ改正個人情報保護法が10日の参院本会議で、与党や国民民主党、チームみらいなどの賛成多数で可決、成立した。
【ひと目でわかる】今国会未成立の法案
人工知能（AI）の能力向上のため各種データを活用しやすくするのが狙い。立憲民主、公明、参政、共産各党などは「国民に不利益が生じる懸念を払拭しきれていない」として反対した。

　改正法は公布後、原則2年以内に施行される。具体的な運用は規則やガイドラインで定める。

　改正法は、AI開発に関する国際競争に対応するため、統計作成やAIの開発目的に限り、本人の同意なしに個人情報を取得・提供できる特例を設けた。対象には犯罪歴、人種、病歴といった機微性の高い「要配慮個人情報」が含まれるため、一部野党は除外を求めていた。",[],[]
中道、皇室典範改正案に賛成（時事通信）,https://news.yahoo.co.jp/articles/a5b4cb1050f9443d9781887ed64f05c87d88b30f,https://newsatcl-pctr.c.yimg.jp/t/amd-img/20260710-00000039-jij-000-5-view.jpg?exp=10800,2026-07-10T10:41:26+09:00,2026-07-10T12:59:03+09:00,時事通信,jij,時事通信,56,"中道改革連合の小川淳也代表＝９日、国会内
中道改革連合の小川淳也代表は10日、皇室典範改正案に賛成すると述べた。",[],[]
党首討論15日開催を決定　衆参両院（時事通信）,https://news.yahoo.co.jp/articles/41d6ecacf1050b4c45afcffb2ed4c2e58c77b3b1,https://newsatcl-pctr.c.yimg.jp/t/amd-img/default.jpg?exp=10800,2026-07-10T10:38:01+09:00,2026-07-10T10:50:08+09:00,時事通信,jij,時事通信,151,"衆参両院の国家基本政策委員会は10日の合同幹事会で、高市早苗首相（自民党総裁）と野党党首による党首討論を15日午後3時から行うことを決めた。

　討論時間は通常の45分から延ばして1時間。時間配分は国民民主党15分、中道改革連合14分、立憲民主党12分、参政党9分、公明党6分、チームみらい4分とする。",[],[]
中立公「副首都」法案反対へ（時事通信）,https://news.yahoo.co.jp/articles/28c6c5de4ca2fb2fb3a80d85487523de4e67c1ec,https://newsatcl-pctr.c.yimg.jp/t/amd-img/default.jpg?exp=10800,2026-07-10T10:36:24+09:00,2026-07-10T10:49:09+09:00,時事通信,jij,時事通信,102,"中道改革連合、立憲民主党、公明党は10日の合同会議で、与党が提出した「副首都」創設法案に反対する方向で立民の杉尾秀哉座長に対応を一任した。

　国民民主党が提出した「特別市」制度導入法案にも反対する方向。",[],[]
配信女性を襲撃、男に懲役20年求刑　高田馬場刺殺　東京地裁（時事通信）,https://news.yahoo.co.jp/articles/811518cc1d1b69edef945afd6b8c4926d68adf2e,https://newsatcl-pctr.c.yimg.jp/t/amd-img/20260710-00000036-jij-000-17-view.jpg?exp=10800,2026-07-10T10:34:30+09:00,2026-07-10T17:19:03+09:00,時事通信,jij,時事通信,501,"東京地裁
東京都新宿区高田馬場の路上で昨年3月、ライブ配信していた佐藤愛里さん＝当時（22）＝を刺殺したとして、殺人罪などに問われた高野健一被告（44）の裁判員裁判の公判が10日、東京地裁（井戸俊一裁判長）であった。

　検察側は「強固な殺意に基づく極めて残虐な犯行」として懲役20年を求刑。弁護側は懲役9年が相当と主張し、結審した。判決は15日に言い渡される。

　検察側は論告で、貸した金を返してもらえず、だまされたと感じた高野被告が恨みを募らせ、佐藤さんを一方的に突き刺し55カ所の傷を負わせたと指摘。襲撃後には血だらけの姿を配信し、「まだ動くんだ」と言って頭部を蹴るなどしており、「尊厳を踏みにじった」と非難した。

　弁護側は最終弁論で、民事訴訟を起こしても貸していた約250万円が返済されず、「困窮して自ら死を意識するほど追い詰められていた」と訴えた。

　高野被告は最終意見陳述で「間違った考えで命を奪ってしまい、本当に申し訳ありませんでした」と謝罪した。

　起訴状によると、高野被告は昨年3月11日、高田馬場の路上で佐藤さんの顔や胸などをナイフで複数回突き刺して殺害したなどとされる。",[],[]
日経平均、1400円超高＝東京株式（時事通信）,https://news.yahoo.co.jp/articles/2d53771ba099b43bb6eb56b91592597e602cafd8,https://newsatcl-pctr.c.yimg.jp/t/amd-img/default.jpg?exp=10800,2026-07-10T10:30:20+09:00,2026-07-10T10:33:46+09:00,時事通信,jij,時事通信,36,10日の東京株式市場で、日経平均株価が前営業日比1400円超高となった。,[],[]
【図解】フランスが4強一番乗り＝エムバペ8点目、モロッコを下す―W杯サッカー（時事通信）,https://news.yahoo.co.jp/articles/8c1506644a59e31729cdde863e0773ef6bc36494,https://newsatcl-pctr.c.yimg.jp/t/amd-img/20260710-00000003-jij_graph-000-13-view.jpg?exp=10800,2026-07-10T10:07:49+09:00,2026-07-10T16:26:01+09:00,時事通信,jij,時事通信,118,"Ｗ杯通算得点
【ボストン時事】サッカーのワールドカップ（W杯）北中米3カ国大会は9日、米マサチューセッツ州ボストン近郊で準々決勝の1試合が行われ、3度目の優勝を目指すフランスが前回4位のモロッコを2―0で下し、一番乗りで準決勝に進んだ。",[],[]
ブロース監督が退任　サッカー南ア代表（時事通信）,https://news.yahoo.co.jp/articles/536397be0bbdab7ff0a29144ba1e814f31ccf96d,https://newsatcl-pctr.c.yimg.jp/t/amd-img/default.jpg?exp=10800,2026-07-10T09:48:36+09:00,2026-07-10T10:10:23+09:00,時事通信,jij,時事通信,130,"サッカー南アフリカ代表のブロース監督が退任することが分かった。

　ロイター通信が9日に報じた。ベルギー出身の74歳、ブロース氏は2021年に就任。ワールドカップ（W杯）北中米3カ国大会で、同国代表を4大会ぶりの出場に導き、初の決勝トーナメント進出を果たした。",[],[]
初サンマ、キロ70万円　豊洲市場で最高値更新（時事通信）,https://news.yahoo.co.jp/articles/aa0934c9e2c7c8ca513a65fc834b97a702d13940,https://newsatcl-pctr.c.yimg.jp/t/amd-img/20260710-00000034-jij-000-9-view.jpg?exp=10800,2026-07-10T09:40:59+09:00,2026-07-10T16:58:56+09:00,時事通信,jij,時事通信,465,"豊洲市場で過去最高値を付けた初物サンマ＝１０日午前、東京都江東区
東京・豊洲市場（江東区）に10日朝、サンマが今シーズン初入荷した。

　このうち、一部の大型サイズに1キロ当たり70万円が付き、2年前に記録した過去最高値の同50万円を大幅に上回った。
【写真】豊洲市場で過去最高値を付けた初物サンマ
同日の入荷は、9日に北海道釧路市の釧路港で水揚げされた一部の約30キロ。昨年7月11日の初荷（約50キロ）よりも減ったが、前年に続き1匹170グラム近い大型もあった。

　入荷が少なく、卸値は高騰。最も大きい170グラム近くのサイズが、昨年初荷の1キロ当たり30万円を上回り、1匹当たりでは約12万円の超高値を付けた。豊漁を願って初物を仕入れたという仲卸「山治」の山崎康弘社長は「大きくて鮮度も抜群。これからたくさん取れて多くの人に食べてほしい」と話した。

　最高値のサンマは6匹あり、岐阜県に本部を置くスーパー「バロー」が山治からすべて入手。横浜市の「バロー横浜下永谷店」で、特別価格の1匹1万円（税別）で販売する予定という。",[],[]
養子の子に皇位継承資格　木原官房長官（時事通信）,https://news.yahoo.co.jp/articles/5648a03f675ef471a12d8102e3ed89a03751ed23,https://newsatcl-pctr.c.yimg.jp/t/amd-img/20260710-00000033-jij-000-6-view.jpg?exp=10800,2026-07-10T09:40:51+09:00,2026-07-10T12:47:49+09:00,時事通信,jij,時事通信,129,"１０日、衆院議院運営委員会で皇室典範改正案について説明する木原稔官房長官
木原稔官房長官は10日の衆院議院運営委員会で、皇室典範改正案に関し、皇室に入った養子の子は皇位継承資格を有すると述べた。

　「立法府の将来の検討を縛るものではない」との認識も示した。",[],[]
日経平均、1200円超高＝東京株式（時事通信）,https://news.yahoo.co.jp/articles/f4269ef9eee6a12b912f76409631a04dcfa9b6cf,https://newsatcl-pctr.c.yimg.jp/t/amd-img/default.jpg?exp=10800,2026-07-10T09:30:28+09:00,2026-07-10T09:34:14+09:00,時事通信,jij,時事通信,36,10日の東京株式市場で、日経平均株価が前営業日比1200円超高となった。,[],[]
日経平均、1100円超高＝東京株式（時事通信）,https://news.yahoo.co.jp/articles/48673643a5010fda8b56b58be56e7ad3910ab010,https://newsatcl-pctr.c.yimg.jp/t/amd-img/default.jpg?exp=10800,2026-07-10T09:30:28+09:00,2026-07-10T09:34:13+09:00,時事通信,jij,時事通信,36,10日の東京株式市場で、日経平均株価が前営業日比1100円超高となった。,[],[]
〔東京株式〕大幅続伸＝半導体株などに買い（10日前場寄り付き）（時事通信）,https://news.yahoo.co.jp/articles/bebaa070f82cdc2cd2eaf6ea8aac4cad0115daf7,https://newsatcl-pctr.c.yimg.jp/t/amd-img/default.jpg?exp=10800,2026-07-10T09:30:28+09:00,2026-07-10T09:34:13+09:00,時事通信,jij,時事通信,90,（寄り付き）日経平均株価は前日比782円87銭高の6万8526円72銭と、大幅に続伸して始まった。前日に米ハイテク株が上昇した流れを引き継ぎ、半導体関連銘柄などに買いが入っている。,[],[]
〔東京外為〕ドル、162円台前半＝有事の買いと介入警戒で小動き（10日午前9時）（時事通信）,https://news.yahoo.co.jp/articles/8a40db51350659a842aabae2b69a2e50fb8c3db8,https://newsatcl-pctr.c.yimg.jp/t/amd-img/default.jpg?exp=10800,2026-07-10T09:30:27+09:00,2026-07-10T09:34:13+09:00,時事通信,jij,時事通信,762,"10日朝の東京外国為替市場のドルの対円相場（気配値）は、イラン情勢の不透明感に伴う「有事のドル買い」と政府・日銀による介入警戒が交錯し、1ドル＝162円台前半で小動きとなっている。午前9時現在、162円36～37銭と前日（午後5時、162円33～36銭）比03銭の小幅ドル高・円安。
　9日の海外市場では、欧州時間は米長期金利や原油価格の上昇を眺めて、162円50銭近辺に上伸した。一部メディアが「政府、骨太方針で日銀独立性に言及へ」と報じたが、ドル円への影響は限定的だった。米国時間は、米長期金利低下などを映して売りが先行し、中盤には162円20銭台に水準を切り下げた。終盤は、長期金利の低下一服で押し目買いが入り、162円40銭台へ切り返した。10日の東京早朝は、162円30～40銭程度で推移。8時50分の6月の企業物価上昇率は、前年同月比7．1％と市場予想を上振れたが、ドル円の反応は乏しかった。
　ドル円は、前日の東京終盤と同レベル。新たな材料が見当たらない中、イラン情勢に伴う「有事のドル買い」で下値が堅い一方、介入警戒感から上値も重かった。
　本日は五・十日のため、仲値公示にかけては実需の売買が膨らむ可能性がある。その後は、週末でポジションを作りにくい中、米長期金利や原油価格を眺めながめた調整主体の値動きにとどまる見込み。イラン情勢の先行き不透明感が根強いことも、様子見姿勢を強めそうだ。別の関係者からは「来週発表の米CPIがレンジブレークの引き金になるかもしれず、それまでは動きにくい」（FX会社）との声も出ていた。
　ユーロも対円、対ドルで小動き。午前9時現在、1ユーロ＝185円62～64銭（前日午後5時、185円63～67銭）、対ドルでは1．1430～1435ドル（同1．1435～1435ドル）。",[],[]
日経平均、1000円超高＝東京株式（時事通信）,https://news.yahoo.co.jp/articles/00c11d5b155559df8868332317d9837f0bc2b062,https://newsatcl-pctr.c.yimg.jp/t/amd-img/default.jpg?exp=10800,2026-07-10T09:30:27+09:00,2026-07-10T09:34:13+09:00,時事通信,jij,時事通信,36,10日の東京株式市場で、日経平均株価が前営業日比1000円超高となった。,[],[]
日経平均、900円超高＝東京株式（時事通信）,https://news.yahoo.co.jp/articles/138f4a8b335ab44c77e0c4ac4e35f755487bf393,https://newsatcl-pctr.c.yimg.jp/t/amd-img/default.jpg?exp=10800,2026-07-10T09:30:26+09:00,2026-07-10T09:34:12+09:00,時事通信,jij,時事通信,35,10日の東京株式市場で、日経平均株価が前営業日比900円超高となった。,[],[]
日経平均、782円87銭高の6万8526円72銭で始まる＝東京株式前場（時事通信）,https://news.yahoo.co.jp/articles/33e54e86a66718d52510ab990284c287895f1fd2,https://newsatcl-pctr.c.yimg.jp/t/amd-img/default.jpg?exp=10800,2026-07-10T09:30:26+09:00,2026-07-10T09:34:12+09:00,時事通信,jij,時事通信,92,"10日午前の東京株式市場の日経平均株価は、前営業日比782円87銭高の6万8526円72銭で始まった。
　東証株価指数（TOPIX）は、22．28ポイント高の4042．65で始まった。",[],[]
日経平均、700円超高＝東京株式（時事通信）,https://news.yahoo.co.jp/articles/7b087d09811f8d82b82b16ec4217201ba83d4979,https://newsatcl-pctr.c.yimg.jp/t/amd-img/default.jpg?exp=10800,2026-07-10T09:30:25+09:00,2026-07-10T09:34:12+09:00,時事通信,jij,時事通信,35,10日の東京株式市場で、日経平均株価が前営業日比700円超高となった。,[],[]
独VW、生産体制見直しへ　4工場閉鎖・人員削減拡大も（時事通信）,https://news.yahoo.co.jp/articles/8720a570cb7d6bfa756d2d86aacdd0ea079af559,https://newsatcl-pctr.c.yimg.jp/t/amd-img/20260710-00000032-jij-000-12-view.jpg?exp=10800,2026-07-10T09:13:05+09:00,2026-07-10T14:21:18+09:00,時事通信,jij,時事通信,308,"ドイツ東部ツヴィッカウのフォルクスワーゲン（ＶＷ）の工場で、リストラ計画に抗議する従業員ら＝９日（ＡＦＰ時事）
【ベルリン時事】経営不振に陥っているドイツ自動車最大手フォルクスワーゲン（VW）グループは9日、生産体制の大幅な見直しを行うと発表した。

　国内4工場の閉鎖が取り沙汰されており、人員削減は従来計画から倍増の10万人規模に上る可能性がある。

　発表によると、グループ全体の取り扱い車種を最大で半減し、現在約1000万台の年間生産台数を900万台に縮小する。具体的なリストラ案は明らかにしていない。シュピーゲル誌によると、計約4万人が従事する国内4工場を2034年までに段階的に閉鎖する案が浮上している。",[],[]
円相場、162円36～37銭　10日午前9時現在（時事通信）,https://news.yahoo.co.jp/articles/c8e1bbd466a8188aa7c6600a4927d51f0149c09f,https://newsatcl-pctr.c.yimg.jp/t/amd-img/default.jpg?exp=10800,2026-07-10T09:07:08+09:00,2026-07-10T09:37:56+09:00,時事通信,jij,時事通信,72,10日の東京外国為替市場の円相場は、午前9時現在1ドル＝162円36～37銭と、前日（162円33～36銭）に比べ03銭の円安・ドル高となった。,[],[]
ハメネイ師が聖地に埋葬　一連の追悼行事が終了　イラン（時事通信）,https://news.yahoo.co.jp/articles/e8f7c6ec8650a557f081fd2d0cb57707d7fcdcfd,https://newsatcl-pctr.c.yimg.jp/t/amd-img/20260710-00000030-jij-000-12-view.jpg?exp=10800,2026-07-10T08:58:50+09:00,2026-07-10T16:26:21+09:00,時事通信,jij,時事通信,268,"９日、イラン北東部の聖地マシャドで、車両に乗せられた前最高指導者アリ・ハメネイ師のひつぎ（ＡＦＰ時事）
【カイロ時事】イランの前最高指導者アリ・ハメネイ師が10日未明（日本時間同日朝）、同国北東部の聖地マシャドにあるイマーム・レザー廟（びょう）に埋葬された。

　イラン国営テレビなどが伝えた。4日に始まった一連の国葬行事が終了する。

　国営メディアは、埋葬前の祈りをハメネイ師の長男で聖職者のモスタファ氏が主導したと報じた。一方、これまでの国葬行事で、最高指導者の座を継いだ次男モジタバ・ハメネイ師が姿を見せたかは確認されていない。",[],[]
6月の企業物価、7．1％上昇　3年3カ月ぶり上げ幅　日銀（時事通信）,https://news.yahoo.co.jp/articles/e113488dea78fb726893de2951d6080b12f2f750,https://newsatcl-pctr.c.yimg.jp/t/amd-img/20260710-00000029-jij-000-16-view.jpg?exp=10800,2026-07-10T08:57:51+09:00,2026-07-10T16:26:01+09:00,時事通信,jij,時事通信,396,"日銀本店＝東京都中央区（ＡＦＰ時事）
日銀が10日発表した6月の国内企業物価指数（速報値、2020年平均＝100）は135．4となり、前年同月比7．1％上昇した。

　中東情勢の混迷を受けた原材料価格の上昇が響き、非鉄金属や石油・石炭製品など幅広い品目が値上がりした。上げ幅は23年3月以来、3年3カ月ぶりの高水準となった。

　5月は6．6％の上昇だった。企業物価指数は、企業間で取引されるモノの価格を示す。調査対象となった515品目のうち418品目が上昇、81品目が下落した。

　品目別では、アルミなどの非鉄金属が39．2％の大幅上昇（前月は42．1％上昇）。石油・石炭製品は22．8％（同13．7％）、化学製品は14．4％（同14．3％）それぞれ上昇した。米国とイランが戦闘終結の覚書に署名したことで原油価格は下落したものの、政府の補助金が減額されたため、ガソリンなどが値上がりした。",[],[]
最新「GPT5．6」を一般提供　米オープンAI（時事通信）,https://news.yahoo.co.jp/articles/4f8fc4461a9bf884e877bb6253491f8964f36442,https://newsatcl-pctr.c.yimg.jp/t/amd-img/20260710-00000028-jij-000-9-view.jpg?exp=10800,2026-07-10T08:51:33+09:00,2026-07-10T16:26:29+09:00,時事通信,jij,時事通信,269,"チャットＧＰＴのロゴ（ＥＰＡ時事）
【シリコンバレー時事】対話型人工知能（AI）「チャットGPT」を手掛ける米オープンAIは9日、最新型のAIモデル「GPT5．6」の一般提供を開始した。

　同モデルは6月下旬、米政府の要請に基づき少数の企業や組織に限定して提供が始まっていた。

　GPT5．6シリーズは性能別に3種類のモデルで構成され、最上位の「ソル」は、チャットGPTの一部の有料利用者などがアクセスできる。ソルは一部の性能で、ライバルである米AI新興アンソロピックが開発したAIモデル「クロード・ミュトス5」を上回っているという。",[],[]
女性学び直し、家事・育児が障壁　男女参画白書、環境整備訴え（時事通信）,https://news.yahoo.co.jp/articles/bdfd7156c05952b1d2dc20dbd9d0eac83ace94ff,https://newsatcl-pctr.c.yimg.jp/t/amd-img/20260710-00000027-jij-000-6-view.jpg?exp=10800,2026-07-10T08:39:51+09:00,2026-07-10T10:00:56+09:00,時事通信,jij,時事通信,524,"閣議に臨む高市早苗首相（中央）ら＝１０日午前、首相官邸
政府は10日の閣議で、2026年版男女共同参画白書を決定した。

　人工知能（AI）など急速な技術革新を踏まえ「多様な学び直しがますます重要性を増してくる」と指摘。女性は男性に比べて家事・育児・介護の負担が学び直しの妨げになっていると分析し、環境整備が重要だと強調した。

　白書は昨年12月に内閣府が20～69歳の男女2万人を対象にインターネットで実施した意識調査の結果を紹介。仕事やキャリアに関する学び直しへの障壁を尋ねたところ、男女の格差が最も大きかったのは「家事・育児・介護が忙しくて時間がない」で、女性は14．6％、男性は7．2％だった。

　続いて差が大きかったのは「金銭的余裕がない」で、女性32．7％、男性25．4％。「何を学んでいいか分からない」も女性19．1％が男性13．9％より多く、逆に「仕事が忙しくて時間がない」は男性20．5％が女性17．2％を上回った。

　白書は男女の賃金格差に加え、家事・育児・介護の女性への偏りが学び直しへの障壁になっている可能性を指摘。オンライン講座の提供や無料託児サービスの充実、働き方改革の推進などが「障壁の解消につながる」と訴えた。",[],[]
岩井明愛、単独首位発進　西郷真央は初日3位―エビアン女子ゴルフ（時事通信）,https://news.yahoo.co.jp/articles/d4a420e992657ccf1fac10ffaad764a58a845286,https://newsatcl-pctr.c.yimg.jp/t/amd-img/default.jpg?exp=10800,2026-07-10T08:37:40+09:00,2026-07-10T09:32:56+09:00,時事通信,jij,時事通信,297,"【エビアン（フランス）時事】女子ゴルフの今季メジャー第4戦、アムンディ・エビアン選手権は9日、フランスのエビアン・リゾートGC（パー71）で開幕して第1ラウンドが行われ、岩井明愛がボギーなしの8バーディーで63をマークし、単独首位に立った。

　2打差の2位にペリーヌ・ドラクール（フランス）がつけた。

　日本勢は16人が出場し、西郷真央が66で回って岩井明と3打差の3位で発進。原英莉花は67で8位、2024年優勝の古江彩佳は68で15位、渋野日向子は69で20位。山下美夢有、西村優菜、佐久間朱莉、桑木志帆、岩井千怜、勝みなみは70で35位。80と崩れた畑岡奈紗は第2ラウンドを棄権した。",[],[]
宿泊施設、7割が人手不足　従業員の待遇改善を　観光白書（時事通信）,https://news.yahoo.co.jp/articles/d79c956e221612362ef65473250ff227fa582e66,https://newsatcl-pctr.c.yimg.jp/t/amd-img/20260710-00000025-jij-000-7-view.jpg?exp=10800,2026-07-10T08:35:30+09:00,2026-07-10T12:31:08+09:00,時事通信,jij,時事通信,310,"温泉街の町並み（資料）
観光庁は10日、2026年版観光白書を公表した。

　訪日客が増加する中、受け皿となる宿泊施設の7割が人手不足の状況にあるとの調査結果を示し、人材確保に向け、従業員の賃上げや待遇改善に取り組む必要があると強調した。

　調査は25年12月～26年1月に実施し、全国の522の宿泊施設から回答を得た。「人手不足の状況にある」と回答した施設は72．2％に上った。

　白書は、人手不足の背景に、従業員の賃金の低さや休日日数の少なさがあると指摘。対策として、客室稼働率が低い曜日を休館日とし、労働環境の改善や収益向上につなげている事例を紹介した。繁閑差を利用し、施設間で人材を補完し合う仕組みも挙げた。",[],[]
鈴木、2戦連続15号ソロ　米大リーグ（時事通信）,https://news.yahoo.co.jp/articles/eb516693c98018f1debb45995428a1154c35cc90,https://newsatcl-pctr.c.yimg.jp/t/amd-img/20260710-00000024-jij-000-9-view.jpg?exp=10800,2026-07-10T08:22:31+09:00,2026-07-10T16:26:11+09:00,時事通信,jij,時事通信,232,"オリオールズ戦の６回、本塁打を放つカブスの鈴木＝９日、ボルティモア（ＡＦＰ時事）
【ニューヨーク時事】米大リーグは9日、各地で行われ、カブスの鈴木はオリオールズ戦に3番右翼で出場し、六回に2試合連続となる15号ソロを放つなど4打数3安打2打点と活躍した。

　今季初盗塁もマークし、八回の守備から退いた。カブスは2―3で敗れた。

　パドレスの松井はダイヤモンドバックス戦の五回途中から救援し、1回を投げ1安打1失点。

　大谷らがいるドジャースは試合がなかった。",[],[]
台風9号、先島諸島ほぼ直撃へ　暴風大雨に厳重警戒　気象庁（時事通信）,https://news.yahoo.co.jp/articles/4545a7aa70c57fd2b8a26a546b54d96c574fbb5f,https://newsatcl-pctr.c.yimg.jp/t/amd-img/20260710-00000023-jij-000-21-view.jpg?exp=10800,2026-07-10T08:20:45+09:00,2026-07-10T13:44:16+09:00,時事通信,jij,時事通信,453,"台風９号の接近に備え、漁船を固定する台湾の漁師＝９日、基隆（ＥＰＡ時事）
大型で非常に強い台風9号は10日、沖縄の南海上を北上した。

　11日朝に石垣島など先島諸島をほぼ直撃するとみられ、気象庁は暴風や高波、高潮、大雨に厳重に警戒するよう呼び掛けている。風雨は10日から強まり、猛烈な風やしけの恐れがある。

　10日午前9時15分すぎには先島諸島・宮古島で最大瞬間風速22．4メートル、那覇市で同22．3メートルを観測した。9号は12日未明には中国大陸に上陸し、14日朝までに熱帯低気圧に変わる見込み。

　沖縄と奄美を発着する航空便は10日から11日にかけ、多数の欠航が予定される。

　9号は10日午前9時、宮古島の南南東約500キロの海上を時速20キロで北西へ進んだ。中心気圧は935ヘクトパスカル、最大風速45メートル、最大瞬間風速60メートル。北東側330キロ以内と南西側280キロ以内が風速25メートル以上の暴風域、北東側750キロ以内と南西側700キロ以内が風速15メートル以上の強風域。",[],[]
イングランドのクアンサー、2試合出場停止　準々決勝に出場できず―W杯サッカー（時事通信）,https://news.yahoo.co.jp/articles/79559a9a2c45f5912de71965b116937b2d6b8617,https://newsatcl-pctr.c.yimg.jp/t/amd-img/default.jpg?exp=10800,2026-07-10T08:11:38+09:00,2026-07-10T12:40:18+09:00,時事通信,jij,時事通信,428,"【マイアミ時事】国際サッカー連盟（FIFA）は9日、イングランドのDFクアンサーに2試合の出場停止を科すと発表した。

　5日の決勝トーナメント2回戦のメキシコ戦で、後半に危険なタックルにより一発退場となっていた。ノルウェーとの準々決勝（11日）に出場できず、チームが勝ち上がっても準決勝でプレーできない。

　今大会では、米国のFWバログンが決勝トーナメント1回戦でレッドカードを受けながら、処分が1年間の執行猶予となり、2回戦のベルギー戦に出場。トランプ米大統領がFIFAのインファンティノ会長に判定の見直しを求める連絡を入れたことも明らかになり、批判を呼んだ。

　英BBC放送（電子版）によると、イングランド・サッカー協会はFIFAに対し、クアンサーにレッドカードが示されるに至った判定の手続きについて意見を伝えた。審判がVARで検証する際、通常の速度の映像を見る前に静止画とスロー映像を見たため、判断に影響を与えた可能性があったと指摘したという。",[],[]
女子決勝はチェコ勢対決　ノスコバとムホバ―ウィンブルドンテニス（時事通信）,https://news.yahoo.co.jp/articles/249bb923a081ee30dc8cdfeed5d192130501a490,https://newsatcl-pctr.c.yimg.jp/t/amd-img/20260710-00000021-jij-000-7-view.jpg?exp=10800,2026-07-10T08:02:58+09:00,2026-07-10T16:26:10+09:00,時事通信,jij,時事通信,317,"女子シングルス準決勝、プレーするノスコバ＝９日、英ウィンブルドン（ＰＡ　Ｉｍａｇｅｓ時事）
【ウィンブルドン（英国）時事】テニスのウィンブルドン選手権は9日、ロンドン郊外のオールイングランド・クラブで行われ、女子シングルス準決勝で第9シードのリンダ・ノスコバと第10シードのカロリナ・ムホバが勝ち上がり、11日の決勝はチェコ勢対決に決まった。

　ともに四大大会初優勝が懸かる。

　ノスコバは第12シードのマルタ・コスチュク（ウクライナ）にストレート勝ち。ムホバは第7シードのコリ・ガウフ（米国）を6―2、1―6、7―6で破った。

　混合ダブルスはマルセロ・アレバロ（エルサルバドル）エレナ・オスタペンコ（ラトビア）組が優勝した。",[],[]
北朝鮮、偵察・情報収集能力を強化　党中央軍事委拡大会議（時事通信）,https://news.yahoo.co.jp/articles/ac42ba305e7d8add2129ad323085ba26a787bebb,https://newsatcl-pctr.c.yimg.jp/t/amd-img/20260710-00000020-jij-000-7-view.jpg?exp=10800,2026-07-10T07:52:07+09:00,2026-07-10T15:23:39+09:00,時事通信,jij,時事通信,266,"９日、北朝鮮の朝鮮労働党中央軍事委員会の拡大会議に出席した金正恩総書記（朝鮮通信・時事）
【ソウル時事】北朝鮮の朝鮮労働党中央軍事委員会の拡大会議が9日、金正恩総書記も出席して開かれた。

　会議では、軍の情報機関「偵察情報総局」の任務を拡大し、「偵察・情報収集能力を画期的に高める方策」が話し合われた。朝鮮中央通信が10日伝えた。

　偵察情報総局は昨年、北朝鮮メディアに初めて登場。かつての偵察総局が改編されたとみられている。韓国などに対するスパイ活動や世論工作、サイバー攻撃、要人暗殺、偵察衛星の運用などを担ってきたとされる。",[],[]
エムバペが先制ゴール　W杯サッカー・フランス―モロッコ（時事通信）,https://news.yahoo.co.jp/articles/51e881cbd04803ecbf9a219771244b27a5eac27a,https://newsatcl-pctr.c.yimg.jp/t/amd-img/20260710-00000019-jij-000-6-view.jpg?exp=10800,2026-07-10T07:40:30+09:00,2026-07-10T08:29:07+09:00,時事通信,jij,時事通信,228,"モロッコに勝利し、喜ぶエムバペ（中央）らフランスイレブン＝９日、米ボストン
フランスは前半、エムバペがPKを失敗するなど無得点。

　後半にゴールをこじ開けた。エムバペが個人技で決めて先制し、素早いパス回しからデンベレが追加点。主力を交代させながら、危なげなく逃げ切った。
【写真】前半、競り合うフランスのエムバペとモロッコのハヌス
モロッコは守備から攻撃にスムーズに転じられなかった。簡単にボールを奪われる場面が多く、組み立てに苦労。反撃も迫力を欠いた。",[],[]
元英中銀総裁ら起用　政策見直し作業部会　米FRB（時事通信）,https://news.yahoo.co.jp/articles/3198363f57aba5c8258ebd34646e12a88b89f23f,https://newsatcl-pctr.c.yimg.jp/t/amd-img/20260710-00000018-jij-000-8-view.jpg?exp=10800,2026-07-10T07:33:09+09:00,2026-07-10T11:00:45+09:00,時事通信,jij,時事通信,415,"キング元イングランド銀行（英中央銀行）総裁（ＡＦＰ時事）
【ワシントン時事】米連邦準備制度理事会（FRB）は9日、市場との対話手法など政策見直しを検討する5分野の作業部会の人選を公表した。

　ウォーシュ議長主導の取り組みで、各部会は外部有識者3人で構成。対話手法に関する部会では、キング元イングランド銀行（英中央銀行）総裁らが議論を進める。

　ウォーシュ氏は声明で、部会の狙いについて「政策立案者の手段、分析ツール、政策手法が改善できるかどうか慎重に検討する」と説明。FRBが目指す物価安定と雇用最大化を実現させるため「最善の体制を整える」と強調した。

　対話手法に関する部会の焦点は、FRB高官が3カ月ごとに示す政策金利見通しの廃止の是非。想定自体が役に立たないとして、ウォーシュ氏は先月の金融政策会合で自身の金利見通しを提示しなかった。キング氏も公表に否定的な見解を持っているとされ、撤廃の方向で議論が進む可能性がある。",[],[]
フランスが4強一番乗り　エムバペ8点目、モロッコを下す―W杯サッカー（時事通信）,https://news.yahoo.co.jp/articles/92c0ad3c1b1f5fd1cab17a58d1829fb9574ab228,https://newsatcl-pctr.c.yimg.jp/t/amd-img/20260710-00000017-jij-000-21-view.jpg?exp=10800,2026-07-10T07:20:07+09:00,2026-07-10T16:26:10+09:00,時事通信,jij,時事通信,304,"後半、先制ゴールを決めるフランスのエムバペ（中央）＝９日、米ボストン
【ボストン時事】サッカーのワールドカップ（W杯）北中米3カ国大会は9日、米マサチューセッツ州ボストン近郊で準々決勝の1試合が行われ、3度目の優勝を目指すフランスが前回4位のモロッコを2―0で下し、一番乗りで準決勝に進んだ。
【写真】後半、チーム2点目のゴールを喜ぶエムバペらフランスイレブン
4強入りは、優勝した2018年、準優勝の前回に続いて3大会連続。

　フランスは後半にエムバペのゴールで均衡を破り、デンベレが加点した。エムバペは今大会8点目でメッシ（アルゼンチン）とトップに並び、W杯通算でも最多のメッシに1差とする20得点目。",[],[]
注目のストライカー激突　ハーランドとケーン―W杯サッカー（時事通信）,https://news.yahoo.co.jp/articles/68afe2e67b3abd1078851159f38fb0cb2a15ebc5,https://newsatcl-pctr.c.yimg.jp/t/amd-img/20260710-00000016-jij-000-6-view.jpg?exp=10800,2026-07-10T07:05:47+09:00,2026-07-10T08:31:37+09:00,時事通信,jij,時事通信,667,"ブラジル戦で、ボールをキープするノルウェーのハーランド＝５日、ニューヨーク（ＡＦＰ時事）
欧州で活躍するストライカー同士が、11日（日本時間12日）の準々決勝でぶつかる。
【写真】コンゴ戦でゴールを決め、喜ぶイングランドのケーン
2回戦を終えて得点ランキング2位タイの7得点をマークしているノルウェーのハーランドと、それを1ゴール差で追うイングランドのケーン。世界最高峰の2人の対決に、大きな注目が集まっている。

　両チームの対戦は2014年の国際親善試合以来。当時は2人とも代表に選ばれていなかった。米フォックス・スポーツによると、両者はイングランド・プレミアリーグで2022～23年シーズンに2度、顔を合わせた。当時はハーランドがマンチェスター・シティー、ケーンがトットナムに所属。ハーランドの同点ゴールなどでマンチェスター・シティーが4―2で勝った後、トットナムのホームではケーンが決勝点を挙げ、1―0で雪辱した。

　決勝トーナメント2回戦で、ハーランドはブラジル相手に2ゴールをマークし、勝利の立役者となった。一方、ケーンは完全アウェーのメキシコ戦で味方のアシストだけでなく、PKをきっちり決めて8強に導いた。

　ハーランドが「みんなが一つになっている」と言えば、ケーンも「チームが勝つために自分ができることをやるだけ」。ともに個の力よりも、団結力を強調する。

　8得点のメッシ（アルゼンチン）をはじめ、「本命」の選手がゴールを量産している今大会。得点王となるには、勝ち上がることも重要になるだけに、注目の一戦となる。",[],[]
マンザンビ、ヤマルら存在感　最優秀若手選手は―W杯サッカー（時事通信）,https://news.yahoo.co.jp/articles/3e942bab57b49bd88fedf3d99e3311cae3556bbe,https://newsatcl-pctr.c.yimg.jp/t/amd-img/20260710-00000014-jij-000-8-view.jpg?exp=10800,2026-07-10T07:05:21+09:00,2026-07-10T12:38:44+09:00,時事通信,jij,時事通信,746,"アルジェリア戦でドリブルするスイスのマンザンビ＝２日、カナダ・バンクーバー
【マイアミ時事】ワールドカップ（W杯）は開幕から約1カ月が経過し、佳境を迎えつつある。
【写真】サウジアラビア戦で先制ゴールを決めたスペインのヤマル
選手表彰で注目される一つが、最も活躍した21歳以下（2005年1月1日以降生まれ）の選手が対象となる最優秀若手賞。直近3大会ではフランスのポグバとエムバペ、アルゼンチンのフェルナンデスが受賞した。

　これまでに存在感を示しているのが、スイスのMFマンザンビ（20）だ。豊富な運動量と判断力が強みで、的確な位置取りで攻撃の組み立てに関与。機を見てはゴール前に顔を出している。7日の決勝トーナメント2回戦はけがで欠場したが、それまでに3得点。自国開催だった1954年以来となる8強入りを果たしたチームを引っ張っている。

　スペインのヤマル（18）は攻撃の中心を担う。母国の名門バルセロナで背番号10を着ける神童には、相手も厳しい警戒を敷く。それを物ともせず、サイドからの鋭いドリブル突破で再三の好機を生み出している。同僚のセンターバック、クバルシ（19）も出色。6日のポルトガル戦では名手ロナルドを完封し、守備で抜群の安定感を見せた。

　モロッコには新星ブアディ（18）がいる。非凡なパスセンスで貢献。落ち着いたプレーには風格さえ漂うほどの司令塔だ。ワハビ監督は「現代的な選手で非常に賢明。一緒に仕事ができるのは喜びだ」と評価。決勝トーナメント2回戦までの4試合に先発出場した。

　フランスの攻撃の切り札となるFWドゥエ（21）や、初めて8強入りしたノルウェーで左ウイングを務めるヌサ（21）も迫力は十分。才能あふれる若い力が、史上最大規模の大舞台を彩っている。",[],[]
オウンゴール過去最多に　攻撃側は狙い通り？　―W杯サッカー（時事通信）,https://news.yahoo.co.jp/articles/93e9b2100378e52f27dd7b8535339d439cb4ba65,https://newsatcl-pctr.c.yimg.jp/t/amd-img/default.jpg?exp=10800,2026-07-10T07:05:21+09:00,2026-07-10T08:32:48+09:00,時事通信,jij,時事通信,595,"サッカーのワールドカップ（W杯）でオウンゴール（OG）が多発している。

　決勝トーナメント2回戦を終えた時点で14個。2018年ロシア大会の12個を上回って歴代最多となった。

　参加チームが48となり試合数が増加。国際連盟（FIFA）技術研究グループの6月29日の発表によると、1試合当たりの平均得点数も18、22年より増え、自然な流れとも言える。

　実力差のあるチームの対戦が増えたことも一因に挙げられる。初出場だったカボベルデ、ヨルダン、ウズベキスタンはそれぞれ1度ずつ、1次リーグB組最下位のカタールは2度、OGで失点。米ヤフー・スポーツは「格下のチームが、格上のセットプレーやカウンターを防ごうとして生まれている」と指摘した。

　米スポーツ報道サイト「ジ・アスレチック」は、選手のスピードが上がり、サイドの深い位置まで突破してクロスを入れる例が増えたと分析。実際、米国の2試合連続のOGによる得点は、ともにゴールライン際から中に入れたボールがきっかけ。「守備側は全力で戻る必要があり、当たってしまう。決して偶然ではない。ある程度は狙い通りだ」とした。

　FIFA技術研究グループによれば、今大会はサイドバックとセンターバックの間の背後を突くランニングが増加し、シュートやクロスにつながっている傾向がある。OGの増加は、守備の対応が難しくなっていることの表れでもあるだろう。",[],[]
「旅行とは違った体験」はいかが？　　農漁業体験施設が人気　被災地に広がる笑顔・宮城県石巻市雄勝町（時事通信）,https://news.yahoo.co.jp/articles/f36885445494cbee365000898819da4bcb015d1a,https://newsatcl-pctr.c.yimg.jp/t/amd-img/20260710-00000013-jij-000-9-view.jpg?exp=10800,2026-07-10T07:04:49+09:00,2026-07-10T08:00:57+09:00,時事通信,jij,時事通信,905,"モリウミアスの運営法人理事、油井元太郎さん＝２０２５年１２月、宮城県石巻市
東日本大震災で人口が4分の1以下に減少した宮城県石巻市雄勝町に、農業や漁業を体験できる施設「モリウミアス」がある。
【写真】廃校となった小学校を利用した農業・漁業体験施設「モリウミアス」
オープンから11年。これまでに利用した小中学生ら延べ約1万5000人の中にはリピーターも多く、子どもたちの間に「旅行とは違った体験ができる」と笑顔が広がる。

　2002年に閉校となった小学校を改修したモリウミアスは雄勝湾を見下ろす高台にあり、周囲には山もある。「循環する暮らし」をテーマの一つに掲げ、地元で捕れた魚を料理したり、森で集めたまきで風呂を沸かしたりする体験ができる。

　運営団体の理事、油井元太郎さん（51）によると、立ち上げのきっかけは大震災だった。11年3月、友人と現地入りしてボランティアをした。その後、平日は東京で働き、週末に雄勝町を訪れる日々の中、豊かな自然を生かし、「子どもが共同生活をして環境について学ぶ施設を作る」というアイデアを思いついた。

　油井さんの当時の勤務先だった子ども向け職業体験施設では、米作りなどの体験企画が人気で、都会の子どもは自然に触れる経験を喜ぶと感じていた。「全国から集まる教育拠点にすれば町の復興にもつながる」との思いもあったという。

　クラウドファンディングや被災地を支援する海外の基金を通じて資金を調達し、13年4月、築100年超の廃校の校舎を取得。協力を呼び掛けた住民やボランティア5000人以上とともに約2年3カ月かけて改修し、15年7月にオープンさせた。

　今年5月中旬、小2～中2の9人が施設に宿泊し、銀ザケの養殖場で餌やりをしたり、施設で飼育するニワトリに残飯を与えたりした。

　地元の銀ザケをさばき、まきでご飯を炊くなどして海鮮丼づくりにも挑戦。東京都の小学2年山下航さん（7）は「旅行とは違った体験ができた。また、来たい」と笑顔。3年ぶりに施設を利用したという横浜市の小学5年永瀬啓さん（10）は「森と海どちらでも遊べて楽しい。大好きな場所」と満足そうに話した。",[],[]
【図解】国旗損壊罪、対象なお不明確＝「著しく不快」に懸念集中（時事通信）,https://news.yahoo.co.jp/articles/a91948403fdacee4cd7c7ad3cb39ee662e5b140f,https://newsatcl-pctr.c.yimg.jp/t/amd-img/20260710-00000002-jij_graph-000-17-view.jpg?exp=10800,2026-07-10T07:04:24+09:00,2026-07-10T12:23:54+09:00,時事通信,jij,時事通信,55,"国旗損壊罪の具体例
日本の国旗を傷つける行為を禁じる国旗損壊処罰法案が9日の参院内閣委員会で実質審議入りした。",[],[]
国旗損壊罪、対象なお不明確　「著しく不快」に懸念集中（時事通信）,https://news.yahoo.co.jp/articles/a2c5071160b50581c1705df9eb1ff140790b2e35,https://newsatcl-pctr.c.yimg.jp/t/amd-img/20260710-00000012-jij-000-20-view.jpg?exp=10800,2026-07-10T07:04:04+09:00,2026-07-10T12:24:07+09:00,時事通信,jij,時事通信,890,"国旗損壊処罰法案が実質審議入りした参院内閣委員会で答弁する自民党の松野博一氏（中央）＝９日、国会内
日本の国旗を傷つける行為を禁じる国旗損壊処罰法案が9日の参院内閣委員会で実質審議入りした。
【ひと目でわかる】国旗損壊罪の具体例
与党は今国会中に成立させる方針だが、処罰対象となる行為はなお不明確だ。線引きが曖昧なままでは社会活動の萎縮を招きかねず、野党から批判が強まっている。

　自民、日本維新の会、国民民主、参政4党が提出した法案は、処罰対象を「著しく不快または嫌悪の情を催させる方法」による損壊と規定する。「著しく不快」について、法案提出者は「一般通常人を基準とし、社会通念に照らして判断する」と説明するが、具体的な基準は明確ではない。

　自民はストーカー規制法の条文を参考に法案を作成。「主観的だ」との指摘に対し「既存の法律にならった文言だ」などと反論してきた。ただ、同規制法の「著しく不快または嫌悪の情を催させる物の送付」を禁じた規定は、前段に「汚物、動物の死体その他の」といった例示があり、処罰対象がイメージしやすい。国旗損壊処罰法案にはそうした例示はない。

　自民の勝目康氏は9日の答弁で「国旗を損壊する方法はさまざまな態様が考えられ、例示を明記することはしていない」と説明した。立憲民主党の鬼木誠氏は「何が処罰対象になるのか分からない」と問題視。共産党の山添拓氏も「恣意（しい）的な判断によっていくらでも広がり得る」と懸念を示した。

　先の衆院審議で異論が噴出したため、与党側は具体例をまとめた資料を提示した。それによると「燃やす」「切り刻む」「勢いよく踏みつけて泥だらけにする」行為などが該当する一方、「新品の靴で踏み、何ら不潔にすることがない場合」は該当しないという。

　9日の審議では、この妥当性も問われた。自民の塩崎彰久氏は該当しない例について「それぐらいはいいと考えられるのではないか、という一つの整理だ」と訴えたが、立民の塩村文夏氏は「理解するのは難しい。古い靴でも汚れなければOKなのか、いろんな疑問が出てくる」と語り、溝は埋まらなかった。",[],[]
会期延長、「副首都」が左右　維新肝煎り法案、審議日程窮屈（時事通信）,https://news.yahoo.co.jp/articles/48623b28d6e13653052e91b8b212ef0cab2dade9,https://newsatcl-pctr.c.yimg.jp/t/amd-img/20260710-00000011-jij-000-4-view.jpg?exp=10800,2026-07-10T07:03:36+09:00,2026-07-10T07:32:21+09:00,時事通信,jij,時事通信,851,"記者会見する日本維新の会の吉村洋文代表（大阪府知事）＝９日午後、大阪府庁
与党が提出した「副首都」創設法案の審議が10日に再開される。

　日本維新の会は今国会中の成立を譲らない構え。14日の衆院通過が事実上の期限とみられており、質疑日程がずれ込めば会期延長になる可能性がある。
【ひと目でわかる】「大阪都構想」を巡る経緯と主な日程
法案は大規模災害時に首都機能を代替する区域の整備が柱。「大阪都」構想の住民投票を府全域で行えるようにする付則の規定は削除されたものの、維新には党の命運を懸けて来春実施を目指す住民投票に向けて弾みをつける思惑がある。

　衆院の地域活性化などに関する特別委員会は9日の理事懇談会で、10日に与党から法案の内容を改めて説明し、国民民主党が提出した対案の趣旨説明も行うことを決めた。

　6月30日に与党が審議入りを強行し、今月1日も野党が欠席する中で質疑を続行。その後、皇室典範改正案の審議を優先するため中断となった。挽回を図る与党は週明けの13日に質疑を始め、14日に採決までこぎ着け、同日の衆院本会議に緊急上程して可決する段取りを描く。

　今国会の会期末は17日。与党の想定から1日でも遅れれば成立が間に合わなくなる計算で、その際の対応について自民党参院幹部は「会期延長が必要になる」と明言した。

　自民は国会を正常化させるため、高市早苗首相が出席する予算委員会集中審議の実施を野党に約束した。ただ、日程協議は進んでおらず、中道改革連合幹部は「首相の出方次第で国会はまた空転する」とけん制した。

　与党は参院で過半数を持たないため、対案を出した国民民主の対応も焦点となる。

　同党案は道府県から政令市に権限や財源を移す「特別市」制度を導入する法案と、地方選と住民投票の同日選を禁止する法案の二本立て。与党に修正協議を求めているが、維新の吉村洋文代表は9日の記者会見で「特別市」に慎重な立場を示した。与党はチームみらいなどの賛同を得るため水面下で働き掛けている。",[],[]
「嫌い」の感情、仕組み解明　マウスで、神経回路が変化　東大（時事通信）,https://news.yahoo.co.jp/articles/fa8bb67c6a8c2f9a61cddb17936a990f3fc7a6dd,https://newsatcl-pctr.c.yimg.jp/t/amd-img/20260710-00000010-jij-000-12-view.jpg?exp=10800,2026-07-10T07:02:59+09:00,2026-07-10T08:04:14+09:00,時事通信,jij,時事通信,593,"攻撃するマウス（左）と身を守ろうとするマウス（藤原英史さん撮影）
親しかった相手から突然攻撃を受けると、「嫌い」という感情が脳内でどのように生じるのか。

　東京大の研究グループが、特定の相手に対する感情の変化は神経回路の変化によってもたらされることをマウス実験で解明した。将来的には、うつ病など対人関係に関わる疾患の解明や新たな治療法の開発につながる可能性があるという。論文は10日、米科学誌サイエンス電子版に掲載された。

　奥山輝大教授らの研究グループは、対象のマウスに2匹のマウスを覚えさせた上で、片方だけを攻撃的な個体に人為的に変化させた。対象マウスは、攻撃してきた相手だけを避けるようになり、この前後に脳内でどのような変化が起きているかを調べた。

　その結果、記憶を担う海馬内の一部領域と、感情をつかさどる、へんとう体を結ぶ神経細胞同士の結合が強まっていることが判明。光を当てて神経細胞の活動を制御する技術を用いてこの結合を弱めたところ、攻撃相手を避ける行動は見られなくなった。

　また、同じ技術などで特定の相手を記憶する神経細胞と、恐怖に関わる神経細胞を同時に刺激したところ、本来嫌っていなかった相手に嫌悪感情を持つようになった。

　奥山教授は「現代はSNSで見知らぬ相手から攻撃され、うつ状態になる人もいる。神経メカニズムの理解は社会的な需要がある」と話している。",[],[]
アッバス氏、11月にパレスチナ議会選　20年ぶり、実現は不透明（時事通信）,https://news.yahoo.co.jp/articles/ced443b511349a0a89d64e0d8edcfb89ba84c58f,https://newsatcl-pctr.c.yimg.jp/t/amd-img/20260710-00000009-jij-000-9-view.jpg?exp=10800,2026-07-10T06:58:34+09:00,2026-07-10T12:40:16+09:00,時事通信,jij,時事通信,504,"パレスチナ自治政府のアッバス議長＝５月１４日、ヨルダン川西岸（ＥＰＡ時事）
【カイロ時事】パレスチナ自治政府のアッバス議長は9日、評議会（議会）選挙を11月28日に実施する議長令を出した。

　パレスチナ通信が伝えた。実施されれば2006年以来、20年ぶり。しかし、ハードルは高く実現するかは不透明だ。

　議長令では、ヨルダン川西岸の自治区とガザ、イスラエルが一方的に併合を宣言した東エルサレムに住むパレスチナ人に投票を呼び掛けている。ただ、21年に予定されていた評議会選はイスラエルが東エルサレムでの投票を認めなかったため延期。今年4月の地方議会選は、東エルサレムでの投票実施が見送られた。

　前回06年の評議会選ではイスラム組織ハマスが大勝した。パレスチナ解放機構（PLO）主流派ファタハとの抗争に発展し、ハマスは翌年にガザを実効支配。自治区はヨルダン川西岸とガザに分断される形となった。

　それ以降、評議会は事実上機能を停止。さらに直接選挙制の議長選も05年から実施されておらず、トップにとどまり続けるアッバス氏の正統性を疑う声は根深い。欧州やアラブ諸国などは選挙実施を含む組織改革を求めている。",[],[]
NY円、162円台前半（時事通信）,https://news.yahoo.co.jp/articles/28c7750da0773a1b1dbff55fc2592fa0a7356c44,https://newsatcl-pctr.c.yimg.jp/t/amd-img/default.jpg?exp=10800,2026-07-10T06:49:29+09:00,2026-07-10T07:03:16+09:00,時事通信,jij,時事通信,116,"【ニューヨーク時事】9日のニューヨーク外国為替市場では、米イラン情勢の緊迫化を受けた「有事のドル買い」が一服し、円相場は1ドル＝162円台前半に上昇した。

　午後5時現在は162円33～43銭と、前日同時刻比25銭の円高・ドル安。",[],[]
小田凱人ペアが決勝進出　ウィンブルドンテニス車いす（時事通信）,https://news.yahoo.co.jp/articles/96b3656906bd1ece7d008cfa18bc5400f5bfccb3,https://newsatcl-pctr.c.yimg.jp/t/amd-img/default.jpg?exp=10800,2026-07-10T06:44:32+09:00,2026-07-10T12:39:43+09:00,時事通信,jij,時事通信,191,"【ウィンブルドン（英国）時事】テニスのウィンブルドン選手権車いす部門は9日、ロンドン郊外のオールイングランド・クラブで行われ、ダブルス準決勝で、男子は小田凱人（東海理化）グスタボ・フェルナンデス（アルゼンチン）組がマルティン・デラプエンテ（スペイン）ルベン・スパーガレン（オランダ）組をストレートで退けて決勝に進んだ。

　女子は上地結衣（三井住友銀行）朱珍珍（中国）組が決勝進出。",[],[]
【図解】ロシア教育相が択捉島訪問＝閣僚は2年ぶり（時事通信）,https://news.yahoo.co.jp/articles/bda0949ecc485f23e0f003de93f323acb90e9d59,https://newsatcl-pctr.c.yimg.jp/t/amd-img/20260710-00000001-jij_graph-000-7-view.jpg?exp=10800,2026-07-10T06:38:24+09:00,2026-07-10T12:40:03+09:00,時事通信,jij,時事通信,35,"北方領土
ロシアのクラフツォフ教育相が7日、北方領土の択捉島を訪れた。",[],[]
【図解】「末永くベネズエラに思いを」＝駐日大使、支援に謝意（時事通信）,https://news.yahoo.co.jp/articles/68d31b81aed7716b927166cc975558cab2d8eb8b,https://newsatcl-pctr.c.yimg.jp/t/amd-img/20260710-00000000-jij_graph-000-8-view.jpg?exp=10800,2026-07-10T06:36:58+09:00,2026-07-10T16:26:01+09:00,時事通信,jij,時事通信,61,"ベネズエラ
南米ベネズエラで6月24日に発生した大地震を受け、在日大使館が主催する復興イベントが9日、東京都内で開かれた。",[],[]
〔NY外為〕円、162円台前半（9日）（時事通信）,https://news.yahoo.co.jp/articles/a2829ef778dcdc546aa2b80abe8b07facf50f561,https://newsatcl-pctr.c.yimg.jp/t/amd-img/default.jpg?exp=10800,2026-07-10T06:30:26+09:00,2026-07-10T07:26:33+09:00,時事通信,jij,時事通信,517,"【ニューヨーク時事】9日のニューヨーク外国為替市場では、米イラン情勢の緊迫化を受けた「有事のドル買い」が一服し、円相場は1ドル＝162円台前半に上昇した。午後5時現在は162円33～43銭と、前日同時刻（162円58～68銭）比25銭の円高・ドル安。
　トランプ米大統領は8日、今週再燃した米イラン間の攻撃の応酬について、短期間で収束するとの見方を示した。市場の不安が後退して原油先物価格や米長期金利がやや低下し、円買い・ドル売りが優勢となった。日本政府が日銀の金融政策に介入するとの懸念が和らいだことも円買いを下支えした。
　ただ、中東情勢を巡る先行き不透明感は根強く、取引を一方向に傾ける動きは限られた。円は一時162円26銭まで上昇したが、取引終盤にかけて押し戻された。
　米連邦準備制度理事会（FRB）の利上げ観測はこの日、やや低下。米財務省が同日実施した30年債入札では強い需要が確認され、債券買い（利回りは低下）が加速した。
　ユーロは同時刻現在、対ドルで1ユーロ＝1．1425～1435ドル（前日午後5時は1．1410～1420ドル）、対円では同185円50～60銭（同185円57～67銭）と、07銭の円高・ユーロ安。",[],[]
ニュースワード「付審判請求」（時事通信）,https://news.yahoo.co.jp/articles/c1990d234f7827ee3d703e3c4e440ad007403fc2,https://newsatcl-pctr.c.yimg.jp/t/amd-img/default.jpg?exp=10800,2026-07-10T06:26:43+09:00,2026-07-10T06:28:19+09:00,時事通信,jij,時事通信,202,付審判請求　公務員の職権乱用や暴行陵虐の罪について、告訴・告発人が不起訴処分に不服がある場合、管轄する裁判所に刑事裁判を開くよう請求することができる制度。「準起訴手続き」とも呼ばれ、裁判所が請求を認め決定すると、起訴と同じ効力が生じる。公判では裁判所が指定した弁護士が検察官役を務める。最高裁によると、1951年以降、付審判決定により判決が確定した事件は22件あり、有罪9件、無罪12件、免訴1件だった。,[],[]
元特捜部の被告検事、無罪主張　「検察なめんなよ」、陵虐か争点　横領事件取り調べで・大阪地裁初公判（時事通信）,https://news.yahoo.co.jp/articles/92c08b9d18387de8afc104847d049163e2c82997,https://newsatcl-pctr.c.yimg.jp/t/amd-img/20260710-00000006-jij-000-23-view.jpg?exp=10800,2026-07-10T06:20:36+09:00,2026-07-10T17:06:59+09:00,時事通信,jij,時事通信,931,"プレサンスコーポレーション山岸忍元社長の部下だった男性を取り調べる大阪地検特捜部（当時）の田渕大輔検事（右）（元社長の弁護団提供の動画より）
大阪地検特捜部の業務上横領事件の捜査で2019年、「検察なめんなよ」などと罵倒し違法な取り調べをしたとして、特別公務員暴行陵虐罪で審判に付された元担当検事、田渕大輔被告（54）＝現東京高検＝の初公判が10日、大阪地裁（大森直子裁判長）であった。

　被告は罪状認否で「陵虐の意図はなく、罪は成立しない」と述べ、無罪を主張した。

　現職検事が付審判請求を受けて刑事被告人として法廷で裁かれるのは初めて。言動が精神的苦痛を与える陵虐行為に当たるかが主な争点となる。

　検察官役の指定弁護士は冒頭陳述で、被告が問題の取り調べ前日にも机をたたき「なめんじゃねえよ」と怒鳴っていたと指摘し、犯行状況として取り調べでの言動を詳述。上司の副部長は録音録画した取り調べの様子を確認したが問題視せず、捜査が適切かどうかチェックする総括審査検察官2人も「自白の任意性を損なうものではない」と判断し、最終的に軽い措置の口頭注意で済まされたと明らかにした。

　付審判は、学校法人「明浄学院」を巡る事件で無罪が確定した不動産会社「プレサンスコーポレーション」の山岸忍元社長（63）が申し立てた。大阪地裁に退けられたが、大阪高裁が24年8月、「意に沿う供述を無理強いしようとし、虚偽供述を誘発する危険性があった」として請求を認める決定をした。

　高裁決定によると、田渕被告は19年12月8日、山岸元社長の部下で幹部だった男性（61）を逮捕し取り調べた際、机をたたき、「起訴するかしないかは、もう確定してるから」「検察なめんなよ」などと罵倒。翌9日も「会社の評判をおとしめた大罪人」などと脅迫し陵虐したとされる。

　男性が認める供述をしたことなどから、元社長は同16日に逮捕された。

　検事の取り調べを巡っては、東京地検特捜部が捜査した太陽光発電関連会社「テクノシステム」の詐欺事件でも、同社社長に「黙秘を人のせいにするな」などと怒鳴ったとして、東京地裁が今年6月、担当した堀木博司検事（57）＝現大阪高検＝を同罪で審判に付す決定をした。",[],[]
「トランプ空港」誕生　改称手続きに9億円　米フロリダ州（時事通信）,https://news.yahoo.co.jp/articles/8d7ab71534681f0b668d50ba8d1afa96fba75529,https://newsatcl-pctr.c.yimg.jp/t/amd-img/20260710-00000005-jij-000-10-view.jpg?exp=10800,2026-07-10T06:13:22+09:00,2026-07-10T16:25:43+09:00,時事通信,jij,時事通信,414,"「ドナルド・Ｊ・トランプ大統領国際空港」を示す案内標識＝９日、米南部フロリダ州パームビーチ（ＡＦＰ時事）
【ニューヨーク時事】米南部フロリダ州のパームビーチ国際空港が9日、「ドナルド・J・トランプ大統領国際空港」に正式に改称された。

　同空港はトランプ大統領の私邸「マールアラーゴ」の最寄り空港で、同州議会の共和党議員らが提出した改称法案が3月に成立していた。

　9日早朝、名称変更後初めて同空港に着陸したのは次男エリック氏の乗ったトランプ一族の専用機。エリック氏はFOXニュースに対し「家族にとって信じられないほど特別な瞬間」と語った。トランプ氏は同日夜、自身のSNSに「この空港は間もなく、最も偉大で壮大な空港の一つになるだろう」と投稿し、法案成立に謝意を示した。

　案内標識などは順次変更され、同空港は改称にかかる費用を約550万ドル（約9億円）と見積もっている。空港コードは8月18日に「DJT」に変更される予定。",[],[]
ロシア教育相が択捉島訪問　閣僚は2年ぶり（時事通信）,https://news.yahoo.co.jp/articles/f9b0dfcbb479567f6338238093fbc8dc192e5499,https://newsatcl-pctr.c.yimg.jp/t/amd-img/20260710-00000004-jij-000-11-view.jpg?exp=10800,2026-07-10T06:03:42+09:00,2026-07-10T12:39:56+09:00,時事通信,jij,時事通信,244,"ロシアのクラフツォフ教育相＝２０２３年８月、モスクワ（ＡＦＰ時事）
ロシアのクラフツォフ教育相が7日、北方領土の択捉島を訪れた。

　在ロシア日本大使館が9日に明らかにした。同大使館によると、ロシア閣僚の北方領土訪問は2024年7月のトルトネフ副首相以来2年ぶりとみられる。
【ひと目でわかる】北方領土
日本外務省は8日、在日ロシア大使館に対し「ロシアにより不法占拠されている北方四島へのロシア側要人の訪問は、領土問題に関するわが国の立場と反するものであり、受け入れられない」と抗議した。",[],[]
〔米株式〕ダウ3日ぶり反発、139ドル高＝ナスダックも高い（9日）☆差替（時事通信）,https://news.yahoo.co.jp/articles/c8000340552f4b89e284f4abf3c2bd02b70c067a,https://newsatcl-pctr.c.yimg.jp/t/amd-img/default.jpg?exp=10800,2026-07-10T06:00:25+09:00,2026-07-10T06:26:31+09:00,時事通信,jij,時事通信,756,"【ニューヨーク時事】9日のニューヨーク株式相場は、原油相場安が好感されて3営業日ぶりに反発した。優良株で構成するダウ工業株30種平均は前日終値比139．02ドル高の5万2487．41ドルで終了。ハイテク株中心のナスダック総合指数は336．24ポイント高の2万6206．89で引けた。
　ニューヨーク証券取引所の出来高は前日比1億3137万株減の11億0332万株。
　中東情勢を巡る先行き不透明感がなおも強いもののの、ニューヨーク商業取引所（NYMEX）の原油先物相場は反落。米国産標準油種WTIは前日比1．96％安の1バレル＝72．08ドルで引けた。米長期金利も低下し、株価を下支えした。
　この日は半導体銘柄などに買いが入った。人工知能（AI）関連の半導体メモリー需要が急増する中、投資拡大計画を発表したマイクロン・テクノロジーは4．5％上伸した。
　また日系証券筋は、10日に米市場に上場予定の韓国のSKハイニックスの米国預託証券（ADR）に対して、投資家から強い需要が集まっていると報じられたことも、地合いの改善につながったと分析した。
　イランによる商船攻撃への報復として、米軍は7日に続き、8日もイランの軍事関連インフラなどを攻撃した。これを受け、原油輸送の要衝ホルムズ海峡の全面再開への期待は後退。ただ、トランプ米大統領は8日、イランとの衝突は「ごく短期間で終わるだろう」と強調、事態のエスカレートを望まない意向を示唆した。
　そのほかの個別銘柄では金融株が堅調で、アメリカン・エキスプレス（アメックス）は3％超高。ゴールドマン・サックスは2．6％高、JPモルガン・チェースは1．5％高。
　一方で、セールスフォースは2．5％安、IBMは2．2％安と下げが目立った。エヌビディアは0．7％安だった。",[],[]
スギHD、第三者割当増資で160億円調達（時事通信）,https://news.yahoo.co.jp/articles/70ffef91ecde29bc765ba7925ab4ac08f7a409e1,https://newsatcl-pctr.c.yimg.jp/t/amd-img/default.jpg?exp=10800,2026-07-10T06:00:21+09:00,2026-07-10T06:03:44+09:00,時事通信,jij,時事通信,206,"スギホールディングス（HD）
<7649>
は9日、シンガポール政府投資公社（GIC）を引受先とした第三者割当増資を実施すると発表した。株式508万2000株を1株3195円で発行する。資金調達額は160億843万9600円。調達資金は新規出店や既存店舗の改装に約40億円、デジタルトランスフォーメーション（DX）や人工知能（AI）関連投資に約80億円、戦略的投資やM＆A（合併・買収）に約40億円を充てる方針。",[],[]
〔決算〕スギHD、3～5月期は増収減益（時事通信）,https://news.yahoo.co.jp/articles/27d25bffddbaeddfad83a8db76ad262637ea2d0d,https://newsatcl-pctr.c.yimg.jp/t/amd-img/default.jpg?exp=10800,2026-07-10T06:00:21+09:00,2026-07-10T06:03:44+09:00,時事通信,jij,時事通信,154,"スギホールディングス（HD）
<7649>
＝2026年3～5月期連結決算は増収増益だった。売上高は前期比10．1％増の2701億円で、純利益は同67．5％減の69億0100万円。健康関連商品などの売り上げは堅調だったが、前年同期にI＆H買収により、税務上の繰延税金資産を追加計上した反動で大幅減益となった。",[],[]
皇室典範改正案、衆院を通過　中道賛成、今国会成立の公算（時事通信）,https://news.yahoo.co.jp/articles/5b588216c330c5226945a95d0efc9fb728dbbaef,https://newsatcl-pctr.c.yimg.jp/t/amd-img/20260710-00000003-jij-000-16-view.jpg?exp=10800,2026-07-10T05:57:59+09:00,2026-07-10T17:41:25+09:00,時事通信,jij,時事通信,568,"皇室典範改正案が可決された衆院本会議＝１０日午後、国会内
皇族数の確保策を盛り込んだ皇室典範改正案は10日午後の衆院本会議で可決され、参院に送付された。

　中道改革連合が同日、賛成を決定。与党に加えて国民民主、参政両党も賛成した。参院の審議を経て、今国会中に成立する公算が大きい。

　これに先立ち、改正案は午前の衆院議院運営委員会で木原稔官房長官が趣旨説明を行い、審議入りした。自民党の小林鷹之政調会長は、養子の子の皇位継承権についてただした。木原氏は「男子の場合は皇位継承資格を有する」と明言した。

　中道の中野洋昌幹事長代行は、与野党の「全体会議」で皇位継承は議論の対象ではなかったと指摘した。木原氏は「立法府の将来の検討を先取りしたり、縛ったりするものではない」と釈明。将来の見直しを求める付帯決議に触れ「趣旨を尊重して対応すべきことは当然だ」と述べた。

　日本維新の会の藤田文武共同代表は、養子対象年齢を15歳以上とした規定に改めて懸念を表明。国民民主の玉木雄一郎代表は「（改正案を巡り）世論が分断している状況は極めて憂慮すべきだ」と述べた。

　質疑終局後、改正案は可決され、本会議に緊急上程。議運委では、将来の見直しに当たっては養子入りした旧宮家男系男子を取り巻く環境などを勘案することを求める付帯決議が採択された。",[],[]
「末永くベネズエラに思いを」　駐日大使、支援に謝意（時事通信）,https://news.yahoo.co.jp/articles/5d867e7696c91cff08b25268c518629a9b7c3112,https://newsatcl-pctr.c.yimg.jp/t/amd-img/20260710-00000002-jij-000-13-view.jpg?exp=10800,2026-07-10T05:47:33+09:00,2026-07-10T16:25:40+09:00,時事通信,jij,時事通信,439,"ベネズエラ復興イベントであいさつするイシカワ駐日大使（右）＝９日、東京・丸の内の東京会館
南米ベネズエラで6月24日に発生した大地震を受け、在日大使館が主催する復興イベントが9日、東京都内で開かれた。

　イシカワ大使は「日本ほど（地震からの）復興のプロセスとその難しさを知っている国はない」とした上で、「今後も末永くベネズエラに思いを寄せていただければ」と継続的な支援を訴えた。

　同国政府によると、地震による死者は8日までに3900人近くに達し、負傷者は1万6000人を超えた。大使館には日本の企業や団体から2500万円を超える募金の申し出があったといい、イシカワ氏は「困難な時に、日本政府や企業の皆さまから迅速かつ温かい支援をいただいた。大きな励ましとなった」と謝意を表明した。

　イベントには今年3月のワールド・ベースボール・クラシック（WBC）で同国の初優勝に貢献したオリックスのマチャド投手も参加。「ベネズエラには困難を乗り越える団結の力がある」と復興を誓った。",[],[]
NY株反発、139ドル高　原油安好感、ナスダックも上昇（時事通信）,https://news.yahoo.co.jp/articles/3863cb5a37b9874556e7d309890bec6d1c79e8ab,https://newsatcl-pctr.c.yimg.jp/t/amd-img/default.jpg?exp=10800,2026-07-10T05:38:49+09:00,2026-07-10T16:25:23+09:00,時事通信,jij,時事通信,257,"【ニューヨーク時事】9日のニューヨーク株式相場は、原油価格の下落が好感されて3営業日ぶりに反発した。

　優良株で構成するダウ工業株30種平均は前日終値比139．02ドル高の5万2487．41ドルで終了。ハイテク株中心のナスダック総合指数は336．24ポイント高の2万6206．89で引けた。

　中東情勢を巡る先行き不透明感が根強いものの、ニューヨーク商業取引所（NYMEX）の原油先物相場は反落。米国産標準油種WTIは前日比1．96％安の1バレル＝72．08ドルで引けた。米長期金利も低下し、株価を下支えした。",[],[]
〔米株式〕ダウ3日ぶり反発、139ドル高＝ナスダックも高い（9日）（時事通信）,https://news.yahoo.co.jp/articles/4b6a42fdb432504c3247b0e6777f9c571a23f2c2,https://newsatcl-pctr.c.yimg.jp/t/amd-img/default.jpg?exp=10800,2026-07-10T05:30:19+09:00,2026-07-10T05:34:01+09:00,時事通信,jij,時事通信,146,【ニューヨーク時事】9日のニューヨーク株式相場は、原油相場安が好感されて3営業日ぶりに反発した。優良株で構成するダウ工業株30種平均は前日終値比139．02ドル高の5万2487．41ドル（暫定値）で終了。ハイテク株中心のナスダック総合指数は336．24ポイント高の2万6206．89で引けた。,[],[]
首相動静（7月9日）（時事通信）,https://news.yahoo.co.jp/articles/fca878e51a208af48835c6420032b27207449983,https://newsatcl-pctr.c.yimg.jp/t/amd-img/default.jpg?exp=10800,2026-07-10T05:00:30+09:00,2026-07-10T05:00:30+09:00,時事通信,jij,時事通信,186,"午前8時現在、公邸。
　同11時6分、公邸発。同8分、官邸着。
　午後2時3分から同31分まで、原和也内閣情報官。
　同2時50分から同58分まで、市川恵一国家安全保障局長、外務省の船越健裕事務次官、岩本桂一中東アフリカ局長。同59分から同3時15分まで、市川氏、外務省の船越氏、北川克郎欧州局長。
　同5時51分、官邸発。同52分、公邸着。
　同10時現在、公邸。（了）",[],[]
ニュースワード「エボラ出血熱」（時事通信）,https://news.yahoo.co.jp/articles/01dcf53a8085bf65021352df3804a34868212dea,https://newsatcl-pctr.c.yimg.jp/t/amd-img/default.jpg?exp=10800,2026-07-10T04:33:35+09:00,2026-07-10T04:33:35+09:00,時事通信,jij,時事通信,234,"エボラウイルスが引き起こす致死率の高い感染症。オオコウモリなどが感染源とされ、感染者の血液や体液との接触により、発熱や頭痛、吐き気を発症する。進行すると意識障害などに陥り、死に至る。潜伏期間は2～21日で、致死率は90％に達することもある。
　世界保健機関（WHO）は5月、アフリカ中部コンゴ（旧ザイール）と隣国ウガンダで感染が拡大しているとして、「国際的に懸念される公衆衛生上の緊急事態」を宣言。WHOによると、7月初めの時点で1406人が感染、438人が死亡した。",[],[]
〔欧州株式〕おおむね上昇＝英0．16％安、独0．89％高（9日）（時事通信）,https://news.yahoo.co.jp/articles/3b0986398b03a65790b8675445b232bc66022c63,https://newsatcl-pctr.c.yimg.jp/t/amd-img/default.jpg?exp=10800,2026-07-10T02:30:15+09:00,2026-07-10T02:33:42+09:00,時事通信,jij,時事通信,295,"【ブリュッセル時事】9日の欧州株式市場はおおむね上昇した。英FT100種平均株価指数（FTSE100）は前日終値比16．59ポイント（0．16％）安の1万0472．45で引けた。
　ドイツ主要40銘柄指数（DAX）は0．89％高、フランスCAC40種指数は0．90％高、ストックス欧州600指数は0．78％高だった。
　中国が自国の人工知能（AI）企業に米エヌビディア製半導体への限定的なアクセスを認める可能性があるとの報道を受け、ハイテク株が買われた。英国市場では、神経疾患治療薬の臨床試験が望ましい結果とならなかった製薬大手アストラゼネカが急落し、FTSE100は小幅安で取引を終えた。",[],[]
