headline,mainEntityOfPage,image,datePublished,dateModified,author,media_en,media_jp,str_count,body,images,external_links
参院、英語表記を変更　「Senate」に（共同通信）,https://news.yahoo.co.jp/articles/8c4f89fbb327c6d019daca08f984fb7381c991c9,https://newsatcl-pctr.c.yimg.jp/t/amd-img/default.jpg?exp=10800,2026-07-23T23:47:46+09:00,2026-07-24T00:05:04+09:00,共同通信,kyodonews,共同通信,272,"参院議院運営委員会は23日の理事会で、参院の英語表記を「House　of　Councillors」から「Senate」へ変更すると決めた。参院議員は「Senator」と表記する。政府に公文書の英語表記を改めるよう要請し、参院議員の公用旅券の記載や参院のウェブサイトなども順次変更する。

　参院事務局によると、諸外国では二院制の上院を古代ローマの元老院に由来する「Senate」と表記する例が多いという。評議員を意味する「councillor」だと、国政選挙で選ばれた議員による議会とは理解されにくいとの意見が出ていたため、対応を協議していた。",[],[]
比、南シナ海問題で要請か　米大統領と電話会談（共同通信）,https://news.yahoo.co.jp/articles/acd27514cd935c074e17b7a9494ca9ed4a4b53a6,https://newsatcl-pctr.c.yimg.jp/t/amd-img/20260723-00000266-kyodonews-000-3-view.jpg?exp=10800,2026-07-23T23:40:35+09:00,2026-07-23T23:57:22+09:00,共同通信,kyodonews,共同通信,212,"フィリピンのマルコス大統領＝10日、マニラ（共同）
【マニラ共同】フィリピン大統領府は23日、マルコス大統領がトランプ米大統領と電話会談し、安全保障分野などで協議したと発表した。マルコス氏はトランプ氏に、中国と対立する南シナ海問題を、米中首脳会談での議題とするよう要請したとみられる。

　トランプ氏は、フィリピンの懸念を中国の習近平国家主席に伝えると約束したという。米中は9月に米国で首脳会談を開催する方向で調整している。",[],[]
千葉玲海菜がユベントスへ　サッカー女子日本代表MF（共同通信）,https://news.yahoo.co.jp/articles/4d74da46eb8b7a64f0dc18cafdd5b453b0b65e3a,https://newsatcl-pctr.c.yimg.jp/t/amd-img/default.jpg?exp=10800,2026-07-23T23:31:36+09:00,2026-07-23T23:56:55+09:00,共同通信,kyodonews,共同通信,160,"サッカー女子イタリア1部リーグのユベントスは23日、日本代表「なでしこジャパン」のMF千葉玲海菜（27）の加入を発表した。契約は2028年6月まで。

　千葉は福島県出身で静岡・藤枝順心高、筑波大を経て、WEリーグの千葉でプレー。24年1月にアイントラハト・フランクフルト（ドイツ）に移籍し、今夏に退団していた。（共同）",[],[]
比、南シナ海問題でトランプ氏に要請か（共同通信）,https://news.yahoo.co.jp/articles/d22f997cd475e451d5b6cd35c2dcdbbc6066e9f5,https://newsatcl-pctr.c.yimg.jp/t/amd-img/default.jpg?exp=10800,2026-07-23T23:20:05+09:00,2026-07-23T23:37:05+09:00,共同通信,kyodonews,共同通信,109,【マニラ共同】フィリピン大統領府は23日、マルコス大統領がトランプ米大統領と電話会談し、安全保障分野などで協議したと発表した。マルコス氏は中国と対立する南シナ海の問題を、米中首脳会談で議題にするよう要請したとみられる。,[],[]
最低賃金、75円の増額要求　労働者側、全国平均時給（共同通信）,https://news.yahoo.co.jp/articles/2205ec6d359c987a9db65a26206a8733e4633a87,https://newsatcl-pctr.c.yimg.jp/t/amd-img/20260723-00000263-kyodonews-000-3-view.jpg?exp=10800,2026-07-23T23:08:03+09:00,2026-07-23T23:24:53+09:00,共同通信,kyodonews,共同通信,336,"最低賃金の全国平均と引き上げ幅の推移
最低賃金（時給）の2026年度改定額の目安を決める国の審議会は23日、東京都内で4回目の小委員会を開いた。労働者側の委員は、現行の全国平均1121円を75円引き上げるよう要求した。会合後、連合の委員が記者団に明らかにした。経営者側の認識とは隔たりがあり、結論を持ち越した。次回の小委員会は27日に開く。

　政府が21日決定した経済財政運営の指針「骨太方針」で、全国平均時給を1500円まで引き上げる目標の達成時期が事実上先送りされたことも議題となった。今後の審議への影響は必至だ。

　骨太方針には、石破政権が20年代と強調していた目標達成に関して「努力を継続する」としつつ「遅くとも30年代前半のできる限り早期に達成」と追記した。",[],[]
NY円下落、一時164円に迫る（共同通信）,https://news.yahoo.co.jp/articles/5424eb6e0ae923256ee9e7c54ae7b80da950ff1c,https://newsatcl-pctr.c.yimg.jp/t/amd-img/default.jpg?exp=10800,2026-07-23T23:04:32+09:00,2026-07-23T23:21:42+09:00,共同通信,kyodonews,共同通信,95,【ニューヨーク共同】23日のニューヨーク外国為替市場の円相場は対ドルで下落し、一時1ドル＝163円90銭台を付け、164円に迫った。1986年11月以来、約39年8カ月ぶりの円安ドル高水準。,[],[]
NY株、続落して始まる（共同通信）,https://news.yahoo.co.jp/articles/1700f8fcba514046468427043bc6e441e817aeaf,https://newsatcl-pctr.c.yimg.jp/t/amd-img/default.jpg?exp=10800,2026-07-23T23:01:03+09:00,2026-07-23T23:17:05+09:00,共同通信,kyodonews,共同通信,62,【ニューヨーク共同】23日のダウ平均は続落し、午前9時45分現在は前日比425.06ドル安の5万1793.52ドルを付けた。,[],[]
中国吉利と米フォード協業　スペインに車両生産会社（共同通信）,https://news.yahoo.co.jp/articles/58be3fb80ff916ac03afab7b62c9f9fb4547abbd,https://newsatcl-pctr.c.yimg.jp/t/amd-img/20260723-00000260-kyodonews-000-3-view.jpg?exp=10800,2026-07-23T22:52:50+09:00,2026-07-23T23:08:55+09:00,共同通信,kyodonews,共同通信,313,"23日、スペイン・バルセロナ近郊で記者会見する吉利汽車とフォード・モーターの幹部（ゲッティ＝共同）
【北京共同】中国自動車大手の吉利汽車は23日、米フォード・モーターと欧州向けの車両生産などで協業すると発表した。合弁会社を設け、2028年からスペイン東部バレンシアにあるフォード工場で互いのブランドの車を生産する。

　合弁会社にはフォードが66％、吉利が34％出資する。両社は開発資源を持ち寄って生産効率を高め、欧州での販売拡大や工場稼働率の向上を図る。吉利幹部は「欧州市場での存在感をさらに強固なものにする」と意気込んだ。

　吉利グループは10年にフォードからスウェーデンの高級車ブランド「ボルボ」を買収した経緯がある。",[],[]
NY株、続落して始まる（共同通信）,https://news.yahoo.co.jp/articles/3e29e70c20bebe937f8ad32ecee636d9f6f478df,https://newsatcl-pctr.c.yimg.jp/t/amd-img/default.jpg?exp=10800,2026-07-23T22:51:51+09:00,2026-07-23T23:00:39+09:00,共同通信,kyodonews,共同通信,79,【ニューヨーク共同】23日のニューヨーク株式市場のダウ工業株30種平均は続落し、午前9時45分現在は前日比425.06ドル安の5万1793.52ドルを付けた。,[],[]
労働者側、最低賃金75円増額要求（共同通信）,https://news.yahoo.co.jp/articles/e30c7de74cf21652523184d3191892304feaf09e,https://newsatcl-pctr.c.yimg.jp/t/amd-img/default.jpg?exp=10800,2026-07-23T22:44:27+09:00,2026-07-23T23:07:04+09:00,共同通信,kyodonews,共同通信,86,23日に開かれた最低賃金改定に関する小委員会で、労働者側の委員は、現行の全国平均時給1121円から75円を引き上げるよう要求した。会合後、連合の委員が記者団に明らかにした。,[],[]
渦中の蔵内氏、首相と懇談　現金授受疑惑、議会議長（共同通信）,https://news.yahoo.co.jp/articles/18406bc636a6d80d1597449d23e696fd88a6e829,https://newsatcl-pctr.c.yimg.jp/t/amd-img/20260723-00000257-kyodonews-000-2-view.jpg?exp=10800,2026-07-23T22:40:58+09:00,2026-07-23T22:57:04+09:00,共同通信,kyodonews,共同通信,306,"高市首相との懇談であいさつする全国都道府県議会議長会の蔵内勇夫会長＝23日午後、首相官邸
全国都道府県議会議長会の会長を務める蔵内勇夫福岡県議会議長が23日、高市早苗首相と官邸で懇談した。懇談後に記者団の取材に応じ、福岡県議会の正副議長ポストを巡る現金授受疑惑に関して「（高市首相から）頑張れというような目で見ていただいたと思う」と述べた。懇談の中で疑惑についてのやりとりはなかったという。

　来春の県議選出馬を巡り「ネットが炎上している。日本で一番悪い男が蔵内だと言われている」と話したが、明言は避けた。

　議長会と首相との懇談は年1回実施。今年は会長の蔵内氏を含め、46都道府県の議長や副議長が出席した。",[],[]
「原子力協定、国交正常化条件」　トランプ氏主張、サウジに（共同通信）,https://news.yahoo.co.jp/articles/6e561d83229eabaf68ea769a3dd6c6829f05180c,https://newsatcl-pctr.c.yimg.jp/t/amd-img/default.jpg?exp=10800,2026-07-23T22:35:57+09:00,2026-07-23T22:53:06+09:00,共同通信,kyodonews,共同通信,251,"【ワシントン共同】トランプ米大統領は23日、米国とサウジアラビアが署名した原子力協力協定について、サウジがイスラエルとアラブ諸国の国交を正常化する「アブラハム合意」に加わることが条件だと交流サイト（SNS）で主張した。米政権は協定の詳細を公表しておらず、信ぴょう性は不明。

　トランプ氏は、協定は「非軍事目的の利用」のみを対象とし、「米国は濃縮を伴わない民生用の原子力施設には反対していない」と強調した。イランに対し核開発阻止などを理由に軍事作戦を継続している点との整合性を保つ狙いがあるとみられる。",[],[]
米、対ロ和平交渉で複数の提案（共同通信）,https://news.yahoo.co.jp/articles/1e0b638174324b1be47ad90087e3b3ab10c75903,https://newsatcl-pctr.c.yimg.jp/t/amd-img/default.jpg?exp=10800,2026-07-23T22:21:54+09:00,2026-07-23T22:39:04+09:00,共同通信,kyodonews,共同通信,108,【キーウ共同】ウクライナのゼレンスキー大統領は23日の記者会見で、米国のウィットコフ和平交渉担当特使らと22日に電話会談した際、ロシアとの和平交渉に関する複数の提案を受けたと明らかにした。提案の内容は明かさなかった。,[],[]
物価見通しに上振れ懸念と欧州中銀総裁（共同通信）,https://news.yahoo.co.jp/articles/4c1b02ae163009b62c08fba8283a311c97ac5f6c,https://newsatcl-pctr.c.yimg.jp/t/amd-img/default.jpg?exp=10800,2026-07-23T22:19:30+09:00,2026-07-23T22:36:56+09:00,共同通信,kyodonews,共同通信,103,【フランクフルト共同】欧州中央銀行（ECB）のラガルド総裁は記者会見で、エネルギー危機の深刻化によって「物価見通しは上振れする懸念がある」と述べた。金融政策はデータに基づき、会合ごとに判断する考えを示した。,[],[]
NY円、163円台後半　中東緊迫でドル買い（共同通信）,https://news.yahoo.co.jp/articles/f1592f9cef77a0e3bc7141c4097ff14ae098cf14,https://newsatcl-pctr.c.yimg.jp/t/amd-img/default.jpg?exp=10800,2026-07-23T22:15:16+09:00,2026-07-23T22:31:26+09:00,共同通信,kyodonews,共同通信,159,"【ニューヨーク共同】23日のニューヨーク外国為替市場の円相場は午前8時40分現在、前日比54銭円安ドル高の1ドル＝163円63～73銭を付けた。

　イエメンの親イラン武装組織フーシ派がサウジアラビアのタンカーを攻撃したと発表し、中東情勢の一段の緊迫化に警戒感が強まった。「有事のドル買い」が優勢となり、円が売られた。",[],[]
サウジ協定はイスラエル国交条件と米大統領（共同通信）,https://news.yahoo.co.jp/articles/e92a1d57a9b5b8921f4b5c15eb04d811fa21ded5,https://newsatcl-pctr.c.yimg.jp/t/amd-img/default.jpg?exp=10800,2026-07-23T22:13:52+09:00,2026-07-23T22:31:06+09:00,共同通信,kyodonews,共同通信,90,トランプ米大統領は23日、米国とサウジアラビアの原子力協力協定について、サウジがイスラエルとの国交正常化合意に応じることが条件だと交流サイト（SNS）で主張した。信ぴょう性は不明。,[],[]
中道屋良朝博氏が離党へ　党本部の辺野古対応に不満（共同通信）,https://news.yahoo.co.jp/articles/39503c19238f62fdb9ea07ea45ee4f858623904c,https://newsatcl-pctr.c.yimg.jp/t/amd-img/default.jpg?exp=10800,2026-07-23T22:10:24+09:00,2026-07-23T22:49:52+09:00,共同通信,kyodonews,共同通信,220,"2月の衆院選で中道改革連合から沖縄3区に立候補し落選した屋良朝博元衆院議員が離党する意向を固めたことが23日、関係者への取材で分かった。同日、離党届を党本部へ郵送した。米軍普天間飛行場（沖縄県宜野湾市）の名護市辺野古移設に反対する屋良氏はこれまで、移設の賛否に関し態度を明確にしない中道党本部に不満を表明していた。

　9月の任期満了に伴う沖縄県知事選については、無所属の立場で、自身と同じく移設に反対する現職玉城デニー氏を支援する方針だ。",[],[]
最低賃金の結論持ち越し（共同通信）,https://news.yahoo.co.jp/articles/3e91e077bbc45f19b8c31791e3581c0be4e5f591,https://newsatcl-pctr.c.yimg.jp/t/amd-img/default.jpg?exp=10800,2026-07-23T22:07:34+09:00,2026-07-23T22:25:03+09:00,共同通信,kyodonews,共同通信,66,最低賃金改定額の目安を決める中央最低賃金審議会は23日午後10時ごろ、4回目の小委員会を終えた。結論は出さず、次回以降に持ち越した。,[],[]
ロ3―4楽（23日）　楽天が逆転勝ち（共同通信）,https://news.yahoo.co.jp/articles/46bdc565acc71ea2cd98f23a95f03729305ad4f7,https://newsatcl-pctr.c.yimg.jp/t/amd-img/20260723-00000249-kyodonews-000-4-view.jpg?exp=10800,2026-07-23T21:57:02+09:00,2026-07-23T22:29:00+09:00,共同通信,kyodonews,共同通信,132,"7回に登板し、プロ初勝利を挙げた楽天・九谷＝ZOZOマリン
楽天が逆転勝ちで連敗を3で止めた。0―1の三回、辰己の適時打で同点。1―3の七回は村林の2点適時打で追い付き、八回に平良の適時打で勝ち越した。七回を抑えた2番手の九谷がプロ初勝利。ロッテは救援陣が崩れた。",[],[]
愛媛2行が経営統合へ　来年4月にも持ち株会社（共同通信）,https://news.yahoo.co.jp/articles/44bfb5eb8c83f787f931c47f4e5d526bfe164a32,https://newsatcl-pctr.c.yimg.jp/t/amd-img/default.jpg?exp=10800,2026-07-23T21:55:15+09:00,2026-07-24T00:57:15+09:00,共同通信,kyodonews,共同通信,274,"愛媛県地盤で伊予銀行を展開するいよぎんホールディングス（HD、松山市）と、愛媛銀行（同）が経営統合に向けて最終調整していることが23日、分かった。早ければ来年4月に持ち株会社を設立し、傘下に2行を置く統合形式を検討している。実現すれば、連結総資産が12兆円を超える地方銀行グループが誕生する。それぞれの銀行名は維持する方向だ。

　近く発表する。日銀による政策金利の引き上げを背景に、銀行業界は利息収入が増えており、貸し出しの元手となる預金の獲得競争が激化している。愛媛県内で競合する2行は統合によって経営基盤の強化と合理化を進め、収益力を高める。",[],[]
ソ6―5オ（23日）　ソフトバンクがサヨナラ勝ち（共同通信）,https://news.yahoo.co.jp/articles/be6b58782736769d8d2b9a7533e03d3d0164a12b,https://newsatcl-pctr.c.yimg.jp/t/amd-img/20260723-00000247-kyodonews-000-4-view.jpg?exp=10800,2026-07-23T21:54:03+09:00,2026-07-23T22:29:02+09:00,共同通信,kyodonews,共同通信,148,"9回ソフトバンク1死満塁、代打柳田が中越えにサヨナラ打を放つ＝みずほペイペイドーム
ソフトバンクがサヨナラ勝ち。抑えの杉山の乱調で5―5と追い付かれた直後の九回、1死満塁から代打柳田が中越えへの安打で決着をつけた。オリックスは九回に紅林が3ランを放つ粘りを見せたが、最後は椋木が踏ん張れなかった。",[],[]
NY円、163円63～73銭（共同通信）,https://news.yahoo.co.jp/articles/2c3d2fb91679abb5dcac52956cb98ca6489b1171,https://newsatcl-pctr.c.yimg.jp/t/amd-img/default.jpg?exp=10800,2026-07-23T21:49:51+09:00,2026-07-23T22:06:55+09:00,共同通信,kyodonews,共同通信,72,【ニューヨーク共同】23日のニューヨーク外国為替市場の円相場は午前8時40分現在、前日比54銭円安ドル高の1ドル＝163円63～73銭を付けた。,[],[]
愛媛の2行が経営統合へ最終調整（共同通信）,https://news.yahoo.co.jp/articles/63bef2137092419450b1372d66711e736016bcb8,https://newsatcl-pctr.c.yimg.jp/t/amd-img/default.jpg?exp=10800,2026-07-23T21:46:26+09:00,2026-07-23T22:08:55+09:00,共同通信,kyodonews,共同通信,63,愛媛県地盤のいよぎんホールディングス（HD、松山市）と、愛媛銀行（同）が経営統合に向け最終調整していることが23日、分かった。,[],[]
船舶攻撃すれば「軍事的懲罰」とトランプ氏（共同通信）,https://news.yahoo.co.jp/articles/aa1eb84f5ce5d7c5d4a441518fe6cd7ad01614ad,https://newsatcl-pctr.c.yimg.jp/t/amd-img/default.jpg?exp=10800,2026-07-23T21:40:27+09:00,2026-07-23T21:57:06+09:00,共同通信,kyodonews,共同通信,93,【ワシントン共同】トランプ米大統領は23日、イエメンの親イラン武装組織フーシ派が再び船舶を攻撃した場合は「イランとフーシ派に大規模な軍事的懲罰を加える」と交流サイト（SNS）で警告した。,[],[]
欧州中銀、政策金利を維持（共同通信）,https://news.yahoo.co.jp/articles/6e2fb293696296186b24dd87bd6d23e9ec3951b4,https://newsatcl-pctr.c.yimg.jp/t/amd-img/default.jpg?exp=10800,2026-07-23T21:18:38+09:00,2026-07-23T21:34:53+09:00,共同通信,kyodonews,共同通信,78,【フランクフルト共同】欧州中央銀行（ECB）は23日、理事会を開き、政策金利として重視する中銀預金金利を2.25％に維持すると決めた。据え置きは2会合ぶり。,[],[]
西2―11日（23日）　日本ハムが大勝（共同通信）,https://news.yahoo.co.jp/articles/db89ccd9cf847d59eb1725a1cb6a67da7534ede6,https://newsatcl-pctr.c.yimg.jp/t/amd-img/20260723-00000242-kyodonews-000-3-view.jpg?exp=10800,2026-07-23T21:14:54+09:00,2026-07-23T21:31:09+09:00,共同通信,kyodonews,共同通信,143,"3回日本ハム2死一、三塁、野村が左越えに逆転3ランを放つ＝ベルーナドーム
日本ハムが15安打11得点で大勝。0―1の三回に野村の13号3ランで逆転すると、四回にはレイエスが21号2ラン、六回には万波が18号2ランを放った。北山が6回7安打1失点で9勝目。西武は先発の隅田が精彩を欠いた。",[],[]
厚労省「簡易歯科健診」制度化へ　希望者に毎年（共同通信）,https://news.yahoo.co.jp/articles/77627d3c0550cb72758af3fbaf47664058bde734,https://newsatcl-pctr.c.yimg.jp/t/amd-img/default.jpg?exp=10800,2026-07-23T20:59:41+09:00,2026-07-23T21:17:16+09:00,共同通信,kyodonews,共同通信,283,"厚生労働省は23日、希望者が歯科健診を毎年受けられるよう、簡易検査ツールを活用した「簡易歯科健診」の制度化など、健康寿命延伸を図るための主要施策プランを発表した。歯科保健や栄養・食生活といった重点領域を定め、国による積極的な介入で行動変容を促す。

　厚労省によると、歯の健康を守ることは全身の健康につながるとして、生涯を通じた歯科健診の機会を拡大する狙いがある。簡易歯科健診のほか、自治体による歯周病検診を10歳ごとから5歳ごとに拡大する。実施自治体に対する国の財政支援も検討している。

　重点領域は歯科保健や栄養・食生活のほか、認知症やリハビリテーションなど。",[],[]
70代女性死亡、熱中症か　福井・勝山市の住宅（共同通信）,https://news.yahoo.co.jp/articles/5b207ad3c9f4ebc4e8d40d2a028d44d1e97e6e89,https://newsatcl-pctr.c.yimg.jp/t/amd-img/default.jpg?exp=10800,2026-07-23T20:50:42+09:00,2026-07-23T21:07:07+09:00,共同通信,kyodonews,共同通信,144,"23日未明、福井県勝山市の住宅で、70代女性が倒れているのを家族が発見して119番した。地元消防によると、救急隊が到着した際は心肺停止の状態で、その後死亡が確認された。熱中症の疑いがあるという。エアコンがあったが、稼働していなかった。

　福井県には23日、熱中症警戒アラートが出ていた。",[],[]
国際線空港利用に費用徴収　再生燃料、供給義務化も（共同通信）,https://news.yahoo.co.jp/articles/461e448e7bc6b52909109406a36d4c5bdc993784,https://newsatcl-pctr.c.yimg.jp/t/amd-img/default.jpg?exp=10800,2026-07-23T20:24:15+09:00,2026-07-23T20:41:22+09:00,共同通信,kyodonews,共同通信,281,"国土交通省は23日、廃食用油などが原料の航空機用再生燃料（SAF）の普及に向けた官民協議会で、成田空港など国際線旅客数が多い拠点空港を出発する利用者から、関連費用を徴収するとの方向性を示した。2030年度の運用開始を目指す。経済産業省は、ジェット燃料の供給者に対し、30年度以降、一定のSAF供給を義務付ける考えを示した。

　拠点空港は、新千歳、成田、羽田、中部、関西、福岡、那覇。まずはこの7空港で徴収を始め、最終的には、すべての空港で国際・国内の全便を対象とすることが求められるとした。

　飛行距離に応じて運賃に上乗せすることを想定し、金額などを詰める。",[],[]
是枝、塚本監督の作品コンペ入り　ベネチア国際映画祭（共同通信）,https://news.yahoo.co.jp/articles/e2711f79f827eb33fcca9e6d792b2a5e8722660e,https://newsatcl-pctr.c.yimg.jp/t/amd-img/20260723-00000238-kyodonews-000-3-view.jpg?exp=10800,2026-07-23T20:15:33+09:00,2026-07-23T20:32:08+09:00,共同通信,kyodonews,共同通信,420,"1
/
2
是枝裕和監督
塚本晋也監督
世界三大映画祭の一つで9月にイタリアで開催される第83回ベネチア国際映画祭の事務局は23日、最高賞の金獅子賞を競うコンペティション部門に是枝裕和監督の「ルックバック」、塚本晋也監督の「ネルソンさん、あなたは人を殺しましたか？」を選出したと発表した。

　「ルックバック」は藤本タツキさんの同名漫画が原作で、主演は出口夏希さんと蒔田彩珠さん。2024年公開の劇場アニメ版もヒットした人気作で、日本では9月11日に公開される。

　「ネルソンさん―」は、ベトナム戦争に従軍したアレン・ネルソンさんが自らの戦争体験をつづったノンフィクションを実写化した作品。米国の俳優ロドニー・ヒックスさんが主演を務め、リリー・フランキーさんらが出演する。9月11日から公開予定。

　斬新な作品を集めたオリゾンティ部門には、カナダ出身のザビエル・テラ監督が沖縄県で撮影した「ザ・カラー・オブ・ザ・サン」が入った。（共同）",[],[]
「東北の麻薬王」関係先か、捜索　住吉会系事務所、宮城県警など（共同通信）,https://news.yahoo.co.jp/articles/0a78c5335208c49253284043ff25981e8207a7f0,https://newsatcl-pctr.c.yimg.jp/t/amd-img/20260723-00000237-kyodonews-000-3-view.jpg?exp=10800,2026-07-23T20:10:53+09:00,2026-07-23T20:31:45+09:00,共同通信,kyodonews,共同通信,453,"家宅捜索で住吉会系組織の事務所に入る捜査員ら＝23日午後、宮城県石巻市
「東北の麻薬王」と呼ばれた宮城県大崎市の無職高橋敏夫被告（72）が覚醒剤取締法違反などの罪で公判中の事件に絡み、宮城県警と東北厚生局麻薬取締部の合同捜査本部は23日、関係先として同県石巻市の指定暴力団住吉会系組織の事務所を麻薬特例法違反容疑で家宅捜索した。

　事務所には午後1時50分ごろ捜査員約20人が入り、約1時間半にわたり捜索を実施。段ボール1箱分を押収した。合同捜査本部は高橋被告らの薬物密売グループによる売上金が組織に流れた可能性を視野に、資金の流れや薬物の入手ルートなどの実態解明を進め、住吉会系組織との関連を調べる。

　グループに対する本格的な捜査は2024年に始まり、昨年1月から今年5月にかけて密売人側と客側の双方を摘発。密売人側として高橋被告のほか、宮城県の男女4人の計5人が逮捕、起訴された。

　合同捜査本部は5人が東北地方で薬物の密売や使用を繰り返した疑いがあるとみており、グループは壊滅したとしている。",[],[]
元主査800万円収賄疑い再逮捕　学校修繕巡り、大阪・大東（共同通信）,https://news.yahoo.co.jp/articles/e12408e78a9672a661b318ebd7213841ee1c50d3,https://newsatcl-pctr.c.yimg.jp/t/amd-img/default.jpg?exp=10800,2026-07-23T20:06:06+09:00,2026-07-23T20:23:16+09:00,共同通信,kyodonews,共同通信,310,"大阪府大東市が発注する学校施設工事などで、地元業者に便宜を図る見返りに現金計800万円を受け取ったとして、大阪府警は23日、収賄の疑いで市営住宅管理課の元主査佐野公彦容疑者（48）＝懲戒免職＝を再逮捕した。佐野容疑者は市営住宅工事で同じ業者から物品を受け取った疑いで逮捕、起訴された。

　府警は同日、贈賄の疑いで市内の建設会社「エム・エヌコーポレーション」代表新田将生容疑者（35）＝別の贈賄罪で起訴＝も再逮捕した。

　佐野容疑者の再逮捕容疑は2023年6月～25年4月、市営住宅や小中学校の修繕工事随意契約で、エム・エヌ社が受注できるよう便宜を図り、現金を受け取った疑い。新田容疑者は現金計400万円を贈った疑い。",[],[]
教え子不同意わいせつ疑い、埼玉　サッカークラブコーチ逮捕（共同通信）,https://news.yahoo.co.jp/articles/25456e02b7b5c69b49a089688d36413fd6ac126a,https://newsatcl-pctr.c.yimg.jp/t/amd-img/default.jpg?exp=10800,2026-07-23T20:00:21+09:00,2026-07-23T22:02:05+09:00,共同通信,kyodonews,共同通信,177,"埼玉県警武南署は23日、コーチを務めるサッカークラブに所属する男子中学生の体を触ったとして、不同意わいせつの疑いで、同県川口市、自営業熊木武尊容疑者（37）を逮捕した。

　逮捕容疑は14日午後9～10時ごろ、川口市内の中学校敷地内でサッカーの練習後、10代生徒の体を触るなどのわいせつな行為をした疑い。生徒が17日に親族と共に署を訪れ、被害を相談した。",[],[]
大分4人刺傷、殺人未遂疑いで男再逮捕へ（共同通信）,https://news.yahoo.co.jp/articles/e56d1117d19ccd82a104b25ed5f12073b6e2927f,https://newsatcl-pctr.c.yimg.jp/t/amd-img/default.jpg?exp=10800,2026-07-23T19:53:37+09:00,2026-07-23T20:10:55+09:00,共同通信,kyodonews,共同通信,89,大分県佐伯市で男女4人が刺された事件で、県警は24日にも、殺人未遂の疑いで、同市の理学療法士野下博司容疑者（44）を再逮捕する方針を固めた。捜査関係者への取材で23日、分かった。,[],[]
ベネチア映画祭、塚本晋也監督作を選出（共同通信）,https://news.yahoo.co.jp/articles/84ccea6a015c0d893ba9b11adc2d4ccb6bac0abe,https://newsatcl-pctr.c.yimg.jp/t/amd-img/default.jpg?exp=10800,2026-07-23T19:52:55+09:00,2026-07-23T20:08:55+09:00,共同通信,kyodonews,共同通信,88,第83回ベネチア国際映画祭の事務局は23日、最高賞の金獅子賞を競うコンペティション部門に塚本晋也監督の「ネルソンさん、あなたは人を殺しましたか？」を選出したと発表した。（共同）,[],[]
ベネチア映画祭、是枝裕和監督作を選出（共同通信）,https://news.yahoo.co.jp/articles/c982239a083d799f8c01ae155315b80973c8d72f,https://newsatcl-pctr.c.yimg.jp/t/amd-img/default.jpg?exp=10800,2026-07-23T19:47:54+09:00,2026-07-23T20:04:53+09:00,共同通信,kyodonews,共同通信,74,第83回ベネチア国際映画祭の事務局は23日、最高賞の金獅子賞を競うコンペティション部門に是枝裕和監督の「ルックバック」を選出したと発表した。（共同）,[],[]
グーグルに1600億円の制裁金　EU、自社サービス優遇と（共同通信）,https://news.yahoo.co.jp/articles/a535082cee838b20fa60dad4fb427ea6d3adc3b0,https://newsatcl-pctr.c.yimg.jp/t/amd-img/20260723-00000231-kyodonews-000-3-view.jpg?exp=10800,2026-07-23T19:41:51+09:00,2026-07-23T19:58:55+09:00,共同通信,kyodonews,共同通信,326,"EU欧州委員会の本部に掲げられたEUの旗＝4月、ブリュッセル（ロイター＝共同）
【フランクフルト共同】欧州連合（EU）欧州委員会は23日、米グーグルが巨大IT規制「デジタル市場法（DMA）」に違反したとして8億9千万ユーロ（約1600億円）の制裁金を科したと発表した。DMAに基づく制裁金は米アップル、米メタに続く3社目で、1社への制裁金では最高額。

　インターネット検索サイトでの自社サービス優遇や、スマートフォンなどのアプリ開発者の権利を制限したことを問題視し、是正を命じた。

　グーグルは60日以内に決定に従う必要がある。従わない場合には追加の制裁金が科される可能性がある。グーグルは、規制を守るには欧州でサービスを縮小せざるを得ないとした。",[],[]
中国海警局の船4隻が尖閣周辺の領海出る（共同通信）,https://news.yahoo.co.jp/articles/a67cf518a5ab5a43fc3bb0555b5fa2ce641b19f5,https://newsatcl-pctr.c.yimg.jp/t/amd-img/default.jpg?exp=10800,2026-07-23T19:40:47+09:00,2026-07-23T19:56:55+09:00,共同通信,kyodonews,共同通信,74,第11管区海上保安本部によると、沖縄県・尖閣諸島周辺の領海に侵入していた中国海警局の船4隻が、23日午後5時45分ごろから相次いで領海の外側に出た。,[],[]
留置施設で24人食中毒訴え　埼玉県警、弁当が原因（共同通信）,https://news.yahoo.co.jp/articles/753e388c179a1dca35694f18a688bd9a2cb08f2a,https://newsatcl-pctr.c.yimg.jp/t/amd-img/default.jpg?exp=10800,2026-07-23T19:32:58+09:00,2026-07-23T19:48:55+09:00,共同通信,kyodonews,共同通信,288,"埼玉県警は23日、4カ所の警察署の留置施設で弁当を食べた被留置者24人が嘔吐や下痢の症状を訴え、うち15人が救急搬送されたと発表した。県警や県によると、20～84歳の男性で全員快方に向かっている。うち3人の便でセレウス菌が検出され、県は食中毒が原因と断定。食品衛生法に基づき、弁当を提供した同県久喜市の業者を3日間の営業停止処分とした。

　16日午後0時10分ごろ、所沢署から「『昼食から酸っぱい臭いや納豆臭がする』と複数の被留置者が申し立てている」と県警本部に報告があった。同日は8カ所の留置施設でこの業者から昼食用の弁当を納入し、それぞれ冷蔵庫などで保管していたという。",[],[]
800万円収賄疑い、大東市元主査再逮捕（共同通信）,https://news.yahoo.co.jp/articles/1bf59d18bbb6def8d25410028d21d447f96e344d,https://newsatcl-pctr.c.yimg.jp/t/amd-img/default.jpg?exp=10800,2026-07-23T19:29:18+09:00,2026-07-23T19:46:55+09:00,共同通信,kyodonews,共同通信,93,大阪府大東市が発注する施設修繕工事を巡り、地元業者に便宜を図る見返りに現金計約800万円を受け取ったとして、大阪府警は23日、収賄の疑いで、市営住宅管理課元主査の男（48）を再逮捕した。,[],[]
米長官、フーシ派攻撃でイランの関与指摘（共同通信）,https://news.yahoo.co.jp/articles/72df7539aab38ffb0e80c1f71ab9dfa83fef3509,https://newsatcl-pctr.c.yimg.jp/t/amd-img/default.jpg?exp=10800,2026-07-23T19:25:55+09:00,2026-07-23T19:42:56+09:00,共同通信,kyodonews,共同通信,101,【マニラ共同】ルビオ米国務長官は23日、イエメンの親イラン武装組織フーシ派によるサウジアラビアの石油タンカー攻撃に関して「イランにだまされて巻き込まれた」と指摘、「事態の沈静化を願う」と記者団に述べた。,[],[]
国民投票法採決の参院本会議は24日開催へ（共同通信）,https://news.yahoo.co.jp/articles/ba62cbdf687ee4403074670b302a3fbfe4130560,https://newsatcl-pctr.c.yimg.jp/t/amd-img/default.jpg?exp=10800,2026-07-23T19:23:32+09:00,2026-07-23T19:41:04+09:00,共同通信,kyodonews,共同通信,106,参院議院運営委員会は23日の理事会で、憲法改正の手続きを定める国民投票法改正案や予防接種法改正案などを採決する本会議を24日に開くと決めた。参院特別委で審議が続く副首都構想関連法案の採決は現時点で含まれていない。,[],[]
NY原油上昇、一時90ドル台　紅海輸送停滞に懸念（共同通信）,https://news.yahoo.co.jp/articles/608e928992b7190927669bcd19450aeea130f8dc,https://newsatcl-pctr.c.yimg.jp/t/amd-img/default.jpg?exp=10800,2026-07-23T19:19:39+09:00,2026-07-23T19:36:54+09:00,共同通信,kyodonews,共同通信,280,"【ニューヨーク共同】ニューヨークの原油先物相場は23日早朝（日本時間夕）の取引で上昇し、指標の米国産標準油種（WTI）の9月渡しが一時1バレル＝90ドル台を付けた。約1カ月半ぶりの高値水準。23日には紅海でサウジアラビアの船舶が攻撃を受けたと伝わった。原油輸送がさらに停滞するとの懸念が強まり、買い注文が優勢となった。

　イエメンの親イラン武装組織フーシ派は20日にサウジの船舶に対する「海上封鎖」を宣言。サウジ産原油をアジアへ輸送していたタンカーが紅海でUターンしたとも報じられた。

　22日の終値は前日比2.49ドル高の1バレル＝86.83ドルだった。",[],[]
在来線、本数維持に難色　JR九州社長、新幹線巡り（共同通信）,https://news.yahoo.co.jp/articles/c260f8808674114716b02c4cb9addd4f3d2cd3de,https://newsatcl-pctr.c.yimg.jp/t/amd-img/20260723-00000224-kyodonews-000-3-view.jpg?exp=10800,2026-07-23T19:10:45+09:00,2026-07-23T19:26:56+09:00,共同通信,kyodonews,共同通信,273,"記者会見するJR九州の古宮洋二社長＝23日午後、福岡市
JR九州の古宮洋二社長は23日の記者会見で、九州新幹線長崎ルートの佐賀県内の未整備区間を巡り、佐賀駅を通る経路で整備した場合、並行在来線の本数を維持することに難色を示した。国と佐賀県が来年度から環境影響評価（アセスメント）を始めることで合意した際、本数確保をJR九州に要請することを決めていた。

　古宮氏は「アセスから建設まで合計で10年かかるとして、10年後の需要は予測がつかない。今時点で10年先のことを約束できない」と語った。佐賀県の山口祥義知事に対し、協議を打診する考えも示した。",[],[]
米軍、沖縄議会と面会拒否　訓練巡り、防衛省幹部が批判（共同通信）,https://news.yahoo.co.jp/articles/1e1b15e68bb6a5ec4c039fcf11f40918f62212e3,https://newsatcl-pctr.c.yimg.jp/t/amd-img/20260723-00000223-kyodonews-000-3-view.jpg?exp=10800,2026-07-23T19:08:29+09:00,2026-07-23T19:25:29+09:00,共同通信,kyodonews,共同通信,330,"防衛省沖縄防衛局の村井勝局長（右）に意見書を手渡す沖縄県議会・米軍基地関係特別委の小渡良太郎委員長＝23日午前、沖縄県嘉手納町
沖縄県嘉手納町などにある米軍嘉手納基地で、例外のはずのパラシュート降下訓練が常態化していることに関し、抗議決議を手渡すために県議会が求めた面会を、米軍が拒否したことが分かった。県議会の米軍基地関係特別委員会メンバーが23日、防衛省沖縄防衛局の村井勝局長と面談し、明らかにした。村井氏は米軍の対応を「いかがなものかと思う」と批判した。

　降下訓練は、日米合意によって伊江島補助飛行場（伊江村）で実施することになっており、嘉手納は例外の位置付け。県議会は13日、嘉手納での降下訓練中止を求める抗議決議・意見書を全会一致で可決していた。",[],[]
EU、米グーグルに制裁金1600億円（共同通信）,https://news.yahoo.co.jp/articles/57b738c10194a5e5a5ed4bcff610329e823936bc,https://newsatcl-pctr.c.yimg.jp/t/amd-img/default.jpg?exp=10800,2026-07-23T19:07:09+09:00,2026-07-23T19:22:55+09:00,共同通信,kyodonews,共同通信,110,【フランクフルト共同】欧州連合（EU）欧州委員会は23日、米グーグルが巨大IT規制「デジタル市場法（DMA）」に違反したとして8億9千万ユーロ（約1600億円）の制裁金を科したと発表した。DMAに基づく制裁金では最高額。,[],[]
中国船が領海侵入　尖閣周辺、今年14日目（共同通信）,https://news.yahoo.co.jp/articles/46cab97101ab31adeac0d8f2cfbb97c5ce28662b,https://newsatcl-pctr.c.yimg.jp/t/amd-img/default.jpg?exp=10800,2026-07-23T19:03:13+09:00,2026-07-23T19:19:20+09:00,共同通信,kyodonews,共同通信,166,"23日午後4時5分ごろから、沖縄県・尖閣諸島周辺の領海に中国海警局の船4隻が相次いで侵入した。中国当局の船が尖閣周辺で領海侵入したのは今月7日以来で、今年14日目。

　第11管区海上保安本部（那覇）によると、いずれも機関砲を搭載。領海から出るよう巡視船が要求した。接続水域を含め、尖閣周辺で中国当局の船が確認されるのは11日連続。",[],[]
中立公合流、来週中間整理へ　党首会談も検討（共同通信）,https://news.yahoo.co.jp/articles/96077fe85cc9791b47e158e565477635bf9233f8,https://newsatcl-pctr.c.yimg.jp/t/amd-img/default.jpg?exp=10800,2026-07-23T19:02:10+09:00,2026-07-23T19:18:55+09:00,共同通信,kyodonews,共同通信,287,"中道改革連合、立憲民主、公明3党は23日、合流に関する協議体の会合を国会内で開き、来週にも議論の中間整理を行う方針で一致した。合流する場合の形式や政策について結論には至っていないものの、25日まで会期延長した今国会の閉幕を受け、現状を公表する方針。3党の党首会談も検討している。

　会合は、中道の階猛、立民の田名部匡代、公明の西田実仁各幹事長らが出席し、非公開で行われた。関係者によると、「組織」「政策」「選挙」をテーマにした実務者会合の協議の進捗が報告された。

　3党は、秋に見込まれる臨時国会に新しい体制で臨む方針を共有している。協議体は今月2日に初会合を開催した。",[],[]
ため池で死亡は84歳と71歳の農業男性（共同通信）,https://news.yahoo.co.jp/articles/3245ad69985517256374279911cca4c86cc92fb9,https://newsatcl-pctr.c.yimg.jp/t/amd-img/default.jpg?exp=10800,2026-07-23T18:55:23+09:00,2026-07-23T19:12:56+09:00,共同通信,kyodonews,共同通信,66,和歌山県警によると、23日に和歌山市のため池で死亡した2人は、同市の84歳と71歳の農業男性と判明した。2人は周辺で草刈り中だった。,[],[]
救急搬送拒否と高松市を提訴　独居女性、損害賠償求め（共同通信）,https://news.yahoo.co.jp/articles/8d34e86d9abbe8651bd1eedfbacc434626846a51,https://newsatcl-pctr.c.yimg.jp/t/amd-img/20260723-00000218-kyodonews-000-3-view.jpg?exp=10800,2026-07-23T18:52:03+09:00,2026-07-23T19:24:47+09:00,共同通信,kyodonews,共同通信,427,"記者会見する原告側の弁護士＝23日午後、高松市
同乗者がいないという理由で救急搬送を拒否されたとして、高松市の女性（68）が23日、市に約45万円の損害賠償を求めて高松地裁に提訴した。女性は1人暮らしで、緊急性があったのに搬送してもらえず精神的苦痛を受けたとしている。

　提訴後に市内で記者会見した原告側の弁護士は「救急車は自ら病院に行くことができない市民の重要なセーフティーネットだ。不当な搬送拒否は命に直結する」と主張。搬送の在り方を再考する機会にしたいとの考えを示した。

　原告側によると、女性は2024年12月、自宅で腹痛や嘔吐が続き、知人に119番を頼んだ。到着した救急隊員は、同乗者がいないと搬送できないと伝えて引き揚げた。女性は同乗者として知人を自宅に呼んで再び119番してもらい、搬送された。小腸イレウスと診断され、4日間入院したとしている。

　大西秀人市長は22日の定例記者会見で「訴状等が届き次第、適切に対応していく」と述べた。",[],[]
NY原油上昇、一時90ドル台（共同通信）,https://news.yahoo.co.jp/articles/f1d63b75bb47724733a5c8f9439ff47bf048cab2,https://newsatcl-pctr.c.yimg.jp/t/amd-img/default.jpg?exp=10800,2026-07-23T18:48:33+09:00,2026-07-23T19:04:59+09:00,共同通信,kyodonews,共同通信,94,【ニューヨーク共同】ニューヨークの原油先物相場が23日早朝（日本時間夕）の取引で上昇し、指標の米国産標準油種（WTI）の9月渡しが一時1バレル＝90ドル台を付けた。約1カ月ぶりの高値水準。,[],[]
米関税「冷静に見極め」　日鉄会長、経団連会合に参加（共同通信）,https://news.yahoo.co.jp/articles/401950d2c65401599f73315dab3480945351aad5,https://newsatcl-pctr.c.yimg.jp/t/amd-img/20260723-00000216-kyodonews-000-3-view.jpg?exp=10800,2026-07-23T18:48:31+09:00,2026-07-23T19:04:53+09:00,共同通信,kyodonews,共同通信,304,"記者団の取材に応じる日本製鉄の橋本英二会長＝23日午後、長野県軽井沢町
日本製鉄の橋本英二会長は23日、トランプ米政権の関税政策を巡り「今の理不尽な高関税がずっと続くかどうかは冷静に見極める必要がある」との考えを示した。長野県軽井沢町で同日始まった経団連の夏季フォーラムに参加し、記者団の取材に応じた。米国の関税政策の行方に注目が集まる中で、トランプ米大統領がいずれは高関税政策を諦める可能性もあるとの持論も展開した。

　橋本氏は将来的な話として「無税にすることはないが、（高関税政策の）見直しはあり得る」とした。トランプ氏は、高関税政策が米国内の製造業の復活に有効だとは必ずしも考えてはいないとも述べた。",[],[]
国産LNG運搬船建造「前向き」　今治造船社長、再開検討（共同通信）,https://news.yahoo.co.jp/articles/a43d08f20be86dbf4657ca13021f294fa9a752f5,https://newsatcl-pctr.c.yimg.jp/t/amd-img/20260723-00000215-kyodonews-000-3-view.jpg?exp=10800,2026-07-23T18:46:11+09:00,2026-07-23T19:26:45+09:00,共同通信,kyodonews,共同通信,334,"記者会見する今治造船の檜垣幸人社長＝23日午後、東京都港区
今治造船（愛媛県今治市）の檜垣幸人社長は23日、東京都内で記者会見し、2019年を最後に途絶えている液化天然ガス（LNG）運搬船の国内建造の再開について「政府の要望に応えて前向きに検討中だ」と述べた。実現に向けて複数社と協議中だとも明らかにした。

　政府が21日に閣議決定した成長戦略には、LNG運搬船の国内建造再開方針が盛り込まれた。35年以降に年間3～5隻を建造できる体制の構築を目指す。関係者によると、今治造船、川崎重工業、名村造船所の3社が建造再開に向けて協業を検討している。共同出資会社の設立も視野に入れる。

　LNG運搬船の国別シェアは、韓国が約8割と圧倒的首位で中国が急速に追い上げている。",[],[]
聖光学院、明豊などが敗退　高校野球の地方大会（共同通信）,https://news.yahoo.co.jp/articles/2ced9211dc051aec982d6984fece6771cf47e3b9,https://newsatcl-pctr.c.yimg.jp/t/amd-img/20260723-00000214-kyodonews-000-3-view.jpg?exp=10800,2026-07-23T18:45:59+09:00,2026-07-23T19:02:56+09:00,共同通信,kyodonews,共同通信,218,"甲子園球場＝兵庫県西宮市
第108回全国高校野球選手権大会の出場を懸けた地方大会は23日、各地で行われ、福島では、5年連続出場を目指した聖光学院が準決勝で東日本国際大昌平に2―3で敗れた。福岡では、昨秋の明治神宮大会を制した九州国際大付、大分では5連覇中だった明豊が準決勝で敗退した。

　岩手では、花巻東と盛岡大付が決勝進出。山形では鶴岡東と東北文教大山形城北、茨城では常総学院と霞ケ浦、福井では敦賀気比と福井工大福井が決勝に進んだ。",[],[]
【独自】興和、40億円超申告漏れ　チリ子会社巡り国税指摘（共同通信）,https://news.yahoo.co.jp/articles/ffdb44a44485fd42e436eb04e691ac2bc1209129,https://newsatcl-pctr.c.yimg.jp/t/amd-img/20260723-00000213-kyodonews-000-3-view.jpg?exp=10800,2026-07-23T18:44:10+09:00,2026-07-23T19:01:45+09:00,共同通信,kyodonews,共同通信,464,"「興和」の本店＝名古屋市
医薬品製造などを手がける「興和」（名古屋市）が南米チリ所在の子会社を巡って名古屋国税局の税務調査を受け、2024年3月期までの3年間で少なくとも40億円の申告漏れを指摘されていたことが23日、関係者への取材で分かった。国税局は海外子会社を通じた租税回避抑制を目的とする「外国子会社合算税制」を適用するなどした。追徴税額は過少申告加算税を含め少なくとも10億円とみられる。興和は更正処分を受けて納付した。

　興和は共同通信の取材に「これまで一貫して適正な申告をしてきた。申告内容の確認のための税務調査は何度も受けているが、その都度しかるべく対応をしている。26年3月期中間決算で過年度法人税などを計上したことは事実だ」とコメントしている。

　外国子会社合算税制は、海外子会社と親会社の所得を合算して課税する制度。関係者によると、国税局はチリにある興和の子会社の金融所得について、実質的な活動のない事業から得られる「受動的所得」に当たると判断。日本の親会社と合わせて課税すべきだと結論付けたとみられる。",[],[]
90歳妻殺害疑い、夫書類送検　「将来を悲観した」供述（共同通信）,https://news.yahoo.co.jp/articles/cd0ae1ec817e92b7c167da6424efbda665588cc5,https://newsatcl-pctr.c.yimg.jp/t/amd-img/20260723-00000212-kyodonews-000-3-view.jpg?exp=10800,2026-07-23T18:39:13+09:00,2026-07-23T19:12:41+09:00,共同通信,kyodonews,共同通信,295,"京都府警本部
京都府警は23日、同居する妻＝当時（90）＝を殺害したとして、殺人の疑いで、京都府八幡市の無職男性（92）を書類送検した。府警によると「妻の将来を悲観した。毎日体を痛がっているのを見て、かわいそうだった」などと容疑を認めている。府警は年齢や体調面を考慮して逃亡の恐れがないと判断し、逮捕しなかった。

　書類送検容疑は、6月21日午前5時ごろ、八幡市の自宅で就寝中の妻の顔に布団をかぶせ、両手で押さえつけて殺害した疑い。

　府警によると、死因は窒息の疑い。男性から連絡を受けて自宅を訪れた訪問看護師が110番した。男性は、妻が転倒して以来、痛みを訴えていたと説明したという。",[],[]
「東北の麻薬王」関連で住吉会系事務所捜索（共同通信）,https://news.yahoo.co.jp/articles/f661f489c05fb999bb98fc71dde6d636b65e78b7,https://newsatcl-pctr.c.yimg.jp/t/amd-img/default.jpg?exp=10800,2026-07-23T18:38:41+09:00,2026-07-23T18:54:54+09:00,共同通信,kyodonews,共同通信,104,「東北の麻薬王」と呼ばれた宮城県の男らが覚醒剤取締法違反の罪で公判中の事件に絡み、宮城県警などの合同捜査本部は23日、関係先として同県石巻市の指定暴力団住吉会系組織の事務所を麻薬特例法違反容疑で家宅捜索した。,[],[]
霧島、大の里破り10勝目　安青錦ら4人2敗で首位（共同通信）,https://news.yahoo.co.jp/articles/c86ba28560c6c14bbaaa7eb54a9ccd72b847e95b,https://newsatcl-pctr.c.yimg.jp/t/amd-img/20260723-00000210-kyodonews-000-3-view.jpg?exp=10800,2026-07-23T18:34:31+09:00,2026-07-23T19:01:09+09:00,共同通信,kyodonews,共同通信,261,"霧島がとったりで大の里を破る＝IGアリーナ
大相撲名古屋場所12日目（23日・IGアリーナ）前日に大関復帰を決めた安青錦が関脇対決で琴勝峰に押し出されて2敗となった。綱とりの大関霧島は横綱大の里をとったりで破って10勝目。平幕の尊富士、獅司とともに4人が2敗で首位に並ぶ混戦となった。大の里は6敗目。横綱豊昇龍はかど番の大関琴桜の上手出し投げに屈して5敗。琴桜は7勝目を挙げた。

　関脇熱海富士は琴栄峰を寄り切って9勝3敗。トップの4人を熱海富士、琴栄峰、高安が1差で追う。十両は新十両嵐富士が2敗目を喫したが単独首位。",[],[]
「辺野古に軍民共用空港整備」　沖縄知事選で下地氏（共同通信）,https://news.yahoo.co.jp/articles/1915fccce5c2fee6356cd2d476d7fb1bd1ac57ff,https://newsatcl-pctr.c.yimg.jp/t/amd-img/20260723-00000209-kyodonews-000-2-view.jpg?exp=10800,2026-07-23T18:30:30+09:00,2026-07-23T18:47:00+09:00,共同通信,kyodonews,共同通信,338,"記者会見で沖縄県知事選に向けた政策を発表する下地幹郎氏＝23日午後、那覇市
任期満了に伴う9月の沖縄県知事選に立候補予定の下地幹郎元衆院議員が23日、那覇市で政策発表の記者会見を開いた。米軍普天間飛行場（宜野湾市）の名護市辺野古移設問題に「沖縄の尊厳がかかっている」として争点化を強調。軟弱地盤を埋め立てる現行計画を見直すと主張した。既に埋め立てた場所を活用し、7年で軍民共用空港を整備するとした。

　南西諸島の防衛力強化については「専守防衛を堅持する」と力説。反撃能力（敵基地攻撃能力）を持つ長射程ミサイルの県内配備に反対すると言明した。那覇市の米軍那覇港湾施設（那覇軍港）の浦添市への移設にも反対を表明した。

　このほか、子どもの貧困対策や鉄軌道導入にも意欲を示した。",[],[]
地上スタッフに氷や冷却服　酷暑の空港、熱中症対策（共同通信）,https://news.yahoo.co.jp/articles/7e70881d7b059d8c829eba899da905d3a80cd3fe,https://newsatcl-pctr.c.yimg.jp/t/amd-img/20260723-00000208-kyodonews-000-3-view.jpg?exp=10800,2026-07-23T18:28:52+09:00,2026-07-23T18:46:44+09:00,共同通信,kyodonews,共同通信,344,"日航グループのスタッフに振る舞われたかき氷＝23日午後、羽田空港
日航は23日、かき氷の提供や冷却ベストの着用など空港で働く地上スタッフの暑さ対策を羽田空港で報道陣に公開した。格納庫や貨物倉庫にエアコンはなく、駐機場は日陰が少ないなど高温になりやすい空港での労働環境改善を目指す。

　日航は作業の負担を軽減しようと、冷風が出るベストの配備に加え、貨物倉庫の天井に直径7メートルの大型ファンも設置した。また、駐機場などで航空機の誘導や貨物の積み降ろしを担うスタッフ向けに管理職がかき氷を作って提供している。

　従来は長袖のつなぎだった整備士の制服にも、半袖ポロシャツの試験導入を始めた。整備士の徳永大輔さん（40）は「つなぎに比べ、汗が乾きやすい。気持ちよく仕事ができそうだ」と話した。",[],[]
中国船4隻が領海侵入（共同通信）,https://news.yahoo.co.jp/articles/6a5b5ab7ac807f7611df3c0517cc9bb5ebb157ed,https://newsatcl-pctr.c.yimg.jp/t/amd-img/default.jpg?exp=10800,2026-07-23T18:27:41+09:00,2026-07-23T20:25:30+09:00,共同通信,kyodonews,共同通信,63,第11管区海上保安本部によると、23日午後4時5分ごろから、沖縄県・尖閣諸島周辺の領海に中国海警局の船4隻が相次いで侵入した。,[],[]
東京円、一時163円42銭　39年8カ月ぶりの円安水準（共同通信）,https://news.yahoo.co.jp/articles/26c58e1f8074d7320005babb7895422dda85b1a4,https://newsatcl-pctr.c.yimg.jp/t/amd-img/20260723-00000206-kyodonews-000-3-view.jpg?exp=10800,2026-07-23T18:27:05+09:00,2026-07-23T19:02:52+09:00,共同通信,kyodonews,共同通信,298,"円とドルの紙幣（ロイター＝共同）
23日の東京外国為替市場の円相場は対ドルで下落し、一時1ドル＝163円42銭を付けた。1986年11月以来、約39年8カ月ぶりの円安ドル高水準。米国とイランの軍事衝突が激化するとの懸念から、基軸通貨ドルに「有事の買い」の動きが出た。原油価格が高止まりし、日本の貿易赤字が拡大するとの見方も円売りを促した。

　片山さつき財務相はこの日午前、円安進行に関し「必要があれば果断に行動する」と記者団に述べた。円買いドル売りの市場介入に踏み切る可能性を改めて示唆したが、外為ブローカーは「発言内容に目新しさがなく、市場では介入まで距離があると受け止められた」と指摘した。",[],[]
熱波のフランス、死者5千人超増　6～7月の16日間、若者も（共同通信）,https://news.yahoo.co.jp/articles/3193468daf195316cc37b757156bcb500eb9d3be,https://newsatcl-pctr.c.yimg.jp/t/amd-img/20260723-00000205-kyodonews-000-3-view.jpg?exp=10800,2026-07-23T18:24:04+09:00,2026-07-23T18:47:51+09:00,共同通信,kyodonews,共同通信,340,"熱波に見舞われたフランス・パリの噴水で涼む人たち＝6月24日（AP＝共同）
【パリ共同】フランスの公衆衛生当局は22日、熱波に見舞われた6月17日～7月2日の16日間で例年より死者が5764人（36％）増えたとの暫定結果を発表した。高齢者だけでなく15歳以上の若者層の増加も確認された。当局は「長期間の熱波による健康への影響を浮き彫りにしている」と指摘している。

　死者の増加分の半数以上は特に著しい猛暑がフランスを襲った6月25～27日に集中。75歳以上の高齢者が3分の2を占め、病院、住宅、高齢者施設のいずれでも増加した。地域別ではパリを含むイルドフランス地域圏の約2千人が最も多く、例年より81.2％増えた。

　秋に最終集計が発表される予定で、さらに増える可能性がある。",[],[]
新潟の簡裁判事に猶予判決　オンライン常習賭博、秋田地裁（共同通信）,https://news.yahoo.co.jp/articles/3a15c27a36370b4430b9c6336e8722e77d2cf590,https://newsatcl-pctr.c.yimg.jp/t/amd-img/default.jpg?exp=10800,2026-07-23T18:22:38+09:00,2026-07-23T18:38:56+09:00,共同通信,kyodonews,共同通信,300,"国家公務員合同宿舎の共益費を着服し、オンラインカジノで賭博を繰り返したなどとして、業務上横領や常習賭博などの罪に問われた新潟簡裁判事の森本暁史被告（52）に秋田地裁は23日、懲役3年、執行猶予4年（求刑懲役3年）の判決を言い渡した。

　岡田龍太郎裁判官は判決理由で、着服してまで昼夜オンラインカジノに溺れ、常習性は顕著だと指摘。「簡裁判事として法令順守を特に強く求められる立場にあった以上、信頼に反した点で批判を免れない」と述べた。

　判決によると、被告は秋田県横手市の宿舎に住んで共益費の管理当番を務め、管理組合の口座から共益費を引き出して2023年4月～25年5月に計約278万円を着服した。",[],[]
ルケーシーがロッテ入団会見　先発投手として期待（共同通信）,https://news.yahoo.co.jp/articles/8490a9aac734dd9c41af2ebefd94edda28337e47,https://newsatcl-pctr.c.yimg.jp/t/amd-img/20260723-00000203-kyodonews-000-3-view.jpg?exp=10800,2026-07-23T18:20:27+09:00,2026-07-23T18:36:56+09:00,共同通信,kyodonews,共同通信,252,"入団記者会見でポーズをとるロッテの新外国人選手、ルケーシー＝23日、ZOZOマリンスタジアム
ロッテの新外国人選手、ルケーシーが23日、ZOZOマリンスタジアムで入団会見に臨み「持ち球を駆使して強い球で相手打者に向かっていくのが特徴。チームの勝ちが最優先。その力になれればうれしい」と意気込んだ。

　米国出身。メジャー通算124試合（先発77試合）で23勝28敗、防御率4.15と経験豊富な左腕。先発投手として期待されており「先発としての質のいい投球を目指してチームメートと頑張っていきたい」と話した。",[],[]
巡査が検視先で現金持ち去り疑い　埼玉県警、書類送検（共同通信）,https://news.yahoo.co.jp/articles/11b39ca7f0a72601e08158921785b99f495c12af,https://newsatcl-pctr.c.yimg.jp/t/amd-img/20260723-00000202-kyodonews-000-3-view.jpg?exp=10800,2026-07-23T18:17:09+09:00,2026-07-23T18:32:55+09:00,共同通信,kyodonews,共同通信,278,"埼玉県警本部
埼玉県警は23日、同県坂戸市の住宅で検視作業中に現場から現金20万円を持ち去ったとして、占有離脱物横領の疑いで西入間署刑事課の男性巡査（35）を書類送検した。県警は同日、懲戒免職処分とした。県警によると、「出来心で盗んだ。生活費の足しになればと思った」と供述している。

　書類送検容疑は2月10日、1人暮らしで亡くなった70代女性の検視作業中に現場から現金を持ち去った疑い。親族が立ち会い、巡査ら3人が現場の状況を確認していた。8日後、親族が「女性に渡した20万円が見当たらない」と署に連絡し、同月19日に署員らが調べたが見つからなかった。",[],[]
森保監督続投、後任に大岩氏　来年3月から交代（共同通信）,https://news.yahoo.co.jp/articles/b0c7243e5c8298dd100c0698eaaaa4abe77c8d6d,https://newsatcl-pctr.c.yimg.jp/t/amd-img/20260723-00000201-kyodonews-000-5-view.jpg?exp=10800,2026-07-23T18:11:06+09:00,2026-07-23T20:48:14+09:00,共同通信,kyodonews,共同通信,479,"サッカー日本代表の森保一監督
日本サッカー協会は23日、東京都内で理事会を開き、W杯北中米3カ国大会で日本代表を率いた森保一監督（57）の短期続投と、30年の次回W杯に向けた後任に大岩剛氏（54）の起用を決めた。森保監督が指揮を執るのは来年1～2月のアジア・カップ（サウジアラビア）まで。来年3月からは28年ロサンゼルス五輪出場を目指すU―21（21歳以下）日本代表の大岩監督が兼任する。

　次のW杯の前に監督の交代が決まっている異例の人事となった。年代別代表の監督が年齢制限のない日本代表を兼任するのは、21年東京五輪を率いた森保監督以来となる。24日に東京都内で行われる記者会見で宮本恒靖会長らが経緯などを説明する。

　森保監督は、18年W杯ロシア大会後に監督となり、22年カタール大会は1次リーグでドイツやスペインを破って16強入り。北中米3カ国大会ではベスト32で敗退した。

　大岩氏は静岡県出身で、現役時代はDFとして活躍。J1鹿島の監督としてアジア・チャンピオンズリーグ（ACL）を制し、24年パリ五輪では日本男子を率いてベスト8入りした。",[],[]
興和40億円超申告漏れ、名古屋国税局指摘（共同通信）,https://news.yahoo.co.jp/articles/646612227487763747727fc39a2d5f1fb441718c,https://newsatcl-pctr.c.yimg.jp/t/amd-img/default.jpg?exp=10800,2026-07-23T18:09:23+09:00,2026-07-23T19:04:55+09:00,共同通信,kyodonews,共同通信,103,医薬品製造などを手がける「興和」が南米チリ所在の子会社を巡り、名古屋国税局の税務調査を受け、2024年3月期までの3年間で少なくとも40億円の申告漏れを指摘されていたことが23日、関係者への取材で分かった。,[],[]
世界最大級の花、結実後に開花　筑波の実験植物園、国内初（共同通信）,https://news.yahoo.co.jp/articles/04da03b3826a5dab1625662469166107a2da45bc,https://newsatcl-pctr.c.yimg.jp/t/amd-img/20260723-00000199-kyodonews-000-3-view.jpg?exp=10800,2026-07-23T18:06:58+09:00,2026-07-23T18:35:41+09:00,共同通信,kyodonews,共同通信,346,"開花した「ショクダイオオコンニャク」＝23日午後、茨城県つくば市の国立科学博物館筑波実験植物園
国立科学博物館筑波実験植物園（茨城県つくば市）で23日、世界最大級の花「ショクダイオオコンニャク」が開花した。同園によると、この個体は2023年、日本で初めて人工受粉による結実に成功した個体。結実した後は枯れることが多いとされており、結実後の開花は国内初という。

　ショクダイオオコンニャクはインドネシア・スマトラ島の熱帯雨林に生え、国際自然保護連合（IUCN）が絶滅危惧種に指定している。開花後に強烈な悪臭を放つのが特徴。

　同園によるとこの個体の開花は7回目で、それほど多く咲くのも異例。花は高さ2メートルを超えた。見頃のピークは同日午後。その後は徐々に花びらのような部分が閉じるという。",[],[]
副首都法案、24日採決で与野党合意できず（共同通信）,https://news.yahoo.co.jp/articles/f5d322f8ad3d38bf1c991615937ae7ebb504fed6,https://newsatcl-pctr.c.yimg.jp/t/amd-img/default.jpg?exp=10800,2026-07-23T18:06:15+09:00,2026-07-23T18:22:56+09:00,共同通信,kyodonews,共同通信,108,参院の自民、立憲民主両党国対委員長は23日、副首都構想関連法案を巡り再会談したが、24日の参院特別委員会で採決する日程に合意できなかった。立民が採決の条件とした地方選と住民投票の同日実施禁止について折り合わなかった。,[],[]
首相X「行政文書でない」　木原氏、内容評価は回避（共同通信）,https://news.yahoo.co.jp/articles/19425380a5d647443badbcf28272631893b9e0e2,https://newsatcl-pctr.c.yimg.jp/t/amd-img/default.jpg?exp=10800,2026-07-23T18:04:18+09:00,2026-07-23T18:20:56+09:00,共同通信,kyodonews,共同通信,210,"木原稔官房長官は23日の記者会見で、高市早苗首相が自身のX（旧ツイッター）に投稿した内容が公文書に当たるか否かを問われ「内閣官房が運用しているわけではなく、行政文書ではない」と述べた。投稿内容が適切かどうかも質問されたが「政府としてコメントするのは差し控える」と評価を避けた。

　情報発信の在り方について「首相は多様な方法をどのように組み合わせるのが最も良いのか、試行錯誤しながら見いだしたいと述べている」と説明した。",[],[]
JR西日本とUSJ、教育で連携　日航参画、子ども体験企画（共同通信）,https://news.yahoo.co.jp/articles/32a7ee633d02136b08e4f1babaed7f1a6e0a9e4b,https://newsatcl-pctr.c.yimg.jp/t/amd-img/20260723-00000196-kyodonews-000-3-view.jpg?exp=10800,2026-07-23T18:03:26+09:00,2026-07-23T18:33:32+09:00,共同通信,kyodonews,共同通信,336,"記念撮影するJR西日本の倉坂昇治社長（右から5人目）とUSJ運営会社の村山卓社長（同6人目）ら＝23日午後、大阪市
JR西日本とユニバーサル・スタジオ・ジャパン（USJ、大阪市）の運営会社は23日、子どもの教育支援などで連携協定を結んだ。賛同する日本航空を加えた3社で2027年2月に岡山、広島両県の児童養護施設などで暮らす子どもを対象に体験企画を実施する。普段は得がたい経験を提供し、新たな学びにつなげてもらうのが狙いだ。

　企画では、山陽新幹線に乗車しUSJに招待。子どもたちに夢や未来をテーマに絵を描いてもらって組み合わせ、駅や空港で展示する。JR西と日航による教育プログラムも盛り込む。企画は継続的に行い、JR西エリアの山陰や北陸に対象を拡大することも検討する。",[],[]
首相、中高年女性に適切治療を　「同じ思いする人減るといい」（共同通信）,https://news.yahoo.co.jp/articles/435afaf72f15a5c8254877078bdb8fa282f24646,https://newsatcl-pctr.c.yimg.jp/t/amd-img/20260723-00000195-kyodonews-000-3-view.jpg?exp=10800,2026-07-23T18:02:17+09:00,2026-07-23T18:18:58+09:00,共同通信,kyodonews,共同通信,385,"日本産科婦人科学会など10団体の理事長らと面会し、「女性のヘルスケアに関するガイダンス」を受け取る高市首相（右から4人目）＝23日午後、首相官邸
高市早苗首相は23日、中高年期の女性が適切な治療を受けられるよう、医師らへの手引書を作成した日本産科婦人科学会など、10団体の理事長らと官邸で面会した。持病の関節リウマチが発症した経緯に触れ「治療を早く行えば、進行を止められた。とても残念で同じ思いをする人が減るといい」と述べた。

　手引書は「女性のヘルスケアに関するガイダンス（中高年期編）」。中高年期の女性に起こる身体的・精神的変化や、更年期障害と間違えられやすい症状を紹介した。厚生労働省のホームページ（HP）などで公開されている。

　首相は面会で「待ちに待った成果を出してもらえた」と取り組みをたたえた。若い女性や、更年期の男性向けの手引作成にも期待感を示した。",[],[]
円安進行、一時1ドル＝163円42銭（共同通信）,https://news.yahoo.co.jp/articles/c792e3bd5b0c52746dc977d50358becf84315586,https://newsatcl-pctr.c.yimg.jp/t/amd-img/default.jpg?exp=10800,2026-07-23T18:00:38+09:00,2026-07-23T18:21:58+09:00,共同通信,kyodonews,共同通信,76,日銀によると、23日の東京外国為替市場の円相場は対ドルで下落し、一時1ドル＝163円42銭を付けた。1986年11月以来、約39年8カ月ぶりの円安水準。,[],[]
サッカー女子、台湾と1次L同組　アジア大会抽選会（共同通信）,https://news.yahoo.co.jp/articles/68268cebf8da485092b54991b6db0ee6fbce4368,https://newsatcl-pctr.c.yimg.jp/t/amd-img/20260723-00000193-kyodonews-000-3-view.jpg?exp=10800,2026-07-23T18:00:30+09:00,2026-07-23T18:35:25+09:00,共同通信,kyodonews,共同通信,338,"愛知・名古屋アジア大会の団体球技の組み合わせ抽選会＝23日午後、名古屋市
9月開幕の愛知・名古屋アジア大会の団体球技の組み合わせ抽選会が23日、名古屋市で開かれ、サッカー女子で3連覇を狙う日本は1次リーグで台湾、ベトナム、タイと同じE組に入った。抽選役を務めた元日本代表の澤穂希さんは「一人でも多くの方に試合を見に来ていただけたら」と呼びかけた。

　男子の日本はA組でタイ、キルギス、香港と顔を合わせる。

　バレーボールで前回大会銅メダルだった男子の日本はパキスタンなどと、同銀メダルの女子の日本はインドネシアなどと同組となった。優勝チームが2028年ロサンゼルス五輪出場権を得るホッケーは世界ランキングに基づいた組み合わせが発表され、日本は男女ともインドと同組に入った。",[],[]
サッカー日本代表の森保監督続投決まる（共同通信）,https://news.yahoo.co.jp/articles/77044543c76f6b88c8af474a2158aa7458456913,https://newsatcl-pctr.c.yimg.jp/t/amd-img/default.jpg?exp=10800,2026-07-23T17:54:42+09:00,2026-07-23T18:11:01+09:00,共同通信,kyodonews,共同通信,110,日本サッカー協会は23日、東京都内で理事会を開き、ワールドカップ（W杯）北中米3カ国大会で日本代表を率いた森保一監督（57）が来年1月開幕のアジア・カップまで続投することを承認した。その後は大岩剛氏（54）が指揮を執る。,[],[]
倉林紅が64で単独首位　女子ゴルフ第1日（共同通信）,https://news.yahoo.co.jp/articles/76781f9b3b31c6842cd044e4088906839f415345,https://newsatcl-pctr.c.yimg.jp/t/amd-img/20260723-00000191-kyodonews-000-3-view.jpg?exp=10800,2026-07-23T17:54:14+09:00,2026-07-23T18:10:54+09:00,共同通信,kyodonews,共同通信,262,"第1日、8アンダーで首位の倉林紅＝ザ・クイーンズヒルGC
大東建託いい部屋ネット・レディース第1日（23日・福岡県ザ・クイーンズヒルGC＝6485ヤード、パー72）ツアー新人で21歳の倉林紅が9バーディー、1ボギーの64で回り、単独首位に立った。

　1打差の2位に都玲華がつけ、さらに1打差の3位に中村心や成田美寿々ら9人が並んだ。前回覇者の渡辺彩香と前週優勝の阿部未悠は68の30位だった。（賞金総額1億2千万円、優勝2160万円、出場120選手＝アマ3、晴れ、気温31.8度、北北西の風6.2メートル、観衆1680人）",[],[]
上野が3期ぶり挑戦　囲碁の女流本因坊戦（共同通信）,https://news.yahoo.co.jp/articles/c08cdd0b79b58d236c0a128965878f3b7e395029,https://newsatcl-pctr.c.yimg.jp/t/amd-img/20260723-00000190-kyodonews-000-3-view.jpg?exp=10800,2026-07-23T17:53:03+09:00,2026-07-23T18:08:55+09:00,共同通信,kyodonews,共同通信,237,"上野梨紗扇興杯
囲碁の第45期女流本因坊戦（共同通信社主催、JA共済連、共栄火災協賛）本戦決勝は23日、東京都千代田区の日本棋院で打たれ、上野梨紗扇興杯（20）が186手で星合志保四段（29）に白番中押し勝ちし、3期ぶり2度目の挑戦を決めた。

　上野扇興杯は東京都出身、2019年にプロ入りした。第42期の5番勝負は2勝3敗で敗退したが、フルセットの激闘を繰り広げた。

　7連覇が懸かる藤沢里菜女流本因坊（27）との5番勝負は10月8日、岩手県花巻市の佳松園で開幕する。",[],[]
北方領土でミサイル演習か　ロシア軍、沿岸防衛目的（共同通信）,https://news.yahoo.co.jp/articles/d30c4570fa9191a10a7889f5b091798cb42b5eb1,https://newsatcl-pctr.c.yimg.jp/t/amd-img/default.jpg?exp=10800,2026-07-23T17:47:46+09:00,2026-07-23T18:05:00+09:00,共同通信,kyodonews,共同通信,311,"【モスクワ共同】インタファクス通信によると、ロシア海軍の太平洋艦隊は22日、極東のクリール諸島（千島列島と北方領土）やカムチャツカ、沿海地方の沿岸防衛を目的とした定期的な戦術演習を実施中だと発表した。主体は新型地対艦ミサイルの「バスチオン」や「バル」を扱う部隊で、配備先である北方領土の国後、択捉両島も演習地とみられる。

　仮想敵の揚陸部隊の艦艇を標的に想定したミサイルの模擬発射や、ミサイルシステムの移動などを実施。無人航空機からの防衛に重点を置いたとしている。

　報道によると、バスチオンには移動式と固定式の2タイプがあり、全長600キロの沿岸防衛を担う。バルについては最大120キロ離れた標的を攻撃できるとした。",[],[]
仏で熱波の6～7月、死者5千人超増加（共同通信）,https://news.yahoo.co.jp/articles/7c661b37eb31fd6948ea5ad662ca6774feb54998,https://newsatcl-pctr.c.yimg.jp/t/amd-img/default.jpg?exp=10800,2026-07-23T17:47:18+09:00,2026-07-23T18:04:54+09:00,共同通信,kyodonews,共同通信,108,【パリ共同】フランスの公衆衛生当局は22日、熱波に見舞われた6月17日～7月2日の16日間で例年より死者が5764人増えたとの暫定結果を発表した。「長期間の熱波による健康への影響を浮き彫りにしている」と指摘している。,[],[]
精神障害者の傍聴禁止放置　規定削除怠り、岐阜・白川（共同通信）,https://news.yahoo.co.jp/articles/abe3399b3160a795972b8297e7f0d16539d0b8d9,https://newsatcl-pctr.c.yimg.jp/t/amd-img/default.jpg?exp=10800,2026-07-23T17:45:56+09:00,2026-07-23T18:02:55+09:00,共同通信,kyodonews,共同通信,308,"岐阜県白川村教育委員会の規則に、精神障害を理由とした会議の傍聴を禁じる規定が残されたままだったことが23日、同教委への取材で分かった。村教委は同日の定例会で規定を削除した。文部科学省は2023年、全国の自治体と教委にこうした規則の点検と見直しを求める通知を出したが、白川村教委は見落として対応を怠っていた。

　村教委によると、削除前の規定は「精神に異常があると認められる者」は傍聴を許さないとしていた。実際に適用された事例はないとしている。

　県教委は文科省の通知を受け、県内の教育委員会事務局へ連絡していたが、白川村教委の新谷さゆり事務局長は「当時の担当者が見落としていた」と説明。再発防止を徹底すると話した。",[],[]
大阪で住宅火災、2人死亡　住人姉妹か、連絡取れず（共同通信）,https://news.yahoo.co.jp/articles/79054472f41cc99288038c2f396ce0bf0f4dc0a7,https://newsatcl-pctr.c.yimg.jp/t/amd-img/default.jpg?exp=10800,2026-07-23T17:41:50+09:00,2026-07-23T17:59:12+09:00,共同通信,kyodonews,共同通信,206,"23日午前4時55分ごろ、大阪府交野市の木造2階建て住宅で「1階から火が出ている」と通行人の男性から119番があった。地元消防によると、約90平方メートルが全焼し約1時間後に鎮圧。焼け跡から性別、年齢不明の2人の遺体が見つかった。

　府警によると、住人で姉妹とみられる60代と50代の女性2人と連絡が取れておらず、遺体の身元や出火原因を調べている。

　現場は京阪交野線交野市駅から北東に約1.2キロの住宅街。",[],[]
国指定の自転車道、6カ所を追加　魅力PR役に田中理恵さん（共同通信）,https://news.yahoo.co.jp/articles/29df2d47053f62a661125cd6c1ba7ea136a668ad,https://newsatcl-pctr.c.yimg.jp/t/amd-img/20260723-00000185-kyodonews-000-3-view.jpg?exp=10800,2026-07-23T17:41:21+09:00,2026-07-23T18:35:51+09:00,共同通信,kyodonews,共同通信,301,"自転車アンバサダーに任命され、金子国交相（左）と写真に納まる元体操選手の田中理恵さん＝23日午後、東京都千代田区
国土交通省は23日、日本を代表する自転車道としてPRを図る「ナショナルサイクルルート」に、新たに静岡、山梨両県を走る「フジイチ」など6ルートを指定した。元体操選手田中理恵さんの「自転車アンバサダー」任命も発表。省内で開かれた記念式典で田中さんは「サイクリングの楽しさを発信していきたい」と意気込んだ。

　他のルートは、福島県の「ふくしま浜通りサイクルルート」、鳥取県の「鳥取うみなみロード」など。フジイチは富士山の裾野を一周する約163キロのコースで雄大な風景を楽しみながら走行できる。",[],[]
猪苗代事故、二審見直しか　無罪被告、最高裁9月弁論（共同通信）,https://news.yahoo.co.jp/articles/6e2a2fb047be06c2943a34ab09db384e8e2cc2c5,https://newsatcl-pctr.c.yimg.jp/t/amd-img/20260723-00000184-kyodonews-000-5-view.jpg?exp=10800,2026-07-23T17:40:22+09:00,2026-07-23T18:59:45+09:00,共同通信,kyodonews,共同通信,456,"最高裁
最高裁第2小法廷（高須順一裁判長）は23日までに、福島県会津若松市の猪苗代湖で2020年、操縦していたプレジャーボートに接触した3人を死傷させたとして、業務上過失致死傷罪に問われた佐藤剛被告（49）の上告審弁論を、9月18日に開くと決めた。弁論は二審の結論変更に必要な手続き。無罪とした仙台高裁判決が見直される可能性がある。検察側が上告していた。

　23年の一審福島地裁判決は、事故状況を再現した県警の実況見分を基に、衝突地点の約223メートル手前で被害者を発見可能だったと強く推認できると判断。「安全を確認して航行していれば被害者らとの衝突を回避できた」として、禁錮2年の実刑を言い渡した。

　一方、24年の二審は、実況見分は被告に不利な条件があったなどの問題点を指摘。被告が注視しても「被害者らを確実に発見できたと間違いなく認めるのは困難だ」と判断して過失を認めず、一審判決を破棄して無罪とした。
事故は20年9月6日午前11時ごろ発生。小学3年＝当時（8）＝が死亡し、母親ら2人が重傷を負った。",[],[]
高用量ワクチン、定期接種見送り　インフル、75歳以上向け（共同通信）,https://news.yahoo.co.jp/articles/46709e50bde771eb718404365ba834dcf24fcda2,https://newsatcl-pctr.c.yimg.jp/t/amd-img/default.jpg?exp=10800,2026-07-23T17:37:54+09:00,2026-07-23T17:54:54+09:00,共同通信,kyodonews,共同通信,280,"厚生労働省のワクチン分科会は23日、高用量インフルエンザワクチン「エフルエルダ」について、予定していた75歳以上に対する10月1日からの定期接種を見送ることを決めた。製造元の仏サノフィの製造工程トラブルで供給が困難になり、薬事承認が遅れているため。

　定期接種化を予定していたワクチンは標準の4倍の成分を含み、強い免疫を誘導できるのが特長。従来の標準量ワクチンとどちらかを選べるようにする計画だった。

　同社日本法人は「国内製造委託先における一部製造プロセスの確立・検証に想定を上回る期間を要している。有効性や安全性に影響を与えるものではない」としている。",[],[]
バドミントンなどで競技開始　全国高校総体、近畿中心で（共同通信）,https://news.yahoo.co.jp/articles/00b0eef241e0a8c90e89eed53784bfdd45a6a429,https://newsatcl-pctr.c.yimg.jp/t/amd-img/default.jpg?exp=10800,2026-07-23T17:35:50+09:00,2026-07-23T17:52:56+09:00,共同通信,kyodonews,共同通信,119,"高校スポーツの夏の祭典、全国高校総合体育大会（インターハイ）は23日に競技が始まり、和歌山県でバドミントン、レスリングが行われた。

　大会は30競技が実施され、近畿を中心に8月21日まで行われる。総合開会式は8月3日に滋賀県で開かれる。",[],[]
古俣聖、松本龍らが本戦へ　世界フェンシング第2日（共同通信）,https://news.yahoo.co.jp/articles/e9b4027a105bc6865e5e2ea767e9bb41886202d0,https://newsatcl-pctr.c.yimg.jp/t/amd-img/default.jpg?exp=10800,2026-07-23T17:28:22+09:00,2026-07-23T17:45:00+09:00,共同通信,kyodonews,共同通信,227,"【香港共同】フェンシングの世界選手権第2日は23日、香港で個人2種目の予選が行われ、男子エペは古俣聖（本間組）と松本龍（飯野物産）が26日の本戦出場を決めた。2連覇を狙う加納虹輝（JAL）と山田優（SAGAスポーツピラミッド）は予選免除で本戦から登場する。

　女子サーブルは金子優衣奈、尾崎世梨（以上ミキハウス）、佐野佑衣（オリエンタル酵母工業）が予選を突破し、26日の本戦へ進んだ。2度優勝の実績がある江村美咲（立飛ホールディングス）は本戦から出場。",[],[]
騒音で不眠症にさせた疑いで逮捕　61歳男、近隣住民に（共同通信）,https://news.yahoo.co.jp/articles/7cd6aafffc57f624d23a3c2951c16973dfe3b50c,https://newsatcl-pctr.c.yimg.jp/t/amd-img/20260723-00000181-kyodonews-000-4-view.jpg?exp=10800,2026-07-23T17:28:08+09:00,2026-07-23T18:06:10+09:00,共同通信,kyodonews,共同通信,326,"1
/
2
押収されたギター＝23日午後、京都・西京署
警察車両の赤色灯
京都府警西京署は23日、自宅で大音量のラジオを流すなどして、近隣住民4人を不眠症などにしたとして、傷害容疑で、京都市西京区、無職横井一憲容疑者（61）を逮捕した。同署によると「ラジオやギターの音を流していたのは事実だ」と供述。傷害を負わせたという容疑は「間違っている」と否認している。

　逮捕容疑は2019年6月～今年7月、自宅で昼夜を問わず大音量でラジオを流したり、ギターを弾いたりするなどして、近隣に住む67～80歳の男女3人を不眠症やうつ状態にするなどの傷害を負わせた疑い。また、昨年4月～今年7月、同様の騒音で、近くに住む女性（49）に「耳鳴症」の傷害を負わせた疑い。",[],[]
北海道警、資料管理簿紛失　事件関係者の氏名記載（共同通信）,https://news.yahoo.co.jp/articles/a2f87b40337b250de1b24fe6b51868fa95819221,https://newsatcl-pctr.c.yimg.jp/t/amd-img/20260723-00000179-kyodonews-000-4-view.jpg?exp=10800,2026-07-23T17:27:03+09:00,2026-07-23T19:13:24+09:00,共同通信,kyodonews,共同通信,267,"北海道警察本部＝札幌市
北海道警は23日、事件や事故現場で撮影した写真フィルムなどの資料の管理簿48冊を紛失したと発表した。20署が1999～2019年に作成、保管していたもので、当事者や関係者の氏名が記されていたが、人数は特定できていない。誤廃棄した可能性が高く、個人情報の流出は確認されていないとしている。

　管理簿で扱っていた資料は写真フィルムと物損事故報告書で、一つ一つの資料の概要や保管場所を記録していた。道警内規でフィルムの管理簿は永久に、報告書の管理簿は10年間保存するとされ、署内の鍵のかかるロッカーで保管していた。",[],[]
年間猛暑日数が急増　昨年7府県で50日超観測（共同通信）,https://news.yahoo.co.jp/articles/3b9e0d2c786cba52b5f793c85827776276ae7f50,https://newsatcl-pctr.c.yimg.jp/t/amd-img/20260723-00000178-kyodonews-000-3-view.jpg?exp=10800,2026-07-23T17:26:18+09:00,2026-07-23T18:05:49+09:00,共同通信,kyodonews,共同通信,477,"47観測地点合計の年間猛暑日数
最高気温35度以上の猛暑日となった年間日数が各地で急増していることが23日、47都道府県の主要観測地点のデータで分かった。2024年は京都など2府県、25年には7府県で50日を超えた。100年前に当たる1926年以降、2023年までは類例がなく、最近の厳しい暑さが浮き彫りになった。特に直近5年間は増え方が著しい。今年も全国的に暑さが続き、今後も熱中症への対策が求められる。

　共同通信が気象庁のデータを分析。都道府県内の気象台について、古くからデータが残る主要な観測地点を1カ所ずつ選び、1926年以降の猛暑日数を数えた。

　2025年の猛暑日数は前橋、熊谷（埼玉）、甲府、岐阜、名古屋、京都、奈良で50日を超えた。本州の内陸で暑さが際立つ。24年は京都と熊本で50日を上回った。

　京都では、21年は18日、22年は25日、23年は43日、24年は54日、25年は61日を観測。熊谷、甲府、岐阜などもこの5年間は増加傾向だった。
47観測地点の猛暑日の数を足し上げてみると、24、25年はそれぞれ計千日を超えた。",[],[]
24日の予告先発（共同通信）,https://news.yahoo.co.jp/articles/c98a22d380d43323d2e95d9a712d28d8348f6faf,https://newsatcl-pctr.c.yimg.jp/t/amd-img/default.jpg?exp=10800,2026-07-23T17:25:06+09:00,2026-07-23T17:41:40+09:00,共同通信,kyodonews,共同通信,138,"◇セ・リーグ

ヤクルト・高橋―広島・アドゥワ（神宮）

中日・柳―DeNA・東（バンテリンドームナゴヤ）

阪神・才木―巨人・ウィットリー（甲子園）

　◇パ・リーグ

西武・渡辺―ソフトバンク・上茶谷（ベルーナドーム）

オリックス・寺西―ロッテ・河村（京セラドーム大阪）",[],[]
着服でオンライン賭博の簡裁判事に有罪判決（共同通信）,https://news.yahoo.co.jp/articles/926758d4ff4a90079cb96e1b5ce1d79b1aaa0e77,https://newsatcl-pctr.c.yimg.jp/t/amd-img/default.jpg?exp=10800,2026-07-23T17:25:01+09:00,2026-07-23T17:41:00+09:00,共同通信,kyodonews,共同通信,108,国家公務員合同宿舎の共益費を着服し、オンラインカジノで賭博を繰り返したなどとして、業務上横領や常習賭博などの罪に問われた新潟簡裁判事の森本暁史被告（52）に秋田地裁は23日、懲役3年、執行猶予4年の判決を言い渡した。,[],[]
高知で遊泳中に心肺停止の男子中学生が死亡（共同通信）,https://news.yahoo.co.jp/articles/2be94610ef9e8ac6a7540a72e4087bcf6fcd0434,https://newsatcl-pctr.c.yimg.jp/t/amd-img/default.jpg?exp=10800,2026-07-23T17:23:06+09:00,2026-07-23T17:38:56+09:00,共同通信,kyodonews,共同通信,61,高知県警によると、23日、高知市の鏡川で遊泳中に溺れ、心肺停止だった男子中学生の死亡が確認された。友人4人と遊泳中だった。,[],[]
副首都法案採決折り合わず　与野党、住民投票巡り対立（共同通信）,https://news.yahoo.co.jp/articles/ee4e314efaac2506a1c8a1cf9e7ee1e03ae841c7,https://newsatcl-pctr.c.yimg.jp/t/amd-img/20260723-00000174-kyodonews-000-4-view.jpg?exp=10800,2026-07-23T17:20:41+09:00,2026-07-23T19:17:59+09:00,共同通信,kyodonews,共同通信,348,"会談に臨む自民党の磯崎参院国対委員長（右）と立憲民主党の斎藤国対委員長＝23日午後、国会
自民党の磯崎仁彦参院国対委員長と立憲民主党の斎藤嘉隆国対委員長は23日、与党提出の「副首都」構想関連法案を巡って断続的に会談した。磯崎氏は24日に参院特別委員会で採決する日程を提案。斎藤氏は副首都の指定要件に関連し、地方選と住民投票の同日実施は禁じることなどを確約するよう求めて折り合わなかった。両党は引き続き協議する。

　野党6党の国対委員長は会談し、与党が確約しなければ採決に応じない方針で一致した。国会会期末を25日に控え、採決を巡る与野党の攻防が激しさを増した。

　「大阪都構想」を掲げて大阪の副首都化を目指す日本維新の会は、来春の知事選と、都構想の賛否を問う住民投票の同日実施を目指している。",[],[]
解散時の資産は834億円　旧統一教会、清算人公表（共同通信）,https://news.yahoo.co.jp/articles/d619976938b8fc0df67adbce58a81e020f8f4e9f,https://newsatcl-pctr.c.yimg.jp/t/amd-img/20260723-00000173-kyodonews-000-3-view.jpg?exp=10800,2026-07-23T17:20:03+09:00,2026-07-23T17:37:09+09:00,共同通信,kyodonews,共同通信,333,"世界平和統一家庭連合（旧統一教会）の本部が入るビル＝東京都渋谷区
世界平和統一家庭連合（旧統一教会）の清算人は23日までに清算手続きの報告書を公表し、東京高裁が教団に解散を命じた3月4日時点で、教団が約834億円の資産を保有していたと明らかにした。

　報告書によると、現金・預金が約450億円、東京都渋谷区の本部建物といった固定資産が約382億円など。清算手続きの状況も公表し、保有する自動車約490台を売却するなどしたという。賃貸借契約をしていた教会施設などの解約に関し、250超の物件の処理が完了した。

　高裁決定で解散命令は効力を持ち、6月の最高裁決定でその判断が確定した。5月に受け付けを始めた献金被害などの債権申告は、約2カ月で212人に上ったとした。",[],[]
井上拓真と那須川天心、9月再戦　WBC世界バンタム級（共同通信）,https://news.yahoo.co.jp/articles/116320486006acf5dc8db906d98c35c74be4e464,https://newsatcl-pctr.c.yimg.jp/t/amd-img/20260723-00000172-kyodonews-000-5-view.jpg?exp=10800,2026-07-23T17:19:41+09:00,2026-07-23T19:38:41+09:00,共同通信,kyodonews,共同通信,503,"写真に納まる井上拓真（左）と那須川天心＝23日、東京都新宿区
世界ボクシング評議会（WBC）バンタム級王者の井上拓真（大橋）と元人気キックボクサーで同級1位の那須川天心（帝拳）が9月27日にトヨタアリーナ東京で対戦することが23日、主催者から発表された。両者は昨年11月の王座決定戦で闘い、井上拓が判定勝ち。注目の再戦となる。

　東京都新宿区の屋外での公開記者会見で井上拓は「完封して、返り討ちにする。2連敗する屈辱を味わわせたい」と自信を示した。那須川は「この世の言葉では表せない感情。負けて預けたものはでかい。利子をたくさんつけて返してもらう」とKO勝ちを予告した。

　世界スーパーバンタム級4団体統一王者の井上尚弥（大橋）の弟で30歳の井上拓は、今年5月の井岡一翔（志成）戦の勝利に続く2度目の防衛戦で「隙なく自分のボクシングをして倒すだけ」と意欲。27歳の那須川は2度目の世界挑戦で王座奪取を狙う。「最初の対戦から戦術はがらっと変わる。何が来ても大丈夫な用意をしている。最高の俺を見せる」と笑みを浮かべた。
井上拓真、那須川天心
戦績は井上拓が22勝（5KO）2敗、那須川は8勝（3KO）1敗。",[],[]
実行役の男に拘禁刑12年　ネットで指示受け性的暴行（共同通信）,https://news.yahoo.co.jp/articles/9adad2c36b8e0998bd8f461c7ba29c18ea56fed0,https://newsatcl-pctr.c.yimg.jp/t/amd-img/20260723-00000171-kyodonews-000-3-view.jpg?exp=10800,2026-07-23T17:16:12+09:00,2026-07-23T17:32:56+09:00,共同通信,kyodonews,共同通信,318,"東京地裁
インターネットで女性に性的暴行を加える依頼を受け、実行したとして強盗不同意性交などの罪に問われた住所職業不詳、山本礼哉被告（26）の裁判員裁判で東京地裁は23日、拘禁刑12年（求刑拘禁刑13年）の判決を言い渡した。

　関紅亜礼裁判長は、指示役の職業住所不詳、松田烈被告（28）＝不同意性交罪などで公判中＝が元交際相手を襲わせようと、ネット上で闇バイトを募ったと指摘。山本被告は「レイプ、掲示板」と検索して闇バイトを見つけ、金銭も得ようと犯行に及んだとし「経緯や動機は極めて短絡的かつ自己中心的だ」と非難した。

　弁護人は指示に従ったに過ぎないと主張したが、自発的に検索して指示役と関係を構築、「主体的に遂行した」と退けた。",[],[]
「国家情報局」31日に設置へ　政府、24日に閣議決定（共同通信）,https://news.yahoo.co.jp/articles/126f984627886cf0d84ad48d2ba4d491efa3c5c8,https://newsatcl-pctr.c.yimg.jp/t/amd-img/20260723-00000170-kyodonews-000-3-view.jpg?exp=10800,2026-07-23T17:11:18+09:00,2026-07-23T17:26:55+09:00,共同通信,kyodonews,共同通信,284,"首相官邸
政府は、インテリジェンス（情報活動）機能を強化するための「国家情報局」を31日に設置する方針を固めた。関連政令を24日に閣議決定する見通しだ。31日には高市早苗首相を議長とし、木原稔官房長官ら9閣僚で構成する「国家情報会議」の初会合を開催する。政府関係者が23日、明らかにした。

　情報活動に関する初めての指針「国家情報戦略（仮称）」策定に着手するほか、スパイ活動を防ぐための法整備の検討を本格化させる考えだ。

　国家情報局は「内閣情報調査室（内調）」を格上げする形で設置され、国家情報会議の事務局を担う。規模は内調と同等の700人程度で始動する方向だ。",[],[]
埼玉県警巡査が検視先で現金持ち去り疑い（共同通信）,https://news.yahoo.co.jp/articles/77f02f93e39c02b2cfcfcfe4c7f6929570e88a42,https://newsatcl-pctr.c.yimg.jp/t/amd-img/default.jpg?exp=10800,2026-07-23T17:07:03+09:00,2026-07-23T17:23:00+09:00,共同通信,kyodonews,共同通信,107,埼玉県警は23日、検視作業中に現場から現金20万円を持ち去ったとして、占有離脱物横領の疑いで西入間署刑事課の男性巡査（35）を書類送検した。同日、懲戒免職処分とした。県警によると、「出来心で盗んだ」と供述している。,[],[]
猪苗代湖ボート事故、二審判決見直しか（共同通信）,https://news.yahoo.co.jp/articles/98c2215b199a608a169bcfe088bf24aca324e0ca,https://newsatcl-pctr.c.yimg.jp/t/amd-img/default.jpg?exp=10800,2026-07-23T17:06:20+09:00,2026-07-23T17:22:54+09:00,共同通信,kyodonews,共同通信,110,最高裁第2小法廷は23日までに、福島県の猪苗代湖で3人が死傷したボート事故で、業務上過失致死傷罪に問われた被告の弁論を9月に開くと決めた。弁論は二審の結論変更に必要な手続きで、無罪とした仙台高裁判決を見直す可能性がある。,[],[]
長野県知事選は現職と新人の一騎打ち確定（共同通信）,https://news.yahoo.co.jp/articles/0765fd3de586a57254651094c747db26408e75ad,https://newsatcl-pctr.c.yimg.jp/t/amd-img/default.jpg?exp=10800,2026-07-23T17:05:28+09:00,2026-07-23T17:21:29+09:00,共同通信,kyodonews,共同通信,53,長野県知事選は23日午後5時、立候補の届け出が締め切られ、5選を目指す現職と新人による一騎打ちが確定した。,[],[]
ボクシング、井上拓と那須川が9月に再戦（共同通信）,https://news.yahoo.co.jp/articles/98c3841d78f58a2c9a2c9fd405e0fd475d163437,https://newsatcl-pctr.c.yimg.jp/t/amd-img/default.jpg?exp=10800,2026-07-23T17:05:16+09:00,2026-07-23T17:21:22+09:00,共同通信,kyodonews,共同通信,106,世界ボクシング評議会（WBC）バンタム級王者の井上拓真（大橋）と元キックボクサーで同級1位の那須川天心（帝拳）が9月27日にトヨタアリーナ東京で対戦することが23日、発表された。両者は昨年11月以来の再戦となる。,[],[]
数学五輪で金メダル2人　銀1銅3で日本10位（共同通信）,https://news.yahoo.co.jp/articles/7041c26f65568d9b23ae5f6ad51d9b33f6cf1618,https://newsatcl-pctr.c.yimg.jp/t/amd-img/default.jpg?exp=10800,2026-07-23T17:05:13+09:00,2026-07-23T17:21:16+09:00,共同通信,kyodonews,共同通信,296,"文部科学省は23日、中国・上海で開催された国際数学オリンピックでラ・サール高（鹿児島県）3年の浜川慎次郎さん、灘高（兵庫県）2年の安藤匠吾さんが金メダルを獲得したと発表した。日本代表は金メダル2個、銀メダル1個、銅メダル3個という結果で、得点に基づく国別順位は117カ国・地域の中で10位だった。

　金メダルは上位8％が対象。灘高2年の原龍之介さんは銀メダル、灘高3年の浜本祐輔さん、開成高（東京都）3年の伊藤成希さん、1年の北野聡一朗さんは銅メダルだった。

　国際数学オリンピックは1日4時間半、各3問の記述式問題を2日間の日程で取り組む。今回は117カ国・地域から666人が参加した。",[],[]
やまゆり園事件10年で追悼式　入所者「力強く生きていく」（共同通信）,https://news.yahoo.co.jp/articles/c572c15a8ba23468e5c397b909219a87df929db6,https://newsatcl-pctr.c.yimg.jp/t/amd-img/20260723-00000164-kyodonews-000-3-view.jpg?exp=10800,2026-07-23T17:04:27+09:00,2026-07-23T19:01:27+09:00,共同通信,kyodonews,共同通信,336,"津久井やまゆり園で行われた追悼式で、宣言を読み上げる永井清光園長（手前右）と入所者ら＝23日午後、相模原市緑区
相模原市の知的障害者施設「津久井やまゆり園」で入所者ら45人が殺傷された事件から26日で10年となるのを前に、入所者や職員、神奈川県内の知的障害者施設の関係者らによる追悼式が23日、園で開かれた。入所者らは「障害者としてではなく、1人の人間として力強く生きていく」との宣言を読み上げた。

　園の体育館で行われた式には約230人が参加。亡くなった19人の仲間を悼み、共生社会の実現を誓った。永井清光園長（56）が入所者の日常生活や地域との交流の様子などを映像で紹介。ダウン症の書家として知られる金沢翔子さん（41）の揮毫や、知的障害者らのバンド演奏も行われた。",[],[]
3億円超脱税疑い役員逮捕、横浜　エンゼル税制悪用か（共同通信）,https://news.yahoo.co.jp/articles/b675a3aec7b808e5c568e4e33ec2d8c2499c1767,https://newsatcl-pctr.c.yimg.jp/t/amd-img/default.jpg?exp=10800,2026-07-23T17:00:50+09:00,2026-07-23T17:16:56+09:00,共同通信,kyodonews,共同通信,298,"横浜地検特別刑事部は23日、スタートアップ企業に投資すると税制上の優遇措置を受けられる「エンゼル税制」を悪用するなどして所得税計3億円超を脱税したとして、所得税法違反の疑いで、保育園運営会社の代表取締役金本重徳こと金重徳容疑者（55）＝横浜市旭区＝を逮捕した。認否を明らかにしていない。

　逮捕容疑は何者かと共謀して、自身が保有する株式を売却した際にエンゼル税制が適用されるかのように装うなどして、2023年分の所得計約22億7600万円を秘匿、所得税計約3億6700万円を免れた疑い。

　エンゼル税制はベンチャー企業などへの投資を促進するための制度で、一定額が非課税となる税制上の特例措置。",[],[]
中国、日中外相の接触を確認せず（共同通信）,https://news.yahoo.co.jp/articles/ca8c553d58f3d1be5978dc8288241ffe16c74641,https://newsatcl-pctr.c.yimg.jp/t/amd-img/default.jpg?exp=10800,2026-07-23T16:53:56+09:00,2026-07-23T17:10:54+09:00,共同通信,kyodonews,共同通信,87,【マニラ共同】中国外務省の林剣副報道局長は23日の記者会見で、王毅外相がフィリピンで茂木敏充外相と接触したかどうかを確認しなかった。「日本側と会談する予定はない」とも述べた。,[],[]
知事会、消費減税なら財源措置を　政府与党に提言（共同通信）,https://news.yahoo.co.jp/articles/4a871bb2e81e0797a995b5a038b50c06bc11f597,https://newsatcl-pctr.c.yimg.jp/t/amd-img/20260723-00000162-kyodonews-000-3-view.jpg?exp=10800,2026-07-23T16:52:50+09:00,2026-07-23T17:29:30+09:00,共同通信,kyodonews,共同通信,361,"城内全世代型社会保障改革相（左）に提言書を手渡す宮崎県の河野俊嗣知事＝23日午前、東京都千代田区
全国知事会は23日、超党派の社会保障国民会議で議論されている消費税減税が実現すれば地方自治体の減収につながるとして、必要な財源措置を確実に行うよう求める提言書を城内実全世代型社会保障改革担当相と自民党幹部に提出した。鳥取市で16～17日に開かれた全国会議で取りまとめた内容。

　知事会で地方税財政常任委員長を務める河野俊嗣宮崎県知事が、城内氏のほか、国民会議の実務者会議で議長を務める自民党の小野寺五典税制調査会長らに提出。河野氏は報道陣の取材に「地方財政に非常に大きな影響が及ぶ議論だ。地方の課題や心配をお伝えした」と話した。

　提言書では他に、給付付き税額控除を導入する際は、自治体の事務負担に配慮することも求めた。",[],[]
世界中から「パンチ祝1歳！」　メッセージ2千通超、千葉（共同通信）,https://news.yahoo.co.jp/articles/3db9e65e4e701a939ded47bab7645b487848bd63,https://newsatcl-pctr.c.yimg.jp/t/amd-img/20260723-00000160-kyodonews-000-3-view.jpg?exp=10800,2026-07-23T16:50:36+09:00,2026-07-23T17:49:24+09:00,共同通信,kyodonews,共同通信,319,"ニホンザル「パンチ」に寄せられたバースデーカード＝22日、千葉県の市川市動植物園
人気のニホンザル「パンチ」が26日に1歳の誕生日を迎える。千葉県の市川市動植物園には国内外から2500通を超えるバースデーカードが寄せられた。オランウータンのぬいぐるみを母親代わりに抱き、サル山になじもうとする姿が話題になったパンチだが、成長に伴い群れに慣れてきたという。園は「
＃がんばってるねパンチ
」の言葉を添え、園内の一角でカードの展示を始めた。

　市動植物園課によると、最近のパンチは他の赤ちゃんザルと一緒に過ごしたり、あおむけで寝転んだりすることが増えた。安永崇課長は「社会性を身につけ、群れの中で自分の居場所を見つけつつある」と目を細めた。",[],[]
パナソニック、化粧品分野進出へ　男性の美容ニーズ対応（共同通信）,https://news.yahoo.co.jp/articles/fd4ebfef3c9ffb1ff4c65dbd5a26ac94e389a073,https://newsatcl-pctr.c.yimg.jp/t/amd-img/20260723-00000159-kyodonews-000-6-view.jpg?exp=10800,2026-07-23T16:46:47+09:00,2026-07-23T21:30:49+09:00,共同通信,kyodonews,共同通信,328,"パナソニックのロゴ
パナソニックは23日、男性向けの化粧品やスキンケア用品の分野に進出すると発表した。拡大している男性の美容市場を取り込む考え。人気の高い電気シェーバーの「ラムダッシュ」を基盤にして、総合的な男性向け美容シリーズを展開する方向だ。
【写真】ドラマの化粧イケメン将軍に批判　「軍人気質からかけ離れている」　中国
東京都内で開いた商品説明会で、担当者は化粧品分野で「2～3年内に商品を投入したい」と話した。販売する商品の詳細は検討中という。男性向け美容領域の販売額を2030年度に25年度の1.5倍に伸ばす目標を示した。

　パナソニックは70年以上にわたりシェーバーを販売。ラムダッシュでは、すね毛などの体毛をそる機器も今年から販売している。",[],[]
ドクターヘリ、安定的な運航を　厚労省、検討会で初議論（共同通信）,https://news.yahoo.co.jp/articles/d1834e7eebd80f387d66081746edf83ffaa5797a,https://newsatcl-pctr.c.yimg.jp/t/amd-img/20260723-00000158-kyodonews-000-3-view.jpg?exp=10800,2026-07-23T16:31:00+09:00,2026-07-23T16:46:56+09:00,共同通信,kyodonews,共同通信,267,"厚労省が入る合同庁舎＝東京・霞が関
ドクターヘリを使った救急医療の搬送体制の在り方を議論するため、厚生労働省の検討会が23日、初会合を開いた。ドクターヘリは一部地域で運休が生じており、安定的な運航体制を確立するため、近隣地域との効果的な連携策などを検討会で話し合う。

　厚労省によると、ドクターヘリは医師や看護師が同乗し、搬送中の患者を機内で治療する。2001年度から本格導入され、今年4月時点で54機が全国に配備されている。東京や関西の一部地域では昨年から整備士不足を理由とした運休が発生しており、安定的な運航が課題となっている。",[],[]
J、8月は原則飲水タイム導入　26～27年シーズン開幕から（共同通信）,https://news.yahoo.co.jp/articles/65be6e5679a514f9f6205c9bc523773dce74b99a,https://newsatcl-pctr.c.yimg.jp/t/amd-img/default.jpg?exp=10800,2026-07-23T16:28:47+09:00,2026-07-23T16:44:53+09:00,共同通信,kyodonews,共同通信,267,"Jリーグは23日、2026～27年シーズンで8月7日の開幕から同30日までの試合において、気温や湿度などから算出する暑さ指数（WBGT）の値にかかわらず、前後半に原則的に約1分間の飲水タイムを設けると発表した。

　それ以外の期間でも、WBGTが22以上の場合は両チームが希望すれば飲水タイムを設けることができるなどのルールを整えた。WBGTが31以上の場合は、3分間の「クーリングブレーク」を実施する。

　ワールドカップ（W杯）北中米3カ国大会では気象条件にかかわらず、前後半に約3分間の「ハイドレーションブレーク」が導入された。",[],[]
囲碁の女流本因坊戦、上野が2度目の挑戦（共同通信）,https://news.yahoo.co.jp/articles/58e4cb0a7456dfb3ebe3d3e078a5332a7d7ac5fa,https://newsatcl-pctr.c.yimg.jp/t/amd-img/default.jpg?exp=10800,2026-07-23T16:25:43+09:00,2026-07-23T16:42:55+09:00,共同通信,kyodonews,共同通信,72,囲碁の第45期女流本因坊戦本戦決勝は23日、東京都千代田区の日本棋院で打たれ、上野梨紗扇興杯が星合志保四段を破り、3期ぶり2度目の挑戦を決めた。,[],[]
ダイキン看板、酷暑日で注意喚起　「大ぴちょんくん」40度以上で（共同通信）,https://news.yahoo.co.jp/articles/6831de5eead9f235a03504569e837746f44e2240,https://newsatcl-pctr.c.yimg.jp/t/amd-img/20260723-00000155-kyodonews-000-3-view.jpg?exp=10800,2026-07-23T16:24:06+09:00,2026-07-23T17:01:39+09:00,共同通信,kyodonews,共同通信,365,"気温40度を知らせる新デザインの試験点灯が行われたLED看板「大ぴちょんくん」（右）＝23日午後、JR新大阪駅前
ダイキン工業は23日、JR新大阪駅前に設置している発光ダイオード（LED）看板「大ぴちょんくん」で、気温が40度に達したことを知らせる新デザインの試験点灯を行った。最高気温40度以上の「酷暑日」に備えた対応で、熱中症対策を呼びかける。実施は8月1日から。

　大ぴちょんくんは気温や湿度といった空気の状態に連動して、帽子の色が青や黄、赤など9色に変化する。試験点灯で公開された新デザインは、汗をかいた大ぴちょんくんの赤い帽子部分に「40℃到達」「熱中症注意」と表示された。40度に届かなくても湿度が高い場合は「高温注意」などと表示される。

　大ぴちょんくんは、エアコンのキャラクター「ぴちょんくん」を基にした看板。",[],[]
野党、条件確約なければ副首都法採決応じず（共同通信）,https://news.yahoo.co.jp/articles/dfd1a5d42fe48b2b4018d40aac15dff9d05c0878,https://newsatcl-pctr.c.yimg.jp/t/amd-img/default.jpg?exp=10800,2026-07-23T16:23:41+09:00,2026-07-23T16:39:18+09:00,共同通信,kyodonews,共同通信,82,参院の野党6党国対委員長は23日、副首都構想関連法案への対応を巡り会談し、与党が地方選と住民投票の同日実施の禁止などを確約しなければ、採決に応じない方針で一致した。,[],[]
Jリーグでも「5秒ルール」適用　スローインなどで遅延削減（共同通信）,https://news.yahoo.co.jp/articles/0fe0a74d96f28ef52df2fcd131ac85576bfe2ccb,https://newsatcl-pctr.c.yimg.jp/t/amd-img/default.jpg?exp=10800,2026-07-23T16:23:03+09:00,2026-07-23T16:39:12+09:00,共同通信,kyodonews,共同通信,231,"Jリーグは23日、8月に開幕する2026～27年シーズンから、ワールドカップ（W杯）北中米3カ国大会でも採用された、遅延行為削減のための新規則を適用すると発表した。スローインやゴールキックで故意に再開を遅らせている場合に主審が5秒のカウントダウンを始め、違反すると相手にスローイン、またはコーナーキックが与えられる。選手交代時にも10秒の時間制限がある。

　また、口論の際に不適切な発言が発覚しないように口を覆う行為自体を、退場となる反則とする規則も適用する。",[],[]
立民は同日実施禁止の確約要求（共同通信）,https://news.yahoo.co.jp/articles/f3cf93341cf6d031fc8c9e917360b05a0aa56272,https://newsatcl-pctr.c.yimg.jp/t/amd-img/default.jpg?exp=10800,2026-07-23T16:22:08+09:00,2026-07-23T17:00:36+09:00,共同通信,kyodonews,共同通信,71,立憲民主党は自民党との国対委員長会談で、副首都構想関連法案を巡り、地方選と住民投票の同日実施の禁止などを確約するよう求めた。自民は持ち帰った。,[],[]
機体揺れ、客室乗務員骨折　大分発日航機、降下中に（共同通信）,https://news.yahoo.co.jp/articles/eadb7efa0c17a1f91da1f9bc7befc579b0332e67,https://newsatcl-pctr.c.yimg.jp/t/amd-img/20260723-00000151-kyodonews-000-6-view.jpg?exp=10800,2026-07-23T16:20:48+09:00,2026-07-23T17:03:04+09:00,共同通信,kyodonews,共同通信,254,"羽田空港（共同通信社ヘリから）
国土交通省は23日、大分発羽田行き日航672便が21日に、羽田に向けて降下中に大きく揺れ、客室乗務員1人が左肋骨を折る重傷を負ったと発表した。航空事故に認定し、運輸安全委員会が調査官2人を指名した。
【画像】日航機が揺れて客室乗務員が骨折　運輸安全委が調査　25年
国交省によると、21日午後5時半に大分空港を離陸し、午後6時半ごろ羽田に向けて降下中に機体が揺れた。後方で業務に当たっていた客室乗務員が転倒し、非常用スライドのケースにぶつかった。乗客126人にけがはなかった。",[],[]
優生思想決別へ「検証を」　障害者団体が国会で集会（共同通信）,https://news.yahoo.co.jp/articles/4b3837f148842d9f2178ae9a5e3335ffbc949003,https://newsatcl-pctr.c.yimg.jp/t/amd-img/20260723-00000150-kyodonews-000-3-view.jpg?exp=10800,2026-07-23T16:20:01+09:00,2026-07-23T16:36:55+09:00,共同通信,kyodonews,共同通信,344,"津久井やまゆり園の殺傷事件に関するセミナーで基調報告する日本障害者協議会の藤井克徳代表＝23日午後、国会
知的障害者施設「津久井やまゆり園」（相模原市）の殺傷事件から26日で10年となるのに合わせ、障害のある人や家族らの団体でつくる「日本障害者協議会」（東京）が23日、事件に関するセミナーを国会内で開いた。協議会の藤井克徳代表は基調報告で「優生思想と決別するために、政府や社会が事件について改めて検証すべきだ」と訴えた。

　藤井代表は、園の元職員の植松聖死刑囚（36）が重い障害のある人の命を否定する極端な考え方に至った経緯について、事件の裁判では十分解明されなかったと指摘。さらに「交流サイト（SNS）で事件を賛美する『小さな植松死刑囚』の存在を含め、総括する必要がある」と語った。",[],[]
副首都法案、自民24日採決提案（共同通信）,https://news.yahoo.co.jp/articles/a1f35368db177bad6d4e487b96de9cff06af87ae,https://newsatcl-pctr.c.yimg.jp/t/amd-img/default.jpg?exp=10800,2026-07-23T16:15:57+09:00,2026-07-23T16:32:56+09:00,共同通信,kyodonews,共同通信,84,自民、立憲民主両党は23日、参院で審議中の副首都構想関連法案を巡り、国対委員長会談を開いた。自民は24日採決を提案した。立民の斎藤嘉隆国対委員長が記者団に明らかにした。,[],[]
国産LNG船、前向きに検討と今治造船社長（共同通信）,https://news.yahoo.co.jp/articles/112381b0627831b00ecb209b8d27704a9710abaa,https://newsatcl-pctr.c.yimg.jp/t/amd-img/default.jpg?exp=10800,2026-07-23T16:14:23+09:00,2026-07-23T16:30:54+09:00,共同通信,kyodonews,共同通信,100,今治造船（愛媛県今治市）の檜垣幸人社長は23日、東京都内で記者会見し、2019年を最後に途絶えていた液化天然ガス（LNG）運搬船の国内建造の再開について「政府の要望に応えて前向きに検討中だ」と述べた。,[],[]
紀子さま、被災地輪島訪問　結核予防会、検診会場視察（共同通信）,https://news.yahoo.co.jp/articles/39fa62fa323731ee2cda03d883c6b99e92a283e7,https://newsatcl-pctr.c.yimg.jp/t/amd-img/20260723-00000147-kyodonews-000-3-view.jpg?exp=10800,2026-07-23T16:11:00+09:00,2026-07-23T16:52:06+09:00,共同通信,kyodonews,共同通信,306,"集団検診の会場を視察し、医療関係者と話される秋篠宮妃紀子さま＝23日午前、石川県輪島市（代表撮影）
秋篠宮妃紀子さまは23日、能登半島地震で被災した石川県輪島市を訪れ、自身が総裁を務める結核予防会などが公民館で実施した集団検診の会場を視察された。

　この日の朝、血圧計などの器具を運んだり、会場で椅子を並べたりして準備を手伝った。開始前にはスタッフら一人一人に声をかけ、問診を担当した飛岡香さん（64）は「暑い中、検診業務お疲れさまという言葉をかけていただいた」と笑顔で話した。

　その後、今年5月に開館した輪島市内の地域交流拠点「らいか堂」に移動し、乳児を育てる母親らと懇談。絵本の読み聞かせをしたという。",[],[]
日産、EVレース「進化の場に」　国内勢で唯一参戦（共同通信）,https://news.yahoo.co.jp/articles/729b77f7e6afea42877cc9f11e39f67afb188cb3,https://newsatcl-pctr.c.yimg.jp/t/amd-img/20260723-00000146-kyodonews-000-3-view.jpg?exp=10800,2026-07-23T15:57:12+09:00,2026-07-23T17:30:37+09:00,共同通信,kyodonews,共同通信,329,"日産自動車のフォーミュラEのマシンとトマソ・ボルペ監督（左）らチームメンバー＝22日、東京都港区
日産自動車が国内自動車メーカーで唯一、電気自動車（EV）レースの世界シリーズ「フォーミュラE」に参戦している。経営再建の最中に多額の資金をレースに充てることに批判もあるが、EV市場を開拓してきた「リーフ」などの量産車で蓄えた知見や技術を「進化させる場」として25、26日の東京大会に挑む。

　日産は2018年から参戦したが、25年に策定した経営再建計画に沿って、従業員2万人のリストラなど構造改革を進めている。レース関連の費用は公表していないが、1チームの運営費や開発費に上限があり、シーズンごとに約3千万ユーロ（約56億円）。今の日産には少なくない負担だ。",[],[]
大分発の日航機揺れ、客室乗務員が骨折（共同通信）,https://news.yahoo.co.jp/articles/672be010d46b19e559304bad1cb5be3fb00d2c19,https://newsatcl-pctr.c.yimg.jp/t/amd-img/default.jpg?exp=10800,2026-07-23T15:52:50+09:00,2026-07-23T16:14:28+09:00,共同通信,kyodonews,共同通信,65,国土交通省は23日、21日午後に大分発羽田行きの日航672便が降下中に大きく揺れ、客室乗務員が骨折したとして、航空事故に認定した。,[],[]
東証反発、終値6万6422円　米市場で半導体株上昇（共同通信）,https://news.yahoo.co.jp/articles/eeadb2ba037c6c2106dcc0064659796767d79f70,https://newsatcl-pctr.c.yimg.jp/t/amd-img/20260723-00000144-kyodonews-000-3-view.jpg?exp=10800,2026-07-23T15:50:59+09:00,2026-07-23T16:06:55+09:00,共同通信,kyodonews,共同通信,158,"東京証券取引所
23日の東京株式市場の日経平均株価（225種）は反発した。前日の米国市場で半導体株が上昇し、東京市場でも関連銘柄が買われ、相場を押し上げた。

　終値は前日比307円00銭高の6万6422円60銭。東証株価指数（TOPIX）は20.75ポイント高の4053.88。出来高は約19億1353万株だった。",[],[]
王子はJR北海道クと初戦　都市対抗野球組み合わせ（共同通信）,https://news.yahoo.co.jp/articles/b891a391db9aaa1c03c327738d68b5ad2481bda6,https://newsatcl-pctr.c.yimg.jp/t/amd-img/20260723-00000143-kyodonews-000-3-view.jpg?exp=10800,2026-07-23T15:38:18+09:00,2026-07-23T16:09:32+09:00,共同通信,kyodonews,共同通信,231,"東京都文京区の東京ドーム（中央）
第97回都市対抗野球大会（8月26日～9月6日・東京ドーム）の組み合わせ抽選会が23日、東京都内で開かれ、2連覇を狙う王子（春日井市）が開幕戦でJR北海道ク（札幌市）と対戦することが決まった。

　前回準優勝の三菱自動車岡崎（岡崎市）は2020年覇者のホンダ（東京都）とぶつかる。17年連続出場のJR東日本（東京都）はホンダ鈴鹿（鈴鹿市）と、今大会最多の65度目の出場となる日本生命（大阪市）は東芝（川崎市）との初戦に決まった。",[],[]
1万席のビアガーデンで乾杯　札幌中心部の大通公園（共同通信）,https://news.yahoo.co.jp/articles/ccdae18709344a2e04a3155b7d09f39407b173f6,https://newsatcl-pctr.c.yimg.jp/t/amd-img/20260723-00000142-kyodonews-000-3-view.jpg?exp=10800,2026-07-23T15:36:53+09:00,2026-07-23T15:53:05+09:00,共同通信,kyodonews,共同通信,327,"札幌市中心部の大通公園で始まった「さっぽろ大通ビアガーデン」でビールを楽しむ人たち＝23日午後
札幌市中心部の大通公園でビールを楽しむ夏の風物詩「さっぽろ大通ビアガーデン」が23日、始まった。主催者によると日本最大規模の約1万席を用意。札幌の最高気温は28.9度と、全国的に猛暑が続く中でも比較的過ごしやすく、来場者は青空の下で「乾杯」と声を合わせてジョッキを掲げた。8月18日まで。

　会場では国内大手4社のほか、ドイツやイタリアなど世界各国のビールや道内のクラフトビールも味わえる。

　横浜市から夫婦で訪れた会社員岩崎彩さん（36）は、サッポロビールと北海道大がコラボした限定ビールを味わい「外で飲むビールは、風も感じられて最高」と笑顔で話した。",[],[]
東証終値307円高（共同通信）,https://news.yahoo.co.jp/articles/488f33137a15e46bdef9a96c2dffc7128d0ee297,https://newsatcl-pctr.c.yimg.jp/t/amd-img/default.jpg?exp=10800,2026-07-23T15:35:41+09:00,2026-07-23T15:52:55+09:00,共同通信,kyodonews,共同通信,53,23日の東京株式市場の日経平均株価（225種）終値は、前日比307円00銭高の6万6422円60銭だった。,[],[]
銅版画の絵本で原爆伝える、広島　原画展示、朗読会も（共同通信）,https://news.yahoo.co.jp/articles/d9b1fd6b36a13b428af007263037883884f3304c,https://newsatcl-pctr.c.yimg.jp/t/amd-img/20260723-00000140-kyodonews-000-3-view.jpg?exp=10800,2026-07-23T15:32:06+09:00,2026-07-23T15:57:52+09:00,共同通信,kyodonews,共同通信,424,"広島で被爆した姉妹の体験記を伝える絵本
広島で被爆した姉妹の体験記を伝える絵本が完成した。表紙や挿絵には広島の土に埋めて腐食させた銅版を使った銅版画が使われている。姉妹の体験を語り継いできたグループは7月30日～8月2日、広島市内で原画展や朗読会などのイベントを開催する。

　被爆したのは水江顕子さん（2022年死去）ら姉妹。水江さんの体験を知った東京都の主婦水越緑さん（65）らが体験記の英訳や朗読動画を発信してきた。活動を通じ、銅版画を手がけるアーティスト・コラムニストのももせいづみさんと出会い、絵本化が実現した。今回完成したのは「道子ちゃん」で、24年にまとめた「赤い日傘」と合わせ、姉妹の体験を伝える絵本は2冊となった。

　水越さんは「過去を受け止め、語り継がなければならない。若い世代にたくさん来てほしい」と訴える。ももせさんは「被爆体験を共有する方々の思いを大切に受け取り、伝えたいと思われる部分を表現できるよう努めた」と語った。",[],[]
中国との対話継続が重要だと茂木氏（共同通信）,https://news.yahoo.co.jp/articles/23b79bccb5abd8706dfcb8f69f33c4445b33be1f,https://newsatcl-pctr.c.yimg.jp/t/amd-img/default.jpg?exp=10800,2026-07-23T15:28:02+09:00,2026-07-23T15:44:53+09:00,共同通信,kyodonews,共同通信,61,【マニラ共同】茂木外相は、中国の王毅外相との接触を踏まえ「これからも対話を続けていくことは極めて重要だ」と記者団に述べた。,[],[]
日本政策金融公庫元職員を逮捕　融資で便宜図り収賄疑い（共同通信）,https://news.yahoo.co.jp/articles/1c3f9d97382f416715251133b63d25ab619620e5,https://newsatcl-pctr.c.yimg.jp/t/amd-img/20260723-00000138-kyodonews-000-4-view.jpg?exp=10800,2026-07-23T15:20:22+09:00,2026-07-23T16:35:56+09:00,共同通信,kyodonews,共同通信,314,"日本政策金融公庫名古屋支店が入るビル＝名古屋市中村区
融資金額を増やすなどの便宜を図った見返りに企業側から900万円相当の高級腕時計を受け取ったとして、愛知県警は23日、収賄容疑で、日本政策金融公庫（日本公庫）名古屋支店の元職員松田貴大容疑者（35）＝福岡市中央区＝を逮捕した。認否を明らかにしていない。県警によると、既に懲戒解雇されている。

　捜査関係者によると、容疑者は腕時計の売買などを手がける名古屋市千種区の企業やその関連企業を担当。融資の際、金額を増やしたり、時期を調整したりするなどしたという。

　日本公庫は、主に小規模事業者向けの融資を担う政府系金融機関。職員は「みなし公務員」とされ、収賄罪の適用対象となる。",[],[]
茂木外相、ロシアのラブロフ外相とも接触（共同通信）,https://news.yahoo.co.jp/articles/04ac253b227bf6eaeb1664754153e68c945fc073,https://newsatcl-pctr.c.yimg.jp/t/amd-img/default.jpg?exp=10800,2026-07-23T15:16:23+09:00,2026-07-23T15:33:09+09:00,共同通信,kyodonews,共同通信,84,【マニラ共同】茂木敏充外相は、フィリピンで21日にロシアのラブロフ外相と短時間接触したと記者団に明らかにした。「旧知の仲であり、2国間関係や地域情勢を話した」と述べた。,[],[]
日本郵便、平日休業を検討　窓口昼休みは4倍1万局（共同通信）,https://news.yahoo.co.jp/articles/a2046af7487784b0979b9f843e4788f5f3eacb2b,https://newsatcl-pctr.c.yimg.jp/t/amd-img/20260723-00000137-kyodonews-000-12-view.jpg?exp=10800,2026-07-23T15:15:49+09:00,2026-07-23T18:09:48+09:00,共同通信,kyodonews,共同通信,418,"日本郵便本社が入るビルの看板＝2025年12月、東京・大手町
日本郵便が、曜日などを限って郵便局の窓口を開く「指定日営業」の導入を検討していることが23日分かった。平日にも休業日が設けられる可能性がある。厳しい事業環境を踏まえ、人員の配置を見直してコスト削減を進める。地域社会のインフラとして重要な局数は維持する。窓口に昼休みを導入する局は今後3年間で現状の4倍の1万局まで拡大。各地の需要を見極めた上で全国の半数程度の局で営業時間を短縮することになる。
【写真】コンクール「ハガキでごめんなさい」で大賞を受賞した作品　母の書道で金賞を取ってしまった
小池信也社長（57）が取材に明らかにした。郵便局は委託の形で運営する簡易郵便局を含め、全国に約2万4千局。直営の約2万局のうち、日中に1時間だけ窓口を閉じる昼休みを約2400局で設けている。半日営業も5局で実施しており、小池氏は「少ない人数で運営を回せるような工夫を始めた」と話した。",[],[]
王毅氏と2国間関係について話したと茂木氏（共同通信）,https://news.yahoo.co.jp/articles/93522638819efd63fdfc9ea5fc9870edd37bc9af,https://newsatcl-pctr.c.yimg.jp/t/amd-img/default.jpg?exp=10800,2026-07-23T15:14:45+09:00,2026-07-23T15:30:53+09:00,共同通信,kyodonews,共同通信,74,【マニラ共同】茂木外相は中国の王毅外相と接触した際「2国間関係について話をした」と記者団に述べた。詳細は外交上のやりとりを理由に明らかにしなかった。,[],[]
浜松市で今年最高の41.1度（共同通信）,https://news.yahoo.co.jp/articles/a9dfed54ba5b8ab4e13fa022e35c2598a5244b29,https://newsatcl-pctr.c.yimg.jp/t/amd-img/default.jpg?exp=10800,2026-07-23T15:11:40+09:00,2026-07-23T15:28:55+09:00,共同通信,kyodonews,共同通信,93,気象庁によると23日午後、浜松市天竜区で気温が41.1度に達し、今年最高を更新した。愛知県豊田市で40.8度、浜松市中央区と岐阜県多治見市で40.2度を観測し、酷暑日は計6地点となった。,[],[]
日中外相が接触、首相の台湾答弁以来初（共同通信）,https://news.yahoo.co.jp/articles/ea457151bca5b5b72b5228b7e30fe087f049f466,https://newsatcl-pctr.c.yimg.jp/t/amd-img/default.jpg?exp=10800,2026-07-23T15:08:51+09:00,2026-07-23T15:25:00+09:00,共同通信,kyodonews,共同通信,106,【マニラ共同】茂木敏充外相は23日、訪問先のフィリピンで中国の王毅外相と22日に短時間接触したと記者団に明らかにした。昨年11月の高市早苗首相による台湾有事答弁で日中関係が冷え込んで以来、外相同士の対話は初めて。,[],[]
トレカ転売対策へ議連設立　自民「健全な市場育成」（共同通信）,https://news.yahoo.co.jp/articles/970223a3f97f548882522d7d8d5f02dba9ae998f,https://newsatcl-pctr.c.yimg.jp/t/amd-img/20260723-00000132-kyodonews-000-3-view.jpg?exp=10800,2026-07-23T15:08:01+09:00,2026-07-23T16:21:49+09:00,共同通信,kyodonews,共同通信,371,"「トレーディングカード」の振興を目指す議員連盟の設立総会であいさつする自民党の木原誠二元選対委員長（中央）＝23日午前、国会
自民党の有志議員は23日、市場規模が拡大する「トレーディングカード」の振興を目指す議員連盟の設立総会を国会内で開いた。偽造品の流通や転売目的の大量購入といった問題に対応するため、ルール整備を推進する。会長に就任した木原誠二元選対委員長は「世界で戦える産業だ。健全な市場を育成していくことが重要だ」と述べた。

　この日は業界団体や経済産業省から流通実態や課題を聞き取った。コンテンツ産業の一つと位置付け、透明性を確保して海外展開を後押しする。

　「ポケットモンスター」や「遊戯王」をはじめとしたトレーディングカードは、国内外で人気が高まっている。日本玩具協会によると、市場規模は25年度には約3384億円に達した。",[],[]
知人男性への強盗殺人疑い　埼玉の男再逮捕、群馬県警（共同通信）,https://news.yahoo.co.jp/articles/03e4b46100ed87502b4f4c50c90b122dee286422,https://newsatcl-pctr.c.yimg.jp/t/amd-img/20260723-00000131-kyodonews-000-3-view.jpg?exp=10800,2026-07-23T14:55:39+09:00,2026-07-23T15:48:00+09:00,共同通信,kyodonews,共同通信,296,"群馬県警察本部＝前橋市
群馬県警前橋署の捜査本部は23日、知人男性のキャッシュカードを奪って殺害したとして、強盗殺人容疑で、埼玉県本庄市、パート新井雅尚容疑者（50）＝死体遺棄と死体損壊罪で起訴＝を再逮捕した。「やっていません」と容疑を否認している。

　再逮捕容疑は2月26日ごろ、前橋市のパート小渕和則さん＝当時（59）＝を何らかの方法で殺害し、小渕さん名義のキャッシュカード2枚を奪った疑い。

　県警は4月、キャッシュカードで現金24万円を引き出したとする窃盗の疑いで容疑者を逮捕。同月28日、河川敷に埋められた小渕さんの遺体の胴体部分を発見し、6月17日に死体遺棄容疑で再逮捕した。",[],[]
収賄疑い日本公庫元職員逮捕、腕時計受領か（共同通信）,https://news.yahoo.co.jp/articles/82f47dd7008abf68177ebcb05729d01a3a6b1e71,https://newsatcl-pctr.c.yimg.jp/t/amd-img/default.jpg?exp=10800,2026-07-23T14:55:06+09:00,2026-07-23T15:11:00+09:00,共同通信,kyodonews,共同通信,107,融資金額を増やすなどの便宜を図った見返りに企業側から900万円相当の高級腕時計を受け取ったとして、愛知県警は23日、収賄容疑で、日本政策金融公庫名古屋支店の元職員の30代男を逮捕した。捜査関係者への取材で分かった。,[],[]
ラクロス監督「発展へ使命担う」　女子世界選手権、24日開幕（共同通信）,https://news.yahoo.co.jp/articles/d879d898c3606456bb9fd599b1cc4badf5035331,https://newsatcl-pctr.c.yimg.jp/t/amd-img/20260723-00000129-kyodonews-000-3-view.jpg?exp=10800,2026-07-23T14:54:15+09:00,2026-07-23T16:08:42+09:00,共同通信,kyodonews,共同通信,336,"取材に応じるラクロス女子日本代表の宮沢明日香監督＝23日、東京都港区
2028年ロサンゼルス五輪で120年ぶりに復活するラクロスの女子世界選手権は24日、東京・大井ホッケー競技場で開幕する。開催国として臨む日本代表の宮沢明日香監督は23日、都内で取材に応じ「いよいよだなと実感している。日本のラクロスの発展、プレゼンスを高めていく使命を担えるわくわく感や、ありがたさが大きい」と決意をにじませた。

　今大会は五輪で採用の6人制ではなく伝統の10人制で実施されるが、機運醸成の絶好の機会。これまでにないほどの注目が集まり「応援を間近で直接受けられる。重圧もあるが、期待を力に変えていく」と気合十分だ。

　前回22年大会は過去最高に並ぶ5位で、今大会の目標は初の表彰台だ。",[],[]
NYでアイヌ民族フェス　映画や踊り、文化を紹介（共同通信）,https://news.yahoo.co.jp/articles/86c41cf922780334039882615cd1c5d683a69a79,https://newsatcl-pctr.c.yimg.jp/t/amd-img/20260723-00000128-kyodonews-000-3-view.jpg?exp=10800,2026-07-23T14:51:56+09:00,2026-07-23T15:08:56+09:00,共同通信,kyodonews,共同通信,465,"アイヌ伝統の口琴「ムックリ」の演奏に挑戦する参加者＝22日、米ニューヨーク（共同）
【ニューヨーク共同】アイヌ民族の多様な文化を紹介する「アイヌ・サマー・フェスティバル」が22日、米ニューヨークのジャパン・ソサエティーで始まった。北海道平取町から伝統工芸のアーティストや文化継承者ら約30人が渡米し、映画を上映したり、踊りを披露したりした。

　フェスティバルは、平取町出身でアイヌ初の国会議員となり、伝統文化の保存、継承に生涯をささげた故萱野茂氏の生誕100年を記念して同町とジャパン・ソサエティーが企画した。

　会場では映像作家溝口尚美さんが2018年に製作した現代アイヌのドキュメンタリー映画が上映された。

　動物の動きや自然の風景を取り入れた踊りが披露されたほか、伝統的な口琴「ムックリ」の演奏には来場者も挑戦。最後は参加者もステージでアイヌの踊りに合流し、会場は熱気に包まれた。

　遠藤桂一・平取町長は「米国で最も現代的な都市で、アイヌ文化の独特な精神性と奥深さを共有できることを光栄に思っている」とあいさつした。",[],[]
ウサギのケージ面積を規定　事業者向け、省令改正案を了承（共同通信）,https://news.yahoo.co.jp/articles/7daab64052de24b8f56ced86028b190e0a8a58d4,https://newsatcl-pctr.c.yimg.jp/t/amd-img/20260723-00000127-kyodonews-000-3-view.jpg?exp=10800,2026-07-23T14:45:11+09:00,2026-07-23T15:01:01+09:00,共同通信,kyodonews,共同通信,301,"環境省が入る合同庁舎＝東京・霞が関
環境省の中央環境審議会動物愛護部会は23日、ウサギなどの哺乳類を動物取扱事業者が飼養する際のケージ面積などの最低基準を定めた省令の改正案を大筋で了承した。ウサギは鼻先から尾の付け根までの長さ「頭胴長」を基準とし、縦2倍、横1.5倍、高さ1.7倍とした。

　他にモルモットやハムスターも具体的な基準を示した。省令の施行は2027年春を目指しており、ケージ基準は設備の更新作業があるため1年の経過措置を設ける。

　環境省によると、これまでイヌやネコのケージ基準は定められていたが、それ以外の哺乳類も生体に適さないケージで飼養されているケースがあり、問題となっていた。",[],[]
ガソリン価格170円　2週ぶり値上がり（共同通信）,https://news.yahoo.co.jp/articles/15f1aa0f82639324e0cf1a942ec70d0e8c3e2a3e,https://newsatcl-pctr.c.yimg.jp/t/amd-img/20260723-00000126-kyodonews-000-4-view.jpg?exp=10800,2026-07-23T14:43:51+09:00,2026-07-23T15:22:35+09:00,共同通信,kyodonews,共同通信,297,"ガソリンスタンドでの給油＝東京都内
経済産業省が23日発表した21日時点のレギュラーガソリン1リットル当たりの全国平均小売価格は、前週調査より10銭高い170円だった。2週ぶりに値上がりした。

　地域別では、値上がりが26道府県、横ばいが7都県、値下がりが14府県だった。最高値は沖縄県の178円90銭、最安値は宮城県と埼玉県の163円80銭だった。

　軽油は10銭高い159円40銭。灯油は18リットル（一般的なタンク1個分）当たり前週から横ばいの2533円だった。

　ガソリン価格を170円程度に抑える政府補助金の23～29日の支給額は、レギュラー1リットル当たり16円90銭とする。",[],[]
トヨタ系の廃材製品一堂に　中部空港で常設店開業（共同通信）,https://news.yahoo.co.jp/articles/3fb63981e373eebe09401a219345513e92dcfe7b,https://newsatcl-pctr.c.yimg.jp/t/amd-img/20260723-00000125-kyodonews-000-3-view.jpg?exp=10800,2026-07-23T14:36:02+09:00,2026-07-23T17:13:32+09:00,共同通信,kyodonews,共同通信,299,"「オールトヨタサーキュラーストア」で販売中の、トヨタ紡織のバッグや靴＝1日、中部空港
トヨタ自動車グループ各社の製造過程で出る廃材を活用した製品の常設店がこのほど、中部国際空港（愛知県常滑市）で開業した。廃材から新製品を生む「アップサイクル」に力を入れる各社が連携し、エアバッグやシートベルトの端材を使ったかばんや雑貨約450点を一堂にそろえた。

　店舗は「オールトヨタサーキュラーストア」で、売り場は約50平方メートル。今秋に愛知県と名古屋市が共催するアジア・アジアパラ競技大会を前に、国内外の旅行客に照準を合わせる。トヨタの担当者は「グループの取り組みを知ってもらうきっかけにしたい」と話す。",[],[]
サッカー三笘薫選手を書類送検　自転車と衝突事故、過失傷害疑い（共同通信）,https://news.yahoo.co.jp/articles/f80a2c8c97468e17a619bd3c4b4f3a0f515f93b5,https://newsatcl-pctr.c.yimg.jp/t/amd-img/20260723-00000124-kyodonews-000-5-view.jpg?exp=10800,2026-07-23T14:32:18+09:00,2026-07-23T16:07:42+09:00,共同通信,kyodonews,共同通信,443,"三笘薫選手（ゲッティ＝共同）
サッカーイングランド・プレミアリーグで活躍する三笘薫選手（29）の車が、東京都内で自転車と衝突した事故で、警視庁は23日、自動車運転処罰法違反（過失傷害）の疑いで、三笘選手を書類送検した。関係者への取材で分かった。関係者によると、検察に刑事処分の判断を委ねる「相当処分」の意見を付けたという。

　事故は8日午前8時45分ごろ、東京都板橋区の交差点で発生。三笘選手の車が赤信号の交差点に進入し、右側から来た自転車と衝突した。自転車の40代女性は2週間のけがを負った。

　信号は時間帯などにより歩車分離式になる仕組みで、三笘選手は歩行者側の信号が青に変わったことに気を取られ、車側が赤のままだったことを見落としたとみられる。

　三笘選手は神奈川県出身。筑波大から2020年にJ1川崎に入団し、現在はプレミアリーグのブライトンに所属している。日本代表の主力だが、5月に左脚を負傷したためワールドカップ（W杯）北中米3カ国大会のメンバーには選出されなかった。",[],[]
サッカー三笘選手を書類送検、人身事故で（共同通信）,https://news.yahoo.co.jp/articles/a3070d4f4d25ea278e69d99138dd73e8505ef781,https://newsatcl-pctr.c.yimg.jp/t/amd-img/default.jpg?exp=10800,2026-07-23T14:30:22+09:00,2026-07-23T17:22:27+09:00,共同通信,kyodonews,共同通信,107,サッカーイングランド・プレミアリーグで活躍する三笘薫選手（29）の車が、東京都内で自転車と衝突した人身事故で、警視庁は23日、自動車運転処罰法違反の過失傷害容疑で、三笘選手を書類送検した。関係者への取材で分かった。,[],[]
南シナ海での衝突巡り非難の応酬　中比外相会談、対話へ努力も（共同通信）,https://news.yahoo.co.jp/articles/5b75f48c20dabcb723df02ed0b4b517558983c9c,https://newsatcl-pctr.c.yimg.jp/t/amd-img/20260723-00000122-kyodonews-000-3-view.jpg?exp=10800,2026-07-23T14:28:06+09:00,2026-07-23T14:44:54+09:00,共同通信,kyodonews,共同通信,323,"中国の王毅外相（右）と握手するフィリピンのラザロ外相＝22日、マニラ（AP＝共同）
【マニラ共同】中国の王毅外相とフィリピンのラザロ外相は22日のマニラでの会談で、両国が領有権を争う南シナ海のアユンギン礁で20日に発生した衝突を巡り、互いに抗議し非難の応酬となった。両国外相の公式な対面会談は約2年ぶり。対話への努力を続ける姿勢もにじませた。

　中国外務省によると、王氏はフィリピンの「粗暴な行為」を批判し「強烈な抗議」を示した。中国は対話と協議を通じて「食い違いを管理し、情勢の安定に尽力している」と述べ、フィリピンが「（両国の）交渉ルートに背を向けている」とした。挑発行為をやめるよう求め、両国関係の安定のために「努力するべきだ」と訴えた。",[],[]
マグロ漁獲増交渉再開を　自民、農相に決議書提出（共同通信）,https://news.yahoo.co.jp/articles/61636dda99699c1cb14628883a36fd852e8ab1bd,https://newsatcl-pctr.c.yimg.jp/t/amd-img/20260723-00000121-kyodonews-000-3-view.jpg?exp=10800,2026-07-23T14:25:41+09:00,2026-07-23T15:36:07+09:00,共同通信,kyodonews,共同通信,358,"鈴木農相（中央右）に決議書を提出する自民党水産総合調査会の武部新会長（同左）ら＝23日午前、農水省
自民党の水産総合調査会などは23日、太平洋クロマグロの資源管理を議論する国際会議で漁獲枠拡大に合意できなかったことを受けて「断じて容認することはできない」として、交渉の再開と適切な資源管理の実現に向けて尽力するよう求める決議書を鈴木憲和農相に提出した。国際会議ではメキシコが突如反対に回り、まとまらなかった。

　決議書では、外務省との連携強化や、豊漁でも放流せざるを得ない漁業現場の実情を踏まえた影響緩和策の検討を求めた。鈴木氏は「早期に事態が打開できるよう、緊張感を持って取り組みたい」と応じた。

　調査会長の武部新氏は、記者団に「われわれの提案で合意できるように、最後の最後まで粘っていただきたい」と述べた。",[],[]
知人男性を強殺疑い、埼玉の男再逮捕（共同通信）,https://news.yahoo.co.jp/articles/a6fcf6629e14e9410c1cfb67a23f413dd077c2ef,https://newsatcl-pctr.c.yimg.jp/t/amd-img/default.jpg?exp=10800,2026-07-23T14:16:27+09:00,2026-07-23T14:32:55+09:00,共同通信,kyodonews,共同通信,95,群馬県警は23日、知人男性を殺害し、キャッシュカードを奪ったとして、強盗殺人容疑で、埼玉県本庄市のパート新井雅尚容疑者（50）＝死体遺棄、死体損壊罪で起訴＝を再逮捕した。容疑を否認している。,[],[]
ガソリン170円、前週より10銭値上がり（共同通信）,https://news.yahoo.co.jp/articles/96a328c09a866d47ae556929a89cbc7a4479dcba,https://newsatcl-pctr.c.yimg.jp/t/amd-img/default.jpg?exp=10800,2026-07-23T14:13:17+09:00,2026-07-23T14:30:53+09:00,共同通信,kyodonews,共同通信,66,経済産業省が23日発表した21日時点のレギュラーガソリン1リットル当たりの全国平均小売価格は、前週調査より10銭高い170円だった。,[],[]
「交流会」で女性に不同意性交か　医師や会社役員ら3人逮捕（共同通信）,https://news.yahoo.co.jp/articles/04fe64d479ed5a4ddb07a4fd457a61ca36583487,https://newsatcl-pctr.c.yimg.jp/t/amd-img/20260723-00000118-kyodonews-000-10-view.jpg?exp=10800,2026-07-23T13:58:53+09:00,2026-07-23T16:05:42+09:00,共同通信,kyodonews,共同通信,370,"警視庁
「医師や経営者が集まる会」と称する交流会に参加した10代女性に酒を飲ませ、わいせつな行為をしたとして、警視庁滝野川署は23日までに、不同意性交の疑いで、名古屋市中区、医師河合秀紀容疑者（31）と、東京都渋谷区、会社役員古川湧一容疑者（30）、同区、職業不詳綾部翔太容疑者（30）を逮捕した。

　3人の逮捕容疑は4月19日未明、東京都文京区の宿泊施設の一室で、酒に酔った状態だった女性にわいせつな行為をした疑い。

　署によると、古川容疑者は「事実がない」と容疑を否認。河合容疑者は同意があったと一部否認し、綾部容疑者は「弁護士を通して回答したい」と話しているという。同日に女性が警視庁に相談し発覚した。

　交流会は、同18日午後9時ごろから施設内で開かれていた。容疑者ら3人のほかに、男性2人と被害者を含む女性5人がいたという。",[],[]
バンス氏の警護担当、休職処分か　報道機関に情報漏えい疑惑で調査（共同通信）,https://news.yahoo.co.jp/articles/37957aa14f2c912575008470de37be9edac0088e,https://newsatcl-pctr.c.yimg.jp/t/amd-img/20260723-00000117-kyodonews-000-3-view.jpg?exp=10800,2026-07-23T13:53:58+09:00,2026-07-23T14:10:56+09:00,共同通信,kyodonews,共同通信,296,"バンス米副大統領（ゲッティ＝共同）
【ワシントン共同】米CNNテレビは22日、バンス副大統領の警護を担当する職員が報道機関に対する情報漏えいの疑いで内部調査を受け、休職処分となったと報じた。MSNOWテレビが今月、バンス氏が家族の移動時に多くの要求を警護チームに突き付け、不満が広がっていると報道していた。この記事の情報源と疑われているという。

　トランプ政権は、多くの報道機関を「フェイクニュース」と敵視し、圧力を強めている。新型の大統領専用機に安全保障上の欠陥があると問題視する記事を執筆したニューヨーク・タイムズ紙の複数の記者に対しては、連邦大陪審で証言するよう命じる召喚状を出した。",[],[]
米ロ外相、マニラで会談　ウクライナの和平交渉協議へ（共同通信）,https://news.yahoo.co.jp/articles/1d9e2a92af6ec4344ce2ae974f78b7ca9ae79c17,https://newsatcl-pctr.c.yimg.jp/t/amd-img/20260723-00000116-kyodonews-000-3-view.jpg?exp=10800,2026-07-23T13:46:48+09:00,2026-07-23T14:02:56+09:00,共同通信,kyodonews,共同通信,347,"（左から）ルビオ米国務長官（ゲッティ＝共同）、ロシアのラブロフ外相（タス＝共同）
【マニラ共同】米国のルビオ国務長官とロシアのラブロフ外相が23日、フィリピンの首都マニラで会談した。トランプ米政権が仲介に意欲を見せるロシアとウクライナの和平交渉について協議する見通し。米ロ外相の対面会談は昨年9月にニューヨークで実施されて以来となる。

　11月に中国でアジア太平洋経済協力会議（APEC）首脳会議が開かれるのに合わせて、トランプ大統領とプーチン大統領の会談が行われる可能性が取り沙汰されており、実現に向けた調整が進むかどうかも関心を集めている。

　ルビオ氏は22日、ラブロフ氏との会談に先立ち、記者団に「米国は（ロシアとウクライナの）戦闘を終結させるために建設的な役割を果たす」と強調した。",[],[]
マグロ漁獲枠拡大交渉再開に尽力をと自民党（共同通信）,https://news.yahoo.co.jp/articles/c69e4b79f387d657dde02abf05304ba7b53b02b8,https://newsatcl-pctr.c.yimg.jp/t/amd-img/default.jpg?exp=10800,2026-07-23T13:42:15+09:00,2026-07-23T13:58:56+09:00,共同通信,kyodonews,共同通信,110,自民党の水産総合調査会などは23日、太平洋クロマグロの資源管理を議論する国際会議で漁獲枠拡大に合意できなかったことを受け「断じて容認することはできない」と、交渉再開に向け尽力するよう求める決議書を鈴木憲和農相に提出した。,[],[]
騒音で住民を不眠症にさせた疑い、男逮捕（共同通信）,https://news.yahoo.co.jp/articles/d926700ef42d273644d9f9056b3a912d381fe34f,https://newsatcl-pctr.c.yimg.jp/t/amd-img/default.jpg?exp=10800,2026-07-23T13:40:11+09:00,2026-07-23T13:57:00+09:00,共同通信,kyodonews,共同通信,72,京都府警は23日、自宅で大音量のラジオを流すなどして、近隣住民4人を不眠症などにしたとして、傷害容疑で、京都市西京区の無職男（61）を逮捕した。,[],[]
セブンとペイペイ、ID統合検討　ポイント経済圏を強化へ（共同通信）,https://news.yahoo.co.jp/articles/c1fd698790f5c89ec20f1bd4c589778a14adfe41,https://newsatcl-pctr.c.yimg.jp/t/amd-img/20260723-00000113-kyodonews-000-3-view.jpg?exp=10800,2026-07-23T13:40:02+09:00,2026-07-23T14:12:03+09:00,共同通信,kyodonews,共同通信,274,"セブン―イレブンの看板（上）と「PayPay（ペイペイ）」のアイコン
携帯電話大手ソフトバンク傘下のスマートフォン決済大手PayPay（ペイペイ）とセブン＆アイ・ホールディングス（HD）が、双方が持つ顧客IDの統合を検討していることが23日、分かった。付与するポイントの使い道を広げて消費者を囲い込み、ポイント経済圏を強化する。購買行動を分析して商品開発にも生かす。

　ソフトバンクとペイペイのグループが、セブン＆アイへの出資を検討しており、月末にも公表する。出資額は数千億円規模に上るもよう。データ統合は、資本提携による連携強化策の一環となる。",[],[]
静岡、岐阜でも酷暑日、40.3度観測（共同通信）,https://news.yahoo.co.jp/articles/eb57a014a13266e53c62d3b3e08253e2e2f54f8a,https://newsatcl-pctr.c.yimg.jp/t/amd-img/default.jpg?exp=10800,2026-07-23T13:38:02+09:00,2026-07-23T13:55:00+09:00,共同通信,kyodonews,共同通信,68,気象庁によると23日午後、浜松市天竜区と岐阜県美濃市で40.3度を観測し、酷暑日となった。両観測地点では22日にも40.1度を観測した。,[],[]
米の10％代替関税、24日失効　新措置で対日税率上昇も（共同通信）,https://news.yahoo.co.jp/articles/f238f69aa53a668c8cdea192af0bf1d537f83aaa,https://newsatcl-pctr.c.yimg.jp/t/amd-img/20260723-00000111-kyodonews-000-3-view.jpg?exp=10800,2026-07-23T13:38:00+09:00,2026-07-23T15:01:04+09:00,共同通信,kyodonews,共同通信,326,"トランプ米大統領（ゲッティ＝共同）
【ワシントン共同】トランプ米政権が2月に発動した10％の代替関税が24日未明（日本時間24日午後）、失効する。政権は高関税の維持に向け、60カ国・地域に新たな関税を課す構え。米通商代表部（USTR）が6月公表した報告書は、日本からの輸入品への新たな追加関税率を12.5％としており、税率が現状より上がる可能性もある。

　政権は2月、連邦最高裁に違法と判断された「相互関税」の代わりに、通商法122条を根拠とする代替関税を日本など各国・地域に導入した。ただ当初から150日間の期限の制約があり、より恒久的な関税へのつなぎ役の位置づけだった。

　USTRはこの「猶予期間」を利用し、義務づけられた事前調査を実施した。",[],[]
元野村証券社員二審も実刑　広島、現金盗み顧客宅放火（共同通信）,https://news.yahoo.co.jp/articles/ecdc32275e11ef8b0788244ebac5c0912cc4d998,https://newsatcl-pctr.c.yimg.jp/t/amd-img/20260723-00000110-kyodonews-000-3-view.jpg?exp=10800,2026-07-23T13:37:05+09:00,2026-07-23T13:52:55+09:00,共同通信,kyodonews,共同通信,306,"広島高裁
2024年7月、顧客だった広島市の80代夫婦宅から現金計約2600万円を奪い放火したとして、強盗殺人未遂などの罪に問われた元野村証券社員梶原優星被告（31）の控訴審判決で、広島高裁は23日、懲役18年とした一審広島地裁判決を支持し、弁護側の控訴を棄却した。

　畑山靖裁判長は判決理由で、昏睡状態の被害者がいる室内で、押し入れに火を放てば死亡させる危険性が高いことは誰の目にも明らかだと指摘。強盗殺人未遂罪は成立しないとする弁護側の主張を退けた。

　判決によると、24年7月に夫婦宅から現金計約800万円を盗んだほか、夫婦宅で妻に薬物を服用させて、現金約1800万円を盗んで放火し、殺害しようとした。",[],[]
「AI兵器の早期規制を」　創価学会インタナショナルが声明（共同通信）,https://news.yahoo.co.jp/articles/ef1e9701c9ab505304a82bc1a9beb43e1482b1e9,https://newsatcl-pctr.c.yimg.jp/t/amd-img/default.jpg?exp=10800,2026-07-23T13:32:21+09:00,2026-07-23T13:48:56+09:00,共同通信,kyodonews,共同通信,281,"創価学会インタナショナル（SGI）は23日、人工知能（AI）などを用いて人間の介在なしに標的を特定し、武力を行使する「自律型兵器システム」の早期規制を訴える声明を発表した。試験的な配備や使用が一部で現実化しつつあるとして、11月に開催される特定通常兵器使用禁止制限条約の運用検討会議に向けて議論を進め、規制を確立するよう呼びかけた。

　声明では、人間を標的にしたシステムの禁止を強調。兵器に潜む重大な非人道性について指摘し、規制を求める連合体「ストップ・キラーロボット」に加わる市民団体や宗教者などと力を合わせ、条約の締結に向けたうねりを高めていくとしている。",[],[]
相模原の少年3人を逆送　栃木強殺、刑事裁判へ（共同通信）,https://news.yahoo.co.jp/articles/0265b404496c9e6228588d420819cf63aa126b26,https://newsatcl-pctr.c.yimg.jp/t/amd-img/default.jpg?exp=10800,2026-07-23T13:28:50+09:00,2026-07-23T13:45:00+09:00,共同通信,kyodonews,共同通信,205,"栃木県上三川町の強盗殺人事件で、横浜家裁は23日、強盗殺人などの容疑で家裁送致された、実行役とみられる相模原市の少年3人＝いずれも（16）＝を検察官送致（逆送）する決定を出したと明らかにした。1人は21日付で、2人は22日付。逆送されると原則起訴される。

　事件は5月14日に発生。宇都宮地検は6月、強盗殺人、強盗殺人未遂などの容疑で、川崎市と相模原市の少年4人を家裁送致。うち川崎市の少年は既に逆送された。",[],[]
欧州新車登録、5.7％増　26年上期、中国勢けん引（共同通信）,https://news.yahoo.co.jp/articles/0b62f0aa808947416df9861ae2da1a3fe42a9bfa,https://newsatcl-pctr.c.yimg.jp/t/amd-img/default.jpg?exp=10800,2026-07-23T13:28:04+09:00,2026-07-23T13:44:54+09:00,共同通信,kyodonews,共同通信,312,"【フランクフルト共同】欧州自動車工業会が23日発表した2026年上半期（1～6月）の欧州連合（EU）各国の乗用車新車登録台数は、前年同期比5.7％増の589万6683台だった。中国勢が市場の成長をけん引し、零☆（足ヘンに包の己が巳）汽車（リープモーター）は前年同期の約6.3倍、奇瑞汽車（チェリー）は約3.7倍と躍進した。

　日本勢は苦戦。トヨタ自動車は高級車ブランド「レクサス」を含めて0.1％減の40万9472台。日産自動車は5.3％減の10万6833台、スズキは5.9％減の7万6531台だった。三菱自動車は41.6％減に落ち込んだ。

　マツダは20.9％増の7万3377台、ホンダは21.4％増の2万7285台。",[],[]
欧州中銀、政策金利を維持　2会合ぶり、中東情勢注視（共同通信）,https://news.yahoo.co.jp/articles/c9eee635de688baef2dbe3923caa4eaa812739cc,https://newsatcl-pctr.c.yimg.jp/t/amd-img/20260723-00000106-kyodonews-000-5-view.jpg?exp=10800,2026-07-23T13:18:57+09:00,2026-07-23T22:11:35+09:00,共同通信,kyodonews,共同通信,338,"1
/
2
ドイツ・フランクフルトの欧州中央銀行本部＝2024年6月（ロイター＝共同）
記者会見するECBのラガルド総裁＝23日、ドイツ・フランクフルト（共同）
【フランクフルト共同】欧州中央銀行（ECB）は23日、理事会を開き、政策金利として重視する中銀預金金利を2.25％に維持することを決めた。据え置きは2会合ぶりとなる。

　6月の前回会合では、中東危機に伴う物価高を抑えるため、2年9カ月ぶりの利上げを決めた。過度な金融引き締めは景気を減速させる恐れがあるため、利上げを急がず、緊張が続く中東情勢の推移や物価の動向を見極める見通しだ。

　ただ、足元では中東の混乱長期化への懸念から原油価格は再び上昇傾向にある。市場では9月にも追加利上げを決めるとの見方が出ている。",[],[]
高知で男子中学生溺れ心肺停止（共同通信）,https://news.yahoo.co.jp/articles/5ff9438a00fcca0809847e747ccdc8e1bee50653,https://newsatcl-pctr.c.yimg.jp/t/amd-img/default.jpg?exp=10800,2026-07-23T13:16:11+09:00,2026-07-23T13:32:56+09:00,共同通信,kyodonews,共同通信,66,地元消防によると23日午前11時15分ごろ、高知市の鏡川で男子中学生が溺れたと119番があった。病院に搬送されたが心肺停止だという。,[],[]
ため池転落か男性2人死亡　和歌山、周辺で草刈り中（共同通信）,https://news.yahoo.co.jp/articles/4aeac6cc9340460b4b0bdf3b5a5d0756c7c3e5f1,https://newsatcl-pctr.c.yimg.jp/t/amd-img/20260723-00000104-kyodonews-000-4-view.jpg?exp=10800,2026-07-23T13:05:14+09:00,2026-07-23T13:49:23+09:00,共同通信,kyodonews,共同通信,179,"1
/
2
「2人が転落している」と110番があった和歌山市梅原のため池＝23日午後
警察車両の赤色
23日午前10時5分ごろ、和歌山市梅原のため池で「2人が転落している」と110番があった。ため池に浮いていた高齢男性2人が病院に搬送されたが、死亡が確認された。

　和歌山県警によると、2人を含めた男性3人で午前8時半ごろからため池周辺の草刈りをしていた。",[],[]
被疑者ノート回収巡り勾留先変更　熊本簡裁、容疑者の訴えで（共同通信）,https://news.yahoo.co.jp/articles/5231f78b6196ac955eb9206eedd831b69fe048d4,https://newsatcl-pctr.c.yimg.jp/t/amd-img/20260723-00000103-kyodonews-000-3-view.jpg?exp=10800,2026-07-23T12:58:17+09:00,2026-07-23T13:14:53+09:00,共同通信,kyodonews,共同通信,238,"熊本県警本部
熊本中央署に勾留中の容疑者が3月、取り調べ内容などを記録する「被疑者ノート」を就寝時に回収され、弁護人が刑事訴訟法が定めた接見交通権侵害の恐れがあるとして勾留場所の変更を申し立て、熊本簡裁が認める決定をしていたことが23日、分かった。弁護人が明らかにした。容疑者は熊本刑務所に移された。

　熊本県では、昨年11月にも県警からノートを回収された別の容疑者が、申し立てに基づき勾留場所を変更されたことが判明している。県警は取材に「個別案件には答えられない」とした。",[],[]
ペイペイとセブンが顧客データ統合へ（共同通信）,https://news.yahoo.co.jp/articles/9831cfa628219c655c30acdf8ae30643966b2520,https://newsatcl-pctr.c.yimg.jp/t/amd-img/default.jpg?exp=10800,2026-07-23T12:53:04+09:00,2026-07-23T13:09:01+09:00,共同通信,kyodonews,共同通信,73,スマートフォン決済大手PayPay（ペイペイ）とセブン＆アイ・ホールディングスが、双方が持つ顧客データの統合を検討していることが23日、分かった。,[],[]
栃木強殺、実行役とみられる少年3人逆送（共同通信）,https://news.yahoo.co.jp/articles/110d3aeaca9f189337192643c5cb6e2fe09cf075,https://newsatcl-pctr.c.yimg.jp/t/amd-img/default.jpg?exp=10800,2026-07-23T12:51:34+09:00,2026-07-23T13:08:55+09:00,共同通信,kyodonews,共同通信,94,栃木県上三川町の強盗殺人事件で、横浜家裁は23日までに、強盗殺人などの容疑で家裁送致された、実行役とみられる相模原市のいずれも16歳の少年3人を検察官送致すると決定した。21日と22日付。,[],[]
和歌山のため池で発見の高齢男性2人が死亡（共同通信）,https://news.yahoo.co.jp/articles/50f713278f371c4d4d1b7986cfa048d1c703b7f0,https://newsatcl-pctr.c.yimg.jp/t/amd-img/default.jpg?exp=10800,2026-07-23T12:50:20+09:00,2026-07-23T13:06:54+09:00,共同通信,kyodonews,共同通信,50,和歌山県警によると、和歌山市梅原のため池で見つかって病院に搬送された高齢男性2人の死亡が確認された。,[],[]
浜松市天竜区で41.1度　列島3日連続で酷暑日（共同通信）,https://news.yahoo.co.jp/articles/e7ca7e6b10064fb27d516e090fe64e9a73496d09,https://newsatcl-pctr.c.yimg.jp/t/amd-img/20260723-00000099-kyodonews-000-7-view.jpg?exp=10800,2026-07-23T12:48:57+09:00,2026-07-23T17:37:49+09:00,共同通信,kyodonews,共同通信,493,"気象庁
日本列島は23日も高気圧に覆われて気温が上昇し、浜松市天竜区で今年最高の41.1度に達するなど各地で危険な暑さとなった。最高気温40度以上の酷暑日となる地点が出るのは3日連続。午後4時時点で、全国914の観測地点のうち酷暑日を含め281地点で最高気温が35度以上の猛暑日となった。

　酷暑日は計7地点に上り、岐阜県美濃市と愛知県豊田市で40.8度、三重県桑名市で40.7度、岐阜県下呂市で40.4度、同県多治見市と浜松市中央区で40.2度。多治見市では3日連続、浜松市天竜区、美濃市、桑名市では2日連続の40度以上を記録した。東京都心では36.9度、甲府市と京都市中京区では39.7度を観測した。

　気象庁によると、19日ごろから続く暑さにより、地上と上空の空気がいずれも暖められた影響などで気温が上昇した。涼しい環境以外での運動の中止や、小まめな水分補給など適切な熱中症対策を呼びかけている。
酷暑日となった愛知県豊田市で自転車に乗る人たち。街頭温度計は気温40度を示していた＝23日午後
24日も東海、近畿は晴れ、気温が上昇する見込み。関東で雨が降り、気温が下がる予想。",[],[]
「日本は対ロ制裁継続」　法務副大臣キーウ訪問（共同通信）,https://news.yahoo.co.jp/articles/dd3a149ef9f9cbe17b30fa20c403bfb18e424e16,https://newsatcl-pctr.c.yimg.jp/t/amd-img/20260723-00000098-kyodonews-000-3-view.jpg?exp=10800,2026-07-23T12:42:08+09:00,2026-07-23T12:58:55+09:00,共同通信,kyodonews,共同通信,339,"ウクライナのマスロフ法相（右）に「ももジャン」のぬいぐるみを手渡す三谷英弘法務副大臣＝21日、キーウ（共同）
【キーウ共同】三谷英弘法務副大臣は23日までに、ウクライナ首都キーウを訪問した。マスロフ法相と会談し「ウクライナと共にある姿勢は揺らがない。対ロ制裁を継続する」と表明した。ウクライナの汚職対策の支援も継続する考えを示した。

　マスロフ氏はロシアの侵攻で受けた被害を記録するウクライナ損害登録機関（RD4U）に日本が参加しているとして謝意を表明。司法省関係者による日本への研修訪問を通じて「知見や実務を学びたい」と述べた。

　三谷氏はロシアの侵攻について「国際秩序の根幹を揺るがす暴挙」と非難し、力による一方的な現状変更の試みを「決して許すことはできない」と語った。",[],[]
佐渡金山、歴史説明強化を　ユネスコ審査、報告を要請（共同通信）,https://news.yahoo.co.jp/articles/f476ec983fc959f386fd1d0d50aee588c59c39fb,https://newsatcl-pctr.c.yimg.jp/t/amd-img/20260723-00000097-kyodonews-000-3-view.jpg?exp=10800,2026-07-23T12:40:12+09:00,2026-07-23T13:09:53+09:00,共同通信,kyodonews,共同通信,496,"佐渡金山のシンボル「道遊の割戸」＝2024年4月、新潟県佐渡市
韓国・釜山で開かれている国連教育科学文化機関（ユネスコ）の世界遺産委員会は23日、文化遺産「佐渡島の金山」（新潟県）の保全状況を審査し、採掘が行われていた全ての時期を通じた歴史の説明を強化するよう日本政府に求める決議を採択した。関係国と緊密に協議し、対応状況の報告書を2027年12月1日までに提出することも要請した。

　佐渡金山は24年に登録され、今回が初の保全状況審査。決議は、現地での説明や展示に進展も見られるが、十分ではないと指摘。具体的にどの部分が不足しているかは明示しなかった。

　韓国側はこれまで、戦時中に朝鮮半島出身者の強制労働があったと主張。佐渡金山の登録にも慎重姿勢を示したが、日本側が金山全体の歴史の説明に努めると表明したことで、登録が実現した経緯がある。日本はその後、歴史の説明や展示を強化するとの報告書をユネスコに提出している。

　委員会は、00年に文化遺産に登録された「琉球王国のグスクおよび関連遺産群」（沖縄県）の保全状況も審査した。日本政府が提出した報告書をおおむね了承する決議を採択した。",[],[]
熊本で被疑者ノート回収巡り勾留先変更決定（共同通信）,https://news.yahoo.co.jp/articles/943bc1be475b873da4d0f1427095876ad0096116,https://newsatcl-pctr.c.yimg.jp/t/amd-img/default.jpg?exp=10800,2026-07-23T12:38:51+09:00,2026-07-23T12:54:53+09:00,共同通信,kyodonews,共同通信,102,熊本中央署に勾留中の容疑者が3月、取り調べ内容などを記す「被疑者ノート」を就寝時に回収されたとして、弁護人が勾留場所の変更を申し立て、熊本簡裁が認める決定をしていたことが23日、弁護人への取材で分かった。,[],[]
中国の王外相「軍国主義許さず」　中ASEANで、日本を念頭（共同通信）,https://news.yahoo.co.jp/articles/0b4092b84cc7bbf1c4d59e8e4a09a09d8bc40318,https://newsatcl-pctr.c.yimg.jp/t/amd-img/default.jpg?exp=10800,2026-07-23T12:31:24+09:00,2026-07-23T14:33:57+09:00,共同通信,kyodonews,共同通信,300,"【マニラ共同】中国外務省は23日、王毅外相が22日にフィリピンの首都マニラで開かれた中国と東南アジア諸国連合（ASEAN）の外相会議に出席し「軍国主義の復活を決して許さない」と表明したと発表した。中国は防衛力強化を進める高市政権を「新型軍国主義」と批判しており、日本が念頭にあるとみられる。

　日米豪印の協力枠組み「クアッド」などが連携強化を図る中、王氏は「排他的グループの構築を阻止する」と述べ「外部からの不当な干渉に断固反対する」と主張した。

　南シナ海の領有権を巡り中国とフィリピンの対立は激化。王氏は、中国とASEANが南シナ海で衝突回避のため続けている「行動規範」の策定に意欲を示した。",[],[]
ため池で高齢男性2人発見、心肺停止（共同通信）,https://news.yahoo.co.jp/articles/9dbd4fe0fb78c39d1aa5fb50649cba65c7b8996a,https://newsatcl-pctr.c.yimg.jp/t/amd-img/default.jpg?exp=10800,2026-07-23T12:30:40+09:00,2026-07-23T12:47:05+09:00,共同通信,kyodonews,共同通信,86,和歌山県警によると23日午前10時過ぎ、和歌山市梅原のため池で「2人が転落している」と110番があった。高齢男性2人が救助されて病院に運ばれたが、いずれも心肺停止だという。,[],[]
三重県で40.4度、酷暑日観測は3日連続（共同通信）,https://news.yahoo.co.jp/articles/60205cd659ca121fb2d0d1ec936950de2c807b85,https://newsatcl-pctr.c.yimg.jp/t/amd-img/default.jpg?exp=10800,2026-07-23T12:30:20+09:00,2026-07-23T12:46:56+09:00,共同通信,kyodonews,共同通信,75,気象庁によると23日、三重県桑名市で40.4度を観測した。最高気温40度以上の酷暑日となる地点が出るのは3日連続。同市は22日も40.6度を観測した。,[],[]
木原官房長官、国民守る議論必要　防衛相の核兵器発言解説（共同通信）,https://news.yahoo.co.jp/articles/75a4ff7e5141a40effba143d721f048b05936fd1,https://newsatcl-pctr.c.yimg.jp/t/amd-img/20260723-00000092-kyodonews-000-3-view.jpg?exp=10800,2026-07-23T12:22:02+09:00,2026-07-23T12:39:12+09:00,共同通信,kyodonews,共同通信,238,"記者会見する木原官房長官＝23日午前、首相官邸
木原稔官房長官は23日の記者会見で、小泉進次郎防衛相が核兵器に関する議論の必要性に言及したことについて「国民の命と平和な暮らしを守り抜くために、どのような防衛政策が必要かを丁寧に説明し、議論する必要があるとの趣旨だ」と解説した。

　政府の立場に関し「非核三原則を政策上の方針として堅持している」と重ねて強調した。「わが国自身の防衛力の強化と、米国が提供する核を含む拡大抑止の信頼性の強化によって平和と安全を守り抜く」と語った。",[],[]
イプシロンS地上燃焼試験、正常に終了（共同通信）,https://news.yahoo.co.jp/articles/e5aa3b2e508bf5a261c7bea228ccc41150e96939,https://newsatcl-pctr.c.yimg.jp/t/amd-img/default.jpg?exp=10800,2026-07-23T12:21:37+09:00,2026-07-23T12:38:56+09:00,共同通信,kyodonews,共同通信,108,宇宙航空研究開発機構（JAXA）は23日、鹿児島県の種子島宇宙センターで行われた、小型固体燃料ロケット「イプシロンS」の2段目エンジン地上燃焼試験が正常に終了したと明らかにした。2カ月ほどかけてデータの分析を進める。,[],[]
米軍、12日連続のイラン攻撃完了（共同通信）,https://news.yahoo.co.jp/articles/14136783e161536f1fbb825cba137e092a3f89ed,https://newsatcl-pctr.c.yimg.jp/t/amd-img/default.jpg?exp=10800,2026-07-23T12:20:32+09:00,2026-07-23T12:36:56+09:00,共同通信,kyodonews,共同通信,46,【ワシントン共同】米中央軍は22日、イランに対し12日連続となった攻撃を完了したと発表した。,[],[]
東証、午前終値は6万6424円　半導体株がけん引し反発（共同通信）,https://news.yahoo.co.jp/articles/a510ef4c3479331be06b1c681bd0eff840a31f4f,https://newsatcl-pctr.c.yimg.jp/t/amd-img/20260723-00000089-kyodonews-000-3-view.jpg?exp=10800,2026-07-23T12:01:28+09:00,2026-07-23T12:16:55+09:00,共同通信,kyodonews,共同通信,372,"東京証券取引所
23日午前の東京株式市場は日経平均株価（225種）が反発した。上げ幅は一時900円を超え、6万7000円を回復した。前日の米国市場で半導体株が上昇したことを追い風に関連銘柄が買われ、相場をけん引した。

　午前終値は前日終値比308円84銭高の6万6424円44銭。東証株価指数（TOPIX）は15.66ポイント高の4048.79。

　22日の米国市場で、半導体株で構成する株価指数が堅調となり、東京市場でも平均株価への影響が大きい人工知能（AI）や半導体関連銘柄が値上がりした。

　このところ東京市場との連動性が強く、半導体株の比率が高い韓国の株価指数が上昇したことも投資家心理を明るくした。

　一方、長期金利や原油先物価格の上昇は重荷となった。業績への悪影響を懸念した売りも出て、平均株価は上げ幅を縮める場面があった。",[],[]
朝ドラ主題歌はYOASOBI　今秋開始の「ブラッサム」（共同通信）,https://news.yahoo.co.jp/articles/7f9f94bbd311d5dce459b6d88ecbf85f8ab7576f,https://newsatcl-pctr.c.yimg.jp/t/amd-img/20260723-00000088-kyodonews-000-3-view.jpg?exp=10800,2026-07-23T11:56:34+09:00,2026-07-23T12:14:34+09:00,共同通信,kyodonews,共同通信,315,"YOASOBIのikuraさん（左）とAyaseさん
NHK大阪放送局は23日、今秋開始予定の連続テレビ小説「ブラッサム」の主題歌を、音楽ユニット「YOASOBI」が担当すると発表した。作家の綿矢りささんが、主題歌のもととなる原作小説を書き下ろした。

　YOASOBIのAyaseさんは「心から自信を持って放つことができる楽曲ができた」、ikuraさんは「ご覧になる皆さまの心に、この歌が優しく、力強く寄り添うことができますように」とコメントした。

　ドラマの主人公は、作家の宇野千代さんがモデル。俳優石橋静河さん演じる葉野珠が故郷の山口・岩国を出て、大正から昭和にかけて困難にのみ込まれながらも、作家の道を切り開く姿を描く。",[],[]
佐渡金山の歴史説明強化を日本に要請（共同通信）,https://news.yahoo.co.jp/articles/31e867fa593d8928ddc13273ec591f33ba89cdea,https://newsatcl-pctr.c.yimg.jp/t/amd-img/default.jpg?exp=10800,2026-07-23T11:55:24+09:00,2026-07-23T12:10:56+09:00,共同通信,kyodonews,共同通信,107,国連教育科学文化機関（ユネスコ）の世界遺産委員会は23日、新潟県の「佐渡島の金山」の保全状況を審査し、歴史の説明を強化するよう日本政府に求める決議を採択した。対応状況を2027年12月までに報告することも要請した。,[],[]
小林政調会長「首相は寝て」　Xに多忙ぶり投稿受け（共同通信）,https://news.yahoo.co.jp/articles/146d0ab21bf44bcf77121dee5225675298abe4a7,https://newsatcl-pctr.c.yimg.jp/t/amd-img/20260723-00000086-kyodonews-000-3-view.jpg?exp=10800,2026-07-23T11:49:20+09:00,2026-07-23T12:06:55+09:00,共同通信,kyodonews,共同通信,269,"自民党の小林鷹之政調会長
自民党の小林鷹之政調会長は23日の記者会見で、X（旧ツイッター）に多忙ぶりを投稿した高市早苗首相と22日に官邸で面会した際、「仕事の量も尋常ではないが、寝てください」と伝えたことを明らかにした。首相の健康状態を問われ「国家機密だが、非常に快活で気力がみなぎり、心配していない」と述べた。

　首相の働き方について「時々の首相によって、仕事のスタイルは当然違ってしかるべきだ。結果を出すべく、全力でまい進されると受け止めている」と理解を示した。

　首相は20日、Xに「0～3時間睡眠が常態化」などと投稿していた。",[],[]
23区中古マンション下落　6月、前月比で26カ月ぶり（共同通信）,https://news.yahoo.co.jp/articles/8b7ff7e4a1dbe0f83b726e790bb6fb1207b127a8,https://newsatcl-pctr.c.yimg.jp/t/amd-img/20260723-00000085-kyodonews-000-3-view.jpg?exp=10800,2026-07-23T11:44:37+09:00,2026-07-23T12:00:53+09:00,共同通信,kyodonews,共同通信,264,"東京都内の高層マンション
不動産調査会社「東京カンテイ」が23日発表した東京23区の6月の中古マンション平均価格は70平方メートル換算で前月比0.8％下落の1億2741万円だった。5月まで25カ月連続で最高値を更新していた。都心での高騰に消費者が追い付けず、不動産会社が価格を下げる動きが出ているという。前年同月と比べると23.3％上昇だった。

　首都圏（1都3県）は前年同月比27.4％上昇の7454万円となった。東京カンテイは中古マンションの売り出し価格から坪単価を算出し、ファミリー向けの70平方メートルに換算している。",[],[]
紅海でサウジの船舶に攻撃（共同通信）,https://news.yahoo.co.jp/articles/aa5c3a0c464e73936f727de1f38fa02774dbda48,https://newsatcl-pctr.c.yimg.jp/t/amd-img/default.jpg?exp=10800,2026-07-23T11:40:44+09:00,2026-07-23T11:56:55+09:00,共同通信,kyodonews,共同通信,69,【カイロ共同】ロイター通信は23日、国営サウジ通信を引用し、紅海でサウジアラビアの船舶が攻撃を受けたと伝えた。船の前部から出火したという。,[],[]
東証、午前終値308円高（共同通信）,https://news.yahoo.co.jp/articles/01ed352e2ada828cd779dc7f26f5bc0cf7f03a16,https://newsatcl-pctr.c.yimg.jp/t/amd-img/default.jpg?exp=10800,2026-07-23T11:34:00+09:00,2026-07-23T11:50:56+09:00,共同通信,kyodonews,共同通信,57,23日の東京株式市場の日経平均株価（225種）午前終値は、前日終値比308円84銭高の6万6424円44銭だった。,[],[]
6月23区中古マンション価格26カ月ぶり下落（共同通信）,https://news.yahoo.co.jp/articles/ba259133b8e996cc3ab8f38b5279008e03440f8f,https://newsatcl-pctr.c.yimg.jp/t/amd-img/default.jpg?exp=10800,2026-07-23T11:24:47+09:00,2026-07-23T11:40:55+09:00,共同通信,kyodonews,共同通信,87,不動産調査会社「東京カンテイ」が23日発表した東京23区の6月の中古マンション平均価格は70平方メートル換算で前月比0.8％下落の1億2741万円と、26カ月ぶりに下落した。,[],[]
片山財務相「果断に行動する」　ドル売り市場介入を改めて示唆（共同通信）,https://news.yahoo.co.jp/articles/03e9ec24235f412331909e88e74d53aa31489f43,https://newsatcl-pctr.c.yimg.jp/t/amd-img/20260723-00000081-kyodonews-000-3-view.jpg?exp=10800,2026-07-23T11:16:45+09:00,2026-07-23T11:33:04+09:00,共同通信,kyodonews,共同通信,261,"片山さつき財務相
片山さつき財務相は23日、1ドル＝163円台を付けたドル円相場について「私たちの姿勢は全く変わっていない。必要があれば果断に行動する」と記者団に述べた。円買いドル売りの市場介入を実行する可能性を改めて示した。

　市場では、米国とイランの軍事衝突が激化するとの懸念から、基軸通貨ドルの需要が強まる「有事のドル買い」が進んだ。21日のニューヨーク外国為替市場では1986年12月以来、約39年7カ月ぶりとなる円安水準を付けた。

　片山氏は17日にも「必要とあれば、いつでも果断な措置を取る」と語っていた。",[],[]
アジア大会のマスコット地下鉄に　名古屋・東山線の車両にあしらう（共同通信）,https://news.yahoo.co.jp/articles/d78e6354a56e4115d4797423209379c48bbacf7a,https://newsatcl-pctr.c.yimg.jp/t/amd-img/20260723-00000080-kyodonews-000-3-view.jpg?exp=10800,2026-07-23T11:16:02+09:00,2026-07-23T11:57:39+09:00,共同通信,kyodonews,共同通信,253,"アジア・アジアパラ競技大会に向け、公式マスコットが描かれた名古屋市営地下鉄の車両と写真に納まる広沢一郎市長（右）ら＝23日午前、名古屋市
愛知県と名古屋市が今秋に共催するアジア・アジアパラ競技大会に向け、名古屋市は23日、市営地下鉄東山線で大会の公式マスコットをあしらった車両の運行を開始した。6両1編成で、高畑―藤が丘間を今年10月末まで毎日走らせる予定。大会の認知度を向上させ、機運を高める狙い。

　東山線は名古屋駅や、繁華街にある栄駅を通る。市交通局によると、1日当たり40万人以上が利用している。",[],[]
朝ドラ主題歌はYOASOBI（共同通信）,https://news.yahoo.co.jp/articles/cefe13ec480938936c433928e0a275ffcf2d68b6,https://newsatcl-pctr.c.yimg.jp/t/amd-img/default.jpg?exp=10800,2026-07-23T11:14:07+09:00,2026-07-23T11:30:53+09:00,共同通信,kyodonews,共同通信,66,NHK大阪放送局は23日、今秋開始予定の連続テレビ小説「ブラッサム」の主題歌を、音楽ユニット「YOASOBI」が担当すると発表した。,[],[]
長野知事選、現職と新人が届け出　4期16年の評価争点（共同通信）,https://news.yahoo.co.jp/articles/3ff90d8a6993ca4ac33ad37d538cdf72b2c82162,https://newsatcl-pctr.c.yimg.jp/t/amd-img/20260723-00000078-kyodonews-000-3-view.jpg?exp=10800,2026-07-23T11:09:36+09:00,2026-07-23T11:26:56+09:00,共同通信,kyodonews,共同通信,361,"1
/
2
演説する阿部守一氏＝23日午前、JR長野駅前
演説する武田良介氏＝23日午前、長野市
任期満了に伴う長野県知事選が23日告示され、いずれも無所属で、5選を目指す現職阿部守一氏（65）と、元参院議員で共産党県委員会副委員長の新人武田良介氏（46）＝共産推薦＝の2人が届け出た。阿部氏の4期16年に及ぶ県政運営への評価が主な争点となる。8月9日に投開票される。

　阿部氏は自民、立憲民主、公明、社民の各党県組織や連合長野の幹部らでつくる団体から支援を受ける。

　「豊かさを実感できる長野県をつくる」と訴えた。生活困窮者支援を含めた経済対策を行うとした。

　武田氏は、物価高対策として水道基本料金ゼロを掲げた。人口減少で医療、介護分野で制度疲労を起こしているとする阿部氏の主張に対し「断固反対する」と強調した。",[],[]
景気拡大、戦後最長の公算　政府、7月も回復と判断へ（共同通信）,https://news.yahoo.co.jp/articles/8c0e2c8b99380c9ee3f5b92972abbc059f9188e1,https://newsatcl-pctr.c.yimg.jp/t/amd-img/20260723-00000077-kyodonews-000-3-view.jpg?exp=10800,2026-07-23T11:03:56+09:00,2026-07-23T11:20:55+09:00,共同通信,kyodonews,共同通信,382,"戦後の主な景気拡大
政府が景気の公式見解を示す7月の月例経済報告で、景気が「緩やかに回復している」との判断を維持する見通しとなったことが23日、分かった。2020年6月からの景気拡大期間が74カ月に突入し、戦後最長の「いざなみ景気」の73カ月（02年2月～08年2月）を超える公算が大きいが、生活を苦しめる物価高の中、好景気の実感は薄い。政府は7月の月例経済報告を29日に公表する。

　日本経済は新型コロナウイルス禍が猛威を振るった20年5月に底打ちし、同6月から拡大局面に入った。ロシアのウクライナ侵攻やトランプ米政権の高関税政策、中東情勢の混乱など景気下押し要因はあったものの、実質国内総生産（GDP）成長率はプラス基調を維持してきた。

　一方、政府は21日に決めた経済財政運営の指針「骨太方針」に「景気の体感温度を高めていかなければならない」と記載した。",[],[]
収賄疑いで宮古島市職員を逮捕　工事入札巡り、50万円で便宜か（共同通信）,https://news.yahoo.co.jp/articles/1958c728e57fb8121c7de5838399833d7925efde,https://newsatcl-pctr.c.yimg.jp/t/amd-img/20260723-00000076-kyodonews-000-3-view.jpg?exp=10800,2026-07-23T11:00:30+09:00,2026-07-23T11:16:56+09:00,共同通信,kyodonews,共同通信,220,"沖縄県警本部＝那覇市
沖縄県警は23日までに、宮古島市が発注した工事の入札を巡り、業者側に便宜を図った見返りに現金50万円を受け取ったとして、収賄の疑いで、市農政課調整官の下地智博容疑者（52）＝同市＝を逮捕した。50万円を供与したとして、贈賄容疑で会社員冨永優容疑者（49）＝同＝も逮捕した。

　下地容疑者の逮捕容疑は、最低制限価格を算定する基礎となる金額が記載された積算書などを渡し、昨年8月ごろ、市内で現金50万円を受け取った疑い。",[],[]
大谷、ブルペンで投球練習　ロバーツ監督「大きな兆候」（共同通信）,https://news.yahoo.co.jp/articles/9e03359a9989c2690b71175b6302bdc2901f88aa,https://newsatcl-pctr.c.yimg.jp/t/amd-img/20260723-00000075-kyodonews-000-2-view.jpg?exp=10800,2026-07-23T10:48:02+09:00,2026-07-23T11:04:53+09:00,共同通信,kyodonews,共同通信,251,"ブルペンで投球練習するドジャース・大谷＝フィラデルフィア（共同）
【フィラデルフィア共同】米大リーグで左膝の炎症のため次回登板が未定となっているドジャースの大谷翔平が22日、フィラデルフィアでのフィリーズ戦前にブルペンに入って投球練習した。ブルペン入りは今週末との見通しを示していたロバーツ監督は「彼が投げることを希望した。大きな兆候だ」と説明した。

　変化球も交えて31球を投げた。3日を最後に実戦マウンドから遠ざかっているが、監督は「築いてきた球数への耐性はそれほど失っていないと思う」と語った。",[],[]
韓国中央選管を家宅捜索　統一地方選、投票用紙不足問題（共同通信）,https://news.yahoo.co.jp/articles/22f97247f559aff6457d08621cc3bde1d6899d9e,https://newsatcl-pctr.c.yimg.jp/t/amd-img/20260723-00000074-kyodonews-000-3-view.jpg?exp=10800,2026-07-23T10:44:40+09:00,2026-07-23T11:45:37+09:00,共同通信,kyodonews,共同通信,276,"統一地方選の投票用紙不足問題で中央選管へ家宅捜索に入る検察、警察の合同捜査本部関係者ら＝23日、韓国京畿道果川市（聯合＝共同）
【ソウル共同】6月の韓国統一地方選で投票用紙が不足した問題で、韓国の検察と警察の合同捜査本部は23日、中央選挙管理委員会（中央選管）の職員が投票者数を改ざんした疑いがあるとして、京畿道果川市にある中央選管の事務所などを家宅捜索した。聯合ニュースが報じた。

　聯合によると、合同捜査本部は23日午前から検事や捜査員を派遣し、内部サーバーなどの関連資料を押収。捜索令状には、公的電子記録の偽造などの容疑が記載されているという。",[],[]
白トラック業者に依頼疑い初摘発　松山の水産会社代表を書類送検（共同通信）,https://news.yahoo.co.jp/articles/3add383acd29f4d9c01b16dad12620d5316a17ec,https://newsatcl-pctr.c.yimg.jp/t/amd-img/default.jpg?exp=10800,2026-07-23T10:43:04+09:00,2026-07-23T10:58:55+09:00,共同通信,kyodonews,共同通信,275,"無許可で貨物運送する白トラック業者に魚を運ぶよう依頼したとして、警視庁と愛媛県警の合同捜査本部は23日、貨物自動車運送事業法違反の疑いで、水産会社「サントラスト」（松山市）の小山誠二代表（57）＝愛媛県八幡浜市＝と法人としての同社を書類送検した。同庁によると、白トラ業者に依頼する側も処罰対象とした4月施行の改正法での摘発は初めて。

　書類送検容疑は4月、愛媛県宇和島市の運送会社が白トラ業者と知りながら、下関港（山口県）から豊洲市場（東京都）まで、計76万円でヒラメを輸送するよう2回にわたり依頼した疑い。起訴を求める「厳重処分」の意見を付けた。",[],[]
東電新会長「変革に全力尽くす」　経産相に就任報告（共同通信）,https://news.yahoo.co.jp/articles/0c813a37051e4a6b1bf24849778c55c614969dc6,https://newsatcl-pctr.c.yimg.jp/t/amd-img/20260723-00000072-kyodonews-000-3-view.jpg?exp=10800,2026-07-23T10:35:53+09:00,2026-07-23T12:50:09+09:00,共同通信,kyodonews,共同通信,268,"赤沢経産相（左から2人目）と写真に納まる、東京電力HDの横尾敬介会長（同3人目）ら＝23日午前、東京都千代田区
東京電力ホールディングス（HD）の横尾敬介会長は23日、赤沢亮正経済産業相と会談し、正式に就任したことを報告した。横尾氏は「東京電力を社会の期待に応えられる企業に変革すべく全力を尽くしたい」とあいさつした。

　官民ファンドの産業革新投資機構社長を務めていた横尾氏は、6月下旬に会長に就任した。東電は新たな体制下で、外部企業との資本提携の検討を含めた経営再建を進める。

　会談には小林喜光前会長と小早川智明社長も同席した。",[],[]
50万円収賄容疑で沖縄県宮古島市職員逮捕（共同通信）,https://news.yahoo.co.jp/articles/ed430f8e0a840878c275f753d937b9cb4aca7225,https://newsatcl-pctr.c.yimg.jp/t/amd-img/default.jpg?exp=10800,2026-07-23T10:30:32+09:00,2026-07-23T10:46:56+09:00,共同通信,kyodonews,共同通信,102,沖縄県警は23日までに、宮古島市が発注した工事の入札を巡り、業者側に便宜を図った見返りに現金50万円を受け取ったとして、収賄の疑いで、市職員の男（52）を逮捕した。贈賄容疑で業者側の男（49）も逮捕した。,[],[]
財務相、市場介入を改めて示唆（共同通信）,https://news.yahoo.co.jp/articles/9f01a495b52658b69777a2b7c5f54724ccfff7d1,https://newsatcl-pctr.c.yimg.jp/t/amd-img/default.jpg?exp=10800,2026-07-23T10:28:34+09:00,2026-07-23T10:44:54+09:00,共同通信,kyodonews,共同通信,88,片山さつき財務相は23日、1ドル＝163円台を付けたドル円相場について「必要があれば果断に行動する」と記者団に述べた。円買いドル売りの市場介入を実行する可能性を改めて示唆した。,[],[]
韓国検察、投票用紙不足問題で選管捜索（共同通信）,https://news.yahoo.co.jp/articles/b71726835279bf09e6caa8c6042805c84a10d3fb,https://newsatcl-pctr.c.yimg.jp/t/amd-img/default.jpg?exp=10800,2026-07-23T10:23:22+09:00,2026-07-23T10:40:55+09:00,共同通信,kyodonews,共同通信,106,【ソウル共同】韓国統一地方選で投票用紙が不足した問題で、韓国の検察などは23日、中央選挙管理委員会の職員が投票者数を改ざんした疑いがあるとして、京畿道果川市にある中央選管などを家宅捜索した。聯合ニュースが報じた。,[],[]
景気拡大、戦後最長の公算（共同通信）,https://news.yahoo.co.jp/articles/4208acc26c3ed012aec6345067b3aac48f43fd94,https://newsatcl-pctr.c.yimg.jp/t/amd-img/default.jpg?exp=10800,2026-07-23T10:21:28+09:00,2026-07-23T10:37:04+09:00,共同通信,kyodonews,共同通信,104,政府が7月の月例経済報告で、景気が「緩やかに回復している」との前月の判断を維持する見通しとなったことが23日分かった。景気拡大期間が74カ月に突入し、戦後最長の「いざなみ景気」の73カ月を超える公算が大きい。,[],[]
白トラに依頼疑い会社代表書類送検、初摘発（共同通信）,https://news.yahoo.co.jp/articles/4a423c7353bf37dc447737a93b4d1667b3f4b0ba,https://newsatcl-pctr.c.yimg.jp/t/amd-img/default.jpg?exp=10800,2026-07-23T10:19:34+09:00,2026-07-23T10:36:56+09:00,共同通信,kyodonews,共同通信,109,無許可で貨物運送する白トラック業者に魚を運ぶよう依頼したとして、警視庁は23日、貨物自動車運送事業法違反の疑いで、松山市の水産会社代表の男性（57）を書類送検した。依頼側も処罰対象とした4月施行の改正法による摘発は初。,[],[]
米大学で「長崎を記憶する」講義　原爆開発計画参加者の孫（共同通信）,https://news.yahoo.co.jp/articles/fc59199119d0d878f04c44aaa5e9f98d671ce860,https://newsatcl-pctr.c.yimg.jp/t/amd-img/20260723-00000066-kyodonews-000-3-view.jpg?exp=10800,2026-07-23T10:16:35+09:00,2026-07-23T10:32:53+09:00,共同通信,kyodonews,共同通信,483,"米ウィリアムズ大のジェームズ・ノーラン・ジュニア教授（同大のホームページから・共同）
【ロサンゼルス共同】米国の原爆開発計画「マンハッタン計画」に参加した医師の孫が、米国の大学で「長崎を記憶する」と題した少人数制の講義を担当している。中心的に扱うのは、原爆の被害や、それに静かに耐えたとされる人々の反応。米国では広島だけが被爆地として注目されがちだとし「忘れられた街・長崎」を若い世代に伝えている。

　医師の孫は、東部マサチューセッツ州にあるウィリアムズ大のジェームズ・ノーラン・ジュニア教授（63）＝社会学＝。原爆投下後に現地を調査した祖父の足跡をたどったのを機に、長崎の歴史を学び「魅了された」と振り返る。

　講義は昨年に始めた。ノーランさんは「放射線や熱線、爆風の影響、被爆者への差別について理解することが重要だ」と説く。

　ノーランさんは、米国で長崎が被爆地として注目されない一因は、長崎が米国でも広く信仰されているキリスト教の日本における「中心地」だったことにあるとみる。米国にとって、長崎への原爆使用の正当化は「広島よりもさらに難しい」と主張する。",[],[]
東京円、163円台前半（共同通信）,https://news.yahoo.co.jp/articles/bf9482e9c17afa16d267581bb497c6ce4cb051c0,https://newsatcl-pctr.c.yimg.jp/t/amd-img/default.jpg?exp=10800,2026-07-23T10:15:30+09:00,2026-07-23T10:31:21+09:00,共同通信,kyodonews,共同通信,188,"23日午前の東京外国為替市場の円相場は1ドル＝163円台前半で取引された。

　午前10時現在は前日比12銭円安ドル高の1ドル＝163円05～06銭。ユーロは27銭円安ユーロ高の1ユーロ＝186円15～16銭。

　米国とイランの軍事衝突が激化するとの懸念から、基軸通貨ドルに「有事の買い」の動きが出た。原油価格が高止まりし、日本の貿易赤字が拡大するとの見方も円売りを促した。",[],[]
東証、437円高　午前9時15分現在（共同通信）,https://news.yahoo.co.jp/articles/be74197e0588c749aa142763cc6d9cfb280fdcf0,https://newsatcl-pctr.c.yimg.jp/t/amd-img/default.jpg?exp=10800,2026-07-23T10:15:02+09:00,2026-07-23T10:31:15+09:00,共同通信,kyodonews,共同通信,63,23日の東京株式市場の日経平均株価（225種）は午前9時15分現在、前日終値比437円59銭高の6万6553円19銭となった。,[],[]
警察の上半期懲戒処分155人　全国、最多は「異性関係」43人（共同通信）,https://news.yahoo.co.jp/articles/a4f0774574b3e7d94b2feb7f1d271b783014a0b2,https://newsatcl-pctr.c.yimg.jp/t/amd-img/default.jpg?exp=10800,2026-07-23T10:14:25+09:00,2026-07-23T10:31:00+09:00,共同通信,kyodonews,共同通信,372,"今年上半期（1～6月）に懲戒処分を受けた全国の警察官や警察職員は、昨年同期より1人多い155人だったことが23日、警察庁のまとめで分かった。主な理由は盗撮やセクハラなど「異性関係」が最多の43人（3人減）。「交通事故・違反」の23人（2人減）、「窃盗・詐欺・横領等」の21人（15人減）が続いた。業務上の処分は57人（18人増）だった。

　警察庁によると、処分の内訳は、免職22人（2人増）、停職43人（8人減）、減給72人（5人増）、戒告18人（2人増）。逮捕者は23人（4人減）だった。

　処分者の都道府県別で最も多かったのは大阪府警の27人。捜査4課の警察官が家宅捜索中に捜査対象の男性らを暴行した事件では、2人が免職となるなど計12人が懲戒処分を受けた。交通取り締まりで不正があった神奈川県警は12人、警視庁と愛知県警は9人だった。",[],[]
韓国の実質GDP、0.6％増　4～6月期、半導体輸出がけん引（共同通信）,https://news.yahoo.co.jp/articles/6fa7abe746a01686c5426a4ca57d5ddb908e3c16,https://newsatcl-pctr.c.yimg.jp/t/amd-img/default.jpg?exp=10800,2026-07-23T10:13:39+09:00,2026-07-23T10:30:54+09:00,共同通信,kyodonews,共同通信,303,"【ソウル共同】韓国銀行（中央銀行）が23日発表した2026年4～6月期の実質国内総生産（GDP、速報値）は前期比0.6％増だった。半導体や機械などの輸出が好調で、中東情勢の悪化に伴う原油価格上昇の影響を打ち消し、韓国銀行が5月に示した成長率予測の0.2％を0.4ポイント上回った。

　前年同期比で3.7％の増加だった。

　項目別では、輸出が半導体や機械、設備を中心に前期比1.4％増加した。輸入も自動車や機械、設備を中心に0.8％増えたが、輸出の伸びが上回った。

　個人消費は家電製品などの財物や飲食、宿泊のサービスともに堅調で0.4％増加。設備投資は半導体製造用機械などが伸び、0.2％増となった。",[],[]
全仏優勝の元プロテニス選手逮捕　SNSで30万円詐欺疑い（共同通信）,https://news.yahoo.co.jp/articles/74e044f145cdbddfc474f08ad3f4bffc1695732c,https://newsatcl-pctr.c.yimg.jp/t/amd-img/20260723-00000061-kyodonews-000-7-view.jpg?exp=10800,2026-07-23T10:09:05+09:00,2026-07-23T12:55:57+09:00,共同通信,kyodonews,共同通信,488,"平木理化容疑者
高知県警は23日までに、交流サイト（SNS）を使って鹿児島市の女性から30万円をだまし取ったとして詐欺の疑いで、元プロテニス選手の会社員平木理化容疑者（54）＝千葉県白井市＝を逮捕した。高知県警によると「身に覚えがありません」と容疑を否認している。
【写真】闇バイトで逮捕　警察に協力したら服役後でも「報復」の恐ろしさ
平木容疑者は1997年にテニスの四大大会、全仏オープンの混合ダブルスで、インド選手とのペアで優勝した経験がある。

　逮捕容疑は2022年2月15日～5月30日、何者かと共謀して当時50代の女性から現金をだまし取った疑い。

　県警によると、女性は同年2月、フランスで整形外科医として働いていると名乗る人物とSNSで知り合った。その後、連絡を取り合う中で「死別した妻の補償金を受け取るため、あなたを保証人にした。妻の荷物が税関で止められている。解除するには証明書代が必要」と頼まれ、同年5月30日に平木容疑者名義の口座に30万円振り込んだ。

　同日にこの口座から平木容疑者が現金を引き出す様子が銀行のATMの防犯カメラに写っていたという。",[],[]
中国外相、日中韓ASEAN会議欠席（共同通信）,https://news.yahoo.co.jp/articles/4719dc68d519ace2967d7982ab5d9eb4558fd7d0,https://newsatcl-pctr.c.yimg.jp/t/amd-img/default.jpg?exp=10800,2026-07-23T10:02:23+09:00,2026-07-23T10:19:10+09:00,共同通信,kyodonews,共同通信,64,【マニラ共同】中国の王毅外相は23日、フィリピンで開かれた東南アジア諸国連合（ASEAN）プラス3（日中韓）外相会議を欠席した。,[],[]
鹿児島で住宅火災、2人死亡　夫婦と連絡取れず（共同通信）,https://news.yahoo.co.jp/articles/3dd3116e347fbcc9738e1550dde2c634e803102c,https://newsatcl-pctr.c.yimg.jp/t/amd-img/20260723-00000059-kyodonews-000-3-view.jpg?exp=10800,2026-07-23T10:01:48+09:00,2026-07-23T11:27:23+09:00,共同通信,kyodonews,共同通信,202,"パトカーの赤色灯
23日午前1時50分ごろ、鹿児島県指宿市湊2丁目の無職宮園美智成さん（67）方で火災が起きていると通行人から119番があった。木造平屋の住宅約130平方メートルが全焼し、焼け跡から2人の遺体が見つかった。宮園さんと妻智子さん（79）と連絡が取れておらず、指宿署は遺体の身元確認を急いでいる。

　現場はJR指宿枕崎線指宿駅から北東に約500メートルの住宅街。署は出火原因を詳しく調べる。",[],[]
大阪で住宅火災、焼け跡から1遺体発見（共同通信）,https://news.yahoo.co.jp/articles/1ee3d7260a35677735eb434a4c094b243b7e07da,https://newsatcl-pctr.c.yimg.jp/t/amd-img/default.jpg?exp=10800,2026-07-23T09:58:36+09:00,2026-07-23T17:23:16+09:00,共同通信,kyodonews,共同通信,104,大阪府警によると、23日午前4時55分ごろ、大阪府交野市の住宅で「火が出ている」と119番があった。地元消防によると、焼け跡から性別、年齢不明の1人の遺体が見つかった。住人とみられる2人と連絡が取れていない。,[],[]
能登地震の災害公営住宅が初完成　石川・七尾14戸、来月入居（共同通信）,https://news.yahoo.co.jp/articles/932fc90da8b953b60bdec47c441a0f5ead445a41,https://newsatcl-pctr.c.yimg.jp/t/amd-img/20260723-00000057-kyodonews-000-3-view.jpg?exp=10800,2026-07-23T09:58:02+09:00,2026-07-23T11:11:05+09:00,共同通信,kyodonews,共同通信,347,"能登半島地震の被災地で初めて完成した災害公営住宅の落成式＝23日午前、石川県七尾市
2024年の能登半島地震で被害を受けた石川県七尾市で、自宅を失った住民向けの災害公営住宅が被災地で初めて完成し、23日に落成式が開かれた。一時的な住まいとして提供される仮設住宅と異なり、恒久的に暮らすことができる。今回建設されたのは14戸で、8月1日以降に入居が始まる。

　災害公営住宅は、石川県の9市町と富山県氷見市で計約3100戸が整備される予定。入居まで最長3年ほどかかる見通しの自治体もあり、被災者の生活再建が依然として課題となっている。

　七尾市では、約5600棟が全半壊し、今も約1500人が仮設住宅で生活している。14戸は鉄筋コンクリート造りの集合住宅で、2階建てと3階建ての計2棟から成る。",[],[]
特殊詐欺容疑で元女子プロテニス選手逮捕（共同通信）,https://news.yahoo.co.jp/articles/0ee1a5b1572d70244a20c3003e7ac60e1af4d91e,https://newsatcl-pctr.c.yimg.jp/t/amd-img/default.jpg?exp=10800,2026-07-23T09:41:08+09:00,2026-07-23T15:48:13+09:00,共同通信,kyodonews,共同通信,93,高知県警は23日までに、特殊詐欺に関与して現金30万円をだまし取った疑いで、元プロテニス選手の平木理化容疑者（54）を逮捕した。平木容疑者は全仏オープン混合ダブルスで優勝した経験がある。,[],[]
日本と中国の外相、比で接触　茂木氏「対話継続が重要」（共同通信）,https://news.yahoo.co.jp/articles/455be8bdfac6544df9c7bd3d68b22529c8aef921,https://newsatcl-pctr.c.yimg.jp/t/amd-img/20260723-00000055-kyodonews-000-6-view.jpg?exp=10800,2026-07-23T09:28:58+09:00,2026-07-23T16:53:23+09:00,共同通信,kyodonews,共同通信,509,"1
/
2
東南アジア諸国連合プラス3外相会議＝23日、マニラ（外務省提供・共同）
茂木敏充外相
【マニラ共同】茂木敏充外相は23日（日本時間同）、訪問先のフィリピンで中国の王毅外相と22日正午ごろ、短時間接触したと記者団に明らかにした。「これからも対話を続けていくことが極めて重要だ」と述べた。昨年11月の高市早苗首相による台湾有事を巡る国会答弁で関係が冷え込んで以来、外相対話は初めて。11月に中国で開かれるアジア太平洋経済協力会議（APEC）首脳会議に合わせた首相と習近平国家主席との会談実現につながるかどうかが焦点となる。

　茂木氏は21日夜にロシアのラブロフ外相と短時間接触したことも明らかにした。

　茂木、王両氏はASEAN関連外相会議出席のため、フィリピンの首都マニラに滞在していた。茂木氏によると、22日に日ASEAN会合に出席する直前、ASEANとの会合を終えた王氏とすれ違う形で接触した。

　茂木氏は、王氏と「2国間関係について話をした」と語ったが、詳細は明らかにしなかった。短時間だったため、通訳を入れずに行った。日中関係に関し「地域の平和に日本と中国は大きな役割を負っている」と強調した。",[],[]
東証、437円高（共同通信）,https://news.yahoo.co.jp/articles/2d96d88d3401e5b699c9a3b7fa0610260435368e,https://newsatcl-pctr.c.yimg.jp/t/amd-img/default.jpg?exp=10800,2026-07-23T09:19:57+09:00,2026-07-23T09:36:55+09:00,共同通信,kyodonews,共同通信,63,23日の東京株式市場の日経平均株価（225種）は午前9時15分現在、前日終値比437円59銭高の6万6553円19銭となった。,[],[]
鹿児島・指宿で住宅火災、2人死亡（共同通信）,https://news.yahoo.co.jp/articles/de0ba85b6f70fb6ee2772d48ba2b0f9871f2cb84,https://newsatcl-pctr.c.yimg.jp/t/amd-img/default.jpg?exp=10800,2026-07-23T09:18:27+09:00,2026-07-23T09:35:00+09:00,共同通信,kyodonews,共同通信,99,鹿児島県警によると、23日午前1時50分ごろ、指宿市湊2丁目の住宅で火災があったと119番があった。住宅が全焼し、焼け跡から2人の遺体が見つかった。住人の夫婦と連絡が取れておらず、確認を急いでいる。,[],[]
イプシロンS燃焼試験終了　実績ある旧エンジン採用（共同通信）,https://news.yahoo.co.jp/articles/f18943b29550027f212614fed2bbade724582018,https://newsatcl-pctr.c.yimg.jp/t/amd-img/20260723-00000053-kyodonews-000-5-view.jpg?exp=10800,2026-07-23T09:17:52+09:00,2026-07-23T14:58:45+09:00,共同通信,kyodonews,共同通信,464,"1
/
2
鹿児島県の種子島宇宙センターで行われた小型固体燃料ロケット「イプシロンS」のエンジン燃焼試験＝23日午前（JAXA提供）
鹿児島県の種子島宇宙センターで行われた小型固体燃料ロケット「イプシロンS」のエンジン燃焼試験＝23日午前
宇宙航空研究開発機構（JAXA）は23日、小型固体燃料ロケット「イプシロンS」の2段目エンジンの地上燃焼試験を鹿児島県の種子島宇宙センターで実施し、予定通り約2分間燃焼し終了した。開発を進めていた新型エンジンで爆発事故が続いたため、今回は実績のある旧型を基にしたエンジンを採用した。

　大型液体燃料ロケット「H3」と並ぶ日本の主力ロケットとして開発が進められているイプシロンSは、イプシロンの後継機。JAXAは2026年度中のイプシロンS実証機打ち上げを目指している。

　新型エンジン「E―21」は、23年と24年の燃焼試験で爆発した。今回の燃焼試験では、旧型エンジンの入手困難な原材料を代替品に置き換えた「M―35a」を、約130秒間燃焼させ、温度やひずみなどを計測する予定だった。",[],[]
東京株式　23日終値　　　　　（共同通信）,https://news.yahoo.co.jp/articles/e4ae0d76926a1bdadbdd925f80ffd0145c90f523,https://newsatcl-pctr.c.yimg.jp/t/amd-img/default.jpg?exp=10800,2026-07-23T09:16:31+09:00,2026-07-23T15:31:29+09:00,共同通信,kyodonews,共同通信,96,"＜日経平均＞　　　　　　　　　

　66422円60銭　　　　　

　前日比　＋307円00銭　　

＜TOPIX＞　　　　　　　　

　4053.88　　　　　　　

　前日比　＋20.75",[],[]
東証、一時800円超高（共同通信）,https://news.yahoo.co.jp/articles/1325e92159e9d04244dca9d868a3545bab1faf95,https://newsatcl-pctr.c.yimg.jp/t/amd-img/default.jpg?exp=10800,2026-07-23T09:12:27+09:00,2026-07-23T09:28:55+09:00,共同通信,kyodonews,共同通信,46,23日の東京株式市場で日経平均株価（225種）の前日終値からの上げ幅が一時800円を超えた。,[],[]
イプシロンSエンジンの地上燃焼試験終了（共同通信）,https://news.yahoo.co.jp/articles/3b284848c6e2ed687d9617af43ba63a0111dc76b,https://newsatcl-pctr.c.yimg.jp/t/amd-img/default.jpg?exp=10800,2026-07-23T09:07:06+09:00,2026-07-23T09:23:10+09:00,共同通信,kyodonews,共同通信,91,宇宙航空研究開発機構（JAXA）は23日、小型固体燃料ロケット「イプシロンS」の2段目エンジンの地上燃焼試験を鹿児島県の種子島宇宙センターで実施した。予定通り約2分間燃焼し終了した。,[],[]
韓国GDP0.6％増（共同通信）,https://news.yahoo.co.jp/articles/3e951d8ea19d702ffae4586a0f97e9969bd3668f,https://newsatcl-pctr.c.yimg.jp/t/amd-img/default.jpg?exp=10800,2026-07-23T09:06:20+09:00,2026-07-23T09:22:55+09:00,共同通信,kyodonews,共同通信,65,【ソウル共同】韓国銀行（中央銀行）が23日発表した2026年4～6月期の実質国内総生産（GDP、速報値）は前期比0.6％増だった。,[],[]
米、中国企業がAIで不正と非難　制裁警告、アンソロピックの技術（共同通信）,https://news.yahoo.co.jp/articles/f873575e633fcd988831c79ff8619a46c6fdc02f,https://newsatcl-pctr.c.yimg.jp/t/amd-img/20260723-00000047-kyodonews-000-3-view.jpg?exp=10800,2026-07-23T09:04:08+09:00,2026-07-23T10:03:52+09:00,共同通信,kyodonews,共同通信,497,"世界AI大会に出展したムーンショットAIのブース＝17日、中国・上海（ロイター＝共同）
【ワシントン共同】米ホワイトハウス科学技術政策局のクラツィオス局長は22日、中国の人工知能（AI）企業、月之暗面（ムーンショットAI）が、米アンソロピックの先端モデルの技術を不正に利用したと非難した。ベセント財務長官は、不正には制裁で対応すると警告した。

　ムーンショットAIは、性能面で米国の最先端AIに迫るモデル「Kimi　K3」を発表し、注目を集めた。クラツィオス氏はこの開発に当たり、アンソロピックの高性能AI「フェイブル」に対し、出力したデータを使って他のモデルに学習させる「蒸留」を仕掛けたとX（旧ツイッター）に投稿。「米国の独自技術を盗み、研究活動を弱体化させることを狙った大規模かつ秘密裏の産業的な蒸留は容認できない」と批判した。

　米国が対中輸出を規制しているエヌビディア製の高性能半導体を取得し、AIの学習に利用していた可能性があるとも指摘した。

　ベセント氏は22日、具体的な企業名には言及しなかったものの、中国企業が不当な蒸留を行った場合は制裁が選択肢となるとXに書き込んだ。",[],[]
東証、反発して始まる（共同通信）,https://news.yahoo.co.jp/articles/99f998e392651acec9a02783528a062ce16345b4,https://newsatcl-pctr.c.yimg.jp/t/amd-img/default.jpg?exp=10800,2026-07-23T09:03:05+09:00,2026-07-23T09:18:55+09:00,共同通信,kyodonews,共同通信,33,23日の東京株式市場の日経平均株価（225種）は反発して始まった。,[],[]
テスラ、AI投資で大幅営業減益　4～6月期、EV販売は好調（共同通信）,https://news.yahoo.co.jp/articles/a0860485541805da8ded049ff06dfa5b898c01e4,https://newsatcl-pctr.c.yimg.jp/t/amd-img/default.jpg?exp=10800,2026-07-23T08:55:48+09:00,2026-07-23T09:12:55+09:00,共同通信,kyodonews,共同通信,300,"【ニューヨーク共同】米電気自動車（EV）大手テスラが22日発表した2026年4～6月期決算は、本業のもうけを示す営業利益が前年同期比57％減の3億9800万ドル（約650億円）だった。EVの世界販売台数は4～6月期として過去最高だったが、成長分野と位置付ける人工知能（AI）関連の投資が増えて利益を圧迫した。

　世界販売は25％増の48万126台だった。米国とイランの戦争でガソリン価格が上昇する中、EVの需要が増加した。テスラによると、国別では日本や韓国、コロンビアなどで4～6月期として過去最高だった。

　売上高は26％増の282億3600万ドル、純利益は5％減の11億1400万ドルだった。",[],[]
鈴木17号ソロ、大谷無安打　吉田計2安打、連勝止まる（共同通信）,https://news.yahoo.co.jp/articles/63f06915b941e5132ad8cc57af8772dc675821cd,https://newsatcl-pctr.c.yimg.jp/t/amd-img/20260723-00000044-kyodonews-000-7-view.jpg?exp=10800,2026-07-23T08:51:19+09:00,2026-07-23T12:45:01+09:00,共同通信,kyodonews,共同通信,458,"1
/
2
フィリーズ戦の1回、一直に倒れたドジャース・大谷＝フィラデルフィア（共同）
タイガース戦の1回、17号ソロを放つカブス・鈴木＝シカゴ（ロイター＝共同）
【シカゴ共同】米大リーグは22日、各地で行われ、カブスの鈴木はシカゴでのタイガース戦に「2番・右翼」で出場し、一回に2試合ぶりの本塁打となる17号ソロを放った。4打数1安打1打点で、チームは1―5で敗れた。

　ドジャースの大谷は「1番・指名打者」で出場したフィリーズ戦で、4打数無安打だった。チームは9―5で勝った。

　レッドソックスの吉田はオリオールズとのダブルヘッダー第1試合に「1番・指名打者」で出場し、3打数1安打。チームは6―3で勝った。第2試合は「5番・指名打者」で4打数1安打1打点。試合は1―5で負け、連勝が球団記録タイの15で止まった。　

　ホワイトソックスの村上は4―2で勝ったレンジャーズ戦に「2番・一塁」で出場し、3打数無安打。ブルージェイズの岡本はレイズ戦の七回に代打で出場し、空振り三振に倒れた。試合は2―4で負けた。",[],[]
長野県知事選に現職と新人が届け出（共同通信）,https://news.yahoo.co.jp/articles/537442b540b3c51e8e392dedad4a338499730073,https://newsatcl-pctr.c.yimg.jp/t/amd-img/default.jpg?exp=10800,2026-07-23T08:48:34+09:00,2026-07-23T09:04:53+09:00,共同通信,kyodonews,共同通信,72,任期満了に伴う長野県知事選は23日告示され、いずれも無所属で、5選を目指す現職阿部守一氏と、共産推薦の新人武田良介氏の計2人が立候補を届け出た。,[],[]
次期戦闘機計画、参加期限は来年　イタリアCEO見解、日英と開発（共同通信）,https://news.yahoo.co.jp/articles/a7d5f17101fdf64804409c7dee5be9562124e76c,https://newsatcl-pctr.c.yimg.jp/t/amd-img/20260723-00000042-kyodonews-000-3-view.jpg?exp=10800,2026-07-23T08:42:42+09:00,2026-07-23T09:06:36+09:00,共同通信,kyodonews,共同通信,476,"ファンボロー国際航空ショーで展示された日英伊による次期戦闘機の模型＝20日、英南部ファンボロー（共同）
【ローマ共同】イタリア防衛大手レオナルドのマリアーニ最高経営責任者（CEO）は22日、自社が参加している日英伊3カ国による次期戦闘機の共同開発について、他国が参加する場合は今後1年以内を期限とするべきだとの見解を示した。ロイター通信がインタビューを報じた。

　3カ国の次期戦闘機開発計画「グローバル戦闘航空プログラム（GCAP）」には、カナダがオブザーバーとして参加することが21日発表された。フランスなどとの次世代戦闘機の共同開発が中止となったドイツの参加の可能性が取り沙汰されるほか、サウジアラビアも参画を模索しているとされる。

　マリアーニ氏は、ドイツは技術力や拡大する防衛予算などを踏まえるとパートナーとしてふさわしいとの認識を示した。

　また「サウジは依然参加に関心がある」とも言及した。日本は2035年の配備予定が遅れないようスケジュール厳守にこだわっている。マリアーニ氏は、スケジュールを前倒しできるよう取り組む姿勢を強調した。",[],[]
グーグル親会社、純利益18兆円　4～6月期、投資利益増大で4倍（共同通信）,https://news.yahoo.co.jp/articles/2139248ff37ec426966cde57c1de725efb834119,https://newsatcl-pctr.c.yimg.jp/t/amd-img/20260723-00000041-kyodonews-000-4-view.jpg?exp=10800,2026-07-23T08:08:11+09:00,2026-07-23T09:51:14+09:00,共同通信,kyodonews,共同通信,489,"グーグルのロゴ＝2024年1月、米ネバダ州ラスベガス（ロイター＝共同）
【ニューヨーク共同】米IT大手グーグルの持ち株会社アルファベットが22日発表した2026年4～6月期決算は、純利益が前年同期の約4倍の1121億700万ドル（約18兆3千億円）だった。保有株式の含み益を中心とした投資利益が大幅に膨らんだ。企業の人工知能（AI）需要を取り込んだクラウド事業の成長も寄与した。

　投資利益だけで純利益を771億ドル押し上げた。米メディアによると、アルファベットは先月上場した宇宙開発企業スペースXや、AI開発のアンソロピックの株式を保有している。

　売上高は24％増の1197億9600万ドル。企業を中心とするAIインフラの利用拡大でクラウド事業が82％増の247億6800万ドルと大幅に伸びた。主力のインターネット広告も堅調で、柱の検索連動広告は17％増の632億7100万ドルだった。動画投稿サイト「ユーチューブ」の広告収入は13％増の110億5500万ドルだった。
アルファベットはグーグルの生成AI「ジェミニ」アプリの月間利用者が9億5千万人に達したとも発表した。",[],[]
菅野、次回登板は25日　2年連続2桁勝利懸け先発（共同通信）,https://news.yahoo.co.jp/articles/90d6f0a9424fc1f8af20abf79076f2725605e759,https://newsatcl-pctr.c.yimg.jp/t/amd-img/default.jpg?exp=10800,2026-07-23T07:35:05+09:00,2026-07-23T07:51:08+09:00,共同通信,kyodonews,共同通信,137,米大リーグ、ロッキーズの菅野智之の次回登板が、24日午後3時10分（日本時間25日午前5時10分）開始の敵地でのブルワーズ戦に決まった。球団が22日発表した。2年連続2桁勝利を懸け、中5日で先発する。メジャー2年目の今季は17試合に登板して9勝4敗、防御率4.76。（共同）,[],[]
フーシ派がサウジタンカー2隻に軍事作戦（共同通信）,https://news.yahoo.co.jp/articles/c90908ea04aa0ea92e1efe9df51744d3e155cec7,https://newsatcl-pctr.c.yimg.jp/t/amd-img/default.jpg?exp=10800,2026-07-23T07:34:57+09:00,2026-07-23T07:50:55+09:00,共同通信,kyodonews,共同通信,73,【カイロ共同】ロイター通信によると、イエメンの親イラン武装組織フーシ派は23日、サウジアラビアのタンカー2隻を標的に軍事作戦を実施したと発表した。,[],[]
米グーグル、純利益4倍の18兆円（共同通信）,https://news.yahoo.co.jp/articles/7835f9e9c14a1a0c6fb4e78163fbb0c0482e8b68,https://newsatcl-pctr.c.yimg.jp/t/amd-img/default.jpg?exp=10800,2026-07-23T07:26:06+09:00,2026-07-23T07:42:55+09:00,共同通信,kyodonews,共同通信,111,【ニューヨーク共同】米IT大手グーグルの持ち株会社アルファベットが22日発表した2026年4～6月期決算は、純利益が前年同期と比べて4倍の1121億700万ドル（約18兆3千億円）だった。保有株式の含み益が大幅に膨らんだ。,[],[]
米軍、12日連続のイラン攻撃開始（共同通信）,https://news.yahoo.co.jp/articles/6e72291a3773fa0978aec4d5ae5fc7a57c7f6aab,https://newsatcl-pctr.c.yimg.jp/t/amd-img/default.jpg?exp=10800,2026-07-23T07:22:59+09:00,2026-07-23T07:38:56+09:00,共同通信,kyodonews,共同通信,44,【ワシントン共同】米中央軍は22日、イランに対し12日連続となる攻撃を始めたと発表した。,[],[]
カゼミロはMLSマイアミへ　ブラジル代表、W杯日本戦で得点（共同通信）,https://news.yahoo.co.jp/articles/0ba2db6da7f55a5a7d0bc5fe3e4c3b2f2efce5a4,https://newsatcl-pctr.c.yimg.jp/t/amd-img/20260723-00000036-kyodonews-000-3-view.jpg?exp=10800,2026-07-23T07:16:05+09:00,2026-07-23T07:32:55+09:00,共同通信,kyodonews,共同通信,257,"日本―ブラジルの後半、ゴールを決めて喜ぶブラジルのカゼミロ＝6月29日、ヒューストン（共同）
サッカーの米プロリーグMLS、マイアミは22日、34歳のブラジル代表MFカゼミロを獲得したと発表した。ワールドカップ（W杯）北中米3カ国大会は決勝トーナメント1回戦の日本戦で同点ゴールを決めた。

　レアル・マドリード（スペイン）で欧州チャンピオンズリーグ（CL）を5度制覇し、2025～26年シーズンはマンチェスター・ユナイテッド（イングランド）でプレー。マイアミにはアルゼンチン代表FWメッシが所属している。（共同）",[],[]
対イランは「小競り合い」　トランプ氏（共同通信）,https://news.yahoo.co.jp/articles/d963a652baad2ec53ded0a295a618f2e1dabac2f,https://newsatcl-pctr.c.yimg.jp/t/amd-img/20260723-00000035-kyodonews-000-3-view.jpg?exp=10800,2026-07-23T07:08:59+09:00,2026-07-23T07:24:53+09:00,共同通信,kyodonews,共同通信,262,"ジョージア州での集会で演説するトランプ米大統領＝22日、マリエッタ（ロイター＝共同）
【ワシントン共同】トランプ米大統領は22日、南部ジョージア州で開いた集会で演説し、イランとの間で続く攻撃の応酬を「小競り合い」と表現した。米軍の被害拡大や戦闘長期化を懸念する声が上がる中、動揺を抑える狙いがありそうだ。

　イランが米国と合意を結びたがっていると主張し「彼らはまだ準備ができていないが、間もなく整うだろう」とも語った。

　トランプ氏はこれまでも、イランとの戦闘を「ちょっとした遠足」「ミニ戦争」などと呼び矮小化してきた。",[],[]
24日の天気（西日本）（共同通信）,https://news.yahoo.co.jp/articles/a02d50f325e83cdd358d0ae07769f0fea16ba71b,https://newsatcl-pctr.c.yimg.jp/t/amd-img/default.jpg?exp=10800,2026-07-23T07:00:08+09:00,2026-07-23T17:10:48+09:00,共同通信,kyodonews,共同通信,71,"◆大阪　晴れ時々曇り

◆京都　晴れ時々曇り

◆広島　晴れ

◆高松　晴れ時々曇り

◆福岡　晴れ

◆鹿児島　晴れ

◆那覇　晴れ時々曇り",[],[]
24日の天気（東日本）（共同通信）,https://news.yahoo.co.jp/articles/c1075d253def684c571201c941bde7f630bbcffc,https://newsatcl-pctr.c.yimg.jp/t/amd-img/default.jpg?exp=10800,2026-07-23T07:00:02+09:00,2026-07-23T17:10:43+09:00,共同通信,kyodonews,共同通信,56,"◆札幌　曇りのち時々晴れ

◆秋田　曇り

◆仙台　雨

◆新潟　雨

◆東京　曇りのち一時雨

◆名古屋　晴れ",[],[]
マドゥロ氏、来年6月初公判　NY地裁、起訴に異議も（共同通信）,https://news.yahoo.co.jp/articles/9a13d81d20d5de70b3954f11e45a21d1ff053bd4,https://newsatcl-pctr.c.yimg.jp/t/amd-img/20260723-00000032-kyodonews-000-3-view.jpg?exp=10800,2026-07-23T06:59:06+09:00,2026-07-23T07:14:54+09:00,共同通信,kyodonews,共同通信,383,"法廷を後にする、マドゥロ夫妻を乗せたと見られる車列＝22日、ニューヨーク（AP＝共同）
【ニューヨーク共同】麻薬密輸などの罪に問われ、1月に米国に連行されたベネズエラのマドゥロ大統領が22日、ニューヨークの連邦地裁に出廷し、判事は初公判を来年6月1日に設定した。マドゥロ氏側は、拘束の合法性や国家元首の免責特権などの観点から起訴無効を主張しており、公判開始前にも起訴の有効性を巡る審理が行われる予定。

　マドゥロ氏の出廷は3度目。22日の審理には、共に連行された妻のフロレス氏も出廷した。2人に発言機会はなかった。マドゥロ氏は約15分間の審理の間、熱心に耳を傾け、退廷の際には傍聴席側に手を振った。

　マドゥロ氏は麻薬密輸のほか、麻薬テロの共謀、機関銃所持など計四つの罪に問われている。1月の罪状認否手続きで初出廷し、米国に「拉致された」と訴えて無罪を主張した。",[],[]
NY円、163円台前半（共同通信）,https://news.yahoo.co.jp/articles/f0aeaa700e015093178692b06bea09a72a232b82,https://newsatcl-pctr.c.yimg.jp/t/amd-img/default.jpg?exp=10800,2026-07-23T06:38:53+09:00,2026-07-23T06:54:54+09:00,共同通信,kyodonews,共同通信,159,"【ニューヨーク共同】22日のニューヨーク外国為替市場の円相場は午後5時現在、前日比04銭円高ドル安の1ドル＝163円09～19銭を付けた。ユーロは1ユーロ＝1.1407～17ドル、186円16～26銭。

　日本政府、日銀による過度な円安の是正に向けた為替介入への警戒感から投資家が様子見姿勢を強め、値動きは限られた。",[],[]
NY円、163円09～19銭（共同通信）,https://news.yahoo.co.jp/articles/d547b4350e6796c20222d66079cc5633ab2d42ff,https://newsatcl-pctr.c.yimg.jp/t/amd-img/default.jpg?exp=10800,2026-07-23T06:20:09+09:00,2026-07-23T06:36:56+09:00,共同通信,kyodonews,共同通信,69,【ニューヨーク共同】22日のニューヨーク外国為替市場の円相場は午後5時現在、前日比04銭円高ドル安の1ドル＝163円09～19銭を付けた。,[],[]
NY株、反落し6ドル安　企業決算にらみ方向感欠く（共同通信）,https://news.yahoo.co.jp/articles/4f69fde42a2dbcc7458b6b531c5ff4e7f44ed6e8,https://newsatcl-pctr.c.yimg.jp/t/amd-img/20260723-00000029-kyodonews-000-3-view.jpg?exp=10800,2026-07-23T05:59:02+09:00,2026-07-23T06:27:13+09:00,共同通信,kyodonews,共同通信,309,"ニューヨーク証券取引所（ゲッティ＝共同）
【ニューヨーク共同】22日のニューヨーク株式市場のダウ工業株30種平均は反落し、前日比6.06ドル安の5万2218.58ドルで取引を終えた。決算発表シーズンに入り、主要企業の結果を見極めたいとの思惑から投資家の様子見姿勢が強まり、相場は方向感を欠いた。

　前日の終値に比べて上昇する場面もあったが、米国とイランを巡る中東情勢の先行きに関する不透明感が強く、買いは続かなかった。

　ハイテク株主体のナスダック総合指数も反落し、146.31ポイント安の2万5690.90。

　個別銘柄では、ITのIBM、スポーツ用品のナイキの下落が目立った。半導体のエヌビディアは買われた。",[],[]
米、サウジに原発技術提供へ協定署名（共同通信）,https://news.yahoo.co.jp/articles/e05ce1a734b01f3a730191078a6faa790954ae24,https://newsatcl-pctr.c.yimg.jp/t/amd-img/default.jpg?exp=10800,2026-07-23T05:58:24+09:00,2026-07-23T06:14:53+09:00,共同通信,kyodonews,共同通信,82,【ワシントン共同】米エネルギー省は22日、米国とサウジアラビアが原子力協定に署名したと発表した。サウジアラビアへの原子力発電技術の提供を可能とする内容になっている。,[],[]
米、マリで軍事行動検討か　アルカイダ系の過激派標的（共同通信）,https://news.yahoo.co.jp/articles/008a823dcc4bc08e144b3f0dc365a89ce7ccd727,https://newsatcl-pctr.c.yimg.jp/t/amd-img/default.jpg?exp=10800,2026-07-23T05:47:26+09:00,2026-07-23T06:03:25+09:00,共同通信,kyodonews,共同通信,312,"【ワシントン共同】米紙ワシントン・ポストは22日、トランプ政権が西アフリカ・マリで国際テロ組織アルカイダ系の過激派「イスラムとムスリムの支援団」（JNIM）を標的にした軍事行動を検討中だと報じた。

　JNIMは4月、遊牧民トゥアレグの反政府武装勢力と連携してマリ各地を一斉に攻撃し、暫定国防相を殺害。今月4日にも計五つの都市や町を一斉に攻撃したとされる。隣国のブルキナファソやニジェールでも攻勢を強めており、勢力伸長が問題となっている。

　マリでは2020年以降、クーデターが2度発生。権力を掌握した軍政が過激派対策に当たってきたフランス軍部隊を撤収させ、ロシアとの安全保障協力を強化しているが、情勢は悪化し続けている。",[],[]
トランプ氏と会談調整か　イスラエル首相、来週にも（共同通信）,https://news.yahoo.co.jp/articles/628ad3a8d60fba8032050267d6dca81446e4ea89,https://newsatcl-pctr.c.yimg.jp/t/amd-img/default.jpg?exp=10800,2026-07-23T05:46:44+09:00,2026-07-23T06:03:19+09:00,共同通信,kyodonews,共同通信,285,"【ワシントン共同】米ニュースサイト、アクシオスは22日、トランプ米大統領とイスラエルのネタニヤフ首相が来週にもホワイトハウスで会談できないかどうか調整していると報じた。トランプ氏はイランに対する大規模な攻撃再開を検討しているとされ、会談が実現した場合は攻撃に向けた両国間の調整が図られる可能性がある。

　アクシオスによると、ネタニヤフ氏は、28日に開かれる米共和党の故グラム上院議員の葬儀関連行事に出席するため、ワシントンを訪問する予定。具体的な会談日程は固まっていないという。

　ネタニヤフ氏は先週、トランプ氏との会談を求めたが、日程を確保できなかったとしている。",[],[]
NY株式　　22日終値　　　　（共同通信）,https://news.yahoo.co.jp/articles/3af9d5341e69ad8a12956f38eeabdd6b8f759298,https://newsatcl-pctr.c.yimg.jp/t/amd-img/default.jpg?exp=10800,2026-07-23T05:45:48+09:00,2026-07-23T06:03:12+09:00,共同通信,kyodonews,共同通信,47,"＜ダウ工業30種平均＞　　　　

　　52218.58　　　　　

　　前日比　　－06.06",[],[]
米サウジが原子力協定署名　原発技術提供、拡散に懸念（共同通信）,https://news.yahoo.co.jp/articles/421acc979568097b9f8b82fc1083cfbd27063113,https://newsatcl-pctr.c.yimg.jp/t/amd-img/20260723-00000024-kyodonews-000-4-view.jpg?exp=10800,2026-07-23T05:45:42+09:00,2026-07-23T07:39:11+09:00,共同通信,kyodonews,共同通信,511,"1
/
2
ライト米エネルギー長官＝6月、ワシントン（ロイター＝共同）
サウジアラビアのアブドルアジズ・エネルギー相＝6月、ロシア・サンクトペテルブルク（タス＝共同）
【ワシントン共同】米エネルギー省は22日、米国とサウジアラビアが原子力協力協定に署名したと発表した。サウジへの原発技術の提供を可能とする内容。米メディアによると、サウジ国内でのウラン濃縮に道を開く項目などが盛り込まれている。イランを巡って中東情勢が緊迫する中、核拡散のリスクを懸念する声が出ている。

　米エネルギー省によると、原子力協定と関連協定に同省のライト長官とサウジアラビアのアブドルアジズ・エネルギー相が署名した。

　米メディアによると協定の有効期間は30年。米サウジによる共同調査で認められれば、米企業がサウジ国内にウラン濃縮施設を建設する。サウジの原子力インフラ整備で米企業に中心的な役割を与え、外国企業を主要事業から締め出す狙いがある。

　中東地域では、アラブ首長国連邦（UAE）が米国と原発技術供与の協定を締結。その際、UAEは国内でウラン濃縮や使用済み核燃料の再処理を行わないとの約束を受け入れた。一方、サウジは拒否したとされる。",[],[]
ローマ、熱波対策で無料映画上映　「涼んで文化を楽しもう」（共同通信）,https://news.yahoo.co.jp/articles/4939a12d6a0dd86da62836afa00f7dca69bd1b4b,https://newsatcl-pctr.c.yimg.jp/t/amd-img/20260723-00000023-kyodonews-000-3-view.jpg?exp=10800,2026-07-23T05:43:49+09:00,2026-07-23T09:06:58+09:00,共同通信,kyodonews,共同通信,306,"ローマのスペイン広場の噴水で涼む女性＝15日（AP＝共同）
【ローマ共同】ローマ市は22日、熱波対策として市民が涼みながら文化を楽しめるよう市内の11映画館で23日から8月4日まで無料の上映会を開くと発表した。読書用の本を用意した劇場ホールの無料開放なども行う。

　ローマでは今月中旬、熱波で最高気温が35度前後となる日が続いた。ANSA通信によるとグアルティエーリ市長は記者会見で「エアコンのない市民が暑さから逃れられる場所を文化と共に提供する」と意義を訴えた。

　参加する映画館では、イタリアで2023年に大ヒットした同国映画「ドマーニ！　愛のことづて」など1日1作品を、気温が上がる午後に2回上映する。",[],[]
ロシアに学生派遣、7年ぶり再開　コロナ禍、侵攻で中断（共同通信）,https://news.yahoo.co.jp/articles/6490fa6b5d5818a2f1bf9a14ea53d6198a611a3c,https://newsatcl-pctr.c.yimg.jp/t/amd-img/20260723-00000022-kyodonews-000-3-view.jpg?exp=10800,2026-07-23T05:42:31+09:00,2026-07-23T06:42:11+09:00,共同通信,kyodonews,共同通信,482,"外務省＝東京都千代田区
【モスクワ共同】日本外務省は22日、新型コロナウイルス禍やロシアのウクライナ侵攻を背景に、2019年を最後に中断してきた日本の大学生らをロシアに短期派遣する事業を8月に再開させる方針を明らかにした。ロシア語を学ぶ大学生15人前後が北西部サンクトペテルブルクに約10日間滞在し、語学研修や現地学生との交流を行う。

　日本とロシアは1998年の首脳会談合意に基づき、99年から相互に青年らを派遣し合う交流事業を開始。日ロ双方が資金を拠出する国際機関「日露青年交流センター」によると、2019年末時点で約9千人の日ロの青年が交流に参加した。

　20年はコロナ禍で中断。22年2月にロシアのウクライナ侵攻が始まり、交流事業は見送られていた。

　侵攻を続けるロシアとの交流について日本では批判の声が絶えない。日本外務省は、制裁継続など対ロ政策の内容は基本的に変わりがないとしつつ「日ロ関係は厳しい状況にあるが、中長期観点からは人的交流は重要で、将来の両国関係を支える若い世代が互いの言葉を学び、交流することは重要だ」と事業再開の意義を説明した。",[],[]
夏休み食事回数、4割の家庭で減　経済的困難でNPO支援対象（共同通信）,https://news.yahoo.co.jp/articles/2ff394c23bb011bbc83f0d012f10fa4cabd247ed,https://newsatcl-pctr.c.yimg.jp/t/amd-img/20260723-00000020-kyodonews-000-3-view.jpg?exp=10800,2026-07-23T05:40:22+09:00,2026-07-23T09:06:06+09:00,共同通信,kyodonews,共同通信,495,"子どもの食事回数の変化
経済的な困難を抱える家庭の40.8％が夏休み期間中に子どもの食事回数が減っている―。認定NPO法人「カタリバ」（東京都）が支援する子育て家庭を対象にした調査結果で明らかにした。

　調査は6月に実施し、250人（うち81.6％がひとり親世帯）が回答。昨年の夏休み期間中に、学校給食のある時期と比べての食事回数の変化について聞いた。減ったの他は、変わらない36.8％、増えた14.0％、分からない8.4％。

　食事回数が減った理由を複数回答式で尋ねると「子どもの不規則な生活」が79.4％で最も多く、「経済的な理由で食材や弁当を十分に買えない」67.6％、「準備する時間がない」53.9％と続いた。

　この1年間での家計の変化については「かなり苦しくなった」と「やや苦しくなった」の合計が82.0％に上り、物価高の影響が顕著となった。

　カタリバは支援対象となっている約260家庭に向け、夏休み中に冷凍弁当の配送を行う。
担当者は「経済的に苦しい家庭は物価高騰に大きな影響を受けている。食費以外でもエアコンの使用に伴う光熱費の上昇にも家計が圧迫される」と語った。",[],[]
NY原油、終値86ドル台　輸送懸念、4日続伸（共同通信）,https://news.yahoo.co.jp/articles/a3750c8744db9be4d781e6f65a431dfbb48a1344,https://newsatcl-pctr.c.yimg.jp/t/amd-img/default.jpg?exp=10800,2026-07-23T05:39:44+09:00,2026-07-23T05:56:55+09:00,共同通信,kyodonews,共同通信,239,"【ニューヨーク共同】22日のニューヨーク・マーカンタイル取引所の原油先物相場は4営業日続伸し、指標の米国産標準油種（WTI）の9月渡しが前日比2.49ドル高の1バレル＝86.83ドルで取引を終えた。終値として約1カ月半ぶりの高値を付けた。

　イエメンの親イラン武装組織フーシ派がサウジアラビアの船舶に対する「海上封鎖」を宣言したことを受け、サウジ産原油をアジアへ輸送していたタンカーが紅海でUターンしたと伝わった。原油輸送がさらに滞るとの懸念が強まり、買い注文が優勢となった。",[],[]
【独自】セブン、不正転売横行か　人気キャラ商品発売前（共同通信）,https://news.yahoo.co.jp/articles/421ba321f11c1ee97731bf96763787337b8ef459,https://newsatcl-pctr.c.yimg.jp/t/amd-img/20260723-00000019-kyodonews-000-24-view.jpg?exp=10800,2026-07-23T05:31:37+09:00,2026-07-23T18:48:57+09:00,共同通信,kyodonews,共同通信,528,"セブン―イレブンの看板＝東京都千代田区
コンビニ最大手セブン―イレブン・ジャパンが、アニメやゲームの人気キャラクター商品の不正転売などが一部店舗で横行している恐れがあると全国の加盟店に警告したことが23日分かった。オーナーや従業員が関与し、発売前に商品を取り置いたり、買い占めたりして転売サイトに出品していたことを確認した。コンビニ運営の統治体制が問われそうだ。
【写真】ジャンプ33号を受注販売へ「ONE　PIECE」付録カード人気で購入困難
複数の関係者が明らかにした。加盟店契約の中途解約に踏み切ったケースもあったという。流通業界では、人気商品が広く行き渡るよう購入制限を設けるなど転売対策を進めてきた経緯がある。

　警告は13日付。加盟店向け文書には、一部店舗で「事前に販促物で告知した日時前の販売、店舗関係者による買い占めや転売、一部お客さまへの優先販売の不適切な事例が、交流サイト（SNS）やお客さまからの指摘により散見される」と明記した。

　セブン社内の相談窓口にも不正が疑われる事案の苦情が相次いで寄せられた。キャラクターメーカーや版権元からの要請を受け、店舗関係者向けルールを整備し、店舗のバックヤードに提示するといった対策を講じた。",[],[]
NY株反落、6ドル安（共同通信）,https://news.yahoo.co.jp/articles/dbc7b23bc1a8bd24156dfa1eb71de8f4ea8ffb56,https://newsatcl-pctr.c.yimg.jp/t/amd-img/default.jpg?exp=10800,2026-07-23T05:28:24+09:00,2026-07-23T05:44:53+09:00,共同通信,kyodonews,共同通信,70,【ニューヨーク共同】22日のニューヨーク株式市場のダウ工業株30種平均は反落し、前日比6.06ドル安の5万2218.58ドルで取引を終えた。,[],[]
北米貿易協定の交渉長期化　米通商代表が示唆（共同通信）,https://news.yahoo.co.jp/articles/1b3c35c3ef5800d0e3f2c22d44f765e62bcc26d8,https://newsatcl-pctr.c.yimg.jp/t/amd-img/default.jpg?exp=10800,2026-07-23T05:01:40+09:00,2026-07-23T05:17:13+09:00,共同通信,kyodonews,共同通信,330,"【ワシントン共同】米通商代表部（USTR）のグリア代表は22日の上院財政委員会の公聴会で、自由貿易協定（FTA）「米国・メキシコ・カナダ協定（USMCA）」の見直し交渉の長期化を示唆した。関税削減の対象を決める原産地規則や労働環境といった重要課題に関し「来年、議会との協議も含めて時間をかけて議論したい」と語った。

　一方、グリア氏は「年末までにはメキシコ、カナダ両国との何らかの取り決めをそれぞれまとめたい」とも主張。米国に対する約束の履行の改善などに向け、メキシコやカナダが実施できる措置を想定していると明らかにした。

　USMCAを巡っては、今月1日の3カ国協議で2042年までの協定の延長に合意せず、原産地規則などについて交渉を続けることになった。",[],[]
アサイーの味、若者に人気のスイーツ再現　氷菓やヨーグルト【経済トレンド／気になる商品】（共同通信）,https://news.yahoo.co.jp/articles/30fe343ce531c070bf5c1fa32ef04fabf8f381c2,https://newsatcl-pctr.c.yimg.jp/t/amd-img/20260723-00000015-kyodonews-000-6-view.jpg?exp=10800,2026-07-23T05:00:09+09:00,2026-07-23T05:16:55+09:00,共同通信,kyodonews,共同通信,720,"1
/
4
たらみの「アサイーボウルゼリー」
森永乳業の「アサイーボウル＆ヨーグルト　Powered　by　森永アロエ」
フルッタフルッタの「おうちでアサイーボウルM」
気になる商品「アサイーボウル風の食品」
ヤシ科植物の実、アサイーに他のフルーツをトッピングしたスイーツ「アサイーボウル」が若い世代を中心にブームになっている。人気を反映してその味わいを再現した関連食品がスーパーやコンビニなどに相次いで登場。アサイーのピューレを使った本格的な高級アイスのほか、要素を巧みに採り入れた手頃な価格のヨーグルトやゼリーが好評だ。（共同通信＝出井隆裕記者）

　アサイー原料の輸入や関連食品の販売を手がけるフルッタフルッタは3月にカップ入りアイス「おうちでアサイーボウルM」を発売した。ブラジル産のアサイーピューレを使用。滑らかで“もったり”とした食感と濃厚な味わいを実現した。アサイーボウルの材料にも使える。500ミリリットル入りで参考価格は1382円。

　森永乳業は4月に「アサイーボウル＆ヨーグルト　Powered　by　森永アロエ」の販売を始めた。アサイーボウル風味のヨーグルトにみずみずしさと弾力性を備えたアロエの葉肉を組み合わせた。脂肪ゼロタイプで1個当たり88キロカロリーに抑えている。140グラム入りで希望小売価格は220円。
たらみ（長崎市）は5月に「アサイーボウルゼリー」を発売した。アサイーエキス配合。ブルーベリー、リンゴ、イチゴの果汁をブレンドした華やかな味のゼリーに仕上げた。バナナの風味と蜂蜜の甘味を重ね、アクセントにナタデココを加えた。250グラム入りで実勢価格は215円。（いずれも価格は変動する場合があります）",[],[]
「海峡通過権」明記へ　東アジア外相会議声明調整（共同通信）,https://news.yahoo.co.jp/articles/548b06a73ce3831e0e8d180781340c00e4573636,https://newsatcl-pctr.c.yimg.jp/t/amd-img/20260723-00000016-kyodonews-000-5-view.jpg?exp=10800,2026-07-23T05:00:06+09:00,2026-07-23T18:36:57+09:00,共同通信,kyodonews,共同通信,479,"中東オマーン沖のホルムズ海峡に浮かぶ船舶＝20日（ロイター＝共同）
【マニラ共同】東南アジア諸国連合（ASEAN）と日米中ロなど計19カ国が参加する東アジアサミット（EAS）外相会議が23日、議長国フィリピンの首都マニラで開かれた。ASEAN外交筋によると、米イランの戦闘で航行が難しくなっているホルムズ海峡を念頭に、議長声明に「海峡を通過する権利」の重要性を盛り込む方向で最終調整している。

　会議でフィリピンのラザロ外相は「地政学的緊張と対立が続き、ルールに基づく秩序に貢献する必要がある」と訴えた。東南アジア諸国は中東からの原油の価格高騰と供給不安の直撃を受けている。ASEAN側には米国も参加する枠組みの声明で早期の海峡開放を訴える狙いがある。昨年の議長声明に同様の文言は盛り込まれていなかった。

　23日はEAS参加国に北朝鮮や欧州連合（EU）などを加えたASEAN地域フォーラム（ARF）閣僚会議も開かれた。北朝鮮は2年連続で欠席した。ラザロ氏はARFで「海洋安全保障の強化や、オンライン詐欺などの新たな脅威」で協力が必要だとの考えを示した。",[],[]
ロシアとの和平交渉再開を協議か　米特使と電話会談（共同通信）,https://news.yahoo.co.jp/articles/814aeb7c2895ccc692ee474d53f79bde8933caba,https://newsatcl-pctr.c.yimg.jp/t/amd-img/20260723-00000014-kyodonews-000-4-view.jpg?exp=10800,2026-07-23T04:58:46+09:00,2026-07-23T06:22:45+09:00,共同通信,kyodonews,共同通信,437,"ウクライナのゼレンスキー大統領（ゲッティ＝共同）
【キーウ共同】ロシアの侵攻を受けるウクライナのゼレンスキー大統領は22日、米国のウィットコフ和平交渉担当特使、トランプ大統領の娘婿クシュナー氏と電話会談したとX（旧ツイッター）で明らかにした。ウクライナ公共放送ススピリネによると、ロシアとの和平交渉再開について協議したという。

　ゼレンスキー氏はウィットコフ氏らとの会談で、和平実現に向けた外交の活性化について「有意義で重要な話し合いができた」としている。

　ススピリネは22日、ゼレンスキー氏が近く訪米を検討していると報じた。28日にワシントンで予定される米共和党重鎮の故グラム上院議員の葬儀に招待されており、参列に合わせてトランプ氏との首脳会談を調整しているという。

　グラム氏はウクライナ支援に力を入れ、ゼレンスキー氏によると、2022年のロシアの侵攻開始以降、ウクライナを計10回訪問。今月11日に死去する直前の10日にもキーウでゼレンスキー氏と会談していた。",[],[]
紅海でサウジタンカーを攻撃　海上封鎖宣言のフーシ派（共同通信）,https://news.yahoo.co.jp/articles/2f7cfe0481a92ab3ed283d8fd8c1f396ed1f6d36,https://newsatcl-pctr.c.yimg.jp/t/amd-img/20260723-00000013-kyodonews-000-5-view.jpg?exp=10800,2026-07-23T04:58:06+09:00,2026-07-23T19:40:19+09:00,共同通信,kyodonews,共同通信,536,"1
/
2
イエメン沖のバベルマンデブ海峡近くに浮かぶ船舶＝4月（ロイター＝共同）
トランプ米大統領＝22日、デラウェア州ドーバー空軍基地（AP＝共同）
【ワシントン、イスタンブール共同】ロイター通信によると、サウジアラビアの船舶に対する海上封鎖を宣言したイエメンの親イラン武装組織フーシ派は23日、サウジの石油タンカー2隻を標的に軍事作戦を実施したと発表した。国営サウジ通信は、紅海で1隻が攻撃を受け、船首で火災が起きたが、乗組員は全員無事だと報じた。

　紅海とアデン湾をつなぐバベルマンデブ海峡はサウジにとってホルムズ海峡に代わる原油輸送ルート。エネルギー輸送路を巡る攻防が激化しており、ホルムズ海峡に続いて紅海周辺の緊張が高まれば、世界経済への影響がさらに広がりそうだ。

　トランプ米大統領は22日、ホルムズ海峡でイランが船舶を攻撃するたびに、米国が「橋か発電所を爆撃し破壊する」と交流サイト（SNS）で警告した。首都テヘランや周辺も対象だとし、圧力を強めた。米中央軍は12日連続となる対イラン攻撃をしたと発表した。

　イラン国営テレビによると、軍事当局はイランの橋や発電所が攻撃された場合、中東諸国の石油、ガス、電力関連のインフラを標的に報復すると主張した。",[],[]
ウクライナ大統領、米特使らと電話会談（共同通信）,https://news.yahoo.co.jp/articles/060e79db9c3b982327d458ab5dc38488c506b6d2,https://newsatcl-pctr.c.yimg.jp/t/amd-img/default.jpg?exp=10800,2026-07-23T03:34:38+09:00,2026-07-23T03:51:04+09:00,共同通信,kyodonews,共同通信,105,【キーウ共同】ウクライナのゼレンスキー大統領は22日、米国のウィットコフ和平交渉担当特使、トランプ大統領の娘婿クシュナー氏と電話会談したと明らかにした。侵攻を続けるロシアとの和平実現に向けて協議したとしている。,[],[]
為替相場　　24日（日本時間　2時）（共同通信）,https://news.yahoo.co.jp/articles/bbb7519b4ace45f3409229335fb63bbd79191ded,https://newsatcl-pctr.c.yimg.jp/t/amd-img/default.jpg?exp=10800,2026-07-23T03:00:35+09:00,2026-07-24T02:00:51+09:00,共同通信,kyodonews,共同通信,148,"2時現在　　　　　　　　　　

　1ドル＝　　　　　　　　　　

　　　163円76銭～　　　　

　　　　　　163円78銭　　

　　前日比　　－0円45銭　　

　1ユーロ＝　　　　　　　　　

　　　186円36銭～　　　　

　　　　　　186円40銭　　

　　前日比　　＋0円21銭",[],[]
住宅火災、2人遺体発見　愛知、高齢夫婦連絡取れず（共同通信）,https://news.yahoo.co.jp/articles/5aca0958a0d4b74885819cd610d71f140b89333e,https://newsatcl-pctr.c.yimg.jp/t/amd-img/default.jpg?exp=10800,2026-07-23T00:59:26+09:00,2026-07-23T01:16:56+09:00,共同通信,kyodonews,共同通信,184,"22日午後5時半ごろ、愛知県大治町砂子五反畑で「住宅から煙が出ている」と、近所の男性から119番があった。津島署によると、木造2階建て住宅が全焼し、焼け跡から2人の遺体が見つかった。住人の79歳と80歳の夫婦と連絡が取れていない。署は火災の原因や身元を調べている。

　3人暮らしで、夫婦の息子は無事だった。現場はJR春田駅から北に2.4キロの住宅や畑が混在する地域。",[],[]
フィリピンと中国、互いに抗議　南シナ海での衝突（共同通信）,https://news.yahoo.co.jp/articles/90d5d4aa99cc3422cffcbe1dc3003ce556c7d5c0,https://newsatcl-pctr.c.yimg.jp/t/amd-img/20260723-00000009-kyodonews-000-3-view.jpg?exp=10800,2026-07-23T00:46:37+09:00,2026-07-23T01:02:55+09:00,共同通信,kyodonews,共同通信,371,"会談に臨むフィリピンのラザロ外相（左）と中国の王毅外相＝22日、マニラ（AP＝共同）
【マニラ共同】フィリピンのラザロ外相は22日、マニラで中国の王毅外相と会談した。南シナ海アユンギン礁での中国側との衝突について、王氏に抗議したと発表した。両国が意思疎通を続けることの重要性も議論したとし、緊張緩和も模索する意向を示した。中国外務省も、王氏が会談で衝突についてフィリピン側に強烈に抗議したと発表した。

　両国は南シナ海の領有権を巡って激しく対立している。今月、中国側がアユンギン礁でフィリピン海軍の要員1人を木製の棒で殴って負傷させたほか、中国の国営英字紙がフィリピンの伝統衣装を着たサルを登場させてやゆする動画を投稿。フィリピンは反発を強めていた。

　アユンギン礁での衝突に関して中国外務省は、フィリピン側が先に挑発したと反論している。",[],[]
愛知で住宅火災、2人の遺体発見（共同通信）,https://news.yahoo.co.jp/articles/daaf17468a5085a0c8c39fbb88f74841551b72c0,https://newsatcl-pctr.c.yimg.jp/t/amd-img/default.jpg?exp=10800,2026-07-23T00:44:37+09:00,2026-07-23T01:00:54+09:00,共同通信,kyodonews,共同通信,82,愛知県警によると、22日午後5時半ごろ、同県大治町で「住宅から煙が出ている」と119番があった。現場から2人の遺体が見つかった。住人の高齢夫婦と連絡が取れていない。,[],[]
ハリポタ出版元にも和解金　対アンソロピック集団訴訟（共同通信）,https://news.yahoo.co.jp/articles/58203bcfb6aaedeeb66d4f17bd20d88b8b12f200,https://newsatcl-pctr.c.yimg.jp/t/amd-img/20260723-00000007-kyodonews-000-3-view.jpg?exp=10800,2026-07-23T00:40:39+09:00,2026-07-23T00:56:55+09:00,共同通信,kyodonews,共同通信,309,"アンソロピックのロゴ（ロイター＝共同）
【ロンドン共同】生成人工知能（AI）に著作を不正に使われたとして、作家らが米新興企業アンソロピックを訴え和解が成立した集団訴訟で、「ハリー・ポッター」シリーズの出版元である英ブルームズベリーは22日、和解金約15億ドル（約2400億円）の一部を受け取ると明らかにした。

　ブルームズベリーによると、同社の書籍約1万4千冊に対し、1冊あたり3千ドルが支払われる。著者と出版社が均等に分配するとしている。

　米カリフォルニア州の連邦地裁は20日、アンソロピックが和解金を支払い和解することを正式に承認した。ロイター通信によると、和解額は米の著作権侵害訴訟では過去最大とみられる。",[],[]
核の議論「当然」と防衛相　一カ国で安保確立できず（共同通信）,https://news.yahoo.co.jp/articles/2db14f71a37928306fd2d5b2a65ba1d654310fde,https://newsatcl-pctr.c.yimg.jp/t/amd-img/20260723-00000006-kyodonews-000-3-view.jpg?exp=10800,2026-07-23T00:37:34+09:00,2026-07-23T00:54:53+09:00,共同通信,kyodonews,共同通信,328,"NATO本部で記者団の取材に応じる小泉防衛相＝22日、ブリュッセル（共同）
【ブリュッセル共同】小泉進次郎防衛相は22日、核兵器に関する議論の必要性に言及したインターネット番組での発言について「あらゆるタブーなく議論をしなければ、もはやどの国も一カ国で安全保障を確立することはできない。これは当然のことだと思う」と述べ、改めて発言を正当化した。北大西洋条約機構（NATO）本部でルッテ事務総長と会談した後、記者団に述べた。

　小泉氏は、フランスが「核の傘」を欧州に広げる新構想を打ち出し、ドイツがフランス軍の核演習に初めて参加することに言及。世界の安全保障環境が「新たな展開を見せようとしている」と指摘し、核兵器について排除せずに議論する必要性を訴えた。",[],[]
王氏、南シナ海の衝突で比に強烈な抗議（共同通信）,https://news.yahoo.co.jp/articles/8bebc666a7d3f08dd0f27716dddf7547dc2d5aa5,https://newsatcl-pctr.c.yimg.jp/t/amd-img/default.jpg?exp=10800,2026-07-23T00:23:52+09:00,2026-07-23T00:40:54+09:00,共同通信,kyodonews,共同通信,73,【マニラ共同】中国外務省は22日、王毅外相が同日のフィリピンのラザロ外相との会談で、南シナ海アユンギン礁での衝突について強烈に抗議したと発表した。,[],[]
米中首脳会談念頭に「ハイレベル往来」確認（共同通信）,https://news.yahoo.co.jp/articles/8e067c3a07f66a44bb34fb75779300005269ca18,https://newsatcl-pctr.c.yimg.jp/t/amd-img/default.jpg?exp=10800,2026-07-23T00:16:51+09:00,2026-07-23T00:32:56+09:00,共同通信,kyodonews,共同通信,91,【マニラ共同】中国外務省の発表によると、王毅外相と米国のルビオ国務長官は9月にワシントンで予定する米中首脳会談を念頭に、次の段階の「ハイレベル往来の準備」を進めていくことを確認した。,[],[]
核兵器の議論「当然」と小泉防衛相（共同通信）,https://news.yahoo.co.jp/articles/7776c821127d18d94c426cceeaf503c4bb73a4fc,https://newsatcl-pctr.c.yimg.jp/t/amd-img/default.jpg?exp=10800,2026-07-23T00:14:27+09:00,2026-07-23T00:30:54+09:00,共同通信,kyodonews,共同通信,105,【ブリュッセル共同】小泉進次郎防衛相は22日、核兵器に関する議論の必要性について「あらゆるタブーなく議論をしなければ、もはやどの国も一カ国で安全保障を確立することはできない。これは当然のことだと思う」と述べた。,[],[]
米中首脳会談へ、調整本格化　マニラで両外相、台湾協議（共同通信）,https://news.yahoo.co.jp/articles/5c21a593c954135b1c37af4c5b32f3d7e3c68efb,https://newsatcl-pctr.c.yimg.jp/t/amd-img/20260723-00000002-kyodonews-000-3-view.jpg?exp=10800,2026-07-23T00:10:37+09:00,2026-07-23T00:26:55+09:00,共同通信,kyodonews,共同通信,369,"会談に臨むルビオ米国務長官（右手前）と中国の王毅外相（左手前）＝22日、マニラ（ロイター＝共同）
【マニラ共同】米国のルビオ国務長官と中国の王毅外相は22日、フィリピンの首都マニラで会談し、9月に米国で予定する米中首脳会談の調整を本格化させた。イラン情勢が混迷する中、米側は対中関係を安定させて外交成果にしたい考えだ。ルビオ氏は会談後、台湾に対する中国の軍事圧力に反対する考えを記者団に示し、会談でも取り上げたことを示唆した。

　中国外務省によると、王氏は会談で、中国と台湾を不可分の領土とする「一つの中国」原則を順守するよう求めた。また双方が「建設的戦略安定関係」を推進していくことで一致したとした。

　米中両国が対話を進める一方、日本と中国の意思疎通は停滞。ルビオ氏は日中関係の悪化を「懸念をもって注視している」と記者団に語った。",[],[]
日米韓、中国のミサイル発射で懸念共有（共同通信）,https://news.yahoo.co.jp/articles/7db93fb68494c210627b1fe2aa36833dcddc6cfd,https://newsatcl-pctr.c.yimg.jp/t/amd-img/default.jpg?exp=10800,2026-07-23T00:06:21+09:00,2026-07-23T00:22:56+09:00,共同通信,kyodonews,共同通信,70,【マニラ共同】米国務省は22日、同日開かれた日米韓外相会談で、中国が十分な事前通告なくミサイルを発射したとして懸念を共有したと明らかにした。,[],[]
