headline,mainEntityOfPage,image,datePublished,dateModified,author,media_en,media_jp,str_count,body,images,external_links
日本代表・森保一監督、エクアドルの前に14戦ぶり無得点「思った以上に相手のカウンタープレスが早かった」（サンケイスポーツ）,https://news.yahoo.co.jp/articles/b08d44a2bf6e5973b05293f8d2874e7e7bdc404f,https://newsatcl-pctr.c.yimg.jp/t/amd-img/20261001-00000223-sanspo-000-4-view.jpg?exp=10800,2026-10-01T23:36:06+09:00,2026-10-02T02:50:25+09:00,サンケイスポーツ,sanspo,サンケイスポーツ,759,試合後に会見した森保一監督＝日産スタジアム（撮影・岩崎叶汰）（株式会社 産経デジタル） サッカー・キリン杯（1日、日本0－0エクアドル＝PK戦5－4、日産スタジアム） 日本代表は、4カ国がトーナメント方式で争うキリン杯の初戦でエクアドル代表と対戦した。両チームとも集中した守備でゴールを割らせず、PK戦へ突入。GK鈴木彩艶が3番手のキックを見事に止め、5-4で制した。 この試合は昨年9月の米国遠征・米国戦以来14戦ぶりとなる無得点。試合後、森保一監督は「過去の2戦よりカウンタープレスと相手の守備の強度は上がることを想定していて、奪ったボールをどれだけうまく攻撃につなげられるかをポイントとして選手に伝えて準備はしています。でも、思った以上に相手のカウンタープレスが早く、うまくわれわれの選手に対してプレッシャーが来て、ボールを失う回数が多かった」と振り返った。 エクアドルとは2022年9月のドイツ遠征でも対戦して0－0だった。W杯北中米3カ国大会南米予選でも18試合で5失点と堅い守備を武器とする南米の強豪に対して「彼らは失点を抑えながらチャンスをつかんで勝っていく、僅差の勝負になれている。しっかり打ち破っていけるようにクオリティー高く、素早く崩していくことをやっていかないといけない」と語った。 打開策として「ひとつは個の力だと思うがそこで逃げてはいけない。チームとしてより相手の守備の反応よりも早くボールを動かすこと、動き出すを早くしていく部分、連係連動のスピードとクオリティーを上げること」と課題を挙げ、「今日も決定的なチャンスを2本GKに防がれたが、奪ったボールをスルーパスで合わなかったところで、よりインテンシティーが高い中で合わせていく部分は今のわれわれにできることだと思います」と成長を見据えた。,[],[]
鎌田大地はPK戦決着にも手応え「点は取れなかったけど失点しなかった」（サンケイスポーツ）,https://news.yahoo.co.jp/articles/6de09ce11d3803269159dfc131b7c863a73e4478,https://newsatcl-pctr.c.yimg.jp/t/amd-img/20261001-00000222-sanspo-000-2-view.jpg?exp=10800,2026-10-01T23:07:56+09:00,2026-10-02T02:24:22+09:00,サンケイスポーツ,sanspo,サンケイスポーツ,388,後半、攻め込む鎌田大地＝日産スタジアム（撮影・蔵賢斗） （株式会社 産経デジタル） サッカー・キリン杯（1日、日本0－0エクアドル、日産スタジアム） 日本代表は4カ国がトーナメント方式で争うキリン杯の初戦でエクアドル代表と対戦した。両チームとも集中した守備でゴールを割らせず、PK戦へ突入。GK鈴木彩艶が3番手のキックを見事に止め、日本が5－4で制した。 後半22分に左シャドーで途中出場したMF鎌田大地（30）＝クリスタルパレス＝は、同34分に左ボランチにポジションを下げた。FW塩貝健人（21）＝ウォルフスブルク＝が投入された同41分には攻撃的な3－1－4－2の1ボランチとして中盤の底からボールを供給。「攻撃的にして失点して負けることは多々ある中で、点は取れなかったけど失点しなかった。トライしながら勝てているのは普通じゃない。今はすごくうまくいっている」とうなずいた。,[],[]
日本代表・森保一監督、PK戦はキッカーを指名「中村俊輔コーチが提案してくれた」「私が最終的に確認」カタールW杯の挙手制から変化　5人全員が成功（サンケイスポーツ）,https://news.yahoo.co.jp/articles/b7a2832ea68f94826b1bbb3cdb6c38c4600b8ed7,https://newsatcl-pctr.c.yimg.jp/t/amd-img/20261001-00000219-sanspo-000-1-view.jpg?exp=10800,2026-10-01T22:35:00+09:00,2026-10-01T22:35:00+09:00,サンケイスポーツ,sanspo,サンケイスポーツ,899,【サッカー日本代表対エクアドル代表】後半、鼓舞する森保一監督＝日産スタジアム（撮影・蔵賢斗）（株式会社 産経デジタル） サッカー・キリン杯（1日、日本0－0エクアドル、日産ス）日本代表は、4カ国がトーナメント方式で争うキリン杯の初戦でエクアドル代表と対戦した。両チームとも集中した守備でゴールを割らせず、PK戦へ突入。GK鈴木彩艶が3番手のキックを見事に止め、日本が5-4で制した。 この試合ではFW上田綺世、MF鎌田大地、DF伊藤洋輝、MF相馬勇紀、FW前田大然が順番にキッカーを務め、5人全員が成功。試合後、森保一監督はPK戦について「PKは中村俊輔コーチが私に順番、キッカーを提案してくれて、私が最終的に確認して、変更することは変更して選手に伝えることで挑みました。試合終了間際に提案はもらっていて、そこからPK戦に挑みました」と語った。 森保ジャパンのPK戦は2022年のW杯カタール大会決勝トーナメント1回戦・クロアチア戦以来。日本は1番手のMF南野拓実、2番手のMF三笘薫が立て続けに失敗。DF吉田麻也のキックもGKのセーブにあって敗戦した。この試合ではキッカーを挙手制で決めていた。 W杯北中米3カ国大会の決勝トーナメント1回戦・ブラジル戦を前にした会見では、森保監督はPK戦に突入をした場合のキッカーについて「前回は選手たちに挙手制ということでキッカーを決めました。今回においては、キッカーの順番は決めておきたいと思います。挙手制ではなく、私が最後決めて選手たちに伝えて蹴ってもらおうと思います」と言及していた。 「W杯ではPK戦にならなかったですけど、その時も中村コーチ、前田コーチらがずっとデータを取りながら準備してくれた。準備したことがひとつ、今後のシミュレーションとして機会を得られたことはチームにプラス。俊輔コーチのアドバイスは選手に自信を持たせてくれる。だから今日全員決めてくれたのかな」と語った。森保ジャパン最後の大会となる来年1月開幕のアジア杯でもPK戦に突入する可能性があり、「アジア杯でもPK戦までということは考えられる。いいシミュレーションができた」と喜んだ。,[],[]
青木香奈子「ボードに名前があってうれしかった」　初出場の大舞台で5位発進／国内女子ゴルフ（サンケイスポーツ）,https://news.yahoo.co.jp/articles/c2f9b4627473aa197d1a987ed54702255352b459,https://newsatcl-pctr.c.yimg.jp/t/amd-img/20261001-00000218-sanspo-000-1-view.jpg?exp=10800,2026-10-01T22:25:10+09:00,2026-10-01T22:25:10+09:00,サンケイスポーツ,sanspo,サンケイスポーツ,452,5位タイで終了した青木香奈子＝宝塚GC旧C（撮影・中島信生）（株式会社 産経デジタル） 日本女子オープン第1日（1日、兵庫・宝塚GC旧C＝6185ヤード、パー70）今季国内メジャー第3戦が開幕。この大会に初めて出場した青木香奈子（26）＝マイナビ＝が6バーディー、3ボギーの67で回り、首位と3打差の5位と好発進した。「パット入ってくれた。久しぶりのレギュラーツアーでリーダーボードに名前があって、うれしかった」とほほ笑んだ。 先週の下部ツアー「中国新聞ちゅーピーレディース」から、パターの握りをクロウグリップに変更。感覚が良くなり4番はカラーから5メートル、5番（ともにパー5）でも4メートルを沈めて連続バーディーを奪った。 予選会を突破して初出場を果たした「日本女子オープン」。眼下に大阪の街を一望できる宝塚GCで「あべのハルカスをずっと探していた」と笑うなど、自然体でプレー。第2日以降に向けて「スコアを伸ばせたら最高。楽しくシンプルに、構えてから早く打つことだけを考えてプレーできれば」と語った。,[],[]
巨人、九回あと1死で阪神に追いつかれる　絶対的守護神マルティネスが大一番でまさか...（サンケイスポーツ）,https://news.yahoo.co.jp/articles/e29e453ee68195c0aa9473e12c4fd400d227cc71,https://newsatcl-pctr.c.yimg.jp/t/amd-img/20261001-00000216-sanspo-000-2-view.jpg?exp=10800,2026-10-01T22:16:49+09:00,2026-10-01T22:39:04+09:00,サンケイスポーツ,sanspo,サンケイスポーツ,237,九回の投球を終えた巨人・ライデル・マルティネス＝甲子園球場（撮影・甘利慈）（株式会社 産経デジタル） （セ・リーグ、阪神－巨人、25回戦、1日、甲子園）セ・リーグ2位の巨人は、首位阪神と今季最後の直接対決。2－1の九回に抑えのライデル・マルティネス投手（29）を投入したが、あと1死で勝利となる2死二、三塁から大山に同点打を許した。通算254セーブ、今季も42セーブを挙げ3年連続の最多セーブが確定している絶対的守護神が、大一番でまさかのセーブ失敗。試合は延長戦に突入した。,[],[]
植草克秀＆井上ヨシマサ氏、KT Zepp横浜で新ユニット・ROX66初ライブ　少年隊の名曲も熱唱（サンケイスポーツ）,https://news.yahoo.co.jp/articles/5527bf82d5f842582f048be6b3945b86f0d94907,https://newsatcl-pctr.c.yimg.jp/t/amd-img/20261001-00000215-sanspo-000-1-view.jpg?exp=10800,2026-10-01T22:13:59+09:00,2026-10-01T22:13:59+09:00,サンケイスポーツ,sanspo,サンケイスポーツ,370,ファーストライブ『着地点はございません』を行ったROX66の植草克秀（右）と井上ヨシマサ＝横浜市西区のKT Zepp Yokohama（撮影・荒木孝雄）（株式会社 産経デジタル） 歌手で俳優、植草克秀（60）と作曲家、井上ヨシマサ氏（60）の新ユニット、ROX66（ロックスロクロク）が1日、KT Zepp横浜で初ライブを開催した。 2人は植草が少年隊時代から公私で約40年交流。60歳を機に同級生デュオを先月に結成し、この日は還暦の赤い衣装などで初ミニアルバム「Side By Side」の収録曲や井上氏が作曲した少年隊の名曲「PGF」を熱唱した。 終演後、植草は大人のハモリなどあうんの呼吸に「ありだな。66歳まではやらなきゃ」とユニット名にかけて意欲。井上氏は「目標は今年の紅白です」とデビュー3カ月での出場をブチ上げ？笑いを誘った。,[],[]
エクアドル・ガジャルド監督、日本にPK戦で敗れるも手応え「互角の試合ができた」（サンケイスポーツ）,https://news.yahoo.co.jp/articles/ca2fa60a35cc28ab18af31dc58970331ed128318,https://newsatcl-pctr.c.yimg.jp/t/amd-img/20261001-00000213-sanspo-000-1-view.jpg?exp=10800,2026-10-01T22:02:44+09:00,2026-10-01T22:02:44+09:00,サンケイスポーツ,sanspo,サンケイスポーツ,562,前半、競り合う日本代表・堂安律＝日産スタジアム（撮影・岩崎叶汰）（株式会社 産経デジタル） サッカー・キリン杯（1日、日本0－0エクアドル、日産ス）日本代表は、4カ国がトーナメント方式で争うキリン杯の初戦でエクアドル代表と対戦した。両チームとも集中した守備でゴールを割らせず、PK戦へ突入。GK鈴木彩艶が3番手のキックを見事に止め、5-4で制した。日本は5日の決勝で、ニュージーランドと戦う。 試合後、エクアドルのガジャルド監督は「非常にベースがしっかり出来上がっている日本に互角の試合ができた。前の試合よりよくなった。ゲームプランでは前半の方が狙い通り戦えていた。PKの差で決まることになったが、前の試合よりよくなった」と振り返った。 日本で印象に残った選手については「個人名を挙げることはしたくないが素晴らしい選手がそろっている。代表チームも長年の時を経て円滑な試合運びができるチームになっている。そんな日本を相手にやりづらくさせることもある程度できた」と語った。 「テストマッチで多くの選手を交代することができたが、様々な選手のプレーを見ることが目的の一つだった」と指揮官。「後半にプレーのレベルが少し低下したかもしれないが、相手のホームというのもあるし自分たちも後方からのビルドアップでミスをしてしまった」と語った。,[],[]
日本代表・鈴木彩艶、PK戦ストップで勝利に貢献「皆さんが後押ししてくれて1本止められた」（サンケイスポーツ）,https://news.yahoo.co.jp/articles/f719314e0762c9b54035faabf67f4a1a724f8a6f,https://newsatcl-pctr.c.yimg.jp/t/amd-img/20261001-00000207-sanspo-000-1-view.jpg?exp=10800,2026-10-01T21:39:03+09:00,2026-10-01T21:39:03+09:00,サンケイスポーツ,sanspo,サンケイスポーツ,400,前半、パスを出す日本代表・鈴木彩艶＝日産スタジアム（撮影・岩崎叶汰）（株式会社 産経デジタル） サッカー・キリン杯（1日、日本0－0エクアドル、日産ス）日本代表は、4カ国がトーナメント方式で争うキリン杯の初戦でエクアドル代表と対戦した。国際サッカー連盟（FIFA）ランキングは日本の17位に対し、エクアドルは25位。PK戦の末に勝利を収めた。 エクアドルのPKを1本ストップして勝利に貢献したGK鈴木彩艶（アストンビラ）は試合後、「このスタジアムを味方につけた。皆さんが本当に後押ししてくれたので1本止めて、あとはチームメートがしっかり決めてくれた。勝ち切れてよかったです」と振り返った。 6万5012人のサポーターの声援について「本当に後押しになって1本止められた」と鈴木彩。「僕たちはこの大会で優勝を掲げている。厳しい戦いでしたが次に進める。国立でしっかり勝ってタイトルを取りたい」と意気込んだ。,[],[]
村上宗隆が歓喜のシャンパンファイト　5打数無安打も2連勝で突破「みんな本当に頼もしい」（サンケイスポーツ）,https://news.yahoo.co.jp/articles/bd59f85da616e85813e5bd5ed6743009b8967462,https://newsatcl-pctr.c.yimg.jp/t/amd-img/20261001-00000204-sanspo-000-2-view.jpg?exp=10800,2026-10-01T21:31:00+09:00,2026-10-01T21:58:40+09:00,サンケイスポーツ,sanspo,サンケイスポーツ,1049,ホワイトソックス・村上宗隆（株式会社 産経デジタル） 【ヒューストン（米テキサス州）9月30日（日本時間10月1日）＝山田結軌】米大リーグのポストシーズンは各地で3回戦制のワイルドカードシリーズ第2戦が行われ、村上宗隆内野手（26）のホワイトソックスがアストロズに7―3で勝ち、2連勝で突破を決めた。「4番・一塁」で出場した村上は5打数無安打。10月3日（同4日）からの地区シリーズ（5回戦制）でガーディアンズと戦う。 【写真】メディアの爆笑を誘う村上宗隆 米国でも温水洗浄便座LOVEを熱弁 九回2死。村上は一塁の守備位置からアストロズ打者の空振り三振を見届けると、小さく拳を握った。ポストシーズン（PS）のシリーズ突破は、ワールドシリーズを制した2005年以来21年ぶり。2度目のシャンパンファイトで無邪気にはしゃぎ、勝利については周囲に感謝した。 「今日、僕は何もしていません。一塁で球を捕っただけです。みんな、本当に頼もしい。僕もついていけるように頑張りたい」 第1戦は先制犠飛に1安打をマーク。この日は5打数無安打、3三振だったものの、打線が一回に5安打を集めて4点を先取。六回には重盗を絡めて相手を揺さぶり、24歳マイドロスの3ランで突き放した。 試合後の村上は〝陽キャ全開〟だった。「アイム、ジャパニーズ！ ユー、アー、アメリカーン！！」。9月24日にPS進出を決めた際に絶叫した言葉を再び使い、仲間と喜びを共有した。殊勲のマイドロスには、春季キャンプ中に「モウ、イッチョ！（もう一丁）」と日本語を伝授。この日に先発して4回3失点の右腕バークらと「すしディナー」を開くなどして交流を深めており、勝利の感慨もひとしおだった。 次なる戦いは、3戦先勝のガーディアンズとの地区シリーズだ。同じア・リーグ中地区で最後まで地区優勝を争い、1勝差で届かなかった因縁がある。 レギュラーシーズンでは出場6試合で打率・158（19打数3安打）、2本塁打、3打点、12三振。第1、2戦が行われる敵地クリーブランドでは出場3試合で8打数無安打、7三振。鬼門となっているが「地区優勝を逃した悔しさがあるし、僕たちは強いという戦いができれば」と気概を込めた。 ★通訳は大忙し 村上の通訳を務める八木賢造氏も、2度目のシャンパンファイトを楽しんだ。「最高ですね。まだ先はありますけど、あと3回できたらいいですね」と笑顔で話した。クラブハウスでは複数の米メディアが村上のインタビューを求め、八木氏も大忙しだった。,[],[]
森保ジャパン、エクアドルにPK戦で勝利　カタールW杯のクロアチア戦の悪夢払拭　過去には挙手制・指名制の議論も（サンケイスポーツ）,https://news.yahoo.co.jp/articles/c047dc70954105f825e5fbde3c6e1c6d2b130cfc,https://newsatcl-pctr.c.yimg.jp/t/amd-img/20261001-00000203-sanspo-000-1-view.jpg?exp=10800,2026-10-01T21:29:02+09:00,2026-10-01T21:29:02+09:00,サンケイスポーツ,sanspo,サンケイスポーツ,497,後半、選手を鼓舞する森保一監督＝日産スタジアム（撮影・蔵賢斗） （株式会社 産経デジタル） サッカー・キリン杯（1日、日本0－0エクアドル、日産ス）日本代表は、4カ国がトーナメント方式で争うキリン杯の初戦でエクアドル代表と対戦した。国際サッカー連盟（FIFA）ランキングは日本の17位に対し、エクアドルは25位。PK戦の末に勝利を収めた。エクアドルが3人目に失敗したのに対し、日本は5人全員が成功。5―4で退けた。 森保ジャパンのPK戦は2022年のW杯カタール大会決勝トーナメント1回戦・クロアチア戦以来。日本は1番手のMF南野拓実、2番手のMF三笘薫が立て続けに失敗。DF吉田麻也のキックもGKのセーブにあって敗戦した。この試合ではキッカーを挙手制で決めた。 W杯北中米3カ国大会の決勝トーナメント1回戦・ブラジル戦を前にした会見では、森保監督はPK戦に突入をした場合のキッカーについて「前回は選手たちに挙手制ということでキッカーを決めました。今回においては、キッカーの順番は決めておきたいと思います。挙手制ではなく、私が最後決めて選手たちに伝えて蹴ってもらおうと思います」と言及していた。,[],[]
ヤングジョッキーズトライアル・佐賀は第1戦は長谷川蓮騎手、第2戦は田山旺佑騎手がV（サンケイスポーツ）,https://news.yahoo.co.jp/articles/57f702099e5048d5df46331727d5ce05d7d2ddfc,https://newsatcl-pctr.c.yimg.jp/t/amd-img/default.jpg?exp=10800,2026-10-01T21:23:21+09:00,2026-10-01T21:23:21+09:00,サンケイスポーツ,sanspo,サンケイスポーツ,87,佐賀競馬場で1日に行われ、第1戦は地元・佐賀の長谷川蓮騎手（22）＝東眞市、第2戦はJRAの田山旺佑騎手（20）＝栗・新谷功＝が1着となった。次のTRは8日に園田で行われる。,[],[]
サッカー日本代表、エクアドルとのキリン杯はPK戦で勝利　鈴木彩艶がPKストップ（サンケイスポーツ）,https://news.yahoo.co.jp/articles/dea6cf233b53d10b6d9a0146efa7046115e09ce6,https://newsatcl-pctr.c.yimg.jp/t/amd-img/20261001-00000201-sanspo-000-2-view.jpg?exp=10800,2026-10-01T21:21:53+09:00,2026-10-02T02:11:51+09:00,サンケイスポーツ,sanspo,サンケイスポーツ,587,後半、競り合う上田綺世＝日産スタジアム（撮影・蔵賢斗）（株式会社 産経デジタル） サッカー・キリン杯（1日、日本0－0エクアドル＝PK戦5－4、日産スタジアム） 日本代表は、4カ国がトーナメント方式で争うキリン杯の初戦でエクアドル代表と対戦した。国際サッカー連盟（FIFA）ランキングは日本の17位に対し、エクアドルは25位。PK戦の末に勝利を収めた。 日本は9月28日のベネズエラ戦から先発10人を入れ替え、初招集のFW谷村海那（横浜M）がA代表初先発。前半31分にMF堂安律（アイントラハト・フランクフルト）が敵陣右サイドでドリブルを仕掛け、MF久保建英（レアル・ソシエダード）とのワンツーから右クロス。谷村が中央でヘディングシュートを放つも枠の右へ外れた。前半は0－0で折り返した。 後半の開始から谷村に代わって2試合連続得点中のFW上田綺世（リール）を投入。さらにMF鎌田大地（クリスタルパレス）やMF伊東純也（ゲンク）らを途中出場で起用してゴールに迫った。6万5012人が詰めかける中で41分にはFW塩貝健人（ウォルフスブルク）を投入し、上田とともに中央に並べる攻撃的な布陣に変更。それでも得点を奪えず、0－0でPK戦に突入した。 GK鈴木彩艶（アストンビラ）がエクアドルの3人目のPKをセーブ。日本は上田、鎌田、伊藤、相馬、前田の5人全員が成功し、勝利を収めた。,[],[]
小栗旬、事務所の後輩・間宮祥太朗の役は「8割全裸。ほぼ全裸」　舘ひろしは人生初の薬物中毒者役に戸惑い（サンケイスポーツ）,https://news.yahoo.co.jp/articles/e4f0a5a7a92e192ff6a946fa43694537d665aa28,https://newsatcl-pctr.c.yimg.jp/t/amd-img/20261001-00000200-sanspo-000-1-view.jpg?exp=10800,2026-10-01T21:18:43+09:00,2026-10-01T21:18:43+09:00,サンケイスポーツ,sanspo,サンケイスポーツ,751,映画「バッド・ルーテナント：トウキョウ」TOKYOプレミア舞台あいさつに出席した左から村上淳、野村周平、舘ひろし、リヴ・モーガン、小栗旬、間宮祥太朗、岩田剛典、向里祐香、中野英雄、三池崇史監督（株式会社 産経デジタル） 俳優、小栗旬（43）が1日、東京・TOHOシネマズ新宿前で行われた主演映画「バッド・ルーテナント：トウキョウ」（三池崇史監督、23日日本公開）TOKYOプレミア上演前舞台あいさつに間宮祥太朗（33）、野村周平（32）、舘ひろし（76）らと出席した。 自暴自棄な生活を送る刑事の矢吹（小栗）と来日した米FBI捜査官、グエン（リリー・ジェームズ）の思惑が東京の街で複雑に絡み合う物語。 先月、トロントでのワールドプレミアを終えた小栗は「お客さんの反応を見ながら自分たちの作品を見るというのはすごく面白い。思わぬところで笑いが起きたりして面白かった」と手応えを回顧。間宮も「トロント全体が映画好きな人たちが集まってお祭りという感じ。楽しんで映画を見ていることがひしひしと伝わって、自分たちもうれしくなった」と声を弾ませた。 舘は、自身の役柄について「言っていいのかな。シャブ（薬物）中毒者なんですよ。私の人生でやったことない」と苦笑いしつつ、「戸惑いましたが、どうしても三池監督とご一緒したくてやらせていただいた。楽しかった」と笑顔で監督への強い信頼を語った。 裏社会の男を演じた間宮は「和彫りのメイクは時間がかかり大変だった。背中が映ることが多いので、むしろこっちが顔だという感じで、きれいにスクリーンに映るようにと意識しながらやっていた」と明かすと、小栗は「間宮くんはこの作品で8割全裸。だからほぼ全裸です。ぜひ注目して見ていただきたい、ネイキッド間宮を」とアピールし、笑いを誘った。,[],[]
【3歳以上次走報】スプリンターズS3着サウンドモリアーナは阪神Cへ（サンケイスポーツ）,https://news.yahoo.co.jp/articles/bf1b5e507d9b6174786e7548647a468914f1008d,https://newsatcl-pctr.c.yimg.jp/t/amd-img/20261001-00000199-sanspo-000-1-view.jpg?exp=10800,2026-10-01T21:07:48+09:00,2026-10-01T21:07:48+09:00,サンケイスポーツ,sanspo,サンケイスポーツ,1017,スプリンターズSで3着に敗れたサウンドモリアーナ（株式会社 産経デジタル） ★スプリンターズS3着サウンドモリアーナ（栗・武英、牝4）は、阪神C（12月26日、阪神、GⅡ、芝1400メートル）を視野に。僚馬で同7着エーティーマクフィ（牡7）は、京阪杯（11月29日、京都、GⅢ、芝1200メートル）連覇を目指す。同15着パンジャタワー（栗・橋口、牡4）は、年内は休養して来年の高松宮記念（3月28日、中京、GⅠ、芝1200メートル）を目標にする。 ★阿寒湖特別（2勝）を8馬身差Vのダノンヒストリー（美・堀、牡3）は、ルメール騎手で菊花賞（25日、京都、GⅠ、芝3000メートル）に向かう。 ★シリウスSを制したヴァルツァーシャル（美・高木、牡7）は、みやこS（11月8日、京都、GⅢ、ダ1800メートル）からチャンピオンズC（12月6日、中京、GⅠ、ダ1800メートル）へ。同9着リアレスト（美・尾関、牡5）は、ブラジルC（18日、東京、L、ダ2100メートル）へ。 ★日本テレビ盃4着カゼノランナー（栗・松永幹、牡5）は、JBCクラシック（11月3日、金沢、JpnⅠ、ダ2100メートル）に駒を進める。 ★コリアC2着サンデーファンデー（栗・東田、牡6）はみやこSに向かう。 ★グリーンチャンネルCに登録していたメイショウハチロー（栗・福永、牡4）は、南部杯（12日、盛岡、JpnⅠ、ダ1600メートル）に参戦する。 ★チャレンジC3着ジーティーアダマン（栗・上村、牡4）は、カシオペアS（24日、京都、L、芝1800メートル）へ。僚馬で函館記念11着デビットバローズ（騸7）は、富士S（17日、東京、GⅡ、芝1600メートル）へ。関屋記念3着ファーヴェント（栗・藤原、牡5）も同レースへ。 ★ポートアイランドSを勝ったダノンセンチュリー（美・宮田、牡4）は、キャピタルS（11月28日、東京、L、芝1600メートル）に向かう。 ♦産経賞オールカマー2着キャントウェイト（美・萱野、牡5）は、アルゼンチン共和国杯（11月8日、東京、GⅡ、芝2500メートル）か、福島記念（11月21日、福島、GⅢ、芝2000メートル）を視野に。 ★毎日王冠に登録していたヴィンセンシオ（美・森一、騸4）は、オクトーバーS（12日、東京、L、芝2000メートル）を予定。京都大賞典を除外のブレイヴロッカー（栗・本田、騸6）も同レースへの出走を検討。,[],[]
巨人・森田駿哉、阪神との大一番で無失点リリーフ　ピンチで佐藤輝明をＫ斬り（サンケイスポーツ）,https://news.yahoo.co.jp/articles/adf58c0aaac07f8b87924fddeefcfe7f6c81f438,https://newsatcl-pctr.c.yimg.jp/t/amd-img/20261001-00000198-sanspo-000-1-view.jpg?exp=10800,2026-10-01T20:56:33+09:00,2026-10-01T20:56:33+09:00,サンケイスポーツ,sanspo,サンケイスポーツ,323,七回に登板した巨人・森田駿哉 ＝甲子園球場（撮影・林俊志）（株式会社 産経デジタル） （セ・リーグ、阪神－巨人、25回戦、1日、甲子園）セ・リーグ2位の巨人は、首位阪神と今季最後の直接対決。1―1の七回に3番手で森田駿哉投手（29）が登板し、1回を無失点に抑える好リリーフでバトンをつないだ。 先頭の近本に左前打を浴びるも、走者を警戒しながら冷静に続く中野を空振り三振斬り。近本に二盗を許すも、森下には丁寧にコースを突いて勝負し、最後は四球。1死一、二塁とされながらも、三冠王へと突き進む4番の佐藤を内角低めに変化球を落とし切り空振り三振。前の打席で本塁打を放っている大山も二飛に打ち取り、プレッシャーのかかる大一番でもしっかりと仕事を果たした。,[],[]
広島・新井貴浩監督、今季初完投勝利で4年連続規定投球回到達の床田寛樹に「ナイスピッチング。危なげなく、いいピッチングだった」（サンケイスポーツ）,https://news.yahoo.co.jp/articles/5dc6a4081945f4e7e57d142921f1fe2d157e744d,https://newsatcl-pctr.c.yimg.jp/t/amd-img/20261001-00000196-sanspo-000-2-view.jpg?exp=10800,2026-10-01T20:49:38+09:00,2026-10-01T21:14:50+09:00,サンケイスポーツ,sanspo,サンケイスポーツ,427,勝利しナインをむかえる広島・新井貴浩監督＝マツダスタジアム（撮影・渋井君夫）（株式会社 産経デジタル） （セ・リーグ、広島5－1中日、25回戦、広島16勝9敗、1日、マツダ）広島の先発・床田寛樹投手（31）が5安打1失点の今季初完投でチームトップの8勝目を挙げた。2023年から4年連続で規定投球回（143回）に到達した。試合後、新井貴浩監督（49）は「ナイスピッチングでした。危なげなく、いいピッチングだったと思います」と絶賛した。 打線は中村奨成外野手（27）が2戦連発となる先制の4号2ランを放ち、六回には菊池涼介内野手（36）の右犠飛と、坂倉将吾捕手（28）の自己最多にあと1本に迫る15号ソロで加点。「（中村）奨成の先制ホームランでね、先に点取れたっていうのがまず、いい流れで入れたと思います。また追加点も効果的にあげることができたのでいい流れで、ゲームは進んだ」と評価した。中日との今季最終戦を終え、シーズンでは16勝9敗と大きく勝ち越した。,[],[]
【2歳次走報】新馬戦Vのギブリは柴菊賞とサウジアラビアロイヤルCに登録へ（サンケイスポーツ）,https://news.yahoo.co.jp/articles/9945d7504eb8e3c2d6840ae832b77d330aeabb8a,https://newsatcl-pctr.c.yimg.jp/t/amd-img/20261001-00000193-sanspo-000-1-view.jpg?exp=10800,2026-10-01T20:33:47+09:00,2026-10-01T20:33:47+09:00,サンケイスポーツ,sanspo,サンケイスポーツ,296,デビュー戦を快勝したギブリ（株式会社 産経デジタル） ★9月26日阪神の新馬戦（芝1600メートル）を勝ったギブリ（栗・松永幹、牡）は、柴菊賞（10日、京都、1勝、芝2000メートル）、サウジアラビアロイヤルC（10日、東京、GⅢ、芝1600メートル）に登録する。 ★9月26日中山の新馬戦（芝1800メートル）1着フェイマスジャズ（美・大和田、牝）は、引き続き杉原騎手で京都2歳S（11月28日、京都、GⅢ、芝2000メートル）に向かう。 ★9月21日阪神の未勝利戦（芝1600メートル）1着マリアンデール（栗・中村、牝）は、アルテミスS（24日、東京、GⅢ、芝1600メートル）を視野に。,[],[]
【3歳以上次走報】ナイスプレーアスクは秋華賞を目指す（サンケイスポーツ）,https://news.yahoo.co.jp/articles/c2f37fa667127cbe79295c642da33eed9aca03ff,https://newsatcl-pctr.c.yimg.jp/t/amd-img/20261001-00000192-sanspo-000-1-view.jpg?exp=10800,2026-10-01T20:31:00+09:00,2026-10-01T20:31:00+09:00,サンケイスポーツ,sanspo,サンケイスポーツ,263,ナイスプレーアスク（株式会社 産経デジタル） ★紫苑S6着ナイスプレーアスク（美・中舘、牝3）は、除外の可能性はあるものの秋華賞（18日、京都、GⅠ、芝2000メートル）を目指す。 ★シリウスS9着リアレスト（美・尾関、牡5）は、ブラジルC（18日、東京、L、ダ2100メートル）へ。 ★毎日王冠に登録していたヴィンセンシオ（美・森一、騸4）は、オクトーバーS（12日、東京、L、芝2000メートル）への出走を予定。 ★関屋記念3着ファーヴェント（栗・藤原、牡5）は、富士S（17日、東京、GⅡ、芝1600メートル）に向かう。,[],[]
ROIROM・本多大夢、30歳までの目標は「変わらず体を愛し続ける」　浜川路己は最近始めた至福のルーティーン明かす（サンケイスポーツ）,https://news.yahoo.co.jp/articles/26c75ab7b92aa38f59398e089b55bbd3a6782a03,https://newsatcl-pctr.c.yimg.jp/t/amd-img/20261001-00000191-sanspo-000-1-view.jpg?exp=10800,2026-10-01T20:29:52+09:00,2026-10-01T20:29:52+09:00,サンケイスポーツ,sanspo,サンケイスポーツ,625,スカパー! 30周年感謝祭PRイベントに出席したROIROMの本多大夢（左）、浜川路己＝東京・江東区（株式会社 産経デジタル） 男性アイドルデュオ、ROIROMの本多大夢（ひろむ、26）、浜川路己（ろい、20）が1日、東京都内で行われたスカパー! 30周年感謝祭PRイベントに出席した。 この日30周年を迎えたスカパー感謝祭のアンバサダーに就任し、30歳までの目標を問われた本多は「新しいことはもちろん、続けていくことも大事。トレーニング続けたい。筋トレ。変わらず自分の体を愛し続けよう」と目標を明かした。浜川は「運転免許とりたい」と回答し「いつか、30歳とかまでに車の免許取れたらなと思っています」と意気込みを語った。 また、家で一番リラックスできる至福のルーティーンについては、浜川が「最近湯船に入るようになりました」と新たな習慣を告白。沖縄出身のため湯船に浸かる習慣があまりなく、最初は苦手意識もあったというが、「入ってみたらめちゃくちゃよくて、疲れが取れる。『だからみんな入るんだ』って最近気づいた」と明かした。 本多は「ライト（電気）を段階的に暗くしていくこと」を挙げ、「帰ってきたときは明るい段階で、そこから調光していって、間接照明だけにしていく。寝る直前にはちょっと動画を見てゆっくり眠りに導入していく」とこだわりのルーティンを披露。これに対し、浜川は「誰も見てないのにそれができる。本当にお洒落さんですね」と感心した様子を見せていた。,[],[]
サッカー日本代表、上田綺世が後半から出場　3戦連発なるか　A代表初先発の谷村海那は前半で交代（サンケイスポーツ）,https://news.yahoo.co.jp/articles/dbc035b71196caa463086ae7c9d9a99632386ba9,https://newsatcl-pctr.c.yimg.jp/t/amd-img/20261001-00000190-sanspo-000-1-view.jpg?exp=10800,2026-10-01T20:27:56+09:00,2026-10-01T20:27:56+09:00,サンケイスポーツ,sanspo,サンケイスポーツ,257,上田綺世（株式会社 産経デジタル） サッカー・キリン杯（1日、日本－エクアドル、日産ス）日本代表は、4カ国がトーナメント方式で争うキリン杯の初戦でエクアドル代表と対戦した。国際サッカー連盟（FIFA）ランキングは日本の17位に対し、エクアドルは25位。後半からFW上田綺世（リール）が途中出場した。 上田は9月24日のウルグアイ戦、28日のベネズエラ戦で連続得点中。2023年から2024年にかけて記録して以来となる3試合連続ゴールに期待が懸かる。A代表初先発を果たしたFW谷村海那（横浜M）は前半で交代となった。,[],[]
【マリーンC】ロンギングフォユーが果敢に逃げて快勝！3連勝で重賞初制覇（サンケイスポーツ）,https://news.yahoo.co.jp/articles/645a3cdd3adeb2f5d8842014fe5a07da6c87d035,https://newsatcl-pctr.c.yimg.jp/t/amd-img/20261001-00000189-sanspo-000-2-view.jpg?exp=10800,2026-10-01T20:27:20+09:00,2026-10-01T22:35:56+09:00,サンケイスポーツ,sanspo,サンケイスポーツ,588,マリーンCで重賞初制覇を果たしたロンギングフォユー（株式会社 産経デジタル） 10月1日（木）の船橋11Rで行われた第30回マリーンカップ（JpnⅢ、3歳オープン、牝馬限定、ダート・左1800メートル、定量、10頭立て、1着賞金＝3000万円）は、荻野極騎手の2番人気ロンギングフォユー（美浦・大竹正博厩舎）が最内枠から果敢に先手を奪うと、直線で後続を突き放して快勝。1勝クラスから一気の3連勝で重賞初制覇を果たした。タイムは1分53秒1（稍重）。 4馬身差の2着に中団追走から早めに2番手に上がったタマモフリージア（4番人気）が入り、1番人気に支持されたペンダントは好位を追走したものの伸び切れずさらに3馬身差の3着に敗れた。 ロンギングフォユーは、父ナダル、母クールデザイン、母の父ディープインパクトという血統。北海道千歳市・車台ファームの生産馬で、馬主は坂本浩一氏。通算成績は5戦4勝（うち地方1戦1勝）。管理する大竹正博調教師、騎乗した荻野極騎手ともにマリーンC初勝利となった。 ◆荻野極騎手（1着 ロンギングフォユー）「馬自身、初めて尽くしで気負っている部分がありました。逃げようと思っていました。気合いをつけたぶん最初は気持ちが入りすぎていましたが、途中からリズムが取れたので良かったです。着実に力をつけてきているので、この先もすくすくと育ってくれたらと思います」,[],[]
ブラックオリンピアは菊花賞を見送り（サンケイスポーツ）,https://news.yahoo.co.jp/articles/12f8c27a3e6e787dc96680921901c6b6cb1139be,https://newsatcl-pctr.c.yimg.jp/t/amd-img/20261001-00000188-sanspo-000-1-view.jpg?exp=10800,2026-10-01T20:24:22+09:00,2026-10-01T20:24:22+09:00,サンケイスポーツ,sanspo,サンケイスポーツ,319,兵庫特別を制したブラックオリンピア（左）（株式会社 産経デジタル） 9月27日の兵庫特別（2勝クラス）を勝ったブラックオリンピア（栗・友道、牡3）は、続戦を予定していた菊花賞（10月25日、京都、GⅠ、芝3000メートル）を見送ることが分かった。1日、同馬を所有するサンデーサラブレッドクラブがHPで発表した。 友道調教師とあらためて協議。菊花賞への出走が可能かどうか微妙なことに加え、出走できたとしても全7戦でタッグを組んできた川田騎手を含めた上位騎手の確保は難しいこと、また、本格化は先とみており、レース間隔を詰めてGⅠで目一杯走らせた場合の反動を懸念し、総合的に判断したとしている。 同馬は2日にノーザンファームしがらきに放牧予定。,[],[]
ダイハツは松田瑞生、加世田梨花をエントリー　パナソニックは斎藤みう、大塚製薬は小林香菜を登録／プリンセス駅伝（サンケイスポーツ）,https://news.yahoo.co.jp/articles/fd38283433a7a7498b46ec01027466e804f3d617,https://newsatcl-pctr.c.yimg.jp/t/amd-img/20261001-00000187-sanspo-000-1-view.jpg?exp=10800,2026-10-01T20:20:19+09:00,2026-10-01T20:20:19+09:00,サンケイスポーツ,sanspo,サンケイスポーツ,355,斎藤みう（株式会社 産経デジタル） 陸上のプリンセス駅伝（18日、福岡・宗像市～福津市～宗像市＝6区間、42.195キロ）のエントリーリストが1日、発表された。 11月22日の全日本実業団対抗女子駅伝（クイーンズ駅伝）の予選会。ダイハツは世界選手権代表経験のある松田瑞生や加世田梨花らを登録。今年4月に豊田自動織機に再入社し、先月のアジア大会で3つのメダルを獲得した田中希実はメンバーに入らなかった。パナソニックは女子3000メートル障害で日本記録を持つ斎藤みうをエントリー。大塚製薬は昨秋の世界選手権東京大会女子マラソンで7位入賞の小林香菜を登録した。 前回のクイーンズ駅伝では優勝のエディオンと日本郵政、積水化学、三井住友海上、資生堂、ユニクロ、天満屋、しまむらまでの上位8チームがシード権を獲得している。,[],[]
巨人が阪神との大一番で継投失敗　D1位・竹丸和幸、87年ぶり快挙の12勝目消える（サンケイスポーツ）,https://news.yahoo.co.jp/articles/040a017f96ffdb17166fcf340cdb5bbc7dd65e67,https://newsatcl-pctr.c.yimg.jp/t/amd-img/20261001-00000186-sanspo-000-1-view.jpg?exp=10800,2026-10-01T20:19:50+09:00,2026-10-01T20:19:50+09:00,サンケイスポーツ,sanspo,サンケイスポーツ,267,六回、阪神・大山悠輔に本塁打を打たれた巨人・西舘勇陽＝甲子園球場（撮影・甘利慈）（株式会社 産経デジタル） （セ・リーグ、阪神－巨人、25回戦、1日、甲子園）セ・リーグ2位の巨人は、首位阪神と今季最後の直接対決。大一番にドラフト1位・竹丸和幸投手（24）＝鷺宮製作所＝が先発し5回81球を投げ、7安打を浴びながらも無失点で抑えた。 球団新人左腕では1939年の中尾輝三（12勝）以来、87年ぶりとなる12勝目の権利を手にして降板したが、2番手の同学年、西舘が六回先頭で大山に同点被弾。継投が失敗に終わり、竹丸の快挙達成はならなかった。,[],[]
川口春奈、主演映画でがんの闘病中に出産を決意する主人公を熱演「私自身が勇気づけられた」（サンケイスポーツ）,https://news.yahoo.co.jp/articles/627bcaa71ba3609b1858ef6bfe15d16853eaece5,https://newsatcl-pctr.c.yimg.jp/t/amd-img/20261001-00000184-sanspo-000-1-view.jpg?exp=10800,2026-10-01T20:10:22+09:00,2026-10-01T20:10:22+09:00,サンケイスポーツ,sanspo,サンケイスポーツ,739,映画「ママがもうこの世界にいなくても 私の命の日記」の記念イベントに出席した左から中島瑠菜、松本穂香、川口春奈、高杉真宙＝東京・豊洲（株式会社 産経デジタル） 女優、川口春奈（31）が1日、東京都内で行われた主演映画「ママがもうこの世界にいなくても 私の命の日記」（山戸結希監督、2日公開）の記念イベントに共演の高杉真宙（30）らと出席した。 同名ベストセラー手記が原作で、川口はがんで闘病中、出産のため抗がん剤治療の中断を決意して夫に新しい命を託す和（のどか）役を熱演。高杉が妻の和を献身的に支える夫、将一を演じる。 撮影は約1年前。川口は自身の役どころについて「和さんには計り知れない思いがたくさんあったはずで、彼女の生きざまや覚悟や葛藤や強さを伝えることができるか私も葛藤しましたが、私自身が和さんの生きざまに勇気づけられた」と振り返った。 この日は和と姉妹役の松本穂香（29）と中島瑠菜（19）、両親役のデビット伊東（60）と小林聡美（61）も登壇。伊東が撮影を重ねるごとに「3姉妹が似てきた」と指摘すると、中島は「川口さんも松本さんも大好きなのでうれしいです。なんか泣けてきちゃって…すみません」と涙を浮かべて感激していた。 松本は原作を読み込み、自身の役柄について「お姉ちゃん（和）を中心に生きていたと感じましたが、葛藤の部分も大切にしました」と明かした。川口は「何でもないシーンも温かくて、姉妹っていいなと思いました」と笑顔。穏やかな空気感に伊東は、「（劇中の）この家族には本当の家族を感じていました」と涙していた。 川口は8月2日にサッカー日本代表DF板倉滉（29）との結婚と第1子妊娠を発表。9月7日には同作の舞台あいさつで発表後、初めて公の場に登場していた。,[],[]
市川由紀乃、恒例リサイタルで「命の尊さと生きる喜びを感じ」熱唱　11.28＆29台湾での歌唱ステージも発表（サンケイスポーツ）,https://news.yahoo.co.jp/articles/3016db4be600e0e9eaf9de3b30ceb35fdaba4ffd,https://newsatcl-pctr.c.yimg.jp/t/amd-img/20261001-00000180-sanspo-000-1-view.jpg?exp=10800,2026-10-01T20:00:00+09:00,2026-10-01T20:00:00+09:00,サンケイスポーツ,sanspo,サンケイスポーツ,400,「リサイタル2026 爛漫」で熱唱する市川由紀乃（株式会社 産経デジタル） 演歌歌手、市川由紀乃（50）が1日、東京国際ファーラムホールCで毎年恒例のリサイタルを開催。新曲「ちりぬるを」など20曲を熱唱し、1500人を酔わせた。 作曲家、市川昭介氏の没後20年をしのび、亡き恩師が作曲した自身の「海峡氷雨」と都はるみの「涙の連絡船」を披露。また、「昭和生まれの渡り鳥」を和風ロックテイストで、「横笛物語」「秘桜」をアジアン・オリエンタル調で聴かせる新たな試みも。 11月28、29日に台北で開催される「日本祭2026」に出演することも発表。「台湾に行って歌わせていただきます。楽しみです」と声を弾ませた。 2024年に患った卵巣がんを克服し、復活したことから「命の尊さと生きる喜びを感じる歌を3曲選びました」と紹介し、さだまさしの「いのちの理由」や竹原ピストルの「サンサーラ」などを力強く歌い上げた。,[],[]
GK鈴木彩艶が第3次森保ジャパンで初先発　「0で抑えるところを意識して取り組むだけ」（サンケイスポーツ）,https://news.yahoo.co.jp/articles/34067078a96022a92db0c27b21797231b60244a7,https://newsatcl-pctr.c.yimg.jp/t/amd-img/20261001-00000179-sanspo-000-1-view.jpg?exp=10800,2026-10-01T19:53:49+09:00,2026-10-01T19:53:49+09:00,サンケイスポーツ,sanspo,サンケイスポーツ,607,前半、パスを出す日本代表・鈴木彩艶＝日産スタジアム（撮影・岩崎叶汰）（株式会社 産経デジタル） サッカー・キリン杯（1日、日本－エクアドル、日産ス） 国際サッカー連盟（FIFA）ランキング17位（7月20日付、以下同）の日本は、同25位のエクアドルと対戦。28日のベネズエラ戦から先発メンバーが10人入れ替わり、MF堂安律（28）＝アイントラハト・フランクフルト＝が主将マークをつけて先発。GK鈴木彩艶（24）＝アストンビラ＝が今活動で初先発となった。 「（ベネズエラ戦から）何かを思い切り変えるというよりは、まずはゴールキーパーとして0で抑えるところを意識して取り組むだけ」 9、10月の4連戦。9月24日に行われた初戦のウルグアイ戦はチーム合流直前に脇腹を痛めてベンチ外。2―1で逆転勝ちした同28日の第2戦ベネズエラ戦では後半から途中出場したが、キャッチミスなどもあり「細かい部分で反省。パフォーマンスは攻守ともにひどかった」と猛省した。 6月のW杯北中米3カ国大会の活躍が評価され、今夏にイングランド・プレミアリーグのアストンビラへ移籍。早速存在感を放ち、9月のクラブ月間MVPに選出された。「チームが変わり、難しさもあるが、強みを出してパフォーマンスを発揮できている」と手応えを語る。 森保監督からも「先発は彩艶でいきたい」と揺るぎない信頼を寄せられる24歳が南米の強豪の前に立ちはだかった。（一色伸裕）,[],[]
FW谷村海那が代表デビュー　J1横浜Mエースの本拠地凱旋にスタジアムは大歓声（サンケイスポーツ）,https://news.yahoo.co.jp/articles/79766f8e3b5820a1132470e69e830eb668b8f9cd,https://newsatcl-pctr.c.yimg.jp/t/amd-img/20261001-00000178-sanspo-000-1-view.jpg?exp=10800,2026-10-01T19:51:27+09:00,2026-10-01T19:51:27+09:00,サンケイスポーツ,sanspo,サンケイスポーツ,430,試合前の谷村海那＝日産スタジアム（撮影・岩崎叶汰）（株式会社 産経デジタル） サッカー・キリン杯（1日、日本－エクアドル、日産ス）国際サッカー連盟（FIFA）ランキング17位（7月20日付、以下同）の日本は、同25位のエクアドルと対戦。28日のベネズエラ戦から先発メンバーが10人入れ替わり、MF堂安律（28）＝アイントラハト・フランクフルト＝が主将マークをつけて先発。GK鈴木彩艶（24）＝アストンビラ＝が今活動で初先発となった。初招集のFW谷村海那（28）＝横浜M＝が本拠地の日産スタジアムでA代表初先発を果たした。 FW谷村が1トップで先発。試合前のメンバー発表で名前が告げられると、場内から歓声が沸き起こった。J1横浜Mのエースが本拠地に〝凱旋（がいせん）〟。「個人的には（会場には）思い入れもあるし、与えられた時間で結果を残すイメージ。クロスからのゴールが得意なので、その隙を見つけて入り込みたい」と意気込んでピッチに入り、前線で精力的にプレーした。,[],[]
桑木志帆、注目を力に7位発進　「いいショットをしてやろうと思える」　ギャラリーの撮影も歓迎／国内女子ゴルフ（サンケイスポーツ）,https://news.yahoo.co.jp/articles/35c83342d5918aee4f847e3202f571a50c63ae05,https://newsatcl-pctr.c.yimg.jp/t/amd-img/20261001-00000176-sanspo-000-2-view.jpg?exp=10800,2026-10-01T19:37:02+09:00,2026-10-01T19:55:35+09:00,サンケイスポーツ,sanspo,サンケイスポーツ,639,7位タイで終了した桑木志帆＝宝塚GC旧C（撮影・中島信生）（株式会社 産経デジタル） 日本女子オープン第1日（1日、兵庫・宝塚GC旧C＝6185ヤード、パー70）今季国内メジャー第3戦が開幕。メルセデスランキング1位の桑木志帆（23）＝大和ハウス工業＝は5バーディー、1ボギー、1ダブルボギーの68で回り、首位と4打差の7位発進。「出入りの激しいゴルフでしたが、アンダーで回ることができてよかった」と振り返った。 後半の11番（パー4）は、ショットで精彩を欠いて4オン2パットのダブルボギー。一瞬だけ「イラっとした」というが、「ここで負けちゃだめだ」と自分に言い聞かせた。13番（パー4）で4メートルを沈めると、続く14番（パー5）は残り121ヤードの第3打をピンそば30センチにつけて連続バーディー。17番（パー5）でもスコアを伸ばし、首位と4打差に詰め寄って初日を終えた。 今大会は日本ゴルフ協会（JGA）が主催しており、通常の女子ツアーでは禁止されている写真撮影が無音アプリを使用した場合に限って許可されている。この日、桑木は大勢のギャラリーのスマートフォンを向けられながらプレー。普段とは異なる環境だったが「撮ってもらえるのはうれしい。いいショットをしてやろうと思える」と注目を力に変えている。 「アンダーで回れたのは成長を感じた。ショットの調子はいい。ダボが悔しかったので、マネジメントをしっかりしていきたい」。女子ゴルファー日本一の称号へ、ここからギアを上げていく。,[],[]
広島で黄金期築いた〝優勝請負人〟巨人・丸佳浩が阪神との大一番に完璧送球で先制阻止（サンケイスポーツ）,https://news.yahoo.co.jp/articles/652af1a859f230daae8f557008d8491ff5d26c79,https://newsatcl-pctr.c.yimg.jp/t/amd-img/20261001-00000175-sanspo-000-1-view.jpg?exp=10800,2026-10-01T19:35:04+09:00,2026-10-01T19:35:04+09:00,サンケイスポーツ,sanspo,サンケイスポーツ,331,三回1死二、三塁、阪神・大山悠輔の左飛捕球後の本塁送球で三走の生還を阻止した巨人・丸佳浩＝甲子園球場（撮影・甘利慈）（株式会社 産経デジタル） （セ・リーグ、阪神－巨人、25回戦、1日、甲子園）セ・リーグ2位の巨人は、首位阪神と今季最後の直接対決。37歳のベテラン、丸佳浩外野手が「1番・左翼」で先発出場した。0―0の三回1死二、三塁で大山が放った左飛を捕球すると、本塁へワンバウンドで一直線に完璧な送球。タッチアップした三塁走者の森下を本塁で刺し、重要な先制点を阻止した。 広島時代はチームの主軸としてリーグ3連覇に大きく貢献。チームの黄金期を築いた。巨人移籍後も1年目から3度のリーグ優勝を経験した〝優勝請負人〟が、プレッシャーのかかる大一番で力を発揮した。,[],[]
巨人の選手会長、吉川尚輝が阪神との大一番で先制タイムリー　前回優勝の立役者（サンケイスポーツ）,https://news.yahoo.co.jp/articles/1a17206cae25416ad63dea1b12ab4113e6cde611,https://newsatcl-pctr.c.yimg.jp/t/amd-img/20261001-00000174-sanspo-000-2-view.jpg?exp=10800,2026-10-01T19:21:40+09:00,2026-10-01T19:31:24+09:00,サンケイスポーツ,sanspo,サンケイスポーツ,331,四回、適時打を放つ巨人・吉川尚輝＝甲子園球場（撮影・中井誠）（株式会社 産経デジタル） （セ・リーグ、阪神－巨人、25回戦、1日、甲子園）セ・リーグ2位の巨人は、首位阪神と今季最後の直接対決。「6番・二塁」で出場した吉川尚輝内野手（31）が四回に中前適時打を放ち、重要な先取点を刻んだ。 【ツーショット】結婚を発表した巨人・吉川尚輝とシンガーソングライターの足立佳奈 阪神先発の村上に対し0―0の四回1死一、二塁の好機。第2打席に立った吉川は、1球目の変化球を捉え、しぶとく中前に運んだ。昨季終了後に両股関節を手術。長いリハビリを経て復帰した今季も、7月に左太もも裏の肉離れで長期離脱するなど苦しんだ選手会長。2024年の前回リーグ優勝の立役者が大一番で輝いた。,[],[]
〝肝っ玉ルーキー〟巨人・竹丸和幸、阪神との大一番で一回から大ピンチの連続も無失点投球（サンケイスポーツ）,https://news.yahoo.co.jp/articles/146ed4e8a0cfe4e737210af55d2e6b046f301520,https://newsatcl-pctr.c.yimg.jp/t/amd-img/20261001-00000172-sanspo-000-2-view.jpg?exp=10800,2026-10-01T19:08:16+09:00,2026-10-01T19:28:30+09:00,サンケイスポーツ,sanspo,サンケイスポーツ,384,二回の投球を終えた巨人・竹丸和幸＝甲子園球場（撮影・甘利慈）（株式会社 産経デジタル） （セ・リーグ、阪神－巨人、25回戦、1日、甲子園）セ・リーグ2位の巨人は、首位阪神と今季最後の直接対決。大一番にドラフト1位・竹丸和幸投手（24）＝鷺宮製作所＝が先発した。一、二、三回と立て続けにピンチを背負うも、表情を変えることなくいずれも無失点で切り抜ける〝肝っ玉〟ぶりを見せた。 【写真】巨人・竹丸に坂本勇人BC「いかつい球投げる」初ブルペンで驚き 重圧のマウンド。新人左腕は一回先頭の近本を歩かせると、中野に右前打、森下にも四球を与えいきなり無死満塁の大ピンチを背負った。それでも、三冠王へと突き進む4番佐藤輝を見逃し三振、大山を三ゴロ併殺打に仕留めて無失点。二回は無死一、三塁、三回は1死二、三塁と得点圏に走者を進められながらも無失点で抑え、敵地甲子園をため息に包んだ。,[],[]
SHOW－WA、悲願の初日本武道館公演、9000人が熱狂　「次は絶対、紅白いくぞ」（サンケイスポーツ）,https://news.yahoo.co.jp/articles/82d2d030becdbb57f26ec8750ce0efb117dba2d8,https://newsatcl-pctr.c.yimg.jp/t/amd-img/20261001-00000168-sanspo-000-3-view.jpg?exp=10800,2026-10-01T19:00:52+09:00,2026-10-01T20:27:36+09:00,サンケイスポーツ,sanspo,サンケイスポーツ,925,初の日本武道館公演を行ったSHOW-WAの左から寺田真二郎、向山毅、井筒雄太、塩田将己、青山隼、山本佳志=東京・北の丸公園（株式会社 産経デジタル） 昭和歌謡グループ、SHOW－WAが1日、グループ初の東京・日本武道館公演を開催した。2023年7月の結成当初から目標の1つだった聖地に立ち、1stアルバム「タイムマシンはいらない」の収録曲など26曲を全力パフォーマンス。12月21日に東京・グランドプリンスホテル新高輪「飛天」で単独ディナーショーを開き、来春に新シングルを発売することも発表。年末のNHK紅白歌合戦初出場に弾みをつけた。 9月の長雨が噓のように、夢の実現を祝う青空が武道館を包んだ。 暗闇のステージがスポットライトで照らされ、一列に並んだ6人が登場した瞬間、約9000人の割れんばかりの大歓声が場内にとどろいた。 山本佳志（38）は「すごい熱気で出てきた瞬間に泣きそうになっちゃった」と感激。塩田将己（34）も「景色がきれいすぎて本当にヤバかった。夢にまで見てなかった景色」と感無量だ。 武道館公演は悲願。2023年7月に誕生したSHOW－WAは、日本武道館公演とNHK紅白歌合戦を目標に掲げ、24年9月に「君の王子様」でデビュー。今年3月まで2年3カ月にわたりフジテレビ系「ぽかぽか」（月～金曜前11.47）で連日生歌唱を披露し、兄弟グループ、MATSURIとの合同名義曲「僕らの口笛」で6月の国際音楽賞「MUSIC AWARDS JAPAN」の最優秀演歌・歌謡曲楽曲賞を受賞するなど勢いをつけてきた。 今夏には6人で原点の東京・台場のフジテレビから同・千代田区の武道館まで約10キロを約4時間かけて歩き、夢の舞台への気持ちを高めて挑んだステージは、昭和の音楽番組をオマージュした全曲バンド編成。井筒雄太（35）は「こんなにもぜいたくなことがあるのかというくらい大きい」と聖地に興奮。「君の王子様」やアルバム「タイムマシンはいらない」の収録曲「僕の瞳を信じて」「ラプソディをもう一度」を初披露するなど26曲を歌い踊った。 向山毅（38）は「みんなが支えてくれて日本武道館という最高のステージに立たせていただいております」と感謝した。,[],[]
松井秀喜氏、アンバサダーを務めるヒトトヒトホールディングス株式会社の内定式で特別動画メッセージ（サンケイスポーツ）,https://news.yahoo.co.jp/articles/840175ed981bbc4b978fdf6ca34042b2acd84a05,https://newsatcl-pctr.c.yimg.jp/t/amd-img/20261001-00000167-sanspo-000-2-view.jpg?exp=10800,2026-10-01T18:57:01+09:00,2026-10-01T19:30:37+09:00,サンケイスポーツ,sanspo,サンケイスポーツ,877,内定者にサプライズメッセージを送った松井秀喜氏（株式会社 産経デジタル） 人材インフラ提供企業のヒトトヒトホールディングス株式会社（本社・東京都渋谷区）は1日、2027年度入社予定者11人を対象とした内定式を実施し、同社のアンバサダーを務める松井秀喜氏（52）による特別メッセージ動画をサプライズ上映した。 【写真】子どもらの前で打撃披露する松井秀喜氏 松井氏は来春から社会人として新たな一歩を踏み出す若者へ向けて、以下のエールを送った。 新しい環境に飛び込むと、思うような結果が出ず、戸惑いや悔しさを感じることもあると思います。私自身、プロ野球1年目は高校時代とのレベルの違いに苦しみ、多くの失敗を経験しました。大切なのは、失敗に落ち込むのではなく、原因を考え「次はこうしたい」というイメージを持って行動することです。 失敗の悔しさを次のエネルギーに変えながら、ひとつひとつの経験を大切に、自分の力を磨いていってください。プロとして成長し続けるためには、職場以外の部分でも自らを鍛え続ける姿勢が大切です。 私はジャイアンツ時代、長嶋監督に毎日素振りを見てもらっていたことで、家でも素振りをする習慣が身に付きました。仕事に慣れるまでは、日々の業務で精いっぱいかもしれませんが、職場の外にも自分を成長させる機会があるのではないかと思います。 そして、チームで成果を出すためには、一人一人が持つヒトのチカラを磨くことが重要です。野球はチームスポーツですが、ピッチャーが投げる、キャッチャーが取る、バッターが打つといったプレーは、すべて個人の技量によるもので、個々のプロフェッショナルに通じる部分です。だからこそ、個の成長がチームの成長につながります。 ただ、チームの一員として行動するときは、自分だけでなく、チームの成功を考えることも大切です。ミスをしたときは、皆でカバーする。その空気感もチームには必要ですし、そういうチームこそが強いチームなのだと思います。 「ヒトのチカラ アンバサダー」として、内定者の皆さんのこれからの挑戦と成長を楽しみにしています。,[],[]
猪俣周杜出演のテレ朝系「ニカゲーム」　今後は二階堂と松井ケムリで放送（サンケイスポーツ）,https://news.yahoo.co.jp/articles/1bd1a70d97c9ef7254d182ef4283a1b1d7150f29,https://newsatcl-pctr.c.yimg.jp/t/amd-img/20261001-00000165-sanspo-000-2-view.jpg?exp=10800,2026-10-01T18:50:00+09:00,2026-10-01T19:27:38+09:00,サンケイスポーツ,sanspo,サンケイスポーツ,360,テレビ朝本社（株式会社 産経デジタル） テレビ朝日は1日、STARTO ENTERTAINMENTとの契約が解除となった猪俣周杜（25）がレギュラー出演していた「ニカゲーム」（水曜深夜1.55）について、「所属事務所より正式な処分が発表されましたので、これを踏まえ、『ニカゲーム』については、次回（10／7）の放送よりKis－My－Ft2二階堂高嗣さん、令和ロマン松井ケムリさんのレギュラー出演者で放送してまいります」と説明した。 【写真】黒のスーツ姿で謝罪の言葉を口にした猪俣 timeleszが出演するフジテレビ系「タイムレスマン」（金曜後9.58）や、日本テレビ系「timeleszファミリア」（日曜後2.0）については、フジテレビ、日本テレビともにサンケイスポーツの取材に対し、7人で継続していくと説明している。,[],[]
DeNAが『キッズベースボールフェスティバル2026』を11月23日に開催　小学5.6年生が対象（サンケイスポーツ）,https://news.yahoo.co.jp/articles/205ed13fb28550be5239f8ed2840d90c45043bfa,https://newsatcl-pctr.c.yimg.jp/t/amd-img/20261001-00000163-sanspo-000-1-view.jpg?exp=10800,2026-10-01T18:47:35+09:00,2026-10-01T18:47:35+09:00,サンケイスポーツ,sanspo,サンケイスポーツ,492,『キッズベースボールフェスティバル2026』の開催が決定（写真・球団提供）（株式会社 産経デジタル） DeNAは1日、小学5.6年生を対象とした現役選手による毎年恒例の野球ふれあいイベント『キッズベースボールフェスティバル2026』を11月23日に開催することを発表した。 同イベントは子どもたちが野球がもっと好きになることを目的に、DeNAの現役選手が講師として野球を指導したり一緒にプレーすることができる。 今年は横浜スタジアムと横須賀スタジアムに加え、社会人・ENEOS野球部の協力を得て、「ENEOSとどろきグラウンド」での初の開催が決定した。各会場では、JABA神奈川県野球協会加盟の東芝野球部、三菱重工East野球部、日産自動車野球部、ENEOS野球部の計4チームの選手がDeNAの現役選手と共に講師として参加。プロアマの垣根を越えて共に野球の楽しさを伝える。 参加対象は「学童野球連盟枠」と「一般公募枠」に分かれており、今回は「一般公募枠」で参加する小学5.6年生の参加者を募集する。野球用具ケースとして使用できる「オリジナルマルチケース」を参加者全員にプレゼントする。,[],[]
小栗旬「この映画は愛の物語」間宮祥太朗、野村周平、舘ひろしら登場でファン沸かせる　「バッド・ルーテナント：トウキョウ」TOKYOプレミア（サンケイスポーツ）,https://news.yahoo.co.jp/articles/ba186aad6fa7f3497f1a5c31d51983588f8f5821,https://newsatcl-pctr.c.yimg.jp/t/amd-img/20261001-00000162-sanspo-000-1-view.jpg?exp=10800,2026-10-01T18:36:26+09:00,2026-10-01T18:36:26+09:00,サンケイスポーツ,sanspo,サンケイスポーツ,536,映画「バッド・ルーテナント：トウキョウ」TOKYOプレミアカーペットイベントに出席した（後列左から）村上淳、向里祐香、岩田剛典、西野七瀬、野村周平、中野英雄（前列左から）三池崇史監督、リヴ・モーガン、小栗旬、間宮祥太朗、舘ひろし＝東京・新宿区（株式会社 産経デジタル） 俳優、小栗旬（43）が1日、東京・TOHOシネマズ新宿前で行われた主演映画「バッド・ルーテナント：トウキョウ」（三池崇史監督、23日日本公開）TOKYOプレミアカーペットイベントに間宮祥太朗（33）、野村周平（32）、舘ひろし（76）らと出席した。 自暴自棄な生活を送る刑事の矢吹（小栗）と来日した米FBI捜査官、グエン（リリー・ジェームズ）の思惑が東京の街で複雑に絡み合う物語。 同作のロケ地でもある新宿・歌舞伎町の、通称〝ゴジラロード〟を映画の世界観そのままに装飾した〝バッド・カーペット〟が登場した。レッドカーペットに姿を現した小栗らはファンの間を練り歩いた後、丁寧にサインに応じたり写真撮影を楽しんだりと手厚いファンサービスを行った。 小栗は「この映画は愛の物語だと思っていますので、みんなで作ったこの愛を劇場で受け取っていただけたらと思っております。どうぞよろしくお願いします」と呼びかけた。,[],[]
立正大・三浦天和が決勝打　名前の由来はドラゴンボールの孫悟天「やっぱり悟空が好き」／東都（サンケイスポーツ）,https://news.yahoo.co.jp/articles/4ff3cb3fe82ee09c0f667d92903221b4b95db70a,https://newsatcl-pctr.c.yimg.jp/t/amd-img/20261001-00000161-sanspo-000-1-view.jpg?exp=10800,2026-10-01T18:34:35+09:00,2026-10-01T18:34:35+09:00,サンケイスポーツ,sanspo,サンケイスポーツ,649,決勝打を放った立正大・三浦天和（てんと）。試合後の撮影では、かめはめ波ポーズを決めた＝神宮球場（撮影・織原祥平）（株式会社 産経デジタル） 東都大学野球春季リーグ第3週第1日（1日、中大4－5立正大、神宮）立正大が競り勝ち、中大に先勝。「1番・一塁」で出場した三浦天和（てんと）内野手（2年、東邦高）が決勝打を放った。 「最後は気持ちで押し切った。（打てて）気持ちよかった」 同点に追いつかれた直後の六回に2死一、三塁で左翼へ勝ち越し打。上位打線としてチームを勝利に導く一打を放ち、「1番打者だからといって変えることはなく、とにかくがむしゃらだった」と声をはずませた。 東邦高では2年の春にセンバツ出場。立正大に進学後は1年だった昨春のリーグ戦でデビューするも、秋以降はBチームで鍛錬を積んだ。雌雄の時を経て成長を遂げ、「一度、Bチームを味わったからこそ、今の自分がある」とうなずいた。 名前の天和（てんと）の由来は、大人気漫画「ドラゴンボール」に登場する主人公、孫悟空の次男「孫悟天」から取られた。父・慎治さんが大のドラゴンボール好きで、明大硬式野球部で投手としてプレーする2学年上の兄の名も「悟空」になぞらえて「心空（こくう）」だ。 次男の天和は「やっぱり孫悟空が好き。カッコイイので」と照れ笑い。ドラゴンボールに登場するキャラクターばりの勝負強さを発揮した期待の2年生は「チームの結果にこだわって、やるべきことを徹底したい。全力疾走であったり、そういうところをしっかりやりたい」と力を込めた。,[],[]
3児のママで元テレ東キャスター、塩田真弓が、1日付でFIRST AGENT入り　フリーアナに（サンケイスポーツ）,https://news.yahoo.co.jp/articles/18dc3bbaa3015a449df2441ecd2d7eeb6f91e4e2,https://newsatcl-pctr.c.yimg.jp/t/amd-img/20261001-00000156-sanspo-000-1-view.jpg?exp=10800,2026-10-01T18:19:21+09:00,2026-10-01T18:19:21+09:00,サンケイスポーツ,sanspo,サンケイスポーツ,628,塩田真弓（株式会社 産経デジタル） テレビ東京の報道キャスターだった塩田真弓（50）が1日付で、女優、浅野温子（65）やニュースキャスター、吉川美代子（72）、タレント、優木まおみ（46）らの所属する芸能事務所「FIRST AGENT」（東京・恵比寿）に所属した。 福岡県出身。立教大社会学部を卒業後の1999年、アナウンサーとしてテレビ東京に入社した。その後、報道記者としても活躍。2021年から「ニュースモーニングサテライト」のキャスターを務めるなど、27年間にわたってテレ東の顔となり、今年6月に退社していた。 明治学園高校時代、休部になっていた新聞部を復活させ編集長に就任するなど、若い頃からニュースの魅力に取りつかれてきた。塩田は「もともとニュースそのものを一生懸命に追うタイプじゃなかったんです。でも、新聞部の活動を通じて逆に、面白さを感じて行きました」と振り返った。 大学時代、英国のエセックス大に1年間留学の経験も。今のめり込んでいるテーマは「森林火災の脅威にどう向き合うか」。今年の夏は山林火災の傷跡の残る岩手・大船渡市に滞在し、現地をくまなく見て回ったという。 現在の肩書は「一般社団法人 Water Scope Japanアンバサダー」、「認定NPO法人キッズドア理事」。「1秒も無駄にせず、生産性を上げて情報発信を行いたい」と語る。一般男性の夫との間に3児。子育てをしながら、今後は幅広い分野でフリーアナウンサーとして活躍を目指す。,[],[]
サッカー日本代表、エクアドル戦先発発表　谷村海那が〝本拠地〟日産で1トップで先発（サンケイスポーツ）,https://news.yahoo.co.jp/articles/c6fac80b66b9b3b0e193e330efaab40f784eae4a,https://newsatcl-pctr.c.yimg.jp/t/amd-img/20261001-00000155-sanspo-000-1-view.jpg?exp=10800,2026-10-01T18:16:07+09:00,2026-10-01T18:16:07+09:00,サンケイスポーツ,sanspo,サンケイスポーツ,331,日本代表・森保一監督（株式会社 産経デジタル） サッカー・キリン杯（1日、日本－エクアドル、日産ス）日本代表は、4カ国がトーナメント方式で争うキリン杯の初戦でエクアドル代表と対戦する。国際サッカー連盟（FIFA）ランキングは日本の17位に対し、エクアドルは25位。先発メンバーが発表され、MF久保建英やMF堂安律が名を連ねた。日本の先発は以下の通り。 【GK】鈴木彩艶（アストンビラ） 【DF】板倉滉（ボルシアMG）、伊藤洋輝（バイエルン）、瀬古歩夢（ルアーブル） 【MF】佐野海舟（マインツ）、堂安律（アイントラハト・フランクフルト）、田中碧（リーズ）、中村敬斗（リヨン）、久保建英（レアル・ソシエダ―ド）、鈴木唯人（フライブルク） 【FW】谷村海那（横浜M）,[],[]
アマチュアの荒木七海「何も考えていなかった」　初出場の〝女子ゴルファー日本一決定戦〟で無欲の首位発進　姉・優奈を上回り「よっしゃ！」／国内女子ゴルフ（サンケイスポーツ）,https://news.yahoo.co.jp/articles/ca5e29ba5b4ec41afe3bbae198bfd85ad1aa3496,https://newsatcl-pctr.c.yimg.jp/t/amd-img/20261001-00000154-sanspo-000-2-view.jpg?exp=10800,2026-10-01T18:11:03+09:00,2026-10-01T18:33:35+09:00,サンケイスポーツ,sanspo,サンケイスポーツ,1091,首位タイで終了したアマチュアの荒木七海＝宝塚GC旧C（撮影・中島信生）（株式会社 産経デジタル） 日本女子オープン第1日（1日、兵庫・宝塚GC旧C＝6185ヤード、パー70）今季国内メジャー第3戦が開幕。アマチュアの荒木七海（19）＝Sky＝が1イーグル、4バーディーの64で回り、阿部未悠（26）＝ミネベアミツミ＝と並ぶ首位で滑り出した。ツアー通算1勝の姉・優奈（21）を姉に持つ大器が、絶好のスタートを切った。 初めて出場した女子ゴルファー日本一を決める大舞台。アマチュアの荒木の頭の中は、来月に迫った〝もうひとつの大舞台〟が大半を占めていた。「気持ちはプロテストに向きすぎていて、何も考えていなかったです」。無欲で決めた首位発進。自己ベストの6アンダーを出し「もう少し（バーディーを）取れそうな感じはありました」と笑顔で振り返った。 ハイライトは、後半の5番（パー5）。グリーンエッジまで215ヤードの第2打で3番ウッドを握り、フォローの風に乗せてピンそば4メートルに2オン。下りのスライスラインを読み切ってイーグルを奪った。この日はグリーン上が好調で、8番（パー3）は4メートル、9番（パー4）は6メートルを沈めて伸ばし、トップでホールアウト。大会前に一緒に練習ラウンドを行った姉・優奈は、初日72と苦戦。8打リードした妹は「ほぼ負けっぱなしなので、たまにでも勝てたら『よっしゃ！』って思う」と笑った。 一発合格を狙った昨年11月の最終プロテストは合格に4打届かず。以降は気持ちが切れてクラブを握らず、宮崎・日章学園高の友人と一緒に「遊びほうけていた」と明かす。転機は年末に帰省した際に、姉とラウンドしたこと。「ハーフで40台をたたいて、ドライバーも40ヤード置いていかれた。さすがにやばいと思った」。気合を入れ直し、高校卒業後は地元・熊本の小岱山GCを拠点に練習に励んでいる。 栃木・烏山城CCで開催された2021年大会は姉のキャディーとして、昨年は姉の応援で訪れていた大会。初めて選手として来場し、絶好のスタートを切った。来月に2度目の最終プロテストが控える中で「自信をつけられたら」。今大会で優勝すればプロ転向が可能となるが、「狙ってできるものではない。期待せずにプレーしたい」と、地に足を付けて全力を尽くす。（鈴木和希） ■荒木 七海（あらき・ななみ） 2007（平成19）年5月5日生まれ、19歳。熊本県出身。父とツアー通算1勝の姉・優奈の影響で6歳でゴルフを始める。宮崎・日章学園高卒。憧れの選手は山下美夢有。ドライバーの平均飛距離は240ヤード。163センチ。,[],[]
アマチュアの荒木七海、阿部未悠が首位発進　2打差に藤本愛菜、吉本ここね　桑木志帆、古江彩佳は4打差7位／国内女子ゴルフ（サンケイスポーツ）,https://news.yahoo.co.jp/articles/a0ebcafe2c18079a4e3f5ffe5a9d8fbf2eea896c,https://newsatcl-pctr.c.yimg.jp/t/amd-img/20261001-00000150-sanspo-000-1-view.jpg?exp=10800,2026-10-01T17:55:08+09:00,2026-10-01T17:55:08+09:00,サンケイスポーツ,sanspo,サンケイスポーツ,384,首位タイで終了したアマチュアの荒木七海。最終ホールをバーディー締め＝宝塚GC旧C（撮影・中島信生）（株式会社 産経デジタル） 日本女子オープン第1日（1日、兵庫・宝塚GC旧C＝6185ヤード、パー70）今季国内メジャー第3戦が開幕。初出場でアマチュアの荒木七海（19）＝Sky＝が1イーグル、4バーディーの64で回り、阿部未悠（26）＝ミネベアミツミ＝と並んで首位発進した。ツアー通算1勝の姉・優奈（21）を姉に持つ大器が、大舞台で絶好のスタートを切った。 2打差の3位に吉本ここね（26）＝不二サッシ、藤本愛菜（19）＝ヤマエグループHD。3打差の5位に青木香奈子（26）＝マイナビ＝とウー・チャイェン（22）＝台湾＝がつけた。米ツアーから出場している古江彩佳（26）＝富士通、メルセデスランキング1位の桑木志帆（23）＝大和ハウス工業＝は4打差の7位で滑り出した。,[],[]
巨人、大一番で〝虎キラー〟ダルベックが代打待機…橋上監督代行「下半身のコンディションがあまりよくない」（サンケイスポーツ）,https://news.yahoo.co.jp/articles/213a79ba1a8e5f8e35198e2602a67c43dadb41ab,https://newsatcl-pctr.c.yimg.jp/t/amd-img/20261001-00000147-sanspo-000-2-view.jpg?exp=10800,2026-10-01T17:41:23+09:00,2026-10-01T17:57:25+09:00,サンケイスポーツ,sanspo,サンケイスポーツ,378,巨人のボビー・ダルベック （株式会社 産経デジタル） （セ・リーグ、阪神－巨人、25回戦、1日、甲子園）巨人は2ゲーム差で追う首位阪神との今季最後の直接対決で〝虎キラー〟がベンチスタートとなった。主砲、ボビー・ダルベック内野手（31）は9月29日の広島戦（東京ドーム）で途中交代。橋上監督代行は「下半身にちょっと強めの張りが残っているので、きょうは早めに交代しようと試合前から話はしていた」と説明していた。 【写真】試合前練習で話すボダルベックとリチャード この日の練習はグラウンドで行わず、室内で個別調整。指揮官は「この前と変わらず下半身のコンディションがあまりよくないので、試合に関しては代打待機」と説明。代わって一塁には増田陸が先発起用された。来日1年目のダルベックは、阪神戦で球団別最多となる9本塁打、18打点を稼ぐ「虎キラー」ぶりを発揮していた。,[],[]
ヤクルト・山野太一、2日の巨人戦先発へ「今年やってきたことを全部出せるように」　今季4勝0敗、防御率1.62と好相性（サンケイスポーツ）,https://news.yahoo.co.jp/articles/0867bd8bce56aaff0f7fe475b0a8f9dc075c9ae7,https://newsatcl-pctr.c.yimg.jp/t/amd-img/20261001-00000146-sanspo-000-1-view.jpg?exp=10800,2026-10-01T17:36:21+09:00,2026-10-01T17:36:21+09:00,サンケイスポーツ,sanspo,サンケイスポーツ,604,調整するヤクルト・山野太一 ＝神宮外苑（撮影・長尾みなみ） （株式会社 産経デジタル） ヤクルト・山野太一投手（27）が1日、神宮外苑で自主練習を行い、先発する2日の巨人戦（神宮）に向けてキャッチボールなどで調整した。今季、最後の登板となる可能性が高く、最高の投球で2026年シーズンを締めくくる。 「しっかり内容のいいピッチングで終わりたいですし、できれば勝ち星も取れたらいいかなと思います。今年のやってきたことを全部出せるように、全力でいきたいなと思います」 プロ6年目の今季は24試合に登板し、キャリアハイでリーグ2位タイの12勝（4敗）をマーク。防御率2.38とシーズン通して安定した投球を見せた。 チームは現在、リーグ5位。すでに4年連続Bクラスが確定している。阪神と優勝争いをする巨人は、来季上位進出を目指すうえで倒さなければいけない相手。今季は同戦に6試合登板して4勝0敗、防御率1.62と好成績を残しており、好投が期待される。 「常に上位にいるチームなので、やっぱりそこを倒さないと僕らも上にいけない。僕としてはそんなに能力の差があるように思えない。本当ちょっとしたところで、勝てるゲームを落としたりっていうのがあるので、僕自身もチームも、そこを突き詰めていけば、倒せると思う」 先発投手陣を引っ張ってきた存在として、自身もチーム全体も鼓舞した山野。来季の巻き返しに向けても重要な登板となる。,[],[]
スタメン発表　巨人・リチャードが「5番・三塁」　2日前に決勝2ランで状態上向き　丸佳浩が「1番・左翼」（サンケイスポーツ）,https://news.yahoo.co.jp/articles/5a732e1fafcc8ed7bec2578fa55cab10897a3810,https://newsatcl-pctr.c.yimg.jp/t/amd-img/20261001-00000145-sanspo-000-2-view.jpg?exp=10800,2026-10-01T17:33:44+09:00,2026-10-01T17:40:08+09:00,サンケイスポーツ,sanspo,サンケイスポーツ,297,巨人・リチャード（株式会社 産経デジタル） （セ・リーグ、阪神－巨人、25回戦、1日、甲子園）2位の巨人はゲーム差2で追う首位阪神と今季最後の直接対決に臨む。負ければ逆転Vが大きく遠のく大一番。37歳のベテラン、丸佳浩外野手が「1番・左翼」に入ったほか、9月29日の広島戦（東京ドーム）で決勝の2号2ランを放ったリチャード内野手が「5番・三塁」で起用された。オーダーは以下の通り。 【写真】バリカンで丸刈り姿になったリチャード 1番・左翼 丸 2番・中堅 松本 3番・遊撃 泉口 4番・捕手 大城 5番・三塁 リチャード 6番・二塁 吉川 7番・一塁 増田陸 8番・右翼 平山 9番・投手 竹丸,[],[]
ニュージーランド、キリン杯初戦でパナマに1－1からのPK戦5－3で勝ち上がり　5日の決勝で日本とエクアドルの勝者と対戦（サンケイスポーツ）,https://news.yahoo.co.jp/articles/1bbea8a9be2664ec6f497e4120b8aaf8250de1b4,https://newsatcl-pctr.c.yimg.jp/t/amd-img/20261001-00000144-sanspo-000-2-view.jpg?exp=10800,2026-10-01T17:30:33+09:00,2026-10-02T01:47:13+09:00,サンケイスポーツ,sanspo,サンケイスポーツ,596,パナマ代表戦の前半、先制ゴールを決めるニュージーランドのスタメニッチ＝日産スタジアム（撮影・蔵賢斗）（株式会社 産経デジタル） サッカー・キリン杯（1日、パナマ1－1、PK戦3－5ニュージーランド、神奈川・日産スタジアム） 国際サッカー連盟（FIFA）ランキング86位のニュージーランドは4カ国がトーナメント方式で争う大会の初戦で、同44位のパナマに1－1からのPK戦5－3で勝ち上がり。5日に東京・MUFGスタジアムで開催される決勝に進出した。1日午後7時10分から日産スタジアムで行われる同17位の日本と同25位のエクアドルの勝者と対戦する。パナマは5日にMUFGスタジアムで日本とエクアドルの敗者と戦う。 前半13分にMFマーコ・スタメニッチ（24）＝スウォンジー＝が先制ゴールを奪ったが、前半終了間際にパナマのMFジオバニー・ヘルベルト（21）＝クルブバス＝にマイナスのクロスをダイレクトで合わされて同点に追いつかれた。 後半は両チームが決定機を生かせずに90分で決着がつかず、1－1でPK戦に突入。パナマの3人目をGKアレックス・ポールセン（24）＝マザーウェル＝が右に跳んでセーブした。ニュージーランドは5人全員が落ち着いて決めた。 今夏のW杯北中米3カ国大会ではニュージーランドは1次リーグG組で1分け2敗、パナマが同L組で3連敗してともに組の4位となり、敗退した。（尾﨑陽介）,[],[]
連勝中のダノンヒストリーはC・ルメール騎手との新コンビで菊花賞へ（サンケイスポーツ）,https://news.yahoo.co.jp/articles/9e25a5e5db984d11f6acc2154d03872a17e2be83,https://newsatcl-pctr.c.yimg.jp/t/amd-img/20261001-00000143-sanspo-000-1-view.jpg?exp=10800,2026-10-01T17:13:03+09:00,2026-10-01T17:13:03+09:00,サンケイスポーツ,sanspo,サンケイスポーツ,255,ダノンヒストリー（株式会社 産経デジタル） 8月の阿寒湖特別（2勝クラス）を8馬身差で圧勝し、通算4戦3勝としたダノンヒストリー（美・堀、牡3）は9月26日に放牧先から帰厩。このあとはC・ルメール騎手との新コンビで、菊花賞（25日、京都、GⅠ、芝3000メートル）に向かう。 阿寒湖特別の勝ち馬は2001年にマンハッタンカフェが菊花賞を制している（※間にトライアルのセントライト記念＝4着に出走）。その他ではステイゴールド（1997年）やファインモーション（2002年）など、のちのGⅠホースが名を連ねている。,[],[]
timelesz寺西拓人、猪俣周杜の逮捕に「これまでの仕事に対する姿勢は何だったのか」「疑問しかありません」（サンケイスポーツ）,https://news.yahoo.co.jp/articles/b3e344b0403c666b11c16cd2a1b2c39ec95ec57e,https://newsatcl-pctr.c.yimg.jp/t/amd-img/20261001-00000141-sanspo-000-4-view.jpg?exp=10800,2026-10-01T17:08:44+09:00,2026-10-01T21:08:46+09:00,サンケイスポーツ,sanspo,サンケイスポーツ,417,会見するtimeleszの寺西拓人 ＝東京都港区（撮影・土谷創造）（株式会社 産経デジタル） 知人女性への傷害容疑で逮捕、釈放された猪俣周杜（25）が、9月30日をもってSTARTO ENTERTAINMENTとの専属契約を解除されたことを受け、timeleszの7人が1日、東京・台場のフジテレビ本社で冠番組「タイムレスマン」（金曜後9.58）の収録前に緊急会見を行った。 【候補生時代の写真】茨城出身の塗装業・猪俣周杜さんら＝2025年2月 寺西拓人（31）は「この度は猪俣が行った行為によって多くの方々にご心配、ご迷惑をお掛けしたこと誠に申し訳ございませんでした」と謝罪。メンバーの逮捕を受け「悲しい、情けないといった感情が大きかったように思います」と吐露。「これまでの仕事に対する姿勢は何だったのか、どのような思いでファンの皆さま、私たちメンバー、関わってくださる方々に向き合ってきたのか、疑問しかありません」と語気を強めた。,[],[]
元女子世界王者・佐伯霞さんが地元大阪市にジムオープン「ほっとできる場所に」プロ加盟せずアマ育成（サンケイスポーツ）,https://news.yahoo.co.jp/articles/85343a96a43b39236d1f4329f7a27cad60bf633f,https://newsatcl-pctr.c.yimg.jp/t/amd-img/20261001-00000225-sanspo-000-2-view.jpg?exp=10800,2026-10-01T17:03:54+09:00,2026-10-02T01:45:03+09:00,サンケイスポーツ,sanspo,サンケイスポーツ,989,自身が代表を務めるジムをオープンし、胸を躍らせる佐伯霞さん（右）と柳井妃奈実トレーナー＝大阪市福島区（撮影・月僧正弥）（株式会社 産経デジタル） プロボクシング元WBO世界女子ミニマム級王者の佐伯霞さん（30）が1日、大阪市福島区に自身が代表を務めるジム「KNSBOXING FITNESS」をオープンさせた。プロ加盟はせず、キッズを中心にしたフィットネスやアマチュア選手の育成を目指すといい、「いずれ五輪で金メダルを取るような選手が出てくれれば」と抱負を語った 同市出身の佐伯さんは2023年7月に58歳で亡くなった格闘技好きの父・哲さんの影響で5歳でキックボクシングを始め、中1で本格的にボクシングに転向。世界女子ジュニア選手権、全日本女子選手権で優勝した。その後、16年リオデジャネイロ五輪の代表選考会で敗れ、近大を中退してプロ入り。18月5月に真正ジムからデビューすると、わずか1年後の19年4月、日本女子最速記録に並ぶプロ4戦目でWBO世界女子同級王座に就いた。 だが、この頃、哲さんが白血病にり患していることが分かり、「孫の顔を見せたい」と結婚。妊娠したため、同年12月に王座を返上し、翌年5月に第1子となる男児を出産した。 当初は子育てが落ち着いた後、現役復帰する意向もあったが、自身が骨髄移植のドナーを務めたことや第2子を妊娠したこともあり、断念。接骨院を経営し、現役時代の自身のケアを担当してくれていた父と「いつか一緒にできたら」と話していたジムを開くことを決めたという。 プロではなく、アマ選手の育成を目指すのは「五輪の金メダルは自分も達成できなかったから」という思いがあり、ジム名は「挑戦し続ける」という決意を込め、「Keeping Never Stopping」の頭文字を取り、「KNS」とした。 ジムでは佐伯さんとともに2歳下の後輩で元日本女子バンタム級王者の柳井妃奈実さん（28）がトレーナーを務める。会員は世界と日本王者による本格的な指導を受けられることになるが、佐伯さんは「選手もフィットネスの人もここに来たら気持ちがほっとできる場所にしたい」と目を輝かせた。 現役時代のプロ戦績は佐伯さんが4戦4勝（3KO）、柳井さんが6戦3勝（1KO）2敗1分け。ジムの住所は大阪市福島区吉野1－7－4。営業時間は午前10時～午後2時、午後5～9時。不定休。,[],[]
昨年のスプリンターズS2着ジューンブレアが引退　ヒダカファームで繁殖入り　武英調教師「いい子を産んでくれると思います」（サンケイスポーツ）,https://news.yahoo.co.jp/articles/10e51d45a08f90107d64790e7d2b16bc0d85d9ed,https://newsatcl-pctr.c.yimg.jp/t/amd-img/20261001-00000137-sanspo-000-1-view.jpg?exp=10800,2026-10-01T17:00:00+09:00,2026-10-01T17:00:00+09:00,サンケイスポーツ,sanspo,サンケイスポーツ,369,ジューンブレア＝9月27日、中山競馬場（撮影・奈良武）（株式会社 産経デジタル） 9月27日のスプリンターズSで8着だったジューンブレア（栗・武英、牝5）は現役を引退して、北海道浦河町のヒダカファームで繁殖入りすることが1日、分かった。 武英調教師は「頑張ってくれました。スピードは一枚、抜けていました。いい子を産んでくれると思います」と語った。 同馬は重賞勝ちこそなかったが、快速を武器に昨年のスプリンターズSでは2着に好走。半年ぶりの実戦となった先週のスプリンターズSで、4回目の鼻出血を発症していた。 僚馬で、スプリンターズS3着のサウンドモリアーナ（牝4）は、阪神C（12月26日、阪神、GⅡ、芝1400メートル）を視野に。同7着のエーティーマクフィ（牡7）は、京阪杯（11月29日、京都、GⅢ、芝1200メートル）連覇を目指す。,[],[]
カンテレ「絶望できない男」エキストラ体験記　主演大東駿介、相武紗季出演痛快ドラマで〝共演〟／芸能ショナイ業務話（サンケイスポーツ）,https://news.yahoo.co.jp/articles/39086b71856b9c7f839606a4dc183a2cb0a3ea84,https://newsatcl-pctr.c.yimg.jp/t/amd-img/20261001-00000136-sanspo-000-1-view.jpg?exp=10800,2026-10-01T17:00:00+09:00,2026-10-01T17:00:00+09:00,サンケイスポーツ,sanspo,サンケイスポーツ,1046,木曜深夜に放送中のカンテレドラマ「絶望できない男」に主演した大東駿介（中央）と共演の相武紗季（左）、八村倫太郎（右）＝撮影・大澤謙一郎（株式会社 産経デジタル） 俳優、大東駿介（40）が主演し、相武紗季（41）、八村倫太郎（27）が共演するカンテレ深夜ドラマ「絶望できない男」（関西ローカル。Tver）が好評放送中。事業に失敗し1億円の借金を抱えてもあきらめないしゃべくり関西人を大東を演じるジェットコースターコメティーにエキストラとして参加した。撮影現場の空気感を紹介する。 メールボックスを開けば、毎日のようにスポーツ関係、放送局、芸能事務所、PR事務所などから取材の依頼が送られてくる。まずはササっと目を通して優先順位を確認するのだが、思わず手が止まった。カンテレ宣伝担当I氏からのメールの件名は、「新ドラマ『絶望できない男』取材およびご出演のご相談」だった。 ご出演？？？ 取材の依頼の文面をすっ飛ばして出演の詳細から目を皿のようにして読んだ。 「【エキストラご出演のお願い】また、取材当日にキャバレーで行われる株主総会のシーン（株主役）にて、大澤様にエキストラとしてドラマにご出演いただけないでしょうか。ご参加いただきたいのは、本作のラストシーンとなります。ご検討いただけますと幸いです」 ドラマ出演…。エキストラとはいえ、人生初の体験だ。NHK大河ドラマ「豊臣兄弟！」に前田利家役で好演中の主演の大東さん、共演の相武さんのインタビューができるだけでも喜んでいたのに、なんと出演できるとは…。エキストラ出演をエサにして、新ドラマを少しでも大きく取り上げてほしいという宣伝担当の狙いも透けてみえるが、当方、根は単純で、出たがり。即レスで出演快諾のメールを返した。 当日、大阪・十三のキャバレーに集合した。ドラマのラストシーンの舞台、株主総会の雰囲気にぴったりな昭和レトロな建物だった。集合時間になると、ぞろぞろとエキストラのみなさんがやってくる。聞けば、カンテレのX（旧ツイッター）で募集したとか。検索していくと、エキストラ情報のまとめサイトもあり、ドラマに出たい人はこういうところから情報を取っていくようだ。 待っている間にスタッフから説明があり、出演承諾の書面にサインをする。番組情報を事前に出さないなど、事前の取り決めがこまごま。放送で映っていなくても異議は申し立てないという項目もあった（そりゃそうだ）。待ち時間、エキストラさん同士の会話が興味深い。息を潜めて聞き耳を立てる。,[],[]
timelesz、猪俣周杜の契約解除を受け緊急会見「あのような事件を起こした猪俣とは一緒に仕事ができません」（サンケイスポーツ）,https://news.yahoo.co.jp/articles/39c2b71693d27009b673993038f416fda5f7e5ad,https://newsatcl-pctr.c.yimg.jp/t/amd-img/20261001-00000135-sanspo-000-5-view.jpg?exp=10800,2026-10-01T16:58:47+09:00,2026-10-01T18:40:25+09:00,サンケイスポーツ,sanspo,サンケイスポーツ,764,会見するtimeleszの（左から）橋本将生、寺西拓人、原嘉孝、菊池風磨、篠塚大輝、松島聡、佐藤勝利＝東京都港区（撮影・土谷創造）（株式会社 産経デジタル） 知人女性への傷害容疑で逮捕、釈放された猪俣周杜（25）が、9月30日をもってSTARTO ENTERTAINMENTとの専属契約を解除されたことを受け、timeleszの7人が1日、東京・台場のフジテレビ本社で冠番組「タイムレスマン」（金曜後9.58）の収録前に緊急会見を行った。 【候補生時代の写真】茨城出身の塗装業・猪俣周杜さんら＝2025年2月 午後3時、スーツ姿の7人は沈痛な面持ちで会場に現れた。 会見冒頭、菊池風磨（31）は「今回の事件を受けて、日頃から私たちtimeleszを応援してくださっているファンの皆さま、スポンサーをはじめとする多くの関係者の皆さま、活動を支えてくださったすべての皆さまに多大な心配とご迷惑をお掛けしていること深くお詫び申し上げます」と謝罪。7人で約5秒間、頭を下げた。 菊池は報道を受け「怒りや憤りを感じた」という。続けて「アイドルである以前に人として、相手にましてや女性に暴力をふるうという行為は決して許されるものではありません。『手が当たってしまったかもしれない』という供述にも腹が立ちました」と告白。 さらに「私たちはたくさんのファンの方々、多くの女性のファンの方々に支えていただいているグループです。その立場にいる人間として今回のようなことは到底受け入れることができません。あのような事件を起こした猪俣とは一緒に仕事ができません」と言い切った。 メンバーが契約解除を知ったのは会見前日。逮捕後、メンバーは誰一人として猪俣とは連絡を取っていない。菊池はグループの話し合いの中で「解散」という選択肢はなかったことも明かした。,[],[]
中島健人が東京国際映画祭のフェスティバル・ナビゲーターを担当「ラブストーリーでときめきたい」（サンケイスポーツ）,https://news.yahoo.co.jp/articles/95c39c56f62a162c07d8670782a751c90f79497d,https://newsatcl-pctr.c.yimg.jp/t/amd-img/20261001-00000134-sanspo-000-1-view.jpg?exp=10800,2026-10-01T16:58:20+09:00,2026-10-01T16:58:20+09:00,サンケイスポーツ,sanspo,サンケイスポーツ,762,第39回東京国際映画祭のラインナップ発表記者会見に出席した左から池田暁監督、三島有紀子監督、中島健人、山本英監督＝東京・南青山（株式会社 産経デジタル） 歌手で俳優、中島健人（32）が1日、東京都内で行われた第39回東京国際映画祭（26日～11月4日に日比谷、有楽町、丸の内、銀座地区で開催）のラインナップ発表記者会見に出席した。 同映画祭ではフェスティバル・ナビゲーターを担当。「映画を愛するひとりとして、俳優として参加できることは光栄です」と喜びを表現した。映画の魅力を「人生を拡張してくれるというか、自分が生きられない時代や青春を（上映時間の）2時間で生きることができる」と語った。 昨年はディスカッションイベントなどに参加し、「今回も映画人の方と談義する時間を設けたい」と希望。日本映画の強みについて、「祖父が（映画の）『風の又三郎』に出演していた」と明かし、同作を鑑賞すると「ひとりひとりの挙動が細かく描かれていて、それが日本映画の素敵なところだと思う」と感じていた。映画祭のプログラムから作品を選ぶ際は「ラブストーリーをみてときめきたい。青春時代はもう芸能活動をしていたので」と青春の感性を求めていた。 この日は最高賞「東京グランプリ」など各賞を選考するコンペティション部門に邦画から選出された「過怠」の山本英監督、「妖怪、化物をひろう」の池田暁監督、「男ともだち」の三島有紀子監督も出席した。 同映画祭は主要11部門で構成。今年のコンペ部門は112の国・地域から1892本の応募から15作品が選ばれた。重要作品であるオープニング、センターピース、クロージング作品はそれぞれ、「SUKIYAKI 上を向いて歩こう」（瀬々敬久監督）、「ゴジラ－0．0」（山崎貴監督）、「コロニー」（ヨン・サンホ監督）が上映される。,[],[]
timelesz菊池風磨、ジュニア経験なしでのデビュー批判に「その差がこんなにも大きいものなのか」（サンケイスポーツ）,https://news.yahoo.co.jp/articles/9e92571558e9566efffe7a4e5cd65ac2e5ecb59d,https://newsatcl-pctr.c.yimg.jp/t/amd-img/20261001-00000131-sanspo-000-5-view.jpg?exp=10800,2026-10-01T16:55:10+09:00,2026-10-01T19:27:05+09:00,サンケイスポーツ,sanspo,サンケイスポーツ,739,会見するtimeleszの菊池風磨（撮影・土谷創造）（株式会社 産経デジタル） 知人女性への傷害容疑で逮捕、釈放された猪俣周杜（25）が、9月30日をもってSTARTO ENTERTAINMENTとの専属契約を解除されたことを受け、timeleszの7人が1日、東京・台場のフジテレビ本社で冠番組「タイムレスマン」（金曜後9.58）の収録前に緊急会見を行った。 【候補生時代の写真】茨城出身の塗装業・猪俣周杜さんら＝2025年2月 猪俣は2024年から開催されたオーディション「timelesz project」で橋本将生（26）、篠塚大輝（24）とともに加入し、デビューした。 菊池風磨（31）は大きな覚悟をもって始めたオーディションについて「事務所からだけでなく、広く一般からの公募を可能としてたのですが、最終的にはこれからのtimeleszのバランス、誠実に芸能活動に向き合えるかどうかを考慮してメンバーを決めました」と説明。 一方で、「このプロジェクトにはさまざまなご批判をいただき、それが徐々に徐々に大きくなっていく実感も確かにございました」と吐露。「ファンの方からすると、短い間だったとしてもジュニアを経験しているかどうか、その差がこんなにも大きいものなのかと改めて思い知り、思い悩み、葛藤する日々を過ごしてきました」と告白。 新メンバーについては「一生懸命レッスンに取り組み、コンプライアンス研修も受けていました」と明かし、「私自身もメンバーに対してプライベートを含め、芸能活動を行う者としての自覚を何度も促してきました」と説明。「にもかかわらず、今回のことが起きてしまったことについて、私は非常に残念で申し訳なく、情けなく思っております」と悔しさをあらわにした。,[],[]
ウエンツ瑛士、ROIROMと初対面で「今のところ最高のお2人」　CM出演の多部未華子からメッセージも（サンケイスポーツ）,https://news.yahoo.co.jp/articles/3b363ec86e5045278f144363637dcc1fd9a7cd52,https://newsatcl-pctr.c.yimg.jp/t/amd-img/20261001-00000130-sanspo-000-1-view.jpg?exp=10800,2026-10-01T16:54:09+09:00,2026-10-01T16:54:09+09:00,サンケイスポーツ,sanspo,サンケイスポーツ,667,スカパー! 30周年感謝祭PRイベントに出席した左からウエンツ瑛士、ROIROMの本多大夢、浜川路己＝東京・江東区（株式会社 産経デジタル） 男性アイドルデュオ、ROIROMの本多大夢（ひろむ、26）、浜川路己（ろい、20）が1日、東京都内で行われたスカパー! 30周年感謝祭PRイベントにウエンツ瑛士（40）と出席した。 ROIROMは1日に30周年を迎えたスカパー感謝祭のアンバサダーに就任し、キャラクター「スカッピー」のぬいぐるみと登場。本多は「アンバサダーになってからは、もう本当友達のように。最近は路己より一緒にいるかもしれない」とお茶目に紹介した。 スカパーのCMに出演経験のあるウエンツがゲストとして登場すると、浜川は「鳥肌が立って、『本当にいらっしゃるんだ』って思った」と興奮気味に語り、本多も「実際見たらよりカッコいいなって」とニッコリ。ウエンツが「確かに本物は良いってよく言われる」と返して笑いを誘った。 初対面となった3人だが、ウエンツは「先ほどごあいさつに来ていただいて、今のところ最高のお2人」と冗談交じりに印象を告白。2人から「悪くなる見込みがある？」と尋ねられると「初対面はそういうもんじゃない？ここからいろんなものが出てくる」と答えたが、イベント中には「ご飯に行こう！」などと盛り上がった。 新CMでナレーションを務める女優、多部未華子（37）からのメッセージも紹介され「30周年おめでとうございます。これからも多くの人にスカパーの良さを知っていただくため、頑張っていきたい」と祝福の言葉が寄せられた。,[],[]
広島・前川誠太、今後は「他のところでもできるならやってに、NPBに復帰できるように…」（サンケイスポーツ）,https://news.yahoo.co.jp/articles/013b96302227938fdac0dc26327e370bb596bee8,https://newsatcl-pctr.c.yimg.jp/t/amd-img/20261001-00000129-sanspo-000-1-view.jpg?exp=10800,2026-10-01T16:42:41+09:00,2026-10-01T16:42:41+09:00,サンケイスポーツ,sanspo,サンケイスポーツ,575,戦力外通告を受けて会見する広島・前川誠太＝マツダスタジアム（撮影・渋井君夫）（株式会社 産経デジタル） 広島・前川誠太内野手（23）が1日、球団から来季の契約を結ばない旨を通達され、マツダスタジアムで報道陣の取材に応じた。 「（球団から）信頼関係を築けないという話をいただいた。悔いが残るなという思いです」 前川は2022年育成ドラフト2位で福井・敦賀気比高から入団。25年に支配下登録を勝ち取り、今季は25試合に出場し、打率・095、0本塁打、2打点。通算成績は53試合で打率・160、0本塁打、11打点だった。今年は指定薬物エトミデートを巡る問題で7月30日に広島県警による家宅捜査を受け、9月25日には書類送検されており、「そうやって出たから、受け止めるしかない。また違った形で信頼を取り戻せるように、これからの行動に気を付けてやっていきたい」と吐露した。 ファンへの思いを聞かれると「本当にファンの方の声が力になりましたし、裏切ったような形になってしまったので、そこは本当に申し訳ない気持ち」と謝罪した。 今後に関しては「野球はしたいですし、どうなるかわからないですけど、野球ができるならしたい」と現役続行に意欲を見せ、「NPBに戻りたいのが一番ですけど、他のところでもできるならやってに、NPBに復帰できるようにそこを目標にやりい」とした。,[],[]
テレビ東京社長、負傷し連ドラ降板の眞島秀和に「1日も早い回復を心から願っている」　代役は調整中と説明（サンケイスポーツ）,https://news.yahoo.co.jp/articles/1304dc59018c7f36bbcecffada923f17dc3683bd,https://newsatcl-pctr.c.yimg.jp/t/amd-img/20261001-00000128-sanspo-000-1-view.jpg?exp=10800,2026-10-01T16:38:29+09:00,2026-10-01T16:38:29+09:00,サンケイスポーツ,sanspo,サンケイスポーツ,475,眞島秀和 （株式会社 産経デジタル） テレビ東京の吉次弘志社長が1日、東京・六本木の同局で定例社長会見を行った。俳優、眞島秀和が「ドラマ9『ボーダーズ 警視庁特殊事件対策班』」（10月16日スタート、金曜後9.0）の撮影中に左膝を負傷し、左腓骨頭（ひこっとう）骨折と診断され、同作を降板したことについて「怪我をされてしまったということで、1日も早い回復を心から願っている」とコメントした。 縄谷太郎取締役は「専門のアクション指導者、スタッフ立ち会いのもとに制作をしており、事前に練習も行って撮影を実施したけれども、このような結果になってしまったことは重く受け止めて、安全管理の基準の再検討をしている」とした。 9月4日に犯人を追いかけて飛びかかるというシーンの撮影が行われ、着地の時に足をくじいた。翌日に病院で診察したところねんざという診断だったが、その後痛みが引かず、14日に別の病院を受診したところ、左腓骨頭（ひこっとう）骨折と診断され、2カ月の安静と指示があったという。 撮影済みの第4話までは眞島が出演し、第5話以降の代役は調整中と説明した。,[],[]
timelesz、緊急会見で篠塚大輝と橋本将生が涙　同期・猪俣周杜の逮捕、契約解除を受け（サンケイスポーツ）,https://news.yahoo.co.jp/articles/a2ca17377864aedcb90be32f82bd9558bb25ed68,https://newsatcl-pctr.c.yimg.jp/t/amd-img/20261001-00000127-sanspo-000-4-view.jpg?exp=10800,2026-10-01T16:37:14+09:00,2026-10-01T17:27:26+09:00,サンケイスポーツ,sanspo,サンケイスポーツ,636,会見するtimeleszの（左から）橋本将生、寺西拓人、原嘉孝、菊池風磨、篠塚大輝、松島聡、佐藤勝利＝東京都港区（撮影・土谷創造）（株式会社 産経デジタル） 知人女性への傷害容疑で逮捕、釈放された猪俣周杜（25）が、9月30日をもってSTARTO ENTERTAINMENTとの専属契約を解除されたことを受け、timeleszの7人が1日、東京・台場のフジテレビ本社で冠番組「タイムレスマン」（金曜後9.58）の収録前に緊急会見を行った。 【写真】timelesz寺西拓人「これまでの仕事に対する姿勢は何だったのか」「疑問しかありません」 猪俣、橋本将生（26）とともに、オーディション「timelesz project」で加入した篠塚大輝（24）は「猪俣が逮捕されたという知らせを聞いたとき、言葉を失いました」と絶句したことを告白。「人生の全てをかける覚悟をもって、timeleszというグループに入りました」とし、「僕たちは同期として同じ覚悟を持ち、苦楽をともにし、同じ夢を追い続けるものだと考えておりました」と涙を流した。 橋本も「3人でのお仕事やレッスン、プライベートで食事に行くこともありました」と明かし、「オーディションのときから約2年間、苦楽をともに切磋琢磨してきた仲だと思っておりました。しかし、今回の猪俣の件に関しては近くにいた僕たちですら気づかない、気づけない、見えないものでした」と説明。「猪俣に対していろんな感情が込み上げてきます」と声を震わせた。,[],[]
一問一答　広島・矢野雅哉、否定したい部分「僕からは特に、言えることはない」「カープで野球できたことが幸せだった」（サンケイスポーツ）,https://news.yahoo.co.jp/articles/ee25f6b38824fb820e6509ad0303d0ff21bfb2f4,https://newsatcl-pctr.c.yimg.jp/t/amd-img/20261001-00000126-sanspo-000-3-view.jpg?exp=10800,2026-10-01T16:35:29+09:00,2026-10-01T21:41:11+09:00,サンケイスポーツ,sanspo,サンケイスポーツ,861,戦力外通告を受けた広島・矢野雅哉＝マツダスタジアム（撮影・渋井君夫）（株式会社 産経デジタル） 広島・矢野雅哉内野手（27）が1日、球団から来季の選手契約を結ばない旨を通告され、マツダスタジアムで取材に応じた。主な一問一答は以下の通り。 【写真】広島・新井監督「このようになって…」 ーー球団から伝えられたこと 「信頼関係という部分と強く伝えられました」 ーー受け止めは 「本当に、僕の軽率な行動でファンの方々だったり球団関係者の方々に多大なる心配とご迷惑をかけたことを本当に申し訳なく思います」 ーー家宅捜索もあった。3軍での調整期間中は 「まずは本当に、謝りたいというもちろんだったんですけど、自分の気持ちとしては早く試合に出たいという思いがあったので、毎日頑張りながらやっていました」 ーー一番に謝りたいのは 「本当に迷惑かかっているのが事実なので、球団に対してもそうですし、ファンの方に対してもそう」 ーー一連の事案の事実関係で伝えたいことは 「そういうのはこの前、代理人弁護士が言った通りなので」 ーー否定したいことは 「まあ、僕からは特に、言えることはないので。今言った通り」 ーー今後については 「僕自身、まだまだ野球を続けたい思いがある。現役としてやっていきたいので、とりあえず今は練習を頑張って準備はしておきたい」 ーー希望はNPBなどは 「一番は日本でプレーできたらと思います」 ーー広島でのプレーを振り返って 「カープで野球できたことが毎日幸せだったので。それが一番の思い出」 ーーファンヘの思い 「本当に、自分自身の力になりましたし、もっと、ファンの方々の前で活躍したかったなというのがあります」 ーー球団への思い 「野球人としてプレーヤーとして成長させてくださったのはカープの方々のおかげ。僕自身感謝しかないです」 ーー信頼を取り戻すためには 「自分自身をしっかり見つめなおして、信頼を取り戻すためには一つ一つの行動だったり、野球の結果で取り戻すしかないと思っているので、そこを頑張っていきたい」,[],[]
【3歳以上次走報】日本テレビ盃4着カゼノランナーはJBCクラシックへ（サンケイスポーツ）,https://news.yahoo.co.jp/articles/01795a89217e08c86659cd639b6c8ba3032a44ca,https://newsatcl-pctr.c.yimg.jp/t/amd-img/default.jpg?exp=10800,2026-10-01T16:29:16+09:00,2026-10-01T17:41:09+09:00,サンケイスポーツ,sanspo,サンケイスポーツ,306,★日本テレビ盃4着カゼノランナー（栗・松永幹、牡5）は、JBCクラシック（11月3日、金沢、JpnⅠ、ダ2100メートル）に駒を進める。 ★グリーンチャンネルCに登録していたメイショウハチロー（栗・福永、牡4）は、南部杯（12日、盛岡、JpnⅠ、ダ1600メートル）に参戦する。 ★コリアC2着サンデーファンデー（栗・東田、牡6）は、みやこS（11月8日、京都、GⅢ、ダ1800メートル）に向かう。 ★チャレンジC3着ジーティーアダマン（栗・上村、牡4）は、カシオペアS（24日、京都、L、芝1800メートル）。僚馬で函館記念11着デビットバローズ（騸7）は、富士S（17日、東京、GⅡ、芝1600メートル）へ。,[],[]
一問一答　広島・小園海斗、球団から「信頼できないと言われた」今後野球は「できるんだったらやりたいですけど…」（サンケイスポーツ）,https://news.yahoo.co.jp/articles/bcddd3a632d63fd9cfc7a364841b346495109c22,https://newsatcl-pctr.c.yimg.jp/t/amd-img/20261001-00000122-sanspo-000-2-view.jpg?exp=10800,2026-10-01T16:27:26+09:00,2026-10-01T18:48:22+09:00,サンケイスポーツ,sanspo,サンケイスポーツ,896,戦力外通告を受けた広島・小園海斗＝マツダスタジアム（撮影・渋井君夫）（株式会社 産経デジタル） 広島・小園海斗内野手（26）が1日、球団から来季の選手契約を結ばない旨を通告された。マツダスタジアムで取材に応じた。主な一問一答は以下の通り。 【写真】広島・新井貴浩監督、小園ら4選手への戦力外通告に ーー球団から伝えられたことは 「信頼できないと言われたので。それだけです」 ーー率直に受け止めは 「そうですね。もう仕方ないかなと思いますし」 ーー自身としても受け入れた 「全然、はい、そうですね」 ーー昨季は首位打者獲得などファンも期待していた 「もう、申し訳ないなと思いますね」 ーー週刊誌報道もあった。受け止めは 「特にないですね」 ーー否定したいことは 「まったくそういうのはないので」 ーーファンからの声は 「こういういいところでやらせてもらったので感謝しかないですし、すごい声援をもらって、１軍のベンチにいるときもすごいな、こういうところがプロ野球の世界なんだなって肌で感じることができたのでよかった」 ーー勇気づけられたファンの言葉は 「がんばってくださいと言ってもらったのでよかったですね」 ーー今後については 「いや、なんも考えていないです」 ーー野球は続けるのか 「どうですかね」 ーーこれから考える 「はい」 ーー球団への思いは 「こういういいところでやらせてもらったので感謝しかない。ありがとうございました」 ーーファンヘの思いは 「応援していただき、ありがとうございました」 ーー週刊誌に報道された一緒に写っている写真だけ。言いたいことや否定したいこともあるのでは 「そうですね。ありますけど、特に、信頼はないと言われたので、球団に対しては仕方ないですし、感謝しかないので。そこはその通りだな、と」 ーーこれまでの球団との話し合いでは否定してきた 「はい。それはしていましたけど、という感じですね」 ーー主張が球団に届かなかった無念さは 「ありますけど、仕方ないかなというところです」 ーー8月中旬からファームで過ごした。その期間、こういう形になることを想像していたか,[],[]
【スワンS　1週前追い切り】ジョイフルニュースがウッドで好時計をマーク　大竹師「動きは合格点」（サンケイスポーツ）,https://news.yahoo.co.jp/articles/b0b8c034eaccff1ec5097122270acb116f606bff,https://newsatcl-pctr.c.yimg.jp/t/amd-img/default.jpg?exp=10800,2026-10-01T16:13:06+09:00,2026-10-01T16:13:06+09:00,サンケイスポーツ,sanspo,サンケイスポーツ,315,《美浦》福島牝馬S2着のジョイフルニュース（大竹、牝4）はWコースで6ハロン79秒7の好時計をマーク。ラスト1ハロンも馬なりで11秒0にまとめ、一杯に追われた僚馬の外ララマセラシオン（OP）と併入した。「今回は入厩して気持ちも入っていたので楽に持ったままで1ハロン11秒0。動きは合格点というか、不合格のときが1回もない馬なので。距離短縮は歓迎だし、1400メートルでも自分のリズムでいい位置につけられるとおもう」と大竹調教師。6ハロン80秒6─11秒1だったララマセラシオン（牡5）も「動く相手だったので手応えは見劣ったけど、1ハロン11秒1だし、この馬としても動いている。朱鷺S（3着）時より状態面もいい」とそろって好感触だ。,[],[]
スプリンターズSで15着に敗れたパンジャタワーは来年の高松宮記念を目指す方向　橋口調教師「年内は休ませると思います」（サンケイスポーツ）,https://news.yahoo.co.jp/articles/5e53ddcb7a3c2a5d94f1083c51af8923780fa46b,https://newsatcl-pctr.c.yimg.jp/t/amd-img/20261001-00000119-sanspo-000-1-view.jpg?exp=10800,2026-10-01T16:11:09+09:00,2026-10-01T16:11:09+09:00,サンケイスポーツ,sanspo,サンケイスポーツ,252,スプリンターズSで15着に敗れたパンジャタワー（株式会社 産経デジタル） スプリンターズSで15着に敗れたパンジャタワー（栗・橋口、牡4）は、年内は休養に充てて来年の高松宮記念（3月28日、中京、GⅠ、芝1200メートル）を目標にする方向であることが1日、分かった。 橋口調教師は「一番（の敗因）は馬場だと思います。内しか伸びない馬場でしたからね。最後はやめているようなところもありました。年内は休ませると思います。来年の高松宮記念を目標に、一回どこかで叩いていければと思います」と現状の見通しを語った。,[],[]
広島・新井貴浩監督、小園ら4選手への戦力外通告に「事実がどうかはわからないが、結果的にこのようになって残念ですし、申し訳ない」（サンケイスポーツ）,https://news.yahoo.co.jp/articles/5c64d6ac9c0d73fbafb1a58d758e1a8c3de621de,https://newsatcl-pctr.c.yimg.jp/t/amd-img/20261001-00000118-sanspo-000-3-view.jpg?exp=10800,2026-10-01T16:08:05+09:00,2026-10-01T20:24:30+09:00,サンケイスポーツ,sanspo,サンケイスポーツ,456,広島・新井貴浩監督（株式会社 産経デジタル） 広島・新井貴浩監督（49）が1日、マツダスタジアムで行われる中日戦前に取材に応じ、同日に球団から発表された4選手への戦力外通告に関して、率直な思いを明かした。 【写真】小園海斗と談笑する阪神・佐藤輝明と森下翔太 「事実はどうなのかはわからないんですけど、結果的にこのようになって残念ですし、申し訳ない気持ちです」 球団から来季の契約を結ばない旨を通達された小園海斗内野手（26）、矢野雅哉内野手（27）、前川誠太内野手（23）、田村俊介外野手（23）はいずれも今季、チームを苦しめた「ゾンビたばこ」と呼ばれる指定薬物エトミデートを巡る問題で疑惑の目を向けられた選手。主軸を担う選手も含まれ、戦力ダウンは否めないが、「そこはね、置いておいて、自分も子供を持つ親として、彼らのことを考えるとすごく苦しくなる」と胸の内を明かし、「彼らは若いので。ファンの方とか彼らのことを応援してくれていた方々には、温かい目で今後を見守ってあげてほしいなと思います。それだけです」とした。,[],[]
伊東四朗、来年6月に芸能活動引退「眼、耳、脳、腰、膝すべてが急速に退化」（サンケイスポーツ）,https://news.yahoo.co.jp/articles/1c9d704b69f2758e0808121e1e4e8c39fcc76638,https://newsatcl-pctr.c.yimg.jp/t/amd-img/20261001-00000117-sanspo-000-1-view.jpg?exp=10800,2026-10-01T15:58:00+09:00,2026-10-01T15:58:00+09:00,サンケイスポーツ,sanspo,サンケイスポーツ,582,引退が発表された伊東四朗（文化放送提供）（株式会社 産経デジタル） 株式会社オルテ企画は俳優、伊東四朗が来年6月15日の90歳の誕生日をもって芸能活動を引退するとを発表した。それに伴い、1997年4月から放送されていたラジオの文化放送「伊東四朗 吉田照美 親父・熱愛」（土曜後3・0）も来年6月12日の放送を最後に終了する。 伊藤は同社を通じ、「昭和31年、高校卒業の時、希望に燃えて受けた就職試験。すべてに落っこちて失意の中、かすかに手招きしてくれた芸能界に入れて貰い何とか69年。来年の6月15日をもって90歳、いわゆる卒寿を迎えます。突然ですが、卒寿をもちまして引退をさせていただきます。いい爺ィになりました。えッ？未練たっぷりに見える？ それがですね。「眼、耳、脳、腰、膝・・」すべてが急速に退化。ドラマ撮影ではスタッフ、キャストに迷惑をかけることに・・・。これからは、観させていただき、聴かせていただきます」とコメントを寄せた。 伊東は1937年生まれで58年に初舞台。三波伸介、戸塚睦夫と結成した「てんぷくトリオ」として、喜劇役者として人気を博し、日本テレビ系の「伊東家の食卓」やフジテレビ系の「脳内エステ IQサプリ」などのバラエティでも活躍。NHK連続テレビ小説「おしん」やTBS系「十津側警部シリーズ」、テレビ朝日系「おかしな刑事」にも出演した。,[],[]
国学院大の2年生左腕・中井遥次郎が人生初完封「気づいたら終わっていた」　今春に最優秀防御率に輝いた期待の星／東都（サンケイスポーツ）,https://news.yahoo.co.jp/articles/dcadd97212085a180abddeec3a31d3d0654f484b,https://newsatcl-pctr.c.yimg.jp/t/amd-img/20261001-00000116-sanspo-000-1-view.jpg?exp=10800,2026-10-01T15:55:23+09:00,2026-10-01T15:55:23+09:00,サンケイスポーツ,sanspo,サンケイスポーツ,669,東洋大戦で完封した国学院大・中井遥次郎＝神宮球場（撮影・織原祥平）（株式会社 産経デジタル） 東都大学野球春季リーグ第3週第1日（1日、国学院3－0東洋、神宮）国学院大は投打がかみ合い、先勝。先発した2年生左腕の中井遥次郎投手（2年、中京大中京）が9回4安打無四球無失点、7奪三振の快投で人生初の完封勝利を記録した。 「四球を1個も出していないところが一番良かった。スリーボールになって痛打されたこともあったけど、結果的に（野手の）正面だったり、守備に助けられたりして運が良かった」 一回に2死三塁とされながらも無得点に乗り切ると、五回1死二塁のピンチでも冷静に後続を断ってリードを死守した。 中井は4試合目の登板で今秋リーグトップの4勝目。春のリーグ戦では防御率1・23で最優秀防御率に輝いた左腕は「自分だけの勝ちではない。『先発の役割を果たしてから（マウンド）降りる』ということを春（のリーグ戦）が終わってから目標にしていて、今のところ順調にそれができている」と手応えをにじませた。 秋季リーグ開幕前の夏場には体作りや走り込みをして体力強化に励んだことが結果にも表れ、「体力的には大丈夫だった。夏に体力つけてきたので、それが実ったのかな」と笑顔。人生初という完封勝利には「あまり実感がなかった。気づいたら九回まで終わっていたという感じ。最後も守備に助けられて終わったので感謝したい」と充実感をにじませた。 鳥山監督は成長著しい左腕を「心技体でバランスよく成長してきている。技術面が（試合の）後半で研ぎ澄まされたという感じ」とたたえた。,[],[]
【アイルランドT　1週前追い切り】ニシノティアモはラスト1ハロン11秒2　津村騎手「来週上がってくれれば」（サンケイスポーツ）,https://news.yahoo.co.jp/articles/5d71cb5a914b912756778ca836f008af122503d5,https://newsatcl-pctr.c.yimg.jp/t/amd-img/default.jpg?exp=10800,2026-10-01T15:47:50+09:00,2026-10-01T15:57:22+09:00,サンケイスポーツ,sanspo,サンケイスポーツ,197,《美浦》府中牝馬S10着以来となるニシノティアモ（上原佑、牝5）は、Wコースで一杯に追われて6ハロン82秒9―11秒2をマーク。中ピコテンダー（2勝）と併入、外ソルフィーナ（新馬）に1馬身先着した。手綱を取った津村騎手は「いい頃と比べると、まだ息遣いや動きに重さを感じます。この馬の持ち味を出せれば十分やれると思っているので、きょうしっかりやったことで、来週上がってくれれば」と上昇に期待した。,[],[]
パドレス2連勝で地区シリーズ進出　松井裕樹はシャンパンファイトで「ビールが冷たい」（サンケイスポーツ）,https://news.yahoo.co.jp/articles/3ccfc59fa4f47a77c9b60e21523c89f24e8a7592,https://newsatcl-pctr.c.yimg.jp/t/amd-img/20261001-00000110-sanspo-000-1-view.jpg?exp=10800,2026-10-01T15:32:51+09:00,2026-10-01T15:32:51+09:00,サンケイスポーツ,sanspo,サンケイスポーツ,484,パドレス・松井裕樹（株式会社 産経デジタル） ナ・リーグ・ワイルドカードシリーズ（パドレス4－1カブス、パドレス2勝、30日、サンディエゴ）パドレスがカブスに2連勝し、2年ぶりの地区シリーズ進出を決めた。松井裕樹投手（30）は登板機会がなかったが、シャンパンファイトで歓喜の輪に加わった。 二回に6番ボガーツの適時打などで2点を先制。1点差に迫られた四回に代打シーツが2ランを放ってリードを広げ、最終回は守護神ミラーが締めた。昨年のワイルドカードシリーズはカブスに敗れたが、雪辱を果たした。 松井は前日の第1戦では1回を無安打無失点と好投してシリーズ勝利に貢献した。シャンパンファイトではビールもかけられながら、「ビールが冷えていて冷たい。サンディエゴのファンのみなさんのおかげ」と笑顔。 地区シリーズで対戦するブルワーズについて「本拠地勝率1位のチームだが、この勢いならば勝てると思う。左右ジグザグ打線でバランスのいいチーム。何回でもシャンパンファイトをやりたいのでがんばりたい。まだ何も成し遂げたわけではない。みんなと喜ぶ瞬間は何物にも代えがたい」と抱負を語った。,[],[]
広島・小園海斗「（戦力外に）なるだろうなと思っていた。（驚きは）特にない」　球団から来季の選手契約を結ばない旨を伝えられ（サンケイスポーツ）,https://news.yahoo.co.jp/articles/a6fd31c0d556e372a9afb2d18e82e69bc47327b9,https://newsatcl-pctr.c.yimg.jp/t/amd-img/20261001-00000109-sanspo-000-2-view.jpg?exp=10800,2026-10-01T15:30:00+09:00,2026-10-01T16:25:21+09:00,サンケイスポーツ,sanspo,サンケイスポーツ,856,取材に応じる広島・小園海斗＝マツダスタジアム（撮影・渋井君夫）（株式会社 産経デジタル） 広島・小園海斗内野手（26）が1日、球団から来季の選手契約を結ばない旨を通告された。同日、マツダスタジアムで取材に応じた。 【写真】小園海斗と談笑する阪神・佐藤輝明と森下翔太 「（球団からは）信頼できないと言われたので。もう仕方ないかなと思います。（ファンへ）もう、申し訳ないなと思います」 小園は2019年にドラフト1位で兵庫・報徳学園高から入団。徐々に頭角を現し、主力打者へと成長。昨季は自身初タイトルとなる首位打者（・309）に輝いた。今季は開幕前に侍ジャパンの一員として、ワールドベースボールクラシックに出場した。通算成績は763試合に出場し、打率・279、28本塁打、251打点。 ただ、今季は7月に「ゾンビたばこ」の売人とされる人物との会食している様子の写真が週刊誌に報道され、8月中旬には攻守に精彩を欠いていたこともあり、出場選手登録を抹消されていた。 広島県警に家宅捜索され、書類送検された矢野や前川とは違い、小園が疑惑の目を向けられた経緯は週刊誌報道での一件のみだが、「（否定したいことは）ありますけど、信頼はないと言われたので、球団に対しては仕方ないですし、感謝しかないので。そこはその通りだな、と」と受け入れた。また、戦力外通告も「なるだろうなと思っていましたね、はい。（驚きは）いや、特にはないですね」と淡々と話した。 広島ファンについては「こういういいところでやらせてもらったので感謝しかないですし、すごい声援をもらって１軍のベンチにいるときもすごいな、こういうところがプロ野球の世界なんだなって肌で感じることができたのでよかった。応援していただき、ありがとうございました」と感謝し、球団に関しても「こういういいところでやらせてもらったので感謝しかない。ありがとうございました」と頭を下げた。 今後については「（野球を）できるんだったらやりたいですけど、できるならやります」と現役続行を希望した。,[],[]
久本雅美、最後の（？）ワハハ本舗特別公演取材会直前に伊東四朗引退の報「やれるとこまでやりたい」（サンケイスポーツ）,https://news.yahoo.co.jp/articles/0cca64aa77bb4a06a39a40daa54cbcd6bb3eb35a,https://newsatcl-pctr.c.yimg.jp/t/amd-img/20261001-00000107-sanspo-000-1-view.jpg?exp=10800,2026-10-01T15:17:45+09:00,2026-10-01T15:17:45+09:00,サンケイスポーツ,sanspo,サンケイスポーツ,776,ワハハ本舗特別公演「最後のショービジネス」大阪公演取材会を行った久本雅美（株式会社 産経デジタル） 女優でタレントの久本雅美（68）が1日、大阪市内でワハハ本舗特別公演「最後のショービジネス」（11月27～29日、森ノ宮ピロティホール）の取材会に出席した。 「私たちも60代の後半。元気で舞台に立ってることが奇跡だなと思ったとき、〝最後になるかもしれないぞ〟という意気込みで、全力でぶつからなきゃ」 ほぼ2年に一度のワハハの公演は、今回も新ネタ。「総集編ではなく、エネルギッシュに。いい意味でショック受けてもらいたい。ワハハを見たことがない方は〝早くしないと間に合わないよ〟ということで」と熱くPRした。 奇しくも取材会直前、飛び込んできたのは久本が「お父さん」と慕う俳優、伊東四朗が来年6月15日の90歳の誕生日で芸能界引退という報道。 「ホントにスゴいと思う。何年か前に舞台を見たとき、出てくるだけ、存在感だけで笑いを取ってた。一言しゃべってドカン。ああいうふうになりたい、あれが本当の喜劇人だと感動した。もともと持ってるセンス、魅力。唯一無二の素晴らしい喜劇役者」 それだけに、突然の発表を聞いて「体力，気力的なものも含めて自分で納得できるものができるかできないかだと思う。お話を聞いてないので勝手なことを言ってますけど、潮時だなと思われたのかなぁとは、私の中の想像です。私も引退宣言するときは、お客さまの思いに応えられてるのかっていうのが大事なポイントだと思うので」と自らの引き際をダブたせて胸中を推測。 ただ、久本自身は「年齢は考えてしまいます。体力的、気力的な問題もある。でも、『生涯現役でありたい』は夢。やれるとこまでやりたい。黒柳徹子さんを見たら背中を追ってこうと思うし、動けるようにトレーニングやったり、努力していってます」と話した。,[],[]
サッカーコラム　U―21日本代表・小杉啓太、担架使用からPK成功で「責任を全う」　自己評価は〝超辛口〟示す基準の高さ（サンケイスポーツ）,https://news.yahoo.co.jp/articles/c662cad25ffc182fd36b8e9f3f622ea380e3f081,https://newsatcl-pctr.c.yimg.jp/t/amd-img/20261001-00000106-sanspo-000-1-view.jpg?exp=10800,2026-10-01T15:00:00+09:00,2026-10-01T15:00:00+09:00,サンケイスポーツ,sanspo,サンケイスポーツ,1145,クロスをあげる小杉啓太（株式会社 産経デジタル） 【No Ball，No Life】もつれにもつれた熱戦の終わりにボールを持ってスポットに向かったのは、つい10分前に担架に乗っていた選手その人だった。周囲が抱く心配をよそに、平然と助走を取り、左足で豪快にネットを揺らす。勝負を決めるシュートを成功させたDF小杉啓太（フランクフルト）はわずかに笑みを浮かべながら、淡々と振り返った。 「きついのはみんな一緒で、そこに対して言い訳するつもりはない。大岩さんが僕を選んでくれた。チームを勝たせる責任があると。それを全うできてよかった」 9月30日に行われたU―21日本代表のアジア大会準決勝・ウズベキスタン戦。延長戦を含む120分間でも決着はつかず、10番手だった小杉まで出番が回ってきたPKで勝ち上がりをつかんだ。小杉の活躍がなければ決してつかむことができなかった白星だった。 左サイドバックで先発し、1次リーグ第3戦のタイ戦以来となる出場。フランクフルトでは19日の試合にフル出場しており、その後タイ戦にフル出場、そしてこのウズベキスタン戦もフル出場。並外れたタフさでチームを支える。見せ場は0―1の後半43分。FW石橋の頭にピンポイントで合わせるクロスで同点弾をお膳立てした。 小杉の活躍で迎えた延長後半の終盤では、接触の末に一時立ち上がれなくなった。担架に乗ってピッチを後にしたが、そもそも日本が失点した場面でも足を痛めて戻れなかったように、何度となく厳しい接触を受けた末の担架だった。 「アフターでタックルを食らうことが多くて、衝突が激しい中で消耗していた。どのタイミングというのではなかった」 全身に疲労を感じながらもPKまで成功させたが、あくまで〝超辛口〟の自己評価を崩さない。ミドルシュートを決めたタイ戦の後も「個人のパフォーマンスとしてもっとできることはある」と控えめだったが、この日も「自分のプレーで味方を生かし切れず、味方に助けてもらった。もっともっと改善できる」と満足はしなかった。 アシストがついたクロスも「これだけ多く上げて、1本しかピンポイントで合わせられなかったのは1つの課題」と高い視座を崩さない。その目線はチーム全体のパフォーマンスにも向き、「根本的にイージーミスがあった。攻撃の厚み、守備のリスク管理、前線のプレスなど、全てにおいて相手に上回られるシーンが多かった」と語った。 ドイツのブンデスリーガで主力として戦う21歳。基準の高さを自らに課しつつ、それをチームの水準にも還元している様子が伝わる。苦しみながらも勝ち上がり、ついに残すは韓国との決勝戦のみ。金メダルに向けて「中2日でしっかりレストも挟んで、いい準備をして臨みたい」と意気込んだ。（邨田直人）,[],[]
ロッテのリリーフエースたちは胸突き八丁を乗り越えられるのか（サンケイスポーツ）,https://news.yahoo.co.jp/articles/0f7d800a2442ad8d921438ae566799f1d2dd7b3c,https://newsatcl-pctr.c.yimg.jp/t/amd-img/20261001-00000105-sanspo-000-1-view.jpg?exp=10800,2026-10-01T15:00:00+09:00,2026-10-01T15:00:00+09:00,サンケイスポーツ,sanspo,サンケイスポーツ,981,ロッテ・鈴木昭汰（株式会社 産経デジタル） 【球界ここだけの話】ロッテは9月30日の楽天戦（楽天モバイル）を終えて残り6試合。リーグ最多の試合数を残すが、すでにBクラスは確定。オリックスとの4位争いと同様、ロッテのリリーフエースたちのタイトル争いも佳境を迎えている。 セットアッパーの鈴木昭汰投手（28）は30日時点で38ホールドポイント（HP）。2位のソフトバンク・松本裕樹投手（30）は鈴木を2ポイント差の36HPで追走するが、残り4試合となっている。 タイトル争いの上で鈴木が優位に立つが、23日のオリックス戦で決勝弾を浴びて黒星が付き、25日の西武戦では1死一、二塁から火消しを託されたが、連打を浴びて一時逆転を許した。直後に味方が再逆転して本来なら勝ち星が付くところが、記録員の判断で勝利投手は八回を無失点に抑えた中森に記録された。翌26日の同カードでは4－1の八回に1失点。ホールドこそ付いたものの、この後の横山陸人投手（25）は3連打を浴びて負け投手となった。 横山は目下34セーブでオリックス・マチャドに1セーブ差。26日のセーブシチュエーションでの黒星はもったいなかった。 鈴木は54登板、横山も53登板とキャリア最多登板を記録。サブロー監督は「球速自体はさほど落ちているとは思わないが、疲れで微妙なフォームの乱れがあるのかもしれない。体の開きでボールの出どころが見やすくなっているのかも」と懸念する。 鈴木も横山も「大丈夫です！」と声をそろえるが、建山投手コーディネーターは「鈴木にしても、横山にしても、疲れているのはわれわれも認識しています」と率直に認める。ただ、その上でも終盤の勝負どころで投げさせたい狙いがあるという。 「来季以降、チームが勝ち進んでいくためには、彼らには疲れている中でも抑える投球を身につけてほしい。クライマックスシリーズを争い、10月半ばに戦うとなれば彼らは今季以上の60試合レベルの登板が必要になる。この時期の投球や体調管理への理解を深めてほしいんです。その意味でも今季、50試合以上の登板数を重ねてくれてタイトルを争うことができているのは彼らの今後のキャリアに対して非常にプラスになる」とプラスの効果を強調する。 幕張のリリーフエースたちは個人の勲章を勝ち取り、来季以降の成長もつかみ取ろうとしている。（片岡将）,[],[]
19歳のアマチュア・荒木七海、暫定首位でホールアウト　「自信になる」　姉はツアー通算1勝の優奈／国内女子ゴルフ（サンケイスポーツ）,https://news.yahoo.co.jp/articles/427cd7260c0921f91909f6cb445d739e921ce780,https://newsatcl-pctr.c.yimg.jp/t/amd-img/default.jpg?exp=10800,2026-10-01T14:59:35+09:00,2026-10-01T18:35:38+09:00,サンケイスポーツ,sanspo,サンケイスポーツ,611,日本女子オープン第1日（1日、兵庫・宝塚GC旧C＝6185ヤード、パー70）今季国内メジャー第3戦が開幕。午前組が競技を終了し、アマチュアの荒木七海（19）＝Sky＝が1イーグル、4バーディーの64で回り、阿部未悠（26）＝ミネベアミツミ＝と並んでホールアウト時点で暫定首位につけた。荒木は「6アンダーは自己ベスト。自信になりました」と満面の笑みを浮かべた。 実力者が揃う大舞台で会心のプレーを披露した。後半の5番（パー5）はグリーンエッジまで残り215ヤードの第2打を3番ウッドでピンそば4メートルにつけてイーグル。初日を72で終えたツアー通算1勝の姉・優奈（21）より好スコアで回り、「ほぼ負けっぱなしなので、たまにでも勝てたら『よっしゃ！』って思う」と笑顔で語った。 昨年の最終プロテストは、合格ラインに4打届かず予選落ち。一度は気持ちが切れて「遊びほうけていた 」時期もあったが、年末に実家に帰省した際に姉とラウンドしたことが転機となり、以降は再びゴルフと向き合ってきた。11月に最終プロテストが控えている。今大会で優勝となればプロ転向が可能となるが、「狙ってできるものではない。期待せずにプレーしたい」と、残り3日間を見据えた。 ■荒木 七海（あらき・ななみ） 2007（平成19）年5月5日生まれ、19歳。熊本県出身。ツアー通算1勝の姉・優奈と父の影響で6歳でゴルフを始める。宮崎・日章学園高卒。163センチ。,[],[]
国学院大が味の素と契約　前田康弘監督「一丸となって日本一へ」／陸上（サンケイスポーツ）,https://news.yahoo.co.jp/articles/10b147505c89755a4ddcf8781144ef61b1430d22,https://newsatcl-pctr.c.yimg.jp/t/amd-img/20261001-00000102-sanspo-000-1-view.jpg?exp=10800,2026-10-01T14:50:36+09:00,2026-10-01T14:50:36+09:00,サンケイスポーツ,sanspo,サンケイスポーツ,390,昨年、出雲駅伝を優勝した国学院大（株式会社 産経デジタル） 味の素株式会社は1日、国学院大陸上競技部と製品サプライ契約を締結したことを発表した。同社はこれまで栄養講習会や「アミノバイタル®」などの活用提案で同部の栄養やコンディショニングをサポートしていた。 国学院大は昨季、出雲駅伝で2連覇を飾り、今年1月の箱根駅伝でチーム自己最高の総合2位。悲願の初優勝を目指す前田康弘監督は「箱根駅伝総合優勝という目標を実現するためには、大会当日だけでなく、日々の練習やカラダづくり、回復の積み重ねが重要です。これまでの栄養講習会や選手へのサポートを通じて、『アミノバイタル®』は選手の状態や課題に向き合い、パフォーマンスを支えてくれる存在だと感じてきました。今後もチームの状況に合わせたサポートをいただきながら、選手、スタッフが一丸となって日本一への挑戦を続けてまいります」とコメントした。,[],[]
明治学院大が2XUとオフィシャルサプライヤー契約を締結締結　中村匠吾監督「選手たちの疲労軽減やパフォーマンス向上に大きな可能性を感じている」／陸上（サンケイスポーツ）,https://news.yahoo.co.jp/articles/4247d2e30fb57ed7d45d70e8ebb3feb850f334f2,https://newsatcl-pctr.c.yimg.jp/t/amd-img/default.jpg?exp=10800,2026-10-01T14:36:15+09:00,2026-10-01T14:36:15+09:00,サンケイスポーツ,sanspo,サンケイスポーツ,445,スポーツブランド「2XU Japan」は1日、明治学院大陸上競技部長距離ブロックとオフィシャルサプライヤー契約を締結と発表した。 同社はタイツなどのコンプレッションウェアが人気のブランド。来月17日の箱根駅伝予選会（東京・立川）は同社のウェアを着て臨む。 明治学院大は今年4月に駒大出身で2021年東京五輪男子マラソンに出場した中村匠吾氏が監督に就任。30年の予選会突破を目指す「Road to HAKONE 2030」を掲げている。中村監督は「ビジョンに共感いただき、箱根駅伝出場という目標に向かって、共に成長し、挑戦していきたいという想いが重なり、このたび契約を締結させていただくこととなりました。現役時代から私自身も興味を持っていた製品であり、現在は監督という立場から、選手たちの疲労軽減やパフォーマンス向上を支えるアイテムとして、大きな可能性を感じています。箱根駅伝出場に向けて、選手たちと一歩ずつ成長を重ねながら、共に挑戦していけることを大変嬉しく思っております」とコメントした。,[],[]
【アイルランドT　1週前追い切り】Vマイル3着クイーンズウォーク、連覇狙うラヴァンダはともに順調（サンケイスポーツ）,https://news.yahoo.co.jp/articles/0f7883203f1508065b54e5134b6ecd898ef81eae,https://newsatcl-pctr.c.yimg.jp/t/amd-img/20261001-00000099-sanspo-000-1-view.jpg?exp=10800,2026-10-01T14:29:24+09:00,2026-10-01T14:29:24+09:00,サンケイスポーツ,sanspo,サンケイスポーツ,337,クイーンズウォーク＝栗東トレーニングセンター（撮影・寺田康介）（株式会社 産経デジタル） 《栗東》ヴィクトリアマイル3着クイーンズウォーク（中内田、5）は、CWコースで単走。馬なりながら6ハロン82秒2─11秒2と軽快な走りが目を引いた。福永助手は「多少の休み明け感はみられるところも、今週と来週の調整で態勢は整ってくるとみています」と見通しを語る。 中京記念で重賞2勝目を挙げ、連覇を狙うラヴァンダ（中村、5）は、CWコースで6ハロン81秒8─11秒3の好タイムを馬なりでマーク。中村調教師は「変わりなく順調です。いつも通り動いてくれました。しっかり走れていたと思います。間はすごくあいているわけじゃないので問題ないでしょう。（舞台は）一番、いい感じはします」とうなずく。,[],[]
【3歳以上次走報】ダノンセンチュリーはキャピタルSに向かう（サンケイスポーツ）,https://news.yahoo.co.jp/articles/3bdbe79731b3902e30db24a39c0953eefb7aef78,https://newsatcl-pctr.c.yimg.jp/t/amd-img/20261001-00000098-sanspo-000-1-view.jpg?exp=10800,2026-10-01T14:27:17+09:00,2026-10-01T14:27:17+09:00,サンケイスポーツ,sanspo,サンケイスポーツ,120,ポートアイランドSを勝ったダノンセンチュリー ＝阪神競馬場（撮影・寺田康介）（株式会社 産経デジタル） ★ポートアイランドSを勝ったダノンセンチュリー（美・宮田、牡4）は、キャピタルS（11月28日、東京、L、芝1600メートル）に向かう。,[],[]
日本代表リーチ・マイケル、開幕までちょうど1年のW杯オーストラリア大会への思い語る「最後のジャージーに…」（サンケイスポーツ）,https://news.yahoo.co.jp/articles/9de92f91c9105baaa5304af9c33737952955b48a,https://newsatcl-pctr.c.yimg.jp/t/amd-img/20261001-00000097-sanspo-000-2-view.jpg?exp=10800,2026-10-01T14:26:00+09:00,2026-10-01T14:35:23+09:00,サンケイスポーツ,sanspo,サンケイスポーツ,856,ゴールドウインと「カンタベリーパートナーシップ契約」を結んだリーチ・マイケル（撮影・石井文敏）（株式会社 産経デジタル） ラグビー日本代表FLリーチ・マイケル（37）=B武蔵=が1日、ゴールドウインと「カンタベリーパートナーシップ契約」を結んだ。東京・港区にある同社で開かれた締結発表記者会見に出席し、「うれしい。すごく楽しみ」と笑顔を見せた。 各種ウエアの提供やプロモーション活動にとどまらず、リーチの競技活動を支援するとともに、ラグビーの魅力の発信や次世代育成、アジアでの普及を見据えて中長期的に連係するという。リーチは「小学校から中学、高校までの（ラグビーにおける）ギャップをどうやってつなげるか。今後（同社の）商品のフィードバック、イベントや合宿を開催したり、いろんな交流を一緒にやっていきたい」とイメージを語った。 また「日本代表の〝裏合宿〟を作りたい」との思いも。「長く日本代表として活動してきて、ちょっと外れるメンバーが60人ぐらいいる。（代表活動期間中は）そのほとんどの選手が（数カ月）オフ。リーグワン（に所属する）の選手、大学生の選手を呼んで、菅平で1週間、合宿ができたら。長いスパンで考えてやりたい」と説明した。 将来的な構想を明かしたリーチだが、今は現役ラグビー選手として第一線で活躍することが最優先。ファンや関係者らもその姿を応援している。 W杯4大会連続出場など日本代表97キャップを誇る。大野均が持つ歴代最多98キャップの更新、100キャップ達成も間近に迫る。「そこまで意識はしていない」とした上で、「達成できたときはうれしい思いになるのではないか。強い代表を作るのが一番先で、100は一つの通過点。100を超えるために頑張りたい」と誓った。 1日で2027年Ｗ杯オーストラリア大会開幕まで1年。「トップクラスの試合でずっとカンタベリーのジャージーを着ている。（来秋の）W杯に出られたとして、トップのトップで（着る）最後のジャージーになるかもしれないという思いでやると思う」と語った。,[],[]
広島が「ゾンビたばこ」騒動で疑惑の目を向けられた小園、矢野、前川、田村に対し戦力外通告　鈴木球団本部長「球団との信頼関係を築くことが難しいとの判断」（サンケイスポーツ）,https://news.yahoo.co.jp/articles/6d5b453fd8049b1fb6b2f2c1b6ad2b18f6b7dea7,https://newsatcl-pctr.c.yimg.jp/t/amd-img/20261001-00000096-sanspo-000-2-view.jpg?exp=10800,2026-10-01T14:18:48+09:00,2026-10-01T14:34:11+09:00,サンケイスポーツ,sanspo,サンケイスポーツ,865,広島・鈴木清明球団本部長（株式会社 産経デジタル） 広島は1日、小園海斗内野手（26）、矢野雅哉内野手（27）、前川誠太内野手（23）、田村俊介外野手（23）の4選手に対し、来季の契約を結ばない旨を通達したと発表した。同日、マツダスタジアムで鈴木清明球団本部長が報道陣の取材に応じ、判断の理由を説明した。 【写真】小園海斗と談笑する阪神・佐藤輝明と森下翔太 「羽月元選手の逮捕以来、内部調査をずっと続けてまいりましたけど、エトミデート、いわゆるゾンビたばこを使用したという事実は我々、確認できておりません。その上で今回、こういう形になるのは、来季に向けて新井監督のもとで一丸となって進むには、球団との信頼関係を築くことが難しいとの判断で今回、通知をいたしました。それぞれみんな力のある選手なので、よそでチャンスがあるなら、それは頑張ってほしいという形で送り出しました」 これまで球団独自の内部調査として所属選手へのヒアリングなどを続けてきたが、当該選手に関しては球団側の疑問に関する聞き取りの回答の中で、明確ではない回答もあったといい、「調査で矛盾があったりすることもあった。中身に関しては申し上げませんけど、この4名に関しては仕方がないなという形。総合的に判断した」という。疑惑の目を向けた状態では、来季チーム一丸となって戦えないという結論に至った。 また「我々が来季契約するというのは、（プロ野球協約に基づきNPBが定める）統一契約書もありますけど、スポーツマンシップとかフェアプレーとかだけでなくて、個人の活動においても日本国民の信頼を勝ち取る、模範たるべきという文言もある。行動もきちっとただしいていかないといけないということで判断になった」と説明した。 球団として「ファンの方とか関係者、他球団に対して大変ご迷惑、ご心配をおかけしたということにお詫び申し上げたい」と謝罪の言葉も口にし、球団の責任に関しては松田オーナー代行が「来季、一丸なって戦っていくことを目指すということでまずは責任を果たしていきたい」と力を込めた。,[],[]
広島が小園海斗、矢野雅哉、前川誠太、田村俊介に来季の選手契約を結ばない旨を通告　いずれも「ゾンビたばこ」問題で疑惑の目を向けられた選手（サンケイスポーツ）,https://news.yahoo.co.jp/articles/a303807b034ed7a2b82da162631f26640dce96b4,https://newsatcl-pctr.c.yimg.jp/t/amd-img/20261001-00000092-sanspo-000-4-view.jpg?exp=10800,2026-10-01T13:54:04+09:00,2026-10-01T14:29:19+09:00,サンケイスポーツ,sanspo,サンケイスポーツ,598,取材に応じる広島・小園海斗＝マツダスタジアム（撮影・渋井君夫）（株式会社 産経デジタル） 広島は1日、小園海斗内野手（26）、矢野雅哉内野手（27）、前川誠太内野手（23）、田村俊介外野手（23）の4選手に対し、来季の選手契約を結ばない旨を通告したと発表した。いずれも今季、チームを苦しめた「ゾンビたばこ」と呼ばれる指定薬物エトミデートを巡る問題で疑惑の目を向けられた選手。同日、各選手が広島市南区のマツダスタジアムを訪れ、関係者らに挨拶を行った。その後、各選手は報道陣の取材に応じ、いずれも球団側から信頼関係を築けないという旨を伝えられたと明かした。 【写真】小園海斗と談笑する阪神・佐藤輝明と森下翔太 小園は「（球団から）信頼できないと言われた。仕方ないかなと思います。（ファンに）申し訳ないなと思います」と謝罪し、矢野は「信頼関係ということを伝えられました。本当に、僕の軽率な行動でファンの方々だったり球団関係者の方々に多大なる心配とご迷惑をかけたことを本当に申し訳なく思います」と言葉を絞り出した。 小園、矢野、前川は現役続行を希望し、田村は現役続行を基本としつつ今後は未定とした。 今年7月に小園、矢野、田村が「ゾンビたばこ」の売人とされる人物との会食している様子の写真が週刊誌に報道された。7月30日には矢野と前川が広島県警による家宅捜査を受け、2人は9月25日に書類送検されていた。,[],[]
「プレーするチャンス与えてくれた」ジャッジ、同僚に感謝　肉離れでロースター外　シャンパンファイトで歓喜　地区Sで復帰期待（サンケイスポーツ）,https://news.yahoo.co.jp/articles/40cebcfade34a9157c96ba4691c18b0c124b8c63,https://newsatcl-pctr.c.yimg.jp/t/amd-img/20261001-00000091-sanspo-000-1-view.jpg?exp=10800,2026-10-01T13:48:42+09:00,2026-10-01T13:48:42+09:00,サンケイスポーツ,sanspo,サンケイスポーツ,720,シャンパンファイトで取材対応するヤンキース・ジャッジ（撮影・竹濱江利子）（株式会社 産経デジタル） ア・リーグ、ワイルドカードシリーズ第2戦（ヤンキース9－2レッドソックス、30日、ニューヨーク）米大リーグ、ヤンキースが本拠地でレッドソックスに勝利し、2連勝でシリーズを突破。10月3日（日本時間4日）開幕のア・リーグ地区シリーズ（5回戦制）では地区優勝した同地区ライバルのレイズと対戦する。 右ふくらはぎの肉離れでロースターを外れたジャッジはシャンパンファイトで取材対応。「みんなをすごく信頼していた。今回のシリーズに入る前から、もちろん自分も一緒にグラウンドに立ちたかったけど、このチームは本当に強くて相手にとって危険な存在だと思っていた。そして、このシリーズでそれを証明してくれた。みんながここまで勝ち進んでくれて、プレーを続けるチャンスを与えてくれたことを本当にうれしく思っている」と笑顔で心境を明かした。 ジャッジは今季助骨の骨折で6月から3カ月以上となる84試合を欠場。9月8日に復帰するも、16日の敵地ツインズ戦で右ふくらはぎを痛め再び負傷者リスト入りしていた。28日にはフィールドで打撃練習をするなど復帰に向け調整を進めており、3日から始まる地区シリーズでの復帰が期待されている。ジャッジは地区シリーズで対戦するレイズについて「相手は走者を進める方法を見つけて、小さなことを積み重ねて試合に勝とうとしてくるタフな相手だ」と警戒しつつも「今季ずっと対戦してきて何度も戦ってきた相手。今年は若い選手も多くて、ポストシーズンを戦うことにハングリーなチームだし僕たちには勝つ準備ができている」とすでに出場準備ができているようだった。,[],[]
阪神が「カスタマーハラスメントに対する基本方針」を発表（サンケイスポーツ）,https://news.yahoo.co.jp/articles/e68a0589d44deb5104c3a97fd7780f0f29016641,https://newsatcl-pctr.c.yimg.jp/t/amd-img/20261001-00000090-sanspo-000-1-view.jpg?exp=10800,2026-10-01T13:47:13+09:00,2026-10-01T13:47:13+09:00,サンケイスポーツ,sanspo,サンケイスポーツ,240,阪神球団旗（株式会社 産経デジタル） 阪神は1日、「カスタマーハラスメントに対する基本方針」を発表した。 球団で働く全ての職員が心身ともに健康で安心して働くことができる環境を整えることが目的。カスタマーハラスメントの定義を「職場において行われるお客様等の言動であって、職員が従事する業務の性質その他の事情に照らして社会通念上許容される範囲を超えたものにより就業環境が害されること」としている。 行為例として、身体的・精神的な攻撃、威圧的な言動、性的・差別的な言動などを挙げている。,[],[]
【マイルCS】海外からの予備登録馬を発表（サンケイスポーツ）,https://news.yahoo.co.jp/articles/29ffb9295f9cd5ca52d7ef986127ec8b97221704,https://newsatcl-pctr.c.yimg.jp/t/amd-img/default.jpg?exp=10800,2026-10-01T13:43:09+09:00,2026-10-01T19:40:28+09:00,サンケイスポーツ,sanspo,サンケイスポーツ,160,JRAは1日、マイルCS（11月22日、京都、GⅠ、芝1600メートル）に海外からエルデナリ（仏＝F・グラファール、騸3）、テンボブトニー（英＝E・ウォーカー、騸5）が予備登録したと発表した。エルデナリは5戦4勝で、今年の仏GⅠムーンランドロンシャン賞1着。テンボブトニーは21戦5勝で、今年の英GⅠクイーンアンS1着。,[],[]
吉田正尚、終戦　終盤負傷で無念の戦列外　来季契約最終年　クロシェ救援の奇策実らず　レッドソックス監督解任の激動シーズン（サンケイスポーツ）,https://news.yahoo.co.jp/articles/dc50b3699f02dc81b33a7aa0ce1c999f09f47e92,https://newsatcl-pctr.c.yimg.jp/t/amd-img/20261001-00000086-sanspo-000-1-view.jpg?exp=10800,2026-10-01T13:40:29+09:00,2026-10-01T13:40:29+09:00,サンケイスポーツ,sanspo,サンケイスポーツ,886,レッドソックス・吉田正尚外野手（株式会社 産経デジタル） ア・リーグ、ワイルドカードシリーズ第2戦（ヤンキース9－2レッドソックス、30日、ニューヨーク）米大リーグ、レッドソックスはライバル地のニューヨークで本領を発揮できず、連敗を喫しワイルドカードシリーズでの敗退が決まった。吉田正尚外野手（33）はシーズン終盤に左太もも裏の負傷でワイルドカードシリーズのメンバーから外れ、終戦を見守った。 「一言で言えば、みんなが失望している。それだけは間違いない。素晴らしい選手たちだし、このグループのことが大好き。ワールドシリーズを制することが目標だった。それが今夜、僕たちにとって終わってしまった、とても悔しい」 トレーシー監督は試合後肩を落として心境を語った。前日完封負けして後がないチームは36歳ベテラングレイが先発。三回までは無失点でリズムよく試合を運んだが、四回先頭のガルシアに内角低めのスイーパーを捉えられ右中間に先制ソロを献上。五回も先頭から安打を許し、2死一、三塁の場面で交代となった。2番手に上がったミラーも2番ベリンジャーに右前適時打を許すと、3番手には左肩を痛め今季ほぼ全休だった先発クロシェがマウンドへ。昨季18勝を挙げ流れを変えたい左腕だったが3者連続安打や味方の失策も重なり1死も奪えず4失点でノックアウト。4番手のウィットロックもベリンジャーに3ランを浴びるなど強豪打線を抑え切れなかった。さらに打線は前日の3安打完封負けに続きこの日もわずか4安打2得点と振わず。悔いが残る終戦となった。 チームは今年4月前任のコーラ氏がチーム低迷で解任され、3Aウースターを率いていたトレーシー監督が昇格。地区最下位だったチームを立て直し、2連続プレーオフ進出に導いていた。既に29年までの契約が決まっているトレーシー監督は指揮1年目を問われると「今この瞬間の正直な答えとしては、そんなことは考えていない。いろいろなことがあった1年だったのは確かだけど、今は何よりも、プレーオフのシリーズで負けたという事実しか考えられない」とまだ現実を受け入れられない様子だった。,[],[]
ヤンキース宿敵撃破　地区S進出、再び同地区対決　ジャッジ待望の戦列復帰なるか　ブーン監督、上機嫌「今日のような野球できれば」（サンケイスポーツ）,https://news.yahoo.co.jp/articles/ac1cd39507979aaabdc44505b5f475833f59fe3b,https://newsatcl-pctr.c.yimg.jp/t/amd-img/20261001-00000084-sanspo-000-1-view.jpg?exp=10800,2026-10-01T13:32:33+09:00,2026-10-01T13:32:33+09:00,サンケイスポーツ,sanspo,サンケイスポーツ,850,試合後に取材対応したヤンキース・ブーン監督（撮影・竹濱江利子）（株式会社 産経デジタル） ア・リーグ、ワイルドカードシリーズ第2戦（ヤンキース9－2レッドソックス、30日、ニューヨーク）米大リーグ、ヤンキースが本拠地でレッドソックスに勝利し、2連勝でシリーズ突破。103日（日本時間4日）開幕のア・リーグ地区シリーズ（5回戦制）で再び同地区のレイズと対戦する。 「この2試合でこれだけ打線が爆発して、終盤にも得点を重ねられた。選手たちを称えたい。ここ2試合、これだけいい野球ができたことには本当に満足している」 シャンパンを浴びて会見場に登場したブーン監督はご満悦そうにチームを称えた。前日2安打9得点を記録した打線はこの日序盤三回までは単打2本と沈黙気味だったが、四回にナショナルズから移籍したガルシアがレ軍先発グレイの内角低めのスイーパーを完璧に捉え右中間に先制ソロ弾。前日は自身ポストシーズン初出場で無安打に終わっていただけに、喜びを噛み締めるようにゆっくりとダイヤモンドを一周した。 2－1で迎えた六回は2死からベリンジャーが3ランを放つなどこの回一気に6点を追加。第1戦に続き14安打9得点と勢いに乗った。投げてはメジャー通算97勝のフリードが6回を投げ3安打1失点6三振と力投を披露した。 地区シリーズではレギュラーシーズンで地区優勝を争ったレイズと対戦。今季は直接対決でシーズン6勝7敗と負け越し、ヤンキースは4.5ゲーム差で地区2位だった。ポストシーズンでは2020年の地区シリーズ以来で、同年はレイズが3勝2敗でシリーズ勝利。同指揮官は「この先できれば長い1カ月になってほしい。次の相手はレイズで、非常に難しい相手だと分かっている。でも、今の選手たちがこうして野球をしている姿は本当に素晴らしいと思っているし今日のような野球ができれば、どんな相手にも勝つチャンスがある」と自信たっぷりだった。地区シリーズでは右ふくらはぎの肉離れでロースターを外れたジャッジが戦列に戻る可能性もある。,[],[]
JBC、亀田ジムの佐野遥渉、駿河男児ジムの大畑俊平ら6選手にプロボクサーライセンス停止処分　計量失格や計量の直前棄権乱発の異常事態（サンケイスポーツ）,https://news.yahoo.co.jp/articles/c4de770f8e3f7ff3ee8a323f82539571025ea536,https://newsatcl-pctr.c.yimg.jp/t/amd-img/20261001-00000083-sanspo-000-4-view.jpg?exp=10800,2026-10-01T13:27:44+09:00,2026-10-01T15:46:27+09:00,サンケイスポーツ,sanspo,サンケイスポーツ,1107,佐野遥渉（右）と所属ジムの亀田興毅会長（2026年9月4日撮影）（株式会社 産経デジタル） 日本ボクシングコミッション（JBC）は9月29日、IBF世界スーパーフライ級13位の佐野遥渉（あゆむ、23）＝亀田、WBOアジア・パシフィック・スーパーフェザー級前王者の大畑俊平（26）＝駿河男児＝ら6選手にそれぞれ6カ月間や1年間のプロボクサーライセンス停止処分を科すと発表した。すべて前日計量での計量失格や計量を直前で棄権したため。6選手が一気に処分されるのは極めて異例で、計量失格や計量の直前での棄権が乱発する異常事態となっている。 【写真】大畑俊平と所属ジムの前島正晃会長 佐野は所属ジムの元世界3階級制覇王者の亀田興毅会長（39）がプロモーターを務める興行「3150FIGHT11」（9月23日、大阪・住吉区民センター）でバンタム級（リミット53.5キロ）8回戦を闘ったが、前日計量で100グラム体重超過した。 当日計量（リミット57.8キロ）を57.3キロでパスして試合が成立。クリスチャン・レガネ（フィリピン）に4回KO勝ちして亀田ジム移籍後初戦を白星で飾ったが、勝利者インタビューの冒頭で「プロとして絶対にあってはいけないことを犯してしまい、本当に申し訳ございませんでした」と頭を下げた。同24日付で同22日から6カ月間のライセンス停止処分を受けた。 大畑はWBOアジア・パシフィック・スーパーフェザー級王座の初防衛戦（9月26日、ふじさんめっせ）の前日計量で300グラム体重超過し、王座を剝奪された。試合は挑戦者だった同級11位のペテ・アポリナル（フィリピン）が勝てば新王者となり、大畑が勝つか引き分ければ王座は空位のままという変則タイトルマッチとして開催され、アポリナルが9回TKO勝ち。新王者となった。大畑は自身のXで「本当に申し訳ございません」と謝罪した。同28日付で同25日から6カ月間のライセンス停止処分を受けた。 日本ユース・ミドル級王座決定戦8回戦（9月21日、東京たま未来メッセ）で、日本同級8位だった佐々木革（かく、八王子中屋）と対戦する予定だった日本同級7位だった盛合竜也（24）＝ワタナベ＝は体調不良で病院に搬送されて計量会場に来られずに棄権。試合が中止になった。同21日付で同20日から1年間のライセンス停止処分を受けた。 スーパーバンタム級8回戦（9月28日、東京・後楽園ホール）で、日本同級5位の山本愛翔（カシミ）と闘う予定だった日本バンタム級7位だった矢代博斗（29）＝一力＝は前日計量を棄権。試合が中止になった。同28日付で同27日から1年間のライセンス停止処分を受けた。,[],[]
MARCH対抗戦は11月22日開催／陸上（サンケイスポーツ）,https://news.yahoo.co.jp/articles/0e897a1a8ebe31a52528f7bee65daad4fe7645b1,https://newsatcl-pctr.c.yimg.jp/t/amd-img/20261001-00000082-sanspo-000-1-view.jpg?exp=10800,2026-10-01T13:19:13+09:00,2026-10-01T13:19:13+09:00,サンケイスポーツ,sanspo,サンケイスポーツ,228,今年1月の箱根駅伝で優勝した青学大（株式会社 産経デジタル） アスリートキャリアセンター事務局は1日、11月22日に東京・町田ギオンスタジアムでMARCH対抗戦を行うと発表した。 明大（M）、青学大（A）、立大（R）、中大（C）、法大（H）の5校が中心となった長距離競技会で、1万メートルの記録で5校が争う。箱根駅伝の選考レースの側面もあり、毎年有力選手が多数出場。昨年は青学大の選手が5人27分台を記録して優勝。今年1月の箱根で9度目の総合優勝に繫げた。,[],[]
大﨑洋氏「お子さんやお孫さんが感動して、僕ももらい泣きした」　元吉本興業会長が高齢者のゲーム大会で課題解決を目指すGeeSPORTS設立発表（サンケイスポーツ）,https://news.yahoo.co.jp/articles/2165d50f8b8fd3110ced31d1ce0636ecb9d84a15,https://newsatcl-pctr.c.yimg.jp/t/amd-img/20261001-00000081-sanspo-000-1-view.jpg?exp=10800,2026-10-01T13:13:20+09:00,2026-10-01T13:13:20+09:00,サンケイスポーツ,sanspo,サンケイスポーツ,978,高齢化社会の問題をゲームで解決する一般社団法人「GeeSPORTS」の設立会見に出席した前吉本興業会長で代表理事を務める大﨑洋氏（中央）。左は高橋潤理事、右は滋慶医療科学大学大学院の岡耕平教授（撮影・大澤謙一郎）（株式会社 産経デジタル） 元吉本興業会長の大﨑洋氏（73）が代表理事を務める「一般社団法人GeeSPORTS協会」の設立発表会見が1日、グランフロント大阪で開催された。高齢者が地域代表として世界を目指す新しいデジタルスポーツ「GeeSPORTS（ジースポーツ）」の運営放送や理念が発表された。 同協会は国連が定める10月1日の「国際高齢者の日」に合わせて設立を発表。大﨑氏は吉本興業在籍時から長く交流があったゲーム関連会社のトップから「最後の仕事を一緒にしたい」と相談を受け「AIの時代がますます進むと思うんですけど、人間として生き残る力をつける源になるのかな」と代表理事を引き受けた。 「Gee」には驚嘆（Gee！）や熱狂、シニアの第2の黄金期（Golden Age）、祖父母（Grandma／Grandpa）などの意味が込められている。ボタン2つとレバーというシンプルな操作性と戦略性を兼ね備えたゲームによるチーム対抗戦で、高齢者の孤立解消や健康促進を目指す。すでに昨年の大阪・関西万博で大会を実施済。万博の催事検討委員会共同座長として立ち会った大﨑氏は大会後「認知症が少し入ったおばあちゃんがまあ見事にごあいさつされていた。お子さんやお孫さんが感動して、僕ももらい泣きした。年寄りが活躍することが、これだけ世の中が明るくするんやということを再確認できた」と実感。日本は先進国の中でも高齢化が顕著とあり「うまくじいちゃん、ばあちゃんと若い人がコミュニケ―ションが取って、この多世代型コミュニケーション体験がいろんな町や村の維持装置になる。将来は京都の大きなお寺や広島の原爆ドームが見える会場で開催できたら」と力強く話した。 会見に同席した高橋潤理事からは自治体代表チームによる地域密着型モデルの展開や、2030年に「World Championship」を開催する世界展開構想が発表された。 お笑いの総合商社、吉本興業のトップとして長年エンタメ界をけん引してきた大﨑氏。今度はエンタメの知見をいかした日本発の新スポーツ文化創出に乗り出す。,[],[]
関颯人が引退「今後は社業に専念し会社に恩返し」　2017年出雲駅伝Vアンカー／陸上（サンケイスポーツ）,https://news.yahoo.co.jp/articles/607c7455b3bd4ff25ce120d2ead9b897037108ae,https://newsatcl-pctr.c.yimg.jp/t/amd-img/20261001-00000077-sanspo-000-1-view.jpg?exp=10800,2026-10-01T13:05:41+09:00,2026-10-01T13:05:41+09:00,サンケイスポーツ,sanspo,サンケイスポーツ,364,出雲駅伝で優勝した時の関颯人（株式会社 産経デジタル） SGホールディングス陸上競技部は1日までにインスタグラムを更新。9月30日をもって関颯人が退部し、社業に専念することを発表した。関は同部を通じ「怪我が多く、なかなかチームに貢献することができませんでしたが、その中でニューイヤー駅伝を2度走らせていただき、貴重な経験をさせていただきました。7年間、素晴らしい環境の中で、多くの方に支えていただきながら競技を続けられたことに感謝しています。今後は社業に専念し、これまで支えていただいた会社に恩返しができるよう頑張っていきたいと思います」とコメントした。 関は長野・佐久長聖高から東海大に進学し、出雲駅伝では1年時に3区。2年時には6区区間賞で優勝のゴールテープを切った。箱根駅伝は大学1年時に花の2区を走って区間13位だった。,[],[]
西武、シンクレアと奥村光一に戦力外通告（サンケイスポーツ）,https://news.yahoo.co.jp/articles/c82c2784af0564b4aaf7376d589415bc7bf5f1c8,https://newsatcl-pctr.c.yimg.jp/t/amd-img/20261001-00000076-sanspo-000-3-view.jpg?exp=10800,2026-10-01T12:57:36+09:00,2026-10-01T13:40:47+09:00,サンケイスポーツ,sanspo,サンケイスポーツ,601,西武のシンクレア・ジョセフ・孝ノ助（株式会社 産経デジタル） 西武は1日、育成のシンクレア投手（25）、奥村光一外野手（26）に来季の契約を結ばないことを通達した。 【写真】母の誕生日にプロ初打点をマークした奥村光一 シンクレアはカナダ出身の左腕で四国IL徳島を経て、2024年育成1位で入団。「今は悔しい気持ちが一番強いです。体もまだ元気ですし、まだプレーできると思っています。日本でプレーしていなかった僕をドラフトで指名していただき、3年間さまざまなチャンスをいただいたことに感謝しています。また、コーチやスタッフの皆さんにも、最初から最後までサポートしていただき、本当に感謝しています」。 奥村はBCリーク群馬から2024年育成ドラフト6位で入団。同年6月に支配下登録され45試合に出場し、打率.177。昨年は1軍出場がなく、今季は育成契約となっていた。「これまで僕を応援してくださったファンの皆さんに、申し訳ない気持ちでいっぱいです。今年はほとんどの時間を3軍で過ごし、この3年間で一番苦しい一年でした。体は元気なのに、なかなか二軍に上がれず、何とも言えない気持ちで過ごしていました。そうしたなかでも、一番印象に残っているのは、2軍の静岡遠征で打ったホームランです。ファンの皆さん、短い間でしたが応援していただき、本当にありがとうございました。この3年間は、僕にとって宝物です」とコメントした。,[],[]
桂文枝、落語家60周年で全国ツアーへ「集大成というより、これからを見て」（サンケイスポーツ）,https://news.yahoo.co.jp/articles/01f55439fa01bc9197a413c8d6ba5f471ed81416,https://newsatcl-pctr.c.yimg.jp/t/amd-img/20261001-00000075-sanspo-000-1-view.jpg?exp=10800,2026-10-01T12:55:28+09:00,2026-10-01T12:55:28+09:00,サンケイスポーツ,sanspo,サンケイスポーツ,809,落語家60周年記念ツアーをPRする桂文枝（右）と、会見で司会を務めた安部若菜（株式会社 産経デジタル） 落語家、桂文枝（83）が1日、大阪・吹田市の関大千里山キャンパスで、落語家60周年記念ツアー「桂文枝独演会～咲かせて三枝、実らせて文枝～」の開催発表会見に出席した。 母校の「關西大學學歌」に合わせてシンフォニーホールに登壇した文枝は「僕の落語の始まりはこの『特館』。今はシンフォニーホール。ものすごいたいそうな名前やな」と笑顔。「集大成というより、これからの桂文枝を見ていただきたい。全国を回っていきたい」と力を込めた。 関大出身の文枝は在学中に落語研究会「落語大学」を立ち上げ、1966年に桂小文枝（後の五代目桂文枝）に入門。節目のツアーは12月19日の兵庫・小野市うるおい交流館エクラを皮切りに、来年1月には東京、愛知、福岡、福井、滋賀などを巡る。追加公演も予定し、1年かけて全国を回る。 落語を始めるきっかけは、関大在学中に特館で聴いた人間国宝の三代目桂米朝さん（2015年死去、89歳）の落語。「米朝師匠の落語を見た時に、それまで聴いた落語じゃない。麦畑が会場に広がっているような、旅人が川を渡っているような」と当時の衝撃を振り返った。 古典落語の伝統を大事にしながら、長年にわたって創作落語を手掛けている。近年はGoogleの生成AI「Gemini」を活用した「桂文Gemi（かつらぶんじぇみ）」とのプロジェクトにも取り組んでおり、「難しいですけど、これからもAIに教えてもらいながらやりたい」と意欲を示した。 会見では、司会を務めた関大出身の元NMB48、安部若菜（25）と息の合ったやり取りも披露。質疑応答の前に「いすない？」と求めて用意された丸いすに座ったが、しばらくすると「もうちょっとええいすない？ 60年頑張ってこれ？」とジョーク。背もたれ付きのいすに交換してもらい、会場から笑いが起こった。,[],[]
佐藤悠基「実業団選手として一区切りをつける」　東海大で活躍、2012年ロンドン五輪代表／陸上（サンケイスポーツ）,https://news.yahoo.co.jp/articles/07b54e3e5a56ee9e04e33d9518642c520b66271d,https://newsatcl-pctr.c.yimg.jp/t/amd-img/20261001-00000073-sanspo-000-1-view.jpg?exp=10800,2026-10-01T12:35:55+09:00,2026-10-01T12:35:55+09:00,サンケイスポーツ,sanspo,サンケイスポーツ,420,佐藤悠基（株式会社 産経デジタル） 陸上男子長距離の佐藤悠基（SGH）が1日、インスタグラムを更新。「今年度いっぱいをもって、実業団選手として“一区切り”をつけることにしました」と報告した。今後については「まだ未定」だという。 佐藤は長野・佐久長聖高から東海大に進み、大学駅伝でも活躍。世界選手権には2度出場し、2012年ロンドン五輪は5000メートルと1万メートルの2種目に出場した。 「これまで、走ることに集中し、結果を残すことに全てを捧げてきました。ここまでの長い期間で得たものを最大限に活かして、自分のやりたいことは何かを整理し、次のチャレンジに向けて準備していきます。走れるうちは自分なりの挑戦も続け、新たな自分の“走る”をつくっていけたらと思っています。まだ整理の途中で多くは語れませんが、今後少しずつ発信していく予定です」と佐藤。「あと半年、実業団選手として、これまで通りやるべきことをしっかりやり切ります」と思いをつづった。,[],[]
最速158キロの亜大・川尻啓人、七回途中1失点で5連勝に導く　今秋のドラフト上位候補　NPBスカウト「スピードも上がっている」／東都（サンケイスポーツ）,https://news.yahoo.co.jp/articles/1e866da96557b9164960e303070049e897c12176,https://newsatcl-pctr.c.yimg.jp/t/amd-img/20261001-00000072-sanspo-000-2-view.jpg?exp=10800,2026-10-01T12:33:54+09:00,2026-10-01T13:28:37+09:00,サンケイスポーツ,sanspo,サンケイスポーツ,607,青学大戦に先発した亜大・川尻啓人＝神宮球場（撮影・織原祥平）（株式会社 産経デジタル） 東都大学野球春季リーグ第3週第1日（1日、青学大1－6亜大、神宮）亜大は投打がかみ合い、開幕から5連勝を飾った。今秋のドラフト上位候補に挙がる最速158キロ右腕の川尻啓人投手（4年、高岡商）が先発し、6回1/3を投げ、3安打1失点7奪三振と好投した。 【写真】兄はオリックス・吉田輝星…7回にマウンドに上がった亜大・吉田大輝 「自分の持ち味の真っすぐでどんどん押していこうという意識だった」 一回に先頭打者を152キロで空振り三振に斬ると、続く打者も153キロで2者連続で空振り三振。七回に1死二塁で4番の渡部に中前適時打を許して降板となったが、先発としての実力を証明した。 正村監督は右腕の投球に「あそこで1点を取られちゃうんだから、まだエースとは言えない」とあえて厳しい言葉でハッパをかけた。 バックネット裏には阪神、日本ハム、中日などNBP複数球団が視察。ロッテ・榎アマスカウトディレクターは「春先よりもスピードが上がっているし、スライダーと縦に落ちる変化球も良い。四球も少ないし、先発で長いイニングを投げる方が合っているのかな」と評価した。 今月22日に行われるプロ野球ドラフト会議が近づくなか、川尻は「リーグ戦の結果がそのままドラフト（の評価）につながると思う。一戦一戦、自分のピッチングができたら」と冷静に話した。,[],[]
遠藤日向と西川雄一朗が住友電工からSGHに移籍／陸上（サンケイスポーツ）,https://news.yahoo.co.jp/articles/3a18a65d26602671bd1bf3ceaa33095880a2491c,https://newsatcl-pctr.c.yimg.jp/t/amd-img/20261001-00000070-sanspo-000-1-view.jpg?exp=10800,2026-10-01T12:12:25+09:00,2026-10-01T12:12:25+09:00,サンケイスポーツ,sanspo,サンケイスポーツ,275,遠藤日向（株式会社 産経デジタル） SGホールディングス陸上競技部は1日、公式サイトを更新。男子長距離の遠藤日向と西川雄一朗が住友電工から移籍したと発表した。 遠藤は福島・学法石川高から住友電工に進み、2022、23年の世界選手権に出場。同部を通じ「個人では世界を目指し、チームではニューイヤー駅伝優勝を達成できるよう両立を目指します」と意気込んだ。 西川は東海大出身で、昨年の日本選手権男子5000メートルでは5位入賞。「個人種目では5000メートルで日本のトップで勝負することです。駅伝ではチーム目標に貢献できるように頑張ります」と抱負を述べた。,[],[]
駒大前主将、山川拓馬がトヨタ自動車入社　大学1年時に大学三大駅伝で3冠／陸上（サンケイスポーツ）,https://news.yahoo.co.jp/articles/40cfa5c51910c316d380bb91f5967201e21edc40,https://newsatcl-pctr.c.yimg.jp/t/amd-img/20261001-00000069-sanspo-000-2-view.jpg?exp=10800,2026-10-01T12:01:48+09:00,2026-10-01T12:58:28+09:00,サンケイスポーツ,sanspo,サンケイスポーツ,497,【第102回箱根駅伝】＜復路＞8区、富士山を背に力走する駒沢大・山川拓馬＝3日午前、神奈川県茅ケ崎市（相川直輝撮影）（株式会社 産経デジタル） トヨタ自動車陸上長距離部は1日、公式サイトを更新。同日付で駒大出身の山川拓馬が入社したことを正式発表した。同社を通じ「まだまだ力不足ではありますが、これからチームや応援してくださる方々に多く貢献できるよう精進してまいりますので、応援のほどよろしくお願いいたします」とコメントした。 山川は藤色の常勝軍団で1年時から活躍。大学1年時の全日本大学駅伝4区区間賞でデビューを果たすと、箱根駅伝では5区区間4位で史上5校目の大学三大駅伝3冠に貢献した。2年時は出雲駅伝3区区間2位、全日本8区区間賞で連覇に導き、箱根は4区区間6位。3年時は出雲3区区間2位、全日本8区区間賞、箱根5区区間4位。4年時は出雲6区区間2位。全日本は8区区間3位で優勝のゴールテープを切り、箱根は8区区間4位だった。 トヨタ自動車には駒大OBの西山雄介や、ともに三冠を果たした田沢廉と鈴木芽吹も在籍し、いずれも世界大会日本代表経験者だ。4月1日付では中大の吉居駿恭が入部していた。,[],[]
金属バット小林圭輔「カンテレにダマされた！」1日深夜「絶望できない男」で親友大東駿介とドラマ初共演（サンケイスポーツ）,https://news.yahoo.co.jp/articles/949a416cf18b57b211d4b17dbd56ab21c653bc94,https://newsatcl-pctr.c.yimg.jp/t/amd-img/20261001-00000066-sanspo-000-1-view.jpg?exp=10800,2026-10-01T12:00:00+09:00,2026-10-01T12:00:00+09:00,サンケイスポーツ,sanspo,サンケイスポーツ,829,1日深夜放送のカンテレドラマ「絶望できない男」で大東駿介（中央）と共演する金属バットの小林圭輔（左）と友保隼平（右）。大東と小林は小3からの親友だ（株式会社 産経デジタル） 俳優、大東駿介（40）が主演を務めるカンテレのドラマ「絶望できない男」（木曜深夜1.25、全4話、関西ローカル）の第3話が1日深夜に放送される。お笑いコンビ、金属バット（小林圭輔・友保隼平）がドラマ初演技を披露する。 1億円超の借金を抱えた主人公・奥本（大東）がどん底からは上がるド根性コメディー。金属バットの2人は、多額の借金を背負った奥本をラブホテルに監禁し、徹底的に追い詰めるヤクザの辛島・甘木役で登場する。 主演の大東と小林は小学3年生からの大親友。中学生時代、両親がいなくなり極貧生活を送っていた大東を支えたのが小林だった。当時から俳優と芸人を夢見ていた2人が、四半世紀の時を経てドラマで共演を果たす胸アツな展開。相方の友保も「ハゲの連れが呼んでるっていうから来たわ」と快諾して実現した。 初解禁された新コメントで小林は「本番のカメラ回して監督がカット！って言うあいだ以外はずっとお互い笑ってたんで、（ヤクザ役として）追い込む、いたぶるって感覚は全くなかった」とあっけらかんと振り返り「素人演技をとくとご覧あれ！」と自信のコメント。 またTVer限定配信のSPインタビューでは、出演経緯について小林が「カンテレにダマされた！」とボヤく一幕も。プロデューサーから「大東が泣いて『出てくれな動かん』とジタバタしている」と聞かされていたそうで、それを聞いた友保が「せやから、これは行かやんと」と漢気を出して引き受けた。カンテレの術中にハマった？ 2人に対して大東は「そんなキャスティング方法あんの？」とツッコミ。同級生ならではの息の合った掛け合いを見せている。 劇中では冷酷なヤクザとして怪演を見せる金属バット。大東との深い絆が生んだ異色の共演と、ストーリー展開から目が離せない。,[],[]
フジ、猪俣周杜の事務所契約解除後も…timeleszの冠番組「タイムレスマン」放送継続（サンケイスポーツ）,https://news.yahoo.co.jp/articles/b5f6cb74e4e5fc3c3b67c7b3ed2a1d8ea39f5834,https://newsatcl-pctr.c.yimg.jp/t/amd-img/20261001-00000064-sanspo-000-2-view.jpg?exp=10800,2026-10-01T11:50:09+09:00,2026-10-01T12:07:32+09:00,サンケイスポーツ,sanspo,サンケイスポーツ,371,フジテレビ（株式会社 産経デジタル） フジテレビは1日、STARTO ENTERTAINMENTとの契約が解除となった猪俣周杜（25）が所属していたtimeleszの冠番組「タイムレスマン」（金曜後9・58）の放送を今後も継続していくことを発表した。 猪俣は9月18日午後10時半頃、東京・江東区のコンビニエンスストア駐車場の車内で、知人女性の顔を手で複数回殴るなどした疑いが持たれている。同19日に逮捕され、同25日に釈放された。 STARTOは1日、9月30日をもって猪俣との専属契約を解除したことを発表。グループは今後、7人での活動を継続していくと報告していた。 フジはサンケイスポーツの取材にtimeleszの冠番組について「引き続き放送を継続していきます」とコメント。9月25日の放送回は、猪俣の出演部分を一部変更して放送していた。,[],[]
絵本「ぶたすけのラッパ」で園児100人が車に閉じ込められた際の「クラクションでSOS」を学ぶ（サンケイスポーツ）,https://news.yahoo.co.jp/articles/7784cbceb7885d4e238bbf1b852c0fbce4acb028,https://newsatcl-pctr.c.yimg.jp/t/amd-img/20261001-00000063-sanspo-000-1-view.jpg?exp=10800,2026-10-01T11:43:35+09:00,2026-10-01T11:43:35+09:00,サンケイスポーツ,sanspo,サンケイスポーツ,941,読み聞かせアーティスト「ばんぱくとあんな」が音楽を交えた「絵本歌ショー」を開催（株式会社 産経デジタル） 絵本「ぶたすけのラッパ」を通して、車内に閉じ込められた際にクラクションで助けを求める方法を学ぶ安全教室が9月29日、静岡市駿河区の静岡学園幼稚園で開かれ、約100人の園児が参加した。 教室では読み聞かせアーティスト「ばんぱくとあんな」の2人が音楽を交えた「絵本歌ショー」として「ぶたすけのラッパ」を読み聞かせた。 同作は森のほいくえんに通うブタの男の子・ぶたすけが主人公。かくれんぼの最中に保育園バスへ入り、ドアを閉められて出られなくなってしまう物語で、クラクションを鳴らして助けを求める方法を子供たちに伝えるために制作された。 読み聞かせを終えた後「ぶたすけは車の中に閉じ込められたとき、どうしていましたか？」と園児たちに問いかけると、「ブーブー鳴らしていた！」との声が上がった。 さらに「クラクションを押そうとしても力が足りず、鳴らなかったときはどうしたらいい？」との問いには「水筒！」「ペットボトル！」「カバン！」「靴！」と次々に答えが返り、クラクションの位置についても「ハンドルの真ん中！」といった声が園児から飛び交った。最後はクラクションをイメージした「ブー！」の掛け声を全員で声に出した。 その後、保育園バスや乗用車を使ったクラクション体験も実施。園児たちは実際に手でクラクションを押し、位置や鳴らすために必要な力を確かめた。 「ぶたすけのラッパ」の作者、やまざきひろし氏は「夏になると子供が車内に取り残される事故のニュースを目にすることがあり、事故をなくしたいという思いからプロジェクトを始めました」と説明。 「絵本を通じて『車に閉じ込められたときには、クラクションを鳴らして助けを求める方法がある』ことを知ってもらい、それをきっかけに親子で話をしてもらいたいと思っています」と力を込め、「知識として覚えるだけではなく、実際にやってみることがとても大切」と訴えた。 読み聞かせを担当した「ばんぱくとあんな」は「『ブーブーブー』と子供たちも一緒に声を出してくれて、万が一のことがあったときにも、この体験を思い出してもらえるのではないかと思います」と意義を強調した。,[],[]
村上宗隆、今季2度目のシャンパンファイト　「顔面が痛いです」　4日からリーグ地区Sでガーディアンズと対戦（サンケイスポーツ）,https://news.yahoo.co.jp/articles/6df6f8a89d8f5e3697b9cf3717d77e2d178b1e51,https://newsatcl-pctr.c.yimg.jp/t/amd-img/20261001-00000062-sanspo-000-2-view.jpg?exp=10800,2026-10-01T11:38:59+09:00,2026-10-01T11:48:20+09:00,サンケイスポーツ,sanspo,サンケイスポーツ,854,仲のいいバルガス（右）と記念撮影する村上宗隆（株式会社 産経デジタル） ア・リーグ、ワイルドカードシリーズ第2戦（アストロズ3－7ホワイトソックス、ホワイトソックス2勝、30日、ヒューストン）米大リーグ、ホワイトソックスが敵地でアストロズに2連勝し、シリーズを突破した。2005年ワールドシリーズでアストロズに4連勝して以来、21年ぶりとなるポストシーズンのシリーズ勝利。3日（日本時間4日）開幕のア・リーグ地区シリーズ（5回戦制）では、中地区王者ガーディアンズと対戦する。 【写真】村上宗隆、今季2度目のシャンパンファイト「今日は何もしていません！！」 試合は一回、ホワイトソックスが5安打を集めて4点を先制。アストロズに3本のソロ本塁打で1点差まで迫られたが、六回にマイドロスが左中間へ3ランを放って突き放した。 村上宗隆内野手（26）は「4番・一塁」で出場し、5打数無安打、3三振。第1戦では先制犠飛を含む1安打1打点だったが、この日は快音がなかった。 それでも、試合後のクラブハウスでは今季2度目のシャンパンファイトを味わった。 「（シャンパンで）顔面が痛いです」 この日の自身についても「今日は僕は何もしていません。ファーストで球を捕っただけです」と苦笑した。クラブハウスで行われたシャンパンファイトでは「アイム、ジャパニーーズ！」とポストシーズン進出を決めた際の〝持ちネタ〟を再び披露。チームメートに「ユー、アー、アメエリカーン！」などと叫びながら、シャンパンとビールを浴びせた。 若手主体のチームは、今季のアストロズ戦で2勝5敗と負け越していたが、敵地で2連勝。村上は仲間について「みんな本当に頼もしい。それに僕もついていけるように頑張りたい」と話した。 次は、レギュラーシーズンで最後まで地区優勝を争い、1勝差で届かなかったガーディアンズとの再戦だ。 「地区優勝を逃がした悔しさがあるし、僕たちは強いなという戦いができればと思います。もちろん勝ちにいきたいし、勝つためにやってるんで勝ちたい」,[],[]
ママコチャが競走馬登録を抹消　23年スプリンターズSを優勝（サンケイスポーツ）,https://news.yahoo.co.jp/articles/05de7e471cab7fe0845a7c50ddc93e2ec9c3a2b9,https://newsatcl-pctr.c.yimg.jp/t/amd-img/20261001-00000060-sanspo-000-2-view.jpg?exp=10800,2026-10-01T11:32:02+09:00,2026-10-01T12:12:29+09:00,サンケイスポーツ,sanspo,サンケイスポーツ,221,2023年のGⅠスプリンターズSを勝ったママコチャ（撮影・奈良武）（株式会社 産経デジタル） 2023年のGⅠスプリンターズSを勝ったママコチャ（栗・池江、牝7）が1日付で競走馬登録を抹消。今後は北海道・安平町のノーザンファームで繁殖馬となる予定。通算30戦7勝（うち地方3戦0勝）で、重賞勝ちは他に2025年GⅢオーシャンS。獲得賞金5億3902万3000円（うち地方3350万円）。9月27日のスプリンターズS10着がラストランとなった。,[],[]
【毎日王冠　木曜追い切り】ライヒスアドラーは佐々木騎手を背に活気ある走り　「左回りの方が動きがいいですね」（サンケイスポーツ）,https://news.yahoo.co.jp/articles/ebdc35dfa7e3977cf8264050fb8e474d00d0cb1e,https://newsatcl-pctr.c.yimg.jp/t/amd-img/20261001-00000059-sanspo-000-1-view.jpg?exp=10800,2026-10-01T11:22:57+09:00,2026-10-01T11:22:57+09:00,サンケイスポーツ,sanspo,サンケイスポーツ,489,ライヒスアドラー（右）＝美浦トレセン（撮影・塩浦孝明）（株式会社 産経デジタル） 前走・佐渡S勝ちのライヒスアドラーは、美浦Wコースで佐々木騎手を背に3頭併せの最後方。序盤は多少行きたがる面を見せたが、何とか我慢させて直線に向いた。馬場の6分どころを通ると、余裕の手応えで楽に並びかけて6ハロン85秒3－69秒2－54秒0－38秒5－11秒6をマーク。馬なりで中サントシャペル（新馬）、外ルージュリリック（1勝）に併入した。1週前は右回りの追い切りでルージュリリックに手応えで見劣ったが、左回りの1日は本来の活気ある走りが戻っていた。 鞍上は「1週前にやってしっかり仕上がりました。左回りの方が動きがいいですね。手前もこちらのサポートがいらない状態で替えられていますし、だいぶ大人になってきたと思います。春と比べてフラットワークのときの硬さが取れてきましたし、少し落ち着きも出てきました。子供っぽさが抜けた感じですね。折り合いは追い切りに関しては難しくて、はみ出そうな感じはありますけど、それはいつものことですからね。舞台はいいと思いますし、リズム良く運べれば」と期待を込めた。,[],[]
【毎日王冠　木曜追い切り】セイウンハーデスは栗東坂路で4ハロン53秒1　橋口師「良かったと思います。舞台はベスト」（サンケイスポーツ）,https://news.yahoo.co.jp/articles/4b02ab04c2108936ec3c4fff2fc556caed4154de,https://newsatcl-pctr.c.yimg.jp/t/amd-img/20261001-00000058-sanspo-000-1-view.jpg?exp=10800,2026-10-01T11:19:33+09:00,2026-10-01T11:19:33+09:00,サンケイスポーツ,sanspo,サンケイスポーツ,300,セイウンハーデス＝栗東トレーニングセンター（撮影・安部光翁）（株式会社 産経デジタル） 安田記念4着から4カ月ぶりとなるセイウンハーデスは、栗東坂路で単走追い。余力十分に4ハロン53秒1－38秒4－24秒9－12秒4で駆け上がった。「全体が53秒くらいでしまい少し強めにという指示で、その通りの時計でした。先週までは動きに重たさがありましたが、先週ジョッキー（幸騎手）が乗ってやったことで上がってきました。きょうは良かったと思います」と橋口調教師。東京芝1800メートルは、昨年のエプソムCでコースレコードで勝利を飾っている。「舞台はベストだと思います。時計の裏付けもありますからね」と期待を寄せる。,[],[]
【京都大賞典　木曜追い切り】サヴォーナは栗東坂路で単走追い　中竹師「馬を見る限り、いい感じ」（サンケイスポーツ）,https://news.yahoo.co.jp/articles/0c8cfc7100734839242371639107ee0871057631,https://newsatcl-pctr.c.yimg.jp/t/amd-img/20261001-00000055-sanspo-000-1-view.jpg?exp=10800,2026-10-01T11:15:09+09:00,2026-10-01T11:15:09+09:00,サンケイスポーツ,sanspo,サンケイスポーツ,256,サヴォーナ＝栗東トレーニングセンター（撮影・安部光翁）（株式会社 産経デジタル） 新潟記念でGⅠ馬を相手に0秒2差4着と健闘したサヴォーナは、栗東坂路で単走追い。4ハロン53秒6─39秒4─25秒3─12秒5で軽快に駆けあがった。 中竹調教師は「一杯にやろうかとも思っていましたが、もう体もできているし、反応も良かったので流す程度になりました。馬を見る限りいい感じです。ジョッキー（斎藤騎手）にも先週に乗ってもらって、『乗りやすいです』と言ってもらえた。この距離（2400メートル）もベストです」と期待を寄せる。,[],[]
中村勘九郎「晴れましたね」　4年ぶり浅草で平成中村座開幕（サンケイスポーツ）,https://news.yahoo.co.jp/articles/5fd89327c17099bae6a3abcd9b25830c08e5246a,https://newsatcl-pctr.c.yimg.jp/t/amd-img/20261001-00000052-sanspo-000-1-view.jpg?exp=10800,2026-10-01T10:42:00+09:00,2026-10-01T10:42:00+09:00,サンケイスポーツ,sanspo,サンケイスポーツ,537,平成中村座「十月大歌舞伎」の一番太鼓の儀を行う中村勘九郎＝東京・浅草寺境内（株式会社 産経デジタル） 歌舞伎俳優、中村勘九郎（44）が1日、東京・浅草寺境内で平成中村座「十月大歌舞伎」（25日まで）の一番太鼓の儀を行った。 開演1時間前、晴れ渡った秋の空に響いた一番太鼓の音に「（天を指さし）晴れましたね。4年ぶりにこの地に帰ってきました！ とてもうれしく思います」と晴れやかな表情で4年ぶりにゆかりの地、浅草の上演を喜んだ。 舞台では昼の部「連獅子」で長男、中村勘太郎（15）と次男、中村長三郎（13）と初めて親子3人で大曲を競演。「中村座で『連獅子』がかかるのも初めて。稽古をいたしまして、この空間、父が言っていました『なんでも合うね』の通り『連獅子』もピッタリあいます。勇壮に舞いますのでぜひ、楽しんで」と呼び掛けた。 また、1月に酒に酔い飲食店のドアを蹴り、壊したとして警視庁に建造物破損容疑で現行犯逮捕（のちに不起訴）され謹慎していた中村鶴松（31）が昼の部「仮名手本忠臣蔵 九段目山科閑居」の小浪役などで復帰。勘九郎は「1月に本当に関係者の皆さま、お客さま、ファンの皆さまにご迷惑とご心配をおかけしてしまった鶴松が復帰をいたしまして小浪を務めています」とわびた。,[],[]
村上宗隆、今季2度目のシャンパンファイト　一問一答　　「今日は何もしていません！！　球を捕っただけです」（サンケイスポーツ）,https://news.yahoo.co.jp/articles/60b8ae0ba07aa1a261df3df1b195348328535108,https://newsatcl-pctr.c.yimg.jp/t/amd-img/20261001-00000051-sanspo-000-3-view.jpg?exp=10800,2026-10-01T10:23:48+09:00,2026-10-01T11:56:07+09:00,サンケイスポーツ,sanspo,サンケイスポーツ,697,ホワイトソックス・村上宗隆（株式会社 産経デジタル） ア・リーグ、ワイルドカードシリーズ第2戦（アストロズ3－7ホワイトソックス、ホワイトソックス2勝、30日、ヒューストン）米大リーグ、ホワイトソックスがアストロズに7―3で勝ち、2連勝で突破を決めた。3日（日本時間4日）からの地区シリーズでガーディアンズと戦う。試合後、クラブハウスでシリーズ突破を祝うシャンパンファイトが行われ、村上宗隆内野手（26）も美酒を味わった。村上はこの日、「4番・一塁」で出場し5打数無安打だった。以下に一問一答。 【写真】仲のいいバルガスと記念撮影する村上宗隆 －－今の気持ち 「（シャンパンで）顔面が痛いです」 －－シャンパンファイトは2度目になる 「まだ2勝しただけなんで」 －－今日の試合は 「今日は僕は何もしていません！！ ファーストで球を捕っただけです」 －－どんなチーム 「みんな素敵なチームメートです」 －－次のシリーズに向けて 「地区優勝を逃がした悔しさがあるし、僕たちは強いなという戦いができればと思います」 －－シャンパンは今回の方がうれしいか 「どっちもうれしいです。前回も今回もうれしいです」 －－チームをどう見てる 「いやー、みんな本当に頼もしいんで。それに僕もついていけるようにがんばりたい」 －－セレブレーションに慣れたか 「慣れてないです。2回目なんで。うれしいです」 －－あと3回できる 「もちろん勝ちにいきたいし、勝つためにやってるんで勝ちたい」 －－2戦で決めたのは乗れる 「今日僕何もしてないんで。チームのみんなの足を引っ張らないで、明後日からまたがんばりたいと思います」,[],[]
藤あや子、9月30日をもって37年間所属したバーニングプロダクション退所「第二章をスタート致します」（サンケイスポーツ）,https://news.yahoo.co.jp/articles/00472dca47abf1f087889edd12ba05c1bee3a80b,https://newsatcl-pctr.c.yimg.jp/t/amd-img/20261001-00000048-sanspo-000-2-view.jpg?exp=10800,2026-10-01T10:05:28+09:00,2026-10-01T10:43:48+09:00,サンケイスポーツ,sanspo,サンケイスポーツ,508,藤あや子（株式会社 産経デジタル） 演歌歌手、藤あや子（65）が9月30日をもって所属事務所のバーニングプロダクションを退所したことが1日、公式サイトで発表された。 事務所は「この度、弊社所属の藤あや子は、令和8年9月30日をもちまして専属マネジメント契約を終了し、弊社を退所することとなりました」と報告。 「これまで温かいご支援を賜りましたファンの皆様、ならびに関係者の皆様には、長年にわたるご厚情に心より感謝申し上げます」と続け、「今後とも藤あや子へ変わらぬご声援を賜りますよう、お願い申し上げます」と呼びかけた。 藤も公式SNSを更新し、「故郷秋田から上京して以来 演歌歌手藤あや子を長きにわたり支えてくださった社長はじめスタッフの皆様には心より感謝申し上げます」と記し、「来年は歌手デビュー40周年という大きな節目を迎えるにあたり新たな決意と共に第二章をスタート致します」と報告した。 藤は、1987年6月に村勢真奈美として「ふたり川」でデビュー。その後、89年9月に現在の芸名に改名し、「おんな」で再デビュー。92年9月に発売した「こころ酒」が大ヒットし、同年の第43回NHK紅白歌合戦に初出場を果たした。,[],[]
STARTO、9月30日付でtimelesz猪俣周杜との専属契約解除　今後は7人で活動継続（サンケイスポーツ）,https://news.yahoo.co.jp/articles/eaed9da3f61a795a0d0676c832112abc45880102,https://newsatcl-pctr.c.yimg.jp/t/amd-img/20261001-00000045-sanspo-000-7-view.jpg?exp=10800,2026-10-01T09:25:45+09:00,2026-10-01T11:57:13+09:00,サンケイスポーツ,sanspo,サンケイスポーツ,668,釈放され湾岸署を出るtimeleszの猪俣周杜（株式会社 産経デジタル） STARTO ENTERTAINMENTは1日、知人女性への傷害容疑で逮捕、釈放されたtimeleszの猪俣周杜（25）との専属契約を9月30日付で解除したことを公式サイトで発表した。 【写真】釈放され頭を下げるtimeleszの猪俣周杜 今回の逮捕を受け、公式サイトでは各所への謝罪とともに「猪俣本人への聞き取りや事実関係の確認を実施するとともに、今後の対応について慎重に協議・検討を重ねてまいりましたが、猪俣に弊社との専属契約上の重大な違反が認められ、契約に定める解除事由に該当すると判断し、9月29日の取締役会において契約解除を決定いたしました」と説明。 猪俣は現在、捜査段階。今回の契約解除は「刑事処分とは別に弊社の専属契約に基づき判断したものです」とし、「会社としての経営判断となり、その最終判断は他のメンバー7名に委ねたものではなく、かつメンバーに処分の責任を負わせるものではありません」と明かした。 「メンバーには契約解除に至った経緯および判断について説明し、今回の決定を受け入れ、今後、timeleszは猪俣が脱退し、7名で活動を継続していくこととなりました」と今後について言及。 同社は今回の事案を重大な事態と受け止め、「エンターテイメント業界で活動していくことはファンの皆様をはじめとするご関係の皆様に支えられて初めて成り立つものという基本的な考え方を改めて所属タレント全員に徹底すべく、弊社としての取り組みの拡充を図ってまいります」とした。,[],[]
ホワイトソックスが2連勝で21年ぶりの地区シリーズ進出　村上は5打数無安打3三振（サンケイスポーツ）,https://news.yahoo.co.jp/articles/3e0bb26f280e716894cf7f5a9559c43ff476e4f8,https://newsatcl-pctr.c.yimg.jp/t/amd-img/20261001-00000044-sanspo-000-2-view.jpg?exp=10800,2026-10-01T09:24:01+09:00,2026-10-01T10:39:05+09:00,サンケイスポーツ,sanspo,サンケイスポーツ,1153,ホワイトソックス・村上宗隆（株式会社 産経デジタル） ア・リーグ、ワイルドカードシリーズ第2戦（アストロズ3－7ホワイトソックス、ホワイトソックス2勝、30日、ヒューストン）米大リーグ、ホワイトソックスが敵地でアストロズに勝利し、2連勝でシリーズを突破。2005年ワールドシリーズでアストロズに4連勝して以来、21年ぶりとなるポストシーズンのシリーズ勝利を飾った。3日（日本時間4日）開幕のア・リーグ地区シリーズ（5回戦制）では、中地区王者ガーディアンズと対戦する。第1、2戦は敵地クリーブランドで行われる。 試合は一回にホワイトソックスが電光石火の猛攻で主導権を握った。1番アントナッチの安打と2番ティールの連打で先制。敵失も絡んで5安打4得点で主導権を握った。 アストロズも地元ファンの大声援を背に猛烈な追い上げを見せた。ベテランのアルトゥーベなどの3本のソロ本塁打で1点差に詰め寄ったが、ホワイトソックスは六回にマイドロスの3ランで突き放した。 マイドロスは試合前、「毎日、試合に勝つためにプレーしている。そこを一番に考えていれば、たくさんのいいことが起きる」と語っていた。若手主体のチームについても「大学のチームのような一体感がある。みんながお互いを大切にして、毎日仲間のためにプレーしている」と結束の強さを強調。短期決戦の重要な場面で、自らバットで応えた。 ホワイトソックスはレギュラーシーズン84勝78敗。今季のアストロズ戦では2勝5敗と苦しんだが、第1戦を6－3で勝利し、第2戦も勢いをつないだ。第1戦のスタメンで、それまでMLBのポストシーズン経験があった選手はベニンテンディだけ。経験の少ない若いチームが、敵地ヒューストンで2連勝を飾った。 ウィル・ベナブル監督は第2戦前、「まず選手たちを自分らしくいさせること」とチームづくりを説明。「ストレスやプレッシャーをできるだけ取り除く環境をつくりながら、どうすれば勝てるか、そのビジョンと期待することは明確にしている」と語った。さらに「クリス・ゲッツGMが組織に本当に質の高い人間を集めたことから始まる」と再建を支えたGMの仕事も評価した。 レギュラーシーズンでは最後までガーディアンズと地区優勝を争い、1勝差で2位となった。今度はポストシーズンで再び同地区のライバルとぶつかる。3日から3勝先取の地区シリーズに挑む。 村上宗隆内野手（26）は「4番・一塁」で先発出場し、5打数無安打、3三振。2打席連続空振り三振の後、4－3とリードした五回2死からの第3打席で、昨季までヤクルトで同僚だったランバートと対戦。スライダーを打ち上げて中飛に倒れた。４打席目は七回に４番手右腕アブレイユの速球に空振り三振。５打席目は九回２死一、二塁で中飛だった。,[],[]
FWクリスティアノ・ロナウド、ポルトガル代表を離脱「いずれ真実をお話しする」　連盟も声明「目標の達成に全力」　8月には今季限りの引退示唆（サンケイスポーツ）,https://news.yahoo.co.jp/articles/45519ff33539a2439acdd34518b40cdf8e6344b0,https://newsatcl-pctr.c.yimg.jp/t/amd-img/20261001-00000042-sanspo-000-3-view.jpg?exp=10800,2026-10-01T08:31:30+09:00,2026-10-01T09:09:05+09:00,サンケイスポーツ,sanspo,サンケイスポーツ,617,ポルトガル・ロナウド（株式会社 産経デジタル） サッカーのポルトガル代表で41歳のFWクリスティアノ・ロナウド（アルナスル）は9月30日、代表からの離脱を自身のSNSで発表した。 【写真】クリスティアノ・ロナウド、涙…〝最後のW杯〟は16強で終焉 ロナウドは「代表監督の記者会見、そしてポルトガルサッカー連盟会長との話し合いを経て、私は代表チームの合宿を離れる決断をした。これまで常に身を捧げてきたチームを離れることになった理由について、いずれポルトガルの皆様に真実をお話しするつもりだ。今はただ、ポルトガルとチームメイト全員の幸運を心から祈りたい」とつづった。 ポルトガルサッカー連盟も30日に声明を発表。「クリスティアノ・ロナウド選手がコペンハーゲンで行われている代表チームのトレーニングキャンプを離れたと発表した。デンマーク戦とノルウェー戦に向けた準備は予定通り進められ、残りの24名の選手が招集される。代表団全体は、代表チームの今後の活動と、定められた目標の達成に全力を注いでいる」と伝えている。 ロナウドは27日に行われた欧州ネーションズリーグのノルウェー戦でベンチ入りしたものの、出場がなかった。試合は2－1でポルトガルが勝利した。W杯北中米大会で史上最多の6大会連続出場を果たし、8月には「おそらく今年がサッカー選手として最後の年になるだろう。だからこそ、素晴らしいレガシーを残したい」と今季限りでの引退を示唆していた。,[],[]
【毎日王冠　追い切り】4年連続参戦のエルトンバローズがシャープに伸びて『S』評価！　杉山晴師「活気もあってデキはキープ」（サンケイスポーツ）,https://news.yahoo.co.jp/articles/00d69a714a800df569f144f99d365328ca1ca85c,https://newsatcl-pctr.c.yimg.jp/t/amd-img/20261001-00000041-sanspo-000-1-view.jpg?exp=10800,2026-10-01T08:31:00+09:00,2026-10-01T08:31:00+09:00,サンケイスポーツ,sanspo,サンケイスポーツ,267,エルトンバローズ＝栗東トレーニングセンター（撮影・安部光翁）（株式会社 産経デジタル） サマーマイルシリーズチャンピオンに輝いたエルトンバローズは、松若騎手を背に栗東CWコースで単走。馬なりのまま6ハロン82秒5－11秒5でシャープに脚を伸ばして、調教評価は最高の『S』だ。杉山晴調教師は「いつも最終追いは坂路でやりますが、馬場を考慮してCWコースで。しまいだけでしたが、全体時計も出ていたし、活気もあってデキはキープしています」と好ムードを伝えた。このレースは4年連続の参戦で1、3、5着。好相性の舞台で4つ目の重賞タイトルを狙う。,[],[]
【毎日王冠　追い切り】左回りで一変走！　リアライズシリウスがラスト11秒4で鋭伸　津村騎手「戦える仕上がりになりました」（サンケイスポーツ）,https://news.yahoo.co.jp/articles/b7c4e5e8dd4209d4f66348e940f0d406543fafcf,https://newsatcl-pctr.c.yimg.jp/t/amd-img/20261001-00000039-sanspo-000-1-view.jpg?exp=10800,2026-10-01T08:23:00+09:00,2026-10-01T08:23:00+09:00,サンケイスポーツ,sanspo,サンケイスポーツ,606,リアライズシリウス（右）＝美浦トレセン（撮影・塩浦孝明）（株式会社 産経デジタル） 毎日王冠の追い切りが30日、東西トレセンで行われた。美浦では、日本ダービー7着以来となるリアライズシリウスがシャープな加速を披露。得意とする左回りで、スムーズに手前を替えなかった1週前から確かな良化を示した。 ◇ リアライズシリウスは美浦Wコースで3頭併せ。馬なりで内からシャープに加速して6ハロン83秒2―11秒4をマークし、中ヴェルバーニア（未勝利）と併入、外ショーマンフリート（3勝）に1馬身半先着した。 「いい動きでした。まだまだ時計が出るくらいでした。だいぶ緩さもなくなって、戦える仕上がりになりました」 3週連続で手綱を取った津村騎手が、好感触を伝える。右回りで追い切った1週前は直線で手前を替えず、もうワンパンチほしい走りだった。しかし、今週からWコースが得意の左回りに替わって一変。「やっぱりこっち（左回り）だとスムーズに替えますし、動きも良く感じます。きょうは引っ張りっきりくらいの手応えでした」と目尻を下げた。 春は皐月賞2着、日本ダービー7着と世代上位の能力を示した。秋の始動戦とはいえ、先々の大舞台に向けて勝って弾みをつけたい一戦だ。「条件はベスト。古馬相手でも、結果も内容も求めたい」。舞台は共同通信杯で、のちの2冠馬ロブチェンに土をつけた東京芝1800メートル。夏を越しての成長を示す。（吉田桜至郎）,[],[]
【京都大賞典　追い切り】初タイトルへ、ダノンシーマが充実の『S』評価追い！　中内田師「状態は良くなっていますよ」（サンケイスポーツ）,https://news.yahoo.co.jp/articles/bfc56fa95f9a7b99968b4b825f5915c109bb3667,https://newsatcl-pctr.c.yimg.jp/t/amd-img/20261001-00000038-sanspo-000-1-view.jpg?exp=10800,2026-10-01T08:15:54+09:00,2026-10-01T08:15:54+09:00,サンケイスポーツ,sanspo,サンケイスポーツ,898,ダノンシーマは栗東ＣＷコースで追い切る。中内田調教師が自ら手綱を取った（撮影・安部光翁）（株式会社 産経デジタル） 京都大賞典の追い切りが30日、東西トレセンで行われた。栗東では新潟記念3着ダノンシーマがCWコースを軽やかに駆け抜けて、好仕上がりをアピール。もともと安定感のあった馬が、4歳秋に充実期に突入。重賞初制覇へ、機は熟した。 ◇ 銅メダルはもういらない。待望の重賞初制覇へ向けて、ダノンシーマがCWコースで軽快なフットワークを披露した。手綱を取った中内田調教師が好感触を伝える。 「馬場が非常に重たかったので、半マイルだけ。調整程度で、気分良く走っていました」 坂路で仕上げるのがいつものパターンだが、この日は雨の影響でタフな状態。「疲れを残さないように」とCWコースを選択した。向こう正面からゆったり運び、楽な手応えで直線へ。手綱はピクリとも動かないまま、重心の低い走りで4ハロン56秒4－12秒1をマークした。目立つ時計ではないが、同コースでの1週前追い切りでは6ハロン83秒7―11秒4としっかり追われており、それも含めてサンスポ調教評価は最高の『S』となった。 1月の白富士Sを勝ってオープン初勝利を決めると、近3走はすべて重賞で3着。今秋の始動戦だった新潟記念ではGⅠ馬5頭を相手に好位から長く脚を使い、勝ち馬からアタマ＋アタマ差と惜しい内容だった。「休み明けというところはありましたが、一生懸命走ってくれた結果、いい競馬をしてくれました」と振り返る。 海外重賞勝ちのディープモンスターやGⅠ馬ヘデントールなど実績馬は秋初戦になるが、こちらには一度使ったアドバンテージがある。「前走後は在厩調整で疲れを取ってから、ここを目標に調整。状態は良くなっていますよ。3歳時は幼かったけど、4歳にしてようやく力を発揮できるようになりました。ここで改めていいところをみせたい」と力を込める。 京都芝では2戦2勝、芝2400メートルも【3・0・1・0】と好相性だ。きれいな走法なので、開幕週のまっさらなターフで戦えるのはなおさらプラス。初タイトルを奪取して、本格化を証明する。（増本隆一朗）,[],[]
【凱旋門賞】メイショウタバルがレゼルボア調教場の芝直線コースで最終追い切り　武豊騎手「思っているよりも戦闘モードに入っている感じ」（サンケイスポーツ）,https://news.yahoo.co.jp/articles/1155bedbd2f673376efe9831ef95e76e763c981f,https://newsatcl-pctr.c.yimg.jp/t/amd-img/20261001-00000037-sanspo-000-1-view.jpg?exp=10800,2026-10-01T08:13:23+09:00,2026-10-01T08:13:23+09:00,サンケイスポーツ,sanspo,サンケイスポーツ,1309,メイショウタバルはレゼルボア調教場の芝直線コースを豪快に駆け抜けた（代表撮影）（株式会社 産経デジタル） 【シャンティイ（フランス）30日＝山口遥暉】日本から凱旋門賞に参戦するメイショウタバルが、レゼルボア調教場の芝直線コースで最終追い切りを行った。主戦の武豊騎手（57）＝栗・フリー＝が追い切りに初めて騎乗し、併せ馬で豪快なフットワークを披露。これまで日本調教馬がのべ38頭挑んで届かなかった、芝の世界最高峰。悲願達成を目指し、態勢を整えた。 レジェンドの手助けが世界一へのラストピースだ。レゼルボア調教場の芝直線コースで最終リハを行ったメイショウタバル。その背中には、主戦の武豊騎手がいた。タバルの追い切りで手綱を取るのは今回が初めてだ。 「ギャロップに行く段階で自分が思っているよりも戦闘モードに入っている感覚だったので、強く追うことなく馬が走ってくれました。改めていい馬だと思いましたし、動きもすごく良かったです」 世界各国の報道陣約50人が集まった会見場で、名手は満足げに笑みを浮かべた。 9月10日にシャンティイに到着し、現地の小林智厩舎で調整。牧歌的な調教場の雰囲気もあって精神面にゆとりが生まれたが、一方で落ち着きすぎている雰囲気もあった。レースに向けてスイッチを入れるべく、異例のタッグが実現した。 朝焼けに染まったコースで、小林智厩舎に所属するメイショウヴェリテと併せ馬。道中は1馬身後ろをぴったり追走すると、残り800メートル過ぎでパートナーの外へ。徐々にアクセルを踏み、生えそろった芝の上で豪快にストライドを伸ばす。ラストは楽々と5馬身ほど突き放した。見守った石橋調教師も「先週のロンシャンの追い切りは動画でしか見ていませんが、正直、ちょっと物足りない気持ちでした。きょうは豊くんが乗った瞬間から馬がピリッとして、いい方向に向いているなと思いました。先週よりもかなり動けていて、いい追い切りができました」と納得の表情。これで闘志に火がつくはずだ。 宝塚記念連覇から約3カ月。現地での前哨戦は使わなかったが、指揮官は「今までも間隔をあけて使っていたので、話し合って大丈夫だと判断しました。問題ないと思います」と説明。そのぶん1週前追い切りを決戦の地パリロンシャン競馬場で行うなど、できる限りの策は講じてきた。 1969年スピードシンボリ（着外）の初挑戦から57年。のべ38頭の日本調教馬が挑んで届かなかった頂点だが、鞍上は「凱旋門賞はモチベーションのひとつ。特別なレース。今までいい結果を残せていないけど、いつか勝ちたいと思っています」と視線を鋭くする。悲願成就へ、人馬ともに気持ちは高まっている。（山口遥暉） ■凱旋門賞（Prix de l，Arc de Triomphe）1920年に創設された欧州の最強馬決定戦で、レース名はシャルル・ド・ゴール広場の凱旋門に由来する。毎年10月第1週の日曜日にフランス・パリロンシャン競馬場の芝2400メートルで行われる。日本馬はこれまでのべ38頭が挑戦し、99年エルコンドルパサー、2010年ナカヤマフェスタ、12＆13年オルフェーヴルの2着が最高成績。,[],[]
竜星涼、二宮和也の「オフィスにの」所属に　「VIVANT」で共演中…二宮も歓迎（サンケイスポーツ）,https://news.yahoo.co.jp/articles/0d7f70d91362790cf4fb61e1f8f01b0fc8b17a9e,https://newsatcl-pctr.c.yimg.jp/t/amd-img/20261001-00000035-sanspo-000-2-view.jpg?exp=10800,2026-10-01T08:05:57+09:00,2026-10-01T08:49:35+09:00,サンケイスポーツ,sanspo,サンケイスポーツ,663,"左から竜星涼、二宮和也（C）office nino Co., Ltd.（株式会社 産経デジタル） 俳優の竜星涼（33）が1日、二宮和也（43）の個人事務所「オフィスにの」に所属することが発表された。2人は現在放送中のTBS系日曜劇場「VIVANT」（日曜後9・0）で共演している。 【写真】俳優の竜星涼（C）office nino Co., Ltd. 竜星は「二宮和也さんという、自分の信じた道を自分の足で歩き続ける表現者と、 新しい挑戦をご一緒できることを嬉しく思います」とコメント。「リスペクトを胸に、僕は僕らしく。まだ見たことのない景色へ、臆することなく挑んでいきたいと思います」と決意を新たにした。 竜星は8月31日、自身のSNSで16年間所属した芸能事務所「研音」を退所したことを発表しており、今後について「また改めてご報告させてください」としていた。 二宮は所属事務所から2023年10月に独立し、「オフィスにの」を設立。これまで所属俳優は二宮のみだった。 新たな仲間を迎え入れた二宮は自身のXを更新。「竜星涼がオフィスにのにやって来ました 皆様、これからもよろしくお願いします」と呼びかけた。 ■竜星 涼（りゅうせい・りょう） 1993（平成5）年3月24日生まれ、東京都出身。2010年にドラマ「素直になれなくて」で俳優デビュー。映画、舞台など幅広く活動。主な作品として映画「ぐらんぶる」「弱虫ペダル」などに出演。近年ではNHK連続テレビ小説「ちむどんどん」「スタンドUPスタート」「VIVANT」などに出演。",[],[]
相席スタート・山添寛、やめられない〝遊び〟は「人のボーダーを測りたくなる」（サンケイスポーツ）,https://news.yahoo.co.jp/articles/30ed03df5a39fc56781577f13b0e5e84e77d4daa,https://newsatcl-pctr.c.yimg.jp/t/amd-img/20261001-00000034-sanspo-000-1-view.jpg?exp=10800,2026-10-01T08:04:26+09:00,2026-10-01T08:04:26+09:00,サンケイスポーツ,sanspo,サンケイスポーツ,806,左から鈴木ユリア、相席スタートの山添寛（株式会社 産経デジタル） お笑いコンビ、相席スタートの山添寛（41）とタレントの鈴木ユリア（26）が9月30日、東京・渋谷で開催された体験型ポップアップストア「THE SMOKING LOUNGE SHIBUYA by Ploom CUBE」メディア向けプレスツアーに登場した。 同イベントは、日本たばこ産業（JT）が〝大人が遊べる喫煙所〟をコンセプトに開催する体験型ポップアップストア。クレーンゲームや巨大ブロックタワーをはじめ、大人の遊び心を刺激するさまざまなコンテンツが展開されており、山添は「大人を帰らせる気ないんやなっていう覚悟を感じました」と絶賛した。 また、トークセッションで「大人になってもやめられない〝遊び〟」を聞かれると、山添は「全く必要ないのに、『この人はここまでは怒らず許してくれる』『ここまでは笑いでちょっとセンシティブな話を聞いてくれる』って、ボーダーを測りたくなる」と独特な回答。「全く意味のない無駄なチャレンジなんですけど、日々、正解や効率を求められて忙しくされている大人の方の、ちょっとした一息つける瞬間になれたらいいなと思っている部分では、この場所（大人が遊べる喫煙所）と一緒なんです」と持論を展開した。 トークセッション後には、二人が実際に会場のコンテンツを体験。片手に加熱式たばこ用デバイス「Ploom CUBE」を持ちながら、ゲームの合間に一服する〝吸いながら遊ぶ〟体験を満喫した鈴木は「遊びながらの一服は、さらにおいしいですね！」と笑顔を見せていた。 ★「THE SMOKING LOUNGE SHIBUYA by Ploom CUBE」開催概要 ◼開催日程：2026年10月1日（木）～10月12日（月・祝） ◼時間：11:00～19:00 ◼会場：MIYASHITAPARK North 1～3F ※20歳以上のみ入場可能。,[],[]
阪神・高橋遥人、井川慶以来23年ぶり16勝　9年目で初タイトルとなる最多勝決定　優勝マジック「3」に（サンケイスポーツ）,https://news.yahoo.co.jp/articles/15a7c87c354d4ffbfc59706af280730e59759386,https://newsatcl-pctr.c.yimg.jp/t/amd-img/20261001-00000027-sanspo-000-4-view.jpg?exp=10800,2026-10-01T08:00:00+09:00,2026-10-01T13:02:53+09:00,サンケイスポーツ,sanspo,サンケイスポーツ,960,阪神・高橋遥人＝甲子園球場（撮影・松永渉平）（株式会社 産経デジタル） （セ・リーグ、阪神5－0ヤクルト、24回戦、阪神17勝7敗、30日、甲子園）最高の仕事や！！ 阪神はヤクルトに5―0で快勝し、優勝へのマジックナンバーを3とした。先発の高橋遥人投手（30）が8回無失点で今季16勝目をマーク。9年目で初めてのタイトルとなる最多勝利投手となることが決まった。球団で16勝を挙げるのは、2003年に20勝の井川慶以来で23年ぶり。快投でチームの原動力となり続けてきた左腕が、セ・リーグ連覇へまた一歩前進させた。 【写真】ヒーローインタビューに臨む森下翔太と高橋遥人 甲子園の秋風が心地よかった。5度の手術を乗り越えて、不死鳥のごとく蘇った高橋が輝きを放った。燕打線を8回4安打無失点と寄せ付けず、2003年に20勝した井川慶以来の16勝に到達。優勝へのマジックナンバーを3に減らした。 「めっちゃ勝てているなって感じです。でも、点をとってくれないと勝てないので。みんなのおかげです」 ヒーローインタビューではいつも通り、謙虚な〝ハルト節〟で虎党の笑いを誘ったが、マウンドでは相手打者を圧倒した。 「いろいろバッターに考えさせながら攻められたし、後半になっても（球速が落ちることなく）できた」 一回、先頭の増田に左前打を許し、2死三塁とされるも松下を高めの直球で空振り三振。2－0の四回、安打と大山の失策で1死一、二塁とされたが、赤羽を外角ツーシームで投ゴロ併殺に打ち取ると、自信に満ちあふれた表情をみせた。 ともにヒーローとなった森下が「スーパーピッチャー」と評した左腕は、投げるだけではない。2－0の七回2死三塁では中村優から左前適時打をかっ飛ばした。マラー（中日）に並んで今季のセ・リーグ投手では最多の8安打目は貴重な追加点となり「いやー、めっちゃ気持ちよかったです」と振り返った。 8回107球を投げて無四球で無失点。9年目で初タイトルとなる最多勝を確定させ、最高勝率もほぼ確実に。さらに防御率は1.87として同僚でリーグトップの村上（1.85）に迫り、投手3冠も現実味を帯びてきた。 藤川監督は「（エラーを）カバーし合いながら、高橋が伏見とともに我慢強く低めに投げた」と、味方のミスに動じなかった左腕をたたえた。,[],[]
伊藤龍之介が激白　司令塔争いに名乗り　ラグビーW杯1年前　エディーHC「世界有数の10番になれる選手」（サンケイスポーツ）,https://news.yahoo.co.jp/articles/897d9927077ef8361c4bee0ccecf077a8377358a,https://newsatcl-pctr.c.yimg.jp/t/amd-img/20261001-00000029-sanspo-000-1-view.jpg?exp=10800,2026-10-01T08:00:00+09:00,2026-10-01T08:00:00+09:00,サンケイスポーツ,sanspo,サンケイスポーツ,916,伊藤龍之介が日本代表の司令塔争いに名乗り（株式会社 産経デジタル） ラグビーの2027年W杯オーストラリア大会は、1日で開幕まで1年。現役大学生の日本代表SO伊藤龍之介（21）＝明大＝がこのほどサンケイスポーツの単独インタビューに応じ、大舞台への意気込みを語った。伊藤龍は今年7月に日本代表デビュー。若き司令塔として将来を嘱望されている。日本は15年W杯で南アフリカ代表からの金星を含む3勝に導いたエディー・ジョーンズ・ヘッドコーチ（HC、66）の下、自国開催の19年以来、2大会ぶりの8強を狙う。（取材構成・山下幸志朗） 代表デビューを果たしたばかりのSO伊藤龍は、堂々としたプレーぶりで存在感を発揮。桜の戦士たちにもまれながら急成長を遂げている。 「これだけたくさん試合に出してもらえるとは思っていなかった。（当初は）本当に『1キャップ取れたらいいな』という思いでした。大学ではできない経験をたくさんさせてもらっている。すごく成長できていると思う」 明大4年ながら7月4日のネーションズ選手権・イタリア戦（秩父宮）で初キャップを獲得。27－10で8年ぶり撃破に貢献した。 「（デビューから最初の）3試合は、僕の中ではうまくいかなかった。日本代表に入れてもらっている状況。まだ本当に一員として戦えていなかった」 自己採点は厳しいが、エディー・ジョーンズHCは「世界でも有数の10番になれる選手」と司令塔としての素質を高く評価。特に相手の隙を突く積極的なランや前向きな姿勢を買っており、デビューから8試合連続先発出場した。 「何か一つ成長して帰りたいと思っていた。やるべきことがはっきりした」 転機に挙げるのは7月末の北海道・網走合宿だ。指揮官からは「もっと前に仕掛けろ、まっすぐ仕掛けろ」と求められ、遠慮が消えた。 厳しい競争も力に変えた。合宿中の実戦形式の練習では、やはり初代表の上ノ坊駿介（神戸）が主力組に入る時間も多かった。伊藤龍より1歳上で、昨季のリーグワンには天理大在学中に「アーリーエントリー」で出場。神戸の初優勝に貢献して新人賞を獲得した逸材だ。 「僕としては、すごくプレッシャーだったし、それも含めて必死にやれた」,[],[]
J1C大阪の選手・監督が長居開催のU―21日本代表の準決勝を観戦　チームメート横山夢樹のPKに興奮　マチン監督も「夢樹選手に注目」投稿（サンケイスポーツ）,https://news.yahoo.co.jp/articles/305f933a103a281684e3bd190571fbdcde1c976a,https://newsatcl-pctr.c.yimg.jp/t/amd-img/20261001-00000028-sanspo-000-1-view.jpg?exp=10800,2026-10-01T08:00:00+09:00,2026-10-01T08:00:00+09:00,サンケイスポーツ,sanspo,サンケイスポーツ,451,観戦に訪れた香川真司（手前中央）ら＝長居陸上競技場（撮影・蔵賢斗）（株式会社 産経デジタル） アジア大会・サッカー男子準決勝（30日、日本－ウズベキスタン、長居）サッカー男子のU―21日本代表はU―21ウズベキスタン代表に勝ち、決勝に進出した。1-1で延長戦を終え、もつれ込んだPK戦を9-8で制した。 ヤンマースタジアム長居で行われたこの試合を、同スタジアムを本拠地とするJ1C大阪の関係者が観戦。MF香川真司やMF田中駿汰、DF登里享平ら選手約10人に加え、パブロ・マチン監督も訪れた。マチン監督は自身のSNSで「日本のU23代表チームを観戦中。特に我らが選手、夢樹選手に注目」と投稿していた。 桜の指揮官の投稿通り、この試合はC大阪に所属するFW横山夢樹が後半から出場。鋭いドリブル突破で何度もチャンスを作った。C大阪出身のMF石渡ネルソン（シントトロイデン）も先発し120分フル出場した。PK戦の場面では、観戦したC大阪の選手らが横山のPKを立ち上がって見守り、ネットを揺らすと大喜びしていた。,[],[]
阪神・岩貞祐太が引退会見　亡き同期・横田慎太郎さんへの誓い「ヨコの分までやんなきゃな」虎一筋13年でユニホーム脱ぐ（サンケイスポーツ）,https://news.yahoo.co.jp/articles/90b3842a0aa8537fe650c26a7b8b7602d76cc025,https://newsatcl-pctr.c.yimg.jp/t/amd-img/20261001-00000026-sanspo-000-1-view.jpg?exp=10800,2026-10-01T08:00:00+09:00,2026-10-01T08:00:00+09:00,サンケイスポーツ,sanspo,サンケイスポーツ,1104,引退会見に臨む岩貞祐太＝兵庫県西宮市（撮影・松永渉平）（株式会社 産経デジタル） 阪神・岩貞祐太投手（35）が30日、兵庫・西宮市内の球団事務所で引退会見を行った。虎一筋で13年間プレーした左腕は原動力に、同期入団で2023年に脳腫瘍のため死去した横田慎太郎さんの存在を挙げ「ヨコの分までやんなきゃな」と声を震わせた。引退セレモニーは6日の広島戦（甲子園）で行われる。 13年分の思い出が頭の中を駆け巡った。引退を決めた岩貞にとって忘れられない横田さんの笑顔。いい時も、悪い時も走り続けられたのは同期の力だった。 「もともと僕はコツコツ努力したりするのが得意な方ではなかったんですけど、負けないようにという思いでずっとやってきた。同期で入った横田が野球をできなくなったときに、自分の中でヨコの分までやんなきゃな、と勝手に思ってやってきました」 2014年に同期入団の横田さんは、脳腫瘍のため23年に道半ばで旅立った。「やり切る。諦めない。自分のやってきたことを投げ出してしまうと、自分に対しても、野球をやりたかったやつに対しても申し訳ないと思った」。苦しいときは戦友を思い返し、全力で野球と向き合ってきた。 横浜商大からドラフト1位で入団し、16年には先発陣の一角としてキャリアハイの10勝。20年途中からは中継ぎに転向し、23年は50試合に登板しリーグ優勝、日本一に貢献した。「夢のような最高の時間を過ごせました。23年に優勝した瞬間にチームの一員としてあの歓喜を味わえたことは、今後の自分の人生の中でも財産になる」。だが、今季は1試合に投げたのみ。「結果がすべての世界で数字が出なくなり、後輩との競争にも勝てなくなり、退くことを決めました」と語った。 「タイガースの一員として誇りを持ってやり続けて、2018年に最下位になってしまったときにものすごく強く勝ちたい、優勝したいという思いが芽生えた。今でもそういう思いでいます」 岩貞が望むのは強くあり続けるタイガース。背中を見てきた後輩たちにチームを託した。（渡辺洋次） ■岩貞 祐太（いわさだ・ゆうた） 1991（平成3）年9月5日生まれ、35歳。熊本県出身。必由館高、横浜商大を経て、2014年にD1位で阪神入団。先発として16年に10勝をマーク。20年途中から中継ぎに転向し、22年は自己最多の53試合に登板。23年は50試合登板でリーグ優勝と日本一に貢献した。今季は1試合登板、防御率13.50。通算304試合登板、43勝44敗、59ホールド、防御率3.56（ともに9月30日現在）。年俸1億円。183センチ、86キロ。左投げ左打ち。背番号「14」,[],[]
巨人・橋上監督代行、首位阪神と今季最後の直接対決「相性は良くなかったが今までのことは関係なく、頑張りたい」（サンケイスポーツ）,https://news.yahoo.co.jp/articles/bf9013f5064558bb3631c049b377ce79db4a47a0,https://newsatcl-pctr.c.yimg.jp/t/amd-img/20261001-00000025-sanspo-000-1-view.jpg?exp=10800,2026-10-01T08:00:00+09:00,2026-10-01T08:00:00+09:00,サンケイスポーツ,sanspo,サンケイスポーツ,194,巨人・橋上秀樹監督代行（株式会社 産経デジタル） 巨人・橋上監督代行は30日、首位阪神と今季最後の直接対決に「大一番ですね。今季、阪神と相性は良くなかったが（8勝16敗）、今までのことは関係なく一戦、精いっぱい頑張りたい」と意気込んだ。竹丸と村上、両先発の投げ合いに「ロースコアで接戦をものにするのが、一番勝機がある。少ないチャンスかもしれないが、しっかり得点に結び付けたい」と見据えた。,[],[]
今井達也、WCS第2戦前に西武前監督の松井稼頭央氏と再会（サンケイスポーツ）,https://news.yahoo.co.jp/articles/ed0dc24f9e8c39c4ede5e2243783493e4e927a1a,https://newsatcl-pctr.c.yimg.jp/t/amd-img/20261001-00000024-sanspo-000-2-view.jpg?exp=10800,2026-10-01T07:24:12+09:00,2026-10-01T07:31:03+09:00,サンケイスポーツ,sanspo,サンケイスポーツ,420,ワイルドカードシリーズ第2戦前に西武前監督の松井稼頭央氏と再会したアストロズの今井達也投手（株式会社 産経デジタル） ア・リーグ、ワイルドカードシリーズ第2戦（アストロズ－ホワイトソックス、ホワイトソックス1勝、30日、ヒューストン）米大リーグ、アストロズの今井達也投手（28）が第2戦前に西武前監督の松井稼頭央氏（50）と再会した。松井氏はテレビ局の取材で現地を訪れた。 松井氏は2019年から3年間、西武の2軍監督を務め、2022年は1軍ヘッドコーチ、2023年から1軍監督を務めた。今井は西武で2023年に10勝5敗、防御率2.30で自身初の2桁勝利。2024年には松井監督から自身初の開幕投手を託された。 アストロズは前日29日のホワイトソックスとの第1戦に3－6で敗れ、シリーズは0勝1敗。今井の登板機会はなかった。 松井氏はホワイトソックス・村上宗隆内野手（26）とも会話を交わし、ポストシーズンを戦う両軍の日本選手と交流した。,[],[]
村上宗隆、2打席連続三振　ホワイトソックスは一回に5安打4得点の猛攻（サンケイスポーツ）,https://news.yahoo.co.jp/articles/03637c797d9406276d80c9226ff2cb543f8f67b8,https://newsatcl-pctr.c.yimg.jp/t/amd-img/20261001-00000023-sanspo-000-2-view.jpg?exp=10800,2026-10-01T07:09:34+09:00,2026-10-01T07:32:37+09:00,サンケイスポーツ,sanspo,サンケイスポーツ,400,ホワイトソックス・村上宗隆（株式会社 産経デジタル） ア・リーグ、ワイルドカードシリーズ第2戦（アストロズ－ホワイトソックス、ホワイトソックス1勝、30日、ヒューストン）ホワイトソックスの村上宗隆内野手（26）が「4番・一塁」で先発出場。第2打席まで2打席連続の空振り三振に倒れたものの、一回に打線がつながり一挙4点を先制。相手先発右腕ブラウンをノックアウトする猛攻で主導権を握った。 ホワイトソックスは先頭の1番アントナッチのと2番ティールの連打で先制。さらに3番バルガスの三塁ゴロが失策を誘い、2点リードの無死一、二塁で村上に打席が回った。 村上はブラウンの156キロのシンカーに空振り三振に倒れたが、続く5番ベニンテンディ、6番ピーターズに連続適時打が飛び出した。この回5安打を集めて4点を先制。ブラウンをわずか36球で引きずり下ろした。 村上の2打席目は二回2死走者なしから空振り三振だった。,[],[]
阪神・佐藤輝明、2試合連発の豪快2ラン　三冠王視野に連覇へ猛スパート（サンケイスポーツ）,https://news.yahoo.co.jp/articles/1874d0256ab8d964d74d07f9d60172164ac33a1c,https://newsatcl-pctr.c.yimg.jp/t/amd-img/20261001-00000020-sanspo-000-5-view.jpg?exp=10800,2026-10-01T07:00:00+09:00,2026-10-01T09:26:33+09:00,サンケイスポーツ,sanspo,サンケイスポーツ,659,【プロ野球阪神対ヤクルト】八回、2点本塁打を放った阪神・佐藤輝明 ＝甲子園球場（撮影・水島啓輔）（株式会社 産経デジタル） （セ・リーグ、阪神5－0ヤクルト、24回戦、阪神17勝7敗、30日、甲子園）白球はあっという間に右翼席に着弾した。とどめの一撃は驚異の打球速度183キロ。弾丸ライナーで飛び込んだ確信の一発を見届け、阪神・佐藤輝明内野手（27）はゆっくりと歩きだした。 【写真】2ランを放ち、高橋遥人とタッチする佐藤輝明 「よかったです。もう（ここからは）一本一本。一本一本」 八回1死一塁で迎えた第4打席だった。清水のカットボールを一閃。打球は右翼ポール際に吸い込まれた。9月26日のDeNA戦（横浜）に続いて2試合連発の38号2ラン。雨天中止も相まって、試合間隔が3日間あいたが、4番の勢いは止まらない。 これでシーズン102打点。キャリアハイをマークした昨年の数字に6試合を残して並んだ。38本塁打もリーグ2位の森下に3本差をつけた。球団では田淵、バース以来となる2年連続の40本塁打まで「2」。打率・316もリーグトップを堅守して三冠王も目前と、記録ずくめのシーズンの締めくくりに向け、ラストスパートに入っている。 「しっかりまたいい状態でゲームに入れるように頑張ります」 1日は2位巨人と甲子園でレギュラーシーズンでは最後の直接対決。相手先発の竹丸は今季対戦打率・182（11打数2安打）と苦戦しているが、いまの佐藤には関係ない。頼もしい主砲が宿敵を撃つ。2年連続の頂点はもうすぐそこだ。（原田遼太郎）,[],[]
阪神・近本光司、18試合連続安打もけん制死　「しっかり目の前の試合を勝つだけなので」（サンケイスポーツ）,https://news.yahoo.co.jp/articles/9eb1e23e08c13f3cf9d1494c15731a4bd2219493,https://newsatcl-pctr.c.yimg.jp/t/amd-img/20261001-00000022-sanspo-000-1-view.jpg?exp=10800,2026-10-01T07:00:00+09:00,2026-10-01T07:00:00+09:00,サンケイスポーツ,sanspo,サンケイスポーツ,263,【プロ野球阪神対ヤクルト】 1回 牽制でタッチアウトになる阪神・近本光司＝甲子園球場（撮影・中井誠）（株式会社 産経デジタル） （セ・リーグ、阪神5－0ヤクルト、24回戦、阪神17勝7敗、30日、甲子園）阪神・近本光司外野手（31）がまたしても口火を切った。一回に右前打を放って18試合連続安打。牽制（けんせい）死となったが、奥川の出ばなをくじいた。9月21日のDeNA戦（甲子園）から6試合連続で第1打席に出塁。その間にチームは5勝を挙げている。不動のリードオフマンは「しっかり目の前の試合を勝つだけなので」と頼もしかった。,[],[]
元乃木坂46・与田祐希＆吉川愛＆菊地姫奈、27年公開映画「ガチャ－廻世界－」にトリプル主演（サンケイスポーツ）,https://news.yahoo.co.jp/articles/e5aa095fb0fa52f51d1599f877bfbd7a8be47855,https://newsatcl-pctr.c.yimg.jp/t/amd-img/20261001-00000021-sanspo-000-1-view.jpg?exp=10800,2026-10-01T07:00:00+09:00,2026-10-01T07:00:00+09:00,サンケイスポーツ,sanspo,サンケイスポーツ,318,「ガチャ-廻世界-」キャスト ©2026映画「ガチャ-廻世界-」製作委員会（株式会社 産経デジタル） 元乃木坂46の与田祐希（26）、女優の吉川愛（26）、菊地姫奈（21）が27年2月19日公開の映画「ガチャ－廻世界－」（曽根隼人監督）にトリプル主演することが30日、分かった。 廻すだけで理想の自分に生まれ変われる〝転生ガチャ〟を題材にしたホラー。主人公・凛子を3人が演じるという異色の設定だ。 与田は「ただ怖いだけではなく、人間の心や生き方についても考えさせられる作品」とアピール。難しい設定に吉川は当初、「どのように演じればいいだろう…」と悩んだことを明かし、菊地は「3人の〝凛子〟が辿る運命を、ぜひ劇場で見届けて」と呼びかけた。,[],[]
阪神・大山悠輔、序盤のミスを消し去る殊勲の先制弾！　虎歴代単独9位の通算708打点に到達（サンケイスポーツ）,https://news.yahoo.co.jp/articles/581fafd399b7820b91accfbc5857d9f1db63484d,https://newsatcl-pctr.c.yimg.jp/t/amd-img/20261001-00000019-sanspo-000-1-view.jpg?exp=10800,2026-10-01T07:00:00+09:00,2026-10-01T07:00:00+09:00,サンケイスポーツ,sanspo,サンケイスポーツ,977,【プロ野球阪神対ヤクルト】 二回 先制本塁打を放つ阪神・大山悠輔＝甲子園球場（撮影・中井誠）（株式会社 産経デジタル） （セ・リーグ、阪神5－0ヤクルト、24回戦、阪神17勝7敗、30日、甲子園）ミスが続いた序盤の嫌な空気をひと振りで帳消しにした。阪神・大山悠輔内野手（31）が先制の19号ソロ。頼りになる男の一発が、決勝弾となった。 「まずは先制点が欲しかったので、いいスイングができましたし、いい結果になってよかった」 一回、近本が右前打を放ったが、牽制（けんせい）死。続く中野も左前へ運び、中継が乱れた隙に二塁を狙ったが走塁死となり、積極性が裏目に出た。そんな中で迎えた二回1死。カウント2―2から奥川の甘く入ったスライダーを捉えると、打球は左中間スタンドへ一直線。甲子園に六甲おろしの大合唱で鳴り響かせ、一回のミスを消し去った。 試合は3日はあいたが、9月26日のDeNA戦（横浜）から2戦連発。23日のヤクルト戦（神宮）からチームが勝った試合では、3戦連続となる勝利打点をマークした。9月は打率.325、4本塁打、14打点。シーズン最終盤の10月へ調子は上向きだ。さらに1打点を積み上げ、プロ通算708打点。桧山進次郎を抜き、単独で虎歴代9位となった。 藤川監督はここにきて頼もしさが増す大砲を絶賛した。「近本がヒットで出て、挑戦的なところで、牽制アウトになり、中野が続いて打って積極的な走塁で、また挑戦的なスタイルでチームとしては向かってくれた」と切り出し「それを大山がプラスに変えてくれましたね。あそこで止まることなくホームランを打ってくれたことで、それが挑戦的と捉えられるので、よかったと思います」とチームを救った大きな一発に目を細めた。 そして、その積極的な姿勢を維持したまま、1日の巨人戦（甲子園）に向かう。優勝へのマジックナンバー「3」、2ゲーム差で迎えるレギュラーシーズンでは最後となる宿敵との直接対決。ヒリヒリするような伝統の一戦でも、カバーしてくれる兄貴分がいるからこそ、チームは思い切って立ち向かえる。 「全員で勝ち取った勝利なので、勝ててよかったなと思います。きょうはきょうで終わりなので、またあしたに向けて全員でやっていきたい」 大山の表情が緩むことはない。宿敵に引導を渡し、ペナントを掲げるそのときまでは。（渡辺洋次）,[],[]
阪神・森下翔太、3安打猛打賞で連覇へ前進「ヒットが出て、チームが勝てたことが良かった」（サンケイスポーツ）,https://news.yahoo.co.jp/articles/cc83621140937bb01d70aa3825d0d7e32cccf4d1,https://newsatcl-pctr.c.yimg.jp/t/amd-img/default.jpg?exp=10800,2026-10-01T07:00:00+09:00,2026-10-01T07:00:00+09:00,サンケイスポーツ,sanspo,サンケイスポーツ,372,（セ・リーグ、阪神5－0ヤクルト、24回戦、阪神17勝7敗、30日、甲子園）鮮やかな右打ちで勝利の糸を手繰り寄せた。阪神・森下翔太外野手（26）が3安打猛打賞。3試合ぶりの安打で4戦ぶりの打点をマークし、大観衆の前で躍動した。 「右方向に出ましたけど、別にそこは深く捉えていない。まずはヒットが出て、それにチームが勝てたことが良かった」 1点リードの三回。奥川の高め147キロ直球をはじき返し、右翼への二塁打。打球がフェンスまで到達すると、一走・中野が快足を飛ばして一気に本塁に生還した。9月は打率・253と苦しんだが「打てなくてもチームが打ってくれていたので、救われた部分もありました」とナインに感謝した。 「もう勝てば優勝できるんで。相手がどこであろうと、そこまで関係はないかな」 連覇が目前に迫る中、森下が本来の姿を取り戻した。（萩原翔）,[],[]
ジュニア大会の「JCL全国大会」と「井上尚弥杯」統合　「井上尚弥杯JCL全国大会」に　JCLのU18で4勝以上はプロテスト免除へ（サンケイスポーツ）,https://news.yahoo.co.jp/articles/85fb5d835ae8f2f6beecce561d67fd8aae104c73,https://newsatcl-pctr.c.yimg.jp/t/amd-img/20261001-00000017-sanspo-000-1-view.jpg?exp=10800,2026-10-01T06:28:00+09:00,2026-10-01T06:28:00+09:00,サンケイスポーツ,sanspo,サンケイスポーツ,1469,第１回「井上尚弥杯」のポスタービジュアル（日本プロボクシング協会提供）（株式会社 産経デジタル） 全国のジム会長らで構成される日本プロボクシング協会のジュニア・チャンピオンズリーグ（JCL）実行委員会は9月30日、ジュニアボクシングの「JCL全国大会」と「井上尚弥杯」を統合し、「井上尚弥杯JCL全国大会」として一本化すると発表した。 4団体世界スーパーバンタム級統一王者の井上尚弥（33）＝大橋＝の名前を冠した「井上尚弥杯」は同一階級に複数の王者が存在する状況を解消し、各階級における真の王者を決めることを目的として昨年1月に東京・後楽園ホールで第1回大会を開催。同11月に大阪・住吉スポーツセンターで第2回大会を実施した。 2018年に始まったJCLは将来、世界の舞台で活躍するキッズ選手の育成を目的とし、毎年開催されるトーナメントだけでなく、さまざまな試合経験の機会を提供している。尚弥はJCLの前身のU－15ジュニアボクシング大会の初代王者でもある。 今年、JCLに「東軍代表決定戦」と「西軍代表決定戦」が新設された。全国の各地区大会を勝ち上がった選手が東西の代表決定戦へ進み、東西の代表選手が「井上尚弥杯JCL全国大会」（4日、後楽園ホール）で対戦することで、各階級の真の日本一を決定する大会体系が確立された。 また、同委員会はJCLの価値を高めるだけでなく、ジュニア世代の選手が将来プロボクサーを目指す際の道筋をつけるために、U18カテゴリーで4勝以上を挙げた選手を対象に、プロテストを免除する制度を来年導入することを検討していると発表。JCLで継続的に実戦経験を積み、一定の勝利実績を残した選手が、ジュニアからプロへよりスムーズにステップアップできる環境を整えることを目的としている。 下記は同委員会の射場哲也委員長（49、RE:BOOTジム会長）のコメント。 「JCLを単なるジュニア世代の大会ではなく、日本プロボクシング協会が主催する大会として、将来世界チャンピオンを目指す子どもたちを育成するプログラムとして確立していきたいと考えています。子どもたちが大きな夢や明確な目標を持ち、その目標に向かって努力し、試合に挑戦する。その過程で勝つ喜びや負ける悔しさを経験し、努力することの大切さや、相手を尊重する心、困難に立ち向かう強さを身につけていく。そうした競技を通じた人間的な成長もJCLが目指す大切な目的の一つです。子どもたちが『この舞台に立ちたい』『ここで勝って、将来プロになりたい』と思えるような夢のある大会にしていきたいと考えています。プロボクシングには強さだけではなく、リングに上がる選手の存在感や会場の熱気、華やかさがあります。JCLにもそうしたプロボクシングの魅力を取り入れ、ジュニアの選手たちが将来の自分の姿をイメージできるような大会を目指していきます。JCLで日本一を目指す。その先にプロボクシングがあり、さらにその先には世界チャンピオンがある。子どもたちが夢を持ち、目標に向かって努力する。その経験がボクシングの技術だけではなく、一人の人間としての成長につながっていく。そんな育成プログラムとしてJCLを発展させていきたいと考えています。今回の統合により、『井上尚弥杯』が持つ理念と発信力をJCL全国大会に集約し、大会そのものの価値を高めるとともに、JCLから将来の日本チャンピオン、そして世界チャンピオンを目指す選手が生まれる環境づくりを進め、JCL全体のさらなる発展につなげていくことを目指します」,[],[]
旭富士が所要6場所で新十両昇進　〝先代超え〟のスピード出世「目標は横綱になること」（サンケイスポーツ）,https://news.yahoo.co.jp/articles/bd62e57e48a532905df01bc42210b37e07c90a5d,https://newsatcl-pctr.c.yimg.jp/t/amd-img/20261001-00000016-sanspo-000-1-view.jpg?exp=10800,2026-10-01T06:00:00+09:00,2026-10-01T06:00:00+09:00,サンケイスポーツ,sanspo,サンケイスポーツ,768,旭富士（株式会社 産経デジタル） 日本相撲協会は30日、東京・両国国技館で11月の九州場所（8日初日、福岡国際センター）の番付編成会議を開き、モンゴル出身の旭富士（24）＝伊勢ケ浜部屋＝の十両昇進を決めた。先代師匠で、第63代横綱旭富士（現宮城野親方）のしこ名を継承した逸材は、昨年九州場所の初土俵から所要6場所で昇進。年6場所制が定着した昭和33年以降初土俵では歴代1位タイのスピード記録（付け出しは除く）。元中学横綱の竜鳳（19）＝音羽山部屋＝も新十両昇進を果たした。 看板にたがわず、爪痕を残す。旭富士がわずか6場所で新十両へ昇進。高鉄山、土佐豊、常幸龍、炎鵬と並ぶ歴代1位のスピード出世で、所要7場所で新十両となった63代横綱旭富士を上回る〝先代超え〟となった。 東京・墨田区の伊勢ケ浜部屋で師匠の伊勢ケ浜親方（元横綱照ノ富士）と会見に臨んだ旭富士は、記録には「特に何も感じない」。西幕下筆頭で6勝1敗だった9月の秋場所を「内容は全然駄目。前に出る相撲ができていなかった」と笑顔を見せなかった。 意識は高い。15歳で来日して神奈川・旭丘高へ留学。在学中の実績はなかったが、卒業後に伊勢ケ浜部屋へ入門。協会の規定で外国出身力士は「1部屋1人」が原則。横綱照ノ富士が引退するまでの4年半、稽古に没頭。関取衆を圧倒するほどとなり、初土俵から極めて異例となる横綱のしこ名を継承した。 先代師匠の宮城野親方は「幕下が相手だと力の差がありすぎて、旭富士らしい相撲が取り切れていない。番付が上がるほど本領を発揮するだろう」。左右どちらの四つでも取れ、力強い寄り、強烈な投げもある。 初土俵から元横綱のしこ名を名乗ったのは米ハワイ州出身の元大関小錦の例があるが、旭富士は「目標は横綱になること」。〝2代目〟を名乗る自覚も十分にある。（奥村展也）,[],[]
阪神・中野拓夢、快足で勝利に貢献「チームに勢いをもたらす上で、走塁は大事」（サンケイスポーツ）,https://news.yahoo.co.jp/articles/1e2feffa0545a23cc3800153c2966c41ee7f43ec,https://newsatcl-pctr.c.yimg.jp/t/amd-img/20261001-00000015-sanspo-000-1-view.jpg?exp=10800,2026-10-01T06:00:00+09:00,2026-10-01T06:00:00+09:00,サンケイスポーツ,sanspo,サンケイスポーツ,258,【プロ野球阪神対ヤクルト】三回、阪神・森下翔太の適時二塁打で生還した阪神・中野拓夢 ＝甲子園球場（撮影・水島啓輔）（株式会社 産経デジタル） （セ・リーグ、阪神5－0ヤクルト、24回戦、阪神17勝7敗、30日、甲子園）阪神・中野拓夢内野手（30）は快足で勝利を導いた。三回1死で中前打を放つと、森下が右翼線に放った二塁打で一気にホームイン。「チームに勢いをもたらす上で、走塁は大事」とうなずいた。一回は左前打から、中継プレーが乱れる間に二塁を狙うもタッチアウトに。攻めた結果と割り切り、直後にミスを走塁で取り戻した。,[],[]
阪神・高寺望夢、今季3度目の猛打賞「残りの試合も全部打てるように」（サンケイスポーツ）,https://news.yahoo.co.jp/articles/6ba467d98e0ca466bb184d6147beb7ec6ceceef8,https://newsatcl-pctr.c.yimg.jp/t/amd-img/20261001-00000014-sanspo-000-1-view.jpg?exp=10800,2026-10-01T06:00:00+09:00,2026-10-01T06:00:00+09:00,サンケイスポーツ,sanspo,サンケイスポーツ,226,【プロ野球阪神対ヤクルト】 七回、安打を放つ阪神・高寺望夢＝甲子園球場（撮影・水島啓輔）（株式会社 産経デジタル） （セ・リーグ、阪神5－0ヤクルト、24回戦、阪神17勝7敗、30日、甲子園）阪神・高寺望夢内野手（23）は6月27日の広島戦（マツダ）以来、今季3度目の猛打賞だ。2―0の七回は先頭で代わったばかりの中村優から右前打。高橋の左前適時打で3点目のホームを踏んだ。23歳の若虎は「残りの試合も全部打てるようにやっていくだけです」と力強かった。,[],[]
楽天・荘司康誠、4年目で初のタイトルが決定的に　最終登板で171奪三振　8回無失点で9勝目（サンケイスポーツ）,https://news.yahoo.co.jp/articles/fb8286e9bcd155eba8670761d1cd88fe18a28b36,https://newsatcl-pctr.c.yimg.jp/t/amd-img/20261001-00000013-sanspo-000-1-view.jpg?exp=10800,2026-10-01T06:00:00+09:00,2026-10-01T06:00:00+09:00,サンケイスポーツ,sanspo,サンケイスポーツ,340,楽天・荘司康誠（株式会社 産経デジタル） （パ・リーグ、楽天3－0ロッテ、24回戦、ロッテ15勝9敗、30日、楽天モバイル）楽天・荘司康誠投手（25）が今季の最終登板で171奪三振とし、4年目で初のタイトル獲得が決定的となった。 「今年は三振を稼ぐことにこだわってきた。結果的にうれしい」 球団での最多奪三振は田中将大、則本昂大（ともに巨人）に続いて3人目。「入団して、一番トップでやられていたお二人に比べたら、まだまだです」と謙遜した。 先発で123球を投げ8回4安打無失点、8奪三振で9勝目（9敗）。初の開幕投手から黒星が先行したものの、最後に借金を返済した。吉井監督は「マウンド上で相手を威圧するすごみが出てきた。でも、まだまだ。もっと良くなる投手」とたたえた。（広岡浩二）,[],[]
ヤクルトが今季19度目の零封負け　5位に転落　好投の奥川恭伸は打線の援護に恵まれず11敗目（サンケイスポーツ）,https://news.yahoo.co.jp/articles/0a92daf23abba6c71e63574bb81e063d3e315eb2,https://newsatcl-pctr.c.yimg.jp/t/amd-img/20261001-00000012-sanspo-000-1-view.jpg?exp=10800,2026-10-01T06:00:00+09:00,2026-10-01T06:00:00+09:00,サンケイスポーツ,sanspo,サンケイスポーツ,499,ヤクルト・奥川恭伸は好投したが打線の援護に恵まれず＝甲子園球場（撮影・中井誠）（株式会社 産経デジタル） （セ・リーグ、阪神5－0ヤクルト、24回戦、阪神17勝7敗、30日、甲子園）ヤクルトは散発4安打に終わり、リーグ最多となる今季19度目の零封負けを喫して、5位に転落した。先発の奥川恭伸投手（25）は6回2失点と試合をつくったが、打線の援護に恵まれず11敗目（7勝）。試合後は悔しさをにじませた。 「結果以上に内容が良くなかった。思ったボールが投げられなかった」 0－0の二回に大山に先制ソロを被弾。1点を追う三回は森下に適時二塁打を浴びた。三回までに被安打6。最多勝のタイトルが確定した阪神・高橋と2週連続で投げ合い、苦しみながらも粘投して今季17度目のクオリティースタート（先発で6回以上、自責点3以下）とした。池山監督は「早めの失点は少し効いたが、2失点でよく粘った。（負けがついたのは）相手が相手だけに仕方ない」と振り返った。 19度の零敗のうち6度が奥川が先発した試合。苦しい境遇で黒星が先行している。残り4試合。指揮官は右腕の今季の登板について「未定」と話すにとどめた。（武田千怜）,[],[]
上田綺世「大胆にボックス内で仕掛けたい」　10.1エクアドル戦で3戦連発に自信（サンケイスポーツ）,https://news.yahoo.co.jp/articles/5a90138ac2c79c26a0ee6eb09eef5b1fd08f01ee,https://newsatcl-pctr.c.yimg.jp/t/amd-img/20261001-00000011-sanspo-000-1-view.jpg?exp=10800,2026-10-01T06:00:00+09:00,2026-10-01T06:00:00+09:00,サンケイスポーツ,sanspo,サンケイスポーツ,476,前日練習で笑顔を見せる（左から）日本代表・上田綺世、板倉滉、堂安律＝日産スタジアム（撮影・福島範和）（株式会社 産経デジタル） サッカー日本代表は10月1日午後7時10分から、4カ国がトーナメント方式で争うキリンカップの初戦でエクアドル代表と対戦する。30日は試合会場となる横浜市の日産スタジアムで最終調整し、FW上田綺世（28）＝リール＝が3戦連発に自信をのぞかせた。 「今は自分の中でかみ合っている状態。自分の選択が全て結果につながっている」と手応えを語った。9月24日のウルグアイ戦で1得点、同28日のベネズエラ戦では途中出場で2得点。国際Aマッチ通算21得点は元日本代表FWの中山雅史氏と並ぶ歴代13位で、あと1ゴールで抜く。 「記録のためにプレーしているわけではないが、毎試合、得点するために動いた結果が積み重なっていけばいい」 エクアドルにはフランス1部の強豪パリ・サンジェルマンのDFパチョがおり「タイトな守備が予想されるが、距離感よくプレーできている感覚はある。慎重になりすぎず、大胆にボックス内で仕掛けたい」と意気込んだ。（一色伸裕）,[],[]
巨人D1位・竹丸和幸、勝って逆転Vへ夢つなぐ　首位阪神との今季最後の直接対決（サンケイスポーツ）,https://news.yahoo.co.jp/articles/893738dbff632e59a87f5249869ee9c520d00783,https://newsatcl-pctr.c.yimg.jp/t/amd-img/20261001-00000010-sanspo-000-1-view.jpg?exp=10800,2026-10-01T06:00:00+09:00,2026-10-01T06:00:00+09:00,サンケイスポーツ,sanspo,サンケイスポーツ,599,投手練習でキャッチボールを行う巨人D1位・竹丸和幸＝ジャイアンツ球場（株式会社 産経デジタル） いざ、『10.1』決戦だ！ 巨人のドラフト1位・竹丸和幸投手（24）＝鷺宮製作所＝が30日、川崎市のジャイアンツ球場で行われた投手練習に参加。先発する10月1日の阪神戦（甲子園）に向けて調整し、短い言葉に覚悟を込めた。 「チームが勝てるようなピッチングができたらいいと思います」 現在2位のチームは残り3試合。首位阪神との今季最後の直接対決は、敗れれば大逆転Vが遠のく背水の陣だ。「（緊張は）まだしていない。最後ですけど、何かを変えるつもりはない」と大物ルーキーは平常心を強調した。 阪神には3勝1敗、防御率2.16と相性がいい。相手先発は村上。3月27日の開幕戦を含め、今季2度投げ合い、いずれも白星を挙げている。大一番での再々戦も「自分はローテ通りなので、いつも通りに投げられたら」と冷静に受け止めた。 重圧にも気負いはない。「勝たないと（大学の）1部昇格だったり、都市対抗（出場）がない中でやってきた」。一発勝負が続くアマチュア時代に磨いたマウンド度胸を見せるときだ。 今季はチーム最多の11勝。12勝目を挙げれば、球団新人左腕では1939年の中尾輝三（12勝）以来87年ぶりの快挙となる。シーズンの命運をかけた決戦。新人王争いでも本命に名乗りを上げる左腕にペナントの行方は託された。（依田雄太）,[],[]
ヤクルト・石川雅規に阪神から花束贈呈　両軍ファンが「石川コール」　今季限りで現役引退の通算188勝左腕（サンケイスポーツ）,https://news.yahoo.co.jp/articles/68e759209af4f5016a5eb32ad01123e029f785b4,https://newsatcl-pctr.c.yimg.jp/t/amd-img/20261001-00000009-sanspo-000-1-view.jpg?exp=10800,2026-10-01T06:00:00+09:00,2026-10-01T06:00:00+09:00,サンケイスポーツ,sanspo,サンケイスポーツ,297,甲子園に別れを告げるヤクルト・石川雅規＝甲子園球場（撮影・松永渉平）（株式会社 産経デジタル） （セ・リーグ、阪神5－0ヤクルト、24回戦、阪神17勝7敗、30日、甲子園）試合後、今季限りで現役を引退する球界最年長46歳のヤクルト・石川雅規投手に、阪神からサプライズで花束が贈られた。同じ秋田出身で交流のある石井が手渡すと、球場は両軍のファンから響く「石川コール」に包まれた。 「相手チームがいるからこそプロ野球選手としてやってこられた。敵地のファンにあいさつできて、温かい拍手をいただいて、25年間やってきてよかった」と話していた通算188勝左腕は、帽子を取り、丁寧に頭を下げて感謝を伝えた。,[],[]
DeNA・ビドが帰国　6月加入で1勝1敗＆防御率10.29（サンケイスポーツ）,https://news.yahoo.co.jp/articles/3dcda0558039c84d688a9b018f25d5395f52074d,https://newsatcl-pctr.c.yimg.jp/t/amd-img/20261001-00000008-sanspo-000-1-view.jpg?exp=10800,2026-10-01T06:00:00+09:00,2026-10-01T06:00:00+09:00,サンケイスポーツ,sanspo,サンケイスポーツ,218,DeNAのオスバルド・ビド（株式会社 産経デジタル） DeNAは30日、6月に加入したオスバルド・ビド投手（30）＝前ホワイトソックス＝が帰国したと発表した。今季1軍ではここまで2試合に登板し、1勝1敗、防御率10.29だった。 ビドは球団を通じて「ベイスターズでプレーする機会を与えてくれたことに感謝しています。ファンの皆さんにはシーズン途中で加入したにも関わらず、初日からずっと応援してくれてとても励みになりました」とコメントした。,[],[]
阪神・伏見寅威、高橋を好リード　〝はるとら〟バッテリーで8回無失点（サンケイスポーツ）,https://news.yahoo.co.jp/articles/d1e9f9c07ec8b3332f222e2bf496808aecd8647c,https://newsatcl-pctr.c.yimg.jp/t/amd-img/20261001-00000007-sanspo-000-1-view.jpg?exp=10800,2026-10-01T06:00:00+09:00,2026-10-01T06:00:00+09:00,サンケイスポーツ,sanspo,サンケイスポーツ,277,【プロ野球阪神対ヤクルト】試合後の阪神・伏見寅威＝甲子園球場（撮影・松永渉平）（株式会社 産経デジタル） （セ・リーグ、阪神5－0ヤクルト、24回戦、阪神17勝7敗、30日、甲子園）阪神・伏見寅威捕手（36）が高橋を好リードした。「初回のピンチをギアを上げて抑えたことで流れがきた」。一回先頭の増田に初球を左前に運ばれ、2死三塁としたが松下を空振り三振で得点を許さなかった。八回までスコアボードにゼロを並べた〝はるとら〟バッテリー。「今日は比較的最後まで球威も落ちなかったし、変化球の切れもすごくよかった。最後までいい球でした」と手放しで左腕をたたえた。,[],[]
阪神・工藤泰成、5点差登板で危なげなく三者凡退「いい流れのまま試合を締めたいと思った」（サンケイスポーツ）,https://news.yahoo.co.jp/articles/b023a9c0e880217a5d6017748b273f9b8b09b03c,https://newsatcl-pctr.c.yimg.jp/t/amd-img/20261001-00000006-sanspo-000-1-view.jpg?exp=10800,2026-10-01T06:00:00+09:00,2026-10-01T06:00:00+09:00,サンケイスポーツ,sanspo,サンケイスポーツ,276,【プロ野球阪神対ヤクルト】 9回、投球する阪神・工藤泰成＝甲子園球場（撮影・水島啓輔）（株式会社 産経デジタル） （セ・リーグ、阪神5－0ヤクルト、24回戦、阪神17勝7敗、30日、甲子園）5点差の九回を守護神の工藤が危なげなく締めた。先頭の田中を一ゴロに仕留めると、松下、西村は連続三振。クリーンアップに手も足も出させず「本当にいい形で出番が回ってきて、いい流れのまま試合を締めたいと思ったので良かった」とうなずいた。藤川監督は「工藤には明日もあるので。少しゲームがあいてましたから。ひとつ投げて、今の状態がいいところにある」と継投の理由を説明した。,[],[]
鈴木彩艶、第3次森保ジャパンで初先発へ「まずはゼロで抑えるところを意識して取り組む」（サンケイスポーツ）,https://news.yahoo.co.jp/articles/83cba73984289ec1d27889c4ebcf46d1e07f5498,https://newsatcl-pctr.c.yimg.jp/t/amd-img/20261001-00000005-sanspo-000-1-view.jpg?exp=10800,2026-10-01T06:00:00+09:00,2026-10-01T06:00:00+09:00,サンケイスポーツ,sanspo,サンケイスポーツ,334,前日練習に臨む日本代表・鈴木彩艶＝日産スタジアム（撮影・福島範和）（株式会社 産経デジタル） サッカー日本代表は10月1日午後7時10分から、4カ国がトーナメント方式で争うキリンカップの初戦でエクアドル代表と対戦する。30日は試合会場となる横浜市の日産スタジアムで最終調整した。 所属クラブでの活動中に脇腹を痛めて9月24日のウルグアイ戦を欠場したGK鈴木彩艶（24）＝アストンビラ＝は1日の試合に先発する。森保一監督が「多くのメンバーをベネズエラ戦から替えて明日の試合に挑みたい」と語った中、鈴木彩の先発起用を明言した。日本の守護神は9月25日に全体練習に合流し、28日のベネズエラ戦は後半からプレー。「まずはゼロで抑えるところを意識して取り組む」と無失点を誓った。,[],[]
【ルーキーシリーズ第18戦】展望～地元の井本昌也が主役張る／徳山ボートレース（サンケイスポーツ）,https://news.yahoo.co.jp/articles/6efc78392138b28233d66fcc29891e39da083383,https://newsatcl-pctr.c.yimg.jp/t/amd-img/20261001-00000004-sanspo-000-2-view.jpg?exp=10800,2026-10-01T05:00:01+09:00,2026-10-01T23:25:14+09:00,サンケイスポーツ,sanspo,サンケイスポーツ,893,井本昌也（株式会社 産経デジタル） ボートレース徳山の「スカパー！・JLC杯 徳山ルーキーシリーズ第18戦」の6日間開催が2日、開幕する。地元の井本昌也（山口）をはじめ、畑田汰一（埼玉）、鈴木孝明（埼玉）、浜野斗馬（香川）、宮脇遼太（福岡）、西岡顕心（香川）、藤原仙二（滋賀）、広瀬凜（滋賀）、水谷理人（香川）といった先月、若松で行われたPGⅠヤングダービーからの転戦A1勢がズラリ。A2級勢でも注目選手が多く、好メンバーが集結した。 ◇ V最有力候補はホームの利を生かす井本を推す。先月の当地で行われたGⅠダイヤモンドカップでも予選突破を果たすなど、着実にステップアップしている。まだ詰めの甘さはあるが、オーバーエージ枠の貫禄を示しておきたいところだ。 対抗は記念戦線でも存在感が増している西岡。2026年後期勝率でも、今大会出場選手中ただ一人の7点台と実力は頭ひとつ抜けている。 ほかのオーバーエージ枠の畑田、鈴木も当然、主力の一角ではあるが、畑田はF2の足かせが気がかり。鈴木は5月の当地戦Vと現行のバイオ燃料は経験済みで、今回も調整のアドバンテージはありそう。 浜野は24年に年間5Vを達成しながら、昨年、今年と優勝から遠のいている。A1在位ではあるが、もう少し勝ちまくっていた頃への復調のきっかけがほしい。宮脇も勢いに乗るとピンを並べるタイプ。積極果敢なレースぶりが光るだけにエンジンが早く仕上がればV機は十分だ。 新勢力として藤原、広瀬の滋賀コンビも怖い。特に広瀬は今期絶好調で、6月江戸川のRS第13戦を含めて7優出1Vと乗りに乗っている。 香川コンビも気になる存在。今年1月のRS開幕戦（鳴門）を制した西丸敦基や、初A1昇格の水谷は6月地元・まるがめの同第14戦を制するなどブレーク中で、さらなる飛躍をみせる。 A2級勢では地元の島川海輝（山口）に期待する。5月下関のRS第10戦を制し、来期はA1復帰ペース。自身も渇望している徳山での優勝が、そろそろほしい。同じくA1昇格ペースの安河内鈴之介（福岡）も今年2Vと、若手の実力者のひとりとして定着しつつある。（貝原貴志）,[],[]
【GⅠ児島キングカップ】地元周年初制覇狙う藤原啓史朗　まずは第一関門突破へ2走4点／児島ボートレース（サンケイスポーツ）,https://news.yahoo.co.jp/articles/332df3783bc853a29c1a29f1d35f68889ad9c1a0,https://newsatcl-pctr.c.yimg.jp/t/amd-img/20261001-00000003-sanspo-000-2-view.jpg?exp=10800,2026-10-01T05:00:01+09:00,2026-10-01T23:26:04+09:00,サンケイスポーツ,sanspo,サンケイスポーツ,267,藤原啓史朗（株式会社 産経デジタル） 児島ボートの「GⅠ児島キングカップ開設74周年記念競走」は1日、開催3日目で予選最終日を迎える。 ◇ 準優の好枠ゲットへ気合を入れる。地元の藤原啓史朗（36、岡山）が3日目1Rをインから逃げ切り、シリーズ2勝目をマーク。初日から1、3、3、1着として得点率4位タイにつけた。「全体的にバランスが取れて悪くない。この感じでいこうと思います」と表情は明るい。準優安全圏には入っていないが、2走で4点とノルマは軽い。まずは4日目の前半6Rで〝当確〟を決めて、予選上位突破を狙い後半のメイン12Rに挑む。,[],[]
美空ひばり、「不死鳥伝説」が明かされる　BS12トゥエルビ特番で晩年深くかかわった人々が証言（サンケイスポーツ）,https://news.yahoo.co.jp/articles/9beb931ffc607608c354b4f2cbb8954564a64fdc,https://newsatcl-pctr.c.yimg.jp/t/amd-img/20261001-00000002-sanspo-000-1-view.jpg?exp=10800,2026-10-01T05:00:00+09:00,2026-10-01T05:00:00+09:00,サンケイスポーツ,sanspo,サンケイスポーツ,863,BS12トゥエルビ特番で美空ひばりさんの思い出を語長男、加藤和也氏と石井ふく子さん（株式会社 産経デジタル） 昭和の歌姫、美空ひばりさんのデビュー80周年を記念してBS12トゥエルビ「船越英一郎の昭和再生ファクトリー」（木曜後9.0）でひばり特集第2弾「不死鳥物語」が1日に放送される。 20代後半から晩年までひばりさんと深く関わった人々の貴重な証言を通して、歌手としてだけではない人間・美空ひばりの素顔に迫った。ナビゲーターを務めた長男でひばりプロダクション社長の加藤和也氏は「母が仕事や人とどう向き合い、何を大切に生きてきたのかを改めて見つめることができた」と振り返る。 まず登場するのが後援会を運営していた網中紀子さん。1987年にひばりさんが4カ月に及んだ療養後に後援会に送った手紙と「一生感動」と記した色紙が初公開される。 加藤氏は「母らしいと特に心に残ったのは、体調をくずしたことへの謝罪と、それでも必ず立ち直り、もう一度皆さんに喜んでもらえる舞台を務めるという強い思いが込められていた」と解説。情報解禁前だった東京ドーム公演を意識し、「きっと喜ばせる」という決意表明だったという。 次に証言するのは「愛燦燦」「みだれ髪」「川の流れのように」など、晩年を担当した元日本コロムビアの宅間ディレクター。楽曲を提案した際、ひばりさんが意見したり、否定したことが一度もなく、一緒に仕事をする人を信じていたことが明かされる。 ただ、一度だけ自ら楽曲について希望を伝えたことがあった。シングルを別の楽曲で進めていたところ、「『川の流れのように』にしてもらいたい」と申し出があり、急きょ変更された。それが最後のシングルとなり、世代を超えて、いまなお歌い継がれる名曲となった。 また、幼い頃からリズムが体にしみこんでいた4ビートを歌う貴重な記録映像も、今回テレビ初公開される。 晩年深い交流を重ねたテレビプロデューサーで演出家、石井ふく子さんも登場し、「こんなに性格のいい人はいない」と涙ながらに故人との思い出と人柄を語っている。,[],[]
おぼっちゃまくん、令和の時代に〝カメバック〟　27年テレ朝系で全編完全新作アニメ35年ぶり復活（サンケイスポーツ）,https://news.yahoo.co.jp/articles/ce2c2cae24dc847804ac99b081c40c214be99a40,https://newsatcl-pctr.c.yimg.jp/t/amd-img/20261001-00000001-sanspo-000-1-view.jpg?exp=10800,2026-10-01T05:00:00+09:00,2026-10-01T05:00:00+09:00,サンケイスポーツ,sanspo,サンケイスポーツ,1028,35年ぶりに復活が決まったおぼっちゃまくん©1986 Yoshinori Kobayashi／TV Asahi（株式会社 産経デジタル） ギャグ漫画「おぼっちゃまくん」の全編完全新作アニメが27年、テレビ朝日系で35年ぶりに放送されることが30日、分かった。規格外の財力を持つおぼっちゃまくんを巡るドタバタコメディーで、主人公の声は声優、神代知衣（こうじろ・ちえ、65）が続投。取材に応じた原作者の小林よしのり氏（73）は、「令和の子供たちにどう受け入れてもらえるのか楽しみ」と〝おぼっちゃまくん旋風〟の再来を思い描いた。 小遣い1500万円の小学5年生・おぼっちゃまくんが令和の時代に〝カメバック〟する。小林氏は新たな世代との出会いに胸を高鳴らせた。 「今の子供たちにはこんな純粋に笑えるものがあるのかと新鮮に映るかもしれない。ギャグ漫画家を目指そうという人が出てきたらいいですね」 同作は1986～94年に漫画誌「月刊コロコロコミック」で連載し、89～92年にアニメ化。大富豪の御曹司で、どこへ行くにも亀の精鋭部隊「乗亀隊」に乗って移動する御坊茶魔（おぼう・ちゃま）の奇想天外な日常を描き、「おはヨーグルト」などの「茶魔語」も流行した。 復活のきっかけは意外にもインド。2021年、同国で旧作アニメが放送されると、年間52週のうち40週でキッズチャンネル視聴率1位を獲得。インドから新作制作の熱烈なオファーを受け、「おぼっちゃまくん REBORN」のプロジェクトが始動した。日印合作の今作も貧ぼっちゃまくんら人気キャラクターが登場し、茶魔の声は神代が続投。おなじみの顔ぶれが彩りを添える。 作品に夢中になった子供も今や親世代。下ネタも多く、当時はPTAなどが選ぶ「子供に見せたくない番組」の上位に名を連ねたが、小林氏は「子供たちは小遣いでこっそり（漫画を）買う。それが本当に誇りだった」と振り返る。 根底にあるのは「人を笑わせたい」という思いだ。制作にあたり、自身の過去作を読み返すと「『これ、誰が書いたん？』って思うくらいめちゃくちゃ笑える」と自画自賛。一方、コンプライアンスが厳しい現代で「挑戦し続けなければならない」と背筋を伸ばす。 「茶魔の顔がかわいさの最高基準」と愛着をにじませる代表作で、「ギャグ漫画というものが再認識されたら」と熱望。「わしがもう外に出られないくらいヒットしたらいいですね」。茶魔のような豪快な夢を思い描いた。（橋本真緒）,[],[]
KEY TO LIT、「TRICKS」新広告ビジュアルに登場　センターは佐々木大光？　猪狩蒼弥「トリックス専用のフォーメーション」（サンケイスポーツ）,https://news.yahoo.co.jp/articles/64cb5e171826d8070a66630b8fcce4a921b2d65d,https://newsatcl-pctr.c.yimg.jp/t/amd-img/20261001-00000000-sanspo-000-1-view.jpg?exp=10800,2026-10-01T04:00:00+09:00,2026-10-01T04:00:00+09:00,サンケイスポーツ,sanspo,サンケイスポーツ,775,「TRICKS」の新広告ビジュアルに登場するKEY TO LIT（左から）猪狩蒼弥、井上瑞稀、佐々木大光、中村嶺亜、岩﨑大昇（株式会社 産経デジタル） 人気グループ、KEY TO LIT（キテレツ）が10月1日から公開されるインドネシアのノンフライポテトチップス「TRICKS（トリックス）」の新広告ビジュアルに登場することが9月30日、分かった。 KEY TO LITは2025年2月のグループ結成後、同商品が初の広告契約。同年からCMキャラクターを担当しており、今回の新ビジュアルでは「クール＆ストリート」をテーマに撮影した。 井上瑞稀（25）は前回の広告について「グループを組んですぐだったので、どういうコンセプトが自分たちに似合うのか、まだ分かっていなかった」と回想。一方で1年が経過し、「今の僕たちらしい雰囲気で撮影させていただけて、ありがたいなと思いました」と感謝した。 普段の活動での立ち位置は岩﨑大昇（24）がセンターを務めることが多いが、佐々木大光（24）は「トリックスのときだけ真ん中に来られるんです」とうれしそうに説明。猪狩蒼弥（24）も「トリックス専用のフォーメーション」と強調した。 岩﨑は好みのフレーバーを「サワークリームめっちゃ好き」と告白。佐々木は「深夜でも『ノンフライだから食べていいだろう』という感覚になります」とやみつきになっている。 中村嶺亜（29）は「コミュニティーの中に笑顔が生まれるのが、トリックスだと思います」と話し、「とにかくたくさん食べてほしいですし、たくさんシェアしてほしいという思いでいっぱいです」とPRした。 新ビジュアルの解禁に合わせて、10月1日から5日まで福岡・博多のマイングでポップアップショップを開催。会場では、関連グッズの数量限定販売やビジュアル撮影時のメイキング映像も放映する。,[],[]
