headline,mainEntityOfPage,image,datePublished,dateModified,author,media_en,media_jp,str_count,body,images,external_links
【30代からの面長・間延び解消メイク】美容系YouTuberの“まるで別人”なメイクテクに「変化してて凄い…！」（LIMO）,https://news.yahoo.co.jp/articles/c90aba43ac16fda87d4cbc3702cc10cd9b6f1afb,https://newsatcl-pctr.c.yimg.jp/t/amd-img/20260913-00137287-toushin-000-1-view.jpg?exp=10800,2026-09-13T23:26:11+09:00,2026-09-13T23:26:11+09:00,LIMO,toushin,LIMO,1048,【写真提供】@moechobin（投稿・写真著作権者） 30代からのメイク悩みに寄り添う動画を多く投稿している美容系YouTuberの「もえちょびん（@moechobin）」さんが、「面長・間延びカバーメイク」を紹介する動画がYouTubeで注目を集めています。 ◆【写真】まるで別人…！大人の「面長・間延びカバーメイク」を見る 投稿された動画は、執筆時点で約9400回再生されるなど話題となっています。 そこで、LIMO編集部は「@moechobin」さんに許可をいただき、気になる本投稿のポイントやSNSでの反響をご紹介！ また記事中では、総務省の調査より、最新の「化粧品に関する消費支出」についても解説します。 ※投稿の画像は【写真】リンクをご参照ください。 ※今回ご紹介する投稿は、投稿者様の掲載許可を頂いております。 ※本記事で紹介する商品情報は執筆時点（2026年9月3日）のものです。閲覧時点においては、在庫状況や価格等が異なる可能性がございます。あらかじめご了承ください。 ※編集部注:外部配信先ではハイパーリンクや図表などの画像を全部閲覧できない場合があります。その際はLIMO内でご確認ください。 まるで別人な「面長・間延びカバーメイク」で脱コンプレックス 今回、「面長・間延びカバーメイク」を紹介してくださるのは、30代からのメイク悩みに寄り添う動画を多く投稿している美容系YouTuberの「もえちょびん（@moechobin）」さん。 コスメの使い方を変えるだけで、顔の面長や間延びといったコンプレックスを上手くカバーできることを動画で伝えています。 メイクを始める前に、面長にも「デコが長め」「中顔面が長め」「アゴが長め」と3パターンくらいあることを紹介。 シェーディングは、多く入れると縦の印象が強くなってしまうことを強調しました。 果たして、どのような仕上がりになるのでしょうか？ こちらが完成した「面長・間延びカバーメイク」です！ 下の比較写真を見ると、同じコスメなのに左の普段のメイクとは違い、右の方は顔のパーツが中心に寄っているように見えます。 下あごの長さが気になる方は、リップを下唇よりも少しオーバー目に塗るのがコツなんだそうです。 コメント欄には、 ・「ちゃんと変化してて凄い…！」 ・「左だけメイクしてみたら、ちゃんと効果が出てた！」 ・「かわいいー！」 などの声が集まりました。 「@moechobin」さん、掲載のご許可をありがとうございました！,[],[]
あのヤクデが本気の座椅子に！14990円で買えるポケモングッズが42段階リクライニング＆至福のスエード調で快適すぎる（LIMO）,https://news.yahoo.co.jp/articles/abc6bc97a66f73d940f1bd6e8c3204115e9c7234,https://newsatcl-pctr.c.yimg.jp/t/amd-img/20260913-00137258-toushin-000-1-view.jpg?exp=10800,2026-09-13T22:46:18+09:00,2026-09-13T22:46:18+09:00,LIMO,toushin,LIMO,1125,Aeon Super/shutterstock.com 自宅にいるときは自分らしくいるため、お部屋にいるだけでワクワクするような最高の癒やし空間を作りたいもの。イオンスタイルのオンラインストアでは、毎日のリラックスタイムをより楽しくしくするとっておきのインテリアグッズが勢ぞろいしています。 ◆【写真6枚】ヤクデの背中に乗れるとか夢？イオンスタイルの14990円座椅子、42段階リクライニングとやみつきスエード調で完全に沼（画像出所：イオン公式） 今回ご紹介するのは、大人気のポケットモンスターに登場する「ヤクデ」をモチーフにしたインパクト抜群の座椅子です。愛らしいデザインはもちろんのこと、商品のクオリティの高さと機能性が魅力的。メーカー直送で自宅までしっかり届く、税込14990円の注目アイテムをチェックしていきます。 ※編集部注:外部配信先ではハイパーリンクや図表などの画像を全部閲覧できない場合があります。その際はLIMO内でご確認ください。 イオンスタイル「ポケットモンスター ヤクデ座椅子」ライターによる商品コメント！ イオンスタイルのオンラインストアで取り扱い中の「ポケットモンスター ヤクデ座椅子」は、メーカー直送で届けられる個性あふれる注目の商品です。 お部屋の中で存在感を発揮する目を引く真っ赤なボディと、本物のヤクデがそこにいるかのような仕上がりがファンの心をくすぐります。背もたれを倒すと最大165cmまで伸ばすことができるため、ゆったりと腰掛けるだけでなく、ごろんと寝転がってくつろぐこともできちゃうんです。 キャラクターグッズとしての魅力はもちろん、本格的なインテリアとして自分へのご褒美や家族へのプレゼントにも選ばれている話題のアイテムです。 再現度がすごすぎる！細部まで愛情たっぷりに仕上げたこだわりデザイン インテリアグッズなどを幅広く扱うイオンスタイルオンラインでは、大人気ポケットモンスターのキャラクターデザインのインテリアグッズを展開。今回ご紹介する「ポケットモンスター ヤクデ座椅子」は、ほのお・むしタイプのポケモン「ヤクデ」のフォルムが再現された座椅子です。お部屋の扉を開けた瞬間、思わず笑顔になってしまうような圧倒的な存在感を発揮したアイテムです。 お顔のパーツには立体感が出る細やかな刺繍が施されており、頭の上にちょこんと乗った炎も別パーツで表現するこだわりぶり。さらに、横にあしらわれた足のパーツにも中綿がしっかり詰め込まれていて、立体的なふっくら感が表現されています。正面からはもちろん、背面や裏側に至るまで丁寧に作り込まれているので、360度どこから見てもヤクデそのものの可愛さを堪能できますよ。,[],[]
無印良品の新作〈洗えるフルジップカーディガン〉4990円は家庭の洗濯機で洗える！ポロ衿とフロントジップ（LIMO）,https://news.yahoo.co.jp/articles/b19994b32b5979bd8bdff53a8e74669943840435,https://newsatcl-pctr.c.yimg.jp/t/amd-img/20260913-00138182-toushin-000-1-view.jpg?exp=10800,2026-09-13T22:41:13+09:00,2026-09-13T22:41:13+09:00,LIMO,toushin,LIMO,914,Robert Way/istockphoto.com 朝晩だけ冷える季節は、さっと羽織れるカーディガンが1枚あると助かりますよね。 無印良品の新作「婦人 洗えるフルジップカーディガン」は税込4990円で、ご家庭の洗濯機で洗える一着です。 ◆この記事の写真を見る この記事では、このカーディガンの生地とデザイン、選べるサイズを見ていきます。 ※編集部注:外部配信先ではハイパーリンクや図表などの画像を全部閲覧できない場合があります。その際はLIMO内でご確認ください。 家庭の洗濯機で洗える！凹凸のあるリブ編みカーディガン まずは生地から見ていきます。凹凸のあるリブ編みで、表情のある生地に仕上げられています。 ●婦人 洗えるフルジップカーディガン 4990円（税込） 柔らかい糸で編み立てられていて、軽くチクチクしにくい仕上がりです。首元や手首が当たる部分でも気になりにくそうですね。 そして一番うれしいのが、家庭の洗濯機で洗えること。羽織りものは意外と汗や食べこぼしが付くので、シーズン中に気軽に洗えるのは心強いです。 ●ポロ衿とフロントジップ！ 羽織っても一枚でも着られます シルエットはほど良くゆとりを持たせた形です。ポロ衿とフロントジップの組み合わせで、きれいめなスタイリングにも合わせやすく作られています。 前を開けて羽織るのはもちろん、閉じれば一枚着としても成立します。オフィスでの温度差対策から休日の散歩まで、出番は多そうです。 ジップを上まで閉めるか、途中まで下ろすかで見え方が変わります。1枚でも着回しの幅が出そうですね。 XSからXXLまで6サイズ！透け感なしのやや厚め生地 サイズはXS、S、M、L、XL、XXLの6サイズ展開です。ゆとりのあるシルエットなので、中に着るものに合わせてサイズを選べます。 公式の仕様では、透け感なし、生地の厚さはやや厚め、フィット感は普通と示されています。薄手のインナーの上に羽織っても下が透ける心配は少なそうです。 カラーは黒のみで、2026年9月8日時点のネットストアでは在庫ありと表示されていました。気になる方はネットストアで近隣店舗の在庫状況を調べてみてくださいね。,[],[]
【セリア】まるで絵本みたいな「グリム童話デザインのレターセット」を購入してみた。もらったらワクワクしそう！（LIMO）,https://news.yahoo.co.jp/articles/e0d9582e24a8ae4145dcb78841f76bef5f6eddca,https://newsatcl-pctr.c.yimg.jp/t/amd-img/20260913-00138116-toushin-000-1-view.jpg?exp=10800,2026-09-13T22:31:43+09:00,2026-09-13T22:31:43+09:00,LIMO,toushin,LIMO,1087,yu_photo/shutterstock.com ※編集部注:外部配信先ではハイパーリンクや図表などの画像を全部閲覧できない場合があります。その際はLIMO内でご確認ください。 ◆【写真6枚】シールもかわいい！セリアで即買いした「グリム童話デザインのレターセット」 セリアのレターセットには見えない！ 110円の「グリム童話デザインのレターセット」とは？ セリアに「グリム童話デザインのレターセット」が登場しました。まるで絵本の表紙のような封筒と、かわいい便箋がセットになっています。デザインは、「ブレーメンの音楽隊」と「ヘンゼルとグレーテル」の2種類展開。どちらもかわいいのでセットで購入をしたくなります。 便箋10枚・封筒5枚・シール5枚がセットになっています。5通分セットです。シールもセットになっているので、購入後にすぐに使うことができるのも魅力的なポイント。 レターセット交換でも活躍してくれそうです。手紙を書くことが多い方や、文房具を集めている方はセリアでチェックをしてみてもいいかもしれませんね。 ※本記事で紹介する商品情報・レビューコメント・SNSの閲覧数などは執筆時点（2026年9月11日）のものです。閲覧時点においては、在庫状況や価格等異なる可能性がございます。あらかじめご了承ください。 シールもかわいい！ 細かい部分まで凝っているレターセットなんです セリアの「グリム童話デザインのレターセット」は、2種類ともデザインが凝っています。 こちらは「ブレーメンの音楽隊」デザインです。動物たちが鳴き声を一斉に出す定番の場面が封筒にデザインされています。 動物たちが家に向かって楽しそうに走っていっているイラストが便箋にはデザインされています。封筒と便箋でイラストが異なるので、開いたときも楽しい気分になることができそうです。 封をするのに便利なシールもセットになっています！ シールは全部デザインが異なっているので、手紙の内容にあわせて選ぶこともできます。 こちらは「ヘンゼルとグレーテル」デザインです。封筒には、二人がお菓子の家に出会うシーンのイラストがデザインされています。「ブレーメンの音楽隊」と同様に便箋と封筒でイラストが異なっています。 便箋には、二人が迷子にならないようにパンを道にまいているシーンがデザインされています。 こちらもシールがセットになっています。シールはクッキーデザインで美味しそうです。かわいい手紙が完成しそうですね。 2種類とも購入して組み合わせて使ってみてもいいかもしれませんね。商品情報をまとめると以下の通りです。,[],[]
【1分で爆速】ヘアゴムたった1本だけ！忙しい朝にもぴったりな「時短お団子ヘアアレンジ」 ボリューミーな仕上がりのまとめ髪に「やってみますね！」と反響（LIMO）,https://news.yahoo.co.jp/articles/ba6591789e402c9d931f09fc5921d7bfbafd4b27,https://newsatcl-pctr.c.yimg.jp/t/amd-img/20260913-00137053-toushin-000-1-view.jpg?exp=10800,2026-09-13T22:26:11+09:00,2026-09-13T22:26:11+09:00,LIMO,toushin,LIMO,1047,"【写真提供】＠kana_hair.arrange（投稿・写真著作権者） 猫っ毛ママの垢抜けヘアアレンジを発信している「@kana_hair.arrange」 さんが、1分で完成する「爆速お団子ヘアアレンジ」を紹介する動画がInstagramで注目を集めています。 ◆【写真】1分で完成！ボリューミーな仕上がりの「爆速お団子ヘアアレンジ」を見る 投稿された動画は、執筆時点で約2万回再生されるなど話題となっています。 また記事中では、最新の「美容室の1回あたりの利用金額ランキング」についても解説します。 ※投稿の画像は【写真】をご参照ください。 ※今回ご紹介する動画は、投稿者様の掲載許可を頂いております。 ※編集部注:外部配信先ではハイパーリンクや図表などの画像を全部閲覧できない場合があります。その際はLIMO内でご確認ください。 【所要時間1分・ヘアゴム1本】「爆速お団子ヘア」を解説 所要時間1分・ヘアゴム1本で完成する「爆速お団子ヘアアレンジ」のやり方を解説します。 まずは髪を後ろで結び、最後にヘアゴムをひねってお団子を作ってください。 もう一度ヘアゴムをひねったあと、下りている髪をねじってまとめ、お団子に巻きつけていきます。 髪をお団子に巻き付けたら、全体にヘアゴムをかけて固定。 この段階では毛先が上を向いているため、ヘアゴムを回して毛先を下にずらします。 お団子を整え、全体を引き出したら完成です。 コメント欄では、 ・「やってみますね！」 との声が寄せられています。 「@kana_hair.arrange」さん、掲載のご許可をありがとうございました！ 美容室の1回あたりの利用金額1位は三重県！ 株式会社リクルートの美容調査機関「ホットペッパービューティーアカデミー」の調査によると、美容室の1回あたり利用金額トップは「三重県（1万172円）」で、「東京都（9093円）は10位」という結果になりました。 上位の県ではサロン商品の「店販購入率」が「4割を超えて」おり、施術にとどまらないトータルケア意識の高さが利用金額を押し上げています。 【美容室の平均費用】1回あたりの利用金額ランキング1位は三重県！ 東京は何位？ 参考資料 ・@kana_hair.arrange ・株式会社リクルート「美容に関する都道府県ランキング2024 美容室の利用金額、全国1位は三重県10,172円、2位は富山県9,708円 ネイル、エステ等の美容サロン利用金額1位は東京都」 倉田 しお",[],[]
〈スヌーピー〉のバッグ＆小物が可愛い！アフタヌーンティーの「PEANUTS」コラボ、500mLボトルが入るトートも（LIMO）,https://news.yahoo.co.jp/articles/605bed2002635557bc38c2ff77095e2d8cccc748,https://newsatcl-pctr.c.yimg.jp/t/amd-img/20260913-00137513-toushin-000-1-view.jpg?exp=10800,2026-09-13T21:31:21+09:00,2026-09-13T21:31:21+09:00,LIMO,toushin,LIMO,1268,LIMO編集部撮影 さまざまな商品を手がける「Afternoon Tea LIVING（アフタヌーンティー・リビング）」。そんなアフタヌーンティーから、〈スヌーピー〉たちを描いたリバティプリントのアイテムが登場しました。 ◆【写真6枚】スヌーピーと一緒にお出かけできるアフタヌーンティーの「PEANUTSコラボ新作」の画像を見る（画像出所：アフタヌーンティー公式通販） ラインナップには、500mLのペットボトルもすっぽり収まるトートバッグをはじめ、ロンドンの名所を巡るスヌーピーが描かれたペンケース、折りたたんでコンパクトに持ち運べるポーチ付きエコバッグがあります。 可愛らしさがありながら大人も取り入れやすいデザインで、普段使いにもぴったり。今回は、毎日に取り入れたくなる「PEANUTS」コラボアイテムをご紹介します。 ※本記事で紹介する商品情報などは執筆時点（2026年9月8日）のものです。閲覧時点においては、在庫状況や価格等異なる可能性がございます。あらかじめご了承ください。 ※編集部注:外部配信先ではハイパーリンクや図表などの画像を全部閲覧できない場合があります。その際はLIMO内でご確認ください。 花柄×スヌーピーが華やか！使い勝手も優秀なミニトート ●スクエアミニトートバッグ/リバティプリント/PEANUTS 4400円（税込） 「スクエアミニトートバッグ/リバティプリント/PEANUTS」は、花柄を背景に、コミックのコマに描かれた〈スヌーピー〉たちをあしらったデザイン。表面にはラミネート加工が施されているため、汚れを気にしにくいのも嬉しいポイントです。 しっかりとしたマチ付きで、500mlのペットボトルは縦にも横にも収納できるサイズ感。内側には小物を分けて入れられるポケットも備えており、見た目の可愛さだけでなく、使いやすさにもこだわったミニトートです。 【商品情報】 ・価格（税込）:4400円 ・カラー:ピンク ・サイズ（cm）:縦25、横24.5、マチ10、持ち手35.5 ・重さ:130g ・素材:表地/綿（PVCラミネート加工） 裏地/ポリエステル ロンドンの名所を巡るスヌーピーが可愛いペンケース ●ペンケース/リバティプリント/PEANUTS 2420円（税込） 「ペンケース/リバティプリント/PEANUTS」は、「A London Adventure（ア・ロンドン・アドベンチャー）」のリバティプリントに、ロンドンの街を楽しむ〈スヌーピー〉と仲間たちを描いたデザイン。華やかな柄の中に物語を感じられる、遊び心たっぷりのアイテムです。 スリムなフォルムでバッグの中でもかさばりにくく、すっきりと持ち運べるのも嬉しいポイント。必要な筆記具をコンパクトにまとめられ、持ち歩くたびにスヌーピーの可愛らしさを楽しめます。 【商品情報】 ・価格（税込）:2420円 ・カラー:ネイビー ・サイズ（cm）:縦8.5、横19.5、厚み3.3 ・素材:表地/綿（PVCラミネート加工） 裏地/ポリエステル,[],[]
「レザーカットで髪が収まらなくなった」加齢による癖毛に悩む女性→艶感が美しい「大人の丸みショート」へ変身！（LIMO）,https://news.yahoo.co.jp/articles/088ad1e16544ab954142bce4d106c0da50bd968e,https://newsatcl-pctr.c.yimg.jp/t/amd-img/20260913-00137380-toushin-000-1-view.jpg?exp=10800,2026-09-13T21:26:09+09:00,2026-09-13T21:26:09+09:00,LIMO,toushin,LIMO,1211,【写真提供】＠atsushi.short（投稿・写真著作権者） 大阪府大阪市北区で美容師をされている、ビフォーアフター動画が話題の「@atsushi.short」さんが、来店したお客さんを素敵に大変身させる動画がInstagramで注目を集めています。 ◆【写真】艶となめらかさを取り戻した、丸みのあるショートの仕上がりを見る 当投稿は執筆日時点で約8万9000回再生されるなど話題となっています。 「@atsushi.short」さんの掲載許可のもと、投稿されたビフォーアフターの様子をお届けします。 また記事中では、値上がりが続く「美容室のカット代」の最新事情もご紹介します。 ※投稿の画像は【写真】リンクをご参照ください。 ※今回ご紹介する投稿は、投稿者様の掲載許可を頂いております。 ※編集部注:外部配信先ではハイパーリンクや図表などの画像を全部閲覧できない場合があります。その際はLIMO内でご確認ください。 「絶対ここはこう跳ねる」髪の癖に悩んだ末、艶を取り戻したショートへ 今回の投稿に登場しているのは、髪の顔まわりの部分がどうしても収まらないという悩みを抱えていた女性です。 「私、けっこうストレートだったんですけど」と話す一方、「半年位前から、絶対ここはこう跳ねる」ようになったといい、髪の癖に悩まされてきたことを明かします。「前回またインスタで調べて、この人って所行ったんです」と、投稿を通じて「@atsushi.short」さんのもとを訪れた経緯を話していました。 以前の美容室では、「なんか最初から終わりまで、レザーのハサミ全てそれだった」とのこと。仕上がりに納得がいかなかったようです。「艶がなく」「なんかすごい歳いって見えて」しまったと振り返ります。 当時を振り返りながら話す女性の髪は、前髪も片側に流れて目もとにかかったまとまりきらない印象。 「@atsushi.short」さんはこうした悩みに対して「レザーで切る人も全然世の中にはいっぱいいるので、レザーがダメっていう話では無いんですけど」と前置きしたうえで、「癖があるので、そこにレザーでいくと動きやすくなっちゃう」「年齢に伴って、髪の毛ホワホワしてきやすい」「そういう髪質の方に更に使うと、ホワホワしやすい」と説明。 「要所要所」で使うのが「1番ベストだと思う」という考え方を伝えていました。 鏡を覗き込んだ女性からは、「色々全部可愛い」「綺麗」「このまま、もうこのままずっとこれでいたい」と、次々に喜びの声が。表情も終始笑顔で、「絶対来ます」と、この日の仕上がりへの満足感をにじませていました。 多数のいいねに加えて、コメント欄では ・「めちゃ変わってる！」 ・「髪がツヤツヤ」 ・「とってもお似合いで素敵です」 と、より素敵に変身した姿に称賛が集まっていましたよ。 @atsushi.shortさん、ご協力ありがとうございました！,[],[]
「そんなに辛い思いをしてきたのに、まだ幸せな結末を迎えていない」子犬3匹を失った母犬にSNSで温かな声援（LIMO）,https://news.yahoo.co.jp/articles/f49db292de6f1f8e81efe5341d2cd236b5b00575,https://newsatcl-pctr.c.yimg.jp/t/amd-img/20260913-00137025-toushin-000-1-view.jpg?exp=10800,2026-09-13T21:11:11+09:00,2026-09-13T21:11:11+09:00,LIMO,toushin,LIMO,1461,【写真提供】@lets.rescue.dogs（投稿・写真著作権者） 海外のSNSでは、犬や猫といった動物を保護し、懸命に救おうとする「動物レスキュー」の様子を紹介した投稿がInstagramで注目を集めています。 ◆【写真】子犬たちを失った母犬ジェニーちゃんの「今」を見る 今回、LIMO編集部がピックアップするのは、海外で動物保護活動を行う「Let's Rescue Dogs」のInstagramアカウント「@lets.rescue.dogs」の投稿。 道で4匹の小さな子犬たちと共に彷徨っていたところを2月に保護された母犬のジェニーちゃんは、そのうち3匹の子犬を感染症で失うという辛い経験をしながらも、少しずつ元気と優しさを取り戻し、今もなお新しい家族との出会いを待ち続けています。 執筆時点で135000回再生、約12000件のいいね！ がつくなど話題となった本投稿の中でも、特に胸を打たれるシーンやSNSでの反響をまとめてご紹介します。 また記事中では、犬を家族に迎える際に知っておきたい、犬の生涯費用についても解説していきます。 ※投稿の画像は【写真】をご参照ください。 ※編集部注:外部配信先ではハイパーリンクや図表などの画像を全部閲覧できない場合があります。その際はLIMO内でご確認ください。 【道をさまよっていた母犬と子犬たち】保護後に待っていた厳しい現実 投稿を行った「Let's Rescue Dogs」によると、母犬のジェニーちゃんは、4匹の小さな子犬たちと共に道を彷徨っているところを発見されました。近づいてよく見ると、子犬たちの様子には深刻な異変が見て取れたといいます。安全な場所へ保護されたあとも、ジェニーちゃんはひどく不安そうな様子を見せていたとのことで、投稿では「それには十分な理由があった」とつづられています。実際、子犬たちは全員、本来であれば防ぐことができたはずの感染症にかかっており、病院で24時間にわたって懸命な治療が続けられましたが、生き残ることができたのは、ジャックと名付けられた1匹だけだったといいます。 【新しい家族を待ち続ける】立ち直りを見せるジェニーちゃんの「今」 投稿によれば、4匹のうち3匹の子犬を見送ることになったジェニーちゃんのために、保護団体のスタッフは懸命に寄り添い、その心を癒やそうと努めてきたといいます。その甲斐あってジェニーちゃんは少しずつ元気を取り戻し、クレートトレーニングやリードトレーニングを身につけ、他の犬や子ども、そして落ち着いた性格の猫とも仲良くできる、愛情深い性格に成長しました。 一度は新しい家族のもとへ引き取られ、幸せそうな様子を見せていたジェニーちゃんでしたが、投稿によると、間もなく保護団体のもとへ戻されてしまったといいます。それ以来、ジェニーちゃんはずっと新しい家族との出会いを待ち続けていますが、いまだ良い縁に恵まれていないとのことです。投稿では「ジェニーは誰とでも仲良くできる、遊び好きな女の子」「彼女はこれまで一度も持てなかった愛情あふれる家庭を待ち望んでいて、その準備は万端」とつづられており、一日も早く安心して暮らせる家庭に出会えることが願われています。 コメント欄では ・「なんて美しい女の子なの。彼女には愛情ある家庭がふさわしいわ」 ・「ジェニーが早く、愛情深い永久の家庭に出会えますように祈っています」 など、彼女の新しい門出を願う声が寄せられていました。 ――以上、海外のSNSで話題のワンちゃんでした。,[],[]
「3個セットで衣類をすっきり整理」アイリスプラザの収納ケースが3980円。高さ約23.2cmでベッド下に収まり3段まで積み重ねて使える（LIMO）,https://news.yahoo.co.jp/articles/6c6d4ffb59a846bc70d9a4d77a00581c944209c2,https://newsatcl-pctr.c.yimg.jp/t/amd-img/20260913-00137245-toushin-000-1-view.jpg?exp=10800,2026-09-13T20:46:17+09:00,2026-09-13T20:46:17+09:00,LIMO,toushin,LIMO,1122,出典：アイリスオーヤマ公式サイト やっと夏が終わって涼しくなってきましたが、衣替えの時期はしまう服と今着る服を入れ替えるだけでも意外と手間がかかります。クローゼットの中がいっぱいだと、ベッド下やハンガーラックの下など、普段は空いている場所も収納に使いたくなりますよね。 ◆【写真9枚】「ベッド下を収納スペースに」アイリスプラザの3980円収納ケース3個セットは約27.7L入り「3段まで積み重ね可能です」（画像出所：アイリスプラザ） そんな空きスペースには高さを抑えた引き出し式ケースがあると便利です。衣類をケースごとに分けておけば、季節が変わったときにも中身を整理しやすくなります。 今回ご紹介するアイリスプラザの「【3個セット】収納ケース BC-L チェスト」は3980円（税込）。一部は定価が4880円ですが、現在すべて税込3980円で販売されています。高さ約23.2cm、奥行約50cmの浅型タイプで、1個あたり約27.7L。3個セットで、3段まで積み重ねて使えます。 ※編集部注:外部配信先ではハイパーリンクや図表などの画像を全部閲覧できない場合があります。その際はLIMO内でご確認ください。 アイリスプラザ「【3個セット】収納ケース BC-L チェスト」公式のレビューの声を紹介！ アイリスプラザ公式サイトにはベッド下収納や衣替えで使っている購入者からレビューが寄せられています。ここでは3個セットを購入した方の声を中心に紹介します。 「とてもカワイイ色で大きさも使いやすいサイズです。軽いのでそのまま洋服を入れて移動出来ます。衣替えがラクになりました！」 「引っ越しで、ベッド下用に購入しました。サイズもちょうど良く、3個セットだったので洋服が片付きました。配送も早く注文してすぐ届きました。主人も欲しいと言うのでリピしました。」 「リピート買いです。ベッドの下とかクローゼットの中とか部屋のデッドスペースに置いて使ってます。」 「容量多いからパーカーとかも余裕で入るから満足です！ リピートです！」 「クローゼット用に買いました。サイズぴったりで色も馴染んで見た目もスッキリ、大満足です。」 レビューではベッド下やクローゼットの空きスペースを使っている声に加え、衣替えで便利だったという投稿も見られます。収納量についても、パーカーが入る容量に満足しているという声がありました。 高さ約23.2cmの浅型はベッド下へ置ける一方、クローゼットでは3段まで重ねて使えます。3個を横に並べるか縦に積むかで置き方を変えられるため、同じセットでも収納場所に合わせて配置できるのもいいですね。（出典:アイリスプラザ）※2026年9月6日時点,[],[]
「平成っぽい！」ブルーブルーエの『40周年記念こひつじブローチ』が平成感満載で一目惚れ「子どもの頃に見たことあるかも！」（LIMO）,https://news.yahoo.co.jp/articles/3678c9936572e10abbfd1aa252c009699294d504,https://newsatcl-pctr.c.yimg.jp/t/amd-img/20260913-00138075-toushin-000-1-view.jpg?exp=10800,2026-09-13T20:31:41+09:00,2026-09-13T20:31:41+09:00,LIMO,toushin,LIMO,1043,出所：ブルーブルーエ公式 ※編集部注:外部配信先ではハイパーリンクや図表などの画像を全部閲覧できない場合があります。その際はLIMO内でご確認ください。 ◆【写真5枚】レトロかわいい見た目の「40周年記念こひつじブローチ」（画像出所：Bleu Bleuet公式通販） 昔のデザインがそのまま使われています！ブルーブルーエの「40周年記念こひつじブローチ」 ブルーブルーエに「40周年記念こひつじブローチ」が登場しました！ 40年前にオープンしたブルーブルーエで、2000年代当時のオリジナルイラストを復刻したデザインです。どこか懐かしい平成レトロな雰囲気が漂うブローチですね。 当時のことを知る人が見たら「子どもの頃に、こんなデザインのグッズを見たことある！」「懐かしい！」と感じることができるでしょう。 羊は来年の干支でもあるので、2027年のお出かけコーデで大活躍をしてくれること間違いなし！ 価格は1890円（税込）です。 プチプラで購入できるアイテムなので、ちょっとしたプチギフトとしても便利に活用することができるでしょう。 ※本記事で紹介する商品情報・レビューコメント・SNSの閲覧数などは執筆時点（2026年9月11日）のものです。閲覧時点においては、在庫状況や価格等異なる可能性がございます。あらかじめご了承ください。 ぬくもりを感じさせる木製！ ピンつきだから、衣類につけやすい ブルーブルーエの「40周年記念こひつじブローチ」は、木製のブローチです。天然素材が使われているアイテムなので、ぬくもりを感じることができます。 サイズは、約高さ4cm×横幅4.5cm×厚さ1cmです。大きすぎないサイズ感なので、ポーチやバッグのワンポイントアイテムとして便利に活用することができるでしょう。 主張しすぎないブローチなので、どんなアイテムにもマッチします。いつもの洋服やバッグにプラスするだけで特別な気分が味わえます！ かわいいもの好きさんはチェックしてみてもいいかもしれませんね。商品情報をまとめると以下の通りです。 商品情報 ・商品名:40THこひつじブローチ ・価格:1890円（税込） ・サイズ（約）:高さ4 横幅4.5 厚さ1 ・素材・原材料:ウッド 真鍮 ・原産国:フィリピン製 参考資料 ・Bleu Bleuet（ブルーブルーエ）公式通販 40THこひつじブローチ ・Bleu Bleuet（ブルーブルーエ）公式通販 40TH ANNIVERSARY 小西 未来,[],[]
静岡県の道の駅にある「野菜カレー」で思わず笑顔に！彩り豊かな一皿が「うますぎる」「思い出に残る」（LIMO）,https://news.yahoo.co.jp/articles/f557996917fa32c079dc944ab39f0a0b231e9ea7,https://newsatcl-pctr.c.yimg.jp/t/amd-img/20260913-00138242-toushin-000-1-view.jpg?exp=10800,2026-09-13T20:26:14+09:00,2026-09-13T20:26:14+09:00,LIMO,toushin,LIMO,1002,出所：@michinoeki_si 「道の駅掛川」 TikTokやInstagramなどで、全国各地の道の駅のグルメを中心に紹介している「全国道の駅の旅人」のなおすけさん（@michinoeki_si）。毎回二人でグルメレポートする様子が話題となっています。 ◆【写真】「彩り豊かな野菜カレー」を見る 今回は、なおすけさんが投稿した、静岡県「道の駅掛川」の野菜カレーについてご紹介します。 また、記事の内容にちなんで、SNSで話題の道の駅ランキングトップ3についても紹介しますので、ぜひ最後までチェックしてみてくださいね。 ※編集部注:外部配信先ではハイパーリンクや図表などの画像を全部閲覧できない場合があります。その際はLIMO内でご確認ください。 静岡県×道の駅掛川の彩り鮮やかな野菜カレーとは お茶の名産地として知られる静岡県掛川市にある「道の駅掛川」。地元農産物を扱う直売所をはじめ、地元の食材を使ったレストランや24時間営業のコンビニ等もあり、ドライブ途中の休憩スポットとして賑わっています。 そんな道の駅のレストラン「うまい処」で提供されているのが、地元産の野菜をふんだんに使った「野菜カレー」。彩り豊かな見た目が印象的な、ボリューム満点のご当地グルメです。一体どのような味わいなのでしょうか？ 「色鮮やか」な見た目と食べ応えに大満足 目の前に運ばれてきたカレーを見て、「色鮮やか！」と美しさに注目したなおすけさん。早速野菜カレーを食べ始めると、「間違いなくおいしい！」と満足そうな様子です。 「ルーに野菜とかお肉が溶け込んでて、すごい食べ応えがある」と、カレールーに深い味わいを感じたそう。「食べて！ 本当においしい！」と勧められた同行者さんも、一口食べると「うますぎる…」と思わず目を閉じるほどです。 その後も、きのこやさつまいも、レンコンなどを次々と口へ運び、なおすけさんから「トマト！ トマト！」「菜の花！ 菜の花！」と横から声をかけられながら、パクパクと食べ進めていました。 最後には、「色鮮やかで目にもおいしい！ 最高に思い出に残るカレー」「おじいちゃんでも子供でも絶対においしいって言ってもらえるくらい食べやすい」と振り返っていました。 彩り豊かな野菜と、野菜や肉の味わいが溶け込んだルーを一緒に楽しめる野菜カレー。掛川方面を訪れた際にチェックしてみたくなる道の駅グルメですね。,[],[]
【約2万2000回再生】注文でやらかした一輪挿しが、結果いちばんの主役になった話（LIMO）,https://news.yahoo.co.jp/articles/6aee4128123d305890b3474c73584cd9213f3505,https://newsatcl-pctr.c.yimg.jp/t/amd-img/20260913-00137013-toushin-000-1-view.jpg?exp=10800,2026-09-13T20:11:11+09:00,2026-09-13T20:11:11+09:00,LIMO,toushin,LIMO,1431,【写真提供】@asami_kurashi（投稿・写真著作権者） 築35年のアパートをセルフリフォームしているInstagramerが、ストーンレジンのキットを、築古の部屋にもなじむ「リング型の花瓶」へと変身させて、話題になっています。 ◆【写真】完成した「リング型の花瓶」を見る 動画を投稿したのは、「@asami_kurashi」さん。 投稿された動画は執筆時点で約2万2000回再生されるなど注目を集めています。 そこで、LIMO編集部は「@asami_kurashi」さんに許可をいただき、気になる本投稿のポイントをご紹介！ また記事中では、DIYにも関連する家の「資産価値」についても解説していきます。 ※投稿の画像は【写真】リンクをご参照ください。 ※今回ご紹介する投稿は、投稿者様の掲載許可を頂いております。 ※編集部注:外部配信先ではハイパーリンクや図表などの画像を全部閲覧できない場合があります。その際はLIMO内でご確認ください。 【レジンDIY】「ストーンレジン」のキットが、リング型の花瓶に変身！ 投稿者の「@asami_kurashi」さんは、二級建築士の資格を持つ、自称「間取り図好きのお部屋マニア」です。 現在はご両親からの依頼を受け、築35年の中古アパートのセルフリフォームに挑戦。資格を活かしたコスパ重視の部屋づくりの様子を、Instagramで発信しています。 今回の動画では、ストーンレジンを使って「築古部屋にもなじむ花瓶」を作る様子が紹介されています。 ところが、話は「注文でやらかしました」という一言から始まります。届いたキットを開けてみると、商品画像ではクリアだったはずの一輪挿しが紫色。「『やってしまった…』って正直思った」と@asami_kurashiさんは振り返ります。 それでも「でも、もしかしたら意外に良いカモしれない！」と考え直し、そのまま作ることに決めました。 目指すのはナチュラルな雰囲気です。アクリルペイントで淡いベージュ色と白色の2色を作り、リング型のシリコン型へ交互に流し込みます。 流し込んだら、竹串のような棒で混ぜ合わせてマーブル模様を作っていきます。「正直、混ぜ合わせるのは自分の好きなマーブルになるまでひたすらグルグルします」とのこと。決まった正解はなく、感覚勝負の工程です。 全部流し終えたら、しっかり乾燥・硬化させます。かなり分厚いぶん、時間もかかります。@asami_kurashiさん家のストーンレジンはどのように変身したのでしょうか？ 「緊張しながら型から外すと…いい感じにキレイに出来た」。ベージュと白がやわらかく混ざり合った、厚みのあるリング型の花瓶へと仕上がりました。 石のようなマットな質感で、大理石のような表情が出ています。真っ白ではなくベージュを混ぜたことで、築年数を重ねた部屋の色味にもすっと溶け込みました。 そして気になっていた紫の一輪挿しですが、@asami_kurashiさん曰く、リングの穴に差し込んで置いてみると「意外とアリかも」とのこと。 かすみ草を生けると、白い本体とグレージュの壁のあいだで紫がほどよいアクセントになりました。 「むしろこの紫が、もしかしたら買い替えずにこのまま使うかも」と@asami_kurashiさん。想定外が、結果的にこの花瓶だけの個性になっています。 @asami_kurashiさん、掲載のご許可をありがとうございました！,[],[]
【64歳マダム】UNIQLOのジャージーバレルレッグパンツで作るブラウン×くすみブルーの秋色コーデが素敵（LIMO）,https://news.yahoo.co.jp/articles/1255096f29f02035e1aee5d6129b5cd3c9427a95,https://newsatcl-pctr.c.yimg.jp/t/amd-img/20260913-00137967-toushin-000-1-view.jpg?exp=10800,2026-09-13T19:26:14+09:00,2026-09-13T19:26:14+09:00,LIMO,toushin,LIMO,1309,【写真提供】＠monmon0307（投稿・写真著作権者） 64歳のマダムの日常を発信する「@monmon0307」さんが投稿した「上品な秋色コーデ」がInstagramで注目を集めています。 ◆【写真】渋めカラーが上品！64歳マダムの「秋色コーデ」を見る 投稿された写真は執筆時点で278いいねされるなど話題となっています。 そこで、LIMO編集部は「@monmon0307」さんに許可をいただき、ファッションの注目ポイントやSNSでの反響をご紹介！ また記事中では、「老齢年金生活者支援給付金」についても解説します。 ※投稿の画像は【写真】リンクをご参照ください。 ※今回ご紹介する投稿は、投稿者様の掲載許可を頂いております。 ※編集部注:外部配信先ではハイパーリンクや図表などの画像を全部閲覧できない場合があります。その際はLIMO内でご確認ください。 UNIQLO「ジャージーバレルレッグパンツ」でシックな秋色コーデ UNIQLOのブラウンのジャージーバレルレッグパンツに、深めくすみブルーの無地Tシャツを合わせた@monmon0307さん。 ダークトーンを基調にして大人の渋みと抜け感を両立した、上品なスタイリングがとてもおしゃれです。 ジャージーバレルレッグパンツにTシャツをインすることで、スッキリとしたシルエットとリラックス感を演出しています。 さらに足元のトングサンダルが、キメすぎない大人のラフさを表現していてとても素敵です。 パールのネックレスや重ね付けしたバングルで、首元と手元が華やかな雰囲気になり、おしゃれなアクセントになっています！ サイドや後ろ姿のシルエットも、リラクシーでありながら上品さがありとても美しいですね。 コメント欄では、 ・「渋めのカラー合わせ、とても素敵です。陽気はまだ夏だけど、季節が進んだ新鮮さを感じます」 といった声がありましたよ。 @monmon0307さん、ご協力ありがとうございました！ おしゃれの前に知っておきたい。60歳から申請でもらえるお金 新しい服や小物を楽しむ余裕を持つには、収入面の安心感も欠かせません。 実は年金や雇用保険には「申請しないともらえない」お金が複数あります。加給年金は「年額24万3800円」、高年齢雇用継続給付は「賃金の最大10％」が支給されるなど、知っているかどうかで受け取れる金額に差が出ます。 所得が少ない世帯向けの給付金には、どのようなものがあるのでしょうか。 【2026年最新】60歳・65歳以上がもらえるお金・公的給付金一覧！ 年金上乗せ・雇用保険・医療介護の申請漏れを防ぐ完全ガイド！ 「知っておきたい」お金の仕組みを徹底解説 いずれの給付金も自己申告制のため、対象なのに気づかず受け取り損ねているケースも少なくありません。 60歳を過ぎてからもらえるお金にはどんな給付金があるのでしょうか。お気に入りの一着を我慢せず楽しむためにも、自分がもらえる給付金がないか一度確認しておいてもよいかもしれませんね。 参考資料 ・@monmon0307 ・日本年金機構「老齢（補足的老齢）年金生活者支援給付金の概要」 村上 美咲,[],[]
セリアの「おもちゃパッケージ風キーホルダー」が本物のパッケージみたいで最高だった！ガチャの戦利品をもっとかわいく持ち歩きたい方必見です（LIMO）,https://news.yahoo.co.jp/articles/129b6cb49fa52efb51a8a0d3a921ef1a10b87d94,https://newsatcl-pctr.c.yimg.jp/t/amd-img/20260913-00135332-toushin-000-1-view.jpg?exp=10800,2026-09-13T19:21:35+09:00,2026-09-13T19:21:35+09:00,LIMO,toushin,LIMO,974,yu_photo/shutterstock.com 「ガチャで手に入れたマスコットやめじるしアクセサリー、もっとかわいく飾りたい！ 持ち歩きたい！」と思ったことはありませんか？ セリアの「おもちゃパッケージ風キーホルダー」は、好きなカードを背景にしてマスコットを前面に入れられる、本物のおもちゃパッケージのような見た目のアイテムです。 ◆【写真6枚】ガチャを収納してみた写真を見る〈100均アイテム購入レポート〉 カードとマスコットを一緒にディスプレイできるのはもちろん、ボールチェーン付きなのでキーホルダーとして持ち歩くこともできます。 今回は商品の特徴と、めじるしアクセサリーなどを収納した様子もあわせてご紹介します。 ※写真はすべて筆者撮影です。 ※本記事で紹介する商品情報・レビューコメント・SNSの閲覧数などは執筆時点（2026年9月10日）のものです。閲覧時点においては、在庫状況や価格等異なる可能性がございます。あらかじめご了承ください。 ※編集部注:外部配信先ではハイパーリンクや図表などの画像を全部閲覧できない場合があります。その際はLIMO内でご確認ください。 飾っても持ち歩いてもかわいい！ ●セリア「おもちゃパッケージ風キーホルダー」110円 セリアの「おもちゃパッケージ風キーホルダー」は、カードとマスコットを一緒にディスプレイできるクリアケースのキーホルダーです。 背面のスリーブにお気に入りのカードなどを入れて、前面のスペースにガチャのマスコットやめじるしアクセサリーを収納するだけで、まるで本物のおもちゃパッケージのような仕上がりになります。 ボールチェーン付きでそのまま持ち歩けるのはもちろん、足がついているので棚や机の上に自立して飾れるのも魅力です。 カードはスリーブ込みで66×92mmまで対応しているので、さまざまなトレーディングカードとの組み合わせを楽しめます。 〈実践レポート！〉実際にマスコットを収納してみました ●飾るだけだったカードやマスコットを、キーホルダーとして持ち歩ける セリアで購入した「インテリアミニフィギュア4」を収納してみると、まるで本物のおもちゃパッケージのような仕上がりになりました。 自立するので棚や机の上にそのまま飾れて、ガチャの戦利品などをかわいくディスプレイできそうです。,[],[]
【管理職の月収】非役職者は「31万500円」部長級との差は前年より縮んだ？10月から最低賃金が上がるなか、課長級・係長級はいくらか（LIMO）,https://news.yahoo.co.jp/articles/0a74cf8e1be2fb90e107d69e2ed4103d7dfd170f,https://newsatcl-pctr.c.yimg.jp/t/amd-img/20260913-00137814-toushin-000-1-view.jpg?exp=10800,2026-09-13T18:51:28+09:00,2026-09-13T18:51:28+09:00,LIMO,toushin,LIMO,1686,Wako Megumi/shutterstock.com 厚生労働省は2026年9月3日、令和8年度の地域別最低賃金がすべての都道府県で答申されたと公表しました。 ◆部長級から非役職者まで、所定内給与額と年収の目安を一段ずつ並べた一覧 改定後の全国加重平均額は1177円で、前年度から56円の引き上げです。発効は10月1日から12月2日にかけて、都道府県ごとに順次となります。 賃金の下限がこれだけ動くと、組織の上のほうの賃金は今どのくらいなのかも気になるところです。 この記事では、厚生労働省の令和7年賃金構造基本統計調査をもとに、部長級・課長級・係長級・非役職者の所定内給与額と年収の目安を一覧で確認します。 ※編集部注:外部配信先ではハイパーリンクや図表などの画像を全部閲覧できない場合があります。その際はLIMO内でご確認ください。 令和8年度の地域別最低賃金は全国加重平均1177円に改定される まず、2026年10月から順次発効する地域別最低賃金の中身を確認します。 ●引き上げ額は56円で、発効は10月1日から12月2日まで順次 厚生労働省の公表によると、令和8年度の地域別最低賃金の改定額は、全国加重平均で1177円になりました。 前年度の1121円から56円の引き上げです。この56円という引き上げ幅は、昭和53年度に目安制度が始まって以降で2番目の高さにあたります。 都道府県別の引き上げ額は54円から65円の幅に分かれました。発効予定日も一律ではなく、令和8年10月1日から令和8年12月2日までの間に順次となります。 ●最高額と最低額の比率は84.8％まで縮まった 改定後の最高額は1280円、最低額は1085円です。 最高額に対する最低額の比率は84.8％で、12年連続で改善しました。地域による差は、金額そのものは開いたままでも、比率で見ると年々縮まっています。 部長級・課長級・係長級の所定内給与額はいくらか ここからは、同じ厚生労働省の令和7年賃金構造基本統計調査を使って、役職別の賃金を見ていきます。 ●役職別の所定内給与額を一覧で確認する この調査でいう所定内給与額は、月々決まって支給される給与から残業代などの超過労働給与を差し引いた額です。賞与は含まれません。 一般労働者のうち雇用期間の定めのない人について、男女計で見た令和7年の数値は次のとおりです。 ・部長級:63万5800円 ・課長級:52万9200円 ・係長級:39万9200円 ・非役職者:31万500円 非役職者を100としたとき、部長級は204.8、課長級は170.4、係長級は128.6にあたります。 ●賞与を4カ月分と仮定した年収の目安 賃金構造基本統計調査は月々の給与を調べたもので、年収そのものは公表されていません。 そこで、賞与を年間4カ月分と仮定して、所定内給与額を16倍した目安を置いてみます。 ・部長級:約1017万円 ・課長級:約847万円 ・係長級:約639万円 ・非役職者:約497万円 あくまで仮定を置いた試算です。賞与の月数は勤務先によって違いますし、残業代も入っていません。 参考までに、改定後の最低賃金1177円で1日8時間・年間260日働いたとすると、244万8160円になります。こちらも賞与を見込まない単純計算です。 役職に就いている人の平均年齢と勤続年数 同じ調査には、役職ごとの平均年齢と平均勤続年数も載っています。金額と合わせて見ると、その役職に届くまでの時間が見えてきます。 ●部長級の平均年齢は53.1歳、勤続年数は22.6年 男女計で見ると、部長級の平均年齢は53.1歳、平均勤続年数は22.6年です。 課長級は49.5歳・20.9年、係長級は45.4歳・17.5年と続きます。 ●非役職者との年齢差は11.3年ある 非役職者の平均年齢は41.8歳、平均勤続年数は10.8年です。 部長級との差は、年齢で11.3年、勤続年数で11.8年あります。ひとつの会社に長くとどまった人が多く含まれる層だと分かります。 齊藤 慧,[],[]
見た目はコンパクトなのに本格派！イオンで買える5478円ゴリラのひとつかみの痛気持ちいい強圧がふくらはぎを救う（LIMO）,https://news.yahoo.co.jp/articles/c583c84ce8281cd15f7b52a9d2d8a7464b7ac99a,https://newsatcl-pctr.c.yimg.jp/t/amd-img/20260913-00137207-toushin-000-1-view.jpg?exp=10800,2026-09-13T18:46:17+09:00,2026-09-13T18:46:17+09:00,LIMO,toushin,LIMO,1067,Aeon Super/shutterstock.com 毎日の生活を便利でおしゃれに彩る日用品や話題の健康グッズが充実しているイオンスタイル。暮らしに寄り添うアイテムを幅広く取り揃え、お買い物ファミリーから人気のショップです。 ◆【写真5枚】立ち仕事で脚がパンパンな人試してみて！5478円のゴリラのひとつかみが本格的な強圧でふくらはぎを力強くほぐしてくれて至福すぎる（画像出所：イオン公式） そんなイオンスタイルで、おうちでのふくらはぎケアに役立つと話題なのが「ゴリラのひとつかみ」（5478円）です。今回は、痛気持ちいい強烈なハイパワーで足の疲れを癒やしてくれる名作の魅力を徹底解剖します。 ※編集部注:外部配信先ではハイパーリンクや図表などの画像を全部閲覧できない場合があります。その際はLIMO内でご確認ください。 イオンスタイル「ゴリラのひとつかみ」公式サイトのレビューの声！ イオンスタイル公式サイトのレビューには「操作は強弱ボタンだけでシンプルなのに、いい感じにマッサージしてくれます。スキマ時間で使えるので、毎日重宝してます」 「立ち仕事でふくらはぎがつったり、だるかったりしています。コンパクトで簡単に使え強さの調節も簡単にできとても使いやすいです。毎晩使っていますが足が楽に感じます」 「マッサージへ行くより自宅で気軽に出来るので買って良かったと思いました」といったコメントが寄せられています。 「疲れた脚をケアしたいけれどマッサージに行くのは面倒…」なんてときにぴったりなアイテムなので、自分ではケアしにくいふくらはぎが、自宅で手軽に本格ケアできる心地よさに満足する声が集まっているようですね。 （出典:イオンスタイルオンライン）※2026年9月5日時点 ふくらはぎのパンパンなお悩みに！ゴリラ級の痛気持ちいいハイパワーケア 1日中立ち仕事をしたり、デスクワークでずっと座りっぱなしだった日の夜は、ふくらはぎがだるくて重たくなりがち。手で揉むのも力がいって大変だし、なかなか自分では上手くケアできないとお悩みの人も多いはず。そんなお悩みを解決してくれるのが、ドウシシャの「ゴリラのひとつかみ」です。 一見するとコンパクトで可愛らしい見た目ですが、中には空気をグングン送り込む超強力ポンプを搭載。エアバッグが膨らむことで、まるでゴリラに力強く握られているかのようなガツンと響く圧迫感を与えてくれます。 ふくらはぎをグイグイほぐしてくれるので、本格的なマッサージを受けたあとのような気分が自宅で手軽に味わえるんです。,[],[]
伊勢丹新宿の屋上庭園に行くと…デパ地下スイーツと飲み物を楽しめる空間に「知らなかった」「やってみたい」（LIMO）,https://news.yahoo.co.jp/articles/d8002228f2f86b7b03fee7da548a2d2674b46b4d,https://newsatcl-pctr.c.yimg.jp/t/amd-img/20260913-00138255-toushin-000-1-view.jpg?exp=10800,2026-09-13T18:36:32+09:00,2026-09-13T18:36:32+09:00,LIMO,toushin,LIMO,1233,出所：@AI_my_moco 百貨店の屋上庭園を利用した素敵な過ごし方が、X上で話題になっています。今回は、投稿者のmocoさん（@AI_my_moco）に許可をいただきお話を伺いました。 ◆【写真】「百貨店屋上での素敵な過ごし方」を見る 当ポストには執筆時点で7100件を超えるいいねが集まり、「これ、やりたい！」「東京行きたい…」といった多くのコメントが寄せられています。 記事の内容にちなんで、ギフトとして渡すお菓子に関するアンケート結果を紹介しますので、ぜひ最後までチェックしてみてくださいね。 ※編集部注:外部配信先ではハイパーリンクや図表などの画像を全部閲覧できない場合があります。その際はLIMO内でご確認ください。 新宿伊勢丹・屋上庭園での特別な過ごし方 「ひみつの贅沢を教えよう。よく冷えた紅茶かコーヒーを水筒に入れて新宿伊勢丹に行くんだ。B1階に【ease】というパティスリーがある。そこでケーキなんかを買って屋上の屋根付きの東屋で食べるんだ。 人もあまりいないし意外と暑くなくて快適に過ごすことができるぞ」というコメントとともに投稿された写真。そこに写っていたのは、「pâtisserie ease」のクッキー缶でした。 「pâtisserie ease」は、クッキーやフィナンシェ、ケーキなどを中心に販売する洋菓子店。缶いっぱいに入っているクッキーをお供に、百貨店の屋上に広がるガーデンでゆったりと過ごすなんて、とても贅沢な時間に感じられますね。 投稿のきっかけについて、mocoさんは次のように話してくれました。 「都内で食事や休憩をしたくてもどのお店に入ればいいか迷うし、ケーキのような生菓子は時間を考えると持ち帰れないと悩んでいて、たどり着いた答えがこれでした。同じ悩みのある人に届いてほしいと思い投稿しました」 そんな屋上庭園での過ごし方は、SNSで大きな反響を呼びました。 屋上庭園でのひとときに「最高」「素敵すぎる」の声 ポストには多数のいいねに加え、リプライ欄には ・「もしかして、これからの季節は涼しくなるから、快適で最高になるんじゃあないですか？ ！」 ・「分かった！ 私の世界一のミルクティーを水筒に入れて、東屋でのティータイムと洒落込もうじゃないか！」 ・「最近デパ地下のスイーツと何かおいしいテイクアウトの飲み物買ってデパートの屋上庭園でまったりする事を覚えてしまった このおかげで、持って帰るには時間が必要で買えなかったスイーツとかが食べられる事に気がついた」 ・「二子玉川でも似たような事できる！ 屋上が素敵過ぎる！ 用がなくても行ってのんびりしたい」 など、実際にやってみたいという声から、屋上庭園の快適さに共感する声まで、多くのコメントが寄せられました。 mocoさんは反響を受けて、「同じ技を活用している方も多くて嬉しかったです！ 屋上が混み合わない程度に賑わったら楽しいなと思いました！」と振り返りました。,[],[]
「にゃにゃんと！」ニトリで本物の猫みたいな『ネコクッション』を見つけた！「全長35cm」「猫を膝に乗せてる気分！」（LIMO）,https://news.yahoo.co.jp/articles/38c5f5778fc19ce7ae0c62aeaa9ffd583438d456,https://newsatcl-pctr.c.yimg.jp/t/amd-img/20260913-00138055-toushin-000-1-view.jpg?exp=10800,2026-09-13T18:31:43+09:00,2026-09-13T18:31:43+09:00,LIMO,toushin,LIMO,1062,yu_photo/shutterstock.com ※編集部注:外部配信先ではハイパーリンクや図表などの画像を全部閲覧できない場合があります。その際はLIMO内でご確認ください。 ◆【写真5枚】縞々模様！かわいすぎる「猫クッション」（画像出所：ニトリ公式通販ニトリネット） ニトリで発見！ 本物の猫みたいな「ネコクッション」がかわいいのに、1490円 こちらがニトリに登場した「ネコクッション」です。まるで猫ちゃんが飼い主さんの膝の上で、くつろいでいるような見た目のアイテムです。こちらのクッションを膝の上に乗せておいたら、猫を抱っこしている気分を味わえそう！ 全長は35cmもあります。大きめのサイズなので、抱き心地も抜群によいです。ペットロスや猫を飼えない方の癒しにもなってくれることでしょう。 かわいらしい耳やしっぽもついています！ ぬいぐるみ感覚で愛用することができるでしょう。猫ちゃんのベッドとして使ってみるのもおすすめです。1490円のプチプラアイテムには見えません。秋冬用のクッションを探している方は、ニトリでチェックをしてみてもいいかもしれませんね。 ※本記事で紹介する商品情報・レビューコメント・SNSの閲覧数などは執筆時点（2026年9月11日）のものです。閲覧時点においては、在庫状況や価格等異なる可能性がございます。あらかじめご了承ください。 かわいい見た目なのに機能性も高い！ 洗濯OKなのは嬉しい ニトリの「ネコクッション」は、見た目がかわいいだけでなく、機能性も優秀なアイテムです。サイズは、幅35cm×奥行27cm×高さ11cmです。しっかりと大きめサイズのクッションですが、重量は約30gしかありません。軽いクッションなので、ギュッと抱きしめていても重さを感じにくいです。 素材は本物の猫のようにふわふわとしているので触っていると癒されることもできそうです。縞々の模様入りなので、部屋に飾っておいたら素敵な雰囲気を演出してくれます！ 洗濯OKのクッションなので、汚してしまっても安心です。清潔さを維持することができます。見た目だけでなく、クッションとしても使いやすいですね。商品情報をまとめると以下の通りです。 商品情報 ・商品名:こたつクッション ネコ（NE2601） ・価格:1490円（税込） ・サイズ:幅35×奥行27×高さ11cm ・素材:ポリエステル ・重量:約30g ・仕様:洗濯OK 参考資料 ・ニトリ公式通販ニトリネット こたつクッション ネコ（NE2601） 小西 未来,[],[]
スリコ新作「微粒子マグネットネイル」が“秋の装い”に映える　ぬくもりカラー5色を徹底レビュー！大人世代はスキンカラー仕込みでワンランク上の仕上がりに（LIMO）,https://news.yahoo.co.jp/articles/a4d71c04e837132883389280eefd238a1f45c811,https://newsatcl-pctr.c.yimg.jp/t/amd-img/20260913-00137771-toushin-000-1-view.jpg?exp=10800,2026-09-13T18:26:12+09:00,2026-09-13T18:26:12+09:00,LIMO,toushin,LIMO,1319,【写真提供】＠momota_nails（投稿・写真著作権者） 秋の装いに合わせて、ネイルもブラウン系のくすみカラーを楽しみたい季節がやってきました。 ◆【写真】330円とは思えないメルティーな秋カラー！スリコ新作「微粒子マグネットネイル」 今回紹介するのは、3COINSの秋新作「メルティマグネットスティックネイルジェル/and us」。細かなラメを含んだ透け感のあるカラーが、SNSで話題になっています。 ※本記事で紹介する商品情報は執筆時点（2026年9月9日）のものです。閲覧時点においては、在庫状況や価格等が異なる可能性がございます。あらかじめご了承ください。 ※編集部注:外部配信先ではハイパーリンクや図表などの画像を全部閲覧できない場合があります。その際はLIMO内でご確認ください。 スリコ秋新作「微粒子マグネットジェル」で大人世代のセルフネイルを格上げ！ こっくりとした秋カラーが大人可愛いスリコの新作マグネット「メルティマグネットスティックネイルジェル/and us」。 価格はいずれも330円（税込）で、全6色展開です。今回はその中でも5色をレビューしています。 ・01 CASSIS TEA ・02 MILK COCOA ・03 MILK TEA ・04 NUT LATTE ・05 CARAMEL LATTE ・06 CAFFE MOCHA 大人世代の指先には、「メルティマグネットスティックネイルジェル/and us」の下にベージュなどのスキンカラーを仕込むのがおすすめ。 よりマグネットの輝きがはっきりと見えて、上品な雰囲気に仕上げたい秋のファッションにもマッチするはずです。 マグネットジェルを使用の際には、LEDランプでの硬化前に磁石でマグネットの粒子を動かして輝きを調節してみてくださいね。 「@momota_nails」さん、掲載のご許可をありがとうございました！ プチプラだからこそ「失敗しない工程」を意識する 「微粒子マグ」の魅力は色味だけでなく、プチプラだからこそのコスパの良さにもあります。1点330円（税込）とすると、全6色をそろえても1980円。サロンで似たようなカラーを1回入れてもらう費用よりも安く、家に色見本をそろえられる計算です。 しかも一度塗り・二度塗りで表情を変えられるため、実質1本で2通りのデザインを楽しめるのも見逃せないポイント。単色をいくつも買い足す必要が減り、結果的に無駄な出費を抑えられます。 さらに、スキンカラーを下地に仕込むひと手間も、経済的な視点で見ると理にかなっています。 色ムラを気にして何度も塗り直したり、失敗して爪を削って塗り直したりする手間は、ジェルの消費量を増やし、道具の消耗にもつながります。 下地で色を均一に整えてから重ねることで一度の作業できれいに仕上がりやすくなり、結果としてジェル1本を長く使い切れることにもつながるでしょう。 プチプラアイテムほど「失敗しない工程」を意識することが、長い目で見た節約にもつながりそうです。 1回あたりの差はわずかでも、月に何度もネイルを楽しむ人ほど、この積み重ねが年間のネイル代を大きく左右していきます。,[],[]
「見るたびに胸が張り裂けそうだった」骨と皮だけの子犬を保護　順調な回復ぶりに反響（LIMO）,https://news.yahoo.co.jp/articles/5d9868aaa585e1c38f2c149fc88c34923cd554d2,https://newsatcl-pctr.c.yimg.jp/t/amd-img/20260913-00137542-toushin-000-1-view.jpg?exp=10800,2026-09-13T18:01:47+09:00,2026-09-13T18:01:47+09:00,LIMO,toushin,LIMO,1193,【写真提供】@homeless81（投稿・写真著作権者） 海外のSNSでは、犬や猫といった動物を保護し、懸命に救おうとする「動物レスキュー」の様子を紹介した投稿がTikTokで注目を集めています。 ◆【写真】骨と皮だけだった子犬の現在を見る 今回、LIMO編集部がピックアップするのは、海外で動物保護に取り組む投稿者のTikTokアカウント「@homeless81」の投稿。 保護されたのは、肋骨が浮き出るほど痩せ細り、酸によるとみられる傷跡も残っていた子犬「マンギート」。傷の手当てを受けながら少しずつ回復し、やがて元気に走り回れるまでになったといいます。 執筆時点で1万1000回再生、約2447件のいいね！ がつくなど話題となった本投稿の中でも、特に胸を打たれるシーンやSNSでの反響をまとめてご紹介します。 また記事中では、犬の生涯費用についても解説していきます。 ※投稿の画像は【写真】をご参照ください。 ※編集部注:外部配信先ではハイパーリンクや図表などの画像を全部閲覧できない場合があります。その際はLIMO内でご確認ください。 【骨と皮だけの状態で保護されていた犬】発見時の壮絶な姿 投稿者が出会った子犬「マンギート」は、肋骨や背骨が浮き出るほど痩せ細り、酸によるとみられる傷跡が体のあちこちに残る、見るに耐えないほど衰弱した状態だったといいます。テロップでは「マンギートが必死に頑張ろうとする姿を見るたび、胸が張り裂けそうだった」「私たちがこれまで保護した中でも、最も不運な子犬だった」と紹介されており、投稿者らの心境がうかがえます。 おびえて食事もとれず、部屋の隅に隠れてしまうこともあったそうですが、決して攻撃的な性格ではなく、保護のために抱き上げられても噛みついたり吠えたりすることはなく、ただ静かに鳴いていたとテロップは伝えています。保護されたマンギートには、傷口を清潔に保ち感染を防ぐための軟膏が塗られるなど、丁寧な手当てが行われました。 【目覚ましい回復を見せた犬】たくましく成長したマンギートの現在 手当てを受けたマンギートは、少しずつ食欲を取り戻していったとテロップで紹介されています。あごの状態も徐々に改善していき、やがて表情に笑顔が見られるようになったといい、投稿では「明るく人懐っこい子犬になり、ボール遊びに夢中になるほど元気になった」と紹介されています。 その後マンギートは新しい家族のもとへ迎えられたと投稿は伝えています。あごの一部は完全には戻っていないとも紹介されていますが、それでもマンギートは変わらず幸せそうな様子を見せているといいます。 コメント欄では ・「助けてくれてありがとう」 ・「本当にありがとう、助けてくれて感謝します」 など、投稿者の行動に感謝する声が寄せられていました。 ――以上、海外のSNSで話題のワンちゃんでした。,[],[]
「今までで一番好き！」50代元美容師がセザンヌ【クッションファンデ】を検証した結果…「人気があるのは間違いじゃない…」（LIMO）,https://news.yahoo.co.jp/articles/ebc86f499070da8bf0f59e8407e01be961e69bb0,https://newsatcl-pctr.c.yimg.jp/t/amd-img/20260913-00137281-toushin-000-1-view.jpg?exp=10800,2026-09-13T17:56:09+09:00,2026-09-13T17:56:09+09:00,LIMO,toushin,LIMO,1097,【写真提供】@ya_ko_hmb（投稿・写真著作権者） 美容師歴20年以上、美容専門学校での教員経験に加えメイク講師の資格も持つ50代の「やーこ（@ya_ko_hmb）」さんが、「クッションファンデの検証」を紹介する動画がYouTubeで注目を集めています。 ◆【写真】50代元美容師が「セラムクッションファンデ」を購入レビュー！長時間経過後の様子を見る 投稿された動画は、執筆時点で約3万4200回再生されるなど話題となっています。 そこで、LIMO編集部は「@ya_ko_hmb」さんに許可をいただき、気になる本投稿のポイントやSNSでの反響をご紹介！ また記事中では、総務省の調査より、最新の「化粧品に関する消費支出」についても解説します。 ※投稿の画像は【写真】リンクをご参照ください。 ※今回ご紹介する投稿は、投稿者様の掲載許可を頂いております。 ※本記事で紹介する商品情報は執筆時点（2026年9月3日）のものです。閲覧時点においては、在庫状況や価格等が異なる可能性がございます。あらかじめご了承ください。 ※編集部注:外部配信先ではハイパーリンクや図表などの画像を全部閲覧できない場合があります。その際はLIMO内でご確認ください。 50代元美容師が「セラムクッションファンデ」を検証！ 今回セザンヌの「セラムクッションファンデ」を自身の肌で検証してくださるのは、50代元美容師の「やーこ（@ya_ko_hmb）」さん。 仕上がりはもちろんですが持続力も気になるため、最終的には時間経過後の肌もチェックすることに。 @ya_ko_hmbさんは、3色展開されている中から「P5 明るいピンクオークル系」を選んで、「皮脂テカリ防止下地50 ナチュラルベージュ」の上に乗せていきます。 「ワンタッチでシミが隠れてないですか？」と、幸先のよいスタートを切りました。 セザンヌの「うるふわ仕上げパウダー（03）」でベースメイクを完成させた@ya_ko_hmbさんは数時間家で過ごし、最後はマスクを装着する一コマも。 時間経過後の肌をチェックすると、鼻周りはマスクへの色移りが見られたもののヨレは少なく、シワにファンデーションが溜まった様子も目立たなかったとのこと。 結果を見て「とっても合格なクッションファンデーションだと思いました」と笑顔で伝えてくれました。 コメント欄には、 ・「気になっていました！ 参考になります！」 ・「これはお値段以上ですね！」 ・「同世代なので参考になりました！」 などの声が集まりました。 「@ya_ko_hmb」さん、掲載のご許可をありがとうございました！,[],[]
30代・40代子育て世帯、貯蓄の中央値は「311万円と500万円」！無理な節約に頼らない《崩れない家計の土台のつくり方》を確認（LIMO）,https://news.yahoo.co.jp/articles/c4b4c1fb4ba1566635afe96f419bfe7977efea74,https://newsatcl-pctr.c.yimg.jp/t/amd-img/20260913-00137785-toushin-000-1-view.jpg?exp=10800,2026-09-13T17:51:32+09:00,2026-09-13T17:51:32+09:00,LIMO,toushin,LIMO,950,years44/shutterstock.com 行楽シーズンを迎え、子育ての出費が気になる季節です。総務省が2026年8月7日に公表した家計調査（家計収支編）によると、2026年6月の消費支出は二人以上の世帯で1か月29万886円（前年同月比で実質3.3％の減少）でした。出産や保育で出費が重なる子育て初期の世帯ほど、家計のやりくりに敏感になる時期です。 ◆【画像】30歳代・40歳代二人以上世帯の中央値を見てみる 30〜40歳代の子育て初期は、支出が一気に増える一方、貯蓄の「土台」をつくる大切な時期でもあります。ここで家計の骨組みを整えておくと、その後がぐっと楽になります。 この記事では、30〜40歳代・二人以上世帯の平均と中央値を確認し、子育て初期に家計の土台をつくる方法を、元証券会社員の視点でみていきます。 ※編集部注:外部配信先ではハイパーリンクや図表などの画像を全部閲覧できない場合があります。その際はLIMO内でご確認ください。 【30〜40歳代二人以上世帯の平均貯蓄額】中央値はいくらか？ 金融経済教育推進機構（J-FLEC）が2025年に公表した「家計の金融行動に関する世論調査（2025年）」によると、二人以上世帯の金融資産保有額は次のとおりです。 ※金融資産保有額とは、預貯金だけでなく株式、投資信託、生命保険などを含んだ金額です。ただし、日常的に使う普通預金の残高は含まれていません。 ●30歳代二人以上世帯の貯蓄額（平均・中央値） ・30歳代二人以上世帯:平均1096万円/中央値311万円 住宅の取得や出産が重なり、支出も貯蓄もこれから動く時期です。 ●40歳代二人以上世帯の貯蓄額（平均・中央値） ・40歳代二人以上世帯:平均1486万円/中央値500万円 中央値は311万円から500万円へ。土台を整えた世帯から、着実に伸びていきます。 ●金額帯でみる、子育て世代の蓄え 「1000万円未満」の世帯は、30歳代で71.6％、40歳代で60.5％を占めます。子育て初期は支出が重なるぶん、多くの世帯の蓄えがこれからの段階にあります。 40歳代にかけて割合が下がるのは、早めに土台を整えた世帯から蓄えが積み上がっていくためです。骨組みづくりが、その後の差を生みます。,[],[]
ウユニ塩湖で5人のジャンプ写真を撮影　何度も撮ってきた撮影者が「不動の一位」と語る一枚に「お見事」（LIMO）,https://news.yahoo.co.jp/articles/bf684ae3d14b435bea9f84950e6d6fad40f138d4,https://newsatcl-pctr.c.yimg.jp/t/amd-img/20260913-00137730-toushin-000-1-view.jpg?exp=10800,2026-09-13T17:11:12+09:00,2026-09-13T17:11:12+09:00,LIMO,toushin,LIMO,1106,出所：Olga Kot Photo/shutterstock.com ウユニ塩湖で撮影した「躍動感あふれるジャンプ写真」が、Threads上で話題になっています。 ◆【写真】「不動の一位とかたるウユニ塩湖での一枚」を見る 投稿したのは、「@unioflife_rio」さんです。 当ポストには執筆時点で9400件を超えていいねされており、「これは好き過ぎます 楽しそう!!」「すごい躍動感!! みなさんダンサーか何かですか!?」といったコメントが寄せられています。 そこで、LIMO編集部は話題の「@unioflife_rio」さんに取材。気になる投稿の経緯やSNSでの反響について、インタビューしました。 ※今回ご紹介する投稿は、投稿者様の掲載許可を頂いております。 ※編集部注:外部配信先ではハイパーリンクや図表などの画像を全部閲覧できない場合があります。その際はLIMO内でご確認ください。 ウユニ塩湖で撮影した「不動の一位」のジャンプ写真 「これまでウユニ塩湖で数え切れないほどのジャンプの写真を撮ってきたけど、不動の一位はこれ！」そんなコメントとともに投稿されたのは1枚の写真。 そこに写っていたのは、ウユニ塩湖の美しい景色を背景に、5人が一斉にジャンプする瞬間でした。 両手を大きく広げたり、足を左右に伸ばしたりと、ポーズは実に個性豊か。それぞれの姿が水面にもくっきりと映り込み、躍動感あふれる一枚に仕上がっています。 この写真を撮影した日、@unioflife_rioさんは自身を含む11人で、2台の車に分かれてウユニ塩湖を巡る1日ツアーを行っていたとのこと。午後になり参加者を2組に分けてジャンプ写真を撮影したところ、こちらの5人のジャンプが頭抜けてよく、今でも特別に印象に残っているのだそう。 そんな息の合ったジャンプ写真は、SNSで大きな反響を呼びました。 躍動感あふれる一枚に「お見事」「奇跡」の声 ポストには多数のいいねに加え、リプライ欄には ・「一人一人がこの高さまで飛ぶだけでもすごいけど、5人でここまで決めポーズの瞬間が揃ってるのは奇跡！」 ・「これは……お見事」 ・「ウユニ塩湖って、初めて会った人とも一体感が生まれますよねw」 ・「こういう旅憧れてます！」 など、素敵な写真に「お見事」と称賛する方から、こういう旅をしたいと話す方など、多くのコメントが寄せられました。 @unioflife_rioさんは「撮影は一発で成功したわけではなく、記憶では2回以上ジャンプしてもらいました。この日はみなさん楽しそうで、いいツアーだったと記憶しています」と、当時のことを教えてくれました。,[],[]
飛行機に乗ると「ついやっちゃうこと」を描いたイラスト　思わず共感するあるあるに「分かりみが深い」（LIMO）,https://news.yahoo.co.jp/articles/5d1967bdc68ac482a57ef3af2f2af28750ceffea,https://newsatcl-pctr.c.yimg.jp/t/amd-img/20260913-00138254-toushin-000-1-view.jpg?exp=10800,2026-09-13T17:06:30+09:00,2026-09-13T17:06:30+09:00,LIMO,toushin,LIMO,1148,ARMMY PICCA/shutterstock.com 飛行機に乗ったときについやってしまう「あるある」を描いたイラストが、X上で話題になっています。今回は投稿者のほし（旅イラスト＆水中写真）さん（@hoiruka_oekaki）に許可をいただきお話を伺いました。 ◆【写真】「思わず共感する飛行機あるある」を見る 当ポストには執筆時点で1300件を超えるいいねが集まり、「知ってる景色は探したくなりますよねw」「私はアップルジュース一択」といった多くのコメントが寄せられています。 記事の内容にちなんで、令和8年度の航空局関係予算を紹介しますので、ぜひ最後までチェックしてみてくださいね。 ※編集部注:外部配信先ではハイパーリンクや図表などの画像を全部閲覧できない場合があります。その際はLIMO内でご確認ください。 飛行機に乗るとついやってしまう「あるある」をイラストに 「飛行機に乗るとやっちゃうこととか思うこととか」というコメントとともに投稿された1枚のイラスト。そこに描かれていたのは、飛行機に乗ったときについやってしまうことや、ふと思うことの数々でした。 席に着いたら、とりあえず安全のしおりや機内誌を読むところからスタート。離陸後は窓から知っている景色を探したり、雲が多くなると外が真っ白になってしまったりと、飛行機ならではの光景が描かれています。 さらに、機内マップを眺めながら「機体が日本の半分くらいでかい」と思ったり、飲み物やスープを楽しみにする場面も。着陸時には「は、はやい」と感じる様子まで描かれており、思わず「わかる！」とうなずいてしまいそうですね。 ほし（旅イラスト＆水中写真）さんは、「先日スーパーでJALのビーフコンソメスープを購入した際、飛行機に乗ったときのことを思い出して、そこからいろいろ広がったのが投稿のきっかけです」と教えてくれました。 そんな何気ない買い物をきっかけに生まれた「飛行機あるある」のイラストは、SNSで大きな反響を呼びました。 「こないだ全部やった」共感の声が続々 ポストには多数のいいねに加え、リプライ欄には、 ・「分かりみが深いです。羽田を離陸し上昇していく時に職場の乗務区を、都心上空ルートでは自宅を探しちゃいますw」 ・「機内誌をガチで読んでるとフライト終わりがち」 ・「こないだ全部やったわ（笑）」 ・「京都競馬場だー！」 など、イラストの行動に共感する方から、実際に全部やったという方まで、多くのコメントが寄せられました。 ほし（旅イラスト＆水中写真）さんは反響を受けて、「わかっていただける方が多くてうれしかったです。地味なところですが、知ってる景色の部分の地名を当てる方がいて、それもうれしかったです」と振り返りました。,[],[]
【後期高齢者医療の窓口負担】自分の年金が少なくても「3割」になることがある。判定は毎年8月1日にやり直される（LIMO）,https://news.yahoo.co.jp/articles/fd4eb1e97172a7b2553afd82198ef83bd05e920f,https://newsatcl-pctr.c.yimg.jp/t/amd-img/20260913-00138011-toushin-000-1-view.jpg?exp=10800,2026-09-13T17:01:20+09:00,2026-09-13T17:01:20+09:00,LIMO,toushin,LIMO,1379,PattyPhoto/shutterstock.com ※編集部注:外部配信先ではハイパーリンクや図表などの画像を全部閲覧できない場合があります。その際はLIMO内でご確認ください。 ◆【画像】「1人当たり医療費」の推移と、年齢区分ごとの金額の違い 【2026年8月公表】75歳以上の1人当たり医療費は年98万9000円になった 厚生労働省は2026年8月28日に「令和7年度 医療費の動向」を公表しました。医療機関から提出された診療報酬明細書をもとに集計した、概算医療費の年度集計結果です。 この資料には年齢区分別の1人当たり医療費が載っています。まずは75歳以上の医療費がどれくらいの水準にあるのかを確認していきましょう。 ●令和7年度の概算医療費は49.2兆円、うち75歳以上分は20.3兆円 令和7年度の概算医療費は49.2兆円で、前年度に比べて約1.3兆円の増加でした。伸び率は2.6％です。 このうち医療保険適用の75歳以上、つまり後期高齢者医療制度の対象となる方に係る医療費は20.3兆円でした。全体に占める構成割合は41.3％で、前年度の19.6兆円から0.76兆円増えています。 ●75歳以上の1人当たり医療費は75歳未満の約3.8倍 1人当たりの医療費で見ますと、令和7年度は全体の総計が40万円、75歳未満が26万1000円、75歳以上が98万9000円でした。 75歳以上と75歳未満を並べますと、およそ3.8倍の差があります。1人当たり医療費は医療費の総額を加入者数で割った値なので、75歳を境に医療にかかるお金の水準が大きく変わることがわかります。 なお加入者数が未確定の制度もあるため、この数値は今後置き換わる場合があります。 後期高齢者医療の窓口負担割合は1割・2割・3割の3段階に分かれる 医療費の水準を確認したところで、次はそのうち自分が窓口で支払う割合を見ていきましょう。 後期高齢者医療制度の窓口負担割合は1割・2割・3割の3段階です。令和4年10月1日から、一定以上の所得がある方の2割負担が加わり、現在の3段階になりました。 ●3割負担になるのは住民税課税所得145万円以上 住民税の課税所得が145万円以上の被保険者がいる世帯は、現役並み所得者として3割負担になります。 判定は世帯単位で行われるため、同じ世帯にいる他の被保険者も3割負担になります。自分の所得が低くても、同居している被保険者の所得によって割合が上がることがあるという点が、この制度の特徴です。 ●2割負担になるのは課税所得と収入の2つの基準に当てはまる場合 2割負担になるのは、世帯に住民税課税所得28万円以上145万円未満の被保険者がいて、なおかつ収入の基準にも当てはまる場合です。 収入の基準は「年金収入+その他の合計所得金額」で見ます。被保険者が世帯に1人であれば200万円以上、2人以上であれば合計320万円以上が基準です。 課税所得の基準に当てはまっても、収入の基準に届かなければ2割にはなりません。2つの条件がそろったときに2割負担になる仕組みです。 ●1割負担になるのは世帯の被保険者全員の課税所得が28万円未満 世帯にいる被保険者全員の住民税課税所得が28万円未満であれば1割負担です。住民税が非課税の世帯も1割負担になります。,[],[]
【70代マダム】がメルカリ古着Tシャツを着こなす！GUパンツとの合わせ技に「元気になる」「コーデが楽しい」（LIMO）,https://news.yahoo.co.jp/articles/8fdf4533bae7f4b7644fc1510cf612ac4677d8b1,https://newsatcl-pctr.c.yimg.jp/t/amd-img/20260913-00137882-toushin-000-1-view.jpg?exp=10800,2026-09-13T16:56:10+09:00,2026-09-13T16:56:10+09:00,LIMO,toushin,LIMO,1223,【写真提供】@rokori1951（投稿・写真著作権者） 70代のマダムの日常を発信する「@rokori1951」さんが投稿した「GU×メルカリでつくるおしゃれコーデ」の動画がYouTubeで注目を集めています。 ◆【写真】70代「バレルパンツとTシャツのコーデ」を見る 投稿された動画は執筆時点で3万回再生されるなど話題となっています。 そこで、LIMO編集部は「@rokori1951」さんに許可をいただき、ファッションの注目ポイントやSNSでの反響をご紹介！ また記事中では、「65歳以上の無職世帯の家計収支」についても解説します。 ※投稿の画像は【写真】をご参照ください。 ※今回ご紹介する投稿は、投稿者様の掲載許可を頂いております。 ※編集部注:外部配信先ではハイパーリンクや図表などの画像を全部閲覧できない場合があります。その際はLIMO内でご確認ください。 GUの「デニムバレルアンクルパンツ」にメルカリで購入したTシャツを合わせて @rokori1951さんが紹介したのは、GUの「ライトデニムバレルアンクルパンツ」を使ったカジュアルコーデ。 青地にカラフルなロゴが印象的なTシャツと、ネイビーのデニムパンツは相性ばっちり。 ゆったりとしたシルエットがラフ感を演出しつつ、黒のシューズで引き締まった印象もプラスされていますね！ @rokori1951さんの素敵なカジュアルコーデに、コメント欄では、 ・「綺麗なカラーコーデとても元気になります」 ・「お洒落でお安くて、色々コーデ組むのが楽しくなりますね」 ・「メルカリ購入Tシャツ めちゃくちゃ似合ってる！」 といった声が寄せられていましたよ。 @rokori1951さん、ご協力ありがとうございました！ おしゃれを楽しむ余裕はある？65歳以上の貯蓄と家計のリアル いくつになってもおしゃれを楽しむには、日々の家計に無理のない余裕があることが前提になります。 その目安となるのが老後の貯蓄額や年金収入です。 65歳以上無職夫婦世帯の「平均貯蓄額は2494万円」ですが、これはあくまで無職世帯に限った数字です。 有職世帯を含めた65歳以上世帯全体で見ると、状況は少し異なります。 【最新データ】老後の「ふつう」が分かる！ 65歳以上の平均貯蓄額と年金月額は？ 老後夫婦のリアルな生活費と家計収支を解説 「中央値は1777万円」にとどまり、平均値ほどの余裕がない世帯も少なくないのが実情です。 年金は厚生年金が「平均15万289円」、国民年金が「5万9310円」で、夫婦世帯の毎月の収支は「4万2000円の赤字」というデータもあります。 無理のない範囲でおしゃれを楽しみ続けるためにも、一度自分の家計と照らし合わせて確認しておいてもよいかもしれませんね。 参考資料 ・@rokori1951 ・総務省統計局「家計調査報告 家計収支編 2025年（令和7年）平均結果の概要」 高橋 さき,[],[]
【樹木葬・合葬式施設】公営霊園で安く済ませる前に知っておきたい注意点（LIMO）,https://news.yahoo.co.jp/articles/5e6c7ab7eb34bb26cd51cf4adb0e5bd317d7f260,https://newsatcl-pctr.c.yimg.jp/t/amd-img/20260913-00138274-toushin-000-1-view.jpg?exp=10800,2026-09-13T16:46:15+09:00,2026-09-13T16:46:15+09:00,LIMO,toushin,LIMO,1297,JenJ_Payless/shutterstock.com 「死後は自然豊かな樹木の下で眠りたい」「子どもに墓の管理で負担をかけたくない」。 そんな思いから注目を集める樹木葬ですが、東京都立霊園なら9万5000円から、大阪市なら5万円から選べる施設があることは意外と知られていないかもしれません。 ◆【図表】 都道府県や市区町村が運営する公営霊園にも、樹木葬に近い「樹林型合葬埋蔵施設」や「合葬式墓地」が整備されており、費用を大きく抑えることができる可能性があります。 ただし名称や埋蔵の仕組みは自治体ごとにバラバラで、居住要件や募集時期も大きく異なるため、申し込む前の確認が欠かせません。 本記事では、東京都・横浜市・大阪市・名古屋市・神戸市の主要5都市を取り上げ、費用相場と申込条件、そして見落としがちな注意点を整理します。 ※ご注意点※ 費用面や管理面で魅力の多い公営霊園ですが、必ずしも「いつでもすぐに申し込める」わけではありません。本記事で紹介する自治体の中にも、年1回の抽選方式であったり、特定の年度は新規募集を停止していたりするケースが含まれています。申し込み時期には制限があるという前提で、各自治体のスケジュールを早めに確認しておくことが大切です。 ※編集部注:外部配信先ではハイパーリンクや図表などの画像を全部閲覧できない場合があります。その際はLIMO内でご確認ください。 そもそも「樹木葬」を公営霊園で選べるとは、どういうことか 9月は秋彼岸に加え、15日から老人週間（21日は敬老の日）が続き、家族で親世代の「これから」を話しやすい時期です。「死後は自然豊かな樹木の下で眠りたい」「子供に墓継承の負担をかけたくない」というニーズの高まりとともに、樹木葬や永代供養墓の注目度は年々高まっています。 株式会社鎌倉新書が公表した「第17回 お墓の消費者全国実態調査（2026年3月時点）」によると、購入したお墓の種類のうち「樹木葬」が47.4％を占め、一般墓（152.0万円）や納骨堂（81.5万円）と並ぶ選択肢として高い人気を集めています（平均購入金額は71.7万円。※同調査は同社運営サイト「いいお墓」経由の購入者1267件を対象としたサンプル調査）。 しかし、「費用を抑えつつ、自然志向の永代供養を選びたい」と考える方にとって、民間霊園や寺院墓地だけが選択肢ではありません。実は、都道府県や市区町村が運営する「公営霊園」でも、樹木葬やそれに極めて近い形態の施設が提供されています。公営霊園の大きな特徴は、自治体が管理・運営を行っているため管理体制が非常に安定しており、使用料や管理料がリーズナブルに設定されている点です。 ここで注意したいのが、自治体サイトでの「検索キーワード」です。公営霊園では、民間霊園のように「〇〇樹木葬コース」といった親しみやすい名称ではなく、「樹林型合葬埋蔵施設」「合葬式墓地」「樹林葬墓地」といった行政用語・条例上の名称で呼ばれることが一般的です。そのため、自治体のホームページで「樹木葬」と検索しても希望の情報がヒットしないことがあります。,[],[]
【約19万8000回再生】目玉と足パーツを貼るだけ。セリアのミニココットで作るキャラクター雑貨が「可愛い！」と反響（LIMO）,https://news.yahoo.co.jp/articles/3b0c05c916d2f7918501102459bda4ade3a6bc1e,https://newsatcl-pctr.c.yimg.jp/t/amd-img/20260913-00137451-toushin-000-1-view.jpg?exp=10800,2026-09-13T16:16:19+09:00,2026-09-13T16:16:19+09:00,LIMO,toushin,LIMO,1108,【写真提供】@nana_7myhome（投稿・写真著作権者） 100均などのプチプラアイテムを使ったDIYを発信しているInstagramerが、セリアのミニココットに目と足のパーツを貼るだけでキャラクターに変身させて、「可愛い」と話題になっています。 ◆【写真】完成した「キャラクターココット」を見る 動画を投稿したのは、「@nana_7myhome」さん。 投稿された動画は執筆時点で約19万8000回再生されるなど注目を集めています。 そこで、LIMO編集部は「@nana_7myhome」さんに許可をいただき、気になる本投稿のポイントをご紹介！ また記事中では、DIYにも関連する家の「資産価値」についても解説していきます。 ※投稿の画像は【写真】リンクをご参照ください。 ※今回ご紹介する投稿は、投稿者様の掲載許可を頂いております。 ※編集部注:外部配信先ではハイパーリンクや図表などの画像を全部閲覧できない場合があります。その際はLIMO内でご確認ください。 【100均DIY】無地のミニココットが、表情豊かなキャラクターに変身！ 投稿者の「@nana_7myhome」さんは、2人のお子さんを育てるママInstagramerです。30坪の注文住宅を、100均などのプチプラアイテムを使った簡単DIYで「カフェ風ハウス」へと変身させるアイデアを発信しています。 今回の動画では、セリアのミニココットに目と足のパーツを貼るだけで、キャラクターに変身させる様子が紹介されています。 変身前のこのミニココットは、赤と緑の可愛いカラーの、目も足も付いていない無地の状態。 用意したのは、セリアのミニココットと肉球パーツ、目玉パーツ、接着剤。肉球パーツは靴紐コーナーなど、少し意外な売り場に置かれていることもあるそうです。 肉球パーツをココットの底に接着剤で貼り付けて足に見立て、正面には目玉パーツを貼ります。@nana_7myhomeさん家のミニココットはどのように変身したのでしょうか？ 接着剤が乾いて固定されると、無地だったミニココットが、今にも動き出しそうな表情豊かなキャラクターへと変身しました。 無地だったミニココットが、目と足の付いた愛嬌たっぷりのキャラクターに生まれ変わりました。 色違いのココットを何個か揃えて並べれば、棚の一角が家族のような存在感で賑やかになります。 器そのものは加工していないので、キャラクターとして飾るだけでなく、実用的な器としても使えます。 コメント欄では「可愛い！」という声が寄せられていましたよ。 @nana_7myhomeさん、掲載のご許可をありがとうございました！,[],[]
「違和感ない」57歳 森高千里 華やかアイドル衣装でピンク・レディーポーズ！LINDBERGのマキとの2ショットに「昔から変わらん」の声（LIMO）,https://news.yahoo.co.jp/articles/379d2b15d3b3e9ec07be8592c34ba0ab94835d2d,https://newsatcl-pctr.c.yimg.jp/t/amd-img/20260913-00136215-toushin-000-1-view.jpg?exp=10800,2026-09-13T16:11:12+09:00,2026-09-13T16:11:12+09:00,LIMO,toushin,LIMO,1151,"key05/istockphoto.com 画像はイメージです 歌手の森高千里が2026年9月12日までにInstagramを更新しました。 『ピンク・レディー デビュー50周年 トリビュートプロジェクト Legend, Now and Forever』のコンサートに出演し、LINDBERGのマキ（渡瀬マキ）とともにオープニングで『ペッパー警部』を歌い踊ったことを報告。 ◆【写真】森高千里とLINDBERGマキの華やかミニドレス姿！ピンク・レディーの定番ポーズが話題「最高ですね！」 ステージ衣装でのツーショットを公開しました。 コメント欄には「千里さんのピンク・レディーとは最高ですね！」「どちらも昔から変わらんなぁ」「衣装もマキさんと色違いでとっても可愛いです」との声が寄せられています。 記事後半では1か月あたりのファッション費や美容費について解説しています。 ※投稿写真は【写真】ページをご確認ください。 ※記事内容は執筆時点での情報です。 ※編集部注:外部配信先ではハイパーリンクや図表などの画像を全部閲覧できない場合があります。その際はLIMO内でご確認ください。 森高千里とLINDBERGマキの豪華コラボに「黄金コンビ」「昔から変わらんなぁ」と話題に 森高千里がInstagramを更新しました。 「昨日は『ピンク・レディー デビュー50周年 トリビュートプロジェクト Legend, Now and Forever』のコンサートでした。私はリンドバーグのマキちゃんと一緒に参加させて頂きましたよ〜！」とつづり、ステージ裏でのオフショットを披露しました。 コメント欄には、 ・ 「千里さんのピンク・レディーとは最高ですね！ マキさんの久々のアイドル姿も全く違和感なし！」 ・ 「表情が子どもみたいでほんとに楽しそう〜それだけでこちらも幸せな気分になります」 ・ 「どちらも昔から変わらんなぁ」 ・ 「まさしく、日本の黄金コンビ！ すごい！」 ・ 「衣装もマキさんと色違いでとっても可愛いです」 との声が寄せられています。 57歳・森高千里「17才」「雨」「私がオバさんになっても」などヒット曲多数 夫は江口洋介 森高千里は1969年4月11日生まれの57歳。 1987年に歌手デビューし、1989年に「17才」でブレイクを果たします。代表曲は「雨」「私がオバさんになっても」「渡良瀬橋」など。 独自の視点から描かれる歌詞の世界観や、楽器演奏もこなすアーティストとして独自の立ち位置を確立し、男女を問わず多くのファンを獲得しました。 1999年、俳優の江口洋介と結婚し、2児の母。 ラジオ「オールナイトニッポン MUSIC10」「ララ サンシャイン レディオ」にレギュラー出演中です。",[],[]
「日本紙パルプ商事」の株主優待は「トイレットペーパー(24ロール)」！株主に優待の楽しみ方をインタビュー（LIMO）,https://news.yahoo.co.jp/articles/cbda70f006544dda3538a4a2c608ed128453712e,https://newsatcl-pctr.c.yimg.jp/t/amd-img/20260913-00135171-toushin-000-1-view.jpg?exp=10800,2026-09-13T16:06:02+09:00,2026-09-13T16:06:02+09:00,LIMO,toushin,LIMO,1488,Pu_kibun/shutterstock.com この記事では、日本紙パルプ商事 <8032> の株主優待について、実際の権利確定までのスケジュールも交えつつ分かりやすく解説します。 ◆【写真】実際に届いた「日本紙パルプ商事」の株主優待を見る そしてLIMO編集部は、実際に株主優待を受け取った「@setuyakuneko」さんに取材。投資を始めたきっかけや、受け取った優待の感想などをインタビューしました！ ※投稿の画像は【写真】リンクをご参照ください。 ※今回ご紹介する投稿は、投稿者様の掲載許可を頂いております。 ※編集部注:外部配信先ではハイパーリンクや図表などの画像を全部閲覧できない場合があります。その際はLIMO内でご確認ください。 【編集部がインタビュー！】日本紙パルプ商事（8032）の株主優待の感想は？ 今回は、実際に日本紙パルプ商事 <8032> の株主優待で商品を受け取ったと投稿した、Instagramユーザーの@setuyakunekoさんにインタビューを行いました！ ーーーー株式投資をはじめてどれくらいでしょうか。 株式投資を始めたのは2020年です。 ただ、投資そのものは2001年から続けており、当時は周りに投資をしている人がほとんどいなかったため、まずは銀行に相談しながら投資信託を始めました。気づけば投資信託だけで19年続けていたことになります。 株式投資の方は、興味はありながらもなかなか勇気が出ず、始めるまでに時間がかかりました。 初めて購入した株は「梅の花」（証券コード7604）です。女子会で訪れた際、料理があまりにも美味しく感動したことがきっかけでした。 レジ横に「本日の株価」と書かれたプレートがあり、株主になるとどんな特典があるのか調べてみたところ、食事が20％引きになると知り、思い切って購入したのが最初の一歩です。 そこから株式投資について学び始め、まずは自分にとって親しみのある会社や、出身地にゆかりのある企業の株を買いました。 兵庫県出身なので、アシックスや高級惣菜のロック・フィールドは特にお気に入りの銘柄です。 今では投資信託はほとんど解約し、株式投資が中心になりました。 長く続けてきた投資のスタイルが、少しずつ自分らしい形に変わってきたように感じています。 ーーーー実際に今回の優待の商品を受け取ってみて、どう感じましたか。 株式投資といえば、企業の業績や配当金、株価のチャートに目が向きがちですが、個人投資家にとって大きな楽しみの一つである「株主優待」は日本の豊かな四季を感じさせてくれる「現在の歳時記」のような側面もあると感じています。 経済的なリターンだけでなく、巡る季節の喜びまで届けてくれるのが株主優待と思っています。 投資信託と違い株式投資は、優待品が届くという目に見える喜びがあります。 季節ごとに届く優待品には、その時期ならでは果物や食品、暮らしの道具があり季節の便りを受け取ったような気持ちになります。 経済的なリターンだけでなく、巡る季節の喜びまで届けてくれる——それが株主優待の魅力だと思います。 箱を開ける瞬間のワクワク感や、企業からの“お礼の気持ち”が形になって届く温かさは、株式投資ならではの体験です。 ーーーー@setuyakunekoさん、ありがとうございました！ 日常生活に欠かせない日用品がまとめて届く優待は、家計にとっても本当にありがたい存在ですね。 そんな日本紙パルプ商事 <8032> の株主優待について、もらえる商品の詳細や必要な株数などを詳しくご紹介します。,[],[]
【65歳以上・夫婦世帯】年金だけで足りない毎月の不足額と取り崩しの年数とは？（LIMO）,https://news.yahoo.co.jp/articles/a49dddd4b288b3a08f542495e669d8957a622d6a,https://newsatcl-pctr.c.yimg.jp/t/amd-img/20260913-00138250-toushin-000-1-view.jpg?exp=10800,2026-09-13T15:41:13+09:00,2026-09-13T15:41:13+09:00,LIMO,toushin,LIMO,996,maroke/shutterstock.com 10月は、2か月に一度の年金が振り込まれる月です。物価高が続く昨今。偶数月の15日に支給される年金額を見て、「この年金だけで暮らしていけるだろうか」「足りない分は、貯蓄をどれくらい取り崩すことになるのだろう」と、あらためて家計を見つめ直す方も多いのではないでしょうか。 ◆【画像】65歳以上・夫婦世帯の平均貯蓄と、年金の不足を何年まかなえるかをみる！ 秋は食料品を中心に値上げが続き、日々の支出の重みを感じやすい季節でもあります。そんないまだからこそ、年金と貯蓄のバランスを、落ち着いて確かめておきたいところです。 この記事では、総務省が2025年に公表した家計調査をもとに、65歳以上の夫婦世帯の平均貯蓄額と、年金だけでは足りない毎月の不足額を確認し、「その貯蓄なら何年くらいもつのか」を、いっしょに整理していきます。 ※編集部注:外部配信先ではハイパーリンクや図表などの画像を全部閲覧できない場合があります。その際はLIMO内でご確認ください。 65歳以上・夫婦世帯の平均貯蓄額はいくら？ 総務省統計局が2025年に公表した「家計調査報告（貯蓄・負債編）2025年（令和7年）」によると、世帯主が65歳以上の二人以上世帯の貯蓄現在高は、平均2564万円でした。真ん中の世帯に近い中央値（貯蓄を保有する世帯）でみると1777万円です。 平均と中央値に開きがあるのは、一部の貯蓄が多い世帯が平均を押し上げているためです。だからこそ、平均の数字だけを見て自分の世帯と比べるのではなく、中央値もあわせてみることで、より実感に近い姿がつかめます。 金額の帯ごとの広がりもみておきましょう。65歳以上の二人以上世帯では、2500万円以上を持つ世帯が全体の約3分の1（36.3％）を占める一方、300万円未満の世帯も約1割5分（14.9％）あります。同じ高齢の世帯でも、貯蓄の状況には違いがあります。自分の世帯がどのあたりにいるのかを知ることが、これからの計画の出発点になるでしょう。 なお、世帯主が65歳以上の無職世帯にしぼると、貯蓄現在高は平均2494万円で、前年に比べて66万円（2.6％）減りました。貯蓄額の減少は6年ぶりのことです。物価の上昇が続くなかで、年金でまかないきれない分を貯蓄から補う動きが、数字にもあらわれていると考えられそうです。,[],[]
「うちの課長の賃金、いくら？」平均的な課長級の男性の中央値は月50万3400円に（LIMO）,https://news.yahoo.co.jp/articles/e70906f58b55bc2f8c9a705f87cc7cad981e832d,https://newsatcl-pctr.c.yimg.jp/t/amd-img/20260913-00138131-toushin-000-1-view.jpg?exp=10800,2026-09-13T15:11:16+09:00,2026-09-13T15:11:16+09:00,LIMO,toushin,LIMO,1432,takayuki/shutterstock.com 厚生労働省「令和7年賃金構造基本統計調査」によると、課長級の男性の平均的な賃金は月54万1400円。 ◆【画像】役職別にみた男性の平均と中央値、課長級の男性がいくらのところに何割いるかを見る！ ただ、これは148万9910人を足して割った金額になります。同じ調査には、その148万9910人が金額のどのあたりに何人いるのかを、階級ごとに並べた表がもう1つあります。 そちらを開くと、ちょうど真ん中に位置する方の金額は50万3400円でした。平均より3万8000円低いところに真ん中があります。 この記事では、その表を軸に、課長級の男性がどう散らばっているのかを見ていきます。 ※編集部注:外部配信先ではハイパーリンクや図表などの画像を全部閲覧できない場合があります。その際はLIMO内でご確認ください。 男性の中間管理職のうち最多は「課長」で148万9910人 数字を見る前に、この調査が誰を数えたものかを押さえておきます。 賃金構造基本統計調査は、一般労働者のうち雇用期間の定めのない方を対象に、役職者を部長級・課長級・係長級などに分け、役職に就いていない方を非役職者としています。調べているのは、常用労働者を10人以上雇っている民営事業所です。この記事に出てくる金額は、すべて2025年6月分のものになります。 男性の人数は、課長級が148万9910人、部長級が83万5390人、係長級が119万7270人。役職に就いていない方は1082万6320人でした。部長級・課長級・係長級の3つでは、課長級がいちばん多くなっています。 ひとつ気をつけたいのは、勤め先で使っている呼び名と、この区分が1対1で重なるとは限らないことです。同じ「課長」という肩書きでも、部下の人数や決められる範囲は会社ごとに違います。自分がどの階級に数えられるかは、肩書きだけでは決まりません。 中間管理職【平均賃金一覧表】課長の平均は男性月54万1400円、女性月47万300円 まず、役職ごとの金額を一覧で確かめておきます。 所定内給与とは、6月分のきまって支給する給与から残業代などを除いた、税引き前の金額です。男女計・男女別の平均は次のとおりです。 部長:男女計 63万5800円（男性 64万2400円/女性 57万8300円） 課長:男女計 52万9200円（男性 54万1400円/女性 47万300円） 係長:男女計 39万9200円（男性 41万900円/女性 36万5700円） 非役職者:男女計 31万500円（男性 33万2100円/女性 28万100円） ここに人数と年齢を足すと、もう少し姿が見えてきます。課長級の男性は平均49.5歳で、いまの勤め先に21.3年います。女性の課長級は30万7040人で、平均49.4歳・勤続19.0年でした。年齢はほとんど同じで、勤めている年数が2.3年ぶん違います。 人数のほうにも違いがあります。女性は課長級が30万7040人に対して係長級が41万9920人で、係長級のほうが多くなっています。男性は課長級148万9910人、係長級119万7270人で、並びが逆です。部長級は男性83万5390人、女性9万5950人でした。 男女で7万1100円の差がありますが、ここには個人の選び方だけでなく、その時々の採用のあり方や、育児や介護を担ってきた事情も重なっているでしょう。,[],[]
カゴへ続々と「回収されるウミガメ」にキュン　自主的に吸い込まれていく3匹に「癒される」（LIMO）,https://news.yahoo.co.jp/articles/45fe1fd47af581561e1a8ed4470df60a0135a364,https://newsatcl-pctr.c.yimg.jp/t/amd-img/20260913-00137706-toushin-000-1-view.jpg?exp=10800,2026-09-13T15:11:14+09:00,2026-09-13T15:11:14+09:00,LIMO,toushin,LIMO,1009,【写真提供】@umigame_kouen（投稿・写真著作権者） まるで吸い込まれていくように「回収されるウミガメ」が、Xで話題になっています。 投稿したのは、「@umigame_kouen」さんです。 ◆【写真】「回収されるウミガメ」を見る 当ポストには執筆時点で2153万8000件を超えて表示されており、「おりこうさん！」「はぁ〜癒される」といったコメントが寄せられています。 そこで、LIMO編集部は話題の「@umigame_kouen」さんに取材。気になる投稿の経緯やSNSでの反響について、インタビューしました。 ※今回ご紹介する投稿は、投稿者様の掲載許可を頂いております。 ※編集部注:外部配信先ではハイパーリンクや図表などの画像を全部閲覧できない場合があります。その際はLIMO内でご確認ください。 3匹が吸い込まれていく「回収されるウミガメ」が話題 「回収されてしまうウミガメ」そんなコメントとともに投稿されたのは1本の動画。そこに写っていたのは、3匹のウミガメと飼育員の姿でした。 飼育員さんがプールの中にカゴを沈めた途端、一直線に向かってくるウミガメたち。 あっという間に3匹のウミガメたちはカゴの中に集まり、そのまま回収されました。 こちらは三重県南牟婁郡紀宝町にある、全国的にも珍しいウミガメに会える道の駅「道の駅 紀宝町ウミガメ公園」です。 @umigame_kouenさんによると、「カメ達を日光浴させるために、屋外へ運び出すためにこのように回収しています」とのこと。 なんとも不思議な光景ですが、喜んで集まってくるようにも見えるウミガメたちの姿にほっこりさせられますね！ そんな回収されるウミガメは、SNSで大きな反響を呼びました。 「おりこうさん！」「はぁ〜癒される」など反響続出 ポストには多数のいいねに加え、リプライ欄には ・「自主的に回収されるのがかわいすぎる！」 ・「理解しているなんておりこうさん！」 ・「まるで吸い込まれていくかのよう」 ・「カゴに一直線にくるのがかわいい〜」 ・「はぁ〜癒される」 など、絶賛する人の声から、癒される人の声など、多くのコメントが寄せられました。 投稿の反響を受け、「こんなにも多くの方に反応していただけると思っていなかったので驚きました」と振り返る投稿主さん。 「少しでもカメや生き物に興味を持つきっかけになれば嬉しいです」とも続けました。,[],[]
【給付付き税額控除の大綱案】飲食料品の消費税率「1%」と中低所得の働く世代を支援「就業者負担軽減支援金」とは（LIMO）,https://news.yahoo.co.jp/articles/9bfbda9afc9aac9d6f183e4f4d47bf75bef6e2d5,https://newsatcl-pctr.c.yimg.jp/t/amd-img/20260913-00137871-toushin-000-1-view.jpg?exp=10800,2026-09-13T15:06:34+09:00,2026-09-13T15:06:34+09:00,LIMO,toushin,LIMO,1342,Andrzej Rostek/shutterstock.com 2026年（令和8年）9月8日に開催された「給付付き税額控除」に関する国と地方の協議の場において、新たな支援金制度と消費税率の臨時的な引き下げに関する大綱案（政府の基本的な方針案）が公表されました。日々の生活に直結する大きな制度変更の可能性に注目が集まります。 ◆【画像】給付付き税額控除へ向けた新制度の全体像をみる 今回は、令和8年9月に示された「給付付き税額控除」の大綱案について解説します。 ※編集部注:外部配信先ではハイパーリンクや図表などの画像を全部閲覧できない場合があります。その際はLIMO内でご確認ください。 令和8年9月公表の大綱案「給付付き税額控除」へ向けた2つの柱 今回公表された大綱案は、働く人たちの手取り（実際に受け取れるお金）を増やし、働くことにより生活の向上を実感できる社会を作ることを目的としています。制度の背景にあるのが「純負担率」という考え方です。これは、税金や社会保険料などの支払額から、国から受け取る現金給付を差し引いた割合を指します。 日本の中低所得の現役世代は、諸外国と比べてこの純負担率が高い傾向にあると指摘されています。この負担を軽くするために打ち出されたのが、以下の2つの大きな柱です。 ●(1)「就業者負担軽減支援金の導入」 中低所得の現役勤労者に対して、所得や家族構成に応じた支援金を支給し、手取り額を底上げする仕組みです。また、社会保険への加入によって手取りが減ってしまう、いわゆる「年収の壁」による働き控えを和らげる狙いもあります。 ●(2)「飲食料品消費税率の臨時引下げ」 令和11年度（2029年度）の支援金本格導入に向けた「つなぎ」の施策として、令和9年（2027年）4月から2年間に限り、飲食料品の消費税率を1パーセントに引き下げて支援金と組み合わせて先行実施する予定となっています。 消費税が1パーセントに？令和9年開始予定の臨時措置の影響 多くの方にとって身近でインパクトが大きいのが、この消費税率引き下げのニュースでしょう。 現在、スーパーなどで購入する飲食料品には8パーセントの軽減税率が適用されていますが、大綱案によれば、令和9年4月1日から令和11年3月31日までの2年間に限り、これが1パーセント（国税0.78パーセント、地方税0.22パーセント相当）まで引き下げられる計画です。 対象となるのは、現在軽減税率の対象となっている飲食料品です。ただし、週2回以上発行される新聞の定期購読分については、今般の税率引き下げの対象外となり、引き続き8パーセントが適用されます。 日々の食費は、家計の中でも削るのが難しい費用であり、物価高の影響を最も受けやすい部分でもあります。2年間という期間限定ではあるものの、日々の買い物にかかる消費税が大幅に引き下げられるとなれば、家計にとっては大きな支えとなります。 たとえば、月に食費が8万円かかるご家庭の場合、消費税の負担が軽くなることで、年間を通せば数万円単位の節約効果が出る可能性があります。浮いたお金を将来の貯蓄に回したり、家族のレジャー費に充てたりと、生活の質を向上させる選択肢が増えるでしょう。,[],[]
猛暑のなか街中を走り続け動けなくなった犬→救助後の体温は『42.4℃』懸命な処置に「間に合ってよかった」（LIMO）,https://news.yahoo.co.jp/articles/304140322733f0f7da6b849e7039ab45b708911a,https://newsatcl-pctr.c.yimg.jp/t/amd-img/20260913-00138187-toushin-000-1-view.jpg?exp=10800,2026-09-13T14:46:18+09:00,2026-09-13T14:46:18+09:00,LIMO,toushin,LIMO,931,【写真提供】@StrayRescueOfficial（投稿・写真著作権者） 海外のSNSでは、犬や猫といった動物を保護し、懸命に救おうとする「動物レスキュー」の様子を紹介した投稿がYouTubeで注目を集めています。 ◆【写真】熱中症で動けなくなった犬の現在を見る 今回ご紹介するのは、海外で動物保護をしているStray Rescue of St.Louis OfficialさんのYouTubeアカウント「@StrayRescueOfficial」の投稿。 今回は、高温注意報が出るなか、ひどく怯えながら街中を走り回り、体温が42.2℃まで上昇していた犬が救出され、懸命な処置を受ける様子を紹介してくださっています。 執筆時点で8900回再生、約1220件のいいね！ がつくなど話題となった本投稿の中でも、特に胸を打たれるシーンやSNSでの反響をまとめてご紹介します。 また記事中では、犬・猫のおやつ代は月平均いくらかについても解説していきます。 ※投稿の画像は【写真】をご参照ください。 ※編集部注:外部配信先ではハイパーリンクや図表などの画像を全部閲覧できない場合があります。その際はLIMO内でご確認ください。 【熱中症で苦しんでいた犬】迅速で懸命な処置により無事に回復 海外のSNSで、高温注意報が出るなか街中を走り回り、危険な状態に陥っていた犬「オチョ」の救出劇が紹介されています。 投稿者さんによると、オチョはひどく怯えた様子で走り続け、ひどい暑さに苦しんでいたそうです。スタッフが距離を取りながら見守っていると、オチョは水たまりを見つけ、そこで動けなくなってしまい、その隙に慎重に近づいてリードをかけ、無事に救出しました。 そのまま急いでクリニックへ搬送したところ、体温は危険な42.2℃に達していました。クリニックでは酸素を与え、氷や冷たい水で体を冷却。その結果、約40分後には落ち着きを取り戻し、正常に呼吸できるようになったといいます。 ネット上では、「間に合って本当によかった」「助けてくれてありがとう」と救助にあたったスタッフへ感謝する声に加え、オチョの今後の回復を願う声も相次ぎました。 ――以上、海外のSNSで話題のワンちゃんでした。,[],[]
全国的にも珍しい「幕張の名物」　長いバスのジョイント写真に「全国区のものだと思ってた」（LIMO）,https://news.yahoo.co.jp/articles/105a370c15040cab7795bdad763897d409b760b4,https://newsatcl-pctr.c.yimg.jp/t/amd-img/20260913-00137707-toushin-000-1-view.jpg?exp=10800,2026-09-13T14:11:13+09:00,2026-09-13T14:11:13+09:00,LIMO,toushin,LIMO,1007,出所：0829kt/shutterstock.com 全長18メートルをつなぐ「幕張の名物」が、Xで話題になっています。 投稿したのは、「@shobonne3」さんです。 ◆【写真】「幕張の名物」を見る 当ポストには執筆時点で4万件を超えて表示されており、「2両目の先頭に座るのが好き」「運転手に拍手！」といったコメントが寄せられています。 そこで、LIMO編集部は話題の「@shobonne3」さんに取材。気になる投稿の経緯やSNSでの反響について、インタビューしました。 ※今回ご紹介する投稿は、投稿者様の掲載許可を頂いております。 ※編集部注:外部配信先ではハイパーリンクや図表などの画像を全部閲覧できない場合があります。その際はLIMO内でご確認ください。 「幕張の名物って何？」と聞かれたら見せるもの 「『幕張の名物って何？』って聞かれた時に見せる画像だお〜」そんなコメントとともに投稿されたのは1枚の写真。 そこに写っていたのは、連節バスの「連節幌（れんせつほろ）」でした。連節幌は、2台の車体をジョイントさせる重要な接合部で、伸縮する蛇腹（じゃばら）状なのが特徴です。 こちらを投稿した幕張推しの@shobonne3さんによると、「海浜幕張で働く人々や、幕張メッセ・マリンスタジアム等へお出かけの人々にとって重要かつ身近な交通手段である連節バスこそが幕張のシンボル」と考えたんだとか。 幕張は連節バスが過密ダイヤで運行する国内有数のスポットでもあるため、連節帆を名物だと紹介するのも納得ですね。 そんな幕張の名物は、SNSで大きな反響を呼びました。 「2両目の先頭に座るのが好き」「運転手に拍手！」の声 ポストには多数のいいねに加え、リプライ欄には ・「小さい頃から見ていたから、全国区のものだと思ってた！」 ・「初めて見た時の衝撃は忘れられない！」 ・「2両目の先頭に座るのが好き」 ・「運転手に拍手したくなる！」 など、幕張名物という意見に納得する人の声から、運転技術に称賛を送る人の声など、多くのコメントが寄せられました。 投稿の反響を受け、「『全国的に見ても珍しい』『運転士さんを尊敬する』『2両目の先頭が好き』など連節バスに対する様々な思いを知る事が出来て非常に有益だった」と振り返る投稿主さん。 毎日過密スケジュールで運行する幕張の連節バスが、注目を集めたことに喜びを感じていたようです。,[],[]
【国家公務員の扶養手当】子1人なら月「1万3000円」。2026年4月時点で受け取っているのはどんな人？（LIMO）,https://news.yahoo.co.jp/articles/87bf52d8a42902b81b5201f5d5f636a152c2913f,https://newsatcl-pctr.c.yimg.jp/t/amd-img/20260913-00137861-toushin-000-2-view.jpg?exp=10800,2026-09-13T14:01:26+09:00,2026-09-13T14:11:15+09:00,LIMO,toushin,LIMO,1318,metamorworks/shutterstock.com 人事院は2026年9月4日、「令和8年国家公務員給与等実態調査」の結果を公表しました。令和8年4月1日現在の人員と給与の実態をまとめた調査です。 ◆【図表】「国家公務員の扶養手当」はいくら？扶養親族などの区分別で見てみる 第11表には、扶養親族の数ごとの人員が載っています。扶養親族がいない職員は16万1045人で、対象となる24万7222人の65.1％にあたりました。 扶養手当は扶養親族がいる職員に支給される手当です。この記事では、扶養親族の数ごとの人員と、扶養手当の支給額を確認していきます。 ※編集部注:外部配信先ではハイパーリンクや図表などの画像を全部閲覧できない場合があります。その際はLIMO内でご確認ください。 国家公務員の扶養親族数、2026年4月時点で「なし」が16万1045人 第11表は、俸給表ごとに扶養親族の数別の人員を示した表です。まずは全体の分かれ方を見ていきます。 ●24万7222人のうち65.1％が扶養親族なし この表の対象は24万7222人です。うち扶養親族なしが16万1045人で、構成比は65.1％でした。 扶養親族がいる職員は8万6177人で、全体の34.9％にとどまります。3人に1人強という水準です。 ●1人が3万7135人、2人が3万7320人でほぼ同数 扶養親族が1人の職員は3万7135人（15.0％）、2人の職員は3万7320人（15.1％）でした。この2つの区分がほぼ同じ規模で並びます。 俸給表別に見ると、行政職俸給表（一）13万9564人のうち扶養親族なしが9万4613人、1人が2万475人、2人が1万9343人となっています。 ●3人以上は合わせて1万1722人にとどまる 扶養親族が3人の職員は1万60人（4.1％）、4人以上は1662人（0.7％）です。合わせて1万1722人で、全体の4.7％でした。 なおこの表には指定職俸給表や特定任期付職員俸給表などが含まれておらず、第9表の俸給表適用人員24万8729人とは1507人の差があります。 扶養手当の支給額は子1人1万3000円。16歳から22歳の子には5000円の加算がある 人員がわかったところで、扶養手当そのものの額を確認します。金額は扶養親族の区分ごとに決まっています。 ●父母等は6500円で、配偶者の欄はない 人事院の令和8年4月現在の資料では、扶養手当の支給額は子が1万3000円です。16歳の年度初めから22歳の年度末までの子には、5000円が加算されます。 父母等は6500円でした。配偶者に係る扶養手当は令和6年の勧告で廃止することとされ、2年かけて段階的に実施されており、令和8年4月現在の支給額の一覧に配偶者の欄はありません。 ●父母等に係る額は行政職俸給表（一）8級の職員等で3500円になる 父母等に係る手当の額は、職員の職務の級によって変わります。行政職俸給表（一）8級の職員等の場合は3500円です。 行政職俸給表（一）9級以上の職員等には支給されません。一方で子に係る1万3000円は、職務の級にかかわらず同じ額です。,[],[]
植木鉢を見ると…中に潜む“予想外の小動物”にびっくり！目が釘付けになる光景に「貴重な生態映像かも」（LIMO）,https://news.yahoo.co.jp/articles/f781b8a0bd92754a23e4c97130354540bd91b77e,https://newsatcl-pctr.c.yimg.jp/t/amd-img/20260913-00138220-toushin-000-1-view.jpg?exp=10800,2026-09-13T13:51:29+09:00,2026-09-13T13:51:29+09:00,LIMO,toushin,LIMO,1037,【写真提供】@maxihito（投稿・写真著作権者） 「どうして、こんなところに？」と言いたくなる！ 植木鉢に潜む“予想外の小動物”が、Xで話題になっています。 ◆【写真】「植木鉢に潜む“予想外の小動物”」を見る 投稿したのは、「@maxihito」さんです。 当ポストには執筆時点で38万件を超えて表示されており、「貴重な生態映像かも」「この光景は初めて見た」といったコメントが寄せられています。 そこで、LIMO編集部は話題の「@maxihito」さんに取材。気になる投稿の経緯やSNSでの反響について、インタビューしました！ ※投稿の画像は【写真】リンクをご参照ください。 ※今回ご紹介する投稿は、投稿者様の掲載許可を頂いております。 ※編集部注:外部配信先ではハイパーリンクや図表などの画像を全部閲覧できない場合があります。その際はLIMO内でご確認ください。 植木鉢に潜む“予想外の小動物”が話題 「鉢の中にコウモリが潜んでいた。水やりで起きたかと思ったが、周囲をムシャムシャと動かしている。小さな動物ほど新陳代謝が激しく、常に何かを食べていないといけないと聞いたことがある。関わらないほうがいい気がしたので、少し距離を置いてく。」そんなコメントとともに投稿されたのは1本の動画。 そこに映っていたのは、植木鉢の中に潜むコウモリでした。 投稿主さんに撮影時の状況を聞いてみると「早朝に畑で水やりをやっていたら、鉢の中でパクパクしていた小動物を見た。よく見たらコウモリだった」とのこと。 コウモリは、太陽が出た後は行動しないイメージがあるため、元気に動いている姿にびっくりしてしまいますね！ その後の展開については「しばらくパクパクして、鉢からよじ登ってどこかへ行った。妻に教えたら、もう辺りに居なかった」と、投稿主さんは教えてくれました。 そんな植木鉢で発見したコウモリは、SNSで大きな反響を呼びました。 「貴重な生態映像かも」「この光景は初めて見た」などの反響続出 ポストには多数のいいねに加え、リプライ欄には ・「貴重な生態映像かも」 ・「この光景は初めて見た」 ・「夜行性なのに、植木鉢にいたんですね」 ・「なんて可愛いんだろう」 など、植木鉢にいたコウモリに驚く人から、可愛らしい姿を褒める人など、多くのコメントが寄せられました。 投稿の反響を受け、「どこからバズるのか分かないけど、会ったことのない人の縁だと思う」と、投稿主さんは振り返ってくれました。,[],[]
「栗もさつまいももかぼちゃも」530円から楽しめるコージーコーナーの秋ケーキ6種！モンブラン4種と栗まんきつパイ・北海道産かぼちゃのタルト（LIMO）,https://news.yahoo.co.jp/articles/7835d591670b57347795df4dd9dffe74110d62b4,https://newsatcl-pctr.c.yimg.jp/t/amd-img/20260913-00137517-toushin-000-1-view.jpg?exp=10800,2026-09-13T13:46:17+09:00,2026-09-13T13:46:17+09:00,LIMO,toushin,LIMO,1454,出所：LIMO 9月上旬になると、栗やさつまいも、かぼちゃを使ったスイーツが少しずつ増え、秋の味覚が恋しくなる時期です。まだ暑さが残る日でも、ケーキならひと足早く季節の変化を楽しめますよね。 ◆【写真10枚】「モンブランだけで4種類」コージーコーナーの秋ケーキ6種は530円から！紅はるか・和栗・渋皮栗に栗パイとかぼちゃタルトも（画像出典：コージーコーナー公式サイト） なかでもモンブランは使う素材やクリームの重ね方で味わいが大きく変わるスイーツです。栗だけでなく、さつまいもを主役にしたものまで並ぶと、どれを選ぶか迷う時間まで楽しめます。 コージーコーナーでは530円から楽しめる秋のひとり用ケーキ6種を展開。モンブラン4種のほか、栗づくしのパイとかぼちゃのタルトもあり、新作4品は2026年9月11日発売予定です。 ※編集部注:外部配信先ではハイパーリンクや図表などの画像を全部閲覧できない場合があります。その際はLIMO内でご確認ください。 ライターによる商品コメント！ モンブランだけで4種類あるのが魅力的です。紅はるかをあん・ペースト・クリーム・甘露煮まで使ったタイプ、茨城県産和栗を重ねたタイプ、昔ながらの黄色いモンブラン、4種の栗ペーストを使った渋皮栗タイプと、同じモンブランでも多岐に渡っていますね。 さらに、使っている素材だけでなく、スポンジやクリームの組み合わせにも違いがあります。紅はるかには黒糖スポンジ、和栗にはマロン風味スポンジ、渋皮栗には栗カスタードやチーズクリームを重ねています。「今日は栗そのものをしっかり味わいたい」「さつまいもの甘さを楽しみたい」「昔ながらの黄色いモンブランが食べたい」と、好みで選び分けられます。 モンブラン以外には、パイ生地に渋皮栗ペーストクリームやクラッシュマロンを重ねた「栗まんきつパイ」と、北海道産かぼちゃ「くりゆたか」にシナモンやキャラメルを合わせたタルトもあります。6種は530円〜638円なので、モンブランを食べ比べる日と、パイやタルトを選ぶ日で変えてみるのもよさそうです。 栗・さつまいも・かぼちゃを食べ比べ！コージーコーナーの530円からの秋ケーキ6種 ●モンブランは4種類！ 紅はるか・和栗・定番・渋皮栗を食べ比べ 9月11日発売予定の「紅はるかのモンブラン（税込530円）」は甘みが強くねっとりした食感が特長のさつまいも「紅はるか」が主役。 あんだけでなく、ペーストやクリーム、上に飾った甘露煮まですべてに紅はるかを使い、やさしい甘さの黒糖スポンジと組み合わせています。 同じく9月11日発売予定の「茨城県産和栗のモンブラン（税込594円）」は和栗ペーストクリームと和栗あんに、生クリーム入りホイップクリームとマロン風味スポンジを重ねた一品です。 茨城県産和栗の甘みとコク、ふくよかな香りを軸にした季節限定モンブランになっています。 定番の「モンブラン（税込530円）」は昔ながらの黄色い見た目が印象的。 スポンジの中になめらかなカスタードを入れ、栗ダイスとラム酒の香り豊かなクリーム、栗甘露煮を混ぜ込んだマロンあんを重ねているとのことです。 「渋皮栗のモンブラン（税込638円）」はリニューアルされ、熊本県産蒸し栗ペーストを使った栗カスタード、渋皮栗の粒入りチーズクリーム、4種の栗ペーストを合わせた渋皮栗あんを重ねています。 紅はるか、和栗、昔ながらの黄色いタイプ、濃厚な渋皮栗と、4種類それぞれに違った秋の味わいがありますね。,[],[]
帰宅した飼い主を出迎えたのは、ドアの上からのぞく白猫「妖怪みたいで変な声が出た」（LIMO）,https://news.yahoo.co.jp/articles/875c47945cf3338a8e24dfd4408925d4f72128c2,https://newsatcl-pctr.c.yimg.jp/t/amd-img/20260913-00138251-toushin-000-1-view.jpg?exp=10800,2026-09-13T12:11:13+09:00,2026-09-13T12:11:13+09:00,LIMO,toushin,LIMO,1014,【写真提供】@NEKOLAND13（投稿・写真著作権者） 「帰宅後の出迎えが妖怪過ぎて変な声出た」というコメントとともに投稿されたのは、ドアの上からひょっこりと顔をのぞかせる白猫の写真です。 ◆【写真】帰宅後の出迎えが「妖怪過ぎる」白猫ちゃん 投稿したのは「@NEKOLAND13」さん。 93万回を超える表示回数、2万8000件を超えるいいねが寄せられました。 間近で見せた、さらに迫力のある表情もあわせてご紹介します。 ※編集部注:外部配信先ではハイパーリンクや図表などの画像を全部閲覧できない場合があります。その際はLIMO内でご確認ください。 ドアの上からこちらを見下ろす白い影 投稿に写っているのは猫のノーマンくん。 薄暗い部屋の中、ドア枠の上という高い場所から、じっとこちらを見下ろす姿はまるで隠れていた何かに見つかってしまったかのよう。 ふわふわの白い毛並みだけが浮かび上がるシルエットが、なんとも不思議な雰囲気を醸し出しています。 思わず二度見してしまうような登場シーンに、多くのユーザーが驚いたようです。 間近で見せた「妖怪」レベルの表情 そんなノーマンくんが間近で見せたのは、さらに迫力のある表情でした。 隙間からぐっと顔を近づけ、口を開けて鳴く姿は、まるで異形の生き物のよう。 下から差し込む光に照らされた瞳とお鼻が浮かび上がり、飼い主さんが「妖怪過ぎて変な声出た」と表現したのも納得の一枚です。 コメント欄では「化け猫のおかわり」「下僕の疲れを笑顔に変えてくれる」といった声が寄せられ、盛り上がりを見せています。 白猫「ノーマン」くんについて 最後に、投稿者さんに詳しいお話をうかがいましたのでご紹介します。 ――ノーマンくんとの出会いのエピソードを教えてください。 ペットショップで私が一目惚れして迎えました。 ――普段はどのような子ですか？ ノーマンはワンパクです。 よく同居猫のエマやレイにちょっかいを出して、追いかけっこをしていますが、甘えん坊な一面もあります。 ――おもしろい、または珍しいクセなどはありますか？ 遊んで欲しいときにオモチャを咥えて持ってきたりと、遊び盛りなイメージですね。 ――自慢のポイントは何ですか？ 猫が3匹いるので、長毛の3ニャンをモフモフして毎日癒されています（笑）。 ――以上、SNSで話題の猫ちゃんでした。「@NEKOLAND13」さん、ありがとうございました！,[],[]
「キッチンで爆発したモノ」　大惨事となったフライパンに「おいしそうな爆発」（LIMO）,https://news.yahoo.co.jp/articles/c6232bd03dcf67ad4a545c83dda995c965c0eabe,https://newsatcl-pctr.c.yimg.jp/t/amd-img/20260913-00137709-toushin-000-1-view.jpg?exp=10800,2026-09-13T12:01:48+09:00,2026-09-13T12:01:48+09:00,LIMO,toushin,LIMO,1267,出所：Toru Kimura/shutterstock.com これは芸術…？ 「キッチンで爆発したモノ」が、Xで話題になっています。 投稿したのは、「@hlilmga」さんです。 ◆【写真】「キッチンで爆発したモノ」を見る 当ポストには執筆時点で93万4000件を超えて表示されており、「食べられる芸術」「おいしそうな爆発だw」といったコメントが寄せられています。 そこで、LIMO編集部は話題の「@hlilmga」さんに取材。気になる投稿の経緯やSNSでの反響について、インタビューしました。 ※今回ご紹介する投稿は、投稿者様の掲載許可を頂いております。 ※編集部注:外部配信先ではハイパーリンクや図表などの画像を全部閲覧できない場合があります。その際はLIMO内でご確認ください。 これは芸術…？「キッチンで爆発したモノ」とは 「芸術は爆発だって岡本太郎も言うてたしな」そんなコメントとともに投稿されたのは1枚の写真。 そこに写っていたのは、フライパンからあふれかえったポップコーンでした。 分量をミスしてしまっているのは明らかで、まさに“爆発”という光景です。こちらを投稿した@hlilmgaさんも、「普通にポップコーン好きでやろうとしたら想像以上に膨らみました」と予想外の出来事だったことを語ってくれました。 そんなキッチンで爆発したモノは、SNSで大きな反響を呼びました。 「食べられる芸術」「おいしそうな爆発だｗ」と反響 ポストには多数のいいねに加え、リプライ欄には ・「食べられる芸術だね」 ・「爆発したのは食欲では？」 ・「ポップコーンも爆発だ！」 ・「こんなアニメあったな」 ・「おいしそうな爆発だw」 など、爆笑する人の声から、アニメを連想する人の声など、多くのコメントが寄せられました。 投稿の反響を受け、「岡本太郎の格言ってこんなに知れ渡ってるんやと思いました」と振り返る投稿主さん。 気持ちのよいほど爆発したポップコーンと芸術家の格言のマッチングが、多くの人を笑顔にしたようですね。 お菓子にいくらくらい使ってる？1世帯当たり1ヵ月間の菓子類の支出金額を紹介 内閣府統計局の2025年「家計調査」のデータから、各家庭におけるお菓子代の支出傾向が明らかになりました。 1世帯が1ヶ月間に菓子類に費やす金額の平均は6388円となっています。この支出を世帯主の年代別に詳しく見ると、40代が8739円で最も高く、次に50代が7082円、30代が6699円と続きます。 一方で、29歳以下は4007円と最も低い結果となりました。40代や50代の支出が多い背景には、子どもが食べ盛りを迎え、家庭内でのお菓子の消費量が増加していることが関係していると考えられます。 年齢層によってお菓子にかける費用には大きな開きがあることがわかりますね。 今回はXで話題になっている「キッチンで爆発したモノ」をご紹介しました。 参考資料 ・@hlilmga ・e-Stat 「家計調査 / 家計収支編 総世帯 詳細結果表」 樋口 郁美,[],[]
2026年12月iDeCo改定「会社員の掛け金拠出上限が月2.3万円→月6.2万円へ拡大」30代・40代・50代が満額拠出した場合の年代別シミュレーション公開！（LIMO）,https://news.yahoo.co.jp/articles/6327f3ff9afae86827a4a42c2c9f104885af8df9,https://newsatcl-pctr.c.yimg.jp/t/amd-img/20260913-00137611-toushin-000-1-view.jpg?exp=10800,2026-09-13T11:56:17+09:00,2026-09-13T11:56:17+09:00,LIMO,toushin,LIMO,1402,beeboys/shutterstock.com iDeCo（イデコ）の改正法が2025年に成立し、新しいルールが順次施行されています。2026年12月には、拠出金の上限が大きく引き上げられる見通しです。 ◆【画像】iDeCo歴10年で資産1000万円達成！筆者のポートフォリオをみる 拠出可能額の引き上げは、iDeCoのメリットを強化するものですが、どう変わるのか、うまく整理できていない人もいるかもしれません。 iDeCoの新しいルールについて、iDeCoが持つ3つの税制メリットと合わせて確認しましょう。 ※編集部注:外部配信先ではハイパーリンクや図表などの画像を全部閲覧できない場合があります。その際はLIMO内でご確認ください。 2026年12月施行！iDeCoの「掛金上限」引き上げで何が変わる？ 本題に移りましょう。iDeCoは掛金を積み立てておき、原則として60歳以降に受け取れる制度です。2026年12月からは、拠出できる掛金の上限が引き上げられることとなりました。変更点を解説します。 ●会社員の拠出限度額が最大月2.3万円から月6.2万円へ引き上げ 12月から始まる拠出金の引き上げ内容は次のとおりです。会社員や公務員の現在の拠出可能額は月に2.3万円ですが、新制度では6.2万円に引き上げられることとなります。 【拠出限度額の引き上げ（2026年12月〜）】 ・自営業:月6.8万円→月7.5万円 ・会社員・公務員（企業年金あり）:月2.0万円→月6.2万円 ・会社員・公務員（企業年金なし）:月2.3万円→月6.2万円 ・会社員・公務員の専業主婦・夫:月2.3万円（変更なし） ・新設された第5号被保険者:月6.2万円 ※自営業は国民年金基金等との合計額、会社員・公務員（企業年金あり）は企業年金等との合計額 ※第5号被保険者…60歳以上70歳未満の国民年金被保険者以外の者で、iDeCoを活用した老後の資産形成を継続しようとする者 ●3つの税制メリットをおさらい！ 「拠出メリット」で手取りがアップする仕組み ・所得控除額が最大27.6万円から74.4万円に拡大 ・税率20％なら手取りは5.52万円アップ→14.88万円アップに iDeCoは拠出時・運用時・受取時の3つのメリットがあります。今回の拠出限度額の引き上げは、拠出時のメリットである所得控除が強化される構図です。 ・拠出メリット:拠出金の全額が所得控除 ・運用メリット:運用益が非課税 ・受取メリット:受取金は「退職所得控除」または「公的年金等控除」の対象 iDeCoは老後資産の形成を支援する貯蓄制度であり、拠出金は、あとで受け取れる自身のお金です。家計の収支（フロー）には負荷がありますが、資産（ストック）は積み上がるため、消費のように失われるお金ではありません。 iDeCoは生活費を削って消費するのではなく、「自分の未来の資産」を育てながら現在の税金の負担軽減にもつながる非常に合理的な制度です。 iDeCoの掛金は全額が所得控除の対象です。会社員が満額を拠出した場合、所得控除額は現行（月2.3万円）だと27.6万円ですが、新制度（月6.2万円）では74.4万円まで増加します。 仮に所得税および住民税の税率を20％とすれば、手取りの年間増加額は現行が5.52万円、新制度では14.88万円となります。,[],[]
路上にいた「母犬がいない、生まれて間もない子犬」→新たな母犬へ預けられ、つながった命に安堵の声が続出（LIMO）,https://news.yahoo.co.jp/articles/b75b0cf9c9042545cc28047877b082f509af4936,https://newsatcl-pctr.c.yimg.jp/t/amd-img/20260913-00137841-toushin-000-1-view.jpg?exp=10800,2026-09-13T11:51:31+09:00,2026-09-13T11:51:31+09:00,LIMO,toushin,LIMO,1264,【写真提供】@sulalaanimalrescue（投稿・写真著作権者） 海外のSNSでは、犬や猫といった動物を保護し、懸命に救おうとする「動物レスキュー」の様子を紹介した投稿がInstagramで注目を集めています。 ◆【写真】路上に1匹でいた生後間もない子犬の現在を見る 今回ご紹介するのは、ガザ地区で動物保護をしている「Sulala Animal Rescue」のInstagramアカウント「@sulalaanimalrescue」の投稿。 今回は、路上で母犬のいない状態で発見された、まだ目も開いていない生後間もない子犬が保護され、授乳中の母犬のもとへ預けられるまでを動画で紹介してくださっています。 執筆時点で約860件のいいね！ がつくなど話題となった本投稿の中でも、特に胸を打たれるシーンやSNSでの反響をまとめてご紹介します。 また記事中では、犬・猫の平均入手価格についても解説していきます。 ※投稿の画像は【写真】をご参照ください。 ※編集部注:外部配信先ではハイパーリンクや図表などの画像を全部閲覧できない場合があります。その際はLIMO内でご確認ください。 【路上にいた生後間もない子犬】新たな母にお世話してもらうことに 海外のSNSで、路上で母犬のいない小さな子犬が発見され、保護される様子が紹介されています。 子犬を見つけたのはガザ北部の住民で、そばに母犬がいなかったことから保護団体へ連絡し、助けを求めたそうです。連絡を受けた保護団体は、子犬を北部から南部へ搬送することを決め、無事に保護しました。 施設に到着した子犬は、健康状態を確認してもらった後、授乳中の母犬のもとへ預けられ、生まれて間もない子犬が必要な栄養や世話を受けられる環境が整えられました。 ネット上では、子犬の保護を喜ぶ声や、世話をしてくれる母犬がいて安堵したという声が多く寄せられています。 ――以上、海外のSNSで話題のワンちゃんでした。 生まれて間もない子犬にとって、母犬による授乳やお世話は成長するうえでとても重要です。しかし、今回の投稿のように母犬がそばにいない状態で子犬が見つかることもあります。こうした子犬を見つけても、すぐに母犬がいないと判断するのではなく、まずは周囲の安全を確認しながら、母犬が戻ってこないか様子を見ましょう。一方、子犬が衰弱している、ケガをしている、危険な場所にいるなど緊急性が高い場合は、動物病院や地域の保護団体などへ相談が必要です。 母犬がそばにいない場合は、人の手でミルクを与えるだけでなく、保温や排泄のサポートなども必要になります。特に幼い子犬は自分で体温をうまく調節できないため、寒さによって体温が下がると衰弱してしまうおそれがあります。人工哺乳を行う場合は市販の子犬用ミルクを使用し、成長段階に応じた量や回数を守って与えましょう。 母犬のいない小さな子犬を育てるには、細やかなケアが欠かせません。今回保護された子犬は、幸運にも新しい母犬のもとで育てられることになったので安心しました。,[],[]
【オトナミューズ付録】一見シンプルなのに超絶キュート！CITEN×ハローキティのひょっこりタグトート＆隠れキティポーチが話題（LIMO）,https://news.yahoo.co.jp/articles/178898a177ce46345e0918e087ac3a921a431007,https://newsatcl-pctr.c.yimg.jp/t/amd-img/20260913-00137222-toushin-000-1-view.jpg?exp=10800,2026-09-13T11:46:16+09:00,2026-09-13T11:46:16+09:00,LIMO,toushin,LIMO,1040,Photology1971/shutterstock.com おしゃれな大人のためのファッション誌「オトナミューズ」。毎号話題になる豪華なスペシャル付録ですが、2026年11月号＆11月号増刊は今まで以上に見逃せません。 ◆【写真6枚】後ろ姿のひょっこりキティにキュン！オトナミューズ付録のCITENコラボバッグ＆隠れキティポーチが可愛すぎて物欲を刺激される（画像出典：宝島社公式） 今大注目の人気ブランド「CITEN（シテン）」と世界中で愛される「ハローキティ」のスペシャルコラボが実現。オトナ女子の心をくすぐるトレンド感のあるデザインと日常で役立つ機能性を兼ね備えた注目の付録アイテム2品がラインナップ。今回はその魅力をたっぷりご紹介していきます。 ※編集部注:外部配信先ではハイパーリンクや図表などの画像を全部閲覧できない場合があります。その際はLIMO内でご確認ください。 オトナミューズ「CITEN×ハローキティコラボ付録」商品ポイントを解説！ オトナにもファンの多いハローキティ。今回は、そんなキティちゃんの魅力と今流行りのブランド「CITEN」のスタイリッシュさが融合した今回のコラボでしか出会えないかわいらしさがやってきました。 通常号のトートバッグは、ノートパソコンやA4書類がすっぽり収まる絶妙なサイズ感と遊び心のあるハローキティ柄のふっくらキルティングが大注目。 一方、増刊号のポーチはマチが約8.5cmと広めのスクエア型で、底面がしっかり安定する使いやすい仕様に。コスメやコード類などのガジェットをすっきりと整理収納できます。総柄の中に潜んでいる隠れキティにも注目です。どちらも可愛さだけでなく実用性の高いアイテムなので、ヘビロテしたくなること間違いなしです。 大人女子のハートを射抜く！大人気「CITEN×ハローキティ」の夢のコラボ 洗練されたカジュアルスタイルで圧倒的な支持を集めるファッションブランド「CITEN」と、世代を超えて愛され続ける「ハローキティ」。今回、オトナミューズ11月号にて夢のタッグが完成しました。洗練されたシックなブラックカラーをベースにしつつ、ハローキティのお茶目な魅力をぎゅっと詰め込んだデザインは、まさに大人女子のためのスペシャル仕様。デイリーのおでかけやオフィスシーンにもしっくり馴染む絶妙なバランスに仕上がっています。 発売は、2026年9月28日（月）です。それでは、それぞれの付録の魅力をチェックしていきましょう。,[],[]
【年金の繰上げ受給】60歳から受け取ると24.0％減が生涯続き、あとから取り消せない｜50歳代おひとりさまの貯蓄は中央値120万円、35.2％が貯蓄なし（LIMO）,https://news.yahoo.co.jp/articles/7cec07b7d9ec66e692883c4c52b099e62b843b75,https://newsatcl-pctr.c.yimg.jp/t/amd-img/20260913-00137769-toushin-000-1-view.jpg?exp=10800,2026-09-13T11:36:27+09:00,2026-09-13T11:36:27+09:00,LIMO,toushin,LIMO,1401,takasuu/istockphoto.com 「働けなくなったら、年金を早めに受け取ればいい」—50歳代のおひとりさまで、そんなふうに考えている方もいるのではないでしょうか。ただ、早く受け取る選択には、知っておくべき条件が付いています。 ◆【画像】繰上げ受給の「年齢別の減額率」を見てみる 受け取る時期の判断は、ひとりの老後の家計を長く左右します。まずは同世代のおひとりさまの貯蓄の現在地を平均と中央値で確かめ、そのうえで、年金の繰上げ受給のしくみをみていきましょう。 今回は、50歳代の単身世帯の平均貯蓄額と中央値を確認し、「60歳から受け取ると24％減」という繰上げの中身と注意点をみていきます。 ※編集部注:外部配信先ではハイパーリンクや図表などの画像を全部閲覧できない場合があります。その際はLIMO内でご確認ください。 【50歳代おひとりさまの平均貯蓄額】中央値はいくらか？ 金融経済教育推進機構（J-FLEC）が2025年に公表した「家計の金融行動に関する世論調査（2025年）」によると、50歳代・単身世帯の金融資産保有額（平均・中央値）は次のとおりです。 ※金融資産保有額とは、預貯金だけでなく株式、投資信託、生命保険などを含んだ金額です。ただし、日常的に使う普通預金の残高は含まれていません。 ●50歳代おひとりさまの貯蓄額（平均・中央値） ・50歳代単身世帯:平均999万円/中央値120万円 50歳代のおひとりさまは平均999万円・中央値120万円。貯蓄のない人が35.2％と3人に1人を超え、2000万円以上は15.9％です。平均が中央値を大きく上回り、実感に近いのは中央値120万円のほうです。 老後の受け取り方を、いまのうちに考えておきたい時期です。 60歳から受け取ると24％減—しかも減額は生涯続き、取り消せない 「働けなくなったら、年金を早めに受け取ればいい」—そう考える方もいますが、早く受け取る選択には条件が付いています。日本年金機構の説明でみてみましょう。 ●繰上げは60歳から、ただし減額は生涯続く 本人が希望すれば、60歳から65歳までの希望する時期に繰り上げて老齢基礎年金を受け取ることができます。ただし65歳から受け取り始める場合に比べて減額され、機構は「減額は生涯続くので注意が必要です」と明記しています。 減額の幅をみましょう。ひと月当たりの減額率は、昭和37年4月2日以降生まれの方が0.4％、昭和37年4月1日以前生まれの方が0.5％です。60歳から受け取ると、昭和37年4月2日以降生まれで24.0％、以前生まれで30.0％の減額。 61歳なら19.2％と24.0％、62歳なら14.4％と18.0％、63歳なら9.6％と12.0％、64歳なら4.8％と6.0％です。1年早めるごとに、約5％前後を一生手放す計算になります。 ●取り消せず制限もある—老後資金と働き方で慎重に 裏を返せば、いったん繰り上げると後戻りできないということです。機構は「繰上げ請求すると、繰上げ請求を取消しすることはできません」としています。ほかにも、寡婦年金が支給されない、事後重症による障害年金の請求ができない、65歳までの間に雇用保険給付などがあると老齢厚生年金が支給停止される場合があるといった制限があります。 「あとで戻せばいい」という選択肢はありません。,[],[]
49歳 伊東美咲 上品な白ドレス姿に反響「眩しく輝き綺麗」の声集まる（LIMO）,https://news.yahoo.co.jp/articles/3284b3f73b51ddbf809f09220ff66dff3628d20d,https://newsatcl-pctr.c.yimg.jp/t/amd-img/20260913-00137925-toushin-000-1-view.jpg?exp=10800,2026-09-13T11:11:11+09:00,2026-09-13T11:11:11+09:00,LIMO,toushin,LIMO,1196,Nadia Nice/shutterstock.com 画像はイメージです 俳優の伊東美咲が2026年9月12日までにInstagramを更新しました。 スキンケアブランドのイベントに参加した際の、上品な白いドレス姿を紹介しています。 ◆【写真】伊東美咲がスキンケアイベントで披露した上品な白いドレス姿 コメント欄には「美咲さんホワイトのドレス眩しく輝き綺麗」「素敵ですね」との声が寄せられています。 記事後半では気になるファッション費用についても解説しています。 ※投稿写真は【写真】ページをご確認ください。 ※記事内容は執筆時点での情報です。 ※編集部注:外部配信先ではハイパーリンクや図表などの画像を全部閲覧できない場合があります。その際はLIMO内でご確認ください。 伊東美咲 スキンケアイベントでの白いドレス姿を披露…オフショットに「素敵」の声 伊東はマネージャーの投稿として「先日、『ラ・メール』DAY＆NIGHTモイスチャライザーのイベントに参加させていただきました。美咲さんも愛用されている『ザ・モイスチャライジング ソフト クリーム』と『ザ・モイスチャライジング ナイト クリーム』。その魅力を、改めて実感するひとときとなりました」と、イベントでの装いの写真を公開しました。 コメント欄には、 ・「美咲さんホワイトのドレス眩しく輝き綺麗」 ・「素敵ですね」 との声が寄せられています。 49歳・伊東美咲「ごくせん」「電車男」などに出演 現在は海外で子育て中 伊東美咲は1977年5月26日生まれの49歳。 1999年にアサヒビールのイメージガールを務め、雑誌「CanCam」の専属モデルなども務めました。 2000年に俳優デビュー。ドラマ「ごくせん」「電車男」、映画「海猫」などに出演。 結婚、出産を経て、ハワイ、シンガポールに移住して3人の子育てに励んでいます。 【Instagram投稿】伊東美咲 金色の壁を背景にした上品なドレス姿を披露 光沢のある金色の壁を背景に、白いロングドレスに身を包み腕を組んでポーズをとる伊東。 ウエスト部分をドレープであしらったデザインが、体のラインを美しく見せています。黒のヒールを合わせ、エレガントな雰囲気を纏った1枚です。 【Instagram投稿】イベント会場でのショットも公開 「LA MER」のロゴが掲げられた、白い球体のオブジェで埋め尽くされたブランドのイベント会場で、コスメアイテムを手に立つ伊東。 幻想的な空間の中でも、白いロングドレス姿がひときわ映えています。同じコーディネートでの全身ショットです。 テーブルに着き、両手を頬の近くで組んで笑顔でこちらを見つめる伊東。指先にはさりげない赤のネイルが施され、上品なアクセントになっています。 テーブルにはデザート皿も写り込み、イベントでのひとときを楽しむ様子が伝わります。,[],[]
【70歳マダム】の「ブラックコーデ」がかっこいい！赤の小物使いにセンスが光る（LIMO）,https://news.yahoo.co.jp/articles/696ae6991bc7be0d4cd40eb51d7f618b512558f5,https://newsatcl-pctr.c.yimg.jp/t/amd-img/20260913-00137300-toushin-000-1-view.jpg?exp=10800,2026-09-13T10:11:11+09:00,2026-09-13T10:11:11+09:00,LIMO,toushin,LIMO,1261,【写真提供】@botan_omotesando_life（投稿・写真著作権者） 70歳のマダムの日常を発信する「@botan_omotesando_life」さんが投稿した「ブラックコーデ」がInstagramで注目を集めています。 ◆【写真】70歳マダムの「ブラックコーデ」を見る 投稿された動画は執筆時点で1413回再生されるなど話題となっています。 そこで、LIMO編集部は「@botan_omotesando_life」さんに許可をいただき、ファッションの注目ポイントやSNSでの反響をご紹介！ また記事中では、「70代の貯蓄と家計のリアル」についても解説します。 ※投稿の画像は【写真】リンクをご参照ください。 ※今回ご紹介する投稿は、投稿者様の掲載許可を頂いております。 ※編集部注:外部配信先ではハイパーリンクや図表などの画像を全部閲覧できない場合があります。その際はLIMO内でご確認ください。 赤をワンポイントにした大人のブラックコーデ 愛犬ノビータくんと一緒にカフェへ出かけたこの日は、黒をベースにしたスタイル。 主役は、ウエストまわりにたっぷりとフリルが入った黒のペプラムトップスです。 ボトムスは、色落ちしたブラック系のワイドデニムをチョイス。 フリルの可愛らしさを抑えた、ハンサムな着こなしにまとめています。 赤いスニーカーと赤いバッグ、さらに赤いチョーカーも合わせ、黒の中にアクセントをプラス。 ノビータくんの赤いバンダナまでリンクしているのが、可愛らしいですね。 かっこよさの中に遊び心を感じる、@botan_omotesando_lifeさんらしい着こなしです。 コメント欄では、 ・「赤がいい仕事してる！」 ・「トップスめっちゃ好み」 ・「ノビータくんとのリンクが可愛い」 などの声がありましたよ。 @botan_omotesando_lifeさん、ご協力ありがとうございました！ おしゃれを長く楽しむために。70代の貯蓄と家計のリアル おしゃれを長く楽しむには、日々の家計にも余裕を持たせておきたいもの。その基盤となるのが貯蓄と年金収入です。 70代の「平均貯蓄額は2416万円」といわれますが、これはあくまで平均値に過ぎません。 実態に近いとされる中央値で見ると、状況は大きく変わってきます。 金融資産をまったく保有していない世帯も10.9％存在する一方、3000万円以上の貯蓄を持つ世帯が25.2％と最も多い層を占めており、貯蓄額には大きな格差が見られます。 65歳以上の無職夫婦世帯では、年金を中心とした収入が月25万4000円に対し支出は約29万7000円と、毎月4万2000円の赤字になっているのが実情です。 着たい服を我慢せず楽しむためにも、一度自分の家計と照らし合わせて確認しておいてもよいかもしれませんね。 参考資料 ・@botan_omotesando_life ・総務省統計局「家計調査報告 家計収支編 2025年（令和7年）平均結果の概要」 Mayumi Suto,[],[]
ファミリーにもニーズあり。210cmのロングマットレス　Limneが開発した理由（LIMO）,https://news.yahoo.co.jp/articles/669f971a4eda77948c938989ff570279fcf16559,https://newsatcl-pctr.c.yimg.jp/t/amd-img/20260913-00138253-toushin-000-1-view.jpg?exp=10800,2026-09-13T10:06:35+09:00,2026-09-13T10:06:35+09:00,LIMO,toushin,LIMO,997,筆者撮影 「睡眠の質」への関心が高まるなか、マットレス市場も活況を呈しています。近年は、寝心地や機能性を打ち出す新興の寝具ブランドも増え、硬さや素材、体圧分散性など、さまざまな軸で差別化された商品が登場しています。 ◆【写真】縦の長さが210cmの「ロングマットレス」を見る 一方、意外と選択肢が少ないのが「縦のサイズ」です。シングルやダブルなど横幅の選択肢は豊富でも、縦方向は「195cm」の商品が中心で、それ以上の長さのモデルは日本国内ではほとんど販売されていません。 そんななか、株式会社LIMNEが運営する寝具ブランド「Limne（リムネ）」は、2026年9月から長さ「210cm」の「リムネマットレス リッチコイル ロングモデル」の販売を開始。これまでになかった新たな選択肢を加えました。 ※編集部注:外部配信先ではハイパーリンクや図表などの画像を全部閲覧できない場合があります。その際はLIMO内でご確認ください。 2019年創業。マットレスから始まった「Limne」 Limneは2019年に創業した寝具ブランドです。現在はマットレスを中心に、枕やボックスシーツ、ベッドフレームなどを展開しています。 ブランドの出発点となったのは、ウレタン素材を使ったマットレスでした。Limneが開発した高反発素材「スフエアー」は、「ふわふわなのに、しっかり反発する」という特徴を持っており、独自の三層構造と合わせて、高い圧力分散を実現しました。 一方で、柔らかい寝心地だけではなく、「しっかり身体を支えてほしい」というニーズにも応えるため、2025年にはコイルを使ったモデルも投入しています。 リッチコイルモデルの特徴は、2種類のコイルを上下2層に配置した「ツインリカバリー構造」です。Limneによると、100万円を超えるマットレスでも使われる二層構造を、独自の設計で採用しています。 現在の公式価格はシングルで7万9900円からとなっており、10万円を下回る価格帯で展開している戦略が人気の大きな要因となっています。 今回の「ロングモデル」は、このリッチコイルモデルをベースに長さを15cm伸ばした新商品です。 シングル、セミダブル、ダブルの3サイズを用意し、いずれも長さは210cm。シングルは97×210cm、セミダブルは120×210cm、ダブルは140×210cmとなっています。,[],[]
京都で「目撃した案内板」に違和感　見慣れない猫猫寺の文字に「本当にあるの？」（LIMO）,https://news.yahoo.co.jp/articles/8638660c31da25cfcfb7a3e1a757d4b91b8d8bd9,https://newsatcl-pctr.c.yimg.jp/t/amd-img/20260913-00137703-toushin-000-1-view.jpg?exp=10800,2026-09-13T10:01:27+09:00,2026-09-13T10:01:27+09:00,LIMO,toushin,LIMO,1147,出所：Sean Pavone/shutterstock.com 京都で見つけた「思わず見返したくなる名前の施設」が、X上で話題になっています。 投稿したのは、「@game_masuda」さんです。 ◆【写真】「インパクトのある案内板」を見る 当ポストには執筆時点で46万3000件を超えて表示されており、「漢字より英語表記の方にかわいさを感じた」「にゃんにゃんはいけない 万人に効く」といったコメントが寄せられています。 そこで、LIMO編集部は話題の「@game_masuda」さんに取材。気になる投稿の経緯やSNSでの反響について、インタビューしました。 ※今回ご紹介する投稿は、投稿者様の掲載許可を頂いております。 ※編集部注:外部配信先ではハイパーリンクや図表などの画像を全部閲覧できない場合があります。その際はLIMO内でご確認ください。 京都で道を確認していると…目に飛び込んできた「猫猫寺」の文字 「名前が強くて二度見した」そんなコメントとともに投稿されたのは1枚の写真。そこに写っていたのは、京都の観光スポットなどへの道のりを示した案内板でした。 「京都バス」「養福寺」などが並ぶ中、ひときわ目を引くのが「猫猫寺」の文字。読み方も「にゃんにゃんじ」と、思わず見入ってしまいそうなインパクトですね。 @game_masudaさんがこの案内板を見つけたのは、瑠璃光院へ向かっていたときのこと。道が分からず案内板を確認したところ、突如目に飛び込んできた「猫猫寺」という文字列に、「何これ？」と驚いたと話します。 「当時は何かわからず、変わったお寺なのかなと思っていたのですが、後から『猫猫寺』はミュージアムであることを知りました」と、猫猫寺の正体についても教えてくれました。 そんな思わず見入ってしまうユニークな案内板は、SNSで大きな反響を呼びました。 インパクト抜群の施設めいに「本当にあるの？」「え…いきた…」 ポストには多数のいいねに加え、リプライ欄には ・「本当にあるの？」 ・「にゃんにゃんじかなと思ったらにゃんにゃんじなのか にゃんにゃんじでいいのか」 ・「え…いきた…」 ・「猫猫寺はまだ知名度が足りないか 猫族歴史博物館もあるのに載ってないな」 など、「猫猫寺」は本当に存在するのか気になる方から、行きたいという方など、多くのコメントが寄せられました。 投稿の反響を受け、「自分と同じで知らない人も多い一方で、結構知ってる方々も多かったので、京都によく行きますまだまだ知らない京都があるなーと感心しました」と振り返る投稿主さん。 続けて「海外からの反応も多かったので、日本への注目度と猫が人を惹きつけるパワーを感じました」と、笑いながら今の気持ちを教えてくれました。,[],[]
【国家公務員の住居手当】家賃1万6000円を超えると対象。2026年4月時点で「最高2万8000円」が付くのはどんな人？（LIMO）,https://news.yahoo.co.jp/articles/2346581895537b31c90d620211f64ef9b085e7fc,https://newsatcl-pctr.c.yimg.jp/t/amd-img/20260913-00137860-toushin-000-1-view.jpg?exp=10800,2026-09-13T09:51:30+09:00,2026-09-13T09:51:30+09:00,LIMO,toushin,LIMO,1060,tkyszk_shutterstock.com 人事院は2026年8月、「令和8年国家公務員給与等実態調査」の結果を公表しました。令和8年4月1日現在の人員と給与の実態をまとめた調査です。 ◆【画像】国家公務員の住まいの内訳を見る 第13表は、地域手当の支給区分別に住居の種類を示しています。借家・借間に住む職員は7万4388人で、俸給表の適用人員24万8729人の29.9％にあたりました。 住居手当は借家・借間に住む職員が対象になる手当です。この記事では、住まいの種類ごとの人員と、住居手当の支給額を見ていきます。 ※編集部注:外部配信先ではハイパーリンクや図表などの画像を全部閲覧できない場合があります。その際はLIMO内でご確認ください。 国家公務員の住まいの内訳、2026年4月時点で自宅が10万6779人 第13表は、住居の種類を公務員宿舎、自宅、借家・借間、その他の4つに分けた表です。まずは全体の内訳を確認します。 ●自宅42.9％、借家・借間29.9％、公務員宿舎27.0％ いちばん多いのが自宅の10万6779人で、構成比は42.9％です。次に借家・借間の7万4388人（29.9％）、公務員宿舎の6万7163人（27.0％）と続きます。 その他は399人（0.2％）でした。持ち家に住む職員が4割強で、借家と宿舎がそれぞれ3割前後という構成になっています。 住居手当は家賃1万6000円を超える借家・借間が対象で、最高2万8000円 住まいの内訳がわかったところで、住居手当の額を確認します。金額は家賃の額に応じて決まる仕組みです。 ●単身赴任手当を受けている場合は最高1万4000円になる 人事院の令和8年4月現在の資料では、借家・借間に居住し月額1万6000円を超える家賃を支払っている職員に住居手当が支給され、額は最高2万8000円です。 配偶者等が借家・借間に居住する単身赴任手当の受給職員については、最高1万4000円とされています。同じ住居手当でも、対象の区分によって上限が変わります。 ●受給人員7万1837人は、借家・借間の7万4388人に近い規模 同じ調査の第9表では、住居手当の受給人員が7万1837人となっています。第13表の借家・借間7万4388人の96.6％にあたる水準です。 平均給与月額の内訳では住居手当が7519円ですが、これは受給していない人も含めた全職員で割った平均です。受給人員で割り直すと1人あたり約2万6000円で、上限の2万8000円に近い額になります。,[],[]
「家族や友だちとおそろいも」1980円で買えるハニーズのモンチッチロンTは全色イラスト違い。S～3L展開でデニムにもスカートにも合わせられる（LIMO）,https://news.yahoo.co.jp/articles/f74be4741825959fab7309a2e0c5e94b90b7ab77,https://newsatcl-pctr.c.yimg.jp/t/amd-img/20260913-00137273-toushin-000-1-view.jpg?exp=10800,2026-09-13T09:46:18+09:00,2026-09-13T09:46:18+09:00,LIMO,toushin,LIMO,1230,出所：LIMO そろそろ夏が終わり、ロンTを楽しめる気温になってきました。ロンTといえば存在感があるものも多く、特にキャラクターTシャツはプリントの雰囲気でコーデの印象が大きく変わります。同じキャラクターでも色ごとに絵柄が違えば、好きなデザインを選ぶ楽しさも増えますよね。 ◆【写真7枚】「全色でイラストが違う」ハニーズの1980円モンチッチロンT。S～3Lまで選べて腰回り隠れるゆったり丈！リンクコーデにも（画像出所：ハニーズ公式オンラインショップ） モンチッチのように長く親しまれているキャラクターなら、家族や友だちと色違いで合わせるのも楽しそうです。ゆったり着られる長袖Tシャツなら、普段のカジュアルコーデからリラックスタイムまで使えます。 ハニーズの「モンチッチ/ロンT」は税込1980円。全色で異なるイラストを採用し、S〜3Lまで展開しています。ゆったりした幅と腰回りが隠れる丈感で、友だちや家族とのリンクコーデにも使える一枚です。 ※編集部注:外部配信先ではハイパーリンクや図表などの画像を全部閲覧できない場合があります。その際はLIMO内でご確認ください。 ライターによる商品コメント！ モンチッチをプリントしたロンTというだけでなく、カラーごとにイラストが違うので、「何色にするか」と「どの絵柄にするか」を一緒に選べるのがいいですね。同じキャラクターでも見た目が変わるため、何人かでそろえても全員まったく同じコーデにならないのが嬉しいポイント。 S〜3Lまで5サイズあるのも、家族や友だちとのリンクコーデを考えるときにもありがたいです。ゆったりした幅と腰回りを隠す丈感があり、デニムでカジュアルに着るほか、スカートを合わせたり、家でのリラックスタイムに着たりと、モンチッチを普段の服に合わせて楽しめます。 1980円で、デザインを選ぶ楽しさと着回しやすさの両方がある一枚。ひとりでお気に入りのモンチッチを選ぶのはもちろん、色や絵柄を変えながら複数人でそろえると、この商品のバリエーションの多さをより楽しめそうですね。 全色イラスト違いでS～3Lまで！ハニーズの1980円モンチッチロンT ●全色でイラストが違う！ 好きなモンチッチを選ぶ楽しさも ハニーズから登場した「モンチッチ/ロンT」は50年以上愛されているモンチッチをプリントした長袖Tシャツです。4つのカラーバリエーションがあるだけではなく、色ごとにモンチッチのイラストまで異なるのがポイント。同じ形のロンTでも、選ぶ色によってキャラクターの見え方が変わりますよね。 キャラクターTシャツはプリントが大きなアクセントになるので、どの絵柄を選ぶかでコーデ全体の印象も変わります。 家族や友だちと着る場合はそれぞれ違うカラーやイラストを選びながら、モンチッチで統一したリンクコーデも楽しめます。全員がおそろいの一枚を着るのとはまた違い、各自の好みを残しながらキャラクターをそろえられますね。,[],[]
「秋バラを沢山咲かせる夏剪定」時期や方法＆「植えてよかった」秋も咲くバラ4選！夏剪定は今が適期です（LIMO）,https://news.yahoo.co.jp/articles/5d3da9525ec0d471637e487c5021298ff8fba9c0,https://newsatcl-pctr.c.yimg.jp/t/amd-img/20260913-00136666-toushin-000-1-view.jpg?exp=10800,2026-09-13T09:46:14+09:00,2026-09-13T09:46:14+09:00,LIMO,toushin,LIMO,1049,筆者撮影 夏の暑さを乗り越えたバラたちが、再び輝きを放つ秋。春とは異なる深みのある花色や香りを楽しめる秋のバラを咲かせるためには、夏の終わりにおこなう「夏剪定」が欠かせません。 ◆【画像8枚】筆者が植えてよかったと実感する「秋も咲くバラ」庭で撮影した花の写真はこちら！いい香りの花、アンティークな色の花など 適切な剪定をおこなうことで、開花時期をそろえ、より健康で大輪の花を咲かせることができるのです。今回はバラのお手入れのひとつである夏剪定の基本的な手順を、わかりやすく解説します。 さらに、秋もまた美しい花を咲かせ、「我が家の庭に植えて本当によかった」と実感しているおすすめのバラたちも4種、参考価格とともに紹介します。 ※編集部注:外部配信先ではハイパーリンクや図表などの画像を全部閲覧できない場合があります。その際はLIMO内でご確認ください。 バラの夏剪定《時期と方法》4つのコツ ●夏剪定の時期 これまで夏剪定といえば、8月下旬〜9月上旬におこなうのが一般的でした。しかし近年の厳しい猛暑の影響もあり、地域や気温、株の状態を見ながら、9月上旬〜中旬にかけて剪定するのがおすすめです。 このタイミングで手入れをおこなうと、本格的な秋が来た頃に見頃を迎え、美しい秋バラを長く堪能できます。 ●剪定位置 夏剪定は深く切り詰める冬剪定とは異なり、浅めに切る浅剪定が基本です。カットする位置は株全体の高さが2/3〜1/2程度になる場所を目安とし、外側に伸びている枝の5枚葉の上を切りましょう。 このとき、風通しや日当たりをよくするために、混み合っている枝や枯れ枝、細すぎる弱々しい枝もあわせて取り除き、株全体の樹形をすっきりと整えるのがポイントです。 ●葉の保護と剪定枝の選び方 葉は光合成をおこない、秋に美しい花を咲かせるためのエネルギーを作り出す重要な役割を担っています。夏剪定で葉を減らしすぎると株が弱る原因になるため、必要以上に葉を落とさないことが大切です。 枝の下の方に葉が少ない場合は、無理に低く切らずに高めの位置で剪定し、株の体力を維持できるようにしましょう。 ●剪定後の肥料と水やり 剪定が終わったら、秋の開花に向けたお手入れをおこないます。再び元気に枝や葉を伸ばせるように、液肥や緩効性化成肥料を与えましょう。 また、剪定直後は株のボリュームが小さくなり吸水量が減るため、土が乾きにくくなります。根腐れを防ぐためにも、水やりは以前よりもやや控えめにして様子を見ることが大切です。,[],[]
「お花屋さんみたい」栗原はるみ ガラス花瓶に生けた花々が華やか！洗練された自宅に反響「ずーっと眺めていたい」（LIMO）,https://news.yahoo.co.jp/articles/71fe93c88542ad69aa9bb7c9f902fab962afe1a7,https://newsatcl-pctr.c.yimg.jp/t/amd-img/20260913-00135733-toushin-000-1-view.jpg?exp=10800,2026-09-13T09:41:10+09:00,2026-09-13T09:41:10+09:00,LIMO,toushin,LIMO,1041,"Kiian Oksana/shutterstock.com 画像はイメージです 料理家の栗原はるみが2026年9月12日までにInstagramを更新しました。 会社からもらったきれいな花束の手入れを行い、種類別に分けてアレンジをした様子を公開。 ◆【写真】栗原はるみ「お花屋さんみたい！」と絶賛された自宅に飾られたセンスあふれる花々と洗練空間 コメント欄には「お花屋さんみたい！」「とっても素敵でうっとりしますずーっと眺めていたいです」「はるみさんらしい生け方本当に素敵」との声が寄せられています。 記事後半では家庭菜園やガーデニングについての調査を紹介しています。 ※投稿写真は【写真】ページをご確認ください。 ※記事内容は執筆時点での情報です。 ※編集部注:外部配信先ではハイパーリンクや図表などの画像を全部閲覧できない場合があります。その際はLIMO内でご確認ください。 栗原はるみ 花と洗練されたインテリアに「お花屋さんみたい！」「お洒落カフェのよう」と反響 栗原はるみがInstagramを更新しました。 「会社からもらったきれいなお花を毎日、茎を水切り、水変えしてアレンジしたまま飾っていましたが、昨日、痛んだ花を外して水切りしてから種類別に分けてみました」とつづり、丁寧に手入れをした美しい花々の写真を投稿しました。 コメント欄には、 ・ 「お花屋さんみたい！」 ・ 「光が当たったお庭もとっても素敵でうっとりします ずーっと眺めていたいです」 ・ 「はるみさんらしい生け方本当に素敵」 ・ 「ナチュラルな飾り方がいつも素敵だなぁ〜」 ・ 「お花がワイルドな感じで新鮮です」 ・ 「お手入れしてもらったお花たちがキラキラして見えます」 ・ 「あまりに美しくて見惚れました」 ・ 「お洒落カフェのようで素敵ですね」 との声が寄せられています。 料理家・栗原はるみ 著書『ごちそうさまが、ききたくて。』が大ベストセラー 栗原はるみは料理家。 家庭料理をベースにした親しみやすいレシピと、丁寧な暮らしの提案で幅広い支持を集めています。 著書『ごちそうさまが、ききたくて。』（文化出版局）をはじめとする料理本は、累計発行部数3,200万部を超えます。 2022年には自身のパーソナルマガジン『栗原はるみ』（講談社）を創刊し、料理だけでなくライフスタイル全般を提案。 長年にわたり“家庭で再現できるおいしさ”を追求し続け、世代を超えて多くの読者・視聴者から支持を集めています。",[],[]
【しまむら】可愛くてうれしい「チャーム付きタンブラー」が待望の再販！飲み方を選べる2WAY仕様がいい（LIMO）,https://news.yahoo.co.jp/articles/c7526264c54b44d39a677e18b77e74de7adb3dcf,https://newsatcl-pctr.c.yimg.jp/t/amd-img/20260913-00137673-toushin-000-1-view.jpg?exp=10800,2026-09-13T09:31:38+09:00,2026-09-13T09:31:38+09:00,LIMO,toushin,LIMO,961,Tooykrub/shutterstock.com 人気インフルエンサー〈choco〉さんと、ファッションセンター「しまむら」のブランド「morinorinkle」がコラボレーションしたタンブラーが、待望の再登場。前回は完売となり、SNSでは「再販してほしい」といった声が寄せられるなど、注目を集めたアイテムです。 ◆【写真4枚】チャーム付き＆2WAY仕様の便利なタンブラーの画像を見る（画像出所：しまむらパーク） オリジナルのチャームが付いており、タンブラーにさりげないアクセントを添えてくれます。バッグと一緒に持ち歩くのはもちろん、デスクやおうちで使う際にも、気分を高めてくれそうな可愛らしさも魅力です。 さらに、飲み方をシーンに合わせて選べる2WAY仕様も嬉しいポイント。見た目の可愛さだけでなく、使い分けができる実用性も兼ね備えた、日常使いにぴったりのタンブラーをご紹介します。 ※本記事で紹介する商品情報・レビューコメント・SNSの閲覧数などは執筆時点（2026年9月10日）のものです。閲覧時点においては、在庫状況や価格等異なる可能性がございます。また、予約受付期間中でも予定数に達し次第終了となります。予約期間終了後は商品ページが削除される可能性があります。あらかじめご了承ください。 ※編集部注:外部配信先ではハイパーリンクや図表などの画像を全部閲覧できない場合があります。その際はLIMO内でご確認ください。 オリジナルチャームがコーデのアクセントに ●レディース タンブラー（choco） 2189円（税込） 「レディース タンブラー（choco）」は、オリジナルデザインのチャームが付いた、細部までこだわったアイテム。タンブラー本体にチャームを添えることで、シンプルになりすぎず、ほどよいアクセントをプラスしてくれます。 バッグと一緒に持ち歩けば、いつものコーディネートにもさりげなく可愛らしさを添えてくれそう。実用性だけでなく、見た目にもこだわりたい人にぴったりのタンブラーです。 ストローでも直飲みでも！選べる2WAY仕様の蓋 蓋は、ストロー飲みと直飲みの両方に対応した2WAY仕様。ストローで手軽に飲みたいときはもちろん、すぐに水分補給したいときには直飲みと、シーンに合わせて使い分けられます。,[],[]
遊んでいた公園が「記録的豪雨」で満水に　比較写真に「しっかり機能してる」（LIMO）,https://news.yahoo.co.jp/articles/756b8c2d2a5badf94415f74deb66ef9b3267cd83,https://newsatcl-pctr.c.yimg.jp/t/amd-img/20260913-00137710-toushin-000-1-view.jpg?exp=10800,2026-09-13T09:11:13+09:00,2026-09-13T09:11:13+09:00,LIMO,toushin,LIMO,947,【写真提供】@RC06434193（投稿・写真著作権者） 遊んでいたのに…。「満水になった公園」が、Xで話題になっています。 投稿したのは、「@RC06434193」さんです。 ◆【写真】「満水になった公園」を見る 当ポストには執筆時点で536万件を超えて表示されており、「しっかり機能してる！」「活躍してる」といったコメントが寄せられています。 そこで、LIMO編集部は話題の「@RC06434193」さんに取材。気になる投稿の経緯やSNSでの反響について、インタビューしました！ ※今回ご紹介する投稿は、投稿者様の掲載許可を頂いております。 ※編集部注:外部配信先ではハイパーリンクや図表などの画像を全部閲覧できない場合があります。その際はLIMO内でご確認ください。 記録的大雨で「満水になった公園」が話題 「どれくらいに降ったかというと これがこれ」そんなコメントとともに投稿されたのは2枚の写真。 そこに写っていたのは、広大なコンクリートの広場でした。 2人の姿が写っていますが、次の写真を見ると驚くべき光景が…。 後日同じ場所を撮影したものを見ると、なんと水で埋まってしまいました！ 投稿した@RC06434193さんによると、こちらは福井市にある「開発向田公園（かいはつむこうだこうえん）」という広場とのこと。 8月末の記録的大雨により満水状態になったそうですが、公園のおかげで市街地の浸水被害は軽減したそうです。 普段こちらでラジコンカーを走らせて遊んでいるそうですで、「同じ趣味のフォロワー方々に見てもらおう」と前後の様子を撮影していたようです。 そんな満水になった公園は、SNSで大きな反響を呼びました。 「しっかり機能してる！」「活躍してる」と称賛の声 ポストには多数のいいねに加え、リプライ欄には ・「しっかり機能してる！」 ・「活躍してますね」 ・「池になってる…！」 ・「いざという時に役立つんですね」 ・「インフラ整備って大事だな」 本来の機能が活用されたことに称賛を送る声など、多くのコメントが寄せられました。投稿の反響を受け、「反響が急に増えて困惑しています」と振り返る投稿主さん。 気軽に投稿したつもりが、予想外の展開になったことに驚きを隠せない様子でした。,[],[]
「私たちにとっては完璧な子」毛のない保護犬が新しい里親を募集！心温まる投稿に反響（LIMO）,https://news.yahoo.co.jp/articles/f89b2f7f170982091183b0290844e0aeeabe43fa,https://newsatcl-pctr.c.yimg.jp/t/amd-img/20260913-00137024-toushin-000-1-view.jpg?exp=10800,2026-09-13T09:11:09+09:00,2026-09-13T09:11:09+09:00,LIMO,toushin,LIMO,926,【写真提供】@lets.rescue.dogs（投稿・写真著作権者） 海外のSNSでは、犬や猫といった動物を保護し、懸命に救おうとする「動物レスキュー」の様子を紹介した投稿がInstagramで注目を集めています。 ◆【写真】壮絶な過去を持つ毛のない保護犬の今を見る 今回、LIMO編集部がピックアップするのは、動物保護活動を行う「Let's Rescue Dogs」のInstagramアカウント「@lets.rescue.dogs」の投稿。 長年鎖につながれて過ごし、首輪が皮膚に食い込むほどの状態で保護された犬・ブルマ（Bulma）は、保護後も胃拡張・胃捻転による緊急手術や吸収不良症候群の診断など、次々と困難に見舞われながらも、人懐っこさを失わずにいるといいます。 執筆時点で3万2000回再生、約3500件のいいね！ がつくなど話題となった本投稿の中でも、特に胸を打たれるシーンやSNSでの反響をまとめてご紹介します。 また記事中では、犬の生涯費用についても解説していきます。 ※投稿の画像は【写真】をご参照ください。 ※編集部注:外部配信先ではハイパーリンクや図表などの画像を全部閲覧できない場合があります。その際はLIMO内でご確認ください。 【長年鎖につながれていた犬】壮絶な保護までの経緯 投稿を行った「Let's Rescue Dogs」によると、犬・ブルマ（Bulma）は長年鎖につながれ続け、首輪が皮膚に食い込むほどの状態で保護されました。テロップでは「ブルマは、愛情もケアも知らないまま保護施設にやってきた」「彼女は何年も鎖につながれ、首輪が首に深く食い込んでいた」とつづられており、埋め込まれた首輪は外科的に取り除く必要があったといいます。保護後には、体重が何か月も増えず、複数の検査を受けても原因が分からない時期が続いたそうですが、最終的に「EPI」と呼ばれる遺伝性の疾患であることが判明したとテロップで紹介されています。投稿文でも、極度にやせ細った状態だったことや、胃拡張・胃捻転を起こして緊急手術を受けたこと、吸収不良症候群と診断されたことがつづられており、次々と困難に見舞われてきたブルマの壮絶な経緯がうかがえます。,[],[]
【年金の併給ルール】障害年金と遺族年金は両方もらえる？65歳以降に変わる「年金選択」のしくみを解説（LIMO）,https://news.yahoo.co.jp/articles/dbfe32cea2c9c983c4f2bd977850a7f3c67e1193,https://newsatcl-pctr.c.yimg.jp/t/amd-img/20260913-00137669-toushin-000-1-view.jpg?exp=10800,2026-09-13T09:06:28+09:00,2026-09-13T09:06:28+09:00,LIMO,toushin,LIMO,1702,years44/shutterstock.com 筆者はFP（ファイナンシャル・プランナー）として、これまで多くの家計相談に携わってきましたが「障害年金を受給しているが、配偶者が亡くなった場合は遺族年金も受け取れるのか」というご相談をいただくこともありました。 ◆【画像】65歳から選べる！障害給付と老齢給付の「組み合わせパターン」をみる 公的年金には「1人1年金」が原則とされており、複数の年金を同時に受け取れないケースがあります。一方で、65歳以後は選択できる受給パターンが増える特例もあります。今回は、障害年金と遺族年金の関係や、65歳以後に変わる年金の併給・選択ルールについて、3つのポイントでわかりやすく解説します。 ※編集部注:外部配信先ではハイパーリンクや図表などの画像を全部閲覧できない場合があります。その際はLIMO内でご確認ください。 障害年金と遺族年金は両方もらえる？「1人1年金」の考え方 まず、原則から見ていきます。 ●支給事由が異なる年金は1つを選ぶ 日本年金機構は、公的年金では支給事由（老齢、障害、遺族）が異なる2つ以上の年金を受けられるようになったときは、原則いずれか1つの年金を選択することになるとしています。 1人1年金が原則という考え方です。遺族年金と障害年金は支給事由が違いますので、この原則に当たります。 ●同じ支給事由の基礎と厚生は1つの年金とみなす 一方で、同じ支給事由で受け取る「老齢基礎年金と老齢厚生年金」「障害基礎年金と障害厚生年金」「遺族基礎年金と遺族厚生年金」などは、1つの年金とみなされ、あわせて受けることができます。 日本の公的年金は国民年金と厚生年金の2階建て構造で、基礎年金に厚生年金が上乗せして支払われる制度だからです。 ●選択には「年金受給選択申出書」が必要 支給事由が異なる2つ以上の年金を受けられるときは、本人がいずれか1つを選ぶことになり、「年金受給選択申出書」の提出が必要です。 65歳以後に選べる受給パターン「障害年金と遺族年金」の組み合わせ 次に、65歳以後の特例を見ていきます。 ●選べるのは2つの組み合わせ 日本年金機構によると、障害基礎年金や障害厚生年金を受けている方が遺族厚生年金を受けられるようになったときは、65歳以後、次のいずれかの組み合わせを選択することができます。 1つは「障害厚生年金と障害基礎年金」、もう1つは「遺族厚生年金と障害基礎年金」です。障害基礎年金は残したまま、上に乗る厚生年金を入れ替える形になります。 ●障害基礎年金2級は年84万7300円 令和8年4月分からの障害基礎年金は、2級が84万7300円、1級が105万9125円です。いずれも昭和31年4月2日以後生まれの方の額で、昭和31年4月1日以前生まれの方は2級84万4900円、1級105万6125円になります。 1級は2級の1.25倍です。子の加算額は1人目と2人目が各24万3800円、3人目以降が各8万1300円です。 ●遺族基礎年金は年84万7300円に子の加算額 遺族基礎年金は、子のある配偶者が受け取る場合、昭和31年4月2日以後生まれの方が84万7300円に子の加算額を加えた額です。障害基礎年金2級と同じ額が土台になります。 ただし65歳以後の組み合わせに出てくるのは遺族厚生年金で、遺族基礎年金ではありません。遺族基礎年金は子が18歳になった年度の3月31日で終わるためです。 まとめにかえて 支給事由が異なる年金は「1人1年金」が原則のため、障害年金と遺族年金の両方を自由に受け取れるわけではありません。 一方で、65歳以後は特例により、障害基礎年金を受けながら遺族厚生年金を選択できる場合があります。また、老齢年金の受給権が発生すると、選択できる組み合わせがさらに増えます。 ただし、どの年金を受け取るかは自動で決まるものではなく、「年金受給選択申出書」の提出が必要です。将来の受給額は加入歴や報酬によって異なるため、年金事務所などで確認し、自分にとって有利な受給方法を検討するとよいでしょう。 村岸 理美,[],[]
「森永製菓」の株主優待はお菓子やドリンクが入った「自社製品詰合せ」！実際に株主優待が届いた方に編集部がインタビュー！（LIMO）,https://news.yahoo.co.jp/articles/2cb921d35b411b00fd32611943b6b71a2274065f,https://newsatcl-pctr.c.yimg.jp/t/amd-img/20260913-00137353-toushin-000-1-view.jpg?exp=10800,2026-09-13T08:06:21+09:00,2026-09-13T08:06:21+09:00,LIMO,toushin,LIMO,1127,Hiroshi-Mori-Stock/shutterstock.com この記事では、森永製菓 <2201> の株主優待について、実際の権利確定までのスケジュールも交えつつ分かりやすく解説します。 ◆【写真】実際に届いた「森永製菓」の株主優待を見る そしてLIMO編集部は、実際に株主優待を受け取った「@tentsuma.yutai」さんに取材。投資を始めたきっかけや、受け取った優待の感想などをインタビューしました！ ※投稿の画像は【写真】リンクをご参照ください。 ※今回ご紹介する投稿は、投稿者様の掲載許可を頂いております。 ※編集部注:外部配信先ではハイパーリンクや図表などの画像を全部閲覧できない場合があります。その際はLIMO内でご確認ください。 【編集部がインタビュー！】森永製菓（2201）の株主優待の感想は？ 今回は、実際に森永製菓 <2201> の株主優待で商品を受け取ったと投稿した、Instagramユーザーの@tentsuma.yutaiさんにインタビューを行いました！ ーーーー株式投資をはじめてどれくらいでしょうか。 もともと証券会社（野村證券）に勤務していたため、20代から金融商品に関わる仕事をしていました。 本格的に株式投資を始めたのは、結婚を機に会社を退職してからで、10年ちょっとになります。 主人が転勤族のため、私が正社員として働くことが難しく、家にいながらできることとして、株式投資で少しでもお小遣い稼ぎができればと思ったのがきっかけです。 ーーーー実際に今回の優待の商品を受け取ってみて、どう感じましたか。 森永製菓の株主優待は、昨年初めていただきました。子どもが喜びそうな優待は子ども名義で保有することが多く、森永製菓も息子名義で保有しています。 我が家が株主優待をいただいた昨年、今年と、どちらもバレンタインデーに届きました。バレンタインデーに自分宛てにお菓子が届いたことに、息子も大喜びでした。 子どもから大人まで楽しめる定番商品がたっぷり入っていて、家族みんなで楽しめるのが嬉しいです。 また、3月発売の「ダースプレミアム＜華やぐ苺＞」を一足早くいただけたことも嬉しかったです。株主ならではの特別感を感じました。 可愛い箱に入って届くので、開けるときからテンションが上がります。子どもが喜ぶ内容で、届く楽しみもあるお気に入りの株主優待です。 ーーーー@tentsuma.yutaiさん、ありがとうございました！ お菓子やドリンクの詰め合わせは、大人から子どもまで笑顔になれるラインナップですね。 そんな森永製菓 <2201> の株主優待について、もらえる商品の詳細や必要な株数などを詳しくご紹介します。,[],[]
戦争により「1匹で家に取り残された犬」→安全な場所に保護され飼い主を待ち続けた結果に感動（LIMO）,https://news.yahoo.co.jp/articles/e1f0baf6ff52232ec8a58af5c70b9a2215012c82,https://newsatcl-pctr.c.yimg.jp/t/amd-img/20260913-00136957-toushin-000-1-view.jpg?exp=10800,2026-09-13T08:06:18+09:00,2026-09-13T08:06:18+09:00,LIMO,toushin,LIMO,925,【写真提供】@givemeapaw（投稿・写真著作権者） 海外のSNSでは、犬や猫といった動物を保護し、懸命に救おうとする「動物レスキュー」の様子を紹介した投稿がInstagramで注目を集めています。 ◆【写真】戦争で取り残されていた犬の現在を見る 今回ご紹介するのは、海外で動物保護活動を行っている「Give Me A Paw」のInstagramアカウント「@givemeapaw」の投稿。 今回は、戦争によって家に取り残された犬が保護され、数か月間の保護施設での生活を経て、飼い主と再会し自宅へ帰るまでの様子を動画で紹介してくださっています。 執筆時点で約2860件のいいね！ がつくなど話題となった本投稿の中でも、特に胸を打たれるシーンやSNSでの反響をまとめてご紹介します。 また記事中では、レスキューされた動物たちの回復に欠かせない存在である獣医師や動物看護師の年収についても解説していきます。 ※投稿の画像は【写真】をご参照ください。 ※編集部注:外部配信先ではハイパーリンクや図表などの画像を全部閲覧できない場合があります。その際はLIMO内でご確認ください。 【1匹で家に取り残されていた犬】無事に飼い主と再会し、自宅へ帰ることに 海外のSNSで、戦争によって家に取り残された犬「ボイカ」が保護され、数か月ぶりに飼い主との再会を果たした様子が紹介されています。 ボイカは、レバノン南部でも特に激しい攻撃を受けた地域の家に、たった1匹で取り残されていました。 飼い主は戦争が始まる前から国外に滞在しており、代わりにボイカのお世話を任されていた人も避難。そのため、ボイカだけが家に取り残されてしまい、保護団体がボイカを無事に救出しました。 その後は保護施設で安全に暮らしながら、家へ帰れる日を待つことに。 保護から数か月後、ついに飼い主との再会が実現し、長い間離れ離れになっていたボイカは、無事に自宅へ帰ることができたそうです。 ネット上では、ボイカが無事に保護され、数か月ぶりに飼い主と再会できたことを喜ぶ声や、危険な地域から救出してお世話を続けた保護団体への感謝が寄せられました。 ――以上、海外のSNSで話題のワンちゃんでした。,[],[]
【紀文食品】株主優待の権利確定日は9月30日、自社製品詰め合わせをもらえるのは「300株」以上（LIMO）,https://news.yahoo.co.jp/articles/3c83e5e50d940724a5818eb6ea421688aa8e4200,https://newsatcl-pctr.c.yimg.jp/t/amd-img/20260913-00137550-toushin-000-1-view.jpg?exp=10800,2026-09-13T08:01:31+09:00,2026-09-13T08:01:31+09:00,LIMO,toushin,LIMO,2283,"karins/Shutterstock.com 個人投資家の間では、9月30日を権利確定日とする銘柄への関心が高まっています。 日本の上場企業の多くは3月を決算期としており、その中間地点にあたる9月末は、配当や株主優待の権利が得られる銘柄が集中する時期でもあります。 ◆＜年間チャート＞1年間の株価値動きをみる かまぼこ・ちくわなどの練り製品で知られる紀文食品＜2933＞も、株主優待の権利確定日を9月30日に設定している銘柄の一つです。 紀文食品の株価は11日、前日から横ばいの1,125円で取引を終了。前日の米国市場や11日の東京株式市場は荒れ模様でしたが、同社株は「凪」でした。 紀文食品8月12日に2027年3月期第1四半期決算を発表しており、この最新決算をひも解くと、売上高の7割近くを占める主力の練り製品事業とは別に、実は健闘している事業が見えてきます。 ※編集部注:外部配信先ではハイパーリンクや図表などの画像を全部閲覧できない場合があります。その際はLIMO内でご確認ください。 最新決算からひも解く企業の強み 2027年3月期第1四半期（2026年4月1日〜6月30日）の連結決算は、売上高242億1,300万円（前年同期比▲2.7％減）、営業利益2,200万円（前年同期比▲93.7％減）、経常損失5,000万円（前年同期は経常利益1億8,900万円）、四半期の最終損益は、1億5,300万円（前年同期は四半期純利益4,800万円）の損失となりました。 売上高・利益とも前年同期を下回りましたが、同社は5月15日に公表した2027年3月期の通期業績予想（売上高1,168億7,300万円、営業利益52億800万円、経常利益43億4,000万円、純利益25億5,900万円、いずれも前期比増収増益）を据え置いています。 同社は「主要な事業であるスリミ製品の需要が特に秋冬期に集中するため、業績には季節変動がある」と説明しており、特に春夏期は、需要が少ない時期となっています。 実際、2026年3月期の単体四半期別営業利益は、第1四半期3億5,900万円、第2四半期▲7億7,300万円、第3四半期30億7,000万円、第4四半期6億900万円と、利益の大半が10〜12月の第3四半期に集中しており、4〜6月の第1四半期はもともと利益水準が低い時期にあたります。 もっとも、今回の営業利益2,200万円は、この季節性を踏まえても前年同期（3億5,900万円）から大きく落ち込んでいます。 セグメント別にみると、主力の国内食品事業でセグメント損失が6,900万円拡大したほか、海外食品事業のセグメント利益が1億5,800万円減少したことが響きました。 唯一増益となった食品関連事業（セグメント利益+5,700万円）だけでは補いきれず、加えてセグメント間取引消去などに伴う調整額が前年同期の1億2,337万円のプラスから今回は4,339万5,000円のマイナスに転じたことも、営業利益の押し下げに拍車をかけました。 ●唯一の増益セグメントは「食品関連事業」、練り製品の国内事業はセグメント損失に 紀文食品はセグメント別に「国内食品事業」「食品関連事業」「海外食品事業」の3事業を開示しています。 売上高では国内食品事業（かまぼこ・ちくわなどの練り製品の製造販売）が161億8,600万円と全体の約7割を占める最大のセグメントですが、今回の第1四半期でセグメント利益（営業利益）を確保し、なおかつ3セグメント中唯一増益となったのは、食品の運送などを手がける「食品関連事業」でした。 国内食品事業:売上高161億8,600万円（前年同期比▲3.3％減）、セグメント損失3億2,000万円（前年同期は2億5,100万円の損失、損失額は6,900万円拡大） 食品関連事業:売上高53億7,500万円（前年同期比+4.5％増）、セグメント利益2億8,300万円（前年同期比+25.5％増、5,700万円の増益） 海外食品事業:売上高26億5,000万円（前年同期比▲11.5％減）、セグメント利益1億300万円（前年同期比▲60.4％減、1億5,800万円の減益） ただし、食品関連事業のセグメント利益2億8,300万円は、国内食品事業の損失3億2,000万円を穴埋めするには至っていません。あくまで3事業のなかで最も業績が良く、唯一増益を確保したセグメントという位置づけです。 食品関連事業は、国内で食品の運送などを担う物流事業が中心です。新規顧客の獲得や新センターの稼働開始に加え、インバウンド需要を追い風に好調な外食産業や飲料・食品メーカーなど既存顧客の物量が増加したことで増収となりました。 利益面でも、共同配送の積載率向上やセンター内作業の自動化、非効率業務の見直しといった効率化が寄与し、増益を確保しています。 一方、主力の国内食品事業は、カニカマ「The SURIMI」や、独自製品の「チーちく®」「竹輪」などのスリミ製品自体は堅調に推移したものの、中華惣菜（餃子など）の価格競争激化や、中東情勢の影響による一部資材の高騰が響き、減益となりました。同社はこの対策として、9月の秋冬商戦から商品の価格改定を実施。9月1日店着分から、スリミ製品、惣菜製品、正月商品を約3〜20％値上げするとしています。 海外食品事業も、各国の節約志向の高まりに加え、前年同期に米国が課す「相互関税」導入前の駆け込み需要で大きく伸びていた反動により、減収減益となりました。",[],[]
"大阪の美容師が導いた、""きちんと感""を保つ前髪の見せ方（LIMO）",https://news.yahoo.co.jp/articles/7c652d967fc64b41213ea295582dc79651a3fab9,https://newsatcl-pctr.c.yimg.jp/t/amd-img/20260913-00137378-toushin-000-1-view.jpg?exp=10800,2026-09-13T07:11:11+09:00,2026-09-13T07:11:11+09:00,LIMO,toushin,LIMO,1017,"【写真提供】＠atsushi.short（投稿・写真著作権者） 大阪府大阪市北区で美容師をされている、ビフォーアフター動画が話題の「@atsushi.short」さんが、来店したお客さんを素敵に大変身させる動画がInstagramで注目を集めています。 ◆【写真】「可愛すぎるのは嫌」という要望に応えた、きちんと感のあるショートボブの仕上がりを見る 当投稿は執筆日時点で約9592回再生されるなど話題となっています。 「@atsushi.short」さんの掲載許可のもと、投稿されたビフォーアフターの様子をお届けします。 また記事中では、値上がりが続く「美容室のカット代」の最新事情もご紹介します。 ※投稿の画像は【写真】リンクをご参照ください。 ※今回ご紹介する投稿は、投稿者様の掲載許可を頂いております。 ※編集部注:外部配信先ではハイパーリンクや図表などの画像を全部閲覧できない場合があります。その際はLIMO内でご確認ください。 「可愛すぎるのは嫌」と伝えた女性が、前髪を活かした""きちんと感""のあるショートボブへ 今回の投稿に登場しているのは、「最近何が似合うのか分からなくなってきた」と話す女性です。 1年ほど前にショートっぽい長さまで髪を切ったという女性。歳を重ねるにつれて似合うスタイルの基準が変わってきたと感じ、@atsushi.shortさんにアドバイスを求めて来店したといいます。骨格や理想の印象に合わせて提案しているという@atsushi.shortさんに「なりたい印象とかはあったりしますか？」と聞かれると、「可愛すぎるのはちょっと嫌です」「仕事上ちょっときっちり見えた方が良いので」と、きちんとした雰囲気を希望していました。 ビフォーは、肩に触れる長さで前髪を横に流したミディアムボブ。@atsushi.shortさんから前髪について「綺麗目系ならちょっと長い方が正直良い」と伝えられた女性は、「そういうのはありますね」と納得しつつ、「ただ切り過ぎは良くない」という言葉に「流す感じの方が好きです」と自身の好みを重ねて伝えていました。 仕上がったのは、顎のラインで揃えた""きちんと感""のあるショートボブ。鏡を渡された女性は「ありがとうございます」と笑顔を見せ、「良い感じで」の声かけに「スッキリしました」とその場で表情を明るくしていました。 @atsushi.shortさん、ご協力ありがとうございました！",[],[]
黒猫がいっぱい！2サイズ2点セットで448円とコスパもいい。ニトリのデコネコ『エコバッグ』が可愛くて便利！（LIMO）,https://news.yahoo.co.jp/articles/4091d9226bf5234c96df079c75d497bb45f7c3d1,https://newsatcl-pctr.c.yimg.jp/t/amd-img/20260913-00136954-toushin-000-1-view.jpg?exp=10800,2026-09-13T07:11:08+09:00,2026-09-13T07:11:08+09:00,LIMO,toushin,LIMO,1212,beeboys/shutterstock.com ニトリのインテリア雑貨ブランド「デコホーム」から、人気の黒猫ちゃん『デコネコ』デザインのキュートなエコバッグが販売されています。2サイズ2点セットで税込み448円という驚きのコスパですよ！ ◆【写真5枚】2サイズセットで448円！黒猫ちゃんが可愛い「ニトリ」エコバッグが使い勝手抜群！を見る（画像出所：ニトリ公式通販ニトリネット） 大小サイズが異なるので用途に合わせて使い分けることができ、使わないときは折りたたんでコンパクトに収納したり持ち歩いたりもできます。使い勝手の良い便利なエコバッグを早速詳しくチェックしてみましょう！ ※本記事で紹介する商品情報などは執筆時点（2026年9月3日）のものです。閲覧時点においては、在庫状況や価格等異なる可能性がございます。あらかじめご了承ください。 ※編集部注:外部配信先ではハイパーリンクや図表などの画像を全部閲覧できない場合があります。その際はLIMO内でご確認ください。 黒猫がいっぱいで可愛い！「2サイズ2点セット」で448円！ ● 【2点セット】マイバッグ（デコネコ ホワイト DN26） 448円（税込） ニトリのインテリア雑貨ブランド「デコホーム」から販売中の「【2点セット】マイバッグ」は、デコホームの人気モチーフになっている黒猫「デコネコ」デザインのバッグです。ポリプロピレンの生地にデコネコの顔と肉球が散りばめられていてとてもキュート！ 価格はSサイズとMサイズの2点セットで税込み448円の、嬉しいプチプラです。サイズ違いなので、用途に応じて便利に使い分けることができますよ。 ●普段使いに便利な『Sサイズ』、使い勝手が良く用途はさまざま 『Sサイズ』は、高さ約26cm×奥行約16cm×幅約31cmで耐荷重は約5kg。普段使いにちょうど良いサイズ感で、買い物のエコバッグや通勤通学時のランチバッグにもぴったりです。普段のバッグに忍ばせておけば、荷物が増えた時や汚れ物を入れたい時などにも活躍してくれそうですね。 ●たっぷり収納できる『Mサイズ』、耐荷重約10kgの頼もしさ！ 『Mサイズ』は、高さ約45cm×奥行約18cm×幅約45cm。マチがしっかりあって、耐荷重は約10kgと頼もしい収納力です。食料や消耗品のまとめ買い、大きなものを購入したときなどに大活躍してくれそう◎。使わないときは折りたたんでコンパクトになるのでかさばりません。玄関先や車内に常備しておくと何かと便利に使えそうですね。 【2点セット】マイバッグ（デコネコ ホワイト DN26） ・価格（税込）:448円 ・カラー:ホワイト ・サイズ:Sサイズ/高さ約26×奥行約16×幅約31cm、Mサイズ/高さ約45×奥行約18×幅約45cm ・素材:本体/ポリプロピレン、取っ手/ポリエステル ・耐荷重:Sサイズ約5kg、Mサイズ約10kg,[],[]
【遺族年金】年84万7300円＋子の加算は非課税！でも「社会保険の扶養」では収入扱い？確認したい130万円の壁（LIMO）,https://news.yahoo.co.jp/articles/58a6ddb2ab7560230bc17f26ffc7d785e1e51d84,https://newsatcl-pctr.c.yimg.jp/t/amd-img/20260913-00137753-toushin-000-1-view.jpg?exp=10800,2026-09-13T07:06:34+09:00,2026-09-13T07:06:34+09:00,LIMO,toushin,LIMO,1175,beauty-box/shutterstock.com 遺族年金を受け取るようになったとき、この年金に税金がかかるのかどうかが気になる方もいるのではないでしょうか。 ◆【画像】税金と社会保険でこんなに違う？遺族年金の「扶養の壁」を図解でみる 結論からいうと、遺族年金には所得税も住民税もかかりません。ただし、非課税だからといってあらゆる場面で収入として数えられないわけではありません。 この記事では、遺族年金の額をおさえたうえで、税金の扱いと、老齢年金との違いを確認していきましょう。 ※編集部注:外部配信先ではハイパーリンクや図表などの画像を全部閲覧できない場合があります。その際はLIMO内でご確認ください。 遺族年金はいくらもらえる？令和8年度の金額目安と仕組み 遺族年金には、亡くなった方の働き方や加入していた年金制度によって、「遺族基礎年金」と「遺族厚生年金」の2種類があります。まずは、ご自身やご家族が受け取れる金額の目安を確認しておきましょう。 ●遺族基礎年金は年84万7300円に子の加算がつく 遺族基礎年金の額は、令和8年度で年84万7300円です。 ここに子の加算額が上乗せされ、1人目と2人目の子は各24万3800円、3人目以降の子は各8万1300円になります。 子が2人いる場合は年133万4900円です。 ●遺族厚生年金は報酬比例部分の4分の3で計算する 遺族厚生年金の額は、亡くなった方の老齢厚生年金の報酬比例部分の4分の3にあたる額です。 平成15年3月以前の加入期間は1000分の7.125、平成15年4月以後の加入期間は1000分の5.481という給付乗率で計算します。 亡くなった方の給与の水準と加入期間によって金額が決まる仕組みです。 遺族年金に税金はかからない！老齢年金との違いと源泉徴収票 受け取る額がわかったところで、そこから税金が引かれるのかを確認します。 ●国税庁は「所得税も相続税も課税されない」としている 国税庁のタックスアンサーは、国民年金法や厚生年金保険法、恩給法などに基づく遺族年金について、所得税も相続税も課税されないと説明しています。 つまり、受け取った額がそのまま手元に残ります。 なお、確定給付企業年金法に基づく遺族年金などは扱いが分かれるので、公的年金以外の遺族年金を受け取っている方は別に確認が必要です。 ●公的年金等の源泉徴収票は届かない 日本年金機構は、障害年金や遺族年金は所得税および復興特別所得税の課税対象となっていないため、公的年金等の源泉徴収票は送付されないとしています。 源泉徴収票が届くのは、老齢または退職を支給事由とする年金を受けている方だけです。 遺族年金だけを受け取っている方の手元に源泉徴収票が来ないのは、書類の不備ではなく制度どおりということになります。,[],[]
78歳 柏木由紀子  腰スカーフで魅せた上級者のアレンジに「お洒落過ぎ」「こう言う使い方が」の声（LIMO）,https://news.yahoo.co.jp/articles/f1ac6a5c463ce52f3eed5090cf79cba3d2d22051,https://newsatcl-pctr.c.yimg.jp/t/amd-img/20260913-00136220-toushin-000-1-view.jpg?exp=10800,2026-09-13T06:41:11+09:00,2026-09-13T06:41:11+09:00,LIMO,toushin,LIMO,1010,key05/istockphoto.com 女優の柏木由紀子が2026年9月12日までにInstagramを更新しました。 ピンクのシャツにデニムを合わせ、腰にスカーフを巻いてアクセントを効かせた爽やかなコーディネートを披露。 ◆【写真】柏木由紀子のセンス光るスカーフアレンジ！ファンも驚いたオシャレテクニックに注目 コメント欄には「何色でもお似合い」「アクセントのスカーフもいいですね」「お洒落過ぎます」との声が寄せられています。 記事後半では1か月あたりのファッション費や美容費について解説しています。 ※投稿写真は【写真】ページをご確認ください。 ※記事内容は執筆時点での情報です。 ※編集部注:外部配信先ではハイパーリンクや図表などの画像を全部閲覧できない場合があります。その際はLIMO内でご確認ください。 柏木由紀子のスカーフアレンジに「お洒落過ぎます」「こう言う使い方があったんですね〜」の声 柏木由紀子がInstagramを更新しました。 「ピンクのシャツとデニム 腰にスカーフでアクセントに」とつづり、オシャレなカフェで過ごすひとときのオフショットを披露しました。 コメント欄には、 ・ 「何色でもお似合いなのがやはりファッションリーダーなんですね」 ・ 「ピンクとデニムも素敵だし、アクセントのスカーフもいいですね」 ・ 「こう言う使い方があったんですね〜」 ・ 「ソフトな柔らかさのあるスタイルとってもお似合いだと思います」 ・ 「お洒落過ぎます」 との声が寄せられています。 78歳 柏木由紀子「細うで繁盛記」「華麗なる一族」などに出演 坂本九さんと結婚し2児の母 柏木は1947年12月24日東京都生まれの78歳。 小学校時代に劇団「若草」に入団、その後、少女雑誌「女学生の友」でモデルとして活躍しました。 1964年「明日の夢があふれている」で映画デビューし、翌年に「若い真珠」で歌手デビュー。 女優としてドラマ「細うで繁盛記」「華麗なる一族」などに出演しました。 1971年、歌手・坂本九さんと結婚。その後1985年の日航機墜落事故で坂本さんを亡くしています。 2004年、娘2人と家族ユニット「ママエセフィーユ」を結成しました。 著書に「上を向いて歩こう」「星を見上げて歩き続けて」など。Instagramでのファッションの発信も人気を集めており、ファッションスタイル本も出版しています。,[],[]
三菱マテリアル株価が4%超の急落、直近1カ月で最も低い終値に。PERは4.7倍まで低下（LIMO）,https://news.yahoo.co.jp/articles/698aa46562562f734b21cf19dbc722fb2878d062,https://newsatcl-pctr.c.yimg.jp/t/amd-img/20260913-00138236-toushin-000-1-view.jpg?exp=10800,2026-09-13T06:31:44+09:00,2026-09-13T06:31:44+09:00,LIMO,toushin,LIMO,1190,"T. Schneider/Shutterstock.com ※編集部注:外部配信先ではハイパーリンクや図表などの画像を全部閲覧できない場合があります。その際はLIMO内でご確認ください。 ◆【株価チャート】株価はどう推移したのか？ グラフで確認 8月末の6,000円台から一転、9月11日に1カ月の最安値 直近1カ月の日次終値を並べると、株価の重心は8月下旬から9月にかけて明確に下へ移っている。起点の8月14日は5,170円、8月28日には6,058円まで切り上がった。この6,058円が、直近1カ月の日次終値では最も高い水準にあたる。 そこからの下げは速い。9月1日は5,926円だったが、翌2日には5,345円まで沈んだ。1営業日で1割近い下押しである。9月2日から10日にかけては5,100円台から5,300円台のレンジで上下し、戻りの鈍い展開が続いた。 そして9月11日の終値は5,022円。前日の5,255円から▲4.4％で、直近1カ月の日次終値では最も低い。8月28日の高い水準からは▲17.1％にあたる。1カ月の起点である8月14日と比べれば▲2.9％にとどまるが、この数字だけを見て「ほぼ横ばい」と受け取ると実態を取り違える。 当日の急落は、決算などの個別材料からは説明がつかない。直近の開示である2027年3月期1Qからは、すでに時間が経っている。相場全体の地合いや、非鉄セクターに対する需給の傾きが意識された可能性が高い。銅や金の価格観が短期で振れれば、製錬を主力とする銘柄の株価もそれに沿って動きやすい。 PER4.69倍・PBR0.85倍という水準は何が作っているのか 9月11日時点のPER（株価収益率）は4.69倍、PBR（株価純資産倍率）は0.85倍だった。PERは、いま払う株価を1年分の利益で何年かけて回収できるかを示す指標である。4.69倍なら5年弱という計算になり、上場企業としては相当に低い側に位置する。 ただ、この低さを株価の下落だけで説明すると読み違える。PERの分母には会社の予想EPS（1株当たり利益）1,070.8円が置かれている。前期実績のEPSは310.56円だから、分母は実績の3.4倍に膨らんでいる。倍率の低さは、株価が下げたことと、会社が強気の予想を置いたことの両方で作られている。 PBRのほうは、9月1日の時点では1.00倍だった。それが10営業日ほどで0.85倍まで下がり、1倍を下回っている。会計上の純資産に対して株式市場が付けている値段が、簿価を下回る状態だ。 背景の一つに資本の厚みがある。2026年3月期末の自己資本比率は24.5％で、非鉄金属27社の中央値53.3％とは大きく開いている。下位4分の1の境界にあたる41.2％も下回る。純資産が薄い分だけ、その1単位に対する市場の値付けは振れやすくなる。",[],[]
「立体リボンも総柄パンツも選べる」しまむらのPEANUTS秋服は上下3608円！「トレーナー2デザインとリラクシングパンツをまとめて紹介」（LIMO）,https://news.yahoo.co.jp/articles/031a47e699fc8c9a2d231c0ec69650668fd96415,https://newsatcl-pctr.c.yimg.jp/t/amd-img/20260913-00137470-toushin-000-1-view.jpg?exp=10800,2026-09-13T05:46:16+09:00,2026-09-13T05:46:16+09:00,LIMO,toushin,LIMO,1033,出典：LIMO 9月上旬は日中に暑さが残る一方、朝晩には少しずつ秋の気配も感じられる頃です。半袖だけで過ごしていた人も多いでしょうが、そろそろ長袖のトレーナーや家でくつろぐパンツなど、秋に向けた服もそろえたくなりますよね。 ◆【写真9枚】「スヌーピーを秋コーデに」しまむらのトレーナー＆総柄パンツは上下3608円。おうち時間と外出で使い分けられるPEANUTS服（画像出所：しまむら公式オンラインストア） 秋服を選ぶとき、好きなキャラクターのデザインがあると普段のコーデにも遊び心を加えられます。外出時にはさりげなくキャラクターを見せるトップスなどがあればいいですよね。 しまむらでは、スヌーピーをデザインした「レディース トレーナー（PEANUTS）」を税込1639円から、「レディース リラクシングパンツ（PEANUTS）」は3種類いずれも税込1639円で販売しています。トレーナーは立体リボンとエンボス加工、パンツは総柄を楽しめるラインナップで、どちらも2026年9月12日23時までの予約商品です。 ※編集部注:外部配信先ではハイパーリンクや図表などの画像を全部閲覧できない場合があります。その際はLIMO内でご確認ください。 ライターによる商品コメント！ 今回のラインアップは同じスヌーピーキャラクターの見せ方がかなり違います。トレーナーは胸元の立体リボンや黒地になじむエンボス加工などでスヌーピーを効かせる一方、リラクシングパンツは総柄でキャラクターをたっぷり楽しめるデザイン。外出ではポイント使い、家では総柄と、着る場所によってスヌーピーの存在感まで変えられるのがいいですね。 トレーナーも1種類ではなく、リボンを付けたスヌーピーとスヌーピー＆ウッドストックを凹凸で表現した2タイプから選べます。パンツもスヌーピーとベルを描いた柄や、スヌーピーを全面に配した柄があり、ブラックとベージュでは印象も別々。同じキャラクターでそろえながら、デザインまで全部同じにならないので、その日の気分で選べますよね。 価格はリボントレーナーが1639円から、リラクシングパンツは1639円。3L・4Lのリボントレーナー1969円とパンツを組み合わせても合計3608円です。トレーナーは普段のボトムと合わせ、パンツは家でくつろぐ時間に使うなど、それぞれ単独でも活躍。秋に向けて外出用の長袖と家で過ごすパンツを探している方なら、どちらもスヌーピーで選べるのはうれしいですね。,[],[]
クボタは農業機械の会社なのか。創業事業は水道用鋳鉄管、いまも売上の1割超を水・環境が占める（LIMO）,https://news.yahoo.co.jp/articles/af954259e37e4fc4103a8d09afd5ab1a87498de8,https://newsatcl-pctr.c.yimg.jp/t/amd-img/20260913-00138235-toushin-000-1-view.jpg?exp=10800,2026-09-13T05:31:42+09:00,2026-09-13T05:31:42+09:00,LIMO,toushin,LIMO,1367,"JHVEPhoto/Shutterstock.com ※編集部注:外部配信先ではハイパーリンクや図表などの画像を全部閲覧できない場合があります。その際はLIMO内でご確認ください。 ◆【株価チャート】株価はどう推移したのか？ グラフで確認 クボタの出発点は農業機械ではなく、鋳物と水道用鋳鉄管だった 沿革の記録は、1890年2月から始まる。創業者の久保田権四郎が大阪市南区御蔵跡町に久保田鉄工所を興し、各種鋳物の製造・販売を開始した。 水道用鋳鉄管の製造を始めたのは、その3年後の1893年7月である。都市に水を通すための管を鋳るところから、この会社の歴史は動き出した。 では農機はいつ始まったのか。農工用小型エンジンである発動機の製造開始は1922年2月だ。水回りのインフラ部材が、農機より30年近く先を走っていたことになる。 社名も長く出自を映していた。1953年6月に久保田鉄工株式会社へ、そして1990年4月に株式会社クボタへと改められている。「鉄工」の二文字が20世紀の終盤まで残っていたわけだ。 社名からトラクターが立ち上がるようになったのは、むしろ改称後の話だろう。名前が抽象化され、農機の海外展開が進むにつれて、鋳物と鉄管という出自は語られにくくなったのではないだろうか。 水・環境の営業利益+35.9%が、機械部門の減益を補った構造 では、その出自は現在のどこに残っているのか。答えはセグメントの並びにある。 2025年12月期のセグメント別売上収益（IFRS）を見ると、機械が2兆6,286億円で全体の87.1％を占める。水・環境は3,743億円で12.4％、その他が159億円だ。トラクターの会社という見え方は、この構成比のとおりでもある。 ところが利益の動きは逆を向いた。機械の営業利益は2,536億円で前期比▲21.6％、売上収益も▲0.3％と伸びを欠いた。一方の水・環境は営業利益329億円で+35.9％、売上収益も+3.2％と増えている。 利益率で並べると差はさらに縮む。機械の営業利益率は9.7％、水・環境は8.8％だ。1ポイント弱しか開いていない。構成比では8分の1に見える事業が、利益を生む効率では主力とほぼ肩を並べている。 機械業種160社の営業利益率の中央値は7.9％である。水・環境の8.8％はこれを上回る。「農機のついでの水回り」という位置づけでは説明しきれない水準だ。 沿革を並べ直すと、この部門が細くならなかった理由が見えてくる。1941年10月に遠心力鋳鉄管の鋳造を開始し、1952年12月には武庫川機械工場でポンプの製造に入った。そして1962年12月、水処理事業部を新設して環境事業へ本格進出している。 管を鋳る、水を送る、水を処理する。技術の系譜が途切れずに次の事業へ渡っていった格好だ。 対照的なのは住宅建材である。1967年6月に久保田建材工業の製造部門を吸収して本格進出したこの事業は、2003年12月に会社分割でグループの外へ出た。同じ多角化の産物でも、残ったものと出したものがある。 会社は次期の見通しについて、水・環境部門もパイプシステム事業および産業機材事業の販売増加で増収を見込むとしている。創業事業の系譜は、過去の逸話ではなく足元の増収要因として語られている。",[],[]
【コスプレのため】劣化した靴→生き返った靴に変化　「これは唸る」と称賛の声（LIMO）,https://news.yahoo.co.jp/articles/400962065582e5fed5afaf779b48474abc5417d6,https://newsatcl-pctr.c.yimg.jp/t/amd-img/20260913-00137704-toushin-000-1-view.jpg?exp=10800,2026-09-13T05:11:18+09:00,2026-09-13T05:11:18+09:00,LIMO,toushin,LIMO,858,【写真提供】@gs_pochi（投稿・写真著作権者） 劣化したパンプスの「生き返った靴の姿」が、Xで話題になっています。 投稿したのは、「@gs_pochi」さんです。 ◆【写真】「生き返った靴」を見る 当ポストには執筆時点で34万5000件を超えて表示されており、「天才！」「これは唸る…」といったコメントが寄せられています。 そこで、LIMO編集部は話題の「@gs_pochi」さんに取材。気になる投稿の経緯やSNSでの反響について、インタビューしました。 ※今回ご紹介する投稿は、投稿者様の掲載許可を頂いております。 ※編集部注:外部配信先ではハイパーリンクや図表などの画像を全部閲覧できない場合があります。その際はLIMO内でご確認ください。 劣化したパンプスの「生き返った靴の姿」が話題 「コスプレ用で使お！ って何年前に買ったかわからない加水分解、劣化ヤバヤバの靴 VS俺 〜勝利〜 靴『生き返ったぜ』」そんなコメントとともに投稿されたのは3枚の写真。 そこに写っていたのは、表面が剥がれたパンプスでした。劣化したこの靴を、もう一度よみがえらせるために手を加えると…。 なんと、劣化したパンプスが真新しく可愛らしいブーツに変身しています。 元の靴の面影がないほど変形しているだけでなく、ひと目でキャラクターが浮かびあがるような再現性にも見入ってしまいますね。 こちらは、@gs_pochiさんが漫画・アニメ「Dr.STONE」の「小川杠」になりきれるコスプレ用の靴としてリメイクしたんだそう。 「期限が1週間しかなく『そうだ！ 数年前にコスプレ用で購入しいつか使おうと眠らせていた靴を使おう！』と思った事がキッカケです。久しぶりに触れると思っていたより劣化が進んでおり、予想外の製作になりました、、、ありがとう」と完成までの苦労を語ってくれました。 時間がないうえに思わぬトラブルにも見舞われた中で、このような靴を完成させる技術に驚かされます。 そんな生き返った靴の姿は、SNSで大きな反響を呼びました。,[],[]
日清食品HDの株主優待、「9月分」がもらえるのは何株から？ボーダーラインを解説（LIMO）,https://news.yahoo.co.jp/articles/661fda7a5b51499a64657e931ca8c42448e920fb,https://newsatcl-pctr.c.yimg.jp/t/amd-img/20260913-00137598-toushin-000-1-view.jpg?exp=10800,2026-09-13T05:01:27+09:00,2026-09-13T05:01:27+09:00,LIMO,toushin,LIMO,1258,"nest557/Shutterstock.com 帝国データバンクが8月31日に公表した「食品主要195社」価格改定動向調査によると、2026年9月の飲食料品値上げは4,923品目に達し、単月では2026年で最も多い「年内最大の値上げラッシュ」となる見通しです。 ◆＜年間チャート＞1年間の株価値動きをみる 値上げ1回あたりの平均値上げ率は11％で、前年9月（1,467品目）からは約3倍に増加しました。原材料高に加え、中東情勢の悪化に伴う原油・ナフサ高、人件費・物流費の上昇、円安などが品目数を押し上げた要因とされています。 即席めん最大手の日清食品ホールディングス＜2897＞も、こうした値上げの流れと無縁ではありません。稼ぎ頭である国内の「日清食品」ブランドで4月に価格改定を実施しており、この効果は最新の決算にも表れています。 個人投資家の間では、3月決算企業の中間期にあたる9月末の権利確定日を意識した銘柄選びが活発になる時期でもあります。 同社にも9月30日を基準日とする株主優待・配当の権利が設定されていますが、実は保有株数によっては今回（9月分）の優待は届かない仕組みになっており、100株や300株を保有しているだけでは対象外になる点にまず注意が必要です。 そこで本記事では、8月4日に発表された2027年3月期第1四半期（4-6月）決算から、同社の稼ぎ頭となっているセクター・事業をひも解いたうえで、9月30日を基準日とする株主優待の条件を整理します。 ※編集部注:外部配信先ではハイパーリンクや図表などの画像を全部閲覧できない場合があります。その際はLIMO内でご確認ください。 最新決算からひも解く企業の強み 同社が8月4日に発表した2027年3月期第1四半期（4-6月）の連結決算は、売上収益1,946億6,500万円（前年同期比+10.0％）、営業利益179億6,100万円（+13.4％）、純利益132億7,500万円（+18.3％）となりました。1株当たり利益（EPS）は46.24円で、前年同期の38.37円から2割ほど伸びています。 同社は2027年3月期の通期業績予想について、売上収益は8,600億円（前期比+9.1％）と単一の数値で示す一方、営業利益は660億円〜695億円（同+5.9〜11.5％）、純利益は455億円〜480億円（同+0.3〜5.8％）と、新規事業への積極投資を反映したレンジ形式で開示しています。8月4日の1Q発表時点でも、この予想に変更はありませんでした。 1Q実績の進捗率は、売上収益が22.6％と単純計算上のペース（25％）をやや下回った一方、営業利益は25.8〜27.2％、純利益は27.7〜29.2％と、レンジの上限・下限いずれに対してもペースを上回りました。 配当については、2027年3月期の年間配当予想を1株70円（中間35円・期末35円）としており、前期と同額です。中間配当の基準日も9月30日で、株主優待と同じタイミングになります。",[],[]
80歳のおばあちゃんが“とうもろこしの皮で作る予想外の作品”に目が奪われる「表現力が素晴らしい」（LIMO）,https://news.yahoo.co.jp/articles/685d91f090a60abbf91161a7702f1ccb3e99724e,https://newsatcl-pctr.c.yimg.jp/t/amd-img/20260913-00137407-toushin-000-1-view.jpg?exp=10800,2026-09-13T04:56:13+09:00,2026-09-13T04:56:13+09:00,LIMO,toushin,LIMO,1045,Maks Peoplenko/shutterstock.com SNSで称賛の声が続出！ 80歳のおばあちゃんが“とうもろこしの皮で作る予想外の作品”が、Threadsで話題になっています。 ◆【写真】「80歳のおばあちゃんが“とうもろこしの皮で作る予想外の作品”」を見る 投稿したのは、「@morokoshipiroko」さんです。 当ポストには執筆時点で50万件を超えて表示されており、「あぁ…素敵」「表現力が素晴らしい」といったコメントが寄せられています。 そこで、LIMO編集部は話題の「@morokoshipiroko」さんに取材。気になる投稿の経緯やSNSでの反響について、インタビューしました！ ※投稿の画像は【写真】リンクをご参照ください。 ※今回ご紹介する投稿は、投稿者様の掲載許可を頂いております。 ※編集部注:外部配信先ではハイパーリンクや図表などの画像を全部閲覧できない場合があります。その際はLIMO内でご確認ください。 80歳のおばあちゃんが“とうもろこしの皮で作る作品”が話題 「とうもろこしの皮で人形を作っている今年80歳になるおばあちゃんです。（書いているのは家族です）どの作品も顔は表現しませんが、どなたがモデルか分かっちゃいますよね」そんなコメントとともに投稿されたのは1枚の写真。 そこに写っていたのは、80歳のおばあちゃんがとうもろこしの皮で作った人形でした。 作品を制作するようになったのは、50年以上も前のこと。 投稿主さんは「たまたま、とうもろこしを食べながらテレビの紙人形作りを見ていて、捨てたとうもろこしの皮で試してみたのが始まりです」と、教えてくれました。 作品のこだわりは「茹でて乾燥保存したとうもろこしの皮を染めずに、自然の色で作ること」なのだそうです。 そんな素晴らしい表現力を感じられる作品は、SNSで大きな反響を呼びました。 「あぁ…素敵」などSNSで称賛の声が続出 ポストには多数のいいねに加え、リプライ欄には ・「あぁ…素敵」 ・「表現力が素晴らしい」 ・「上皇様ご夫妻だとわかります」 ・「どうしたら雰囲気まで作れるのだろう？」 など、素敵な作品を称賛する人から、人形のモチーフを推測する人など、多くのコメントが寄せられました。 投稿の反響を受け、「家族が投稿して教えてくれたので反響はよくわかりませんが、短い期間にたくさんの方に見ていただけたようで、嬉しくもあり大変驚いています」と、投稿主さんは振り返ってくれました。,[],[]
タイの田舎道で目撃した「豆腐屋」と書かれた看板　情報量の多い店の正体に注目集まる（LIMO）,https://news.yahoo.co.jp/articles/312f470e0743ffc2b03bc1ab12a493ba59505a1d,https://newsatcl-pctr.c.yimg.jp/t/amd-img/20260913-00137729-toushin-000-1-view.jpg?exp=10800,2026-09-13T04:51:27+09:00,2026-09-13T04:51:27+09:00,LIMO,toushin,LIMO,1182,出所：Majonit/shutterstock.com タイで見つけた「日本語だらけの不思議な店」が、X上で話題になっています。 投稿したのは、「@takum_bkk」さんです。 ◆【写真】「タイで見つけた情報量が多すぎる店」を見る 当ポストには執筆時点で18万1000件を超えて表示されており、「情報量が多すぎる」「アルミとお部屋探しの豆腐店」といったコメントが寄せられています。 そこで、LIMO編集部は話題の「@takum_bkk」さんに取材。気になる投稿の経緯やSNSでの反響について、インタビューしました。 ※今回ご紹介する投稿は、投稿者様の掲載許可を頂いております。 ※編集部注:外部配信先ではハイパーリンクや図表などの画像を全部閲覧できない場合があります。その際はLIMO内でご確認ください。 タイの田舎道を走っていると… 「タイ、チェンマイ県。ウソみたいだろ。カフェなんだぜ、これで」そんなコメントとともに投稿されたのは1枚の写真。 そこに写っていたのは、「手づくりの店 泰国豆腐屋」と大きく掲げられた、どこか懐かしさを感じる店構えでした。 「とうふ」「油あげ」と書かれた看板だけを見ると豆腐屋さんのようですが、店先にはなぜか「アルミホイール修理」や「仲介手数料0円」ののぼりが。見れば見るほど、「一体何のお店なの？」と混乱してしまいそうですね。 @takum_bkkさんがこちらを発見したのは、チェンマイの田舎道を車で走っていたときのこと。突然日本語の看板が目に飛び込んできたため、「なんでこんなところに？」と気になり、車を止めて確認したといいます。 すると、「豆腐屋」の看板やさまざまなのぼりが並んでいるにもかかわらず、実際はこちらのお店は「カフェ」だったのだとか。そのギャップを面白く感じ、写真を投稿したのだと教えてくれました。 そんな思わず見返してしまいそうなユニークな店構えは、SNSで大きな反響を呼びました。 「豆腐屋でもクルマ屋でもない…？！」ツッコミが続々 ポストには多数のいいねに加え、リプライ欄には ・「豆腐屋でもクルマ屋でもない、と…？ ！」 ・「実際豆腐屋であってるんでしょうか？ 豆腐もタイヤ交換も不動産仲介もしてるマルチな店？」 ・「豆腐屋に車要素（アルミホイール修理）があったら、頭文字Dじゃないですか!!」 ・「チェンマイのどの辺でしょうか？ 今度行ってみたいです」 など、どんなお店なのかと気になる方から、頭文字Dを思い出す方など、多くのコメントが寄せられました。 投稿の反響を受け、「予想通りというか、皆さんにいろいろなところに突っ込んでもらえてよかったです（笑）」と振り返る投稿主さん。 続けて「『頭文字D』を連想された方も多く、そこに注目する方が多かったのも面白かったです」と、今の気持ちを教えてくれました。,[],[]
「私の黒と金」【74歳マダム】が着こなす黒コーデ。金の合わせ方がカッコイイ！「可愛くてキレイ」（LIMO）,https://news.yahoo.co.jp/articles/95b108b18643f717e3fbac66043abf21974eea6b,https://newsatcl-pctr.c.yimg.jp/t/amd-img/20260913-00137000-toushin-000-1-view.jpg?exp=10800,2026-09-13T04:46:15+09:00,2026-09-13T04:46:15+09:00,LIMO,toushin,LIMO,1305,【写真提供】@keiko__konishi（投稿・写真著作権者） 74歳のマダムの日常を発信する「@keiko__konishi」さんが投稿した「ブラックコーデ」の写真がInstagramで注目を集めています。 ◆【写真】74歳の「黒と金のコーディネート」を見る 投稿された写真は執筆時点で「可愛くてキレイ！」「とても素晴らしい」といった声が寄せられるなど話題となっています。 そこで、LIMO編集部は「@keiko__konishi」さんに許可をいただき、ファッションの注目ポイントやSNSでの反響をご紹介！ また記事中では、「65歳以上の無職世帯の家計収支」についても解説します。 ※投稿の画像は【写真】をご参照ください。 ※今回ご紹介する投稿は、投稿者様の掲載許可を頂いております。 ※編集部注:外部配信先ではハイパーリンクや図表などの画像を全部閲覧できない場合があります。その際はLIMO内でご確認ください。 74歳が着こなすブラックコーデ 74歳のおしゃれマダム、@keiko__konishiさんが紹介しているのは、大人っぽさたっぷりの「ブラックコーデ」。 全体を黒のアイテムでまとめ上げた落ち着いたスタイリングに、トップスの裾に取り入れたホワイトがメリハリをもたらします。 バッグやサンダルにゴールドを取り入れて、ラグジュアリー感を演出する工夫も素敵。 投稿では「（前略）人生を重ねた今だからこそ表現できる、私の黒と金。（後略）」とコメントした@keiko__konishiさん。大人の魅力と個性が光るコーデに、思わず魅了されてしまいますね。 コメントには「可愛くてキレイ」の声 @keiko__konishiさんが持っているバッグは、ご自身のアート作品がデザインされたものだそうですよ。 素敵なコーディネートを楽しむ@keiko__konishiさんの投稿に、コメント欄では、 ・「素敵で可愛くてきれい！」 ・「とても素晴らしい！」 といった声が寄せられています。 @keiko__konishiさん、ご協力ありがとうございました！ おしゃれを楽しむ余裕はある？65歳以上の貯蓄と家計のリアル いくつになってもおしゃれを楽しむには、日々の家計に無理のない余裕があることが前提になります。 その目安となるのが老後の貯蓄額や年金収入です。 65歳以上無職夫婦世帯の「平均貯蓄額は2494万円」ですが、これはあくまで無職世帯に限った数字です。 有職世帯を含めた65歳以上世帯全体で見ると、状況は少し異なります。 「中央値は1777万円」にとどまり、平均値ほどの余裕がない世帯も少なくないのが実情です。 年金は厚生年金が「平均15万289円」、国民年金が「5万9310円」で、夫婦世帯の毎月の収支は「4万2000円の赤字」というデータもあります。 無理のない範囲でおしゃれを楽しみ続けるためにも、一度自分の家計と照らし合わせて確認しておいてもよいかもしれませんね。 参考資料 ・@keiko__konishi ・総務省統計局「家計調査報告 家計収支編 2025年（令和7年）平均結果の概要」 高橋 さき,[],[]
3COINS〈はっ水ミニショルダーバッグ〉880円は撥水加工とポケット3つ！高さ19cmのミニサイズで4色展開（LIMO）,https://news.yahoo.co.jp/articles/9b71897b40133f54bb67bb4ab5800d5642a05cc6,https://newsatcl-pctr.c.yimg.jp/t/amd-img/20260913-00138184-toushin-000-2-view.jpg?exp=10800,2026-09-13T04:41:15+09:00,2026-09-13T14:11:16+09:00,LIMO,toushin,LIMO,1055,beeboys/shutterstock.com お財布とスマホだけ持って出かけたいとき、小さめのショルダーバッグが手元にあると助かりますよね。 ◆【写真】雨の日も気にせず持てる！撥水加工つきの880円ショルダー ただ、天気が怪しい日は生地が濡れないか気になるもの。そこでおすすめしたいのが、3COINSの「はっ水ミニショルダーバッグ」です。税込880円で撥水加工付き、PAL CLOSETのお気に入り登録数は2026年9月8日時点で2万1304人です。 この記事では、このバッグの撥水加工とポケットの構成、選べるカラーとサイズを見ていきます。 ※編集部注:外部配信先ではハイパーリンクや図表などの画像を全部閲覧できない場合があります。その際はLIMO内でご確認ください。 雨の日も気にせず持てる！撥水加工つきの880円ショルダー まずは生地の特徴から見ていきます。素材はポリエステル100％で、表面に撥水加工が施されています。 ●はっ水ミニショルダーバッグ 880円（税込） 急な雨で肩からかけたバッグが濡れても、水をはじいてくれます。買い物帰りに降られても慌てずに済みそうですね。 ただし撥水は「水をはじきやすい」加工で、防水ではありません。使い続けるうちに効果が薄れていくので、雨の中を長く歩く日はサブとして考えたほうが安心です。 ●前面にファスナー2つ、裏面にもポケット！ 仕分けして入れられる ポケットは前面のファスナー付きが2か所、さらに裏面にも1か所あります。 交通系ICカードやリップは前のポケット、スマホは裏のポケットという分け方ができます。バッグの中を探らずにサッと取り出せるのはうれしいポイントです。 公式のカテゴリは「スマホショルダーバッグ/ポーチ」です。スマホを入れて持ち歩く前提のサイズ感で、デザインは無地なので服の系統を選ばずに合わせられます。 高さ19cmのミニサイズ！選べる4色をチェック サイズは高さ19×幅13×マチ5cmです。手のひらより少し大きいくらいのサイズ感で、必要な物だけを入れて身軽に動けます。 ●アイボリー、ブラック、カーキ、ピンクの4色展開 カラーはアイボリー、ブラック、カーキ、ピンクの4色。2026年9月8日時点のPAL CLOSETオンラインストアでは、4色すべてが在庫ありと表示されています。 同日時点のユーザーレビューは670件、評価は5点満点中4.6でした。人気色は売り切れることもあるので、狙っている色があるなら早めに見ておくとよさそうです。,[],[]
伊藤園、2027年4月期1Qは営業利益+22%の増益。株価は決算後に大幅高となった後に上げ幅を縮小（LIMO）,https://news.yahoo.co.jp/articles/504885da6bb738088d99b8656c2fd5b883940b2d,https://newsatcl-pctr.c.yimg.jp/t/amd-img/20260913-00138234-toushin-000-1-view.jpg?exp=10800,2026-09-13T04:31:41+09:00,2026-09-13T04:31:41+09:00,LIMO,toushin,LIMO,1312,"Samuel Ponce/shutterstock.com ※編集部注:外部配信先ではハイパーリンクや図表などの画像を全部閲覧できない場合があります。その際はLIMO内でご確認ください。 ◆【株価チャート】株価はどう推移したのか？ グラフで確認 決算を挟んで切り上がった株価と、その後に戻された上げ幅 2026年9月11日の終値は3,165円だった。前営業日の3,141円からは小幅高で、2026年8月14日の3,013円を起点とした直近約1カ月では水準を上げている。 もっとも、この1カ月は一本調子ではない。2026年8月17日には2,936円まで下げ、その頃は2,900円台での推移が続いていた。 動きが変わったのは2026年9月に入ってからだ。2026年9月1日の終値3,011円に対し、2026年9月2日の終値は3,273円。2027年4月期1Qの決算内容が意識された可能性が高い。 ただし、そこが直近1カ月で最も高い終値となった。2026年9月3日は3,222円、2026年9月4日は3,187円、2026年9月7日は3,129円と、数営業日で上げ幅の多くを吐き出している。 その後は3,100円台から3,200円台での往復が続き、2026年9月11日の3,165円に至る。決算への反応が一巡し、水準の再確認が進んでいる局面と読み取れる。 直近時点のバリュエーションは、PER（株価収益率）が23.35倍、PBR（株価純資産倍率）が1.48倍。食料品セクターとして低い倍率ではなく、純資産の1.5倍近くまで評価されている。この水準は、次に見る資本効率の数字と合わせて押さえておきたい。 営業利益+22.0%の中身。価格改定と、軽くなった償却費 2027年4月期1Qは、売上高が1,351億円で前年同期比+3.3％、営業利益が102億円で+22.0％となった。経常利益は101億円で+13.4％、親会社株主に帰属する四半期純利益は65億円で+14.8％である。 増益幅が売上の伸びを大きく上回っている。何が効いたのか。会社の説明によると、国内外で実施した価格改定の浸透効果で売上が堅調に推移し、利益面では販促費用の抑制と、前期に実施した自動販売機事業の減損処理に伴う減価償却費の軽減効果が効いた。 この軽減は数字にも表れている。1Qの減価償却費は16億円で、前年同期の22億円から縮んだ。 ここは冷静に読みたいところだ。減損処理は資産の帳簿価額を切り下げる会計処理であり、下げた分だけ以後の償却負担は軽くなる。前期に利益を大きく削った処理が、今期は営業利益を押し上げる側に回っているわけだ。 事業が良くなったのか、それとも負担が軽くなっただけなのか。価格改定の浸透と販促費の抑制は前者に属するが、償却費の軽減は後者だ。増益率の22.0％をそのまま実力の伸びと受け取らない姿勢が求められる。 加えて、会社は2027年4月期の通期予想を営業利益200億円（前期比▲7.8％）で据え置いている。1Qの102億円は通期予想に対して51.0％の進捗にあたり、四半期の均等ペースを大きく上回る。保守的な計画とみるのが自然だろう。",[],[]
