headline,mainEntityOfPage,image,datePublished,dateModified,author,media_en,media_jp,str_count,body,images,external_links
「朝からご飯3杯おかわり」男性が選ぶ“最高にうまい定食チェーン”1位に「出汁が美味しくてリピ」「愛してやまない」（ねとらぼ）,https://news.yahoo.co.jp/articles/c4e7957ece173d7762d1513571327fb8ed32847b,https://newsatcl-pctr.c.yimg.jp/t/amd-img/20260929-10170498-it_nlab-000-1-view.jpg?exp=10800,2026-09-29T23:20:00+09:00,2026-09-29T23:20:00+09:00,ねとらぼ,it_nlab,ねとらぼ,1021,画像はイメージです（画像：写真AC）（写真：ねとらぼ） 忙しい昼食時や、仕事上がりのゆっくりとしたディナーにはおいしい食事を食べたいものですよね。町中には牛丼やラーメン、ファストフードなどさまざまなチェーンがあり、そのなかには「定食」を提供しているお店もあります。 【画像：ランキング25位～1位を見る】 ねとらぼでは、アンケートサイト「ボイスノート」の協力のもと、全国の男性を対象に「最高にうまいと思う定食チェーンはどこ」というテーマでアンケートを実施しました。 多くの男性から「最高にうまい」と支持されたのはどのチェーンだったのでしょうか。ランキングを見ていきましょう。 ●第2位：大戸屋ごはん処 第2位は、得票率13.7％で「大戸屋ごはん処」でした。1958年に東京・池袋に開店した「大戸屋食堂」をはじまりとするチェーンで、2026年現在では全国に約450店舗を構えています。 大戸屋では、「日本の家庭の味」をコンセプトにしており、店で仕込みを行い、一品一品注文を取ってからこしらえることを大切にしています。魚や肉を加熱効果の高い炭火で焼くなど調理法にもこだわっており、家庭的で安心感を得られるメニューをラインアップしている事などが「最高にうまい」と評価される理由かもしれませんね。 ●第1位：やよい軒 第1位は、得票率15.3％で「やよい軒」が選ばれました。1886年に日本橋区南茅場町に開業した「彌生軒（やよいけん）」をはじまりとするチェーンで、2026年2月時点で国内374店舗を展開しています。 やよい軒では、「今日に、よいもの。」をコンセプトに、新鮮な旬な食材を使い、工夫を凝らした和洋折衷のメニューをラインアップ。玉子焼きは焼き魚などのメニューでは常に「焼きたて」にこだわり、「肉野菜炒め定食」では1/2分の野菜を接種できるなど、おいしさはもちろん、栄養にも気を配ったメニューを展開している事もうれしいポイントなのではないでしょうか。 X（旧Twitter）では「本日の朝食飯やよい軒の鮭の塩焼き朝食。ご飯おかわり自由だからコスパ最高です。朝からご飯3杯おかわりしました︎」「やよい軒の出汁が美味しくてリピしまくってる。お茶漬けとしてはもちろん、お腹いっぱいになったら出汁だけいただいてる」「近所にやよい軒ができるのが楽しみすぎる」「僕が愛してやまないやよい軒で秋刀魚定食…美味い」といった声が寄せられています。 zakki,[],[]
「もう一色買おうかな」　チャンピオンの“ルームウエアセット”に絶賛の声　「生地の感触がとても良い」「春秋にぴったり」「繰り返し洗濯してもよれない」（ねとらぼ）,https://news.yahoo.co.jp/articles/dd1414212b4b3841a062a6eee51872cf3cfdaa77,https://newsatcl-pctr.c.yimg.jp/t/amd-img/20260929-10170531-it_nlab-000-1-view.jpg?exp=10800,2026-09-29T23:00:00+09:00,2026-09-29T23:00:00+09:00,ねとらぼ,it_nlab,ねとらぼ,1417,画像：ねとらぼリサーチ（写真：ねとらぼ） 家でくつろぐときのウエアは、着心地と動きやすさにこだわりたいもの。薄手の長袖・長パンツなら、季節の変わり目にも取り入れやすそうです。本記事では、Champion（チャンピオン）の「綿混 天竺 長袖長パンツ ルームウェア OM4053」を紹介します。 【画像】チャンピオンの“ルームウエアセット” ●Champion（チャンピオン）「綿混 天竺 長袖長パンツ ルームウェア OM4053」とは Champion（チャンピオン）の「綿混 天竺 長袖長パンツ ルームウェア OM4053」は、ベーシックなデザインのルームウエアセットです。左胸にブランドロゴの刺しゅうをあしらい、カジュアルな雰囲気に仕上げています。 生地には、綿60％・ポリエステル40％の綿混天竺素材を使用。伸縮性のある薄手のニット素材で、家でくつろぐ時間や、寝るときのウエアとして取り入れやすい1着です。厚手の防寒着というより、気温に合わせて長く着たい人に向いていそうです。 パンツにはポケットがあり、ウエストゴムの取り替えも可能です。前開きはなく、トップスにもフードやポケットを付けていない、すっきりとしたつくりになっています。 公式通販で案内されているサイズはM～3L。カラーはグレー、ネービーブルー、ブルーグレー、ブラック、アイボリー、ゴールドがあります。2026年9月29日の確認時点で、Amazon.co.jpのグレー・Mサイズは税込4344円、グンゼ公式通販の同色・同サイズは税込5060円です。サイズやカラーによって価格・在庫が異なります。 ●購入した人のコメント Amazon.co.jpのレビューでは、「綿素材がとても肌馴染みよくとてもよい商品です。繰り返し洗濯してもよれないです」「春や秋にパジャマや部屋着として着ています。ちょうどいい感じです」、楽天市場のレビューでは、「チャンッピオンらしい紺。いい色です。グレーを同時購入で上下のコラボもできる。もう一色買おうかな！」「とても肌さわりがよくて春秋にピッタリな薄さです。購入して良かったです」「ルームウェアとして購入しました。生地の感触がとてもいい。サイズもちょうどいい感じです」「着心地が快適。寝汗もかかなくなりました。チャンピオンですね」「生地もデザインも良かった。サラサラ生地でシンプルデザイン最高。値段も安いから、気に入りました」「肌触り、着心地いいです、軽くて汗も発散してくれるし、はなまるつけます」「色合いも上下バランス良く、軽くていい感じです」といった声が寄せられています。 ブルーグレーのMサイズを選んだ人からは、「とても肌さわりがよくて春秋にピッタリな薄さです。購入して良かったです」という感想も見られました。 ●綿100％の裏毛素材なら、無印良品のルームウエアもチェック 綿100％の生地で選ぶなら、無印良品の「紳士 綿 裏毛 長袖ルームウェアセット」もチェックしたいアイテムです。適度な厚みがある裏毛スウェット素材を使い、身幅はゆったりとしたシルエット。薄手の天竺素材とは違う、ほどよい肉感のある着心地を求める人によさそうです。 紹介するのは黒のLサイズ。2026年9月29日の確認時点で、Amazonでは税込4030円で販売されています。ルームウエアを選ぶ際は、素材の混率だけでなく、生地の厚さも比べてみるとよいでしょう。 しゅいわ,[],[]
「通勤バッグの理想形です」　mont-bell（モンベル）の“3WAYビジネスバッグ”が大好評　「丈夫で軽い」「トートにもリュックにもなるの最高」（ねとらぼ）,https://news.yahoo.co.jp/articles/82db2017d3dfa80e2fbd1b26f124e31395c13eaf,https://newsatcl-pctr.c.yimg.jp/t/amd-img/20260929-10170573-it_nlab-000-1-view.jpg?exp=10800,2026-09-29T22:50:00+09:00,2026-09-29T22:50:00+09:00,ねとらぼ,it_nlab,ねとらぼ,1315,（画像：ねとらぼ）（写真：ねとらぼ） mont-bell（モンベル）の“3WAYビジネスバッグ”は、「持つ」「背負う」「肩にかける」の3通りの使い方ができるバッグ。軽量で丈夫なのも魅力で、ネット上では「通勤バッグの理想形です」という声も。 【画像】モンベルの“3WAYビジネスバッグ” 本記事では、そんなモンベルの「トライパック ミニ」を紹介します。 ●mont-bell（モンベル）の「トライパック ミニ」とは？ モンベルの「トライパック ミニ」は、手持ち・リュック・ショルダーの3通りで使えるビジネスバッグです。電車内では手持ち、移動中は背負うなど、場面に合わせて持ち方を変えられます。使わないときのリュック用ハーネスは背面に収納可能。型崩れを防ぐフレームや、縦に持ったまま荷物を取り出しやすいL字型ジッパーも備えています。容量は20リットルで、重さは750グラム。本体にはB4サイズ、前面にはA4サイズのマチ付きポケットがあり、書類や小物を分けて持ち歩けます。 さらに専用のパソコンポケットには15.4インチのPCを収納可能。価格は税込1万4900円です。通勤から宿泊を伴う出張まで、頼れる一品といえるでしょう。カラーはブラックとネイビーの2色。ほかにも、「トライパック 30」（税込1万8700円）、「トライパック 45」（税込1万9800円）が展開されており、こちらは旅行用や出張用として使っている人が多いようです。 ●購入者の声 SNSなどネット上では、「丈夫で軽いので愛用してます」「バイク乗る時は背負えるし、折り畳み傘専用ポケットもあるのが気に入った」「トートにもリュックにもなるの最高」「書類や小物を分けて整理できるし丈夫使い勝手最高」「さすがモンベル」「トライパック30からミニにチェンジ。安いし全然壊れないので仕事用に最適です」「通勤バッグの理想形です」といった声が上がっていました。 ●ビジネスリュックなら「ace.（エース）」もおすすめ ace.（エース）の「ガジェタブルR（68002）」は、通勤ラッシュで前持ちしやすいスリムなビジネスリュック。2気室に分かれた構造で、書類や仕事道具とパソコンを整理して収納できます。スーツケースのハンドルへ固定できるセットアップ機能もあり、通勤だけでなく出張時のサブバッグとしても使いやすい設計です。 左右の下部には、バッグを体の前へ回したまま小物を出し入れしやすい「クイックラウンドポケット」を配置。側面とメイン収納の両方からアクセスできる「2WAYスルーポケット」もあり、折りたたみ傘や飲み物を分けて持ち歩けます。パソコン収納はL字ファスナーで、縦横どちらからでも出し入れできます。 本体には、軽さと耐久性のバランスに配慮したリサイクルナイロン「Mipan regen ROBIC」を使用し、表生地には撥水加工を施しています。カラーはブラックとネイビーの2色。容量は14リットルで、A4ファイルと14インチのノートパソコンに対応。サイズは幅28×高さ39×奥行き12センチ、重さは900グラムです。公式オンラインストアでの販売価格は2万7500円です。 とらくろ,[],[]
「もっと早く買えば……」IKEAの“1299円吊り下げ収納”に絶賛の声　「子どもが片付けてくれるようになりました」「サイズがちょうどいい」（ねとらぼ）,https://news.yahoo.co.jp/articles/8f36cb74a37fb064a680cb26e63aeffc004b2fe0,https://newsatcl-pctr.c.yimg.jp/t/amd-img/20260929-10170560-it_nlab-000-1-view.jpg?exp=10800,2026-09-29T22:40:00+09:00,2026-09-29T22:40:00+09:00,ねとらぼ,it_nlab,ねとらぼ,940,画像：ねとらぼリサーチ（写真：ねとらぼ） IKEAで買える“1299円の吊り下げ収納”が、衣類やバッグをすっきり整理でき、使う場所に合わせて段数を変えられるアイテムとして好評です。 【画像】IKEAの“1299円吊り下げ収納” IKEAの「RASSLA ラッスラ 収納 5段」は、ハンガーレールに取り付けて使う収納アイテムです。縦に並んだ5つの収納スペースに衣類や小物を分類でき、棚を置きにくいクローゼットの中でも空間を活用できます。子ども部屋では手袋やぬいぐるみなどの整理にぴったり。ワードローブのほか、バスルームや玄関、ハンガーラックでも使えます。 下の2段を折りたたんで両脇の面ファスナーで留めれば、5段から3段の収納に変更可能。収納場所の高さや入れるものに合わせて使い分けられます。使わないときは全体をコンパクトにたためるので、保管時にかさばりにくいのもうれしいポイントです。 サイズは幅25×奥行き40×高さ98センチで、カラーはホワイト。布地はポリエステル100％、インサートにはポリプロピレンを使用しています。30度以下の水で手洗いでき、公式オンラインストアの価格は1299円。対象年齢は3歳以上で、安全のため子どもがぶら下がると取り付け部分の面ファスナーが外れる仕組みになっています。 ●購入者の声 公式オンラインストアのレビューでは「3個目の購入です。クローゼットでバッグの収納に使っています。たくさん収納出来て使いやすいです」「4年ほど愛用してますがマジックテープも廃れません！」「洗濯機の上に吊るしました。タオルや着替えを置いています。もっと早くに買えばよかったー！」「鞄が綺麗に整理できて見やすく取りやすく満足してます」「サイズがちょうどよく下の段は使わないときはテープでまとめられるのでスッキリ使えてます」「楽に片付けられるので、子ども自身片付けてくれるようになりました」といった声が寄せられています。 ●頑丈な収納なら無印良品がおすすめ！ 無印良品の「再生ポリプロピレン入り 頑丈収納ボックス 大 浅型 ホワイトグレー」は、ベランダなど屋外でも使用できる耐久性の高い収納ボックス。浅型タイプのため、棚下のデッドスペースにもすっきり収まります。 大泉勝彦,[],[]
「靴もお気に入りだけどリュックも大正解」　サロモンの“仕事にも休日にも使えるリュック”に「軽いので通勤が楽」「書類もけっこうな量入る」の声（ねとらぼ）,https://news.yahoo.co.jp/articles/d939e6db965919c271681de2e80a458f6d53449a,https://newsatcl-pctr.c.yimg.jp/t/amd-img/20260929-10170557-it_nlab-000-1-view.jpg?exp=10800,2026-09-29T22:30:00+09:00,2026-09-29T22:30:00+09:00,ねとらぼ,it_nlab,ねとらぼ,1070,画像：ねとらぼリサーチ（写真：ねとらぼ） SALOMON（サロモン）の「XT 25」は、アウトドア由来の機能性を備えながら、街でも使いやすいデザインに仕上げたバックパックです。 【画像】サロモンの“仕事にも休日にも使えるリュック” 本記事では、通勤から休日のお出かけまで幅広く活躍する「XT 25」について紹介します。 ●SALOMONの「XT 25」とは？ SALOMONの「XT 25」は、トレイルランニングやハイキングで培ってきたノウハウを、普段使いしやすいデザインに落とし込んだ容量25リットルのバックパック。見た目はすっきりしていますが、17インチのノートPCを収納できる専用スペースも備え、仕事道具から着替えまでしっかり入れられます。 背面とショルダーストラップにはパッドが入っており、荷物が増えたときにも背負いやすい設計。ショルダーストラップや胸元のスターナムストラップは体格に合わせて調節でき、通勤や街歩きなど長く背負う日にも使いやすくなっています。重量は約595グラムと、容量のわりに比較的軽量です。 アウトドアブランドらしい工夫も随所にあり、外側にはジャケットなどを挟めるバンジーシステムを搭載。500ミリリットルのソフトフラスク用ポケットや、ハイキングポールを持ち運べる仕様も備えています。平日は通勤バッグとして使い、休日はハイキングやちょっとしたアクティビティに持ち出す、といった使い分けもしやすそうです。 さらに、レインカバーを本体のジップ付きポケットに収納できるため、急な天候の変化にも対応しやすいのがうれしいところ。丈夫さを意識しながら通気性にも配慮した素材が使われており、日常からアウトドアまで気兼ねなく使える一品です。サイズは約縦51×横30×奥行20センチ、容量は25リットル。公式サイトでは税込1万7600円で販売されています。荷物が多い日の通勤や旅行、休日のアウトドアまで、一つのバッグを幅広く使いたい人に注目のモデルです。 ●購入者の声 公式サイトやAmazonのレビューでは、「軽くて背負いやすい」「家族が他カラーを実際に使っていて私も欲しくなり購入しました」「何度もお店で試着した末に購入しました」「書類もけっこうな量入ります」「なんといってもショルダー部分のポケットが便利」「軽いので通勤が楽になりました」「サイズ感◎・雨の日◎・PCの持ち運び◎」「荷物が重い時でも、とにかく軽いので使いやすい」「軽いは正義ですね」「靴もお気に入りですが、リュックも大正解です」といった声が寄せられています。,[],[]
「食べてみて欲しい、マジでうまい」　“餃子がマジでうまいと思う都道府県”　ランキング上位に「ひとくち餃子うまいよねー」「幸せの何割かが詰まってる」の声（ねとらぼ）,https://news.yahoo.co.jp/articles/bc443764f3c969842bed96684e6985166931f408,https://newsatcl-pctr.c.yimg.jp/t/amd-img/20260929-10170569-it_nlab-000-1-view.jpg?exp=10800,2026-09-29T22:20:00+09:00,2026-09-29T22:20:00+09:00,ねとらぼ,it_nlab,ねとらぼ,908,画像はイメージです（画像：PIXTA）（写真：ねとらぼ） ねとらぼでは、アンケートサイト「ボイスノート」の協力のもと、全国の男女を対象に「餃子がマジでうまいと思う都道府県」というテーマでアンケート調査を実施、「餃子がマジでうまいと思う都道府県」ランキングとして発表しました。 【画像：ランキング27位～1位を見る】 餃子で知られる都道府県は数多くありますが、その中でも意外な上位に輝いた地域を紹介します。 ●「大阪府」 近畿地方の中央部に位置する「大阪府」は、古くから西日本の政治・経済・文化を支えてきた地域です。江戸時代には全国から米や特産品が集まる「天下の台所」として繁栄し、現在も大阪市を中心に大規模な商業地や繁華街が形成されています。府内には大阪市と堺市の2つの政令指定都市があり、都市部のにぎわいだけでなく、北摂や河内、泉州など、それぞれ異なる特色を持つ地域が広がっています。 そんな大阪で親しまれてきた餃子の一つが「ひとくち餃子」です。一般的な餃子よりも小ぶりで、パリッと焼き上げたものを何個もつまめる手軽さが特徴。大阪・北新地には、1955年創業で「ひとくち餃子発祥店」を掲げる「天平」があり、現在も北新地本店などでその味を提供しています。また、大阪発祥の中華料理チェーン「大阪王将」も、餃子文化を全国へ広げてきた存在です。大阪にはほかにも、餃子専門店や町中華などが数多くあり、店ごとに皮や餡、焼き方などに工夫を凝らした餃子を楽しめます。 今回のランキングでは3位にランクインしています。 ●SNSでは Xでは「551の餃子貰ったから食べた。バカ美味い！最高の味！大阪サイコー！」「大阪王の餃子食べてみて欲しい、マジでうまい」「大阪土産でいただいた点天の餃子、マジで美味い！」「大阪王将のぷるもち水餃子はめっちゃ美味い」「大阪土産、点天のひとくち餃子うまいよねー」「スーパーの冷凍食品コーナーで販売されてる大阪王将さんの冷凍餃子は蓋、水、油いらず。サクッと食事のお供やお酒のアテを用意したいときの救世主。最高でーす」「大阪王の餃子にはわたしの幸せの何割かが詰まってる。最高や」といった声が見られました。,[],[]
「時計好きにこそ一度手にとってほしい」　カシオの“1000円台腕時計”に「早く買うべきだった」「ツートンカラーがお洒落」の声（ねとらぼ）,https://news.yahoo.co.jp/articles/ab2c4b61576f46e6a5fd94fe47e7c8da9d72f63b,https://newsatcl-pctr.c.yimg.jp/t/amd-img/20260929-10170449-it_nlab-000-1-view.jpg?exp=10800,2026-09-29T22:10:00+09:00,2026-09-29T22:10:00+09:00,ねとらぼ,it_nlab,ねとらぼ,1131,（画像：ねとらぼ）（写真：ねとらぼ） 普段使いの腕時計は、時刻を確認しやすく、軽くて気兼ねなく身に着けられるものが便利です。手頃な価格でも、アラームやストップウオッチなどの基本機能がそろっているとうれしいところ。今回は、ブラックにゴールドのアクセントを組み合わせた、カシオの「F-91WM-9AJH」を紹介します。 【画像】カシオの“1000円台腕時計” ●CASIO Collection STANDARD 「F-91WM-9AJH」とは？ カシオの「F-91WM-9AJH」は、ブラックを基調にゴールドのアクセントカラーを組み合わせたデジタル腕時計です。ケースサイズは約縦38.2×横35.2×厚さ8.5ミリで、重量はわずか約21グラム。薄型・軽量で、日常使いしやすいモデルです。 ケースとベゼル、バンドには樹脂を使用し、日常生活用防水に対応。電池寿命は約7年です。 機能面では、1/100秒単位で計測できる60分計のストップウオッチを搭載し、スプリット計測にも対応。時刻アラームや時報、オートカレンダー、12／24時間制表示切り替えなども備えています。 バックライトにはグリーンのLEDを採用。時計の精度は平均月差±30秒です。2026年9月29日時点、Amazonでは税込1540円で販売されています。 ●購入者の声 公式サイトやAmazonでのレビューでは「海外の友人に教えてもらいました」「着物をよく着ます。和装にゴツいデザインやピカピカのステンレスは似合わない。控えめでクラシカルなのが合います」「早く買うべきだった」「ブラック×ゴールドのツートンカラーがお洒落で良いです！」「古着好きの嫁にぴったりと思い安すぎて買っちゃいました」「時計好きにこそ一度手にとってほしい、時代を超えた大名作だと思います」といった声が寄せられています。 ●ダイソーの腕時計「ミリウォッチ」もおすすめ 100円ショップの「DAISO（ダイソー）」は、手頃な価格の商品を中心に、300円や500円などの価格帯の商品も充実している人気店。便利なアイデア商品やトレンドを取り入れたアイテムも多く、多くの人に支持されています。 そんなダイソーの「ミリウォッチ」（税込550円）は、ミリタリー感のあるアウトドアライクなデザインがおしゃれな腕時計。ブラック系カラーの文字盤にホワイト系カラーの針で仕上げた高見え感のある1本です。ミリタリー感がありながらも落ち着いたデザインで、スタイリッシュな手元を演出してくれます。 手に取りやすい価格を実現しつつ、日常生活防水仕様なのが特徴。日常の水回り作業がしやすいのはうれしいポイントですね。税込550円という手頃さも魅力です。 coZca3,[],[]
「黒猫グッズ見たら買っちゃう」カルディの“ハロウィン缶”が大人気！　「とてもかわゆい」「飾っているだけ満足！」（ねとらぼ）,https://news.yahoo.co.jp/articles/2d975a5bbd6f46ea16bae7fa09e55d6c75a9b465,https://newsatcl-pctr.c.yimg.jp/t/amd-img/20260929-10170536-it_nlab-000-1-view.jpg?exp=10800,2026-09-29T22:00:00+09:00,2026-09-29T22:00:00+09:00,ねとらぼ,it_nlab,ねとらぼ,948,画像：ねとらぼリサーチ（写真：ねとらぼ） カルディの「ハロウィンキャット缶 1個【ハロウィン】」は、ネコ柄の六角型エンボス缶にアーモンドキャラメルパイを詰め合わせた数量限定のお菓子です。立体感のあるネコ柄が特徴で、缶のデザインは2種類から選ぶことができます。お菓子を食べ終わった後は小物入れとして使えるのもポイント。ハロウィンのおやつにはもちろん、ちょっとした贈り物にも選択肢となる1品です。 【画像】「黒猫グッズ見たら買っちゃう」カルディの“ハロウィン缶” 本記事では「ハロウィンキャット缶 1個【ハロウィン】」を紹介していきます。 ●カルディ「ハロウィンキャット缶 1個【ハロウィン】」とは？ 「ハロウィンキャット缶 1個【ハロウィン】」は、カルディオリジナルの数量限定商品です。ネコ柄の六角型エンボス缶に、アーモンドキャラメルパイを詰め合わせています。缶のデザインは2種類が用意され、オンラインストアではプルダウンから希望の商品を選んで購入できます。中のお菓子は40グラム入りで、価格は918円。缶のサイズは130ミリメートル×112ミリメートル×37ミリメートルです。ネコのかわいい柄がチャーミングなので、お菓子を食べ終えた後も、小物入れとして使用するのもいいですね。 ●購入者の声 X（旧Twitter）などでは「黒猫グッズ見たら買っちゃう」「ハロウィンキャット缶とくろねこポット買った。とてもかわゆい」「飾っているだけで満足！」などの声が寄せられています。 ●「鳩サブレー 伊勢丹新宿店限定缶」もかわいい 「鳩サブレー 伊勢丹新宿店限定缶」（税込み3867円）は、鎌倉の菓子店・豊島屋が手がける代表銘菓「鳩サブレー」を、伊勢丹新宿店限定の缶に詰め合わせた商品です。豊島屋は1894（明治27）年創業。鳩をかたどった焼菓子は、バターを生かした風味で広く知られ、長年手土産の定番として親しまれてきました。限定缶は、伊勢丹新宿店の建物を背景に、鳩たちがファッショナブルに装い、街に溶け込むユーモラスな世界観が描かれています。 にぎやかな色使いが目を引き、百貨店ならではの特別感を感じさせます。老舗の味わいと限定仕様の組み合わせが、贈る側の気持ちまでさりげなく伝えてくれる一品です。 アロ麻婆,[],[]
1966年に結婚した2人→60年後……　驚がくの光景に「すべては2人の愛から始まった」「最高な人たち」【海外】（ねとらぼ）,https://news.yahoo.co.jp/articles/eb5c2c3c2877737470660811c9038f13963fb9b6,https://newsatcl-pctr.c.yimg.jp/t/amd-img/20260929-10170265-it_nlab-000-1-view.jpg?exp=10800,2026-09-29T22:00:00+09:00,2026-09-29T22:00:00+09:00,ねとらぼ,it_nlab,ねとらぼ,927,1966年に結婚した2人（写真：ねとらぼ） 1966年に結婚した夫婦が並んで座り、その周囲に家族が一人、また一人と集まってくる動画がInstagramで注目を集めています。動画は記事執筆時点で再生数70万5000回を突破し、8万3000件以上の“いいね”を獲得しています。 【画像】60年後 ●最初に映っているのは2人だけ 投稿したのは、米在住のInstagramユーザー「Morgan Edwards」（@morgannedwards18）さん。投稿者さんたちは、結婚60周年を迎えたビルさんとマリーンさんをお祝いするために集まったそうです。2人の上部には「1966年8月14日。すべては2人が恋に落ちたことから始まった」というテロップが表示されています。 ●左右から大人たちが次々と登場 しばらくすると、画面の左右から大人が次々と登場します。そしてビルさんとマリーンさんの後ろに回り、夫婦を囲むように一列に並んでいきます。最初は広く空いていた空間が、少しずつ人で埋まっていきました。 ビルさんとマリーンさんは、2人の息子とそれぞれの配偶者、そして6人の孫に恵まれました。さらに、成長した6人の孫のうち5人には配偶者がおり、動画にはそれぞれのパートナーの姿も収められています。 大人たちが並び終えると、次に登場するのは小さな子どもたちです。先ほどまで大人だけだった記念写真の輪が一気ににぎやかに。動画にはなんと11人のひ孫が加わり、最終的に3世代が夫妻を囲む構図になりました。 ビルさんとマリーンさんの恋から始まった物語が、60年の間にこれほど大きな家族につながったのですね。それが一目で分かる演出がすてきです。 ●「すべては2人の愛から始まったんだね」「最高に豊かな人たち」などの声 コメント欄では「なんて美しい家族」「みんなが次々と現れる演出は特別感がある」「これこそ人生のすべて」「祖母の葬儀で、子ども、孫、ひ孫が一堂に集まり、祖母の後ろを大勢で歩いた。そのとき初めて祖父母が築いた一族の大きさに気付いた」「すべては2人の愛から始まったんだね」「最高に豊かな人たち」「いつか自分もこうなりたい」「これこそ愛」などの声が見られました。 春夏冬つかさ,[],[]
「あ、おいしいわ、コレ」　“買ってきてほしい鳥取県のお菓子”ランキング1位に「ほどよい甘み、独特の食感」「もっと人気出てもいいと思う」の声（ねとらぼ）,https://news.yahoo.co.jp/articles/b1c6be7234b06d94a837ff88762351f491c89b6c,https://newsatcl-pctr.c.yimg.jp/t/amd-img/20260929-10170471-it_nlab-000-1-view.jpg?exp=10800,2026-09-29T21:55:00+09:00,2026-09-29T21:55:00+09:00,ねとらぼ,it_nlab,ねとらぼ,950,画像はイメージです（画像：写真AC）（写真：ねとらぼ） 中国地方にある鳥取県は、日本海に面し、日本最大級の砂丘・鳥取砂丘で有名なエリアです。そのほかにも「米子水鳥公園」や「白兎海岸」など自然を感じるスポットや、「鳥取東照宮」や「伯耆古代の丘公園」などさまざまな観光スポットがあることでも知られています。 【画像：ランキング24位～1位を見る】 ねとらぼでは、アンケートサイト「ボイスノート」の協力のもと、全国の男女を対象に「買ってきてほしい『鳥取県のお土産（お菓子・スイーツ）』はどれ？」というテーマでアンケートを実施しました。 多くの人から「買ってきてほしい」と支持されてたのはどのお土産だったのでしょうか。ランキングを見ていきましょう。 ●第2位：鳥取二十世紀梨ゼリー（寿製菓） 第2位は、得票率は6.3％で「鳥取二十世紀梨ゼリー（寿製菓）」でした。1952年に設立した寿製菓による商品です。 二十世紀梨の果肉と果汁を使い、ふるふるのゼリーに仕上げた一品で、まるで梨を丸ごと食べているような果実感が楽しむ事ができます。また、二十世紀梨をモチーフにした容器も評判で、味はもちろん、さまざまなこだわりのある事が「買ってきてほしいお土産」として評価されているのではないでしょうか。 ●第1位：因幡の白うさぎ（寿製菓） 第1位は、得票率は7.0％で「因幡の白うさぎ（寿製菓）」でした。こちらの寿製菓による商品で、1968年に誕生したうさぎの形の焼きまんじゅうです。 うさぎの生地には地元の大山バターを使用し、なめらかでしっとりした生地、黄身あんの上品な甘味、そして香ばしい焼き上がりのバランスが評判となっており、老若男女問わず愛される一品となっています。うさぎは「福」を呼ぶ縁起の良い動物として親しまれており、ゲン担ぎとしても「買ってきてほしい」と思う人も多いのではないでしょうか。 Xでは「因幡の白うさぎはもっと人気出てもいいと思う。めっちゃうまいやん」「寿製菓のお菓子は全部美味しいから好きなんだなぁ～」「因幡の白うさぎってまんじゅう美味すぎワロタ」「ほどよい甘み、独特の食感。とても美味しいです」「どこから行くか迷ったけど頭からガブっと。あ、おいしいわ、コレ」といった声が見られました。 zakki,[],[]
「何もかも便利で良かった」 東京駅30分以内で“家賃相場が安い駅”第1位に「ゆったりした空気感でストレスゼロ」「商業施設が多くて住みやすい」（ねとらぼ）,https://news.yahoo.co.jp/articles/82cb1cd0747220133a7cc6fca22cc28a838fa99b,https://newsatcl-pctr.c.yimg.jp/t/amd-img/20260929-10170503-it_nlab-000-1-view.jpg?exp=10800,2026-09-29T21:50:00+09:00,2026-09-29T21:50:00+09:00,ねとらぼ,it_nlab,ねとらぼ,1151,画像：PIXTA（写真：ねとらぼ） 東京駅は国内最大級の交通拠点。東海道・東北・上越・北陸などの新幹線のほか、山手線や京浜東北線、中央線快速といった都市圏の主要路線も集中しているため、ビジネス・観光ともに利便性は抜群です。 【画像：ランキング15位～1位を見る】 今回は「【東京駅30分以内】「家賃相場が安い駅」ランキング」（2025年・SUUMOジャーナル調べ）の結果を紹介。同ランキングは、東京駅まで電車で30分以内に到着するエリアを対象に、沿線のシングル向け賃貸物件の家賃相場について調査したものです。またあわせて、SNSなどでの上位の駅周辺の住み心地に関する評判を紹介します。 数ある街の中で、家賃相場が安いのはどこだったのでしょうか。それでは結果を見ていきましょう！ （出典元：SUUMOジャーナル「【東京駅30分以内】家賃相場が安い駅ランキング2025年。1位＆2位は千葉県で注目の再開発エリア」） ●第2位：扇大橋（6.8万円） 第2位は、家賃相場が6.8万円で、2つの駅が対象でした。1つ目は「扇大橋」です。東京都足立区にある日暮里・舎人ライナーの駅で、東京駅までは日暮里駅での乗り換えを経て約30分。駅の近くには荒川が流れており、自然も豊か。周辺にはコンビニやスーパーが多数あり、日常生活の利便性も抜群です。また、公園も多く、緑の多い落ち着いた雰囲気のエリアとなっています。都内にありながらも、家賃が比較的安く、アクセスの良さが魅力的なエリアです。 SNSなどでは、「荒川が近いので、景色を楽しみながらランニングやサイクリングできました」「家賃安くて池袋・新宿に出やすい」「バスも通っててアクセスの面では優れてる」といった声がありました。 ●第2位：津田沼（6.8万円） 同率の第2位は「津田沼」でした。千葉県習志野市に位置する駅で、JR総武線快速と中央・総武線各駅停車が利用可能。また、徒歩圏内には京成松戸線の「新津田沼」駅もあります。JR総武線快速を利用すれば東京駅まで約30分でアクセスできるほか、千葉方面や成田空港方面への移動にも便利です。 駅周辺には「イオンモール津田沼 North」「イオンモール津田沼 South」などの商業施設があり、日々の買い物にも便利。また、新津田沼駅に直結する「ミーナ津田沼」は全面改装中で、2026年10月16日にリニューアルオープンを予定しています。都心へのアクセスと買い物の利便性を兼ね備えたエリアといえるでしょう。 SNSなどでは、「総武線沿いは強すぎる」「始発が多い、イオンモールとかの商業施設が充実してる、治安が比較的良い、駅ナカに店舗が充実してる」「千葉で一番住みやすい」「東京にもすぐ出れるので便利です！」といった声がありました。,[],[]
「お土産の中で一番評判が良かった」京都の“洋菓子”に絶賛の声　「パッケージも京都らしくて上品」「1個じゃ足りません」「神の食べ物ですからね」（ねとらぼ）,https://news.yahoo.co.jp/articles/c851b9792abc578cc7162d7dda7f45789416dbf5,https://newsatcl-pctr.c.yimg.jp/t/amd-img/20260929-10170564-it_nlab-000-1-view.jpg?exp=10800,2026-09-29T21:45:00+09:00,2026-09-29T21:45:00+09:00,ねとらぼ,it_nlab,ねとらぼ,1015,画像はイメージです（画像：写真AC）（写真：ねとらぼ） 京都土産として親しまれている抹茶スイーツの中でも、濃厚なお茶の風味を楽しみたい人に注目してほしいのが、マールブランシュの「お濃茶ラングドシャ 茶の菓」です。石臼碾きの宇治抹茶を使ったラングドシャと、ミルク感のあるホワイトチョコレートの組み合わせが特徴です。 【画像】マールブランシュ「お濃茶ラングドシャ 茶の菓」 本記事では、そんなマールブランシュの「お濃茶ラングドシャ 茶の菓」を紹介します。 ●マールブランシュ「お濃茶ラングドシャ 茶の菓」とは？ マールブランシュの「お濃茶ラングドシャ 茶の菓」は、2007年に誕生した京スイーツです。石臼びき一番茶100パーセントの宇治抹茶を使用し、色・味・香りを生かした「茶の菓」専用のお濃茶に仕立てています。繊細な口どけのラングドシャに、ミルク感豊かなオリジナルのホワイトチョコレートを挟んだ一品です。 ラングドシャの表面には「京」「茶」「菓」の3種類の焼印をあしらい、京都らしさを演出。アイボリーに金箔を取り入れた上品なパッケージや、茶畑を表現した専用包装紙も特徴で、自宅用はもちろん贈り物や京都土産にも選びやすい商品です。 公式オンラインショップでは、3枚入が税込570円、8枚入が税込1520円、24枚入が税込4560円など、幅広くラインアップ。自宅用やお土産など、用途に合わせて選べるのもうれしいですね。 ●SNSの声 SNSでは、「神の食べ物ですからね」「パッケージも京都らしくて上品」「お土産で買って行った中で一番評判が良かったです」「ホワイトチョコがしっかり甘いからコーヒーにぴったり」「京都で2番目に美味しいお菓子だと思ってる。1番は生茶の菓」「1個じゃ足りません」といった声がありました。 ●「姫千寿せんべい 有機抹茶（鼓月）」とは 京菓子處 鼓月の「姫千寿せんべい（有機抹茶）」は、看板菓子「千寿せんべい」を、子どもでも食べやすいひとくちサイズに仕立てたスイーツ。波打つサクサクの「ヴァッフェル」生地に、宇治抹茶を使用したクリームを挟んでいます。 ひと口目は軽やかに、後から抹茶のコクがふわりと残るような、和の余韻が魅力。京都府和束町で有機栽培された宇治抹茶を使い、抹茶ならではの深い味わいを楽しめます。重厚感のあるシックなグリーンのパッケージは、きちんとした手土産の場面にも合わせやすい印象です。 うすしお味,[],[]
「5個も買いました」　ノースフェイスの“ショルダーバッグ”が6820円→5247円　「小さいのに長財布も入る」「サイズも外ポケットもちょうど良い」（ねとらぼ）,https://news.yahoo.co.jp/articles/e57281c90a3af4d0d7590e1743dc586e7f2dffa5,https://newsatcl-pctr.c.yimg.jp/t/amd-img/20260929-10170566-it_nlab-000-1-view.jpg?exp=10800,2026-09-29T21:40:00+09:00,2026-09-29T21:40:00+09:00,ねとらぼ,it_nlab,ねとらぼ,1257,（画像：ねとらぼ）（写真：ねとらぼ） ザ・ノース・フェイスの“ショルダーバッグ”が、軽量で持ち運び安く、クッション性もあるためPC周辺機器や日常の必需品をまとめやすいと人気を集めています。ショルダーストラップを外せば、バッグインバッグとしても使えるのも魅力です。 【画像】ノースフェイスの“軽量ショルダーバッグ” 本記事ではそんなノースフェイスの「ジオフェイスポーチ NM32356」を紹介します。 ●ザ・ノース・フェイス「ジオフェイスポーチ NM32356」とは？ ザ・ノース・フェイス（THE NORTH FACE）の「ジオフェイスポーチ NM32356」は、クッション性のあるメインコンパートメントを備えたポーチで、ノートPC周辺機器やケーブル類の収納に便利です。内部にはメッシュポケットを配置し、小物の整理にも対応。トップにはグラブハンドルを搭載し、持ち運びもスムーズです。また、取り外し可能なショルダーストラップが付属しており、用途に応じて使い分けができます。 寸法は高さ18×横幅24.5×奥行き6.5センチとコンパクトながら、容量は約2リットル。重量は約135グラムと軽量設計なので、日常の持ち歩きはもちろん、出張や旅行時のサブ収納にも活躍するでしょう。公式サイトでの販売価格は税込6820円ですが、Amazonではブラックが23％オフの5247円で販売されています（2026年9月29日時点）。 ●購入者の声 Amazonなどでは、「長財布、モバイルバッテリー、ワイヤレスイヤホン、鍵など入ります」「ちょっとしたお出掛けや買い物にちょうど良い大きさです」「凄くコンパクトで持ちやすいです。見た目も可愛いしお出かけにはもうこれ一択」「小さいショルダータイプのバッグで、予想以上にお洒落で使い勝手が良くて大満足」「めっちゃ可愛い！使い勝手がいい！長財布も入ります！」「コンパクトだけどマチがしっかりあって意外と収納力あります」「素材にクッション性があるのでガジェットポーチとしても優秀」「合計で5個購入しました！」「サイズ、デザイン、外ポケット、全てがちょうど良い」「メインポケットの他に仕切りや小物ポケットがあり、整理整頓もしやすい」などの声が寄せられています。 ●モンベルの“折りたためるショルダーバッグ”もおすすめ モンベルの「L.W.ショルダーバッグ M」は、軽くて丈夫な素材を使ったシンプルなショルダーバッグです。重さは219グラムと軽量ながら、容量は14リットル。高さ30×幅46×奥行き14.5センチで、B4サイズの書類にも対応しています。本体には、ウレタンコーティングを施した100デニールのバリスティックナイロンを採用。使わないときはコンパクトに折り畳めるため、旅行先で荷物が増えたときのサブバッグにも便利です。カラーはブラック、ダークグリーン、ネイビー、ワインレッドの4色。価格は税込5200円で、公式サイトでは全カラー在庫ありとなっています（2026年9月29日時点）。 とらくろ,[],[]
「惜しみなく使えるこの量はとてもよかった」“5kg入り粉末洗剤”に「ガンコな汚れもすっきり落ちる」「作業着洗いには、いいです！」（ねとらぼ）,https://news.yahoo.co.jp/articles/ac41a865289c46c5fa45c75cb540c85d2e2ddbf3,https://newsatcl-pctr.c.yimg.jp/t/amd-img/20260929-10170508-it_nlab-000-1-view.jpg?exp=10800,2026-09-29T21:35:00+09:00,2026-09-29T21:35:00+09:00,ねとらぼ,it_nlab,ねとらぼ,865,画像はイメージです（画像：PIXTA）（写真：ねとらぼ） 洗濯の回数が多いと、洗剤の買い足しも増えがちです。大容量の洗剤を選ぶなら、量だけでなく使うときの溶けやすさや香りの好みも気になるところ。本記事では、トイレタリージャパンインクの「メガテック 大型洗剤 5kg」を紹介します。 【画像】惜しみなく使える“5kg入り粉末洗剤” ●トイレタリージャパンインク「メガテック 大型洗剤 5kg」とは 「メガテック 大型洗剤 5kg」は、1箱に5キロ入った粉末タイプの洗濯洗剤です。水30リットルに対して30グラムを使う場合、約165回分に相当する大容量。洗濯の回数が多い家庭で、買い足す頻度を考えながら選びたい商品です。 酵素や界面活性剤を配合した、細かな粒子の洗剤です。販売ページでは低温の水にも溶けやすい点を紹介していますが、レビューには溶け残りが気になるという声もあります。使用する水量に合わせて計量して使いたいですね。 Amazonでは、5キロ入り1個を税込1538円で販売しています（2026年9月29日時点）。商品を選ぶ際は、容量の違うタイプや複数個セットと区別して確認しましょう。 ●購入者の声 Amazonの購入者レビューでは、洗濯を2回まわすという人が「惜しみなく使えるこの量はとてもよかった」と投稿しています。洗剤の詰め替えを面倒に感じていた人で、2箱目も購入したそうです。別の人は「ガンコな汚れもすっきり落ちる」と評価していました。 作業服に使った人からは「作業着洗いにはいいです！」という声もあり、余計な香りがない点を気に入っています。また、「柔軟剤との相性も良くリピありです」と、柔軟剤との組み合わせに満足した人もいました。 ●花王「アタックZERO 大本体570グラム」もチェック 粉末の溶け残りが気になる人には、花王の液体洗剤「アタックZERO」も候補です。紹介するのは通常タイプの大本体570グラムで、香りはリーフィブリーズ。5キロの箱入り粉末と比べて、剤形や本体容器の大きさから選べます。 Plume,[],[]
「車を1時間走らせて買いに行きました」　ワークマンの“3500円しごできリュック”が大人気　「軽くて丈夫、雨もはじく」「ここまで荷物が入るのがすごい」「一目惚れでした」（ねとらぼ）,https://news.yahoo.co.jp/articles/dee898421c6fc271d031977abfa6c5b3e16adbc8,https://newsatcl-pctr.c.yimg.jp/t/amd-img/20260929-10170548-it_nlab-000-1-view.jpg?exp=10800,2026-09-29T21:30:00+09:00,2026-09-29T21:30:00+09:00,ねとらぼ,it_nlab,ねとらぼ,922,画像：ねとらぼリサーチ（写真：ねとらぼ） ワークマンの“3500円リュック”が、機能性の高さやシンプルなデザインなどから人気を集めています。リュック・トート・ショルダーの3通りで使えるのもうれしいポイントです。 【画像】ワークマンの“3500円しごできリュック” 今回はそんなワークマンの「しごできカバン 撥水防汚3WAYリュック」を見ていきましょう。 ●ワークマンの「しごできカバン 撥水防汚3WAYリュック」とは ワークマンの「しごできカバン 撥水防汚3WAYリュック」は、リュック・トート・ショルダーの3通りで使えるバッグです。水をはじきやすい撥水性と、汚れが付きにくい防汚加工を備え、日常使いに取り入れやすい仕様。全16ポケットを配置し、14インチまでのノートPCに対応するポケットや保冷保温ポケット、サイドポケットなどを備えています。A4サイズが収まるメイン収納はファスナー付き。取り外し可能なバッグインバッグはサコッシュとしても使えます。クッションショルダーやキャリーオン、底鋲、コードリールなど、細かな使い勝手にも配慮された設計です。 カラーはブラック、ピンクベージュ、ネイビー、アイボリーの4色展開です。品のあるデザインなので、仕事はもちろん、お出かけなどの用途にもぴったり。価格は3500円です。 ●購入者の声 公式サイトのレビューでは、「手提げ、ショルダー、リュックと持ち方を変えられるのがいい。表面もワークマンらしからぬ（？）ツヤがあってオシャレ」「一泊二日分の衣類と仕事の資料やノートを少し入れた状態で出張に使用しました。ここまで荷物が入るのがすごい」「ノートパソコンが入るので、在宅時などに持ち帰りが楽になりました。撥水なので雨の日も安心です」「一目惚れで1時間車走らせて買いに行きました」「ボトル飲料を入れるスペースや収納ポケットの数、位置がちょうど良い場所にあり使いやすい」「ジムや小旅行に最適です」「アイボリーの色がとても可愛い」「サコッシュになるポーチが便利で気に入りました」「ポケットが多くて、素材も軽くて丈夫、雨もはじく。良いところばかりで、絶対欲しかったので本当にうれしい」といった声が寄せられています。,[],[]
「はめていることを感じさせないくらい軽い」BABY-Gの“電波ソーラー腕時計”が好評　「カジュアルさの中に上品な感じもある」「ペアで購入しました！」の声（ねとらぼ）,https://news.yahoo.co.jp/articles/7dfd77cbf8068289da97f0d48294f5585efcbcb5,https://newsatcl-pctr.c.yimg.jp/t/amd-img/20260929-10170589-it_nlab-000-1-view.jpg?exp=10800,2026-09-29T21:25:00+09:00,2026-09-29T21:25:00+09:00,ねとらぼ,it_nlab,ねとらぼ,1052,画像：ねとらぼリサーチ（写真：ねとらぼ） BABY-G（ベビージー）は、CASIO（カシオ）が展開している腕時計ブランドの一つです。かわいいデザインと実用性の高さを両立したアイテムが豊富。ソーラー充電や電波受信などの便利な機能が好評を博しています。 【画像】BABY-Gの“電波ソーラー腕時計” 本記事では、そんなBABY-Gの腕時計「電波ソーラー BGA-2510」について紹介します。 ●BABY-G（ベビージー）「電波ソーラー BGA-2510」とは？ BABY-G（ベビージー）の「BGA-2510」は、大きめのフェイスと立体的なインデックスが目を引く電波ソーラーモデル。スポーティーな雰囲気がありつつ、文字盤が見やすく、普段使いしやすいデザインに仕上がっています。 機能面では、カシオ独自のソーラー充電システム「タフソーラー」を搭載。さらに、日本をはじめ世界6局の標準電波を受信して時刻を自動修正する「MULTIBAND6」に対応しており、日常的な時刻合わせの手間を減らせます。暗い場所でも文字盤を確認しやすいダブルLEDライトに加え、世界48都市の時刻を表示できるワールドタイム、フルオートカレンダー、タイマー、ストップウオッチなど、普段使いに便利な機能も充実しています。 耐衝撃構造と10気圧防水を備えているのもポイント。水仕事や水泳、スキンダイビングなどにも対応しており、日常からアクティブなシーンまで使いやすい一本です。カラー展開はブラウン、ベージュ、ネイビーなど。ケースのサイズは縦が約4.5センチ、横が約4.1センチ、厚さが約1.3センチです。公式サイトでは、税込2万3100円で販売されています。 ●購入した人のコメント Amazonや公式サイトのレビューでは、「カジュアルさの中に上品な感じもある」「ペアで購入しました！フェイスも大きくないのがちょうどいい感じです！」「とても可愛い商品でした。女性の腕にも大きすぎず、上品さがあり違和感なくつけれました。ジョギングをするので、タイムも計れてよかったです」「電波時計、太陽光、ストップウォッチやタイマー機能を使いたかったのでこの商品にしました」「以前から欲しかった時計です。ブルーにピンクの文字盤でかわいくもありカッコいい！ソーラーだし時間も正確だし大満足です！」「中学生の娘が使うので買いました。軽いし、大きさもちょうどいいと思います。色も素敵でした」「はめていることを感じさせないくらい軽いです」といった声が寄せられています。,[],[]
「カード類の落下防止バッチリ」レガートラルゴの“二つ折り財布”に「チャックで開きやすく質感も良い」「形がとても可愛いらしいです」の声（ねとらぼ）,https://news.yahoo.co.jp/articles/84491db772b72b9e2ae4921f9464086a1adadcb2,https://newsatcl-pctr.c.yimg.jp/t/amd-img/20260929-10170446-it_nlab-000-1-view.jpg?exp=10800,2026-09-29T21:20:00+09:00,2026-09-29T21:20:00+09:00,ねとらぼ,it_nlab,ねとらぼ,898,画像：Legato Largo公式サイト（写真：ねとらぼ） 小さなバッグで出かけたいとき、財布もすっきり収まるものを選びたいですよね。小銭を取り出しやすく、持ち歩くときはファスナーで閉じられる二つ折りタイプも選択肢の一つです。本記事では、レガートラルゴの「two-tone wallet 折財布」を紹介します。 【画像】レガートラルゴの“二つ折り財布” ●レガートラルゴ「two-tone wallet 折財布」とは レガートラルゴの「two-tone wallet 折財布」は、ファスナーテープと内側の配色を楽しめる二つ折り財布です。表面は凹凸のあるシボ感が特徴の合皮を使用し、金色の金属パーツがアクセントに。紹介するブラックは、外側の落ち着いた色合いと、明るいファスナーテープの組み合わせが印象的です。 内側には大きく開くコイン収納を備え、カード入れは2カ所。幅11×高さ9.5×マチ2センチ、重さは100グラムで、小さなバッグにも合わせやすいサイズです。素材はポリウレタン。カードを多く持つ人は必要な枚数を絞れるか、現金をよく使う人は紙幣や小銭の出し入れ方が合うかを考えて選びたいですね。 ●購入者の声 Amazonには、ファスナーで完全に閉じられることを「カード類の落下防止バッチリ」と評価する声がありました。使い始めてしばらくたった人からは、「コンパクトだけと容量はたっぷりで満足です」との感想も。誕生日プレゼントに選んだ人は「チャックで開きやすく質感も良いです」と投稿しています。SHOPLISTでは、箱型の小銭入れについて「小銭入れの形がとても可愛いらしいです」という声が見られました。 ●Card Pocketもチェック カードを中心に持ち歩くなら、ベルロイの「Card Pocket」も候補です。レザー製のファスナー付きミニ財布で、カード4～15枚程度と三つ折りにした紙幣を収納でき、内側には深さのあるコインポケットを備えています。幅は約10.3センチ、高さは約6.6センチ。ボックス型の小銭入れを重視するか、カードの収納を重視するかで、使い方に合うものを選べます。 Plume,[],[]
「ほかでは物足りなくなってしまう」　都民が欲しい“千葉県のお土産”1位に「10年以上、何度もリピート」「引き出物に77個購入」の声も（ねとらぼ）,https://news.yahoo.co.jp/articles/61e5883a1afc82880814a9a7a9414b1fbd8107eb,https://newsatcl-pctr.c.yimg.jp/t/amd-img/20260929-10170440-it_nlab-000-1-view.jpg?exp=10800,2026-09-29T21:15:00+09:00,2026-09-29T21:15:00+09:00,ねとらぼ,it_nlab,ねとらぼ,1123,画像：写真AC（写真：ねとらぼ） 首都圏に位置しながら豊かな自然や観光資源を有し、多くの観光客が訪れる千葉県。地域ならではの素材を使った銘菓や話題性のあるお菓子も多く、お土産として支持される商品も少なくありません。 【画像：「買ってきてほしい千葉県のお土産」ランキング18位～1位を見る】 そこで、ねとらぼでは、アンケートサイト「ボイスノート」の協力のもと、東京都在住者を対象に「買ってきてほしい千葉県のお土産」というテーマでアンケート調査を実施しました。 東京都に住む人から「買ってきてほしい」と支持を集めたのは、どのお土産だったのでしょうか。ランキングを見ていきましょう！ ●第1位：ぬれ煎餅（銚子電鉄） 同率での第1位となったのは、得票率9.8％で「ぬれ煎餅（銚子電鉄）」でした。「ぬれ煎餅」は、千葉県銚子市のローカル鉄道「銚子電鉄」が販売する人気商品。鉄道の収益減を補うために鉄道員が考案したという商品で、銚子電鉄の自社工場で毎日焼かれています。醤油タレがしみ込んでいて、しっとりとした食感が楽しめます。 「赤の濃い口味」や「青のうす口味」「緑の甘口味」「あまから味」など、バリエーションも豊富に用意。公式YouTubeでは、オーブントースターで温めたあとマヨネーズを塗り、七味唐辛子を振りかけるなどのアレンジレシピも紹介されています。 ●第1位：のこぎり山バウムクーヘン（見波亭） 同じく第1位となったのは「のこぎり山バウムクーヘン（見波亭）」でした。千葉県産の素材を使用し、焼き菓子などのスイーツを提供している「見波亭」の看板商品。「のこぎり山バウムクーヘン」は、熟練の職人が丁寧に焼きあげた、地元素材の濃厚な味わいを楽しめるバウムクーヘンです。しっかりとした食感と素材の良さがわかる逸品。 卵を卵黄と卵白に分け、別々にミックスした後に手作業で混ぜ合わせる本場ドイツの伝統製法「別立て法」を取り入れているところも特徴です。10年連続でモンドセレクション金賞に輝いているほか、さまざまなサイズが用意されているところも支持を集めたのではないでしょうか。 ●レビューをチェック 楽天市場では「もう10年以上、何度もリピートしています」「牛乳と卵味で最高にうまい」「甘さ控えめでスッキリした味。でもちゃんと香りもコクもあって、ついついもう一口食べたくなります。バウムクーヘンは好きではありませんが、これはすぐに無くなってしまいました」「見波亭のバウムを食べたら他のお店のバウムでは物足りなくなってしまいますのでご注意下さい」「結婚式の引き菓子として77個こ購入。ゲストからも美味しいと好評」といった声が寄せられています。 あおいあめ/センター,[],[]
「75259634個食べられる」　六花亭の“洋菓子”に「北海道に来たら絶対に買うんだ！」「ありえないくらいうまい」「いつも家族で取り合いになります」の声（ねとらぼ）,https://news.yahoo.co.jp/articles/2703e34995f79285f1c73250fadf6065187ffcb0,https://newsatcl-pctr.c.yimg.jp/t/amd-img/20260929-10170563-it_nlab-000-1-view.jpg?exp=10800,2026-09-29T21:10:00+09:00,2026-09-29T21:10:00+09:00,ねとらぼ,it_nlab,ねとらぼ,1013,画像はイメージです（画像：PIXTA）（写真：ねとらぼ） 六花亭といえば「マルセイバターサンド」を思い浮かべる人も多いかもしれませんが、実は根強いファンが多いお菓子が「霜だたみ」です。六花亭好きの間では“知っている人は選ぶ”実力派として親しまれており、お土産やお取り寄せでも人気を集めています。 【画像】六花亭の「霜だたみ」 本記事では、そんな六花亭の「霜だたみ」について紹介します。 ●六花亭の「霜だたみ」とは？ 六花亭の「霜だたみ」は、サクサクに焼き上げたチョコレートパイで、特製のモカホワイトチョコクリームをサンドしたお菓子です。六花亭では「食べるカプチーノ」と表現されており、コーヒーのような香りとパイの軽やかな食感を楽しめます。 名前の由来は、初霜が降りた朝の地面を踏みしめたときの「サクッ」とした音や感触。十勝平野に静かに訪れる冬をイメージして作られた、六花亭らしい情緒のあるお菓子です。繊細なパイ生地は軽く、ひと口食べるとサクサクッとほどけるような食感。そこにモカホワイトチョコクリームの甘さと香ばしさが重なり、ただ甘いだけではない大人っぽい味わいに仕上がっています。 5個入りの価格は税込880円。自分用のおやつにはもちろん、北海道らしさを感じられる手土産としても喜ばれそうです。 ●購入者の声 SNSなどでは、「天国のセブンイレブンの菓子コーナーにはこれがあるんだろうなというお菓子」「これはね！うまいですよ！！！」「75259634個食べられる」「サクサクのパイにコーヒークリームが絶妙でホットミルクと合わせたら大優勝」「ありえないくらいうまい」「数年前お祝いで六花亭詰め合わせセットを頂いた時に入っていて、その美味しさにびっくりしました」「北海道に来たら絶対に六花亭の霜だたみを買うんだ！」といった声が寄せられています。 ●福島の三万石「ままどおる」もおすすめ！ 三万石の「ままどおる」は、1946年に創業した、福島県郡山市に本店を構える和菓子店「三万石」が手がける焼き菓子で、同店を代表する名物として広く親しまれています。現在では福島県内の各地に店舗を展開しています。ままどおるは、バターの香り豊かな生地でミルク風味のあんを包み込んだ、優しい甘さの焼き菓子。長年にわたって多くの人に愛され続けている定番土産です。期間限定で販売されるチョコレート味の「チョコままどおる」も人気を集めています。 うすしお味,[],[]
「SMLサイズ混ぜて6個購入」　カインズの“積み重ねたまま開けられる収納ボックス”に「収納力バツグン」「どんな部屋にも合います」の声（ねとらぼ）,https://news.yahoo.co.jp/articles/cee984139920fbfc8e9688f8d7cacba146b2e727,https://newsatcl-pctr.c.yimg.jp/t/amd-img/20260929-10170577-it_nlab-000-1-view.jpg?exp=10800,2026-09-29T21:05:00+09:00,2026-09-29T21:05:00+09:00,ねとらぼ,it_nlab,ねとらぼ,921,画像：PIXTA（画像はイメージです）（写真：ねとらぼ） カインズの「インテリアキャリコ M」は、積み重ねて使える収納ボックスです。落ち着いた見た目で部屋になじみやすく、衣類や日用品などをすっきり整理したいときに活躍してくれます。 【画像】カインズの“積み重ねたまま開けられる収納ボックス” 本記事では、そんなカインズの「インテリアキャリコ M」について紹介します。 ●カインズの「インテリアキャリコ M」とは？ カインズの「インテリアキャリコ M」は、積み重ねて使える収納ボックス。「Carico（キャリコ）」はイタリア語で「積み重ねる」という意味で、限られたスペースでも収納場所を作りやすい便利なアイテムです。フタが開いた状態で止まるため、中身を出し入れしやすいのが特徴。また、積み重ねたままでも開閉できるため、収納したものを取り出すたびにボックスを動かす手間を減らせます。底面には前後に動くコロが付いており、中に物を入れたままでも移動しやすいのもうれしいポイントです。 Mサイズの収納目安は、Yシャツなら10枚、バスタオルなら6枚ほど。衣類やタオル、日用品などの整理に使いやすく、リビングや洗面所、子ども部屋など、家のさまざまな場所で活躍してくれそうです。シンプルなデザインで、ホワイトやブラウン、グレー、イエローなどカラー展開も豊富。部屋の雰囲気に合わせて選びやすいのも魅力です。 サイズは幅約44センチ、奥行き約38.5センチ、高さ約31センチ。素材はポリプロピレンで、天板耐荷重は約8キロ、キャスター耐荷重は約12キロです。価格は税込1980円です。 ●購入者の声 公式サイトのレビューでは、「可愛いくて、収納力バツグン」「SMLサイズ混ぜて6個購入」「コロンと可愛いフォルムですっきり収納できます」「とても使いやすく気に入ったのでまた買いに行きます」「どんな部屋にも合います。和室・洋間いずれの部屋にもマッチして違和感なし」「5才の孫に4個購入。おもちゃを分別して収納できるようになり、苦手だった片付けが出来て購入して良かった」「軽くて子供でも好きにレイアウトをかえられるので楽しく整理が出来そう」といった声が寄せられています。,[],[]
「汎用性が高く困ったらこれを選べる」　GUの“1990円スウェットパンツ”が大好評　「この値段でこの着心地はとても良い」「秋にピッタリの生地です」（ねとらぼ）,https://news.yahoo.co.jp/articles/7d43137e18f5b1cd67881494c3f7c9d758255906,https://newsatcl-pctr.c.yimg.jp/t/amd-img/20260929-10170524-it_nlab-000-1-view.jpg?exp=10800,2026-09-29T21:00:00+09:00,2026-09-29T21:00:00+09:00,ねとらぼ,it_nlab,ねとらぼ,889,（画像：ねとらぼ）（写真：ねとらぼ） GUから販売されている「スウェットジョガーパンツ」が、厚すぎず薄すぎないちょうどいい生地感で秋でも履きやすく、裏毛素材で履き心地もいい上、ルームウェアとしてもワンマイルウェアとしても使いやすいと高評価を集めています。 【画像】GUの“1990円スウェットパンツ” 本記事では、「スウェットジョガーパンツ」について紹介します！ ●「スウェットジョガーパンツ」とは？ GUの「スウェットジョガーパンツ」は、やわらかな裏毛素材を使用した、快適な履き心地が魅力のスウェットパンツ。シルエットは、外出時にはもちろん自宅などでのリラックスシーンにも取り入れやすいワイドテーパード仕様で、ゆったりとした印象ながらすっきりとした着こなしを楽しめます。ウエストは前紐でフィット感を調整できるイージー仕様になっているのもポイント。好みや体形に合わせて調節しやすく、気軽にはける一着です。また、股下の長さが異なる丈長めタイプも用意されています。カラーは5種類、価格は1990円で販売されています。 GU公式サイトのレビューでは、「とにかく履きやすい！」「この値段でこの着心地はとても良い」「秋にピッタリの生地です」「太すぎないゆったりシルエット」「汎用性が高く困ったらこれを選べる」といった声が上がっていました。 ●ワークマンのメディヒールパンツもルームウェアにおすすめ！ ワークマンの「メディヒール(R)ルームパイルロングパンツ」は、ルームウェアやリラックスウェアにぴったりのロングパンツ。ふんわりとしたソフトなパイル地が体を優しく包み込み、ウエストはゴムと紐で調整できるため、楽に履くことができます。一般医療機器として届け出た「MEDIHEAL」のウェアで、繊維に練り込まれたセラミックスが体から放出される遠赤外線を輻射し、血行促進や疲労回復、筋肉のハリ・コリの緩和をサポートするとされています。同様の生地を使用した、メディヒール(R)ルームパイル長袖クルーネックを合わせて着用するのもおすすめ。カラーは3種類、価格は1900円で販売されています。 月夜に米,[],[]
79歳母のために、娘がJAで購入したのは……　“まさかのプレゼント”に「キレイ!!」「300円には見えない」（ねとらぼ）,https://news.yahoo.co.jp/articles/8cec0a73d4be7a11c13b3f0769bbd0201ceb4270,https://newsatcl-pctr.c.yimg.jp/t/amd-img/20260929-10170285-it_nlab-000-1-view.jpg?exp=10800,2026-09-29T21:00:00+09:00,2026-09-29T21:00:00+09:00,ねとらぼ,it_nlab,ねとらぼ,567,娘がプレゼントしたのは……（写真：ねとらぼ） 娘が母のために買った“色鮮やかなプレゼント”がThreadsで話題です。投稿は、「かわいい」「ステキです」などの反響を集めています。 【画像】まさかのプレゼント ●79歳の母に、近所のJAで購入したのは…… Threadsユーザーのnight_bear4653（@night_bear4653）さんが、79歳の母のために近所のJA（農業協同組合）で購入したのは、色とりどりの野花です！ 濃いピンクや淡い紫、黄色など色も形もさまざまな花と葉が組み合わさり、鮮やかで目を引きます。ちなみに価格は、150円の束が2つでたったの300円！ 安い……。 母は、花を白い花瓶に生けてくれました。広がりが出るように飾られた花は、より一層華々しい印象に。野花そのものの美しさと、生け方のセンスが相まってさらに素晴らしくなりました。 ●「センスいいブーケ」「300円???」と反響 投稿は、「キレイ!!」「色鮮やかでかわいいお花です。センスいいブーケ」「うわあ もりもり、生き生きすごい」「私も買いたい」「300円??? ステキです」「300円には見えないボリュームです。買い物上手ですね」といった声が寄せられています。 画像提供：night_bear4653（@night_bear4653）さん 河原木,[],[]
「とても美味しくて最高です」　買ってきてほしい“佐賀県のお土産”1位に「口に入れるととろける」「器が想像以上に可愛い」の声（ねとらぼ）,https://news.yahoo.co.jp/articles/ae573ecffa034169a4cfadf3500a1194cae6e9bf,https://newsatcl-pctr.c.yimg.jp/t/amd-img/20260929-10170576-it_nlab-000-1-view.jpg?exp=10800,2026-09-29T20:50:00+09:00,2026-09-29T20:50:00+09:00,ねとらぼ,it_nlab,ねとらぼ,906,画像はイメージです（画像：写真AC）（写真：ねとらぼ） 九州地方北西部に位置し、10市・10町で構成される佐賀県。県内には、特産物を生かしたスイーツや老舗店の銘菓など、さまざまなお土産が販売されています。 【画像】買ってきてほしい“佐賀県のお土産”第1位 ねとらぼでは、アンケートサイト「ボイスノート」の協力のもと、「買ってきてほしい佐賀県のお土産（お菓子・スイーツ）はどれ？」というテーマでアンケートを実施し、ランキングを作成しました。 多くの人から「買ってきてほしい」と人気を集めた佐賀県のお土産はどれだったのでしょうか。さっそくランキングを見ていきましょう！ ●第2位：ブラックモンブラン（竹下製菓） 第2位は、「ブラックモンブラン」でした。ブラックモンブランは、小城市に本社を置く竹下製菓が手がける看板商品。3代目社長がアルプス山脈の最高峰・モンブランを眺めたときに、「この真っ白い雪山にチョコレートをかけて食べたらさぞおいしいだろう」と思ったことから商品化されたそうです。 こだわりのバニラアイスに、ザクザクした食感のクッキークランチとチョコレートをコーティング。半世紀以上にわたって親しまれているロングセラー商品のブラックモンブランが、お土産としても人気のようです。 ●第1位：有田焼チーズケーキ（プレアデス） 第1位は、「有田焼チーズケーキ」でした。有田町に本社・工場を置くプレアデスが手がける有田焼チーズケーキは、町おこしのお土産として生まれた商品で、有田焼の器に入れて焼き上げているのが特徴です。 原材料にはクリームチーズやバター、佐賀県産の卵など、厳選した素材を使用し、まろやかでとろけるような食感が魅力。また、チーズケーキが入った有田焼の器はデザインが豊富で、食べ終わった後も器として楽しめます。 SNSでは「有田焼チーズケーキはとても美味しくて最高です」「有田焼の器が想像以上に可愛い」「外側はふわふわ中心側はとろとろのコントラストが美味しい！」「スプーンを入れるとフワッとやわらかく、口に入れるととろけます。濃厚で美味しいチーズケーキでした」といった声が寄せられています。 shuhei,[],[]
ミッキーマウス「僕を信じて！」　東京ディズニーランドの新規ショーがついに開幕（ねとらぼ）,https://news.yahoo.co.jp/articles/ced65242e28f8d21d0cdd8b34aba9d983de740e8,https://newsatcl-pctr.c.yimg.jp/t/amd-img/20260929-10170597-it_nlab-000-5-view.jpg?exp=10800,2026-09-29T20:48:00+09:00,2026-09-29T22:28:29+09:00,ねとらぼ,it_nlab,ねとらぼ,1623,30日スタートの新しいショーで会場を沸かせるミッキーマウス（写真：ねとらぼ） 2026年9月30日、東京ディズニーランドのトゥモローランドにある「ショーベース」にて、新しいエンターテイメントプログラム「The D-Groovationz4 Live: Happy! Funky! Groovy! Tour」（ザ・ディーグルーヴェーションズフォー・ライブ：ハッピー！ファンキー！グルーヴィ！ツアー）がスタートします。ねとらぼ編集部は、開幕前日の29日に行われたプレビュー公演を取材しました。 【画像15枚】ショーの全貌 「The D-Groovationz4 Live: Happy! Funky! Groovy! Tour」は、男女4人からなるスーパーボーカル＆ダンスグループ「The D-Groovationz4（ザ・ディーグルーヴェーションズフォー）」による生歌唱や、多数登場するダンサーたちのパワフルなパフォーマンスが楽しめるステージショーです。 大まかな内容は、音楽の素晴らしさを伝え、音楽によって全員が一つになるために「The D-Groovationz4」がライブを開催し、ミッキーマウスをはじめとするディズニーの仲間たちと一緒にエキサイティングなステージを繰り広げる……というもの。「The D-Groovationz4」とディズニーの仲間たちが、耳なじみのあるディズニーソングを斬新なアレンジで披露したり、このショーだけのオリジナルソングを歌いあげたりと、迫力満点なパフォーマンスでゲストを魅了します。 登場するディズニーキャラクターは、ミッキーマウス、ミニーマウス、ドナルドダック、グーフィー、『シュガー・ラッシュ』のヴァネロペ、『ベイマックス』のベイマックスです。なお、東京ディズニーリゾートのステージショーにヴァネロペとベイマックスが登場するのは初めてのことです。 また、ステージ奥に設置された大型モニターには『アナと雪の女王』や『ズートピア』、『トイ・ストーリー3』、『ピノキオ』や『私ときどきレッサーパンダ』など、新旧のディズニー作品やディズニー・ピクサー作品のワンシーンが映し出される場面がありました。 ショーに登場するキャラクターには、それぞれに“見せ場”がしっかりと用意されています。ヴァネロペとミニーマウスが大型モニターを使って『シュガー・ラッシュ』さながらのレースを繰り広げたり、突然ミッキーマウスにスポットライトが当たって「カモン、ベイベー！」「僕を信じて！」と決めゼリフを言って会場をあおったりするたびに、大きな歓声が上がっていました。 ショー中盤には、ベイマックスがドナルド、グーフィーとともにライブを盛り上げ、ゲストを巻き込む“参加型”の演出も。手持ちのタオルやハンカチを振り回すことで、まるで音楽フェスでライブを楽しんでいるかのような気分を味わえます。 また、ショー終盤にはパフォーマーがキャノンを持って客席に向けてテープを発射したり、全キャラクターが勢ぞろいするグランドフィナーレでステージ上からテープが吹き出したりと、華やかでライブ感たっぷりな演出も用意されており、会場は大いに盛り上がっていました。 9月30日にスタートするこのエンターテイメントプログラムを鑑賞するには、東京ディズニーリゾート・アプリを使用したエントリーが必要です。当日のエントリー受付状況は、アプリから確認できます。 また、エントリー受付対象の鑑賞席に加えて、有料サービス「ディズニー・プレミアアクセス」（1回2500円）、公式宿泊プラン「東京ディズニーリゾート・バケーションパッケージ」のショー鑑賞券予約者専用席、東京ディズニーリゾートの公式パークファンクラブ「ファンダフル・ディズニー」会員対象の鑑賞席が設けられています。鑑賞方法の詳細は、東京ディズニーランドの公式サイトで確認できます。 (C) Disney ちゃすこ,[],[]
築55年、家賃3万8000円の2DK賃貸→愛猫と暮らす部屋をのぞいてみると……「モデルルームみたい」「値段じゃない」（ねとらぼ）,https://news.yahoo.co.jp/articles/4beee70dc54c814e918949f9e60deaf0c675c071,https://newsatcl-pctr.c.yimg.jp/t/amd-img/20260929-10170199-it_nlab-000-1-view.jpg?exp=10800,2026-09-29T20:45:00+09:00,2026-09-29T20:45:00+09:00,ねとらぼ,it_nlab,ねとらぼ,904,築55年、家賃3万8000円のお部屋をのぞくと……（写真：ねとらぼ） 築55年＆家賃3万8000円の2DK賃貸をのぞいてみると……。「素敵なお部屋ですね」「築55年なのにモデルルームみたいでステキ」などの反響が寄せられました。投稿は記事執筆時点で30万回以上表示され、9500件以上の“いいね”を獲得しています。 画像を投稿したのは、Threadsユーザーの「Sono」（@sonoroom_）さん。夫妻と愛猫2匹で暮らしており、普段から“築古でも居心地がいいお部屋”の写真を投稿しています。 【画像】驚きの空間 Sonoさん夫妻が暮らすのは、築55年＆家賃3万8000円の賃貸です。元々は引き戸で仕切られた2DKの間取りでしたが、レイアウトが特殊で使いづらさを感じていたのだとか。そこで、日当たりと風通しの良さを生かした開放感のある部屋にするために、思い切って引き戸を外すことにしたそうです。大胆な発想で作り上げた、“なんちゃって1LDK”を見てみましょう。 部屋の広さは36平米と以前に住んでいた家よりも狭くなったそうですが、引き戸を外したことで驚きの開放感が実現。ホワイトの壁やグレージュ系の床材は清潔感があり、築古感が全くありません。キッチン前に置かれたダイニングテーブルは、愛猫たちのくつろぎスポットになっているのか、机に乗って大きなあくびをする姿も捉えられています。 家具やキャットタワーがナチュラル系で統一された心地の良い空間で、麻編みのペンダントライトがお部屋のシンボルとして存在感を放っています。“築55年＆家賃3万8000円”という条件だけを聞いて想像する部屋とは、良い意味で大きなギャップがありますね。これはセンス抜群！ この投稿に対し、Threadsでは「あまりの優良物件に驚いてしまいました。めっちゃ住み心地良さそうなお家」「センスがあれば築年数なんて関係無いですね」「素敵なお部屋です。 値段じゃないことの証明ですね！」「きれい過ぎる！ こんなお部屋にしたーい！」「豊かな暮らしってこういうこと」などの声が寄せられました。 画像提供：Sono（@sonoroom_）さん 深戸進路,[],[]
「カード10枚入れても◎」　カルバン・クラインの“二つ折り財布”に「手触りが良く持ちやすい」「耐久性も抜群」の声（ねとらぼ）,https://news.yahoo.co.jp/articles/b44870a66b72c8e04f1b8a0b276b64f1992f70c0,https://newsatcl-pctr.c.yimg.jp/t/amd-img/20260929-10170432-it_nlab-000-1-view.jpg?exp=10800,2026-09-29T20:40:00+09:00,2026-09-29T20:40:00+09:00,ねとらぼ,it_nlab,ねとらぼ,1221,画像：Calvin Klein 公式サイト（写真：ねとらぼ） Calvin Klein（カルバン・クライン）は、ニューヨークで創設されたファッションブランドです。商品の種類はアパレルやシューズ、バッグなど多彩。高級感のあるデザインで、機能性を兼ね備えた財布もリリースされています。 【画像】カルバン・クラインの“二つ折り財布” 本記事では、そんなCalvin Kleinの財布「Billfold With Coin Pocket」について紹介します。 ●Calvin Klein（カルバン・クライン）「Billfold With Coin Pocket」とは？ Calvin Klein（カルバン・クライン）の「Billfold With Coin Pocket」は、レザー素材を使ったメンズの二つ折り財布です。小さな凹凸がある革に、ワンポイントのブランドロゴが映えるデザイン。開いた状態で、左側に三つのカードポケット、右側にスナップボタン式の小銭入れがあります。札入れは二つあり、お札とレシートを分けられる他、お札の種類による分類も可能です。カードポケットのほかにもポケットを備えており、カードやレシートなどの整理に活用できます。 カラーは落ち着いた印象のブラック。サイズは縦が約9.5センチ、横が約11センチです。Amazonでは、税込6599円で販売されています（2026年9月29日時点）。 ●購入した人のコメント Amazonのレビューでは、「皮の質が硬すぎず柔らかすぎずちょうどいいぐらいです」「2年ほど使ってますが、値段の割にオシャレで耐久性も抜群です。パッと見では、それなりの値段の財布にしか見えないのでオススメです。カードも10枚程入れてますがさほどかさばりません」「シンプルな2つ折り、収納力もちょうどいい。コスパも良し」「シンプルで気に入りました」「カルバンクラインの財布が欲しく購入しました。お札を入れるところのカルバンクラインの字がかっこいいです」「手触りが、良くコンパクトで、持ち易いです」「ポケットにちょうどいい」「革の感じもいいし、それなりにカードも入るのでいいと思います。主人のプレゼントに購入しました。主人も気に入っています」「上品なロゴがよかったです」といった声が寄せられています。 ●キタムラ「二折財布 YH0210」も人気 キタムラの「二折財布 YH0210」は、シボ感となめらかな手触りを持つシュリンクレザーの財布。大きめのステッチと刺繍のKマークがアクセントになっています。サイズは縦10×横11×マチ4センチ、重さは100グラムです。 小銭入れはスナップボタン式で、内部が2層に分かれたつくり。仕切り部分もポケットとして使えます。カード段は5つ、内ポケットは4つ備え、札入れにも仕切りがあります。 公式オンラインショップでは2万3000円で販売しています。（2026年9月29日時点） しゅいわ,[],[]
ディズニーのレストランから撮った写真を見返すと……「これ地味にミッキーの形？？？」　まさかの光景に「すごい！」「見てみたい」（ねとらぼ）,https://news.yahoo.co.jp/articles/4e3751b4f6553d5db5b71296ce9758701eefc9ab,https://newsatcl-pctr.c.yimg.jp/t/amd-img/20260929-10170324-it_nlab-000-1-view.jpg?exp=10800,2026-09-29T20:30:00+09:00,2026-09-29T20:30:00+09:00,ねとらぼ,it_nlab,ねとらぼ,914,"ホテルミラコスタ内のレストランから撮れたのは……（写真：ねとらぼ） 東京ディズニーシーのレストランから見つけた、意外な場所の「隠れミッキー」がThreadsに報告されて話題です。 【画像】まさかの光景 ●これってもしかしてミッキー？ 投稿したのは「遠方ディズニーを楽しむ田舎民」（@disney626_69）さん。年数回のディズニーリゾート来園を楽しみにしている、ディズニー大好きなThreadsユーザーです。 話題になったのは、思わぬところにあった「隠れミッキー」。なんと東京ディズニーシーの中央にそびえるプロメテウス火山から、ミッキーマウスの形をした炎が上がっていたのでした。これって偶然？ ●プロメテウス火山から炎の隠れミッキー ミッキーマウスのような炎が撮れたのは、東京ディズニーシー・ホテルミラコスタ内にあるレストラン「オチェーアノ」で食事をしていたときです。メディテレーニアンハーバーで行われていたショーの最中に起きた、噴火の演出を撮影したら偶然撮れていたとのこと。肉眼で見た時は分かりませんでしたが、撮影した写真を見返していたら、隠れミッキーの可能性に気がついたそうです。確かに炎の形がミッキーマウスに見えますね！ ディズニーリゾートのそこかしこにはミッキーマウスのシルエットに見えるデザインやマークが""隠れミッキー""として仕組まれていますが、影や汚れがミッキーマウスのように見える、偶発的な隠れミッキーも目撃されています。プロメテウス火山の噴火演出で隠れミッキーと思われる炎がたまに報告されていますが、意図的なものか偶発的なものかは分かりません。いずれにしても、一瞬しか現れない隠れミッキーに出会えたのは運が良かったですね！ ●「すごい！」「見てみたい」と反響 投稿には「え！ すごい！」「おぉ、ミッキーですね」「次に行けたとき見てみたい」「そのように見えますね」「一応、風がないと隠れてミッキーになるみたいです！ 自分がいつも見る時は風があるので生で見た事がありません」など、偶然撮影された写真に反響が寄せられています。 画像提供：遠方ディズニーを楽しむ田舎民（@disney626_69）さん きんじょうめぐ",[],[]
「もっと早く購入すればよかったです」キタムラの“本革バッグ”に「小ぶりに見えて、たくさん入ります」「入れる物の量や服に合わせてカバンの形が変えられる」（ねとらぼ）,https://news.yahoo.co.jp/articles/b79b45bf33a81c2fe427d5a2ff6d26532580dd62,https://newsatcl-pctr.c.yimg.jp/t/amd-img/20260929-10170445-it_nlab-000-1-view.jpg?exp=10800,2026-09-29T20:30:00+09:00,2026-09-29T20:30:00+09:00,ねとらぼ,it_nlab,ねとらぼ,736,ねとらぼリサーチ（写真：ねとらぼ） 普段のお出かけにも、少しきちんとした服装にも合わせられる革のバッグ。見た目は小ぶりでも、必要な荷物を入れやすいと便利です。本記事では、キタムラの「ハンドバッグ Z-0598」を紹介します。 【画像】キタムラの“本革バッグ” ●キタムラ「ハンドバッグ Z-0598」とは キタムラの「ハンドバッグ Z-0598」は、軽くやわらかなシュリンクレザーを使ったバッグです。シンプルな本体に、Kマークの刺しゅうが入ったキーリングが付属。キーリングは取り外して、内側のDカンに付けることもできます。 内側のベルトでフォルムを変えられ、広げた状態ではB5サイズを収納できます。口はマグネット式で、内ポケットは2つ。重さは約370グラムで、旅行の荷物に平たく畳んで入れられる気軽さも魅力です。素材は牛革で、裏地はレーヨン。Amazonでは、ブラックを税込2万円で販売しています（2026年9月29日時点）。 ●購入者の声 楽天市場の購入者レビューには、「もっと早く購入すればよかったです」という感想がありました。収納については「小ぶりに見えて、たくさん入ります」との声も。「入れる物の量や服に合わせてカバンの形が変えられる」ため、使う頻度が増えたという人もいます。また、「軽くてマチが広いので使いやすい」と評価した人は、革の傷の付きにくさや持ち手にも満足したようです。 ●フルラ「CLASSIC M DOME」もチェック 口をファスナーで閉めたい人は、フルラの「CLASSIC M DOME」も候補です。外側と内側にファスナーポケットがあり、取り外しできるショルダーストラップも付属。手提げと肩掛けを使い分けたい場合に比較したいバッグです。 Plume,[],[]
孫に会いに来た英国人おじいちゃん→持ってきたお土産を見ると……　目を疑うプレゼントに「素敵…！」「サンタクロースみたい」（ねとらぼ）,https://news.yahoo.co.jp/articles/9909d16384e0c503db82d0864edd2953f283785e,https://newsatcl-pctr.c.yimg.jp/t/amd-img/20260929-10170185-it_nlab-000-1-view.jpg?exp=10800,2026-09-29T20:30:00+09:00,2026-09-29T20:30:00+09:00,ねとらぼ,it_nlab,ねとらぼ,1119,祖父からのお土産は（写真：ねとらぼ） 義父がイギリスから持ってきてくれたものがThreadsで話題に。子ども部屋を彩るすてきなプレゼントが注目され、投稿は記事執筆現在までに14万回以上表示されるとともに、6300件以上の「いいね！」を集めています。 【画像】プレゼントを見る ●日本とオランダの2拠点生活 投稿者は、Threadsユーザーの「yuka」（@yuka__bloem）さん。イギリス人の夫と国際結婚しており、日本とオランダの2拠点で生活するママさんです。日々の暮らしやヨーロッパで訪れた場所、インテリアなどを投稿しています。今回話題を呼んだのは、イギリスからやってきたお義父さんが子どもたちにプレゼントしてくれたものです。 ●たくさんの絵本を持ってきてくれた イギリスからやってきたお義父さんが持ってきてくれたのは……大量の絵本でした！ 『ピノキオ』や『ピーター・パン』『バンビ』『わんわん物語』『ライオンキング』『アラジン』『シンデレラ』『ターザン』『美女と野獣』『白雪姫』など往年のディズニーの名作に加え、『トイ・ストーリー4』『ズートピア』など現代の人気作品の絵本が合計23も並んでいます。公開された写真では、お義父さんがテーブルに並べていく絵本を、4歳の娘ちゃんが興味深そうに眺めています。 実はお義父さんは、孫たちのために毎日さまざまなリサイクルショップや本屋さんを巡って絵本を買い揃えてくれたそうです。また、yukaさん宅を訪れる際には、荷物に入れる自分の服を減らし、その分、絵本を詰めてきてくれたとのことです。プレゼントの絵本は子ども部屋の本棚に並べてカラフルなインテリアに。yukaさんは、まるでレインボーのように並んだ美しい背表紙について「見るたびに義父の愛と優しさを思い出す」とコメントしています。 ●義父の愛に感動の声 この投稿には、「サンタクロースみたいな人で可愛い」「お義父さま素敵…！」「めちゃくちゃ素敵ですね」など、お義父さんの人柄を称賛する声が寄せられていました。また、「重かったでしょうに どこにいても、何でも手に入る時代だけど、やっぱり直接もらうのは嬉しい」「エモいってこういう時に使うんだな思いました 素敵」「重かったでしょうけれど、お孫さんの喜ぶ顔を見たくて一生懸命運んだのでしょうね お孫さん、幸せですね」など、お義父さんの愛情に感動する声もあがっています。 さらに、「わぁ～羨ましい！」「英語の勉強にもなるからええ教材貰ったね」「リトルゴールデンブックスだあ〜」など、すてきな絵本そのものに注目する声なども見られました。 画像提供：yuka（@yuka__bloem）さん 川上酒乃,[],[]
コストコで“2キロの豚こま肉”を購入→5日間の夕食を作ると……　飽きずに楽しむレシピに「目から鱗」「真似させて頂きます」（ねとらぼ）,https://news.yahoo.co.jp/articles/aa1df6bf86572db77687cdda0cf2bc22f5bda507,https://newsatcl-pctr.c.yimg.jp/t/amd-img/20260929-10170189-it_nlab-000-1-view.jpg?exp=10800,2026-09-29T20:15:00+09:00,2026-09-29T20:15:00+09:00,ねとらぼ,it_nlab,ねとらぼ,940,たくさんの豚こま肉（写真：ねとらぼ） 大容量パックの豚こま肉を使った5日間のレシピを紹介した動画が、YouTubeで話題です。投稿は記事執筆時点で17万回以上再生され、2000件以上の“高評価”を獲得しています。 【画像】豚こま肉で作った料理 ●2キロの豚こま肉を5日間の夕食に 動画を投稿したのは、YouTubeチャンネル「TastyTime」（@TastyTimeJapan）さん。簡単レシピやキッチンの愛用品、コストコで購入した食材紹介など、日々のごはん作りに役立つ動画を発信しています。 今回話題を呼んでいるのは、コストコで購入した2キロの豚こま肉を、5日分の夕食に活用する様子を紹介した動画です。定番の生姜焼きから唐揚げ風のおかずまで、毎日の献立の参考になりそうな料理が続々と登場します。 ●小分け保存してから調理スタート まずは調理を始める前に、大容量の豚こま肉を使いやすい量に分けていきます。オーブンペーパーやラップで包んで小分けにして、2～3日で使う分は冷蔵庫へ、残りは冷凍庫へ保存しました。 初日に作ったのは、TastyTimeさん宅で定番だという豚こまの生姜焼き。薄力粉をまぶした肉を焼き、しょうゆや酒、生姜、ニンニクなどを合わせたたれで味付けします。肉を柔らかく仕上げるため、たれに少量のはちみつを加えるのがTastyTimeさんのこだわり。こうして、ニンニクの風味でごはんが進む一品が完成しました。 ●心も体もほっとする簡単おかず 2日目のおかずは、豚こまと切り干し大根の煮物です。切り干し大根は水で戻さず、さっと洗うだけ。豚こま肉やニンジンと一緒にごま油で炒め、めんつゆを加えて汁気が少なくなるまで煮詰めます。こんがり焼いたハラスも食卓に並べると、前日のこってりした生姜焼きから一転、ほっとする夕飯の完成です。 3日目に登場したのは、豚こまとキャベツの塩こうじ蒸し。塩こうじをもみ込んだ肉と、大きめにちぎったキャベツをせいろに重ね、じっくりと蒸していきます。せいろがない場合は、フライパンで蒸し焼きにしても作れるそうです。 蒸したキャベツは甘みが増し、豚こま肉もしっとりとした仕上がりに。蒸すだけで出来上がるため、夕飯づくりの気持ちも軽くなるといいます。,[],[]
「6個購入しました」　サーモスの“フードコンテナ”が大好評　「フタが丈夫でヘタらない」「油汚れも落としやすいです」（ねとらぼ）,https://news.yahoo.co.jp/articles/0d233d597c6f4a9ac4016d25b9add801b1944d93,https://newsatcl-pctr.c.yimg.jp/t/amd-img/20260929-10170489-it_nlab-000-1-view.jpg?exp=10800,2026-09-29T20:15:00+09:00,2026-09-29T20:15:00+09:00,ねとらぼ,it_nlab,ねとらぼ,917,（画像：ねとらぼ）（写真：ねとらぼ） THERMOS（サーモス）の“角型保存容器”が、作り置きや毎日のお弁当に便利なアイテムとして人気を集めています。フタをしたまま温められ、冷蔵や冷凍にも対応しているため、保存から食事までの手間を減らせるのも便利。 【画像】サーモスの“フードコンテナ” 本記事では、そんなサーモスの「Myフードコンテナー 角型」について紹介します！ ●「Myフードコンテナー 角型」とは サーモスの「Myフードコンテナー 角型」は、冷蔵・冷凍保存から電子レンジでの加熱まで対応する保存容器。パッキン一体型の蒸気弁を備え、蒸気弁を開ければフタをしたまま電子レンジで温められるのが特徴です。食洗機にも対応し、本体は中身を確認しやすい半透明タイプ。使わないときは重ねてコンパクトに収納できます。容量は380・600・800・1500ミリリットルの4種類、公式サイトでは550〜1210円で販売されています。 Amazonのレビューでは、「同じ容器を5個買って、週末にお弁当を作って冷凍します」「6個購入しました」「サイズ違いで、リピしました」「毎日サボらず洗えます」「フタをしたままチンできてとても楽ですし、洗うのも簡単」「重ねて収納でき、省スペースで保管できて便利です」「油汚れも落としやすいです」「フタが丈夫でヘタらない」といった声が寄せられています。 ●iwakiの耐熱ガラス保存容器もおすすめ！ イワキの「パック＆レンジ」は、発売から30年以上愛され続けているロングセラーアイテム。耐熱ガラス製の容器に、耐熱温度140度のポリプロピレン製のフタがついています。ガラス容器はオーブン・食洗器の使用ができ、冷凍・電子レンジ加熱はフタをしたままでOK。下準備から保存・温め直しまでこれ1つで対応できる便利アイテムです。サイズは、小鉢にもちょうどいい200ミリ・ご飯2膳分が保存できる450ミリ・作りおきに便利な500ミリ・サラダや煮物がキレイに収まる800ミリ・汁物も入れやすい1リットル・大容量でオーブン調理に重宝する1.2リットルの6種類。サイズ違いの容器も重ねて収納できるので場所を取らないのも魅力です。 月夜に米,[],[]
「これが一番美味しいなーと思う」　“スープも飲み干しちゃう袋麺”上位に「保存食としても便利」「箱買いしました」「お湯を注ぐだけで食べられる」の声（ねとらぼ）,https://news.yahoo.co.jp/articles/3e215414fafccb3f400bffa2c7d5dbaae423d0ee,https://newsatcl-pctr.c.yimg.jp/t/amd-img/20260929-10170499-it_nlab-000-1-view.jpg?exp=10800,2026-09-29T20:05:00+09:00,2026-09-29T20:05:00+09:00,ねとらぼ,it_nlab,ねとらぼ,899,画像はイメージです（画像：写真AC）（写真：ねとらぼ） 手軽に作れて、長年親しまれている袋麺。定番商品には、昔から変わらない味わいを求めて何度もリピートしている人も多いのではないでしょうか。 【画像：“スープも飲み干しちゃう袋麺”ランキング22位～1位を見る】 本記事では、「スープも飲み干しちゃう袋麺」ランキングで上位となった日清食品「チキンラーメン」を紹介します。 ●日清食品「チキンラーメン」とは？ 日清食品の「チキンラーメン」は、1958年に誕生した世界初のインスタントラーメンで、通常のチキンラーメンのほか、そのままかじって食べる「0秒チキンラーメン」もラインアップされています。 チキンラーメンはスープの素を封入しておらず、お湯をかけるだけで手軽に調理が可能な点が魅力の1つ。麺の中央には玉子の黄身を収めるためのくぼみ「Wたまごポケット」があり、玉子をのせてお湯を注げば、ふんわり固まった玉子と麺が絡む絶妙な味わいが楽しめます。 ●購入者の声 Amazonのレビューでは、「お湯を注ぐだけで食べられ、おいしい。古くからの伝統的食品です」「朝から忙しい時食べてます」「おそらく誰もが知っている、安定のおいしさ」「深夜に食べる背徳感最高」「保存食としても便利」「なくてはならない非常夜食」「これが一番美味しいなーと思う」「箱買いしました」「30年ぶりに食べてみましたが、やはり好きな味です」といった声がありました。 ●ちなみに1位は…「日清ラ王」 同ランキングでの第1位は「日清ラ王」でした。1997年に日清食品から発売された日清ラ王の袋入りシリーズです。 日清ラ王は、2012年にリニューアルが実施され、袋麺でも生麺の食感を実現。コシの強いもちもちとした食感の麺にスープがよく絡むようになっています。また、スープには厳選素材を2段重ねとすることで、深いうまみを感じられるように工夫がされているところもポイントです。「日清ラ王」シリーズはさまざまな種類が展開していますが、例えば「柚子しお」は、鶏や昆布のうまみをベースとした、さわやかなゆずの風味あふれる塩スープとなっています。 うすしお味,[],[]
「デカすぎて声出た」辻希美、高1長男の“3段弁当”→驚きの中身に「重たくないのかな？」「ボリュームすっご」（ねとらぼ）,https://news.yahoo.co.jp/articles/c6b067b7386f41c4ef64c3131d22b4079613ad92,https://newsatcl-pctr.c.yimg.jp/t/amd-img/20260929-10170540-it_nlab-000-1-view.jpg?exp=10800,2026-09-29T20:00:00+09:00,2026-09-29T20:00:00+09:00,ねとらぼ,it_nlab,ねとらぼ,951,辻希美、高1長男の“3段弁当”（辻希美さん・編集部撮影）（写真：ねとらぼ） タレントの辻希美さんが9月29日、自身のInstagramストーリーズを更新。高校1年生の長男・青空（せいあ）さんのために作った、これからの季節にぴったりな“あったか弁当”を公開し、「重たくないのかな？」「ボリュームすっご」「おいしそう」と反響を呼んでいます。 【画像】まさかの中身 5人の子どもたちを育てながら、4月からは高校に入学した青空さんのお弁当を毎朝作っている辻さん。これまでにも、韓国弁当やうどん弁当、冷やし麺弁当など、季節に合わせたバリエーション豊かな内容をたびたび披露し、注目を集めてきました。 そんな辻さんは今回、「今日からあったか弁当始めてみました」と報告し、3段の大ボリュームとなったこの日のお弁当を公開。「なんかドキドキ…」と、保温弁当への心境ものぞかせました。 辻さんが用意したのは、ご飯、おかず、汁物、フルーツの4品。おかずには肉料理をメインに、ブロッコリーやウインナー、かわいらしい顔が描かれた卵焼きなどがぎっしりと詰められています。 さらに、別容器には食べやすいように皮がむかれたぶどうもたっぷり。身体を温めてくれそうな汁物まで付いた、育ち盛りの高校生も満足できそうなボリューム満点のお弁当となっています。 続く投稿では、「保温弁当はこれだよ」と、象印の黒いステンレスランチジャーも紹介。辻さんが使用しているものとよく似た象印の「SL-GH18」は、ご飯容器、おかず容器、スープ容器がセットになった商品です。 なかでも驚くのはその容量。ご飯容器には、お茶わん約3杯分に当たる約1.2合が入り、おかず容器も大容量。魔法瓶構造でご飯を保温でき、公式サイトでは「ランチタイムまでごはんあったかキープ！」とうたわれています。 食べ盛りの高校生にぴったりな“大盛りサイズ”の3段保温弁当。これから寒くなる季節に向けて、温かいお弁当が活躍しそうですね。 こうした辻さんのお弁当に、SNSなどからは「今日の辻ちゃんのお弁当 ボリュームすっご」「汁物いいな」「お弁当デカすぎて声出た」「象印のジャー？ これいいなって思ってたけど重たくないのかな」「おいしそう」といった反響が寄せられていました。 ねとらぼ編集部,[],[]
「アウトドアシーンに欠かせない1枚」「飽きの来ないデザイン」　mont-bell（モンベル）の“UVカットロンT”が大人気　「色違いで欲しい」「安くて着心地がいい」「自慢できるアイテム」（ねとらぼ）,https://news.yahoo.co.jp/articles/eb73f1aa8ab58468bf8c9ed25e3e84279ea3d371,https://newsatcl-pctr.c.yimg.jp/t/amd-img/20260929-10170553-it_nlab-000-1-view.jpg?exp=10800,2026-09-29T20:00:00+09:00,2026-09-29T20:00:00+09:00,ねとらぼ,it_nlab,ねとらぼ,985,画像：ねとらぼリサーチ（写真：ねとらぼ） mont-bell（モンベル）の「UVカットロンT」が、柔らかな肌触りと速乾性・吸湿性を兼ね備えていて、アウトドアはもちろん普段使いもできると人気を集めています。 【画像】mont-bell（モンベル）の“UVカットロンT” 本記事では、そんな「WIC.ロングスリーブT メンズ」について紹介します。 ●「WIC.ロングスリーブT メンズ」とは？ 「WIC.ロングスリーブT メンズ」は、ナチュラルな風合いと機能性を両立した素材・wickron（ウィックロン）を使用した長袖Tシャツです。表面はコットンのような質感で毛玉になりにくいのが特徴。肌に触れる面は吸水拡散性に優れた繊維を使用し、汗をかいても素早く吸水拡散。サラッとした肌触りが続き、快適に着ることができます。光に当たることでニオイの元を分解する「光触媒効果」を持った粒子を繊維に練りこみ、汗をかいたときの嫌なニオイを抑制。洗濯をしても消臭効果は衰えません。紫外線の遮蔽率は90％以上。アウトドアシーンだけでなく、日常使いにもおすすめです。 サイズは、XS～XXLのほか身幅にゆとりを持たせたM-R・L-Rもラインアップ。ブラック・ダークブラウン・ダークグレー・ホワイトなど10色がそろっています。公式サイトの販売価格は、税込3700円です。レディースモデルはサイズ展開・カラーバリエーションが異なります。ほかにも、七分袖やハーフジップ付きのロングスリーブなどいろいろなタイプがあるのであわせてチェックしてみてください。 ●購入した人のコメント Amazonのレビューでは、「アウトドアアクティビティに欠かせない1枚です。色違いでもっと欲しい」「モンベルは間違いない」「飽きの来ない良さ。発売当時からのリピート」「安くて着心地がいい。自慢して歩ける」といった声が寄せられています。 ●THE NORTH FACE（ザ・ノース・フェイス）の「ロングスリーブフラッシュドライヌプシコットンティー」もチェック！ 長袖Tシャツを探しているなら、THE NORTH FACE（ザ・ノース・フェイス）の「ロングスリーブフラッシュドライヌプシコットンティー」もチェックしたいアイテムです。左胸にブランドロゴをあしらった、クルーネックのデザイン。袖口はリブ仕様になっています。 yuri,[],[]
2児ママが芳香剤に落書き→5分後……「やばい」　まさかの完成形に「ここにも天才が」「持って帰っていいですか？」（ねとらぼ）,https://news.yahoo.co.jp/articles/16a35bb20676d5886e4be337097614c8c0896f4c,https://newsatcl-pctr.c.yimg.jp/t/amd-img/20260929-10170327-it_nlab-000-1-view.jpg?exp=10800,2026-09-29T20:00:00+09:00,2026-09-29T20:00:00+09:00,ねとらぼ,it_nlab,ねとらぼ,578,2児ママが芳香剤に落書き→5分後……（写真：ねとらぼ） 車内用の芳香剤に、ペンで落書きすると……。楽しげなアレンジがThreadsで話題です。投稿は記事執筆時点で2万8000回以上表示され、1300件以上の“いいね”を獲得しています。 【画像】まさかの完成形 ●耳が生えた車内用の芳香剤 投稿者の373（@minami.501）さんは、2人の男の子を持つお母さん。話題のきっかけは芳香剤の「ラビッコSP」でした。 デザインは名前の響き通り、上に長い耳が2本ひょっこり。キンモクセイの香りを思わせる淡いオレンジのケースを見て、373さんはアレンジをしようと思いつきました。 ●顔を描いて「ちいかわ」のうさぎ風に 373さんは油性ペンを手に、芳香剤に顔などを描き加え、手を加えること約5分で、ケースはより楽しげに生まれ変わりました。 描き加えられたのは、「ちいかわ」に出てくるうさぎの顔。そっくりなうえに、腕組みした手も描かれていて、今にも「ハァ？」の声が聞こえてきそうです。 ●「まねしてもいいですか」「やばい天才だ」と反響 この投稿に対し、コメント欄には、「やばい天才だ」「ここにも天才が…！」「一瞬こんなコラボあるんだ！ って見ちゃいました」「持って帰っていいですか？」との声が寄せられています。 画像提供：373（@minami.501）さん 沓澤真二,[],[]
「全部で4本使用中」　HARIOの“耐熱ガラスピッチャー”に絶賛の声　「ほかのポットは使えない」「使いやすい、とにかく洗いやすい」「もっと早く買えばよかった」（ねとらぼ）,https://news.yahoo.co.jp/articles/d493009ee1d5d20c498bc11d8bea10ea2a5dfc27,https://newsatcl-pctr.c.yimg.jp/t/amd-img/20260929-10170502-it_nlab-000-1-view.jpg?exp=10800,2026-09-29T19:55:00+09:00,2026-09-29T19:55:00+09:00,ねとらぼ,it_nlab,ねとらぼ,940,出典：Amazon.co.jp（写真：ねとらぼ） HARIO（ハリオ）は、創業から100年を超えるガラス製品メーカー。国内で唯一の耐熱ガラス量産工場を持っているのが特徴で、臭いや汚れが付きにくい高品質な耐熱ガラスを活用し、グラスや保存容器など多彩な製品を生み出しています。 【画像】HARIOの“耐熱ガラスピッチャー” 本記事では、そんなHARIOの耐熱ガラスピッチャー「冷蔵庫ポットスリム N」について紹介します。 ●HARIO（ハリオ）「冷蔵庫ポットスリム N」とは？ HARIO（ハリオ）の「冷蔵庫ポットスリム N」は、大容量ながら冷蔵庫のドアポケットに収納できるスリムなピッチャーです。握りやすい大きなハンドルが付いており、ふたを付けたまま飲み物を注げます。耐熱ガラスが使用されているため、煮出した飲み物を入れられる上、熱湯洗浄も可能。ふたは簡単に取り外しができるため、楽に洗えます。食洗機に対応しているのもうれしいポイントです。カラーはオフホワイトとチャコールグレーの2種類。公式サイトでは、税込1540円で販売されています。 ●購入者の声 公式サイトやAmazonのレビューでは、「洗い替え用に2つ常備しています」「ほかのポットは使えないです」「2000円～3000円してもおかしくないと思いますが、この価格！大満足です」「買って正解でした」「使いやすい、とにかく洗いやすい」「もっと早く買えばよかった！」「1リットルでは足りないけれど2リットルでは多過ぎる、この1.4リットルが絶妙な容量」「全部で4本使用中」といった声が寄せられています。 ●KEYUCAの耐熱ガラスジャグもおすすめ！ ケユカの「neotto 耐熱ガラスジャグ」（税込み：2959円）は、フタに茶こしが付いた、手軽にお茶を淹れられる耐熱ガラスポット。茶葉がジャンピングしやすい丸みのある形状を採用しているため、お茶本来の風味を引き出しやすいのが特徴です。水出し・熱湯のどちらにも対応しており、季節や好みに合わせてさまざまなお茶を楽しめるのが便利。ガラス部分は電子レンジに対応しているほか、食器洗い乾燥機でも使用できるためお手入れも簡単です。適正容量1リットル、満水容量1.2リットルです。 しゅいわ,[],[]
「電車通勤中の動作がスムーズ行える」　サムソナイトの“ビジネスリュック”が大好評　「PCや水筒その他細々したもの入れても軽く感じる」「今までで一番使い勝手がいい」（ねとらぼ）,https://news.yahoo.co.jp/articles/f3714639120bc402e3f44f6672508f8d251d2055,https://newsatcl-pctr.c.yimg.jp/t/amd-img/20260929-10170546-it_nlab-000-1-view.jpg?exp=10800,2026-09-29T19:50:00+09:00,2026-09-29T19:50:00+09:00,ねとらぼ,it_nlab,ねとらぼ,1052,画像：Samsonite 公式サイト（写真：ねとらぼ） Samsonite（サムソナイト）は、1910年に米国コロラド州で創業したスーツケースおよびバッグブランド。旅行用トランクの製造からスタートし、現在はスーツケースやバッグを展開しています。 【画像】サムソナイトの“ビジネスリュック” 本記事では、そんなサムソナイトのビジネスリュック「XENON 3」について紹介します。 ●「XENON 3」とは？ サムソナイトの「XENON 3」は、丈夫なバリスティックナイロンを使用したビジネスリュック。広々としたメインルームが二つあり、最大15.6インチのノートパソコンを収納できるコンパートメントも装備しています。さらにフロント部分には二つのファスナーポケットがあり、内側にはタブレットやカードなどに適したスペースもあるので、細かな荷物を仕分けしやすいのも特徴。デザイン的には、肩や背中、腰に当たる部分にはメッシュパッドを備え、体にかかる負担を軽減します。また背面にあるベルトを使えば、スーツケースのキャリーバーへのセットが可能。そのため日々の通勤から出張まで、幅広いビジネスシーンに対応できます。カラーはブラック、サイズは高さ約42×幅約30.5×奥行き約15センチです。 Amazonのレビューでは、「PCや水筒その他細々したもの入れても軽く感じる」「両サイドのポケットにペットボトルや折りたたみ傘も収納できる」「通勤用のリュックはこれで3つ目ですが、今までで一番使い勝手がいいです」「価格はそれなりにしましたが、さすがに高品質。長く使えそうですね」「MacとWinPCの2台入れでも型が崩れない」「電車通勤中の動作がスムーズ行える」といった声が寄せられています。 ●雨の日通勤にはワークマンのリュックごとカバーできるレインスーツがおすすめ！ ワークマンの「バッグイン透湿レインスーツライト」は、雨の日にリュックごとカバーできる上下組のレインウェア。ジャケット背面のファスナーを開けると、バッグの上から着用できる2WAYバッグインスタイルに変化し、大切な荷物を雨から守ります。フードはロールアップして収納できるため、使わないときは首回りをすっきりさせられるのも使い勝手のいいポイント。パンツには裾アーチカバーと調整テープを備え、雨粒や水滴が入りにくい仕様です。持ち運びに便利な収納袋も付属しており、いざというときに備える携帯用としても活躍。カラーは3種類、価格は3900円で販売されています。 しゅいわ,[],[]
「家族で乗る楽しみが増えた」　“ミニバンの人気車種”ランキング1位に「感動する日々」「両側スライドドアで安心」などの声（ねとらぼ）,https://news.yahoo.co.jp/articles/34fa96821975c2d28121151e3944db2e0a432880,https://newsatcl-pctr.c.yimg.jp/t/amd-img/20260929-10170458-it_nlab-000-1-view.jpg?exp=10800,2026-09-29T19:45:00+09:00,2026-09-29T19:45:00+09:00,ねとらぼ,it_nlab,ねとらぼ,885,画像はイメージです（画像：PIXTA）（写真：ねとらぼ） リクルートが企画・制作する中古車情報メディア「カーセンサー」では、中古車の人気車種・最近発売されたモデルなどのランキングをボディタイプ別に紹介しています。本記事ではその中から「ミニバンの人気車種・モデルランキング」（2026年9月28日時点）を紹介していきます。 【画像：ランキング20位～1位を見る】 ●第2位：トヨタ アルファード 第2位は「トヨタ アルファード」でした。2002年から販売されている高級ミニバンで、家族での利用はもちろん、企業の送迎車や官公庁などでも使われています。 そんなアルファードは、2023年に現行となる4代目モデルを発売。高級セダンのような快適性を実現しています。2026年6月には一部改良が実施され、新グレードを追加するとともに、全グレードへ新ボディカラーのニュートラルブラックを設定。アルミホイールの質感向上に加え、周波数感応型ショックアブソーバーを標準設定とすることで、乗り心地も改善されています。 ●第1位：日産 セレナ 第1位は「日産 セレナ」でした。1991年にバネットセレナとして発売され、1994年のマイナーチェンジで現在の名称に変更されました。 2022年には、現行となる6代目モデルが発売され、2026年2月にはマイナーチェンジが実施されています。発売から35周年を迎えるロングセラーモデルであり、広い室内空間や快適性・利便性などが高く評価されています。また、最新の運転支援技術も搭載されており、グレードによっては「360°セーフティアシスト」も用意されています。 カーセンサーのコメントでは「子供と荷物を乗せれる、リアクーラーがある！」「大きくて乗りやすい」「プロパイロットも進化している」「運転席、後席、3列目共、内部がかなり広いと感じました。見切りも良いです」「ルキシオンに運転を任せては感動する日々です」「家族で乗る楽しみがふえました」「両側スライドドアで子どもでも乗り降りがしやすく安心」などの声が寄せられています。 出典元：カーセンサー hiro.,[],[]
「治安最強で道にゴミ一つ落ちて無い」“神奈川県で幸福度の高い街”ランキング上位に「思いつきで魚を見に行ける」「適度に田舎で都会から移住に適している」の声（ねとらぼ）,https://news.yahoo.co.jp/articles/983ce1393f4af6ff1abaaae00d09e64ff8c45033,https://newsatcl-pctr.c.yimg.jp/t/amd-img/20260929-10170464-it_nlab-000-1-view.jpg?exp=10800,2026-09-29T19:40:00+09:00,2026-09-29T19:40:00+09:00,ねとらぼ,it_nlab,ねとらぼ,1058,画像はイメージです（画像：写真AC）（写真：ねとらぼ） 大東建託は、神奈川県居住の20歳以上の男女を対象に、「街の幸福度」に関する調査を実施。その結果を「街の幸福度＆住み続けたい街ランキング2026＜神奈川県版＞」として発表しました。 【画像：ランキング20位～1位を見る】 今回はその中から「幸福度が高い自治体」のランキングを紹介します。このランキングは、回答者50人以上の自治体を対象に、2022年～2026年の回答を累積して集計しています。多くの支持を集めたのはどの自治体だったのでしょうか。ランキングを見ていきましょう！ （出典元：街の幸福度 自治体ランキング＜神奈川県版＞｜街の住みここち＆住みたい街ランキング 2026｜いい部屋ネット） ●第2位：逗子市 第2位は「逗子市」でした。逗子市は、湘南エリアに位置し、豊かな自然と都市の利便性が調和した魅力的な街として知られています。 海と山の両方を日常的に楽しめる自然環境の豊かさを魅力としており、また、都心まで約一時間と交通アクセスが良好な事も特徴です。市内には交通・買い物の利便性が抜群な逗子駅周辺エリアや、海が近くマリンスポーツや海辺の暮らしを満喫できる逗子海岸・新宿などがあり、自分のライフスタイルにあった環境を選べることも幸福度を上げている要因になっているのかもしれませんね。 Xでは「思いつきで魚を見に潜りに行けるのは逗子に住んでよかったことのひとつだ」「真夏でも最高気温が都内より3〜4度低い日が多く（緑が多いので体感的にはもっと低く感じる）、過ごしやすいのです」といった声が見られました。 ●第1位：三浦郡葉山町 第1位は「三浦郡葉山町」でした。葉山町は三浦半島に位置するエリアで「住み続けたい街」「街に誇りがある」「街に愛着がある」でも1位の高い評価を得ています。 豊かな自然、安心できる住環境、そして独自の洗練された文化が共存する町とされており、町内には逗子市に隣接する堀内エリアや、おしゃれなカフェや個人経営の飲食店、セレクトショップが立ち並ぶ森戸海岸・元町エリア、品格ある落ち着いた街並みが広がる閑静な住宅街のある一色エリアなどがあり、それぞれ特色のある環境を持っています。そうした美しい街並みや生活のしやすさなどが人気の理由になっているのではないでしょうか。 Xでは「葉山は適度に田舎なので都会から移住には適している」「葉山町は、天皇陛下の御用邸があるせいか、治安最強で道にゴミ一つ落ちて無い」といった声が見られました。 zakki,[],[]
スーパーの「2割引きの3色団子」→値段をよく見ると……「キャビアとか入ってる？」　“衝撃の光景”にツッコミ「どんだけ良い材料使ってんねん」（ねとらぼ）,https://news.yahoo.co.jp/articles/48687cdcf0f302cb5e79609d99802174ed6239b5,https://newsatcl-pctr.c.yimg.jp/t/amd-img/20260929-10170337-it_nlab-000-1-view.jpg?exp=10800,2026-09-29T19:30:00+09:00,2026-09-29T19:30:00+09:00,ねとらぼ,it_nlab,ねとらぼ,875,値段をよく見ると……（写真：ねとらぼ） スーパーで割引されている3色団子を買おうとしたら……。思わず二度見する“衝撃の価格”がThreadsで話題です。投稿は記事執筆時点で21万回以上表示され、多くの反響を呼んでいます。 【画像】衝撃の光景 ●20％引きになっている3色団子 画像を投稿したのは、日常を発信しているThreadsユーザーの「Miwa Yuri」（@yurry0304）さん。今回話題を呼んだのは、「だんご、3本……」というコメントを添えて公開した1枚の画像です。 Miwaさんはスーパーで、20％割引になっている3本入りの3色団子を発見しました。1本の串にピンク、白、黄緑の団子がひとつずつ刺さっているごく普通の団子で、パッケージのラベルにも変わったところはありません。しかし、真ん中に貼られた割引シールをよく見ると……。 ●ありえない価格に思わず二度見 なんとそこには、「税抜価格 1208円を20％引で 966円（税込1044円）」という衝撃的な価格が書いてあったのです！ いくら物価が上昇しているとはいえ、スーパーで売っている3本入りの団子が1000円を超えるとは驚きですね。こんなことある……!? Miwaさんによると、普段このスーパーでは団子の3本入りパックを120円ほどで販売しているとのこと。どうやら、店員さんがうっかり間違った金額をシールに印字してしまったようですね。Miwaさんはその後の投稿で、本来の価格「120円」を入力した後、消費税率の「8」を続けて入力してしまい、「1208円」になったのではないかと分析しています。 ●「たっか！」「高級だんご」と反響 この投稿に対し、リプライ欄では「￥120の20％引きしたかったのかしら」「ずいぶん色つけたなぁwww」「まぁ！ すごい高級菓子……」「どんだけ良い材料使ってんねん」「100年後はホントにこの値段になっていたりして！」「たっかいなぁ キャビアとか入ってる？」などの声が寄せられました。 画像提供：Miwa Yuri（@yurry0304）さん やまもとゆか,[],[]
「使いやすさ歴代ナンバーワン」「全て満足なポーチ」　無印良品の“四角いポーチ”が大好評　「いろいろ入れてますが取り出しやすい」「たくさん入るし中身が見やすい」（ねとらぼ）,https://news.yahoo.co.jp/articles/3991cd2cb42aa44e7940c231e9ab20e8c181d95a,https://newsatcl-pctr.c.yimg.jp/t/amd-img/20260929-10170547-it_nlab-000-1-view.jpg?exp=10800,2026-09-29T19:30:00+09:00,2026-09-29T19:30:00+09:00,ねとらぼ,it_nlab,ねとらぼ,932,（画像：ねとらぼ）（写真：ねとらぼ） 無印良品から販売されている「リンクルナイロン 大きく開くスクエアポーチ」が、がばっと開いて自立するつくりなので、たくさん入れても中身が見やすく、コスメや文房具、ガジェットのコード類などさまざまな物を入れるのに便利だと高評価を集めています。 【画像】無印良品の“四角いポーチ” 本記事では、「リンクルナイロン 大きく開くスクエアポーチ」について紹介します！ ●「リンクルナイロン 大きく開くスクエアポーチ」とは？ 無印良品の「リンクルナイロン 大きく開くスクエアポーチ」（税込み：1890円）は、独特のシワとハリ感が特徴のナイロン生地を使用した、使い勝手の良いポーチ。自立する設計になっているため、ブラシなど長さがあるアイテムを立てて収納でき、必要なものをすぐに取り出しやすいのが魅力です。中身を確認しながらスムーズに使えるので、日常使いにも便利。カラーはダークグレー・グレー・ピンクの3色をラインアップ。いずれも日常に取り入れやすい、落ち着いたくすみカラーに仕上げられています。 無印良品公式サイトのレビューでは、「使いやすさ歴代ナンバーワン」「クタッとしないので、チャックを全開にしても大丈夫！」「とにかくたくさん入るし中身が見やすい」「がばっと開いてポケットもたくさんあるので、化粧品や医薬品などいろいろ入れてますが取り出しやすいです」「全て満足なポーチ」といった声が上がっていました。 ●IKEAのポーチもおすすめ！ IKEAの「SKOGSSALLAT（スコグスサラト） 洗面ポーチ」（税込み：499円）は、洗面用品や化粧品などを分けて収納できる、内ポケット付きのポーチ。鮮やかな柄にワンポイントカラーのファスナータブを組み合わせた、持ち物の中でも見つけやすいデザインに仕上げられています。内側は4つのスペースに分かれているため、細かなアイテムを整理しやすいのが特徴。旅行や出張時の洗面ポーチとしてはもちろん、自宅で化粧品や衛生用品をまとめておく収納用品としても活躍しそうです。サイズは幅30×奥行き10×高さ21センチ。カラーは、「レッド／ホワイト／ストライプ」と「ブルー／ホワイト／水玉模様」の2種類です。 月夜に米,[],[]
「まさにこんな商品を探していました」Wpc.の“撥水トート”に「買ってよかった」「可愛い柄でしっかりした生地」（ねとらぼ）,https://news.yahoo.co.jp/articles/5ef1120fd77767509dfb8f783a529d7f6410c182,https://newsatcl-pctr.c.yimg.jp/t/amd-img/20260929-10170535-it_nlab-000-1-view.jpg?exp=10800,2026-09-29T19:20:00+09:00,2026-09-29T19:20:00+09:00,ねとらぼ,it_nlab,ねとらぼ,950,画像：PIXTA（画像はイメージです）（写真：ねとらぼ） 荷物が増えた時のために、たためるバッグを持っておきたい。そんな時は、使うたびに目に入る柄も楽しんで選びたいですよね。本記事では、Wpc.の「はっ水トートバッグ」を紹介します。 【画像】Wpc.の“撥水トート” ●Wpc.「はっ水トートバッグ」とは Wpc.の「はっ水トートバッグ」は、内側のポケットに折りたたんでしまえる縦型のバッグです。生地はポリエステル100％。使わない時は小さくまとめられるので、外出時のサブバッグや買い物用として持ち歩けます。 大きさは幅34×高さ39センチで、持ち手の長さは69センチ。肩に掛けられる長めの持ち手と、好みに合わせて選べるテキスタイル柄が特徴です。ここでは、白地に花を散らした「メリーフラワーオフ」を紹介。2026年9月29日の確認時点で、楽天市場のHappiness colorでは税込1870円で販売されています。 表面には水をはじきやすくする加工が施されています。ただし、はっ水性は使用環境や回数によって低下します。雨の中で中身がぬれないことを保証するものとしてではなく、日々の持ち歩きで水滴や汚れが気になる時の一つの選択肢として使いたいバッグです。 ●寄せられた声 楽天市場には、「まさにこんな商品を探していました。軽くて撥水するので安心です」という声がありました。ひもの長さやバッグの大きさ、柄、はっ水加工を気に入った別の人も、「買ってよかった」と満足しています。生地の印象については、「可愛い柄でしっかりした生地で安心して使えます」との評価も。「サイズ、デザイン、素材共予想より良かったです」と、届いた品が期待を上回ったという人もいました。 ●かるいかばん PC収納付き縦型トート LG-P0120もチェック PCを入れる場所や口元の閉じ方を重視するなら、Legato Largoの「かるいかばん PC収納付き縦型トート LG-P0120」も比較できます。合成皮革製で、メイン収納はファスナー式。13インチのPC用ポケットを備え、横27×縦35×マチ12.5センチです。たたんで持ち歩けるWpc.のバッグとは用途が異なり、毎日の通勤用に収納場所を決めて使いたい人に向いています。 Plume,[],[]
1児ママが『NANA』のウエディングドレスを着たら……　まさかの姿に「すごすぎて鳥肌」「実写版かと思った」（ねとらぼ）,https://news.yahoo.co.jp/articles/d4e3e3d62c09f884485592eacb6f5f04ba16032e,https://newsatcl-pctr.c.yimg.jp/t/amd-img/20260929-10170190-it_nlab-000-1-view.jpg?exp=10800,2026-09-29T19:20:00+09:00,2026-09-29T19:20:00+09:00,ねとらぼ,it_nlab,ねとらぼ,1585,『NANA』のウエディングドレスを着たら……（写真：ねとらぼ） 漫画『NANA』とコラボしたウエディングドレスを着たら……。圧巻の姿がInstagramとTikTokへ投稿されました。なおこちらは、記事執筆時点で48万回再生を突破、2万1000件を超える“いいね”を獲得しています。 【画像】まさかの姿 投稿したのは、信越放送の元アナウンサーで現在もMCやインフルエンサーとして活躍している「よろこび」（@yorokobiiiiii）さん。1児のママでもあり、SNSでは子育ての様子のほか、大好きなディズニーキャラクターになりきった仮装姿などを紹介しています。 今回披露したのは、矢沢あいさんによる人気漫画『NANA』（集英社）と、ウエディングドレスブランド「Lulu felice（ルルフェリーチェ）」がコラボレーションしたドレスをまとった姿。現在は休載中ながら、今なお根強い人気を誇る『NANA』の世界観を表現した華やかな装いです。 まず登場したのは、主人公・大崎ナナのパンクファッションをイメージした黒のドレス。たっぷりと生地を使ったボリューミーなシルエットに、フリルやチュールが重なった存在感抜群の1着です。よろこびさんは黒い帽子やチョーカーなどを合わせ、クールなスタイリングに仕上げています。 撮影では、赤いバラの花びらが舞う中、スタンドマイクを握って歌うようなポーズを披露。アンプにもたれかかったり、バラを手に視線を送ったりと、まるでステージ上のナナを思わせるような姿を見せています。 続いて身にまとったのは、作中でナナが着ていた赤いワンピースをイメージしたドレス。鮮やかな赤一色で、首元のフリルとふんわり広がるスカートが目を引きます。そこに黒のレザージャケットと帽子を合わせることで、かわいらしさだけではないロックな雰囲気をプラス。スタンドマイクの前でポーズを決める姿もばっちりサマになっています。 最後は、黒を基調としたチェック柄のドレス姿を披露。オフショルダーのデザインと大きく広がったスカートが華やかで、こちらもナナを思わせるクールな着こなしです。 ドレスだけでなく、青みがかったショートヘアや赤いリップ、アクセサリー、表情まで作品の世界観に寄せたよろこびさん。スタンドマイクやアンプなどの小道具も相まって、まるで漫画の世界から飛び出してきたかのような仕上がりとなりました。 クールビューティーなよろこびさんの姿に、「はぁメロすぎる」「いやもうほんま好き」「赤も黒も捨てがたい」「どうしようドキドキする」「表情がもうNANA」「めちゃくちゃカッコいい」「すごすぎて鳥肌立ちました」「本物」「実写版すぎて漫画から出てきたみたいです」「NANAすぎてやばい、もしかして苗字大崎さんですか？」「綺麗過ぎてウルッときました」と見とれてしまった人が続出。 さらに普段とのギャップにも注目が集まり、「別人すぎてびっくりしましたっ！」「こっちも似合うのは聞いてない」「二度見した」「よろこびって200色あんねん」「誰かと思って名前見て驚きました」「いつもの明るくて太陽やひまわり感を感じる喜びさんとは全然雰囲気違ってて……このお姿も最高すぎます」「ええええNANAの世界観も着こなせちゃうの……よろこびさんの新たな一面惚れ直しました」といったコメントが寄せられました。 よろこびさんはこの他にも、Instagramアカウント（@yorokobiiiiii）やコスプレ用Instagramアカウント（@yoro.kobi2）、TikTokアカウント（@yorokobiiiii）、Xアカウント（@yorokobi218）などで情報を発信中。ディズニーキャラクターの仮装姿などを見ることができます。 画像提供：よろこび（@yorokobiiiiii）さん ねこリセット,[],[]
妻「夜は家でゆっくり映画をみたい」→夫が次々と用意したのは……「ええええ！」　530万再生の光景に「これは惚れ直す」【海外】　（ねとらぼ）,https://news.yahoo.co.jp/articles/cab0282fe8943199044bfe6abb893aa506ab6e4c,https://newsatcl-pctr.c.yimg.jp/t/amd-img/20260929-10170561-it_nlab-000-1-view.jpg?exp=10800,2026-09-29T19:15:15+09:00,2026-09-29T19:15:15+09:00,ねとらぼ,it_nlab,ねとらぼ,1145,画像はInstagramアカウント「Cameron Reyes（@camerontreyes）」から引用（写真：ねとらぼ） 「今夜、何かしたいことある？」。夫からそう聞かれた妻が望んだのは、家でのんびり映画を見ることでした。夫は、その何げない希望をちょっと特別な夜へと変えることに。自宅での映画鑑賞を“アップグレード”する様子がInstagramに投稿され、記事執筆時点で530万回以上再生されています。 【画像】夫が用意したもの アメリカに住むキャメロンさんは、Instagramアカウント「Cameron Reyes（@camerontreyes）」で日常の様子を発信しています。2026年9月22日に公開した動画には44万件を超える「いいね」と、3400件以上のコメントが寄せられました。 この日、キャメロンさんが2人目の子どもを妊娠中の妻に予定を尋ねると、返ってきたのは「家でリラックスしながら映画でも見たい」という答え。そこでキャメロンさんは、妻の希望をかなえるため買い出しへと向かいます。 用意したのは、大きな袋いっぱいのポップコーンやフローズンドリンク、お菓子など。“映画館気分”を盛り上げてくれそうなラインアップです。それだけでは終わらず、別の店舗に行くとチキンウィングなども購入しました。 帰宅すると、キャメロンさんはさらに準備を進めます。チキンウィングやフライドポテト、ソースなどをきれいに盛り付け、ソファの前のテーブルへ。フローズンドリンクも添え、照明まで整えました。 部屋にやって来た妻は、目の前の光景に「えーっ」と驚きながら笑顔に。2人はソファで食事を楽しみながら映画を鑑賞します。 それだけで終わらないのがキャメロンさん。食事がひと段落するとテーブルを片付け、妻がゆったり過ごせるように毛布をかけてあげました。隣に座る夫へ、妻も笑顔を見せています。 コメント欄には、「ええええ！ いいなぁ」「こんなご主人がいるなんてうらやましい」「ワオ！ いいご主人だね～！」「こういうデートいいな」「努力してくれるのが素晴らしい」と、キャメロンさんの気遣いを称賛する声が続々。 「高くついたんじゃない？」という声には、「でも、クオリティタイムだもんね。その価値はあるよ」と受け止める人もいました。また、「愛する人とのこういう時間は貴重」「パートナーにはこういう人になってほしい。やっぱり心が一番大事」と、その行動に共感するコメントも寄せられています。 外へ出掛けなくても、ちょっとした工夫と気遣いでいつもの夜は特別な時間に。妻の「家でゆっくり映画をみたい」という何げない希望を、特別な映画ナイトへと変えたキャメロンさんの気遣いが、多くの人の心をつかんだようです。 風井ルーシー,[],[]
「サイズ違いで2着目」　ノースフェイスの“軽量カーディガン”が秋に活躍　「素材・着心地が最高」「持ち運びにも便利」「オンオフどちらにも使える」（ねとらぼ）,https://news.yahoo.co.jp/articles/ab28179fed39ee8331e7ada1fb1096c37e7ea84e,https://newsatcl-pctr.c.yimg.jp/t/amd-img/20260929-10170525-it_nlab-000-1-view.jpg?exp=10800,2026-09-29T19:15:00+09:00,2026-09-29T19:15:00+09:00,ねとらぼ,it_nlab,ねとらぼ,1075,（画像：ねとらぼ）（写真：ねとらぼ） この季節、さらっと羽織れるカーディガンやジャケットがあると便利ですよね。THE NORTH FACE（ザ・ノース・フェイス）の“ジャケット風カーディガン”は、きちんと感もありながら、さらっとラフに着られてオンオフどちらでも使えると高評価を得ています。 【画像】ノースフェイスの“軽量カーディガン” 本記事では、そんなノースフェイスの「トランクルカーディガン（ユニセックス）」について紹介します。 ●THE NORTH FACE（ザ・ノース・フェイス）「トランクルカーディガン（ユニセックス）」とは？ THE NORTH FACE（ザ・ノース・フェイス）の「トランクルカーディガン（ユニセックス）」（1万9800円）は、通気性、UVカット機能、遮熱性を備えたカーディガン。かさ高なダブルメッシュ組織の生地を採用しているため、肌寒い日はもちろん、日差しや暑さが気になるシーンでも活躍してくれます。また、ピン仮撚り糸を使用することで、適度なハリ感とストレッチ性を実現。見た目のすっきり感と着心地のよさを両立しています。生地には強めのシワ加工が施されており、ナチュラルな風合いを楽しめるのもポイントです。 フロントボタン仕様になっていて、Tシャツやシャツの上からさらりと羽織りやすい仕上がり。袖口はシャーリングキルト仕様で、ほどよくアクセントになっています。左右サイドにはコンシールポケットを備えており、見た目をすっきり保ちながら小物を入れられるのも便利ですね。カラーはマッシュルーム、スレートグレー、ブラックの3色、価格は1万9800円（税込）です。 ●購入した人のコメント 公式サイトのレビューでは、「移動の際シワになりにくく旅行に便利！今の季節に活躍してます（9月26日レビュー）」「少し肌寒い時など通勤でもちょうどいい」「素材・着心地が最高。サラッと羽織れて窮屈な感じもなく、ストレスフリーです」「上下セットで購入しました。服選びに迷わずオシャレに見えるので最高です！」「サラッとしていて柔らかく、軽いので夏場の冷房が効いている時や秋に羽織りとして使用出来そうです。コンパクトにもなるので、持ち運びや旅行の際にも重宝しています」「生地の肌触り、軽さ、全てが最高です。セットアップで購入しました」「真夏以外は長く着れそうで大満足」「何よりも軽い。着心地も良い。オンオフどちらにでも使える！」「サイズ違いで2着目。楽なのにきちんと感も出て使いやすいので、パンツと合わせてヘビロテ中です」といった声が寄せられています。,[],[]
「もうずっとこれ」男性が選ぶ“消臭力が高いと思う洗濯用洗剤”上位に「まさに理想の洗剤」「部屋干しでもニオイ残りが気になりません」（ねとらぼ）,https://news.yahoo.co.jp/articles/0d1028a3c71694d7c2c4aef7c6b9010cf7c35727,https://newsatcl-pctr.c.yimg.jp/t/amd-img/20260929-10170505-it_nlab-000-1-view.jpg?exp=10800,2026-09-29T19:10:00+09:00,2026-09-29T19:10:00+09:00,ねとらぼ,it_nlab,ねとらぼ,987,画像はイメージです（画像：写真AC）（写真：ねとらぼ） 日々の洗濯に欠かせない洗濯用洗剤。洗浄力が強いもの、部屋干しに特化したものなどさまざまですが、気になるニオイの対策を重視する人も多いのではないでしょうか。 【画像】男性が選ぶ“消臭力が高いと思う洗濯用洗剤” 本記事では、全国の男性に聞いた「消臭力が高いと思う『洗濯用洗剤』ランキング（2026年8月ねとらぼ調べ）」で1位となった洗濯用洗剤を紹介します！ ●第1位：アタックZERO ランキングの第1位は、得票率9.7％で2つの商品が選ばれました。1つ目は「アタックZERO」です。花王が販売する濃縮タイプの液体洗剤で、洗濯1回当たりの使用量が少なく、落としにくい化繊衣類の皮脂汚れや、生乾き臭などの洗浄・消臭に優れているとされています。 アタックZEROは、2026年3月28日にシリーズを改良新発売。花王の液体洗剤で唯一、洗濯槽のバイオフィルムに覆われた菌を落とすとし、衣類から洗濯槽まで「アタックZERO液体史上、最高峰の消臭」をうたっています。なお、すべての菌を除去するわけではなく、カビを除去するものではありません。 ●使用している人の声 Amazonのレビューでは「もうずーっとこれ」「アタックZEROは、本当に“無菌レベル”と言いたくなるほど消臭力が高く、部屋干しでもニオイ残りが気になりません」「洗い上がりの香りがいい！！柔軟剤の邪魔をしない」「プライムセールや感謝祭の時にリピ買いしています。今回で4回目」「いつも使っています。これが一番好きです」「香料が控えめで、洗い上がりも自然な香り。まさに探していた理想の洗剤でした」「香りが続き、柔軟剤も使わなくなりました」「これまで使ってきた洗剤のなかでも一番汚れ落ち、匂い落ち最高です」「いい香り。ほのかに香るのがいい」「柔軟剤なくても、いい香りです。コスパもいい」といった声が上がっています。 また、ワンハンドタイプについては「プッシュ型ボトルが秀逸」「コレに慣れてしまうと通常の計量には戻れなくなります。赤ちゃん抱っこしながらでも洗濯家事ができる」「プッシュが最高！液体洗剤しか使ったことがないのでプッシュで入れられるのは朝の忙しい時間に助けられます」「この先よっぽど良いアイデア商品が出ない限り、ずっとこれにします！！」といった声が寄せられています。,[],[]
母が31年前に着たウエディングドレス→娘が着ると……　感動的な光景が111万再生「特別な瞬間」「信じられない」【海外】（ねとらぼ）,https://news.yahoo.co.jp/articles/b68c8835286b0d0f7db6116e95b7e9c8f00d9db7,https://newsatcl-pctr.c.yimg.jp/t/amd-img/20260929-10170300-it_nlab-000-1-view.jpg?exp=10800,2026-09-29T19:00:00+09:00,2026-09-29T19:00:00+09:00,ねとらぼ,it_nlab,ねとらぼ,893,母のドレス（写真：ねとらぼ） 母親が31年前の結婚式で着たウエディングドレスを、娘が初めて試着する動画がInstagramで注目を集めています。動画は記事執筆時点で再生数111万7000回を突破し、5万件以上の“いいね”を獲得しています。 【画像】娘が着ると 投稿したのは、米在住のInstagramユーザー「Valentina ★」（@byvalentinamaria）さん。動画の冒頭に登場するのは、縦長の大きな保存箱です。投稿者さんの母は人生の大切な節目に着用したウエディングドレスを、傷めないようしっかりと保管していたようです。 箱を開けた母は、ふんわりと包まれたドレスを両腕で持ち上げます。そのときの表情はまるで少女のようで、結婚式をした日に戻ったかのような雰囲気が、なんだかほほ笑ましいですね。 投稿者さんが母のウエディングドレスを試着。長袖に腕を通し、ボリュームのあるスカートを広げると、ドレスは投稿者さんの体にも美しくフィットしました。腰から下に大きく広がるシルエットと、上半身を覆う繊細なレースが投稿者さんの姿を華やかに見せています。 31年前、母の結婚式を彩った一着は、長い保管期間を経て娘の手へ。母が娘の支度を手伝い、2人で並んで写真を撮ったことで、新しい家族の思い出がドレスに加わりました。 コメント欄では「すごく似合っていて美しい。なんて特別な瞬間なんだろう」「31年前だなんて信じられない。お母さんはファッションの達人。デザインがとてもすてきで現代的」「今でも流行に合っているのがすごい」「直すところは何もない。美しくてサイズもぴったり」「うれし涙が出る」「ドレスの後ろ姿が素晴らしい」「私の夢のドレス」「この上なく大切な思い出」「涙が頬を流れている。この動画が大好き」「なんて特別で美しい瞬間」「ぜひこのドレスを着てほしい。とても似合っている」などの声が見られました。 投稿者さんはほかにも、TikTok（@byvalentinamaria）で、ライフスタイルやファッションに関する動画を発信しています。気になる人はチェックしてみてください。 春夏冬つかさ,[],[]
「1階と2階用に2本買いました！」　ニトリの“799円フローリングワイパー”に「使いやすいので毎日使ってます」「細かいゴミもしっかりキャッチ」の声（ねとらぼ）,https://news.yahoo.co.jp/articles/44de5caa56818b9843e53e172c3f11a8ae8cb3ef,https://newsatcl-pctr.c.yimg.jp/t/amd-img/20260929-10170530-it_nlab-000-1-view.jpg?exp=10800,2026-09-29T19:00:00+09:00,2026-09-29T19:00:00+09:00,ねとらぼ,it_nlab,ねとらぼ,1020,画像：PIXTA（画像はイメージです）（写真：ねとらぼ） ニトリから販売されている「ゴミをしっかりキャッチ 伸縮フローリングワイパー(ラクッカ ホワイト RK01)」が、細かいゴミもしっかりキャッチし、柄が伸縮するので使わない時はコンパクトに収納しておけると高評価を集めています。 【画像】ニトリの“799円フローリングワイパー” 本記事では「ゴミをしっかりキャッチ 伸縮フローリングワイパー(ラクッカ ホワイト RK01)」と、同商品が2位に選ばれた【ニトリ】「掃除道具」人気ランキングを紹介します！ ●「伸縮フローリングワイパー(ラクッカ ホワイト RK01)」とは？ 第2位は「ゴミをしっかりキャッチ 伸縮フローリングワイパー(ラクッカ ホワイト RK01)」（799円）でした。やわらかクッションを採用した、フローリングや畳などの掃除に便利なワイパーです。中央凸型構造とやわらかい素材を組み合わせることで、シート全面でゴミをしっかりキャッチし、汚れを逃がしにくいのが特徴。ヘッドもやわらかく、家具や壁をキズつけにくい仕様です。ハンドルは約75～110センチの範囲で長さを調節でき、天井や家具のすき間にも対応。ヘッドの取り換えも可能です。スペアシートには、約30×20センチ以上の市販の各社共通シートを使用できます。 ●購入者の声 ニトリ公式サイトのレビューでは、「ズボラでも気軽に掃除できるので助かっています」「何故もっと早く使わなかったかと思うくらい快適」「コロコロやダストモップなどにも付け替えられる」「手の届かないところもきれいにできる」「細かいゴミもしっかりキャッチしてくれる」「1階と2階用に2本買いました！」「伸縮するので片付けておく時は短く、使う時は長くできて使いやすい」「使いやすいので毎日使ってます」といった声が上がっていました。 ●第1位は「水切りワイパー マグネット(DG03)」 第1位は、ニトリの「水切りワイパー マグネット(DG03)」でした。磁石で浴室の壁などに貼り付けることができる水切りワイパーです。ヘッド部が端までゴムになっていて壁面・曲面にぴったりとフィット。さらに裏面には水が流れる水抜き穴があるので、しっかりときれいに水滴を取り除くすることができるでしょう。また、別売りの柄も取り付け可能で、浴室の隅や天井など手の届かないところにも対応できます。なお、価格は599円となっています。 ツナ缶,[],[]
レジ店員に「手編み？　すごい！」と驚かれたバッグ→3週間かけた力作に「ほんとに素敵」「すごすぎます」（ねとらぼ）,https://news.yahoo.co.jp/articles/48a6be25c2150d21a2953b2f551d056c3d7e3125,https://newsatcl-pctr.c.yimg.jp/t/amd-img/20260929-10170382-it_nlab-000-1-view.jpg?exp=10800,2026-09-29T19:00:00+09:00,2026-09-29T19:00:00+09:00,ねとらぼ,it_nlab,ねとらぼ,1001,レジ店員にも驚かれたバッグとは（写真：ねとらぼ） 見知らぬレジの店員さんも思わず驚いた、“目を引くデザインのバッグ”がThreadsで話題です。記事執筆時点で投稿は2万2000回以上表示されるなど注目を集めています。 【画像】バッグのデザイン ●レジで「すごい！」と声をかけられたバッグ 投稿者は、Threadsユーザーの「kana」（＠s_kana2525）さん。普段はかぎ針編みで作ったバッグや購入品などを投稿しています。 今回話題を呼んだのは、投稿者さんが手作りした、サンリオキャラクターがいっぱいのトートバッグ。これを持って買い物へ行ったところ、レジの店員さんから「手編み？ すごい！」と声をかけられたそうなのですが……？ ●ドット風のデザインがかわいい バッグの正面でまず目を引くのが、ドット風に表現された大きなハンギョドン。その横には「あひるのペックル」や「リトルツインスターズ」の「ララ」も並んでいます。これはかわいらしい……！ ●ポムポムプリンも！ 反対側を見ると、ピンク色の背景に大きなポムポムプリンがあしらわれています。横には「マイメロディ」や「クロミ」なども並んでいて、見る面によって違ったキャラクターを楽しめるようになっているんですね。 編集部で話を聞いたところ、仕事の休憩中や休日などに少しずつ作業を進め、結果3週間ほどかかって制作したのだそうです。これだけ手の込んだバッグなら、レジの店員さんが思わず声をかけたくなるのも納得ですね！ ちなみにサイドのデザインには「ハローキティ」や「けろけろけろっぴ」「タキシードサム」などが登場します。かわいすぎるー！ ●「発想が可愛くて凄いですね」「ほんとに素敵」と反響 この投稿に対し、コメント欄では「発想が可愛くて凄いですね」「すごすぎます」「ほんとに素敵」「可愛いの見せてくれてありがとうございます」「私の推しのポムプリが 可愛い」などの声が寄せられています。 また、「これ何編みで編んでますか？」「編み図あったりしますか？」と作り方が気になった人も多いようです。kanaさんによると、こちらのバッグに編み図はなく、背景色の毛糸で編んだ細編みのモチーフにクロスステッチでドット絵を刺しゅうし、100円ショップ「ダイソー」のトートバッグに縫い付けたものとのことです。 ※画像提供：「kana」（＠s_kana2525）さん 野田えがお,[],[]
「今までのそば人生で一番すき」　“近所に欲しいそばチェーン”といえば？　ランキング上位に「うまいのに安すぎる」「500円で本格蕎麦が食べれます」の声（ねとらぼ）,https://news.yahoo.co.jp/articles/a41b3fe88c783583e8a67b1f09dd81c9cba2e237,https://newsatcl-pctr.c.yimg.jp/t/amd-img/20260929-10170452-it_nlab-000-1-view.jpg?exp=10800,2026-09-29T18:40:00+09:00,2026-09-29T18:40:00+09:00,ねとらぼ,it_nlab,ねとらぼ,966,画像はイメージです（画像：PIXTA）（写真：ねとらぼ） ねとらぼでは、アンケートサイト「ボイスノート」協力のもと、全国の男女を対象に「近所に欲しいそばチェーンはどれ？」というアンケートを実施しました。 【画像：ランキング27位～1位を見る】 多くの人から「近所に欲しい」と支持を集めたのは、どのそばチェーンだったのでしょうか。ランキング上位となったお店を見ていきましょう！ ●「嵯峨谷」とは 「十割蕎麦 嵯峨谷」は、店名の通り十割蕎麦を低価格で味わえるそばチェーン。店内に設置した石臼でそば粉を挽き、出来たてのそばを良心的な価格で提供することを特徴としています。渋谷や浜松町、田町、新宿など東京都内を中心に店舗を展開しています。 つゆにも工夫があり、冷たいそば用には昆布と3種類のブレンド節を使い、すっきりとした辛めの味わいに仕上げています。一方、温かいそば用には昆布と4種類のブレンド節を使い、そばや天ぷらを引き立てる深みのある味わいを目指しています。店舗によっては、そばと相性の良いわかめを無料で提供しているのもうれしいポイントです。 ●SNSでは Xでは「500円で本格蕎麦が食べれます」「嵯峨谷うまいのに安すぎる」「相変わらずそばも天ぷらもうまいね」「嵯峨谷で久しぶりに蕎麦。本当に家かオフィスの近くにできてほしい店の一つ」「もうボク嵯峨谷に住みます！嵯峨谷の子になる！！」「なんなら、つゆに関しては今までのそば人生で一番すきかもしれない」「近くに嵯峨谷出来てくれないかな。蕎麦のチェーンで一番美味いと思う」「東京で一番旨い立ち食い蕎麦チェーンは嵯峨谷だ」「十割蕎麦が450円から食えるの安すぎるし、無料のワカメがあって神」といった声が見られました。 ●第1位となったのは…富士そば！ 第1位は「富士そば」でした。ダイタングループが運営し、首都圏を中心に店舗展開している、そば・うどんチェーンです。 そんな富士そばでは、1日5万食を販売するスケールメリットを生かし、大量仕入れのうえに、店内で手間をかけて提供するシステムを構築。店舗へは毎朝生そばが直送されており、茹でた後に水で締め、できたての商品を提供しています。首都圏へ出張などで訪れた際に、地元へも出店してほしいと感じた人もいるかもしれません。 hiro./ハルミチ,[],[]
一番くじのグラスを洗ったら……“変わり果てた見た目”に「ショックすぎるww」「初めて見ました」（ねとらぼ）,https://news.yahoo.co.jp/articles/fe720239570e141d45cf7b0aae0d41275eab5425,https://newsatcl-pctr.c.yimg.jp/t/amd-img/20260929-10170544-it_nlab-000-1-view.jpg?exp=10800,2026-09-29T18:27:20+09:00,2026-09-29T18:27:20+09:00,ねとらぼ,it_nlab,ねとらぼ,657,一番くじでもらった景品のコップ（写真：ねとらぼ） 一番くじで手に入れたグラスの変わり果てた姿が、X（Twitter）で話題です。投稿は記事執筆時点で約600万回表示され、8万2000件以上の“いいね”を獲得しています。 【画像】変わり果てたコップ ●一番くじで手に入れたグラス 画像を投稿したのは、Xユーザーの「オノウチ（@dotikin）」さん。今回話題を呼んだのは、ハズレなしのキャラクターくじ「一番くじ スプラトゥーン３ 第三弾」でゲットして大喜びしたグラスに起きた出来事です。 手に入れたのは、E賞の「冷感チェンジグラス」という商品で、冷たい飲み物を注ぐと見た目が変化します。「スプラトゥーン3」ゲーム内のスペシャルウェポン“サメライド”をあらわすデザインで、温度変化により青くゲージが貯まったような見た目になります。 ●食洗機にかけたら見た目が変化 オノウチさんがこのグラスを食洗機にかけたところ、衝撃的な変化が起きました。約40度の低温モードだったにも関わらずサメライドのデザインが消え、ほとんど透明な見た目に……。大切な食器など食洗機で洗う際は、必要以上に注意が必要かもしれませんね。 ●「ショックすぎる」「初めて見ました」と反響 この投稿に対し、リプライ欄では「え、こんなに消えてしまうの、！、」「き…綺麗になっちゃった」「こんな悲しいことはない」「これまた、きれいになって…」「ビックリ初めて見ました」「それはショックすぎる…」「こういうのって消えるんだ…」などの声が寄せられました。 ひつじ陽介,[],[]
「とても幸福感のある食事でした」　福岡県で“食事の評価が高い宿”1位に「大広間から望む庭園も素晴らしい」「3回目の宿泊です」の声（ねとらぼ）,https://news.yahoo.co.jp/articles/b8b3d5262933efcc7df520a8e53b662ad3cd9fd7,https://newsatcl-pctr.c.yimg.jp/t/amd-img/20260929-10170488-it_nlab-000-1-view.jpg?exp=10800,2026-09-29T18:20:00+09:00,2026-09-29T18:20:00+09:00,ねとらぼ,it_nlab,ねとらぼ,1393,画像はイメージです（画像：PIXTA）（写真：ねとらぼ） 旅の楽しみの一つといえば、宿で味わう食事。せっかく旅行に出かけるなら、その土地ならではの食材や料理をじっくり堪能したいという人も多いのではないでしょうか。福岡県には、旬の食材を生かした料理や郷土の味覚など、こだわりの食事を提供する宿が数多くあります。 【画像】「福岡県で食事の評価が高い宿ランキング」TOP20 そこで本記事では、楽天トラベルの「福岡県で食事の評価が高い宿ランキング」【2026年9月29日時点】を紹介します。 ※本ランキングは、楽天トラベルに掲載されている宿泊施設を対象に、各ページで設定された基準（宿泊利用実績・特定のスポットからの所要時間など）に基づき、楽天トラベルが独自に集計・作成したものです。 ●2位：柳川藩主立花邸 御花 2位は、柳川市に所在する「柳川藩主立花邸 御花」でした。江戸時代に柳川藩主立花家の邸宅として誕生し、現在もその末裔によって受け継がれている料亭旅館です。文化遺産である屋敷を守るため、16代の手で料亭旅館へと生まれ変わりました。2025年には創業75周年を迎え、文化財のある景色と物語を100年後にもつなぐことを目指してリニューアル。自然素材のほか、屋敷で使われていた布石、八女提灯や有田焼などを取り入れ、その土地ならではの歴史や文化を感じられる空間となっています。 全20室の客室は8タイプあり、日本庭園「松濤園」側の客室では、国指定の文化財である庭園と建物を眺めながら滞在できるのも魅力。宿泊者は文化財巡りやブックラウンジ「御花書紡」での読書、大広間で松濤園を眺めながら過ごす時間など、御花ならではの体験を楽しめます。 食事では、地元の旬の食材を使った季節感あふれる会席料理を提供。柳川名物「うなぎのせいろ蒸し」も味わえ、鰻の骨の出汁を使った秘伝のタレと丁寧に焼き込んだ蒲焼が特徴です。歴史ある空間に泊まり、柳川の食や文化に触れられる特別な宿です。 ●1位：秋月温泉 料亭旅館 清流庵 1位は、朝倉市に所在する「秋月温泉 料亭旅館 清流庵」でした。 福岡市内から車で約1時間、桜や紅葉の季節には特に多くの人で賑わい、どこか懐かしい風情を感じながら街歩きを楽しめる場所にある、2400坪の広大な敷地にたたずむ小さな宿です。川のせせらぎに耳を傾けながら、静かでゆったりとした時間を過ごせます。 客室は1日6室限定で、それぞれ趣向を凝らした専用温泉を完備。和の風情あふれる空間で、四季の景色を眺めながらくつろげます。72畳の大広間からは、大きなガラス窓越しに風情豊かな日本庭園を望めるのも魅力。予約に応じて個室や宴会場として利用でき、宿泊客だけでなく日帰りでの食事にも対応しています。 料理は、1日6組の宿泊客に向けた本格創作料理。料理長自らが九州各地から厳選した食材を仕入れ、素材のうまみを生かしながら手間ひまかけて調理しています。美しい庭園や温泉、旬の味覚とともに、心安らぐひとときを楽しめるお宿です。 楽天トラベルのレビューでは、「さすが料理旅館というお味」「細やかな気配り、おいしいお食事、掛け流し部屋風呂と素敵な時間を提供していただきました」「とても幸福感のある食事でした」「大広間から望む庭園も素晴らしい」「3回目の宿泊です」といった声が寄せられていました。 月夜に米,[],[]
「合体しとる」USJの“新たなコラボキャラ”のヒントにSNS騒然「怖さ増した」「やばいいいいい」「これはもしや」「本当ならうれしい！」（ねとらぼ）,https://news.yahoo.co.jp/articles/a87ac8c4e10d77da81669bc75441f45ee8c074b7,https://newsatcl-pctr.c.yimg.jp/t/amd-img/20260929-10170539-it_nlab-000-1-view.jpg?exp=10800,2026-09-29T18:04:06+09:00,2026-09-29T18:04:06+09:00,ねとらぼ,it_nlab,ねとらぼ,595,USJ（画像出典：PIXTA）（写真：ねとらぼ） ユニバーサル・スタジオ・ジャパン（USJ）の公式Xが9月29日、謎のキャラクターのシルエットを公開。「これはもしや」「本当ならうれしい！！！」「合体…」との声が相次ぎ、SNS上で大きな注目を集めています。 【画像】公開されたシルエット ●「明日9/30 お楽しみに」 USJ公式アカウントは、ハートの絵文字とともに「明日9/30」「お楽しみに」と投稿。添えられた画像には、全身が黒く塗りつぶされた謎のキャラクターが写っています。 特徴的なのは、頭部を取り囲むように連なった大きな丸いシルエット。さらに、左右で形の異なるように見える腕など、独特なフォルムとなっています。 投稿ではキャラクターの正体や、9月30日に何が発表されるのかについては明かされていません。 ●「ミャクミャク？」予想相次ぐ このシルエットを巡り、SNSでは大阪・関西万博の公式キャラクター「ミャクミャク」を連想する人が続出。「ミャクミャク!?」「ハミクマと合体している？！」「化物爆誕」「怖さ増した」など、さまざまな予想が上がっています。 USJでは2026年に開業25周年を記念したさまざまな企画を展開中。10月13日には、大阪・関西万博閉幕1周年を記念したイベントの一環として、USJで音楽イベント「EXPO Beat Jam」が開催される予定です。 ねとらぼ編集部,[],[]
「5本買って使ってます」IKEAの“ガラスみたいな499円水筒”に絶賛の声　「氷も入りやすい」「持ち手が大きくて持ちやすい」「食洗機可能なのもうれしい」（ねとらぼ）,https://news.yahoo.co.jp/articles/1b15fda1c68a30d2066cb36aa2a8f9fd86c19d95,https://newsatcl-pctr.c.yimg.jp/t/amd-img/20260929-10170461-it_nlab-000-1-view.jpg?exp=10800,2026-09-29T18:00:00+09:00,2026-09-29T18:00:00+09:00,ねとらぼ,it_nlab,ねとらぼ,1016,画像：ねとらぼリサーチ（写真：ねとらぼ） IKEA（イケア）から販売されている「IKEA 365+ 水筒」が、ガラスのような見た目ながら丈夫なプラスチック製で使い勝手も良いと人気を集めています。499円と手に取りやすい価格なのも魅力です。 【画像】IKEAの“ガラスみたいな499円水筒” ●「IKEA 365+ 水筒」とは？ スウェーデン発の家具・インテリア雑貨ブランド「IKEA（イケア）」は、手に取りやすい価格と洗練された北欧デザインで、世界中から支持を集めている人気ショップ。シンプルで機能的なデザインは、ワンルームからファミリー向けの空間まで幅広くなじみ、収納グッズやキッチン用品、雑貨までラインアップも充実しています。豊富な品ぞろえで、家具選びから暮らしのヒント探しまで、訪れるだけでもワクワクするショップです。 そんなIKEAの「IKEA 365+ 水筒」は、洗練されたクリアな見た目が印象的なボトル。一見ガラス製のように美しいデザインですが、丈夫なプラスチックでできているため、毎日の使用による摩耗にも耐えられるのだとか。0.5リットルの使いやすいサイズ感で、冷水やスムージー、搾りたてのジュースなどを入れるのに活躍します。 食器洗い乾燥機に対応しており、耐熱温度は70度。ストラップが付いているので持ち運びがしやすいのも便利なポイントです。カラーは「ダークグレー」で、販売価格は499円です。このほか、容量0.7リットルの「ストライプ/ダークグレー」（599円）も販売されています。 ●購入した人の声 公式サイトやSNSなどでは、「これまで似たようなボトルを使っていましたが、遥かに安価にもかかわらずクオリティは遜色ありません。シンプルで美しいですし、食洗機可能なのもうれしい」「中が洗えて使いやすい。氷も入りやすいサイズの注ぎ口！」「取っ手があるので軽い力で開けられます。容量も適量で気に入りました」「サイズ感がとても良く使いやすいです」「フタの上の持ち手が大きくて持ちやすいです」「使い勝手が良い。落としても割れなくて、しっかりとしたつくり」「このクオリティーでこの金額なら、コスパ最高だと思います。うちには今回買い足して、5本のボトルを使い回しています」「大きさ・デザイン・持ちやすさ、大満足です」「基本常温なのでこのボトルはありがたい」「軽くて持ち運びに便利！毎日使っています」といった声が上がっています。,[],[]
「にんじんサラダにちょうどいい細さに切れる」　無印良品の“990円千切りピーラー”が大好評　「料理の時短間違いなし」「手に収まるサイズで持ちやすい」（ねとらぼ）,https://news.yahoo.co.jp/articles/a42c3b3c9ba2a58ea4f39968f616f491ab9baf95,https://newsatcl-pctr.c.yimg.jp/t/amd-img/20260929-10170448-it_nlab-000-1-view.jpg?exp=10800,2026-09-29T17:50:00+09:00,2026-09-29T17:50:00+09:00,ねとらぼ,it_nlab,ねとらぼ,969,（画像：ねとらぼ）（写真：ねとらぼ） 無印良品から販売されている「ステンレス 千切りピーラー」が、手に持ちやすいサイズ感でにんじんや大根などをサクサクと千切りすることができ、使い勝手がいいと高評価を集めています。 【画像】無印良品の“990円千切りピーラー” 本記事では、「ステンレス 千切りピーラー」について紹介します！ ●「ステンレス 千切りピーラー」とは？ 無印良品の「ステンレス 千切りピーラー」は、櫛刃を備え、食材の千切りを手軽に行えるピーラー。サイズは約幅5.5×長さ12センチで、扱いやすい大きさに仕上げられています。本体には18-8ステンレス鋼、刃にはステンレス刃物鋼、クシ刃には17-7ステンレス鋼を使用。ピーラーを使って、手間のかかる千切りをスムーズに行いたいときに便利なアイテムです。シンプルな構造で、日々の調理に取り入れやすいのもポイント。価格は税込み990円で販売されています。 ●購入者の声 無印良品公式サイトのレビューでは、「毎朝の野菜サラダ用に、にんじんを千切りしています。サラダにちょうど良い細さ。スムーズに切れます」「お料理の時短になるのは間違いなしです」「長さがある野菜もそのままの長さで千切りが出来て面白い！」「にんじんの千切りがすぐできる」「スライサーより安全」「サクサクとストレスなくきれいに千切りできた」「手に収まるサイズで持ちやすい」といった声が上がっていました。 ●切った野菜を保存するならイワキ「パック＆レンジ」がおすすめ iwaki（イワキ）「パック＆レンジ」は、発売から30年以上愛され続けている「iwaki（イワキ）」のロングセラーアイテム。耐熱ガラス製の容器に、耐熱温度140度のポリプロピレン製のフタがついています。ガラス容器はオーブン・食洗器の使用ができ、冷凍・電子レンジ加熱はフタをしたままでOK。下準備から保存・温め直しまでこれ1つで対応できる便利アイテムです。 サイズは、小鉢にもちょうどいい200ミリ・ご飯2膳分が保存できる450ミリ・作りおきに便利な500ミリ・サラダや煮物がキレイに収まる800ミリ・汁物も入れやすい1リットル・大容量でオーブン調理に重宝する1.2リットルの6種類。サイズ違いの容器も重ねて収納できるので場所を取らないのも魅力です。 coZca3,[],[]
「就職実績は本当に無敵」　“就職・進学評価が高い地方国立大学”といえば？　ランキング上位に「システムもとても充実」「実験・研究設備が大学の規模の割には非常に充実」の声（ねとらぼ）,https://news.yahoo.co.jp/articles/cd39bebcd4b4738adc92bfc96f8b0143538d203d,https://newsatcl-pctr.c.yimg.jp/t/amd-img/20260929-10170455-it_nlab-000-1-view.jpg?exp=10800,2026-09-29T17:40:00+09:00,2026-09-29T17:40:00+09:00,ねとらぼ,it_nlab,ねとらぼ,865,画像はイメージです（画像：PIXTA）（写真：ねとらぼ） 「みんなの学校情報（大学版）」は、全国の保育園、幼稚園、小学校、中学校、高校、専門学校、大学等の学校選びに役立つ情報を総合的に得ることのできるポータルサイトです。実際の生徒等本人や保護者からの口コミ情報が70万件以上と豊富に掲載されており、偏差値ランキングや各学校の学べる内容などの充実したコンテンツが掲載されています。 【画像：ランキング20位～1位を見る】 今回は「地方国立」ジャンルの中で「就職・進学」の評価スコアが高かった大学を見ていきましょう。 ●「豊橋技術科学大学」とは 「豊橋技術科学大学」は、愛知県豊橋市に本部を置く国立大学。高等専門学校からの3年次編入生を主として受け入れ、学部・大学院一貫で高度な技術者・研究者の育成を行う「技術科学大学」という分類に属しています。 機械工学、電気・電子情報工学、情報・知能工学、応用化学・生命工学、建築・都市システム学の五つの課程・専攻を擁しており、さまざまな角度から学習・研究・実験・プロジェクトを実施。さらに学部4年次には企業や公的機関で実務を経験する「実務訓練」が必修として設けられており、実社会における課題解決力や実践力を養う教育が行われています。 ●学生の声 「企業の現場でガチで働くから鍛えられるし、それがそのまま推薦や就職内定に直結するので、就職実績は本当に無敵だと思う」（工学部機械工学課程） 「研究したい人にはいい環境であると感じる。実験・研究設備が大学の規模の割には非常に充実している。共用設備も比較的きれい」（工学部建築・都市システム学課程） 「とても楽しいです。システムもとても充実しており、勉強するのにとても向いていると思います。ただし、勉強は大変です」（工学部情報・知能工学課程） 「応用解析や線形代数、確率統計などの数学、化学の基礎知識、電子電気回路、量子力学等を学ぶ。定期的に就活に関する講習会がある。周囲にある企業を始め、自動車会社に就職する人が多い」（工学部電気・電子情報工学課程）,[],[]
「10枚以上購入してる」　IKEAの“水をはじくバッグ”が大好評　「雨の日に重宝しています」「数あるエコバックの中でもナンバーワン」（ねとらぼ）,https://news.yahoo.co.jp/articles/1fe958891823c91cc1d39152b3752c3853266dbb,https://newsatcl-pctr.c.yimg.jp/t/amd-img/20260929-10170453-it_nlab-000-1-view.jpg?exp=10800,2026-09-29T17:30:00+09:00,2026-09-29T17:30:00+09:00,ねとらぼ,it_nlab,ねとらぼ,1122,（画像：ねとらぼ）（写真：ねとらぼ） 「IKEA」の定番となっている「たためるバッグ」が、水濡れに強く買い物からレジャーまで大活躍すると人気を集めています。 【画像】IKEAの“水をはじくバッグ” 本記事では、幅広い用途で使用でき高コスパで人気の「KLAMBY クラムビーバッグ ホワイト」について紹介します！ ●「KLAMBY クラムビーバッグ ホワイト」とは？ IKEAの「KLAMBY クラムビーバッグ ホワイト」は、ポリプロピレン100%で水をはじく素材のバッグ。シンプルな白地に、青と黄色のIKEAロゴが映えるデザインです。普段の買い物にはもちろん、洗濯物や資源ゴミなどさまざまなものを運ぶのに適しています。使わないときはコンパクトにたためるので、収納場所をとらないのもうれしいですね。汚れても濡れた布でさっと拭けばOKで、水で手洗いすることもできるので、海やプールなどのレジャーにもぴったり。幅38×高さ42×マチ15センチと普段使いしやすいサイズで、価格は税込299円と安価なのも魅力です。 IKEA公式サイトのレビューでは、「便利なので何個買ったから分からないくらい」「電車の中でも比較的コンパクトに持てて、自立するので家でも使いやすい」「A4サイズの資料がササっと入るので便利です。雨の日に重宝しています」「ブルーのショッパーより小さめでかっちりしているので持ち運びしやすい」「ランドリーバッグとして使用。除菌用アルコールで拭くことができるので清潔に保て、使わないときは畳んでコンパクトに収納できてよい」「もう10年くらい愛用してます（10枚以上購入してる）」「お馴染みレジャーシート素材なのでプールや温泉にも」「数あるエコバックの中でもナンバーワン」といった声が上がっていました。 ●食品用エコバッグなら紀ノ国屋の保冷エコバッグがおすすめ！ 「紀ノ国屋 まとまる保冷バッグ ミルキーホワイト」（税込み：1595円）は、付属のゴムバンドでコンパクトにまとめられる保冷バッグ。使わないときは手軽に折りたたんで持ち運べるため、バッグの中でもかさばりにくく、必要なときにさっと取り出せます。見た目以上の収納力があり、まとめ買いや大きめの食材もしっかり収納可能。上部はファスナー仕様なので、中身が見えにくく、持ち運び中に飛び出す心配も軽減します。また内側には保冷剤を入れられるメッシュポケットを備え、食品の鮮度を保ちやすいのも魅力。淡くやさしいパステルカラーにオリジナルファスナーとパイピングカラーが映えるデザインで、日常の買い物はもちろん、旅行や外出時のサブバッグとしても活躍する、機能性と携帯性を兼ね備えたアイテムです。 月夜に米,[],[]
「布団がフカフカになりました」日立の“布団乾燥機”に絶賛の声　「花粉の時期とか天気の悪い時に助かる」「コンパクトなのにパワフル」（ねとらぼ）,https://news.yahoo.co.jp/articles/303eda61563aea0a210647b637ca61794f2de15d,https://newsatcl-pctr.c.yimg.jp/t/amd-img/20260929-10170459-it_nlab-000-1-view.jpg?exp=10800,2026-09-29T17:20:00+09:00,2026-09-29T17:20:00+09:00,ねとらぼ,it_nlab,ねとらぼ,1037,画像はイメージです（画像：PIXTA）（写真：ねとらぼ） 日本を代表する家電メーカーの日立（HITACHI）は、国内外の幅広いエリアで事業を展開しています。家庭向けの家電製品に限ってもキッチン家電や空調家電など多数の商品を手がけており、多くのユーザーから品質の良さを評価する声が挙げられています。本記事では、そんな日立の布団乾燥機「HFK-CV1A」を紹介します。 【画像】日立の“布団乾燥機” 日立（HITACHI）の「HFK-CV1A」は、コンパクトで軽量な布団乾燥機です。布団の乾燥や温めに加え、ダニ対策にも対応しています。使用方法はホースの先に付ける「ふとん乾燥アタッチメント」を敷き布団と掛け布団の間にセットし、用途に合わせて温風または送風、運転時間を選択し、運転ボタンを押すだけ。アタッチメントはV字型にデザインされており、広範囲に温風が広がります。ダニ対策の場合は複数回の運転後、布団に掃除機をかけることで完了します。 付属品の「くつ乾燥アタッチメント」を使用すれば、左右の靴の同時乾燥も可能です。ホースやアタッチメントは本体内部に、電源コードは巻き取り部に巻いて収納でき、省スペースで保管できるのも魅力。持ち手も備えており、部屋間の移動にも便利です。 カラーはライトブラウン。サイズは幅20×奥行き16.4×高さ27.3センチで、重さは付属品収納時で約2.3キロです。Amazonなどのショッピングサイトでは、おおむね1万円未満で販売されています（2026年9月29日時点）。 ●購入した人のコメント Amazonのレビューでは、「コンパクトで使いやすくて正解だった。簡単に出し入れできても収納も便利。効果も抜群だと思う」「寒い日に15分掛けてから布団に入ると一晩暖かくて、エアコン使わなくなりました。花粉の時期も外干し出来なくても気持ち良く布団にはいれます」「コンパクトサイズなのにパワフルで色んな部屋に移動しやすいです！」「操作も簡単でよかった」「ダニ退治はもちろん。寒い冬場には、布団も温かくなるので、とても重宝してます」「コンパクトながら充分な性能。布団がフカフカになりました」「軽くてコンパクトで音も静かなので良いです。値段も手頃だし花粉の時期とか天気の悪い時など外に干せない時には、助かるかも」「簡単に利用できて誰でも使える、そして軽い乾燥機です。靴も乾かせるので、気に入ってます」「靴がすぐ乾く！布団がふわふわ！」といった声が寄せられています。,[],[]
「3着持ってます」Honeysの“1480円ヘンリーネックトップス”に「高見えします」「重ね着する時に使いやすい」（ねとらぼ）,https://news.yahoo.co.jp/articles/5a7bfbeb38da42df4cba27cb799b501700d06590,https://newsatcl-pctr.c.yimg.jp/t/amd-img/20260929-10170444-it_nlab-000-1-view.jpg?exp=10800,2026-09-29T17:00:00+09:00,2026-09-29T17:00:00+09:00,ねとらぼ,it_nlab,ねとらぼ,931,画像：ねとらぼリサーチ（写真：ねとらぼ） 一枚でも、カーディガンやシャツの下に重ねても着られる長袖トップスは、季節の変わり目に便利なアイテム。首元にボタンがあると、無地でもさりげないアクセントになります。本記事では、Honeysの「ヘンリーネックトップス」を紹介します。 【画像】Honeysの“1480円ヘンリーネックトップス” ●Honeys「ヘンリーネックトップス」とは Honeysの「ヘンリーネックトップス」は、首元にボタンをあしらった長袖カットソー。程よく体に沿う細身の幅と短めの丈が特徴で、ハイウエストのボトムスやワイドパンツと合わせやすいデザインです。 生地はポリエステル65％、レーヨン28％、ポリウレタン7％を使用したテレコ素材。ストレッチが利いており、シャツやカーディガンのインナーにも使えます。S・M・Lを展開し、身丈はそれぞれ50・52・54センチ。Sサイズのバストは78センチ、袖丈は59センチです。 紹介するアイボリーのSサイズは、Amazonで税込1480円（2026年9月29日時点）。ゆったりしたロング丈のトップスとはシルエットが異なるため、手持ちの服と身丈や身幅を比べて選ぶとよさそうです。 ●購入者の声 ハニーズ公式通販サイトのレビューでは、購入した人が「青と白とスミクロと3着あります」と投稿しています。別の人は「シンプルなカットソーよりも高見えします」と評価。ボトムスとの組み合わせによって、きれいめにも着られると感じています。「重ね着する時に使いやすい」という人は、値下がりした際にストック用を買い足していました。普段の合わせ方については、「ストレートデニムと合わせて着てます」という声もありました。 ●細リブ長袖Tシャツ C3655もチェック 首元のデザインや生地の厚みで比べるなら、神戸レタスの「細リブ長袖Tシャツ C3655」も候補です。細かなリブの入ったテレコ素材を使い、2025年2月からは厚みのある一枚仕立ての生地に変更されています。紹介するのは、首元が横に広く開いたスクエアネックのエクリュ。ボタンのあるヘンリーネックとは印象が異なり、ジャケットの下にも合わせやすいシンプルなデザインです。 Plume,[],[]
「何を入れても美しい」　無印良品の“490円ソーダガラスの器”に絶賛の声　「そうめんのつゆ入れに有能」「ヘビーユースです」「フルーツやヨーグルトにちょうどいい」（ねとらぼ）,https://news.yahoo.co.jp/articles/960af6dfdbb00b848f6beec12f5d2f8adfc07436,https://newsatcl-pctr.c.yimg.jp/t/amd-img/20260929-10170460-it_nlab-000-1-view.jpg?exp=10800,2026-09-29T16:50:00+09:00,2026-09-29T16:50:00+09:00,ねとらぼ,it_nlab,ねとらぼ,1056,画像：ねとらぼリサーチ（写真：ねとらぼ） シンプルで使いやすい食器がそろう「無印良品」のお皿。和食にも洋食にも合わせやすいデザインが多く、毎日の食卓に自然となじむのが魅力です。今回は、普段使いで活躍する無印良品のお皿に注目します。 【画像】無印良品の“490円ソーダガラスの器” ●無印良品の「ソーダガラス 深鉢 小」とは 無印良品の「ソーダガラス 深鉢 小」は、手吹きのようなゆらぎのある表面感が特徴のガラス食器です。無印のソーダガラス食器は国内のガラス工場で生産。1500℃に熱したガラスを金型に投入して成形した後、バーナーの角度や熱量、冷却時間などを調整して仕上げることで、均一でありながら独特なゆらぎ感のある器を作り出しています。 こちらの小さい深鉢はサラダや涼麺、果物など夏の食卓にはもちろん、季節を問わず使いやすいシンプルな深鉢です。サイズは約直径11cmで、重ねて収納しやすい形状がポイント。食洗機にも対応しています。価格は税込490円です。 ●購入者の声 無印良品公式サイトでは「そうめんのつゆ入れとしてあまりにも有能。このシリーズ大好きです。夏はそうめんのつゆ入れにあまりにも似合い、すでにヘビーユースです。たぶん年中使えそうです」「小鉢にもつゆ鉢にも使えるためほぼ毎日使っています」「フルーツやヨーグルトにちょうどいい」「サラダやデザートに丁度よい大きさ」「家族の人数分買いました」「何を入れても美しい。内側も角張ってないので洗いやすいです」「見た目もクリアで可愛いから見てすぐに欲しくなりました。使い勝手も良いです」「朝食のヨーグルトや、お素麺などの汁を入れるのに使ってます。見た目も可愛くて購入してよかったです」といった声が見られました。 ●IKEAの「ガラスボウル」も使い勝手ばつぐん IKEAの「STRANDKRABBA（ストランドクラッバ） ボウル」（299円）は、砂地にできる波紋のような表情をイメージした、透明なガラス製のボウルです。凹凸のあるガラスに光が差し込むことで、美しい影の模様が生まれるのが特徴。やわらかな曲線を描くフォルムも相まって、普段の食卓にさりげないアクセントを加えてくれます。 サイズは直径15センチ、高さ5センチで、容量は0.4リットル。軽食やおやつを盛り付けるのに適した小ぶりなボウルとして紹介されています。素材には強度と耐久性を高めた強化ガラスを使用しています。電子レンジと食器洗い乾燥機に対応しているため、普段使いしやすいのもポイントです。 アロ麻婆,[],[]
「ミニ財布代わりです」　セリアの“110円メッシュケース”が便利すぎ！　「お札も小銭も分けて入る」「2色買いしました」【使用レビュー】（ねとらぼ）,https://news.yahoo.co.jp/articles/35fbe73d05ec4f377b02eea8b3ca97a01699402f,https://newsatcl-pctr.c.yimg.jp/t/amd-img/20260929-10170462-it_nlab-000-1-view.jpg?exp=10800,2026-09-29T16:30:00+09:00,2026-09-29T16:30:00+09:00,ねとらぼ,it_nlab,ねとらぼ,1212,（画像：ねとらぼ）（写真：ねとらぼ） 100円ショップ・セリア（Seria）の「メッシュケース フラットタイプ」が、薄くて軽量、シンプルなデザインなどから高評価を得ており、ミニ財布としても使えると人気を集めています。 【画像】セリアの“110円メッシュケース” 今回、ミニ財布を探していた筆者が実際に購入して使ってみたので、写真とともに使い勝手などを紹介します！ ●セリアの「メッシュケース フラットタイプ」とは セリアの「メッシュケース フラットタイプ」は、小物を分けて収納できるメッシュタイプのケースです。ダブルファスナー仕様で、細かな持ち物を整理したいときに便利。メッシュ越しに中身を確認しやすく、鍵やリップ、薬などバッグの中で探しがちな小物もまとめて持ち歩けます。 2カ所に分けて小物を整理できるため、ミニ財布としても有能。大きいポケットにはお札やカードを、小さいポケットには小銭を入れることができます。もちろんカードを小さいほうに入れてもOK。本体サイズは約縦9.5×横13センチで、グレー、ネイビー、カーキ、ブラックの4色を展開しています。税込110円と安価なのも魅力で、色違いでいくつも欲しくなってしまいそうです。 ●実際に使ってみた 最近ミニサコッシュを使うようになったので、小さいバッグに収まるミニ財布を探していた筆者。人気のモンベルミニ財布から無印のメッシュポーチまで一通り検討しましたが、ふと立ち寄ったセリアで「メッシュケース フラットタイプ」が目に留まりました。サイズ感やシンプルなデザインもちょうどいい。何より110円だし……もうこれでいいんじゃね……？ ということでカーキを購入。個人的に「POP FIT」のロゴは不要だなと感じたので、切ってしまいました。 ミニサコッシュのために急遽購入した本商品ですが、思った以上に使い勝手がよい。メッシュなので中身が見やすく、お札やカード、小銭を分けて入れられるし、何より110円なのが最高です。ミニ財布以外にもいろいろ使えるかもと思い、後日ブラックも購入しました。長年長財布を使っていますが、ミニ財布代わりのケース（ポーチ）、ありかもしれない……！ ●ミニ財布になるケースなら「無印良品」もおすすめ 無印良品の「ポリエステルカードケース」（690円）は、バッグやポケットにすっきり収まりやすい約8×12センチのコンパクトサイズのカードケース。カードや小銭を入れてミニ財布として使うのはもちろん、鍵やリップなどを入れる小物入れとして活用するなど、さまざまな使い方ができます。 表地とメッシュ部分にはともにポリエステルを使用しており、軽くて丈夫な作りになっています。ストラップが付属しているので、バッグの持ち手やベルトループに引っ掛けておけば、中身をさっと取り出せるのもうれしいポイント。カラーは「グレー」「黒」「カーキ」「ピンク」を展開しています。 とらくろ,[],[]
「気持ち良くて2枚目を購入」　ニトリの“2790円疲労回復ワンピース”が好評　「着心地、肌触りがすごくいい！」「洗濯したらすぐに乾きます」の声（ねとらぼ）,https://news.yahoo.co.jp/articles/2807b7402d762b5a7c75b444e931048a9a294e95,https://newsatcl-pctr.c.yimg.jp/t/amd-img/20260929-10170428-it_nlab-000-1-view.jpg?exp=10800,2026-09-29T16:10:00+09:00,2026-09-29T16:10:00+09:00,ねとらぼ,it_nlab,ねとらぼ,1409,画像：ねとらぼリサーチ（写真：ねとらぼ） 疲労回復や快適な睡眠環境をサポートするとして注目を集めているのがリカバリーウェアです。着ることで休養時のコンディションを整えることを目的としたアイテムで、近年はパジャマや部屋着に取り入れる人も増えています。 【画像】ニトリの“2790円疲労回復ワンピース” 今回はニトリから登場しているワンピース型のリカバリーウェアを見ていきましょう。 ●ニトリの「WOMENS 着るだけで疲労回復リカバリーウェア ワンピース」とは ニトリの「WOMENS 着るだけで疲労回復リカバリーウェア ワンピース」（2790円）は、一般医療機器として届け出されているリカバリーウェア。就寝時やリラックスタイムに着用しやすい、ゆったりとしたワンピースで、遠赤外線が血行促進をサポートし、疲労や筋肉のハリ・コリの改善を目指す設計となっています。カラーはブラックやローズ系などが展開されており、落ち着いた色味で部屋着として取り入れやすい印象です。ほかにも、静電気防止や抗菌防臭加工といった機能性も魅力です。 ●購入者の声 公式サイトのレビューでは「夏場用に購入したが普段汗をかかない方なのに発汗作用があります。肌寒い時にはポカポカと暖かく、身体が温まると汗が出てくる。素肌に着ると効果を感じます」「すっきり見えて、私はカーディガンを羽織って出かけられる位に気に入っています」「気持ちが良くて2枚目を購入、夜は部屋着としても着ています。疲労回復効果は実感しませんが、気持ち良く眠れるのでいいかと！」「黒に続いて2枚目です。翌日なんとなくですが、カラダがラクな気がしました。気のせいかもしれませんが、着用しててもラクなので洗い替えにもう1枚購入してみました」「着心地、肌触りがすごくいい！ 洗濯したらすぐに乾きます」といった声が上がっていました。 ●ワークマンの「メディヒールコスモス長袖クルーネック」もおすすめ ワークマンの「メディヒールコスモス長袖クルーネック」は、リラックスタイムや就寝前のくつろぎ時間に着やすい疲労回復ウエアです。独自技術で繊維に練り込んだ高純度ナノカーボンが、身体から放出される遠赤外線を吸収して輻射。遠赤外線の血行促進作用により、疲労回復をサポートする環境を整えるとされています。 さらに、温度調節技術「Outlast（アウトラスト）」を採用しているのもポイント。暑いときには余分な熱を吸収し、寒いときには蓄えた熱を放出することで、衣服内の温度を快適に保ちやすい仕様です。季節の変わり目や、冷暖房で体感温度が変わりやすい室内でも使いやすそうです。 本体は綿60％、ポリエステル40％。リブ部分には綿95％、ポリウレタン5％を使用しており、肌触りのよさも期待できます。毎日忙しく働く人や、家事のあとにゆっくり過ごしたい人、ルームウェアにも着心地を求めたい人にぴったりです。 カラーはブラック、ネイビー、チャコール、ダークグリーンの4色。落ち着いた色味なので、部屋着としてはもちろん、ワンマイルウェアとしても使いやすそうです。価格は税込2900円で、同シリーズの「メディヒールコスモスロングパンツ」も税込2900円で販売されています。 上下でそろえれば、リラックスタイム用のセットアップとしても活躍。日々の疲れを少しでも心地よく整えたい人に、そっと寄り添ってくれそうな一着です。 ツナ缶,[],[]
「2万5000歩でもクッション性いい！」　ワークマンの“2900円スニーカー”に「4代目です」「とんでもないコスパ」「ブランドにこだわらない人には最高」の声（ねとらぼ）,https://news.yahoo.co.jp/articles/9d947213f397c25c6637dca1b80a218ab44d38b0,https://newsatcl-pctr.c.yimg.jp/t/amd-img/20260929-10170434-it_nlab-000-1-view.jpg?exp=10800,2026-09-29T15:50:00+09:00,2026-09-29T15:50:00+09:00,ねとらぼ,it_nlab,ねとらぼ,1091,画像：ねとらぼリサーチ（写真：ねとらぼ） ワークマンの「ハイバウンスバラストウォーク」は、高反発エコ素材「BounceTECH ECO」をかかとに内蔵した、タウン向けウォーキングシューズ。長距離を歩いても疲れにくく、デザインも良いと人気を集めています。 【画像】ワークマンの“2900円スニーカー” 本記事では、「ハイバウンスバラストウォーク」を紹介します。 ●「ハイバウンスバラストウォーク」とは？ ワークマンの「ハイバウンスバラストウォーク」は、人気シリーズ「ハイバウンス」の、街歩きにぴったりなタウンモデル。かかと部分に内蔵された高反発エコ素材「BounceTECH ECO（バウンステックエコ）」による、足取りが自然と前へ前へと進むような快適な履き心地が特徴です。長距離のウォーキングでも疲れにくく、歩きやすさが格段に向上すると評判。アウトソールには歩行時の横ブレを防ぐスタビライザーを内蔵。足が左右に揺れやすい人や、長く歩くと足首が疲れやすい人でも安定感を実感できるつくりになっています。 見た目はシンプルでどんなコーデにも合わせやすく、ウォーキングシューズらしさを保ちつつもカジュアルに履きこなせるデザインに。普段履きとして使っても違和感がなく、通勤・通学や買い物にもぴったりです。価格は税込み2900円で販売されています。 ●購入者の声 公式サイトのレビューでは、「見た目もスニーカーブランドのものと遜色ないので2足目を買いました」「常に1足はストックしつつ、今は4代目です」「デザインも含めて気に入っています。次回もリピします」「過去最高に履きやすい」「多い時には2万5000歩歩いていますが履き心地、クッション性がイイ」「この靴が2900円というのはとんでもないコスパ！」「長時間歩いても疲れません」「高額ブランド品なんてどうでもいい人には、最高の選択になりますね」といった声が寄せられています。 ●ユニクロの「コンビネーションスニーカー」もおすすめ ユニクロの「コンビネーションスニーカー／BEIGE」（4990円）は、レトロ感のある上品で洗練されたデザインと、高いグリップ力が魅力のスニーカー。ベージュとホワイトを組み合わせた明るいカラーリングで、春夏コーデにもなじみやすい一足です。 オリジナルのインソールとアウトソールにはクッション性を備えており、快適な履き心地に配慮。屈曲性にも優れているため歩きやすく、デイリー使いにも活躍します。さらに、ライニングには足あたりの良いパイル素材を採用しており、素足でも快適に履きやすいのもうれしいポイントです。 アロ麻婆,[],[]
「サブバッグとしての使いやすさ抜群」　THE NORTH FACEの“大きめトート”が5280円→3685円！「最強のエコバッグ」「たっぷり入ります」の声（ねとらぼ）,https://news.yahoo.co.jp/articles/3d904ddf8946e66e9f3ce14ceeb20e9be4a0ddd2,https://newsatcl-pctr.c.yimg.jp/t/amd-img/20260929-10170447-it_nlab-000-1-view.jpg?exp=10800,2026-09-29T15:30:00+09:00,2026-09-29T15:30:00+09:00,ねとらぼ,it_nlab,ねとらぼ,1237,（画像：ねとらぼ）（写真：ねとらぼ） ザ・ノース・フェイス（THE NORTH FACE）の「ランプトートL（NM72607）」が、大きめサイズのトートバッグで収納力に優れ、使い勝手が良いと高評価を得ています。オーガニックコットン製のナチュラルな風合いや、豊富なカラー展開も魅力。普段使いからアウトドアまでさまざまなシーンで活躍するトートバッグです。さっそく紹介していきます！ 【画像】THE NORTH FACEの“大きめトート” ●ノースフェイスの「ランプトートL（NM72607）」とは？ 1966年創業のザ・ノース・フェイス（THE NORTH FACE）は、登山用品から始まったアメリカのアウトドアブランド。最新技術を取り入れた高性能ウェアやギアを展開し、アウトドアとファッションをつなぐ存在として世界的に人気を集めています。 そんなノースフェイスの「ランプトートL（NM72607）」は、オーガニックコットンを使用した収納力の高い大型のトートバッグ。ポジティブなライフスタイルを送ろうというメッセージを込めた「RAMP（ランプ）」シリーズのアイテムです。素材本来の豊かな風合いでナチュラルな雰囲気が心地よく、フロントのビッグロゴがデザインのアクセントになっています。 サイズはH39.5×W60×D17センチ。内部には小物などの収納に便利なスリットポケットが付いており、開口部にはボタン付きなのも便利なポイント。カラー展開が豊富なのも魅力です。日常からアウトドアシーンまで幅広く活躍する大きめトートバッグとなっています。2026年9月29日時点、Amazonでは「ナチュラル/ブラック」カラーが参考価格5280円のところ、30%オフの税込3685円で販売されています。 ●購入者の声 公式サイト、楽天市場やYahoo！ショッピングなどでは、「サブバッグとしての使いやすさ抜群」「シンプルで使いやすく、荷物もたっぷり入ります」「最強のエコバッグ」「大きくて丈夫で、たくさん物が入って、内ポケットがあって、凄く使いやすい」「財布と携帯と小物を入れて出掛けるにはちょうど良い」「どの色にしようか迷いました」「大型で使い勝手が良い」といった声が寄せられています。 ●niko and …のトートバッグもおすすめ！ ニコアンドの「ポーチ付き洗いトートバッグ」は、ウォッシュ加工による風合いと、くたっと柔らかなコットン素材が魅力の大容量トートバッグ。体にフィットしやすく、荷物をたっぷり入れてもかさばりにくいのが特徴です。A4書類や13インチPC、長財布、600ミリリットルボトルなどをすっきり収納できるサイズ感。外側と内側には各2つのポケットを備え、小物の整理にも便利です。間口は中身が見えにくいマグネットボタン仕様。また取り外して単体でも使えるミニポーチも付属しています。カラーはグレー・ベージュ・パープルの3色。価格は税込み4500円で販売されています。 coZca3,[],[]
「今年1番の着痩せスカート」　無印良品の“1990円スカート”が大人気　「可愛くて形もきれい」「お腹がポッコリしない」「軽くて履き心地最高です」（ねとらぼ）,https://news.yahoo.co.jp/articles/8b93cab626adf917c39273b9f3a379f271ecb0ca,https://newsatcl-pctr.c.yimg.jp/t/amd-img/20260929-10170443-it_nlab-000-1-view.jpg?exp=10800,2026-09-29T15:10:00+09:00,2026-09-29T15:10:00+09:00,ねとらぼ,it_nlab,ねとらぼ,1302,ねとらぼリサーチ（写真：ねとらぼ） 無印良品から販売されている“1990円スカート”が、軽くて履き心地も良く、スタイルが良く見えると人気を集めています。 【画像】無印良品の“1990円スカート” 本記事では、そんな「婦人 ライトスウェットフレアスカート」と、同商品が2位となった「無印良品のスウェット（レディース）」人気ランキングを紹介します。 （出典元：スウェット｜婦人・レディース （人気順） 通販 | 無印良品） ●第2位：婦人 ライトスウェットフレアスカート 第2位は「婦人 ライトスウェットフレアスカート」でした。軽やかでやわらかな着心地のスウェット素材を使用したロングスカートです。定番のスウェットよりも薄手の生地で仕立てられており、ほどよい厚みで季節の変わり目にも取り入れやすいのが魅力。腰まわりのボリュームを抑えつつ、裾に向かって広がるフレアシルエットに仕上げられているため、すっきりとした印象で着こなせます。肌離れがよく、フィット感はゆったりめ。綿にはオーガニックコットンを使用しているのもうれしいポイントです。 カラーはグレーと黒、ネイビーを展開。価格は値下げされ、税込1990円で販売されています（2026年9月29日時点）。Tシャツやスウェットと合わせたカジュアルスタイルはもちろん、シャツやニットと合わせても使いやすく、楽な着心地とすっきりとしたシルエットを両立したスカートを探している人におすすめの1着といえるでしょう。 ●購入者の声 無印良品公式サイトでは、「グレーと黒の2着購入しました」「今年1番の着痩せスカート。これならスウェット地でも仕事に着ていけそう」「履き心地最高のスカート。すっきりスマートに着用できて、軽くて履き心地最高です」「可愛くて形も綺麗なスカート」「お腹がポッコリしない。ウエストの前部分がすっきりしてるのできれいに履けます。旅行の時も楽そうです」などの声が上がっていました。 ●第1位：婦人 ライトスウェットクルーネック半袖Ｔシャツ 第1位は「婦人 ライトスウェットクルーネック半袖Ｔシャツ」でした。軽やかでやわらかな着心地が特徴のスウェット素材を使用した半袖Tシャツです。定番のスウェットより薄手の生地で仕立てられており、ほどよい厚みで季節の変わり目にも取り入れやすいのが魅力。スウェットをベースにしながら1枚でも着やすいデザインで、ボトムスにタックインしても、そのまま裾を出してもバランスよく着こなせます。 カラーはオフ白、グレー、黒、ネイビーを展開。価格は値下げされ、税込1490円で販売されています（2026年9月29日時点）。デニムやスカートなど幅広いボトムスと合わせやすく、Tシャツ感覚で着られる軽めのトップスを探している人におすすめの1着といえるでしょう。 ●購入者の声 無印良品公式サイトでは、「理想の半袖スウェット！」「どんなボトムにも合わせやすい」「スカートとセットアップで着れるので一緒に購入。袖がふんわり丸く縫製されていて可愛い」「綿素材が気持ちがいい」「気に入りすぎて買い足しました」といった声が上がっていました。 kei,[],[]
「お財布などを取り出しやすい」　中川政七商店の“エコバッグ”に「全色買いしたい」「革のバッグは持たなくなりました」「大きなポケットみたい」の声（ねとらぼ）,https://news.yahoo.co.jp/articles/b49314f74b1759c26bf46505e3c9b892c850e5e1,https://newsatcl-pctr.c.yimg.jp/t/amd-img/20260929-10170438-it_nlab-000-1-view.jpg?exp=10800,2026-09-29T15:00:00+09:00,2026-09-29T15:00:00+09:00,ねとらぼ,it_nlab,ねとらぼ,1229,画像はイメージです（画像：PIXTA）（写真：ねとらぼ） 普段のお出かけから買い物まで、さまざまな場面で活躍するショルダーバッグ。毎日使うなら、軽くて持ち歩きやすく、荷物が増えたときのサブバッグとしても使えるものが便利です。今回は、手提げと肩掛けの2WAYで使える、中川政七商店の「タイプライターのショルダーバッグ」を紹介します。 【画像】中川政七商店の“エコバッグ” ●中川政七商店の「タイプライターのショルダーバッグ」とは 中川政七商店の「タイプライターのショルダーバッグ」は、薄手で軽く、丈夫なタイプライター生地を使用した2WAYバッグです。手提げと肩掛けの2通りで使え、普段のお出かけのメインバッグとしてはもちろん、買い物用のサブバッグとしても活躍します。価格は税込み5940円です。 使用している「タイプライター生地」は、シャツなどにも使われる高密度に平織りした生地。薄手ながらハリがあり、目が細かく詰まっているのが特徴です。本商品では、自然なムラ感が生まれるよう染め上げ、豊かな表情に仕上げています。 使わないときは折りたたみ、ひもでまとめてコンパクトに持ち運べるのもポイント。普段使っているバッグに入れておいたり、車や玄関に置いて買い物用として使ったりできます。 内側にはオープンポケットを1つ装備。定期券や鍵、スマートフォンなどの小物を分けて収納できます。カラーは好みに合わせて選べる5色を展開しています。 ●購入者の声 中川政七商店オンラインショップのレビューでは「とっても軽い、かさばりません」「肩にかけても手提げにしても使えるので、便利」「薄くて軽いけれどペラペラとは違う質感、斜めがけも手持ちもでき、色もきれいです」「手持ちとショルダー両方になるエコバッグは珍しいかな？」「色は悩んで悩んで家族と色違いを買いました」「オンラインでみて、これだ！と思いました」「びっくりするほどの軽さです」「斜めにかけても楽ちんで本当に気に入っています」「このバッグに出会ってから革のバッグは持たなくなりました」「お買い物の時にもお財布などを取り出しやすい」「容量もありお土産バシバシ入ります」「全色買いしたいくらいです」「大きなポケットみたい」といった声が寄せられていました。 ●THE NORTH FACEの「Organic Cotton Tote」もおすすめ！ THE NORTH FACEの「Organic Cotton Tote」は、オーガニックコットンを100％使用したトートバッグです。一般的なキャンバス生地よりも厚手で丈夫な仕上がりが特徴で、44×47.5×10cmの大きめサイズが日常使いからレジャーまで幅広く活躍します。 使い勝手にも工夫があり、開口部にはスナップボタンを配置。バッグの中身が飛び出しにくいよう配慮されています。内側には、細かな荷物を入れられるマルチポケットと、小物を連結できるループも備えています。 からすみパスタ,[],[]
白いニット帽にカラフルな刺しゅう糸で……　驚きのアイデアに「すごくクール」「大好き！」【海外】（ねとらぼ）,https://news.yahoo.co.jp/articles/e5ef067361f7568862ef403b02729fd23dd81061,https://newsatcl-pctr.c.yimg.jp/t/amd-img/20260929-10169978-it_nlab-000-1-view.jpg?exp=10800,2026-09-29T15:00:00+09:00,2026-09-29T15:00:00+09:00,ねとらぼ,it_nlab,ねとらぼ,696,白いニット帽にカラフルな刺しゅう糸で……（写真：ねとらぼ） 白いニット帽をカラフルな糸で刺しゅうしてアレンジする動画がInstagramで話題に。記事執筆時点で約110万再生され、約5万件の“いいね”が集まっています。 【画像】完成したアイテム 投稿者は、海外のInstagramユーザー、Chollat-Boteville（chollat_boteville）さん。普段は、着古した衣服をすてきにアレンジする動画などを投稿しています。 今回の主役は、シンプルな白い無地のニット帽。まずは針に赤い糸を通し、ローマ字の“T”のような形を小さく縫います。それに連なるように、すぐ下に青い糸で折れ曲がった2本の線と茶色い棒のようなものを足します。板に乗った人間をイメージしているような見た目で、ニット帽の全体にばらけるように、さまざまな色で複数人分縫います。 縫い終わると、シンプルだったニット帽はほどよくあざやかな見た目に！ カラフルな糸で縫っていたのは、スノーボードの乗った人間でした。白い無地を雪山のように捉え、さっそうとすべるスノーボーダーを表現。アイデアもさることながら、カラフルだけど派手すぎないデザインもすてきですね。 この発想豊かな作品には、「これはすごい」「すごくクール」「大好き！」「とてもクリエイティブ」「とてもかわいい」と絶賛の声が。記事執筆時点ではインターネット上で販売もしているようで、「1つ購入したいと思っている」「ほしいです！」と購入希望者からの声も寄せられました。 画像引用：Chollat-Boteville（chollat_boteville）さん ひつじ陽介,[],[]
「スマホや財布を入れるのにちょうどいい」アニエスベーの“トートバッグ”が大人気　「一目惚れで買いました」「中身が飛び出さない」（ねとらぼ）,https://news.yahoo.co.jp/articles/f7ff576da2d3ecb021515a2150789155ec3241a8,https://newsatcl-pctr.c.yimg.jp/t/amd-img/20260929-10170442-it_nlab-000-1-view.jpg?exp=10800,2026-09-29T14:50:00+09:00,2026-09-29T14:50:00+09:00,ねとらぼ,it_nlab,ねとらぼ,878,画像：ねとらぼリサーチ（写真：ねとらぼ） シックでカジュアルなスタイルが人気のファッションブランド「agnes b.（アニエスベー）」。アパレルやバッグ、財布をはじめ、時計などさまざまなアイテムを展開しています。本記事では、そんなアニエスベーで人気の「WEB限定ロゴトートバッグ GO03‐02」を紹介します。 【画像】アニエスベーの“トートバッグ” アニエスベーの「WEB限定ロゴトートバッグ（GO03-02）」は、シンプルながらも洗練されたデザインが魅力のアイテム。コットン素材にブランドロゴをプリントし、口元にはファスナーが付いているため、ランチバッグやちょっとしたお出かけ用としても活躍します。 サイズは縦18×横24.5×マチ9.5センチ、持ち手の長さは31.5センチと、コンパクトながらも必要なものをしっかり収納できます。カラー展開はブラックとアイボリーの2色で、どちらもコーディネートに合わせやすい落ち着いた色味。公式オンラインストアでの販売価格は8250円です。 ●購入者の声 Amazonのレビューなどでは「一目惚れしました。荷物が入れやすく持ちやすいです。思った以上に物が入ります」「ちょうど良い大きさ、使いやすい！大きすぎず小さすぎず、でもたくさん入ります。トートバッグにファスナーが付いていて、中身が飛び出さない」「スマホや財布を入れておくのにちょうどいいサイズで、服を選ばす使いやすい！」「とても可愛いです」といった声が寄せられています。 ●DEAN＆DELUCAのトートバッグもおすすめ ディーンアンドデルーカの「ビッグトートバッグ ナチュラル」は、コットン製で肩からかけやすく、ピクニックグッズなども余裕で入る大容量が魅力のトートバッグ。内側には大きめのポケットが付いており、財布やスマホなどの小物収納に便利です。折りたたんでもかさばらないので持ち運びやすく、日常使いからエコバッグ、ギフトとしてもおすすめ。サイズは縦35センチ×横64.5cセンチ×マチ20センチ、公式オンラインサイトでの販売価格は4620円です。 大泉勝彦,[],[]
「一番使っている食器かもしれません」　IKEAの“99円白いボウル”が変わらぬ人気！　「どんな色も映える」「ご飯、おかず、汁物なんでもOK」「お洒落で超低価格」（ねとらぼ）,https://news.yahoo.co.jp/articles/679b63a6be8d2496c5b368f8ddfb4a7714103bff,https://newsatcl-pctr.c.yimg.jp/t/amd-img/20260929-10170433-it_nlab-000-1-view.jpg?exp=10800,2026-09-29T14:40:00+09:00,2026-09-29T14:40:00+09:00,ねとらぼ,it_nlab,ねとらぼ,1250,画像：ねとらぼリサーチ（写真：ねとらぼ） 食器をまとめてそろえたいときに頼りになるのが、手頃な価格で買えるアイテムです。IKEAの99円食器は、シンプルなデザインで普段使いしやすく、料理やテーブルコーディネートにも合わせやすいのが魅力。今回は、コスパの高さがうれしいIKEAの食器を紹介します。 【画像】IKEAの“99円白いボウル” ●IKEA「OFTAST（オフタスト）ボウル」とは IKEAの「OFTAST（オフタスト）ボウル ホワイト 15cm」は、シンプルで使いやすい白色のボウルです。直径約15センチ、高さ約5センチ、容量0.4リットルで、毎日のスープやサラダ、副菜などにちょうどいいサイズ感。電子レンジ・食器洗い乾燥機に対応しており、使い勝手の良さが魅力です。 素材には耐久性にすぐれた強化ガラス（オパールガラス）が使われており、軽量ながら割れにくく、重ねて収納しやすい設計。真っ白でどんなテーブルコーディネートにもなじみ、和洋を問わず幅広い料理に合わせられる万能ボウルです。価格は税込99円（店舗により異なる場合あり）と非常にリーズナブル。日常使いから来客用まで、シーンを問わず活躍するロングセラーの一品です。 ●購入者の声 IKEA公式サイトでは「とにかく安い。何枚も揃えています。白は最強」「多くを語るだけ野暮。素晴らしい商品。シンプル、なのにお洒落、けど超低価格」「一番使っている食器かもしれません。何を入れるにも丁度良い大きさなので使いやすいです」「ご飯、おかず、汁物。なんでもokのベストサイズです」「99円でこの価値！サラダに果物に、万能な器です」「想像の5倍は頑丈でした。買ってよかった」「毎朝のフルーツとヨーグルト盛合せにも、夜のスープやサラダにも1人分ぴったりです。どんな色も映えるし、洗いやすいのも助かります」といった声が見られました。 ●無印良品「日常の器 ボウル 中」もおすすめ 無印良品の「日常の器 ボウル 中」（690円）は、和食・洋食・中華を問わず合わせやすいシンプルなデザインと機能性で知られる「日常の器」シリーズの一品。「料理や食材が主役になるデザイン」「組み合わせを楽しめるカラー展開」「日常使いに配慮した形」という3つの特徴を備えています。 直径約16.5センチと、うどんやラーメンなどの麺類、スープをはじめ、サラダやフルーツの盛り付けにも使いやすいサイズに仕上げられており、メイン料理と副菜のどちらにも使いやすいボウルです。しっかりと深さがあるため、汁気のある料理を盛り付けられるのもポイント。 カラーバリエーションは、グレーベージュ、グレー、白、ダークブラウン、ブルーライン。落ち着いた単色の4色に加え、爽やかなラインをあしらったブルーラインが用意されており、同じシリーズのプレートやカップなどと自由に組み合わせられます。電子レンジと食器洗い乾燥機に対応しているため、料理の温め直しや食後の片付けをしやすいのもうれしいポイントです。 アロ麻婆,[],[]
「世界でも類稀な実験設備」“研究力が高いと思う国立大学”って？　ランキング上位に「資金、教授、あらゆる点について充実」「寝泊まりする人もいるくらい」の声（ねとらぼ）,https://news.yahoo.co.jp/articles/453f2b175be473bfaec9565ac00f5470798a5b1f,https://newsatcl-pctr.c.yimg.jp/t/amd-img/20260929-10170435-it_nlab-000-1-view.jpg?exp=10800,2026-09-29T14:30:00+09:00,2026-09-29T14:30:00+09:00,ねとらぼ,it_nlab,ねとらぼ,892,画像はイメージです（画像：PIXTA）（写真：ねとらぼ） ねとらぼでは、アンケートサイト「ボイスノート」の協力のもと、全国の男女を対象に「東大・京大以外で研究力が高いと思う国立大学」というテーマでアンケート調査を実施しました。 【画像：ランキング25位～1位を見る】 東大・京大を殿堂入りとして除いた場合、多くの人から、「研究力が高いと思う」と支持を集めたのは、どの国立大学だったのでしょうか。ランキング上位となった大学について、実際の学生の声も「みんなの学校情報（大学版）」から交えつつ見ていきましょう。 「みんなの学校情報（大学版）」は、全国の保育園、幼稚園、小学校、中学校、高校、専門学校、大学等の学校選びに役立つ情報を総合的に得ることのできるポータルサイトです。実際の生徒等本人や保護者からの口コミ情報が70万件以上と豊富に掲載されており、偏差値ランキングや各学校の学べる内容などの充実したコンテンツが掲載されています。 ●「北海道大学」とは 「北海道大学」は、1876年に開学した「札幌農学校」を前身とし、1918年に「北海道帝国大学」として設置された国立大学。大学院に重点を置く基幹総合大学であり、「フロンティア精神」「国際性の涵養」「全人教育」および「実学の重視」という教育研究に関わる基本理念を掲げています。 学部は、文学部、教育学部、法学部、経済学部、理学部、医学部、歯学部、薬学部、工学部、農学部、獣医学部、水産学部の12学部です。札幌農学校を起源に持つ大学らしく、農学部や獣医学部、水産学部など、北海道の自然や産業と深く結びつく学部を持つ点も大きな特徴で、これらの分野に興味がある学生にとっては魅力的な選択肢です。 札幌駅北側に広大なキャンパスを構える北海道大学。メインとなる札幌キャンパスは、JR札幌駅北口から徒歩圏内というアクセスの良さが魅力です。また新千歳空港からもJRで移動しやすく、道外からの往来にも便利。周辺には商業施設や飲食店が充実している一方で、キャンパス内には豊かな自然が広がっており、都市の利便性と落ち着いた学習環境の両方を兼ね備えています。,[],[]
店員に「ソレ、ゲンテイ!!」と言われ買ってしまった三色団子→まさかの中身に「やられた」「くっ……でも初めて見たし！」（ねとらぼ）,https://news.yahoo.co.jp/articles/28d7bfba258b03eae0fc560b145cf5e8e8372704,https://newsatcl-pctr.c.yimg.jp/t/amd-img/20260929-10170182-it_nlab-000-1-view.jpg?exp=10800,2026-09-29T14:30:00+09:00,2026-09-29T14:30:00+09:00,ねとらぼ,it_nlab,ねとらぼ,976,買ってしまったのは……（写真：ねとらぼ） コンビニで「ソレ、メズラシイ！ ゲンテイ!!」とすすめられたのは……。まさかの購入品がThreadsへ投稿されました。なおこちらは、記事執筆時点で9万回表示を突破、7400件を超える“いいね”を獲得しています。 【画像】まさかの中身 投稿者は、Threadsユーザーの「きみ」（@_11028349_）さん。普段は1歳のラブラドールレトリバーとの暮らしなどを発信しています。今回話題を呼んだのは、たまたま立ち寄ったコンビニで、思わず「してやられた」と感じたというエピソードです。 この日、休憩のために立ち寄ったコンビニで、秋らしい色合いの三色だんごを発見。すると、外国人の店員さんから「ソレ、メズラシイ！ キョウカラハイッタ！ ゲンテイ!!」と猛プッシュされました。そこまで言われたら気になってしまいますよね。きみさんは、そのまま三色だんごを購入しました。 ところがその後、レジの奥から聞こえてきたのは「ホラ〜ニホンジン、ゲンテイヨワイ！ カッテクレルネ〜」という声……！ まさに店員さんの狙い通り（？）に購入してしまったきみさんは「してやられた」と思わず笑ってしまいました。 なお、購入したのは山崎製パンの「秋の彩菓 三色だんご」。黄色、白、オレンジ色のだんごが1つずつ串に刺さった3本セットで、紅葉を思わせるパッケージも相まって秋らしさ満点です。そして気になる味については「いつもの大好きな味でした」「美味しかったです」とつづっています。 その店員さん有能だと思う」「限定じゃないのよ、そう言ってくれるあなたに弱いのよ笑」「しっかり読まれてますな」「かわいい色のお団子」「めちゃくちゃ鮮やか」「くっ……でも初めて見たし！」「秋っぽいですし」「私もこれ気になってました」「何味かな？」「私もこれ買っちゃった！」といった反応が。 その一方で「限定弱い……確かにその通りだから何にも言えないですね笑」「でも限定は今しか食べられないから!!!」「わたしも絶対買う」「悔しいけど事実だから仕方ないかも笑」「限定とか初物に弱いのは昔からでやんす」「限定っていう付加価値があるとよりおいしく感じますよね」「それが日本人笑」と、納得してしまった人も多かったようです。 画像提供：きみ（@_11028349_）さん 川上酒乃,[],[]
「良い色すぎて衝動買い」　カルディの“350円エコバッグ”が大人気　「汚れたらガンガン洗えるし本当に優秀」「このエコバッグが一番使いやすい」（ねとらぼ）,https://news.yahoo.co.jp/articles/5e6bcadbb65d4bc0fd7aab02c6748ddd0f1d14bb,https://newsatcl-pctr.c.yimg.jp/t/amd-img/20260929-10170439-it_nlab-000-1-view.jpg?exp=10800,2026-09-29T14:20:00+09:00,2026-09-29T14:20:00+09:00,ねとらぼ,it_nlab,ねとらぼ,920,画像：ねとらぼリサーチ（写真：ねとらぼ） 「カルディコーヒーファーム（KALDI）」で定番人気となっている“350円エコバッグ”は、上品なデザインで使いやすく、コスパも良いと高評価を集めています。新色が出るたびに買ってしまうという人も多いのではないでしょうか。 【画像】カルディの“350円エコバッグ” 本記事では、そんなカルディの「エコバッグ フレンチブルー」について紹介します。 ●カルディの「エコバッグ フレンチブルー」とは？ カルディの「エコバッグ フレンチブルー」は、くすみカラーが特徴のエコバッグ。持ちやすさと機能性にこだわって作られた丈夫さが魅力で、バッグと一体化したポケットにコンパクトに折りたたんで収納できるのも特徴です。ロゴのプリント部分の仕様が変更され、手洗いができるようになったのもうれしいポイント。サイズは約縦39×横44×マチ8センチ、持ち手60センチで、耐荷重は約5キロと、薄くてコンパクトなのに意外とたっぷり入る優れものです。価格は税込350円で販売されています。 ●購入者の声 カルディ公式サイトやSNSでは「毎回新色が出るタイミングで購入してます。コンパクトなのに案外沢山入るし丈夫」「カルディの新色エコバッグ、迷いに迷って両方買ってしまいました。『プラム』と『フレンチブルー』どちらもいい色すぎます」「良い色すぎて衝動買い」「近くの店舗では完売していて、他店に行ったらラス2。レジに向かう頃には最後の1個がなくなっていました」「サイズ感、お値段、使いやすさ。なんだかんだでカルディのエコバッグが一番使いやすい。汚れたらガンガン洗えるし本当に優秀」といった声が上がっています。 ●成城石井のエコバッグもおすすめ 成城石井の「リサイクルエコバッグ イエローグリーン」は、リサイクル素材を使用した実用的なショッピングバッグです。軽量で持ち運びしやすく、食品や食器などを無造作に配置したデザインがオシャレ。サイズは高さ約36×横34×マチ13.5センチで、日々の食料品や雑貨の収納にちょうどよい大きさです。価格は税込275円と安価で、普段使いはもちろん、サブバッグとしても活躍する一枚といえるでしょう。 kei,[],[]
「10枚くらい買ってる」　ユニクロの“390円エコバッグ”に「たくさん入れても、重いものを入れても破れません」「何にでも使えて本当に便利」の声（ねとらぼ）,https://news.yahoo.co.jp/articles/b0e43345459d7f27453f329c22cd952ea660f309,https://newsatcl-pctr.c.yimg.jp/t/amd-img/20260929-10170431-it_nlab-000-1-view.jpg?exp=10800,2026-09-29T14:10:00+09:00,2026-09-29T14:10:00+09:00,ねとらぼ,it_nlab,ねとらぼ,1087,（画像：ねとらぼ）（写真：ねとらぼ） ユニクロの「リユーザブルバッグ」は、税込390円のコットントートバッグです。レビューでは、軽さや収納力、丈夫さ、さまざまな場面で使える便利さが評価されています。 【画像】ユニクロの“390円エコバッグ” 本記事では、そんなユニクロの「リユーザブルバッグ」を紹介します。 ●ユニクロの「リユーザブルバッグ」とは？ ユニクロの「リユーザブルバッグ」（390円）は、綿100パーセント素材を使用したトートバッグです。シンプルでコーディネートを選びにくいデザインで、持ち手は肩掛けしやすい長さに設計されています。買い物用のエコバッグとしてはもちろん、旅行や荷物が増えたときのサブバッグなど、幅広い用途で使いやすいアイテムです。サイズはMとLの2種類で、Mサイズは幅45×高さ42×マチ11センチ、Lサイズは幅59×高さ42×マチ14センチ。汚れが気になったときには、手洗いが可能です。 ●購入者の声 ユニクロ公式サイトでは、「軽くてたくさん入るので、買い物のときにとても便利です」「今まで使ってきたバッグの中で過去イチよかったです！」「サブバッグとして使用したり旅行の時にお土産を入れてトランクに収納したりと重宝しています」「色々なシチュエーションで便利に使えるので何枚も持ってます」「3つくらい購入して家族で使いまわしてます」「1枚お試しに買ってから、10枚目くらいになります」「たくさん入れても、重いものを入れても破れません」「何にでも使えて本当に便利」といった声がありました。 ●中川政七商店の「あずまトートバッグ」もおすすめ 中川政七商店の「あずまトートバッグ」は、江戸時代から伝わる「あずま袋」に着想を得たトートバッグです。開口部がすぼまった形状で、肩に掛けた際に中の荷物が見えにくいのが特徴。シンプルなデザインで、仕事から普段のお出かけまで幅広く使えます。価格は税込1万2100円です。 生地には、岡山県倉敷市で作られた綿100％の6号帆布を使用。旧式のシャトル織機でゆっくりと織り上げ、ロウ引き加工を施したパラフィン帆布で、自立するほどの張りと丈夫さを備えています。一枚仕立てのため重量は約333グラムと軽く、使い込むにつれて柔らかくなる経年変化も楽しめます。 収納力も高く、財布やスマートフォン、化粧ポーチ、タンブラーなど、普段持ち歩くものをまとめて入れられます。外側にはスマートフォンなどを収納できる隠しポケットを1つ備えています。持ち手は肩掛けできる長さに設計されており、アウターを着た状態でも使用可能です。 からすみパスタ,[],[]
「年中鉄板焼き、お鍋するので助かります」　イワタニの“薄型カセットコンロ”が5445円→4250円！　「とてもスリムで高級感さえある」「点火も消火も◎」（ねとらぼ）,https://news.yahoo.co.jp/articles/0d8dcf9b90783fab070a1c40d98a12d8431dd7c8,https://newsatcl-pctr.c.yimg.jp/t/amd-img/20260929-10170422-it_nlab-000-1-view.jpg?exp=10800,2026-09-29T14:00:00+09:00,2026-09-29T14:00:00+09:00,ねとらぼ,it_nlab,ねとらぼ,983,（画像：ねとらぼ）（写真：ねとらぼ） 気温が下がり始め、これから鍋料理など温かいメニューを楽しむ機会が増える季節。家族や友人と食卓を囲むなら、料理を取り分けやすく、火力もしっかり確保できるカセットこんろがあると重宝します。今回は、薄型設計で火力もアップした、イワタニの「カセットフー 達人スリムV」を紹介します。 【画像】イワタニの“薄型カセットコンロ” ●イワタニの「カセットフー 達人スリムV」とは？ イワタニの「カセットフー 達人スリムV」は、人気の「達人シリーズ」から登場した薄型のカセットこんろです。最大発熱量は3.4キロワット（2900キロカロリー／時）で、従来品「CB-TS-PLS」の3.3キロワット（2800キロカロリー／時）から火力を高めています。 テーブル面からごとくトップまでの高さは74ミリ。薄型にすることで、座った状態でも鍋の中の料理を見やすく、取り分けやすいよう設計されています。 バーナーには、炎の出口を縦長にした「タテ型炎口バーナー」を採用。炎が横方向へ広がるのを抑え、鍋底からはみ出す無駄な火を抑制します。また、カセットボンベを適度に温める「ヒートパネル」を搭載し、火力を維持しながらガスを無駄なく消費できるよう工夫されています。 天板にはお手入れしやすい素材を使用。点火つまみも、人間工学の観点からつまみやすく、回しやすいデザインに仕上げています。別売りの焼肉プレートや鉄板焼きプレート、ホットサンドグリル、たこ焼きプレートなどを組み合わせれば、さまざまな料理に活用できます。2026年9月29日時点、Amazonでは参考価格5445円のところ、22％オフの税込4250円で販売されています。 ●購入者の声 Amazonのレビューでは「信頼のイワタニで薄型は高さがないのでコンパクトで使いやすい、手入れが楽！我が家は年中鉄板焼き、お鍋するので助かります」「スリムで収納場所を余り取らない」「防災用の目的で購入しました」「一発で点火しますし、消火も問題ないです。さすがイワタニ」「家で鍋するにはこれが1番」「電気グリルが火力弱すぎて、たこ焼き、お好み焼き、焼き肉などダメダメだったので廃棄して、昔懐かしいカセットコンロに買い換えましたが、これはいい！」「とてもスリムだし、見た目高級感さえ感じます」といった声が寄せられていました。,[],[]
「一目惚れでした」　無印良品の“2990円長袖ワンピース”が大人気　「肌触りが良くて、とにかく軽い！」「今年一番の買い物になりました」（ねとらぼ）,https://news.yahoo.co.jp/articles/68a129364172c6a47b2f475fa5096b49efcec261,https://newsatcl-pctr.c.yimg.jp/t/amd-img/20260929-10170397-it_nlab-000-2-view.jpg?exp=10800,2026-09-29T13:50:00+09:00,2026-09-30T17:14:36+09:00,ねとらぼ,it_nlab,ねとらぼ,973,ねとらぼリサーチ（写真：ねとらぼ） 無印良品で販売されている“長袖ワンピース”が、羽織りとして使ったり、パンツを合わせたり、さまざまな着回しを楽しめると人気を集めています。 【画像】無印良品の“2990円長袖ワンピース” 本記事では、そんな「婦人 強撚 シアー長袖シャツワンピース」を紹介します。 ●「婦人 強撚 シアー長袖シャツワンピース」とは？ 無印良品の「婦人 強撚 シアー長袖シャツワンピース」は、透け感のある素材で仕立てた軽やかな着心地が魅力の長袖ワンピースです。強撚綿を使用したやわらかな肌触りが特長で、綿にはオーガニックコットンを採用。裾へ向かってゆったり広がるシルエットでサイドスリット入りなので、パンツなど幅広いボトムと合わせやすい仕様になっています。 スタンドカラーに前身頃のタックで分量感を出しつつ、すっきりとしたフォルムに仕上げており、ワンピースとしてはもちろん羽織りとしても活躍してくれるでしょう。カラーはスモーキーブルー、チャコールグレー、黒の3色で、無印良品公式サイトでは値下げされ、2990円で販売されています（2026年9月28日時点）。 ●購入者の声 無印良品公式サイトでは、「実物の色と素材に一目惚れ。今年一番の買い物になりました」「着心地がよいです。肌触りがよくて、とにかく軽い！羽織ものとして、オールシーズン活躍できそうです」「動くとふんわり身体にまとわり華奢見えします。とても綺麗なシルエットで、気に入って思わず衝動買いしました」「とても軽い着心地です」「肌寒いけれど湿度が高い日、秋とはいえ気温が高い日などに活躍しています」といった声が上がっていました。 ●ユニクロのフレアシルエットワンピースもおすすめ！ ユニクロの「サテンコンビネーションワンピース」は、異なる素材を組み合わせたデザインが特徴のワンピース。トップスにはダブルニットで伸びのよいジャージー素材、スカートにはなめらかなサテンツイル素材を使用しています。トップとウエストは体にフィットし、スカート部分は裾に向かって広がるフレアシルエット。素材の質感とシルエットの変化を楽しめる一着です。ポケットを二つ備えているのも便利なポイント。カラーは39 DARK BROWN・09 BLACKの2種類、価格は4990円で販売されています。 kei,[],[]
「大容量！！ コスパ最強です！！！！」　IKEAの“499円買い物バッグ”が大好評　「日々の買い物にぴったり」「買い物の幅が広がる」（ねとらぼ）,https://news.yahoo.co.jp/articles/5eb44f0e3cc1cc6aca78e9bd4b08e7eef639cdc7,https://newsatcl-pctr.c.yimg.jp/t/amd-img/20260929-10170425-it_nlab-000-1-view.jpg?exp=10800,2026-09-29T13:40:00+09:00,2026-09-29T13:40:00+09:00,ねとらぼ,it_nlab,ねとらぼ,1119,画像はイメージです（画像：PIXTA）（写真：ねとらぼ） スウェーデン発祥の家具・インテリアを販売する「IKEA」。そんなIKEAの「FRAKTA フラクタ クーラーバッグ」が、IKEAおなじみの青色デザインでかわいらしく、マチがたっぷりあり収納力も、保冷力にも優れていると人気を集めています。 【画像】IKEAの“499円買い物バッグ” 本記事では、そんな「FRAKTA フラクタ クーラーバッグ」の魅力を紹介します。 ●IKEAの「FRAKTA フラクタ クーラーバッグ」とは？ IKEAから販売されている「FRAKTA フラクタ クーラーバッグ」は、冷凍状態を約2時間保持できるというクーラーバッグ。手持ちと肩掛けどちらも使えるように、長さが異なる持ち手が2種類ついています。購入した冷凍・冷蔵品を持ち帰るのにはもちろん、水濡れにも強い素材は海水浴やピクニックにも最適。幅38×高さ40×マチ20センチと使いやすいサイズで、価格は2026年9月29日現在、公式オンラインストアにて税込499円と安価なのも魅力です。 ●購入者の声 IKEAオンラインストアのレビューからは、「丈夫で大容量！！ コスパ最強です！！！！」「まだ持っている人が少なくてちょっと自慢です。商品じたいは容量、サイズ感とも日々の買い物にぴったり」「ちょっと買い物って時に本当に丁度いいサイズで、尚且つクーラーバッグだから有難い」「一緒に買った保冷剤を出かける前に冷やしておけば出かけ先での買い物の幅が広がる」「見た目より沢山入ります」といった声が寄せられています。 ●羽田空港限定のエコバッグもおしゃれ 羽田空港限定の「BAGGU HANEDA exclusive（STRIPE）ネイビー」は、BAGGUとRon Hermanの別注エコバッグを、羽田限定商品として展開しているアイテムです。過去に人気を集めたデザインが、パッケージをリニューアルして再登場。ネイビーとホワイトで統一されたさわやかなストライプ柄が印象的で、シーズンを問わず使いやすいエコバッグに仕上がっています。空港限定というレア感もあり、自分用にはもちろん、ちょっとしたギフトや旅の記念にも選びたくなる一品です。 サイズは、スマホや財布を入れるのにぴったりな「Mini」、ベストセラーの「Baby」、スーパーなどでの買い物に便利な「Standard」、大きいものもしっかり入る「Big」が展開。使わないときはコンパクトにまとめて持ち運べるので、メインバッグに常備しておくのも良いかもしれません。羽田空港では第1ターミナル出発後エリア「イセタン羽田ストア（レディス）」で販売されています。 ハルミチ,[],[]
沖縄県の「焼肉」の名店を紹介！　あなたが一番好きな店はどこ？（ねとらぼ）,https://news.yahoo.co.jp/articles/235be3768aaa80994e272b0314e75fbc0523de89,https://newsatcl-pctr.c.yimg.jp/t/amd-img/20260929-10170424-it_nlab-000-1-view.jpg?exp=10800,2026-09-29T13:10:00+09:00,2026-09-29T13:10:00+09:00,ねとらぼ,it_nlab,ねとらぼ,680,画像：PIXTA（画像はイメージです）（写真：ねとらぼ） 焼きあがるまでのライブ感を楽しみながら、おいしい肉を味わえる「焼肉」。肉の部位や種類ごとに異なる味わいを食べ比べするのが好きだという人もいるでしょう。 【画像：沖縄県の「焼肉」の名店12選】 沖縄県には地元の名産を味わえるお店や、沖縄本島以外にも人気の焼肉店などが存在しています。そこで今回は「沖縄県の焼肉の名店」というテーマについて考えてみましょう。 ●沖縄県の「焼肉」の名店 名護市にある「島豚七輪焼 満味」は、やんばるで育った島豚を味わえる専門店。焼肉やしゃぶしゃぶのほか、スーチカー（塩漬け豚）や燻製、リエットなど、伝統的な食べ方から世界中の豚肉料理から着想した新しい味まで、さまざまな料理を提供しています。 那覇市にある「焼肉 りゅうもん」は、新鮮な生肉を使った料理が自慢のお店。沖縄県産和牛をはじめ、和牛やホルモンを中心に提供しています。完全個室も備えており、周囲を気にせず利用しやすい点も魅力です。 沖縄本島以外の店舗も紹介しましょう。石垣市にある「石垣牛MARU」は、地元の精肉店から厳選して仕入れた石垣牛を提供するお店。愛知県産八丁味噌と長野県産豆粒味噌を合わせた味噌ダレなどの調味料のほか、泡盛をはじめとしたお酒にもこだわっています。 宮古島市にある「炭火焼肉 琉宮苑」は、ラグジュアリーなホテルやゴルフ場、ビーチなどを備えた「シギラセブンマイルズリゾート」内で営業しているレストラン。数量限定の特選宮古牛を使った焼肉のほか、近海の新鮮な魚介を使った一品料理も用意しています。 道草,[],[]
「千葉県の洋菓子の名店」で一番食べてみたいのは？　素材をよりひき立たせることをモットーにした洋菓子店などを紹介！【9月29日は洋菓子の日】（ねとらぼ）,https://news.yahoo.co.jp/articles/e9799090b28e9b85339a3da9fcc20f46be26f9e4,https://newsatcl-pctr.c.yimg.jp/t/amd-img/20260929-10170427-it_nlab-000-1-view.jpg?exp=10800,2026-09-29T13:00:00+09:00,2026-09-29T13:00:00+09:00,ねとらぼ,it_nlab,ねとらぼ,661,画像はイメージです（画像：PIXTA）（写真：ねとらぼ） 本日9月29日は「洋菓子の日」です。三重県洋菓子協会が2002年に制定した記念日で、フランスでは菓子職人の守護聖人とされる「サン・ミシェル（大天使ミカエル）」の祝日が9月29日であることが由来とされています。日本では古くから作られている伝統的なお菓子を「和菓子」、そして明治以降に伝来した西洋風のお菓子を「洋菓子」と呼び分けて分類しています。 【画像】「千葉県の洋菓子の名店」10選 本記事では「洋菓子の日」に合わせ、「千葉県の洋菓子の名店」をテーマにおすすめのお店をピックアップして紹介します。 ●千葉県の「洋菓子」の名店 京成本線の勝田台駅より徒歩約5分の場所に店を構える「ヴァンローゼ」は、素材をよりひき立たせることをモットーにしたお店です。シックな伝統菓子に現代的な要素を取り入れたガトーなど、個性ある商品をラインアップしており、一番人気の「アップルパイ」は薄くスライスしたリンゴをたっぷりとのせたフランス式のサクサクのものとなっています。 「ル・パティシエ・ヨコヤマ 京成大久保店」は、京成大久保駅から徒歩約5分の場所にある洋菓子店です。さまざまな一流のホテルで修業したシェフによるアントルメやプチガトー・焼き菓子などをラインアップしています。また、「レモンパイ」など季節限定商品もあり、訪れた人の目や舌を楽しませています。 このほかにも、千葉県にはさまざまな洋菓子をラインアップした名店がたくさんあります。あなたのおすすめのお店はどこですか？ 月夜に米,[],[]
【女性に聞いた】優秀な学生が多いと思う「GMARCHと関関同立」の大学ランキング！　2位は「立命館大学」、1位は？（ねとらぼ）,https://news.yahoo.co.jp/articles/6e0933af663d9e168a7cdd30fa3854622b6ff4c3,https://newsatcl-pctr.c.yimg.jp/t/amd-img/20260929-10170212-it_nlab-000-1-view.jpg?exp=10800,2026-09-29T12:40:00+09:00,2026-09-29T12:40:00+09:00,ねとらぼ,it_nlab,ねとらぼ,771,画像はイメージです（画像：PIXTA）（写真：ねとらぼ） ねとらぼでは、アンケートサイト「ボイスノート」の協力のもと、全国の女性を対象に「GMARCHと関関同立で優秀な学生が多い大学」というテーマでアンケート調査を実施しました。 【画像：ランキング9位～1位を見る】 多くの学生が学び、各界に卒業生を輩出してきた「GMARCH（学習院大学・明治大学・青山学院大学・立教大学・中央大学・法政大学）」と「関関同立（関西大学・関西学院大学・同志社大学・立命館大学）」。これらのなかで女性から支持を集めたのは、どの大学だったのでしょうか。さっそくランキングを見ていきましょう！ ●第2位：立命館大学 第2位に選ばれたのは、得票率12.8％の「立命館大学」でした。1900年に創立された「私立京都法政学校」を前身とし、1922年に設置された私立大学です。「自由と清新」を建学の精神、「平和と民主主義」を教学理念としています。 立命館大学では、エクステンションセンターを設置し、資格取得や難関試験の合格を目指す学生をサポート。2025年度の公認会計士試験では全国6位・西日本2位、国家公務員総合職（春試験）では全国6位・全国私大2位を記録しました。 ●第1位：同志社大学 第1位に輝いたのは、得票率16.7％の「同志社大学」でした。1875年に開校した「同志社英学校」を前身とし、1920年に設置された私立大学です。「良心教育」を建学の精神、「キリスト教主義」「自由主義」「国際主義」を教育理念としています。 同志社大学では、1・2年次から職業観を育むためのプログラムを展開。「キャリア発見セミナー」に加え、全学部生を対象としたインターンシップも実施しています。こうした学生の将来を見据えた取り組みの結果、高い就職実績を残している点も魅力です。 センター,[],[]
「ハンカチ、ティッシュ、長財布と小さめのペットボトルも入る」　GUの“1990円ミニボストンバッグ”が好評　「高見えする」「外ポケットが便利」「大き過ぎない使いやすいサイズ」（ねとらぼ）,https://news.yahoo.co.jp/articles/c7c9593ebb9ac24c04b77b4930c5f9f959f98993,https://newsatcl-pctr.c.yimg.jp/t/amd-img/20260929-10170374-it_nlab-000-1-view.jpg?exp=10800,2026-09-29T12:30:00+09:00,2026-09-29T12:30:00+09:00,ねとらぼ,it_nlab,ねとらぼ,1121,画像：ねとらぼリサーチ（写真：ねとらぼ） GUから販売されている「ナイロンミニボストンバッグ MN」が、1990円という低価格ながら適度な光沢感で上品さのあるナイロン素材と、見た目以上の収納力で高評価を集めています。 【画像】GUの“1990円ミニボストンバッグ” 本記事では、「ナイロンミニボストンバッグ MN」について紹介します！ ●「ナイロンミニボストンバッグ MN」とは？ GUの「ナイロンミニボストンバッグ MN」は、軽くて微光沢のあるナイロン素材を使用した、おでかけにぴったりのバッグ。上品な印象を与えるチェーンショルダーがデザインのアクセントになっており、取り外しや長さ調節ができ、手持ち・肩掛け・斜め掛けとシーンに合わせて使い分けられます。外側には小物をサッと出し入れしやすいスラッシュポケット、内側にはオープンタイプの内ポケットを備え、収納力も◎。さらにマチ付きのやわらかな素材で見た目以上の収納力があり、500ミリリットル相当の水筒も入ります。ファスナー開閉式で使いやすく、普段使いからお出かけまで幅広く活躍するアイテム。カラーは4種類、価格は1990円で販売されています。 ●購入者の声 GU公式サイトのレビューでは、「持ち手のキラキラも、意外と高見えする気がします」「斜め掛けしても大き過ぎない使いやすいサイズ。 デザインもかわいい」「コンパクトながらハンカチ、ポケットティッシュ、長財布と小さめのペットボトルも入る大容量」「スマホ、三つ折財布、ハンカチ、ポーチ、エコバッグを入れてもまだ少し余裕があります」「お値段以上の上品さと絶妙なサイズ感」「発売日に買いに行きました！」「外側にも中にもポケットが付いていてありがたいです」「軽いしお気に入りです！」「使ってみたら見た目以上に収納力があってびっくり」「500mlのペットボトル、日傘、財布、サングラスなども入りました。持ち手のキラキラも、意外と高見えする気がします」「外ポケットがとても便利」といった声が上がっていました。 ●大容量を求めるならディーンアンドデルーカの「ビッグトートバッグ ナチュラル」もおすすめ！ ディーンアンドデルーカの「ビッグトートバッグ ナチュラル」は、コットン製で肩からかけやすく、ピクニックグッズなども余裕で入る大容量が魅力のトートバッグ。内側には大きめのポケットが付いており、財布やスマホなどの小物収納に便利です。折りたたんでもかさばらないので持ち運びやすく、日常使いからエコバッグ、ギフトとしてもおすすめ。サイズは縦35センチ×横64.5センチ×マチ20センチ、公式オンラインサイトでは税込み4620円で販売されています。 アロ麻婆,[],[]
「子どもの頃から大好き」　東急百貨店で買える“パリッとした生地にクリームをはさんだ鎌倉銘菓”が人気！　「おいしいしパッケージがかわいい」「ザクザク感が強くて食べ応えあった！」（ねとらぼ）,https://news.yahoo.co.jp/articles/55a9acfa920a602ac0637f7d53c1f8974e127482,https://newsatcl-pctr.c.yimg.jp/t/amd-img/20260929-10170340-it_nlab-000-1-view.jpg?exp=10800,2026-09-29T12:10:00+09:00,2026-09-29T12:10:00+09:00,ねとらぼ,it_nlab,ねとらぼ,1082,画像はイメージです（画像：写真AC）（写真：ねとらぼ） 「東急百貨店」は、東京都渋谷区に本社を置く百貨店であり、東急電鉄などの鉄道・交通事業を始めとするさまざまな事業を手がける東急グループに属する企業の一つです。現在は渋谷エリアを中心に、東京都内や神奈川県、北海道などに店舗を展開。さらにはオンラインストアも運営しており、さまざまな商品を提供しています。 【画像：東急百貨店で買える“パリッとした生地にクリームをはさんだ鎌倉銘菓”】 その中でも和菓子カテゴリでは、鎌倉五郎本店の「鎌倉半月」が、パリッとした生地と甘さ控えめのクリームがマッチしていておいしいと好評です。 そこで今回は、鎌倉五郎本店の「鎌倉半月」を紹介していきましょう！ ●鎌倉五郎本店の「鎌倉半月」とは 鎌倉五郎本店の「鎌倉半月」は、神奈川県鎌倉市の鶴岡八幡宮に続く小町通りに本店を構える和菓子店「鎌倉五郎本店」の代表的な商品の一つです。“半月”の名前の通り半円形をしたゴーフレットせんべいで、かわいらしいうさぎの印が印象的。香ばしく焼き上げた小麦粉のおせんべいに、抹茶や小倉などを使ったクリームをはさんでおり、生地のパリッとした食感とクリームのほのかな甘さが特長となっています。東急百貨店オンラインストアでは、「小倉風味」と「抹茶風味」各5枚、計10枚入りで税込1350円で販売されています。 Xでは「軽いクリームをはさんだ半月が大好き」「なにこれうますぎ」「ザクザク感が強くて食べ応えあった！」「子どもの頃から大好き」「手のひら以上の大きいお菓子。半月話を読むとウサギが愛おしくなりました」「おいしいしパッケージがかわいい」「甘さ控えめで止まらないお上品なお味」「パリッとした生地にクリームが甘すぎずおいしい」といった声が見受けられました。 ●秋の味覚・りんごの餡がおいしい旬彩菓たむらの「たわわ」もおすすめ 旬彩菓たむらの「たわわ」は、長野県長野市に本店を置く老舗の和菓子店「旬彩菓たむら」が製造・販売するどら焼きで、地元・信州産のりんご「シナノゴールド」を使用した餡が特長です。りんごの酸味とうまみをより引き出すためにシナモンやイタリア産レモン果汁を加えることにより、まるでアップルパイのような味わいが楽しめます。また、生地にはりんごのへたの焼印が押されており、商品名の通り「たわわ」に実ったりんごのように見えるのもポイントです。東急百貨店オンラインストアでは、10個入りで税込2652円で販売されています。秋深まるこれからの季節のお土産として、ぴったりな商品といえるでしょう。 糸静ライン,[],[]
JALの「女性5人組」、私服姿を大公開→制服に着替えると……　別人級の大変身が33万再生「握手会いつですか？」【JAL記事3選】（ねとらぼ）,https://news.yahoo.co.jp/articles/07a0f3709c05bef60ec6335ba2a771fee94936ac,https://newsatcl-pctr.c.yimg.jp/t/amd-img/20260929-10166542-it_nlab-000-2-view.jpg?exp=10800,2026-09-29T12:00:00+09:00,2026-09-29T12:05:05+09:00,ねとらぼ,it_nlab,ねとらぼ,1167,制服に着替えると……（写真：ねとらぼ） JAL（日本航空）は、TikTokやYouTubeの公式アカウントで、スタッフの姿や旅行に役立つ情報、仕事の舞台裏などを発信しています。本記事では、これまでねとらぼで掲載した中から、あらためて注目してほしい【JAL公式投稿記事3選】を紹介します。普段はなかなか見られないスタッフの一面や、空の旅を支える仕事を一緒に振り返っていきましょう。 【画像】別人級の大変身 ●JALの「女性5人組」、“まさかの私服姿”を大公開→着替えると……「スゲ～」 “別人級の大変身”が33万再生「握手会いつですか？」 1つ目は、JALのCA（客室乗務員）やグランドスタッフの女性5人が、私服姿から制服姿へ変身する動画です。手をつないで後ろ向きに並んだ5人が順番に振り返り、中央の女性がカメラを手で覆うと、次の場面では髪をまとめてJALの制服を着た姿に。服装やヘアスタイルが切り替わり、5人の雰囲気は一変します。 記事の執筆時点で、動画は33万回以上再生され、約7000件の“いいね”を獲得。コメント欄には「皆さん私服姿も素敵ですね！」「握手会いつですか？」などの反応が寄せられました。 ●JALのCAさんが教える「海外旅行で気を付けること」に反響 「財布は小分けに」「飲み物の氷に注意」など参考になるアドバイスがたくさん 2つ目は、現役のCAが海外旅行で気を付けていることを紹介した動画です。スリや犯罪への対策として「チャック付きのカバンを使う」「財布は小分けにする」「歩きスマホをしない」といったポイントを解説しています。 衛生面では、生ものや水道水のほか、飲み物に入っている氷にも注意が必要とのこと。また、渡航前にはパスポートの有効期限だけでなく、入国に必要な残存有効期間も確認するよう呼びかけています。コメント欄には「凄く為になる動画ですね！」など、実用的な内容に感謝する声が集まりました。 ●「まさか見れるとは」 JALのパイロットに1日密着したら…… 知られざる業務の数々に反響 「プロとして素晴らしい」 3つ目は、JALのパイロットの1日に密着した動画です。この日は副操縦士として、羽田空港と伊丹空港を往復。出社を証明する「ショーアップ」から始まり、機長とのブリーフィングやコックピットでの出発準備、客室乗務員との情報共有など、乗客が搭乗するまでにも多くの業務を実施しています。 伊丹空港への到着後には、機体の傷やタイヤ、エンジンなどを目視で確認し、復路のフライトに備えました。夜のコックピットからは美しい夜景や稲妻も見られ、普段は知ることのできないパイロットの仕事が紹介されています。コメント欄には「まさか見れるとは……」「本当にプロとして素晴らしい」など、驚きや感謝の声が寄せられました。 ねとらぼ,[],[]
「何も考えなくても様になる」　ユニクロの“バレルチノ”が人気の理由！「スッキリしたシルエットに収まります」「大人のファッションニーズに完璧にハマった」（ねとらぼ）,https://news.yahoo.co.jp/articles/65f77a0f716d2e739980851c1a6902b228952767,https://newsatcl-pctr.c.yimg.jp/t/amd-img/20260929-10170215-it_nlab-000-1-view.jpg?exp=10800,2026-09-29T12:00:00+09:00,2026-09-29T12:00:00+09:00,ねとらぼ,it_nlab,ねとらぼ,1150,（画像：ねとらぼ）（写真：ねとらぼ） いつものチノパンに少し変化をつけたいなら、立体感のあるシルエットを取り入れた一本も気になるところ。ワイドすぎず、裾に向かって適度に細くなる形なら、バレルパンツを初めてはく人にも取り入れやすそうです。 【画像】ユニクロの“バレルチノ” 今回はユニクロの「バレルチノ」を紹介します。 ●「バレルチノ」とは ユニクロの「バレルチノ」は、Uniqlo Uから登場した男女兼用のチノパンです。生地には、強撚の三子糸を高密度に織り上げたツイルを使用。外側のラインをカーブさせたバレルシェイプを採用し、裾に向かってほどよくテーパード。適度にゆとりを持たせながらも、極端に太すぎないシルエットに仕上げられています。ディテールにもワークチノの要素を取り入れており、ウエスト形状をはじめ、ポケット周りや太めのベルトループ、ステッチ使いにもこだわったデザインです。 価格は4990円。カラーは、07 GRAY、09 BLACK、35 BROWNの3色です。洗濯機とドライクリーニングに対応していますが、乾燥機は使用できません。 ●購入者の声 ユニクロ公式サイトでは「何も考えないでも様になる」「おじさんがチノパンを履くとおじ度が上がりがちですが、これはスッキリしたシルエットに収まります」「バレルパンツだが太すぎず、いい意味で普通のシルエットがワイドパンツに飽きた自分には新鮮でした」「バレルと商品名に入っているとつい敬遠される方に試してみて欲しいです」「普通のチノパンだと何か物足りない、かといって極端なワイドパンツは合わせにくいという大人のファッションニーズに完璧にハマったシルエットです」「ラクなのに手抜きに見えず、穿くだけで今っぽいこなれ感が出る」「カーディガンを買うつもりが試着室を出てレジに並ぶ頃にはなぜかこのパンツだけを持ってしまっていた」「そろそろワイドも飽きてきたなというタイミングでこのチノが出てきたので即買いしました」といった声が上がっていました。 ●「チノタックバレルパンツ（2026年度春商品）」もおすすめ GUの「チノタックバレルパンツ（2026年度春商品）」は、ハリ感があり、しっかりとしながらも肌ざわりのよいチノ素材を使用したパンツ。丸みが出るようにアップデートされたバレルレッグシルエットが特徴です。フロントに施したインタックにより、ウエスト周りをすっきりと見せられるのもうれしいポイント。シンプルなスタイリングにも合わせやすく、使い勝手のよさも魅力です。ウエストは前ボタンとホック留め、ファスナー開きの仕様で、ベルトループ付き。カラーは38 DARK BROWN・30 NATURAL・32 BEIGEの3種類、定価は2990円です。 くもりガラス,[],[]
スーパーで見つけた“六花亭詰め合わせ”→開けてみると……　驚きの中身に「えっヤバい」「もらったらめっちゃ嬉しい」（ねとらぼ）,https://news.yahoo.co.jp/articles/ee43ecc754c78d82a437a3e62ec2876397b5fccd,https://newsatcl-pctr.c.yimg.jp/t/amd-img/20260929-10170005-it_nlab-000-1-view.jpg?exp=10800,2026-09-29T11:55:00+09:00,2026-09-29T11:55:00+09:00,ねとらぼ,it_nlab,ねとらぼ,734,スーパーで見つけた“六花亭詰め合わせ”→開けてみると……（写真：ねとらぼ） スーパーで見つけた“夢のようなお菓子セット”を紹介した投稿が、X（Twitter）で話題です。投稿は記事執筆時点で116万回以上表示され、1万6000件以上の“いいね”を獲得しています。 【画像】驚きの中身 ●スーパーで見つけたお菓子セット 画像を投稿したのは、Xユーザーの「こもも」（＠comomoco382）さん。普段は夕飯の記録や購入品などを発信しています。今回話題を呼んだのは、「スーパーに夢の様なセットが売ってたので買った」と添えて公開した2枚の写真です。 1枚目に写っているのは、色とりどりのお菓子が詰められた透明な袋。花の模様があしらわれた華やかな袋からのぞくお菓子の数々に、中身への期待が高まります。 ●その中身は…… そして2枚目には、袋から取り出したお菓子がずらり。北海道の菓子メーカー「六花亭」の人気商品が、全部で6種類入っていました。 セットの中身は、「ホワイトチョコレート」「雪やこんこ」「マルセイバターケーキ」「マルセイバターサンド」「霜だたみ」「マルセイキャラメル」と、どれも主役級のお菓子ばかり。人気銘菓を一度に食べ比べできるラインアップは、まさに“夢のようなセット”ですね！ ●「えっヤバい」「最高セットだ」と反響 この投稿に対し、Xでは「欲しー」「羨ましい！」「えっヤバいこれは完全に六花亭を“““わかって“““いる人のセレクトやん。。」「美味しいのが何種類も食べられていいですね」「最高セットだ」「これは自分へのご褒美用やプチギフトによすぎる…もらったらめっちゃ嬉しい」などの声が寄せられました。 画像提供：こもも（＠comomoco382）さん さとう,[],[]
「レジ袋のサイズだから、すんごく良い」　SHIPSの“エコバッグ”が高評価「購入して良かったです」「めちゃくちゃ重宝してます！」（ねとらぼ）,https://news.yahoo.co.jp/articles/449605e47ea940e627df14d91356ebe329957099,https://newsatcl-pctr.c.yimg.jp/t/amd-img/20260929-10170351-it_nlab-000-1-view.jpg?exp=10800,2026-09-29T11:50:00+09:00,2026-09-29T11:50:00+09:00,ねとらぼ,it_nlab,ねとらぼ,1026,（画像：ねとらぼ）（写真：ねとらぼ） 買い物の必需品となったエコバッグは、コンパクトに持ち歩けるだけでなく、コーディネートに取り入れやすいデザインにもこだわりたいもの。普段のバッグに入れておけば、急に荷物が増えたときのサブバッグとしても重宝します。今回は、豊富なカラーや柄から選べるSHIPS Colorsの「リサイクル エコバッグ (M)」を紹介します。 【画像】SHIPSの“エコバッグ” ●SHIPS Colorsの「リサイクル エコバッグ (M)」とは SHIPS Colorsの「リサイクル エコバッグ (M)」は、リサイクルポリエステルを使用したエコバッグです。日用品などの買い物はもちろん、荷物が増えたときのサブバッグとしても活用できます。価格は税込み1100円です。 人気のエコバッグに、ブラウン、オレンジ、サックスブルーの新色が登場。太めのストライプが目を引くポップなデザインと、ブルーをベースにしたランダムストライプの爽やかなデザインが加わっています。 手洗いに対応しているため、汚れが気になった際にお手入れできるのもポイント。なお、タンブル乾燥やアイロン、クリーニングには対応していません。また、汗や雨などで湿った状態や摩擦によって、色移りする場合があります。 ●購入者の声 Amazonでは「スーパーのレジ袋のサイズだから、すんごく良いです」「畳みやすいし、持ち運びしやすいし、使いやすい大きさです」「購入して良かったです」「めちゃくちゃ重宝してます！」「サイズも丁度良く、生地もしっかりしています」「コンパクトでオシャレなエコバッグを探していました。大きさも量が少ない買い物なら丁度良いサイズ」といった声があがっています。 ●大きめサイズならBAGGU「STANDARD BAGGU」もおすすめ BAGGUの「STANDARD BAGGU」は、手持ちと肩掛けの両方に使えるエコバッグ。約39×64cm、マチ約15cmの大きさで、食料品の買い物から旅行やジムのサブバッグまで使えます。使わないときは折りたたみ、付属のポーチに収納できるつくりです。 素材は100％リサイクルのリップストップナイロンで、耐荷重は15kg。紹介するブラックは服装を選びにくい無地のデザインです。持ち手にも幅があり、かさのある荷物をまとめて運びたいときに頼りになりそう。洗う際は常温で単独洗いし、陰干しします。タンブラー乾燥は使えません。 coZca3,[],[]
増え続けるカプセルトイ、バッグにつけきれなくなったら……　目からウロコの活用法に「なんで教えてくれんかったん」「これなら回せる」（ねとらぼ）,https://news.yahoo.co.jp/articles/a9fc7548768f9d2319f5b5dd1580a27bd3704671,https://newsatcl-pctr.c.yimg.jp/t/amd-img/20260929-10170201-it_nlab-000-1-view.jpg?exp=10800,2026-09-29T11:45:00+09:00,2026-09-29T11:45:00+09:00,ねとらぼ,it_nlab,ねとらぼ,680,たまってしまったカプセルトイを……（写真：ねとらぼ） カプセルトイがたまってきたらぜひ試したいアイデアがX（Twitter）に投稿されました。目からウロコの有効活用術が反響を呼び、記事執筆時点で117万回以上表示され、1万3000件以上の「いいね」を集めています。 【画像】目からウロコの活用法 投稿者の「R」（@yarukinasu1005）さんはカプセルトイが好き。当然、ゲットしたカプセルトイがたまっていきます。ずっとバッグにつけておきたいところですが、スペースには限りがあります。 そこで思いついたのがカプセルトイで冷蔵庫を飾ること。「バッグなどに着けられた後、選抜を終えたメンバーたちは瞬間接着剤で磁石つけて飾ってる」として、カプセルトイで飾られた冷蔵庫のドアを紹介しています。こんなドア、楽しすぎる……！ カプセルトイの種類は実にバラエティー豊か。ファンシーなキャラ、ホラー映画のキャラ、食品パッケージなど、さまざまなモチーフのトイが冷蔵庫のドアをカラフルに飾っています。 たまったカプセルトイの有効活用術に、「その手があったか!!」「天才の発想 お目当て引きたいのに被ったガチャにも有効活用できるやつ」「これできるなら今までどこで使うねん……と諦めてたガチャ回せるな」「これ楽しそうでいいなぁ」「わー！ 真似しますー！」「アイデアはもちろんのこと、ガチャチョイスのセンスが好きすぎて悶絶……！」「めっちゃいい!!なんで今まで誰も教えてくれんかったん」という反応が寄せられています。 画像提供：R（@yarukinasu1005）さん 五月アメボシ,[],[]
『映画ちいかわ』鑑賞後、「妻がなにやらチクチクしている」と思ったら……？　驚きの完成品に「天才」「すごすぎます」（ねとらぼ）,https://news.yahoo.co.jp/articles/7f4760c96fb41ce1168dd655032c3737c008b1fa,https://newsatcl-pctr.c.yimg.jp/t/amd-img/20260929-10170054-it_nlab-000-1-view.jpg?exp=10800,2026-09-29T11:30:00+09:00,2026-09-29T11:30:00+09:00,ねとらぼ,it_nlab,ねとらぼ,649,妻がチクチクと編んでいたのは……（写真：ねとらぼ） ちいかわにハマった主婦のファンアートが、X（Twitter）で話題です。投稿は記事執筆時点で63万回以上表示され、3万7000件以上の“いいね”を獲得しています。 【画像】驚きの完成品 ●妻がひっそり作っていたのは……？ 画像を投稿したのは、Xユーザーの「ヨヘ寿司」（@c_like_）さん。で大のちいかわファンで、『映画ちいかわ 人魚の島のひみつ』も、何度もリピートしているそうです。 ちいかわには妻もハマっているようで、2人で映画を見たあとに「妻がなにやらチクチクしている」と気付いたヨヘ寿司さんは、後日驚くことになりました。 ●ヒトハとフタバの編みぐるみ 妻が作っていたのは、映画に登場したヒトハとフタバの編みぐるみ。フォルムや編み目が整っていて、とてもよくできています。 ヒトハのほっぺたは毛糸の色を変えて表現し、葉のような部分も丁寧にかたどり……と、細部の作り込みも秀逸。手には磁石を仕込み、2人仲良くつなげるようになっているのだそうです。ヒトハとフタバの“ある秘密の部分”が気になった人も多かったため、ヨヘ寿司さんは後日に「下から見たショット」も公開しています。 ●細かい作り込みに反響 その完成度には、「美しくそろった編み目と見事なフォルムの頭部！ 奥様すごすぎます!!」「かわいい!! 好きなことを表現できるのってすてき」「愛情と熱量を感じます」などの反響が寄せられています。 画像提供：ヨヘ寿司（@c_like_）さん 沓澤真二,[],[]
「色違いで何点も購入しました」　中川政七商店で買える“軽量バッグ”が大人気　「ポケットに入れても邪魔にならない」「雨の日でも安心」（ねとらぼ）,https://news.yahoo.co.jp/articles/ee2ee31694b0c754860d9099cc61c2807c6c79ae,https://newsatcl-pctr.c.yimg.jp/t/amd-img/20260929-10170275-it_nlab-000-1-view.jpg?exp=10800,2026-09-29T11:30:00+09:00,2026-09-29T11:30:00+09:00,ねとらぼ,it_nlab,ねとらぼ,1352,画像：ねとらぼリサーチ（写真：ねとらぼ） 1716年に奈良で創業した中川政七商店は、日本の工芸をベースに、全国約800の作り手と協業した生活雑貨を取り揃えています。 【画像：中川政七商店で買える“軽量バッグ”】 本記事では、そんな中川政七商店で購入できる「TO & FRO PACKABLE TOTE BAG-AIR M」を紹介します。 ●中川政七商店で購入できる「TO & FRO PACKABLE TOTE BAG-AIR M」とは 中川政七商店で販売されている「TO & FRO PACKABLE TOTE BAG-AIR M」は、6.5デニールの極細ナイロン糸を使った世界最軽量クラスの生地を採用した、超軽量のトートバッグです。本体重量はわずか21グラムで、バッグやポケットに入れて気軽に持ち歩けます。価格は税込6600円です。 使わないときは本体を内ポケットに収納でき、約8×8センチの手のひらサイズまでコンパクトに。普段のバッグに入れておけば、買い物などで急に荷物が増えたときにも重宝します。 薄く軽量ながら、持ち手を2枚仕立てにすることで強度にも配慮。5キロの荷物を入れた状態で24時間の耐久試験を実施しています。また、生地には撥水機能も備えています。 ●購入した人の声 中川政七商店オンラインショップのレビューでは「軽くて、持っていて存在を忘れそうです」「気に入って色違いで何点も購入してしまいました」「とても薄い素材でできていますが、丈夫なので、安心して使えます」「生地が柔らかいので、小さく畳んでもシワになりにくいです。小ぶりのバッグに入れても、衣服のポケットに入れても邪魔にならないです。」「帰省先の温泉や温泉旅館などの移動時に入浴セットや着替えをまとめる目隠しを兼ねたバッグを探していました」「決して安い値段ではありませんが、機能性、デザインとも満足なので、ずっと大事に使いたいです」「防水効果もあるとのことなので、雨の日でも安心ですね」といった声が寄せられていました。 ●【軽さにこだわるなら】KEYUCA（ケユカ）の「N撥水ライトシェルリュック M」もおすすめ 家具や生活雑貨を手がけ、シンプルな暮らしを提案するライフスタイルブランド「KEYUCA（ケユカ）」では、ファッションアイテムやバッグ類も高機能で使いやすいと評価されています。 そんなKEYUCAの「N撥水ライトシェルリュック M」は、ミニマルな雰囲気のデザインで、水を弾くポリエステルシェル製のリュック。スリムなサイズ感ながらA4ファイルが縦に入る大きさで、容量は約12リットルです。 前面ファスナー、両サイド、内側の計4ポケットが付き、折りたたみ傘やボトルを分類して収納できます。ショルダーストラップは長さを細かく調整でき、背負い心地もソフト。ファスナー部分には生地をかぶせているので隙間からの水の侵入がしづらくなっています。 サイズは幅約28×奥行約16×高さ約41センチ、重さは約270グラム。耐荷重は9キロと頼もしい設計です。カラーはブラック・アイボリー・ライトグレーなど、オフィスコーデにも合わせやすい色のほか、ミント、ライトピンク、ブラウンなど差し色になるものも展開。価格は3300円です。 あおいあめ,[],[]
「3個買いました！」　スタバの“マグカップ”が大好評！「持ちやすくてたっぷり入る」「頑丈だから割れにくい」（ねとらぼ）,https://news.yahoo.co.jp/articles/43466b69ca8a04dc24c7415a100b9f085e8cc722,https://newsatcl-pctr.c.yimg.jp/t/amd-img/20260929-10170375-it_nlab-000-1-view.jpg?exp=10800,2026-09-29T11:10:00+09:00,2026-09-29T11:10:00+09:00,ねとらぼ,it_nlab,ねとらぼ,1066,画像はイメージです（画像：ねとらぼリサーチ）（写真：ねとらぼ） コーヒータイムを少し特別なものにしてくれる「マグカップ」。スターバックスでは、店舗やオンラインストアでさまざまなデザインのマグカップが販売されています。今回は、自宅やオフィスで使いたくなるスターバックスのマグカップを紹介します。 【画像】スタバの“マグカップ” ●「ロゴマグホワイト355ml」とは？ スターバックスの定番「ロゴマグホワイト355ml」は、白いボディにサイレンロゴをあしらった、店内で使用されているのと同じシンプルなマグカップ。ハンドル上部にはサイズを示す「T（Tall）」の刻印入りです。実容量は355ミリリットル（満水390ミリリットル）、サイズは幅13.0センチ×奥行9.3センチ×高さ8.9センチで、毎日のコーヒーにちょうどいいバランスです。シンプルなデザインなのでプレゼントにもぴったりで、同デザインのサイズ違い（237ミリリットル）も展開されています。価格は税込1400円です。 ●購入者の声 公式サイトでは、「シンプルですが地味にロゴが入っていて、自宅で淹れたコーヒーもより一層美味しく感じます！」「持ちやすくて、容量がたっぷり入る。お店で飲んでいる気分を毎日味わえてとても幸せです！」「たっぷり容量でどっしりとして倒れにくく、ロゴの刻まれた品のある白いカップ、とても気に入り、3個買いました！」「朝、淹れたてのコーヒーをゆっくり飲む時間。こういう小さな幸せが、なんだかすごく好き。頑丈だから割れにくい」「お店と同じマグでスタバ気分！になれます」といった声が寄せられています。 ●中川政七商店「瀬戸焼のマグカップ」もおすすめ 中川政七商店の「瀬戸焼のマグカップ」は、愛知県瀬戸の窯元「水義製陶所」と作った陶器のマグカップです。産地ごとに特徴の異なる日本の器を、暮らしの中で気負わず使ってほしいという思いから生まれた「きほんの一式」シリーズの1つで、江戸時代に庶民に愛された「石皿」に学んだ素朴な表情が特徴です。 容量は適量約250ミリリットルで、飲み物だけでなく、スープを盛り付けるのにも適しています。直径は約8センチメートル、取っ手を含む幅は11.5センチメートル、高さは8センチメートル、重量は約240グラムです。カラーは黄瀬戸と古瀬戸の2種類で、価格は消費税込み2530円。電子レンジと食器洗浄機に対応していますが、長持ちさせるには手洗いが推奨されています。また、手仕事で仕上げられているため、色や形には個体差があります。 ハルミチ,[],[]
←夫　妻→　別々にスーパーへ→買ってきたのは……「おお！」　驚きの光景に「二人の共同作業」「夫婦だね」（ねとらぼ）,https://news.yahoo.co.jp/articles/b3caad854b8c78d82cfd952d27cd754a670d817b,https://newsatcl-pctr.c.yimg.jp/t/amd-img/20260929-10170330-it_nlab-000-1-view.jpg?exp=10800,2026-09-29T11:00:00+09:00,2026-09-29T11:00:00+09:00,ねとらぼ,it_nlab,ねとらぼ,1198,別々にスーパーへ→買ってきたのは……（写真：ねとらぼ） 長い間一緒に暮らしていると、いろいろな面で似てくるのが夫妻。言葉を交わさなくても通じ合っていることが分かる、驚きの投稿がThreadsで話題になっています。投稿は、記事執筆時点で5万回以上表示され、1300件以上の“いいね”を獲得しています。 【画像】驚きの光景 ●夫妻が別々に買ってきたものを見ると…… 投稿者したのは、Threadsユーザーの「hashi87680」（@hashi87680）さん。話題になっているのは、ある日別々に帰宅した妻と自分が買ってきたものを見せ合ったときの光景です。「左 俺が朝買った」「右 嫁がパート帰りに買ってきた」と、投稿に添えた写真を見ると……？ なんと、2人は示し合わせたように全く同じ商品を買って帰ったのです。プラスチックの容器にたっぷり入った「鮭皮チップス」は、購入した時間帯も違うのにどちらも「半額シール」が貼ってありました。なんで2人が結婚したのか、このエピソードを語ればきっと誰もが納得することでしょう。まさに以心伝心ですね！ ●「なんか…凄くいい」「似たもの夫婦」と反響 この投稿に対し、コメント欄では「もう～っ！」「仲良しー」「なんか...凄くいい」「相思相愛」「似たもの夫婦」「息が合っていていい」「二人の共同作業ね」「夫婦だね〜」「おおおおお！」「なんかO・ヘンリーの小説みたい」「黄色のシールが魅力的ですね」「どちらも半額でめでたしめでたし」などの声が寄せられています。夫妻仲の良さに、心か温まるような投稿でした。 ●“お得”なだけではない値引きシール 食べたいものが似ているだけではなく、半額シールが貼られた商品を選ぶという買い物上手なところも似ている2人。半額シールは消費者にとってお得なだけではなく、廃棄される食べ物をなるべく減らせるという公益性も有しています。 例えば環境省は、消費者庁、農林水産省、一般社団法人日本フランチャイズチェーン協会と連携し、できるかぎり手前に陳列してある賞味期限が近い商品から購入することを促す「てまえどり」を呼びかけています。 そのほか各コンビニエンスストアでも、セブン‐イレブンでは値引きシールを「エコだ値」と記すことで、単に安いだけではなく環境への配慮であると示すことで消費者が選びやすくなるよう工夫が。 ファミリーマートの「涙目シール」や「ファミマのエコ割」、ローソンの「FOOD GOOD SMILE」なども、消費者の感情に訴える表示にしたり、値引きシール付き商品を選ぶことを寄付につなげたりと、社会的意義のある活動であるとの認識を広めようと、さまざまな趣向が凝らされているのです。 お財布に優しく環境にも優しい値引きシール、ぜひ積極的に選んでいきたいですね。 画像提供：hashi87680（@hashi87680）さん 城川まちね,[],[]
「衣類の『ちょい掛け』に最適です！」　山崎実業の“立て掛けるだけのハンガーラック”が高評価「部屋の床がスッキリしました」「来客時にも大活躍」（ねとらぼ）,https://news.yahoo.co.jp/articles/ab1ed6bb3204ce39c3f3a86437eee46feacf36d0,https://newsatcl-pctr.c.yimg.jp/t/amd-img/20260929-10170318-it_nlab-000-1-view.jpg?exp=10800,2026-09-29T11:00:00+09:00,2026-09-29T11:00:00+09:00,ねとらぼ,it_nlab,ねとらぼ,1138,画像はイメージです（画像：PIXTA）（写真：ねとらぼ） 脱いだ服や翌日も使うバッグなどを、ついソファや床に置いてしまう人もいるのではないでしょうか。ちょっとした一時置き場を作るなら、場所を取りにくく、必要なときにさっと掛けられるものが便利です。今回は、壁に立て掛けて使える山崎実業の「ラダーハンガー」を紹介します。 【画像】山崎実業の“立て掛けるだけのハンガーラック” ●山崎実業「ラダーハンガー」とは？ 山崎実業の「ラダーハンガー」は、壁に立て掛けて使用するはしご型の収納アイテムです。スカーフやズボン、バッグなどをバーにさっと掛けられ、衣類や小物の一時置きに活用できます。参考価格は税込み6930円で、Amazonでは37％オフの税込み4400円で販売されています。 本体サイズは約幅45×奥行き24×高さ160センチ。奥行き約24センチと省スペースで設置できるため、限られた場所にも取り入れやすいのが特徴です。先端にはシリコーン製のキャップが付いており、傷付きや滑りを抑えるよう配慮されています。 バー1本あたりの耐荷重は約1キロ。別途S字フックを組み合わせれば、ベルトや帽子などの小物を掛けることもできます。本体は粉体塗装を施したスチール製で、重量は約2.4キロ。組み立て式で、六角レンチが付属しています。 ●購入者の声 Amazonでは「乾燥機から出した物を一時的に置いて置くために購入」「細く見えますが、結構しっかりとしていて来客時にも大活躍でした」「S字フックを使用してかばん等を掛ける予定で購入」「全体が細身なので壁に立てかけていても、圧迫感もなくすっきりしています！」「ネジもスッキリ収納され、奥行きも取らないデザインで大変満足です」「ストール、マフラーの収納に悩んでいました」「毎日洗濯する類ではない衣類の『ちょい掛け』に最適です！」「部屋の床がスッキリしました。ちょっと着ただけで洗濯しない服、上着、明日の服、パジャマ、ストール、さらにフックを吊るすとカバンやたくさん掛けられるので、椅子の背もたれや部屋の片隅がスッキリしました」などといった声が上がっていました。 ●ニトリの「室内物干し」もおすすめ ニトリの「室内物干し」は、室内干しの悩みを軽くしてくれる大容量タイプの物干しです。使用時のサイズは幅86～134センチ、奥行49センチ（キャスター含まず）、高さ185センチの縦長設計で、大判バスタオル6枚、フェイスタオル12枚を干せる収納力があります。サイドバーを広げれば衣類も掛けやすく、タオルハンガー部を外せば丈の長い服にも対応。ニットやまくら、クッションの平干しにも使えるため、日々の洗濯だけでなく、季節の衣類ケアにも役立ちます。 coZca3,[],[]
20代女性、ネットで買った「デートに着ていきたい服」を着てみたら……　まさかの姿が920万再生「盛大に吹きましたw」「破壊力すさまじいw」投稿者に話を聞いた（ねとらぼ）,https://news.yahoo.co.jp/articles/f2bcd4c135346fed5cdce7b9be8810425b9948c4,https://newsatcl-pctr.c.yimg.jp/t/amd-img/20260929-10170134-it_nlab-000-1-view.jpg?exp=10800,2026-09-29T10:45:00+09:00,2026-09-29T10:45:00+09:00,ねとらぼ,it_nlab,ねとらぼ,1147,デートに着ていきたいワンピ、のはずが……（写真：ねとらぼ） SNS上で注目を集めた投稿について、その背景をあらためて取材する「バズ投稿のウラ話」。今回は、2025年6月にInstagramで話題になった「ネットで買った“デートに着ていきたい服”」について、投稿者の「横山天音」（@amagon5546）さんに話を聞きました（関連記事）。 【画像】着用したまさかの姿 ●デートにぴったりな爽やかワンピ 投稿者の横山さんは、お笑い、歌などさまざまな分野で活動しているタレント兼YouTuber。2025年6月に話題となったのは、ファッション通販サイト「GRL（グレイル）」で半袖ワンピースを購入した際の動画です。 横山さんが注文したのは、淡いブルーが夏らしいフリル袖のワンピース。「デートに着ていきたかった服」というテロップの通り、ロマンチックでガーリーな雰囲気がデートにぴったりですね。横山さんは、自宅に届いた実物を早速着てみたようです。両腕を後ろに回してポーズを取る横山さんは、爽やかな印象のワンピースがよく似合っているように見えますが……。 両腕を後ろから前に持ってくると肩周りと二の腕が大幅に強調され、上半身が一気にたくましい印象に！ 横山さんは特に筋肉があるタイプではないそうで、腕だけを見るとほっそりしているにもかかわらず、なぜか肩周りに“がっしり感”が出ています。どうやら、ノースリーブとフレンチスリーブの中間のような絶妙な丈のフリル袖が肩幅を強調してしまっているようですね。こんなことある……？ ●予想と違う着用感にショック 横山さんは、「本当に半袖かしら？」「私にはノースリーブに見えるな」「肩幅ガンダムになっちゃうの」と困惑ぎみ。漫画・アニメ『HUNTER×HUNTER』に登場するヒソカの服を思い起こしたようで、「大地を踏〜みし〜め〜て〜」と同アニメのオープニングテーマ「departure！」を歌ってみせます。 やはり袖の長さが問題だと判断した横山さんは、「だったらノースリーブの方がいいのかな？」と袖をまくり上げてみることにします。以前骨格診断を受けた際には「ホルターネックが似合うタイプ」と言われたそうで、試しに袖を首近くまでまくってホルターネック風にしてみると、肩幅と二の腕が驚くほどすっきりシャープに見えるようになりました。 しかし肩を大胆に見せるスタイルからはミスコンの審査風景を連想したようで、「ダメだよ」「不安だよ」とこのまま外に出るのは抵抗があるもよう。なんとか腕を後ろに回した状態でキープできるよう、ストレッチを試みます。どうしてもしっくり来ない様子の横山さんは、「これを着て世の中に放出されてよろしいのでしょうか」と問いかけつつ動画を締めくくるのでした。,[],[]
洋裁好きな96歳祖母も絶賛した“黒のジャケット”→まさかのデザインに「何コレ！」「めちゃくちゃオシャレ」「欲しい」（ねとらぼ）,https://news.yahoo.co.jp/articles/d878e1c5f8e250428f9bfaf872a2b01cd1dc2472,https://newsatcl-pctr.c.yimg.jp/t/amd-img/20260929-10170232-it_nlab-000-1-view.jpg?exp=10800,2026-09-29T10:30:00+09:00,2026-09-29T10:30:00+09:00,ねとらぼ,it_nlab,ねとらぼ,1073,祖母が絶賛したジャケット（写真：ねとらぼ） 一見普通のジャケットですが、よく見ると……？ “思わず目を引くデザイン”がThreadsで話題です。記事執筆時点で投稿は11万回以上表示されるなど注目を集めています。 【画像】祖母が絶賛したジャケット ●祖母が絶賛したジャケット 画像を投稿したのは、ファッションデザイナー松井諒祐氏によるブランド「ha | za | ma（@ha_za_ma）」のアカウント。普段は「デザイナーの備忘録」としてブランドやデザインにまつわる情報を発信しています。また過去には、ヒールにゴジラのモチーフをあしらったゴジラシューズが話題となりました。 今回人気を博したのは、「この溶けるジャケットは、洋裁が大好きだった96歳の祖母も大絶賛でした。最高のデザインに世代は関係ないらしい」と紹介したアイテムです。 ●黒いジャケットに“溶けた”かのような意匠 ベースは伝統的な黒ジャケットでありながら、左半身のあちらこちらに、まるでアイスクリームが溶けたかのようなデザインが施されています。裾や襟、袖口、ポケットのフラップに水がしたたるような装飾があしらわれており、垂れた部分からは水滴が落ちるかのようなクリスタルも付いています。 大胆なデザインでありながら、ジャケットとしての形はしっかりと保たれているところも印象的です。洋裁に親しんできた祖母が絶賛したというエピソードにも納得させられる一着ですね。 「ha | za | ma」のInstagramでは、このアイテムを使ったコーデも。「2026-27年秋冬コレクション」では、鮮やかな赤い生地に、同じく溶けたかのようなターコイズブルーのデザインを施したセットアイテムを用意しています。合わせているネクタイまでもが溶けちゃってる……！ ●「うううううう。欲しいよー」「私もおばあちゃんになっても着たい素敵さ」 投稿には「素敵です！ 雑誌かアイドルの衣装で出てきそう」「すごい。めっちゃくちゃ素敵なデザイン」「何コレ！！」「めちゃくちゃオシャレですね」「うううううう。欲しいよー」「私もおばあちゃんになっても着たい素敵さ」などの声が寄せられています。 「ha | za | ma」に関する情報は、Threads（@ha_za_ma）の他にも、X（Twitter）（@MatsuiRyosuke）やInstagram（@ha_za_ma）などで発信中。詳しい販売、運営情報については公式LINEで見られます。 画像提供：ha | za | ma（@ha_za_ma）さん 高橋ホイコ,[],[]
「1枚買って、また1枚と増えました」　無印良品の“1490円ランドリーバッグ”が万能に使える優れモノ　「食料品もたっぷり入り丈夫」「車に積んでる」（ねとらぼ）,https://news.yahoo.co.jp/articles/63690e2061ee833c3ffd027aaa1672e5c4c061d8,https://newsatcl-pctr.c.yimg.jp/t/amd-img/20260929-10170272-it_nlab-000-1-view.jpg?exp=10800,2026-09-29T10:30:00+09:00,2026-09-29T10:30:00+09:00,ねとらぼ,it_nlab,ねとらぼ,962,画像：ねとらぼリサーチ（写真：ねとらぼ） 1980年に日本で生まれ、海外でも大きな成功を収めている「無印良品」。シンプルなデザインながら、日常生活で使いやすい機能的な商品をさまざまなカテゴリーで取りそろえているのが特徴です。生産工程を合理化しているため、手に取りやすい価格の商品が多いのもうれしいですよね。 【画像：無印良品の“1490円ランドリーバッグ”】 そんな無印良品で販売されている「ポリエチレンシートランドリーバッグ」が、ランドリーバッグ以外の用途でもマルチに使えると人気です。 ●「ポリエチレンシートランドリーバッグ」とは 無印良品の「ポリエチレンシートランドリーバッグ」（税込1490円）は、洗濯物をまとめて入れ、持ち運べるバッグです。ポリエチレンシートを使ったつくりで、サイズは約40×27×56センチ。家で洗濯物を集めるときはもちろん、コインランドリーへ運ぶときにも使えます。 使うときは口を外側に折り返せるため、洗濯物を入れる場所を決めて置いておきたい人にも便利です。折り返した状態では自立するので、洗濯物の出し入れもしやすいでしょう。上部は中の洗濯物が見えにくいよう長めにつくられており、持ち出す場面にも配慮されています。洗濯物を入れる場所と運ぶためのバッグをひとつにまとめられる、日々の洗濯に取り入れやすいアイテムです。 ●レビューをチェック 「スノーボード行く時にウェアや付随するアイテムを入れて使っています。狭い車の中でも袋なので嵩張らない、使わない時は畳めるという優れ物」「車に積んで置いても何かと便利」「大人２人分の衣類が2〜3日分は余裕です。軽く、見た目も白で清潔感があって、目一杯入るので助かります」「丈夫で折りたためて、5人家族分(大人2人、子供3人)の洗濯物が入るものを探していました」「エコバッグとして使っています。買い物かごいっぱいの食料品もたっぷり入り丈夫です」「1枚買って、また1枚、1枚と我が家に増えていきました。洗濯物入れは勿論、服や毛布などの収納にも使えるしエコバッグにもなります。車に積んで置くのも何かと便利です」「買い替えて正解でした！」「ずっと欲しかったランドリーバック。店舗で置いてないので、わざわざ遠くの店舗まで買いに行きました」といった声が寄せられています。,[],[]
「バッグに入れっぱなしにしておける傘」　ファミマの“92グラム折りたたみ傘”が便利！　「マジで軽すぎる」「かさばらないから扱いやすい」（ねとらぼ）,https://news.yahoo.co.jp/articles/dacb84ded0ea1876645d900a9b95166a6a2ed49f,https://newsatcl-pctr.c.yimg.jp/t/amd-img/20260929-10170329-it_nlab-000-1-view.jpg?exp=10800,2026-09-29T10:20:00+09:00,2026-09-29T10:20:00+09:00,ねとらぼ,it_nlab,ねとらぼ,779,（画像：ねとらぼ）（写真：ねとらぼ） ファミリーマートの「コンビニエンスウェア」シリーズから展開されている「超軽量傘 オレンジ」は、重さ約92グラムと超軽量でかさばらないサイズ感の折りたたみ傘。急な雨に備えてバッグに入れっぱなしにしやすいアイテムです。 【画像】ファミマの“92グラム折りたたみ傘” 本記事では、そんな「超軽量傘 オレンジ」について紹介します！ ●「超軽量傘 オレンジ」とは？ ファミリーマートの「超軽量傘 オレンジ」は、軽くてしなやかなWカーボン骨を使用した折りたたみ傘。重さは約92グラムと超軽量で、バッグに入れて持ち歩いても負担になりにくいのが大きな魅力です。普段使いのバッグに常備しておけば、急に傘が必要になった時にも便利。親骨の長さは50センチで、持ち運びやすさを重視したい人におすすめです。カラーは鮮やかなオレンジで、価格は税込み2990円で販売されています。 ネット上では、「軽すぎて存在を忘れる」「バッグに入れっぱなしにしておける傘」「マジで軽すぎる」「かさばらないから扱いやすい」といった声が上がっていました。 ●カインズのしっかりしたビニール傘もおすすめ！ カインズの「折れにくいワンタッチ式カラービニール傘 70cm」は、親骨の長さが70センチ、開いたときの直径が116センチの大きめビニール傘。親骨には軽くて丈夫なグラスファイバーを採用し、商品名の通り「折れにくい」仕様になっているため、一般的なビニール傘では強度が気になるという人にもおすすめです。片手で開けられるワンタッチ式なので、荷物を持っているときや、車・玄関先でさっと開きたいときにも便利。素材はポリエチレンで、カラーはブラック、ホワイト、クリアグレー、クリアブラウン（クリアブラウンのみ65センチ仕様）の4種類、価格は698円で販売されています。 月夜に米,[],[]
使い切れない“丸ごとキャベツ”→立てて切ったら……　驚きの裏ワザに「これ本当すごい」「やりますっ」（ねとらぼ）,https://news.yahoo.co.jp/articles/1910192eb4ec58ae5297d1948533f9d78b989a54,https://newsatcl-pctr.c.yimg.jp/t/amd-img/20260929-10170176-it_nlab-000-1-view.jpg?exp=10800,2026-09-29T10:15:00+09:00,2026-09-29T10:15:00+09:00,ねとらぼ,it_nlab,ねとらぼ,1012,丸ごと1玉のキャベツ（写真：ねとらぼ） 2児のママが教える、“丸ごとキャベツの裏ワザ”がInstagramで話題です。投稿は記事執筆時点で87万回以上再生され、4200件を超える“いいね”を獲得しています。 【画像】驚きの裏ワザ 投稿したのは、4歳の息子と2歳の娘を育てるママ「もか」（@moka_lifehack）さん。同アカウントでは、簡単にまねできる時短テクや裏ワザを発信しています。 キャベツは1玉で買うとお得ですが、使い切るのが大変で半玉を選ぶ人も多いのではないでしょうか。そこで今回は、キャベツ1玉を無駄なく使う裏ワザを紹介します。 まずはキャベツを横向きに立てた状態で4等分します。上半分は水で洗ってからせん切りに。このとき内側の柔らかい部分を先に切り、外側の葉は丸めてからせん切りにするのがポイントです。 せん切りにしたキャベツは、キッチンペーパーを敷いた容器に入れてぬらしたキッチンペーパーをかぶせておくと、5日ほど保存できるとのこと。ただし傷みやすい夏場はできるだけ早めに食べ切るようにしましょう。 続いて、芯のある下半分はさいのめにカット。すると芯だけを簡単に取り除けます。そのままキャベツをざく切りにしてポリ袋に入れておけば、炒め物などに使えて便利。すぐに使わない場合は、水気を取って冷凍保存もできます。芯もせん切りにしてみそ汁やスープに入れれば、余すことなく使えます。 それでも余ってしまった場合は、居酒屋風うまダレキャベツを作るのがおすすめ。ポリ袋にざく切りキャベツ200グラム、塩小さじ4分の1、鶏がらスープの素小さじ2分の1、チューブにんにく2センチ、ごま油小さじ2分の1、黒こしょう少々を加えて、袋を振って全体をなじませます。10分ほど置いて、ごま油をかければあっという間に完成です！ ざく切りキャベツは冷凍しておけば、3～4週間ほど保存できます。これなら、1玉丸ごと購入しても無理なく使い切れそうですね。簡単にまねできるので、気になる人は試してみてはいかがでしょう。 キャベツ1玉を無駄なく使い切るアイデアに、コメント欄では「キャベツの切り方びっくり」「これからは迷わずひと玉買うことにする！」「これ本当すごい」「ウマだれキャベツ美味しそう」「居酒屋のキャベツが家で食べられるならやりますっ」といった反響が寄せられています。 画像提供：もか（@moka_lifehack）さん 兎耳山明依,[],[]
「東京土産はこれに決定しました」　“羽田空港限定スイーツ”に「茶菓子に出したら大好評でした」「羽田空港に行くと自分用に必ず買う」の声（ねとらぼ）,https://news.yahoo.co.jp/articles/438da4c07b2c0d5b6d1a6655bf1719ca55180354,https://newsatcl-pctr.c.yimg.jp/t/amd-img/20260929-10170393-it_nlab-000-1-view.jpg?exp=10800,2026-09-29T10:10:00+09:00,2026-09-29T10:10:00+09:00,ねとらぼ,it_nlab,ねとらぼ,1256,画像はイメージです（画像：PIXTA）（写真：ねとらぼ） 羽田空港でしか買えない特別感のあるお土産を探している人に注目してほしいのが、「三本珈琲×ラ・メゾン白金」の「カフェショコラウィッチ」。老舗コーヒーロースターと白金発の洋菓子ブランドが組み、コーヒーの香りとショコラの味わいを楽しめる羽田空港限定スイーツに仕上げています。 【画像】三本珈琲×ラ・メゾン白金「カフェショコラウィッチ」 本記事では、そんな「カフェショコラウィッチ」を紹介します。 ●三本珈琲×ラ・メゾン白金「カフェショコラウィッチ」とは？ 「カフェショコラウィッチ」は、1957年に横浜で創業した「三本珈琲」と、東京・白金の洋菓子ブランド「ラ・メゾン白金」による羽田空港限定のコラボ商品です。三本珈琲の粗挽きコーヒーをベルギー産クーベルチュールのショコラに練り込み、さっくりとしたクッキーでサンドしています。 味は「珈琲」「カフェラテ」「キャラメルラテ」の3種類。「珈琲」は粗挽きコーヒーを練り込んだビターショコラ、「カフェラテ」はホワイトショコラ、「キャラメルラテ」はキャラメル風味のショコラを使い、それぞれ異なるコーヒーの香りと甘さを楽しめます。個包装なので、職場や家族へのお土産にも配りやすいのがうれしいポイント。HANEDA Shoppingでは、6個入が1598円、10個入が2656円で販売されています。 ●購入者の声 HANEDA Shoppingのレビューでは、「とてもおいしくて感動した」「友人たちに茶菓子にだしたら大好評でした」「袋を開けた瞬間、コーヒーの香りがとても良く、3種類全部美味しかったです」「お土産で渡しても大好評」「初めて、といえるレベルのコーヒー感に驚きました」「東京土産はこれに決定しました」「羽田空港に行く時には、お土産というより自分用に、必ず買うお菓子です」などの声がありました。 ●いったつみとらどうの「椰子の白わらび餅」もおすすめ！ 「椰子の白わらび餅」は、日本料理店「神楽坂 石かわ」の石川秀樹さんと「虎白」の小泉瑚佑慈さんが手掛けるブランド「いったつみとらどう」の人気商品です。日本料理の練りものの技法を用い、わらび粉とココナッツミルクをもちもちとした食感に仕立てた冷たいお菓子で、ココナツのほのかな香りと優しい甘さ、もちもちとした食感を楽しめるのが特長です。別添えのココナツパウダーを食べる直前に振りかけることで、ココナツの芳醇な香りともっちりとした食感をより楽しめるようになっています。 価格は3888円で、内容量は330グラム。帝国ホテル 東京のホテルショップ「ガルガンチュワ」と、羽田空港第1ターミナルの「HANEDA STAR ＆ LUXE」内にある店舗で当日分の購入が可能です。いったつみとらどうの公式通販では月ごとの予約を受け付けている（9月分は完売）ほか、帝国ホテルオンラインショップでは受け取り希望日3日前の18時まで取り置きの予約を受け付けています（数量限定）。 うすしお味,[],[]
「選んでよかった」　“就職評価の高い京都府の大学”ランキング上位に「忘れられない思い出ができて充実」「就職率も9割以上と高い」の声（ねとらぼ）,https://news.yahoo.co.jp/articles/24ca16dc889af345f8c5585badcd804b7ce06a54,https://newsatcl-pctr.c.yimg.jp/t/amd-img/20260929-10170348-it_nlab-000-1-view.jpg?exp=10800,2026-09-29T10:00:00+09:00,2026-09-29T10:00:00+09:00,ねとらぼ,it_nlab,ねとらぼ,1324,画像はイメージです（画像：PIXTA）（写真：ねとらぼ） 「みんなの学校情報（大学版）」は、全国の保育園、幼稚園、小学校、中学校、高校、専門学校、大学等の学校選びに役立つ情報を総合的に得ることのできるポータルサイトです。実際の生徒等本人や保護者からの口コミ情報が70万件以上と豊富に掲載されており、偏差値ランキングや各学校の学べる内容などの充実したコンテンツが掲載されています。 【画像：ランキング20位～1位を見る】 本記事では、「みんなの学校情報（大学版）」に掲載の「就職・進学評価の高い『京都府の大学』ランキング」から、上位となった大学を見ていきましょう。 ●「京都橘大学」とは 「京都橘大学」は、京都府京都市山科区にキャンパスを置く私立大学です。1902年に創立された京都女子手藝学校を源流とし、1967年に橘女子大学として開学しました。その後、京都橘女子大学への名称変更を経て、2005年に男女共学化するとともに現在の「京都橘大学」となりました。 2026年度現在は、デジタルメディア学部、工学部、文学部、国際学部（※2027年4月に国際英語学部から名称変更）、発達教育学部、総合心理学部、経済学部、経営学部、看護学部、健康科学部の10学部18学科を擁する総合大学です。人文・社会系、工学系、医療系の多様な学問領域を生かしながら、変化する社会の課題に対応できる人材の育成を目指している大学です。 ●学生の声 「救急救命士になるために必要なこと（専門的）を教えてもらえる。実習もあり、技術面も磨ける。また、一年の時から、国試などの向けた対策授業が行われている。国家試験の合格率が3年連続100%で、就職率も9割以上と高い」（健康科学部救急救命学科） 「山の上にあり、立地はそんなに良くないが、自然に囲まれて静かで過ごしやすい。進学実績は毎年ほぼ100パーセントでとてもいい。サポートもとても充実している。選んでよかったと思っている」（発達教育学部児童教育学科） 「恋愛、勉強、友情が築ける最高の大学。友達の中で毎年、忘年会をやっていて毎年、忘れられない思い出ができて充実している」（文学部歴史学科） 「大学で臨床検査について勉強したいと思っている学生にはとてもいい大学で、毎日行きたいと思えるような楽しい学科。男女の壁がなく、空きコマなどにみんなで集まって課題をしたりしている」（健康科学部臨床検査学科） ●第1位となったのは「京都医療科学大学」 ちなみに、第1位となったのは「京都医療科学大学」でした。京都府南丹市園部町にキャンパスを構える医療系大学で、医療科学部を設置し、診療放射線技師の養成を中心とした教育を展開。就職・進学支援では、入学後から段階的にキャリア形成を支える仕組みを整えています。 自己理解を通じて働く意味や働き方を考える段階から、診療放射線技師としての仕事理解、就職活動に必要なスキルの習得へとつなげ、キャリア支援センターと専任教員が学生をサポート。また、京都医療科学大学と前身校の卒業生で構成される学友会が全国にネットワークを持ち、施設別説明会や就職説明会などを通じて、学生の進路選択を後押ししています。 波止場の鯱,[],[]
ボロボロのトートバッグにセリアのパラコードを編んでいくと……　目からウロコのアイデアに「こんな使い方もあったんだ！」（ねとらぼ）,https://news.yahoo.co.jp/articles/0b2a0dfeab6a8f7c204fee62e036d0952bb0ea47,https://newsatcl-pctr.c.yimg.jp/t/amd-img/20260929-10170322-it_nlab-000-1-view.jpg?exp=10800,2026-09-29T10:00:00+09:00,2026-09-29T10:00:00+09:00,ねとらぼ,it_nlab,ねとらぼ,816,トートバッグにパラコードを編んでいくと……（写真：ねとらぼ） 長年使い込んだ愛用のトートバッグを、直して使い続けるリメイクがInstagramで好評です。動画は記事執筆時点で約24万回再生され、3500件以上の“いいね”を獲得しています。 【画像】目からウロコのアイデア ●8年以上愛用したトートバッグ 投稿者のM's handmade ShinyDream（m.shinydream）さんは3児の母。パラコードを編んだストラップなど、ハンドメイド作品を発信しています。 動画の題材は、子どもたちの試合を応援するときに使っていたトートバッグ。8年以上も愛用しているうちに持ち手がほつれ、すっかりくたびれた様子です。 ●補修にちょうどいいパラコードをセリアで発見 何度も処分しようとは思いつつもできずにいたところ、投稿者さんはある日、セリアでリメイクにちょうどいいパラコードを発見しました。色味も質感もトートバッグに似ていて、違和感なくなじみそうです。 実際、ほつれた部分を隠すように、持ち手へ平編みしていくと、これがトートバッグにピッタリ。パラコードが持ち手1つ分しか手に入らなかったため、もう片方も直せるよう、投稿者さんは何件もセリアを巡ったそうです。 ●直して使い続ける選択に感心の声 無事にパラコードを買い足して、トートバッグのリメイクは完了しました。強度やフィット感、持ちやすさも期待以上の仕上がりだったそうで、投稿者は「まだまだ使える」と感激。投稿は「思い入れのある大切な物をこうやって生かす生活って本当にすてき」「おしゃれ度が、マシマシですね」「その手があった」「やってみます」「パラコードってこんな使い方もあったんだ！ 目からウロコ！」「縫い直すのかと思いきや、こういう直し方があるんですね!?」と好評を博しています。 画像提供：M's handmade ShinyDream（m.shinydream）さん 沓澤真二,[],[]
よれよれタオルは捨てないで！→ハギレを縫い付け、ひっくり返すと……　完成形に「私も欲しい！」「おもしろい」【海外】（ねとらぼ）,https://news.yahoo.co.jp/articles/b876043b6166ac38e6bab3a04c1dc2bdfa7107b4,https://newsatcl-pctr.c.yimg.jp/t/amd-img/20260929-10170221-it_nlab-000-1-view.jpg?exp=10800,2026-09-29T09:45:00+09:00,2026-09-29T09:45:00+09:00,ねとらぼ,it_nlab,ねとらぼ,1215,表と裏で違う布を縫い合わせると……？（写真：ねとらぼ） 余ったハギレと使い古したタオルを活用して、キッチンで毎日使える実用品に生まれ変わらせるDIY動画がInstagramで注目を集めています。動画は記事執筆時点で再生数12万8000回を突破し、1000件以上の“いいね”を獲得しています。 【画像】完成したアイテム 投稿したのは、米在住のInstagramユーザー「Lizzie Homemade」（@lizziehomemade）さん。手軽に試せるハンドメイドアイデアを中心に投稿しています。 今回注目を集めているのは、使い古したタオル地とかわいいハギレを縫い合わせて、表と裏で使い心地の異なるふきんを作る動画です。 用意するのは、吸水性のあるタオル生地と、好みの柄が入ったコットン生地。投稿者さんは表面に細かな凹凸があるグレーのタオルと、カラフルなニワトリが並ぶおしゃれなカットクロスを選びました。それぞれの布を、約38センチ四方の正方形にカットします。 裁断が終わったら、2枚の生地を中表にして重ねます。「中表」とは、完成時に外側へ出したい面同士を内側に向けて合わせることです。 4辺と角をきれいにそろえ、クリップやピンで固定。準備ができたら、ミシンを使って全ての辺を真っすぐ縫い合わせます。ただし、完全に閉じてしまうのではなく、1辺の途中に表返し用の開口部を残しておきます。 正方形なので、必要な縫製は基本的に直線だけ。角に到達したら針を生地に刺したまま押さえ金を上げ、布の向きを90度変えて次の辺を縫います。同じ作業を繰り返し、返し口以外の周囲を縫い終えました。 周囲を縫い合わせたら、残しておいた返し口から生地を少しずつ引き出します。内側に隠れていた柄布とタオルが外側に出るよう、全体を裏返しました。 四隅まで丁寧に表へ返したら、アイロンをかけて形を整えます。縫い代を内側に収め、正方形の輪郭がきれいに出るようにプレス。開いたままになっている返し口も、縫い合わせてしまいます。 これだけでも形になっていますが、ここから仕上げのステッチを加えます。まずは布の端に沿って、4辺をぐるりと1周縫います。続いて、縦横にミシンを真っすぐ走らせ、布全体に格子状のステッチを入れました。 こうして、動物柄や小花柄のコットン生地と、吸水性のあるタオル地を組み合わせたクロスが完成。表側はキッチンを明るく見せる柄布、裏側は水分を拭き取りやすい厚みのある生地になっています。 使い古したタオルで雑巾やふきんを作るのは定番のハンドメイドアイデアですが、異素材の生地を組み合わせることで、より使い勝手が良くデザイン性の高いふきんが作れました。動画のコメント欄には「このアイデアすてき！」「お店で売っているものよりずっとかわいい！」「とても気に入りました」「このサイズ、おもしろい」「私も欲しい！」など、反響が寄せられています。 春夏冬つかさ,[],[]
「ずっと待っていました」　無印良品の“スウェットスカート”に反響　「腰高でスタイル良く見える」「スマホが入るポケットも◎」「即買いしました」（ねとらぼ）,https://news.yahoo.co.jp/articles/2b0040e9030d0654b16cddc1bc9ece6096dd6c7d,https://newsatcl-pctr.c.yimg.jp/t/amd-img/20260929-10170248-it_nlab-000-1-view.jpg?exp=10800,2026-09-29T09:40:00+09:00,2026-09-29T09:40:00+09:00,ねとらぼ,it_nlab,ねとらぼ,989,（画像：ねとらぼ）（写真：ねとらぼ） スウェットスカートは、楽さと上品さを両立できるアイテムとして重宝しますよね。無印良品の“スウェットスカート”は、「シルエットがきれいで、タイトでも歩きやすい」などと高評価を得ています。 【画像】無印良品の“スウェットスカート” 今回はそんな無印良品の「婦人 裏毛スウェットⅠラインスカート」と、無印良品の「スウェット（レディース）」人気ランキングを紹介します。 ●無印良品の「婦人 裏毛スウェットⅠラインスカート」とは 無印良品の「婦人 裏毛スウェットⅠラインスカート」（税込2990円）は、ほどよい厚みと柔らかな着心地が特徴のスウェットスカートです。オーガニックコットンの綿とポリエステルを組み合わせた裏毛素材を使用し、軽やかな風合いと乾きやすさを両立。季節を問わず長く着用できるのもうれしいですね。すっきりとしたIラインのシルエットで、後ろには歩きやすさを考えたスリット入り。透け感はなく、やや伸縮性があります。 黒、グレー、チャコールグレーのベーシックなカラー展開で、サイズはXS～XXLまで豊富。スウェットならではの着心地を楽しみながら、すっきりとしたシルエットで着こなしたい人におすすめです。 ●購入者の声 無印良品公式サイトでは、「このスカートずっと待っていました。グレーの色が素敵。シルエット、スリットの入り具合も程よく、タイトでも歩きやすい」「着心地・動きやすさとも文句なし。身長156cmでくるぶし丈でした」「無印の裏毛の肌触りが大好きでスウェット類愛用してます。スカートが出たので即買い！腰回りがフィットして腰高でスタイル良く見える。スマホが入るポケット付いてるのも嬉しい。猛暑以外履けそう」といった声が上がっていました。 ●スウェットスカートならGUもおすすめ！ GUの「パフスウェットナロースカート」は、ナローシルエットが魅力のスカートです。もちっとした肌触りの良いパフスウェット生地を使用しており、着心地の良さにこだわっています。ウエストはゴム仕様で締め付け感が少なく、後ろスリット入りで動きやすさも確保されています。 シャツと合わせてきれいめに、スウェットと合わせてカジュアルにと、幅広いコーディネートに対応できるのもポイントです。現在は値下げされ、590円となっています（2026年9月28日時点）。 とらくろ,[],[]
長野県土産の手ぬぐい→縫っていくと……　完成した“お出かけアイテム”に「商品みたい！」「発想が素敵」（ねとらぼ）,https://news.yahoo.co.jp/articles/d561ac74c14d0c1b2d02c7980928d2fe4de07e2e,https://newsatcl-pctr.c.yimg.jp/t/amd-img/20260929-10170103-it_nlab-000-1-view.jpg?exp=10800,2026-09-29T09:30:00+09:00,2026-09-29T09:30:00+09:00,ねとらぼ,it_nlab,ねとらぼ,768,長野県土産の手ぬぐい→縫っていくと……（写真：ねとらぼ） お気に入りの“手ぬぐい”をリメイクした手芸作品がThreadsで話題です。投稿は記事執筆時点で40万回以上表示され、6100件以上の“いいね”を獲得しています。 【画像】完成したお出かけアイテム ●お気に入りの手ぬぐいを…… 画像を投稿したのは、Threadsユーザーの「kei」（@keikoham0517）さん。旅行で長野県松本市の上高地に訪れた際に、同地の美しい自然や動植物が描かれた手ぬぐいを購入したといいます。 keiさんは鳥好きで、野鳥のデザインに一目惚れしたそう。今回話題を呼んだのは、その手ぬぐいをアレンジした手芸作品です。 ●巾着袋に大変身！ keiさんはもともとミシンで小物を作るのが好きだったそうで、「半分に折ったらちょうど表と裏みたいな柄だったので巾着袋いいじゃん…」と巾着袋にするアイデアを思いついたそうです。それでは、完成した巾着袋を見てみましょう。 片面にはオオルリとゴゼンタチバナが見事に配置され、もう片面には河童橋から望む穂高連峰と梓川の風景がバッチリ収まっています。keiさんはYouTubeのメイキング動画で巾着袋の作り方を学び、柄全体を活かす方法を考えながら約1時間で作ったそうです。そのまま商品になりそうなクオリティー！ ●「リメイク可愛い」「作って欲しい！」と反響 この投稿に対し、Threadsでは「スッゴく素敵」「巾着とても素敵です。商品みたいですね！」「可愛い 柄の切り方、上手です」「リメイク可愛いです 柄が上手く生かされてる！」「発想が素敵」「なるほど！ こういう手がありましたか。 とっても実用的ですね」「私にも作って欲しいぐらい！」などの声が寄せられました。 画像提供：kei（@keikoham0517）さん 深戸進路,[],[]
「静かで生活に不便がない」　千葉県の“住み続けたい街（駅）”ランキング1位に「便利で環境も良い」「都会すぎず心地が良い」の声（ねとらぼ）,https://news.yahoo.co.jp/articles/3930f1bc7c3175e9f6f7f3a81e6e560f48f31a3b,https://newsatcl-pctr.c.yimg.jp/t/amd-img/20260929-10170313-it_nlab-000-1-view.jpg?exp=10800,2026-09-29T09:30:00+09:00,2026-09-29T09:30:00+09:00,ねとらぼ,it_nlab,ねとらぼ,1081,画像はイメージです（画像：写真AC）（写真：ねとらぼ） 長く暮らしていると、その街ならではの便利さや心地よさに気付くことがあります。交通の利便性や生活環境に加え、街への親しみや愛着などから、これからも離れずに暮らしたいと思う街も少なくありません。 【画像：ランキング20位～1位を見る】 大東建託は、千葉県に居住する20歳以上の男女4万1468人を対象に居住満足度調査を実施し、その結果を「いい部屋ネット 街の幸福度＆住み続けたい街ランキング2026＜千葉県版＞」として発表しました。本記事では、その中から「住み続けたい街（駅）」のランキングを紹介します。 このランキングは、「今住んでいる街に、ずっと住んでいたいと思う」という設問に対し、5段階で評価したデータをもとにしていて、駅徒歩15分以内に居住している回答者が30人以上の駅が対象。また、2022年～2026年の回答（一部、2020～2021年の回答を含む）を累積して集計しています。 多くの人から「住み続けたい」と支持を集めた街はどこだったのでしょうか。ランキングを見ていきましょう。 （出典元：いい部屋ネット「街の幸福度＆住み続けたい街ランキング2026＜千葉県版＞」） ●第2位：印西牧の原（北総線） 第2位は「印西牧の原」でした。印西市にある印西牧の原駅は、北総鉄道北総線の駅です。西船橋駅まで約40分、上野駅まで約1時間でアクセスでき、周辺には「ジョイフル本田」「牧の原モア」「BIGHOPガーデンモール印西」などの大型商業施設が立地。北側には緑豊かな「牧の原公園」があり、都市の利便性と自然を身近に感じられる環境が広がっています。 居住者からは「街が新しい。公共施設が充実している。インフラが地中化されている。商業施設が充実している」「便利な街で自然も多く住みやすい。この街の中で必要なことは完結するので、ほかに行く理由が無い」といった声が寄せられていました。 ●第1位：学園前（京成千原線） 第1位は「学園前」でした。千葉市緑区にある学園前駅は、京成電鉄千原線の駅です。ニュータウン「おゆみ野地区」の西側に位置し、千葉駅・京成千葉駅までは約10分でアクセスできます。駅周辺にはスーパーやショッピング施設などがあり、日々の買い物にも便利。公園や四季折々の自然を楽しめる遊歩道も整備され、利便性と豊かな自然が調和した住環境が広がっています。 居住者からは「静かで、生活に不便がない」「そこそこ生活に便利で環境も良い」「不便でもなく都会すぎず心地が良い」といった声が寄せられていました。 センター,[],[]
藤本美貴、夫・庄司智春が作った朝食に「料亭だよ」　自宅中庭に「広い」「自宅ですか！？」と驚きの声　（ねとらぼ）,https://news.yahoo.co.jp/articles/acbc45ab52ebba5bee2a6e0a55e472a59827761c,https://newsatcl-pctr.c.yimg.jp/t/amd-img/20260929-10170411-it_nlab-000-1-view.png?fmt=jpeg&q=85&exp=10800,2026-09-29T09:25:00+09:00,2026-09-29T09:25:00+09:00,ねとらぼ,it_nlab,ねとらぼ,833,画像は藤本美貴Instagramから引用（写真：ねとらぼ） タレントの藤本美貴さんが9月28日に公式YouTubeチャンネルを更新。自宅の中庭で、夫であるお笑いコンビの品川庄司・庄司智春さんが作った朝食を味わう様子を公開しました。また、愛犬が動画に初登場しました。 【画像】庄司さんが作った朝食と自宅中庭 中庭に設置されたテーブルに、次々と朝食のメニューを運んでくる庄司さん。この日は「和朝食」ということで、味噌汁、白米、納豆、生卵、焼き鮭などを次々とテーブルに並べていきました。 藤本さんは朝食を見て「料亭だよ これもう味のりあったら料亭」と感心した様子。2人で朝食を食べていきます。藤本さんは、庄司さんお手製の味噌汁を食べて「わっ！ 優しい！ 美味しい」「朝でこれはもう幸せですね」と噛みしめるようにコメントしていました。 朝食を楽しみながら、子どもや食べ物の話など、さまざまな話題で軽快にトークする2人。愛犬の「ポポ」ちゃんが甘えてきた際には、笑顔で声をかけながらなでていました。 完食後、庄司さんは藤本さんに「コーヒー飲みますか？」と声をかけます。藤本さんが「飲みます」と返事をすると、すぐに食器を片付けながらアイスコーヒーを準備し、藤本さんのもとへ運びます。 途中、藤本さんの母・ケイコさんから「湿布を貼ってほしい」と電話が来て訪問するプチハプニングもありつつ、2人は最後までなごやかな夫婦の会話を繰り広げていました。 動画のコメント欄には「これよこれ！ これが見たかった」「こういうシンプルご飯が1番いい」「見た瞬間に腹減った！」という声のほか、「中庭広い！？ 2人がミニチュアに見える」「自宅ですか！？」などの反応が寄せられています。 また、初公開の愛犬についても「ポポちゃん初めて見たー！」「ポポちゃん初登場？」「庄司家のわんちゃんぽぽちゃんが〜カワイイ」「え、わんちゃん飼ってたの？！」「まさかの登場にびっくり」と驚きの声もあがっていました。 k村,[],[]
妻の服を勝手に着る夫→まさかの姿に「やばいww」「ギリオシャレ」「パリコレでも違和感ない」（ねとらぼ）,https://news.yahoo.co.jp/articles/a48db75e1f5d73e980681f57c440009fa0ea2d35,https://newsatcl-pctr.c.yimg.jp/t/amd-img/20260929-10169887-it_nlab-000-1-view.jpg?exp=10800,2026-09-29T09:15:00+09:00,2026-09-29T09:15:00+09:00,ねとらぼ,it_nlab,ねとらぼ,1658,妻の服を勝手に着る夫（写真：ねとらぼ） 妻の服で勝手に“ひとりファッションショー”する夫が「やばいwww」「何やってんの笑」「パリコレ感あるのなに爆笑」とX（Twitter）で話題です。投稿は記事執筆時点で1960万回以上表示され、18万件を超える「いいね！」を集めています。 【画像】まさかの姿 写真を投稿したのは、YouTuberとして活躍するインフルエンサー「きりまる」（@fwafwa7）さん。YouTubeチャンネル「きりまる」（@kirimaruuu）はチャンネル登録者数114万人を突破しており、以前にはGUのアイテムを使った夏の着痩せコーデが注目を集めました。 今回は、2026年8月に結婚した6歳年下の夫・ぽてさんが勝手にきりまるさんの服でひとりファッションショーしている様子です。 8月に4年の交際期間を経てぽてさんと結婚したきりまるさん。「約4年間ずっと温めてきた定期的に人の服で勝手にひとりファッションショーする旦那の写真を世に放出できるようになったの、ガチ嬉しすぎる」と、結婚したことでようやくぽてさんの顔出し写真を公開できる喜びを伝えています。 1枚目では、ミニーの帽子をかぶって素肌にそのままファーのベストと白ラインの入ったブラウンの手袋を着用。ヘソまわりをチラ見せして黒いミニスカートをはいています。普通ならサイズの小さい服を着てつんつるてんな姿で笑いを誘うシーンですが、スタイルが良く首の長さや顔の小ささが功を奏してしまい、まるでアバンギャルドなファッションショーの衣装に見えてしまっています。あれ、オシャレに見えるぞ……？ 2着目はグレーの短丈ファーカーディガンにバルーンのミニスカートです。上下ともに完全に女性もので、サイズも小さめであることがありありと伝わってくるルックですが、なぜかウエストが細いせいで当たり前のように着られてしまっています。 3着目はボートネックのボーダーノースリーブに黒いボトムスを合わせたルックです。ボトムスは完全に違和感がなく、丈が短いトップスもへそ出しするタイプのメンズだといわれたら信じてしまいそうです。また、背を逸らしたポーズと悩ましげな表情でファッション誌のカバーモデルのように見えます。写真の上あたりに「VOGUE」って入れても違和感ない。 そろそろきりまるさんのレディース服なのか、ぽてさんのプレタポルテなのか分からなくなりそうです。4着目ではグレンチェックのジャケットに白レースのティアードスカートとブラウンのパンツを合わせ、ファーハットをかぶっています。もはや完全にファッションショーのランウェイに登場してもおかしくないコーデに見えます。ここは楽屋……？ さらに、次々と着こなしていくぽてさん。デニムベストにミリタリーパンツと黒ニット帽を合わせた、丈の長ささえ合えばメンズと言われても違和感のないコーデや、完全にサイズがぴったりなブラウンジャケット＆ティアードロングスカートのコーデ。白タンクにハイウエストパンツを合わせた笑いを取りにきた写真まで。決め顔だったり笑顔だったり、どれもめちゃくちゃ楽しそうでほっこりするとともに、ぽてさんのポテンシャルの高さに驚かされますね。 ぽてさんの絶妙な“ひとりファッションショー”に、Xでは「パリコレでも違和感ない」「顔とスタイルのおかげでギリオシャレなのおもろい」「顔めっちゃ決めてておもろすぎるけどめちゃくちゃスタイルいいのもバリおもろい」「少し似合ってるからダメ出しできない」「メイクしたら爆美女になりそう」「イケメンなのにおもろいって最強やんww」「おもろい旦那最高だよなぁ」「シュールすぎるやろ」「家帰ってこの顔がいるのあまりにも羨ましすぎる」といった声が寄せられています。 きりまるさんはXとYouTubeに加え、Instagram（@kirimaruuu）やTikTok（@kirimaruuu）でもライフスタイルを発信中です。 画像提供：きりまる（@fwafwa7）さん 川上酒乃,[],[]
【関東在住者に聞いた】東大・京大以外で今後発展していきそうな「国立大学」ランキング！　2位は「一橋大学」、1位は？（ねとらぼ）,https://news.yahoo.co.jp/articles/0c80a5daaa1fd62b1ce9b2e8e53478371b1e65fc,https://newsatcl-pctr.c.yimg.jp/t/amd-img/20260929-10170207-it_nlab-000-1-view.jpg?exp=10800,2026-09-29T09:00:00+09:00,2026-09-29T09:00:00+09:00,ねとらぼ,it_nlab,ねとらぼ,740,画像はイメージです（画像：PIXTA）（写真：ねとらぼ） ねとらぼでは、アンケートサイト「ボイスノート」の協力のもと、関東地方在住者を対象に「東大・京大以外で今後発展していきそうな国立大学」というテーマでアンケート調査を実施しました。 【画像：ランキング21位～1位を見る】 国内最難関大学と称される東京大学と京都大学を除いて、関東在住者から支持を集めたのはどの国立大学だったのでしょうか。さっそくランキングを見ていきましょう！ なお、アンケート対象の大学は、文部科学省のサイトを参考にリストアップしています。 ●第2位：一橋大学 第2位に選ばれたのは、得票率7.6％の「一橋大学」でした。東京都国立市に本部を置く一橋大学は、1875年に創立された「商法講習所」を前身とし、1920年に「東京商科大学」として設置された国立大学です。 一橋大学では、社会科学とデータサイエンスを融合した教育・研究にも注力。2023年には、社会科学の視点から情報技術の進展やDXに貢献する人材の育成を目的として、ソーシャル・データサイエンス学部を新たに開設しました。 ●第1位：筑波大学 第1位に輝いたのは、得票率8.0％の「筑波大学」でした。茨城県つくば市に本部を置く筑波大学は、1973年に設置された国立大学です。「開かれた大学」「教育と研究の新しい仕組み」「新しい大学自治」を特色とした総合大学として発足しました。 2026年9月には、国際統合睡眠医科学研究機構の柳沢正史教授が、アメリカ医学界における権威ある賞の「アルバート・ラスカー基礎医学研究賞」を受賞。神経ペプチド「オレキシン」の発見や、オレキシンの欠乏によってナルコレプシーが発病することを解明した研究などが評価されました。 センター,[],[]
おつりでもらった500円玉→よく見ると……「ええ！！！」　衝撃の光景に「こんなコイン初めて見た～」「これ使う人いるんだ」（ねとらぼ）,https://news.yahoo.co.jp/articles/cc46298ad587b43b2a88447e6101e96af91f6a01,https://newsatcl-pctr.c.yimg.jp/t/amd-img/20260929-10170331-it_nlab-000-1-view.jpg?exp=10800,2026-09-29T09:00:00+09:00,2026-09-29T09:00:00+09:00,ねとらぼ,it_nlab,ねとらぼ,691,おつりでもらった500円玉→よく見ると……（写真：ねとらぼ） おつりでもらった500円のデザインがSNSで話題です。投稿は記事執筆時点で31万回以上表示され、1万件以上の“いいね”を集めています。 【画像】衝撃の光景 ●おつりでもらった500円玉 今回話題を呼んだのは、投稿者さんがランチを食べたあと、自動支払い機で会計をしたときに出てきた500円硬貨です。出てきたおつりを確認してみると、通常の500円硬貨とは違うデザインでした。 硬貨の中央に描かれているのは、大阪・関西万博の公式キャラクター「ミャクミャク」です。下には「日本国」「五百円」の文字も入っていました。 これは2025年に開催された「大阪・関西万博」を記念して発行された500円です。表面にはミャクミャク、裏面には大阪・関西万博のロゴマークがデザインされており、通常の500円硬貨と同様に使用できます。投稿者さんは以前からこの500円玉が欲しかったようで、「ずっと欲しかったよー」と喜びました。 ランチのおつりに、思いがけず記念貨幣が混ざっていたら驚きますね。500円として使うこともできますが、ミャクミャクが描かれた特別なデザインなので、大切に保管しておきたくなります！ ●「これは大事に取っておいた方がいいですね」と反響 この投稿に対し、コメント欄では「ええ！！！」「こんなコイン初めて見た～」「これは大事に取っておいた方がいいですね」「喜んでくれる人の所に来てよかったね」「本当に貴重ですよ」「これ使う人いるんだ」「私の500円と交換してください」などの声が寄せられています。 ※画像提供：匿名希望 野田えがお,[],[]
シュウ ウエムラでリップ購入→「刻印できる」と言われ入れたのは……　まさかの完成品が160万表示「何食べて生きてたらこんな発想が浮かぶのw」（ねとらぼ）,https://news.yahoo.co.jp/articles/da3f942c93c80fd502830e9bd16b06456dea0d7a,https://newsatcl-pctr.c.yimg.jp/t/amd-img/20260929-10170187-it_nlab-000-1-view.jpg?exp=10800,2026-09-29T08:57:00+09:00,2026-09-29T08:57:00+09:00,ねとらぼ,it_nlab,ねとらぼ,1157,刻印したのは……（写真：ねとらぼ） コスメブランド「シュウ ウエムラ」の刻印サービスを利用し、女性がリップにデザインした“まさかの言葉”が、X（Twitter）で話題です。投稿は記事執筆時点で160万回以上表示され、2万9000件以上の“いいね”を獲得しています（※本記事で紹介する店舗限定サービスは、投稿日時点のものです。内容は変更になる場合があります）。 【画像】まさかの完成品 投稿したのは、Xユーザーのおいどん（@dododon_oi_don）さん。普段はコスメのレビューを中心に発信しており、以前は「M・A・C コスメティックス」で購入した“デコリップ”を紹介した投稿でも注目を集めました。今回話題を呼んだのは、「シュウ ウエムラ」で購入したリップを公開した投稿です。 ある日、「シュウ ウエムラ」表参道ヒルズ本店でリップを購入したおいどんさんは、自分で描いた文字やイラストを刻印できるサービスがあることを知ります。せっかくの機会とあって、利用してみることに。名前やお気に入りのイラストを入れる人も多そうですが、おいどんさんが選んだのは、なんと日本史で習う「墾田永年私財法」（こんでんえいねんしざいほう）という文字でした。 完成したリップを見ると、白いケースには「墾田永年私財法」の7文字がくっきり。文字の周囲には吹き出し風の装飾も施されており、なんともシュールなデザインに仕上がっています。言葉選びが渋すぎる……！ なお、刻印するデザインは、店頭に用意されたペンタブレットに希望の文字やイラストを直接描き込んで作成したとのこと。ただし、ペンの線が非常に細かったため、「漢字書くのは激ムズ」だったそうです。 それでも完成したリップには大満足の様子で、おいどんさんは刻印サービスが無料だったことにも触れながら「最高である」とコメント。自分ならどんなデザインを刻むか、考えるだけでもワクワクしてきますね！ この投稿に対し、Xでは「なぜ！？」「何食べて生きてたらこんな発想が浮かぶのwww」「センスが光ってる」「控えめに言って最高である」「色番号が743だったら完璧」「こういう元気が出る語呂の良い言葉を刻印したい」「私も六波羅探題リップほしい」「御成敗式目バージョン欲しい！！」などの声が寄せられました。 また、「手書きそのまま刻印できるの！？ ええやん」「プレゼントとかにしても素敵だよねぇぇ!!」「今使ってるのが終わったら次は表参道で買う」など、シュウ ウエムラのサービスに感動する声も上がっています。なお、おいどんさんが受けた刻印サービスは、表参道ヒルズ本店限定のもので、各種条件があります。サービスの詳細は公式サイトにて確認できます。 画像提供：おいどん（@dododon_oi_don）さん さとう,[],[]
金沢旅行で買ったお土産→使うのをためらう“まさかのアイテム”に「なんですか～これは～！」「しまっては残念です」（ねとらぼ）,https://news.yahoo.co.jp/articles/8d9f1c71bfe66cd2648e29e9937d4c6b242962e3,https://newsatcl-pctr.c.yimg.jp/t/amd-img/20260929-10169610-it_nlab-000-1-view.jpg?exp=10800,2026-09-29T08:45:00+09:00,2026-09-29T08:45:00+09:00,ねとらぼ,it_nlab,ねとらぼ,608,金沢旅行で買ったお土産→使うのをためらう“まさかのアイテム”（画像提供：すー あきさん）（写真：ねとらぼ） 金沢旅行のお土産のお皿が美しすぎてなかなか使えないという投稿がThreadsで話題に。投稿は記事執筆時点で24万回以上表示され、9200件を超える「いいね！」を集めています。 【画像】まさかのアイテム 写真を投稿したのは、2人の息子の母でグルメや旅行について発信している「すー あき」（@amundesu_milktea）さん。ひとり金沢旅行で購入したというすてきなお皿を披露しています。 それは、梅菊模様の九谷焼の豆皿でした。赤をベースに青、緑、白、黄の花々が金で縁取られている美しいデザインです。何度も箱から出して眺めてはしまっているのだそうで、「いつ使うのか、いっそ飾ろうかな」と迷ったようにコメントしています。これは食卓に使うのをためらってしまう美しさですね！ 思わず見とれてしまう金沢旅行のお土産のお皿に、Threadsでは「色が美しいですよね」「なんですか～これは～！ 驚きました。素敵すぎて」「私は地元の物なので普段使いしてますが、綺麗ですよね。飾っても素敵だと思います」「しまっては残念です」「なんかこの一枚でお部屋が明るく華やかになりますね！ アクセントとして大活躍しそう！」「お正月に黒豆乗せたい」「使ってこその器です。何を盛っても映えそうですね」といった声が寄せられています。 川上酒乃,[],[]
「仕事帰りにジムに行く用で購入」　無印良品の“撥水ビジネストートバッグ”に「縦長のものの中で機能性がとても良い」「1泊の出張でも使い勝手がよかった」の声（ねとらぼ）,https://news.yahoo.co.jp/articles/31e9d2374532809fb626e2c7a633b2b63d7dc3d8,https://newsatcl-pctr.c.yimg.jp/t/amd-img/20260929-10170316-it_nlab-000-1-view.jpg?exp=10800,2026-09-29T08:40:00+09:00,2026-09-29T08:40:00+09:00,ねとらぼ,it_nlab,ねとらぼ,1307,（画像：ねとらぼ）（写真：ねとらぼ） 通勤バッグは、パソコンや書類、飲み物などをまとめて持ち歩ける収納力が欲しい一方、仕事着になじむすっきりしたデザインも重視したいところ。 【画像】無印良品の“撥水ビジネストートバッグ” 本記事では、「ビジネス用トートバッグとして重宝」「機能性がとても良い」というレビューもある無印良品の「撥水 再生ナイロン ビジネス トートバッグ」を紹介します。 ●「撥水 再生ナイロン ビジネス トートバッグ」とは？ 無印良品の「撥水 再生ナイロン ビジネス トートバッグ」（税込6990円）は、仕事で使う荷物を整理しやすいトートバッグです。取り出しに便利な外ポケットに加え、内側にはノートパソコン収納に対応したポケット、小分けポケット、ペン差しを配置。290×260×30ミリ以内のノートパソコンやモバイル機器の収納が目安です。 表地と裏地には再生素材を使用し、一部に撥水加工を施しています。容量は20リットルあり、1泊2日の旅行や出張にも使いやすい仕様。背面にはキャリーケースのバーに取り付けられるベルトも備えています。サイズは縦42×横30×マチ14センチで、カラーは黒。シンプルなデザインで、ビジネスシーンにも取り入れやすいバッグです。 ●購入者の声 無印良品の公式サイトでは「仕事帰りにジムに行く用で購入しました。 お弁当、500ペット、ジム用の着替え、タオル、財布、スマホ、折りたたみ傘を入れてもまだ余裕あります。ポケットもたくさんあり使いやすいです」「PC収納や、脇のペットボトル収納も便利」「仕事用のトートを探していたのですが縦長のものの中で機能性がとても良いと感じました」「ビジネス用トートバッグとして重宝できます。ビジネス用で1泊の出張でも使い勝手がよかったです。PC収納もあり重宝しました」などの声が寄せられています。 ●ユニクロの「ユーティリティバックパック」もおすすめ ユニクロは、日常に取り入れやすいシンプルなデザインと、使いやすい機能性を兼ね備えたアイテムを幅広く展開しているブランドです。衣料品だけでなく、バッグや帽子などの小物類も充実しており、通勤・通学から旅行、休日のお出かけまで活躍するアイテムがそろっています。 そんなユニクロの「ユーティリティバックパック」（4990円）は、すっきりとした見た目と収納力を両立したバックパック。シンプルなデザインながら、細かな機能が充実しており、毎日使うバッグとして頼りになりそうなアイテムです。フロントや両サイドなどには、合計6個のポケットを配置。スマートフォンや財布、イヤホン、パスケース、折りたたみ傘、ボトルなど、持ち歩く小物を分けて収納しやすいのが魅力です。メイン収納にはスリーブが付いているため、書類やタブレット、ノート類などを分けて入れるのにも便利です。 ショルダーストラップはカーブした形状になっており、肩から落ちにくい仕様です。さらに、位置を変えられるチェストストラップ付きなので、荷物が多い日や長時間歩く日にも安定感◎。小雨程度の水をはじく撥水加工が施されているのも便利なポイントです。 coZca3,[],[]
30代主婦、“平成の女子高生”を再現したら……　衝撃の仕上がりに「同級生にいたw」「一軍すぎ」と280万再生（ねとらぼ）,https://news.yahoo.co.jp/articles/5336d414b1e16de7fdc35405d36416e81449ac6e,https://newsatcl-pctr.c.yimg.jp/t/amd-img/20260929-10169705-it_nlab-000-1-view.jpg?exp=10800,2026-09-29T08:30:00+09:00,2026-09-29T08:30:00+09:00,ねとらぼ,it_nlab,ねとらぼ,1417,30代主婦が、平成の女子高生を再現したら……（写真：ねとらぼ） 30代主婦が、“30年前の女子高生”をメイクとファッションで再現したら……？ 完成度の高すぎる驚きの姿がTikTokとYouTubeで話題です。投稿は記事執筆時点で計280万回以上再生され、反響を多数呼んでいます。 【画像】衝撃の仕上がり 動画を投稿したのは、夫婦でさまざまなクリエイティブ動画を投稿しているYouTubeチャンネル「ナカモトフウフのOkinawa Life Vlog」（@okinawalifevlog5012）の妻・ちゃんまりさん。YouTubeやTikTok（@nakamotofufu）ではファッション・メイクに関するチャレンジ動画を多数公開しており、以前には「夫の服だけで“総額100万円コーデ”を組んでみた結果」が注目を集めました。 今回話題を呼んだのは、“30年前の女子高生”をメイクとファッションで再現してみる動画です。30年前といえば、1990年代に一世を風靡（ふうび）したコギャルブームのまっただ中。現在30代であるちゃんまりさんが表現する当時の女子高生は、一体どんな仕上がりになるのでしょうか。 当時は歌手の安室奈美恵さんが大人気で、そのファッションをまねするファン「アムラー」が社会現象に。ミニスカートと厚底靴が流行したことで、女子高生のあいだでも短いスカートを着る人が続出しました。ずるっと制服を着崩す当時のスタイルを再現すべく、制服のシャツは胸元を開け、スカートはウエストを折り返して短くします。 シャツの上に着るニットベストは、ゆるっとしたオーバーサイズが当時の主流。1メートル超えの長いルーズソックスをくしゅくしゅとたるませて履いたら、平成初期の女子高生コーデの完成です。 メイクは、日焼け肌とつり上がった細眉で当時のトレンド顔を再現します。濃い色のファンデーションで小麦色の肌を作り、きりっとした眉を描いたら一気に平成らしい雰囲気になりました。さらにアイシャドウは、グレーやシルバーといったクールな色をチョイス。涙袋には白いアイシャドウを入れ、ブラックのアイライナーとマスカラで囲み目メイクを施します。 肌になじむチークとベージュリップを塗ったら、“平成感”たっぷりなメイクの出来上がり。ヘアスタイルは、当時の安室さんを意識したストレートにセットします。おでこを出して髪を片耳にかけたら、再現度抜群な“30年前の女子高生スタイル”の完成です！ カッコ良くポーズをキメたちゃんまりさんは、平成時代のコギャルそのもの。夫・ダイスケさんに「どう？」と見せてみると、第一声は「懐かしい！」というものでした。「どうどうどう？ 好き？」と重ねて聞いてみましたが、ダイスケさんは「いや……」と微妙な反応を返します。どうやらダイスケさんは平成コギャルファッションが好みではないようで、ちゃんまりさんは予想外のリアクションに「好きじゃないんかい！」とツッコミを入れるのでした。 この投稿に対し、コメント欄では「メイクひとつで全然印象変わるの凄すぎる……!!」「懐かしいと思う40代」「従姉妹のお姉ちゃんがこんな感じでした！」「30年前まだ生まれてないけど、凄く懐かしく感じるw」「こんなギャル友達におったわー！」「やばいw ばりなつい」などの声が寄せられました。 動画提供：ナカモトフウフ（YouTube／TikTok）さん やまもとゆか,[],[]
愛犬を少し整えてもらおうと、トリミングへ連れていくと……　まさかの姿が1000万再生「コーヒー吹き出しそうになった！」【海外】（ねとらぼ）,https://news.yahoo.co.jp/articles/79c00b603835d4352980bb6d96c1dd2baad0f8f8,https://newsatcl-pctr.c.yimg.jp/t/amd-img/20260929-10170347-it_nlab-000-1-view.jpg?exp=10800,2026-09-29T08:30:00+09:00,2026-09-29T08:30:00+09:00,ねとらぼ,it_nlab,ねとらぼ,863,トリミング前（写真：ねとらぼ） 愛犬のトリミングを、プロのトリマーに依頼したら……。飼い主さんも絶句する、“衝撃の仕上がり”がInstagramで話題です。投稿は記事執筆時点で1000万回以上再生され、28万件以上の“いいね”を獲得しています。 【画像】まさかの姿 ●愛犬のトリミングを任せたら…… 動画を投稿したのは、2匹の愛犬と暮らす海外のInstagramユーザー「Featuring Rocky」（@popp.snoop）さん。普段は、かわいいワンコたちの日常を多数発信しています。 今回話題になったのは、真っ白なふわふわの毛がキュートな「Snoop」くんのトリミングをした際の動画です。「トリマーさんは『私を信じて』と言った」とテロップが表示され、トリミングが終わったころにSnoopくんを迎えに行くと……。 ●衝撃的な姿になってしまった愛犬 Snoopくんは頭頂部以外の毛をほとんど刈られてしまい、まるで丸裸になったような見た目に！ 頭のてっぺんだけはふさふさと毛が残っていますが、顔周りの毛まで短く刈られた結果、すっかり別人（別犬）のようになってしまいました。なんてほっそりとした姿だ……。 トリミング前のSnoopくんはころころとした丸いシルエットで、目も口も埋もれたぬいぐるみのような表情をしていました。しかし現在は全身がスリムに見え、あどけない瞳の印象も全く異なります。暑い夏に向けたサマーカットと思われますが、ここまで印象が変わってしまうと飼い主さんも困惑してしまったようで、「少し整えてもらおうと頼んだだけなのに……」とコメントしていました。 ●「同じ犬とは思えないwww」と反響 この投稿に対し、コメント欄では「コーヒー吹き出しそうになった！」「うちの犬もサマーカットしたらこんな感じだった」「『かわいい』から『何これ!!』になった！」「同じ犬とは思えないwww」などの声が寄せられました。 画像はFeaturing Rocky（@popp.snoop）さんのInstagramから引用 やまもとゆか,[],[]
「全色全サイズ買いました」　無印良品の“499円トートバッグ”が大好評　「軽くて肩が疲れない」「コスパ最強エコバッグ」「急な雨でも安心です」（ねとらぼ）,https://news.yahoo.co.jp/articles/ce4a80ff0ee7664ba28ae88d9630f14a69b47363,https://newsatcl-pctr.c.yimg.jp/t/amd-img/20260929-10170269-it_nlab-000-2-view.jpg?exp=10800,2026-09-29T08:20:00+09:00,2026-09-29T11:30:55+09:00,ねとらぼ,it_nlab,ねとらぼ,1297,画像：ねとらぼリサーチ（写真：ねとらぼ） 無印良品の“499円トートバッグ”が、安価ながら水濡れに強く大容量で、さまざまなシーンで活躍すると人気を集めています。なかには「全色全サイズ揃えました」という人もいるほど。 【画像】無印良品の“499円トートバッグ” 本記事では、そんな無印良品の「ポリプロピレンシートトートバッグ」を紹介します。 ●「ポリプロピレンシートトートバッグ」とは？ 無印良品の「ポリプロピレンシートトートバッグ」は、軽くて丈夫な養生シート素材をそのままバッグに仕立てたアイテムです。約幅53×高さ36×マチ19センチの大きめサイズでレジャーや買い出しのサブバッグにぴったり。水や汚れはサッと拭くだけでOKなので、ランドリーバッグとしても、子どもとのお出かけにも便利。夏はプールや海など水辺に行くことも多いため、大活躍してくれそうですね。 長短2本のハンドルで肩掛けも手持ちも自在で、持ち手根元のループにはカラビナや鍵が付けられて便利。カラーはネイビーとライトベージュの2種類で、価格は消費税込みで499円と手に取りやすいのも魅力です。 ●購入者の声 無印良品の公式サイトでは「何個目になるかわからないほどのファン。大変便利で大好き」「ちょっと雑に使っても気にならない材質です。お気に入りです」「いろんなエコバッグ使いましたが、結局、これにたどり着きました」「ほぼ毎日使ってるコスパ最強エコバッグ」「急な雨でも安心感があります」「持ち手も肩に掛けれたり、ちょっとした気遣いがありがたい」「旅行の際、機内持ち込みのバッグとして使用しています。とても軽いし、たためて便利」「なんて可愛い……色も形も完璧です！しかも超軽い」「全色全サイズ揃えました！色が上品でとっても素敵。何より本当に持ちやすい」「本当に丈夫。無地のシンプルさも使いやすい。大きさも絶妙。安価なので2つ買い足した」などの声が寄せられています。 ●羽田空港限定のエコバッグもおしゃれ 羽田空港限定の「BAGGU HANEDA exclusive（STRIPE）ネイビー」は、BAGGUとRon Hermanの別注エコバッグを、羽田限定商品として展開しているアイテムです。過去に人気を集めたデザインが、パッケージをリニューアルして再登場。ネイビーとホワイトで統一されたさわやかなストライプ柄が印象的で、シーズンを問わず使いやすいエコバッグに仕上がっています。空港限定というレア感もあり、自分用にはもちろん、ちょっとしたギフトや旅の記念にも選びたくなる一品です。 サイズは、スマホや財布を入れるのにぴったりな「Mini」、ベストセラーの「Baby」、スーパーなどでの買い物に便利な「Standard」、大きいものもしっかり入る「Big」が展開。使わないときはコンパクトにまとめて持ち運べるので、メインバッグに常備しておくのも良いかもしれません。 オンラインストアのHANEDA Shoppingでの販売価格は4400円。羽田空港では第1ターミナル出発後エリア「イセタン羽田ストア（レディス）」で販売されています。 kei,[],[]
14歳少女、自分の“誕生日ケーキ”を手作り→完成したのは……「なんだこの天才は」「早くお店出して」　圧巻の出来栄えが110万再生（ねとらぼ）,https://news.yahoo.co.jp/articles/3bc76d0800b1e48cc9470eb8112e04fc16a5452e,https://newsatcl-pctr.c.yimg.jp/t/amd-img/20260929-10170202-it_nlab-000-4-view.jpg?exp=10800,2026-09-29T08:15:00+09:00,2026-09-29T09:09:07+09:00,ねとらぼ,it_nlab,ねとらぼ,2304,パティシエになりたい14歳のルナちゃん。自分のために作ったバースデーケーキは……？（写真：ねとらぼ） パティシエを目指して、日々お菓子作りに励んでいる女の子。この夏14歳の誕生日を迎え、自分のためにバースデーケーキを制作する動画がTikTokで話題になっています。投稿は記事執筆時点で110万回以上再生され、3万4000件を超える“いいね”を獲得しました。 【画像】完成したケーキ 動画を投稿したのは、パティシエを目指す女の子・ルナちゃんによるお菓子作りの様子を発信しているTikTokアカウント「Luna」（@lunalunakitchen2）。これまでにも美しい手作りスイーツがたびたび話題になってきました。 13歳の誕生日ケーキも自作し、そのクオリティーの高さが「天才の一言」「プロ並み」と大反響を呼んだルナちゃんは、14歳のバースデーケーキももちろん一から手作りすることに。早速、慣れた手つきで作業を始めました。 最初に作るのは、ケーキを囲む木箱風のデコレーションです。ルナちゃんは、チョコレートを大理石の作業台に流し、パレットナイフで薄く伸ばしました。表面に専用の道具を滑らせると、チョコレートには波打つような筋模様が入ります。 その上からホワイトチョコレートを塗り重ねて固めると、最初に付けた模様がホワイトチョコレートとの濃淡によって浮かび上がり、天然の木材のような見た目に！ 固まったチョコレートを台紙から慎重に剥がすと、木の板を思わせる長方形のパーツが完成しました。この時点でもうすごい……！ 続いてケーキ本体を作ります。きれいに焼き上げた四角いスポンジケーキを水平にスライスし、生クリームを均一に塗り広げました。ルナちゃんはスポンジ、生クリーム、イチゴがきれいな層になるよう、位置を確認しながら組み立てていきます。ニコニコと笑顔で作業を進める様子からは、お菓子作りが楽しくて仕方がないという気持ちが伝わってきます。 続いて、完成した土台を回転台に移し、表面全体を生クリームで覆いました。その周囲に、先ほど作った木目調のチョコレート板を貼り付けて4面を囲むと……まるでケーキが木箱の中にすっぽりと入っているようです。 ケーキの本体が完成したら、上面を飾るパーツ作りに移ります。ルナちゃんはホワイトとピンクのチョコレートを大理石の上で混ぜ、薄い膜のように伸ばしました。そして固まり具合を確認したあと、パレットナイフを寝かせるように当てて表面を削ります。 薄く削られたチョコレートがパレットナイフの先で自然に丸まると、ルナちゃんはそれを指先で整えながら中心部分を作り、さらにチョコレートを重ねていきました。1枚ずつ外側に広がるように巻くと、なんと薄い花びらが幾重にも重なったバラの形に！ やわらかな色合いの変化にうっとり見入ってしまいます。 さらに、ルナちゃんはチョウをモチーフにしたチョコレート細工にも挑戦。まずはチョウのイラストを下絵として用意し、線に沿ってチョコレートを細く絞って羽の輪郭や内部の細かな模様を描いていきます。竹串も使いながら線の形を調整し、特徴的な模様を一つずつ繊細に表現しました。 羽のパーツが固まったら、左右に角度を付けて組み立てます。平面に描いただけではなく、今にも羽ばたきそうな立体的な姿に仕上げているのがお見事。オレンジとブラックを基調にした羽には、細かな線や縁取りまで施されていて、短い動画の中でも細部に手間をかけていることが伝わってきます。 すべてのパーツがそろったら、いよいよデコレーションの作業に移ります。ルナちゃんは木箱風ケーキの上に、手作りしたチョコレートのバラを配置し、その間を埋めるように、イチゴ、ダークチェリー、フサスグリ（レッドカラント）、ピンクグレープフルーツなどを盛り付けていきました。フルーツは木箱からあふれそうなほどたっぷりと使用。鮮やかな色と形の異なる果物が重なり、どの角度から見ても華やかなデザインになっています。 さらに、「14」の数字キャンドルを立て、木箱の前面にはピンセットを使って「LUNA」の文字を一つずつ配置。ブラックのアルファベットが木目調の面にはっきりと映え、特別な誕生日ケーキであることが伝わります。 最後に、側面へ手作りしたチョウのチョコレート細工をあしらうと、まるでチョウが色鮮やかな花や果物に誘われて飛んできたようなデザインになりました。ケーキ全体に物語を感じさせる、すてきなバースデーケーキですね。 自分の誕生日を、自らの技術とアイデアを詰め込んだケーキでお祝いしたルナちゃん。パティシエという夢に向かい、着実に腕を磨いていることが伝わる作品でした。 動画を見た人からは「お誕生日おめでとう」とお祝いするコメントが多数寄せられたほか、「待って、14歳?! コメ欄見るまでプロのパティシエだと思って見てた」「なんだこの天才は」「やっばセンス大好きです」「チョウチョの細い柄まですごすぎるーーー!!」と驚く声や、「早くお店出してくれ」「もう天才すぎる。将来のお店はなんて名前にするのかなあ」「これからも楽しくケーキ作りしていてね！」と夢の実現に期待する声が集まっています。 ルナちゃんはTikTokだけでなく、Instagram（@lunalunakitchen）やYouTubeチャンネル「LunaLuna Kitchen パティシエを目指す14歳の記録」（@lunalunakitchen）でも、お菓子作りの様子を発信しています。 画像提供：Luna（@lunalunakitchen2）さん 春夏冬つかさ,[],[]
高1娘が学校で「ご飯美味しかった？」といじられた弁当→中には……「焦ったでしょうね」「私も気をつけよう」と397万表示（ねとらぼ）,https://news.yahoo.co.jp/articles/d66b70a6ec6a775c720c5c4089bdb8a170ed2848,https://newsatcl-pctr.c.yimg.jp/t/amd-img/20260929-10170027-it_nlab-000-1-view.jpg?exp=10800,2026-09-29T08:00:00+09:00,2026-09-29T08:00:00+09:00,ねとらぼ,it_nlab,ねとらぼ,1327,お弁当箱を開けたら……（写真：ねとらぼ） お昼時、高校生の娘から電話がかかってきて……。驚きのお弁当がThreadsに投稿されました。「笑いました」「ミラクル」と反響を呼び、記事執筆時点で397万件表示を突破、2万4000件を超える“いいね”を獲得しています。 【画像】まさかの中身 投稿したのは、3男4女を育てるママ「めぐ」（@kosodate_7kidsmama）さん。SNSではにぎやかな大家族の日常を発信しており、以前には7人目を出産し帰宅したときの光景が反響を呼びました。今回話題になったのは、高校1年生の娘さんとお弁当にまつわるエピソードです。 それは、娘さんが高校に行っている日中にかかってきた電話から始まりました。こんな時間に電話があるなんて何かあったのかと、めぐさんが恐る恐る出たところ、聞こえてきたのは娘さんの笑い声。さらに「ママ早く写真送ったから見て」と言われ、急いで確認してみると……。 写っていたのは、長方形の青い2段のお弁当箱。上の段には卵焼きやパスタなどのおかずがぎっしり詰まっています。ところが、ご飯が入っているはずのもう一方の容器は、まさかの空っぽ！ めぐさん、うっかりご飯を丸ごと入れ忘れてしまったのです。 娘さんによると、学校でお弁当を持ったときに「なんか軽いな」と感じ、開けてみたところこの状態だったため、ツボに入ってずっと爆笑していたとのこと。さらに、一緒に食べていた友達から最後に「ご飯美味しかった？」とツッコまれ、再び爆笑タイムに突入したそうです。 なおめぐさんによると実はこの日、ご飯を詰めようとしたタイミングで赤ちゃんが泣き、その後は三女と四女から「髪の毛縛ってぇ」と頼まれたのだそうです。次々とやることに追われるうちに、すでにご飯を入れたと思い込み、そのままおかずを詰め始めてしまったのではないかと推測しています。 こんなミスは初めてだったというめぐさんは「ほんまごめんやで 笑って許してくれた娘に感謝」と娘さんに謝罪。帰宅する娘さんのため、この日はおいしそうなから揚げをたっぷり揚げて待つことにしたそうです。 まさかの“ご飯なし弁当”に「なんてこった！」「エアごはん」「パスタが入ってるからセーフ！」「これは新しいパターンですね笑」「初めて見ましたwww」「面白すぎます」「娘ちゃん焦ったでしょうね」「えぇぇぇぇってなるけど笑ってしまうだろうな」「これもよき思い出」「そんな日もありますわ」「私も気をつけよう」「夜は唐揚げ沢山食べてね！」といった温かなコメントが寄せられました。 さらに、娘さん本人も登場。「友達との爆笑案件 美味しかった」と、この日の出来事を楽しんだ様子で「ままへ、明日はお米をよろしくお願いします そしていつもありがとう」と感謝の気持ちをつづっています。 2人の普段からの仲の良さも見えるようなほっこりするエピソードですね。めぐさんはこの他にも、家族との日々の様子をThreads（@kosodate_7kidsmama）やInstagramト（@kosodate_7kidsmama）で数多く公開中です。 画像提供：めぐ（@kosodate_7kidsmama）さん 瀬山野まり,[],[]
「ワンマイルお出かけにジャストなサイズ」　ワークマンの“1500円サコッシュ”が大好評！　「500mlのペットボトルも横にして入る」「使い勝手も最高」の声（ねとらぼ）,https://news.yahoo.co.jp/articles/2f49f5378936e79000567b1c827f99367cea3f87,https://newsatcl-pctr.c.yimg.jp/t/amd-img/20260929-10170338-it_nlab-000-1-view.jpg?exp=10800,2026-09-29T08:00:00+09:00,2026-09-29T08:00:00+09:00,ねとらぼ,it_nlab,ねとらぼ,1197,画像：ねとらぼリサーチ（写真：ねとらぼ） ちょっとした外出や通勤、旅行のサブバッグに、身軽に使えるバッグを探している人に注目してほしいのが、ワークマンの「ベーシックアンカーNサコッシュ」です。シンプルなデザインで服装を選びにくく、取り外し可能なインナーバッグも付いた実用的なアイテム。必要可能なインナーバッグも付いた実用的なアイテム。必要な小物をすっきり持ち歩きたい日に頼れるバッグです。 【画像】ワークマンの“1500円サコッシュ” 本記事では「ベーシックアンカーNサコッシュ」を紹介します。 ●ワークマンの「ベーシックアンカーＮサコッシュ」とは 「ベーシックアンカーＮサコッシュ」は取り外し可能なインナーバッグが付属した、使い勝手の良いミニショルダーです。本体とインナーバッグを組み合わせて使えるため、荷物の仕分けがしやすく、普段使いから旅行時のサブバッグまで幅広い場面に対応します。外側にはファスナーポケットがあり、鍵や交通系ICカードなどの小物をまとめておくのに便利。 ショルダーベルトは長さ調整と取り外しができ、好みの掛け方にアレンジできます。容量は本体約3リットル、インナーバッグ約2リットルと、日常の貴重品や小物がすっきり収まるサイズ感。カラーはクロ・グレー・カーキの3色で、落ち着きのある配色がコーディネートになじみます。販売価格は税込1500円です。 ●購入者の声 公式サイトのレビューでは「シンプルで使いやすく、容量も満足できました」「お値段以上！」「インナーバッグを取り外して持ち歩けるので非常に便利です」「ワンマイルお出かけにジャストなサイズ感」「身の回りの貴重品を入れて、バッグごと持ち出せる」「携帯、鍵、タバコ、ライターを常時入れて使用している」「500mlのペットボトルも横にして入る」「ウエストバッグの代わりに使用」「iPad用にピッタリ」「コスパ最強で使い勝手も最高」といった声が上がっていました。 ●モンベルの「トラベル タフポーチ L」もおすすめ モンベルの「トラベル タフポーチ L」は、旅行のときなどに必要な小物を機能的に収納できる、大きめサイズのショルダーポーチです。メイン素材には、強度と軽量性を兼ね備えた420デニール・バリスティックナイロンを採用。内外に複数のポケットを備えており、財布やスマートフォン、パスポートなどを分けて収納できます。背面には通気性に優れたメッシュ素材を使用し、長時間持ち歩きやすいのも魅力。容量は5リットル、サイズは高さ20×幅30×奥行き9.5センチで、重量は270グラムです。 カラーはダークグリーン(DGN)、ダークグレー(DGY)、ネイビー(NV)、タン(TN)の4種類で、価格は税込6200円。旅行時のサブバッグとしてはもちろん、普段の買い物や散歩、アウトドアシーンなど、幅広い場面で活躍するでしょう。 ツナ缶,[],[]
義母と水族館のフードコートへ→40歳婿に差し出したのは……「グッときた」　まさかの光景に「なんだか涙が」「私もこれもう一度されたい」（ねとらぼ）,https://news.yahoo.co.jp/articles/e1c10ed5af130479872eed0b698140fea2960eae,https://newsatcl-pctr.c.yimg.jp/t/amd-img/20260929-10170107-it_nlab-000-1-view.jpg?exp=10800,2026-09-29T08:00:00+09:00,2026-09-29T08:00:00+09:00,ねとらぼ,it_nlab,ねとらぼ,782,義母と水族館のフードコートへ→40歳婿にしたのは……（写真：ねとらぼ） 義母の優しさあふれる行動が、Threadsで話題です。投稿は記事執筆時点で88万回以上表示され、2万2000件以上の“いいね”を獲得しています。 【画像】衝撃の行動 ●義母の優しさあふれる行動 画像を投稿したのは、Threadsユーザーの「Shima Teru」（@sh1materu）さん。 今回話題を呼んだのは、家族で水族館のフードコートに行ったときのShimaさんの義母とのエピソードです。「あんまりお腹減ってないから俺はいいですよー」とShimaさんが食べるのを遠慮したところ、義母がラーメンを小さな器によそい、パンダがデザインされた子ども用フォークを添えて出してくれたようです。 ●ラーメンを食べやすいようによそってくれた まるで、子どもに接しているかのような優しさあふれる行動。意表を突かれたShimaさんは、懐かしさや嬉しさなどさまざまな感情があふれ、すぐに完食してしまったそうです。 それにとどまらず、義母からは「おいしい？ 足りた？」と聞かれたようで、Shimaさんは、「40歳です、お義母さん。俺40歳です」と、そのときの心の声を改めてつづりました。 ●「やだぁ泣くぅ」「最高の関係性」と反響 このほっこりエピソードに対し、コメント欄では「お義母さんも嬉しかったとおもうよ」「お義母さん可愛いです笑い」「ちゃんとチャーシューも忍ばせてくれてますね」「可愛がられてんなぁ笑」「良い関係性なのが伝わってきてホッコリしました」「孫と同じ扱いなの可愛い」「私もこれもう一度されたい」「なんだか涙が出てきました」「やだぁ泣くぅ」「最高の関係性すぎる」「なんか…グッときた 母性だなぁ」などの声が寄せられました。 画像提供：Shima Teru（@sh1materu）さん ひつじ陽介,[],[]
「とても使いやすい」ケユカの“209円の保存容器”に「価格も手頃」「丁度いい大きさ」の声（ねとらぼ）,https://news.yahoo.co.jp/articles/884868d8405f390d8485c74106d3fe2440bca154,https://newsatcl-pctr.c.yimg.jp/t/amd-img/20260929-10170246-it_nlab-000-1-view.jpg?exp=10800,2026-09-29T07:30:00+09:00,2026-09-29T07:30:00+09:00,ねとらぼ,it_nlab,ねとらぼ,876,画像：ねとらぼリサーチ（写真：ねとらぼ） 刻んだねぎや、少しだけ使い残した食材を入れる小さな容器があると便利ですよね。ケユカでは、ステンレス製の本体にフタを組み合わせた保存容器を販売しています。本記事では、KEYUCAの「フタ付きステンレス容器 350ml」を紹介します。 【画像】ケユカの“209円の保存容器” ●KEYUCA「フタ付きステンレス容器 350ml」とは KEYUCAの「フタ付きステンレス容器 350ml」は、薬味や使いかけの粉類などを少量ずつ入れておける保存容器です。本体はステンレス鋼、フタはポリエチレン製。サイズは幅10.7×奥行き10.7×高さ4.2センチ、容量は350ミリリットルで、日本で製造されています。 フタ付きですが密閉容器ではなく、横置きは避けるよう案内されています。電子レンジ・オーブン・食器洗い乾燥機にも非対応です。塩分や酸性の強い食材はさびの原因になることがあるため、保存するものにも注意を。熱いものは冷ましてからフタをし、洗うときは柔らかいスポンジと食器用洗剤を使います。価格はAmazonにて、税込209円（2026年9月28日時点）です。 ●寄せられた声 楽天市場では、フタの収まりを気に入った人が、「とても使いやすい」と評価しています。缶詰を開けた後に残った食品や、においのある刻んだ薬味を少量保存する用途でも選ばれていました。お弁当用のおかずを用意する人は、「丁度いい大きさ」と大きさを評価。薬味を入れて使う購入者からは、「価格も手頃」という声もあります。 ●フレッシュロック 角型 300ml グレーもチェック 乾物や粉類を入れ、中身の見やすさと開閉の手軽さを重視するなら、タケヤ化学工業の「フレッシュロック 角型 300ml グレー」も候補です。本体だけでなく上のフタも透明で、シリコーンパッキン付きのフタをワンタッチで開閉できます。紹介するグレーの300ミリリットルは、幅約6.8×奥行き8×高さ10.4センチ。背の低いケユカの容器とは形が異なり、収納する場所に合わせて選べます。 Plume,[],[]
香川県を旅行中→ふと水路をのぞいてみたら……「すごい」　目を疑う光景に「楽園」「行ってみたい！」（ねとらぼ）,https://news.yahoo.co.jp/articles/4fc4e69e7a42aae807f1b961ab4cf7500af2271a,https://newsatcl-pctr.c.yimg.jp/t/amd-img/20260929-10169870-it_nlab-000-1-view.jpg?exp=10800,2026-09-29T07:30:00+09:00,2026-09-29T07:30:00+09:00,ねとらぼ,it_nlab,ねとらぼ,607,香川県を旅行中→ふと水路をのぞいてみたら……「すごい」（写真：ねとらぼ） 香川県の小豆島で旅行者が目にした、驚きの光景がX（Twitter）で話題です。投稿は記事執筆時点で78万回以上表示され、5000件以上の“いいね”を獲得しています。 【画像】目を疑う光景 ●小豆島の「二十四の瞳映画村」を観光 投稿者は釣り好きのピッピ星人（＠pippi0620）さん。話題を呼んだきっかけは、小豆島を観光したときのことでした。 訪れたのは、「二十四の瞳映画村」。映画「二十四の瞳」の撮影用オープンセットを改築した観光施設です。 映画に登場した木造校舎や漁師の家など、施設内には古風な展示がいっぱい。海にちなんだスポットも多く、話題を呼んだのもその一つでした。 ●海水魚でいっぱいの「汐江川」 それは、施設内を流れる「汐江川」。海水を引き込んだ人工の水路で、泳いでいるのはマダイやイシダイといった海水魚ばかりです。 ●夢のような光景に反響 水路で海の魚が悠々と泳ぐ、ちょっと不思議な光景は、「楽園」「めっちゃ疲れた夜とかに見る夢と同じ内容なんだよなぁ。行ってみたい！」「すごい」などと話題を呼びました。 公式によると、汐江川では人なつっこいコブダイの「コブちゃん」が人気とのこと。また、2月には地元の漁師からアカエイが寄贈され、ますますにぎやかになっているそうです。 画像提供：ピッピ星人（＠pippi0620）さん 沓澤真二,[],[]
愛犬の輪郭カットをお願いしたら……「しんどいw」　飼い主爆笑の姿に「合成じゃないのね!?」「これは笑ってしまいます」（ねとらぼ）,https://news.yahoo.co.jp/articles/b5e46097edae9f19e7374c7706c16f32ffa25547,https://newsatcl-pctr.c.yimg.jp/t/amd-img/20260929-10169951-it_nlab-000-1-view.jpg?exp=10800,2026-09-29T07:20:00+09:00,2026-09-29T07:20:00+09:00,ねとらぼ,it_nlab,ねとらぼ,896,輪郭カットをお願い→帰ってきたら……（写真：ねとらぼ） 愛犬の輪郭カットを注文したら……。まさかの仕上がりがThreadsに投稿され「ごめんね笑っちゃった」と話題を呼んでいます。記事執筆時点でポストは2万7000回以上表示され、500件以上の“いいね”を獲得していました。 【画像】飼い主爆笑の姿 投稿者は、サイベリアンの「（お）くう」ちゃん、ポメラニアンの「トム」ちゃん、ポメマルの「紅葉」ちゃんと暮らしている飼い主（@pome.mal_sai）さん。2025年7月、トムちゃんをトリミングに連れて行ったときのことです。 ボリューム満点のもふもふな毛並みがチャームポイントのトムちゃん。暑い日が続いていたので、飼い主さんは担当の人にサマーカットと輪郭カットをお願いしました。トリミングが終わり、トムちゃんを迎えに行くと……。 そこには、まるで合成写真のようなトムちゃんの姿がありました。一瞬「え!?」と脳が混乱するこちらのカット。どうやら、サマーカットを施した胴体の薄い毛色と輪郭カットで小顔になった濃い毛色のコントラストがコラ画像みたいな仕上がりになったようです。 驚きの姿で帰ってきた愛犬に「笑ったわ」と飼い主さん。トムちゃんのうれしそうな満面の笑みも相まり、さらに笑いを誘うシュールな瞬間でしたね。見た目についてはいったん置いといて……涼しげなサマーカットですてきな夏を過ごせたかな？ クスッと笑えるこちらの投稿には「はめ込みパネル!? これはこれで可愛い」「コラ画像かと思いましたw」「合成じゃないのね!? これは笑ってしまいます（笑）」「ガタイの良い犬にポメラニアンの顔スタンプ押したみたいww」「しんどいww雑コラすぎます」「ごめんなさい 一瞬、えっ？てなって…」「びっくりしたー」など、反響が寄せられていました。 トムちゃんをはじめ、（お）くうちゃんや紅葉ちゃんのにぎやかな日常はThreadsアカウント（@pome.mal_sai）とInstagramアカウント（@pome.mal_sai）で公開中です。 画像提供：（お）くう家（@pome.mal_sai）さん 富永なび,[],[]
「クタクタした感じがとてもかわいい」　無印良品の“1290円トートバッグ”が大好評　「最高に使いやすいバッグ」「何色も買い足したくなります」（ねとらぼ）,https://news.yahoo.co.jp/articles/e43b81e3e6d1a9d6437dd77c39b1e1d66faade42,https://newsatcl-pctr.c.yimg.jp/t/amd-img/20260929-10170289-it_nlab-000-1-view.jpg?exp=10800,2026-09-29T07:10:00+09:00,2026-09-29T07:10:00+09:00,ねとらぼ,it_nlab,ねとらぼ,805,（画像：ねとらぼ）（写真：ねとらぼ） 無印良品の“横長トートバッグ”が、くたっとした生地で使いやすく、豊富なカラー展開に加えて1290円というコスパの良さでも人気を集めています。 【画像】無印良品の“1290円トートバッグ” 今回はそんな無印良品の「綿 製品洗い 横型 トートバッグ」を紹介します！ ●「綿 製品洗い 横型 トートバッグ」とは？ 無印良品の「綿 製品洗い 横型 トートバッグ」は、柔らかな風合いが魅力な横型デザインのトートバッグ。本体と持ち手には綿100％の素材を使用しており、綿にはオーガニックコットンを採用しています。サイズは縦35×横57×マチ12センチと横幅が広く、荷物を入れやすい形状。手持ちでも使えるため、普段のお出かけなどさまざまなシーンで活躍します。手洗いで洗濯できるので、気軽に使えるのもうれしいポイント。カラーは8種類、価格は税込み1290円で販売されています。 無印良品の公式サイトでは、「見た目よりもとにかく大容量」「生活感の出ないエコバッグ」「クタクタした感じがとてもかわいい」「何色も買い足したくなります」「最高に使いやすいバッグ」といった声が上がっていました。 ●niko and …のトートバッグもおすすめ！ ニコアンドの「ポーチ付き洗いトートバッグ」は、ウォッシュ加工による風合いと、くたっと柔らかなコットン素材が魅力の大容量トートバッグ。体にフィットしやすく、荷物をたっぷり入れてもかさばりにくいのが特徴です。A4書類や13インチPC、長財布、600ミリリットルボトルなどをすっきり収納できるサイズ感。外側と内側には各2つのポケットを備え、小物の整理にも便利です。間口は中身が見えにくいマグネットボタン仕様。また取り外して単体でも使えるミニポーチも付属しています。カラーはグレー・ベージュ・パープルの3色。価格は税込み4500円で販売されています。 月夜に米,[],[]
ディズニーのホテルに宿泊→天井を見ると……「すげえ！」　まさかの光景が570万表示「い、いた……！！」（ねとらぼ）,https://news.yahoo.co.jp/articles/beac549a5af59a894b61b0ff979e917730cb277e,https://newsatcl-pctr.c.yimg.jp/t/amd-img/20260929-10170320-it_nlab-000-1-view.jpg?exp=10800,2026-09-29T07:00:00+09:00,2026-09-29T07:00:00+09:00,ねとらぼ,it_nlab,ねとらぼ,900,ディズニーのホテルに宿泊→天井を見ると……（写真：ねとらぼ） 「東京ディズニーリゾート・トイ・ストーリーホテル」で見つけた、“激ムズ”な隠れミッキーが「気づく人すげぇ…」と注目を集めています。X（Twitter）に投稿された写真は、記事執筆時点で570万回以上表示され、3万件以上の“いいね”を獲得しています。 【画像】まさかの光景 ●高難度な「隠れミッキー」をトイ・ストーリーホテルで発見 投稿したのは、3児のママである「マダム・さえ」（@snd102231）さん。普段は日々の手料理のメニューや、子どもとのエピソードなどを発信しています。以前には、初めて子どもを産むお母さんへの「なるほど」と思うようなアドバイスが話題になりました。 今回話題を呼んだのは、「これはトイストーリーホテルの隠れミッキー」と投稿した1枚の写真。見たところ、ホテル内のどこかの天井のようで、あるのは緑色と紫色のクレヨンで描いたような落書き風の線のみ。どこに隠れミッキーが潜んでいるのでしょうか……？ ●緑色の線を拡大して見ていくと…… 見つけるためには、緑色の線の一部を拡大する必要があります。それくらい小さいサイズとなっていて、次にクレヨンで描いたときの独特の“かすれ”に注目すると、1カ所、他よりもくっきりとした白抜き部分が見つかります。あとは写真を少し回転させたら……。 ●「レベル高っ!!」「すげー」と反響 なんと、そこにはミッキーの横顔のシルエットが……！ かなりじっくり観察しないと気づくのが難しい隠れミッキーには、リプライ欄などで「いた！ すげー」「ちいちゃい！」「レベル高っ!!」「自分1人じゃ絶対見つけられないやつ…笑」「むずすぎるこれ爆笑」などの反応が寄せられました。 なお、トイ・ストーリーホテルは、ディズニー＆ピクサー映画『トイ・ストーリー』シリーズがテーマのホテル。アンディの部屋をイメージした客室や、『トイ・ストーリー3』に登場するピンクのくまのぬいぐるみ「ロッツォ」をモチーフにした店内で食事を楽しめるレストランなどがあり、おもちゃの世界に入り込んだかのような雰囲気を味わえます。 宮原れい,[],[]
「ここまで歩きやすい靴は初めて」　ワークマンの“2500円シューズ”が大好評　「軽い、蒸れない」「リピートしたい」「お手軽な価格なのにこの使用感はありがたい」（ねとらぼ）,https://news.yahoo.co.jp/articles/a57e5b5a64068254f1dbb51d0408144fd0793699,https://newsatcl-pctr.c.yimg.jp/t/amd-img/20260929-10170356-it_nlab-000-1-view.jpg?exp=10800,2026-09-29T07:00:00+09:00,2026-09-29T07:00:00+09:00,ねとらぼ,it_nlab,ねとらぼ,1102,画像：ねとらぼリサーチ（写真：ねとらぼ） ワークマンから販売されている“2500円シューズ”が、長時間歩いても足が疲れにくく、蒸れないので履いていて快適だと高評価を集めています。 【画像】ワークマンの“2500円シューズ” 本記事では、そんな「アスレシューズハイバウンスエヴォ」について紹介します。 ●「アスレシューズハイバウンスエヴォ」とは？ ワークマンの「アスレシューズハイバウンスエヴォ」は、シュータン部分を独立させることで足の甲にしっかりフィットし、快適な履き心地が得られるシューズ。高反発設計で疲れにくく、長時間の歩行でも快適さが持続します。靴底には全面ラバーを使用し、滑りにくさも確保。さらに反射材付きで視認性にも配慮されています。脱ぎ履きしやすいループ付きで、忙しい時にもサッと履けるのが便利。ランニングやウォーキングはもちろん、カジュアルなデイリー使いやアウトドアにもおすすめです。カラーはブラックとネイビーの2種類、価格は2500円で販売されています。 ●購入した人の声 ワークマン公式サイトでは、「軽い、蒸れない、滑り止めがしっかりしているなど機能が素晴らしい」「このお値段でこの使用感はとてもありがたい」「コスパが良くて最高の靴です。リピートしたいと思います」「軽いので足の疲れも溜まりませんし、長時間履いていても蒸れない点がとても良いです」「とても安いのにクッションがよく歩いてても疲れにくいコスパ最高のシューズです！！」「ここまで歩きやすいのは本当に初めてです！長時間歩いてても足の疲れは普通の靴に比べて激減。歩きやすい靴がほしい人に超おすすめ」といった声が寄せられています。 ●ミズノの「WAVE MUJIN LS GTX（ウェーブ ムジン LS ゴアテックス）」もおすすめ 「WAVE MUJIN LS GTX（ウェーブ ムジン LS ゴアテックス）」は、高機能トレイルランニングシューズ・WAVE MUJIN 10をベースに素材・カラーリングをアレンジし日常使いしやすいデザインに仕上げた一足です。ジャガードメッシュ・ビブラムアウトソールといったトレイルシューズの良さを残しつつ、ミズノエナジー・ミズノウェーブなど独自のテクノロジーを搭載しました。 アッパーには、防水性と通気性を両立したGORE-TEX（ゴアテックス）を採用。水が染み込みにくく、アウトソールにはグリップ力の高い素材が使われているため雨の日も安心。ミッドソールは、柔らかさと反発性を兼ね備えたミズノエナジー。波型形状のソール・ミズノウェーブと合わせることで、安定した歩行をサポートしてくれます。 アロ麻婆,[],[]
中学1年で恋に落ちた男女→現在は……　驚きの姿に「なんて美しいんだろう」「思い切り笑顔になった」【海外】（ねとらぼ）,https://news.yahoo.co.jp/articles/e7caa59147930d08caa960316550b34190baad67,https://newsatcl-pctr.c.yimg.jp/t/amd-img/20260929-10170403-it_nlab-000-1-view.jpg?exp=10800,2026-09-29T07:00:00+09:00,2026-09-29T07:00:00+09:00,ねとらぼ,it_nlab,ねとらぼ,1203,中学1年で出会った男女（画像：Instagramアカウント／「Courtney McHugh」から）（写真：ねとらぼ） 中学1年生ごろに思いを寄せ合った男女の現在までの軌跡を振り返る動画がInstagramで注目を集めています。動画は記事執筆時点で再生数68万5000回を突破し、7万件以上の“いいね”を獲得しています。 【画像】驚きの現在の姿 投稿したのは、米在住のInstagramユーザー「Courtney McHugh」（@courtneyy_mchugh）さん。動画の冒頭に登場するのは、少し幼さが残る2人の写真です。 投稿者さんによると、2人が初めてお互いに恋心を抱いたのは「7年生」のときでした。米国の7年生は、地域や学校制度による違いはあるものの、おおむね日本の中学1年生に相当します。 動画は、幼い2人の写真から、その後の学生時代や若いころの思い出へと進んでいきます。仲間たちと一緒に過ごす姿や、パーティーを楽しんでいる場面など、写真に写る2人は少しずつ大人びた姿に変化。 そして、学生時代や交際中の写真に続いて映し出されるのは、結婚式を迎えた2人の姿です。投稿者さんは白いウェディングドレス、夫はタキシードを着用。夜空に花火が広がる中、2人が並んで座ってキスを交わすロマンチックな写真も登場します。幼いころに肩を並べていた2人が、今度は人生の伴侶としてともに歩んでいきます。 結婚後、2人の物語には新しい家族が加わります。動画には、妊娠が分かったころの様子や、赤ちゃんが生まれた後の家族の姿も登場。夫婦だった2人は父親と母親になり、子どもを抱いた写真や、家族で寄り添う場面が次々と映し出されます。 そして現在、夫は成長した子どもの手を握り、投稿者さんは幼い子を腕に抱っこ。4人そろって明るい笑顔を見せています。かつて学生だった2人だけの写真と見比べると、年月の流れは一目瞭然です。子ども同士だった2人が夫婦となり、さらに親となって家族の歴史をつないでいることが分かります。 投稿者さんはこの動画に、「7年生のとき、私はあなたに夢中になりました。そして何年もたった今、あの少年への想いが魔法に変わると信じた少女のころの私に感謝しています」とコメントしました。 コメント欄では「なんて美しいんだろう」「写真がどれもすばらしい」「すてきな記念日を」「一日中見ていられる」「何気なく見つけた動画なのに、見ず知らずの2人を見て思い切り笑顔になった」「なんて美しい愛の物語。結婚記念日おめでとうございます」「この愛がこれからもずっと続きますように」「この動画にはたくさんの豊かさが詰まっている」「こういう物語が大好き」「世界中のお金を積んでも家族と愛は買えない」「幼いころからの恋愛が一生ものの愛になるなんて幸運だね」「これ以上ないほど甘くて糖尿病になりそう」などの声が見られました。 春夏冬つかさ,[],[]
毎朝「なぜか首が痛い」と嘆く2児ママ→寝室を見ると……　まさかの光景に「これは仕方ない」「自分もやってた」【海外】（ねとらぼ）,https://news.yahoo.co.jp/articles/74b16c698ff352d14c839cb1bc1fd06eec20420c,https://newsatcl-pctr.c.yimg.jp/t/amd-img/20260929-10170380-it_nlab-000-1-view.jpg?exp=10800,2026-09-29T00:15:00+09:00,2026-09-29T00:15:00+09:00,ねとらぼ,it_nlab,ねとらぼ,642,画像引用：タリア（@talia.alivia）さん（写真：ねとらぼ） 体の不調を訴える妻のまさかの原因が、Instagramで話題です。投稿は記事執筆時点で約100万回再生され、2万件以上の“いいね”を獲得しています。 【画像】まさかの光景 ●首の痛みに悩む2児の母 動画を投稿したのは、2児の母でInstagramユーザーの「タリア（@talia.alivia）」さん。普段は夫や子どもたちとの仲むつまじい日常を発信しています。 今回話題を呼んだのは、いつものように家族と一緒に寝ている様子を再現した動画です。タリアさんは毎朝、「なぜこんなに首が痛いんだろう」と思っていたようですが、その疑問がすぐに明らかになりました。 ●毎朝ベッド端に追いやられている夫婦 シーンが変わると、今度は寝室の様子が映し出されました。ベッドの真ん中では子どもたちが快適そうに寝ていますが、夫婦は端っこに追いやられ、体のほとんどがサイドテーブルの上に……。どうやらこれが首痛の原因だったようです。とてもシュールな光景ですが、子どもへの親の愛情が感じられますね！ ●「まさにその通り」「自分もやってた」と反響 この動画に対し、コメント欄では「これは最高だ！ みんな経験したことがあるよね！ ハハハ」「私はマットレスとベッド柵の間の隙間で寝る」「すごく面白い」「まさにその通り」「自分もやってた」「これは本当にリアル」などの声が寄せられました。 画像引用：タリア（@talia.alivia）さん ひつじ陽介,[],[]
