headline,mainEntityOfPage,image,datePublished,dateModified,author,media_en,media_jp,str_count,body,images,external_links
【大村ボート・ミッドナイト】大塚康雅　２戦２勝と好走「１号艇がきてなくて連勝できたのは大きい」（東スポWEB）,https://news.yahoo.co.jp/articles/998bdc26049d3c81dcd5a33c769af6404a4f2735,https://newsatcl-pctr.c.yimg.jp/t/amd-img/20260706-00394858-tospoweb-000-1-view.jpg?exp=10800,2026-07-06T23:25:24+09:00,2026-07-06T23:25:24+09:00,東スポWEB,tospoweb,東スポWEB,339,大村にも好印象の大塚康雅 ボートレース大村の「ミッドナイトボートレースin大村 4」は6日、予選2日目が行われた。 大塚康雅（31＝東京）は2号艇の3R、イン小林孝弘が1M流れたところを見逃さず、差しハンドルを入れて1着。2日目を終え2戦2勝、得点率トップに立つ。「1号艇がきてなくて連勝できたのは大きい」と笑顔を見せる。「行き足が改善されて、バランスは取れてきた。重いなりに押している感じがあります」と37号機の感触はいい。 当地は今節で通算11回目の出走。「九州地区では大村が一番走ってますかね。水面も好きだし、いい流れのまま頑張りたいです」と苦手意識はない。 さらなる上積みも見込める相棒を味方に、3日目の予選ラスト2走、結果を出して準優絶好枠ゲットを狙う。 東スポWEB,[],[]
【超日本】永田裕志 29年ぶり激突でCIMA粉砕！〝新参者〟小島聡と9・28一騎討ち「いいんだね、やっちゃって！」（東スポWEB）,https://news.yahoo.co.jp/articles/78492a063cb02fc038394d87665fa518229945a7,https://newsatcl-pctr.c.yimg.jp/t/amd-img/20260706-00394855-tospoweb-000-1-view.jpg?exp=10800,2026-07-06T22:55:23+09:00,2026-07-06T22:55:23+09:00,東スポWEB,tospoweb,東スポWEB,747,ナガタロックでCIMA(左)を悶絶させる永田裕志 超日本プロレス6日の新宿大会で、永田裕志（58）が29年ぶりにCIMA（48）とシングル戦を行い、激戦の末に勝利した。 【写真】ともに「バラモン経験者」として火花を散らす小島聡と永田裕志 〝超日本のエース〟を任されている永田は、この日のメインイベントでCIMAと激突。2人のシングル戦は米国・WCWで1997年7月に行われて以来となった。 永田はCIMAの関節技の連続に苦戦。それでもナガタロック2で反撃するなど意地を見せる。15分過ぎにはスワンダイブ式のメテオラを決められるも、カウント2で返した。反撃の永田がバックドロップを決めたところで、両者ダブルダウンとなった。 立ち上がった2人はエルボー合戦。抜け出した永田がエクスプロイダーから一気にたたみかけ、最後はバックドロップ・ホールドで3カウントを奪ってみせた。 試合後は「CIMA強かったよ。30年前とは全然違うよ。今まで君がいろんな修羅場をくぐってきたのが、身に染みてよくわかった」と称賛。向き合って座礼し、30年後の再戦を約束した。 その後、永田は「今日、ひとこと言いたいと思ってやってきました」と言って、この日「バラモンコジ」として参戦を果たした小島聡をリングに呼び出す。 「ひょこっとこのリングに上がってきて、やれバラモンだ何だって、やるのは勝手だけど、そんな簡単なリングじゃないんだよ、超日本って」と対抗心をあらわに。小島も受けて立ち、高木三四郎の立ち合いのもと、9月28日新宿フェイス大会で一騎打ちを行うが決定した。 2人の激突は2015年の「G1クライマックス」公式戦以来11年ぶりとなる。永田は「ちょっと心が痛いけどいいんだね、やっちゃって！」と燃えていた。 東スポWEB,[],[]
【住之江ボート】河野主樹　準優２号艇を歓迎「２コース差しは好きなんです」（東スポWEB）,https://news.yahoo.co.jp/articles/2aa0b7a1b8eb609212cebfff92246b19b241df88,https://newsatcl-pctr.c.yimg.jp/t/amd-img/20260706-00394854-tospoweb-000-1-view.jpg?exp=10800,2026-07-06T22:45:30+09:00,2026-07-06T22:45:30+09:00,東スポWEB,tospoweb,東スポWEB,342,河野主樹 ボートレース住之江の「第60回しぶき杯競走」は6日、予選最終日となる4日目の開催が行われた。 河野主樹（30＝大阪）は初日1R、1号艇にA級を置く企画レース〝住之江ONE〟で1号艇の大役を任されたが3着。「逃げる気満々だったけど、時間もなくて合ってなかった。でも、後半はペラを叩き変えて足は良くなりました」と9Rのカドまくり快勝で帳尻を合わせた。2日目以降も順調にポイントを積み重ね5位で予選突破だ。「今節は地元が少ないので、優出を目標にして来ました」と決意を披露。仕上がりは「回り足系でいいですね。伸びは普通だけど、乗り心地も悪くない」と目標達成に意気込む。2号艇となった準優へは「自分は2コース差しは好きなんです」。差して勝った3日目4Rの再現をもくろむ。 東スポWEB,[],[]
【蒲郡ボート・レディースＶＳルーキーズ】安河内鈴之介　逃げ万全で大会制覇「足は節一だった」（東スポWEB）,https://news.yahoo.co.jp/articles/6465afb8d09ae836edf72f1cd1a6e000f4edff25,https://newsatcl-pctr.c.yimg.jp/t/amd-img/20260706-00394853-tospoweb-000-1-view.jpg?exp=10800,2026-07-06T22:35:23+09:00,2026-07-06T22:35:23+09:00,東スポWEB,tospoweb,東スポWEB,584,トロフィーを手に完勝Ｖを喜ぶ安河内鈴之介 ボートレース蒲郡の「ボートレースレディースVSルーキーズバトル」は6日、優勝戦が行われ1号艇の安河内鈴之介（22＝福岡）が逃げて1着。当地初、通算2回目の優勝を飾った。また、団体戦はレディースが優勝戦で12ポイントを加算して43ポイントとし、26ポイントのルーキーズに大差で勝利。通算成績を8勝9敗とした。 優勝戦は進入は枠なり3対3。安河内はインからコンマ07の快ショットを決め、1M先取り。他艇に仕事をさせない完封劇を披露した。「初めての優勝戦1号艇で半分緊張していたけど、大丈夫だろうとは思っていた」と自身初のV戦1枠をしっかりとモノにした。 手にした40号機には前検から好感触。「足は節一だった。ペラを外さずいい感じで優勝戦も行けた」と節間7勝を挙げる大活躍だった。 級別審査期間が変わった5月1日以降の勝率は7・10。今年の最優秀新人の候補にも挙がっている。それだけに「ここは取っておきたかった」とニッコリ。さらに「この後のウエスタンヤング、ヤングダービーで結果を残せるようにしたい」と絶好の流れで初のPG1・ヤングダービーに乗り込むつもりだ。 団体戦を制したレディースには団体賞（1人賞金10万円）を支給。優勝戦2着に食い込んだ山下友貴は「夏休みの旅行資金に充てたい。行ってきます！」と笑顔で話した。 東スポWEB,[],[]
【若松ボート・ＧⅢシャボン玉石けん杯】津田陸翔　Ａ１で初のレース「いつも以上に気合は入っています」（東スポWEB）,https://news.yahoo.co.jp/articles/9de2ec75be918e0fe2638cf31d112b973a86d4d5,https://newsatcl-pctr.c.yimg.jp/t/amd-img/20260706-00394852-tospoweb-000-1-view.jpg?exp=10800,2026-07-06T22:35:23+09:00,2026-07-06T22:35:23+09:00,東スポWEB,tospoweb,東スポWEB,350,新期初出走で気合が入る津田陸翔 ボートレース若松のG3「シャボン玉石けん杯」は7日、開幕する。 津田陸翔（25＝広島）が引き当てた31号機は、伸びが強めの傾向を持ち良機の一つに挙げられる。「他よりは伸びるかな。立ち上がりがちょっと起きてこなかった。伸びる分にはいいが、手前が欲しいかな」とバランス良く底上げを図る。 今節から肩書が初めてA1級となる。「お客さんも買ってくれて売り上げも違ってくると思うので、一走一走集中したい。いつも以上に気合は入っています」と自覚も増している。 また9月、当地で行われるPG1ヤングダービー出場する。「ヤングダービーは初めてです。試行錯誤しながら、いろいろやってみたい」。結果を求めると同時に、秋のビッグレースを見据え、大きな収穫も持って帰るつもりだ。 東スポWEB,[],[]
TENSONG　スポーツ強豪・東山高とコラボの新曲ＭＶ公開　ギターの拓まんが卒業生（東スポWEB）,https://news.yahoo.co.jp/articles/c35851dc960472f139e8830b8fc86730b12fb980,https://newsatcl-pctr.c.yimg.jp/t/amd-img/20260706-00394846-tospoweb-000-1-view.jpg?exp=10800,2026-07-06T22:30:33+09:00,2026-07-06T22:30:33+09:00,東スポWEB,tospoweb,東スポWEB,511,TENSONGのたか坊(左)と拓まん 音楽ユニット「TENSONG」がサッカー日本代表・鎌田大地の母校としても知られるスポーツの名門、京都・東山高とコラボレーション。1日にMV「『今年最高の日を』with 東山中学・高等学校吹奏楽部」が公開され、注目を集めている。 同曲は、卒業式、体育祭、部活動、そして人生の分岐点など、あらゆる世代の「最高の一日」に寄り添う〝令和の応援歌〟として制作された楽曲。前へ進もうとする人の背中を押す、力強くも温かいメッセージが込められている。 東山高校は、数多くのアスリートを輩出してきたスポーツの名門校。ギターの拓まんが同校の卒業生で、吹奏楽部との特別なコラボレーションが実現した。MVでは、ボーカルのたか坊と拓まんが吹奏楽部の演奏をバックにパフォーマンス。挑戦する学生たちのリアルな熱量、仲間との絆を楽曲の持つメッセージと重ね合わせた。 さらに、同曲は夏の高校野球「第108回全国高等学校野球選手権」富山大会のテーマソングに採用され、楽譜・音源の無料配布も決定した。吹奏楽、合唱、学校行事、部活動、地域イベントなど、全国のさまざまな場所で同曲を演奏・歌唱し青春を彩っていく。 東スポWEB,[],[]
【新日本】タイガーマスク　引退前夜まさかの敗北…邪道＆外道には「20何年間、翻弄されまくってます」（東スポWEB）,https://news.yahoo.co.jp/articles/037c931ccf4bb4d99db3f8f1650865333911ba07,https://newsatcl-pctr.c.yimg.jp/t/amd-img/20260706-00394849-tospoweb-000-2-view.jpg?exp=10800,2026-07-06T22:25:24+09:00,2026-07-06T23:05:24+09:00,東スポWEB,tospoweb,東スポWEB,636,噴射されたウイスキーを水で洗い流すタイガーマスク 新日本プロレス6日の後楽園大会で、タイガーマスクが引退前夜の胸中を明かした。 7日後楽園大会での引退試合を控えるタイガーはこの日、邪道と組んで、外道＆石森太二、極悪軍団「ハウス・オブ・トーチャー（H．O．T）」のディック東郷＆金丸義信組と3WAYトルネードタッグマッチで激突。開始早々に外道、石森からの猛攻を受けたが、キックやケブラドーラ・コンヒーロですぐさま反撃した。 【写真】金丸義信に掟破りの金的チョップを放つタイガーマスク さらに金丸を捕らえた邪道、外道から促されたタイガーはH．O．T得意の急所攻撃を敢行。タイガードライバーをさく裂させた。しかし、最後は金丸にウイスキーミストからのサムソンクラッチで丸め込まれ、3カウントを奪われてしまった。 試合後にタイガーは、長年にわたってリングで戦ってきた邪道、外道、東郷へ「僕がプロレスを上達させる上で本当に大切な存在。先生と言ってもおかしくない」と感謝の言葉を口にした。あまりにも珍しいタイガーによる急所攻撃は「邪道外道マジックですよね。あの2人には20何年間、翻弄されまくってます」と苦笑いで振り返った。 約31年のキャリアに終止符を打つ瞬間が迫ってきた。残り1試合となったが「僕の中ではあんまり（感傷に浸る）余裕もなくて。とにかく明日の試合に向けてしっかりとコンディションを整えて、いつも通りにしたいなと思ってます」と万全の態勢で試合に臨むと語った。 東スポWEB,[],[]
【超日本】小島聡が〝バラモンコジ〟に！　最後は正気に戻るも「真剣にやらせてもらいました」（東スポWEB）,https://news.yahoo.co.jp/articles/94f6c9284ef48449157cfbd9009e24e2100cb810,https://newsatcl-pctr.c.yimg.jp/t/amd-img/20260706-00394851-tospoweb-000-2-view.jpg?exp=10800,2026-07-06T22:25:24+09:00,2026-07-06T22:30:33+09:00,東スポWEB,tospoweb,東スポWEB,547,バラモンコジ(右)はドラマティックドリーム号を乗りこなせず、高木三四郎への突撃を水で阻止されてしまう 超日本プロレス6日の新宿大会で〝バラモン化〟した新日本プロレスの小島聡（55）が大暴れした。 【写真】口からオレンジ色の液体を吐き出すバラモンコジ 小島はこの日「バラモンコジ」としてバラモンシュウ、バラモンケイと異色のトリオを結成。高木三四郎、一般人・澤宗紀、阿部史典組と6人タッグ戦で激突した。 ゴング前にミスト攻撃で敵軍を急襲すると、早速3人まとめてボウリング玉で攻撃。さらには場外戦で敵軍から凶器のドラマティックドリーム号（自転車）を奪うも、これは乗りこなすことができず反撃された。 通常時からは考えられないような行動の連続に、高木からは「真人間に戻れー！」とCO2ガスで攻撃される。しかし、その思いは通じず、小島はチョップを連打。阿部にいっちゃうぞエルボーを決める獅子奮迅の活躍を見せた。 ところが、バラモン兄弟のパウダー攻撃が誤爆されたところで、小島は正気を取り戻した様子。2人を裏切ってスタナーを決めた高木に加勢し、最後は高木がケイから3カウントを奪った。 小島は頭を抱えながら控室へ。それでも試合後には「楽しみながら真剣にやらせてもらいました」と笑顔を見せていた。 東スポWEB,[],[]
【新日本】ＹＯＨがＩＷＧＰジュニア初防衛　敢闘のフランシスコ・アキラに「次は１００％で来いよ」（東スポWEB）,https://news.yahoo.co.jp/articles/aafcbc350d08e9c4adaba6cbdd462ec6e81ac989,https://newsatcl-pctr.c.yimg.jp/t/amd-img/20260706-00394848-tospoweb-000-2-view.jpg?exp=10800,2026-07-06T22:15:28+09:00,2026-07-06T22:35:23+09:00,東スポWEB,tospoweb,東スポWEB,619,フランシスコ・アキラ（左）をＤＩＲＥＣＴ ＤＲＩＶＥで仕留めたＹＯＨ 新日本6日の後楽園大会で、IWGPジュニアヘビー級王者のYOH（38）がフランシスコ・アキラ（26）の挑戦を退け、初防衛に成功した。 試合は一進一退の攻防となった。パラダイスロックで捕獲し、アキラのセコンドに就いていたグレート―O―カーンの〝玉座〟をマネて挑発するなど、つかみどころのないファイトスタイルでアキラを翻弄した。 反撃に転じたアキラからは、場外に設置されたテーブルの上に叩きつけられ大ダメージを負ってしまう。リングに戻っても、ライオンサルト、パワーボム、スピードファイヤーと猛攻にさらされた。ファイブスタークラッチも体勢を崩してしまったものの、ドラゴンスープレックス、ラリアートで応戦した。 その後も両者一歩も譲らない展開が続いたが、王者は意地を見せた。こん身のアナコンダバイスで絞め上げると、最後はDIRECT DRIVE（旋回式ダブルアームDDT）で激闘に終止符を打った。 試合後のリングでYOHは「今日のてめえは99％だ。次は100％で来いよ」とアキラをたたえた。さらにベルトを手に取ると「コイツ（ベルト）と一緒にどこまで行こうか、もう決めてるんで。なあ、君もそうだろ？ 俺と一緒にシビれようぜ」。名タッグ「ロッポンギ3K」を結成したかつての盟友・SHOを想起させる発言を繰り出し、今後のIWGPジュニア戦線から目が離せなくなってきた。 東スポWEB,[],[]
【北中米Ｗ杯】ブラジル代表　母国メディアから批判オンパレード「傲慢さ捨てろ」「小さくて臆病」（東スポWEB）,https://news.yahoo.co.jp/articles/cd52cc6702242336176804f7eb92fad6e0ecf60b,https://newsatcl-pctr.c.yimg.jp/t/amd-img/20260706-00394847-tospoweb-000-1-view.jpg?exp=10800,2026-07-06T22:15:28+09:00,2026-07-06T22:15:28+09:00,東スポWEB,tospoweb,東スポWEB,521,ノルウェーに敗れ、ユニホームで涙をぬぐうブラジルのFWネイマール（ロイター） サッカーの北中米W杯決勝トーナメント2回戦でノルウェー代表に1―2で敗れ、ベスト16止まりとなったブラジル代表に対し、自国メディアの痛烈な非難のオンパレードが話題となっている。 24年ぶりの優勝を目指したブラジルは決勝トーナメント1回戦で日本を下したが、ノルウェーに敗れ姿を消した。誇り高き王国らしく、同国メディアは手厳しくセレソンを非難。ドイツメディア「ビルト」は「ブラジルメディアが敗者たちを厳しく批判」と題し、その厳しさを伝えた。 同メディアによると、「UOL」は「ブラジルは小さく、臆病で、支配され、馬鹿げたチームだった。これはアンチェロッティのキャリアにおける最大の失敗だ」とのコラムを掲載。また「エスタダン」は「ブラジルは再び2030年ワールドカップの有力候補の一つだが、傲慢さを捨てなければならない」とのコラムを載せ、態度を改めるよう求めた。 また「オ・グローボ」は「チームはコースを修正する機会が何度もあったが、ただ受け身で見守るしかなかった」となどと記載。スペインメディア「マルカ」も同様にブラジルメディアの猛抗議ぶりを伝えている。 東スポWEB,[],[]
Travis Japan 松田元太　バラエティーで活躍も憤慨「俺、本当は王道がいいんですよ！２枚目！」（東スポWEB）,https://news.yahoo.co.jp/articles/fb26833dac2352fee5a74eb0749cff2651613ea7,https://newsatcl-pctr.c.yimg.jp/t/amd-img/20260706-00394845-tospoweb-000-2-view.jpg?exp=10800,2026-07-06T21:55:23+09:00,2026-07-07T01:20:27+09:00,東スポWEB,tospoweb,東スポWEB,615,Travis Japanの松田元太 アイドルグループ「Travis Japan」の松田元太が、6日放送の「ぽかぽか」（フジテレビ系）に出演。〝願望〟を叫んだ。 この日のゲストは元「Hey！ Say！JUMP」で俳優の岡本圭人。岡本は父である元「男闘呼組」の岡本健一から、ファンの向き合い方について教えてもらっていたと話す。 「父親もアイドルだし、『もっとこういう風にしたら（ファンが）ついてきてくれるよ』とか。『こういうことを求めてるから、した方がいいよ』とか」とアドバイスをもらったそうだ。 これを受け、MCのハライチ・澤部佑は「その辺、松田くんはいるの？ 誰かに教えてもらった？」と質問。松田は「いないっすね、自らっす」と答えた。 松田自身は「それこそ先輩方のマネというか、見て自分なりにやってみようとした」そう。具体的には「木村拓哉さんであったり、山田（涼介）くんであったり、（菊池）風磨くんであったり」といい「俺、本当は王道がいいんですよ！」とアピールした。 これに澤部は、同局のバラエティー番組「芸能人が本気で考えた！ ドッキリGP」で〝マツダマン〟として活躍する松田を思い浮かべ「フジテレビのせいで」とニヤり。 すると、松田も「変なバラエティーのせいで！」と乗っかり「俺は王道がいいんです。2枚目が！」と絶叫。周囲には「変なヘルメットかぶって」とイジられているそうで「サイアクっすよ」と現状に嘆いていた。 東スポWEB,[],[]
【超日本】関本大介　貫禄のランブル戦優勝も「ノーギャラ？マジかよ…」（東スポWEB）,https://news.yahoo.co.jp/articles/7a1bad4ae699d7bd5b8d3bdcb9eba99ead7a451c,https://newsatcl-pctr.c.yimg.jp/t/amd-img/20260706-00394831-tospoweb-000-1-view.jpg?exp=10800,2026-07-06T21:55:23+09:00,2026-07-06T21:55:23+09:00,東スポWEB,tospoweb,東スポWEB,612,終盤に参戦した関本大介（中）が次々とレスラーを倒していく 超日本プロレス6日の新宿大会で〝ノーギャラ戦士〟たちの祭典「ノーギャランブル」が開催された。 今回で4回目の開催となる本祭典は高木三四郎の発案の試合だ。ファイトマネーが支払われる高木、翔太に加え、事前に募集された「ノーギャラで試合をしたいプロレス経験者」35人が集結。通常のルールにリングから転落したら失格となるアウト・オブ・リングを追加したランブル戦で激闘を繰り広げた。 参戦選手には学生プロレス選手や、永田U字工事、スマン・ハンセンなど、どこかで聞いたような名前のメンバーも。紫雷美央らプロも多数出場していた。 リング上は様々な選手が入り乱れるカオス状態に。そんな中最後に登場したのは〝マッスルモンスター〟関本大介だ。まさかのノーギャラでの登場に会場がざわつく中、リング上に残っていた20人弱の選手を1人ずつチョップで場外に叩き落としていった。なぜか参加していたリングアナウンサーのタイガー木原、紫雷、高木も蹴落とし、最後は翔太にフロッグスプラッシュを決めて3カウント。プロの貫禄を見せつけた。 試合後関本は「すごかったね。本当にてんてこまいでした。でも優勝したぞー！」と笑顔。しかしノーギャラであることを報道陣から問われると「ノーギャラなの！？ マジかよ…」とガックリ。次回参戦についてもも「考えさせてください」とこぼし、控室に引き上げていった。 東スポWEB,[],[]
【新日本】OSKARが高橋裕二郎下しＧ１初出場　H.O.Tの乱入に苦戦も盟友Yuto‐Iceの助太刀で逆転（東スポWEB）,https://news.yahoo.co.jp/articles/5159f711d98124ad2c1c39816bf807be27bba010,https://newsatcl-pctr.c.yimg.jp/t/amd-img/20260706-00394837-tospoweb-000-1-view.jpg?exp=10800,2026-07-06T21:45:29+09:00,2026-07-06T21:45:29+09:00,東スポWEB,tospoweb,東スポWEB,725,高橋裕二郎(下)を攻撃するOSKAR 新日本プロレス6日の後楽園大会で、OSKAR（27）が高橋裕二郎（45）を下し真夏の祭典「G1クライマックス」（11日、米シカゴで開幕）初出場を決めた。 今年のG1出場メンバーは、すでに20選手中18選手が決定済み。この日の大会で最後の2枠を争う出場者決定戦が行われた。OSKARはAブロックの枠をかけて、裕二郎と激突した。 裕二郎のセコンドについた極悪軍団「ハウス・オブ・トーチャー（H．O．T）」の成田蓮、DOUKI、SHOの介入により、OSKARは数的不利の戦いを強いられた。裕二郎がレフェリーを引き付ける間に、場外で1対3の状況となると成田のイス攻撃を左膝に受けてしまう。 スリーパーホールドから変型バスターを決めても、成田が場外からレフェリーの足を引いて妨害されてしまう。さらにSANADAまでH．O．Tのセコンドに加わると、裕二郎のケイン攻撃からピンプジュースでマットに突き刺された。 しかし、万事休すかと思われたその瞬間、タッグチーム「ノックアウト・ブラザーズ（K．O．B）」の盟友Yuto―Iceが登場し場外からレフェリーのカウントをカウント妨害。H．O．T勢を一気にまとめて蹴散らし、最後は合体技K．O．Bをさく裂させて裕二郎を沈めた。 昨年8月の凱旋帰国から、タッグ戦線で大躍進を遂げてきた。シングルの大舞台への切符を初めて手に入れたOSKARは「予想した通り（セコンドが）ぞろぞろ出てきたが、俺たちならいつだってできるぞ。G1クライマックス、お前らはK．O．Bがどんなものなのか、そしてYuto―IceとOSKARの姿を見届けろ。俺は恐怖でできている」と自信をのぞかせていた。 東スポWEB,[],[]
岡本圭人　大先輩・木村拓哉を幼少期に〝タクアン〟〝パパ〟呼び「父親とすごい似てた」（東スポWEB）,https://news.yahoo.co.jp/articles/26e0ebe5caf06ea38b9f4410ba2eda74da12f2c2,https://newsatcl-pctr.c.yimg.jp/t/amd-img/20260706-00394844-tospoweb-000-2-view.jpg?exp=10800,2026-07-06T21:40:23+09:00,2026-07-06T21:50:24+09:00,東スポWEB,tospoweb,東スポWEB,606,岡本圭人 アイドルグループ「Hey！Say！JUMP」の元メンバーで俳優の岡本圭人が、6日放送の「ぽかぽか」（フジテレビ系）に出演。木村拓哉との〝仲〟を明かした。 【写真】木村拓哉に似てる？岡本圭人の父で元男闘呼組の岡本健一 岡本の父は、元「男闘呼組」の岡本健一。幼少期には、父の後輩にあたる木村が自宅に遊びに来ていたという。それもあって岡本は「母親から聞いた話なんですけど、僕ずっと木村さんのことを『タクアン』と呼んでたみたい」と告白。当時、岡本が沢庵が好きだったことと、木村の名前が「タクヤ」であることが重なったためだと話した。 加えて「あとなんか、（木村は）父親とすごい似てた」という。そのため「ずっと『パパ！』って呼んだり。木村さんのことを、お父さんだと思ってたという話は聞きました」と明かした。 このエピソードに同事務所の後輩である「Travis Japan」の松田元太は、口あんぐり。MCのハライチ・澤部佑に「（木村のことを）タクアンって呼べる？」と問われると、松田は「いや、もう、コロ…コロ…！」と言葉を詰まらせ「恐れ多い」とビビり散らかしていた。 とはいえ、岡本も「今は（タクアンと）言えないっすね」。改めて「同じ事務所に入るとは思ってなかった」と明かし「お家だと父親が『タクヤがさ』っていう。なのに、事務所入った瞬間に『木村さん…！』って。そういうことが結構あった」と振り返った。 東スポWEB,[],[]
【北中米Ｗ杯】スペイン代表の栄養士が語る舞台裏　日本人になじみ深い料理が選手から好評（東スポWEB）,https://news.yahoo.co.jp/articles/8a66470b9a0c598e567663c75eee448c5f35250b,https://newsatcl-pctr.c.yimg.jp/t/amd-img/20260706-00394842-tospoweb-000-1-view.jpg?exp=10800,2026-07-06T21:30:37+09:00,2026-07-06T21:30:37+09:00,東スポWEB,tospoweb,東スポWEB,739,トレーニング中にくつろぐスペイン代表（左からトーレス、プビル、ジョレンテ、ロイター） サッカー北中米W杯で無失点のままベスト16に進出した“無敵艦隊”スペインの強さの裏には、スペシャリストによる食事管理があった。スペインメディア「EL ESPANOL」が同国代表の食卓の裏側を報じている。 【写真】今大会4ゴールを決めている久保の同僚 同メディアは「大会期間中の食事を設計している栄養士のトスカーナ・ビアール氏」に注目。「彼女の目標はピッチ上でのパフォーマンスを最適化することだが、そのプロセスは選手の総合的な心身の健康から始まるべきだと考えている。『アスリートは何よりもまず一人の人間』と断言する彼女は、食事を各選手のニーズ、好み、状況に適応させ、試合日、練習日、または休息日によってガイドラインを変更している」とその仕事ぶりを報じた。 そんなビアール氏らが作る人気メニューも明らかに。同メディアは「合宿内で最も受け入れられている料理はサツマイモであり、同氏はこれを『私たちのビュッフェの大ヒットの一つ』と定義している。加えて、カルボナーラパスタ、餃子、ニョッキ、ラザニアなど、選手から非常に人気の高い他の料理もある」と伝えており、日本人になじみ深い料理も食べられているようだ。 さらにデザートについても解説。「アロス・コン・レチェ（お米を甘い牛乳で煮込んだスペインの伝統的なデザート）が、他を圧倒して際立っているものだ」とし、「試合前の食事の定番のようになっており、間違いなく多くの選手が最も楽しみにしている料理の一つ」というビアール氏のコメントを紹介した。 緊迫した戦いが続くW杯において、心身の両面を満たす緻密な食のサポートがスペイン代表の力になっている。 東スポWEB,[],[]
【新日本】大岩陵平がＧ１出場権獲得！　敗れたファンタズモは意味深言動「明日話すよ」（東スポWEB）,https://news.yahoo.co.jp/articles/833f0681e3c9cb35468a4ae3d46b67589d31518d,https://newsatcl-pctr.c.yimg.jp/t/amd-img/20260706-00394841-tospoweb-000-1-view.jpg?exp=10800,2026-07-06T21:25:25+09:00,2026-07-06T21:25:25+09:00,東スポWEB,tospoweb,東スポWEB,712,エル・ファンタズモ(上)をジャーマンスープレックスで投げる大岩陵平 新日本プロレス6日の後楽園大会で、大岩陵平（27）がエル・ファンタズモを撃破し、真夏の祭典「G1クライマックス」（11日、米シカゴで開幕）への出場権を獲得した。 【写真】エル・ファンタズモをTHE GRIPで仕留めた大岩陵平 今年のG1出場メンバーは、すでに20選手中18選手が決定済み。この日の大会で最後の2枠を争う出場者決定戦が行われた。大岩はAブロックの枠をかけて、ファンタズモを激突した。 コーナー最上段から場外へのムーンサルトアタック、ライオンサルトと華麗な空中技を駆使するファンタズモに対し、大岩は左腕への一点集中攻撃で応戦する。サドンデス（トラースキック）を浴びてもカウント3は許さず、CR2を阻止して右のラリアートで吹き飛ばした。 譲らない両者は投げ捨てジャーマンの応酬を展開。大岩はロールスルーからのジャーマンでこの攻防を制すると、THE GRIP（ローリングラリアート）で激闘を制した。 直前の試合ではOSKARが高橋裕二郎を下し、Bブロック最後の1枠を獲得。マイクを握った大岩は「これでG1クライマックス20人、揃ったな！ 俺が予選から優勝して、ビッグドリームつかんでやる。G1クライマックス優勝するのは、この俺THE GRIPだ！」と宣言した。 一方で敗れたファンタズモは、リングのライオンマークに頭をつけてから退場。「誰がこんな展開を想像した？ 日本でやってきたことがすべてが…。言葉が見つからない。自分の気持ちや、何を言えばいいのか分からない。でも、そのことについては明日話すよ」と意味深長な言葉を繰り出していた。 東スポWEB,[],[]
【新日本】海野翔太がまさかの王座陥落　ＡＥＷのゲイブ・キッドに敗れＧ１開幕直前にベルト失う（東スポWEB）,https://news.yahoo.co.jp/articles/4f07050e9baa535bb22a6093d62842e8236187d7,https://newsatcl-pctr.c.yimg.jp/t/amd-img/20260706-00394833-tospoweb-000-2-view.jpg?exp=10800,2026-07-06T21:20:26+09:00,2026-07-06T21:55:23+09:00,東スポWEB,tospoweb,東スポWEB,677,ゲイブ・キッドに敗れた海野翔太 新日本プロレス6日の後楽園大会で、IWGP GLOBALヘビー級王者の海野翔太（29）がゲイブ・キッド（29＝AEW）に敗れベルトを失った。 海野は6月大阪城大会でキャリア9年2か月でついに悲願の初タイトルを奪取した。しかし直後にゲイブに襲撃されたことで遺恨が勃発。新日本とAEWの合同興行「Forbidden Door」（6月28日、米サンノゼ）ではPACを相手に初防衛に成功すると、ゲイブの挑戦を受けて立つ意思を表示していた。 試合開始前にゲイブに襲われた海野は、長時間にわたる場外乱闘で大流血。それでもリングに戻ると怒りのラリアートをさく裂させ、ようやくここで試合開始のゴングが鳴らされた。 激しい打撃戦を展開した海野は、張り手合戦からナックルパートを叩き込まれる。ゲイブのラリアートをラリアートで迎撃して反撃に転じると、ここでゲイブが右肩を押さえてうずくまる。レフェリーが様子をうかがい試合は一時的に中断された。 ところがこれは狡猾なブラフだった。一瞬のスキが生まれた瞬間、素早く立ち上がったゲイブに強烈なラリアートを浴びてしまいパイルドライバーでマットに突き刺される。さらに場外、リング上と計3発のパイルドライバーを決められた。これをカウント2で返す意地を見せたものの、最後はパラダイムシフトでついに力尽きた。 ベルトをぶん投げるなど大暴れのゲイブとは対照的に、ダメージの深い海野はノーコメントで控室へ。真夏の祭典「G1クライマックス」（11日、米シカゴで開幕）を目前に、まさかの王座陥落となった。 東スポWEB,[],[]
【ＭＬＢ】低迷オリオールズに〝本拠地改造失敗〟の烙印　カムデン・ヤーズが逆効果＝米報道（東スポWEB）,https://news.yahoo.co.jp/articles/52fccbf98302938de81c7297a0b4e3e0a02fc828,https://newsatcl-pctr.c.yimg.jp/t/amd-img/20260706-00394838-tospoweb-000-1-view.jpg?exp=10800,2026-07-06T21:20:26+09:00,2026-07-06T21:20:26+09:00,東スポWEB,tospoweb,東スポWEB,1041,本拠地オリオール・パーク・アット・カムデン・ヤーズ（ロイター） 球場をいじれば勝てる――。そんな皮算用が、今や痛烈な逆風として返ってきている。 米老舗誌「スポーツ・イラストレイテッド」の電子版「ON SI」は5日（日本時間6日）、今季42勝49敗でア・リーグ東地区4位と低迷するオリオールズについて、本拠地オリオール・パーク・アット・カムデン・ヤーズの左翼改修が「失敗」に終わっていると厳しく断じた。やり玉に挙げられたのは、マイク・エリアスGM主導で2022年以降に2度行われたレフトの大幅改造だ。 同誌によれば、最初の改修は投手陣の弱さを補うため、左翼を大きく広げてフェンスも高くする前例のないものだった。強打者をそろえれば難題を打ち破れるとの発想だったが、本拠地アドバンテージは生まれず、25年開幕前には一部を戻す形で再改修。それでも混乱は解消されていないという。 右の大砲として期待されたピート・アロンソ内野手（31＝オリオールズ）とテイラー・ウォード外野手（32＝オリオールズ）は、昨季合計74本塁打を放ったが、今季は前半戦終盤時点で合計24本塁打、カムデン・ヤーズでは計10本にとどまる。かつての右打者であるライアン・マウントキャッスル内野手（29＝オリオールズ）やオースティン・ヘイズ外野手（31＝ホワイトソックス）もフェンスに翻弄されたとし、球場設計が味方どころか打者の足かせになったとの見方だ。 数字も重い。22年以降、オリオールズは本拠地で左投手に対し、打率2割3分8厘が29位、出塁率3割2厘が30位、長打率3割7分4厘が27位、OPS6割7分6厘が28位。相手打線には対左投手で15点多く許しており、同誌は「期待した競争上の優位性を生かせていない」と切り捨てた。 皮肉なのは、左腕投手を生かす設計でありながら、その左腕先発の整備も進まなかった点だ。トレバー・ロジャース投手（28）以外に安定した左腕先発は乏しく、キーガン・エイキン投手（31）が22年以降の球団左腕最多143回を投げ、ケイド・ポビッチ投手（26）を約20回上回る状況だという。左腕の本拠地防御率も18位、WHIPも17位止まりだった。 この間、オリオールズはプレーオフ2シリーズで本拠地開催権を得ながら1勝もできず、2022年以降の本拠地成績も201勝170敗、勝率5割4分2厘でリーグ14位。名球場カムデン・ヤーズは今や「勝つための武器」ではなく、低迷を映す象徴になりつつある。 東スポWEB,[],[]
【WWE】最高峰王座４度獲得のシェイマスが電撃退団　「卒業生」リスト入りし今後は他団体移籍も（東スポWEB）,https://news.yahoo.co.jp/articles/d0666cbac5b57d40cd08457d50c4b906a260af56,https://newsatcl-pctr.c.yimg.jp/t/amd-img/20260706-00394840-tospoweb-000-1-view.jpg?exp=10800,2026-07-06T21:10:24+09:00,2026-07-06T21:10:24+09:00,東スポWEB,tospoweb,東スポWEB,909,シェイマス（ロイター） 米国・WWEの元世界王者で〝ケルティック・ウォリアー〟ことシェイマス（48）が、同団体を電撃退団し、波紋を呼んでいる。 米プロレスメディア「ファイトフル・セレクト」などによると、シェイマスは契約満了後に出された再契約のオファーを拒否。団体を離脱する予定だという。昨年11月から肩の負傷で欠場しているが、すでに団体公式ホームページのプロフィル一覧では、現在の所属選手のリストから退団者を示す「卒業生」リストに移された。解雇ではなく、自らの意志で団体を去ったとみられる。 アイルランド出身で2002年にプロレスラーになり、07年にWWEと育成契約を結んだ。09年にメインロースターに昇格すると、真っ白な肌と対照的な荒々しいファイトで活躍。WWE王座を3度、世界ヘビー級王座を1度と、合計4度の最高峰王座を獲得した。ベテランになっても衰えはなく、2022年9月の英国大会でのグンター戦は、序盤からチョップとキックで潰し合う激しい打撃戦となり、敗れたものの「名勝負」と高く評価された。昨年11月には中邑真輔とも一騎打ちし、激闘の末に勝利している。 WWEユニバース（ファン）からは悲しみの声が上がる一方で、米メジャー団体AEWへの移籍を期待する声も大きい。米老舗誌「スポーツイラストレイテッド」電子版「ON SI」の「ザ・テイクダウン」では、クラウディオ・カスタニョーリ（元セザーロ）、アダム・コープランド（元エッジ）、ブライアン・ダニエルソン（元ダニエル・ブライアン）、サモア・ジョーらシェイマスと親しい友人が複数、AEWに在籍している点を指摘。その上で「AEWへの移籍を計画しているのではないかと推測するのは容易だ」と、伝えている。 さらにはAEW世界王者のMJFが自身のインスタグラム・ストーリーで、SNS上での過去のやり取りの後に「かかってこいや、オシャネシー」というメッセージを添えた。「オシャネシー」とはシェイマスのWWE入団前のリングネームだけに、MJFからの挑発メッセージと見る向きもある。 MJFの真意は不明だが、〝ケルティック・ウォリアー〟の今後に注目が集まっている。 東スポWEB,[],[]
【豊橋競輪・ガールズ】岡本二菜　充実の走りで決勝進出「いい判断ができています」（東スポWEB）,https://news.yahoo.co.jp/articles/c11f1c775117b4f2a53ce26526d3bc675a72b851,https://newsatcl-pctr.c.yimg.jp/t/amd-img/20260706-00394835-tospoweb-000-1-view.jpg?exp=10800,2026-07-06T20:45:28+09:00,2026-07-06T20:45:28+09:00,東スポWEB,tospoweb,東スポWEB,483,岡本二菜の自在走法が冴え渡っている 豊橋競輪ナイターF1「カントリーモーニング杯」は6日、2日目を開催。好メンバーが揃った6Rガールズ予選2では、岡本二菜（28＝東京）が抜群の動きで連勝を決めた。 初日のVTRを見ているようだった。半田水晶のカマシに抜群の反応で飛び付くと、返す刀で直線一気。番手キープの瞬間に逆転を予感できるほど走りには余裕が感じられ、デキの良さは一目瞭然だ。 「初日と同じ展開だったけど、流れの中でいい判断ができていると思う。（半田の）番手に入ってからは、後ろの動きにも対応できるように準備もしていました。2日目の方がメンバーが濃かったので、その中で勝てたのは自信になります」 今年2つのG1はいずれも不参加。「まだまだ通用するレベルではないし、タイムも違い過ぎる」と自己評価は辛いが、この動きが続けば大舞台への復帰も遠くはないはずだ。 前回伊東の決勝では3番手キープから突き抜けたように、今の動きはキレッキレ。動きながら勝負権のある位置を確保する自在走法は冴え渡っている。柳原真緒をはじめ強豪揃いの決勝だが、一発あるかもしれない。 東スポWEB,[],[]
【ソフトバンク】ドラフト最下位指名→２回８失点デビュー…育成出身右腕に首脳陣が送った言葉（東スポWEB）,https://news.yahoo.co.jp/articles/0372460d6ff9793cc2b2040a256045a86423d0b4,https://newsatcl-pctr.c.yimg.jp/t/amd-img/20260706-00394832-tospoweb-000-1-view.jpg?exp=10800,2026-07-06T20:25:22+09:00,2026-07-06T20:25:22+09:00,東スポWEB,tospoweb,東スポWEB,569,準硬式野球部出身で、異例のスピード支配下登録となったソフトバンク・北斗 次にどうつなげるか――。昨秋ドラフト会議で12球団最終指名となる116番目に名前を呼ばれたソフトバンク・北斗投手（22）。ファームで結果を残して1日に支配下昇格を果たし、4日のロッテ戦（みずほペイペイ）で初登板初先発したが、2回8失点で黒星を喫した。プロの洗礼を浴びるほろ苦いデビュー戦となり、必死に悔しさを抑え込んだに違いない。 「不運もあったが、結果は受け止めるしかない」。そう語ったのは倉野チーフ投手コーチ。中央大準硬式野球部出身のルーキー右腕は、ここまで異例のスピードでステージを駆け上がってきた。「2月の時点で宮崎（キャンプ）に来ていない育成選手が、このスピードでグラウンドに立ったという事実が本当にすごい。本人の成長速度もそうだが、チームスタッフのおかげでもある。この舞台まで来たことを一番評価したい」。 本人の努力、周囲のサポートに加え、チーム事情や野球選手に大切な運も重なったことだろう。倉野コーチは「一軍と二軍の違いも分かったと思う。それはすごく大きな経験」と、プロ野球人生のスタート地点に立ったばかりの22歳を思いやり「見えた課題をしっかり伸ばしていけば、また戦力になる」と力強いエールを送った。 この先の過程と2戦目の姿に注目だ。 東スポWEB,[],[]
【ドジャース】キム・ヘソン〝飼い殺し〟の危機…遠い昇格「トレード成立の可能性も低い」＝韓国報道（東スポWEB）,https://news.yahoo.co.jp/articles/5771a6b955940e6e8f5ac9fae1ea30687decf08e,https://newsatcl-pctr.c.yimg.jp/t/amd-img/20260706-00394829-tospoweb-000-3-view.jpg?exp=10800,2026-07-06T19:45:32+09:00,2026-07-06T21:40:23+09:00,東スポWEB,tospoweb,東スポWEB,986,苦境が続くドジャースの金慧成（ロイター） 快進撃の輪から、一人だけ置き去りにされている。韓国メディア「スポーツ朝鮮」は6日、マイナー降格後もメジャー再昇格の道筋が見えないドジャースの金慧成（キム・ヘソン）内野手（27）の苦境をクローズアップした。5月29日（日本時間30日）に傘下3Aオクラホマシティ・コメッツへ降格した金は、試合出場こそ続けているものの、打撃面で強烈なアピールを示せていない。 同メディアによれば、6月はオクラホマシティで打率2割7分5厘（91打数25安打）、本塁打なし、10打点。出塁率3割1分6厘、長打率3割1分9厘で、6四球に対して22三振を喫した。7月に入っても4試合で12打数1安打、四球0、6三振。今季メジャーでは43試合で打率2割5分9厘、1本塁打、11打点、5盗塁、OPS・651を残したが、現状の数字だけでは首脳陣の目を再び引き寄せるには物足りない。 しかも、チーム状況は金にとって皮肉なほど厳しい。ドジャースは5日（同6日）終了時点で59勝32敗、ナ・リーグ西地区首位を独走。ムーキー・ベッツ内野手（33）、トミー・エドマン内野手（31）を中心に内野陣は固まり、ミゲル・ロハス内野手（37）、アレックス・フリーランド内野手（24）も控える。チームが好調であるほど、金を無理に呼び戻す理由は薄くなる。 球団は金に3年総額1250万ドル（約20億3000万円）を投じ、今季年俸も375万ドル（約6億1000万円）。オクラホマシティのスコット・ヘネシー監督は、休養を挟みながら守備範囲を広げ、スイング調整を進める方針を示しているという。つまり、ドジャースは完全に見切ったわけではないが、だからこそ簡単に外へも出せない。 米ドジャース専門サイト「ドジャースウェイ」は以前「適切に起用しないのなら、なぜトレードに出さないのか」と疑問を呈していたが、そのトレードにも壁がある。選手層に余裕があるドジャースは焦って安売りする必要がなく、一方で降格後の打撃指標が伸び悩む金を他球団が強く取りに来る材料も乏しい。 昇格の空きはなく、移籍の出口も細い。スポーツ朝鮮は「複雑な方程式が解けない限り、トレード成立の可能性も低い」と指摘した。昨季ワールドシリーズを制した常勝軍団の中で、金だけが勝利の熱狂から遠ざかっている。前途は、限りなく暗い。 東スポWEB,[],[]
パンサー・向井慧　上半期〝まとめ〟に苦心…話すネタはもう「１つもない！」（東スポWEB）,https://news.yahoo.co.jp/articles/19a3a9f81e7fdc640b23951dc85a6899184ec66c,https://newsatcl-pctr.c.yimg.jp/t/amd-img/20260706-00394828-tospoweb-000-1-view.jpg?exp=10800,2026-07-06T19:35:23+09:00,2026-07-06T19:35:23+09:00,東スポWEB,tospoweb,東スポWEB,479,パンサー・向井慧 お笑いトリオ「パンサー」の向井慧が、6日放送のTBSラジオ「パンサー向井の ＃ふらっと 」に出演。〝困っていること〟を明かした。 7月に入って、そろそろ1週間が経過。向井は、上半期と下半期の切り替わりのこの時期に「どの番組でも『上半期終わりましたけど～』っていう話になる。次の週ぐらいには『下半期始まりましけど～』とか、常にこういうのを聞かれる」とし、「これ、困りませんか？」と苦笑いを浮かべた。 なぜなら「我々の仕事でいうと、ラジオやポッドキャストは毎週定期的にある。ということは、『上半期にあったその時々のスゴイこと』って、もう（その時々で）絶対にしゃべっている」から。 〝まとめ〟の時期に話すネタはすでになく「ここまで取ってあるようなスゴイことなんて1つもない！ 必ずどこかではしゃべってる」と嘆いた。 例えば、自身にとって「ニュージーランドに行って、テカポ湖の星空を見たことも、僕の中の上半期では大きいこと。だけど、僕がやってる全ラジオでしゃべってる」。総じて「もうしゃべったなって…」と〝ネタ切れ〟に困り果てていた。 東スポWEB,[],[]
【北中米Ｗ杯】スペイン代表デラフエンテ監督がポルトガル戦へ意気込み「明日は決勝戦」（東スポWEB）,https://news.yahoo.co.jp/articles/1a835cb7e7780117a27578ec9271f46280dd4268,https://newsatcl-pctr.c.yimg.jp/t/amd-img/20260706-00394827-tospoweb-000-1-view.jpg?exp=10800,2026-07-06T19:35:23+09:00,2026-07-06T19:35:23+09:00,東スポWEB,tospoweb,東スポWEB,595,スペイン代表デラフエンテ監督（ロイター） サッカー北中米W杯決勝トーナメント2回戦（6日＝日本時間7日、米国・ダラス）で、スペインは隣国のポルトガルと激突する。 スペインサッカー連盟（RFEF）は5日、ルイス・デラフエンテ監督の前日記者会見での談話を公表した。 同連盟によると、指揮官はポルトガルとの大一番について「明日は決勝戦のような試合になる」とコメントし、「私は自分の選手たちが世界最高だと信じているが、ロベルト・マルティネス（ポルトガル代表監督）も自分の選手たちについて同じように考えているだろう。非常に強力な2つの代表チームが激突する。これほど優れた選手たちがピッチに揃っているのだから、試合は細部の差で決まるはずだ」と接戦を覚悟したという。 また同試合の前日会見では、ポルトガル代表FWクリスティアーノ・ロナウド（アルナスル）が「これが最後のW杯になる」と語ったことが話題を呼んでいる。 RFEFは、デラフエンテ監督がライバル国の大エースについて「私は彼の公言してはばからないファンだ」と明かしつつ、「彼は毎日最高を乗り越えたいという意欲を持っている。その才能ゆえに決定的な仕事ができると分かっているので、どんな状況下であっても常に警戒しなければならない」と気を引き締めたことも伝えた。 イベリア半島ダービーを制してベスト8に進出するのは果たしてどちらのチームか。 東スポWEB,[],[]
【フィギュア】鍵山優真　今夏予定していたスケート教室開催の見送り発表「諸般の事情により…」（東スポWEB）,https://news.yahoo.co.jp/articles/c2b545276932f6e60e66f8b8cf014010f04bceb4,https://newsatcl-pctr.c.yimg.jp/t/amd-img/20260706-00394826-tospoweb-000-3-view.jpg?exp=10800,2026-07-06T19:30:35+09:00,2026-07-06T19:50:24+09:00,東スポWEB,tospoweb,東スポWEB,533,鍵山優真 フィギュアスケート男子で五輪2大会連続メダルの鍵山優真（オリエンタルバイオ・中京大）が6日、自身のX（旧ツイッター）を更新し、苦渋の決断に至った経緯を明かした。 2月のミラノ・コルティナ五輪では個人＆団体で銀メダルを獲得。今季は休養して多角的に活動していく。「スケート以外の今まで見てこなかった部分を含めて全部楽しんで挑戦していきたい」と展望を口にしてきた。 8月にはスケート教室「ICE CANVAS～メダリストと一緒に、氷上のキャンバスを彩ろう～」を開催予定だったが、実施を見送ることになった。鍵山は「この夏休みに開催を予定していたフィギュアスケート教室『ICE CANVAS』ですが、諸般の事情により、開催を見送らせていただくことになりました。楽しみにしてくださっていたみなさまには、残念なお知らせとなってしまい申し訳ありません」とつづった。 その上で「また改めて、より良い形でイベントを実施できるよう準備を進めていきたいと思っていますので、その際は改めてみなさまにお知らせさせていただきます。引き続きいろんなことにチャレンジしていきますので、温かく見守っていただけたらうれしいです」と報告。今季は競技外で多くの経験を積んでいく構えだ。 東スポWEB,[],[]
【ＭＬＢ】パドレスの暴れん坊・マチャド「俺たちはバカだよ」　ドジャース粉砕で堂々の逆襲宣言（東スポWEB）,https://news.yahoo.co.jp/articles/637ad16e15346ec8595d3c48f525ef2987b1f2d8,https://newsatcl-pctr.c.yimg.jp/t/amd-img/20260706-00394824-tospoweb-000-4-view.jpg?exp=10800,2026-07-06T19:10:23+09:00,2026-07-06T20:00:33+09:00,東スポWEB,tospoweb,東スポWEB,811,ついに長すぎる連敗から脱出したパドレスのマチャド（ロイター） パドレスがついに連敗地獄に歯止めをかけた。5日（日本時間6日）に敵地ロサンゼルスで行われたドジャース戦を5―2で振り切り、9連敗を阻止した。 勝利を決定づけたのは、チームリーダーのひと振りだった。7回にタティスの適時打でリードを2点に広げ、なおも一死一、二塁の場面でマニー・マチャド内野手（34）が中越えへ豪快な3ラン。1点差でどちらに流れが傾くか分からなかった中で一気に突き放し、同地区の首位を独走する王者に一矢報いた。 6月27日（同28日）のドジャース戦から連敗の沼にハマり、カブス戦も負け続け、再び巡ってきたドジャースとの4連戦も最悪の負け方で転落した。初戦は6点リードをひっくり返され、第2戦は試合終盤の逆転満塁本塁打で沈められた。そして、前日の3戦目は打線が沈黙し、4安打の零封負け。何かにつけてわざわざダメージが残る敗戦を重ね、この日は初回からスタメン監督ら首脳陣2人が退場処分を食らう波乱の幕開けから白星を手にした。 何をやってもうまくいかなかった長すぎる8連敗の日々を振り返り、マチャドは「これが野球ってやつさ…。素晴らしいスポーツだ。でも、こんなことをやっているなんて俺たちみんなバカだよ」と「MLB公式サイト」などに思いを吐露した。 かつて所属したドジャースには誰よりも闘争心を燃やし、古巣のファンからは毎打席、大ブーイングを浴びせられる。連敗は止められたもののドジャースは14ゲーム差のはるか前方を走り、姿をとらえることも難しい状況だ。 それでもマチャドは「ここ最近はタフだった。自分たちで悪い状況をつくってしまった。でも、まだ試合はたくさん残っているし、最高の瞬間はこれからだと信じている」と逆襲宣言。〝暴れん坊〟らしい独特な言い回しも戻ってきただけに、大差をつけているドジャースにとっても再び不気味な存在となりそうだ。 東スポWEB,[],[]
【ソフトバンク】球団初！7・7から一軍本拠地で２日間「二軍＆三軍戦同時開催」 多くの若鷹が得る〝刺激〟（東スポWEB）,https://news.yahoo.co.jp/articles/fa9cf92194f76907daae013a35201a21fd8c14d0,https://newsatcl-pctr.c.yimg.jp/t/amd-img/20260706-00394821-tospoweb-000-3-view.jpg?exp=10800,2026-07-06T19:00:34+09:00,2026-07-06T20:30:38+09:00,東スポWEB,tospoweb,東スポWEB,416,一軍公式戦と同様の演出で、二軍、三軍戦が行われる ソフトバンクは7月7日からの2日間、ファーム公式戦となるオリックスとの二軍戦をみずほペイペイドームで開催する。4年連続となった取り組みに加えて、今年は7、8日の2日間で三軍戦を初めて同時開催。より多くの若鷹が一軍本拠地から刺激を得ることとなる。 多くの選手を抱えるホークス。巨大組織であればあるほど、時に〝トップの景色〟は認識しづらくなる。育成選手のままでは立つことのできない舞台。球団関係者が「選手にとって間違いなく刺激になる」と語ったように、キャリアの先に思い描く景色を明確にすることで、成長は促進される。 これまでも三軍戦がみずほペイペイドームで行われることはあったが、今回はビジョンの演出など一軍戦と同じ仕様で行われる。また、二軍戦のチケットがあれば三軍戦の試合も観戦が可能。通常の試合とは異なった雰囲気、演出でのプレーは普段以上の経験と刺激をもたらすはずだ。 東スポWEB,[],[]
【尼崎ボート】今泉友吾　２位で予選通過「バランス型でレース足は◎」（東スポWEB）,https://news.yahoo.co.jp/articles/1231bf17fd04301a4a12234fceac4add8a0d5528,https://newsatcl-pctr.c.yimg.jp/t/amd-img/20260706-00394818-tospoweb-000-2-view.jpg?exp=10800,2026-07-06T19:00:34+09:00,2026-07-06T19:50:24+09:00,東スポWEB,tospoweb,東スポWEB,403,今泉友吾 ボートレース尼崎の「スポーツニッポン杯争奪伊丹市施行73周年記念競走」は6日、予選最終日となる4日目の開催が行われた。 今泉友吾（36＝東京）は予選最終日の2層を1、2着とし2位で通過、準優勝戦11Rの絶好枠を獲得した。「出足、回り足が良かったと思います。バランス型でレース足は◎で、つながりがいいって感じですかね」と23号機は好仕上がりだ。 今年はここまで4優出15。「そんなにいい感じはしないんですけど。1走1走頑張っている、その結果が良かったのかな」とリズムはまずまずだす。 当地は前回昨年5月、優出3着。「全然出てなかった。たまたま展開良くて優出できた。その時と比べたら足は全然いいですよ。ただ崩すと着が全然取れないし、水面は難しいなとは思います。ただ、この足をキープできればいいなと思います。優勝目指して頑張ります」と力を込める。当地初Vに向け、まずは準優で逃げを決める。 東スポWEB,[],[]
【戸田ボート・ＧⅡボートレース甲子園】井口佳典　エース機の感触上々「スタートの見え方はいい感じ」（東スポWEB）,https://news.yahoo.co.jp/articles/22315b593c7efa34c4da0bbb27a9fdd4dbc8f3a4,https://newsatcl-pctr.c.yimg.jp/t/amd-img/20260706-00394823-tospoweb-000-1-view.jpg?exp=10800,2026-07-06T19:00:34+09:00,2026-07-06T19:00:34+09:00,東スポWEB,tospoweb,東スポWEB,246,井口佳典 ボートレース戸田のG2「第8回ボートレース甲子園」は7日、幕を開ける。 井口佳典（48＝三重）が当地のエース・4号機を手中にした。前検のスタート特訓を終え「いいエンジンみたいだし悪くない。スタートの見え方はいい感じだった」とまずまずの感触。出足系統が特徴のエンジンながら、前検一番時計タイ（6秒61）をマークするなど直線の動きもいい。当地はこれまで11優出5V、2016年3月の59周年記念でG1優勝もあり、水面相性は良好。初日はきっちり好スタートを決めたいところだ。 東スポWEB,[],[]
【戸田ボート・ＧⅡボートレース甲子園】吉田拡郎が好リズム「伸びれば面白いレース場だと思うので…」（東スポWEB）,https://news.yahoo.co.jp/articles/ee77930d85dec81e31f426d63629e078059e139c,https://newsatcl-pctr.c.yimg.jp/t/amd-img/20260706-00394820-tospoweb-000-1-view.jpg?exp=10800,2026-07-06T19:00:34+09:00,2026-07-06T19:00:34+09:00,東スポWEB,tospoweb,東スポWEB,392,吉田拡郎 ボートレース戸田のG2「第8回ボートレース甲子園」は7日、幕を開ける。 吉田拡郎（44＝岡山）が前検で手にした61号機は「A」ランクに評価されるレース足系の好素性機。「起こしの回転の上がり方がもう少しだったけど、走りだせば問題なかったです。乗り心地は戸田にしては悪くなかったし、スタートも行ける感じだった。前検の感触としてはいいかなと思いました」と早くも手応えをつかむ。 前節の鳴門「グラチャン」で2014年まるがめ「オーシャンカップ」以来2回目のSG制覇。「前回を勝ったことで今節は大事になるし、年末に向けても今節が大事になる。頑張りたいです」と意気込む。当地は10優出3V、2012年「クラシック」で優出（4着）もある。「伸びれば面白いレース場だと思うので、伸びがつけられればいいですね」と調整の方向性も見えている。絶好のリズムに乗って〝全国制覇〟を狙う。 東スポWEB,[],[]
【戸田ボート・ＧⅡボートレース甲子園】田上凜　伸び型の26号機ゲット「もっとしっかりペラを叩きます」（東スポWEB）,https://news.yahoo.co.jp/articles/a33d7439b89af7cb28fc70fa08e728bbd3c2ebf4,https://newsatcl-pctr.c.yimg.jp/t/amd-img/20260706-00394819-tospoweb-000-1-view.jpg?exp=10800,2026-07-06T19:00:34+09:00,2026-07-06T19:00:34+09:00,東スポWEB,tospoweb,東スポWEB,216,田上凜 ボートレース戸田のG2「第8回ボートレース甲子園」は7日、幕を開ける。 田上凜（24＝大阪）が手にした26号機は伸び型の「A」ランク機。ただ「特訓では下がってました。もっとしっかりペラを叩きます」と感触はもうひとつ。機素性は確かなだけに、いち早い立て直しが必要だ。 今年は5月まるがめG2「レディースオールスター」ではチルト3度の強伸び仕様でまくり連発、優出（6着）と大ブレーク。今節も台風の目となるか注目だ。 東スポWEB,[],[]
【びわこボート・ヴィーナスＳ】小芦るり華　当地は前回Ｖと好相性「優勝でイメージは良くなった」（東スポWEB）,https://news.yahoo.co.jp/articles/745b8b29c4578e017b7ff2179e710d4022e31044,https://newsatcl-pctr.c.yimg.jp/t/amd-img/20260706-00394817-tospoweb-000-1-view.jpg?exp=10800,2026-07-06T18:55:21+09:00,2026-07-06T18:55:21+09:00,東スポWEB,tospoweb,東スポWEB,401,小芦るり華 ボートレースびわこの「びわこヴィーナス！第7回酒処京都新京極スタンド杯」は7日、開幕する。 小芦るり華（28＝佐賀）が今節手にしたのは2連率28％の69号機。使用7節でまだ優出歴のない平凡エンジンだけに「ペラはもらったままで乗ったけど、ちょっと回ってない感じ。起こしでモタついたし、行き足が気になるのでそこから直したい」とペラ調整に着手した。 当地前回2月の男女混合戦で当地初、通算2回目のVを達成した好相性水面だ。「元からイメージは悪くなかったけど、前回の優勝でイメージは良くなった。それに自分はバイオ燃料もいいので」と、今節も躍動に自信ありげだ。 7月からの2026年後期勝率はキャリアハイとなる6・93をマーク。またPG1ヤングダービー（若松、9月22日開幕）は女子では高憧四季につぐ2番目で出場が決定。「出場してチャンスがあるぶんには頑張らないと」と早くも燃えている。 東スポWEB,[],[]
韓国サッカー界「見えないカースト制度」と著名人指摘　貴族は洪明甫氏ら「日韓Ｗ杯世代」（東スポWEB）,https://news.yahoo.co.jp/articles/f6b92b6b819d4fc913e85911ea4ba645c50f1960,https://newsatcl-pctr.c.yimg.jp/t/amd-img/20260706-00394815-tospoweb-000-2-view.jpg?exp=10800,2026-07-06T18:50:25+09:00,2026-07-07T00:20:27+09:00,東スポWEB,tospoweb,東スポWEB,752,韓国のサッカー協会の鄭夢奎会長 北中米W杯で1次リーグ敗退となり、大揺れに揺れている韓国で、著名キャスターの発言が注目を集めている。 韓国はチームを監督として率いた洪明甫氏への批判にとどまらず、サッカー界全体への非難が爆発。6日には、韓国サッカー協会の鄭夢奎会長が辞任した。 大混乱の中、同国のスポーツ界に精通する有名なスポーツキャスター、イ・グァンヨン氏が放った言葉が話題となっている。韓国メディア「エクスポーツニュース」は、「韓国サッカーには見えないカースト制度が存在…2002年世代は貴族」」と報道。JTBCのトークショー番組『ジャンルだけ汝矣島』のユーチューブチャンネルで同氏が韓国サッカー界を批判する過程で、インドのインドの伝統的な身分制度「カースト制度」になぞらえ持論を展開したことを伝えた。 イ氏は「韓国に外国人監督がいなかったわけではない。そうした監督たちが来るのが日常化して、韓国サッカーを好循環させるべきなのに、これが巨大な障壁によって阻まれているような気がする」と主張。 「韓国サッカーには目に見えない完璧なカースト制度が存在する」とし、「最上位は2002年（日韓）W杯世代だ。サッカー界において、2002年世代は完璧な貴族、王族である」と明言。「W杯を経験した代表選手、W杯を経験していない代表選手、かつて代表だった人、代表にはなれなかったがKリーグのスター選手たち、Kリーグでプレーした人、そしてKリーグですらプレーできなかった人」と区分し、「こうした階層が8～9つ存在している」と強調した。 同氏は、解決法についても言及。「日本をベンチマークすればよい。サッカーに関しては、日本が韓国よりも本当に比べ物にならないほど先を行っている」と説明した。 大改革が進むか。 東スポWEB,[],[]
【徳山ボート】若林樹蘭　現状打破し目標のＡ１へ「トップスタートを意識して行きます」（東スポWEB）,https://news.yahoo.co.jp/articles/c2a789d6bde207f00b610a0587bbbe83af56e366,https://newsatcl-pctr.c.yimg.jp/t/amd-img/20260706-00394816-tospoweb-000-1-view.jpg?exp=10800,2026-07-06T18:50:25+09:00,2026-07-06T18:50:25+09:00,東スポWEB,tospoweb,東スポWEB,344,若林樹蘭 ボートレース徳山の「中日スポーツ杯争奪戦」は6日、予選3日目が行われた。 若林樹蘭（23＝東京）はこの日4、3コースから3、2着。得点率17位から予選最終日に臨む。「前半の直線寄りよりも、後半の出足、乗り心地を求めた方が良かった。行き足から直線にかけても良かったしバランス取れていい」と前節に竹田和哉が優出（4着）した上昇機16号は仕上がり良好だ。 昨年夏に右ひざ半月板を手術した影響でB2に落ちていたが、7月からA2に復帰。「いい枠をもらえたり1日2走、走れたりB2になってA級のありがたみを知りました。今までスタートは控えていたけど、現状を打破するためにもリスクを持って、トップスタートを意識して行きます。勝率6・5取ってA1になりたい」と熱い思いを明かした。 東スポWEB,[],[]
【ＭＬＢ】松井裕樹が夏の目玉に急浮上　崖っぷちパドレス売り手転換なら放出現実味＝米報道（東スポWEB）,https://news.yahoo.co.jp/articles/a772c83361c27dbaf80dc9a3faf911e82adfe2b6,https://newsatcl-pctr.c.yimg.jp/t/amd-img/20260706-00394814-tospoweb-000-2-view.jpg?exp=10800,2026-07-06T18:20:27+09:00,2026-07-06T19:15:31+09:00,東スポWEB,tospoweb,東スポWEB,942,松井祐樹は移籍市場の目玉になるか（ロイター） 泥沼のチームで、ユウキ・マツイの名前だけが真夏の市場で熱を帯びてきた。米メディア「ヤードバーカー」は5日（日本時間6日）、パドレスが8月3日（同4日）のトレード期限を前に難しい判断を迫られていると指摘。チームは同日、敵地ロサンゼルスでのドジャース戦に5―2で勝利し、連敗「8」で止めた。 だが、泥沼から抜け出したとは言い切れない。5日終了時点で44勝45敗、ナ・リーグ西地区首位ドジャースとは14ゲーム差、ワイルドカード争いでも圏内から4ゲーム差。今季ワーストの8連敗は2013年以来の長いトンネルでもあり、ポストシーズンへ完全に白旗を揚げる状況ではない一方、買い手に回ると断言できるほどの余裕もない。 もともとパドレスは期限前に先発ローテーションや打線を補強する側と見られていた。だが、近年の大型補強とトレードで傘下有望株の層は薄く、追加補強に動くにも交換要員は限られる。そこで急浮上するのが、松井裕樹投手（30）の去就だ。同メディアは、パドレスが選手放出に踏み切る場合、ブルペン補強を狙う優勝候補にとって松井が「大きな助け」となる存在だと指摘。松井は今季終了後にオプトアウトしてFA市場に出る可能性があり、今季のチームが勝負に踏み切らないなら保有を続ける利点は薄れる。 松井は5日のドジャース戦でも2番手で登板。6回からマウンドに上がり、2四球で走者を背負いながらも2/3回を無安打無失点に封じ、今季2ホールド目を挙げた。今季は左脚付け根の故障で出遅れたが、5月に復帰後は安定感を取り戻し、ここまで22試合で0勝1敗、2ホールド、防御率2・03、31回を投げて34奪三振、WHIP1・23。防御率は1点台目前の水準で、9イニング換算の奪三振率も9・87をマークしており、左の救援を欲するチームには十分すぎる売り文句になる。短いイニングを任せられる左腕は市場で常に需要が高く、終盤の一手を探す球団には魅力的な存在だ。 もちろん、まだ7月上旬。残り数週間の巻き返し次第でフロントの姿勢は変わる。ただ、勝ってなお借金生活の現状は重い。勝負か、整理か。岐路に立つサンディエゴで、松井が夏の市場を揺らすパワーワードになりつつある。 東スポWEB,[],[]
鎌田、中村、堂安４戦連続先発の是非　負担かかりブラジル戦で本領発揮できず（東スポWEB）,https://news.yahoo.co.jp/articles/0e0c590dcb68a110cca8500b49dcaa70c9aaae11,https://newsatcl-pctr.c.yimg.jp/t/amd-img/20260706-00394767-tospoweb-000-1-view.jpg?exp=10800,2026-07-06T18:15:28+09:00,2026-07-06T18:15:28+09:00,東スポWEB,tospoweb,東スポWEB,1329,ブラジル戦に出場した鎌田大地 森保ジャパンは、優勝を目標に掲げた北中米W杯で32強止まりに終わった。6月29日（日本時間同30日、米国・ヒューストン）の決勝トーナメント（T）1回戦でブラジルに1―2と敗れ、日本代表が宣言した野望はついえた。要因はさまざまだが、指揮官の選手起用にも着目しなければならない。1次リーグで特定の選手に負担がかかってしまい、肝心の決勝Tでブラジルと激突した際に、本来チームが持っていたポテンシャルを発揮しきれなかった側面もありそうだ。 森保監督がブラジル戦に送り込んだ先発11人を見渡すと、フィールドプレーヤーでは10番を背負う攻守のキーマンだったMF堂安律（Eフランクフルト）、攻撃面で違いを見せていたMF中村敬斗（スタッド・ランス）、“チームの心臓”として機能したMF鎌田大地（クリスタルパレス）が1次リーグから4試合連続先発だった。 ともに勝つために欠かせない選手だけに、決勝T1回戦で先発させたのは当然の判断だろう。一方で気になるのは、1次リーグ最終戦スウェーデン戦も、この3人を先発させたことだ。同戦を迎えるにあたって、F組首位突破の可能性があったため、指揮官は試合前、自力突破が確定する引き分けを視野に入れず「勝利を目指して戦うことをチームで共有して準備を進めてきた。1位通過したいと思っている」と必勝を誓っていた。 ただ、スウェーデンに勝ったとしても、同組のオランダが最終戦で敗退を確定させていたチュニジアと対戦することから、複数得点で勝つ確率が極めて高く、組2位となる公算大。そもそもこうした状況を想定して2チームつくっても遜色ない編成を進めてきただけに、思い切ったターンオーバーをしてもよかったのではないか。たとえ敗れて組3位に転落し、決勝T1回戦でフランスとの対戦になっても、ブラジル相手とそこまで違っていたのか。起用法によっては、キーマンたちはもっと良い状態で決戦に臨めていたはずだ。 実際、スウェーデン戦では1次リーグ1、2戦目でフル出場だったMF佐野海舟（マインツ）は休養を与えられ、ブラジル戦に満を持して先発。試合を迎えるにあたって「リフレッシュできた。自分ができる準備をしたい」と話し、大一番で自らのボール奪取からスーパーゴールを決めるなど休養の効果をプレーで証明した。 その一方で、攻守のかじ取り役を担ってきた鎌田はブラジル戦で右内転筋を痛めて後半33分にベンチへ退かざるを得なかった。本人は試合後に「もっとやりたかった」と無念さをあらわに。その後もプレーできていれば持ち前の統率力を発揮し、試合展開は変わっていたかもしれない。 また、左右のウイングバック（WB）でプレーした中村と堂安は守勢に回る時間増で疲弊した影響で、後半21分にともに交代。DF鈴木淳之介（コペンハーゲン）とDF菅原由勢（ブレーメン）が入った。だが攻撃の推進力を失ってしまう結果に。中村と堂安は大黒柱の働きぶりだっただけに、決勝Tへ向けて、もう少し2人の余力を残しておくことも可能だっただろう。 森保監督が1次リーグ3試合を通じて的確な采配を多く見せたのは事実だが、結果論では片づけられない課題が残ったのも事実だ。 東スポWEB,[],[]
【ＭＬＢ】〝誤審王〟ＣＢバックナー氏の引退は「ＡＢＳの影響大」「自らの意思で退職金」＝米報道（東スポWEB）,https://news.yahoo.co.jp/articles/f6c2f42389c6c4cbaee59e57f0e95a8c9a7ed1da,https://newsatcl-pctr.c.yimg.jp/t/amd-img/20260706-00394813-tospoweb-000-1-view.jpg?exp=10800,2026-07-06T18:05:24+09:00,2026-07-06T18:05:24+09:00,東スポWEB,tospoweb,東スポWEB,1092,ＣＢバックナー氏（左＝ロイター） 良くも悪くもMLBの名物だった審判員の引退報道に、米球界が何ともいえない雰囲気に包まれている。〝誤審王〟とも呼ばれたCBバックナー氏（63）が今季限りでキャリアに終止符を打つと報じられ、5日（日本時間6日）の米メディアでは誤審を下した印象的な試合や場面が相次いでプレーバックされた。 選手の引退となれば、活躍したシーンなどが主に報じられるが、バックナー氏の場合は違った。2003年と06年に米誌「スポーツ・イラストレイテッド」の選手間アンケートで「MLB最悪の審判員」に選ばれ、10年に行われたスポーツ専門局「ESPN」の調査でも同様のジャッジを下されたことなどが主だった。 そして今季から導入されたボールとストライクの自動判定システム「ABS」によって、バックナー氏の判定との〝誤差〟がいよいよ白日の下にさらされた。中でも3月28日（同29日）のレッズ―レッドソックス戦で露呈した「1試合6誤審」は、衝撃的なエピソードとして各媒体で扱われた。 米サイト「アルバット」もバックナー氏の〝誤審歴〟をたどった上で「ボールとストライクを間違える彼の才能は、特にABSが導入されて以降、批判の的となった」と伝えた。かつてはボールとストライクに関する判定は審判が絶対で、抗議した選手らが退場となることも少なくなく、ファンの間にモヤモヤ感が残ることもあった。しかし、現在では選手側から要求があればミリ単位で〝ロボット審判〟が判別するため、審判員は大観衆の前で「誤審」の断を下される立場となった。 同サイトは「彼の引退は度肝を抜くような誤審、際どいプレーを巡る白熱した議論の終焉を意味する」とし「ABSの導入により、昔ながらの審判員は厳しい目にさらされることになった。バックナー氏は最も影響を受けた一人で、彼の判定はリアルタイムで修正された。この技術革新はベテラン審判員の引退を加速させ、デジタル時代に対応できる次世代の審判員の台頭の促している」と転換期と位置づけた。 バックナー氏は4月1日（同2日）のブルワーズ、レイズ戦でファウルチップをマスク越しの顔面に受けて以降、グラウンドから遠ざかっている。米大手紙「ニューヨーク・ポスト」（電子版）は「バックナー氏は退職金を受け取って引退する」「30年の長きにわたるキャリアと同じくらい物議を醸してきた審判員生活が幕を閉じる」と審判としては破格の扱いで伝え「ABSがより大きな役割を果たすと予想される中、自らの意思で引退を決断した。選手やファン、関係者は安堵の息をつくことになるかもしれない」としている。 東スポWEB,[],[]
【北中米Ｗ杯】代表引退示唆のネイマールへ　アンリ氏ら惜別「みんなネイマールになりたがった」（東スポWEB）,https://news.yahoo.co.jp/articles/07f23a1504eb738f1dc93f3953fd8d0efd3893f2,https://newsatcl-pctr.c.yimg.jp/t/amd-img/20260706-00394812-tospoweb-000-1-view.jpg?exp=10800,2026-07-06T18:00:35+09:00,2026-07-06T18:00:35+09:00,東スポWEB,tospoweb,東スポWEB,772,北中米W杯を去ることになったネイマール（ロイター） 代表引退を示唆したブラジル代表FWネイマール（サントス）に世界的レジェンドも敬意を示している。 【写真】48歳になったティエリ・アンリ氏 ブラジル代表は北中米W杯決勝トーナメント2回戦（5日、米国・ニューヨーク）でノルウェーと対戦。1―2で敗れたが、途中出場のネイマールはPKで今大会初得点を決めた。試合後には「頑張った、本当に頑張った。これで終わりだ。ここで始まり、ここで終わった」と口にしたことを、ロイター通信などが報じた。 米メディア「ESPN」によると、元フランス代表FWティエリ・アンリ氏は米放送局「FOX」の番組内で、「彼は僕がお金を払ってでもプレーを見たいと思う選手なんだ。誰であろうと魅了したし、ありのままの姿で誰もがこの競技を愛するようにしてくれた。若者はみんなネイマールになりたがった。誰もがネイマールになりたいんだ。彼は彼は自身のプレースタイルでサッカーを変えたんだ」と熱弁したという。 また同メディアは番組内で元スウェーデン代表FWズラタン・イブラヒモビッチ氏が「人々は『彼ならもっとできたはずだ』と語り継ぐだろうとも思う。なぜなら、人々は彼に世界最高になってほしかったのに、そうはならなかったからだ。それでも、彼は信じられないほどの才能を持った、素晴らしい選手だよ」と賛辞を送ったことも伝えた。 アンリ氏もイブラヒモビッチ氏も欧州5大リーグで得点王を複数回獲得した稀代のストライカー。サッカー界の歴史に名を刻む2人からの温かいメッセージは、ネイマールがいかに特別な存在であったかを物語っている。 悲願のW杯制覇はならなかったが、サッカー王国・ブラジルの“背番号10”が見せる華麗なテクニックと圧倒的なカリスマ性は、最後まで世界中のファンを魅了し続けた。 東スポWEB,[],[]
長谷川豊氏　佐藤二朗の騒動に持論「期待してない人になんて言わない注意」橋本愛を「高く評価」（東スポWEB）,https://news.yahoo.co.jp/articles/1564e4257bb878985c33d5bc03982b75b4930cae,https://newsatcl-pctr.c.yimg.jp/t/amd-img/20260706-00394810-tospoweb-000-1-view.jpg?exp=10800,2026-07-06T17:20:26+09:00,2026-07-06T17:20:26+09:00,東スポWEB,tospoweb,東スポWEB,773,長谷川豊氏 元フジテレビアナウンサーの長谷川豊氏（50）が6日に自身の「X」を更新。俳優の佐藤二朗と女優・橋本愛のハラスメントトラブルに言及した。 長谷川氏は「佐藤二朗さんは恐らく橋本愛さんを高く評価していたんだろうと思う件」と題し長文で持論を展開した。 佐藤が実力派の俳優であること、橋本が大手の所属事務所から離れたことなどに触れると「佐藤さんね、橋本さんに魅力か才能を感じたんだと思う。で、『もったいない！』って感じたんだと思うんです。このままじゃ消えちまうって。だって、もう超大手芸能事務所の『裏の力』は使えないわけじゃないですか。でもう30歳を超えてきてるわけじゃないですか」と推察した。 そのような思いから、余計なお世話と分かったうえで、橋本に進言したのだと考えをめぐらせた。「トラウマがあったとしても、それはスタッフには関係ないこと。何があっても『自分中心の理論で周りに制限をかける』のではなく、『スタッフ中心』に動くべきであること。プロの仕事は『台本を読むだけの仕事』ではないこと。今のままの『あたしをキレイに映してね』『ちなみにあたしはトラウマがあるからここはこうしてね、それ以外は無理よ』という姿勢では通じないことを説いたはずなんです」と指摘。「これね、厳しい物言いに感じる人もいるかもですが、期待してない人になんて言わない注意なんです。佐藤さんはアウトーとか言ってる人、それが分かってないんじゃないかなー」と期待ゆえのアドバイスであったのではと話した。 佐藤は1日の文春オンライン、2日発売の週刊文春でハラスメント疑惑を報じられた。フジテレビ系4月期「夫婦別姓刑事」（火曜午後9時、6月23日最終回）でともにダブル主演した女優の橋本愛との間でトラブルが発生。佐藤、橋本とその関係者の間で交わされた話も詳報された。 東スポWEB,[],[]
【巨人】戸郷翔征　七夕に阪神との首位攻防戦へ　高橋遥人の連勝阻止にも気合「そこをつぶせるように」（東スポWEB）,https://news.yahoo.co.jp/articles/05b3e3a4cb00bfa2bf88a19c88b9b56a1ebadae0,https://newsatcl-pctr.c.yimg.jp/t/amd-img/20260706-00394809-tospoweb-000-1-view.jpg?exp=10800,2026-07-06T17:10:25+09:00,2026-07-06T17:10:25+09:00,東スポWEB,tospoweb,東スポWEB,541,投手練習に参加する戸郷翔征 巨人の戸郷翔征投手（26）が6日、ジャイアンツ球場で、先発予定の7日の阪神戦（東京ドーム）に向けて調整。セ同率首位に並ぶ阪神との直接対決へ「カード頭っていうのはすごい大事な試合になると思うんで、そこは意識をしてます」と責任感をにじませた。 個人成績では、昨季の阪神戦3試合で3敗を喫したが、「悪いイメージは僕の中ではあまりないので」ときっぱり。24年5月には阪神戦で自身初のノーヒットノーランを達成しており、同年8月14日の完封勝利以来となる阪神戦での白星を狙う。 相手先発予定で、今季10勝無敗、防御率1．29と抜群の安定感を誇る阪神・高橋遥人との投げ合いには「今10連勝中ですのでね。なんとか、そこをつぶせるようにと思いながら」と対抗意識を口にしながら、「対戦が楽しみですね。勝てれば、より自分の感覚だったりとかが良くなってくると思うんで。そこに向けて全力で挑めたらなと思います」とリーグを代表する左腕との対戦を心待ちにした。 また、試合当日は七夕。今の願い事を聞かれると「明日の試合を勝てることが一番ですしね。健康第一でやっていければ」と翌日の登板を見据えつつ、「叶えたいことはいっぱいあるけどな。でかい夢しかない」とはにかんでいた。 東スポWEB,[],[]
ストーンズのミック・ジャガーがニューアルバムの題名決定にＡＩを使用も「役に立たなかった」（東スポWEB）,https://news.yahoo.co.jp/articles/04d2609b92029f9a65ee1249a7aa8dcf9478cfea,https://newsatcl-pctr.c.yimg.jp/t/amd-img/20260706-00394808-tospoweb-000-1-view.jpg?exp=10800,2026-07-06T17:10:25+09:00,2026-07-06T17:10:25+09:00,東スポWEB,tospoweb,東スポWEB,696,ローリング・ストーンズのキース・リチャーズ(左)、ミック・ジャガー(中)、ロニー・ウッド（ロイター） 世界最強のロックバンド、ザ・ローリング・ストーンズの約3年ぶりのニューアルバム「フォーリン・タングス」は10日にリリースされるが、タイトルを決める際にAIを試したもの「ひどい案ばかりだった」とフロントマンのミック・ジャガーが明かした。英紙サンが5日、報じた。 ミックは2023年に通算24枚目のアルバムのタイトルを決めるに当たって苦労した際にこの技術を使用して、最終的に「ハックニー・ダイアモンズ」というタイトルに決定した。 82歳のミックはタイトル決定までの紆余曲折を明かしつつ「AIは全く別の話だ。俺がAIを使ったのは、ハックニー・ダイアモンズのアルバムタイトルを探していた時だけだった。それは、おそらくAIがまだ黎明期だった頃だろう。今回は誰も意見が合わなかったし、俺も色々なタイトルを提案してみたけど、返ってきたのはひどい案ばかりで全く役に立たなかった」と語った。 さらにはタイトルに12個の名前が提示されたことも明かし「俺は『これが俺のアルバムタイトルの12個だ。もっとくれ』と言ったけど、もちろん結局どれも使わなかった」という。 ミックはAIについて「つまり頼りすぎるのは良くない。最高の韻は自分の頭の中から生まれるものだから。行き詰まりを解消すれば、以前よりも良いものが手に入る。作曲もまさにそういうものだ」との姿勢も見せている。 ニューアルバム「フォーリン・タングス」は10日にリリースされ、このタイトルは、ブルース調の新曲の歌詞の中から取られたものだという。 東スポWEB,[],[]
【ＭＬＢ】ヤンキース歴史的急失速で直近10戦９敗のどん底　ジャッジにも米辛口論客が異例注文（東スポWEB）,https://news.yahoo.co.jp/articles/3a5a443d9ade4fccdb0d371a0af81e695db6eb8d,https://newsatcl-pctr.c.yimg.jp/t/amd-img/20260706-00394807-tospoweb-000-1-view.jpg?exp=10800,2026-07-06T17:05:24+09:00,2026-07-06T17:05:24+09:00,東スポWEB,tospoweb,東スポWEB,932,帰路につくヤンキースファンたち（ロイター） 名門が、まるで底の抜けたバケツのように白星をこぼし続けている。ヤンキースは5日（日本時間6日）、本拠地ヤンキースタジアムでミネソタ・ツインズに1―6で敗れ、3連戦を1勝2敗で落とした。直近10試合で9敗。19日（同20日）時点の46勝28敗から、わずか半月余りで3勝12敗の急失速となり、49勝40敗でア・リーグ東地区首位レイズ（52勝35敗）との差は4ゲームに広がった。 5月31日（日本時間6月1日）からアーロン・ジャッジ外野手（34）を欠く中でも、一時は不在後12勝8敗と踏みとどまり、好調モードを維持しているかに見えた。しかし、ここへきて攻守にほころびが噴出。名門が長年〝お得意様〟としてきたツインズに、本拠地で2014年以来初のカード負けを喫した意味は重い。 米全国紙「USAトゥデー」の敏腕記者ボブ・ナイチンゲール氏は「ツインズは2014年以降、ブロンクスで7勝29敗、2002年以降でも19勝69敗」と指摘し、直近10戦9敗で超低空飛行を繰り返すヤンキースの惨状を痛烈にえぐった。この日の敗戦も象徴的だった。ツインズのライアンに7回3安打無失点、9奪三振と封じ込まれ、打線の反撃はドミンゲスのソロ本塁打による1点だけ。先発のウェザーズは5回途中4失点で降板し、守備の乱れも重なった。 辛口論客からの矛先は首脳陣にも向いた。ヤンキースレジェンドOBのゲーリー・シェフィールド氏の息子でスポーツコメンテーターのゲーリー・シェフィールド・ジュニア氏は同日、Xで「選手層が十分ではなく、ツインズ3連戦のオープニングゲームでそれが明らかになった」「ブーン監督は、現状の選手構成ではチームを常に高いパフォーマンスに導くことができないことを証明した」と投稿。さらにジャッジにも「主将としてヤンキースを引っ張っているのだから、もっとチームに対しても遠慮せず厳しく声を上げるべきだ」と注文をつけた。 ジャッジは離脱前まで59試合で打率2割4分8厘、17本塁打、38打点。MVP3度の看板を失った穴はやはり大きい。名門は首位争いから転げ落ちるように低空飛行に突入し、外部からも変化を迫られるどん底にあえいでいる。 東スポWEB,[],[]
【北中米Ｗ杯】イングランド勝利の後にまさかの負傷者発生　トゥヘル監督「良くない状況だ」（東スポWEB）,https://news.yahoo.co.jp/articles/0ce56a17cf3ba936a7febd77a0bbe389a1a98412,https://newsatcl-pctr.c.yimg.jp/t/amd-img/20260706-00394805-tospoweb-000-1-view.jpg?exp=10800,2026-07-06T16:20:26+09:00,2026-07-06T16:20:26+09:00,東スポWEB,tospoweb,東スポWEB,816,ジョーダン・ヘンダーソン（ロイター） ベスト8進出を決めたイングランド代表に、まさかのアクシデントだ。 サッカーの北中米W杯決勝トーナメント2回戦（5日、メキシコ市）、イングランドはメキシコを3―2で下した。 前半に2点をリードしたものの、後半9分にDFジャレル・クアンサー（レバークーゼン）がレッドカードで退場。数的不利かつメキシコサポーターの大ブーイングを受ける厳しい状況の中、なんとかリードを保ち続けた。 この勝利に選手らは喜びを爆発。しかし、歓喜の直後に思わぬ落とし穴が待っていた。英メディア「The Independent」は、「選手たちはW杯での勝利後、恒例となっている『Wonderwall』を歌うためサポーターの元へ向かったが、MFジョーダン・ヘンダーソン（ブレントフォード）は看板を乗り越えてピッチに戻ろうとした際、腕から落下し、痛みにうずくまったまま立ち上がれなかった」と報道。「医療スタッフが同選手の処置に当たり、その後ストレッチャーでイングランドのロッカールームへと運び出された。ヘンダーソンのW杯はこれで幕を閉じる可能性もある」と伝えた。 同メディアによると、トーマス・トゥヘル監督は試合後の取材で「良くない状況だ。ジョーダンは転倒して手首を痛めた。非常に状態が悪そうだ」と語ったという。また、同試合で2得点のMFジュード・べリンガム（レアル・マドリード）も「彼は少し大変な状況にあるが、医療チームがすべてコントロールしてくれている。僕からはあまり多くを言わない方がいいだろう。僕らは彼をサポートするためにここにいる」とコメントを残した。 イングランド代表は、初戦でDFリース・ジェームズ（チェルシー）がハムストリングを負傷。メキシコ戦で退場したクアンサーは次戦出場停止となっており、ヘンダーソンの具合次第では、準々決勝のノルウェー戦（11日、米国・マイアミ）に23人で挑まなければならない。 東スポWEB,[],[]
錦戸部屋女将・小野友葵子　東京タワーで初コンサート成功（東スポWEB）,https://news.yahoo.co.jp/articles/9f82f42e2bdeb9d7bcfbabd7f8d9c7bb1ab2183f,https://newsatcl-pctr.c.yimg.jp/t/amd-img/20260706-00394804-tospoweb-000-1-view.jpg?exp=10800,2026-07-06T16:15:33+09:00,2026-07-06T16:15:33+09:00,東スポWEB,tospoweb,東スポWEB,496,小野友葵子 錦戸部屋の女将としても知られるソプラノ歌手・小野友葵子が5日、東京タワー展望台メインデッキ「Club333」で初めてコンサートを開催。東京のシンボルを舞台に、華やかな歌声を響かせた。 会場では「天の川イルミネーション2026」が開催中。幻想的な夜景とイルミネーションに包まれたロマンチックな空間でのコンサートとなった。 小野は「東京タワーでのコンサートは初めてで、『天の川イルミネーション2026』開催中ということもあり、とってもロマンチックな素敵なシチュエーションで歌わせていただくことができ、幸せでした」と語る。 この日は、小野がプロデュースするオペラ歌手グループ「I BOCCIOLI（イ・ボッチョーリ）」の4人も出演。久々となる共演で息の合ったハーモニーを披露し、会場を沸かせた。東京タワーの夜景とオペラが融合した特別な一夜となった。 小野は「今回は私がプロデュースしているI BOCCIOLIメンバー4人との共演です。会場観覧は70人限定。今回は配信もありますので、会場に来られない方や遠方の方も、ぜひ2週間視聴できる配信でお楽しみください」と話している。 東スポWEB,[],[]
【久留米競輪】身長１４７センチで介護士から転身の緒方詩央里が地元で本デビュー（東スポWEB）,https://news.yahoo.co.jp/articles/7eaa248574d58dd2cc9d824bff16dcf592f3ccad,https://newsatcl-pctr.c.yimg.jp/t/amd-img/20260706-00394803-tospoweb-000-1-view.jpg?exp=10800,2026-07-06T16:15:33+09:00,2026-07-06T16:15:33+09:00,東スポWEB,tospoweb,東スポWEB,510,緒方詩央里が地元で本デビューする 久留米競輪でナイターF2「オッズパーク杯」が7日から開幕する。初日は5、6Rでガールズ戦が行われ、130期生の2人が本デビューを迎える。6Rでは緒方詩央里（27＝福岡）が登場する。 大学までは卓球に打ち込み、卒業後は介護士として勤務していた。しかし、心のどこかで「スポーツ選手になりたい」という思いを胸に抱き続ける中、「未経験でも挑戦できる」という競輪選手募集の広告を目にしたことが転機となり、一念発起。新たな競技への挑戦を決意し、競輪選手への道を歩み始めた。 身長は147センチとガールズケイリンでも最小クラスながら、そのハンディを感じさせない積極性が持ち味。ルーキーシリーズでは逃げ、まくりと展開に応じた自在なレースを見せて、3場所連続で決勝進出を果たすなど、高いポテンシャルを示してきた。 「練習はしっかりできました。力を出し切れるように頑張りたい。体は小さいけど、効率よくムダなく踏めるように研究してます」と工夫しながら本デビューに向けて準備してきた。小柄な体から繰り出される果敢な走りで新たな旋風を巻き起こせるか。小さな巨人の新たな物語が今、始まろうとしている。 東スポWEB,[],[]
つるの剛士　本田圭佑のライセンス論争に「その人だからこそ拓ける未来もあるんだろうなあ」（東スポWEB）,https://news.yahoo.co.jp/articles/57e7f8ead013c15cf4078e35236b204f0ae6b5a3,https://newsatcl-pctr.c.yimg.jp/t/amd-img/20260706-00394802-tospoweb-000-1-view.jpg?exp=10800,2026-07-06T16:05:24+09:00,2026-07-06T16:05:24+09:00,東スポWEB,tospoweb,東スポWEB,537,つるの剛士 タレントのつるの剛士が6日、Xを更新。元サッカー日本代表の本田圭佑が日本代表監督に立候補した話題に言及した。 日本代表監督に立候補した本田に対して、SNSではProライセンスの有無を問題視する声が出ている。これにタレントの武井壮がXで「経験や資格があるからなんなんだよ」「イチロー選手がチームを率いるのに資格なんか求めるか？」と投稿するなど擁護する意見もあり、論争となっている。 つるのは武井の投稿を引用。「以前、『高卒では保育士試験の受験資格がない』ことを吐露して、ずいぶん叩かれたことを思い出した」と振り返った。つるのは2022年に短期大学を卒業して幼稚園教諭免許（二種）を取得、保育士試験にも合格した。 続けて、「『やりたい』と口に出すところから人生は動き出すこと。学びのなかからさらに新しい道が現れること。何歳からでも人生は更新できること…を学んだ」と告白。 「資格を得て、さらなる経験を重ねていける無双感もたまらない」と資格の意義を指摘しつつも、「ただ、世界クラスのスポーツという、資格だけでは測れない特別な世界。その景色をみたことがある人にしか語れない経験や言葉、その人だからこそ拓ける未来もあるんだろうなあ。夢あるなあ！」とつづった。 東スポWEB,[],[]
【防府競輪・九州スポーツ杯争奪戦】先行にこだわる期待の若手・猿楽楓樹「レースの中でしか改善できないので…」（東スポWEB）,https://news.yahoo.co.jp/articles/1a83befe1283fe68dbbe90c1bc1208aa18458f06,https://newsatcl-pctr.c.yimg.jp/t/amd-img/20260706-00394801-tospoweb-000-1-view.jpg?exp=10800,2026-07-06T15:55:23+09:00,2026-07-06T15:55:23+09:00,東スポWEB,tospoweb,東スポWEB,607,猿楽楓樹は主導権取りに迷いナシ 2026年後期最初の防府競輪F1「創刊60周年 九州スポーツ杯争奪戦」は7日、開幕する。今シリーズは全国から強豪が集結。メインの特選12Rには競走得点110点オーバーが3選手もいてハイレベルな戦いは必至。予選にも将来性ある若手が名を連ね、中でも猿楽楓樹（25＝岡山）が注目を集める。 デビュー2年目のヤングが中国地区の救世主になる。127期の猿楽は昨年12月に3場所連続完全優勝でチャレンジを卒業。A級1・2班戦にステージ移行後も勢いはノンストップで4月岐阜、5月高知、同月小倉で1着を9つ並べて特別昇級で同期4番目（早期卒業の市田龍生都を含む）にS級レーサーの仲間入りを果たした。 182センチ、85キロの恵まれた体格と野球で培った体力から繰り出す馬力が魅力。師匠（日浅保幸）の教えで先行にこだわっている。S級昇格後の3場所10走で最終バックを先頭で通過した回数は7回。今は走ることが勉強で「課題は見えている。レースの中でしか改善できないので…」とラインを機能させる組み立てなど先行技術を磨き、体に沁み込ませている。 今回は急な追加参戦となり「バタバタ」とのことだが、まだ25歳。日ごろから調整なしで「疲れはため込んでいる」状態なら一晩寝れば大丈夫。当地は地区プロで来たことがあるが、競走では初めて。もちろんここでも内容重視。名前を売るためにも風を切って最後までだ。 東スポWEB,[],[]
【ドジャース】悲しみこらえデビューした新人捕手を母国の先輩・ロハスが支える　帽子に「強くいこう」のメッセージ（東スポWEB）,https://news.yahoo.co.jp/articles/d2a76e5aaf4c1d914e13d2be8062d720d469289e,https://newsatcl-pctr.c.yimg.jp/t/amd-img/20260706-00394800-tospoweb-000-1-view.jpg?exp=10800,2026-07-06T15:30:33+09:00,2026-07-06T15:30:33+09:00,東スポWEB,tospoweb,東スポWEB,894,エリエゼル・アルフォンゾ（ロイター） ドジャースのエリエゼル・アルフォンゾ捕手（26）が5日（日本時間6日）の本拠地パドレス戦でメジャーデビューした。母国ベネズエラで6月24日に発生した大地震でアルフォンゾの姉と継母がビル崩壊でことがこの日、判明。悲しみをこらえて夢の舞台に立ったルーキーを陰で支えていたのが同じベネズエラ出身のミゲル・ロハス内野手（37）だ。 スターティングラインアップの発表で球場に「アルフォンゾ」の名前がコールされると、アルフォンゾを抱きしめ、母国の後輩をフィールドに送り出した。「9番・捕手」で出場したアルフォンゾは2打数無安打で7回に代打を送られ、チームも2―5で敗戦。デビュー戦はほろ苦いものとなったが、ロハスは試合後に「Alfonzo Fuerza Matatán（アルフォンゾ、強くいこう、マタタン）」と書いたキャップをかぶって記者団の前に登場。「マタタン」とは元メジャーリーガーだったアルフォンゾの父、エリエゼル・アルフォンゾ・シニア氏の愛称で、かけがえのない家族を亡くしたアルフォンゾを励ました。 ロハスは「今日彼に降りかかったすべての出来事に対する彼の姿勢を誇りに思います。しかし同時に、この瞬間をどう捉えるべきか言葉にするのは難しいことです。家族を失うこと、特にあのような形で失うことは決して容易なことではありませんから。クラブとしてできることは、こうした困難な時に彼を支え、励ますことだけです」と語った。 ベネズエラ出身の選手は張り裂けそうな思いを抱えながら、必死にプレーしている。「この10日間、私はショックを受けていました」と明かすロハスは「特に、私の親しい家族も現地にいたからです。多くの友人や知人がこの状況に直面しています。現地で起きていることを置いてプレーを続けるのは本当につらいことです。プレーを止めるわけにはいかないと感じている一方で、精神的にここに集中し、その瞬間に全力を尽くし続けることは難しいことなのです」とも告白。そんな状況下にもかかわらず、戦いの舞台に立ったアルフォンゾに、ロハスは心からエールを送っていた。 東スポWEB,[],[]
【北中米Ｗ杯】メキシコベスト１６敗退でアギーレ監督が退任を発表　後任はアシスタントコーチ（東スポWEB）,https://news.yahoo.co.jp/articles/318b245428a1700c8e982253801d759053690a96,https://newsatcl-pctr.c.yimg.jp/t/amd-img/20260706-00394798-tospoweb-000-2-view.jpg?exp=10800,2026-07-06T15:10:26+09:00,2026-07-06T20:05:25+09:00,東スポWEB,tospoweb,東スポWEB,658,ハビエル・アギーレ監督（ロイター） サッカー北中米W杯でベスト16敗退となったメキシコのハビエル・アギーレ監督（67）が退任を発表した。 決勝トーナメント2回戦（5日＝日本時間6日、メキシコ市）、メキシコはイングランドに2―3で敗れ、1986年メキシコ大会以来9大会ぶりのベスト8進出はならなかった。 同国スポーツメディア「MedioTiempo」によると、試合後の記者会見でアギーレ監督は「夢はここで終わった。私は代表チームに、そしてエスタディオ・アステカ（同試合が行われたスタジアム）に別れを告げる。これがここでの最後の試合となった。長年を経て大きな誇りを胸に、そして私のサッカー人生の多くをここで過ごしたからこそ、万感の思いとともにこの場を去る」と語ったという。 また同メディアはアギーレ監督が「ラファエル・マルケスと熱い抱擁を交わした。これから素晴らしい4年間が待っている彼が後を引き継ぐことになる」と後任について明言したことも報じた。 マルケス氏は現役時代、スペイン1部バルセロナで数々のタイトルを獲得し、メキシコ代表DFとしても148試合に出場したレジェンド。2024年からはアギーレ監督のもとで代表のアシスタントコーチを務めており、監督就任は「継続性のある決定」と報道されている。 アギーレ氏はこれまで、スペイン1部アトレチコ・マドリードなどの監督を歴任。14～15年には日本代表を指揮した。メキシコ代表を率いるのは今回が3度目で、W杯にも3度挑戦したが、結果はいずれもベスト16だった。 東スポWEB,[],[]
【巨人】育成５位・知念大成が支配下昇格　恩師・橋上監督代行に即連絡も「『知ってるぞ』と…（笑い）」（東スポWEB）,https://news.yahoo.co.jp/articles/a7f51ccb3039555edbbab06c0ada8509a6d18ac4,https://newsatcl-pctr.c.yimg.jp/t/amd-img/20260706-00394795-tospoweb-000-1-view.jpg?exp=10800,2026-07-06T14:40:28+09:00,2026-07-06T14:40:28+09:00,東スポWEB,tospoweb,東スポWEB,639,知念大成 巨人は6日に育成ドラフト5位の知念大成外野手（26）と支配下選手契約を締結したことを発表。同日に都内にある球団事務所で会見を行った。背番号は「94」で年俸は420万円（金額は推定）。 知念はオイシックス時代の2024年にイースタン・リーグで首位打者を獲得すると、昨季は9本塁打66打点で打点王を獲得。今季から巨人に活躍の場を移すと、同リーグで17試合に出場し打率4割3分9厘と好調ぶりをアピールしていた。 スーツ姿で会見に出席した知念は「明日から一軍の戦力として、ジャイアンツの力になれるように、自分の持ってる力を最大限出したい。今後とも熱い声援よろしくお願いいたします」と緊張気味に挨拶。「支配下を目指して取り組んできて、途中でケガや調子が上がらないときもあったが、周りの方々にサポートしていただき何とか支配下を勝ち取ることできた。支配下になったからには結果を出して、ジャイアンツが優勝できるように頑張りたいと思います。また明日から準備して活躍したいと思います」と笑顔を見せながら決意を新たにした。 一軍の舞台では、オイシックス時代の恩師・橋上監督代行と再び肩を並べることとなる。支配下昇格を伝えられた5日にはすぐさま連絡を入れたという知念は「自分から『支配下になりました』と連絡したら『知ってるぞ』ときまして（笑い）。『一緒に頑張ろう』と声を掛けいただいて、自分も頑張ろうと思いました」と和やかな舞台裏を明かしながら、再度の共闘に期待感を膨らませた。 東スポWEB,[],[]
【飯塚オート・ＧⅡミッドナイトＣＣ】地元主力の長田稚也は前節のアドバンテージを生かしＧⅡレース連続優勝を目指す（東スポWEB）,https://news.yahoo.co.jp/articles/3eb76b5dbda8a84e47d57964d142cadafa7f8c6a,https://newsatcl-pctr.c.yimg.jp/t/amd-img/20260706-00394793-tospoweb-000-1-view.jpg?exp=10800,2026-07-06T14:35:23+09:00,2026-07-06T14:35:23+09:00,東スポWEB,tospoweb,東スポWEB,475,ＧⅡレース連続優勝を目指す長田稚也 飯塚オートのG2「ミッドナイトチャンピオンカップ」が6日、開幕する。10日までの5日間開催。これまでは7車立て9レース制で行われていたが、今回から7車立て12レース制で実施される。 2025年度の当地オーバーミッドナイトレース優勝者のランク上位から選出された初日メインの12R「ミッドナイトドリーム」で最重ハン最アウトに構えるのが長田稚也（25＝飯塚）だ。 3日制で行われた前節の当地普通開催は良走路で争われた初日、準決勝戦を1着でクリア。湿走路となった優勝戦は5着で今年5回目の優勝はならなかった。 「前節は初日があまり良くなくて、そこからセッティングをやり直して2日目はだいぶ良くなった。優勝戦は朝練習の感じは良かったけど、レースは追走いっぱいで仕掛けるには足りない感じだった。まずこのまま練習乗ってみて、セッティングの範囲で調整をする。タイヤも当てながら探す」 メンバーはワンランク上がるが、前節に当地走路を走れたアドバンテージを最大限に生かし、6月の川口記念に続きG2レース連続優勝を目指す。 東スポWEB,[],[]
「ワイルド・スピード」シリーズ完結編となる第１１作がクランクイン　公開予定は２０２８年３月（東スポWEB）,https://news.yahoo.co.jp/articles/77de3275842455015ca690ea77731f49135686cc,https://newsatcl-pctr.c.yimg.jp/t/amd-img/20260706-00394794-tospoweb-000-1-view.jpg?exp=10800,2026-07-06T14:35:23+09:00,2026-07-06T14:35:23+09:00,東スポWEB,tospoweb,東スポWEB,617,ヴィン・ディーゼル（ロイター） 25年の歴史を経て、世界的大ヒットシリーズ「ワイルド・スピード」の完結編となる第11作「ファスト・フォーエバー」（原題）がついにクランクインしたと米芸能ニュースサイト「デッドライン」が伝えた。 主演兼プロデューサーの米俳優ヴィン・ディーゼル（58）は先日、インスタグラムに舞台裏動画を投稿。その中で、「今、撮影現場。みんな懸命に取り組んでいて、素晴らしいスタッフだ」と紹介。続けて、「この3年半、われわれは最高に素晴らしいフィナーレを作り上げるために全力を尽くしてきた」と語った。 同シリーズは、ストリートレースに焦点を当てたカーアクション映画の金字塔とされ、配給のユニバーサル・ピクチャーズにとっては最大のフランチャイズ。これまで10作の総興行収入は58億ドル（約9382億円）を超える。 第1作「ワイルド・スピード」（2001年）から出演するディーゼルは、自身の出世作となったSFアクション映画「ピッチブラック」（2000年）のシリーズ第4弾「リディック4」の製作も控える中、現在は「ファスト・フォーエバー」でファンに納得のいく作品を届けることだけに集中していると強調した。 公開は2028年3月17日に予定されている。 そんな中、ディーゼルは以前、映画シリーズは終了するものの、ユニバーサルが「ワイルド・スピード」の世界観に基づいた4本のテレビ番組を企画していることを明かしていた。 東スポWEB,[],[]
スリムクラブ真栄田　沖縄の居酒屋で見かけた張り紙に驚き「考えたな。意味分かりますか」（東スポWEB）,https://news.yahoo.co.jp/articles/f695808a2c6a46f2d6353ed5b4f0ecb643ba8885,https://newsatcl-pctr.c.yimg.jp/t/amd-img/20260706-00394792-tospoweb-000-1-view.jpg?exp=10800,2026-07-06T14:30:34+09:00,2026-07-06T14:30:34+09:00,東スポWEB,tospoweb,東スポWEB,319,スリムクラブの真栄田賢 お笑いコンビ・スリムクラブの真栄田賢が6日「X」（旧ツイッター）を更新。沖縄の居酒屋で見た驚きの張り紙を紹介した。 真栄田は「沖縄の居酒屋の表に『明日からビール半額』と張り紙が」と投稿。 この張り紙について真栄田は「考えたな。意味分かりますか」とフォロワーに問いかけている。 これに、YouTuberのゆたぽんは「永遠に明日は来ない。来るのは今日だけ。勉強になりましたwww」とリプ。その他に「永遠に来ない明日」「一生『明日』のまま変わらない確信犯のやつじゃん」などといった声が寄せられている。 つまり、翌日になっても、張り紙は「明日から」のままで、いつまで経っても半額にならない…ということらしい。 東スポWEB,[],[]
【北中米Ｗ杯】ネイマールがＰＫでノルウェーＧＫにかけた言葉が判明「俺がナンバーワンだ！」（東スポWEB）,https://news.yahoo.co.jp/articles/04dd6c8f7b874915fa376d8b7c0330e0dcfcdb5c,https://newsatcl-pctr.c.yimg.jp/t/amd-img/20260706-00394791-tospoweb-000-3-view.jpg?exp=10800,2026-07-06T13:55:23+09:00,2026-07-06T15:25:25+09:00,東スポWEB,tospoweb,東スポWEB,928,ノルウェーのGKニランに言葉をかけるネイマール（ロイター） 北中米W杯決勝トーナメント2回戦（5日＝日本時間6日、米国・ニューヨーク）、ブラジルはノルウェーに1―2で敗れ、16強で姿を消した。 【動画】ノルウェーGKにアピールするネイマール 試合は後半にノルウェーの怪物FWアーリング・ハーランド（マンチェスター・シティー）に2得点を奪われる展開。ブラジルはFWネイマール（サントス）が試合終了間際に今大会初得点となるPKを決めて1点差としたが、同点に追いつく時間は残されていなかった。 このPKを巡っては、物議を醸す場面もあった。ネイマールはボールを蹴る前に、ノルウェーのGKエルヤン・ニラン（セビリア）に向かって何か言葉を投げかけ、ニランが言い返す。ネイマールはゴールを決めた直後にもGKに近づいて再び言葉をかけ、ニランがネイマールを押し返すしぐさを見せたのだ。この行動について、ネイマール側が相手を〝挑発〟したとも指摘されている。 英紙「ミラー」（米国版）は「読唇術の専門家が、PK後のネイマールがノルウェーGKに向けた発言を解読」と題する記事を掲載。「ネイマールとノルウェーGKニランの会話が読唇術の専門家によって解読された。両スター選手は互いの心理を揺さぶろうとしていた」と報じた。 記事では読唇術の専門家ニコラ・ヒックリング氏による分析を紹介。ネイマールはPKを蹴る前に「どこでも大丈夫だ」と語りかけると、ニランはノルウェー語で「さあ、来い」と返す。すると、ネイマールは「ネットへ」と付け加えたという。 さらに、同記事では「興味深いことに、ニランはブラジルのレジェンドのシュートを阻止しようとはほとんどせず、立ったままボールがネットに吸い込まれるのをただ見守っていたように見えた。ネイマールはゴールを決めた後、ニヤリと笑うニランに近づき『俺がナンバーワンだ！』と言ったが、ノルウェー人GKはふざけてネイマールを押し返した」と2人のやり取りを記述した。 実際に交わされた言葉と完全に一致しているかどうかは定かではないが、ネイマールが感情を高ぶらせていたことは確か。いずれにせよ、ブラジルのレジェンドは志半ばで大会を去ることになった。 東スポWEB,[],[]
【ＭＬＢ】７回まで完全試合の先発投手を降板させたマーリンズ監督に「恥を知れ！」大コール（東スポWEB）,https://news.yahoo.co.jp/articles/c08c392317be7e976d1de27b6e57005e1c283dcf,https://newsatcl-pctr.c.yimg.jp/t/amd-img/20260706-00394790-tospoweb-000-1-view.jpg?exp=10800,2026-07-06T13:50:25+09:00,2026-07-06T13:50:25+09:00,東スポWEB,tospoweb,東スポWEB,911,マーリンズのエウリー・ペレス（ロイター） マーリンズの先発投手が7回まで完全投球を続けながら降板させられ、大きな波紋を呼んでいる。5日（日本時間6日）の敵地アスレチックス戦に先発したマーリンズのエウリー・ペレス投手（23）は7回を終えた時点で92球を投げ、無安打、無四球と一人も走者を出さず、8奪三振の快投を披露。8―0で大量リードしており、パーフェクトゲーム達成の期待が高まった。 ところがクレイトン・マッカロー監督（48）は8回のマウンドに2番手のレイク・バガ―投手（31）を送り込み、完全試合は消滅。球場には「SHAME！（恥を知れ）」の大コールが沸き起こる異様なムードとなった。 試合後、指揮官は交代理由を「この試合に臨むにあたり『90球＋打者一人』という投球数があった」と現地メディアに説明。ペレスは右足の負傷で5月下旬に負傷者リスト（IL）入りしており、この日が復帰3戦目だった。 「レギュラーシーズン終了後も見据えて戦っていることを踏まえると妥当なラインだった。エウリーはその先を見据えた戦いにおいて重要な役割を担うことになるからね。彼を続投させたいという気持ちに心が揺さぶられる部分もあったが、エウリー自身のこと、球団のこと、チームのこと、そして今後も勝ち続けるために何が最善かを考えなければならなかった。だから、投球数の状況を考慮した上での、計算された決断として彼を降板させたんだ」 この決断にファンは納得がいかず、大荒れ。米メディア「ヘビー」は「間違った決断だった。若い投手がそんな歴史的瞬間を迎えるチャンスを奪うべきじゃない。マッカローは度胸がなく、ひどい監督だ」「あと25～30球投げたところで、彼の腕が壊れるわけじゃないだろう」「メジャーリーグの歴史上、24万試合以上が行われてきたが、完全試合が達成されたのはわずか24回だ。確率は文字通り0・0001％しかない。少なくとも走者を許すまでは彼を投げさせるべきだった」…とSNSにあふれる指揮官批判の声を掲載した。 なお、試合はマーリンズの救援陣が打ち込まれて8失点し、終わってみればマーリンズは9―8で辛勝という大味な結果となった。 東スポWEB,[],[]
【陸上】不破聖衣来が北海道マラソンに出走へ　ロス五輪見据え「ＭＧＣを確実に狙いたい」（東スポWEB）,https://news.yahoo.co.jp/articles/5bcf9339ee7d89025a0fadb8e5cb3487c181a97e,https://newsatcl-pctr.c.yimg.jp/t/amd-img/20260706-00394789-tospoweb-000-1-view.jpg?exp=10800,2026-07-06T13:35:22+09:00,2026-07-06T13:35:22+09:00,東スポWEB,tospoweb,東スポWEB,472,TOKYO-SPORTS 陸上の北海道マラソン（8月30日、札幌市大通公園発着）の招待選手が6日に発表され、女子1万メートルで日本歴代3位の記録を持つ不破聖衣来（三井住友海上）が名を連ねた。 拓殖大時代はケガに悩まされるも、今季は復調の兆しが見えている。マラソンデビューを見据えて活動しており、かねて北海道マラソンの出走を希望。「今後の合宿や走り込みだったり、ケガとかの具合によっては見送るかもしれないが、もし狙えればしっかりやっていきたい」と意気込んでいた。 2028年ロサンゼルス五輪はマラソンでの出場を目標に掲げる。同五輪代表選考会「マラソングランドチャンピオンシップ（MGC）」の切符獲得に意欲的で「マラソンの記録というよりは、本当に安定した練習の中で、しっかりMGCを確実に狙いたい」と展望を語っていた。 その他では男子は吉田響（サンベルクス）、湯浅仁（トヨタ自動車）、小山裕太（トーエネック）ら、女子は新谷仁美（積水化学）、北川星瑠（ユニバーサルエンターテインメント）、伊沢菜々花（スターツ）らが出走予定となっている。 東スポWEB,[],[]
【北中米Ｗ杯】イングランドがメキシコとの死闘制す　ケインはのどを嗄らす「ああ…言葉が出ないよ」（東スポWEB）,https://news.yahoo.co.jp/articles/35c45dd9ca83b48ef5719dad74372262fb05f4e8,https://newsatcl-pctr.c.yimg.jp/t/amd-img/20260706-00394787-tospoweb-000-2-view.jpg?exp=10800,2026-07-06T13:30:34+09:00,2026-07-06T13:40:25+09:00,東スポWEB,tospoweb,東スポWEB,724,ペナルティーキックを放つハリー・ケイン（ロイター） サッカーの北中米W杯決勝トーナメント2回戦（5日＝日本時間6日、メキシコ市）、イングランドはメキシコを3―2で下し、ベスト8進出を決めた。 悪天候のため1時間遅れで開始した一戦は、前半36分にイングランドが先制。FWブカヨ・サカ（アーセナル）の右サイドからのクロスを、MFジュード・ベリンガム（レアル・マドリード）が頭で合わせてゴールを決めた。直後の38分には、右からFWハリー・ケイン（バイエルン・ミュンヘン）がクロスを送り、ベリンガムが右足でダイレクトに押し込んで追加点を奪った。 一気に2点リードするが、42分に右サイドからのセットプレーのこぼれ球に反応したFWフリアン・キニョネス（アルカディシア）に失点を許す。さらに後半9分には、DFジャレル・クアンサー（レバークーゼン）がレッドカードで一発退場。数的不利になるも、同15分にはケインがPKを決め、今大会6得点目をマークした。 ところが、ケインは同24分にファウルで相手にPKを献上。1点差に迫られたが、最後は辛くも逃げ切った。 死闘を制し、ケインは場内インタビューで「本当にクレイジーなゲームだった」と振り返った。そして「最高だね！ 信じられないくらいの応援だよ」と喜びをあらわにしたが、試合で声を出し切ったことで、かすれた自身の声に思わず笑いが起きると「あぁ…言葉が出ないよ」と悲鳴を上げた。 この日のアステカスタジアムは標高2240メートルに位置する。メキシコはこの会場で、通算89試合で70勝17分2敗の記録を持っていた。イングランドにとって厳しい戦いになると予想されていたが、アウェーの地で見事に勝利をつかんだ。 東スポWEB,[],[]
内田有紀　役にのめり込みすぎて大ケガ「酔っぱらっているような芝居をずっとしていたら…」（東スポWEB）,https://news.yahoo.co.jp/articles/3b7c3732948a6565fe1a74b54c12cee203f14b1e,https://newsatcl-pctr.c.yimg.jp/t/amd-img/20260706-00394788-tospoweb-000-2-view.jpg?exp=10800,2026-07-06T13:30:34+09:00,2026-07-06T13:40:25+09:00,東スポWEB,tospoweb,東スポWEB,404,内田有紀 女優の内田有紀が、5日深夜放送の「突然ですが占ってもいいですか？」（フジテレビ系）に出演。演技のタイプを語った。 内田は、役から抜け出せなくなるタイプだという。主演した映画「クワイエットルームにようこそ」で、精神科閉鎖病棟に入院する女性を熱演した際を振り返って「気持ちが不安定になっていくという役だった」と説明。 「酔っぱらっているような芝居をずっとしていたら、家に着いて迎えの車から降りた時に、着地ができなくなった。自分の家の前で、膝ついて崩れ落ちて大ケガしたことがある」と明かした。 それは「『本来の自分ってどうだったかな？』って分からなくなることが、若い時あった」ためなのだそう。 今は「経験値でこれ以上、のめり込むと体を壊すなって思うから、『やーめた』ってなる」。 だからこそ「家帰ったら忘れよう。スタジオ出たらおいしいもの食べに行こうとか、切り替えるようになった」と語った。 東スポWEB,[],[]
ひろゆき氏　帰国した中田敦彦への批判に「中田氏より多額の税金を納めた者だけが石を投げなさい」（東スポWEB）,https://news.yahoo.co.jp/articles/45692377e0a86e3a9cb8f6712c6bba8d326fa136,https://newsatcl-pctr.c.yimg.jp/t/amd-img/20260706-00394786-tospoweb-000-6-view.jpg?exp=10800,2026-07-06T13:20:27+09:00,2026-07-07T01:25:22+09:00,東スポWEB,tospoweb,東スポWEB,436,ひろゆき氏(左)と中田敦彦 実業家のひろゆき氏が6日「X」（旧ツイッター）を更新。シンガポールから日本に帰国したお笑いコンビ・オリエンタルラジオに対する批判に言及した。 【写真】14年前 入籍会見を行った中田敦彦と福田萌 6年前にシンガポールに移住していた中田敦彦が、家族で日本に帰国していた。妻でタレントの福田萌が5日、インスタグラムで「家族で本帰国いたしました」と報告した。 中田一家の帰国に対しSNS上では「税金逃れでシンガポールに行って、最終的に日本の手厚い医療や教育にタダノリ」「日本は終わっていると言っておいてタイミングよく帰ってくるとか…」などと批判的な声が噴出している。 こうした声にひろゆき氏は「過去に中田敦彦氏より多額の税金を日本に納めた者だけが石を投げなさい」とピシャリと指摘。 続けて「社会保障にただ乗りするのは有害」という意見に「中田敦彦氏より低い税金・保険料を払ってる人も“ただ乗り“という事になります」と独自の見解を示している。 東スポWEB,[],[]
【ドジャース】監督不在で連敗脱出のパドレスに地元紙「パフォーマンス的暴挙」「大したことない」（東スポWEB）,https://news.yahoo.co.jp/articles/6c03243760b539bd31877f7f03207cbdea5dc9ab,https://newsatcl-pctr.c.yimg.jp/t/amd-img/20260706-00394785-tospoweb-000-2-view.jpg?exp=10800,2026-07-06T13:20:27+09:00,2026-07-06T13:30:34+09:00,東スポWEB,tospoweb,東スポWEB,766,パドレスのルイス・カンプサノ（左）とメイソン・ミラー（ロイター） ドジャースは5日（日本時間6日）、本拠地ロサンゼルスでのパドレス戦に2―5で敗れ、連勝が「3」でストップした。 打線が相手の投手陣をなかなか攻略できず、得点は5点ビハインドとなった7回に挙げたフリーランドと大谷の適時打のみ。打線全体でも4安打と振るわず、同地区のライバルに4連勝はならなかった。とはいえ、ナ・リーグ西地区の首位は安泰。パドレスは勝率5割復帰まであと1勝とし、2位タイに再浮上してきたものの実に14ゲーム差も引き離している。 地元紙「カリフォルニア・ポスト」（電子版）も余裕しゃくしゃくだ。8連敗中だったパドレスは初回の攻撃でタティスのハーフスイングのストライク判定を巡ってベンチがエキサイト。今季からチームを率いるクレイグ・スタメン監督（42）を含めた首脳陣2人がいきなり退場となり、試合は指揮官不在のまま行われた。その結果、皮肉にも連敗ストップとなり、同紙は「ここ2週間でドジャースに5連敗を喫したパドレスは、明らかに我慢の限界に達していたようだ」「不振に陥っているチームを奮い立たせるための一種のパフォーマンス的な暴挙だったようだ」と報じた。 また、ドジャースの敗戦についても「大局的に見れば大したことはない」とまったく相手にしておらず「（59勝の）ドジャースはメジャーリーグの最多勝を維持しており、ナ・リーグ西地区の優勝をほぼ確実視されている。2009年以来となるパドレス戦での4連戦スイープは逃してしまったものの、今週末に3勝を挙げたことで地区首位を固めただけでなく、このライバル対決のシーズン勝ち越しも確定させた」とあざ笑った。 わざわざ傷口に塩を塗るような伝え方は、かえってライバル関係の根深さを物語っているともいえそうだ。 東スポWEB,[],[]
【ドジャース】大谷翔平 ７回に適時打を放つも祝砲は打ち上げられず　チームは連勝ストップ（東スポWEB）,https://news.yahoo.co.jp/articles/0aa98e02203dfa367d7afd6ba0abcc71bc223e40,https://newsatcl-pctr.c.yimg.jp/t/amd-img/20260706-00394784-tospoweb-000-2-view.jpg?exp=10800,2026-07-06T13:10:24+09:00,2026-07-06T13:25:23+09:00,東スポWEB,tospoweb,東スポWEB,890,大谷翔平（ロイター） ドジャースの大谷翔平投手（32）は5日（日本時間6日）に本拠地ロサンゼルスでのパドレス戦に「1番・DH」で先発出場し、7回に中前適時打を放ち、3打数1安打1打点だった。打率2割8分8厘。チームは2―5で敗れ、連勝は3で止まった。 誕生日の祝福ムードをさらに盛り上げたのは1―5の7回二死一、二塁だった。4番手の左腕モレホンのフルカウントからの6球目、内角高めの100・4マイル（約161・6キロ）のシンカーに詰まらされるも中前に落として適時打とした。 この日は32歳の誕生日。MLB公式サイトは昨年まで誕生日は通算26打数3安打、打率1割1分5厘、1本塁打、1打点とあまり打っていない事実を伝えていた。 初回先頭は左腕シアーズのフルカウントからの6球目、外角の93・5マイル（約150・5キロ）のフォーシームに手が出ずに見逃し三振。 0―1の3回二死無走者は2球目を真ん中のスライダーを空振りした際にバットを一塁側のファウルゾーンに飛ばして苦笑いする場面もあった。結局、カウント2―2からの5球目、外角低めの81・5マイル（約131・2キロ）のスライダーに何とかバットを当てるも右飛に倒れた。 6回一死無走者は2番手の左腕・松井と対戦。ストレートの四球だった。 エンゼルス時代の2019年以来、2本目の誕生日弾は来年以降に持ち越しとなったが、試合に出場したことで不安を吹き飛ばした。 二刀流出場した3日（同4日）のパドレス戦で3打席目に右飛を放った際に右上腕二頭筋に違和感を覚えたため、途中交代。4日（同5日）の同戦は欠場した。試合前、ロバーツ監督は「引き続き様子は見る。ただ、トレーナー陣からは、以前感じていたような違和感はもう全く残っていないと聞いている。本人も普段どおりの状態だと感じている」と説明していた。打席での様子を見る限り、普段と変わらなかった。 メジャー通算300本塁打まで残り2本。オールスター戦（14日＝同15日・フィラデルフィア）前の6試合はすべて本拠地ドジャー・スタジアムで行われる。地元ファンの前で達成したいところだ。 東スポWEB,[],[]
【ＭＬＢ】メッツ後任監督は殿堂入りＯＢ最有力　〝本命〟コーラ氏はフィリーズに奪われる＝米報道（東スポWEB）,https://news.yahoo.co.jp/articles/89f5baf589b66f761d3f86a4b5c10f4845325c6a,https://newsatcl-pctr.c.yimg.jp/t/amd-img/20260706-00394783-tospoweb-000-1-view.jpg?exp=10800,2026-07-06T13:05:23+09:00,2026-07-06T13:05:23+09:00,東スポWEB,tospoweb,東スポWEB,661,カルロス・ベルトラン氏 米大手紙「USA TODAY」は5日（日本時間6日）、メッツの後任監督はレジェンドOBのカルロス・ベルトラン氏（49）が最有力だと報じた。 ナ・リーグ東地区最下位に低迷するメッツは6月26日（同27日）にカルロス・メンドーサ監督（46）を解任。育成部門の本部長だったアンディ・グリーン氏（48）が監督代行を務めている。後任監督は4月にレッドソックスの監督を解任されたアレックス・コーラ氏（50）が有力とされていた。 同紙のボブ・ナイチンゲール記者は「ニューヨーク・メッツはアレックス・コーラを次期監督に迎えたいと強く望んでいるが、コーラはフィリーズ入りすると見られている。彼は以前、4月28日に解任されたロブ・トムソンの後任としてのフィリーズからのオファーを断っていたが、その後フィリーズはドン・マッティングリーを起用した」と〝本命〟コーラ氏はフィリーズの監督に就任すると指摘。「今冬、暫定監督のアンディ・グリーンがフロントオフィスに戻る際、メッツの空席となる監督の座には殿堂入り選手のカルロス・ベルトランが最有力候補として挙がっている」と伝えた。 ベルトラン氏は現役時代、435本塁打、312盗塁をマークしてスイッチヒッターとして史上初めて「300―300」を達成。今年1月に野球殿堂入りを果たした。2019年オフには古巣メッツの監督に就任したが、アストロズ時代の17年シーズンに起こったサイン盗み事件で首謀者だったことが発覚し、一度も指揮を執ることなく翌20年1月に退任している。 東スポWEB,[],[]
【北中米Ｗ杯】ハーランド不敬？　アレクサンドラ王女とパンイチで抱擁も「王室お墨付き！」（東スポWEB）,https://news.yahoo.co.jp/articles/7333e0f2c3aee88f7c5a3c51fb310797e8b48793,https://newsatcl-pctr.c.yimg.jp/t/amd-img/20260706-00394781-tospoweb-000-6-view.jpg?exp=10800,2026-07-06T12:20:30+09:00,2026-07-06T21:40:23+09:00,東スポWEB,tospoweb,東スポWEB,661,ブラジル戦で大暴れしたアーリング・ハーランド（ロイター） サッカーの北中米W杯決勝トーナメント2回戦（5日＝日本時間6日、米国・ニューヨーク）でノルウェーFWアーリング・ハーランド（25＝マンチェスター・シティー）がブラジルを相手に2ゴールを決め、王国撃破に貢献。試合後、イングリッド・アレクサンドラ王女（22）と裸でハグしたことが話題となっている。 【動画】試合後のロッカールームを訪れ、ハーランドを祝福するアレクサンドラ王女 英紙「デーリー・メール」は「満面の笑みを浮かべ、上半身裸のハーランドはノルウェーを準々決勝に導いた後、アレクサンドラ王女に抱きしめられた」と報道。史上最多5度のW杯優勝を誇るブラジルを撃破した自国イレブンを祝うため、ロッカールームを訪問した同王女が〝パンイチ〟姿のエースに抱き付く写真も公開された。 同紙は「選手たちがロッカーで祝勝ムードに包まれていると、いずれノルウェー女王となるアレクサンドラ王女が祝福の言葉を伝えに訪れて、選手たちは驚きを隠せなかった。王女は選手一人ひとりと話をし、たとえ半裸状態だったとしてもスター選手のハーランドとすぐにハグをした」という。不敬との声も出かねないところだが、わざわざ「王室お墨付き」とも伝えていた。 ハーランドは「私たちは前進し続けました。若い人たち全員に、ノルウェー代表としてプレーすることが人生でもっとも誇らしいことだと気づいてくれることを願っています」と語っていたが、王女自らの激励を受けたことで、さらなる快進撃が期待できそうだ。 東スポWEB,[],[]
【ドジャース】10勝も球宴落選ロブレスキが悔しさ激白「闘志に火をつけてくれた」（東スポWEB）,https://news.yahoo.co.jp/articles/4717e312bf8968fbbb77c413f0192291e86940ee,https://newsatcl-pctr.c.yimg.jp/t/amd-img/20260706-00394780-tospoweb-000-2-view.jpg?exp=10800,2026-07-06T12:05:23+09:00,2026-07-06T12:20:30+09:00,東スポWEB,tospoweb,東スポWEB,509,ジャスティン・ロブレスキ（ロイター） MLBオールスター（14日＝日本時間15日、フィラデルフィア）にドジャースからはすでに大谷翔平投手（31）、山本由伸投手（27）、フレディ・フリーマン内野手（36）、マックス・マンシー内野手（35）、アンディ・パヘス外野手（25）の5選手が選出されている。 一方、リーグ2位タイの10勝（2敗）をマークしている先発のジャスティン・ロブレスキ（25）が落選し、米メディアが「不運すぎる」と報じるなど波紋が広がっている。 そんな左腕は地元紙「オレンジ・カウンティ・レジスター」に現在の心境を告白。「ああ、もちろん悔しいよ」と切り出したロブレスキは「オールスター選手になりたいというのは当然の思いだし、実際に選ばれるかどうかは別としても、候補として名前が挙がるだけの活躍はしてきたと感じていたからね」と続けた。 さらに「選出されなかったことは、間違いなく今年の残りのシーズンに向けた闘志に火をつけてくれました。どの登板でもマウンドに上がり、自分にはその資格があること、そして今後チームを担う選手の一人になることを証明してみせます」と落選の悔しさを糧にさらなる飛躍を誓った。 東スポWEB,[],[]
さすらいラビーが１７日に初の単独ライブ「ヒトバカ」開催　追加公演は固辞　責任とれません（東スポWEB）,https://news.yahoo.co.jp/articles/06edec751ff527e115fef0cb8b3aa323996bb2cc,https://newsatcl-pctr.c.yimg.jp/t/amd-img/20260706-00394774-tospoweb-000-1-view.jpg?exp=10800,2026-07-06T12:00:35+09:00,2026-07-06T12:00:35+09:00,東スポWEB,tospoweb,東スポWEB,1611,ポーズを決める宇野（左）と中田 ブレーク間近と目されるお笑いコンビ「さすらいラビー」（宇野慎太郎＝34、中田和伸＝34）が7月17日に東京・座高円寺2でコンビ初となる単独ライブ「ヒトバカ」を開催する。2人は大学お笑いで出会った高学歴コンビ。「真空ジェシカ」「ママタルト」ら学生時代から親交のあるお笑いサークル出身芸人と切磋琢磨し、今年さらなる飛躍を目指す――。 単独ライブではネタはもちろん、オープニングやエンディング、幕間の映像なども自ら手掛けなければならない。開催も迫り、てんやわんやの毎日だ。 中田は「“楽しみな夜”と“やるって言わなきゃよかったと後悔する夜”が交互にやってきてます」と正直に吐露。 「普段は幕間の映像が面白くなくても『これはチケット代には含まれていません』って言って逃れてるんですけど、今回は完全に含まれているので。やるからにはきちんとしたものをつくらないといけない」 細部までこだわり抜いて鋭意制作中だ。 タイトルは「ヒトバカ」。霊や怪物ではなく、人間そのものを怖がるホラーのジャンル「ヒトコワ」から着想を得たもので「人間ってバカだな」と笑い飛ばす感覚を軸にしたという。宇野は「ヒトバカとは何だったのかと考えることも楽しんでもらえるライブになると思います」と説明した。 現状の予定枚数はすぐに完売。配信チケットが絶賛発売中だ。先輩芸人らから、公演の追加も勧められたが「埋まらなかったら責任取れるの？」と固辞した。今回の初単独ライブまで12年間温めたため、ファンの期待値も高まっている。宇野は「プレッシャーはありますが、ハードルを越えて『いい単独ライブだった』と言っていただけるようにやりたい」と力を込めた。 2人の出会いは学生お笑い。別々のサークルに属していたが、プロを目指すことを前提に在学中にコンビを結成した。中田が一橋大学卒、宇野が青山学院大学卒と高学歴コンビでもある。有名企業などでキャリアを築く選択肢もあったなかで、お笑いのプロを目指した。優秀な同級生に囲まれていたという中田は「この友人たちと渡り合うには違うベクトルで大きくなるしかない。負けたくないと思ったときに自分はお笑いだな、と思いました」と回顧。宇野も「サークルの1つ上に『真空ジェシカ』のガクさんがいたんです。この人たちとずっと面白いことをやっていたいと思ったのが一番ですね」と振り返った。 M―1グランプリ5年連続決勝進出の「真空ジェシカ」、2年連続決勝進出の「ママタルト」、同じ太田プロ所属の「ストレッチーズ」など、原点であるお笑いサークル時代に知り合った芸人とは、ユニットライブを開催するなど今でも交流が続いている。中田は「大学時代に隣でふざけ合ってた人たちと今も一緒にやることができている。いつまでつるむんだよと思ってた時期もあったんですけど、何周もして今はステキなことだなと思ってます」と照れ笑いを浮かべながら明かした。 今年は中田がピン芸人日本一を決めるR―1で決勝進出を果たした。この良い流れに乗りたいところ。コンビ結成15年以内という出場資格のM―1グランプリにも2人は「ケリをつけたい」と口をそろえるが、まずは目の前のライブに全力投球するつもりだ。宇野は「まずは単独ライブを成功させることが一番です。それが後に控える賞レースにもつながると思っています」と力を込めた。 ☆さすらいラビー 宇野慎太郎（うの・しんたろう）1991年12月17日生まれ。東京都出身。中田和伸（なかだ・かずのぶ）1991年9月9日生まれ。東京都出身。大学在学中にコンビ結成。2012年に関東大学生漫才グランプリで優勝した。16年に太田プロエンタテインメント学院を卒業。漫才・コントともに定評がある。フジテレビ系「ツギクル芸人グランプリ2025」準優勝。stand．fmでラジオ「さすらいラビーのオーライパパ」が配信中。 東スポWEB,[],[]
【ドジャース】ロバーツ監督　球宴に選出されなかった左腕ロブレスキに「いい知らせが届くことを願っている」（東スポWEB）,https://news.yahoo.co.jp/articles/4c1554a1de3b22cb44648b83fa48db897398d779,https://newsatcl-pctr.c.yimg.jp/t/amd-img/20260706-00394778-tospoweb-000-1-view.jpg?exp=10800,2026-07-06T11:50:25+09:00,2026-07-06T11:50:25+09:00,東スポWEB,tospoweb,東スポWEB,832,デーブ・ロバーツ監督（右＝ロイター） ドジャースのデーブ・ロバーツ監督は5日（日本時間6日）の本拠地ロサンゼルスでのパドレス戦前の会見でオールスター戦（14日＝同15日・フィラデルフィア）に選出されなかったジャスティン・ロブレスキ投手（25）について語った。 【写真】ロバーツ監督も実績を認めるジャスティン・ロブレスキ ドジャースからオールスター戦にファン投票でDHで大谷翔平、一塁でフリーマン、三塁でマンシー、外野でパヘス、MLB推薦で山本由伸が選ばれた。しかし、チーム最多の10勝（2敗）を挙げ、防御率2・80のロブレスキは選出されなかった。 ロバーツ監督は「声を掛けたか」と問われ、「もちろん、彼にもタナー（・スコット）にも話した。2人とも十分に選ばれるだけの実績があると思っている。投手は辞退者が出ることもあるからね。今は目の前のことに集中して、どこかのタイミングでいい知らせが届くことを願っている」と語った。 今季の活躍については大絶賛した。「本当に目覚ましい。まだメジャーに来て1年少し（実際は3年目）だけど、その成長ぶりは驚くべきものだ。現時点で10勝を挙げて、チームのためにこれだけの働きをしている。チームの最低ラインを引き上げただけじゃなく、天井まで押し上げてくれている。本当に素晴らしい。まだ伸びしろもあるし、準備をとても大切にする選手だ。本当に競争心が強い」 選手に選出されたことを伝える心境を問われるとこう笑みを見せた。 「最高だよ。選手たちにとっては大きな勲章だからね。フレディは10回目、ショウヘイは6回目、マンシーは3回目、ヨシノブは3回目（2回目）だったかな。アンディ（・パヘス）は初選出だ。これは選手本人だけじゃなく、家族や友人にとっても大きな出来事だ。一度選ばれたという事実は一生消えない。そういう知らせを自分がクラブハウスで伝えられるのは、本当にうれしいことだ」 指揮官はロブレスキに朗報を伝えることを願っている。 青池奈津子,[],[]
勝村政信　ブラジル戦２ゴールの怪物ＦＷ対策について南野拓実の言葉を紹介「ハーランドは無理です」（東スポWEB）,https://news.yahoo.co.jp/articles/81bb058a36713dc546bbfab76433e12c22c2c475,https://newsatcl-pctr.c.yimg.jp/t/amd-img/20260706-00394773-tospoweb-000-3-view.jpg?exp=10800,2026-07-06T11:40:25+09:00,2026-07-06T12:05:23+09:00,東スポWEB,tospoweb,東スポWEB,522,勝村政信 俳優の勝村政信が6日「X」（旧ツイッター）を更新。怪物・ハーランドに言及した。 サッカー北中米W杯の決勝トーナメント2回戦で、ノルウェーがブラジルを2ー1で破り、同国初のベスト8進出を果たした。ノルウェーは怪物FWアーリング・ハーランドが2ゴールを決め、改めて凄まじい決定力を見せつけた。 【動画】華麗なシュートを決めた怪物FW 大のサッカー好きの勝村は「以前都並さんが、大きな選手と競り合う時は『相手を先に飛ばせる。どんなに大きくて重い選手でも、空中に飛んだ状態なら勝てます』と、教えてくれた。なるほどと思った」と以前、元日本代表の都並敏史氏から聞いた言葉を紹介。 勝村はこの話を日本代表・南野拓実にしたところ「南野くんは少し微笑んで『ハーランドは無理です』その言葉を久しぶりに思い出した」とハーランドの2ゴールを見て、南野の言葉を思い出したという。特に1点目のヘディングでのゴールはブラジルのDFを吹き飛ばして豪快に決めたもので、ハーランドの驚異的な身体能力を見せつけた。 南野はザルツブルク（オーストリア）時代、ハーランドとチームメイト。195センチ、88キロの巨漢FWのハーランドの凄さを知る日本人選手と言える。 東スポWEB,[],[]
日本代表ＧＫ・鈴木彩艶「あさイチ」で博多大吉驚かす「コメントの速さ凄い」（東スポWEB）,https://news.yahoo.co.jp/articles/9c57a5311a051be55aa3edd6a6f8fbbaa9e648dd,https://newsatcl-pctr.c.yimg.jp/t/amd-img/20260706-00394771-tospoweb-000-2-view.jpg?exp=10800,2026-07-06T11:25:23+09:00,2026-07-06T17:30:37+09:00,東スポWEB,tospoweb,東スポWEB,704,日本代表ＧＫ・鈴木彩艶 サッカーW杯北中米大会に出場した日本代表GKの鈴木彩艶が6日、NHK「あさイチ」に生出演。その語りにMCの博多大吉が驚きのコメントを発した。 番組終盤、大吉は「キーパーの反応の速さみたいな話させてもらいましたけど、コメントの速さすごいですね」と鈴木に水を向け、こう続けた。 「正直ほとんど打ち合わせしていないというか、ほぼ台本ないんですよ、今日。全部によどみなく…」 鈴木奈穂子アナウンサーが「（打ち合わせ）してないんですよ。（台本ほぼなしも）そうなんですよ」と相槌。「それがキーパーとしてのやり方というか」と鈴木が返すと、出演者たちが「うわ～」と沸いた。カメラは正面から表情をとらえており、博多華丸が「目線もちゃんとカメラ目線ですごいなと思います」と指摘した。 出演の感想を問われると、「こんなに朝から野菜のこと、サラダのこと考えることはなかったので、新鮮な気持ちになりました」と放送内容に関連して即答。華丸が「新鮮」という言葉から「サラダだけに」とツッコむと、「サラダだけに」と応じた。番組出演を「本当に楽しくやらせていただきました」と振り返った。 冒頭のあいさつでは、大吉に「なんで来てくれたんでしょうか」と尋ねられ、「たくさんの方々が見ている番組だとおうかがいしたので。今回のワールドカップ、本当にたくさんの方々に応援いただいて、その感謝という意味を込めて、そして今後も応援していただきたいなという思いで今日お邪魔させていただきました」と答えた鈴木。大吉は「彩艶さん、絞りに絞って、出る番組2番組のうちの1番組」が「あさイチ」だと明かし、出演者一同感謝していた。 東スポWEB,[],[]
【ドジャース】守護神ディアスが違法闘鶏疑惑に〝潔白〟主張「違法なことは何もしていない」（東スポWEB）,https://news.yahoo.co.jp/articles/2e83ca4a1124bfbeedb7e446da3b634a96ea3e9f,https://newsatcl-pctr.c.yimg.jp/t/amd-img/20260706-00394772-tospoweb-000-1-view.jpg?exp=10800,2026-07-06T11:25:23+09:00,2026-07-06T11:25:23+09:00,東スポWEB,tospoweb,東スポWEB,602,エドウィン・ディアス（ロイター） ドジャースの守護神、エドウィン・ディアス投手（32）が5日（日本時間6日）、自身にまつわる違法行為への関与を否定した。 ディアスは4月下旬に右ヒジの関節遊離体（通称・ネズミ）の除去手術を受けて現在は離脱中。この日はリハビリの近況や復帰への見通しを語ったが、地元紙「カリフォルニア・ポスト」など多くの米メディアがフォーカスしたのは米国で違法となっている闘鶏に関するスタンスだった。 離脱後の5月中旬に全国紙「USA TODAY」などが報じたもので、母国のプエルトリコで伝統的な娯楽となっていた闘鶏に全米で禁止された2019年以降も関わっている可能性があると指摘。闘鶏クラブの広告に登場していることなどを動物愛護団体が問題視し、MLB機構に調査を求める文書を提出したという。 そしてディアスはこの日、「違法なことは何もしていない。だから彼ら（MLB側）は僕に連絡してこなかった」と肉声で〝潔白〟を主張。周囲の雑音を意に介さず「チームの勝利に貢献したいだけだ」と言い切った。 ディアスは昨季不安定だったクローザーのポジションを埋める救世主として期待され、3年総額6900万ドル（約108億円＝当時）でドジャースに加入。移籍1年目の今季の登板は現状で7試合にとどまり、4セーブ、防御率10・50の成績でシーズン後半、10月のポストシーズンでの活躍を求められている。 東スポWEB,[],[]
【北中米Ｗ杯】ブラジル敗退にＳＮＳ騒然「塩貝の言う通りじゃん」「日本が強くないことを証明」（東スポWEB）,https://news.yahoo.co.jp/articles/6ab987d5b8358520b08411201198b5d24dfb67db,https://newsatcl-pctr.c.yimg.jp/t/amd-img/20260706-00394770-tospoweb-000-2-view.jpg?exp=10800,2026-07-06T11:20:27+09:00,2026-07-06T11:40:25+09:00,東スポWEB,tospoweb,東スポWEB,696,敗れたブラジル…ネイマール（中）は引退を示唆（ロイター） 北中米W杯決勝トーナメント2回戦（5日＝日本時間6日、ニューヨーク）、〝王国〟ブラジルはノルウェーに1―2で敗れて、16強で敗退となった。〝怪物〟ことFWアーリング・ハーランド（マンチェスター・シティー）に2ゴールを許した。 【写真】ひざまずき号泣するネイマール これでノルウェーに対し、5戦未勝利（2分け3敗）と最悪の相性。途中出場し、後半アディショナルタイムにPKを決めて、一矢報いた10番のFWネイマール（サントス）は試合後、ピッチに座り込んで号泣し「ここで始まり、ここで終わりだ」引退を示唆。2002年日韓W杯以降、優勝から遠ざかっていることもあって、国民もイレブンも大きなショックを受けていた。 また、森保ジャパンが1回戦でブラジルに負けたこともあって日本のファン、サポーターも騒然。SNSやネット上では「ハーランド、えぐすぎだろ」「ブラジルの力負け」「今のブラジルなんて、こんなもの」「塩貝（健人＝ボルフスブルク）が言っていたと通りじゃん」「塩貝の発言が正しいと再認識されているけれども」「ネイマールは見ていて悲しかったですね」などの声が出ていた。 さらに「ブラジル負けたか。日本に苦戦しているようじゃね」「ブラジルが優勝して『日本は準優勝だ』って言いたかったのに」「負けたブラジルに負けた日本」「日本が強くなっていないことが証明された」「日本相手にイキっていたのにな」「昔の強いイメージはないね」「日本にもハーランドがいたら勝てたんじゃない？」「日本戦で燃えつきたのかな」などという意見も書き込まれていた。 東スポWEB,[],[]
【北中米Ｗ杯】韓国次期監督はパウロ・ベント氏の再登板が最有力　辞任した洪明甫監督の後任＝現地報道（東スポWEB）,https://news.yahoo.co.jp/articles/d7a358468866eb94d9c34269c8e891c67a562ec4,https://newsatcl-pctr.c.yimg.jp/t/amd-img/20260706-00394768-tospoweb-000-1-view.jpg?exp=10800,2026-07-06T11:05:23+09:00,2026-07-06T11:05:23+09:00,東スポWEB,tospoweb,東スポWEB,897,パウロ・ベント氏（ロイター） 北中米W杯1次リーグで敗退した韓国代表の次期監督に、パウロ・ベント氏の再登板が有力視されている。今大会で同国代表を率いていた洪明甫（ホン・ミョンボ）監督はチームの惨敗を受けて辞任を表明していた。 ベント氏は2018年に韓国代表監督に就任し、2022年カタール大会でベスト16に導いた。その後は23年からUAE（アラブ首長国連邦）の代表監督となったが、成績不振で昨年に解任されている。 韓国メディア「スターニュース」は「パウロ・ベント氏が次期韓国代表監督に応募」と題する記事を掲載。「W杯のグループリーグ敗退という残念な結果を受け、2022年カタールW杯で韓国を歴史的なベスト16進出に導いたパウロ・ベント氏（ポルトガル）が、韓国代表の次期監督候補として有力視されている」と報じた。 同記事では「代表チームの状況に詳しい複数の情報筋が最近スターニュースに語ったところによると、ベント氏は韓国代表監督のポストに応募したとのことだ。調査によると、ベント監督を含む複数の外国人監督がこのポストに関心を示していることが確認された」と報道。「2027年のアジアカップが来年1月にサウジアラビアで開催される予定であることを考えると、新監督がチームに慣れるための時間は全くない。新たな環境に適応する必要なく、韓国サッカーの現状を既に理解している監督が求められる状況において、ベント氏の応募はまさにこの現実的な選択肢に合致している」と記した。 さらに「2018年8月に韓国代表監督に就任し、2022年12月までチームを率い、代表史上最長の監督在任期間を記録した」「2022年カタールW杯において、自国ポルトガルを破る劇的な勝利を収め、韓国代表を史上2度目となるアウェーでの決勝トーナメント進出に導いた」と実績を強調。 その上で「ベント監督は先日、国内メディアとのインタビューで、韓国サッカーへの揺るぎない愛情と信頼を表明した。『今は非常に困難な時期ではありますが、選手たちがこの試練を乗り越え、再び人々に喜びをもたらしてくれると確信しています』と述べた」と付け加えた。 東スポWEB,[],[]
【ドジャース】大谷翔平 〝飛距離十分〟のバットすっぽ抜けに実況「ボールを飛ばしてほしい」（東スポWEB）,https://news.yahoo.co.jp/articles/f03e48131cebb727a1489ceea7d96fadaeebdc8a,https://newsatcl-pctr.c.yimg.jp/t/amd-img/20260706-00394765-tospoweb-000-1-view.jpg?exp=10800,2026-07-06T10:40:24+09:00,2026-07-06T10:40:24+09:00,東スポWEB,tospoweb,東スポWEB,496,バットがすっぽ抜けた大谷翔平（ロイター） ドジャース・大谷翔平投手（32）が5日（日本時間6日）、本拠地ロサンゼルスでのパドレス戦に「1番・DH」で先発出場し、バットが思いっ切りすっぽ抜けるハプニングが発生した。 両手で握られたはずのバットがどこかへ消え、大谷の視線も思わずさまよった。3回二死無走者で迎えた第2打席で相手先発左腕・シアーズが投じた2球目をフルスイング。豪快な空振りとなってボールは捕手のミットに収まったが、バットはクルクルと回転して一塁側のファウルゾーンへ…。大谷も苦笑いを浮かべたものの、その〝飛距離〟もまた規格外だった。 一塁コーチャーズボックスのはるか後方へノーバウンドですっ飛んでいき、「NHK BS」で解説を務めた山下大輔氏も「珍しいですね。初めて見ました」とビックリ。「ホームランもよく距離が出ますけど、バットを投げても距離は出てますね。フフッ」と含み笑いを浮かべながら解説した。 もっとも、ファンが期待するのは特大アーチ。実況の冨坂和男アナウンサーは「今度はバットじゃなくてボールを飛ばして沸かしてほしいですね」と冷静な〝ツッコミ〟を入れていた。 東スポWEB,[],[]
【北中米Ｗ杯】レジェンドのイブラヒモビッチ氏「ノルウェーは美しくプレー。ブラジルは…」（東スポWEB）,https://news.yahoo.co.jp/articles/045cef13659b4fcffbff903457c9df36b3e30e62,https://newsatcl-pctr.c.yimg.jp/t/amd-img/20260706-00394764-tospoweb-000-2-view.jpg?exp=10800,2026-07-06T10:35:23+09:00,2026-07-06T11:05:23+09:00,東スポWEB,tospoweb,東スポWEB,532,ズラタン・イブラヒモビッチ氏 北中米W杯決勝トーナメント2回戦、ノルウェーは王国ブラジルを2―1で下し、史上初のベスト8進出を決めた。 ノルウェーはベスト16で終えた1998年フランス大会以来、7大会ぶりに出場。接戦が予想されたが、後半34分と45分にFWアーリング・ハーランド（25＝マンチェスター・シティー）が圧巻の2ゴールを決めて勝利に導いた。 この快勝劇に、世界を席巻した元スウェーデン代表FWのズラタン・イブラヒモビッチ氏は米メディア「FOX SPORTS」でこう評価した。ノルウェー紙「Dagbladet」によると「ノルウェーは（3位の）94年のスウェーデンを思い出させるね。どこまで行けるか見てみよう。でも同じように、ここで彼らにとって忘れられない夏になるかもしれない。ノルウェーは〝ジョガボニート〟をプレーした。ブラジルはジョガ…何ていうか分からないけど、そういうプレーをしていた」と評価した。 この「ジョガボニート」はポルトガル語で「美しくプレーする」を意味する。ブラジルサッカーのスタイルやその精神を表す言葉として使われるが、イブラヒモビッチ氏の目にはノルウェーはそのスタイルを体現し、ブラジルは失ってしまったように見えたようだ。 東スポWEB,[],[]
テレビ番組の〝タレント学歴フィルター〟に乙武洋匡氏が疑問視　「シンプルにダサい」（東スポWEB）,https://news.yahoo.co.jp/articles/7b8def39df86c9ea91e31236183aa0dcea5dc9bf,https://newsatcl-pctr.c.yimg.jp/t/amd-img/20260706-00394766-tospoweb-000-1-view.jpg?exp=10800,2026-07-06T10:30:34+09:00,2026-07-06T10:30:34+09:00,東スポWEB,tospoweb,東スポWEB,628,乙武洋匡氏 作家の乙武洋匡氏が5日、X（旧ツイッター）を更新し、テレビ番組での〝学歴フィルター〟を疑問視した。 「ふらりと入った定食屋で流れているテレビ番組を何気なく観ていたら、『慶應大学卒』『同志社大学卒』など高学歴と言われるタレントさんにだけテロップ表示が出て、そうでない人には出ない。同じ芸人さんでも、大学名が出る人と出ない人がいる」と切り出し、「なんか気持ち悪いなと」と私見を表す。 番組側の意図を「『このタレントさんは高学歴なので、発言に信憑性がありますよ』という番組なりの権威付けなんですかね」と分析した。 その上で「『我々制作陣は、学歴に影響を受けやすいタイプの人間ですよ』という告白でもあり、シンプルにダサいなと」と疑問視する。 「普段からテレビを見る習慣があれば、気にならないものなんですかね？」とした。 ネットユーザーから「テレビにはたくさんの人が出るので、誰がどんな人か分からないので、見た人がすぐに判断できるレッテルとして使いやすいものを出してるのかもですね…。学歴や受賞歴などは権威付けとして使いやすいのかもです」と指摘されると、「たしかに『ひと目でわかりやすいレッテル』としては有効かもしれないですね。（乙武洋匡・バツイチ）」と返信。 乙武氏は2016年9月に離婚を発表しており、自虐を交えて自ら〝レッテル〟を貼ってみせた。 学歴フィルターは、民間企業が採用試験で入社志望者の学歴を判断材料の一つとすることを指す。 東スポWEB,[],[]
【北中米Ｗ杯】ネイマールがひざまずき号泣　代表引退も示唆「ここで始まり、ここで終わった」（東スポWEB）,https://news.yahoo.co.jp/articles/ec279b0eba465b5ba738cfdf4b10f02732cd6fa0,https://newsatcl-pctr.c.yimg.jp/t/amd-img/20260706-00394763-tospoweb-000-2-view.jpg?exp=10800,2026-07-06T10:25:24+09:00,2026-07-06T11:05:23+09:00,東スポWEB,tospoweb,東スポWEB,466,ピッチにひざまずき号泣するネイマール（ロイター） サッカーブラジル代表FWネイマール（サントス）が自身の去就について言及した。 北中米W杯決勝トーナメント2回戦（5日＝日本時間6日、米国・ニューヨーク）でブラジルはノルウェーに1―2で敗れた。ネイマールは0―0の後半22分でピッチに立ち、0―2の後半アディショナルタイムのPKで今大会初得点となる1ゴールを決めた。 試合終了後はピッチにひざまずき、大粒の涙を流した。この日の舞台は、ネイマールにとって2010年に米国との親善試合で代表デビューを果たした地だ。ブラジルメディア「グローボ」によると、ネイマールは「頑張った、本当に頑張った。これで終わりだ。ここで始まり、ここで終わった」と語ったと伝えた。 同メディアによると、ネイマールは130試合で80ゴール58アシストを挙げてキャリアを終えることになるという。 ネイマールは負傷を抱えながら、今大会で約3年ぶりに代表に復帰。4大会連続でW杯を迎えたが、自身が出場した中での最高成績は14年の母国開催のベスト4となった。 東スポWEB,[],[]
【北中米Ｗ杯】ブラジル敗退に主将マルキーニョス「責任を背負わなければ。謝罪するしかない」（東スポWEB）,https://news.yahoo.co.jp/articles/98667220b075084337ad3f88e25dd65a24d39a6b,https://newsatcl-pctr.c.yimg.jp/t/amd-img/20260706-00394757-tospoweb-000-2-view.jpg?exp=10800,2026-07-06T10:20:27+09:00,2026-07-06T11:10:25+09:00,東スポWEB,tospoweb,東スポWEB,610,ノルウェー戦で競り合うマルキーニョス（ロイター） 北中米W杯決勝トーナメント2回戦（5日＝日本時間6日、米国・ニューヨーク）、ブラジルがノルウェーに1―2で敗れ、16強で敗退となった。 ブラジル主将のDFマルキーニョス（パリ・サンジェルマン）は試合後のインタビューで「今の時点では、言葉にするのすら難しい」と無念の表情。「私たちの経験上、こういった試合が非常に難しいことは分かっている。どんなボールも決定的な意味を持つ。そして今日、相手は自分たちに巡ってきたボールを確実にモノにした。私たちは自分たちのチャンスを無駄にしてしまった。W杯ではミスが少ないチームが最終的に次のステージへ進み、勝利を手にすることができる」と試合を振り返った。 さらに「責任を取るのは主将、そして僕たちベテラン選手が背負わなければならないと思う。次の世代の選手たちが落ち着いてプレーに取り組めるようにしたい。若い選手たちには忍耐強く接するべきだと思う。私たちは多くのものを出し尽くしたが、確実に決めなければならないところでミスをしました。現代サッカーは非常に均衡しており、レベルが拮抗している。今は今回の教訓から学び、ブラジル国民、そしてスタジアムに足を運び、これを目撃した全ての方々に謝罪するしかない」と母国のファンに頭を下げた。 その上で「ミスから学び、次のW杯で素晴らしい結果を残せるように努力したい」と王国の再建を誓った。 東スポWEB,[],[]
【北中米Ｗ杯】ブラジル敗因は途中出場のネイマール「ヴィニシウスをゴールから遠ざけた」（東スポWEB）,https://news.yahoo.co.jp/articles/d167a88dfb773901f97d06b8e45b3a98a27aead4,https://newsatcl-pctr.c.yimg.jp/t/amd-img/20260706-00394760-tospoweb-000-2-view.jpg?exp=10800,2026-07-06T10:20:27+09:00,2026-07-06T10:45:28+09:00,東スポWEB,tospoweb,東スポWEB,646,試合後ネイマールを慰めるラフィーニャ（ロイター） 北中米W杯決勝トーナメント2回戦（5日＝日本時間6日、ニューヨーク）、6度目の優勝を狙う〝王国〟ブラジルはノルウェーに1―2で敗れて、16強で敗退となった。 ここまで4戦未勝利と白星のないノルウェーの〝怪物〟ことFWアーリング・ハーランド（マンチェスター・シティー）に2ゴールを許した。ブラジルは試合終盤にネイマール（サントス）がPKを決めたものの、前半14分に獲得したPKでキッカーを務めたMFブルーノ・ギマランイス（ニューカッスル）がまさかの失敗。このミスが大きく響いた。 この試合の敗因について、英メディア「BBC」によると、南米サッカーの専門家であるティム・ビッカリー氏は「ネイマールが（途中）出場したなんて信じられない。彼はほとんど動けない状態だったし、そのためにチームはフォーメーションを組み直さざるを得なかった。ヴィニシウス（レアル・マドリード）とエンドリック（同）をゴールから遠ざけなければならなかった。その結果、守備が手薄になり、2失点してしまった」と指摘した。 その上でビッカリー氏は「カルロ・アンチェロッティ監督が設けた『ネイマールは復帰に値する活躍をしなければならない』『負傷した選手は起用しない』といったレッドラインを彼はすべて破った」と指揮官の責任を追及し「これは完全な大失敗だ。これからどうするつもりなのか。アンチェロッティ監督は4年契約だ」とし「もっと根本的な解決策が必要だと思う」と語っていた。 東スポWEB,[],[]
ひろゆき氏が佐藤二朗の騒動で〝ネタ元〟に言及　「佐藤二朗さんがリークしたのでなければ…」（東スポWEB）,https://news.yahoo.co.jp/articles/3306ff61b96d3f2c111c3bd80355bda513835d11,https://newsatcl-pctr.c.yimg.jp/t/amd-img/20260706-00394761-tospoweb-000-3-view.jpg?exp=10800,2026-07-06T10:20:27+09:00,2026-07-06T10:35:23+09:00,東スポWEB,tospoweb,東スポWEB,602,ひろゆき氏 実業家のひろゆき氏が5日、X（旧ツイッター）を更新し、俳優の佐藤二朗のハラスメント騒動を巡る〝ネタ元〟について触れた。 【画像】怒りと悔しさがにじむ佐藤二朗の投稿 「佐藤二朗さんと橋本愛さんと橋本愛さんのマネージャーとの三人だけの会話内容が週刊誌にリークされてるようです。佐藤二朗さんがリークしたのでなければ、橋本愛さんサイドがリークした事になります」と指摘した。 ネットユーザーが「橋本愛さんが週刊誌にリークしたと言ってる人はそれどこ情報なの？？？ ドラマの撮影ってものすごい人数が関わってるし、その人達が1人ずつに情報漏らしただけで倍々方式に広がっていくのに、なぜ橋本さんだと断定出るの？？」と投稿したことに引用返信して指摘した。 佐藤は1日の文春オンライン、2日発売の週刊文春でハラスメント疑惑を報じられた。フジテレビ系4月期「夫婦別姓刑事」（火曜午後9時、6月23日最終回）でともにダブル主演した女優の橋本愛との間でトラブルが発生。佐藤、橋本とその関係者の間で交わされた話も詳報された。 また、佐藤は、橋本には過去にハラスメント被害を受けてトラウマがあったと聞かされ、それには配慮を示しつつ、当人に対し、トラウマが今後も残れば「役者を続けるべきではないのではないか」と話したとされた。 佐藤の所属事務所は1日、声明を発表し、ハラスメントにはあたらないとの立場を表明した。 東スポWEB,[],[]
大谷翔平３２歳バースデーをＭＬＢ公式インスタが祝福　日米球界での名場面写真ズラリ（東スポWEB）,https://news.yahoo.co.jp/articles/7eaf7b6cc0be5895c2d608b40890609cde7169a4,https://newsatcl-pctr.c.yimg.jp/t/amd-img/20260706-00394762-tospoweb-000-1-view.jpg?exp=10800,2026-07-06T10:20:27+09:00,2026-07-06T10:20:27+09:00,東スポWEB,tospoweb,東スポWEB,405,大谷翔平（ロイター） ドジャースの大谷翔平投手（32）は5日（日本時間6日）に32歳の誕生日を迎えた。MLB公式インスタグラムは「伝説の大谷翔平選手、32歳の誕生日おめでとうございます」と祝福。 「メジャーリーグの9年間で翔平選手は数々の栄誉を獲得してきました：ア・リーグ新人王、MVP4回、オールスター戦6回、シルバースラッガー賞4回、ワールドシリーズ優勝2回」と主な受賞歴を紹介した。 さらに「翔平選手 長年にわたって」と題して、侍ジャパン高校代表、エンゼルス入団会見、2021年のオールスター戦先発、23年の侍ジャパン世界一、ドジャース入団会見、24年の愛犬デコピンの始球式、オールスター戦初本塁打、史上初の「50―50」達成、25年のドジャースで投手復帰、ワールドシリーズ2連覇の名場面の写真を紹介した。 ファンのお祝いコメントとともに8時間で「いいね！」の数は7万3000に達している。 東スポWEB,[],[]
【北中米Ｗ杯】怪物ハーランド２発で王国ブラジルを粉砕　ノルウェー初８強　ネイマール初得点も涙（東スポWEB）,https://news.yahoo.co.jp/articles/71b701f533b0e1c8530a0df69bb1df446d93d367,https://newsatcl-pctr.c.yimg.jp/t/amd-img/20260706-00394758-tospoweb-000-1-view.jpg?exp=10800,2026-07-06T10:20:27+09:00,2026-07-06T10:20:27+09:00,東スポWEB,tospoweb,東スポWEB,1127,ノルウェー恒例のバイキング・ローで勝利を祝うハーランド（ロイター） 【ニューヨーク5日（日本時間6日）発】北中米W杯決勝トーナメント2回戦、ノルウェーが王国ブラジルを2―1で撃破。怪物FWアーリング・ハーランド（25＝マンチェスター・シティー）が全2得点をマークする活躍で同国を初のベスト8進出に導いた。一方のブラジルは途中出場のFWネイマール（34＝サントス）が後半終了間際にPKで今大会初得点を決めたが、時すでに遅し。欧州勢の“鬼門”を突破できず、36年ぶりにベスト16で敗退した。 ノルウェーの怪物FWハーランドが、大舞台で王国ブラジルを沈めた。0―0で迎えた後半34分、左サイドからのクロスにハーランドが反応。ヘディングで合わせて先制点を決めた。怪物の活躍は止まらない。同45分にはペナルティーエリア手前から左足を一閃。強烈なシュートで相手DFの股を抜き、ゴールネットを揺らした。 W杯で優勝5回を誇る王国を向こうに回し、2得点を叩き出す大暴れ。今大会7得点となり、この時点でアルゼンチン代表FWリオネル・メッシ（マイアミ）、フランス代表FWキリアン・エムバペ（レアル・マドリード）と肩を並べた。 試合前にはブラジル戦に向けて「勝つ可能性はかなり低い」「相手は優勝候補」などと謙虚に語っていたが、相手を不必要に刺激しない意図だったのか。ピッチに立てば容赦なく牙をむいた。ノルウェーは絶対エースの活躍で、同国史上初のベスト8進出を果たした。 一方のブラジルはゴールが遠かった。前半10分すぎ、ゴール前に抜け出したFWマテウス・クーニャ（マンチェスター・ユナイテッド）が相手DFのスライディングを受けて転倒。VARでPKと判定された。しかし、キッカーのMFブルーノ・ギマランイス（ニューカッスル）がゴール右隅を狙ったシュートをノルウェーのGKエルヤン・ニラン（セビリア）が横っ跳びでスーパーセーブ。先制点の絶好機を生かせなかった。 両チーム無得点で迎えた後半13分にはFWヴィニシウス（レアル・マドリード）がゴール前でGKと一対一になりながら、左へ外してゴールならず。カルロ・アンチェロッティ監督は同22分に“切り札”のFWネイマールを投入。同アディショナルタイムに獲得したPKを決めて1点差とするも、もはや追いつく時間は残されていなかった。 2002年W杯以来の優勝を目指していたブラジルにとって、この日の試合は鬼門だった。ノルウェーとは過去4度対戦して未勝利（0勝2分け2敗）。さらに決勝トーナメントにおける“負のデータ”もあった。06年大会以降、5大会連続で欧州勢の前に敗退。今回も屈し、36年ぶりに16強で姿を消すことになった。 東スポWEB,[],[]
【北中米Ｗ杯】ブラジルから２得点のハーランド「１、２回チャンスが来れば大体ゴールになる」（東スポWEB）,https://news.yahoo.co.jp/articles/4bf1a12ef018f2223738aca3e7015eba6a1d7a17,https://newsatcl-pctr.c.yimg.jp/t/amd-img/20260706-00394756-tospoweb-000-1-view.jpg?exp=10800,2026-07-06T10:05:24+09:00,2026-07-06T10:05:24+09:00,東スポWEB,tospoweb,東スポWEB,957,太鼓を叩くアーリング・ハーランド（ロイター） 北中米W杯決勝トーナメント2回戦（5日＝日本時間6日、米国・ニューヨーク）、ノルウェーがブラジルを2―1で撃破。FWアーリング・ハーランド（25＝マンチェスター・シティー）が2得点の活躍を見せて、同国を初のベスト8進出へと導いた。 【動画】ゴールに突き刺さったハーランドのシュート ハーランドは試合後のインタビューで「この大会中にも何度か『ここがピークだ』と言ってきたが、またしても新しいピークを更新したね」と笑顔。後半給水タイム後の2得点には「基本的には1回か2回チャンスが来れば大体ゴールになる。どうやっているかは自分でも分からないが、それが僕という選手なので。だから、チャンスが来るまで集中し続けることが全てだ。大抵の場合、点を決められなくてもそこまで焦りを感じることはない」と胸を張った。 続けて「1点目は鋭いヘディングだったね。素晴らしいクロスだった。2点目は、味方が思い切りよくボールを出してくれたところから始まり…ボールが真っ直ぐ、しっかりとゴールに吸い込まれた。とにかく最高だよ」と自画自賛した。 また、王国ブラジルを撃破したことの意義にも言及。「おそらくノルウェーの歴史上、最も最高でクレイジーな夜だと思う。ブラジルから学べること…いや、学ぶというより、彼らと同じように『ノルウェー代表としてプレーする誇り』を育てていけたらと。ノルウェーでサッカーを始める子供たちが、真っ先に『ノルウェー代表としてプレーしたい』と思い、その誇りを持てるように。それを育てていく必要がある。ブラジルの選手たちはユニホームのために死ぬ覚悟ができていて、幼い頃からブラジル代表でプレーすることを夢見ている。正直、僕が子供のころはそこまで深く考えていなかった。でも今、僕たちノルウェー代表は本当に肝が据わってきたと思う」と言葉に力を込めた。 さらに、ノルウェー国民に向けては「本当は僕もその街にいて、みんなと一緒に祝いたかったけど…。とにかく楽しんでください。ノルウェー中が楽しむべきです。先ほども言ったように、ノルウェーの歴史上最もクレイジーな日の一つだから。ただただ楽しんで、この瞬間を味わってください。これは本当にヤバいことだから」とメッセージを送った。 東スポWEB,[],[]
【北中米Ｗ杯】イングランド〝アウェーの洗礼〟を回避…ＦＩＦＡが厳重警備（東スポWEB）,https://news.yahoo.co.jp/articles/e1bdd8520c8126968c7b89fc4bbbde7e3bad4100,https://newsatcl-pctr.c.yimg.jp/t/amd-img/20260706-00394755-tospoweb-000-1-view.jpg?exp=10800,2026-07-06T09:00:35+09:00,2026-07-06T09:00:35+09:00,東スポWEB,tospoweb,東スポWEB,570,メキシコ対イングランド、試合開始前のスタジアム（ロイター） 北中米W杯決勝トーナメント2回戦（5日＝日本時間6日、メキシコ市）で優勝候補イングランドと激突するメキシコ人サポーターによる〝アウェーの洗礼〟は失敗に終わった。 開催国でもあるメキシコでは熱狂的サポーターが対戦国に嫌がらせを連発。宿舎前で大音量の音楽を流したり、建物に向けて花火を飛ばしたり、クラクションを鳴らし続けた。決勝トーナメント1回戦でメキシコに敗れたエクアドルは「W杯が求めるフェアプレー、平等、団結といった原則からかけ離れている」との声明を発表し、国際サッカー連盟（FIFA）に苦情を申し入れた。 2回戦で対戦するイングランドも〝アウェーの洗礼〟を警戒していたが、杞憂に終わった。英メディア「サン」は「イングランドのチームが到着して以来、ホテルの外には武装警察官が配置されている。歩行者が入れるすべての出入口は封鎖され、敷地は鉄柵で囲まれている」とし「メキシコのファンは（離れた場所から）生演奏したり、花火を打ち上げたものの、選手を起こすことはできなかった」と報じた。 トーマス・トゥヘル監督はメキシコでの嫌がらせを警戒していたが「FIFAが適切に対応してくれた。ホテル周辺には警備員が配置されているので安心して眠れていると思います」とコメントしていた。 東スポWEB,[],[]
【北中米Ｗ杯】米国ＦＷ　異例の出場停止〝撤回〟に非難殺到「スキャンダル」「その場しのぎ」（東スポWEB）,https://news.yahoo.co.jp/articles/d70afecd490eac34c7dfc4d444496c8c787b1175,https://newsatcl-pctr.c.yimg.jp/t/amd-img/20260706-00394754-tospoweb-000-1-view.jpg?exp=10800,2026-07-06T08:30:34+09:00,2026-07-06T08:30:34+09:00,東スポWEB,tospoweb,東スポWEB,636,ベルギー戦に出場可能になったフォラリン・バログン（ロイター） 国際サッカー連盟（FIFA）は5日、米国のFWフォラリン・バログン（25＝モナコ）が北中米W杯決勝トーナメント2回戦（6日＝日本時間7日）のベルギー戦に出場可能になったと発表した。この決定に大きな波紋が広がっている。 【写真】チームメイトに慰められるフォラリン・バログン バログンは1回戦でレッドカードを受けて一発退場となり、少なくても1試合の出場停止となるはずだった。しかし、FIFAは「規律規定第27条に基づき出場停止処分の執行は1年間延期される」と発表。この〝処分解除〟に米ドナルド・トランプ大統領は自身のSNSを更新し「大きな不正義を覆し、大きな不当を正したFIFAに感謝する」と投稿した。 この決定に対戦を控えるベルギー協会は激怒し「懲戒規定66条第4項にはレッドカードは自動的に1試合の出場停止につながると明確に規定している」とし「今大会および今後の大会において参加する全チームの正当な利益を保護し、フェアプレーの基本原則を守るため、あらゆる対応策を検討している」との声明を出した。 世界からも非難の声が殺到。スペイン紙「マルカ」は「世界的なスキャンダル、FIFAがレッドカードを取り消し」「前例のない動き」とし、英メディア「BBC」は「FIFAがその場しのぎで物事を決めている印象を受ける」「どのようにして、その決定が下されたのか。詳細を一切、明らかにしていない」と疑問視していた。 東スポWEB,[],[]
【北中米Ｗ杯】41歳のＣ・ロナウド「これが最後のＷ杯」と表明　２回戦でスペインと激突（東スポWEB）,https://news.yahoo.co.jp/articles/2857b787fa35d8569a7959e44df67b3a358c2e6f,https://newsatcl-pctr.c.yimg.jp/t/amd-img/20260706-00394752-tospoweb-000-2-view.jpg?exp=10800,2026-07-06T08:25:22+09:00,2026-07-06T10:40:24+09:00,東スポWEB,tospoweb,東スポWEB,533,クリスティアーノ・ロナウド（ロイター） 北中米W杯に臨んでいるポルトガル代表FWクリスティアーノ・ロナウド（41＝アルナスル）が5日（日本時間6日）に「最後のW杯になるだろう」と表明した。 決勝トーナメント2回戦（6日＝同7日、米国・ダラス）の強豪スペイン戦を前に記者会見にC・ロナウドが登場。米「ESPN」など各メディアによると、今大会でW杯6大会連続出場＆同連続得点を記録した世界的ストライカーは「W杯を最大限に楽しむことだ。これが僕にとって最後のW杯になるだろうが、明日が最後の試合にならないことを願っている」と明かしたという。 スーパースターは「いつかは代表引退の日も来るだろう。でも正直言うと明日何が起ころうともクリスティアーノは100％ではなく、1000％の良心の呵責を感じずに引退する。なぜならサッカーにすべてをささげてきたからだ。大切なのは情熱だ」とし「それに今回のW杯で3ゴールを決めた。悪くない成績だろう？」と語った。 2028年には欧州選手権があり、30年には母国がスペインやモロッコとともにW杯を共催する。エースは「人生で何も不足しているものはない」と話していたが、まずはベスト8入りをかけて難敵スペイン撃破に全力を注ぐ構えだ。 東スポWEB,[],[]
【ドジャース】守護神ディアス 球宴後復帰へ　ライブＢＰ登板に「リハビリ登板を始める準備はできている」（東スポWEB）,https://news.yahoo.co.jp/articles/4ca50555a4c75a4de554fe22504eb2c378107f99,https://newsatcl-pctr.c.yimg.jp/t/amd-img/20260706-00394753-tospoweb-000-3-view.jpg?exp=10800,2026-07-06T08:20:27+09:00,2026-07-06T10:40:24+09:00,東スポWEB,tospoweb,東スポWEB,720,エドウィン・ディアス（ロイター） 4月下旬に右ヒジの遊離体を除去する手術を受け、負傷者リスト入りしているドジャースのエドウィン・ディアス投手（32）が5日（日本時間6日）、ライブBP（実戦形式の練習）に登板して「リハビリ登板を始める準備はできている」と順調な回復ぶりを明かした。 全体練習の前にキケことエンリケ•ヘルナンデスらを相手にライブBPを行ったディアスはクラブハウスで記者に囲まれると「良かったよ。最後は少し疲れたけど。4月以来初めて打者相手に投げたからね。でも良かった」と、汗を拭きながら満足そうに振り返った。 この日はストライク先行の投球に加え、持ち味の直球にも手応えを得た様子。「ストライクを投げて、速球で押し込み、変化球で空振りを取ることを意識した。速球は今、とてもいい状態だと思う」と笑顔を見せた。 回復状況については「もうリハビリ登板を始める準備はできている。あとは球団の判断を待つだけ」と説明。「今日が一番大きなステップだった。キャッチボールでウォームアップし、実際にマウンドで打者相手に投げた。本当にいい感触だった」と安堵感を口にした。 「最初は、手術を受けることになったこともチームを助けられないことも辛かった。でもリハビリは一度も後戻りすることなく順調に進んだ。今はリハビリ登板の許可を待っているところ」と心境を明かした。復帰時期は「具体的な日は決まっていないが、オールスター休みがもうすぐあるから、明けてからになると思う」と話した。 「今は実際の試合で本当の打者と対戦したい。リハビリ登板で普段通りブルペンで準備し、コールを受けてマウンドに上がる、その流れをこなしたい」と実戦復帰への意欲を語った。 青池奈津子,[],[]
【ヤクルト】池山監督の最適解は？　流動的オーダーに理解と戸惑い「正直、難しいっすよ」（東スポWEB）,https://news.yahoo.co.jp/articles/7a3ea34cec868e066c14ca58eb5542c8c732a081,https://newsatcl-pctr.c.yimg.jp/t/amd-img/20260706-00394742-tospoweb-000-1-view.jpg?exp=10800,2026-07-06T06:15:30+09:00,2026-07-06T06:15:30+09:00,東スポWEB,tospoweb,東スポWEB,809,試行錯誤を続ける池山監督 ヤクルトは5日のDeNA戦（神宮）に4―6で敗れて4連敗。首位に立つ阪神と巨人に1・5ゲーム差に広げられた。 先発の吉村は制球がまとまらず6回5失点。0―2の6回先頭の佐野にソロを浴びると、その後も四死球で二死一、二塁のピンチを招き、石上に走者一掃の2点適時二塁打を浴びた。 池山隆寛監督（60）は「吉村投手に何とか踏ん張ってもらいたかったんですけど、そうもいかなかった。昨日、今日とスターターが先に点を取られているので、何とか試合をつくってもらえるようにもう一度頑張っていきたい」と投手陣にハッパをかけた。 ただ、首位争いを勝ち抜く鍵は投手陣だけにとどまらない。打線からは5点ビハインドの6回にサンタナの満塁本塁打が飛び出したが、その後が続かなかった。チームはこの日で74試合を終了。シーズンの半分以上を消化しているが、首脳陣は今なお打順を入れ替えながら最適解を模索している。 吉岡打撃コーチも「これからという選手が多いので、いろんな試合に出ることが大事」と語る。打線の軸を担うサンタナにこれ以上ない一発が出たものの、全体では計5安打。つながりを欠き、得点力不足の解消には至っていない。 首脳陣が試行錯誤を続ける一方で、ナインの間には戸惑いも広がっている。主力選手の一人は「正直、難しいっすよ…。選手間でも『今日はここなんや』みたいな空気はあります」と吐露。日々異なる役割をこなしていかなければならないことは不安要素にもなるといい「やっぱり守備位置や打順を固定してもらって、毎日同じようなルーティーンをやるのが一番集中して試合には入りやすいです。ただチームのために、勝利のためにやるのがプロ野球なので。経験を積ませてもらってると思ってやるしかない」と複雑な心境を明かす。 最下位に沈んだ昨季から一転して上位争いを繰り広げる池山スワローズのオーダーが落ち着く日は訪れるのか――。 東スポWEB,[],[]
【北中米Ｗ杯】ベッカム次男ロメオ　恋人と〝アルゼンチン推し〟で物議「父親の怒りを買う危険」＝英報道（東スポWEB）,https://news.yahoo.co.jp/articles/e2990a61207d39db697237c89c23462d55854981,https://newsatcl-pctr.c.yimg.jp/t/amd-img/20260706-00394747-tospoweb-000-1-view.jpg?exp=10800,2026-07-06T06:15:30+09:00,2026-07-06T06:15:30+09:00,東スポWEB,tospoweb,東スポWEB,1076,アルゼンチン戦を観戦する(右から)ベッカム氏、ビクトリア氏、息子のロメオ（ロイター） サッカーの北中米W杯決勝トーナメント1回戦（3日＝日本時間4日、米国・マイアミ）、前回王者アルゼンチンが初出場カーボベルデと延長までもつれ込む大激戦の末に3―2と勝利した。今大会最高の試合の呼び声も高いが、来場したイングランドのレジェンドであるデービッド・ベッカム氏とその家族が脚光を浴びている。 【画像】ロメオ・ベッカムが投稿した恋人キム・ターンブルの2ショット 英紙「サン」は「ロメオ・ベッカムとガールフレンドが、イングランドのレジェンドである父デビッドのW杯でのライバルチームのユニホームを着用して物議を醸す」と報じた。 「ロメオはW杯でアルゼンチンを応援したことで、父親の怒りを買う危険を冒した」と同紙は指摘した上で、事の経緯をこう説明する。「ベッカム家の次男である23歳の彼は、マイアミのスタンドで南米の強豪チームを応援していた。彼はインスタグラムのストーリーに、恋人のキム・ターンブルが、背中にレジェンドのリオネル・メッシの名前が大きくプリントされたアルゼンチン代表のシャツを着ている写真を投稿した。ロメオもまた、W杯で3度優勝したチーム（アルゼンチン）のカラーをあしらったレトロなジップアップジャケットを身につけていた」 ロメオは恋人とともにアルゼンチン推しだったわけだが、なぜ問題なのか。「彼の父親である、イングランド代表の象徴的なキャプテン、ベッカムが1998年W杯で、イングランド代表がアルゼンチンに敗れた際の悪役だったことを考えると、この判断は非常に物議を醸した。元マンチェスター・ユナイテッドのウインガーは（当時の）決勝トーナメント1回戦で後半にディエゴ・シメオネを蹴ったとして退場処分を受けた。そしてイングランドはPK戦で痛恨の敗北を喫し、栄光への希望は消え去った」。ベッカム氏にとってアルゼンチンは宿敵であり、W杯での苦い思いではトラウマになったほど。「デビッドはこの時期を、自分が世間の敵のナンバーワンになったため、キャリアの中で最も困難な時期だったと述べている」と同紙は指摘している。 この日の試合には因縁の相手であるシメオネ氏も来場。そして「ベッカム氏がオーナーを務めるインテル・マイアミに所属するメッシが、先制点を挙げて得点王獲得への希望を高めた」とさまざまな奇縁が絡む一戦となった。そんな試合で、ロメオがベッカム氏を逆なでするようないでたちで宿敵を応援していたため、波紋を呼んでいるのだ。 ロメオの真意やいかに…。 東スポWEB,[],[]
【ノア】稲村愛輝　藤田和之と7・18激突！「ベビーフェイスの方が腹黒い」発言に〝覚悟〟のアンサー（東スポWEB）,https://news.yahoo.co.jp/articles/7b9857ffae590fda614faaf074abaec210cffc1e,https://newsatcl-pctr.c.yimg.jp/t/amd-img/20260706-00394740-tospoweb-000-1-view.jpg?exp=10800,2026-07-06T06:15:30+09:00,2026-07-06T06:15:30+09:00,東スポWEB,tospoweb,東スポWEB,611,前哨戦で藤田和之(右)と激しくやり合った稲村愛輝 ノアのYoshiki Inamura（稲村愛輝＝33）が、すれ違いの続く藤田和之（55）との決戦へ込める思いを激白した。 【写真】試合前からにらみ合う稲村愛輝と藤田和之 18日インテックス大阪大会での一騎打ちを前に、稲村は5日後楽園大会で丸藤正道、稲畑勝巳と組んで、藤田、拳王、鶴屋浩斗組と6人タッグマッチで激突。開始早々、稲村は藤田と激しい打撃合戦を繰り広げた。最後は稲畑が拳王に拳王スペシャル（変型肩固め式クロスフェイス）で絞め上げられて敗れたが、稲村はゴングの後も場外で藤田と乱闘を続けた。 火花を散らす両者だが、稲村は「ミーはあくまでリスペクトを持って正面から（藤田を）倒したいと思ってるだけ。僕のアティチュード（態度）が気に入らない、すれ違った状態がフィールソーバッドですね」と首を振る。「ミスター藤田の原動力が怒りなのであれば、僕はパワーやハッピーを原動力にして真正面からぶつかりたいですね」と闘志を見せた。 藤田からは「ベビーフェイスの方が腹黒い」との言葉をぶつけられたが「一部アグリー（賛同）」しつつも「僕はミスター藤田みたいにめちゃくちゃ強い人間じゃないから、ウソをついたりみえを張ることもある」と遠くを見つめる。「時間無制限で何分だって試合がしたい。僕が負ける時は、ミスター藤田に殺されるくらいの気持ちでやるので」と強い覚悟をにじませていた。 小松睦実,[],[]
【マリーゴールド】青野未来が誓うＧＰ連覇　家族と地元の期待を背負い…「最高の夏にします」（東スポWEB）,https://news.yahoo.co.jp/articles/ea9ba306bfdb04d6dcd05e172a13cd177bf15d12,https://newsatcl-pctr.c.yimg.jp/t/amd-img/20260706-00394739-tospoweb-000-1-view.jpg?exp=10800,2026-07-06T06:15:30+09:00,2026-07-06T06:15:30+09:00,東スポWEB,tospoweb,東スポWEB,702,南小桃（下）を攻める青野未来 女子プロレス「マリーゴールド」のワールド王者・青野未来（35）が地元の期待を背負い〝夏女〟となる覚悟だ。 【写真】兄・真人さんからホットプレートの蓋で殴打される青野未来 凱旋大会となった5日の埼玉・川越大会ではメインで南小桃に勝利。最高峰王者の威厳を見せつけた。試合後は「皆さんにこうして温かくお迎えしていただき、本当に幸せいっぱい」と故郷での勝利に笑顔を見せた。 地元ということもあり、会場には兄の真人さんが飲食ブース出店のために来場。試合中には持参したホットプレートのフタで青野が殴りつけられる珍場面も見られた。幼少期からきょうだいでプロレスごっこをしていたという青野は「私は全然興味なかったのに、パワーボムとか、4の字固めとか一方的にやられてました」と振り返る。大のプロレスファンだという真人さんも「当時は嫌がってたと思います（笑い）。プロレスラーになるって聞いて最初はびっくりしたけど、見ていくうちに自分もまたプロレスを好きになりました。兄としてうれしい限りです」と妹の活躍を喜んでいた。 来年も川越での凱旋大会が予定されている。青野は「地元の人たちも誇らしいと思ってもらえるような存在になって帰ってきたいです」。次なる目標は前年度覇者として迎える祭典「ドリームスターGP」の連覇だ。 「この夏はいいスタートを切れたのかなと思います。今年のドリームスターも2連覇をもちろん目指しますし、主役は青野未来です。最高の夏にします」と拳を握った。ワールド王者としての優勝も、祭典の連覇も、達成すれば団体初の偉業。家族と地元の期待を背負ってリングの中心へと突っ走る。 長友誉幸,[],[]
【ＤｅＮＡ】相川監督「想像以上」巨漢なのに超器用な新助っ人　鈴木コーチがダブらせた〝大砲〟（東スポWEB）,https://news.yahoo.co.jp/articles/704564e737e5e58da16637421214bad65d023147,https://newsatcl-pctr.c.yimg.jp/t/amd-img/20260706-00394731-tospoweb-000-1-view.jpg?exp=10800,2026-07-06T06:15:30+09:00,2026-07-06T06:15:30+09:00,東スポWEB,tospoweb,東スポWEB,930,意外な器用さを見せるDeNAの新助っ人・エンカーナシオン DeNAは5日のヤクルト戦（神宮）に6―4で競り勝ち、同一カード3連勝。6月は月間4勝15敗とドン底の黒星街道をさまよったが、長いトンネルを抜けた先にはようやく光も差し始めた。 チーム状態を好転させた立役者の一人が、2日の広島戦（横浜）から一軍合流を果たしたばかりのヘラル・エンカーナシオン外野手（28）だ。この日は4安打、3打点の大暴れで出場した4試合で打率4割7分4厘（19打数9安打）、5打点を記録している。 驚異的な打撃成績もさることながら、何より目を引くのは入団前のイメージを覆す器用な打撃だ。193センチ、113キロの体格を誇り、MLB通算94試合出場で打率2割1分1厘、10本塁打、40打点というカタログスペックは多くの人に「当たれば飛ぶロマン砲」というステレオタイプな助っ人像を抱かせるものだった。 だが、エンカーナシオンがここまでマークした9安打のうち、実に7本がシュアな打撃で左右に打ち分けた単打。新助っ人が苦戦しがちな外角への変化球にも問題なく対応できている。 鈴木尚典打撃コーチも「パワー一辺倒というタイプのバッターではなかった。初見のNPB投手たちの変化球にも対応できている」と舌を巻く。現役時代は2度の首位打者に輝き〝ハマの安打製造機〟と呼ばれた男は「似たタイプを挙げるならレイエス（日本ハム）かな。左右に幅広く打てるしね。本塁打もこれから出てくるだろう」と重ね合わせる。 大柄な体格にもかかわらず守備走塁の動きも軽快そのものだ。守備位置は右翼で、初回に赤羽が放ったオーバーフェンスかという大飛球をジャンプしながらキャッチ。3日の同戦でも8回一死二、三塁で増田が放った右前打に猛チャージをかけ、本塁にノーバウンド送球し、二走のモンテルを間一髪でアウトにして度肝を抜いた。 パワー、ミート力、守備力に加えて肩も一級品。プレーの一つひとつからは身体能力の高さがにじみ出る。この日の試合後、ベイ党の大喝采を背に球場から引き揚げた相川監督も「正直ここまで対応力が高いとは思わなかった。初球から振りにいけるところも頼もしい。想像以上」と救世主出現の予感に胸を高鳴らせた。 東スポWEB,[],[]
【ソフトバンク】松本裕樹　防御率１点台まで復調…不振脱却の裏でダルビッシュ絶賛の武器巡る〝葛藤〟（東スポWEB）,https://news.yahoo.co.jp/articles/6e75a71afdbbab940d0618d49582668d89eccc4d,https://newsatcl-pctr.c.yimg.jp/t/amd-img/20260706-00394732-tospoweb-000-1-view.jpg?exp=10800,2026-07-06T06:00:34+09:00,2026-07-06T06:00:34+09:00,東スポWEB,tospoweb,東スポWEB,796,ソフトバンク・松本裕樹 ソフトバンクは5日のロッテ戦（みずほペイペイ）に7―2の快勝を収め、カード勝ち越しを決めた。中盤までに近藤の2本塁打、6打点の活躍で主導権を握ると、終盤は盤石の救援陣がリードを守り切った。 辛抱の末に本来の輝きが戻ってきた。8回から4番手でマウンドに上がった松本裕樹投手（30）が、1番から始まる好打順をわずか7球で三者凡退。これで11試合連続無失点となり、防御率は1・95まで良化した。 昨季、最優秀中継ぎ投手のタイトルを獲得した右腕は、今春開催されたWBCに出場。「いろんな過程を飛ばして、形だけ仕上げないといけない感じだった」。3月上旬にトップギアで投げる状態をつくるため、犠牲にしたものは多かった。方向性を確認するための貴重な実戦の場であるオープン戦を経ずシーズンに入る難しさを痛感。5月までは不安定な投球が続き、我慢の時間を強いられた。 オフにさらなる進化を目指していた。「平均から外れる真っすぐを投げたい。それは、ベース板に対して平行に伸びるストレートです」。昨今の野球界では、投球がベース板を通過する際の「入射角度」が水平に近いと空振りや平凡な飛球になりやすいという傾向がある。182センチの上背ながら低いリリースポイントから160キロに迫る剛速球を投げ込む。平均から外れる希少性ゆえに、2月の代表合宿ではアドバイザーとして参加していたダルビッシュ（パドレス）が目を丸くするほどだった。 だが、チーム帰還後、その特長を伸ばす投球がイレギュラーを生んでいた。悪い時のフォームが顔をのぞかせ、痛打を浴び続けたのだ。進化への道を一時休止し、方向性の転換を決断。葛藤もあっただろうが、絶対的セットアッパーという責任感が冷静な判断を後押しした。 世界レベルを知るからこそ、生まれる葛藤もある。ひとまず〝孤独な戦い〟を制し、頼れる男が本来の姿を取り戻した。 福田孝洋,[],[]
佐藤二朗　ハラスメント騒動で〝豹変〟…業界から心配の声「ここまで感情をあらわにするのは珍しい」（東スポWEB）,https://news.yahoo.co.jp/articles/9663fe946bd5f602da783ee06178b5ff6a4e7adf,https://newsatcl-pctr.c.yimg.jp/t/amd-img/20260706-00394736-tospoweb-000-5-view.jpg?exp=10800,2026-07-06T05:15:37+09:00,2026-07-06T21:40:23+09:00,東スポWEB,tospoweb,東スポWEB,1687,一連の報道に怒りを隠さなかった佐藤二朗 俳優・佐藤二朗（57）の〝異変〟に驚きの声が上がっている。女優・橋本愛（30）とのトラブル報道を受け、X（旧ツイッター）では感情ムキ出しのポストを連投。過去、映画の現場で〝BMW事件〟を起こし、周囲を和ませた男の豹変ぶりに心配する人が続出している――。 【画像】怒りと悔しさがにじむ佐藤二朗の投稿 「さすがに、さすがにもうこれ以上は我慢できません」 Xでそう書き出したのは佐藤だ。続けて「僕は撮影中、何度も『もう我慢の限界だから、このドラマを降板させてほしい。そして全ての事実を公にするべき』と訴えました」「もっと早く決断するべきでした。数々の『ほんとうのこと』が、明らかになる日が来ることを、切に祈ります」とつづった。 佐藤を知る関係者は一様に驚いた。「二朗さんがここまで感情をあらわにするのは珍しい。よほど腹に据えかねたものがあるのではないか」と。 佐藤は仕事にストイックであるのと同時に、撮影現場では温厚でムードメーカー的存在だった。2024年3月に公開された映画「変な家」の舞台裏ではこんなことがあった。 自ら運転して現場を訪れた佐藤はルンルン気分だった。なぜなら納車したての高級車BMWを駆っていたからだ。 ところが駐車場への誘導をスタッフがミスり、佐藤の運転する車は場内をグルグル。「あっちか、いやこっちか」とやっていた次の瞬間、ガリガリガリッ！と音が鳴り、BMWの車体が擦れてしまったことがわかったという。 周囲に「やっと新車で買えたんだよ！」とうれしそうに語っていただけに、ショックは計り知れない。場合によっては、誘導ミスしたスタッフに「おまえのせいで！」とブチギレてもおかしくはない。しかし、佐藤の反応は違った。 「現場には緊張が走りましたが、決して怒ることはありませんでした。むしろ、新車がいきなりキズついたことをネタにして、その場を和ませていました。心では泣いていたとは思いますが…」（映画館関係者） 一部始終は〝BMW事件〟として語り継がれているという。 別の映画関係者も佐藤のふるまいを証言する。 「あるイベントで、楽屋前で迷子になっているスタッフを見つけた佐藤さんが『お嬢さん、大丈夫？』と声をかけて助けてあげていました」 今年2月に行われた「第68回ブルーリボン賞」の授賞式では、賞状を授与する記者に「良いこと言うじゃん！」とツッコミ。ステージ上では〝二朗節〟全開で笑いをかっさらったが「帰りのエレベーターではスタッフに『ちょっとふざけすぎちゃったかな？』とこぼす場面もありました」（同）という。 こうしたエピソードにこと欠かない佐藤だけに、冒頭の書き殴りのポストは「異常」というほかない。3日にはさらに「勿論、偏った記事とは思ってましたが、ここまでとは。ステレオタイプの『か弱い若い女性』と『典型的な昭和のパワハラオヤジ』を完全に創作してる。最大級の『注意』や『警戒』が必要と痛感していた僕が、そんな態度を取れる訳がない。自分の身を守る為にも。嘘はやめて下さい」と厳しい言葉を並べた。 1日に配信された「文春オンライン」によると、6月23日に最終回を迎えた4月期ドラマ「夫婦別姓刑事」（フジテレビ系）の撮影で佐藤が橋本の楽屋に押しかけ、キャリアを全否定する発言をしたという。撮影中の身体的接触をめぐり、佐藤側と認識のズレが伏線としてあった。 フジは佐藤の言動を厳重注意したことを認め、橋本の所属事務所も同調。佐藤の所属事務所はハラスメントに該当しないと主張している。 佐藤が匂わす「ほんとうのこと」とは何を指すのか。事情を知る関係者は「橋本さんサイドに対して根強い不信感があるようです」と語る。 ハラスメントが事実ならば、決して許されることではない。そもそも女優の楽屋に2度も直談判すること自体が「ありえない」という意見もある。 他方で佐藤を知る人物からは、文春報道に違和感を訴える声も聞こえてくる。騒動に疲弊した佐藤がしばらく静養するといった情報もあり、予断を許さない状況が続いている。 東スポWEB,[],[]
【ＭＬＢ】大谷翔平とも因縁…〝誤審王〟CBバックナー氏が引退へ「惜しむ人はいない」＝米報道（東スポWEB）,https://news.yahoo.co.jp/articles/c9db72df3bc1d4ff8308a2eca33c050bd3bb1db5,https://newsatcl-pctr.c.yimg.jp/t/amd-img/20260706-00394745-tospoweb-000-4-view.jpg?exp=10800,2026-07-06T05:15:37+09:00,2026-07-06T15:50:23+09:00,東スポWEB,tospoweb,東スポWEB,777,悪名高き存在だった審判員のＣＢバックナー氏（ロイター） MLBのベテラン審判員であるCBバックナー氏が今季限りで引退すると5日（日本時間6日）に報じられた。 【写真】4月の試合で打球がマスクに直撃し、引き上げるCBバックナー氏 米全国紙「USA TODAY」の敏腕記者、ボブ・ナイチンゲール氏によると「選手やファンはCBバックナー氏に対する不満をもうすぐ口にしなくても済むようになるだろう。彼はMLBからの提案を受け入れ、今シーズン終了をもって引退することをMLBに伝えた7人の審判のうちの1人である」という。 バックナー氏は「誤審王」の異名もとり、時に選手のプレー以上に話題に上ることも少なくなかった。昨年8月には大谷翔平投手（31＝ドジャース）もエンゼルス戦で見逃し三振に倒れた際、誰もがボールと思い込んだ球を「ストライク」とコールされ「ウォ～イ」と不服としたこともあった。 もちろん大谷に限らず、ロボット審判にボール、ストライクの判定を仰ぐ「ABSチャレンジ」が導入された今季は〝誤審率〟の高さが露呈。開幕間もない3月28日（同29日）のレッズ―レッドソックス戦では1試合で判定が6度も覆る記録的な失態を演じるなど、ファンから「なぜMLBは解雇しないのか」など不満の声も相次いでいた。 この一報に、米メディア「ラリー・ブラウン・スポーツ」は「MLBで最も不人気な審判が今季限りで引退する予定」とし「口には出さないかもしれないが、バックナーを惜しむ人はほとんどいないだろう」と辛辣。「1996年からMLBの審判員を務め、最も長く活躍している審判員の一人」とキャリアを振り返りながら「4月上旬にファウルボールがマスクを直撃して以来、今季は審判を務めておらず、健康上の理由で約3か月間の離脱を余儀なくされている」と近況も合わせて伝えている。 東スポWEB,[],[]
【ＭＬＢ】村上宗隆　球宴前に復帰か…ホワイトソックス監督期待「本当にワクワクしている」（東スポWEB）,https://news.yahoo.co.jp/articles/dc84fd2a49e6e5eb1ceb7c2a42a44f7502c37d29,https://newsatcl-pctr.c.yimg.jp/t/amd-img/20260706-00394751-tospoweb-000-2-view.jpg?exp=10800,2026-07-06T05:15:37+09:00,2026-07-06T08:40:22+09:00,東スポWEB,tospoweb,東スポWEB,828,早期復帰の期待がかかるホワイトソックス・村上宗隆（ロイター） ホワイトソックスのウィル・ベナブル監督は村上宗隆内野手（26）が前半戦終了前に復帰する可能性があるとの見通しを示した。MLB公式サイトが5日（日本時間6日）に報じた。 同サイトによれば、指揮官は村上の復帰時期について「彼がオールスターブレーク前に復帰する可能性は十分にある」と語った。オールスター戦前に本拠地シカゴで行われる10日（同11日）からのアスレチックス3連戦に、出場する可能性があるという。 村上は5月29日の本拠地タイガース戦で走塁の際に右太もも裏を痛め、30日に負傷者リスト（IL）入り。筋肉の部分損傷にあたる「グレード2」で復帰まで4～6週間と診断された。3日（同4日）に走塁テストを実施。6日（同7日）にチームを離れて、7日（同8日）から傘下3Aシャーロットで1週間程度のリハビリ調整を行う予定だ。 ベナブル監督は「我々はケガの状況、その重大性、そして回復過程を重視したいと考えている。計画は立てるが、もし、順調に回復し、彼の状態も良ければ、必ずしも毎試合出場する必要はない」と語ると、こう強調した。 「つまり状況次第で、日々判断していくということ。少なくとも数試合は出場すると思いますが、その後は様子を見るということ」 57試合で20本塁打、OPS0・938の村上を欠いたチームは苦戦が予想されたが、16勝15敗と粘り、ア・リーグ中地区でガーディアンズに1厘差で首位に立っている。 ベナブル監督は現役時代にパドレスで同僚だったメジャー通算317本塁打のエイドリアン・ゴンザレスを引き合いに出し「彼のような選手がラインアップにいると、誰もが試合に勝てるという自信を持つことができます」と語り、こう期待を寄せた。 「フィールド上でのパフォーマンスだけではなく、彼が復帰してくれる可能性に本当にワクワクしています」 〝村神様〟が再びアーチを量産する日が近づいている。 東スポWEB,[],[]
【巨人】勝ち頭の井上温大「成功体験が増えてきている」　捕手のサインに首振らない理由も説明（東スポWEB）,https://news.yahoo.co.jp/articles/74513ccf47ec895cf75b1e09df1fb7d1804eda06,https://newsatcl-pctr.c.yimg.jp/t/amd-img/20260706-00394735-tospoweb-000-2-view.jpg?exp=10800,2026-07-06T05:15:37+09:00,2026-07-06T06:05:25+09:00,東スポWEB,tospoweb,東スポWEB,788,25歳の若さで巨人の先発陣を牽引している左腕・井上温大 巨人は5日の中日戦（バンテリン）に1―0で勝利し、連敗を「2」で止めた。先発した井上温大投手（25）は、援護が6月下旬に2度目の支配下に昇格した笹原のプロ初アーチによる1点だけだったが、7回98球を投げて3安打無失点、8奪三振の快投で7勝目（5敗）を挙げた。 最大のヤマ場は6回。先頭打者への内野安打と2四球で二死満塁のピンチを招いたが、石川昂を外角低めに鋭く沈む渾身のフォークで空振り三振に仕留めた。静かにベンチへ引き揚げる姿が、充実ぶりを物語っていた。 橋上監督代行も「最後の三振に関しては、彼の成長を感じるところでした」と目を細め、井上は「試合数を重ねるごとにピンチを抑えるケースが多くなってきて、成功体験が増えてきているので、あの場面になってもいいイメージで勝負できてるかなと思います」と迷いのない口調で言った。 年々、頼もしさを増す左腕はマウンドで変わらない姿勢もある。それが捕手のサインにほとんど首を振らないこと。〝イエスマン〟でありながら、勝負どころでは必殺仕事人のごとく要求通りのボールを黙々と投げ込む。 場面によってはサインに戸惑ったり、負担を感じたことはないのか。井上は「首を振る時もあるけど、それは1年に数回あるかないかくらいのことだと思う」と振り返った上で「キャッチャーも考えて出してるんで、それを首を振る根拠も別にこっちにはあんまりないですし。ベテランのピッチャー、勝ってるピッチャーは『そこではこの球はダメ』みたいにたぶん分かると思うんですけど、僕はまだキャッチャーがどういう意図でサインを出してるのかをくみ取って投げるのが大事だと思ってる」と明かした。 捕手への信頼を貫く投球スタイルは、この日も健在。虎の子の1点を守り切ったチームの勝ち頭が2年ぶりのリーグ優勝へけん引していく。 田村杏菜,[],[]
〝修二と彰〟亀梨和也と山下智久が音楽特番でサプライズ復活　ファン歓喜の「青春アミーゴ」は他局にも波及するか（東スポWEB）,https://news.yahoo.co.jp/articles/536935e75720b82e2bc78c308a32bba19c459c80,https://newsatcl-pctr.c.yimg.jp/t/amd-img/20260706-00394737-tospoweb-000-2-view.jpg?exp=10800,2026-07-06T05:15:37+09:00,2026-07-06T05:50:27+09:00,東スポWEB,tospoweb,東スポWEB,743,亀梨和也（左）と山下智久 〝修二と彰〟がそろい踏みだ――。4日に放送された日本テレビ系音楽特番「THE MUSIC DAY 2026」で、亀梨和也と山下智久がサプライズ復活。2人が出演したドラマ「野ブタ。をプロデュース」（2005年、同局系）の主題歌で、ユニット「修二と彰」でリリースした「青春アミーゴ」を披露した。2人が番組に出演すると決まった時から「青春アミーゴ」を期待する声は高まっていた。 【写真】山下智久効果で船橋競馬場が〝記録的〟大にぎわい 司会の櫻井翔から紹介されると、曲のイントロと共に亀梨と山下が登場。これには会場が大歓声に沸き、ネット上でも「マジか」「泣く」「激アツ」などと大騒ぎとなった。 芸能関係者の話。 「これまで他のSTARTO ENTERTAINMENTのタレントがテレビ番組で同曲をカバーすることはありましたが、やはり本家の『青春アミーゴ』は爆発力が違います。今回の番組で最も話題になったのではないでしょうか」 2人が同曲を地上波の音楽番組で披露するのは17年以来、9年ぶり。累計約163万枚を売り上げた大ヒット曲が今もなお存在感を示しているのは驚くべきことだ。 「もともと同曲が日テレのドラマから生まれたものだし、今年5月からネットフリックスで『野ブタ。――』の配信が始まっているという背景もある。もちろん、観客や視聴者を喜ばせたいという思いもあるでしょう。反響が大きかったので、他局の音楽番組で声が上がってもおかしくありません。実際17年の時はテレビ朝日系『ミュージックステーション』で披露していますからね」（同） 山下は5日、自身のXを更新。「昨日は久々に同じステージで亀と歌えて楽しく嬉しい時間でした。改めて感謝」と思いをつづった。 東スポWEB,[],[]
長友佑都はＦＣ東京での今後も未定　〝直系の後輩〟室屋成が明かした胸中「佑都さんがいたら…」（東スポWEB）,https://news.yahoo.co.jp/articles/6a81f363f1095d6112bb7596924bcf7c3283c6b6,https://newsatcl-pctr.c.yimg.jp/t/amd-img/20260706-00394741-tospoweb-000-2-view.jpg?exp=10800,2026-07-06T05:15:37+09:00,2026-07-06T05:45:31+09:00,東スポWEB,tospoweb,東スポWEB,576,代表だけでなく、ＦＣ東京での活動も未定のＤＦ長友佑都 サッカー北中米W杯の戦いを終えたサッカー日本代表DF長友佑都（39＝FC東京）について〝直系〟の後輩が言及した。 【写真】練習後の取材に応じたFC東京のDF室屋成 長友は5大会連続でW杯に出場。敗退後は今後について「ビジョンは白紙というか、全くない」と未定を強調した。FC東京が3日に発表した2026―27年シーズンの選手一覧に長友の名前はなく、これまで着用していた背番号5も空き番となっている。 レジェンドの進退が不透明なまま、FC東京は新シーズンへ始動。5日に東京・小平グラウンドで公開練習を行った。長友と同じ明大出身でサイドバックのDF室屋成は、先輩不在となった練習後に取材に応じた。「佑都さんの決めることなので」と前置きをした上で「佑都さんがいたら（チームが）パッと明るくなる。もしプレーしてくれるなら本当にうれしいことだし、自分たちにとっては本当に心強い」と率直な思いを語った。 また「いなかったら寂しいという気持ちはもちろんある」と吐露。それでも「そうなれば受け止めて、自分たちでまたチームを組み立てていく」と覚悟をのぞかせた。 クラブ関係者は「本人がどういう終わり方を望むか次第。まだ本当に分からない」と現状を明かす。日本サッカーを長年支える鉄人は、どのような決断を下すのか。 吉田翼,[],[]
【北中米Ｗ杯】フランス戦で波紋のウズベク主審〝要注意人物〟だった「多くの議論を巻き起こす審判」＝仏報道（東スポWEB）,https://news.yahoo.co.jp/articles/8b60e9d3a4efa702aadd98ad9b30051f633e35f4,https://newsatcl-pctr.c.yimg.jp/t/amd-img/20260706-00394746-tospoweb-000-2-view.jpg?exp=10800,2026-07-06T05:15:37+09:00,2026-07-06T05:30:32+09:00,東スポWEB,tospoweb,東スポWEB,1114,パラグアイ戦で、主審のタンタシェフ氏(左)に抗議するフランスのエースＦＷエムバペ（ロイター） サッカー北中米W杯決勝トーナメント2回戦（4日＝日本時間5日、米国・フィラデルフィア）、フランスが1―0でパラグアイを下した。一方で、パラグアイの危険なプレーを数多くスルーして波紋を呼んでいるウズベキスタンのイルギズ・タンタシェフ主審は試合前から〝要注意人物〟だった。 【写真】FWエムバペ執拗ににからむパラグアイの選手たち フランス放送局「RMC」は「パラグアイ対フランス戦の主審、イルギズ・タンタシェフ氏は、特に驚くべき判定ミスをいくつか犯し、注目を集めた。まさに泥沼だった。デシャン監督率いるチームは、フィラデルフィアの灼熱のピッチで悪夢のような時間を過ごした。パラグアイの荒々しく、時には暴力的なプレースタイルに、フランス代表は完全に冷静さを失いかけたのだ」と指摘。そしてこう続ける。 「すべての批判の中心にいるのは、試合の主審であるイルギズ・タンタシェフ氏だ。顔や胴体への打撃、許可されていないシャツの引っ張り、非スポーツマン行為など、ウズベキスタン出身の同氏は物議を醸す判定を次々と下し、明らかに激しい攻防を繰り広げていたパラグアイチームは、フランスチームが3枚のイエローカードを受けたのに対し、1枚もイエローカードを受けずに試合を終えた。（VARにより1度警告）」とタンタシェフ主審の不可解裁定が試合を壊したと糾弾する。 そして〝要注意人物〟だったことも判明した。「自由放任主義的な態度で知られる」と同局は指摘。そして「この審判のスタイルは試合前から分かっており、タンタシェフ氏は試合の流れをスムーズにし、多くの身体接触を許容し、ファウルをほとんど取らない傾向があり、特に緊迫した試合やトーナメント戦では多くの議論を巻き起こす審判だと評されていた」と明らかにした。 さらに経験不足も不安視されていた。「42歳で2013年からFIFAの登録リストに名を連ねているタンタシェフ氏は、今回がワールドカップ初出場となる。彼が最高レベルでの審判経験を持つようになったのは、アメリカで開催された今回のW杯までかなり限られていた。というのも、彼は主にアジアチャンピオンズリーグの試合で審判を務めていたからだ」と、W杯の決勝トーナメントという大舞台を任せるに値する実績だったのは意見が分かれそうだ。 同局は「パラグアイ代表に対する制裁措置がなかったことは、全くもって不条理に思えた」とパラグアイの危険なプレーばかりを見逃したタンタシェフ主審の力量に疑問を呈した。 いったいなぜこうした主審が抜擢されてしまったのだろうか…。 東スポWEB,[],[]
大坂なおみ ウィンブルドン初の８強進出！　世界１位サバレンカを撃破「母の日本食に感謝」（東スポWEB）,https://news.yahoo.co.jp/articles/914128f8f05164b7b70281547c39f43e12db7dd6,https://newsatcl-pctr.c.yimg.jp/t/amd-img/20260706-00394750-tospoweb-000-1-view.jpg?exp=10800,2026-07-06T05:15:37+09:00,2026-07-06T05:15:37+09:00,東スポWEB,tospoweb,東スポWEB,622,センターコートで世界１位のサバレンカ(右)を下した大坂なおみ（ロイター） テニスの4大大会、ウィンブルドン選手権（5日＝日本時間6日、ロンドン郊外のオールイングランド・クラブ）の女子シングルス4回戦で世界ランキング14位・大坂なおみ（28）が同1位アリーナ・サバレンカ（ベラルーシ）を6―2、7―6のストレートで破り、自身初の準々決勝進出。日本女子では2004年の杉山愛以来、22年ぶりのベスト8入りとなった。 【写真】客席で観戦した母・環さんを指さす大坂なおみ 大坂はコート上のインタビューで「とても楽しい試合でした。もし負けていても、素晴らしい試合だったと言うと思う。本当に楽しかった。この（センター）コートで初めて勝った試合。とても大きな意味があります。この雰囲気に感謝しています」と満面の笑み。 さらに「そこ（スタンド）に母（環さん）がいるんです」と自ら切り出すと「彼女の料理に力をもらっています。ありがとう。今晩も、ご飯お願いね！ 日本食をたくさん作ってくれます。なので、日本食に感謝したいです」と母への思いを口にした。 4大大会は全米オープンと全豪オープンで2回ずつ優勝しているが、ウィンブルドンでは初の8強入り。大坂は芝コートでの好調の要因を問われると「（コーチの）トマシュ（ビクトロフスキ）に感謝したいです。そしてチームに感謝します」と語った。 次戦は世界9位カロリナ・ムホバ（チェコ）と4強進出をかけて対戦する。 東スポWEB,[],[]
井上尚弥の対戦候補から脱落？　フェザー級世界王者キャリントンが凡戦で評価急落「退屈な試合」（東スポWEB）,https://news.yahoo.co.jp/articles/5a7f27c4e2c511a7da45c0110186e29c18af1647,https://newsatcl-pctr.c.yimg.jp/t/amd-img/20260706-00394749-tospoweb-000-1-view.jpg?exp=10800,2026-07-06T05:15:37+09:00,2026-07-06T05:15:37+09:00,東スポWEB,tospoweb,東スポWEB,658,次戦の相手Ｇ注目されている井上尚弥 ボクシングのWBC世界フェザー級タイトルマッチが4日（日本時間5日）、米オハイオ州クリーブランドで行われ、王者ブルース・キャリントン（米国）が同級9位の挑戦者レネ・パラシオス（メキシコ）をに判定3―0で勝利。初防衛に成功した。 【写真】井上尚弥を挑発し続けてきたブルース・キャリントン かねてキャリントンは、世界スーパーバンタム級4団体統一王者・井上尚弥（大橋）がフェザー級転向を視野に入れていることを念頭に対戦を熱望。モンスターに向けて挑発を繰り返してきた。しかし、この日の防衛戦では格下をKOすることができず、判定に持ち込まれる展開。フェザー級王座統一戦や、井上との対戦に向けてアピールすることはできなかったようだ。 米専門メディア「ボクシング・シーン」は「結果として起こったのは退屈な試合で、どちらの選手もファンを満足させることはなかった」と酷評した。 米「BOXING NEWS24」も「キャリントンはタイトルを防衛したが、パラシオスとの試合でのパフォーマンスは彼が同階級のトップファイターであることや、井上尚弥との対決にふさわしいことを人々に納得させるには至らなかった」とバッサリ。 「キャリントンは、日本のスーパーバンタム級王者、井上尚弥がフェザー級に階級を上げた場合、彼と対戦することに繰り返し興味を示してきた。しかし、試合結果がその対戦への期待を高めたり、キャリントンがフェザー級ナンバーワンであるという主張を強めたりする可能性は低い」と斬り捨てた。 東スポWEB,[],[]
【Ｆ１】ニューウェイ代表の大言壮語に…デラロサ氏が警鐘「我々はまだ非常に遠いところにいる」（東スポWEB）,https://news.yahoo.co.jp/articles/f6d5b0c41911cc189a4839eecfdfcc9d34cf4b2b,https://newsatcl-pctr.c.yimg.jp/t/amd-img/20260706-00394748-tospoweb-000-1-view.jpg?exp=10800,2026-07-06T05:15:37+09:00,2026-07-06T05:15:37+09:00,東スポWEB,tospoweb,東スポWEB,663,最下位に沈んだアストンマーティンのストロールのマシン（手前＝ロイター） F1アストンマーティンは歴史的な低迷が続く中、5日に行われた英国グランプリ（GP）決勝でもフェルナンド・アロンソが18位、ランス・ストロールが19位と完走中ワーストワンツーに沈んだ。 【写真】英国GPに姿を見せたアストンマーティンのニューウェイ代表 それでもアストンマーティンのエイドリアン・ニューウェイ代表は、開幕戦オーストラリアGP以来となる取材に応じた際に、ハンガリーGP（決勝26日）とオランダGP（決勝8月23日）で大型アップデートを予定しており「少なくともポイント圏内に入りたい」「（予選で）トップ10入りは厳しくても、Q2に余裕で進出できれば」と豪語してみせた。 しかし、そうした楽観視をチーム重鎮のペドロ・デラロサ氏がたしなめた。米メディア「モータービスケット」は「アストンマーティン、大幅なアップグレードにもかかわらずハンガリーGPへの過剰な期待に警鐘を鳴らす」と報道。そしてデラロサ氏の言葉をこう伝えた。 「私の仕事は、冷静さを保つというメッセージを伝えることでもある。つまり、我々はまだ非常に遠いところにいるということだ。最前線からは、はるかに遠いところにいる。それが現実であり、我々の現実だ。だから、大きな一歩となるだろうか？ はい、しかしそれは我々がまだ非常に遠いところにいるからだ」と一気に他チームを上回れるようなジャンプアップは期待できないと冷静に語った。 アストンマーティンとホンダの逆襲は本当に始まるのか。 東スポWEB,[],[]
【ノア】OZAWA　GHC王座獲り確信＆〝トンデモ理論〟で「清宮海斗 vs 内藤哲也」のザコ対決を笑う（東スポWEB）,https://news.yahoo.co.jp/articles/a0b494b951bda5cc0046cc2c22a76358541e3c45,https://newsatcl-pctr.c.yimg.jp/t/amd-img/20260706-00394743-tospoweb-000-1-view.jpg?exp=10800,2026-07-06T05:15:37+09:00,2026-07-06T05:15:37+09:00,東スポWEB,tospoweb,東スポWEB,1145,シェインを攻めるＯＺＡＷＡ ノアの〝The Real Rebel〟ことOZAWA（29）が、またもや〝トンデモ理論〟を言いたい放題だ。18日インテックス大阪大会で、GHCヘビー級王者シェイン・ヘイストへの挑戦を前に絶好調。5日後楽園大会では、その次期挑戦者に名乗りを上げた清宮海斗と内藤哲也にも言葉の刃を向ける。やはりこの男は、一筋縄でいきそうにない。 【写真】GHC次期挑戦権を賭けて大阪で戦うとマイクで語る清宮海斗と内藤哲也 OZAWAは5日の後楽園大会でタッグの前哨戦に出場すると、ラフファイトとバネを生かした攻撃で自軍の勝利に貢献。すると試合後、清宮と内藤が大阪大会での一騎打ちの勝者がGHCヘビー級王座に挑戦すると約束したことに「俺に負けたザコたちが挑戦できるベルトではない」と異を唱える。そこに乱入した清宮、止めに入ったYoshiki Inamura（稲村愛輝）とにらみ合った。 その後、取材に「次のGHCヘビー級の王座戦で私、OZAWAが王者になることは決定している。と、シェインも言っていました。よって挑戦者を選ぶ権利は私にある！」とツッコミどころ満載な宣言。続けて「ザコ同士2人で勝手に戦って、ザコの王者を決めたところで挑戦権はない。勝手に決めるな。王者は私OZAWAなのだから。と、シェインも言っていました」と清宮、内藤の意向を却下した。 その上で清宮への〝脱ザコ〟アドバイスを求められ「プロレスの筋はいいんだよ。リング上は身体能力も高い感じでやってるし、そのままでも別にいいと思う。あとはリング外だよね」。メディアなどで見せる最近の〝狂乱顔〟がいき過ぎだとして「ラリっちゃってんじゃん。休んで抜いた方がいい。子供も応援しづらいよ」とやゆした。 返す刀で内藤に「もう、どれだけ選手生命を細く長くできるかみたいなフェーズに入っていると思うから」との視線だ。そして「でしゃばってケガでもされちゃったら、こっちも胸が痛いからさ。〝頑張ったおじいちゃん〟みたいなレジェンドとして、ケガのない程度に頑張っていただきたいかな」と上から目線でたしなめた。 そんな姿にヘイストからは「お前は俺に集中した方がいいんじゃないか」とごもっともな言葉を送られた。だがOZAWAは「シェインに私が足元をすくわれることはありえない。負ける要素が見当たらない！」と意に介さず。それどころか王座戦までの準備を問われ「今月はあんまり調子が良くなくて〝差枚〟でいうと、マイナス1万枚はいっちゃってるからさ。何とかして、まくっていきたいんだよね」とスロットの話題。「当分は一日中ホールを歩き回ってやっていきたい。そっちに集中する」とうそぶくのだった。それぞれの思い渦巻くGHC戦線。最後に笑うのは…。 前田聡,[],[]
【ＮＢＡ】八村塁　移籍先にティンバーウルブズ浮上も…話進まぬ複雑事情＝米報道（東スポWEB）,https://news.yahoo.co.jp/articles/36b6087d9c53348bfc4bfdbbc18dac857181055a,https://newsatcl-pctr.c.yimg.jp/t/amd-img/20260706-00394744-tospoweb-000-1-view.jpg?exp=10800,2026-07-06T05:15:37+09:00,2026-07-06T05:15:37+09:00,東スポWEB,tospoweb,東スポWEB,586,プレーオフでさらに評価を上げた八村塁（ロイター） 米プロバスケットボールNBAレイカーズをフリーエージェント（FA）となった八村塁に、ティンバーウルブズが興味を示している。 米メディア「HEAVY」は「ティンバーウルブズは、FA市場に残っている最も有名な選手の獲得競争の場に依然として残っている」と報道。ティンバーウルブズの補強ポイントと八村の能力が一致することから「八村塁はティンバーウルブズの新たな中核にフィットする」との見方を示した。 昨季の八村のパフォーマンスを通じ「コートを広く使い、複数のポジションを守り、自分を中心としたオフェンスを必要とせずに活躍できる能力を持っている。彼はレギュラーシーズンで平均11・5得点を記録し、フィールドゴール成功率は51・4％、3点シュート成功率は44・3％だった。ポストシーズンに入ってからはプレーのレベルを上げた」と分析。守備面でも「これらの特性を生かして支え続けることは可能だろう」と高評価を下した。 ただ、現時点では不透明な部分も多いという。「ティンバーウルブズはサラリーキャップの制約に直面しており、別の取引によって追加の財政上の余裕が生まれない限り、現在利用できる条項は限られている。FA期間が終了する前に、他のチームも獲得に乗り出す可能性がある」と指摘。八村の所属先が決まるのはいつになるのだろうか。 東スポWEB,[],[]
【新日本】本間朋晃　妻・千恵さんの言葉を胸に…来年の引退試合は「真壁さんと組んでやりたい」（東スポWEB）,https://news.yahoo.co.jp/articles/26cbba7f793a176e3c5ad31ce5d5fa48afc055d3,https://newsatcl-pctr.c.yimg.jp/t/amd-img/20260706-00394738-tospoweb-000-1-view.jpg?exp=10800,2026-07-06T05:15:37+09:00,2026-07-06T05:15:37+09:00,東スポWEB,tospoweb,東スポWEB,1336,好タッグチームだった真壁刀義(右)と本間朋晃のG.Ｂ.H 新日本プロレスで活躍する人気レスラーの本間朋晃（49）が、ラストマッチに秘める思いを明かした。4日に現役引退を表明し、来年開催の山形大会（日程・会場未定）で引退試合を行う本間は盟友・真壁刀義と最後の共闘を熱望。首の大ケガから奇跡の復活を遂げた男が、誰よりも愛したリングを去る決断をした舞台裏、そして引退後の青写真とは――。 【写真】2018年の結婚公表後も、本間朋晃をしっかり支えた妻・千恵さん 古傷の首の悪化により欠場が続いていた本間は4日に地元・山形で行われた大会でリングに上がり、現役引退を表明した。2018年6月に中心性頸髄損傷から奇跡の復活を遂げたものの、パフォーマンスに納得できない日々が続いた。今年5月に受けた検査で頸椎の骨が大きく変形していたことが判明し、リングに上がる危険度が高まっていたことも決断の大きな要因となった。 本間は取材に「僕はデビュー当初はプロレスラーとして『太く短く』が信念というか目標だったんです。でも、今は細く細く細～くてもいいから、長～く生きたかったなって思うんです。本当にプロレスが大好きでした」と胸中を告白。無念の思いを抱えながらもリングを去る決心の裏には、長期欠場中から支え続けてくれた妻・千恵さんの存在があった。 「『元気なうちに終われて良かったんじゃない？』って言ってくれましたね。『この先も長いんだし、やれることやっていこうよ』って。僕一人で決められることじゃなかったですから、決断を後押ししてもらいました。本当は5歳の娘が、もう少しはっきりプロレスというものが分かるくらいまで頑張りたかったんですけど…。そこは家庭円満で埋めたいです」と振り返った。 引退試合に関しては未定な部分が多い。ただ心に決めていることが一つだけある。「やっぱり僕の歴史の中で欠かせない真壁さんと組んでやりたいですね」と、07年2月の「G．B．H」加入から20年近くも共闘してきた盟友とのラストタッグ結成を希望した。 真壁に出会わなければ、こんなにも長く現役を続けることはなかった。「組み始めた時に『テメーの自己満足みたいな試合しやがって』ってぶん殴られたこともあるんですけど、あれで僕は変わったんです。真壁さんにプロレスの奥深さというか楽しさを教えてもらいました」。 本間の思いを伝え聞いた真壁も「当たり前だろ。ただ引退試合となったら、今まで九分九厘、俺が出て戦ってきたけど、8―2でお前にやらせるからなって。ボロぞうきんになっても、そこから立ち上がる勇気をファンの連中に見せつけてみなって」と呼応した。 引退後については未定で、本間自身は「タレント活動？ プロレスラーとしてのお呼ばれだったんで…一般の声がガサガサの人が呼ばれるのかなって。ただ、プロレスで元気を伝えたいというのが僕のモットーだったので。こけしではなくなるかもしれないけど、何かの形でハッピーを与えられることをやりたいですね」と引退試合までの約1年間で熟考する意向だ。 波乱万丈なプロレス人生に「楽しかったし、本当に幸せな30年でした」と胸を張った本間は、間違いなくファンの記憶にいつまでも残る名レスラーだ。 岡本佑介,[],[]
【中日】星野監督の〝遺志〟どこに…日曜日に最低勝率で「惨デー」の悪夢再来（東スポWEB）,https://news.yahoo.co.jp/articles/6b7209d13e137d03e3804d3d9545ede16c9b0dac,https://newsatcl-pctr.c.yimg.jp/t/amd-img/20260706-00394734-tospoweb-000-1-view.jpg?exp=10800,2026-07-06T05:15:37+09:00,2026-07-06T05:15:37+09:00,東スポWEB,tospoweb,東スポWEB,753,井上監督は日曜日の成績に何を思う？ なかなか波に乗れない。中日が5日の巨人戦（バンテリン）に0―1で敗れ、連勝は「3」でストップ。借金は「17」となってしまった。 先発・金丸は7回5安打1失点と役割を十分に果たしながらも6敗目を喫した。2回に笹原にプロ入り初本塁打を許し、これが決勝点。2年目左腕は「悔しい一発でした」と唇をかんだ。 最下位脱出のためにも連勝を重ねたかったドラゴンズだが、気になるのが日曜日に全く勝てないということだ。今季、日曜日に行われた試合は3勝11敗の借金「8」。曜日別でもぶっちぎりの最低勝率（2割1分4厘）となっている。 日曜日にホームのバンテリンドームで行われた試合は、7試合すべて3万6500人以上の超満員となっているものの1勝6敗となかなか勝てない。これには球団サイドも「満員のお客さんに白星を届けたいのですが…」と渋い顔だ。 日曜日に勝てないということで思い起こされるのは星野監督（故人）時代の1998年だ。この年、中日は紫紺の縦じま＆ノースリーブデザインの「サンデーユニホーム」を導入。日曜日のホームゲーム限定で着用した。 ところが、星野監督の「日曜日は絶対に勝たなあかん！ 月曜日に試合がないから日曜日に負けると2日間嫌な気持ちのまま過ごさなあかんから」という思いとは裏腹に、サンデーユニホームで臨んだ試合では3勝9敗。大きく負け越し、〝惨デーユニホーム〟〝惨デードラゴンズ〟とやゆされる事態に…。結局、サンデーユニホームは同年限りで廃止されてしまった。 その98年よりもさらに日曜日に勝てなくなっている今季のドラゴンズ。井上一樹監督（54）は98年にレギュラーに定着し、当時のことをよく覚えているはずだけに日曜日の成績についてはじくじたる思いがありそうだ。 宮本泰春,[],[]
【阪神】才木浩人は「疲れもなかった」と気丈も…雨天中止の大量発生でよぎる８年前の〝大転落〟（東スポWEB）,https://news.yahoo.co.jp/articles/3411e6ef76aa7e5fb681ac1f0313f855a84e4a0d,https://newsatcl-pctr.c.yimg.jp/t/amd-img/20260706-00394733-tospoweb-000-1-view.jpg?exp=10800,2026-07-06T05:15:37+09:00,2026-07-06T05:15:37+09:00,東スポWEB,tospoweb,東スポWEB,847,６月以降も、雨で室内での調整が増えている阪神・才木浩人 阪神は5日の広島戦（甲子園）に6―4で逆転勝ちし、連敗を「2」で止めた。 同点で迎えた5回には佐藤の〝ランニング3ラン〟が飛び出した。一死一、二塁から相手先発・床田の7球目をとらえた打球は右前へ。単打と思われたが、右翼手・野間の後逸と悪送球で打者走者の佐藤も本塁に生還し、3点をもぎ取った。終盤にはリリーフ陣が失点して2点差まで迫られたが、藤川球児監督（45）は「内容はさておき、ファンの方に勝利を届けられたことに一安心ですね」と安堵の表情を浮かべた。 【写真】8年前、まだ細身だった阪神・才木浩人 この日は午前中から雨が降り続いたが、試合開始直前から晴れ間も広がり、無事にプレーボールがかかった。ここまで12度の雨天中止に見舞われ、9試合が未消化。9月14日には中日戦（甲子園）の振り替え試合が行われる予定だが、甲子園での6試合、マツダでの1試合、横浜での2試合の日程は決まっていない。今後も台風の影響などで中止が増える可能性もあり、終盤は過密日程を強いられることとなりそうだ。 思い出されるのは2018年だ。年間20試合が中止となり、9月26日から球団史上最長の14連戦が組まれた。途中で雨天中止も挟んだことから、最後はCS開催中にレギュラーシーズンの試合を消化する異例の事態に。そんな厳しい日程に打ち勝てず、4勝10敗と大きく負け越すと、10月4日に最下位へ転落。虎党にとっても忘れがたい記憶として刻まれている。 一方で当時プロ2年目だった才木は「普段通りに調整していたし、疲れたりってのもなかったと思いますね」とキッパリ。今シーズンもタフな日程となる見込みだが「野手やリリーフのみんなは大変な部分もあると思うけど、自分は（後ろにずれた分）よっしゃ投げられるって感じですね」と前向きに語った。 それでも最下位に陥落した苦い思い出もよぎる大量の雨天中止。同じ失敗を繰り返さないためにも、秋の勝負どころで踏ん張るしかない。 東スポWEB,[],[]
