headline,mainEntityOfPage,image,datePublished,dateModified,author,media_en,media_jp,str_count,body,images,external_links
レゾナックＨＤ、完全子会社クラサスケミカルの上場計画発表…主力の半導体・電子材料事業に経営資源集中（読売新聞オンライン）,https://news.yahoo.co.jp/articles/2c4a33e3b17c758c68bfb71bf9c0b5bd3862ae68,https://newsatcl-pctr.c.yimg.jp/t/amd-img/20260706-00000474-yom-000-2-view.jpg?exp=10800,2026-07-06T23:15:12+09:00,2026-07-06T23:15:50+09:00,読売新聞オンライン,yom,読売新聞オンライン,388,"経済
化学大手レゾナック・ホールディングス（ＨＤ）は６日、石油化学事業を手がける完全子会社クラサスケミカルの株式について、９月２９日に東京証券取引所スタンダード市場へ上場させる計画を発表した。８月下旬の取締役会での決議を目指すとしている。
レゾナックは、主力の半導体・電子材料事業に経営資源を集中するため、２０２４年に石油化学事業を分社化し、上場を目指すと発表していた。分社化したクラサスケミカルは、大分県でプラスチック製品の材料となる基礎化学品のエチレンなどを生産している。今年４月下旬に東証に上場申請を行ったが、上場承認はまだ出ていない。
上場では、再編時の譲渡損益などを課税対象外とする「パーシャルスピンオフ（部分分離）」と呼ばれる枠組みを利用する。レゾナックが持つクラサスケミカルの株を、レゾナックの株主に割り当て、最終的にレゾナックによる保有比率を２０％未満とする。",[],[]
天皇陛下が芸術院授賞式にご出席…映画「国宝」の李相日監督ら１１組１２人が受賞（読売新聞オンライン）,https://news.yahoo.co.jp/articles/2ac3c24b14bbfc1a97c68a3d0706a49eeb589b02,https://newsatcl-pctr.c.yimg.jp/t/amd-img/20260706-00000364-yom-000-2-view.jpg?exp=10800,2026-07-06T22:25:48+09:00,2026-07-06T22:26:22+09:00,読売新聞オンライン,yom,読売新聞オンライン,323,"第８２回日本芸術院授賞式に出席された天皇陛下（６日、東京都台東区で）＝代表撮影
天皇陛下は６日、東京・上野で開かれた第８２回日本芸術院授賞式に出席された。優れた業績があった芸術家を顕彰するもので、今回は映画「国宝」の李（リ）相日（サンイル）監督（５２）ら１１組１２人が日本芸術院賞を受賞した。建築家ユニットの妹島（せじま）和世さん（６９）と西沢立衛（りゅうえ）さん（６０）ら３組４人には、恩賜賞も贈られた。
天皇、皇后両陛下は式後に受賞者らを皇居・宮殿に招き、茶会を開かれた。秋篠宮ご夫妻や両陛下の長女愛子さま、秋篠宮家の次女佳子さまも同席された。天皇陛下は「今後ともそれぞれの分野の発展のために力を尽くされますよう願っております」と述べられた。",[],[]
W杯にアメリカの中南米系住民ら、排他的移民政策のもとで熱狂…「強制送還怖い」との声も（読売新聞オンライン）,https://news.yahoo.co.jp/articles/ba68a6fbf824e7acb0e1cada8081c3063aabb587,https://newsatcl-pctr.c.yimg.jp/t/amd-img/20260706-00000379-yom-000-2-view.jpg?exp=10800,2026-07-06T22:13:20+09:00,2026-07-06T22:14:02+09:00,読売新聞オンライン,yom,読売新聞オンライン,1105,"【ロサンゼルス＝増田知基】サッカー・ワールドカップ（Ｗ杯）北中米３か国大会では、開催国の一つである米国の排他的な移民政策が影を落としている。不法移民の摘発を担う連邦職員がスタジアム付近で警備に当たり、空港では厳しい入国制限が相次ぐ。中南米系住民は、日頃のうっぷんを晴らすかのように試合に熱い声援を送った。
滞在資格なし
「強制送還は怖い。それでも生きていかなければ」
６月２４日、米ロサンゼルス郊外のハンティントンパークで、メキシコの勝利を喜ぶ人たち＝増田知基撮影
６月下旬、Ｗ杯の試合が行われた米ロサンゼルス郊外のスタジアム。サポーターの熱狂とは対照的に、メキシコ出身の清掃員サンドラさん（４０）はモップを手に静かに語った。
米国で合法的な滞在資格はない。約１年前、移民・関税執行局（ＩＣＥ）による摘発が各地で本格化し、強制送還を恐れて外出できなくなった。貯金を使い果たし、再び働きに出たが、「私のコミュニティーでは誰かが連行された話を毎日耳にする」と不安を語る。
スタジアムの労働者には中南米やアフリカ系など有色人種が多い。約２０００人の組合員は労使交渉を行い、期間中にＩＣＥが働き手の安全を脅かした場合、ストライキを起こす権利を認めてもらうことで折り合った。大会は盛り上がりを見せるが、サンドラさんは「（移民の）環境が良くなるとは思わない」と冷めた表情でこぼす。
入国認めず
不法移民対策を強化するトランプ政権は、「安全確保のため」「人身売買や偽造チケットの販売を食い止める」などとしてＷ杯会場にＩＣＥ職員を派遣した。
開幕後、強硬な摘発は顕在化していない。ただ、移民問題で米国とぶつかる国への対応は厳しい。ソマリア人初の審判員を務める予定だった男性やイラク代表の同行カメラマンは入国を拒否された。イラク代表の副キャプテンが空港で長時間拘束された例もあった。
ラテン魂
逆境の中でも、移民社会はＷ杯に沸いている。
「バモス、メヒコ！（頑張れ、メキシコ）」。多くの中南米系が住むロサンゼルス郊外のハンティントンパーク。７月５日の試合でメキシコはイングランドに惜敗したが、住民らは終始声援を送り続けた。
昨年、この地域をＩＣＥが急襲した。住民がおびえ、目抜き通りは空き店舗も目立つ。メキシコ料理店で店長を務めるカルラ・ロペスさん（３２）は「来店者は１年前の半分くらい。試合の日は活気が戻り、うれしい」と笑う。
両親がメキシコ移民で、米国生まれのサンドラ・パレデスさん（２１）は「サッカーはラテン系の魂。どんなに混沌（こんとん）とした状況下でも、サッカーがあれば私たちは立ち上がることができる」と力強く語った。",[],[]
自民・小林政調会長が大阪で講演、維新候補と競合しても「統一地方選はガチンコ勝負」（読売新聞オンライン）,https://news.yahoo.co.jp/articles/aceee12adb3b96c8702a5846c186c356db326a9e,https://newsatcl-pctr.c.yimg.jp/t/amd-img/20260706-00000423-yom-000-3-view.jpg?exp=10800,2026-07-06T21:59:35+09:00,2026-07-06T22:00:44+09:00,読売新聞オンライン,yom,読売新聞オンライン,264,"自民党の小林鷹之政調会長（５月２１日）
自民党の小林政調会長は６日、大阪市内で開かれた党大阪府連の会合で講演し、来春の統一地方選について「厳しい戦いになるが、どんな相手にも負けるわけにはいかない。ガチンコで勝負する」と語った。
大阪は日本維新の会の本拠地で、府議選などで自民と維新の候補者が競合する見通しだ。維新の中司幹事長は４月、自民の鈴木幹事長に統一選を念頭に選挙協力の検討を打診したが、協議は停滞している。
一方、小林氏は「維新の存在がなければ、高市政権は存在しなかった。この事実を謙虚に受け止める必要がある」とも述べた。",[],[]
群馬・伊勢崎子ども２人死亡、遺体近くにネクタイ数本…殺人容疑の父親「２人の首を絞めて殺した」（読売新聞オンライン）,https://news.yahoo.co.jp/articles/3bf278a4061fc9198c2be14bb08bdb83ad586582,https://newsatcl-pctr.c.yimg.jp/t/amd-img/20260706-00000438-yom-000-7-view.jpg?exp=10800,2026-07-06T21:57:12+09:00,2026-07-06T23:39:53+09:00,読売新聞オンライン,yom,読売新聞オンライン,476,"規制線が張られた現場の住宅（６日午前７時２０分、群馬県伊勢崎市で）
群馬県伊勢崎市田中島町の自宅で小学１年の長女を殺害したとして、県警は６日、父親の会社員井上敏典容疑者（４２）を殺人容疑で逮捕した。同じ部屋で保育園児の長男も死亡しており、県警は長男への殺人容疑でも調べる。
発表によると、井上容疑者は５日午後３時頃、長女明莉（あかり）さん（６）の首を絞めて殺害した疑い。明莉さんと弟柊利（しゅうり）ちゃん（３）の首には絞められた痕があり、遺体近くに容疑者のものとみられるネクタイ数本があった。容疑者は調べに「２人の首をネクタイなどで絞めて殺した」と話している。
井上容疑者は妻（３８）と子ども２人の４人暮らし。仕事を終え帰宅した妻が５日午後８時５分頃、２階の部屋で布団に倒れている２人を見つけ、１１９番した。井上容疑者は不在で、約３０分後に伊勢崎署に出頭した。家族間のトラブルや子育てに関連した相談などは確認されていないという。
近所の８０歳代女性は、公園で子ども２人と遊ぶ井上容疑者を見たことがあり、「仲の良さそうな家族に見えた」と驚いた様子だった。",[],[]
羽生結弦さんの衣装イメージした「玉虫塗コンパクトミラー」、売り上げの一部を読売光と愛の事業団に寄付（読売新聞オンライン）,https://news.yahoo.co.jp/articles/04e00d062825a7526e48120da850b02ce38d221a,https://newsatcl-pctr.c.yimg.jp/t/amd-img/20260706-00000443-yom-000-2-view.jpg?exp=10800,2026-07-06T21:41:45+09:00,2026-07-06T21:42:36+09:00,読売新聞オンライン,yom,読売新聞オンライン,201,"羽生結弦さん
読売新聞社は６日、「美術展ナビオンラインストア」で３月に販売したプロスケーター・羽生結弦さんの衣装をイメージした「玉虫塗コンパクトミラー」について、売り上げの一部１５４万３６８０円を読売光と愛の事業団に寄付することを決めた。
同事業団は寄付金を基金として積み立て、主に国内で大規模災害が起こった際、被災した自治体などに支援金として助成する。基金を運営するための事務経費には使わないという。",[],[]
Ｗ杯米ＦＷバログンの出場停止処分猶予、スポーツ団体の独立性への信頼揺るがす（読売新聞オンライン）,https://news.yahoo.co.jp/articles/88242f704e1289fd0f707b57b6465258d92b306e,https://newsatcl-pctr.c.yimg.jp/t/amd-img/20260706-00000440-yom-000-4-view.jpg?exp=10800,2026-07-06T21:37:19+09:00,2026-07-06T22:45:55+09:00,読売新聞オンライン,yom,読売新聞オンライン,383,"１日に行われたＷ杯の試合で、ボスニア・ヘルツェゴビナの選手（左）に対して反則をするバログン選手＝ＡＰ
異例の事態が起きた。決勝トーナメント１回戦で一発退場となった米国代表ＦＷバログンが、６日（日本時間７日）に行われる２回戦のベルギー戦に出場できると、国際サッカー連盟（ＦＩＦＡ）が発表した。トランプ米大統領が介入したとされる。
ＦＩＦＡの懲戒規定によれば、退場処分を受けた場合、自動的に次の試合は出場停止になる。しかし、ＦＩＦＡは５日の発表で、詳しい理由を説明せずに停止処分の執行を１年間猶予するとした。
ＦＩＦＡのインファンティノ会長は昨年１２月、新設した「ＦＩＦＡ平和賞」をトランプ氏に授与して、強い批判を受けた。最高峰の大会での一連の経緯を見ると、判定と処分の公平性、政治権力からのスポーツ団体の独立性を揺るがす状況だと言わざるを得ない。（編集委員　川島健司）",[],[]
横綱豊昇龍が境川部屋に出稽古、２１番取り馬力十分の好内容「良い感じ」（読売新聞オンライン）,https://news.yahoo.co.jp/articles/877cd3066c66528f38f417488d36e646c54ca4de,https://newsatcl-pctr.c.yimg.jp/t/amd-img/20260706-00000431-yom-000-2-view.jpg?exp=10800,2026-07-06T21:17:57+09:00,2026-07-06T21:18:42+09:00,読売新聞オンライン,yom,読売新聞オンライン,290,"出稽古で相撲を取る豊昇龍（愛知県扶桑町の境川部屋で）
大相撲名古屋場所（１２日初日・ＩＧアリーナ）に向け、先場所を右脚のけがで途中休場した横綱豊昇龍（立浪部屋）が６日、愛知県扶桑町の境川部屋に番付発表後初めて出稽古した。馬力十分の好内容に「良い感じに稽古できた」と充実感をにじませた。
豊昇龍は平戸海のほか、同じく出稽古に来た伯乃富士（伊勢ヶ浜部屋）と藤凌駕（藤島部屋）を指名して計２１番。出足鋭い押しや力強い寄りなど多彩な取り口で圧倒した。右脚の状態については「見ての通り大丈夫」と笑顔も見せた。
幕内力士では他に、大関霧島、関脇熱海富士、平幕の藤ノ川と藤青雲が出稽古に訪れた。",[],[]
アパートで血を流した２０歳女性死亡、室内に凶器とみられる刃物…現場近くで男性が電車と接触し死亡（読売新聞オンライン）,https://news.yahoo.co.jp/articles/45797d8732258ebd7db74d0294146bb63ea2dccd,https://newsatcl-pctr.c.yimg.jp/t/amd-img/20260706-00000425-yom-000-7-view.jpg?exp=10800,2026-07-06T20:52:15+09:00,2026-07-06T22:18:30+09:00,読売新聞オンライン,yom,読売新聞オンライン,478,"静岡県警察本部
６日午前１１時半頃、浜松市中央区舞阪町舞阪で「隣のアパートから女性の悲鳴がする。黒い格好の男が立ち去った」と１１０番があった。駆けつけた警察官が、室内で血を流して心肺停止の状態で倒れている女性を発見。女性は搬送先の病院で死亡が確認された。室内からは凶器とみられる刃物が見つかり、県警が殺人事件として捜査している。
県警によると、午前１１時４５分頃には、現場近くのＪＲ東海道線の線路上で、電車と男性が接触する事故があり、男性はその場で死亡した。アパートから立ち去った人物と衣服などの特徴が似ており、県警は、男性が事件に関与した可能性もあるとみて調べている。
発表によると、亡くなったのは、このアパートの一室に住むインドネシア国籍で職業不詳、ケイコ・アルタイラ・ハナフィさん（２０）。４０歳代の両親と３人で暮らしており、事件当時、両親は外出中だった。これまでに３人から県警への相談歴はなかった。
現場はＪＲ舞阪駅から西に５００メートルの住宅街。近所に住む３０歳代男性は「穏やかに住民が過ごすエリアなので、突然警察や救急車が来て驚いた」と話した。",[],[]
巨人、育成ドラフト５位新人の知念大成外野手と支配下契約…２０２４年に橋上監督代行が率いるオイシックスでプレーしイースタン・リーグ首位打者（読売新聞オンライン）,https://news.yahoo.co.jp/articles/8665ab00f2819c4f3f76d68f86a5c763e7b7f3ce,https://newsatcl-pctr.c.yimg.jp/t/amd-img/default.jpg?exp=10800,2026-07-06T20:33:10+09:00,2026-07-06T20:33:41+09:00,読売新聞オンライン,yom,読売新聞オンライン,254,"巨人は６日、育成ドラフト５位新人の知念大成外野手（２６）（オイシックス）と支配下契約を結んだと発表した。背番号は９４。沖縄出身の左打者は今季ここまで二軍戦１７試合に出場し、打率４割３分９厘、８打点をマークしている。
２０２４年には橋上監督代行が率いるオイシックスでプレーし、イースタン・リーグ首位打者に輝いた。同じ指揮官の下で再び戦うことについて、知念は記者会見で「胴上げしたい気持ちはずっと持っているし、思いは人一倍強い」と話し、「二軍でも三軍でも満員の東京ドームをイメージして練習してきた」と意気込んだ。",[],[]
巨人は甲斐拓也、小浜佑斗、中山 礼都、浅野翔吾を出場選手登録を抹消（読売新聞オンライン）,https://news.yahoo.co.jp/articles/78ecd9fa78a42fbd73a4364947e56997b75e023b,https://newsatcl-pctr.c.yimg.jp/t/amd-img/default.jpg?exp=10800,2026-07-06T20:30:01+09:00,2026-07-06T22:16:41+09:00,読売新聞オンライン,yom,読売新聞オンライン,38,巨人は６日、甲斐、小浜佑斗（沖縄電力）、中山、浅野を出場選手登録を抹消した。,[],[]
巨人が育成右腕の堀江正太郎をハヤテベンチャーズ静岡に派遣（読売新聞オンライン）,https://news.yahoo.co.jp/articles/cd31c0a52337ee32bdc3384b6ffa29904924efb3,https://newsatcl-pctr.c.yimg.jp/t/amd-img/default.jpg?exp=10800,2026-07-06T20:25:25+09:00,2026-07-06T22:18:03+09:00,読売新聞オンライン,yom,読売新聞オンライン,82,巨人は６日、育成右腕の堀江正太郎投手（１９）をハヤテベンチャーズ静岡に派遣すると発表した。ファーム・リーグ参加球団規程に基づくもので、期間は６日から９月３０日まで。,[],[]
「マグロ漁船かカニ漁船に乗るか、殺されるか選べ」歌舞伎町路上で男性を暴行し誘拐容疑…暴力団員ら４人逮捕（読売新聞オンライン）,https://news.yahoo.co.jp/articles/47205b4f6c33ee411659998feac0cdb8d424a913,https://newsatcl-pctr.c.yimg.jp/t/amd-img/20260706-00000415-yom-000-6-view.jpg?exp=10800,2026-07-06T20:20:35+09:00,2026-07-06T21:16:50+09:00,読売新聞オンライン,yom,読売新聞オンライン,425,"警視庁
東京・歌舞伎町の「トー横」に出入りする男女を海外に送るために誘拐したとして暴力団組員が逮捕された事件で、警視庁は６日、別の男性に対する国外移送目的誘拐容疑で、住所・職業不詳の住吉会系暴力団組員、山尾輝斗容疑者（２５）を再逮捕し、新たに東京都練馬区桜台、職業不詳石丸竜次容疑者（６２）ら男３人を逮捕した。
【図解】ひと目で分かる…逮捕からの主な流れ
発表によると、４人は昨年６月下旬、石丸容疑者の知人女性と金銭トラブルを抱えていた男性（５２）に新宿区歌舞伎町の路上で暴行を加えた上、「マグロ漁船に乗るか、カニ漁船に乗るか、ここで殺されるか選べ」と脅迫し、タクシーに乗せて誘拐した疑い。
石丸容疑者らは男性を海外で働かせようと考え、山尾容疑者に相談していたという。男性は「海外に行き、労働することを約束します」という誓約書を書かされていた。同庁は、山尾容疑者がトー横などで知り合った複数の男女をカンボジアの特殊詐欺拠点に送り込んでいたとみている。",[],[]
野球のサイン交換機器「ピッチコム」、今季中に二軍戦で使用認める方向で検討…１２球団の実行委（読売新聞オンライン）,https://news.yahoo.co.jp/articles/92c0c6a9719d4d268a3bad1ef7c5536d8b2989fc,https://newsatcl-pctr.c.yimg.jp/t/amd-img/20260706-00000405-yom-000-2-view.jpg?exp=10800,2026-07-06T20:11:29+09:00,2026-07-06T20:12:08+09:00,読売新聞オンライン,yom,読売新聞オンライン,152,"ＷＢＣでのピッチコムの送信機（左）、捕手用受信機（右上）、投手用受信機（右下）
プロ野球１２球団による実行委員会が６日、東京都内で行われ、来季からの使用解禁に向けて準備が進められているサイン交換機器「ピッチコム」について、希望球団があれば、今季中に二軍戦で使用を認める方向で検討していることが報告された。",[],[]
高市首相が予算委集中審議と党首討論への出席表明、参院は７日から正常化…衆院は空転続く（読売新聞オンライン）,https://news.yahoo.co.jp/articles/454024441d5db29bb03fa24d325faee1c1927a37,https://newsatcl-pctr.c.yimg.jp/t/amd-img/20260706-00000413-yom-000-2-view.jpg?exp=10800,2026-07-06T20:06:58+09:00,2026-07-06T20:07:44+09:00,読売新聞オンライン,yom,読売新聞オンライン,499,"参院決算委員会に臨む高市首相（中央）（６日、国会で）＝米山要撮影
高市首相は６日の参院決算委員会で、野党が要求していた参院予算委集中審議と党首討論に出席する意向を表明した。これを受け、野党は７日から参院では法案の審議に応じる。一方、衆院では与野党が対立したまま空転が続いている。
首相は参院決算委で、予算委集中審議などに「求めがあればしっかりと出席し、答弁する」と述べた。立憲民主党の吉田忠智氏の質問に答弁した。決算委に先立ち、自民党の磯崎仁彦参院国会対策委員長は６日、立民の斎藤嘉隆国対委員長と国会内で会談し、集中審議などの開催に応じると伝えた。党首討論は１５日に行う方向で調整する。
斎藤氏はその後、参院の野党５党の国対委員長と会談し、参院での法案審議の再開を決めた。参院では、再審制度を見直す刑事訴訟法改正案など、政府が提出した１６法案の審議が滞っている。
一方、衆院では、野党が衆院議員定数削減、「副首都構想」関連の２法案の成立断念を求め、与党が受け入れなければ皇室典範改正案の審議入りに応じない状態が続いている。高市首相（自民党総裁）は６日夕の党役員会で２法案を成立させる考えを強調した。",[],[]
愛知・長久手で２０代男性が腹部刺され搬送、刺したとみられる人物は逃走…殺人未遂事件として捜査（読売新聞オンライン）,https://news.yahoo.co.jp/articles/c1bf0ead8a53e443d21595396e0ce5910d081422,https://newsatcl-pctr.c.yimg.jp/t/amd-img/20260706-00000407-yom-000-3-view.jpg?exp=10800,2026-07-06T19:54:09+09:00,2026-07-06T20:57:34+09:00,読売新聞オンライン,yom,読売新聞オンライン,182,"愛知県警察本部
６日午後５時５０分頃、愛知県長久手市片平の遊歩道で、「若い子がおなかを刺された」と通行人から１１０番があった。県警愛知署や消防によると、２０歳代の男性が腹部を刺され、病院に搬送された。搬送時、意識はあり、会話もできる状態だったというが、詳しい容体は分かっていない。
刺したとみられる人物は現場から逃走しており、同署が殺人未遂事件として捜査している。",[],[]
「だまし討ちとも思える姑息な小細工は極めて失礼」…立民・水岡代表が政府の皇室典範改正案を批判（読売新聞オンライン）,https://news.yahoo.co.jp/articles/6024675517fe081515ed4d7834eed4a37814296c,https://newsatcl-pctr.c.yimg.jp/t/amd-img/20260706-00000400-yom-000-4-view.jpg?exp=10800,2026-07-06T19:42:40+09:00,2026-07-06T20:45:48+09:00,読売新聞オンライン,yom,読売新聞オンライン,215,"立憲民主党の水岡代表（４月７日）
立憲民主党の水岡代表は６日の記者会見で、政府の皇室典範改正案について、「だまし討ちとも思える姑息（こそく）な小細工は立法府に対して極めて失礼。皇室をおとしめるものだ」と批判した。
【表】一目でわかる…皇室典範改正案のポイント
改正案は、皇室に迎えた養子に生まれた男子が皇位継承資格を持つことを明確にするなど、衆参両院による「立法府の総意」に盛り込まれなかった内容も含まれ、一部野党が批判している。",[],[]
ＪＣＢ「ザ・クラス」相当のクレカ、ＡＳＥＡＮ富裕層向けに発行へ…三菱ＵＦＪと協業で基本合意（読売新聞オンライン）,https://news.yahoo.co.jp/articles/82ce2f0dc53ebe57464b1c8b458f431362cfb7c9,https://newsatcl-pctr.c.yimg.jp/t/amd-img/20260706-00000398-yom-000-2-view.jpg?exp=10800,2026-07-06T19:35:34+09:00,2026-07-06T19:36:18+09:00,読売新聞オンライン,yom,読売新聞オンライン,487,"三菱ＵＦＪ銀行とＪＣＢは共同でＡＳＥＡＮの富裕層に向けたカードを発行する（６日午後２時、東京都千代田区で）
三菱ＵＦＪ銀行とカード大手のジェーシービー（ＪＣＢ）は６日、東南アジア諸国連合（ＡＳＥＡＮ）での決済サービスの高度化に向けた協業で基本合意したと発表した。両社の顧客基盤やネットワークを生かし、ＡＳＥＡＮ地域の富裕層向け事業の拡大を目指す。
協業では、ＪＣＢの最上位カード「ザ・クラス」に相当するクレジットカードを、三菱ＵＦＪフィナンシャル・グループ（ＭＵＦＧ）の出資先銀行を利用する富裕層向けに発行する。カード利用者には、日本国内の予約困難な飲食店の利用や祭りなどの伝統文化を体験できるプログラムといった様々な分野で特典を付与する。
手始めに今年１０月、人口の多いインドネシアで発行を開始し、２０２７年度中にタイにも展開する方針だ。このほか、ＭＵＦＧと出資関係がある銀行の営業地域での発行も検討する。
ＪＣＢの二重孝好会長兼社長は、「日本には世界に誇るべきサービスやコンテンツを持つ企業が数多く存在する。企業の価値をＡＳＥＡＮのお客様に届けることができる」と話した。",[],[]
関脇若隆景が名古屋場所休場…太ももに痛み訴え搬送、コンパートメント症候群で緊急手術（読売新聞オンライン）,https://news.yahoo.co.jp/articles/9df15471ce94b3be0924fa628f51bdfbe229ff91,https://newsatcl-pctr.c.yimg.jp/t/amd-img/20260706-00000385-yom-000-2-view.jpg?exp=10800,2026-07-06T19:27:00+09:00,2026-07-06T19:27:55+09:00,読売新聞オンライン,yom,読売新聞オンライン,281,"大相撲夏場所で優勝を決め賜杯を手にする若隆景（５月２４日）
大相撲夏場所で２度目の優勝を果たした関脇若隆景関（荒汐部屋）が、１２日に初日を迎える名古屋場所を左脚のけがで休場することが決まった。師匠の荒汐親方（元幕内蒼国来）が６日、明らかにした。
師匠によると、若隆景関は１日の出稽古後に左太ももに痛みを訴えて救急搬送された。筋肉が腫れて神経などが圧迫される「コンパートメント症候群」と診断されて緊急手術を受け、現在も入院中という。師匠は「まずは治療に専念しないといけない」と話した。
関脇に復帰した若隆景関は、名古屋場所で大関昇進に向けた足場固めを目指していた。",[],[]
トランプ氏、ＦＩＦＡ会長に「再審査を依頼した」…レッドカードの米選手出場停止処分猶予巡り（読売新聞オンライン）,https://news.yahoo.co.jp/articles/19832cb0e3bfe20012442d6977eaddae2b2a6f31,https://newsatcl-pctr.c.yimg.jp/t/amd-img/20260706-00000393-yom-000-15-view.jpg?exp=10800,2026-07-06T19:19:26+09:00,2026-07-07T00:40:15+09:00,読売新聞オンライン,yom,読売新聞オンライン,660,"１日に行われたＷ杯の試合で、バログン（右）に対しレッドカードを示す審判（左）＝ＡＰ
【ワシントン＝栗山紘尚】国際サッカー連盟（ＦＩＦＡ）は５日、サッカーのワールドカップ（Ｗ杯）北中米３か国大会で、米国代表選手の出場停止処分を１年間猶予すると発表した。トランプ米大統領がＦＩＦＡのジャンニ・インファンティノ会長に処分見直しを要請した。政治的介入が影響した可能性が浮上している。
【写真】相手選手の足首を踏みつける米国のバログン
対象となったのは米代表ＦＷフォラリン・バログン選手。米チーム最多の３ゴールを決めているが、１日のボスニア・ヘルツェゴビナ戦で相手選手の足首を踏みつけ、一発退場となった。規定では６日のベルギー戦に出場できなかったが、今回の猶予措置で出場が可能となった。米紙ニューヨーク・タイムズによると、Ｗ杯で出場停止処分が猶予となるのは、１９６２年大会以来だという。
トランプ氏は６日、記者団に、インファンティノ氏と直接話したことを明らかにした上で、「ファウルだと思えなかったので、再審査を依頼した」と述べた。米紙ウォール・ストリート・ジャーナルによると、ラトニック商務長官らがトランプ氏に働きかけ、ＦＩＦＡへの異議申し立てにつながったという。
インファンティノ氏は昨年１２月、新設した「ＦＩＦＡ平和賞」をトランプ氏に授与しており、両氏は蜜月関係にあるとされる。
ベルギーのサッカー協会は５日、「ＦＩＦＡの決定に驚がくしている。フェアプレーの基本原則を守るため、あらゆる選択肢を検討している」との声明を出した。",[],[]
読売３３３終値、２営業日連続で最高値更新…前週末比４６１円高の５万３７１２円（読売新聞オンライン）,https://news.yahoo.co.jp/articles/c94285ced28694e4fadb36d3ed1fd378b8b99c68,https://newsatcl-pctr.c.yimg.jp/t/amd-img/20260706-00000396-yom-000-5-view.jpg?exp=10800,2026-07-06T19:08:05+09:00,2026-07-06T20:57:45+09:00,読売新聞オンライン,yom,読売新聞オンライン,577,"（写真：読売新聞）
週明け６日の東京株式市場で、読売株価指数（読売３３３（さんさんさん））の終値は、前週末比４６１円４６銭（０・８７％）高の５万３７１２円１５銭だった。２営業日連続で最高値を更新した。値上がりは６営業日連続。３３３銘柄のうち、８割超にあたる２７０銘柄が値上がりした。
日経平均株価（２２５種）の終値は、６円３８銭（０・０１％）安の６万９７３７円６９銭だった。日経平均への影響度の大きいＡＩ（人工知能）や半導体関連株が下落したことで、読売３３３とは異なる値動きとなった。
相場を先導してきたＡＩや半導体関連株には過熱感が意識され、当面の利益を確定する売り注文が出た。一方、前週末の欧州株式市場で主要な株価指数が堅調だったほか、原油価格が下落傾向にあることが投資家心理の支えとなり、東証プライム市場全体では、７割超の銘柄が値上がりした。
読売３３３の構成銘柄の上昇率は、浮体式海洋石油・ガス生産貯蔵積出設備の設計・建造・リースなどの大手の三井海洋開発（９・４７％）が最も大きく、三菱重工業（８・３９％）、日本製鋼所（７・４８％）と続いた。
下落率は、太陽誘電（１０・５８％）、イビデン（８・３７％）、村田製作所（７・４９％）の順に大きかった。
東証株価指数（ＴＯＰＩＸ）は３７・３６ポイント（０・９２％）高い４１０１・９６と最高値を更新した。",[],[]
「はま寿司」で４３歳男、また迷惑動画投稿容疑で逮捕…しょうゆの注ぎ口に指つける（読売新聞オンライン）,https://news.yahoo.co.jp/articles/662485de7f93430cbe454b430a612a4fbe21e65a,https://newsatcl-pctr.c.yimg.jp/t/amd-img/20260706-00000391-yom-000-14-view.jpg?exp=10800,2026-07-06T18:46:20+09:00,2026-07-06T19:33:58+09:00,読売新聞オンライン,yom,読売新聞オンライン,405,"はま寿司
回転ずしチェーン「はま寿司」の店舗で撮影した迷惑行為の動画をＳＮＳに投稿したとして、埼玉県警西入間署は６日、同県毛呂山町、無職の男（４３）を威力業務妨害容疑で逮捕した。男は６月にも同様の容疑で逮捕、略式起訴され、川越簡裁から罰金５０万円の略式命令を受けていた。
【イラスト解説】回転寿司の不審行動、AIカメラが即座に検知
発表によると、男は６月２８日午前１１時１５分頃から約７分間、はま寿司の県内の店舗で、しょうゆボトルの注ぎ口に自分の指をつけ、しょうゆを押し出して流れ落ちる動画などをＳＮＳに投稿し、店側に苦情対応させるなど業務を妨害した疑い。調べに対し、「再生回数を増やしたかった。しょうゆボトルに指が触れたかどうかは分からない」と供述し、容疑を一部否認しているという。
男は、はま寿司の県内店舗で５月、マグロに食器用洗剤のような液体をかける動画をＳＮＳに投稿したとして、同容疑で逮捕されていた。",[],[]
比マルコス大統領らに「殺し屋を雇った」、ドゥテルテ前大統領の長女・サラ副大統領出廷せず…弾劾裁判始まる（読売新聞オンライン）,https://news.yahoo.co.jp/articles/dcf0b6a7ceb15698529d2a42a6423634e3234ea7,https://newsatcl-pctr.c.yimg.jp/t/amd-img/20260706-00000389-yom-000-2-view.jpg?exp=10800,2026-07-06T18:37:16+09:00,2026-07-06T18:37:55+09:00,読売新聞オンライン,yom,読売新聞オンライン,328,"サラ・ドゥテルテ氏＝ＡＰ
【マニラ＝竹内駿平】フィリピンのロドリゴ・ドゥテルテ前大統領の長女、サラ副大統領の公金不正使用疑惑などを巡る弾劾（だんがい）裁判が６日、首都マニラの上院で始まった。
サラ氏が問われているのは、対立するフェルディナンド・マルコス大統領らを対象に「殺し屋を雇った」などと脅迫した問題や、副大統領府の機密費など計６億ペソ（約１５億６０００万円）超の不正使用など、計４項目。この日は審理の進め方を確認し、サラ氏は出廷しなかった。
下院は昨年２月に弾劾訴追を決めたが、最高裁が手続き不備を理由に違憲と判断。今年５月に改めて訴追した。上院の３分の２が賛成すればサラ氏は罷免され、公職に就けなくなり、２０２８年大統領選への出馬可否にも影響する。",[],[]
「鳥人間コンテスト」スタート台設営中に湖に転落か、男性作業員が死亡（読売新聞オンライン）,https://news.yahoo.co.jp/articles/5aeb1c5c0f9783c04c811a7369319f280d61a95d,https://newsatcl-pctr.c.yimg.jp/t/amd-img/20260706-00000387-yom-000-10-view.jpg?exp=10800,2026-07-06T18:31:34+09:00,2026-07-06T21:20:26+09:00,読売新聞オンライン,yom,読売新聞オンライン,242,"滋賀県警察本部
６日午前９時１５分頃、滋賀県彦根市の琵琶湖で、人力飛行機で飛んだ距離や時間を競う「鳥人間コンテスト」用のやぐらを設営していた建設業上野高広さん（５９）（京都市伏見区）が浮いているのが見つかり、搬送先の病院で死亡が確認された。
同県警彦根署の発表では、上野さんは湖岸から約１８０メートル先のやぐら（高さ１１メートル）上に床板を設置し、スタート台を作る作業中に転落したとみられる。
コンテストを主催する読売テレビは「遺族の皆様に深くお悔やみ申し上げる」などとコメントした。",[],[]
東京湾クルーズに新レストラン船「ＡＭＡＮＥ」、来年５月就航…フランス料理のコース提供・船首にパノラマ個室（読売新聞オンライン）,https://news.yahoo.co.jp/articles/c35fe9debeafa26441cac02aa28f9044570d5089,https://newsatcl-pctr.c.yimg.jp/t/amd-img/20260706-00000376-yom-000-2-view.jpg?exp=10800,2026-07-06T18:19:10+09:00,2026-07-06T18:19:52+09:00,読売新聞オンライン,yom,読売新聞オンライン,362,"２０２７年５月頃に就航する予定の「ＡＭＡＮＥ（海音）」の外観イメージ（日本郵船提供）
日本郵船は６日、東京湾クルーズの新たなレストラン船「ＡＭＡＮＥ（海音）」が２０２７年５月頃に就航すると発表した。１９９０年から東京・天王洲アイルを拠点に運航し、今年１１月に引退する「ＬＡＤＹ　ＣＲＹＳＴＡＬ（レディ　クリスタル）」の後継。動力源として水素燃料電池システムを搭載するなど、環境負荷にも配慮した。
２０２７年５月頃に就航する予定の「ＡＭＡＮＥ（海音）」の外観イメージ（日本郵船提供）
天王洲アイルからレインボーブリッジ、羽田空港方面など東京湾内を巡る。着席時の定員は約９０人で、船内ではフランス料理のコースが提供される。メインダイニングやバーラウンジのほか、船首に２７０度のパノラマ風景を楽しめる定員１２人の個室も設けている。",[],[]
ナッツ微量摂取治療、アレルギーの子の２割が日常的に食べられるように…摂取量を徐々に増やす方法（読売新聞オンライン）,https://news.yahoo.co.jp/articles/8d8f3d2a12c7a1bad68d448a227ef1878903bfaa,https://newsatcl-pctr.c.yimg.jp/t/amd-img/20260706-00000372-yom-000-2-view.jpg?exp=10800,2026-07-06T18:07:15+09:00,2026-07-06T18:08:04+09:00,読売新聞オンライン,yom,読売新聞オンライン,650,"医療
ナッツアレルギーの子どもが微量のナッツを摂取する治療を受けることで、２割が日常的に食べられるようになったとの臨床研究の結果を、国立成育医療研究センターなどが発表した。時間をかけて摂取量を徐々に増やす方法で、難しいとされるナッツアレルギーの治療が可能であることを示した成果だ。論文が国際医学誌に掲載された。
消費者庁によると、食物アレルギーの原因別で、ナッツを含む木の実類は２４％と、鶏卵の２６％に次いで多い。ナッツアレルギーがあるとアナフィラキシーなど重い症状を起こす恐れがある。自然に治るのは１割未満とされ、多くの患者がナッツの摂取を避けている。
同センターでは、クルミやカシューナッツにアレルギーがある子どもを対象に、ナッツの成分をごく微量含んだ蒸しパンやペーストなどを食べてもらい、体が慣れたら徐々に摂取量を増やしていく治療を行っている。治療期間は数か月～数年にわたる。研究チームは治療を受けた１７１人の経過を分析した。
その結果、１９％にあたる３３人が、日常生活を送るのに支障がないとされる５グラム以上を食べられるようになった。重い症状は出なかった。残りの１０４人は５グラムに達しなかったものの摂取量を増やせたり、治療中だったりして、３４人は治療を中止した。
同センターの萩野紘平・臨床研究員は「今回の手法が各地の医療機関に伝わり、多くの患者が治療を受けられるようになることを期待している」と語る。患者や親が自己判断で行うのは控え、アレルギーを専門とする医師に相談してほしいとしている。",[],[]
東京円、前週末比１円３９銭安の１ドル＝１６２円１６～１７銭（読売新聞オンライン）,https://news.yahoo.co.jp/articles/f697b34908a67a03b79adbdbe257c0bef5c119b1,https://newsatcl-pctr.c.yimg.jp/t/amd-img/20260706-00000374-yom-000-2-view.jpg?exp=10800,2026-07-06T17:57:06+09:00,2026-07-06T17:57:49+09:00,読売新聞オンライン,yom,読売新聞オンライン,125,"日本銀行本店
６日の東京外国為替市場の円相場は午後５時、前週末（午後５時）に比べて１円３９銭円安・ドル高の１ドル＝１６２円１６～１７銭で大方の取引を終えた。
対ユーロでは、１円１１銭円安・ユーロ高の１ユーロ＝１８５円２８～３２銭で大方の取引を終えた。",[],[]
米代表と対戦するベルギー監督「７月５日がエープリルフールに当たる日だとは知らなかった」…バログン選手巡り（読売新聞オンライン）,https://news.yahoo.co.jp/articles/2882cba6a35802b7771deafcd2ba0ce26dc73086,https://newsatcl-pctr.c.yimg.jp/t/amd-img/20260706-00000360-yom-000-11-view.jpg?exp=10800,2026-07-06T17:44:13+09:00,2026-07-06T22:28:49+09:00,読売新聞オンライン,yom,読売新聞オンライン,359,"【シアトル＝細田一歩】６日に決勝トーナメント２回戦で対戦する米国代表とベルギー代表の監督らが５日、試合会場で前日記者会見に臨んだ。
【写真】ボスニア・ヘルツェゴビナの選手の足首を踏みつけるバログン
前日記者会見に臨むベルギーのガルシア監督（５日）＝ロイター
米国のポチェッティーノ監督はバログン選手の退場処分について、「レッドカード自体が不当だった」と主張。「（数的不利で戦ったことで）罰は十分に受けた。決定を歓迎している」と述べた。トランプ米大統領のＳＮＳでの投稿などは「見ていない」とした。
ベルギーのガルシア監督は「ＦＩＦＡでは７月５日がエープリルフールに当たる日だとは知らなかった」と皮肉を交えて批判。「米国の先発がどうであれ、大きな問題ではない。重要なのは試合に勝って、準々決勝へ行くことだけだ」と強調した。",[],[]
土砂崩れで住宅倒壊・３人死亡も、市は「瑕疵はなかった」…松山城・城山災害で民事訴訟見据えＣＦへ・被災住民ら「矛盾あり対応も不誠実」（読売新聞オンライン）,https://news.yahoo.co.jp/articles/5be58deaf3c7a343d87d2826fab24281b0d8e18f,https://newsatcl-pctr.c.yimg.jp/t/amd-img/20260706-00000065-yomosaka-000-3-view.jpg?exp=10800,2026-07-06T17:32:05+09:00,2026-07-06T17:43:05+09:00,読売新聞オンライン,yom,読売新聞オンライン,466,"愛媛県
松山城の城山で２０２４年７月に発生した土砂崩れで、被災マンションの住民らによる市民団体「松山城とともに生きる会」は５日、松山市で集会を開き、原因の再検証を求める資金を集めるため、クラウドファンディング（ＣＦ）を今月中に開始すると明らかにした。
【写真】復旧工事が完成した城山の北側斜面（松山市で）
土砂崩れは同年７月１２日未明に発生。麓の住宅１棟が倒壊し３人が死亡した。近隣のマンションや民家にも土砂が流入した。
この日、被災住民や市議会議員ら約４０人が参加。市が「瑕疵（かし）はなかった」とした検証結果に対し、「発生前の地盤評価に対する検証結果と矛盾点があり、対応も不誠実」と指摘。静岡県熱海市の土石流災害（２１年）の行政訴訟で原告側弁護士を務める池田直樹さんは「熱海での災害と似ている。再発防止のためには今回の責任も明らかにしなければならない」と話した。
同会の片山章さんは民事訴訟を見据え、ＣＦを開始するとし、「市は住民に寄り添っていない。公平な第三者の機関を通じて原因究明を進めるため、支援をお願いしたい」と話した。",[],[]
「驚愕の鉛筆画」金属光沢や水滴の質感、鉛筆の濃淡だけで写真のように描き出す…画家・大森浩平さん作品を四国初展示（読売新聞オンライン）,https://news.yahoo.co.jp/articles/4a450126a529edd499ed7d1cb46425e3426babb8,https://newsatcl-pctr.c.yimg.jp/t/amd-img/20260706-00000056-yomosaka-000-5-view.jpg?exp=10800,2026-07-06T17:31:58+09:00,2026-07-06T17:43:46+09:00,読売新聞オンライン,yom,読売新聞オンライン,933,"約３６０時間かけて制作した「ＵＮＴＩＴＬＥＤ’２５」＝ミウラート・ヴィレッジ提供
鉛筆で描いた緻密（ちみつ）な作品を紹介する「驚愕（きょうがく）の鉛筆画　大森浩平展」が、松山市のミウラート・ヴィレッジ（三浦美術館）で開かれている。金属の光沢や水滴の質感まで細かく表現した作品１６点が並び、来館者は写真と見まがうような世界に見入っている。（井上学）
【写真】デジタル腕時計の金属の質感が表現された「ＵＮＴＩＴＬＥＤ’２３」＝ミウラート・ヴィレッジ提供
ボルトとナットを描き、ＳＮＳで話題となった「ＵＮＴＩＴＬＥＤ’１７」＝ミウラート・ヴィレッジ提供
代表作の一つは、ボルトとナットを描いた「ＵＮＴＩＴＬＥＤ’１７」。ぬれた金属に光が反射する様子や、表面の細かな凹凸まで描き出している。約２８０時間かけて制作された作品で、大森さんの名が広く知られるきっかけになった。最新作の「ＵＮＴＩＴＬＥＤ’２５」は招き猫を描いた作品。光沢のある複雑な曲面に映る風景まで描き込んでおり、制作時間は約３６０時間に及ぶという。
会場では作品のそばに蛇口や腕時計など、実際のモチーフが置かれているものもある。色のある実物と白黒の鉛筆画を見比べることで、質感や形の表現がより際立つ。同館によると、鉛筆画であることが信じられない人もいるといい、制作過程を動画でも紹介する。
同館の米屋公美子学芸員は「モチーフをそのまま描くのではなく、光の加減など一番美しいと思う瞬間を切り取って描くところに大森さんのセンスが凝縮されている」と魅力を解説。鉛筆で描くと色の情報がなくなる分、質感や形が直接伝わってくるといい、「研ぎ澄まされた金属の質感や水滴の表現など、鉛筆だけでこんなにもリアルに表現できることの驚きを感じに来てほしい」としている。
愛媛県東温市から訪れた男性（６５）は１年前から趣味で鉛筆画を始めたといい、「金属の表面に映る風景まで描き込むイマジネーションがすごい。制作動画をネットで見たことはあるが、本物の作品を見られて良かった」と感激した様子だった。
８月２日まで。開館は午前９時半～午後５時（入館は午後４時半まで）。月、火曜休館。入場料は一般８００円、高校大学生４００円、中学生以下無料。",[],[]
畑の野焼きで引火か、全身やけどで７７歳女性が死亡…「火を足で消そうとしてやけど」と説明（読売新聞オンライン）,https://news.yahoo.co.jp/articles/103dc37f344de944de7ae8455fc4fc952283e7c5,https://newsatcl-pctr.c.yimg.jp/t/amd-img/20260706-00000115-yomosaka-000-7-view.jpg?exp=10800,2026-07-06T17:30:57+09:00,2026-07-06T17:40:15+09:00,読売新聞オンライン,yom,読売新聞オンライン,277,"兵庫県警察本部
３日午後６時４０分頃、神戸市北区淡河町の畑で、「母がやけどをした」と男性（５５）から１１９番があった。畑では農業の女性（７７）が野焼きをしていたといい、女性は病院に搬送されたが、全身にやけどを負い、約７時間後に死亡した。
【記事】畑で枯れ草火災、野焼きをしていた７０代男性がやけど…「燃やしていたら広がった」
兵庫県警有馬署の発表では、女性は同日午後５時半頃から自宅に隣接する畑で雑草を燃やしていた。男性が帰宅時に、女性はホースで消火していたという。搬送前には、火を足で消す際にやけどを負ったと説明していた。署と消防が詳しい経緯を調べる。",[],[]
四国初の外国人バス運転手、ベトナム人男性２人が県庁を表敬訪問…特定技能に「自動車運送業」追加で受け入れ可能に（読売新聞オンライン）,https://news.yahoo.co.jp/articles/0cd20b872eea137d98e91f0e0d75b37364a5970a,https://newsatcl-pctr.c.yimg.jp/t/amd-img/20260706-00000116-yomosaka-000-5-view.jpg?exp=10800,2026-07-06T17:30:41+09:00,2026-07-06T17:41:02+09:00,読売新聞オンライン,yom,読売新聞オンライン,465,"表敬訪問したヒェウさん（左）とクイさん（愛媛県庁で）
伊予鉄バス（松山市）のバス運転手となったベトナム人男性２人が３日、愛媛県庁を表敬訪問し、中村知事に安全運行の決意を語った。同社によると、外国人バス運転手は四国初という。
【記事】バス運転中に運転手がスマホ、運転席そばに置き動画見る…乗客関係者からの連絡で発覚・同様の行為繰り返す
２人は２０２５年９月に入社したボ・バン・ヒェウさん（４３）とホー・バン・クイさん（３３）。安全意識や運転技術を学ぶ研修を受け、先月２５日、路線バスに先輩の運転手を同乗させての営業運転を始めた。
表敬訪問でヒェウさんは「愛媛の皆様に安全、安心、快適なサービスを提供したい」と意欲を見せ、クイさんも「お客様の安全のために働くことが大事」と語った。中村時広知事は「愛媛を楽しみながら、いい仕事をしてほしい」と激励した。
外国人バス運転手は、２４年に在留資格「特定技能」の対象分野に「自動車運送業」が追加され、受け入れが可能となった。バス業界は人手不足が深刻で、同社は今後、外国人の採用を強化するという。",[],[]
本殿３周で１０００回参拝したことに、芸舞妓らが八坂神社で「お千度」…芸の上達と無病息災祈る（読売新聞オンライン）,https://news.yahoo.co.jp/articles/d1f0d6589155d27f29eb41f9e3bb76932e452280,https://newsatcl-pctr.c.yimg.jp/t/amd-img/20260706-00000109-yomosaka-000-2-view.jpg?exp=10800,2026-07-06T17:30:15+09:00,2026-07-06T17:31:08+09:00,読売新聞オンライン,yom,読売新聞オンライン,258,"芸事の上達を願い、手を合わせる芸舞妓ら（６日午前、京都市東山区で）＝永尾泰史撮影
祇園祭に合わせ、京都五花街の一つ、祇園甲部の芸舞妓（げいまいこ）らが芸の上達と無病息災を祈る「みやび会お千度」が６日、京都市東山区の八坂神社であり、約６０人が参拝した。
人間国宝の京舞井上流五世家元・井上八千代さん（６９）の門下生でつくる「みやび会」の恒例行事。本殿の周りを３周すると１０００回参拝したことになるとされる。雨が降る中、芸舞妓は白地に藍色のナスが描かれた浴衣の上にコートを羽織り、本殿の周りを巡った後、おはらいを受けた。",[],[]
ラグビー「神戸製鋼」前身にもつ「コベルコ神戸スティーラーズ」、リーグワン初Ｖ…時代変わっても変わらぬチームのスタイル（読売新聞オンライン）,https://news.yahoo.co.jp/articles/c9a1bf270b59f5b9c295ce581b9c85fae3b80d2f,https://newsatcl-pctr.c.yimg.jp/t/amd-img/20260706-00000120-yomosaka-000-2-view.jpg?exp=10800,2026-07-06T17:30:11+09:00,2026-07-06T17:31:14+09:00,読売新聞オンライン,yom,読売新聞オンライン,587,"（写真：読売新聞）
ラグビーのリーグワンは今季、コベルコ神戸スティーラーズの初優勝で幕を閉じた。トップリーグ時代を含め、７季ぶりの頂点に立った。
「ミスターラグビー」と呼ばれた平尾誠二さんらを擁し、かつて日本選手権を７連覇するなど日本ラグビー界をリードする存在だった神戸製鋼が前身。ポジションに関係なく人もボールも動き、空いたスペースを突く攻撃は見る者を魅了した。
７連覇を達成した２日後の１９９５年１月１７日に阪神大震災が発生。十分に練習ができたとは言えないシーズンを過ごし、連覇は途切れた。平尾さんに当時の思いを聞いたことがある。「力があったら乗り越えられる話。これをもって次にスタートすることが大事だと思っていた」。勝敗などの結果はコントロールできない。大事なのはそこに至る準備であり、結果を受け止めて前に進むことだ。
平尾さんは２０１６年に亡くなった。それから１０年になる年に、リーグトップの総得点をマークした圧倒的な攻撃力を武器に神戸は復活した。３季前には９位に終わるなど苦しんだ時期もあった。平尾さんがゼネラルマネジャー兼総監督だった２００８年に入社し、チームの浮沈を経験してきたプロップの山下裕史選手（４０）は優勝後、「平尾さんが後押ししてくれたのかな」とコメントした。時代は変わっても、チームに息づくスタイルやラグビー文化は色あせない。（運動部主任　南恭士）",[],[]
７４人犠牲の真備町「絶対風化させない。一緒に歩いていく」…西日本豪雨８年・毎年特番手がける地元ラジオパーソナリティー、今年も「あの日」を語る（読売新聞オンライン）,https://news.yahoo.co.jp/articles/f3cd8d6545d3038c20aec2e38cef50da983a81fc,https://newsatcl-pctr.c.yimg.jp/t/amd-img/20260706-00000102-yomosaka-000-2-view.jpg?exp=10800,2026-07-06T17:30:07+09:00,2026-07-06T17:31:11+09:00,読売新聞オンライン,yom,読売新聞オンライン,1499,"特別番組の収録に参加した親子の話を聴く大谷さん（左端）（４日、岡山県倉敷市真備町で）＝竹村文之撮影
２０１８年の西日本豪雨で被災した人々の声を電波に乗せ、届け続けるラジオパーソナリティーの男性がいる。恐怖や悲しみ、生活再建の苦労。そんな被災者の言葉に発生直後から耳を傾けてきた。「寄り添うことこそ地元メディアの役割」と、今年も豪雨の特別番組を手がけ、あの日から８年の６日夜に放送する。（倉敷支局　竹村文之、写真も）
「忘れてほしくない思いを届けてくれている」
４日、岡山県倉敷市真備町のホール。マイクの前に座る親子らに、柔和な表情を見せる地元コミュニティーＦＭ局「エフエムくらしき」の大谷利文さん（５４）の姿があった。
この日は特別番組の収録日。「被災したのはこの子がおなかにいる時。近所の人にボートで救出された」「命があっただけでもありがたいと今でも思う」。複数箇所で川の堤防が決壊し、関連死を含めて７４人が犠牲になった真備町で、豪雨があった１８年度に生まれた小学２年生と保護者６組が思いを述べた。
一人ひとりの話に聞き入った大谷さん。次男（７）と参加した女性（４５）は当時、自宅が全壊した。「災害はいつ起きるか分からないので、怖さがきちんと伝わってほしい。忘れてほしくないという私たちの思いを届けてくれているようで、ありがたい」と語る。
緊迫の生放送
１８年７月６日。あの日の放送は明らかにいつもと違った。街の話題などを伝える生番組の途中、何度も各地の被害や避難指示を告げる緊急情報が割り込む。夜にかけて緊迫度は増した。大谷さんは７日未明までマイクに向かい、スタジオに届く情報を発信し続けた。０４年の入局以来、初めての大災害だった。
真備町の被害は甚大だった。自身は別の地区に住むが、「現場で生の声を聴いて、いま何が必要かを知りたい」。数日後から、避難所になった真備町の小学校を毎日のように訪ねた。
体育館にひしめく被災者たち。迫る水から逃げた恐怖、大切な人や住まいを失った絶望感、避難所での不自由な生活……。２時間近く語り続ける人、涙が止まらない人もいた。
「聴いてくれて、ありがとう」「少し心が軽くなった」。そう感謝された。当事者同士では遠慮して話せないこと、ラジオにだから明かせる思いがある、と気付いた。避難所を訪ねて聴いた声を、自分の言葉にして電波に乗せる。そんな日々が数か月間続いた。
１８０通「全て読む」
初めて生放送で豪雨特番を組んだのは発生２年の２０年７月６日。改めて被災者たちの声を聴き、つながりたいと考えたからだった。
タイトルは「届け！　この思い」。午後９時に始まった放送では「寄せられた全てのメールとファクスを読みます」と宣言。短いコメントとリクエスト曲を挟み、ひたすら読み続けた。
「一歩ずつ前を向いて生きていくしかない」「屋根の上で救助を待った光景がよみがえり、胸が苦しい」。計１８０通。全てを紹介し、放送を終えたのは７日午前４時４６分だった。
メールなどに「聴いてほしいとの思いがあふれていた」と感じ、特番を続けてきた。真備町の被災者らを集め、思いを語り合ってもらった。リスナーから出演者を募り、豪雨を題材にしたラジオドラマも作った。
「エフエムくらしき」の前沢智也・編成・技術部長は「現場主義を貫いて、その時々の声に耳を傾けていこうという思いを感じる。ずっと、共に番組を作っていければ」と話す。
普段は軽妙な語り口で街の話題などを紹介する大谷さん。被災者への思いを語る時の表情は真剣そのものだ。「絶対風化させない。声をすくい上げ、一緒に歩いていく」。改めて誓う。",[],[]
都女性活躍推進監の松本明子前副知事「希望実現できるような社会を推進」…就任式で抱負（読売新聞オンライン）,https://news.yahoo.co.jp/articles/e00947d030cc098d52c63ad584cace472731b2d7,https://newsatcl-pctr.c.yimg.jp/t/amd-img/20260706-00000358-yom-000-2-view.jpg?exp=10800,2026-07-06T17:29:37+09:00,2026-07-06T17:30:13+09:00,読売新聞オンライン,yom,読売新聞オンライン,300,"女性活躍推進監に就任した松本明子氏（左）（６日、東京都庁で）
東京都の女性活躍推進監に任命された松本明子・前副知事（６０）が６日、都庁で就任式に臨み、「女性活躍推進条例に魂を入れ、希望を実現できるような社会を推進していきたい」と抱負を語った。
女性活躍推進監は、１日の「雇用・就業分野での女性活躍推進条例」施行に合わせ、都参与の役割として新設された。重要な関連施策について知事に助言するほか、都の取り組みを発信する「旗振り役」も担う。
小池百合子知事は松本氏について、女性職員に管理職を目指すよう背中を押す役割を果たしてきたとし、「東京がさらにエネルギッシュになることを心から期待している」と話した。",[],[]
国家公務員に必要な５７のスキル一覧、人事院が初めて作成…２７のマインドセットも明記（読売新聞オンライン）,https://news.yahoo.co.jp/articles/3263555587e3590e0ae425d5da430a5c29e40447,https://newsatcl-pctr.c.yimg.jp/t/amd-img/20260706-00000356-yom-000-5-view.jpg?exp=10800,2026-07-06T17:18:02+09:00,2026-07-06T20:49:37+09:00,読売新聞オンライン,yom,読売新聞オンライン,354,"人事院
人事院は、国家公務員に必要な能力や技能を整理した「国家公務員スキル一覧」を初めて作成した。読解力や交渉力、論理的思考力など５７のスキルを挙げ、「学び続ける姿勢」など２７のマインドセット（考え方）も明記した。職員の自発的な学びを支援するほか、業務で身につけた能力を理解することでやりがいを高めてもらう狙いがある。
５７のスキルでは、有事対応力や対外発信力、将来予測力なども挙げた。各省庁が、業務や役職に応じてスキルをさらに具体化することを想定している。
内閣人事局の調査では、数年以内に離職する意向を示した国家公務員の３７％が「能力・スキルを蓄積できている実感がない」と回答した。職員から「どのような能力が身につくかわかりにくい」との不満の声もあり、職員へのアンケートや有識者の意見を踏まえて作成した。",[],[]
モスが値上げ、１５日から商品の８割対象…モスバーガーは４７０円から５００円に（読売新聞オンライン）,https://news.yahoo.co.jp/articles/2c07cf05b6248528e366cf7f9d46ca0ae102fab3,https://newsatcl-pctr.c.yimg.jp/t/amd-img/20260706-00000348-yom-000-7-view.jpg?exp=10800,2026-07-06T17:09:16+09:00,2026-07-06T21:18:28+09:00,読売新聞オンライン,yom,読売新聞オンライン,283,"モスバーガー
モスバーガーを展開するモスフードサービスは６日、１５日から商品の価格を１０～６０円値上げすると発表した。モスバーガーは税込みで４７０円から５００円となる。
【写真】注文取るAI　モスバーガーが実証実験
円安の影響で米国や豪州から仕入れる牛肉などの仕入れ価格が上昇しているほか、人件費やエネルギーコストが上がっていることも踏まえた対応。モスバーガーでの値上げは昨年３月以来で、全体の約８割を値上げする。
テリヤキバーガーは４７０円から４９０円に、フレンチフライポテト（Ｍ）は１０円高い３４０円となる。コーンスープ（３８０円）など一部商品は価格を据え置く。",[],[]
ＫＤＤＩ個人情報流出、メールアドレス１２２３万人分・パスワードは７６２万人分…「未知の脆弱性」が原因（読売新聞オンライン）,https://news.yahoo.co.jp/articles/75c8cac3f8a229277ae11a6a35b433271e68e0df,https://newsatcl-pctr.c.yimg.jp/t/amd-img/20260706-00000350-yom-000-18-view.jpg?exp=10800,2026-07-06T17:05:27+09:00,2026-07-06T22:34:09+09:00,読売新聞オンライン,yom,読売新聞オンライン,470,"ＫＤＤＩ
ＫＤＤＩは６日、不正アクセスで大量の個人情報が流出した問題を巡り、流出したメールアドレスは約１２２３万人分で、そのうちパスワードの流出は約７６２万人分に上ったと発表した。原因はシステムに開発元も把握していなかった「未知の脆弱（ぜいじゃく）性」があったことだと明らかにした。現時点で二次被害は確認されていないとしている。
【写真】 ＫＤＤＩの松田浩路社長
発表によると、不正アクセスは５月１６日に始まり、外部のシステム事業者のソフトウェアの脆弱性を悪用された。取引先からの通報で６月１７日に被害を確認するまで、システム事業者自身もこの弱点を把握していなかった。システムは修正済みで、流出したパスワードは８日をめどに強制変更の処置を完了させるという。
ＫＤＤＩは６日に総務省に対策内容などを報告した。今後、行政指導などに発展する可能性もある。
ＫＤＤＩは６月２３日、ビッグローブなど計６社に提供しているメールシステムが不正アクセスを受け、利用者のメールアドレスとパスワード最大１４２２万人分が外部に流出した可能性があると発表していた。",[],[]
西日本豪雨を経験した岡山・真備の中学生、能登半島地震の被災地で子どもと鬼ごっこ・お絵描きで交流…「相手の気持ちが分かり寄り添える」（読売新聞オンライン）,https://news.yahoo.co.jp/articles/3fd535a46f138c74d0fd8e69c0f9b4912ff9e9fe,https://newsatcl-pctr.c.yimg.jp/t/amd-img/20260706-00000122-yomosaka-000-2-view.jpg?exp=10800,2026-07-06T17:00:16+09:00,2026-07-06T17:00:57+09:00,読売新聞オンライン,yom,読売新聞オンライン,1446,"堤防が決壊し大規模な浸水被害が発生した真備町（岡山県倉敷市で、読売ヘリから）。２０１８年７月７日撮影
２０１８年７月の西日本豪雨と、２４年１月の能登半島地震で被災した子どもたち同士が交流することで、心のケアにつなげようと取り組む男性がいる。岡山県倉敷市真備町の会社員松本竜己さん（６１）。幼心に傷を負った同じ立場から語り合い、気持ちや体験を共有することで癒やされ、そして次へとつなぐ――。そんな活動に発展させたいと思い描く。（竹村文之）
８年前の西日本豪雨で、真備町は高梁川水系の小田川やその支流の堤防が決壊し、約１２００ヘクタールの範囲で浸水。５１人が犠牲になり、浸水被害は約５６００棟に上った。松本さんの自宅もその一つで、家は全壊。しばらく仮設住宅生活を余儀なくされた。
そんな松本さんの活動の出発点は、子ども支援のボランティアを希望する大学生たちと１９年５月頃に真備町で知り合ったことだった。「がくまび」という団体名で活動を開始。仮設住宅で生活するなど不自由を強いられていた大勢の小学生を定期的に集め、大学生が一緒に鬼ごっこやゲームを楽しみ、宿題の手伝いもした。
はじける笑顔と歓声に、松本さんは「子どもがストレスをため、思い切りはしゃげる環境を求めていたことを痛感した」と言う。
その子どもらの成長に伴い、２４年には「まび未来プロジェクト」（ＭＭＰ）を始めた。中学生を主役とする活動だ。教育関係者から「被災時に小学生だった世代が、自らの経験と向き合いながら防災を考える仕組みを作りたい」と相談されたこともヒントになった。
真備町内にある２校で呼び掛けると、約１０人が集まった。住民同士が顔の見える関係を築こうと、イベントを開いたり、地域で防災活動をする人らにインタビューしてポッドキャストで発信したりしてきた。
そして今年４月の春休み、ＭＭＰのメンバーで倉敷市立真備東中３年の２人が能登半島地震の被災地、石川県珠洲市へ赴いた。昨夏に現地を訪ねた松本さんから、いまだに校庭に仮設住宅が並ぶなど日常が戻っていない現状を聞き、「子どもたちに元気を」と考えたという。
がくまびのメンバーらとともに３日間、使われなくなったホールに数十人の子どもを集め、鬼ごっこやお絵描きをした。「遊び相手になるだけで、あれほど喜んでもらえるとは思わなかった」と口をそろえる。
その様子を見守った松本さんは、「相手の気持ちが分かり、寄り添える。被災した自分たちだからこそ出来るケアがあると実感したようだった」と振り返る。
松本さんにはもう一つ、ＭＭＰに期待をかけることがある。中学生が思いを吐き出せる場にすることだ。
真備東中３年の２人の出発を控えた今春、能登で出来ることをメンバー全員で話し合った時だった。思いがけず、何人かがぽつぽつと被災体験を話し始めた。
その一人の真備東中３年生は一帯が泥水に浸る中、家族で屋根に登り、毛布にくるまって６時間も救助を待った経験を初めて明かした。「友達もみんな似た経験をしている。『私だけが特別じゃないし』と、話すこともなかった」と言う。
松本さんは、自らも幼子を抱え、みなし仮設住宅で暮らした日々を思い出して聞いていたという。「それぞれに言えないまま、しまい込んできたんだな」と中学生らの胸の内を思った。
８月にはＭＭＰのメンバーらが珠洲市を再訪する予定だ。「能登とのつながりが自分たちを見つめ直すことにもなる。それが、自身への心のケアにもなっていけば」と松本さんは願う。",[],[]
メキシコの快進撃は終わったが…「イ・シ・シ」のフレーズとともに希望をかき立てたフットボールの国の人々（読売新聞オンライン）,https://news.yahoo.co.jp/articles/a72f940ca920c14194bec5a3576d4e3fa08d422a,https://newsatcl-pctr.c.yimg.jp/t/amd-img/20260706-00000256-yom-000-2-view.jpg?exp=10800,2026-07-06T17:00:13+09:00,2026-07-06T17:00:50+09:00,読売新聞オンライン,yom,読売新聞オンライン,1464,"サッカーのワールドカップ（Ｗ杯）北中米３か国大会はカナダでの日程が終了したのに続き、５日（日本時間６日）にメキシコでの１３試合が全て終わった。Ｗ杯の現地取材が今回で１２度目となるサッカージャーナリスト・石川聡さんが現地のメキシコから熱狂ぶりを伝える。
５日に首都のメキシコシティースタジアムで行われた決勝トーナメント２回戦でメキシコは優勝候補の一つに挙げられるイングランドと対戦。よく食い下がったものの、２－３と惜敗し、過去に単独開催した１９７０年大会、８６年大会のベスト８には手が届かなかった。肌寒い夜、足早にスタジアムを後にするメキシコのファンの姿が目立った。
共催国、過去最高のベスト８には届かず
メキシコは快進撃を続け、大会の盛り上げに大きく貢献したといえるだろう。開幕戦で南アフリカを２－０と下すと、韓国に１－０、チェコに３－０と1次リーグＡ組を３戦全勝で首位通過。決勝トーナメント１回戦ではエクアドルを２－０で破り、４連勝、無失点という素晴らしい成績を携えてイングランド戦に臨んだ。
好調のチームに国民の期待も高まり、スタジアムの熱気はすさまじかった。開幕戦でメキシコが得点するたびに、記者席後方の観客席からビールやコーラのシャワーを浴びせられたのには閉口したが、ボルテージは上がる一方。エクアドル戦後、選手として１９８６年大会のピッチに立ったハビエル・アギーレ監督は「これほどの（雰囲気の）スタジアムはこの４０年、見たことがない」と舌を巻くほどだった。
街中のパブリックビューイングに集まったメキシコのファンは試合の展開に一喜一憂した（５日、メキシコ市で）＝ロイター
観客は気分が盛り上がると定番の応援歌ともなっている「シエリト・リンド」を大合唱。パスがつながるたびに「オーレ、オーレ」とはやし立てる。「メヒコ（メキシコ）、メヒコ」の大声援は、メキシコの試合以外でもこだました。
日を追うごとに頻繁に耳にするようになったのが「Y si sí」（イ、シ、シ）というフレーズ。Ｙは「そして」、siは「もし」だが、在日メキシコ大使館のＳＮＳによれば「ワンチャンあるかも！」というニュアンスに近いという。今風に言えば「行けるんじゃね？」といったところか。それだけ代表チームの戦いぶりは、国民の希望をかき立てた。
毎日本当に、ここは“フットボールの国”だと実感させられた。普段から緑を中心としたメキシコ代表のレプリカユニフォームを着た人々が目につき、テレビでは朝から晩までメキシコ代表や大会の動向を伝える番組が目白押し。国内外で喜ぶ国民の姿も映し出された。レストランやカフェでは試合の映像を流し、街にはＷ杯や同国代表に関連する広告や看板があふれている。試合が終わると目抜きのレフォルマ通りは大群衆で埋まり、朝方までお祭り騒ぎが続いた。
メキシコでの大会日程は終わった。この国で行われた試合は、世界的に見れば地味なカードが多かったかもしれない。しかし、国民と一体になった代表チームの活躍でＷ杯は盛り上がった。私は１９８６年大会で、優勝したアルゼンチンのディエゴ・マラドーナの「神の手」「５人抜き」という伝説をスタンドの記者席から見ていた。今回、４０年前の思い出にもひたりながら、Ｗ杯の魅力、楽しさにどっぷりつかることができた２５日間となった。
いしかわ　あきら 　サッカー専門誌記者としてキャリアを始め、サッカーに特化した編集、執筆の道を歩んできた。ＦＩＦＡワールドカップ取材は１９８２年スペイン大会から続き、今回が１２度目。",[],[]
中道改革連合のクラウドファンディング、１億円突破…党幹部らの地方遊説費用などに活用（読売新聞オンライン）,https://news.yahoo.co.jp/articles/0e42c8bef24e824b88819ca52f90f347066ac926,https://newsatcl-pctr.c.yimg.jp/t/amd-img/20260706-00000338-yom-000-2-view.jpg?exp=10800,2026-07-06T16:54:59+09:00,2026-07-06T16:55:38+09:00,読売新聞オンライン,yom,読売新聞オンライン,189,"「中道改革連合」のロゴマーク
中道改革連合が実施しているクラウドファンディングの寄付額が１億円を突破し、寄付者は１万３０００人を超えた。目標額を達成したことなどから、７月末で受け付けを締め切る。
小川代表は「意義のある使い方をさせてもらいたい」としており、党幹部らの地方遊説などの費用に充てる考えだ。開始直後に当初目標の１０００万円に到達し、３０００万円に目標を引き上げていた。",[],[]
人間なら８０歳超のレッサーパンダ「風太」２３歳に…ファン「会いたくて新幹線の始発で来た」（読売新聞オンライン）,https://news.yahoo.co.jp/articles/d7f1f949cca6428f940d1a5628b07cfc9ca395ae,https://newsatcl-pctr.c.yimg.jp/t/amd-img/20260706-00000147-yom-000-2-view.jpg?exp=10800,2026-07-06T16:52:28+09:00,2026-07-06T16:53:07+09:00,読売新聞オンライン,yom,読売新聞オンライン,402,"展示場に姿を見せたレッサーパンダの「風太」（５日、千葉市動物公園で）
背筋を伸ばして立ち上がる姿で人気者となった千葉市動物公園（千葉市若葉区）のレッサーパンダ「風太（ふうた）」が５日、２３歳になった。同園で誕生日を祝うイベントが開かれ、駆けつけた多くのファンが長寿を祝福した。
園内の動物科学館で行われたイベントでは、飼育員の伊藤泰志さん（６１）が「風太は高齢だが食欲旺盛で元気に過ごしている」などと最近の暮らしぶりを紹介。寝室で過ごす風太の様子も生中継され、サツマイモなど好物がバースデーケーキ風に盛りつけられた餌を贈られる姿がモニターに映し出されると大きな歓声が上がった。風太は人間なら８０歳を超えるため暑い日などは一般公開を休んでいるが、この日は展示場にも登場して愛嬌（あいきょう）を振りまいた。
静岡市の主婦（５０）は、「風太に会いたくて新幹線の始発で来た。これからも元気でいてほしい」と話した。",[],[]
じりじり下がるコメ価格・上昇続く生産コスト、「米騒動」経て農家は増産意欲…値崩れ懸念で苦悶のＪＡ（読売新聞オンライン）,https://news.yahoo.co.jp/articles/c2626be5983330d4cf4f584145449924ca6960ab,https://newsatcl-pctr.c.yimg.jp/t/amd-img/20260705-00000218-yom-000-4-view.jpg?exp=10800,2026-07-06T16:20:48+09:00,2026-07-06T17:55:38+09:00,読売新聞オンライン,yom,読売新聞オンライン,1240,"「ペイしない状況は避けたい」「価格上げようとしているわけではない」
コメの需給環境整備で協力を求める（左から）ＪＡ栃木中央会の国府田会長とＪＡ全農とちぎの中村本部長（１日、宇都宮市で）
２０２６年産米を巡り、農業関係者の間で値崩れへの警戒感が広がっている。供給不足に伴う「令和の米騒動」から一転、主食用の作付け意向が増し、コメ余りが懸念されているためだ。中東情勢の悪化を受け、資材価格が高騰するなど経営環境は悪化しており、農家はコメのできばえとともに、価格の行方も注視している。（木村彩乃、松崎美保）
「少しでも主食用からシフトし、国にも民間在庫を適正な水準にするようお願いする。資材高騰の中で全くペイしない状況は何とか避けたい」
１日、宇都宮市で行われたＪＡグループ栃木の記者会見で、ＪＡ栃木中央会の国府田厚志会長は苦悶（くもん）の表情を浮かべた。
ＪＡによると、県内の主食用の作付け意向は４月末時点で５万９７００ヘクタールで、昨年実績に比べて全国最多の１６００ヘクタール増えた。
背景にあるのが、２０２４年に始まった令和の米騒動だ。供給不足に伴い、コメの価格は急騰。５キロ・グラムあたりの全国平均価格は例年の約２倍となる４０００円を超えた。高値での取引から、農家では増産意欲が増した。
しかし、２５年産米は豊作となり、在庫が積み上がった。このため、農林水産省によると昨年末頃の４４１６円をピークに下落傾向となり、６月２２～２８日には３５５４円と急落している。
価格の下押し圧力はさらに強まりそうだ。２４年の民間在庫量は、２００万トンを大きく下回っていたが、県内を含め、全国的な作付け増加により、２７年の在庫量は２７１万トンを見込む。
一方、生産コストは上昇を続けている。２２年２月のウクライナ侵攻前から比べ、足元の資材価格は４割近く値上がりしている。少なくとも生産コスト分をまかなえる価格でコメが売れなければ、農家は生産を続けられない。
ＪＡは今月、県に資材高騰への対応を要請するほか、国に対しても備蓄米を買い戻すなどの支援措置を要請する予定だ。生産者にも主食用から加工用や米粉用などへの用途変更を訴えるが、「昨年の価格高騰で、理解してもらうのは難しい状況」（ＪＡ担当者）だ。
那須塩原市の男性（５６）は、２６年産で飼料用の１５ヘクタールを主食用に変えている。「用途を変更し、助成金を得ても、収入は３分の１になる。８月の価格を見ないと（転作は）決められない」と話す。
ただ近年の価格急騰は、消費者のコメ離れを加速させた。ＪＡによると、県産米の販売は５月末時点で前年同期の約８割にとどまっている。農家の経営環境改善には高値維持が、需要回復には安値が必要というジレンマがつきまとう。
ＪＡ全農とちぎの中村昌文本部長は「決してコメの価格を上げようとしているわけではない。生産者が農業を継続できる水準は目指しつつ、消費者にも安心して継続して買ってもらえる価格を意識したい」と強調した。",[],[]
はやぶさ２撮影のトリフネ、「灰色の雪だるまのような形」と判明…ＪＡＸＡが画像公開（読売新聞オンライン）,https://news.yahoo.co.jp/articles/15aefa3ad55f2e7fbe1b71d2f1cc12fe39b34596,https://newsatcl-pctr.c.yimg.jp/t/amd-img/20260706-00000324-yom-000-8-view.jpg?exp=10800,2026-07-06T16:15:12+09:00,2026-07-06T19:32:49+09:00,読売新聞オンライン,yom,読売新聞オンライン,490,"はやぶさ２が最接近する直前の小惑星「トリフネ」の画像＝ＪＡＸＡ、東京大、千葉工業大、東京科学大、産業技術総合研究所・パリ天文台、カナリア天体物理研究所提供
宇宙航空研究開発機構（ＪＡＸＡ）は６日、探査機「はやぶさ２」が地球から約１億キロ・メートル離れた小惑星「トリフネ」に超高速で接近しながら観測する「フライバイ」に成功したと発表した。はやぶさ２が至近距離から撮影したトリフネの画像も公表され、灰色の雪だるまのような形をしていることが初めて分かった。
【図解】一目でわかる…「はやぶさ２」の「トリフネ」に対する「フライバイ」
はやぶさ２はトリフネ（直径約５００メートル）から見て秒速約５キロで近づき、すれ違いざまに表面の様子を捉えた。通常のカメラや温度分布を検知できるサーモグラフィーカメラで撮影した画像には、表面のごつごつとした岩や雪だるまのように中央部でくびれている様子が鮮明に映っていた。
東京都内で記者会見したＪＡＸＡの三枡（みます）裕也チーム長は、「こんなにいい写真が撮れるのかと、感動しかなかった。小惑星探査の分野で日本のプレゼンス（存在感）を示せた」と笑顔で語った。",[],[]
乱高下の日経平均、終値は６円安の６万９７３７円…６００円超上昇ののち一時８００円超下落（読売新聞オンライン）,https://news.yahoo.co.jp/articles/1de9145f3d8e605920bdc812343eaefc43d689ba,https://newsatcl-pctr.c.yimg.jp/t/amd-img/20260706-00000307-yom-000-3-view.jpg?exp=10800,2026-07-06T15:56:29+09:00,2026-07-06T16:14:24+09:00,読売新聞オンライン,yom,読売新聞オンライン,376,"東京証券取引所
週明け６日の東京株式市場で、日経平均株価（２２５種）の終値は、前週末終値比６円３８銭（０・０１％）安の６万９７３７円６９銭だった。２営業日ぶりに下落した。
【表】一目でわかる…投信「インデックス」「アクティブ」の違い
取引開始直後には一時、６００円超値上がりしたが、相場を先導してきた日経平均への影響度の大きいＡＩ（人工知能）や半導体関連株には過熱感が意識され、当面の利益を確定する売り注文が出た。下げ幅は一時、８００円を超えた。
東証プライム市場全体では、７割超の銘柄が値上がりした。前週末の欧州株式市場で主要な株価指数が堅調だったほか、原油価格が下落傾向にあることが投資家心理の支えとなり、午後に入り下げ幅を縮小して取引を終えた。
東証株価指数（ＴＯＰＩＸ）は、３７・３６ポイント（０・９２％）高い４１０１・９６と最高値を更新した。",[],[]
大規模災害で引き取り手ない無縁遺体、葬儀社に葬祭業務を委託する協定…市長「死者の尊厳を守ってもらえる」（読売新聞オンライン）,https://news.yahoo.co.jp/articles/958f4cba76b3700840a76233d01e00fefbd88d77,https://newsatcl-pctr.c.yimg.jp/t/amd-img/20260703-00000126-yomseibu-000-3-view.jpg?exp=10800,2026-07-06T15:51:13+09:00,2026-07-06T15:55:55+09:00,読売新聞オンライン,yom,読売新聞オンライン,566,"協定を結んだ福田市長（左）と冷牟田社長
福岡県中間市は、大規模な災害が発生した際、身元不明などで引き取り手がない無縁遺体の葬祭業務について、同市の葬儀社「真浄葬祭」に委託する連携協定を同社と締結した。
【写真】葬儀場の祭壇を鮮やかな花々で彩る「生花葬祭」を先駆的に広める…営業拠点は関西・首都圏・東北まで
無縁遺体は、墓地埋葬法などで死亡地の市区町村が火葬するとされている。同市も警察による検視を終えた遺体を引き取って葬儀社に保管してもらい、身元を調査するが、判明しなかったり、親族が引き取りを拒否したりした場合、市と遠賀郡４町でつくる事務組合が運営する施設で火葬する。
協定締結は、同社から災害時に協力したいとの申し出があったのがきっかけ。市は、大規模災害で多数の死者が発生した際は、遺体を市の施設に収容する方針だが、対応できない場合、協定に基づいて同社斎場に安置してもらう。
同社はさらに、遺体の搬送、洗浄・消毒、納棺も行い、ひつぎや冷却剤、骨つぼなども提供する。火葬費用は市が負担するが、他は同社が無料で担うという。
６月２９日の市役所での協定締結式で、福田健次市長と冷牟田真二社長が協定書に署名。福田市長は「死者の尊厳を守っていただける」と感謝。冷牟田社長は「中間市に育ててもらっている。微力だが、お手伝いしたい」と述べた。",[],[]
沖縄戦を描いた絵本の原画展、型絵染ならではの力強い線と色遣い…８６歳の田島征彦さん「恐ろしさ伝える責任」（読売新聞オンライン）,https://news.yahoo.co.jp/articles/fe06a7dccee418f8bf5bfa0e82291ca09f4078f0,https://newsatcl-pctr.c.yimg.jp/t/amd-img/20260704-00000087-yomseibu-000-3-view.jpg?exp=10800,2026-07-06T15:37:48+09:00,2026-07-06T15:45:24+09:00,読売新聞オンライン,yom,読売新聞オンライン,845,"「沖縄の声を本土の人に聞いてほしい」と話す田島さん
絵本作家の田島征彦さん（８６）（兵庫県淡路市）が手がけた、沖縄を題材とする絵本の原画展が、沖縄県宜野湾市の佐喜眞（さきま）美術館で開かれている。型絵染ならではの力強い線と色遣いで沖縄戦を描いた田島さんは、「戦争の恐ろしさを伝えるのは、戦争を知っている者の責任だと思う」と話している。
【グラフ】沖縄戦を経験した世代は減り続けている
型絵染は、型紙とのりを使って模様を染め出す技法。田島さんは上方落語を題材とした絵本「じごくのそうべえ」などユーモアあふれる絵本で知られる。
絵本「ガージュー先生　対馬丸事件を生きぬいた少女の物語」より
しかし、今回展示されている原画は、沖縄から本土へ向かう途中に米軍に撃沈された学童疎開船・対馬丸を題材とする『ガージュー先生　対馬丸事件を生きぬいた少女の物語』（童心社）、『なきむしせいとく　沖縄戦にまきこまれた少年の物語』（同）など戦争関連の絵本が中心だ。
４月に刊行された『ガージュー先生』は対馬丸の生存者、平良啓子さん（２０２３年死去）の手記を基にしたもの。平良さんをモデルにした主人公の少女が対馬丸事件と沖縄本島の地上戦に遭遇し、戦後教師となって語り部活動を始めるまでを、一人称の語りで描く。漂流の場面の挿絵では、人々が激しい波に打たれながらいかだを奪い合う情景が、素朴なタッチと鮮やかな色彩で荒々しく表現されている。いかだにしがみつく少女の赤い服が印象的だ。
沖縄には５０年ほど前から通い続け、１９８７年にガジュマルの樹（き）にすむ妖精キジムナーが登場する絵本を出した。「沖縄の自然の魅力を伝えるだけでは十分ではない」。戦争体験者の手記や資料を読み始め、９６年に沖縄戦を生き残った女の子の話を三人称の視点で描く『てっぽうをもったキジムナー』を刊行した。しかし戦後の米軍基地問題にも触れた本作は「子どもには理解できない」という批判も受けた。
原画は８４点を展示している。８月３０日まで。（堀家路代）",[],[]
「ナイスボール」。全ろうの投手の球を受けた聴者の捕手は、思わず声を上げた……清新な青春野球漫画（読売新聞オンライン）,https://news.yahoo.co.jp/articles/b916f36822a622abe42d4bd2f19cc3ba05603ba2,https://newsatcl-pctr.c.yimg.jp/t/amd-img/20260629-00000234-yom-000-3-view.jpg?exp=10800,2026-07-06T15:30:22+09:00,2026-07-06T20:12:39+09:00,読売新聞オンライン,yom,読売新聞オンライン,1367,"偏見、対話　野球マンガ新境地
真白（左）とノナの交流を鮮やかに描いた『僕らには僕らの言葉がある』
ろう者の高校生投手と、聴者の捕手の青春を描いた詠里さん（３５）の野球マンガ『僕らには僕らの言葉がある』（ＫＡＤＯＫＡＷＡ）が全３巻で完結した。聴者がろう者に持つ偏見や、両者が対話を模索する姿を正面から捉え、野球マンガの新境地を切り開いた。（宮嶋範）
「野球じゃなくて、野球に打ち込む人自体を描きたかったんです」。これまで手がけた野球マンガは、試合を中心に据える従来のセオリーに沿わねばならず、どこか不完全燃焼だったという。
耳の聞こえない高校生が野球部の一員としてプレーするドキュメンタリーを見た時に転機は訪れた。「聴者とは違った認知の仕方や価値観を持つ人は、どうやって野球部の中で対話するんだろう」と関心が湧いた。
捕手を務める高校生のノナこと野中は、全ろうの投手・真白と出会う。最初は「いるだけ邪魔」と偏見を抱いていたノナは、真白の投げた球に思わず「ナイスボール」とつぶやく。声が聞こえない相手に感動をどう伝えるか模索することから、関係が始まる。
ろう者だから手話、というのは聴者の思い込みにすぎない。実際の当事者も、「通じない人にわざわざ手話でしゃべらない」と語るという。真白のコミュニケーション手段も実に多様で、指文字や筆談、タブレットにＬＩＮＥと、あらゆる手でノナやチームメートに必死に思いを伝えようとする。
ろう者と野球なんてできないと思っていたノナは「何も知らなかった頃の私自身でもある」。ノナと真白の関係を描くうえで、相手チームに打ち勝つ中で絆を深める、という野球マンガの定番は避けた。わだかまりを抱えた二人が迎えた最終巻では、野球の場面はむしろ少なく、目と目をみて、徹底的に話し合う展開にこだわった。
「プレーに逃げず、自分がどういうふうに相手を見ていたか、徹底的に向き合わなきゃダメなんです」
球児　多様に描く
詠里さん
甲子園が身近な兵庫県に生まれ、高校生の頃、マンガ『おおきく振りかぶって』と出会った。野球に打ち込む高校生を丹念に追う物語に「野球をする人はなんて面白いんだろう」と興味津々になった。
『おおきく振りかぶって』では、試合に敗れた後に野球中継が見られなくなる登場人物がいる。地元・兵庫の球児は、甲子園が身近なぶん、どこかドライで、負けた翌週には試合を観戦していた。「描き方の正解は他にもある。甲子園と関係なく、野球をする子たちをテーマにしたい」
読者目線の憧れは、創作欲に変わっていった。硬式野球で奮闘する女子高生を描いた『フジマルッ！』でデビューしてからも、テーマはいつも野球だった。
ろう者という題材と、音のないマンガは相性が良いのかと思いきや、「セリフやコマのルールも音声を軸に考えられていて、音声でしゃべらない人がすっぽり抜け落ちていた」。セリフに頼れず、一つの出来事を説明するのに、２、３コマ費やさねばならない。既存のマンガが洗練させてきたコマ運びが通用しない場面も多く、挑戦の連続だった。
苦労も多かったぶん、当事者からの「これまでのマンガと違う」という反響は励みになった。いったん完結を迎えたが、「まだまだこの世界観で描きたいことがある」。大きなテーマをつかんだ手応えをかみしめている。",[],[]
白水社から上質な文芸の薫りが漂う新シリーズ……ハン・ガンさん、堀江敏幸さん（読売新聞オンライン）,https://news.yahoo.co.jp/articles/ab56b3221de1bd9de81fd68e5f3125d86e5962d5,https://newsatcl-pctr.c.yimg.jp/t/amd-img/20260629-00000126-yom-000-14-view.jpg?exp=10800,2026-07-06T15:30:17+09:00,2026-07-06T22:17:18+09:00,読売新聞オンライン,yom,読売新聞オンライン,1726,"ノーベル賞ハン・ガンさん　未邦訳の初期作や新作
白水社が新シリーズ
韓国のノーベル文学賞作家、ハン・ガンさん　（ｃ）Ｐａｉｋ　Ｄａｈｕｉｍ
外国文学や語学書などに定評がある白水社が、上質な文芸の薫りが漂う新シリーズを始めた。韓国のノーベル賞作家の素顔に迫る「ハン・ガン　コレクション」と、現代日本を代表する作家の作品を集めた「堀江敏幸コレクション」だ。慌ただしい日常に、静かな読書の喜びを届けてくれそうだ。
「ハン・ガン　コレクション」は、斎藤真理子さん（６６）が翻訳を手がけ、未邦訳の初期作品を全５巻で刊行し、新作も収録する予定だ。第１弾には、短編集『私の女の実』が選ばれた。
表題作では、結婚生活の中で心をすり減らし、徐々に植物になっていく妻が描かれる。この短編が、「国際ブッカー賞」をアジア人で初めて受けた代表作『菜食主義者』に発展していく。詩人でもある著者は同じモチーフを繰り返す一面があり、「ある日彼は」での青い石を拾う場面は、後に短編「青い石」につながり、別の長編でも登場する。
１９７０年、韓国・光州に生まれたこの作家は、デビュー当時から、社会の薄暗い部分を見つめてきた。２０代後半に発表した作品が収められた短編集には、済州島での四・三事件の傷痕に触れつつも、傷ついた男が心を回復する「白い花」のような短編もある。斎藤さんは「暗さに目が慣れてきて、光が見えてくる過程の中にあった」とみる。
（写真：読売新聞）
邦訳されたハン・ガンさんの小説には、二つの系統がある。一つは、韓国の歴史に対（たい）峙（じ）する重厚な長編で、民主化運動を武力鎮圧した光州事件を巡る『少年が来る』や、四・三事件を題材にした『別れを告げない』が知られる。『ギリシャ語の時間』や『すべての、白いものたちの』のような透明感のあるもう一つの作風も人気が高い。どちらの要素も併せ持つこの短編集を読めば、「根は同じで、ここから枝分かれしていくんだと分かってもらえる」。
ノーベル賞受賞前から準備していたコレクションでは今後、最初の短編集『麗水（ヨス）の愛』や、初の長編『黒い鹿』などの刊行を予定している。解説には、『私の女の実』を担当した桜庭一樹さんを始め、平野啓一郎さんや西加奈子さん、古川日出男さんらが名を連ねる。
今回の短編集には、韓国の軍事独裁政権時代の影もよぎる。コレクションを通して、作家の遍歴を初期からたどれば、「小説家の個人史に触れると同時に、一つの国の歴史も感じられるんじゃないか」と斎藤さんは語る。作家の全体像が今明らかになる。（宮嶋範）
評論など　堀江敏幸コレクション
（写真：読売新聞）
つかまえたと思えば、すぐにすり抜ける海の波のようなイメージを、堀江敏幸さん（６２）＝写真＝の筆業は感じさせる。数多くの優れた小説とともに、文芸や音楽、美術など様々な文章を書き、早稲田大の教壇に立ち、全貌（ぜんぼう）がつかめないからだ。
（写真：読売新聞）
白水Ｕブックスの「堀江敏幸コレクション」は、エッセーや評論、翻訳作品などの著作を集めた。１９９５年にフランスで暮らした経験をもとにした『郊外へ』を白水社で出版して、３０年になることから企画された。「当時は小説を書くとも、大学の先生になるとも予想していませんでした。立ち位置は今もあのときと同じ『郊外』にいるままなんです」
シリーズの第１回配本は、フランスの孤高の詩人の生涯をたどる『魔法の石板　ジョルジュ・ペロスの方へ』だ。ペロス（１９２３～７８年）は大きな才能を持ちながら、パリからブルターニュの港町に移り住み、＜私＞を消すように生きた。元の本は２００３年の刊行で、『雪沼とその周辺』や『河岸忘日抄』と同時に執筆した。新資料をもとに今回、大幅加筆した。
＜言語を横切る＞。ペロスについて語る作中に、こんな一節がある。
「（私の仕事も）横切ってばかりですね。空間だけではなく、言葉を横切る。斜線を引く。ジグザグという手段もあるけど、直線ではない。直線でも、先に進まず一回戻る……」
今後、パリの古物市で出会ったものについて書いた『もののはずみ』や『パリの廃墟』など１０冊を超す作品が刊行される。（待田晋哉）",[],[]
「猫が山笠を担いでいます」「顔つきが怖い」、視覚障害者「闘志に燃えているわけですね」…アートの共同鑑賞で見えたもの（読売新聞オンライン）,https://news.yahoo.co.jp/articles/ad7ad3567bc51d705ea9b42f9de61672abf89d20,https://newsatcl-pctr.c.yimg.jp/t/amd-img/20260704-00000090-yomseibu-000-3-view.jpg?exp=10800,2026-07-06T15:28:22+09:00,2026-07-06T15:35:28+09:00,読売新聞オンライン,yom,読売新聞オンライン,1588,"展示された「山笠猫流」（田中豪さん作）
視覚に障害がある人とない人が、絵画などのアート作品を対話しながら共同で鑑賞する活動が広がっている。作品について語り合うことでもたらされるのは、自分とは違う感覚への気づきだ。福岡を中心に２０年以上にわたって取り組む市民グループ「ギャラリーコンパ」の活動現場から、鑑賞とは何か、アートが持つ力とは何かを考えた。（右田和孝）
【動画】博多祇園山笠、「追い山笠」で勇壮フィナーレ…舁き山笠はゴールを目指して疾走
「猫は全部同じ色ですか？」「白にハチワレにと色々います」
６月中旬、福岡・天神のアクロス福岡で開かれた「みんなのアート展」で、共同鑑賞の催しが行われた。進行役を務めたギャラリーコンパのメンバーは、全盲で鍼灸（しんきゅう）師の浜田庄司さん（６５）、晴眼者で障害福祉サービス事業所スタッフの松尾さちさん（６３）、晴眼者で鳥取大准教授（アートセラピー）の石田陽介さん（５８）の３人。アート展を主催する福岡県障がい者文化芸術活動支援センターなどが参加者を募り、視覚や聴覚に障害がある人を含む１４人が集まった。
会場には、様々な障害がある人たちが「ＦＥＳＴＩＶＡＬ（祭り）」をテーマに描いた絵画が並ぶ。まず石田さんが、「曖昧なものを、曖昧に、曖昧なまま伝えられるのがアートの特色。感じたことを伝え合って」と話した後、鑑賞が始まった。
参加者は３班に分かれ、１枚の絵を１５分ほどかけてじっくり味わった。弱視で生まれて２２歳で全盲になったという浜田さんが入った班は、「山笠猫流」というタイトルの絵を選んだ。参加者の女性が説明する。「人ではなくて猫が山笠を担いで、猫が台に乗っています。『猫流』と書かれた法被を着ています」
「おおっ、法被を。猫は全部同じ色ですか？」と浜田さんが尋ねると、別の女性が「白にハチワレにと、色々います。みんな顔つきが怖いです」と応じる。「闘志に燃えているわけですね。叫んでいるのがよくわかる。猫だから『ニャンサ！　ニャンサ！』ですかね」との浜田さんの言葉に、班の全員が笑顔になった。
「晴眼者が見落としていた感覚を気づかされる」
目が見える人と見えない人が会話しながらアートを鑑賞する取り組みは、「全盲の美術鑑賞者」として知られる白鳥建二さんとＮＰＯ法人「エイブル・アート・ジャパン」（東京）の前身が１９９９年に鑑賞ツアーを実施したことが契機となって全国に広がった。２０１２年に設立された市民団体「視覚障害者とつくる美術鑑賞ワークショップ」は、首都圏を中心に活動を展開。福岡市美術館でも、視覚障害者と晴眼者による鑑賞ツアーなどを２０年度から毎年開催している。
ギャラリーコンパの浜田さん（右）と対話を重ねながら１枚の絵を鑑賞する参加者ら
今回も、浜田さんが「絵から音が聞こえてくる」と話し、一同がうなる場面があった。浜田さんは「皆さんも意識していないだけで、絵を見る時には、視覚だけではなく、聴覚とか嗅覚といった感覚も働かせているはずだ」とも語った。「見る」とは、目だけで行う行為ではないというのだ。
共同鑑賞では、見える人と見えない人が、色や形といった視覚的な情報だけでなく、自分が感じたことや考えたことを言葉にする。相手の感覚を受け取り、また別の感覚を返していくというやりとりを交わすうちに、互いのイメージとイメージの間に一枚の絵が「見えてくる」。もたらされるのは、作品の「正しい理解」ではなく、「他者と共に感じる」という体験なのだという。松尾さんは「共同鑑賞という場は、人と人をぐんと近づける装置のように思える」と語る。
「現代社会では、役に立つか、効率的かという価値観で、人間関係が評価されがちだが、アートの場では、そうした尺度から少し自由になれる。アートを通して、人と人とが共に生きる感覚を取り戻していけたら」",[],[]
アンパンマンミュージアム開館３０周年ブックカバー、「やなせうさぎ」がお届けしました…３書店で入手可能（読売新聞オンライン）,https://news.yahoo.co.jp/articles/e0a9748b1870888c3f21caf23063dc4dab38247f,https://newsatcl-pctr.c.yimg.jp/t/amd-img/20260706-00000096-yomosaka-000-9-view.jpg?exp=10800,2026-07-06T15:25:04+09:00,2026-07-06T17:38:21+09:00,読売新聞オンライン,yom,読売新聞オンライン,431,"やなせうさぎからブックカバーを受け取る小松さん（右、高知県香美市で）
高知県の香美市立やなせたかし記念館アンパンマンミュージアムが２１日に開館３０周年を迎えるのに合わせ、同館と金高堂書店がコラボした「オリジナルブックカバー」の配布を５日、開始した。
【写真】やなせさんのイラスト入りブックカバー（高知県香美市で）Ⓒやなせたかし
文庫本用で、やなせさんが同館開館に向けて描いたアンパンマンなどのイラストがデザインされている。
香美市土佐山田町旭町の同書店土佐山田店で、この日、ブックカバーの贈呈式があり、やなせさん自身のキャラクター「やなせうさぎ」が同店店長の小松航輝さん（３３）に手渡した。
小松さんは「開館３０周年を盛り上げる一助になれば」と言い、同館学芸員の大竹真美永さん（２９）は「多くの人に受け取ってもらい喜んでほしい」と話した。
同書店土佐山田店のほか、金高堂本店（高知市帯屋町）、朝倉ブックセンター（同市大谷公園町）で、本を購入した希望者に配布する。",[],[]
【ソフトボール男子Ｕ２３Ｗ杯】日本初優勝に貢献の芝外野手、知事に世界での活躍誓う…大会ベストナイン選出に「自信になった」（読売新聞オンライン）,https://news.yahoo.co.jp/articles/74d6e07d47aab641c48b5cc4e4d16b959251f708,https://newsatcl-pctr.c.yimg.jp/t/amd-img/20260706-00000092-yomosaka-000-9-view.jpg?exp=10800,2026-07-06T15:20:10+09:00,2026-07-06T17:38:08+09:00,読売新聞オンライン,yom,読売新聞オンライン,846,"浜田知事（左）に日本代表の優勝を報告した芝選手（中央、高知県庁で）
高知県四万十町出身で、４、５月に南米・コロンビアで開催されたソフトボール男子Ｕ２３ワールドカップ（Ｗ杯）に日本代表として出場した高知パシフィックウェーブ（ＰＷ）の芝海人選手（２１）がベストナインにも選ばれるなど大会で活躍し、日本の初優勝に貢献した。芝選手は「打撃で頑張ってチームの勝利に貢献し、トップチームの代表入りを目指していきたい」と今後の活躍を誓っている。（阿部大樹）
▶県が「フレックスタイム制」導入へ、週休３日も可能に…知事「多様な働き方許容していく」
芝選手がソフトボールを始めたのは８歳の頃。姉や兄の影響で、「物心ついた時にはソフトボールがあった」という。
もともとポジションはキャッチャーだったが、高知ＰＷでは、より多くの出場機会を求め、外野手に転向した。
「守備範囲が広く、ボールとの距離感が難しかった」といい、２年間特訓を重ねた。今大会でも外野手として試合に出場したが、日本代表に選ばれたと聞いた時は「どっきりかと思った」と振り返る。
守備は苦手というが、大会では堅守でチームを救った。右翼手として出場したスーパーラウンドのオーストラリア戦では、好送球で三塁を狙った走者を刺したほか、同ラウンドのベネズエラ戦でも同点を阻む好捕を見せるなどしたといい、最優秀守備選手に。打率も２割８分６厘でベストナインにも選ばれ、「世界の舞台で取れたのはすごくうれしく、自信になった」と喜ぶ。
６月には芝選手のほか、マネジャーとして日本代表に同行した高知ＰＷの野本誠士選手が県庁を訪問し、浜田省司知事に優勝を報告。
浜田知事は「高知県はソフトボールが盛んな地域で、盛り上げに一役買っていただいた。世界で活躍したうれしいニュース」とたたえ、野本選手は「選手として日本代表を目指している中でいい経験になった」、芝選手は「今回は世界の舞台を初めて見ることができた。次はトップチームの代表に選ばれるように頑張りたい」と力を込めた。",[],[]
空港乗り継ぎで最大１万円分の還元キャンペーン…９月３０日まで、片道から申請可能（読売新聞オンライン）,https://news.yahoo.co.jp/articles/ee003a1de664d0c32aa8c9ffdcc092a6c2916e2c,https://newsatcl-pctr.c.yimg.jp/t/amd-img/20260706-00000095-yomosaka-000-9-view.jpg?exp=10800,2026-07-06T15:20:06+09:00,2026-07-06T17:38:14+09:00,読売新聞オンライン,yom,読売新聞オンライン,404,"夏休みなどの長期休暇に合わせ、高知空港発着便の乗り継ぎ利用を促進しようと、高知県内の経済団体や航空各社、県などで作る「県航空利用促進協議会」は９月３０日まで、高知空港発着の２区間以上乗り継ぐ利用者を対象にキャッシュバックキャンペーンを実施している。
▶台湾から累計５万３８０４人が来訪、高知空港との定期チャーター便が２７年３月まで延長
７月１日～９月３０日の搭乗分が対象で、乗り継ぐ航空会社は別会社でも可能。片道から申請することが可能で、片道利用は５０００円分、往復利用は１万円分がそれぞれＱＵＯカードＰａｙで還元される。特設サイト（ｈｔｔｐｓ：／／ｋｏｃｈｉ-ｓｏｒａｔａｂｉ．ｃｏｍ）から、搭乗券や搭乗証明書など、同日中に乗り継いだことが分かる画像を添付して送信する。
申請は１０月１日までだが、予算が上限に達し次第、終了する。
高知空港
問い合わせは、県航空利用促進協議会（０８８・８２３・９３４１）。",[],[]
夏の高校野球愛知大会　栄徳、延長戦制す…8回一挙4点、野村好救援（読売新聞オンライン）,https://news.yahoo.co.jp/articles/a702bc57da1ec3d5a13c9e4862bd8ea1cfc35b0f,https://newsatcl-pctr.c.yimg.jp/t/amd-img/20260706-00010005-yomchubu-000-1-view.jpg?exp=10800,2026-07-06T15:20:06+09:00,2026-07-06T15:20:06+09:00,読売新聞オンライン,yom,読売新聞オンライン,560,"栄徳6―5名古屋市工
10回の守備を無失点に抑え、チームメート（左）とタッチする野村投手（5日、春日井市民球場で）
夏の甲子園への切符をかけた第108回全国高校野球選手権愛知大会の1、2回戦が5日、県内各地の球場で行われた。雨の影響で予定されていた27試合のうち、5試合が中止となり、1試合が継続試合となった。
栄徳6―5名古屋市工
　栄徳が延長タイブレイクの末、逆転勝利を遂げた。五回途中からリリーフした野村柊投手（2年）が無失点の好投を見せ、逆転の流れを呼び込んだ。
　入りの難しい初戦に先発したエースの川合瞭投手（3年）が失点を重ねた。打線もつながりを欠き、序盤は無得点の苦しい展開だった。
　5点差をつけられてマウンドに上がる際、ベンチから「いつも通りいけよ」と声をかけられて覚悟が決まった。「練習から球は走っていた」と緩急を使いながら最速143キロを誇る直球で押す「いつもの」投球で要所を締め、反撃を待った。
　八回に4点差を追いつき、無死一、二塁から始まる延長十回タイブレイクでは、送りバントで走者を進められたものの後続を2者連続三振に切って取り、流れを渡さなかった。
　8奪三振で被安打1の活躍に野村投手は「流れをもって来る投球ができた」と振り返り、「次もリリーフの役割を果たす投球をしたい」と引き締めた。",[],[]
夏の高校野球岐阜大会　岐阜サヨナラ勝ち…イチローさんの助言、心に（読売新聞オンライン）,https://news.yahoo.co.jp/articles/2621178dfd004002791726f012f1c81eaa98533f,https://newsatcl-pctr.c.yimg.jp/t/amd-img/20260706-00010004-yomchubu-000-1-view.jpg?exp=10800,2026-07-06T15:18:39+09:00,2026-07-06T15:18:39+09:00,読売新聞オンライン,yom,読売新聞オンライン,437,"岐阜4―3池田
池田―岐阜　サヨナラ勝ちを喜ぶ岐阜ナイン（ぎふしん長良川球場で）
第108回全国高校野球選手権岐阜大会は5日、1回戦10試合が岐阜市のぎふしん長良川球場など5球場で行われた。降雨の中、シード校の大垣商は岐阜各務野に快勝し、古豪・市岐阜商は七回コールドで初戦突破した。大垣市北公園野球場の第2試合・揖斐―海津明誠の試合は降雨のため三回終了時点で継続試合となった。11日の同球場3試合目に再開される。

　岐阜は初回に先制し、三、七回に追加点を挙げた。同点の九回、8番・坪内沙登選手（2年）が二死満塁からサヨナラ適時打を放った。
　池田は九回に2点を奪って同点に追いついたが、あと一歩及ばなかった。
　岐阜の3年生は一昨年11月、大リーグで活躍したイチローさん（52）から、落ち着いてプレーするためには練習から試合を意識するようにと、助言を受けた。後輩にも伝えており、この試合にスタメン出場した3年生の一人は「（サヨナラの場面でも助言が）いきたと思う」と話した。",[],[]
夏の高校野球三重大会　鳥羽・南伊勢・石薬師3校連合11点快勝（読売新聞オンライン）,https://news.yahoo.co.jp/articles/a3d1c0f71308cd0955775630e41bb27b41e28fda,https://newsatcl-pctr.c.yimg.jp/t/amd-img/20260706-00010003-yomchubu-000-1-view.jpg?exp=10800,2026-07-06T15:16:17+09:00,2026-07-06T15:16:17+09:00,読売新聞オンライン,yom,読売新聞オンライン,191,"連合チームで出場し、4回1死2、3塁でスクイズを決める鳥羽の中山選手（5日、ダイムスタジアム伊勢で）
夏の高校野球三重大会は5日、四日市市霞ヶ浦第1野球場とダイムスタジアム伊勢で1回戦2試合が行われた。
　桑名西と、鳥羽・南伊勢・石薬師の連合チームが、それぞれ2回戦に駒を進めた。ほかに予定されていた1回戦計6試合は雨で中止。6、7日は試合がなく、中止となった試合は8日に行われる。",[],[]
「飛騨の里」匠神社の天井絵を公開　岐阜・高山市（読売新聞オンライン）,https://news.yahoo.co.jp/articles/3a468f3fd737601810fd87073b69ad7e64b9d69b,https://newsatcl-pctr.c.yimg.jp/t/amd-img/20260706-00010002-yomchubu-000-1-view.jpg?exp=10800,2026-07-06T15:11:37+09:00,2026-07-06T15:11:37+09:00,読売新聞オンライン,yom,読売新聞オンライン,279,"公開中の天井絵（岐阜県高山市で）
岐阜県高山市上岡本町の観光施設「飛騨の里」内の匠神社で、天井絵が一般公開されている。20日まで。
　天井絵は、匠神社を旧河合村から移築した際に設置。劣化を防ぐため、年2回の公開となっている。天井のマス目には、アジサイやボタン、ミズバショウなどの絵42点が描き込まれている。カナダ国籍のアーコシュ・ベルボツィさん（50）は「絵を守るために年2回だけしか見られないとは知らなかった。自然と美の調和が描かれていて美しい」と話した。
　飛騨の里の入場料は大人700円、小中学生200円。問い合わせは同里（0577・34・4711）。",[],[]
伊勢志摩の海　鉄人競う…トライアスロン　3～78歳の男女計約1000人がエントリー（読売新聞オンライン）,https://news.yahoo.co.jp/articles/81af5afdf88419d7b2bc044c2893ec8ae8fd76cf,https://newsatcl-pctr.c.yimg.jp/t/amd-img/20260706-00010001-yomchubu-000-1-view.jpg?exp=10800,2026-07-06T15:09:32+09:00,2026-07-06T15:09:32+09:00,読売新聞オンライン,yom,読売新聞オンライン,423,"競技に挑む選手たち（5日、三重県志摩市で）
伊勢志摩・里海トライアスロン大会が4、5日、三重県志摩市浜島町浜島の大矢浜海水浴場を発着点に開かれ、全国から3～78歳の男女計約1000人がエントリーした。
　県内唯一のトライアスロン大会で、市や志摩スポーツコミッションなどでつくる実行委員会が主催。東京五輪に出場した競泳の中村克選手（32）らが招待選手として出場したほか、スペインやイギリスの選手もオープン参加した。
　沿道で地元住民やボランティアらが「頑張れ」「ファイト」などと声援を送る中、選手たちはスイムやバイク（自転車）、ランなどの種目に挑んだ。
　志摩トラディスタンス（スイム2キロ、バイク45キロ、ラン10キロ）部門の男子総合で3位、三重県勢ではトップでゴールした亀山市の会社員石井航平さん（28）は「里海大会は海がきれいで泳ぎやすく、沿道の応援もすごくて楽しいレース。今秋の国民スポーツ大会に向けて満足できる結果が出せた」と話していた。",[],[]
松浦武四郎の書斎　つなぐ縁　ICU学生が松阪で文化交流（読売新聞オンライン）,https://news.yahoo.co.jp/articles/836e1c352c7f015c59e12b096c8b94ac340d4b45,https://newsatcl-pctr.c.yimg.jp/t/amd-img/20260706-00010000-yomchubu-000-1-view.jpg?exp=10800,2026-07-06T15:08:04+09:00,2026-07-06T15:08:04+09:00,読売新聞オンライン,yom,読売新聞オンライン,1663,"松阪で文化交流に挑む新さん（左）と森さん（6月、国際基督教大博物館の湯浅八郎記念館で）
北海道の名付け親として知られ、幕末に活躍した松阪出身の探検家・松浦武四郎が残した書斎「 一畳敷いちじょうじき 」をテーマに、国際基督教大学（ICU＝東京）の学生が今月、松阪市に2週間滞在して小学校での授業やアートを通じた文化交流に挑む。一畳敷はICU構内に保存されており、武四郎の功績を未来につなぎたい市は2022年に大学と連携協定を結んだ。2年の準備期間を費やし、学生を受け入れるのは初めて。（三木修司）
松浦武四郎の肖像（松浦武四郎記念館提供）
学生は、3年生の 新あたらし 衣梨花さん（21）と2年生の森真莉子さん（20）。2人はICUの教育プログラム「サービス・ラーニング」の一環として松阪を訪れる。大学構内にある国の登録有形文化財の建物群「泰山荘」の保存に取り組む学生サークル「泰山荘プロジェクト」のメンバーで、泰山荘の一角にある一畳敷の掃除や公開活動などに力を入れている。

　代々の学生がまとめた冊子「泰山荘必携」などによると、一畳敷は1886年（明治19年）、武四郎が東京・神田の自宅に増築した書斎で「 草の舎くさや 」と呼ばれ、88年に70歳で亡くなるまでの晩年を過ごしたとされる。

　畳1枚の広さに床の間をしつらえた簡素な造りだが、建築資材は法隆寺や出雲大社、厳島神社など全国各地の神社、仏閣などから寄贈された91の古材を組み合わせて造られた。古材の出所や用途、寄進者は冊子「木片勧進」に集約され、87年に武四郎自らが出版した。

　武四郎は足腰が弱って旅がままならなくなり、一畳敷に住んで冒険の生涯を振り返ったとされる。「松浦武四郎記念館」の山本 命めい 館長は、「国内外のアーティストたちは、異彩を放つ一畳敷の空間を『フォールディング・コスモス』（内包する宇宙）と呼んで絶賛した」と解説し、「1畳の世界をどう感じ、何を語ってくれるか非常に楽しみ」と2人の活動に注目する。

　新さんと森さんは、昨年秋頃に一畳敷の存在を知ったという。月に1度の清掃活動に初めて参加し、そこで得た「驚き」に2人は突き動かされた。

　「中はホコリっぽく、天井から蛇やヤモリがぽとりと落ちてきた。壁には大きなクモ……。頭に描いていたロマンの世界とは打って変わって、『文化財のリアル』を感じた」（新さん）という。同時に「思ったより小さくて狭かった。古希を祝うために一畳敷を造ろうという発想がすごい。由緒ある神社仏閣とのコネクションの強さ、バイタリティーあふれるおじいちゃんを連想した」（森さん）とその魅力に圧倒された。

　文化財保護も学ぶ2人が強く思うのは「建物は人の出入りが大切だ」ということだ。活用と保全を考えたとき、「活用しすぎて壊れてしまっては元も子もないが、ただ囲っているだけでは存在意義があるのかどうかも疑問」と訴え、「文化財は市民の共有財産。その命は永遠ではないということを保護の前提に置き、活用と保全のバランスを考えたい」と話している。

　ICUによると、一畳敷を含む泰山荘は通常、非公開となっている。

■サービス・ラーニング　「学術的な学び」と「社会貢献活動」を統合させた教育プログラム。大学での学びを地域社会の課題解決に生かし、その実体験を大学に還元する循環型の教育目標を掲げる。ICUは海外の大学や国内の特定非営利活動（NPO）法人、自治体などを連携パートナーに持つ。
◇…学生の活動日程…◇
7日　小野江小学校の5年生を対象に授業。一畳敷のペーパークラフト作製にも取り組む。

8日　東部福祉まるごと相談室で「アートコミュニケーション　野菜ハンコでアートにふれよう＆まるごと社協カフェ」開催。

9、10日　国際交流員と連携して、英語力を生かした情報発信や観光体験で市の魅力を発信。

14～17日　「武四郎を世界に発信」をテーマに松浦武四郎記念館で英語による動画など作成。

17日　市長に学習成果報告。",[],[]
ＳＬハチロク、黒い巨体が煙上げ２５ｍ前進…「プオー」鉄道不通続く山あいの街に響く汽笛「元気な姿に涙出る」（読売新聞オンライン）,https://news.yahoo.co.jp/articles/8921eb6e76ef7a7ed5d24e3370fe1b89f3d8d065,https://newsatcl-pctr.c.yimg.jp/t/amd-img/20260706-00000073-yomseibu-000-4-view.jpg?exp=10800,2026-07-06T15:00:46+09:00,2026-07-06T15:23:17+09:00,読売新聞オンライン,yom,読売新聞オンライン,1369,"汽笛を鳴らし、煙を上げて前進するＳＬ（６月６日）＝板山康成撮影
「プオー」。山あいの街に甲高い汽笛が響いた。熊本県人吉市で月１度開かれる、ＳＬ（蒸気機関車）を動かすイベントの開始音だ。人吉は２０２０年７月の九州豪雨以降、鉄道の不通が続く。その街にいま、マイカーやバスで多くの鉄道ファンが集まっている。
【動画】観光列車「ＳＬ人吉」を牽引したＳＬが１年８か月ぶりに動いた…ＪＲ人吉駅前で動態展示
市中心部のＪＲ肥薩線人吉駅前の広場。鉄道ファンや家族連れ約１００人が見守るなか、１９２２年製造の８６２０形ＳＬ、愛称「ハチロク」が白い煙を上げ、ゆっくり動き出した。
２５メートルの距離を１５分間、前後に進むだけだが、全長１６・８メートル、高さ３・９メートルの黒い巨体が動くさまを３メートルの近さで見られるのは、抜群の迫力がある。熊本県八代市の会社員（３０）は「ハチロクの元気な姿に涙が出ます」と感激していた。
駅前広場にある人吉鉄道ミュージアムでは、ミニトレインに乗れる。子どもたちに人気だ（６月６日、熊本県人吉市で）＝板山康成撮影
南九州の交通の要衝である人吉とＳＬの関係は長く、深い。最初は６８年から７年間、東に延びる国鉄湯前（ゆのまえ）線（現くま川鉄道）を走り、木材を運んだ。引退して市内に展示されたが復活し、阿蘇に移った。２００９年に人吉に戻り、観光列車「ＳＬ人吉」として活躍。九州豪雨で肥薩線が被災すると他路線に転じた。
老朽化と部品の確保難から２４年３月、完全引退した。市は「『終着駅』は人吉に」とＪＲ九州から譲り受け、広場に展示した。「走る雄姿を見たい」。市にはそんな声が市内外からたくさん寄せられた。そして別のＳＬを管理する若桜（わかさ）鉄道（鳥取県）の協力を得て動力源を石炭から圧縮空気に代え、昨年１１月に再び動くようにした。見学者は増え、市交通政策課の宮崎裕（ゆう）さん（４２）は「人吉の誇りを見に来てくれてうれしい。被災した市民の励みにもなっています」と話した。
広場には肥薩線の歴史を伝えるミュージアムもある。足を運べば感慨がより増す。
ＳＬ人吉のお供で親しまれた名物の「栗めし」も、近くの人吉駅弁やまぐちで今も買える。一口大の栗が６個も入っているのがうれしい。店の福山公子さん（７１）は「また鉄道で来たお客さんに食べてほしいですね」と懐かしむ。
人吉の鉄道愛を感じることができた。でも、鉄路の旅だったらもっと――。肥薩線で行けるようになるのは３３年度頃。その日が待ち遠しい。（大久保和哉）
くま川鉄道も見所たくさん
黄色のポストがあるおかどめ幸福駅。「幸福切符」も売っている
ＪＲ人吉駅に隣接する人吉温泉駅発着のくま川鉄道も、見所がたくさんある。
同駅から東に１２キロのおかどめ幸福駅（あさぎり町）は、縁起の良い名称で訪問客が絶えない。駅前に「幸せの黄色いポスト」があり、売店では「幸福への切符」を販売している。湯前駅近くのまんが美術館も人気だ。人吉温泉―肥後西村（ひごにしのむら）（錦町）間の被災による運休は９月１９日に終了し、全線で運行を再開する。
（写真：読売新聞）
【アクセス】人吉市は熊本県南部に位置する。市を通る鉄路は現在不通。高速バスで熊本市内から約１時間５０分で行ける。車は九州自動車道人吉ＩＣが便利。",[],[]
レーダー・通信を無力化する無人の電波妨害機「スタンド・イン・ジャマー」、自衛隊での導入検討（読売新聞オンライン）,https://news.yahoo.co.jp/articles/eeb1ecd6e081a48f24366b30bfe821efb9f1e2c3,https://newsatcl-pctr.c.yimg.jp/t/amd-img/20260706-00000279-yom-000-3-view.jpg?exp=10800,2026-07-06T15:00:43+09:00,2026-07-06T15:08:20+09:00,読売新聞オンライン,yom,読売新聞オンライン,958,"安保３文書に明記へ
防衛省
防衛省は、相手のミサイルなどの射程圏内に入り、電磁波でレーダーや通信を無力化する無人の電波妨害機「スタンド・イン・ジャマー」を自衛隊に導入する方向で検討に入った。侵略を企てる敵の艦艇などに接近して電子戦を展開できる能力を備え、抑止力を強化する狙いがある。政府は年内に改定する防衛力整備計画など安全保障３文書に、自衛隊への導入を明記する方針だ。
【データ比較】空母化した護衛艦「かが」を米「ロナルド・レーガン」、中国「山東」と比べると
複数の政府関係者が明らかにした。防衛装備庁は、無人機への搭載を想定した電波妨害装置の研究を２０２４年度から始めており、２８年度の完了を目指す。
スタンド・イン・ジャマーは電波妨害装置を搭載した無人機で、相手に近付いて防空網や通信網を無力化し、味方の航空機や艦艇を支援するのが目的だ。比較的安価な無人機は多数の導入が可能となり、人的損害を抑えられる利点がある。航空機からの発進が有力だが、地上の発射装置や海上自衛隊の護衛艦から飛び立てるようにする案もある。
ロシアによるウクライナ侵略など近年の軍事作戦では、敵のレーダーや通信を妨害、無力化する電子戦が幅広く行われている。北大西洋条約機構（ＮＡＴＯ）や中国軍は、相手の攻撃を効果的に阻止できる能力の向上を急いでいる。英国などに拠点を置くミサイルメーカーは、空対地ミサイルに電波妨害装置を搭載した無人機を開発している。
こうした情勢を踏まえ、日本でも戦闘機など通常兵力とは異なる戦術で相手の弱点を突く「非対称戦」の有効な手段として、電子戦の能力向上が欠かせなくなっている。無人機を活用した「新しい戦い方」への備えは急務で、自民党が政府に提出した安保３文書改定に向けた提言には「電磁波の利用方法を拡大し、早期装備化を推進すべきだ」と盛り込まれた。
防衛省は電子戦の手段を多様化させ、抑止力の強化につなげたい考えだ。
航空自衛隊は６月、岐阜基地（岐阜県）に相手の射程外から電子戦を行う「スタンド・オフ・電子戦機」１機を配備した。輸送機「Ｃ２」に長距離から電波妨害が可能な装置を搭載し、来年度から運用を始める。将来的には、高性能な電子戦機と無人のスタンド・イン・ジャマーを組み合わせることで、効果的な運用を目指す。",[],[]
生活困窮者支援ＮＰＯ「抱樸」が募金活動…物価高で活動厳しく「一歩間違えば路上生活になる人が増えている」（読売新聞オンライン）,https://news.yahoo.co.jp/articles/e708f5b9702e9ac9a6587e3ed813925b4e585ec9,https://newsatcl-pctr.c.yimg.jp/t/amd-img/20260706-00000029-yomseibu-000-4-view.jpg?exp=10800,2026-07-06T15:00:42+09:00,2026-07-06T15:42:55+09:00,読売新聞オンライン,yom,読売新聞オンライン,390,"街頭で支援を呼びかける奥田理事長
生活困窮者らを支援している北九州市のＮＰＯ法人「抱樸（ほうぼく）」による夏の街頭募金活動が４、５日、ＪＲ小倉駅であり、約４０人が募金や活動への支援を呼びかけた。
【写真】「絵描きのホームレス」エノビさんの抽象画、シャープペンで精巧なモノトーンの世界
抱樸は毎月２回（冬は週１回）炊き出しを行い生活困窮者に弁当を配布している。元々路上生活者への支援だったが、コロナ禍以降、住まいがあっても食事の確保が困難な人が増え、炊き出しも物価上昇の影響を受けており、活動は厳しさを増しているという。
路上生活の経験者（６４）は「たった一食の弁当だとしても、居場所やつながりが生まれることがある。一人でも多くの人に活動が伝わってほしい」と語った。
奥田知志理事長は「一歩間違えば路上生活になる人が増えている。多くの人に現状を知ってもらいたい」と支援を呼びかけた。",[],[]
「海の王者」モササウルス、３０年以上前に発掘した岩塊を再分析してみると…体長６ｍの新種の可能性（読売新聞オンライン）,https://news.yahoo.co.jp/articles/b4f23148b8f3c8f046acfbbf400568488ba75092,https://newsatcl-pctr.c.yimg.jp/t/amd-img/20260706-00000253-yom-000-3-view.jpg?exp=10800,2026-07-06T15:00:34+09:00,2026-07-06T16:03:53+09:00,読売新聞オンライン,yom,読売新聞オンライン,847,"大阪府貝塚市の地層から化石が見つかったモササウルス類の復元画（ｃ）川崎悟司
３０年以上前に大阪府南部の白亜紀後期（約７０００万年前）の地層から見つかっていた海生爬虫（はちゅう）類「モササウルス類」の化石から、国内初となる上あごの先端が見つかったと、岡山理科大などのチームが発表した。鋭い前歯が残っており、ほかの骨の特徴からも新種の可能性があるという。（岡山支局　西田周平）
国内で初めて見つかったモササウルス類の上あごの先端。前歯が残っている＝きしわだ自然資料館提供
モササウルスは恐竜と同じ時代の海を支配した大型の肉食爬虫類で、「海の王者」と呼ばれる。映画「ジュラシック・ワールド」では大きな口を開けて獲物を捕食する姿が描かれ、ファンも多い。
１９９２年頃、地主の許可を得て大阪府貝塚市の地層を調べていた化石愛好家が、複数の化石が含まれていた岩塊を発掘。一部から背骨や脳周辺の骨、歯など計１８点が確認され、モササウルス類の化石と判明したが、残りの部分は岩塊のまま、同府岸和田市の「きしわだ自然資料館」に収蔵されていた。
チームは昨夏、残っていた二つの岩塊（直径約５０センチと約１５センチ）の再分析に乗り出し、少しずつ岩塊を削る作業に着手。長さ約１０センチの上あごの先端やあごの関節などを含めた計４点の化石が見つかった。上あごの先端には前歯が残り、元々見つかっていた背骨なども合わせて解析した結果、体長６メートルの成体と推定された。
チームの同大大学院生の高野恭明（やすあき）さんは「化石を見つけた瞬間は興奮した。国内外で見つかっているモササウルス類の化石を比較し、当時どのような種類が生息し、どう分布を広げてきたかを突き止めたい」としている。
爬虫類の化石に詳しい平山廉・早稲田大教授（古生物学）の話「新たな部位の発見は、国内のモササウルス類の生態系のさらなる解明につながる貴重な成果だ。新種である可能性は十分あり、ここまで体のパーツがそろっているケースも珍しく、研究が進むことを期待したい」",[],[]
霧島国際音楽祭２４日開幕、講習会「マスタークラス」出身の若手奏者が出演…鈴木愛美さん・谷昂登さんら（読売新聞オンライン）,https://news.yahoo.co.jp/articles/00f55ef575335d5bbc9729875a6df457703161b2,https://newsatcl-pctr.c.yimg.jp/t/amd-img/20260704-00000085-yomseibu-000-3-view.jpg?exp=10800,2026-07-06T15:00:33+09:00,2026-07-06T15:21:19+09:00,読売新聞オンライン,yom,読売新聞オンライン,629,"鈴木愛美さん（Ｃ）Ｓｈｉｇｅｔｏ　Ｉｍｕｒａ
第４７回霧島国際音楽祭が２４日、鹿児島県霧島市のみやまコンセールを主会場に開幕する。ピアニストの鈴木愛美さん、谷昂登（あきと）さんら、音楽祭の講習会「マスタークラス」出身の若手奏者が出演するコンサートも多く予定されており、注目だ。８月９日まで。
【写真】九州交響楽団、バイオリニスト篠崎史紀さんが書いた絵本『おんがくはまほう』の朗読と共演
音楽祭のために編成された特別オーケストラ「キリシマ祝祭管弦楽団」による公演（８月５日、鹿児島市の宝山ホール）では、仏ルーアン歌劇場音楽監督を務める気鋭の指揮者、ベン・グラスバーグさんを迎え、チャイコフスキーの「交響曲第４番」などを披露する。鈴木さんはベートーベンの「ピアノ協奏曲第３番」をソリストとして演奏。優勝した２０２４年の浜松国際ピアノコンクールでも弾いた思い入れ深い曲で、感情豊かな音色が聴けそうだ。
「ショパン・ガラコンサート」（同１日、みやまコンセール）では、谷さんのほか、堀内龍星さん、吉見友貴さんといったいずれも国際的なピアノコンクールで入賞経験のある新鋭が、それぞれショパンの名曲を弾く予定だ。
ほかに、マスタークラスの講師を務める世界的なピアニスト、エリソ・ヴィルサラーゼさんによるモーツァルトの「ピアノ・ソナタ第２番」などのリサイタルがある「オープニング・コンサート」（７月２６日、同）も聴きどころだ。
みやまコンセール（０９９５・７８・８０００）。",[],[]
博多祇園山笠「追い山笠」タイム測定担う幸田時計店、カフェで再興…「任せてもらえる限り時計係を全うしたい」（読売新聞オンライン）,https://news.yahoo.co.jp/articles/b114bf598e6ebd6f537a380b87adacbc1d9cfc1e,https://newsatcl-pctr.c.yimg.jp/t/amd-img/20260706-00000117-yomseibu-000-3-view.jpg?exp=10800,2026-07-06T15:00:19+09:00,2026-07-06T15:04:07+09:00,読売新聞オンライン,yom,読売新聞オンライン,1555,"７８０年超の歴史を誇る博多祇園山笠が幕を開けた。先達からの伝統を受け継ぎながら、自分なりの形で新たな風を祭りに吹き込む人たちの姿を追う。
【動画】博多祇園山笠、「追い山笠」で勇壮フィナーレ…舁き山笠はゴールを目指して疾走
追い山笠のタイム計測への思いを語る幸田千聖さん（６月２３日、福岡市博多区の幸田時計店で）＝長野浩一撮影
振り子や分銅式の古時計が壁一面に並ぶ店内に、芳醇（ほうじゅん）なコーヒーの香りが漂う。なじみの客が来店すれば、世間話に花が咲く。
福岡市博多区住吉にある「幸田時計店」の５代目、幸田千聖（ちさと）さん（３９）は、３代目の祖父・昭男さんの引退で閉店状態だった店を、ある目的のためにカフェとしてよみがえらせた。
「幸田家はこの日のために１年を過ごす」
博多祇園山笠のフィナーレを飾る１５日の「追い山笠（やま）」では、櫛田神社に舁（か）き山笠を奉納する「櫛田入り」と、博多部の約５キロを巡りゴールするまでの所要時間が計測される。その役割を担ってきたのが、明治創業の幸田時計店だ。１９０５年（明治３８年）に同神社から依頼され、「時計係」を始めたという。
祖父が２年前に９７歳で亡くなり、今は父・守生さん（６３）と伯父、いとこの２人の計４人が時計係を担当。祭りのしきたりで、女性の千聖さんは務めることはできない。
時計係は白いはかま姿で境内の太鼓台に上がり、山笠の時にだけ使う懐中時計を手に、「３秒前」などと声を張り、櫛田入りを今か今かと待つ男たちに知らせる。静寂に包まれる中、時計係の合図で太鼓が鳴らされ、舁き山笠を担いだ男たちが境内に駆け込むと、会場は熱気に沸き返る。千聖さんは言う。「時計係が仕切る時間の中で山笠が動いていく。幸田家は、この日のために１年を過ごす」
祖父の代から、安価な時計を取り扱う競合店の登場などで、個人店の経営は苦しくなった。伯父は百貨店の時計売り場で働き、父やいとこたちは一般企業に就職した。祖父は２０１９年に店に立つことが難しくなり、家族間では店を閉じる話も出た。閉店状態が続く中、２３年初めには店の賃料の引き上げも打診された。
店の２階に整体院を開設。レトロな雰囲気が残る１階を生かし、コーヒーを手に、時計にも興味を持ってもらえる空間を作ることにした。床を張り替え、広さ約２５平方メートルの店内に８席のカフェを昨年５月、オープンした。
店では、豆や水にこだわったコーヒー、米粉のシフォンケーキのほか、朝食には豚汁とおにぎりのセットなどを出す。豆乳や小麦粉で手作りしたパンに、抗生剤を使わずに育った豚や牛の肉を挟んだサンドイッチは店の看板メニューだ。
時計店としても再起動
カフェのオープンを機に、百貨店を退職していた伯父は時計の修理や電池交換を始め、時計店としても再び動き出した。千聖さんも国家資格「時計修理技能士」の取得を目指して勉強に励む。今年からは、スマートフォンの画面割れの修理や、思い出の写真を基にレーザーで画像を文字盤に彫る木製時計の受注も始めた。守生さんは「時計店に娘が新しい風を吹き込んでくれている。店の灯を消さずに時計係を続けていきたい」と話す。
博多祇園山笠は７８０年超の歴史を誇り、全国３３の「山・鉾（ほこ）・屋台行事」の一つとして、国連教育・科学・文化機関（ユネスコ）の無形文化遺産に登録されて、今年で１０年を迎える。舁き手の男たち、彼らを陰で支える「ごりょんさん」と呼ばれる女性、飾り山笠を手がける博多人形師ら多くの人たちによって、伝統は紡がれてきた。
「山笠は博多の人の思いがこもった祭り。時計店としてできることを探しながら、人々の大切な時間に寄り添っていきたい」と千聖さん。新たな歴史を刻む一員として、歩みを進めていく。（鶴田明子）",[],[]
有力チームは「多国籍」型、クラブでのコンビネーションを生かす「ハイブリッド」型も（読売新聞オンライン）,https://news.yahoo.co.jp/articles/b08ab81015861c1d0dff60580e3dcbf96520c8e3,https://newsatcl-pctr.c.yimg.jp/t/amd-img/20260706-00000234-yom-000-12-view.jpg?exp=10800,2026-07-06T15:00:18+09:00,2026-07-06T22:28:39+09:00,読売新聞オンライン,yom,読売新聞オンライン,872,"エムバペ（中央）、オリセ（右）ら欧州各国のリーグで活躍する選手が躍動するフランス＝吉野拓也撮影
サッカーＷ杯の欧州有力国はかつて、自国のビッグクラブの選手や戦術をそのままチームの土台としてきた。２００６年大会優勝のイタリアは、ユベントスやＡＣミランの選手を軸に堅守を構築した。１０年大会覇者のスペインは、密集でもパスをつなぎ、ボールを保持して試合を支配するバルセロナのスタイルを踏襲。ドイツは概してバイエルン・ミュンヘン勢が多数派だ。
【表】一目でわかる…日程と組み合わせはこちら
ただ近年は「多国籍軍」型のチームが世界を制している。１８年のフランス、２２年のアルゼンチンのメンバーはそれぞれ欧州各国のリーグで活躍。フランスはカリスマ監督が個性的な面々をまとめ、アルゼンチンは調整力に優れる指揮官が絶対的エース中心のシステムを機能させた。
今大会で、そのハイブリッド型とも言えたのがイングランドだ。エースのケーンはバイエルン・ミュンヘン、ベリンガムはレアル・マドリード（スペイン）、ラッシュフォードはバルセロナに所属。以前はプレミアリーグ勢ばかりだったチームは国際色豊かになった。
今後の日本代表にも注目
さらにトゥヘル監督は、今季プレミアを制したアーセナルの戦い方や連係も有効活用。決勝トーナメント１回戦・コンゴ民主共和国戦は相手の堅守に苦しみ、途中からボランチのライスを右サイドバックに置いた。今季アーセナルで何度か見られた起用法で、さらに同クラブのサカ、エゼを投入し、息の合ったプレーが逆転勝利につながった。
今大会を制するのは、ヤマル、ペドリらバルセロナ勢が多数派のスペインか、エムバペ（レアル・マドリード）、オリセ（バイエルン・ミュンヘン）ら多彩な才能を擁するフランスか、それとも――。優勝争いとともに、今後の日本代表も気になるところだ。現在はほぼ全員が欧州クラブ所属の多国籍軍型だが、今後Ｊリーグ勢が代表争いに食い込み、クラブでのコンビネーションを生かして躍動する「ハイブリッド」型になれば、Ｊリーグもさらに盛り上がる。（岡田浩幸）",[],[]
不登校の子らの願い、ＮＰＯが七夕飾り付け…小中学校などから短冊２００枚「頑張っているんだと感じて」（読売新聞オンライン）,https://news.yahoo.co.jp/articles/9880c4c3538c221fd9ac4d8c3d62dce9eec1b5ad,https://newsatcl-pctr.c.yimg.jp/t/amd-img/20260704-00000070-yomseibu-000-3-view.jpg?exp=10800,2026-07-06T14:50:11+09:00,2026-07-06T14:54:09+09:00,読売新聞オンライン,yom,読売新聞オンライン,714,"子どもたちの願いが書かれた短冊を見つめる副田さん。約２０年間、子どもたちへの支援を続けている
不登校や非行などの問題を抱える子どもたちの居場所づくりなどに取り組むＮＰＯ法人「サンシャイン・ネットワーク」（福岡市）が、福岡市中央区の福岡県警中央署で子どもたちの願いを込めた七夕の飾り付けを行った。コロナ禍の時期に子どもたちとの交流が途絶えないように始めた取り組み。理事長の副田茂喜さん（８４）は今年も子どもたちの健やかな成長を願って参加した。（石原圭介）
【写真】夏風に揺れる七夕飾り
同法人は、少年補導員や保護司の経験がある副田さんが仲間とともに２００７年に設立。不登校などに悩む小中学生と一緒にバーベキューをしたり、夏休みには地元大学生も巻き込んで宿題のサポートをしたりして交流を続けてきた。
しかし、コロナ禍ではイベントは中止せざるを得なくなった。交流が途絶えることを心配した副田さんらは別の支援策を検討。２０年頃から七夕での行事や、子どもたちがサンタクロースへ宛てた手紙に返信する取り組みを始めたという。
今年は支援する子どもたちが通う県内五つの小中学校などから約２００枚の短冊が寄せられた。１日に行われた飾り付けでは、スタッフや中央署員、大学生らが「野球選手になれますように」「メロンパンを作りたい」などの願いが書かれた短冊をササに丁寧に取り付けた。
飾りは１０日まで同署に置かれ、来署者も短冊を書くことができる。中央署の高椋大貴・生活安全管理官は「短冊を見て、温かい気持ちになってくれたらうれしい」と話す。副田さんは「悩みを抱えている子どもたちにも願いがある。七夕飾りを見て、頑張っているんだと感じてほしい」と述べた。",[],[]
ハイレベルな女子１００ｍ障害、中島ひとみが１２秒７５で優勝…日本記録の１２秒６９を視野に「条件や体のいい時に６台は出ると思う」（読売新聞オンライン）,https://news.yahoo.co.jp/articles/dd887268d20f3c0676f75a4632836f4a6b57f3be,https://newsatcl-pctr.c.yimg.jp/t/amd-img/20260706-00000099-yomosaka-000-12-view.jpg?exp=10800,2026-07-06T14:50:05+09:00,2026-07-06T17:38:01+09:00,読売新聞オンライン,yom,読売新聞オンライン,647,"女子１００メートル障害で優勝し、笑顔を見せる中島ひとみ（５日）＝須藤菜々子撮影
陸上・布勢スプリント（５日・鳥取ヤマタスポーツパーク陸上競技場）――女子１００メートル障害は日本選手権覇者の中島ひとみ（長谷川体育施設）が大会記録の１２秒７５（向かい風０・４メートル）で初優勝を飾った。男子１００メートルは山本匠真（広島大院）が１０秒１７（追い風０・３メートル）で制し、女子１００メートルは御家瀬緑（住友電工）が１１秒３６（追い風０・７メートル）で優勝。男子１１０メートル障害は阿部竜希（エターナルホスピタリティグループ）が１３秒２４（追い風０・８メートル）で制した。
「手応えはあった」
圧巻の走りで、女子１００メートル障害のハイレベルな争いを制した。初制覇した日本選手権の勢いそのままに、先頭でゴールを駆け抜けた中島。「（１２秒）６台を出したかったけど、レベルアップは少しずつしているのかなという手応えはあったレース」と振り返った。
予選で１２秒８３の大会記録を樹立すると、決勝でさらに記録を更新。風に恵まれず、１２秒６台とはいかなかったが、福部真子（日本建設工業）の持つ１２秒６９の日本記録を視界に捉え、「今年は１２秒７台を安定して出すことが目標。条件や体のいい時に６台は出ると思う」と笑った。
今後は国内外のレースを走るなどして調整を重ね、愛知・名古屋アジア大会（読売新聞社協賛）に向かう。「試合、練習を積んだ上で、たくさんのピースを集めてアジア大会に臨めたらいい」と力を込めた。（南恭士）",[],[]
長期金利、一時２・８２５％に上昇…３０年ぶりの高水準（読売新聞オンライン）,https://news.yahoo.co.jp/articles/f40fd4847b366f2fc48ff7587f2f2c80abd85d55,https://newsatcl-pctr.c.yimg.jp/t/amd-img/20260706-00000303-yom-000-3-view.jpg?exp=10800,2026-07-06T14:40:28+09:00,2026-07-06T14:41:30+09:00,読売新聞オンライン,yom,読売新聞オンライン,117,"日本銀行本店
週明け６日の東京債券市場で、長期金利の代表的な指標となる新発１０年物国債の流通利回りは一時、前週末終値に比べて０・０４０％高い２・８２５％に上昇（債券価格は下落）した。１９９６年１０月以来、約３０年ぶりの高い水準となる。",[],[]
自民県連、新会長に盛山正仁衆院議員を選出…兵庫２区に「公認候補を立てることが絶対の目標」（読売新聞オンライン）,https://news.yahoo.co.jp/articles/11352c28ef6772710dd26f15f3196081ee144bf5,https://newsatcl-pctr.c.yimg.jp/t/amd-img/20260706-00000079-yomosaka-000-3-view.jpg?exp=10800,2026-07-06T14:40:08+09:00,2026-07-06T14:42:18+09:00,読売新聞オンライン,yom,読売新聞オンライン,207,"自民党兵庫県連は５日、神戸市内で県連大会を開き、新会長に盛山正仁衆院議員（兵庫１区）を選出した。
【写真】盛山正仁衆院議員
自民党本部
盛山氏は大会後の記者会見で、来春の統一地方選に向けて「公認、推薦の候補全員を通していくことが目標になる」と述べた。今年２月の衆院選で、県内１２小選挙区のうち唯一公認候補を擁立できなかった兵庫２区については、「自民党の公認候補を立てることを絶対の目標として頑張っていく」と語った。",[],[]
守護神はここにも…パトリオットミサイル発射機にレスキュー車、地域を守る仕事にふれてもらうイベント（読売新聞オンライン）,https://news.yahoo.co.jp/articles/56b7b9fced986e3b3d2959f56ca942e9c2ae4f89,https://newsatcl-pctr.c.yimg.jp/t/amd-img/20260706-00000089-yomosaka-000-15-view.jpg?exp=10800,2026-07-06T14:40:05+09:00,2026-07-06T17:37:54+09:00,読売新聞オンライン,yom,読売新聞オンライン,375,"展示されたパトリオットミサイルの発射機（和歌山市で）
防衛や防犯、防災に関する仕事を身近に感じてもらうイベントが５日、和歌山市の和歌山城西の丸、砂の丸両広場で初めて開かれ、約６００人が訪れた。
【写真】和歌山城とはしご車
自衛隊和歌山地方協力本部が主催し、和歌山県警和歌山西署や和歌山市中消防署が協力。会場には、弾道ミサイルを迎撃するパトリオットミサイルの発射機、クレーンやエンジンカッターなどを搭載するレスキュー車、地上３５メートルの高さで放水できるはしご車などがずらりと並んだ。
和歌山市の和歌山大付属中１年の生徒（１３）は、「車両はどれも迫力満点だった。将来は航空管制官になりたい」と笑顔で話した。
同本部募集課長の三好哲夫・３等空佐は「地域を守る各機関の役割を知ってもらい、子どもたちには、将来の職業の一つとして意識してもらえれば」と述べた。",[],[]
中国原潜ミサイル発射、対米戦力向上を誇示した可能性…日本側は事前予告に「深刻な懸念」伝達（読売新聞オンライン）,https://news.yahoo.co.jp/articles/15bee42ebae537c3c763fdead77069ec8ca4aba2,https://newsatcl-pctr.c.yimg.jp/t/amd-img/20260706-00000301-yom-000-23-view.jpg?exp=10800,2026-07-06T14:40:01+09:00,2026-07-07T01:38:31+09:00,読売新聞オンライン,yom,読売新聞オンライン,1050,"中国海軍が公開した潜水艦発射弾道ミサイルの発射訓練の様子＝中国海軍のＳＮＳから
【北京＝東慶一郎】中国海軍は６日、海軍の戦略原子力潜水艦から太平洋の公海に向けて、訓練用の模擬弾頭を搭載した潜水艦発射弾道ミサイル（ＳＬＢＭ）を発射したと発表した。中国の戦略原潜が搭載するＳＬＢＭには中国沿岸から米本土を射程に収めるとされるものもあり、訓練の公表を通じて対米戦力の向上を誇示した可能性がある。
【データ比較】空母化した護衛艦「かが」を米「ロナルド・レーガン」、中国「山東」と比べると
発表によると、発射は６日午後０時１分（日本時間午後１時１分）で、「指定海域に正確に着弾させた」という。年度計画に基づく訓練で、関係国に事前通告をしたとし、「国際法と国際慣例に合致し、特定の国を標的としたものではない」と主張している。
木原官房長官は６日の記者会見で中国のＳＬＢＭについて、日本の領域や排他的経済水域（ＥＥＺ）の上空通過は確認されていないと説明した。中国は発射地点を公表していないが、複数の日本政府関係者によると、中国・海南島の東側の海域から南太平洋に向けて発射された可能性が高いという。
木原氏らによると、日本時間６日午前１１時半頃、北京の日本大使館に対し、中国側から発射予告があった。日本側は「深刻な懸念」を伝え、日本上空の通過など、日本の安全を脅かすことがないよう再考を強く求めた。
５日には海上保安庁に対し、中国当局から「宇宙ゴミ」落下に伴う区域設定を行う旨の通報があった。設定区域には和歌山県・潮岬の南のＥＥＺが含まれていた。日本政府はミサイルのブースター（推進装置）の落下に関するものだった可能性があるとみている。
中国の国旗
今回発射されたミサイルの種類は不明だ。中国のＳＬＢＭには、射程約７２００キロ・メートルの「ＪＬ（巨浪）２」や射程約１万２０００キロ・メートルで中国沿岸から米本土を射程に収めるとされる「ＪＬ３」がある。いずれも核兵器の搭載が可能だ。
中国軍は２０２４年９月、大陸間弾道ミサイル（ＩＣＢＭ）を太平洋の公海に向けて発射する訓練を実施した。中国は、高市政権が進める防衛政策を「新型軍国主義」として反発を強めており、日本をけん制する狙いもあるとみられる。
◆ＳＬＢＭ＝Ｓｕｂｍａｒｉｎｅ-Ｌａｕｎｃｈｅｄ　Ｂａｌｌｉｓｔｉｃ　Ｍｉｓｓｉｌｅの略。海中の潜水艦から発射される弾道ミサイル。捜索が難しい海中から発射可能なため、探知されにくい。米国、ロシア、中国などが保有している。",[],[]
伝統の「男子」ダブルスに賞金半減の方針浮上、前年のウィンブルドン覇者が緊急声明「撤回と建設的対話を」（読売新聞オンライン）,https://news.yahoo.co.jp/articles/43c6bdc853d080e5d6a74253ce89250d948889e4,https://newsatcl-pctr.c.yimg.jp/t/amd-img/20260706-00000293-yom-000-2-view.jpg?exp=10800,2026-07-06T14:31:16+09:00,2026-07-06T14:32:00+09:00,読売新聞オンライン,yom,読売新聞オンライン,535,"熱戦が続くテニス・ウィンブルドン選手権の会場で、ある話題が注目を集めている。男子プロテニス協会（ＡＴＰ）が２０２８年シーズンから、男子ダブルスの出場枠や賞金を半減する方針を議論していることが海外メディアで報じられ、選手たちが緊急で声明を出す事態に発展している。
３日、ウィンブルドンで行われた男子ダブルスの試合＝ＡＰ
「ダブルスは私たちのスポーツのアイデンティティーの一部。撤回し、選手と建設的な対話を行うよう強く求める」。前年大会男子ダブルス覇者のロイド・グラスプール（英）は３日、ＳＮＳで意見を表明した。
英ＢＢＣなどによるとＡＴＰが６月末の会議に、この方針を提案した。四大大会は対象に含まれていない。ＡＴＰは海外メディアの取材に対し、シングルスへの賞金配分を増やすことで大会をより魅力的なものにしたいなどと意図を説明したという。
男子ダブルスはウィンブルドンで１８８４年大会から行われている伝統種目。女子でダブルスプレーヤーとして実績を残している青山修子（安藤証券）は「ダブルスの選手も自分たちが生き残るためにいいプレーをしなきゃいけない。ただ、そんなに減らす必要があるのかなと思う」と首をかしげる。ＡＴＰは今後も、選手側と話し合いを続けていくという。（工藤圭太）",[],[]
今夏のインターハイ陸上競技で初の入場料徴収、選手や観客の暑さ対策に充当へ…高校生以下は無料（読売新聞オンライン）,https://news.yahoo.co.jp/articles/054059ed4e8e2c524568af955aaae2cea0927bae,https://newsatcl-pctr.c.yimg.jp/t/amd-img/20260706-00000296-yom-000-6-view.jpg?exp=10800,2026-07-06T14:20:22+09:00,2026-07-06T15:58:18+09:00,読売新聞オンライン,yom,読売新聞オンライン,388,"昨年の全国高校総体の陸上男子３０００メートル障害タイム決勝では、ミストをまく扇風機がトラック横に設置された（広島市で）
全国高校総体（インターハイ＝読売新聞社共催）を主催する全国高体連は６日、今年度の陸上競技（７月３０日～８月５日、滋賀県彦根市）の会場で入場料を徴収すると発表した。選手や観客らの暑さ対策の経費に充てるのが目的で、夏季開催の競技で入場料を設定するのは初めてという。
発表によると、最近の物価高騰に加え、厳しさを増す暑さ対策の経費増加に伴う開催地の財政負担が年々大きくなり、持続可能な大会運営策を模索する中で今回の措置を決めた。日本陸連から暑熱対策を強化するよう要請を受け、陸上は日程を当初の５日間から７日間に変更して競技時間を分散し、開始時間も日中を避けて午後５時以降とした。
１日あたりの入場料は前売り券が１０００円で、当日券は１５００円。高校生以下は無料。",[],[]
「統廃合の危機」の広島県立高で元ＳＫＥメンバーと生徒が存続作戦、目指すは「新入生３０人以上」獲得（読売新聞オンライン）,https://news.yahoo.co.jp/articles/8acaa4f5f352302c9dc6899f7d706b1087de3f0d,https://newsatcl-pctr.c.yimg.jp/t/amd-img/20260706-00000135-yom-000-14-view.jpg?exp=10800,2026-07-06T14:01:34+09:00,2026-07-06T22:16:51+09:00,読売新聞オンライン,yom,読売新聞オンライン,1125,"生徒数減少で統廃合の危機に直面する広島県立上下高（府中市）が、元ＳＫＥ４８メンバーで、広島市出身のタレント藤本冬香さん（２８）と入学希望者を増やすプロジェクトを始めた。高校生のアイデアとアイドルの経験を融合させた情報発信で、存続に必要な「３０人以上の新入生」の獲得を目指す。（浦西啓介）
上下高は１９２０年、甲奴郡実科高等女学校、同郡立第一高等実業補修学校として創立され、４９年に上下高に再編された。県教育委員会の「公立学校基本数」によると、６６年度は９００人超だった生徒数は、少子化で２００６年度は１０２人に。その後も減少が続き、２６年度は５７人となった。
県教委は「２年連続で新入生が２０人未満か、全校生徒数が６０人未満」となった場合、統廃合を検討するとしている。上下高は今年度、新入生が１３人で、生徒数も６０人を下回った。３年生２７人が卒業する来春、新入生が３０人を割り込むと対象になってしまう。
苦境に立つ母校を救いたいと考えていた卒業生の男性（６２）が昨秋、メンバーを務める広島東洋カープの歴史を語り継ぐ市民団体「カープかたりべの会」の活動で藤本さんと知り合い、彼女の広島への熱い思いに感銘を受け、協力を要請。「私のような者でも力になれるのなら」と快諾してもらい、上下高に藤本さんと生徒によるプロジェクトを提案した。
男性は「１００年以上の歴史を守るには、同じ状況の他校と違うことをしなければ」と力を込める。昨年９月にＳＫＥを卒業し、活動拠点を名古屋から広島に移したばかりだった藤本さんは「大好きな広島を、若い子たちと一緒に盛り上げられるならと思った」と振り返る。
トークショーで質問に笑顔で答える藤本さん
今年４月、教室で藤本さんのメッセージ動画を流すと、１年の内田六花（りっか）さん（１５）と世羅樹里さん（１５）、２年稲迫煌人（こうと）さん（１７）、３年矢山涼介さん（１７）が応じてチームを結成。オンライン会議などで準備を進め、最初のイベントとして６月６日の文化祭で、生徒らの質問に藤本さんが答えるトークショーを開いた。
初めて上下高を訪れた藤本さんは「自然があふれていて、心が浄化された気分」と笑顔。２７年度以降もプロジェクトに協力するといい、「１０歳離れていると考えも違う。若い子たちの刺激を受けながら、何ができるか一緒に考えていきたい」と語った。
「有名人と一緒に取り組むことそのものが、上下高の宣伝になる」と稲迫さん。「藤本さんと動画を制作して（校舎の）玄関にあるモニターで流し、『ここでしか見られない』ようにして呼び込みにつなげたい」と構想を練る。内田さんも「歌やダンスを織り交ぜたイベントをやりたい」とアイデアを膨らませる。",[],[]
４月創部の四谷学院、つくば秀英をコールドで下し初勝利…高校野球・茨城大会（読売新聞オンライン）,https://news.yahoo.co.jp/articles/f6f10d962f10cefbee31223753072fb484a5814e,https://newsatcl-pctr.c.yimg.jp/t/amd-img/20260706-00000282-yom-000-5-view.jpg?exp=10800,2026-07-06T13:40:20+09:00,2026-07-06T20:12:29+09:00,読売新聞オンライン,yom,読売新聞オンライン,501,"第１０８回全国高校野球選手権茨城大会は５日、県内４球場で１回戦計１０試合が行われた。初出場の四谷学院は、着実に得点を重ねて初勝利を収めた。
四谷学院の３番・小山大地が４安打３打点と活躍
初回１死１塁、先制の適時２塁打を放つ四谷学院の小山選手（５日、笠間市民球場で）
今年４月創部の四谷学院はつくば秀英を７―０の八回コールドで破り、初勝利を飾った。４安打３打点と活躍した３番・小山大地選手（１年）は初回、チームを勢いづける先制の適時二塁打を放ち、塁上で喜びをかみしめた。
神奈川県相模原市出身。中学時代は軟式野球の全国大会でベスト４に入った地元チームの中軸だった。全国の高校から勧誘はあったというが、「１年生から試合に出て実力をつけたい」と四谷学院に進学した。
同校は野球部員１５人が全員グラウンドに隣接する寮で共同生活を送っている。試合当日も朝４時半頃から５０球ほど自主的にバットを振り込み、球場に向かった。４安打の活躍に「早起きして練習してよかった」と笑顔で振り返った。
次戦は２年前に茨城大会を制した県内屈指の強豪・霞ヶ浦。「打撃の調子は今が一番良い。試合を決める一打を放ちたい」と意気込んでいる。",[],[]
休暇中だった警察学校初任科生の１８歳巡査、偶然現場に居合わせ容疑者を取り押さえる（読売新聞オンライン）,https://news.yahoo.co.jp/articles/98631d159b12769fb1f548f3c9caff215beba8e6,https://newsatcl-pctr.c.yimg.jp/t/amd-img/20260706-00000125-yom-000-4-view.jpg?exp=10800,2026-07-06T13:32:12+09:00,2026-07-06T15:50:33+09:00,読売新聞オンライン,yom,読売新聞オンライン,313,"強盗致傷容疑でベトナム国籍の男逮捕
兵庫県警察本部
兵庫県警生田署は５日、ベトナム国籍で住所不定、無職のホ・ミン・クイ容疑者（２２）を強盗致傷容疑で現行犯逮捕した。時計店で腕時計を盗んで逃走した容疑者を、休暇中で偶然現場に居合わせた県警察学校初任科生の男性巡査（１８）が取り押さえた。
【図解】ひと目で分かる…逮捕からの主な流れ
発表によると、同容疑者は５日午後２時４５分頃、神戸市中央区三宮町の時計店で、腕時計２点（９２万４０００円相当）を盗み、追尾した男性巡査が制圧する際に右手をひっかいて軽いけがを負わせた疑い。
同容疑者は「盗んだかどうかは弁護士が来てから話す。ひっかいた件についてはわからない」と供述しているという。",[],[]
日向工のエースナンバー譲った心残り、シャドーピッチングでけがのリスクを減らし取り戻す…「悔いなくやれた」（読売新聞オンライン）,https://news.yahoo.co.jp/articles/63750fac3ffa822a76ff48ccfd9b3bd4be3265fe,https://newsatcl-pctr.c.yimg.jp/t/amd-img/20260706-00000058-yomseibu-000-4-view.jpg?exp=10800,2026-07-06T13:14:59+09:00,2026-07-06T13:27:31+09:00,読売新聞オンライン,yom,読売新聞オンライン,607,"日章学園７―４日向工
第１０８回全国高校野球選手権宮崎大会は５日、１回戦５試合がひなたサンマリンスタジアム宮崎とアイビースタジアム（ともに宮崎市）で行われた。日章学園は初回、阿多の２点本塁打で先制。二回にも鵜沢が本塁打を放つなど効果的に加点し、２回戦に駒を進めた。日向工は和田の２点適時二塁打などで四回と八回に２点ずつ挙げたが失点が響いた。
【トーナメント表】全国高校野球選手権宮崎大会組み合わせ
日向工　又江原颯良投手
力投する又江原投手
日向工は背番号１の３年、又江原颯良投手が先発し、５イニングを力投した。
２年生だった昨年は当初、背番号１を任されていたが、足首の捻挫などの影響や、先輩投手の調子が上がっていたことから夏の宮崎大会前にエースナンバーを先輩に譲った。
その時の心残りから、けがのリスクを減らすため、ボールを投げずに投球フォームを練習するシャドーピッチングに力を入れ、帰宅後も捕手の位置を思い浮かべながら腕を振った。
中学時代から一緒にプレーする同学年の赤木綾真主将が「コントロールの面でとても成長した」と話すように力をつけ、今大会はエースナンバーを託された。日章学園の強力打線を抑えるのは難しかったが、高めの球でフライを誘うなど持ち味の「打たせて取るピッチング」もみせた。
「悔いなくやれた」。そう話した息子をスタンドで見守った父・尚さん（４２）は「毎日コツコツと頑張っていた」とたたえていた。",[],[]
放送２０周年のＮＨＫ「ダーウィンが来た！」が動物学教育賞受賞…テレビ番組では初（読売新聞オンライン）,https://news.yahoo.co.jp/articles/fd20712aadb85f3f0d6f4596fe3efc8581f78efc,https://newsatcl-pctr.c.yimg.jp/t/amd-img/20260706-00000268-yom-000-5-view.jpg?exp=10800,2026-07-06T13:14:32+09:00,2026-07-06T13:27:20+09:00,読売新聞オンライン,yom,読売新聞オンライン,324,"放送２０周年を記念した番組ビジュアル
ＮＨＫは６日、自然番組「ダーウィンが来た！」の制作チームが、日本動物学会による今年度の「動物学教育賞」を受賞したことを発表した。２０１１年創設の同賞で、テレビ番組の受賞は初めて。受賞は６月１２日付。
ＮＨＫによると、同番組は、０６年の放送開始以来、国内外の様々な地域を取材し、生き物の魅力を広く伝えてきた点が評価された。取材した海外の国や地域は７０を超え、放送回数は１０００回に迫る。
映像撮影を通じた研究者との連携も高く評価され、特に信州・上高地でのニホンザルの魚食行動に関する研究では、撮影スタッフが論文の共著者として中心的な役割を果たし、国際誌に掲載されたという。
授賞式は９月４日、札幌市内で行われる。",[],[]
サバレンカを圧倒した大坂なおみ「コートでこんなに楽しい時間を過ごしたのは本当に久しぶり」（読売新聞オンライン）,https://news.yahoo.co.jp/articles/7c92eb6e739e043f6a77d58d1dc6c142c6089b2d,https://newsatcl-pctr.c.yimg.jp/t/amd-img/20260706-00000218-yom-000-5-view.jpg?exp=10800,2026-07-06T13:09:20+09:00,2026-07-06T15:02:31+09:00,読売新聞オンライン,yom,読売新聞オンライン,873,"日本女子の８強入りは２２年ぶり３人目
準々決勝進出を決めた大坂なおみ＝富永健太郎撮影
【ウィンブルドン（英）＝工藤圭太】テニスのウィンブルドン選手権は５日、ロンドン郊外のオールイングランド・クラブで男女シングルス４回戦が行われ、女子で第１４シードの大坂なおみ（フリー）が第１シードのアリーナ・サバレンカ（ベラルーシ）を６―２、７―６で破り、初の準々決勝進出を決めた。日本女子の８強入りは２２年ぶりで、伊達公子、杉山愛に続いて３人目。男子は予選から勝ち上がった望月慎太郎（木下グループ）が第１シードのヤニク・シナー（イタリア）に３―６、６―７、３―６で敗れた。ノバク・ジョコビッチ（セルビア）は、この大会の男子で単独最多の１０６勝目を挙げた。
【写真特集】大坂なおみ、着物風衣裳で入場…ウィンブルドン2026
サバレンカ圧倒
世界ランク１位を、文字通り力でねじ伏せた。勝敗が決し、サバレンカが負けた悔しさからボールを空高くはじき飛ばす横で、何度も力強くガッツポーズ。総立ちの観客から、大歓声が降り注いだ。
６月の全仏４回戦ではストレート負けしたサバレンカ相手に、小細工はしなかった。「戦術面で彼女に対してできることは限られている。走り回って相手のミスを誘うようなプレーをするつもりはなかった」
今大会で多用してきたネットプレーに頼らず、正面から打ち合った。最速１９８キロのサーブは威力抜群だったが、それ以上にショットが強力で、正確だった。第１セットは３、５ゲームをブレイクして先取。第２セットは互いにキープしてタイブレイクにもつれ込んだが、０―１からサービスエースを含む６連続得点で流れをグッと引き寄せた。試合を通じてブレイクは一度も許さず、４試合連続のストレート勝ちを収めた。
サバレンカは「パワーに圧倒された。本当に素晴らしかった」と脱帽。これまで芝コートを苦手とし、ウィンブルドンは３回戦止まりだったが、それを全く感じさせないプレーぶりだ。「コートでこんなに楽しい時間を過ごしたのは本当に久しぶり」。快進撃が止まる気配はまだない。（工藤圭太）",[],[]
望月慎太郎が第１シードのヤニク・シナーに敗れる「ベストは尽くした、後悔はない」（読売新聞オンライン）,https://news.yahoo.co.jp/articles/ff9f86279794df998e326e74cf1357f104535539,https://newsatcl-pctr.c.yimg.jp/t/amd-img/20260706-00000257-yom-000-6-view.jpg?exp=10800,2026-07-06T13:08:01+09:00,2026-07-06T13:22:39+09:00,読売新聞オンライン,yom,読売新聞オンライン,576,"４回戦で敗退した望月慎太郎（５日）＝富永健太郎撮影
【ウィンブルドン（英）＝工藤圭太】テニスのウィンブルドン選手権は５日、ロンドン郊外のオールイングランド・クラブで男女シングルス４回戦が行われ、女子で第１４シードの大坂なおみ（フリー）が第１シードのアリーナ・サバレンカ（ベラルーシ）を６―２、７―６で破り、初の準々決勝進出を決めた。日本女子の８強入りは２２年ぶりで、伊達公子、杉山愛に続いて３人目。男子は予選から勝ち上がった望月慎太郎（木下グループ）が第１シードのヤニク・シナー（イタリア）に３―６、６―７、３―６で敗れた。ノバク・ジョコビッチ（セルビア）は、この大会の男子で単独最多の１０６勝目を挙げた。
【写真特集】望月慎太郎、松岡修造・錦織圭以来の16強入り…ウィンブルドン2026
望月「プレーに集中できた」
ストレートで敗れはしたものの、望月の表情はすがすがしかった。「ベストは尽くした。後悔はない」。コートを縦横無尽に駆け回り、ネットプレーを武器とするスタイルはこの日も不変。低いショットでシナーを苦しめ、第２セットはタイブレイクまで持ち込んだ。「簡単に負けてしまうかと思っていたけど、自分が思っているよりうまくプレーができた。プレーに集中できた」と望月。スタンディングオベーションで見送る観客に応えながら、堂々とセンターコートを後にした。",[],[]
全国高校野球選手権宮崎大会、鵬翔が８回に４得点で小林秀峰に勝利…宮崎大宮は１７安打で打撃戦制す（読売新聞オンライン）,https://news.yahoo.co.jp/articles/3a082db31716077e41126c1cf3c99360557c32a8,https://newsatcl-pctr.c.yimg.jp/t/amd-img/20260706-00000047-yomseibu-000-6-view.jpg?exp=10800,2026-07-06T13:07:33+09:00,2026-07-06T15:04:16+09:00,読売新聞オンライン,yom,読売新聞オンライン,626,"【小林秀峰―鵬翔】８回鵬翔１死満塁、スクイズが成功し、２塁走者の甲斐も生還（捕手・村上）
第１０８回全国高校野球選手権宮崎大会は５日、１回戦５試合がひなたサンマリンスタジアム宮崎とアイビースタジアム（ともに宮崎市）で行われ、日章学園、小林、宮崎工、鵬翔、宮崎大宮が勝って、２回戦に駒を進めた。
【トーナメント表】全国高校野球選手権宮崎大会組み合わせ
日章学園７―４日向工
日章学園は初回、阿多の２点本塁打で先制。二回にも鵜沢が本塁打を放つなど効果的に加点した。日向工は和田の２点適時二塁打などで四回と八回に２点ずつ挙げたが失点が響いた。
小林１２―１高千穂
小林が圧倒した。１点を追う六回、楠元の２点適時二塁打などで一挙６点を挙げ、八回にも安打を集めて５点を追加した。高千穂は初回、佐藤蒼の適時打で先制したが粘れなかった。
宮崎工３―２都城商
宮崎工が同点で迎えた九回、橋口の適時二塁打で勝ち越し、競り勝った。都城商は八回、上久保の犠打で同点に追いつく粘りをみせたが届かなかった。
鵬翔６―２小林秀峰
鵬翔は２点を追う四回、小川、甲斐の適時二塁打で同点とし、八回に４点を挙げて勝ち越した。小林秀峰は二回、平水のソロ本塁打で先制したが中盤以降、打線がつながらなかった。
宮崎大宮１１―８宮崎北
１７安打の宮崎大宮が打撃戦を制した。初回、黒木の２点適時打などで４点を挙げ、その後も得点を重ねた。宮崎北は七回、猪野が満塁本塁打を放つなど粘ったが及ばなかった。",[],[]
「公立校で甲子園」目指し小林秀峰へ片道１時間半の通学、駅まで送る父との時間が支え…「毎日ありがとう」（読売新聞オンライン）,https://news.yahoo.co.jp/articles/236c0598682b4c9fff16603a1d530316d4e8eaea,https://newsatcl-pctr.c.yimg.jp/t/amd-img/20260706-00000054-yomseibu-000-6-view.jpg?exp=10800,2026-07-06T13:07:12+09:00,2026-07-06T15:04:10+09:00,読売新聞オンライン,yom,読売新聞オンライン,694,"鵬翔６―２小林秀峰
第１０８回全国高校野球選手権宮崎大会は５日、１回戦５試合がひなたサンマリンスタジアム宮崎とアイビースタジアム（ともに宮崎市）で行われた。鵬翔は２点を追う四回、小川、甲斐の適時二塁打で同点とし、八回に４点を挙げて勝ち越して２回戦に駒を進めた。小林秀峰は二回、平水のソロ本塁打で先制したが中盤以降、打線がつながらなかった。
【トーナメント表】全国高校野球選手権宮崎大会組み合わせ
小林秀峰３年　萩峯脩介選手
萩峯選手
２０２１年の秋の宮崎県大会を制すなど、実力校で知られる宮崎県立の小林秀峰（小林市）。「ここなら公立校で甲子園を目指せる」と自宅のある鹿児島県伊佐市から列車などで片道約１時間半かけて通学しながら、練習に打ち込んできた。
中学時代の野球部の先輩も進学した小林秀峰への入学後は練習を終え、疲れて帰り着く頃にはすっかり遅くなり、すぐに就寝して翌日に備える忙しい日々となった。それでも毎朝、自宅から吉松駅まで約３０分かけて車で送ってくれる野球経験者の父・利生さん（５４）と車内で過ごす３０分の時間が支えになった。
打席で狙っていた球のことや、勝ったときのうれしさ……。話を聞いてもらった。時に言い合いになったこともあったが、それも含めて大切な時間だった。
５日の鵬翔戦。敗れはしたものの三回に二塁打を放つなど２度出塁した。「父と母に甲子園に出場して恩返しすることはできなかったがプレーは見せられた。毎日自分のためにありがとうと伝えたい」と語った息子について、スタンドに駆けつけた父は「仲間と楽しそうにする姿を見てこの学校に来てよかったと思う」と優しい口調で話した。",[],[]
福岡・天神の新天町商店街で１７歳高校生、５人組の男に「金を出せ」と脅され負傷（読売新聞オンライン）,https://news.yahoo.co.jp/articles/9562e114cf0eb971f1409066e6a1d1f18b6439e9,https://newsatcl-pctr.c.yimg.jp/t/amd-img/20260706-00000260-yom-000-5-view.jpg?exp=10800,2026-07-06T13:06:34+09:00,2026-07-06T16:12:14+09:00,読売新聞オンライン,yom,読売新聞オンライン,260,"新天町商店街（２０２０年１月撮影）
５日午後１０時半頃、福岡市中央区天神２の新天町商店街で、同市の男子高校生（１７）が５人組の男から「金を出せ」などと脅され、殴られるなどした。頭にけがを負っており、福岡県警中央署は強盗致傷事件として逃げた５人の行方を追っている。
発表によると、高校生は友人と歩いていたところ、男たちから金を要求され、殴ったり、蹴ったりされた。高校生は頭を数針縫うけがを負ったが、命に別条はないという。５人は何も奪わずに逃走した。
いずれも２０歳代ぐらいで、うち１人は警棒のようなものを持っていたという。",[],[]
強盗致傷事件の容疑者４人を大阪市内の民泊施設でかくまった疑い…住所不定で無職の男を深夜の徳島市内で発見・逮捕（読売新聞オンライン）,https://news.yahoo.co.jp/articles/75542a4d8ab81325978fd4da7ac8f2cc26a87cf1,https://newsatcl-pctr.c.yimg.jp/t/amd-img/20260706-00000082-yomosaka-000-5-view.jpg?exp=10800,2026-07-06T13:05:21+09:00,2026-07-06T13:17:25+09:00,読売新聞オンライン,yom,読売新聞オンライン,271,"徳島県警本部
徳島県藍住町徳命のアパートで４月にあった強盗致傷事件で、県警捜査２課と徳島板野署は５日、容疑者の男４人（逮捕済み）をかくまったとして、住所不定の無職の男（３１）を犯人隠匿容疑で逮捕した。同署は認否を明らかにしていない。
【地図】徳島県藍住町
発表では、男は５月１８日、強盗致傷事件の容疑者６人のうち４人を逃走中と知りながら、大阪市此花区の民泊施設にかくまった疑い。
同事件の捜査で男が浮上し、逮捕状を取って行方を捜していたところ、７月５日午前０時４５分頃、警察官が徳島市内で発見した。同署は男と４人の一部は面識があるとみている。",[],[]
３００人超死亡の西日本豪雨から８年、被災地各地で追悼…家全壊の男性「体験を語り継ぎたい」（読売新聞オンライン）,https://news.yahoo.co.jp/articles/5b2db70069a731d5c6e6407805346d6e2eaa0498,https://newsatcl-pctr.c.yimg.jp/t/amd-img/20260706-00000228-yom-000-3-view.jpg?exp=10800,2026-07-06T13:00:15+09:00,2026-07-06T14:55:41+09:00,読売新聞オンライン,yom,読売新聞オンライン,444,"災害関連死を含めて３００人超が亡くなった２０１８年の西日本豪雨から、６日で８年となった。被災地では献花台が設置され、被災者らが献花するなどして犠牲者の冥福（めいふく）を祈った。
１８年７月６～８日、梅雨前線の影響で記録的大雨となり、西日本各地で土砂災害や洪水が発生。被害が集中した広島、岡山、愛媛の３県では計２８１人が亡くなり、広島、岡山両県では計８人が行方不明となっている。
献花台に花を手向ける伊東市長（６日、岡山県倉敷市真備支所で）＝大村知輝撮影
２０人が犠牲になった広島県東広島市では、市役所に祭壇が設置され、高垣広徳市長らが手を合わせた。
河川の堤防が決壊し、７４人が亡くなった岡山県倉敷市真備町では、伊東香織市長や市民が同市真備支所に設けられた献花台を訪れ、犠牲者を悼んだ。水害で家が全壊したという男性（７７）は「あの時、たくさんの方が亡くなった。二度と起きないよう、体験を語り継ぎたい」と誓った。
一方、第６管区海上保安本部は６日午前、広島湾などで行方不明者の捜索を行った。",[],[]
イングランドがメキシコ破り３大会連続ベスト８…ベリンガム２発、ケーンは６得点目（読売新聞オンライン）,https://news.yahoo.co.jp/articles/ee7790ff91e0ca29e5cbc5d538ac069e01e7f713,https://newsatcl-pctr.c.yimg.jp/t/amd-img/20260706-00000236-yom-000-6-view.jpg?exp=10800,2026-07-06T12:56:45+09:00,2026-07-06T17:58:49+09:00,読売新聞オンライン,yom,読売新聞オンライン,378,"６０分、ＰＫでチーム３点目を決め、喜ぶイングランドのケーン（右はベリンガム）（５日）＝吉野拓也撮影
サッカー・ワールドカップ（Ｗ杯）北中米３か国大会の決勝トーナメント２回戦、メキシコ－イングランドが５日（日本時間６日）、メキシコシティスタジアムで行われ、イングランドが３－２で競り勝って、３大会連続のベスト８進出を決めた。（デジタル編集部）
イングランドは３６分と３８分にＭＦベリンガムが立て続けに得点すると、６０分にはＦＷケーンが今大会通算６ゴール目となるＰＫを沈めた。メキシコは４２分にＦＷキニョーネスがゴールを挙げ、６９分にはＦＷのＲ・ヒメネスがＰＫを決めるなどして追い上げたが、及ばなかった。
ベスト８進出を逃し、肩を落とすメキシコのＲ・ヒメネス〈９〉ら（５日）＝吉野拓也撮影
メキシコは自国開催だった１９８６年メキシコ大会以来となる８強を逃した。",[],[]
米子空港―ＪＲ鳥取駅で「タイガーエア」接続の乗り合いタクシー運行、鳥取市にも訪日客呼び込み目指せ…片道４０００円・所要２～３時間（読売新聞オンライン）,https://news.yahoo.co.jp/articles/9e15e85b28f7a540f2740e3c39422e79a3b66cdd,https://newsatcl-pctr.c.yimg.jp/t/amd-img/20260706-00000045-yomosaka-000-2-view.jpg?exp=10800,2026-07-06T12:37:13+09:00,2026-07-06T12:37:52+09:00,読売新聞オンライン,yom,読売新聞オンライン,1107,"訪日客向けの乗り合いタクシー「鳥取砂丘号」で使われるジャンボタクシー（鳥取市で）
米子―台北便は、毎週月・金曜に１往復運航されている。県国際観光課によると、就航から今年５月末までの平均搭乗率は８１・５％（延べ搭乗者３万７９４人）と好調。うち外国人利用者は７９％（同２万４３２３人）だった。
一方、米子空港から県東部へ直通する公共交通手段はない。乗客は日本有数の観光名所・出雲大社がある島根県に流れており、鳥取市などは誘い込みが課題となっている。
今回、市は一般社団法人「麒麟（きりん）のまち観光局」に約５００万円で業務を委託。１０月２３日までの期間限定で、乗り合いタクシーを運行することにした。定員６人のジャンボタクシーを使用し、飛行機の運航日に米子空港―ＪＲ鳥取駅間を１往復運行する。鳥取ハイヤー共同組合に加盟する７社が日替わりで対応する。
月曜日午後１時に米子空港を出発する便と、金曜日午後１時に鳥取駅を出発する便は、名探偵コナンが楽しめる観光地の北栄町、もしくはコナン関連の展示が多数ある鳥取空港に立ち寄る。名探偵コナンは台湾でも人気が高い。車がないと行きづらい北栄町や、駅から離れた場所にある鳥取空港に寄ることで付加価値をつけたという。
直行便は月曜の鳥取駅午前９時発と、金曜の米子空港午後５時５０分発の２便。料金はすべての便で１人片道４０００円。所要時間は立ち寄り便の場合は約３時間、直行便は約２時間。
タクシーは主に訪日客向けで、中国語圏に向けた市のフェイスブックや、タイガーエア台湾のホームページなどでＰＲしている。今月３日が運行初日で、２人が乗車した。今後、満席に近い利用を目指していくという。
鳥取市観光・ジオパーク推進課の川口隆課長補佐は「まずは県東部に来てもらうきっかけにし、市内外での周遊促進につなげていきたい」と話した。利用者数、アンケートなどを踏まえて、利用者が一定数見込めれば、本格運行に移行することも視野に入れているという。
米子―台北便が就航１周年を迎えたことを記念し、県は往復航空券などが当たるキャンペーンを実施している。
インスタグラムの「米子台北便」公式アカウントをフォローし、投稿に就航１周年を祝うコメントを送って応募する。抽選で３人に米子―台北便の往復航空券（平均５万～６万円）を１万円でプレゼントする。また、台湾で旅行した時の写真などを指定のハッシュタグをつけて投稿すれば、抽選で１１人に台湾のパイナップルケーキなど１０００円相当の菓子が当たる。
今月３１日まで。当選者には、８月中に公式アカウントからダイレクトメッセージが届く。詳しくは県国際観光課のホームページへ。",[],[]
線路沿いの樹木をまとめて伐採、倒木による運休・遅れは増加傾向…早急な対応必要な伯備線で（読売新聞オンライン）,https://news.yahoo.co.jp/articles/ad5215cd9bbcf1d00dda7d484dd50bd0ed25b824,https://newsatcl-pctr.c.yimg.jp/t/amd-img/20260706-00000041-yomosaka-000-2-view.jpg?exp=10800,2026-07-06T12:36:56+09:00,2026-07-06T12:37:41+09:00,読売新聞オンライン,yom,読売新聞オンライン,564,"ＪＲ伯備線の沿線で生い茂る樹木＝ＪＲ西日本提供
ＪＲ西日本山陰支社（鳥取県米子市）は、倒木による事故や運休を未然に防ぐため、伯備線の県内エリア（伯耆大山―上石見駅間、５１・７キロ）で沿線の樹木を事前に伐採する「集中伐採」を始めた。
同支社によると、中国地方全体の倒木による運休や遅れは増加傾向にあり、２０２５年度は５６件（前年度比２５件増）だった。倒木被害が多く、早急に対応が必要だと判断した「重点対応線区」の伯備線（伯耆大山―倉敷駅間）は、２５年度は４件（うち県内エリアは１件）だった。
作業は、航空レーザーで伐採すべき場所を計測し、線路から約２０メートルの範囲の樹木をまとめて伐採する。伯備線の県内エリアは６月に着手し、来年度中の完了を見込むという。因美線についても順次実施する。
また、列車運行中に運転席に置いたスマートフォンで撮影した動画を、人工知能（ＡＩ）で解析して危険な樹木を発見する。車両の窓ガラスも強化して、被害低減に取り組んでいるという。
貴谷健史支社長は６月２９日にあった記者会見で、「沿線で倒木を発見した場合には、ＪＲ西日本のお客様センターに連絡してほしい」と呼びかけた。土地所有者に対しては「所有者が分からないと、伐採までの手続きが煩雑になる。できる限り、相続や登記などを進めてもらいたい」と話していた。",[],[]
腎臓がん後にリング復帰、元プロレスラー・小橋建太さんが検診の大切さ訴え…「チャンピオンになってすぐの健診で頭真っ白に」（読売新聞オンライン）,https://news.yahoo.co.jp/articles/63454c9fdc97f89c4a865230d2500667d010a7db,https://newsatcl-pctr.c.yimg.jp/t/amd-img/20260706-00000053-yomosaka-000-3-view.jpg?exp=10800,2026-07-06T12:36:48+09:00,2026-07-06T12:48:17+09:00,読売新聞オンライン,yom,読売新聞オンライン,438,"がん検診の大切さを訴えた小橋さん（京都府福知山市で）
京都府福知山市出身で、市の「がん検診アンバサダー」を務める元プロレスラー、小橋建太さん（５９）が５日、同市のトークイベントに参加し、市民ら約１５０人を前にがん検診の大切さを訴えた。
腎臓がんが見つかった小橋さんは２００６年に右の腎臓を摘出したが、翌年、リングに復帰。１３年まで現役を続け、２５年５月に同アンバサダーに就任した。
小橋さんは、がん判明時を「チャンピオンになってすぐの健康診断で見つかった。頭が真っ白になった」と振り返った。そして「検査をしないと早期発見、早期治療ができない」などと語り、「自分は大丈夫という過信は絶対だめ。まずは検診を」と呼びかけた。
同市の五つのがんの検診受診率は２・２～１５％（２０２３年度）で全国平均を下回っている。市は「かかりつけ医がいると、検診は不要と思っている人が多いのではないか」とみる。
小橋さんは、トーク終了後の取材に「イベントで受診率が向上していく熱量を感じた」と話した。",[],[]
【高校野球大阪大会】雨中の開幕、桜塚・目黒７回に勝ち越され大冠に競り負ける…「３年生を勝たせてあげられなかった」（読売新聞オンライン）,https://news.yahoo.co.jp/articles/b58f110ee3ecde299b11b84295be2a2a7e93e22a,https://newsatcl-pctr.c.yimg.jp/t/amd-img/20260706-00000035-yomosaka-000-3-view.jpg?exp=10800,2026-07-06T12:36:30+09:00,2026-07-06T12:40:23+09:00,読売新聞オンライン,yom,読売新聞オンライン,729,"桜塚－大冠　７回、相手の失策の間に生還する大冠・新川（右）（５日、豊中ローズ球場で）＝久保有生撮影
第１０８回全国高校野球選手権大阪大会（大阪府高野連など主催）は５日、６球場で１回戦６試合が行われ、大冠や山田が勝ち進んだ。激しく雨が降るなどした影響で、予定されていた１、２回戦計２１試合のうち、１５試合が延期となり、今宮―鳳の１試合が継続試合となった。１１日以降の日程が変更になる。
【写真】大阪大会５日の結果
大冠３―１桜塚
大冠は１点を追う三回、先頭打者の新川が二塁打を放ち、酒井の犠飛などで同点に追い付いた。七回には宅間の内野安打が悪送球を誘い勝ち越すと、八回にも盗塁や失策を絡めて１点を追加した。
桜塚は初回、神野の適時打で先制したが、その後は打線が続かなかった。
六回まで１失点でしのぐ 桜塚・目黒投手
力投する桜塚・目黒（５日、豊中ローズ球場で）＝久保有生撮影
雨がマウンドに打ち付ける中、桜塚の左腕・目黒蒼真投手（２年）は冷静さを失わず、集中力を高めた。
三回に連打を浴びるなどして同点に追いつかれたが、遊撃手の勝瀬優仁選手（３年）から「後ろはしっかり守るから、お前は投げ切って」と声をかけられ、「自分が抑えるしかない」と気持ちを奮い立たせた。直球や変化球を使い分け、六回まで１失点でしのいだ。
小学４年から主に投手として活躍してきたが、昨秋の大会では主力から外れ、「人一倍練習する」と決意。冬に走り込みや柔軟で鍛え直した。
その成果をみせることはできたが、七回、送球ミスで相手の勝ち越しを許してしまい、この回で降板した。試合後、目黒は「３年生を勝たせてあげられなかった」と目を潤ませ、「来年はチームを勝たせる投手になって戻ってくる」と誓った。",[],[]
長崎市から佐賀県に向かう国道３４号整備推進、ＪＲ長崎駅周辺のバス停集約への支援など要望…国交省に市長ら（読売新聞オンライン）,https://news.yahoo.co.jp/articles/1159e854815ff23d1132356303dc0ce0fd0204cb,https://newsatcl-pctr.c.yimg.jp/t/amd-img/20260706-00000035-yomseibu-000-3-view.jpg?exp=10800,2026-07-06T12:36:19+09:00,2026-07-06T12:54:00+09:00,読売新聞オンライン,yom,読売新聞オンライン,503,"上田所長（右）に要望書を手渡す鈴木市長
長崎市や長崎商工会議所などでつくる「一般国道３４号道路整備促進協議会」は３日、国土交通省長崎河川国道事務所に、高規格道路の整備促進や老朽化する道路の維持管理への予算確保を求める要望書を提出した。
【写真】長崎南北幹線道路の完成イメージ動画の一部（県提供）
要望書では、市内の道路網が、狭い平地に集中して交通渋滞が日常化していることや、災害で通行止めになったときに市民生活への影響が生じることなどを指摘。長崎県佐世保市と同県時津町を結ぶ西彼杵道路など高規格道路の未整備区間解消や、災害対応のための地方整備局の体制強化などを求めた。
また、長崎市から長崎県諫早市、同県大村市を経て佐賀県に向かう国道３４号の整備推進も要望。分散しているＪＲ長崎駅周辺のバス停を集約する事業への支援や、住宅地や商業施設の立地で混雑が発生している東長崎地区の道路拡幅なども要請した。
同事務所の上田章紘所長に要望書を手渡した同会会長の鈴木史朗・長崎市長は、「交通渋滞によって救急車の対応が遅れるなどの問題もある。市民の命と暮らしを守るために、道路整備についてしっかり声を上げていく」と話した。",[],[]
高校野球京都大会、乙訓・伊藤陸が攻守で躍動し農芸を圧倒…「緊張で力が出せていないと思い何とかしたかった」（読売新聞オンライン）,https://news.yahoo.co.jp/articles/47ad8aef883029a5c5374fe82cdf2e8814f88051,https://newsatcl-pctr.c.yimg.jp/t/amd-img/20260706-00000067-yomosaka-000-3-view.jpg?exp=10800,2026-07-06T12:35:29+09:00,2026-07-06T12:39:25+09:00,読売新聞オンライン,yom,読売新聞オンライン,683,"農芸―乙訓　５回乙訓１死１、３塁、梅本が適時打を放つ（捕手・谷口）（あやべ・日東精工スタジアムで）
第１０８回全国高校野球選手権京都大会（京都府高野連など主催）は５日、あやべ・日東精工スタジアム（綾部市）など３球場で１回戦計３試合があり、乙訓は農芸に、京都共栄は花園にそれぞれコールド勝ちした。同志社国際―亀岡戦は降雨で６日に継続試合となった。わかさスタジアム京都（右京区）、太陽が丘球場（宇治市）で予定されていた１回戦計３試合も悪天候のため６日に順延された。
【写真】京都大会５日の結果
乙訓７―０農芸
乙訓は一回、中軸の伊藤陸、伊藤柊の連打で先制。五回には伊藤柊からの４連打で一挙４点を奪って突き放した。先発の四田は１４０キロ台後半の力強い速球で押し、五回まで毎回の１０奪三振で試合を作った。
農芸は制球の定まらない相手投手を揺さぶり得点機を作ったが、本塁が遠かった。
チームを鼓舞 乙訓・伊藤陸主将
攻守両面で好プレーを見せた乙訓の主将・伊藤陸選手（左）（あやべ・日東精工スタジアムで）
乙訓は主将の３番打者・伊藤陸選手が攻守で躍動し、初戦独特の硬さのあったチームを引っ張った。
一回、緩い球を主体に組み立てる相手投手に２者連続で飛球を打たされた。「緊張で力が出せていないと思い、何とかしたかった」。芯で捉えたライナー性の打球で遊撃手の頭上を抜くチーム初安打を放ち、次打者の適時打を呼び込んだ。
直後の守備では二死一、二塁の場面で三遊間の打球を滑り込んで捕り、一塁へ正確に送球して切り抜けた。攻守ともに好プレーでナインを落ち着かせる活躍で、初戦突破に貢献した。",[],[]
滋賀県知事選挙の投票所入場券が９人に発送されず、町選管が投開票日の前夜に気付く…翌朝から個別訪問で謝罪（読売新聞オンライン）,https://news.yahoo.co.jp/articles/30f31388d2f810c09cd3f7b2d51f504e130f9afa,https://newsatcl-pctr.c.yimg.jp/t/amd-img/20260706-00000077-yomosaka-000-3-view.jpg?exp=10800,2026-07-06T12:35:14+09:00,2026-07-06T12:48:33+09:00,読売新聞オンライン,yom,読売新聞オンライン,255,"【地図】滋賀県
滋賀県の豊郷町選挙管理委員会は５日、知事選の投票所入場券を、３月１８～２５日に同町に転入した男女９人に発送していなかった、と発表した。
公職選挙法では、転居から３か月が経過すると、転居先の自治体で選挙人名簿に登録される。９人は、知事選の登録基準日の６月１７日時点では登録対象外だったが、県議補選彦根市・犬上郡選挙区の登録基準日の２５日には転居後３か月が過ぎて名簿に登録され、知事選への投票が可能となっていた。
職員の理解不足が原因。町選管は４日夜、ミスに気づき、５日朝に各戸を訪問して謝罪した。",[],[]
長崎原爆の中国人犠牲者、市民ら追悼…「日本人に目を向けてしまうが様々な国の人が被爆したことを伝えたい」（読売新聞オンライン）,https://news.yahoo.co.jp/articles/2d238bc4cc1a763fb89bdcacc38506d4695bd6f0,https://newsatcl-pctr.c.yimg.jp/t/amd-img/20260706-00000037-yomseibu-000-4-view.jpg?exp=10800,2026-07-06T12:25:25+09:00,2026-07-06T12:51:00+09:00,読売新聞オンライン,yom,読売新聞オンライン,487,"追悼碑に花を手向ける劉副領事
旧浦上刑務支所に収容され、長崎原爆で亡くなった中国人の追悼式が、長崎市の平和公園内にある中国人原爆犠牲者追悼碑前で行われ、市民や駐長崎中国総領事館の関係者ら約３０人が犠牲者の冥福（めいふく）を祈った。
【写真】長崎市の外国人捕虜収容所跡地で犠牲者を追悼、父が捕虜だった参列者「この碑は和解の象徴」…記念碑に献花
日中戦争のきっかけとなった「盧溝橋事件」が起きた７月７日に合わせ、同追悼碑維持管理委員会が開催。２００８年に建てられた碑には、亡くなった３２人の名前が刻まれている。
式では、同委員会の平野伸人代表が「歴史を忘れないために開催している。追悼すると同時に未来につなぎたい」とあいさつ。同領事館の劉季宇副領事は「痛ましい歴史を忘れてはいけない。より平和で、より輝かしい未来を、共に切り開きましょう」と述べた。参列者らは碑に花を手向け、原爆がさく裂した時間の午前１１時２分に黙とうをささげた。
参列した西陵高３年の生徒（１７）は「日本人の被害に目を向けてしまうが、中国や韓国など様々な国の人が被爆したことを周りにも伝えていきたい」と話した。",[],[]
ブラジル完敗、３６年ぶりに８強入り逃す…「王国」らしさなくビニシウス頼みのカウンター狙い不発（読売新聞オンライン）,https://news.yahoo.co.jp/articles/92699cafbd576bb13a6425e83ac3b09445ec4fa8,https://newsatcl-pctr.c.yimg.jp/t/amd-img/20260706-00000204-yom-000-3-view.jpg?exp=10800,2026-07-06T12:23:26+09:00,2026-07-07T02:02:42+09:00,読売新聞オンライン,yom,読売新聞オンライン,931,"1
/
2
ノルウェーに敗れ、肩を落とすブラジルの選手ら（５日）＝松本拓也撮影
ブラジル―ノルウェー
【イーストラザフォード（米ニュージャージー州）＝星聡】サッカーのワールドカップ（Ｗ杯）北中米３か国大会は５日（日本時間６日）、決勝トーナメント２回戦が行われ、ノルウェー（世界ランキング３１位）がブラジル（同６位）を破り、初のベスト８入りを果たした。ブラジルが８強に進めなかったのは、１９９０年大会以来３６年ぶり。ノルウェーはエースＦＷハーランドが２得点を挙げ、今大会通算７ゴールとした。（世界ランキングは６月１１日時点）
ノルウェー　２―１　ブラジル
ノルウェーがハーランドの２得点で逃げ切り勝ち。７９分、クロスに頭で合わせて先制し、９０分には左足で鋭いミドルシュートを決めて突き放した。ブラジルは序盤のＰＫ失敗が響き、後半追加タイムにネイマールがＰＫを決めて１点差に迫るのが精いっぱいだった。
先制され、戦略霧散
３２年前、６大会ぶりの頂点に立って取り戻した王国のプライドは、同じ米国の地で無残に砕け散った。完敗したブラジルが、８強入りを３６年ぶりに逃した。
出だしから、らしくなかった。１０分過ぎにギマランイスがＰＫを止められると、その後は引き気味に構え、ビニシウス頼みのカウンター狙い。迎えた後半、日本戦では選手交代でギアを上げて逆転する底力を見せたが、この試合では自陣に引く姿勢をさらに強めた。
しかし、７９分に先制されると、戦略は霧散。９０分には手痛い２点目を奪われ、追加タイムに１点を返す意地を見せたものの、ボール支配率で圧倒されるなど、スコア以上の完敗だった。
布陣図ブラジルノルウェー
「非常に残念な結果で、チーム全員が深く心を痛めている」と、イタリア出身のアンチェロッティ監督。初の外国人監督登用という劇薬も実らず、カナリア軍団が早くも姿を消した。（星聡）
【交代】（ブ）エンドリッキ＝５８分クニャ、Ｓ・ダニーロ＝６７分ラヤン、ネイマール＝６７分マルチネリ、エデルソンシウバ＝７９分ギマランイス（ノ）ボブ＝４６分セルロト、シェルデルップ＝４６分ヌサ、アウルスネス＝６３分リエルソン、エスティゴール＝９５分＋ウォルフェ
【警告】（ブ）ネイマール",[],[]
早朝の岡山後楽園でハスの観賞イベント中に「ドン」、樹齢１００年超のモミの木が倒れて外壁壊す…６日も撤去作業（読売新聞オンライン）,https://news.yahoo.co.jp/articles/8ba5d018e1934dff7cd5d1f0b133ffc7e38db660,https://newsatcl-pctr.c.yimg.jp/t/amd-img/20260706-00000074-yomosaka-000-3-view.jpg?exp=10800,2026-07-06T12:20:05+09:00,2026-07-06T12:34:00+09:00,読売新聞オンライン,yom,読売新聞オンライン,310,"倒れたモミの木（岡山市北区で）
５日午前４時５０分頃、岡山後楽園（岡山市北区）の正門付近にある樹齢１００年を超えるモミの木（高さ約１７メートル、幹回り約３・６メートル）が根元から倒れ、外壁の瓦の一部が壊れた。園内では午前４時から、ハスの花を観賞する「観蓮節」が行われていたが、けが人はいなかった。切断して運び出しているが、撤去作業は６日も続けられる。
【写真】普段の岡山後楽園
同園事務所によると、観蓮節に来た来園者の誘導にあたるなどしていた職員が「ドン」という大きな音を聞き、現場に駆けつけたところ、通路を塞ぐような形で木が倒れているのを見つけた。樹木は目視で毎日点検を行っており、４日の点検でも異常はなかったという。",[],[]
３２歳になったドジャース大谷翔平、２試合ぶり出場で適時打…ロバーツ監督「違和感は残っていない」（読売新聞オンライン）,https://news.yahoo.co.jp/articles/c330c14f1298329ad903574f1c6d254b5d1010a0,https://newsatcl-pctr.c.yimg.jp/t/amd-img/20260706-00000196-yom-000-5-view.jpg?exp=10800,2026-07-06T12:18:12+09:00,2026-07-06T12:21:42+09:00,読売新聞オンライン,yom,読売新聞オンライン,462,"７回に適時打を放った大谷翔平＝ロイター
【ロサンゼルス＝森井智史】米大リーグは５日、各地で行われ、ドジャースの大谷はパドレス戦に１番指名打者で出場し、七回に中前適時打を放って３打数１安打１打点、１四球だった。パドレスの松井は六回に２番手で登板し、２／３回を無失点。パドレスが５―２で勝ち、連敗を８で止めた。カージナルス戦に３番右翼で出たカブスの鈴木は４打数無安打だったが、試合は６―４で勝利。ブルージェイズの岡本も４打数無安打で、チームはマリナーズに０―４で敗れた。
【写真】これは貴重…球速１６０キロをマークした花巻東・大谷（２０１２年７月）
ハッピーバースデーコール
大谷は５日で３２歳となり、球場にはハッピーバースデーのコールが響いた。本塁打こそ出なかったが、七回の第４打席には中前適時打を放ってファンを喜ばせた。投打の二刀流で出場した３日の試合では、右上腕二頭筋の違和感で七回に代打を送られて翌日は欠場したが、ロバーツ監督は「感じていた違和感は残っていない」と強調する。不安を払拭（ふっしょく）する一発も待ち遠しい。",[],[]
バンダイチャンネル攻撃の男子生徒「企業に恨みはない」、趣味の通信解析中に「偶然会員情報が見えた」（読売新聞オンライン）,https://news.yahoo.co.jp/articles/189b2323ab341971d6bb6df933352d8eac24c6ee,https://newsatcl-pctr.c.yimg.jp/t/amd-img/20260706-00000198-yom-000-2-view.jpg?exp=10800,2026-07-06T12:15:13+09:00,2026-07-06T12:15:47+09:00,読売新聞オンライン,yom,読売新聞オンライン,839,"アカウント攻撃は「ログインできるのがたくさんあったから」
動画配信サービス「バンダイチャンネル」にサイバー攻撃を仕掛けたとして、高校１年の男子生徒（１５）が偽計業務妨害容疑で逮捕された事件で、生徒が「被害企業に恨みはなかった」と供述していることが警視庁幹部への取材でわかった。通信解析が趣味で、攻撃プログラムを自作していたといい、同庁が詳しい動機を調べている。
押収されたパソコンやハードディスクなど（６日、東京都千代田区で）＝木佐貫冬星撮影
同庁幹部によると、男子生徒は独学でプログラミングを学び、同チャンネルを運営する「バンダイナムコフィルムワークス」のサーバーの脆弱（ぜいじゃく）性を発見して、事件を起こしたとされる。
６月１３日に同社への不正アクセス禁止法違反容疑で逮捕（処分保留）された際には、捜査員に「通信解析をしていたら、偶然会員情報が見えた」と説明。今回の容疑については「ログインできる（会員の）アカウントがたくさんあったからやった」と話したという。
中高生が自作のプログラムを悪用する事件は相次いでいる。生成ＡＩ（人工知能）の技術を悪用し、携帯大手「楽天モバイル」の通信回線を不正契約したとして昨年２月に逮捕された男子中学生は、不正接続と契約を行うプログラムを開発。調べに「高度な犯罪を実行して注目を集めたかった」と供述した。
こうした中高生は、ゲーム愛好家らが連絡に使うＳＮＳ「ディスコード」などで技術を披露し合っている。今回の男子生徒もディスコードを利用しており、参加するグループには、昨年１２月にインターネットカフェ運営会社にサイバー攻撃を仕掛けたとして逮捕された高校生もいたという。
サイバー犯罪は低年齢化しており、警察庁によると、昨年１年間に不正アクセス禁止法違反容疑で摘発された２４８人のうち８１人（３２％）が１０歳代だった。
警視庁幹部は「安易な気持ちで行ったことが企業に多大な被害を与え、大きな影響を及ぼすことを忘れないでほしい」と話している。",[],[]
ブラジルのエース・ネイマールが代表引退へ…Ｗ杯４回出場（読売新聞オンライン）,https://news.yahoo.co.jp/articles/8d65cc5b5e8774a81c492af511fc92a7735531cc,https://newsatcl-pctr.c.yimg.jp/t/amd-img/20260706-00000201-yom-000-8-view.jpg?exp=10800,2026-07-06T12:07:52+09:00,2026-07-07T02:03:05+09:00,読売新聞オンライン,yom,読売新聞オンライン,343,"ノルウェーに敗れ、厳しい表情でチームメートを迎えるブラジルのネイマール（左）（５日）＝松本拓也撮影
【イーストラザフォード（米ニュージャージー州）＝星聡】サッカーのワールドカップ（Ｗ杯）北中米３か国大会は５日（日本時間６日）、決勝トーナメント２回戦が行われ、ノルウェー（世界ランキング３１位）がブラジル（同６位）を破り、初のベスト８入りを果たした。ブラジルが８強に進めなかったのは、１９９０年大会以来３６年ぶり。（世界ランキングは６月１１日時点）
【表】一目でわかる…日程と組み合わせはこちら
ブラジル代表のネイマール（３４）が５日のノルウェー戦後、ブラジルのテレビ局の取材に対し、代表を引退することを示唆した。代表のエースとして長年活躍したネイマールは、今回が４度目のＷ杯出場だった。",[],[]
「おぎおんさぁ」鹿児島市に夏が来た…天文館一帯で「ご神幸行列」、２５００人が山車や神輿と練り歩く（読売新聞オンライン）,https://news.yahoo.co.jp/articles/44abb60570046d56b978572b669aa54ba23aa230,https://newsatcl-pctr.c.yimg.jp/t/amd-img/20260706-00000069-yomseibu-000-3-view.jpg?exp=10800,2026-07-06T12:06:20+09:00,2026-07-06T12:20:05+09:00,読売新聞オンライン,yom,読売新聞オンライン,379,"神輿を担いで練り歩くご神幸行列の参加者
鹿児島市の夏の風物詩「おぎおんさぁ」（祇園祭）の本祭が５日、天文館一帯であった。約２５００人の参加者が御所車や山車、神輿（みこし）と練り歩く「ご神幸行列」が行われ、多くの見物人らでにぎわった。
【写真】鹿児島市「おはら祭」、そろいの法被や色鮮やかな着物で天文館一帯を踊り歩く
悪疫退散や商売繁盛を祈願する祭りで、約４００年前から続くとされる。同市清水町の八坂神社で神事が行われた後、歩行者天国になった電車通りで、大人神輿や、官女姿の女性を乗せた御所車、子どもが乗った花籠などの行列が約２・５キロを練り歩いた。
沿道には多くの人たちが詰めかけ、神輿を写真に収めるなどして楽しんでいた。毎年見に来ているという鹿児島市立西陵小３年の児童（８）は「重そうな神輿を一生懸命担いでいた。夏が来た感じがして楽しかった」と話していた。",[],[]
全国高校野球選手権鹿児島大会、頴娃が６回に一挙１１点で志布志・串良商を破る…鹿児島中央など２回戦進出（読売新聞オンライン）,https://news.yahoo.co.jp/articles/8adcbf8ba1bd5a41a3d0d654db81a7202a6f648d,https://newsatcl-pctr.c.yimg.jp/t/amd-img/20260706-00000062-yomseibu-000-3-view.jpg?exp=10800,2026-07-06T12:02:47+09:00,2026-07-06T12:14:03+09:00,読売新聞オンライン,yom,読売新聞オンライン,560,"【頴娃―志布志・串良商】５回頴娃無死２、３塁、野選で生還する吉永（捕手・吉田）
第１０８回全国高校野球選手権鹿児島大会は５日、鹿児島市の平和リース球場とスミゼイパーク（鴨池市民球場）で１回戦４試合が行われ、頴娃、鹿児島中央、喜界、鹿児島南がそれぞれ２回戦に進出した。６日も１回戦４試合が行われる。
【トーナメント表】全国高校野球選手権鹿児島大会組み合わせ
頴娃１９―０志布志・串良商
頴娃は二回に先制すると、その後も得点を重ねた。六回には新西の２点適時打を含む猛攻で一挙１１点を奪った。志布志・串良商は３安打に抑えられ、得点につなげられなかった。
鹿児島中央１０―０沖永良部
鹿児島中央は初回、阿久根や片平の適時打などで３点を奪うと、二、四、五回にも得点して突き放した。沖永良部は相手投手を攻略できなかった。
喜界５―４種子島中央
喜界は初回に先制して迎えた三回、宮元が三塁打で出塁すると好機を生かし、２点を追加した。七回に逆転されたが、西尾や登の適時打ですぐに取り返した。種子島中央は八、九回に攻めきれず、涙をのんだ。
鹿児島南９―５吹上
鹿児島南は初回、４盗塁や諏訪の適時三塁打などで４点を奪った。四回にも前原の適時三塁打などで加点し、８点差まで広げた。吹上は五、六回に計５点を返したが、その後は好機を作れなかった。",[],[]
＜祇園祭＞身を乗り出し稚児舞「緊張したけれど、出来栄えは99点」…本番は山鉾巡行の先頭進む長刀鉾の上で（読売新聞オンライン）,https://news.yahoo.co.jp/articles/c9ab199082778254a7b6c2f3ba11db531b30270b,https://newsatcl-pctr.c.yimg.jp/t/amd-img/20260705-00000079-yomosaka-000-2-view.jpg?exp=10800,2026-07-06T12:00:22+09:00,2026-07-06T12:01:14+09:00,読売新聞オンライン,yom,読売新聞オンライン,329,"舞を披露する稚児の長谷航太郎君（前列中央）ら（５日午後、京都市下京区で）＝永尾泰史撮影
祇園祭・前祭（さきまつり）の山鉾（やまほこ）巡行（１７日）で、先頭を進む長刀（なぎなた）鉾の神事始め「吉符（きっぷ）入り」が５日、長刀鉾の会所（京都市下京区）で行われた。稚児の長谷航太郎君（８）が、巡行時に鉾の上で舞う「稚児舞」を披露した。
クジャクの羽根を飾った冠をかぶった長谷君は神事の後、補佐役の禿（かむろ）２人とともに四条通に面した会所２階の窓際に登場。鉦（かね）や笛の音が響く中、窓から身を乗り出して無病息災を願う「太平の舞」を舞うと、見物人から大きな拍手が湧き起こった。
長谷君は「緊張したけれど、出来栄えは９９点。本番で舞うのが楽しみ」と笑顔を見せていた。",[],[]
前立腺がんの新治療開始、進行した患者に放射性治療薬・効果をCTで迅速判定…年間２０人程度の受け入れを想定（読売新聞オンライン）,https://news.yahoo.co.jp/articles/32fa999543ad229ec7c9b227c6f81f1c68124e15,https://newsatcl-pctr.c.yimg.jp/t/amd-img/20260705-00000068-yomosaka-000-6-view.jpg?exp=10800,2026-07-06T12:00:18+09:00,2026-07-06T12:47:49+09:00,読売新聞オンライン,yom,読売新聞オンライン,764,"前立腺がんの治療に活用されるＣＴ（福井県永平寺町で）
福井大病院（福井県永平寺町）は７日から、放射性治療薬を使った前立腺がんの新しい治療を始める。薬を投与した後の治療効果を迅速に判定する装置も導入。従来の治療法が効かなくなった、がんが進行した患者に対し、治療の選択肢を増やすとしている。（佐藤圭史）
前立腺がんは男性で最も多いがんで、年間の国内新規患者数は約１０万人、死亡数は１万４０００人。
同病院によると、患者の１０～２０％は診断時点で骨やリンパ節への転移があり、がんの増殖を抑えるため、男性ホルモンを低下させるホルモン療法を行うのが一般的だ。この療法が効かなくなると、抗がん剤などでの治療に切り替えていた。
新たな放射性治療薬は、前立腺がんに特徴的なたんぱく質を標的にする。点滴で投与すると、血流に乗って体内を巡り、転移したがん細胞に届く。放射線の一種「ベータ線」が、がん細胞をピンポイントで攻撃する。患者は６週間おきに計６回投与を受ける。１回につき２泊程度の入院が必要という。
この放射性治療薬の効果は患者の血液中の腫瘍マーカーで評価されてきたが、同病院は新しく導入したコンピューター断層撮影装置（ＣＴ）を使う。腫瘍マーカーと比べて迅速、高精度の効果測定が可能で、薬の体内での分布や、他の臓器への被曝（ひばく）の影響なども検査できる。
前立腺がんの治療でＣＴを活用するのは世界でも先進的な事例という。
投与後、患者の体内から一定時間、放射線が出て周りの人が被曝する恐れがあるため、隔離用の病室も設けた。今月中に患者４人の治療を始める。年間２０人程度の受け入れを想定している。
同病院は３日、ＣＴと隔離病室を報道陣に公開し、新しい治療法について説明した。藤枝重治病院長は「患者さんに最適な医療を提供していきたい」と話した。",[],[]
新天地ロッテで本塁打王のポランコ、巨人時代に磨いたコミュ力（読売新聞オンライン）,https://news.yahoo.co.jp/articles/9c18c0fa7ca94d21c9fae62c852633d7d74535bb,https://newsatcl-pctr.c.yimg.jp/t/amd-img/20260704-00000242-yom-000-2-view.jpg?exp=10800,2026-07-06T12:00:17+09:00,2026-07-06T12:01:11+09:00,読売新聞オンライン,yom,読売新聞オンライン,1051,"ヤクルト戦で、この日２本目の本塁打を放ち、ウォーカー（左）と喜ぶポランコ（２０２２年６月）
ロッテの来日５年目、グレゴリー・ポランコ（３４）は日本語を駆使して、チームメートやスタッフと密にコミュニケーションを取っている。練習の合間、仲間たちにちょっかいを出すのも日常茶飯事。陽気なポランコの周りは、いつも笑顔であふれている。
ソフトバンク戦で勝ち越し本塁打を放つポランコ（２０２６年５月）
１メートル９６、１０８キロの巨体で、パワフルな打撃が売りの左打者。米大リーグのパイレーツでメジャーデビューし、米通算８２３試合で９６本塁打をマーク。ドミニカ共和国代表として２０１７年ワールド・ベースボール・クラシックに出場した実績を持ち、２２年に巨人入りした。
今でこそ、日本の文化やプロ野球にすっかり慣れたが、来日１年目は苦労した。当時は、新型コロナウイルス感染拡大による行動制限が続いていた時期。言葉の壁はもちろん、外出するにも、人と会うにも制約があり、日本について学ぶ機会は少なかった。
それだけに、困ったことがあれば助けてくれた巨人時代の同僚やスタッフへの感謝を忘れない。「日本の野球のことや、球場内でどのようにやっていけばいいのかを教えてくれた」。覚えたての日本語を使って積極的に言葉を交わし、語学力もめきめき上がった。
２２年に２４本塁打をマークし、ロッテに移籍した２３年は本塁打王とベストナインに輝いた。「巨人での経験が生きて、ロッテでも１年目から自信を持ってプレーできた。日本の文化も知っていたし、何の心配もなく、新しい環境に飛び込めた」と振り返る。
コロナ禍が落ち着くと外出する機会が増え、通訳なしで日本人選手と食事に出かけることもある。自分へのご褒美は「すしを食べること」で、ラーメンは行きつけがあるほどの大好物。店では日本語で注文するよう心がけている。なじみの焼き肉店で「網交換、オネガイシマース」と店員を呼び、同席した球界関係者を驚かせたこともある。
ロッテでスペイン語通訳を担当する阿久津英之さんは、ポランコの人柄について「すごくコミュニケーションが上手。チームになじむのが早かった」と振り返る。選手としても、「ずっと打撃のことを考えていてストイック。準備を怠らないし、野球に真剣に向き合う姿勢は尊敬できる」と賛辞を惜しまない。
昨季はけがの影響で出場３９試合、５本塁打にとどまったポランコ。持ち前の打棒を発揮してお立ち台に上がり、日本語でファンを沸かせる姿がもっと見たい。（岡花拓也）",[],[]
ノルウェーの「怪物」ハーランドが頭と足で２発、「王国」粉砕し初の８強…ブラジルはネイマールがＰＫ決めるも及ばず（読売新聞オンライン）,https://news.yahoo.co.jp/articles/c22b1d82061c9677ef283eabcf32e15a41739e2f,https://newsatcl-pctr.c.yimg.jp/t/amd-img/20260706-00000178-yom-000-7-view.jpg?exp=10800,2026-07-06T11:58:31+09:00,2026-07-07T02:02:54+09:00,読売新聞オンライン,yom,読売新聞オンライン,1114,"７９分、ノルウェーのハーランド（右）が先制ゴールを決める（５日）＝松本拓也撮影
【イーストラザフォード（米ニュージャージー州）＝星聡】サッカーのワールドカップ（Ｗ杯）北中米３か国大会は５日（日本時間６日）、決勝トーナメント２回戦が行われ、ノルウェー（世界ランキング３１位）がブラジル（同６位）を破り、初のベスト８入りを果たした。ブラジルが８強に進めなかったのは、１９９０年大会以来３６年ぶり。ノルウェーはエースＦＷハーランドが２得点を挙げ、今大会通算７ゴールとした。（世界ランキングは６月１１日時点）
ブラジル―ノルウェー
ノルウェー　２―１　ブラジル
ノルウェーがハーランドの２得点で逃げ切り勝ち。７９分、クロスに頭で合わせて先制し、９０分には左足で鋭いミドルシュートを決めて突き放した。ブラジルは序盤のＰＫ失敗が響き、後半追加タイムにネイマールがＰＫを決めて１点差に迫るのが精いっぱいだった。
プレミアで火花散らすＤＦはじき飛ばし先制
ノルウェーのハーランドが、強烈な２発で復権を狙う王国ブラジルを沈めた。「勝つなんて予想していなかった」と謙遜したが、「怪物」と呼ばれるストライカーの存在感は圧倒的だった。
相手のセンターバック、マガリャンイスはイングランド・プレミアリーグのアーセナルに所属。同リーグのマンチェスター・シティーでプレーするハーランドにとっては日頃から火花を散らす相手だ。激しくぶつかり合う中「チャンスは必ず来る」と言い聞かせた。
今大会得点ランキング
その競り合いにけりをつけたのは７９分。左クロスにいち早く反応すると、慌てて体を寄せたマガリャンイスをはじき飛ばし、頭でたたき込んだ。さらに９０分にはペナルティーエリア手前から左足を振り抜き、低い弾道のシュートをゴール右隅へ突き刺した。
出場４試合全てゴール
今大会は出場４試合全てで得点を挙げ、計７ゴール。２８年ぶりにＷ杯を戦う母国を初の８強に導き、「信じられないよ」と繰り返した。「時々、自分の腕をつねって現実かどうか確かめなきゃいけないくらいだ」
布陣図ブラジルーノールウェー
試合後には、かつて欧州の海を席巻した北欧のバイキングにちなみ、ファンとともに船をこぐパフォーマンスで太鼓をたたいて音頭をとった。歴史を切り開くチームの船頭は、最高に輝いている。（平沢祐）
【交代】（ブ）エンドリッキ＝５８分クニャ、Ｓ・ダニーロ＝６７分ラヤン、ネイマール＝６７分マルチネリ、エデルソンシウバ＝７９分ギマランイス（ノ）ボブ＝４６分セルロト、シェルデルップ＝４６分ヌサ、アウルスネス＝６３分リエルソン、エスティゴール＝９５分＋ウォルフェ
【警告】（ブ）ネイマール",[],[]
特攻隊長の遺書を朗読「大君の御盾と散る覚悟です」「皆様の中に生きて居ります」…平和の尊さを考える研修会（読売新聞オンライン）,https://news.yahoo.co.jp/articles/47bad2e8310de1ed8ac55fe0e8ac672ce2cbdd24,https://newsatcl-pctr.c.yimg.jp/t/amd-img/20260706-00000114-yomseibu-000-15-view.jpg?exp=10800,2026-07-06T11:57:54+09:00,2026-07-06T15:57:53+09:00,読売新聞オンライン,yom,読売新聞オンライン,451,"黒木さんの遺書を朗読する田島さん（奥）
戦没者を慰霊し、平和の尊さを考える研修会が５日、宮崎市の宮崎神宮内「神宮会館」で開かれた。
【動画】旧日本海軍の戦闘機「紫電改」、市民団体が引き揚げ…鹿児島県阿久根市沖
宮崎県遺族連合会（黒木優一会長）が毎年この時期に開催している。今回は戦争の記憶を次世代に継承する機運を高めようと「８０数年前の先人たちが遺（のこ）した思いを、これからの未来へ」をテーマに掲げ、黒木会長は「多くの力添えをいただきながら語り部活動を続けていく。平和への思いをこれからの未来へつないでいきましょう」とあいさつした。
特攻隊長として命を落とした同県延岡市出身の黒木国雄さんが出撃前に家族へ宛てた遺書の朗読もあり、声優として活動する田島優さんが「大君（おおきみ）の御盾（みたて）と散る覚悟です」「ご安心ください。国雄は常に皆様の中に生きて居（お）ります」などと読み上げた。朗読後、田島さんは「国雄さんはどのような気持ちで書いたのか、考え続けなければならない課題だと思っている」と話した。",[],[]
全国高校野球選手権熊本大会の１回戦４試合、雨天のため順延…６～７日は各会場で３試合（読売新聞オンライン）,https://news.yahoo.co.jp/articles/265d2425bb2280968856098bd366dfa1d4fae17c,https://newsatcl-pctr.c.yimg.jp/t/amd-img/20260706-00000038-yomseibu-000-3-view.jpg?exp=10800,2026-07-06T11:51:18+09:00,2026-07-06T12:21:56+09:00,読売新聞オンライン,yom,読売新聞オンライン,137,"（写真：読売新聞）
第１０８回全国高校野球選手権熊本大会は５日、リブワーク藤崎台球場（熊本市中央区）と熊本県営八代野球場（八代市）で予定されていた１回戦４試合が雨天のため順延された。６、７日は各会場で１日３試合を行う。
【トーナメント表】全国高校野球選手権熊本大会組み合わせ",[],[]
全国高校野球選手権大分大会、日田の井上蒼太主将が選手宣誓「選手一同が互いを尊重し懸命に戦い抜く」（読売新聞オンライン）,https://news.yahoo.co.jp/articles/1f44c26d9f15f3ff9ed37a886c8ec7b017db32ac,https://newsatcl-pctr.c.yimg.jp/t/amd-img/20260706-00000040-yomseibu-000-7-view.jpg?exp=10800,2026-07-06T11:50:51+09:00,2026-07-06T15:03:51+09:00,読売新聞オンライン,yom,読売新聞オンライン,443,"選手宣誓をする日田の井上主将
第１０８回全国高校野球選手権大分大会の開会式が５日、大分市の別大興産スタジアムで開催された。４２校４１チームが一堂に会し、甲子園への切符を懸けた戦いに向けて闘志を燃やした。
【トーナメント表】全国高校野球選手権大分大会４１チームの組み合わせ
開会式は悪天候によりスタンドで行われた。入場行進の代わりに各校の名前が呼ばれ、選手らが力強く返事をした。大分県高校野球連盟の花田修会長は「皆さんの熱い思いを、精いっぱいプレーに表してください」と激励した。
選手宣誓をしたのは日田の井上蒼太主将（３年）。周りへの感謝の気持ちを込め、「野球ができることは決して当たり前ではない。選手一同が互いを尊重し、全ての人に勇気、元気、力を届けられるよう懸命に戦い抜く」と述べた。
式後、井上主将は宣誓を振り返って、「先生や監督と１週間以上考えて、行きのバスの中でも練習した。緊張よりは、楽しんでできた」と話した。
式に続いて行われる予定だった開幕戦は悪天候で６日に順延となった。",[],[]
日経平均乱高下、午前の終値は８２４円安の６万８９１９円…取引開始直後は一時６００円超値上がり（読売新聞オンライン）,https://news.yahoo.co.jp/articles/2f616a1bb4fb5db1651d87365e276e6241bc64a2,https://newsatcl-pctr.c.yimg.jp/t/amd-img/20260706-00000194-yom-000-3-view.jpg?exp=10800,2026-07-06T11:50:39+09:00,2026-07-06T16:13:58+09:00,読売新聞オンライン,yom,読売新聞オンライン,215,"東京証券取引所
週明け６日の東京株式市場で、日経平均株価（２２５種）の午前の終値は、前週末終値比８２４円９３銭安の６万８９１９円１４銭だった。
取引開始直後には一時、６００円超値上がりしたが、日経平均への影響度の大きいＡＩ（人工知能）関連や半導体関連株の一角に当面の利益を確定する売り注文が出たことで下落した。
東証プライム市場全体では、７割超の銘柄が値上がりしている。原油価格が下落傾向にあることが投資家心理の支えとなっている。",[],[]
「うみたまご」にトドの赤ちゃん誕生、母乳をもらう姿に小学生「くっついて飲んでいてかわいかった」（読売新聞オンライン）,https://news.yahoo.co.jp/articles/cd48cf7287874296c9ebf36cd5d9a30f4375acff,https://newsatcl-pctr.c.yimg.jp/t/amd-img/20260706-00000042-yomseibu-000-3-view.jpg?exp=10800,2026-07-06T11:50:38+09:00,2026-07-06T11:55:34+09:00,読売新聞オンライン,yom,読売新聞オンライン,460,"母親と過ごす様子が公開されたトドの赤ちゃん
大分市の大分マリーンパレス水族館「うみたまご」でトドの赤ちゃんが誕生し、一般公開が始まった。
【写真】水槽の外の飼育係に興味津々のアシカ＝「マリンワールド海の中道」提供
同館によると、赤ちゃんは雌で、３日朝、雄の玄太郎（１６歳）と雌のポロ（１５歳）の間に生まれた。４日時点で、体重１７．６キロ、体長約９０センチ。ポロにとっては４頭目の子どもだという。
出産の約９時間後に授乳を始め、４日から一般公開した。公開が子育ての妨げにならないよう当面はガラス面にシートを設置しており、隙間からのぞいて親子のかわいらしい姿を見ることができる。
５日は早速、同館を訪れた家族連れらが、ポロの母乳を飲む赤ちゃんの姿などを笑顔で見つめていた。長崎県長与町から家族で訪れた小学３年の児童（９）は「（母親に）くっついて飲んでいて、かわいかった」と目を輝かせていた。
飼育員の丸野貴也さん（３１）は「親子の絆や愛が表れるのは、離乳するまでの１年ほどだけ。夏休みや週末に足を運んでほしい」と呼びかけた。",[],[]
土砂流入で６日まで終日運休、ＪＲ予土線…窪川―江川崎駅間（読売新聞オンライン）,https://news.yahoo.co.jp/articles/6e48ee9c658735aa6f9040bb44e0cb346a7aea4d,https://newsatcl-pctr.c.yimg.jp/t/amd-img/20260706-00000029-yomosaka-000-4-view.jpg?exp=10800,2026-07-06T11:50:09+09:00,2026-07-06T12:06:34+09:00,読売新聞オンライン,yom,読売新聞オンライン,251,"５日午後３時半頃、高知県四万十市のＪＲ予土線半家―江川崎駅間で線路に土砂が流入しているのを点検をしていた係員が発見した。復旧作業に時間を要するため、窪川―江川崎駅間で５、６日、終日運休することを決めた。
【写真】土砂が流入した半家―江川崎駅間（ＪＲ四国提供）
（写真：読売新聞）
ＪＲ四国によると、予土線では５日午前１０時２５分頃、宇和島駅（愛媛県宇和島市）で雨量が規制値に達したため、列車の運転を見合わせたうえで、線路の点検を行っていたところ、線路脇の土砂が崩れ、線路を塞いでいるのを確認したという。",[],[]
警報・避難指示の切迫度が伝わらなかった西日本豪雨、危険度を５段階で示す「警戒レベル」導入のきっかけに（読売新聞オンライン）,https://news.yahoo.co.jp/articles/59f60525299b161a7d43cef714c7c4de601ce200,https://newsatcl-pctr.c.yimg.jp/t/amd-img/20260706-00000032-yomosaka-000-5-view.jpg?exp=10800,2026-07-06T11:50:05+09:00,2026-07-06T12:32:26+09:00,読売新聞オンライン,yom,読売新聞オンライン,596,"堤防が決壊し大規模な浸水被害が発生した真備町（岡山県倉敷市で）＝読売ヘリから、２０１８年７月７日撮影
広島県や岡山県などで甚大な被害を招き、６日で発生から８年となった西日本豪雨は、住民に避難を呼びかける情報発信のあり方を見直すきっかけになった。
【写真】西日本豪雨で父・姉を失った副市長
気象庁や市町村が出した警報や避難指示などの切迫度が伝わらず、避難が遅れた住民の多くが亡くなった。
この教訓から１９年５月に導入されたのが、危険度を５段階で示す「警戒レベル」だ。危険度の高い方から５～１に分類し、レベル３は高齢者らが避難、４は全員避難など、住民が取るべき避難行動をわかりやすくした。気象庁が発表する「防災気象情報」とも対応させ、大雨特別警報はレベル５に相当するなどと定めた。今年５月からは、「レベル５大雨特別警報」などと防災気象情報の名称にレベルも表記することにした。
気象庁によると、大雨や高潮などの特別警報は１３年８月の運用開始以来、計３５回発表されており、時期は梅雨前線や台風の影響を受けやすい７～１０月に集中している。
◆西日本豪雨＝２０１８年７月６～８日、停滞した梅雨前線の影響で記録的な大雨となり、西日本各地で土砂災害や洪水が発生、災害関連死を含めて３００人超が死亡した。広島県で１５３人、岡山県で９５人、愛媛県で３３人が亡くなり、広島、岡山両県で計８人が行方不明となっている。",[],[]
ミャクミャク、「大阪のど真ん中」道頓堀に移設…あのカニと一緒に「いらっしゃい」（読売新聞オンライン）,https://news.yahoo.co.jp/articles/fabb3d039cf74e3966f779894f65f794cbb93ef3,https://newsatcl-pctr.c.yimg.jp/t/amd-img/20260706-00000192-yom-000-4-view.jpg?exp=10800,2026-07-06T11:45:59+09:00,2026-07-06T11:50:32+09:00,読売新聞オンライン,yom,読売新聞オンライン,353,"「かに道楽道頓堀本店」前に移設された、ミャクミャクのモニュメント（６日午前、大阪市中央区で）＝三木皓太撮影
大阪・関西万博の公式キャラクター「ミャクミャク」のモニュメントが、大阪・ミナミの「かに道楽道頓堀本店」前に移設され、６日、除幕式が行われた。
設置されたのは、人工島・夢洲（ゆめしま）（大阪市此花区）の会場にあった２体のうち、膝をついてお辞儀をしている「いらっしゃい」（高さ３・８５メートル）。道頓堀のシンボルである巨大な動くカニとの「共演」が楽しめる。
除幕式では、大阪府の吉村洋文知事が「ミャクミャクと道頓堀が一緒になって、多くの方をもてなしてほしい」とあいさつ。ミャクミャクのコスプレ姿で駆けつけた奈良県葛城市の自営業男性（４３）は「大阪のど真ん中でミャクミャクに会えるのはうれしい」と話した。",[],[]
全国高校野球選手権佐賀大会の開会式が雨で中止、７日の開幕試合は予定通り実施…選手宣誓は第１試合前に（読売新聞オンライン）,https://news.yahoo.co.jp/articles/97ad4680018d8c179d2deb340b178ae5a0dd4b7d,https://newsatcl-pctr.c.yimg.jp/t/amd-img/20260706-00000032-yomseibu-000-3-view.jpg?exp=10800,2026-07-06T11:43:09+09:00,2026-07-06T12:08:43+09:00,読売新聞オンライン,yom,読売新聞オンライン,278,"予定されていた開会式が中止になったさがみどりの森球場
佐賀県高校野球連盟は５日、県内が見舞われた雨の影響で、第１０８回全国高校野球選手権佐賀大会の開会式を中止した。７日の開幕試合は予定通り実施する。
【トーナメント表】全国高校野球選手権佐賀大会
開会式は佐賀市のさがみどりの森球場で５日午後４時から行われることになっていた。しかし、大雨災害発生の危険が急激に高まる可能性があると判断。選手や観客の安全を優先し、中止を決めた。
開会式で行われることになっていた太良高主将による選手宣誓は７日の第１試合前に行う。佐賀北の優勝旗返還は８日の第１試合前に行われる。",[],[]
２０２６年上半期に最も売れた新車はホンダの軽自動車「Ｎ―ＢＯＸ」、５年連続で上半期首位（読売新聞オンライン）,https://news.yahoo.co.jp/articles/583c0f142b73543ef0030c6437381acd8ef8c597,https://newsatcl-pctr.c.yimg.jp/t/amd-img/20260706-00000187-yom-000-2-view.jpg?exp=10800,2026-07-06T11:29:28+09:00,2026-07-06T11:30:10+09:00,読売新聞オンライン,yom,読売新聞オンライン,209,"２位はスズキ「スペーシア」、３位はトヨタ「ヤリス」
ホンダの「Ｎ―ＢＯＸ」＝同社提供
２０２６年上半期（１～６月）の車名別新車販売台数が６日発表され、最も売れた新車はホンダの軽自動車「Ｎ―ＢＯＸ」だった。５年連続で上半期首位を守り、前年同期比１％減の１０万２４１９台だった。
２位はスズキの軽「スペーシア」で、同１・３％減の８万３２２９台、３位はトヨタ自動車の小型車「ヤリス」で、同１６・９％減の７万２２３６台だった。",[],[]
全国高校野球選手権福岡大会の開幕戦などを雨天で再延期…６日に北部で７試合・南部で６試合を予定（読売新聞オンライン）,https://news.yahoo.co.jp/articles/d0f24d377ac20189a02000bee1644b2a33487543,https://newsatcl-pctr.c.yimg.jp/t/amd-img/20260706-00000028-yomseibu-000-8-view.jpg?exp=10800,2026-07-06T11:27:09+09:00,2026-07-06T15:03:45+09:00,読売新聞オンライン,yom,読売新聞オンライン,159,"（写真：読売新聞）
福岡県高校野球連盟は、５日に予定していた第１０８回全国高校野球選手権福岡大会の開幕戦などを、雨天のため６日に再延期した。４日に続いての順延。当初予定していた試合日程を調整し、６日は北部の３会場で計７試合、南部の３会場で計６試合を予定している。
【トーナメント表】全国高校野球選手権福岡大会組み合わせ",[],[]
統一地方選挙で立憲民主党・中道改革連合・公明党「３党勢力の議席の最大化」を…立民宮崎県連が活動方針（読売新聞オンライン）,https://news.yahoo.co.jp/articles/7f499ba21cc053810fe732ff35779c35aa03f8e5,https://newsatcl-pctr.c.yimg.jp/t/amd-img/20260706-00000046-yomseibu-000-3-view.jpg?exp=10800,2026-07-06T11:26:01+09:00,2026-07-06T11:50:05+09:00,読売新聞オンライン,yom,読売新聞オンライン,445,"５日に宮崎市で開かれた立憲民主党宮崎県連（代表・山内佳菜子参院議員）の定期大会では、中道改革連合、公明党との「３党勢力の結集」を現状を打開するための現実的かつ段階的な取り組みとして位置づけることや、来春の統一地方選での「３党勢力の議席の最大化」などを盛り込んだ今年の活動方針を採択した。
【表】立憲民主党の2026年度の活動方針のポイント
（写真：読売新聞）
大会には立民の水岡代表や中道改革の渡辺創衆院議員（宮崎１区）、公明の重松幸次郎・県本部代表らが出席。立民県連の山内代表はあいさつで、８月の三股町議選と統一地方選に触れ、「今いる仲間を守り、増やすことで国民のための政治を宮崎から実現したい」と語った。
活動方針では、３党連携のあり方について「検討と対話を重ね、実効性ある協力関係の構築に努める」との文言も盛り込まれた。
出席者が意見を述べる時間もあり、「（中道改革の）結成は支持拡大につながっていない。もう一度やり直すぐらいのつもりで３党の結集を図ってほしい」といった声が上がった。",[],[]
レッドカードで次戦出場停止の米ＦＷバログン、異例の「執行猶予」に…トランプ氏「ＦＩＦＡに感謝」（読売新聞オンライン）,https://news.yahoo.co.jp/articles/ca93511e73567eb6a7ca70aec64383fd50860ba0,https://newsatcl-pctr.c.yimg.jp/t/amd-img/20260706-00000173-yom-000-5-view.jpg?exp=10800,2026-07-06T11:25:58+09:00,2026-07-06T21:38:41+09:00,読売新聞オンライン,yom,読売新聞オンライン,765,"対戦相手のベルギー側「決定に驚がく」
１日のボスニア・ヘルツェゴビナ戦でレッドカードを受けた直後の米国のバログン（中央）＝ロイター
【ワシントン＝栗山紘尚】国際サッカー連盟（ＦＩＦＡ）は５日、サッカーのワールドカップ（Ｗ杯）北中米３か国大会で、米国代表ＦＷフォラリン・バログンに対する１試合の出場停止処分の執行を１年間猶予すると発表した。６日に行われるベルギーとの決勝トーナメント２回戦への出場が可能となる。異例の措置と言え、波紋を広げそうだ。
【写真】相手選手の足首を踏みつけるバログン
米政府当局者は５日、本紙の取材に、トランプ米大統領がＦＩＦＡのジャンニ・インファンティノ会長に出場停止処分の理由の説明を求めていたことを明らかにした。事実上の処分見直し要請とみられる。インファンティノ会長は昨年１２月、新設した「ＦＩＦＡ平和賞」をトランプ氏に授与しており、両氏の「蜜月関係」が今回の決定に影響した可能性もある。トランプ氏は５日、「正しい判断を下し、大きな不正を是正したＦＩＦＡに感謝する」とＳＮＳに投稿した。
これまで米チーム最多の３得点を決めているバログンは、１日に行われた決勝トーナメント１回戦で、スパイクの裏でボスニア・ヘルツェゴビナの選手の足首を踏みつけた。ビデオ・アシスタント・レフェリー（ＶＡＲ）による確認の結果、レッドカードを受け、退場処分となった。規則により、１試合の出場停止処分となっていた。
ＦＩＦＡは「（バログンが）１年間の猶予期間中に、同様の重大な違反を再度犯した場合、出場停止処分の執行停止は取り消される」と説明している。
米国との対戦を６日に控えるベルギーのサッカー協会は５日、「ＦＩＦＡの決定に驚がくしている。フェアプレーの基本原則を守るため、あらゆる選択肢を検討している」との声明を発表した。",[],[]
セクハラ問題での辞職に伴う田川市長選挙、４候補の論戦スタート…市政の信頼回復やまちづくりなどを争点に（読売新聞オンライン）,https://news.yahoo.co.jp/articles/5b65f754e9e4d37ff6661cc09eae1585baeb6b86,https://newsatcl-pctr.c.yimg.jp/t/amd-img/20260706-00000100-yomseibu-000-3-view.jpg?exp=10800,2026-07-06T11:25:25+09:00,2026-07-06T11:47:04+09:00,読売新聞オンライン,yom,読売新聞オンライン,1459,"セクハラ問題で前市長が辞職したことに伴い、５日に告示された福岡県田川市の出直し市長選。前市長ら４人が無所属で立候補し、各候補者がさっそく街頭に出て、市政の信頼回復や今後のまちづくりなどを争点にした論戦がスタートした。投開票は１２日。
【表】田川市長選の立候補者の略歴
立候補したのは、新人で元学習塾経営の浦野仁氏（３１）、同じく新人で前県議の佐々木允氏（４５）、前市長の村上卓哉氏（５５）、元市長の二場公人氏（６９）の４人。
浦野候補「田川市の新時代を一緒に」
浦野候補は川宮の駐車場跡で出陣式を行い、駆けつけた支持者らに「田川市の新時代を一緒につくりましょう」と呼びかけた。
周辺の市と比べて田川市が「停滞している」との認識を示し、「色々な原因があるが、一番大きいのは政治。市の中で分断し争っている。市民一丸となって前向きの議論を進めていく先に明るい田川市が待っている」と語った。
３１歳という年齢に若すぎるという懸念の声もあるとしながら、「若いから、政治家としての経験がないからこそ、しがらみなく市民最優先の政治ができる。前例のないことにも果敢に挑戦できる」と声を張り上げた。演説後は支持者ら一人一人と握手を交わし、選挙カーに乗り込んだ。
佐々木候補「対立から解決に変える」
佐々木候補は伊田の事務所そばで出発式に臨み、「地域には様々な対立の構図がある。対立から解決に変える」と声を上げた。
生活苦や障害者の“親亡き後”問題、不登校など、市民が抱える課題の解決に向け、「ふるさと納税（の寄付額）を１００億円にする。市長になれば１か月以内に（担当）チームを作る」と語り、財源確保に全力を挙げる姿勢を示した。
前市長のセクハラ問題については、「人権感覚のある市に生まれ変わらなければならない」と述べ、ハラスメントへの意識を高める必要があると訴えた。
市議や県議を務めた経験を強調し、「政策力と実行力がある。市民と一緒に課題を解決し、市を豊かにしたい」と力を込めた。
村上候補「初心に戻る」
村上候補は弓削田の事務所で第一声。集まった支持者らを前に「絶対に負けられない選挙。田川を一歩前に、黒から白に変えるため、ともに戦ってください」などと支持を求めた。
自身のセクハラ問題に伴う今回の選挙で、市政改革を訴えて初当選した３年前の市長選の頃の「初心に戻る」をスローガンに掲げた村上候補。「改革の歩みを止めるのか、一歩一歩進めていくのかが問われている。心を一つにして戦ってください」と呼びかけた。
村上候補の妻も登壇し、「主人の不祥事でこのようなことになり、申し訳ありません」と陳謝。「田川を思う気持ちは誰にも負けません。田川を変えるのは、主人しかいない。力を貸してください」と訴えた。
二場候補「もう一度引っ張っていく」
二場候補は奈良公民館近くで出陣式に臨んだ。淡い緑色のシャツ姿で登壇。「この止まってしまった田川市を立て直していかなくてはならない」と返り咲きを誓った。
第一声では、まちづくりを優先課題に掲げた。前回選で当選していたら、取り組むはずだった市内の再開発が「全く動かない状態にある」と指摘。「もう一度早急に取りかかる。皆さんの先頭に立つ。引っ張っていく」と意気込んだ。
（写真：読売新聞）
最後には「行政経験、市長としての経験」を強調。「Ｖ字回復させ、必ず誇れるまちにする。私とともに、もう一度元気なまちにつくり替えましょう」と呼びかけ、「田川、再起動！」と書かれた選挙カーに乗り込み、遊説先へと出発した。",[],[]
西日本豪雨で父・姉の葬儀からまもなく被災者の相談係に志願した市職員、８年たって副市長に…「死を無駄にはしない」（読売新聞オンライン）,https://news.yahoo.co.jp/articles/54e5bc3ad01bf505b864b56e0949fe830dec08f2,https://newsatcl-pctr.c.yimg.jp/t/amd-img/20260706-00000022-yomosaka-000-13-view.jpg?exp=10800,2026-07-06T11:25:04+09:00,2026-07-06T17:08:05+09:00,読売新聞オンライン,yom,読売新聞オンライン,1265,"２０１８年に３００人超が亡くなった西日本豪雨の発生から、６日で８年となる。いとしい家族を失った悲しみを胸に、新たな一歩を踏み出した人たちがいる。（広島総局　綾木佑我）
【写真】相談係に志願した当時の内山修さん
実家跡に建てた父と姉の慰霊碑に向かう内山修さん。「自分のような人はもう出さない」と話す（６月、広島県竹原市で）＝渡辺恭晃撮影
広島県竹原市で、父・順治さん（当時７７歳）と姉・久美子さん（当時５４歳）を亡くした内山修さん（５７）は今年、市職員から副市長になった。「自分と同じように悲しむ人をもう出したくない」。そんな思いで安心して暮らせるまちづくりに取り組む。
週１回の朝礼。「市民の健康や安心・安全のために、行政は泥臭いこともやらなければならない」。２月に副市長となってから幹部職員に訴え続けている。現場重視を掲げて２５年１２月に初当選した現市長に、福祉や建設部門の現場で長く働いてきた経験を買われた。
竹原市では豪雨で、自身の父と姉を含む６人が亡くなり、３３０戸超が全半壊した。防災への思いは特に強く、職員たちには「たとえ被害が出る可能性が低くても早めの準備が重要」と災害時の心構えを説く。
１８年７月６日夜。社会福祉課の課長補佐だった市役所での勤務を終え、激しい雨が降る中、消防団の一員として土砂崩れの現場で活動していた時だ。携帯電話で上司から、「実家が大変なことになっている」と告げられた。
慌てて向かうと、市内にある実家は裏山の土砂に押しつぶされていた。台所にいた母・美和子さん（８６）は救助されたが、１階寝室にいた父と姉は見つからない。裏山がさらに崩れる可能性があったため、救出作業にかかれず、無力感に襲われた。２人は翌日、遺体で発見された。
葬儀を終え、職場に戻ると、被災者の相談が殺到していた。「避難所を出たい」「義援金をもらえないか」。だが、対応部署が定まっていない相談も多い。
そこで「被災者と一緒に考えたい」と志願し、「相談係」になった。市役所１階に机を置き、「何でも聞いて」と呼びかけた。時には１日数十件の相談に応じ、半年以上続けた。「自分で声を上げにくい人も含めて支えるのが行政」。今もそう思っている。
その後も福祉部門で被災者支援などに携わった。副市長となり、洪水や南海トラフ地震に備えた河川改修、避難用市道の整備など、市には課題が山積すると改めて感じる。何よりも、「災害は想定を超えて発生する。市民みんなが、自分にも起きると思って危機感を持ち続け、備えられるようにしたい」と強調する。
更地にした実家跡には父と姉の慰霊碑を建て、父が育てていたマツなどを植えて小さな庭を作った。「犠牲になった方の死を無駄にはしない」と２人に誓う。
◆西日本豪雨＝２０１８年７月６～８日、停滞した梅雨前線の影響で記録的な大雨となり、西日本各地で土砂災害や洪水が発生、災害関連死を含めて３００人超が死亡した。広島県で１５３人、岡山県で９５人、愛媛県で３３人が亡くなり、広島、岡山両県で計８人が行方不明となっている。",[],[]
小野寺吟雲がＸゲームズで連続Ｖ、西矢椛や長谷川瑞穂ら日本勢が躍進…ロス五輪に向け成長　（読売新聞オンライン）,https://news.yahoo.co.jp/articles/e9c05772a3cefe12d64e4b8fae5c210c2e907f7e,https://newsatcl-pctr.c.yimg.jp/t/amd-img/20260705-00000271-yom-000-2-view.jpg?exp=10800,2026-07-06T11:19:37+09:00,2026-07-06T11:20:13+09:00,読売新聞オンライン,yom,読売新聞オンライン,743,"「Ｘゲームズ」千葉大会（読売新聞社後援）は５日、千葉市の幕張メッセで最終日を迎え、スケートボード男子ストリートで２０２４年パリ五輪代表の小野寺吟雲（ぎんう）が優勝した。女子パークは五輪２大会連続銅メダリストのスカイ・ブラウン（英）が制し、長谷川瑞穂が２位。女子ストリートで一発の技を競うベストトリックでは２１年東京五輪金メダリストの西矢椛（もみじ）（サンリオ）が勝った。
大技難なく「攻めて楽しむ」…男子ストリート
スケートボード男子ストリートで優勝した小野寺吟雲＝青木瞭撮影
貫禄すら漂う１６歳の快勝だった。男子ストリートで小野寺はラン１本目から、一発技の大会で使う水準のトリックを組み込んだ。「どの大会も攻めて、攻めて楽しむ」。レールへの乗り降り両方で板を回転させる高難度の技を難なく決めた。
パリ五輪は熱中症のような症状に見舞われて１４位に終わったが、以降の歩みは順調だ。身長も２年前から１４センチ伸びて１メートル６８に。「前はレールの最後まで見えず、死ぬ気で突っ込んでいっていたけど、だいぶ余裕ができた」。精密機械のような滑りは洗練され、幅も広がった。
Ｘゲームズは６月の米サクラメント大会に続く連勝。「先のことはあるけど、目の前の試合を勝つしかない」。２０２８年ロサンゼルス五輪へ向けて、成長が止まる気配はない。（井上敬雄）
長谷川「銀」…女子パーク
女子パークでは１５歳の長谷川が銀メダルを獲得。持ち前の高いエアや板を空中で縦１回転させて手でつかむ「フリップインディ」などで高得点をたたき出した。今大会はハーフパイプ状のコースを滑る非五輪種目のバートで金、バート・ベストトリックで銀と、合わせて３個のメダルを獲得。「（大会を）駆け抜けてきた感じ。達成感がある」と胸を張った。",[],[]
襲撃後初の山開き、登山道「ヒグマがアリを食べに来ます」の表示や登山者同士で「目撃しましたか」と（読売新聞オンライン）,https://news.yahoo.co.jp/articles/6eb0c8a6f3d2c9ddf29cb3326cf1c4990262dd66,https://newsatcl-pctr.c.yimg.jp/t/amd-img/20260706-00000113-yom-000-10-view.jpg?exp=10800,2026-07-06T11:17:04+09:00,2026-07-06T18:02:21+09:00,読売新聞オンライン,yom,読売新聞オンライン,738,"登山道に設置された注意喚起の表示（５日、北海道斜里町で）＝横山就平撮影
北海道・知床半島の羅臼岳（１６６０メートル）で５日、登山道が１１か月ぶりに開放された。昨年８月に男性がクマに襲われて死亡した事故後、初の山開きで、登山道には注意喚起の表示が設けられ、登山者はクマ撃退スプレーを携行するなどして頂上を目指した。（臼井塁）
【図】必見！…クマ被害はどこで？　都道府県別の報告数や人身被害数の推移
◆警戒度表示
「レベル１　通常」。斜里町側の岩尾別登山口にはヒグマ出没に合わせた警戒レベルを告げる看板が設置された。記者は午前６時半頃に入山。登山道では、登山者らが付けたクマよけの鈴が絶え間なく鳴り響く。
入山から１時間あまりで、男性が襲われた「５６０メートル岩峰」に着いた。地面ではアリが大量発生しており、付近の樹木には「“ヒグマ”がアリを食べに来ます」と注意を促す表示があった。登山者らはヒグマに存在を知らせるため、盛んに声を出したり笛を鳴らしたりしていた。また下山者らとすれ違うたび、「クマを目撃しましたか」と話しかけ、強い警戒心を持っている様子が感じ取れた。
◆目撃情報も
1
/
2
頂上を目指し、雪渓を歩く登山者ら（５日、北海道斜里町で）＝横山就平撮影
ヒグマとの遭遇に備え、クマ撃退スプレーを携行する（５日、北海道斜里町で）＝横山就平撮影
開けた羅臼平までもう少し。手前には雪渓があり、登山者らは足元に気をつけながら登る。その一人は「羅臼平で遠目からヒグマを目撃した」と後で語った。
山中で出会った美幌町の会社員男性（５５）は「山に登るための準備を徹底するため、ＳＮＳなどで情報収集し、また自分も情報発信していきたい」と話していた。やはり備えが大事なのだと実感した。",[],[]
自主夜間中学、県内２校目開校式…元教員ら有志３１人で運営「様々な希望に応じた学習の場を提供したい」（読売新聞オンライン）,https://news.yahoo.co.jp/articles/00e0814218835fb9d84487322751bacabcc8a854,https://newsatcl-pctr.c.yimg.jp/t/amd-img/20260705-00000072-yomosaka-000-27-view.jpg?exp=10800,2026-07-06T11:06:59+09:00,2026-07-06T17:37:46+09:00,読売新聞オンライン,yom,読売新聞オンライン,676,"開校式であいさつをする新田代表（奥左）（島根県出雲市で）
島根県出雲市上塩冶町の市隣保館で４日、「いずも自主夜間中学」の開校式が開かれた。大田市の「おおだ夜間中学」に続いて県内２か所目の自主夜間中学で、不登校などで十分に学ぶ機会がなかった人や日本語を学びたい人たちを支援する。
【写真】いずも自主夜間中学の会場となる出雲市隣保館（島根県出雲市で）
元教員や会社員ら有志３１人でつくる「いずも夜間中学をつくる会」（新田正吉代表）が運営。対象は出雲市内に居住、勤務する小学校卒業以降の人が対象で、国籍は問わない。個別指導で希望する教科を学ぶ。資格取得や進学相談にも応じ、今のところ３０歳未満などの６人が学習を希望しているという。
（写真：読売新聞）
開校式では、スタッフら約４０人を前に元中学校理科教諭の新田代表（６７）が「本日、開校を宣言します」と表明。「様々な人の希望に応じた学習の場を提供したい。『学ぶことは生き抜くこと』という言葉の重みと深さを心にとどめ、運営したい」とあいさつした。その後、学習に関する説明やスタッフ紹介などが行われた。
式の後、読売新聞の取材に対し、スタッフたちも意欲を語った。元高校英語教諭の山田勝吉さん（８２）は「若い人の話を聞きながら、将来を応援したい」と話した。元養護教諭で不登校の子どもと接してきた古川比呂美さん（６７）は「居心地のいい場所になれば」と述べた。
授業は原則、毎月第１～３土曜の午後６時～７時４０分で、１回目は１１日に予定する。問い合わせは、いずも夜間中学をつくる会事務局（０７０・３６０１・１３０１）。",[],[]
ノルウェー、ブラジルに５戦負けなし…１９９８年Ｗ杯フランス大会でも逆転勝ち（読売新聞オンライン）,https://news.yahoo.co.jp/articles/89c5a941dca79acffb0331e5aa01059dc7f01419,https://newsatcl-pctr.c.yimg.jp/t/amd-img/20260706-00000167-yom-000-3-view.jpg?exp=10800,2026-07-06T11:06:42+09:00,2026-07-06T11:17:33+09:00,読売新聞オンライン,yom,読売新聞オンライン,542,"ブラジルを破って喜びを爆発させるハーランド（左端）らノルウェーの選手たち（５日）＝松本拓也撮影
サッカー・ワールドカップ（Ｗ杯）北中米３か国大会の決勝トーナメント２回戦、ブラジル－ノルウェーが５日（日本時間６日）、ニューヨーク・ニュージャージースタジアムで行われ、ノルウェーが２－１でブラジルを破って初のベスト８に進出した。ノルウェーは８強入りを決めたこの日の試合で、ブラジルとの対戦成績を通算３勝２分けとした。（デジタル編集部）
【表】一目でわかる…日程と組み合わせはこちら
ノルウェーがブラジルと対戦するのは、１－１の引き分けとなった２００６年８月の国際親善試合以来、約２０年ぶり。過去４度の対戦ではノルウェーが２勝２分けとブラジルを上回っていた。
両チームはＷ杯でも過去に１度対戦。１９９８年フランス大会の１次リーグＡ組では、ブラジルが後半３３分にベベトのゴールで先制したものの、ノルウェーはその５分後の後半３８分にＴ・フローが同点ゴール。さらに後半４４分にはレークダルがＰＫを決め、逆転勝ちした。
９８年フランス大会のこの試合では、ブラジルがノルウェー戦を前に、すでにＡ組の１位通過を決めていた一方、ノルウェーは決勝トーナメント進出をかけてブラジルとのＡ組最終戦に臨んでいた。",[],[]
鹿児島県・馬毛島の自衛隊基地建設現場で事故、倒れてきた外壁材に作業員の左脚が挟まれる…命に別条なし（読売新聞オンライン）,https://news.yahoo.co.jp/articles/8506abeda02194a1f98914786f539887941c7d87,https://newsatcl-pctr.c.yimg.jp/t/amd-img/20260706-00000068-yomseibu-000-4-view.jpg?exp=10800,2026-07-06T11:00:40+09:00,2026-07-06T11:53:42+09:00,読売新聞オンライン,yom,読売新聞オンライン,280,"馬毛島（２０２３年１月、鹿児島県西之表市で）
鹿児島県は５日、同県西之表市馬毛島の自衛隊基地建設現場で、作業員が外壁材に挟まれる事故があったと発表した。県は九州防衛局側に対し、安全確保を求めた。
【地図】馬毛島
県によると、４日午後１時半頃、建設現場で男性作業員（６０歳代）の左脚が倒れてきた外壁材に挟まれた。作業員はドクターヘリで鹿児島市内の病院に搬送され、命に別条はなかったものの、「左足膝下不全断裂」と診断されたという。
４日に九州防衛局から情報提供があり、県は九州防衛局熊本防衛支局に対して工事での安全確保に万全を期すことなどを口頭で申し入れたという。",[],[]
免許更新の手続きを失念したまま、公用車や自家用車を無免許で２週間運転…町職員を減給処分（読売新聞オンライン）,https://news.yahoo.co.jp/articles/068ff39a81ffeb789d7e22fc30f7be7d5540ad50,https://newsatcl-pctr.c.yimg.jp/t/amd-img/20260706-00000039-yomseibu-000-4-view.jpg?exp=10800,2026-07-06T11:00:27+09:00,2026-07-06T12:11:44+09:00,読売新聞オンライン,yom,読売新聞オンライン,217,"熊本県美里町は３日、公用車などを２週間無免許運転したとして、福祉課介護・高齢者支援係の男性主事（３５）を減給１０分の１（１か月）の懲戒処分にした。
【写真】道路の「◇」マーク、意味を知っている人は半数程度？…電光掲示板やポスターで周知図る
（写真：読売新聞）
発表では、主事は免許更新の手続きを失念し、６月８～２１日、公用車を計３回、自家用車を計２２回無免許で運転した。同２２日に主事が報告し、翌日に免許の再取得手続きを行ったという。",[],[]
読売３３３、５連騰で史上最高値更新…６月２９日週の読売３３３分析（読売新聞オンライン）,https://news.yahoo.co.jp/articles/5f9565cb144c1980313b501a1277234854988203,https://newsatcl-pctr.c.yimg.jp/t/amd-img/20260706-00000120-yom-000-2-view.jpg?exp=10800,2026-07-06T11:00:27+09:00,2026-07-06T11:01:27+09:00,読売新聞オンライン,yom,読売新聞オンライン,1902,"読売新聞社が公表する日本株の株価指数「読売３３３」。投資情報サイト「トレーダーズ・ウェブ」などを運営する「ＤＺＨフィナンシャルリサーチ」の日本株アナリストである小松弘和氏が、毎週月曜に、前週を振り返りながら、読売３３３の値動きを解説します。構成銘柄の動向も詳しく紹介し、日本株市場の「今」が分かります。
先週の読売３３３
２０２６年６月２９日週の週間騰落率
読売３３３は週間で３・３％高。日経平均は０・６％高、ＴＯＰＩＸは２・６％高となった。
概ね堅調に推移したが、ここまで日本株の上昇を牽引していたＡＩ関連銘柄の値動きが不安定となったことから、日経平均は日々の振れ幅が大きくなる日が多かった。７月２日にはＡＩ関連が軒並み大幅安となった。ただ、ＡＩ関連も売られっぱなしではなく、押し目では買いも入ったことから、週間では３指数がそろって上昇した。
２０２６年６月２９日週の日本株３指数の比較
読売３３３は３％を超える上昇となり、史上最高値を更新した。負けなしの５連騰で、同様に５連騰となったＴＯＰＩＸと比べてもパフォーマンスが良かった。ＡＩ関連ばかりが強い相場が長く続いていたが、先週はそれを修正するような動きが見られ、中小型株を含めて広範囲に買いが入った。偏りが解消されて全体の底上げが進んだことから、「等ウェート型」の読売３３３が上昇しやすい地合いとなった。日経平均はＡＩ関連が総崩れとなった７月２日に２％台の下落となったことが響き、３指数の中で見劣りする動きとなった。
個別株の動向は？
ＡＩ関連は総じて値動きが荒くなったものの、強く買われた銘柄も多かった。証券会社の投資判断引き上げなどが支援材料となった太陽誘電（６９７６）が、週間で２割を超える上昇。ＫＯＫＵＳＡＩ　ＥＬＥＣＴＲＩＣ（６５２５）、ＳＣＲＥＥＮホールディングス（７７３５）、ソシオネクスト（６５２６）など、半導体株の一角が大きく上昇した。
２０２６年６月２９日週の読売３３３と日経平均の個別株の上昇・下落率
一方、電線大手のフジクラ（５８０３）、古河電気工業（５８０１）、住友電気工業（５８０２）がそろって急落。キオクシアホールディングス（２８５Ａ）やアドバンテスト（６８５７）など、ＡＩ関連の主力銘柄が大きく下落した。
構成銘柄紹介
野村総合研究所（４３０７）
コンサルティングや金融ＩＴソリューション事業などを展開する。コンサルティング関連の株価は、ＡＩが需要を奪うことへの警戒から、２０２６年前半の日本株市場では敬遠されていた。しかし、先週はＡＩの主力銘柄が売られた一方で、同社のようにＡＩの驚異を理由に売られていた銘柄の多くに見直し買いが入った。時価総額は約２兆７６００億円。
西武ホールディングス（９０２４）
「西武鉄道」「西武・プリンスホテルズワールドワイド」「西武不動産」などを抱える持ち株会社。アクティビスト（物言う株主）として知られる３Ｄインベストメント・パートナーズが、継続的に同社の株式を買い増している。株価は６月に安値圏を脱しており、先週は物色の裾野が広がる中で戻り基調を強めた。時価総額は約１兆４００億円。
読売３３３とは
「読売３３３」は、読売新聞社が公表する新たな株価指数。最大の特徴は、３３３銘柄をすべて同じ比率（約０・３％）で組み入れる「等ウェート型」という算出方法で、野村フィデューシャリー・リサーチ＆コンサルティングが算出実務を担っている。国内のすべての上場株式の中から、売買代金と浮動株時価総額によって銘柄選定が行われている。年４回ウェート調整を行い、毎年１回、１１月の最終金曜日に銘柄入れ替えを実施する。
執筆者紹介
（写真：読売新聞）
小松　弘和（こまつ・ひろかず）
投資情報サイト「トレーダーズ・ウェブ」などを運営する「株式会社ＤＺＨフィナンシャルリサーチ」の日本株情報部アナリスト。証券会社、生命保険会社勤務のほか、マネーサイトでの株式分析経験などがあり、金融全般に精通している。
※本資料は、株式会社ＤＺＨフィナンシャルリサーチ（以下、当社）が信頼できると判断した各種データ、公開情報に基づいて作成しておりますが、当社はその正確性、完全性を保証するものではありません。ここに示したすべての内容は、当社で入手しえた資料に基づく現時点での判断を示しているに過ぎません。本資料の利用に際しては、ご自身でリスク等についてご判断くださいますようお願い申し上げます。本資料で記載・掲載している数値および材料などは、会社発表資料のほか各証券取引所、弊社提携先などのデータに基づき作成したものです。",[],[]
セクハラ問題での辞職に伴う田川市長選挙、有権者「セクハラ問題は恥ずかしい」「地域経済活性化の論戦に注目」（読売新聞オンライン）,https://news.yahoo.co.jp/articles/6d0a91548156f6c20ef3bca71c22595991ab0f32,https://newsatcl-pctr.c.yimg.jp/t/amd-img/20260706-00000087-yomseibu-000-5-view.jpg?exp=10800,2026-07-06T10:59:47+09:00,2026-07-06T11:37:57+09:00,読売新聞オンライン,yom,読売新聞オンライン,609,"（写真：読売新聞）
セクハラ問題で前市長が辞職したことに伴い、５日に告示された福岡県田川市の出直し市長選。前市長ら４人が無所属で立候補し、各候補者がさっそく街頭に出て、市政の信頼回復や今後のまちづくりなどを争点にした論戦がスタートした。投開票は１２日。
【地図】田川市の位置
立候補したのは、新人で元学習塾経営の浦野仁氏（３１）、同じく新人で前県議の佐々木允氏（４５）、前市長の村上卓哉氏（５５）、元市長の二場公人氏（６９）の４人。立候補を表明していた元観光団体事務局長の今永信之氏（６８）は届け出なかった。
有権者の会社役員男性（５５）は「セクハラ問題は恥ずかしいことだが、（旧産炭地の）市は炭鉱閉山後、周辺から取り残されてきた傾向にある。地域経済の活性化についての論戦に注目したい」と語った。
市選挙管理委員会によると、市長選では、村上氏が当選した場合、任期は辞職前と同じ来年４月２９日まで。他の候補者が当選した場合は、投開票日から４年間となる。
市選管によると、期日前投票は６～１１日に市役所、投票は１２日午前７時～午後８時に市内１５か所で行われ、田川西中学校で同日午後９時１５分から開票される。
田川市長選の立候補者の略歴（右から届け出順）。年齢は投票日現在。新旧。丸数字は当選回数。肩書は本社調べによる。（元）は過去の役職。前職を含む▽最終学歴▽出身地▽現住所
選挙人名簿登録者数は４日現在、３万６４８２人。",[],[]
佐賀県で大雨、唐津市は１１万３１１７人に避難指示を一時発令…裏山の岩が崩れる建物被害も発生（読売新聞オンライン）,https://news.yahoo.co.jp/articles/c1dee081be62cb8b1a68edefbe02978c02e5d0db,https://newsatcl-pctr.c.yimg.jp/t/amd-img/20260706-00000034-yomseibu-000-3-view.jpg?exp=10800,2026-07-06T10:47:24+09:00,2026-07-06T10:52:59+09:00,読売新聞オンライン,yom,読売新聞オンライン,315,"（写真：読売新聞）
佐賀県内は５日、梅雨前線が停滞し、南から暖かく湿った空気が流れ込んだ影響で大気が不安定になり、朝を中心に雨が強まった。佐賀市北山では午前７時５０分までの３時間で７２・５ミリを観測。佐賀地方気象台は、低い土地の浸水や河川の氾濫に注意を呼びかけている。
【動画】九州豪雨5年、今も思い出すと恐怖…球磨川の氾濫で熊本県球磨村の自宅は浸水
県によると、５日午後６時現在、雨による人的被害の報告はなかった。唐津市で一時、大雨による土砂災害の危険性が高まったとして、避難指示（警戒レベル４）が市全域の５万１４３２世帯、１１万３１１７人に発令されるなどした。同市肥前町納所丁の空き家では、裏山の岩が崩れる建物被害が発生した。",[],[]
机をたたき「評判おとしめた大罪人」「検察なめんなよ」…検事の＜言葉＞＜態度＞は罪に当たるかどうか、プレサンス事件の付審判の初公判は１０日　（読売新聞オンライン）,https://news.yahoo.co.jp/articles/8a5e68e71d7acc88e883f6e925c9f9944a2c7ea0,https://newsatcl-pctr.c.yimg.jp/t/amd-img/20260706-00000010-yomosaka-000-4-view.jpg?exp=10800,2026-07-06T10:47:20+09:00,2026-07-06T12:47:27+09:00,読売新聞オンライン,yom,読売新聞オンライン,1429,"田渕検事（右）の取り調べ映像＝山岸忍氏の弁護団提供
大阪地検特捜部が捜査した業務上横領事件で、違法な取り調べをしたとして、特別公務員暴行陵虐罪で付審判の決定を受けた田渕大輔検事（５４）の初公判が１０日、大阪地裁で開かれる。公判関係者によると、田渕検事は無罪を主張する方針で、強い口調で容疑者を追及した言動が罪にあたるかどうかが争点となる。検事が付審判で裁かれるのは初めて。
▶取り調べで「検察なめんなよ」「大罪人」と発言したとされる検事、無罪主張へ
起訴状にあたる付審判決定では、田渕検事は２０１９年１２月、大阪市の不動産開発会社「プレサンスコーポレーション」（現・プレサンス）の元部長（６１）（有罪確定）の取り調べを担当。机をたたき、「検察なめんなよ」「プレサンスの評判をおとしめた大罪人」「子供だって知っている。うそついたらお仕置きを受ける。あんた、そんなこともわかっていないでしょ」などと発言したとしている。
付審判は、業務上横領事件で無罪が確定した元社長の山岸忍氏（６３）が請求。大阪高裁は２４年８月の決定で、「検察側の筋書きに沿った供述を強制している。一方的な言動による精神的苦痛の程度は軽視できず、虚偽供述を誘発しかねない危険性の高いものだ」と指摘した。
特別公務員暴行陵虐罪は、刑事司法に携わる公務員が職務に際し、容疑者らに暴行したり、不当な精神的苦痛を与えたりする行為。法定刑は７年以下の懲役か禁錮（現在は拘禁刑に一本化）で、暴行罪や脅迫罪より重い。
公判関係者によると、田渕検事は初公判で無罪を主張する方針。取り調べの様子は録音・録画（可視化）されており、公判では、その言動の評価が争点となる。
検察官役の指定弁護士は公判で、検察組織の問題にも踏み込む考えだ。
付審判決定は今回の取り調べについて「田渕検事個人はもとより、検察庁内部でも深刻な問題として受け止められていないことがうかがわれ、問題の根深さを物語っている」と言及した。
指定弁護士は、捜査に関わった検事ら延べ数十人に事情聴取するなど、補充捜査を行ってきた。指定弁護士の山口昌之弁護士は６月に記者会見し、「田渕検事の暴言の背景には、特捜部の組織的な関与があるものとし、公判で主張していきたい」と語った。
検事の取り調べを巡っては、今年６月、東京地検特捜部が捜査した詐欺事件を巡り、堀木博司検事（５７）を特別公務員暴行陵虐罪に問う付審判決定が出た。
取り調べを巡る付審判は過去に７件ある。警察などの取調官の暴力行為ばかりで、今回初めて「言葉」や「態度」が審理対象となる。
立命館大の松宮孝明教授（刑事法）は「特別公務員暴行陵虐罪は、公務に対する国民の信頼を守るためにある。世間一般の人が恐怖を感じる程度なら、陵虐に当たると考えるべきだ。捜査機関が描く筋書きの押しつけや、相手をおとしめるような聞き方、人格否定などの言動があるかどうかが、罪の成否を左右する」と語る。
龍谷大の古川原明子教授（刑法）は「起訴という圧倒的な権限を持つ検察官に対し、容疑者は密室で一人で立ち向かわなければならない。公判では、こうした状況下での検察官の言動であることも重視されるだろう」と指摘する。
◆付審判＝検察が不起訴とした公務員の職権乱用事件を公開の法廷で審理する制度。裁判所が指定する弁護士が検察官役を務める。審理は通常の刑事裁判と同様に進む。判決に対し、検察官役、公務員側の双方が控訴、上告できる。",[],[]
トランプ氏、８日にゼレンスキー大統領と会談…ＮＡＴＯ首脳会議にあわせトルコ大統領らとも（読売新聞オンライン）,https://news.yahoo.co.jp/articles/cfba32822a20b937f755d767eec326478115d43a,https://newsatcl-pctr.c.yimg.jp/t/amd-img/20260706-00000134-yom-000-3-view.jpg?exp=10800,2026-07-06T10:47:19+09:00,2026-07-06T11:45:07+09:00,読売新聞オンライン,yom,読売新聞オンライン,331,"ウクライナのゼレンスキー大統領
米ホワイトハウスは５日、トルコの首都アンカラで開かれる北大西洋条約機構（ＮＡＴＯ）首脳会議出席にあわせ、トランプ米大統領が８日に現地でウクライナのウォロディミル・ゼレンスキー大統領と会談すると発表した。
米高官は記者団に、会談では両首脳が「いかに戦争を終わらせるか」を話し合うと説明した。両首脳は６月、先進７か国（Ｇ７）首脳会議が開かれたフランスで会談するなど接触を続けている。
ＮＡＴＯ首脳会議は７～８日に開かれ、トランプ氏は６日に米国を出発する。現地ではトルコのタイップ・エルドアン大統領やシリアのアフマド・アッシャラア暫定大統領とも会談し、首脳会議閉幕後は記者会見を行う。８日に帰路に就く予定だ。（ワシントン支局　池田慶太）",[],[]
九州北部豪雨・西日本豪雨・九州豪雨の被災地で遺族ら追悼…「歯を食いしばって頑張っているよ」父に黙とう（読売新聞オンライン）,https://news.yahoo.co.jp/articles/b7211770321ef4491286c84e6160fe1ba8e4cd1d,https://newsatcl-pctr.c.yimg.jp/t/amd-img/20260706-00000010-yomseibu-000-4-view.jpg?exp=10800,2026-07-06T10:47:04+09:00,2026-07-06T11:07:59+09:00,読売新聞オンライン,yom,読売新聞オンライン,885,"追悼式で黙とうする遺族ら（５日、熊本県人吉市で）＝秋月正樹撮影
近年は毎年のように豪雨や記録的な大雨に見舞われ、各地で大きな被害が出ている。２０１７年に発生した九州北部豪雨、１８年の西日本豪雨、２０年の九州豪雨の被災地では、遺族らが大切な人をしのんだ。
【写真】「千寿園」の跡地で、同園で犠牲になった１４人分の灯籠がともされ、手を合わせて悼む住民（４日午後７時１５分、熊本県球磨村で）＝秋月正樹撮影
２０２０年７月の九州豪雨で、災害関連死を含む２１人が亡くなった熊本県人吉市では５日、追悼式典が営まれ、被災者や遺族ら約５０人が参列した。
豪雨では市内を流れる１級河川・球磨川や支流があふれるなどして中心部や住宅街が浸水。市内では市全体の約２割にあたる約３４００世帯の住宅にも被害が出た。
この日の式で追悼の言葉を述べた県立球磨工業高校３年の生徒（１７）は被災時、小学６年生だった。市内の自宅が床上浸水した時は「死の危機に直面した」と振り返り、「豪雨災害を経験した世代として、同じ悲しみを繰り返さない社会の実現を考え、行動し続けたい」と誓った。
参列した遺族は故人を懐かしみ、最愛の人への思いを口にした。
同市の永尾禎規（ていき）さん（６２）の店舗兼自宅は濁流にのまれて全壊し、同居の父・誠さん（当時８８歳）が帰らぬ人となった。永尾さんは祖父の代から続く漬物製造・販売業を営む。「大変なこともあるが、歯を食いしばって頑張っているよ」。永尾さんは心の中で父に語りかけながら、黙とうした。
福岡、大分両県で死者・行方不明者が４２人に上った２０１７年７月の九州北部豪雨は５日、発生から９年となった。集落に土砂が押し寄せ、甚大な被害を受けた福岡県朝倉市の松末（ますえ）地区では、小学校跡に追悼の祭壇が設けられ、住民らが次々と献花した。
山口県周南市では５日、西日本豪雨で土砂崩れに自宅ごと巻き込まれて亡くなった河村典子さん（当時６４歳）の追悼式が自宅跡近くの集会所で営まれた。参列した遺族や住民ら約２０人は、河村さんの遺影が飾られた祭壇に黙とうをささげ、冥福（めいふく）を祈った。",[],[]
九州北部豪雨９年、朝倉市に響く追悼のサイレン…被害大きかった松末地域「残った私たちで守り続ける」（読売新聞オンライン）,https://news.yahoo.co.jp/articles/7d692c781923d9f5de88c6ae4cf50f32e1cf27d4,https://newsatcl-pctr.c.yimg.jp/t/amd-img/20260706-00000026-yomseibu-000-4-view.jpg?exp=10800,2026-07-06T10:46:45+09:00,2026-07-06T10:57:51+09:00,読売新聞オンライン,yom,読売新聞オンライン,546,"献花後、手を合わせる住民ら
九州北部豪雨の発生から９年となった５日、３３人が死亡（災害関連死を含む）し、２人が行方不明となった福岡県朝倉市では午前１０時に追悼のサイレンが鳴り響き、市民らが黙とうをささげた。
【動画】九州豪雨5年、今も思い出すと恐怖…球磨川の氾濫で熊本県球磨村の自宅は浸水
九州北部は２０１７年７月５日から６日にかけて猛烈な雨に見舞われ、朝倉市の２４時間降水量は、５４５・５ミリを記録。多くの死者・行方不明者を出した同市松末地域の松末コミュニティセンターではこの日、追悼行事が行われた。
主催した松末地域コミュニティ協議会の高倉保之会長（７４）は、小学校時代からの友人を亡くした。自宅内の上階に避難していたが、流木が押し寄せ犠牲になったという。
高倉会長は「天地がひっくり返ったような光景は今でも覚えている。当時の記憶がフラッシュバックする住民もいる」と振り返り、「７月５日を忘れないために毎年、追悼の場を設けている。残った私たちで松末を守り続けたい」と話した。
当時、松末小学校の校舎だった同センターには、被災当時の写真やパネルが展示されている。大量の土砂が流入した校舎や、突き刺さったように堆積（たいせき）した流木、崩落した道路などの写真が豪雨災害の爪痕を今に伝えている。",[],[]
西日本豪雨から８年、斜面の土砂に自宅が押し潰されて母が犠牲…追悼式も雨で長男「災害が心配になる」（読売新聞オンライン）,https://news.yahoo.co.jp/articles/93665e4798db5acfc8f0b791929381a5a44f88ad,https://newsatcl-pctr.c.yimg.jp/t/amd-img/20260706-00000071-yomseibu-000-4-view.jpg?exp=10800,2026-07-06T10:46:35+09:00,2026-07-06T11:07:56+09:00,読売新聞オンライン,yom,読売新聞オンライン,570,"遺影に黙とうをささげる住民たち（左端は孝司さん）
２０１８年６月末～７月初旬の西日本豪雨から今年で８年を迎え、山口県周南市樋口では５日、土砂崩れに巻き込まれて死亡した河村典子さん（当時６４歳）の追悼式が営まれた。参列者らは遺影に手を合わせ、再発防止を願った。
【動画】九州豪雨5年、今も思い出すと恐怖…球磨川の氾濫で熊本県球磨村の自宅は浸水
土砂崩れは８年前の７月７日未明に発生。河村さんは家族４人で就寝中だった。山あいの自宅は崩れてきた斜面の土砂に押し潰され、夫と長男の孝司さん（５２）は重軽傷を負った。
追悼式は地元自治会の主催で、河村さんの自宅跡で予定していたが、雨に見舞われたため、近くの集会所で営まれた。住民ら約２０人が参列。遺影は生前の最後に撮影されたという写真を孝司さんが用意し、住民たちは遺影の飾られた祭壇に向かって黙とうをささげた。
現在は同市の市街地に住む孝司さんは、式に参加した住民たちに感謝の言葉を伝え、「このように雨が降ると、災害が心配になる。同じような災害は二度と起きないでほしい」と願っていた。
被災時には２０ほどあった集落内の世帯数は現在、１２世帯まで減少。式を企画した吉浦正男さん（８０）は「いつまで追悼できるかわからないが、ここで起きた災害を忘れられないような取り組みを今後もしていきたい」と話していた。",[],[]
田川市議会議員補欠選挙、被選挙数２に対して前議員・元議員・新人２人の計４人が立候補…１２日投開票（読売新聞オンライン）,https://news.yahoo.co.jp/articles/d16fd968fac4290bc6773401db80fbbf4389d099,https://newsatcl-pctr.c.yimg.jp/t/amd-img/20260706-00000031-yomseibu-000-6-view.jpg?exp=10800,2026-07-06T10:46:15+09:00,2026-07-06T11:37:50+09:00,読売新聞オンライン,yom,読売新聞オンライン,169,"（写真：読売新聞）
福岡県田川市議補選（被選挙数２）が５日告示され、前議員と元議員、新人２人の計４人が無所属で立候補した。
【表】立候補者
市選管によると、期日前投票は６～１１日に市役所、投票は１２日午前７時～午後８時に市内１５か所で行われ、田川西中学校で同日午後９時１５分から開票される。
選挙人名簿登録者数は４日現在、３万６４８２人。",[],[]
【西日本豪雨8年】父亡くした恐怖で戻れなかった実家に、再び暮らし始めた…「雨が降っても雷が鳴ってもそばにいる」パートナーに背を押され（読売新聞オンライン）,https://news.yahoo.co.jp/articles/c46da2e201c181a52a2852093b3017e77ef42c87,https://newsatcl-pctr.c.yimg.jp/t/amd-img/20260706-00000002-yomosaka-000-7-view.jpg?exp=10800,2026-07-06T10:45:04+09:00,2026-07-06T17:07:50+09:00,読売新聞オンライン,yom,読売新聞オンライン,919,"２０１８年に３００人超が亡くなった西日本豪雨の発生から、６日で８年となる。いとしい家族を失った悲しみを胸に、新たな一歩を踏み出した人たちがいる。（広島総局　綾木佑我）
【地図】高取さんが再び暮らし始めた広島県呉市
畑で育てたトウモロコシを見つめる高取久美子さん。父が大切にした家や畑を守っていくと誓う（６月、広島県呉市で）
広島県呉市安浦町の実家で、同居していた父・良治さん（当時６７歳）を亡くした高取久美子さん（４９）は２月、７年半ぶりに故郷で再び暮らし始めた。「つらい過去を思い出したくない」と被災後に離れていたが、周囲の支えで、前を向いて進み出した。
８年前の７月６日夜。近くの川があふれ、良治さんは雨の中、車で避難する準備をしようと外に出た。久美子さんは室内で荷物をまとめていた。停電し、外を見ると、付近に土砂が押し寄せていた。父を呼んでも返事がない。電話もつながらなくなった。家の中で身動きが取れないまま、放心状態で２日間、過ごした。
行方が分からなくなっていた良治さんは実家から数キロ離れた場所で、１０日に遺体で見つかった。久美子さんはしばらく、隣の東広島市に住む姉の元に身を寄せ、その後は市内で一人暮らしを続けた。「私を一番理解してくれた父。その父が亡くなった場所では暮らせない」。楽しかった実家のことを思い出そうとしても、恐怖の方が強かった。
背中を押してくれたのは２５年１２月に新たな人生を共に歩み始めたパートナーの女性の言葉だった。「お父さんの家と土地を大切に守ろう。雨が降っても雷が鳴ってもそばにいるから」
呉市の実家に戻ると、父が仕事の合間に丹精込めて手入れしていた家の畑は、荒れ果てていた。豪雨で流れてきた大きな石や瓦片などを取り除き、少しずつ耕し直した。約１０種類の作物が育つ畑で父にこう約束した。「この家をまた楽しい場所にするので見守っていて」
◆西日本豪雨＝２０１８年７月６～８日、停滞した梅雨前線の影響で記録的な大雨となり、西日本各地で土砂災害や洪水が発生、災害関連死を含めて３００人超が死亡した。広島県で１５３人、岡山県で９５人、愛媛県で３３人が亡くなり、広島、岡山両県で計８人が行方不明となっている。",[],[]
阪神・前川右京、２戦連発にも浮かれず…「やらんと中途半端（な選手）で終わるぞ」恩人からの発破ずしり（読売新聞オンライン）,https://news.yahoo.co.jp/articles/c1cf333ea17b444611a6511067efcee6676df771,https://newsatcl-pctr.c.yimg.jp/t/amd-img/20260705-00000092-yomosaka-000-7-view.jpg?exp=10800,2026-07-06T10:40:55+09:00,2026-07-06T10:59:10+09:00,読売新聞オンライン,yom,読売新聞オンライン,506,"阪神は二回に前川の適時内野安打で追いつくと、五回は敵失絡みで３点を奪い、前川のソロで突き放した。広島は追い上げも及ばず、床田は４月１９日以来の黒星。
【写真】５回２死、前川がソロを放つ（５日）
貪欲に、結果だけを追い求める。そんな覚悟で今季を過ごす阪神の前川が、２戦連続の本塁打で先発起用に応えた。
二回に同点の適時内野安打。五回は初球を捉え、豪快に右翼席へ運んだ。雨が時折強く降る中、五回の打席はほぼ無風。「（手応えは）フェンス直撃ぐらいかなと思った。風があったら入っていなかったので、ない時に打ててよかった」と謙遜したが、持ち味のパワーを発揮した。
今春のキャンプ序盤、打撃練習中に元監督の矢野燿大さんに声を掛けられた。「やらんと、中途半端（な選手）で終わるぞ」。２０２１年のドラフト会議で指名してくれた恩人だけに、ずしりとその言葉が響いた。「今年、本当にやらなきゃ」と気を引き締めた。
（写真：読売新聞）
４月１４日以来の複数安打にも、浮かれた表情は見せなかった。「油断できることは一切ない。次に向けて準備したい」。これまで定位置をつかみかけては、手放してきた。もう足踏みするわけにはいかない。（豊嶋茉莉）",[],[]
阪神の新外国人、左腕・セベリーノが入団記者会見…最速１６０㌔超の「直球でしっかりと押していきたい」（読売新聞オンライン）,https://news.yahoo.co.jp/articles/19d034627107711511b4752892bf217e4e42e416,https://newsatcl-pctr.c.yimg.jp/t/amd-img/20260705-00000090-yomosaka-000-5-view.jpg?exp=10800,2026-07-06T10:37:12+09:00,2026-07-06T10:55:43+09:00,読売新聞オンライン,yom,読売新聞オンライン,189,"（写真：読売新聞）
アンダーソン・セベリーノ投手（３１）が５日、兵庫県西宮市内で入団記者会見に臨んだ。ドミニカ共和国出身で、１メートル７８、８６キロの左投手。最速１６０キロ超の直球が強みで、勝ちパターンの一角として中継ぎで起用される見通し。「直球でしっかりと押していきたい。優勝争いをしているチームなので、そこに向けて頑張りたい」と意気込んだ。
【写真】阪神の新外国人セベリーノ",[],[]
空転続く今国会、２週間切り与党で強まる会期延長論…自民・小林政調会長「高度な政治的判断が出てくる」（読売新聞オンライン）,https://news.yahoo.co.jp/articles/63f0f22f3e4bc1e352bd60aae7eac9d65d7932b3,https://newsatcl-pctr.c.yimg.jp/t/amd-img/20260706-00000092-yom-000-4-view.jpg?exp=10800,2026-07-06T10:35:13+09:00,2026-07-06T22:00:35+09:00,読売新聞オンライン,yom,読売新聞オンライン,727,"国会議事堂
政府・与党内で今国会の会期延長論が強まっている。国会の空転が続き、皇室典範改正案を含めた政府提出法案の成立が不透明になっているためだ。会期末の１７日まで２週間を切っており、審議日程は窮屈さを増している。
自民党の小林政調会長は５日、訪問先の青森市で記者団から会期延長の可能性を問われ、「高度な政治的な判断が出てくる。延長するにしても、しないにしても、限られた会期の中で党として最大限の結果を追求していく」と強調した。
政府が今国会に提出した６４法案のうち、まだ１７法案が成立していない。１１月の発足を目指す「防災庁」の設置法案や、再審制度を見直す刑事訴訟法改正案は、衆院通過後、野党が全ての法案の審議拒否に転じたため、少数与党の参院で採決のめどが立っていない。
自民は国会の正常化に向け、６日に野党と審議日程の協議を再開させたい考えだ。野党が拒否を続ければ、１７法案の成立には会期延長が不可避となる。自民内には７月末まで延長し、政府提出法案を成立させる案が出ている。
さらに日本維新の会は、自民と提出した衆院議員の定数削減法案と「副首都構想」関連法案の成立も強く求めている。藤田文武共同代表は記者団に「全て決着をつけてから国会を閉めるのが当然だ」と述べ、さらなる延長も視野に入れる。
今回は衆院選を受けた「特別国会」のため、２回まで延長が可能だ。与党内では、衆院通過後６０日以内に参院で採決されなければ、衆院で「３分の２」以上の賛成で法案を再可決できる「６０日ルール」を行使すべきだとの強硬論もある。
大幅延長が必要となり、野党へのけん制との見方が強いが、参院自民内からは「６０日ルールを使えば、参院不要論につながる」と懸念する声も出ている。",[],[]
「人生の全てが嫌になって」修行している寺に放火の疑い、２８歳僧侶見習いを逮捕（読売新聞オンライン）,https://news.yahoo.co.jp/articles/81373a0258233f6edd21a594193a4c65cc32cd35,https://newsatcl-pctr.c.yimg.jp/t/amd-img/20260706-00000142-yom-000-3-view.jpg?exp=10800,2026-07-06T10:34:02+09:00,2026-07-06T10:49:14+09:00,読売新聞オンライン,yom,読売新聞オンライン,364,"１４世紀創建の古刹、明治期に建立の本堂全焼
屋根が焼け落ちた円通寺の建物（６月３０日、佐賀県伊万里市で）
修行している寺に火を付けたとして、佐賀県警伊万里署は６日、同県伊万里市松島町、僧侶見習い森永吉容疑者（２８）を現住建造物等放火の疑いで逮捕した。
発表によると、森容疑者は６月３０日午前３時半頃、居住していた円通寺に放火し、庫裏（くり）や本堂を全焼させた疑い。「人生の全てが嫌になって放火した」と容疑を認めているという。
寺には３人が住んでいたが、当時、住職は外出しており、別の僧侶見習いの男性は逃げて無事だった。森容疑者は同日午前３時４０分頃、「寺の２階が燃えている」と自ら１１９番していた。
同市教育委員会生涯学習課によると、円通寺は１４世紀頃の創建と伝えられ、全焼した本堂は１８８４年（明治１７年）に建てられたという。",[],[]
オリックス・変化球狙った集中打で連敗止め、逆襲へ…波留ヘッドコーチ「こうやって勝っていかなあかん」（読売新聞オンライン）,https://news.yahoo.co.jp/articles/a9386ceb8ac4c5332419d96492f3c7032104fa0b,https://newsatcl-pctr.c.yimg.jp/t/amd-img/20260705-00000097-yomosaka-000-5-view.jpg?exp=10800,2026-07-06T10:32:43+09:00,2026-07-06T12:06:12+09:00,読売新聞オンライン,yom,読売新聞オンライン,619,"オリックスは二回、太田のソロで先制し、六回は山中、森友の適時打で加点。連敗を３で止めた。エスピノーザが７回１失点。西武は引き分けを挟んで６連敗。
【写真】２回１死、先制のソロを放つ太田（５日）
オリックスの攻めが変わったのは六回だった。先頭の宗は左腕隅田の外角スライダーを流し打って左前打。次打者の内野ゴロで二塁へ進むと、カーブを捉えた山中の右前打でホームを踏んだ。山中は次打者の内野ゴロの間に二進。森友もカーブを引っ張り、右前適時打で山中をかえした。
隅田には約２週間前の前回対戦で３安打完封負けを喫した。この日も二回に太田のソロで先制したものの、三～五回は三者凡退。たたみかける攻撃で、重い空気を振り払った。
攻撃前、「変化球が増えている」と首脳陣から傾向を伝えられていたという。六回の３安打は全て変化球。前の打席はカーブで打ち取られていた山中も狙いが明確になったのか「いい対応ができた」と振り返った。
作戦も有効だった。内野ゴロでも、いずれも走者がスタートを切っていたため確実に進塁した。狙いを絞り、動きをつけて、つながった攻撃を、「こうやって勝っていかなあかん」と波留ヘッドコーチ。ベンチ、選手がかみあってつかんだ得点は、逆襲の道しるべとなるはずだ。（松本慎平）
（写真：読売新聞）
オリックス・岸田監督「エスピノーザはリリーフ陣を休ませるという気合が見えた。（六回の攻撃は）何をすべきかということを頭に置いて、仕事をしてくれた」",[],[]
横山ゆかりちゃん行方不明３０年、群馬県警「どんな情報でも提供してほしい」「あなたの記憶を届けて」（読売新聞オンライン）,https://news.yahoo.co.jp/articles/4ee0d15cc57f473845cdc3bff69cbdb181b5912d,https://newsatcl-pctr.c.yimg.jp/t/amd-img/20260705-00000235-yom-000-2-view.jpg?exp=10800,2026-07-06T10:27:44+09:00,2026-07-06T10:28:14+09:00,読売新聞オンライン,yom,読売新聞オンライン,567,"買い物客に情報提供を呼びかける小菅刑事部長（中央）ら（５日、群馬県太田市で）
群馬県太田市高林東町のパチンコ店で、横山ゆかりちゃん（当時４歳）が行方不明になってから７日で３０年となるのを前に、群馬県警などは５日、同市石原町のイオンモール太田で情報提供を呼びかけた。
この日は県警や太田遊技業防犯協力会など計４８人が、ポケットティッシュ３０００個を買い物客らに配布。小菅博司刑事部長は「ゆかりちゃんを何とか発見、保護するためにどんな情報でも提供してほしい」、県警捜査１課の上原哲・重要事件特別捜査班長は「情報は捜査の生命線。皆さんの情報が決定的な一歩になるはず」とそれぞれ訴えた。
ポケットティッシュを受け取った同市、パート従業員（５７）は「３０年がたち、待っている両親のことを思うと胸が痛い。早く解決してほしい」と話していた。
ゆかりちゃんは１９９６年７月７日に両親と訪れたパチンコ店で行方不明となった。店内でゆかりちゃんに話しかける不審な男が防犯カメラに映っており、県警は重要参考人として男の行方を追っている。
県警は今年、毎年刷新している情報提供を呼びかけるポスターに「あなたの記憶　いま届けて」とのフレーズを初めて使用。身長１メートル５８、ニッカボッカズボン、サンダル姿といった重要参考人の特徴も強調し、呼びかけを強化している。",[],[]
モロッコがシュート５本で３点、劣勢耐えアフリカ勢初の２大会連続の８強…シュート10本のカナダはＧＫもゴール前に上げる執念見せる（読売新聞オンライン）,https://news.yahoo.co.jp/articles/7bfb13fde00526f1aafcac12988ae451de2074aa,https://newsatcl-pctr.c.yimg.jp/t/amd-img/20260705-00000280-yom-000-10-view.jpg?exp=10800,2026-07-06T10:26:06+09:00,2026-07-06T22:28:02+09:00,読売新聞オンライン,yom,読売新聞オンライン,1435,"1
/
3
５０分に先制ゴールを決めたモロッコのウナヒ〈８〉＝ロイター
（写真：読売新聞）
【交代】（カ）ラリン＝６３分オルワセイ、Ｐ・デービッド＝７８分アーメド、シャッフェルバーグ＝７８分ラリア、ネルソン＝８７分ブキャナン、オソリオ＝８７分シグル（モ）ラヒミ＝２２分サイバリ、タルビ＝６３分ハヌス、アムラバト＝６３分ブアディ、サーダン＝８７分ディオプ、ムラベト＝８７分ウナヒ　　【警告】（カ）ラリア、Ｊ・デービッド、ドフジェロル、ラリン（モ）ハルハル、ハキミ、ウナヒ、ハヌス
【フィラデルフィア（米ペンシルベニア州）＝平島さおり】サッカーのワールドカップ（Ｗ杯）北中米３か国大会は４日（日本時間５日）、決勝トーナメントの２回戦が始まり、前回大会４位のモロッコ（世界ランキング７位）は開催国のカナダ（同３０位）に快勝して８強に一番乗りを果たした。２大会ぶりの優勝を目指すフランス（同３位）はパラグアイ（同４１位）を下し、４大会連続で準々決勝に進んだ。（世界ランキングは６月１１日時点）
モロッコ　３―０　カナダ
モロッコがアフリカ勢初となる２大会連続８強入りを果たした。５０分、ＦＫにウナヒが合わせて先制。８２分にウナヒがこの日２点目を挙げ、後半終了間際にもラヒミが決めて突き放した。カナダは相手の２倍のシュートを放ったが、相手ＧＫの好守にも阻まれて無得点に終わった。
希望の星　ウナヒ２発
モロッコは前半、カナダの鬼気迫るプレスに苦しんだ。いらだちからか、計４度の警告を受けて折り返す悪い流れを断ち切ったのはウナヒ。母国の少年たちにとって希望の星だ。
敵陣右深くでＦＫを獲得した５０分。ゴール前に両チームの選手が密集する中、キッカーのハキミから、ペナルティーエリア外で待ち構えたウナヒに低く鋭いボールが渡る。軽く助走をつけて右足の内側で正確に合わせたシュートはゴール右下を射抜き、均衡を破った。
前回４強のアフリカの雄は、名門レアル・マドリードの下部組織出身のハキミや、スペイン代表歴もあるディアスのように欧州移民の子孫も多い。そんな中、数少ない国内育ちのウナヒに、母国のサッカー関係者は「代表を夢見る子供の道しるべ」との思いを託す。ウナヒは８２分にも、カウンターからディアスのラストパスを落ち着いて沈め、追加点を奪取。直後に喝采を浴びながらピッチを後にし、「簡単な試合ではなかったが、得点できてうれしい」と余韻に浸った。
スタジアムには、共催国のカナダを超える歓声がわき起こった。モロッコ国内も代表ユニホームを着た市民で道路があふれかえっているという。「みんなの特大の愛に、最高のパフォーマンスと結果で応えたい」とウナヒ。勢いに乗って迎える準々決勝で、前回大会の準決勝で敗れたフランスへのリベンジに挑む。（細田一歩）
カナダ・マーシュ監督「前半はトップレベルの相手を限界まで追い込めた。リードを奪えなかったのは細部の差だが、立ち向かっていくチームを応援できたのはファンにとっても特別だっただろう」
カナダ　猛プレス実らず
共催国・カナダの８強入りはならなかった。序盤から猛烈なプレスでボールを奪ってゴールに迫り、終盤のＣＫではＧＫもゴール前に上げる執念を見せたが、及ばなかった。それでも、初めて決勝トーナメントに進出して１勝をマークし、大会を盛り上げた。エウスタキオは「世界トップとの差は大きくない。明日からまた、次のＷ杯に向けた準備が始まる」とすがすがしく語った。",[],[]
「そこに正解や不正解があるわけではない」肉弾戦に苦しんだフランス、エムバペがＰＫで決勝点挙げ８強進出…パラグアイは持ち前の堅守発揮も及ばず（読売新聞オンライン）,https://news.yahoo.co.jp/articles/1a7a556961514d50365b34c7786b1ed9a75fc975,https://newsatcl-pctr.c.yimg.jp/t/amd-img/20260705-00000296-yom-000-7-view.jpg?exp=10800,2026-07-06T10:06:45+09:00,2026-07-06T11:19:47+09:00,読売新聞オンライン,yom,読売新聞オンライン,1292,"７０分、フランスのエムバペが先制のＰＫを決める＝松本拓也撮影
【フィラデルフィア（米ペンシルベニア州）＝平島さおり】サッカーのワールドカップ（Ｗ杯）北中米３か国大会は４日（日本時間５日）、決勝トーナメントの２回戦が始まり、前回大会４位のモロッコ（世界ランキング７位）は開催国のカナダ（同３０位）に快勝して８強に一番乗りを果たした。２大会ぶりの優勝を目指すフランス（同３位）はパラグアイ（同４１位）を下し、４大会連続で準々決勝に進んだ。（世界ランキングは６月１１日時点）
フランス　１―０　パラグアイ
1
/
2
（写真：読売新聞）
【交代】（パ）カナレ＝５８分アルデレテ、カバジェロ＝６１分エンシソ、アバロス＝７１分アルミロン、マウリシオ＝７１分Ｄ・ゴメス（フ）ドゥエ＝６１分バルコラ、シェルキ＝８４分デンベレ　【警告】（フ）バルコラ、コネ、オリセ
フランスが相手の厳しい守備に苦しみながらも、準々決勝に駒を進めた。前半は攻め込む展開が続いたが無得点。７０分、エムバペがＰＫを沈めて先制し、その１点を守り切った。パラグアイはゴール前を固めて守ったものの、ほとんど決定機を作れなかった。
荒いプレー　惑わされず…エムバペ通算１９点
うだるような暑さに加え、フランスはパラグアイの荒々しいプレーに苦しめられた。しかし試合後、主将のエムバペはこう語った。「どんなゲームになるかはわかっていた」。相手を崩しきる場面は少なかったものの、集中力は切らさず勝利を手にした。
パラグアイは５バック気味に守りを固め、攻撃陣が突破しようとすると激しく体を寄せてきた。しかし、フランスにとってその展開は織り込み済み。デシャン監督はパラグアイの強みを、「対戦相手を試合から引きずり出そうとするところ」と説明。いらだたせて、試合をコントロールできないようにさせる戦い方に惑わされないよう求めていた。
ようやく先制できたのは７０分。交代で入ったドゥエがペナルティーエリア内で倒され、ＶＡＲ（ビデオ・アシスタントレフェリー）検証でＰＫに。これをエムバペが決め、今大会最多タイの７得点目、自身のＷ杯通算得点を１９に伸ばした。
フランスは決勝トーナメント１回戦まですべて３得点以上を挙げてきたが、この日は１得点。それでも、エムバペは言った。「どのチームもそれぞれの強みを使ってプレーするもので、そこに正解や不正解があるわけではない。唯一の正解は、勝つことだ」（平島さおり）
フランス・デシャン監督「この経験が私たちの力になると確信している」
■堅守パラグアイ　下向かず　パラグアイは２０１０年大会以来となる準々決勝進出はかなわなかったが、優勝候補を苦しめた。持ち前の堅守を発揮し、終盤のエムバペのシュートはＧＫヒルが好セーブで防いだ。ヒルは「ＰＫがなければ延長戦まで持ち込めていたはず。本当によく守っていたので、胸を張って去ります」と充実感をにじませた。
パラグアイ・アルファロ監督「守備に奔走せざるを得ず、前への推進力をそがれた。終盤に攻撃的な選手を投入するつもりだったが、その直前にＰＫが決まってすべてが失われた」",[],[]
トランプ支持者熱狂の裏で…建国２５０年演説前に雷雨予報、熱中症搬送者も続出で大荒れワシントン（読売新聞オンライン）,https://news.yahoo.co.jp/articles/e42c4b5f700875bb741ba0854393272738e32905,https://newsatcl-pctr.c.yimg.jp/t/amd-img/20260706-00000094-yom-000-4-view.jpg?exp=10800,2026-07-06T10:01:10+09:00,2026-07-06T10:56:45+09:00,読売新聞オンライン,yom,読売新聞オンライン,887,"建国２５０年の祝賀イベントが行われ、国歌斉唱で盛り上がる人たち（４日、ワシントンで）＝飯島啓太撮影
【ワシントン＝中根圭一、ニューヨーク＝大月美佳】米国が建国から２５０年を迎えた４日、全米各地で記念行事が開かれた。ただ、首都ワシントンではトランプ大統領が演説して自身の成果をアピールする場としたほか、猛暑で熱中症患者が続出するといったトラブルも相次ぎ、節目を祝うムードに水を差した。
【図】一目でわかる…日本とアメリカのコンビニ、どこが違う？
「米国をかつてない高みに導くと宣言する」
トランプ氏が誇らしげに語った４日の祝賀イベントは、自身の選挙集会で起用する常連歌手による愛国歌で演出し、トランプ氏を主役に据える選挙戦のような盛り上がりとなった。
イベントの主体はトランプ政権が主導する組織「フリーダム２５０」で、来場者のほとんどがトランプ支持者だった。中西部オハイオ州シンシナティから車を９時間運転してやってきた溶接工トム・ウィットさん（３８）は「トランプ氏は国民の閉塞（へいそく）感や不満を理解してくれる大統領だ。これからも政権運営を担ってほしい」と声援を送った。
会場運営では問題が露呈した。数十万人とされる来場者の中には、最高気温が３９・４度に達した炎天下で、開場前に３時間以上並んだ人もいて、熱中症で搬送される人が続出。州兵らがペットボトルの水を無料で配布したが、十分に行き渡らなかった。
トランプ氏の演説前に雷雨の予報が出たため、安全確保のため米大統領警護隊（シークレットサービス）らの指示で来場者が一度会場から退去させられ、深夜に再び長蛇の列に並び直していた。午後１１時過ぎからのトランプ氏の演説に間に合わず、警護隊に罵声を浴びせたり、フェンスを蹴り飛ばしたりして不満を爆発させる人もいた。南部ジョージア州から訪れたエスペランザ・オチョアさん（７３）は「来場者への配慮に欠けていた」と話した。
一方、ニューヨークでも記念行事が行われ、帆船がハドソン川をパレードし、上空を戦闘機やヘリコプターが飛び交った。タイムズスクエアの電光掲示板には星条旗が映し出された。",[],[]
安倍元首相銃撃４年、妻・昭恵さん「安倍のことを忘れず語り継いで」「主人がまいた種が花咲くことを」（読売新聞オンライン）,https://news.yahoo.co.jp/articles/46ebf03ea70179d9d50a43114330fd368ef64436,https://newsatcl-pctr.c.yimg.jp/t/amd-img/20260706-00000117-yom-000-3-view.jpg?exp=10800,2026-07-06T10:00:47+09:00,2026-07-06T11:00:38+09:00,読売新聞オンライン,yom,読売新聞オンライン,381,"安倍元首相の遺影の前で、涙を浮かべながらあいさつをする妻の昭恵さん（５日午後、山口県下関市で）
安倍晋三・元首相（当時６７歳）が銃撃されて死亡した事件から８日で４年となるのを前に、安倍氏が地盤とした山口県下関市で５日、「偲（しの）ぶ会」が開かれた。地元首長や国会議員、支持者ら計約７００人が献花し、冥福（めいふく）を祈った。妻の昭恵さん（６４）は「安倍のことを忘れず語り継いでいただきたい」と呼びかけた。
【動画】一発目と二発目の銃撃の間、安倍氏の背後のＳＰたちは
安倍氏の足跡を映像で紹介した後、ゆかりの人らがあいさつ。その後登壇した昭恵さんは、事件当時について「（死を）現実として受け入れられなかった」と振り返り、「主人は期待に応えたいと仕事をし、多くの種をまいた。実をつけ花が咲くことを期待したい」と話した。
会は地元関係者らでつくる実行委員会が主催した。",[],[]
右太もも裏肉離れで離脱中の村上宗隆、７日からマイナー戦出場へ…オールスター戦前に復帰か（読売新聞オンライン）,https://news.yahoo.co.jp/articles/0474ccec127ac990234e5d8dd2e0cbaa140af190,https://newsatcl-pctr.c.yimg.jp/t/amd-img/20260706-00000103-yom-000-2-view.jpg?exp=10800,2026-07-06T10:00:35+09:00,2026-07-06T10:01:20+09:00,読売新聞オンライン,yom,読売新聞オンライン,181,"ツインズ戦で１９号２ランを放ったホワイトソックスの村上（５月２６日）＝ＡＰ
右太もも裏の肉離れで負傷者リスト入りしている米大リーグ・ホワイトソックスの村上が７日からマイナーの試合に出場すると、５日に球団公式サイトが伝えた。メジャー復帰に向けたリハビリの一環で、ベナブル監督は「オールスター戦の前に彼がメジャーでプレーする可能性はある」と語ったという。（森井智史）",[],[]
ソフトバンク・松本晴、粘って５回２失点で白星…５試合連続の５回降板だが「まだまだ成長できるポイント」（読売新聞オンライン）,https://news.yahoo.co.jp/articles/ba43ff4ed402fcd8dd4e7267562ada370e097049,https://newsatcl-pctr.c.yimg.jp/t/amd-img/20260706-00000020-yomseibu-000-5-view.jpg?exp=10800,2026-07-06T09:54:46+09:00,2026-07-06T10:57:48+09:00,読売新聞オンライン,yom,読売新聞オンライン,357,"５回２失点で５勝目を挙げた松本晴＝若杉和希撮影
ソフトバンク７―２ロッテ（５日）――ソフトバンクがカード勝ち越し。一回に近藤の３ランで先行し、五回も近藤の３ランで突き放した。ロッテは三回に藤原が２点二塁打を放ったが、及ばなかった。
【写真】５回１死２、３塁、近藤がこの試合２本目の３ランを放つ＝若杉和希撮影
ソフトバンクの松本晴が６月１０日以来の白星を挙げた。１点リードの五回一死一、二塁で、前打席で２点二塁打を浴びた藤原を迎えたものの、冷静だった。外角の変化球を打たせて三ゴロで併殺に仕留めた。前回登板した同２８日のロッテ戦では、同じ五回に３点を奪われて同点とされた後に降板しただけに、「なんとか粘れたのはプラス」と振り返った。これで５試合連続の５回降板だが、自身は「まだまだ成長できるポイント」と前向きだった。",[],[]
［モンバエルツの目］フランス・ドゥエ投入が決定打、PK戦狙いで心揺さぶる難敵パラグアイを振り切る…異なるタイプの手札が強み（読売新聞オンライン）,https://news.yahoo.co.jp/articles/d5b2d3affad75e7c964866a0e8b6ed973ce642b6,https://newsatcl-pctr.c.yimg.jp/t/amd-img/20260705-00000311-yom-000-15-view.jpg?exp=10800,2026-07-06T09:54:39+09:00,2026-07-06T22:28:29+09:00,読売新聞オンライン,yom,読売新聞オンライン,602,"パラグアイ対フランススコア
フランス出身、元横浜Ｆ・マリノス監督のモンバエルツ氏が、ワールドカップ決勝トーナメント２回戦のフランスーパラグアイ戦をプロの目で振り返る。
パラグアイに勝利し、観客の歓声に応えるエムバペ〈１０〉らフランスの選手たち（４日）＝松本拓也撮影
フランスにとって、戦術面でも精神面でも間違いなく今大会これまでで最も難しい試合となった。パラグアイの狙いは明らかで、ＰＫ戦までもつれ込ませること。繰り返し挑発してはフランスをいらだたせ、精神的に揺さぶってきた。
決定打となったのは、後半、バルコラに代えてドゥエを投入した交代策だ。ドゥエは狭いスペースにも果敢に切り込めるドリブル力があり、パラグアイの守備を崩し、ＰＫを獲得。これをエムバペが決めた。
この日のような展開の試合では、個の能力が違いを生み出す。選手層の厚さ、そして異なるタイプの手札があること。これはフランスの最大の強みだ。たとえば後半に投入されたシェルキも個の力で打開できる能力を備えている。
とはいえ、あのＰＫを決めていなければ延長戦に入っていたと思う。ドゥエが作り出したような状況以外では、どうやって相手を崩すか見えなかった。得点した後も何度かチャンスはあったが、パラグアイが前に出てきてスペースが空いたからこそ生まれたもの。パラグアイがあのまま引いて守り続けていたら、崩すのは難しかった。（フランス出身、元横浜Ｍ監督）",[],[]
ソフトバンク近藤健介が３ラン２発、栗原陵矢を抜き打点リーグトップ…本塁打数トップの栗原は負けじと２４号ソロ（読売新聞オンライン）,https://news.yahoo.co.jp/articles/bc21ba8769038b10c88054142c110df1fb15d704,https://newsatcl-pctr.c.yimg.jp/t/amd-img/20260706-00000016-yomseibu-000-5-view.jpg?exp=10800,2026-07-06T09:54:37+09:00,2026-07-06T10:57:42+09:00,読売新聞オンライン,yom,読売新聞オンライン,608,"５回１死２、３塁、近藤がこの試合２本目の３ランを放つ＝若杉和希撮影
ソフトバンク７―２ロッテ（５日）――ソフトバンクがカード勝ち越し。一回に近藤の３ランで先行し、五回も近藤の３ランで突き放した。ロッテは三回に藤原が２点二塁打を放ったが、及ばなかった。
【写真】５回２失点で５勝目を挙げた松本晴＝若杉和希撮影
ソフトバンクの小久保監督は現役時代に本塁打王争いをしていた際、チームメートにも「ライバル心、メラメラ」だったという。そんな指揮官が自身の姿と重ねるのが、本塁打と打点の数を競う近藤と栗原。この日は近藤が２本の３ランで６打点を稼げば、栗原は２４号ソロを放って対抗した。
近藤の１発目は一回無死一、二塁の場面で飛び出した。小島の内角高めの速球を高々と打ち上げると、打球は右翼ポール際へスタンドイン。「大事な打席で最高の結果になってくれた」
２発目は五回一死二、三塁の好機。今度は２番手・八木の変化球を右翼スタンドにたたき込んだ。打点は６２となり、栗原を抜いてリーグトップに躍り出た。
近藤は「（自分は）ホームランバッターじゃない」と自認する。それでも、小久保監督は「近藤のバッティングについては聞かないで。レベルが違いすぎるから」と舌を巻くほど。卓越した技術で、本塁打数を３年ぶりに２０本台に乗せた。
ソフトバンク・小久保監督「今日は近藤の日でしたね。（２失点の松本晴は）同点まではいかなかったので、一つ成長した」",[],[]
職員へのセクハラ認定を受け辞職、出直し田川市長選挙に前市長・元市長・新人２人が立候補（読売新聞オンライン）,https://news.yahoo.co.jp/articles/8b275d304871ce4ee624c4c246256ffbd97c6173,https://newsatcl-pctr.c.yimg.jp/t/amd-img/20260706-00000001-yomseibu-000-7-view.jpg?exp=10800,2026-07-06T09:50:33+09:00,2026-07-06T11:37:44+09:00,読売新聞オンライン,yom,読売新聞オンライン,607,"（写真：読売新聞）
女性職員へのセクハラ認定を受けた前市長の辞職に伴う福岡県田川市の出直し市長選は５日、告示され、前市長や元市長、新人２人の計４人がいずれも無所属で立候補を届け出た。一連の問題や前市政の是非、今後のまちづくりが主な争点となる。投開票は１２日。
【表】田川市長選の立候補者
前市長の村上卓哉氏（５５）の出陣式では村上氏の妻が不祥事を謝罪。村上氏はセクハラ問題に触れず、「改革の歩みを後退させてはならない」と主張した。
第一声でハラスメント対策に言及したのは、元市長の二場公人氏（６９）と新人で前県議の佐々木允氏（４５）。二場氏は市長時代の実績に触れ、「絶対にハラスメントがないまちづくりを進める」と訴えた。佐々木氏は市議と県議を長年務めた経験を強調し、「市全体でハラスメントへの意識を高める」と述べた。
新人で元学習塾経営の浦野仁氏（３１）は政治経験やしがらみがないことをアピールし、「今の田川市はイメージが悪い。田川の新時代をつくる」と呼びかけた。
同市長選で４人が争うのは１９５１年、２０１５年と同じく戦後最多。主要政党が推薦などを出しておらず、同市を地盤とする自民党の武田良太・元総務相（衆院福岡１１区）も特定候補を支援していない。市内の商店経営の男性（７２）は「誰に投票するか迷っている。政策を実現するような人を見極めたい」と語った。
立候補を表明していた今永信之氏（６８）は届け出なかった。",[],[]
九州北部で大雨、土砂流入で熊本県美里町の国道などが通行止め…ＪＲ日豊線の一部区間は一時運行見合わせ（読売新聞オンライン）,https://news.yahoo.co.jp/articles/109846fc7e9df480c7c6a1d5175f5d8070a5cfe0,https://newsatcl-pctr.c.yimg.jp/t/amd-img/20260706-00000015-yomseibu-000-5-view.jpg?exp=10800,2026-07-06T09:50:15+09:00,2026-07-06T11:16:27+09:00,読売新聞オンライン,yom,読売新聞オンライン,267,"（写真：読売新聞）
九州北部では５日、梅雨前線による大雨で、道路や鉄道に影響が出た。
【動画】九州豪雨5年、今も思い出すと恐怖…球磨川の氾濫で熊本県球磨村の自宅は浸水
熊本県では、短時間に大雨をもたらす線状降水帯が発生。美里町の国道や八代市の県道などに土砂が流入して通行止めとなった。大分市でも、ＪＲ日豊線東別府―西大分間の線路に土砂が流れ込み、日豊線の一部区間で運行を一時見合わせた。
気象庁によると、６日も雨となり、午後６時までに予想される２４時間降水量は、長崎県で２００ミリ、福岡、佐賀、大分、熊本各県で１５０ミリとなっている。",[],[]
ノルウェー、ハーランドの２発で初のベスト８…敗れたブラジルは９大会ぶり１６強止まり（読売新聞オンライン）,https://news.yahoo.co.jp/articles/175eeea3306edd0885bc40f6aff0ab6a28eca8d2,https://newsatcl-pctr.c.yimg.jp/t/amd-img/20260706-00000107-yom-000-9-view.jpg?exp=10800,2026-07-06T09:42:17+09:00,2026-07-07T02:02:26+09:00,読売新聞オンライン,yom,読売新聞オンライン,360,"７９分、先制ゴールを決めたノルウェーのハーランド（右）（５日）＝松本拓也撮影
サッカー・ワールドカップ（Ｗ杯）北中米３か国大会の決勝トーナメント２回戦、ブラジル－ノルウェーが５日（日本時間６日）、ニューヨーク・ニュージャージースタジアムで行われ、ノルウェーが２－１でブラジルを破って初のベスト８に進出した。ブラジルがベスト１６で敗退するのは１９９０年イタリア大会以来、９大会ぶり。
ノルウェーはエースのハーランドが後半３４分にヘディングで先制点をたたき出すと、後半４５分にも２点目のゴール。ブラジルは後半アディショナルタイムに得たＰＫを途中出場のネイマールが決めて１点差に迫ったもの、及ばなかった。
２ゴールのハーランドは今大会通算７得点とし、得点ランキングトップのメッシ（アルゼンチン）、エムバペ（フランス）に並んだ。",[],[]
「バンダイチャンネル」運営会社にサイバー攻撃、４万６８００人を勝手に退会させた疑いで高１男子逮捕（読売新聞オンライン）,https://news.yahoo.co.jp/articles/9fa7e1402055c88ccc575dbd0f1ed06b8dd51696,https://newsatcl-pctr.c.yimg.jp/t/amd-img/20260706-00000101-yom-000-9-view.jpg?exp=10800,2026-07-06T09:30:18+09:00,2026-07-06T12:56:04+09:00,読売新聞オンライン,yom,読売新聞オンライン,872,"「プログラムはチャットＧＰＴに聞いて完成させた」
警視庁
アニメ配信サービス「バンダイチャンネル」の運営会社にサイバー攻撃を仕掛けて業務を妨害したとして、警視庁は６日、埼玉県所沢市の高校１年の男子生徒（１５）を偽計業務妨害容疑で再逮捕したと発表した。自作のプログラムを使って、チャンネルの会員約４万６８００人分のアカウントを勝手に退会させていたという。
【図】サイバー攻撃被害も「災害」…想定される主な「大規模インフラ障害」
男子生徒は容疑を認め、「プログラムは（対話型生成ＡＩの）チャットＧＰＴに聞いて完成させた」と供述している。同庁は、男子生徒が生成ＡＩを補助的に使うなどしてプログラムを完成させたとみている。
発表によると、男子生徒は当時中学３年だった昨年１１月４日、インターネットで同チャンネルの運営会社「バンダイナムコフィルムワークス」（東京）のサーバーに接続し、会員約４万６８００人分のアカウント登録を解除して、同社にサービスを一時停止させる対応を取らせて業務を妨害した疑い。逮捕は７月４日。
男子生徒は小学４年の頃からパソコンを使い始め、独学でプログラミングを学んでいたという。同社サーバーの脆弱性を突き、会員のＩＤとパスワードがなくてもサイト上からログインできる方法を見つけて、自作のプログラムで退会処理ページに侵入していたとされる。
サイバー攻撃を受け、同社は昨年１１月６日、公式ホームページで被害を公表。「一部情報が漏えいした可能性」があるとして、サービスを一時停止した。安全性の向上や再発防止策を講じた上で、同１２月１９日から再開していた。
捜査幹部によると、男子生徒の通信履歴からは、会員のメールアドレスや支払い方法、ニックネームなどを入手する別のプログラムを実行した形跡も見つかっていた。これらの情報の悪用は確認されておらず、男子生徒は「削除した」と供述しているといい、同庁が入手の目的を調べている。
男子生徒は６月１３日、同社のサーバーに侵入したとして不正アクセス禁止法違反容疑で逮捕され、処分保留で釈放されていた。",[],[]
日経平均株価、一時５００円超下落…６万９１００円台で推移（読売新聞オンライン）,https://news.yahoo.co.jp/articles/baaa404f150c7c7c82550ee04bdc8ea3512e5d65,https://newsatcl-pctr.c.yimg.jp/t/amd-img/20260706-00000099-yom-000-9-view.jpg?exp=10800,2026-07-06T09:17:52+09:00,2026-07-06T16:13:45+09:00,読売新聞オンライン,yom,読売新聞オンライン,85,"東京証券取引所
週明け６日の東京株式市場で、日経平均株価（２２５種）は一時、前週末終値（６万９７４４円０７銭）に比べて５００円超下落した。６万９１００円台で推移している。",[],[]
白人至上主義団体がワシントンで行進…白覆面にサングラス姿、南軍旗も掲げ「米国を取り戻せ」（読売新聞オンライン）,https://news.yahoo.co.jp/articles/9460769935e2c01f3c4f9bf7b8f181976ce55390,https://newsatcl-pctr.c.yimg.jp/t/amd-img/20260706-00000096-yom-000-13-view.jpg?exp=10800,2026-07-06T09:00:45+09:00,2026-07-06T20:49:20+09:00,読売新聞オンライン,yom,読売新聞オンライン,338,"４日、ワシントンで、覆面姿で行進する「パトリオットフロント」のメンバー＝ＡＰ
【ワシントン＝中根圭一】ロイター通信によると、米国の白人至上主義団体「パトリオットフロント」のメンバーが４日、ワシントンの連邦議会議事堂周辺を覆面姿で行進した。建国２５０年の節目に存在感を示す狙いとみられる。
【図】一目でわかる…日本とアメリカのコンビニ、どこが違う？
同団体は２０１７年に結成された。同通信によると、約４００人が白い覆面に帽子やサングラス姿で行進し、「米国を取り戻せ」と訴えた。南北戦争（１８６１～６５年）で奴隷制存続を支持した南部連合が使用した「南軍旗」なども掲げた。
トランプ大統領が多様性政策の見直しや移民規制を進める中、白人至上主義団体の活動が目立つようになってきている。",[],[]
米建国「２００年」では何をした？…建国の地で自由や正義を宣言、大統領は「希望に満ちた未来への礎」（読売新聞オンライン）,https://news.yahoo.co.jp/articles/58a6462dd6b8a7ac7a4136e780f0e3f3807c203b,https://newsatcl-pctr.c.yimg.jp/t/amd-img/20260706-00000061-yom-000-12-view.jpg?exp=10800,2026-07-06T09:00:34+09:00,2026-07-06T20:49:01+09:00,読売新聞オンライン,yom,読売新聞オンライン,972,"［ニュースＱ＋］建国記念行事、その内容は？
建国２５０年を祝う会場で盛大に打ち上がった花火（５日）
米国は４日、独立宣言の採択から２５０年を迎えた。トランプ大統領は同日深夜の演説で「米国は世界中の希望、栄光であり続けた」と強調し、「最高の時代はこれから訪れる。米国の黄金時代の幕開けにすぎない」と宣言した。
Ｑ　米国の建国２５０年とは。
Ａ　英国の植民地だった１３の地区の代表者がペンシルベニア州フィラデルフィアに集まり、１７７６年７月４日、「独立宣言」に署名したとされる。英国から高い関税を課されることなどに対して不満を抱き、独立に動いた。「すべての人は平等につくられ、一定の不可侵の権利を持つ」。米国は奴隷制度や格差など様々な課題を抱えながら、２５０年、この建国の基本理念を受け継いできた。
Ｑ　建国２００年時のイベントはどうだったか。
Ａ　１９７６年は、フォード政権のもとで祝賀イベントが行われた。「建国の地」であるフィラデルフィアでフォード氏が演説を行い、独立宣言に掲げられた自由や正義などへの約束を改めて「記念宣言」とし、署名した。ニューヨーク港では多国籍の海軍艦船による国際観艦式が行われ、国際的な融和を示した。公民権運動やベトナム戦争といった国を二分する歴史的な出来事を乗り越えて迎えた建国２００年のイベントについて、フォード氏は後に「希望に満ちた未来への礎」と振り返っている。
Ｑ　今回はどうか。
Ａ　祝賀イベントは、トランプ政権が主導する「フリーダム２５０」と、オバマ政権時に設立され、米連邦議会が超党派で準備を進めてきた「アメリカ２５０」が担っている。主体により内容が大きく異なり、フリーダム２５０は娯楽性の高いイベントが多い一方、アメリカ２５０は歴史や教育的視点を重視したイベントを展開している。
必要な費用については、トランプ氏の意向を反映して多くの予算や寄付がフリーダム２５０に流れ込んでいるとされる。一方、フリーダム２５０の開幕イベントを巡っては、出演予定だった複数のアーティストが「超党派の式典ではない」と出演を見合わせた。
Ｑ　トランプ氏の狙いは。
Ａ　祝賀イベントを通じて繰り返し演説し、自らの政策が歴史的功績を残しているとアピールしている。米メディアは「都合のいいように歴史を書き換えている」と指摘している。",[],[]
自宅で小１の長女殺害の疑い、４２歳会社員の父親逮捕「長女と長男の首をネクタイで絞めて殺した」（読売新聞オンライン）,https://news.yahoo.co.jp/articles/95822b89fbe1f05e56048284469ec03945fea3a1,https://newsatcl-pctr.c.yimg.jp/t/amd-img/20260706-00000082-yom-000-8-view.jpg?exp=10800,2026-07-06T08:39:24+09:00,2026-07-06T22:16:29+09:00,読売新聞オンライン,yom,読売新聞オンライン,388,"３歳長男もその場で死亡
群馬県警察本部
５日午後８時５分頃、群馬県伊勢崎市田中島町の民家で、子ども２人が倒れていると、帰宅した母親（３８）から１１９番があった。救急隊員が駆けつけたところ、小学１年の長女井上明莉（あかり）さん（６）、長男柊利（しゅうり）ちゃん（３）が布団の上で倒れており、その場で死亡が確認された。県警は６日、長女に対する殺人容疑で、父親の会社員井上敏典容疑者（４２）を逮捕した。
【図表】「ここ１０年で治安は悪くなった」と回答…思い浮かべた犯罪のトップは？
発表によると、井上容疑者は５日午後、自宅で明莉さんの首を絞めて殺害した疑い。通報があった約３０分後、伊勢崎署に出頭し、調べに対し、「長女と長男の首をネクタイなどで絞めて殺した」と話しているという。県警は動機を調べるとともに、長男への殺人容疑でも捜査する方針。
井上容疑者は妻と子ども２人の４人暮らし。",[],[]
妹島和世さん設計「道の駅」誕生へ、２０２９年に山形・村山市へ移転…自由に上がって歩き回れる円形屋根（読売新聞オンライン）,https://news.yahoo.co.jp/articles/ac8ef8f3efcd2b087f235baf07d1a946469598a1,https://newsatcl-pctr.c.yimg.jp/t/amd-img/20260705-00000204-yom-000-5-view.jpg?exp=10800,2026-07-06T07:55:33+09:00,2026-07-06T22:26:41+09:00,読売新聞オンライン,yom,読売新聞オンライン,859,"ＳＡＮＡＡが提案した道の駅のイメージ図＝村山市提供
２０２９年に移転開業を予定する山形県村山市の「新・道の駅むらやま」の設計を、世界的建築家の妹島和世さん（６９）が手がけることが決まった。「みんなが集まり、つながる。公園のような道の駅」がコンセプト。中庭を囲んだ円形の屋根に自由に上がることができる斬新な設計だ。
「美しいやまなみに囲まれた村山市に、どこからでもにぎわいが感じられる『駅』をつくる」
６月１３日に市内で開かれた報告会。建築界のノーベル賞と呼ばれる「プリツカー賞」を受賞し、フランスのルーブル美術館の別館「ルーブル・ランス」など著名建築の設計を担った妹島さんはこう力説した。
妹島さんと西沢立衛さんの建築家ユニット「ＳＡＮＡＡ（サナア）」（東京）が設計事業者を務める。運営は温泉旅館を経営する古窯ホールディングス（上山市）のグループ会社「リード」（同市）が行う。
初公開されたイメージ図では、直径１００メートルの特徴的な屋根がなだらかに地面へと接し、上がって歩き回れる。見通しの良いガラス張りで、どこからでも入ることができるという。敷地面積は現在の２倍以上となる約４万３０００平方メートルで、総事業費は４１億５０００万円を見込む。
国道１３号沿いにある現在の道の駅は１９９８年の開業。老朽化が進み、東北中央道の開通で交通量減少などが課題となっていた。新道の駅も同じく国道１３号沿いに建設されるが、村山駅や村山インターチェンジに近く、市内外からの集客が見込まれる。
報告会には市民ら約３００人が出席。妹島さんと西沢さん、新道の駅駅長に就任予定のリードの木幡純一さんらが今後の計画やコンセプトを語った。施設には産直や２４時間対応のフードコートが入り、バーベキュースペースやドッグランも併設される。
妹島さんは「たくさんの人に来てもらい、完成後もみんなで新しい道の駅を作り上げ続けていけたら」と期待を込めた。木幡さんは「『食文化の港』を目標に、何かおいしいものがあると期待が湧く道の駅にしたい」と意欲を語った。",[],[]
あす未明にスペイン対ポルトガル戦、持ち味発揮のGK対決にも注目…楢崎正剛のGK考（読売新聞オンライン）,https://news.yahoo.co.jp/articles/a4ccac9430d62b0cbf2ca036c0fe32bff9abb5f8,https://newsatcl-pctr.c.yimg.jp/t/amd-img/20260704-00000352-yom-000-5-view.jpg?exp=10800,2026-07-06T07:49:09+09:00,2026-07-06T08:11:59+09:00,読売新聞オンライン,yom,読売新聞オンライン,1306,"サッカーのワールドカップ（Ｗ杯）北中米３か国大会は、日本時間７日午前４時から決勝トーナメント２回戦でスペインとポルトガルが激突する。元日本代表ＧＫの楢崎正剛さんが両チームの守護神に注目した。
【表】一目でわかる…日程と組み合わせはこちら
ウナイ・シモン（スペイン）幅広く守れる
オーストリア戦で跳び上がってボールをセーブするスペインのシモン＝ＡＰ
スペインのシモン（ビルバオ）、ポルトガルのＤ・コスタ（ポルト）はいずれもビッグクラブの所属ではないが、長く代表のスタメンを張っていて安定した力を発揮している。
スペインのＧＫ陣にはラヤ（アーセナル）、Ｊ・ガルシア（バルセロナ）もいて、彼らのプレーも見てみたかったが、シモンはフィールドプレーヤー（ＦＰ）のようなプレーができ、ＤＦの後ろのスペースを幅広く守れるモダンな選手。目立ったセーブがバンバン出るわけではないが、チームにすごくフィットしているから、デラフエンテ監督の第１チョイスなのだろう。
オーストリア戦では後半立ち上がりに１点ビハインドの相手がプレッシャーをかけにきたが、うまくパスをつないで出はなをくじいた。ＦＰの技術も高く、彼らの触れるところにボールを出せば、プレスを回避してくれるという安心感も大きいと思うが、シモンのボールさばきもＦＰがもう１人いるぐらいのイメージ。前からプレスにくれば、ほかのどこかが空くので、それを逆手にとって味方にパスを届けるテクニックもある。
そして、ＧＫとして大事なことだが、予測と準備の精度が高い。ウルグアイ戦の終盤、相手のスルーパスに飛び出し、ペナルティーエリアぎりぎりのところでフロントダイビング（前方に体を投げ出す）でボールを奪った。ペナルティーエリア内の広い範囲でルーズボールを拾い、ピンチを未然に防ぐプレーが本当に多い。
ディオゴ・コスタ（ポルトガル）１対１に強み
一方、Ｄ・コスタは今大会、すごくシャープに動いて、守備面でしっかり貢献している。ポルトガルはＤＦラインに強さのある選手はいるが、やはり隙がある感じは否めない。そのようなチームの中で、ピンチには前に出て自分の間合いに引き込むタイプで、１対１で力を多く発揮し、チームの綻びを救っている。
クロアチア戦の後半、ゴールエリアの角付近で、相手選手との間合いを詰めて、シュートを体で防いだ場面があった。セービングもしっかりしていて、同じ試合で低いシュートを指先で確実にはじいて防いでいた。味方ＤＦがハイタッチして喜んでいるのを見る回数が多くあり、そのようなシーンを見るとチームをフォローしているのがよくわかる。
無失点で終えたコロンビア戦でも、多くのシュートを止めていた。やられた、というような場面で、しっかり体を張れるメンタリティーがあるし、体も動くから、ダイビング、セービングにも幅がある。現在、２６歳。場数を重ねてきて、プレーが研ぎ澄まされている段階かもしれない。
ポルトガルは攻撃的な選手が多く、後ろに下がって守ることはしないだろうし、守り切れるチームかはわからない。ＧＫが何回かチームを救うプレーを見せることが、勝ち上がっていく条件なのかと思う。",[],[]
メガ銀が中小向けサービス拡充、即日口座開設やアプリで複数業務完結…預金獲得や新興企業囲い込み狙う（読売新聞オンライン）,https://news.yahoo.co.jp/articles/c3317591bf21207266886ebd8bfbaba40c42b65d,https://newsatcl-pctr.c.yimg.jp/t/amd-img/20260706-00000009-yom-000-3-view.jpg?exp=10800,2026-07-06T07:35:43+09:00,2026-07-06T07:51:14+09:00,読売新聞オンライン,yom,読売新聞オンライン,1303,"新たな法人向けサービスを発表するみずほＦＧの木原社長（中央）ら（東京都千代田区で）
みずほや三井住友などメガバンクグループが中小企業向けの総合金融サービスを相次いで打ち出している。口座開設から決済、資金管理まで包括的に対応するのが特徴だ。国内企業の９９％を占める中小への関与を強め、貸し出し原資となる預金の獲得や有望な新興企業の囲い込みにつなげる狙いがある。
【表】一目でわかる…投信「インデックス」「アクティブ」の違い
ＡＩ活用
みずほフィナンシャルグループ（ＦＧ）は６月末、新たな法人向けサービス「アップサイダーバンク」を始めた。新規申し込みから最短即日で口座開設が可能になるほか、他行宛ての振込手数料を業界最低水準の１００円に抑える。
人工知能（ＡＩ）で銀行口座の入出金情報や決済データを分析し、将来の成長性などを予測して与信枠を設定するのが特徴だ。行員が財務諸表を読み込むなどして行っていた従来の与信判断に比べ、時間と手間を大幅に減らすことができるという。
みずほＦＧの木原正裕社長は記者会見で「企業のかなりの数が中小・中堅企業だ。ここの成長がないと大企業の成長もない」と強調した。２０３０年度までに１０万口座の獲得を目標に掲げる。
アプリで完結
先行するのは三井住友ＦＧだ。２５年５月、中小企業向け総合金融サービス「トランク」を開始。企業が決済や資金繰りの状況をアプリで一括管理でき、請求書への支払いなど複数の経理業務がアプリ上で完結することが売りだ。開始１年で７万口座を超えた。
三菱ＵＦＪＦＧも２６年度内をめどにオンラインで完結する金融サービスを始める。クラウド会計ソフト大手と連携し、経理や会計処理の効率化を後押しする。
各行に共通するのは、迅速な口座開設や低めの送金手数料で新規申し込みのハードルを下げ、財務管理の一元化を通じて企業の負担軽減につなげる点だ。人手不足に悩む新興企業などを支援するとともに、将来的な新規株式公開やＭ＆Ａ（合併・買収）など、より収益性の大きい取引につなげる狙いがある。
伸び悩み
「金利のある世界」の定着に伴う預金獲得競争の激化も背景にある。地銀やネット銀行も含めて金利引き上げの動きが強まる中、３メガは得意とする総合力で顧客の囲い込みを図る。
日本銀行によると、２６年５月時点の国内銀行の貸出残高（月平均）は５９１兆円と、５年前から１８％増えた。コロナ禍で抑え込まれていた設備投資意欲が徐々に回復しているとみられ、銀行にとっては収益機会を拡大する好機となる。
一方、預金残高（同）は９２０兆円と５年前からの伸び率は１０％にとどまる。人口減少に加え、投資熱の高まりで株式などにお金を回す個人が増えているためだ。金融機関は都市部の大企業向けを中心とした従来型の融資だけでは成長が見込みにくく、すそ野の広い中堅・中小企業の取り込みが欠かせなくなっている。
銀行経営に詳しい東洋大の野崎浩成教授は「企業のデジタル化を進め、人手不足を解消するビジネスモデルを提案できるかが重要になる。企業の成長支援に向けて、銀行が『目利き力』を一層高めていくことも必要だ」と指摘する。",[],[]
海水温上昇で「少子化」、西日本で天然トラフグ激減…水産庁の漁獲制限検討に漁業者ら反発（読売新聞オンライン）,https://news.yahoo.co.jp/articles/eaaf5a46673c1122a95cf88c4df06b19c439d67c,https://newsatcl-pctr.c.yimg.jp/t/amd-img/20260706-00000070-yom-000-6-view.jpg?exp=10800,2026-07-06T06:59:31+09:00,2026-07-06T08:32:00+09:00,読売新聞オンライン,yom,読売新聞オンライン,1446,"山口県下関市で水揚げされたトラフグ。西日本では漁獲量が激減している＝水産資源研究所提供
高級魚の天然トラフグの漁獲量が、下関（山口県）など西日本側の産地で激減している。２０年前の半分以下まで落ち込んだ。海水温の上昇で親魚が産卵場所に近づかず、「少子化」が進んでいるという。国は資源保護から漁獲総量を事前に定める制度（ＴＡＣ）の導入を検討するが、産地の漁業者らは収入減を理由に反発している。（坂田元司）
０歳魚が減
水産庁などによると、天然トラフグの産地は、西日本を中心に日本海・東シナ海・瀬戸内海を回遊するグループと、太平洋側の東海、東北・関東グループの三つに大別される。
漁獲量は、２０２４年は西日本が１３１トン、東海１４４トン、東北・関東１５５トンだった。太平洋側は１９年は東海６６トン、東北・関東４８トンでここ数年で急増している。対して西日本は減り、現行調査が始まった０２年（３６３トン）の４割弱だ。養殖は各地で行われ、２４年の「ふぐ類」の養殖量は２７５８トンに上る。
天然トラフグの太平洋側の増加理由は不明だが、西日本の減少の一因に０歳魚減がある。トラフグの寿命は１０年超とされ、３歳以上の親魚が産卵する。０歳魚は約２０年前から減少傾向にあり、２４年（約１１万匹）は０５年（約８２万匹）の１割強にとどまる。「少子化」で漁獲の大きな割合を占めていた０～２歳が減ったことが響いている。国の研究機関「水産資源研究所」は「このままでは資源が枯渇してしまう」と分析する。
０歳魚減の背景には、温暖化による海水温上昇が考えられている。トラフグは生まれた場所で産卵・放精する。西日本では瀬戸内海や関門海峡などに大きな産卵場所があり、親魚は３～６月の産卵期に東シナ海などから戻ってくる。しかし産卵場所に暖かい水が流れ込んで産卵に適した水温（１１～１６度）を上回り、近づかなくなっているという。
理解求める
水産庁は２３年、西日本のトラフグへのＴＡＣ導入方針を表明した。制限する時期や量は未定だが、一時的に１００トン未満にする必要があるとの推計も示す。
他地域でのＴＡＣは、東海は議論が進んでおらず、東北・関東は当面導入されない見通しだ。両地域は漁獲量が増えていることと、産卵データが集まっておらず生態が不明のためという。同庁はＴＡＣで制限したクロマグロは資源量が戻ったことを例に、「制限が遅れて資源量が減れば、回復に時間がかかる」と西日本導入への理解を求める。
収入減になる
山口、長崎両県など西日本の漁業者らは「収入減になる」とＴＡＣ導入に反発する。東北・関東産が流通する市場が増え、下関市場の「全国一の取扱量」とのブランドを失いかねないとの懸念も強い。山口県は今年６月、ＴＡＣの全国一律導入を水産庁に要望した。
同県内の仲卸業者などでつくる「下関ふく連盟」の郷田祐一郎理事長は、各漁場では漁期制限や稚魚放流に取り組んでいると強調し、「他地域が取り放題では不公平。自主的な対応で十分だ」と話した。
東京海洋大の勝川俊雄准教授（水産資源学）は、「資源が回復すれば全体の収入増につながる。国は漁業者側に説明を重ねる努力が必要だ」と指摘する。
◆ＴＡＣ＝Ｔｏｔａｌ　Ａｌｌｏｗａｂｌｅ　Ｃａｔｃｈの略。日本は１９９７年に導入した。農相が審議会などの意見を聴いて対象魚種や漁獲可能量を決める。農相か知事が管理し、違反した漁業者には指導や勧告、漁獲停止命令を行う。現在のＴＡＣ対象はサンマ、ブリなど３０魚種。",[],[]
日本統治時代に持ち込みか、マリアナ諸島ロタ島にコーヒー群生地…「友好の証しに」日本人２人が特産品化へ尽力（読売新聞オンライン）,https://news.yahoo.co.jp/articles/f2d0d16acdb1089952b360f3778681c6e60fe083,https://newsatcl-pctr.c.yimg.jp/t/amd-img/20260706-00000043-yom-000-4-view.jpg?exp=10800,2026-07-06T06:36:51+09:00,2026-07-06T09:58:48+09:00,読売新聞オンライン,yom,読売新聞オンライン,1853,"太平洋戦争で日米が激突したマリアナ諸島のロタ島で、日本統治時代に持ち込まれたとみられるコーヒーの木の群生地が見つかった。戦火を生き抜いた「奇跡のコーヒー」として、平和と友好の象徴にしたいと願う２人の日本人の手で商品化が進められている。（波多江一郎）
「島を盛り上げたい」
ロタ島から運んだコーヒーの若木を見つめながら、商品化の夢を語る大西さん（東京都青梅市で）
ジャングルに群生する木から摘んだ豆を焙煎（ばいせん）して湯を注ぐと、慣れ親しんだ茶褐色の液体とともに豊かな香りが広がる。「たわわになった実はやはり本物だった」。東京都青梅市の大西喜代一さん（７４）は、今回の発見を喜ぶ。
島との出会いは１９９３年。旅行で訪れ、手つかずの自然や人懐っこい島民が気に入った。趣味のトライアスロン仲間と現地で大会を開くと、毎年多くの日本人が参加する人気イベントに育った。ところが、２００１年の米同時テロなどを機に島を訪れる人は減り始め、２３回目となるはずだった１６年大会は中止に追い込まれた。
なんとか島を盛り上げたいと考えを巡らせる中で浮かんだのが、「昔、山にコーヒーの木がたくさんあった」という島民の言葉だ。「探し出して島の名物にしよう」と思い立ち、１７年に親交があったロタ市長らに構想を伝えた。翌年、島最高峰のサバナ山の中腹で群生地が見つかったと連絡が入った。
品種はティピカ
ＵＣＣジャパンの農事調査室長、中平尚己さん（５７）は１９年、相談を寄せた大西さんとともに島へと渡った。現地で新芽が茶色い特徴を見てピンときた。「日本人が持ち込んだアラビカ種のティピカではないか」。直営自社農園の維持管理や技術指導を担っていた中平さんは、かつてハワイに移住した日本人が、台湾やサイパンにティピカを持ち込んだという話を思い出した。
大日本海外青年会が１９３５年に発行した「海外発展案内書」には、大阪市の企業「南洋コーヒー」がサイパンなどに続いてロタに進出を図るという記載が残り、後の文献にも「ロタ島で約二百町歩のコーヒー農場を経営、活発な発展を続ける」旨が記されていた。
コーヒーの木は研究機関の検査でティピカと確認され、群生地ではアサヒビールやサッポロビールの前身「大日本麦酒」の瓶も見つかった。中平さんは「南洋コーヒーの跡地でほぼ間違いない。磨き上げれば人を呼べるコーヒーになる」と確信した。
島の誇りに
群生地近くに１０００本の若木を移した農園を整備し、中平さんが現地入りして指導を続ける。捜索に協力し、今は農園を管理するデビット・カルボさん（６１）は「コーヒーが過去、そして日本との『生きたつながり』として残ってくれたことに感謝している。島の誇りになるだろう」と期待する。
透き通った海の色にちなんで「ロタブルーコーヒー」としてブランド化し、数年後に島の特産品化を目指す計画が進む。中平さんとともに日本での試飲会に向けた準備に奔走する大西さんは「戦争で島が焦土にならなかっただけでなく、様々な偶然と島民の協力があって初めて味わえたコーヒー。日本とロタの友好の証しにしたい」と夢を描く。
◆ロタ島＝米自治領で、日本の南方約２５００キロ・メートルに位置する。人口は２０００人弱。第１次大戦後の１９２０年から終戦まで日本の委任統治領だった。
太平洋戦争　日本防衛　最前線に
ロタ島を含む一帯は太平洋戦争末期、劣勢に立った日本の防衛線「絶対国防圏」の最前線となった。
日本本土を目指すＢ２９爆撃機の拠点とするため、米軍は１９４４年６月、ロタ島の北約１００キロ・メートルにあるサイパン島へ上陸を始めた。７月に日本の守備隊が玉砕した。多くの民間人が巻き添えとなり、集団自決も起きた。
米軍の進攻を受けたテニアン島にいた伊藤久夫さん（９１）（福島県会津坂下町）は「激しい空襲や艦砲射撃を受け、母親らと防空壕（ごう）に命からがら逃げ込んだ」と当時の恐怖を振り返る。グアム島を含むマリアナ諸島では９万人余りが犠牲になったとされる。
一方、日本人と現地住民合わせて約６０００人が残ったロタ島は断崖に囲まれており、米軍の空襲を受けながらも上陸は免れ、終戦まで日本の勢力下に残った。日本兵の戦没者は２３６人だった。
南洋コーヒーを設立した住田多次郎の貿易会社にルーツを持つ食品商社「エム・シー・フーズ」（東京）営業本部長の栗田高義さん（５３）は「戦争の苦難を乗り越えたコーヒーが、日本人の協力で発見されたことは運命的だ」と感慨深げに話す。",[],[]
「今日、打たなかったら終わる」腐らず鍛錬積んだ巨人・笹原、集中力研ぎ澄ましプロ初アーチ（読売新聞オンライン）,https://news.yahoo.co.jp/articles/06ef9381ba0e0a3b50b3fea0f5e0c77d91e25654,https://newsatcl-pctr.c.yimg.jp/t/amd-img/20260705-00000225-yom-000-4-view.jpg?exp=10800,2026-07-06T06:00:17+09:00,2026-07-06T07:55:01+09:00,読売新聞オンライン,yom,読売新聞オンライン,764,"巨人１－０中日（セ・リーグ＝５日）――巨人が零封勝ちした。二回に笹原のソロで先制。井上が７回無失点と好投し、田中瑛、マルティネスがリードを守り切った。中日は７回１失点の金丸を援護できず。
◇
２回２死、笹原が先制のソロを放つ（５日）＝帖地洸平撮影
伏兵が放った一発に歓声と、どよめきが入り交じる。巨人の笹原が二回にプロ初アーチ。今季２試合目の先発で「この試合に懸けていた」という高卒５年目の右打者が、虎の子の１点をたたき出した。
二死走者なし。狙っていたという初球の１５０キロを迷いなく振り抜いた。打球が右翼テラス席に飛び込むと、笑みを浮かべた背番号９５が誇らしげにダイヤモンドを１周した。
長野・上田西高から育成ドラフト４位で入団。昨季、支配下選手契約を勝ち取ったが、十分にアピールできず、オフに再び育成選手に戻った。今季は、同い年で育成選手だった平山が支配下登録され、自分が付けていた背番号６９で躍動。プロ初本塁打も先を越された。悔しさを味わったが、「チャンスがきたら必ずやってやる」と、腐らずに鍛錬を積んできた。
二軍戦で好結果を残し、６月下旬に支配下復帰。先発した同３０日のヤクルト戦では無安打ながら、橋上監督代行は「直球にも、変化球に対しても対応力が高い」と内容を評価し、再びスタメン起用した。チームの打撃不振を解消するため、指揮官が一、二軍の入れ替えも含めた打線のテコ入れに言及していた中での出場機会。「今日、打たなかったら終わる」と集中力を研ぎ澄まし、最高の結果に結びつけた。
チームの連敗が止まったとはいえ、今カードは３戦で計２得点にとどまり、打線は湿ったままだ。次カードは上位争いを繰り広げる阪神との３連戦。ハングリー精神にあふれる２２歳の一打がたぐり寄せた勝利を弾みにして、ライバルを打ち破りたい。（田原遼）",[],[]
防衛省に局増設へ、他国と防衛協力や交流する国際連携所管が有力…骨太の方針に向け政府・与党調整（読売新聞オンライン）,https://news.yahoo.co.jp/articles/c1698a85810369b40275329788cdcacf4179143e,https://newsatcl-pctr.c.yimg.jp/t/amd-img/20260705-00000230-yom-000-6-view.jpg?exp=10800,2026-07-06T05:01:08+09:00,2026-07-06T18:49:39+09:00,読売新聞オンライン,yom,読売新聞オンライン,776,"新たな局の増設を検討する防衛省（東京・市ヶ谷で）
政府・与党は、防衛省に新たな局を増設する方向で調整に入った。他国との防衛協力・交流など国際連携を所管する局の増設が有力となっている。日本の安全保障環境が厳しさを増す中、同盟国・同志国との連携強化などを担う体制を拡充し、防衛力を高める狙いがある。
【データ比較】空母化した護衛艦「かが」を米「ロナルド・レーガン」、中国「山東」と比べると
複数の政府・与党関係者が明らかにした。政府は、今月決定する「経済財政運営と改革の基本方針（骨太の方針）」に、こうした方向性を盛り込む。早ければ来年の通常国会に防衛省設置法改正案を提出し、来年度中の増設を目指す。実現すれば、同省では地方協力局が設置された２００７年以来となる。
国際連携に関する業務は現在、防衛政策局が所管している。同局には、自衛隊の運用や情報収集・分析など幅広い業務が集中しており、国際連携の業務を切り分けることで、負担軽減も図りたい考えだ。
中央省庁の局の総数は、国家行政組織法で「９７以内」と定められている。現在は他省庁を含めて９４の局があることから、防衛省内では、上限に達する３局の増設を求める声が出ている。重要性が高まっているサイバー分野への対処や、自衛隊の補給・輸送、防衛施設の整備などに関する局を増設する案もある。
増設を検討する背景には、安保環境の変化に伴う業務量の増加に対し、人員配置や組織の見直しが行われてこなかったことがある。中国や北朝鮮、ロシアの軍事的な脅威が増す中で、日本の抑止力を維持するには、東南アジアや欧州各国との連携強化が急務となっている。
自民党安保調査会は６月に高市首相に提出した提言で、「防衛省が対応すべき政策課題は増加の一途をたどり、現在の体制では明らかに不十分だ」と指摘し、新たな局を増設するよう求めていた。",[],[]
国連機関がＡＩと知的財産対策を強化…音楽・出版の著作権侵害巡る技術的解決策を議論、１１月に中間報告（読売新聞オンライン）,https://news.yahoo.co.jp/articles/fcdb3570191081976e50ca33c26bdc33aa48a16d,https://newsatcl-pctr.c.yimg.jp/t/amd-img/20260705-00000221-yom-000-4-view.jpg?exp=10800,2026-07-06T05:00:55+09:00,2026-07-06T06:29:24+09:00,読売新聞オンライン,yom,読売新聞オンライン,993,"ジュネーブで本紙のインタビューに応じるＷＩＰＯのダレン・タン事務局長＝船越翔撮影
【ジュネーブ＝船越翔】国連専門機関の世界知的所有権機関（ＷＩＰＯ）が、生成ＡＩ（人工知能）と知的財産を巡る問題の対策強化に乗り出す。日米欧などのＡＩや知財の専門家グループを設置し、ＡＩによる音楽や出版分野の著作権侵害などに対する技術的な解決策を議論する。１１月にジュネーブで議論の中間報告を行う方針だ。
【図解】ひと目で分かる…生成ＡＩの仕組み（文章生成の場合）
ＷＩＰＯのダレン・タン事務局長が読売新聞のインタビューで明らかにした。専門家グループには、生成ＡＩ関連事業を展開する富士通のほか、米ＩＴ大手グーグルや米音楽大手ユニバーサル・ミュージック・グループ、米報道機関が加盟するニュース／メディア連合、著作権協会国際連合、欧州視覚芸術家協会などから約１００人が参加する。
専門家グループは、生成ＡＩの開発企業がオンライン上の文章や画像、楽曲などの著作物を無断で大量収集し、ＡＩの学習に利用することへの対応などを議論する。世界的に著作権の保有者が損害を受けたとして開発企業を提訴するケースが相次いでおり、生成ＡＩ開発に伴う著作権侵害への懸念が高まっている。
対策としては、著作物がＡＩ開発に無許可で利用されたことを検知するため、文章や画像の電子データに識別情報を埋め込んで追跡する「電子透かし」など複数の技術の開発が進んでいる。専門家グループは技術の効果的な運用方法や改善点などについて協議し、無断利用に対処するための仕組みづくりを検討する。
ＡＩ開発時の著作権侵害が確認された場合、ＡＩ開発企業側の適切な対価の支払いが焦点になるため、対価についての知見やノウハウを持つ著作権管理団体も議論に参加する。
グループは最新の専門的見地からの議論を行い、１１月にジュネーブで開く会合で議論の内容や成果を公表する。各国の政策や取り組みへの反映を促していく考えで、タン氏は「生成ＡＩが適切に開発、活用されるための環境を整えることが重要だ。議論の中身や認識された課題について、透明性を持って伝えていく」と話している。
◆世界知的所有権機関（ＷＩＰＯ）＝特許や商標など知的財産権の保護を目的として１９７０年に設立。本部はスイス・ジュネーブ。現在、１９４か国が加盟している。途上国の知財制度の整備支援などにも取り組む。",[],[]
大坂なおみ、初のウィンブルドン準々決勝進出…世界ランク１位のサバレンカを圧倒（読売新聞オンライン）,https://news.yahoo.co.jp/articles/ed85bc7fb2835a318aadad30375c049f2c468c31,https://newsatcl-pctr.c.yimg.jp/t/amd-img/20260706-00000065-yom-000-14-view.jpg?exp=10800,2026-07-06T03:15:30+09:00,2026-07-06T15:02:00+09:00,読売新聞オンライン,yom,読売新聞オンライン,451,"準々決勝進出を決めた大坂なおみ（５日）＝富永健太郎撮影
【ウィンブルドン（英）＝工藤圭太】テニスのウィンブルドン選手権は５日、ロンドン郊外のオールイングランド・クラブで女子シングルス４回戦が行われ、第１４シードの大坂なおみ（フリー）が第１シードのアリーナ・サバレンカ（ベラルーシ）を６―２、７―６で破り、初の準々決勝進出を決めた。
【写真特集】大坂なおみ、着物風の衣裳で入場…ウィンブルドン2026
大坂は序盤から強力かつ正確なショットを随所に決め、第３ゲームをブレイク。５ゲーム目もブレイクし、第１セットを先取した。第２セットは互いにキープし合う展開。もつれこんだタイブレイクは、６連続得点を決めて、世界ランキング１位のサバレンカを圧倒した。
試合後のコート上でのインタビューでは、「とても楽しい試合だった。このコート（センターコート）では初めて勝てたのでうれしい」と話し、喝采を浴びた。
大坂は四大大会で全米、全豪をそれぞれ２度ずつ制しているが、ウィンブルドンはこれまで３回戦進出が最高成績だった。",[],[]
滋賀県議補選、諸派新人の森川瑛理奈氏（40）が初当選・大津市選挙区…自民党新人の細川俊行氏（71）破る（読売新聞オンライン）,https://news.yahoo.co.jp/articles/b902c4705d46f5443f8950dc6785fc8ee1a9b53f,https://newsatcl-pctr.c.yimg.jp/t/amd-img/20260705-00000112-yomosaka-000-5-view.jpg?exp=10800,2026-07-06T00:31:24+09:00,2026-07-06T13:23:43+09:00,読売新聞オンライン,yom,読売新聞オンライン,114,"選挙・滋賀
滋賀県議補選大津市選挙区（欠員１）も５日、投開票され、諸派新人で前市議の森川瑛理奈氏（４０）が、自民党新人で前市議の細川俊行氏（７１）を破って初当選した。
【結果】２氏の得票結果はこちら
投票率は３９・０６％だった。",[],[]
季節の花や海、楽しんで歩きリフレッシュ…青森・八戸で「みちのく潮風トレイルウォーク」（読売新聞オンライン）,https://news.yahoo.co.jp/articles/d95b687c96170f51477876d26d2982e0241c7ed5,https://newsatcl-pctr.c.yimg.jp/t/amd-img/20260705-00000210-yom-000-3-view.jpg?exp=10800,2026-07-06T00:10:26+09:00,2026-07-06T00:23:23+09:00,読売新聞オンライン,yom,読売新聞オンライン,1076,"東日本大震災で被災した青森、岩手、宮城、福島４県を結ぶ約１０００キロの自然歩道「みちのく潮風トレイル」を散策するイベント「みちのく潮風トレイルウォークｉｎ八戸ｗｉｔｈポケモンローカルＡｃｔｓ」が５日、青森県八戸市の種差海岸で開かれた。全国から参加した５２６人は季節の花や雄大な太平洋などの自然を楽しんだ。
みちのく潮風トレイルは、八戸市から福島県相馬市までを結ぶ長距離自然歩道で、東日本大震災からの復興を支えようと環境省が整備し、２０１９年６月に全線開通した。県内のルートは、八戸市と階上町の計約４８キロに及ぶ。
ウミネコの鳴き声が響く中、蕪島海浜公園で行われた開会式には、実行委員会名誉顧問の大島理森・元衆院議長が登壇。「これまでの歴史と地域のあり方について、思い起こしながら楽しんでもらえれば」と話した。読売新聞東京本社の村岡彰敏社長は「景勝地の種差海岸でスタートを切ります。自分のペースで楽しく歩いてください」と呼びかけた。
参加者は海浜植物と高山植物が咲き誇る中須賀や、鳴砂で知られる大須賀海岸を散策した。完歩した参加者には、読売新聞、読売ＫＯＤＯＭＯ新聞、読売中高生新聞の３紙計６００セットが配られた。
約８キロのコースに夫婦で挑戦した岩手県久慈市の公務員（２９）は「海が常に見えて気持ちよく歩けた。風も吹いていてリフレッシュできた」と満足そうだった。
ゴール会場付近の種差海岸インフォメーションセンターには、人気ゲーム「ポケットモンスター」のピカチュウと記念撮影ができるブースが設置された。
家族で参加した八戸市の小学４年生（９）は「ウォーキングで疲れたけれど、モフモフでかわいいピカチュウと写真を撮れて楽しかった」とうれしそうだった。
王林さん「五感で八戸を感じてもらえれば」
ピカチュウと一緒に登場した王林さん（青森県八戸市で）＝後藤嘉信撮影
イベントには県出身のタレント王林さんが２年ぶりに参加し、石原環境相と談笑しながら散策した。
王林さんは開会式で、ピカチュウと一緒に登場。「五感で八戸を感じながら歩いてもらえれば」と呼びかけた。その後涼しい風が吹く中、種差海岸から見える景色を満喫した王林さんは「ガイドさんから八戸の自然や歴史をたくさん紹介してもらい、新しい発見を得ることができた。この季節しか見られない花や植物がいっぱいなので、目で楽しんでほしい」と笑顔だった。
石原環境相も「種差海岸を含む三陸復興国立公園の美しい風景に触れることができた。今後も被災地を歩いて、トレイルの魅力を発信できるように取り組んでいきたい」と話した。",[],[]
滋賀県政史上初・知事４選の三日月大造さん「選んで良かったと思っていただけるよう尽くす」…４２～６７歳の４人の争い（読売新聞オンライン）,https://news.yahoo.co.jp/articles/7bbb738bd9357d31d29f64b7e5d08cbbefea53ba,https://newsatcl-pctr.c.yimg.jp/t/amd-img/20260705-00000104-yomosaka-000-8-view.jpg?exp=10800,2026-07-06T00:02:22+09:00,2026-07-06T13:23:38+09:00,読売新聞オンライン,yom,読売新聞オンライン,1542,"当選確実となり、万歳する支持者らに囲まれる三日月さん（前列左から２人目）（５日午後８時９分、大津市で）
５日投開票された知事選は、現職の三日月大造さん（５５）がいずれも無所属新人で元栗東市職員の大隅元侍さん（４２）、共産党県委員会副委員長の坪田五久男さん（６７）、会社員の坂本正明さん（５７）を破り、県政史上初となる４選を果たした。三日月さんは自民党など県議会主要会派の支援を受けて選挙戦を展開。自身が唱える、公共交通を支える「新たな税」（交通税）が争点の一つとなったが、県民は３期１２年の現県政の継続を信任した。投票率は４０・４１％（前回５５・２８％）。
【結果はこちら】４氏の得票の一覧
三日月さんの支持者らが集まる大津市のホテルでは、午後８時過ぎに当選確実が伝えられると、大きな歓声が上がった。拍手とともに、姿を見せた三日月さんは「身の引き締まる思い。この大役、重責をしっかり果たしていかなければならない」とあいさつした。
三日月さんは今年２月、県議会で４選出馬を表明。政党の推薦は受けなかったが、県議会主要会派が相乗りで組織戦を支えた。ただ、交通税への考え方の違いから、自民党は前回選よりも支援の度合いを弱めた。
選挙戦では各地を精力的に回り、昨年の国民スポーツ大会・全国障害者スポーツ大会の成功などをアピール。県北部地域の振興や市町と連携した医療体制の構築なども訴えた。「マイカー以外の選択肢もつくりたい」と、公共交通の維持に向けた「新たな税」（交通税）導入の是非を有権者に問いかける場面もあった。
期間中は、現職として県議会や台風接近に伴う災害対応の公務にも当たった。
三日月さんは「支え合って『ともにいきる健康しが』をつくろうと訴えてきた。これからも、『４期目を選んで良かった』と思っていただけるよう尽くしていきたい」と抱負を語った。
知名度不足響く　大隅さん
敗戦の弁を述べる大隅さん（５日午後８時８分、栗東市で）
大隅さんは、落選が確実となり、栗東市の事務所で報道陣の取材に応じて、「時間がたつにつれて支持が得られている実感はあったが、ＳＮＳでの支持拡大には限界もあり、力不足を知った」と振り返った。
「交通税」への反対や、知事の退職金の減額、市職員の経験を生かした行政改革などに取り組むと主張。政党や団体の支援はなく、知人らの協力で選挙戦に臨んだ。序盤は名前を知ってもらおうと選挙カーで県内を広く回り、中盤以降は街頭演説の回数を増やして政策の浸透に注力した。
ＳＮＳは選挙期間中も定期的に発信し、４候補では最年少と若さもアピール。若年層や現職批判の受け皿として一定の得票を集めたが、知名度不足が響いた。
大隅さんは「交通税を導入するとしても、周囲の意見をしっかり聞いて練り上げ、税額を早い時期に示すべきだ」と話した。
政策浸透せず　坪田さん
坪田さんは落選が確実になった午後８時過ぎ、大津市の事務所で、「憲法９条を守り、暮らし第一の県政に変えようと訴えてきたが、期待に応えることができなかったのは力不足と思っている」と頭を下げた。
三日月さんが掲げた「交通税」導入に反対を表明。地域医療体制の充実や、特別支援学校の設置などを主張した。支持母体の「明るい滋賀県政をつくる会」のメンバーや共産党の県議、市議らとの選挙戦を展開し、連日１０か所以上の街頭演説で政策を訴えたが、現職を批判する層の受け皿にはなりきれなかった。
支持広がらず　坂本さん
坂本さんは、看護師や保育士らの処遇改善や、安土城の天主を再建するなど観光振興を重点政策に掲げた。自らデザインしたポスターを主要駅周辺の掲示板に貼りながら、有権者と対話するなど、独自の選挙戦を展開したが、支持は広がらなかった。",[],[]
