headline,mainEntityOfPage,image,datePublished,dateModified,author,media_en,media_jp,str_count,body,images,external_links
【ＲＩＺＩＮ】平本蓮に判定負けのダウトベックが不満の再戦要求「彼も自分が負けたと思ったと思う」（東スポWEB）,https://news.yahoo.co.jp/articles/6db6e2ee55fda9dab2e3ab6661c79e7d87ebc9b5,https://newsatcl-pctr.c.yimg.jp/t/amd-img/20260910-00402633-tospoweb-000-1-view.jpg?exp=10800,2026-09-10T23:20:25+09:00,2026-09-10T23:20:25+09:00,東スポWEB,tospoweb,東スポWEB,628,平本（左）に判定負けしたダウトベック（右） 格闘技イベント「超（スーパー）RIZIN．5 浪速の超復活祭り」（10日、京セラドーム大阪）で、平本蓮（28）に判定1―2で敗れたカルシャガ・ダウトベック（32＝カザフスタン）が、試合後の会見で不満を爆発させた。 1ラウンド（R）からテークダウンにグラウンドに持ち込み、得意のパンチも当てた。決め手にかけて平本の反撃を許したものの、試合終了のゴングが鳴ると、両拳を握ってガッツポーズで勝利を確信していた。それだけにスプリット判定での敗戦を聞くと、頭を横に振って明らかに納得していない様子だった。 試合後の会見でも「ちょっと言葉で言い表せない。自分が負けたとは思っていない」と判定への不満が口をついた。平本のファイトも「素晴らしい戦いをした」と認めつつも、自身は1Rに拳を骨折したといい「そのせいで2、3Rは強い打撃を出せなかったが、少なくとも1Rと3Rは取った」と主張した。 さらに平本が試合後、マットに座り込んでいたことに触れ「かがみ込んで泣いている感じがあった。彼も自分が負けたと思ったんだと思う。なぜこの結果になったか審判に聞きたい」と、対戦相手も負けを認めていたと推察する。 その上で拳の負傷が治った際には再戦を要求。「平本選手は自分を〝ギャングスター〟と呼んでいるが、本当にそうなら恐れずにリベンジ戦を受けてほしい。リベンジ戦が実現して、そこで負けることがあれば潔く認める」と訴えていた。 東スポWEB,[],[]
【ＲＩＺＩＮ】斎藤裕がＹＡ－ＭＡＮに勝利し涙「何としても勝って皆さんにお礼を言いたかった」（東スポWEB）,https://news.yahoo.co.jp/articles/0ecd1b4fe9f71217b35ac2b07cc4ea42b4790c85,https://newsatcl-pctr.c.yimg.jp/t/amd-img/20260910-00402601-tospoweb-000-1-view.jpg?exp=10800,2026-09-10T23:10:24+09:00,2026-09-10T23:10:24+09:00,東スポWEB,tospoweb,東スポWEB,573,ＹＡ－ＭＡＮに勝利し涙ぐむ斎藤裕 格闘技イベント「超（スーパー）RIZIN．5 浪速の超復活祭り」（10日、京セラドーム大阪）で、初代フェザー級王者の斎藤裕（38）がYA－MAN（30）を判定で下した。 昨年大みそか大会で対戦が決まっていたが、YA－MANが練習中に左眼窩底を骨折し、全治4～6か月の重傷を負ったためキャンセル。仕切り直しの一戦となった。 同じく約2年2か月ぶりの復帰戦となった斎藤は、1ラウンド（R）から試合巧者らしい動きを見せる。タックルでテークダウンすると、細かいパンチを交えながらじっくりとグラウンドでYA―MANを攻める。終盤背後からチョークで捉えたが、逃れられた。2R、3Rも同様にグラウンドで圧倒。仕留められなかったが、終始優位で3―0の判定勝ちを収めた。 斎藤はマイクを握ると「勝ちました～！」と絶叫。「応援してくれたみなさん、本当にありがとうございます。2年ぶりにここに帰ってきて、昨年、『麺ZINさいとう』というお店をオープンしたりして、本当にファンの方に救われた1年だったので、何としても勝ってお礼を言いたかったので、本当にみなさんに感謝します」とこみ上げる涙を拭った。 今後については「区切りになる気もするのですが、1回ゆっくり考えて皆さんの前でいろいろお話しできたらなと思います」と語った。 東スポWEB,[],[]
【伊藤興行】Ｓａｒｅｅｅ・彩羽匠・なつぽい　一夜限りの「スパーク・ラッシュっぽい」が好連係で快勝（東スポWEB）,https://news.yahoo.co.jp/articles/edca9450de30f3bc307c851bc0729c68a70f4b88,https://newsatcl-pctr.c.yimg.jp/t/amd-img/20260910-00402632-tospoweb-000-1-view.jpg?exp=10800,2026-09-10T23:00:33+09:00,2026-09-10T23:00:33+09:00,東スポWEB,tospoweb,東スポWEB,462,入場する彩羽匠（左）、Sareee（右）、なつぽい 伊藤道場主催の「伊藤薫デビュー37周年記念大会」（10日、新宿フェイス）で、Sareee＆彩羽匠（マーベラス）＆なつぽい（スターダム）のスペシャルタッグ「スパーク・ラッシュっぽい」が一夜限りで実現した。 来年1月になつぽいが引退を控える中、「スパーク・ラッシュ」のSareeeと彩羽が豪華タッグを結成。この日のメインで、伊藤薫＆Chi Chi＆フワちゃん（スターダム）と激突した。 大会前に合同トレーニングや〝焼肉決起集会〟でタッグの絆を深めた3人は、伊藤へ同時に3方向からドロップキックを放つなど好連係を披露する。そして20分過ぎ。彩羽となつぽいがChi Chiへのキックで大ダメージを与えると、最後はSareeeの裏投げがズバリと決まった。 バックステージでSareeeが「親友と相方なので、ここは仲良くしていきましょうよ、プライベートでも」と語りかけると、なつぽいは「私はすごい絆が生まれたなと思ってる」と笑顔。3人は「楽しかった」と口をそろえていた。 東スポWEB,[],[]
【巨人】橋上監督代行　通算２５０セーブを達成したマルティネスを称賛「非常に頼もしい」（東スポWEB）,https://news.yahoo.co.jp/articles/8551f660d09714e7247a9ab981986da89cc64937,https://newsatcl-pctr.c.yimg.jp/t/amd-img/20260910-00402631-tospoweb-000-1-view.jpg?exp=10800,2026-09-10T22:45:30+09:00,2026-09-10T22:45:30+09:00,東スポWEB,tospoweb,東スポWEB,509,守護神をたたえた橋上監督代行 巨人は10日の中日戦（東京ドーム）を5―3と2連勝。首位・阪神とのゲーム差を1・5に縮めた。 一進一退の攻防を制した。試合序盤は点を取っては取られての展開で7回まで3―3の引き分けが続いた。 試合が決まったのは同点の8回。泉口の適時打で勝ち越しに成功すると、佐々木の遊ゴロ間に点差を「2」に広げた。9回は守護神・マルティネスが試合を締めて名球会入りの条件となる通算250セーブを達成。NPB史上6人目となる快挙を成し遂げた。 橋上秀樹監督代行（60）は、守護神の記録達成を受けて「数字ももちろんすごいんですけども、やはり健康に常にコンディションを整えてくれてるっていうのは非常に素晴らしいことだし、そういった意味では非常に頼もしい」とたたえた。 虎のしっぽをつかめるか。明後日12日は本拠地・東京ドームで阪神との首位攻防戦が行われる。指揮官は「皆さん注目される本当に大事な試合だと思います。われわれにとってはまだまだ追う身ですから、相手がもちろんタイガースですけども、目の前の試合をいつも通りしっかり勝ち切ると。そのことだけを考えながらやりたいと思います」と気を引き締めた。 東スポWEB,[],[]
【住之江ボート】植田太一　相棒は前節優出３着の上昇機８１号「悪くなかったですよ」（東スポWEB）,https://news.yahoo.co.jp/articles/1c4395536dc9e0f6ceb1980b920426863637bf9b,https://newsatcl-pctr.c.yimg.jp/t/amd-img/20260910-00402630-tospoweb-000-1-view.jpg?exp=10800,2026-09-10T22:35:23+09:00,2026-09-10T22:35:23+09:00,東スポWEB,tospoweb,東スポWEB,367,デビュー初Ｖの住之江で今節も暴れそうな植田太一 ボートレース住之江の「報知新聞社賞第62回ダイナミック敢闘旗」が11日に開幕する。 植田太一（37＝福岡）の初優勝は昨年6月の当地。植田もほぼ完璧に仕上げていたが、地元の上條暢嵩が節一パワーで優勝戦1号艇だ。〝優勝は上條で仕方ない〟というムードの中、3コースからまくり一撃の衝撃Vだった。 今節の81号機は4月の使用開始から苦戦が続いていたが、前節の高倉和士が抜群の回り足で優出2着。植田も「高倉の足は良さそうでしたね」とレースはチェック済みだ。 練習後も「ペラは高倉のまま乗って、悪くなかったですよ。最近はバイオのレース場が増えて調整には困っています（笑い）。ただ、勝率（2027年前期6・49）は何となく残せていますね」とリズムは上々だけに、今節もV争いに割って入る。 東スポWEB,[],[]
【ＲＩＺＩＮ】シェイドゥラエフがフェザー級２冠王者に　大みそかは２０歳の秋元強真が挑戦「僕じゃなきゃ無理」（東スポWEB）,https://news.yahoo.co.jp/articles/bc8e8aa8ee013e3bc2c45906844561d350e8ad8f,https://newsatcl-pctr.c.yimg.jp/t/amd-img/20260910-00402629-tospoweb-000-1-view.jpg?exp=10800,2026-09-10T22:35:23+09:00,2026-09-10T22:35:23+09:00,東スポWEB,tospoweb,東スポWEB,1005,フェザー級２冠に輝いたシェイドゥラエフ。左は大みそかの対戦が決まった秋元強真 格闘技イベント「超（スーパー）RIZIN．5 浪速の超復活祭り」（10日、京セラドーム大阪）で行われたRIZIN＆PFLフェザー級王座戦は、RIZIN王者のラジャブアリ・シェイドゥラエフ（25＝キルギス）が、PFLのAJ・マッキー（31＝米国）を激闘の末に下し、2冠王者となった。 シェイドゥラエフのV4戦とPFLの同級王座決定戦を兼ねた注目の大一番。1ラウンド（R）から、ハイレベルな攻防を繰り広げる。AJは右ジャブでシェイドゥラエフをぐらつかせるが、RIZIN王者は持ち上げてマットに叩きつける。グラウンドで上からパウンドを仕掛け、AJをコントロールする。 2Rもシェイドゥラエフが強気に打撃で突進。AJに両脚タックルからグラウンドに持ち込まれるも、めまぐるしくポジションを変えて、RIZIN王者が上のポジションをキープする。シェイドゥラエフの激しい推進力にAJは目尻を切って流血してしまう。 3Rに入っても〝キルギスの犬鷲〟は、ひたすら前に出る。コーナーに押し込み、AJの反撃をかわしながら打撃を振るっていく。AJは長い脚を使って立ち上がると、消耗が激しい両雄はふらふらになりながら打撃戦に。AJは何とかテークダウンに持ち込むも、シェイドゥラエフは折れずに押し込み、反撃を完封した。判定はジャッジ3人がフルマークの30―27で、RIZIN王者が完勝。PFLベルトも獲得して2団体王者となった。 一方、「ABEMA PPV」で視聴できる配信でゲスト解説を務めた〝超新星〟秋元強真（20）は「正直、いける気がします。マジで大みそかにやりたい」と豪語。その後にリングに上がり、「こんな強い人に勝ってベルトをもらえるなら、今後格闘技ができなくなっていいくらいの覚悟を持って挑む」と大みそかのバンテリンドームナゴヤ大会での挑戦を表明した。これに王者も「私はRIZINであと1試合、（契約が）残っている」と言い、堂々と受諾。RIZINの榊原信行CEOも承認し、大みそかでの実現が電撃決定した。 実況席に戻った秋元は「正直、怖いですけど、一生格闘技ができなくてもいいくらいの覚悟を持っていく。あと3か月死ぬ気で練習頑張ってベルトを取りに行きます」と決意表明。「僕だったらやれる。僕じゃなかったら無理」と、強気に言い放っていた。 東スポWEB,[],[]
【若松ボート】寺島美里　初日５着を挽回し今節初勝利「整備したかいがあったかな」（東スポWEB）,https://news.yahoo.co.jp/articles/e5e07e50f540f9f919a4d353762b9f135c800d23,https://newsatcl-pctr.c.yimg.jp/t/amd-img/20260910-00402628-tospoweb-000-1-view.jpg?exp=10800,2026-09-10T22:30:35+09:00,2026-09-10T22:30:35+09:00,東スポWEB,tospoweb,東スポWEB,339,寺島美里 ボートレース若松の「唐十杯」は10日、予選2日目が行われた。 寺島美里（36＝東京）は、初日5着で迎えた1Rで2コースから差して今節初勝利。 後半12Rは6コースから1M差してバック好位へ進出も、道中ターンミスが響き6着だったが「リング交換で押し感が出てきた。整備したかいがあったかな。ピット離れや直線は怪しい。ペラ調整でと考えているが、またリングも考える」と59号機は良化傾向だ。 近年は走ることが多くない当地に「間隔が空いて来ることが多いので苦手。エンジンを出せたのも前回くらい」と明かす。ただ前回の昨年1月は悪天候に翻弄される中で調整を合わせて着をまとめ、今回も底上げ成功した。 機の性能を引き出す手腕は確かで、ここから上位着を並べる期待は十分だ。 東スポWEB,[],[]
【ＲＩＺＩＮ】青木真也が逆転ＴＫＯ負けの朝倉未来戦を振り返る「完敗。以上！」（東スポWEB）,https://news.yahoo.co.jp/articles/2ec7617fcc2d93d929ccd8b752ec0c3cf084a00d,https://newsatcl-pctr.c.yimg.jp/t/amd-img/20260910-00402627-tospoweb-000-1-view.jpg?exp=10800,2026-09-10T22:30:35+09:00,2026-09-10T22:30:35+09:00,東スポWEB,tospoweb,東スポWEB,656,勝利した朝倉未来（左）をたたえる青木真也 格闘技イベント「超（スーパー）RIZIN．5 浪速の超復活祭り」（10日、京セラドーム大阪）で、朝倉未来（34）に1ラウンド（R）2分39秒でTKO負けした青木真也（43）が試合を振り返った。 青木はこの日、鹿志村仁之介と上野勇希（DDT）、エル・リンダマン（GLEAT）をセコンドにリングインした。ゴングが鳴ると序盤からグラウンドに引き込んで三角絞めを狙い、バックも取るなど有利に進める。だが腕十字を狙ったところで脱出され、上から拳を振り下ろされて動きが止まりレフェリーストップで無念の逆転負け。試合後は未来の手をあげて勝利をたたえた。 試合後、コメントスペースに現れた青木は「完敗。以上！ それ以上でもそれ以下でもなし」と声をしゃがれさせる。さらに今後を問われると「なんだ辞めさせてえのかよ。自分で分かってます、ハイ。自分で分かってるんで。ここでお前らにいいネタやんねえよ」とけむに巻いた。逆転のきっかけになった腕十字については「そのくらいファイトしたかったんじゃないですか？ 自信があったんだと思います」と話した。 セコンドを任せた3人に試合後伝えた内容を「〝人生の糧にしてね〟という趣旨のことを伝えました。それぞれの持ち場で頑張ってほしいし、鹿志村は11月に試合もあるんだし、頑張ってねって」とメガネを光らせる。なお13日にはDDT・後楽園ホール大会でHARASHIMA、彰人との3WAY戦が予定されており「出る。仕事だから」と出場を明言していた。 東スポWEB,[],[]
【巨人】マルティネスが古巣・中日を相手に通算２５０セーブを達成　「率直にうれしい」（東スポWEB）,https://news.yahoo.co.jp/articles/e5221cc14936dc4f01dd5ce055d78db05f4dcc81,https://newsatcl-pctr.c.yimg.jp/t/amd-img/20260910-00402626-tospoweb-000-1-view.jpg?exp=10800,2026-09-10T22:30:35+09:00,2026-09-10T22:30:35+09:00,東スポWEB,tospoweb,東スポWEB,654,通算２５０セーブ目をあげお立ち台に上がった巨人・マルティネス 巨人の絶対的守護神であるライデル・マルティネス投手（29）が10日の中日戦（東京ドーム）でNPB史上6人目となる通算250セーブを達成。試合後には記者会見に出席し、思いを語った。 「率直にうれしいです」。自然と笑顔がこぼれた。 来日10年目の右腕が偉業達成だ。5―3の9回に登板。きっちり三者凡退に抑え、通算250セーブ目を挙げた。プロ野球最年少の29歳10カ月で記録を打ち立て、歴代最速となる411試合目で到達した。 試合終了後には、杉内投手チーフコーチと内海投手コーチから花束と記念ボードを贈られた。お立ち台に上がると、言葉を詰まらせる場面もあった。 偉業を成し遂げた対戦相手がかつての古巣・中日だっただけに「ドラゴンズでプレーした瞬間がよみがえりました」とヒーローインタビューで涙ぐんだ理由を明かしつつ「できればドラゴンズ相手は避けたかった。でも何が起きるかという脚本みたいなものはどこにも書いてなくて。結果的に彼らを相手に達成する運命だったと思います」と口にした。 数日前にはショックな出来事も。実の兄がバイクでの交通事故に遭い、転倒。手術を受けたという。達成の報告は家族に伝えたいと語った背番号92。さらに母国・キューバにいる兄に向けて「記録を達成して、彼（兄）にとってすごく励みになると思うので、彼にも伝えたい」と語った。 本拠地で名球会入りを果たした守護神・マルティネス。リーグ優勝を目指し、ひたすらに腕を振り続ける。 東スポWEB,[],[]
【ヤクルト】吉村貢司郎３回８失点ＫＯに池山監督苦言「これから先発としての位置というのは…」（東スポWEB）,https://news.yahoo.co.jp/articles/14ccd42546b87e01159ccddffe5950c5eecc4475,https://newsatcl-pctr.c.yimg.jp/t/amd-img/20260910-00402625-tospoweb-000-1-view.jpg?exp=10800,2026-09-10T22:25:25+09:00,2026-09-10T22:25:25+09:00,東スポWEB,tospoweb,東スポWEB,475,ヤクルト・吉村貢司郎 ヤクルトは10日のDeNA戦（横浜）に1―8で完敗。先発・吉村貢司郎投手（28）は3回4安打6失点KOで11敗目（4勝）を喫した。 初回一死一塁から牧に適時二塁打を浴びて先制点を献上した吉村。2回には連続四球をきっかけに二死一、二塁とすると二塁手・武岡の失策、さらに蝦名の適時二塁打で2点を失った。3回には、二死一塁から井上に2試合連続となる2ラン、後続・古市にソロと連続アーチでこの回3失点。DeNAのマシンガン打線に屈し、この回限りでお役御免となった。 試合後「本当に不甲斐ないピッチングしてしまった。本当に申し訳ない。制球力っていう面で、しっかりコーナーに投げ分けられるようにやっていきたい」と反省を口にした。 池山隆寛監督（60）は「もう少ししっかりした結果が欲しいですね。いいボールもあるが、全体的に一つのボールから自分を追い込んでしまっているような…。いい結果につながってもらいたいというのもありますし、かと言ってこれから先発としての位置というのは争いをしないといけないと思っています」と苦言を呈した。 東スポWEB,[],[]
二見颯一が浅草公会堂で初ソロコンサート　新曲「御茶ノ水ぐらふぃてぃー」を熱唱し「懐かしめるような一曲です」（東スポWEB）,https://news.yahoo.co.jp/articles/24b969bf3a9749a145ec6fe4f7e04e88858e1846,https://newsatcl-pctr.c.yimg.jp/t/amd-img/20260910-00402624-tospoweb-000-1-view.jpg?exp=10800,2026-09-10T22:20:28+09:00,2026-09-10T22:20:28+09:00,東スポWEB,tospoweb,東スポWEB,755,浅草公会堂でコンサートを行った二見颯一 演歌歌手・二見颯一が10日、東京・浅草公会堂で「やまびこコンサート2026 in 東京」と銘打ったソロコンサートを開いた。 浅草公会堂でのソロコンサートは初めてで、「第七世代のコンサートではこのステージに立ったことはありますが、単独公演は初めてなのでうれしいです」と心待ちにしていたという。 約1000人のファンが詰めかけ、満席の中、民謡「花笠音頭」でオープニングの幕を開けた後、「今日は民謡、あるテーマがございます。災害があったり、地震があったり、大変な九州ですけれど、僕の故郷・宮崎もある九州、そんな九州を皆さんと一緒にめぐる旅に出ようじゃありませんか」とあいさつし、宮崎県民謡「刈干切唄」、鹿児島県民謡「鹿児島おはら節」、熊本県民謡「田原坂」を披露。さらに、最新シングル「御茶ノ水ぐらふぃてぃー」など全25曲を熱唱した。 新曲「御茶ノ水ぐらふぃてぃー」については「御茶ノ水は学生街なので、学生時代の思い出や青春時代に感じたことは、いま振り返ってみるといいことだったんだなと感じる瞬間が、大人になったからこそあると思うんです。そういう学生時代、青春時代の苦い思い出もいい思い出も振り返ってみて宝物だったんだなと、懐かしめるような一曲です」。 また、御茶ノ水での思い出は「御茶ノ水の隣の駅の水道橋が大学（日本大学）だったので、4年間、そこに通っていまして、御茶ノ水の楽器店に行ったり、学割のきく定食屋さんに行ったりとか、自分が4年間住んだ、上京して来て初めて慣れた街ですね。だから今回の新曲をいただいたときは、頭の中にある映像とか思い出がすぐに浮かんできたので、いままでの曲の中でも特に等身大というか、リアルのいまの自分を表現できる歌です」と話していた。 東スポWEB,[],[]
【ソフトバンク】柳田悠岐が３年ぶり２発　本塁打への欲は？「打てば打つほど稼げる。それだけです」（東スポWEB）,https://news.yahoo.co.jp/articles/aa5e6460640cdc8ee709de816dc307f0d8857dfd,https://newsatcl-pctr.c.yimg.jp/t/amd-img/20260910-00402623-tospoweb-000-1-view.jpg?exp=10800,2026-09-10T22:15:31+09:00,2026-09-10T22:15:31+09:00,東スポWEB,tospoweb,東スポWEB,929,４回、１５号ソロを放つソフトバンク・柳田 ソフトバンクの柳田悠岐外野手（37）が10日の日本ハム戦（みずほペイペイ）で14、15号と2本塁打を放ち、3―2の勝利に貢献した。1試合2本塁打は2023年5月6日のロッテ戦（ZOZOマリン）以来3年ぶり。本拠地では21年7月11日のオリックス戦以来5年ぶりとなった。 まずは2回一死。日本ハム先発・加藤貴の初球のシュートを振り抜き、右中間へ先制の14号ソロを放った。「久々にいい打ち方ができたなぁと思ったので、いい感触でした」。1―1から正木が勝ち越しの24号ソロを放った後の4回一死には、チェンジアップを右翼へ運んで15号ソロ。「先だったんですけど、いい打ち方ができたので。良かったです」と振り返った。 2本とも球種を狙っていたわけではなく、「来た球をいいスイングしよう」という意識だった。試合後、「理想的な、自分のイメージのスイングができたかなと思います」とニヤリ。試行錯誤を続ける中で「ホームラン、ホームランっていうよりは、やっぱりこう、コンパクトだけど強く振るみたいな」ことを意識しているといい、「毎日ほんとにいろいろ試しながら。今日はたまたまいい結果が出てよかったです」と語った。 プロ16年目、37歳になっても本塁打への欲はある。理由を聞かれると、答えは実にシンプルだった。「ホームランを打てば打つほど稼げるのがプロ野球。それだけです」。柳田らしいプロとしての価値観が、端的な言葉に表れていた。 最近は豪快なスイングとともに、打席でヘルメットが飛ぶ場面も目立つ。その理由を聞かれると「髪伸びてきたんで。ちょっとスパッとはまんない感じなんで、それだと思います」と笑わせた。 チームは日本ハムに同一カード3連勝し、優勝へのマジックナンバーを「11」とした。24号決勝弾を放った正木については「もうなんか怖いです。強いです」と評し、「頼りになる後輩がたくさんいますので、自分も少しでも…、少し、貢献できたらいいなぐらいの気持ちで毎日試合をしてます」。リーグ連覇へ向けても「一戦一戦、全力で。チームが勝てるように頑張っていきたいと思います」。若手が台頭する鷹打線で、チーム最年長の存在感も健在だ。 東スポWEB,[],[]
【新日本】辻陽太が後藤洋央紀との前哨戦制すも〝エドモンド本田式手刀〟に警戒心「本物は違うな」（東スポWEB）,https://news.yahoo.co.jp/articles/4fbf761e7e85ea1a59b3e71f63f1254f588a63d9,https://newsatcl-pctr.c.yimg.jp/t/amd-img/20260910-00402611-tospoweb-000-1-view.jpg?exp=10800,2026-09-10T22:05:23+09:00,2026-09-10T22:05:23+09:00,東スポWEB,tospoweb,東スポWEB,578,場外の後藤（左）に向かってダイブした辻 新日本プロレス10日の後楽園大会で、IWGPヘビー級王者の辻陽太（33）が次期挑戦者・後藤洋央紀（47）との前哨戦を制した。 辻は27日神戸大会で後藤とのV1戦を控えている。この日は鷹木信悟とのコンビで、後藤＆YOSHI―HASHIの「毘沙門」と激突した。 後藤に対しフェースクラッシャーからのカーブストンプを決めた辻は、マーロウクラッシュを回避されると裏GTRを浴びる。ならばとジャンピングニーを放てば後藤もラリアートと、一歩も譲らない戦いとなった。 さらに終盤には後藤にトぺ・スイシーダを発射。孤立したYOSHI―HASHIに鷹木信悟との合体技パンピングブラスターをさく裂させて試合の主導権を握った。救出に訪れた後藤とのエルボー合戦から、後藤が映画「ストリートファイター/ザ・ムービー」（10月16日、世界同時公開）で演じたエドモンド本田ばりの手刀を浴びてしまったものの、最後は鷹木がMADE IN JAPANで粘るYOSHI―HASHIを振り切った。 名タッグの誉れ高い毘沙門からの勝利で神戸決戦に弾み。しかし辻は「あの最後のチョップはなんだ？ エドモンドか？ 本物は違うな。文字通り頭の中でヒヨコがピヨピヨだ」とストリートファイターのゲームモーションになぞらえて威力を認め、警戒心を強めていた。 東スポWEB,[],[]
【新日本】ウルフアロンが藤田晃生に屈辱敗戦　２９キロの体重差がある相手にジャーマンで沈められＮＥＶＥＲ王座戦は不可避に（東スポWEB）,https://news.yahoo.co.jp/articles/2d921e8e325fc631ac0b19953dc201479c9dbef6,https://newsatcl-pctr.c.yimg.jp/t/amd-img/20260910-00402618-tospoweb-000-1-view.jpg?exp=10800,2026-09-10T22:00:34+09:00,2026-09-10T22:00:34+09:00,東スポWEB,tospoweb,東スポWEB,600,ウルフアロン（左）完敗。勝利の藤田晃生はチャンピオンベルトを自分の方に引き寄せた 新日本プロレス10日の後楽園大会で、NEVER無差別級王者のウルフアロン（30）が藤田晃生（24）に屈辱のフォール負けを喫した。 ウルフは8月15日の両国大会でジュニアヘビー級の新星と遺恨が勃発。前日9日の後楽園大会では6人タッグマッチで激突すると、試合後に大乱闘を繰り広げるなどシリーズを通じて抗争が続いている。 この日はメインでタイチと組み藤田＆大岩陵平と対戦。入場時に藤田に襲撃を受けると、試合開始のゴングが鳴った後も互いに敵意むき出しのファイトを展開した。 一進一退の攻防から迎えた15分過ぎ、ウルフは藤田との打撃戦から裏投げを発射。さらに肩固めに捕獲してギブアップを迫る。だがアングルスラムは大岩にカットされ、背負い投げもキャッチされた。 さらに大岩の天山スープレックス、藤田のサッカーボールキックを立て続けに浴びて窮地に陥る。ジャーマンスープレックスは阻止したものの、強烈なバカまっしぐら（ヘッドバット）を浴びてグロッギー状態に。そのままジャーマンスープレックスでマットに沈められてしまった。 バックステージではノーコメントで控室へ。体重115キロのウルフが86キロの藤田にジャーマンで完敗を喫した事実は重く、29キロの体重差を覆したジュニアヘビー級の新星との王座戦は避けられなくなりそうだ。 東スポWEB,[],[]
【ソフトバンク】正木智也「すごすぎて大尊敬」　２発の柳田悠岐に「ああいうスターになりたい」（東スポWEB）,https://news.yahoo.co.jp/articles/98fea15e4fc274161018c90874bae06fbe35f5dc,https://newsatcl-pctr.c.yimg.jp/t/amd-img/20260910-00402622-tospoweb-000-1-view.jpg?exp=10800,2026-09-10T21:50:25+09:00,2026-09-10T21:50:25+09:00,東スポWEB,tospoweb,東スポWEB,855,３回、２４号ソロを放つソフトバンク・正木 ソフトバンクの正木智也外野手（26）が10日の日本ハム戦（みずほペイペイ）で値千金の決勝の24号ソロを放ち、3―2の勝利に貢献した。チームは同一カード3連勝を飾り、優勝へのマジックナンバーを「11」とした。 1―1の3回一死だ。日本ハム先発・加藤貴の直球を捉え、左翼席へ運んだ。「もう打った瞬間行ったなと思いました」。直前の3回表には先発・松本晴が同点弾を浴び、さらに一死満塁のピンチを野村の併殺で切り抜けていた。正木は「早くほんと晴を楽にさせてあげたいなと思って、その結果、いいホームランだったかなと思います」と振り返った。 最近は「ちょっと手で打ってるなって感じ」があったという。「手だけに頼らないように体全体で振る」ことを意識し、この日の一発には「最近あんまり引っ張り方向に打球が上がってなかったんで、打ち方としてもいい打ち方できたかなと思います」と手応えを示した。 今季は24本塁打まで数字を伸ばした。「正直ここまで打てるとは思っていなかったので、去年ケガして頑張って良かったなと思いましたし、まだ10何試合かあるので、もっともっと伸ばしていけたらなと思います」。昨季は故障に苦しんだだけに、喜びもひとしおだ。 そんな正木が大きな目標としているのが、この日、14、15号と3年ぶりの1試合2本塁打を放った柳田悠岐外野手だ。37歳の大ベテランについて「すごいっすね。すごすぎて大尊敬です。ほんとああいう先輩になりたい」と絶賛。「僕が38歳になった時、あんな感じになれるのかなっていうのはすごい毎回思います。ほんといい目標というか、ああいうスターになりたいですね」と憧れを口にした。 終盤戦を迎えても「慣れとか全然なくて、一日一日必死にやっている」。まず見据えるのはリーグ連覇だ。「まずはシーズン優勝できるように本当に目の前の一試合一試合、勝つことだけに集中することだけだと思う」と話し、「まずは本当に一打席一試合に集中していきたい」と締めくくった。 東スポWEB,[],[]
【ソフトバンク】日本ハムから１８勝目で「Ｍ１１」にも小久保監督冷静「終わったことなんで振り返る意味がない」（東スポWEB）,https://news.yahoo.co.jp/articles/3e14e1edd7013fcbc642150b9627efc1346b9b3b,https://newsatcl-pctr.c.yimg.jp/t/amd-img/20260910-00402621-tospoweb-000-2-view.jpg?exp=10800,2026-09-10T21:45:30+09:00,2026-09-10T22:00:34+09:00,東スポWEB,tospoweb,東スポWEB,463,勝利しファンへのあいさつにむかう小久保裕紀監督（中）らソフトバンクナイン リーグ3連覇を目指すパ首位のソフトバンクは10日の3位・日本ハム戦（みずほペイペイ）に3―2で競り勝ち、同一カード3連勝を飾った。優勝へのマジックナンバーは1つ減って「11」。貯金を今季最多を更新する「33」とした。 一発攻勢で接戦を制した。2回に柳田の14号ソロで先制。1―1で迎えた3回は正木の24号ソロで勝ち越し、4回にも柳田の15号ソロでリードを広げた。柳田の1試合2発は3年ぶり。チーム最年長のベテランが主軸としての存在感を発揮した。 先発の松本晴が5回1失点で10勝目。最後は守護神・杉山が3者連続三振に仕留めて2年連続となる30セーブに到達した。 この日で今季の日本ハム戦全日程が終了。通算18勝5敗2分けで終え、覇権を争う最大のライバルと目された相手から貯金「13」を量産した。試合後、小久保裕紀監督（54）は「終わったことなんで、もう振り返る意味がない。あとマジック11。それをいかに0にするかだと思う」と先を見据えた。 東スポWEB,[],[]
【ＲＩＺＩＮ】朝倉未来が青木真也に逆転ＴＫＯ勝ち「今日はテキーラ１００杯目指して頑張ります」（東スポWEB）,https://news.yahoo.co.jp/articles/9203e60f1df87df81b4f45c61f2229d4188f4251,https://newsatcl-pctr.c.yimg.jp/t/amd-img/20260910-00402620-tospoweb-000-1-view.jpg?exp=10800,2026-09-10T21:35:24+09:00,2026-09-10T21:35:24+09:00,東スポWEB,tospoweb,東スポWEB,466,青木真也に勝利した朝倉未来 格闘技イベント「超（スーパー）RIZIN．5 浪速の超復活祭り」（10日、京セラドーム大阪）で、朝倉未来（34）が青木真也（43）に1ラウンド（R）2分39秒で逆転KO勝ちした。 序盤から窮地が続いた。開始早々、タックルで組み付かれてテークダウンをこらえるも、今度はグラウンドに引き込まれてしまう。そこから三角絞めを狙われると立ち上がって脱出したが、再び組み付かれて今度はバックを取られた。未来はマットに背中から叩きつけて抵抗するも、後ろから首や腕を狙われた。 だが、未来は必死のディフェンスで一本を許さず。最後は青木が腕十字を狙ってきたところで体を反転させ上を取ると強烈なパウンドを振り下ろして青木の動きを止め、レフェリーストップで逆転のTKO勝ちを手にした。 試合後、マイクを持った未来は「これが日本の格闘技の歴史の1ページです。俺はこの経験を経て、先に進みたいと思います。青木選手ありがとうございました」と笑顔。続けて「今日はテキーラ100杯目指して頑張ります」と話し、歓声を浴びた。 東スポWEB,[],[]
【ＭＬＢ】チザム離脱でボルピ〝ヤンキース緊急帰還〟へ　３Ａで大変身…どん底から再起の好機＝米報道（東スポWEB）,https://news.yahoo.co.jp/articles/cf938aa6d16623fca51d2ea4fac36bb139a0d5a9,https://newsatcl-pctr.c.yimg.jp/t/amd-img/20260910-00402619-tospoweb-000-1-view.jpg?exp=10800,2026-09-10T21:25:26+09:00,2026-09-10T21:25:26+09:00,東スポWEB,tospoweb,東スポWEB,1001,アンソニー・ボルピ（ロイター） どん底からの逆襲に、思わぬ形で扉が開いた。ヤンキースは9日（日本時間10日）、右親指を捻挫したジャズ・チザム・ジュニア内野手（28）の10日間の負傷者リスト（IL）入りを決めた。これを受け、アンソニー・ボルピ内野手（25）が3Aスクラントン・ウィルクスバリから再昇格する見通しとなった。 チザムは8日（同9日）の本拠地ロッキーズ戦の8回、二塁へ滑り込んだ際に右親指を負傷。翌9日に検査結果が判明した。ブーン監督は「今後7日から10日間は野球関連の活動を一切行わない」と説明。シーズン最終盤で俊足を武器に40盗塁を記録し、直近18試合でも打率3割6分4厘と上向いていた主力を欠く痛手を負った。 米メディア「ヤードバーカー」は9日に「チザムの負傷により、ボルピに関する重要な疑問が生じる」と報道。8月4日（同5日）に3Aへ降格して以降、内野の複数ポジションに対応してきたボルピを再びメジャーへ呼び戻す選択肢に焦点を当てた。ブーン監督も「彼は本当にいい状態にあると思う。非常にいい成績を残し、素晴らしいプレーを見せている。他のポジションにもうまく適応している」と評価していた。 9日のロッキーズ戦ではホセ・カバジェロがチザムに代わって先発。一方、その後、地元放送局「YESネットワーク」のジャック・カリー記者もボルピがチザムのIL入りに伴って再昇格すると伝え、復帰への流れは一気に現実味を帯びた。その背景には、ボルピ自身の〝別人化〟がある。1～6日（同2～7日）のマイナー6試合では21打数11安打の打率5割2分4厘、3本塁打、6打点、5盗塁をマークし、インターナショナル・リーグ週間最優秀選手に選ばれた。今季メジャーでは56試合で打率2割4分、1本塁打、19打点と振るわず、8月に再び3Aへ送られたが、そこで打撃を立て直してきた。 ヤンキースは9日のロッキーズ戦にも6―1で勝ち、83勝62敗。ア・リーグ東地区首位レイズを4ゲーム差で追い、10月へ向けて一戦の重みが増す局面にいる。チザム離脱は大誤算だが、ボルピにとっては失った居場所を取り戻す千載一遇の機会でもある。 降格で終わったはずの物語が、優勝争いの土壇場で再び動き出す。3Aで取り戻した打棒をブロンクスでも再現できるのか。ヤンキースの窮地を救えれば、悔しい夏は一転して〝復活の助走〟だったことになる。 東スポWEB,[],[]
【新日本】真壁刀義＆矢野通が〝ＧＢＨモード〟でＫ．Ｏ．Ｂを蹂躙　ＯＳＫＡＲの長髪をハサミでバッサリ（東スポWEB）,https://news.yahoo.co.jp/articles/e2a08fee5352f80230eb47cc8ee0a2661b30cd34,https://newsatcl-pctr.c.yimg.jp/t/amd-img/20260910-00402604-tospoweb-000-1-view.jpg?exp=10800,2026-09-10T21:25:26+09:00,2026-09-10T21:25:26+09:00,東スポWEB,tospoweb,東スポWEB,855,ＯＳＫＡＲの長髪をハサミで切り落とす矢野通 新日本プロレス10日の後楽園大会で、真壁刀義（54）と矢野通（48）が〝GBHモード〟で登場した。 真壁と矢野は19日の北海道・室蘭大会でYuto―Ice＆OSKARの「ノックアウト・ブラザーズ（K．O．B）」とのIWGPタッグ王座（現王者はHENARE＆グレート―O―カーン）次期挑戦者決定戦に臨む。前日9日の後楽園大会では試合後のリング上で攻撃を浴びた後に、かつて2人が共闘していた極悪軍団「グレート・バッシュ・ヒール（GBH）」時代の戦いを要求されていた。 この日は真壁＆矢野が邪道と、K．O．Bが永井大貴とそれぞれ組んでの6人タッグ戦が組まれていたのだが…。入場してきた矢野は、GBH時代のトレードマークだった金髪姿でイスを持参。試合開始のゴングを待たずして奇襲を仕掛けると、激しい場外乱闘を繰り広げた。 一度はリングに戻ったものの、矢野のイス攻撃アシストを受けた真壁がラリアートでIceをなぎ倒すと、戦いの舞台は再び場外へ。レフェリーのカウントお構いなしに場外でK．O．Bを痛めつける間に、両者リングアウトのゴングが鳴らされた。 それでも〝GBH〟による制裁は終わらない。Iceをリングに上げた真壁は代名詞だったチェーンラリアートでKO。救出に訪れたOSKARには矢野が急所攻撃からのイス攻撃を見舞い、テーピングで動きを封じるとハサミで長髪をバッサリと切ってしまった。真壁はマイクを握ると「オイ、テメーら見たか！ ずいぶんと騒いでくれたじゃねえか。テメーらとはいつまでもお仕置きが必要だな、ああ？」と挑発した。 バックステージでは矢野が「ガキがオイ、ナメてんじゃねえぞ！ 100万年早えんだバカヤロー！」と咆哮。真壁も「これが現実なんだよ。テメーらとは進んでる道が違うんだ。畑耕したことあるか？ 種を巻いたことあるか？ テメーらじゃ到底ねえだろうな。俺たちはその苦しい時代を駆け抜けて今があるんだ。ナメてもらっちゃ困るぜ」とアピールしていた。 東スポWEB,[],[]
【巨人】守護神・マルティネスがＮＰＢ史上６人目の通算２５０セーブを達成（東スポWEB）,https://news.yahoo.co.jp/articles/a08d13f3aa9f5837f9c0d0951ccdef2223d0d394,https://newsatcl-pctr.c.yimg.jp/t/amd-img/20260910-00402617-tospoweb-000-2-view.jpg?exp=10800,2026-09-10T21:20:27+09:00,2026-09-10T21:40:25+09:00,東スポWEB,tospoweb,東スポWEB,387,通算２５０セーブを達成した巨人・マルティネス 巨人の絶対的守護神であるライデル・マルティネス投手（29）が10日の中日戦（東京ドーム）で2点リードの9回に登板。三者凡退で締め、両リーグトップの38セーブ目を挙げ、NPB史上6人目となる通算250セーブを達成した。 外国人選手として初の名球会入りの資格を得た。「大きな記録にたどりつけるっていうのは全く想像もしなかった」。プロ野球史上最年少となる29歳10か月で日本球界の歴史に名を刻んだ。 4日の広島戦（マツダ）では通算249Sを達成。大記録に王手をかけるも「全く250セーブは頭にない。早く決めたい、というのもない。セーブ機会があればするだけ」と泰然自若の様子だった。 2017年2月に来日し、中日の育成選手としてプロ野球人生をスタートさせた背番号92。巨人移籍2年目＆来日10年目にして、偉業を成し遂げた。 東スポWEB,[],[]
【中日】巨人に５年連続負け越しで最下位転落…マルティネスに通算２５０セーブ許す（東スポWEB）,https://news.yahoo.co.jp/articles/f6775ea957fbb2352380a5c8c128583254356dbf,https://newsatcl-pctr.c.yimg.jp/t/amd-img/20260910-00402616-tospoweb-000-1-view.jpg?exp=10800,2026-09-10T21:15:32+09:00,2026-09-10T21:15:32+09:00,東スポWEB,tospoweb,東スポWEB,510,険しい表情で試合を見守る中日・井上監督 中日は10日の巨人戦（東京ドーム）に3―5で敗れて最下位に転落した。このカード10勝13敗となり、巨人戦は2022年から5年連続負け越しとなった。 中日は1―3と2点ビハインドで迎えた4回に二死満塁のチャンス。ここで石伊が左翼フェンス直撃の適時二塁打を放ち同点。「打った球はストレートです。チャンスで回ってきたので何とか点を取りたいと思っていました。同点に追いつけて良かったです」という石伊の一打で左翼席に陣取る竜党のボルテージは一気に高まった。 だが8回に3番手としてマウンドに上がった吉田が誤算。一死一、三塁のピンチを背負うと泉口に右前適時打を浴びて3―4と勝ち越しを許した。さらに4番手・森も一死満塁から佐々木の遊ゴロ併殺崩れの間に三塁走者の生還を許した。 9回は巨人の守護神であるライデル・マルティネスの前にあっさり3者凡退。元チームメイトに通算250セーブをプレゼントした。 中日はこれで阪神（8勝14敗）、巨人（10勝13敗）、DeNA（8勝14敗1分け）、広島（7勝15敗）の4チームにシーズン負け越しが決まった（※ヤクルト戦は15勝7敗で勝ち越し）。 東スポWEB,[],[]
立川志らくが張本勲さんを追悼「長嶋、王、野村、張本、金田、この５人は特別」（東スポWEB）,https://news.yahoo.co.jp/articles/e9ff590c1fc0dad39756355730fffbad87415e3f,https://newsatcl-pctr.c.yimg.jp/t/amd-img/20260910-00402615-tospoweb-000-1-view.jpg?exp=10800,2026-09-10T21:10:25+09:00,2026-09-10T21:10:25+09:00,東スポWEB,tospoweb,東スポWEB,384,立川志らく 落語家の立川志らく（63）が10日、自身の「X」を更新。9日に亡くなったことが報じられた元プロ野球選手の張本勲さんを追悼した。 志らくは「張本勲墜つ。偉大な野球人がまた一人逝ってしまった。昭和の時代からプロ野球を見てきた人間からすると本当に寂しい」と惜しんだ。 引退後は、解説者として活躍した。「張本さんというとお笑い番組『サンデーモーニング』の中で実に真面目なコーナーがスポーツコーナー。その中で大沢親分と一緒に『喝っ！』と叫んでいた張本勲。親分なき後はひとりで『喝』を守ってきたが、失言などが度重なり、番組を卒業。本当は最後まで『喝』でいて欲しかった」 野球選手として輝かしい成績を残した。「長嶋、王、野村、張本、金田、この5人は特別。そこに落合、イチロー、松井、大谷翔平が続く」と評すると「送る言葉は当然『喝っ！』」と代名詞で追悼した。 東スポWEB,[],[]
【ＲＩＺＩＮ】平本蓮がダウトベックに判定２―１で勝利「もっと強くなって大みそかに帰ってくる」（東スポWEB）,https://news.yahoo.co.jp/articles/269337e1ed1fe9ad26b881a2d52131356488dfe3,https://newsatcl-pctr.c.yimg.jp/t/amd-img/20260910-00402614-tospoweb-000-1-view.jpg?exp=10800,2026-09-10T21:00:33+09:00,2026-09-10T21:00:33+09:00,東スポWEB,tospoweb,東スポWEB,657,ダウトベックに判定勝ちした平本蓮 格闘技イベント「超（スーパー）RIZIN．5 浪速の超復活祭り」（10日、京セラドーム大阪）で、ラストマンスタンディング王者の平本蓮（28）がカルシャガ・ダウトベック（32＝カザフスタン）に判定勝ちした。 THE BLUE HEARTSの「リンダリンダ」を入場曲にリングインした平本だが、1Rは序盤にタックルでテークダウンを許して苦しい展開となる。上からパンチを打ち込まれながらも立ち上がったが、今度はスタンドの攻防でダウトベックの鋭いパンチを顔面に被弾。グラつかせられる場面もあったが、持ち前の打たれ強さでダウンは喫しなかった。 2Rは序盤に蹴り足をつかまれてテークダウンされるも、コーナーを背にして立ち上がる。途中、オーソドックスに構えを変えると、サウスポーのダウトベックの右ふくらはぎにカーフキックをヒットさせて破裂音を響かせた。 最終3Rは序盤、両雄が鋭いパンチを交錯させる。ラウンド終盤にテークダウンを許す場面もあったが、決定機は許さず。試合後にはコーナーに座り込んで涙を浮かべた平本は、判定2―1で勝利した。 この結果に、ABEMA PPVで視聴できる配信で解説した川尻達也は「厳しい戦いをギリギリ精神力で勝ち取った感じですよね」とうなる。平本は「帰ってきました。1RでKOするつもりだったのができなくて泣いちゃいました。勝利は当たり前なんで」と笑顔だ。さらに「次、もっと強くなって大みそかに帰ってくるんで。3か月後、会いましょう」と話して歓声を浴びた。 東スポWEB,[],[]
【ＲＩＺＩＮ】１１・８千葉大会でフライ級王者・神龍誠がトニー・ララミーと初防衛戦「第２の地元で必ずベルトを守る」（東スポWEB）,https://news.yahoo.co.jp/articles/5b4e5de60d4e0fb03a8dfb5d83ca1e2049111f95,https://newsatcl-pctr.c.yimg.jp/t/amd-img/20260910-00402613-tospoweb-000-1-view.jpg?exp=10800,2026-09-10T20:55:24+09:00,2026-09-10T20:55:24+09:00,東スポWEB,tospoweb,東スポWEB,592,トニー・ララミーとの対戦が決まった神龍誠（左） 10日の格闘技イベント「超（スーパー）RIZIN．5 浪速の超復活祭り」（京セラドーム大阪）で、「RIZIN．55」（11月8日、千葉・LaLa arena TOKYO―BAY）の対戦カードが発表された。 6月に扇久保博正を下しRIZINフライ級王者となった神龍誠（26）が初防衛戦を迎え、トニー・ララミー（27＝カナダ）の挑戦を受ける。新王者はベルトを肩にリングに上がると、「チャンピオンになったからって守りに入る気はない。ガンガンいって、必ずララミーをフィニッシュする。千葉は僕の第2の地元なんで、必ずベルトを防衛して盛り上げる」と、一本勝ちでの防衛を宣言した。 同大会では他に、福田龍彌vsキム・スーチョル、鹿志村仁之助vs太田忍、アバイジャ・カレオ・メヘウラvs相本宗輝、鈴木博昭vs千春が決まった。 また、RIZINバンタム級ファイターの後藤丈治が11月14日のPFLドバイ大会に乗り込み、元ベラトール世界バンタム級王者の強豪セルジオ・ペティスと激突することが発表された。後藤はリングに上がり「ドバイで人生変えてきます」と誓った。PFLのジョン・マーティンCEOには「あなたの大会で素晴らしいパフォーマンスを見せる」と決意表明すると、「セルジオ・ペティス、覚悟しておけ！」と流ちょうな英語を駆使して宣告していた。 東スポWEB,[],[]
【ＲＩＺＩＮ】サトシ・ソウザが野村駿太に判定勝ち　肩を負傷も「治してから大みそかチャンスお願い」（東スポWEB）,https://news.yahoo.co.jp/articles/ce42ccad9d51f183deb5d24b78bbfaf337d2bb9b,https://newsatcl-pctr.c.yimg.jp/t/amd-img/20260910-00402612-tospoweb-000-1-view.jpg?exp=10800,2026-09-10T20:50:26+09:00,2026-09-10T20:50:26+09:00,東スポWEB,tospoweb,東スポWEB,399,野村（左）を攻めるホベルト・サトシ・ソウザ 格闘技イベント「超（スーパー）RIZIN．5 浪速の超復活祭り」（10日、京セラドーム大阪）、第5試合で元ライト級王者のホベルト・サトシ・ソウザ（36＝ブラジル）が野村駿太（28）を判定3―0で下した。 サトシは昨年大みそかにイルホム・ノジモフに13秒でKO負けし、王座陥落。再起戦となった試合は1ラウンド（R）、足を取ってコーナーで野村に尻をつかせた状態からパンチを浴びせるなど、優位に試合を進めた。2Rは野村に打撃で反撃されるも、3Rは再びサトシがテークダウンを奪って、バックチョークや背後からのパンチで攻める展開に。3―0で判定勝ちした。 サトシは「ごめんね～みんな久しぶり。3ラウンド始まる時、（右）肩が外れて上げることができない」と負傷したことを告白。「肩を治してから直してから、大みそかチャンスお願いします」とアピールしていた。 東スポWEB,[],[]
ハーランド　来夏にバルセロナ移籍希望？　レアルはスター共存問題で敬遠か（東スポWEB）,https://news.yahoo.co.jp/articles/cd37e005050a6260ed2cedfac1f2127aa9c8753f,https://newsatcl-pctr.c.yimg.jp/t/amd-img/20260910-00402610-tospoweb-000-1-view.jpg?exp=10800,2026-09-10T20:45:29+09:00,2026-09-10T20:45:29+09:00,東スポWEB,tospoweb,東スポWEB,547,動向が注目されるハーランド（ロイター） イングランド・プレミアリーグのマンチェスター・シティーに所属するノルウェー代表FWアーリング・ハーランド（26）が、来夏の移籍先としてスペイン1部レアル・マドリードより同バルセロナを選んだとスペインメディア「エル・ナシオナル」が報じた。 同メディアは「ハーランド自身は、プレミアリーグで5シーズン目となり、あらゆるタイトルを獲得した後、ラ・リーガに参戦して新たな挑戦をしたいという願望を隠したことはない。また、彼はチームのプロジェクトにも満足しておらず、ペップ・グアルディオラ監督の後任としてエンツォ・マレスカ監督が就任したことをはじめとする、クラブの動きに非常に失望している」と伝えた。 そのため、来夏に退団する意向だという。そこで、なぜバルセロナなのかということに関しては、英紙「サン」の報道を元に、英ロンドンで2回、フランス・パリで数回、バルセロナ側とハーランドの代理人が接触したことを指摘した。 また、移籍候補として何度も報じられてきたRマドリードには、フランス代表FWキリアン・エムバペやブラジル代表FWヴィニシウスらが在籍することで、スター選手の共存問題に直面することから敬遠しているとのことだ。世紀の移籍は実現するのだろうか。 東スポWEB,[],[]
【宮島ボート】小林京平　得点率７位タイから準優好枠を目指す「出足もいいしバランス取れて全体的にいい」（東スポWEB）,https://news.yahoo.co.jp/articles/5f798826adb6f7e45ab8386c28d6af9f60f9d8d3,https://newsatcl-pctr.c.yimg.jp/t/amd-img/20260910-00402609-tospoweb-000-2-view.jpg?exp=10800,2026-09-10T20:10:24+09:00,2026-09-10T22:00:34+09:00,東スポWEB,tospoweb,東スポWEB,377,小林京平 ボートレース宮島の「BOATRACE振興会会長賞」は10日、予選2日目が行われた。 小林京平（28＝山口）は5R2コースからコンマ03のトップSを決め、まくって快勝。ここまでオール3連対、得点率7位タイで予選最終日を迎える。 「良い足していると思う。差されたと思ったが、進んでくれたのでいい。出足もいいしバランス取れて全体的にいい」と感触は上々だ。 7月大村でデビュー初優勝を飾り前節下関でも予選突破と、着実に地力強化しているが近況に満足はしていない。「自分が目指しているとこには届いてない。A1に上がらないといけないし、今期はA2に上がらないといけない。でも、少しずつ結果がついてきてるのでこのまま自分のペースで一走一走やっていこうかな」と上を目指し、着実に歩を進めていくつもりだ。 予選ラスト10Rの3号艇で、準優好枠を狙う。 東スポWEB,[],[]
【尼崎ボート】山田哲也　相性いい尼崎で３回目のＶ狙う「全体に中堅上位あります」（東スポWEB）,https://news.yahoo.co.jp/articles/a73349af6fdedf265832be3b4ca48e9eafd356a9,https://newsatcl-pctr.c.yimg.jp/t/amd-img/20260910-00402607-tospoweb-000-1-view.jpg?exp=10800,2026-09-10T19:50:26+09:00,2026-09-10T19:50:26+09:00,東スポWEB,tospoweb,東スポWEB,410,山田哲也 ボートレース尼崎の「第25回報知ローズカップ争奪戦」は10日、準優3番の5日目が行われ、優勝戦に出場するベスト6が決まった。 山田哲也（43＝東京）準優10Rのイン戦を制し優出一番乗り。「出足から行き足へのつながりがいいですね。伸びは普通くらいで全体に中堅上位あります」と2連率39％の17号機は納得の仕上りだ。 優勝した3節前の芦屋から、これで4連続優出。「最近はエンジンの引きが良くて、個人的なリズムもいいんだと思います」と胸を張る。 今回も含め当地尼崎は8優出2V。「元々はすごい好きで、向かい風が吹くので、まくりやすいレース場。センタープールっていうだけあって。でも今節は追い風が多い（笑い）」と表情にも余裕がある。 また「ペラがよく回るので夏場はいいんですけど冬は分からなくなる」。得意の夏は終わりが近い。優勝戦は3号艇。まくりも決まるセンター枠から、絶好の向かい風が吹くかにも注目だ。 東スポWEB,[],[]
【児島ボート・大阪スポーツ杯】森永淳　４日目イン戦敗退も準優は５枠「今度は逆のペラ調整をしてみる」（東スポWEB）,https://news.yahoo.co.jp/articles/8fa499a6a8b20a3aa0684540cbe7b5245550b9c8,https://newsatcl-pctr.c.yimg.jp/t/amd-img/20260910-00402606-tospoweb-000-1-view.jpg?exp=10800,2026-09-10T19:45:27+09:00,2026-09-10T19:45:27+09:00,東スポWEB,tospoweb,東スポWEB,488,準優進出を決めた森永淳 ボートレース児島の「大阪スポーツ杯」は10日、予選最終日の4日目が行われ、準優勝戦に出場するベスト18が決まった。 森永淳（45＝佐賀）は前検から苦難の連続だった。タッグを組む21号機は9優出2Vを誇るが、「進んでない」とその手応えは意外なところからスタート。その後も舟足には渋い様子だったが、3日目になって「実ったね」と舟足良化したことを示唆していた。 4日目のレース前には「真冬に近い強気なペラにしてたんです。他の人じゃ乗れないと思いますよ」と上積みできた要因は、〝森永ペラ〟だったとタネを明かした。「ダメな時ももちろんあるけど、ガラッと調整を変えてハマる確率が人よりはいい」と調整の方向性を変えたことが、流れを呼び込んだようだった。 9Rイン戦は2着に敗れたが、得点率13位で予選は突破した。舟足は「3日目の方が良かった。抜けが悪かった。水をつかみすぎていた」とこの日は調整には不満が残ったようだ。 準優は5枠。「今度は逆のペラ調整をしてみる」と再びのモデルチェンジを示唆。正解を導き出し、〝新・森永ペラ〟で、優出切符をつかみ取る。 東スポWEB,[],[]
【児島ボート・大阪スポーツ杯】森高一真　予選を７位で突破「あとは魂やな。もう伝家の宝刀も出すわ」（東スポWEB）,https://news.yahoo.co.jp/articles/6c8b0521a44e5a19560032c5e859918b04fec78c,https://newsatcl-pctr.c.yimg.jp/t/amd-img/20260910-00402605-tospoweb-000-1-view.jpg?exp=10800,2026-09-10T19:45:27+09:00,2026-09-10T19:45:27+09:00,東スポWEB,tospoweb,東スポWEB,486,森高一真 ボートレース児島の「大阪スポーツ杯」は10日、予選最終日の4日目が行われ、準優勝戦に出場するベスト18が決まった。 森高一真（48＝香川）は4日目前半4Rは4枠から6着も、後半11Rはイン逃げを決め、得点率5位で予選を突破した。「中堅はあるし、戦える足はある。乗り味も悪くない」と舟足には問題ないようで「あとは魂やな」と漢気ある言葉も飛び出した。 今節相棒の48号機（2連率21％）には、前検から「数字通りで気持ちちょい下がる」と厳しい評価。それでも初日以降は「勝負できる。悲観する感じはない。並のレベルにはなった」と、日ごとに舟足は上昇。 4日目には、オロナミンC、ブルーベリージュース、缶コーヒーを抱えて登場。そのオロナミンCを見せながら「ワシ、これ飲んだら強なんねん。オロC飲んで元気出すわ（笑い）」と笑い飛ばした。〝元気ハツラツ〟な走りにも期待できそう。 準優に向けては「もう伝家の宝刀も出すわ」と秘策があることを示唆。幾多の困難をも乗り越えてきたベテランが、勝負所で、どんな〝奥の手〟を見せてくれるのか。3号艇の準優12Rの走りは必見だ。 東スポWEB,[],[]
【阪神】今季１５度目雨天中止　試合開始直前の発表にファンがっくり（東スポWEB）,https://news.yahoo.co.jp/articles/0fc9e56d518d280cc440cc47724d30f2b9853e3c,https://newsatcl-pctr.c.yimg.jp/t/amd-img/20260910-00402600-tospoweb-000-1-view.jpg?exp=10800,2026-09-10T19:10:25+09:00,2026-09-10T19:10:25+09:00,東スポWEB,tospoweb,東スポWEB,271,大雨に見舞われた甲子園球場 10日の阪神―広島戦（甲子園）は天候不良のため、今季15度目の中止。8日に続いて同カード2度目の雨天中止となった。 この日は正午すぎから小雨が降っていたが、虎ナインはグラウンドで試合前練習を実施。しかし16時半ごろから大雨に見舞われ、鯉ナインは急いでベンチへ引き上げた。 マウンドとホームベース付近にはシートが引かれたが、瞬く間にグラウンドは水が浮いた状態となり、17時15分に中止発表。開場後だっただけに、聖地まで足を運んだファンも肩を落としながら球場を後にした。 8日とともに振り替え日程は未定。 東スポWEB,[],[]
【ＲＩＺＩＮ】ＲＥＮＡはクジュティナに無念のギブアップ　試合後は病院直行でコメントできず（東スポWEB）,https://news.yahoo.co.jp/articles/d0219c9a6e33b31140280297eee89c90b1f6ba39,https://newsatcl-pctr.c.yimg.jp/t/amd-img/20260910-00402599-tospoweb-000-1-view.jpg?exp=10800,2026-09-10T19:10:25+09:00,2026-09-10T19:10:25+09:00,東スポWEB,tospoweb,東スポWEB,674,目が腫れあがりドクターのチェックを受けるRENA 格闘技イベント「超（スーパー）RIZIN．5 浪速の超復活祭り」（10日、京セラドーム大阪）で、RENA（35）はナターシャ・クジュティナ（37＝ロシア）に無念の2ラウンド（R）3分14秒で一本負けを喫した。 【写真】ナターシャ・クジュティナに絞められタップするRENA 左ひざに白いテーピングを巻いたRENAは1R序盤は打撃を放ちつつ距離を取っていたが、中盤に組み付かれると首をとられてパンチ、ヒザ蹴りを振り下ろされる。脱出を試みるもコーナーに押し込まれて逃げきれず。それでも腕十字を狙われるも許さずラウンドを終えた。 1Rで組み付かれた際にクジュティナの頭部と激突した左目がはれあがる様子がABEMA PPVでの配信で映し出されたRENAだが、ドクターのチェックを受けてから2R開始。だが早々にタックルでテークダウンされると、パスガードを許しサイドポジションを奪われる。さらに首を抱えたままマウントに移行されて絞めあげられてタップを余儀なくされた。 試合後は病院へ直行となり、インタビュースペースには姿を見せなかった。 一方、フロントチョークで勝利したクジュティナは、マイクを持つと「私はクージャ。RIZINのスーパーアトム級王者になる。1、2、3、クージャ！ ニッポン、サイコウ。アイシテル！」と叫ぶ。その後、インタビュースペースで「今回の試合を楽しめたと思います。日本で戦えることが楽しいので。初めてリングで戦ったが、そんなにケージと変わらない印象でした」と試合を振り返った。 東スポWEB,[],[]
尾野真千子　ＮＨＫ朝ドラに再出演「今なのかなとか色々考えてしまって…」（東スポWEB）,https://news.yahoo.co.jp/articles/83406543db8eec3fa54f63635c2010ce35c6cd5e,https://newsatcl-pctr.c.yimg.jp/t/amd-img/20260910-00402597-tospoweb-000-1-view.jpg?exp=10800,2026-09-10T19:05:25+09:00,2026-09-10T19:05:25+09:00,東スポWEB,tospoweb,東スポWEB,515,朝の連続テレビ小説「ブラッサム」に出演する尾野真千子（オフィシャル提供写真） NHK大阪放送局は10日、同局制作の朝の連続テレビ小説「ブラッサム」（9月28日放送開始）に女優の尾野真千子が出演すると発表した。 同作は作家・宇野千代をモデルとし、大胆に再構成したフィクションドラマ。物語の舞台は、明治30年、主人公・葉野珠を石橋静河が演じる。 尾野は「カーネーション」（2011年放送）でヒロイン・小原糸子を演じだけに、今回の仕事の話を聞いた時、複雑な気持ちだったようだ。 「オファーを受けた時は複雑でした。もちろんうれしかったですけど自分がヒロインをやったことがあるということで。今なのかなとか色々考えてしまって。ですが、正直大阪局の制作の朝ドラということ、大阪に帰れるというのは本当にうれしくて。うれしいという自分の気持ちに答えたという感じです」と明かした。 尾野は、時代の常識に縛られず信念を貫き、主人公・珠が強くひかれていく作家・土橋風子を演じる。 「今回演じる土橋風子という役は、本当に自分の意思をちゃんと持った強い人だと自分の中で思っていて。そんな力強さを意識しながら演じられたらと思います」と意気込んだ。 東スポWEB,[],[]
【巨人】イ・スンヨプコーチが張本勲さんを追悼「韓国にプロ野球ができたのは張本さんのおかげ」（東スポWEB）,https://news.yahoo.co.jp/articles/85f2321ba2249187f6510ac45b032b4812dbb10b,https://newsatcl-pctr.c.yimg.jp/t/amd-img/20260910-00402598-tospoweb-000-1-view.jpg?exp=10800,2026-09-10T19:00:34+09:00,2026-09-10T19:00:34+09:00,東スポWEB,tospoweb,東スポWEB,512,張本さんを追悼したイ・スンヨプコーチ 巨人の李承燁（イ・スンヨプ）打撃コーチ（50）が10日、前日9日に86歳で亡くなった張本勲さんについて「急に亡くなられて本当びっくりしました」とコメントした。 張本さんは1959年に東映フライヤーズに入団。その後は巨人、ロッテでも活躍し、首位打者を7度獲得した。「安打製造機」の異名を取り、プロ通算2752試合に出場して史上唯一の3000安打超えとなる3085安打を記録。現役引退後は野球解説者としても名を馳せた。 また、在日韓国人2世だった張本さんは韓国プロ野球発足にも尽力。李コーチも韓国のサムスンライオンズで野球のキャリアをスタートさせたこともあり、「韓国にプロ野球ができたのは、張本さんのおかげもある。いろいろな貢献をしたと思います」と感謝を述べた。 来日後、張本さんと直接話したこともあるという同コーチ。「本当に尊敬する先輩」と語りつつ、巨人1年目の2006年に41本塁打を記録した際には「40（本）打ったんだから50本狙ってもっと打てよと言われました。強い言葉でも優しい言葉でも言ってもらった、いい思い出しかありません」と「喝」を入れてもらったことを明かした。 東スポWEB,[],[]
「キングオブコント」ファイナリスト１０組発表　蛙亭イワクラ「全員ぶちのめす！」（東スポWEB）,https://news.yahoo.co.jp/articles/451b2f3c2031d1fd31498ba9958b26560fdc4e1a,https://newsatcl-pctr.c.yimg.jp/t/amd-img/20260910-00401916-tospoweb-000-1-view.jpg?exp=10800,2026-09-10T19:00:34+09:00,2026-09-10T19:00:34+09:00,東スポWEB,tospoweb,東スポWEB,791,蛙亭の中野周平とイワクラ コント師日本一を決める賞レース「キングオブコント2026」ファイナリスト発表記者会見が4日、東京・赤坂のTBSで行われた。 ファイナリストは以下10組。「ヤッホイ」（永井、泉）、「相性はいいよね」（エビランド、ヤダヤムクン）、「ジェラードン」（アタック西本、かみちぃ）、「ダウ90000」（蓮見翔、園田祥太、忽那文香、吉原怜那、中島百依子、上原佑太、道上珠妃、飯原僚也）、「や団」（ロングサイズ伊藤、本間キッド、中嶋享）、「ザ・マミィ」（林田洋平、酒井貴士）、「ななまがり」（森下直人、初瀬悠太）、「元祖いちごちゃん」（植村侑史、ハイパーペロちゃん）、「蛙亭」（中野周平、イワクラ）、「ニッポンの社長」（辻クラシック、ケツ）。 「蛙亭」のイワクラは「最近御託を並べているお笑いが多い」とニラみをきかせ、「全員ぶちのめします！」とやる気十分。相方の中野のライバルは、「や団」の中島享なのだそう。中島に「ラランド・ニシダと間違えられた」と憤慨し「（ラランドも）男女コンビだし、（ニシダも）ちょっと太ってるから間違えられることは多い。だから負けたくない」と力を込めた。 「ザ・マミィ」は5年ぶり2回目の出場。再びの挑戦に、酒井は「ガラクタとかポンコツとか言われる我々だけど、コントだけはダイヤモンドのように輝いてみえると思います」と自信満々。 林田も、ジェラードン・かみちぃと髪型が似ていると指摘されると「負けた方がコンビで2人とも角刈りにする」と闘志を燃やした。 一方、蓮見は、かねて「お笑いは流行ってない」と自説を展開しているが、「準決勝の会場が本当に楽しくてすごい熱気で、流行ってきてる気もしてきた」と告白。改めてお笑いを流行らせるために「この10組がチームメイトとして、今年1歩進む」といい、「今年のこのメンツで流行らせたい」と意気込んだ。 東スポWEB,[],[]
【ＲＩＺＩＮ】武尊が引退セレモニー「格闘技をみんなで盛り上げていけたら」（東スポWEB）,https://news.yahoo.co.jp/articles/52e9b14de344358a4ce5c28ae27cca98a2a6d105,https://newsatcl-pctr.c.yimg.jp/t/amd-img/20260910-00402596-tospoweb-000-1-view.jpg?exp=10800,2026-09-10T18:45:30+09:00,2026-09-10T18:45:30+09:00,東スポWEB,tospoweb,東スポWEB,751,テーマ曲に乗って花道を歩く武尊 格闘技イベント「超（スーパー）RIZIN．5 浪速の超復活祭り」（10日、京セラドーム大阪）で、元K―1世界3階級制覇王者・武尊（35）の引退セレモニーが行われた。 武尊は4月29日のONE有明大会で行われた、ロッタン・ジットムアンノン戦のKO勝利を最後に現役生活を終えた。RIZINでの試合は2015年大みそかの旗揚げ大会にK―1王者として参戦しただけだが、RIZINの榊原信行CEOが22年の「THE MATCH」で那須川天心戦の実現に尽力。引退後も格闘技界を盛り上げる立場で関係を深めている。 第3試合終了後、テーマ曲に乗ってスーツ姿で花道を歩き、リングに上がった。マイクを持った武尊は「引退したけど、京セラドームで入場させてもらえるとは思っていなかったので、この舞台を用意してくださったRIZINの関係者に感謝したい」と言い、RIZINファンにも感謝の言葉を述べた。 続けて「僕は現役を引退したけど、まだまだこれから日本の格闘技界、世界の格闘技界はどんどん盛り上がっていくと思うし、もっと面白い選手、格闘技界を盛り上げる選手がこれからたくさん出てくると思う。今日会場に集まった格闘技ファンのみなさん、一緒に格闘技界を盛り上げてもらって、これからも格闘技界が最高であるようにみんなで盛り上げていけたらいい。これからもよろしくお願いします」とあいさつ。「格闘技、最高！」の決めゼリフも叫んでみせた。 最後は榊原信行CEOから贈呈された花束を持ちながら、目をつぶり10カウントゴングを聞いた。引退会見からすでに5か月。この日の第1試合に宇佐美秀メイソンを「推薦選手」として送り込むなど新たな道を歩み始めており、すがすがしい笑顔を見せながらリングを下りた。 東スポWEB,[],[]
【巨人】田中将大　86歳で死去した張本勲さんを追悼「記憶にも残る方、影響力が大きい方だなと」（東スポWEB）,https://news.yahoo.co.jp/articles/960150b21f8bbf4789a44c1a407a6988864b3580,https://newsatcl-pctr.c.yimg.jp/t/amd-img/20260910-00402593-tospoweb-000-1-view.jpg?exp=10800,2026-09-10T18:35:24+09:00,2026-09-10T18:35:24+09:00,東スポWEB,tospoweb,東スポWEB,519,田中将大 巨人の田中将大投手（37）が10日、86歳で亡くなった元プロ野球選手で野球解説者の張本勲さんをしのんだ。 張本さんは1959年に東映フライヤーズに入団。その後は巨人、ロッテでも活躍し、首位打者を7度獲得した。「安打製造機」の異名を取り、プロ通算2752試合に出場して史上唯一の3000安打超えとなる3085安打を記録。現役引退後は野球解説者としても名を馳せ、TBS系「サンデーモーニング」のご意見番としても出演。「あっぱれ！」「喝！」などと歯に衣着せぬ物言いでお茶の間を沸かせた。 田中将がメジャーでプレーをしている際には、よく張本さんからテレビを介して〝辛口評価〟を受けていたという。「厳しいことをいつも言われているなあという記憶がありましたね」と苦笑いを浮かべていた。 その上で「野球をそんなに興味がない方でも日曜日の朝、ああいうふうにやってるのは『名物』だと思いますし。野球のこんなことがあったんだとか、ネットニュースにも発言されたことがなるというのは、なかなか皆さんがそうなることではないと思う。個人の記録とかそういうのもそうですけど、記憶にも残る方、影響力が大きい方というふうに僕は思ってます」と語った。 東スポWEB,[],[]
【張本勲さん追悼】王貞治氏が自ら切り出した伝説の１毛差「あれはもう本当に惜しいことをした」（東スポWEB）,https://news.yahoo.co.jp/articles/f866afa797e76456fa229ae3c47deb7afdc85794,https://newsatcl-pctr.c.yimg.jp/t/amd-img/20260910-00402592-tospoweb-000-1-view.jpg?exp=10800,2026-09-10T18:30:36+09:00,2026-09-10T18:30:36+09:00,東スポWEB,tospoweb,東スポWEB,567,ソフトバンクの王貞治球団会長 ソフトバンクの王貞治球団会長（86）が10日にみずほペイペイドームで取材に応じ、前日9日に亡くなった張本勲さんを追悼した。同学年で、現役時代に「OH砲」を結成。プロ野球記録の通算3085安打、史上最多に並ぶ首位打者7度など輝かしい成績を残した盟友に改めて強いリスペクトを示し、別れを惜しんだ。 多くの報道陣に囲まれて故人をしのぶ中、王会長が自ら切り出すシーンが一度だけあった。「ただね、彼が来た年かな…。（昭和）51年だったと思うんだけど、何毛差かで首位打者が獲れなかった時があってね。あれは獲らしてあげたかった。セ・パで首位打者っていう。あれはもう本当に惜しいことをしたと思うね…」。 球史に語り継がれる1976年の中日・谷沢健一との首位打者争い。張本さんにとっては巨人移籍1年目で、覇権奪回を目指すチームの「補強の目玉」として戦ったシーズンだった。ペナントレースは最終盤まで阪神とのデッドヒート。チームは悲願のリーグ制覇を成し遂げたが、張本さんは「1毛差」でタイトルを逃した。リーグが変わるという難しい環境の中で、前年最下位に沈んだ「球界の盟主」に誇りを取り戻させた功労者。そこに価値ある「両リーグ首位打者」獲得の勲章を添えてほしかった――。当時の熱い思いがよみがえっているようだった。 東スポWEB,[],[]
「正常圧水頭症」を告白したビリー・ジョエルが現状報告　大音量のライブが脳にダメージ与える（東スポWEB）,https://news.yahoo.co.jp/articles/75ef5f4d4160608212cb9adbd49dc5ede167976f,https://newsatcl-pctr.c.yimg.jp/t/amd-img/20260910-00402591-tospoweb-000-1-view.jpg?exp=10800,2026-09-10T18:30:36+09:00,2026-09-10T18:30:36+09:00,東スポWEB,tospoweb,東スポWEB,1202,ビリー・ジョエル（ロイター） ビリー・ジョエルは昨年5月に「正常圧水頭症」（NPH）と診断されたことを公表していたが、現在の健康状態を明かした。米誌ピープルが10日、報じた ビリーは昨年5月に正常圧水頭症と診断されたことを公表して、すべてのツアーをキャンセルした。それから1年以上が経過し、ニューヨークのラジオ局SiriusXWの自身の番組「ビリー・ジョエル・チャンネル」に出演してファンに向け健康状態の最新情報を提供した。 診断当時を振り返りつつビリーは、まず「バランス感覚が悪い」ことに気がつき、コンサート中に転倒した後、医者に行ったと語った。その結果、脳室に過剰な脳脊髄液が溜まる疾患である正常圧水頭症と診断され、医師からシャント手術（細いチューブを入れる血液のバイパス手術）を受けるよう勧められる前に理学療法を開始した。 「『シャント手術とはどういうことなの？』と聞いたら『頭蓋骨に穴を開けて、脳の中にシャント（チューブ）を挿入するんだ』と言われた。『いや、それは遠慮しておくよ』と答えた。最初はやりたくなかったんだけど、調べてみたら、バランス感覚や記憶力の向上に役立つことが分かったんだ。だって、頭がおかしくなりたくないからね」と、77歳のビリーは明かした。 時間が経つにつれてビリーは記憶力、バランス感覚、そして日常生活を送る能力が向上していることに気づいたが、仕事量を減らさざるを得なかったという。 「医者からこう言われたんです。私の仕事はロックンロールを大音量で演奏することなので、ショーをするたびに脳震とうのような状態になっていると。脳神経にダメージを与えていて、ショーをすればするほど脳細胞が失われる可能性があると。それで、今はこんなことを続けるべきではないと気づきました。改善しなければならないんです。医師たちも、あまりストレスをかけてほしくないと言っていました」。 「正常圧水頭症」は、脳の周囲を満たす液体（髄液）が通常より増加して脳を圧迫することで歩行障害・認知症・尿失禁などの症状が出る病気とされている。 「医師たちは、あまり無理をしないでほしいと言っているから、今は理学療法に取り組んでいる。言われたことは何でもやっているよ。だって失いたくないからね。だから、いつも自分自身を試している。『彼は脳の病気を患っている』って聞いていると思うけど、僕は大丈夫。みんなには、僕のことを心配しないでほしいって伝えたい。僕はどこにも行かない。ここにいる。今もちゃんとここにいるよ」とビリーは笑顔を見せた。 現時点で、ビリーが本格的にステージ復帰する具体的な時期は決まっていないものの、病状は回復に向かっており、今年1月には、フロリダ州ウェリントンでビリーのトリビュート・バンドの演奏に加わり、2曲を披露してステージに復帰している。スーパースターの1日も早い回復を祈りたい。 東スポWEB,[],[]
【巨人】堀内恒夫氏「やると思ったよ」　マタの負傷は予想通り「余計な力を入れてる」（東スポWEB）,https://news.yahoo.co.jp/articles/e79cf7d97e1e63f54b4cd6226f6a28991768850b,https://newsatcl-pctr.c.yimg.jp/t/amd-img/20260910-00402590-tospoweb-000-1-view.jpg?exp=10800,2026-09-10T18:20:27+09:00,2026-09-10T18:20:27+09:00,東スポWEB,tospoweb,東スポWEB,520,堀内恒夫氏 巨人の元エースで監督も務めた堀内恒夫氏（78）が10日、自身のブログに新規投稿。前日9日の中日戦（東京ドーム）に先発し、3回で緊急降板を余儀なくされたブライアン・マタ投手（27）について持論をつづった。 マタは今季から加入した右腕で8月20日のDeNA戦（横浜）で来日初勝利。以来、2連勝中だったが、9日の試合では得点こそ許さなかったものの、球速が低下する変調も見られていた。早期に降板した理由は右ヒジの違和感で、この日一軍登録も抹消された。 堀内氏にとっては予想通りの結果だったようで、ブログのタイトルは「マタはやると思ったよ」。同戦での投球そのものは「いいボールを投げてた」と評しながらも「でもね、気になってたんだ。肘をやるんじゃないかって。腕をキレイに振り切れてたらいいのにボールが引っかかってたからね。普通に投げてたらいいのにもっと速くもっと上手くじゃないけど 余計な力を入れてるから引っかかっちゃう」とプロ目線で分析した。 巨人は昨セ王者の首位・阪神と激しい首位争いを展開。すでに残り20試合を切り、ポストシーズンでの戦いも控えている。堀内氏は「大したことにならなきゃいいけど」と早期の回復を願っていた。 東スポWEB,[],[]
高橋海人　待望の初個展開催　寝不足で「気を抜いたら目バキバキ」も準備は「青春の日々」（東スポWEB）,https://news.yahoo.co.jp/articles/148d7e99d55697bb2e293fbed814565169f6746f,https://newsatcl-pctr.c.yimg.jp/t/amd-img/20260910-00402588-tospoweb-000-1-view.jpg?exp=10800,2026-09-10T18:15:32+09:00,2026-09-10T18:15:32+09:00,東スポWEB,tospoweb,東スポWEB,516,King＆Prince・高橋海人 「King＆Prince」の高橋海人（27）が10日、東京・渋谷PARCOで行われた「『不思議なセロル展 created by 高橋海人』プレス向け内覧会」に出席した。 【写真】セロルの人形を抱っこする高橋海人 展覧会では、高橋が生み出した不思議な生き物「セロル」の世界観を体感できる。高橋は無事の開催に一安心。「周りを見たらたくさんのスタッフさんが笑顔で携わってくださってるのを見て、セロルもうれしかっただろうなと。温かい気持ちで初日というか開催の日を迎えられたことをうれしく思います。本当に青春の日々だったので」と話した。 昨夜の遅い時間まで作業を続けていたという。「気を抜いたら目バキバキになりそうなので優しい目で話してます。気持ちがメラメラし過ぎて色んなとこチェックしてて、気づいたらこんな時間だ、と。でもしっかり寝てきました」と笑顔で明かした。 同グループの永瀬簾も個展を尋ねる予定だ。「先に知るのが嫌なタイプで、ネタバレ防止をずっとされています」とにっこり。「廉もセロルをかいてくれたり一緒に写真撮ってくれたり、親戚みたいな感じで向き合ってくれてるなと思います」と話した。 東スポWEB,[],[]
【多摩川ボート】チルト３度のハイパワーを炸裂させた伏田裕隆「もう６コースで。全速で行ければかなり伸びる」（東スポWEB）,https://news.yahoo.co.jp/articles/961cc9b3c5768a144b9c864a0107ad16ccf8e4cc,https://newsatcl-pctr.c.yimg.jp/t/amd-img/20260910-00402589-tospoweb-000-1-view.jpg?exp=10800,2026-09-10T18:10:24+09:00,2026-09-10T18:10:24+09:00,東スポWEB,tospoweb,東スポWEB,439,伏田裕隆 ボートレース多摩川の「にっぽん未来プロジェクト競走in多摩川」は10日、予選2日目のバトルを繰り広げた。 この日はボートレース界では〝レアメタル〟、希少種といえるチルト3度の使い手・伏田裕隆（43＝東京）がその威力をまざまざと見せつけた――。 6号艇に組まれた第4Rは展示タイム6秒47というケタ違いの数字を叩き出し「展示の時点から、これは伸びるなと感じていました。タイムも出ましたもんね」と戦前から自信アリだったという。 果たして結果はその快速時計が示した通り、6コースから内勢を一気にのみ込む強まくり発動、独走態勢を築き上げた。レース後は「伸びましたね。スタートは放って様子を見てしまったけど、それでも伸びていった。タイム通りの（伸びの）差はあります」と満足そうな口ぶりだった。 この感触を得たとなれば「もう6コースで。全速で行ければかなり伸びるし、今節のメンバーならいけるでしょう」とチルト3度の継続を宣言。ド迫力の大外まくり連発が期待できそうだ。 東スポWEB,[],[]
【ドジャース】大谷翔平　マジック６で７連戦に不帯同「地区優勝時、大谷はいない」＝米報道（東スポWEB）,https://news.yahoo.co.jp/articles/d6df1073746229e3452fa69c903a3f1c1c967433,https://newsatcl-pctr.c.yimg.jp/t/amd-img/20260910-00402586-tospoweb-000-1-view.jpg?exp=10800,2026-09-10T18:00:35+09:00,2026-09-10T18:00:35+09:00,東スポWEB,tospoweb,東スポWEB,697,マンシーと笑顔でタッチする大谷翔平（ロイター） ドジャースは9日（日本時間10日）、本拠地ロサンゼルスでのレッズ戦に14―1で快勝。今季最長の7連勝を飾り、地区優勝へのマジックナンバーを「6」まで減らした。 先発した山本は7回まで3安打1失点、10奪三振の好投でメジャー自己最多の13勝目をマーク。打線もベッツの19号2ランなどで4回までに大量9点を挙げ、4本塁打を含む14安打の猛攻で圧勝した。打撃不振だったベッツ、T・ヘルナンデス、タッカーもマルチ安打以上を記録し、実力者ぞろいの打線が爆発力を発揮した格好だ。 一方、右上腕二頭筋などのコンディション不良で2試合連続の欠場となった大谷翔平投手（32）については、試合後にロバーツ監督が15日間の負傷者リストに入れることを明言。あわせて11日（同12日）からマイアミで行われるマリナーズとの3連戦、14日（同15日）からのシンシナティでのレッズ4連戦に大谷は帯同せず、LAで治療と回復に専念する方針も明らかにした。 着実にマジックが減り続ける中で7連戦の遠征不帯同。地元紙「カリフォルニア・ポスト」は「ドジャースがナ・リーグ西地区の優勝を決めた時、大谷翔平はチームにいないだろう」と断じ「今後予定されている2都市を巡る7試合の遠征中に地区優勝を確定させる可能性が高い」と報じた。 ドジャースの最終目標はワールドシリーズ3連覇。地区優勝は通過点に過ぎず、大谷のIL入りも10月を万全の状態に近づけるためのものだが、このまま連勝街道をバク進すれば、チームの顔でもある大谷が不在のまま敵地で一つのゴールを迎えることになるかもしれない。 東スポWEB,[],[]
【ドジャース】大谷翔平ＩＬ入りでも昇格なしのキム・ヘソンに母国メディア悲鳴（東スポWEB）,https://news.yahoo.co.jp/articles/165e742058a96eeeac6763dd3b5870c40fbb6afe,https://newsatcl-pctr.c.yimg.jp/t/amd-img/20260910-00402585-tospoweb-000-2-view.jpg?exp=10800,2026-09-10T17:55:24+09:00,2026-09-10T18:30:36+09:00,東スポWEB,tospoweb,東スポWEB,567,お呼びがかからなかったキム・ヘソン（ロイター） 韓国メディア「SPOTVニュース」は10日、「キム・ヘソン2A有望株に押された…ドジャース大谷15日間IL入り→キム・ヘソンではない外野有望株コールアップ」との記事を配信した。 ロバーツ監督はこの日のレッズ戦後、大谷のIL入りを決断。代わりに昇格するのはトッププロスペクトの2Aホスエ・デ・パウラ外野手（21）だという。 専門メディア「ドジャース・ネーション」は「左打ちのパウラはまだ21歳だが、3Aを飛び越えて2Aのタルサ・ドリラーズから直接メジャーリーグに昇格する。これはドジャースの野手としては初の快挙となる。彼はMLB全体で6番目に有望な選手であり、その期待に見事に応えている」と期待を寄せた。 3Aで外野手もこなしているキム・ヘソン内野手（金慧成＝27）にはまたもやお呼びがかからず。この〝悲報〟に母国メディア「SPOTVニュース」は「ドジャースは大谷が離脱してできたロースター枠を活用してキム・ヘソンではなく2Aで好調のパウラをメジャーリーグにすぐに呼び込む計画だ」と嘆いた。続けて「3Aをスキップする破格昇格だ。ドジャースが大谷なしに残った正規シーズンを耐えなければならない状況で、組織内最高レベルの才能と評価されるパウラに機会を与えることにした」と伝えた。 東スポWEB,[],[]
【奈良競輪・ＧⅢ平安賞ｉｎ奈良】町田太我の憧れの選手は伝説のあの男「お城巡りが趣味なんですか」（東スポWEB）,https://news.yahoo.co.jp/articles/7923a0535ee1166038bf30170aae4f302b475aaf,https://newsatcl-pctr.c.yimg.jp/t/amd-img/20260910-00402584-tospoweb-000-2-view.jpg?exp=10800,2026-09-10T17:45:29+09:00,2026-09-10T19:55:25+09:00,東スポWEB,tospoweb,東スポWEB,644,先行技術向上中の町田太我が頼もしい 奈良競輪場で開催されている向日町競輪G3「開設76周年記念 平安賞in奈良」は10日、初日を行った。一次予選9Rで町田太我（26＝広島）が深みのあるレースを披露した。 「憧れは善方政美さんです！」 かつての先行職人の名前を挙げ、レースを振り返る。一次予選9Rは「内に来るとは思わなかった」と、村田祐樹を突っ張った後に佐々木堅次が番手に内から追い上げてくる思わぬ展開となった。しかし冷静に「（渡部）哲男さんがキメやすいように」と勝負どころをリードすると、渡部とのワンツーで決着した。 気になっていたのは「村田さんは来てましたか」というポイント。渡部が「うまいタイミングで踏んでいて来れない感じやったよ」と説明すると、町田は「たぬき先行がうまくいきましたね」とニヤリ。 ここで冒頭の「憧れは善方さん」というフレーズが出てきたわけだ。2023年7月に引退した82期の伝説のレーサーへの、先行選手としての敬意があり、先行の技術に対する認識の深さを伺わせた。 また善方さんは先行テクニックの他、お城巡りが趣味でも有名で「お城巡りが趣味なんですか。歴史とかの勉強も大事なのかな。やっぱり先祖に感謝しないといけないですよね」と人間として、日本人としての生き方にも思いを巡らせていた。 パワフルさだけでなく、総合的な先行の強さを備えてきた。ただし「バンクが重くて踏み応えは良くなかった。しっかり食べてしっかり寝て整えないと」と2日目に向けての修正を課す。 東スポWEB,[],[]
【阪神】藤川球児監督が張本勲さんを偲ぶ「若い頃は厳しいご意見だなと思うことも」（東スポWEB）,https://news.yahoo.co.jp/articles/97d81b459628d15f4a706b4c0e9d0c7de796720d,https://newsatcl-pctr.c.yimg.jp/t/amd-img/20260910-00402583-tospoweb-000-1-view.jpg?exp=10800,2026-09-10T17:35:26+09:00,2026-09-10T17:35:26+09:00,東スポWEB,tospoweb,東スポWEB,405,藤川球児監督 阪神・藤川球児監督（46）が10日に甲子園球場で報道陣の取材に応対。9日午後に86歳でこの世を去った張本勲さんを偲んだ。 虎指揮官は「名球会などでもお話ししたことはありました。朝から胸が痛かったですね」と沈痛な表情。「サンデーモーニング」（TBS）の〝ご意見番〟として長くお茶の間を賑わせた張本さんの功績を「『喝』だったり『天晴れ』だったりのフレーズで野球界を守って下さった。若い頃は厳しいご意見だなと思うこともあったのですが、今になれば野球界が残っていくためにはとても重要なことであると私も分かる年齢になった。感謝と悲しみですね」と振り返った。 歯に衣着せぬ物言いで人気を博した張本さんだったが「普段は全然厳しいというところはなく『よく頑張っているな』と選手時には声をかけて頂いた。悲しいですけど今いる、生かされている野球人の一人として私もまた戦っていきたい」と藤川監督は語った。 東スポWEB,[],[]
【日本ハム】新庄監督「サヨナラ打っても〝喝〟」清宮幸太郎「本当に寂しい」　ＯＢ張本勲さん悼む（東スポWEB）,https://news.yahoo.co.jp/articles/37120514f166c30e4fce2526d7d660acd1abde41,https://newsatcl-pctr.c.yimg.jp/t/amd-img/20260910-00402582-tospoweb-000-1-view.jpg?exp=10800,2026-09-10T17:20:26+09:00,2026-09-10T17:20:26+09:00,東スポWEB,tospoweb,東スポWEB,699,試合前練習を見守る日本ハム・新庄監督 日本ハムの新庄剛志監督（54）と清宮幸太郎内野手（27）が、9日に亡くなった張本勲さんを追悼した。 新庄監督は10日のソフトバンク戦（みずほペイペイ）前、故人との思い出について問われると「すごい僕に対してはきついことを言っていましたね」と語る一方、「うわさではものすごく本当は（自分のことが）好きだったようで。愛情ある〝喝〟が多かったですね」と神妙な面持ちで別れを惜しんだ。 現役時代から厳しい言葉を浴び続けたこともあり、指揮官は「いつか忘れましたけど…どこかの張本さんが出ている番組で僕が逆に〝喝〟って言ったら、張本さんが『はいっ』て言われて…」と肩をすくめて苦笑い。「だって僕にはずっと〝喝〟ばっかりでしたから。サヨナラヒット打ってもファインプレーしても〝喝〟でしたからね。目立つなって。でも全て愛情がありましたから。そういう思い出がありますね」と、厳しさの裏に愛情があった張本さんとの交流を振り返った。 また、清宮幸はプロ1年目の春季キャンプで張本さんから直接指導を受けた経験がある。「高校（早実）時代からずっといろいろとコメントをしてくださったり、それこそ若い時も（春季）キャンプにわざわざ来てくださったので」と振り返った。 さらに「自分のことを知ってくれているんだ、というのがうれしかったのを覚えていますし、すごく（テレビ番組等で）ズバズバ言う方の印象が強くて。深い関係があるわけではないですけど、ファイターズのレジェンドですし。本当に寂しいです」と、日本ハムの前身・東映フライヤーズなどで活躍した大先輩との別れをしみじみと語っていた。 東スポWEB,[],[]
シンデレラエキスプレス・渡辺裕薫　ビートたけしの話術に敬服「絵に浮かぶんです」（東スポWEB）,https://news.yahoo.co.jp/articles/ca55e659a9046537045a0ae67ba4873553cab3e8,https://newsatcl-pctr.c.yimg.jp/t/amd-img/20260910-00402579-tospoweb-000-1-view.jpg?exp=10800,2026-09-10T17:05:25+09:00,2026-09-10T17:05:25+09:00,東スポWEB,tospoweb,東スポWEB,847,シンデレラエキスプレス・渡辺裕薫 お笑いコンビ「シンデレラエキスプレス」の渡辺裕薫が10日、大阪市内で行われたトークライブ「松竹芸能70周年記念 シンプレ渡辺の松竹芸人烈伝『師匠に愛を込めて』」（9月20日＝大阪・心斎橋角座）の会見に出席した。 同公演は、渡辺が1人で登壇し、伝説の芸人（かしまし娘、正司敏江・玲児など）のエピソードや知られざる素顔を語るトークライブだ。 現在、ラジオ大阪の番組「松竹芸能設立70周年記念スペシャル ラジオ松竹芸人列伝」（14日、21日午後10時）で、放送できる範囲のエピソードは語っているという。 今月7日に放送された内容について「1956年8月11日に『新生プロダクション』という名前でスタートしたっていうのが、松竹芸能の始まりです」と切り出し、創業者・勝忠男氏の解説後に「1週目は歴史の話をさせていただきました。2、3週目は私が38年の芸歴の中で出会った芸人さんや見てきた大師匠のお話をいたします」とアピールした。 20日の舞台では「ラジオでは出せない話っていうのは、どうしてもあるんです。そういうお話も交えて、師匠に愛を込めてやろうかな」。 渡辺の話芸に大きな影響を与えたのは、子どものころに録音して何度も聞いていたニッポン放送の「ビートたけしのオールナイトニッポン」だったという。 当時の放送内容について「聞いてたら知らない芸人さんの名前がいっぱい出てくるんですけど、それが絵に浮かぶんですよ。そういう人に会ってみたいとか興味を引きました。知らない芸人さんの話でも語りによっては、今でも生きているように感じるのです」。 「自分が芸人になった時に『知らんがな』って芸人の話をやって、お客さんを笑わせたいなっていうのは、ずっと根底にあります」と告白し、さらに「『すがぬま伸さん』っていうけど、どんな人やって（思っていて）、テレビでパッと出た時に『この人か、ウワー』って思わせるたけしさんの話術って、すごいなと思いました」と目をうるませていた。 東スポWEB,[],[]
【田上明連載#15】蝶野正洋とタッグ戦 新日本はすごい個性を出すじゃん。三銃士はみんな見せ方が上手だった（東スポWEB）,https://news.yahoo.co.jp/articles/f34dbf032fee932dabf3a78ebab9f24c73e125af,https://newsatcl-pctr.c.yimg.jp/t/amd-img/20260910-00402416-tospoweb-000-1-view.jpg?exp=10800,2026-09-10T17:00:34+09:00,2026-09-10T17:00:34+09:00,東スポWEB,tospoweb,東スポWEB,1176,蝶野正洋（右）の人間ロケットを受ける田上明（２００３年、日本武道館） 【全日本四天王が語る歴史の分岐点 田上明 王道の証明（15）】2000年に「ノア」の旗揚げに参加した俺は03年1月に新日本プロレスの蝶野正洋とタッグマッチ（田上＆小橋建太VS蝶野＆三沢光晴、日本武道館）で戦った。 【写真】田上明にリストクラッチ式バーニングハンマーを決める小橋建太 新日本の選手と絡むのはほぼ初めてだもんね。まあ、やっぱり、新日本の選手は…なんていうのかな「己」を持っているんだよね。「型」っていうのか、リングで自分自身をどう見せるかをわかっているんだよ。全日本やノアではあんまりお客に見せるっていうことを、ほとんど考えていなかったからさ。 新日本っていうのはお客に向けて、パフォーマンスとかアピールをやるじゃない。全日本とかノアは技でどうやってやるかってところに重きを置いていた。新日本はすごい個性を出すじゃん。俺らの場合は「試合で見せよう、技で見せよう」で表には出さなかった。そういうのは（ジャイアント）馬場さんのやり方だね。向こうはアントニオ猪木さんのスタイル。三銃士はみんな見せ方が上手だった。蝶野はサングラスをしてなかったら、意外にかわいい目をしてるんだよな。 永田（裕志）との試合（6月、日本武道館）も覚えてるよ。負けた試合ばっかりだな。俺はやれと言われれば誰とだってやる。新日本の選手が来ることに嫌だとか思うタイプじゃなかったね。技のやり方が上手な人だなとは思ったね。ナガタロックはけっこう痛いんだよ（笑い）。このころK―1とか総合格闘技とかが世間でははやってたけど興味はなかったな。俺はプロレスと相撲しか知らないし、顔が（殴られるなどして）変形するのも嫌だしね。 04年9月には小橋のGHCヘビー級王者に挑戦するんだけど、また負けた試合だね。そういうのばっかり集めてるんじゃないかって思っちゃうよ。でもタイトル戦になるとそうなっちゃうよね。「田上火山噴火」とか言われていたけど「俺は火山じゃねえ」って言いたかった。まあ俺もある程度はボコボコにする時もある（笑い）。試合は覚えてねえけど、くたびれて最後やられたって感じか。最後のリストクラッチ式バーニング・ハンマーは何がなんだかわからんかったね。 このころ団体は小橋が引っ張ってたけど、あいつもいいレスラーになってたよな。本人も本当に努力してたから報われたんじゃないの。だけど、その気になってたら、病気になっちゃったんだよ（※）。頑張ってたからかわいそうだったね。あれで下降気味なっちゃって、欠場中はいつもやり合っているヤツがいないからさびしいもんだったよ。やっと復帰できた時はうれしかったね。 ※小橋は2006年6月に腎臓がんが見つかり長期欠場。闘病を乗り越え、07年12月に復帰を果たした。 田上明,[],[]
【張本勲さん追悼】王貞治氏が語った3085安打の真髄「面で受けて、止めて、送り返す」（東スポWEB）,https://news.yahoo.co.jp/articles/b84d968291a1fb9221551adfd8e2ccc87a05255e,https://newsatcl-pctr.c.yimg.jp/t/amd-img/20260910-00402580-tospoweb-000-1-view.jpg?exp=10800,2026-09-10T16:55:24+09:00,2026-09-10T16:55:24+09:00,東スポWEB,tospoweb,東スポWEB,592,ソフトバンクの王貞治球団会長 ソフトバンクの王貞治球団会長（86）が10日、前日9日に亡くなった張本勲さん（享年86）を追悼した。東映（現日本ハム）、巨人などで活躍し、プロ野球記録の通算3085安打を放った故人とは同学年で、言葉には深い悲しみがこもっていた。 ともに高卒でプロ入りし、良きライバルとしてしのぎを削った間柄で「とにかく突然のことでね…。今度の知らせはびっくりしている」と沈痛の様子だった。プロ1年目から結果を残す張本さんに羨望のまなざしを向けたこともあった。4年目に出場した球宴は、張本さんの地元・広島開催。「泊まっていってくれ」と実家で受けたもてなしを懐かしそうに振り返る場面もあった。 4年連続を含め史上最多タイの首位打者7回。1976年から巨人に移籍し、同じユニホームに袖を通した。通算868本塁打の〝世界の王〟が見た打者・張本勲とは――。「彼は広角打法でね。技術的なものは僕の打ち方よりも、よっぽど難しい打ち方をしてるなとはいつも思っていた。やっぱり面でボールを捉えるっていうところがものすごくうまかった。でも、ひっぱたくっていうよりも『面で受けて、止めて、送り返す』っていう感じのバッティングでね。彼にとってはそれが一番理にかなったバッティングだったんだろうと思う」。臨場感たっぷりに語る姿は、個人への強いリスペクトと思い入れの強さがうかがえた。 東スポWEB,[],[]
【芦屋ボート】奈須啓太　得点率２位で予選を折り返す「足はいい方だし乗り心地も良くなっている」（東スポWEB）,https://news.yahoo.co.jp/articles/44523ffccacd7e4f72179271a8ee25281a305e50,https://newsatcl-pctr.c.yimg.jp/t/amd-img/20260910-00402578-tospoweb-000-1-view.jpg?exp=10800,2026-09-10T16:45:30+09:00,2026-09-10T16:45:30+09:00,東スポWEB,tospoweb,東スポWEB,239,奈須啓太 ボートレース芦屋の「BOATRACE振興会会長賞」は10日、予選2日目が行われた。 奈須啓太（43＝福岡）は、3、5コース戦で1、2着。4戦2勝2着2本で得点率2位につけている。 「ペラの形は好みではないけど、回転調整だけして感触は良かった。足はいい方だし乗り心地も良くなっている」と、機率28％の相棒23号は上向き。調整の方向性もバッチリだ。 「行き足や伸びで上はいるけど、Sでカバーできているし大丈夫」。3日目も快ショットを繰り出し、白星を加算する。 東スポWEB,[],[]
【巨人】坂本勇人が張本勲さんを追悼「3000本はお前しかいないんだと」「温かい言葉を…」（東スポWEB）,https://news.yahoo.co.jp/articles/eb4d1f5b803fcd7c6a244f6a99cb3b8044001906,https://newsatcl-pctr.c.yimg.jp/t/amd-img/20260910-00402577-tospoweb-000-1-view.jpg?exp=10800,2026-09-10T16:40:25+09:00,2026-09-10T16:40:25+09:00,東スポWEB,tospoweb,東スポWEB,512,張本さんについて語る坂本勇人（代表撮影） 巨人の坂本勇人内野手（37）が10日、元プロ野球選手の張本勲さんが86歳で亡くなったことを受けて「本当にびっくりしましたし、寂しいなって気持ちです」と追悼した。 張本さんは1959年に東映フライヤーズに入団。その後は巨人、ロッテでも活躍し、首位打者を7度獲得した。「安打製造機」の異名を取り、プロ通算2752試合に出場して史上唯一の3000安打超えとなる3085安打を記録。現役引退後は野球解説者としても名を馳せ、TBS系「サンデーモーニング」のご意見番としても出演。「あっぱれ！」「喝！」などと歯に衣着せぬ物言いでお茶の間を沸かせた。 そんな張本さんから「3000本（安打）はお前しかいないんだ」と激励を受けていたという。「まだまだ頑張れるぞっていう温かい言葉をいただいてました」。今季はプロ20年目にして現役最多の2468安打をマーク。大記録達成まであと532安打となっている。 「到底及ばないすごい先輩ですけど。1歩でも近づけるように、大きな目標でもあるので、今後も頑張っていきたいなと思います」と背番号6。レジェンドからの激励を力に変えて、バットを振り続ける。 東スポWEB,[],[]
森保一監督　長友佑都の北中米Ｗ杯招集に再言及「賛否あったが、絶対に選ばれるべき選手」（東スポWEB）,https://news.yahoo.co.jp/articles/04e943f8e44dc222bf1fce618c0070f99fdecfc8,https://newsatcl-pctr.c.yimg.jp/t/amd-img/20260910-00402576-tospoweb-000-1-view.jpg?exp=10800,2026-09-10T16:20:28+09:00,2026-09-10T16:20:28+09:00,東スポWEB,tospoweb,東スポWEB,724,長友佑都（右）に声をかける森保一監督 日本代表の森保一監督（58）が10日、「ぽかぽか」（フジテレビ系）に生出演し、北中米W杯で5大会連続出場を果たしたDF長友佑都（39＝FC東京）についても言及した。 12日に40歳の誕生日を控える長友は1次リーグ最終戦スウェーデン戦の途中出場でアジア勢としては初となる大記録を打ち立て、チームのまとめ役として大きく貢献。W杯後、引退がよぎりながらも、新シーズンもJ1FC東京の一員として現役続行を決めた。 そんな大ベテランについて森保監督は「彼はいつもポジティブで、自分を律してコンディションをしっかりつくることを、ベテランになってもやり続けている」と高く評価。賛否を呼んだW杯メンバー入りには「メディア上では賛否はありましたけど、絶対に選ばれるべき選手。彼が僕らに選ばせた。パフォーマンスをしっかり見せてくれました」と改めて見解を示した。 続けてW杯中に関しては「過去4大会の経験と、彼はインテル（イタリア）でプレーしたり、Jリーグでの戦いを知っている。全選手にポジティブな声かけと、彼自身が太陽のような存在なので、チームを引っ張ってくれた」と振り返った。 また、スウェーデン戦後のインタビューで長友が連呼した「マンマミーア（イタリア語でなんてことだ）」に関連して、指揮官は「選手たちにイジられていましたね」。その上で「先輩として上から言うのだけでなく、後輩にも適度にいじられながら、リスペクトをもってもらう関係がすごくチームの輪を良くしてれました」と語った。 2022年カタールW杯で発した「ブラボー」のように世間に浸透しなかった「マンマミーア」だが、チーム内の〝潤滑油〟になっていたようだ。 東スポWEB,[],[]
一度もケンカしたことがない！旧姓田中は今も毎日夜中まで一緒に遊ぶ超仲良し兄妹コンビ（東スポWEB）,https://news.yahoo.co.jp/articles/1bc53bcd301ad59875aa5c6e7c235706883edc30,https://newsatcl-pctr.c.yimg.jp/t/amd-img/20260910-00402552-tospoweb-000-1-view.jpg?exp=10800,2026-09-10T16:15:31+09:00,2026-09-10T16:15:31+09:00,東スポWEB,tospoweb,東スポWEB,1779,実の兄妹コンビ・旧姓田中のあやと㊧、はるな “女芸人マニア”として知られているお笑いコンビ「馬鹿よ貴方は」の新道竜巳が、これから“馬鹿売れ”しそうな女芸人を紹介するこの連載。今回はこれまで一度もケンカしたことがなく、本当に仲がいい実の兄妹漫才コンビを紹介する――。 【プロフィル】 コンビ名‥旧姓田中 養成所‥ワタナベコメディスクール40期生 所属‥ワタナベエンターテインメント 結成‥2025年4月 男性‥あやと 生年月日‥1999年1月16日 女性‥はるな 生年月日‥2002年10月2日 元気、仲良し、明るい、清潔感もあり、華もあり、面白さもある。見ていて、単純に「いいな～」と思ってしまいました。普段からケンカなどは全くしないという、私にとっては理想の兄妹です。というのも私には姉がいるんですが、昔からしょっちゅうケンカをしていたので、姉弟でコンビを組むなんて考えられない環境でした。そんな私とは真逆の、本当に魅力的な兄妹コンビだと思います。 そんな2人に話を聞いてみました。 ――お笑いを始めたきっかけは あやと「2024年2月18日に開催されたオードリーさんの東京ドームライブを見て、芸人のカッコ良さに感動したことがきっかけで、僕が芸人を志しました。そこで、自分の友達の中で一番面白い人を相方に誘おうと思ったのですが、いざ考えてみると全然思い浮かばなくて（笑い）。そして家に帰ると、リビングに妹が…。『相方、見つけた！！！』となり、今に至ります」 ――すごく仲が良さそうですが、兄妹ゲンカは全くない？ あやと「今まで一度もないです。養成所に入ってから、これは異常なことだと初めて知りました（笑い）」 ――悩みがあったら教えてください あやと「かなり薄毛が進行していることです。親族に薄毛の人しかいないので、『もう完全に包囲されてるなぁ』と半ば諦めています（笑い）。とはいえ少しでも進行を遅らせられたらと思い、最近はスカルプシャンプーを使い始めました」 はるな「兄と一緒に住んでいるのですが、毎日夜中まで遊んでしまい、睡眠不足です。早い時間に遊べばいいものの夜中になるにつれて楽しくなってしまい、仲良し過ぎて困っています」 ――ネタはどうやって作っている？ あやと「2人で作っています！ 設定や方向性は僕が決めて、そこから一度、アドリブで立ち稽古をしてみることが多いです。その中で出てきた面白い部分を拾いながら、セリフや構成を2人で詰めていっています」 ――今後の目標は あやと、はるな「冠番組を持ってMCをしたり、お昼の番組でロケをしたり…。とにかくテレビに出まくりたいです。まずは今年、テレビでネタを披露することを目標に頑張っています！」 ――影響されたお笑い番組、芸人は あやと、はるな「お笑い番組だと『M―1グランプリ』『爆笑レッドシアター』『爆笑レッドカーペット』『エンタの神様』。芸人はオードリーさん、バナナマンさん、霜降り明星さん、令和ロマンさん」 ――趣味を教えてください あやと「ドラマ観賞、ワンピースカードゲーム、深夜ラジオ、謎解き、坂道アイドル」 はるな「ドラマ観賞、邦ロック（sumikaが一番好きです）、英語学習」 ――何でもいいので何か言いたいことがあれば、どうぞ あやと、はるな「ここまで読んでくださった方、本当にありがとうございます！ 私たちは『旧姓田中のホームビデオ』というユーチューブチャンネルをやっていて、ネタ動画をはじめ、いろいろな企画にも挑戦しています！ 旧姓田中のことを少しでも気になった方は、ぜひユーチューブもチェックしてみてください！」 仲がいいことでも分かるように、とにかく育ちが良い兄妹です。これからの笑いに必要な品格と安心感のある芸人さんだと思います。見ているだけで幸せになれる魅力を持っているので、これからの活躍に期待が高まります。 ☆しんどう・たつみ 1977年4月15日生まれ、千葉県出身、本名・濱島英治郎。平井“ファラオ”光と組む「馬鹿よ貴方は」として「THE MANZAI」「M―1グランプリ」で決勝進出を果たした実力派。緻密なネタ作りに定評がある一方、女芸人ナンバーワン決定戦「THE W」では、予選会場に足しげく通い、ほとんどの出場者のネタを見るほどの“女芸人マニア”。 新道竜巳,[],[]
林家菊丸　ＮＳＣに新設された落語の講師として教壇に立つ日々を語る「教えるって勉強になる」（東スポWEB）,https://news.yahoo.co.jp/articles/5b4b3c2c323ac913b7c9d7c9b15dd2bfe874ea24,https://newsatcl-pctr.c.yimg.jp/t/amd-img/20260910-00402575-tospoweb-000-1-view.jpg?exp=10800,2026-09-10T16:05:23+09:00,2026-09-10T16:05:23+09:00,東スポWEB,tospoweb,東スポWEB,824,林家菊丸 落語家の林家菊丸が10日、大阪市内で「三代目林家菊丸独演会2026～上方人情噺の世界～」（11月23日＝大阪・天満天神繁昌亭/11月28日＝愛知・大須演芸場）の合同取材会に出席した。 同公演は、芸歴32年になる菊丸が、毎年秋に開催してきた独演会だ。21回目の今回は、コロナ禍以降やっていなかったという二代目林家菊丸が作った人情噺「吉野狐」を繁昌亭で披露、大須演芸場では「幸助餅」を披露する。 2か所で人情噺を選んだ理由について聞かれた菊丸は「師匠（四代目林家染丸）が芸歴60年、喜寿で本を出し、一門会も行ったことで、師匠への思いがわいてきた。温故知新みたいな気持ちが出てきた」と説明。 名古屋で披露する「幸助餅」について「染丸が松竹新喜劇の（藤山）寛美先生の作品を落語にした作品。こんな時代だからこそ人情噺をやりたい」と言い、大阪公演の「吉野狐」について「花魁が主人公の若旦那に心底ほれて、追いかけてくる。いやらしくならないよう、美しくやりたい。ロマンチックでミステリアスにやりたい」と意気込んだ。 今年から吉本興業の新人タレント養成所「NSC」に新設された落語の授業で講師をしているという。「教えるって勉強になる」と切り出し、落語のネタをしてみせて、生徒にアレンジさせてみると自分では思いもつかないネタになったと語った。 「若い人に落語は、見向きもされないんだろうなと思っていたんですが、（若者が落語を）知らなかっただけで興味を示すことができるんだなと思ってね」と授業を行った感想を述べた。 上方落語の入門者は年々減少しているが、NSC出身のタレントのなかには月亭方正（NSC大阪校6期出身）のように落語家になった人もいる。 「NSCの生徒が『落語』もお笑いのジャンルの一つだと知ったら、ひょっとしたらそっち（落語）の世界で生きていくって人が現れるかもしれませんよね」と期待感を示し、自身も生徒と一緒に学んでいると語った。 東スポWEB,[],[]
【ドジャース】山本由伸　７回３安打１失点でメジャー自己最多１３勝　大量援護に「間違えてけん制してしまった…」（東スポWEB）,https://news.yahoo.co.jp/articles/71d1541174a22f6e8257ed25d8dadf997b7b411d,https://newsatcl-pctr.c.yimg.jp/t/amd-img/20260910-00402574-tospoweb-000-1-view.jpg?exp=10800,2026-09-10T15:55:23+09:00,2026-09-10T15:55:23+09:00,東スポWEB,tospoweb,東スポWEB,1132,１３勝目を挙げた山本由伸（ロイター） ドジャースの山本由伸投手（28）は9日（日本時間10日）に本拠地ロサンゼルスでのレッズ戦に先発し、7回を1被本塁打を含む3安打1失点、10三振1四球でメジャー移籍後最多の13勝目（8敗）を挙げた。打者24人に90球で、防御率2・62。チームは14―1で勝って7連勝。 初回二死後に中前打されるもけん制で刺して、無失点。2回は2三振、3回は2三振を奪って連続で3者凡退。4回一死でデラクルスに初球の内角フォーシームを中越えに運ばれるも失点はこれだけ。4回までに9点の大量援護されると5回、6回は連続で3者凡退。7回、先頭打者に安打を許すも後続を抑え、余裕で7回を投げ切った。試合後の主な一問一答は以下の通り。 ――素晴らしかった 「特に変わったことをしたわけではないですけど、いつも通り。1イニングずつ集中して投げていきました」 ――スクバル投手と順番が変わった 「いや、多分スクバルの都合だと思います」 ――これだけ援護があると投げやすいか 「あまり気にせず、集中して投げてましたし、最後間違えてけん制してしまったんで、そのぐらい忘れてました」 ――レギュラーシーズンの残りをどう10月の準備に使うか 「より緊張感のある試合が10月は来るので、1試合1試合、より集中してと言いますか、いつもしてますけど、より10月もイメージしながら、体調も整えながら、良いパフォーマンスしながら、とにかく集中して、1試合ずつ投げていきます」 ――大量援護でも集中力は切れなかった 「とにかく1イニングずつ。いつも通り、点入っても、点差が開いても、あんまり考えることなく、いつも通り投げました」 ――デラクルス選手との3打席を振り返って 「インハイの高めにストレートを投げたかったんですけど、ちょっと、真ん中、インコース真ん中の高さに入って、一発で、仕留められましたけど、すごく悔しかったですね」 ――投げた瞬間、声が出ていた 「狙ったとことは違ったので、高めにこう、吹き上がるようなボールを投げたかったんですけど、ちょっと低めに行っちゃいましたね」 ――メジャーで自己最多の13勝目 「すごくうれしく思いますし、より、また頑張ります」 ――体調管理で一番心がけていること 「しっかり1週間…。私生活もそうですし、練習もそうですし、しっかり1週間過ごすことかなと思います」 ――食事面も 「そうですね。やっぱり食事とか睡眠とか、ゆっくりお風呂であったまるとか、そういう生活の基本的なところは特に大事かなと思います」 ――今日ひどく暑かった 「そうですね。ロスにしてはすごい暑かったですけど、意外と動く分にはちょうどいいぐらいでした」 青池奈津子,[],[]
【ドジャース】ＩＬ入り大谷翔平　ロバーツ監督の〝後手後手判断〟に「遅すぎる」＝米報道（東スポWEB）,https://news.yahoo.co.jp/articles/1e04e0a9483d991756c7661c448d6f66a9374b9b,https://newsatcl-pctr.c.yimg.jp/t/amd-img/20260910-00402573-tospoweb-000-1-view.jpg?exp=10800,2026-09-10T15:50:26+09:00,2026-09-10T15:50:26+09:00,東スポWEB,tospoweb,東スポWEB,778,大谷翔平のＩＬ入りは遅すぎた？（ロイター） ドジャースのデーブ・ロバーツ監督（54）が9日（日本時間10日）、大谷翔平投手（32）を15日間の負傷者リスト（IL）に入れると明言した。右上腕二頭筋や左ヒザ、首に不調を抱え、2試合連続で欠場させた大谷をポストシーズンに向けて万全を期すためついに大きな断を下した。 ロバーツ監督はこの日のレッズ戦に14―1で大勝した後「本人とドクター、トレーナーらと話し合った結果、これが正しい選択だと判断した。15日間でリセットし、状態を良くしてもらう」と語った。米メディアからは早い段階で今季中の投手復帰の断念、二刀流登録の大谷がILに入る場合は最短で15日間となるため、早期のIL入りを推す報道が大勢を占めていたが、回復ぶりが思わしくなくとうとう離脱を決めた。 地元紙「カリフォルニア・ポスト」は「ドジャースはIL登録期間を火曜日にさかのぼって適用できる」としつつ「しかし、それでも大谷が復帰できるのは9月23日（同24日）以降で、その時点でレギュラーシーズンの残りはたった5試合となっている」と報道。大谷は次カードからのマイアミ、シンシナティへの遠征には帯同せず、ロサンゼルスに残留して回復に専念する方針で、同紙は「チームが遠征から戻る頃には、（見た目も体調も）いつもの彼らしい姿に戻っていることを願うばかりだ」と伝えた。 ただし、大谷の出場意思を尊重しつつも巡り巡ってのIL入り。この日の試合前の会見で、ロバーツ監督はIL入りの可能性を否定しなくなっていたが、その段階ですら「FOXスポーツ」が「ドジャースはついに大谷翔平のIL入りを検討し始めたが、遅すぎるのではないか？」と後手に回る判断に疑問を呈していた。 大谷のIL入りはドジャース移籍後初。しばらく戦いの最前線から離れ、勝負の10月に大爆発する。 東スポWEB,[],[]
【ＭＬＢ】菅野智之が〝ジーター２世〟に満弾浴びる…ジャッジにも復帰後初安打を許し９敗目（東スポWEB）,https://news.yahoo.co.jp/articles/112a2d95f2eca3f24332fc5727184b592103c304,https://newsatcl-pctr.c.yimg.jp/t/amd-img/20260910-00402572-tospoweb-000-1-view.jpg?exp=10800,2026-09-10T15:25:24+09:00,2026-09-10T15:25:24+09:00,東スポWEB,tospoweb,東スポWEB,915,９敗目となった菅野智之（ロイター） ロッキーズの菅野智之投手（36）がジャッジ待望復帰のヤンキース打線に火をつけた。 【動画】〝ジーター2世〟ロンバードの満塁弾 9日（日本時間10日）、敵地ヤンキー・スタジアムでボンバーズに挑んだ菅野は初回、前日にろっ骨骨折から3か月ぶりに復帰したジャッジから三振を奪うなど、三者凡退で立ち上がった。 だが2回に1点を失うと3回二死走者なしからジャッジに復帰後、初安打となる左前打を献上。これで勢いがついたヤンキース打線は安打と四球で二死満塁とすると黄金ルーキーのロンバードがチーム今季初となる3号グランドスラムを右翼席にたたき込んだ。 菅野は6イニング中4イニングを三者凡退で終えたが、3回の失点が響いた。試合は1―6で敗れ菅野は6回99球を投げて4安打5奪三振3四球5失点で9敗目（12勝）となった。 地元「ニューヨーク・ポスト」は「ロンバードがチームを屈辱から救った」と報じた。この日の試合前時点でヤンキースはメジャー4位の194本塁打を放っていたが、満塁弾はゼロだった。「ロンバードはヤンキースを窮地から救い出した。ヤンキースは1990年以来、球団史上初めて満塁ホームランのないチームになる危機にひんしていたのだ」と36年ぶりの屈辱を逃れたとした。 大型遊撃手として〝ジーター2世〟の呼び声が高いロンバードだが、6戦連続エラーなど拙守が続き打撃成績も落ち込んでいた。若武者は「リードを奪う大きな一打になった。スガノは多彩な球種を投げ、弱い打球を多く打たせるので、真ん中あたりに打ちやすい球を狙っていたんだ」と振り返った。 続いて「ロンバードは21歳99日で満塁ホームランを放ち、ヤンキース史上2番目に若い記録を樹立した。1位はミッキー・マントル（1952年に20歳で2度達成）のみである。これは、グラウンド内外で球団を感心させ続けているこの遊撃手の最新の偉業となった」とたたえた。 ジャッジはこの日、4打数2安打と復帰2戦目でマルチ安打をマーク。チザムが右足親指を捻挫し負傷者リスト入りするなど、ピンチを迎えていたヤンキースが〝菅野攻略〟をきっかけに再び上昇気流に乗れるか。 東スポWEB,[],[]
【ドジャース】大谷翔平　ついにＩＬ入り　ファン安堵「早く良くなって」「ＰＳで復活して」（東スポWEB）,https://news.yahoo.co.jp/articles/e805a5050eb21c1bedaa70783d72c28d5e851adf,https://newsatcl-pctr.c.yimg.jp/t/amd-img/20260910-00402571-tospoweb-000-1-view.jpg?exp=10800,2026-09-10T15:20:25+09:00,2026-09-10T15:20:25+09:00,東スポWEB,tospoweb,東スポWEB,490,試合に勝利し、選手をねぎらう大谷㊧（ロイター） ドジャースのデーブ・ロバーツ監督は9日（日本時間10日）の本拠地ロサンゼルスでのレッズ戦後の会見で2試合連続で欠場した大谷翔平投手（32）を負傷者リスト入りさせると明言した。試合は14―1と大勝し、連勝を7に伸ばしている。 「大谷本人、医師、トレーナー陣と話して、これが正しい判断だと思った。15日間で1度リセットして状態を良くすることが目的。離脱中に段階的に上げ、ポストシーズンに向けて万全の翔平にしたい」 その上で「明日がポストシーズンなら彼はラインアップに入っている」と語り、ポストシーズンを見据えた対応と強調した。 大谷がIL入りするのは右脇腹を痛めたエンゼルス時代の2023年9月以来、3年ぶりだ。二刀流選手のIL入り期間は15日間で、8日（同9日）にさかのぼって適用され、23日（同24日）の本拠地パドレス戦から可能になる。 SNSでファンは安堵。「賢明な判断だ」「早く良くなって」「15日間はあっという間に過ぎるだろう」「ポストシーズンで復活して」「休養も大事だ」 ポストシーズンでの復活を期待していた。 東スポWEB,[],[]
元韓国代表監督ヒディンク氏　日韓Ｗ杯イタリア戦のモレノ主審を〝擁護〟「審判を責めるのは簡単」（東スポWEB）,https://news.yahoo.co.jp/articles/06c04963e0da783910a66ae049f840bf7a54f6ac,https://newsatcl-pctr.c.yimg.jp/t/amd-img/20260910-00402570-tospoweb-000-1-view.jpg?exp=10800,2026-09-10T15:05:24+09:00,2026-09-10T15:05:24+09:00,東スポWEB,tospoweb,東スポWEB,673,日韓Ｗ杯で韓国代表を指揮するフース・ヒディンク氏㊨（ロイター） 2002年日韓W杯で韓国代表を指揮したフース・ヒディンク氏（79）が、イタリア戦の勝利を改めて振り返った。 日韓W杯決勝トーナメント1回戦で延長戦の末に韓国がイタリアに勝つ番狂わせを起こして8強入り。この試合では、エクアドル人のバイロン・モレノ主審が、韓国寄りの判定を連発したことが、勝因とされており、イタリアではいまだに恨み節が渦巻いている。 延長戦に入って、MFフランチェスコ・トッティがシミュレーションで2枚目のイエローカードを受けて退場処分となったことや、FWダミアーノ・トンマージのゴールがオフサイドとして取り消された場面があった。 そんな過去を踏まえ、ヒディンク氏はイタリアメディア「GIANLUCA DIMARZIO・COM」のインタビューで「モレノ主審は審判服の下に韓国のユニホームを着ていたのではないか」と冗談めかした質問を受けると、不快感をあらわにしてこう切り返した。 「そういう質問は好きではない。偏った見方が透けて見える。その論理でいけば、前半にビエリが肘を使った場面もあり、警告を受けるべきだった。モレノはそれも見逃していた。審判を責めるのはいつだって簡単だ」 その上で「マルディーニ、トッティ、ビエリといったスター選手を数多く擁していたのだから、90分以内に勝つべきだった。試合後に文句を言うべきではない」「サッカーでは勝つこともあれば負けることもある。負けた時は、紳士らしく振る舞う必要がある」と語り、イタリア側の態度に不満をにじませた。 東スポWEB,[],[]
張本勲さんの〝生涯最終打席〟は申告敬遠　最後に対戦した上原浩治氏「まさか最後になるとは…」（東スポWEB）,https://news.yahoo.co.jp/articles/5d5a090e70cda092a294d49527eef58abc8f059c,https://newsatcl-pctr.c.yimg.jp/t/amd-img/20260910-00402568-tospoweb-000-1-view.jpg?exp=10800,2026-09-10T14:55:25+09:00,2026-09-10T14:55:25+09:00,東スポWEB,tospoweb,東スポWEB,667,張本勲さん（左）と上原浩治氏（2023年） プロ野球の歴代最多安打記録「3085安打」をはじめ、数々の金字塔を打ち立てた張本勲氏が9日に86歳で死去した。 TBS系「サンデーモーニング」のご意見番としても活動した張本氏は、7月27日に東京ドームで行われた「サントリードリームマッチ2026」にも出場。5回に代打で登場し、マウンドに立った上原浩治（51）と対戦した。往年の左打席に立った張本氏だが、初球を外角に投げ込まれたところで〝無理〟とのジェスチャーを見せて自ら打席を離れてしまい、大御所の思いをくみ取った相手ベンチは申告敬遠を指示した。 番組でも共演していた上原氏は所属する「SPORTS BACKS」を通じて「張本勲さんの訃報に接し、心よりお悔やみ申し上げます。プロ野球界に残された数々の偉大な記録はもちろんですが、現役を退かれてからも長年にわたり野球界を見守り、時には厳しく、時には愛情を持って選手たちに言葉をかけ続けてこられた姿が、とても印象に残っています」と回顧。「張本さんからいただいた『喝！』も『あっぱれ！』も、今振り返れば、すべて野球への深い愛情があってこその言葉だったのだと思います」と振り返った。 また、最後に対戦した投手となったことには「まさかそれが最後の対戦になるとは思ってもいませんでした。本当に寂しいです」とし「これからも空の上から、野球界にたくさんの『あっぱれ！』を、そして時には『喝！』を入れてください。張本さん、本当にありがとうございました。謹んでご冥福をお祈りいたします」と記した。 東スポWEB,[],[]
なかやまきんに君“マッチョの聖地”のボディビル大会で４位に「めちゃくちゃ楽しかったです」（東スポWEB）,https://news.yahoo.co.jp/articles/93c6f2ec04c8c8bc691a4367566b3f821418320b,https://newsatcl-pctr.c.yimg.jp/t/amd-img/20260910-00402569-tospoweb-000-1-view.jpg?exp=10800,2026-09-10T14:45:31+09:00,2026-09-10T14:45:31+09:00,東スポWEB,tospoweb,東スポWEB,448,なかやまきんに君 お笑いタレントでボディビルダーのなかやまきんに君が10日、「X」（旧ツイッター）を更新。米国で行われた歴史あるボディビル大会で4位に入ったことを報告した。 きんに君が参加したのは、マッチョの聖地・ロサンゼルスで行われ得たマッスルビーチシャンピオンシップ大会（現地時間7日）。歴史ある大会でおよそ70人が参加した。 きんに君は「マッスルビーチチャンピオンシップ大会が終わりました。結果は、Men，s Open Bodybuilding Middleweight Classで第4位でした」と投稿。 続けて「17歳の頃から憧れた『筋肉の聖地マッスルビーチ』の大会に出場出来きてめちゃくちゃ楽しかったです。これからも自分なりのベストを尽くして筋トレに励みます」と大会を振り返った。 同じくタレントでボディビルダーとしては横川尚隆が世界最高峰の舞台「ミスター・オリンピア」（24日開幕、米ラスベガス）の出場が決まっており、どんなパフォーマンスを見せるのか、注目されている。 東スポWEB,[],[]
森保監督「心震えるゴール」に伊東純也、前田大然を選出…武田修宏氏もシークレットゲストで登場（東スポWEB）,https://news.yahoo.co.jp/articles/5de6213f536c087b4a678e692757eb8cbe1528fd,https://newsatcl-pctr.c.yimg.jp/t/amd-img/20260910-00402565-tospoweb-000-3-view.jpg?exp=10800,2026-09-10T14:40:21+09:00,2026-09-10T15:45:31+09:00,東スポWEB,tospoweb,東スポWEB,560,森保一監督（左）と武田修宏氏（武田修宏氏のブログから） 日本代表・森保一監督（58）が10日、フジテレビ系「ぽかぽか」に出演し、北中米W杯などについて振り返った。 【写真】チュニジア戦でゴールを決めた伊東純也 試合中にメモする姿で知られる「森保ノート」の内容を公開。決勝トーナメント1回戦で敗れたブラジル戦後には「オレの力が足りず…」などと記していたという。またW杯で「心が震えたゴール」として1次リーグ第2戦チュニジア戦でMF伊東純也が決めたゴールと、同第3戦スウェーデン戦でFW前田大然の得点を選出。指揮官は「勝つために準備していて練習でやっていた形が出るのはうれしい。練習の成果を選手が実践してくれた」と語った。 番組終盤には「森保監督と縁のあるプロサッカー選手」のシークレットゲストとして元日本代表FWの武田修宏氏が登場。指揮官との関係について「連絡は1週間に1回くらい。食事は半年に1回くらい」と説明。2021年、森保ジャパンが苦境に立たされていたとき、カズことFW三浦知良（現J3福島）と元日本代表MFラモス瑠偉氏を呼んで食事会を開催し、激励したという。 森保監督は「うれしかったし、勇気づけられた」とし、この食事会をキッカケにチームは上昇気流に乗ったという。ちなみに支払いはカズだったそうだ。 東スポWEB,[],[]
故ポール・ウォーカーの弟が「ワイスピ」復帰拒否「別れ方が美しかった」（東スポWEB）,https://news.yahoo.co.jp/articles/efe7f5cd971b6c8cf28be56ab95c799407e18f33,https://newsatcl-pctr.c.yimg.jp/t/amd-img/20260910-00402566-tospoweb-000-2-view.jpg?exp=10800,2026-09-10T14:40:21+09:00,2026-09-10T15:20:25+09:00,東スポWEB,tospoweb,東スポWEB,872,2013年に急逝したポール・ウォーカーさん（ロイター） 米人気カーアクション映画シリーズ「ワイルド・スピード」で故ポール・ウォーカーの弟コディ・ウォーカーが、兄が演じたキャラクター、ブライアン・オコナーの再登場について衝撃発言し、ファンの間で大きな話題となっている。 ポールは2013年、「ワイルド・スピード SKY MISSION」（2015年公開）の撮影期間中に自動車事故で急逝。未撮影部分は弟のコディとケイレブが代役を務め、VFXと合わせてブライアン・オコナーの〝美しい別れ〟が描かれた。 だが、米誌「エンターテインメント・ウィークリー」は9日、コディは今後のシリーズ作品への参加について「もう興味はない」と明言したと伝えた。 シリーズ最終章となる第11作（2028年公開予定）で、共演者だったポールの死後、ドム役を演じてきたヴィン・ディーゼルは、「ドムとブライアンを再会させる」と発言したことで、ブライアン復活説が再浮上。 これについてコディは同誌に対し、「僕のスタンスは、メドウ（ポールの娘）が望むかどうか。でも僕自身としてはもうやりたくない。あの別れ方が本当に美しかったから」と告白した。 さらにコディは、もしブライアンを再登場させる場合でも、「自分やケイレブの出番はない」と断言。「今はAIもあるし、過去作の未使用映像も大量に残っている。僕らが必要な時代じゃない」とし、技術的には十分可能だと示唆した。 ディーゼルは2025年、コディ主催のカーイベント「フューエル・フェスタ」に登場した際、最終作の条件として「ロサンゼルスへの回帰」「ストリートレース文化への原点回帰」「ドムとブライアンの再会」を挙げ、ブライアン復活を宣言。コディはその場に立ち会っていたが、具体的な内容は知らされていないという。 コディは、「ヴィンはとてもスピリチュアルで、背負っているものが大きい。最終作を最高のものにしたいという強い思いがある」と慮った。 シリーズ最終章「Fast Forever（原題）」は2028年3月17日に全米公開予定。 東スポWEB,[],[]
ストイックな山下智久が見せた〝神対応〟ネットニュースの〝事故写真〟に「大丈夫です！」（東スポWEB）,https://news.yahoo.co.jp/articles/9e884dfe764181f2afa8bf2af006b98fe3f14089,https://newsatcl-pctr.c.yimg.jp/t/amd-img/20260910-00402564-tospoweb-000-1-view.jpg?exp=10800,2026-09-10T14:05:26+09:00,2026-09-10T14:05:26+09:00,東スポWEB,tospoweb,東スポWEB,571,山下智久 俳優の山下智久（39）が10日、都内で行われた「ヤマシタ」の新CM発表会に出席。ストイックな素顔とは違う、人間味あふれるお茶目な一面を見せ、会場が大きな笑いに包まれた。 トークセッションでは、日頃の健康維持法としてジム3つを掛け持ちして「平均週6回通い」や「4キロランニング」など、超ストイックな日常を告白。また、現在96歳になる自身の祖父の健康を願いつつ「じいちゃん、ばあちゃんにすごくかわいがってもらったので、恩に感じています」と感謝を伝えた。 会場が感動的な雰囲気の中、すべてのプログラムが終了。司会者の「山下智久さんでした！」の呼びかけでステージを後にしようとした、その瞬間だった。 ふと思い出したように足を止めた山下は、報道陣に向かって「あの、超プライベートな話で申し訳ないですけど…」と切り出すと、「たまにネットニュースで出てくるじゃないですか？ 山下の顔…あの僕（の顔）です。すごい半目の時とかあって…」と〝事故写真〟へのボヤきを告白。それでもすぐさま「でも全然大丈夫です！ ありがとうございます」と満面の笑みでフォローすると、司会者も「ステキな写真をたくさん使っていただければと思います！ よろしくお願いします」と援護射撃し、温かいムードに。山下の男気とユーモアあふれる〝神対応〟が会場を魅了していた。 東スポWEB,[],[]
山下智久　週６回のジム通いは「人生の楽しみ」　３つを掛け持ちして「気持ちを整える」（東スポWEB）,https://news.yahoo.co.jp/articles/c0fc4ba1dd82cf5aeb38d3c6c4d9b0999aafa57c,https://newsatcl-pctr.c.yimg.jp/t/amd-img/20260910-00402563-tospoweb-000-1-view.jpg?exp=10800,2026-09-10T13:35:24+09:00,2026-09-10T13:35:24+09:00,東スポWEB,tospoweb,東スポWEB,733,祖父に対する感謝の思いも明かした山下智久 俳優の山下智久（39）が10日、都内で介護用品レンタル・リネンサプライ事業を展開する「ヤマシタ」の新CM発表会に出席。同社のブランドアンバサダーに就任し、自身の健康維持法や96歳の祖父に対する感謝の思いを明かした。 フリップを使ってのトークでは、司会者から健康維持のために日常的に実践していることを問われ、「ジム」と回答。海外でも通える「海外用」と「ロケ先用」「自宅近く」と3つのジムを掛け持ちして、「平均週6回」通っているという。 山下は「機材や器具も違ったりして、僕にとっては人生の楽しみ。体はもちろんですけど、気持ちも整うのが一番大きい」とジム通いのメリットを告白。一方、必ずしも毎回ハードなトレーニングをしているわけではなく、「時間がない時は10分、15分でも行くようにしています。あまり頑張りすぎないで、できる範囲を続けていくことが秘訣。『継続は力』です」と習慣化の肝は〝ハードルを下げること〟にあると明かした。 イベントでは自身の家族についても言及。現在96歳になる祖父について「まだなんとか1人で歩けるよう頑張ってくれている」と近況を伝え、実際に同社の介護用品レンタルサービスを利用しているという。自身の幼少期を振り返り、「じいちゃん、ばあちゃんにすごくかわいがってもらって、恩を感じているし、感謝の気持ちでいっぱいです」と温かい眼差しを向け、「介護が必要な方々のため、自分の活動を通して、社会に貢献できるために一生懸命頑張っていきたい」と誓った。 山下が出演する新CM「ヤマシタが変えていく」篇は、18日から関東エリアで放映開始。同社公式ユーチューブチャンネルでは10日から先行公開されている。 東スポWEB,[],[]
【ＭＬＢ】村上宗隆　圧巻31号の裏で〝超お宝〟が発売初日に発見で大騒ぎ「オー・マイ…」（東スポWEB）,https://news.yahoo.co.jp/articles/2e5cc5401d1cc68a721d8dc598ae8f6efd602ccb,https://newsatcl-pctr.c.yimg.jp/t/amd-img/20260910-00402561-tospoweb-000-1-view.jpg?exp=10800,2026-09-10T13:20:26+09:00,2026-09-10T13:20:26+09:00,東スポWEB,tospoweb,東スポWEB,944,31号ソロ本塁打を放った村上宗隆（ロイター） ホワイトソックスの村上宗隆内野手（26）が9日（日本時間10日）、本拠地シカゴで行われたパイレーツ戦で3試合ぶりとなる31号ソロをかっ飛ばした。 【動画】村上宗隆 かっ飛ばした31号ホームラン 1―4の8回に相手7番手右腕・ウィーバーが投じたチェンジアップをフルスイング。打球角度43度で放たれた大飛球は長い滞空時間を経て右翼席に飛び込み、この時点でシーズン30本塁打の大谷（ドジャース）、岡本（ブルージェイズ）を抑えて日本選手の単独トップに立った。 この日の2打席目まで実に8打席連続三振を喫していたが、やはり当たれば飛ぶ。試合には2―4で敗れ、喜びも半減となったが、メジャー1年目から築いたステータスは本場の米ファンも認めるところだ。その証拠に、トップス社が有望株に焦点を当てたBowmanシリーズのクローム版に村上が登場。しかも世界で1枚しかない超レアカードが発売初日に購入者の手に渡り、高額で売買されるのではないかと騒ぎになっているのだ。 トップス社は公式Xに「オー・マイ…」とショックを受けながら「発売当日に村上宗隆の『Team Japan Superfractor』（1―of―1）を誰かが引き当てたようだ」と投稿。これを受け、米メディア「ブリーチャー・ネーション」は「彼は今年が米国初年度であるため、2026年は彼にとってボウマン・カードシリーズへの初登場となる。彼の名前が記載されたカードはすべて正真正銘のルーキーカードだ。さらに、それが『1枚限定』のカードでこれ以上素晴らしいことはない」と伝えた。 そして、幸運にも村上のお宝カードを引き当てた人物が競売にかけた場合、値段が高騰する可能性があるという。過去に同シリーズで落札された日本選手の最高額は「約7500ドル（約116万円）」というが「オールスター・ルーキーの真の『ワン・オブ・ワン』カードはすべてを上回る価値がある。どの程度の価格になるかは所有者が売却するかどうかの判断に加え、村上のキャリアがどう展開するかによって決まるだろう」と占っている。 この手のものは大谷（ドジャース）が超高額の取引対象となってきたが、村上の価値もどんどん上がっていきそうだ。 東スポWEB,[],[]
【大村ボート・ＧⅠ海の王者決定戦】峰竜太がファンにメッセージ「激痛でしたが骨には異常無しです」（東スポWEB）,https://news.yahoo.co.jp/articles/a0524de37b29c1a125c6a5112b813e669aeaade0,https://newsatcl-pctr.c.yimg.jp/t/amd-img/20260910-00402560-tospoweb-000-1-view.jpg?exp=10800,2026-09-10T13:00:34+09:00,2026-09-10T13:00:34+09:00,東スポWEB,tospoweb,東スポWEB,357,峰竜太 公傷のため帰郷した峰竜太（41＝佐賀）が10日、自身のSNSでケガの状況などを説明した。 ボートレース大村で行われているG1「開設74周年記念 海の王者決定戦」に出場していた峰は3日目（9日）6Rで他艇と接触した際に負傷。3日目終了後に帰郷していた。 この日、更新したSNSでは「レースでおしりを強打してリタイアになりました。直にボートがお尻に当たって激痛でしたが、お尻なんで骨には異常無しです。当たりどころが良かったのが幸いです。また次のレースやイベントありますので、それまでに回復します！ またレース頑張ります」とファンにメッセージ。大事には至らなかったことを報告した。 峰の次走予定は9月28日から10月3日までボートレース児島で開催されるG1「児島キングカップ開設74周年記念競走」。 東スポWEB,[],[]
フランス連盟が〝大失態〟バロンドール候補に選出も１人だけ祝福せず…当該選手は「失望」（東スポWEB）,https://news.yahoo.co.jp/articles/82c200263946140190b4b402e25cab90f0586913,https://newsatcl-pctr.c.yimg.jp/t/amd-img/20260910-00402558-tospoweb-000-1-view.jpg?exp=10800,2026-09-10T12:25:26+09:00,2026-09-10T12:25:26+09:00,東スポWEB,tospoweb,東スポWEB,661,ウェンディ・ルナール（ロイター） フランスサッカー連盟（FFF）大失態か。世界最優秀選手賞「バロンドール」の候補選手が発表となり、同連盟は公式SNSでフランス出身の選手たちに祝福のメッセージを公開したが、1人だけ〝除外〟された。 女子部門にはフランスからセルマ・バシャ（リヨン）、メルビーヌ・マラード（マンチェスター・ユナイテッド）、ウェンディ・ルナール（リヨン）が候補入り。しかし、同連盟は2人しか祝福しなかった。 同国メディア「france info」は「FFFはSNSの投稿で2人を祝福したが、1人ついては言及しなかった。元フランス代表メンバーのウジェニ・ルソメは『祝福を忘れた人がいるから…』と投稿し、ルナールは感謝した」と報じた。 ルナールはルソメの投稿に感謝。その投稿をリポストし「どうやら、長年フランス代表のユニホームを着てきただけではお祝いの言葉をもらうフランス人とは言えないらしい。でも、まあ6度目のノミネートを誇りに思うよ」と投稿した。同メディアは「ルナールはFFFが祝意を表明しなかったことに失望し、自身のインスタグラムに投稿した」と伝えた。 最初の投稿から数時間後、FFFはSNSでルナールの功績を紹介した上で「6度目のバロンドールにノミネートされました。今年30人のファイナリストの中で最多記録です」と記した。しかし、この投稿のコメント欄には「恥を知れ」「もう取り返しはつかない」「恥ずかしすぎる」「ウェンディはジャージーのためにあれだけ尽くしたのに」などの意見が書き込まれていた。 東スポWEB,[],[]
三笘薫　１月にブライトン退団か「状況は一変した」「契約延長にサインする可能性は低い」（東スポWEB）,https://news.yahoo.co.jp/articles/3f25c563370b7b3b437b636335d66b67829bd117,https://newsatcl-pctr.c.yimg.jp/t/amd-img/20260910-00402557-tospoweb-000-3-view.jpg?exp=10800,2026-09-10T12:20:23+09:00,2026-09-10T12:55:24+09:00,東スポWEB,tospoweb,東スポWEB,610,三笘薫㊧（ロイター） イングランド・プレミアリーグのブライトンに所属するMF三笘薫（29）に退団の可能性が浮上していると、英メディア「TEAMTALK」が伝えた。 【写真】私服がおしゃれな三笘薫 三笘は2023年にブライトンと契約更新。27年6月末までとなっている中、かねて契約延長交渉を行っていた。しかし、同メディアは「残り1シーズンとなった今、状況は一変した」とし「長期的な将来は不透明な状況にある。情報筋によると、この日本代表選手は契約延長にサインする可能性は低く、ブライトンは早ければ1月の移籍市場で彼との感情的な別れに直面しているという」と報じた。 ブライトンに加入した三笘は左ウイングとして活躍し、チームのアイドルとなった。しかし、近年は負傷が多く、シーズンを通してプレーできていない。今季向けても左太もも裏を負傷し、手術を受けるなど、現在も復帰には至ってない。そんな中「三笘は自身への関心の高さから、これ以上のコミットメントをためらっている」という。 また、ブライトンは来夏のフリー退団を回避するため、来年、冬の移籍市場で三笘を売却する可能性もある。同メディアは「クラブは依然として保有資産に対して高額の交渉力を持っている。そして高額の移籍金を得られることを期待している」とし「今のところ、三笘が近いうちにアメックス・スタジアムを去る可能性が高いことを示唆する兆候がみられる」と指摘していた。 東スポWEB,[],[]
【大村ボート・ＧⅠ海の王者決定戦】高憧四季　準優進出へ連勝ノルマ「伸びは良かった」（東スポWEB）,https://news.yahoo.co.jp/articles/2603fae3ba7ef35ce793236c40ca71cc737b522f,https://newsatcl-pctr.c.yimg.jp/t/amd-img/20260910-00402559-tospoweb-000-1-view.jpg?exp=10800,2026-09-10T12:20:23+09:00,2026-09-10T12:20:23+09:00,東スポWEB,tospoweb,東スポWEB,394,高憧四季 ボートレース大村のG1「開設74周年記念 海の王者決定戦」は10日、予選最終日となる4日目が行われる。 高憧四季（26＝大阪）は3日目6R、5号艇で4着。2日目5Rでも6号艇で3着を確保と外枠2走を中間着2本にまとめた。初日2Rのイン戦は先マイから首位争いも2周1Mで大きくバランスを崩して6着大敗。これが響いて、予選最終日は31位タイからの勝負駆けとなっている。 4日目は2R2号艇と10R4号艇。準優ボーダーを得点率6・00と想定すると予選突破には2走19点が必要で連勝がノルマとなる。厳しい勝負駆けとなるが、舟足に関しては「向きが甘くて波を越える時に跳ねたけど、伸びは良かった」とまずまずの感触をつかんでいる。 周年記念初挑戦となった6月の宮島72周年記念では準優進出。2回目の予選突破に向けて「伸びに寄っているので、出足をもう少し付けたい」と上積みを図る。 東スポWEB,[],[]
【ドジャース】大谷翔平のＩＬ入り巡るロバーツ監督の〝迷走発言〟に批判殺到「究極の采配ミス」（東スポWEB）,https://news.yahoo.co.jp/articles/3ae4979b02915b29c03d465a6741f384c308e3e8,https://newsatcl-pctr.c.yimg.jp/t/amd-img/20260910-00402554-tospoweb-000-1-view.jpg?exp=10800,2026-09-10T12:15:32+09:00,2026-09-10T12:15:32+09:00,東スポWEB,tospoweb,東スポWEB,816,デーブ・ロバーツ監督（左）と大谷翔平らの試合前のジェスチャー（ロイター） ドジャースの大谷翔平投手（32）は9日（日本時間10日）の本拠地ロサンゼルスでのレッズ戦のスタメンを外れた。先発に復帰する予定だったが、違和感が右腕全、変更された。先発メンバーから外れるのは直近7戦中6度目だ。 試合前に会見したロバーツ監督は「心配なのは、4日間休んだ後に4打席立ち、その中の1打席で違和感が出て、そのまま前に進めない状況になったことだ。それは残念だが、今はそういう状態だ。今日は休ませ、9月にできる限り本来の状態に近づけるために、あらゆる選択肢を検討すべきだと考えている」と語り、負傷者リスト（IL）入りする可能性を問われ、「可能性はある。15日間なので理想的ではない」と否定しなかった。 一方、先週ILに入れなかったことを後悔しているか問われて「今日の状況だけを見れば、時間を戻してILに入れたいとは思う。ただ、あの時点では、われわれ全員が4日間の休養で十分だと考えていた」と答えた。 この判断遅れを認める発言にファンは激怒。SNSはファンの怒りの声があふれた。 「彼は明らかにケガをしていてプレーできないのだから、なぜ待つ必要があるのか」「よく分からない…簡単な判断だったはずなのに」「デイブ・ロバーツは何も分かっていない」「彼をILに入れないのはかなり愚かなことだ」 「確かに彼らの大きなミスだ」「究極の采配ミスだ。ILに入れておくべきだったのに、1週間も引っ張った」「彼をひどくずさんに扱った」「彼らは佐々木を過保護に扱い、他の選手の健康管理に細心の注意を払っていたのに大谷だけは全く管理されていなかった。エンゼルスは彼を酷使し、ついには故障させてしまった。ドジャースはそんなことしないと思っていたが、さらにひどいことをした」 大谷がIL入りしてもポストシーズンに万全で臨める保証はない。大失策にならなければいいが…。 東スポWEB,[],[]
【ドラディション】藤波辰爾がデビュー５５周年記念試合でウルフアロンと初激突　ザックとタッグ結成し龍狼対決「プロレスラー冥利に尽きます」（東スポWEB）,https://news.yahoo.co.jp/articles/1f88b77aebaa5fc2a253ac50ab288554311118f9,https://newsatcl-pctr.c.yimg.jp/t/amd-img/20260910-00402511-tospoweb-000-1-view.jpg?exp=10800,2026-09-10T12:15:32+09:00,2026-09-10T12:15:32+09:00,東スポWEB,tospoweb,東スポWEB,752,ウルフアロンとの初対決が決まった藤波辰爾 〝炎の飛龍〟藤波辰爾（72）が主宰するドラディションの「DRAGON EXPO 2026」（11月6日、後楽園ホール）で、藤波と新日本プロレスのNEVBER無差別級ウルフアロン（30）の初対戦が実現することが10日に発表された。 同大会は藤波のデビュー55周年大会として行われる。過去3回の「DRAGON EXPO」は毎回テーマとなる年号がつけられてきた。「1971」（2022年12月、代々木）では棚橋弘至、「1978」（24年11月、後楽園）では高橋ヒロム、「1995」（25年11月、後楽園）ではザック・セイバーJr．と古巣・新日本プロレスのトップ選手との対戦が実現した。 そして現在進行形の「2026」がつけられた今大会のメインでは藤波のデビュー55周年記念試合が決定。藤波がザックと組んで、ウルフ＆松本達哉と対戦する。ウルフは5月のドラディション後楽園大会での成田蓮に敗れた藤波を救出に駆けつけており、両者のストーリーが動き出していた。 藤波は「72歳という年齢で戦うためには、それ相応のコンディションを作る責任があると感じています。今回、昨年シングルマッチを戦ったザック選手をパートナーに、ウルフ選手、松本選手をドラディションマットに迎えて戦います。現在、そしてこれからのプロレス界を担う選手たちと自分の記念すべきタイミングで戦うことができることはプロレスラー冥利に尽きます」とコメントを発表。「ウルフ選手、松本選手のプロレスに対する心・技・体をしっかりと感じたいと思います。そして、年齢も時代も超えてプロレスで競い合うことにとても大きな意義を感じています。当日までしっかりと緊張感を持って準備し、戦いに備えます」と闘志を燃やしていた。 東スポWEB,[],[]
【大村ボート・ＧⅠ海の王者決定戦】馬場貴也　落水失格から巻き返して６位タイ「エンジンにパワーを感じる」（東スポWEB）,https://news.yahoo.co.jp/articles/5b558064d51eae5910dc3f95b1f0f1ad6640f024,https://newsatcl-pctr.c.yimg.jp/t/amd-img/20260910-00402555-tospoweb-000-1-view.jpg?exp=10800,2026-09-10T12:05:22+09:00,2026-09-10T12:05:22+09:00,東スポWEB,tospoweb,東スポWEB,380,馬場貴也 ボートレース大村のG1「開設74周年記念 海の王者決定戦」は10日、予選最終日となる4日目が行われる。 馬場貴也（42＝滋賀）は3日目2Rで2着。8Rでは5コースからまくり差しを決めて1着でゴールした。初陣の初日6Rでは落水失格（選手責任外）と波乱のスタートとなったが、2日目メイン12Rの龍神ドリームで2着。3日目も2、1着で得点率6位タイに浮上してきた。 「出足の感じはいいのかな。レバーを当ててからの押し感がだんだん良くなってきている。直線もまずまずで、普通以上はある。エンジンにパワーを感じますね」と機にもまずまずの手応えをつかんでいる。 4日目は6R4号艇、11R1号艇の2走。「初日はどうなるかと思ったけど、ここまで来られたので残り2走も頑張ります」とテンションもアップ。予選上位通過、準優好枠に向けてポイントアップを狙う。 東スポWEB,[],[]
里崎智也氏　張本勲さんを悼む「先日お会いした時には、元気で、お話もしたばかり」（東スポWEB）,https://news.yahoo.co.jp/articles/31c72fa870f37f8afd661356dff1dde970b31afc,https://newsatcl-pctr.c.yimg.jp/t/amd-img/20260910-00402556-tospoweb-000-1-view.jpg?exp=10800,2026-09-10T12:00:35+09:00,2026-09-10T12:00:35+09:00,東スポWEB,tospoweb,東スポWEB,420,里崎智也氏 元プロ野球選手で野球評論家の里崎智也氏が10日「X」（旧ツイッター）を更新。9日に死去した元プロ野球選手の張本勲さん（享年86）を悼んだ。 里崎氏は「先日サントリードリームマッチでお会いした時には、元気で、お話もしたばかりだったのに、急でびっくりしています」と突然の死去に驚いていることを明かした。 続けて「現役時代サンデーモーニングで、喝と言われた時には嬉しさの方勝った事を今でも思い出します。世間はどうかわかりませんが、何気に現場は喝が嬉しかったりする事をあります」と振り返り「ロッテのユニフォームにも袖を通した大先輩でもありますし、野球界に残した功績は計り知れない。今の野球界があるのも多くの大先輩が気づいてきた道があるからこれからの道も続く」と張本さんの偉大な功績をたたえた。 その上で「わたし自身もその志を引き継いで未来にバトンをつなげる一員として今を生きよう。ご冥福をお祈りいたします」とつづっている。 東スポWEB,[],[]
ＧＡＣＫＴ　ベトナムの配車サービスで不可解な経験「キミの写真を撮って送ってくれないか…？」（東スポWEB）,https://news.yahoo.co.jp/articles/a715d0cb4b0779812fa93b6feb490132f4ae4f99,https://newsatcl-pctr.c.yimg.jp/t/amd-img/20260910-00402553-tospoweb-000-1-view.jpg?exp=10800,2026-09-10T11:45:30+09:00,2026-09-10T11:45:30+09:00,東スポWEB,tospoweb,東スポWEB,574,GACKT ミュージシャンのGACKTが10日「X」（旧ツイッター）を更新。ベトナムの配車サービスで不可解な経験をしたことを明かした。 GACKTは「ベトナムでGRABという配車サービスを利用したという。Uberのようなものらしく、GACKTは仲間と食事に行こうとしてGRABで車を呼んだという。 リクエストした時点で「表示では、ホテルまであと2分」だったというが「ところが、待てど暮らせど全く動かない」。 そのため、GACKTの仲間が「どうした？何かあったのか？」とドライバーに連絡すると「すごい疲れた…」という返信が…。 これにはGACKTも「……え？」と驚き、さらに「仲間がボクに言う。『兄さん…、このドライバー、すごい疲れてるらしいっす…』知らんがな。疲れてるなら、そもそもコール取るなよ」とあきれ、ドライバーにキャンセルを伝えたという。 するとさらに「キミの写真を撮って送ってくれないか…？」と、ドライバーから謎の返信があった。 予想外の返信にGACKTは「……どゆこと？これ、女の写真を送ったら来るのか？写真を見てから、行くかどうか決めるシステムなのか？それとも、疲れを吹き飛ばす何かを写真に求めているのか？疑問しかない」と混乱したといい「ベトナムではこれがデフォルトなのか？誰か教えてくれ」とフォロワーに訴えかけている。 東スポWEB,[],[]
赤西仁 A.B.CｰZ橋本良亮と交際報道の沢尻エリカと密着２ショット「タイミングやば」（東スポWEB）,https://news.yahoo.co.jp/articles/4ea8ad324cd7082cb8dff52ebb06f71a9f41e7ef,https://newsatcl-pctr.c.yimg.jp/t/amd-img/20260910-00402551-tospoweb-000-5-view.jpg?exp=10800,2026-09-10T11:30:30+09:00,2026-09-11T01:55:26+09:00,東スポWEB,tospoweb,東スポWEB,457,赤西仁 元KAT‐TUNの赤西仁が9日、インスタグラムを更新し、女優の沢尻エリカとの〝密着2ショット写真〟を公開した。 【写真】赤西仁と沢尻エリカのツーショット 赤西は「最高な日でした」「色々お仕事に対しての想いを共有できた日でした。いつか近いうち作品一緒にやりたいねって」と投稿。沢尻と会食し、仕事での共演などについて語ったようだ。 仲睦まじい2ショット写真を添付。赤西は左手にグラスを持って唇をとがらせておどけた表情を見せ、沢尻は赤西の肩にしなだれかかり〝恍惚〟の表情を浮かべている。 この日午前、NEWSポストセブンでA．B．C‐Zの橋本良亮が沢尻との交際を報じられたばかり。橋本は旧ジャニーズ事務所で赤西の後輩にあたる。また、沢尻は赤西と親交が深い。 赤西の投稿にはネットユーザーから「タイミングやばい」「さすがな赤西仁がさすがなタイミングで来た」「なんで？今日アゲる！？」と返信が寄せられた。 沢尻との密着写真には「イヤイヤ近すぎやろ！」「はっしーの彼女らしいけど」などとツッコミが入った。 東スポWEB,[],[]
【東京女子】人気キャラ・タマが刃物使用〝物騒ラリアート〟の不穏予告（東スポWEB）,https://news.yahoo.co.jp/articles/9ee416a1b2b0cac25b3fad5f98d88939a61159fb,https://newsatcl-pctr.c.yimg.jp/t/amd-img/20260910-00402529-tospoweb-000-1-view.jpg?exp=10800,2026-09-10T11:15:31+09:00,2026-09-10T11:15:31+09:00,東スポWEB,tospoweb,東スポWEB,574,取材に応じるタマ（写真左） 東京女子プロレス10月3日大田区大会に出場する人気キャラクター「タマ（教育番組）」が、大会へ向けて不穏予告だ。 「LOVE＆PEACE TIFプロレス2026」（8月1日、東京・青海）でプロレスデビューしたタマは、桐生真弥と組んで、らく＆魅仁夢、原宿ぽむ＆ポコたん（DDT）と3WAYタッグマッチで激突することが決定。9日の会見では東京女子プロレス・甲田哲也代表に刃物を手に詰め寄り、その存在感を知らしめた。 会見後に取材に応じたものの、しゃべらぬタマはタッグを組む桐生との関係性についてはゆっくりと首を振り、深く追究されることを避けた。しかし、デビュー戦でも共闘した桐生との再タッグには注目が集まるだろう。 また、デビュー戦後に磨きをかけた技については、刃物を持った状態でのラリアートであると身ぶり手ぶりで明かした。物騒極まりない技だけに、過激な試合になることが予想される。凶器の使用に抵抗がない様子のタマだが、今後のデスマッチ等への参戦については再び首を振り否定。孤高のレスラーとしてのスタイルを確立していくと推測される。 取材終盤、改めて大田区大会への意気込みを問うと、孤高のスタイルを確立するためだろうか、まさかの回答拒否。再度尋ねたところ、刃物をちらつかせて記者の腹部へ…。取材はそこで打ち切られた。 小松睦実,[],[]
スリムクラブ真栄田　“１１歳の天才”から提供されたネタに感心「ザ・セカンド優勝出来そう」（東スポWEB）,https://news.yahoo.co.jp/articles/d32927c8dfba5f1a8d4adc4f27a957beb7078197,https://newsatcl-pctr.c.yimg.jp/t/amd-img/20260910-00402549-tospoweb-000-1-view.jpg?exp=10800,2026-09-10T11:05:26+09:00,2026-09-10T11:05:26+09:00,東スポWEB,tospoweb,東スポWEB,299,スリムクラブの真栄田賢 お笑いコンビ・スリムクラブの真栄田賢が10日、「X」（旧ツイッター）を更新。ファンからネタの提供があったことを明かした。 真栄田は「スリムクラブの2人宛」と書かれた封筒の画像を添付。 中にはネタ書かれた文書が入っていたようで「11歳の天才から『僕の考えたスリムクラブさんのネタです』とお手紙来た。面白い」と提供者は11歳の子どもだったといい、しかもかなり面白かったという。 どんなネタから明かしていないが、真栄田は感心することしきりで「ザ・セカンド優勝出来そう。ありがとう」と投稿。来年の「THE SECOND～漫才トーナメント～」でこのネタが披露されるかも？ 東スポWEB,[],[]
ＮＨＫが〝不同意性交〟の２０代記者を解雇「職員としてふさわしくない」２か月連続不祥事（東スポWEB）,https://news.yahoo.co.jp/articles/cbf4aa1010961a7fd0256da4fb3eb0b8370e8fc3,https://newsatcl-pctr.c.yimg.jp/t/amd-img/20260910-00402548-tospoweb-000-1-view.jpg?exp=10800,2026-09-10T11:05:26+09:00,2026-09-10T11:05:26+09:00,東スポWEB,tospoweb,東スポWEB,572,東京・渋谷のNHK放送センター NHKは9日、声明を発表し、〝不同意性交〟があったとして20代記者の同局職員を懲戒免職にしたと発表した。処分は同日付。 声明で処分理由について「相手方の同意なく、性的な身体接触を行いました。こうした行為が職員としてふさわしくないと判断しました」と説明した。 井上樹彦会長は「ことし1月に『NHKハラスメント防止・撲滅宣言』を行い、4月には『NHK人権方針』を策定し、組織をあげてハラスメントなど人権問題への取り組みを強めているさなかに、職員によるこのような事案が発生し、痛恨の極みです。NHKに対する信頼を損ねることとなり、視聴者の皆さまに深くお詫びいたします」と謝罪。 今後について「協会として人権侵害やハラスメントなどの不適切な行為を決して許さず、厳正に対処していきます。また、職員一人一人が人権問題を自分事ととらえ、人権を尊重する組織風土への変革に取り組み、再発防止に努めます」とした。 NHKは8月、性的事案を発表し、世間から批判されたばかり。同局職員が番組出演者からの性被害で体調を崩し、PTSD（心的外傷後ストレス障害）を発症したために昨年4月、他部署への異動を申し出たが聞き入れられなかったとし、組織として謝罪していた。 2か月連続で性的事案が起きたことを発表し、謝罪したことになる。 東スポWEB,[],[]
張本勲さんが死去「あっぱれ！」「喝！」不滅の最多安打記録「プロ野球唯一の３０８５安打」（東スポWEB）,https://news.yahoo.co.jp/articles/7f7a3a4657150cb728338afb82ff115d12f8680a,https://newsatcl-pctr.c.yimg.jp/t/amd-img/20260910-00402547-tospoweb-000-3-view.jpg?exp=10800,2026-09-10T11:00:34+09:00,2026-09-10T18:35:24+09:00,東スポWEB,tospoweb,東スポWEB,740,亡くなった張本勲さん プロ野球界に不滅の最多安打記録「3085安打」を打ち立て、東映（現日本ハム）、巨人、ロッテで活躍した張本勲さんが9日に亡くなっていたことが分かった。10日に日本プロ野球名球会が発表した。86歳だった。 張本さんは1959年に東映フライヤーズに入団。1年目から新人王に輝き、2年目には打率3割をクリアし、3年目の61年には3割3分6厘で首位打者に輝いた。「安打製造機」の異名を取り、67年から70年まで4年連続で首位打者に立つなど、プロ通算2752試合に出場して史上唯一の3000安打超えとなる3085安打を記録した。歴代2位は2901安打の野村克也氏（故人）、3位は2786安打の王貞治（ソフトバンク球団会長）と続き、現役最多では歴代10位の坂本勇人（巨人）の2468安打となっている。 現役引退後は野球解説者としても活動し、TBS系「サンデーモーニング」のご意見番として出演。お茶の間の人気を集め「あっぱれ！」「喝！」と、歯に衣着せぬ物言いで多くの反響を呼んだ。 張本さんが亡くなったのは「9日午前」。名球会は「その圧倒的な打撃成績と野球に対する厳しい姿勢は、広範囲なファンに愛され、引退後も野球解説者や評論家として歯に衣着せぬ力強いコメントを通じ、長年にわたり野球界の魅力を伝え続けられました」と功績をたたえ「名球会においては、設立初期から創立メンバーの一人として参画され、会員の広報・活動の発展に尽力されたほか、各地での野球教室や各種イベントなどを通じて、次世代への野球の普及と発展に大きく貢献されました。名球会一同、張本勲さんの長年にわたる偉大なご功績に深く敬意と感謝の意を表するとともに、心よりご冥福をお祈り申し上げます」としている。 東スポWEB,[],[]
【ドジャース】大谷翔平　腕全体に違和感「回復するための時間は急速に失われている」米報道（東スポWEB）,https://news.yahoo.co.jp/articles/1f70844f6d8c3a17f303e466c464a04e4b13b746,https://newsatcl-pctr.c.yimg.jp/t/amd-img/20260910-00402546-tospoweb-000-1-view.jpg?exp=10800,2026-09-10T10:55:25+09:00,2026-09-10T10:55:25+09:00,東スポWEB,tospoweb,東スポWEB,895,先発メンバーから外れた大谷翔平（ロイター） ドジャースの大谷翔平投手（32）は9日（日本時間10日）、本拠地ロサンゼルスでのレッズ戦のスタメンを外れた。先発に復帰する予定だったが、右腕の状態が悪化したことから、変更された。 試合前の会見でロバーツ監督は右上腕二頭筋というよりも、「腕全体」の問題と明かし、「月曜日（7日＝同8日）のスイングで違和感があったようだ。昨夜（8日＝同9日）になって知ったんだが、月曜日にあまり感触の良くないスイングがあり、まだ完全には回復していないということがわかった。だから今日は休ませて、その後、本人やメディカルスタッフと話し合い、今後どうするかを決める」と説明した。 大谷は7日の取材対応で今季、投手復帰の可能性について「ほとんどの確率でそれはない。バッティング、オフェンスに集中したい」と今後はポストシーズンを含めて打者として貢献することを誓っていた。 指揮官は「一番に優先すべきなのは、可能な限り健康な状態に戻すこと。今季終了までに100％になるかといえば、ならない」と断言。「その制約の中でスイングを作っていくことになる。ただ、違和感を抱えたままスイングを模索させたり、無理をさせるのは理にかなっていない」と付け加えた。 地元紙「カリフォルニア・ポスト」（電子版）は「10月までに4度のMVP受賞者である頃の本来の姿を取り戻せるかどうか、不確実性はますます高まっている」と警鐘を鳴らした。 それでもロバーツ監督は「彼がラインアップにいれば、間違いなく相手にとって大きな存在になる。ただ、今はまだ時間があり、必要なら数日間休ませながら、ポストシーズンへの準備として打席に立つ時間も確保できる」と復活を期待している。 打者・大谷の凄さを熟知しているだけに当然だが、同電子版は「懸念はますます高まっており、彼が回復するための時間は急速に失われつつある」と指摘した。 ロバーツ監督は「今日の状況だけを見れば、時間を戻してILに入れたいとは思う」と悔やんだが後の祭り。決断の遅れで、大谷の復活同様、ドジャースのワールドシリーズ3連覇も今や不透明だ。 東スポWEB,[],[]
【ＡＥＷ】ウィル・オスプレイが新日本時代の宿敵デビッド・フィンレーに完勝　ＡＥＷ世界王者の貫禄示す（東スポWEB）,https://news.yahoo.co.jp/articles/93cbc327520de9d9c3c332119e5b3366db611a08,https://newsatcl-pctr.c.yimg.jp/t/amd-img/20260910-00402544-tospoweb-000-2-view.jpg?exp=10800,2026-09-10T10:50:27+09:00,2026-09-10T14:55:25+09:00,東スポWEB,tospoweb,東スポWEB,633,デビッド・フィンレーにスタイルズクラッシュを決めるウィル・オスプレイ（©All Elite Wrestling） 米国・AEWの「AEW DYNAMITE」（ジョージア州アセンズ）が9日（日本時間10日）に放送され、AEW世界王者のウィル・オスプレイ（33）がデビッド・フィンレー（33）とのシングルマッチを制した。 オスプレイは次回PPV「ALL OUT」（26日、シカゴ）でジョン・モクスリーとの防衛戦が決定している。この日の放送では放送席でモクスリーが見守るなか、フィンレーが勝利した場合に挑戦権が発生する「エリミネーターマッチ」として、新日本プロレス時代からのライバルを迎え撃った。 新日本時代に「ユナイテッド・エンパイア」を率いたオスプレイと、「バレットクラブ・ウォー・ドッグス」を率いたフィンレーによる、互いに手の内を知り尽くした両雄のシングル戦は白熱の攻防の連続となる。攻勢に出たオスプレイはオスカッターを発射してフィンレーに大ダメージを与える。 追撃のヒドゥンブレードを回避されると、オーバーキルを狙われて窮地に。それでもこれをスタナーで切り返すと、そのまま一気にスタイルズクラッシュをさく裂させて3カウントを奪ってみせた。 かつての抗争相手を退け、AEW世界王者の貫禄を示したオスプレイ。〝米国版ユナイテッド・エンパイア〟の結成には新日本のカラム・ニューマンが猛反発しているが、少なくともリング上は充実の一途を辿っていると言えそうだ。 東スポWEB,[],[]
【Ｆ１】角田裕毅とリアム・ローソンに〝不要論〟ラルフ氏「レッドブルは必要としていない」（東スポWEB）,https://news.yahoo.co.jp/articles/638137de991a7ee6cf87a3c7835b08478ced0816,https://newsatcl-pctr.c.yimg.jp/t/amd-img/20260910-00402542-tospoweb-000-1-view.jpg?exp=10800,2026-09-10T10:10:25+09:00,2026-09-10T10:10:25+09:00,東スポWEB,tospoweb,東スポWEB,686,角田裕毅（左）とリアム・ローソン（カメラ・秋山昌輝） 元F1ドライバーのラルフ・シューマッハ氏はレッドブルでリザーブを務めている角田裕毅と姉妹チーム・レーシングブルズのリアム・ローソン（ニュージーランド）の不要論をとなえた。 レッドブルではアイザック・ハジャール（フランス）が負傷により離脱し、今季好調のローソンを代役に指名。またローソンの代わりにリザーブの角田がレーシングブルズでハンドルを握る。そんな中、ラルフ氏はポッドキャスト「バックステージ・ボクセンガッセ」で「今のレッドブルの若手有望株を見ると、角田の物語はすでに語り尽くされていると思う。他のチームでレースをするかはわからないが、レッドブルは彼を必要としていないのは明らかだ」とした。その上で天才ドライバーの弟は「ローソンについても同じことが言える」と指摘した。 レッドブルはF2で結果を出しているニコラ・ツォルフ（ブルガリア）の来季昇格をもくろんでおり、2人はチームにとって不要だという。ラルフ氏は「レッドブルがツォルフにチャンスを与えるかどうか。もう一歩踏み込んだ走りを見せてくれる選手を見つける機会だからだ」とし「角田もローソンも、そう言う面はみられない。だからこそアービッド・リンドブラッド（英国）と組むには彼（ツォルフ）が最適だと思うんだ」という。 ラルフ氏の見解に専門メディア「F1OVERSTEER」は「レッドブルはもはや彼（ローソン）を必要としていない」とし「ラルフ氏は角田がレッドブルに居座りすぎているのではないかと考えている」とし、2人が今季限りで退団する可能性を伝えていた。 東スポWEB,[],[]
【ドジャース】大谷翔平ＩＬ入り浮上　ロバーツ監督は否定せず「可能性はある」（東スポWEB）,https://news.yahoo.co.jp/articles/4bf8ce69e93357e9db50d7ba42d457717e059f14,https://newsatcl-pctr.c.yimg.jp/t/amd-img/20260910-00402541-tospoweb-000-2-view.jpg?exp=10800,2026-09-10T09:20:27+09:00,2026-09-10T11:10:26+09:00,東スポWEB,tospoweb,東スポWEB,910,腕全体の違和感を訴えた大谷翔平（ロイター） ドジャースの大谷翔平投手（32）は9日（日本時間10日）の本拠地ロサンゼルスでのレッズ戦で2試合連続で先発メンバーから外れた。直近7試合で6度目だ。フリーマンも右ヒザ違和感でスタメン外となった。「1番・中堅」でエドマン、「2番・DH」でスミス、「9番・一塁」でE・ヘルナンデスが出場する。 地元紙「カリフォルニア・ポスト」（電子版）は「大谷の驚きのニュースは彼の健康状態やドジャースの3連覇の可能性にさらなる疑問を投げ掛けている」、MLB公式サイトも「直近の7試合で6度目のスタメン落ち」と速報した。 ロバーツ監督は試合前の会見で、「月曜日（7日＝同8日）のスイングで違和感があったようだ。昨夜（8日＝同9日）になって知ったんだが、月曜日にあまり感触の良くないスイングがあり、まだ完全には回復していないということがわかった。だから今日は休ませて、その後、本人やメディカルスタッフと話し合い、今後どうするかを決める」と説明した。 違和感を訴えたのは腕全体だといい、追加の画像検査が必要になる可能性も言及。その上で「心配なのは、4日間休んだ後に4打席立ち、その中の1打席で違和感が出て、そのまま前に進めない状況になったことだ。それは残念だが、今はそういう状態だ。今日は休ませ、9月にできる限り本来の状態に近づけるために、あらゆる選択肢を検討すべきだと考えている」と語った。 負傷者リスト（IL）入りする可能性を問われ、「可能性はある。15日間なので理想的ではない。ただ、翔平にとって最善のことが、われわれにとっても最善だという考えは変わらない。どこかの時点で判断しなければならない」と否定しなかった。 左ヒザ、右上腕二頭筋、首の不調のため4試合欠場した大谷は7日のレッズ戦に出場し、3打数無安打に終わり、8日はスタメンから外れた。ロバーツ監督は会見で「トレーニングスタッフと話して徐々に上げていこうという考えになった」と説明。「明日はラインアップに入る」と明言していた。 段階的に回復していると見られていたが、よもやの後退。ワールドシリーズ3連覇に向けて不安材料だ。 東スポWEB,[],[]
ＰＳＧ　６得点圧勝に指揮官「デンベレには驚かされた」…アーセナル、リバプールも白星発進（東スポWEB）,https://news.yahoo.co.jp/articles/efd2872f761fa121880ccb6339653ef001480ec5,https://newsatcl-pctr.c.yimg.jp/t/amd-img/20260910-00402540-tospoweb-000-1-view.jpg?exp=10800,2026-09-10T08:35:22+09:00,2026-09-10T08:35:22+09:00,東スポWEB,tospoweb,東スポWEB,536,ウスマヌ・デンベレ（ロイター） 欧州チャンピオンズリーグ（CL）1次リーグ初戦（9日＝日本時間10日）、3連覇を狙うパリ・サンジェルマン（フランス）はMF松岡大起の所属するスロバン・ブラチスラバ（スロバキア）に6―1で圧勝した。 フランス代表FWウスマヌ・デンベレが2得点、スペイン代表FWフェラン・トーレスがハットトリックをマークするなど快勝。国内リーグ（2分け1敗）で未勝利と苦しむ中で大勝したルイス・エンリケ監督は「我々は非常に良い仕事をした。素晴らしいプレーをした。特にデンベレには驚かされた」と語った。 フランスメディア「RMCスポーツ」はこの日2得点1アシストと活躍したストライカーについて「エンリケ監督はシーズン開幕当初に批判していたデンベレを祝福した」と報じていた。 ア―セナル（イングランド）は敵地でナポリ（イタリア）に0―1で勝利。後半30分にノルウェー代表MFマルティン・ウーデゴールが決勝点を決めた。リバプール（イングランド）は本拠地でアトレチコ・マドリード（スペイン）に2―1で競り勝った。スポルティング（ポルトガル）はホームでガラタサライ（トルコ）に3―1、シュツットガルト（ドイツ）はバイキング（ノルウェー）に3―1で勝利した。 東スポWEB,[],[]
バルセロナ〝アルバレス騒動〟の影響なし…今季負けなし５連勝、４試合で５得点と絶好調（東スポWEB）,https://news.yahoo.co.jp/articles/6076de8d7601a87ec6a9ecae022290320764d261,https://newsatcl-pctr.c.yimg.jp/t/amd-img/20260910-00402539-tospoweb-000-1-view.jpg?exp=10800,2026-09-10T08:25:22+09:00,2026-09-10T08:25:22+09:00,東スポWEB,tospoweb,東スポWEB,729,ガブリエル・ジェズス（ロイター） 欧州チャンピオンズリーグ（CL）1次リーグ初戦（9日＝日本時間10日）、名門バルセロナ（スペイン）はホームでフェイエノールト（オランダ）に5―1で圧勝し、ストライカー不足の懸念を完全に払しょくした。 バルセロナは前半3分にブラジル代表FWラフィーニャのゴールで先制すると、MFカリム・アデイエミ、MFラミン・ヤマル、FWガブリエル・ジェズスらがゴールラッシュ。日本代表DF渡辺剛の所属するオランダ強豪クラブを相手に完勝した。これで今季公式戦5連勝。その内の4試合で5得点を奪うなど、22得点3失点と完璧なスタートとなった。 バルセロナは昨季限りでポーランド代表FWロベルト・レバンドフスキ、スペイン代表FWフェラン・トーレス、元イングランド代表FWマーカス・ラッシュフォードが退団し、計54得点の穴をどう埋めるのかが懸念されていた。しかも獲得に乗り出していたアトレチコ・マドリードのアルゼンチン代表FWフリアン・アルバレスの補強は失敗。得点力不足が明らかだった。 しかし、リーグ開幕後は攻撃陣が奮闘。国内リーグ開幕から大量得点を奪うなど負けなし。周囲の不安を吹き飛ばす快進撃を見せている。ハンジ・フリック監督は試合について「現状には満足しているが、改善の余地はある」とし、FW問題について「私たちはあらゆる状況において変化を起こし、それが功を奏する。私たちは状況をつくり出すのだ」と納得の様子だった。 バルセロナに完敗したフェイエノールトのジョバンニ・ファンブロンクホルスト監督は「彼らを見ればわかるだろう。バルセロナが世界一のチームだ」とコメント。2014―15年シーズン以来となる欧州制覇も期待できそうだ。 東スポWEB,[],[]
【ドジャース】大谷翔平　２試合連続で先発メンバー外れる　ロバーツ監督が前日スタメン出場明言も　体調悪化か（東スポWEB）,https://news.yahoo.co.jp/articles/8e839fdd3adeb5fe7d93f854c6b7af08b50d4af0,https://newsatcl-pctr.c.yimg.jp/t/amd-img/20260910-00402538-tospoweb-000-1-view.jpg?exp=10800,2026-09-10T08:20:28+09:00,2026-09-10T08:20:28+09:00,東スポWEB,tospoweb,東スポWEB,436,先発メンバーから外れた大谷翔平（ロイター） ドジャースの大谷翔平投手（32）は9日（日本時間10日）の本拠地ロサンゼルスでのレッズ戦で2試合連続で先発メンバーから外れた。「1番・中堅」でエドマン、「2番・DH」でスミスが出場する。 米スポーツサイト「ジ・アスレチック」のファビアン・アルダーヤ記者はラインアップ発表30分ほど前に自身のX（旧ツイッター）で「大谷翔平はここ7試合で6度目となるドジャースのラインアップから外れると予想されている、と関係者がジ・アスレチックに語った」と投稿していた。 左ヒザ、右上腕二頭筋、首の不調のため4試合欠場した大谷は7日（同8日）のレッズ戦に出場し、3打数無安打に終わり、8日（同9日）はスタメンから外れた。ロバーツ監督は試合前の会見で「トレーニングスタッフと話して徐々に上げていこうという考えになった」と説明。「明日はラインアップに入る」と明言していた。 左ヒザ、上腕、首の状態が悪化した可能性もある。気になるところだ。 東スポWEB,[],[]
【貴浩西山のキャビらない話】桐生ＳＧメモリアルで「やっぱりボートレースが楽しい」と思えるレースが…（東スポWEB）,https://news.yahoo.co.jp/articles/ba44436cfea937864837b1abb3596caab837726f,https://newsatcl-pctr.c.yimg.jp/t/amd-img/20260910-00402536-tospoweb-000-2-view.jpg?exp=10800,2026-09-10T07:15:30+09:00,2026-09-10T11:10:26+09:00,東スポWEB,tospoweb,東スポWEB,1050,西山貴浩 みなさん、こんにちは！ 西山貴浩です！ 桐生SGメモリアルは予選敗退で終わってしまいましたが、柳生泰二、土屋智則、前沢丈史とボク、97期が4人出場。楽しかったですね。この年齢になって4人でSGに出場できるってすごいことだと思うし、8年ぶりにSGに出場した前沢もメモリアル終わった後にラインで「まだSGに出たい」って送ってきたんですよ。40歳になってモチベーションを持てるっていいですよね。智則も準優で悔しい3着でしたけど、大したことないエンジンだったのに準優に乗りました。地元の意地を見せてくれました。 ボク自身も「やっぱりボートレースは楽しい」って思えるようなレースがありました。5日目8R、浜野谷憲吾さんとの4着競りです。1周目から3周2Mまで…。もう小技、駆け引きの応酬でした。結果は浜野谷さんが4着で僕が5着でしたが、浜野谷さんってボクたちの憧れの選手なんですよ。その浜野谷さんとあんな競り合いができたことがメチャクチャうれしかったですね。 そして、もうひとつモチベーションがあります。ゴールデンレーサーです。息子がボクのメダル数を調べてくれたんですよ。GRANDE5のメダルはあと一つ。G1優出とかでもらえるBOATRACE振興会会長賞のメダルもあと何個かで条件をクリアするんです。今年中にも達成できそうな数字なんで何とか頑張りたいですね。 その息子も野球をやっていて中学最後の大会は終わってしまいましたが、福岡県に選抜メンバーに選ばれて九州の各県代表と戦っています。息子も頑張っているのでボクも頑張らないと…。ちなみに息子はピッチャーをやっていて、休みの日にはボクがキャッチャーをすることもあるんですけど、どんどん球が速くなっていて捕るのも難しくなってきました。もう親父の意地で何とか捕ってますけどね。 9月はG1シリーズです。大村→多摩川→児島と続きます。賞金ランクも徐々に落ちてきているので、ここで何とか賞金を稼ぎます！。 若松ではヤングダービーもあります。地元ですし、福岡支部の若手には頑張ってほしいですよね。特に竹下大樹、中亮太は力があると思うので結果を出してくれるんじゃないでしょうか。米丸乃絵もよく仕事をします。あのキャラクターなんで選手宣誓をしたら面白いと思うんですけどね。今、若松の本場やユーチューブで米丸が出演しているヤングダービーのCMが流れていますが、昨年、ボクが出演した若松のCMに似ているんで「パクられてるぞ」って言われています（笑い）。 東スポWEB,[],[]
【ヤクルト】自力ＣＳ消滅も〝成長痛〟を糧に逆襲へ　池山監督「今季はもう二重丸」（東スポWEB）,https://news.yahoo.co.jp/articles/f69acc43cb6abd3f6fc8ab59d28bfbe727a92b2d,https://newsatcl-pctr.c.yimg.jp/t/amd-img/20260910-00402537-tospoweb-000-1-view.jpg?exp=10800,2026-09-10T06:15:32+09:00,2026-09-10T06:15:32+09:00,東スポWEB,tospoweb,東スポWEB,817,ヤクルト・池山監督 崖っぷちから、どこまで食らいつけるか――。ヤクルトは9日のDeNA戦（横浜）を7回降雨コールドにより2―9で落とした。 先発の山野は2―2の6回、松尾に勝ち越し適時二塁打、井上に3ランを浴びて一挙4失点。6回途中9安打6失点でKOされ、4敗目を喫した。2番手・石原も流れを止められず、牧に3ランを被弾した。池山隆寛監督（60）は「得点圏でなかなか点が入らなかった。（山野は）走者を出しながらも抑えていましたが、我慢しきれずというところで…。DeNA戦があと4試合残っていますので、なんとか食らいついてやるだけです」と気を引き締めた。 CS圏内の3位を懸けた直接対決は今カード1勝1敗。DeNAとは今季残り4試合で、ゲーム差は「4・5」に広がった。この敗戦で自力CS進出の可能性も消滅。池山スワローズのCSロードは、なお険しい。 それでも悲観材料ばかりではない。指揮官は「後半戦は数字的には崩れてきたとはいえ、1年間戦うというしんどい中で非常によく戦っている。選手たちも少しずつ成長している。今季に限ってはもう二重丸ですよ」と評価する。 チーム関係者からも「後半戦の失速はチームにとって、特に若い選手にとってはむしろ好材料。前半戦はうまくいきすぎていた。あの勢いのままでは実力以上の結果になっていた。苦しい中で勝つことや、気持ちの作り方を経験できるという意味では前向きに捉えられる」との声が上がる。苦しい後半戦も、ナインにとっては〝成長痛〟の時間となっている。 積み上げてきたものは確かにある。ただ〝成長できた〟で終えるには、まだ早い。「あとひと踏ん張りが大事になってくる。（Aクラスに入って）自信を持ってもらいたい。これだけやって、戦えるという力にしてもらいたい」（池山監督） 苦しさと成長は紙一重だ。成長の1年で終わるのか。CS進出の切符をつかみ、その先の景色を見るのか。残された時間は、わずかだ。 東スポWEB,[],[]
【スキー】リンゼイ・ボンが悪質ＳＮＳなりすましに注意喚起「私は決してお金、寄付をアカウントで求めない」（東スポWEB）,https://news.yahoo.co.jp/articles/87460c49c716180335b4a524b745ee188c3da80c,https://newsatcl-pctr.c.yimg.jp/t/amd-img/20260910-00402535-tospoweb-000-1-view.jpg?exp=10800,2026-09-10T06:15:32+09:00,2026-09-10T06:15:32+09:00,東スポWEB,tospoweb,東スポWEB,447,リンゼイ・ボン（ロイター） アルペンスキー女子のスター、リンゼイ・ボン（米国）が、ネット上での悪質な詐欺行為に注意を促した。 2010年バンクーバー五輪女子滑降金メダルで、ミラノ・コルティナ五輪では女子滑降で転倒し、左足脛骨の複雑骨折の重傷を負ったことでも注目を集めたボンは、自身のインスタグラムでビデオと文章でフォロワーに向けてメッセージを伝えた。 ボンは「残念ながら、最近、私になりすますソーシャルメディアのアカウントがいくつか存在していることを知り、この問題はさらに広がっているようです。家族だと主張する証言もある」と状況を説明。「ご注意ください。私は決して自分のアカウントを通じて誰かにお金、寄付、贈り物、個人情報を求めたり、個別に連絡したりしません。私が使っているソーシャルメディアアカウントは、青いチェックマーク付きの認証済みアカウントだけです。他にアカウントは持っていません」と訴え、発見した場合は運営会社に報告するよう求めた。 有名選手にとっては、頭の痛い問題だ。 東スポWEB,[],[]
【全日本】青柳優馬が〝役割分担〟を力説　王道Ｔ優勝で斉藤ブラザーズと安齊勇馬の芸能活動専念をアシスト（東スポWEB）,https://news.yahoo.co.jp/articles/50d00f4382620e984877a5033c6afd577319d577,https://newsatcl-pctr.c.yimg.jp/t/amd-img/20260910-00402534-tospoweb-000-1-view.jpg?exp=10800,2026-09-10T06:15:32+09:00,2026-09-10T06:15:32+09:00,東スポWEB,tospoweb,東スポWEB,670,斉藤ジュンのマネをする青柳優馬 全日本プロレスの青柳優馬（30）が、団体内の役割分担について力説した。 9日品川大会では秋の祭典「王道トーナメント」が開幕し、優馬は10年連続10回目の出場となる。取材に応じた優馬は、毎年優勝への期待を向けられながらも、9年連続初戦敗退という結果に「いい意味でも悪い意味でも注目されてますよね。カッコよく言えば大台というか」と苦笑いを浮かべた。 今年は初戦（13日、松本）で「斉藤ブラザーズ」の斉藤ジュンと激突するが、鬼門突破へ並々ならぬ思いがある。「斉藤ブラザーズと安齊勇馬には芸能活動に専念してもらうために僕が優勝しないといけないんです」と語る。「今の全日本プロレスに新規のお客さんを呼ぶことができるのは、唯一彼らだけなんです」と、テレビ出演などリング外での活躍を評価した。止まらない優馬は「特に斉藤ブラザーズには2枚目のシングルを目指してもらいたいですな」と具体的な活動まで提案した。その後も終始「唯一3人」ということを強調し「今後のことを考えたら芸能活動に専念してもらって、リングの上は僕に任せてくださいな、ということ」と力説。自身を含め、その他選手のタレント性やビジュアルを強く否定し〝役割分担〟を宣言した。 そんな優馬は悲願達成へ向けて仏門にもすがる思いだ。「今年に入って厄払いに行きました」と願掛けを明かした。先祖の墓参りにもおもむき準備万端の優馬は、9日品川大会で「我が地元、松本で斉藤ジュンをDOOMしてやる！」と挑発し、絶好調。初戦に勝ち、芸能活動専念へアシストができるか。 東スポWEB,[],[]
【西武】隅田知一郎　無双投球連発の理由は〝鉄則〟遂行からの「ボール球」（東スポWEB）,https://news.yahoo.co.jp/articles/af29e6053e2c45db719069fc649358245bca856d,https://newsatcl-pctr.c.yimg.jp/t/amd-img/20260910-00402528-tospoweb-000-1-view.jpg?exp=10800,2026-09-10T06:15:32+09:00,2026-09-10T06:15:32+09:00,東スポWEB,tospoweb,東スポWEB,849,月間MVPに輝いた西武・隅田知一郎 西武が3年連続のBクラスからAクラスで奮闘中だ。9日のオリックス戦（ほっと神戸）にも8―0で快勝。首位ソフトバンクとは6ゲーム差のままだが、3位日本ハムとの差を2ゲームに広げた。立役者の一人は左腕エース・隅田知一郎投手（27）で同日に8月の月間MVP受賞が発表された。 登板した4試合で2勝0敗、防御率0・58。暑さもピークを迎える季節に空調設備がないマウンドで躍動し、全4試合でハイクオリティースタート（7回以上、自責2以下）をクリアする無双ぶりだった。同賞に輝いたのは昨年の3、4月度以来、自身2度目。好調の要因に本人が挙げていたのは「今年は対バッターに昨年より、よりストライク先行でいけている」という基本中の基本だった。 「Essence of Baseball」によると、今季の隅田の初球のストライク率はリーグトップとなる「53％」。まず投手有利のカウントをつくることで、打者よりも優位に立って勝負できていることを物語る。初球のストライクで先手を打つことで代名詞である2つの変化球も生きてくる。打者の左右を問わずに投げ込める140キロ前後のフォークと120キロ台のチェンジアップだ。 いずれもストライクからボールゾーンへ縦に変化する「落ち球」で、打者に振ってもらうことを狙う球種となる。隅田は「先発投手はボール球も振ってもらえないとキツい。ボール球でも、しっかり振りにきてもらえると楽になる部分はありますし、振ってくれるってことはバッターは『ストライク』、もしくは『打てる』と思って振ってきていると思う」。結果的に〝ボール〟となる変化球で料理できていることにも実感を込めていた。 今季通算で21試合に先発し、9勝7敗、防御率2・21の好成績。リーグ3位の135奪三振を記録する一方で、規定投球回達成者の中で与四球「21」はリーグ最少だ。やはり投手はストライクを投げてナンボ。残り少なくなった試合でも〝投手の鉄則〟を忠実に守りながら貢献していく。 赤坂高志,[],[]
【ソフトバンク】王会長も絶賛する安定感　８回の男・松本裕樹を変えた「３０分の日課」とは（東スポWEB）,https://news.yahoo.co.jp/articles/8e3f855b660af9c5c1f21b610d6b25b7c71ddaea,https://newsatcl-pctr.c.yimg.jp/t/amd-img/20260910-00402526-tospoweb-000-1-view.jpg?exp=10800,2026-09-10T06:15:32+09:00,2026-09-10T06:15:32+09:00,東スポWEB,tospoweb,東スポWEB,798,３番手でマウンドに上がり無失点に抑えたソフトバンク・松本 パ首位を独走するソフトバンクは9日の日本ハム戦（みずほペイペイ）に5―4で競り勝ち、優勝へのマジックナンバーを「12」に減らした。貯金は今季最多を更新する「32」。3位・日本ハムとの今季最終カードの勝ち越しが決定し、対戦成績を通算17勝5敗2分けとした。初回に近藤の26号ソロで先制。1―3で迎えた3回に周東の適時内野安打、栗原の37号2ランで逆転に成功して主導権を握り、僅差のゲームを制した。 逆転Vをあきらめず、8連勝して福岡に乗り込んできた日本ハムに鮮やかな連勝――。試合後の王貞治球団会長（86）は、頼もしいナインの奮闘ぶりにご満悦だった。かねて「勝負の9月にプロの真価が問われる」と説いてきた〝世界の王〟。この日、何度もうなずきながら絶賛した投手がいた。8回から3番手でマウンドに上がり、2番からの好打順をわずか9球で三者凡退に封じた松本裕樹投手（30）だ。これで10試合連続の無失点。今春WBCに出場し、開幕直後は調整不足の影響を受けて苦戦したが、シーズン佳境に入って本領を発揮している。 例年にない手応えを持って大事な終盤戦を戦っている。「今年は疲労の抜けがいい。歩いている分いい」。昨年までとは見違えるような筋肉質の体形には理由がある。今年から30分間のウオーキングが日課となった。脂肪をそぎ落とし、体重の変化がないのはその分、筋肉量が増えたからだ。「継続は力なり」でコンディション面の充実が数字に跳ね返っている。キャリア初の「3日連続登板」への意欲を首脳陣に伝えていることからも状態の良さがうかがえる。 王会長は帰路に就く際「本来ならへばってくる頃だけど、本当にいい投球をしてくれた。攻めてるよね！」と力強く拳を握り、右腕の快投をたたえた。鷹の絶対的セットアッパーが真価を証明するように、格の違いを見せている。 福田孝洋,[],[]
【ＤｅＮＡ】相川ベイにＣＳ〝裏ミッション〟　借金５＆阪神と１０・５差が秋の重圧（東スポWEB）,https://news.yahoo.co.jp/articles/a55505887e352107fe0b0877aa31f266b59ce728,https://newsatcl-pctr.c.yimg.jp/t/amd-img/20260910-00402525-tospoweb-000-1-view.jpg?exp=10800,2026-09-10T06:15:32+09:00,2026-09-10T06:15:32+09:00,東スポWEB,tospoweb,東スポWEB,931,ＤｅＮＡ・相川監督 秋へ向けた〝見えないハードル〟が立ちはだかる。DeNAは9日のヤクルト戦（横浜）に9―2で完勝した。2―2の6回、松尾の勝ち越し適時二塁打、井上の移籍後初アーチとなる1号3ラン、牧の23号3ランなどで一挙7点。7回途中雨天コールドとなった雨中の一戦を制した。 クライマックスシリーズ（CS）出場切符を争う4位・池山燕は、開幕カード（3月27～29日、横浜）でDeNAが本拠地3タテを喫した相性の悪い相手。この一戦に敗れれば、今季の対戦成績で負け越しが決まるところだった。試合後、相川亮二監督（50）も「相性のいい悪いなどは抜きで1試合1試合を勝ち抜かなければならない季節。きょうはそれができた」と表情を引き締めながら語った。 ヤクルトとのゲーム差を再び4・5としたチームは、5年連続となるAクラスフィニッシュがいよいよ現実味を帯びてきた。DeNAは直近10年で2度、下克上によるCS突破を果たし日本シリーズに出場している。だが、この秋からはファイナルステージ突破の条件が変更。ハマの男たちは残り19試合のペナントレースで、もう一つの「裏ミッション」もクリアしなければならない。 これまでのファイナルSは、リーグ優勝チームに1勝のアドバンテージが付与され、最大6試合で先に4勝することが突破条件だった。だが今季からは、ファーストS突破チームが「(1)リーグ1位チームとのレギュラーシーズンのゲーム差が10以上 (2)レギュラーシーズン勝率が5割未満」のどちらかに該当した場合、1位球団のアドバンテージが2勝に増える。その場合は最大7試合を戦い、アドバンテージを含めて5勝を先取することが突破条件となる。 DeNAは現在58勝63敗3分けの借金5。首位・阪神とは10・5差、2位・巨人とは8・5差だ。仮に3位を確保しても、勝率5割未満のままではファイナルS進出時に2勝のアドバンテージを与える可能性が残る。首位球団とのゲーム差を10未満へ縮めることにも、大きな意味が生まれる。 順位が固まれば消化試合――とはいかないのが今季のペナントレース。秋の戦いを少しでも有利に進めるため、上位球団との駆け引きは最終戦まで続くことになりそうだ。 東スポWEB,[],[]
【日本ハム】崖っぷちでも〝お試し〟じゃない　柴田獅子の打者起用に秘めた「鷹攻略」の狙い（東スポWEB）,https://news.yahoo.co.jp/articles/e2d449363ed590fda9fa78c50269984b7268be10,https://newsatcl-pctr.c.yimg.jp/t/amd-img/20260910-00402522-tospoweb-000-1-view.jpg?exp=10800,2026-09-10T06:15:32+09:00,2026-09-10T06:15:32+09:00,東スポWEB,tospoweb,東スポWEB,920,２回、プロ初安打を放った日本ハム・柴田 崖っぷちだからこそ、打った一手は〝お試し〟ではない。パ3位の日本ハムは9日のソフトバンク戦（みずほペイペイ）に4―5で敗れ、前日に続いて首位との直接対決に連敗した。奇跡の逆転Vはすでに絶望的な状況で、2位・西武との差も2ゲームに拡大。残り試合を考えても厳しい立ち位置に追い込まれた。 そんな大事な一戦で新庄剛志監督（54）が「6番」で先発起用したのが、二刀流の柴田獅子投手（20）だった。高卒2年目の右腕は今季、交流戦期間中に一軍で2度先発。7月以降も救援で登板するなど主に投手として起用されてきただけに、打者としてのスタメン抜てきには一部ファンから「なぜ今、柴田を使うのか」と疑問の声も上がった。 だが、勝負を捨てて若手を試したわけではない。そこには柴田の打者としての潜在能力を引き出すと同時に、CSも見据えた対ソフトバンクへの布石という狙いがにじむ。8日の大敗が象徴するように鷹軍団は投打とも強力。正攻法だけで押し切るのは容易ではなく、日本ハム最大の武器でもある一発を含めた長打力で得点力を高めることが攻略への一つの道となる。今季ファームで計8本塁打を放つ柴田を宿敵相手に打線へ組み込むことには十分な意味がある。 ある野手も「正直、普通に戦ってもホークス相手に連勝は難しい。短期決戦で勝つなら一発攻勢で得点を重ね、投手陣が最少失点で抑えるしかない。その展開にもっていくには打撃重視のオーダーでいくしかない。単打をつないで攻略できるほどホークス投手陣は弱くないですからね」と語る。 その期待に柴田も結果で応えた。第1打席で右前にプロ初安打を放つと、第4打席でも詰まりながら右翼への単打をマークし4打数2安打。チームは1点差で敗れたものの、新庄監督は試合後「惜しいじゃダメだもんね。負けは負けですから」と悔しさをにじませながら、「柴田君、ナイス2本。内容がいいんですよ。三振の仕方でもしっかりしたポイントで空振りしてるので。期待持てますよね」と賛辞を惜しまなかった。 チームは厳しい試練を迎える中でも着々と策を講じている。今はその施策がCSを含めた今後の戦いで花開くことを願うしかない。 東スポWEB,[],[]
〝中国の女帝〟シンシア・チェンの芸術的筋肉に夷藤佐知子は勝てるか「７年という歳月は…」（東スポWEB）,https://news.yahoo.co.jp/articles/b74404c616415649cef2d2beabebc383eac2c4cc,https://newsatcl-pctr.c.yimg.jp/t/amd-img/20260910-00402471-tospoweb-000-1-view.jpg?exp=10800,2026-09-10T06:15:32+09:00,2026-09-10T06:15:32+09:00,東スポWEB,tospoweb,東スポWEB,580,夷藤佐知子は勝てるか 日本の最強女王は、圧倒的な筋肉美を誇る〝中国の女帝〟に勝てるのか。 8月2日に行われた「ALLOUT Presents ZeniX Japan Pro（ジャパンプロ）」（千葉・市原市市民会館）フィギュアで、夷藤佐知子が圧巻の筋肉美を披露して見事に優勝。世界最高峰の舞台「ミスター・オリンピア」（24日開幕、米国・ラスベガス）への出場権を手にした。 【写真】シンシア・チェン 褐色の「芸術的筋肉」 優勝後、夷藤はラスベガス決戦に向けて「自分がどれだけ通用するかわからないので、これからは未知の挑戦になる」と意欲を見せたが、今大会は乱戦模様。その中で驚異の仕上がりを見せているのが中国代表のシンシア・チェンだ。 チェンは多くの大会に出場しながら仕上げる〝叩き良化型〟。今年に入ってすでに6戦を消化しており2勝している。直近では今月に入って6日の香港プロで2位に入っており、頂上決戦へ向けて良い形で調整を続けている。 決戦へ向けて「7年という歳月は、たった一つの思いを揺るぎない信仰へと変えることができる」これまでのキャリアを踏まえながら力強く宣言。上半身と下半身ともにバランスよく鍛え上げられた圧巻の筋肉美で快挙を狙う。 日本の期待を背負う夷藤もボリュームは負けていないが、アジアのライバルを制して優勝争いへ食い込めるか注目だ。 東スポWEB,[],[]
Ａ．Ｂ．Ｃ―Ｚ橋本良亮　沢尻エリカとの密会デート報道で有頂天「一方的にゾッコン」（東スポWEB）,https://news.yahoo.co.jp/articles/290610ea81e868bad7d394b2ea5f8a66325639f5,https://newsatcl-pctr.c.yimg.jp/t/amd-img/20260910-00402519-tospoweb-000-3-view.jpg?exp=10800,2026-09-10T05:15:31+09:00,2026-09-10T18:40:26+09:00,東スポWEB,tospoweb,東スポWEB,693,Ａ．Ｂ．Ｃ―Ｚの橋本良亮 女優の沢尻エリカ（40）との密会デートを報じられたA．B．C―Zの橋本良亮（33）が有頂天になっているという。 9日配信の「NEWSポストセブン」によると、今月上旬に2人は都内のイタリアンレストランでディナーを堪能した後、芸能人御用達のバーで深夜2時過ぎまでお酒を酌み交わしたという。移動時には沢尻の腰に橋本が手を回すほどの親密ぶりを伝えた。 2人は、今年1月の舞台「ピグマリオン―PYGMALION―」で共演し、仲良くなったとみられる。 ある芸能関係者の話。 「今回、橋本さんのほうが一方的にゾッコンになっていると聞いています」 A．B．C‐Zのメンバーとして活動する橋本だが、グループの存在感はパッとしない。ユーチューブチャンネルの登録者数は約6・4万人、インスタグラムのフォロワー数は約4・6万人と、100万人単位がゴロゴロいるSTARTO ENTERTAINMENTの他グループとはどうしても見劣りしてしまう（数字は10日現在）。また、個人としてもキー局のドラマや映画での主演からは近年遠ざかっている。 そんな橋本の元に、これまで芸能界で活躍してきた沢尻が現れれば、ハートをわしづかみにされても不思議ではない。 「橋本さんがこれまで親密になった女性芸能人の中でも、沢尻さんは別格クラスと言っていいでしょう。そんな沢尻さんと舞台だけではなく、プライベートの時間まで共有できたので、橋本さんは有頂天になっているとか。沢尻さんとさまざまな会話をすれば、橋本さんの活動にも良い刺激になることでしょう」と同関係者。 今後、2人の関係はどうなるのか。 東スポWEB,[],[]
【ＲＩＺＩＮ】青木真也　シェイドゥラエフ vs ＡＪマッキーを超分析「ＡＪのワンウェーだ」（東スポWEB）,https://news.yahoo.co.jp/articles/ade961bf414414a3f24087626e85e70b2ef21239,https://newsatcl-pctr.c.yimg.jp/t/amd-img/20260910-00402533-tospoweb-000-2-view.jpg?exp=10800,2026-09-10T05:15:31+09:00,2026-09-10T05:20:27+09:00,東スポWEB,tospoweb,東スポWEB,692,前日計量後ににらみ合うマッキー（右）とシェイドゥラエフ 格闘技イベント「超（スーパー）RIZIN．5 浪速の超復活祭り」（10日、京セラドーム大阪）のメインで行われる「RIZIN＆PFLフェザー級王座戦」に〝バカサバイバー〟こと青木真也（43）が忖度なしのメスを入れた。 同大会で朝倉未来と対戦する青木だが、自身の試合に続いてメインで行われるのが2団体王座戦だ。RIZINフェザー級王者のラジャブアリ・シェイドゥラエフ（キルギス）がAJ・マッキー（米国）と対戦。試合はシェイドゥラエフの防衛戦とPFLの同級王座決定戦を兼ねて行われる。 異例の2団体王座戦となるが、試合の行方を青木は「AJの〝ワンウェー〟だ」とマッキーの一方的な展開になるとして声をしゃがれさせる。19戦全勝でそのすべてで相手をKOか一本で仕留めてきたシェイドゥラエフを不利とする理由として「単純にシェイドライフは強いヤツと今までやってなかったから。10対9のラウンドをAJが3つ取って終わりじゃないか」と決着まで指定した。 さらに試合展開を「AJがテイクダウンして固めるとか、それっぽく殴ってポイントを取る、みたいな感じになるだろう。シェイドゥラエフは〝めくられる〟というかさ、結構ちゃんと完封されると思うよ」とメガネを光らせる。その上で、シェイドゥラエフが勝機を見いだす策として「向かい合った時に一気にドカンと行くしかないな。始まると同時に突進してぶん殴ってぶっ飛ばして終わらせるしかない。長引くほどAJの試合だから」と指摘した。 マッキーが予想通り完勝か、シェイドゥラエフが意地を見せるか。果たして――。 前田聡,[],[]
【ＲＩＺＩＮ】平日興行もチケット絶好調で…榊原ＣＥＯが〝５大ドームツアー〟ぶち上げ「自信になります」（東スポWEB）,https://news.yahoo.co.jp/articles/4ca79bbd16130a43b5ed34e7ba0e870b46983c17,https://newsatcl-pctr.c.yimg.jp/t/amd-img/20260910-00402532-tospoweb-000-1-view.jpg?exp=10800,2026-09-10T05:15:31+09:00,2026-09-10T05:15:31+09:00,東スポWEB,tospoweb,東スポWEB,704,前日計量の会場であいさつする榊原CEO 5大ドームツアーも夢じゃない！？ 格闘技イベント「超（スーパー）RIZIN．5 浪速の超復活祭り」（10日、京セラドーム大阪）のゴングを目前に、榊原信行CEO（62）が手応えをつかんでいる。 平日の10日に行われる今大会だが、前売りチケットが絶好調だ。予定していた席で足りず、8月18日には外野席を追加販売する事態となった。この状況に榊原CEOは「最初に設定した分はほぼ完売して、後半で席を追加して発売したんです。確実に4万人以上は入ってくれると思います」。過去、PRIDEでも同会場で試合を行ったことはあるが「その時以上の観客動員数になりそうですね」と期待を寄せた。 青木真也vs朝倉未来などの注目カードをそろえた結果の動員数となりそうだが、榊原CEOは「これだけファンのみんなが熱くなってね。平日にもかかわらず会場に詰めかけてくれるというのはちょっと自信にはなりますね」と鼻息を荒くする。過去には東京ドームでもイベントを開催。今年の大みそかはバンテリンドームナゴヤで開催を予定しているとあって「ドームは北海道にも九州・福岡にもあるので。そちらにも近い将来行ってみたいですよね」と視線を鋭くする。さらに「〝5大ドームツアー〟みたいにできたらいいですよね」とぶち上げた。 また今大会ではメインで米国の総合格闘技団体「PFL」のベルトもかけて、史上初の2団体王座戦を行う。PFLについては今後も交流を続ける意向で「積極的に選手の交流を図っていきたい。お互い競い合うことで両ブランドのプレゼンスを上げていければ」と話した。ビッグマッチ成功で、さらなる発展を目指す。 前田聡,[],[]
【ＤＤＴ】武知海青　隈取との〝最強二刀流決戦〟はダンス封印「この世界の文化に尊敬と敬意を表す」（東スポWEB）,https://news.yahoo.co.jp/articles/128c5d5b574939c70951b0a61d3478b35571c364,https://newsatcl-pctr.c.yimg.jp/t/amd-img/20260910-00402531-tospoweb-000-1-view.jpg?exp=10800,2026-09-10T05:15:31+09:00,2026-09-10T05:15:31+09:00,東スポWEB,tospoweb,東スポWEB,715,左から武知海青、KANON、隈取 〝ハイブリッドパフォーマー〟武知海青（28＝DDT/LDH）が〝ダンス封印〟の覚悟で「O―MENS」隈取との〝最強二刀流決戦〟に臨む。 武知はLDH所属の16人組ダンス＆ボーカルグループ「THE RAMPAGE」のメンバーとしても活躍。11月3日の両国大会ではダンスパフォーマンス集団「O―MENZ」の隈取とタッグマッチ（武知＆To―yVS隈取＆KANON）で激突する。 初対決となる隈取とはパフォーマーとの二刀流という同じ境遇であり、DDTらしくリング上でのダンス対決を期待する声もある。しかし取材に応じた武知は試合での〝ダンス封印〟を宣言。「僕らはダンスの世界からこの世界にやってきて受け入れてもらっている。スポーツではあるので、その文化に尊敬と敬意を表してそのスタイルで勝負をするのが礼儀というか。ダンスで沸かせたりっていうのはあんまり考えていないです」と否定した。その上で「平田（一喜）選手が出ない限りリング上でダンスはしません」とDDTの〝ベテランダンサー〟には特別な敬意を示した。 LDH所属としての負けられない思いはないのか。武知は「（もし負けても）一個人が負けるだけなので、HIROさんの看板、LDHの看板を汚されるわけではない」とあくまでリング上は別世界であると説明。その上で「そこに勝ちたいなら（メンバー）全員連れてくるよって話。ハイブリッドパフォーマーの武知海青が負けるには、THE RAMPAGEの方も倒してもらわないと」とニヤリ。東京ドーム公演をも成功させたグループの一員としての顔をのぞかせた。競技者としての〝オンリーワン〟な実力を見せることはできるか。 東スポWEB,[],[]
【新日本】鷹木信悟　東京Ｄ大会でモロニーとの〝兄弟対決〟目論む「仲間でもありライバルでもあるから」（東スポWEB）,https://news.yahoo.co.jp/articles/6e5487c272a9f760705f0241d74dc058b656afa9,https://newsatcl-pctr.c.yimg.jp/t/amd-img/20260910-00402530-tospoweb-000-1-view.jpg?exp=10800,2026-09-10T05:15:31+09:00,2026-09-10T05:15:31+09:00,東スポWEB,tospoweb,東スポWEB,1053,マスター・ワト(上)にフィニッシュのバーニングドラゴン仕掛ける鷹木信悟 新日本プロレスの鷹木信悟（43）が、27日神戸大会で米国・AEWのクラウディオ・カスタニョーリ（45）と激突することが9日に決定的となった。「デスライダーズ」の一員として暴れまわる大物とのシングルに臨む鷹木は、「Unbound Co．（UC）」で共闘するタッグパートナーのドリラ・モロニーとともにAEW勢一掃を予告。来年1月4日東京ドーム大会での〝兄弟対決〟を見据えた。 鷹木は7月に「AEW COLLISION」（カリフォルニア州サンノゼ）のタッグ戦でカスタニョーリにピンフォール負け。「ダニエル・ガルシアだかマルシアだか知らねえが、乱入もあったしすげえ後味の悪い遠征だったよ」と振り返りつつ、G1クライマックス後にシングルでの雪辱戦を訴えていた。 そしてこの日の後楽園大会でカスタニョーリがVTRで登場し、対戦要求が受諾された。鷹木は「お前も偉大なレジェンドだよな。WWEのタイトルも取った。お前ほどの背が高くて怪力を見ると、倒したくて倒したくて仕方ねえんだよ」と早くも腕をぶす。 神戸決戦では盟友のモロニーも、AEW所属のゲイブ・キッドが保持するIWGP GLOBALヘビー級王座挑戦が決まっている。これまで対AEWでは苦戦が続いてきた鷹木だが「最後のシングルで負けたままの（ウィル）オスプレイ、連敗してるオカダ（カズチカ）、同じく連敗してる（ジョン）モクスリー…。彼らにやり返したいって気持ちは常に持ってるけど、AEWに都合よく使われる気はないから。しっかり蹴散らして、新日本でUCここにありって戦いを見せたいのが一番かな」と、モロニーとともに外敵排除を誓った。 AEWを〝踏み台〟として扱う鷹木が描くのが、モロニーとの同門対決だ。「去年の1・4で負けてからシングルタイトルを取れてないしね。クラウディオに勝ったとしてもすぐに誰かと王座戦ってわけにはいかないかもしれないけど、モロニーとは仲間でもありライバルでもあるから。彼がゲイブから取ったあかつきには、兄弟対決を目指しても面白いよね」と目を輝かせる。 「酒の席で『シンゴと（東京）ドームでやりたい』って話をしてくれたこともあったしね。俺としては今年もワールドタッグリーグ（11月21日、藤沢で開幕）はモロニーと出るつもりだけど、俺たちにしかできない戦いもあると思う」。我道驀進のドラゴンはホームリングでリベンジを果たし、新たな野望に突き進むことができるのか――。 岡本佑介,[],[]
バレンシアＭＦ佐藤龍之介「１０代でのブレーク」に前園真聖氏が注目する理由（東スポWEB）,https://news.yahoo.co.jp/articles/e7676cbceeed4f25014d8e82bfa2bd4c8ef572c6,https://newsatcl-pctr.c.yimg.jp/t/amd-img/20260910-00402527-tospoweb-000-1-view.jpg?exp=10800,2026-09-10T05:15:31+09:00,2026-09-10T05:15:31+09:00,東スポWEB,tospoweb,東スポWEB,761,佐藤龍之介 MF佐藤龍之介（19）が、日本サッカー界の未来を背負って今夏に加入したスペイン1部の名門バレンシアでの挑戦をスタートさせている。 J1FC東京の下部組織で育った佐藤は、16歳でプロ契約。昨季は武者修行先のJ1岡山でブレークし、A代表にも抜てきされた。帰還した今年前半の百年構想リーグで存在感を発揮すると、10代の選手としては異例となる、いきなりの欧州5大リーグ移籍を勝ち取った。開幕から3試合連続スタメン出場し、4戦すべてでプレーしている。 チームは苦しい滑り出し（1分け3敗）となったが、立て直しの主役となれるか否かで今後の評価は変わってくるだろう。そんな状況に目を光らせているのが、元日本代表MF前園真聖氏（52＝本紙評論家）だ。 「10代のうちにJリーグで結果を出して欧州へ行く流れは非常に良いですね。しかもバレンシアというスペインの中でも上の方のクラブ。そこでどれくらいやれるかは一つの基準になります。彼が活躍していくことで、日本のレベルも上がるだろうし、世界からの（若手日本人選手の）注目度も、より上がると思うので気になっています」 Jリーグから欧州へ挑戦する選手が増え、欧州組の若年化が進んでいるとはいえ、20歳以下の選手がいきなり5大リーグの名門でブレークした前例はない。18歳で〝超名門〟レアル・マドリードと契約したMF久保建英もマジョルカなどにレンタル移籍を繰り返した後、同リーグ4年目に完全移籍で加入した現所属のレアル・ソシエダードでようやく本格化した。 佐藤がこういった流れを変えることで、A代表でも早々に主力へと飛躍していき、同じようなルートをたどる日本人が増えていく可能性もある。世界を見れば北中米W杯で多くの10代選手が活躍。佐藤が日本人選手の新たな道しるべとなるか。 東スポWEB,[],[]
【ＭＬＢ】岡本和真と村上宗隆が三振数でも大接戦！　村上は離脱なしなら「メジャー新記録」（東スポWEB）,https://news.yahoo.co.jp/articles/530a7fb7040fbc15ec1fe199229c06f171336476,https://newsatcl-pctr.c.yimg.jp/t/amd-img/20260910-00402524-tospoweb-000-1-view.jpg?exp=10800,2026-09-10T05:15:31+09:00,2026-09-10T05:15:31+09:00,東スポWEB,tospoweb,東スポWEB,754,２回、今季３０号となるソロ本塁打を放った岡本（ロイター） 和製大砲コンビが海の向こうでもデッドヒートだ。ブルージェイズ・岡本和真内野手（30）が8日（日本時間9日）のアスレチックス戦でシーズン30本塁打に到達。1年目の日本選手では5日（同6日）にクリアした村上宗隆内野手（26＝ホワイトソックス）に次ぐ2人目の快挙で、大谷（ドジャース）を含めて史上初めて同一シーズンでの〝ジャパニーズ30発トリオ〟が誕生した。 昨季まで巨人、ヤクルトの主砲として毎年のようにセ・リーグの本塁打王を争ってきた2人が、ともにア・リーグ6位タイとなる30発。岡本は「30本は打ちたいな」とひそかに抱いていた野望を一つ体現したが、2人は三振数でも〝大接戦〟を繰り広げている。岡本は168三振でワースト4位。一方、この日のパイレーツ戦で4打席連続三振を喫した村上は1差の167三振で同5位なのだ。 ただ、そのペースはまるで異なる。岡本は140試合の出場で1試合平均「約1・2三振」。村上は1か月超の故障離脱があったため、109試合の出場にとどまりながら岡本とほぼ同じ数の三振を量産して「約1・5三振」のペースとなっている。 「NBCスポーツ」は「もし彼（村上）が欠場していなければ、2009年にマーク・レイノルズが樹立したメジャー記録の223三振に迫っていたことだろう。今のペースを維持していれば、147試合目で224個目の三振を記録していたはずだ」と報じた。 岡本は持ち前のタフネスぶりも健在。離脱することなく地道に本塁打を重ね、村上は岡本よりも少ない試合数で3日早く30発の大台に乗せた。安定の岡本か、ロマン砲の村上か…。NPB時代も似たような傾向にあったが、両雄がより高いレベルで刺激し合っていることは間違いない。 東スポWEB,[],[]
板野友美「脱衣所動画炎上」を招いた〝非常識〟と撮影許可したホテル側の〝落ち度〟（東スポWEB）,https://news.yahoo.co.jp/articles/b3ed63bb915d5b42fcedde1ccbc4b0159cac48ec,https://newsatcl-pctr.c.yimg.jp/t/amd-img/20260910-00402523-tospoweb-000-1-view.jpg?exp=10800,2026-09-10T05:15:31+09:00,2026-09-10T05:15:31+09:00,東スポWEB,tospoweb,東スポWEB,1246,板野友美 元AKB48でタレントの板野友美（35）の脱衣所動画炎上騒動で、その全容が複数の関係者への取材で浮かび上がってきた。板野と高級ホテルとの間で〝ボタンの掛け違い〟があり、それが騒動を招いたようだ。 【写真】グラウンドで夫と〝自撮り〟する板野友美 板野は夫でプロ野球・ヤクルトの高橋奎二投手、長女とともにザ・リッツ・カールトン日光（栃木）に宿泊した。館内の大浴場の脱衣所などで撮影した計約37分の動画を3日、自身のYouTubeチャンネルで配信。当該動画の概要欄には「特別な撮影許可を得て撮影しています」との注釈があったが、不特定多数の人が衣服を脱ぐエリアでの撮影が含まれ、ネットユーザーに批判されて炎上した。 板野とリッツ、双方は騒動前、どう考えていたのか。事情を知る関係者の話。 「板野さんとしては、リッツから撮影許可を得て、他の客が大浴場を利用しないことも把握し、迷惑を掛けることはないことから脱衣所で撮影したようです。脱衣所では自身が手掛けるブランドの商品を使用。宣伝の目的もあったようです」 脱衣所のシーンでは、自身のライフスタイルブランド「Rosy luce（ロージールーチェ）」のルームウェアを着用し、同じく自身のコスメブランド「peau de bebe（ポーデベベ）」のフェイスマスクでパックした様子が配信された。 リッツとしては、一連の騒動前からホテル公式サイトで「ロッカールームを含む温泉施設内での携帯電話やカメラの使用は、固くお断りしております。ソーシャルメディアへの投稿も固く禁じられています」と注意喚起し、ホテル館内では大浴場や脱衣所での撮影NGの注意を掲出していた。そもそも板野が脱衣所で撮影するとは思っていなかったとされる。 ここが両者のボタンの掛け違いだ。ネットユーザーはそんなことなど知るはずもない。 リッツは8日、取材に対して声明を寄せ、一連の騒動について深く謝罪。「撮影協力という形で、館内での撮影の許可をさせていただいたことは事実です。しかしその際、脱衣所を含む、撮影をお控えいただくべき範囲について細かくお伝えできておりませんでした。当ホテルのご案内が行き届かなかった点があり、重ねてお詫び申し上げます」と落ち度があったとした。 また、「当該の撮影は大浴場の営業時間外に行われたものであり、他のお客さまがご利用になる状況ではございませんでした」とも補足説明。今後については「いかなる事情があっても脱衣所での撮影が行われることのないよう、運用を徹底してまいります」とし、「安心してお越しいただければ幸いです」と呼び掛けた。 一方、板野にも取材を申し込み、リッツから脱衣所での撮影NG通知がなく、他の客の利用がないことも分かっていたため撮影したか――などと質問したが、回答は得られていない。 もっとも、どういう状況であれ、脱衣所で撮影すること自体、誤解を招きかねないのは確か。昨今、配信が手軽になっているだけに、教訓にしたいところだ。 東スポWEB,[],[]
横浜流星が追う小栗旬の〝背中〟　主演ドラマに向け１０キロ増量＆マッチョ化（東スポWEB）,https://news.yahoo.co.jp/articles/939f2763a708088e4bb1160955e6512132b7bd65,https://newsatcl-pctr.c.yimg.jp/t/amd-img/20260910-00402521-tospoweb-000-1-view.jpg?exp=10800,2026-09-10T05:15:31+09:00,2026-09-10T05:15:31+09:00,東スポWEB,tospoweb,東スポWEB,851,横浜流星 俳優・横浜流星（29）の〝大きな背中〟に期待だ。横浜は昨年、NHK大河ドラマ「べらぼう～蔦重栄華乃夢噺～」で主演を務め、大ヒットを記録した映画「国宝」では、第49回日本アカデミー賞優秀助演男優賞を受賞した。そして10月スタートの主演ドラマ「LOST10」（TBS系）で、役者の幅をさらに広げようとしている。 同作は北海道の壮大な大地が舞台のヒューマンサスペンスで、完全オリジナルドラマだ。脚本は「国宝」の奥寺佐渡子氏が担い、横浜と再びタッグを組むことでも話題を呼んだ。しかし、このドラマは「国宝」よりも先に決まっていたという。 プロデューサーの話。 「約3年前から始動していて、脚本も横浜さんに〝当て書き〟したもの。だから『国宝』のヒット自体とは関係ないのですが、TBSも力を入れている」 ドラマは登山ツアー中の遭難事故から始まり「すべてを疑え」がテーマ。情報管理を徹底しており、登場人物の紹介はわずか1行程度。ストーリーも限られたスタッフしか知らないという。 横浜は遭難事故を追う刑事役。マッチョでワイルドな風貌に変身するため、もっか肉体改造中なのだとか。 「舞台が山ですから、体づくりは必須。撮影の合間にダンベルを上げ下げして、一生懸命に筋トレしていますよ。驚くことに10キロも体重を増やしたと聞きました」（同） 横浜は、映画「汝、星のごとく」（10月9日公開）で病気を患う青年を演じるため、役作りで激ヤセしている。そこから一気に増量したのだから恐れ入る。 主演ドラマということで〝座長〟としても奮闘中。共演にはかねて慕う先輩の小栗旬（43）がおり、まさに〝背中〟を勉強中だ。 「主演作品の多い小栗さんは現場を引っ張ってきたリーダー。その背中を学びたいという気持ちは強いでしょう。加えて小栗さんは182センチで筋骨隆々。特に背筋がすごい。これを見た横浜さんは演技も筋肉も『負けていられない』と刺激を受けていたそうです」（ドラマ関係者） 新たなターニングポイントになりそうだ。 東スポWEB,[],[]
【巨人】虎に２差　キャベッジ＆ダルベックのＷ助っ人が逆転Ｖ切り札　橋上代行「相手には脅威」（東スポWEB）,https://news.yahoo.co.jp/articles/7cc520e81739fb32cdadcc3ec20c7a81303ae8da,https://newsatcl-pctr.c.yimg.jp/t/amd-img/20260910-00402518-tospoweb-000-1-view.jpg?exp=10800,2026-09-10T05:15:31+09:00,2026-09-10T05:15:31+09:00,東スポWEB,tospoweb,東スポWEB,866,キャベッジ（左）とダルベックが逆転Vの切り札となるか 虎の背中が、また近づいた。巨人は9日の中日戦（東京ドーム）に5―1で快勝。首位・阪神が敗れたため、ゲーム差は2に縮まった。逆転Vへ息を吹き返す中、打線を勢いづけたのが2人の助っ人だった。 橋上監督代行はこの日、トレイ・キャベッジ外野手（29）を2番、ボビー・ダルベック内野手（31）を3番に据えた。初回一死、キャベッジが中日先発・大野から中前打。前日8日の一軍再昇格後から3打席連続安打とすると、ダルベックも右前打で続き一死一、三塁。4番・大城の中前適時打で先制点をもぎ取った。さらに3回にはダルベックが左翼席へ23号ソロ。5回には2人がそろって四球を選んで追加点につなげ、6回も満塁でダルベックが押し出し四球を選んだ。単に長打を期待されるだけではない。上位で並んだ2人が打線を動かし続けた。 橋上監督代行も「今日は久々に両外国人を上位で並べた。意外に流れも良かったですし、やはり相手にとってみれば脅威に感じるんだろうなと。非常に効果的だったなというふうには思いますね」と手応えを口にした。 頼もしさが増す一方、首脳陣周辺にはわずかな気掛かりもあった。チーム関係者によれば「2人とも真面目で熱い性格だし、まさにナイスガイな男たち」。個人成績を前面に出すより、チームの和を重んじるタイプだからこそ、周囲の空気やチーム状態を背負い込みやすい面もあるという。「このピリつく時期でも気負い過ぎずにプレーしてくれればいいが」と心配する声もあった。 特に来日1年目のダルベックは一時、めまいの症状に苦しみスタメンを外れる時期もあった。それでも4試合ぶりに先発復帰したこの日は一発を含む2打点。繊細さを抱えながらも、勝負どころでは豪快に振り切った。 シーズンはいよいよ最終盤。12日には東京ドームで首位・阪神との直接対決も控える。重圧が増すほど、2人の長打力は相手にとって不気味さを増す。キャベッジとダルベックのW砲がこのまま打線の芯となれば、逆転Vへの道筋も一気に太くなりそうだ。 熊沢航平,[],[]
【阪神】昨季貯金１３の〝お得意さま〟が連覇阻む壁に…広島苦戦の裏で２差接近の巨人は１４勝６敗（東スポWEB）,https://news.yahoo.co.jp/articles/cd08069ac1f3f960f9d5467f90f2338f5fdbcc7c,https://newsatcl-pctr.c.yimg.jp/t/amd-img/20260910-00402517-tospoweb-000-1-view.jpg?exp=10800,2026-09-10T05:15:31+09:00,2026-09-10T05:15:31+09:00,東スポWEB,tospoweb,東スポWEB,806,広島に敗戦後、球場のファンにあいさつした阪神・藤川監督（左） 昨季の〝お得意さま〟が、連覇への不気味な壁に変わりつつある。阪神は9日の広島戦（甲子園）に1―3で敗れ、今季初めてセ・リーグ相手に3連敗。2位・巨人とのゲーム差は「2」に縮まり、優勝マジックも「17」のまま足踏みとなった。 先発・高橋は5回を除いて毎回走者を背負う苦しい投球。それでも6回まで無失点で粘ったが、7回一死一、二塁のピンチを招いて降板。2番手・木下が菊池、中村に連続適時打を浴び、この回3点を失った。 猛虎打線も広島先発・床田に大苦戦。ベテラン左腕の術中にはまり、8回までゼロを並べた。9回に森下の33号ソロで1点を返したが、反撃もそこまでだった。藤川球児監督（46）は「攻撃がなかなかできなかったので苦しかった。また明日つながるようにやっていかなければというところ」と振り返った。 優勝争いが激化する中、気がかりなのが広島との相性だ。今季の対戦成績は9勝9敗1分けの五分だが、後半戦は1勝3敗と分が悪い。 昨季は19勝6敗と圧倒し、貯金「13」を荒稼ぎした相手から今季はここまで貯金ゼロ。昨季の独走を支えた貯金源が、今季は連覇へのイヤな存在となりつつある。 さらに不気味なのが、2ゲーム差に迫る巨人が広島相手に14勝6敗と大きく勝ち越し、なお5試合を残していることだ。猛虎軍が思うように白星を積み重ねられない一方、巨人にとっては勝ち星を計算しやすいカードとなっている。 阪神にとっては残り2試合の巨人との直接対決だけでなく、いかに〝鯉退治〟できるかもペナントの行方を左右するカギとなりそうだ。 それでも指揮官は「純粋に残り試合も多いですからね。残りをしっかりやっていくというところですね」と淡々。周囲に惑わされず、あくまで目の前の一戦に集中する構えだ。 2リーグ制後初の連覇をつかみ取るためにも、赤ヘル軍団を抑え込めるか――。 奥中佑佳,[],[]
【大村ボート・ＧＩ海の王者決定戦】西橋奈未　３日目８Ｒは見せ場十分の２着「足自体は悪くない」（東スポWEB）,https://news.yahoo.co.jp/articles/cda07023dfb5a0a834332e4c0f6be95b54952d67,https://newsatcl-pctr.c.yimg.jp/t/amd-img/20260910-00402520-tospoweb-000-1-view.jpg?exp=10800,2026-09-10T00:40:26+09:00,2026-09-10T00:40:26+09:00,東スポWEB,tospoweb,東スポWEB,447,西橋奈未 ボートレース大村のGI「開設74周年記念 海の王者決定戦」は9日、予選3日目が行われた。 西橋奈未（30＝福井）は8Rを4コースから積極果敢に握って内3艇をのみ込んで先頭に抜け出す勢いだったが、5号艇の馬場貴也に内側を差されて2着。後半12Rは大外6コースから5着。「後半はどこを走ればいいか分からなかったですね。足自体は悪くないし、乗り心地も3日目は合っていた方だと思う。どこがいいとかはなく、相手次第でよく見えたりする感じですね」と舟足にはまずまずの感触をつかんでいる。 3日目を終えて得点率26位タイ。予選最終日となる4日目は5R2号艇の1走。1着でも準優想定ボーダーの6・00に届かない計算だが、ボーダーが下がる可能性も十分ある。 現在、女子賞金ランクは4位。2位以上でクイーンクライマックス出場を決めれば大一番の初戦1号艇が手に入る。そのためにも周年記念で予選を突破して賞金を加算したいところ。まずは予選ラストを1着で締めくくって〝人事を尽くして天命を待つ〟。 東スポWEB,[],[]
