headline,mainEntityOfPage,image,datePublished,dateModified,author,media_en,media_jp,str_count,body,images,external_links
円相場が1ドル＝163円台まで下落　約39年半ぶりの円安水準（テレビ朝日系（ANN））,https://news.yahoo.co.jp/articles/73240f4f0fa01c8d16d42300de9c0f40ec9ca8f4,https://newsatcl-pctr.c.yimg.jp/t/amd-img/20260721-00000086-ann-000-3-view.jpg?exp=10800,2026-07-21T23:58:26+09:00,2026-07-22T02:02:10+09:00,テレビ朝日系（ANN）,ann,テレビ朝日系（ANN）,288,"All Nippon NewsNetwork(ANN)
円相場が一時、1ドル＝163円台まで下落しました。およそ39年半ぶりの円安水準です。

　外国為替市場では、先週から1ドル＝162円台前半で円相場が推移していましたが、日本時間21日夕方から急速に円安が進み、一時、163円台をつけました。

　1986年以来、およそ39年半ぶりの円安水準です。

　イラン情勢の先行きが不透明となり有事のドル買いが強まっていることや、原油の先物価格が上昇していることなどが要因とみられます。

　また、財務省から強い牽制（けんせい）がないことなども影響しているとみられます。
テレビ朝日",[],[]
東海地方で国内初の“酷暑日”　全国でも猛暑日続出（テレビ朝日系（ANN））,https://news.yahoo.co.jp/articles/c8d80154fdf6cad7240bfbafcdf466fd84096990,https://newsatcl-pctr.c.yimg.jp/t/amd-img/20260721-00000084-ann-000-2-thumb.jpg?exp=10800,2026-07-21T23:56:42+09:00,2026-07-22T00:42:21+09:00,テレビ朝日系（ANN）,ann,テレビ朝日系（ANN）,437,"All Nippon NewsNetwork(ANN)
21日は愛知県と岐阜県で40℃を観測するなど、今年一番の危険な暑さになりました。

　岐阜県郡上市の八幡では午後2時前に40℃を観測し、今年4月に気象庁が名称を決めた「酷暑日」に初めてなりました。

　その後、午後2時すぎには岐阜県多治見市で40.3℃、愛知県豊田市で40.1℃を観測しています。

　八幡と豊田では観測史上初めて、多治見では4年ぶりの40℃となります。

　全国どこかで40℃を観測するのは9年連続です。

　東海地方以外も猛烈な暑さとなっていて、茨城県古河市では関東での今年最高となる39.6℃、東京都心も今年一番高い36.4℃を観測しています。

　35℃以上の猛暑日は全国の約3割にあたる278地点で、今年最多となりました。

　平年を上回る危険な暑さは28日ごろにかけても続くとみられていて、気象庁は21日、高温に関する全般気象解説情報を発表して熱中症への注意を呼び掛けています。
テレビ朝日",[],[]
南海トラフ想定で陸上自衛隊が輸送訓練　人員や物資を輸送艦で神津島へ（テレビ朝日系（ANN））,https://news.yahoo.co.jp/articles/a0c47ae034abc5805e9a92fe278af6beb26e9738,https://newsatcl-pctr.c.yimg.jp/t/amd-img/20260721-00000087-ann-000-2-thumb.jpg?exp=10800,2026-07-21T23:46:36+09:00,2026-07-22T02:01:53+09:00,テレビ朝日系（ANN）,ann,テレビ朝日系（ANN）,406,"All Nippon NewsNetwork(ANN)
南海トラフ地震を想定した自衛隊の訓練が行われ、陸海空共同の輸送専門部隊「海上輸送群」の輸送艦が初めて参加しました。

　訓練は伊豆諸島の神津島が被災し、電力が喪失して通信も途絶えた想定で行われ、自衛隊や関東地方整備局、電力会社や通信会社から約50人が参加しました。

　現地の復旧に必要な人員や物資を乗せた車両を海上輸送群の輸送艦「ようこう」で神津島まで輸送します。

　物資を積んで車高が低くなった車も安全に艦内に入れるよう、ロープを巻いたものをタイヤの下に敷くなど応急時の手順も確認しました。

陸自東部方面総監部　防衛課部外連絡協力班長　桜井弘紀2等陸佐
「実際の災害に対応できるように引き続き演練を積み重ねていきたい」

　「ようこう」は22日朝、神津島に到着する予定で、上陸後に車両や人員が問題なく活動できるか確認するということです。
テレビ朝日",[],[]
世界ラクロス　史上初のメダル獲得に意気込み（テレビ朝日系（ANN））,https://news.yahoo.co.jp/articles/d05d0f3dec210fadd5e8363a2af75bede2cdbe4e,https://newsatcl-pctr.c.yimg.jp/t/amd-img/20260721-00000085-ann-000-3-thumb.jpg?exp=10800,2026-07-21T23:44:59+09:00,2026-07-22T00:42:02+09:00,テレビ朝日系（ANN）,ann,テレビ朝日系（ANN）,703,"All Nippon NewsNetwork(ANN)
24日に開幕する「世界ラクロス」。史上初のメダル獲得を狙う女子日本代表が会見を行いました。

　ロスオリンピックで120年ぶりに正式種目となるラクロス。そのラクロスの世界最高峰の国際大会「世界ラクロス」の会見が行われました。

　MCには松岡修造さんが登場し、実際にラクロスを体験しました。

松岡修造
「ものすごい難しい」

　30年ぶりに日本での開催となる世界ラクロス。これまでの最高成績は5位。史上初となるメダル獲得へ決意を語りました。

ヘッドコーチ　宮沢明日香
「必ずや史上初のメダル獲得を成し遂げて、2028年のオリンピックにも良い流れをつなげていけるように、関わってくださる方と最高の景色が見られるようにヘッドコーチとして全身全霊で挑んで必ず結果を出したいと思うので応援よろしくお願いいたします」

キャプテン　藤田瑠奈（26）
「30年ぶりの日本開催というこんな素敵なチャンスに私たちが代表に選ばれるという奇跡の巡り合わせじゃないですけど、そのチャンスをしっかりと逃さずに、こんなに面白いスポーツなんだと知ってもらえるような大会にしたい

中澤こころ（24）
「ラクロスをやってきたなかで何か一つ成し遂げられれば良いと思いますし、日本が勝って多くのラクロスの関係者やラクロスを初めて見た方だったりに日本のラクロスは強いぞ、面白いんだぞということを分かっていただければ」

中澤ねがい（22）
「アメリカで培った技術やフィジカルを勝ちにどうつなげるか、今までの練習の成果を出し切って目標（メダル獲得）を達成したいと思います」
テレビ朝日",[],[]
下請け法違反でHOYAに勧告　公取委　医療機器メーカーに対して初（テレビ朝日系（ANN））,https://news.yahoo.co.jp/articles/bdd084e849cca33315f45a4d768267ba7a1694f6,https://newsatcl-pctr.c.yimg.jp/t/amd-img/20260721-00000081-ann-000-5-view.jpg?exp=10800,2026-07-21T21:28:26+09:00,2026-07-21T23:08:30+09:00,テレビ朝日系（ANN）,ann,テレビ朝日系（ANN）,381,"""下請け法違反でHOYAに勧告　公取委　医療機器メーカーに対して初""
公正取引委員会は大手医療機器メーカー「HOYA」が製品を作るための金型を下請けに無償で保管させたとして再発防止の勧告を出しました。

　公正取引委員会によりますと、HOYAは2024年7月から今年4月までの間、下請け事業者32社に対して内視鏡やその部品を製造するための金型などを合計643個、無償で保管させていたということです。

　金型のなかには試作品のためにだけ使用し、その後、量産化に至らず使用が終了したものも含まれていました。

　HOYAは今回の勧告に対して「厳粛に受け止め、体制整備などの再発防止を徹底する」と述べています。

　すでに、総額約1500万円の保管費用の支払いを完了しているということです。

　医療機器メーカーに対する下請け法違反での勧告は初めてです。
テレビ朝日",[],[]
クマに襲われた70代男性が顔を負傷　命に別状なし　クマの情報は不明…　栃木・佐野市（テレビ朝日系（ANN））,https://news.yahoo.co.jp/articles/8e57c5511e66b1182431ba592e3f66000be36b1c,https://newsatcl-pctr.c.yimg.jp/t/amd-img/20260721-00000079-ann-000-5-view.jpg?exp=10800,2026-07-21T21:12:14+09:00,2026-07-21T23:08:33+09:00,テレビ朝日系（ANN）,ann,テレビ朝日系（ANN）,320,"""クマに襲われた70代男性が顔を負傷　命に別状なし　クマの情報は不明…　栃木・佐野市""
栃木県佐野市の山林で70代の男性がクマに襲われ、けがをしました。

　21日午後4時半ごろ、佐野市作原町の山林で「クマに襲われて顔をけがした人から助けを求められた」と119番通報がありました。

　警察などによりますと、男性は自力で逃げましたが、顔から出血を伴うけがをしました。

　病院に搬送された際、救急隊員の問い掛けに答えるなど意識はあり、命に別状はないということです。

　男性を襲ったクマについて、これまでに詳しい情報は分かっていません。

　警察は男性が襲われた現場付近をパトロールするとともに近隣住民に警戒を呼び掛けています。
テレビ朝日",[],[]
軽自動車と自転車が交差点で出合い頭に衝突　男子中学生が重傷　群馬・藤岡市（テレビ朝日系（ANN））,https://news.yahoo.co.jp/articles/37ce8104f413b828633401ba3209eae27570ff72,https://newsatcl-pctr.c.yimg.jp/t/amd-img/20260721-00000080-ann-000-4-view.jpg?exp=10800,2026-07-21T21:11:22+09:00,2026-07-21T23:09:07+09:00,テレビ朝日系（ANN）,ann,テレビ朝日系（ANN）,327,"""軽自動車と自転車が交差点で出合い頭に衝突　男子中学生が重傷　群馬・藤岡市""
群馬県藤岡市の交差点で軽自動車と自転車が出合い頭に衝突する事故があり、自転車を運転していた男子中学生が肋骨（ろっこつ）など複数の骨を折る重傷を負いました。

　警察によりますと、21日午前7時半ごろ、群馬県藤岡市の交差点でアルバイトの男性（20）が運転する軽自動車と男子中学生（12）が乗る自転車が出合い頭に衝突しました。

　この事故で男子中学生が肋骨や腰の骨を折るなど重傷を負いましたが、命に別状はないということです。

　軽自動車の男性にけがはありませんでした。

　現場は信号のある交差点で、警察はどちらかが赤信号を無視した可能性があるとみて調べています。
テレビ朝日",[],[]
クマに襲われた70代男性が顔を負傷　命に別状なし　クマの情報は不明…栃木･佐野市（テレビ朝日系（ANN））,https://news.yahoo.co.jp/articles/f10b71e9c345a1b26b43c482586b483e9546bf86,https://newsatcl-pctr.c.yimg.jp/t/amd-img/20260721-00010027-annd-000-2-view.jpg?exp=10800,2026-07-21T21:00:40+09:00,2026-07-21T21:03:36+09:00,テレビ朝日系（ANN）,ann,テレビ朝日系（ANN）,280,"テレ朝NEWS
栃木県佐野市の山林で70代の男性がクマに襲われ、けがをしました。

21日午後4時半ごろ佐野市作原町の山林で「クマに襲われて顔をけがした人から助けを求められた」と119番通報がありました。

警察などによりますと、男性は自力で逃げましたが顔から出血を伴うけがをしました。

病院に搬送された際、救急隊員の問いかけに答えるなど意識はあり、命に別状はないということです。

男性を襲ったクマについてこれまでに詳しい情報はわかっていません。

警察は、男性が襲われた現場付近をパトロールするとともに近隣住民に警戒を呼びかけています。
テレビ朝日報道局",[],[]
狭心症で入院のDragon Ash櫻井誠が退院、ステージ復帰へ（テレビ朝日系（ANN））,https://news.yahoo.co.jp/articles/8bdcfaa970cc1903facf6f5601f068d92713fcd9,https://newsatcl-pctr.c.yimg.jp/t/amd-img/20260721-90195521-ann-000-1-view.jpg?exp=10800,2026-07-21T20:51:15+09:00,2026-07-21T20:51:15+09:00,テレビ朝日系（ANN）,ann,テレビ朝日系（ANN）,573,"狭心症で入院のDragon Ash櫻井誠が退院、ステージ復帰へ
ロックバンド「Dragon Ash」は21日、狭心症の治療のため入院していた櫻井誠が退院したと発表した。25日、26日に秋田・男鹿市で行われる音楽フェスでステージ復帰するという。

公式サイトで、「いつもDragon Ash / The Ravensを応援してくださり、誠にありがとうございます。狭心症の治療のため入院しておりました櫻井誠ですが、このたび無事に退院し、担当医の指導のもと、7月25日・26日開催の“OGA NAMAHAGE ROCK FESTIVAL”よりステージに復帰させていただくこととなりました」と報告した。

櫻井について、「今後も体調を最優先にしながらの復帰となるため、無理のない範囲で活動を続けてまいりますが、メンバー・スタッフ一同、皆さまにより良い音楽とライブをお届けできるよう、これまで以上に励んでまいります」と伝え、「引き続きDragon Ash / The Ravensへの変わらぬご声援を賜れましたら幸いです」と呼びかけた。

櫻井は昨年6月に狭心症のため活動休止を発表し、同7月にカテーテル手術を受けた。今月6日に自身のXなどで、昨年と同様の症状が出たため再度入院することを明かし、出演予定だったライブの延期や中止を発表していた。
テレビ朝日",[],[]
防犯カメラに“容疑者の顔”が　コインランドリー連続襲撃（テレビ朝日系（ANN））,https://news.yahoo.co.jp/articles/5d7a123fefe9b17ca012728d411a4e76f908265a,https://newsatcl-pctr.c.yimg.jp/t/amd-img/20260721-00000083-ann-000-5-thumb.jpg?exp=10800,2026-07-21T20:50:16+09:00,2026-07-22T01:28:15+09:00,テレビ朝日系（ANN）,ann,テレビ朝日系（ANN）,420,"All Nippon NewsNetwork(ANN)
札幌市にあるコインランドリーで撮影された防犯カメラの映像です。

　防犯カメラの目の前で黒い手袋をつけ、バッグの中からバールを取り出す男。そして券売機の扉を力づくでこじ開けていきます。

　そして中の現金を素手で引っ張り出して、およそ5分でその場を立ち去りました。

　この翌日にも同じ男が再び現れ、今度は隣の両替機をこじ開け破壊し、現金を持ち去りました。

　防犯カメラに、その犯行の一部始終とその顔もしっかり捉えられていた男。

　20日、窃盗の疑いで再逮捕されたのは無職の八原将大容疑者（34）です。

　店にある両替機などから、現金およそ30万円を盗んだ疑いが持たれています。

八原将大容疑者
「間違いありません」

　八原容疑者は、別のコインランドリーでもバールで両替機を壊し、現金を盗んだとして逮捕。

　ここでも防犯カメラに顔がしっかり捉えられていました。
テレビ朝日",[],[]
軽自動車と自転車が交差点で出合い頭に衝突　男子中学生が重傷　群馬・藤岡市（テレビ朝日系（ANN））,https://news.yahoo.co.jp/articles/3d6f3091423c6e722de609d7bd66382adad1ecfa,https://newsatcl-pctr.c.yimg.jp/t/amd-img/20260721-00010026-annd-000-1-view.jpg?exp=10800,2026-07-21T20:41:23+09:00,2026-07-21T20:41:23+09:00,テレビ朝日系（ANN）,ann,テレビ朝日系（ANN）,295,"テレ朝NEWS
群馬県藤岡市の交差点で軽自動車と自転車が出会いがしらに衝突する事故があり、自転車を運転していた男子中学生が肋骨など複数の骨を折る重傷を負いました。

警察によりますと、21日午前7時半ごろ、群馬県藤岡市の交差点でアルバイトの男性（20）が運転する軽自動車と、男子中学生（12）が乗る自転車が出会いがしらに衝突しました。

この事故で男子中学生が肋骨や腰の骨を折るなど重傷を負いましたが、命に別状はないということです。

軽自動車の男性にけがはありませんでした。

現場は、信号のある交差点で、警察はどちらかが赤信号を無視した可能性があるとみて調べています。
テレビ朝日報道局",[],[]
保険証が7月末で利用できなくなる？10割負担のケースも…必要な手続きは（テレビ朝日系（ANN））,https://news.yahoo.co.jp/articles/b1736243f7dda1b06544c3b36ad0df8ec73c56b6,https://newsatcl-pctr.c.yimg.jp/t/amd-img/20260721-90195507-ann-000-3-view.jpg?exp=10800,2026-07-21T20:36:16+09:00,2026-07-21T20:57:15+09:00,テレビ朝日系（ANN）,ann,テレビ朝日系（ANN）,2257,"保険証が7月末で利用できなくなる？10割負担のケースも…必要な手続きは
今月末で、健康保険証が使えなくなる人が出てくるといいます。場合によっては10割負担も?気になる疑問を専門家がずばり解決します。
【画像】マイナ保険証がない場合に必要になる「資格確認書」
月末で終了?保険証の疑問
街の老若男女に聞きました。あなたは「マイナ保険証」を持っていますか?

80代
「（Q.マイナ保険証は?）マイナンバーカードはあるけど、まだひも付けしていない。何となく信用できない。（従来の）保険証の方が使い慣れているから安心感がある」

40代
「マイナンバーカードで保険証を使っている。便利、薬の履歴が分かる」

　「マイナ保険証」は、「健康保険証」の利用登録がされた「マイナンバーカード」のことです。「マイナ保険証」の利用率は、5月時点で68％ほどにとどまっています。

20代
「（従来の）保険証のまま。マイナンバーカードを保険証にするとなると、ひも付けが必要という話があるが面倒くさくてやっていない。（従来の保険証は）いつから使えなくなるのか、更新の手続きには何が必要か」

　「健康保険証」の疑問に答えてくれるのは、社会保険に詳しい谷口さんです。

社会保険に詳しい
第一ライフ資産運用経済研究所
谷口智明さん
「7月末になったら従来の紙の保険証は使えなくなる。もし（従来の）健康保険証を持っていった場合は、医療機関は受診できるがいったん全額自己負担で立て替えをしなくてはいけない」

　実は来月から、「マイナ保険証」がなく、「従来の健康保険証」しか持っていない人は「医療費が10割負担」になるケースがあるといいます。

50代
「3割負担じゃなくなる?（従来の）保険証を持っているのに、被保険者の資格は持っている」

　従来の健康保険証の「有効期限」は、去年12月1日で終了しています。

　ただ、有効期限切れに気付かずに従来の健康保険証を持参した場合は、利用できることになっていましたが、その対応もいよいよ今月末で終わりになります。
自己負担10割も?どう回避
では、来月からはどういう場合に「医療費が10割負担」になることがあるのでしょうか?

　21日、都内のクリニックを訪れた女性は、従来の健康保険証で受診します。

院長
「きょうはOKだけど、7月31日をもってこの保険証が使えなくなる」
患者
「ぎりぎりでしたね」
院長
「知っていましたか?知らないですよね」

　「マイナンバーカード」は持っているものの、「マイナ保険証」の登録はしていないといいます。

患者
「7月31日で終わることを知って良かった。だいぶ前に聞いた記憶はあるが、こんなすぐとは思わなかった」
院長
「資格確認書は持っている?資格確認書でも大丈夫、当面は」

　「マイナ保険証」がない場合、必要になってくるのがこの「資格確認書」です。

80代
「マイナンバーは使ったことがないから不安。年とるとこっち（資格確認書）のほうが良い。昔通りのほうが」

　来月からは「マイナ保険証」や「資格確認書」が手元にないと、一時的に医療費が10割負担になるケースもあるといいます。

いとう王子神谷内科外科クリニック
伊藤博道院長
「マイナ保険証または資格確認書を持っていなければ、10割負担になってしまう。マイナ保険証を作っていない、あるいはしまい込んでいて病院に持ってこなかったら、いったん10割負担になる可能性もある。8月1日からはかなり厳しく。いよいよマイナ保険証、もしくは資格確認書を持っていなければ、保険資格を認めないという大きな潮目になる」

　そもそも、「資格確認書」についての疑問も。

80代
「資格確認書はどうやってとるの?」

谷口さん
「資格確認書は加入している健康保険組合から送られていれば、それを持って医療機関は今まで通り受診できる。マイナ保険証があるか、資格確認書が手元にあるか確認することが大事」

　後期高齢者については、自治体から「資格確認書」が送られているといいます。

　また、「マイナンバーカード」が、「健康保険証」とひも付いているか、改めて確認する方法は?

谷口さん
「ひとつはスマートフォンから『マイナポータル』にアクセスして健康保険証が登録されているか確認できる。医療機関や薬局で顔認証付きのカードリーダーに置けば登録しているか確認できる」

　「マイナ保険証」は、スマートフォンや、医療機関、薬局などで登録もできます。
注意“マイナ保険証の期限”
利用者からは、「マイナ保険証」の「有効期限」についても疑問が。

50代
「マイナンバーカードは有効期限がある。有効期限が切れた時にマイナ保険証も特別な手続きが必要か分からない」

　「マイナ保険証」の有効期限は、2つあるといいます。マイナンバーカード自体の有効期限は10年です。一方、「電子証明書」の有効期限は5年となっています。

谷口さん
「マイナンバーカードのICチップ、偽造防止、情報技術の進歩などを踏まえて安全性を配慮する観点から5年と設定されている。電子証明書の期限が切れると、3カ月後からマイナ保険証として使えない。自治体から2〜3カ月前に更新を促す通知が届く。電子証明書の有効期限が切れても3カ月間は引き続き利用できるので、3カ月の間に電子証明書の更新手続きをする必要がある」

（2026年7月21日放送分より）
テレビ朝日",[],[]
【ギャル曽根】20kg増告白！産後太りで子ども達から手厳しい一言＜芸能動画＞（テレビ朝日系（ANN））,https://news.yahoo.co.jp/articles/dd3c20f9652d32bd70e465ee8614474d21a86b29,https://newsatcl-pctr.c.yimg.jp/t/amd-img/20260721-00000082-ann-000-3-thumb.jpg?exp=10800,2026-07-21T20:13:50+09:00,2026-07-21T21:50:59+09:00,テレビ朝日系（ANN）,ann,テレビ朝日系（ANN）,642,"All Nippon NewsNetwork(ANN)
大食いタレントとして知られ、現在は3児の母として奮闘するギャル曽根が、自身の産後の体型変化について率直に語った。ギャル曽根は2012年11月に第1子となる長男、2016年1月に第2子の長女、そして2023年11月に第3子の次女を出産。現在は一男二女の母として、仕事と育児を両立している。そんなギャル曽根は、「すごく太ったんですよ。本当に。20kgぐらい太って」と告白。妊娠・出産を経て体重が増えたことを明かし、現在も「それが全く痩せてなくて」と、産後の体型に悩んでいることを打ち明けた。さらに、「子どもたちからは『ママはそんなんじゃなかった』って言われたり、『本当にもう痩せた方がいいんじゃない』って言われたりするんですよ」と、子どもならではの遠慮のない一言に苦笑する場面もあったようだ。司会者から、妊娠中に体重が増えることについて「皆さんそうですよね。どうしようもないことではありますよね」とフォローされると、「多分2つに分かれると思うんですよ。妊娠中は太ったけど頑張って痩せている方と、妊娠中に太ったままの方と。私はそのままの方です」と、持ち前の明るい笑顔で語った。
この日、ギャル曽根は「あじかんごぼうRESET SOUP」新商品発表会に登場。あじかんが15年以上培ってきたごぼう加工技術を活かし、おいしく手軽に食物繊維を補える冷凍スープを紹介した。

※この映像にはナレーションはありません。ご了承ください。
テレビ朝日",[],[]
「親の遺産でトラブル」スーパー店内で“妻刺殺”　男の判決は（テレビ朝日系（ANN））,https://news.yahoo.co.jp/articles/de0fe0089dff7863ec40dc2c63885d799660d7df,https://newsatcl-pctr.c.yimg.jp/t/amd-img/20260721-90195504-ann-000-4-view.jpg?exp=10800,2026-07-21T20:09:14+09:00,2026-07-21T23:30:36+09:00,テレビ朝日系（ANN）,ann,テレビ朝日系（ANN）,1944,"「親の遺産でトラブル」スーパー店内で“妻刺殺”　男の判決は
男は、親の遺産を巡って妻とトラブルになっていました。スーパーの店内で妻を殺害した罪に問われている男に、判決が言い渡されました。
【画像】被告と被害者の家族関係は
スーパーで“妻刺殺”男に判決
店にいた人（当時）
「レジ付近に規制線が張られていて、それ以上は立ち入れないようになっていた」

　営業中のスーパーの店内で起きたのは、夫婦間での殺人事件でした。

「遺産のことで以前から妻と金銭トラブルがあり、刺した」

　逮捕当時そう供述していた夫の兼澤孝行被告（59）です。遺産トラブルの相手となった妻・益代さん（当時56歳）を東京・清瀬市のスーパーで包丁で刺し、殺害した罪に問われています。

　事件が起きたのは去年4月、清瀬市にあるスーパーでのことでした。日用品や食料品を扱う大型店舗で、4階には図書館もあります。また、手前には清瀬駅などもあり、人が多く利用する場所となっています。

従業員（当時）
「ほとんど人が店の中から出ていて…全然いなかった。みんな外に逃げていた」

　兼澤被告は去年4月13日午前10時半ごろ、被害者とともに店を訪れていました。現場となったのは、日用品売り場や100円ショップなどがある3階のフロアです。

　被告は売り場で、刃体の長さおよそ18.5センチの包丁を購入したといいます。
包丁はスーパーの中で購入されてから、わずか2分後に犯行に使われたといいます。

　被告は3階にある女子トイレに立ち入ると、購入したばかりの包丁で被害者を繰り返し刺したといいます。その時間は、トイレに立ち入ってからわずか48秒。

　犯行後、被告はトイレを出てその場にとどまっていて、駆け付けた警察官によって現行犯逮捕されました。

　被害者は胸からおなかにかけて7カ所を刺されていて、傷は一番深い物でおよそ17センチに及んでいました。手や腕には、抵抗した際にできた傷が多数あったということです。
“親の遺産使い込み”で強い恨み
夫婦間で起きたこの事件ですが、殺害の動機に関わっているとされるのは被告の両親の“遺産”でした。被告は、被害者が父親の生命保険金などを使い込んでいると認識していたようです。

　これまでの裁判では、被告の“動機”が明かされていました。

検察側（論告から）
「被害者が父親の財産を使い込んだり、母親の施設利用料の支払いを怠ったり、被告人への差し入れとして預かった現金も使い込んだという恨みがあった」
「金銭トラブルに端を発して、被害者の殺害を考えるほどの強い恨みを持つようになった」

　一方で、被告が主張する被害者の“使い込み”の実態については…。

検察側（論告から）
「金銭トラブルに端を発した恨みは、事実関係をろくに確認せず、被告人が気持ちの赴くままに抱いた一方的なもの」
「被害者は、被告や被告の父親・母親のために行動していた」

　被告は事件が起きる前、刑務所で服役していたことがありました。その間、被害者は被告の父親、つまり義理の父親の面倒を見ていたといいます。

　その様子を近所の人も把握していました。

近隣住民
「（被害者は義理の）父親と住んでいて、介護していた話は聞いた」
「（Q.当時の様子は?）（被害者とは）あいさつしていた。普通な感じ」
「病気で亡くなったお父さん（被告の父）とお嫁さん（被害者）が部屋に来ていたみたい」
「（Q.お嫁さんというのは息子さんの妻?）殺された被害者」
「義理の父娘という関係。もしくは、もう少し仲が良かったかな。（仲は）悪くはないと思った」
被害者は被告に代わって、被告の父親の入院費用や母親の施設利用料などを支払っていたといいます。

　また、被告の父親が死亡すると、生命保険金およそ34万円が被害者名義の銀行口座に振り込まれましたが、これは父親が自ら被害者を受取先に指定したものでした。

　ただ、被告は被害者について…。

「不当に保険金を受け取り、父親や母親の財産を使い込んでいる」

　そうした中、東京地裁立川支部で21日に裁判長は…。

裁判長
「本件当日、包丁を購入した後、被告人は被害者と金銭の使い込みなどを巡って言い合いとなり、被害者から『お母さんは認知症でぼけてるから、どこにいても一緒だよね』などと発言されたことに憤慨した」
「被害者の言動によって、被告人が怒りを覚えたことについては理解できなくもないが、被害者を殺害するに至ったことは極めて短絡的で、自己中心的な犯行と言わざるを得ない」

　検察側の求刑通り、懲役17年の判決が言い渡されました。

 

（2026年7月21日放送分より）
テレビ朝日",[],[]
危険運転にきょうから“数値基準” なぜこの数値？（テレビ朝日系（ANN））,https://news.yahoo.co.jp/articles/5f6f2915ab89fff7f2701089d704a225ad0c248b,https://newsatcl-pctr.c.yimg.jp/t/amd-img/20260721-90195505-ann-000-4-view.jpg?exp=10800,2026-07-21T20:09:14+09:00,2026-07-21T23:27:17+09:00,テレビ朝日系（ANN）,ann,テレビ朝日系（ANN）,1642,"危険運転にきょうから“数値基準” なぜこの数値？
あいまいとされてきた危険運転について、21日から「数値の基準」が導入され明確化されました。数値の根拠を社会部記者が解説します。
【画像】新たに設けられた飲酒量や速度の数値基準
きょうから数値基準
およそ2年前、埼玉県川口市で発生した自動車事故。中国籍の男が飲酒したうえ、一方通行の道を時速125キロで逆走し、衝突された男性が死亡しました。

　この事故の裁判で成立が認められた「危険運転致死罪」。その条件が、21日から大幅に変わります。

平口法務大臣
「自動車運転死傷処罰法等改正法が施行されることとなります」

　新たに設けられたのは、危険運転致死傷罪を適用する際の数値基準です。

　速度については、最高速度が時速60キロ以下の道路はその速度を50キロ以上超えた場合、最高速度が時速60キロを超える道路はその速度を60キロ以上超えた場合、危険運転致死傷罪が適用されます。

　つまり、最高速度が時速40キロの一般道では90キロ以上、時速100キロの高速道路では160キロ以上が対象です。

　飲酒運転については、アルコール濃度が呼気1リットルにつき0.5ミリグラム以上で適用。これは、体重およそ60キロの人が大瓶のビールを2本程度飲んで30分ほど経った後に検出される量にあたるそうです。

社会部　司法担当
小牧薫子記者
「今回の法改正で“危険な運転”かどうかが明確化される。危険で悪質な走行に対して厳格な対応ができるようになる」
これまでの適用条件は?
そもそも、危険運転致死傷罪ができたのは2001年。

　近年も、実際に適用されたケースがあります。例えば、おととし、群馬県伊勢崎市で家族3人が亡くなった衝突事故。こちらは一審で、危険運転致死傷罪が適用され、酒を飲みトラックを運転していた被告に対し、懲役20年の判決が言い渡されています。

　このように、危険運転致死傷罪では「最大20年の拘禁刑」が科されます。過失運転致死傷罪の「最大7年の拘禁刑」の比べ、大幅に重くなりました。

　ただ、これまでの適用条件は…。

これまでの条文
「進行を制御することが困難な高速度で自動車を走行させる行為」

　2021年に大分市で起きた事故では、当時19歳の男が法定速度60キロの道を時速194キロで走行。交差点を右折していた車と衝突し、運転していた男性が死亡しましたが、福岡高裁は…。

「進行を制御することが困難な高速度に該当するとは評価し得ない」

　危険運転致死罪の成立を否定しました。

被害者の遺族
「法定速度の2倍、3倍超えるこの速度が“過失”なわけがない。この速度をまだ“過失”と言う人がいるのかなという気持ちでいる」

小牧記者
「そもそも危険運転致傷罪を巡っては改正前は『正常な運転が困難な状態』など適用の基準が抽象的でした。基準が抽象的で危険運転の適用が認められず、苦しんできた遺族や関係者の声にこたえるため改正された」
“明確な根拠”とは
実は、今回具体的に示されたこの数値、しっかりした根拠があるといいます。

小牧記者
「政府は研究機関と協力して、『最高の性能を持つ自動車』を『最高の技能を持つドライバー』が運転しても回避できなくなる“限界の速度”を算出。その速度をもとに今回の速度基準を設ける」

　一方で“1キロ数値に達していない”など“危険な運転”でも、基準を満たさなければ危険運転致死傷罪は適用されないのでしょうか?

小牧記者
「あくまで数値基準にすぎません。“重大な交通の危険を回避することが著しく困難な高速度”で運転する行為は、（速度基準を下回っても）危険運転致死傷罪の対象となります。速度・アルコール度数の基準を明確にし、危険運転自体を減らすことが法改正の趣旨。政府関係者は『事故件数自体が減ることを期待している』と話していました」

 

（2026年7月21日放送分より）
テレビ朝日",[],[]
自宅近くカメラを設置したら…　まさかの“300キロクマ”現る　北海道羅臼町（テレビ朝日系（ANN））,https://news.yahoo.co.jp/articles/c5b5affabddb6c01f16e8b190d9cd54f5206bb6b,https://newsatcl-pctr.c.yimg.jp/t/amd-img/20260721-00000075-ann-000-6-thumb.jpg?exp=10800,2026-07-21T19:48:54+09:00,2026-07-22T01:30:25+09:00,テレビ朝日系（ANN）,ann,テレビ朝日系（ANN）,370,"All Nippon NewsNetwork(ANN)
■まさかの“300キロのクマ”現る

　迫る“巨大な影”。目の前のカメラが気になるのか“攻撃”してきます。

撮影者　桜井憲二さん
「あまり人家のところに300キロサイズのクマが出てくることはない」

　巨大グマが現れたのは北海道羅臼町にある撮影者の自宅の近く。

　近くの草が倒されていたため、カメラを設置したところ、体重約300キロ、体長は約2メートルの巨大グマが映っていました。

撮影者　桜井憲二さん
「大きい方だと思う。とても太ってるので食料事情がいいと思う」

　最近、自宅近くに現れるクマがどんどん大きくなっているといいます。

撮影者　桜井憲二さん
「最近のクマは人家の周りにおいしいものがあると学習しているので、より強い大きな個体が出てくるようになった」
テレビ朝日",[],[]
中学校教師　メガネで盗撮か「20年前から興味」53歳逮捕　兵庫（テレビ朝日系（ANN））,https://news.yahoo.co.jp/articles/f01e34122eedeb3d400d05f58c9f40ffa1b40f43,https://newsatcl-pctr.c.yimg.jp/t/amd-img/20260721-00000077-ann-000-6-thumb.jpg?exp=10800,2026-07-21T19:48:53+09:00,2026-07-22T01:30:29+09:00,テレビ朝日系（ANN）,ann,テレビ朝日系（ANN）,459,"All Nippon NewsNetwork(ANN)
事件があったのはショッピングモールの中でした。

　トイカプセルコーナーにいた26歳女性のそばに男がいたといいます。

　不審に思った別の男性が男に声を掛けると、盗撮を認めたため警察に通報したということです。

　盗撮に使ったのは眼鏡でした。

　左右のレンズの間のブリッジ部分にカメラが組み込まれていて、録画ボタンを押すと撮影される仕組みだということです。

　逮捕されたのは神戸市の市立中学校の教師・幸神一男容疑者（53）です。

　神戸市から20キロ以上離れた兵庫県伊丹市までやってきた理由については…。

幸神一男容疑者の供述
「自分が勤務する学校の生徒が来ない店でやろうと思った」

　さらに、このような供述も…。

幸神一男容疑者の供述
「20年近く前から女性の胸の谷間に興味があり、ペン型カメラを使って盗撮していた」

　押収したカメラ付き眼鏡には盗撮したとみられる複数の女性の映像が残されていて、警察は余罪も視野に捜査を進めています。
テレビ朝日",[],[]
丸い“もふもふ”した生き物　世界的人気者…正体は（テレビ朝日系（ANN））,https://news.yahoo.co.jp/articles/2dcfd7c8ddce0add6d7c7b9747622ab8106e66d1,https://newsatcl-pctr.c.yimg.jp/t/amd-img/20260721-00000078-ann-000-6-thumb.jpg?exp=10800,2026-07-21T19:48:52+09:00,2026-07-22T02:00:54+09:00,テレビ朝日系（ANN）,ann,テレビ朝日系（ANN）,500,"All Nippon NewsNetwork(ANN)
■丸い“もふもふ”した生き物　正体は

撮影したキアナさん
「これなに！？」

　思わず、そう叫んでしまうのも無理はありません。

撮影したキアナさん
「なんていうか、グレーのモフモフした生き物、長い脚が生えたボールが見えたんです」

　アメリカ・シアトルで出没している“謎の生物”、胴体が短く丸っこいのが特徴です。

撮影したキアナさん
「最初はネコかと思ってスマホを取り出した。でも、車の下から出てきた時、絶対にネコじゃないと気付いた」

　「ジモシー」と名付けられ、SNSに映像が投稿されるや数百万回を超す再生数となっています。

　地元の獣医によりますと、ジモシーの正体はアライグマ。脊椎（せきつい）が短くなる先天性の疾患ではないかといいます。

地元の獣医　キャリー・シュナイダー氏
「珍しい外見だが、他の哺乳類でも起こるもの」

　しかし、地元の動物園もイラストを投稿するなど、そのユニークで愛らしい見た目が人気となり、多くのファンを獲得しているということです。

（C）　CABLE NEWS NETWORK 2026
テレビ朝日",[],[]
矢方美紀、入院報告「久しぶりに入院生活です」（テレビ朝日系（ANN））,https://news.yahoo.co.jp/articles/956a2e4e76d1659ed33c7c529935ef56fa9443f9,https://newsatcl-pctr.c.yimg.jp/t/amd-img/20260721-90195519-ann-000-1-view.jpg?exp=10800,2026-07-21T19:48:15+09:00,2026-07-21T19:48:15+09:00,テレビ朝日系（ANN）,ann,テレビ朝日系（ANN）,219,"矢方美紀、入院報告「久しぶりに入院生活です」
元SKE48の矢方美紀（34）が21日、Xを更新。入院したことを明かした。

矢方は、出演していた舞台「コウの花嫁」が20日に千秋楽を迎え、その翌日にXで「久しぶりに入院生活です。がんばります!!!」と報告。詳細は明かしていないが、病室で撮影されたとみられる天井の写真を掲載した。

矢方は2018年4月、乳がんのため左乳房全摘出とリンパ節切除の手術を受けている。

※写真は資料
テレビ朝日",[],[]
中国海警局がフィリピン軍を“殴打”隊員1人が頭にけが　船の上で…映像公開（テレビ朝日系（ANN））,https://news.yahoo.co.jp/articles/7330faa962e9328105ea196fa0a92b997027b232,https://newsatcl-pctr.c.yimg.jp/t/amd-img/20260721-00000076-ann-000-4-thumb.jpg?exp=10800,2026-07-21T19:47:55+09:00,2026-07-21T23:18:32+09:00,テレビ朝日系（ANN）,ann,テレビ朝日系（ANN）,436,"All Nippon NewsNetwork(ANN)
■中国海警局がフィリピン軍を“殴打”

　美しい海の上で衝突は起きました。

　1隻の船が何やら声を発しながらゴムボートに近付きます。一体、何が起こったのでしょうか。

　舞台は20日の南シナ海。フィリピンと中国が長年、領海を争っている場所です。

　オレンジのライフジャケットを着ているのが中国海警局。ゴムボートに乗っているのがフィリピン軍です。2国はこの地で度々、衝突を繰り返してきました。

　映像を見返してみると、中国側は頑丈そうな棒、一方でフィリピン側はボートのパドルで応戦します。

　果たしてその結果は…。

　フィリピン軍によりますと、この衝突で隊員1人が頭にけがをしたとのことです。

　フィリピン軍は「安全を露骨に軽視する行動だ」と非難。

　一方で、中国側は「先に攻撃を加えたのはフィリピン側である」と主張していて、どちらが先に攻撃をしたのか。

　双方の言い分は食い違っています。
テレビ朝日",[],[]
サッカー日本代表・中村敬斗　若者らに闇バイトに加担しないよう呼びかけ（テレビ朝日系（ANN））,https://news.yahoo.co.jp/articles/f1ebe2b59084cb50a8a93a61680850e63be1c96f,https://newsatcl-pctr.c.yimg.jp/t/amd-img/20260721-00000073-ann-000-2-thumb.jpg?exp=10800,2026-07-21T19:30:41+09:00,2026-07-21T19:49:27+09:00,テレビ朝日系（ANN）,ann,テレビ朝日系（ANN）,370,"All Nippon NewsNetwork(ANN)
匿名・流動型の犯罪グループ「トクリュウ」による犯行とみられる事件が相次ぐなか、サッカー日本代表の中村敬斗選手（25）が闇バイトに加担しないよう若者らに呼び掛けました。

サッカー日本代表　中村敬斗選手
「簡単に稼げるようなバイトは、ちょっと怪しい可能性が高いんじゃないかなと思いますし、皆さん闇バイトは犯罪ですので絶対にやらないで下さい」

　千葉県警はワールドカップで活躍した中村選手を「闇バイト加担防止広報官」に任命しました。

　県警によりますと、去年の県内のトクリュウによる犯行とみられる強盗事件などの検挙人数は前の年を225人上回る685人で、そのうち67人が少年でした。

　県警は「闇バイトゼロを目指した犯罪加担防止活動に全力で取り組んでいく」としています。
テレビ朝日",[],[]
青森山田高校サッカー部員　飲酒喫煙で処分　選手権4度　インターハイ2度優勝の強豪（テレビ朝日系（ANN））,https://news.yahoo.co.jp/articles/0517f5692e4b0fbc9c9365ecf699693c315473aa,https://newsatcl-pctr.c.yimg.jp/t/amd-img/20260721-00000074-ann-000-4-thumb.jpg?exp=10800,2026-07-21T19:30:21+09:00,2026-07-21T23:08:55+09:00,テレビ朝日系（ANN）,ann,テレビ朝日系（ANN）,279,"All Nippon NewsNetwork(ANN)
青森山田高校サッカー部員十数人が飲酒や喫煙をしたとして処分を受けました。

　学校によりますと、先月から今月にかけてサッカー部の関係者が普段の生活の中で生徒の様子がおかしいことに気付き、本人や保護者などに聞き取りをしたことで発覚しました。

　青森山田高校サッカー部は5月1日時点で部員数220人。

　全国高校サッカー選手権で4度、インターハイで2度の優勝経験がある強豪です。

　今月25日から始まるインターハイへの出場が決まっていて、処分を受けた生徒以外のメンバーで出場する方針です。
テレビ朝日",[],[]
「北海道・三陸沖後発地震注意情報」の発表　これまでより前倒しへ　気象庁（テレビ朝日系（ANN））,https://news.yahoo.co.jp/articles/bd2e16b184ca90074348492452a6e4488a68ed65,https://newsatcl-pctr.c.yimg.jp/t/amd-img/20260721-00000071-ann-000-4-view.jpg?exp=10800,2026-07-21T19:24:31+09:00,2026-07-21T23:09:02+09:00,テレビ朝日系（ANN）,ann,テレビ朝日系（ANN）,630,"""「北海道・三陸沖後発地震注意情報」の発表　これまでより前倒しへ　気象庁""
気象庁は「北海道・三陸沖後発地震注意情報」について、情報の発表をこれまでより前倒しする方針を明らかにしました。

　北海道・三陸沖後発地震注意情報は日本海溝と千島海溝付近でマグニチュード7.0以上の地震が起きた場合に、その後、発生する可能性がある大きな地震への警戒を呼び掛ける情報です。

　2022年12月から運用が始まり、これまでに去年12月と今年4月の2回発表されています。

　気象庁は、この情報の認知や内容への一定の理解が進んできたとして、情報を発表するタイミングをこれまでより早めることを発表しました。

　新たな運用では「後発地震注意情報」の対象となる地域で地震が発生し、約2時間後をめどに地震の規模を示す指標の一つ「モーメントマグニチュード」が7.0以上と判明した場合に速やかに発表することになります。

　気象庁は7月29日から運用するとしたうえで、夜間の切り替えを考慮して28日午後6時以降に発生した地震からは新しい運用で対応する方針です。

　これにより、内閣府と合同で行う記者会見は情報の発表から約30分後を目安に始まることになります。

　内閣府からは北海道から千葉県にかけての182の市町村を強い揺れや津波に対して防災対応を取るべき地域としていて、日頃からの備えの再確認やすぐに避難できる準備をしておくといった呼び掛けを行うことになっています。
テレビ朝日",[],[]
衆議院議員の資産公開　トップは自民党　高市総理は1143万円（テレビ朝日系（ANN））,https://news.yahoo.co.jp/articles/580a774a77cadfcaba92af6b2191b49105c3d8d0,https://newsatcl-pctr.c.yimg.jp/t/amd-img/20260721-00000072-ann-000-2-view.jpg?exp=10800,2026-07-21T19:23:32+09:00,2026-07-21T19:33:36+09:00,テレビ朝日系（ANN）,ann,テレビ朝日系（ANN）,461,"""衆議院議員の資産公開　トップは自民党　高市総理は1143万円""
2月の衆議院選挙で当選した議員の資産が公開されました。トップは7億円を上回る自民党の逢沢一郎氏で、2位は高木宏寿氏、3位は麻生副総裁と自民党議員が上位を占めました。

　衆議院は21日に、2月の衆院選で当選した国会議員465人の資産報告書を公開しました。

　株式を除く預貯金などの金融資産と不動産を合わせた資産総額のトップは自民党の逢沢一郎氏で7億9044万円で、高木宏寿氏が7億8909万円、麻生副総裁が6億153万円と続きました。

　各党の党首クラスで見ると、日本維新の会の藤田共同代表が土地・建物など合わせて1418万円でトップでした。

　2位は高市総理大臣で奈良県の土地・建物合わせて1143万円、続いて共産党の田村委員長は土地・建物や貯金など合わせて643万円、中道改革連合の小川代表は預金が476万円、国民民主党の玉木代表は「資産ゼロ」と報告しています。

　ただ、普通預金などは流動性が高いとして報告の対象外となっています。
テレビ朝日",[],[]
決勝で敗れたアルゼンチン　首都で一部ファン暴徒化　石など投げつけ　警察官7人けが（テレビ朝日系（ANN））,https://news.yahoo.co.jp/articles/09f3843614d45126b5206eaca23f5beae41a8be6,https://newsatcl-pctr.c.yimg.jp/t/amd-img/20260721-00000070-ann-000-8-thumb.jpg?exp=10800,2026-07-21T19:22:40+09:00,2026-07-22T02:00:50+09:00,テレビ朝日系（ANN）,ann,テレビ朝日系（ANN）,318,"All Nippon NewsNetwork(ANN)
FIFAワールドカップ2026の決勝でスペインに敗れたアルゼンチンでは首都で一部のファンが暴徒化し、警察と衝突しました。

　アルゼンチンの首都ブエノスアイレスで19日、決勝でスペインに敗れたことに憤ったアルゼンチンサポーターが暴徒化し、警察官らに石や瓶を投げ付けるなどしました。

　地元メディアなどによりますと、この暴動で警察官7人が負傷しました。

　警察は催涙ガスや放水銃などを使用して暴徒の一部を制圧しました。

　また、数百人の警察官が市中心部の大通り周辺に派遣され、事態の収拾にあたりました。

　一連の暴動で少なくとも15人が逮捕されたということです。
テレビ朝日",[],[]
衆議院議員の資産公開　トップは自民党　高市総理は1143万円（テレビ朝日系（ANN））,https://news.yahoo.co.jp/articles/a6601a25f7405afa3511fc7936ec5d961e5ac3c2,https://newsatcl-pctr.c.yimg.jp/t/amd-img/20260721-00010025-annd-000-1-view.jpg?exp=10800,2026-07-21T19:18:21+09:00,2026-07-21T19:18:21+09:00,テレビ朝日系（ANN）,ann,テレビ朝日系（ANN）,443,"テレ朝NEWS
2月の衆議院選挙で当選した議員の資産が公開されました。

トップは7億円を上回る自民党の逢沢一郎氏で、2位は高木宏寿氏、3位は麻生副総裁と自民党議員が上位を占めました。

衆議院は、21日に2月の衆院選で当選した国会議員465人の資産報告書を公開しました。

株式を除く預貯金などの金融資産と不動産を合わせた資産総額のトップは、
自民党の逢沢一郎氏で7億9044万円で、高木宏寿氏が7億8909万円、
麻生副総裁が6億153万円と続きました。

各党の党首クラスでみると
日本維新の会の藤田共同代表が土地・建物など合わせて1418万円でトップでした。
2位は、高市総理大臣で奈良県の土地・建物合わせて1143万円、
続いて共産党の田村委員長は土地・建物や貯金など合わせて643万円、
中道改革連合の小川代表は、預金が476万円、
国民民主党の玉木代表は「資産ゼロ」と報告しています。

ただ、普通預金などは流動性が高いとして報告の対象外となっています。
テレビ朝日報道局",[],[]
決勝で敗れたアルゼンチン　首都で一部ファン暴徒化　石など投げつけ警察官7人けが（テレビ朝日系（ANN））,https://news.yahoo.co.jp/articles/7df6da31c8f49cc942928ab1b6c811d534871163,https://newsatcl-pctr.c.yimg.jp/t/amd-img/20260721-00010024-annd-000-1-view.jpg?exp=10800,2026-07-21T19:15:01+09:00,2026-07-21T19:15:01+09:00,テレビ朝日系（ANN）,ann,テレビ朝日系（ANN）,298,"テレ朝NEWS
FIFAワールドカップ2026の決勝でスペインに敗れたアルゼンチンでは、首都で一部のファンが暴徒化し、警察と衝突しました。

アルゼンチンの首都ブエノスアイレスで19日、決勝でスペインに敗れたことに憤ったアルゼンチンサポーターが暴徒化し、警察官らに石や瓶を投げつけるなどしました。

地元メディアなどによりますと、この暴動で警察官7人が負傷しました。

警察は、催涙ガスや放水銃などを使用して暴徒の一部を制圧しました。

また、数百人の警察官が市中心部の大通り周辺に派遣され、事態の収拾にあたりました。

一連の暴動で少なくとも15人が逮捕されたということです。
テレビ朝日報道局",[],[]
「北海道・三陸沖後発地震注意情報」の発表　これまでより前倒しへ　気象庁（テレビ朝日系（ANN））,https://news.yahoo.co.jp/articles/b1f30997dfdfcbc60afde1e781f5f8c72361672b,https://newsatcl-pctr.c.yimg.jp/t/amd-img/20260721-00010023-annd-000-2-view.jpg?exp=10800,2026-07-21T19:09:35+09:00,2026-07-21T21:33:35+09:00,テレビ朝日系（ANN）,ann,テレビ朝日系（ANN）,628,"テレ朝NEWS
気象庁は「北海道・三陸沖後発地震注意情報」について情報の発表をこれまでより前倒しする方針を明らかにしました。
【動画で解説】北海道・三陸沖後発地震注意情報とは？
「北海道・三陸沖後発地震注意情報」は、日本海溝と千島海溝付近でマグニチュード7．0以上の地震が起きた場合に、その後、発生する可能性がある大きな地震への警戒を呼びかける情報です。

2022年12月から運用が始まり、これまでに去年12月と今年4月の2回発表されています。

気象庁は、この情報の認知や内容への一定の理解が進んできたとして、情報を発表するタイミングをこれまでより早めることを発表しました。

新たな運用では「後発地震注意情報」の対象となる地域で地震が発生し、およそ2時間後をめどに地震の規模を示す指標の一つ「モーメントマグニチュード」が7．0以上と判明した場合に速やかに発表することになります。

気象庁は、7月29日から運用するとしたうえで、夜間の切り替えを考慮して28日午後6時以降に発生した地震からは新しい運用で対応する方針です。

これにより内閣府と合同で行う記者会見は情報の発表からおよそ30分後を目安に始まることになります。

内閣府からは北海道から千葉県にかけての182の市町村を、強い揺れや津波に対して防災対応をとるべき地域としていて、日頃からの備えの再確認やすぐに避難できる準備をしておくといった呼びかけを行うことになっています。
テレビ朝日報道局",[],[]
トランプ大統領に2つの選択肢　10日間の停戦案受け入れか、イランへの大規模攻撃か（テレビ朝日系（ANN））,https://news.yahoo.co.jp/articles/a057ca81542ff518b003bea109ff11e9fbf4827f,https://newsatcl-pctr.c.yimg.jp/t/amd-img/20260721-00000069-ann-000-2-view.jpg?exp=10800,2026-07-21T19:02:41+09:00,2026-07-21T19:15:54+09:00,テレビ朝日系（ANN）,ann,テレビ朝日系（ANN）,541,"""トランプ大統領に2つの選択肢　10日間の停戦案受け入れか、イランへの大規模攻撃か""
ホルムズ海峡を巡ってイランとの戦闘が再び激化するなか、トランプ大統領はホルムズ海峡の開放を目指して停戦を実施するか、大規模な攻撃に踏み切るか2つの選択を迫られています。

　ニュースサイト「アクシオス」は21日、アメリカとイスラエルの当局者の話として、今後の選択肢は2つしかないと伝えました。

　1つ目はホルムズ海峡の再開を目指し、仲介国の提案する10日間の停戦を実施するか。

　2つ目はイスラエルと共同で大規模な軍事作戦を開始し、イランに降伏を要求するかだとしています。

　現段階でトランプ大統領は最終決定を下していないとしていますが、当局者らは今後数日でどちらの道を進むかが決まるとみています。

　仲介にあたるカタールやパキスタンなどが10日間の停戦案を両国に提示した一方で、トランプ政権は戦闘機や空中給油機を中東に派遣し、戦力を再び集結させています。

　イスラエルも作戦の開始に備えていると伝えられています。

　別の情報筋はイランのヨルダンへの攻撃で兵士が死亡したことへの報復としてアメリカが数日間、攻撃を継続した後に仲介国の停戦案を検討するとの見方を示しています。
テレビ朝日",[],[]
トランプ大統領に2つの選択肢　10日間の停戦案受け入れか　イランへ大規模攻撃か（テレビ朝日系（ANN））,https://news.yahoo.co.jp/articles/df95b08074baa0ce681d9c60ba474093c331ea85,https://newsatcl-pctr.c.yimg.jp/t/amd-img/20260721-00010022-annd-000-1-view.jpg?exp=10800,2026-07-21T19:00:41+09:00,2026-07-21T19:00:41+09:00,テレビ朝日系（ANN）,ann,テレビ朝日系（ANN）,502,"テレ朝NEWS
ホルムズ海峡をめぐってイランとの戦闘が再び激化する中、トランプ大統領はホルムズ海峡の開放目指し停戦を実施するか、大規模な攻撃に踏み切るか2つの選択を迫られています。

ニュースサイト「アクシオス」は21日、アメリカとイスラエルの当局者の話として、今後の選択肢は2つしかないと伝えました。

1つ目は、ホルムズ海峡の再開を目指して、仲介国の提案する10日間の停戦を実施するか。2つ目は、イスラエルと共同で大規模な軍事作戦を開始しイランに降伏を要求するかだとしています。

現段階でトランプ大統領は最終決定を下していないとしていますが、当局者らは今後数日でどちらの道を進むかが決まるとみています。

仲介にあたるカタールやパキスタンなどが10日間の停戦案を両国に提示した一方で、トランプ政権は戦闘機や空中給油機を中東に派遣し戦力を再び集結させています。

イスラエルも作戦の開始に備えていると伝えられています。

別の情報筋は、イランのヨルダンへの攻撃で兵士が死亡したことへの報復として、アメリカが数日間攻撃を継続したあとに、仲介国の停戦案を検討するとの見方を示しています。
テレビ朝日報道局",[],[]
トラック同士が衝突　男性2人搬送　名古屋市（テレビ朝日系（ANN））,https://news.yahoo.co.jp/articles/d2d9ed5339139a2e928cf94182922adfe9a4a604,https://newsatcl-pctr.c.yimg.jp/t/amd-img/20260721-00000068-ann-000-6-thumb.jpg?exp=10800,2026-07-21T18:59:40+09:00,2026-07-22T01:30:20+09:00,テレビ朝日系（ANN）,ann,テレビ朝日系（ANN）,272,"All Nippon NewsNetwork(ANN)
トラック同士が衝突する事故があり、男性2人が病院に搬送されました。

　消防によりますと、21日午前3時40分ごろ、名古屋市の国道41号でトラックが中央分離帯を越えて対向車線にはみ出し、対向車線を走っていた別のトラックと衝突しました。

　この事故で40代の男性運転手がハンドルと運転席に挟まれ、トラックから出ることができなくなりましたが、消防により救出され病院に搬送されました。

　また、60代の男性運転手も病院に搬送されました。

　2人とも意識はあったということです。
テレビ朝日",[],[]
全国初の酷暑日　災害級暑さで熊谷の病院は　東京は熱中症疑い120人超（テレビ朝日系（ANN））,https://news.yahoo.co.jp/articles/049b2d27fd7a6605282e8c790c5df1311451e374,https://newsatcl-pctr.c.yimg.jp/t/amd-img/20260721-00000067-ann-000-4-thumb.jpg?exp=10800,2026-07-21T18:58:51+09:00,2026-07-21T23:24:44+09:00,テレビ朝日系（ANN）,ann,テレビ朝日系（ANN）,603,"All Nippon NewsNetwork(ANN)
岐阜県と愛知県では40℃を超え、全国で初めて酷暑日となるなか、都内では21日、これまでに熱中症疑いの人が128人となりました。

■岐阜・愛知で初の酷暑日

　ついに今年初めての酷暑日です。

　その一報を受け、急きょカメラマンもリポートに。

　午後2時前、岐阜県郡上市で気温が40℃に到達しました。

　その後、岐阜県多治見市でも39.9℃を示していた温度計が40℃を表示。その瞬間をカメラに収める人の姿もありました。

　多治見市では全国最高の40.3℃を観測。さらに、愛知県豊田市でも40℃に達し、気象庁が名称を決めて以来、初めての酷暑日は全国3地点に上りました。

■災害級の暑さで搬送者相次ぐ

　40℃に迫る危険な暑さとなった埼玉県熊谷市。その暑さは命に関わる事態を招いています。

　熊谷市内の病院には熱中症が疑われる患者が相次いで搬送されました。

　午前中だけで4人が搬送されたのは今年初めてだといいます。

埼玉慈恵病院　藤永剛副院長
「梅雨明けした直後は熱中症の救急搬送がすごく増える。まだまだ暑さに慣れていないので、40℃に迫る暑さになってきている。十分な注意が必要」

　東京でも熱中症の疑いで午後3時までに128人が救急搬送されています。

　熱中症警戒アラートは今年最多となる42の都府県に発表されました。
テレビ朝日",[],[]
カンロ飴値上げ 最大15％程度　中東情勢による原材料費や物流費などの上昇が要因（テレビ朝日系（ANN））,https://news.yahoo.co.jp/articles/02a4c06a19dbcb591f96fe817ae2c990b298919b,https://newsatcl-pctr.c.yimg.jp/t/amd-img/20260721-00000066-ann-000-5-thumb.jpg?exp=10800,2026-07-21T18:55:41+09:00,2026-07-21T23:08:41+09:00,テレビ朝日系（ANN）,ann,テレビ朝日系（ANN）,235,"All Nippon NewsNetwork(ANN)
中東情勢の影響を受け、のどあめなどの定番商品を値上げします。

　カンロは9月の納品分から順次、定番商品のあめやグミなど合わせて15品目を値上げすると発表しました。

　店頭価格は約4％から15％値上がりするとみられます。

　値上げは今年4月以来です。

　中東情勢の影響による原材料費や物流費などの上昇が要因で、「コスト低減に取り組んできたが現行価格での販売継続が困難な状況になった」としています。
テレビ朝日",[],[]
「火をつける」議長事務所を脅迫か　福岡（テレビ朝日系（ANN））,https://news.yahoo.co.jp/articles/cb428950a6adade9a55390718f2e7514a20201b8,https://newsatcl-pctr.c.yimg.jp/t/amd-img/20260721-00000064-ann-000-8-thumb.jpg?exp=10800,2026-07-21T18:54:42+09:00,2026-07-21T23:08:37+09:00,テレビ朝日系（ANN）,ann,テレビ朝日系（ANN）,247,"All Nippon NewsNetwork(ANN)
「事務所に火を付ける」などと脅迫電話を掛けた疑いです。

　警察によりますと、脅迫や威力業務妨害の疑いで逮捕されたのは北九州市の職業不詳・竹内直久容疑者（64）です。

　竹内容疑者は自宅近くの公衆電話から筑後市にある福岡県議会の蔵内勇夫議長の事務所に電話を掛け、対応した男性職員（64）に事務所に火を付けるなどと脅して業務を妨害した疑いが持たれています。

　竹内容疑者は「全く身に覚えはありません」と容疑を否認しています。
テレビ朝日",[],[]
親イラン武装組織が宣言　紅海の“海上封鎖”原油高騰か（テレビ朝日系（ANN））,https://news.yahoo.co.jp/articles/5dcfef9b021826086b82ee9215c1652473974549,https://newsatcl-pctr.c.yimg.jp/t/amd-img/20260721-00000065-ann-000-6-thumb.jpg?exp=10800,2026-07-21T18:53:49+09:00,2026-07-21T23:24:40+09:00,テレビ朝日系（ANN）,ann,テレビ朝日系（ANN）,1051,"All Nippon NewsNetwork(ANN)
現在、ホルムズ海峡が封鎖されていますが、今度はこれに代わる原油の輸送路として使われている海峡も封鎖になる可能性が出ています。原油価格はどうなってしまうのでしょうか。

■親イラン武装組織が宣言

フーシ派報道官　ヤヒヤ・サリー氏
「イエメン軍は『包囲には包囲で応じる』という原則に基づき、犯罪的なサウジアラビアに対する海上航行の禁止を宣言する」

　中東イエメンを拠点とする新イラン武装組織「フーシ派」は長年、緊張状態にあるサウジアラビアへの報復として“海上封鎖”を宣言しました。

　場所の詳細は明らかとなっていませんが、懸念となっているのは海上交通の要所「バブエルマンデブ海峡」の封鎖です。

野村総合研究所　エグゼクティブエコノミスト　木内登英さん
「特に日本にとっては非常に深刻な事態だと言える」

　国内外の経済・金融情勢に詳しい野村総合研究所の木内登英さんは、その影響は大きいと分析します。

野村総合研究所　エグゼクティブエコノミスト　木内登英さん
「仮にバブエルマンデブ海峡が封鎖されて原油の輸出が止まると、世界の原油供給の7％程度が停止してしまう」

　アメリカとイランによる攻撃の応酬が始まる前、原油などが通る海峡はマラッカ海峡が29.1％、ホルムズ海峡が26.2％、そしてバブエルマンデブ海峡は5.3％でした。

野村総合研究所　エグゼクティブエコノミスト　木内登英さん
「従来は5％ぐらいだったと思うが、戦争後はサウジアラビアがパイプラインで湾岸から紅海の西に運んでくるのが増えたので7％ぐらいとされている」

　ホルムズ海峡を通るルートの代わりとして重要な位置にあったバブエルマンデブ海峡。

　その封鎖は日本にとって大きな影響を与えると話します。

野村総合研究所　エグゼクティブエコノミスト　木内登英さん
「ホルムズ海峡が封鎖された後、政府は外交力を生かして代替ルートでの（原油）調達を進めていた。半分がアメリカ、半分が中東でおそらくほとんどがこの紅海ルート、バブエルマンデブ海峡を通じて輸入しているものだったと思う。仮にそれが止まると、今、日本が調達している原油の半分が一気になくなってしまう可能性がある」

　再び原油高騰なども懸念されます。

野村総合研究所　エグゼクティブエコノミスト　木内登英さん
「将来、原油が十分に調達できなくなるという不安で、企業が石油関連製品の減産に強める可能性がある」
テレビ朝日",[],[]
英で世界最大級の航空ショーが開幕　ドローンの存在感高まる　ウクライナ企業も出展（テレビ朝日系（ANN））,https://news.yahoo.co.jp/articles/38b822f971db678b3ac8562f6d989ef005124792,https://newsatcl-pctr.c.yimg.jp/t/amd-img/20260721-00000062-ann-000-2-thumb.jpg?exp=10800,2026-07-21T18:49:42+09:00,2026-07-21T19:49:20+09:00,テレビ朝日系（ANN）,ann,テレビ朝日系（ANN）,448,"All Nippon NewsNetwork(ANN)
イギリスで世界最大級の航空ショーが開幕しました。ウクライナや中東で戦争が続くなか、軍用機やドローンの存在感が高まっています。

　ファンボロー国際航空ショーには今回、過去最多の1600社が参加しています。このうち防衛関連企業は、これまでの40％から50％に増加しました。

　また、ドローンを出展する企業も前回の36社から約1.5倍の53社に増えました。

　ウクライナ企業のブースでは実戦で使われているドローンが展示され、担当者が来場者への説明に追われていました。

　ボーイングは開発中の無人戦闘機「MQ28＝ゴーストバット」の実物を初めて展示しました。こちらも関心を集めていました。

　一方、日英イタリアが共同開発している次期戦闘機の実物大の模型も展示され、小泉防衛大臣が視察しました。

　このほか、防衛装備庁が初めてブースを出し、3Dプリンターで作るシェルターや電磁波を通さない繊維など日本の技術をアピールしました。
テレビ朝日",[],[]
日本EEZ内 中国が射撃訓練 官房長官「危険を及ぼしうる」 演習活発化の狙いは?（テレビ朝日系（ANN））,https://news.yahoo.co.jp/articles/abd17fc6404d33fcaa6aae6390d71f2f6961eac4,https://newsatcl-pctr.c.yimg.jp/t/amd-img/20260721-00000063-ann-000-4-thumb.jpg?exp=10800,2026-07-21T18:47:50+09:00,2026-07-21T23:24:35+09:00,テレビ朝日系（ANN）,ann,テレビ朝日系（ANN）,1172,"All Nippon NewsNetwork(ANN)
中国の駆逐艦が日本のEEZ（排他的経済水域内）内で射撃訓練を行ったことが分かりました。今、中国が軍事演習を活発化する狙いは、どこにあるのでしょうか。

■官房長官「危険を及ぼしうる」

　防衛省が提供した写真には左側に中国海軍のミサイル駆逐艦。右側にロシア海軍のフリゲート艦が写っていました。

　中ロの海軍がそろって何をしているのか…。

　日本時間の20日夜、イギリスを訪問中の小泉防衛大臣が講演で明らかにしました。

小泉防衛大臣
「今この瞬間も中国とロシアの海軍艦艇が日本周辺海域で共同航行作戦を実施している。両国は週末、日本の排他的経済水域内で実弾演習を行った」

　中国とロシアによる軍事演習。防衛省によりますと、19日、沖ノ鳥島の南西約330キロの海域で中ロの艦艇が合わせて4隻確認されました。

　そしてその後、中国のミサイル駆逐艦が日本の排他的経済水域の中で機関銃による射撃訓練を行ったといいます。

木原官房長官
「中国海軍の艦艇から周辺の船舶に対し、訓練の直前に射撃訓練を実施する旨と期間・場所について無線により連絡があり、警戒・監視中であった海上自衛隊の護衛艦が聴取している。政府としては、周辺の船舶の航行に危険を及ぼし得るものとして中国に対し、外交ルートを通じて申し入れを実施した」

　中国とロシアは先月から今月にかけても爆撃機の共同飛行や海軍の共同演習を実施しています。

木原官房長官
「今回の共同航行についても両軍の軍事面での連携強化に向けた動きの一環であると認識。海上自衛隊の艦艇及び航空機により適切に警戒・監視・情報収集を実施」

■なぜ今　演習活発化の狙いは？

　さらに中国は今月6日、戦略原子力潜水艦から訓練用の模擬弾頭を搭載したミサイルを太平洋に向けて発射しています。

　軍事演習を活発化させる狙いはどこにあるのでしょうか。

中国総局　尾崎圭朗記者
「中国は着々と軍備を増強している。中国は防衛政策などを巡って、日本が最近『新型軍国主義の道を進んでいる』などと批判。中国側の狙いとして、アメリカやフィリピンなどとの連携を強める日本への牽制（けんせい）。中国は習氏の悲願である『台湾統一』に向けて準備を進めている。アメリカや日本を定期的に牽制するような行動が有効かつ必要だとみている。ウクライナ侵攻を巡って味方が少なくなったロシアを助けるような形で接近。お互いの思惑が一致しながら軍事面での連携を強化している」

　中国は日本側の申し入れに対して「沖ノ鳥島は島ではなく岩なのでEEZを主張できない」と従来の主張を繰り返したうえで、合法的な行動を中傷し脅威をあおり立てることで再軍事化を加速させる口実を探していると反発しています。
テレビ朝日",[],[]
工場で火災 爆発音も　 住宅街に迫る激しい黒煙　千葉・野田市（テレビ朝日系（ANN））,https://news.yahoo.co.jp/articles/b55278f007fdaaf9f97a09632101c5b1019ff066,https://newsatcl-pctr.c.yimg.jp/t/amd-img/20260721-00000061-ann-000-7-thumb.jpg?exp=10800,2026-07-21T18:29:51+09:00,2026-07-22T01:58:45+09:00,テレビ朝日系（ANN）,ann,テレビ朝日系（ANN）,652,"All Nippon NewsNetwork(ANN)
千葉県野田市のプラスチック工場で火の手が上がり、隣接する住宅に迫りました。大きな黒煙に現場は騒然となりました。

■工場で火災　爆発音も

　ANNのカメラが異変を捉えたのは21日午後1時半すぎ。千葉県を映したカメラに黒煙が高々と上がります。

　20分ほど後、現場へ向かうヘリも黒煙を映します。火元へ向かうと黒い煙と赤い炎に包まれています。

　さらに、住宅街のすぐ近くまで迫る火を映します。

　別の映像でも火が住宅のすぐ近くまで来ているのが分かります。

　車に迫る煙と炎を懸命に消火する様子も。

撮影者
「タイヤとかが燃えている臭いがした。時折、火柱が上がっているのが撮影したところから見えた」

周辺住民
「家にいたけど消防が中に入ってきた。びっくりして見たら、こっち側が真っ黒だった。時々、爆発音が起きた」

　119番通報があったのは午後1時ごろ。

119番通報
「ダクトから火が出ました。煙がひどいです。従業員は7人くらいです」

　警察と消防によりますと、千葉県野田市のプラスチック工場で火事がありました。

周辺住民
「（Q.何の施設ですか？）会社だよね。プラスチックか何か」

　火災前の工場を見ると、商品のようなものが高く積み上げられ、火元かどうかは分かりませんがダクトも見えます。

　近くには住宅地が広がっています。

　これまでにけがをした人や逃げ遅れた人がいるという情報は入っていないということです。
テレビ朝日",[],[]
骨太の方針「財政健全化」消えた理由説明　官房長官（テレビ朝日系（ANN））,https://news.yahoo.co.jp/articles/064be44d5d0cd40be09d6048e3168d75705a9f3e,https://newsatcl-pctr.c.yimg.jp/t/amd-img/20260721-00000058-ann-000-2-view.jpg?exp=10800,2026-07-21T18:17:42+09:00,2026-07-21T18:41:25+09:00,テレビ朝日系（ANN）,ann,テレビ朝日系（ANN）,562,"""骨太の方針「財政健全化」消えた理由説明　官房長官""
2026年の「骨太の方針」で従来使ってきた「財政健全化」の文言を「財政の持続可能性」に改めた理由について、木原官房長官は国際的に広く使われている用語に統一したと説明しました。

木原官房長官
「『財政健全化』という文言についてですが、IMF（国際通貨基金）や世界銀行などの国際機関や諸外国でも広く用いられている『財政の持続可能性』に焦点を当てて用語の統一を図る」

　木原長官は財政運営の中核となる目標を「総債務残高対GDP（国内総生産）比の安定的な低下」とし、これによって財政の持続可能性を実現していく考えを示しました。

　また、骨太の方針の注釈に日銀の独立性に関する文言を追加したことについて「与党からの意見や指摘を踏まえた修正の1つ」と説明しました。

　そのうえで、「金融政策の具体的な手法は日銀に委ねられるべき」との政府の立場は高市政権発足以降、一貫して変わっておらず、こうした姿勢が市場からの信認の確保につながるとの認識を示しました。

　文言の修正を巡っては、6月下旬に骨太の方針の原案が公表された際、政府が日銀を牽制しているとの受け止めが市場で広がり、長期金利の上昇や円安が進んだことから、日銀の自主性に配慮した修正だとの見方が出ています。
テレビ朝日",[],[]
日本の申し入れ　断固受け入れず　中国が反発　「沖ノ鳥島は島ではなく岩」（テレビ朝日系（ANN））,https://news.yahoo.co.jp/articles/3dcd1c3a58be43cf2065ae6adb3709ffd77ca18f,https://newsatcl-pctr.c.yimg.jp/t/amd-img/20260721-00000059-ann-000-8-thumb.jpg?exp=10800,2026-07-21T18:16:43+09:00,2026-07-21T20:05:03+09:00,テレビ朝日系（ANN）,ann,テレビ朝日系（ANN）,397,"All Nippon NewsNetwork(ANN)
日本のEEZ（排他的経済水域）で中国の軍艦が実施した射撃訓練に対する日本の申し入れについて、中国外務省は「断固として受け入れない」と反発しました。

中国外務省　林剣報道官
「日本側のいわゆる懸念には全く根拠がなく、中国はこれを断固として受け入れない」

　防衛省によりますと、19日、中国の軍艦が沖ノ鳥島南西の日本のEEZ内で射撃訓練をし、日本政府は「周辺に危険を及ぼす」として外交ルートで申し入れをしました。

　これに対して中国外務省は21日、「沖ノ鳥は島ではなく岩で、EEZや大陸棚を主張することはできない」と従来の主張を繰り返し、射撃訓練は「公海上の活動で合法だ」と強調しました。

　また、「日本は外部からの脅威をあおり立て、再軍事化を加速させている」と主張し、「国際社会は警戒を強めるべきだ」と呼び掛けています。
テレビ朝日",[],[]
“チェス界女王”が大統領候補辞退　改憲案で退任のハンガリー大統領首相が要請（テレビ朝日系（ANN））,https://news.yahoo.co.jp/articles/458ab6bcd5a14b5fff02c2a94d58b091e6f0f13d,https://newsatcl-pctr.c.yimg.jp/t/amd-img/20260721-00000060-ann-000-3-view.jpg?exp=10800,2026-07-21T18:15:47+09:00,2026-07-21T18:24:36+09:00,テレビ朝日系（ANN）,ann,テレビ朝日系（ANN）,461,"""“チェス界女王”が大統領候補辞退　改憲案で退任のハンガリー大統領首相が要請""
「チェス界の女王」のユディット・ポルガー氏がハンガリーのマジャル首相からの次期大統領候補の要請を辞退していたことが分かりました。

　今月13日、ハンガリーの議会が強権的なオルバン前首相の「操り人形」と批判されていたシュヨク氏の大統領任期を打ち切る憲法改正案を可決しました。

　シュヨク氏がこの改憲案に自ら署名したため、現在、大統領のポストが空席となっています。

　マジャル首相はチェス界の女王として知られるポルガー氏を「ハンガリーを団結させるためのリーダーにふさわしい」と次期大統領に推薦していました。

　しかし20日、ポルガー氏はマジャル首相との面会で要請を辞退していたことが分かりました。

　ポルガー氏は自身のSNSで要請に感謝する一方、「分裂した国を統一するという歴史的な重責を負う力が私にはないと感じている」とコメントしています。

　ハンガリーの議会は退任から30日以内に新しい大統領を選出する必要があります。
テレビ朝日",[],[]
骨太の方針「財政健全化」　消えた理由説明　官房長官（テレビ朝日系（ANN））,https://news.yahoo.co.jp/articles/4da50514ae84dad1c63416b8076be0259585e11c,https://newsatcl-pctr.c.yimg.jp/t/amd-img/20260721-00010021-annd-000-1-view.jpg?exp=10800,2026-07-21T18:14:10+09:00,2026-07-21T18:14:10+09:00,テレビ朝日系（ANN）,ann,テレビ朝日系（ANN）,532,"テレ朝NEWS
2026年の「骨太の方針」で、従来使ってきた「財政健全化」の文言を「財政の持続可能性」に改めた理由について、木原官房長官は国際的に広く使われている用語に統一したと説明しました。

木原官房長官
「『財政健全化』という文言についてですが、IMFや世界銀行などの国際機関や諸外国でも広く用いられている『財政の持続可能性』に焦点を当てて用語の統一を図る」

木原長官は、財政運営の中核となる目標を「総債務残高対GDP比の安定的な低下」とし、これによって財政の持続可能性を実現していく考えを示しました。

また骨太の方針の注釈に日銀の独立性に関する文言を追加したことについて、「与党からの意見や指摘を踏まえた修正の1つ」と説明しました。

その上で、「金融政策の具体的な手法は日銀に委ねられるべき」との政府の立場は、高市政権発足以降、一貫して変わっておらず、こうした姿勢が市場からの信認の確保につながるとの認識を示しました。

文言の修正をめぐっては、6月下旬に「骨太の方針」の原案が公表された際、政府が日銀を牽制しているとの受け止めが市場で広がり、長期金利の上昇や円安が進んだことから、日銀の自主性に配慮した修正だとの見方が出ています。
テレビ朝日報道局",[],[]
日本の申し入れ　断固受け入れず　中国が反発「沖ノ鳥島は島ではなく岩」（テレビ朝日系（ANN））,https://news.yahoo.co.jp/articles/dcedd41934fe24b53f53e5a7fd4bd1f4c69790cb,https://newsatcl-pctr.c.yimg.jp/t/amd-img/20260721-00010020-annd-000-1-view.jpg?exp=10800,2026-07-21T18:08:04+09:00,2026-07-21T18:08:04+09:00,テレビ朝日系（ANN）,ann,テレビ朝日系（ANN）,374,"テレ朝NEWS
日本のEEZ＝排他的経済水域で中国の軍艦が実施した射撃訓練に対する日本の申し入れについて中国外務省は「断固として受け入れない」と反発しました。

中国外務省林剣報道官
「日本側のいわゆる懸念には全く根拠がなく、中国はこれを断固として受け入れない」

防衛省によりますと19日、中国の軍艦が沖ノ鳥島南西の日本のEEZ内で、射撃訓練をし、日本政府は「周辺に危険を及ぼす」として、外交ルートで、申し入れをしました。

これに対して中国外務省は21日、「沖ノ鳥は島ではなく岩で、EEZや大陸棚を主張することはできない」と、従来の主張を繰り返し、射撃訓練は「公海上の活動で合法だ」と強調しました。

また「日本は外部からの脅威を煽り立て、再軍事化を加速させている」と主張し「国際社会は警戒を強めるべきだ」と呼びかけています。
テレビ朝日報道局",[],[]
名誉教授がロマンス詐欺被害に　900万円以上だまし取られる　マンションも売却（テレビ朝日系（ANN））,https://news.yahoo.co.jp/articles/cbdc01f5c5bf3319a6b0052ffdb6ab0a581c926f,https://newsatcl-pctr.c.yimg.jp/t/amd-img/20260721-90195492-ann-000-3-view.jpg?exp=10800,2026-07-21T18:06:16+09:00,2026-07-21T18:51:16+09:00,テレビ朝日系（ANN）,ann,テレビ朝日系（ANN）,1375,"名誉教授がロマンス詐欺被害に　900万円以上だまし取られる　マンションも売却
「自分は大丈夫」その思い込みこそが落とし穴でした。法律を専門とする大学の名誉教授がロマンス詐欺の被害に遭い、900万円以上をだまし取られました。
【画像】「名古屋生まれの37歳。独身」名誉教授がロマンス詐欺被害
きっかけはSNSへの投稿
香川大学　高倉良一名誉教授（71）
「自分は賢いと思って、自分の能力に対する過信というか、そんなところを逆に見事につかれて、相手からやられてしまったなと」

　実名で被害を赤裸々に語ってくれたのは、香川大学の名誉教授・高倉良一さん（71）。法律を専門に50本以上の論文を執筆してきた法のスペシャリストです。

　高倉さんは独身。ロマンス詐欺の被害に遭うきっかけとなったのは、何気なく行ったSNSへの投稿でした。

「（大学を）定年退職して、研究室を片付けていたんです。その模様をフェイスブックにのせて。それを見て、私のほうに連絡があった」

　メッセージを送ってきたのは、中国に住む「愛子」と名乗る人物。「本の断捨離に興味がある」という内容が書かれていました。

LINEのやりとり
「私は名古屋生まれで、現在37歳で、独身女性です」
「高倉さんも私を愛子と呼んでもいいですよ」

　やりとりを重ねる過程で、愛子は失恋の悩みを打ち明け、高倉さんのことを「兄さん」と呼ぶようになります。「平和」や「人権」について語り合い、2人は少しずつ距離を縮めていきました。

「平和な社会を目指すためには300年くらいかかると。そういうものをかなり長文で送ったのですが、（愛子が）非常に同感し興味を示してくれた。それで“志を共にする”『同志』のような存在だと感じた」
マンションも売却
知り合って11日後。愛子が切り出してきたのは、投資の話でした。

「私の伯父さんが有名な経済学の専門家で、金融業界で他人が入手できない情報を入手できる幅広い人脈を持っています」

　誘いを受け、指定された口座に5万円を振り込んだという高倉さん。すると、愛子は投資アプリを使って、お金が順調に増えていると架空の情報を見せつつ、さらに振り込むよう促してきたといいます。

　こうして高倉さんが5カ月間で振り込んだ金額は900万円以上。友人から350万円を借り、マンションを売却して工面したお金でした。

「マンションを売却して、（最後の振り込みは）190万円だったかな」

　しかしその後、愛子から連絡がくることはありませんでした。

「連絡途絶えた時点で、この女性のことをインターネットで調べてみたら、写真が出てきて、この人物が詐欺をしていると」
被害者の75％が40代〜60代
警察庁によると、SNS型投資・ロマンス詐欺の被害額は去年1800億円を超えて過去最悪となっています。

　ロマンス詐欺の被害者の75％は、40代から60代です。

「銀行で、詐欺ではないかと声をかけられたりするんだけども、窓口に行くまでの間に（愛子との）信頼関係が出来上がっているから、そういわれても全く揺るがない」

　現在、高倉さんは自身の体験を講演活動などで伝え、ロマンス詐欺の被害を1人でも減らせるよう活動したいとしています。

（2026年7月21日放送分より）
テレビ朝日",[],[]
福岡県議会・金銭授受疑惑　名指しされた県議が直撃に反論　「現金渡した」告発の県議は（テレビ朝日系（ANN））,https://news.yahoo.co.jp/articles/2fe22da8837839e5edc4ad66d922594037698482,https://newsatcl-pctr.c.yimg.jp/t/amd-img/20260721-90195483-ann-000-2-view.jpg?exp=10800,2026-07-21T18:00:37+09:00,2026-07-21T18:24:15+09:00,テレビ朝日系（ANN）,ann,テレビ朝日系（ANN）,1565,"福岡県議会・金銭授受疑惑　名指しされた県議が直撃に反論　「現金渡した」告発の県議は
福岡県議会の金銭授受疑惑で、金を受け取ったとして名指しされた県議が番組の取材に答え、疑惑を否定した。これに対し、疑惑を告発した県議は「わずかな時間に現金を渡した」と改めて反論した。
【画像】番組の取材に応じた福岡県議会の松本國寛県議と吉松源昭県議
福岡県議会　金銭授受疑惑
福岡県議会の議長ポストを巡る金銭授受疑惑で、新たな証言があった。果たして、金銭の授受はあったのか。

　福岡県議会の元議長・吉松源昭県議は、議長就任前に自民党県議団幹部から「根回し代」などとして、およそ2000万円を要求されたと主張。

　中尾正幸現副議長、藏内勇夫現議長、自民党福岡県連会長の松本國寛県議らに2018年から2020年までに支払ったとしている。

　吉松県議は音声データを公開した上で「1000万円を持参するよう指示され、自民党県議団の松本氏、中尾氏に手渡した」と主張している。

　しかし、名指しされた松本県議は番組の取材に対し、「（金銭授受を主張する日は）本会議最終日で、そんな時間はなかった。中尾現副議長と吉松県議が部屋に入ってきたことはない」と疑惑を否定。

　これに対し、吉松県議は「時間が空いた隙間をついて、中尾さんが私を呼んだ。部屋の中には1分もいないぐらい」と反論している。

　県の関係者によると、「県政関係者の間では、現金の受け渡しは有名な話。議長は1000万円、副議長は500万円を就任時に払い、政治資金パーティーで回収すればトントンになる」と話していたという。
県と県議会を巡る問題続出
続いて、福岡県と県議会との関係についてみていく。今年に入り、福岡県と県議会の間で問題が相次いでいる。

　まずは、これまで紹介してきた「議長のポストを巡る金銭授受疑惑」。そして「公費による高額な海外視察」。さらに「県幹部職員の互助会が、職員の給与天引きで議長や副議長らの政治資金パーティー券を購入」した問題。

　他にも、不適切な支出に関する問題もある。

　福岡県では、2021年度から2025年度にかけて、講演会などでの講師への謝礼金として「講演の講師の謝金」に、実態のない打ち合わせなどの費用を上乗せした不適切な支出が89件あったという。
多くは「ワンヘルス」事業
不適切な支出のうち、多くは「ワンヘルス」事業と呼ばれるものだった。

　ワンヘルスとは「人の健康」「動物の健康」「環境の健全性」を1つの健康と捉え守っていく考え方で、福岡県は全国に先立ち「ワンヘルス推進基本条例」を制定した。

　そんなワンヘルス関連の不適切な支出が続出している。県の不適切支出89件のうち、ワンヘルス関連は半数近い42件。謝礼金規定は講演1時間当たり最大9000円だが、ワンヘルス関連では、およそ7割が5万円を超えていた。

　資料作成などの時間を加え、謝礼を水増しし、10万円以上支払ったケースもあるという。

　福岡県議に対しても不適切な支出があった可能性がある。

　藏内氏はワンヘルスを推進。県の発表によると、議長就任前の2024年11月16日の講演の謝礼は10万円だったが、金額に合わせる形で作業時間を調整。

　内訳は、講演が55分で5500円、打ち合わせや資料作成に15時間45分かかったとして、9万4500円だったとしているが、打ち合わせの実態はなかったという。

　福岡県の服部誠太郎知事は14日、「学会等での教授への謝金などを参考に額を定めたと説明を受けている。藏内氏だから10万円だったとは思っていない」と話し、不適切な支出であることは認めたものの、払い過ぎではないと説明している。

（2026年7月21日放送分より）
テレビ朝日",[],[]
杜このみ、夫・高安との“ラブラブエピソード”を明かす！「一番のファンでいようねって言ってくれている」（テレビ朝日系（ANN））,https://news.yahoo.co.jp/articles/ed014ebb493f3e219126947d6c46b75ce214af42,https://newsatcl-pctr.c.yimg.jp/t/amd-img/20260721-90195517-ann-000-1-view.jpg?exp=10800,2026-07-21T17:36:17+09:00,2026-07-21T17:36:17+09:00,テレビ朝日系（ANN）,ann,テレビ朝日系（ANN）,721,"杜このみ、夫・高安との“ラブラブエピソード”を明かす！「一番のファンでいようねって言ってくれている」
演歌歌手の杜このみ（37）が21日、東京・VSING渋谷で、新曲「告白」（7月22日発売）の発表会を行った。
【画像】杜このみ、夫・高安との“ラブラブエピソード”を明かす!「一番のファンでいようねって言ってくれている」
杜は2013年に「三味線わたり鳥」でデビュー。同年に「第55回日本レコード大賞」で新人賞を受賞した。

新曲では、“あなたが好きです”というまっすぐで切ない恋心を表現。この日は、抽選に当選したファン15人の前で初披露した。

杜は、大相撲・高安（36=田子ノ浦部屋）と2020年8月に結婚。夫はいつも応援してくれているといい、「『全然違った職業であるからこそ、お互いがお互いの一番のファンでいようね』って言ってくれている。新曲もすごくいい作品だって。『俺に対する気持ち?』って言われたんですけど、これはファンの皆さんへの思いって言ったんです。そうしたら、でも自分もファンだって言われて、良かったと思いました」と夫とのエピソードをうれしそうに明かした。

夫へのメッセージを求められると、「幕内最年長になったので、真摯に相撲道に向き合う姿を後輩に見てもらって、相撲界を引っ張ってもらえるように…。でもとにかく体には気を付けて千秋楽まで、ケガしないよう頑張ってもらいたいです」と言葉を送った。

全国各地で真夏日が続いているが、暑さ対策を聞かれると、「何をやっても暑いので、北極とか南極とかを想像するようにしています。もうすぐ北極に行けるって想像力を膨らませて、涼しいところを連想するようにしています」と語った。
テレビ朝日",[],[]
8月も高温続く見通し　去年より残暑は和らぐか　気象庁が3カ月予報発表（テレビ朝日系（ANN））,https://news.yahoo.co.jp/articles/2a133d9b1c9d3729d21da253e6c97d50f91828b8,https://newsatcl-pctr.c.yimg.jp/t/amd-img/20260721-00000056-ann-000-5-view.jpg?exp=10800,2026-07-21T17:34:48+09:00,2026-07-21T18:24:44+09:00,テレビ朝日系（ANN）,ann,テレビ朝日系（ANN）,489,"""8月も高温続く見通し　去年より残暑は和らぐか　気象庁が3カ月予報発表""
気象庁は8月から10月までの気候の見通しを発表し、8月は平年よりも高温になる可能性が高いとして引き続き十分な熱中症対策を取るように呼び掛けました。

　気象庁は今年8月から10月の気温について、全国的に暖かい空気に包まれるため、沖縄・奄美地方は高温で西日本から北日本でも平年並みか、それ以上になると予想しています。

　特に8月については沖縄・奄美地方から東日本にかけての広い範囲で高温となる可能性が高いとしています。

気象庁異常気象情報センター　経田正幸所長
「1年で気温が最も高い8月に関しては高温傾向を予想しています。暑さ対策、十分な熱中症対策をお願い致します」

　暑さの原因については地球温暖化に加え、南米のペルー沖の海水温が高くなる「エルニーニョ現象」により、日本付近の大気の温度が平年より約0.7度高いと説明しました。

　そのうえで、9月以降は偏西風が南寄りを流れるために気温が上がりにくくなるということで、北日本から西日本では去年ほどの残暑となる可能性は低いとしています。
テレビ朝日",[],[]
新築マンション 平均1億4249万円　東京23区（テレビ朝日系（ANN））,https://news.yahoo.co.jp/articles/858f9c201f05672ba24f965757f9142ed092e042,https://newsatcl-pctr.c.yimg.jp/t/amd-img/20260721-00000057-ann-000-6-thumb.jpg?exp=10800,2026-07-21T17:34:20+09:00,2026-07-22T00:42:13+09:00,テレビ朝日系（ANN）,ann,テレビ朝日系（ANN）,396,"All Nippon NewsNetwork(ANN)
今年上半期の東京23区の新築マンションの平均価格が1億4000万円を超えました。過去最高額です。

　市場の動向を調査している不動産経済研究所によりますと、1月から6月に発売された東京23区の新築マンション1戸あたりの平均価格は前の年の同じ時期より9.1％高い1億4249万円でした。

　上半期としては過去最高額で4年連続の1億円超えです。

　工事費や人件費の上昇などが続いているためとみられます。

　また、神奈川県、千葉県、埼玉県を含めた首都圏全体の平均価格は1億135万円で、初めての1億円台です。

　物価上昇や人件費の高騰から今後もマンション価格は緩やかに上昇し続けるとみられています。

　不動産経済研究所は購入者の所得が安定して伸びれば、今後10年単位でみて2億円台の到達もあり得るとの見方を示しています。
テレビ朝日",[],[]
“危険運転”に数値基準　改正自動車運転処罰法が施行（テレビ朝日系（ANN））,https://news.yahoo.co.jp/articles/6473e208f1ee545c376eeedf508bcae1f3a90819,https://newsatcl-pctr.c.yimg.jp/t/amd-img/20260721-00000055-ann-000-5-view.jpg?exp=10800,2026-07-21T17:33:49+09:00,2026-07-21T17:40:02+09:00,テレビ朝日系（ANN）,ann,テレビ朝日系（ANN）,469,"""“危険運転”に数値基準　改正自動車運転処罰法が施行""
悪質な交通事故に適用される「危険運転致死傷罪」の要件に数値基準を導入した改正自動車運転処罰法が21日に施行されました。

　21日に施行された改正自動車運転処罰法では、危険運転致死傷罪を適用する速度や飲酒量の数値基準が盛り込まれました。

　高速度の運転について、最高速度が時速60キロ以下の道路では50キロ超過した場合、60キロ以上の道路では60キロ超過した場合とされました。

　加えて、飲酒運転でのアルコール濃度については呼気1リットルあたり0.5ミリグラム以上の場合などと定められています。

　これまで高速度の運転については「進行を制御することが困難な高速度」と規定されていましたが、数値基準ができたことで危険運転の適用要件がより明確になります。

　21日の閣議の後の会見で平口法務大臣は「危険・悪質な自動車運転による死傷事犯について、事案の実情に即したより厳格な対処を可能とするとともに抑止に資するもの」と話し、国民への分かりやすい広報に努めるとしました。
テレビ朝日",[],[]
8月も高温続く見通し　去年より残暑は和らぐか　気象庁が3カ月予報発表（テレビ朝日系（ANN））,https://news.yahoo.co.jp/articles/45f8de0fe52f17e9ffa1e77173c592fa0a4b7c40,https://newsatcl-pctr.c.yimg.jp/t/amd-img/20260721-00010019-annd-000-1-view.jpg?exp=10800,2026-07-21T17:21:46+09:00,2026-07-21T17:21:46+09:00,テレビ朝日系（ANN）,ann,テレビ朝日系（ANN）,462,"テレ朝NEWS
気象庁は8月から10月までの気候の見通しを発表し、8月は、平年よりも高温になる可能性が高いとして引き続き十分な熱中症対策をとるよう呼びかけました。

気象庁は、今年8月から10月の気温について、全国的に暖かい空気に包まれるため、沖縄・奄美地方は高温で西日本から北日本でも平年並みかそれ以上になると予想しています。

特に8月については沖縄・奄美地方から東日本にかけての広い範囲で高温となる可能性が高いとしています。

気象庁異常気象情報センター経田正幸所長
「1年で気温が最も高い8月に関しては高温傾向を予想しています。暑さ対策、十分な熱中症対策をお願いいたします」

暑さの原因については、地球温暖化に加えて、南米のペルー沖の海水温が高くなる「エルニーニョ現象」により、日本付近の大気の温度が平年よりおよそ0．7度高いと説明しました。

その上で、9月以降は偏西風が南寄りを流れるために気温が上がりにくくなるということで、北日本から西日本では去年ほどの残暑となる可能性は低いとしています。
テレビ朝日報道局",[],[]
杜このみが民謡の魅力を熱弁「先祖代々からつながってきている音楽なんです」（テレビ朝日系（ANN））,https://news.yahoo.co.jp/articles/165696b0187f9cedd98a0c5a54e3db7210e8219e,https://newsatcl-pctr.c.yimg.jp/t/amd-img/20260721-90195516-ann-000-1-view.jpg?exp=10800,2026-07-21T17:18:14+09:00,2026-07-21T17:18:14+09:00,テレビ朝日系（ANN）,ann,テレビ朝日系（ANN）,609,"杜このみが民謡の魅力を熱弁「先祖代々からつながってきている音楽なんです」
演歌歌手の杜このみ（37）が21日、東京・VSING渋谷で、新曲「告白」（7月22日発売）の発表会を行った。
【画像】杜このみが民謡の魅力を熱弁「先祖代々からつながってきている音楽なんです」
新曲では“あなたが好きです”というまっすぐで切ない恋心を表現。この日は、抽選に当選したファン15人の前で初披露した。

イベントでは、新曲のミュージックビデオが公開された。杜は「これまでの作品とは雰囲気が違って、レコーディング風景でナチュラルな雰囲気にしようってことで撮ってもらいました」と紹介した。

今回はジャケットとカップリング曲が異なる2タイプをリリース。「以前は2パターンや4パターン発売させていただくことが多かったんですが、最近はシングルのみって形で、久しぶりの2パターンの発売ってことで、カップリング曲が違うので、ぜひご注目いただけたら」とアピールした。

Bタイプには、富山県の民謡「こきりこ節」のジャズバージョンが収録されており、この日も歌唱。「民謡は敷居が高く感じるって声が多くあるけど、先祖代々からつながってきている音楽なんです。身近な音楽ってことを知っていただきたくて、ジャズバージョンに挑戦しました」と語った。そして「民謡って楽しいんです!　歌いたいように歌うのが民謡の魅力なのかなと感じます」と笑顔を見せていた。
テレビ朝日",[],[]
【経緯】南鳥島沖6000mの海底泥から重レアアース　近く分析結果を公表へ（テレビ朝日系（ANN））,https://news.yahoo.co.jp/articles/a6b4ae906837ec55f59efd63afd9a9fb118fd313,https://newsatcl-pctr.c.yimg.jp/t/amd-img/20260721-90195514-ann-000-2-view.jpg?exp=10800,2026-07-21T17:15:30+09:00,2026-07-21T17:33:15+09:00,テレビ朝日系（ANN）,ann,テレビ朝日系（ANN）,1395,"【経緯】南鳥島沖6000mの海底泥から重レアアース　近く分析結果を公表へ
今年2月に南鳥島沖の海底から回収された泥から、希少なレアアースが確認されたことが分かりました。近く分析結果が公表される見通しです。
【独自】南鳥島沖の泥から重レアアースを確認　近く分析結果を公表
南鳥島沖の泥から重レアアースを確認
2月、探査船「ちきゅう」が南鳥島周辺の深さ6000メートルの海底から泥を回収し、海洋研究開発機構は成分の分析を行いました。

　関係者によりますと、当時回収された泥からは半導体の製造装置などに使用されるイットリウムなど重希土類と分類される希少なレアアースが確認されたということです。

　世界の供給を握る中国はこうしたレアアースへの輸出規制を続けていて、政府は供給元の多角化を進めています。南鳥島沖では、過去に行われた海底の地質調査でイットリウムなどのレアアースが確認されていました。

　今回、回収した泥からも希少なレアアースが確認されたことで事業化に向けた動きが加速することになります。内閣府は、来年2月の実証試験で事業として採算が取れるのかなど、経済性を評価する予定です。

（7月21日更新）
レアアース泥の回収成功　映像を公開
2月2日、探査船「ちきゅう」がレアアースを含む泥の回収に成功し、海洋研究開発機構は泥を採取する様子の一部始終を公開しました。

　取り出した容器には茶色の泥が詰まっています。これはJAMSTEC（海洋研究開発機構）の探査船「ちきゅう」が南鳥島近海の水深約6000メートルで採取に成功したレアアースが含まれる泥です。

　1月12日に出航していた探査船「ちきゅう」は深さ6000メートルの海底までパイプを伸ばし、海水を送り込むことで海底で固まっていた泥を崩し、回収しやすい状態にして船に引き上げるシステムを備えています。

（2月2日更新）
探査船が南鳥島沖に向け出航
1月16日、南鳥島周辺の海底からレアアースを含む泥を吸い上げる試験を行うため、探査船「ちきゅう」が静岡県の清水港から出航しました。

　「ちきゅう」は数日かけて南鳥島に向かい、水深6000メートルでレアアースが含まれる泥を採取する独自のシステムの試験を行います。

　実際に水深6000メートルの圧力がかかる場所でも機能するかなどを検証します。

　内閣府戦略的イノベーション創造プログラムの石井正一プログラムディレクターは、「世界初の連続的に6000メートルの海底からレアアース泥を揚泥するという大きな課題をクリアしたい」と話しています。

（1月16日更新）
「国産レアアース」求め世界初の試みが始動
レアアースの国産化を目指す一大プロジェクトが、東京から遠く離れた南鳥島周辺で、本格的に動き出しました。

　これまで、資源探査や海底の掘削調査などを行ってきた、地球深部探査船「ちきゅう」。南鳥島沖には、「産業開発が可能な規模のレアアース」が眠っているとされ、今回、試験的に採掘し将来の国産化を目指します。

　レアアースは、高性能の磁石や光学機器などに使われ、電気自動車やパソコン、スマートフォン、防衛分野では戦闘機など、ハイテク製品に欠かせない鉱物資源ですが、その生産は実質的に中国の独占状態で、外交の取引材料として利用されてきました。

（1月11日放送）
テレビ朝日",[],[]
本田翼、推し活で韓国へ「なんて輝いているんだろうって元気をもらえた」（テレビ朝日系（ANN））,https://news.yahoo.co.jp/articles/8ae8a39e693545930b22b63da06667ff5980603a,https://newsatcl-pctr.c.yimg.jp/t/amd-img/20260721-90195515-ann-000-3-view.jpg?exp=10800,2026-07-21T17:12:16+09:00,2026-07-21T20:27:15+09:00,テレビ朝日系（ANN）,ann,テレビ朝日系（ANN）,627,"本田翼、推し活で韓国へ「なんて輝いているんだろうって元気をもらえた」
俳優で歌手の亀梨和也（40）、女優の本田翼（34）が21日、都内で行われた「ローレンス グラフ シグネチャー コレクション」新作披露イベントに出席した。
【画像】本田翼、推し活で韓国へ「なんて輝いているんだろうって元気をもらえた」
英ロンドンに本店を構え、21世紀の“キング オブ ダイヤモンド”と評される極上のダイヤモンドの数々を生み出し続けている「グラフ」の新作お披露目イベント。

二人はダイヤに絡めた「今一番輝いていると感じる瞬間」という質問にも回答した。亀梨は「今、アルバムをリリースして全国ツアーをやらせていただいている」とし、「たくさんのスタッフの皆さんと準備して、ファンの皆さんと実際に交わる時間というのは、輝かせてもらっている。きらびやかな時間を一緒に作らせてもらっているなと感じる。エネルギーをもらえている」とファンへの感謝を口にした。

一方で本田は、「私自身が輝いているというより、輝いている人たちに元気をもらったこと」と前置きし、「先日、TWICEさんのライブに行かせていただいた。韓国まで近藤春菜ちゃんと一緒に」と述懐。同グループのツアーファイナル来場のため渡韓したといい、「彼女たちの集大成のライブを見たときに、なんて輝いているんだろうって元気をもらえた。自分の大好きな人が頑張っている瞬間を見るのが、自分の輝きにもつながる」と声を弾ませた。
テレビ朝日",[],[]
”危険運転”に数値基準　改正自動車運転処罰法が施行（テレビ朝日系（ANN））,https://news.yahoo.co.jp/articles/61ce403d999d44606db737d674589e234170fa50,https://newsatcl-pctr.c.yimg.jp/t/amd-img/20260721-00010018-annd-000-1-view.jpg?exp=10800,2026-07-21T16:59:11+09:00,2026-07-21T16:59:11+09:00,テレビ朝日系（ANN）,ann,テレビ朝日系（ANN）,450,"テレ朝NEWS
悪質な交通事故に適用される「危険運転致死傷罪」の要件に数値基準を導入した改正自動車運転処罰法が21日に施行されました。

21日に施行された改正自動車運転処罰法では、危険運転致死傷罪を適用する速度や飲酒量の数値基準が盛り込まれました。

高速度の運転について、最高速度が時速60キロ以下の道路では50キロ超過した場合、60キロ以上の道路では60キロ超過した場合とされました。

加えて、飲酒運転でのアルコール濃度については、呼気1リットルあたり0．5ミリグラム以上の場合などと定められています。

これまで高速度の運転については、「進行を制御することが困難な高速度」と規定されていましたが、数値基準ができたことで危険運転の適用要件がより明確になります。

21日の閣議の後の会見で平口法務大臣は「危険・悪質な自動車運転による死傷事犯について、事案の実情に即したより厳格な対処を可能とするとともに、抑止に資するもの」と話し、国民へのわかりやすい広報に務めるとしました。
テレビ朝日報道局",[],[]
インド「ゴキブリ人民党」が首都で抗議デモ　警官と衝突し60人負傷（テレビ朝日系（ANN））,https://news.yahoo.co.jp/articles/b7b60a6d6d3673af0f869c3a0e881ac4914c02f6,https://newsatcl-pctr.c.yimg.jp/t/amd-img/20260721-00000053-ann-000-4-view.jpg?exp=10800,2026-07-21T16:57:19+09:00,2026-07-21T17:13:21+09:00,テレビ朝日系（ANN）,ann,テレビ朝日系（ANN）,452,"""インド「ゴキブリ人民党」が首都で抗議デモ　警官と衝突し60人負傷""
インドで政府に不満を持つ若者主導の団体「ゴキブリ人民党」の支持者らが大規模な抗議デモを行い、治安当局と衝突しました。

　「ゴキブリ人民党」は最高裁長官が失業中の若者を「ゴキブリ」に例えたことをきっかけに誕生しました。

　20日、ニューデリーで教育相の辞任を求めて数千人の支持者らが抗議デモを行いましたが、警察が催涙ガスや警棒など使ってデモを阻止しようとしたため、支持者らと衝突する事態となりました。

　インドメディアは参加者60人が負傷したほか、70人が当局に拘束されたと伝えています。

　今回の抗議活動は、5月に大学入試の試験問題が漏洩（ろうえい）し、およそ200万人が再試験を余儀なくされたことが発端でした。

　ロイター通信などによりますと、抗議デモは西部のムンバイや南部のバンガロールでも行われたということです。

　ゴキブリ人民党の活動は6月に初めて抗議が行われて以降、インド全土に急速に拡大しています。
テレビ朝日",[],[]
スーパーで妻を“刺殺”　59歳夫に懲役17年の判決　東京地裁立川支部（テレビ朝日系（ANN））,https://news.yahoo.co.jp/articles/36cc01ce0d28732111447686bddaca2b8bf6a18e,https://newsatcl-pctr.c.yimg.jp/t/amd-img/default.jpg?exp=10800,2026-07-21T16:55:59+09:00,2026-07-21T17:57:21+09:00,テレビ朝日系（ANN）,ann,テレビ朝日系（ANN）,322,"東京・清瀬市のスーパーで包丁で妻を殺害した罪に問われた男の裁判で、東京地裁立川支部は男に対して懲役17年の判決を言い渡しました。

　兼澤孝行被告（59）は去年4月、清瀬市元町のスーパーで妻の益代さん（当時56）の左胸などを包丁で複数回、刺して殺害した罪に問われています。

　今月21日の判決で東京地裁立川支部は、益代さんが兼澤被告の両親の金銭を使い込んだことによるトラブルがあったとした一方で、「十分な賠償が約束され、いったんは解決したと考えていたにもかかわらず殺害に至ったことは極めて短絡的で自己中心的な犯行」と指摘しました。

　そのうえで、「動機に組むべき事情は極めて乏しい」として、兼澤被告に懲役17年を言い渡しました。
テレビ朝日",[],[]
亀梨和也、SNSに苦戦中　本田翼に「今度教えて」（テレビ朝日系（ANN））,https://news.yahoo.co.jp/articles/2288b5f86af6b06aef0ddff6661d4f3d43d9acf6,https://newsatcl-pctr.c.yimg.jp/t/amd-img/20260721-90195513-ann-000-3-view.jpg?exp=10800,2026-07-21T16:42:15+09:00,2026-07-21T20:21:14+09:00,テレビ朝日系（ANN）,ann,テレビ朝日系（ANN）,521,"亀梨和也、SNSに苦戦中　本田翼に「今度教えて」
俳優で歌手の亀梨和也（40）、女優の本田翼（34）が21日、都内で行われた「ローレンス グラフ シグネチャー コレクション」新作披露イベントに出席した。
【画像】亀梨和也、SNSに苦戦中　本田翼に「今度教えて」
英ロンドンに本店を構え、21世紀の“キング オブ ダイヤモンド”と評される極上のダイヤモンドの数々を生み出し続けている「グラフ」の新作お披露目イベント。

二人はバングル、リングなどのアイテムを身につけて登場し、亀梨は「華やかで上品。すごく気持ちが高まる」とコメント。本田も「品をまとわせていただいている。心がシャキッとする」と笑顔を見せた。

ダイヤに絡め、“まだ磨かれていない自身の才能”についてもトーク。亀梨は「何年か前にSNSを始めた。（写真を）頑張って撮るけど、上げるタイミングがへたくそ。時間とかも…」と明かし、「写真フォルダにはすごいたまっている。このあたりはもう少し磨いていきたい」と意気込んだ。

これに本田が「予約投稿、日時指定というものがあります」とアドバイス。亀梨は「何それ?」と驚きながら、「今度教えてください。お勉強させて」と懇願していた。
テレビ朝日",[],[]
杜このみ、作曲家との驚きの出会いを告白「曲を作りたくないって思ってたって言われて…」（テレビ朝日系（ANN））,https://news.yahoo.co.jp/articles/26c15a030b9371c36e1c17f4dbcef9c0c9e45a00,https://newsatcl-pctr.c.yimg.jp/t/amd-img/20260721-90195512-ann-000-1-view.jpg?exp=10800,2026-07-21T16:30:35+09:00,2026-07-21T16:30:35+09:00,テレビ朝日系（ANN）,ann,テレビ朝日系（ANN）,926,"杜このみ、作曲家との驚きの出会いを告白「曲を作りたくないって思ってたって言われて…」
演歌歌手の杜このみ（37）が21日、東京・VSING渋谷で、新曲「告白」（7月22日発売）の発表会を行った。
【画像】杜このみ、作曲家との驚きの出会いを告白「曲を作りたくないって思ってたって言われて…」
杜は2013年に「三味線わたり鳥」でデビュー。同年に「第55回日本レコード大賞」で新人賞を受賞した。

新曲では、“あなたが好きです”というまっすぐで切ない恋心を表現。この日は、抽選に当選したファン15人の前で初披露した。

ファンがいる前で取材を受ける機会はあまりないといい、「（ファンの）皆さんもガチガチに緊張されている」と笑いつつ、「こういう機会は、なかなかないのでうれしいです」と語った。

新曲については「これまでにないぐらい、まっすぐでピュアな一曲になっています」とアピール。「皆様の応援してくださった思いを、大ヒットという結果に残せるよう、一生懸命頑張ります」と呼びかけた。

作曲は、日本作曲家協会で理事を務める杉本眞人氏が務めた。「いつか杉本先生に作品を作っていただきたいって、目標であり夢だったんですけど、先生は全然私のことを知ってくださっていなくて。『名前は知っているけど、どうせお相撲さんの奥さんと演歌歌手の二足のわらじだろって。そんな人に曲を作りたくないって思っていた』って言われて、すごく衝撃だったんです」と驚きの出会いを告白。「レコーディング前のキーを合わせる日に、杉本先生の前で初めて歌わせていただいて、立ち上がって『ちょっと待てよ、杜このみめちゃくちゃいいじゃないか』って言ってくださったのがめっちゃうれしくて…。『ここをこうすると、杜このみにしかない世界観を作れる』とかアドバイスをくれるようになった」と、自身の歌が認められたことをうれしそうに語った。

その後、杉本氏には「二足のわらじ、二足とも全力で履いているんです。誰にも負けない気持ちで履いています」と言ったという。「そうしたら、『お前は本当に強いな』って言われて、強い女って言われたのが初めてだったので、なんかうれしかったんです」とエピソードを明かした。
テレビ朝日",[],[]
日経平均　2000円超の値上がり　先週の反動からAI・半導体関連株広く買われ（テレビ朝日系（ANN））,https://news.yahoo.co.jp/articles/bb0a2146c8a7fc63fc07cc76df4ec882fb2ad10b,https://newsatcl-pctr.c.yimg.jp/t/amd-img/20260721-00000052-ann-000-4-view.jpg?exp=10800,2026-07-21T16:28:11+09:00,2026-07-21T23:09:12+09:00,テレビ朝日系（ANN）,ann,テレビ朝日系（ANN）,300,"""日経平均　2000円超の値上がり　先週の反動からAI・半導体関連株広く買われ""
日経平均株価は先週末より2091円高い、6万6232円で取引を終えました。

　日経平均は21日午後も上げ幅を拡大し、2000円以上値上がりしました。

　先週末、AI（人工知能）・半導体関連株が広く売られ、直近の2営業日で4500円余り値下がりした反動から買い戻す動きがみられました。

　また、20日のアメリカ市場や21日の韓国市場で主な半導体関連株が買われたことも追い風となりました。

　市場は来週から本格化する企業の決算発表に注目していて、それまでは不安定な値動きが続くと市場関係者はみています。
テレビ朝日",[],[]
東京都内で128人が熱中症で救急搬送　5人重症（テレビ朝日系（ANN））,https://news.yahoo.co.jp/articles/686be01546a7f10eb969ecf7cd3dd1a0669a9df9,https://newsatcl-pctr.c.yimg.jp/t/amd-img/20260721-00000051-ann-000-3-thumb.jpg?exp=10800,2026-07-21T16:22:18+09:00,2026-07-21T16:28:36+09:00,テレビ朝日系（ANN）,ann,テレビ朝日系（ANN）,219,"All Nippon NewsNetwork(ANN)
各地で厳しい暑さが続くなか、21日、東京都内では128人が熱中症で救急搬送されました。

　東京消防庁などによりますと、午後3時までに熱中症の疑いで救急搬送されたのは3歳から103歳の男女128人です。

　このうち5人が重症です。

　21日は今年最多の42都府県に熱中症警戒アラートが発表されていて、東京消防庁は喉が渇く前にこまめに水分補給するよう呼び掛けています。
テレビ朝日",[],[]
BE:FIRSTらが所属のBMSGの研修生がコンプラ違反で活動自粛（テレビ朝日系（ANN））,https://news.yahoo.co.jp/articles/7fe220fb3d81e165b73d0afd7cdffbea04d081b5,https://newsatcl-pctr.c.yimg.jp/t/amd-img/20260721-90195511-ann-000-3-view.jpg?exp=10800,2026-07-21T16:21:15+09:00,2026-07-21T18:06:16+09:00,テレビ朝日系（ANN）,ann,テレビ朝日系（ANN）,549,"BE:FIRSTらが所属のBMSGの研修生がコンプラ違反で活動自粛
音楽プロデューサーとして活躍するSKY-HIが代表取締役CEOを務め、BE:FIRSTらが所属するBMSGは21日、公式サイトでBMSG TRAINEE（トレーニー）のREN（19）に、コンプライアンス違反が判明したため、活動自粛することを発表した。

公式サイトには「BMSG TRAINEE RENに関するご報告とおわび」と題し、「このたび、BMSG TRAINEE RENに関して、コンプライアンス違反に該当する事実が判明したため、本日付けで一定期間の活動自粛とすることをご報告いたします」と伝えた。

続けて「日頃より応援してくださっているファンの皆様ならびに関係者の皆様に対して、突然のご報告になりましたことを心よりおわび申し上げます」と謝罪。「弊社としましても、今回の事態を真摯に受け止め、管理体制・コンプライアンス教育を一層強化し、再発防止に努めてまいります」とし、「改めまして、応援してくださっている皆様に深くおわび申し上げます」と記している。

BMSG TRAINEEは、BMSGのアーティスト育成方針のもと、デビューを目指す研修生のことで、HPにはRENを含め、23人のメンバーが掲載されている。
テレビ朝日",[],[]
【独占】久保建英が語る北中米W杯　「体格だけでサッカーしてない」日本と平均身長が変わらない決勝2チームのすごみ（テレビ朝日系（ANN））,https://news.yahoo.co.jp/articles/d445df81b6a1b48a064505d963a1a3695a2cdf88,https://newsatcl-pctr.c.yimg.jp/t/amd-img/20260721-90195500-ann-000-1-view.jpg?exp=10800,2026-07-21T16:21:15+09:00,2026-07-21T16:21:15+09:00,テレビ朝日系（ANN）,ann,テレビ朝日系（ANN）,1391,"【独占】久保建英が語る北中米W杯　「体格だけでサッカーしてない」日本と平均身長が変わらない決勝2チームのすごみ
サッカー日本代表の久保建英選手（25）が19日のサッカー教室で子どもたちと触れ合いました。ワールドカップでは初戦のけがもあり、悔しい経験をした久保選手。帰国後初めて、ワールドカップについて思いを語ってくれました。
【画像】オランダ戦で左ひざを負傷した久保建英
久保建英が語る北中米W杯
「勝ち進んでいれば、まだ日本代表もアメリカにいてもおかしくなかったと考えると、悔しい気持ちはもちろんあります。ただ現実も見ないといけないので、切り替えて次に向けて頑張りたい」

　自身2度目のワールドカップ。左ひざを負傷し、出場わずか1試合で大会を終えた久保選手。帰国後はワールドカップとどう向き合っているのでしょうか?

「朝にトレーニングがある日は、ワールドカップを見て、他の選手よりは見ている。選手によっては今ワールドカップを見たくない人もいますけど。きょう（19日）の朝も、フランス対イングランドの3位決定戦を見てから。僕は前半を見なかったんで、逆においしいところだけ見られて良かったかなと」
「今大会、大番狂わせがなかった」

　FIFAランキング1位と2位の対決となったスペインとアルゼンチンの決勝戦。実は平均身長が日本と変わらない両チームを、久保選手はどう見ているのでしょうか?

「体格だけでサッカーしてるわけではないことを体現してくれてる2チームなので、僕みたいな選手からすると、ありがたいけど。アルゼンチンは気迫、スペインはボール保持、戦術、個々のクオリティーも日本を凌駕（りょうが）している。日本が似ているから強くなれるというわけではないので、吸収できるものを吸収したい」
4年後のW杯へ　道標は
さらに、2度のワールドカップを経験し重要と考えたのが、チームの拠点・ベースキャンプ地でした。

「試合数やチームが多くなると、強いチームがより有利になってくる。ベースキャンプ地の選択がかぶって、上のチームから決めていくところでも、いい環境の候補地も選べて、移動距離が短くなる可能性もある。今後はポット1（開催国+強豪国）に入るかについても、FIFAランキングは大事」

　北中米3カ国と広大な地域で開催された今大会。ランキングの高いチームから優先的にキャンプ地を選ぶことができました。

　4年後の大会も3カ国開催のため同じルールの可能性があり、日本のランキングを上げる必要があるといいます。

「（来年1月）アジアカップがすぐあるので、一からメンバーが変わる可能性もある。日本代表のために戦える選手が残るべき。実力のある選手は残ることがサッカー界の常。下からいい選手も出てくると思いますし、日本代表はみんなが目指す場所。日本代表の椅子を守っていけるように頑張りたい」
来年1月アジアカップへ
久保選手は日本が敗退してからも、引き続きワールドカップを見て、色々なことを感じていたようでした。

大越健介キャスター
「スペインやアルゼンチンと体格的には変わらないけれども、彼らはトップを争っていて、久保選手はきっとその差を一生懸命考えて、模索しているのでしょう」

　そうなると、来年1月のアジアカップも楽しみです。

（2026年7月20日放送分より）
テレビ朝日",[],[]
福島・矢祭町に「レベル4土砂災害危険警報」　気象庁（テレビ朝日系（ANN））,https://news.yahoo.co.jp/articles/4a7548e23d24bdfa81961b4e73714710228a2e16,https://newsatcl-pctr.c.yimg.jp/t/amd-img/20260721-00000050-ann-000-2-thumb.jpg?exp=10800,2026-07-21T16:13:08+09:00,2026-07-21T16:23:29+09:00,テレビ朝日系（ANN）,ann,テレビ朝日系（ANN）,207,"All Nippon NewsNetwork(ANN)
気象庁は福島県矢祭町に「レベル4土砂災害危険警報」を発表しました。

　命に危険を及ぼす土砂災害の恐れが高まっています。厳重な警戒が必要です。

　レベル4の危険警報は自治体が避難指示を発令する目安となる情報です。自治体からの避難情報を確認して下さい。

　避難指示が発令されていなくても気象庁のキキクルなどを確認し、早めの避難を心掛けて下さい。
テレビ朝日",[],[]
インド「ゴキブリ人民党」が首都で抗議デモ　警官と衝突し60人負傷（テレビ朝日系（ANN））,https://news.yahoo.co.jp/articles/04bad702f42a28a8b202239bdb2d6ba3dd43a51f,https://newsatcl-pctr.c.yimg.jp/t/amd-img/20260721-00010017-annd-000-1-view.jpg?exp=10800,2026-07-21T16:12:39+09:00,2026-07-21T16:12:39+09:00,テレビ朝日系（ANN）,ann,テレビ朝日系（ANN）,417,"テレ朝NEWS
インドで政府に不満を持つ若者主導の団体「ゴキブリ人民党」の支持者らが大規模な抗議デモを行い、治安当局と衝突しました。

「ゴキブリ人民党」は最高裁長官が失業中の若者を「ゴキブリ」に例えたことをきっかけに誕生しました。

20日、ニューデリーで教育相の辞任を求めて数千人の支持者らが抗議デモを行いましたが、警察が催涙ガスや警棒など使ってデモを阻止しようとしたため、支持者らと衝突する事態となりました。

インドメディアは参加者60人が負傷したほか、70人が当局に拘束されたと伝えています。

今回の抗議活動は、5月に大学入試の試験問題が漏えいし、およそ200万人が再試験を余儀なくされたことが発端でした。

ロイター通信などによりますと、抗議デモは西部のムンバイや南部のバンガロールでも行われたということです。

ゴキブリ人民党の活動は6月に初めて抗議が行われて以降、インド全土に急速に拡大しています。
テレビ朝日報道局",[],[]
AI搭載ロボットがフロアをまたいでランチ配送　スマホで注文　レイアウト変更も対応（テレビ朝日系（ANN））,https://news.yahoo.co.jp/articles/cb8f9a7c4b77021a35c706f2e526863b5541f442,https://newsatcl-pctr.c.yimg.jp/t/amd-img/20260721-00000049-ann-000-6-thumb.jpg?exp=10800,2026-07-21T16:05:20+09:00,2026-07-21T19:49:15+09:00,テレビ朝日系（ANN）,ann,テレビ朝日系（ANN）,326,"All Nippon NewsNetwork(ANN)
AI（人工知能）を搭載したロボットが複合施設に入る飲食店の料理を上のフロアに届けてくれるサービスが始まりました。

　三井不動産とNTT東日本などが東京ミッドタウン八重洲で始めたサービスでは、LINEを使って施設内の飲食店に料理や飲み物を注文します。

　ロボットは店舗で商品を受け取ると周りの障害物などをカメラやセンサーで認識し、進む方向を自ら判断して届けます。

　「フィジカルAI」の技術に加え、建物をデジタル上に再現する技術も組み合わせることで施設内のレイアウトが変わっても対応できるということです。

　今後は配送にとどまらず、ビルの管理業務などに活用することも検討します。
テレビ朝日",[],[]
海水浴客 ピークから9割減少『タイパ重視』で行かない？海水浴場 閉鎖の危機も（テレビ朝日系（ANN））,https://news.yahoo.co.jp/articles/de03c5edd62e7ea45b80edf4b4c1ab612a8e0819,https://newsatcl-pctr.c.yimg.jp/t/amd-img/20260721-00010001-anntd-000-1-view.jpg?exp=10800,2026-07-21T16:01:19+09:00,2026-07-21T16:01:19+09:00,テレビ朝日系（ANN）,ann,テレビ朝日系（ANN）,3854,"海水浴の起源と歴史 かつては療養目的 若者文化に
海水浴の原点は？
7月20日は海の日でした。気象庁が関東甲信と東海の梅雨明けを発表し、本格的な海のシーズンを迎えていますが、実は海水浴客の数がここ数十年で大きく減少しています。
なぜ海離れが進んでいるのでしょうか？その実態と海水浴場が直面する閉鎖の危機についても見ていきます。
【画像】江の島のビーチ激変 かつて“芋洗い状態”今は…
まずは海水浴の歴史について見ていきます。海水浴の原点です。海水浴の原点は潮湯治という、地域の習わしとして誕生した民間療法です。
愛知県常滑市の大野浦では、平安時代から海に浸かり波を浴びる風習がありました。
海水浴場の始まり
明治時代に日本初の本格的な海水浴場が開設されます。
神奈川県大磯町に海の家などが建てられた日本で最初の本格的な海水浴場が開設されます。こちらも当初は療養が目的だったということです。
高度成長期には国民的レジャーに
高度成長期には国民的レジャーになります。
1960年代に大衆車が登場し、道路網が整備されると、『家族4人で海水浴』が流行します。
サーフィンブームが到来
その後、サーフィンブームが到来します。
1970年から1980年代にサーファースタイルが若者の間で流行し、サザンオールスターズなどがそのブームを牽引しました。

サーフィンをしない『陸（おか）サーファー』という言葉まで登場しました。

60代男性は「昔は夏の遊びは海水浴が王道。彼女ができたら海までドライブ。まさに青春だった」と話しています。
出演者の海の思い出
出演者の皆さんにも海の思い出を聞きました。
菊間千乃さんです。「学生時代は好きな人の名前を紙で作って、腕に貼って日焼けしていた」

玉川徹さんです。「周りの人が行くので行くことはあった。当時言いにくかったけど日焼けするとしんどいので嫌だった」

松岡アナです。「中学生の時、親友と海水浴に行った。カナヅチだったが調子に乗って泳ごうとして溺れた。以来トラウマに…」
海水浴客 40年で9割減少 なぜ行かない？世代間の違いも
海水浴客の推移
しかし、近年、海水浴客が減少し“海離れ”が進んでいます。
海水浴客の推移です。ピークは1985年で3790万人。しかし、2024年は440万人と、ピークだった1985年と比べて約88％も減少しています。
ピークの頃と直近の海水浴客の変化
ピークの頃と直近の海水浴客の変化についてです。
1983年の神奈川県江の島の海岸の様子です。砂浜が人で埋め尽くされ、『芋の子を洗うような状態』と言われていました。
浜辺では、日焼け用オイルを塗り、日焼けをする人の姿もありました。

一方で、2026年7月20日、三連休最終日、海の日の江の島の海岸の様子です。砂浜にはかなりスペースがあり、人もまばらです。
また、浅瀬で水着を着ずに足だけ海に入っている海水浴客もいました。
海に関するアンケート結果
海に関するアンケート結果です。
「海に行きたいか？」という質問について、「行きたい」と答えた人の割合ですが、2019年は73％の人が「海に行きたい」と答えたのに対し、2024年は59％にまで減少。5年で「海に行きたい」という人が14ポイント減っています。
20代～40代 海離れが顕著に
世代間で差も出ています。
「海に行きたい」と答えた人は、10代が66％で一番高いのですが、20代が55％、30代が53％、40代が57％と、60％を割っていて、2019年からの減少率でも20代、30代、40代が大きく減っています。
一方で50代、60代になると「行きたい」が60％を上回っています。
なぜ海に行かないのか 街の声
各世代に、なぜ海に行かないのか聞いてみました。
10代、20代の理由です。10代の女性です。「海で遊ぶという習慣自体がない。小学生の時、家族で行ってから海には行っていない」

20代の男性です。「魅力を感じない割に準備などが大変そう。車もないし、テーマパークの方が確実に楽しめる」

30代、40代の理由です。30代の女性です。「以前友人と行った際は1時間で飽きてしまった。海の家もチープで暑くて好きじゃない」

40代の男性です。「海水浴という選択肢はない。混んでて不快。レジャーは感動できる要素がないと満足できない」

50代以上の理由です。50代の女性です。「体型が崩れて水着を着るのが苦痛。同世代の友人も海には行かない」

60代の男性です。「何より海は体力を消耗する。中年過ぎから億劫になった」
海に行かない理由
海に行かない理由も変化しています。
2019年の調査です。
1位は「日焼けが嫌だ」
2位は「体がべたつくのが嫌だ」
3位は「海で泳ぐのが好きではない」
4位は「海でしたいことがない」
5位は「水着になりたくない」
と身体的な不快感を表す理由が上位を占めていました。

2024年の調査です。
1位は「家から遠い」
2位は「海に行く発想がない」
3位は「時間がない」
4位は「日焼けが嫌だ」
5位は「行くのが疲れる」
と2019年の調査と大きく変わり、距離や時間などタイムパフォーマンス重視の理由が上位に上がってきています。
休日の過ごし方
休日の過ごし方です。一番多いのは『家で動画鑑賞』。次に『買い物』『読書や音楽鑑賞』『ゲーム』『国内旅行』と休日家で過ごす人が多く、休日に「海に行く」と答えた人の数は全体の22番目とかなり低い順位になっています。
海水浴場 名勝地でも苦境 地域経済に打撃 打開策は？
海水浴場の数の推移
海離れが進み、閉鎖の危機に直面する海水浴場も出てきています。
海水浴場の数の推移です。1990年度の1379カ所をピークに、2024年度は969カ所と、約30％減っています。

2026年、開設を見送った主な海水浴場です。茨城の下津海水浴場、大阪の箱作海水浴場、淡輪海水浴場などです。これらは、海水浴客の減少が主な理由で、2026年は開設を見送りました。
気比の松原海水浴場
海離れによって、運営が厳しくなっている海水浴場があります。
福井県敦賀市にある、気比の松原海水浴場です。日本三大松原の一つで、特に芸術上・観賞上の価値が高い土地として国の名勝地にも指定にされている海水浴場です。
1990年代、海水浴客は年間50万人でしたが、2025年は約6万4000人と、ピーク時の約8分の1に落ち込んでいます。

海水浴場を管理・運営する観光協会の池田さんです。「夏が暑すぎるし、昔の“夏は海へ行く”という考えが変わった。また、来場者がコンビニで飲食物を買って持ち込むようになり、海の家で消費しなくなった。採算が取れなくなり、運営状況は大変厳しい」
厳しい運営状況
運営状況です。海水浴場の運営に必要なものとして、
▼救護所設置
▼駐車場警備
▼ライフセーバーの人件費　
などに年間約3500万円かかります。

一方、収入は駐車料金の約500万円ほど。約3000万円の赤字は、市の補助金＝税金で賄っている状況だといいます。

観光協会の池田さんです。「2027年以降の海水浴場開設については検討中。関係者と相談しながら、最適な運営方法を探りたい」と話しています。
蘭島海水浴場
北海道小樽市にある、蘭島海水浴場です。明治36年の開設から100年以上の歴史を誇る、海の透明度の高さが魅力の海水浴場です。
最盛期の1980年代には年間約70万人の海水浴客が訪れていました。

海水浴場を管理・運営する、蘭島海水浴場組合の嶽さんは「最盛期は最寄り駅から海水浴場にかけて行列ができ、泳ぎ切れないほどの海水浴客が訪れた。海の家や民宿は、夏1ヵ月間の稼ぎで1年間暮らせる売り上げがあった。しかし現在は、民宿は空き家になっているところもある」と話しています。
近年 閉鎖の危機
そんな蘭島海水浴場が近年、閉鎖の危機に直面しています。2024年の海水浴客は年間8万3000人。最盛期から9割も減少し、赤字に転落しました。設備も老朽化が進んでいて、看板は前の組合長がペンキで手書きして修繕。用具小屋も潮風による塩害の影響でサビなどがひどい状態ですが、修繕費が賄えない状況です。
資金調達に向けて新たな取り組み
そんな中、資金調達に向けて新たな取り組みを始めています。
6月、老朽化した設備の修繕費確保のため、クラウドファンディングを実施しました。
80万円の目標額に対して、全国から100万円以上の寄付が集まり、その資金で順次、修繕を行っているといいます。
また2026年から資金調達のため、オリジナルグッズの販売も開始しています。
三浦海岸海水浴場（三浦ファンビーチ）
神奈川県三浦市にある、三浦海岸海水浴場（三浦ファンビーチ）です。
広い砂浜やアクセスの良さが魅力の海水浴場です。
1999年、年間100万人を超える海水浴客が三浦海岸を訪れましたが、2023年は約8万人と10分の1以下に落ち込み、2024年は海水浴場の開設が見送られました。（2025年に再開）

海水浴客を呼び込む取り組みです。
▼映画上映会
▼ビーチスポーツ体験会
▼モーニングヨガ　
など、特にファミリー向けイベントを充実させ、立て直しを目指しています。

（「羽鳥慎一モーニングショー」2026年7月21日放送分より）",[],[]
風鈴に怪談『夏の涼』に江戸の名残 今に通じる暑さ対策 熱中症にレンコン汁!?（テレビ朝日系（ANN））,https://news.yahoo.co.jp/articles/df879401142323e3a5cb8a87152a95217f0d639f,https://newsatcl-pctr.c.yimg.jp/t/amd-img/20260721-00010000-anntd-000-1-view.jpg?exp=10800,2026-07-21T16:01:02+09:00,2026-07-21T16:01:02+09:00,テレビ朝日系（ANN）,ann,テレビ朝日系（ANN）,2852,"江戸の夏も暑かった！？当時の気温は
江戸時代の夏の気温は？
各地で厳しい暑さが続いていますが、夏の暑さは、昔から悩みの種だったようです。
江戸の“名残”第5弾です。令和に繋がる“夏の涼”と風物詩について見ていきます。
風鈴に怪談『夏の涼』に江戸の名残 今に通じる暑さ対策 熱中症にレンコン汁!?
江戸時代の夏です。1861年7月14日 午後1時、江戸の気温は34.5℃でした。木陰で測った気温だということです。
ドイツ人の医師で博物学者のシーボルトが日記に記録しています。

記録したシーボルトの考察です。江戸でヒートアイランドのような現象が起きていたのではないかと日記に記しています。
『厚くて黒い瓦をもち、その熱に包まれたこの巨大なる町が異常なほど暖められた当然の結果』
今も昔も「夏の暑さには耐えられない」
藤田医科大学特命教授で歴史学者の本郷和人さんです。「徒然草に『家は夏の暑さを基準として作るべきだ』とある。冬は着込めば何とかなる
が、夏の暑さには耐えられない日本の昔からの感覚」
江戸の“暑さ対策”『麦湯』が流行 砂糖と白玉入り『冷や水』も
夏限定の出店
江戸時代、夏限定の出店がありました。『むぎゆ』麦茶のことです。

江戸時代に大流行しました。江戸時代の書物では「夏の夕方より、町ごとに麦湯という行燈を出し、往来へ腰かけの涼台を並べ、茶店を出すあり。これも近来の事にて、昔はなかりし事なり」と、江戸時代に流行したと書かれています。
麦茶は夏でも「あったかーい」が常識
麦茶が、熱いまま提供されていたことについてです。江戸時代、麦湯の店は現代の喫茶店のようなもので、麦湯の専門店、温かいのが普通でした。
江戸時代の健康指南書には、夏の過ごし方について「温かいものを食べて内臓を温めるべし」と書かれていて、夏でも温かいものが勧められていました。
その後、昭和30年代に冷蔵庫が普及すると、冷やして飲むようになり、『麦茶』という呼び名が定着したという事です。
人気の理由『麦湯の女』
人気の理由は、『麦湯の女』と呼ばれる女性の店員です。
当時の書物には
・化粧をした若い娘が給仕した。
・浴衣姿で帯は緩やかに締められていた。
・とても愛嬌がある。
と書かれています。
『冷や水売り』
涼をとる移動販売もありました。『冷や水売り』です。
砂糖と白玉が入った冷たい水を、歩いて売っていました。
値段は、白玉入り冷や水が、1杯4文。
現代の価値だと大体80円から160円です。
特注もできました。砂糖マシにすると1杯8文、砂糖マシマシにすると1杯12文。
唐辛子売りもいた
本郷さんです。「他には『暑気払いに辛い物を食べる』という考えもあった。江戸には、唐辛子売りもいた」
熱中症にはどう対処？今に通じるスタミナ食『うなぎ』
江戸時代の『熱中症』
江戸時代の『熱中症』についてです。江戸時代の民間向けの救急医療辞典で紹介されているのが、中暑と呼ばれる病気です。
原因は、炎天下の往来などで、症状は頭痛、発熱など。熱中症のこととみられます。
江戸時代の熱中症の民間療法
江戸時代の民間療法では、
・ニンニク、またはショウガをかみ砕いて水で飲むなど。
・また、道で倒れている熱中症の人には、レンコンの汁を飲ませる。
と書かれています。
江戸時代のスタミナ食『うなぎ』
江戸時代から食べられていたスタミナ食、うなぎです。うなぎ屋さんの浮世絵には、『今日、うしの日』と書かれています。

土用の丑の日とは、立春、立夏、立秋、立冬の直前、約18日間を土用と呼びます。昔は日にちを干支で子の日、丑の日、寅の日、と数えていました。この土用の期間の丑の日が『土用の丑の日』です。
夏の土用の丑の日に、うなぎを食べると夏バテ防止になると言われています。
うなぎは日本人の生活に浸透
本郷さんです。「うなぎは隅田川でとれた。江戸前うなぎと呼ばれていた。万葉集には、夏痩せしている人に『うなぎを食べるといいよ』と勧める歌があるほど、日本人の生活に浸透している食べ物」
夏の風物詩 隅田川花火大会のはじまり “怪談”ブームも
隅田川花火大会
江戸時代が起源と言われる『涼を感じる』風物詩があります。
涼を感じる、1つ目は『花火大会』です。7月25日に開催予定の隅田川花火大会。そのはじまりは、1733年、8代将軍・徳川吉宗の時代に行われた『両国川開き』と言われています。

両国川開きとは、当時、大飢饉や疫病の流行による死者の供養などを祈願するもので、両国川開きの初日に花火が打ち上げられたといわれています。
その後、中断期間はありましたが、江戸や東京を代表する年中行事となりました。
浮世絵や俳句にも
浮世絵には、手前の橋に多くの人が詰めかけている様子が描かれています。
松尾芭蕉の弟子が、俳句を詠んでいます。
『千人が 手を欄干や 橋涼み』
『風鈴』
涼を感じる、2つ目は『風鈴』です。風鈴は、江戸後期に庶民に広がり大人気になり、風鈴の音で涼を感じようとしていたということです。

江戸時代の風鈴売りは、商品を売るための掛け声が必要なく、風鈴の音が宣伝になった、ということです。
うえの夏まつり『りんりん回廊』
現代でも、上野公園 不忍池周辺では、うえの夏まつりが行われていて、4000個の風鈴の音色を聞くことが出来ます。

担当者です。「風鈴で少しでも涼しさを感じてほしく、2024年から始めた」ということです。
『怪談話』ブームに
涼を感じる、3つ目は『怪談話』です。1677年、4代将軍・徳川家綱の時代、『諸国百物語』という怪談本が刊行されました。
武家や町人の身分を問わず『百物語』がブームとなりました。

百物語とは、100本のろうそくを立て、1人ずつ怪談話を披露し、話し終えると火を1本ずつ消していきます。
最後の1本が消えると化け物が現れるというもので、暑い夏の夜に集まって行われていた、ということです。
ブームに乗じて妖怪などの浮世絵も
ブームに乗じて、妖怪などを描いた浮世絵が増えました。
歌川国芳の『相馬の古内裏』という浮世絵で、巨大な骸骨が描かれています。
『扇風機』もあった！？江戸時代 暑さの過ごし方
手動式扇風機
涼をとる道具は、江戸時代にもありました。手動式扇風機です。
後方の取っ手を回して、4本のうちわを回す仕組みです。

江戸城の大奥でも、浮世絵には、扇風機を回す女性が描かれています。
手動式扇風機 誰が使う？
歴史学者の本郷さんです。「自分で使うというより、有力者などに対して使われていたと思われる。殿様や大商人くらいしか持っていなかったのでは」
暑さの過ごし方
暑さの過ごし方です。
1つ目は、日陰で休む。
暑さの過ごし方『川に飛び込む 川で泳ぐ』
2つ目は、川に飛び込む、川で泳ぐ。

3つ目は、着物を脱ぐ。

（「羽鳥慎一モーニングショー」2026年7月20日放送分より）",[],[]
ウナギやカツオ豊漁で安値　旬の岩ガキ巨大化　海の幸に相次ぐ異変　黒潮大蛇行が終息（テレビ朝日系（ANN））,https://news.yahoo.co.jp/articles/e34f25eb1f0ae46390176afd3247f1c5cac318fd,https://newsatcl-pctr.c.yimg.jp/t/amd-img/20260721-90195491-ann-000-2-view.jpg?exp=10800,2026-07-21T15:48:15+09:00,2026-07-21T17:18:14+09:00,テレビ朝日系（ANN）,ann,テレビ朝日系（ANN）,3106,"ウナギやカツオ豊漁で安値　旬の岩ガキ巨大化　海の幸に相次ぐ異変　黒潮大蛇行が終息
今度の日曜日は、土用の丑（うし）の日。今年はウナギが豊漁で、価格が安くなっています。さらに、カツオや岩ガキなど海の幸にも今年は変化が出てきています。
【画像】名産地で大盛況!愛知県の「一色産うなぎ」
ウナギ豊漁　質よし価格よし
暑い夏でも香ばしい香りが食欲をそそるうなぎ。今週末の土用の丑の日を前に、早くもうなぎ専門店は大盛況。使われているのは、愛知県の「一色産うなぎ」です。

うなぎの兼光　加藤朝也マネージャー
「身が柔らかくて肉厚で、脂のりがいいというのが特徴」

　ウナギの出荷が最盛期を迎えている一色うなぎ漁業協同組合。全国有数のウナギの生産地です。

　高級食品でもある国産ウナギですが、実は今年ある変化が起きています。

一色うなぎ漁業協同組合
田中三千雄代表理事組合長
「去年から今年、シラスウナギが豊漁でしたので、価格も少し安くなって、2割か3割くらい安いのかなという気がします」

　去年から豊漁となったウナギの稚魚であるシラスウナギを半年ほどかけ、養殖で大きく育てたため、今年のウナギは去年より値段が安いといいます。

　値段が下がったことで需要が高まり、想定外の事態になっています。

田中代表理事組合長
「土用丑に向けての生産が間に合っていない」
「こういったバルブが付いている所、（本来は）全部埋まってます。よく売れているということですね」
ここは「立て場」と呼ばれる、きれいな水で泥抜きをしてウナギを生きたまま保管する場所。しかし、現在は在庫が半分以下の状態になっているといいます。

田中代表理事組合長
「今年は思いがけず、天候のおかげなのか、よく売れてます。暑くないと、ウナギは売れない」

　安さに加え、暑さも売れ行きが伸びている要因です。

　市内のうなぎ専門店では…。

加藤マネージャー
「きょうは一番多くて約150人くらい（入店を）待たれてましたね」

　中には、3時間待ちの人もいました。

客
「やっぱり土用の丑の日が近い」
「（暑いと）精がつくもの食べたくなりますね」

　一方、焼き場の温度計は46℃。灼熱です。

従業員
「焼き場、暑いです。大変ですけど、お客さん喜んで食べてます。うれしいです」
首都圏「今年安い」BBQで
値下がりしたうなぎは首都圏の消費者にも届いています。

　うなぎ売り場を例年の3倍に拡大した埼玉の鮮魚店。どれも例年の1割から2割ほど安くなっているといいます。

角山魚類　川口店　遠山幸士店長
「今年は本当にお安くなっています。この価格はもう十数年ぶりだと思います」

　そのため、売り上げも例年の1.5倍ほどと好調だといいます。

うなぎを購入した客
「今年、安いですね。（普段）こんな値段で買えない」
「消費者は助かります」

　娘夫婦や孫のために国産うなぎを2尾購入した男性は、バーベキュー用に購入したうなぎを家族に振る舞います。

うなぎを購入した客
「うれしいですね。払ったかいがあります」
海異変　黒潮大蛇行が終息
シラスウナギの大豊漁の要因の一つとして考えられるのが、黒潮大蛇行の終息です。

　黒潮大蛇行とは、本来、日本の南岸を流れる黒潮が紀伊半島の辺りから大きく南に曲がって流れる現象。シラスウナギは黒潮に乗って北上するとされていますが、大蛇行で生息域が変わり、漁獲量が減少したとみられています。

　今回の大蛇行は2017年から7年9カ月もの間続きましたが、去年終息。シラスウナギは再び日本近海に現れるようになったということです。

東京海洋大学講師　ながさき一生さん
「（黒潮大蛇行の）終息宣言自体は昨年の4月だったんですけれども、今まさにそれ（魚の生育する環境）の変化の時というところだと思います」
カツオ豊漁　気仙沼で活気
過去最長だった黒潮大蛇行。その終息はシラスウナギ以外にも、さまざまな海の幸に影響を与えています。

　ベルトコンベアからあふれんばかりのカツオ。おととし、28年連続水揚げ日本一を達成した宮城県の気仙沼漁港。しかし。

気仙沼魚問屋組合　小野寺健蔵組合長
「去年は大変でしたよね。死活問題で」

　去年は例年にない不漁で、千葉県の勝浦漁港に1位の座を明け渡すことに。今年は一転、黒潮大蛇行の終息による海流の変化などの要因もあり、去年の同時期と比べ、およそ8倍の水揚げ量を記録。豊漁だった2024年に迫るペースだといいます。

　「最高だよ」とカツオを片手にポーズする漁業関係者も、笑顔を浮かべます。

　2年ぶりの豊漁に、気仙沼漁協の幹部も安堵（あんど）の表情を浮かべます。

気仙沼漁業協同組合　臼井靖専務
「今のところ（水揚げ量が）順調に来ているので、豊漁の年だと言えると思います。今年はちょっと脂ものって品質的にもいいので、手頃な値段で良いカツオを提供できているのではないかなと思います」
水揚げされたばかりのカツオが並ぶ漁港の市場には多くの買い物客の姿がありました。

買い物客
「（Q.きょう、どう食べられる?）刺身ですね。自分も岩手なので、三陸のものは世界一ですね」
「ちょうどこれぐらいで安いんじゃないかなと思います」
「ニンニクをタレにして、生で食べた方が一番カツオはおいしいって言うから」

　去年の不漁を知る店員は、今年のカツオの購入に太鼓判を押します。

気仙沼お魚いちば　店員
「去年はこれの倍の値段がした。（カツオ）1本で4、5000円くらいの値段だった。今年はその半分の値段で、結構お手頃な値段になっています」
岩ガキ特大　今が旬
この夏、海のうれしい異変は、気仙沼市から遠く離れた大分県佐伯市でも起きていました。

　買い物客の目を引いていたのは、今が旬の岩ガキ。「海のミルク」とも呼ばれ、大ぶりの身に濃厚でクリーミーなうまみが特徴の岩ガキですが、今シーズン、ある異変が起きています。

丸二水産　橋本正恵さん
「去年に比べて形も大きいし、特大サイズが多い」

　例年に比べサイズが大きい、天然の岩ガキが育っているといいます。実際に見せてもらいました。手のひらサイズにまで、巨大な岩ガキが育っていました。

「（Q.何キロくらい?）1キロくらいですね」

　さらに橋本さんによると、サイズだけでなく「取れる量も去年に比べ、2倍近くに増えている」といいます。

「（栄養が黒潮に運ばれて）豊後水道の入り口から入ってくる。西野浦の湾内を巡って沖に出る。これの繰り返しをやっているんです。良い栄養が入ってくるから、（海に）力があるんです」

　去年、黒潮大蛇行が終息し、黒潮が岩ガキの育つ湾内に近いルートに戻ったことで、これまで以上に豊富な栄養が運ばれてきているとみられています。
そんな、栄養たっぷりの岩ガキを丸二水産では味わうこともできます。定番の蒸しガキはもちろん、チーズをのせて焼いても絶品。カキフライも食べ応えがあります。

　福岡県から岩ガキを求めて訪れた男性はこう話します。

「スケール感がすごいですね。十分クリーミーなんですけど、肉厚な感じで身のおいしさをよく感じる。きょう食べられて、本当に満足です」

　ただ、橋本さんには気がかりなこともあります。

「海水温の上昇です。気温も35℃を平気で超えるし、海の温度も上がるでしょうから。カキは暑さに弱いと言われているから、非常にそれを心配して警戒しています」

（2026年7月21日放送分より）
テレビ朝日",[],[]
ぱーてぃーちゃん＆長州力、AIで喫茶店開業を考案！「コンセプトはギャルっしょ」（テレビ朝日系（ANN））,https://news.yahoo.co.jp/articles/50e1259dad374fe3fad161e4c70379c2d10dadd9,https://newsatcl-pctr.c.yimg.jp/t/amd-img/20260721-90195510-ann-000-1-view.jpg?exp=10800,2026-07-21T15:36:16+09:00,2026-07-21T15:36:16+09:00,テレビ朝日系（ANN）,ann,テレビ朝日系（ANN）,792,"ぱーてぃーちゃん＆長州力、AIで喫茶店開業を考案！「コンセプトはギャルっしょ」
お笑いトリオ「ぱーてぃーちゃん」のすがちゃん最高No.1、金子きょんちぃ、信子と、元プロレスラーでタレントの長州力（74）が21日、都内で行われた「Genspark 6.0ローンチ記念イベント」に登壇した。
【画像】ぱーてぃーちゃん＆長州力、AIで喫茶店開業を考案!「コンセプトはギャルっしょ」
AIワークスペース「Genspark（ジェンスパーク）」を展開するGenspark株式会社は、新バージョンである「Genspark 6.0」をスタート。全てのプロジェクトを記憶する世界最先端のクラウドメモリー機能や、同機能と自動連携するAIボイスレコーダーなどを使うことができる。

イベントでは、同サービスの最新機能を使い、長州がやってみたいという喫茶店開業に向けた企画書などを作ることに。

信子は「コンセプトはギャルっしょ。ゼブラ柄にして、長州さんもツートーン（ヘア）とかにして…」と案を出したが、長州は普段ギャルと関わることはないという。

価格帯は、コーヒー1杯600円から700円ぐらいを想定。この4人の会話も「セカンドブレイン ノート」という機能で、議事録がとられており、4人は「すごい…」と感心していた。

「この会話をもとに、会社のメンバー向けに5枚のスライド資料にして、すぐ動けるように、計画を入れた企画書にして」とすがちゃんが指示すると、指示通りの企画書が完成。

さらに、ホームページ作成もできるといい、この場で指示して作られたものが公開された。

長州は「ここまで考えていなかったし、簡単にできるものなんだって…」と目を丸くした。その一方で、「従業員の時給いくらでやるかとか、そういうのが聞きたかった」とぼやきも。信子に「それは家でやってよ」とツッコまれ、笑いを誘った。
テレビ朝日",[],[]
W杯優勝のスペイン代表が凱旋パレード　約200万人集まる（テレビ朝日系（ANN））,https://news.yahoo.co.jp/articles/c2b6dc9f21b256432811443865cd373fe84df973,https://newsatcl-pctr.c.yimg.jp/t/amd-img/20260721-00010016-annd-000-1-view.jpg?exp=10800,2026-07-21T15:34:00+09:00,2026-07-21T15:34:00+09:00,テレビ朝日系（ANN）,ann,テレビ朝日系（ANN）,365,"テレ朝NEWS
FIFAワールドカップ2026で2度目の優勝を飾ったスペイン代表チームが凱旋帰国し大勢の市民に熱狂的に迎えられました。

スペイン代表チームは20日、首都マドリード中心部で優勝パレードを行いました。

バスに乗った選手たちは市内をおよそ5キロメートルにわたって進み、優勝トロフィーを掲げたり手を振るなどして喜びに浸っていました。

選手たちをひと目見ようと、沿道には多くの人が詰めかけ、地元メディアによりますと、およそ200万人が集まったということです。

スペインは19日に行われたワールドカップの決勝で前大会王者のアルゼンチンを延長戦の末に1ー0で破り、4大会ぶり2回目の優勝を果たしました。

FIFA＝国際サッカー連盟は20日、最新の世界ランキングを発表しスペインが1位に返り咲きました。
テレビ朝日報道局",[],[]
あなたのパソコンやスマホがサイバー攻撃に悪用…？　国内で数万台以上が危機的状況に（テレビ朝日系（ANN））,https://news.yahoo.co.jp/articles/73cac6ddc35a78d1b93eb08d5c0fbff350b23bdb,https://newsatcl-pctr.c.yimg.jp/t/amd-img/20260721-00000048-ann-000-4-view.jpg?exp=10800,2026-07-21T15:33:03+09:00,2026-07-21T22:51:14+09:00,テレビ朝日系（ANN）,ann,テレビ朝日系（ANN）,637,"""あなたのパソコンやスマホがサイバー攻撃に悪用…？　国内で数万台以上が危機的状況に""
国内のパソコンやスマートフォンなどの少なくとも数万台以上が利用者の知らないところでサイバー攻撃などに悪用される可能性があることが分かりました。

　警察庁と総務省によりますと、サイバー攻撃を行う人物らは自分の身元を隠すために第三者が使う家庭用のパソコンやスマホなどの回線を悪用する手口を多用しているということです。

　調査の結果、悪用される可能性のある端末は国内では少なくとも数万台以上あることが分かりました。

　インターネットバンキングを利用した不正送金は2024年に4369件の被害が確認され、そのうち44％が第三者の端末を悪用したものでした。

　悪用されてしまうきっかけは不審なアプリをインストールしたことなどが挙げられます。

　「使用していない通信帯域（データ通信量）を共有することで収益を得られる」などとうたうアプリを利用したことで、ウイルスに感染した端末がサイバー攻撃の中継地点になってしまったという事例も確認されました。

　警察庁は「提供元が不明のソフトウェアやアプリ、無料VPNなどを安易にダウンロードしたり、使用したりしないで下さい」と注意を呼び掛けています。

　また、こうした被害への対策を図るため、警察庁と総務省はサイバー犯罪に詳しい大学教授や民間の通信事業者が参加する協議会を設置しました。

　8月下旬にも第1回の会合を開くとしています。
テレビ朝日",[],[]
亀梨和也、田中みな実と結婚発表後初の公の場　祝福に会釈で応じる（テレビ朝日系（ANN））,https://news.yahoo.co.jp/articles/3386ef8a432a8c708f6d8838f2ebed5f3ab0631e,https://newsatcl-pctr.c.yimg.jp/t/amd-img/20260721-90195509-ann-000-4-view.jpg?exp=10800,2026-07-21T15:30:35+09:00,2026-07-21T20:18:15+09:00,テレビ朝日系（ANN）,ann,テレビ朝日系（ANN）,591,"亀梨和也、田中みな実と結婚発表後初の公の場　祝福に会釈で応じる
俳優で歌手の亀梨和也（40）が21日、都内で行われた「ローレンス グラフ シグネチャー コレクション」新作披露イベントに出席した。6月29日にフリーアナウンサーの田中みな実（39）との結婚を発表後、初の公の場となった。
【画像】亀梨和也、田中みな実と結婚発表後初の公の場　祝福に会釈で応じる
イベント中、結婚に関する言及はなかったが、フォトセッション時に報道陣から「おめでとうございます」「幸せですか?」などと声をかけられると会釈で応じ、笑みをのぞかせた。

亀梨と田中は、6月29日に結婚と田中の第1子妊娠を発表。公式サイトを通じ、直筆署名入りの文書で「この度、私たち亀梨和也と田中みな実は結婚する運びとなりましたことをご報告させていただきます。また、新しい命を授かっておりますことも、併せてご報告いたします。未熟なふたりではございますが、表現者として、そして親として、人としての在り方を大切にしながら、より一層精進します」などと報告していた。

この日は英ロンドンに本店を構え、21世紀の“キング オブ ダイヤモンド”と評される極上のダイヤモンドの数々を生み出し続けている「グラフ」の新作お披露目イベント。亀梨は高級ジュエリーを身につけ、「すごく気持ちが高まる。おでかけしたくなります」と声を弾ませた。
テレビ朝日",[],[]
W杯優勝のスペイン代表が凱旋　パレードに約200万人集まる（テレビ朝日系（ANN））,https://news.yahoo.co.jp/articles/769f1f90b68ec7102ca42bf2b2d1cab4f9903495,https://newsatcl-pctr.c.yimg.jp/t/amd-img/20260721-00000047-ann-000-6-thumb.jpg?exp=10800,2026-07-21T15:16:05+09:00,2026-07-21T18:05:32+09:00,テレビ朝日系（ANN）,ann,テレビ朝日系（ANN）,392,"All Nippon NewsNetwork(ANN)
FIFAワールドカップ2026で2度目の優勝を飾ったスペイン代表チームが凱旋（がいせん）帰国し、大勢の市民に熱狂的に迎えられました。

　スペイン代表チームは20日、首都マドリード中心部で優勝パレードを行いました。

　バスに乗った選手たちは市内を約5キロメートルにわたって進み、優勝トロフィーを掲げたり手を振るなどして喜びに浸っていました。

　選手たちをひと目見ようと、沿道には多くの人が詰め掛け、地元メディアによりますと、約200万人が集まったということです。

　スペインは19日に行われたワールドカップの決勝で前大会王者のアルゼンチンを延長戦の末に1－0で破り、4大会ぶり2回目の優勝を果たしました。

　FIFA（国際サッカー連盟）は20日、最新の世界ランキングを発表し、スペインが1位に返り咲きました。
テレビ朝日",[],[]
公立中学校で約2割が水泳授業を実施せず　「暑さ対策」など課題（テレビ朝日系（ANN））,https://news.yahoo.co.jp/articles/a7ceacacdb7914869d8a3167d14b5595e5af740f,https://newsatcl-pctr.c.yimg.jp/t/amd-img/default.jpg?exp=10800,2026-07-21T15:13:04+09:00,2026-07-21T23:24:52+09:00,テレビ朝日系（ANN）,ann,テレビ朝日系（ANN）,425,"全国の公立中学校の約2割が昨年度、水泳授業を実施していなかったことが分かりました。

　スポーツ庁によりますと、全国の公立小学校と中学校を対象に昨年度の水泳の授業について調査したところ、小学校では99％が実施していたのに対し、中学校については5校に1校にあたる22.8％が水泳の授業を実施していなかったということです。

　また、水泳授業の施設や環境面での課題について、選択式で上位3つまで回答を求めたところ、「暑さへの対応」が61.1％で最も多く、「プールの老朽化対策」と「水質管理などの業務」がそれぞれ約50％でした。

　また、「学校外のプールへの移動時間・手段の確保」が20％余りでした。

　松本文部科学大臣は21日、閣議後の記者会見で「学校における水泳授業は水難事故から身を守るための力を育てることにもつながり、重要な教育的意義があると考える。持続可能な水泳授業を実施するための取り組みを検討、推進していきたい」と述べました。
テレビ朝日",[],[]
“商店街まるごとホテル”　シャッター商店街に続々観光客　「まるで宝探し」（テレビ朝日系（ANN））,https://news.yahoo.co.jp/articles/f68781cdc182e56a8daa61c88b306774db95f292,https://newsatcl-pctr.c.yimg.jp/t/amd-img/20260721-90195496-ann-000-1-view.jpg?exp=10800,2026-07-21T15:12:15+09:00,2026-07-21T15:12:15+09:00,テレビ朝日系（ANN）,ann,テレビ朝日系（ANN）,3462,"“商店街まるごとホテル”　シャッター商店街に続々観光客　「まるで宝探し」
ある施策で観光客が急増したシャッター商店街があります。
【画像】商店街の空き店舗をリノベーションした客室
商店街まるごとホテル
下町情緒残る東大阪市の「布施商店街」。長さ1.8キロにわたって、青果店や総菜店などが軒を連ねる昔ながらの商店街です。

　その一角にある店舗に、大きな荷物を抱えた人たちが次々と入っていきます。

　昭和の雰囲気を感じるレトロな外観。「レディースショップキヨシマ」と書かれた看板をくぐると、一転、モダンなカフェのような空間が。実はここ…。

スタッフ
「このホテルは商店街をまるごとホテルに見立てた“街ごとホテル”でございます」

　もとは婦人服店だった店舗を、当時の外観をいかしつつ、ホテルのフロントに改装しました。
「こんな家に住みたい」
この日、やってきたのは関西に住む50代の仲良し3人組です。

　フロントで説明を受け、早速、中の客室に案内されるのかと思いきや、いったん外へ。周りの店はシャッターが閉ざされ、まるで時が止まったかのよう。案内されたのは、シャッター商店街とは趣の違う「ナンバー9」と書かれたおしゃれな建物です。

　中へ入ると…ホテルの客室です。実は、商店街の空き店舗をリノベーションし、客室として活用しています。

　化粧品店や雑貨店だったお店は、アースグリーンの鉄板やモルタルなどを使い、おしゃれな町工場をイメージした客室に様変わりしました。

宿泊客　延原明子さん
「かわいい。こんな家に住みたい」

宿泊客　金澤幸代さん
「ここらへんの物も町工場っぽいけど、中見たら色もオシャレだし、なんか上手にしてるな」

　この部屋は、66平方メートルのワンルームで、1人1泊7000円から宿泊できます。

金澤さん
「布施に商店街丸ごとホテルができたと聞いたので、すごく興味があって」

延原さん
「商店街なのに、こんなオシャレな感じがトントントンとあるのがすごく面白いなと思って。それが融合されていて」

　空き店舗や空き家を改修した客室は、全23室。築33年、かつての呉服店は、広々としたスペースが家族連れに人気の客室になりました。

　築55年、菓子店だったお店は、元々あった梁（はり）をいかしたシックなデザイン。窓から見下ろす商店街ビューが売りです。
喫茶店が朝食会場に
商店街をまるごとホテルにした仕掛けは、客室だけではありません。

店員
「朝食引換券をお持ちですか?お預かりします」

　実は商店街にある喫茶店が、ホテルの朝食会場の役割を担っています。

　朝食は、3種類のモーニングセットから選択。仲良し3人組は、エビグラタンがのったトーストに、サラダやゆで卵が付いたセットを注文しました。

　ホテルの機能を担う場所は、他にもあります。

　昭和33年創業の銭湯が、ホテルの大浴場に。昔から変わらず、まきでお湯を沸かし、サウナは旅の疲れを癒やしてくれます。
宿泊客で地域活性化
ホテルでは、宿泊客に商店街の地図を「館内マップ」として配布。ホテルと提携している店舗では、宿泊客に特典があります。

　創業100年以上の老舗パン店「金太郎パン」では、500円以上買うと100円引きになります。

　地元の人々の日常に溶け込み、商店街を散策できるのも楽しみの一つです。

金澤さん
「コロッケ3つ」
店員
「今食べるんですかね?」
金澤さん
「はい」

　昭和28年創業の老舗精肉店「肉のやまじん」では、1日に3000個を売り上げる商店街名物のコロッケに舌鼓。

延原さん
「おいしい!お肉屋さんのコロッケっていう感じ」

金澤さん
「甘いやつ」

延原さん
「めっちゃ甘い」

　他にも…。

金澤さん
「え?え?え?何でこんな安いの?」

宿泊客　波多野正枝さん
「私、桃買おうかな」

　青果店で見つけたのは、3個で200円の桃や、2個で100円のキウイフルーツなどの激安フルーツ。

　ホテルと提携していない店舗でも宿泊客が買い物するなど、商店街の活性化につながっています。

波多野さん
「宝探しみたいに探していくのも楽しかった。発見とかもあって、色々なお店を教えてくれたから」
「寂れた」商店街再生
戦前から東大阪市最大の商店街として栄えた「布施商店街」。最盛期には780もの店舗が軒を連ね、多くの人でにぎわっていました。しかし…。

地元の人
「今は（夜の）7時、8時になったら暗いもん。それくらい寂れてもうた」

和菓子店　店主
「商売できないからと辞める人もいるし、継ぐ人もいない」
「（Q.布施商店街の現状は?）死んでいると思いますよ」

　高齢化や大型商業施設の進出で、商店街の店舗数は約400店にまで激減しました。

　空き店舗が目立つようになった布施商店街に目を付けたのが、使われていない建物をリノベーションし、民泊施設として活用する事業を手掛ける大阪の不動産会社です。

セカイホテル大阪布施　北川茉莉さん
「ザ・大阪、下町の商店街がまさに体現されている商店街がこの布施だと思いました。（空き店舗を）リノベーションすることで、魅力的な宿泊施設に変えることができる」

　難波まで電車で11分、梅田にも30分ほどとアクセスがよいことに加え、商店街という「旅先の日常」を体験できることで、他の民泊との差別化を図れると見込んだのです。

　2018年、地域と連携して商店街をホテル化しオープンしたのが、この「セカイホテル大阪布施」です。
外国人観光客にも人気
商店街に泊まれるというコンセプトの目新しさや、昭和レトロを体験できることから、若者を中心に人気に。さらに…。

外国人観光客のSNS
「日本でシャッター商店街が増えているのをご存じですか?この問題を解決するため商店街全体をホテルにしました」

　外国人インフルエンサーの投稿が、10万以上の「いいね!」を集めました。

ニュージーランドからの観光客
「今まではいつも大きなホテルに宿泊していましたから、小さな空き店舗に宿泊するのはとても楽しいです」

台湾からの観光客
「日本人にとって古いな、寂しいなという感じがあるけど、外国人にとってめっちゃ新しい。日本のアニメとかドラマで見られる場所」

　SNSを通じて、“商店街まるごとホテル”の取り組みが世界に広がり、外国人観光客が泊まりに来ています。

ニュージーランドからの観光客
「金太郎パンへ行って、モモヤへ行こう」

　ニュージーランドとシンガポールから来た観光客は、「館内マップ」を片手に商店街を散策。ホテルの食べ歩きプランで受け取ったチケットを、フルーツ大福と交換しました。

ニュージーランドからの観光客
「とってもフルーティーで新鮮だよ」

　他にも、たこ焼きやコロッケ、あんパンなど、商店街グルメを少しずつつまみ食いできると好評です。
子どもと商店街を結ぶ場へ
商店街と宿泊客をつなぐだけでなく、ホテルが今、地域交流の場になっています。

北川さん
「きょうはセカイホテルのスタッフになってみようというお仕事体験」

　月に1度、地元の子どもたちを招き、職業体験などのイベントを開催しています。

　子どもたちはスタッフと一緒にシーツをかけます。

イベントに参加した子
「シワを伸ばすところが難しくて手が入らなかった」

イベントに参加した子の母
「一緒に遊べる環境とか、学べる環境があるのはすごくありがたい」

　“商店街まるごとホテル”が、地域の子どもたちと商店街とを結ぶ場所になっています。

大浴場　戒湯　和田裕之さん
「初めは半信半疑だった。宿泊の建物をいろいろ増やされて頑張っている。うちもその分お客さんが増えている」

朝食会場　FUJICAFE
藤井浩史さん
「元気がなかった商店街をすごい盛り上げてくれる施設が新しくできたなと思っている。地域活性化としてはすごく良いこと」

　去年、年間の宿泊客は大台の1万人を突破。海外からも44カ国・1500人以上もの観光客が「布施商店街」を訪れています。

北川さん
「街ごとホテルの核は、その街の日常を体験することが楽しいよね、面白いよね、と思ってもらえていること。各街に魅力がありさえすれば、どの街でも街ごとホテルは実現できる」

（2026年7月21日放送分より）
テレビ朝日",[],[]
あなたのパソコンやスマホがサイバー攻撃に悪用…？　国内で数万台以上が危機的状況に（テレビ朝日系（ANN））,https://news.yahoo.co.jp/articles/d7f6e258d57e22cae2521772b4cb9ce9522dd0dd,https://newsatcl-pctr.c.yimg.jp/t/amd-img/20260721-00010015-annd-000-2-view.jpg?exp=10800,2026-07-21T14:56:51+09:00,2026-07-21T16:09:06+09:00,テレビ朝日系（ANN）,ann,テレビ朝日系（ANN）,610,"テレ朝NEWS
国内のパソコンやスマートフォンなどの少なくとも数万台以上が、利用者の知らないところでサイバー攻撃などに悪用される可能性があることがわかりました。

警察庁と総務省によりますと、サイバー攻撃を行う人物らは、自分の身元を隠すために、第三者が使う家庭用のパソコンやスマホなどの回線を悪用する手口を多用しているということです。

調査の結果、悪用される可能性のある端末は、国内では少なくとも数万台以上あることがわかりました。

インターネットバンキングを利用した不正送金は、2024年に4369件の被害が確認され、そのうち44パーセントが、第三者の端末を悪用したものでした。

悪用されてしまうきっかけは、不審なアプリをインストールしたことなどが挙げられます。

「使用していない通信帯域（データ通信量）を共有することで収益を得られる」などとうたうアプリを利用したことで、ウイルスに感染した端末がサイバー攻撃の中継地点になってしまったという事例も確認されました。

警察庁は「提供元が不明のソフトウェアやアプリ、無料VPNなどを安易にダウンロードしたり、使用したりしないでください」と注意を呼びかけています。

また、こうした被害への対策を図るため、警察庁と総務省は、サイバー犯罪に詳しい大学教授や民間の通信事業者が参加する協議会を設置しました。

8月下旬にも第1回の会合を開くとしています。
テレビ朝日報道局",[],[]
アンジュルム平山遊季、体調不良でイベント欠席（テレビ朝日系（ANN））,https://news.yahoo.co.jp/articles/157236fcf2ef7f11b07bc4b431bab3a44b07ca0d,https://newsatcl-pctr.c.yimg.jp/t/amd-img/20260721-90195506-ann-000-1-view.jpg?exp=10800,2026-07-21T14:45:29+09:00,2026-07-21T14:45:29+09:00,テレビ朝日系（ANN）,ann,テレビ朝日系（ANN）,359,"アンジュルム平山遊季、体調不良でイベント欠席
アイドルグループ「アンジュルム」の平山遊季（19）が体調不良のため、21日開催のイベントを欠席する。同日、グループのXで発表された。

「メンバーの平山遊季ですが、体調不良のため本日の下記イベントを欠席とさせていただきます。直前のお知らせとなり大変申し訳ございません」とし、都内で行われる37thシングル「BaBaBa Burning Love!/愛が愛のままでいられますように」発売記念イベントを欠席することを伝えた。

「欠席に伴う払い戻しはございません。あらかじめご了承ください」と説明。「ファンの皆様並びに関係各位にはご心配、ご迷惑をおかけいたしますこと心よりおわび申し上げます。なにとぞご理解、ご了承のほどよろしくお願いいたします」と呼びかけている。
テレビ朝日",[],[]
【独自】南鳥島沖の泥から重レアアースを確認　近く分析結果を公表（テレビ朝日系（ANN））,https://news.yahoo.co.jp/articles/1bf27ec958e842a43443a16c6f2d97854db5e143,https://newsatcl-pctr.c.yimg.jp/t/amd-img/20260721-00000045-ann-000-15-thumb.jpg?exp=10800,2026-07-21T14:39:34+09:00,2026-07-21T19:33:44+09:00,テレビ朝日系（ANN）,ann,テレビ朝日系（ANN）,467,"All Nippon NewsNetwork(ANN)
今年2月に南鳥島沖の海底から回収された泥から希少なレアアースが確認されたことが分かりました。近く分析結果が公表される見通しです。

　今年2月、探査船「ちきゅう」が南鳥島周辺の深さ6000メートルの海底から泥を回収し、海洋研究開発機構は成分の分析を行っていました。

　関係者によりますと、回収された泥からは半導体の製造装置などに使用されるイットリウムなど重希土類と分類される希少なレアアースが確認されたということです。

　分析結果は近く公表される予定です。

　世界の供給を握る中国はこうしたレアアースへの輸出規制を続けていて、政府は供給元の多角化を進めています。

　南鳥島沖では、過去に行われた海底の地質調査でイットリウムなどのレアアースが確認されていました。

　今回、回収した泥からも希少なレアアースが確認されたことで事業化に向けた動きが加速することになります。

　内閣府は来年2月の実証試験で事業として採算が取れるのかなど、経済性を評価する予定です。
テレビ朝日",[],[]
【独自】南鳥島沖の泥から重レアアースを確認　近く分析結果を公表（テレビ朝日系（ANN））,https://news.yahoo.co.jp/articles/cff90aee64ded456bb580c08b40d039f8a50dc79,https://newsatcl-pctr.c.yimg.jp/t/amd-img/20260721-00010014-annd-000-17-thumb.jpg?exp=10800,2026-07-21T14:37:40+09:00,2026-07-21T17:31:04+09:00,テレビ朝日系（ANN）,ann,テレビ朝日系（ANN）,484,"今年2月に南鳥島沖の海底から回収された泥から希少なレアアースが確認されたことが分かりました。
【写真や動画】世界初！水深6000mから「レアアース泥」を回収　これまでの経緯
近く分析結果が公表される見通しです。
探査船「ちきゅう」
ことし2月、探査船「ちきゅう」が南鳥島周辺の深さ6000メートルの海底から泥を回収し、海洋研究開発機構は成分の分析を行っていました。

関係者によりますと、回収された泥からは半導体の製造装置などに使用されるイットリウムなど重希土類と分類される希少なレアアースが確認されたということです。

分析結果は近く公表される予定です。

世界の供給を握る中国はこうしたレアアースへの輸出規制を続けていて、政府は供給元の多角化を進めています。

南鳥島沖では過去に行われた海底の地質調査でイットリウムなどのレアアースが確認されていました。

今回、回収した泥からも希少なレアアースが確認されたことで事業化に向けた動きが加速することになります。

内閣府は来年2月の実証試験で事業として採算が取れるのかなど経済性を評価する予定です。
テレビ朝日報道局",[],[]
副首都法案　21日にも審議入り　与野党大筋合意（テレビ朝日系（ANN））,https://news.yahoo.co.jp/articles/7fc13085d8b51eeb0f77515cbe062a19a90656df,https://newsatcl-pctr.c.yimg.jp/t/amd-img/20260721-00010013-annd-000-2-view.jpg?exp=10800,2026-07-21T14:30:01+09:00,2026-07-21T20:10:54+09:00,テレビ朝日系（ANN）,ann,テレビ朝日系（ANN）,459,"テレ朝NEWS
25日まで延長された国会で最大の焦点となっている副首都関連法案について自民党と立憲民主党は参考人質疑の実施などを条件に22日に審議入りする方針で合意しました。

副首都関連法案について野党側は、「問題点が多い」と指摘していて関連する複数の委員会が合同で審議を行う連合審査や、学識経験者や専門家を交えた参考人質疑の開催などを求めていました。

自民党は、これに応じたうえで23日にも委員会で採決したい考えですが、野党側は「充実した審議が必要だ」と主張していて調整が続く見通しです。

採決をめぐっては、チームみらいを除く野党が与党案に反対することで一致しています。

立憲の斎藤国対委員長は、否決するには数議席が足りないと説明したうえで「最後まで与野党問わず働きかけを強めたい」と強調しました。

立憲民主党・斎藤国対委員長
「もうとにかく結束して目指すのは副首都法案原案の否決です。決して国民が望んでいる法案だとは思いません。ややもすると大阪の大阪のための法案とも言われていますしね」
テレビ朝日報道局",[],[]
副首都法案21日にも審議入り　与野党大筋合意（テレビ朝日系（ANN））,https://news.yahoo.co.jp/articles/c169c80af9c1ea6b1bb991e8526ed6ab036fc54a,https://newsatcl-pctr.c.yimg.jp/t/amd-img/20260721-00000043-ann-000-7-thumb.jpg?exp=10800,2026-07-21T14:27:06+09:00,2026-07-21T23:24:48+09:00,テレビ朝日系（ANN）,ann,テレビ朝日系（ANN）,480,"All Nippon NewsNetwork(ANN)
25日まで延長された国会で最大の焦点となっている副首都関連法案について、自民党と立憲民主党は参考人質疑の実施などを条件に22日に審議入りする方針で合意しました。

　副首都関連法案について、野党側は「問題点が多い」と指摘していて、関連する複数の委員会が合同で審議を行う連合審査や学識経験者や専門家を交えた参考人質疑の開催などを求めていました。

　自民党は、これに応じたうえで23日にも委員会で採決したい考えですが、野党側は「充実した審議が必要だ」と主張していて調整が続く見通しです。

　採決を巡っては、チームみらいを除く野党が与党案に反対することで一致しています。

　立憲の斎藤国対委員長は否決するには数議席が足りないと説明したうえで、「最後まで与野党問わず働き掛けを強めたい」と強調しました。

立憲民主党　斎藤国対委員長
「もうとにかく結束して目指すのは副首都法案原案の否決です。決して国民が望んでいる法案だとは思いません。ややもすると大阪の大阪のための法案とも言われていますしね」
テレビ朝日",[],[]
さとう珠緒 芸能界をやめようと思っていた時に特撮ドラマのオーディションに合格！「号泣しました」（テレビ朝日系（ANN））,https://news.yahoo.co.jp/articles/89e66923fc80935b0466b3d6974446b11b89c344,https://newsatcl-pctr.c.yimg.jp/t/amd-img/20260721-90195502-ann-000-3-view.jpg?exp=10800,2026-07-21T14:24:14+09:00,2026-07-21T15:54:15+09:00,テレビ朝日系（ANN）,ann,テレビ朝日系（ANN）,6019,"テレ朝news
1995年、スーパー戦隊シリーズ「超力戦隊オーレンジャー」（テレビ朝日系）に丸尾桃（オーピンク）で出演し、キュートなルックスと抜群のプロポーションで人気を博したさとう珠緒さん。「ぶりっ子キャラ」で一世を風靡。男性の圧倒的な支持を集める一方、「女が嫌いな女」で1位に選ばれて話題に。「出動!ミニスカポリス」（テレビ東京系）、「王様のブランチ」（TBS系）、「スーパー競馬」（フジテレビ系）、映画「希望ヶ丘夫婦戦争」（高橋巖監督）などに出演。映画「おかえりの湯」（夏目大一朗監督）が公開中のさとう珠緒さんにインタビュー。（この記事は全3回の前編）
【画像】「ぶりっ子キャラ」で話題に…さとう珠緒さんにインタビュー（写真5枚）
■サブカル系女子なのにアイドル活動に耐えられず…
事務所提供
千葉県で生まれ育ったさとうさんは、厩務員をしていた祖父の影響で、小さい頃から競走馬を見て慣れ親しんでいたという。

「小さい時は、友だちと遊ぶのも好きなんですけど、ひとりで遊んだりするのも好きで、気がつくと1個のことに集中しちゃうタイプでした。当時『織物屋さん』とか『印刷屋さん』というおもちゃがあったので、そういうものを与えられると、ずっと集中して遊んでいました。

それで、友だちと遊ぶ時には、『これは人付き合い用』という感じで『リカちゃん人形』を持って行ったり、男の子とは、外で自転車に乗って遊んだりしていましたね。

近所に『船橋競馬場』があって、祖父が働いていたので、そこに遊びに行くと馬がいっぱいいて。競走馬だから気が荒くて、危ないから近づいちゃいけないと言われていたんですけど、こっそり見に行っていました」

――のちに競馬の番組をされるのも納得ですね。芸能界に入りたいという思いは?

「子どもの頃からテレビが大好きだったので、すごく憧れはあったんですけど、自分がやることは、あまり想像できなかったです。キョンキョン（小泉今日子）や（松田）聖子ちゃん、（中森）明菜ちゃんが大人気の昭和の輝かしい時代だったので、私なんかからすると、到底雲の上の存在ですよね」

――スカウトされたりすることは?

「スカウトじゃなくて補導されちゃって（笑）。千葉に住んでいたのですが、叔母が（東京の）原宿に住んでいて、小学生の時に竹下通りをひとりで散歩していたら警察に補導されたんですよね。スカウトじゃなくて（笑）。

今と違ってもっと静かな感じだったので、叔母のところに遊びに行った時にひとりでよくキディランドにおもちゃを見に行ったりしていたんです。夕方6時ぐらいだったかな。警察からの連絡で叔母もビックリですよね。すぐに迎えに来てもらえましたけど」

――芸能界に入ることを考えたのは、いつ頃ですか?

「中2ぐらいの時に、その叔母の友だちのところにいたお姉ちゃんが、『この子、芸能人にしたらいいんじゃない?』って言って。それで叔母の知り合いの事務所に最初は預かりみたいな形で入れてもらいました。

中学を卒業したぐらいの時に『第2回ミス・アクション・オーディション』で準グランプリになって、『キキミークラブ』という10人ぐらいの女の子たちのグループのメンバーになって、TBSラジオの生放送が毎週土曜日にあったんです。

日比谷シャンテのサテライトスタジオみたいなところから『土曜の夜に捕まえて』という番組をやっていました。いきなり生番組でスタートしたんです（笑）。

10人ぐらいの女の子たちが、ワシャワシャ喋（しゃべ）るんですけど、私は『懺悔（ざんげ）の部屋』というコーナーがありまして、『こういう失敗をしてしまいました。ごめんなさい』って（笑）」

――それは、どのぐらいやられていたのですか?

「半年ぐらいです。みんなでイベントとかもやっていたのですが、そういうのがちょっと耐えられなくて。当時私はバンドが好きなサブカル系女子だったので、自分のやっていることに耐えきれなくて、『やめます!』と言ってやめちゃいました。

サブカル系なのにアイドルみたいなことをさせられているのはちょっと…という感じで。『私は何をやっているんだろう?』って思って。今思うと、本当に覚悟のない感じでやっていたので、そうなっちゃったのかもしれないです。

その後、普通に高校生活を送っていたのですが、私は団塊ジュニア世代ですごく人口が多くて就職氷河期だったんです。その時にたまたま『またやりませんか?』ってお誘いを受けて。

特にやりたいこともなかったのでちょうどいいかなみたいな感じで、またヌルヌルッと復帰した感じです（笑）。何か特別芸能界でやりたいと自分で思ったわけでもなくという感じで。よくわからないまま、誘われたからちょっとやってみようかなみたいなダメダメ人間でした（笑）」

――でも、それで人気が出てずっとお仕事が続いているというのはすごいですね

「本当に隙間産業みたいな感じで（笑）。タイミングよくずっと隙間でやってきたという感じです」
■「あと2年で売れなかったら辞めます」という誓約書
テレ朝news
芸能界に復帰し、グラビアモデルやキャンペーン・キャラクターも務めたが、なかなかうまくいかなかったという。

「18歳ぐらいの時に、本当に仕事がなくて。オーディションも受からないし、ダラダラしていたら、またそこでも叔母が出てくるんですけど、『あと2年で売れなかったら辞めます』という誓約書を書かされて。

それで、『もうこれでダメだ。辞めるんだ』って覚悟した時にスーパー戦隊シリーズ『超力戦隊オーレンジャー』に出ることになって。オーレンジャーがなければ本当にやめていたかもしれないです」

――オーディションを受けた時はどんな感じでした?

「今は、特撮ドラマは若い子の登竜門と言われていますけど、私たちの時代はまだそうじゃなかったんですよね。

でも、オーディションに行ったら、めっちゃ人がいっぱいいて、第1次、第2次、第3次って進むうちにどんどん減っていくわけですよ。そのうちに『絶対やりたい!』という気持ちになって。

オーディションの時にどうしても受かりたかったので、空手を習っている人に（空手の）型を教えてもらって練習して行ったんです。アクション審査で、いつも“にゃんこパンチ”しかできなかったので、最後は完璧にしようと思って練習をして行ったんだけど、最後は10人くらいしかいなくてカメラテストだけですぐに終わっちゃって。

せっかく練習してきたのにって、泣く泣く諦めようと思っていたのですが、諦められなくて。やっぱりアクションを見てもらおうと思って、また戻ったのですが、アクションをやるまでもなく、もう受かっていると言われて号泣しました。超嬉（うれ）しかったです」

――撮影期間はどのぐらいだったのですか?

「1年ぐらいです。その後も後楽園とかでイベントが入ったりして、それが半年ぐらい続いたので、結構拘束されていたなという感じでした」

――撮影はどんな感じでした?

「現場にはスタッフさんが総勢50人くらいいて、2週間で2本撮りが基本。最後は撮影所でアフレコをするんですけど、撮影の時に私は立ち位置にちゃんと止まれないから、映画畑の年配の照明さんとかによく怒られていました。今だったら考えられないでしょうね。あんなに怒られることは（笑）」

――かなり怒られました?

「はい。体育会系という感じですね。ちゃんとできなくて『すみません。すみません』って謝っていました。特撮チームのスタッフは、本当に多いんですよね。50人以上いたかな?みんな団体でロケ地まで移動して撮影して、さらに特撮班はスタジオで撮影。CGとかもあるのですごい人数でした。　　　　　　　　　　　　　　　　　　　　　　　　　　　　　　　　　　　　　　　　　　　　　　　　　　　　　　　　　　　　　　　　　　　　　　　　　　　　　　　　　　　　　　　　　　　　　　　　　　　　　　　　　　　　　　　　　　　　　　　　　　　　　　　　　　　　　　　　　　　　　　　　　　　　　　　　　　　　　　　　　　　　　　　　　　　　　　　　　　　　　　　　　　　　　　　　　　　　　　　　　　　　　　　　　　　　　　　　　　　　　　　　　　　　　　　　　　　　　　　　　　　　　　　　　　　　　　　　　　　　　　　　　　　　　　　　　　　　　　　　　　　　　　　　　　　　　　　　　　　　　　　　　　　　　　　　　　　　　　　　　　　　　　　　　　　　　　　　　　　　　　　　　　　　　　　　　　　　　　　　　　　　　　　　　　　　　　　　　　　　　　　　　　　　　　　　　　　　　　　　　　　　　　　　　　　　　　　　　　　　　　　　　　　　　　　　　　　　　　　　　　　　　　　　　　　　　　　　　　　　　　　　　　　　　　　　　　　　　　　　　　　　　　　　　　　　　　　　　　　　　　　　　　　　　　　　　　　　　　　　　

撮影は超ハードでしたけど、映画畑のベテランスタッフさんに映像の基礎をいろいろ教わったりして、みんなでひとつの作品をつくり上げる喜びを感じました。必死にやって、本当にいい学校だなという感じでした。みんなは『しょうがないなあ』みたいな感じで育ててくださって。オーレンジャーが最初で本当に良かったです。

いろいろ怒られもしましたけど、みんな優しくて天国みたいな現場だったので。椅子もないし、お弁当とか食べ物も自分で取りに行って、食べたら自分で捨てに行く。当たり前のことですけど、みんなで一緒にやっていると結束力が生まれるんじゃないですか。レンジャーは、みんなすごく絆が深かったですね」

――絆が深い分、番組が終わった時は寂しかったでしょうね

「寂しかったです。女の子がもうひとりいたんですよ。イエローをやっていた子がビールの

キャンペーンガールをやっていたので、その子だけすごく忙しくて、お休みもなかったんですよね。私たちがお休みの日にも仕事に行っていて。

去年オーレンジャーの30周年だったので、まず5人が喫茶店で会って、その後で撮影のためにスタジオに男性陣3人のタクシーと女性陣2人のタクシーで行ったんです。そうしたらタクシーの中で感極まって彼女が泣き始めちゃって。それを見たら私も泣いちゃって。そういう気持ちになったことが、何かまたすごく嬉しくて。長く続けていると、こういういいことがあるんだなって思いました」

――継続は力なりですね

「そうですね。続けて来て良かったなあって」

――人気が出た…という実感はありました?

「グラビアをやるようになったら、ちょっと認知度が上がっていったんですけど、自分の意識が追いつかないというか、そんな感じでしたね。褒められたとしても、自分のことじゃないような感じがしていました。

私がグラビアの仕事を始めた時は、たまたまグラビア氷河期と言われていてちょっと目立ったというか。今みたいな時代だったら通用しなかったのかもしれないです。だから、すごくいい時代でした」
■ミニスカポリスの衣装を見た時は…
テレ朝news
1996年、「出動!ミニスカポリス」（テレビ東京系）の初代ポリスとして活動することに。

テリー伊藤さんの企画によるこの番組は、ミニスカートでアメリカン・ポリス風の婦人警官の制服に身を包んだミニスカポリスたちが、「時にはパンチ!時にはキック!タイホしちゃうぞ!」を決めゼリフに、「任務」と呼ばれる様々なゲーム等に挑戦するというもの。

――スタイルの良さが際立っていて、ミニスカートの制服が良く似合っていましたね

「ありがとうございます。お尻ギリギリのミニスカートで。あの衣装を見た時は、さすがに断ろうかと思ったんですけど、やることになって。こっちが恥ずかしがっていたら見ている方も恥ずかしいだろうなと思って気をつけるようにしました」

――企画はテリー伊藤さんだったのですね

「そうです。あの番組は、朝5時とか6時集合で2本撮りだったんです。例えば『夜のカップルを追跡しよう』って、ミニスカポリスの格好で待たされるんですよ。1歩間違えたらストーカーですよね（笑）。

あと、ミニスカポリスがパンチラして、男の人が一瞬でもそれを見たかどうか検証するみたいなこともやっていました（笑）。本当に今考えるとすごいことをやっていましたね。楽しかったですけど（笑）。

でも、半年ぐらいで初代ミニスカポリスはいきなり終わっちゃったんです。初めてだったからテストケースみたいなものだったのかもしれないですけどショックでした。いつものように『また来週よろしくお願いします』という感じで帰って終わりでしたから。

そのあと2代目、3代目って別のミニスカポリスたちが続くんですけど。でも、ミニスカポリスをやっていた時に電車で隣に座っていたサラリーマンが、『今日ミニスカポリスだから帰らなきゃ』って言っているのを初めて聞いたんですよね。あの番組を楽しみに見ている人がいるんだと思って、すごく嬉しかったです」

――当時の深夜番組は結構すごい企画が多かったですね

「テレビ東京だったのですが、『ギルガメッシュないと』（テレビ東京系）とか、その当時で際どいギリギリのところで勝負してやろうという気概みたいなものはありましたよね。ちょっとエロチックすぎて（笑）。今はもうエロチックもコンプラであまりできなくなりましたけど、時代ですよね」

「超力戦隊オーレンジャー」を見て「スーパー競馬」のプロデューサーが、アシスタントとして起用、のちに司会を担当することになり、「スーパー競馬」がきっかけで「王様のブランチ」の2代目司会者に。そして「走れ公務員!」（フジテレビ系）で連続ドラマ初主演を果たし、仕事の幅が広がっていく。次回は、ぶりっ子キャラ、撮影エピソードなども紹介。（津島令子）

※さとう珠緒（さとう・たまお）プロフィル

1973年1月2日生まれ。千葉県出身。1995年、「超力戦隊オーレンジャー」で注目され、「出動!ミニスカポリス」、「タモリの超ボキャブラ天国」（フジテレビ系）、「スーパー競馬」、「王様のブランチ」、「愛のエプロン3」（テレビ朝日系）、映画「釣りバカ日誌13 ハマちゃん危機一髪!」（本木克英監督）、オリジナルビデオ「ネット探偵アイコ 殺人サイトの謎」（宮坂武志監督）、映画「刺青 匂ひ月のごとく」（三島有紀子監督）などに出演。「月刊さとう珠緒」（新潮社）など写真集も多数出版。映画「おかえりの湯」が公開中。

ヘアメイク:結城小百合
テレビ朝日",[],[]
JO1が9月の韓国公演のチケット発売延期を発表「正常に進行することが極めて困難」（テレビ朝日系（ANN））,https://news.yahoo.co.jp/articles/3aef078d52da5df3fce4575f5f1228791f04997f,https://newsatcl-pctr.c.yimg.jp/t/amd-img/20260721-90195501-ann-000-1-view.jpg?exp=10800,2026-07-21T14:24:14+09:00,2026-07-21T14:24:14+09:00,テレビ朝日系（ANN）,ann,テレビ朝日系（ANN）,653,"JO1が9月の韓国公演のチケット発売延期を発表「正常に進行することが極めて困難」
グローバルボーイズグループ、JO1が21日、公式サイトで9月26、27日に韓国・ソウルで開催を予定している公演のチケット販売を延期することを発表した。

公式サイトでは「2026年9月26日・27日にTICKETLINK LIVE ARENA（ソウル）にて開催を予定しております、『JO1DER SHOW 2026 'EIEN 永縁' LIMITED EDITION IN SEOUL』についてお知らせいたします」と書き出し、「7月21日（火）20:00から予定しておりますJO1 OFFICIAL FANCLUB 先行受付、および7月22日（水）20:00からの一般販売スケジュールを一時延期とさせていただきます」と伝えた。

延期の理由として、「現在、開催予定の会場周辺の状況や公演運営における諸般の要件を総合的に判断した結果、予定していた公演を正常に進行することが極めて困難な状況」であると説明した。

続けて「当社は皆様の安全を最優先に考慮し、会場の変更や公演の中止を含め多角的な検討と慎重な議論を重ねております」と記し、「本公演を楽しみにしてくださっている皆様には混乱とご不便をおかけしますことをおわび申し上げます」と謝罪。「チケット販売の開始日時や変更後の詳細につきましては、確定次第、JO1 OFFICIAL SITEおよび公式SNS、プレイガイドにて改めてご案内いたします」とアナウンスしている。
テレビ朝日",[],[]
関東・東海で40℃迫る 今年初の「酷暑日」か　危険な暑さ 熱中症に厳重警戒（テレビ朝日系（ANN））,https://news.yahoo.co.jp/articles/0e410293535d83fcd67e377231260b743e0a86b2,https://newsatcl-pctr.c.yimg.jp/t/amd-img/20260721-00000042-ann-000-2-thumb.jpg?exp=10800,2026-07-21T14:17:35+09:00,2026-07-21T14:24:27+09:00,テレビ朝日系（ANN）,ann,テレビ朝日系（ANN）,344,"All Nippon NewsNetwork(ANN)
関東や東海では、今年初めて40℃以上の酷暑日となる恐れがあります。

　背の高い高気圧に覆われ、各地で今年一番の暑さとなっています。

　この時間までに岐阜県の郡上市八幡や、多治見で39℃を超えました。

　東京都心も2日連続の猛暑日となり、今年の最高気温を更新しています。

　関東の内陸や東海では、この後40℃に到達する恐れがあります。

　国内で40℃以上が観測されれば9年連続で、酷暑日という名称が決定してからは初めてのことです。

　危険な暑さは週末にかけて続く見込みで、埼玉県の熊谷と名古屋では、23日にかけて40℃が予想されています。

　気温の高い時間帯の外出を控えるなど、熱中症対策を徹底してください。
テレビ朝日",[],[]
【速報】初の「酷暑日」　岐阜や愛知で気温40℃超に（テレビ朝日系（ANN））,https://news.yahoo.co.jp/articles/8dae256e38a3a7d82e0c5864f7e44943f05c4e9a,https://newsatcl-pctr.c.yimg.jp/t/amd-img/20260721-00000041-ann-000-14-thumb.jpg?exp=10800,2026-07-21T14:11:52+09:00,2026-07-21T19:33:49+09:00,テレビ朝日系（ANN）,ann,テレビ朝日系（ANN）,412,"All Nippon NewsNetwork(ANN)
岐阜県郡上市八幡の気温が40℃に到達しました。気象庁が名称を決めてから初めての「酷暑日」となります。

　21日も真夏の強い日差しが照り付け、各地で気温が上がっています。

　岐阜県郡上市の八幡では午後2時前に40℃を観測し、今年全国で初めて40℃以上の酷暑日となりました。

　その後は岐阜県多治見市で40.3℃、愛知県豊田市で40.1℃を観測しています。

　気象庁が今年4月に酷暑日という名称を定めてから初めての観測です。

　全国的にも危険な暑さで、熱中症警戒アラートは今年最多となる42の都府県に発表されています。

　この厳しい暑さは数日にわたって続くと見られていて、名古屋市や埼玉県熊谷市では23日まで連続して40℃となる恐れがあります。

　気温が高くなる昼前後の時間帯は外出を控え、適切にエアコンを使用するなど万全の熱中症対策が必要です。
テレビ朝日",[],[]
【速報】千葉・野田市のプラスチック工場で火事　消火活動中（テレビ朝日系（ANN））,https://news.yahoo.co.jp/articles/bb7fc8409ebaf50147a8cc8632fd0d6deeda67bc,https://newsatcl-pctr.c.yimg.jp/t/amd-img/20260721-00000040-ann-000-7-thumb.jpg?exp=10800,2026-07-21T14:10:47+09:00,2026-07-21T18:57:10+09:00,テレビ朝日系（ANN）,ann,テレビ朝日系（ANN）,278,"All Nippon NewsNetwork(ANN)
千葉県野田市のプラスチック工場で火事があり、現在、消防が消火活動にあたっています。これまでにけが人などは確認されていません。

　21日午後1時ごろ、野田市関宿台町で「ダクトから火が出ました。煙がひどいです。従業員は7人くらいです」と119番通報がありました。

　警察と消防によりますと、プラスチック工場から火が出て、消防車など6台が出動して消火活動にあたっています。

　これまでにけがをした人や逃げ遅れた人がいるという情報は入っていないということで、警察と消防が確認を進めています。
テレビ朝日",[],[]
【速報】岐阜・郡上市八幡で40.0℃ 今年の全国最高気温更新　「酷暑日」決定後で初（テレビ朝日系（ANN））,https://news.yahoo.co.jp/articles/d84ea5c83c5ecbcb1e3b3d31ec902239b17db4b1,https://newsatcl-pctr.c.yimg.jp/t/amd-img/20260721-00010012-annd-000-6-view.jpg?exp=10800,2026-07-21T14:07:18+09:00,2026-07-21T14:26:35+09:00,テレビ朝日系（ANN）,ann,テレビ朝日系（ANN）,397,"テレ朝NEWS
速報です。

岐阜県郡上市八幡の気温が40℃に到達しました。

気象庁が名称を決めてからはじめての「酷暑日」となります。

きょうも真夏の強い日差しが照り付けて、各地で気温が上がっています。

岐阜県郡上市の八幡では、午後2時前に40度を観測し、今年全国で初めて40℃以上の酷暑日となりました。

その後、午後2時過ぎには多治見市でも40．3度を観測しています。

気象庁が今年4月に「酷暑日」という名称を定めてから初めての観測です。

全国的にも危険な暑さで、熱中症警戒アラートは今年最多となる42の都府県に発表されています。

この厳しい暑さは数日にわたって続くと見られていて、名古屋や埼玉県の熊谷では23日木曜日まで連続して40℃となる恐れがあります。

気温が高くなる昼前後の時間帯は外出を控え、適切にエアコンを使用するなど万全の熱中症対策が必要です。
テレビ朝日報道局",[],[]
無登録で投資勧誘か「財務省と仕事してる」 46歳男逮捕（テレビ朝日系（ANN））,https://news.yahoo.co.jp/articles/38466bc5f34e577474c4b75072891c6a21d17dfe,https://newsatcl-pctr.c.yimg.jp/t/amd-img/20260721-00000039-ann-000-2-thumb.jpg?exp=10800,2026-07-21T14:06:32+09:00,2026-07-21T14:24:30+09:00,テレビ朝日系（ANN）,ann,テレビ朝日系（ANN）,292,"All Nippon NewsNetwork(ANN)
無登録で投資事業に出資するよう勧誘したとして46歳の男が逮捕されました。

　香川亮容疑者（46）は2021年、無登録にもかかわらず、先物投資事業に出資するよう男性2人を勧誘した疑いが持たれています。

　警視庁によりますと、香川容疑者は「証券会社のセミナーの講師をしていて、財務省とも仕事をしている」「100人以上の投資家がいて、2億から3億円が集まっている」などと説明していました。

　あわせて300万円を集めていたということです。

　警視庁は、香川容疑者が他にも複数人から金を集めていたとみて調べています。
テレビ朝日",[],[]
羽田1.9億円“強盗未遂” 少年含む4人を逮捕（テレビ朝日系（ANN））,https://news.yahoo.co.jp/articles/357966f14e85bfb51e10c1e2ece60a739ce84ba3,https://newsatcl-pctr.c.yimg.jp/t/amd-img/20260721-00000038-ann-000-3-thumb.jpg?exp=10800,2026-07-21T14:04:33+09:00,2026-07-21T14:49:44+09:00,テレビ朝日系（ANN）,ann,テレビ朝日系（ANN）,296,"All Nippon NewsNetwork(ANN)
羽田空港で男性から現金1億9000万円余りを奪おうとしたとして、20歳の男や少年ら4人が再逮捕されました。

　小山義翔容疑者や16歳の少年ら4人は1月、羽田空港の駐車場で50代の男性の顔に催涙スプレーをかけるなどしたうえ、現金1億9500万円を奪おうとした疑いが持たれています。

　警視庁によりますと、小山容疑者は紙袋に入った現金をキャリーケースに入れ替えていた男性に「何してるの？」と声を掛けたうえ、催涙スプレーを噴射したということです。

　4人は事件の直前に別の男性からバッグを盗もうとしたとして逮捕されています。
テレビ朝日",[],[]
【速報】千葉・野田市のプラスチック工場で火災　現在も消火活動続く（テレビ朝日系（ANN））,https://news.yahoo.co.jp/articles/574974467519f202479a5a919c5950a1d2443ac7,https://newsatcl-pctr.c.yimg.jp/t/amd-img/20260721-00010011-annd-000-5-thumb.jpg?exp=10800,2026-07-21T14:01:19+09:00,2026-07-21T18:10:01+09:00,テレビ朝日系（ANN）,ann,テレビ朝日系（ANN）,291,"“【速報】千葉・野田市のプラスチック工場で火災　現在も消火活動続く”
速報です。
千葉県野田市のプラスチック工場で火事があり、現在、消防が消火活動にあたっています。

これまでに、けが人などは確認されていません。

午後1時ごろ、野田市関宿台町で｢ダクトから火が出ました煙がひどいです。従業員は7人くらいです｣と119番通報がありました。

警察と消防によりますと、プラスチック工場から火が出て、消防車など6台が出動して消火活動にあたっています。

これまでに、けがをした人や逃げ遅れた人がいるという情報は入っていないということで、警察と消防が確認を進めています。
テレビ朝日報道局",[],[]
すみれ、石田純一＆いしだ壱成とのバースデー“家族３ショット”を公開！（テレビ朝日系（ANN））,https://news.yahoo.co.jp/articles/34d174635ea049fb339df5385da291c69b3dc68e,https://newsatcl-pctr.c.yimg.jp/t/amd-img/20260721-90195498-ann-000-2-view.jpg?exp=10800,2026-07-21T13:54:14+09:00,2026-07-21T14:30:36+09:00,テレビ朝日系（ANN）,ann,テレビ朝日系（ANN）,385,"すみれ、石田純一＆いしだ壱成とのバースデー“家族３ショット”を公開！
モデルで歌手のすみれ（36）が21日までにインスタグラムで、父で俳優の石田純一（72）らとともに過ごしたバースデーショットを公開した。

今月15日に誕生日を迎えたすみれは「幸せなバースデーでした」とつづり、ホールケーキを手に笑顔の写真をアップ。

純一と兄で俳優のいしだ壱成（51）との“家族スリーショット”のほか、タレントのアン ミカ夫妻との写真も投稿している。

壱成も18日のインスタグラムで「君が知っているように、僕は永遠に君を愛している。君が信じる道を歩んでくれ。僕はいつも君を守るために後ろにいる。心からの祝福とたくさんの愛を込めて。兄より」と英文でつづり、「すみれ、おめでとう、いつも想（おも）ってるよ」の言葉とともに、“家族スリーショット”を添えている。

※写真は資料
テレビ朝日",[],[]
日銀の自主性を注釈で記載　「骨太の方針」閣議決定　金利上昇で原案を修正（テレビ朝日系（ANN））,https://news.yahoo.co.jp/articles/3fac7851e862a7adc892c7ab62461c207fd2ba07,https://newsatcl-pctr.c.yimg.jp/t/amd-img/20260721-00000037-ann-000-8-thumb.jpg?exp=10800,2026-07-21T13:35:58+09:00,2026-07-21T23:38:44+09:00,テレビ朝日系（ANN）,ann,テレビ朝日系（ANN）,623,"All Nippon NewsNetwork(ANN)
政府の財政運営の基本となる「骨太の方針」が閣議決定されました。長期金利の上昇や歴史的な円安につながった、いわゆる「骨太ショック」を受け、金融政策は日本銀行に委ねられることが追加で盛り込まれています。

　閣議決定された骨太の方針では第1章「マクロ経済運営の基本的考え方」の注釈として、「日銀法第3条に基づき、金融政策の具体的な手法については日銀に委ねられる」との文言が新たに記載されました。

　先月下旬に骨太の方針の原案が発表されると、長期金利は一時、約30年ぶりとなる2.9％まで上昇し、円相場も39年半ぶりに1ドル＝162円台後半まで進みました。

　市場関係者は共同声明に沿った政府との緊密な連携といった表現などから政府が日銀を牽制（けんせい）していて、インフレに対応するための利上げが遅れるという見方が広がったことが一因だと分析しています。

　この骨太ショックを受け、市場の信認を得るべきだという声が閣僚からも上がり、日銀の自主性を強調した形で原案を修正したものとみられます。

　このほか、給付付き税額控除と飲食料品の消費税率については社会保障国民会議の中間とりまとめを踏まえて来月上旬までをめどに方針を決めるとしています。

　また、人材の獲得競争が激しくなるなか、退職した自衛隊員や家族への支援について新たな庁の設置を含め検討することも新たに盛り込まれました。
テレビ朝日",[],[]
東ティモールで日本人1人が当局に拘束　特殊詐欺に関与か（テレビ朝日系（ANN））,https://news.yahoo.co.jp/articles/ce91ad4f511f2e38aedab1e869780d0a652d65a8,https://newsatcl-pctr.c.yimg.jp/t/amd-img/20260721-00000034-ann-000-8-view.jpg?exp=10800,2026-07-21T13:22:52+09:00,2026-07-21T23:33:38+09:00,テレビ朝日系（ANN）,ann,テレビ朝日系（ANN）,432,"""東ティモールで日本人1人が当局に拘束　特殊詐欺に関与か""
東南アジアの東ティモールで特殊詐欺に関与したとみられる日本人1人が拘束されました。特殊詐欺を巡り、日本人が東ティモールで拘束されるのは初めてとみられます。

　東ティモール警察は19日、首都ディリで詐欺拠点とみられるホテルを摘発し、日本人1人と中国人1人を拘束したと発表しました。

　ホテルからは衛星通信サービス「スターリンク」の機器や複数のパスポートなどを押収したということです。

　現地の日本大使館は「日本人男性1人が拘束されたことは確認している」と明かしたうえで、当局と連携して適切に対応するとしています。

　東南アジアではミャンマーやカンボジアなどで詐欺拠点の取り締まりが強まるなか、犯罪組織は別の国へ拠点を移していると指摘されています。

　東ティモールでもこの1カ月間で数百人以上が拘束されていますが、日本人の拘束は初めてとみられます。

画像：東ティモール警察のSNSから
テレビ朝日",[],[]
トランプ氏「米兵殺害の代償を払わせる」米軍10日連続でイラン攻撃（テレビ朝日系（ANN））,https://news.yahoo.co.jp/articles/51aeeae82af23d3820f1dbd2849d2d8b1c5bd21b,https://newsatcl-pctr.c.yimg.jp/t/amd-img/20260721-00000036-ann-000-9-thumb.jpg?exp=10800,2026-07-21T13:21:49+09:00,2026-07-21T20:21:22+09:00,テレビ朝日系（ANN）,ann,テレビ朝日系（ANN）,334,"All Nippon NewsNetwork(ANN)
アメリカのトランプ大統領はイランに対し、米軍兵士が殺害されるたびに「何倍もの代償を払わせる」として報復を警告しました。

　アメリカとイランの攻撃の応酬が続くなか、17日以降、少なくとも米軍兵士3人が死亡しています。

　トランプ大統領は20日、SNSに「イランが米軍の兵士を殺害するたびにその何倍もの代償を払わせる」と投稿しました。

　そのうえで「この方針はヘグセス国防長官やケイン統合参謀本部議長など軍のすべての幹部に伝達された」として、イランに対し報復を警告しました。

　一方、アメリカ中央軍は20日、トランプ大統領の指示に基づき、イランに対して10日連続となる攻撃を行ったと発表しました。
テレビ朝日",[],[]
東ティモールで日本人1人を拘束 特殊詐欺めぐっては初　カンボジアなどから犯罪組織が移転か（テレビ朝日系（ANN））,https://news.yahoo.co.jp/articles/b3244e83cbc5ea13f0b312b61ae540cbbf21a867,https://newsatcl-pctr.c.yimg.jp/t/amd-img/20260721-00010010-annd-000-2-view.jpg?exp=10800,2026-07-21T13:20:12+09:00,2026-07-21T13:23:12+09:00,テレビ朝日系（ANN）,ann,テレビ朝日系（ANN）,402,"東ティモール警察のSNSから
東南アジアの東ティモールで、特殊詐欺に関与したとみられる日本人1人が拘束されました。

特殊詐欺をめぐり日本人が東ティモールで拘束されるのは初めてとみられます。

東ティモール警察は19日、首都ディリで詐欺拠点とみられるホテルを摘発し、日本人1人と中国人1人を拘束したと発表しました。

ホテルからは、衛星通信サービス｢スターリンク｣の機器や複数のパスポートなどを押収したということです。

現地の日本大使館は｢日本人男性1人が拘束されたことは確認している｣と明かしたうえで、当局と連携して適切に対応するとしています。

東南アジアでは、ミャンマーやカンボジアなどで詐欺拠点の取り締まりが強まるなか、犯罪組織は別の国へ拠点を移していると指摘されています。

東ティモールでも、この1カ月間で数百人以上が拘束されていますが、日本人の拘束は初めてとみられます。
テレビ朝日報道局",[],[]
NYの連邦政府ビルに放火 「ICEを街から追い出せ」3人が軽傷（テレビ朝日系（ANN））,https://news.yahoo.co.jp/articles/7a790187b4acf3d21e2bcd976672f34a3f4a1d23,https://newsatcl-pctr.c.yimg.jp/t/amd-img/20260721-00000035-ann-000-4-thumb.jpg?exp=10800,2026-07-21T13:18:41+09:00,2026-07-22T01:43:31+09:00,テレビ朝日系（ANN）,ann,テレビ朝日系（ANN）,354,"All Nippon NewsNetwork(ANN)
ニューヨークの連邦政府の庁舎の入り口で男がガソリンをまき、火をつけて3人が軽いけがをしました。

　ニューヨークのマンハッタンで20日午前8時半ごろ、FBI＝連邦捜査局や、ICE＝移民税関捜査局が入るビルの入り口付近に男がガソリンをまきました。

　そしてまいたガソリンと大きな花火にライターで火をつけました。

　火は建物に燃え移る前に消し止められましたが、政府職員2人と民間人1人が軽いけがをしました。

　男は駆け付けた捜査員に拘束されました。

　警察によりますと、男は43歳の退役軍人で空気銃やおの、ハンマーなども所持していました。

　また、ガソリンなどを運ぶために使ったカートには「ICEを街から追い出せ」と書かれていました。
テレビ朝日",[],[]
すがちゃん最高No.1、AIで自身の魅力を聞くも予想外の答え…｢俺痛いんだっけ？｣（テレビ朝日系（ANN））,https://news.yahoo.co.jp/articles/9608dc6cd734442c06e4476b4d1aaed8c4f69787,https://newsatcl-pctr.c.yimg.jp/t/amd-img/20260721-90195493-ann-000-2-view.jpg?exp=10800,2026-07-21T13:15:28+09:00,2026-07-21T15:21:15+09:00,テレビ朝日系（ANN）,ann,テレビ朝日系（ANN）,676,"すがちゃん最高No.1、AIで自身の魅力を聞くも予想外の答え…｢俺痛いんだっけ？｣
お笑いトリオ「ぱーてぃーちゃん」のすがちゃん最高No.1、金子きょんちぃ、信子と、元プロレスラーでタレントの長州力（74）が21日、都内で行われた「Genspark 6.0ローンチ記念イベント」に登壇した。
【画像】すがちゃん最高No.1、AIで自身の魅力を聞くも予想外の答え…「俺痛いんだっけ?」
AIワークスペース「Genspark（ジェンスパーク）」を展開するGenspark株式会社は、新バージョンである「Genspark 6.0」をスタート。全てのプロジェクトを記憶する世界最先端のクラウドメモリー機能や、同機能と自動連携するAIボイスレコーダーなどを使うことができる。

「普段、AIを使うか?」と聞かれると、きょんちぃは「使います!」と即答。「（番組の）アンケートに困った時とかに頼ってみたりする」と答え、すがちゃんから「ひきょう者!」とツッコまれていた。きょんちぃは「自分で作った上で、“もっといい文章にして”とか…」と全てをAIに頼っているわけではないという。

信子は「うちはAIを下に見てるからさ!うちの方が上と思ってる」と、あまりAIを活用していない様子。

すがちゃんは、AIに自身の魅力を聞いてみたといい、「そうしたら、かっこ良さと優しさと痛さを全て共存させた芸人って。俺痛いんだっけ?」と、予想外の答えが返ってきたことを明かした。

一方、長州は「1度だけ触ったことがある。でもよく分からなかった」とAIには詳しくないようだ。
テレビ朝日",[],[]
親イラン武装組織「フーシ派」サウジに海上封鎖宣言 バブエルマンデブ海峡封鎖か（テレビ朝日系（ANN））,https://news.yahoo.co.jp/articles/cb01737d464596c7a40b21e33a935e610a48aa34,https://newsatcl-pctr.c.yimg.jp/t/amd-img/20260721-00000033-ann-000-2-thumb.jpg?exp=10800,2026-07-21T12:51:47+09:00,2026-07-21T13:06:58+09:00,テレビ朝日系（ANN）,ann,テレビ朝日系（ANN）,369,"All Nippon NewsNetwork(ANN)
中東イエメンを拠点とする親イラン武装組織「フーシ派」は、サウジアラビアに対する海上封鎖を宣言しました。

　フーシ派の報道官は20日、サウジアラビアが「およそ12年にわたり不当で抑圧的な包囲を続け、港と空港を全面的に封鎖している」と非難したうえで、「目には目を」の原則に基づき、サウジアラビアに対して即時に海上封鎖を実施すると発表しました。

　海上交通の要衝バブエルマンデブ海峡の封鎖が懸念されます。

　一方、サウジアラビアはフーシ派を非難していますが、「正統」なイエメン政府への支援は引き続き行うと明らかにしています。

　双方は、イエメン内戦後2022年から非公式の停戦を維持していましたが、サウジアラビアが13日にイエメンの空港を攻撃し、情勢が悪化しています。
テレビ朝日",[],[]
骨太の方針を閣議決定　飲食料品の消費減税「8月上旬までをめどに方針」　（テレビ朝日系（ANN））,https://news.yahoo.co.jp/articles/f95d97601392b6e083091ffe7580e5fbe4ca7e37,https://newsatcl-pctr.c.yimg.jp/t/amd-img/20260721-00000031-ann-000-9-thumb.jpg?exp=10800,2026-07-21T12:50:59+09:00,2026-07-21T23:38:39+09:00,テレビ朝日系（ANN）,ann,テレビ朝日系（ANN）,338,"All Nippon NewsNetwork(ANN)
政府は経済財政運営の基本となる「骨太の方針」を閣議決定し、飲食料品の消費減税について「8月上旬までをめどに方針を決定する」と明記しました。

高市総理大臣
「強い経済の実現と財政の持続可能性の確保を両立させる予算となるよう取り組んで下さい」

　高市総理は「行き過ぎた緊縮志向と未来への投資不足の流れを断ち切る」としたうえで、財政の持続可能性と市場の信認確保に配慮する方針を堅持すると述べました。

　中・低所得者への新たな給付制度のつなぎとして議論されている飲食料品の消費減税については「今後、予定されている社会保障国民会議の中間とりまとめを踏まえ、8月上旬までをめどにその方針を決定する」と明記しました。
テレビ朝日",[],[]
子ども9人含む11人犠牲　明石歩道橋事故から25年（テレビ朝日系（ANN））,https://news.yahoo.co.jp/articles/afef91da41907585c13c1ca5efe555c74a52fe2c,https://newsatcl-pctr.c.yimg.jp/t/amd-img/20260721-00000032-ann-000-5-thumb.jpg?exp=10800,2026-07-21T12:48:44+09:00,2026-07-22T01:42:29+09:00,テレビ朝日系（ANN）,ann,テレビ朝日系（ANN）,344,"All Nippon NewsNetwork(ANN)
兵庫県明石市の歩道橋で花火大会に訪れた11人が亡くなった事故から、21日で25年です。現場では遺族らが犠牲者を追悼しました。

　25年前のきょう、兵庫県明石市の歩道橋で花火大会の見物客が折り重なって倒れ、子ども9人を含む11人が死亡し、247人が重軽傷を負いました。

　現場となった歩道橋では、当時2歳の次男を亡くした下村誠治さんが、明石市の新人職員ら72人に当時の状況などを説明しました。

次男を亡くした下村誠治さん（68）
「きついきつい状況で子どもを亡くしました。二度と起こしてはいけないという思いで、ずっとやってきました」

　遺族や職員らは現場で静かに祈りを捧げて、事故の教訓を改めて胸に刻んでいました。
テレビ朝日",[],[]
蚊をブロック、虫よけ機能の服が人気　生地は防虫加工、通気性良く　紳士服大手も参入（テレビ朝日系（ANN））,https://news.yahoo.co.jp/articles/574ff327fd22f1327973bced2291b52893a83ecd,https://newsatcl-pctr.c.yimg.jp/t/amd-img/20260721-90195486-ann-000-5-view.jpg?exp=10800,2026-07-21T12:48:15+09:00,2026-07-21T18:42:15+09:00,テレビ朝日系（ANN）,ann,テレビ朝日系（ANN）,1389,"蚊をブロック、虫よけ機能の服が人気　生地は防虫加工、通気性良く　紳士服大手も参入
今年は蚊の発生が例年より多いとされています。猛暑の影響で活動が11月まで長引くとみられる中、“着る虫よけ”が人気を集めています。
【画像】虫よけ加工やUVカット、ドライ素材など、夏に求められる機能を備えたTシャツ
専門家「今年の蚊は2割増」
三連休の最終日で、関東の梅雨明けが発表された20日。大自然に囲まれた千葉県市川市のアスレチック施設は、多くの人でにぎわっていました。

　一番人気が、空中を疾走する全長60メートルの「スカイライダー」です。

　本格的な夏の到来。しかし、早くも多くの人を悩ませているのが蚊です。

来場者
「もう、ここに刺されてます。きょうですね、来てすぐですね」 
「私も刺されました。（虫よけスプレーは）汗で結局、意味ないですね」
「したけどね」

来場者
「（今年は）めっちゃ刺されました。数えきれないほど」

　森や池に囲まれているアスレチック場は、蚊が発生しやすい環境でもあります。施設では、3カ月ごとに行う殺虫剤の散布を今年はすでに2回実施するなど、対策を強化しています。

ありのみコース　丸山清史マネージャー
「このつり橋の下も結構ジャングルになってるんで、蚊が多いから、ここもたっぷりと薬をまきます。まかなかったら、瞬時にもうボコボコですね」

　専門家によると、実は今年は「蚊が多い」といいます。

（株）三共消毒　産業医科大学　非常勤講師
荻野和正博士
「去年よりは多い、明らかに。量的なものは、去年と比較で、例えば2割増しぐらい。最近の気候でいくと10月末までは確実にいる。条件によっては11月の初めまで発生」
“着る虫よけ”大手も参入
こうした中、注目されているのが“着る虫よけ”です。

　「洋服の青山」がこの夏発売したのが、顔まで覆うことができる、パーカータイプの虫よけウェアです。

　蚊が嫌う成分を生地に加工し、通気性の高いメッシュ素材を採用しています。

　実際に着てみると、すごく軽くてとても動きやすく、匂いも特にしません。顔まで覆われているので、虫は入ってこなさそうです。

　この“着る虫よけ”、想定の1.5倍以上の売れ行きだといいます。

洋服の青山　新橋烏森口店
河口穂高上席店長
「ストレッチ、あとはウォッシャブル（洗える）、通気性。今まで培った、学んだものをしっかり、その商品に生かして作り上げた」

　虫よけ機能を備えた洋服は他にもあります。

Fishman　赤塚ケンイチ代表
「例えば、大きいビニール袋の中に蚊を1万匹ぐらい入れたとして、そうすると肌のほうにガンガン刺してくるんですけど、黒いTシャツのほうにはもちろん刺してこないくらい（防虫加工を）練りこんでいる」

　一見、普通のTシャツに見えますが、虫よけ加工やUVカット、ドライ素材など、夏に求められる機能を備えています。2万回洗濯しても効果は続くということです。
洋服選びでリスク減少
専門家は、普段の洋服選びを気を付けるだけで、蚊に刺されるリスクを減らせると話します。

荻野博士
「襟はないほうがいい。襟の所に（蚊が）隠れたり、隠れるもとをつくるので、丸首でゆったりとした白い服とかがいいと思います」

（2026年7月21日放送分より）
テレビ朝日",[],[]
ワーナー買収を2週間 米連邦地裁が差し止め　長期化ならパラマウントに打撃（テレビ朝日系（ANN））,https://news.yahoo.co.jp/articles/07213d4a695e1e41e2c92ae00211c15241977112,https://newsatcl-pctr.c.yimg.jp/t/amd-img/20260721-00000030-ann-000-5-thumb.jpg?exp=10800,2026-07-21T12:46:39+09:00,2026-07-22T01:44:35+09:00,テレビ朝日系（ANN）,ann,テレビ朝日系（ANN）,360,"All Nippon NewsNetwork(ANN)
アメリカのメディア大手パラマウント・スカイダンスによるワーナー・ブラザース・ディスカバリーの買収計画について、アメリカの連邦地裁が一時差し止めを命じました。

　パラマウントによるワーナーの買収計画を巡っては、カリフォルニア州やニューヨーク州など12の州が差し止めを求め提訴していました。

　映画やテレビ市場の寡占につながり、競争が阻害されて価格の上昇を招くと主張しています。

　カリフォルニア州の連邦地裁は20日、買収計画を8月3日まで2週間、差し止めることを命じました。

　地裁は次回、8月3日に審理する予定です。

　アメリカメディアは最終的な判断に数カ月かかる可能性があり、そうなった場合、パラマウントにとって打撃になると指摘しています。
テレビ朝日",[],[]
“刃物男”コンビニに車で突入 怒鳴りながら凶器持ち徘徊　神奈川・相模原市（テレビ朝日系（ANN））,https://news.yahoo.co.jp/articles/f76e146b18e3e387ee6322375724ec9289991249,https://newsatcl-pctr.c.yimg.jp/t/amd-img/20260721-00000029-ann-000-4-thumb.jpg?exp=10800,2026-07-21T12:44:43+09:00,2026-07-21T14:28:33+09:00,テレビ朝日系（ANN）,ann,テレビ朝日系（ANN）,359,"All Nippon NewsNetwork(ANN)
相模原市のコンビニ店で包丁を所持したとして現行犯逮捕された男が、車で店内に突っ込んだ後、店員や客らに怒鳴りながら、凶器を持って徘徊（はいかい）していたことが分かりました。

　渋谷恭平容疑者（45）は20日、相模原市のコンビニの駐車場で、包丁を所持した疑いが持たれています。

　その後の捜査関係者への取材で、渋谷容疑者は、車でコンビニ店に突っ込んだ後、店員や客らに怒鳴りながら、包丁とゴルフクラブを持って徘徊していたことが分かりました。

　「通報しろ」などと発言していましたが、駆け付けた警察官の指示に従わなかったため、警察官が威嚇発砲し、現行犯逮捕したということです。

　現場近くの男の自宅で火事が起きていて、警察が詳しい経緯を調べています。
テレビ朝日",[],[]
22年解散の元アイドルが第1子妊娠を発表「体調も安定したこのタイミングで」（テレビ朝日系（ANN））,https://news.yahoo.co.jp/articles/2ea7cb063ac39eb55e347ac12c575473a85f007c,https://newsatcl-pctr.c.yimg.jp/t/amd-img/20260721-90195490-ann-000-5-view.jpg?exp=10800,2026-07-21T12:39:14+09:00,2026-07-21T17:54:15+09:00,テレビ朝日系（ANN）,ann,テレビ朝日系（ANN）,550,"22年解散の元アイドルが第1子妊娠を発表「体調も安定したこのタイミングで」
元アイドルで振付師としても活動する村上瑠美奈（36）が20日、インスタグラムで第1子妊娠を発表した。

村上は「このたび、おなかに新しい命を授かりました」と伝え、「最近は元気いっぱいの胎動を感じていて、いとおしさとともに『ここにいるんだなぁ』と命の力強さを感じています」と大きくなったおなかを優しくなでるような写真やエコー写真などを公開した。

　続けて、「初めてのことばかりでドキドキですが、穏やかな日々を大切に過ごしていきたいなと思っています」と妊婦ライフを楽しんでいるよう。

「これまで、お仕事のオファーをお断りすることがあったり、ライブやイベントが出来ない期間が続いていたので、心待ちにしてくれているみんなにしっかりお伝えしたいなと思い、体調も安定したこのタイミングでご報告させていただくことにしました」と公表に至った経緯を説明し、「今後とも温かく見守っていただけたらうれしいです」と呼び掛けている。

村上はアイドルグループ、prediaのボーカルとして2014年にメジャーデビュー。グループが22年6月に解散した後は、振付師としても活動し、私生活では24年4月に結婚を発表していた。

※写真は資料
テレビ朝日",[],[]
「骨太の方針」を閣議決定　“骨太ショック”で金利上昇…日銀の自主性強調した形で原案修正（テレビ朝日系（ANN））,https://news.yahoo.co.jp/articles/ecda6f88be12532a53ad79ac7d799c6b9f222b58,https://newsatcl-pctr.c.yimg.jp/t/amd-img/default.jpg?exp=10800,2026-07-21T12:39:10+09:00,2026-07-21T12:50:31+09:00,テレビ朝日系（ANN）,ann,テレビ朝日系（ANN）,599,"政府の財政運営の基本となる｢骨太の方針｣が閣議決定されました。

長期金利の上昇や歴史的な円安につながった、いわゆる｢骨太ショック｣を受け、金融政策は日本銀行に委ねられることが追加で盛り込まれています。

閣議決定された｢骨太の方針｣では、第一章｢マクロ経済運営の基本的考え方｣の注釈として、｢日銀法第3条に基づき、金融政策の具体的な手法については日銀に委ねられる｣との文言が新たに記載されました。

先月下旬に｢骨太の方針｣の原案が発表されると、長期金利は一時、約30年ぶりとなる2.9%まで上昇し、円相場も39年半ぶりに1ドル=162円台後半まで進みました。

市場関係者は、共同声明に沿った政府との緊密な連携といった表現などから、政府が日銀を牽制していて、インフレに対応するための利上げが遅れるという見方が広がったことが一因だと分析しています。

この骨太ショックを受け、市場の信認を得るべきだという声が閣僚からも上がり、日銀の自主性を強調した形で原案を修正したものとみられます。

このほか、給付付き税額控除と飲食料品の消費税率については、社会保障国民会議の中間取りまとめを踏まえて、来月上旬までをめどに方針を決めるとしています。

また、人材の獲得競争が激しくなるなか、退職した自衛隊員や家族への支援について、新たな庁の設置を含めて検討することも新たに盛り込まれました。
テレビ朝日報道局",[],[]
食料品の消費減税“8月上旬までめどに方針決定”と明記　「骨太の方針」を閣議決定（テレビ朝日系（ANN））,https://news.yahoo.co.jp/articles/a3c6e751ebdcdaaa7f281e25d21b75f62d255896,https://newsatcl-pctr.c.yimg.jp/t/amd-img/20260721-00010008-annd-000-3-view.jpg?exp=10800,2026-07-21T12:36:46+09:00,2026-07-21T14:03:36+09:00,テレビ朝日系（ANN）,ann,テレビ朝日系（ANN）,324,"官邸／21日
政府は、経済財政運営の基本となる｢骨太の方針｣を閣議決定し、飲食料品の消費減税について｢8月上旬までをめどに方針を決定する｣と明記しました。

高市総理大臣
｢強い経済の実現と財政の持続可能性の確保を両立させる予算となるよう取り組んでください｣

高市総理は｢行き過ぎた緊縮志向と未来への投資不足の流れを断ち切る｣としたうえで、「財政の持続可能性と市場の信認確保に配慮する方針を堅持する」と述べました。

中・低所得者への新たな給付制度のつなぎとして議論されている飲食料品の消費減税については、｢今後、予定されている社会保障国民会議の中間取りまとめを踏まえ、8月上旬までをめどに、その方針を決定する｣と明記しました。
テレビ朝日報道局",[],[]
イランが米軍基地に反撃 ホルムズ海峡でタンカー2隻爆発（テレビ朝日系（ANN））,https://news.yahoo.co.jp/articles/061921ed514a097afba42df729e6c9d67f664362,https://newsatcl-pctr.c.yimg.jp/t/amd-img/20260721-00000026-ann-000-3-thumb.jpg?exp=10800,2026-07-21T12:34:48+09:00,2026-07-21T13:40:24+09:00,テレビ朝日系（ANN）,ann,テレビ朝日系（ANN）,390,"All Nippon NewsNetwork(ANN)
イランメディアは20日深夜から21日未明にかけて、南部ホルムズガーン州のバンダルアッバスやシリク、ゲシュム島などで複数回の爆発音が確認されたと報じました。原子力発電所がある南部ブシェールでも防空システムが作動したということです。

　イラン軍は反撃として、クウェートのアメリカ軍基地にある高機動ロケット砲システム「HIMARS」を標的に、ミサイルで攻撃したと発表しました。

　イランの革命防衛隊も、バーレーンに配備されているアメリカ軍の防空システムとレーダーを完全に破壊したと主張しています。

　また、アメリカ軍の誘導でホルムズ海峡南側の航路を通航しようとしていたタンカー2隻が爆発して、炎上したと発表しました。

　「アメリカ軍による攻撃が続く限り、ホルムズ海峡は封鎖されたままだ」と改めて強調しています。
テレビ朝日",[],[]
夏の味覚サザエが不漁　福井・若狭では水揚げ3分の1　海水温上昇でエサの海藻減る（テレビ朝日系（ANN））,https://news.yahoo.co.jp/articles/a3ba52e912ef5e30b00b9fc8117c6b5010fa75bd,https://newsatcl-pctr.c.yimg.jp/t/amd-img/20260721-90195485-ann-000-1-view.jpg?exp=10800,2026-07-21T12:33:15+09:00,2026-07-21T12:33:15+09:00,テレビ朝日系（ANN）,ann,テレビ朝日系（ANN）,1157,"夏の味覚サザエが不漁　福井・若狭では水揚げ3分の1　海水温上昇でエサの海藻減る
今が旬の夏の味覚・サザエが不漁です。産地では水揚げ量が例年の3分の1まで落ち込み、漁師からは悲鳴が上がっています。
【画像】サザエの年平均価格　直近1キロ1500円　5年前に比べて6割以上値上がり
仕入れ価格高騰で値上げ
カキやホタテにサザエ。網で焼かれた貝の香ばしい匂いが店いっぱいに広がっていたのは、千葉県南房総市にある「浜焼き屋」です。

男性
「うまいです。うまいに決まっているじゃない」

　人気の貝をメインに、新鮮な魚や海鮮丼などが90分食べ放題です。好きなだけトレーにのせて自由に焼けるとあって、海の日の20日、多くの家族連れなどでにぎわっていました。

男性
「夏休みに入ったので、朝6時起きで東京から来た」

男性
「（Q.おなかは?）もうダメです。もう入んないです」

　食べ放題の中でも人気の1品が、豊洲市場で仕入れた新鮮なサザエです。そのお味は、食感がコリコリで、口にうま味が広がってきて、とてもおいしいです。

　人気の「浜焼き」食べ放題。実は今年2月、価格を400円値上げせざるを得ませんでした。

「浜焼き屋」　池上真紀店長
「お客様が離れるんじゃないかとか、色んな考えがあった。理由は価格の高騰です」

　サザエなどの仕入れ価格高騰の原因となっているのが輸送コストの上昇。そして、もう1つ「海の異変」です。
水揚げ量3分の1に
今月、福井県若狭町で始まったサザエ漁。多い時には1回の網で100個以上とれるといいますが、この日は、わずか30個でした。水揚げ量は例年の3分の1まで落ち込んでいます。

漁師　山下寿和さん
「気候のせいで海藻の生育が悪いのかな。（サザエが）育たないというか、来ないというか」

　海水温の上昇によってサザエの餌（えさ）になる海藻が減っているのが原因とみられ、ここ数年は不漁が続いています。

　影響は、都内でも。旬の貝の刺身などがコース料理で味わえる貝料理専門店「貝や ほくと」。定番メニューのサザエは、長崎産と京都産を中心に仕入れていますが、3〜4年前から価格が上昇しているといいます。

貝や ほくと　阿部和雄代表
「つぼ焼きとかで使っているサイズだと、1個200円台であったものが、今は倍近くです。400円くらい」

　東京都中央卸売市場の直近のサザエの価格は1キロおよそ1500円。5年前に比べて6割以上も値上がりしています。

　こちらの店では、仕入れ先や貝の種類を変えるなどして、コース料理の価格維持に努めています。

「仲卸の方と話していても『（価格が）上がっている。この先はちょっと分からない』と。困ります」

（2026年7月21日放送分より）
テレビ朝日",[],[]
バイクの男性 意識不明の重体　交差点で車と衝突 北海道 小樽市（テレビ朝日系（ANN））,https://news.yahoo.co.jp/articles/14153e9bea18c4b4bc3a34af65d4f0ff7c634ecb,https://newsatcl-pctr.c.yimg.jp/t/amd-img/20260721-00000027-ann-000-5-thumb.jpg?exp=10800,2026-07-21T12:32:42+09:00,2026-07-21T13:32:19+09:00,テレビ朝日系（ANN）,ann,テレビ朝日系（ANN）,275,"All Nippon NewsNetwork(ANN)
北海道小樽市の交差点で乗用車とバイクの事故があり、バイクを運転していた男性が意識不明の重体です。

　警察によりますと、21日午前5時ごろ、小樽市の交差点で乗用車が右折しようとしていたところ、反対車線から直進してきたバイクと衝突したということです。

　この事故で、バイクを運転していた50代から60代とみられる男性が病院に搬送され、意識不明の重体です。

　乗用車を運転していた20代から30代とみられる男性と同乗者にけがはありません。

　警察が事故の詳しい状況を調べています。
テレビ朝日",[],[]
延長国会 副首都法案 審議日程折り合わず　支持率低下 自民に動揺広がる（テレビ朝日系（ANN））,https://news.yahoo.co.jp/articles/db845555cbea245b0e33a25cb627f175e665f8e0,https://newsatcl-pctr.c.yimg.jp/t/amd-img/20260721-00000025-ann-000-6-thumb.jpg?exp=10800,2026-07-21T12:29:50+09:00,2026-07-21T18:46:25+09:00,テレビ朝日系（ANN）,ann,テレビ朝日系（ANN）,538,"All Nippon NewsNetwork(ANN)
政府・与党は、会期が25日まで延長された今の国会で日本維新の会肝煎り（きもいり）の副首都法案を成立させる方針ですが、綱渡りの状況が続いています。

　与党は22日に審議入りさせたい考えですが、野党は質疑時間をさらに積み増すよう求めています。

立憲民主党　斉藤国対委員長
「多くの国民が望んでいない法案を無理強いして成立ばかりを急ぐと、政権にとってもダメージになるんではないですかと」

　少数与党の参議院では、法案の審議が行われる委員会の委員長を野党が務めていることなどから交渉は難航しています。

　一方、ANNの世論調査でも高市内閣の支持率が政権発足以来、初めて5割を切り、自民党内には動揺が広がっています。

自民党　鈴木幹事長
「どのような要因で（内閣支持率が）下がったのかということを広報本部を中心に分析をしております」

　21日朝の自民党幹部の会合では、皇室典範改正や副首都法案を優先して進めることについて、「物価高対策を望む国民には違和感がある」などの指摘があったということです。

　ある自民党中堅議員は「消費減税の結論を早く出した方がいい」と話し、信頼回復に努めたい考えを示しています。
テレビ朝日",[],[]
"羽田空港で催涙スプレー""噴射""1億9500万円奪おうとしたか　別件で“窃盗疑い”20歳の男ら4人を再逮捕（テレビ朝日系（ANN））",https://news.yahoo.co.jp/articles/40380652a3acfdedd1e45d9ed064591cda85cdf8,https://newsatcl-pctr.c.yimg.jp/t/amd-img/20260721-00010007-annd-000-2-view.jpg?exp=10800,2026-07-21T12:26:39+09:00,2026-07-21T14:27:57+09:00,テレビ朝日系（ANN）,ann,テレビ朝日系（ANN）,328,"“羽田空港で催涙スプレー""噴射""1億9500万円奪おうとしたか　別件で“窃盗疑い”20歳の男ら4人を再逮捕”
羽田空港で男性から現金1億9000万円余りを奪おうとしたとして、20歳の男や少年ら4人が再逮捕されました。

小山義翔容疑者(20)や16歳の少年ら4人は1月、羽田空港の駐車場で50代の男性の顔に催涙スプレーをかけるなどしたうえ、現金1億9500万円を奪おうとした疑いが持たれています。

警視庁によりますと、小山容疑者は、紙袋に入った現金をキャリーケースに入れ替えていた男性に｢何してるの？｣と声をかけたうえ、催涙スプレーを噴射したということです。

4人は事件の直前に別の男性からバッグを盗もうとしたとして逮捕されています。
テレビ朝日報道局",[],[]
イギリス新政権とも「緊密に連携」　バーナム首相就任で　木原官房長官（テレビ朝日系（ANN））,https://news.yahoo.co.jp/articles/777c27348fba572b991914f4154339e6868a036b,https://newsatcl-pctr.c.yimg.jp/t/amd-img/20260721-00000028-ann-000-10-view.jpg?exp=10800,2026-07-21T12:25:17+09:00,2026-07-22T02:17:48+09:00,テレビ朝日系（ANN）,ann,テレビ朝日系（ANN）,408,"""イギリス新政権とも「緊密に連携」　バーナム首相就任で　木原官房長官""
イギリスの新たな首相にアンディ・バーナム氏が就任したことを受け、木原官房長官は新政権とも緊密に連携し、中東情勢などの諸課題への対応も含めて日英関係を一層、強化する考えを示しました。

木原官房長官
「英国は強化されたグローバルな戦略的パートナーであり、バーナム政権とも緊密に連携をし、引き続き日英関係を一層、強化するとともに、国際社会の諸課題についてもともに取り組んでいく」

　バーナム首相はマンチェスター市長を経て、6月の補欠選挙で国政に復帰し、今月20日に首相に就任しました。

　木原長官は日本とイギリス、イタリアの3カ国で進める次期戦闘機の共同開発について、新政権発足による影響は「予断をもって答えることは差し控える」と述べました。

　そのうえで、引き続き3カ国の官民が連携しながら共同開発に取り組む考えを強調しました。
テレビ朝日",[],[]
関東甲信で40℃予想 全国初「酷暑日」か　危険な暑さ 熱中症に厳重警戒（テレビ朝日系（ANN））,https://news.yahoo.co.jp/articles/5ca648c98ec451bb2ec282cab59311f953e64317,https://newsatcl-pctr.c.yimg.jp/t/amd-img/20260721-00000024-ann-000-5-thumb.jpg?exp=10800,2026-07-21T12:16:51+09:00,2026-07-21T15:06:31+09:00,テレビ朝日系（ANN）,ann,テレビ朝日系（ANN）,331,"All Nippon NewsNetwork(ANN)
連休明けの21日は、全国的に危険な暑さとなっています。関東甲信や東海では40℃以上の酷暑日となる恐れがあります。

　背の高い高気圧に覆われ、午前中から気温が急上昇しています。

　この時間までに、大阪や名古屋などで早くも35℃に到達しました。

　午後は関東甲信や東海を中心に気温が極端に高くなり、埼玉県の熊谷で40℃、前橋や名古屋、岐阜で39℃まで上がる予想です。

　国内で40℃が観測されれば9年連続で、「酷暑日」という名称決定後では、全国で初めてとなります。

　命に関わる危険な暑さです。気温が高い時間帯は外出を控え、屋内でも適切にエアコンを使用するなど熱中症対策を徹底して下さい。
テレビ朝日",[],[]
酷暑でも快適　巨大屋内公園に子どもの歓声　アジアで運営の施設をイオンが“逆輸入”（テレビ朝日系（ANN））,https://news.yahoo.co.jp/articles/5f4cb6d98c44bbd95a891ff98d46a0606ace59a4,https://newsatcl-pctr.c.yimg.jp/t/amd-img/20260721-90195478-ann-000-2-view.jpg?exp=10800,2026-07-21T12:09:15+09:00,2026-07-21T13:39:15+09:00,テレビ朝日系（ANN）,ann,テレビ朝日系（ANN）,673,"酷暑でも快適　巨大屋内公園に子どもの歓声　アジアで運営の施設をイオンが“逆輸入”
列島各地は20日、厳しい暑さに見舞われました。子どもたちを守ろうと、あるものの“逆輸入”が始まっています。
【画像】屋内公園には大人がくつろげるシートも
都心で今年初の「猛暑日」
20日の東京・有楽町。街行く人々が一列になり、日陰に沿って歩いていました。都心では、20日午前11時すぎに35℃を突破し、今年初の猛暑日となりました。

　全国で少なくとも233人が、熱中症の疑いで搬送されました。

　連休最終日の20日。厳しい暑さで公園にひとけはありません。遊具は50℃を超える熱さに達していました。
“逆輸入”巨大な屋内公園
一方、商業施設の中に設けられた巨大な屋内公園には、すべり台やブランコ、砂場もあり、子ども連れでにぎわっていました。

利用客
「外は暑いし、中の涼しい場所で体を動かして遊べたらいいと」

　危険な暑さから子どもを守るためのサービスです。東南アジアから“逆輸入”されたものでした。

　1年を通じて厳しい暑さが続くベトナムで、多くの人が集まっているのは、子どもだけでなく、大人も一緒に快適に過ごせる施設です。

　施設内は冷房が利いていて、大人がくつろげるシートもあります。

利用客
「外は暑いし、子どもが楽しく遊べるので来ました」

　運営しているのは、イオンです。イオンは、暑い東南アジアの各国に2011年以降、同様の施設を展開しています。今後、日本でもサービスを拡大する方針です。

（2026年7月21日放送分より）
テレビ朝日",[],[]
スルメイカ高騰　1杯3800円も　漁獲量減少、海水温上昇とクロマグロが脅威に（テレビ朝日系（ANN））,https://news.yahoo.co.jp/articles/ace6fb4e13857da1762112728e631a372ea1eb8d,https://newsatcl-pctr.c.yimg.jp/t/amd-img/20260721-90195481-ann-000-1-view.jpg?exp=10800,2026-07-21T12:09:15+09:00,2026-07-21T12:09:15+09:00,テレビ朝日系（ANN）,ann,テレビ朝日系（ANN）,955,"スルメイカ高騰　1杯3800円も　漁獲量減少、海水温上昇とクロマグロが脅威に
スルメイカが歴史的な不漁となっています。仕入れがままならない中、別のイカに熱い視線が注がれています。
【画像】透き通るような身がそのまま活け造りに…「アオリイカ」好評
不漁の原因はマグロ?
つやのある白い身が特徴のスルメイカのお刺身。いただいてみると、とても歯ごたえがあって、甘くておいしいです。

　都内の飲食店ではこの日、スルメイカの刺身が去年より1割高い、1人前1320円で販売されていました。活け造りは一杯3820円と、これまでで最も高い価格です。

田無漁港直売所　早津茂久社長
「クロマグロがスルメイカ大好きなんですよ。漁獲枠に達してクロマグロをとらないから、クロマグロがスルメイカを食べちゃう。その結果、スルメイカが少ないと漁師さんから聞いている」
「アオリイカ」好評
スルメイカの不漁で、仕入れることすらできない日も増えています。代わりに提供しているのが、アオリイカです。

早津社長
「きょうの朝とれたばかりのアオリイカでございます」

　アオリイカは暑さに強く、今年は7月に入ってもとれています。

　注文が入ると、新鮮なアオリイカを水槽から取り出します。透き通るような身が、そのまま活け造りに。

70代
「歯ごたえ抜群、甘みもある。やっぱり生きているって感じ」

　スルメイカに比べて割高ですが、味わいが良く好評です。
海水温上昇の影響も
歴史的な不漁が続くスルメイカ。2000年には、33万トンあった漁獲量は年々減少し、去年はわずか2万7400トンでした。

近畿大学　有路昌彦教授
「海水温の上昇・分布の変化が一番大きいのではないかと。どうして壊滅状況になっているのか、詳しく分かっていない。おそらく初期の発生条件が非常に悪い」

　スルメイカの産卵場所、東シナ海の水温が下がらず、生育環境に悪影響を与え、スルメイカが激減している可能性があるといいます。

「資源量が今のレベルを維持することは、可能性としては十分ある。ここから増えるかどうかは資源管理と海洋環境次第。正直なところ、断定できる要素はあまりない。すべての魚が厳しい状態。大事に食べてほしい」

（2026年7月21日放送分より）
テレビ朝日",[],[]
中国 駆逐艦　日本EEZ内で射撃訓練　木原官房長官「中国側に申し入れ」（テレビ朝日系（ANN））,https://news.yahoo.co.jp/articles/621ec66511ea240d1327d1d271388405df001d69,https://newsatcl-pctr.c.yimg.jp/t/amd-img/20260721-00000023-ann-000-7-thumb.jpg?exp=10800,2026-07-21T12:05:46+09:00,2026-07-21T18:45:24+09:00,テレビ朝日系（ANN）,ann,テレビ朝日系（ANN）,359,"All Nippon NewsNetwork(ANN)
中国の駆逐艦が日本のEEZ（排他的経済水域内）で射撃訓練を行ったことについて、木原官房長官は「中国側に申し入れを実施した」と明らかにしました。

木原官房長官
「政府としては、周辺の船舶の航行に危険を及ぼし得るものとして、中国に対し外交ルートを通じて申し入れを実施しました」

　木原長官は、中国とロシアが先月から今月にかけて、爆撃機の共同飛行や海軍の共同演習を実施するなど軍事面の連携を強化していると指摘し、警戒・監視に万全を期す考えを強調しました。

　防衛省によりますと、19日に沖ノ鳥島の南西およそ330キロの海域で中ロの艦艇あわせて4隻が確認され、その後、日本のEEZ内で、中国のミサイル駆逐艦が機関銃による射撃訓練を行ったということです。
テレビ朝日",[],[]
刃物男、コンビニに車で突っ込む　高校生けが　警察官が威嚇発砲し逮捕（テレビ朝日系（ANN））,https://news.yahoo.co.jp/articles/bad02606278f9ca58fe20e45c4987b48b7da8489,https://newsatcl-pctr.c.yimg.jp/t/amd-img/20260721-00000022-ann-000-5-thumb.jpg?exp=10800,2026-07-21T11:51:48+09:00,2026-07-21T13:16:02+09:00,テレビ朝日系（ANN）,ann,テレビ朝日系（ANN）,846,"All Nippon NewsNetwork(ANN)
自宅に火を放ったのち、コンビニエンスストアに車で突っ込み、包丁を持っていたとして逮捕された男について、番組の取材でその人物像が少しずつ見えてきました。

■刃物男　コンビニに車で突入

　20日午前0時すぎ、閑静な住宅街に響き渡った衝撃音。

　相模原市にあるコンビニに車が突っ込み、運転手の男が逮捕されました。

　この事件で店内にいた高校生が両腕にけがをしました。しかし、これだけでは終わりませんでした。

コンビニ店員からの110番通報
「車が突っ込んできた。男が包丁を持っている」

　運転していた男が車を降りて店内を徘徊（はいかい）した後、左手に刃渡りおよそ15センチの包丁を、右手にはゴルフクラブを持って、店の外に出てきたといいます。

　駆けつけた警察官が上空に向けて威嚇発砲。事件の時間帯に録音した音声には、当時の状況が記録されていました。

「武器を捨てろ！武器を捨てろ！（発砲音）武器を捨てろ！」

　銃刀法違反の疑いで現行犯逮捕されたのは、自称・渋谷恭平容疑者（45）です。

渋谷容疑者
「間違いありません」

■自宅放火も

　そして、驚きの供述を始めました。

渋谷容疑者
「自分の部屋に火を放った」

　男はコンビニから徒歩1分ほどのマンションに住んでいたということです。

　近隣住民が撮影した写真では、一室から煙が立ち上っているのが分かります。渋谷容疑者について近隣住民は、次のように話します。

近くに住む人
「『こんにちは』と言ったら、小さな声で『こんにちは』と言う人だった。うつむいて、無表情というか、真顔が多い印象。事件を起こすと思っていなかった。とても驚いた」

近くに住む人
「特にいたって普通の人のイメージ。朝に通勤の時間帯がよくかぶるので、時間もきっちりしている人かなと」

　警察は、一連の事件に至った動機や経緯について調べています。

（2026年7月21日放送分より）
テレビ朝日",[],[]
松嶋尚美、母の死去を報告「もっとたくさんの時間を一緒に…」（テレビ朝日系（ANN））,https://news.yahoo.co.jp/articles/703ab91565109b52e56748d0a855dffc9c5ae6c1,https://newsatcl-pctr.c.yimg.jp/t/amd-img/20260721-90195487-ann-000-2-view.jpg?exp=10800,2026-07-21T11:42:16+09:00,2026-07-21T13:48:15+09:00,テレビ朝日系（ANN）,ann,テレビ朝日系（ANN）,622,"松嶋尚美、母の死去を報告「もっとたくさんの時間を一緒に…」
お笑いタレントの松嶋尚美（54）が20日、インスタグラムで、実母が亡くなったことを公表した。

松嶋は「母が息を引き取りました。家族みんなで一緒に看取れました」と伝え、母親の手を握った写真を公開した。

「母は2021.12.4に東京に引越し、その日から私の家族は5人になりました。まさか50歳をすぎて母と一緒の生活が始まるなんて夢みたい。一緒に暮らすようになって初めて知ったこともたくさんありました」と、母との生活を振り返った。

続けて「実は両利き、チョコレートアレルギー、私を産んだのは35歳ではなく34歳だった（昔の人は数え年で言うことに気づいた）などなど…4年と7カ月、短い間だったけど、優しく強い母を何度も感じることができました。色々なところにも行けました。後悔もあります。もっとたくさんの時間を一緒に過ごしたかったです」と寂しい胸の内を吐露した。

そして「たくさんの皆さんのお陰で母は楽しい人生だったと思います。本当にありがとうございました」と夫や家族、友人、周囲で支えてくれた関係者に感謝をつづり、「インスタを通じて母との生活を応援してくれてありがとう!」とフォロワーにも感謝した。

最後に「大阪での葬儀と初七日を終え、母の遺骨とともに東京に帰ってます。これからも一緒に過ごせます　またどこかで母の話をできたらいいなぁ〜」と記している。

※写真は資料
テレビ朝日",[],[]
40℃ 初の酷暑日か 真夏のピークで災害級の猛暑　ゲリラ雷雨にも警戒（テレビ朝日系（ANN））,https://news.yahoo.co.jp/articles/8494ed540cb872d63df8c011982a1be472ae0005,https://newsatcl-pctr.c.yimg.jp/t/amd-img/20260721-90195470-ann-000-1-view.jpg?exp=10800,2026-07-21T11:39:15+09:00,2026-07-21T11:39:15+09:00,テレビ朝日系（ANN）,ann,テレビ朝日系（ANN）,787,"40℃予想　初の酷暑日へ
40℃初の酷暑日か
今年4月、気象庁は40℃以上を酷暑日と命名しました。きのう7月20日までの全国の最高気温は勝沼（山梨）の39.4℃。今年はまだ40℃には届いていません。
きょう（火）とくに気温が高くなる地域は梅雨明け直後の関東甲信と東海です。埼玉の熊谷や岐阜の多治見では40℃が予想され、ついに名称決定後、初めての酷暑日となる見込みです。
【画像】40℃ 初の酷暑日か 真夏のピークで災害級の猛暑　ゲリラ雷雨にも警戒
今年最多の熱中症警戒アラート
危険な暑さは関東甲信や東海だけではなく広範囲に及びます。熱中症警戒アラートは東北から九州、沖縄にかけての42都府県に発表され、今年最多です。
冷房の使用や水分補給、　高齢の方への声かけなど、熱中症対策を心掛けてください。
朝も夜も危険な暑さ
東京都心はきょう（火）午前7時2分に30℃を超えるなど、朝の通勤通学の時間帯から厳しい暑さになっています。猛暑のピークは昼前後となりますが、夕方以降もあまり気温は下がりません。
午後7時でも30℃以上の所が多く、夜になると湿度も高くなり熱中症の危険度は高いままです。
日が沈んで日課のランニングやウォーキングに出かけたら脱水などで体調を崩してしまうことも考えられますので、無理はしないようにしましょう。少し前の暑さとはレベルが違います。朝も夜も熱中症に警戒してください。
ゲリラ雷雨にも警戒
猛暑とともに雷雨が発生しやすい気象状況になっています。きょう（火）は東北南部から九州にかけての内陸部や山沿いで雷が発生する確率が高くなっています。日中は猛暑、午後は雷雨と晴雨兼用の傘が活躍しそうです。
局地的な激しい雷雨や突風が発生する恐れもあります。黒い雲が近づいてくるなど天気急変のサインを見つけたら頑丈な建物の中など安全な場所へ移動しましょう。
テレビ朝日",[],[]
コンビニ店に車で“突入”後　店員らに怒鳴りながら包丁など持ち徘徊（テレビ朝日系（ANN））,https://news.yahoo.co.jp/articles/2c92fcad44c5caa4c4acf068bb6b70cd8679820a,https://newsatcl-pctr.c.yimg.jp/t/amd-img/20260721-00010006-annd-000-2-thumb.jpg?exp=10800,2026-07-21T11:37:36+09:00,2026-07-21T12:09:22+09:00,テレビ朝日系（ANN）,ann,テレビ朝日系（ANN）,358,"“コンビニ店に車で“突入”後　店員らに怒鳴りながら包丁など持ち徘徊”
相模原市のコンビニ店で包丁を所持したとして現行犯逮捕された男が、車で店内に突っ込んだ後、店員や客らに怒鳴りながら凶器を持って徘徊していたことが分かりました。

渋谷恭平容疑者(45)は20日、相模原市のコンビニ店の駐車場で、包丁を所持した疑いが持たれています。

その後の捜査関係者への取材で、渋谷容疑者は、車でコンビニ店に突っ込んだ後、店員や客らに怒鳴りながら包丁とゴルフクラブを持って徘徊していたことが分かりました。

｢通報しろ｣などと発言していましたが、駆けつけた警察官の指示に従わなかったため、警察官が威嚇発砲し、現行犯逮捕したということです。

現場近くの男の自宅で火事が起きていて、警察が詳しい経緯を調べています。
テレビ朝日報道局",[],[]
「いないいないばあ！」　ヒョイと顔を出すオカメインコさん　遊んでいるのかな？（テレビ朝日系（ANN））,https://news.yahoo.co.jp/articles/0aa5784acc81435853ae5d65683e604a990f33f7,https://newsatcl-pctr.c.yimg.jp/t/amd-img/20260721-90195426-ann-000-1-view.jpg?exp=10800,2026-07-21T11:30:35+09:00,2026-07-21T11:30:35+09:00,テレビ朝日系（ANN）,ann,テレビ朝日系（ANN）,610,"「いないいないばあ！」　ヒョイと顔を出すオカメインコさん　遊んでいるのかな？
「いないいないばあ」をするオカメインコさんです。
【画像】「いないいないばあ」をするオカメインコのきいちゃん（2）
かげからヒョイ!いないいないばあ
飼い主さん
「何これやるの?」
「いないな〜いってやりたいの?」

　飼い主さんにウェットティッシュのフタを開けてもらうオカメインコ。すると…。

オカメインコさん
「いないいな〜い、ばっ!」
「いないいない、ばっ!」

　フタのかげに隠れると、飼い主さんに「いないいないばあ」をします。

　別の日も…。

オカメインコさん
「いないいな〜い、ばっ!」　

今度は飼い主さんの持つ布の動きに合わせて、一緒に「いないいないばあ」をします。

オカメインコさん
「いないいない、ばっ!」

　なぜ、オカメインコは「いないいないばあ」をするのでしょうか?
専門家「求愛行動と遊び」
「いないいないばあ」をするのは、オスのオカメインコのきいちゃん（2）です。

　なぜ「いないいないばあ」をしているのでしょうか?

　横浜小鳥の病院の海老沢和荘院長によりますと、「求愛行動と遊びを兼ねた動き。オカメインコのオスは、求愛行動で好きな相手の声をまねて体を動かしてリズムをとる」ということです。

（2026年7月20日放送分より）

※この映像にはナレーションはありません。ご了承ください。
テレビ朝日",[],[]
入所の80代女性に傷害か　グループホームの介護職員の男（26）逮捕（テレビ朝日系（ANN））,https://news.yahoo.co.jp/articles/66972adc2acdcbcc43d14a1787cab9089f538bec,https://newsatcl-pctr.c.yimg.jp/t/amd-img/20260721-00000021-ann-000-4-thumb.jpg?exp=10800,2026-07-21T11:28:45+09:00,2026-07-21T18:05:37+09:00,テレビ朝日系（ANN）,ann,テレビ朝日系（ANN）,355,"All Nippon NewsNetwork(ANN)
埼玉県狭山市のグループホームで入所者の女性に暴行を加えけがをさせたとして、26歳の介護職員の男が逮捕されました。

　大嶋渉太容疑者は13日、狭山市のグループホーム「つどい入間川」で、入所者の女性（82）の顔面を殴ったうえ、体を床にたたきつけるなどの暴行を加え、全治およそ11日のけがをさせた疑いが持たれています。

　警察によりますと、翌日、女性がけがをしていることに別の職員が気付き、事件が発覚しました。

　大嶋容疑者はおよそ1時間で女性の部屋を4回出入りしていて、室内に設置された防犯カメラに暴行の一部始終が映っていました。

　取り調べに対し、「深夜に外に出ていこうとしたのを止めたのに聞いてくれなかった」などと容疑を認めています。
テレビ朝日",[],[]
「手足口病」1医療機関あたりの患者「9.12人」　2週連続で「警報レベル」超え（テレビ朝日系（ANN））,https://news.yahoo.co.jp/articles/c5dc44fa7241fea52bff51b3db90ec315a2f7104,https://newsatcl-pctr.c.yimg.jp/t/amd-img/20260721-00000020-ann-000-9-view.jpg?exp=10800,2026-07-21T11:25:30+09:00,2026-07-21T23:38:52+09:00,テレビ朝日系（ANN）,ann,テレビ朝日系（ANN）,475,"""「手足口病」1医療機関あたりの患者「9.12人」　2週連続で「警報レベル」超え""
「手足口病」の1医療機関あたりの患者報告数の全国平均が「9.12人」となりました。先週よりも約2人増え、2週連続で「警報レベル」の5人を上回っています。

　JIHS（国立健康危機管理研究機構）によりますと、今月12日までの1週間で全国約2000の医療機関から報告された手足口病の患者数は2万557人でした。

　1医療機関あたりの全国平均は「9.12人」で、先週の約7人から2人増え、2週連続で「警報レベル」とされる「5人」を上回っています。

　都道府県別で見ると、千葉県の「15.4人」が最も多く、奈良県、埼玉県、島根県、東京、愛媛県で14人台となっていて、北海道、東北地方を除く、35の都府県で「5人」を上回っています。

　また、群馬県は先週の4.8人から12.04人に急増しています。

　厚生労働省は飛沫（ひまつ）や接触などから子どもだけでなく大人でも感染するとして、しっかりとした手洗いやタオルの共用を避けるなどの対策を呼び掛けています。
テレビ朝日",[],[]
親イラン武装組織「フーシ派」　サウジアラビアへの海上封鎖を宣言　要衝「バブエルマンデブ海峡」の封鎖懸念（テレビ朝日系（ANN））,https://news.yahoo.co.jp/articles/d538351f3b498e28cf77de3b85d6ae2d070f1090,https://newsatcl-pctr.c.yimg.jp/t/amd-img/20260721-00010005-annd-000-2-view.jpg?exp=10800,2026-07-21T11:23:46+09:00,2026-07-21T12:11:17+09:00,テレビ朝日系（ANN）,ann,テレビ朝日系（ANN）,394,"“親イラン武装組織「フーシ派」　サウジアラビアへの海上封鎖を宣言　要衝「バブエルマンデブ海峡」の封鎖懸念”
中東イエメンを拠点とする親イラン武装組織｢フーシ派｣は、サウジアラビアに対する海上封鎖を宣言しました。

フーシ派の報道官は20日、サウジアラビアが｢約12年にわたり、不当で抑圧的な包囲を続け、港と空港を全面的に封鎖している｣と非難したうえで、｢目には目を｣の原則に基づき、サウジアラビアに対して即時に海上封鎖を実施すると発表しました。

海上交通の要衝バブエルマンデブ海峡の封鎖が懸念されます。

一方、サウジアラビアはフーシ派を非難しています。

｢正統｣なイエメン政府への支援は引き続き行うと明らかにしています。

双方は、イエメン内戦後2022年から非公式の停戦を維持していましたが、サウジアラビアが13日にイエメンの空港を攻撃し、情勢が悪化しています。
テレビ朝日報道局",[],[]
国会延長で自民幹部の外遊中止　「職場放棄だ」野党の反発受け　要人との会談機会失う（テレビ朝日系（ANN））,https://news.yahoo.co.jp/articles/2fb2ee9250cd9bb9dcecf7ff3dbfe3d577c3fd87,https://newsatcl-pctr.c.yimg.jp/t/amd-img/20260721-00000019-ann-000-9-thumb.jpg?exp=10800,2026-07-21T11:22:50+09:00,2026-07-21T17:14:29+09:00,テレビ朝日系（ANN）,ann,テレビ朝日系（ANN）,1093,"All Nippon NewsNetwork(ANN)
国会の会期延長を受け、自民党幹部らの海外渡航が相次いで中止となりました。中でもパプアニューギニアへの訪問については、「重要な外交機会だった」という指摘も出ています。

■国会延長　外交活動に影響

小泉防衛大臣
「中国とロシアの海軍艦艇が、先週末に日本の排他的経済水域（EEZ）内で実弾射撃演習を実施しました」

　防衛省によると、19日、沖ノ鳥島の南西海域で中国とロシアの海軍艦艇、合わせて4隻が確認されました。このうち、中国のミサイル駆逐艦が射撃訓練を行ったということです。

　小泉大臣は、日本が同盟国をつなぐ防衛協力の「ハブ（中核）」になる考えを強調しました。

　こうした外交活動が今、“国会延長”での影響を受けています。

中道改革連合　重徳国対委員長
「（与党幹部が）1週間不在ということでは話になりません」

国民民主党　玉木代表
「これ職場放棄ではないでしょうか」

　当初、17日までだった国会の会期は25日まで延長。自民党幹部らが海外出張で国会を離れることに、野党が反発しています。

　党七役や国会の委員長・理事の海外渡航は認められないと主張し、小林政調会長ら3人の渡航は認められませんでした。

■野党の「バカンス」発言物議

　小林氏は25日まで、パプアニューギニアやソロモン諸島などを訪れ、要人と会談する予定でしたが…。

国民　向山好一衆院議員　Xから（17日投稿）
「行き先はパプアニューギニア。まさかバカンス？」（※現在は削除済み）

　野党議員のこの投稿が波紋を広げています。

　パプアニューギニアでは16日、トカチェンコ外相が、台湾の窓口機関を閉鎖すると発表。これに台湾は強く抗議し、中国は支持を表明する事態となっています。

中国外務省　林剣副報道局長
「パプアニューギニア政府の決定について、中国はこれを高く評価します」

　台湾を巡る“中国寄りの動き”が強まる中で予定されていた小林氏のパプアニューギニア訪問。「重要な外交機会を失った」と懸念する声が広がり、野党議員は「バカンス発言」を撤回しました。

国民　向山衆院議員　Xから（19日投稿）
「パプアニューギニアの地政学的な位置づけについて、十分考慮せず投稿したことは党の方針とも異なるもので不適切でした」

　優先すべきは、国会対応か？外交日程か？野党は、自民党の萩生田光一幹事長代行によるベトナムとシンガポールへの訪問については、「外交上の意義が大きい」として認めています。

（2026年7月21日放送分より）
テレビ朝日",[],[]
元NMB48メンバーが25歳で結婚「かねてよりお付き合いさせていただいていた方と…」（テレビ朝日系（ANN））,https://news.yahoo.co.jp/articles/60c325dd2a1a996ae7d06de23965f48448d62399,https://newsatcl-pctr.c.yimg.jp/t/amd-img/20260721-90195484-ann-000-4-view.jpg?exp=10800,2026-07-21T11:21:20+09:00,2026-07-21T15:39:15+09:00,テレビ朝日系（ANN）,ann,テレビ朝日系（ANN）,346,"元NMB48メンバーが25歳で結婚「かねてよりお付き合いさせていただいていた方と…」
NMB48の元研究生・嶋崎百萌香（25）が21日、Xで、今年初めに結婚したことを明らかにした。

嶋崎は結婚式の写真を投稿。「お久しぶりです。私ごとで恐縮ですがご報告があります」と書き出し「この度、かねてよりお付き合いさせていただいていた方と年明けに入籍し、先日拳式を執り行いました」と結婚したことを報告した。

続けて「昔から応援していただいている皆さんにはお伝えしたくて、久しぶりになってしまいましたが、投稿させていただきました」とつづった。

　嶋崎はNMB48の研究生。11歳で第4期オーディションに合格した。2014年3月、研究生「青春ガールズ」公演で卒業を発表した。

※写真は資料
テレビ朝日",[],[]
手足口病の患者数 2週連続「警報レベル」超え　全国平均9.12人　最多は千葉県の15.4人　群馬県は先週4.8人から12.04人に急増（テレビ朝日系（ANN））,https://news.yahoo.co.jp/articles/65b71f72f47a35d94f981d04175845be81c2b473,https://newsatcl-pctr.c.yimg.jp/t/amd-img/20260721-00010004-annd-000-2-view.jpg?exp=10800,2026-07-21T11:10:10+09:00,2026-07-21T11:17:06+09:00,テレビ朝日系（ANN）,ann,テレビ朝日系（ANN）,493,"“手足口病の患者数 2週連続「警報レベル」超え　全国平均9.12人　最多は千葉県の15.4人　群馬県は先週4.8人から12.04人に急増”
｢手足口病｣の1医療機関あたりの患者報告数の全国平均が｢9.12人｣となりました。

先週よりも約2人増え、2週連続で｢警報レベル｣の5人を上回っています。

JIHS=国立健康危機管理研究機構によりますと、今月12日までの1週間で全国約2000の医療機関から報告された手足口病の患者数は2万557人でした。

1医療機関あたりの全国平均は｢9.12人｣で、先週の約7人から2人増え、2週連続で｢警報レベル｣とされる｢5人｣を上回っています。

都道府県別で見ると、千葉の｢15.4人｣が最も多く、奈良、埼玉、島根、東京、愛媛で14人台となっていて、北海道、東北地方を除く、35の都府県で｢5人｣を上回っています。

また、群馬は、先週の4.8人から12.04人に急増しています。

厚生労働省は飛沫や接触などから、子どもだけでなく大人でも感染するとして、しっかりとした手洗いやタオルの共用を避けるなどの対策を呼びかけています。
テレビ朝日報道局",[],[]
「米軍兵士殺害のたび何倍もの代償払わせる」トランプ大統領　イランに対し報復を警告（テレビ朝日系（ANN））,https://news.yahoo.co.jp/articles/fbf6276da33b5a922a8eb3c56b6172574dce4edd,https://newsatcl-pctr.c.yimg.jp/t/amd-img/20260721-00010003-annd-000-2-view.jpg?exp=10800,2026-07-21T10:30:52+09:00,2026-07-21T11:24:56+09:00,テレビ朝日系（ANN）,ann,テレビ朝日系（ANN）,364,"“「米軍兵士殺害のたび何倍もの代償払わせる」トランプ大統領　イランに対し報復を警告”
アメリカのトランプ大統領はイランに対し、アメリカ軍の兵士が殺害されるたびに｢何倍もの代償を払わせる｣として、報復を警告しました。

トランプ大統領は20日、SNSに｢イランがアメリカ軍の兵士を殺害するたびに、その何倍もの代償を払わせる｣と投稿しました。

そのうえで、｢この方針はヘグセス国防長官やケイン統合参謀本部議長など、軍のすべての幹部に伝達された｣として、イランに対し報復を警告しました。

一方、アメリカ中央軍は20日、トランプ大統領の指示に基づき、イランに対して10日連続となる攻撃を開始したと発表しました。

アメリカとイランの攻撃の応酬が続くなか、17日以降、少なくともアメリカ軍の兵士3人が死亡しています。
テレビ朝日報道局",[],[]
【これまでの経緯】イギリスの新首相にアンディ・バーナム氏が就任（テレビ朝日系（ANN））,https://news.yahoo.co.jp/articles/7324a73bb1f90cf99d423390de17b55af7a56b71,https://newsatcl-pctr.c.yimg.jp/t/amd-img/20260721-90194942-ann-000-2-view.jpg?exp=10800,2026-07-21T10:09:15+09:00,2026-07-21T18:12:16+09:00,テレビ朝日系（ANN）,ann,テレビ朝日系（ANN）,1914,"【これまでの経緯】イギリスの新首相にアンディ・バーナム氏が就任
イギリスの新たな首相にアンディ・バーナム氏が就任しました。これまでの経緯をまとめています。
この記事の写真を見る
木原官房長官 「緊密に連携」を強調 （7月21日）
バーナム氏が就任したことを受け、木原官房長官は、新政権とも緊密に連携し、中東情勢などの諸課題への対応も含め、日英関係を一層強化する考えを示しました。

木原官房長官
「英国は、強化されたグローバルな戦略的パートナーであり、バーナム政権とも緊密に連携をし、引き続き日英関係を一層強化するとともに、国際社会の諸課題についても共に取り組んでいく」

木原長官は日本とイギリス、イタリアの3カ国で進める次期戦闘機の共同開発について、新政権発足による影響は「予断をもって答えることは差し控える」と述べました。

そのうえで、引き続き3カ国の官民が連携しながら共同開発に取り組む考えを強調しました。
バーナム新首相　トランプ大統領やゼレンスキー氏と電話会談（7月20日）
新たな首相に就任したバーナム氏は、アメリカのトランプ大統領やウクライナのゼレンスキー大統領らと相次いで電話会談しました。

イギリスのタイムズ紙は、ホワイトハウス関係者の話として、20日にイギリスの首相に就任したバーナム氏が最初の会談の一つとしてトランプ大統領と電話したと報じました。

その際、来年イギリスが議長国を務めるG20首脳会議を、自身が9年間にわたり市長を務めた中部マンチェスターで開催することを伝えたということです。

また、ウクライナのゼレンスキー大統領は20日、自身のSNSにバーナム首相と話したと投稿しました。

バーナム首相は、ロシアの攻撃により亡くなった人々へ弔意を示し、前任のスターマー氏が進めてきたウクライナ支援を継続していく意向を伝えたということです。
新たな首相にアンディ・バーナム氏が就任（7月20日）
バーナム新首相
「イギリスは、再び安定を取り戻せることを世界に示す必要があります」

バーナム氏は、2017年に下院議員からマンチェスター市長に転身し、先月の補選で国政に復帰しました。

生活インフラの公的管理や地方分権を進めるとしていて、就任演説で「過去40年で最大の変革をもたらす」と強調しました。

イギリスでは首相交代が相次いでいて、バーナム氏はここ10年で7人目の首相です。
英首相にバーナム氏就任へ　下院議員9割の推薦獲得（7月16日）
イギリスの次の首相にアンディ・バーナム氏（56）が就任することが確実となりました。

　イギリスのスターマー首相の辞任表明に伴う与党・労働党の党首選で15日、党所属の下院議員による候補者推薦が締め切られ、バーナム氏は全体の9割を超える379人から推薦を得ました。

　他の議員は立候補に必要な81人の推薦を集められなかったため、バーナム氏が17日に党首に選ばれることが確実となりました。
「バーナム首相」誕生か　「対抗馬がいなければ…」英FT紙が報じる　（6月22日）
辞意を表明したイギリスのスターマー首相の後任として名乗りをあげた前マンチェスター市長のバーナム下院議員が、7月17日にも首相に就任する見通しです。

　フィナンシャル・タイムズは22日、アンディ・バーナム下院議員（56）に対抗馬がいない場合は、7月17日にもバーナム氏が首相に就任する見通しだと報じました。

　バーナム氏の最大のライバルとされる、前保健相のストリーティング氏は出馬しない意向を表明しています。

　バーナム氏は6月18日に行われた議会下院の補欠選挙で、2位の右派「リフォームUK」の候補に9000票以上の差を付けて勝利し、9年ぶりに国政へ復帰していました。

　5月に行われたイギリスの統一地方選挙では、二大政党の労働党と保守党が大敗し、「リフォームUK」が大きく躍進していました。
スターマー首相が辞任表明　（6月22日）
スターマー首相が辞任を表明しました。統一地方選での大敗などを巡り、退陣を求める圧力が高まっていました。

イギリス　スターマー首相
「私は我が党が出した結論を潔く受け止めます。だからこそ労働党党首を辞任します」

　スターマー氏は、労働党の党首として2024年の総選挙で圧勝を収め、首相に就任。

　物価高騰対策への批判や右派政党の台頭などを受け、先月の統一地方選で与党・労働党が大敗し、党内から辞任を求める声が高まっていました。

　日本との関係では6月、高市総理との間で経済安全保障に関する協力を確認し合ったばかりです。
テレビ朝日",[],[]
ホンダ、中国「広州汽車集団」との合弁契約を10年延長　販売不振でも継続（テレビ朝日系（ANN））,https://news.yahoo.co.jp/articles/7c6dcc746142055cee20f7e4beb1a65a7417a6eb,https://newsatcl-pctr.c.yimg.jp/t/amd-img/20260721-00000018-ann-000-4-thumb.jpg?exp=10800,2026-07-21T10:08:18+09:00,2026-07-21T14:02:03+09:00,テレビ朝日系（ANN）,ann,テレビ朝日系（ANN）,259,"All Nippon NewsNetwork(ANN)
ホンダは、中国車大手の広州汽車集団との合弁契約を10年間延長し、2038年まで継続すると発表しました。

　2社が折半で出資する「広汽ホンダ」は、ガソリン車やEV＝電気自動車を生産・販売していて、販売不振の中で合弁契約を延長するかどうかが焦点となっていました。

ホンダ
「それぞれの技術やリソースを最大限に活かし、多様なニーズにお応えする製品を提供し続けることで、中国における四輪事業をさらに強化していきます」

（2026年7月21日放送分より）
テレビ朝日",[],[]
インドの宇宙スタートアップ企業がロケットの軌道投入に成功　モディ首相も賞賛（テレビ朝日系（ANN））,https://news.yahoo.co.jp/articles/3f77b20e791a83b49734d63aa20789a55cd34e46,https://newsatcl-pctr.c.yimg.jp/t/amd-img/20260721-00000017-ann-000-3-thumb.jpg?exp=10800,2026-07-21T10:05:19+09:00,2026-07-21T10:13:05+09:00,テレビ朝日系（ANN）,ann,テレビ朝日系（ANN）,353,"All Nippon NewsNetwork(ANN)
宇宙スタートアップ企業のスカイルート・エアロスペースは18日、インドで初めて民間ロケットの軌道投入に成功しました。

　開発したロケットは全長およそ22メートルで、最大350キロまでの物を搭載し、低い軌道へ運ぶことができます。

　地元メディアは、民間で軌道投入に成功したのはアメリカと中国に次ぎ、世界で3番目だと称賛しています。

インド　モディ首相（75）
「インドの宇宙開発の歴史における画期的な瞬間です」

　インド政府は、宇宙産業の競争力を強化しています。ロイター通信によると、市場規模を現在のおよそ1兆3000億円から、2033年までに7兆1500億円ほどに拡大することを目指しています。

（2026年7月21日放送分より）
テレビ朝日",[],[]
秋篠宮ご夫妻がパラグアイ訪問へ　8月18日から9日間　日本人移住90周年記念式典も（テレビ朝日系（ANN））,https://news.yahoo.co.jp/articles/afddcec8b2611878f1ff922d3cd1ffd761843e8d,https://newsatcl-pctr.c.yimg.jp/t/amd-img/20260721-00000016-ann-000-9-thumb.jpg?exp=10800,2026-07-21T09:50:41+09:00,2026-07-21T22:50:23+09:00,テレビ朝日系（ANN）,ann,テレビ朝日系（ANN）,347,"All Nippon NewsNetwork(ANN)
秋篠宮ご夫妻が8月18日から9日間、パラグアイを公式訪問されることが正式に決まりました。日本人移住90周年式典への出席などが予定されています。

　宮内庁によりますと、秋篠宮ご夫妻は8月18日、政府専用機で羽田空港を出発し、アメリカのロサンゼルスを経由してパラグアイの首都アスンシオンに降り立たれます。

　20日にはロペス宮殿を訪れ、ペニャ大統領を表敬されます。

　21日にはパラグアイへの日本人移住90周年記念式典に出席し、日系人らとの面会も予定されています。

　パラグアイは20年前に秋篠宮さまが訪問され、10年前には長女の小室眞子さんが訪問しています。

　ご夫妻が外国を訪問されるのは2024年のトルコ以来です。
テレビ朝日",[],[]
連休明けの日経平均株価　上げ幅一時1500円を超える（テレビ朝日系（ANN））,https://news.yahoo.co.jp/articles/83080c2b80a199b92c55c6c99d3c422674e6bcd9,https://newsatcl-pctr.c.yimg.jp/t/amd-img/20260721-00000015-ann-000-12-thumb.jpg?exp=10800,2026-07-21T09:49:38+09:00,2026-07-21T22:50:05+09:00,テレビ朝日系（ANN）,ann,テレビ朝日系（ANN）,214,"All Nippon NewsNetwork(ANN)
連休明けの日経平均株価は値上がりしています。

　21日の日経平均は20日のアメリカ市場で主な半導体関連株が買い戻された影響から上昇しています。

　上げ幅は一時1500円を超え、6万5000円台を回復しました。

　市場関係者は直近の2営業日で4500円余り値下がりした反動だとみていて、来週から本格化する企業の決算発表で好調な業績を確認できるかが焦点です。
テレビ朝日",[],[]
熊野古道登り口近くにクマ　イノシシ用わなにかかる　東海3県で初の「緊急銃猟」（テレビ朝日系（ANN））,https://news.yahoo.co.jp/articles/d9dc1a3b81c8a34830305ad9b1f43d8349d1dd93,https://newsatcl-pctr.c.yimg.jp/t/amd-img/20260721-00000014-ann-000-5-thumb.jpg?exp=10800,2026-07-21T09:37:20+09:00,2026-07-21T13:51:55+09:00,テレビ朝日系（ANN）,ann,テレビ朝日系（ANN）,273,"All Nippon NewsNetwork(ANN)
20日午前、三重県尾鷲市で、イノシシを捕獲するわなに体長およそ1メートルのツキノワグマがかかっているのを猟友会の男性が見つけました。

　周辺には住宅が多く、わなが外れてクマが逃げるおそれがあり、「緊急銃猟」で駆除されました。

地元猟友会
「クマ撃つの初めてで、怖い状態だった。おりならまだね。（わなは）いつ切れるか分からない」

　現場は、世界遺産「熊野古道」の登り口近くでした。

　東海3県でクマの緊急銃猟が行われたのは初めてです。

（2026年7月21日放送分より）
テレビ朝日",[],[]
日経平均株価　6万5000円台を回復　上げ幅一時1000円に迫る（テレビ朝日系（ANN））,https://news.yahoo.co.jp/articles/45fd0fa6470774c06415b4cd70c88f20757be7db,https://newsatcl-pctr.c.yimg.jp/t/amd-img/20260721-00010002-annd-000-5-view.jpg?exp=10800,2026-07-21T09:16:59+09:00,2026-07-21T10:04:15+09:00,テレビ朝日系（ANN）,ann,テレビ朝日系（ANN）,202,"東京証券取引所／21日
連休明けの日経平均株価は値上がりしています。

21日の日経平均は、20日のアメリカ市場で主な半導体関連株が買い戻された影響から上昇しています。

上げ幅は一時1000円に迫り、6万5000円台を回復しました。

市場関係者は、直近の2営業日で4500円あまり値下がりした反動だとみていて、来週から本格化する企業の決算発表で、好調な業績を確認できるかが焦点です。
テレビ朝日報道局",[],[]
米NYのICEが入るビル近くでガソリンまき放火　数人が軽いけが　ICEに反発か（テレビ朝日系（ANN））,https://news.yahoo.co.jp/articles/77b4c330d7aaadf90dadcd280e792309ae0f9a43,https://newsatcl-pctr.c.yimg.jp/t/amd-img/20260721-00000013-ann-000-11-thumb.jpg?exp=10800,2026-07-21T08:37:30+09:00,2026-07-21T16:33:40+09:00,テレビ朝日系（ANN）,ann,テレビ朝日系（ANN）,371,"All Nippon NewsNetwork(ANN)
ニューヨークの連邦政府の庁舎近くで男がガソリンとみられる液体をまき、火を付けた後、黒い煙と炎が上がり、少なくとも3人が軽いけがをしました。

　FBI（連邦捜査局）によりますと、20日午前8時半ごろ、ニューヨーク・マンハッタンのFBIやICE（移民税関捜査局）が入るビルの入り口付近で男がガソリンとみられる液体をまいて火を付けました。

　火は建物に燃え移る前に消し止められ、男は駆け付けた捜査員に拘束されました。

　政府職員2人を含む少なくとも3人が軽いけがをしました。

　地元当局によりますと、男はおのやハンマーなども所持していて、押していたカートには「ICEを街から追い出せ」と書かれていたということです。

（C）　CABLE NEWS NETWORK 2026
テレビ朝日",[],[]
NYの連邦政府庁舎近くで男が放火　「ICEを街から追い出せ」斧やハンマーなども所持（テレビ朝日系（ANN））,https://news.yahoo.co.jp/articles/2fd5afb998b9f85ac2f66fd0e20dc81ba272eb87,https://newsatcl-pctr.c.yimg.jp/t/amd-img/20260721-00010001-annd-000-2-thumb.jpg?exp=10800,2026-07-21T08:21:25+09:00,2026-07-21T08:53:58+09:00,テレビ朝日系（ANN）,ann,テレビ朝日系（ANN）,357,"“NYの連邦政府庁舎近くで男が放火　「ICEを街から追い出せ」斧やハンマーなども所持”
ニューヨークの連邦政府の庁舎近くで、男がガソリンとみられる液体をまき、火をつけた後に黒い煙と炎があがり、少なくとも3人が軽いけがをしました。

FBI=連邦捜査局によりますと、20日午前8時半ごろ、ニューヨーク・マンハッタンのFBIやICE=移民税関捜査局が入るビルの入り口付近で、男がガソリンとみられる液体をまいて火をつけました。

火は建物に燃え移る前に消し止められ、男は駆けつけた捜査員に拘束されました。

政府職員2人を含む、少なくとも3人が軽いけがをしました。

地元当局によりますと、男は斧やハンマーなども所持していて、押していたカートには｢ICEを街から追い出せ｣と書かれていたということです。
テレビ朝日報道局",[],[]
「ネタニヤフ首相は米滞在中に逮捕されることない」トランプ大統領　NY市長が国連総会で拘束検討と報道も（テレビ朝日系（ANN））,https://news.yahoo.co.jp/articles/fec638c7a470914a29c257073e08bd44f68d957d,https://newsatcl-pctr.c.yimg.jp/t/amd-img/20260721-00010000-annd-000-5-thumb.jpg?exp=10800,2026-07-21T07:42:50+09:00,2026-07-21T10:15:55+09:00,テレビ朝日系（ANN）,ann,テレビ朝日系（ANN）,457,"“「ネタニヤフ首相は米滞在中に逮捕されることない」トランプ大統領　NY市長が国連総会で拘束検討と報道も”
アメリカのトランプ大統領は、ICC=国際刑事裁判所から逮捕状が出ているイスラエルのネタニヤフ首相について｢アメリカ滞在中に逮捕されることはない｣と主張しました。

トランプ大統領は20日、自身のSNSでイスラエルのネタニヤフ首相について｢アメリカに滞在する間は、どんな形や状況であれ逮捕されることはない｣と投稿しました。

また、トランプ大統領は｢彼は、5万2000人の罪のない抗議者を殺害し、47年にわたってアメリカ兵らを殺害し続けてきたイランと戦っている｣と主張しました。

ネタニヤフ首相は、パレスチナ自治区ガザでの戦闘をめぐり、ICC=国際刑事裁判所から逮捕状が出ています。

アメリカはICCに加盟していませんが、ニューヨーク市のマムダニ市長はニューヨーク・タイムズのインタビューで、9月の国連総会でネタニヤフ首相が訪問した場合、拘束できるかどうか検討を進めているとしていました。
テレビ朝日報道局",[],[]
トランプ大統領　カナダに新たな50％の追加関税　「公平な競争条件を整える」（テレビ朝日系（ANN））,https://news.yahoo.co.jp/articles/fed725121868f987109cc6104a4e4a9e3a38bcd5,https://newsatcl-pctr.c.yimg.jp/t/amd-img/20260721-00000012-ann-000-12-thumb.jpg?exp=10800,2026-07-21T07:12:00+09:00,2026-07-21T23:39:42+09:00,テレビ朝日系（ANN）,ann,テレビ朝日系（ANN）,515,"All Nippon NewsNetwork(ANN)
アメリカのトランプ大統領はカナダからの輸入品の一部に50％の追加関税を課す布告に署名しました。

　トランプ大統領は20日、カナダがアメリカの輸出品を不利に扱っていると指摘し、カナダからの輸入品の一部に50％の追加関税を課す3つの布告に署名しました。

　対象となるのはワインやアイスホッケーのスティック、セメントなどで、30日後に発効する見通しです。

　ホワイトハウスは声明で、カナダのほとんどの州でアメリカ産の酒類の販売が停止されたとしたうえで、アメリカから輸入する自動車についても不当に関税を課していると主張しました。

　また、追加関税の導入によって「カナダの不当な扱いによる負担と不利益を相殺し、アメリカの重要な輸出品について公平な競争条件を整える」としています。

　トランプ大統領は17日、カナダの山火事によるアメリカ国内の大気汚染を理由に関税の上乗せを警告していましたが、ニュースサイト「アクシオス」は政府高官の話として、今回の追加関税は山火事を踏まえた関税措置ではないと伝えています。

（C）　CABLE NEWS NETWORK 2026
テレビ朝日",[],[]
相葉雅紀主演「4アウト」主題歌決定　GRe4N BOYZ「新たな『Green boys』が誕生」（テレビ朝日系（ANN））,https://news.yahoo.co.jp/articles/3850816bea89cb84e2c264c017fed876236d0a50,https://newsatcl-pctr.c.yimg.jp/t/amd-img/20260721-90195458-ann-000-1-view.jpg?exp=10800,2026-07-21T07:00:35+09:00,2026-07-21T07:00:35+09:00,テレビ朝日系（ANN）,ann,テレビ朝日系（ANN）,880,"公開されたポスタービジュアル
俳優でタレントの相葉雅紀（43）が主演を務める映画「4アウト ─もう一度、プレーボール─」（稲垣壮洋監督、11月16日公開）の主題歌を、4人組ボーカルグループ「GRe4N BOYZ」が担当することが21日、分かった。
【画像】相葉雅紀主演「4アウト」主題歌決定　GRe4N BOYZ「新たな『Green boys』が誕生」
主題歌には、グループ名を改名前の「GReeeeN」名義で発表していた楽曲「Green boys」を、本作のために再レコーディングした特別バージョンを採用。映画のテーマである“再起”や“挑戦”への思いを重ねた、力強い楽曲に仕上がっている。

本作は、作家・平山讓氏による小説「4アウト―ある障害者野球チームの挑戦」（中央公論新社刊）の原作をもとに、東京で初めて結成された身体障害者野球チーム「東京ブルーサンダース」の実話をベースに、全国大会を目指す選手たちの姿を描く。

物語は、社会人野球で戦力外となり、夢を諦めた主人公・矢上（相葉）が、再就職先の障害者スポーツセンターで野球を愛する仲間たちと出会うところから始まる。周囲から「障害者に野球は無理だ」と反対されながらも、矢上は監督としてチームを結成。挫折や葛藤を乗り越えながら、仲間たちとともに「全国身体障害者野球大会」日本一を目指していく。

今回の主題歌についてGRe4N BOYZは連名で、「今回、映画とのコラボレーションという新たな機会をいただき、再レコーディングしました。この曲を作った当時の思いに、今の僕たちの息吹を重ね、GRe4N BOYZとして届けたい新たな『Green boys』が誕生しました」とコメント。

さらに、「この映画をご覧になる皆さま、そして作品に関わった全ての方々へ。僕ら何度でも　何度でも　立ち上がれるさ　諦めないのが　僕らの道標」とエールを送っている。

あわせて、新キャストとして黒島結菜、劇団EXILE松組の松本利夫、佐々木蔵之介らの出演も発表。ポスタービジュアルと、主題歌入りの予告映像も公開された。
テレビ朝日",[],[]
トランプ氏　「米兵殺害の代償払わせる」　イランに警告　米軍は10日連続で攻撃（テレビ朝日系（ANN））,https://news.yahoo.co.jp/articles/3ea39778f254562d825b82e75da6acba54998832,https://newsatcl-pctr.c.yimg.jp/t/amd-img/20260721-00000011-ann-000-8-view.jpg?exp=10800,2026-07-21T06:47:21+09:00,2026-07-21T10:38:36+09:00,テレビ朝日系（ANN）,ann,テレビ朝日系（ANN）,353,"""トランプ氏　「米兵殺害の代償払わせる」　イランに警告　米軍は10日連続で攻撃""
アメリカのトランプ大統領はイランに対し、アメリカ軍の兵士が殺害されるたびに「何倍もの代償を払わせる」として、報復を警告しました。

　トランプ大統領は20日、自身のSNSで「イランがアメリカ軍の兵士を殺害するたびに、その何倍もの代償を払わせる」と投稿しました。

　また、「この方針はヘグセス国防長官やケイン統合参謀本部議長らに伝達された」として、イランに対し報復を警告しました。

　そして、アメリカ中央軍は20日、トランプ大統領の指示に基づき、イランに対して10日連続となる攻撃を開始したと発表しました。

　アメリカとイランの攻撃の応酬が続くなか、17日以降少なくともアメリカ軍の兵士3人が死亡しています。
テレビ朝日",[],[]
車同士が正面衝突 6人けが　レンタカーが対向車線に 北海道 富良野市（テレビ朝日系（ANN））,https://news.yahoo.co.jp/articles/520a3ff471779756a835c51e8236a93e59d4c855,https://newsatcl-pctr.c.yimg.jp/t/amd-img/20260721-00000010-ann-000-5-thumb.jpg?exp=10800,2026-07-21T05:57:28+09:00,2026-07-21T13:12:14+09:00,テレビ朝日系（ANN）,ann,テレビ朝日系（ANN）,265,"All Nippon NewsNetwork(ANN)
北海道・富良野市で乗用車同士が正面衝突し、6人がけがをしました。

　20日午後3時すぎ、富良野市の国道で乗用車が対向車線にはみ出し、もう一方の乗用車と正面衝突しました。

　警察によりますと、対向車線にはみ出したのはレンタカーで、中国籍とみられる家族4人が乗っていました。

　もう片方の乗用車には日本人の男女2人が乗っていて、合わせて6人が病院に運ばれました。

　搬送時に意識はあったということです。

　警察が対向車線にはみ出した原因などを調べています。
テレビ朝日",[],[]
フィリピン軍隊員 中国海警から“殴打”か　中国「事実を歪曲」と反発（テレビ朝日系（ANN））,https://news.yahoo.co.jp/articles/08d291c2b12a161190b91a7b60527111ae561eb8,https://newsatcl-pctr.c.yimg.jp/t/amd-img/20260721-00000007-ann-000-4-thumb.jpg?exp=10800,2026-07-21T05:57:27+09:00,2026-07-21T07:24:27+09:00,テレビ朝日系（ANN）,ann,テレビ朝日系（ANN）,360,"All Nippon NewsNetwork(ANN)
フィリピン軍は、中国と領有権を争う南シナ海で海軍の隊員が中国海警局の乗組員に殴られ負傷したと発表しました。中国側は「事実を歪曲している」と反発しています。

　フィリピン軍によりますと、南シナ海のアユンギン礁周辺で20日、実効支配の拠点となっている海軍の船に中国海警局の船が接近しました。

　フィリピン軍はゴムボートを出し警告しましたが、隊員1人が中国側から木製の棒で殴られ、頭にけがをしたということです。

　フィリピン軍は「安全を露骨に軽視する行動だ」と非難しています。

　一方、中国側はフィリピン側が警告を無視して接近し、巡視艇に衝突したと主張しています。

　先に攻撃を加えたのはフィリピン側で、「事実を歪曲している」などと反発しています。
テレビ朝日",[],[]
イギリスで世界最大級の航空ショー開幕　ウクライナ実戦ドローンも展示（テレビ朝日系（ANN））,https://news.yahoo.co.jp/articles/cdbb7543d67f7953210ba18a62dd03bac94833bc,https://newsatcl-pctr.c.yimg.jp/t/amd-img/20260721-00000008-ann-000-6-thumb.jpg?exp=10800,2026-07-21T05:56:29+09:00,2026-07-21T19:49:31+09:00,テレビ朝日系（ANN）,ann,テレビ朝日系（ANN）,242,"All Nippon NewsNetwork(ANN)
イギリスで世界最大級の航空ショーが開幕しました。ウクライナや中東情勢が緊迫化するなか、軍用機やドローンの存在感が高まっています。

　20日に開幕したファンボロー国際航空ショーには、過去最多の1600社が参加しています。

　防衛関連企業の割合は前回の40％から50％に増加し、ドローンを出展する企業は前回からおよそ1.5倍に増えました。

　ウクライナの企業のブースでは実戦で使われているドローンが展示されました。
テレビ朝日",[],[]
米・イラン戦闘　仲介国が新提案「停戦し協議再開模索を」　米は10日連続の空爆（テレビ朝日系（ANN））,https://news.yahoo.co.jp/articles/9ab6d249afb6a2bae0e24c5638e4d5c8d76a5387,https://newsatcl-pctr.c.yimg.jp/t/amd-img/20260721-00000009-ann-000-6-thumb.jpg?exp=10800,2026-07-21T05:54:30+09:00,2026-07-21T08:14:52+09:00,テレビ朝日系（ANN）,ann,テレビ朝日系（ANN）,375,"All Nippon NewsNetwork(ANN)
攻撃の応酬が続くアメリカとイランに対し、10日間の停戦期間を設け、協議再開を模索する案を仲介国が提示していることが明らかになりました。

　イラン国営メディアは、仲介国のパキスタンとカタールが20日に新たな提案をしたと報じました。

　イランの高官はロイター通信に対し、アメリカとの協議再開を模索するために10日間の停戦期間を設ける案が提示されたと語っています。

　中東メディアは、提案にはホルムズ海峡を10日から14日間開放することも盛り込まれていると報じています。

　イラン外務省の報道官は20日、仲介国から提案を受け取ったことを認めましたが、詳細については言及しませんでした。

　こうしたなか、米中央軍は10日連続となるイランに対する新たな空爆を開始したと発表しました。
テレビ朝日",[],[]
車が電柱に衝突 現職の警察官を逮捕　飲酒運転か 広島（テレビ朝日系（ANN））,https://news.yahoo.co.jp/articles/5abceda5a51991af949bc64606c72f233560dbb7,https://newsatcl-pctr.c.yimg.jp/t/amd-img/20260721-00000005-ann-000-4-thumb.jpg?exp=10800,2026-07-21T05:52:32+09:00,2026-07-21T07:23:01+09:00,テレビ朝日系（ANN）,ann,テレビ朝日系（ANN）,317,"All Nippon NewsNetwork(ANN)
20日、広島市内で車が電柱に衝突する事故があり、運転していた現職の警察官が逮捕されました。

　道路交通法違反の疑いで逮捕されたのは府中警察署の巡査・浜下雷馬容疑者（27）です。

　浜下容疑者は20日午前4時ごろ、広島市中区の市道で危険な運転をして電柱に衝突した疑いが持たれています。

　警察の調べに対して「何も言いたくない」と話しているということです。

　警察によりますと浜下容疑者を確保した際、酒のにおいがしたということで、飲酒運転の疑いも視野に捜査しているということです。

　広島県警の幹部は「事実関係を調査し厳正に対処していく」とコメントしています。
テレビ朝日",[],[]
東海で最高気温40℃ 酷暑日予想　熱中症に厳重警戒（テレビ朝日系（ANN））,https://news.yahoo.co.jp/articles/0d9cfdce57e7312010e5429c6660027d4da20e25,https://newsatcl-pctr.c.yimg.jp/t/amd-img/20260721-00000006-ann-000-5-thumb.jpg?exp=10800,2026-07-21T05:50:34+09:00,2026-07-21T13:12:08+09:00,テレビ朝日系（ANN）,ann,テレビ朝日系（ANN）,377,"All Nippon NewsNetwork(ANN)
21日から災害級の暑さとなる見込みで、熱中症に厳重な警戒が必要です。東海では最高気温40℃以上の酷暑日が予想されています。

　20日に梅雨明けの発表があった関東甲信や東海は、真夏の強い日差しが照りつけ、危険な暑さになる見込みです。

　最高気温は愛知県豊田と岐阜県多治見で40℃と、全国で今年初めての酷暑日となる予想です。

　関東でも40℃に迫る暑さで、群馬県伊勢崎や埼玉県熊谷で38℃、東京都心は36℃と2日連続の猛暑日となる予想です。

　熱中症警戒アラートは東北から沖縄の42都府県に発表されていて、今年最多となっています。

　災害級の暑さは今週末まで続く見通しです。こまめな水分補給を心掛けるとともに、屋外での長時間の行動を避けて室内ではエアコンを適切に使用してください。
テレビ朝日",[],[]
ネタニヤフ首相を「逮捕させない」 トランプ氏　拘束検討のNYマムダニ市長に反論（テレビ朝日系（ANN））,https://news.yahoo.co.jp/articles/656d82bb7c2d2542796ea839843f96cf741bd966,https://newsatcl-pctr.c.yimg.jp/t/amd-img/20260721-00000004-ann-000-14-thumb.jpg?exp=10800,2026-07-21T05:08:01+09:00,2026-07-21T22:49:37+09:00,テレビ朝日系（ANN）,ann,テレビ朝日系（ANN）,452,"All Nippon NewsNetwork(ANN)
アメリカのトランプ大統領はICC（国際刑事裁判所）から逮捕状が出ているイスラエルのネタニヤフ首相について「アメリカ滞在中に逮捕されることはない」と主張しました。

　トランプ大統領は20日、自身のSNSでイスラエルのネタニヤフ首相について「アメリカに滞在する間は、どんな形や状況であれ逮捕されることはない」と投稿しました。

　また、トランプ大統領は「彼は5万2000人の罪のない抗議者を殺害し、47年にわたってアメリカ兵らを殺害し続けてきたイランと戦っている」と主張しました。

　ネタニヤフ首相はパレスチナ自治区・ガザでの戦闘を巡り、ICCから逮捕状が出ています。

　アメリカはICCに加盟していませんが、ニューヨーク市のマムダニ市長はニューヨーク・タイムズのインタビューで、9月の国連総会でネタニヤフ首相が訪問した場合、拘束できるかどうか検討を進めているとしていました。

（C）　CABLE NEWS NETWORK 2026
テレビ朝日",[],[]
亀梨和也「全身全霊で演じています」 藤原竜也主演「カイジ」新キャスト発表（テレビ朝日系（ANN））,https://news.yahoo.co.jp/articles/095e78bdaeef3d80f3468dc8f66418605c2c01a3,https://newsatcl-pctr.c.yimg.jp/t/amd-img/20260721-90195456-ann-000-2-view.jpg?exp=10800,2026-07-21T05:00:35+09:00,2026-07-21T10:18:17+09:00,テレビ朝日系（ANN）,ann,テレビ朝日系（ANN）,864,"帝愛グループの二代目・兵藤和也を亀梨和也が演じる。
藤原竜也（44）が主演する人気シリーズの最新作映画「カイジ 人生リベンジゲーム」（佐藤東弥監督、2027年1月29日公開）の新キャストが21日、発表された。
【画像】亀梨和也「全身全霊で演じています」 藤原竜也主演「カイジ」新キャスト発表
原作は、漫画家・福本伸行氏による人気漫画「カイジ」シリーズ。1996年に「ヤングマガジン」で連載がスタートし、2026年に連載30周年を迎えた。シリーズ累計発行部数は3000万部を超える人気作で、藤原が主人公・伊藤開司（カイジ）を演じる映画シリーズは本作で第4作となる。

今作で描かれるのは、シリーズ最大級となる“カイジVS帝愛”の新たな死闘。カイジの前に立ちはだかるのは、帝愛グループ会長・兵藤和尊の息子で、“帝愛の後継者”として絶大な権力を持つ兵藤和也。何も持たない底辺から這い上がってきたカイジとの極限の頭脳戦が繰り広げられる。

あわせて、本作を彩る5種類のゲームも解禁。「ティッシュくじ」「絶体絶命ゴルフ」「愛よりも剣」「VR鉄骨渡り」「命懸けポーカー」が登場し、運だけでは勝ち残れない知略、心理戦、覚悟が試される。

新キャストとして、帝愛グループ社員で地下労働施設での労働経験を持つ真下圭太役に高杉真宙（30）、真下の恋人でクレープ店を営む結城妙子役に南沙良（24）、平凡な日常を送っていたものの、カイジとともに極限のサバイバルゲームへ巻き込まれていくゴルフ場勤務の野々村耕三役に寺島進（62）が決定した。さらに、カイジ最大の宿敵となる兵藤和也役を亀梨和也（40）が演じることも発表された。

亀梨は、「原作でも人気の高い和也という強烈なキャラクターを、かわいらしさや人間らしさも大切にしながら、全身全霊で演じています。約7年ぶりとなる『カイジ』シリーズ最新作として、皆さんの期待にしっかり応えられる作品になっていると思いますので、公開までぜひ首をなが〜くして楽しみに待っていてください」とコメントしている。
テレビ朝日",[],[]
京本大我・有澤樟太郎・伊藤あさひ、トリプルキャストで挑む『モーツァルト！』2027年上演へ（テレビ朝日系（ANN））,https://news.yahoo.co.jp/articles/5e29d6b85647bf5a26804ba51eea7005718ae17c,https://newsatcl-pctr.c.yimg.jp/t/amd-img/20260721-90195460-ann-000-1-view.jpg?exp=10800,2026-07-21T04:00:35+09:00,2026-07-21T04:00:35+09:00,テレビ朝日系（ANN）,ann,テレビ朝日系（ANN）,902,"トリプルキャスト：左から京本大我、中・有澤樟太郎、右・伊藤あさひ
SixTONESの京本大我（32）、俳優の有澤樟太郎（30）、伊藤あさひ（26）がトリプルキャストで主演を務めるミュージカル「モーツァルト!」が、2027年2月に東京・日生劇場で開幕することが21日、発表された。
【画像】京本大我・有澤樟太郎・伊藤あさひ、トリプルキャストで挑む『モーツァルト!』2027年上演へ
同作は、脚本・歌詞をミヒャエル・クンツェ氏、音楽・編曲をシルヴェスター・リーヴァイ氏が手がける人気ミュージカル。“天才”という宿命を背負い、音楽に愛されながらも翻弄（ほんろう）された音楽家、ヴォルフガング・アマデウス・モーツァルトの35年にわたる生涯を描く。「才能は肉体に宿るのか、魂に宿るのか」というテーマを軸に、数々の名曲と激動の人生を通して、壮大な音楽と重厚な人間ドラマを織り上げる。

日本では2002年に初演され、2027年公演で25周年を迎える。演出・訳詞は、前回に続き小池修一郎氏（宝塚歌劇団）が担当する。

主人公・ヴォルフガング役は、海外権利元の承認を経て三人が決定。京本は2024年公演で帝国劇場初主演を果たしており、今回が2度目の挑戦となる。

有澤は、ミュージカル「ジャージー・ボーイズ」や「ジョジョの奇妙な冒険 ファントムブラッド」、クンツェ＆リーヴァイ作品「レイディ・ベス」などに出演。映像作品でも活躍している。

伊藤は、ミュージカル「ロミオ＆ジュリエット」「1789―バスティーユの恋人たち―」「エリザベート」など話題作への出演で注目を集めている。

京本は、「約2年半ぶりに『モーツァルト!』の再演が決まったことを本当にうれしく思います。そして、東京公演のみの出演となりますが、こうしてお声がけいただいたことに心から感謝しています」とコメント。

続けて「再び演じることに意味を見いだせるよう、ヴォルフガング、そして自分自身と改めて向き合いながら、再構築していけたらと思います」と意気込みを語った。

2027年2月に東京・日生劇場で開幕し、その後は福岡、愛知、大阪を巡演する。
テレビ朝日",[],[]
米連邦裁　ワーナー買収 一時差し止め命令　合併手続き巡りパラマウントに打撃も（テレビ朝日系（ANN））,https://news.yahoo.co.jp/articles/07332ec7c9b2127ef29968feaa89da58f3c70729,https://newsatcl-pctr.c.yimg.jp/t/amd-img/20260721-00000003-ann-000-12-view.jpg?exp=10800,2026-07-21T03:50:22+09:00,2026-07-21T23:39:50+09:00,テレビ朝日系（ANN）,ann,テレビ朝日系（ANN）,411,"""米連邦裁　ワーナー買収 一時差し止め命令　合併手続き巡りパラマウントに打撃も""
アメリカの連邦裁判所がアメリカメディア大手「パラマウント・スカイダンス」によるワーナー・ブラザース・ディスカバリーの買収について一時差し止めを命じました。

　ワーナーの買収を巡っては去年12月にネットフリックスが買収することで合意していましたが、パラマウントがそれを上回る買収案を示し、敵対的買収に踏み切っていました。

　一方で、カリフォルニアなど12の州が買収によって競争が阻害されるなどとして買収阻止を求めて提訴していましたが、カリフォルニア州の連邦判事は今月20日、買収の一時的な差し止め命令を出しました。

　この命令により、合併に関する手続きは14日間停止されます。

　アメリカメディアは今後の審理によっては合併の手続きが数カ月間止まる可能性もあり、その場合パラマウントにとって大きな打撃になると指摘しています。
テレビ朝日",[],[]
英バーナム新首相　トランプ大統領と電話　ゼレンスキー氏には支援の継続を伝達（テレビ朝日系（ANN））,https://news.yahoo.co.jp/articles/d11eb9cb590e2f1877196f8a11eaff7d6229005c,https://newsatcl-pctr.c.yimg.jp/t/amd-img/20260721-00000002-ann-000-16-view.jpg?exp=10800,2026-07-21T02:40:20+09:00,2026-07-21T23:39:54+09:00,テレビ朝日系（ANN）,ann,テレビ朝日系（ANN）,394,"""英バーナム新首相　トランプ大統領と電話　ゼレンスキー氏には支援の継続を伝達""
イギリスの新たな首相に就任したバーナム氏がアメリカのトランプ大統領やウクライナのゼレンスキー大統領らと相次いで電話会談しました。

　イギリスのタイムズ紙はホワイトハウス関係者の話として、20日にイギリスの首相に就任したバーナム氏が最初の会談の一つとしてトランプ大統領と電話したと報じました。

　その際、来年イギリスが議長国を務めるG20首脳会議を自身が9年間にわたって市長を務めた中部マンチェスターで開催することを伝えたということです。

　また、ウクライナのゼレンスキー大統領は20日、自身のSNSにバーナム首相と話したと投稿しました。

　バーナム首相はロシアの攻撃によって亡くなった人々へ弔意を示し、前任のスターマー氏が進めてきたウクライナ支援を継続していく意向を伝えたということです。
テレビ朝日",[],[]
小泉防衛大臣「中国とロシアが日本のEEZ内で実弾演習」　訪問先のイギリスで明らかに（テレビ朝日系（ANN））,https://news.yahoo.co.jp/articles/d948085aaa42523074cd3f7def0013f2ea70e50c,https://newsatcl-pctr.c.yimg.jp/t/amd-img/20260721-00000001-ann-000-15-thumb.jpg?exp=10800,2026-07-21T01:55:40+09:00,2026-07-21T23:39:59+09:00,テレビ朝日系（ANN）,ann,テレビ朝日系（ANN）,524,"All Nippon NewsNetwork(ANN)
小泉防衛大臣は訪問先のイギリスで講演し、中国とロシアの海軍艦艇が先週末、日本のEEZ（排他的経済水域）内で実弾演習を行ったと明らかにしました。

小泉防衛大臣
「中国とロシアの海軍艦艇は日本周辺海域で共同航行作戦を実施しています。この週末には日本のEEZ内で実弾演習を行いました」

　防衛省は21日午前に中国海軍のミサイル駆逐艦がEEZ内で射撃訓練を実施しているとする場面の画像を公開しました。

　現場では中国とロシアの艦艇合わせて4隻が確認され、このうち中国のミサイル駆逐艦が機関銃による射撃訓練を行ったということです。

　一方、小泉大臣は講演で中国とロシアの軍事協力が一段と深まっているとの認識を示しました。

　そのうえで、日本が同盟国や同志国をつなぐ防衛協力の「ハブ」となり、インド太平洋と欧州大西洋間の産業協力を進める考えを強調しました。

　また、イギリスやイタリアと共同開発を進める次期戦闘機について、地域を越えた安全保障協力の新たなモデルになり得るとしたほか、防衛産業の中長期的な方向性を示す「防衛生産・技術基盤戦略」を新たに策定する方針を明らかにしました。
テレビ朝日",[],[]
【報ステ解説】背景に何が？高市内閣“過去最低”支持率49.2％に急落（テレビ朝日系（ANN））,https://news.yahoo.co.jp/articles/819c1e6d98183b3a58ef134600a148b4a82d8ccc,https://newsatcl-pctr.c.yimg.jp/t/amd-img/20260721-90195465-ann-000-2-view.jpg?exp=10800,2026-07-21T01:39:15+09:00,2026-07-21T07:15:32+09:00,テレビ朝日系（ANN）,ann,テレビ朝日系（ANN）,2118,"【報ステ解説】背景に何が？高市内閣“過去最低”支持率49.2％に急落
去年10月の政権発足以来、6割前後の高い支持率を維持してきた高市内閣。政権運営を支えてきた、この“支持率”が大きく下落しました。背景には何があるのでしょうか。
【画像】【報ステ解説】背景に何が?高市内閣“過去最低”支持率49.2％に急落
高市内閣　支持率49.2％に急落
今月18、19日に報道ステーションが行った世論調査では、高市内閣の支持率は先月の調査から10.9ポイント下落し、49.2％となりました。支持しない人は11.8ポイント増えて、34.8％でした。支持率が5割を切ったのは政権発足以来、初めてです。

高市内閣を支持する理由で最も多かったのは「他の内閣より良さそう」というものでした。先月1番多かった「政策に期待が持てる」という答えは6.6ポイント下がり、3番手にダウンしました。

この1カ月、国会では、憲法学者から違憲性を指摘されながらも『国旗損壊罪』が成立。また『皇室典範』をめぐっては。

高市早苗総理大臣
「養子の子については皇族の夫婦の間に生まれたものであり、現行皇室典範の規定に基づき、皇族となる」

“将来の議論を縛るものではない”としつつも、実質的には男系男子による皇位継承にこだわった改正がなされました。世論調査では、養子の子孫による皇位の継承については依然、賛否が分かれている上、女性天皇や女系天皇について議論を行う必要があると考える人は、7割に上っています。

その反面、冬の選挙で打ち出した『食料品消費税の減税』は、いまだ青写真を描けず。

国民民主党　玉木雄一郎代表
「色んな政策、とりわけ物価高騰対策がもっと迅速にスピーディーに進むと期待した国民、特に若い人が多かったと思う。そこが期待通りではないなと思う人が増えている結果なのかな」

18日から3日間、総理公邸の中で過ごした高市総理大臣。支持率10ポイントの急落は、政権内でどう受け止められているのでしょうか。
急落の背景“政策への期待”低下
政治部官邸キャップの千々岩森生記者に聞きます。

（Q.1月で10ポイント以上下げた結果を政府・与党はどう捉えていますか）

千々岩森生官邸キャップ
「自民党内からは『衝撃だ』という声も聞こえてきます。総理官邸では幹部を含め、休日返上で原因の分析にあたっています。政権発足からこれまで、ほとんど下がっておらず、6割を切ることがほぼなかった政権が10ポイント以上下がった。過去の政権を見ても1月で一気に2ケタの下げは異例です。自民党議員は3連休で地元に戻っています。夏祭りや有権者と触れ合う中で、高市政権がこれまでの安定飛行からフェーズが変わったという心証は皆さん持たれているようです」

高市内閣を支持する割合を年代別に見ていきます。前回6月の調査では、70代以上を除いた世代、40歳未満・40代・50代・60代で、高市総理を支持する人は50％以上いました。今回は、全ての年代で支持する人の割合が減っています。支持する人が50％を超えているのは、40代・50代のみになりました。

また、高市内閣を支持する理由にも変化が出ています。前回調査では支持する理由のトップが「政策に期待が持てる」で、次いで「人柄が信頼できる」「他の内閣よりも良さそう」と続いていました。今回は「政策に期待が持てる」が3番目に後退し、「他の内閣よりも良さそう」がトップになりました。

（Q.支持率が落ちている上に、支持している人の中でも「他の内閣よりも良さそう」という消極的な理由が高くなりました。これはどう影響しましたか）

千々岩森生官邸キャップ
「自民党内で1番に聞こえてくるのは皇室典範です。世論が割れる中で進めた、ここに嫌気が差したんだろうと。2つ目は、まさに『政策への期待』の項目。高市政権は発足してからずっと『政策に期待が持てる』がトップでした。しかも、2位とは離して。中身は何かというと、高市総理自身が仰っていた“物価高対策が最優先”という経済の部分。後半国会は国旗損壊罪や皇室典範といった日々の暮らし、経済ではないところに注力していったことが、嫌気を差されたと自民党内では言われています。思い返すと石破政権は発足以来『人柄が信頼できる』がトップでした。それが10万円の商品券の問題などもあって『他の内閣より良い』という消極的な理由が上に来た。政権はカラーを失うと漂流しかねない。高市政権のカラーが失われてしまうとすると、政権に与える影響が出てくると思います」

（Q.高市総理の政権運営にどう影響しそうですか）

千々岩森生官邸キャップ
「大きく下げたとはいえ、支持率49.2％はまだ高いです。夏・秋にかけて維持、もしくは反転していけば安定するし、下げトレンドが止まらなければ危ないです。政府内で聞こえてくるのは、政策への期待、経済の部分。特に選挙で掲げた消費税の引き下げ。選挙から5カ月が経って取りまとめすらできていませんが、これを来年4月1日に向けて実行していくことで信頼を取り戻したいという声は出てきています」
テレビ朝日",[],[]
イギリスの新首相にバーナム氏就任「安定を世界に示す」「過去40年で最大の変革を」（テレビ朝日系（ANN））,https://news.yahoo.co.jp/articles/30239189a328ddb299baf413cb0b6796242a33fd,https://newsatcl-pctr.c.yimg.jp/t/amd-img/20260721-00000000-ann-000-13-thumb.jpg?exp=10800,2026-07-21T00:30:00+09:00,2026-07-21T23:40:04+09:00,テレビ朝日系（ANN）,ann,テレビ朝日系（ANN）,279,"All Nippon NewsNetwork(ANN)
イギリスのスターマー首相が辞任し、新たな首相にアンディ・バーナム氏が就任しました。

イギリス　バーナム新首相
「イギリスは再び安定を取り戻せることを世界に示す必要があります」

　バーナム新首相は2017年に下院議員からマンチェスター市長に転身し、先月の補選で国政に復帰しました。

　生活インフラの公的管理や地方分権を進めるとしていて、就任演説で「過去40年で最大の変革をもたらす」と強調しました。

　イギリスでは首相交代が相次いでいて、バーナム新首相はここ10年で7人目の首相です。
テレビ朝日",[],[]
“停戦の覚書”双方で「違反」　アメリカ軍が9日連続の攻撃（テレビ朝日系（ANN））,https://news.yahoo.co.jp/articles/017e7ea4193fd1b476c175001784136e3f4567e3,https://newsatcl-pctr.c.yimg.jp/t/amd-img/20260721-90195464-ann-000-3-view.jpg?exp=10800,2026-07-21T00:09:15+09:00,2026-07-21T01:00:34+09:00,テレビ朝日系（ANN）,ann,テレビ朝日系（ANN）,554,"“停戦の覚書”双方で「違反」　アメリカ軍が9日連続の攻撃
アメリカのトランプ大統領は、イランに対する新たな攻撃を実施したと明らかにしました。攻撃は9日連続です。
【画像】“停戦の覚書”双方で「違反」　アメリカ軍が9日連続の攻撃
“相手が停戦の覚書に違反している”。双方、その主張を繰り返しています。

アメリカ　ルビオ国務長官
「イランは、交渉を望むそぶりを見せながら、今夜もミサイルやドローンで船舶を攻撃している。誠意を見せれば、我々は、外交に応じる」

イラン最高指導者軍事顧問　モフセン・レザイ氏（17日）
「交渉か戦争か、どっちつかずの状態は終わった。アメリカの攻撃が、さらに2〜3日続けば、我々は完全な攻撃態勢に転じる。」

見通せない情勢。

アメリカ国内では、石油の備蓄が着実に低下しています。今月10日時点での備蓄は、1983年以来、43年ぶりの低さになっています。

ケプラー社中東・OPEC分析部門　アメナ・バクル氏
「『供給余力がある』との見方は不正確です。現状は深刻で、各国が戦略備蓄を積み増しできず、備蓄水準は極めて低い状態です。価格は、まだ期待通りに反応していませんが、急騰するタイミングを見極めるのは困難です」

（C）CABLE NEWS NETWORK 2024
テレビ朝日",[],[]
事件の直前「部屋に火を放った」　包丁所持の男が車でコンビニ突入（テレビ朝日系（ANN））,https://news.yahoo.co.jp/articles/8e2a5394b806ef7633c2c2c3bd4a27ea48a939df,https://newsatcl-pctr.c.yimg.jp/t/amd-img/20260721-90195463-ann-000-2-view.jpg?exp=10800,2026-07-21T00:06:16+09:00,2026-07-21T00:57:15+09:00,テレビ朝日系（ANN）,ann,テレビ朝日系（ANN）,619,"事件の直前「部屋に火を放った」　包丁所持の男が車でコンビニ突入
20日午前0時過ぎ、神奈川県相模原市にあるコンビニにオレンジ色の車が突っ込みました。
【画像】事件の直前「部屋に火を放った」　包丁所持の男が車でコンビニ突入
その5分後、駆けつけた警察官が対峙したのが自称・渋谷恭平容疑者（45）です。

渋谷容疑者は、車から降りてきた際、左手には包丁を、右手にはゴルフクラブを持っていたといいます。

警察官は「武器を捨てろ」と迫ります。そして、上空に向けて一発、威嚇発砲。

しかし、その後も「早く捨てろ」と、警告の声は続きました。

近隣住民が録音していた音声から、渋谷容疑者が現行犯逮捕されたのは、発砲から約3分後だとみられます。

コンビニに車が突っ込んだ際、店内にいた高校生が跳ねとばされ、けがをしました。

逮捕後、渋谷容疑者は警察官に「自分の部屋に火を放った」と話したといいます。

コンビニの向かいにあるマンション。

暗く閉ざされた一室から白い煙が立ち上っていました。渋谷容疑者が住んでいたとみられる部屋です。この火事で、けが人はいませんでした。

渋谷容疑者と同じマンションの住人
「こちらが『おはようございます』と言うと、本当に小さい声で『おはようございます』と言うぐらい。静かな方という印象」

渋谷容疑者の動機は明らかになっていません。逮捕容疑については「間違いありません」と話しているということです。
テレビ朝日",[],[]
“子どもの遊び場”も変化…列島襲う“災害級の暑さ”あすから『酷暑日』続出か（テレビ朝日系（ANN））,https://news.yahoo.co.jp/articles/8ed4203d7df4e0a543779628c78a354f117a1a79,https://newsatcl-pctr.c.yimg.jp/t/amd-img/20260721-90195462-ann-000-3-view.jpg?exp=10800,2026-07-21T00:03:16+09:00,2026-07-21T10:18:17+09:00,テレビ朝日系（ANN）,ann,テレビ朝日系（ANN）,1296,"“子どもの遊び場”も変化…列島襲う“災害級の暑さ”あすから『酷暑日』続出か
各地で気温が上がり、20日は、今年最多の252地点で“猛暑日”となりました。
【画像】“子どもの遊び場”も変化…列島襲う“災害級の暑さ”あすから『酷暑日』続出か
列島襲う“災害級の暑さ”
東京都心は、午前11時過ぎに35度を突破。今年初の猛暑日となりました。気象庁は、関東甲信と東海の梅雨明けを発表しました。

日本で一番暑くなったのは、山梨県甲州市で、午後2時半過ぎに39.4度を記録。“酷暑日”寸前の暑さとなりました。

この暑さは、名産のモモにも悪影響を及ぼしそうです。

販売員
「モモは暑くなると、表からだとわからないが、中が黒くなってします。そうすると、お客さんからお叱りを受ける」

神戸市の須磨海水浴場。海の家は、ここからがかき入れ時のはずですが。

海の家のスタッフ
「暑いので、早めに帰ろうというお客さんも多くて。すぐ帰られる方もいるので、そういうところが悪い面」
熱中症疑いの死者も
熊本県天草市では、80代の女性が死亡。全国で少なくとも233人が搬送されています。

東京では、51人が熱中症の疑いで搬送されています。

日ごろ、対策をしていても、暑さへの不安はぬぐえません。

八王子市内で一人暮らしの高齢女性。
帰宅後もこまめな水分補給を欠かしません。そして、次に手に取ったのは、エアコンのリモコン。

大内さん（71）
「25度から24度くらいに1度下げると、1回、部屋の温度ががっと下がる。やっぱり外から帰ってくると、暑いので」

猫も飼っているため、エアコンは常時、つけっぱなしだそうです。

大内さん（71）
「1人で住んでいるので不安ですよ。いろんなことがね」
“子どもの遊び場”も変化
子どもたちにとっても、容赦ない暑さは“危険”です。

連休最終日にもかかわらず、人影が消えた公園。

遊具は50度を超える熱さに。やけどの恐れがあるため、注意喚起をするシールが貼られていました。

家族連れの姿があったのは、商業施設の中に現れた巨大な“屋内公園”。

滑り台やブランコだけでなく、本格的な砂場で遊ぶこともできます。

最大9時間滞在することが可能で、出入りは自由。飲食物の持ち込みも自由です。

遊びに来ていた子ども
「冷房の風で暑さが涼しくなるから 中のほうが好き」

危険な暑さから子どもを守るためのサービス。実は、東南アジアから“逆輸入”されたものでした。

1年を通じて厳しい暑さが続くベトナムで、人気の屋内施設。子どもたちが元気で遊んでいます。
この屋内施設、出入り自由に、飲食はもちろん、大人向けのサービスが人気を加速させました。

運営するイオンは、こうした施設を2011年以降、マレーシアやフィリピンなど、暑い東南アジアで展開してきました。今後、日本でもサービスを拡大する方針です。

のびっこピクニック名張店　永石しのぶさん
「暑くなってきて、公園で遊ぶのが危険とか、熱中症を心配している親御さんたちがいるので、暑さ対策として利用いただけたら」
テレビ朝日",[],[]
