headline,mainEntityOfPage,image,datePublished,dateModified,author,media_en,media_jp,str_count,body,images,external_links
辻陽太がIWGP王者3人目Vへ、大岩陵平は出場者決定戦からG1決勝T進出（サンケイスポーツ）,https://news.yahoo.co.jp/articles/28cd9f112fd9f4aa99377f5829dbd7fc27ae1171,https://newsatcl-pctr.c.yimg.jp/t/amd-img/20260812-00000200-sanspo-000-2-view.jpg?exp=10800,2026-08-12T23:37:53+09:00,2026-08-12T23:48:40+09:00,サンケイスポーツ,sanspo,サンケイスポーツ,782,ジェイク・リーに顔にペイントを塗られながらも勝利した辻陽太＝12日、アクトシティ浜松（C）新日本プロレス 新日本プロレス「G1クライマックス36」（12日、アクトシティ浜松）Aブロック公式戦最終日で、IWGPヘビー級王者の辻陽太（32）と、大岩陵平（27）が決勝トーナメント進出を決めた。 辻は第7試合でジェイク・リー（37）を、メーンで大岩は前年覇者のKONOSUKE TAKESHITA（31）を撃破。辻、TAKESHITA、大岩が12点で並んだ。 直接対決の結果で、IWGP王者として1995年の武藤敬司、2000年の佐々木健介以来3人目の優勝を目指す辻が1位、出場者決定戦から勝ち上がった大岩が2位で決勝トーナメントへ進出。Bブロックの上位2人は13日の後楽園ホールで決まる。15日の両国国技館で辻がBブロック2位、大岩がBブロック1位と対戦し、勝者同士が16日の両国国技館で優勝決定戦を戦う。 大岩は「Aブロック2位通過やりました! これで予選から優勝という俺にしかできないビッグドリーム、あと2つだ! 今の俺はすごい自信がある。G1の本当のクライマックスはこれからだ。俺がもっと熱い戦いを両国でみせてやる。ビッグドリームつかみます!!」と下剋上での初優勝を誓った。 ★浜松大会、Aブロック公式戦結果 ☓鷹木信悟（8点）【12分18秒 オコーナーブリッジ】SANADA（8点）〇 〇後藤洋央紀（8点）【10分08秒 後藤式】Yuto-Ice（8点） ☓ 〇辻陽太（12点）【13分58秒 ファイヤーブラスター→体固め】ジェイク・リー（6点）☓ ☓ボルチン・オレッグ（10点）【17分30秒 リングアウト】グレート-O-カーン（6点） 〇 ☓ KONOSUKE TAKESHITA（12点）【15分11秒 THE GRIP→片エビ固め】大岩陵平（12点）〇,[],[]
阪神・木下里都「比較的気持ちは楽に投げられているのでありがたい」と野手陣に感謝　2番手で七回を圧巻3人斬り（サンケイスポーツ）,https://news.yahoo.co.jp/articles/635996030283e1e39da0d2547efeda1c1c69a5ff,https://newsatcl-pctr.c.yimg.jp/t/amd-img/20260812-00000198-sanspo-000-1-view.jpg?exp=10800,2026-08-12T23:16:43+09:00,2026-08-12T23:16:43+09:00,サンケイスポーツ,sanspo,サンケイスポーツ,264,阪神2番手の木下里都。158㌔の快速球も武器にゼロを刻んだ＝東京ドーム（撮影・水島啓輔） （セ・リーグ、巨人1－5阪神、19回戦、阪神12勝7敗、12日、東京D）阪神・木下里都投手（25）が圧巻の投球で打者3人をピシャリと抑えた。 「落ち着いて投げられました」 5―1の七回に2番手でマウンドへ。先頭の代打・岡田を158キロで見逃し三振に斬ると、知念は二ゴロ、最後は小浜を左飛に仕留めた。12球で仕事を終えた右腕は「きょうも野手陣がいっぱい点を取ってくれている。比較的気持ちは楽に投げられているのでありがたい」と仲間に感謝した。,[],[]
阪神・伏見寅威「入りは『丁寧にいこうね』と」高橋遥人を巧みに12勝目に導く（サンケイスポーツ）,https://news.yahoo.co.jp/articles/a8506bdfa71186cb28cc27b85a83095b00455f51,https://newsatcl-pctr.c.yimg.jp/t/amd-img/20260812-00000197-sanspo-000-2-view.jpg?exp=10800,2026-08-12T23:13:29+09:00,2026-08-13T01:10:30+09:00,サンケイスポーツ,sanspo,サンケイスポーツ,291,五回、安打を放つ阪神・伏見寅威。守っては高橋遥人を12勝目に導いた＝東京ドーム（撮影・佐藤徳昭） （セ・リーグ、巨人1－5阪神、19回戦、阪神12勝7敗、12日、東京D）阪神・伏見寅威捕手（36）が4投手を巧みにリードし、勝利に大きく貢献した。 【写真】阪神・岡田彰布顧問「昔から巨人は嫌いだったけど。『こんなことやるんか』って」 先発の高橋は前回登板で4回6失点、2被弾を喫していた中で、「入りは『丁寧にいこうね』と話はして。きょうはいつもと違う配球ができたなと思います」と対策が功を奏し、納得の表情。バットでは五回1死一塁で先発・井上から中前打を放ち、出場4試合連続安打とした。,[],[]
阪神・前川右京「複数安打は久しぶりなので、2本出たのはよかった」左腕相手の久々起用に快音で応える（サンケイスポーツ）,https://news.yahoo.co.jp/articles/eb236ab42c176975f2a1ac794be6775cf5ce822c,https://newsatcl-pctr.c.yimg.jp/t/amd-img/20260812-00000196-sanspo-000-2-view.jpg?exp=10800,2026-08-12T23:09:14+09:00,2026-08-13T01:10:10+09:00,サンケイスポーツ,sanspo,サンケイスポーツ,314,五回、安打を放つ阪神・前川右京＝東京ドーム（撮影・水島啓輔） （セ・リーグ、巨人1－5阪神、19回戦、阪神12勝7敗、12日、東京D）阪神・前川右京外野手（23）は3試合連続の先発出場。約1カ月ぶりに相手先発が左腕での起用となったが、マルチ安打で応えた。 【写真】阪神の中で仲のいい人は？ 前川右京の答えに場内どよめく 「ずっと打てても1本だった。複数安打は久しぶりなので、結果が2本出たのはよかった」 三回に先発の左腕・井上から遊撃への内野安打とすると、五回にも中前打。7月14日の中日戦（バンテリンドーム）以来、約1カ月ぶりの2安打にも試合後は気を緩めず、「きょうはもう終わったので、あした以降頑張りたい」と次戦を見据えた。,[],[]
「危機感持ってプレーしないと」ロバーツ監督、鼓舞から8月初連勝　ハイレベルなPSシード権争い　13日から〝最強〟ブルワーズと4連戦（サンケイスポーツ）,https://news.yahoo.co.jp/articles/3d496dbe0f9983d241a1a720f4a9dae6aeec43e8,https://newsatcl-pctr.c.yimg.jp/t/amd-img/20260812-00000195-sanspo-000-1-view.jpg?exp=10800,2026-08-12T23:00:00+09:00,2026-08-12T23:00:00+09:00,サンケイスポーツ,sanspo,サンケイスポーツ,479,キャッチボールするドジャース・大谷翔平（撮影・横山尚杜） ドジャース5xー4ロイヤルズ＝延長十回タイブレーク（11日、ロサンゼルス）ドジャースの大谷翔平投手（32）がロイヤルズ戦に「1番・DH」で出場し、5打数無安打2三振。延長十回のタイブレークではマンシーのサヨナラ打で生還した。 ド軍は4カードぶりの勝ち越しで8月初連勝とした。勝率をちょうど6割に乗せ、ナ・リーグで中地区首位のブルワーズ（勝率・617）、東地区首位のブレーブス（勝率6割）とポストシーズンのシード権争いが続く。地区優勝した場合でも、他の2地区の首位に勝率で劣るとワイルドカードシリーズが初戦となる。ロバーツ監督は本拠地に戻った10日に「危機感を持ってプレーしないといけない」とナインを鼓舞。12日（日本時間13日）からはブルワーズとの4連戦が控える。 大谷は試合前に2日連続、4日間で3度目のキャッチボールを行った。最長60メートルに伸ばし、強度の高い投球を終えると、ブルペンのマウンドからシャドーピッチングをするなど、日を追うごとにリハビリを前進させている。（ロサンゼルス＝横山尚杜）,[],[]
日本協会・宮本会長、韓国サッカー協会からの審判の性接待疑惑に「その事実を確認している状況」（サンケイスポーツ）,https://news.yahoo.co.jp/articles/5901194e31429f88717aa325ea63cf46e464c131,https://newsatcl-pctr.c.yimg.jp/t/amd-img/20260812-00000193-sanspo-000-1-view.jpg?exp=10800,2026-08-12T22:46:31+09:00,2026-08-12T22:46:31+09:00,サンケイスポーツ,sanspo,サンケイスポーツ,276,日本サッカー協会の宮本恒靖会長 日本サッカー協会の宮本恒靖会長が12日、東京都内で「第106回天皇杯・夏休み子ども体験型イベント」に出席した。イベント後に取材に応じ、韓国サッカー協会が過去に日本を含む外国人審判員に性接待をした疑いがある件について言及した。現在は調査中とし「JFAとして、いま事実確認をしているという状況」と明かした。 現地の報道では2011―12年に韓国であったW杯予選など計7試合を担当した外国人審判員が疑惑の対象。12年に行われたW杯アジア3次予選の韓国―クウェートを担当した日本人審判団4人のうち2人が性接待を受けたとしている。,[],[]
阪神・中野拓夢、九回の好守を「いいプレーができた」と自賛　打席では先制劇お膳立て（サンケイスポーツ）,https://news.yahoo.co.jp/articles/06dea8b364692766df5e32d06fd6359e74b9b0f0,https://newsatcl-pctr.c.yimg.jp/t/amd-img/20260812-00000190-sanspo-000-2-view.jpg?exp=10800,2026-08-12T22:36:43+09:00,2026-08-12T22:58:36+09:00,サンケイスポーツ,sanspo,サンケイスポーツ,345,九回先頭で石塚裕惺の打球を好捕する阪神・中野拓夢＝東京ドーム（撮影・水島啓輔） （セ・リーグ、巨人1－5阪神、19回戦、阪神12勝7敗、12日、東京D）阪神・中野拓夢内野手（30）が、宿敵に付け入る隙を与えない好守を見せた。 【写真】阪神・岡田彰布顧問「昔から巨人は嫌いだったけど。『こんなことやるんか』って」 「先頭が出ればもちろん流れも変わる。いいプレーができた」 5―1の九回先頭で石塚が放った一、二塁間深くへの打球をスライディングキャッチ。倒れ込みながら一塁へ送球しアウトに仕留めた。 打席では一回1死で四球を選んで先制劇につなげると、四回2死一塁には左前打。「東京ドームなので1本の本塁打で流れが変わる。なるべく3、4番の前に走者を出したい気持ちがあった」と2番の役割を全うした。,[],[]
巨人、阪神と天王山で森下＆佐藤輝に2戦計6被弾　杉内投手チーフコーチ「ちょっと打たれすぎている」（サンケイスポーツ）,https://news.yahoo.co.jp/articles/a6714dc89871a95981d135d8998110ae82ec1a8d,https://newsatcl-pctr.c.yimg.jp/t/amd-img/20260812-00000189-sanspo-000-1-view.jpg?exp=10800,2026-08-12T22:36:42+09:00,2026-08-12T22:36:42+09:00,サンケイスポーツ,sanspo,サンケイスポーツ,474,三回、阪神・佐藤輝明（手前）に本塁打を浴びる巨人・井上温大＝東京ドーム（撮影・佐藤徳昭） （セ・リーグ、巨人1ー5阪神、19回戦、阪神12勝7敗、12日、東京D）巨人は阪神との首位攻防戦に2連敗し、1試合を残してカード負け越しが決まった。投手陣が連日、阪神の3、4番コンビを抑えられず。11日の第1戦（●1-9）では森下に2本、佐藤に1本を献上。この日は逆に森下に1本、佐藤に2本。大砲コンビに2試合で計6発、8打点を許した。 杉内投手チーフコーチは「ちょっと打たれすぎている。その辺も含めて、対策はしなければいけない。こちらとしても、ソロホームランはオッケーと言っている。大胆に攻めている結果なので。本塁打を打たれるなって言ったら、やっぱり四球が増えるし、東京ドームなのでね。開き直って、アウトコースを流されてホームランなら仕方ないなって思えるかどうか、そこも大事かなと思う。センターと引っ張り方向ばかりでしょ、ホームランって。困った時のアウトコースっていうのは昔から言われていますから。そこももう1回、考えながらというところですね」と言及した。,[],[]
阪神・及川雅貴「（伏見）寅威さんがリードしてくださって」前夜に続き好救援　虎キラーのダルベックも遊ゴロに料理（サンケイスポーツ）,https://news.yahoo.co.jp/articles/c49d0c14930f67a037e9840239308a1ce39d12ff,https://newsatcl-pctr.c.yimg.jp/t/amd-img/20260812-00000188-sanspo-000-3-view.jpg?exp=10800,2026-08-12T22:34:18+09:00,2026-08-13T01:06:23+09:00,サンケイスポーツ,sanspo,サンケイスポーツ,323,阪神3番手の及川雅貴。連日の好救援だ＝東京ドーム（撮影・水島啓輔） （セ・リーグ、巨人1－5阪神、19回戦、阪神12勝7敗、12日、東京D）阪神・及川雅貴投手（25）が巨人の上位打線を斬った。4点リードの八回に3番手で登板。先頭の代打・増田大を空振り三振に仕留めると、松本を左飛に。泉口はフルカウントから四球で出塁を許すも、阪神投手陣が苦戦を強いられているダルベックを遊ゴロに打ち取った。 【写真】阪神・岡田彰布顧問「昔から巨人は嫌いだったけど。『こんなことやるんか』って」 前日11日に続いて重要な一戦で好リリーフ。「しっかりゼロで帰ってくることが仕事だと思いますし、（伏見）寅威さんがリードしてくださって、ゼロで帰ってこられた」とうなずいた。,[],[]
阪神・工藤泰成「個々で責任感を持っている。自分も負けないように」4点リードの九回に160キロ投じ仁王立ち（サンケイスポーツ）,https://news.yahoo.co.jp/articles/91c0d65d38275b3636a8d9893ccf234d003d1f31,https://newsatcl-pctr.c.yimg.jp/t/amd-img/20260812-00000187-sanspo-000-3-view.jpg?exp=10800,2026-08-12T22:32:05+09:00,2026-08-13T01:07:34+09:00,サンケイスポーツ,sanspo,サンケイスポーツ,336,4番手で登板した阪神・工藤泰成。160㌔の剛球も披露した＝東京ドーム（撮影・萩原悠久人） （セ・リーグ、巨人1－5阪神、19回戦、阪神12勝7敗、12日、東京D）4点リードの九回に〝守護神〟の阪神・工藤泰成投手（24）が登板し、ゲームを締めた。 【写真】阪神・工藤泰成「『似合ってんじゃん』って言われました」 「いつも通り一人一人に集中して投げる、という気持ちで行きました」 先頭の石塚を中野の好守に助けられ二ゴロに打ち取ると、笹原は3球三振。2死から代打・佐々木に安打を許したが、続く代打・大城は三ゴロに仕留めた。 これで6試合連続無失点。この日も160キロのボールで敵地をどよめかせた剛腕は「（救援陣は）個々で責任感を持っている。自分も負けないように」と力強く語った。,[],[]
阪神・近本光司「勝ちにつながってよかった」快音止まらん13試合連続安打（サンケイスポーツ）,https://news.yahoo.co.jp/articles/f0bab656a00efb7130a6441884e5febde4fa50c0,https://newsatcl-pctr.c.yimg.jp/t/amd-img/20260812-00000186-sanspo-000-1-view.jpg?exp=10800,2026-08-12T22:29:44+09:00,2026-08-12T22:29:44+09:00,サンケイスポーツ,sanspo,サンケイスポーツ,227,六回、安打を放つ阪神・近本光司。投手・赤星優志＝東京ドーム（撮影・佐藤徳昭） （セ・リーグ、巨人1－5阪神、19回戦、阪神12勝7敗、12日、東京D）阪神・近本光司外野手（31）のバットから快音が止まらない。4―1の六回にカウント2―0から、2番手右腕・赤星のフォークを中前にはじき返した。 得点にこそつながらなかったが、これで7月25日の巨人戦（甲子園）から13試合連続安打をマーク。頼れるリードオフマンは「勝ちにつながってよかったです」と息をついた。,[],[]
山﨑賢人主演の映画「キングダム」が邦画実写史上初シリーズ5作連続の興行収入50億円超え達成（サンケイスポーツ）,https://news.yahoo.co.jp/articles/c3276cee693840c994e71f6025ae976b84263c96,https://newsatcl-pctr.c.yimg.jp/t/amd-img/20260812-00000185-sanspo-000-1-view.jpg?exp=10800,2026-08-12T22:19:23+09:00,2026-08-12T22:19:23+09:00,サンケイスポーツ,sanspo,サンケイスポーツ,542,映画「キングダム 魂の決戦」の場面カットⓒ原泰久／集英社 ⓒ2026映画「キングダム」製作委員会 俳優、山﨑賢人（31）の主演映画「キングダム 魂の決戦」（佐藤信介監督）が7月17日の公開から26日間で観客動員数335万人、興行収入51.6億円を突破したことが12日、分かった。 今作は2019年に第1弾が公開された「キングダム」シリーズの第5弾。配給の東宝によると、邦画実写史上初のシリーズ5作連続の興収50億円超えを達成した。今作の51.6億円は今年公開の邦画実写映画で1位（興行通信社調べ）を記録した。 シリーズでは中国春秋戦国時代を舞台に、天下の大将軍になる夢を抱く戦災孤児の少年・信（山﨑賢人）と、中華統一を目指す若き王・嬴政（えいせい、吉沢亮）の活躍を壮大なスケールで描く。 主演の山﨑は「5作連続で50億円を突破できたのは、作品を愛し、何度も劇場へ足を運んでくださった皆さんひとりひとりのおかげです。信と歩んできた時間は、僕にとって大切な人生の一部になっています。この作品には、仲間を信じて前へ進む強さや、胸が熱くなる瞬間がたくさん詰まっています。この作品が、これからもたくさんの方に届き、皆さんと一緒にさらに素晴らしい景色を見られたらうれしいです」とコメントしている。,[],[]
DeNA・東克樹、戸柱の好リードに導かれ9勝目　4年連続2桁勝利に王手「キャッチャーを信じて投げようとマウンドに上がった」（サンケイスポーツ）,https://news.yahoo.co.jp/articles/89f9f8f762a2f01af7488e29865f04f5b3825281,https://newsatcl-pctr.c.yimg.jp/t/amd-img/20260812-00000184-sanspo-000-4-view.jpg?exp=10800,2026-08-12T22:04:02+09:00,2026-08-12T22:57:41+09:00,サンケイスポーツ,sanspo,サンケイスポーツ,551,七回、三者凡退に斬りタッチするDeNA先発・東克樹と戸柱恭孝のバッテリー＝バンテリンドームナゴヤ（撮影・中島信生） （セ・リーグ、中日3－6DeNA、19回戦、DeNA10勝8敗1分け、12日、バンテリンドーム） DeNA・東克樹投手（30）が8回3安打1失点と好投し、9勝目を挙げた。4年連続2桁勝利に王手をかけたが「勝ち星は運。しっかり試合をつくって、チームのために貢献することを意識してやっていきたい」と自然体で語った。 【写真】DeNA・牧秀悟の腹を触る戸柱恭孝 バッテリーを組んできた松尾が感染症特例で欠場。代わりに先発マスクをかぶった戸柱とは2024年のクライマックスシリーズ以来となるコンビとなったが、「キャッチャーを信じて投げようとマウンドに上がった」と落ち着いていた。 一回2死で細川に先制ソロを許してから六回2死で福永に単打を許すまで、15人連続で打ち取る危なげない内容だった。コーナーに変化球を散りばめて的を絞らせず「野手の皆さんにしっかり守ってもらったので本当に助かった」と感謝を口にした。 相川監督は「（東と戸柱は）信頼関係がある。投球はすごくよく見えた。いつもと違う球の使い方をすごく感じた。そういうものも東のプラスになると思う。また何かあれば組ませたい」と両者をたたえた。,[],[]
EBiDAN、15周年記念シングル「Yes！　東京」が初日でミリオン突破（サンケイスポーツ）,https://news.yahoo.co.jp/articles/d08e40af7f5f7f72979a3280ad4044011350db7d,https://newsatcl-pctr.c.yimg.jp/t/amd-img/20260812-00000183-sanspo-000-1-view.jpg?exp=10800,2026-08-12T21:54:21+09:00,2026-08-12T21:54:21+09:00,サンケイスポーツ,sanspo,サンケイスポーツ,584,EBiDAN『Yes! 東京』リリース画像（ワイド）。 超特急やM！LKらを擁するスターダストプロモーションの男性アーティスト集団、EBiDAN（恵比寿学園男子部）が11日にリリースした15周年記念シングル「Yes！ 東京」が初日売り上げでミリオンを突破したと12日、Billboard Japanが公式サイトで発表した。 10～11日の集計で116万9674枚を記録。初日のみにもかかわらず、現時点で2026年（25年12月29日～26年8月11日）のシングル累計売り上げ枚数で1位となっている。 15周年を迎えたEBiDANは現在、超特急、M！LK、SUPER★DRAGON、Sakurashimeji、ONE N’ ONLY、原因は自分にある。、BUDDiiS、ICEx、Lienel、iiONDOの10組68人が在籍。今作には先月お披露目されたiiONDOをのぞく9組が参加し、通常盤、各グループ盤、15周年記念盤を合わせた計15形態でリリースした。 超特急のカイ（31）は「15周年ということで今回大集結しました！」と雄たけびを上げ、BUDDiiSのSHOOT（23）は「めちゃくちゃすごい記録を達成できて皆さんに感謝しています」と歓喜した。 13～16日には東京・国立代々木競技場第一体育館で10組が総出演する祭典「EBiDAN THE LIVE」を行う。,[],[]
巨人・井上温大「僕が結構打たれてしまっている」　対阪神は3戦3敗　森下＆佐藤輝に連続被弾4失点KO（サンケイスポーツ）,https://news.yahoo.co.jp/articles/04d0c013841281d05d655fb6af18a6ca5878e18e,https://newsatcl-pctr.c.yimg.jp/t/amd-img/20260812-00000181-sanspo-000-2-view.jpg?exp=10800,2026-08-12T21:47:14+09:00,2026-08-12T22:23:27+09:00,サンケイスポーツ,sanspo,サンケイスポーツ,797,四回、森下翔太に死球を与えた巨人・井上温大＝東京ドーム（撮影・萩原悠久人） （セ・リーグ、巨人1－5阪神、19回戦、阪神12勝7敗、12日、東京D）セ・リーグ2位の巨人は首位阪神と直接対決で2連敗。2ゲーム差に広がった。先発の井上温大投手（25）は5回（107球）を投げ、8安打4失点で6敗目（10勝）。「やっぱり接戦に持ち込まないといけないという試合で、早めに大量点を取られてしまった、そこが試合を決定づけてしまった」と肩を落とした。 【写真】井上温大、阪神の最強コンビ森下＆佐藤にまさかの〝2球連続被弾〟 一回、4番佐藤に左前適時打を打たれ先制を許し、大山にも左犠飛を打たれいきなり2点を先取された。さらに三回は前日2本塁打の3番森下に中越えの28号ソロ、続く佐藤にも1球目の変化球を右翼席へ運ばれ、阪神が誇る最強コンビに〝2球連続被弾〟を浴びた。「単打はＯＫと割り切って投げたけど...。森下さんの本塁打はいつもなら簡単にカウントを取れているコース、高さ。打者が待っていたのかなと思う。佐藤さんは積極的に振ってくる打者なのでボールゾーンで空振りを狙ってフォークを投げたけど、自分のコントロールミスで少し浮いてしまい、それを一球で仕留められた」と振り返った。 同じ名前のサウスポー、阪神・高橋遥人との〝ハルト対決〟は、6回1失点と好投した相手に完敗。「やっぱりストライク先行で攻められていますし、低めに集まっているので本塁打、長打も少なくなっている。本塁打を抑えることは先発をしていくうえですごく大事。低めに投げるコントロールももっとみにつけていけたら」と〝教材〟にした。 チームトップの10勝を挙げているが、阪神戦は3戦3敗。「今日も含めて、やっぱり僕が結構チームの中でも打たれてしまっているので。これからも対戦していくと思いますし、なんとか抑えれるように考えてやっていきたい」と誓った。,[],[]
巨人・橋上監督代行、阪神・森下&佐藤に2戦6発許し「対策を練りながら細心の注意を払ってはいるんですけれども…」（サンケイスポーツ）,https://news.yahoo.co.jp/articles/aee1a18a18906f680aa2e7e9ff9929c7fc3e02a5,https://newsatcl-pctr.c.yimg.jp/t/amd-img/20260812-00000179-sanspo-000-3-view.jpg?exp=10800,2026-08-12T21:31:02+09:00,2026-08-12T22:13:48+09:00,サンケイスポーツ,sanspo,サンケイスポーツ,1048,八回を前に投手の交代を告げた巨人・橋上秀樹監督代行 ＝東京ドーム（撮影・萩原悠久人） （セ・リーグ、巨人1ー5阪神、19回戦、阪神12勝7敗、12日、東京D）巨人は阪神との首位攻防戦に2連敗し、1試合を残してカード負け越しが決まった。橋上秀樹監督代行（60）は「やはり注目していただいているこの3連戦、2試合とも一方的なゲーム展開になってしまったことも、指揮を執る身としては非常に申し訳ない。たくさん応援していただいてる中で、ファンの方に落胆の色じゃないけども、そういう思いをさせるのは申し訳ないと思います」と謝罪を口にした。 【写真】井上温大「僕が結構打たれてしまっている」 投手陣が連日、阪神の3、4番コンビを抑えられなかった。11日の第1戦（●1-9）では森下に2本、佐藤に1本を献上。この日は逆に森下に1本、佐藤に2本。大砲コンビに2試合で計6発、8打点を許し、連敗を喫する最大の要因となった。指揮官は「もちろん対策を練りながら細心の注意を払ってはいるんですけれども、なかなか結果としてね。やっぱりちょっと、気持ちよくホームランを打たせてしまうとなかなか難しいですよね。試合としては」と頭を抱えた。 5回4失点で降板となったチーム勝ち頭の井上には「本来のピッチングではなかったような気がします。これが技術的なものなのか、メンタル的なものなのかは、もう1回検証する必要があると思う。これだけ勝ち星を今年あげてきたピッチャーですから、技術的なものというよりは、もしかしたらそのメンタル的なもので、何かクリアしなきゃいけないところがもう1段階あるのかなと。プレッシャーになってしまったのか、慎重になりすぎたってとこもあるかもしれない」と推察した。 さらに続けて〝割り切りのススメ〟を説き、「どこかで割り切って大胆に行かなきゃいけないところは確かにあると思う。慎重、慎重ではどんどん自分の方が苦しくなる。打たれないようという思いばっかりでは難しい。ある程度もう打たれたらしょうがないと切り替えられるようであると、またいいのかなっていう気がしますよね。実際バッターは打ったって3割ぐらい。ほとんどが凡打なわけですから、そこをピッチャーの優位性というかな、そういったものをもう少し強く持てるようになるといいのかなと。バッターサイドからすると、そういうふうに思いますけどね」と野手だった自身の経験から持論を語り、「若い投手ですからなんでも経験として次に生かしてもらえれば」とさらなる成長に期待を寄せた。,[],[]
巨人・西舘勇陽が13日の阪神戦に先発「最少失点で粘って試合をつくれるように」（サンケイスポーツ）,https://news.yahoo.co.jp/articles/3c9d1aa2812930d1120181b79244dfd3aa8c934a,https://newsatcl-pctr.c.yimg.jp/t/amd-img/20260812-00000176-sanspo-000-2-view.jpg?exp=10800,2026-08-12T21:17:00+09:00,2026-08-12T22:18:34+09:00,サンケイスポーツ,sanspo,サンケイスポーツ,234,試合前練習でキャッチボールを行う巨人・西舘勇陽＝東京ドーム（撮影・佐藤徳昭） 巨人・西舘勇陽が3勝目をかけて、13日の阪神戦に先発する。11日の同戦は阪神打線が計4本塁打。「球場としても入りやすいのは多少ある。もし（本塁打が）出ても、その後、切り替えてやれれば」と意気込んだ。 【写真】西舘のリュックサックにぶらさがる５つのぬいぐるみ 7月22日の広島戦以来、約3週間ぶりの登板に向けて「回の先頭を切っていきながら、最少失点で粘って試合をつくれるように」と力を込めた。,[],[]
試合結果　阪神が首位攻防第2Rも快勝！佐藤2発で通算150号到達＆森下も28号ソロ　高橋は6回1失点で12勝目（サンケイスポーツ）,https://news.yahoo.co.jp/articles/b9fc21715f531e80ab40a52e68fdaa09382d230f,https://newsatcl-pctr.c.yimg.jp/t/amd-img/20260812-00000175-sanspo-000-1-view.jpg?exp=10800,2026-08-12T21:09:18+09:00,2026-08-12T21:09:18+09:00,サンケイスポーツ,sanspo,サンケイスポーツ,428,七回、通算150本塁打を放った阪神・佐藤輝明は記念ボードを掲げた＝東京ドーム（撮影・水島啓輔） （セ・リーグ、巨人1ー5阪神、19回戦、阪神12勝7敗、12日、東京D）阪神が首位を争う巨人に連勝を飾り、ゲーム差を「2」に広げた。 初回から相手先発の井上を攻略。佐藤輝明内野手（27）の左前適時打と大山悠輔内野手（31）の左犠飛で2点を先取した。三回には森下翔太外野手（25）が28号ソロを放ち、佐藤輝明内野手（27）も25号ソロで続いて貴重な追加点。1点を返された直後の七回には佐藤がこの試合2本目となる26号ソロをたたき込んだ。佐藤はこれで通算150本塁打に到達。通算762試合目での達成は、岡田彰布（876試合）を抜く球団歴代3位の記録となった。 先発した高橋遥人投手（30）は6回90球を投げて5安打1失点と好投。六回にダルベックからソロ本塁打こそ浴びたが、危なげない投球で12勝目を挙げた。七回以降は木下、及川、工藤が無失点リレーでゲームを締めた。,[],[]
中山夏月姫、3rd写真集で大人の魅力を全開　出来栄えは80点「まだまだ自分の中では伸びしろがある」（サンケイスポーツ）,https://news.yahoo.co.jp/articles/663ba8070fbd14c8ae85a00a1de80da018810b6d,https://newsatcl-pctr.c.yimg.jp/t/amd-img/20260812-00000172-sanspo-000-1-view.jpg?exp=10800,2026-08-12T20:45:32+09:00,2026-08-12T20:45:32+09:00,サンケイスポーツ,sanspo,サンケイスポーツ,397,写真集『ルビーの体温』発売記念イベントに出席したハロー！プロジェクト所属 OCHA NORMA中山夏月姫（アップフロントエージェンシー提供） ハロー！プロジェクトの女性8人組アイドル、OCHA NORMAの中山夏月姫（21）が12日、東京都内で3rd写真集「ルビーの体温」（オデッセー出版、税込み3520円）の発売記念イベントを行った。 21歳の誕生日である先月20日に発売した同作は、初写真集と同じ沖縄で撮影し、「大人」をテーマに成長した姿を収めた。「21歳ということで、衣装は21着着させていただきました」と明かし「1st写真集の17歳の頃と比べても、衣装も含めて『大人になったな』と感じてもらえるんじゃないかなと思います」とアピールした。 出来栄えについては「80点です！」と語り「もっと成長したいという気持ちが大きいので、まだまだ自分の中では伸びしろがあると思っています」とはにかんだ。,[],[]
松本幸四郎、長男・市川染五郎の成長ぶりに「本当にいいチャンスをいただいている」　大蔵卿初役には「親子孫、3世代が同じ時代に同じ役をやることは歌舞伎以外にない」（サンケイスポーツ）,https://news.yahoo.co.jp/articles/f581c8b5025dc71818d03419f67a2836548e2883,https://newsatcl-pctr.c.yimg.jp/t/amd-img/20260812-00000169-sanspo-000-3-view.jpg?exp=10800,2026-08-12T20:34:27+09:00,2026-08-12T21:22:26+09:00,サンケイスポーツ,sanspo,サンケイスポーツ,375,取材会に出席した市川染五郎（左）、松本幸四郎＝東京・中央区 歌舞伎俳優、松本幸四郎（53）と市川染五郎（21）が12日、東京都内で行われた歌舞伎座「秀山祭九月大歌舞伎」（9月2～26日）のの取材会に出席した。 【写真】市川染五郎、「ハムレット」特別カーテンコールで「課題」の笑いを取ることに成功 初代中村吉右衛門の俳名「秀山」を冠にした興行。染五郎は夜の部「一條大蔵譚」で大蔵卿を初役で務め、「早いと思わずに腹をくくって」と意欲。同役は祖父の二代目松本白鸚、父の幸四郎も演じた。「親子孫、3世代が同じ時代に同じ役をやることは歌舞伎以外にない。そういった歌舞伎の魅力も感じていただけたら」と呼びかけた。 幸四郎は長男の成長ぶりに「本当にいいチャンスをいただいているなと感じる。一日一日を大事にしてほしい。その先に大きな役があるかもしれない」と期待した。,[],[]
阪神・高橋遥人は6回1失点　12勝目の権利を持って降板（サンケイスポーツ）,https://news.yahoo.co.jp/articles/986c206bc797b59c8c38340ddecb27ef58b0bfd2,https://newsatcl-pctr.c.yimg.jp/t/amd-img/20260812-00000168-sanspo-000-2-view.jpg?exp=10800,2026-08-12T20:27:21+09:00,2026-08-12T20:57:56+09:00,サンケイスポーツ,sanspo,サンケイスポーツ,318,先発の阪神・高橋遥人。6回1失点の好投だ＝東京ドーム（撮影・水島啓輔） （セ・リーグ、巨人ー阪神、17回戦、12日、東京D）先発した阪神・高橋遥人投手（30）は6回5安打1失点、90球を投げてマウンドを降りた。 【写真】七回、本塁打を放つ阪神・佐藤輝明 初回から2点の援護を受けた左腕は、重要な首位攻防戦で巨人打線に立ち向かった。一回、2死一、二塁のピンチを招くも、石塚を空振り三振。四回には先頭の泉口に二塁打を許したが、ダルベック、石塚を2者連続見逃し三振、最後は笹原を二ゴロに仕留めた。 4－0の六回にダルベックに本塁打を浴びて1点を失い、6登板連続被弾も、許したのはこの1点のみ。巨人打線を圧倒し、12勝目の権利を持って降板した。,[],[]
阪神・佐藤輝明が通算150本塁打達成！　圧巻の1試合2発で節目飾る　球団歴代3位のスピード記録（サンケイスポーツ）,https://news.yahoo.co.jp/articles/558800141742b7ae743a3cb648b6201e33d94ea2,https://newsatcl-pctr.c.yimg.jp/t/amd-img/20260812-00000167-sanspo-000-4-view.jpg?exp=10800,2026-08-12T20:24:47+09:00,2026-08-12T21:42:34+09:00,サンケイスポーツ,sanspo,サンケイスポーツ,400,七回、本塁打を放つ阪神・佐藤輝明。投手・船迫大雅＝東京ドーム（撮影・佐藤徳昭） （セ・リーグ、巨人―阪神、19回戦、12日、東京ドーム）阪神・佐藤輝明内野手（27）が26号ソロを放ち、通算150本塁打を達成した。 【写真】ステーキを食べる森下翔太と佐藤輝明 1点を返され4-1となった七回。先頭で打席に立つと、船迫の直球を仕留めた。右中間席に飛び込む確信の一発は、この試合2本目となる26号。佐藤はこれで入団から6年目で節目の150本塁打を達成した。球団を通じ「打ったのはツーシームかな。色々な方にサポートいただいてここまで来れたので感謝しています。また、一本一本重ねていきたいと思います」とコメントした。 通算762試合目での達成は、1位の田淵幸一（584試合）、2位が掛布雅之（691試合）に次ぎ、岡田彰布（876試合）を抜く球団歴代3位の記録に。記念のボードを掲げ、スタンドからの拍手に応えた。,[],[]
巨人・岸田行倫キャプテンにアクシデント　自打球が顔面付近を直撃　首位争う阪神との直接対決で痛っ！！（サンケイスポーツ）,https://news.yahoo.co.jp/articles/684e6a36c9fcd4d108e0fded961eb54a6be9e0a2,https://newsatcl-pctr.c.yimg.jp/t/amd-img/20260812-00000166-sanspo-000-6-view.jpg?exp=10800,2026-08-12T20:20:17+09:00,2026-08-12T22:12:28+09:00,サンケイスポーツ,sanspo,サンケイスポーツ,314,五回、自打球を顔に当てる巨人・岸田行倫＝東京ドーム（撮影・萩原悠久人） （セ・リーグ、巨人ー阪神、19回戦、12日、東京D）「7番・捕手」で出場した巨人の主将、岸田行倫捕手（29）にアクシデントが発生した。0－4の五回先頭で迎えた第2打席。2ストライクと追い込まれてから外角低めの変化球に食らいつくと、ワンバウンドしたファウルボールが不運にも顔面付近を直撃した。 【写真】イチローが「化け物」と評価した巨人の選手 ヘルメットが浮き上がり、岸田は下を向き、トレーナーが駆け寄った。阪神の捕手伏見も心配する様子を見せたが、岸田は少し時間をおいてプレーを続行。捕ゴロに倒れたが、その後も代打を送られる七回まで継続してマスクをかぶった。,[],[]
全英女子優勝の桑木志帆、凱旋大会の会場で調整　ブリヂストンの新アイアンもテスト　14日開幕「NEC軽井沢72」／国内女子ゴルフ（サンケイスポーツ）,https://news.yahoo.co.jp/articles/21974559452f737861616c7418f4400902d4383b,https://newsatcl-pctr.c.yimg.jp/t/amd-img/default.jpg?exp=10800,2026-08-12T20:16:30+09:00,2026-08-12T20:16:30+09:00,サンケイスポーツ,sanspo,サンケイスポーツ,428,ゴルフの「AIG全英女子オープン」で日本女子7人目のメジャー制覇を果たした桑木志帆（23）＝大和ハウス工業＝の凱旋試合となる「NEC軽井沢72」は14日に長野・軽井沢72G北C（6590ヤード、パー72）で開幕する。約1カ月ぶりの日本ツアー出場となる桑木は12日、会場で調整した。 桑木は強い雨が降る中、アウト9ホールのグリーン周りをチェック。その後、練習場で9月4日発売予定のブリヂストンの新アイアン「B-FORGED 100CB」をテスト。4月末にも一度試しており、この日は「打感は軟らかく、弾く感じの嫌な感じがなくていい。見た目の顔も好みの感じ」などと言った。「もう少しコースで打ったり、データの確認をしたりして、必要であれば微調整をしてから実戦投入になると思う。かなりいい感じなので試合で使うのが楽しみ」と笑顔で語った。 第1日は2024年大会覇者の河本結（RICOH）と菅楓華（ニトリ）と同組になった。桑木は今季3勝目となるツアー6勝目を目指す。,[],[]
巨人・ダルベック、〝虎キラー〟の本領発揮　阪神との首位攻防戦で2日連続の本塁打　巨人の外国人選手の20本塁打は4年ぶり（サンケイスポーツ）,https://news.yahoo.co.jp/articles/935fa5e5a8f824a4a2efd2bb57dd91bad2e73454,https://newsatcl-pctr.c.yimg.jp/t/amd-img/20260812-00000164-sanspo-000-2-view.jpg?exp=10800,2026-08-12T20:13:14+09:00,2026-08-12T20:22:06+09:00,サンケイスポーツ,sanspo,サンケイスポーツ,363,六回、本塁打を放ちベンチで迎えられる巨人のダルベック＝東京ドーム（撮影・萩原悠久人） （セ・リーグ、巨人―阪神、19回戦、12日、東京D）巨人のボビー・ダルベック内野手（31）が0-4の六回に20号ソロを放った。 【写真】巨人・井上温大、前打席被弾の森下への死球に阪神ファンから怒号 阪神先発の高橋が投じた高めへの148キロ直球を強振。打球は美しいアーチを描いてバックスクリーン左に飛び込み、2戦連続の本塁打となった。 今季放った全20本塁打のうち、45%となる9本を阪神戦で記録。7月24日の同カード（甲子園）では1点ビハインドの九回2死で才木から起死回生の逆転2ランを放った。この日も頼れる虎キラーが本領を発揮した。 巨人の外国人選手の20本塁打は2022年のポランコ（24本）&ウォーカー（23本）以来4年ぶりとなった。,[],[]
また天敵に…　阪神・高橋遥人が6戦連続被弾　ダルベックに2戦連続、今季阪神戦9本目の本塁打許す（サンケイスポーツ）,https://news.yahoo.co.jp/articles/85cf5376d7e68fd90d3667a4b78e4469939ca600,https://newsatcl-pctr.c.yimg.jp/t/amd-img/20260812-00000162-sanspo-000-3-view.jpg?exp=10800,2026-08-12T20:10:25+09:00,2026-08-12T21:09:25+09:00,サンケイスポーツ,sanspo,サンケイスポーツ,289,六回、巨人のボビー・ダルベック（奥）に本塁打を浴びる阪神・高橋遥人＝東京ドーム（撮影・佐藤徳昭） （セ・リーグ、巨人―阪神、19回戦、12日、東京ドーム）阪神先発・高橋遥人投手（30）が巨人のボビー・ダルベック内野手（31）に本塁打を浴びた。 【写真】阪神・佐藤輝明が2戦連発！ 無失点の好投を続け、4-0とリードの六回。2死からダルベックを迎えると、バッテリーは1ボールから高めの釣り球を要求。しかしこのボールを痛打され、バックスクリーン左のスタンドへ運ばれた。ダルベックは阪神戦2戦連発で、今季なんと9本目。天敵に反撃の一発を許した高橋は、登板6試合連続の被本塁打となった。,[],[]
巨人、首位争う阪神戦4点ビハインドの六回に29盗塁のリードオフマン浦田俊輔を交代　（サンケイスポーツ）,https://news.yahoo.co.jp/articles/850ad4a3bcf74a150cdbfad7fcba521600ca72dd,https://newsatcl-pctr.c.yimg.jp/t/amd-img/20260812-00000161-sanspo-000-5-view.jpg?exp=10800,2026-08-12T20:00:50+09:00,2026-08-12T22:21:10+09:00,サンケイスポーツ,sanspo,サンケイスポーツ,367,四回、戦況を見つめる巨人・橋上秀樹監督代行（中央）。手前は石塚裕惺＝東京ドーム（撮影・佐藤徳昭） （セ・リーグ、巨人ー阪神、19回戦、12日、東京D）巨人は首位を争う阪神との直接対決3連戦の2戦目。一回から2失点し、0―4となった六回に「1番・二塁」で出場していた浦田俊輔内野手（23）をベンチに下げた。直前の五回に「9番・投手」の井上の代打で出場した小浜が二塁に入り、浦田の打順に2番手投手の赤星が入った。 【写真】痛っ…キャプテンにアクシデント 自打球を顔に当てる巨人・岸田行倫 浦田は昨季、九産大からドラフト2位で入団。2年目の今季はここまで自己最多91試合に出場し、チームトップの29盗塁をマークするなど不動のリードオフマンに定着。オールスターゲームにも初出場した。この日は阪神の好投手、高橋遥人の前に3打数無安打に終わった。,[],[]
阪神・下村海翔、プロ初勝利を目指し13日の巨人戦に先発　西舘勇陽との投げ合いに「ずっと彼らを目標に背中を追いかけていた側。負けないように」（サンケイスポーツ）,https://news.yahoo.co.jp/articles/0b2c02850b53610c609dc974b9252c70c9548f73,https://newsatcl-pctr.c.yimg.jp/t/amd-img/20260812-00000160-sanspo-000-1-view.jpg?exp=10800,2026-08-12T20:00:00+09:00,2026-08-12T20:00:00+09:00,サンケイスポーツ,sanspo,サンケイスポーツ,537,試合前練習でキャッチボールを行う阪神・下村海翔＝東京ドーム（撮影・佐藤徳昭） （セ・リーグ、巨人―阪神、19回戦、12日、東京ドーム）13日の20回戦に先発する阪神・下村海翔投手（25）は、ショートダッシュなどで調整を済ませた。5回3失点（自責1）と試合を作った2日のヤクルト戦（神宮）から中10日で臨む通算5度目のマウンドで、プロ初勝利を目指す。 「大学時代はすごく投げやすかったイメージがあるので、マウンドに対して嫌な感じはない。やっぱり（一発を）打たれないようにしっかりキャッチャーの方と連係をとって、しっかり自分のボールを投げられたらいいなと思います」 マッチアップが実現した巨人・西舘とは、大学時代に4年間同じ東都リーグでしのぎを削ってきた。7月のカードで下村が遠征に帯同した際には、「いつか投げ合えたら」と言葉を交わしたという。 「こんなにすぐ来るとは思わなかったです。大学時代から本当にすごいピッチャーでしたし、僕はどっちかと言ったらずっと（同世代の）彼らを目標に学生時代は背中を追いかけていた側なので、本当にいいピッチャーだっていう印象が強い。今回も変わらず。負けないようにしっかり頑張りたいなと思います」 初登板となる「伝統の一戦」で、待望の初白星を狙う。,[],[]
WOWOW、15日のラグビー日本代表戦を独占生中継　ゲスト解説を務める姫野和樹「桜の誇りを胸に、オーストラリアで躍動を」（サンケイスポーツ）,https://news.yahoo.co.jp/articles/5c27733ad242e06f44b43a5cf70c00f25b40a8f9,https://newsatcl-pctr.c.yimg.jp/t/amd-img/20260812-00000159-sanspo-000-1-view.jpg?exp=10800,2026-08-12T20:00:00+09:00,2026-08-12T20:00:00+09:00,サンケイスポーツ,sanspo,サンケイスポーツ,773,姫野和樹 ラグビー日本代表のオーストラリア代表戦（15日、タウンズビル）を独占生中継するWOWOWは12日、このテストマッチのゲスト解説を務めるFL／NO・8姫野和樹（32）＝トヨタ＝のコメントを発表。姫野は「桜の誇りを胸に、オーストラリアで躍動してくれることを期待しています」と現日本代表にエールを送った。 姫野は2017年11月のオーストラリア戦で日本代表初キャップを獲得し、32キャップ。19年W杯日本大会は日本初の8強入りに一役買った。21年シーズンはスーパーラグビーのハイランダーズ（NZ）に期限付き移籍し、南半球のラグビーを経験。23年W杯フランス大会は主将としてチームを引っ張った。 同社を通じて「この度、8月15日の日本代表対オーストラリア代表の試合の解説をさせていただくことになりました。 ワラビーズ（オーストラリア代表の愛称）は、僕が2017年に日本代表としてファーストキャップを得た試合の対戦相手であったということもあり、特別な思いがあります。今回は日本代表にとってはアウェーでの試合になりますが、ブレイブブロッサムズ（日本代表の愛称）のジャージーを着た選手たちが、桜の誇りを胸に、オーストラリアで躍動してくれることを期待しています。日本の視聴者の皆さまと一緒に応援して、かつ、ラグビーの素晴らしさを伝えられるような解説ができればと思います」と談話を寄せた。 日本代表は、8日に花園ラグビー場で行われたオーストラリア代表戦は32-35で競り負けた。W杯優勝2度を数える強豪からの初勝利とはならず、通算対戦成績は日本の8戦全敗となった。1週間後の敵地での再戦で白星を目指す。 WOWOWは15日の午後1時55分からWOWOWライブ・WOWOWオンデマンドで放送・配信。解説は斉藤祐也氏が、豊原謙二郎アナウンサーが実況を務める。,[],[]
中山秀征の次男・脩悟、初主演舞台「あゝ同期の桜」ゲネプロ取材会に登場「稽古でやってきたことを全力で出す」　演出は錦織一清（サンケイスポーツ）,https://news.yahoo.co.jp/articles/4f4c9faa14fd0220bf8d5ef6cefab4cc81184cbd,https://newsatcl-pctr.c.yimg.jp/t/amd-img/20260812-00000158-sanspo-000-1-view.jpg?exp=10800,2026-08-12T20:00:00+09:00,2026-08-12T20:00:00+09:00,サンケイスポーツ,sanspo,サンケイスポーツ,478,舞台「あゝ同期の桜」取材会で、会見に臨んだ（前列左から）中山脩悟、錦織一清＝中央区（撮影・高橋朋彦） タレント、中山秀征（59）と元宝塚歌劇団娘役トップの白城あやか（58）の次男で俳優、中山脩悟（23）が12日、東京・日本橋室町の三越劇場で初主演舞台「あゝ同期の桜」（13～17日）のゲネプロ取材会に登場した。 太平洋戦争末期に死を覚悟して青春を生きた学徒特攻隊員たちの群像劇。特攻隊員、諸木文晴役に「今、ものすごく緊張している。稽古でやってきたことを全力で出す」と背筋を伸ばした。 演出の錦織一清（61）も、稽古初日から台詞が全て頭に入っていた中山について「目を見張ることばかり。僕には子供はいないけど『老いては子に従え』が身に染みた」としみじみ。 続けて「腹がすわってる。本当に秀ちゃんの息子かと。4人兄弟なんで1人くださいって言ったら『もらってください』って」と父、秀征との会話をユーモラスに告白。 また、中山は「両親から『とにかく全力でやってくれ』と。（舞台を両親が）見に来てくれますが母親に見られるのは緊張する」と本音を口にし、報道陣を和ませた。,[],[]
DeNA・エンカーナシオン、来日初の2打席連発「またホームランを打ててうれしい」（サンケイスポーツ）,https://news.yahoo.co.jp/articles/0e30fdcb9719c59353297aa319af8177eeda772f,https://newsatcl-pctr.c.yimg.jp/t/amd-img/20260812-00000157-sanspo-000-2-view.jpg?exp=10800,2026-08-12T19:55:09+09:00,2026-08-12T20:28:59+09:00,サンケイスポーツ,sanspo,サンケイスポーツ,265,六回、ソロ本塁打を放ったDeNAのヘラル・エンカーナシオン＝バンテリンドームナゴヤ（撮影・中島信生） （セ・リーグ、中日－DeNA、18回戦、12日、バンテリンドーム） 6月からDeNAに加わったヘラル・エンカーナシオン外野手（28）が、来日初となる2打席連続本塁打を放った。 【写真】エンカーナシオ「本当に完璧な当たりだった」 四回に涌井の浮いたシンカーを逃さず左中間テラス席に8号ソロを放つと、六回は代わったばかりの草加から初球打ちで左中間席に運ぶ9号ソロ。4番に座る助っ人は「またホームランを打ててうれしい」と声を弾ませた。,[],[]
飯田哲也氏、拓大紅陵34年ぶり勝利を観戦「よく守り切った」（サンケイスポーツ）,https://news.yahoo.co.jp/articles/26ebf15b5d388dd25d676a2b2c50cda3de06a6e3,https://newsatcl-pctr.c.yimg.jp/t/amd-img/20260812-00000156-sanspo-000-2-view.jpg?exp=10800,2026-08-12T19:55:00+09:00,2026-08-12T20:16:07+09:00,サンケイスポーツ,sanspo,サンケイスポーツ,598,適時二塁打を放つ拓大紅陵・阪本幹太（撮影・渡辺大樹） 第108回全国高校野球選手権大会第8日第1試合（12日、拓大紅陵1－0佐賀商、甲子園）元ヤクルト外野手で、拓大紅陵のコーチを務める飯田哲也氏（58）が34年ぶりの甲子園勝利を喜んだ。アルプススタンドで観戦し「1－0ですごくしびれる試合だった。ミスもありながら、よく守り切った。甲子園という緊張感がある中で、接戦で勝てたことはよかった」とホッと胸をなでおろした。 一回1死二、三塁の好機は、けん制死などもあり無得点。「あの流れは負けるパターン。（先発の）宮沢が頑張ってくれた。今日は投手の勝利」。宮沢と八回からリリーフした山辺による零封リレーをたたえた。 6年前に母校のコーチに就任し、主に打撃を担当。指導者として24年ぶりの甲子園出場に貢献した。「今年のチームは大きいのを打てる選手がいないので、つないでチャンスをつくって1点を取り、投手力で逃げるパターン。今日はそれができました」と選手たちをたたえた。 自身は高校3年時の1986年に春夏連続で甲子園に出場。ともに初戦突破したが、2戦目で敗れた。今年のチームは3回戦で仙台育英と対戦する。専大松戸との千葉大会決勝で0－1の九回に3点を奪った試合を例に挙げ「千葉県の決勝みたいに、粘って粘って、ワンチャンスをモノにできれば。そんなに点は取れないと思う」とロースコアを予想しつつ、勝利を願った。,[],[]
佐野日大・小和田和輝、4打数4安打の大暴れ　1回戦後には涙も、麦倉監督「うちの4番。なめられんじゃねーぞ」（サンケイスポーツ）,https://news.yahoo.co.jp/articles/45f3cfc18c042d2639d95ec0ae1294edd5423d2c,https://newsatcl-pctr.c.yimg.jp/t/amd-img/20260812-00000155-sanspo-000-4-view.jpg?exp=10800,2026-08-12T19:53:20+09:00,2026-08-12T20:13:38+09:00,サンケイスポーツ,sanspo,サンケイスポーツ,502,佐野日大・麦倉洋一監督。小和田の4安打の活躍を後押しした＝甲子園球場 第108回全国高校野球選手権大会第8日第3試合（12日、佐野日大3－1神村学園、甲子園）佐野日大（栃木）は神村学園（鹿児島）との接戦を制し、3回戦へコマを進めた。「4番・DH」で先発した小和田和輝捕手（3年）は4打数4安打と大活躍で勝利に貢献した。 【写真】佐野日大の左翼手・杉田侑也が本塁へ好返球 麦倉洋一監督は、1回戦で3打数無安打だった小和田について「この前全然だったので、ちょっと喝を入れた。ホテルに帰っても、一人で下向いてずっと泣いてました」と試合後に深く沈んでいた様子を明かした。その際、「4番なんだし、思い切って空振りして三振してこい」と背中を押したという。 4安打と復調した今日の結果については「初球からバンバン振って、ヒットが4本出たので。やればこうやって結果が出る。『うちの4番。なめられんじゃねーぞ』っていうのを見せてこいっていうことで、泣かせました。彼の強さがここに来て出た」と語り、教え子をたたえた。 小和田は「1回戦が全く駄目だったので、体の開きを修正して逆方向を意識したのが良かった」と胸をなでおろした。,[],[]
巨人・井上温大、阪神・高橋との〝ハルト対決〟も5回8安打4失点で降板　森下＆佐藤に連続被弾（サンケイスポーツ）,https://news.yahoo.co.jp/articles/2ff2b2c7702d00dced69b1770926894bef8647c0,https://newsatcl-pctr.c.yimg.jp/t/amd-img/20260812-00000154-sanspo-000-1-view.jpg?exp=10800,2026-08-12T19:48:35+09:00,2026-08-12T19:48:35+09:00,サンケイスポーツ,sanspo,サンケイスポーツ,408,三回、阪神・佐藤輝明（手前）に本塁打を浴びる巨人・井上温大＝東京ドーム（撮影・佐藤徳昭） （セ・リーグ、巨人ー阪神、19回戦、12日、東京D）先発した巨人・井上温大投手（25）は5回（107球）を投げて、8安打4失点で降板した。試合前時点では、防御率2位の阪神・高橋遥人投手（30）と同3位・井上の〝ハルト対決〟に注目が集まったが、精彩を欠いた。 一回に佐藤に左前適時打を打たれ先制を許すと、大山にも左犠飛を打たれいきなり2点を先取された。さらに、再び上位打線に回った三回。1死無走者から、前日2本塁打の3番森下に低めの変化球を捉えられ、中越えに28号ソロを浴びた。続く佐藤にも1球目の変化球を豪快に振り抜かれ、右翼席へ25号を運ばれた。四、五回はピンチを迎えながらも、無失点で切り抜けたが、降板となった。 前回登板、5日の広島戦では7回無失点の好投。自己最多の10勝目を挙げていたが、この日は阪神打線につかまった。,[],[]
中島健人、悩みに優しく寄り添うセックスセラピストを熱演「セックスは愛情など人生を表すと解釈」（サンケイスポーツ）,https://news.yahoo.co.jp/articles/0dd1231f0326ba57987717a24d2318575ce128da,https://newsatcl-pctr.c.yimg.jp/t/amd-img/20260812-00000153-sanspo-000-1-view.jpg?exp=10800,2026-08-12T19:42:51+09:00,2026-08-12T19:42:51+09:00,サンケイスポーツ,sanspo,サンケイスポーツ,526,Netflixドラマ「SとX」の取材会に出席した（左から）中島健人、新木優子＝東京・表参道 俳優で歌手、中島健人（32）が12日、東京都内で行われたNetflix主演ドラマ「SとX」（全7話、20日から世界独占配信）の取材会にヒロイン役の女優、新木優子（32）と出席した。 同作は多田基生氏の漫画「SとX～セラピスト霜鳥壱人の告白～」が原作のヒューマンラブストーリー。中島はセックスの悩みに優しく寄り添うセックスセラピストの霜鳥役で、新木は霜鳥にとっては初恋の相手で運命的な再会を果たす市之瀬を演じる。 中島は実際にクリニックなどで対応するセックスセラピストの監修を受けながら撮影。「俳優として真っすぐに取り組んだ」と強調した。「自分自身、セックスは愛情などその人の人生を表すものと解釈している」とも明かし、性の悩みをタブー視するのではなく、「セックスというワードがカジュアルになると、人生が生きやすくなるかもしれない」と相談しやすい環境になることを願っていた。 一方の新木は作品を通じて「人との関わりや支え合いはやっぱり大切で、ひとりで悩むのではなく、誰かと一緒に解決していくということがどれだけ救われるかということをすごく実感しました」と明かした。,[],[]
日本ダービー12着フォルテアンジェロは京成杯AHを目標に（サンケイスポーツ）,https://news.yahoo.co.jp/articles/c1283d66370b4c7a82eb8dd8ea1784b096e069b1,https://newsatcl-pctr.c.yimg.jp/t/amd-img/20260812-00000152-sanspo-000-1-view.jpg?exp=10800,2026-08-12T19:38:32+09:00,2026-08-12T19:38:32+09:00,サンケイスポーツ,sanspo,サンケイスポーツ,76,フォルテアンジェロ ★日本ダービー12着フォルテアンジェロ（美・上原佑、牡3）は、京成杯AH（9月5日、中山、GⅢ、芝1600メートル）で始動する予定。,[],[]
プロ野球選手会がNPBに熱中症対策ルールの明確な基準を求める「すぐ決めてほしい」（サンケイスポーツ）,https://news.yahoo.co.jp/articles/b8a3c3bd1666a37a03dc0f349e1f0ff74c59797f,https://newsatcl-pctr.c.yimg.jp/t/amd-img/20260812-00000150-sanspo-000-3-view.jpg?exp=10800,2026-08-12T19:30:00+09:00,2026-08-12T19:41:05+09:00,サンケイスポーツ,sanspo,サンケイスポーツ,475,プロ野球選手会の近藤健介会長 日本プロ野球選手会と日本野球機構（NPB）は12日、東京都内で事務折衝を行った。 7月22日のファーム・リーグのロッテ－オリックス（ロッテ浦和）で熱中症の症状を訴える選手が出たことで、チーム編成ができなくなり、試合が中止に。暑さ対策について、選手会の加藤諭事務局次長は「NPBもガイドラインはできているが、もっと明確な基準が必要とお願いしている。リーグが基準を設けて、それに達したら中止にしてほしい。次の会議を待つのではなく、すぐに決めてほしいと強く言いました」と要望。BCリーグでは、6月1日－閉幕まで試合開始1時間前にWBGTを計測し、暑さ指数が31℃を超えた場合、当該試合は7イニング制となる（各球団のホーム最終戦は例外）。 【写真】西武時代の今井達也、熱中症だった 西口監督「抹消はしない、元気そうやもん」 3日のNPB実行委員会では、試合開始時間の変更など、対策を取り入れることが決定したものの、主催球団に委ねられている。NPBのガイドラインは中止の基準がなく、気温や湿度など統一した基準を設けることを求めた。,[],[]
日本協会・宮本会長、未定となっている日本代表のコーチングスタッフは19日技術委員会で「話し合われる」　（サンケイスポーツ）,https://news.yahoo.co.jp/articles/ed7303087428daaddbaa71d4e8ce0851367f1054,https://newsatcl-pctr.c.yimg.jp/t/amd-img/20260812-00000151-sanspo-000-1-view.jpg?exp=10800,2026-08-12T19:30:00+09:00,2026-08-12T19:30:00+09:00,サンケイスポーツ,sanspo,サンケイスポーツ,536,「第106回天皇杯 夏休み子ども体験型イベント」に出席した日本サッカー協会の宮本恒靖会長（後方右）と名波浩氏 日本サッカー協会の宮本恒靖会長が12日、東京都内で「第106回天皇杯 夏休み子ども体験型イベント」に出席した。イベント後に取材に応じ、来年1月のアジア杯まで続投が決まった森保一監督を支える日本代表のコーチングスタッフについて言及した。 「森保監督の意向を含めて整えているところ。A代表もU－23（23歳以下）もあるので、そこは調整をしています」と話した。また今月19日に技術委員会を予定しており「そこで決められることもあるかなと思います。決めるというか話し合われる」と明かした。 同じくイベントに出席したW杯北中米3カ国大会で日本代表コーチの名波浩氏は、去就について「それは話が全然進んでいないので、ポイチさん（森保監督）が僕を選んでくれるかも分からない。まだ先の話になる」とした。 森保監督は7月の続投が決まった際の会見で「できればこれまでやってきたスタッフとともにこれからも活動できればいい」と思いを明かしている。それを受けて日本協会の山本昌邦技術委員長は「いま、面談を私の方で進めている。それを踏まえて9月から新しいチャレンジに向かっていく」と話していた。,[],[]
巨人・井上温大、前打席被弾の森下への死球に阪神ファンから怒号　球場一時騒然（サンケイスポーツ）,https://news.yahoo.co.jp/articles/5c5165e858d9424e4269100d8792edc8d5a03510,https://newsatcl-pctr.c.yimg.jp/t/amd-img/20260812-00000149-sanspo-000-7-view.jpg?exp=10800,2026-08-12T19:25:56+09:00,2026-08-12T22:41:33+09:00,サンケイスポーツ,sanspo,サンケイスポーツ,332,四回、死球を受ける阪神・森下翔太（撮影・佐藤徳昭） （セ・リーグ、巨人ー阪神、19回戦、12日、東京D）巨人・井上温大投手（25）が先発した。0-4の四回2死一、二塁で前の打席で本塁打を浴びた阪神の3番・森下に対しカウント1－1からの3球目。捕手の岸田が内寄りに構え、内角を狙った149㌔の直球が森下の左腕をかすめる死球となった。阪神ファンからは怒号が起こり、球場は一時騒然となったが、森下は表情を変えることなく一塁へ。続く佐藤が遊ゴロに倒れた。 【写真】ステーキを食べる森下翔太と佐藤輝明 巨人―阪神戦では今季、7月25日の対戦（甲子園）で巨人の大城が2死球、阪神の主砲佐藤も2年ぶりとなる死球を受け、試合後に阪神の藤川監督が死球数について言及する試合もあった。,[],[]
ヤクルト・宮本丈が先制タイムリー「インコースの難しいボールでしたが、コンパクトに…」（サンケイスポーツ）,https://news.yahoo.co.jp/articles/4765abcc27c460046fb27c147687374e31300a01,https://newsatcl-pctr.c.yimg.jp/t/amd-img/20260812-00000147-sanspo-000-1-view.jpg?exp=10800,2026-08-12T19:18:39+09:00,2026-08-12T19:18:39+09:00,サンケイスポーツ,sanspo,サンケイスポーツ,247,一回、適時二塁打を放ち笑顔を見せるヤクルト・宮本丈 （撮影・長尾みなみ） （セ・リーグ、ヤクルト－広島、18回戦、12日、神宮）「3番・一塁」で7月20日以来となる今季2度目のスタメンに名を連ねたヤクルト・宮本丈が先制タイムリーを放った。 0－0の一回1死二塁で迎えた第1打席。広島先発の栗林が投じた内角直球をうまく引っ張り、右翼線への適時二塁打とし「インコースの難しいボールでしたが、コンパクトに打ち返すことができた」。代打の切り札としてチームを支えてきた仕事人が、スタメンでも結果を残した。,[],[]
阪神・佐藤輝明が2戦連発！　森下との2者連続本塁打で通算150号に王手（サンケイスポーツ）,https://news.yahoo.co.jp/articles/75b194714114b771111275dcbedd7ea4bf040e13,https://newsatcl-pctr.c.yimg.jp/t/amd-img/20260812-00000144-sanspo-000-3-view.jpg?exp=10800,2026-08-12T19:01:11+09:00,2026-08-12T19:14:50+09:00,サンケイスポーツ,sanspo,サンケイスポーツ,354,三回、本塁打を放つ阪神・佐藤輝明。投手・井上温大＝東京ドーム（撮影・佐藤徳昭） （セ・リーグ、巨人―阪神、19回戦、12日、東京ドーム）阪神・佐藤輝明内野手（27）が2戦連発となる本塁打を放った。 【写真】ステーキを食べる森下翔太と佐藤輝明 一回に自ら先制打を放つと、三回に森下が28号ソロを放って3-0となった直後の第2打席だった。巨人先発・井上の初球のフォークを一閃。弾丸ライナーで右翼スタンドに突き刺した。11日の同戦から2戦連発の25号。森下と佐藤の2者連続本塁打に虎党はお祭り騒ぎとなった。佐藤はこれでプロ通算149本とし、節目の150号に王手をかけた。球団を通じてのコメントは以下の通り。 ◆佐藤 「打ったのはフォーク。（森下）翔太に続いて打つことができてよかったです。良いスイングができました」,[],[]
巨人・井上温大、阪神の最強コンビ森下＆佐藤にまさかの〝2球連続被弾〟　東京ドーム騒然（サンケイスポーツ）,https://news.yahoo.co.jp/articles/4c5beedca907996dafd011c04dcafa8f7d0a735d,https://newsatcl-pctr.c.yimg.jp/t/amd-img/20260812-00000142-sanspo-000-3-view.jpg?exp=10800,2026-08-12T18:59:01+09:00,2026-08-12T19:14:17+09:00,サンケイスポーツ,sanspo,サンケイスポーツ,372,三回、森下翔太に本塁打を許した巨人・井上温大＝東京ドーム（撮影・萩原悠久人） （セ・リーグ、巨人ー阪神、19回戦、12日、東京D）巨人・井上温大投手（25）が先発。試合前の時点で自己最多10勝を挙げ、リーグ3位の防御率1.96をマークしていた左腕だが、この日は序盤から阪神打線に捕まった。 【写真】2度にわたって… 巨人・丸が追う阪神の邪飛をファンが〝横取り〟 一回に佐藤に左前適時打を打たれ先制を許すと、大山にも左犠飛を打たれいきなり2点を先取された。さらに、再び上位打線に回った三回。1死無走者から、前日2本塁打の3番森下に低めの変化球を捉えられ、中越えに28号ソロを浴びた。阪神ファンが盛り上がる中、続く佐藤にも1球目の変化球を豪快に振り抜かれ、右翼席へ25号を運ばれた。まさかの〝2球連続被弾〟に東京ドームの両軍のファンが騒然となった。,[],[]
阪神・森下翔太が2戦3発となる28号ソロ…首位攻防戦で恐るべき勝負強さ発揮（サンケイスポーツ）,https://news.yahoo.co.jp/articles/0de392237158bfcb957962a634ec8a71b6e96fb5,https://newsatcl-pctr.c.yimg.jp/t/amd-img/20260812-00000141-sanspo-000-4-view.jpg?exp=10800,2026-08-12T18:54:14+09:00,2026-08-12T20:24:00+09:00,サンケイスポーツ,sanspo,サンケイスポーツ,341,三回、28号本塁打を放つ阪神・森下翔太＝東京ドーム（撮影・萩原悠久人） （セ・リーグ、巨人ー阪神、19回戦、12日、東京D）阪神・森下翔太外野手（25）がソロ本塁打を放った。 【写真】ステーキを食べる森下翔太と佐藤輝明 2―0の三回。1死から森下が井上の3球目カットボールを一閃した。大歓声を呼んだ打球はバックスクリーン右へ着弾。飛距離134メートルの特大の一発でリードを広げた。 森下は11日の同戦では2発放っており、これで2試合で3本塁打。今季28号とし、本塁打王争いでも独走している。球団を通じてのコメントは以下の通り。 ◆森下 「打ったのはスライダー。（高橋）遥人さんがゼロで抑えてくれているので、早めに次の１点を早くとりたいと思っていました。良い結果になってよかったです」,[],[]
橋本環奈、惜しくもノーバンならず「成果としては100点を挙げたい」（サンケイスポーツ）,https://news.yahoo.co.jp/articles/aa3e0f46eaf838849666e8be73ee8544403323d2,https://newsatcl-pctr.c.yimg.jp/t/amd-img/20260812-00000137-sanspo-000-2-view.jpg?exp=10800,2026-08-12T18:30:01+09:00,2026-08-12T18:52:29+09:00,サンケイスポーツ,sanspo,サンケイスポーツ,493,始球式に登場した橋本環奈＝東京ドーム（撮影・萩原悠久人） （セ・リーグ、巨人－阪神、19回戦、12日、東京D）女優、橋本環奈（27）が試合前の始球式に登場した。 【別カット】東京ドームに天使降臨 橋本環奈が白ショートパンツ姿でファーストピッチ この日は映画「キングダム 魂の決戦」の公開を記念したキングダムナイターとして開催。俳優、山﨑賢人（31）演じる主人公の信を支える軍師・河了貂（かりょうてん）役として同作に出演している橋本がファーストピッチを行った。 シリーズ5作目にちなんで、背番号「5」に「KINGDOM」の背ネームが入った巨人のユニフォームの上から、映画衣装の蓑を着用した姿で登場。投じたボールはやや左にそれ、ワンバウンドで捕手のミットに収まった。投球を振り返り、「練習の方が上手かったですね。ノーバウンドで投げたかった」と苦笑い。それでも「成果としては100点を挙げたい。自分に甘いので」とはにかんだ。 大の巨人ファンとしても知られ、「勝利の女神みたいな大きなことは言えないですけど、一ジャイアンツファンとして応援して、ぜひとも勝ってほしいと思います」とエールを送った。,[],[]
クリスティアーノ・ロナウドがついにジョルジーナさんと結婚　SNSでは左手薬指に金の指輪をつけて報告（サンケイスポーツ）,https://news.yahoo.co.jp/articles/d6230a3728101c52a1bd8627d714a638147591a7,https://newsatcl-pctr.c.yimg.jp/t/amd-img/20260812-00000136-sanspo-000-1-view.jpg?exp=10800,2026-08-12T18:30:00+09:00,2026-08-12T18:30:00+09:00,サンケイスポーツ,sanspo,サンケイスポーツ,306,ポルトガル代表FWクリスティアーノ・ロナウド サッカーのポルトガル代表FWクリスティアーノ・ロナウド（41）＝アルナスル＝が11日（日本時間12日）、自身のSNSで恋人でモデルのジョルジーナ・ロドリゲスさんとの結婚を発表した。 インスタグラムで左手薬指に金色の指輪をはめた2人の手の写真とともに「C（ハートの絵文字）G」とつづった。 AP通信などによると、2人はスペイン・マドリードで出会い、2016年から交際を開始。17年に娘が誕生し、22年には男女の双子が生まれたが、男の子は死産だった。ロナウドには他に3人の子どもがおり、結婚式を「5人の子供たちが立ち会った、プライベートで親密なひととき」で行ったという。,[],[]
彩青、富岡八幡宮例大祭で橋幸夫さんの着物を着用して新曲を熱唱「宝物であり財産です」（サンケイスポーツ）,https://news.yahoo.co.jp/articles/4c4624ec59cd6b9f0a902fc4dd3facc047fe1352,https://newsatcl-pctr.c.yimg.jp/t/amd-img/20260812-00000135-sanspo-000-1-view.jpg?exp=10800,2026-08-12T18:26:24+09:00,2026-08-12T18:26:24+09:00,サンケイスポーツ,sanspo,サンケイスポーツ,497,富岡八幡宮例大祭の歌唱ステージで新曲「門前仲町の恋ざくら」などを熱唱した彩青＝東京・江東区 演歌歌手、彩青（23）が12日、東京・江東区で開催された富岡八幡宮例大祭の歌唱ステージで新曲「門前仲町の恋ざくら」などを熱唱した。 彩青は細川たかし（76）の弟子として2019年に16歳でデビュー。新曲は富岡八幡宮近くの江戸情緒あふれる門前仲町が舞台で、歌の主人公がかつて彼女と見た桜並木に思いをはせる彩青にとって初の恋歌だ。 同町のエリアではこれまで「お江戸深川さくらまつり」に出演し、居酒屋やスナックが並ぶ辰巳新道でキャンペーンを展開。歌唱後、報道陣の取材に応じ、「人情味あふれる素晴らしい街で、帰ってきたなという感じです」と親しみを込めて訪問を喜んだ。 この日は鮮やかな緑色の着物姿を披露。昨年9月に82歳で亡くなった歌手、橋幸夫さんが着用していたもので、生前に交流があった縁もあり「（故人の）奥さまから粋な着物をたくさん頂きまして…宝物であり財産です」と感謝した。この日は外国人観光客も多く訪れ、「世界の方々にも演歌や民謡をたくさん聞いていただけるよう、伝道師にもなりたいです」と約束していた。,[],[]
巨人、まさかの挟殺プレー失敗で痛恨失点　首位争う阪神戦で手痛い守備のミス（サンケイスポーツ）,https://news.yahoo.co.jp/articles/9fa085bcfae12d76dfab9614d09f6418302905ed,https://newsatcl-pctr.c.yimg.jp/t/amd-img/20260812-00000133-sanspo-000-3-view.jpg?exp=10800,2026-08-12T18:24:54+09:00,2026-08-12T18:59:04+09:00,サンケイスポーツ,sanspo,サンケイスポーツ,353,一回、阪神・佐藤輝明（奥左）に適時打を浴びる巨人・井上温大＝東京ドーム（撮影・佐藤徳昭） （セ・リーグ、巨人ー阪神、19回戦、12日、東京D）巨人は痛恨の挟殺プレー失敗で、手痛い失点を喫した。一回1死一、二塁。4番の佐藤に左前へ先制打を許した場面。左翼手笹原の本塁への送球を見て、二塁を狙った佐藤を捕手の岸田が二塁へ転送し一、二塁間で挟んだ。しかし、二塁手浦田の一塁への送球が早く、結果的には一塁手ダルベックとの挟殺プレーで佐藤をアウトにできず、一塁へ残る形に。1死一、三塁となり続く大山に左犠飛を許した。 【写真】東京ドームに天使降臨 橋本環奈が白ショートパンツ姿でファーストピッチ もし挟殺プレーに成功し2死三塁となっていれば防げた1点。巨人にとっては好投手の高橋遥人との対戦で、手痛い追加点となった。,[],[]
阪神が井上温大から電光石火の先制劇！　佐藤輝明が左前へ適時打！大山悠輔が犠飛で2点リード（サンケイスポーツ）,https://news.yahoo.co.jp/articles/05b3a304c3a1aa8ee1cb82062171f9529b741c42,https://newsatcl-pctr.c.yimg.jp/t/amd-img/20260812-00000132-sanspo-000-5-view.jpg?exp=10800,2026-08-12T18:23:38+09:00,2026-08-12T20:24:23+09:00,サンケイスポーツ,sanspo,サンケイスポーツ,485,一回、適時打を放つ阪神・佐藤輝明。投手は井上温大＝東京ドーム（撮影・佐藤徳昭） （セ・リーグ、巨人ー阪神、19回戦、12日、東京D）阪神が試合前時点で防御率1・96の左腕・井上温大投手（25）から、一回に先制に成功した。 【写真】阪神・岡田彰布顧問「昔から巨人は嫌いだったけど。『こんなことやるんか』って」 1死から中野が四球、森下が中前打でつないで一、二塁の好機を作った。打席には4番の佐藤輝明内野手（27）。井上の初球149キロを力強く左前へはじき返して、中野が先制のホームを踏んだ。なおも1死一、三塁で大山悠輔内野手（31）がきっちりと左犠飛。好投を続けてきた左腕から初回だけで2点を奪った。 佐藤はリーグトップの今季73打点目。大山は59打点目となった。球団を通じてのコメントは以下の通り。 ◆佐藤 「打ったのはツーシームかな。先制のチャンスだったので、しっかり結果を残せてよかったです。（中野）ムーさんもナイスランでした」 ◆大山 「打ったのはカットボール。先制した後に、粘り強く、追加点を取ることができたのでよかったです。また次の１点を全員で取りにいきます」,[],[]
佐野日大、29年ぶり夏2勝！エース鈴木有が5回無失点の好救援（サンケイスポーツ）,https://news.yahoo.co.jp/articles/7094cf6eb1178834eadfbf014d7fb47972e3ab42,https://newsatcl-pctr.c.yimg.jp/t/amd-img/20260812-00000129-sanspo-000-1-view.jpg?exp=10800,2026-08-12T18:15:08+09:00,2026-08-12T18:15:08+09:00,サンケイスポーツ,sanspo,サンケイスポーツ,375,九回、佐野日大・小島颯人の適時打で生還する佐野日大・井出結星＝甲子園球場 第108回全国高校野球選手権大会第8日第3試合（12日、佐野日大3－1神村学園、甲子園）佐野日大（栃木）が2023、24年ベスト4の神村学園（鹿児島）との接戦を制し、29年ぶりの夏2勝を挙げ、16強入りを決めた。 佐野日大は三回に2死一、二塁の好機を作ると、桜岡稜万外野手（3年）が左翼線を破る2点三塁打で先制。九回には小島颯人内野手（2年）の中前適時打で1点を加えた。先発の2年生左腕、沖崎翼投手が4回1失点と踏ん張り、五回からはエースの鈴木有投手（3年）にスイッチ。鈴木は八回2死一、二塁、九回無死一、二塁など終盤の立て続けのピンチをしのぎ、無失点で抑えきる好リリーフでチームを勝利に導いた。 佐野日大は同校史上初のベスト8に進出した1997年以来の夏の甲子園での2勝目。,[],[]
橋本環奈が白ショートパンツ姿でファーストピッチ　巨人ー阪神で〝天使降臨〟に東京ドームのファン歓喜（サンケイスポーツ）,https://news.yahoo.co.jp/articles/6358146e580f914d7e8306df37c13003893d1375,https://newsatcl-pctr.c.yimg.jp/t/amd-img/20260812-00000127-sanspo-000-4-view.jpg?exp=10800,2026-08-12T18:07:10+09:00,2026-08-12T18:53:25+09:00,サンケイスポーツ,sanspo,サンケイスポーツ,372,ファーストピッチに臨んだ橋本環奈＝東京ドーム（撮影・水島啓輔） （セ・リーグ、巨人ー阪神、19回戦、12日、東京D）人気映画「キングダム 魂の決戦」の公開を記念した「キングダムナイター」として開催。主人公の信を支える軍師・河了貂（かりょうてん）役として出演している女優、橋本環奈（27）がファーストピッチを務めた。 【写真】橋本環奈が「どこにでも連れて行く！！」と言った相手は？ 劇中の衣装に、白のショートパンツ姿で登場。大きく振りかぶったワインドアップのフォームから山なりの投球。惜しくもノーバウンドはならずも、ワンバウンドで捕手役を務めた小浜のミットに収まった。伝統の一戦を前に〝天使降臨〟。場内は大きな拍手に包まれた。 橋本は巨人ファンで知られ、始球式の1時間以上前に自身のＸを更新し「肩温めなきゃね〜ストレッチもします」と投稿していた。,[],[]
日本代表・名波浩コーチ、小学生からの〝直球質問〟「ブラジル戦は久保、南野、三笘選手がいたら勝てた？」に回答（サンケイスポーツ）,https://news.yahoo.co.jp/articles/da01bd856688a55769d7665247a85a66c646c697,https://newsatcl-pctr.c.yimg.jp/t/amd-img/20260812-00000126-sanspo-000-2-view.jpg?exp=10800,2026-08-12T18:00:00+09:00,2026-08-12T18:48:09+09:00,サンケイスポーツ,sanspo,サンケイスポーツ,768,「第106回天皇杯 夏休み子ども体験型イベント」に出席した日本サッカー協会の宮本恒靖会長（後方右）と名波浩氏 W杯北中米3カ国大会に出場した日本代表の名波浩コーチが12日、日本サッカー協会の宮本恒靖会長とともに東京都内で開催された「第106回天皇杯 夏休み子ども体験型イベント」に出席した。参加した小学生との模擬記者会見のコーナーが設けられ、〝直球質問〟を受ける場面もあった。 【写真】岡田武史氏、日本代表が強くなった理由は「今までなら消えていったかもしれないタレントを再復活させるシステム」 名波コーチは「ブラジル戦に久保、南野、三笘選手らがいたら勝てたのか」と尋ねられ「どうだろうね…けが人が多かったのは残念でしたけど、勝てるかどうかはそのメンバーがいてやってみないとわからなかった。森保監督はあいつらがいなかったから勝てなかったとか絶対に言わない人間で、いる人たちでやろうとずっと伝えていた。いた選手たちで勝てなかったのは残念、もちろんいたら戦力になっていた」と率直に答えた。 また宮本会長は「どうしたら日本代表は強くなれますか？」の問いに「この間のW杯に出ていた日本代表の選手たちもほとんどヨーロッパでプレーしています。もっとヨーロッパの本場でプレーしていて、なおかつレベルの高い強いクラブでプレーしている選手が増えること。（欧州）チャンピオンズリーグでプレーする選手が増えることが今よりも強い集団になるかなと思う」と思いを明かした。 来年の元日に決勝が開催される天皇杯が、今月19日に1回戦が始まることを受けてのイベントで、最後に名波コーチは「みんな真剣にメモを取って、非常に集中していて、我々も学ぶ機会になった。天皇杯は1月1日だけど、（これから）続いてくれるのでスタジアムに行って応援をしてくれたらうれしい」と呼びかけた。,[],[]
スタメン発表　巨人・石塚裕惺がプロ初5番　先発はGT〝ハルト〟対決（サンケイスポーツ）,https://news.yahoo.co.jp/articles/fce79b0ff909a348b28b3a9b45bfcafbe4260850,https://newsatcl-pctr.c.yimg.jp/t/amd-img/20260812-00000124-sanspo-000-2-view.jpg?exp=10800,2026-08-12T17:27:51+09:00,2026-08-12T17:51:44+09:00,サンケイスポーツ,sanspo,サンケイスポーツ,372,試合前、キャッチボールする巨人・石塚裕惺＝東京ドーム（撮影・萩原悠久人） （セ・リーグ、巨人ー阪神、19回戦、12日、東京D）首位攻防3連戦の第2戦。初戦を落とした巨人は2年目の石塚裕惺内野手（20）がプロ初の5番起用となった。最近5試合連続安打と安定した打撃で成長を示している。両軍のオーダーは以下の通り。 【写真】阪神・岡田彰布顧問「昔から巨人は嫌いだったけど。『こんなことやるんか』って」 【巨人】 1番・二塁 浦田 2番・左翼 松本 3番・遊撃 泉口 4番・一塁 ダルベック 5番・三塁 石塚 6番・左翼 笹原 7番・捕手 岸田 8番・右翼 知念 9番・投手 井上 【阪神】 1番・中堅 近本 2番・二塁 中野 3番・右翼 森下 4番・三塁 佐藤 5番・一塁 大山 6番・左翼 前川 7番・捕手 伏見 8番・遊撃 熊谷 9番・投手 高橋,[],[]
国枝栄厩務員が函館競馬場に〝初入厩〟　「滞在というのは面白い」（サンケイスポーツ）,https://news.yahoo.co.jp/articles/0b23bea796762d4026a76632f665e6e3af80e962,https://newsatcl-pctr.c.yimg.jp/t/amd-img/20260812-00000123-sanspo-000-1-view.jpg?exp=10800,2026-08-12T17:26:10+09:00,2026-08-12T17:26:10+09:00,サンケイスポーツ,sanspo,サンケイスポーツ,384,担当馬とともに馬運車から降りる国枝厩務員＝12日、北海道函館市（山口大輝撮影） 3月に調教師として定年を迎え、現在は小島厩舎に所属する国枝栄厩務員（71）が12日、担当馬とともに厩務員として初めて函館競馬場に到着した。11日の午後7時に美浦トレセンを出発。フェリーを乗り継ぎ、約17時間の長旅も「おかげで寝れたし、快適だったよ」と笑みを浮かべた。 到着とともに滞在スタッフに迎え入れられ、荷ほどきを終えると、「やったことのないことだから楽しみ。滞在というのも面白いよね」と意欲をのぞかせた。函館競馬場での移動手段用に自転車の〝新車〟も購入し、準備は万端だ。 担当馬ジャストピーチー（牝2）は、22日札幌の新馬戦（芝1500メートル）でデビュー予定。「おおむね順調です。（輸送）熱も上がっていないし、カイバも食べているので輸送はクリアできたかな」と胸をなでおろしていた。,[],[]
スタメン発表　阪神は「8番・遊撃」に熊谷敬宥　高橋遥人が井上温大との〝ハルト対決〟へ（サンケイスポーツ）,https://news.yahoo.co.jp/articles/43c60f0e4fc0ab3bdeced5b7d359d7854659e9ea,https://newsatcl-pctr.c.yimg.jp/t/amd-img/20260812-00000122-sanspo-000-3-view.jpg?exp=10800,2026-08-12T17:24:23+09:00,2026-08-12T20:24:44+09:00,サンケイスポーツ,sanspo,サンケイスポーツ,463,試合前、円陣を組む阪神の選手ら＝東京ドーム（撮影・萩原悠久人） （セ・リーグ、巨人ー阪神、19回戦、12日、東京D）11日の天王山第1ラウンドを大勝で飾り、単独首位に立った阪神は高橋遥人投手（30）が先発する。今季ワーストの4回6失点（自責4）で降板となった5日のDeNA戦（横浜）から中6日での登板。初出場となった球宴でも交流した巨人・井上温大投手（25）との〝ハルト対決〟に臨む。打線は熊谷敬宥内野手（30）が「8番・遊撃」で3試合ぶりにスタメンに入った。両軍のオーダーは以下の通り。 【写真】阪神・岡田彰布顧問「昔から巨人は嫌いだったけど。『こんなことやるんか』って」 【阪神】 1番・中堅 近本 2番・二塁 中野 3番・右翼 森下 4番・三塁 佐藤 5番・一塁 大山 6番・左翼 前川 7番・捕手 伏見 8番・遊撃 熊谷 9番・投手 高橋 【巨人】 1番・二塁 浦田 2番・中堅 松本剛 3番・遊撃 泉口 4番・一塁 ダルベック 5番・三塁 石塚 6番・左翼 笹原 7番・捕手 岸田 8番・右翼 知念 9番・投手 井上,[],[]
【2歳次走報】サンタンジェロは西村淳騎手と中京2歳Sへ（サンケイスポーツ）,https://news.yahoo.co.jp/articles/94bb6441670c8924b30d97c283f5511f435ca9d2,https://newsatcl-pctr.c.yimg.jp/t/amd-img/20260812-00000121-sanspo-000-2-view.jpg?exp=10800,2026-08-12T17:22:26+09:00,2026-08-12T22:36:57+09:00,サンケイスポーツ,sanspo,サンケイスポーツ,188,サンタンジェロ ★7月26日の中京未勝利（芝1400メートル）で勝ち上がったサンタンジェロ（栗・須貝、牝）は西村淳騎手との再コンビで中京2歳S（30日、中京、GⅢ、芝1400メートル）へ。 ★8月1日の札幌新馬（芝1500メートル）を逃げ切ったブルージェイ（美・加藤征、牡）は12日に札幌競馬場へ帰厩。クローバー賞（22日、札幌、OP、芝1500メートル）へ向けて調整される。,[],[]
【3歳以上次走報】佐渡S勝ちのライヒスアドラーは毎日王冠へ（サンケイスポーツ）,https://news.yahoo.co.jp/articles/dd0eb9b8d61843db3a89584366b92ba9c6ce38f1,https://newsatcl-pctr.c.yimg.jp/t/amd-img/20260812-00000119-sanspo-000-1-view.jpg?exp=10800,2026-08-12T17:20:15+09:00,2026-08-12T17:20:15+09:00,サンケイスポーツ,sanspo,サンケイスポーツ,430,ライヒスアドラー ★佐渡Sを勝ってOP入りしたライヒスアドラー（美・上原佑、牡3）は放牧を挟んで、毎日王冠（10月4日、東京、GⅡ、芝1800メートル）を本線に検討中。 ★日本ダービー11着のアウダーシア（美・手塚久、牡3）は12日に帰厩。菊花賞トライアルのセントライト記念（9月13日、中山、GⅡ、芝2200メートル）か、神戸新聞杯（9月21日、阪神、GⅡ、芝2400メートル）に進む。 ★パラダイスS3着のアクートゥス（栗・藤原、騸6）は朱鷺S（22日、新潟、L、芝1400メートル）へ。 ★安田記念10着のステレンボッシュ（美・宮田、牝5）は戸崎騎手とのコンビで新潟記念（30日、新潟、GⅢ、芝2000メートル）に挑む。 ★しらさぎS4着のファンダム（美・辻、牡4）は京成杯AH（9月5日、中山、GⅢ、芝1600メートル）が目標。 ★UHB賞6着シンバーシア（美・浅利、牝5）は放牧を挟んでみちのくS（11月8日、福島、OP、芝1200メートル）が目標。,[],[]
佐野日大の左翼手・杉田侑也が本塁へ好返球（サンケイスポーツ）,https://news.yahoo.co.jp/articles/4b408ea362e5d36505badec969122ecba3ca2f62,https://newsatcl-pctr.c.yimg.jp/t/amd-img/20260812-00000118-sanspo-000-1-view.jpg?exp=10800,2026-08-12T17:20:10+09:00,2026-08-12T17:20:10+09:00,サンケイスポーツ,sanspo,サンケイスポーツ,321,三回、神村学園・梶山侑孜の左前打で本塁でタッチアウトになる神村学園・今井滉士郎（右）。捕手は佐野日大・須田凌央＝甲子園球場 第108回全国高校野球選手権大会第8日第3試合（12日、佐野日大－神村学園、甲子園）佐野日大・杉田侑也外野手（3年）が、2点を先制した直後の三回の左翼守備でスタンドを沸かすビックプレーをみせた。 先頭で打席に入った神村学園の1番・今井が左前打、2番・田中が捕前犠打でつなぎ1死二塁とされた。ここで続く3番・梶山が左前打を放ったが、定位置より深めからチャージしてきた左翼手・杉田が思い切って本塁へ返球。捕手にノーバウンドで届かせ、見事に補殺を記録した。佐野日大の応援席、三塁アルプスのみならず、球場全体が好返球に沸いた。,[],[]
【キーンランドC　1週前追い切り】パンジャタワーが函館の芝コースで軽快に先着（サンケイスポーツ）,https://news.yahoo.co.jp/articles/8676b7c8febd54b31aae2f5642b8a836a5a35b11,https://newsatcl-pctr.c.yimg.jp/t/amd-img/20260812-00000114-sanspo-000-1-view.jpg?exp=10800,2026-08-12T17:06:34+09:00,2026-08-12T17:06:34+09:00,サンケイスポーツ,sanspo,サンケイスポーツ,351,芝コースで一杯に追われたパンジャタワー（手前） 《函館》安田記念5着パンジャタワー（橋口、牡4）は、佐々木騎手（実戦は松山騎手）を背に、芝コースでアーレムアレス（1勝）に1馬身先着。一杯に追われて、5ハロン64秒8─11秒6を計時した。鞍上は「1週前追い切りだったのでしっかりとやりました。去年よりも行きっぷりが良くなっていて、さすがGⅠ馬という動きだったと思います」と能力を感じていた。 函館スプリントS2着エーティーマクフィ（武英、牡7）は、富田騎手が手綱を取り、Wコースで5ハロン69秒4─12秒6。鋭く伸びて、ロードステラート（3歳未勝利）に2馬身先着した。鞍上は「すごく良かったです。1回、使って馬がさらに上向いています。具合がわかりやすい馬ですが、今回はいいですね」と状態面に太鼓判を押す。,[],[]
巨人、平山功太、試合前練習参加も出場選手登録は見送り　前日フェンス激突交代の笹原操希は抹消されず（サンケイスポーツ）,https://news.yahoo.co.jp/articles/835bd13c02a007c1c5879ecad3f6f7ea7ea7787e,https://newsatcl-pctr.c.yimg.jp/t/amd-img/20260812-00000109-sanspo-000-3-view.jpg?exp=10800,2026-08-12T16:05:01+09:00,2026-08-12T17:54:03+09:00,サンケイスポーツ,sanspo,サンケイスポーツ,298,巨人・平山功太 （セ・リーグ、巨人ー阪神、19回戦、12日、東京D）巨人の平山功太内野手（22）が試合前の練習に参加。早出で打撃練習などを行ったが、出場選手登録はされなかった。2023年秋のドラフト会議で巨人の最下位となる育成7位指名からはい上がり、4月5日に支配下選手契約をつかんだ苦労人。2本塁打を放つなど存在感を放ったが、5月23日に左太もも裏の肉離れで離脱した。 【実際の写真】前日、フェンス激突した笹原操希 また、前日11日の阪神戦の左翼守備でフェンスに激突し途中交代した笹原操希外野手（22）は出場選手登録は抹消されず。通常通りに試合前の全体練習に参加し、打撃、守備練習などを行った。,[],[]
ロバーツ監督、帰ってきたスネルに称賛の嵐「目つきがよかった」「強い意欲伝わった」6回10K、最速157キロ「常に攻撃的」（サンケイスポーツ）,https://news.yahoo.co.jp/articles/bc0d04642a4d8df5e902a29243956140d56bf8de,https://newsatcl-pctr.c.yimg.jp/t/amd-img/20260812-00000108-sanspo-000-2-view.jpg?exp=10800,2026-08-12T15:57:10+09:00,2026-08-12T16:09:59+09:00,サンケイスポーツ,sanspo,サンケイスポーツ,568,ドジャース・ロバーツ監督 ドジャース5xー4ロイヤルズ＝延長十回タイブレーク（11日、ロサンゼルス）米大リーグ・ドジャースは延長十回に劇的なサヨナラ勝ちを収めた。5月9日以来となる復帰登板に臨んだスネルは6回3安打1失点10奪三振の好投でゲームを作った。 【写真】復帰登板で6回1失点10Kのスネル「まだ余力がある」 この日のスネルは四回にペレスの犠飛で1点を失うも、それ以外の場面はロイヤルズ打線を支配。直球の最速97.6マイル（約157キロ）を記録した。 試合後、ロバーツ監督は「皆さんが見た通りの内容だった。相手打者に果敢に挑み、常に攻撃的なピッチングをしてくれた」と称賛。「彼の持つ才能を発揮すればあのような素晴らしい結果になる」と賛辞の言葉を惜しまなかった。 2018、23年のサイヤング賞左腕のスネルは左ひじ遊離体の影響で5月12日から故障者リスト入り。その後はリハビリ、3Aでの登板と段階を踏んでメジャーの舞台に戻ってきた。指揮官は「私は選手たちのことをよく理解しているつもり。この試合に至るまでの会話を通じて、彼の言葉が本物だと感じていた。プレーオフのような緊張感を持って臨むという意識があったし、復帰への強い意欲も伝わってきた。彼の目つきが良かったし、何より身体的なコンディションの良さを本人も実感していた」と語った。,[],[]
仙台育英、花咲徳栄を撃破で3回戦進出　古川諒弥が5安打完封（サンケイスポーツ）,https://news.yahoo.co.jp/articles/c6e01291574a22b0120a442c7b88c13efbd06cba,https://newsatcl-pctr.c.yimg.jp/t/amd-img/20260812-00000107-sanspo-000-2-view.jpg?exp=10800,2026-08-12T15:47:10+09:00,2026-08-12T15:57:33+09:00,サンケイスポーツ,sanspo,サンケイスポーツ,294,先発の仙台育英・古川諒弥（撮影・市村奉紀） 第108回全国高校野球選手権大会第8日第2試合（12日、花咲徳栄0－1仙台育英、甲子園）32度目の出場の仙台育英は、花咲徳栄との投手戦に競り勝ち、3回戦進出を決めた。先発の古川諒弥投手（2年）は猛打の相手打線を封じ込め、5安打完封で勝利をつかんだ。 古川は初回、四球を出しながらも無失点で乗り切ると、二回、四回は三者凡退に抑える。五回には先頭に二塁打を許したものの後続を斬り、最後まで本塁への生還を許さなかった。 打線は六回、無死から相手失策で出塁すると、丹羽が中前打で好機を作り一、三塁とする。田山纏（3年）が左前適時打を放ち、均衡を破った。,[],[]
MLB　劇的サヨナラ打のマンシー「体調は少しずつ戻ってきている」　チームは8月初連勝「このまま前進し続けられれば」（サンケイスポーツ）,https://news.yahoo.co.jp/articles/39e59975be6b2e463e694fbf3a65bc22cbf23473,https://newsatcl-pctr.c.yimg.jp/t/amd-img/20260812-00000105-sanspo-000-1-view.jpg?exp=10800,2026-08-12T15:25:46+09:00,2026-08-12T15:25:46+09:00,サンケイスポーツ,sanspo,サンケイスポーツ,529,ドジャース・マンシー ドジャース5xー4ロイヤルズ＝延長十回タイブレーク（11日、ロサンゼルス）米大リーグ・ドジャースは劇的なサヨナラ勝利を収めた。延長十回1死満塁で中越えのサヨナラ打を放ったマックス・マンシー内野手（35）は「野球で難しいのは調子が良い時に浮かれすぎず、悪い時に落ち込みすぎないようにすること」と気を引き締めた。 チームは試合前時点で8月の月間成績が9戦で2勝7敗と大きく黒星が先行していた。この日の勝因を問われたマンシーは「全員が今日起きていることに再び集中し、前日の出来事を引きずらないようにしたこと。僕自身を含め、そうしてしまっていた選手が多くいたし、日々の結果や感情が重なっていくとプレーするのは難しくなる。ただ前に進み続けるしかない。それが僕たちにとって最も大きな改善点だった」と語った。 続けて自身の打撃の状態については「先週はメカニックが少し狂っていた。遠征後に少し体調を崩して体のキレも良くなかった。でも、それも長いシーズンの一部。時にはそういった状況とも戦い抜かなければならないし、先週の自分の結果が良くなかったのは確か。ただ、幸いにも体調は少しずつ戻ってきているので、このまま前進し続けられれば」とさらなる活躍を誓った。,[],[]
FRUITS ZIPPER真中まな、夏フェスは「朝から晩までなるべく楽しみ尽くして帰る」（サンケイスポーツ）,https://news.yahoo.co.jp/articles/3e0afd63bfecd6cc3cf4b51ca494a21846df940a,https://newsatcl-pctr.c.yimg.jp/t/amd-img/20260812-00000103-sanspo-000-1-view.jpg?exp=10800,2026-08-12T15:19:42+09:00,2026-08-12T15:19:42+09:00,サンケイスポーツ,sanspo,サンケイスポーツ,563,ボールプールを楽しむ真中＝東京・渋谷 人気グループ、FRUITS ZIPPERの真中まな（27）が12日、東京都内で行われた「KAWAII FRIENDS PUKA PUKA PARK」（25日まで）のオープニングイベントに登壇した。 大手エンターテインメント会社、アソビシステムのキャラクターたちと遊びながら、自然と学べる新感覚の体験型バルーンパーク。 来場客第1号として施設内のコンテンツを体験。販売されるカラフルなオリジナルフードやドリンクを試食し、「見た目だけじゃなくてしっかりおいしいです」と太鼓判を押した。 さらに、深さ60センチ、約4万個のボールを使用した幻想的なボールプールでは、約15人の子供たちと遊び、「映えですね」と笑顔。真中のサイン入りのボールを探すゲームなどで楽しんでいた。 同施設は夏休みに親子で遊べることにちなみ、夏の楽しみ方について聞かれ、「アイドルは夏が結構『命』というか、お仕事たくさんするぞっていうシーズン」と吐露。プライベートの時間は充分に取れないようだが、「その分、夏フェスのお仕事をいただいた時は、朝から晩までなるべく楽しみ尽くして帰る。フェス飯、ケータリングだったりとかももちろんめちゃくちゃ食べれるだけ食べるし、飲み物も飲めるだけ飲むし、絶対に食べ尽くして帰ります」と明かした。,[],[]
ロバーツ監督、守護神＆セットアッパー〝登板不可〟も8月初連勝にご満悦「他の選手が支えてくれた」『3強』熾烈なPSシード権争い（サンケイスポーツ）,https://news.yahoo.co.jp/articles/0dc7010d0d374011add8bb08dc8c48d5676e13a4,https://newsatcl-pctr.c.yimg.jp/t/amd-img/20260812-00000102-sanspo-000-3-view.jpg?exp=10800,2026-08-12T15:06:24+09:00,2026-08-12T15:45:22+09:00,サンケイスポーツ,sanspo,サンケイスポーツ,558,ドジャース・ロバーツ監督 ドジャース5x―4ロイヤルズ（11日、ロサンゼルス）米大リーグ、ドジャースの大谷翔平投手（32）は5打数無安打1得点で2試合ぶりの無安打。チームはタイブレークの延長十回にマンシーがサヨナラ適時打を放ち、8月初の2連勝を決め、4シリーズぶりの勝ち越しを決めた。 【写真】劇的サヨナラ打のマンシー「体調は少しずつ戻ってきている」 ロバーツ監督は満足げに試合を振り返り、「素晴らしかったと思う。本当に満足している。今夜も一度リードを手放してしまったけど、そこからまた反撃して、もう一度リードを奪い返したのは素晴らしかった」と打線を称賛。さらに「今日はエドウィン（ディアス）とスコットを使えない状況だった。そういう中で、他の選手たちが出てきてチームを支えてくれた」と登板過多だったセットアッパーの守護神の登板が難しい状況で競り勝った救援陣も称えた。 ドジャースはナ・リーグ西地区を独走するが、ポストシーズン（PS）のシード権争いで中地区首位のブルワーズと東地区首位のブレーブスと熾烈な争い。この日はブルワーズが敗れ、勝率・617、ブレーブスとドジャースが勝利し、勝率・600となった。PSは地区優勝の勝率上位2チームが地区シリーズからスタートで3番目のチームはワイルドカードシリーズで初戦を迎える。,[],[]
ベッツ、猛打賞＆19戦ぶり14号ソロ「しばらく打球を遠くに飛ばせていなかった」チームは8月初連勝「誰もパニックにはならなかった」（サンケイスポーツ）,https://news.yahoo.co.jp/articles/0f48801d2bd6a819e5b54cb69de25ef4c4ecfb0b,https://newsatcl-pctr.c.yimg.jp/t/amd-img/20260812-00000101-sanspo-000-3-view.jpg?exp=10800,2026-08-12T15:00:01+09:00,2026-08-12T15:15:43+09:00,サンケイスポーツ,sanspo,サンケイスポーツ,524,ドジャースのムーキー・ベッツ ドジャース5－4ロイヤルズ（11日、ロサンゼルス）米大リーグ・ドジャースは延長十回に劇的なサヨナラ勝ち。「6番・遊撃」で先発したムーキー・ベッツ内野手（33）は4打数3安打1本塁打2打点の活躍でチームの勝利に大きく貢献した。 【写真】大谷・山本・佐々木が主催した夕食会で記念撮影をするドジャースナイン 7月20日の敵地フィリーズ戦以来となる14号ソロに「しばらく打球を遠くに飛ばせていなかったので、まずはそれがうれしかった。それに、チームを勢いづけられたことも大きい」と胸を張った。 メジャー13年目の今季は打率2割台前半を推移し、試合前時点で13本塁打、36打点と不本意なシーズンが続いていたが、この日は打線の救世主となり「みんなの助けになれてうれしい」と白い歯をこぼした。 8月は試合前時点で9戦を終え、2勝7敗と苦しんでいた中でつかんだ勝利。8月初の連勝に「誰もパニックにはならなかったし、ルーチンを変えることも特別なことをしようともしなかった。みんな毎日球場に来てハードに練習し、勝利のためにできる限りのことをしている。時にはスランプに陥ることもある全員が本当によく耐えてやっている」とチームメートをたたえた。,[],[]
今のヤクルトに必要なことは何か　村上宗隆の言葉に感じる重み（サンケイスポーツ）,https://news.yahoo.co.jp/articles/e1c26740b8c102eb421105661392ef93983c5bda,https://newsatcl-pctr.c.yimg.jp/t/amd-img/20260812-00000099-sanspo-000-2-view.jpg?exp=10800,2026-08-12T15:00:00+09:00,2026-08-12T15:09:15+09:00,サンケイスポーツ,sanspo,サンケイスポーツ,1146,ヤクルト・池山隆寛監督 【球界ここだけの話】 開幕直後、セ・リーグを席巻していたのは間違いなくヤクルトだった。多くのプロ野球OBが「最下位予想」をする中、下馬評を覆す快進撃を見せ、首位に立った。最大貯金は「11」。巨人、阪神との三つどもえの戦いを繰り広げ、このままシーズン終盤まで優勝争いが続くかに思われた。 【写真】ニューヨーク紙デイリー・ニューズの1面を飾った村上宗隆 だが、6月の交流戦あたりから潮目が変わり、7月以降は失速。借金生活に入り、ついにはBクラスに転落した。池山隆寛監督（60）を始めとする首脳陣、若手中心の選手たちは日々奮闘していることは間違いない。悩み苦しみながら、何とか勝とうと必死になっている。それでも、なかなか歯車がかみ合わない。どうすればいいのか―。 今季、米大リーグでも下馬評をひっくり返して、シーズン終盤まで優勝争いをしているチームがある。村上宗隆内野手（26）が所属するホワイトソックスだ。昨季まで3年連続100敗以上を喫しており、直近3年Bクラスに沈んでいるヤクルトと同じような状況だった。さらに、若手中心のチームという部分も似ている。 他チームにはタイトルホルダーや実績十分の選手がいる中、ホワイトソックスは将来有望な選手が中核を担いながら、現在ア・リーグ中地区の首位に立つ。なぜなのか。7日（日本時間8日）のガーディアンズ戦に敗れ、今季初の4連敗を喫した後、村上が発した言葉に重みを感じ、どこか今のヤクルトに必要なマインドなのではないかと感じた。 「勝つ気持ちで臨みましたし、また明日も同じ気持ちでやることが一番大事だと思います。（今年のチームに）優勝した選手がいるかと言われたらそうじゃない選手が多いと思う。（負けても）悲観せず挑戦し続けることは常にどのチームでも大事なことだと思いますし、若いチームなので、勢いに乗ったらまた勢いのある試合ができると思っている。みんなが同じ方向を向いてるので」 つまりは、「勝利」というものへの価値観を共有し、同じ方向を向いて戦うことが大切だ、ということだ。村上はかねてホワイトソックスを「勝つ集団」と位置づけ「100％勝つことに対して同じ方向を向けている」と胸を張ってきた。 ヤクルトナインもそれぞれ直面している課題があり、好不調の波もあるだろう。だが、チーム単位で考えたときに全員で同じ方向を向いて気持ちを一つに進んでいくことは、勝利を目指すうえで何よりも重要だ。 一人一人が「勝つこと」への意識を高め、チーム全員同じレベルで共有すること。若いからこそ「自分が活躍したい」という思いが出て難しいかもしれないが、若いからこそまとまれば再び勢いに乗ることもできる。まだ、ヤクルトの戦いは終わっていない。（赤尾裕希）,[],[]
8月からロス五輪の出場権をかけた戦いが本格化　第1号はどの競技か（サンケイスポーツ）,https://news.yahoo.co.jp/articles/6c313c06d936b63255592c77d65b6a1ea7fba81f,https://newsatcl-pctr.c.yimg.jp/t/amd-img/20260812-00000100-sanspo-000-1-view.jpg?exp=10800,2026-08-12T15:00:00+09:00,2026-08-12T15:00:00+09:00,サンケイスポーツ,sanspo,サンケイスポーツ,745,左から初老ジャパンの大岩義明、田中利幸、北島隆三、戸本一真 【スポーツ記者コラム】 2028年ロサンゼルス五輪まであと2年を切った。8月からは各競技で五輪出場権をかけた戦いが本格化する。日本勢の出場決定第1号となりえるのが、今月中旬にいずれもドイツで世界選手権が行われる馬術（11日開幕、アーヘン）、新体操（12日開幕、フランクフルト）、そしてロス五輪から新種目として採用されたフラッグフットボール（13日開幕、デュッセルドルフ）の3種目だ。 それぞれの出場権獲得への道はこうだ。馬術は馬場馬術、障害馬術、総合馬術の3種目でそれぞれ、開催国の米国を除いた上位7チーム（馬場馬術は6チーム）以内。新体操は個人総合、団体総合が行われ、それぞれ3位以内。フラッグフットボールは男女ともに米国を除く上位2チームに入ることが、ロス行きへの条件なる。 馬術では総合馬術の代表に北島隆三、田中利幸（ともに乗馬クラブクレイン）がエントリー。パリ五輪の同種目で銅メダルを獲得した〝初老ジャパン〟の2人に期待がかかる。新体操の〝フェアリージャパン〟はパリ五輪は出場を逃したが、昨年8月の世界選手権では日本史上初の金メダルを獲得した。フラッグフットボールは男子が世界ランキング7位、女子が同5位。男子日本代表主将の植松遼平が「歴史の1ページを作るタイミング」と意気込むように初出場、そしてメダル獲得への思いは強い。 その後は優勝すれば五輪出場が決まる男女バレーボールのアジア選手権も開催。そして9月中旬に開幕する愛知・名古屋アジア大会でもサーフィンなどが五輪予選を兼ねており、続々と出場権を獲得する競技が出てきそう。予選や出場権獲得の話題が増えることで、徐々にロス五輪への機運も高まっていくだろう。（山下幸志朗）,[],[]
復帰登板で6回1失点10Kのスネル「まだ余力がある」6回到達は〝必達〟ノルマ「デーブに伝えていたから…」直球最速は157キロ（サンケイスポーツ）,https://news.yahoo.co.jp/articles/48b006c5cb99edb8894917550e217c9f271735c6,https://newsatcl-pctr.c.yimg.jp/t/amd-img/20260812-00000097-sanspo-000-3-view.jpg?exp=10800,2026-08-12T14:36:37+09:00,2026-08-12T14:58:36+09:00,サンケイスポーツ,sanspo,サンケイスポーツ,630,先発したドジャースのブレイク・スネル＝米ロサンゼルスのドジャースタジアム（撮影・佐藤徳昭） ドジャース5－4ロイヤルズ（11日、ロサンゼルス）米大リーグ・ドジャースは延長十回に劇的なサヨナラ勝ち。5月9日以来となる復帰登板に臨んだスネルは6回3安打1失点10奪三振の好投でゲームを作った。 【画像】大谷＆山本の重箱弁当を食べる様子を、球団公式カメラマンのインスタで公開 2018、23年のサイヤング賞左腕は左ひじ遊離体の影響で5月12日から故障者リスト入り。その後はリハビリ、3Aでの登板と段階を踏んでメジャーの舞台に戻ってきた。この日の投球について「一番大きかったのは攻撃的な姿勢を保ち、ストライクゾーン内で勝負できたこと。自分の球の力を信じているので、コーナーを突きすぎたり、フォームを意識しすぎたりするような投球はしたくなかった」と確かな手ごたえを口にした。 直球の最速は97.6マイル（約157キロ）を計測し、初回の三者連続を含む10奪三振。「初回を三者三振で抑えられたのも良かったが、何より良いテンポと球速を維持し、強く投げ続けられたことが重要だった。6回を投げてまだ余力があると感じられたので、これからが楽しみ」と完全復活を予感させた。 「実は今日は最初から6回まで投げるつもりだった」と明かしたスネルは「デーブ（ロバーツ監督）に事前に『6回まで行くよ』とテキストメッセージで伝えていたから、計画通りに実行できて本当に良かった」と胸をなでおろした。,[],[]
岸谷五朗「エンターテインメントの匂いがプンプン」旗揚げ公演「ジャコメッティのように」大阪で13日開幕（サンケイスポーツ）,https://news.yahoo.co.jp/articles/e33c17f55bb099e9ff5ba65786e91b544fc24f17,https://newsatcl-pctr.c.yimg.jp/t/amd-img/20260812-00000096-sanspo-000-1-view.jpg?exp=10800,2026-08-12T14:27:51+09:00,2026-08-12T14:27:51+09:00,サンケイスポーツ,sanspo,サンケイスポーツ,866,旗揚げ公演「ジャコメッティのように」のポスターを前に笑顔を見せる岸谷五朗 俳優、岸谷五朗（61）が12日、大阪市福島区のABCホールで取材会に出席し、自身が作・演出を手がける新たな演劇プロジェクト「PRIME VINsTAGE（プライム ヴィンテージ）」の旗揚げ公演となる舞台「ジャコメッティのように」（13～20日、同所）の見どころなどを語った。 同作には岸谷をはじめ、渡部豪太（40）、純名里沙（55）らが出演する。岸谷が描くオリジナルストーリーで、スイスの彫刻家、アルベルト・ジャコメッティ（岸谷）と妻アネット（純名）、日本人哲学者の矢内原伊作（渡部）の数奇な関係を軸にした人間讃歌。1960年頃と2006年が交錯する。 「PRIME VINsTAGE」は、「地球ゴージャス」に続く新プロジェクトで、小劇場から世界を目指す。18歳で劇団に入った岸谷にとって小劇場は原点であり、「一番恩返しをしないといけない小劇場を置いていく現状が続いていた。60歳を過ぎたら、もういっちょカンパニーを作ってやろう」と旗揚げの理由を明かした。 ジャコメッティは、母親の影響で親しんできた思い入れの強い芸術家。脚本執筆にあたって関連書籍を10冊以上読み込み、地球ゴージャスや米ブロードウェイ観劇で得た経験も注ぎ込んだ。「派手なダンスの群舞があるわけではないですが、おそらくエンターテインメントの匂いがプンプンすると思います」とアピールした。 観客との距離が近い小劇場作品ならではの演出として、舞台の左右両端に5席ずつ、計10席の客席を設けた。セットのパネルには、自宅でためた段ボールも使い、「よく見るとうちの住所が載っているんです」と笑った。手作りの舞台を「愛おしい作品、ステージになりました」と表現した。 先行した東京公演では、出演者と観客の間に生まれる緊張感を実感。「大劇場とはまったく違う。つばを飲む音も聞こえるような緊迫感がある。この緊張感はとても大切。地球ゴージャスの大きい劇場を知っている方にも体感していただきたい」と熱く呼びかけた。,[],[]
ドジャースが二夜連続の〝悪夢〟断ち切り、劇的サヨナラ勝利！　延長十回にマンシーが殊勲打、大谷は5打数無安打　救援陣には課題も（サンケイスポーツ）,https://news.yahoo.co.jp/articles/ff422392924bfc18ad1e8786f9bcf51cb52d881a,https://newsatcl-pctr.c.yimg.jp/t/amd-img/20260812-00000094-sanspo-000-2-view.jpg?exp=10800,2026-08-12T14:11:53+09:00,2026-08-12T14:31:13+09:00,サンケイスポーツ,sanspo,サンケイスポーツ,623,ドジャース・マンシー ドジャース5－4ロイヤルズ（11日、ロサンゼルス）米大リーグ・ドジャースは延長十回に劇的なサヨナラ勝ち。1死満塁でマンシーが中越えのサヨナラ打を放った。「1番・DH」で先発した大谷翔平投手（32）は5打数無安打だった。 【写真】スクバル、山本由伸の独自トレ興味津々「自分に合えば取り入れたい」 この日は左ひじ遊離体の影響で5月12日から故障者リスト入りしていたスネルが復帰登板。2018、23年のサイヤング賞左腕は四回にペレスの犠飛で1点を失うも、それ以外の場面はロイヤルズ打線を支配。直球の最速97.6マイル（約157キロ）を記録し、6回3安打1失点10奪三振。今季初白星とはならなかったが、今後の好投にも期待を抱かせる内容だった。 1－1の七回にベッツの二塁打、コール、T・ヘルナンデスの適時二塁打と3本の二塁打で2点を奪い、勝ち越しに成功するも、3－1の八回にまさかの3失点で逆転を許した。3－3の1死一、二塁で中飛を捕球した中堅のパヘスが、グラブから利き手である右手に移し替える際にボールを落球。この間に二塁走者は一気に本塁へと生還し、ロ軍に勝ち越しを許した。まさかの展開に場内のファンは沈黙するしかなかった。昨夜の同カードでも5－3の七回に2点を失っており、二夜連続で七回以降に2点差を追いつかれた。 直後にベッツの適時打で追いつくと、延長十回にはマンシーに勝利を決める一打が飛び出してサヨナラ勝利で2連勝とした。,[],[]
【3歳以上次走報】リラボニートは京成杯AHへ（サンケイスポーツ）,https://news.yahoo.co.jp/articles/3e43d54cdc1e9c2b70f5979812f1538276de4c64,https://newsatcl-pctr.c.yimg.jp/t/amd-img/20260812-00000092-sanspo-000-1-view.jpg?exp=10800,2026-08-12T14:08:00+09:00,2026-08-12T14:08:00+09:00,サンケイスポーツ,sanspo,サンケイスポーツ,61,リラボニート ★クイーンS7着リラボニート（栗・須貝、牝5）は、京成杯AH（9月5日、中山、GⅢ、芝1600メートル）へ。,[],[]
【2歳次走報】新馬戦Vのドラゴンバルドは紫菊賞を視野（サンケイスポーツ）,https://news.yahoo.co.jp/articles/5c736eb1cb6341ce8895d76878b4a9dfbab6e921,https://newsatcl-pctr.c.yimg.jp/t/amd-img/20260812-00000091-sanspo-000-1-view.jpg?exp=10800,2026-08-12T14:05:31+09:00,2026-08-12T14:05:31+09:00,サンケイスポーツ,sanspo,サンケイスポーツ,84,ドラゴンバルド ★9日中京の新馬戦（芝2000メートル）を勝ったドラゴンバルド（栗・福永、牡）は、紫菊賞（10月10日、京都、1勝、芝2000メートル）を視野に入れる。,[],[]
FA人的補償制度、今オフの廃止は見送りへ「今までのルールと比べても…」（サンケイスポーツ）,https://news.yahoo.co.jp/articles/b0e024d4a01fa4ee9872cea93fce7263ea1f924d,https://newsatcl-pctr.c.yimg.jp/t/amd-img/20260812-00000089-sanspo-000-4-view.jpg?exp=10800,2026-08-12T13:49:50+09:00,2026-08-12T17:38:36+09:00,サンケイスポーツ,sanspo,サンケイスポーツ,409,プロ野球選手会の近藤健介会長 日本プロ野球選手会（会長＝ソフトバンク・近藤健介）と日本野球機構（NPB）は12日、東京都内で事務折衝を行い、FA（フリーエージェント）権を行使した選手の国内移籍に伴う「人的補償制度」について協議し、今季からの廃止は見送られることになった。 【写真】イチローが「化け物」と評価した巨人の選手 選手会の加藤諭事務局次長は「今シーズンからスタートするのは難しいと伝えさせてもらった。進めていかないといけないので、早めに決められるように継続して話をしていければ」と説明した。 FA移籍の補償の人的補償の代替案として、NPBからはドラフトの指名権譲渡、もしくは金銭補償のみの2択とすることを正式に提示されていた。しかし加藤事務局長は「今までのルールと比べても、移籍のハードルになっているのが大きいという印象はある」と、代替案では移籍の活性化にはつながらず、選手が手を上げにくいとの見立てを示した。,[],[]
【新潟2歳S　1週前追い切り】同舞台で新馬Vのトウシンマジックはウッドでしっかり負荷　秋本師「息遣いも問題なかった」（サンケイスポーツ）,https://news.yahoo.co.jp/articles/86126acadc69b3fa0b0ad28e61757ab5107f0c16,https://newsatcl-pctr.c.yimg.jp/t/amd-img/20260812-00000088-sanspo-000-1-view.jpg?exp=10800,2026-08-12T13:48:12+09:00,2026-08-12T13:48:12+09:00,サンケイスポーツ,sanspo,サンケイスポーツ,216,ウッドでしっかり負荷をかけたトウシンマジック 《美浦》7月26日新潟の新馬戦（芝1600メートル）を勝ったトウシンマジック（秋本、牡）は、Wコース3頭縦列の最後方から直線で内に併せて6ハロン81秒2－11秒6をマークした。「最後は追いつかなかったが、1週前なのでしっかりと負荷をかけました。息遣いも問題なかった。新潟の外回りは合っていますね。来週はさらっとやる程度で十分だと思います」と今年3月の開業から重賞初挑戦となる秋本調教師。,[],[]
【新潟2歳S　1週前追い切り】エフフォーリア産駒インカルナータは坂路で順調　西園師「パワーアップしている」（サンケイスポーツ）,https://news.yahoo.co.jp/articles/c41181dae3567ee4520544d4bdf6fcc12533efbd,https://newsatcl-pctr.c.yimg.jp/t/amd-img/20260812-00000087-sanspo-000-1-view.jpg?exp=10800,2026-08-12T13:48:08+09:00,2026-08-12T13:48:08+09:00,サンケイスポーツ,sanspo,サンケイスポーツ,399,坂路で叩き一杯に追われたインカルナータ 《栗東》6月14日阪神の新馬戦（芝1800メートル）を逃げ切ったインカルナータ（西園、牡）は、坂路を単走。叩き一杯に追われて、4ハロン53秒0－12秒6にまとめた。西園調教師は「前走後はここを目標に。きょうは1週前なのでしっかりやりました。前回と比べて馬もパワーアップしていて、馬体自体も大きくなっています。順調に成長しています」と目を細める。 6月21日阪神の新馬戦（芝1600メートル）を制したトップチェッカー（武英、牡）は、高倉騎手（レースは北村友騎手）を背に、坂路を4ハロン54秒5－12秒5。併せたジューンセクレタ（1勝）と馬なりで併入した。武英調教師は「指示通りの調教でした。相手も動く馬でしたし、いい動きだったと思います。ちょっと気難しい面が出ているので、そこが競馬に行ってどうか。走り出したら大丈夫なんですけどね」と精神面をポイントに挙げた。,[],[]
若槻千夏、映画「マイケル」に夢中　各所で魅力を発信「4番組ぐらいで喋りました」（サンケイスポーツ）,https://news.yahoo.co.jp/articles/8399d0642e4ecda67c444f9ab88b43225608a693,https://newsatcl-pctr.c.yimg.jp/t/amd-img/20260812-00000095-sanspo-000-1-view.jpg?exp=10800,2026-08-12T13:40:38+09:00,2026-08-12T13:40:38+09:00,サンケイスポーツ,sanspo,サンケイスポーツ,686,映画「マイケル」のイベントに登壇した若槻（左）、永尾＝東京・新宿 タレント、若槻千夏（42）と子役、永尾柚乃（9）が12日、東京都内で行われた映画「Michael／マイケル」の「大ヒット御礼！お盆！真夏のスリラーイベント」にサプライズ登場した。 伝説の“キング・オブ・ポップ”マイケル・ジャクソンが、ソロアーティストとして世界最高峰のエンターテイナーへと駆け上がっていく軌跡を描いた同作は、伝記映画史上初めて世界興収10億ドルを突破。日本興行収入も70億円を超えている。 この日は30回以上鑑賞した観客もいるなど、“追いマイケル”を楽しむファンが集結。会場にはコスプレをした観客も多く、2人も映画仕様の衣装で登場し、若槻は「日本で一番盛り上がってるんじゃないですか」と興奮気味。2カ月前に同作を鑑賞して以来、すっかり魅了され、各所で作品の魅力を発信しているといい、「会う芸能人、みんなに収録前に『マイケル見て！』って必ず言うようにしていて。もう4番組ぐらいで喋りました」と明かした。 2016年生まれの永尾も「もうやっぱり音楽とダンスが素晴らしい。『息をのむ』って言うじゃないですか。100万回息をのみました」と絶賛した。 イベントでは、2人が観客とともに代表曲「スリラー」のダンスを披露。その場で振り入れをしたにもかかわらず、完璧に踊る永尾に、若槻は「柚乃ちゃんがすごい！」と感服していた。なんとか踊り切り、「今まで来たイベントの中で一番一つになれたんじゃないか。引き続き、私は宣伝隊長として『マイケル』の良さを皆さんとともに紹介していけたらなと思います」と意気込んだ。,[],[]
ドジャース、あぁ…救援陣粘れず　パヘスの落球も絡んで逆転許す、本拠地沈黙　二夜連続で七回以降に2点差追いつかれる（サンケイスポーツ）,https://news.yahoo.co.jp/articles/49cdd4459edaf63820286fd88d278bff770b6644,https://newsatcl-pctr.c.yimg.jp/t/amd-img/20260812-00000082-sanspo-000-2-view.jpg?exp=10800,2026-08-12T13:38:05+09:00,2026-08-12T13:43:35+09:00,サンケイスポーツ,sanspo,サンケイスポーツ,312,ドジャース・パヘス ドジャース－ロイヤルズ（11日、ロサンゼルス）米大リーグ、ドジャースは3－1の八回にまさかの3失点で逆転を許した。昨夜の同カードでも5－3の七回に2点を失っており、二夜連続で七回以降に2点差を追いつかれた。 【写真】ドジャース・スネルの復帰登板は6回10K1失点 3番手のフィリップスが1死から四球と3連打を浴びて2点を失うと、なおも1死一、二塁で後を継いだ4番手のドライヤーが中飛を打たれた。 中堅のパヘスが打球を難なく捕球するも、グラブから利き手である右手に移し替える際にボールを落球。この間に二塁走者は一気に本塁へと生還し、ロ軍に勝ち越しを許した。まさかの展開に場内のファンは沈黙するしかなかった。,[],[]
【札幌記念　追い切り】ショウヘイが躍動感あふれる動き披露　花田助手「洋芝は大丈夫そう」（サンケイスポーツ）,https://news.yahoo.co.jp/articles/9b05a35f53d4bb1a22481ee0e93829448720796e,https://newsatcl-pctr.c.yimg.jp/t/amd-img/20260812-00000080-sanspo-000-1-view.jpg?exp=10800,2026-08-12T13:18:24+09:00,2026-08-12T13:18:24+09:00,サンケイスポーツ,sanspo,サンケイスポーツ,274,ショウヘイが躍動感あふれる最終追い切りを披露した 大阪杯10着からの巻き返しを期すショウヘイは、函館芝コースを軽やかに駆け抜けた。4ハロン54秒5－39秒8－11秒5を馬なりで計時。シャープな脚取りで、躍動感あふれる最終追い切りを披露した。 花田助手は「前半はセーブ気味にしまいを伸ばせればと思っていました。ゴールしてからグッと伸びていく感じがあったのでそのあたりはコースが小回りのぶんですかね。調教で乗った感じでは、洋芝は大丈夫そうでした。しっかりと仕上げているので、もう1回、輸送がありますし、体を減らさないように調整しています」と力を込めた。,[],[]
ドジャース、スネルの復帰登板は6回10K1失点　白星はならずも…二塁打3本で一気に勝ち越し　つながり見せた打線に場内大歓声（サンケイスポーツ）,https://news.yahoo.co.jp/articles/33e182abf10a8107ba98f02f327c051fbf1fc424,https://newsatcl-pctr.c.yimg.jp/t/amd-img/20260812-00000079-sanspo-000-3-view.jpg?exp=10800,2026-08-12T13:17:24+09:00,2026-08-12T13:39:08+09:00,サンケイスポーツ,sanspo,サンケイスポーツ,330,ドジャース・スネル ドジャース－ロイヤルズ（11日、ロサンゼルス）米大リーグ・ドジャースは1－1の七回にベッツの二塁打、コール、T・ヘルナンデスの適時二塁打と3本の二塁打で2点を奪い、勝ち越しに成功。勝負所でつながりを見せた打線に場内のファンからは大きな歓声が送られた。 【写真】佐々木朗希、先発ローテ生き残りに自信 この日は左ひじ遊離体の影響で5月12日から故障者リスト入りしていたスネルが復帰登板。2018、23年のサイヤング賞左腕は四回にペレスの犠飛で1点を失うも、それ以外の場面ではロイヤルズ打線を支配。直球の最速97.6マイル（約157キロ）を記録し、6回3安打1失点10奪三振。今季初白星とはならなかったが、今後の好投にも期待を抱かせる内容だった。,[],[]
【札幌記念　追い切り】アドマイヤテラは軽めの内容も好気配　岩崎毅助手「動きはいつも通り」（サンケイスポーツ）,https://news.yahoo.co.jp/articles/c0999403cd780d38014c29e35ed50320b3301b9a,https://newsatcl-pctr.c.yimg.jp/t/amd-img/20260812-00000078-sanspo-000-2-view.jpg?exp=10800,2026-08-12T13:10:26+09:00,2026-08-12T21:56:08+09:00,サンケイスポーツ,sanspo,サンケイスポーツ,284,気配の良さを漂わせたアドマイヤテラ 前走の天皇賞・春でも3着に好走したアドマイヤテラは、函館芝コースで単走。最後まで馬なりのまま余力十分に5ハロン68秒2－51秒9－38秒5─11秒6をマーク。軽めの内容ではあったものの、パワフルに駆け、気配の良さを漂わせた。 岩崎毅助手は「動き自体はいつも通り。1頭だったのでゴール後、少しフワッとしましたが、阪神大賞典（1着）もそうでしたからね。無駄肉がなく、いかにも長距離ランナーという感じ」と納得の表情を浮かべる。今秋は、凱旋門賞（10月4日、パリロンシャン、GⅠ、芝2400メートル）への挑戦を予定。札幌から世界へ羽ばたく。,[],[]
阪神・村上頌樹、7月度月間MVP受賞　4戦で防御率1・00と圧巻（サンケイスポーツ）,https://news.yahoo.co.jp/articles/64d8014f8ba5e04e556de8f190d9bb7b44f9d658,https://newsatcl-pctr.c.yimg.jp/t/amd-img/20260812-00000077-sanspo-000-5-view.jpg?exp=10800,2026-08-12T13:00:00+09:00,2026-08-12T13:22:46+09:00,サンケイスポーツ,sanspo,サンケイスポーツ,735,7月度の「大樹生命月間MVP賞」を受賞した阪神・村上頌樹（撮影・根本成） 阪神・村上頌樹投手（28）が12日、7月度の「大樹生命月間MVP賞」のセ・リーグ投手部門に選出された。昨年の5月度以来、自身3度目の受賞となった。 【写真】ヒーローインタビューに登場した阪神・村上頌樹 「取れると思ってなかったので、まずは本当にうれしいなと思います。粘り強くいけた試合もあったので、そこらへんが評価していただいたのかなと思います」 7月は4試合に先発して2勝0敗、防御率1・00と圧巻の成績をマーク。特に印象深いゲームとして、6安打完封勝利を飾った26日の巨人戦（甲子園）を挙げ、「チームが連敗してるところでなんとか一つでも勝ってっていうところで、それが完封という形になってよかった」と振り返った。優勝争いを繰り広げる宿敵との一戦で、エースとしての真価を発揮してみせた。 同タイトルの投手部門は、6月度まで高橋遥人投手（30）が史上初となる開幕から3カ月連続で受賞しており、村上が続いて阪神勢が4カ月連続で独占となった。「（高橋）遥人さんがあれだけ獲っていたので獲りたいなと。あれだけいいピッチングをしてたら、やっぱりみんな『自分もいいピッチングをしたい』という風になっている」。才木も含めた3本柱が支える虎の強力投手陣が最高の相乗効果を生んでいる。 8月11日の巨人戦（東京ドーム）でも8回1失点で9勝目を挙げた。終盤に差し掛かるペナント争いに向けて、選手会長も務める背番号41は「（巨人と）いい関係でできているんじゃないかなと思いますし。連覇するということはなかなか厳しいということを今実感しているので、もっともっと団結して後半戦やっていけたらいいなと思います」と力を込めた。,[],[]
DeNA・牧秀悟、7月月間MVP　リーグ最多10本塁打「自信になる1カ月だった」（サンケイスポーツ）,https://news.yahoo.co.jp/articles/5782fd788c6448acab2061f5efa9f08a1b8cfc83,https://newsatcl-pctr.c.yimg.jp/t/amd-img/20260812-00000076-sanspo-000-1-view.jpg?exp=10800,2026-08-12T13:00:00+09:00,2026-08-12T13:00:00+09:00,サンケイスポーツ,sanspo,サンケイスポーツ,504,DeNA・牧秀悟 DeNA・牧秀悟内野手（28）が12日、セ・リーグの打者部門で7月の月間MVP賞に輝いた。昨年5月以来5度目の受賞。「すごくうれしい。自分の中で自信になる1カ月だった」と胸を張った。 7月は21試合でリーグ最多の10本塁打を放ち、打率・268、17打点だった。4月下旬に脚を負傷し、戦列復帰に約40日を要した。離脱期間に打撃を鍛え直し「試合で生かせたのが一番。今までファウルになっていたものがホームランになったりとか、そういう打球が増えた」と好成績の要因を語った。 7月の印象的な本塁打を問われると、7日の中日戦でマラーから打った左翼ポール直撃の10号と22日の阪神戦で高橋から放った左翼ポール際への16号を挙げた。いずれも左投手の内角のカットボールを捉え「今までだったらファウルになったりする打球。新しい感覚だった。こんな打ち方ができるんだというのが芽生えた」と振り返った。 7月から上り調子のチームを導いており「Aクラスに入ることが目標じゃない。優勝を目指してやっている。7、8月とすごくいい戦い方ができていると思うので、引き続き1試合ごとに先を見ずやっていきたい」と表情を引き締めた。,[],[]
村上宗隆が語る睡眠の重要性「体の回復にも集中力にも関わる」　8時間以上はマスト（サンケイスポーツ）,https://news.yahoo.co.jp/articles/ff76e1951ae6bb8363b5fde68f7e4e69f9d8224c,https://newsatcl-pctr.c.yimg.jp/t/amd-img/20260812-00000075-sanspo-000-1-view.jpg?exp=10800,2026-08-12T12:58:28+09:00,2026-08-12T12:58:28+09:00,サンケイスポーツ,sanspo,サンケイスポーツ,754,ホワイトソックス・村上宗隆 【シカゴ（米イリノイ州）11日（日本時間12日）＝赤尾裕希】「寝る子は育つ」とはよく言ったもので、人間にとって睡眠とはとても大切なものだ。米大リーグ、ホワイトソックス・村上宗隆内野手（26）も実感を込めて、睡眠の重要性を口にした。 「睡眠は本当に重要。回復もそうだし、集中力にも関わってくる」 ハードな日程をこなすメジャーリーガーにとって、体の回復は何よりも重要だ。疲労をなるべく取り除き、次の試合に備えることで高いパフォーマンスを維持できる。また、前頭葉の機能が低下されるのを防ぐことで、一瞬の判断力が求められるスポーツの世界において、高い集中力を維持することが可能になる。 米大リーグのレギュラーシーズンは162試合。日本のプロ野球（NPB）の143試合から約20試合多い、という単純な話ではない。ほぼNPBと同時期に始まり、同時期に終わるわけだから純粋に休みが少ない。日本よりは少ないが、悪天候などで中止となってしまった場合はより過密日程になってくる。ホワイトソックスも6月11日（日本時間同12日）にホームのブレーブス戦が中止となり、8月20日（同21日）に組み込まれたことで、この日のレッズ戦から16連戦がスタートした。 さらに、移動は距離や時差のことを考えても日本より大変なのは当然。8月6日（同7日）には、ボストン（米マサチューセッツ州）でのナイターゲームで、レッドソックスと延長十三回を戦った後に、チャーター機でシカゴに移動。空港に到着したのは翌日午前3時頃だったという。 どんな日でも「8時間以上は絶対に寝るようにしている」と村上。寝ることによって心身の状態を回復させ、次の試合に臨む。睡眠への高い意識もまた、メジャー1年目から好成績を残せている要因なのだろう。,[],[]
【札幌記念　追い切り】グランディアは芝で納得の動き　片山助手「すごく良かった前走に近い状態」（サンケイスポーツ）,https://news.yahoo.co.jp/articles/e31ac3ec2ec9ee112934bdd5b7bc091d60285c29,https://newsatcl-pctr.c.yimg.jp/t/amd-img/20260812-00000068-sanspo-000-1-view.jpg?exp=10800,2026-08-12T11:54:43+09:00,2026-08-12T11:54:43+09:00,サンケイスポーツ,sanspo,サンケイスポーツ,256,芝コースを颯爽と駆け抜けたグランディア 新潟大賞典から重賞連勝を狙うグランディアは札幌芝コースを馬なりで5ハロン68秒9―53秒4―38秒5―12秒5。直線で物見したが、ゴール板を過ぎてからもスピードを大きく落とさず、向こう正面も颯爽と駆け抜けた。 片山助手は「先週に結構動かしているので、集中して時計を出されるよりは余裕をかましてくれて良かったです。最後も肩ムチを入れて促したときにトモがグッと入ったので、これでいいというイメージ。すごく良かった前走に近い状態にはなってくると思います」と納得の表情を浮かべた。,[],[]
【中京記念　追い切り】カネラフィーナは坂路で余力を残し併入　石川騎手「モタれる面大丈夫でした」（サンケイスポーツ）,https://news.yahoo.co.jp/articles/1fe901113da604a28d6fbfb80b17f8d9b08c94da,https://newsatcl-pctr.c.yimg.jp/t/amd-img/20260812-00000067-sanspo-000-1-view.jpg?exp=10800,2026-08-12T11:54:39+09:00,2026-08-12T11:54:39+09:00,サンケイスポーツ,sanspo,サンケイスポーツ,205,坂路で余力十分に併入したカネラフィーナ（右） ジューンSを快勝して勢いに乗るカネラフィーナは、美浦坂路でコスモベスケーデン（2歳新馬）と併せて4ハロン57秒6－41秒9－26秒6－12秒7で手応えに余力を残して併入した。 石川騎手は「後ろから行ったぶん、予定より少し時計は遅かったが、馬場が重たいことを考えれば速くなりすぎるよりは良かったと思います。モタれる面も右に馬がいたので大丈夫でした」と順調さを伝えた。,[],[]
【中京記念　追い切り】ラヴァンダが坂路で活気十分の動き　中村師「順調なのが一番」（サンケイスポーツ）,https://news.yahoo.co.jp/articles/53788a81bee4fe71b25b120dcaeb2183c0722640,https://newsatcl-pctr.c.yimg.jp/t/amd-img/20260812-00000066-sanspo-000-1-view.jpg?exp=10800,2026-08-12T11:54:35+09:00,2026-08-12T11:54:35+09:00,サンケイスポーツ,sanspo,サンケイスポーツ,255,坂路で活気ある動きを披露したラヴァンダ 前走のヴィクトリアマイルは7着に終わったラヴァンダ。伸びずバテずの内容で、やや不完全燃焼の結果だったか。 最終追い切りは、栗東坂路コースでの単走。稽古駆けする馬らしく、前半から活気のある動きを披露した。4ハロン52秒5－37秒0－24秒2－12秒0をマークした。動きに関しては申し分ない。 「いつも通り、動きはいい。順調なのが一番だね。暑さも我慢できている。体調面は全く問題なさそうだ。中京のマイルは外枠に入りたくない」と中村調教師。2つ目の重賞制覇へ臨戦態勢は整った。,[],[]
【中京記念　追い切り】サトノシャイニングは久々も仕上がり良好　花田助手「休養前より落ち着きもある」（サンケイスポーツ）,https://news.yahoo.co.jp/articles/778289ad09b14adb2c69af1b8cd442a9351fb081,https://newsatcl-pctr.c.yimg.jp/t/amd-img/20260812-00000065-sanspo-000-1-view.jpg?exp=10800,2026-08-12T11:54:32+09:00,2026-08-12T11:54:32+09:00,サンケイスポーツ,sanspo,サンケイスポーツ,324,坂路でスムーズな加速を見せたサトノシャイニング 昨春のクラシック戦線で、皐月賞5着、ダービー4着の実績を誇るサトノシャイニングは、昨秋の毎日王冠以来10カ月半ぶりの実戦となる。 最終追い切りは栗東坂路コースでの単走。馬場の真ん中をスムーズに加速し、ラスト1ハロンで仕掛けられると、反応良く伸びて、4ハロン54秒9－39秒3－24秒9－12秒1。久々ながら、しっかり仕上がった印象だ。 「帰厩当初は久々感があったが、ひと追いごとに動きが良くなっている。1週前はリズム良く走れていたし、今週は折り合いを確認した。ラストは12秒1以上にいい動きだった。休養前より落ち着きもある」と花田助手は手応えを口にする。いきなり世代トップクラスの底力を見せつけるか。,[],[]
【中京記念　追い切り】ナムラコスモスがCWで併走馬を圧倒　大橋師「いい動き。体調は良さそう」（サンケイスポーツ）,https://news.yahoo.co.jp/articles/a92ff3a1141cc92de7371fd097ddc51943afc7ad,https://newsatcl-pctr.c.yimg.jp/t/amd-img/20260812-00000064-sanspo-000-1-view.jpg?exp=10800,2026-08-12T11:54:27+09:00,2026-08-12T11:54:27+09:00,サンケイスポーツ,sanspo,サンケイスポーツ,329,馬なりで併走馬を圧倒したナムラコスモス 桜花賞6着以来4カ月ぶりのナムラコスモスは、栗東CWコースで6～7馬身前を行くクリノセーラーマン（1勝）を追走する形で追われた。直線は内に入り、ラスト1ハロン付近で馬なりであっという間にかわした。6ハロン83秒3－67秒3－52秒1－37秒0－11秒3で1秒以上の差をつけてフィニッシュ。上々の仕上がりを見せつけた。 「先週、今週といい動き。前に馬を置いて、並ぶ間もなくかわし去ってくれた。体調は良さそう。春から見た目は変わらないが、年長馬と斤量差があるので、次のローズSにつながるレースをしてほしい」と大橋調教師。昨年も、52キロを生かして、3歳牝馬のマピュースが勝っており、2年連続で3歳牝馬の快走劇が見られるか。,[],[]
拓大紅陵・坂巻監督、亡き恩師に捧げる1勝も「『不細工な試合だな』と言われるかも」（サンケイスポーツ）,https://news.yahoo.co.jp/articles/6df96489acb5b7324e0d06fe18638e7d66b29650,https://newsatcl-pctr.c.yimg.jp/t/amd-img/20260812-00000063-sanspo-000-2-view.jpg?exp=10800,2026-08-12T11:51:27+09:00,2026-08-12T13:26:12+09:00,サンケイスポーツ,sanspo,サンケイスポーツ,527,グラウンドへ挨拶をする拓大紅陵・坂巻展行監督（撮影・市村奉紀） 第108回全国高校野球選手権大会第8日（12日、拓大紅陵1－0佐賀商、甲子園）甲子園初采配で34年ぶりの夏の甲子園勝利を挙げた拓大紅陵・坂巻展行監督（60）は「本当に厳しいゲームでした」と第一声。大きく安堵（あんど）の息をついた。 【写真】拓大紅陵先発の宮沢和聖 「小枝監督が見ていたら、『不細工な試合だな』と言われるかもしれない。私の采配ミスもあった」。小枝守（こえだ・まもる）氏（享年67）は拓大紅陵の監督として春夏通算9回の甲子園出場を果たし、1992年夏の甲子園では準優勝した名将だ。 坂巻監督は84年に故人のもとで同校の主将を務めて春夏連続で甲子園に出場した。「監督からは『ゲームの流れをしっかり先読みしなさい』とよく言われました」とした上で、「チーム作りで一番大事にしているのは感性。自分も子供たちも。そこは小枝野球を継承していると思います」と続けた。 マナーや礼儀作法などを説くミーティングも定期的に開催し、甲子園入り後もホテル宿舎でチーム全員で食事することから食事マナーについてのミーティングも行ったという。「社会に出て恥ずかしくない人間になれ、ということですね」と話した。,[],[]
GⅠ3連勝中の無敗馬ボウエコーが電撃引退　ジャックルマロワ賞に向けての調整中に故障（サンケイスポーツ）,https://news.yahoo.co.jp/articles/340ef1d96d2f5ad22c551177302aa9dcd384d7cf,https://newsatcl-pctr.c.yimg.jp/t/amd-img/20260812-00000062-sanspo-000-1-view.jpg?exp=10800,2026-08-12T11:36:47+09:00,2026-08-12T11:36:47+09:00,サンケイスポーツ,sanspo,サンケイスポーツ,643,サセックスSを制したボウエコー（手前） ©Goodwood Racecourse 今週末のジャックルマロワ賞に出走を予定していた英国の6戦6勝の無敗馬ボウエコー（G・ボーウィー厩舎、牡3、父ナイトオブサンダー）が、故障のため現役を引退することが発表された。調教中に左前肢の球節を負傷したためとされ、12日にジョージ・ボーウィー調教師のSNSおよび欧州主要メディアを通じて発表された。 ボウエコーは16日のジャックルマロワ賞（仏GⅠ）に向けて調教を進めており、本命候補として大注目の最中の電撃引退となった。デビューから6戦6勝で英2000ギニー、セントジェームズパレスS、サセックスSとGⅠを3連勝中だった。同一シーズンでの「英2000ギニー」「セントジェームズパレスS」「サセックスS」のマイルGⅠ・3連勝達成は、歴史上6頭目で、2011年のフランケル以来となる快挙だった。 ボーウィー調教師は「ボウエコーを管理できたことは生涯の誇りです。無敗のまま英2000ギニー、セントジェームズパレスS、サセックスSを制したことが、彼がいかに特別な競走馬であったかを物語っています」とコメント。全てのレースでコンビを組んだ20歳のビリー・ロクナン騎手は「夢にまで見た素晴らしい日々に導いてくれた信じられない名馬でした」と相棒に感謝した。 今後は英国のダルハムホールスタッドにて種牡馬入りする見込み。全勝のままターフを去り、今後は次世代へその血統（父ナイトオブサンダーをつなぐ期待が寄せられている。,[],[]
村上宗隆、連続試合出塁は「26」に更新もホワイトソックス3連勝ならず　ア・リーグ中地区首位変わらず　2位・タイガースと2差（サンケイスポーツ）,https://news.yahoo.co.jp/articles/487ae2c532de1e140714066c2b893e43e2139d21,https://newsatcl-pctr.c.yimg.jp/t/amd-img/20260812-00000058-sanspo-000-3-view.jpg?exp=10800,2026-08-12T11:32:45+09:00,2026-08-12T11:51:27+09:00,サンケイスポーツ,sanspo,サンケイスポーツ,359,ホワイトソックス・村上宗隆 ホワイトソックス4―5レッズ（11日、シカゴ＝赤尾裕希）米大リーグ、ホワイトソックス・村上宗隆内野手（26）が「2番・一塁」で先発出場し、4打数1安打だった。八回1死で右翼線二塁打を放ち、メジャー自己最長を更新する26試合連続出塁をマーク。だが、試合は延長十回の末に敗れて3連勝とはならなかった。 【写真】村上宗隆、大谷翔平「ムネ打ちました？」の〝真相〟明かす 大谷にしては非常に珍しい光景 終盤に追いつかれた。3点リードの八回にデラクルスらの適時打で同点に追いつかれると、延長十回にリリーフ左腕・ニューカムが再びデラクルスに決勝の中犠飛を打たれた。 ホワイトソックスは依然、ア・リーグ中地区首位の座を守っているが、2位・タイガースがガーディアンズに勝利したため、ゲーム差は「2」となった。,[],[]
ラッシング手術回避…今季中に捕手復帰の可能性　右肘靱帯に軽度損傷も安堵「すごく長く感じた」　送球リハビリ「慎重に進める」（サンケイスポーツ）,https://news.yahoo.co.jp/articles/e0a94b0610591b6b4cc295f9bf32ac4b1220cf13,https://newsatcl-pctr.c.yimg.jp/t/amd-img/20260812-00000056-sanspo-000-1-view.jpg?exp=10800,2026-08-12T11:20:16+09:00,2026-08-12T11:20:16+09:00,サンケイスポーツ,sanspo,サンケイスポーツ,505,ドジャース・ラッシング(撮影・横山尚杜) ドジャース－ロイヤルズ（ロサンゼルス）米大リーグ、ドジャースのダルトン・ラッシング捕手（25）が痛めている右肘について手術する必要がない状況にあると明かした。ラッシングは右肘靱帯に軽度損傷が認められ、ロバーツ監督は今季中に捕手として出場する可能性は低いと説明していた。 正捕手のスネルが6月上旬に離脱してから、その座を担ってきたラッシングは「（手術する必要がなく）良かった。けがをしてから、手術の選択肢を取らなくてもいいと分かるまで数日間あった。その数日間はすごく長く感じていた」と振り返り、「また前に進んでいけるし、状況についても少し理解が深まった。そして今季中にもう一度フィールドに戻って、捕手としてプレーできる可能性も出てきた」と捕手として復帰できる可能性もあるという。 打撃に関しては「問題ないと思う。スイングや打席内の動きには、それほど影響しない」とし、「ただ、送球に関しては、かなり慎重に進めていくことになる。復帰を急がせるようなことは絶対にないと思う。捕手として戻るときには完全な状態でプレーできるようにしたい」と時間をかけてリハビリを進めていくとした。,[],[]
村上宗隆、守備での好判断で反撃ムード止める　デラクルス生還も二塁ベースを回りすぎた走者をタッチアウトに（サンケイスポーツ）,https://news.yahoo.co.jp/articles/7de2ff967ed4b5ccbf9dc87d0b04c342bb0a75c8,https://newsatcl-pctr.c.yimg.jp/t/amd-img/20260812-00000054-sanspo-000-2-view.jpg?exp=10800,2026-08-12T11:16:24+09:00,2026-08-12T11:51:08+09:00,サンケイスポーツ,sanspo,サンケイスポーツ,451,ホワイトソックス・村上宗隆 ホワイトソックス―レッズ（11日、シカゴ＝赤尾裕希）米大リーグ、ホワイトソックス・村上宗隆内野手（26）が「2番・一塁」で先発出場した。バットでは八回1死に右翼線二塁打を放って26試合連続出塁をマーク。守っては、好判断でレッズの反撃ムードを止めた。 【写真】村上宗隆、大谷翔平「ムネ打ちました？」の〝真相〟明かす 大谷にしては非常に珍しい光景 八回表1死満塁の場面だった。4番・スティーブンソンの打球は右前への適時打に。右翼手のブレーデン・モンゴメリーからの中継に入った一塁手・村上は、二走からすでに三塁ベースを回っていた快足のデラクルスを本塁でアウトにするのではなく、二塁へ送球。一走から二塁ベースを勢い余って回っていたブルーデーをタッチアウトにした。 タイミングを考えても、本塁でタッチアウトにできる可能性は低い。デラクルスに生還を許して同点に追いつかれていたが、二塁でアウトにしなければ、1死一、二塁となっていただけに、2死一塁とできたのは村上の隠れた好プレーだった。,[],[]
【2歳次走報】新馬戦Vのコラリオンは秋の東京開催が目標（サンケイスポーツ）,https://news.yahoo.co.jp/articles/f359d03f06427fd9ddaf4fc9386aa44b81ad59f8,https://newsatcl-pctr.c.yimg.jp/t/amd-img/20260812-00000053-sanspo-000-1-view.jpg?exp=10800,2026-08-12T11:13:15+09:00,2026-08-12T11:13:15+09:00,サンケイスポーツ,sanspo,サンケイスポーツ,183,デビュー戦Vを決めたコラリオン ★8日新潟の新馬戦（芝1800メートル）を勝ったコラリオン（美・伊坂、牡）は、秋の東京開催を目標にする。アイビーS（10月17日、東京、L、芝1800メートル）や、百日草特別（11月8日、東京、1勝、芝2000メートル）などが選択肢になる。 ★新潟2歳Sに出走を予定のレッチュベルク（美・久保田、牡）は、田辺騎手とのコンビが決まった。,[],[]
【3歳以上次走報】関越Sを快勝したエストゥペンダはアイルランドTを視野（サンケイスポーツ）,https://news.yahoo.co.jp/articles/d4dd2ff5be2a12eb4b3c08ae960c3228efdf0cac,https://newsatcl-pctr.c.yimg.jp/t/amd-img/20260812-00000052-sanspo-000-1-view.jpg?exp=10800,2026-08-12T11:10:32+09:00,2026-08-12T11:10:32+09:00,サンケイスポーツ,sanspo,サンケイスポーツ,90,関越Sを快勝したエストゥペンダ ★関越Sを快勝したエストゥペンダ（美・高柳瑞、牝4）は、アイルランドトロフィー（10月11日、東京、GⅡ、芝1800メートル）を見据えて調整される。,[],[]
拓大紅陵、34年ぶり初戦突破　7回無失点の宮沢和聖「点数をつけると80点」（サンケイスポーツ）,https://news.yahoo.co.jp/articles/0d2272c5132147d6f00da35e21d19ffb6dbfbe43,https://newsatcl-pctr.c.yimg.jp/t/amd-img/20260812-00000051-sanspo-000-2-view.jpg?exp=10800,2026-08-12T11:03:27+09:00,2026-08-12T11:18:52+09:00,サンケイスポーツ,sanspo,サンケイスポーツ,410,拓大紅陵先発の宮沢和聖 第108回全国高校野球選手権大会第8日第1試合（12日、拓大紅陵1－0佐賀商、甲子園）24年ぶり6度目の出場の拓大紅陵（千葉）は佐賀商（佐賀）との投手戦を制し、3回戦進出を決めた。先発した宮沢和聖（とあ）投手（3年）は7回無失点の好投で34年ぶりの初戦突破に導いた。 一回は3つのアウトをすべて三振で奪う見事な立ち上がりを披露し、三回、四回は相手打線を三者凡退に抑えた。七回には味方の失策で1死二塁のピンチを背負う場面もあったが、後続を2連続の飛球に打ち取って切り抜けた。 7回3安打無失点で8個の三振を奪う力投に「自分で点数をつけると80点。コントロール良く投げられた」と納得の表情を見せた。しかし「ちょっとコントロールが荒れたり、打ち取る場面で3人で切り抜けられなかったところもあったので、そこが残りの20点」と課題も口にした。 3回戦では花咲徳栄（埼玉）と仙台育英（宮城）の勝者と対戦する。,[],[]
村上宗隆、右翼線二塁打で26試合連続出塁！　打球速度約156.9キロのハードヒット（サンケイスポーツ）,https://news.yahoo.co.jp/articles/642de41c444d89c533448629897fac970df86093,https://newsatcl-pctr.c.yimg.jp/t/amd-img/20260812-00000050-sanspo-000-2-view.jpg?exp=10800,2026-08-12T11:01:15+09:00,2026-08-12T11:50:51+09:00,サンケイスポーツ,sanspo,サンケイスポーツ,350,ホワイトソックス・村上宗隆 ホワイトソックス―レッズ（11日、シカゴ＝赤尾裕希）米大リーグ、ホワイトソックス・村上宗隆内野手（26）が「2番・一塁」で先発出場し、八回1死の第4打席に右翼線二塁打を放ってメジャー自己最長を更新する26試合連続出塁とした。 【写真】村上宗隆、大谷翔平「ムネ打ちました？」の〝真相〟明かす 大谷にしては非常に珍しい光景 リリーフ右腕、アントンが投じたスイーパーを見逃さなかった。1球目はカーブがボールとなり、2球目はカットボールがストライク判定。カウント1―1で迎えた3球目を振り抜いた。打球速度は97.5マイル（約156.9キロ）を計測。95マイル（約152.8キロ）以上の打球の割合を示すハードヒット率がメジャー屈指の村上が、またもハードヒットで自身の記録を伸ばした。,[],[]
鈴木誠也4年連続20号…大谷翔平、村上宗隆、岡本和真と20発カルテット爆誕　6戦ぶり一発に敵地騒然　中地区2位もWC争いトップ（サンケイスポーツ）,https://news.yahoo.co.jp/articles/60f368dc3154fc6939f64c730ee32ed69631772d,https://newsatcl-pctr.c.yimg.jp/t/amd-img/20260812-00000047-sanspo-000-1-view.jpg?exp=10800,2026-08-12T10:28:58+09:00,2026-08-12T10:28:58+09:00,サンケイスポーツ,sanspo,サンケイスポーツ,357,カブス・鈴木誠也 ナショナルズ－カブス（11日、ワシントン）米大リーグ、カブスの鈴木誠也外野手（31）がナショナルズ戦に「2番・右翼」で出場し、7―4の八回に中堅越えの20号ソロを放った。4年連続の到達で、敵地騒然となった。 今季の日本選手では大谷翔平（ドジャース）、村上宗隆（ホワイトソックス）、岡本和真（ブルージェイズ）に次ぐ4人目の到達。日本勢で既に過去最多の100本塁打を超えるアーチを放っている侍戦士が記録を更新し続けている。鈴木は6試合ぶり一発でシーズン換算27.2発ペースとなった。 カブスはこの日先発した今永昇太投手（32）が4回⅔で6安打4失点と5回を投げ切れなかったが、打線が着実に加点し、リードを広げている。中地区でブルワーズに5ゲーム差の2位だが、ワイルドカード争いではトップに立っている。,[],[]
拓大紅陵、接戦を制し初戦突破　宮沢和聖が7回無失点の好投（サンケイスポーツ）,https://news.yahoo.co.jp/articles/0e394a7241102030ecc7026c56b36bc5a299a6cf,https://newsatcl-pctr.c.yimg.jp/t/amd-img/20260812-00000046-sanspo-000-1-view.jpg?exp=10800,2026-08-12T09:56:28+09:00,2026-08-12T09:56:28+09:00,サンケイスポーツ,sanspo,サンケイスポーツ,351,拓大紅陵先発の宮沢和聖 第108回全国高校野球選手権大会第8日第1試合（12日、拓大紅陵1－0佐賀商、甲子園）24年ぶり6度目出場の拓大紅陵（千葉）が、1－0で佐賀商との緊迫した投手戦を制し、初戦突破を決めた。 拓大紅陵は、背番号「9」の宮沢和聖（とあ）外野手（3年）が先発のマウンドに上がると、一回は3つのアウト全てを三振で取る抜群の立ち上がりを披露。三回、四回は相手打線を三者凡退に斬るなど、的を絞らせない投球で翻弄し、7回3安打無失点で8個の三振を奪う力投だった。 援護したい打線は、相手先発の東條の前に序盤三回は無得点に抑えられるも、四回に1死一二塁から7番・阪本幹太内野手（3年）が左越え適時二塁打を放ち二走が生還。その後は、追加点とはならなかったが、この1点を守り切り3回戦へコマを進めた。,[],[]
大谷翔平、2日連続キャッチボール…4日間で3度　傾斜でシャドー、左膝負荷考慮で慎重確認　遠投最長60m、変化球も一通り投じる（サンケイスポーツ）,https://news.yahoo.co.jp/articles/f3095dc25fcedb0c69edeb5727b64951e99e079a,https://newsatcl-pctr.c.yimg.jp/t/amd-img/20260812-00000045-sanspo-000-2-view.jpg?exp=10800,2026-08-12T09:39:46+09:00,2026-08-12T11:53:51+09:00,サンケイスポーツ,sanspo,サンケイスポーツ,379,ドジャース・大谷翔平 ドジャース－ロイヤルズ（11日、ロサンゼルス）米大リーグ、ドジャースの大谷翔平投手（32）がロイヤルズ戦に「1番・DH」で出場する。試合前には投手リハビリの一環でキャッチボールをこなした。 【写真】デコピンを抱きかかえる大谷夫人の真美子さん 2日連続、4日間で3度目のスローイングでこの日は最長60日間まで距離を伸ばした。再開初日は約30メートル、10日は約40メートルだった。遠投後はバッテリー間の距離で直球だけでなくスイーパー、カーブ、スプリットなど持ち球の変化球も確認。キャッチボールを終えるとブルペンの傾斜を使ってシャドーピッチングをこなした。 傾斜を使った投球フォームは平地以上に左膝への負荷が大きいため、慎重に感覚を確かめる程度だった。7月22日にブルペン入りした際は左膝への違和感が再発し、2週間以上、投球を中断していた。,[],[]
【田辺裕信のゆる～い話】「馬7、人3」もいろいろな意味があるなぁと感じる（サンケイスポーツ）,https://news.yahoo.co.jp/articles/c7af124b3a50e2e615c58a7048a57ff3899e0c04,https://newsatcl-pctr.c.yimg.jp/t/amd-img/20260812-00000044-sanspo-000-1-view.jpg?exp=10800,2026-08-12T09:37:00+09:00,2026-08-12T09:37:00+09:00,サンケイスポーツ,sanspo,サンケイスポーツ,635,田辺裕信騎手 昔から競馬について「馬7、人3」と言われることがあります。これは馬の実力が7割であるのに対して、人間つまり騎手の技量が3割ということですが、僕自身は騎手になる前、7割の力でしか走らない馬たちを、残りの3割の力を引き出して、10割つまり100％の実力を出し切らせる意味だと思っていました。今はそれ以外にも、いろいろな意味があるなぁと感じるんですよね。 例えば少しズルいところがある馬ならば、少し動かしてあげればより能力を発揮できる部分もあるんですけど、それよりもペース配分を考えて制御するという部分が大事だという思いが強いですね。 スタートからゴールまでの間で、促したり、制御したり、あるいは息を入れたり、というようなことを指示しながら、100％の力を出し切れるように馬を導くことがわれわれ騎手の役目だと思っています。 馬はゴールをわかっていませんので、レースの中で、ペースに応じて流れに乗って、ゴール板を駆け抜ける瞬間まで脚がもつように促して、100％の力を引き出すというのが「人3」という部分なんじゃないかと思います。 最後の直線で追うことが能力発揮の証しという意見があります。100％の能力を追うことで120％にできるかといえば、無理があると思います。やはりスタートからいかにロスなく、リズムよく最後の直線を迎えられるかが大事。途中までに100％の力を出し切った馬は最後にバテてしまうので、それも騎手の技量が試されます。（JRA騎手） ※隔週水曜日掲載,[],[]
【POG調査隊】千葉セリで9900万円のリズムオブサンダーは8月23日の札幌でデビュー予定（サンケイスポーツ）,https://news.yahoo.co.jp/articles/8c14966cd0871e16783e1391357119ed74019876,https://newsatcl-pctr.c.yimg.jp/t/amd-img/default.jpg?exp=10800,2026-08-12T09:11:00+09:00,2026-08-12T09:11:00+09:00,サンケイスポーツ,sanspo,サンケイスポーツ,230,リズムオブサンダー（栗・須貝、牡、父サンダースノー、母タケショウメーカー）は、今年5月の千葉サラブレッドセールにおいて9900万円（税込）で落札された。23日札幌の新馬戦（芝2000メートル）でのデビューを予定している。5日には函館Wコースで5ハロン71秒4─13秒3を馬なりでマークし、テルアスワッド（2勝）と併入した。北村助手は「十分すぎるぐらい乗り込んでいます。2000メートルの距離も合うと思いますし、洋芝も合いそう。素質を感じます」と能力を評価する。,[],[]
【POG調査隊】東京でデビュー勝ちしたシャンデヴァーグは新潟2歳Sに向けて順調に調整（サンケイスポーツ）,https://news.yahoo.co.jp/articles/53b1d3b4c07e40fb6ac7cc04ea8d824a0ee05019,https://newsatcl-pctr.c.yimg.jp/t/amd-img/20260812-00000042-sanspo-000-1-view.jpg?exp=10800,2026-08-12T09:07:00+09:00,2026-08-12T09:07:00+09:00,サンケイスポーツ,sanspo,サンケイスポーツ,280,新馬戦を勝ったシャンデヴァーグ（撮影・菅原和彦） シャンデヴァーグ（美・森一、牝、父ロードカナロア、母プールヴィル）は6月に東京の芝1600メートルでデビュー勝ち。中間は宮城県の山元トレセンで調整され、新潟2歳S（23日、新潟、GⅢ、芝1600メートル）に目標を定めてきた。7月29日に帰厩し、先週の6日には美浦のWコースで5ハロン67秒6―11秒5を計時。年長馬を相手に優勢の手応えで駆け抜けた。森一調教師は「余裕のある走りでした。走り出せば操作性も大丈夫。相変わらず、いいフットワークです」と順調さをアピール。母（フィリーズレビュー）に続く重賞制覇を狙う。,[],[]
【POG調査隊】祖母は米GⅠ5勝シャトンダンスは8月30日中京で初陣予定（サンケイスポーツ）,https://news.yahoo.co.jp/articles/82a8e4b6f5be54b005ebf36e62905a9478d8dea0,https://newsatcl-pctr.c.yimg.jp/t/amd-img/default.jpg?exp=10800,2026-08-12T09:05:00+09:00,2026-08-12T09:05:00+09:00,サンケイスポーツ,sanspo,サンケイスポーツ,240,シャトンダンス（栗東・東田厩舎、牝、父モーリス、母カトゥルスフェリス）が8月30日中京芝1600メートルでデビュー予定だ。祖母ステファニーズキトゥンはBCフィリー＆メアターフなどGⅠ5勝を挙げた名牝。9日の栗東坂路では加速ラップを刻みながら4ハロン55秒9－13秒1をマークした。東田調教師は「まだ帰厩して間もないですが、本格的にやりだしたら動いてきそうですよ。ピリッとしているところはありますが、悪い感じはないです。前向きなところがあるので、徐々に進めていきたいです」と語った。,[],[]
ドジャース38歳右腕60日間ILに移行…右肘炎症から長期離脱　30歳左腕は1日でマイナー降格　スネル復帰に伴うロースター変更（サンケイスポーツ）,https://news.yahoo.co.jp/articles/02e67e239da6eb0a45777f99cf727182328618b1,https://newsatcl-pctr.c.yimg.jp/t/amd-img/20260812-00000036-sanspo-000-3-view.jpg?exp=10800,2026-08-12T08:58:48+09:00,2026-08-12T09:45:02+09:00,サンケイスポーツ,sanspo,サンケイスポーツ,379,ドジャース・ロバーツ監督 ドジャースは11日（日本時間12日）、ブレイク・スネル投手（33）を負傷者リスト（IL）から復帰させ、チャーリー・バーンズ投手（30）をマイナー降格、右肘炎症のブレイク・トライネン投手（38）を60日間ILに移行すると発表した。 【写真】60日間ILに移行となった38歳右腕 5月に左肘遊離体除去手術を受けたスネルはこの日、先発で5回75球を目途に登板する。左腕バーンズは10日（同11日）に昇格したばかりだったが、登板機会がなく再び降格。トライネンは既に実戦形式のマウンドに上がっているが、長期離脱となる。 指揮官は試合前の取材対応で「後退したわけではない。今週末にライブBPかブルペンに入ると思う。リハビリ登板には近づいている。ただ、ここからどれくらい時間がかかるかは分からない」と復帰の見通しまでは立っていない状況と説明した。,[],[]
ロバーツ監督、打順変更の意図説明　対右腕は『1番・大谷翔平 2番・フリーマン』　今季終盤でテコ入れ「気に入ってる」PSシード権争い熾烈（サンケイスポーツ）,https://news.yahoo.co.jp/articles/76b9e5ce311ede94d9edc7b90f64fd237f47b6a4,https://newsatcl-pctr.c.yimg.jp/t/amd-img/20260812-00000035-sanspo-000-2-view.jpg?exp=10800,2026-08-12T08:48:05+09:00,2026-08-12T11:54:34+09:00,サンケイスポーツ,sanspo,サンケイスポーツ,468,ドジャース・ロバーツ監督 ドジャース－ロイヤルズ（11日、ロサンゼルス）米大リーグ、ドジャースの大谷翔平投手（32）がロイヤルズ戦に「1番・DH」で出場する。この日、2番にはフリーマンが入った。ロバーツ監督は今後も対右腕に対して、同様のオーダーで望む考えを明かした。 【写真】デコピンを抱きかかえる大谷夫人の真美子さん 5月下旬以降は大谷の後ろをパヘスが担っていたが、長打が減少傾向にある。指揮官は「右投手に対しては、今後もっとそうしていくつもり。単なる今日のマッチアップだけではない。これまで十分な時間をかけて、何がうまくいく可能性があるのかを探ってきた。少なくとも当面の間、右投手に対してはフレディ（フリーマン）を2番に置く形が気に入っている」とパヘスとフリーマンの打順を入れ替える。 ドジャースはナ・リーグ西地区首位を独走するが、ブルワーズ、ブレーブスとポストシーズンのシード権で熾烈な争いが続いている。試合前時点では中地区首位ブルワーズが勝率トップの・622で東地区首位のブレーブスとドジャースが・597で同率2位で並んでいる。,[],[]
12日の第4試合・東海大甲府－健大高崎は中止　台風15号による天候不良が見込まれるため（サンケイスポーツ）,https://news.yahoo.co.jp/articles/70d47ee3e7e1651bdab69ccc1363a4dbafbe3d5f,https://newsatcl-pctr.c.yimg.jp/t/amd-img/20260812-00000034-sanspo-000-2-view.jpg?exp=10800,2026-08-12T08:47:30+09:00,2026-08-12T10:18:20+09:00,サンケイスポーツ,sanspo,サンケイスポーツ,164,甲子園球場 第108回全国高校野球選手権大会本部は12日、同日の午後の部の第4試合・東海大甲府（山梨）―健大高崎（群馬）は台風15号による天候不良が見込まれるため中止とし、13日に順延すると発表した。 現時点では、午後の部の第2試合・花咲徳栄（埼玉）―仙台育英（宮城）と第3試合・神村学園（鹿児島）―佐野日大（栃木）は開催予定。,[],[]
【クラスターC】アンズアメが3連勝で重賞初制覇　川田騎手「ゴールまでに捕まえてくれればいいと（サンケイスポーツ）,https://news.yahoo.co.jp/articles/6553a9d1f691d94f64e142c8864aab7a658e8706,https://newsatcl-pctr.c.yimg.jp/t/amd-img/20260812-00000033-sanspo-000-1-view.jpg?exp=10800,2026-08-12T08:37:07+09:00,2026-08-12T08:37:07+09:00,サンケイスポーツ,sanspo,サンケイスポーツ,623,クラスターCを制したアンズアメ（提供・岩手県競馬組合） 川田将雅（40）＝栗・フリー＝騎乗のアンズアメ（JRA）が、1番人気に応えて3連勝で重賞初制覇を飾った。道中は5番手を追走。直線で外から脚を伸ばすと、逃げた2番人気サンライズアムール（JRA）をゴール前でクビ差かわした。タイム1分9秒7（良）。2着から4馬身差の3着に4番人気クロジシジョー（JRA）が入り、JRA勢が上位を独占した。 ■アンズアメ 父ドレフォン、母ホウライマツリ、母の父エンパイアメーカー。鹿毛の牝4歳。栗東・高柳大輔厩舎所属。北海道新冠町・ハクレイファームの生産馬で、馬主は㈱ヒダカ・ブリーダーズ・ユニオン。戦績17戦6勝（うち地方1戦1勝）。獲得賞金1億2817万1000円（うち地方3000万円）。重賞は初勝利。クラスターカップは高柳大輔調教師が初勝利、川田将雅騎手は2023年リメイクに次ぐ2勝目。馬名の意味は「あんず飴」。 ◆川田将騎手（1着アンズアメ）「行く馬は行かせて、とにかくリズムだけは取っていこうと思っていました。サンライズアムールの手応えもよく、離れていく感じはあったんですけれども、ゴールまでに捕まえてくれればいいと思っていましたので、そこをきちんと捕まえてくれたところが彼女の素晴らしさだと思います。前回乗ったときにここもきっちりと勝つことができる馬だなと思って今日を迎えています。その通りの走りになったところが彼女の能力の高さだと思っています」,[],[]
【中京記念】ラヴァンダ中間も鋭い動き披露　中村師「直線は長い方がいいので条件はいい」（サンケイスポーツ）,https://news.yahoo.co.jp/articles/d1f78a0ae720b4ecb27913a1cf1621fdd619c980,https://newsatcl-pctr.c.yimg.jp/t/amd-img/20260812-00000032-sanspo-000-1-view.jpg?exp=10800,2026-08-12T08:37:00+09:00,2026-08-12T08:37:00+09:00,サンケイスポーツ,sanspo,サンケイスポーツ,554,ラヴァンダは左回りの長い直線コースで重賞2勝目を狙 今週の中京では、サマーマイルシリーズ第3戦の中京記念が行われる。3歳馬の参戦もあり見応えのある一戦だが、条件が合いそうなラヴァンダに注目だ。 ◇ 真夏の尾張で再び上昇気流に乗る。昨年のアイルランドTを制したラヴァンダが重賞2勝目を目指す。中村調教師が現況を伝える。 「順調です。気になるようなところもなく、現状は暑さにこたえるようなところもないです」 非凡な決め手が武器で今年初戦の東京新聞杯では牡馬を相手に中団のインから鋭く伸びて勝ち馬とクビ差2着。前走のヴィクトリアマイル（7着）は切れなかったが、ゴール前で窮屈になる場面があり、悲観する内容ではない。「毎回重賞で強い相手と走っているのでね。仕方ないところもあります」と振り返る。 稽古駆けするタイプながら夏場でも中間の動きはいい。栗東CWコースでの1週前追い切りは6ハロン80秒0－11秒1の好時計をマークした。「いつも動けるのでいつも通りです」とうなずく。 舞台は中京芝1600メートル。「右回りでも左回りでも対応できるが、直線が長いほうがいいので、条件はいいと思います。重賞で甘くはないけど、暑さに負けず頑張ってほしい」と期待を寄せた。身上の末脚で存在感を示し、充実の秋へつなげる。（増本隆一朗）,[],[]
【札幌記念】7歳にして進化！　新潟大賞典勝ちのグランディアが重賞連勝狙う（サンケイスポーツ）,https://news.yahoo.co.jp/articles/cdcb4989e6b6abac3918a4ca7e6cbb8ffb7c6068,https://newsatcl-pctr.c.yimg.jp/t/amd-img/20260812-00000031-sanspo-000-1-view.jpg?exp=10800,2026-08-12T08:36:56+09:00,2026-08-12T08:36:56+09:00,サンケイスポーツ,sanspo,サンケイスポーツ,947,グランディアは7歳にして軌道に乗ってきた。まだまだ進化しそうだ（撮影・三浦幸太郎） 札幌では今週、夏競馬唯一のGⅡ、札幌記念が行われる。凱旋門賞へのステップレースとなるアドマイヤテラが注目を集めるが、充実度ならグランディアも負けていない。7歳にして前走、新潟大賞典で重賞初制覇を果たし、勢いに乗って札幌に乗り込んできた。まだまだ伸びる可能性がある7歳騸馬に注目だ。 ◇ 7歳にして、まだまだ進化中。前走の新潟大賞典で重賞初制覇を飾ったグランディアが、北のスーパーGⅡでさらなる真価を発揮する。 先週末に栗東から札幌へ。迎えた火曜は、朝日も照り出した6時に馬場入りして入念に体をほぐすと、ダートコースを軽快な脚取りで1周した。 「馬体重は向こうで500キロで、土曜で490キロ。もっと減ることを覚悟していたけど、意外と大丈夫でした。雰囲気は本当にいいです」 片山助手が順調ぶりにうなずく。北海道シリーズでは一昨年の函館記念で2着に好走したが、昨年の同レースでは輸送で体調を崩した面もあり13着。輸送をクリアしたことは大きい。「『このくらいで済んだか』というレベル。勢いよりも実になってるものが感じられます」と成長を感じる。 勢いも見逃せない。一昨年3月のオープン入り後は善戦どまりが続いたが、昨年12月以降は中山金杯3着など4戦続けて複勝圏内に入り、前走で初重賞。オープンではそれまで12戦中4戦全て複勝圏外の左回りだったが、直線残り300メートルで先頭に立って押し切った。もともとゴール前で気を抜く癖があったが、年明けから調教でゴール後も追うなど、試行錯誤が結果につながった。 若いうちに多くの馬が去勢される香港競馬にあって、現8歳で歴代獲得賞金世界トップのロマンチックウォリアーを見ても、騸馬は競走寿命が長くなる傾向がある。「グランディアも3歳で去勢。今になって安定期に入ったのかな。今から伸びていってもおかしくないです」と成熟期はこれからかもしれない。 「一瞬の瞬発力はピカイチ。右回り、特に中山が一番いいと僕は思っていて、トリッキーなコースで走れる馬は小回りの洋芝は合うと思っています」と片山助手も期待を持って送り出す舞台。2つ目のタイトルを手にし、秋の大舞台に弾みをつける。（千葉智春）,[],[]
大谷翔平「1番・DH」ロイヤルズ戦　5戦ぶり27号出るか　スネル復帰…スクバルとCY賞〝超豪華リレー〟実現　8月初連勝狙う（サンケイスポーツ）,https://news.yahoo.co.jp/articles/065dd378f6ab70d169fbc254bbaeca31b17643b6,https://newsatcl-pctr.c.yimg.jp/t/amd-img/20260812-00000029-sanspo-000-3-view.jpg?exp=10800,2026-08-12T08:02:47+09:00,2026-08-12T08:52:29+09:00,サンケイスポーツ,sanspo,サンケイスポーツ,455,ドジャース・大谷翔平 ドジャース－ロイヤルズ（11日、ロサンゼルス）米大リーグ、ドジャースの大谷翔平投手（32）がロイヤルズ戦に「1番・DH」で出場する。本塁打が出れば、5試合ぶり27号となる。ドジャースは5シリーズぶりに初戦白星とし、4シリーズぶりの勝ち越しと8月初の連勝を狙う。 【写真】デコピンを抱きかかえる大谷夫人の真美子さん ロイヤルズ先発は右腕ワカで今季5勝8敗、防御率3.44、112奪三振。大谷は通算6打数2安打で、2022年以来4年ぶりの再戦となる。ドジャースは左肘の遊離体除去手術から復帰するスネル。サイ・ヤング賞2度受賞の実績を誇るが今季はわずか1登板で初勝利を狙う。前日もサイヤング賞受賞2度のスクバルが先発で、〝豪華リレー〟が実現した。発表されたスタメンは以下の通り。 1番・DH 大谷翔平 2番・一塁 フリーマン 3番・中堅 パヘス 4番・右翼 タッカー 5番・三塁 マンシー 6番・遊撃 ベッツ 7番・二塁 エドマン 8番・左翼 コール 9番・捕手 ロートベット 先発投手 スネル,[],[]
阪神・森下翔太、衝撃2発で巨人粉砕！「自分の中でも苦しんでいるものがあった」と試行錯誤実らせ単独首位に導く　最短15日に優勝へのマジックナンバー点灯や（サンケイスポーツ）,https://news.yahoo.co.jp/articles/b4c79bf05d5c569dbbde1eeebdf2e874cbc15033,https://newsatcl-pctr.c.yimg.jp/t/amd-img/20260812-00000027-sanspo-000-2-view.jpg?exp=10800,2026-08-12T08:00:00+09:00,2026-08-12T09:04:13+09:00,サンケイスポーツ,sanspo,サンケイスポーツ,1090,三回、26号本塁打を放った森下。首位攻防３連戦の初戦で勝負強さをみせた＝東京ドーム（撮影・水島啓輔） （セ・リーグ、巨人1－9阪神、18回戦、阪神11勝7敗、11日、東京D）盆と正月、アーチ競演！！ 阪神は9－1で巨人を圧倒し、単独首位に立った。森下翔太外野手（25）が三、七回にリーグトップを独走する26、27号本塁打を放てば、佐藤輝明内野手（27）も九回に右中間の看板を直撃する特大24号2ラン。三回に飛び出した近本光司外野手（31）の決勝2号ソロも含めた4発で、同率首位で迎えた巨人との首位攻防第1ラウンドに快勝だ！ 【写真】まるで忍者？フェンスに登って捕球練習する阪神・森下 重要な試合になればなるほど結果を残すのが、この男の真価だ。入団4年で3度目の優勝へ、森下はこのまま突き進む。「山の日」に訪れたこの夏最大の山場、首位攻防3連戦の第1ラウンドで、1試合2本塁打と大暴れしてみせた。 「ランナーがいなかったので思い切って打つだけでしたし、自分のスイングを心掛けて打席に立ちました。良いバッティングができたと思う」 近本の本塁打で先制した直後の三回2死走者なしで、山崎の内角の変化球をすくい上げた。左中間スタンド中段に飛び込む、131メートルの特大の26号ソロ。8試合ぶりの一発で、試合の流れを完全に虎のものにした。 さらにトドメの27号も飛び出し、6―1の七回には田和の外角への変化球をバックスクリーンへ運んだ。6月30日の中日戦（甲子園）以来で、今季3度目となる1試合2本塁打。九回には佐藤にも24号が飛び出したが、3本差をつけて森下がリーグ1位をひた走る。 この日の試合前には、野球日本代表「侍ジャパン」の井口新監督が東京ドームを訪れ、森下もあいさつを交わした。今年3月のワールド・ベースボール・クラシック（WBC）でも準々決勝のベネズエラ戦で一時勝ち越しの3ラン本塁打を放った森下が、今後の日本代表の中心を担っていくことは間違いない。2028年にはロサンゼルス五輪も待つ。日本を託したくなるような驚異的な勝負強さを、改めて示した。「打撃がちょっと、自分の中でも苦しんでいるものがあった。ずっと試行錯誤していましたけど、またあしたいい形で入れるように準備したい」。ここからまたグッと調子を上げていく、道しるべの2発になった。 7月29日にはオールスターゲームの第2戦（富山）を下半身のコンディション不良で欠場。北陸のファンや、2年連続の最多得票で選出してくれた人たちへの思いもあったが、悲鳴を上げていた体が往復4時間を超える移動に耐えられるかは見通せず、決断した。,[],[]
阪神・藤川球児監督、采配ズバリで下位打線躍動「さらに乗っていってくれれば」6番起用の前川右京が34イニングぶり適時打、8番起用の元山飛優が11試合ぶり打点（サンケイスポーツ）,https://news.yahoo.co.jp/articles/b04407dd993fc8cf1121a3a6567447859665a1cd,https://newsatcl-pctr.c.yimg.jp/t/amd-img/20260812-00000026-sanspo-000-3-view.jpg?exp=10800,2026-08-12T08:00:00+09:00,2026-08-12T08:38:58+09:00,サンケイスポーツ,sanspo,サンケイスポーツ,989,試合に勝利し、ナインとハイタッチする阪神・藤川球児監督。同率首位で迎えた巨人との首位攻防第1ラウンドを制した＝東京ドーム（撮影・佐藤徳昭） （セ・リーグ、巨人1－9阪神、18回戦、阪神11勝7敗、11日、東京D）大事な一戦で阪神・藤川球児監督（46）の采配がさえわたる。〝伊織キラー〟に〝恐怖の8番〟が躍動した猛虎打線。下位打線がハマれば隙はない。先発野手全員安打。11安打9得点の快勝に虎将はうなずいた。 【写真】阪神の中で仲のいい人は？ 前川右京の答えに場内どよめく 「初戦、よかったですね。非常によかったです。勝負のイニングもありましたけど、みんなよくつないでくれた」 振り返った勝負のイニングは、2－1で迎えた六回だった。連続四球で無死一、二塁の好機。難敵・山崎に対し、打席には試合前の時点で対戦打率・429（7打数3安打）の前川が向かった。「6番・左翼」に座った若虎は、8月に入って初めての2試合連続スタメンだった。 カウント2－2からの5球目。149キロ直球を捉えた。打球は左翼フェンス直撃の適時二塁打。大きな3点目に前川は「感触はそんなになかったけど、勝ちに貢献できてよかった」と胸を張った。猛攻は続く。なおも1死二、三塁の好機で打席に立ったのが元山だ。 後半戦に入り、藤川監督はこの元山を全試合で起用してきた。9日の中日戦（京セラ）では、中野のベンチスタートに伴い「2番・遊撃」を任せた男を、この日は8番に座らせた。この采配もハマった。 フルカウントからの7球目。フォークを捉えると白球は前進守備の外野の頭上を越えていく。中越えの2点三塁打で山崎をノックアウト。11試合ぶりの打点を挙げた元山は「何とか食らいついた。『絶対（点を）とらなアカン』と思っていた」と塁上で右手を突き上げ感情を爆発させた。 チームは前カードの中日3連戦（京セラ）で計4得点と打線が不振。この4得点も本塁打と相手ミスによるもので、前川の一打が実に34イニングぶりに飛び出した適時打だった。大一番の勝負どころで生まれた待望の〝あと一本〟。さらに下位打線での得点。だから、藤川監督は「いや大きいですね。素晴らしい一本だと思います」と前川＆元山の一打をたたえた。 「一戦一戦ね、ニューゲームですけど。また明日、新たな気持ちで全員が向かう。良かった選手は、さらに乗っていってくれればなと思います」,[],[]
村上宗隆、夏場の16連戦スタート　2試合ぶり27号出るか　レッズ戦に「2番・一塁」でスタメン（サンケイスポーツ）,https://news.yahoo.co.jp/articles/21cdaf635bd34722401fdc2417ba4d173ce57ee5,https://newsatcl-pctr.c.yimg.jp/t/amd-img/20260812-00000021-sanspo-000-2-view.jpg?exp=10800,2026-08-12T07:49:08+09:00,2026-08-12T11:50:36+09:00,サンケイスポーツ,sanspo,サンケイスポーツ,401,ホワイトソックスの村上宗隆 ホワイトソックス―レッズ（11日、シカゴ＝赤尾裕希）米大リーグ、ホワイトソックス・村上宗隆内野手（26）が「2番・一塁」で先発出場する。この日のレッズ戦から16連戦がスタート。26日（日本時間27日）のレンジャーズ戦まで過密日程に臨むことになる。 【写真】村上宗隆、大谷翔平「ムネ打ちました？」の〝真相〟明かす 大谷にしては非常に珍しい光景 レッズの先発は、2019年のMLBドラフトで1巡目（全体7位）指名された左腕のニコラス・ロドロ投手（28）。22年にメジャーデビューを果たし、今季はここまで3勝（2敗）を挙げている。 村上はメジャー1年目の今季、右太もも裏の故障もありながら82試合に出場して打率・237、26本塁打、54打点、OPS・909（出塁率と長打率を足した数字）をマーク。8日（日本時間9日）のガーディアンズ戦以来、2試合ぶりの27号が出るか注目が集まる。,[],[]
広瀬アリス、アクション映画初主演　2027.3.26公開「ENJU　エンジュ」で凄腕暗殺者に挑戦（サンケイスポーツ）,https://news.yahoo.co.jp/articles/240f20753d5280b397566f21c1f6d57b92c029f3,https://newsatcl-pctr.c.yimg.jp/t/amd-img/20260812-00000019-sanspo-000-2-view.jpg?exp=10800,2026-08-12T07:00:00+09:00,2026-08-12T07:20:56+09:00,サンケイスポーツ,sanspo,サンケイスポーツ,1179,タンクトップ姿のアリスが圧倒的な存在感を放つ映画のティザービジュアル 女優、広瀬アリス（31）が2027年3月26日公開の映画「ENJU エンジュ」（久保茂昭監督）でアクション映画に初主演することが11日、分かった。人気小説家、月村了衛氏が2015年に刊行した予測不能のサバイバル作品「槐（エンジュ）」を実写化。表の顔は教師、実態は凄腕の暗殺者という難役に挑み、ガンアクションなどで新境地を開拓する。 顔や腕に施された傷や血痕のメークに紛れ、体に刻まれた複数の生傷やあざがアクションの激しさを物語る。4日間に及ぶワンシーンの撮影にも、アリスの表情は充実感で満たされていた。 「ハードな撮影でした。生傷やあざは良い勲章だなと思っています」 今作は23、25年に直木賞候補になった月村氏が刊行した小説「槐」を実写化。物語の舞台は、とある学園の野外活動部が合宿に訪れていた湖畔のキャンプ場。突如、武装集団によって占拠され、絶体絶命の危機にひんした生徒たちを救うために立ち上がったのは、地味で目立たない野外活動部副顧問の由良先生（アリス）。真の姿は凄腕の暗殺者・槐で、凶悪な存在と対峙（たいじ）する。 アリスのアクション演技といえば、カリスマヤンキーOLを演じた映画「地獄の花園」（21年）。全国のOLが派閥争いを繰り広げる物語で、殴り合いのけんかに明け暮れる姿を熱演した。 今回の見どころは、ガンアクションやナイフを駆使した命懸けの戦い。コメディー要素もあった「地獄－」とは一転、緊迫感あふれるシーンの連続で観客を引き込む。 アクション練習を含め、半年以上をかけて役作りをしたアリス。二面性のある役どころに「由良先生は寡黙でせりふが少なく、無機質な感じを出せればと思いながら演じた」とした一方、「槐はとにかくアクションが多い。クールな部分は残しつつ、敵役や生徒たちとの会話では感情的になったり」と演じ分けた。 撮影当初は「銃を少し持つだけでも筋肉痛になった」といい、「筋トレをして、どんどん体がごつく、大きくなっていきました」と女優魂を発揮。主人公について「彼女が激しく戦い、乱舞し、躍動しているのが格好良い。理想的な作品に参加させていただいた」としみじみ。アリスの新たな姿が解禁される日が待ち遠しい。 ★監督もアクションを絶賛「新しいダークヒーロー」 メガホンを執ったのは映画「ゴールデンカムイ」「HiGH＆LOW」シリーズを大ヒットに導いた久保監督。アクション監督は映画「キングダム」シリーズを手掛けた日本アクション界の第一人者、下村勇二氏が参加。久保氏はアリスについて「バスケットボール経験に裏打ちされた運動能力、激しいアクションを背負える身体性、銃を構えた瞬間のりんとした美しさとたくましさがあり、槐を新しいダークヒーローとして成立させられた」と絶賛した。,[],[]
履正社が11安打6得点で快勝　分析班が相手の享栄を丸裸　7年ぶりの頂点へ好スタート（サンケイスポーツ）,https://news.yahoo.co.jp/articles/59e58219fb366e06622473dbd908c6cac2d10bf3,https://newsatcl-pctr.c.yimg.jp/t/amd-img/20260812-00000013-sanspo-000-2-view.jpg?exp=10800,2026-08-12T06:00:00+09:00,2026-08-12T11:44:08+09:00,サンケイスポーツ,sanspo,サンケイスポーツ,913,四回に適時三塁打を放つ履正社・高津冬真＝甲子園球場 第108回全国高校野球選手権大会第7日第3試合（11日、履正社6－2享栄、甲子園）2019年以来7年ぶりの優勝を狙う履正社（大阪）が11安打6得点を奪って享栄（愛知）を下し、3回戦に進んだ。1－1の四回に勝ち越しの適時打を放った高津冬真外野手（3年）ら先発した打者9人中8人が安打を放つなど打線が力を発揮した。 大阪大会で対戦してこなかったタイプの投手を履正社打線が攻略した。相手の先発左腕・近藤は長身で、ゆったりとしたフォームから緩急をつけて投げる技巧派。その近藤から、6番を打つ左打者・高津が大きな当たりを放った。 「僕は普段は内野の間をゴロで抜くタイプの打者。うまく風に乗ってくれた。あんな歓声初めてで鳥肌が立った」 1－1の四回、5番DH・北西の二塁打で作った2死二塁で2ボールから直球を強振。大飛球が中堅手の頭上を越え、勝ち越しの三塁打に。ポイントゲッターの役割を果たし、近藤をこの回限りで降板させた。 八回2死二、三塁では享栄の2番手・上江滝から北西が右翼手の頭上を越える2点打。「普段から緩急系の投手は得意にしている」と胸を張った。初戦から11安打6得点を挙げる快勝だ。 ナインを代表して高津が「とても頼もしく思っています」というのが、2023年から役割として設けた「アナライザー」の存在だ。 19年に全国制覇したときの4番打者で、阪神からロッテに移籍して活躍中の井上広大を兄に持つ記録員・井上祝栄さん（3年）は、女子部員も含め計6人いるアナライザーの一人。試合ごとに対戦相手の情報分析を行っている。相手チームの試合の映像をかき集めて提供。分析したデータ資料のリポートは毎回10ページ以上に及ぶ。 井上さんは対戦相手が享栄に決まってから「投手陣に140キロを超えてくる投手が数人いた。どれだけ技術が上でも情報がないと勝っていくのは難しい。サポートをできる限りやっていかないといけない」と気を引き締めて情報収集。集めた資料を参考にした各選手の活躍を見届けて喜んだ。 優勝した19年のような打力に情報の力も加わり、7年ぶりの頂点へ向け力強く滑り出した。（上阪正人）,[],[]
阪神・佐藤輝明、特大看板直撃弾「何に使うかはまだ決めていないですけど」賞金100万円ゲット！試合前は少年に打撃用手袋贈呈！（サンケイスポーツ）,https://news.yahoo.co.jp/articles/e3fc816689cef50e179a1370ae6d895cfaa9c3a0,https://newsatcl-pctr.c.yimg.jp/t/amd-img/20260812-00000010-sanspo-000-4-view.jpg?exp=10800,2026-08-12T06:00:00+09:00,2026-08-12T09:43:03+09:00,サンケイスポーツ,sanspo,サンケイスポーツ,1047,九回、24号2ランを放った阪神・佐藤輝明＝東京ドーム（撮影・水島啓輔） （セ・リーグ、巨人1－9阪神、18回戦、阪神11勝7敗、11日、東京D）阪神・佐藤輝明内野手（27）が九回に看板直撃の特大24号2ランを放った。 【写真】直撃弾となった「RENOSY（リノシー）」の看板 宿敵を撃つトドメの一発はどこまでも飛んでいく。白球は大きな音を立てて、右中間最深部に設置された看板に直撃した。有言実行。これぞ、猛虎の4番。大歓声とどよめきが包む東京ドームのダイヤモンドを佐藤はゆっくり周った。 「いい当たりだったのでよかったです」 7－1で迎えた九回1死一塁。左腕・代木の141キロカットボールを完璧に捉えた。打った瞬間、スタンドインを確信。それどころか白球はスタンドを越え、看板で跳ね返ってグラウンドへ戻ってきた。試合を決めるダメ押しの超特大24号2ラン。日本野球機構（NPB）公認の速報アプリ「NPB＋」では飛距離146メートルと驚きの数字が表示された。 AI不動産投資「RENOSY（リノシー）」の看板直撃弾は「ビッグボードホームラン賞」となり、同社から贈られる賞金100万円もゲットした。「何に使うかはまだ決めていないですけど、よかったです」と笑顔が弾けた。 これが7日の中日戦（京セラ）以来、3試合ぶりの一発。森下翔太外野手（25）がこの日2本塁打を放ちセ・リーグ本塁打数トップを走るが、3本差と佐藤だって負けていない。打率・314、72打点はリーグトップ。目標の三冠王へ、夢をつなぐ一撃だ。 試合前の時点で同率首位だった巨人との首位攻防3連戦。今季の行方を占う天王山を前に、虎の主砲は「全部勝つつもりでやらないと」と全勝を誓っていた。そんな中で迎えた、大事な大事な初戦。夏休み期間中のデーゲームで、東京ドームには多くの子供たちが詰めかけ「テル、手紙書いたよ」とボードを掲げる少年もいた。 試合前練習中、その少年から手紙を受け取った佐藤は、お礼にビジターで使用しているティファニーブルー色の打撃用手袋をプレゼントした。プロ野球選手として子供たちに夢を届け、そして試合の最後で虎党に有言実行の特大弾。これができるから、サトテルはヒーローと呼ばれる。あと2勝を必ずつかむため、猛虎の4番は力を込めた。 「1戦目を取れたので。またあしたもね、みんなで頑張っていきたいなと思います」 最後に放った特大アーチは、2、3戦目への布石。真夏の大一番、佐藤が響かせる快音はまだまだ止まらない。（原田遼太郎）,[],[]
阪神・村上頌樹「うちの自慢のドラ1のスターたち」のお陰で9勝目ゲット、G戦3連続完封逃すも「チームが勝つことが一番」（サンケイスポーツ）,https://news.yahoo.co.jp/articles/05ad4d9f5b2315b8c4e9ac894622a5dd88ae6248,https://newsatcl-pctr.c.yimg.jp/t/amd-img/20260812-00000016-sanspo-000-2-view.jpg?exp=10800,2026-08-12T06:00:00+09:00,2026-08-12T08:40:04+09:00,サンケイスポーツ,sanspo,サンケイスポーツ,927,ヒーローインタビューに登場した阪神・村上頌樹＝東京ドーム（撮影・水島啓輔） （セ・リーグ、巨人1－9阪神、18回戦、阪神11勝7敗、11日、東京D）絶対に落とせない一戦でこそエースが輝く。真夏の首位攻防第1ラウンドで、阪神・村上頌樹投手（28）が淡々と宿敵を斬った。8回1失点で9勝目をゲットだ。 【写真】阪神の中で仲のいい人は？ 前川右京の答えに場内どよめく 「初戦を取りたいという気持ちで上がった」 一、二回ともに先頭出塁を許したが、いずれも併殺に打ち取りリズムに乗った。四回には虎キラーのダルベックに今季自身3本目、チーム合わせて8本目となるソロを被弾したが、以降はマウンドを降りた八回まで無安打。強力援護も味方につけゲームを支配した。 ヒーローインタビューでは「うちの自慢の〝ドラ1のスターたち〟が打ってくれたので。本当に頼りになる打線だと思ってます」と、そろってアーチを架けた森下翔太外野手（25）、佐藤輝明内野手（27）、近本光司外野手（31）に感謝だ。 試合前時点で対巨人2試合連続完封中。球団史上初の3戦連続は逃したが「できればよかったですけど、チームが勝つことが一番」と涼しげだった。防御率はリーグトップを維持する「1.82」と、さらに良化させた。 村上が常々語る「先発の役割」―。それを証明するかのように、今回の登板でリーグ最多を更新する19度目のクオリティースタート（QS、先発で六回以上を投げ自責3以下）とした。驚異的な安定感を誇るが、今季も1度だけ「試合を壊した」ことがあった。 5回5失点とつかまった、5月1日の巨人戦（甲子園）。だが、その一度のつまずきでさえ村上はステップにした。「一年間投げてたらこういうときもあるよね、くらいに捉えた。焦る気持ちはなかった」。今年でプロ6年目。経験があるから、平然としていられた。「いい球を投げても打たれるときもある。ど真ん中でも抑えることもある」。どんなときも、自分を見失わずにいられるのが村上の強みだ。 「2桁まであと1勝まで来たので。来週もしっかり勝ち切って、まず2桁に乗せたい」 自身3度目の大台に王手をかけた。険しさを増す終盤戦も、どっしりと構え白星を積み重ねていく。（秋葉元）,[],[]
テレビ朝日「あざとくて何が悪いの？」9月で終了　最終回は田中みな実が凱旋（サンケイスポーツ）,https://news.yahoo.co.jp/articles/624bfa47df90fa758abf67dd3e0540b464b5d1a1,https://newsatcl-pctr.c.yimg.jp/t/amd-img/20260812-00000018-sanspo-000-1-view.jpg?exp=10800,2026-08-12T06:00:00+09:00,2026-08-12T06:00:00+09:00,サンケイスポーツ,sanspo,サンケイスポーツ,1008,テレビ朝日「あざとくて何が悪いの？」MCの左から山里亮太、鈴木愛理 テレビ朝日系「あざとくて何が悪いの？」（木曜深夜0・45）が9月24日に最終回を迎えることが12日、発表された。 同番組は2019年9月に特番として放送され、20年10月からレギュラー化。南海キャンディーズの山里亮太、元TBSアナウンサーで女優の田中みな実、テレビ朝日の弘中綾香アナの3人が「あざとさ」について語り尽くす新感覚バラエティーとして人気に。田中と弘中アナの番組卒業に伴い23年10月からは山里、歌手の鈴木愛理のコンビとなり、レギュラー開始から6年の歴史に幕を下ろす。 最終回を前に21日には番組の第3弾イベント「あざとくて何が悪いの？夏の最強あざとソングLIVE」を東京・SGCホール有明で開催。最後の1カ月となる9月3日の放送からは4週連続で豪華ゲストが登場。最終回の24日は田中が約3年ぶりに凱旋出演し、弘中アナも登場する。 山里は「自分の中では『田中みな実一座』の一員として始まった『あざとくて何が悪いの？』。今だから言えますけど、最初の頃は田中みな実さんと弘中綾香さんについていくのに必死でした」と告白。「お二人が番組を卒業した後は、正直、かなり怖かったです。そんな中で支えてくれたのが、鈴木愛理ちゃんでした。番組のことをいつも真剣に考えて、時には自分のこともたくさんさらけ出してくれて。本当にありがたかったです。そして何より、ここまで番組を愛して、楽しみに見続けてくださった皆さん、本当にありがとうございました。またいつか、この番組が帰ってくることを信じて」とコメントした。 鈴木は「元々ファンとして、いち視聴者として毎週楽しみにしていた番組。ゲストとして、そしてあざと連ドラでは俳優としてもお世話になり嬉しいなと思っていたら、みな実さんと弘中さんが勇退。そしてその後釜を2人分1人で受け継ぐという嘘みたいな出来事。あまりにも大役かつ、好きだった番組をどうにか好きで居続けていただけるようにと葛藤しながらも愛情を注いで参りました」と思い入れを告白。「バラエティすることにも、あざといという武器を使いこなすことにも、ずっと未熟な私でしたが、鍛えてくださったスタッフさんや、悩みを聞いてくださったり、こんな私も褒めてくださったり、ずっと優しかった山里さん。感謝してもしきれないです」と呼びかけた。 同枠の新番組は、後日発表される。,[],[]
巨人は今季ワースト1試合4被弾　東京ドームで虎に勝てん　同率首位から1ゲーム差の2位に後退（サンケイスポーツ）,https://news.yahoo.co.jp/articles/502ad55fab0bc6b15ef94adce800e00b0a92b567,https://newsatcl-pctr.c.yimg.jp/t/amd-img/20260812-00000017-sanspo-000-1-view.jpg?exp=10800,2026-08-12T06:00:00+09:00,2026-08-12T06:00:00+09:00,サンケイスポーツ,sanspo,サンケイスポーツ,522,戦況を見つめる巨人・橋上秀樹監督代行（中央）。手前はベンチへ戻る山崎伊織＝東京ドーム（撮影・佐藤徳昭） （セ・リーグ、巨人1－9阪神、18回戦、阪神11勝7敗、11日、東京D）最後まで勢いを止められなかった。巨人は同率首位だった阪神との3連戦初戦に敗れ、1ゲーム差の2位に後退。橋上秀樹監督代行（60）は今季ワーストとなる1試合4本塁打を浴びた投手陣に対策を求めた。 「やはり甲子園に比べると東京ドームの方が本塁打も出やすい。より本塁打を打たれないような工夫は必要かなと思う」 先発した山崎は5回⅓を投げ、8安打6失点で今季4登板目にして初黒星。三回に近本、森下にソロを被弾すると、1－2の六回は先頭から連続四球を許した後に集中打を浴び「もったいない。四球、四球で苦しくなった」と唇をかんだ。後を継いだ田和は森下に、代木も佐藤にそれぞれ一発を献上した。 打線は直近2度の対戦でいずれも完封されていた村上を打ち崩すことができず、ダルベックの19号ソロによる1点と沈黙した。今季の阪神戦は甲子園で5勝3敗と勝ち越している一方で、東京ドームでは2勝8敗と大きく黒星が先行。残り3試合となった本拠地での伝統の一戦では、何とか意地を示したい。（依田雄太）,[],[]
智弁和歌山・和気匠太「自分の理想に近いピッチングができた」6回2安打無失点（サンケイスポーツ）,https://news.yahoo.co.jp/articles/a7192e631dc242e7af65307f3b48f6f6bb66ab77,https://newsatcl-pctr.c.yimg.jp/t/amd-img/20260812-00000015-sanspo-000-1-view.jpg?exp=10800,2026-08-12T06:00:00+09:00,2026-08-12T06:00:00+09:00,サンケイスポーツ,sanspo,サンケイスポーツ,237,気迫のこもった投球を見せた智弁和歌山・和気匠太＝甲子園球場（撮影・渡辺大樹） 第108回全国高校野球選手権大会第7日第2試合（11日、智弁和歌山2－1社、甲子園）先発した智弁和歌山の和気匠太投手（3年）が6回を投げ2安打6奪三振無失点。好投で勝利に導き「自分の理想に近いピッチングができた」と大きく息をついた。和歌山大会は3試合で24安打を打たれ6失点と納得のいく内容ではなかった中で「投げ勝ってやろうと思って」と奮起。エースとしての自信を取り戻し、次戦へ向け勢いをつけた。,[],[]
DeNA・尾形崇斗が移籍後最短KO　押し出し四球もあり三回途中4失点　チームの連勝3でストップ（サンケイスポーツ）,https://news.yahoo.co.jp/articles/b872708c992a0e01561e0b296b5e9983a4e79fb0,https://newsatcl-pctr.c.yimg.jp/t/amd-img/20260812-00000014-sanspo-000-1-view.jpg?exp=10800,2026-08-12T06:00:00+09:00,2026-08-12T06:00:00+09:00,サンケイスポーツ,sanspo,サンケイスポーツ,489,三回途中で降板するDeNA先発・尾形崇斗＝バンテリンドームナゴヤ（撮影・中島信生） （セ・リーグ、中日5－2DeNA、18回戦、DeNA9勝8敗1分、11日、バンテリンD）DeNA・尾形崇斗投手（27）が、精彩を欠いた。5月にソフトバンクからトレードで加入した右腕は、移籍後最短の2回⅓で84球を要し、6安打4失点で3敗目。「特に話すことはありません」と落胆した。 決め球の精度に苦しんだ。0－0の二回に3連続長短打を含む5安打を集められ、一挙3失点。投手の大野に対しては3球で追い込みながら、ファウルで粘られた末に9球目の直球を中前2点打とされた。三回は3個目の四球で押し出し、4点目を奪われたところで降板を命じられた。 ソフトバンク時代は主に中継ぎで経験を積み、新天地で先発として登板を重ねている。前回4日の阪神戦では自己最長の7回を投げて無失点と好投していたが、相川監督は「今回は苦しい状況になってしまった」と評した。 チームは追い上げたものの、連勝が3でストップ。指揮官は「一方的になってもおかしくないと思ったけど、何とか粘る展開にできた」と前向きに語った。（鈴木智紘）,[],[]
智弁和歌山・松本虎太郎、手術から復活「結果を出せて良かった」主将の一打で初戦突破、中谷監督「戦力としてスタメンのレベルまで上げてきてくれた」（サンケイスポーツ）,https://news.yahoo.co.jp/articles/09ea8a5f6d8acac75436e3a4353c298dc30dc6b2,https://newsatcl-pctr.c.yimg.jp/t/amd-img/20260812-00000012-sanspo-000-1-view.jpg?exp=10800,2026-08-12T06:00:00+09:00,2026-08-12T06:00:00+09:00,サンケイスポーツ,sanspo,サンケイスポーツ,955,二回、内野ゴロで先制点をもたらした智弁和歌山・松本虎太郎＝甲子園球場（撮影・渡辺大樹） 第108回全国高校野球選手権大会第7日第2試合（11日、智弁和歌山2－1社、甲子園）3年連続29度目出場の智弁和歌山が社（兵庫）との近畿対決を2－1で制した。6月末に腰の手術を受けた松本虎太郎主将（3年）が驚異的な回復ぶりをみせて「6番・DH」でスタメン復帰。二回無死三塁の好機に二ゴロで貴重な先制点をもたらし、チームを勢いづけた。 希望の光を信じ続けた主将が、自らのバットで貴重な白星を引き寄せた。智弁和歌山の松本が満を持して聖地へ帰還し、持ち前のしぶとさで勝利に貢献。誰よりもその喜びを噛み締めた。 「とにかく1回戦に勝つという思いでした。そこだけに集中して、結果を出せて本当に良かったです」 二回無死三塁で迎えた第1打席。社の内野陣が前進守備を敷いていないことを冷静に確認すると、「内野ゴロでも1点取れる状況で、強い打球を打つことだけを心がけた」。二ゴロを放って三塁走者を本塁へ迎え入れ、先制点をもぎ取った。試合は2－1の緊迫した投手戦となり、結果的にこの1点が勝敗を分ける貴重な得点となった。 松本には、並々ならぬ覚悟を持って臨んだ一戦だった。今夏を目前に控えた5月末、練習中に腰の痛みと左足のしびれを訴えて離脱。「椎間板ヘルニア」と診断され、6月30日に手術を受けた。夏の和歌山県大会まで残り1カ月を切る中での苦渋の決断だったが、「腹を決めたというか、手術をしないと夏に間に合わないという思いが勝っていました」と、選択に迷いはなかった。 最後の甲子園には必ず間に合わせる―。当初は全治3か月と診断されたが、強く信じた思いが結実。驚異的な回復を見せ、7月25日の県大会準決勝・和歌山工戦で代打として早期復帰を果たすと、決勝の耐久戦にも代打で出場。そしてこの日の初戦は、「6番・DH」としてスタメンに名を連ねた。劇的なカムバックに、中谷仁監督は「情ではなく、戦力としてスタメンのレベルまで状態を上げてきてくれたことがうれしい」と目を細めた。 初戦突破は果たしたが、「優勝という目標は変わらない」と力強く言い切った松本。2021年以来5年ぶりの全国制覇へ。不屈の精神を備えた主将が、チームの先頭を駆け抜ける。（辻奎伍）,[],[]
ヤクルトは広島戦が中止　池山監督「恵みの雨でいい流れに」　スライドはなく12日は山野太一が予定通り先発（サンケイスポーツ）,https://news.yahoo.co.jp/articles/742a4a63a2116d775041628403311935897d36dc,https://newsatcl-pctr.c.yimg.jp/t/amd-img/20260812-00000011-sanspo-000-1-view.jpg?exp=10800,2026-08-12T06:00:00+09:00,2026-08-12T06:00:00+09:00,サンケイスポーツ,sanspo,サンケイスポーツ,421,練習に向かうヤクルト・山野太一（左）と吉村貢司郎＝神宮球場（撮影・長尾みなみ） ヤクルトは11日、台風15号接近のため広島戦（神宮）が中止になった。先発予定だった吉村はスライドせず、12日は山野太一投手（27）が予定通り先発する。左腕は神宮外苑の室内練習場でダッシュなどで調整し「連敗中なので明日はすごく大事。明日から連勝できるように、自分がピッチングで勢いをつけたい」と意気込んだ。 開幕から先発ローテーションを守り、チーム最多8勝をマーク。しかし、前回5日の中日戦（バンテリンドーム）では5回6安打4失点。適時打を浴びた際にマウンド上でうなだれる場面もあった。「悔しい表情だったり、膝をついたりする姿をなるべく見せないように。マウンドの上では堂々とした姿を表現したい」と大黒柱の矜持（きょうじ）を口にした。 チームは8月に入り1勝7敗と苦しみ、現在2連敗中。池山監督も「恵みの雨でいい流れにしていきたい」と気持ちを新たにした。（原田優介）,[],[]
享栄、31年ぶり夏1勝逃すも、2番手・上江滝拓未「これからの人生の良い経験になった」（サンケイスポーツ）,https://news.yahoo.co.jp/articles/f5737d733ce948b9abc51877d98cdb26ee8f1a0e,https://newsatcl-pctr.c.yimg.jp/t/amd-img/20260812-00000009-sanspo-000-1-view.jpg?exp=10800,2026-08-12T06:00:00+09:00,2026-08-12T06:00:00+09:00,サンケイスポーツ,sanspo,サンケイスポーツ,287,2番手で登板した享栄・上江滝拓未＝甲子園球場（撮影・渡辺大樹） 第108回全国高校野球選手権大会第7日第3試合（11日、履正社6－2享栄、甲子園）享栄（愛知）は終盤に突き放され、31年ぶりの夏の甲子園に校歌を響かせることはできなかった。1点を争う二回以降、何度も得点機を作りながらあと一本が出ず、大藤監督は「あそこで点が取れていれば」と悔やみつつ、「相手が上でした」と脱帽。それでも九回に意地の1点を返した選手たちを「うちの良いところが出た」とたたえ、五回から登板の2番手・上江滝拓未投手（3年）は「甲子園の雰囲気はこれからの人生の良い経験になったと思います」と前を向いた。,[],[]
社の最速151キロ右腕・岩井秀耶「最高の場所でみんなと野球ができて楽しかった」智弁和歌山に惜敗…大学進学からプロ目指す（サンケイスポーツ）,https://news.yahoo.co.jp/articles/83683b21480f9649da8ac12fc347db443881b4f1,https://newsatcl-pctr.c.yimg.jp/t/amd-img/20260812-00000008-sanspo-000-1-view.jpg?exp=10800,2026-08-12T06:00:00+09:00,2026-08-12T06:00:00+09:00,サンケイスポーツ,sanspo,サンケイスポーツ,285,力投する社・岩井秀耶＝甲子園球場（撮影・根本成） 第108回全国高校野球選手権大会第7日第2試合（11日、智弁和歌山2－1社、甲子園）智弁和歌山と対戦した社（兵庫）は1ー2で惜敗。最速151キロ右腕・岩井秀耶投手（3年）は103球を投げ、7安打2失点の熱投を見せたが、実らなかった。試合後は涙を見せたが「気持ちだけは負けないという投球ができた。最高の場所でみんなと野球ができて楽しかった」と胸を張った。一回には球速150キロを記録した。「目標の150キロを甲子園で出せたのはうれしい」と納得の表情。今後は大学に進み、プロを目指す。「勝てる投手になりたい」と飛躍を誓った。,[],[]
大谷翔平、左膝不安もなんのその　本拠地で大激走！　4戦ぶりマルチ＆3カ月ぶり盗塁マーク　ロバーツ監督賛辞「非常に良い内容」（サンケイスポーツ）,https://news.yahoo.co.jp/articles/9f0f698262951749c8b6b36ee16474ef5ef5fbdf,https://newsatcl-pctr.c.yimg.jp/t/amd-img/20260812-00000007-sanspo-000-1-view.jpg?exp=10800,2026-08-12T05:30:00+09:00,2026-08-12T05:30:00+09:00,サンケイスポーツ,sanspo,サンケイスポーツ,970,ドジャース・大谷翔平 【ロサンゼルス10日（日本時間11日）＝丹羽美佳子通信員】米大リーグ、ドジャースの大谷翔平投手（32）はロイヤルズ戦に「1番・DH」で出場し、4打数2安打1打点。左膝違和感を抱える中、5月16日以来、約3カ月ぶりとなる盗塁を記録するなど積極的な走塁で貢献した。試合前には投手調整再開後では2度目となるキャッチボールを実施。ドジャースは6―5で逆転勝利した。 大谷が本拠地で激走した。次の塁だけを目指し、大きなストライドでぐんぐんと前に進む。左膝痛の影響を感じさせない積極走塁で流れをつくり、逆転勝利を呼び込んだ。 「塁上での動きも問題なかったし、（打撃も含めて）全体として非常に良い内容だった」 取材対応のなかった大谷に代わり、ロバーツ監督がグラウンドでの奮闘をたたえた。大谷は0―3の三回無死二塁で甘いチェンジアップを捉えて右中間へ適時二塁打。その後、フリーマンの左前打で俊足を飛ばして一気にホームを踏んだ。 さらに同点の七回先頭で打球速度170キロの痛烈な中前打を放って4試合ぶりの複数安打。続くパヘスの打席で5月16日以来、今季7個目の盗塁となる二盗を成功させた。好機を広げると、またもフリーマンの右前打で全力疾走して勝ち越しのホームイン。スライディングによって土で汚れた左膝は勝利の勲章だ。 8月に入って月間打率・324、直近12試合では・391、4本塁打、11打点と絶好調。指揮官は「右中間、左中間と広角に打球を飛ばしているときが翔平が一番良い状態」と目を細めた。 試合前には投手調整再開後では2日ぶり2度目となるキャッチボールを実施した。左翼付近で最長40メートルまで距離を伸ばし、バッテリー間の距離（18.44メートル）では変化球を交えて24球。合計で約20分間、黙々と腕を振ると、ブルペンではシャドーピッチングも行った。 大谷は7月3日のパドレス戦を最後に投手としての登板は遠ざかっている状況だが、打者として出場を続けながらリハビリも同時並行で進め、ポストシーズンでの二刀流復活というシナリオを描いている。 チームはメジャー全体3位タイとなる今季33度目の逆転勝利。7日のダイヤモンドバックス戦まで今季ワーストの7連敗と失速気味だったが、投打の顔である大谷の調子とともにここからもう一度上昇気流に乗る。,[],[]
【サンケイスポーツ杯】前節デビュー初Vの宮崎心之介「この流れくずさないように」／戸田ボートレース（サンケイスポーツ）,https://news.yahoo.co.jp/articles/f451683226903a141091cc7a4e8c7dd106c55167,https://newsatcl-pctr.c.yimg.jp/t/amd-img/20260812-00000004-sanspo-000-2-view.jpg?exp=10800,2026-08-12T05:00:01+09:00,2026-08-12T08:26:02+09:00,サンケイスポーツ,sanspo,サンケイスポーツ,233,宮崎心之介 戸田ボートの「第49回戸田ボート大賞・サンケイスポーツ杯」は12日に開幕する。 このビッグウエーブに乗るしかない。宮崎心之介（24、戸田）が前節とこなめルーキーシリーズで予選トップからの王道で、デビュー1年9カ月での初優勝を飾った。「うれしかった。A1の勝率を持っているし、この流れを崩さないようにしたい」と力強く意気込む。「でも浮かれないようにしたい。名前を覚えてもらえるように頑張ります」。初日の出番は1、10R。積極的な走りで存在感をアピールする。,[],[]
舘ひろし、9年ぶりのディナーショー　芸能生活50周年の集大成として9.21に東京で開催　豪華ゲストも（サンケイスポーツ）,https://news.yahoo.co.jp/articles/b2fb2beb8954ff591fd4a54c0d469636ce4f6299,https://newsatcl-pctr.c.yimg.jp/t/amd-img/20260812-00000006-sanspo-000-1-view.jpg?exp=10800,2026-08-12T05:00:01+09:00,2026-08-12T05:00:01+09:00,サンケイスポーツ,sanspo,サンケイスポーツ,581,９年ぶりにディナーショーを開く舘ひろし。10日には同日が命日の渡哲也さんの墓参りをした 俳優、舘ひろし（76）が9月21日に東京・渋谷のセルリアンタワー東急ホテルで9年ぶりとなるディナーショー（午後5時半から食事、同6時半からショー）を行うことが11日、分かった。 1976年に映画「暴力教室」で俳優デビューした舘が、「感謝の気持ちを込めて、皆さまと一緒に特別な夜を過ごせれば幸いです」と芸能生活半世紀をトークディナーショーで締めくくる。 舘にとってのディナーショーは2009、13、17年に続き9年ぶり4回目。開催日の9月21日は、舘がボーカルを務めたロックバンド、クールスのデビュー曲「紫のハイウェイ」（1975年）の発売日でもある。 俳優として「西部警察」「あぶない刑事」シリーズ、映画「終わった人」や歌手としても自ら作曲した「泣かないで」がヒットし、NHK紅白歌合戦に出場するなど映画、ドラマ、音楽と多岐にわたり活躍してきた。 デビュー50周年を「早かったのか、長かったのか…」と回顧。「石原（裕次郎）さん、渡（哲也）さんたちと歩んだ石原プロでの日々。今なお続く『あぶない刑事』の絆。舘プロを立ち上げ、新たな夢として挑戦している映画製作」と多くの出会いと、かけがえのない時間に思いをはせた。 当日は豪華ゲストも登場。50年の集大成となる特別な一夜になる。,[],[]
【オール兵庫王座決定戦】登玉隼百が高実績機仕上げて2走18点クリアへ／尼崎ボートレース（サンケイスポーツ）,https://news.yahoo.co.jp/articles/1f3c63ff2eed6f75b0b903dc79ca41d0519bfa65,https://newsatcl-pctr.c.yimg.jp/t/amd-img/20260812-00000005-sanspo-000-1-view.jpg?exp=10800,2026-08-12T05:00:01+09:00,2026-08-12T05:00:01+09:00,サンケイスポーツ,sanspo,サンケイスポーツ,251,登玉隼百 尼崎ボートの「第54回オール兵庫王座決定戦」は12日、予選最終日となる4日目が行われる。 大勝負になる。登玉隼百（27、兵庫）は3日目7Rを4着。初戦をインから逃げ切った後は舟券に貢献できず得点率30位タイと低迷。「回っていないと思って調整をしたら試運転はよかったのに本番は回り過ぎ」と頭を悩ませる。39号機は前節の中島孝平が優勝、今節も出走する加藤が6月の74周年でGⅠ初制覇しており「エンジン自体はいい」と高評価する。4日目1、7Rで18点ノルマと壁は高いが、きっちり仕上げてクリアする。,[],[]
エンゼルス投手コーチ3人電撃解任…異例、シーズン終了待たず断行　30球団ワースト与四球　新GM、トレードに続き大胆な再建　菊池雄星所属（サンケイスポーツ）,https://news.yahoo.co.jp/articles/6b75e9697e73db7640bacc32c6581120f23e2fe0,https://newsatcl-pctr.c.yimg.jp/t/amd-img/20260812-00000003-sanspo-000-4-view.jpg?exp=10800,2026-08-12T04:03:00+09:00,2026-08-12T09:10:57+09:00,サンケイスポーツ,sanspo,サンケイスポーツ,379,エンゼルス・スズキ監督 米大リーグ、エンゼルスが11日（日本時間12日）、マイク・マダックス投手コーチ、ダリル・スコット投手コーチ補佐、ドム・チティブルペンコーチを解任したと発表した。 【写真】レンジャーズ時代にダルビッシュを指導したマダックス投手コーチ 今季のエンゼルスはメジャー30球団ワーストの与四球508、防御率はリーグワースト5位となっている。マダックス投手コーチはメジャー通算355勝を誇り、レンジャーズのGM特別補佐を務めるグレッグス・マダックス氏の兄でブルワーズ、レンジャーズ、ナショナルズ、カージナルスと長年投手コーチを歴任し、昨年オフにエンゼルスの投手コーチに就任していた。 菊池雄星が所属するエンゼルスは6月にミナシアンGMを解任し、ジョン・モゼリアク氏が新GMに就任。トレード期限で主軸を大量放出するなど本格的な再建に舵を切っていた。,[],[]
なにわ男子・大橋和也、「CHINTAI」新CM出演「本職のアイドルとして頑張らせてもらった」（サンケイスポーツ）,https://news.yahoo.co.jp/articles/af3d5b9855ac11ff4c7c9c8ce47e06e418534869,https://newsatcl-pctr.c.yimg.jp/t/amd-img/20260812-00000002-sanspo-000-1-view.jpg?exp=10800,2026-08-12T04:00:00+09:00,2026-08-12T04:00:00+09:00,サンケイスポーツ,sanspo,サンケイスポーツ,531,「CHINTAI」の新CMに出演する大橋和也 人気グループ、なにわ男子の大橋和也（29）が部屋探しのリーディングカンパニー「CHINTAI」の新CMに出演することが11日、分かった。 新CMは15日から東京、大阪、名古屋などの全国26エリアで放映開始。ミラーボールが輝く近未来的な空間を舞台に、AIを活用した検索サービス「CHINTAIエージェント」をアピールする。 撮影では、クールな表情や動きを抑えて表現する演出が印象的だったというが「関西人なので、『何かしたろかな』と思っていたんですが、絶対にやったらダメだと思い、心の中にとどめておきました（笑）」と告白。「（CHINTAI公式マスコットキャラクターの）チンタイガーが僕たちの楽曲を踊ってくれたことも印象に残っています」とはにかんだ。 今作ではアイドルらしいキラキラの衣装を着こなしており、「本職のアイドルとして頑張らせてもらいました」とドヤ顔。「ファンの皆さんのことを一瞬たりとも忘れず、考えていること」が自身がキラキラでいられる理由だと明かし、「僕がこうして活動できているのは、ファンの皆さんの声や存在があるからこそ。一人一人を大切にすることが、僕のキラキラを保てている理由なのかな」と思いをはせた。,[],[]
EBiDAN、15周年シングル「Yes! 東京」が5週連続1位　オリコン週間ストリーミングランキング（サンケイスポーツ）,https://news.yahoo.co.jp/articles/94204b44150bd90e02cc4a5c787beb2972b46227,https://newsatcl-pctr.c.yimg.jp/t/amd-img/20260812-00000001-sanspo-000-1-view.jpg?exp=10800,2026-08-12T04:00:00+09:00,2026-08-12T04:00:00+09:00,サンケイスポーツ,sanspo,サンケイスポーツ,483,EBiDANの15周年記念シングル「Yes! 東京」が17日付オリコン週間ストリーミングランキングで5週連続1位を獲得 男性アーティスト集団、EBiDANの15周年記念シングル「Yes! 東京」が17日付オリコン週間ストリーミングランキングで5週連続1位を獲得したことが11日、分かった。 同一アーティストによる5週連続1位獲得は、米津玄師の「IRIS OUT」、M!LKの「爆裂愛してる」に続く、今年度3組目。 また、7人組グループ、Travis Japanの新曲「On My Road（Stadium ver.）」が、17日付オリコン週間デジタルシングル（単曲）ランキングで初週DL数2.1万DL（2万1183DL）で初登場1位を記録した。 3月2日付での「陰ニモ日向ニモ」に続き、自身通算11作目のデジタルシングル1位を獲得。同曲は、彼らがMCを務めるフジテレビ系バラエティー「けるとめる」（月曜後11.0）のサッカー応援ソングとしてもオンエアされている。 一方、デジタルアルバムの首位は、韓国の男性8人組、Stray Kidsの最新作「THIS＆THAT」。,[],[]
爆風スランプ、35年ぶり武道館　8000人と大きな玉ねぎの下で〝爆音〟ステージ　来年はZeppツアー（サンケイスポーツ）,https://news.yahoo.co.jp/articles/8b70b659cf81e96bbe354726fc8129d61ef15483,https://newsatcl-pctr.c.yimg.jp/t/amd-img/20260812-00000000-sanspo-000-1-view.jpg?exp=10800,2026-08-12T04:00:00+09:00,2026-08-12T04:00:00+09:00,サンケイスポーツ,sanspo,サンケイスポーツ,1072,念願の日本武道館で〝祭〟を繰り広げた爆風スランプの左２人目からバーべＱ和佐田、サンプラザ中野くん、パッパラー河合、ファンキー末吉と爆笑をさらった小島よしお＝東京・北の丸公園（Photo by 池村隆司） ロックバンド、爆風スランプが11日、東京・日本武道館で単独公演「爆風スランプ 2026 LIVE at 日本武道館～歌え、大きな玉ねぎの下で」を行った。1991年以来35年ぶりに〝聖地〟に帰還。来年9月からは全国5都市でZeppツアーを開催すると発表。平均年齢66歳の4人が関東に上陸した台風15号にも負けない爆風で、8000人を熱狂の渦に巻き込んだ。 爆風スランプが大きな玉ねぎの下で、再び爆音を響かせた。 35年ぶりに降り立った聖地に、サンプラザ中野くん（65）は三方向へ深々とお辞儀し、ごあいさつ。「大きな玉ねぎの下で」から幕を開け、武道館でペンフレンドの空席を嘆く悲恋の歌が、この夜は客席を埋め尽くすファンの前でこだました。 中野くんは「35年ぶりのご帰宅でございます！長い間、留守にしてしまってすまなかったぜ武道館～！」と謝罪。「どうしても見たいっていうチャンホンって奴も外に見に来てくれている」と台風も笑いに変えた。 1982年に結成し、84年8月にメジャーデビュー。翌年の12月13日に初武道館公演を行い、同所の屋根の擬宝珠（ぎぼし）を玉ねぎに見立てた「大きな玉ねぎの下で」が誕生。99年からの活動休止をへて40周年を迎えた24年に再結集した。 「あの頃の中高生が中高年に～！」を合言葉に、「それから」「えらいこっちゃ」などを次々と熱唱。「外は台風、中は爆風」のかけ声とともに始まった代表曲「Runner」は落ちサビを8000人と大合唱。 バンド初期の頃、メンバーが靴をくわえてヘッドバンキングする演出が恒例となっていた「ほら、アホになる」では、上半身裸になったパッパラー河合（65）を中心に4人で再現。観客も来場者プレゼントのスリッパで応戦した。 縁のゲストも花を添えた。オープニングナレーションには「東の島にブタがいた Vol．2」を楽曲提供した小泉今日子（60）。「東京ラテン系セニョリータ」の振り付けを担当したラッキィ池田（66）、中野くんの早大の後輩、小島よしお（45）が駆けつけ、盛り上げた。 24曲を披露し、中野くんは「今日をもちまして爆風スランプは終わらないです。2027年にツアー決定！」と発表。ファンに吉報と爆風を届けた4人は「大きな玉ねぎの下で」を再び熱唱し、大円団で凱旋公演を締めくくった。（橋本真緒）,[],[]
