headline,mainEntityOfPage,image,datePublished,dateModified,author,media_en,media_jp,str_count,body,images,external_links
ACEes深田竜生、浮所飛貴の意外な姿暴露「夏色の雲が恋と嵐をまきおこす」スペシャルメイキングPart2配信（モデルプレス）,https://news.yahoo.co.jp/articles/366a102756abdbe7cf2dfae35b443b6d695df5cc,https://newsatcl-pctr.c.yimg.jp/t/amd-img/20260905-04839973-mdpr-000-1-view.jpg?exp=10800,2026-09-05T23:30:05+09:00,2026-09-05T23:30:05+09:00,モデルプレス,mdpr,モデルプレス,1733,深田竜生、浮所飛貴（C）テレビ朝日・ストームレーベルズ 【モデルプレス＝2026/09/05】ACEesの深田竜生が連続ドラマ単独初主演を務めるテレビ朝日系オシドラサタデー「夏色の雲が恋と嵐をまきおこす」（毎週土曜よる11時～）。本作のスペシャルメイキング【Part2】が、9月5日23時30分よりTELASAにて独占配信スタートした。 【写真】STARTOイケメン、現場での貴重な姿 ◆「夏色の雲が恋と嵐をまきおこす」スペシャルメイキングPart2配信 高校3年生の武宮夏輝（深田）は、姉・武宮莉緒（田辺桃子）のボーイフレンドであり、自身の家庭教師でもある小早川蒼汰（浮所飛貴）との出会いによって、初めて“人をちゃんと好きになる”という感情に向き合うことに。そんな夏輝からの思いがけない告白に、蒼汰は戸惑いながらも、やがてその気持ちを受け止める。そして、自分の中に芽生えた“好き”が友情なのか、恋なのか。その気持ちの種類を確かめるように、夏輝との楽しい時間を重ねてきた。 一方、夏輝の複雑な思いにいち早く気づき、応援していた莉緒をはじめ、母・十和子（羽田美智子）や父・悟郎（井上肇）も、最初は戸惑いながらも夏輝の思いを受け止め、理解を示すように。蒼汰との時間を満喫する夏輝だったが、第9話のラストでは、蒼汰から衝撃的な事実が明かされることに。 夏輝と蒼汰の関係に暗雲が立ち込める中、いよいよ最終回を残すところとなった本作。そんな同作のスペシャルメイキング第2弾が、TELASAで独占配信スタートした。撮影を重ねるごとに絆を深め、本当の家族のようになっていった深田、浮所、田辺、羽田、井上らキャスト陣。メイキング第2弾では、『武宮家 真夏の家族会議 part2』を開催。第1弾で不在だった井上も参加し、ついに武宮家が全員集合をはたす。仲を深めた今だからこそ語れる秘蔵エピソードが続々飛び出すほか、ここでしか見られない素顔と、撮影の裏側をたっぷり届ける。 ◆深田竜生、浮所飛貴の印象に変化 「撮影を通して印象が変わった人は？」というテーマでは、深田が浮所について「意外と落ち着きがない」とまさかの告白。浮所は「みんなそんなこと思ってない！！」と全力で否定するが、深田は「2人のシーンだと、セットの至るところをいろいろあさり出すんですよ」と暴露。さらに、そんな深田の証言を裏付けるような浮所のオフショットも続々登場する。 また、深田と浮所がそれぞれの部屋のセットで昼寝をしていたことも話題に。浮所が「夏輝の部屋では眠れない」と語ると、深田も「蒼汰の部屋は落ち着かない」と告白。さらに深田が「寝たくはなかったけど、役作りで」と言い訳すると、浮所もすかさず同意。そんな2人が“役作り”と言いつつ、すっかり本気で寝入ってしまった貴重な姿も公開する。 夏輝が親友の真田和春（阿久津仁愛）や紺野亮（丈太郎）と集まるシーンの合間に開催された、ニコニコさわやかお化け選手権の様子も。夏輝が蒼汰を例えた劇中のセリフにちなんで、“ニコニコさわやかお化け”の演技を競うことになるが、はたして、深田、阿久津、丈太郎の2人はどんな演技を見せてくれるのか。 さらに、深田が柳陸役の猪俣玲音と撮影の合間にまるで親友のように遊ぶ姿や、深田と浮所がテニスの練習をする様子など、ここでしか見られない貴重な映像が満載。本人たちが語る撮影裏話とともに、本当の家族のような和気あいあいとした現場の魅力を存分に楽しめる。 メイキングでは、役に真剣に向き合う深田と浮所の姿もたっぷり公開。深田は、田口浩正らベテラン俳優陣のアドリブ演技を間近で見たことで得た学びや刺激、撮影現場で感じた思いについても明かしている。 さらに、夏輝が蒼汰に想いを思わず告白してしまう重要なシーンの裏側にも密着。撮影を前に心境を明かす深田の姿をはじめ、本編には映っていない、夏輝の心情を物語るような指先の動きなど役に入り込んだ姿も紹介する。 キャスト陣がそれぞれの役に真摯に向き合っている現場の熱量が伝わる、見応えたっぷりのメイキングとなっている。（modelpress編集部） 【Not Sponsored 記事】 modelpress,[],[]
土ドラ「告白」爽太（松村北斗）＆麻里子（岡崎紗絵）がキス 25年の片想いが急展開（モデルプレス）,https://news.yahoo.co.jp/articles/046189715b149b590f98546a7b4f7b35907c5c26,https://newsatcl-pctr.c.yimg.jp/t/amd-img/20260905-04839513-mdpr-000-1-view.jpg?exp=10800,2026-09-05T21:54:03+09:00,2026-09-05T21:54:03+09:00,モデルプレス,mdpr,モデルプレス,858,岡崎紗絵、松村北斗「告白－25年目の秘密－」第8話（C）日本テレビ 【モデルプレス＝2026/09/05】SixTONES・松村北斗が主演を務める日本テレビ系ドラマ「告白－25年目の秘密－」（毎週土曜よる9時〜）の第8話が、5日に放送された。25年の片想いが急展開を迎えた。＜※ネタバレあり＞ 【写真】STARTO主演土ドラヒロイン、一人二役で瓜二つの母親役 ◆松村北斗主演「告白－25年目の秘密－」 本作は、純愛と狂気の狭間を描くラブサスペンス。「野瀬化粧品」総務部に勤務する主人公・雪村爽太（松村）は、野瀬麻里子（岡崎）に25年間片想いを続けてきた。その感情は純愛か、それとも執着という名の狂気なのか。25年前に起きた凄惨な事件と、それぞれが抱える秘密が深く関係している。 ◆「告白」麻里子（岡崎紗絵）、爽太（松村北斗）を尾行 第8話では、25年間も陰でコソコソ動き回ってきたことがバレた爽太が、麻里子から距離を置き始めた。麻里子は、爽太のことが頭から離れなくなり、秘書の竹田泉（佐々木希）と娘の紗良（泉谷星奈）を連れて、仕事帰りの爽太を尾行した。 そんな中、爽太に復讐しようとする畑野悟（田中要次）が、爽太をおびき出すために麻里子を誘拐。助けに向かった爽太は、畑野に包丁で切りつけられながらも必死に麻里子を守った。 ◆「告白」爽太（松村北斗）＆麻里子（岡崎紗絵）がキス 駆け付けた刑事・佐倉泰輔（玉山鉄二）に救われた爽太は、麻里子に25年分の想いを告白。「麻里子さんを失ったら、僕の人生にはなんにも残りません。だって麻里子さんが僕の人生に現れてから今日まで、僕はずっと幸せでした」。そんな爽太に、キスをする麻里子。しかしその裏で、爽太の親友・相良友也（塩野瑛久）の“復讐”が動き始め…。 9月12日（土）放送の第9話では、爽太が25年の間にしてきたことを洗いざらい打ち明ける。全てを聞き終えた麻里子は、ある決断を下し…。（modelpress編集部） 【Not Sponsored 記事】 modelpress,[],[]
登録者100万人超YouTuberきりまる、入籍報告 “交際約4年”夫を初顔出し＆密着ショット公開「大好きだーーーーー！」（モデルプレス）,https://news.yahoo.co.jp/articles/6a49ccbed0b2f40d68102051eefc9fcfdb276c75,https://newsatcl-pctr.c.yimg.jp/t/amd-img/20260905-04840075-mdpr-000-4-view.jpg?exp=10800,2026-09-05T21:38:50+09:00,2026-09-05T21:58:35+09:00,モデルプレス,mdpr,モデルプレス,608,きりまる 【モデルプレス＝2026/09/05】YouTuberのきりまる（28）が9月5日、自身のInstagramを更新。入籍したことを報告した。 【写真】登録者100万人超YouTuber（28）“初顔出し”イケメン夫とのラブラブ自宅ショット ◆きりまる、入籍を報告 きりまるは「【ご報告】8月8日に入籍しました！！！」と報告。「付き合って約4年経っても毎日ずっと楽しくて仕方がない！！！！」と明かし、「おじいちゃんとおばあちゃんになってもずっと仲良く、元気で長生きしようね！！！」「私と出会ってくれて結婚してくれて、ほんとうにありがとう 大好きだーーーーー！」と夫へのメッセージをつづった。 投稿では、これまで顔出しをしていなかった夫の姿も初公開。自宅や芝生での仲睦まじい入籍記念ショット、過去のデート写真などを多数披露している。 ◆きりまるプロフィール 1998年1月3日生まれ。大分県出身。YouTubeやInstagramにて主にコスメ・ファッションを発信。YouTubeチャンネル登録者100万人超、SNS総フォロワー250万人超。見た目の可愛さ、さらに自身の考え方や思いなどオープンに出す内容が多くの女性の共感を得ている。2026年1月17日には、自身のYouTubeチャンネルで結婚することを報告していた。（modelpress編集部） 【Not Sponsored 記事】 modelpress,[],[]
サンドウィッチマン富澤、相方・伊達のリハビリに思わずツッコミ「お前どんだけ俺のこと好きなんだよ！」脳梗塞で入院中（モデルプレス）,https://news.yahoo.co.jp/articles/9ecf5b257eb36f976fa0f38f1158935cc99e19f6,https://newsatcl-pctr.c.yimg.jp/t/amd-img/20260905-04840059-mdpr-000-3-view.jpg?exp=10800,2026-09-05T21:12:14+09:00,2026-09-05T21:16:35+09:00,モデルプレス,mdpr,モデルプレス,1062,富澤たけし 【モデルプレス＝2026/09/05】お笑いコンビ・サンドウィッチマンがコンビでパーソナリティを務めるラジオ番組「サンドウィッチマン ザ・ラジオショーサタデー」（ニッポン放送／毎週土曜13時～15時）が、9月5日に放送された。休養中のため同番組を欠席した伊達みきおの様子を、相方の富澤たけしが明かした。 【写真】サンド伊達みきお、今年3月に撮影の笑顔ショット ◆富澤たけし、伊達みきおの誕生日の贈り物を明かす この日は入院中の伊達の代打として、同郷・宮城県出身のお笑い芸人・狩野英孝が登場した。冒頭で「今日は素晴らしき日ですよね」と話を振られた富澤は「何かあったの？」と1度とぼけるも「まあね、伊達さんの誕生日」と返答。そして「（伊達は）何歳ですか？」と聞く狩野に、富澤は「52」と回答し「まさか病気で迎えるとは思ってなかったでしょうけど」と語っていた。 狩野から誕生日はお互いにプレゼントを贈り合うのか質問されると富澤は「プレゼントは毎年やっていますよ」と回答。プレゼントの内容については「基本たばこ。ただ、今回はちょっとね〜。たばこをあげるわけにもいかないんでね。今回はAIロボットを買って。喋ると、こう喋ってくれるやつみたいなのを探して」と健康面に配慮しつつ、リハビリも兼ねた贈り物をしたと明かした。 ◆富澤たけし「お前どんだけ俺のこと好きなんだよ！」入院中の伊達みきおにツッコミ また、富澤はラジオの放送前日に伊達と面会したといい「全然初日よりは良くなっている」「（リハビリで）早口言葉みたいな紙が置いてあったり、字を書いたりして。ちょっとずつ、上手くなっていた」と現在は回復の兆しを見せていると報告。さらに字を練習しているメモには最初に伊達の名前と家族の名前、その次に富澤の名前が書かれていたそうで「『お前どんだけ俺のこと好きなんだよ！』って」とツッコミを入れていた。 ◆伊達みきお、脳梗塞と診断 8月28日、公式サイトでは、伊達について「先日、体調不良を訴え病院で検査を受けたところ、脳梗塞と診断されました」と報告。「医療関係者の皆様に迅速にご対応いただいたこともあり、幸い大事には至らず、現在は入院治療を受けております」とし、当面の間は治療に専念し、休養することを伝えた。なお、同時に10月から開催予定だった「サンドウィッチマンライブツアー2026」は全公演開催を中止することを発表した。（modelpress編集部） 情報：ニッポン放送 【Not Sponsored 記事】 modelpress,[],[]
板野友美、YouTube撮影めぐる指摘に謝罪・説明「ホテル側より特別に撮影許可」脱衣所での撮影が物議（モデルプレス）,https://news.yahoo.co.jp/articles/7a274ff0f70280bbe2d03d4cf8a9fd1a89e83e8d,https://newsatcl-pctr.c.yimg.jp/t/amd-img/20260905-04840049-mdpr-000-2-view.jpg?exp=10800,2026-09-05T20:50:50+09:00,2026-09-05T20:55:20+09:00,モデルプレス,mdpr,モデルプレス,597,板野友美 【モデルプレス＝2026/09/05】元AKB48でタレントの板野友美が9月5日、自身のX（旧Twitter）を更新。YouTube撮影をめぐるSNSでの指摘を受け、謝罪し、経緯を説明した。 【動画】35歳元AKB神7「ホテル側より特別に撮影許可」ラグジュアリーホテルで過ごす様子 ◆板野友美、YouTube動画めぐり謝罪 板野は9月3日に「【夏休み】ひさしぶりに親子3人で日光家族旅行【vlog】」と題した動画を公開し、家族3人でザ・リッツ・カールトン日光で過ごす様子を披露。SNS上では、共用部分である大浴場の脱衣所でカメラを回していることが物議を醸していた。 Xで板野は、脱衣所での撮影を指摘する投稿を引用し、「誤解を招くような表現となってしまい、申し訳ございません」と謝罪。「こちらのシーンにつきましては、ホテル側より特別に撮影許可をいただいた上で撮影しております」と説明し、「また、本動画についても、リッツ・カールトン様に撮影協力いただいております」と記している。 ◆板野友美＆高橋奎二選手、2021年に結婚 板野は2021年1月に、東京ヤクルトスワローズの高橋奎二選手との入籍を発表。同年10月に第1子となる長女を出産したことを報告していた。娘は“ベビちん”の愛称で親しまれている。（modelpress編集部） 【Not Sponsored 記事】 modelpress,[],[]
「名探偵コナン」30周年記念作品「金曜ロードショー」で9月25日放送 ゲスト声優に池田エライザ【30号殺人事件】（モデルプレス）,https://news.yahoo.co.jp/articles/ef50b5dd5959dd694834192c0d9b2115a687d964,https://newsatcl-pctr.c.yimg.jp/t/amd-img/20260905-04839842-mdpr-000-1-view.jpg?exp=10800,2026-09-05T20:30:02+09:00,2026-09-05T20:30:02+09:00,モデルプレス,mdpr,モデルプレス,3973,「30号殺人事件」（C）青山剛昌／小学館·読売テレビ·TMS 2026 【モデルプレス＝2026/09/05】9月25日の読売テレビ・日本テレビ系全国ネット「金曜ロードショー」にて、名探偵コナン「30号殺人事件」の放送が決定した。 【写真】「名探偵コナン」ゲスト声優務める人気女優 ◆「金曜ロードショー」名探偵コナン「30号殺人事件」放送 放送30周年のTVアニメ「名探偵コナン」。今回「金曜ロードショー」で放送するタイトルは、昨年末にYouTube特番で解禁した「30号殺人事件」。新紙幣偽造に端を発する国家の危機に、コナン史上最大級のオールスターキャストで挑む。 本日9月5日地上波で「鳥人間コンテスト爆破事件（後編）」エピソードの後に「30号殺人事件」の特報を放送し、放送枠とティザービジュアルを解禁。また、放送後のよる6時30分から、【アニメ】公式YouTubeチャンネルにて特別番組「30周年の全力情報解禁（フルスロットル）!『30号殺人事件』が楽しみ過ぎてバーロースペシャル～！！」を配信し、池田エライザのゲスト声優出演を解禁。本人のインタビューも配信した。 そして「30号殺人事件」でゲストアナウンサーとして出演するNTV河出奈都美アナウンサー、ytv増田陽名アナウンサー、監督を務める鎌仲史陽氏、脚本の櫻井武晴氏のコメントも解禁。ほか番組では、1月3日「エピソード“ZERO” 工藤新一水族館事件」放送から始まった30周年のラインナップを振り返り、さらに9月以降の30周年ラインナップを一挙に解禁した。（modelpress編集部） ◆ゲスト声優：池田エライザ 警察庁科学警察研究所 文書鑑定技官：里見透子 科学鑑定の専門家。被害者が所持していた紙幣の鑑定を担当し、“本物そっくりのニセ札”であると断定する。 Q.アフレコを終えての感想をお聞かせください。 今回もかなり面白い内容になっているなと感じました。それに自分の声が乗っているということがすごく恐縮ではあるですが、とても光栄だなと感じています。 Q.今回初めてのアフレコ挑戦で、難しいと感じたところはありますか？ 事前に見学させていただき、プロの皆様の技を近くで見させていただけたので、見て学びながら、アフレコできました。まだまだ拙いなと思うところはたくさんあったのですが、すごく有難くて楽しい体験でした。 Q.今回演じられたキャラクターの魅力や演じるにあたって意識されたポイントを教えてください。 専門職というか、技術者なので、そういうカッコ良さみたいなものが出たらいいなと思いました。ただ、自分が普段からハキハキ話すタイプではないので、自分とのギャップをどうやって埋めるかが、すごく難しかったです。こういう声だったら透子かっこいいだろうなっていう理想に自分が寄せていかなきゃいけなかったので、そういう部分はすごく大変だったのですが、その努力はしてみてよかったなと思います。皆さんが聞いたときに違和感があまりないといいなと、本当に切に願います。「ニセ札」とか「技術者」とか、早く言うと難しい日本語っていっぱいあって、そこにちょっと苦戦しましたね。ぜひ、「ニセ札」って早口で皆さんにも言ってみてもらいたいです。 Q.放送30年を記念したテレビスペシャルのオファーを受けたときのお気持ちは？ 自分も最近30周年を迎えて、コナンと同じ時代を過ごしてきたんだなっていうのがすごく嬉しいですし、アニメコナンが30年間まるっとずっと愛され続けているというのは、本当にすごいことだなと思いました。私も子供の時から今に至るまで、いつもハラハラドキドキ楽しませていただいているので、これからもともに歩んでいけたらいいなって思います。 Q.今回の「30号殺人事件」の中で印象的なシーンはありましたか？ 推理の部分も、もちろん印象的ではあるんですけれども、コナンのスペシャルや劇場版ってスケール感がとてつもなくあるので、そういうスケール感みたいなのも楽しんでいただけるんじゃないかなと思います。 Q.視聴者の方にメッセージをお願いします。 2時間スペシャルということで、今回もコナンの、そしてコナンの周りのみんなの魅力がふんだんに詰まっている物語になっています。絶対にハラハラドキドキするはずです。ぜひお楽しみください。 ◆ゲストアナウンサー：河出奈都美NTVアナウンサー Q.アフレコを終えての感想をお聞かせください。 とにかく楽しかったです。コナンのアフレコに今参加しているんだという実感が沸いているような沸いていないような夢のような時間だったんですけど、台詞を話している時一瞬一瞬が楽しくて、ワクワクしながらやらせてもらいました。 Ｑ.オファーを受けた時のお気持ちは？ アナウンス部長から「コナンのアフレコのオファーが来ている」と聞いた瞬間、最初は信じられなくて。コナン好きとしては夢でした。日本テレビに入社した一つの夢といっても過言ではなかったので、いつかコナンの世界に入ってみたいという夢が叶った瞬間でもありました。今回30周年ということで、実はコナンアニメスタートと生まれ年が同じ96年なので、本当に96年に生まれて良かったと心の底から思いました。 Ｑ実際にアフレコして難しかったところはありますか？ アナウンサーとして普段ニュースを読んでいる時と、アナウンサー役として台詞を読むのは全く違うということを実感しました。やはりアニメの世界のキャラクターとして声をあてるということと、普段ニュースを読むのとでは、熱量の込め方、表現の出し方が違うなと。アニメの台詞という意味では抑揚をつけたという感じです。やはり貴重な経験でしたね。 Ｑ.「名探偵コナン」はどんな存在ですか？ 人生の「伴走者」のような存在です。はじめてコナンを読んだのが小学校１、2年生の頃だったので当時はコナンや少年探偵団のような気持ちで見て。その後自分も成長していって今度は蘭姉ちゃんや園子、新一と高校生たちと同じ気持ちでコナンを見て。今は安室さんや佐藤刑事など刑事さん達の大人の恋心にも共感できるようになって、キャラクターそれぞれの世代の気持ちに共感しながらコナンとともに30年、人生成長できたなと思うので、コナンの30周年の作品に携われたのは運命だなと思います。 ◆ゲストアナウンサー：増田陽名ytvアナウンサー Q.アフレコを終えての感想をお聞かせください。 あっという間の時間でした。私が今回、声をあてたのはアナウンサーの役なので、演技という演技はいらなかったんですが、「もっと訴えかけるように言ってください」というご指示もいただいて。たしかにアニメの時に聞くアナウンサーの声は、訴えている雰囲気があったりとか、それで自然にみえるということがスタジオに立ってわかりました。今日はコナンのキャストの皆さんのアフレコも拝見して、皆さんがこんなに声で表現されているんだと知って圧巻でした。見学の際に、江戸川コナン役の高山みなみさんがガヤを一緒にやろうとスタジオに誘ってくださったんですけど、それぞれのキャラクター感や息遣いが出ていて、「この声、ずっと小さい時から聞いていた声だ！」と実感しました。 Q.「名探偵コナン」はどんな存在ですか？ 宝物です。コナンが好きだから小さい時から両親や、学校で友達と話して盛り上がりました。読売テレビを受ける時も「コナンくんの局だ」「この局で働けたら最高だろうな」と自分の背中を押してくれて、そして今自分がアフレコに参加させてもらえるのはコナンくんのおかげだなと思います。 Q.視聴者の方へメッセージをお願いします。 大事な2時間SPにゲストアナウンサー役として参加させていただきます。「名探偵コナン」はたくさんのファンの方がいて、それぞれのファンの方が大切にしている作品なので、そこに少しだけでも関わることができたのは本当に光栄ですし、これを糧に今後頑張っていこうと思うくらい、自分にとって幸せなことでした。豪華な2時間SPになっているので、30年の歴史と一緒に楽しんでもらえたらと思います。 ◆監督：鎌仲史陽氏コメント 日本で発生したニセ札事件！国家に関わる事件にコナンをはじめ毛利小五郎、服部平次たち探偵と警視庁や警察庁、各県警が立ち向かいます。犯人はニセ札を使い、どのような犯行を行ったのか？！櫻井武晴さん脚本によるコナンたちの活躍を是非ご覧ください。 ◆脚本：櫻井武晴氏コメント テレビアニメの記念作品である今作は『お祭』であるべきだと思いました。ならば、できるだけ多くのレギュラーに参加してもらいたい。その場合、全国に散らばっている多くの警察官を出すにはどうすればいいか。そう考え、全国に展開できる事件として『ニセ札事件』を取り上げました。ジャンルはテレビオリジナルアニメの醍醐味であるミステリー、そして2時間枠のアニメということで劇場版のようなアクションも盛り込みました。是非ご覧ください。と言いつつ、完成した作品は私もまだ見ていません。皆さんと一緒に放送を楽しみにしたいと思います。 ◆あらすじ 『東都タワー』がデザインされた新一万円札が発行され世間が賑わうなか、コナンと少年探偵団、阿笠博士と蘭と園子は日本紙幣印刷局の長野工場を訪れた。一方、警視庁では殺人事件の現場からニセ札が見つかり、捜査本部を設置。ニセ札流通という前代未聞の報道で世間が混乱するなか、コナンと平次はニセ札が印刷されたとみられる大阪へ。新紙幣偽造に端を発する殺人事件という国家の危機に、コナン史上最大級のオールスターキャストで挑む。 【Not Sponsored 記事】 modelpress,[],[]
「VIVANT」乃木（堺雅人）の目に一点の光 第17話場面写真1カット先行解禁（モデルプレス）,https://news.yahoo.co.jp/articles/fa3b746fb26695a8e7d8aa0af4b24001b4862d8c,https://newsatcl-pctr.c.yimg.jp/t/amd-img/20260905-04839784-mdpr-000-1-view.jpg?exp=10800,2026-09-05T20:00:03+09:00,2026-09-05T20:00:03+09:00,モデルプレス,mdpr,モデルプレス,665,堺雅人（C）TBS 【モデルプレス＝2026/09/05】俳優の堺雅人が主演を務めるTBS系日曜劇場「VIVANT」（毎週日曜よる9時～）の第17話が、6日に放送される。この度、放送を前に場面写真1カットが先行解禁された。 【写真】「VIVANT」視聴者驚愕の“裏切り者”の正体 ◆「VIVANT」第17話場面写真先行解禁 前回放送の第16話では、野崎（阿部寛）のシンシーへの潜入が“二重スパイ”であることがリュウ ミンシュエン（堺／三役）によって暴かれ、乃木（堺）が悲願とする黒須（松坂桃李）ら仲間の奪還に暗雲が立ち込めた。また、野崎が暗号化して日本に送っていたメッセージも解読され、絶体絶命のピンチに陥った。 そんな中、今回公開された写真の乃木の目には一点の光が。この輝きが希望の光であることを願いたい。しかし、拉致された仲間を巡る状況は困難を極めていく。乃木の視線の先にあるのは希望か絶望か。 ◆堺雅人主演「VIVANT」 2023年7月から9月に放送された日曜劇場「VIVANT」。主人公のエリート商社マン・乃木憂助が、国内外で民間人に紛れて諜報活動を行う自衛隊直轄の非公認組織「別班」の一員として、生き別れた実の父親であるノゴーン・ベキ（役所広司）が率いるテロ組織「テント」の真相に迫っていく物語である。復讐を果たそうとする実の父・ベキを乃木が射殺し、すべては終わったかに見えた。しかしその裏で、新たな冒険はすでに動き出していた。（modelpress編集部） 【Not Sponsored 記事】 modelpress,[],[]
蒼井優「Tシャツが乾くまで」“演じるのが一番難しかったであろう”登場人物明かす「意外」「最終回がさらに楽しみになった」と反響（モデルプレス）,https://news.yahoo.co.jp/articles/2752f98a88ee591e6ddbea567449c6b86cc44325,https://newsatcl-pctr.c.yimg.jp/t/amd-img/20260905-04840007-mdpr-000-1-view.jpg?exp=10800,2026-09-05T19:11:54+09:00,2026-09-05T19:11:54+09:00,モデルプレス,mdpr,モデルプレス,953,蒼井優 【モデルプレス＝2026/09/05】女優の蒼井優が9月5日、TBS系「王様のブランチ」（毎週土曜あさ9時30分〜）にVTR出演。自身が主演を務める同局系7月期金曜ドラマ「Tシャツが乾くまで」（毎週金曜よる10時～）について言及した。 【写真】蒼井優「Tシャツが乾くまで」演じるのが一番難しい役どころと語った登場人物 ◆蒼井優主演「Tシャツが乾くまで」 ある夏の日、主人公・瀬尾咲子（蒼井）が、もう1組の夫婦とともに事故に巻き込まれてしまう。それがきっかけで、当たり前に続いていくと思っていた2組の夫婦の幸せな日常が、突如として崩れ去っていくことに。さらに、その事故が暴いたのは、愛する人の“第3金曜日の秘密”だった。第3金曜日、行方不明、Tシャツ…これらのワードが意味することとは。 ◆蒼井優「演じる上で難しかったんじゃないのかな」 この日は、ドラマ内に登場した伏線が最終回で回収されるのか、蒼井と中島歩がマルかバツで答える企画を実施。ドラマでは、咲子の夫・充（松山ケンイチ）が店主を務める喫茶店「ひこうき」の店員・直人（高橋文哉）が、咲子に特別な感情を抱いているようなシーンが度々描かれてきた。 最終回でその真相が明らかになるのかを尋ねられると、2人は揃ってマルとバツの札の中間を示し、蒼井は「答えが出たと思う人と出てないと思う人と様々な気がします」と回答。これを受け「それは視聴者に委ねるという感じですか？」と問われると、中島は「そういうことをはっきりさせんじゃねぇっていうのがこの作品のテーマだったりしますからね」と作品のテーマに触れていた。 蒼井は「直人は演じる上で1番難しかったんじゃないのかなって思います」としつつも、急に感情を爆発させるキャラクターであったことから「でも急に怒ったりします」とコメント。すると物語で樹生を演じた中島も「のっけから（直人に）噛みつかれ倒しているから『何なんだこの子は』みたいな」と樹生の気持ちを振り返り、笑いを誘っていた。 この放送を受け、視聴者からは「意外」「最終回がさらに楽しみになった」「待ち遠しい」「貴重な裏話」などと反響が寄せられている。（modelpress編集部） 情報：TBS 【Not Sponsored 記事】 modelpress,[],[]
中島歩、“オン眉ぱっつん前髪”にイメチェンした理由告白「お茶目でびっくり」「“ガチメガネ”面白すぎ」と話題（モデルプレス）,https://news.yahoo.co.jp/articles/fa1d1ab79b74504a54c39e68da4814dbcd27db8b,https://newsatcl-pctr.c.yimg.jp/t/amd-img/20260905-04839975-mdpr-000-1-view.jpg?exp=10800,2026-09-05T18:50:58+09:00,2026-09-05T18:50:58+09:00,モデルプレス,mdpr,モデルプレス,670,中島歩 【モデルプレス＝2026/09/05】俳優の中島歩が9月5日、TBS系「王様のブランチ」（毎週土曜あさ9時30分〜）にVTR出演。ぱっつん前髪にイメチェンした理由を明かし話題を集めている。 【動画】“国木田独歩の玄孫”俳優「別人級」衝撃の劇的イメチェン姿 ◆中島歩、ぱっつん前髪に劇的イメチェンした理由告白 この日、中島は同局系7月期金曜ドラマ「Tシャツが乾くまで」（毎週金曜よる10時～）で共演している女優の蒼井優と共に番組に登場した。そして、この時、中島は前髪を眉上の短さに一直線で切り揃えたヘアスタイルに大きなメガネを合わせた姿を披露しており「これは役ですか？」と質問されると「気分転換」と回答。また、隣に座っていた蒼井から「目が悪いんですね？」と話を振られた際には「はい。すごい、度が…」と着用しているのはお洒落メガネではなく、度入りのメガネだと明かした。 これを受け「ガチメガネですか？」と尋ねられた中島は「目がすっごく小さくなっちゃいます」とメガネを顔からずらし、度入りのメガネだと証明。周囲からは「（レンズが）めちゃくちゃ分厚い！」と驚きの声が上がり、お茶目な仕草で笑いを誘っていた。 ◆中島歩のイメチェン理由に反響 ファンからは「魅力的」「“ガチメガネ”面白すぎ」「お茶目でびっくり」「素のキャラ可愛すぎ」「役とのギャップがすごい」「モードな雰囲気も似合う」「イメチェン理由笑った」といった反響が寄せられている。（modelpress編集部） 情報：TBS 【Not Sponsored 記事】 modelpress,[],[]
キンプリ高橋海人、会社設立の理由明かす 給料振込は永瀬廉と交代で担当「何回も確認して、いくよみたいな」（モデルプレス）,https://news.yahoo.co.jp/articles/dd1f6cc3b919fde7b0ad22f3ccce03713d457cbf,https://newsatcl-pctr.c.yimg.jp/t/amd-img/20260905-04839947-mdpr-000-2-view.jpg?exp=10800,2026-09-05T17:20:09+09:00,2026-09-05T19:28:22+09:00,モデルプレス,mdpr,モデルプレス,698,【モデルプレス＝2026/09/05】King ＆ Princeの高橋海人（※「高」は正式には「はしごだか」）が、9月4日放送のTBS系「A-Studio＋」（毎週金曜よる11時～）に出演。会社設立の経緯を明かした。 【写真】キンプリ永瀬＆高橋、双子コーデの密着ショット ◆高橋海人、代表取締役務める会社で永瀬廉と給料を振り込み合う 相方の永瀬廉と共に2024年5月に「King & Prince株式会社」を設立した高橋。同社では永瀬と共に代表取締役社長を務めていることを受け「毎月給料とかを2人で振り込み合っています。今月は俺で、来月は廉でみたいな感じで」と言及。「数字を数えて打ち込むじゃないですか。何回も確認して『いくよ』みたいな。手もこんな震えて」と自分たちで給料を振り込む際のエピソードを明かしていた。 ◆高橋海人、会社設立の経緯明かす また、なぜ会社を設立したかについて聞かれると「King ＆ Princeは自分のアイディアだったり、廉のアイディアだったり、ハンドメイドみたいなスタイルでやっているから、それを直にファンに届けたいって思いが1番強かった」と回答。また「会社をやって制作することに対して責任を持ちたいって話をずっとしていて」と代表取締役社長として本音を語っていた。 ◆「King & Prince株式会社」の会社設立秘話に反響 ファンからは「世界一のアイドル社長」「どこまでもファン思い」「多忙なのにすごい」「真面目で誠実なの伝わる」といった反響が寄せられている。（modelpress編集部） 情報：TBS 【Not Sponsored 記事】 modelpress,[],[]
Snow Man岩本照、タイムトラベルで叶えたいこと「ずっと思ってます」ロマンチックな回答に共演者驚き【タイムトラベラーズ・ワイフ】（モデルプレス）,https://news.yahoo.co.jp/articles/0739110863c062720ab30256adf8bee0bb9cc6ad,https://newsatcl-pctr.c.yimg.jp/t/amd-img/20260905-04839899-mdpr-000-1-view.jpg?exp=10800,2026-09-05T17:00:04+09:00,2026-09-05T17:00:04+09:00,モデルプレス,mdpr,モデルプレス,1603,「タイムトラベラーズ・ワイフ」プレスコール・囲み取材に出席した岩本照 【モデルプレス＝2026/09/05】Snow Manの岩本照が9月5日、都内で開催されたミュージカル「タイムトラベラーズ・ワイフ」プレスコール・囲み取材に、和希そら、日本版上演台本・演出のウォーリー木下氏とともに出席。「タイムトラベルをするならいつの時代に行きたいか？」という質問に回答した。 【写真】スノメンバー、タキシード姿で美人女優と見つめ合い ◆岩本照、タイムトラベルするなら？ 主演の時空を旅する男・ヘンリーを演じる岩本は、初日を迎えた心境について「いよいよ幕が上がるのか、という。楽しみな気持ちが一番大きいですね。ここに来るまですごくスピード感がある稽古期間でした」としみじみ。作品の魅力を「ときめきが多いところが魅力かな、と思います。愛に対してもそうだし、それぞれの時間の使い方についてもそうだし。純粋にときめきが多い作品だな、って」と語った。 ヘンリーは時空を旅する役どころということで、こんがらがることはないかと聞かれると、岩本は「全然こんがらがらないです」とキッパリ。「普段から行ったり来たりあっち行ったりこっち行ったりしてるタイプなので」と明かし「最初にウォーリーさんとお話させてもらったときに、役作りの話について『急にここにいたと思ったらこっちに行って…って、僕が普段から過ごさせてもらっている日常に近い感じがするんですよね』って（話した）。僕はその点についてはなぜか知らないですけど慣れてます！」と胸を張った。 作品にちなみ「もしタイムトラベルするならいつの時代に行きたいか？」という質問に、岩本は「僕はずっと決めてて、両親が恋に落ちた瞬間を見たいな、って」と告白。ロマンティックな答えに周りからは「え〜！」という驚きの声が上がった。岩本は「ここのこの言葉で2人はこうなって寄り添っていくのね、っていうのを僕は絶対に見れないじゃないですか。その瞬間を見たいなってずっと思ってます」と続けた。一方、和希は「私は常々あまり過去に戻りたいとかなくて。未来も知っちゃったらつまらないから行きたくないな、みたいなタイプです。今が充実してる、ってことです」と笑顔で答えた。 ◆岩本照「愛のある人生を過ごしていってほしい」 最後に岩本は、本作は愛や時間がテーマにある作品だと言い「見どころがそれぞれ見る位置によって変わる作品だと思うので、そのときに自分が感じた感情を持って、自分の大切な人と過ごす時間を改めてもう1回考えて、愛のある人生を過ごしていってほしい」とメッセージ。「その後押しにちょっとでもなってくれたらいいな、という思いで僕たちはこれから1ヶ月間がんばっていきたいと思いますので、温かく見守っていてください」と呼びかけた。 ◆岩本照主演「タイムトラベラーズ・ワイフ」 原作は、2003年にアメリカで出版されたオードリー・ニッフェネガーの同名小説。「ニューヨーク・タイムズ」のベストセラーリストに28週連続トップ10入りを果たし、250万部以上の売上を記録するなど多くの読者から支持を集めた作品。2009年にはブラッド・ピットらが製作総指揮を務め、レイチェル・マクアダムス、エリック・バナらが出演し映画化。日本でも「きみがぼくを見つけた日」（邦題）として公開され、話題を集めた。 2022年にはアメリカでテレビドラマ化。2023年には、グラミー賞受賞アーティストのジョス・ストーンと、世界的バンド「Eurythmics」のデイヴ・スチュワートによる音楽、人気劇作家ローレン・グンダーソンによる脚色でミュージカル化され、ロンドン・ウエストエンドにて上演。「時を超えてめぐる究極の愛」に連日スタンディングオベーションが続いた。（modelpress編集部） 【Not Sponsored 記事】 modelpress,[],[]
【「俺たちの箱根駅伝」インタビューVol.12】相馬理、“モテ願望強め”な役柄で走りのフォーム意識 西野遼と励まし合った地方撮影も回顧（モデルプレス）,https://news.yahoo.co.jp/articles/901f3ce3091c12fc2759f5b1a361b1ac680a5505,https://newsatcl-pctr.c.yimg.jp/t/amd-img/20260905-04836976-mdpr-000-1-view.jpg?exp=10800,2026-09-05T17:00:04+09:00,2026-09-05T17:00:04+09:00,モデルプレス,mdpr,モデルプレス,1715,インタビューに応じた相馬理 【モデルプレス＝2026/09/05】10月10日に放送開始する日本テレビ系連続ドラマ「俺たちの箱根駅伝」（毎週土曜よる9時～）のキャストにモデルプレスがインタビュー。連載第12回は自分の走る姿を何度もチェックし、理想的なフォームで走るイケメンでナルシストな多摩塾大学4年生の陸上競技選手・峰岸蓮役の相馬理（そうま・さとる／29）。 【写真】戦隊出身イケメン「似合ってる」と話題の新ヘア ◆大泉洋主演「俺たちの箱根駅伝」 原作の「俺たちの箱根駅伝」は、日本の正月の風物詩となった「箱根駅伝」を、国民的作家・池井戸潤氏が十余年もの歳月と情熱をかけて執筆した作品。物語は、箱根駅伝に2年連続で出場を逃した古豪・明誠学院大学の陸上競技部を中心とした挑戦と、箱根駅伝の生中継を担う「大日テレビ」というテレビ局の舞台裏という、2つの大きな軸で描かれる。 学生ランナーたちの力走と一瞬にかける情熱、それを余さず捉えようと2日間で14時間以上もの生中継を行うテレビ局。それぞれの現場で、何が起き、誰が決断し、どのようにして「箱根駅伝」は人々の胸を熱く駆け抜けていくのか。学生たちの限界に挑む走りと、それを届けるテレビ中継スタッフたちの闘いが、同時進行で描かれる感動のドラマとなっている。 ◆相馬理、役に感じる共通点 ― 今回演じられる峰岸蓮の魅力を一言で表すなら？ 相馬：「モテ願望強め」ですかね（笑）。本編では正直そこまで語られるところはないんですけど、モテ願望が強いからこそ自分をよく見ていると思うんです。走りのフォームもかなり直して、綺麗に見えるように気をつけました。モテたいからこそ「かっこいいフォームに見せたい」というところにもつながってくると思ったので、走るフォームはぜひ見ていただきたいです。 ― 「モテ願望強め」な蓮に、ご自身も共感できる部分はあるのでしょうか？ 相馬：今は全然思わないですけど、20歳くらいの時はモテたい願望が強かったと思うので、そこは確かに似ているかもしれないですね（笑）。学生時代は特に「モテたい」と思っていました。「ここを気にしていたな」「ずっと髪をいじっていたな」と、当時の自分を思い出しながら演じていました。 ◆相馬理、撮影を通して仲良くなったキャスト明かす ― 学生役キャストの方々と長期間撮影されたと思いますが、特に仲良くなった方はいらっしゃいますか？ 相馬：全体的にみんなと仲良くなったと思います。『爆上戦隊ブンブンジャー』で共演していた齋藤璃佑くん（桃山遙役）とは元々仲が良くて、今でも結構遊んだりします。今回新しく仲良くなった方だと、西野遼くん（甘木誠役）や菅生新樹くん（諫山天馬役）ですね。特に新樹はこの中でもムードメーカー的な存在なので、すごく楽しく過ごしていますし、仲良くさせてもらっています。 ― 過酷な撮影も多い中で、特に支えになったという方はいらっしゃいますか？ 相馬：地方での撮影のときに、西野くんとホテルが同じ部屋だったんです。そのときは、お互いの悩みというわけではないですが「きついところもあるけど頑張ろう」と励まし合うことがありました。そこからまた頑張ろうという気持ちになりました。 ― ありがとうございました！ （modelpress編集部） ◆相馬理（そうま・さとる）プロフィール 1996年10月23日生まれ、静岡県出身。2018年、商社の営業マンとして在職中に出演したテレビ番組で注目を集め、タレント活動をスタート。2024年、スーパー戦隊シリーズ「爆上戦隊ブンブンジャー」に振騎玄蕃／ブンオレンジとして出演し注目を集め、多彩な役柄に挑戦している。近年の主な出演作品は、ドラマ「美しい彼」シリーズ（2021年・2023年／MBS）、ドラマ「恋愛ルビの正しいふりかた」（2025年／TOKYO MX ）、ドラマ「スクープのたまご」（2025年／TBS）など。 また10月29日放送スタートのTOKYO MX連続ドラマ「恋愛ルビの正しいふりかた シーズン2」の出演も控えている。 【Not Sponsored 記事】 modelpress,[],[]
【「俺たちの箱根駅伝」インタビューVol.11】樋之津琳太郎、怪我で野球諦めた過去とリンクする役柄 林裕太＆庄司浩平との「謎のルーティン」告白（モデルプレス）,https://news.yahoo.co.jp/articles/da391e19f340e717b721c0186df7d3ce11a0ae62,https://newsatcl-pctr.c.yimg.jp/t/amd-img/20260905-04835978-mdpr-000-1-view.jpg?exp=10800,2026-09-05T17:00:04+09:00,2026-09-05T17:00:04+09:00,モデルプレス,mdpr,モデルプレス,2278,インタビューに応じた樋之津琳太郎 【モデルプレス＝2026/09/05】10月10日に放送開始する日本テレビ系連続ドラマ「俺たちの箱根駅伝」（毎週土曜よる9時～）のキャストにモデルプレスがインタビュー。連載第11回は知的で冷静な東邦経済大学3年生の陸上競技選手・村井大地役の樋之津琳太郎（ひのつ・りんたろう／27）。 【写真】「俺たちの箱根駅伝」出演イケメン、被り物つけたディズニー満喫ショット ◆大泉洋主演「俺たちの箱根駅伝」 原作の「俺たちの箱根駅伝」は、日本の正月の風物詩となった「箱根駅伝」を、国民的作家・池井戸潤氏が十余年もの歳月と情熱をかけて執筆した作品。物語は、箱根駅伝に2年連続で出場を逃した古豪・明誠学院大学の陸上競技部を中心とした挑戦と、箱根駅伝の生中継を担う「大日テレビ」というテレビ局の舞台裏という、2つの大きな軸で描かれる。 学生ランナーたちの力走と一瞬にかける情熱、それを余さず捉えようと2日間で14時間以上もの生中継を行うテレビ局。それぞれの現場で、何が起き、誰が決断し、どのようにして「箱根駅伝」は人々の胸を熱く駆け抜けていくのか。学生たちの限界に挑む走りと、それを届けるテレビ中継スタッフたちの闘いが、同時進行で描かれる感動のドラマとなっている。 ◆樋之津琳太郎、役の魅力語る ― 今回演じられる村井大地の魅力を一言で表すなら？ 樋之津：「ストイックさ」です。周りの人にはすごく優しく、フランクに接しますが、自分自身にはすごく厳しいところが村井大地らしいと思っています。「俺たちの箱根駅伝」を通しても、村井大地はずっと自分自身と戦っているので、妥協しない姿はすごくストイックで魅力的だなと思います。 ― ストイックさや自分に厳しいという部分で、ご自身と重なる部分はありましたか？ 樋之津：高校時代は野球部で「自分がチームを引っ張っていくんだ」という覚悟を持って取り組んでいたので、自分に厳しく向き合えていたと思います。村井大地を演じていた時も高校時代が思い出されて、すごくリンクするところがありました。 ― そういった野球での経験は今回の役にも活きたのでしょうか？ 樋之津：一度諦めた者がどう立ち上がっていくのかという部分は「俺たちの箱根駅伝」のテーマの1つでもあり、僕も怪我が原因で野球を諦めたので、作品を通じて自分自身もすごく共感できるところがありました。原作を読んで感動した部分でも多かったので、自分の思いのままにぶつけることができたのかなと思います。 ― 今作ではどんなところに注目してほしいですか？ 樋之津：村井大地は自分に近い存在に感じるので、新しさを見せるというよりは「これが自分自身なんだ」「これが村井大地なんだ」という等身大の姿を見ていただけたら嬉しいです。 ◆樋之津琳太郎、林裕太＆庄司浩平と意気投合 ― 学生役キャストの皆さんとは長期間撮影をご一緒されましたが、特に仲良くなった方はいらっしゃいますか？ 樋之津：本当に全員が仲良いのですが、この現場を通じて特に仲良くなったのは林裕太くん（倉科弾役）と庄司浩平くん（猪又丈役）かなと思います。2人とはこの現場がはじめましてだったので、撮影を通してすごく仲良くなりました。 ― お2人とはどんなお話をされていたんですか？ 樋之津：林裕太くんはいろいろな作品に出演されていて、俳優としてすごく実力のある方なので、「このお芝居はどうしたらいいかな」と相談したり、「こういうふうにできたらいいよね」と俳優同士でディスカッションを重ねたりしていました。 ― 相談していた際に、林さんからのアドバイスで特に印象に残っている言葉はありますか？ 樋之津：撮影で悩んでいた時に、林裕太くんが「考えすぎなくていいよ」と一言声を掛けてくれたことがありました。その一言でモヤモヤが晴れて気持ちが軽くなり、落ち着いて現場に向かうことができました。 ― 肩の荷が降りた感覚だったんですね。先程仲良くなったとおっしゃっていた庄司さんとはどのようなお話を？ 樋之津：庄司浩平くんとは、よくご飯に行きました。撮影終わりに小林虎之介さん（青葉隼斗役）と3人で焼肉を食べたり、3人で焼き芋を買って乾杯するという謎のルーティンができていました（笑）。 ― 仲良しですね（笑）。 樋之津：食事制限をしていたので、お酒や飲み物で乾杯することができなくて。いろいろ考えた結果、たどり着いたのが焼き芋でした（笑）。虎之介さんとは以前から交流があったので、今回ご一緒できて嬉しかったです。 ―ありがとうございました！ （modelpress編集部） ◆樋之津琳太郎（ひのつ・りんたろう）プロフィール 1999年8月20日生まれ、岡山県出身。2020年に「第35回メンズノンノモデルオーディション」でグランプリを獲得し、専属モデルとして活動をスタート。2024年にはテレビ朝日系ドラマ「マルス-ゼロの革命-」で俳優デビューを果たし、モデルと俳優の両分野で活躍している。また、日本化粧品検定1級の資格を持ち、美容への造詣が深いことでも知られている。近年の主な出演作品は、ドラマ「ストロボ・エッジ Season2」（2026年／WOWOW）、「余命3ヶ月のサレ夫」（2026年／テレビ朝日系）、「プロ彼女の条件4」（2026年／BUMP）、映画「⼥神降臨 BEFORE」（2025年）など。また、初舞台『Yerma イェルマ』への出演を控えている。 【Not Sponsored 記事】 modelpress,[],[]
【「俺たちの箱根駅伝」インタビューVol.10】菅生新樹「胃を16時間空ける」徹底した食事法で14キロ減量「大変でしたけど頑張りました」（モデルプレス）,https://news.yahoo.co.jp/articles/32a9ddb960beaa4234a819ff303dbf00fe2c0a4f,https://newsatcl-pctr.c.yimg.jp/t/amd-img/20260905-04835975-mdpr-000-1-view.jpg?exp=10800,2026-09-05T17:00:04+09:00,2026-09-05T17:00:04+09:00,モデルプレス,mdpr,モデルプレス,1812,インタビューに応じた菅生新樹 【モデルプレス＝2026/09/05】10月10日に放送開始する日本テレビ系連続ドラマ「俺たちの箱根駅伝」（毎週土曜よる9時～）のキャストにモデルプレスがインタビュー。連載第10回はいつも明るくおしゃべりでムードメーカーな品川工業大学4年生の陸上競技選手・諌山天馬役の菅生新樹（すごう・あらき／27）。 【写真】菅田将暉の弟、大幅減量後の引き締まった体 ◆大泉洋主演「俺たちの箱根駅伝」 原作の「俺たちの箱根駅伝」は、日本の正月の風物詩となった「箱根駅伝」を、国民的作家・池井戸潤氏が十余年もの歳月と情熱をかけて執筆した作品。物語は、箱根駅伝に2年連続で出場を逃した古豪・明誠学院大学の陸上競技部を中心とした挑戦と、箱根駅伝の生中継を担う「大日テレビ」というテレビ局の舞台裏という、2つの大きな軸で描かれる。 学生ランナーたちの力走と一瞬にかける情熱、それを余さず捉えようと2日間で14時間以上もの生中継を行うテレビ局。それぞれの現場で、何が起き、誰が決断し、どのようにして「箱根駅伝」は人々の胸を熱く駆け抜けていくのか。学生たちの限界に挑む走りと、それを届けるテレビ中継スタッフたちの闘いが、同時進行で描かれる感動のドラマとなっている。 ◆菅生新樹、演じる役との共通点 ― 今回演じられる諌山天馬の魅力を一言で表すなら？ 菅生：「純粋で単純」かな。感じたことをそのまま出す人で、ポジティブに捉えるタイプです。僕が一番いいなと思ったのは、思ったことを隠さずに全部出すところ。そこが長所だと思います。 ― そういう部分はご自身と似ていると感じましたか？ 菅生：僕も基本、思ったことは言うタイプなんですけど、相手を選ぶというか。「この人には言いたい」「この人とはまた違う話をしたい」というのはあります。ただ天馬は皆に同じ話をするタイプという違いはありますが、根本的なタイプとしては似ているので、共感はすごくできました。 ◆菅生新樹、役への向き合い方 ― 撮影現場では積極的に周囲とコミュニケーションを取っていたと、他のキャストの方からもお話がありましたが、役柄と重ねて意識していたのでしょうか？ 菅生：そうですね。より意識していました。以前も学生役などはありましたが、今回はムードメーカーみたいな役だったので、自分が先陣を切るような場面も多くて。天馬の役を借りてみんなと分け隔てなく話したいと思って、役づくりの1つとして実践していました。でも単純に自分が楽しいですし好きなことというのもありますけど（笑）。 ― 撮影の中で特に仲良くなった方はいらっしゃいますか？ 菅生：浅野竣哉（内藤星也役）とは仲がいいです。ずっとふざけて2人で話すことが多くて僕らが誰かに絡むということが多いです。撮影現場で積極的にコミュニケーションを取れたのも、彼のおかげな部分はあります。 ◆菅生新樹、14キロ減量した方法 ― 役のために14キロも減量されたと伺いました。 菅生：僕の走るシーンは終わりに近づいているので少しずつ食べたりはしているんですが、減量しなければいけない期間は忙しくて運動の時間が取れない日もあったので「胃を16時間空ける」という方法をやっていました。夕食を17時に終えて、翌朝9時まで食べない。その中で3食しっかり食べるようにしたら、自然と体重が落ちていきました。胃をリセットする感覚ですね。 ― お仕事の中でそれを守るのは大変そうですね。 菅生：大変でしたけど、頑張りました！ ― ありがとうございました！ （modelpress編集部） ◆菅生新樹（すごう・あらき）プロフィール 1999年8月26日生まれ、大阪府出身。2022年、本格的に俳優活動を開始。ドラマ『初恋の悪魔』（日本テレビ）で注目され、『凋落ゲーム』（フジテレビ）で初主演。主な出演作品には、日曜劇場『下剋上球児』（TBS）、連続テレビ小説『おむすび』（NHK）などがあり、連続ドラマW 池井戸潤スペシャル『かばん屋の相続／芥のごとく』（WOWOW）や『人は見た目じゃないと思ってた。』（テレビ東京）では主演を務めた。現在Netflixで『喧嘩独学』が配信中。『勿忘草の咲く町で～安曇」（NHK-BS)の放送も記憶に新しく、映像作品を中心に着実にキャリアを重ねている。 【Not Sponsored 記事】 modelpress,[],[]
2児の母・田丸麻紀「久しぶりに泣いた」8歳次男からのサプライズ誕生日プレゼント披露「絵に描いたような幸せ」「素敵すぎる」と反響（モデルプレス）,https://news.yahoo.co.jp/articles/f6d6896c51453e38ed38ff7110a48e59213d5a0f,https://newsatcl-pctr.c.yimg.jp/t/amd-img/20260905-04839921-mdpr-000-1-view.jpg?exp=10800,2026-09-05T16:54:03+09:00,2026-09-05T16:54:03+09:00,モデルプレス,mdpr,モデルプレス,688,田丸麻紀 【モデルプレス＝2026/09/05】モデルで女優の田丸麻紀が9月4日、自身のInstagramを更新。自身のバースデーパーティーの様子を公開した。 【写真】48歳2児の母モデル「愛が溢れてる」財布を首にかけプレゼント持つ8歳次男 ◆田丸麻紀、息子からのバースデープレゼント公開 田丸は「本日、48歳になりました」と報告し、家族でのバースデーパーティーの様子を複数枚投稿。「次男が自分のお財布を首から下げて出て行ったと思ったらしばらくして帰宅 次男が買ってきてくれた サプライズのお花 ママがいつも買っている白いお花！と言いながら」「お小遣いでお買い物をして満面の笑みで、戻ってきたそんな彼を見て母 涙でた。久しぶりに泣いた笑」と次男からのサプライズのプレゼントへの感動をつづり、財布を首から下げ、手に花を持って帰宅した次男の姿や「Happy Birthday」のメッセージカードが添えられた2輪の白い花の花束を公開した。 また、「48歳児おめでとう」と書かれたTシャツにスッピンの自身が家族と乾杯をしている姿も披露している。 ◆田丸麻紀の投稿に反響 この投稿に、ファンからは「お誕生日おめでとうございます」「成長してる」「絵に描いたような幸せ」「息子さんのサプライズ素敵すぎる」「愛が溢れてる」「スッピンめっちゃ綺麗」「愛されてる」などと反響が寄せられている。 田丸は2012年9月、6歳上の一般男性と結婚。2014年8月に第1子長男、2018年7月に第2子次男を出産した。（modelpress編集部） 【Not Sponsored 記事】 modelpress,[],[]
LA在住の桃井かおり、蒸し鶏・オイスター炒め…彩り豊かな手料理披露「センス最高」「華やかな食卓」の声（モデルプレス）,https://news.yahoo.co.jp/articles/21dcd3b1fc2c46b401be88085df1e5b311950e80,https://newsatcl-pctr.c.yimg.jp/t/amd-img/20260905-04839922-mdpr-000-1-view.jpg?exp=10800,2026-09-05T16:43:44+09:00,2026-09-05T16:43:44+09:00,モデルプレス,mdpr,モデルプレス,436,桃井かおり 【モデルプレス＝2026/09/05】アメリカ・ロサンゼルスに在住している女優の桃井かおりが9月5日、自身のInstagramを更新。彩り豊かな手料理を公開した。 【写真】LA在住75歳有名女優「センス最高」蒸し鶏・オイスター炒め…彩り豊かな手料理披露 ◆桃井かおり、蒸し鶏＆オイスター炒め披露 桃井は「 ＃かおり飯 」のハッシュタグを添えて手料理の写真を投稿。人参とパプリカが添えられた、蒸してからオーブンで焼いたという蒸し鶏と、帆立と玉葱パプリカのオイスター炒めといった彩りの美しい2品を披露している。オイスター炒めについては「ただワラシが食べたかっただけ」と明かしている。 ◆桃井かおりの投稿に反響 この投稿は「めちゃくちゃ美味しそう」「食材がカラフル」「華やかな食卓」「栄養満点」「かおりさんらしくて素敵」「白ご飯と一緒に食べたい」といった反響が寄せられている。（modelpress編集部） 【Not Sponsored 記事】 modelpress,[],[]
＝LOVE齋藤樹愛羅、ミニスカ制服姿に絶賛の声「アニメから出てきたみたい」「まだまだ現役でいける」（モデルプレス）,https://news.yahoo.co.jp/articles/22f874f2f28ab547dbbf1d8d3dd057ebadc90e97,https://newsatcl-pctr.c.yimg.jp/t/amd-img/20260905-04839903-mdpr-000-1-view.jpg?exp=10800,2026-09-05T16:42:02+09:00,2026-09-05T16:42:02+09:00,モデルプレス,mdpr,モデルプレス,517,齋藤樹愛羅 【モデルプレス＝2026/09/05】指原莉乃がプロデュースするアイドルグループ＝LOVE（イコールラブ）の齋藤樹愛羅が9月4日、自身のInstagramを更新。制服姿の写真を公開した。 【写真】21歳イコラブ最年少「青春がよみがえった」美脚スラリミニスカ制服姿 ◆齋藤樹愛羅、美脚際立つミニスカ制服衣装ショット公開 齋藤は、8月26日にリリースされた21stシングル「恋、はじめました。」のMVの衣装ショットを複数枚投稿。首元にネイビーのリボンがつき、襟や袖口にネイビーのラインが入った白い半そでシャツにネイビーのプリーツミニスカートの制服風衣装となっており、スラリとした美しい脚が際立っている。また、同じ衣装を身にまとったメンバーの大場花菜、野口衣織との3ショットも公開した。 ◆齋藤樹愛羅の投稿に反響 この投稿に、ファンからは「制服めっちゃ似合ってる」「まだまだ現役でいける」「透明感レベチ」「妖精さんみたい」「青春がよみがえった」「可愛すぎてメロメロ」「ピンク髪×制服、アニメから出てきたみたい」などと反響が寄せられている。（modelpress編集部） 【Not Sponsored 記事】 modelpress,[],[]
木下優樹菜、丼・サンドイッチ…バラエティー豊かな手作り弁当公開「愛情たっぷり」「美味しそう」の声（モデルプレス）,https://news.yahoo.co.jp/articles/aed74d54f3869dd065c6869e32a3f6c4760e047d,https://newsatcl-pctr.c.yimg.jp/t/amd-img/20260905-04839920-mdpr-000-1-view.jpg?exp=10800,2026-09-05T16:41:24+09:00,2026-09-05T16:41:24+09:00,モデルプレス,mdpr,モデルプレス,491,木下優樹菜 【モデルプレス＝2026/09/05】元タレントの木下優樹菜が9月4日、自身のInstagramを更新。多種の手作り弁当を公開した。 【写真】芸人の30代元妻「どれも美味しそう」丼・サンドイッチ…バラエティー豊かな手作り弁当公開 ◆木下優樹菜、手作り弁当公開 木下は「おつかれさまでシタ」とコメントし、4種の手作り弁当を公開。牛丼とブロッコリー、キュウリの和え物にマスカットを添えたもの、卵やトマトなどのサンドイッチ、おにぎりにきゅうりの漬物を添えたものなどバラエティー豊かな弁当となっている。 ◆木下優樹菜の投稿に反響 この投稿に、ファンからは「どれも美味しそう」「愛情たっぷり」「お弁当作りお疲れ様」「メニューが豊富」「野菜とお肉のバランスがいい」などと反響が寄せられている。 木下は、お笑いコンビ・FUJIWARAの藤本敏史と2010年に結婚。2012年に莉々菜さんを、2015年に茉叶菜さんを出産した。2019年に藤本と離婚し、現在はシングルマザーとして子育てをしている。（modelpress編集部） 【Not Sponsored 記事】 modelpress,[],[]
aespaニンニン、黒髪ボブ＆タイツ美脚ショット公開「美オーラがすごい」「ビジュアルが天才」と絶賛の声（モデルプレス）,https://news.yahoo.co.jp/articles/b48f481fc5cecfc37dd7b990815af4480cc2a92c,https://newsatcl-pctr.c.yimg.jp/t/amd-img/20260905-04839911-mdpr-000-1-view.jpg?exp=10800,2026-09-05T16:38:16+09:00,2026-09-05T16:38:16+09:00,モデルプレス,mdpr,モデルプレス,393,ニンニン 【モデルプレス＝2026/09/05】4人組ガールズグループ・aespa（エスパ）のニンニン（NINGNING）が9月5日、自身のInstagramを更新。黒髪ボブ姿を公開し、反響を呼んでいる。 【写真】K-POP美女「美オーラがすごい」黒髪ボブ＆タイツ美脚ショット公開 ◆ニンニン、黒髪ボブ＆黒タイツ美脚公開 ニンニンは、顎ラインで揃えられた黒髪ボブヘア姿の写真を複数枚投稿。黒レザー調のビスチェドレスに透け感のある黒タイツを合わせ、スラリとした美しい脚のラインが際立っている。 ◆ニンニンの投稿に反響 この投稿に、ファンからは「黒髪ボブも似合う」「タイツ美脚が綺麗すぎる」「ビジュアルが天才すぎる」「スタイルが異次元」「格好良すぎる」「美オーラがすごい」といった声が寄せられている。（modelpress編集部） 【Not Sponsored 記事】 modelpress,[],[]
松本伊代、美脚際立つミニスカゴルフウェア姿披露「脚が細くて綺麗」「爽やかで可愛すぎる」（モデルプレス）,https://news.yahoo.co.jp/articles/79def5b00f707bf2112302367b944117e0fc2a6b,https://newsatcl-pctr.c.yimg.jp/t/amd-img/20260905-04839910-mdpr-000-1-view.jpg?exp=10800,2026-09-05T16:34:32+09:00,2026-09-05T16:34:32+09:00,モデルプレス,mdpr,モデルプレス,516,松本伊代 【モデルプレス＝2026/09/05】タレントの松本伊代が9月4日、自身のInstagramを更新。ゴルフウェア姿を披露し、反響が寄せられている。 【写真】60歳元アイドル「脚が細くて綺麗」ミニスカゴルフウェア姿披露 ◆松本伊代、ミニスカゴルフウェアで美脚際立つ 松本は「短い私の夏休み」題し、「 ＃運動になるし 」「 ＃一緒にできるスポーツ 」などのハッシュタグを添えて複数枚の写真を投稿。白いハットにポロシャツ、ネイビーのミニスカート風ウェアに白いハイソックスを合わせた爽やかなゴルフウェア姿のソロショットを披露した。スラリとした美しい脚のラインが際立っている。 また、夫でタレントのヒロミとゴルフカートに乗っている仲睦まじい2ショットも披露している。 ◆松本伊代の投稿が話題 この投稿には「脚が細くて綺麗」「スタイル抜群」「爽やかで可愛すぎる」「ゴルフウェア姿が素敵」「憧れのベストカップル」「仲良し夫婦」といった反響が寄せられている。 ヒロミと松本は1993年に結婚。1995年に長男・凌央、1998年に次男を出産している。（modelpress編集部） 【Not Sponsored 記事】 modelpress,[],[]
「侍タイムスリッパ―」山口馬木也、こだわり手料理2品公開「ドラゴンフルーツのドレッシング気になる」「お店で出てくるクオリティ」の声（モデルプレス）,https://news.yahoo.co.jp/articles/91ae1d040888de333d010533079b19318554d1f9,https://newsatcl-pctr.c.yimg.jp/t/amd-img/20260905-04839902-mdpr-000-1-view.jpg?exp=10800,2026-09-05T16:30:02+09:00,2026-09-05T16:30:02+09:00,モデルプレス,mdpr,モデルプレス,562,山口馬木也 【モデルプレス＝2026/09/05】俳優の山口馬木也のスタッフが運用するInstagramが、9月4日に更新された。山口の手料理を披露し、反響を呼んでいる。 【写真】日アカ最優秀作品賞受賞作主演53歳俳優「手が込んでてすごい」こだわり詰まったオシャレ手料理2品 ◆山口馬木也、手料理公開 「昨日の馬木也めし」と題し、トーク番組「あさイチプレミアムトーク」（NHK）にて紹介した料理を披露。ドラゴンフルーツを使ったドレッシングのサラダとトマトパスタを公開し、「ビーツの代わりにドラゴンフルーツ（赤肉）を使ったドレッシング ビーツに比べて、よりフルーティーで爽やかな仕上がりです」「奥は、ミニトマトを茹でて裏ごししたトマトパスタ」と説明している。 ◆山口馬木也の投稿に反響 この投稿に「美味しそう」「手が込んでてすごい」「パスタオシャレですね」「お店で出てくるクオリティ」「ドラゴンフルーツのドレッシング気になる」「料理上手ですね」「食べてみたい」など反響が寄せられている。 山口は「第48回 日本アカデミー賞 授賞式」で最優秀作品賞を受賞した「侍タイムスリッパー」（2024年）で主演・高坂新左衛門役を務め、話題を呼んだ。（modelpress編集部） 【Not Sponsored 記事】 modelpress,[],[]
IVEリズ、美脚輝くショートパンツ姿に熱視線「アニメから出てきたみたい」「何頭身？」（モデルプレス）,https://news.yahoo.co.jp/articles/16edba282cb8232957182f261b8f2d49e10e6f94,https://newsatcl-pctr.c.yimg.jp/t/amd-img/20260905-04839901-mdpr-000-1-view.jpg?exp=10800,2026-09-05T16:21:31+09:00,2026-09-05T16:21:31+09:00,モデルプレス,mdpr,モデルプレス,418,リズ 【モデルプレス＝2026/09/05】6人組ガールズグループ・IVE（アイヴ）のLIZ（リズ）が9月4日、自身のInstagramを更新。海辺でのショットを公開し反響を呼んでいる。 【写真】21歳KPOP美女「アニメから出てきたみたい」美脚輝くショーパン姿 ◆リズ、美脚映えるショートパンツ姿 リズは、ハートの絵文字と共に写真を複数枚投稿。マイクを手に歌声を披露するショットを公開した。ブラウンのタンクトップに白のシャツ、ベルトにデニムのショートパンツを合わせたコーディネートを載せ、ショートパンツからは引き締まった脚のラインがスラリと伸びている。 ◆リズの投稿に反響 この投稿に「お美しいです」「異次元のスタイルですね」「可愛すぎます」「歌声聴いてみたい」「肌綺麗ですね」「アニメから出てきたみたい」「何頭身？」など反響が寄せられている。（modelpress編集部） 【Not Sponsored 記事】 modelpress,[],[]
乃木坂46井上和、ノースリニットで素肌輝く 夏休みショットに「プラべ感がたまらない」「神々しい美しさ」と反響（モデルプレス）,https://news.yahoo.co.jp/articles/0f330ce35f3e9d287b7b5958e80f71a9274a1d73,https://newsatcl-pctr.c.yimg.jp/t/amd-img/20260905-04839891-mdpr-000-1-view.jpg?exp=10800,2026-09-05T16:21:04+09:00,2026-09-05T16:21:04+09:00,モデルプレス,mdpr,モデルプレス,391,井上和 【モデルプレス＝2026/09/05】乃木坂46の井上和が9月4日、自身のInstagramを更新。ノースリーブのコーディネートを公開した。 【写真】21歳乃木坂46人気メンバー「すべてが絵になる」二の腕スラリノースリニット姿 ◆井上和、ノースリーブ姿の夏休みショット公開 井上は「夏の匂い」と記し、夏休みに訪れた軽井沢での写真を複数枚投稿。自然豊かな場所でカメラを肩にかけ、白いノースリーブニットに黒白ドットのロングスカートを合わせたコーディネートでは、ほっそりとした二の腕が際立っている。 ◆井上和の投稿に反響 この投稿に、ファンからは「夏休み楽しめたかな」「プラべ感がたまらない」「神々しい美しさ」「スタイル良くて憧れる」「おしゃれ」「すべてが絵になる」などの声が上がっている。（modelpress編集部） 【Not Sponsored 記事】 modelpress,[],[]
LE SSERAFIMサクラ、美ウエスト輝くノースリーブトップス姿に反響「異次元のビジュアル」「可愛すぎる」（モデルプレス）,https://news.yahoo.co.jp/articles/4bc40ba907b7392bf793755475f8c31f2abff47b,https://newsatcl-pctr.c.yimg.jp/t/amd-img/20260905-04839900-mdpr-000-1-view.jpg?exp=10800,2026-09-05T16:18:14+09:00,2026-09-05T16:18:14+09:00,モデルプレス,mdpr,モデルプレス,503,SAKURA 【モデルプレス＝2026/09/05】5人組ガールグループ・LE SSERAFIM（ルセラフィム）のSAKURA（サクラ）が9月4日、自身のInstagramを更新。衣装ショットを公開し反響を呼んでいる。 【写真】28歳人気K-POPメン「異次元のビジュアル」ノースリーブトップス姿 ◆サクラ、美ウエスト際立つノースリーブトップス サクラは「大阪、神奈川、静岡、宮城、そして、福岡。日本ツアーついに完走！」とつづり、写真を複数枚投稿。『2026 LE SSERAFIM TOUR’PUREFLOW’ IN JAPAN』のオフショットを公開した。水色のレザージャケットにへそ出しタンクトップを合わせたコーディネートや、ブラウンとグリーンのレースのノースリーブトップスと衣装ショットなどを披露し、トップスからは引き締まったウエストラインや美肌が覗いている。 ◆サクラの投稿に反響 この投稿に「可愛すぎる」「肌綺麗すぎます」「抜群のスタイルですね」「異次元のビジュアル」「最強です」など反響が寄せられている。（modelpress編集部） 【Not Sponsored 記事】 modelpress,[],[]
重盛さと美「奇跡の38才」胸元＆美脚輝く誕生日ショット公開「可愛さと色気のバランスが最強」「綺麗すぎる」と絶賛の声（モデルプレス）,https://news.yahoo.co.jp/articles/e083c66506beeccc50d939ef7fedfbbd2352e513,https://newsatcl-pctr.c.yimg.jp/t/amd-img/20260905-04839884-mdpr-000-1-view.jpg?exp=10800,2026-09-05T16:15:02+09:00,2026-09-05T16:15:02+09:00,モデルプレス,mdpr,モデルプレス,541,重盛さと美 【モデルプレス＝2026/09/05】タレントの重盛さと美が9月4日、自身のInstagramを更新。38才の誕生日を報告し、反響を呼んでいる。 【写真】“奇跡の38才”美人タレント「キャミソール姿がセクシー」素肌全開バースデーショット ◆重盛さと美、奇跡の38才ショット公開 9月4日に誕生日を迎えた重盛は「38才になりました！」と報告し、「 ＃奇跡の38才 」「 ＃可愛すぎる38才 」のハッシュタグを添え、写真を複数枚投稿。「みんなのおかげで今の所めちゃくちゃ自分らしく生きれています！（笑）」とつづり、感謝を伝えている。 投稿では、美しいデコルテやすらりとした脚が覗く、ウエスト横にカットアウトが入ったキャミソール姿でホールケーキを手に持った姿を公開。親友でタレントの礒部希帆と笑顔を見せる2ショットも披露している。 ◆重盛さと美の投稿に反響 この投稿に、ファンからは「お誕生日おめでとうございます」「まさに奇跡の38才」「デコルテも脚も綺麗すぎる」「可愛さと色気のバランスが最強」「キャミソール姿がセクシー」「この透明感どうなってるの」といった絶賛の声が寄せられている。（modelpress編集部） 【Not Sponsored 記事】 modelpress,[],[]
藤岡弘、次女・天翔天音、美脚際立つショーパンコーデ披露「スタイル抜群」「めちゃくちゃ脚長い」と反響（モデルプレス）,https://news.yahoo.co.jp/articles/ab87ba7807b9e4147c64375e72b1e295a50743d4,https://newsatcl-pctr.c.yimg.jp/t/amd-img/20260905-04839885-mdpr-000-1-view.jpg?exp=10800,2026-09-05T16:14:38+09:00,2026-09-05T16:14:38+09:00,モデルプレス,mdpr,モデルプレス,467,天翔天音 【モデルプレス＝2026/09/05】俳優の藤岡弘、の次女・天翔天音が3日、自身のInstagramを更新。ショートパンツのコーディネートを披露し、反響を呼んでいる。 【写真】藤岡弘、の次女「スタイル抜群」ショーパンコーデ披露 ◆俳優の藤岡弘、の次女・天翔天音、ショーパンから美脚スラリ 天翔は「ヒルナンデス 放送ありがとうございました！楽しんで見ていただけましたか？」とつづり、2日に放送された日本テレビ系お昼の情報バラエティー「ヒルナンデス！」（毎週月～金曜ひる11時55分～）でロケに赴いた際のオフショットを投稿。出演陣とともに写した集合写真の他に、ソロショットも公開しており、ピンク色のガーリーなショートパンツからはスラリとした長い脚がのぞいている。 ◆天翔天音の投稿に反響 この投稿は「スタイル抜群」「めちゃくちゃ脚長い」「可愛すぎる」「ガーリーなコーディネートすごく似合う」「一族みんな美男美女」などと反響を呼んでいる。 （modelpress編集部） 【Not Sponsored 記事】 modelpress,[],[]
WATWING八村倫太郎ら“ホーム”で思い浮かぶものは？GENIC増子敦貴の回答に会場拍手【ホーム スイート ホーム】（モデルプレス）,https://news.yahoo.co.jp/articles/ed9bc46b407bdba51de9a152981b912cc6193bb7,https://newsatcl-pctr.c.yimg.jp/t/amd-img/20260905-04839909-mdpr-000-3-view.jpg?exp=10800,2026-09-05T16:06:03+09:00,2026-09-05T16:18:51+09:00,モデルプレス,mdpr,モデルプレス,1134,「ホーム スイート ホーム」公開記念舞台挨拶に出席した八村倫太郎、増子敦貴 【モデルプレス＝2026/09/05】ダンスボーカルグループ・WATWING（ワトウィン）の八村倫太郎が9月5日、都内で開催された映画『ホーム スイート ホーム』公開記念舞台挨拶に、増子敦貴（GENIC）、駒木根葵汰、前田公輝、吉川鮎太監督とともに出席。“ホーム”と聞いて思い浮かぶものを明かした。 【写真】人気俳優、あどけない幼少期ショット ◆八村倫太郎ら“ホーム”で思い浮かぶものは？ 作品にちなみ、「ホーム」と聞いて思い浮かぶものを聞かれた八村は、「僕、WATWINGというグループをやっているんですけど『Home』っていう曲があって。それはパッと言われたらやっぱり思い出しますね」と回答。そして「“ハウス”だと具体的な事象を指すことが多いんですけど“ホーム”っていうと概念的な要素が強いなと自分の中で思ってて。だからホームは1つじゃなく人によってたくさんあるところなのかなぁと思います」と語った。 一方、増子は「僕のホームは、ファンの心です」と回答し、会場は拍手喝采。加えて、「倫太郎くんがWATWINGのように、僕はGENICというグループがありまして、やっぱり帰ってきた時に素でいられる場所というのはやっぱりそこなんじゃないかなと思いますので、僕はGENICとファンの皆さんの心かなと思っています」と微笑んだ。 イベント最後には八村が「家族はいろんな形があって、いろんな思いがあると思います。必ずしも家族大好き、アイラブユーっていう人は、みんながみんな当てはまるわけじゃないと思うんですけど、それでも家族の元に生まれたっていうところは、みんな多かれ少なかれ、たぶん一緒だと思う」とコメント。「自分がこの世に来る前になんて絶対に行けないけど、そこを、この映画を通して、自分が生まれた時ってこういうことだったのかな、みたいな想像を、ちょっとでもこの映画を通してできたら、その時にいてくれたお母さんだったりお父さんだったりに、ちょっとでも思いを馳せることができるのかな」と上映を待つ観客にメッセージを贈った。 ◆八村倫太郎主演「ホーム スイート ホーム」 本作は、新進気鋭のネクストブレイク若手俳優が集結し、煎餅屋を舞台に世代を超えた親子の再会や家族と向き合う温かさを描く、“押入れタイムスリップ・ホームコメディ”。祖父の代から続く煎餅屋の店主・植木一郎役を八村、28年後の未来から来た一郎の息子・植木英郎役を増子、英郎の息子・植木史郎役を駒木根、一郎の父親・植木耕太郎役を前田がそれぞれ演じる。（modelpress編集部） 【Not Sponsored 記事】 modelpress,[],[]
板野友美、家族旅行ショット披露「幸せいっぱい」「憧れ」と反響（モデルプレス）,https://news.yahoo.co.jp/articles/a3c240ff480baa967f977850c59831b8c9afe725,https://newsatcl-pctr.c.yimg.jp/t/amd-img/20260905-04839883-mdpr-000-1-view.jpg?exp=10800,2026-09-05T16:04:04+09:00,2026-09-05T16:04:04+09:00,モデルプレス,mdpr,モデルプレス,422,板野友美 【モデルプレス＝2026/09/05】元AKB48でタレントの板野友美が9月4日までに、自身のInstagramストーリーズを更新。家族旅行での様子を公開した。 【写真】35歳元AKB神7「幸せいっぱい」家族旅行ショット披露 ◆板野友美、家族旅行で家族3ショット披露 板野は「家族旅行」とつづり、写真を投稿。夫で東京ヤクルトスワローズの高橋奎二選手と娘との3ショットや、親子でアイスを食べる様子、花火を楽しむ様子など楽しい家族旅行のひとときを公開している。 ◆板野友美の投稿に反響 この投稿は「幸せいっぱい」「美男美女夫婦とお姫様ですね」「家族旅行楽しそう」「憧れの家族」「ステキな思い出になる」「お似合いの御夫婦」と反響を呼んでいる。 板野は2021年1月に、高橋選手との入籍を発表。同年10月に第1子となる長女を出産したことを報告していた。（modelpress編集部） 【Not Sponsored 記事】 modelpress,[],[]
3児の母・川崎希、手作り“トトロ”弁当に反響「さらに上手になってる」「再現度高い」（モデルプレス）,https://news.yahoo.co.jp/articles/2bbb04a50579326b0c4e562f621daae9a4b4001b,https://newsatcl-pctr.c.yimg.jp/t/amd-img/20260905-04839881-mdpr-000-1-view.jpg?exp=10800,2026-09-05T16:01:31+09:00,2026-09-05T16:01:31+09:00,モデルプレス,mdpr,モデルプレス,471,川崎希 【モデルプレス＝2026/09/05】タレントの川崎希が9月5日、自身のInstagramストーリーズを更新。手作りのキャラクター弁当を公開した。 【写真】元AKB3児のママタレ「再現度高い」“トトロ”弁当披露 ◆川崎希、手作りキャラ弁公開 川崎は「Totoro弁当再び」と記し、手作りの弁当を公開。海苔やチーズを使って作られているアニメ「となりのトトロ」のキャラクター、トトロの形のおにぎりや、ニンジン、ブロッコリー、肉とアスパラガスの炒め物などが詰められている。 ◆川崎希の投稿に反響 この投稿に、ファンからは「さらに上手になってる」「母の愛が詰まってる」「トトロの再現度高い」「野菜たっぷりで栄養満点」「子どもが喜びそう」などの声が上がっている。 川崎は、2013年2月にモデル・タレントの“アレク”ことアレクサンダーと結婚。2017年8月に第1子男児、2020年10月に第2子女児誕生を報告。2025年6月に第3子女児の出産を発表した。（modelpress編集部） 【Not Sponsored 記事】 modelpress,[],[]
timelesz松島聡、新ヘア披露にファン絶賛「ドリーミーでめちゃくちゃ似合う」「かわいくてかっこいい」（モデルプレス）,https://news.yahoo.co.jp/articles/6e013467725fc948efcdb7b183d61cf21f7ecfaf,https://newsatcl-pctr.c.yimg.jp/t/amd-img/20260905-04839871-mdpr-000-1-view.jpg?exp=10800,2026-09-05T16:00:53+09:00,2026-09-05T16:00:53+09:00,モデルプレス,mdpr,モデルプレス,389,【モデルプレス＝2026/09/05】timeleszの松島聡が9月5日までに自身のInstagramを更新。新しいヘアカラーを公開し、反響を呼んでいる。 【写真】timelesz松島「色気感じる」“ドリーミー”な新ヘア ◆松島聡、ふんわり新ヘアカラー披露 松島は、ハサミの絵文字とともに「9月の空気は、少し涼しい 今月も気持ちを入れ替えてお互い頑張りましょ」とつづり、写真を複数枚投稿。ふんわりとしたマロン系のヘアカラーに、毛先に遊びをもたせた新しいヘアスタイルとなった姿を披露している。 ◆松島聡の投稿に反響 この投稿に「ドリーミーでめちゃくちゃ似合う」「うっとりするほどかっこいい」「雰囲気ある」「色気感じるヘアスタイル」「かわいくてかっこいい」「いい色」など反響が寄せられている。（modelpress編集部） 【Not Sponsored 記事】 modelpress,[],[]
加藤綾菜「雨だから簡単に」キムチ鍋の食卓公開「〆まで完璧」「副菜も充実しててさすが」と反響（モデルプレス）,https://news.yahoo.co.jp/articles/074a32b8b3eac41d44d66b3239eb94378ada25e0,https://newsatcl-pctr.c.yimg.jp/t/amd-img/20260905-04839870-mdpr-000-1-view.jpg?exp=10800,2026-09-05T15:57:01+09:00,2026-09-05T15:57:01+09:00,モデルプレス,mdpr,モデルプレス,396,加藤綾菜 【モデルプレス＝2026/09/05】タレントの加藤綾菜が9月4日、自身のInstagramストーリーズを更新。手料理を公開した。 【写真】45歳差婚タレント「鍋が本格的」キムチ鍋・酢の物…雨の日の食卓 ◆加藤綾菜、手料理の食卓公開 加藤は「雨だから簡単にキムチ鍋 冷蔵庫スッキリ」とコメントし、食卓を公開。ニラや白菜などの野菜がたっぷり入ったキムチ鍋、タコやきゅうりやちくわなどの酢の物などが並んでいる。 また「〆はリゾットじゃろ！」とキムチ鍋の締めに作ったチーズ入りリゾットも投稿している。 ◆加藤綾菜の投稿に反響 この投稿に、ファンからは「野菜たっぷりでヘルシー」「〆まで完璧」「鍋が本格的」「副菜も充実しててさすが」「簡単っていうクオリティをはるかに超えてる」などの声が上がっている。（modelpress編集部） 【Not Sponsored 記事】 modelpress,[],[]
今田美桜、デコルテ際立つノースリーブドレス姿公開「天使かと思った」「完成された美しさ」と反響（モデルプレス）,https://news.yahoo.co.jp/articles/c2a3c53dea5bc7d51eeabf8bcd2cfce1ff4ad38e,https://newsatcl-pctr.c.yimg.jp/t/amd-img/20260905-04839869-mdpr-000-1-view.jpg?exp=10800,2026-09-05T15:48:04+09:00,2026-09-05T15:48:04+09:00,モデルプレス,mdpr,モデルプレス,418,今田美桜 【モデルプレス＝2026/09/05】女優の今田美桜が9月4日、自身のInstagramを更新。ノースリーブドレス姿を披露し、話題となっている。 【写真】29歳朝ドラ女優「華奢で憧れる」デコルテ＆二の腕輝くレースドレス姿 ◆今田美桜、美デコルテ際立つノースリドレス姿公開 今田は「白鳥とコウモリ 本日より公開です」とつづり、SixTONESの松村北斗とW主演を務める映画『白鳥とコウモリ』の舞台挨拶オフショットを公開。繊細なレース刺繍があしらわれた白のノースリーブドレス姿にシニヨン風の上品なヘアスタイルで、美しいデコルテや二の腕を見せている。 ◆今田美桜の投稿に反響 この投稿には「スタイル抜群」「デコルテが綺麗」「完成された美しさ」「天使かと思った」「華奢で憧れる」「気品があふれてる」「映画楽しみ」などのコメントが寄せられている。（modelpress編集部） 【Not Sponsored 記事】 modelpress,[],[]
八村倫太郎・増子敦貴・駒木根葵汰・前田公輝、幼少期ショット披露 当時のエピソードも【ホーム スイート ホーム】（モデルプレス）,https://news.yahoo.co.jp/articles/acc2f229ef8b6282ffee7cb996350f37d379d33b,https://newsatcl-pctr.c.yimg.jp/t/amd-img/20260905-04839886-mdpr-000-2-view.jpg?exp=10800,2026-09-05T15:45:04+09:00,2026-09-05T16:17:33+09:00,モデルプレス,mdpr,モデルプレス,1093,前田公輝、八村倫太郎、増子敦貴、駒木根葵汰 【モデルプレス＝2026/09/05】ダンスボーカルグループ・WATWING（ワトウィン）の八村倫太郎が9月5日、都内で開催された映画『ホーム スイート ホーム』公開記念舞台挨拶に、増子敦貴（GENIC）、駒木根葵汰、前田公輝、吉川鮎太監督とともに出席。幼少期の写真を公開し、当時を振り返った。 【写真】人気俳優、あどけない幼少期ショット ◆八村倫太郎ら、幼少期写真公開 この日は「タイムスリップ幼少期写真館」と題し、キャストらの幼少期の写真を紹介。八村は自身の写真を「これは家族で（ディズニーランド）に一緒に行った時の、入園前に並んでいる時の写真ですね」と説明し、当時の自分を「ヒーローが大好なので、変身ばっかしてましたね。ウルトラマンも、レッドとかも大好きだし、仮面ライダーにもなりたかった。ヒーローになれると思ってたんですよ。いつか。なのでこの2人のことが羨ましいです」と、『機界戦隊ゼンカイジャー』でヒーローを演じた増子、駒木根を羨んだ。 増子は、「あつき」と書かれたうちわを持った幼少期の写真を披露。「地元のお祭りに家族で行ったときの写真なんですけど、僕が気になるのは自分の名前のうちわを持っているってことが、いまだに謎なんですよね。どこで入手したのか」と疑問を口にした。 ところが、司会が「私の台本にはちゃんと書いてあります。『おばあちゃんが僕のうちわを作ってくれました』って」と補足。増子が「母親から聞いてそのまま転送しちゃって、あまり見てなかった（笑）」と苦笑しながらも「おばあちゃんだ！」と思い出した。 そして「おばあちゃんの家の目の前がめちゃくちゃ勾配な坂で」と回顧。前田が「勾配な坂？急勾配ね」と指摘する中、増子は「おばあちゃんが大変なのに僕のことをおんぶしてくれて、夕日に照らされながら、『いつかおばあちゃんのこと抱っこしてあげるね』みたいな。その坂道を想像すると、今にも曲ができそうですね。『あの勾配な坂で』っていう」と続けて盛り上げた。 ◆八村倫太郎主演「ホーム スイート ホーム」 本作は、新進気鋭のネクストブレイク若手俳優が集結し、煎餅屋を舞台に世代を超えた親子の再会や家族と向き合う温かさを描く、“押入れタイムスリップ・ホームコメディ”。祖父の代から続く煎餅屋の店主・植木一郎役を八村、28年後の未来から来た一郎の息子・植木英郎役を増子、英郎の息子・植木史郎役を駒木根、一郎の父親・植木耕太郎役を前田がそれぞれ演じる。（modelpress編集部） 【Not Sponsored 記事】 modelpress,[],[]
＝LOVE高松瞳、秋服コーデで美脚スラリ「スタイル抜群で憧れる」「ミニ丈が似合う」とファン絶賛（モデルプレス）,https://news.yahoo.co.jp/articles/565b1369bf56b2f4f3603ffb16f77a11b9f6f5f0,https://newsatcl-pctr.c.yimg.jp/t/amd-img/20260905-04839861-mdpr-000-1-view.jpg?exp=10800,2026-09-05T15:33:02+09:00,2026-09-05T15:33:02+09:00,モデルプレス,mdpr,モデルプレス,525,高松瞳 【モデルプレス＝2026/09/05】指原莉乃プロデュースのアイドルグループ＝LOVE（イコールラブ）の高松瞳（※「高」は正式には「はしごだか」）が9月4日、自身のInstagramを更新。秋服ショットを公開し、反響を呼んでいる。 【写真】25歳イコラブメンバー「手脚長くて似合いすぎてる」ミニ丈で美脚輝く ◆高松瞳、美脚際立つ秋服コーデ公開 高松は「“Heather 25th Anniversary Collection” モデルを務めさせていただきます」と報告し、｢可愛いけれど、甘すぎない｣をテーマにした秋服ショットを複数枚公開。チェック柄シャツにショートパンツを合わせた姿や、フリルミニスカートにロングブーツを合わせたコーディネートなど、秋らしい着こなしを披露した。ミニ丈のボトムスからは美しい脚のラインが際立っている。 ◆高松瞳の投稿に反響 この投稿に、ファンからは「脚が細くて綺麗」「全部着こなしててすごい」「スタイル抜群で憧れる」「手脚長くて似合いすぎてる」「ビジュアル最高」「ミニ丈が似合う」「可愛すぎる」などと反響が寄せられている。（modelpress編集部） 【Not Sponsored 記事】 modelpress,[],[]
谷尻萌アナ、スラリ美脚際立つミニワンピ姿に熱視線「頭身バランスバグってる」「妖精さんみたい」（モデルプレス）,https://news.yahoo.co.jp/articles/b247450509154c2331c98c9204950a5cd1250fdb,https://newsatcl-pctr.c.yimg.jp/t/amd-img/20260905-04839859-mdpr-000-1-view.jpg?exp=10800,2026-09-05T15:22:03+09:00,2026-09-05T15:22:03+09:00,モデルプレス,mdpr,モデルプレス,379,谷尻萌 【モデルプレス＝2026/09/05】フリーアナウンサーの谷尻萌が9月4日、自身のInstagramを更新。ミニワンピース姿を公開した。 【写真】27歳フリーアナ「脚長くて綺麗すぎる」純白ミニスカから美脚スラリ ◆谷尻萌アナ、ミニワンピから美脚 谷尻アナは「最近の写真を色々と載せておきます」と記し、愛犬とのショットや料理などを複数枚投稿。お気に入りだという裾がバルーンになった白いミニワンピース姿の屋外ショットでは、スラリとした真っ直ぐな美しい脚が際立っている。 ◆谷尻萌アナの投稿に反響 この投稿に、ファンからは「脚長くて綺麗すぎる」「頭身バランスバグってる」「スタイル抜群」「妖精さんみたい」「ワンピすごく可愛くて似合ってる」などと反響が寄せられている。（modelpress編集部） 【Not Sponsored 記事】 modelpress,[],[]
「Tシャツが乾くまで」蒼井優＆中島歩、最終回で“チケットの謎”回収を明言「誰も想像していなかった感じに」（モデルプレス）,https://news.yahoo.co.jp/articles/4e17d879d238224007df26b048660a1b7da26875,https://newsatcl-pctr.c.yimg.jp/t/amd-img/20260905-04839882-mdpr-000-1-view.jpg?exp=10800,2026-09-05T15:08:18+09:00,2026-09-05T15:08:18+09:00,モデルプレス,mdpr,モデルプレス,1033,中島歩、蒼井優 【モデルプレス＝2026/09/05】女優の蒼井優と俳優の中島歩が9月5日、TBS系「王様のブランチ」（毎週土曜あさ9時30分〜）にVTR出演。蒼井が主演を務める同局系7月期金曜ドラマ「Tシャツが乾くまで」（毎週金曜よる10時～）で放送された“伏線”に言及した。＜※ネタバレあり＞ 【写真】蒼井優主演TBSドラマ「貴重すぎる」話題シーンの脚本公開 ◆蒼井優主演「Tシャツが乾くまで」 ある夏の日、主人公・瀬尾咲子（蒼井）が、もう1組の夫婦とともに事故に巻き込まれてしまう。それがきっかけで、当たり前に続いていくと思っていた2組の夫婦の幸せな日常が、突如として崩れ去っていくことに。さらに、その事故が暴いたのは、愛する人の“第3金曜日の秘密”だった。第3金曜日、行方不明、Tシャツ…これらのワードが意味することとは。 ◆蒼井優＆中島歩、最終回で伏線回収を明言 この日は、ドラマ内に登場した伏線が最終回で回収されるのか、蒼井と中島歩がマルかバツで答える企画を実施。物語では、毎月第3金曜日に会っていた充（松山ケンイチ）とあずさ（夏帆）の不倫疑惑が浮上。第3話では、充のジャケットから妻・咲子が苦手な花火大会のカップルシートのチケット2枚が見つかったほか、あずさも夫・樹生（中島）が苦手な水族館のチケットを2枚購入していたことが判明し、2人の関係を巡る謎が深まっていた。その後、充とあずさは不倫関係ではなかったことが明らかになったものの、チケットの謎は残されていた。 これを受け「充とあずさの荷物から出てきた花火大会と水族館のチケットの真相は？」と質問されると、蒼井と中島は2人揃ってマルの札を挙げ、最終回でこのシーンの真相が明らかになると明言。蒼井が「明らかになる時の充が本当に台本にないお芝居でした。松山（ケンイチ）くんも自分で『びっくりした』って言っていました」と松山との撮影を振り返ると、中島は「初耳ですね」とリアクションし「台本とはちょっと違う感じに？」という問いに対して蒼井は「多分誰も想像していなかった感じになりました」と伝えていた。 ◆蒼井優＆中島歩の回答に反響 ファンからは「真相明らかになるのやばい」「伏線回収楽しみ」「これでモヤモヤが晴れる」「気になりすぎる」「最終回まで待ちきれない」「神展開確実」といった反響が寄せられている。（modelpress編集部） 情報：TBS 【Not Sponsored 記事】 modelpress,[],[]
元乃木坂46与田祐希、3期生10周年記念日に過去ショット多数公開「みんなあどけなくて可愛い」「素敵な関係性」と反響（モデルプレス）,https://news.yahoo.co.jp/articles/34a1975ff302dddae25e90a563a108576e82e64d,https://newsatcl-pctr.c.yimg.jp/t/amd-img/20260905-04839853-mdpr-000-1-view.jpg?exp=10800,2026-09-05T15:00:04+09:00,2026-09-05T15:00:04+09:00,モデルプレス,mdpr,モデルプレス,422,与田祐希 【モデルプレス＝2026/09/05】元乃木坂46の与田祐希が9月4日、自身のInstagramを更新。乃木坂46・3期生の過去ショットを公開した。 【写真】25歳元乃木坂人気メン「尊すぎる」3期生の過去ショット ◆与田祐希、乃木坂463期生過去ショット公開 与田は「 ＃乃木坂3期生結成10周年 」とハッシュタグで報告し、「ありがとう！これからもよろしくね」とコメント。白い膝丈のワンピースを身にまとった12人の3期生が横向きにピッタリとくっついて並び、腰や肩に手を回している結成当時の集合ショットやその他3期生メンバーとの様々な写真を公開した。 ◆与田祐希の投稿に反響 この投稿に、ファンからは「10周年おめでとう」「尊すぎる」「3期最高」「みんなあどけなくて可愛い」「ずっと仲良しでいてほしい」「素敵な関係性」などと反響が寄せられている。（modelpress編集部） 【Not Sponsored 記事】 modelpress,[],[]
近藤千尋＆ジャンポケ太田、結婚11周年記念で「少し早めにお祝い」密着夫婦ショット公開「ラブラブすぎてにやけちゃう」「理想の年の重ね方」と反響（モデルプレス）,https://news.yahoo.co.jp/articles/93df80184ca28fb419d358cb0e5932e38a68760a,https://newsatcl-pctr.c.yimg.jp/t/amd-img/20260905-04839864-mdpr-000-1-view.jpg?exp=10800,2026-09-05T14:51:02+09:00,2026-09-05T14:51:02+09:00,モデルプレス,mdpr,モデルプレス,600,近藤千尋、太田博久 【モデルプレス＝2026/09/05】モデルの近藤千尋が9月4日、自身のInstagramを更新。夫でお笑いコンビ・ジャングルポケットの太田博久との結婚11周年を報告し、夫婦ショットを公開した。 【写真】結婚11周年の42歳吉本芸人＆36歳3児の母モデル「日本酒で真っ赤っか」ラブラブ記念日ショット ◆近藤千尋、結婚11周年夫婦ショット公開 近藤は「11th wedding anniversary」と結婚11周年を報告。「本当は明日ですが…先日少し早めにお祝いしました 2人とも日本酒で真っ赤っか。笑 12年目も、太田夫婦をよろしくお願いします」とコメントし、お祝いのプレートや「1」「1」のろうそくが立てられたケーキを手にほんのりと顔を赤らめた2人が密着している夫婦ショットを公開した。 ◆近藤千尋の投稿に反響 この投稿に、ファンからは「おめでとうございます」「幸せ溢れてる」「ラブラブすぎてにやけちゃう」「いつまでもお幸せに」「憧れの夫婦」「理想の年の重ね方」「おしゃれで綺麗な奥様」などと反響が寄せられている。 近藤は、太田と2015年9月に結婚し、2017年5月に第1子となる長女、2019年10月に第2子となる次女を出産。2024年8月26日に第3子となる三女の出産を発表した。（modelpress編集部） 【Not Sponsored 記事】 modelpress,[],[]
中島歩、ぱっつん前髪×メガネの劇的イメチェンに反響続々「別人級」「似合うのすごい」（モデルプレス）,https://news.yahoo.co.jp/articles/38308bd1ba42665f7bf25da687700c5116a8fb54,https://newsatcl-pctr.c.yimg.jp/t/amd-img/20260905-04839868-mdpr-000-2-view.jpg?exp=10800,2026-09-05T14:42:07+09:00,2026-09-05T18:35:54+09:00,モデルプレス,mdpr,モデルプレス,433,中島歩 【モデルプレス＝2026/09/05】TBS系金曜ドラマ「Tシャツが乾くまで」（毎週金曜よる10時～）に出演する俳優の中島歩が4日、同局の公式YouTubeで配信された「王様のブランチ」（毎週土曜あさ9時30分〜）の予告編に登場。イメージチェンジした姿を披露し、反響を呼んでいる。 【動画】“国木田独歩の玄孫”俳優「別人級」衝撃の劇的イメチェン姿 ◆中島歩、劇的イメチェン公開 同予告編に、共演中の女優・蒼井優とともに出演している中島。前髪を短く切りそろえた黒髪姿に大きなメガネを合わせ、イメージチェンジした姿を披露している。 ◆中島歩の姿に反響 ファンからは「新しい役かな」「別人級」「似合うのすごい」「名前見るまで誰かわからなかった」「普段の中島さんとのギャップがえぐい」「新しい境地に入ってる」「それでも似合うのはハンサムならでは」といった反響が寄せられている。（modelpress編集部） 【Not Sponsored 記事】 modelpress,[],[]
超特急マサヒロ、フライング演出の裏側明かす「4回ぐらい連続失敗」シューヤは心配で歌詞飛びそうに（モデルプレス）,https://news.yahoo.co.jp/articles/fe8a5c822528abaa41622f63e7a189e3436b1614,https://newsatcl-pctr.c.yimg.jp/t/amd-img/20260905-04839863-mdpr-000-1-view.jpg?exp=10800,2026-09-05T14:42:04+09:00,2026-09-05T14:42:04+09:00,モデルプレス,mdpr,モデルプレス,686,シューヤ、マサヒロ 【モデルプレス＝2026/09/05】超特急のシューヤ（志村秀哉）とマサヒロ（森次政裕）が9月4日、グループでレギュラーを務めるラジオ番組「超特急のRADIO EXPRESS」（FM大阪／毎週金曜よる7時〜）に出演。6月から8月にかけて開催されたツアー「BULLET TRAIN ARENA TOUR 2026『ESCORT』」の裏側を明かした。 【写真】超特急メンバー「お目々がくりくり」ぬいぐるみぎゅっと抱きしめた可愛すぎる幼少期 ◆超特急マサヒロ「ESCORT」フライング演出の裏側告白 超特急は、同ツアーでメンバーが宙を舞うフライング演出を取り入れたパフォーマンスを披露。マサヒロは「めちゃめちゃ練習しましたからね。緊張感ありましたね、ずっと」と振り返った。 公演初日のリハーサルでは「4回ぐらい連続失敗しました」と告白。しかし、迎えた本番では見事に成功させ、インイヤーモニター越しに「よっしゃー！」と演出家の声が聞こえてきたという。「それぐらい失敗が続いてたのに、本番やっぱ決める超特急ね。素晴らしいですよ」と誇らしげに語った。 ◆超特急シューヤ、宙を舞うメンバーを心配 一方、ステージで歌唱していたバックボーカルのシューヤは「怖いから、マジでめっちゃ見ちゃうのよ」と吐露。宙を舞うメンバーを心配するあまり「ソワソワして、歌詞が『あれ？』みたいになる時あったんだよね、1回」と歌詞が飛びそうになった瞬間があったと笑いながら口にしていた。（modelpress編集部） 情報：FM大阪 【Not Sponsored 記事】 modelpress,[],[]
渡部篤郎、家族で好きなSTARTOグループ告白「初めて知った」「一家でガチ勢素敵」と話題（モデルプレス）,https://news.yahoo.co.jp/articles/073cda4163752adb8ec03db30111df7af1862a00,https://newsatcl-pctr.c.yimg.jp/t/amd-img/20260905-04839867-mdpr-000-1-view.jpg?exp=10800,2026-09-05T14:30:12+09:00,2026-09-05T14:30:12+09:00,モデルプレス,mdpr,モデルプレス,799,渡部篤郎 【モデルプレス＝2026/09/05】俳優の渡部篤郎が3日放送のフジテレビ系「何か“オモシロいコト”ないの？」（24時15分〜）に出演。家族の“推し”を明かした。 【写真】大物俳優、娘たちと推している8人組STARTOグル ◆渡部篤郎、家族で推しているアイドルグループ明かす この日の放送で「この番組をお好きでいただいているということで…」と話を振られた渡部は「妻が『タイプロ』からハマって。うちの娘2人がダンスやっていて、そこから見始めて」とオーディション番組「timelesz project -AUDITION-」（以下、「タイプロ」）をきっかけに家族がtimelesz（タイムレス）のファンになったと告白。また、渡部は「もちろん“マン”も“ファミリア”も全部（チェックしている）」と他にもtimeleszの冠番組である「タイムレスマン」（フジテレビ系）や「timeleszファミリア」（日本テレビ系）も鑑賞していると明かし、司会の菊池風磨は「篤郎さんの口から“マン”と“ファミリア”が出てくるなんて」と驚いたリアクションをしていた。 また「何か“オモシロいコト”ないの？」のX（旧Twitter）では番組のオフショット共に「一家でtimelesz &風磨さん大好きという渡部篤郎さん」と紹介文が添えられていた。 ◆渡部篤郎ファミリーの“推し”に反響 ファンからは「初めて知った」「一家でガチ勢素敵」「情報過多」「推し被り光栄」「言い方が本物すぎる」「ファンなの伝わる」「推しと共演ってこと？」といった反響が寄せられている。 渡部は1993年にタレントのRIKACOと結婚し、２人の男児が誕生するも2005年に離婚。2016年6月に一般人の女性と再婚し、1人の男児、2人の女児が誕生している。（modelpress編集部） 【Not Sponsored 記事】 modelpress,[],[]
超特急マサヒロ「エビライ」での“初めて”のハプニング告白「360度からの『ガチ夢中』コール、エグいよ！」（モデルプレス）,https://news.yahoo.co.jp/articles/8860bc0117daee30824e19e28cd39059ab1ed8e2,https://newsatcl-pctr.c.yimg.jp/t/amd-img/20260905-04839860-mdpr-000-2-view.jpg?exp=10800,2026-09-05T14:18:07+09:00,2026-09-05T14:41:22+09:00,モデルプレス,mdpr,モデルプレス,986,マサヒロ 【モデルプレス＝2026/09/05】超特急のシューヤ（志村秀哉）とマサヒロ（森次政裕）が9月4日、グループでレギュラーを務めるラジオ番組「超特急のRADIO EXPRESS」（FM大阪／毎週金曜よる7時〜）に出演。8月13日～16日に開催した「EBiDAN THE LIVE 2026 15th Anniversary」について振り返った。 【写真】超特急メンバー「お目々がくりくり」ぬいぐるみぎゅっと抱きしめた可愛すぎる幼少期 ◆超特急マサヒロ「エビライ」でのハプニング告白 同ライブは、超特急やM!LKらが所属するスターダストプロモーションの男性アーティスト集団・EBiDAN（恵比寿学園男子部）による年に1度の集結ライブ。マサヒロは、グループの23rd Single「ガチ夢中！」のパフォーマンスの際に「コールすごかった」と回顧した。 これまでのライブでは、同曲をメインステージでのみ披露してきたそうだが、今回は初めてセンターステージでパフォーマンス。「360度からの『ガチ夢中』コール、エグいよ！」と360度をファンに囲まれたステージで浴びた圧巻のコールを振り返った。ライブ中は音響などを確認するための機器・インイヤーモニターを両耳に装着していたにもかかわらず、「初めて俺、サビ入り忘れたもん。デカすぎて。分かんなかった、音が」と興奮気味に明かした。 ◆超特急シューヤ「エビライ」印象に残っていることとは 一方、体調不良により同ライブはDay1のみ出演したというシューヤ。印象に残っていることとして、ライブの裏側で「『鶴 and 亀』コールが聞けたこと…マジでテンション上がった！」と語った。 2026年2月に公開された映画「純愛上等！」でW主演を務めたM!LKの山中柔太朗と超特急のアロハ（高松アロハ ※「高」は正式には「はしごだか」）による限定オリジナルユニット「鶴 and 亀」は、同作の主題歌「LOVE 2000」を歌唱。同年3月に公開された超特急のYouTube動画では、シューヤがメンバーとともに同曲のコールを考案しており、そのコールをライブ会場でファンが披露したことに「マジであれは印象的だった。No.1かな」と喜びを口にしていた。（modelpress編集部） 情報：FM大阪 【Not Sponsored 記事】 modelpress,[],[]
森香澄、かつて抱いていた容姿のコンプレックス告白 変化のきっかけは「メイク」（モデルプレス）,https://news.yahoo.co.jp/articles/47fef5343ccfcac230e55a58c109dfbb924d1abb,https://newsatcl-pctr.c.yimg.jp/t/amd-img/20260905-04839862-mdpr-000-2-view.jpg?exp=10800,2026-09-05T14:00:31+09:00,2026-09-05T14:10:03+09:00,モデルプレス,mdpr,モデルプレス,2477,「戦略的かわいいの作り方－森 香澄のかしこい美容メソッド－」発売記念取材会に出席した森香澄 【モデルプレス＝2026/09/05】フリーアナウンサーの森香澄が5日、都内で開催された『戦略的かわいいの作り方－森 香澄のかしこい美容メソッド－』（小学館）発売記念取材会に出席。かつて抱いていた容姿のコンプレックスを明かした。 【写真】「可愛すぎる」森香澄の制服JKショット ◆森香澄、自身の顔は「全てすごく好きだったわけではなかった」 本作は、30代に突入してより美しさに磨きをかけていく森の「計算され尽くされたかわいさ」を、誰でも実践できるよう77のメソッドで紹介する1冊となっている。 「かわいいのは天性のものなのではないか」と投げかけられると、森は「『もともと可愛かったんでしょ』とか言っていただくのは本当に多くて、本当にありがたいなと思っているんですけど、私自身は私の顔がもともとすごく好きだったわけではなくて」と告白。そして「この本の中にも書いているんですけど、すごく平凡な顔で。海外の方のように鼻が高いわけでもないし、すらっと背が高いわけでもないし、ちょっとかっこいいような雰囲気があるわけでもないしっていうのが、全てすごく好きだったわけではなかったんです」と明かした。 また「それを変えてくれたのがメイクで。平凡な顔だからこそメイクをすると全然違う顔になれるっていうのに気づいて。それこそ鼻をシェーディングで高くすれば、少しかっこいいメイクもできますし、チークを濃いめに入れたりキラキラしたメイクにしたら、すごくゴージャスな雰囲気にもなれたりしますし。そういう風に、平凡な顔ってあんまりコンプレックスに思う必要ないんだなって気づけてからは、すごく楽しくなりました」と振り返った。 メイクを始める前の時代については「子どもの頃はほとんどやっていなくて。写真を撮られるのがすごく苦手で。笑顔を作れなかったんですよ。周りから何もないのに笑ってるって思われるんじゃないかと思って笑えなかったり、どうやって笑顔を作ったらいいか分からないみたいな感じの子供で。なので、周りから可愛く見られたいという思いを持ち始めたのは、たぶん中学生くらいからだったと思うんです。幼少期は誰よりも先に校庭でドッジボールをするような子供だったものですから。全くそういうのはなかったですね」と振り返った。 ◆森香澄、自身の主軸明かす 男性だけではなく女性からの支持も獲得した自身の現状については「正直、どういう方が応援してくださるかっていうのは予想できないですし、戦略的と書きながら、そこは戦略的に考えたくても難しい部分だと思うので。私にできることは、基本的には求めていただいていることに全力で応えるっていうことが、私の主軸にあります」と明かした。 続けて「なのでバラエティで『あざといポーズをしてください』とか『あざとい発言をしてください』ってあったら、私の中にあるその部分を出しますし。最近は『どういう風にメイクしているんですか？』『どうやったらもっと小顔に見えるんですか？』と聞いていただくことが多いので、それに対して『こういう風なメイクをしています』とお答えすることが多くなって」とし「確かにそこから、女性の方から興味を持っていただいている機会が増えているなっていう風には感じています」と話した。 女性人気の獲得は計算の結果ではないのか聞かれると「そうですね（笑）。もともとメイクとかボディメイクとか、そういう女性が興味を持ってもらいやすいような分野も好きだったので」と笑顔を見せ「『そういうことを発信したい』っていう思いはずっと持っていたので。でも、誰でも発信できるわけではないので、それを発信できるところまで、周りの方の力を借りて、やっと来れたのかなと思っています」と語った。 そして、試行錯誤の中での失敗談について、森は「いっぱいあります」と答え「ダイエットだったら、それこそ本当に食べないとか、朝はバナナだけを食べてれば痩せるとか、そういうのもいっぱいやりましたし、メイクに関しては本当に毎日試行錯誤していて。局アナ時代も自分でメイクをしていたので、テレビに出るには照明が当たるから濃くしなきゃと思って濃くし過ぎて、とんでもない顔でニュースを1回読むことになってしまって。それを自分でオンエアで見て、これは怒られると思って、薄くして今度は薄すぎたり。そういうのを繰り返して、やっと自分の正解に近づけているのかなと思います」と振り返った。 ◆森香澄、ローマでのスリ被害振り返る また、YouTubeでも明かしていた、仕事で滞在していたローマでのスリ被害に関して「スリに関しては、正直結構びっくりして。若干焦りは勿論あったんですけど、焦っていてもしょうがないし、そのままイタリアで焦っていてももったいないなって思った」と回想。そして「『カードを止めないと』とか『他に何か盗られているものがないか』とか、勿論そういう確認はしつつ、安全を確認したらもう忘れちゃおうみたいな（笑）。嫌なことは反省したり、次は同じことをしないぞっていう風に決めたら、忘れます」と語った。 「あの時も忘れてご機嫌に『さあパニーニを食べましょう！みたいな感じでパニーニを食べていました」と明かし、それも戦略的かわいいメソッドなのか投げかけられると「そうかもしれないですね（笑）。ずっと引きずっていても。やっぱりマインドから多幸感って出ると思うので。とにかく常に楽しいことを考えるっていうのは、私の一つの大切にしているマインドです」と話していた。 スリ被害の動画における「金属のカード」発言が話題を呼んでいることについては「金属のカードを盗っただけです。あの人たちは（笑）」と返答し、「金属と言いましても、いろいろありますので（笑）。プラスチックではなかったということだけです（笑）」とにこやかに答えていた（modelpress編集部） 【Not Sponsored 記事】 modelpress,[],[]
乃木坂46岩本蓮加「3期生12人が皆様の心に残り続けますように」加入10周年に過去の集合ショット公開「涙腺にくる」「永遠に大好き」の声続々（モデルプレス）,https://news.yahoo.co.jp/articles/d666f29782aebce53985acc87f62f0d1732fe51a,https://newsatcl-pctr.c.yimg.jp/t/amd-img/20260905-04839840-mdpr-000-1-view.jpg?exp=10800,2026-09-05T13:57:02+09:00,2026-09-05T13:57:02+09:00,モデルプレス,mdpr,モデルプレス,422,岩本蓮加 【モデルプレス＝2026/09/05】乃木坂46の岩本蓮加が9月4日、自身のInstagramを更新。乃木坂46の3期生の過去ショットを公開し、反響が寄せられている。 【写真】乃木坂46人気メン「一生の宝物」3期生12人集結の過去ショット ◆岩本蓮加、3期生12人の過去ショット公開 岩本は「3期生10周年」と切り出し、「本当にありがとうございます。たくさんの方々の支えがあって今があります」とファンや周囲へ感謝。さらに「3期生12人が皆様の心に残り続けますように」とつづり、制服姿の3期生12人が一列に並んだ集合ショットを公開した。 ◆岩本蓮加の投稿に反響 この投稿に、ファンからは「10周年おめでとう」「エモすぎる」「一生の宝物ショット」「3期生が永遠に大好き」「仲良し3期生の集合写真が尊すぎる」「涙腺にくる」などの反響が寄せられている。（modelpress編集部） 【Not Sponsored 記事】 modelpress,[],[]
田中将大投手の妻・里田まい「娘はイマイチだった」息子が好きな手料理披露「本格的で美味しそう」「子どもたちの反応の差がリアル」と反響（モデルプレス）,https://news.yahoo.co.jp/articles/8fb4088b2c69fe734db357ee3c3b60e98d53306f,https://newsatcl-pctr.c.yimg.jp/t/amd-img/20260905-04839839-mdpr-000-1-view.jpg?exp=10800,2026-09-05T13:51:02+09:00,2026-09-05T13:51:02+09:00,モデルプレス,mdpr,モデルプレス,569,里田まい 【モデルプレス＝2026/09/05】タレントの里田まいが9月4日、自身のInstagramのストーリーズを更新。手料理を公開し、反響を呼んでいる。 【写真】田中将大投手の美人妻「手間ひまかけてて尊敬」子どもたちに好評の料理 ◆里田まい、カレー・スープ・牛すじ煮込み公開 里田は、手料理の写真を連続で投稿。「息子が好きなバターチキンカレーを作りましたら喜んでましたが 娘はイマイチだったそうです」とつづり、大ぶりな鶏肉が入ったバターチキンカレーを披露した。 続けて「張り切って時間をかけて牛すじと鶏ガラのスープを作りました。子どもたちに好評でよかった」と本格的なスープの写真を公開。さらに「その流れで牛すじ煮込みを作りました。私はこれが好き！」と記し、大根や牛すじがゴロゴロ入った煮込み料理も披露している。 ◆里田まいの投稿に反響 この投稿に「本格的で美味しそう」「手間ひまかけてて尊敬」「子どもたちの反応の差がリアルで可愛い」「全部美味しそう」「牛すじ煮込みは嬉しすぎる」「料理上手」といった声が寄せられている。 里田は読売ジャイアンツの田中将大投手と2012年に結婚。2016年2月に第1子男児、2019年6月に第2子女児が誕生した。（modelpress編集部） 【Not Sponsored 記事】 modelpress,[],[]
ローラ、ナス・かぼちゃ・シシトウ…仕込み中の夏野菜の揚げ浸し公開「大量ですね」「丁寧な暮らしで憧れ」と反響（モデルプレス）,https://news.yahoo.co.jp/articles/5181112b14dcd4d88c395547b40ea068ddd32274,https://newsatcl-pctr.c.yimg.jp/t/amd-img/20260905-04839831-mdpr-000-1-view.jpg?exp=10800,2026-09-05T13:42:02+09:00,2026-09-05T13:42:02+09:00,モデルプレス,mdpr,モデルプレス,409,ローラ 【モデルプレス＝2026/09/05】モデルのローラが9月4日、自身のInstagramストーリーズを更新。夏野菜の揚げ浸しを作る様子を公開した。 【写真】36歳モデル「彩りが美しい」“大量”仕込み中の夏野菜揚げ浸し ◆ローラ、夏野菜の揚げ浸しの仕込み ローラは「Prepping summer vegetable agebitashi 夏野菜の揚げ浸し仕込み」とつづり、調理中の様子を収めた動画や写真を投稿。ナスをはじめ、かぼちゃやパプリカ、シシトウといった色鮮やかな夏野菜を揚げ、ガラス製の容器に整然と並べてつけ汁に漬け込む様子を披露している。 ◆ローラの投稿に反響 この投稿には「彩りが美しい」「美味しそう」「丁寧な暮らしで憧れる」「調理場までスタイリッシュ」「料理上手」「大量ですね」といった声が寄せられている。（modelpress編集部） 【Not Sponsored 記事】 modelpress,[],[]
森香澄、芸能界の“頼れる存在”明かす「いつも情報交換をさせていただいている」（モデルプレス）,https://news.yahoo.co.jp/articles/63628fab64e9514d3fc1ab9b7941ebb4119bc1e3,https://newsatcl-pctr.c.yimg.jp/t/amd-img/20260905-04839852-mdpr-000-4-view.jpg?exp=10800,2026-09-05T13:37:37+09:00,2026-09-05T14:05:18+09:00,モデルプレス,mdpr,モデルプレス,1767,「戦略的かわいいの作り方－森 香澄のかしこい美容メソッド－」発売記念取材会に出席した森香澄 【モデルプレス＝2026/09/05】フリーアナウンサーの森香澄が5日、都内で開催された『戦略的かわいいの作り方－森 香澄のかしこい美容メソッド－』（小学館）発売記念取材会に出席。頼れる存在を明かした。 【写真】31歳フリーアナ「すごく優しく」お姉さん的存在の元アイドル ◆森香澄、芸能界で頼れる存在明かす 本作は、30代に突入してより美しさに磨きをかけていく森の「計算され尽くされたかわいさ」を、誰でも実践できるよう77のメソッドで紹介する1冊となっている。 タレントの指原莉乃に帯を依頼したことについて、森は「『美的』さんでずっと連載をさせていただいていたんですけど、そのご縁でこの本を出版することになったんです」と前置きし「その連載の中で、指原さんのお名前を私が取材の時に何度も何度も出していて。『指原さんから美容のことをすごく教えてもらっているんです』とか、芸能界に先輩というか、頼れる方、お姉さんみたいな方があんまりいなかったので。その中で指原さんはすごく優しく、いろんな芸能界のことも教えてくださいますし、美容のこともすごくお詳しいので、一緒にいつも情報交換をさせていただいている」と明かした。 また「お名前を何回も出し過ぎたせいで、『美的』の方が『これはぜひ指原さんに帯を書いていただきましょう』ということで、お声がけしたら快く書いてくださって、本当にありがたかったです」と感謝していた。 ◆森香澄「すごく自信のある1冊になりました」 また、森は「やっと1冊になったというのが、正直な気持ちで。お話をいただいてからは結構時間が経っていますし、そこからどの情報を載せたいのかっていうのを、精査して精査して、やっと1冊になったというところなので」とここまでの苦労を語り「制作が決まってからも、本当に直前までアップデートを繰り返したり、もうちょっとこっちの情報の方が読む人は興味があるんじゃないかみたいな感じで。本当に困ったと思うんですけど、出版社の方を困らせながら（笑）、最後の最後までアップデートさせていただいたので、すごく自信のある1冊になりました」と笑顔を見せた。 お気に入りカットには、白のドレス姿を選び「あとがきの中の1枚なんですけど、かなり印象的なカットになっていて。この撮影自体はスタジオで行ったんですけど、ドレスは着たいっていう話はしていたんですけど、スタイリストさんが披露宴みたいなドレスを持ってきてくださって」と回想。「それを見た瞬間に『これは印象的になりそうだから着たい』ってなったんですけど、美容本の大きさを考えたときに『1枚に収まる？』って思って」と振り返った。 続けて「本当に全員で試行錯誤して、一番きれいに見える角度と、印象的に見える角度と、ドレスが全部写るっていう全てを叶えた奇跡の1枚なので。あとがきの私の思いを吐露しているような印象的なページに、印象的なショットとして載せさせていただきました」と明かした。 ◆森香澄、出版に至った経緯明かす さらに「本を作りたいとまでは正直思っていなかったんですけど、自分でいろんなものを、流行っているものとか新しく出たものを試してみたり、ダイエットだったらいろんなボディメイクの方法を試してみたりするのが、もともと好きで」とし「それを友達とか周りの人たちに『これめっちゃよかったよ』とか『こういう方法だったらそんなに辛くなくてボディメイクできた』とか、そういうことを広めることがすごく好きだったので」と語った。 そして「『それをSNSだったり友達だったり、いろんなところに発信していったらそれって1冊にしたらすごくいい1冊になるんじゃない？』っていう風にお話をいただいて。そこから確かにそうかもと思って『じゃあ本当に載せたい情報は何なんだろう？』っていう風に考えるようになりました」と出版に至るまでの経緯を説明。また、結婚願望については「私もやはり家族にすごく大切に育てていただいたというところはあるので、自分もいつか家族を持ちたいなという思いはあります」と答えていた。（modelpress編集部） 【Not Sponsored 記事】 modelpress,[],[]
1児の母・宮崎宣子「誕生日だけど」冷蔵庫にあるもので作った手料理に反響「自分のご飯に飽きるの共感」「盛り付けが美しい」（モデルプレス）,https://news.yahoo.co.jp/articles/934402dbb9a7bd744fdbdd2a574edb3343bbe01e,https://newsatcl-pctr.c.yimg.jp/t/amd-img/20260905-04839830-mdpr-000-1-view.jpg?exp=10800,2026-09-05T13:30:01+09:00,2026-09-05T13:30:01+09:00,モデルプレス,mdpr,モデルプレス,621,宮崎宣子Instagramより 【モデルプレス＝2026/09/05】元日本テレビで現在はフリーの宮崎宣子アナウンサーが9月4日、自身のInstagramストーリーズを更新。冷蔵庫にあるもので作った夜ご飯を公開し、反響を呼んでいる。 【写真】46歳1児の母アナウンサー「自分のご飯に飽きてる」誕生日に作った手料理ズラリ ◆宮崎宣子「誕生日だけど」自分で作った夜ご飯公開 9月4日に誕生日を迎えた宮崎は「誕生日だけど、自分で冷蔵庫にあるもので夜ご飯作った」「息子がいると、家が助かる ただ、人のご飯食べたい 自分のご飯に飽きてる」とつづり、手料理を公開。ネギ塩豚炒め、ほうれん草のおひたし、たっぷりのかつお節をトッピングした豆腐ステーキといった和風の献立を披露している。 ◆宮崎宣子の投稿に反響 この投稿に、ファンからは「お誕生日おめでとうございます」「どれも美味しそう」「自分のご飯に飽きるの共感」「しっかり作ってすごい」「盛り付けが美しい」「ケーキがあるからこれくらいのボリュームが理想的」「タンパク質たっぷり」などの反響が寄せられている。 宮崎は2002年4月に日本テレビに入社し、2011年12月に一般男性と結婚。2012年3月に日本テレビを退社後、フリーに転身。2021年12月に「歳の差10歳」の男性と再婚、2023年10月に出産を発表した。（modelpress編集部） 【Not Sponsored 記事】 modelpress,[],[]
「今日好き」横田未来、網タイツ×ヒョウ柄コスプレショットにファン悶絶「破壊力がすごすぎて心臓に悪い」「大人っぽくてセクシー」（モデルプレス）,https://news.yahoo.co.jp/articles/5ef74faa30c56e1cdfe39733d9b9daf8ffbca08f,https://newsatcl-pctr.c.yimg.jp/t/amd-img/20260905-04839661-mdpr-000-1-view.jpg?exp=10800,2026-09-05T13:21:03+09:00,2026-09-05T13:21:03+09:00,モデルプレス,mdpr,モデルプレス,468,横田未来 【モデルプレス＝2026/09/05】ABEMAの高校生による青春恋愛リアリティーショー「今日、好きになりました。」（毎週月曜よる21時～）に参加していたモデルの横田未来が9月4日、自身のInstagramを更新。コスプレショットを公開し、反響が寄せられている。 【写真】「今日好き」23歳美女「小悪魔感が最高」セクシーなヒョウ柄コスプレ ◆横田未来、ヒョウ柄コスプレショット披露 横田は、ヒョウ柄のコスプレショットを投稿。ヒョウ柄のミニスカートに、網タイツとヒョウ柄の猫耳のカチューシャを合わせたコーディネートを公開している。 さらに、黒の猫耳がついたファーの帽子を被り、ウインクしたショットも披露している。 ◆横田未来のコスプレ姿が話題 この投稿にファンからは「網タイツもウインクも反則すぎる」「次元違いの可愛さ！」「小悪魔感が最高」「大人っぽくてセクシー」「ウインクの破壊力がすごすぎて心臓に悪い」などといった声が寄せられている。（modelpress編集部） 【Not Sponsored 記事】 modelpress,[],[]
山下智久「尊敬する先輩」との寄り添いショット披露「お祝いしてもらって嬉しそう」「後輩の顔してて可愛い」と反響（モデルプレス）,https://news.yahoo.co.jp/articles/6321ceaf48b7c964fa5b6b6b17cb8ef2df5edee1,https://newsatcl-pctr.c.yimg.jp/t/amd-img/20260905-04839841-mdpr-000-2-view.jpg?exp=10800,2026-09-05T13:14:26+09:00,2026-09-05T13:15:18+09:00,モデルプレス,mdpr,モデルプレス,850,山下智久 【モデルプレス＝2026/09/05】俳優の山下智久が2026年9月4日、自身のX（旧Twitter）を更新。「尊敬する先輩」から芸能界生活30周年を祝ってもらったことを明かした。 【写真】山P「顔も筋肉も強い」尊敬する先輩との寄り添いショット ◆山下智久、岡田准一から芸能界生活30周年のお祝い 1996年9月1日に芸能界入りを果たした山下。これを受け、山下は9月1日に「30年、ずっとありがとう。これからも。山下智久」と芸能生活30周年を迎えた感謝のメッセージを投稿した。そして、俳優の岡田准一は9月4日に「僕もまた新たな現場、やりきれますように。そして30年おめでとうをした。変わらず良い男。彼の願いと実がむすばれますように」とつづり、山下との2ショットを公開。山下は「30」の数字が装飾がされた大きなスイーツを持ち、満面の笑みを浮かべている。 山下はこの投稿を引用し「感無量。尊敬する先輩にお祝いして頂きました。大切に進みます」と岡田から芸能生活30周年を祝われたことを伝えていた。 ◆山下智久、岡田准一と独立後も交流続く 以前は共に旧ジャニーズ事務所に所属し、先輩後輩関係にあたる山下と岡田。独立後も交流は続き、2025年12月4日には、山下がXで岡田が主演・プロデューサー・アクションプランナーを務める現在配信中のNetflixシリーズ「イクサガミ」（全6話）を絶賛する一幕も。すると岡田はこの投稿を引用し「嬉しい事言ってくれる後輩だぜ 先日はご飯美味しかったね。また誘っちゃうんだから〜好き。観てくれてありがとう」と山下と食事をしたことを明かしていた。 ◆山下智久の投稿に反響 ファンからは「素敵に年を重ねてる」「お祝いしてもらって嬉しそう」「山Pが後輩の顔してて可愛い」「顔も筋肉も強い」「独立後も交流続いて嬉しい」「見た目も中身も男前」「胸がいっぱい」といった反響が寄せられている。（modelpress編集部） 【Not Sponsored 記事】 modelpress,[],[]
双子の母・中川翔子、“やばい”出産前のふっくらお腹ショット多数公開「すごい膨らんでる」「出産って本当に命懸け」の声（モデルプレス）,https://news.yahoo.co.jp/articles/9d2fd0a93c5bae95fe0bee426930eb4d8fb86698,https://newsatcl-pctr.c.yimg.jp/t/amd-img/20260905-04839658-mdpr-000-1-view.jpg?exp=10800,2026-09-05T13:12:03+09:00,2026-09-05T13:12:03+09:00,モデルプレス,mdpr,モデルプレス,426,中川翔子 【モデルプレス＝2026/09/05】歌手でタレントの中川翔子が9月4日、自身のInstagramストーリーズを更新。双子を出産する前のショットを公開し、反響を呼んでいる。 【写真】双子の母・41歳美人歌手「双子の大きさに驚き」出産前のふっくらお腹 ◆中川翔子、双子が生まれる前のふっくらお腹 中川は「去年7月、やばい」とつづり、双子が生まれる前のふっくらお腹を公開。ゆったりとした白のワンピースからはお腹のラインがはっきりと見えている。また「去年8月くらい」とコメントを添え、鏡越しに撮影した大きなお腹も披露している。 ◆中川翔子の投稿に反響 この投稿に「すごい膨らんでる」「出産って本当に命懸けですね」「しょこたんよく頑張った」「双子の大きさに驚き」「無事に生まれてきてくれて良かった」「これからもすくすく育ちますように」など反響が寄せられている。（modelpress編集部） 【Not Sponsored 記事】 modelpress,[],[]
総フォロワー700万人超美人インフルエンサー、美脚スラリミニワンピでUSJ満喫「スタイルが異次元」「無敵すぎる」の声（モデルプレス）,https://news.yahoo.co.jp/articles/17b12a6d141dbf994154364fc26e7f706ca29d28,https://newsatcl-pctr.c.yimg.jp/t/amd-img/20260905-04839653-mdpr-000-1-view.jpg?exp=10800,2026-09-05T13:00:06+09:00,2026-09-05T13:00:06+09:00,モデルプレス,mdpr,モデルプレス,547,Mumeixxx 【モデルプレス＝2026/09/05】SNSの総フォロワー数700万人を超えるインフルエンサーでアーティストのMumeixxx（むめい）が9月4日、自身のInstagramを更新。ユニバーサル・スタジオ・ジャパン（以下USJ）でのショットを披露した。 【写真】SNS総フォロワー数700万人超美女「頭身がバグ」色白美脚スラリミニワンピ姿 ◆Mumeixxx、ミニワンピショット Mumeixxxは「USJ クラブ・ゼッドが終わる前に最後に行ってきた」とつづり、USJでのショットを公開。黒のチェックのノースリーブミニスカートワンピースにブーツを合わせたコーディネートで、スラリとした脚が際立っている。 また、人気キャラクター・スヌーピーのアートとの記念ショットや、友人らと同じポーズで撮影したショットも投稿している。 ◆Mumeixxxの投稿が話題 この投稿にファンからは「ミニワンピが似合いすぎててめちゃくちゃ可愛い！」「頭身がバグ」「スタイルが異次元すぎる」「可愛さとスタイルの良さで無敵すぎる」「ポーズ真似したい」「モデルさんかと思った」などといった反響が寄せられている。（modelpress編集部） 【Not Sponsored 記事】 modelpress,[],[]
2児の母・青木裕子、型抜きで「のりべん」トッピングしたぎっしり弁当公開「手が込んでる」「こだわりと愛情がすごすぎる」の声（モデルプレス）,https://news.yahoo.co.jp/articles/1e4bf722a2f6295cd1970c1df071dc1aeba501af,https://newsatcl-pctr.c.yimg.jp/t/amd-img/20260905-04839651-mdpr-000-1-view.jpg?exp=10800,2026-09-05T12:54:03+09:00,2026-09-05T12:54:03+09:00,モデルプレス,mdpr,モデルプレス,664,青木裕子 【モデルプレス＝2026/09/05】フリーアナウンサーの青木裕子が9月4日、自身のInstagramストーリーズを更新。息子への弁当を公開し、反響が寄せられている。 【写真】ナイナイ矢部の43歳妻「朝から試行錯誤しててすごい」“のりべん”・チャーシュー・うどんの弁当 ◆青木裕子、息子への「のりべん」公開 青木は手作りののり弁当を公開。別容器にはチャーシューやゆで卵、うどんなどが詰められており「チャーシューが美味しくできました。おかずなしでのり弁だけでいいと言われたくらい、とにかくのり弁が好きらしいです」と息子の好みに合わせて作った弁当だと説明した。 のり部分には「のりべん」とくり抜いたチーズが乗せられており「チーズの字は上手にできたものを、『焼いたらどうなるかな』とやってみたら溶けてしまったので （そりゃそうだよって朝の自分に言いたい）、急いで型抜きしなおした2回目です。急いだからあんまり綺麗にできませんでした…それでもどうしても型抜きしたかったのです」とも記している。 ◆青木裕子の投稿が話題 この投稿には「おかずがぎっしりで手が込んでる」「こだわりと愛情がすごすぎる」「朝から試行錯誤しててすごい」「『のりべん』の文字が可愛い」「好みに合わせて作ってて尊敬する」などといった声が寄せられている。 青木は、お笑いコンビ・ナインティナインの矢部浩之と2013年に結婚。2014年に長男、2016年に次男を出産した。（modelpress編集部） 【Not Sponsored 記事】 modelpress,[],[]
「VIVANT」キービジュアルの“異変”に視聴者騒然「鳥肌立った」「何か意味があるのかな」考察相次ぐ（モデルプレス）,https://news.yahoo.co.jp/articles/d4ed359d772c81f48f6082e521112e344cdf1918,https://newsatcl-pctr.c.yimg.jp/t/amd-img/20260905-04839808-mdpr-000-1-view.jpg?exp=10800,2026-09-05T12:44:31+09:00,2026-09-05T12:44:31+09:00,モデルプレス,mdpr,モデルプレス,887,堺雅人「VIVANT」第16話（C）TBS 【モデルプレス＝2026/09/05】俳優の堺雅人が主演を務めるTBS系日曜劇場「VIVANT」（毎週日曜よる9時～）の第16話が、8月30日に放送された。物語が大きく動いたことを受け、キービジュアルに“異変”が起きた。＜※ネタバレあり＞ 【写真】「振り幅がすごい」話題の「VIVANT」最新人物チャート ◆堺雅人主演「VIVANT」 2023年7月から9月に放送された日曜劇場「VIVANT」。主人公の商社マン・乃木憂助（堺）が、国内外で民間人に紛れて諜報活動を行う自衛隊直轄の非公認組織「別班」の一員として、生き別れた実の父親であるノゴーン・ベキ（役所広司）が率いるテロ組織「テント」の真相に迫っていく物語である。復讐を果たそうとする実の父・ベキを乃木が射殺し、すべては終わったかに見えた。しかしその裏で、新たな冒険はすでに動き出していた。 ◆「VIVANT」のキービジュアルにリュウ ミンシュエン（堺雅人）登場 第16話では、シーズン1から名前だけが登場していたリュウ ミンシュエン（漢字表記：劉銘軒／堺）が初登場した。リュウは5年前、北京の日本大使館に駐在し諜報活動を行っていた野崎守（阿部寛）のエージェントだった人物。危険な潜入捜査を試みて組織に捕まり、拷問を受けて死亡したとされていたが、それから5年、宿敵である「シンシー」の一員として野崎の前に現れた。 第16話から大きくストーリーが動いたことから「VIVANT」公式サイトでは、告知なしでキービジュアルが変更。シンシーの責任者を務めるハン リンシン（漢字表記：樊林杏／宮下今日子）、タイの実業家のチョッキー・テーパーニット（OHM（オーム）ことタナパック・ジョンジャイパー）の横にリュウが追加されていた。 ◆「VIVANT」告知なしのキービジュアルの変更に反響 視聴者からは「びっくり」「また追加される？」「鳥肌立った」「何か意味があるのかな」といった反響が寄せられている。（modelpress編集部） 【Not Sponsored 記事】 modelpress,[],[]
内田理央、ビキニ×デニムで抜群スタイル披露「見惚れちゃう」「引き締まっててカッコいい」と悶絶の声（モデルプレス）,https://news.yahoo.co.jp/articles/4b87c4edb57dea523b1f0ae96c876c79bccc87bb,https://newsatcl-pctr.c.yimg.jp/t/amd-img/20260905-04839665-mdpr-000-1-view.jpg?exp=10800,2026-09-05T12:39:04+09:00,2026-09-05T12:39:04+09:00,モデルプレス,mdpr,モデルプレス,406,内田理央 【モデルプレス＝2026/09/05】女優の内田理央が9月4日、自身のInstagramを更新。お出かけ先でのショットを公開し反響を呼んでいる。 【写真】34歳女優「女神級ボディ」ウエスト全開ビキニコーデ ◆内田理央、水着姿で美肌際立つ 内田は「まだ夏…だよね？」などとつづり、写真を複数枚投稿。ファッション雑誌「オトナミューズ」（宝島社）の撮影で小浜島に行った際のオフショットを公開した。ブラウンカラーのビキニトップにデニムを合わせたコーディネートで、引き締まったウエストや抜群のスタイルを披露している。 ◆内田理央の投稿に反響 この投稿に「可愛すぎる」「まだまだ夏ですよ」「引き締まっててカッコいい」「オシャレですね」「肌綺麗すぎます」「見惚れちゃう」「女神級ボディ」「眩しすぎる」など反響が寄せられている。（modelpress編集部） 【Not Sponsored 記事】 modelpress,[],[]
登録者数130万超美人YouTuber「ちょいウルフ」バッサリヘアカットで雰囲気ガラリ「ドタイプすぎる」「一瞬誰かわからなかった」と絶賛の声（モデルプレス）,https://news.yahoo.co.jp/articles/bca17ef0941e3256bad5ffeac6ce98dc5be16868,https://newsatcl-pctr.c.yimg.jp/t/amd-img/20260905-04839664-mdpr-000-1-view.jpg?exp=10800,2026-09-05T12:30:02+09:00,2026-09-05T12:30:02+09:00,モデルプレス,mdpr,モデルプレス,410,きりたんぽ 【モデルプレス＝2026/09/05】YouTuberのきりたんぽが9月4日、自身のInstagramを更新。ヘアカットしたショットを公開し、反響が寄せられている。 【写真】登録者数130万超美女YouTuber「かっこよくて可愛いの最強」雰囲気ガラリ新ヘア ◆きりたんぽ、ヘアカットしたショット公開 きりたんぽは「ちょいウルフ？どうかな？？」とつづり、ヘアカットした姿を投稿。“ウルフカット”と呼ばれるレイヤーが入ったショートヘアスタイルで、ロングヘアからガラリと変わったスタイルを披露している。 ◆きりたんぽの投稿が話題 この投稿にファンからは「イメチェンすごすぎる」「一瞬誰かわからなかった」「雰囲気全然違う」「ドタイプすぎる」「可愛すぎて頭抱えてる」「かっこよくて可愛いの最強」などといった声が寄せられている。（modelpress編集部） 【Not Sponsored 記事】 modelpress,[],[]
山下美月、美スタイル際立つノースリーブコーデ2選にファン歓喜「プライベート感がたまらない」「清楚でエレガント」（モデルプレス）,https://news.yahoo.co.jp/articles/c91c030e841d9628d5f482d607c402a70e8488cf,https://newsatcl-pctr.c.yimg.jp/t/amd-img/20260905-04839663-mdpr-000-1-view.jpg?exp=10800,2026-09-05T12:20:38+09:00,2026-09-05T12:20:38+09:00,モデルプレス,mdpr,モデルプレス,445,山下美月 【モデルプレス＝2026/09/05】女優の山下美月が9月4日、自身のInstagramを更新。飲食店でのショットを公開し、話題になっている。 【写真】26歳元乃木坂圧倒的センター「彼女感すごい」素肌輝くノースリ私服姿 ◆山下美月、ノースリーブコーデ披露 山下は「最近は雨の日が多いので、美味しいものを食べてゆっくり過ごしています」とつづり、外食先でのショットを公開。フリルがついた白のノースリーブ姿や、黒いノースリーブに白いスカートのワンピースのコーディネートを披露している。 ◆山下美月の投稿が話題 この投稿にファンからは「上品で可愛すぎる」「白の美月ちゃんも黒の美月ちゃんも好きすぎる」「プライベート感がたまらない」「清楚でエレガントなスタイリングが大人っぽくて憧れ」「彼女感すごい」「雨の日の過ごし方もおしゃれで絵になる」「雰囲気の違うコーデが最高」などといった声が寄せられている。（modelpress編集部） 【Not Sponsored 記事】 modelpress,[],[]
2児の母・長谷川京子「昨日のミートソースが大量に余ってしまったので」2人分のペンネ弁当公開「売り物みたいにおしゃれ」「愛情感じる」（モデルプレス）,https://news.yahoo.co.jp/articles/1211f85f5dc907e6283a475a0f780a7824d950c8,https://newsatcl-pctr.c.yimg.jp/t/amd-img/20260905-04839662-mdpr-000-1-view.jpg?exp=10800,2026-09-05T12:15:02+09:00,2026-09-05T12:15:02+09:00,モデルプレス,mdpr,モデルプレス,523,長谷川京子 【モデルプレス＝2026/09/05】女優の長谷川京子が9月4日、自身のInstagramストーリーズを更新。お弁当ショットを披露し、反響が寄せられている。 【写真】48歳女優「フルーツもあってバランス完璧」余り物活用のペンネ弁当 ◆長谷川京子、リメイクお弁当ショット 長谷川はお弁当が2つ並んだショットを投稿。「昨日のミートソースが大量に余ってしまったので」とつづり、ミートソースペンネ、ウインナー、トマト、コーンなどが入ったお弁当2つと、別の容器にオレンジの果物が入ったお弁当を披露している。 ◆長谷川京子の投稿が話題 この投稿には「お弁当にオレンジも添えてて愛情感じる」「ペンネを弁当にするのセンス良すぎる」「売り物みたいにおしゃれ」「朝からしっかりお弁当作ってて尊敬」「フルーツもあってバランス完璧」「彩りが綺麗で美味しそう」などといった声が寄せられている。 長谷川は、2008年10月にポルノグラフィティのギタリスト新藤晴一と結婚し、2009年5月に長男、2012年1月に長女が誕生。その後、2021年10月に新藤との離婚を発表した。（modelpress編集部） 【Not Sponsored 記事】 modelpress,[],[]
TWICEダヒョン、美背中開放の真紅ドレス姿披露「絵画のような美しさ」「破壊力すごい」の声（モデルプレス）,https://news.yahoo.co.jp/articles/dd25a0b6064d1504a08968931e147d59b75e889b,https://newsatcl-pctr.c.yimg.jp/t/amd-img/20260905-04839660-mdpr-000-1-view.jpg?exp=10800,2026-09-05T12:03:02+09:00,2026-09-05T12:03:02+09:00,モデルプレス,mdpr,モデルプレス,486,ダヒョン 【モデルプレス＝2026/09/05】韓国の9人組ガールズグループ・TWICE（トゥワイス）のダヒョン（DAHYUN）が9月4日、自身のInstagramを更新。背中が大胆に空いたドレス姿を公開し、話題を呼んでいる。 【写真】K-POPトップアイドル「背中のラインが美しい」大胆背中開きドレス姿 ◆ダヒョン、美背中際立つドレス姿公開 ダヒョンは韓国語で「堤川国際音楽映画祭」のハッシュタグをつけて、9月3日から8日まで韓国・堤川（チェチョン）で行われた「第22回堤川国際音楽映画祭」に出席した際のオフショットを複数枚投稿。室内の大きな鏡の前で横を向いて机に両手を置き、ダークレッドの背中が大胆に空いたホルターネックのロングドレスが美しい背中を際立たせている。 ◆ダヒョンの投稿に反響 この投稿に、ファンからは「引き締まった背中のラインが美しい」「破壊力すごい」「スタイル神」「絵画のような美しさ」「可愛さレベチ」「女神」「クラシカルで素敵」などのコメントが寄せられている。（modelpress編集部） 【Not Sponsored 記事】 modelpress,[],[]
中町綾、セクシーなレオタード姿＆リラックスした表情で魅せる 初写真集先行イメージショット2枚公開（モデルプレス）,https://news.yahoo.co.jp/articles/f2fc1dfad031fbbfae53af0c159baed99bf02c94,https://newsatcl-pctr.c.yimg.jp/t/amd-img/20260905-04839769-mdpr-000-1-view.jpg?exp=10800,2026-09-05T12:00:04+09:00,2026-09-05T12:00:04+09:00,モデルプレス,mdpr,モデルプレス,545,中町綾 撮影：倉本侑磨／「中町綾1st写真集」（11月11日発売、講談社） 【モデルプレス＝2026/09/05】YouTuberの中町綾が11月11日に発売する自身初となる写真集（タイトル未定／講談社）より、新たな先行カット2点が公開された。 【写真】25歳美女YouTuber、美バスト際立つレオタード姿 ◆中町綾、先行イメージショットが2枚公開 現在、先行カットや「中町綾チャンネル」での報告には、「スタイル良すぎだし、撮影楽しそうすぎ」「かわいすぎだろ」「やばい素敵」といった歓喜の声が寄せられている。 この反響を受けて、新たに先行イメージショットが2枚公開された。L.A.の砂浜で見せるリラックスした表情、一転して東京撮影で披露するクールでセクシーなレオタード姿と、今作の振れ幅の広さを感じさせる2枚となっている。 ◆中町綾、初の写真集決定 本作は、米・ロサンゼルス、アメリカ屈指のリゾート地・パームスプリングス、そして東京という個性の異なる3つの地域を舞台に撮影。写真集にはロングトリップのなかで見せた素顔からファッショナブルな表情まで、中町の多彩な魅力を144ページにわたって収録する。（modelpress編集部） 【Not Sponsored 記事】 modelpress,[],[]
高橋光臣「VIVANT」念願の初参加 自分の役まで考察「出演者ごと驚かす作品」【インタビュー】（モデルプレス）,https://news.yahoo.co.jp/articles/cbd80c8dddb87048fd7a7186b3ba1ed5e987b7e6,https://newsatcl-pctr.c.yimg.jp/t/amd-img/20260905-04839764-mdpr-000-1-view.jpg?exp=10800,2026-09-05T12:00:04+09:00,2026-09-05T12:00:04+09:00,モデルプレス,mdpr,モデルプレス,2708,高橋光臣（C）TBS 【モデルプレス＝2026/09/05】TBSで毎週日曜よる9時から放送中の日曜劇場「VIVANT」第2シーズンで、チョウ・ケイシ（漢字表記：張競士）を演じる俳優の高橋光臣。本作に初参加となる高橋が、オファーが届いたときの心境や、役作りで意識したことなどを語った。 【写真】「VIVANT」最新話で初登場人物の正体に視聴者驚愕 ◆高橋光臣「VIVANT」念願の初参加 第2シーズンでは、主人公・乃木憂助（堺雅人）ら別班と、多国籍の民間情報組織「Xinxi（シンシー）」をめぐる攻防が展開。チョウは、警視庁公安部外事第4課の野崎守（阿部寛）が中国・北京駐在時代に使っていたエージェントの1人だが、実は「ダブルエージェント（二重スパイ）」だったことが明らかになった。 第1シーズンから出演を熱望していた高橋にとって、今回は念願の初参加。福澤克雄監督の演出のもと、海外ロケにも臨んだ。しかし、チョウをめぐる真相は、演じる高橋にもほとんど知らされないまま撮影が進んだという。 ◆海外で体感した「VIVANT」の熱量 ― 第2シーズンからの参加となりました。第1シーズンはどのように見ていましたか？ 「ぜひ参加したいな」とずっと思っていたんです。でも、第1シーズンには参加できなかったので、悔しい思いを抱きながら見ていました。続編はどうなるんだろうと気になっていたところ、海外ロケで大きく展開すると聞いて、「もしかして声がかかったりしないかな」と、ひそかに期待していました。 ― 出演のオファーが届いた時はいかがでしたか？ 本当に声をかけていただいて、しかも海外ロケにも参加できると聞いたので、相当うれしかったです。福澤監督の演出で、海外の撮影現場に入ってみたいという気持ちがずっとあったので、「ぜひやりたい」と思いました。 ― 実際の海外ロケはいかがでしたか？ 海外でのロケは短い滞在でしたが、現地の方々にも参加してもらいながら、ライブ感のある撮り方をするんです。ハプニングもあって、撮影スタッフの皆さんは大変だったと思います。でも、あの空気は実際に現地へ行かないと撮れない画だと感じました。「VIVANT」が人気なのは、そういう細部へのこだわりもあるんでしょうね。 ◆予告の声でバレた？芸能界からも続々と反響 ― チョウとしての登場に驚きの声も上がりました。高橋さんのもとにはどのような反響が届きましたか？ 今回、出演することは言えなかったので、「みんなどういう反応をするんだろう」と楽しみにしていました。ファンの方からは放送前から「出るんじゃないの？」「予告のあの声、光臣さんじゃない？」と言われていて。僕としては、「（小声で）そうなんだよ」って言いたい気持ちでしたけど（笑）。 ― 周囲の方からの反響で、特に印象に残ったものはありますか？ 一番びっくりしたのは、他の仕事でご一緒した方にも「VIVANT」ファンがたくさんいたことです。「チョウは光臣さんじゃないか」と、あちこちからメッセージや連絡が来ました。お笑いコンビ「ラパルフェ」の都留拓也さんからも、すぐに「『THE鬼タイジ』（TBS系）でご一緒だった時、そんなこと一切言ってませんでしたよね！」と連絡が来て（笑）。 芸能界にも「VIVANT」ファンがこんなにいるんだ、第2シーズンもみんな期待して見ているんだと肌で感じました。他の作品ではなかなか経験したことがない反響でしたね。 ◆阿部寛に「大きな安心感がありました」 ― 野崎を演じる阿部さんとは日曜劇場「DCU」以来の共演です。久しぶりにお芝居を交えて、いかがでしたか？ 阿部さんとは、撮影現場でずっと武術の話をしていました。阿部さんも習っていた経験があるので、笑い話をするというより、「うん…大変だよな」ってお互いに分かり合う感じで（笑）。今回また阿部さんとご一緒できたのはうれしかったですし、撮影現場では大きな安心感もありました。 ― チョウを演じるにあたって、意識したことはありますか？ 「二重スパイ（ダブルエージェント）」というワードがすごく好きなんです。二重スパイを描いた香港映画「インファナル・アフェア」（2002年）も大好きなので、ワクワクしました。 ― 中国語のセリフは今回が初めてだったそうですね。 役として中国語を話すのは初めてで、流暢に話せるようにかなり頑張りました。中国語を教えてくださった中国語監修の松尾淳一郎先生が、熱を入れて指導してくださったんです。ロケ先で先生と食事をしていた時、近くの席で中国人のカップルがケンカをしていたんです。日本人だから中国語は分からないだろうと思ったんでしょうね。そこで先生に「中国語、通じますかね？」と聞いたら、「ちょっと言ってみてくださいよ」と言われて。 試しに、第16話でチョウが毛じいさんの屋台で使った「一つ頂戴」っていう中国語のセリフをポロッと言ったんです。そうしたら、それまで話していた女性がピタッと黙って（笑）。「ちゃんと通じているんだ」と実感できたのは、すごく自信になりました。作品全体としても、中国語のクオリティを上げようという熱量はかなり高かったと思います。 ◆自分の役まで考察「出演者ごと驚かす作品」 ― 堺雅人さんが一人三役を演じることにも驚いたそうですね。 びっくりしましたよ！「リュウ・ミンシュエンは誰が演じるんですか？」「堺さんです」「堺さん！？」って（笑）。乃木とF（乃木の別人格）に続いて三役ですから、「ちょっと待って、分かんないぞ」って。撮影現場で聞いても教えてもらえず、福澤監督に聞こうとしても「とにかくやってくれ！」と言われて（笑）。本当に謎を持たされたまま撮影が進んでいくんです。 ― そうした撮影現場も含めて、「VIVANT」の面白さをどこに感じていますか？ 普通なら「あの役は今後こうなるんじゃないか」と他のキャストが演じる役を考察すると思いますが、「VIVANT」では自分の役まで「もしかしたら、まだ…」と考察してしまう。演じている本人にも分からない部分があるんです。そこはすごく特殊ですね。 見ている方はもちろん、演じている僕たちも展開に驚かされる作品なんです。制作陣が、出演者まで驚かせようとしているんじゃないかと思うくらい。僕も出演した人間ですけど、この先の展開は微塵も教えてもらっていません。ですから視聴者の皆さんと同じように、最終回まで楽しみに追いかけていきたいと思っています。 （modelpress編集部） 【Not Sponsored 記事】 modelpress,[],[]
NCT WISH、胸キュンセリフ選手権＆メンバーの本音深掘り「うれしかった言葉」は？【NCT WISHの放課後グランプリ】（モデルプレス）,https://news.yahoo.co.jp/articles/616e9f79bdff80c86402f760a7170889c1cf241d,https://newsatcl-pctr.c.yimg.jp/t/amd-img/20260905-04839530-mdpr-000-1-view.jpg?exp=10800,2026-09-05T12:00:04+09:00,2026-09-05T12:00:04+09:00,モデルプレス,mdpr,モデルプレス,1632,「NCT WISHの放課後グランプリ」（C）テレビ朝日 【モデルプレス＝2026/09/05】6人組グローバルグループ・NCT WISHの地上波初冠番組「NCT WISHの放課後グランプリ」が、9月5日深夜0時よりテレビ朝日（関東ローカル）にて放送される。あわせて、TELASAでは番組と完全連動し、地上波放送終了後から見逃し配信やオリジナルコンテンツを配信する。 【写真】NCT WISHメンバー「姉弟みたい」IVE日本人メンバーとコラボ ◆「NCT WISHの放課後グランプリ」放送スタート 2023年7月から9月にかけて放送されたSM ENTERTAINMENT初のプレデビューリアリティー番組『NCT Universe : LASTART』から誕生し、2024年2月に日本・韓国同時デビューを果たしたNCT WISH。シオン、リク、ユウシ、ジェヒ、リョウ、サクヤの日本人4人・韓国人2人によるグローバルグループとして日本・韓国をはじめアジア各国で人気を博している。彼らにインスパイアされた「ウィッシュコア」という現象も生まれるほど、若者のトレンドを牽引するZ世代のアイコンとして支持を集めている。 7月15日（水）に発売されたJapan Double A-Side Single『YO-I-DON!／BOY MEETS GIRL』は、「平成リバイバル」をテーマにした作品。平成6年のTRFの大ヒット曲「BOY MEETS GIRL」のカバーは、多方面で話題を呼んだ。この最新作のリリースにちなみ、「NCT WISHの放課後グランプリ」ではNCT WISHのメンバーたちが【平成】をテーマにしたスペシャル企画にチャレンジ。シオン＆リョウ、ユウシ＆サクヤ、リク＆ジェヒの3ペアに分かれ、平成の日本で流行した懐かしの遊びやゲームでチーム対抗戦を繰り広げる。 ◆NCT WISH、ベイブレード＆ストリートファイター2に挑戦 メンバーたちが挑戦するのは、現代版ベーゴマ・ベイブレード、そして格闘ゲーム・ストリートファイター2。“相手より長く回る”“相手のコマを外に出す”“相手のコマを破壊”のいずれかを達成すれば勝利となるベイブレードでは各チームが1人ずつを選出し、ガチンコの勝負へ。ユウシvsシオンの対決では、シオンが勝負の前から「もう勝ちました」と余裕の表情。リクvsサクヤでは緊張するサクヤに対し、リクは強気のコメント。そしてジェヒvsリョウの対決ではリョウがジェヒを冷静に分析する。 さらに平成を代表する格闘ゲーム・ストリートファイター2対決では、格闘ゲームに慣れているというシオン、「負けず嫌い」だというジェヒ、ちょっと弱気なリョウ。果たしてメンバー絶叫の展開の結末はいかに…？また、放送ではNCT WISH初となる日本語タイトルの新曲「YO-I-DON!」のパフォーマンスも披露する。 ◆TELASAで未公開ゲーム＆パフォーマンス裏側を配信 放送終了後から配信されるTELASAのオリジナルコンテンツでは、未公開のゲーム対決やTELASAのためのパフォーマンス、収録の舞台裏を公開。平成に流行ったワードを使って胸キュン度を競う「平成の流行語を使って胸キュン選手権」ではまさかの0点メンバーが誕生したり、メンバー同士の本音を引き出す「本音でWISH」では「あるメンバーの第一印象」や「メンバーに言われてうれしかった言葉」などでNCT WISHメンバーの本音を深掘りしたり、と地上波放送とはまた違ったNCT WISHの様子を楽しむことができる。 さらに、最新曲「BOY MEETS GIRL」をTELASAのために特別披露。そのパフォーマンスの裏側も届けられる。リハーサルでの真剣な表情やメンバー同士の仲の良さそうな雰囲気、そして収録後のアフタートークまで配信される。（modelpress編集部） 【Not Sponsored 記事】 modelpress,[],[]
吉川愛、純白ウエディングドレス姿に絶賛の声「眼福」「可愛すぎて見惚れる」（モデルプレス）,https://news.yahoo.co.jp/articles/883316fdd24df04e347e3360b467b37b77ae633a,https://newsatcl-pctr.c.yimg.jp/t/amd-img/20260905-04839659-mdpr-000-2-view.jpg?exp=10800,2026-09-05T11:54:02+09:00,2026-09-05T16:35:17+09:00,モデルプレス,mdpr,モデルプレス,495,吉川愛 【モデルプレス＝2026/09/05】女優の吉川愛が9月4日、自身のInstagramを更新。ウエディングドレス姿のオフショットを公開し、話題を呼んでいる。 【写真】26歳美人女優「可愛い花嫁さん」繊細レースのウエディングドレス姿 ◆吉川愛、ウエディングドレス姿公開 吉川は、自身が主演を務めるテレビ朝日系ミステリードラマ『名探偵のままでいて』が9月4日に最終回を迎えることを報告。「最後まで見届けてくださるとうれしいです」と絵文字をそえてつづり、ドラマのオフショットを複数枚投稿した。 石造りの壁を背景に、ショート丈のベールと胸元に刺繍やレースがあしらわれたドレスにグローブ、白い花のブーケを持ったウエディングドレス姿を披露。ほかにも、エプロン姿や車内でピンクのジャージを着た姿などさまざまな写真を公開している。 ◆吉川愛の投稿に反響 この投稿に、ファンからは「眼福」「可愛すぎて見惚れる」「オフショット嬉しすぎる」「もう最終回なの寂しい」「可愛い花嫁さん」などのコメントが寄せられている。（modelpress編集部） 【Not Sponsored 記事】 modelpress,[],[]
乃木坂46金川紗耶、ミニスカ×ロングブーツで美脚スラリ「スタイルレベチ」「秋コーデ真似したい」と反響（モデルプレス）,https://news.yahoo.co.jp/articles/570d5a3d20e23a20951e595612a1f18a7cfc3d88,https://newsatcl-pctr.c.yimg.jp/t/amd-img/20260905-04839657-mdpr-000-1-view.jpg?exp=10800,2026-09-05T11:39:01+09:00,2026-09-05T11:39:01+09:00,モデルプレス,mdpr,モデルプレス,413,金川紗耶 【モデルプレス＝2026/09/05】乃木坂46の金川紗耶が9月4日、自身のInstagramを更新。ミニスカートを身につけた姿を公開し、話題を呼んでいる。 【写真】24歳乃木坂メンバー「脚のライン綺麗」圧巻美脚際立つミニスカコーデ ◆金川紗耶、美脚際立つミニスカート姿公開 金川は、8月に続き9月もファッションブランド「rienda」のLOOKモデルに選ばれたことを報告し、洋館のような場所で撮った写真を複数枚投稿。ブラウンのトレンチ風ブルゾンにブラウンのプリーツミニスカート、黒いロングブーツを合わせたコーディネートで、スラリとした美しい脚が際立っている。 ◆金川紗耶の投稿に反響 この投稿に、ファンからは「スタイルレベチ」「脚のライン綺麗」「秋コーデ真似したい」「ブラウン似合う」「天使」などのコメントが寄せられている。（modelpress編集部） 【Not Sponsored 記事】 modelpress,[],[]
平手友梨奈、日韓フェス出演キャンセル 喉の不調受け「一定期間の療養と安静が必要」（モデルプレス）,https://news.yahoo.co.jp/articles/ac905e23835f2c0f49d484c200485ada4c4b6e7e,https://newsatcl-pctr.c.yimg.jp/t/amd-img/20260905-04839783-mdpr-000-1-view.jpg?exp=10800,2026-09-05T11:37:38+09:00,2026-09-05T11:37:38+09:00,モデルプレス,mdpr,モデルプレス,1023,平手友梨奈 【モデルプレス＝2026/09/05】女優の平手友梨奈（25）が9月4日、公式サイトを更新。喉の不調により、文化交流音楽フェスティバル「XMF 2026 （Xnterstellar Music Festival 2026）」への出場を見送ることを発表した。 【写真】25歳元欅坂46「左手薬指の指輪に目が行く」27歳イケメン俳優と結婚後の近影 ◆平手友梨奈、日韓フェス出演キャンセル 同サイトでは「先日より喉に不調を感じており、医師による診察を重ねたところ、一定期間の療養と安静が必要であるとの見解を受け」とし「10月4日（日）に出演を予定しておりました『XMF 2026 （Xnterstellar Music Festival 2026）』につきまして、本人・スタッフで協議を重ねましたが、万全のパフォーマンスをお届けすることが困難であると判断し、苦渋の決断ではございますが、出演をキャンセルさせていただく運びとなりました」と報告した。 続けて「出演を楽しみにしてくださっていたファンの皆様、ならびにイベント主催者様・関係者の皆様には、直前でのご報告となり多大なご迷惑とご心配をおかけしますことを、心より深くお詫び申し上げます」と謝罪。「しっかりと治療に専念し、再び万全の状態で皆様にお会いできるよう努めてまいります」とつづっている。（modelpress編集部） ◆全文 いつも平手友梨奈を応援いただき、誠にありがとうございます。 先日より喉に不調を感じており、医師による診察を重ねたところ、一定期間の療養と安静が必要であるとの見解を受け、10月4日(日)に出演を予定しておりました「XMF 2026 (Xnterstellar Music Festival 2026)」につきまして、本人・スタッフで協議を重ねましたが、万全のパフォーマンスをお届けすることが困難であると判断し、苦渋の決断ではございますが、出演をキャンセルさせていただく運びとなりました。 出演を楽しみにしてくださっていたファンの皆様、ならびにイベント主催者様・関係者の皆様には、直前でのご報告となり多大なご迷惑とご心配をおかけしますことを、心より深くお詫び申し上げます。 しっかりと治療に専念し、再び万全の状態で皆様にお会いできるよう努めてまいります。 何卒ご理解を賜りますようお願い申し上げます。 【Not Sponsored 記事】 modelpress,[],[]
4児の母・平愛梨「朝から至福」豪華“ひとりすき焼き”公開「贅沢で憧れる」「味がしっかり染みてそう」の声（モデルプレス）,https://news.yahoo.co.jp/articles/453da68496f28fd9e43e95dc9d5383475c6bdb4d,https://newsatcl-pctr.c.yimg.jp/t/amd-img/20260905-04839655-mdpr-000-1-view.jpg?exp=10800,2026-09-05T11:24:02+09:00,2026-09-05T11:24:02+09:00,モデルプレス,mdpr,モデルプレス,508,平愛梨 【モデルプレス＝2026/09/05】タレントの平愛梨が9月4日、自身のInstagramストーリーズを更新。“ひとりすき焼き”の朝食を公開した。 【写真】サッカー日本代表の41歳美人妻「朝から料亭みたい」1人すき焼きの豪華朝食 ◆平愛梨、“ひとりすき焼き”朝食公開 平は「私の朝ごはん」「ひとりすき焼き」などと記し、器に綺麗に並べられた牛肉としいたけ、豆腐、春菊などの具材の写真を投稿。続けて「久々のすき焼き」「朝から至福タイム」「おいしい」とコメントを添え、それらの具材を入れて作ったすき焼きを公開した。 ◆平愛梨の投稿に反響 この投稿に、ファンからは「朝から豪華」「贅沢で憧れる」「めっちゃ美味しそう」「1人でゆっくり食べるのもいいですよね」「味がしっかり染みてそう」「ボリュームたっぷり」「栄養満点」「朝から料亭みたい」などの声が上がっている。 平は、サッカー日本代表でありFC東京に所属する長友佑都選手と2017年に結婚。2018年に長男、2019年に次男、2021年に三男、2023年に四男が誕生している。（modelpress編集部） 【Not Sponsored 記事】 modelpress,[],[]
WEST.中間淳太、生放送出演「多大な迷惑をおかけして申し訳ないです」（モデルプレス）,https://news.yahoo.co.jp/articles/d6ff80b01f367ae6835d6dd3300c8019af1aad5f,https://newsatcl-pctr.c.yimg.jp/t/amd-img/20260905-04839721-mdpr-000-2-view.jpg?exp=10800,2026-09-05T11:17:50+09:00,2026-09-05T11:20:31+09:00,モデルプレス,mdpr,モデルプレス,565,【モデルプレス＝2026/09/05】WEST.の中間淳太が9月5日、ABCテレビ「教えて！ニュースライブ正義のミカタ」（毎週土曜9時30分～）に生出演。ファンや関係者に謝罪した。 【写真】WEST.メンバー、左手薬指に“指輪”新郎姿で登場 ◆中間淳太「申し訳ないです」 MCの東野幸治から「中間くんもいろいろ大変…」と振られると、中間は「すみません、本当にみなさん」と切り出し「ファンのみなさんには不安と心配、そして関係者のみなさんには多大な迷惑をおかけして申し訳ないです」と謝罪。続けて東野が「発表することがあったらね」と口にすると、中間は「はい、必ずお伝えします」と答えていた。 ◆WEST.、藤井流星＆小瀧望が脱退発表 8月30日、藤井流星と小瀧望がグループを脱退することを発表。2人からグループを離れたいとの申し出があり、メンバー間で話し合いを重ねた結果、「両名の意思を尊重しふたりの決断を受け止めることといたしました」と説明した。なお、藤井と小瀧の脱退時期については現時点で未定。2人は同社に残り、今後もタレントとして活動。WEST.の今後の活動についても協議を続けており、詳細は決定次第、改めて発表される。（modelpress編集部） 情報：ABCテレビ 【Not Sponsored 記事】 modelpress,[],[]
辻希美「毎日同じようなお弁当ですが…」高1長男への手作り弁当に反響「おかずの種類多くて嬉しい」「ブドウの皮むいてるの優しすぎる」の声（モデルプレス）,https://news.yahoo.co.jp/articles/ee37b44db73898ee107badd985c03878ba5552d6,https://newsatcl-pctr.c.yimg.jp/t/amd-img/20260905-04839654-mdpr-000-1-view.jpg?exp=10800,2026-09-05T11:12:03+09:00,2026-09-05T11:12:03+09:00,モデルプレス,mdpr,モデルプレス,574,辻希美 【モデルプレス＝2026/09/05】タレントの辻希美が9月4日、自身のInstagramストーリーズを更新。手作りの弁当を公開した。 【写真】39歳5児のママタレ「ボリュームたっぷり」高1長男への色鮮やか弁当 ◆辻希美、手作り弁当公開 辻は「今週ラスト―！！」とコメントし、手作りの弁当を公開。肉のソテー、ミートボール、鶏のから揚げ、タコさんウインナー、顔の描かれた卵焼き、スパゲッティ、ブロッコリーなど多種のおかずが詰められ、別容器には皮をむいたブドウが添えられており、「毎日同じようなお弁当ですが…ちょっとずつ違いはあるんです」とつづっている。 ◆辻希美の投稿に反響 この投稿に、ファンからは「おかずの種類多くて嬉しい」「ボリュームたっぷりで満腹感ありそう」「ブドウの皮むいてるの優しすぎる」「毎日のお弁当作り尊敬する」「喜びそうなおかずばっかり」などの声が上がっている。 辻は、タレントの杉浦太陽と2007年6月に結婚。同年11月に長女・希空（のあ）、2010年に長男・青空（せいあ）くん、2013年3月に次男・昊空（そら）くん、2018年12月に三男・幸空（こあ）くん、そして2025年8月8日に第5子次女・夢空（ゆめあ）ちゃんが誕生した。（modelpress編集部） 【Not Sponsored 記事】 modelpress,[],[]
「豊臣兄弟！」市役・宮崎あおい、勝家（山口馬木也）の「愛情を感じた」“退場回” 未公開シーン明かす 山口もスタジオで思わず涙（モデルプレス）,https://news.yahoo.co.jp/articles/9fc49713c795cd3a8ffbcd1cd888985ecda3d795,https://newsatcl-pctr.c.yimg.jp/t/amd-img/20260905-04839669-mdpr-000-1-view.jpg?exp=10800,2026-09-05T10:59:28+09:00,2026-09-05T10:59:28+09:00,モデルプレス,mdpr,モデルプレス,1347,宮崎あおい 【モデルプレス＝2026/09/05】女優の宮崎あおい（※「崎」は正式には「たつさき」）が9月4日放送の、NHK総合「あさイチ」（毎週月～金曜あさ8時15分～）にVTR出演。大河ドラマ「豊臣兄弟！」（同局、毎週日曜午後8時～／BSプレミアム・BS4K、毎週日曜午後6時～）で印象に残っているシーンを明かした。 【写真】「豊臣兄弟！」宮崎あおいが「すごく好き」と語った夫婦シーン ◆宮崎あおい「豊臣兄弟！」撮影秘話「すごく愛情を感じた」 この日の番組には、同作で織田信長（小栗旬）の重臣・柴田勝家を演じた俳優の山口馬木也がゲスト出演。勝家の妻・市を演じた宮崎がVTRでサプライズ登場した。 第33話（8月30日放送）では、秀吉（池松壮亮）率いる羽柴軍に追い詰められた勝家と市の最期が描かれ、大きな反響を呼んだ。北庄城へ敗走した勝家を、慣れないながらも食事を用意して迎えた市。勝家が初めて市の作った料理を口にし、2人きりで最後のひと時を過ごしたシーンについて、宮崎は「あそこはすごく好きなシーン」とコメントした。 その理由について、「完成した第33話の中には入ってなかったんですけど、最後（勝家が）お米を一粒ずつお箸で取るんじゃなくて、指でつまんで食べたんですよ。本番のときに。それがすごくグッときて。そこですごく愛情を感じたんですよね」と、本編ではカットされた場面で勝家の愛情を感じていたことを明かした。さらに「まぁ、使われてなかったんですけど」と笑顔を見せながら、「いいなぁと思って。勝家さんの愛を感じる仕草の1つでした」と振り返った。 これを受け、山口は「はぁ〜。お家に帰りたい。噛み締めたい」と漏らし、涙を拭った。市の手料理は決して美味しいと言えるものではなかったが、勝家が「おいしゅうござる」と箸を進める姿が印象的だった。同シーン撮影時には、事前にスタッフへ「なるべくお市様が作ったらこんな味だろうなってことを想像して作ってくれたら嬉しい」と料理への要望を伝えていたという。 山口は「最初の1口でまさにドンピシャで。そこからもうグッと込み上げてくるわけですよ。その横にお市様がいて。僕を見る眼差しであったり、僕は終始堪えてた感じで」と回想。「テストのときから4〜5回くらいこのご飯をいただいたんですけど、全部食べ切って。その場でちょっとでも嘘をつくのが嫌だったんですよ」と語り、勝家に込めた思いが宮崎にも伝わっていたことに「改めて感動した」と感謝の思いを伝えた。 ◆仲野太賀主演大河ドラマ「豊臣兄弟！」 大河ドラマ第65作目となる本作は、戦国時代のど真ん中、強い絆で天下統一という偉業を成し遂げた豊臣兄弟の奇跡、夢と希望の下剋上サクセスストーリーを描く。主人公は天下人の弟・豊臣秀長。歴史にif（もしも）はないものの「秀長が長生きしていれば豊臣家の天下は安泰だった」とまで言わしめた天下一の補佐役・秀長の目線で戦国時代をダイナミックに描く波乱万丈のエンターテインメント。主人公・羽柴小一郎（のちの秀長）を仲野、その兄・羽柴秀吉（のちの天下人・豊臣秀吉）を池松壮亮が演じる。（modelpress編集部） 情報：NHK 【Not Sponsored 記事】 modelpress,[],[]
辻希美の夫・杉浦太陽、手繋ぎショット公開「お相手は辻ちゃん？」「腕の色と太さが尊い」と反響（モデルプレス）,https://news.yahoo.co.jp/articles/9480c5db8e6225cd43f7cb89964813122d8a07c0,https://newsatcl-pctr.c.yimg.jp/t/amd-img/20260905-04839652-mdpr-000-1-view.jpg?exp=10800,2026-09-05T10:57:03+09:00,2026-09-05T10:57:03+09:00,モデルプレス,mdpr,モデルプレス,493,辻希美、杉浦太陽 【モデルプレス＝2026/09/05】俳優の杉浦太陽が9月4日、自身のInstagramストーリーズを更新。手繋ぎショットを公開した。 【写真】辻ちゃん夫「ずっとラブラブ」手繋ぎショット ◆杉浦太陽、手繋ぎショット公開 杉浦は、キラキラとハート付きの笑顔の絵文字を添え、繋いでいる手の写真を公開。たくましい自身の腕とネイルを施しゴールドのブレスレットを付けた妻でタレントの辻希美の腕とみられる手を指を絡ませて繋いでいる路上での写真となっている。 ◆杉浦太陽の投稿に反響 この投稿に、ファンからは「お相手は辻ちゃん？」「腕の色と太さが尊い」「ずっとラブラブで憧れる」「素敵すぎる」「夫婦の時間素敵」などの声が上がっている。 杉浦は、辻と2007年6月に結婚。同年11月に長女・希空（のあ）、2010年に長男・青空（せいあ）くん、2013年3月に次男・昊空（そら）くん、2018年12月に三男・幸空（こあ）くん、そして2025年8月8日に第5子次女・夢空（ゆめあ）ちゃんが誕生した。（modelpress編集部） 【Not Sponsored 記事】 modelpress,[],[]
「Tシャツが乾くまで」咲子（蒼井優）の“変化”が話題「相手に染まるタイプ？」「別人みたい」【ネタバレあり】（モデルプレス）,https://news.yahoo.co.jp/articles/133ddce2a07787384d597cfa11259396a7f0f0c6,https://newsatcl-pctr.c.yimg.jp/t/amd-img/20260905-04839667-mdpr-000-1-view.jpg?exp=10800,2026-09-05T10:50:43+09:00,2026-09-05T10:50:43+09:00,モデルプレス,mdpr,モデルプレス,964,蒼井優、永井花奈「Tシャツが乾くまで」第9話（C）TBS 【モデルプレス＝2026/09/05】女優の蒼井優が主演を務める、TBS系金曜ドラマ「Tシャツが乾くまで」（毎週金曜よる10時～）の第9話が、4日に放送された。瀬尾咲子（蒼井）の運転免許証の写真に注目が集まっている。＜※ネタバレあり＞ 【写真】「Tシャツが乾くまで」“好きな人フィルター”伏線登場シーンの脚本 ◆蒼井優主演「Tシャツが乾くまで」 ある夏の日、主人公・瀬尾咲子が、もう1組の夫婦とともに事故に巻き込まれてしまう。それがきっかけで、当たり前に続いていくと思っていた2組の夫婦の幸せな日常が、突如として崩れ去っていくことに。さらに、その事故が暴いたのは、愛する人の“第3金曜日の秘密”だった。第3金曜日、行方不明、Tシャツ…これらのワードが意味することとは。 ◆「Tシャツが乾くまで」咲子（蒼井優）の免許証に注目集まる この日の放送では、咲子が夫・充（松山ケンイチ）との結婚前に4回の離婚歴があったことを告白。22歳で当時商社マンだった橋爪篤彦（井ノ原快彦）と、25歳でバンドマン、28歳で公務員、29歳で起業家の男性と結婚し、充との結婚が5回目であることを明かした。 同シーンでは、咲子が更新するたびに名字が変わっている自身の運転免許証を用いて、結婚歴を順に説明した。テーブルに並べられた歴代の免許証は、旧姓の「中林」から始まり、「橋爪」「鬼塚」「馬場」「善如寺」と名字が変わっていた。なかでも注目が集まったのが咲子の免許証の写真。最初の結婚時はお団子ヘアが印象的で、2人目のバンドマンの夫との結婚時には、ロングヘアに赤メッシュ、服装もガラリと変わった派手な姿に。また、3人目では薄化粧の黒髪ロングヘア、充と結婚後は明るいピンクとグリーンのトップス姿で落ち着いた雰囲気を漂わせていた。 これを受け、SNS上では「咲子の免許証コレクションが面白すぎる」「並べられると圧巻」「写真の変化がすごい」「別人みたい」「全部可愛い」「ギャップありすぎ」「相手に染まるタイプだったのか」「影響を受けやすい性格が現れてる」「意外な一面にビックリ」などの声が上がっている。（modelpress編集部） 情報：TBS 【Not Sponsored 記事】 modelpress,[],[]
「Tシャツが乾くまで」ラストシーンの“好きな人フィルター”演出に反響相次ぐ「どこまで考えられてるんだ」「余計に切なさを感じる」【ネタバレあり】（モデルプレス）,https://news.yahoo.co.jp/articles/e6764b52b03e1164eaf64f152105e3905a5e2da7,https://newsatcl-pctr.c.yimg.jp/t/amd-img/20260905-04839656-mdpr-000-2-view.jpg?exp=10800,2026-09-05T10:40:32+09:00,2026-09-05T10:52:35+09:00,モデルプレス,mdpr,モデルプレス,1177,蒼井優、中島歩「Tシャツが乾くまで」第9話（C）TBS 【モデルプレス＝2026/09/05】女優の蒼井優が主演を務める、TBS系金曜ドラマ「Tシャツが乾くまで」（毎週金曜よる10時～）の第9話が、9月4日に放送された。ラストシーンの演出に反響が集まっている。＜※ネタバレあり＞ 【写真】「Tシャツが乾くまで」“好きな人フィルター”伏線登場シーンの脚本 ◆蒼井優主演「Tシャツが乾くまで」 ある夏の日、主人公・瀬尾咲子（蒼井優）が、もう1組の夫婦とともに事故に巻き込まれてしまう。それがきっかけで、当たり前に続いていくと思っていた2組の夫婦の幸せな日常が、突如として崩れ去っていくことに。さらに、その事故が暴いたのは、愛する人の“第3金曜日の秘密”だった。第3金曜日、行方不明、Tシャツ…これらのワードが意味することとは。 ◆「Tシャツが乾くまで」咲子（蒼井優）、充（松山ケンイチ）に別れを切り出す この日の放送では、咲子が充（松山ケンイチ）との結婚前に、4回の離婚歴があったことを告白。充は咲子の過去を受け止め、咲子も充の失踪癖を理解し、元通り夫婦生活を送ることを決めた。 しかし、仲睦まじく日常を送りながらも、互いに胸に抱いた不安は払拭できず、気を遣い合うことが増えていく。咲子は充を変わらず大切に思い、好きだという気持ちはありながら、以前のように楽しいと感じられなくなり、頑張って生活を続けていることに気づいてしまう。 そんなある夜、乾燥機を回していると、警告音が鳴る。乾燥機のフィルターが破れていたことが原因だった。咲子は何かを思ったようにその場に立ち尽くす。駆けつけた充は「破れちゃったんだ。部品だけ買えんのかな。メーカーの何か問い合わせしとくね」とフォローし、テキパキと洗濯物を取り出していく。咲子はそんな充の背中に向かって「ありがとう」と伝えると、「今までありがとう。別れよっか」と告げた。 ◆「Tシャツが乾くまで」“破れたフィルター”演出に反響 好きな相手だからこそ見えていなかったことや、見ないで済ませていたこと、都合よく見てしまうことが“好きな人フィルター”として表現されていた本作。初回（7月10日放送）には、乾燥機のフィルターと“好きな人フィルター”がかかった台詞回しも登場し、話題を呼んでいた。 同話のラストで乾燥機のフィルターが破れ、直後に咲子が別れを切り出す展開を迎えたことで、SNS上では「好きな人フィルターも破れちゃったのか」「意味が深すぎる」「初回からの伏線が抜群に効いてる」「気持ちの変化がフィルターで描かれるの天才的すぎ」「余計に切なさを感じる」「どこまで考えられてるんだ…」「すごい脚本」などの声が上がった。（modelpress編集部） 情報：TBS 【Not Sponsored 記事】 modelpress,[],[]
「Tシャツが乾くまで」咲子（蒼井優）の“大きな秘密”続々判明「失踪癖より強烈」「波瀾万丈な人生」【ネタバレあり】（モデルプレス）,https://news.yahoo.co.jp/articles/e3b95fb4bb323d50052d7ca93944cac69dc15cc7,https://newsatcl-pctr.c.yimg.jp/t/amd-img/20260905-04839639-mdpr-000-2-view.jpg?exp=10800,2026-09-05T10:31:17+09:00,2026-09-05T10:52:24+09:00,モデルプレス,mdpr,モデルプレス,1186,蒼井優、永井花奈「Tシャツが乾くまで」第9話（C）TBS 【モデルプレス＝2026/09/05】女優の蒼井優が主演を務める、TBS系金曜ドラマ「Tシャツが乾くまで」（毎週金曜よる10時～）の第9話が、4日に放送された。瀬尾咲子（蒼井）の過去が明かされ、反響が相次いでいる。＜※ネタバレあり＞ 【写真】「Tシャツが乾くまで」秘密が明らかになる前の咲子 ◆蒼井優主演「Tシャツが乾くまで」 ある夏の日、主人公・瀬尾咲子が、もう1組の夫婦とともに事故に巻き込まれてしまう。それがきっかけで、当たり前に続いていくと思っていた2組の夫婦の幸せな日常が、突如として崩れ去っていくことに。さらに、その事故が暴いたのは、愛する人の“第3金曜日の秘密”だった。第3金曜日、行方不明、Tシャツ…これらのワードが意味することとは。 ◆「Tシャツが乾くまで」咲子（蒼井優）、抱えていた“大きな秘密”を打ち明ける 夫・充（松山ケンイチ）の前から姿を消した咲子は、とある海辺で暮らす男・篤彦（井ノ原快彦）のもとに身を寄せ、穏やかな時間を過ごしていた。咲子の居場所を知り、急いで迎えに向かった充は、篤彦が咲子の元夫であることを聞かされ、初めて咲子に結婚歴があったことを知った。 その後、自宅で久しぶりに向き合った咲子と充。過去に結婚していたことを隠していた咲子に、充は「昔、1回結婚してたくらい、別に。ビックリはしたけど」と明るく声をかけ、事実を受け止めた。すると、咲子は神妙な面持ちで、当時商社マンだった篤彦と22歳の頃に結婚したと告白。さらに、25歳でバンドマン、28歳で公務員、29歳で起業家の男性と結婚していたと明かした。「4人とも私からプロポーズして結婚して、別れてほしいって言われて離婚した。夫とか家族ってものに対する理想が高すぎたんだと思う。なのに繰り返すっていう」と続け、充との結婚は5回目だったと説明した。 そして、「黙っててごめん。言えなかったのは充の失踪癖と同じ。初めてこの人を失いたくないって思った。嫌われるのが怖くて黙ってた」と思いを口に。一緒にいたいと思える人と暮らすことに憧れ、人生の味方が欲しくて結婚にこだわっていたと胸の内を吐露し、充は初めて幸せにしたいと思った相手だったと打ち明けた。 ◆「Tシャツが乾くまで」咲子（蒼井優）の過去に視聴者驚愕 今回、咲子が抱えていた“大きな秘密”が明らかになり、視聴者からは「まさかの5回目」「バツ1かと思ったらバツ4だったとは」「次々出てくる」「怒涛すぎて理解が追いつかない」「プチパニック」「咲子の印象がガラリと変わった」「充の失踪癖より強烈」「咲子もかなり波瀾万丈な人生」「隠せていたのがすごい」と驚きの声が相次いでいる。（modelpress編集部） 情報：TBS 【Not Sponsored 記事】 modelpress,[],[]
TUBE、“夏の風物詩”デビュー41年目スペシャルライブ、Leminoプレミアムで配信決定（モデルプレス）,https://news.yahoo.co.jp/articles/e3518eb069e0f0548ca0515db74ef764c8c0efa1,https://newsatcl-pctr.c.yimg.jp/t/amd-img/20260905-04839566-mdpr-000-1-view.jpg?exp=10800,2026-09-05T10:00:02+09:00,2026-09-05T10:00:02+09:00,モデルプレス,mdpr,モデルプレス,1007,"TUBE LIVE AROUND SPECIAL 2026 No TUBE, No Summer. （提供写真） 【モデルプレス＝2026/09/05】Leminoプレミアムでは、10月4日よりTUBEの横浜スタジアム公演「TUBE LIVE AROUND SPECIAL 2026 No TUBE，No Summer.」を配信することが決定した。 ◆TUBEデビュー41年目スペシャルライブ、Leminoで配信 1988年の初開催から通算37回目を数える、TUBE恒例の横浜スタジアム公演の模様を配信。直訳すると「TUBEがいなきゃ夏じゃない！！」という今回のライブタイトルには、夏という季節へのリスペクトと、これからもファンとともに最高の思い出を重ねていきたいという想いが込められている。本公演は、デビュー40年目を彩る40本のホールツアー後に行われる特別なライブとなる。 同会場での歴代公演は、打ち上げ花火や噴水など、野外ならではのダイナミックな演出も含め、夏の風物詩として話題を集めてきた。2025年の公演では前田亘輝（Vo.）が、不動のメンバーで40年活動し続けてきたことや、大勢の観客が“ハマスタ”でTUBEを観てきたことに触れ、これまでの歩みを振り返る一幕も。今年はライブに向けて新曲「3 2 1 Go！Summer」を制作。メンバー自らタオル回しをレクチャーする動画もSNSで公開。ファンと一体となって新たな景色を作り上げる、41年目の熱い夏をLeminoで楽しむことができる。（modelpress編集部） ◆「TUBE LIVE AROUND SPECIAL 2026 No TUBE，No Summer.」配信概要 ＜配信日時＞ 2026年10月4日（日）18：00～配信予定 ＜配信形態＞ Lemino プレミアム ＜作品概要＞ デビュー41年目を迎えたTUBEが、全40本のホールツアーを経て挑む通算37回目の横浜スタジアム公演。「TUBEがいなきゃ夏じゃない！！」を掲げ、ファンとともに最高の思い出を作るべく開催される特別なステージだ。打ち上げ花火や噴水などの野外演出はもちろん、事前レクチャー動画で話題となった新曲「3 2 1 Go！Summer」でのタオル回しなど、会場全体が熱狂に包まれる演出が満載のライブが届けられる。 【Not Sponsored 記事】 modelpress",[],[]
「VIVANT」堺雅人、午前に乃木憂助・午後にリュウ ミンシュエン演じ分け 飯田和孝Pが語る“衰えないエネルギー”「並大抵の作業ではない」（モデルプレス）,https://news.yahoo.co.jp/articles/16b45d1494613e3530dc4ba35dfeaff48843e9df,https://newsatcl-pctr.c.yimg.jp/t/amd-img/20260905-04839646-mdpr-000-1-view.jpg?exp=10800,2026-09-05T09:00:02+09:00,2026-09-05T09:00:02+09:00,モデルプレス,mdpr,モデルプレス,3766,堺雅人「VIVANT」第16話（C）TBS 【モデルプレス＝2026/09/05】毎週日曜よる9時からTBSで放送中の日曜劇場『VIVANT』を、視聴者の反響や考察とともに振り返る「アフターVIVANT」。第16話について、飯田和孝プロデューサーに撮影の裏話や反響を語ってもらった。 【写真】「振り幅がすごい」話題の「VIVANT」最新人物チャート ◆堺雅人主演「VIVANT」 警視庁公安部・外事第4課の野崎守（阿部寛）が、5年前から背負い続けてきた“唯一の失敗”。死なせてしまったはずの部下・リュウ・ミンシュエン（漢字表記：劉銘軒）が、自衛隊直轄の非公認組織「別班」に所属する乃木憂助（堺雅人）と瓜二つの顔で現れた。 乃木と同じ顔を持つ男、本人と見分けがつかない“AI乃木”、そして2つの異なる手がかりが示した場所。5年前に始まった物語が、現在へと1本につながっていく。 ◆「かわいがっていた後輩」の正体 野崎の潜入捜査について語り始めた警視庁公安部の部長・佐野雄太郎（坂東彌十郎）。話は、野崎が中国の日本大使館に駐在していた5年前へさかのぼる。野崎の下で動いていたのは、エージェントのチョウ・ケイシ（漢字表記：張競士／高橋光臣）とリュウだった。第1シーズンで野崎が「可愛がっていた後輩」と語っていたのは、このリュウのこと。そしてリュウを演じるのは、乃木、Fに続いて3つ目の顔を見せる堺だった。 放送後、視聴者からは「強烈なキャラ」と、その存在感を驚く声が。さらに、野崎に向かって「私に、嘘はつかないで！」と感情を爆発させる姿には「鳥肌もの」「カメレオンすぎる」と、乃木や乃木の別人格・Fとはまるで別人のような堺の演じ分けにも注目が集まった。 リュウは野崎に思いを寄せていた。そんなリュウが有益な情報をつかみ、単独で潜入した結果、拘束されてしまう。野崎は傭兵を雇って救出を試みるが、直後に届いたのはリュウの遺体と思しき写真。それが、野崎の語っていた“唯一の失敗”だった。ところが、リュウは生きていた。多国籍の民間情報機関「シンシー」の一員として…。5年ぶりに野崎と向き合ったリュウは、拷問に耐えた日々を振り返る。死を覚悟した瞬間を語りながら、楽しげに問いかける。 「さあ、問題です。私はこの状況から、どうやって生き延びたのでしょうか？」野崎は目を伏せ、何かに気づいたように笑い出す。リュウが生き延びた方法とは？ ◆野崎が別班を追い続けた理由 リュウを失い、帰国した野崎。その前に現れたチョウは、樊林杏（ハン・リンシン／宮下今日子）が「シンシー」の責任者であることを明かし、写真を託す。そこに写っていたのは、研究者のエリシャ・ママドフ（Manaf Dadaşov）だった。エリシャは、核融合を持続させる技術の発明に成功したとされる人物。実用化されれば、世界のエネルギー事情を大きく変えかねない。ここでは別班のスーパーコンピューター・AIハヤト（声・高山みなみ）が、映画『バック・トゥ・ザ・フューチャー』の科学者“ドク”の姿で登場し、「核融合」について解説。情報量は重いのに、ハヤトのなりきりぶりは今回も全開だ。 エリシャはデータを消去した後、7年前に死亡したとされていた。ところが、佐野が別班に提供した資料には、遺体発見から3か月後の姿が残されていた。さらにチョウによれば、樊はエリシャと半年の間に10回以上接触。その一方で、中央アジアで暗躍する国際テロ組織についても調べていたという。その組織こそ、乃木の父・ノゴーン・ベキ（役所広司）が率いていた「テント」だった。 視聴者からも「テントとここでつながるのか！」と驚きの声が。「テント」が、核融合をめぐる新たな謎へつながった。日本の国益を守り、シンシーの実態を探るため、公安部は野崎に潜入捜査を命じていた。野崎は“裏切り者”を装って樊に接近。すると樊が求めたのは「別班」の情報だった。 以来、野崎は別班の痕跡を追い、「テント」を捜査しながら別班員が現れるのを待ち続けていた。そこへやってきたのが乃木だ。なぜ公安の実力者が2年もの間バルカ共和国へ赴任していたのか。第1シーズンから引っかかっていた謎が、ここでついに回収された。一方、現在の乃木たちは、公安部内にシンシーの監視カメラを仕掛けた人物を追う。手がかりが見つからない中、乃木が披露したのは、AIハヤトによって作られた“AI乃木”だった。 画面の中では、本物そっくりの乃木が恋人の柚木薫（二階堂ふみ）とテレビ電話をしている。しかし、そこに本物の乃木はいない。その精巧さは、本編で確かめてほしい。乃木、Fに続いて、今度は“AI乃木”。ちなみに、テントのモニター（協力者）だった山本巧を演じ、TBSラジオ『VIVANT 悪役会議室』に出演中の迫田孝也は「山本5つ子説」を唱えていた。しかし山本は、まだ1人。乃木は早くも3人目だ。果たして、乃木がすでに講じたという“策”にこの技術はどう使われるのか？ ◆乃木とリュウがたどり着いた答え 野崎は、いずれ別班の力が必要になると考え、海外の監視カメラにあえて自らの姿を映していたのではないか。乃木の読みを受け、佐野はある決断をする。シンシーに捕らわれた黒須駿（松坂桃李）ら5人の別班員。その居場所を示す手がかりは、野崎から警視庁サイバー犯罪対策課の東条翔太（濱田岳）へ振り込まれた1億2600万円と1億6000万円に隠されていた。 2つの金額を見つめた乃木は、小さく「π」とつぶやく。金額に円周率を掛けると、浮かび上がったのはゴルバド共和国のとある場所の座標。前話で野崎がバルカの警察官チンギス（Barslkhagva Batbold）に残した「π」の言葉が、ここでつながった。視聴者からも「考察的中！」と沸く声が。あの大金は報酬ではなく、別班員の居場所を知らせる暗号だったのだ。 一方、リュウも別のルートから野崎の動きを追っていた。「本日、第2問目です。まずはこの映像をご覧ください」。リュウが見せたのは、頭巾をかぶせられた5人が、大勢の兵士に囲まれてトラックへ乗せられる映像。さらに、野崎が3日続けて同じレストランへ通い、毎日午後7時ちょうどにトイレへ立っていたことにも目をつける。 トイレの窓の向こうには、世界各地の金相場を流す電光掲示板があった。過去の映像を調べると、そこに紛れ込んでいたのは…「Shaki Castle（シャキ城）」。乃木は送金額に隠された「π」の暗号から。リュウは電光掲示板から。同じ顔を持つ2人が、まったく違う場所で同じ答えへたどり着いた。しかし、リュウが野崎の目的を見抜いたことで、別班員5人はシャキ城から移されてしまう。暗号は乃木に届いた。だが、救出作戦は一気に先の読めない局面へ…。（modelpress編集部） ◆飯田Pが語る第16話の反響と撮影の舞台裏 飯田プロデューサー：第16話のハイライトはやはりリュウ・ミンシュエンとして登場した堺さんだと思います。第1シーズンの第7話、飛行機での乃木さんと野崎さんの会話で「お前によく似てる」というセリフがありましたが、SNSのリアクションを見ても、まさか本当に堺さんが演じると思っていた人は、半々だった印象でした。 そして、リュウが生きているとわかった場面では、編集室で監督やスタッフと一緒に、SNSを追いながら見ていたのですが、反響の多さには驚かされました。確か、「リュウ・ミンシュエン」があっという間にトレンドに入って。それだけ堺さんが作り上げたリュウというキャラクターのインパクトが大きかったんだと思います。 撮影で、乃木とF、そして3人目のリュウを作り上げていった堺さんの演技を近くで見させていただきましたが、乃木とFはしっかりと地上に立って、広い視野で獲物を仕留める印象があるのですが、リュウはなんだか空中を鳥のように浮遊し、かと思ったら急降下して一気に獲物を仕留める獰猛な鳥のような印象があって、それを演じ分けているのですから、並大抵の作業ではないと感じています。 撮影においては、午前中に乃木をやったあと、午後はリュウのシーンを撮影する、なんてこともあったのを記憶しています。しかし、堺さんのエネルギーは衰えることは決してありません。リュウになった堺さんはより軽やかに、野崎さんを翻弄していました。これは、僕の願いでもありますが、乃木とFとリュウ、3人が同じ画面に同時に出現するなんてことにでもなったら、それはもしかしたらドラマ史上初の瞬間かもしれません（笑）。堺さんから怒られそうですよね（汗）。 さて、第16話は、「VIVANTの物語は5年前から始まっていた」というキャッチコピーと共に、過去と現在を繋ぐ太いパイプのようなエピソードでした。そして明日放送の第17話は、第2シーズンの中では、最もエモーショナルなエピソードだと思います。乃木とノコル、乃木と薫、野崎とリュウ、そして奪還を待つ黒須たち別班、キャラクターたちの関係性が密接に描かれ、感情がむき出しになっていく運命のエピソードです。是非、楽しみにしていただきたいです。 【Not Sponsored 記事】 modelpress,[],[]
【風、薫る 第116回あらすじ】りん、シマケンと再会 恵風看護婦会に怪しい男やってくる（モデルプレス）,https://news.yahoo.co.jp/articles/2b5c125b7bd88e65176784f0def222f8df7bd977,https://newsatcl-pctr.c.yimg.jp/t/amd-img/20260905-04838779-mdpr-000-1-view.jpg?exp=10800,2026-09-05T08:15:04+09:00,2026-09-05T08:15:04+09:00,モデルプレス,mdpr,モデルプレス,539,佐野晶哉「風、薫る」第116話（C）NHK 【モデルプレス＝2026/09/05】女優の見上愛と上坂樹里がW主演を務める連続テレビ小説「風、薫る」（NHK総合・毎週月～土あさ8時～ほか）の第116話が、9月7日に放送される。 【写真】「風、薫る」久しぶりにりん（見上愛）のもとを訪れたシマケン（佐野晶哉） ◆見上愛＆上坂樹里W主演「風、薫る」 朝ドラ第114作目となる本作は、明治時代を舞台に、トレインドナースと呼ばれる正規の訓練を受けた看護師である大関和さんと鈴木雅さんをモチーフとして描くバディドラマ。異なる個性を持つ2人のトレインドナースが、様々な困難を乗り越えながら成長し、最強のバディとなって新しい時代を切り開いていく。主人公の一ノ瀬りんを見上が、大家直美を上坂が演じる。 ◆「風、薫る」第116話／9月7日（月）放送 シマケン（佐野晶哉）の突然の来訪に驚くりん（見上愛）。直美（上坂樹里）に呼ばれてりんは仕事に戻るが、環（瀧七海）がシマケンを呼び止める。 卒業後の進路に悩む環はりんの仕事にも興味を持っていて…。そんなある日、恵風看護婦会に怪しい男（三浦貴大）がやってくる。 （modelpress編集部） 【Not Sponsored 記事】 modelpress,[],[]
伊原六花、“人生をおいしく焼き直す”復讐劇でドラマ主演 キーパーソン・Travis Japan七五三掛龍也は料理教室の先生【小麦とバターと復讐と】（モデルプレス）,https://news.yahoo.co.jp/articles/1a90dd83028285bbb00d9a946b86afda2678b5b1,https://newsatcl-pctr.c.yimg.jp/t/amd-img/20260905-04839410-mdpr-000-2-view.jpg?exp=10800,2026-09-05T06:00:03+09:00,2026-09-05T19:23:48+09:00,モデルプレス,mdpr,モデルプレス,2543,伊原六花、七五三掛龍也「小麦とバターと復讐と」（C）カンテレ・テレビ西日本 【モデルプレス＝2026/09/05】カンテレ・フジテレビ系全国ネット「水ドラ★イレブン」枠の新ドラマ「小麦とバターと復讐」が、10月7日よる11時からスタート。女優の伊原六花が主演を務め、物語の中でキーパーソンとなる役としてTravis Japanの七五三掛龍也が共演する。 【写真】トラジャ七五三掛龍也、妹の結婚式でのタキシード姿 ◆「水ドラ★イレブン」10月新ドラマ「小麦とバターと復讐と」 原作は、カンテレがSTUDIO MIXERと共同製作したタテヨミ漫画「小麦とバターと復讐と」。2024年よりLINEマンガなどで配信され、不倫や復讐（ふくしゅう）、タイムリープに加え、人生の再挑戦やピュアな恋愛を描いた人気作が、待望の実写ドラマ化となる。 人気パン教室の先生・野崎ミチル（伊原）は、SNSで注目されレシピ本を出版。結婚2年目の夫・賢人はハイスペックで、夢をかなえ、人生のすべてが順風満帆……のはずだった。しかしある夜、夫の賢人とミチルの助手・杉本カナエの裏切りを目撃。2人にだまされていたことを悟った瞬間、不慮の死を遂げてしまう。目を覚ますと、そこは2年前、賢人にプロポーズされる直前の過去だった。大切なパンのレシピさえ忘れてしまっていたミチルは、復讐と自身の成功を賭けた2回目の人生を歩み始める。そして、2回目の人生で、料理教室の先生・伊能優吾（七五三掛）と再び出会い、高め合っていくうちに――。ミチルは裏切り者たちへの復讐を遂げ、真の幸せを手に入れることができるのか。 ◆伊原六花＆七五三掛龍也、過去に舞台で共演歴あり ミチルを演じるのは、エネルギーあふれる存在感と確かな演技力で数々の作品に出演し、幅広い役柄を演じてきた伊原。本作では、人生を奪われながらも、2回目の人生を力強く生き抜くパン職人を繊細に演じる。また、主人公・ミチルの運命を大きく左右する料理教室の先生・優吾を演じるのは七五三掛。フジテレビ系「ノンストップ！」で料理コーナーを担当する彼が、本作では料理教室の先生役に初挑戦。グループ活動だけでなく俳優としても評価を高める七五三掛が、物語の鍵を握る役どころに挑む。過去に舞台での共演経験を持つ2人だが、ドラマでの共演は本作が初となる。フレッシュな組み合わせが見どころだ。（modelpress編集部） ◆伊原六花コメント 原作や脚本を読ませていただき、入口は「復讐」ですが、単なる復讐劇ではなく、タイムリープやサクセスストーリーの要素もあり、主人公が２回目の人生をどう生き、どう幸せをつかんでいくのか、奮闘する姿がとても魅力的でした。これまでの復讐劇とはひと味違う魅力を持ったドラマだと感じています。演じるミチルは真っ直ぐに生きてきた女性ですが、幸せが一転してしまうので、「幸せでいてほしい！」と願っています。さまざまな展開があるので、「次が楽しみ」と思っていただけるように演じたいと思っていますし、ミチルの1回目と2回目の人生を通して、選択の違いがその後の人生を大きく変えていくことを改めて感じ、日々の選択を大切にしようと思いました。 七五三掛さんとは以前、舞台で共演したことがありますが、2年前よりも数倍キラキラが増えた気もしつつ、穏やかさは変わらないので、非常に心強い存在だなと思っています。ドラマでの共演は初めてなので、一緒に作品を作っていくのが楽しみです。 ◆七五三掛龍也コメント 原作を読ませていただいたのですが、本当に面白くて、「次はどうなってしまうんだろう」「誰を信じればいいんだろう」「タイムリープは主人公だけなの？」と、どんどん引き込まれました。展開のスピード感もありますし、料理やパン作りといった要素も描かれていて、温かさと復讐劇が絶妙にミックスされた作品だと感じました。演じる優吾は誠実で料理の才能もある一方、実はすごく不器用な面もあり、女性の前ではオドオドしてしまう部分もあります。しかし、ミチルと過ごしていく中でどう成長していくかは、見どころの1つです。 僕は「ノンストップ！」での料理コーナーを担当しているので、自分がやってきたことが、こうやって役につながるのはとてもうれしいですし、今は撮影に向けて、さまざまな料理動画をたくさん見ています。伊原さんはオールマイティーで、本当に真面目でストイックな印象です。今回一緒に、しっかりと作品の面白さを届けられるように頑張りたいです。 ◆プロデューサー ・ 近藤匡（カンテレ）コメント 原作のタイトルを初めて目にした時、「キレイな響きだな」と思ったと同時に、そのアンバランスさが醸し出す不穏さに、心がひかれました。この物語は、不倫、復讐というドロっとしたサスペンスを入り口に、タイムリープで主人公が過去に戻り、自分の人生を生き直して幸せを掴んでいく “希望の物語”です。こう書くと「いろんな要素を全部乗せ！」みたいに思われるかもしれませんが、否定はしません。ただ、サスペンスとヒューマンドラマをテンポよく横断して進むこの物語は、きっと見てくれた方をドキドキさせるとともに、心を温めるだろうと信じています。 そんな物語の主人公・野崎（辻岡）ミチルを演じるのは、伊原六花さん。演じる役柄によってコロコロと変わる表情と、真っ直ぐ未来を見据えるような強い眼差しは、まさにミチルです。豊かな感性と表現力を持つ伊原さんが演じるミチルは、まるで友人や同僚にもいそうな雰囲気を醸し出し、ミチルを“魅力的な人間”にしてくれます。さらに、ミチルの料理教室の先生・伊能優吾を演じるのは、七五三掛龍也さん。初めてお会いした際に、原作とドラマ脚本をすでに読み込んでくれていた七五三掛さん。「僕自身、優吾と似ているところがあるかも」と口にされた通り、その優しさと温かさを持った語り口や、どこか儚げなたたずまいは、原作の優吾そのものです。伊原さんと七五三掛さんが演じる魅力的なキャラクター、そして、原作と結末が違う（？）この物語を、ぜひハラハラ、ワクワクしながら見てください！ 【Not Sponsored 記事】 modelpress,[],[]
トラジャ七五三掛龍也、生まれ変わってもアイドルで居たい「今の人生が1番」木村拓哉への憧れに伊原六花も共感【「小麦とバターと復讐と」インタビュー後編】（モデルプレス）,https://news.yahoo.co.jp/articles/4aedfe99dd66a76d162aeff87761ff8b3bd033b6,https://newsatcl-pctr.c.yimg.jp/t/amd-img/20260905-04838869-mdpr-000-1-view.jpg?exp=10800,2026-09-05T06:00:03+09:00,2026-09-05T06:00:03+09:00,モデルプレス,mdpr,モデルプレス,3879,伊原六花、七五三掛龍也「小麦とバターと復讐と」（C）カンテレ／MIXER 【モデルプレス＝2026/09/05】10月7日スタートのカンテレ・フジテレビ系新水曜ドラマ「小麦とバターと復讐と」（毎週水曜よる11時～）で主演を務める伊原六花（いはら・りっか／27）、共演するTravis Japanの七五三掛龍也（しめかけ・りゅうや／31）にインタビュー。再共演での印象の変化や、作品の印象について迫った前編に続き、後編では後悔している過去や、生まれ変わったらなりたいものについて語ってもらった。【インタビュー後編】 【写真】STARTOタレント＆32歳女優、撮影合間のキュン写真 ◆伊原六花主演「小麦とバターと復讐と」 原作は、関西テレビがSTUDIO MIXERと共同製作したタテヨミ漫画「小麦とバターと復讐と」。愛憎渦巻く、タイムリープ復讐サスペンスとなっている。人気パン教室の講師・ミチルは、夫の賢人と弟子・カナエの裏切りを目撃した直後、不慮の事故で命を落とす。しかし目覚めると、2年前、賢人にプロポーズされる直前の過去に戻っていた。ミチルは同じ悲劇を繰り返さないため、失ったパンのレシピを取り戻しながら、裏切った2人への復讐と自分の成功を賭けて二度目の人生を歩み始める。伊原はミチル、七五三掛は料理教室の講師・優吾を演じる。 ◆伊原六花＆七五三掛龍也、戻りたい過去 ― 本作のキーワードの1つでもある「転生」にかけて、もし過去に戻ったときに、やり直したい悔しかったこと、もしくはもう一度体験したい楽しかったことを教えてください。 伊原：悔しかったことで言うと、私すごく失くし物が多くて、携帯やキャリーケースなどを忘れてきてしまい、マネージャーさんに「キャリーケースどうしたんですか？」と言われ、「はっ！置いてきちゃった！」と気づくことが多々あって…（笑）。すごく悲しかったのが、少し良いお値段がするサングラスを海外で買ったことがあって、初めてつけた日に「わー、こんな大人なサングラスつけて！」と気分が上がっていて、その後マネージャーさんにお家まで送ってもらって家に帰ったのですが、サングラスが家で見当たらなかったんです。「あ、またどこかに忘れてきてしまった」と思って、次の日同じ場所に迎えに来てもらったら、そこにバッキバキの姿のサングラスが…（笑）。どこかに引っ掛けたか、車を出て落としたかわからないのですが、そこで落として、そのまま車に轢かれて、次の日私が発見…みたいな感じになってしまって。「あと1歩早ければ…」とすごく悔しかったので、できれば落とす前の車に乗っていた頃に戻れたら、しっかり携えて帰るのになと（笑）！ ― 「その場で音に気づけていたら…」という後悔が残りますよね（笑）。 伊原：本当にそうですね（笑）！絶対にカチャッという音は出してくれていたはずなので、それが悔しいです…。 七五三掛：僕は高校生のときに、頑張ってネックレスを購入したのですが、割と外れやすいネックレスで。家族で海に行って、浮き輪で波に乗っていたら、波が強くて浮き輪から落ちてしまったんです。そのときにネックレスも落ちてしまって…。 伊原：うわあ。 七五三掛：落ちる寸前までは見えたのですが、すぐに次の波が来て見失って、どこかに行ってしまいました…。そのままもう見つからないので、戻りたいです（笑）。 伊原：でもそれはどうしたら良いんでしょうか…（笑）？海に行かない（笑）？ 七五三掛：海に行かないか、つけて行かない（笑）？ 伊原：あー！なるほど！ 七五三掛：それ以降は気をつけるようになりました。あとは外れないものを買う（笑）？ 伊原：良い値段のものを買ったのに外れやすいの嫌ですもんね！ 七五三掛：そう（笑）！ ― お二人とも落とし物のエピソードでしたね（笑）！ 伊原＆七五三掛：そうでした（笑） 伊原：落とし物…戻りたい…。 ◆伊原六花＆七五三掛龍也、生まれ変わったらなりたいもの ― ミチルはタイムリープして二度目の人生を歩みますが、お二人がもし生まれ変わったらなりたいものは？ 伊原：今の私だったらジンベエザメになりたいです（笑）。 七五三掛：（笑）。 伊原：この間ジンベエザメと一緒に泳ぎに行ったのですが、すごくかっこよくて、背中の模様は可愛くて。自由な感じがすごく羨ましいなと思ったので、今パッと思い浮かんだのはジンベエザメでした（笑）。 七五三掛：僕は…生まれ変わったら何になりたいか…。 伊原：人じゃなくても何でも！この時代じゃなくてもいいと思います！ 七五三掛：…でも今の人生が1番良いと思っちゃうというか…。 伊原：ずるい（笑）！ 七五三掛：（笑）。 伊原：何か絞り出してください（笑）！ 七五三掛：うーん、そうだな…。木村拓哉さんになってみたい！ 伊原：あー！確かに皆が思いますよね！ 七五三掛：女性にも男性にも憧れられている存在の大スターなので、やっぱり味わってみたいですね。 ― でも生まれ変わってもアイドルというのが1番なんですね！ 七五三掛：そうですね！やっぱり楽しさや、やりがいをすごく感じるので。 ◆伊原六花＆七五三掛龍也、まだ知らない結末に期待 ― どのようなところに注目してドラマを観てほしいですか？ 伊原：たくさんあります。タイトルにもある通り、復讐というところが入り口ではありますが、割と早々にサクセスストーリーに入っていくというか。1回目の人生の内容を知っているので、そこで出来なかったことを自分の手で新しくしていく中で、1回目の人生の中だったら思いつかなかったアイディアなどがどんどん出てくるんです。私は本を読んで、「今日何を食べようか」「ジムに行ってみようか」「新しい海外に行ってみようか」など、日々選択の中で1回目と2回目で少し選択を変えるだけで、たどり着く先がこんなにも違うんだということに気づかされました。私が日々の選択を大事にしようと思ったように、きっと皆さんもハッとする部分もありつつ、「誰を信じたら良いんだろう」というミステリーさもあって、いろいろな要素があるので、1話を観てもらえたら雰囲気をわかっていただけるのではないかなと今は思っています。 七五三掛：優吾に関して言うと、第一印象としてすごく誠実で優しいというイメージを持つと思うのですが、話が進むにつれて、彼自身もたくさん葛藤があって、その葛藤がミチルと出会って過ごしていく中で、どう前を向き始めるかや、どう成長していくかも見どころの1つかなと思っています。 ― ドラマ放送後にSNSでどのように盛り上がってほしいですか？ 伊原：実は私たちも最終話の結末がまだ分かっていないんです。原作はありますが、ドラマにするに当たり、結末が少し変わる可能性があって。そこがまだ分からないのですが、今の私だったら観終わったときに「ええ！その人が！？」って言うと思います（笑）。 七五三掛：あー！確かに！ 伊原：分かんないですけど（笑）。それも1つあるかなと！ 七五三掛：そこが確かに原作と変わってくる部分かもしれないです。 ― 原作を読んだ方にも驚きがあるんですね！ 七五三掛：うんうん！ 伊原：「うわー！」と「パン食べたいなー」とも思うかも（笑）？ 七五三掛：（笑）。 伊原：分からないな～（笑）。 七五三掛：パンの素晴らしさとか（笑）！ 伊原：「パン素晴らしい！」ってなるかもしれない（笑）。 七五三掛：パンの素晴らしさや、復讐していく様がすごくスカッとするというか、気持ちいいですね！ 伊原：「こういう復讐もあるのか」じゃないですか？ 七五三掛：確かに！ただの復讐じゃないというか。 伊原：「やり返すぞ」という感じではないんですよね！見せつけていくみたいな。結構濃いキャラが出てくるので、楽しみにしていただけたら嬉しいです。 ― ありがとうございました！ （modelpress編集部） ◆伊原六花（いはら・りっか）プロフィール 1999年6月2日生まれ、大阪府出身。2017 年、所属していた大阪府立登美丘高校ダンス部の“バブリーダンス”が注目を集め、2018年に女優デビュー。ドラマ「チア☆ダン」（TBS 系／2018年）で連続ドラマ初出演、「肝臓を奪われた妻」（日本テレビ系／2024年）で地上波連続ドラマ初主演を飾った。近年の主な出演作はNHK連続テレビ小説「ブギウギ」（2023年）、ドラマ「パラレル夫婦」（フジテレビ系／2025年）、「恋愛禁止」（日本テレビ系／2025年）、映画「少年と犬」（2025年）、「栄光のバックホーム」（2025年）など。2026年10月期はドラマ「真田十勇士 SHADOWS OF THE TEN NINJA」（テレビ朝日系）にも出演する。 ◆七五三掛龍也（しめかけ・りゅうや）プロフィール 1995年6月23日生まれ。茨城県出身。2022年10月にTravis Japanとして全世界配信デビュー。2026年は「Jリーグ2026/27シーズンスペシャルアンバサダー」に就任した。俳優としても実績を積み、主な出演作にドラマ「私たちが恋する理由」（テレビ朝日系／2024年）、「私の夫と結婚して」（Amazon Original／2025年）「ぜんぶ、あなたのためだから」（テレビ朝日系／2026年）、映画「ライアー×ライアー」（2021年）などがある。 【Not Sponsored 記事】 modelpress,[],[]
伊原六花、トラジャ七五三掛龍也に2年前に感じた漢な部分 再共演で「数倍キラキラが増えた」【「小麦とバターと復讐と」インタビュー前編】（モデルプレス）,https://news.yahoo.co.jp/articles/49ca95ebc7d9fe848d4d860f151a93b56c21c29b,https://newsatcl-pctr.c.yimg.jp/t/amd-img/20260905-04838868-mdpr-000-1-view.jpg?exp=10800,2026-09-05T06:00:03+09:00,2026-09-05T06:00:03+09:00,モデルプレス,mdpr,モデルプレス,5659,伊原六花、七五三掛龍也「小麦とバターと復讐と」（C）カンテレ／MIXER 【モデルプレス＝2026/09/05】10月7日スタートのカンテレ・フジテレビ系新水曜ドラマ「小麦とバターと復讐と」（毎週水曜よる11時～）で主演を務める伊原六花（いはら・りっか／27）、共演するTravis Japanの七五三掛龍也（しめかけ・りゅうや／31）にインタビュー。舞台「ダブリンの鐘つきカビ人間」（2024年）以来の再共演での印象の変化や、役作りについて語ってもらった。【インタビュー前編】 【写真】STARTOタレント＆32歳女優、撮影合間のキュン写真 ◆伊原六花主演「小麦とバターと復讐と」 原作は、関西テレビがSTUDIO MIXERと共同製作したタテヨミ漫画『小麦とバターと復讐と』。愛憎渦巻く、タイムリープ復讐サスペンスとなっている。人気パン教室の講師・ミチルは、夫の賢人と弟子・カナエの裏切りを目撃した直後、不慮の事故で命を落とす。しかし目覚めると、2年前、賢人にプロポーズされる直前の過去に戻っていた。ミチルは同じ悲劇を繰り返さないため、失ったパンのレシピを取り戻しながら、裏切った2人への復讐と自分の成功を賭けて二度目の人生を歩み始める。伊原はミチル、七五三掛は料理教室の講師・優吾を演じる。 ◆伊原六花＆七五三掛龍也、原作読んで感じた面白さ ― 本作の印象を教えてください。 伊原：題名に「復讐」があって、これまでも復讐に関連した作品に出演させていただいていたので、私は「復讐」にご縁があるのかなと（笑）。いざ原作や台本を読んでみると、入り口は復讐なのですが、結構サクセスストーリーというか、タイムリープという要素も入ってきて、「二度目の人生を自分でどう幸せに生きていこうか」と奮闘していく様が描かれていました。入り口は復讐だとしても、違う見せ方、届け方ができるのではないかなと思います。私自身も原作がすごく面白くて、すぐ読み切ってしまったので、視聴者の皆さんにドラマの展開を楽しみに思ってもらえるように演じたいです。 七五三掛：この作品が決まって僕も原作を読ませていただいたのですが、本当にすごく面白くて「次どうなってしまうんだろう」や「誰を信じればいいんだろう」と気になりました。すごく展開が早いですし、ただの復讐劇ではなく、そこに料理やパン作りというのも入ってきて、温かさと復讐劇がすごく上手くミックスされていて。それを自分が演じるにあたって、「しっかり面白くできるように頑張らないとな」という気持ちになりました。 ― 「小麦とバターと復讐と」というタイトルを聞いたときにどのようなイメージを持ちましたか？ 伊原：復讐だけどどこか柔らかいというか、「この作品はどっちに振っていくんだろう？」というのが第一印象でした。でもページを開けばその答えがすぐに出てくるような作品になっていて、最初は「面白いのかな？」ということをフックにでもいいので、1話目を観ていただきたいです。そうすれば、タイトルの意味や作品の良さがわかるのではないかなと思います。 七五三掛：僕もタイトルを見たときに「この作品、何が起きるんだろう？」というのが最初の印象でした。メンバーでスケジュールを共有しているのですが、そこにこのドラマのタイトルが書かれていて、メンバー全員どういう話なのかすごく気になっていました。 ― メンバーへはどのように説明しましたか？ 七五三掛：まだ言っていません（笑）。「楽しみにしていて！」って（笑）。 ◆伊原六花＆七五三掛龍也、役との共通点 ― 演じる役柄についての印象は？ 伊原：ミチルに関して言うと、読後感的には幸せでいてほしいなと思いました。本当に真っ直ぐ生きていて、パンも好きだけど一般企業に就職して、賢人と結婚して。さらにパン教室の講師になったきっかけは賢人とのバーベキューだったとしても、結果的に自分が作ったパンが広まって、パンを作るという手段も自分で手に入れていたんです。その幸せだったはずの人生が一変してしまうのですが、タイムリープして第2の人生を歩んだときに、割と早々に自分の人生にフィーチャーして、「二度目を歩むなら、さらに良くなるように」と奮闘していて。私もお話を読んでいて「そっちに行ってくれて良かった」というか、「復讐だけに囚われない幸せを探していけるようになって良かったな」と思いました。でもそこからどういう人が惑わせてくるのか、タイムリープは本当に彼女だけなのかなど、いろいろな謎はありますが、最初の印象としては観ている方も「幸せになってほしいな」と思えるようなキャラクターだなと感じました。 七五三掛：優吾はすごく誠実で、何事にも真っ直ぐで、それは料理に対しても誰よりもそうで、才能もあるんです。でも女性慣れしていないなどのすごく不器用な面もあって、しっかりしているところと、少しオドオドしてしまうところのギャップがある人なのかなという風に感じました。 ― お互いの役とシンクロしているなと思う部分を教えてください。 七五三掛：お互いの役はどちらもすごく優しさを持っているなというのを感じています。ミチルの方も「自分が作るパンで誰かが幸せになってくれたら良い」と思っていて、多分復讐を決意した後も、根っこの優しさは変わっていない。そういうところは優吾と通ずるものなのかな。 伊原：あ！私たち本人と役がシンクロしているところですよね…？ 七五三掛：あ、本人と（笑）！？役じゃなくて（笑）？ 伊原：多分私とミチルと、優吾と七五三掛さんです（笑）！ 七五三掛：あー！そういうことか！（少し照れながら）間違えてた（笑）。 伊原：ごめんなさい…、お話の途中で挟んじゃって。 ― とても良いお話聞かせていただきました！ 七五三掛：伊原さんとミチルがということですよね！自分の芯や軸を持っているところが似ているかなと思います。 伊原：優吾は漫画のビジュアルを見ていても品がある感じで、歩くとキラキラが後ろについてくるみたいな（笑）。その爽やかさ、優しさ、誠実さが溢れ出ている感じがすごく共通しているのではないかなと思って、七五三掛さんが優吾を演じることに納得でした。 ◆伊原六花＆七五三掛龍也、役作りの意識 ― 伊原さんはパン教室の講師、七五三掛さんは料理教室の講師役ですが、役どころのために準備していることは？ 伊原：私にとってパン屋さんは、特に女の子が1回はなりたいと思うだろうなというくらい、ジュエリーショップと同じように、入るとワクワクして、目移りしてしまう感じがすごく大好きなんです。撮影に向けて、これからパンの練習が始まってくるのですが、子どもの頃からプライベートでもパンを作っているので、これからの練習が楽しみなのと、一旦練習とは別に、マネージャーさんとチーフマネージャーさんと3人でパン教室に行こうという話をしています。そこから詰めていけたらなと思っています。 ― ちなみにどんなパンを作られてきましたか？ 伊原：毎年年始に何かを作っているのですが、子年のときにねずみのあんパンと“2020”という数字を作ったり、巳年のときにはパイ生地で“2025”を作ったりしました。 ― 七五三掛さんは役作りについていかがですか？ 七五三掛：優吾は料理講師なので、食材の切り方や持ち方など、料理が上手なことが自然と手元に現れると思うので、そういう部分をしっかり意識しようと、今はいろいろな動画をたくさん観ています（笑）。 伊原：大事（笑）！ ― 「ノンストップ！」（フジテレビ系）内のコーナー「めざせ！料理アイドル 七五三掛kitchen」など、料理に関するお仕事もされていますが、料理講師という役を聞いたときはどのように感じましたか？ 七五三掛：自分が活動してきたことが役に繋がるというのがすごく嬉しかったですし、また1歩成長できるのかなと思っています。 ― お二人ともダンスにも卓越されていますが、「極める」という意味で、ダンスとパン作りや演技は共通しているところはありますか？ 伊原：あると思います！ダンスをやっていて良かったなと思うことがたくさんあって、お芝居でも動きをつけて覚える方が、いざ現場に行って立ちながらお芝居をしたときにアイディアが出てきて。パン作りも朝早くて重いものを運ぶ体力勝負だと言われているので、体を動かすという意味では共通点がありそうです！ 七五三掛：そうですね！僕も振り付けを作ることがあるのですが、そのときも頭で考えるより動いた方が早く思いつくというか。 ― 料理をするときも？ 七五三掛：そうですね！ 伊原：確かに！1回フライパンさばきを覚えたら、手首の振り付けと思えば良いですもんね（笑）！ 七五三掛：そう（笑）！調理工程を見るより、とりあえずチャレンジしてみた方が覚えるタイプです。 伊原：すごいです！ ◆伊原六花＆七五三掛龍也、前作共演時と変わらない印象 ― お二人は「ダブリンの鐘つきカビ人間」で共演されています。当時の印象と、今回再共演が決まったときの感想を教えてください。 伊原：七五三掛さんの第一印象として華やかさが1番に出てくると思うのですが、前回一緒に撮り下ろし撮影などをする中で、お芝居に対しての誠実さをすごく感じて。誰かが何かをやったから「じゃあ次、僕もこうしてみよう」ではなく、1番最初に何でもできる方で、台本を覚えるのも1番早かったですし、アクションを自分から起こされていました。だから漢を感じるなというのはすごくあって、ずっと良い印象です。 今回またご一緒させていただくことになり、華やかさという意味では数倍キラキラが増えた気もしつつ、穏やかさは変わらなくて。舞台とドラマでのお芝居はまた変わってくると思いますが、心強い七五三掛さんがいるので、一緒に良いドラマを作っていけたらなと楽しみです。 七五三掛：前に共演させていただいたときはミュージカルだったのですが、本当に真面目でストイックで、歌もダンスもお芝居もできて、すごくオールマイティな方だなという印象がありました。今回久しぶりに再会して、その印象は変わらないのですが、より一層それが強まったというか。まちゅ（松倉海斗）などのメンバーとも共演されていたので、本当にいろいろな作品に出ていらっしゃるイメージが強いです。 ― 「ダブリンの鐘つきカビ人間」もしくは本作でお二人が打ち解けたきっかけは？ 七五三掛：昨日久しぶりにお会いして… 伊原：まだ話したことといえば… 七五三掛：…「おはようございます」（笑）？ 伊原：「おはようございます」（笑）と、あとゲームの…何でしたっけ…？ 七五三掛：（スーパー）ボンバーマン？ 伊原：あ！ボンバーマンを最近やっているという話だけですね、まだ（笑）。 ― 伊原さんもやられているんですか？ 伊原：いや、私はやっていなくて、七五三掛さんが「ピンク色でやっています」と（笑）。私は「あ、そうなんですね～」というだけです（笑）。 七五三掛：話しながら写真を撮るときに、伊原さんが「何にハマっているんですか？」と聞いてくれて、僕が「ボンバーマンです」って（笑）。 伊原：のみです（笑）。 ― これからですね！ 伊原＆七五三掛：そうですね！ ◆伊原六花＆七五三掛龍也、現場で楽しみにしていること ― 現場で楽しみにしていることを教えてください。 伊原：私は「パンをどれだけ食べられるんだろう」ということです（笑）。原作とは違う種類のパンが出てくることもあるのですが、「きっといいニオイの現場なんだろうな」と思っています。シーン的には出来立てのパンを私がたくさん食べるというよりかは、人にあげたり売ったりとかが多いのですが、どうにか隙を見て美味しいパンを食べようという気持ちです（笑）！それが楽しみです。 七五三掛：撮影終わったら食べられそうですよね！ 伊原：そうですよね！だから余っているのをピピッともらって、食べようと思っています（笑）。 七五三掛：優吾は料理が上手なので、包丁さばきなどの手元をどういう風に撮っていくかがすごく楽しみです。だから練習頑張ります！ ★後編では後悔している過去や、生まれ変わったらなりたいものについて聞いた。 （modelpress編集部） ◆伊原六花（いはら・りっか）プロフィール 1999年6月2日生まれ、大阪府出身。2017 年、所属していた大阪府立登美丘高校ダンス部の“バブリーダンス”が注目を集め、2018年に女優デビュー。ドラマ「チア☆ダン」（TBS 系／2018年）で連続ドラマ初出演、「肝臓を奪われた妻」（日本テレビ系／2024年）で地上波連続ドラマ初主演を飾った。近年の主な出演作はNHK連続テレビ小説「ブギウギ」（2023年）、ドラマ「パラレル夫婦」（フジテレビ系／2025年）、「恋愛禁止」（日本テレビ系／2025年）、映画「少年と犬」（2025年）、「栄光のバックホーム」（2025年）など。2026年10月期はドラマ「真田十勇士 SHADOWS OF THE TEN NINJA」（テレビ朝日系）にも出演する。 ◆七五三掛龍也（しめかけ・りゅうや）プロフィール 1995年6月23日生まれ。茨城県出身。2022年10月にTravis Japanとして全世界配信デビュー。2026年は「Jリーグ2026/27シーズンスペシャルアンバサダー」に就任した。俳優としても実績を積み、主な出演作にドラマ「私たちが恋する理由」（テレビ朝日系／2024年）、「私の夫と結婚して」（Amazon Original／2025年）「ぜんぶ、あなたのためだから」（テレビ朝日系／2026年）、映画「ライアー×ライアー」（2021年）などがある。 【Not Sponsored 記事】 modelpress,[],[]
ACEes深田竜生、浮所飛貴らと涙のクランクアップ「至らない部分もたくさんあったと思います」【夏色の雲が恋と嵐をまきおこす】（モデルプレス）,https://news.yahoo.co.jp/articles/645fe75e009a88f1f59ba557398c0242ff0bb363,https://newsatcl-pctr.c.yimg.jp/t/amd-img/20260905-04839645-mdpr-000-2-view.jpg?exp=10800,2026-09-05T06:00:02+09:00,2026-09-05T17:42:41+09:00,モデルプレス,mdpr,モデルプレス,2845,深田竜生、浮所飛貴（提供写真） 【モデルプレス＝2026/09/05】ジュニア5人組アイドルグループ・ACEesの深田竜生が連続ドラマ単独初主演を務めたテレビ朝日系オシドラサタデー「夏色の雲が恋と嵐をまきおこす」（毎週土曜よる11時～）。このたび、深田、ACEesの浮所飛貴をはじめとする豪華キャストたちが揃ってクランクアップした。 【写真】STARTOイケメン、メンバーとキス寸前 ◆深田竜生主演「夏色の雲が恋と嵐をまきおこす」 8月29日（土）に放送された第8話では、主人公の高校3年生・武宮夏輝（深田）が、姉・莉緒（田辺桃子）らとともに母・十和子（羽田美智子）と父・悟郎（井上肇）のサプライズ銀婚式を計画し、大成功。さらに、模試の成績がアップした夏輝は、家庭教師・小早川蒼汰（浮所）と初めての“ご褒美デート”へ。テニスや、プリントシール、カフェ…夏輝と蒼汰が幸せな時間を過ごしたデートの様子に、視聴者も興奮。SNSでも「ハッピーな話題に溢れていて幸せ」「テニスデート可愛すぎる」「そうなつデート回最高」など盛り上がりを見せていた。 今夜の最終章（第9話）では、夏輝と蒼汰が仲良く撮影したプリントシールを偶然発見し、2人の間に漂う幸せな空気感に気づいてしまった父・悟郎が、「家庭教師は終わりだ」と突然の宣言。悟郎の真意がわからず、戸惑う夏輝…。そんな中、姉・莉緒だけでなく、母・十和子も自分の気持ちを受け止め、最大の味方でいてくれていることを知り、夏輝は思わず涙して…。 夏輝は、ついにある決意をして…。ところがそこへ蒼汰も現れ？なんと、ラストには2人の未来を揺るがす“衝撃の展開”が待ち受けていて――？最大級の試練が訪れる最終章（第9話）。ひと時も目が離せない展開となっている。 ■深田竜生＆浮所飛貴、涙をこらえながらあいさつ 約2カ月半にわたる猛暑の中での撮影を走り抜け、深田、浮所をはじめ、武宮家の面々を演じた田辺、羽田、井上、サモエド犬の有楽が揃って撮了。セレモニーではまず深田から有楽にオモチャが贈られ、喜ぶ様子にみんながほっこり。その後、それぞれに花束が贈られたが、さらに深田には撮影日誌、浮所には特製アルバムとスタッフキャストが内緒で作ったものもプレゼントされ、2人は驚きながらも感激していた。 深田は途中で感極まって涙をこらえ言葉を詰まらせつつ、「僕自身、単独初主演ということもあり、慣れないことや至らない部分もたくさんあったと思います。そんな中で、スタッフの皆さん、キャストの皆さんに本当にたくさん支えていただき、初めての連ドラ主演がこの作品、この現場で本当によかったと心の底から思っています！」と撮影を完走できたことへの感謝を語った。 そして、浮所も涙を浮かべながら、「本当にいい方々ばかりで、現場が毎日すごく楽しかったです。スタッフの皆さんの温かさにも、何度も救われました」と撮影を振り返り、「夏輝、忙しい中、ひと夏を一緒に乗り越えてくれて本当にありがとう！」と同じグループのメンバーであり、ともに奮闘した深田への感謝の気持ちを伝えた。 田辺は「こんなにも家族のように大切に思いながら演じられる機会はなかなかないので、私にとってもすごく思い出に残る現場になりました」、羽田は「武宮家が初日から本当の家族のようで、温かくて幸せな時間でした。本当に私、この家族が大好きです」と心境を明かし、井上も「最高の現場でした。このままこの家族がずっと続いていけばいいのに、と思ってしまうほどです」と語り、武宮の絆、そしてグループの絆の深さを感じさせる、涙と笑顔に包まれた感動のオールアップとなった。（modelpress編集部） ◆クランクアップ コメント ＜深田竜生（武宮夏輝・役）＞ 僕自身、単独初主演ということもあり、慣れないことや至らない部分もたくさんあったと思います。そんな中で、スタッフの皆さん、キャストの皆さんに本当にたくさん支えていただき、初めての連ドラ単独主演がこの作品、この現場で本当によかったと心の底から思っています。 毎日が刺激的で、皆さんのお芝居から多くのことを学ばせていただきました。そして何より、お芝居のことが以前よりもさらに大好きになりました。本当に最高に楽しかったです。これからももっとお芝居を磨いて、また皆さんと同じ現場に立てるよう、精進してまいります！ ＜浮所飛貴（小早川蒼汰・役）＞ 本当にいい方々ばかりで、現場が毎日すごく楽しかったです。スタッフの皆さんの温かさにも、何度も救われました。お母さん、美味しい料理をたくさん作ってくださって、本当にありがとうございました。お父さん、理由はよくわかりませんでしたが、誕生日にLEDライトをありがとうございました（笑）。莉緒ちゃんは、最初に台本を読んだとき、彼女なのかなと思っていました（笑）。そして夏輝、忙しい中、ひと夏を一緒に乗り越えてくれて本当にありがとう！ ＜田辺桃子（武宮莉緒・役）＞ こんなにも家族のように大切に思いながら演じられる機会はなかなかないので、私にとってもすごく思い出に残る現場になりました。何より、スタッフの皆さん、キャストの皆さんが集まって、ワイワイしながら撮影できたことが本当に楽しかったです。ありがとうございました！ ＜羽田美智子（武宮十和子・役）＞ 人が人を好きになる、というテーマのドラマですが、私自身もこの現場で皆さんのことが大好きになりました。スタッフの皆さんも、夏輝と蒼汰の青春の物語を丁寧に、そして美しく撮ろうとしてくださっていて、現場に来るたびに、皆さんからたくさんの愛と優しさを学ばせていただきました。武宮家は初日から本当の家族のようで、「この現場がずっと続けばいいのに」と思うほど、温かくて幸せな時間でした。本当に私、この家族が大好きです！ ＜井上 肇（武宮悟郎・役）＞ 2カ月間、本当にあっという間でした。スタッフの皆さんは温かく親切で、キャストの皆さんとお芝居をする時間も本当に楽しく、最高の現場でした。このままこの家族がずっと続いていけばいいのに、と思ってしまうほどです。本当にありがとうございました。 ◆第9話（9月5日放送）あらすじ 高校3年生の武宮夏輝は突然、父・悟郎から、家庭教師・小早川蒼汰の授業を受けるのはもう終わりにしろと言われ、わけがわからず戸惑う。実は、夏輝と蒼汰が仲良く撮ったプリントシールを偶然見てしまった悟郎は、2人をとりまく幸せな空気に感づき、どうしたら良いか分からなくなってしまっていたのだ。 悟郎の態度が急に変化した事に嫌な予感を覚えた姉・莉緒と母・十和子は、夏輝に心当たりがないかたずねるが…？夏輝は蒼汰に、家族の様子を相談。蒼汰から「一緒に考えよう」と言ってもらうものの、なかなか答えを見つけられずにいた。そんな中、夏輝はある決意を固めて――。 【Not Sponsored 記事】 modelpress,[],[]
